"","cluster","gene","Mass_estimate","Mass_summary_p.value","Mass_summary_q.value"
"1",25,"LOC129348986",0.00119961356836953,0.791605201190906,0.997363418139039
"2",25,"trip4",-0.00110798293678343,0.814404860041166,0.997363418139039
"3",25,"cln6a",-0.00375071153974919,0.245745128046668,0.990065078286043
"4",25,"LOC118470268",0.0019879118008941,0.0129088484331258,0.811535974992135
"5",25,"rps17",0.00167984440516741,0.285023056821991,0.990065078286043
"6",25,"csnk1g1",-0.00368112249216945,0.041175827021603,0.825068516318458
"7",25,"LOC111571203",0.00105844850032538,0.664970177584928,0.997363418139039
"8",25,"neo1a",-0.00106233815063197,0.689805217033426,0.997363418139039
"9",25,"LOC111567962",-0.00503530078558782,0.175882544464863,0.990065078286043
"10",25,"bbs4",0.00198324049898483,0.519144077815764,0.997363418139039
"11",25,"scamp2l",-0.000120006475802249,0.939259688553539,0.998607408853002
"12",25,"myo9aa",-0.00259989295646509,0.0648694930328649,0.869097537705332
"13",25,"LOC111580711",0.000397770915466444,0.862397851984813,0.997363418139039
"14",25,"anp32a",-0.00151102708047432,0.172326826952411,0.989728643862784
"15",25,"coro2ba",0.000403588453218645,0.923324069917077,0.998213961771008
"16",25,"LOC111564416",0.000655346198946685,0.421238411365262,0.996463890020745
"17",25,"cpeb1b",-0.00502948549779253,0.00733259815367576,0.811535974992135
"18",25,"LOC111564421",-0.000851221192187772,0.560845237333585,0.997363418139039
"19",25,"LOC111564418",0.000339205318972308,0.71966483209103,0.997363418139039
"20",25,"LOC111564410",0.00173072578833276,0.265023114726358,0.990065078286043
"21",25,"cars1",0.000779700127816065,0.712289155578693,0.997363418139039
"22",25,"arfgap2",-0.00156050940591277,0.66881996097562,0.997363418139039
"23",25,"glceb",0.00326285703109414,0.691805684056008,0.997363418139039
"24",25,"tle3b",-0.0018566138117891,0.502736183622129,0.997363418139039
"25",25,"LOC111564639",-0.00133246480088743,0.527462662780997,0.997363418139039
"26",25,"pias1a",-0.00108835394636247,0.586626785439136,0.997363418139039
"27",25,"skor1a",0.00085090503057279,0.572235287524374,0.997363418139039
"28",25,"map2k5",0.00142933658422821,0.67785268496802,0.997363418139039
"29",25,"slc39a1",-0.000276383109428906,0.82571838763391,0.997363418139039
"30",25,"LOC111565738",-0.00216103622046834,0.261768983497422,0.990065078286043
"31",25,"bloc1s6",0.00144815025143793,0.369050892970609,0.990313911305458
"32",25,"slc30a4",-0.0009999811045641,0.41604497113141,0.996463890020745
"33",25,"LOC111565744",0.000178041069967772,0.787445783002089,0.997363418139039
"34",25,"dtwd1",0.000543648525650934,0.778328174261366,0.997363418139039
"35",25,"cops2",0.0015917908436853,0.369501290949635,0.990313911305458
"36",25,"secisbp2l",0.00169112829115885,0.241515628146645,0.990065078286043
"37",25,"dut",0.00139754981349143,0.246652809539659,0.990065078286043
"38",25,"slc12a1",-0.000850171812004921,0.6615824583005,0.997363418139039
"39",25,"ctxn2",0.0018054019269378,0.209805431128585,0.990065078286043
"40",25,"myef2",0.000638743319601822,0.822102893875772,0.997363418139039
"41",25,"LOC118470001",0.000219735547614211,0.804639996834018,0.997363418139039
"42",25,"dmxl2",0.0031206599032982,0.37970129108023,0.992485462026592
"43",25,"LOC111565746",-0.000663069486981598,0.532797817363226,0.997363418139039
"44",25,"tnfaip8l3",-0.000453057737792293,0.551611994066713,0.997363418139039
"45",25,"scg3",-0.00259700639518171,0.35706915194677,0.990065078286043
"46",25,"leo1",0.00150897617817349,0.317646571433034,0.990065078286043
"47",25,"mapk6",0.000690461630760763,0.847988353652899,0.997363418139039
"48",25,"LOC118471234",-0.000247221964281329,0.845380382584694,0.997363418139039
"49",25,"usp8",0.00229715345389473,0.133026129352158,0.946926652021974
"50",25,"pde8a",-0.00284495706431587,0.430018319733323,0.996463890020745
"51",25,"LOC111563916",0.00328122482630996,0.194712873940907,0.990065078286043
"52",25,"LOC111563893",-0.000926088788667912,0.515118097646425,0.997363418139039
"53",25,"homer2",-0.00109072991056047,0.407073620595838,0.996463890020745
"54",25,"LOC111567331",-0.00290521510971314,0.085108734001317,0.881323337618901
"55",25,"zrsr2",-0.00131198683757245,0.328863945468527,0.990065078286043
"56",25,"LOC111567330",0.00113657691398567,0.451193030774429,0.996880727735754
"57",25,"phka2",-0.000754787725959513,0.83294787444924,0.997363418139039
"58",25,"ppef1",-0.00125458898187097,0.552170528324802,0.997363418139039
"59",25,"rs1a",0.000257634334315856,0.780411863449873,0.997363418139039
"60",25,"cdkl5",0.00313406695839878,0.323903117712909,0.990065078286043
"61",25,"scml2",0.00217191294738221,0.220883166578468,0.990065078286043
"62",25,"nhsb",0.000769239443610042,0.85043328186283,0.997363418139039
"63",25,"ace2",0.000398231826588679,0.769174668666477,0.997363418139039
"64",25,"tmem39a",0.000356604327445824,0.80010639868433,0.997363418139039
"65",25,"LOC111564828",-0.000770418415031308,0.782497040227487,0.997363418139039
"66",25,"LOC111564831",-0.000714365835152249,0.751467690680862,0.997363418139039
"67",25,"stk16",-0.00126374530540609,0.487394990149111,0.997363418139039
"68",25,"mnx2b",-0.000846507272220551,0.372652770073664,0.990398034861638
"69",25,"atic",-5.36889850631628e-06,0.99619322292898,0.999223513981536
"70",25,"psmd14",0.00129507076982406,0.462298968114614,0.997363418139039
"71",25,"rbms1a",-0.00380380574976905,0.163931537350592,0.982864542353922
"72",25,"marchf7",-0.00169980762545419,0.079480508222012,0.871360915888879
"73",25,"baz2ba",-0.00132202027564244,0.615750333160529,0.997363418139039
"74",25,"LOC111564834",-0.00135440102891853,0.518625694059068,0.997363418139039
"75",25,"gtf2f2a",0.00034308040176829,0.901543637515994,0.998213961771008
"76",25,"gpalpp1",0.000966491565954009,0.0897580998279665,0.8851054221017
"77",25,"ercc3",-0.00213540499724447,0.198282537618405,0.990065078286043
"78",25,"rbm26",0.000157096282574435,0.936567757270538,0.998607408853002
"79",25,"LOC129349311",-0.00251320366109538,0.387698331086851,0.99604104921104
"80",25,"LOC111562565",-0.00362785211772227,0.669916914796738,0.997363418139039
"81",25,"LOC111562524",-0.000124549420841068,0.878350683963403,0.997890690913835
"82",25,"tdrd3",0.00111219330262065,0.458125692803938,0.997363418139039
"83",25,"pcdh17",-0.00329429954682082,0.483280097441664,0.997363418139039
"84",25,"lims1",-0.000149111496575898,0.884718377450013,0.998213961771008
"85",25,"LOC111562382",-0.00263151641648642,0.312912385592089,0.990065078286043
"86",25,"cul4a",-0.000281500094003285,0.787010429680111,0.997363418139039
"87",25,"lamp1a",0.000185274096987246,0.899795087133758,0.998213961771008
"88",25,"dcun1d2b",0.00053404268704351,0.666975112757071,0.997363418139039
"89",25,"tmco3",-0.000307110322976676,0.91678122825841,0.998213961771008
"90",25,"gas6",0.000690637255148966,0.455734377416562,0.997363418139039
"91",25,"rasa3",-0.00183024971755302,0.766895610561886,0.997363418139039
"92",25,"tpp2",-0.000133941534144848,0.972254675818947,0.999223513981536
"93",25,"ercc5",-0.000230756064071688,0.748352758476548,0.997363418139039
"94",25,"mrpl16",-0.000153137676880699,0.928894629900975,0.998213961771008
"95",25,"gpc5a",0.0002945151785728,0.924988767651379,0.998213961771008
"96",25,"gpc6a",0.0012203669780517,0.861161314511737,0.997363418139039
"97",25,"arl6",0.00184239058555758,0.401094658775757,0.996463890020745
"98",25,"LOC111565060",0.00538563883730549,0.362853439745877,0.990065078286043
"99",25,"LOC111565057",-0.000396487501314136,0.774550091511399,0.997363418139039
"100",25,"rrad",-0.00221689061753502,0.196327822664457,0.990065078286043
"101",25,"ca7",-0.000375915157748421,0.439461639169662,0.996463890020745
"102",25,"nae1",-0.000392674899133182,0.570948781903688,0.997363418139039
"103",25,"dync1li2",0.000850888710054703,0.73509502489478,0.997363418139039
"104",25,"cmtm3",0.0017788799627377,0.152067809426523,0.970457061385761
"105",25,"trappc2l",-0.000866159107915124,0.563311401711507,0.997363418139039
"106",25,"pabpn1l",0.000889585081791064,0.663392476421625,0.997363418139039
"107",25,"cbfa2t3",0.00106913983752965,0.771863888385204,0.997363418139039
"108",25,"spg7",-0.000978636462945605,0.0711010984579426,0.869550081520816
"109",25,"ankrd11",-0.0027665594618211,0.556394431392076,0.997363418139039
"110",25,"LOC111580049",0.000994775342948893,0.58210406934101,0.997363418139039
"111",25,"hp",-0.00182381377575555,0.0509507151292335,0.84618751263396
"112",25,"dhodh",-0.00222319330059371,0.0669778664540889,0.869550081520816
"113",25,"ist1",-0.000281636147684418,0.803267268790588,0.997363418139039
"114",25,"LOC111580055",0.000244462302881114,0.920351843669744,0.998213961771008
"115",25,"rplp2l",-0.00587223968684745,0.0645900634228719,0.869097537705332
"116",25,"lin7c",-0.000278908441883217,0.913043961181848,0.998213961771008
"117",25,"kif18a",-0.000402389386184405,0.780799402759448,0.997363418139039
"118",25,"mettl15",0.000451094590026303,0.813591754795401,0.997363418139039
"119",25,"lgr4",-0.00359807122915052,0.183712840194382,0.990065078286043
"120",25,"tmem276b",0.000289656140842427,0.936719959073488,0.998607408853002
"121",25,"slc17a6b",-0.00474666945075756,0.113650626291401,0.921820201924075
"122",25,"ano5b",-0.00146195864477477,0.768900521135558,0.997363418139039
"123",25,"igdcc3",-0.000118255052954072,0.962236066321402,0.998789723674583
"124",25,"LOC129349470",0.00117283398774341,0.287449689088901,0.990065078286043
"125",25,"eif3jb",0.000283676619795857,0.945634647263778,0.998607408853002
"126",25,"strc1",0.00011447291178972,0.904731201986823,0.998213961771008
"127",25,"ctdspl2b",-0.00618691897530295,0.0199960265744727,0.811535974992135
"128",25,"golm2",0.00201484926575478,0.616950464924656,0.997363418139039
"129",25,"fam189a1",0.000101929660470896,0.98656890157736,0.999223513981536
"130",25,"tjp1a",0.000929320434399508,0.870430379249866,0.997363418139039
"131",25,"sord",-0.000316936891936421,0.716533112419589,0.997363418139039
"132",25,"apba2b",-0.000344823267610045,0.930451005584318,0.998213961771008
"133",25,"syt7b",-0.00627243902059441,0.320338492361581,0.990065078286043
"134",25,"sdhaf2",0.00116555001085289,0.530215919263619,0.997363418139039
"135",25,"LOC111574613",-0.00101119853144455,0.530832421310158,0.997363418139039
"136",25,"polr2l",-0.000465707491337494,0.394166719144596,0.996463890020745
"137",25,"dagla",-0.00239529238471015,0.631500380692583,0.997363418139039
"138",25,"ext2",0.000691791766134523,0.758634010931419,0.997363418139039
"139",25,"caprin1a",0.00061896587692686,0.751262983628226,0.997363418139039
"140",25,"nucb2a",0.000975275595900176,0.172155428497834,0.989728643862784
"141",25,"plekha7b",0.000543426934519745,0.806173771956745,0.997363418139039
"142",25,"sox6",0.000964062925960383,0.511242585889367,0.997363418139039
"143",25,"pde3b",-0.000338993887061972,0.861580828338262,0.997363418139039
"144",25,"copb1",0.00047768968424789,0.84828504244497,0.997363418139039
"145",25,"rras2",0.00141140784399084,0.465238027135799,0.997363418139039
"146",25,"tub",-0.00393158882463252,0.272939522497211,0.990065078286043
"147",25,"lmo1",0.000175414337287916,0.843673407901928,0.997363418139039
"148",25,"stk33",-0.0020898055048762,0.124778511396981,0.930634167332138
"149",25,"trim66",0.000226290530088759,0.944614331134428,0.998607408853002
"150",25,"dennd2b",-0.000669906332901239,0.670534100891167,0.997363418139039
"151",25,"tmem9b",0.00117461400503005,0.802194832006984,0.997363418139039
"152",25,"dennd5a",0.000648078858534897,0.797650704174641,0.997363418139039
"153",25,"tmem41b",-0.000891084891262234,0.4418042200418,0.996463890020745
"154",25,"ipo7",-0.00101233956089915,0.555189895382151,0.997363418139039
"155",25,"swap70a",-0.000721693756644571,0.569272831387703,0.997363418139039
"156",25,"sbf2",0.00119345829134818,0.740397741246284,0.997363418139039
"157",25,"ctr9",-0.00555718144871368,0.161779950025198,0.982413739736351
"158",25,"eif4g2a",-0.00229112389481257,0.0669251170671615,0.869550081520816
"159",25,"LOC129348917",0.00137582214378807,0.24273479211354,0.990065078286043
"160",25,"galnt18b",0.00650689722731222,0.214847182182679,0.990065078286043
"161",25,"btbd10b",-0.00175050179230985,0.25379706098498,0.990065078286043
"162",25,"LOC129349665",0.000167206806284704,0.898283988366044,0.998213961771008
"163",25,"dkk3a",0.00144694899038073,0.442161987749741,0.996463890020745
"164",25,"usp47",-0.00104067712001973,0.653546126874658,0.997363418139039
"165",25,"vat1l",0.00062045372277235,0.434894077140138,0.996463890020745
"166",25,"kars1",0.00207265434983166,0.236160036103576,0.990065078286043
"167",25,"rpl13",-0.00108933812523801,0.643218055180275,0.997363418139039
"168",25,"cpne7",-0.00183477221973336,0.61194451214567,0.997363418139039
"169",25,"LOC111582316",0.000976047828988522,0.458976499675626,0.997363418139039
"170",25,"dhx38",-0.00142522936965474,0.0305418370035335,0.814336317015072
"171",25,"zfhx3b",-0.00262982325966151,0.223177545630973,0.990065078286043
"172",25,"usp10",-0.00421377411292568,0.220737606059859,0.990065078286043
"173",25,"phlpp2",0.00236881097086206,0.572694787048981,0.997363418139039
"174",25,"ap1g1",0.00259832568514198,0.0509824162814793,0.84618751263396
"175",25,"znf821",0.00013372181986459,0.951673609953367,0.998607408853002
"176",25,"atxn1l",0.000654948942515949,0.446425893503689,0.996463890020745
"177",25,"myo1ea",-0.0018568108682037,0.0560742802283794,0.858569232290556
"178",25,"rnf111",-0.00122070975981607,0.706630763537411,0.997363418139039
"179",25,"sltm",0.000497738151804288,0.854276911365234,0.997363418139039
"180",25,"mindy2",0.00155341462307447,0.576903072060818,0.997363418139039
"181",25,"LOC129348974",-0.00453830106838775,0.00976192575087257,0.811535974992135
"182",25,"polr2m",0.000989899174987082,0.251100323989307,0.990065078286043
"183",25,"tcf12",-0.00174255803541131,0.458788077243352,0.997363418139039
"184",25,"znf280d",0.00232762133141361,0.194216231387724,0.990065078286043
"185",25,"LOC111577798",-0.00214020397731999,0.193282636041687,0.990065078286043
"186",25,"nedd4a",0.000783689259009788,0.570876970013743,0.997363418139039
"187",25,"ccpg1",0.00165756968015786,0.482091743489885,0.997363418139039
"188",25,"pigb",-0.00307872656970625,0.22718137938825,0.990065078286043
"189",25,"vrk3",0.000491202975893869,0.733092676134437,0.997363418139039
"190",25,"LOC111577790",-0.000568765337364768,0.817175957563092,0.997363418139039
"191",25,"LOC111577783",-0.00164008702872635,0.247457103893769,0.990065078286043
"192",25,"LOC111577782",0.000472619354782858,0.525650881404418,0.997363418139039
"193",25,"nudt21",0.00104813210051084,0.526559508423285,0.997363418139039
"194",25,"furina",8.40821500747599e-05,0.943167784999898,0.998607408853002
"195",25,"si:ch211-122f10.4",-0.00029297954664539,0.788031279266901,0.997363418139039
"196",25,"slc38a7",-0.00036617396669579,0.85061709554725,0.997363418139039
"197",25,"got2b",-0.00467672613863097,0.196339058826257,0.990065078286043
"198",25,"LOC111571167",0.000412793606010815,0.909834821158777,0.998213961771008
"199",25,"cog4",-0.000447424657602502,0.657431696482411,0.997363418139039
"200",25,"LOC111571169",-0.00269258983594349,0.324145978685283,0.990065078286043
"201",25,"thap11",0.00152774423674049,0.24640881921908,0.990065078286043
"202",25,"cmtr2",-0.000179621052544962,0.886616990441639,0.998213961771008
"203",25,"emc8",0.00213802479643075,0.0389742187609703,0.821523944916278
"204",25,"LOC111577159",0.00216363270558817,0.626650705290946,0.997363418139039
"205",25,"dusp22a",0.00153357059973838,0.527563684116258,0.997363418139039
"206",25,"dbndd1",0.00123651517345883,0.492469622230124,0.997363418139039
"207",25,"def8",-0.000329688368471402,0.908985278768791,0.998213961771008
"208",25,"mc1r",0.00118568487952155,0.437959317963307,0.996463890020745
"209",25,"tcf25",-0.00242750962761393,0.0396480112910075,0.821523944916278
"210",25,"pdcd5",0.00102721168686169,0.229608582580376,0.990065078286043
"211",25,"LOC111577167",0.00158098646846336,0.269390638800133,0.990065078286043
"212",25,"si:dkey-234i14.2",-0.00582810525407554,0.231976673523446,0.990065078286043
"213",25,"LOC111577148",0.0023282388703445,0.361185344617515,0.990065078286043
"214",25,"LOC111577169",-0.000434233477326703,0.699774999700185,0.997363418139039
"215",25,"kif7",0.000274308530684012,0.636471659763899,0.997363418139039
"216",25,"LOC129349683",0.00252364615185831,0.261840714144609,0.990065078286043
"217",25,"gse1b",-0.000554084397752926,0.907986278991777,0.998213961771008
"218",25,"atmin",9.00982560445536e-05,0.938514596659173,0.998607408853002
"219",25,"cmc2",-0.00145997868232047,0.537141990650897,0.997363418139039
"220",25,"LOC111572293",0.00136121171082373,0.0358570016081167,0.821359352393538
"221",25,"spon1a",-0.000698530371938364,0.653553477334041,0.997363418139039
"222",25,"kiaa1549lb",-0.000974947407487785,0.764733877134217,0.997363418139039
"223",25,"hipk3b",0.00081878101106902,0.849123379949163,0.997363418139039
"224",25,"cstf3",0.00123304860018121,0.704690834933845,0.997363418139039
"225",25,"qser1",-0.00095650420164489,0.634467818560149,0.997363418139039
"226",25,"eif3m",-0.000167744248959588,0.880631828298959,0.998213961771008
"227",25,"rcn1",0.00155736808230033,0.172029580242658,0.989728643862784
"228",25,"pax6b",-0.000539488619640781,0.465779167241381,0.997363418139039
"229",25,"elp4",0.0013744170498525,0.277171765651306,0.990065078286043
"230",25,"immp1l",0.00320267517261989,0.154977774392006,0.971621725888687
"231",25,"rps6ka2",5.85828137661343e-05,0.977100064491519,0.999223513981536
"232",25,"LOC111576189",0.00408115240951027,0.508173944403214,0.997363418139039
"233",25,"ddx21",0.00361357087368301,0.0662742987444506,0.869550081520816
"234",25,"LOC111576208",-0.00170604444318444,0.0482868594471841,0.84618751263396
"235",25,"mpc1",-0.00326170964560083,0.334476511508095,0.990065078286043
"236",25,"kifbp",0.000182503891368385,0.954542038204538,0.998607408853002
"237",25,"vps26a",-0.000413294772626072,0.782884575682567,0.997363418139039
"238",25,"supv3l1",-0.00178361232649803,0.0399386276735567,0.821523944916278
"239",25,"LOC111576191",-0.000807037240031537,0.434941128914025,0.996463890020745
"240",25,"tspan15",-0.0054140620837807,0.0061701072853433,0.811535974992135
"241",25,"dna2",-5.10608294023088e-05,0.969589839179834,0.999223513981536
"242",25,"LOC129347690",0.000926977229863079,0.235298531719467,0.990065078286043
"243",25,"hnrnph3",-0.00173791597365264,0.24949783002394,0.990065078286043
"244",25,"rufy2",-0.00144096661283916,0.491123908363408,0.997363418139039
"245",25,"fam120b",-0.00199305196334983,0.48434252391782,0.997363418139039
"246",25,"LOC129349014",0.000455157179736054,0.323834036187148,0.990065078286043
"247",25,"pdcd2",0.00101033012351774,0.425144134194163,0.996463890020745
"248",25,"psmc3",0.00035144179238569,0.931587267439698,0.998213961771008
"249",25,"psmb1",-0.00191919258437154,0.0644262133030223,0.869097537705332
"250",25,"phf10",-0.000392294107909531,0.664247943687337,0.997363418139039
"251",25,"rab4a",0.00106530713622088,0.520781162319721,0.997363418139039
"252",25,"ccsapb",-0.00158697441275016,0.339096752012561,0.990065078286043
"253",25,"abcb10",5.85480111190084e-05,0.958904420248604,0.998607408853002
"254",25,"galnt2",0.00283711720267797,0.372442159373898,0.990398034861638
"255",25,"smyd2a",-0.00037171743688317,0.875043297513812,0.997890690913835
"256",25,"cgref1",0.000815169373365953,0.510103371848697,0.997363418139039
"257",25,"adpgk2",-0.000144788703379662,0.921873589366849,0.998213961771008
"258",25,"ctsba",-0.00368363599754617,0.311930777401192,0.990065078286043
"259",25,"xkr5b",0.00307278819666406,0.468638834857098,0.997363418139039
"260",25,"LOC111585013",0.000814914795726507,0.476777505110366,0.997363418139039
"261",25,"cnsta",-8.25219657390043e-05,0.975030926434233,0.999223513981536
"262",25,"smyd3",0.000470193254447943,0.897072267307492,0.998213961771008
"263",25,"kif26ba",0.000902126398164059,0.767129677996836,0.997363418139039
"264",25,"si:dkey-127k13.1",0.0017887204488946,0.318101026837766,0.990065078286043
"265",25,"ahctf1",-0.000116074652292938,0.947250334016846,0.998607408853002
"266",25,"fzd3b",-0.00280794725952259,0.112421564655718,0.921820201924075
"267",25,"kctd3",0.00163238652732397,0.422556702972229,0.996463890020745
"268",25,"lpin1a",0.000949919655130649,0.697736344135908,0.997363418139039
"269",25,"cdc42se2",-0.00260253799707613,0.342312575164348,0.990065078286043
"270",25,"terfa",0.000480976289585413,0.465141798133496,0.997363418139039
"271",25,"zdhhc7",-0.00348553088971744,0.244519854545413,0.990065078286043
"272",25,"LOC111565259",0.0132186155250856,0.018754465377548,0.811535974992135
"273",25,"styx",-0.000388232076378434,0.489042154791675,0.997363418139039
"274",25,"amfra",-0.00302430826021193,0.345849394446687,0.990065078286043
"275",25,"nfatc3a",-0.000514079850019969,0.787363685169223,0.997363418139039
"276",25,"tln2a",-0.00122973157267345,0.770543520521717,0.997363418139039
"277",25,"LOC111582597",0.000536192565194701,0.546023431737373,0.997363418139039
"278",25,"LOC118471714",3.78144663238653e-05,0.977018592757299,0.999223513981536
"279",25,"fbxo22",-0.00167359327561561,0.201056628966214,0.990065078286043
"280",25,"LOC111582592",-0.00167954323117771,0.463914395023968,0.997363418139039
"281",25,"LOC129347708",0.00173370064972781,0.0272710605011536,0.811535974992135
"282",25,"LOC111587591",-0.000301960531242328,0.950153076753427,0.998607408853002
"283",25,"sec11a",0.00164505889855296,0.287223700666199,0.990065078286043
"284",25,"cry5",0.000259726313822777,0.658079653250481,0.997363418139039
"285",25,"LOC111587577",0.00115947502098352,0.794621921784043,0.997363418139039
"286",25,"LOC111587585",0.00120549433825774,0.751084635191646,0.997363418139039
"287",25,"LOC111587579",-0.000455308069373657,0.624081885250703,0.997363418139039
"288",25,"LOC111587580",-0.000661715324362424,0.311551807274726,0.990065078286043
"289",25,"znf710b",-0.000121422876347937,0.974877458099024,0.999223513981536
"290",25,"LOC111587575",0.00606014192532472,0.0357952496617431,0.821359352393538
"291",25,"serf2b",-0.0014434780253633,0.649482268115057,0.997363418139039
"292",25,"LOC111568470",-0.000384931398992584,0.543761613506494,0.997363418139039
"293",25,"zgc:123258",0.000677102957516525,0.67030510740616,0.997363418139039
"294",25,"trpm7",-0.00130652815159835,0.434716129435928,0.996463890020745
"295",25,"LOC111568474",0.000904617059845857,0.342168468335869,0.990065078286043
"296",25,"bcl2l10",-0.000909152429668994,0.179573493607468,0.990065078286043
"297",25,"gnb5b",-0.0014577688040855,0.226733532358467,0.990065078286043
"298",25,"myo5aa",-0.00435340772660606,0.514275266071176,0.997363418139039
"299",25,"arpp19a",-0.00221899312271526,0.220437524474078,0.990065078286043
"300",25,"atosa",0.0022587879114764,0.409008491845885,0.996463890020745
"301",25,"LOC111562838",0.0048055216847483,0.193797606865674,0.990065078286043
"302",25,"LOC129349184",-0.000359753481985417,0.765306950249724,0.997363418139039
"303",25,"LOC129349526",-0.00043798881010018,0.576482543925077,0.997363418139039
"304",25,"igdcc4",0.00272516367691363,0.05962532038838,0.869097537705332
"305",25,"LOC111571660",-0.00101001095053429,0.476378084200834,0.997363418139039
"306",25,"loxl1",0.00201074983514358,0.07900548997258,0.871360915888879
"307",25,"insyn1",-0.00256032230324183,0.536896790182021,0.997363418139039
"308",25,"cd276",0.000938695881949823,0.46290152736292,0.997363418139039
"309",25,"LOC111571657",0.000994775118319704,0.392400186115343,0.996463890020745
"310",25,"LOC111571649",-0.00127586740931265,0.865729073810291,0.997363418139039
"311",25,"LOC111571642",-0.00171548431654008,0.0573149229594776,0.864909271456043
"312",25,"chrna5",0.00431177426103669,0.0982479783994248,0.905020048534428
"313",25,"LOC111572429",0.000784795134700303,0.560811345758746,0.997363418139039
"314",25,"nptnb",-0.0091199408887935,0.0368925810398817,0.821523944916278
"315",25,"hcn4",-0.0022331231819107,0.548380633437381,0.997363418139039
"316",25,"pkma",0.00233497474436083,0.699683254965503,0.997363418139039
"317",25,"LOC111567616",0.000865302516929834,0.907053860988442,0.998213961771008
"318",25,"celf6",-0.0123580399872071,0.00798907903461447,0.811535974992135
"319",25,"LOC111567619",-0.00040340739188047,0.90021541853863,0.998213961771008
"320",25,"lpcat2",-0.000373546247903451,0.918201168999419,0.998213961771008
"321",25,"irx5a",-0.0022440663931376,0.377864706887253,0.99146608947112
"322",25,"irx3a",0.000379370506471165,0.808291996060767,0.997363418139039
"323",25,"fto",0.00334911198696356,0.363575950099742,0.990065078286043
"324",25,"aktip",-0.000324255126229845,0.815552095688413,0.997363418139039
"325",25,"chd9",0.00210221861595154,0.643660365841629,0.997363418139039
"326",25,"LOC111565488",-0.00220414723496219,0.0689957233984815,0.869550081520816
"327",25,"LOC129349225",0.00284549607364531,0.10996977861038,0.921292590321416
"328",25,"tox3",0.00402518385790313,0.296523248339585,0.990065078286043
"329",25,"cylda",-0.00460857214532668,0.177402568940568,0.990065078286043
"330",25,"brd7",0.00156489465084048,0.425883396302201,0.996463890020745
"331",25,"adcy7",0.00079723925479062,0.694001195758085,0.997363418139039
"332",25,"tent4b",0.00208099472085304,0.271724572411949,0.990065078286043
"333",25,"cnep1r1",0.00220072582669056,0.222293252688391,0.990065078286043
"334",25,"gpib",-0.000333719522253299,0.457274313822961,0.997363418139039
"335",25,"garre1",-0.0027304311591965,0.339303005045533,0.990065078286043
"336",25,"LOC111572255",-0.00096244941283225,0.794940020072972,0.997363418139039
"337",25,"LOC111572253",0.00226750443874473,0.429789155494724,0.996463890020745
"338",25,"LOC111572241",-0.00367271045910795,0.343457154536936,0.990065078286043
"339",25,"pepd",-0.00117247913909604,0.625798335364483,0.997363418139039
"340",25,"LOC129349388",0.000443666002737338,0.797363130670277,0.997363418139039
"341",25,"LOC111577669",-0.00506193175978479,0.164063488172737,0.982864542353922
"342",25,"tm2d3",-0.00183866215602494,0.575121127119417,0.997363418139039
"343",25,"tars3",1.81465915831278e-05,0.990164503711869,0.999223513981536
"344",25,"LOC118471239",-0.0110539526273231,0.182588623888991,0.990065078286043
"345",25,"ulk3",-0.00278102519091138,0.305527181925393,0.990065078286043
"346",25,"LOC111577671",-0.000403044842600931,0.866165050236386,0.997363418139039
"347",25,"LOC111577675",-0.000283782235273577,0.872384835431157,0.997363418139039
"348",25,"LOC111587409",0.00120729585092482,0.145563036689984,0.964602715329076
"349",25,"LOC111587412",-0.00456225962978514,0.260973886497578,0.990065078286043
"350",25,"LOC111587406",0.0043382609272628,0.054943309913485,0.856360596151954
"351",25,"lrrc28",-0.000604678462867152,0.67093318000916,0.997363418139039
"352",25,"igf1rb",-0.00113857542147292,0.812317403443588,0.997363418139039
"353",25,"ap3s2",0.000176485912783746,0.905654647188522,0.998213961771008
"354",25,"ntrk3b",-0.00569894255761393,0.113182620821596,0.921820201924075
"355",25,"mrpl46",-0.000888129590215486,0.116403528214962,0.927025251088176
"356",25,"mrps11",0.000239024952416313,0.852582984632643,0.997363418139039
"357",25,"pdpr",0.000354935329049295,0.695194557246499,0.997363418139039
"358",25,"ccne1",0.000263353843250443,0.780215028470937,0.997363418139039
"359",25,"znf536",0.00151840389329666,0.755552476568119,0.997363418139039
"360",25,"tshz3b",0.00031259338751457,0.936655020246744,0.998607408853002
"361",25,"LOC118471399",0.00128450531707359,0.433753932909448,0.996463890020745
"362",25,"znf507",-0.0002697100353945,0.943868155601571,0.998607408853002
"363",25,"dpy19l3",-0.00437228001558336,0.322487799534718,0.990065078286043
"364",25,"LOC111563846",0.000495156077476207,0.946628774485494,0.998607408853002
"365",25,"mtss1lb",-0.00347751163668629,0.540846407835002,0.997363418139039
"366",25,"dhcr7",0.000350589618083458,0.776193735626781,0.997363418139039
"367",25,"mmp15b",0.000101013592826219,0.928508978199803,0.998213961771008
"368",25,"slc7a6os",-0.000485215835673914,0.826827794442563,0.997363418139039
"369",25,"slc7a6",0.00123511623960161,0.327764141417438,0.990065078286043
"370",25,"LOC111567206",-0.00140172751923667,0.075219009570002,0.871360915888879
"371",25,"LOC111567201",-0.000773187161820394,0.446691193668207,0.996463890020745
"372",25,"phospho2",-0.000248694400665579,0.861223367847582,0.997363418139039
"373",25,"cdh8",0.00501635219110838,0.15669385990192,0.973814830822266
"374",25,"phkb",-0.00149930251195597,0.767946150801245,0.997363418139039
"375",25,"LOC129349305",-0.000944918872780913,0.641214522543732,0.997363418139039
"376",25,"itfg1",-0.00338461272511991,0.570680593411354,0.997363418139039
"377",25,"LOC111565766",-0.000256652640551518,0.969031025953345,0.999223513981536
"378",25,"spg21",-0.000226880903674542,0.867384929788574,0.997363418139039
"379",25,"mtch2",0.000172057451074673,0.92888734689665,0.998213961771008
"380",25,"LOC118471810",-0.000186387775126447,0.790517686966611,0.997363418139039
"381",25,"fadd",-0.000723764924148236,0.787495750760856,0.997363418139039
"382",25,"hdgfl3",0.00440978727933937,0.13923370500535,0.957578775787136
"383",25,"LOC111572897",-0.000560102233881933,0.915495104636011,0.998213961771008
"384",25,"txlng",-0.0037266831533592,0.0611276379404652,0.869097537705332
"385",25,"ccdc102a",-0.0028317282169657,0.310072368909562,0.990065078286043
"386",25,"dok4",-0.00068930197795736,0.912844167813438,0.998213961771008
"387",25,"nadsyn1",0.00179979871462573,0.476370778536541,0.997363418139039
"388",25,"tpcn2",-0.0014955189822922,0.0681512847312439,0.869550081520816
"389",25,"pop4",0.00220324555297143,0.0589562040553041,0.869097537705332
"390",25,"rwdd3",0.00184111698874323,0.011704536488409,0.811535974992135
"391",25,"ankdd1a",0.000707791514798121,0.80634975878021,0.997363418139039
"392",25,"ano1a",-0.000980242220179721,0.757460890510539,0.997363418139039
"393",25,"lto1",-0.00136125264569338,0.337141509359273,0.990065078286043
"394",25,"ccnd1",0.00172303900354612,0.439716992175057,0.996463890020745
"395",25,"vstm2b",-0.00293308770279346,0.567712972627755,0.997363418139039
"396",25,"LOC111583405",-0.00446715351310052,0.0723626528449133,0.869550081520816
"397",25,"mtfmt",-0.000367088024047749,0.757249723175035,0.997363418139039
"398",25,"celf1",0.000457220867791829,0.895695500118508,0.998213961771008
"399",25,"LOC111583408",-0.00895174828483023,0.0701272500441177,0.869550081520816
"400",25,"LOC111583406",0.000488467445673724,0.357168924452867,0.990065078286043
"401",25,"kif13ba",0.00028793305299727,0.93147983534749,0.998213961771008
"402",25,"LOC111563331",-0.00163892347675947,0.581352802872119,0.997363418139039
"403",25,"tdp1",-0.00183898123476042,0.267587857335277,0.990065078286043
"404",25,"eprs1",0.000129435476195781,0.919170360977959,0.998213961771008
"405",25,"LOC111563321",-0.00707048637170579,0.0655758959138806,0.869097537705332
"406",25,"LOC111563338",0.000194219919140778,0.862736468107576,0.997363418139039
"407",25,"LOC111563330",0.00106474124045995,0.370130834804437,0.990398034861638
"408",25,"cep89",-0.000608728905759816,0.502438306757621,0.997363418139039
"409",25,"zgc:165481",0.00161709554259375,0.456004069556871,0.997363418139039
"410",25,"lrp3",-0.00151541736148318,0.460133624289357,0.997363418139039
"411",25,"LOC111563325",-0.000137598728232543,0.946594303614312,0.998607408853002
"412",25,"chsy1",0.000175398922790888,0.945138087075358,0.998607408853002
"413",25,"LOC129348766",-0.000104414488565463,0.875455911661766,0.997890690913835
"414",25,"lrrk1",0.0029054131432339,0.151919951139315,0.970457061385761
"415",25,"asb7",-0.00117478233721186,0.28122033272641,0.990065078286043
"416",25,"minar1",0.00268969453349495,0.426648494777597,0.996463890020745
"417",25,"LOC111581059",-0.00134396167653784,0.0786654518380176,0.871360915888879
"418",25,"arnt2",-0.0045816356962872,0.417026607272778,0.996463890020745
"419",25,"abhd17c",-0.00288817446612631,0.114554804632699,0.921993490546369
"420",25,"LOC111564509",-0.00311250930597171,0.431289468458055,0.996463890020745
"421",25,"mesd",0.000512368097631093,0.621474942259061,0.997363418139039
"422",25,"stard5",-0.00048405814544224,0.837343004435585,0.997363418139039
"423",25,"LOC111564513",0.000876554711153647,0.228181789890953,0.990065078286043
"424",25,"mex3b",0.00113430032631549,0.709226482868574,0.997363418139039
"425",25,"efl1",0.00262102118149846,0.130447923227182,0.944651905352208
"426",25,"adamtsl3",-0.00675843775918018,0.149891080975567,0.968695493765038
"427",25,"selenos",0.000649093538460538,0.713129572501475,0.997363418139039
"428",25,"snrpa1",0.00145554240089414,0.40768667051786,0.996463890020745
"429",25,"tollip",0.000486695405179265,0.750947459538712,0.997363418139039
"430",25,"vps35",9.78959149005302e-05,0.971274547486142,0.999223513981536
"431",25,"c1h16orf87",-0.0014681258296483,0.351344121014455,0.990065078286043
"432",25,"ubap1lb",-0.003194811888872,0.0394863824983172,0.821523944916278
"433",25,"tssc4",-0.00200240151999937,0.347612300715572,0.990065078286043
"434",25,"ppfia1",0.00136833931918892,0.564162273366974,0.997363418139039
"435",25,"LOC111572572",-0.00242383434152403,0.477260700288495,0.997363418139039
"436",25,"shank2b",-0.00345198185348086,0.48218756518179,0.997363418139039
"437",25,"si:ch211-220f16.2",-0.000929769102559494,0.762586285719183,0.997363418139039
"438",25,"LOC111574458",-0.00487306194201267,0.613569108035545,0.997363418139039
"439",25,"LOC111574469",-0.000146380825635868,0.921032626214483,0.998213961771008
"440",25,"LOC111574567",-0.00158967176263772,0.614480350390033,0.997363418139039
"441",25,"large2",-0.00644839326395494,0.0741167892880024,0.871360915888879
"442",25,"LOC111584428",0.00214570129576638,0.50616683810141,0.997363418139039
"443",25,"kiaa0895l",-0.00253034601282592,0.0125689365901875,0.811535974992135
"444",25,"csnk2a2a",-9.69517099417795e-05,0.960541052734082,0.998607408853002
"445",25,"LOC111582548",0.0019873930667611,0.0386596639092319,0.821523944916278
"446",25,"jph3a",0.000708497142006584,0.815719556704136,0.997363418139039
"447",25,"psmd13",-0.00187115355338138,0.110016475852016,0.921292590321416
"448",25,"sirt3",-4.98591114685784e-05,0.971576609497041,0.999223513981536
"449",25,"cdhr5a",8.23996729262831e-05,0.943231725434437,0.998607408853002
"450",25,"ctsd",-0.00336745145375324,0.296550213584146,0.990065078286043
"451",25,"LOC118470509",0.000838385552556748,0.627138088517634,0.997363418139039
"452",25,"LOC111570710",-0.00405260347250267,0.0996405801457023,0.906207279368271
"453",25,"znf408",5.00659128399001e-05,0.975120368401855,0.999223513981536
"454",25,"ppip5k1a",0.00230270299762924,0.316801743448898,0.990065078286043
"455",25,"map1aa",-0.0119267772726407,0.113116651554825,0.921820201924075
"456",25,"LOC111583699",-0.0019263797253693,0.0515200346641846,0.84618751263396
"457",25,"tp53bp1",-0.000319509786699522,0.931254943809147,0.998213961771008
"458",25,"tubgcp4",-0.000938202938412874,0.396217851889953,0.996463890020745
"459",25,"cdkn2aip",-0.000247184118874716,0.792163185298044,0.997363418139039
"460",25,"cart3",-0.000325908676983679,0.830412586512094,0.997363418139039
"461",25,"crtc3",0.00082610900784965,0.475617534042037,0.997363418139039
"462",25,"hypk",4.77259065378224e-05,0.968281984806629,0.999223513981536
"463",25,"mfap1",-0.000326819829735264,0.841772668892913,0.997363418139039
"464",25,"vps33b",-0.000784301572452166,0.562285040826712,0.997363418139039
"465",25,"ptpmt1",0.000663578776189874,0.444607596798545,0.996463890020745
"466",25,"ndufs3",0.000285689525332161,0.894306185169956,0.998213961771008
"467",25,"c1qtnf4",-0.00324391980634184,0.0366850803803783,0.821523944916278
"468",25,"aph1b",0.00149285577423529,0.331604167895776,0.990065078286043
"469",25,"LOC111581984",-0.00235484282200463,0.417414435446712,0.996463890020745
"470",25,"LOC111581982",0.00692298338282342,0.0657436765074851,0.869097537705332
"471",25,"pacsin3",-0.000564357239177165,0.446829422282692,0.996463890020745
"472",25,"samd4a",-0.00057258033173163,0.861775735540986,0.997363418139039
"473",25,"LOC111575108",-0.00136156947130142,0.604210166768348,0.997363418139039
"474",25,"LOC111575115",0.000426313676605353,0.870643357043581,0.997363418139039
"475",25,"LOC111576513",-0.00389303100689852,0.547244585563237,0.997363418139039
"476",25,"mpped2a",-0.00154804314941586,0.314196642355189,0.990065078286043
"477",25,"zdhhc13",-0.00188366200090961,0.397893806709159,0.996463890020745
"478",25,"nav2a",-0.0034392722035084,0.577017359315569,0.997363418139039
"479",25,"htatip2",0.00206300226061929,0.0385883943018738,0.821523944916278
"480",25,"prmt3",0.000722938375775619,0.543222049372373,0.997363418139039
"481",25,"slc6a5",-0.00218334073227486,0.23381911951761,0.990065078286043
"482",25,"LOC111575341",-0.00602136934666022,0.427598822191423,0.996463890020745
"483",25,"LOC111574907",-0.000488272599404215,0.43956900156528,0.996463890020745
"484",25,"lrp4",-0.0058695210221799,0.206476430869962,0.990065078286043
"485",25,"mapk8ip1b",0.0061797147200628,0.193589320394234,0.990065078286043
"486",25,"chst1",-0.00137919802426292,0.371854803028852,0.990398034861638
"487",25,"slc35c1",0.00171890086172665,0.187955611532218,0.990065078286043
"488",25,"LOC111588877",-4.20766441992751e-06,0.998490116437011,0.999223513981536
"489",25,"apip",0.001374675298543,0.211438979860072,0.990065078286043
"490",25,"LOC111588881",-0.000430390096613136,0.9159008265929,0.998213961771008
"491",25,"LOC118471752",-0.000511218237655212,0.913721921422008,0.998213961771008
"492",25,"hsd17b12b",0.00136307464918935,0.510439592848547,0.997363418139039
"493",25,"LOC129349598",-0.00618905827852168,0.0407804347074069,0.821523944916278
"494",25,"ttc17",-0.00122752115280368,0.516119747025731,0.997363418139039
"495",25,"kcnq1.1",-0.00146423987123883,0.349009148241713,0.990065078286043
"496",25,"lingo1b",0.00469128879918698,0.311692876976154,0.990065078286043
"497",25,"luzp2",-0.0103199688592141,0.0365557370031185,0.821523944916278
"498",25,"madd",0.00204998835246893,0.494628443357061,0.997363418139039
"499",25,"nr1h3",0.00232876203395028,0.282205683848111,0.990065078286043
"500",25,"arl14ep",0.00475859934237215,0.0589115385084563,0.869097537705332
"501",25,"kcna4",0.00300992678225431,0.43560507103174,0.996463890020745
"502",25,"LOC111581458",-0.000982775753283774,0.732176148973726,0.997363418139039
"503",25,"LOC129348977",0.00103212517790238,0.431648846496184,0.996463890020745
"504",25,"ddb1",0.00202561812668514,0.541874646480681,0.997363418139039
"505",25,"tspan4a",-0.00224430875621935,0.319552007155578,0.990065078286043
"506",25,"LOC111586411",-0.000380733132641986,0.645427407324034,0.997363418139039
"507",25,"rab11a",0.000377790779137418,0.860722716354159,0.997363418139039
"508",25,"herc1",0.000924422519663865,0.851890432830473,0.997363418139039
"509",25,"LOC118469504",0.000332649041020388,0.875705914079079,0.997890690913835
"510",25,"LOC111568736",-0.000169959111048519,0.953429781475143,0.998607408853002
"511",25,"LOC111578656",0.000240633063323734,0.849544881686715,0.997363418139039
"512",25,"kmt5b",0.00154528013452895,0.607451592520709,0.997363418139039
"513",25,"rpl12",-0.00716707075181294,0.017483811914974,0.811535974992135
"514",25,"LOC111581437",-0.00399365236102246,0.0387089717888652,0.821523944916278
"515",25,"LOC129348539",-0.00392237570146817,0.260736613111227,0.990065078286043
"516",25,"gpn1",-0.000467950364793559,0.878581159590403,0.997890690913835
"517",25,"stmn4l",-0.00686136528888916,0.164741168694091,0.983634964087825
"518",25,"LOC111578897",0.00046145441987523,0.713437056612723,0.997363418139039
"519",25,"kifc3",0.0002382313729907,0.974142257143864,0.999223513981536
"520",25,"katnb1",-0.00108092677552783,0.635393143977082,0.997363418139039
"521",25,"cog8",-0.000259962761063978,0.80130142146368,0.997363418139039
"522",25,"nob1",-0.000633097087700188,0.670527669232146,0.997363418139039
"523",25,"wdr59",-0.00231803401530677,0.0894083131155485,0.8848525864663
"524",25,"LOC111569048",0.00104507668217477,0.36234093486393,0.990065078286043
"525",25,"gpatch1",-0.00177471907730811,0.04198294243968,0.825068516318458
"526",25,"LOC111581074",8.44845881008806e-05,0.907314741607111,0.998213961771008
"527",25,"cebpg",-0.00144829531628381,0.480075832901803,0.997363418139039
"528",25,"LOC129349647",0.00112054285548192,0.335001340508899,0.990065078286043
"529",25,"fhod1",0.0011799468198756,0.46772200798687,0.997363418139039
"530",25,"slc9a5",0.00086687818573223,0.57214042445176,0.997363418139039
"531",25,"plekhg4",-0.00120341448247649,0.138130862300228,0.957578775787136
"532",25,"LOC111567953",-0.0013471094668841,0.452857522661297,0.997363418139039
"533",25,"LOC111567961",0.0014050986370822,0.342444671828202,0.990065078286043
"534",25,"LOC111567958",0.000779243371555357,0.646043427593205,0.997363418139039
"535",25,"vps13c",0.000478991500935849,0.828104452967066,0.997363418139039
"536",25,"LOC129350943",-0.00019067944035196,0.918086544626936,0.998213961771008
"537",25,"spata6",0.000247497848384589,0.933459833215601,0.998311327882942
"538",25,"agbl4",0.00521022269552586,0.42672808588284,0.996463890020745
"539",25,"bend5",0.00148217991917947,0.284652147519531,0.990065078286043
"540",25,"LOC111566277",0.00334811302198656,0.586509588015131,0.997363418139039
"541",25,"LOC111583977",0.000187058282316986,0.965920348633768,0.999223513981536
"542",25,"faf1",0.00138926325739272,0.503896535250356,0.997363418139039
"543",25,"rnf11b",-0.00284505370194638,0.54763971724749,0.997363418139039
"544",25,"ttc39a",-0.00102689618910314,0.704894911837704,0.997363418139039
"545",25,"gclm",-0.00052939014825233,0.728577793749989,0.997363418139039
"546",25,"ccl44",-0.00124267172636393,0.244381561683627,0.990065078286043
"547",25,"safb",-0.00333849131530376,0.368699574522368,0.990313911305458
"548",25,"mrpl54",0.000888826750722486,0.310771197344554,0.990065078286043
"549",25,"fam32a",0.00100529485570274,0.543183431306909,0.997363418139039
"550",25,"fh",0.00186062618401147,0.309250437802265,0.990065078286043
"551",25,"hdgfl2",0.00052669835540051,0.848398016771039,0.997363418139039
"552",25,"ap3d1",0.00177436096257097,0.617498716733162,0.997363418139039
"553",25,"cdc34a",-0.00250182917383247,0.220029753510098,0.990065078286043
"554",25,"LOC111564939",2.6248604748222e-05,0.993226017580554,0.999223513981536
"555",25,"tle5",-0.00166156692307292,0.722097605368627,0.997363418139039
"556",25,"tle2b",-0.00357971709200594,0.19101092455375,0.990065078286043
"557",25,"tle2a",-0.000727782393909634,0.69087495175015,0.997363418139039
"558",25,"shc2",0.00047850227651271,0.657272538343638,0.997363418139039
"559",25,"sac3d1",-0.00067112572587397,0.416584123001604,0.996463890020745
"560",25,"rxrgb",0.000169077275835967,0.964521257543599,0.998962400886312
"561",25,"atf6",-3.3723214873545e-05,0.986296904753868,0.999223513981536
"562",25,"LOC111562406",0.00023843872599244,0.809462347649701,0.997363418139039
"563",25,"LOC111562405",-0.000506850060607488,0.477762690372916,0.997363418139039
"564",25,"fyco1a",0.000141392786420379,0.866091762722048,0.997363418139039
"565",25,"LOC111584309",0.00140148017765016,0.163230708255243,0.982724119992008
"566",25,"LOC111569286",-0.00191595333532552,0.69494747477638,0.997363418139039
"567",25,"lsm7",-0.00177521446256844,0.218731956736397,0.990065078286043
"568",25,"timm13",0.000121157439640178,0.829141919233576,0.997363418139039
"569",25,"enc3",0.00215003196330616,0.262926304955755,0.990065078286043
"570",25,"arhgef18b",0.00266111946753646,0.0590405352760004,0.869097537705332
"571",25,"insrb",-0.00503728298561299,0.26463840033095,0.990065078286043
"572",25,"use1",-0.00134739556312915,0.307174803264061,0.990065078286043
"573",25,"LOC111581103",0.0032166799825497,0.204898655190891,0.990065078286043
"574",25,"ncln",-0.000900059561133626,0.773096189466751,0.997363418139039
"575",25,"cers1",0.00227510175651784,0.410236401156612,0.996463890020745
"576",25,"cope",-0.0026388355907661,0.00633700627479001,0.811535974992135
"577",25,"LOC111567307",-0.000712736934323756,0.757656807991793,0.997363418139039
"578",25,"mydgf",-0.00162936940478795,0.504825436333485,0.997363418139039
"579",25,"atcaya",-0.00639669524408434,0.0601324520707739,0.869097537705332
"580",25,"zfr2",0.000916316162643501,0.812780530365316,0.997363418139039
"581",25,"sin3b",0.00036797340126991,0.820651986109632,0.997363418139039
"582",25,"xpr1a",0.00247784339060493,0.805632335874717,0.997363418139039
"583",25,"acbd6",-0.00419724171782838,0.438796731181379,0.996463890020745
"584",25,"cep350",-0.00118937247849881,0.519105341516698,0.997363418139039
"585",25,"LOC111568755",0.00429177743266966,0.605303552969858,0.997363418139039
"586",25,"LOC118469755",0.00102085403948052,0.357822912501922,0.990065078286043
"587",25,"soat1",0.000130920137414277,0.920486994136563,0.998213961771008
"588",25,"abl2",-0.0060785176105424,0.0461052074139144,0.838631700340923
"589",25,"osbpl9",-0.00323952803034039,0.434680933875633,0.996463890020745
"590",25,"calr",2.46070457393177e-05,0.99413686021006,0.999223513981536
"591",25,"negr1",-0.0047354879324437,0.331172265904969,0.990065078286043
"592",25,"zranb2",0.0018262742135693,0.586196416333153,0.997363418139039
"593",25,"ptger3",-0.0043830076308862,0.118521839787517,0.927025251088176
"594",25,"ankrd13c",-0.002684496596101,0.188909747761498,0.990065078286043
"595",25,"srsf11",0.00175288347226252,0.726609652597053,0.997363418139039
"596",25,"xxylt1",0.00189809572782109,0.41232951406014,0.996463890020745
"597",25,"lsg1",0.00113461287634297,0.175900690463481,0.990065078286043
"598",25,"patj",0.00252215611533411,0.299146083476755,0.990065078286043
"599",25,"tm2d1",-0.00177267430765923,0.405828590299907,0.996463890020745
"600",25,"nfia",-0.000254654802342964,0.759838829132288,0.997363418139039
"601",25,"LOC111577026",4.55372556635986e-05,0.95355638442468,0.998607408853002
"602",25,"LOC111563170",-3.79852335747209e-05,0.982601167496799,0.999223513981536
"603",25,"LOC111563171",0.000613335558310749,0.781418198357016,0.997363418139039
"604",25,"rab3b",-0.00029868354746501,0.923977291630408,0.998213961771008
"605",25,"LOC111564528",-0.00126994121427517,0.577126361055821,0.997363418139039
"606",25,"tmem259",-0.00371035701798513,0.0682495960893897,0.869550081520816
"607",25,"plppr3b",0.0025356969971045,0.456593579411593,0.997363418139039
"608",25,"med16",0.00123982824805292,0.519849905244572,0.997363418139039
"609",25,"palm1a",0.00116633954405557,0.676754601767513,0.997363418139039
"610",25,"map1sa",-0.000738901943046072,0.448110605993969,0.996463890020745
"611",25,"trmt13",0.000377511542650235,0.725792048256149,0.997363418139039
"612",25,"stx6",0.000167128636236859,0.937920775069082,0.998607408853002
"613",25,"wdr18",-0.00164706124602008,0.326888099933567,0.990065078286043
"614",25,"grin3bb",0.0040267151498898,0.353179648604696,0.990065078286043
"615",25,"ftsj3",0.000294172972886206,0.799045140962778,0.997363418139039
"616",25,"LOC111586961",6.83161031708077e-06,0.994091418418819,0.999223513981536
"617",25,"samd13",-0.000689394152190255,0.608037146744753,0.997363418139039
"618",25,"prkacba",0.000973591294429582,0.579245621317466,0.997363418139039
"619",25,"ttll7",-0.00245502455346926,0.471328080776468,0.997363418139039
"620",25,"adgrl2a",-0.00256038011446799,0.664617452087746,0.997363418139039
"621",25,"adgrl4",-0.000973090763421207,0.404401340847315,0.996463890020745
"622",25,"mfn1b",0.00228827655405794,0.181448569547355,0.990065078286043
"623",25,"LOC111565983",-0.00302795056202427,0.411793767100164,0.996463890020745
"624",25,"aldh7a1",-0.000178844249894036,0.793102950388168,0.997363418139039
"625",25,"actl6a",0.0013642353592137,0.265617208125418,0.990065078286043
"626",25,"ndufb5",-0.0017120807974711,0.372804470015405,0.990398034861638
"627",25,"usp13",0.00209423078950684,0.580801135199069,0.997363418139039
"628",25,"pex5la",-0.00858696634587874,0.104494826204449,0.912203428875534
"629",25,"lrrc15",-0.00121929292729049,0.0301577561336901,0.814336317015072
"630",25,"ccdc50a",0.000930746555154668,0.596149334609589,0.997363418139039
"631",25,"LOC111567223",0.00101685621485965,0.285120851758956,0.990065078286043
"632",25,"p3h2",-0.00190560736063599,0.215321748125434,0.990065078286043
"633",25,"cpox",-0.00138600601266678,0.207138144921757,0.990065078286043
"634",25,"prrg1",-0.0059622924634533,0.0456965800590618,0.83765237204538
"635",25,"pik3r3b",0.00551422383335581,0.304653790481317,0.990065078286043
"636",25,"pomgnt1",0.00021678241052372,0.936055034959506,0.998607408853002
"637",25,"rtca",4.75161472916683e-05,0.95389612180079,0.998607408853002
"638",25,"b4galt6",-0.0018139484223349,0.611275237445473,0.997363418139039
"639",25,"ndufa11",0.000770367592637692,0.721618296650239,0.997363418139039
"640",25,"mrpl55",-1.93831473903568e-05,0.988351423845722,0.999223513981536
"641",25,"ctns",-0.00191699624813681,0.411279950839586,0.996463890020745
"642",25,"trappc8",-0.00228141731199445,0.555824313731046,0.997363418139039
"643",25,"commd2",0.000412744466989005,0.80739097486269,0.997363418139039
"644",25,"lmnb2",-0.00274827676855822,0.258731410230286,0.990065078286043
"645",25,"rpl36",-0.00259986852990849,0.485569543039851,0.997363418139039
"646",25,"pde6d",-0.000404868029220806,0.908877096321206,0.998213961771008
"647",25,"phb2b",0.00106150434869267,0.617973291847498,0.997363418139039
"648",25,"LOC111576818",-0.000839612184318418,0.560315982518333,0.997363418139039
"649",25,"lrrc40",-0.00455679688864686,0.139487805547385,0.957578775787136
"650",25,"nfic",0.000289554043288701,0.947130192382308,0.998607408853002
"651",25,"LOC111584336",0.00190883534061923,0.148660657761895,0.965844284468449
"652",25,"mast2",-0.000998605814274267,0.787185710046066,0.997363418139039
"653",25,"pde4dip",-0.00437142886126941,0.32680126654299,0.990065078286043
"654",25,"LOC129347775",-0.000549161069875455,0.73767870037446,0.997363418139039
"655",25,"gorab",-0.000950641545168436,0.341817563665121,0.990065078286043
"656",25,"trmt1l",0.00246579633051125,0.401130465835468,0.996463890020745
"657",25,"lrrc24",0.00277139251882406,0.437912031245225,0.996463890020745
"658",25,"lonp1",-0.00143258643971251,0.503200972102473,0.997363418139039
"659",25,"dohh",0.000234266530491391,0.833438027285778,0.997363418139039
"660",25,"cherp",0.000379287623663279,0.851001112389958,0.997363418139039
"661",25,"eps15l1a",0.00660514161715541,0.139787899564735,0.957578775787136
"662",25,"rad23ab",-0.000955324894520685,0.508861132281883,0.997363418139039
"663",25,"calr3a",-0.000343832301066927,0.914268879797404,0.998213961771008
"664",25,"arhgap39",-0.00433786450386219,0.18033989229693,0.990065078286043
"665",25,"lrrc41",-0.00241328081577213,0.00752011702523537,0.811535974992135
"666",25,"rad54l",2.23964466842049e-05,0.98268461509729,0.999223513981536
"667",25,"st3gal3a",-0.00338315130649147,0.32696870728633,0.990065078286043
"668",25,"LOC111573629",0.00234817806435694,0.433115914648588,0.996463890020745
"669",25,"LOC111566523",-0.000650051217755723,0.848691289444967,0.997363418139039
"670",25,"adcyap1r1b",0.00177118354098091,0.645592969412141,0.997363418139039
"671",25,"cyldl",-0.000984030172868574,0.310087458369632,0.990065078286043
"672",25,"zc3h3",-0.00255316505186609,0.25233023016189,0.990065078286043
"673",25,"tut4",0.00035106328321996,0.866132420268451,0.997363418139039
"674",25,"vcam1b",0.00472731101725928,0.18052336569807,0.990065078286043
"675",25,"LOC111582127",-0.000685522970122912,0.5504025989545,0.997363418139039
"676",25,"LOC111582129",-0.0012596877797936,0.387293653821732,0.99604104921104
"677",25,"rgs4",0.000371117216829958,0.866344783293367,0.997363418139039
"678",25,"nos1apa",-0.00395164704284731,0.41688276785944,0.996463890020745
"679",25,"LOC111573383",-0.000262262411015389,0.93571608587213,0.998607408853002
"680",25,"pycr3",6.10384535229811e-05,0.952329836959668,0.998607408853002
"681",25,"LOC111573385",-0.000160143003251652,0.941504743553325,0.998607408853002
"682",25,"gmds",0.00173089571699052,0.566999904276918,0.997363418139039
"683",25,"exoc2",0.00107876073276612,0.70006344008893,0.997363418139039
"684",25,"LOC111569887",-0.00629976046173551,0.155661811386717,0.971621725888687
"685",25,"tbc1d7",-7.40791118066536e-05,0.955252887523713,0.998607408853002
"686",25,"phactr1",-0.00455661058456893,0.227051425566694,0.990065078286043
"687",25,"LOC111569881",0.00327922380866198,0.0358394427251914,0.821359352393538
"688",25,"LOC111569882",0.00265970485274432,0.473666198205574,0.997363418139039
"689",25,"igfbp3",-0.0010943315191581,0.305094034506272,0.990065078286043
"690",25,"LOC111569880",-7.43583995646239e-05,0.955189935167286,0.998607408853002
"691",25,"rgs16",-0.0016689467039151,0.0179580306715762,0.811535974992135
"692",25,"rgs8",-0.00028177437127203,0.867659756235598,0.997363418139039
"693",25,"brinp3a.1",-0.00113419751903629,0.702655417430658,0.997363418139039
"694",25,"brinp3a.2",-1.41733812012317e-05,0.997225191169062,0.999223513981536
"695",25,"uchl5",-0.00268867802424357,0.417517416785188,0.996463890020745
"696",25,"glrx2",-0.00167637415728102,0.314072454239033,0.990065078286043
"697",25,"LOC111575815",-0.00216286641060881,0.566479598409093,0.997363418139039
"698",25,"cfh",0.00596585455175647,0.0429464195919644,0.825068516318458
"699",25,"fnbp1l",-3.65294373507048e-05,0.987793077492603,0.999223513981536
"700",25,"ttc14",-0.000477449264867471,0.908510752828445,0.998213961771008
"701",25,"fxr1",-0.00141565976821222,0.186865659504926,0.990065078286043
"702",25,"dnajc19",0.00111280219607485,0.331790624744628,0.990065078286043
"703",25,"LOC111583585",-0.00108138960694791,0.454989567375395,0.997363418139039
"704",25,"atp11b",-0.000631746211552249,0.894405494037846,0.998213961771008
"705",25,"mccc1",-0.00200223882928696,0.118243756097369,0.927025251088176
"706",25,"LOC111588464",-0.00541727814521211,0.0655230809096752,0.869097537705332
"707",25,"zmat3",-0.00301544907776283,0.355549602960452,0.990065078286043
"708",25,"fam102bb",0.000295477753327725,0.925039340804932,0.998213961771008
"709",25,"LOC111588462",-0.00117442655228537,0.183947871672015,0.990065078286043
"710",25,"LOC111588468",-0.00049224333674395,0.756533797662393,0.997363418139039
"711",25,"cp",8.47101520292141e-05,0.927475760518706,0.998213961771008
"712",25,"LOC111571026",0.0045235152530788,0.0299329438048182,0.814336317015072
"713",25,"ncbp2",0.000622851586819212,0.540318241859366,0.997363418139039
"714",25,"fkbp2",0.00405372378252946,0.144587729764906,0.964602715329076
"715",25,"meltf",0.000281269736933598,0.688321031391441,0.997363418139039
"716",25,"LOC111580207",0.00319741133628734,0.716257157962508,0.997363418139039
"717",25,"lrrc7",-0.0105382909413866,0.240313674932276,0.990065078286043
"718",25,"nasp",0.00038409611302815,0.714938033304701,0.997363418139039
"719",25,"gpc1a",0.000431756963000764,0.800319722495235,0.997363418139039
"720",25,"LOC111567450",0.000297806892773375,0.953397895483494,0.998607408853002
"721",25,"syde2",-0.00226783678997364,0.687830024454843,0.997363418139039
"722",25,"c2h1orf52",-0.000803460822870973,0.572880248766452,0.997363418139039
"723",25,"znhit6",-0.000442516836958679,0.714709650391676,0.997363418139039
"724",25,"ddah1",0.00105888705325764,0.824910671455698,0.997363418139039
"725",25,"ap1m3",0.000687629542345936,0.763049457318601,0.997363418139039
"726",25,"LOC111578992",0.00177758908504248,0.470122887607544,0.997363418139039
"727",25,"LOC118471328",-0.0031870639780383,0.424106159957468,0.996463890020745
"728",25,"lrp8",-0.000518933476418116,0.943114903100887,0.998607408853002
"729",25,"kank4",0.00226089286889258,0.193052087544636,0.990065078286043
"730",25,"usp1",0.000397000416910278,0.744299355367671,0.997363418139039
"731",25,"LOC118471001",-0.00134771231274644,0.332775167810624,0.990065078286043
"732",25,"dock7",0.000566633849553302,0.895042319338156,0.998213961771008
"733",25,"atg4c",-0.000894908573073067,0.408093440462187,0.996463890020745
"734",25,"alg6",-0.00224083754846755,0.0243039830816989,0.811535974992135
"735",25,"efcab7",-2.24008062704638e-06,0.998141942771341,0.999223513981536
"736",25,"pgm1",0.00181082427709869,0.334388741727751,0.990065078286043
"737",25,"ror1",-0.000776095814897727,0.48069484168231,0.997363418139039
"738",25,"cachd1",0.0011288658556171,0.761670992740424,0.997363418139039
"739",25,"raver2",-0.00629101938954496,0.236769958143476,0.990065078286043
"740",25,"LOC118471695",-0.0006900002699354,0.576529556926856,0.997363418139039
"741",25,"jak1",-0.00392024945460483,0.26956674388425,0.990065078286043
"742",25,"LOC118471645",-0.000901143489943391,0.773259950498489,0.997363418139039
"743",25,"ak4",-0.000917813617554526,0.104065205613622,0.912203428875534
"744",25,"dnajc6",0.00377506268167848,0.451827494394434,0.997349209298109
"745",25,"LOC129350765",0.00105935376862447,0.344849126998335,0.990065078286043
"746",25,"lurap1",-0.00184232975778121,0.559671765287435,0.997363418139039
"747",25,"LOC129350878",3.63502843739415e-05,0.977626735400428,0.999223513981536
"748",25,"pars2",0.00105738786006336,0.122081083018523,0.930634167332138
"749",25,"sgip1a",-0.0020833675446706,0.609774714577077,0.997363418139039
"750",25,"pde4ba",-8.09493638798071e-05,0.990582564701047,0.999223513981536
"751",25,"LOC111564785",0.00132851913673613,0.429440497834856,0.996463890020745
"752",25,"anos1b",0.000287453821104156,0.732514555346593,0.997363418139039
"753",25,"swt1",0.000345339928861506,0.66729089592672,0.997363418139039
"754",25,"ivns1abpa",0.00128781966467778,0.407358822408817,0.996463890020745
"755",25,"LOC111564783",-0.00101862160513509,0.407636335673652,0.996463890020745
"756",25,"arpc5b",-0.00152423196405283,0.357068306240799,0.990065078286043
"757",25,"tprb",-0.00153320413361626,0.121422606862945,0.930634167332138
"758",25,"fcho1",-0.00802691595451698,0.0834479428244249,0.877876627611259
"759",25,"acsbg2",-0.000362981840433298,0.789515072759277,0.997363418139039
"760",25,"adamts10",-0.00161840235008076,0.486309913265405,0.997363418139039
"761",25,"mknk2b",0.000173463170921627,0.893518141375315,0.998213961771008
"762",25,"rexo1",-0.00186064009987622,0.141530002910621,0.961176492579385
"763",25,"csnk1g2b",-0.00257266913651928,0.633101917321427,0.997363418139039
"764",25,"ano8b",-0.000291184610799189,0.967874313302528,0.999223513981536
"765",25,"LOC111585697",-0.00208008420927996,0.159194508722723,0.978511673467358
"766",25,"nek7",0.000851797288493551,0.220153546663222,0.990065078286043
"767",25,"lhx9",-0.00221648452995441,0.0455930287292627,0.837578287637434
"768",25,"dennd1b",-0.00685007574455689,0.160268759337372,0.981169831773213
"769",25,"axdnd1",-0.000211224753995861,0.795775805122207,0.997363418139039
"770",25,"fam163ab",0.00205527068533589,0.612021880916318,0.997363418139039
"771",25,"rabgap1l",-0.0106208097208075,0.0128761829299291,0.811535974992135
"772",25,"gpr52",0.00105564124809877,0.776898898311755,0.997363418139039
"773",25,"LOC118469178",0.00173370064972781,0.0272710605011536,0.811535974992135
"774",25,"LOC111573872",-0.00123413507211539,0.78795996392822,0.997363418139039
"775",25,"homer3b",0.00170216835565346,0.338691127548822,0.990065078286043
"776",25,"LOC111573882",0.00252113556162255,0.178144033350826,0.990065078286043
"777",25,"LOC111573935",-0.00297376626652534,0.0396714364579952,0.821523944916278
"778",25,"lsm4",-0.00101736895645918,0.689105267518843,0.997363418139039
"779",25,"LOC111574058",-0.000143894144608241,0.829405115635,0.997363418139039
"780",25,"LOC111573912",-0.00184357683269722,0.255975500662347,0.990065078286043
"781",25,"rab3ab",-0.0073616586891949,0.00768148312810611,0.811535974992135
"782",25,"mpv17l2",0.000168487021108535,0.817615055838958,0.997363418139039
"783",25,"LOC111573959",-0.00352311688567296,0.138924950686191,0.957578775787136
"784",25,"ifi30b",-0.00049896731154171,0.602871199165277,0.997363418139039
"785",25,"LOC111573943",-0.000778899094680686,0.871194589964507,0.997363418139039
"786",25,"LOC111582776",-0.000180127298115378,0.923391068809438,0.998213961771008
"787",25,"dazap1",0.00668838797931481,0.279400641800902,0.990065078286043
"788",25,"ndufs7",-0.00827922411124744,0.0062107011373586,0.811535974992135
"789",25,"ctdspl3",0.00105845220943777,0.560240199643238,0.997363418139039
"790",25,"abca7",0.00108039921091858,0.628235222032695,0.997363418139039
"791",25,"slc35e1",0.000262972093115401,0.925353722343816,0.998213961771008
"792",25,"smim7",0.00158830057461584,0.189066841642556,0.990065078286043
"793",25,"LOC111584565",-0.000250746909802622,0.835228995404546,0.997363418139039
"794",25,"tmem38a",0.00227942855543058,0.376386427474687,0.991163825330808
"795",25,"crtc1b",0.00246137225091411,0.312857368894169,0.990065078286043
"796",25,"mast3b",-0.000616644371636506,0.618915454302044,0.997363418139039
"797",25,"ndufa7",-0.000125841627346654,0.888007139883681,0.998213961771008
"798",25,"LOC111576563",0.00236476131287344,0.381838838256445,0.994178977860021
"799",25,"cluap1",0.000113422312121983,0.853299553607626,0.997363418139039
"800",25,"ccdc124",0.000580658714229409,0.651957114577174,0.997363418139039
"801",25,"kdm4b",-0.0104243320722234,0.0145816750280941,0.811535974992135
"802",25,"LOC129347328",-0.00044028611325924,0.748345494418517,0.997363418139039
"803",25,"LOC111569496",-0.000353786069623621,0.732511474679767,0.997363418139039
"804",25,"ptprsa",-0.00267311000726789,0.781855335247003,0.997363418139039
"805",25,"si:zfos-943e10.1",0.00185724798378792,0.0634871155337428,0.869097537705332
"806",25,"LOC111580074",-0.00416682171708642,0.131379714000887,0.945585819569454
"807",25,"camsap2a",0.000803269717309191,0.857482810314528,0.997363418139039
"808",25,"ddx59",0.000194113345970889,0.820900279690372,0.997363418139039
"809",25,"LOC118470954",0.00268267071798269,0.488722437454963,0.997363418139039
"810",25,"srek1ip1",0.00127542305779702,0.124347287194291,0.930634167332138
"811",25,"ncl",-0.00260361725727098,0.458625269913473,0.997363418139039
"812",25,"b3gnt7",0.000386970096981525,0.612862848547456,0.997363418139039
"813",25,"LOC111574896",-0.000789154323917439,0.517847572753642,0.997363418139039
"814",25,"mfsd8l1",-0.000973932003714358,0.348123570548724,0.990065078286043
"815",25,"LOC111586506",0.000395781510261602,0.881878053232925,0.998213961771008
"816",25,"nmur1a",0.000210720826029281,0.810930307348301,0.997363418139039
"817",25,"dynlt2b",0.00130717852636461,0.403720847457365,0.996463890020745
"818",25,"rubcn",0.00291807413464742,0.082841345325243,0.877876627611259
"819",25,"tsc22d2",-0.00429845846532112,0.0506237876947821,0.84618751263396
"820",25,"LOC118471034",-0.000854787099904422,0.587516548687023,0.997363418139039
"821",25,"LOC111575594",0.0029634785899222,0.603941733847031,0.997363418139039
"822",25,"rnf13",-0.00226549133307866,0.53938354149758,0.997363418139039
"823",25,"LOC111575595",0.000565999851240729,0.794820470200812,0.997363418139039
"824",25,"LOC129350376",-0.00398344573877734,0.115728470978939,0.925078167557776
"825",25,"psmd1",-6.69131536223506e-05,0.967770763531139,0.999223513981536
"826",25,"opa1",0.000394412716494774,0.880762592349697,0.998213961771008
"827",25,"atp13a3",0.000322313592205008,0.907452772221577,0.998213961771008
"828",25,"thop1",0.00126021167947565,0.537475666134961,0.997363418139039
"829",25,"sgta",-0.000129657556838668,0.951256030232836,0.998607408853002
"830",25,"LOC111563981",0.00228691060191419,0.0298092912211684,0.814336317015072
"831",25,"apc2",-0.00561584953595223,0.0488682426627468,0.84618751263396
"832",25,"diras1a",-0.00178853631623122,0.456122893289699,0.997363418139039
"833",25,"si:ch73-60h1.1",0.00399637335506734,0.309391701979789,0.990065078286043
"834",25,"fam174c",0.00162552044615578,0.0307758950241022,0.814336317015072
"835",25,"hdlbpa",-0.0023502534700405,0.257426278776541,0.990065078286043
"836",25,"sox14",-0.00480011241960044,0.320498254114099,0.990065078286043
"837",25,"LOC111575097",0.00195632286149012,0.0795982455592949,0.871360915888879
"838",25,"lrrc8db",0.00243500219025226,0.0447655502043293,0.835539982155957
"839",25,"znf644b",0.000619979451093398,0.794157013890441,0.997363418139039
"840",25,"brdt",7.31087790577023e-05,0.976220679227044,0.999223513981536
"841",25,"ephx4",-0.00302396462241642,0.284903932655755,0.990065078286043
"842",25,"btbd8",-0.000613797868921684,0.854930338339768,0.997363418139039
"843",25,"evi5b",0.000101237556001654,0.961860802925409,0.998789723674583
"844",25,"LOC111579955",-0.00104383679337617,0.762484165463104,0.997363418139039
"845",25,"dipk1a",0.00206881470807577,0.105451737848871,0.912203428875534
"846",25,"gng12b",-0.00168155858873704,0.0878801711326463,0.8848525864663
"847",25,"gadd45ab",5.47289905273872e-05,0.940762075474512,0.998607408853002
"848",25,"LOC111579959",-0.00116393594203075,0.632184036786083,0.997363418139039
"849",25,"med8",0.000772590879381023,0.634660783756937,0.997363418139039
"850",25,"tmco1",-0.000105191167162896,0.97237482553398,0.999223513981536
"851",25,"uck2a",-0.000390205709208667,0.501463511111419,0.997363418139039
"852",25,"magoh",-0.0013129989587478,0.433568740293005,0.996463890020745
"853",25,"cpt2",0.00248148726032864,0.0603703839654208,0.869097537705332
"854",25,"scp2b",0.00249292211908981,0.306140769753887,0.990065078286043
"855",25,"akr1a1b",0.000852779759453735,0.33625618494392,0.990065078286043
"856",25,"uhmk1",0.000147227547110921,0.910431389288805,0.998213961771008
"857",25,"tbl1xr1a",-0.00530219804973691,0.315541968128574,0.990065078286043
"858",25,"si:ch211-51h4.2",0.00239511571319504,0.307963888739208,0.990065078286043
"859",25,"LOC111562694",0.00561182205612322,0.351187086789619,0.990065078286043
"860",25,"nlgn1",-0.002092460530458,0.729510598943645,0.997363418139039
"861",25,"ect2",0.00187808431312514,0.182701928457571,0.990065078286043
"862",25,"mcf2l2",-0.00494102031910383,0.366985298331331,0.990313911305458
"863",25,"LOC111588740",0.00250757398849798,0.683002632024214,0.997363418139039
"864",25,"ddx10",-0.000124574983375689,0.935333717658957,0.998607408853002
"865",25,"szt2",0.00340077324568418,0.338673575565002,0.990065078286043
"866",25,"LOC118469638",-0.00104567980841402,0.425704604694481,0.996463890020745
"867",25,"ptprfa",-0.00121767352947596,0.785583387577319,0.997363418139039
"868",25,"LOC111588723",-0.000932992201228321,0.697758288265611,0.997363418139039
"869",25,"si:ch211-152f22.4",9.67337812141858e-05,0.909551599116075,0.998213961771008
"870",25,"atg4b",-0.000959671772480108,0.479227381486411,0.997363418139039
"871",25,"LOC111565048",-7.02388707235397e-05,0.982476671788525,0.999223513981536
"872",25,"kif1aa",0.00230385289472347,0.660709549974841,0.997363418139039
"873",25,"scly",0.00111476484507616,0.217048792710867,0.990065078286043
"874",25,"LOC111565037",-0.000990429409842882,0.250384589287791,0.990065078286043
"875",25,"crocc2",-3.76774782050454e-05,0.958760429508433,0.998607408853002
"876",25,"ryk",0.00176429880919362,0.0684120302591975,0.869550081520816
"877",25,"rab6ba",-0.00166121550815789,0.54425545185004,0.997363418139039
"878",25,"cep63",-1.37256118580992e-05,0.984101305411279,0.999223513981536
"879",25,"sap130a",0.0011632184680795,0.389463349521336,0.996463890020745
"880",25,"smx5",-0.000120688745282554,0.932750227902394,0.998287452144299
"881",25,"lpp",-0.00278373226589556,0.021606420112783,0.811535974992135
"882",25,"tp63",-0.00210117626060459,0.049639061500637,0.84618751263396
"883",25,"dpt",-0.00127630093812804,0.249277705168776,0.990065078286043
"884",25,"atp1b1a",1.93374815546294e-05,0.996251159139094,0.999223513981536
"885",25,"nme7",-0.000157443440896754,0.905023167580411,0.998213961771008
"886",25,"zgc:172121",-0.00023078893742885,0.642170869356237,0.997363418139039
"887",25,"LOC111582634",-0.000376863098349493,0.810799466736297,0.997363418139039
"888",25,"tmem131",8.89567856458882e-05,0.976785225540168,0.999223513981536
"889",25,"ube3a",-0.000264544968252175,0.80915364122711,0.997363418139039
"890",25,"herc2",0.00364653996475653,0.39642043513053,0.996463890020745
"891",25,"nipa2",-0.000504740735326087,0.719668700044878,0.997363418139039
"892",25,"tubgcp5",-0.000715817624273577,0.694929199360592,0.997363418139039
"893",25,"chst7",0.000748364973319835,0.43279768848286,0.996463890020745
"894",25,"slc9a7",0.00141364616710839,0.752526955496306,0.997363418139039
"895",25,"plcxd1",0.000862402529318657,0.563511007044187,0.997363418139039
"896",25,"tbc1d23",-0.000670901478988578,0.670000773821247,0.997363418139039
"897",25,"tomm70a",0.00424511976524546,0.376339485485566,0.991163825330808
"898",25,"LOC111581783",-0.00585791670207154,0.01251690555036,0.811535974992135
"899",25,"LOC111581777",0.00173434793569755,0.707289198150933,0.997363418139039
"900",25,"LOC111581775",-0.00138307999456566,0.257392955965496,0.990065078286043
"901",25,"LOC111581776",-0.00079497779718854,0.672501606882781,0.997363418139039
"902",25,"nhsa",-0.00139013716889153,0.674913822106968,0.997363418139039
"903",25,"reps2",0.00165821944004048,0.67647838338517,0.997363418139039
"904",25,"cltrn",0.000728304929943503,0.357828096705479,0.990065078286043
"905",25,"LOC111570238",-0.000813233342554941,0.896975880931798,0.998213961771008
"906",25,"prdm5",-0.000920042262718766,0.267372037748824,0.990065078286043
"907",25,"ndnf",-0.000381445885575891,0.9205976565351,0.998213961771008
"908",25,"cpeb2",-0.00532911228364776,0.11303356102364,0.921820201924075
"909",25,"cc2d2a",0.00163158869104739,0.157419539175013,0.97601767855096
"910",25,"fbxl5",-0.0038656315092179,0.367350493687838,0.990313911305458
"911",25,"nek1",-0.00336738942037737,0.0553642952143297,0.856360596151954
"912",25,"sh3rf1",0.000259875981420965,0.954267974167384,0.998607408853002
"913",25,"cbr4",0.000430480786810135,0.664922902687574,0.997363418139039
"914",25,"palld",-0.000807495020029404,0.5569810349076,0.997363418139039
"915",25,"LOC118470066",-0.00296565420931317,0.23182420921648,0.990065078286043
"916",25,"slain2",0.000563471269838597,0.745085783193634,0.997363418139039
"917",25,"LOC129349939",0.00108059447283214,0.219612644562099,0.990065078286043
"918",25,"fryl",0.00335220169811436,0.346431095623035,0.990065078286043
"919",25,"dcun1d4",-0.001774998199893,0.372534215366763,0.990398034861638
"920",25,"sgcb",0.00224802935941595,0.463521804456354,0.997363418139039
"921",25,"LOC129349833",9.18549590252841e-05,0.889322946592224,0.998213961771008
"922",25,"usp46",-0.000546432476268715,0.787104944295483,0.997363418139039
"923",25,"scfd2",0.00199833505338922,0.597313955182903,0.997363418139039
"924",25,"lnx1",-0.00021566569512953,0.90744575358949,0.998213961771008
"925",25,"clocka",-0.00127227896278304,0.635189697263712,0.997363418139039
"926",25,"exoc1",0.00112003814090284,0.441665486535627,0.996463890020745
"927",25,"cracd",-0.000998679697081296,0.863182730206246,0.997363418139039
"928",25,"paics",0.000535465832745865,0.739706805985746,0.997363418139039
"929",25,"LOC111569606",-0.00343843854799249,0.346107788129891,0.990065078286043
"930",25,"rabggta",-0.00402964395742266,0.00857650997630994,0.811535974992135
"931",25,"LOC111569618",-0.00190479564629187,0.531139909199935,0.997363418139039
"932",25,"impact",0.000821537832307439,0.51466573701742,0.997363418139039
"933",25,"osbpl1a",-0.00243436920855365,0.481142709131227,0.997363418139039
"934",25,"ankrd29",-7.34177840074298e-05,0.971500038170505,0.999223513981536
"935",25,"plekhb2",-0.00297224889484174,0.139726701496646,0.957578775787136
"936",25,"pigx",0.00343657536581172,0.0111187881379995,0.811535974992135
"937",25,"pak2b",0.00028371773112595,0.798171408340118,0.997363418139039
"938",25,"rpp21",-0.000435821355286622,0.631047278974623,0.997363418139039
"939",25,"usp24",-0.00191800142017756,0.157956961897624,0.976323521355191
"940",25,"prkaa2",-4.87049200088381e-05,0.963288752560511,0.998789723674583
"941",25,"dab1a",0.00281973329252035,0.514342539083622,0.997363418139039
"942",25,"oma1",-0.00112296381871365,0.175402684491078,0.990065078286043
"943",25,"mysm1",-0.00070176158103271,0.588136314430087,0.997363418139039
"944",25,"suco",-0.00189744655018415,0.593525310652753,0.997363418139039
"945",25,"itpa",0.000166293504243689,0.883803978599454,0.998213961771008
"946",25,"vamp4",-0.000878258741840439,0.60393581280202,0.997363418139039
"947",25,"prrc2c",-0.00467123732414722,0.12677657623857,0.934205669473361
"948",25,"plpp6",0.000528981204118857,0.895103510377407,0.998213961771008
"949",25,"prdx6",0.00459884396827448,0.124734333163562,0.930634167332138
"950",25,"jun",0.000634978907688726,0.467480758064813,0.997363418139039
"951",25,"fam20b",7.56760360146538e-05,0.976284677975946,0.999223513981536
"952",25,"ralgps2",0.000181027474607992,0.924070739973152,0.998213961771008
"953",25,"angptl1a",-0.00080629615479369,0.436074086558585,0.996463890020745
"954",25,"LOC111584868",-0.000490113437142594,0.54873813804016,0.997363418139039
"955",25,"LOC111564997",0.0060764476840284,0.13768637795863,0.957578775787136
"956",25,"LOC111564981",0.000683883724289712,0.560985472866737,0.997363418139039
"957",25,"LOC111564982",-0.00189685501587749,0.125672774096556,0.932474606040125
"958",25,"LOC111564995",-0.00124249364870063,0.612202622413847,0.997363418139039
"959",25,"hook1",-0.000409353212914165,0.844915473575348,0.997363418139039
"960",25,"LOC111586281",-0.00103301512614951,0.486476107885098,0.997363418139039
"961",25,"serbp1a",-0.00213113117266781,0.499545499481986,0.997363418139039
"962",25,"ubxn6",-0.000765490674338785,0.37515772481147,0.991163825330808
"963",25,"scamp4",0.000989115505073149,0.365450823536229,0.990065078286043
"964",25,"fsd1",-0.0012705985390976,0.692453275719048,0.997363418139039
"965",25,"LOC111563469",-0.0012867220418541,0.308201193170158,0.990065078286043
"966",25,"pip5k1ca",-0.000861820829833994,0.712384650375782,0.997363418139039
"967",25,"gpx4a",-0.00189491827745076,0.529076229996607,0.997363418139039
"968",25,"si:ch73-63e15.2",0.0034164278198112,0.222546392226375,0.990065078286043
"969",25,"hapln4",0.0051600473850868,0.145454264777396,0.964602715329076
"970",25,"ncanb",-0.00554424511140734,0.371572068799771,0.990398034861638
"971",25,"borcs8",-0.00226982437855319,0.118086716156286,0.927025251088176
"972",25,"LOC118470501",0.00103597726243682,0.835790176868741,0.997363418139039
"973",25,"LOC111570643",-0.00156318151075085,0.562035975766445,0.997363418139039
"974",25,"LOC111570662",0.00091854743956559,0.593161326818613,0.997363418139039
"975",25,"gatad2ab",0.00279842243458036,0.0458992626760014,0.838471810612285
"976",25,"yjefn3",-0.00422000832458906,0.0710589882322197,0.869550081520816
"977",25,"LOC129350158",0.000274857052626527,0.846590365069388,0.997363418139039
"978",25,"midn",-0.00644194525987292,0.0682221486643699,0.869550081520816
"979",25,"atp5f1d",0.00133247507660526,0.617165299047919,0.997363418139039
"980",25,"cbarpb",0.000171588091359409,0.946134528448354,0.998607408853002
"981",25,"LOC111579114",-0.00117323933340214,0.404910815107523,0.996463890020745
"982",25,"bsg",0.00233960893753179,0.535765679768791,0.997363418139039
"983",25,"hcn2b",0.00272578114835623,0.221085271343405,0.990065078286043
"984",25,"polrmt",-0.000598190827606324,0.699479541012492,0.997363418139039
"985",25,"LOC111578534",0.00075993715624655,0.786655266415888,0.997363418139039
"986",25,"micos13",-0.000377108974260818,0.701067027242415,0.997363418139039
"987",25,"celf5a",0.00245700869824343,0.562544374528739,0.997363418139039
"988",25,"rxfp3.2b",-0.0021412533040948,0.147397125496709,0.965295556857902
"989",25,"LOC111574483",-0.00217253072257164,0.658704670675691,0.997363418139039
"990",25,"hmg20b",-0.00242478578067125,0.165238307180964,0.983634964087825
"991",25,"unc13a",-0.00118816158793949,0.549155309279374,0.997363418139039
"992",25,"mbd3b",-0.00189488015078645,0.578494796594523,0.997363418139039
"993",25,"LOC111568216",-0.000165358682298107,0.951971026076508,0.998607408853002
"994",25,"tcf3b",0.000474970079352507,0.88712748217281,0.998213961771008
"995",25,"zbtb7a",0.000856587994013274,0.425969932991407,0.996463890020745
"996",25,"map2k2a",0.00076623036405465,0.70763967509863,0.997363418139039
"997",25,"pias4a",-0.00473542821145233,0.0389209462210109,0.821523944916278
"998",25,"lingo3a",0.00372684807383644,0.287213190131885,0.990065078286043
"999",25,"LOC111584150",-0.00100066591462096,0.29432896009149,0.990065078286043
"1000",25,"oaz1a",-0.004850797499005,0.212581592565942,0.990065078286043
"1001",25,"dot1l",-0.00367757510348155,0.243583675801513,0.990065078286043
"1002",25,"ell",-0.00259041992441418,0.549260051964081,0.997363418139039
"1003",25,"fkbp8",-0.000248060312410409,0.917157071256787,0.998213961771008
"1004",25,"ssbp4",-0.00232241179077563,0.59032987074144,0.997363418139039
"1005",25,"tmem59l",0.00609683063919736,0.122164148684015,0.930634167332138
"1006",25,"rex1bd",0.00110346474887991,0.24151204113263,0.990065078286043
"1007",25,"fam78bb",-0.00174950863557368,0.513343172125342,0.997363418139039
"1008",25,"slc35a3a",0.000223092295852627,0.720593305830895,0.997363418139039
"1009",25,"sec22bb",0.000600779502108962,0.722853972058297,0.997363418139039
"1010",25,"edem3",0.000549548890155525,0.780324327817725,0.997363418139039
"1011",25,"zgc:92140",0.00205675670047656,0.38712368551023,0.99604104921104
"1012",25,"abhd17ab",0.000652867629669913,0.653681082979382,0.997363418139039
"1013",25,"zgc:77486",-0.00297482546050167,0.111598727845673,0.921820201924075
"1014",25,"sema6bb",-0.00123947025858986,0.405791568719018,0.996463890020745
"1015",25,"sh3gl1b",-0.00068225328783343,0.124965323590286,0.930634167332138
"1016",25,"mpnd",-0.00019684028572668,0.93031420440429,0.998213961771008
"1017",25,"LOC111583907",0.00262396190987621,0.466840608184115,0.997363418139039
"1018",25,"ssbp3b",-0.00115528927754102,0.73679280850486,0.997363418139039
"1019",25,"tnni3k",-0.000411534885738904,0.679198925667561,0.997363418139039
"1020",25,"slc44a5b",-0.000944250437091124,0.838427391145572,0.997363418139039
"1021",25,"st6galnac5b",0.000228876366397732,0.885286760054334,0.998213961771008
"1022",25,"btf3l4",-0.000163910629208564,0.827356251026804,0.997363418139039
"1023",25,"zfyve9b",0.000938319651230448,0.690069538682675,0.997363418139039
"1024",25,"LOC129349721",0.000449544458867732,0.612792330657783,0.997363418139039
"1025",25,"mob3c",0.00268330554518595,0.147485793301727,0.965295556857902
"1026",25,"mknk1",-0.0011694507433555,0.282659706005935,0.990065078286043
"1027",25,"LOC129350428",-0.000848016029156175,0.517533345946596,0.997363418139039
"1028",25,"LOC111577742",0.00309947294893676,0.359301794458349,0.990065078286043
"1029",25,"timm44",-4.02626090585301e-05,0.96753941807889,0.999223513981536
"1030",25,"hnrnpm",0.000540580211293403,0.894749915533339,0.998213961771008
"1031",25,"dmap1",-0.000961983200346984,0.499577667323544,0.997363418139039
"1032",25,"mindy4",0.00425320734286245,0.0494996817631943,0.84618751263396
"1033",25,"tab3",-0.0012262895069042,0.209023002103268,0.990065078286043
"1034",25,"tmem47",0.000865409067098404,0.719996176568119,0.997363418139039
"1035",25,"c3h12orf4",0.00200748854408439,0.246010072208233,0.990065078286043
"1036",25,"LOC111572082",-0.00451033530026392,0.121990606502946,0.930634167332138
"1037",25,"LOC111572106",0.000134403660448142,0.866619552875541,0.997363418139039
"1038",25,"ccnd2a",-0.00167404179593496,0.039083388799595,0.821523944916278
"1039",25,"cdh13",0.00766706735652228,0.291436157299495,0.990065078286043
"1040",25,"LOC129348587",-0.000197698389364579,0.819946402828827,0.997363418139039
"1041",25,"mlycd",-0.00318664180405427,0.17476951131969,0.990065078286043
"1042",25,"hsbp1b",0.00226357055958556,0.141252436243898,0.961176492579385
"1043",25,"kcng4a",-0.00555505375922673,0.18957960483992,0.990065078286043
"1044",25,"si:dkey-246g23.4",0.00572133901971886,0.415873686014766,0.996463890020745
"1045",25,"wfdc1",0.0033457711006079,0.0939339407282069,0.893244469935295
"1046",25,"dyrk4",-0.000109685070084989,0.930699905488955,0.998213961771008
"1047",25,"ndufa9a",0.00193343584837512,0.333944599422425,0.990065078286043
"1048",25,"ada2a",0.00159826903563516,0.0350285639252909,0.821359352393538
"1049",25,"slc25a18",-0.00021323210158429,0.811864921801415,0.997363418139039
"1050",25,"bcl2l13",-0.000268760462459318,0.84240726200584,0.997363418139039
"1051",25,"agk",-0.00221896098303959,0.0135250123775001,0.811535974992135
"1052",25,"nup205",0.000425558441870131,0.600854082247982,0.997363418139039
"1053",25,"fgd4a",-0.000933442703455785,0.566926911054239,0.997363418139039
"1054",25,"bicd1a",-0.00096286904923584,0.663298685007766,0.997363418139039
"1055",25,"tmtc2b",-0.000799137877647633,0.71919091833448,0.997363418139039
"1056",25,"tspan9a",0.0026998171256566,0.101851155144281,0.912203428875534
"1057",25,"mical3a",-0.00289160224151652,0.502951606708352,0.997363418139039
"1058",25,"si:ch211-1e14.1",-0.0024874546704887,0.431395210849718,0.996463890020745
"1059",25,"hipk2",0.00253896701363736,0.161433917903916,0.982413739736351
"1060",25,"tbxas1",0.00125935915510004,0.332013880349754,0.990065078286043
"1061",25,"srgap1a",-0.00236609311204032,0.450303873710815,0.996463890020745
"1062",25,"rxylt1",-0.00200619316842713,0.490893507853509,0.997363418139039
"1063",25,"LOC111575927",0.000660844470739841,0.714584343372676,0.997363418139039
"1064",25,"LOC111575921",0.002584730288154,0.107358882233154,0.914863809554871
"1065",25,"LOC118471072",0.00152660210155454,0.0377200882151595,0.821523944916278
"1066",25,"rabl2",0.00234471642706929,0.0637120614287744,0.869097537705332
"1067",25,"shank3a",-0.00142829777166399,0.714192763440812,0.997363418139039
"1068",25,"arsa",-5.37386379295586e-05,0.945871874317967,0.998607408853002
"1069",25,"mapk8ip2",-0.00374994458073511,0.563262665092631,0.997363418139039
"1070",25,"chkb",0.000746531503083408,0.620652872955036,0.997363418139039
"1071",25,"bend7",0.000342845672061303,0.773478384487707,0.997363418139039
"1072",25,"prpf18",0.00181412509627781,0.390554457851295,0.996463890020745
"1073",25,"si:dkey-234i14.6",0.000215543598081201,0.85750034290419,0.997363418139039
"1074",25,"wwox",0.0012839603956249,0.547154377282346,0.997363418139039
"1075",25,"nfat5a",-0.00104860992467939,0.543117820631851,0.997363418139039
"1076",25,"LOC111569685",0.000382188513848065,0.64294831983314,0.997363418139039
"1077",25,"hprt1l",0.00156516938172863,0.559218917192687,0.997363418139039
"1078",25,"psmd7",0.000649533614679161,0.712311360611359,0.997363418139039
"1079",25,"LOC111588142",-0.000102577330025058,0.904115617968436,0.998213961771008
"1080",25,"LOC111588128",-0.00101314199093235,0.221759710067007,0.990065078286043
"1081",25,"LOC111588123",0.00129045405831924,0.804820734248194,0.997363418139039
"1082",25,"wnk1a",-0.00226578942796817,0.247707252777487,0.990065078286043
"1083",25,"prr5a",0.000854138750340592,0.644072935149235,0.997363418139039
"1084",25,"tmem60",0.000888749277551985,0.165338389396519,0.983634964087825
"1085",25,"LOC111588135",0.00158216782225975,0.508915606314472,0.997363418139039
"1086",25,"LOC111588148",-8.15787364382913e-05,0.914564490528274,0.998213961771008
"1087",25,"LOC111588130",-0.00454952385253709,0.236852832428689,0.990065078286043
"1088",25,"sinhcaf",-0.00209992400473701,0.115500154780531,0.924580721418995
"1089",25,"LOC111583626",-0.000382054060405845,0.825602646324044,0.997363418139039
"1090",25,"LOC111583624",-0.00548123484597879,0.211864839474207,0.990065078286043
"1091",25,"LOC111585435",-0.00180278816403971,0.554327128595248,0.997363418139039
"1092",25,"LOC111586641",0.00133756692782174,0.282255422839132,0.990065078286043
"1093",25,"LOC111586637",-8.72502433700646e-05,0.932233970078485,0.998213961771008
"1094",25,"polr3b",0.000970423656857232,0.371481827654249,0.990398034861638
"1095",25,"ppfibp1b",-0.000493256984037809,0.734726075094316,0.997363418139039
"1096",25,"bmal2",-0.00207821214289314,0.0709104042181406,0.869550081520816
"1097",25,"ube2na",-0.0026427832587867,0.0729533819425411,0.871360915888879
"1098",25,"nudt4a",0.00216831954708946,0.11923973513174,0.927025251088176
"1099",25,"eea1",0.00196836059839377,0.502847849868714,0.997363418139039
"1100",25,"itpr2",0.0011938931496537,0.274252898489161,0.990065078286043
"1101",25,"sspn",0.00200555733305808,0.0352501191293209,0.821359352393538
"1102",25,"bhlhe41",0.000251512868672714,0.869450535141633,0.997363418139039
"1103",25,"kras",0.00308564304241209,0.30097714232035,0.990065078286043
"1104",25,"LOC118469738",0.00150788858917327,0.4684515300636,0.997363418139039
"1105",25,"banp",0.000620665459119447,0.725809994088991,0.997363418139039
"1106",25,"fbxo31",0.00494848783069346,0.0345781832522237,0.821359352393538
"1107",25,"LOC111562997",-0.00114419993368671,0.379592746341802,0.992485462026592
"1108",25,"polg",0.00153638021044834,0.318625275503092,0.990065078286043
"1109",25,"LOC111563197",0.00167944817844294,0.202790404697543,0.990065078286043
"1110",25,"LOC118469732",-0.000251331581176155,0.947528966667662,0.998607408853002
"1111",25,"man2a2",0.0018066190282655,0.178938044708088,0.990065078286043
"1112",25,"furinb",-0.00122640281567022,0.696141240993413,0.997363418139039
"1113",25,"accs",-0.00117651045881199,0.383298782091721,0.995335609160747
"1114",25,"lrrc4ca",0.0076697220577183,0.0925377970389299,0.889879244497222
"1115",25,"pdhx",-0.000607760271467667,0.861914030264233,0.997363418139039
"1116",25,"cd44b",0.00144733885144639,0.524777303917855,0.997363418139039
"1117",25,"slc1a2b",-0.0159738156941194,0.00961956611599685,0.811535974992135
"1118",25,"fjx1",0.00302634928897379,0.287542357226458,0.990065078286043
"1119",25,"trim44",-0.00145908712732197,0.437231317462347,0.996463890020745
"1120",25,"ldlrad3",-0.000467325427307039,0.526486163496317,0.997363418139039
"1121",25,"phrf1",0.00142049503423247,0.633142782914243,0.997363418139039
"1122",25,"LOC118469116",0.00155889999477906,0.327876909025147,0.990065078286043
"1123",25,"hrasa",0.00350498622999267,0.382745035131604,0.995245543985489
"1124",25,"tsg101a",-0.00268034221209274,0.29154306106506,0.990065078286043
"1125",25,"ldha",-0.000273506133973385,0.920155294396063,0.998213961771008
"1126",25,"brsk2a",-0.00259696034408003,0.690314220493025,0.997363418139039
"1127",25,"abtb2b",-0.000257326350684315,0.845836801759175,0.997363418139039
"1128",25,"b4galnt4a",-0.00352422654006213,0.450092812076616,0.996463890020745
"1129",25,"LOC111578075",0.000233424585845107,0.830479637810763,0.997363418139039
"1130",25,"tmem86a",0.00268859339529148,0.286493522941152,0.990065078286043
"1131",25,"cpt1ab",-0.00178809726435831,0.573905750247863,0.997363418139039
"1132",25,"mrpl23",-0.000395651713578395,0.775634383653413,0.997363418139039
"1133",25,"nap1l4a",0.000246158333736413,0.935642270594174,0.998607408853002
"1134",25,"osbpl5",-1.51046191399877e-05,0.997624004427843,0.999223513981536
"1135",25,"ptpn5",0.00235934447717975,0.554333961752205,0.997363418139039
"1136",25,"dusp8a",-0.00404698680703965,0.440984233896614,0.996463890020745
"1137",25,"mob2a",0.00294845855358079,0.509431844242214,0.997363418139039
"1138",25,"abcc8",-0.000682327820526999,0.84865660314924,0.997363418139039
"1139",25,"LOC129348257",0.00239579729340931,0.0253803700150927,0.811535974992135
"1140",25,"fnbp4",0.00153804604571584,0.279010499269,0.990065078286043
"1141",25,"LOC111563348",-0.00280692242283577,0.0217152621664088,0.811535974992135
"1142",25,"cnot2",-0.000611612107535646,0.773018042888723,0.997363418139039
"1143",25,"washc4",-0.00100034734307363,0.746741786448289,0.997363418139039
"1144",25,"etfbkmt",0.00289647981855365,0.0387742290570481,0.821523944916278
"1145",25,"si:ch73-62b13.1",-0.00224047859372609,0.486712981839788,0.997363418139039
"1146",25,"cry1b",-3.17515738640471e-06,0.99851802368909,0.999223513981536
"1147",25,"btbd11b",-0.0029791481059227,0.344266600335315,0.990065078286043
"1148",25,"panx2",-0.00349883311200191,0.125093496036422,0.930634167332138
"1149",25,"LOC129348536",-0.00044083821638972,0.729670821000868,0.997363418139039
"1150",25,"mtss1la",-0.000541411033347605,0.708045876239728,0.997363418139039
"1151",25,"si:ch211-186j3.6",-0.00728962525910131,0.0165228256888645,0.811535974992135
"1152",25,"uri1",0.00166895733845629,0.287264015067347,0.990065078286043
"1153",25,"neto2b",0.00014911655437274,0.908105101213021,0.998213961771008
"1154",25,"LOC111564883",0.000760552506454356,0.252640967856882,0.990065078286043
"1155",25,"LOC129347853",-0.000554371330275326,0.196082184739164,0.990065078286043
"1156",25,"frmd4a",-0.0101841842418931,0.00591114423515872,0.811535974992135
"1157",25,"rbm28",-0.00379054622313627,0.0208890794547934,0.811535974992135
"1158",25,"lrrc4.2",0.000543357172876662,0.644517788569219,0.997363418139039
"1159",25,"LOC111564882",0.000578777925283334,0.64336666412137,0.997363418139039
"1160",25,"LOC111564876",0.00528902091862049,0.088556313715963,0.8848525864663
"1161",25,"pclob",-0.00725167753334033,0.265616200831483,0.990065078286043
"1162",25,"grm3",0.0014037063433611,0.641860287256143,0.997363418139039
"1163",25,"elapor2a",0.000681943656002053,0.612914816011576,0.997363418139039
"1164",25,"LOC129348560",-0.00311195296467802,0.100718514079739,0.91027423721574
"1165",25,"gtf3c6",-0.00097780844903401,0.326276945539601,0.990065078286043
"1166",25,"calub",-0.000114929172536294,0.93905999873347,0.998607408853002
"1167",25,"dnaja2b",0.00149405360317421,0.549073365019575,0.997363418139039
"1168",25,"ppp6r2b",-0.00100672583200544,0.778652437476293,0.997363418139039
"1169",25,"LOC111586395",-0.000579666890623049,0.550855379002885,0.997363418139039
"1170",25,"c2cd5",0.00844889173310786,0.0531152009200986,0.84618751263396
"1171",25,"b4galnt3b",0.00018858364016643,0.782997096345547,0.997363418139039
"1172",25,"fkbp4",0.0023514624958194,0.19059820046869,0.990065078286043
"1173",25,"wash1",0.000185199044647964,0.929176355332003,0.998213961771008
"1174",25,"iqsec3b",0.000349643870405073,0.824233931687922,0.997363418139039
"1175",25,"cd9a",-0.00136190823778377,0.664872890523073,0.997363418139039
"1176",25,"vwf",-0.000589871562257884,0.62099479597956,0.997363418139039
"1177",25,"LOC111571939",8.37504818965941e-05,0.957449170238843,0.998607408853002
"1178",25,"LOC111571932",-0.0022946336747053,0.240690460666108,0.990065078286043
"1179",25,"igf1ra",0.000100421049230449,0.979186570500033,0.999223513981536
"1180",25,"mef2aa",-0.000356056461502539,0.821831230075442,0.997363418139039
"1181",25,"LOC111564875",0.000917613052033562,0.346314963362898,0.990065078286043
"1182",25,"nr2f2",-0.00165175837581792,0.741029709199127,0.997363418139039
"1183",25,"LOC111564869",-0.00390968522339872,0.0996213171884944,0.906207279368271
"1184",25,"rgma",-0.00268117508688081,0.469347249845766,0.997363418139039
"1185",25,"chd2",-0.00144661596937782,0.550745166169672,0.997363418139039
"1186",25,"fam174b",-0.00346359473225784,0.0395225286901258,0.821523944916278
"1187",25,"st8sia2",-0.000817639743009299,0.552972228557333,0.997363418139039
"1188",25,"slco3a1a",6.30789780519185e-05,0.949982043319687,0.998607408853002
"1189",25,"LOC111585784",-0.00549479186226819,0.108039134818364,0.917246952869275
"1190",25,"sema4ba",0.00100455675731176,0.664261298942856,0.997363418139039
"1191",25,"znf710a",0.00267280927619467,0.0547302327462108,0.856360596151954
"1192",25,"idh2",-0.000348390727316344,0.917714257960676,0.998213961771008
"1193",25,"LOC111582092",-0.00015632388817071,0.847567900724007,0.997363418139039
"1194",25,"rasgrf1",0.00284356333063428,0.533112401007677,0.997363418139039
"1195",25,"blm",0.000726609115281074,0.224845477646538,0.990065078286043
"1196",25,"LOC111580163",0.00407018866927043,0.464039191438897,0.997363418139039
"1197",25,"kti12",-0.000494884707927147,0.642483847701323,0.997363418139039
"1198",25,"tspan3a",-0.00388298201442982,0.146174390836685,0.965295556857902
"1199",25,"scaper",-0.00184859521306113,0.460211196656772,0.997363418139039
"1200",25,"etfa",-0.00391674576486548,0.00993843791059398,0.811535974992135
"1201",25,"tmem266",0.000339802315660679,0.850533753853609,0.997363418139039
"1202",25,"LOC129348249",0.00148955236815594,0.139290209608579,0.957578775787136
"1203",25,"tpm1",-0.00129883101842178,0.692590332731656,0.997363418139039
"1204",25,"tln2b",0.00493515708234185,0.406751169965716,0.996463890020745
"1205",25,"roraa",-6.12236749967456e-05,0.990173139030286,0.999223513981536
"1206",25,"LOC111575449",0.000517674205211675,0.745605012005752,0.997363418139039
"1207",25,"bnip2",-0.00089024752107868,0.446334382583967,0.996463890020745
"1208",25,"LOC111575459",0.00219725108685285,0.159017006782664,0.978511673467358
"1209",25,"otud7a",-0.000631548481007121,0.861253977583338,0.997363418139039
"1210",25,"klf13",-0.000971086290906962,0.810197088802986,0.997363418139039
"1211",25,"LOC111581260",0.000581458537412228,0.678483749064221,0.997363418139039
"1212",25,"acsbg1",-0.000738972276243594,0.624503061261699,0.997363418139039
"1213",25,"idh3a",-0.000894594119542702,0.621544287397973,0.997363418139039
"1214",25,"lrrc61",-0.00121319923986158,0.397121447043093,0.996463890020745
"1215",25,"cib2",0.00137332626473875,0.541806261535602,0.997363418139039
"1216",25,"tbc1d2b",-0.00105449879959756,0.0426149350339187,0.825068516318458
"1217",25,"LOC111587909",-0.000821484050085899,0.376242216604845,0.991163825330808
"1218",25,"usp3",0.00107109325895058,0.569798838131289,0.997363418139039
"1219",25,"neil1",-0.000835693359728881,0.362997422465112,0.990065078286043
"1220",25,"commd4",-0.000288385515665043,0.883521762588962,0.998213961771008
"1221",25,"sema7a",0.00166403667155662,0.634379012948151,0.997363418139039
"1222",25,"islr2",0.00385528471003766,0.325050628467612,0.990065078286043
"1223",25,"stoml1",0.00120150746852676,0.0202804360479715,0.811535974992135
"1224",25,"arih1",0.00159253154102816,0.680026012934108,0.997363418139039
"1225",25,"ppcdc",-0.000602011983641647,0.518848193605846,0.997363418139039
"1226",25,"hacd3",0.000889496805598108,0.755491623915866,0.997363418139039
"1227",25,"ints14",-0.00281517032211611,0.0256424778403522,0.811535974992135
"1228",25,"dennd4a",-0.000292820721619961,0.899948785527069,0.998213961771008
"1229",25,"map2k1",0.00336936819213446,0.187199581277985,0.990065078286043
"1230",25,"rpl4",-0.00869533047030923,0.0693132222923142,0.869550081520816
"1231",25,"snapc5",-0.00123162243015902,0.679251729792342,0.997363418139039
"1232",25,"smad6b",-0.000613813857724635,0.119738750057603,0.927131716509101
"1233",25,"smad3b",5.95147287526005e-05,0.958124880590893,0.998607408853002
"1234",25,"aagab",-0.000526840908871343,0.596571086508369,0.997363418139039
"1235",25,"pias1b",-0.00114273319385085,0.625068987962774,0.997363418139039
"1236",25,"morf4l1",-0.000576919226334739,0.778029475629133,0.997363418139039
"1237",25,"tle3a",0.0003878422646545,0.811640856558488,0.997363418139039
"1238",25,"ddb2",0.000724133189672604,0.656549579878241,0.997363418139039
"1239",25,"kbtbd4",0.000252491933855533,0.724615298953345,0.997363418139039
"1240",25,"ighmbp2",0.00021490815821143,0.766235897410297,0.997363418139039
"1241",25,"chid1",-0.000949333930782888,0.646816423121258,0.997363418139039
"1242",25,"gatd1",-0.000549841440490363,0.621239476003021,0.997363418139039
"1243",25,"tmem258",-0.00155257322718048,0.611106574972021,0.997363418139039
"1244",25,"LOC111582151",-0.000996956669313456,0.128822537854101,0.941058205054249
"1245",25,"eps8l2",-0.000279640083164233,0.565862945899538,0.997363418139039
"1246",25,"fads2",-0.00110426919519547,0.671117187229642,0.997363418139039
"1247",25,"syt7a",-0.0010691005593737,0.744633881357595,0.997363418139039
"1248",25,"slc25a22a",0.00312743357183236,0.211837420828981,0.990065078286043
"1249",25,"fth1b",-0.000176257824670465,0.820879179401416,0.997363418139039
"1250",25,"rab3il1",0.00058647749626361,0.694294353688068,0.997363418139039
"1251",25,"hps5",0.00283434349652104,0.042886195889076,0.825068516318458
"1252",25,"sergef",-0.000393156456937477,0.642725157521006,0.997363418139039
"1253",25,"kcnc1b",-0.00156350242989536,0.701482147417853,0.997363418139039
"1254",25,"LOC111584104",-8.73972932422962e-05,0.961613555297433,0.998789723674583
"1255",25,"LOC111584103",-0.00912715482819445,0.102863481049972,0.912203428875534
"1256",25,"svip",-0.00155630414551836,0.0595805159118271,0.869097537705332
"1257",25,"ano3",2.04277766173111e-05,0.996866059432486,0.999223513981536
"1258",25,"fibina",0.00154795239728698,0.00733853879502563,0.811535974992135
"1259",25,"LOC129347260",-9.6713782605585e-05,0.961227316261567,0.998789723674583
"1260",25,"LOC111570204",0.00096728030179323,0.563674996157997,0.997363418139039
"1261",25,"LOC111577263",0.000402845448781449,0.648527120925854,0.997363418139039
"1262",25,"ap4e1",0.00133830361712962,0.145904005578984,0.964631625281515
"1263",25,"gnb5a",-0.000255660697037952,0.882128835829658,0.998213961771008
"1264",25,"rsl24d1",-0.00106877772627263,0.431928646291662,0.996463890020745
"1265",25,"LOC111577275",-0.000889534526999251,0.362471427748951,0.990065078286043
"1266",25,"LOC111577266",-0.00137772431111563,0.458389093343996,0.997363418139039
"1267",25,"LOC111577716",-0.00207400001459847,0.659949524162793,0.997363418139039
"1268",25,"apba2a",0.000339137414376889,0.688404394920817,0.997363418139039
"1269",25,"tjp1b",0.0055269803371132,0.403720992420611,0.996463890020745
"1270",25,"atp8b4",0.00313677420259778,0.131038235407353,0.944964183863046
"1271",25,"LOC111577712",-0.00283937902790509,0.043639419926296,0.829916232156747
"1272",25,"ctdspl2a",-0.00132515218329885,0.553008707775475,0.997363418139039
"1273",25,"scamp5a",-0.00786249798386727,0.158891459389748,0.978511673467358
"1274",25,"LOC111587600",-0.00406883950866195,0.484245850144431,0.997363418139039
"1275",25,"LOC111587615",-0.00267185297717604,0.343495362411084,0.990065078286043
"1276",25,"edc3",0.00185284916712914,0.110155902034925,0.921292590321416
"1277",25,"nat10",0.000831464443413624,0.304801857153961,0.990065078286043
"1278",25,"caprin1b",-0.000239547952397618,0.771915246402095,0.997363418139039
"1279",25,"lmo2",-0.000921474963140813,0.269432370508237,0.990065078286043
"1280",25,"LOC111573643",-0.000627965932452256,0.799020367911318,0.997363418139039
"1281",25,"si:dkey-29p10.4",-0.000428073525169349,0.637238085803832,0.997363418139039
"1282",25,"LOC111573653",-0.00694530603498304,0.212832470590455,0.990065078286043
"1283",25,"reln",-0.00450827009573885,0.183624107568445,0.990065078286043
"1284",25,"plekha5",-0.00395814304636546,0.174509267125782,0.990065078286043
"1285",25,"LOC111573633",-0.00241368424009606,0.509266394590325,0.997363418139039
"1286",25,"LOC111573642",-0.00308829376850865,0.334541783088709,0.990065078286043
"1287",25,"LOC111573637",-0.000594317760520811,0.609502702042404,0.997363418139039
"1288",25,"LOC111578323",0.000530579424842576,0.739582296582306,0.997363418139039
"1289",25,"hbp1",0.000266767981806458,0.870833403633834,0.997363418139039
"1290",25,"hsp90b1",-0.000994445194052414,0.87197821243684,0.997363418139039
"1291",25,"nt5dc3",0.000536750482323307,0.807512266822004,0.997363418139039
"1292",25,"LOC111574669",-0.00345626400639832,0.171850024599034,0.989728643862784
"1293",25,"LOC111574671",0.000990272113893858,0.738205803908586,0.997363418139039
"1294",25,"nr2c1",-0.00190476737295849,0.0784403456949896,0.871360915888879
"1295",25,"camk1db",0.00456885193288166,0.118510650899595,0.927025251088176
"1296",25,"dhtkd1",0.000762172606671731,0.242389555741592,0.990065078286043
"1297",25,"LOC111566794",-0.00124018422208522,0.716452804792201,0.997363418139039
"1298",25,"taf3",-0.000666224604223849,0.803188143540215,0.997363418139039
"1299",25,"tasor2",-0.000510696953211604,0.719216547939546,0.997363418139039
"1300",25,"asb13b",-0.00119780373631106,0.472072973047933,0.997363418139039
"1301",25,"ldhbb",0.00126313564349584,0.53661625479188,0.997363418139039
"1302",25,"tmpob",-0.00289794559278329,0.122736986944972,0.930634167332138
"1303",25,"kcna1a",-0.00372410545607045,0.180509389051803,0.990065078286043
"1304",25,"cnot4a",0.00224207161592111,0.145940879521625,0.964631625281515
"1305",25,"dnm1l",0.00100930567011303,0.534541785960838,0.997363418139039
"1306",25,"dnajb9a",0.000463918944073632,0.815415056004731,0.997363418139039
"1307",25,"LOC111567056",-0.00179585756389345,0.09467516922026,0.894104162952215
"1308",25,"LOC111567068",-0.00488069931969852,0.327752631942481,0.990065078286043
"1309",25,"LOC111567050",-0.00110567716830997,0.789863788503002,0.997363418139039
"1310",25,"LOC111567055",-0.00183288477106399,0.421027945224573,0.996463890020745
"1311",25,"bmt2",0.000871547684102303,0.75551943219348,0.997363418139039
"1312",25,"ptdss2",-0.00640007828055988,0.105922384590959,0.912203428875534
"1313",25,"LOC129347891",-0.00043335476264767,0.878295153486395,0.997890690913835
"1314",25,"si:ch211-272n13.3",-0.000872674831838436,0.595883025534234,0.997363418139039
"1315",25,"ppm1h",0.00298830675316085,0.250573884860952,0.990065078286043
"1316",25,"LOC129347925",0.000211303394506128,0.880206525449975,0.998213961771008
"1317",25,"mon2",-0.00373309898163578,0.373660517884478,0.991116293490912
"1318",25,"slc6a13",-0.00133539510100961,0.021360841817575,0.811535974992135
"1319",25,"pparab",-0.00161718355023404,0.376979998602886,0.991163825330808
"1320",25,"cdkn1bb",-0.000995050327757056,0.240387066553826,0.990065078286043
"1321",25,"mrps35",0.000896603885509968,0.674993479970249,0.997363418139039
"1322",25,"adck2",-0.00101201158349301,0.488797742170441,0.997363418139039
"1323",25,"srpk2",0.00335372697054487,0.639044515058361,0.997363418139039
"1324",25,"pus7",-0.000773182913755431,0.608007987910135,0.997363418139039
"1325",25,"hdac10",0.000285667690452472,0.67650989805966,0.997363418139039
"1326",25,"parvb",0.000411211797359905,0.77178325269573,0.997363418139039
"1327",25,"shisal1b",-0.00173979414261938,0.243314220587839,0.990065078286043
"1328",25,"LOC111574150",-0.00115064623749353,0.21595666153626,0.990065078286043
"1329",25,"tubgcp6",-0.000732718938340769,0.667857200975805,0.997363418139039
"1330",25,"appl2",0.00207792084118448,0.238219318223067,0.990065078286043
"1331",25,"LOC111574135",-0.000696758840094924,0.871341347119528,0.997363418139039
"1332",25,"nuak1b",0.00191582447875368,0.313874102320022,0.990065078286043
"1333",25,"nell2a",-0.00118281456579053,0.741129920880146,0.997363418139039
"1334",25,"tmem117",0.000210183702456203,0.955852352632586,0.998607408853002
"1335",25,"twf1a",0.000528679510971895,0.683032528833943,0.997363418139039
"1336",25,"LOC129348553",0.00059087712001474,0.55900342175065,0.997363418139039
"1337",25,"LOC111578846",-0.000945772097951613,0.704183782117294,0.997363418139039
"1338",25,"cat",0.000823654134730075,0.544089056334035,0.997363418139039
"1339",25,"syt12",0.00203411184540505,0.551853618982505,0.997363418139039
"1340",25,"peak1",-0.00182150536417353,0.330404866922397,0.990065078286043
"1341",25,"hmg20a",-0.000403226784492587,0.887780242084939,0.998213961771008
"1342",25,"lingo1a",7.79905047006398e-05,0.982701054195535,0.999223513981536
"1343",25,"snx33",0.00167223241789723,0.450067148725064,0.996463890020745
"1344",25,"snupn",0.00131536058989727,0.361563949086623,0.990065078286043
"1345",25,"ptpn9a",0.00047153485479057,0.831916379201895,0.997363418139039
"1346",25,"sin3aa",-0.000682385683474071,0.499717959204261,0.997363418139039
"1347",25,"crabp1a",0.00205340551280602,0.361950616658352,0.990065078286043
"1348",25,"skic8",-0.000121389704448866,0.907654317330582,0.998213961771008
"1349",25,"ireb2",0.00129007755138597,0.42116557030854,0.996463890020745
"1350",25,"snx1a",0.000335992421894828,0.702172074135957,0.997363418139039
"1351",25,"sv2",0.00135932129795177,0.479493492949477,0.997363418139039
"1352",25,"LOC111567130",-0.00445030294641858,0.250981284602398,0.990065078286043
"1353",25,"LOC111576346",-0.00140252536564434,0.789370859208621,0.997363418139039
"1354",25,"rnf141",-0.000820198694946007,0.494084880400535,0.997363418139039
"1355",25,"znf143b",0.000923641986621974,0.478978686918717,0.997363418139039
"1356",25,"LOC111576350",-0.00121005976473556,0.516936725405135,0.997363418139039
"1357",25,"rpl27a",-0.00233712175072463,0.595203403933061,0.997363418139039
"1358",25,"ric3b",-0.000799448175339414,0.333219577264815,0.990065078286043
"1359",25,"psma1",-0.00261532280127994,0.00435278116142727,0.811535974992135
"1360",25,"c3h11orf58",-0.00106682272931238,0.246403510099562,0.990065078286043
"1361",25,"LOC111577803",-0.00501077724499724,0.337454757252917,0.990065078286043
"1362",25,"ppp1r15b",-0.00133304017793992,0.347603204623862,0.990065078286043
"1363",25,"rps13",-0.00340487035099496,0.38539289588015,0.99604104921104
"1364",25,"pik3c2a",-0.00107986756594055,0.339378302604316,0.990065078286043
"1365",25,"LOC111580509",-0.00213282712532177,0.37274948580252,0.990398034861638
"1366",25,"tdg.1",0.00179734838799957,0.152727388101305,0.970552135528976
"1367",25,"tdg.2",0.000725851519504068,0.692347573430651,0.997363418139039
"1368",25,"LOC111567885",-0.000825620602596372,0.467190045676183,0.997363418139039
"1369",25,"api5",0.000681493868072283,0.650809366847527,0.997363418139039
"1370",25,"LOC111567884",0.00464193552217031,0.462891220246327,0.997363418139039
"1371",25,"hsd17b12a",-0.000623936101366255,0.560636687410445,0.997363418139039
"1372",25,"ckmt1",-0.00215095185228648,0.627246658936521,0.997363418139039
"1373",25,"pdia3",-0.00170679358170833,0.61124366505093,0.997363418139039
"1374",25,"mfge8b",-0.00348388528509034,0.0326605609395356,0.821359352393538
"1375",25,"ppip5k1b",0.00165188321159423,0.0636314691481536,0.869097537705332
"1376",25,"map1ab",-0.0113105471626469,0.234851351776064,0.990065078286043
"1377",25,"LOC129348614",0.00034564182995852,0.842387191573991,0.997363418139039
"1378",25,"scamp2",0.000543423018153278,0.590932859049054,0.997363418139039
"1379",25,"mpi",0.00143358466666067,0.164700025229703,0.983634964087825
"1380",25,"LOC111570087",-0.00106877793419765,0.758556879829822,0.997363418139039
"1381",25,"ppib",0.00252241677079541,0.408794216926997,0.996463890020745
"1382",25,"adpgk",0.000744572225770264,0.610908462044442,0.997363418139039
"1383",25,"LOC129348559",-0.00082773487378753,0.280601563169463,0.990065078286043
"1384",25,"LOC111571170",-0.000868085976351719,0.772121971702159,0.997363418139039
"1385",25,"kif21a",-0.00301204044335412,0.577109473113283,0.997363418139039
"1386",25,"LOC111582494",-0.000649753984047284,0.595901628088768,0.997363418139039
"1387",25,"slc6a15",-0.00164332974857209,0.722625053070034,0.997363418139039
"1388",25,"mgat4c",-0.00345971027481604,0.138947794198315,0.957578775787136
"1389",25,"eif4g2b",-0.000971008503154494,0.68241957759858,0.997363418139039
"1390",25,"rlig1",-0.00139662137069252,0.16086002783564,0.982413739736351
"1391",25,"cep290",-0.000630768934865134,0.801220872721233,0.997363418139039
"1392",25,"tmtc3",0.000403192320593286,0.858781671635887,0.997363418139039
"1393",25,"kitlga",-0.000767720768447996,0.706198396461056,0.997363418139039
"1394",25,"dusp6",-0.000647399671800271,0.71997374350666,0.997363418139039
"1395",25,"poc1b",0.000836106269992783,0.353457412500785,0.990065078286043
"1396",25,"LOC111572788",-0.00197050780545269,0.239149042738929,0.990065078286043
"1397",25,"LOC111572781",-0.00167390176562938,0.455157990645116,0.997363418139039
"1398",25,"cttnbp2",-0.0085205178821393,0.0185792291319563,0.811535974992135
"1399",25,"wu:fa25f02",0.00154701848793159,0.441096967366651,0.996463890020745
"1400",25,"dus2",-0.00215492994517307,0.293290062060908,0.990065078286043
"1401",25,"slc7a10b",-0.0011321762902839,0.0392950101940747,0.821523944916278
"1402",25,"faap24",0.000867795562008426,0.569229108136101,0.997363418139039
"1403",25,"ankrd27",0.000196117181341937,0.909114887626674,0.998213961771008
"1404",25,"LOC111564057",-0.00178673195360489,0.185826289114513,0.990065078286043
"1405",25,"rfwd3",0.000320217218300542,0.850482920865187,0.997363418139039
"1406",25,"glg1a",0.000838650491527151,0.798545031602033,0.997363418139039
"1407",25,"si:dkey-234i14.3",-0.00147949503781353,0.0244581553205916,0.811535974992135
"1408",25,"LOC111564031",0.00272745673729062,0.634844163991006,0.997363418139039
"1409",25,"LOC111564070",0.000243313289665831,0.856085799609044,0.997363418139039
"1410",25,"afg3l1",0.00118984001308353,0.709776908818587,0.997363418139039
"1411",25,"LOC111564040",-0.000691324544852529,0.14363530002371,0.963134298130308
"1412",25,"LOC111567528",0.00159330354029894,0.0297612309098592,0.814336317015072
"1413",25,"dldh",0.0010866858072328,0.484256973810289,0.997363418139039
"1414",25,"ptprz1a",-0.000460766946959753,0.737373735498511,0.997363418139039
"1415",25,"aass",-0.000955369041300316,0.405800260840771,0.996463890020745
"1416",25,"cadps2",-0.00203958435814439,0.455733716892947,0.997363418139039
"1417",25,"wasla",0.00120912946848578,0.607045547018684,0.997363418139039
"1418",25,"gpr37a",-0.00140288613326549,0.0577877831737851,0.864909271456043
"1419",25,"pot1",-0.00153727618854909,0.366178961944164,0.990065078286043
"1420",25,"grm8b",-0.0021248224751326,0.535170095913256,0.997363418139039
"1421",25,"LOC118470224",0.000623107298289599,0.470687742773108,0.997363418139039
"1422",25,"lrp5",-0.00328347842176164,0.24758370962936,0.990065078286043
"1423",25,"bcar1",0.00442349163439817,0.406690381102946,0.996463890020745
"1424",25,"cfdp1",0.00273903632513683,0.294755363111548,0.990065078286043
"1425",25,"gal",-0.00187446630370795,0.0504252382162218,0.84618751263396
"1426",25,"tesmin",-0.000760316931528199,0.273087423163984,0.990065078286043
"1427",25,"LOC111566687",-0.00180713778011036,0.0827960615998547,0.877876627611259
"1428",25,"pard6a",0.00212423599876137,0.659904960264583,0.997363418139039
"1429",25,"ntrk3a",-0.0013382937930371,0.690088343630592,0.997363418139039
"1430",25,"LOC111569377",5.71041506391954e-05,0.951298705784574,0.998607408853002
"1431",25,"LOC111581999",-0.00605088271037474,0.081976845521293,0.877876627611259
"1432",25,"LOC111582000",-0.000350837356069646,0.904205978097792,0.998213961771008
"1433",25,"LOC111575652",0.000465012876433088,0.638500348401842,0.997363418139039
"1434",25,"znf277",0.00273650257603449,0.109483994149542,0.921292590321416
"1435",25,"immp2l",0.00150663785178486,0.0453901576114017,0.83707201963985
"1436",25,"lrrn3a",8.16425292787079e-05,0.972417530248373,0.999223513981536
"1437",25,"znf609a",0.000664994015216437,0.857877029525635,0.997363418139039
"1438",25,"ciao2a",0.000175622945499901,0.839815036309744,0.997363418139039
"1439",25,"spg11",0.00060603176201178,0.153949665286797,0.971413341467878
"1440",25,"LOC111583800",-0.00222561571091665,0.480278646803223,0.997363418139039
"1441",25,"dnajc24",-0.000932151975638884,0.19306488280424,0.990065078286043
"1442",25,"ripor1",-0.0028114284429245,0.0431230219880126,0.825068516318458
"1443",25,"ctcf",0.000777048313659514,0.705248928660263,0.997363418139039
"1444",25,"carmil2",0.000169048871090146,0.958627033997057,0.998607408853002
"1445",25,"ric8a",0.0035431958823633,0.0223562264472792,0.811535974992135
"1446",25,"ppp6r3",-0.00301720226405725,0.519496265599797,0.997363418139039
"1447",25,"tmem170a",-0.00139247007215809,0.242598960249167,0.990065078286043
"1448",25,"LOC111575958",-0.0130876664521499,0.200227739201794,0.990065078286043
"1449",25,"LOC111566196",0.000649950734853531,0.257789066016568,0.990065078286043
"1450",25,"LOC111566195",0.00308492661010378,0.194854591505945,0.990065078286043
"1451",25,"LOC111566194",-0.00364951902308043,0.298847107189205,0.990065078286043
"1452",25,"LOC111567080",0.00325005221101655,0.266147586238061,0.990065078286043
"1453",25,"LOC111567076",-0.000136246117522525,0.927359586825585,0.998213961771008
"1454",25,"ftsj1",-0.00238478225439782,0.0904385789527123,0.885263204425181
"1455",25,"LOC111567081",0.00122772927195432,0.179767377970518,0.990065078286043
"1456",25,"nup93",-0.00689436559520889,0.138784919912937,0.957578775787136
"1457",25,"steep1",-0.00189309660669369,0.348366940985731,0.990065078286043
"1458",25,"mt2",0.000156422635238509,0.950616587728787,0.998607408853002
"1459",25,"anapc13",-0.00363504658239077,0.0451431353875777,0.836600805730542
"1460",25,"rspry1",0.00199376632103955,0.427406587915969,0.996463890020745
"1461",25,"gnao1a",0.000425617042381447,0.918801268446799,0.998213961771008
"1462",25,"phaf1",0.00214617563063802,0.543241537528789,0.997363418139039
"1463",25,"bbs2",-0.00031893201218134,0.777392894162082,0.997363418139039
"1464",25,"setd6",-0.000331773692771029,0.779767004424216,0.997363418139039
"1465",25,"cnot1",-0.00397441992322394,0.106617700566119,0.91336861769451
"1466",25,"si:ch211-216l23.2",-0.000259263624489901,0.904481144626644,0.998213961771008
"1467",25,"znf423",0.00612463767154644,0.541207558710275,0.997363418139039
"1468",25,"si:ch211-212o1.2",0.0018426688342952,0.691058675065664,0.997363418139039
"1469",25,"cbln1",-0.00237194613854549,0.617721057023663,0.997363418139039
"1470",25,"LOC111577630",4.50551410304436e-05,0.9824237104708,0.999223513981536
"1471",25,"n4bp1",-0.00221197027960578,0.181523539487073,0.990065078286043
"1472",25,"siah1",-7.46830384980391e-05,0.970073683496012,0.999223513981536
"1473",25,"lonp2",-0.000903600915892168,0.517802236701791,0.997363418139039
"1474",25,"il34",0.00015887094824125,0.751169933973088,0.997363418139039
"1475",25,"sf3b3",0.00130432092811091,0.283935246178287,0.990065078286043
"1476",25,"st3gal2",-0.00706436753689797,0.294108888298936,0.990065078286043
"1477",25,"aars1",-0.00051693660109387,0.813930683976299,0.997363418139039
"1478",25,"psme3ip1",0.0011009793095931,0.567208770491151,0.997363418139039
"1479",25,"cpne2",-0.00518886090368418,0.244145985772502,0.990065078286043
"1480",25,"si:dkey-12e7.4",6.25506782613065e-05,0.91930127873915,0.998213961771008
"1481",25,"calb2a",-0.000555739272531975,0.884800599423056,0.998213961771008
"1482",25,"pnp6",-0.00341499657431624,0.364722288828733,0.990065078286043
"1483",25,"hydin",0.000473495356962551,0.743746218365468,0.997363418139039
"1484",25,"necab2",-0.00264511558515985,0.668378410158478,0.997363418139039
"1485",25,"si:dkey-184n3.2",-0.00141172061685068,0.297100512439355,0.990065078286043
"1486",25,"mbtps1",-0.00250767894254336,0.328309302394674,0.990065078286043
"1487",25,"nrn1la",-0.00146508675220246,0.542032825367976,0.997363418139039
"1488",25,"edc4",-0.00434215665885865,0.213934551199192,0.990065078286043
"1489",25,"nutf2",-0.00110595235921094,0.23885099798991,0.990065078286043
"1490",25,"ranbp10",0.00419134444793962,0.418519084610598,0.996463890020745
"1491",25,"LOC129348610",-0.00189833479389898,0.65449623736997,0.997363418139039
"1492",25,"det1",-0.000532912130166999,0.548234006480507,0.997363418139039
"1493",25,"map1lc3b",0.0027325898204475,0.385512898247428,0.99604104921104
"1494",25,"LOC129348595",-0.00327565961118328,0.0260796767678843,0.811535974992135
"1495",25,"jph3b",-0.0065782558466473,0.119326206322488,0.927025251088176
"1496",25,"slc7a5",0.00486185182017795,0.0767830013748402,0.871360915888879
"1497",25,"ca5a",-0.000729167361385912,0.760006188739944,0.997363418139039
"1498",25,"uba2",0.00156704112024216,0.116718279286304,0.927025251088176
"1499",25,"lcat",0.00884701615947953,0.19603829162792,0.990065078286043
"1500",25,"pla2g15",0.000682899446858936,0.720148877099085,0.997363418139039
"1501",25,"usb1",0.000696227484893831,0.404712782309258,0.996463890020745
"1502",25,"csnk2a2b",0.000141604692696209,0.951227410841235,0.998607408853002
"1503",25,"snrkb",-0.00174017252675335,0.570026244323482,0.997363418139039
"1504",25,"rbl2",0.000779124208857374,0.439961390589213,0.996463890020745
"1505",25,"LOC111578498",0.00239255806451339,0.178794656758909,0.990065078286043
"1506",25,"actr6",0.00208307712557688,0.223292264739136,0.990065078286043
"1507",25,"rpgrip1l",-0.00100106473383173,0.15226481402486,0.970457061385761
"1508",25,"LOC129347876",0.00162511785493092,0.189254757167307,0.990065078286043
"1509",25,"zgc:171459",0.002122931997446,0.502026354948608,0.997363418139039
"1510",25,"kcnj11l",-0.00423864109243702,0.234018904178106,0.990065078286043
"1511",25,"prdm11",-0.0020826291645319,0.231850195014493,0.990065078286043
"1512",25,"LOC111574726",-0.00100570961119271,0.39908985880357,0.996463890020745
"1513",25,"phf21ab",0.00438193819280885,0.196726997299424,0.990065078286043
"1514",25,"dgkzb",0.00117626776248555,0.451582086006841,0.997129532159619
"1515",25,"mdkb",-0.00212384914225998,0.124699330521122,0.930634167332138
"1516",25,"ambra1b",0.000897398543963024,0.789550695059233,0.997363418139039
"1517",25,"si:ch211-59o9.10",0.000220086401912945,0.853516162663374,0.997363418139039
"1518",25,"fcsk",0.00239548978466775,0.095653976955126,0.89689848924167
"1519",25,"sh3gl3b",0.000703911017460222,0.776433093387641,0.997363418139039
"1520",25,"zgc:114188",-0.000514403704919449,0.930897171734792,0.998213961771008
"1521",25,"cart2",0.000772412111300622,0.29090177184537,0.990065078286043
"1522",25,"LOC111578090",-0.00072493981440696,0.44833961732354,0.996463890020745
"1523",25,"ckap5",-0.00412717828738572,0.1739163747763,0.990065078286043
"1524",25,"cstpp1",0.000652445223846502,0.59647658580725,0.997363418139039
"1525",25,"mapk8ip1a",-0.00453730186664323,0.380275635562047,0.992485462026592
"1526",25,"cry2",-0.000127914910075894,0.970811104478281,0.999223513981536
"1527",25,"tango6",-0.00100158816352442,0.197664370485558,0.990065078286043
"1528",25,"utp4",0.000744879119337339,0.393354980088506,0.996463890020745
"1529",25,"zc3h18",-0.00133168418401263,0.465846575291651,0.997363418139039
"1530",25,"trhr2",0.00133137880547399,0.421443133247104,0.996463890020745
"1531",25,"zfpm1",-0.00728418160851379,0.181976146772231,0.990065078286043
"1532",25,"kiaa0513",-0.00485411583446357,0.330932358367649,0.990065078286043
"1533",25,"LOC118470339",-0.00165688211231918,0.0211791617916615,0.811535974992135
"1534",25,"cmip",-0.00418363706561185,0.342824488488131,0.990065078286043
"1535",25,"meak7",0.00117716593454098,0.491922789762138,0.997363418139039
"1536",25,"cotl1",-0.00347178382410579,0.428836743428589,0.996463890020745
"1537",25,"klhl36",0.000334745293640936,0.856513957983815,0.997363418139039
"1538",25,"vps9d1",0.00633383793366625,0.0715027516039328,0.869550081520816
"1539",25,"znf276",0.00300256211121103,0.2006568971147,0.990065078286043
"1540",25,"slc10a3",-0.000153419136348148,0.930989239536168,0.998213961771008
"1541",25,"chmp1a",-0.000423087743523833,0.732429229054994,0.997363418139039
"1542",25,"cdk10",0.000402644011934982,0.802971565487458,0.997363418139039
"1543",25,"vps4a",-0.00158601363016195,0.311302907993156,0.990065078286043
"1544",25,"spire2",0.00224252391106655,0.508751293106984,0.997363418139039
"1545",25,"prmt7",0.000834963433958088,0.374958447177184,0.991163825330808
"1546",25,"coq9",0.00262173136127446,0.125853818184429,0.932555352915868
"1547",25,"polr2c",0.000491653183527672,0.799008275421949,0.997363418139039
"1548",25,"LOC111581748",0.000446665858528837,0.61957620386561,0.997363418139039
"1549",25,"wwp2",0.00120275445457744,0.74164533743617,0.997363418139039
"1550",25,"gabarapl2",-0.0016251187653975,0.458912375744425,0.997363418139039
"1551",25,"tmem231",0.000470399653980144,0.763242626243288,0.997363418139039
"1552",25,"chst6",-0.00109149423455258,0.300481160190142,0.990065078286043
"1553",25,"LOC111566761",0.00164148289338314,0.572080809015453,0.997363418139039
"1554",25,"LOC111585680",-0.00126713752824401,0.298230062726958,0.990065078286043
"1555",25,"LOC111585676",8.60861116371565e-05,0.931013840308338,0.998213961771008
"1556",25,"kiaa1549la",-0.00165536540377809,0.783120408432995,0.997363418139039
"1557",25,"LOC111569225",0.00136706632208,0.739562406067206,0.997363418139039
"1558",25,"tead1a",-0.000448082110269585,0.639176304356021,0.997363418139039
"1559",25,"parvaa",0.00140039091446716,0.196028815159306,0.990065078286043
"1560",25,"far1",-0.00182473175903509,0.280705828290634,0.990065078286043
"1561",25,"LOC129347880",-0.000300258234698895,0.671863873389984,0.997363418139039
"1562",25,"ppfibp2b",9.79706495504921e-05,0.949038189184517,0.998607408853002
"1563",25,"arpin",0.000367964594837698,0.797728826689369,0.997363418139039
"1564",25,"si:dkey-12e7.1",0.00167435948118563,0.00583252179641446,0.811535974992135
"1565",25,"chka",-0.00154956962424056,0.667904669826938,0.997363418139039
"1566",25,"herpud1",0.00050235476630421,0.720376567877627,0.997363418139039
"1567",25,"LOC111568446",-0.00384420229252964,0.599919958489826,0.997363418139039
"1568",25,"LOC111568448",0.00131107927763173,0.267396660882907,0.990065078286043
"1569",25,"LOC111569309",0.00192690027587499,0.419758280897985,0.996463890020745
"1570",25,"bmal1a",0.00223723713304093,0.581018501549782,0.997363418139039
"1571",25,"znrf1",0.000501781090189996,0.899074492314205,0.998213961771008
"1572",25,"gins3",0.000864640987812714,0.241693482535507,0.990065078286043
"1573",25,"ndrg4",-0.01456274865556,0.049961026579067,0.84618751263396
"1574",25,"smpd3",0.00145553030407003,0.733308564124891,0.997363418139039
"1575",25,"LOC111578303",-0.00273953130357608,0.0284820552583503,0.814336317015072
"1576",25,"lsm14aa",-0.0015857017198241,0.552368128990669,0.997363418139039
"1577",25,"LOC111578293",-0.00304770490880423,0.00417329969660212,0.811535974992135
"1578",25,"LOC111578294",0.00280854639786086,0.041484696689173,0.825068516318458
"1579",25,"tbc1d15",-0.00103619646321664,0.547613916424055,0.997363418139039
"1580",25,"nup160",0.000800092981162857,0.581677882853324,0.997363418139039
"1581",25,"LOC111578300",0.00117074583407599,0.261992982099486,0.990065078286043
"1582",25,"LOC111570896",-0.00325730792986536,0.134950863191298,0.952318214563295
"1583",25,"lamb1a",0.000571035004764663,0.322304758684292,0.990065078286043
"1584",25,"hhip",-0.000340002309304381,0.77259182396158,0.997363418139039
"1585",25,"mmaa",0.000554659048214814,0.642435614922677,0.997363418139039
"1586",25,"znf827",-0.00451296736394571,0.257402266898707,0.990065078286043
"1587",25,"LOC129348634",-1.10638698361711e-05,0.997356664166426,0.999223513981536
"1588",25,"lsm6",0.0034241551145984,0.208808438084418,0.990065078286043
"1589",25,"pou4f2",0.000305205169408743,0.765862944294403,0.997363418139039
"1590",25,"tmem184c",0.00230607796599708,0.0197932059428721,0.811535974992135
"1591",25,"prmt9",-0.00148766258782778,0.253103924661725,0.990065078286043
"1592",25,"nr3c2",-0.00699583301944161,0.0848727623607994,0.880905211399702
"1593",25,"lrba",0.00106962436726316,0.778244657025748,0.997363418139039
"1594",25,"rps3a",-0.000759497500131511,0.770242293934376,0.997363418139039
"1595",25,"gatb",-0.000744956348325759,0.672075203359253,0.997363418139039
"1596",25,"fbxw7",-0.00269647309086346,0.518428625870905,0.997363418139039
"1597",25,"tma16",-0.000246886110468272,0.66438609221961,0.997363418139039
"1598",25,"marchf1",-0.000769422561414814,0.27342116341222,0.990065078286043
"1599",25,"tmem192",0.00246190893706164,0.473009563841927,0.997363418139039
"1600",25,"LOC111583011",-0.00689601608551108,0.0123866590230144,0.811535974992135
"1601",25,"uchl1",-0.00409335915878418,0.150401017477774,0.968695493765038
"1602",25,"tapt1b",-0.00129182699290892,0.676212740031615,0.997363418139039
"1603",25,"foxk1",0.00327404406886739,0.106249869945265,0.912203428875534
"1604",25,"radil",0.00424591355657796,0.265593496339086,0.990065078286043
"1605",25,"LOC111566935",-0.00140358438966022,0.482988717921703,0.997363418139039
"1606",25,"LOC129348768",0.000346276532466185,0.691104531196917,0.997363418139039
"1607",25,"arpc1b",-0.00152501919710649,0.52216392525477,0.997363418139039
"1608",25,"arpc1a",-0.00351583410816561,0.0654044533845254,0.869097537705332
"1609",25,"hapstr1b",-0.000256889043281557,0.834346583493997,0.997363418139039
"1610",25,"grin2ab",0.00144300514678286,0.76251122694425,0.997363418139039
"1611",25,"myo15ab",-0.000590527688611084,0.67531378880617,0.997363418139039
"1612",25,"alkbh5",0.000806874555400396,0.57350157651545,0.997363418139039
"1613",25,"mief2",0.0006878109828014,0.697940709818774,0.997363418139039
"1614",25,"ptcd1",-0.00203119489118795,0.374773428785749,0.991163825330808
"1615",25,"psen2",-0.00321031911096224,0.124340837361777,0.930634167332138
"1616",25,"LOC111583309",0.000196249166548682,0.866407121671776,0.997363418139039
"1617",25,"aftpha",0.00118524201305713,0.305642076797553,0.990065078286043
"1618",25,"spred2a",-0.00334354042773438,0.142281181005753,0.961176492579385
"1619",25,"LOC111583301",0.00171614972424413,0.299901661245501,0.990065078286043
"1620",25,"map1lc3c",-0.000362175312717034,0.304838362171526,0.990065078286043
"1621",25,"LOC111563079",0.00105604235183034,0.746421033857358,0.997363418139039
"1622",25,"btbd3a",0.000715182847859321,0.247719515464886,0.990065078286043
"1623",25,"acaa1",-0.00108668724783966,0.345526643798614,0.990065078286043
"1624",25,"esf1",-0.000119479173118521,0.937112787842963,0.998607408853002
"1625",25,"ndufaf5",0.00139069526731404,0.440328024175378,0.996463890020745
"1626",25,"LOC111563088",-0.00116878742246649,0.366444093636205,0.990065078286043
"1627",25,"kif16ba",-0.000835101111101429,0.447603245789987,0.996463890020745
"1628",25,"aplf",0.000170185238698568,0.801839799753143,0.997363418139039
"1629",25,"LOC111563090",-0.000968097017376407,0.262315317334031,0.990065078286043
"1630",25,"cnrip1a",-0.000232891821120967,0.915122253303157,0.998213961771008
"1631",25,"LOC111563084",-0.00268464318557374,0.375824460125445,0.991163825330808
"1632",25,"irf2bp2b",-0.000760765005547549,0.3990930035552,0.996463890020745
"1633",25,"tomm20b",-0.00434186268647316,0.0618266964147285,0.869097537705332
"1634",25,"rbm34",-0.00120436607368469,0.498296366193154,0.997363418139039
"1635",25,"tbce",0.000746250391875863,0.691919924472737,0.997363418139039
"1636",25,"LOC111567774",-0.00128293398232349,0.0329738227627173,0.821359352393538
"1637",25,"gpr137bb",-0.00134941757337169,0.390386312504304,0.996463890020745
"1638",25,"ero1b",-0.00648395146378166,0.0633641928430563,0.869097537705332
"1639",25,"LOC111569009",-0.00209991163480604,0.520270704524795,0.997363418139039
"1640",25,"si:ch211-89o9.6",-0.00416463538756794,0.0612834609066145,0.869097537705332
"1641",25,"tmem132a",-0.000761723330629493,0.606574119396898,0.997363418139039
"1642",25,"LOC129348796",-0.000203548230175844,0.803583726438434,0.997363418139039
"1643",25,"tmem109",0.00103740001502273,0.0910012287329585,0.885692478831841
"1644",25,"wu:fc21g02",0.00174455144476138,0.170778135285913,0.989728643862784
"1645",25,"kdm2aa",-0.00280896937457732,0.0768215489624305,0.871360915888879
"1646",25,"LOC111568505",0.00407250526726229,0.142488564103446,0.961176492579385
"1647",25,"LOC111568507",0.00369720250255941,0.296933242726505,0.990065078286043
"1648",25,"LOC111568506",0.00355639353519517,0.269268301241604,0.990065078286043
"1649",25,"rrp36",0.00054279922870713,0.674765617929914,0.997363418139039
"1650",25,"gtpbp2b",0.00108433120218819,0.725593047545712,0.997363418139039
"1651",25,"LOC111571194",-0.00648070148438671,0.017807071656978,0.811535974992135
"1652",25,"LOC111571197",-0.00465793573096558,0.0333707809236137,0.821359352393538
"1653",25,"si:dkey-28b4.8",-0.0014135717485679,0.60426808470728,0.997363418139039
"1654",25,"ndufs8a",0.00296804688623724,0.312868271944027,0.990065078286043
"1655",25,"LOC111570659",-0.000780960996474524,0.736344632807453,0.997363418139039
"1656",25,"LOC111570676",0.00372200560127396,0.344576274699355,0.990065078286043
"1657",25,"ttbk1a",-0.00478435693980797,0.187557726540502,0.990065078286043
"1658",25,"pex6",0.00275649884871308,0.0529365391921342,0.84618751263396
"1659",25,"kcnh1b",0.00512015155132075,0.198083610514144,0.990065078286043
"1660",25,"rcor3",0.00337827764160796,0.154321017760337,0.971413341467878
"1661",25,"LOC118469811",-0.00281484164418265,0.0798934014336676,0.871360915888879
"1662",25,"LOC111563953",2.17715004850637e-05,0.98402941587583,0.999223513981536
"1663",25,"LOC111563960",0.00144222234535495,0.25847569071612,0.990065078286043
"1664",25,"gemin6",0.00056826401665447,0.522027996491734,0.997363418139039
"1665",25,"tmem178a",0.00154128524088103,0.672517554459819,0.997363418139039
"1666",25,"LOC111563950",0.00246174693702212,0.218584169804733,0.990065078286043
"1667",25,"LOC129348771",-0.00138162425910274,0.0687196371593474,0.869550081520816
"1668",25,"LOC111583665",-0.00313632842139855,0.202579714045982,0.990065078286043
"1669",25,"aars2",-0.000427392831996183,0.86704523663027,0.997363418139039
"1670",25,"LOC111568893",-0.00150341874829957,0.0557830903537129,0.856360596151954
"1671",25,"LOC111568891",0.000497885720882024,0.587864115900074,0.997363418139039
"1672",25,"LOC129348770",-0.000492781594010788,0.568224401799587,0.997363418139039
"1673",25,"LOC111568896",-0.00287776825975138,0.30626598049758,0.990065078286043
"1674",25,"mrps28",-0.000179666256630146,0.834257517810336,0.997363418139039
"1675",25,"sde2",-0.000363437869456426,0.823890538567198,0.997363418139039
"1676",25,"mtif2",-0.000272806774198632,0.880120695269517,0.998213961771008
"1677",25,"LOC111568898",-0.00390607566969453,0.256857324107918,0.990065078286043
"1678",25,"LOC111568903",-0.00307202711940069,0.514153695483124,0.997363418139039
"1679",25,"polr3f",0.000115348643092687,0.854303077904454,0.997363418139039
"1680",25,"kat14",-0.000232887008914563,0.694135607442792,0.997363418139039
"1681",25,"LOC111564583",-0.000383516723836677,0.721672631020589,0.997363418139039
"1682",25,"LOC111564581",0.00411035729170145,0.481713718040838,0.997363418139039
"1683",25,"dpy30",2.84143156425384e-05,0.989450467590217,0.999223513981536
"1684",25,"LOC129348729",-0.00504674933685817,0.249189459115054,0.990065078286043
"1685",25,"LOC111576398",-0.00157919339593254,0.0414326143234061,0.825068516318458
"1686",25,"LOC111581960",-0.00118666066613839,0.660164360936976,0.997363418139039
"1687",25,"ldb1b",-0.00250268422086786,0.295066573488241,0.990065078286043
"1688",25,"LOC111581969",0.000134243147061988,0.93956094854486,0.998607408853002
"1689",25,"aspscr1",-0.00169448966301237,0.643182085976881,0.997363418139039
"1690",25,"pycr1b",-8.7222928202955e-05,0.906880999964848,0.998213961771008
"1691",25,"mafgb",-0.0014054308673947,0.586898007315608,0.997363418139039
"1692",25,"si:ch73-100l22.3",0.000688925678910868,0.621428113153704,0.997363418139039
"1693",25,"sirt7",0.00305269774279204,0.00784573924226313,0.811535974992135
"1694",25,"pcyt2",0.000191682205276249,0.826344088125716,0.997363418139039
"1695",25,"gnav1",0.00161704539836894,0.732382919345119,0.997363418139039
"1696",25,"slc26a11",0.00203993051175107,0.112900276676739,0.921820201924075
"1697",25,"cc2d1a",-0.00115774944707151,0.6766655745012,0.997363418139039
"1698",25,"mri1",-0.000631469106583103,0.844387518595768,0.997363418139039
"1699",25,"c4h19orf53",-0.000278528294324217,0.805542035676282,0.997363418139039
"1700",25,"si:ch211-196h16.12",0.000372816283280149,0.624165456993797,0.997363418139039
"1701",25,"LOC111571857",-3.10442598201033e-05,0.983741565455175,0.999223513981536
"1702",25,"khsrp",0.0021989871675438,0.313025453026908,0.990065078286043
"1703",25,"dcaf15",0.00124799506052388,0.458355628155003,0.997363418139039
"1704",25,"rfx1b",0.000164726740143736,0.825901451367269,0.997363418139039
"1705",25,"LOC111571863",0.00163753705454354,0.104081515078684,0.912203428875534
"1706",25,"tsc2",-0.00107072744840856,0.745973789690814,0.997363418139039
"1707",25,"pkd1a",-0.00146518820555776,0.091574808117474,0.887251184786286
"1708",25,"gprc5bb",-0.00275254437118056,0.336949458502575,0.990065078286043
"1709",25,"knop1",-0.00119129250342313,0.272889153230015,0.990065078286043
"1710",25,"pgam1b",0.00204852193847568,0.626932517778136,0.997363418139039
"1711",25,"LOC111571883",0.000397642194918297,0.729477144993054,0.997363418139039
"1712",25,"zfyve27",0.000123911158220843,0.950044670930446,0.998607408853002
"1713",25,"crtac1a",0.00153683293511073,0.193450456638687,0.990065078286043
"1714",25,"epn3b",-0.000248106781745058,0.87198936876649,0.997363418139039
"1715",25,"slc25a10b",-0.00287158874625192,0.169860679252298,0.988760019020403
"1716",25,"gcgrb",-0.00237923552921389,0.406540643869415,0.996463890020745
"1717",25,"LOC111584068",0.00246250324542382,0.714912240647039,0.997363418139039
"1718",25,"dennd1c",-0.00181911822273976,0.236736024584637,0.990065078286043
"1719",25,"LOC111584070",0.000736082289899929,0.695390188400246,0.997363418139039
"1720",25,"asf1bb",0.000377433863805475,0.766865194111188,0.997363418139039
"1721",25,"prkacab",-0.00184341593836054,0.498406491270313,0.997363418139039
"1722",25,"samd1b",-0.000430347351233129,0.636420018026082,0.997363418139039
"1723",25,"ndufb7",0.0037279967585169,0.401187126341187,0.996463890020745
"1724",25,"tecrb",0.00100436334346413,0.724739497435638,0.997363418139039
"1725",25,"tmed1b",-0.000844154348050222,0.419333848026122,0.996463890020745
"1726",25,"LOC111569903",0.00354661556980369,0.357824785960788,0.990065078286043
"1727",25,"LOC111569912",-0.000245415236118565,0.783473493647727,0.997363418139039
"1728",25,"LOC111569895",0.000216350861020436,0.717307736014492,0.997363418139039
"1729",25,"LOC111569934",-0.00072567350410959,0.705329850535243,0.997363418139039
"1730",25,"adcy9",0.000768739243666099,0.60102782443733,0.997363418139039
"1731",25,"crebbpa",-0.00129079648960173,0.672994693872516,0.997363418139039
"1732",25,"slx4",0.000641727910436104,0.527570663927494,0.997363418139039
"1733",25,"mcrip2",0.00119762631937245,0.341655347823974,0.990065078286043
"1734",25,"gde1",-0.0034618305549566,0.0600477686083917,0.869097537705332
"1735",25,"xpnpep1",0.000418773104539823,0.763333401485622,0.997363418139039
"1736",25,"add3a",0.0053695596416912,0.164102274589223,0.982864542353922
"1737",25,"mxi1",-0.00497710104988965,0.0507699502430977,0.84618751263396
"1738",25,"smc3",-0.0064073809038221,0.0108337068918448,0.811535974992135
"1739",25,"pdcd4b",-0.000326423914782259,0.826802224449954,0.997363418139039
"1740",25,"shoc2",-0.00344439826965113,0.185241872978578,0.990065078286043
"1741",25,"LOC111583502",-0.00109821869712835,0.735077616698839,0.997363418139039
"1742",25,"pnpla6",-0.00399280153184514,0.200874578783138,0.990065078286043
"1743",25,"LOC111583510",-0.00165904133893619,0.641411077765209,0.997363418139039
"1744",25,"caly",-0.00200436635406898,0.606255762381941,0.997363418139039
"1745",25,"vps37a",0.00133074264528291,0.0684328457758195,0.869550081520816
"1746",25,"micu3a",0.00210556986288525,0.748931688769234,0.997363418139039
"1747",25,"slc24a2",-0.00124517947893165,0.37262976953342,0.990398034861638
"1748",25,"clta",-0.00121294464906317,0.592878925630698,0.997363418139039
"1749",25,"gne",-0.00381798186409085,0.20642266216817,0.990065078286043
"1750",25,"cplx2a",-0.00784276115543847,0.102142873404081,0.912203428875534
"1751",25,"LOC111575002",-0.00063824744831797,0.88816432473253,0.998213961771008
"1752",25,"LOC111575013",0.00185824178773628,0.113887607864536,0.921820201924075
"1753",25,"LOC111574999",0.00120372987130197,0.864392312132799,0.997363418139039
"1754",25,"tusc3",0.000626823040010207,0.89526654445432,0.998213961771008
"1755",25,"tppp2",0.000822334042830871,0.449221724091036,0.996463890020745
"1756",25,"LOC111568048",-0.000678574282952107,0.847495731668275,0.997363418139039
"1757",25,"psmd12",0.00146872714113696,0.0113133974430551,0.811535974992135
"1758",25,"helz",-0.00634105558632824,0.267031357443084,0.990065078286043
"1759",25,"cacng5a",0.00159196725703566,0.628255335351498,0.997363418139039
"1760",25,"prkcaa",-0.00115255300152316,0.72482206540419,0.997363418139039
"1761",25,"nol11",-0.00123574758859776,0.495083842703078,0.997363418139039
"1762",25,"LOC111576424",-0.000499021338590094,0.87567843329789,0.997890690913835
"1763",25,"LOC111576427",-0.00182215616205675,0.644032197131442,0.997363418139039
"1764",25,"LOC129348814",0.00165911099872291,0.307789639379834,0.990065078286043
"1765",25,"LOC111585104",-0.0019044743085731,0.0302496547010938,0.814336317015072
"1766",25,"LOC111564222",0.00320229596292582,0.494982283293659,0.997363418139039
"1767",25,"srp68",-0.00198437062988648,0.338341487443925,0.990065078286043
"1768",25,"acox1",-0.000192820185773878,0.911895030217209,0.998213961771008
"1769",25,"LOC111564216",0.000562044582744624,0.866751222663455,0.997363418139039
"1770",25,"ube2o",-0.00226220965436597,0.240768514123108,0.990065078286043
"1771",25,"LOC129348830",-4.67900681927735e-05,0.954546736599233,0.998607408853002
"1772",25,"cygb2",0.00125584382829325,0.356403145749235,0.990065078286043
"1773",25,"LOC111564229",-0.00470036807521699,0.122100254375107,0.930634167332138
"1774",25,"LOC129348650",-0.000978201741459982,0.27821042971886,0.990065078286043
"1775",25,"ubn2a",-0.00215993279565046,0.173643632353316,0.990065078286043
"1776",25,"ift56",-0.00110411378906558,0.447775284339939,0.996463890020745
"1777",25,"map2k7",0.000319985953785947,0.921033152937676,0.998213961771008
"1778",25,"pkn1a",-0.000822402610066751,0.842874402201902,0.997363418139039
"1779",25,"prr36a",0.00498569963375239,0.267675752032362,0.990065078286043
"1780",25,"mcoln1a",0.000583591231639236,0.499605935894702,0.997363418139039
"1781",25,"LOC111564231",-0.000144562039960289,0.864772336306,0.997363418139039
"1782",25,"evi5l",-0.00146602284634732,0.732451861180837,0.997363418139039
"1783",25,"LOC111564240",-0.00104268645443872,0.827810786282099,0.997363418139039
"1784",25,"si:dkey-45d16.4",-0.000896266633138128,0.391677439183299,0.996463890020745
"1785",25,"LOC111564256",-0.000853690366864252,0.34092810627932,0.990065078286043
"1786",25,"LOC111564238",-0.00115765163085647,0.0179389455361157,0.811535974992135
"1787",25,"stx8",0.00129700252713289,0.565174382641978,0.997363418139039
"1788",25,"usp43a",0.0103358610149581,0.0371761241470464,0.821523944916278
"1789",25,"gga3a",-0.00115038893771417,0.261679005850848,0.990065078286043
"1790",25,"sumo2a",-0.00276071557125625,0.136047624781384,0.954840791048895
"1791",25,"jpt1a",-0.000963404273123915,0.689685055446219,0.997363418139039
"1792",25,"zgc:174863",-0.000582797081970067,0.601082230859813,0.997363418139039
"1793",25,"LOC111582199",-0.00548826855697821,0.111583882467624,0.921820201924075
"1794",25,"znf207b",-0.00151960785044146,0.419169254517119,0.996463890020745
"1795",25,"LOC129348745",-0.000469494249525515,0.453606948270735,0.997363418139039
"1796",25,"rhbdl3",-0.00785525510330483,0.0395587555574396,0.821523944916278
"1797",25,"rhot1b",-0.0018905927883356,0.475886724364834,0.997363418139039
"1798",25,"suz12b",-0.00270680700362282,0.212681022573159,0.990065078286043
"1799",25,"utp6",0.000992393629791,0.231018898051857,0.990065078286043
"1800",25,"LOC129348746",0.00383947190861112,0.159951836287807,0.979881384212537
"1801",25,"rab11fip4b",-4.91963357721954e-05,0.985250912286916,0.999223513981536
"1802",25,"plppr2b",3.88206325394801e-05,0.978373881575727,0.999223513981536
"1803",25,"nfixa",-0.0072164520116734,0.158668777140281,0.978326160312742
"1804",25,"rnf11a",0.00199141785716014,0.391898979953503,0.996463890020745
"1805",25,"LOC111584779",-0.00144713661469563,0.441562190046112,0.996463890020745
"1806",25,"keap1b",-0.00584573885790166,0.0568272617522759,0.861162804859585
"1807",25,"LOC111570154",-0.00596806154402667,0.114435005376544,0.921993490546369
"1808",25,"mast1a",-0.00395345125131516,0.425890195073873,0.996463890020745
"1809",25,"rnaseh2a",0.000535638718192197,0.679312209426039,0.997363418139039
"1810",25,"smdt1b",0.00245022742532714,0.413301659466545,0.996463890020745
"1811",25,"zgc:158803",0.000451528403308344,0.659502754068692,0.997363418139039
"1812",25,"atf7ip",0.00164169834579492,0.761412886307929,0.997363418139039
"1813",25,"grin2bb",-0.00776050499235272,0.211192638362847,0.990065078286043
"1814",25,"f8a",-0.000557832431681036,0.774426143798478,0.997363418139039
"1815",25,"rbfox2",0.00154587458520244,0.678119300289595,0.997363418139039
"1816",25,"LOC111581809",0.000973248496625043,0.363541996259144,0.990065078286043
"1817",25,"chic2",0.00065090065252728,0.596711542498571,0.997363418139039
"1818",25,"fip1l1b",0.000830662284485038,0.642492210713822,0.997363418139039
"1819",25,"kitb",0.000739168614633242,0.294407812692992,0.990065078286043
"1820",25,"clockb",0.00113685878933645,0.53522762743752,0.997363418139039
"1821",25,"ecpas",0.000253707501014334,0.921118769049041,0.998213961771008
"1822",25,"kdm4c",-0.00472842384977928,0.0887454624150259,0.8848525864663
"1823",25,"ptprdb",-0.00249735850722155,0.623804195646625,0.997363418139039
"1824",25,"adgrl3.1",0.00182546357108587,0.743915024073928,0.997363418139039
"1825",25,"gtf2e2",-0.000166641608092335,0.929324226237178,0.998213961771008
"1826",25,"smim18",-0.00217727807777443,0.369700415681758,0.990313911305458
"1827",25,"hgsnat",-0.00126518391961863,0.33241645300986,0.990065078286043
"1828",25,"pcdh7a",-0.00951659602155394,0.181293875197624,0.990065078286043
"1829",25,"crmp1",-0.000412225241643938,0.905397860139766,0.998213961771008
"1830",25,"ppp2r2ca",-0.000600372813608612,0.548119636158531,0.997363418139039
"1831",25,"LOC111567100",-0.000420641735694433,0.636471928073389,0.997363418139039
"1832",25,"ank2a",-0.00360793165193027,0.173605988929624,0.990065078286043
"1833",25,"camk2d2",-0.00126097918575415,0.811987575382011,0.997363418139039
"1834",25,"fbxo10",-2.02246399771665e-05,0.983955002585818,0.999223513981536
"1835",25,"LOC111567850",0.00113482762209139,0.535724416298279,0.997363418139039
"1836",25,"uba6",-0.000269457488463462,0.847409122046633,0.997363418139039
"1837",25,"ptpn9b",-0.00144919950425396,0.416539340417491,0.996463890020745
"1838",25,"zcchc7",-0.00245205280550439,0.0624325035007706,0.869097537705332
"1839",25,"pgm2",-0.00125847775890106,0.548006205719262,0.997363418139039
"1840",25,"tbc1d1",0.00052745423511294,0.61669935573052,0.997363418139039
"1841",25,"klhl5",0.000669517865037956,0.84556711326712,0.997363418139039
"1842",25,"wdr19",0.00126733470418919,0.334610293767036,0.990065078286043
"1843",25,"rfc1",-0.000230529316681267,0.856197119363868,0.997363418139039
"1844",25,"rpl9",-0.00346616619632411,0.329124399228102,0.990065078286043
"1845",25,"lias",0.00225561407159872,0.424300722426116,0.996463890020745
"1846",25,"map9",0.000709630507888891,0.358003831018054,0.990065078286043
"1847",25,"smim14",0.00327145814279041,0.234563826799323,0.990065078286043
"1848",25,"ube2kb",0.00210615831160266,0.449653847802492,0.996463890020745
"1849",25,"pds5a",-0.00101101420370248,0.561801258115964,0.997363418139039
"1850",25,"n4bp2",-0.00304448850672751,0.000557834150227819,0.713527408031474
"1851",25,"lcorl",-0.00191621203030349,0.199810417410053,0.990065078286043
"1852",25,"LOC129348722",-0.00171563722368666,0.0759524344925137,0.871360915888879
"1853",25,"LOC111565574",-0.000969363628267309,0.708228449715223,0.997363418139039
"1854",25,"apbb2b",-0.00320877539966647,0.431516868003105,0.996463890020745
"1855",25,"zfp91",-0.00113653003362994,0.315623858003884,0.990065078286043
"1856",25,"si:dkey-117m1.4",-0.000586315638191839,0.664146220645378,0.997363418139039
"1857",25,"gpr83",-0.000186120479684141,0.74793446351474,0.997363418139039
"1858",25,"aip",0.0026742741368817,0.318021059286828,0.990065078286043
"1859",25,"doc2d",-0.00381674649145578,0.742546458615148,0.997363418139039
"1860",25,"lonrf1l",-0.000181118694972191,0.919526856582525,0.998213961771008
"1861",25,"dlc1",-0.000424812699782113,0.85079025385351,0.997363418139039
"1862",25,"spock3",0.00111784581647015,0.78491254536836,0.997363418139039
"1863",25,"ndst3",0.000464932976787415,0.855390671322615,0.997363418139039
"1864",25,"LOC129348671",0.000582589305032961,0.516665575832236,0.997363418139039
"1865",25,"prss12",0.00188652943691957,0.432111720619007,0.996463890020745
"1866",25,"mettl14",0.0025152215503076,0.23880518546058,0.990065078286043
"1867",25,"adra1d",-0.00202601029985692,0.186703145516848,0.990065078286043
"1868",25,"ctnna2",0.00188449814118615,0.577440139001231,0.997363418139039
"1869",25,"lrrtm1",-0.000999343391023087,0.727777014111175,0.997363418139039
"1870",25,"LOC129348648",0.00152512563668016,0.142768599077958,0.961176492579385
"1871",25,"suclg1",-0.00272203804493471,0.394752326861064,0.996463890020745
"1872",25,"cisd2",7.61309347102498e-05,0.952686516838744,0.998607408853002
"1873",25,"si:dkey-162b23.4",-0.00190225718318236,0.476212378821586,0.997363418139039
"1874",25,"tacr3a",0.00116310752134551,0.633261281269552,0.997363418139039
"1875",25,"dnaja1",-5.9678855793559e-05,0.976409381271859,0.999223513981536
"1876",25,"smu1b",0.00118280203928317,0.236514289964325,0.990065078286043
"1877",25,"rps6",-2.63428171963681e-05,0.991079948551751,0.999223513981536
"1878",25,"acer2",-2.87608053936529e-05,0.990892720867573,0.999223513981536
"1879",25,"LOC111575318",0.00213308369240675,0.5959542145988,0.997363418139039
"1880",25,"LOC111575336",-0.000505573205950762,0.773988318925014,0.997363418139039
"1881",25,"LOC111575327",-0.0059147337985171,0.0121851565048185,0.811535974992135
"1882",25,"usp53b",0.00193519174976762,0.538636577798716,0.997363418139039
"1883",25,"gucy1b1",-0.00406470966902892,0.0434966523303978,0.82952824032366
"1884",25,"gucy1a1",-0.00102560586786539,0.427290211059268,0.996463890020745
"1885",25,"cfap97",-0.00244790700346332,0.114100987124205,0.921820201924075
"1886",25,"rnf24",-0.00294765976228931,0.0795756266845385,0.871360915888879
"1887",25,"cldnd1b",-0.000416198948638662,0.863079579661595,0.997363418139039
"1888",25,"fbxo41",-0.00278864259692202,0.671424681271556,0.997363418139039
"1889",25,"LOC111575457",-0.00166064628948492,0.419622914292536,0.996463890020745
"1890",25,"mogs",-0.00055919050868096,0.702440962635043,0.997363418139039
"1891",25,"pdcd4a",0.000623496546252633,0.780749825953663,0.997363418139039
"1892",25,"LOC111575458",-0.00328423087026209,0.261120265245333,0.990065078286043
"1893",25,"mxd4",0.00411084087238699,0.280339459777456,0.990065078286043
"1894",25,"LOC111575456",-0.00412627459415175,0.0639221152282146,0.869097537705332
"1895",25,"ndufb6",-0.000149400998940578,0.83657222282864,0.997363418139039
"1896",25,"mtap",-0.00272911530544846,0.0151567847629067,0.811535974992135
"1897",25,"cdkn2a/b",-0.00184862834470236,0.204228735687539,0.990065078286043
"1898",25,"LOC118471743",4.51695553689953e-05,0.987268086517543,0.999223513981536
"1899",25,"cxxc4",-0.00131144207404397,0.682591036502556,0.997363418139039
"1900",25,"tet2",0.000799273483095258,0.857950463284568,0.997363418139039
"1901",25,"ppa2",0.000814002625906857,0.362598553850806,0.990065078286043
"1902",25,"ints12",-0.00153024875753683,0.030229999842783,0.814336317015072
"1903",25,"npnta",-0.00208125337095537,0.256265399150676,0.990065078286043
"1904",25,"LOC111570992",-9.4776353499316e-05,0.919085595195749,0.998213961771008
"1905",25,"tbck",0.000232116423607065,0.917398299031272,0.998213961771008
"1906",25,"aimp1a",0.000582260379454478,0.707601307616974,0.997363418139039
"1907",25,"papss1",-0.00393515105738446,0.228757506102749,0.990065078286043
"1908",25,"hadh",0.000254213727524286,0.838655060553835,0.997363418139039
"1909",25,"LOC129348820",-0.00245142033492217,0.0227298090533684,0.811535974992135
"1910",25,"lef1",0.000363964835932594,0.841884150909703,0.997363418139039
"1911",25,"pla2g12a",0.000411243537890999,0.7301783120156,0.997363418139039
"1912",25,"dnajb14",0.000681199855035154,0.773753914939243,0.997363418139039
"1913",25,"psip1a",0.0017176695855617,0.242857801645063,0.990065078286043
"1914",25,"sh3gl2a",-0.00198283315042485,0.705465810435922,0.997363418139039
"1915",25,"anp32b",0.00185282554095696,0.34746504646186,0.990065078286043
"1916",25,"coro2aa",-0.00159808432674301,0.247792151791391,0.990065078286043
"1917",25,"uso1",0.00172493302102739,0.561087087924165,0.997363418139039
"1918",25,"g3bp2a",-0.00830150118750851,0.0112980303514193,0.811535974992135
"1919",25,"ppm1kb",-0.00435673680855379,0.305516994867424,0.990065078286043
"1920",25,"herc3",-0.00278043384441005,0.190320125865106,0.990065078286043
"1921",25,"LOC111583083",0.000104647787466707,0.892238152027978,0.998213961771008
"1922",25,"gprin3b",-0.00416372420430342,0.0792741917300523,0.871360915888879
"1923",25,"elmod2",-0.00193709140368044,0.20364239060158,0.990065078286043
"1924",25,"tbc1d9",-0.00139890220256667,0.69772855463702,0.997363418139039
"1925",25,"LOC111568832",0.000457116309190154,0.814864608219302,0.997363418139039
"1926",25,"LOC111568838",0.00116935764907981,0.330203481319445,0.990065078286043
"1927",25,"rnf150a",-0.00335361781370489,0.0808606003651573,0.876927364271359
"1928",25,"LOC129348789",0.00107724162469783,0.437524174450106,0.996463890020745
"1929",25,"inpp4b",0.00386930616191696,0.608210677567512,0.997363418139039
"1930",25,"gab1",0.00013959778077373,0.919928741879451,0.998213961771008
"1931",25,"usp38",-0.0017493963097859,0.233370427078571,0.990065078286043
"1932",25,"smarca5",0.00109955040850357,0.485823533378923,0.997363418139039
"1933",25,"LOC111581049",0.00148186040313505,0.0159816300649362,0.811535974992135
"1934",25,"ptp4a1",0.00139774573965124,0.491289649955595,0.997363418139039
"1935",25,"myom2a",-0.00150015911535867,0.0368538729431468,0.821523944916278
"1936",25,"LOC111581369",-0.00100672733973121,0.829773535542845,0.997363418139039
"1937",25,"zbtb45",6.67940586837782e-06,0.996001979140166,0.999223513981536
"1938",25,"lcor",-0.00601453328250016,0.317813554653459,0.990065078286043
"1939",25,"LOC111578849",0.00242699253142091,0.472480320729611,0.997363418139039
"1940",25,"LOC111580396",0.000681543619734211,0.7546433855322,0.997363418139039
"1941",25,"LOC111580410",-0.00220888740150366,0.5551088674401,0.997363418139039
"1942",25,"LOC111567263",-0.000281113505691413,0.899822852738026,0.998213961771008
"1943",25,"LOC111567266",-0.00205544371587468,0.422156847493198,0.996463890020745
"1944",25,"LOC111567268",-0.000395606858775994,0.885307761345214,0.998213961771008
"1945",25,"LOC129348676",0.000254624151822044,0.789087436679864,0.997363418139039
"1946",25,"atpv0e2",-0.00281677844159986,0.235295492967366,0.990065078286043
"1947",25,"vps54",-0.000390424297116339,0.863027693411375,0.997363418139039
"1948",25,"LOC111583457",0.00298035034644689,0.644121051613044,0.997363418139039
"1949",25,"usp34",0.00384298922779616,0.415548710939236,0.996463890020745
"1950",25,"xpo1a",0.000313962390845693,0.869481721536942,0.997363418139039
"1951",25,"cct4",0.00028914435202104,0.890080339745536,0.998213961771008
"1952",25,"pus10",-0.00101650628394908,0.639731706543456,0.997363418139039
"1953",25,"akt3b",0.00451001788599181,0.333959732132956,0.990065078286043
"1954",25,"LOC118471598",0.000595623658590841,0.261122265393837,0.990065078286043
"1955",25,"hyls1",-0.00356338930718459,0.0527868235395164,0.84618751263396
"1956",25,"mrpl4",-0.00198588625034797,0.108441875755374,0.918174582058652
"1957",25,"LOC129348699",0.00155912711654657,0.280026299889727,0.990065078286043
"1958",25,"abcc10",0.000475061466818211,0.903776051856436,0.998213961771008
"1959",25,"sp2",0.00250740354900952,0.254370090573761,0.990065078286043
"1960",25,"socs7",-0.00100709161294883,0.734374870528794,0.997363418139039
"1961",25,"gpr179",-0.000773904479650789,0.491216467687666,0.997363418139039
"1962",25,"npepps",0.00252911962969685,0.349187575086273,0.990065078286043
"1963",25,"c4h6orf120",-0.000646607283216295,0.497440808943963,0.997363418139039
"1964",25,"ccsapa",8.7883367706862e-05,0.946416235492834,0.998607408853002
"1965",25,"taf5l",-0.00168478507710336,0.219161082964363,0.990065078286043
"1966",25,"ltv1",0.000648026436918861,0.682847912558815,0.997363418139039
"1967",25,"fbxo8",-0.00152167871630444,0.478902764874025,0.997363418139039
"1968",25,"LOC111562847",-0.00120679365040691,0.708265894414869,0.997363418139039
"1969",25,"LOC111563859",0.00155723056881643,0.554848634296148,0.997363418139039
"1970",25,"saraf",0.00101374326202829,0.694485757622995,0.997363418139039
"1971",25,"galnt7",-0.00238113661999819,0.352498098170622,0.990065078286043
"1972",25,"LOC111563849",0.00182263812221377,0.307258418572909,0.990065078286043
"1973",25,"spcs3",0.00211934682977902,0.376341921513924,0.991163825330808
"1974",25,"klhl2",-0.000554007211049833,0.773803071436028,0.997363418139039
"1975",25,"cpe",-0.00549839957888985,0.316570024803561,0.990065078286043
"1976",25,"stox2a",-0.000212774442794989,0.946278755113172,0.998607408853002
"1977",25,"casp3a",0.00172452442866916,0.365557097571855,0.990065078286043
"1978",25,"LOC111580237",0.000192893756055745,0.895569777062555,0.998213961771008
"1979",25,"sart1",-0.00255641955551931,0.262722474139676,0.990065078286043
"1980",25,"pcm1",0.00129184264857918,0.511509939949593,0.997363418139039
"1981",25,"asah1b",0.00018026959526437,0.813783152792749,0.997363418139039
"1982",25,"frg1",-0.000798903341478731,0.597980618012326,0.997363418139039
"1983",25,"fat1a",-0.0018453332767363,0.44556215635863,0.996463890020745
"1984",25,"mtnr1aa",-0.00527138546092591,0.172542274381161,0.989728643862784
"1985",25,"sorbs2a",0.00390691983994198,0.325091861867341,0.990065078286043
"1986",25,"fam193a",-0.00267016085747263,0.498505337534026,0.997363418139039
"1987",25,"arfip1",0.000201392574420138,0.917410479044907,0.998213961771008
"1988",25,"fhdc1",0.00252292681993107,0.13154706388442,0.945585819569454
"1989",25,"trim2a",-0.000344343997295516,0.938535063483105,0.998607408853002
"1990",25,"tmem131l",-0.00062830494360857,0.881001077964525,0.998213961771008
"1991",25,"LOC118469118",0.00194416133535239,0.0414510285486516,0.825068516318458
"1992",25,"LOC129348753",-0.000188699344292881,0.873774327855679,0.997613948681191
"1993",25,"LOC111580855",-0.00104295330346936,0.616541835184685,0.997363418139039
"1994",25,"LOC111580856",-0.000228313200412058,0.964329936545655,0.99894368917766
"1995",25,"LOC111580853",0.00354595337746536,0.312363781540535,0.990065078286043
"1996",25,"cacng3a",-0.000300285304024353,0.775650796249623,0.997363418139039
"1997",25,"LOC111581447",-0.00428810275175293,0.408493931555346,0.996463890020745
"1998",25,"LOC129348715",0.00297988890238511,0.0220078727132051,0.811535974992135
"1999",25,"LOC111569158",-0.00542130922507922,0.112009478500231,0.921820201924075
"2000",25,"LOC111579505",0.00188475760223038,0.267287506087485,0.990065078286043
"2001",25,"chtf18",0.00116593504281351,0.33641640304258,0.990065078286043
"2002",25,"LOC111579496",-0.00071449876590085,0.329296047965299,0.990065078286043
"2003",25,"brat1",0.000863139482561426,0.125366801629591,0.931961645615443
"2004",25,"eif3ba",-0.000547109133833735,0.76866755354784,0.997363418139039
"2005",25,"LOC111579493",0.000753910389416469,0.520964892387063,0.997363418139039
"2006",25,"ern2",-0.000606059617082293,0.666263710185625,0.997363418139039
"2007",25,"sdk1b",-0.00161975827727721,0.626030550956407,0.997363418139039
"2008",25,"LOC111562404",-0.00142334790509983,0.145238064440378,0.964602715329076
"2009",25,"gpank1",0.000348666503693157,0.857771698942346,0.997363418139039
"2010",25,"LOC111586508",-0.00154220258578799,0.653033781915686,0.997363418139039
"2011",25,"LOC129348704",-0.00136340783494074,0.727526415798986,0.997363418139039
"2012",25,"glra3",-0.00501544731727302,0.378819148568603,0.99146608947112
"2013",25,"hpgd",-0.000555673018047579,0.560893393403563,0.997363418139039
"2014",25,"wdr17",-0.00126629629370382,0.706438745608874,0.997363418139039
"2015",25,"hmgb2a",0.000697957426750191,0.509482152791006,0.997363418139039
"2016",25,"pmm2",0.000516638056673033,0.714529932111267,0.997363418139039
"2017",25,"mtmr7b",-0.000106675700843802,0.978440583634364,0.999223513981536
"2018",25,"LOC111585880",0.00220940936506586,0.50389570143099,0.997363418139039
"2019",25,"LOC129348769",0.00106832994898064,0.0377490385679663,0.821523944916278
"2020",25,"LOC111585881",-7.35526710570333e-05,0.933786843073566,0.998311327882942
"2021",25,"patl1",-0.00198586514321127,0.406491184216227,0.996463890020745
"2022",25,"hap1",0.00157865792677138,0.785856202016154,0.997363418139039
"2023",25,"LOC111566305",-0.0016067636577359,0.343322243033252,0.990065078286043
"2024",25,"fgf8b",0.000638407975667907,0.259433244486797,0.990065078286043
"2025",25,"wbp1lb",-0.000786359562998089,0.691119661516469,0.997363418139039
"2026",25,"cnnm2b",0.00205734095965945,0.255799785450973,0.990065078286043
"2027",25,"LOC129348697",-0.0002647721909963,0.727612731949806,0.997363418139039
"2028",25,"nt5c2b",0.00192390038541655,0.559001381377954,0.997363418139039
"2029",25,"inab",-0.00163262974443092,0.446770802889369,0.996463890020745
"2030",25,"taf5",0.000670271838786381,0.565930868933744,0.997363418139039
"2031",25,"atp5md",-0.00337984201887864,0.385950686432203,0.99604104921104
"2032",25,"pdcd11",0.00179773035562919,0.0380295486905884,0.821523944916278
"2033",25,"zgc:175214",0.000179891493000529,0.945166175008789,0.998607408853002
"2034",25,"LOC111570439",0.000607736779409911,0.669716102958025,0.997363418139039
"2035",25,"mettl26",-0.000778054082174371,0.563623540193378,0.997363418139039
"2036",25,"LOC111570438",-0.00029275644376151,0.574256098088691,0.997363418139039
"2037",25,"cep170ab",0.00166721079166737,0.681127169147787,0.997363418139039
"2038",25,"bcl11ab",0.00315550213317947,0.272470473700682,0.990065078286043
"2039",25,"ccdc85al",0.00106692407477823,0.822788163397284,0.997363418139039
"2040",25,"nomo",-0.00317648269756648,0.218839897383633,0.990065078286043
"2041",25,"LOC111570442",0.00401836304953754,0.0836018844315456,0.877876627611259
"2042",25,"rps15a",-0.0069015361415675,0.0492550791538326,0.84618751263396
"2043",25,"LOC111581308",0.00119628089872713,0.0261984371442811,0.811535974992135
"2044",25,"LOC111581288",-0.000273363859891167,0.864717411649876,0.997363418139039
"2045",25,"bmerb1",-0.00235238591651317,0.61123327959543,0.997363418139039
"2046",25,"ntan1",0.000113914072425909,0.872745794949282,0.997363418139039
"2047",25,"LOC111581294",-0.00458739547742643,0.455881106613326,0.997363418139039
"2048",25,"micall1a",-0.000759191862643968,0.581510471457029,0.997363418139039
"2049",25,"klf1",0.000757737494846524,0.394498254588643,0.996463890020745
"2050",25,"nfil3-5",0.00339548279098157,0.0657416183829242,0.869097537705332
"2051",25,"slc44a2",0.000533647885363149,0.763136218830369,0.997363418139039
"2052",25,"gcdha",6.44383787019986e-05,0.924029971763918,0.998213961771008
"2053",25,"LOC111582733",-0.00132548716877227,0.376402475690064,0.991163825330808
"2054",25,"LOC111568179",0.00154730658377555,0.258389709063612,0.990065078286043
"2055",25,"prdx2",0.000673020524685315,0.813994947171704,0.997363418139039
"2056",25,"get3",-0.00357416731210011,0.0834530896613019,0.877876627611259
"2057",25,"grk4",-0.0031048169649817,0.426295172940338,0.996463890020745
"2058",25,"htt",-0.0011491730715908,0.666132167809554,0.997363418139039
"2059",25,"lrpap1",0.00179801575602396,0.447225521201229,0.996463890020745
"2060",25,"adra2c",0.00199949238775705,0.470264778524114,0.997363418139039
"2061",25,"LOC111576736",-0.000137083152520313,0.92014062791186,0.998213961771008
"2062",25,"pi4k2b",0.00305983248627045,0.275467635987417,0.990065078286043
"2063",25,"chrnb3a",0.00194963122355809,0.151829921956861,0.970457061385761
"2064",25,"LOC111579061",-0.000254884251599181,0.800214056690891,0.997363418139039
"2065",25,"pcdh10a",0.000316676426876172,0.889365487261983,0.998213961771008
"2066",25,"pcdh18a",-0.00529042993816621,0.168061753328447,0.985842798835785
"2067",25,"LOC111583386",0.000600348542145876,0.784784907510895,0.997363418139039
"2068",25,"si:ch73-109d9.2",0.000363402799857084,0.805430802578381,0.997363418139039
"2069",25,"LOC111583397",-0.000355370353441976,0.871134910866833,0.997363418139039
"2070",25,"LOC129348785",0.0016516979747492,0.280210096165104,0.990065078286043
"2071",25,"timm10",0.000701908865446846,0.682302164734433,0.997363418139039
"2072",25,"ctnnd1",-0.00114623714775439,0.521723139241051,0.997363418139039
"2073",25,"LOC111585152",-0.00427649944117189,0.0450151146676145,0.835539982155957
"2074",25,"noctb",-0.00173505362354466,0.33640393921999,0.990065078286043
"2075",25,"LOC111577320",0.00312263619809096,0.440451558290102,0.996463890020745
"2076",25,"LOC129348716",0.00113065882398357,0.0328166507514635,0.821359352393538
"2077",25,"LOC111577321",-0.000791909806039467,0.677616757678923,0.997363418139039
"2078",25,"LOC111577326",0.00149214943399085,0.52754636058366,0.997363418139039
"2079",25,"clgn",-0.00136725242600702,0.730247205029219,0.997363418139039
"2080",25,"scoca",-0.00362534252861897,0.192564275946991,0.990065078286043
"2081",25,"LOC129348717",0.00169228206208257,0.575124789322543,0.997363418139039
"2082",25,"maml3",0.00177281224889123,0.753529456870101,0.997363418139039
"2083",25,"naa15b",0.0025733654824057,0.144867757220612,0.964602715329076
"2084",25,"LOC111586868",-0.000430177644783334,0.6313741641964,0.997363418139039
"2085",25,"p4hb",-0.00369730616940106,0.5014471679654,0.997363418139039
"2086",25,"rptor",0.000304308240892663,0.935324585982691,0.998607408853002
"2087",25,"LOC111577945",0.00093086386830189,0.792497694667262,0.997363418139039
"2088",25,"LOC111577946",-0.00166803238553242,0.103525741632719,0.912203428875534
"2089",25,"si:dkey-237i9.1",-0.00226414026461037,0.456142364528868,0.997363418139039
"2090",25,"LOC111575066",-0.00145178363366243,0.505179088607833,0.997363418139039
"2091",25,"dgke",0.00252254555556002,0.271053209359045,0.990065078286043
"2092",25,"LOC111575062",0.0012164925127398,0.688738835501435,0.997363418139039
"2093",25,"ppp1r12c",0.00133436462224076,0.450368576281895,0.996463890020745
"2094",25,"LOC111575044",0.000697435460082579,0.625617433531278,0.997363418139039
"2095",25,"LOC111575054",-0.000467355761600899,0.418107147406642,0.996463890020745
"2096",25,"LOC111575046",0.00151537928421574,0.051997299614904,0.84618751263396
"2097",25,"scrn2",-0.00149909634403948,0.512255271197008,0.997363418139039
"2098",25,"cwc25",0.000635203244082291,0.54538827486341,0.997363418139039
"2099",25,"psmb3",0.000841647720350719,0.660827788613823,0.997363418139039
"2100",25,"LOC111575053",-0.00841358413280863,0.148075567833903,0.965295556857902
"2101",25,"LOC111575064",-0.000882769291835524,0.623689966173266,0.997363418139039
"2102",25,"LOC111569983",0.00447295649350063,0.289203309051243,0.990065078286043
"2103",25,"LOC111569980",-0.00356648906447002,0.454811159339097,0.997363418139039
"2104",25,"LOC111569984",-0.000475532099389209,0.808910879615487,0.997363418139039
"2105",25,"krt222",0.00372276513322118,0.034087353917484,0.821359352393538
"2106",25,"rims1b",-4.99347516613255e-05,0.994782282073673,0.999223513981536
"2107",25,"LOC111569979",0.000807259894559706,0.797225353986035,0.997363418139039
"2108",25,"LOC111583465",-0.00168449320665834,0.403166742355025,0.996463890020745
"2109",25,"LOC111583468",-0.00145439622151006,0.260998019383421,0.990065078286043
"2110",25,"dtd1",0.000397166977122225,0.78672184301013,0.997363418139039
"2111",25,"slkb",-0.00112502428510271,0.0668421932194888,0.869550081520816
"2112",25,"stn1",0.000532888634539371,0.662591987880183,0.997363418139039
"2113",25,"sh3pxd2aa",-0.00730785138247971,0.0704287468934819,0.869550081520816
"2114",25,"LOC111586193",0.000298130289135781,0.799292885340693,0.997363418139039
"2115",25,"neurl1aa",0.000448690484923027,0.906471194236711,0.998213961771008
"2116",25,"sorcs3a",-0.000566244976532318,0.90077675826562,0.998213961771008
"2117",25,"LOC111562803",0.00537301700957551,0.660104932870871,0.997363418139039
"2118",25,"LOC111579842",-0.00093821321328763,0.707842289108575,0.997363418139039
"2119",25,"LOC111579991",-0.00233806843897461,0.328134982953297,0.990065078286043
"2120",25,"LOC111563100",0.000124912534516795,0.878408641362043,0.997890690913835
"2121",25,"ubl5",-0.0021013963978051,0.337489264676236,0.990065078286043
"2122",25,"pin1",0.00241430446589097,0.360117359803855,0.990065078286043
"2123",25,"si:ch211-14k19.8",-0.00115969814160201,0.762001006838574,0.997363418139039
"2124",25,"LOC111566270",-0.00336125713854769,0.256470006280655,0.990065078286043
"2125",25,"fbxl18",-0.000708081823919818,0.555878593174096,0.997363418139039
"2126",25,"fscn1b",0.00114788663368745,0.773185745998299,0.997363418139039
"2127",25,"ttyh3b",-0.00167479338601066,0.78846360287727,0.997363418139039
"2128",25,"LOC111566266",-0.00147167227299905,0.281339123392693,0.990065078286043
"2129",25,"mad1l1",0.000655495306824448,0.505662510531707,0.997363418139039
"2130",25,"LOC111587662",0.00578881614264644,0.338468310188547,0.990065078286043
"2131",25,"LOC111587653",0.000288412054946902,0.732329397367837,0.997363418139039
"2132",25,"thumpd1",0.000323984725408641,0.75100034743946,0.997363418139039
"2133",25,"LOC111587652",-0.00223294545745123,0.699014570855998,0.997363418139039
"2134",25,"LOC111587660",-0.00101561186493965,0.590626477892925,0.997363418139039
"2135",25,"LOC111587656",-0.00180449784833666,0.297492309970724,0.990065078286043
"2136",25,"cdc37",0.00224674656602545,0.370655007526486,0.990398034861638
"2137",25,"LOC111587651",0.0015172353457134,0.738594706019855,0.997363418139039
"2138",25,"LOC129348818",0.00053424031847642,0.651029764165855,0.997363418139039
"2139",25,"ears2",0.00253540056274403,0.0496354163248258,0.84618751263396
"2140",25,"txndc11",0.00210010801246583,0.231585653734732,0.990065078286043
"2141",25,"LOC111588125",-0.00304887747773907,0.0499633048604177,0.84618751263396
"2142",25,"LOC111588118",-0.00017294223592187,0.959722729277506,0.998607408853002
"2143",25,"LOC111588121",-0.00282883269016719,0.000770893000231747,0.713527408031474
"2144",25,"LOC111588119",0.000694207813886307,0.420766000595832,0.996463890020745
"2145",25,"gaa2",-0.00153592435007149,0.468196880058823,0.997363418139039
"2146",25,"LOC111578003",-0.00102070083926188,0.522665568928119,0.997363418139039
"2147",25,"soul5l",-0.00773935781644744,0.284694601726906,0.990065078286043
"2148",25,"LOC111578000",-0.00544595791188908,0.115742520413624,0.925078167557776
"2149",25,"LOC111570904",-0.000365544964633371,0.86119038561443,0.997363418139039
"2150",25,"akap8l",0.000323500952509424,0.875409684647168,0.997890690913835
"2151",25,"LOC111572741",0.00310673626552875,0.155857944367883,0.971621725888687
"2152",25,"LOC129348836",0.000380894293635767,0.662212455718151,0.997363418139039
"2153",25,"LOC111588203",0.00195785153014351,0.0140014886706469,0.811535974992135
"2154",25,"cbx6a",-0.00644823668718368,0.177050543769797,0.990065078286043
"2155",25,"nptxrb",-0.0129569778844242,0.00226506145183478,0.811535974992135
"2156",25,"pvalb7",-0.002898913923596,0.687159920263476,0.997363418139039
"2157",25,"ncf4",-0.00111259427601159,0.481696912729389,0.997363418139039
"2158",25,"LOC111580779",0.00209135103255988,0.317525167129723,0.990065078286043
"2159",25,"si:ch211-79m20.1",-0.0010565807089691,0.617521676182377,0.997363418139039
"2160",25,"sun2",-0.000749432134001195,0.389946346185383,0.996463890020745
"2161",25,"atf4a",0.000410214977197466,0.861860585039994,0.997363418139039
"2162",25,"mgat3b",-0.0048716450045488,0.320590577475136,0.990065078286043
"2163",25,"LOC129347222",0.00604237524754598,0.0425238027398807,0.825068516318458
"2164",25,"LOC111577598",0.00075995004938122,0.890926475737812,0.998213961771008
"2165",25,"LOC111577595",-0.00136422818410264,0.0785890555950216,0.871360915888879
"2166",25,"si:zfos-169g10.2",0.0015637560903999,0.44214043732637,0.996463890020745
"2167",25,"LOC129348754",0.00157664245728462,0.303814072351519,0.990065078286043
"2168",25,"LOC111587353",0.00646997314225895,0.435188162014906,0.996463890020745
"2169",25,"LOC129348660",0.000875599248644343,0.788422830673421,0.997363418139039
"2170",25,"gtpbp1l",-0.00116628305543113,0.31217683613707,0.990065078286043
"2171",25,"LOC118469470",-0.000201312782816709,0.72751548845689,0.997363418139039
"2172",25,"LOC129348810",0.00136273005681721,0.0609571428726192,0.869097537705332
"2173",25,"elfn2a",-0.00405234802071715,0.555815192595796,0.997363418139039
"2174",25,"mfng",-0.000270978311591849,0.672567769971517,0.997363418139039
"2175",25,"LOC111569834",0.000464387527176019,0.734771479375697,0.997363418139039
"2176",25,"man2b1",-0.00117176025343533,0.692394031791603,0.997363418139039
"2177",25,"trmt1",-0.00299715444381209,0.193422206634001,0.990065078286043
"2178",25,"nacc1b",-0.00367820596106498,0.321089436897514,0.990065078286043
"2179",25,"LOC129348763",-0.00102787480403259,0.579004657551177,0.997363418139039
"2180",25,"LOC111588704",-0.000459824569808318,0.904381069330943,0.998213961771008
"2181",25,"LOC111588702",-0.00133210629719546,0.330126274564728,0.990065078286043
"2182",25,"cacna1ab",-0.0056184534526248,0.338615128601285,0.990065078286043
"2183",25,"LOC111568332",-0.00259690426935571,0.728315390288579,0.997363418139039
"2184",25,"wdr83os",0.000508996258586972,0.592369340657906,0.997363418139039
"2185",25,"wdr83",-8.38453094306653e-05,0.914905912483673,0.998213961771008
"2186",25,"yju2b",0.000657942476547973,0.293606112203297,0.990065078286043
"2187",25,"nol8",-0.00343933646960083,0.180398073027459,0.990065078286043
"2188",25,"LOC118469874",-0.00387091835268942,0.00721435775971852,0.811535974992135
"2189",25,"apobec2a",1.65194204677229e-06,0.998808755825705,0.999223513981536
"2190",25,"arfrp1",-0.00041213147518072,0.691750702393177,0.997363418139039
"2191",25,"cntn2",-0.000189475088776984,0.941893305296294,0.998607408853002
"2192",25,"nfasca",-0.0079956608066967,0.118834484127568,0.927025251088176
"2193",25,"zc3h11a",-0.00251890886806912,0.391055402050845,0.996463890020745
"2194",25,"slmapa",-0.00430099417061739,0.343600683722793,0.990065078286043
"2195",25,"dennd6aa",-0.00100788285120395,0.300147200180387,0.990065078286043
"2196",25,"appl1",0.00157632092941087,0.43396010022287,0.996463890020745
"2197",25,"plekha6",-0.00869226197802411,0.214369406237869,0.990065078286043
"2198",25,"LOC111568421",-0.000922345260213243,0.282082247661145,0.990065078286043
"2199",25,"etnk2",-0.000636826572816419,0.757133564584356,0.997363418139039
"2200",25,"LOC111568408",0.00166595794731465,0.553190248241456,0.997363418139039
"2201",25,"LOC111568406",0.00256366739062041,0.0573887396750458,0.864909271456043
"2202",25,"LOC111568420",-0.00159833441896728,0.607624917773866,0.997363418139039
"2203",25,"tmem74b",-0.00105487614994464,0.764730054624438,0.997363418139039
"2204",25,"psmf1",-3.70244648209572e-05,0.987919853373603,0.999223513981536
"2205",25,"pigu",-0.00268784040056728,0.228179754502063,0.990065078286043
"2206",25,"gmppb",0.00179396458703201,0.161525701978581,0.982413739736351
"2207",25,"pde12",0.00102113938699784,0.302203240901133,0.990065078286043
"2208",25,"rps23",-0.00610818767798814,0.0990168680938821,0.905054408445332
"2209",25,"ip6k1",-0.00263680261321591,0.180708442077273,0.990065078286043
"2210",25,"ccdc66",0.000639421929930535,0.716409121008072,0.997363418139039
"2211",25,"tasora",0.00376224007582829,0.155072377471257,0.971621725888687
"2212",25,"sypl2a",0.00359366346194744,0.13768511405204,0.957578775787136
"2213",25,"LOC111585229",0.000252955572148441,0.901636051577723,0.998213961771008
"2214",25,"zbtb40",-0.00115828702748275,0.412070203667119,0.996463890020745
"2215",25,"usp48",-0.000538334183817666,0.786271891397784,0.997363418139039
"2216",25,"nampt2",-1.31737235687783e-05,0.996436691781411,0.999223513981536
"2217",25,"cadpsa",-0.00208618940825475,0.590610172399792,0.997363418139039
"2218",25,"LOC111578637",0.000689593718801956,0.903649541252266,0.998213961771008
"2219",25,"fhit",-0.00468856553794918,0.252672095404946,0.990065078286043
"2220",25,"raly",0.00682030437890522,0.234035662276871,0.990065078286043
"2221",25,"LOC118471726",-0.00262836138713118,0.0933222152372382,0.89059721170218
"2222",25,"LOC111582701",-0.00106595447346983,0.705968651286203,0.997363418139039
"2223",25,"ergic3",-0.00058410420677071,0.867965032455224,0.997363418139039
"2224",25,"romo1",-0.0020185047957528,0.0815642732714911,0.876927364271359
"2225",25,"LOC129349029",0.00190576651009212,0.787176880740584,0.997363418139039
"2226",25,"mtss1",-0.000432523480401018,0.886174220963102,0.998213961771008
"2227",25,"osgn1",7.23497441066027e-06,0.99541631589325,0.999223513981536
"2228",25,"ccdc51",-4.5264508939672e-05,0.962540061293115,0.998789723674583
"2229",25,"tma7",-0.000455384459964413,0.892709382072795,0.998213961771008
"2230",25,"nav1b",-0.00117140467341678,0.752380078061541,0.997363418139039
"2231",25,"LOC111569776",0.00313311105283871,0.490635330864863,0.997363418139039
"2232",25,"LOC111569772",-0.00562733846065737,0.420923283774331,0.996463890020745
"2233",25,"nudt3b",-0.00164047927345669,0.51122311633,0.997363418139039
"2234",25,"rps10",-0.0029597221904094,0.422540676240132,0.996463890020745
"2235",25,"pacsin1b",0.00202529325649594,0.641382804011956,0.997363418139039
"2236",25,"ilrun",0.00139627734806059,0.360051078905781,0.990065078286043
"2237",25,"snrpc",0.00257702042469199,0.167564677665491,0.984129860617473
"2238",25,"anks1ab",-0.00135371013423522,0.744340659064241,0.997363418139039
"2239",25,"phc2b",-0.000251146798915681,0.929241248314697,0.998213961771008
"2240",25,"slc2a1b",-1.62890400484749e-05,0.983738258969993,0.999223513981536
"2241",25,"rap1gapb",0.00735693288943515,0.0716703110312689,0.869550081520816
"2242",25,"lrig2",0.00516575990707698,0.0234104838872124,0.811535974992135
"2243",25,"LOC111565011",-0.00226233600125024,0.730985476798521,0.997363418139039
"2244",25,"im:7151449",0.00207204722475671,0.124956186544864,0.930634167332138
"2245",25,"LOC118469937",-0.00123344151938804,0.629602456342446,0.997363418139039
"2246",25,"LOC111565004",0.0036413579677691,0.458731010411063,0.997363418139039
"2247",25,"phtf1",0.00026632687693382,0.918486401043898,0.998213961771008
"2248",25,"pfkfb2b",-0.000857487026892007,0.726111191544282,0.997363418139039
"2249",25,"yod1",0.000520240583031046,0.531602959909324,0.997363418139039
"2250",25,"LOC118469742",0.00230841339165487,0.173785246610687,0.990065078286043
"2251",25,"hp1bp3",-0.000168485280290816,0.972327609254344,0.999223513981536
"2252",25,"eif4g3a",0.00133905954808576,0.594530021572854,0.997363418139039
"2253",25,"alpl",-0.00438124180454792,0.0371307088538131,0.821523944916278
"2254",25,"ephb2b",0.00203508628369311,0.422940275012199,0.996463890020745
"2255",25,"lrrc38b",-0.00138365888355714,0.575888343538851,0.997363418139039
"2256",25,"klhdc7a",0.00051627194683565,0.493509257210534,0.997363418139039
"2257",25,"igsf21a",0.00409960243248166,0.51390509138533,0.997363418139039
"2258",25,"arhgef10la",0.00468429808736946,0.267615866663201,0.990065078286043
"2259",25,"chd5",0.00118479187700744,0.767152607892915,0.997363418139039
"2260",25,"rpl22",-0.00173723286079705,0.369326239306681,0.990313911305458
"2261",25,"zpr1",0.000837124681496064,0.652070661680496,0.997363418139039
"2262",25,"pank4",-0.000479116985655006,0.758241004189294,0.997363418139039
"2263",25,"LOC118471082",-3.97937803747927e-05,0.945634564649027,0.998607408853002
"2264",25,"LOC111575996",0.010297086764084,0.029012299936872,0.814336317015072
"2265",25,"cept1b",-0.00234402180400602,0.469737386711416,0.997363418139039
"2266",25,"dram2b",-0.000843166388060938,0.744703227764569,0.997363418139039
"2267",25,"c5h6orf89",-0.000679957161098751,0.528456754272397,0.997363418139039
"2268",25,"nfs1",-0.00190000362911878,0.74674742338765,0.997363418139039
"2269",25,"LOC111582809",0.000994536468924439,0.643699730842303,0.997363418139039
"2270",25,"fer1l4",-0.00148676813530993,0.571766085328004,0.997363418139039
"2271",25,"unm-sa1614",0.00226562637623199,0.502750796621451,0.997363418139039
"2272",25,"LOC111582422",0.00447395454064222,0.32049539933026,0.990065078286043
"2273",25,"atrip",0.00159396285791268,0.303650040446558,0.990065078286043
"2274",25,"LOC129349025",0.000651834548395156,0.467233633660938,0.997363418139039
"2275",25,"LOC111582418",-0.000710043567354628,0.808442529884629,0.997363418139039
"2276",25,"chd6",0.0023085154453603,0.635601257867735,0.997363418139039
"2277",25,"ripor3",0.00149162965826251,0.0182462892691662,0.811535974992135
"2278",25,"blcap",-0.0002230965076538,0.82412578516474,0.997363418139039
"2279",25,"podxl2",-0.00318105176978427,0.451134870330503,0.996880727735754
"2280",25,"pmepa1",-0.00114729947325631,0.740924605759588,0.997363418139039
"2281",25,"ccndbp1",-0.002290997596521,0.244112218145867,0.990065078286043
"2282",25,"tomm34",0.00124080300386539,0.748327481539558,0.997363418139039
"2283",25,"ywhaba",-0.00679045250290936,0.30407146585078,0.990065078286043
"2284",25,"rims4",0.00138821383799034,0.770806007724906,0.997363418139039
"2285",25,"lsm3",-0.00162857350991986,0.0693664128934634,0.869550081520816
"2286",25,"LOC111577384",0.00548207074150126,0.354743573446448,0.990065078286043
"2287",25,"LOC111577385",-0.00156298771440742,0.779282255280963,0.997363418139039
"2288",25,"zgc:171566",0.000247739825183925,0.938259179160968,0.998607408853002
"2289",25,"ptprt",-0.00530781668462997,0.0684907039885609,0.869550081520816
"2290",25,"LOC111588408",0.000491414971906053,0.667691311854629,0.997363418139039
"2291",25,"ahcy",-0.00108394264937791,0.289035175233758,0.990065078286043
"2292",25,"LOC111579631",0.000924779748467295,0.481096873924571,0.997363418139039
"2293",25,"LOC129348855",-0.000275125472396099,0.736362723225253,0.997363418139039
"2294",25,"epha8",-0.00181085343111975,0.700178193514964,0.997363418139039
"2295",25,"nucks1a",0.00225988207080517,0.670611406808889,0.997363418139039
"2296",25,"si:ch211-117k10.3",-0.00123823684680174,0.574671947612573,0.997363418139039
"2297",25,"elk4",-0.00015669515657845,0.9420665733547,0.998607408853002
"2298",25,"cdk18",-0.00969333999596736,0.0510511983775352,0.84618751263396
"2299",25,"klhdc8a",0.00180886541174914,0.616683853163216,0.997363418139039
"2300",25,"tp53rk",-0.000423226866475125,0.57232583705043,0.997363418139039
"2301",25,"csnk2a4",-0.00463198362344628,0.0212355125858145,0.811535974992135
"2302",25,"LOC111583114",-0.00074619479757924,0.68641546819127,0.997363418139039
"2303",25,"plxnb1b",0.00168676461867632,0.154277721111237,0.971413341467878
"2304",25,"si:dkey-19e4.5",0.00156806517520308,0.520618036205231,0.997363418139039
"2305",25,"setd5",-0.00504886437455436,0.0449698505691805,0.835539982155957
"2306",25,"lhfpl4a",-0.00181448596016918,0.642743095200238,0.997363418139039
"2307",25,"mtmr14",0.00153730880922258,0.214733535034101,0.990065078286043
"2308",25,"LOC111580325",0.00422096046849947,0.591266725306349,0.997363418139039
"2309",25,"si:dkey-156n14.3",-0.000840090719448302,0.398155007429507,0.996463890020745
"2310",25,"klf15",0.00151235205762016,0.347126059337628,0.990065078286043
"2311",25,"aldh1l1",0.000355784136411258,0.76419073971863,0.997363418139039
"2312",25,"fam217bb",5.78247340431897e-05,0.971892399882339,0.999223513981536
"2313",25,"pdrg1",-0.00131361939396735,0.0247893029473157,0.811535974992135
"2314",25,"znf831",-0.00149987506738278,0.29714892157182,0.990065078286043
"2315",25,"cstf1",-0.000445650659983575,0.567233993945333,0.997363418139039
"2316",25,"LOC111588453",0.00276662520792807,0.117027873270703,0.927025251088176
"2317",25,"phf2",-0.00307144678279974,0.346975570848728,0.990065078286043
"2318",25,"ptpdc1a",0.00076267860232853,0.508098310055773,0.997363418139039
"2319",25,"wnt7aa",-0.0023565009332102,0.0850128842533697,0.881103686225662
"2320",25,"hdac11",-0.00325212763386711,0.430459741687096,0.996463890020745
"2321",25,"iqsec1b",0.00404230716314385,0.342503420536928,0.990065078286043
"2322",25,"acad9",0.000453558384322174,0.755230508048699,0.997363418139039
"2323",25,"snrpe",0.00175988905103567,0.386351946839053,0.99604104921104
"2324",25,"LOC111573839",-0.00203261498845998,0.478517261371356,0.997363418139039
"2325",25,"phactr3b",0.00127007325908383,0.631926690005512,0.997363418139039
"2326",25,"LOC111588668",0.00104568567492777,0.541434620945692,0.997363418139039
"2327",25,"txnrd3",0.000473158485459973,0.759289023228892,0.997363418139039
"2328",25,"LOC111588666",-0.00166002222079361,0.398234962593564,0.996463890020745
"2329",25,"acot8",-0.000256765862807139,0.786691484782583,0.997363418139039
"2330",25,"LOC111562661",-0.000800854441559708,0.683480718824589,0.997363418139039
"2331",25,"ift52",0.00155738738271651,0.247988864933716,0.990065078286043
"2332",25,"mybl2b",0.000110062953082469,0.849482950195478,0.997363418139039
"2333",25,"rpn2",-0.000877501518826336,0.769164990830893,0.997363418139039
"2334",25,"LOC111562651",0.00528843944648457,0.388034058846527,0.99604104921104
"2335",25,"cntn4",-0.000875384331975769,0.801448097820032,0.997363418139039
"2336",25,"LOC111562655",-0.00503245505455149,0.251905243331121,0.990065078286043
"2337",25,"chl1b",-0.00586920180379745,0.315048078545562,0.990065078286043
"2338",25,"cntn3b",-0.00267809769047399,0.264250463480067,0.990065078286043
"2339",25,"ppp4r2b",0.000496898453824395,0.759023392524212,0.997363418139039
"2340",25,"gxylt2",0.000261549642885721,0.842400182017664,0.997363418139039
"2341",25,"shq1",0.00286260047199086,0.0234832472482978,0.811535974992135
"2342",25,"rybpb",-0.000335446429270714,0.90643000587748,0.998213961771008
"2343",25,"LOC111566146",-0.00277540349403261,0.0193634743408293,0.811535974992135
"2344",25,"foxp1b",0.00218585720418554,0.552557583219689,0.997363418139039
"2345",25,"frmd4ba",0.000373095435937458,0.601251936560933,0.997363418139039
"2346",25,"trnt1",5.85464429798669e-05,0.958099776121182,0.998607408853002
"2347",25,"lrrn1",-0.00332270663599486,0.376125536213971,0.991163825330808
"2348",25,"setmar",0.00122479210207003,0.653364413349571,0.997363418139039
"2349",25,"itpr1b",-0.0080966578466963,0.109323505101189,0.921292590321416
"2350",25,"arl8bb",-0.00194125611756661,0.23256706065201,0.990065078286043
"2351",25,"sema3fb",0.0046063872243874,0.269489367768888,0.990065078286043
"2352",25,"LOC111573972",0.00165822898772195,0.596891336185897,0.997363418139039
"2353",25,"comtb",0.00129278322690333,0.198330347730108,0.990065078286043
"2354",25,"ccdc120b",0.00124568315848365,0.0983519784772974,0.905020048534428
"2355",25,"mbd1b",6.82163188248537e-05,0.941118609849892,0.998607408853002
"2356",25,"cxxc1b",0.000259659537652697,0.82885085258746,0.997363418139039
"2357",25,"tfe3b",-0.000358184458305199,0.852202372700546,0.997363418139039
"2358",25,"hcfc1a",0.00228122596146414,0.374135829859328,0.991163825330808
"2359",25,"LOC111573969",0.000841789225528295,0.597412495723569,0.997363418139039
"2360",25,"adnpa",-0.00272121229980797,0.257875941190705,0.990065078286043
"2361",25,"zhx3a",-0.00433985000772022,0.105749366479961,0.912203428875534
"2362",25,"top1a",0.00464463832699813,0.013171091117379,0.811535974992135
"2363",25,"LOC111572310",-0.00023983870960212,0.803423753900586,0.997363418139039
"2364",25,"LOC111572316",-0.00127649441939512,0.289315857559575,0.990065078286043
"2365",25,"tada3l",-0.002301439149584,0.0265233887835489,0.811535974992135
"2366",25,"si:ch211-253b8.5",0.000842200534946707,0.762855200969562,0.997363418139039
"2367",25,"cdh27",6.92606710796541e-05,0.949077347333964,0.998607408853002
"2368",25,"cdh4",-0.00721609565512346,0.205461522169013,0.990065078286043
"2369",25,"LOC111579936",-0.0019410618361007,0.657836269153815,0.997363418139039
"2370",25,"zmynd8",0.00192140327396479,0.416880919671164,0.996463890020745
"2371",25,"LOC111579940",-0.00250033580231221,0.0123579946669104,0.811535974992135
"2372",25,"sulf2a",-0.00429280157287887,0.364280513295037,0.990065078286043
"2373",25,"arhgap46a",-0.00173359185345168,0.0253604111493087,0.811535974992135
"2374",25,"phf20a",-0.00406985080372379,0.0992779943379088,0.905054408445332
"2375",25,"ndrg3a",0.000693076474206369,0.789641787468197,0.997363418139039
"2376",25,"LOC118470227",-4.24718492281753e-05,0.957455056643237,0.998607408853002
"2377",25,"trpc4apa",-0.00339385813308779,0.029450293734042,0.814336317015072
"2378",25,"LOC129348857",-8.42540211956056e-05,0.914487125042185,0.998213961771008
"2379",25,"chchd4a",0.00199351945793823,0.113928190802128,0.921820201924075
"2380",25,"LOC111565097",0.00139943610575469,0.488685582674326,0.997363418139039
"2381",25,"LOC111565099",-0.000146717887309521,0.935208366625166,0.998607408853002
"2382",25,"LOC111588774",-0.000571416413961255,0.842969627311604,0.997363418139039
"2383",25,"rab7a",-0.000367482974867182,0.912159658972546,0.998213961771008
"2384",25,"rpn1",0.00145335111535406,0.598693114286006,0.997363418139039
"2385",25,"gata2a",0.0033365799969707,0.210836768056871,0.990065078286043
"2386",25,"LOC111588769",-0.00234674528416867,0.152412316121067,0.970457061385761
"2387",25,"sfmbt1",-2.22985849261402e-05,0.985585205465447,0.999223513981536
"2388",25,"fgd5a",0.00180929210452911,0.415739758710794,0.996463890020745
"2389",25,"uba3",-0.000415959564446046,0.827279021885313,0.997363418139039
"2390",25,"tmf1",-0.000283359471786721,0.832658263371664,0.997363418139039
"2391",25,"LOC111588780",0.000480771188373415,0.872194217398646,0.997363418139039
"2392",25,"suclg2",0.00181631368519502,0.617854793616009,0.997363418139039
"2393",25,"lrig1",0.00110570133884247,0.405831333884696,0.996463890020745
"2394",25,"slc25a26",-0.00369666457172894,0.0288682039762926,0.814336317015072
"2395",25,"magi1b",0.00317987350051654,0.578787899515507,0.997363418139039
"2396",25,"psmd6",-0.000916382449297251,0.717122490984971,0.997363418139039
"2397",25,"LOC111574773",-0.00247839848582546,0.533730937881343,0.997363418139039
"2398",25,"synpra",0.00147460957029194,0.405336857226281,0.996463890020745
"2399",25,"LOC129348924",0.000155775081049321,0.827018650891864,0.997363418139039
"2400",25,"wdr1",-0.000801555232672111,0.722870643919109,0.997363418139039
"2401",25,"idh3b",0.00215945545081124,0.502271825974874,0.997363418139039
"2402",25,"ptpra",0.00385140263100529,0.0372714209602894,0.821523944916278
"2403",25,"zmat1",-0.00203201000903374,0.1836255347776,0.990065078286043
"2404",25,"cast",-0.000489249794114537,0.463386102794713,0.997363418139039
"2405",25,"pcsk1",-0.00679977182082804,0.400433313753318,0.996463890020745
"2406",25,"ell2",-0.000581627936117117,0.757083033494646,0.997363418139039
"2407",25,"glrx",-0.00150925707355627,0.297847951884085,0.990065078286043
"2408",25,"rhobtb3",-0.00204602746783049,0.197181679679778,0.990065078286043
"2409",25,"ube2r2",-0.00157062926203397,0.0353696097459592,0.821359352393538
"2410",25,"ubap1",0.00112707322583174,0.0254318470427342,0.811535974992135
"2411",25,"dcaf12",-0.00049639803716227,0.601531204939748,0.997363418139039
"2412",25,"ubap2a",-0.000448477631036184,0.826323472127858,0.997363418139039
"2413",25,"LOC129348891",-0.00140205594804433,0.237508274279494,0.990065078286043
"2414",25,"nop56",-0.00191341897706106,0.529740646779177,0.997363418139039
"2415",25,"tpgs2",-0.00069091605061693,0.133476149848756,0.946926652021974
"2416",25,"kiaa1328",0.00138487926954814,0.602975428057712,0.997363418139039
"2417",25,"celf4",0.00199244967694818,0.72747039850902,0.997363418139039
"2418",25,"LOC129348870",0.00113133801393902,0.0893868766292504,0.8848525864663
"2419",25,"fam219aa",0.00023858251692167,0.914186868623193,0.998213961771008
"2420",25,"LOC111577856",-0.003214332053723,0.233263445498692,0.990065078286043
"2421",25,"cita",-0.00283518359207234,0.249381303311128,0.990065078286043
"2422",25,"rplp0",-0.00220065685441038,0.470562338238366,0.997363418139039
"2423",25,"golga7",0.000605497517023276,0.657127017630164,0.997363418139039
"2424",25,"r3hcc1",0.00146831149996929,0.121850727351788,0.930634167332138
"2425",25,"tacc1",-0.00359550624416828,0.403177022813037,0.996463890020745
"2426",25,"aggf1",0.00153767844409847,0.047455079630902,0.84618751263396
"2427",25,"LOC111583169",-0.00827348913234921,0.195094303913822,0.990065078286043
"2428",25,"stx18",-0.00248204342229212,0.313461641564182,0.990065078286043
"2429",25,"LOC111583164",-0.00122418509868259,0.0179589637944713,0.811535974992135
"2430",25,"LOC111577037",-0.00691157045835058,0.238218661984288,0.990065078286043
"2431",25,"LOC111565892",-0.00652801803277561,0.112362317457815,0.921820201924075
"2432",25,"myl9b",-0.000292218064403528,0.708421526586473,0.997363418139039
"2433",25,"dlgap4b",0.000633468424133352,0.875755116379442,0.997890690913835
"2434",25,"vstm2l",0.00242082800284028,0.0611404068779604,0.869097537705332
"2435",25,"LOC111565896",0.000693458379300362,0.412512281000054,0.996463890020745
"2436",25,"eif4ba",-0.00543504776028894,0.0109819543511682,0.811535974992135
"2437",25,"LOC111565886",0.00205580753498799,0.019868212349527,0.811535974992135
"2438",25,"LOC111563310",-0.00120287220651472,0.354505239002774,0.990065078286043
"2439",25,"LOC111563283",0.00122568834141946,0.450503491266965,0.996463890020745
"2440",25,"LOC111563282",-0.00404917205883682,0.346733021313636,0.990065078286043
"2441",25,"hipk1b",0.000190925587696709,0.916643524796189,0.998213961771008
"2442",25,"LOC129349006",0.00134512631625485,0.0293245476952144,0.814336317015072
"2443",25,"ube2j2",-0.00247409441709874,0.171892243023131,0.989728643862784
"2444",25,"LOC111587883",-0.00375856155927055,0.103612492700093,0.912203428875534
"2445",25,"pusl1",-0.00133061330400178,0.483947445128988,0.997363418139039
"2446",25,"ddx19b",0.00259695899581564,0.389981246327429,0.996463890020745
"2447",25,"camk2n1",0.000996295580943149,0.791776175440077,0.997363418139039
"2448",25,"LOC111587885",0.00150575158565914,0.35117244983883,0.990065078286043
"2449",25,"b3galt6",0.00285473706132158,0.0966845329418644,0.902975404571763
"2450",25,"tmem167b",0.00161457557347508,0.339600942680198,0.990065078286043
"2451",25,"mapk14b",-0.000871633270861629,0.583831283824068,0.997363418139039
"2452",25,"srpk1b",-0.000499967563295836,0.884243956541147,0.998213961771008
"2453",25,"LOC118469476",0.000903104854309486,0.195171334779064,0.990065078286043
"2454",25,"kif21b",0.00220857520044131,0.580985497111689,0.997363418139039
"2455",25,"cpne5b",-0.00393291488663617,0.283848864759667,0.990065078286043
"2456",25,"gnl3",-0.000532347960240228,0.609477016321517,0.997363418139039
"2457",25,"spcs1",-0.000914532409967679,0.795357373601874,0.997363418139039
"2458",25,"camk1b",0.000580671872210938,0.60490781603949,0.997363418139039
"2459",25,"per3",0.000780101508601015,0.754854124637004,0.997363418139039
"2460",25,"ppfia4",-0.00339811746843956,0.502815701862516,0.997363418139039
"2461",25,"tmem183a",0.000934567536596765,0.209562752281227,0.990065078286043
"2462",25,"foxp4",-0.00347001886280263,0.486186298983734,0.997363418139039
"2463",25,"LOC129348940",-0.00071093258677994,0.38060758340513,0.992505527302311
"2464",25,"fam72a",-0.00414385033460615,0.00460512320944118,0.811535974992135
"2465",25,"srgap2",-0.00148539541571861,0.686030489309781,0.997363418139039
"2466",25,"ikbke",-0.000472444000940691,0.649258785981472,0.997363418139039
"2467",25,"rassf5",-0.000752186599840665,0.729520114407525,0.997363418139039
"2468",25,"dyrk3",0.00192224906282858,0.0202935753069968,0.811535974992135
"2469",25,"mapkapk2a",0.001093585300694,0.530148076857055,0.997363418139039
"2470",25,"lrrn2",0.00476627948978869,0.19635585265437,0.990065078286043
"2471",25,"elmo2",0.000959565307437028,0.649903109330594,0.997363418139039
"2472",25,"arfgap1",0.00046976978608083,0.906856941900279,0.998213961771008
"2473",25,"sys1",-0.000496861838810747,0.586976214173627,0.997363418139039
"2474",25,"inpp1",0.000152118060967935,0.911235828943156,0.998213961771008
"2475",25,"dnajc14",-0.00114977009908938,0.409237842740155,0.996463890020745
"2476",25,"nab2",0.00101255087378645,0.504313845167224,0.997363418139039
"2477",25,"stx16",-0.000272884356877831,0.821298262698631,0.997363418139039
"2478",25,"cnpy2",0.000992635102789933,0.486660443104626,0.997363418139039
"2479",25,"LOC111579727",0.00158557282363168,0.450357050610253,0.996463890020745
"2480",25,"LOC129348881",-9.23260784107285e-05,0.91927389558046,0.998213961771008
"2481",25,"kdm5ba",-0.00547504127452391,0.0114586917234497,0.811535974992135
"2482",25,"adipor1a",0.00214599609052447,0.228169649727544,0.990065078286043
"2483",25,"gdf11",0.00175977626193383,0.778370513001506,0.997363418139039
"2484",25,"si:ch1073-456m8.1",0.0028744627814955,0.340925138651004,0.990065078286043
"2485",25,"mcrs1",-0.000251353069616974,0.807007643433404,0.997363418139039
"2486",25,"mettl1",-0.000539083973338371,0.506097082059627,0.997363418139039
"2487",25,"LOC111587636",0.00150688015274924,0.441137804856085,0.996463890020745
"2488",25,"LOC111587635",-0.00123485931887654,0.589715223047728,0.997363418139039
"2489",25,"LOC111587649",-0.000879823559791238,0.512172486342697,0.997363418139039
"2490",25,"znf740a",-0.00533240553636254,0.196743812582173,0.990065078286043
"2491",25,"smug1",-0.00142392171595478,0.148167348498646,0.965295556857902
"2492",25,"LOC118469498",0.000941452038452126,0.499304272038695,0.997363418139039
"2493",25,"LOC111583687",0.000481766214526439,0.782121562364885,0.997363418139039
"2494",25,"LOC111587369",0.00577415235314757,0.114047042955975,0.921820201924075
"2495",25,"esyt1b",-0.00122923178240934,0.52275317363808,0.997363418139039
"2496",25,"LOC111575103",-0.00419181020916898,0.43549577526028,0.996463890020745
"2497",25,"LOC111575102",0.00849737526449931,0.0346175577046755,0.821359352393538
"2498",25,"LOC111575104",-0.00245392263813469,0.383093529898687,0.995245543985489
"2499",25,"LOC118469614",0.000941574881989026,0.549140574560841,0.997363418139039
"2500",25,"slc4a8",-0.00272430445925524,0.690254112387768,0.997363418139039
"2501",25,"scn8ab",0.00492838087128052,0.317090473613583,0.990065078286043
"2502",25,"LOC111588757",0.000326872079765248,0.850726401694429,0.997363418139039
"2503",25,"dip2bb",0.000369567350420852,0.888174556210349,0.998213961771008
"2504",25,"larp4ab",0.00128144951569027,0.365551412349099,0.990065078286043
"2505",25,"pfdn5",0.00122120070341929,0.348845167973784,0.990065078286043
"2506",25,"smarcc2",-0.00479067237671781,0.221087670765383,0.990065078286043
"2507",25,"myl6",-0.00139789899367627,0.482929220471013,0.997363418139039
"2508",25,"tsfm",0.000893180688273312,0.516965574865137,0.997363418139039
"2509",25,"LOC111566630",-0.00677821123777359,0.123817365010609,0.930634167332138
"2510",25,"stat2",0.000469029166776983,0.845996598787159,0.997363418139039
"2511",25,"c1galt1lb",0.000263718518523605,0.892724232014158,0.998213961771008
"2512",25,"os9",-0.00150350016307156,0.691310590833048,0.997363418139039
"2513",25,"b4galnt1b",0.00399653605100593,0.132071920645014,0.946926652021974
"2514",25,"LOC111566612",-0.00014757601994748,0.898888989604188,0.998213961771008
"2515",25,"LOC111566621",0.00146832910282554,0.25774959943605,0.990065078286043
"2516",25,"LOC111566622",-0.00273487094971559,0.509776539379648,0.997363418139039
"2517",25,"fkbp11",-0.000848172763080169,0.333288427884549,0.990065078286043
"2518",25,"arf3b",-0.00148901677279363,0.512357424246033,0.997363418139039
"2519",25,"pa2g4a",-0.000257130819021175,0.936572147254231,0.998607408853002
"2520",25,"LOC111566634",0.00697323402724197,0.298307696285005,0.990065078286043
"2521",25,"crbn",0.000193796745032066,0.892853987238795,0.998213961771008
"2522",25,"vhl",0.000387089300969992,0.827550165552597,0.997363418139039
"2523",25,"ccdc174",0.0013459518321367,0.322974012146481,0.990065078286043
"2524",25,"LOC111566614",0.00361493391080411,0.0568109165344905,0.861162804859585
"2525",25,"gata2b",-0.00650003916097232,0.213170633308882,0.990065078286043
"2526",25,"LOC111566639",-0.000414775208851148,0.702336385804197,0.997363418139039
"2527",25,"LOC129348949",0.00182986279185749,0.183845796876308,0.990065078286043
"2528",25,"arpc4",0.00279435152719777,0.234778743372392,0.990065078286043
"2529",25,"pfkfb4b",-3.08345711036406e-05,0.99176632814351,0.999223513981536
"2530",25,"LOC111587207",-0.00159853508142488,0.198307345220339,0.990065078286043
"2531",25,"ip6k2b",-0.00167053703475328,0.362296403276004,0.990065078286043
"2532",25,"LOC111587205",0.000854736485658366,0.642045902932166,0.997363418139039
"2533",25,"LOC111581870",-0.00191449885340947,0.234701413648103,0.990065078286043
"2534",25,"LOC111581921",-0.00091676771946642,0.826606443554262,0.997363418139039
"2535",25,"LOC111581894",0.0016619650851124,0.397553361467692,0.996463890020745
"2536",25,"emc3",0.0032196017498472,0.151336754821931,0.970413031326937
"2537",25,"usp4",0.0015182619980747,0.415273083710021,0.996463890020745
"2538",25,"tex264a",0.000707523825446055,0.850481402039635,0.997363418139039
"2539",25,"grm2a",-0.00208183790497298,0.395667754400315,0.996463890020745
"2540",25,"LOC118471015",-0.000352301546224225,0.759292299923316,0.997363418139039
"2541",25,"parp3",-0.000827310336626126,0.664868362499542,0.997363418139039
"2542",25,"oxtra",-0.000638473109398698,0.467195549746742,0.997363418139039
"2543",25,"rad18",-0.00012245180200107,0.96990012598804,0.999223513981536
"2544",25,"srgap3",0.000317557127223824,0.953199462500237,0.998607408853002
"2545",25,"LOC111575521",-0.00106976704164624,0.0615775885991865,0.869097537705332
"2546",25,"LOC111575520",-0.00104082425763634,0.242794850470102,0.990065078286043
"2547",25,"pbrm1",-0.000336381720447632,0.929631146691592,0.998213961771008
"2548",25,"wdr77",0.000872170979610525,0.334358541299102,0.990065078286043
"2549",25,"LOC129348886",0.000383347244973601,0.635052585637254,0.997363418139039
"2550",25,"LOC129348842",0.0011453496990461,0.268511262368899,0.990065078286043
"2551",25,"LOC111575502",-0.000979270153208492,0.50066453305049,0.997363418139039
"2552",25,"LOC111575505",-9.57069427937545e-05,0.891918073339513,0.998213961771008
"2553",25,"LOC111575528",0.000483373816428574,0.705259578908501,0.997363418139039
"2554",25,"cacna1da",0.00238564439524787,0.642961589338038,0.997363418139039
"2555",25,"tkta",0.000709529830874612,0.380326848960425,0.992485462026592
"2556",25,"LOC111568132",0.000838379471599325,0.25440442067066,0.990065078286043
"2557",25,"tmcc1b",0.00278101319463892,0.403445223921228,0.996463890020745
"2558",25,"LOC111568128",-0.00123037556416696,0.547933323374684,0.997363418139039
"2559",25,"LOC111568127",0.00164018914646631,0.591939234022561,0.997363418139039
"2560",25,"ndufaf3",0.00195127739262364,0.309184084187378,0.990065078286043
"2561",25,"LOC111568122",-0.00225522542302882,0.0273105504589111,0.811535974992135
"2562",25,"si:ch1073-335m2.2",-0.000140072622001851,0.960459075424197,0.998607408853002
"2563",25,"fbxo42",0.00198608655886226,0.127963299837373,0.939358042315777
"2564",25,"necap2",0.000100875533218532,0.92092088671344,0.998213961771008
"2565",25,"LOC111574359",-8.6248937770525e-05,0.964097634955742,0.99894368917766
"2566",25,"sdhb",0.000290246061589487,0.874202333199033,0.997772265630337
"2567",25,"mrpl20",0.000515007065557218,0.498259562316458,0.997363418139039
"2568",25,"ssu72",-0.000664375090427665,0.69657799637173,0.997363418139039
"2569",25,"fndc10",0.00122935581729072,0.602522359003731,0.997363418139039
"2570",25,"LOC111574342",-0.000426858889668148,0.544061913923093,0.997363418139039
"2571",25,"LOC111574371",-0.000104677436347361,0.957657246777987,0.998607408853002
"2572",25,"LOC111574381",-0.00112725575105191,0.604684420315009,0.997363418139039
"2573",25,"capzb",0.00172158280984549,0.473932244354551,0.997363418139039
"2574",25,"celsr2",-0.00440178101344465,0.00938611172103394,0.811535974992135
"2575",25,"dstyk",0.000554467400452646,0.690338528885631,0.997363418139039
"2576",25,"nuak2",-0.000507221378480723,0.407875675179033,0.996463890020745
"2577",25,"bysl",-0.000527730074633742,0.280114889784563,0.990065078286043
"2578",25,"usp49",-0.00174691003998854,0.0273996430854219,0.811535974992135
"2579",25,"tmcc2",-0.00164097036778371,0.518498879186895,0.997363418139039
"2580",25,"srsf3b",-0.00335916251442441,0.341176196152138,0.990065078286043
"2581",25,"LOC111574353",-0.00202227403804833,0.086015359699852,0.883734831380986
"2582",25,"strip1",0.000784228300758848,0.620400123622643,0.997363418139039
"2583",25,"LOC129349031",-0.000298672016050939,0.718067479679564,0.997363418139039
"2584",25,"LOC111574349",-0.0027428524063378,0.174725562082863,0.990065078286043
"2585",25,"LOC111574358",-0.00337590497712431,0.0614554148001026,0.869097537705332
"2586",25,"ninj1",0.00142912672315043,0.0175855943231658,0.811535974992135
"2587",25,"wnk2",-0.00395550159850042,0.412639929775079,0.996463890020745
"2588",25,"LOC111587114",-0.00194673030530222,0.328816162045397,0.990065078286043
"2589",25,"erc2",9.42117497900339e-06,0.998381018785834,0.999223513981536
"2590",25,"bsnb",-0.00902421462678877,0.0283046159852884,0.814336317015072
"2591",25,"bap1",0.0011009342287662,0.483113495621603,0.997363418139039
"2592",25,"rad54l2",0.0006685336113813,0.748709150130183,0.997363418139039
"2593",25,"tusc2b",0.000682731474796233,0.63992452816884,0.997363418139039
"2594",25,"abhd14a",-0.00266227273044465,0.261226868968117,0.990065078286043
"2595",25,"LOC111563222",-0.000196768509469345,0.806600180264284,0.997363418139039
"2596",25,"LOC111563210",-0.0029201932284067,0.588626999572111,0.997363418139039
"2597",25,"c5h1orf159",0.000979668263046474,0.151069474503785,0.969714893872899
"2598",25,"rereb",-0.000194986039507206,0.893316479743693,0.998213961771008
"2599",25,"eno1b",0.000304782975999501,0.851759614525763,0.997363418139039
"2600",25,"ppil1",-0.00132497202595336,0.355881282770005,0.990065078286043
"2601",25,"frs3",-0.00242717706820303,0.220340278862013,0.990065078286043
"2602",25,"tspo",-0.000778061272288472,0.565426576664199,0.997363418139039
"2603",25,"LOC111563217",-0.00392686144238652,0.0219606736755894,0.811535974992135
"2604",25,"eif4enif1",-0.00264461660297353,0.0814043844634506,0.876927364271359
"2605",25,"patz1",-0.00417654694368193,0.132720557781328,0.946926652021974
"2606",25,"srsf3a",0.00180001894248129,0.369566480966897,0.990313911305458
"2607",25,"fkbp5",0.00292975276058853,0.242837423493869,0.990065078286043
"2608",25,"cadpsb",-0.00113359520033207,0.889564146005352,0.998213961771008
"2609",25,"ca16b",-0.0019125959576047,0.413216276302924,0.996463890020745
"2610",25,"camk1a",0.00166989807520549,0.539062806039012,0.997363418139039
"2611",25,"pbrm1l",-0.00164225479991942,0.294015395456115,0.990065078286043
"2612",25,"stau1",-0.000239669988169894,0.89097125870561,0.998213961771008
"2613",25,"si:dkey-7k24.5",-2.26998622126842e-07,0.999829979024033,0.999829979024033
"2614",25,"LOC129348952",0.00480495764951285,0.0629432714776887,0.869097537705332
"2615",25,"kcnb1",-0.00343965615605163,0.460131444891503,0.997363418139039
"2616",25,"LOC111579185",-0.0024283180467397,0.420781837374504,0.996463890020745
"2617",25,"LOC111574957",0.000185130368578459,0.866639234553868,0.997363418139039
"2618",25,"grm2b",-0.0019704817465942,0.528503972958226,0.997363418139039
"2619",25,"LOC111574954",-3.56049220307138e-05,0.971431801613797,0.999223513981536
"2620",25,"brk1",0.00279529264698181,0.411585571695318,0.996463890020745
"2621",25,"rbm5",0.00747646714596316,0.17984480607114,0.990065078286043
"2622",25,"LOC111574939",0.0024489905400123,0.318823287788891,0.990065078286043
"2623",25,"LOC111574950",-0.00182107146897466,0.324846204656477,0.990065078286043
"2624",25,"LOC111574953",-0.00146303315366569,0.632481226202662,0.997363418139039
"2625",25,"sema3fa",0.00279400375794095,0.192138834253999,0.990065078286043
"2626",25,"manbal",-0.00273633949638197,0.35344026572759,0.990065078286043
"2627",25,"LOC111577019",-0.000509943151572763,0.894591921090476,0.998213961771008
"2628",25,"LOC129349038",-0.000917804565485232,0.49494655953276,0.997363418139039
"2629",25,"vapb",-0.00162430359049592,0.59846551567475,0.997363418139039
"2630",25,"rab22a",0.00157827173910868,0.549809293059188,0.997363418139039
"2631",25,"ppp4r1l",-0.000428068826148084,0.914951993024308,0.998213961771008
"2632",25,"LOC111579189",0.00109095206278675,0.439642692093198,0.996463890020745
"2633",25,"LOC129348858",-0.000184391526795926,0.813618363009962,0.997363418139039
"2634",25,"smarcd1",0.000741843682245244,0.723894125187346,0.997363418139039
"2635",25,"asic1b",-5.32995110628374e-05,0.983388475135446,0.999223513981536
"2636",25,"bloc1s1",-0.000187213838024147,0.886470766719017,0.998213961771008
"2637",25,"itcha",0.00123673433456172,0.697367277344605,0.997363418139039
"2638",25,"rtf2",0.00027981424771758,0.849053413558003,0.997363418139039
"2639",25,"LOC111568690",-0.00127304976596745,0.657161345601517,0.997363418139039
"2640",25,"LOC111574166",0.000477612740293589,0.903286673664113,0.998213961771008
"2641",25,"znfx1",0.000213504782172588,0.780193239324422,0.997363418139039
"2642",25,"tbc1d20",0.000140164223223511,0.931074630465873,0.998213961771008
"2643",25,"necab3",0.00265548791909072,0.197950567953841,0.990065078286043
"2644",25,"LOC111576255",0.000752009365221075,0.672911220803367,0.997363418139039
"2645",25,"cbfa2t2",-0.00190219639376568,0.120455651328243,0.928059613436807
"2646",25,"tox2",-0.0001103461834979,0.966149307516277,0.999223513981536
"2647",25,"st7l",-0.00197302749948391,0.148418471940475,0.965844284468449
"2648",25,"LOC111576659",-0.00391800906367276,0.0333206629492215,0.821359352393538
"2649",25,"inka2",0.00044295988374896,0.717489304419844,0.997363418139039
"2650",25,"LOC111585086",-0.00489621449644458,0.0265027742925619,0.811535974992135
"2651",25,"timm17a",-0.00328820167082811,0.144494261849952,0.964602715329076
"2652",25,"shisa4",-8.87552119725972e-05,0.958160483203732,0.998607408853002
"2653",25,"ipo9",1.08732522747798e-05,0.993018854011833,0.999223513981536
"2654",25,"LOC111585083",-0.00741499699218233,0.203099614451707,0.990065078286043
"2655",25,"prelid3b",0.000940514361075633,0.592900661683905,0.997363418139039
"2656",25,"slc32a1",0.00043016292515903,0.949285958643384,0.998607408853002
"2657",25,"LOC111563789",0.000942917409972331,0.559134314292017,0.997363418139039
"2658",25,"ppp1r16b",0.000676636846483979,0.567484459359076,0.997363418139039
"2659",25,"LOC129348958",-0.000891190544220556,0.687707271005258,0.997363418139039
"2660",25,"shmt2",0.000427052313800493,0.913978181571489,0.998213961771008
"2661",25,"LOC111579120",-0.00459211363816415,0.401062482966033,0.996463890020745
"2662",25,"gli1",-0.00203566824153426,0.0193423161586561,0.811535974992135
"2663",25,"mars1",0.0017793875810582,0.101218228336827,0.912123042378809
"2664",25,"ddit3",-0.00335905479464566,0.235912319439575,0.990065078286043
"2665",25,"dctn2",-0.000243832855517626,0.92088221488751,0.998213961771008
"2666",25,"kif5ab",0.00118411119989904,0.800354318436977,0.997363418139039
"2667",25,"igsf8",-0.00186126269230453,0.116774601400498,0.927025251088176
"2668",25,"tarbp2",-0.000660296285994571,0.666919881911879,0.997363418139039
"2669",25,"LOC111583778",-0.00297105777360711,0.101496199703051,0.912203428875534
"2670",25,"LOC111583777",-0.00241727752985008,0.397757107868974,0.996463890020745
"2671",25,"myg1",-0.000805812185052653,0.624869160481022,0.997363418139039
"2672",25,"LOC111578115",-0.0011516022716129,0.48666299781087,0.997363418139039
"2673",25,"LOC111578046",0.00188535835419049,0.434493925336956,0.996463890020745
"2674",25,"LOC111578054",4.87138832047116e-05,0.962243250990049,0.998789723674583
"2675",25,"alas1",-0.00164604360648036,0.292503010961795,0.990065078286043
"2676",25,"poc1a",-0.000351528165081158,0.64676651059349,0.997363418139039
"2677",25,"b9d2",0.00131991412980902,0.146893322004158,0.965295556857902
"2678",25,"dusp7",-0.000313861567407313,0.85490272773267,0.997363418139039
"2679",25,"rpl29",-0.000555242209881311,0.873672057372849,0.997613948681191
"2680",25,"iars1",-0.00225940018647455,0.0382023823258106,0.821523944916278
"2681",25,"atp2b2",-0.00650180778823606,0.464939835584548,0.997363418139039
"2682",25,"LOC118469716",-0.000237035538606069,0.947895026689661,0.998607408853002
"2683",25,"slc6a1b",-0.00363494218117733,0.636471872204335,0.997363418139039
"2684",25,"atg7",-0.000912421889457595,0.626392238626601,0.997363418139039
"2685",25,"tamm41",-0.0015328824224116,0.151527594706746,0.970457061385761
"2686",25,"syn2b",-0.00516656213082648,0.491128337893353,0.997363418139039
"2687",25,"LOC111564573",-0.00333269421493139,0.0618042227328814,0.869097537705332
"2688",25,"iffo2b",-0.00220952841996086,0.161601404138858,0.982413739736351
"2689",25,"akr7a3",0.000729898036889821,0.458110966808459,0.997363418139039
"2690",25,"kcnab2a",-0.00363073200410971,0.152638324150028,0.970552135528976
"2691",25,"park7",-0.000577632549806608,0.630515523111359,0.997363418139039
"2692",25,"pax7a",0.00116030414010145,0.217082195179128,0.990065078286043
"2693",25,"mrps16",-0.00137131403060936,0.113603651702039,0.921820201924075
"2694",25,"si:ch211-222l21.1",0.00291631280265414,0.143801125553754,0.963134298130308
"2695",25,"slc45a1",6.25521570110246e-05,0.981115676759073,0.999223513981536
"2696",25,"prxl2b",0.00238094479570539,0.00853093487574885,0.811535974992135
"2697",25,"mmel1",-0.00770996080659785,0.0359018573346095,0.821359352393538
"2698",25,"miip",0.000831869125348017,0.328568160519731,0.990065078286043
"2699",25,"trim62.1",-0.00498953243246706,0.0836604155919243,0.877876627611259
"2700",25,"znf362a",0.000591216974629052,0.757965067692137,0.997363418139039
"2701",25,"utp3",0.00182445405147982,0.133294846846627,0.946926652021974
"2702",25,"foxj3",-0.00180327348991972,0.644790027133099,0.997363418139039
"2703",25,"prdm2b",-0.00439398493450432,0.191236034644656,0.990065078286043
"2704",25,"skib",-0.00051270365033812,0.712831602303626,0.997363418139039
"2705",25,"brpf3a",-0.000744300965989732,0.731399348772071,0.997363418139039
"2706",25,"mon1bb",0.000491159480313493,0.752605988920082,0.997363418139039
"2707",25,"tcta",-0.000703641706552009,0.183174564856028,0.990065078286043
"2708",25,"wdr82",0.000687367306847388,0.599098943852161,0.997363418139039
"2709",25,"LOC111585423",-0.000354374735491885,0.510698106717322,0.997363418139039
"2710",25,"LOC111585425",0.000715234790969691,0.431097386186719,0.996463890020745
"2711",25,"cacna2d2a",0.0112095806356067,0.070607894179904,0.869550081520816
"2712",25,"abhd14b",-0.00233738297691202,0.0597440315959653,0.869097537705332
"2713",25,"mst1",0.000343440702850521,0.736786675938774,0.997363418139039
"2714",25,"si:ch211-161c3.6",-0.000303583495366658,0.864022196881258,0.997363418139039
"2715",25,"si:ch211-161c3.5",0.000147120602620781,0.919466970583655,0.998213961771008
"2716",25,"gnb1b",-0.00552215307559702,0.0575623644714805,0.864909271456043
"2717",25,"tardbpb",-0.00169833055030105,0.768216567949302,0.997363418139039
"2718",25,"cenps",-0.000600696084151785,0.807594017457819,0.997363418139039
"2719",25,"ddi2",0.0014336330786965,0.240341161378272,0.990065078286043
"2720",25,"arl8ba",0.000583787606747312,0.766861253938811,0.997363418139039
"2721",25,"edem1",0.000901614653541444,0.471680949392558,0.997363418139039
"2722",25,"slc12a5a",-0.00735550543783337,0.317187024320358,0.990065078286043
"2723",25,"ncoa5",-0.000836495815992833,0.862803488398537,0.997363418139039
"2724",25,"capza1a",-0.00147371320786892,0.00853445864108563,0.811535974992135
"2725",25,"LOC111580357",-0.000816959939284727,0.637546017722269,0.997363418139039
"2726",25,"ppm1j",0.00328488363283691,0.165996885517032,0.983634964087825
"2727",25,"tafa3a",-0.00163110359521824,0.251535714255253,0.990065078286043
"2728",25,"slc25a55a",-0.00214418576441372,0.30053773975857,0.990065078286043
"2729",25,"tspan2a",-0.0019519530319006,0.279053518543738,0.990065078286043
"2730",25,"LOC111584348",0.000342599375269645,0.769951383543444,0.997363418139039
"2731",25,"LOC111584344",-0.00413949651478528,0.378928249954337,0.99146608947112
"2732",25,"LOC111575926",-0.0012903004308691,0.607998053571143,0.997363418139039
"2733",25,"LOC111581411",0.00079277859889454,0.0986727308665133,0.905054408445332
"2734",25,"smpd2b",-0.00101411430822369,0.556429530989891,0.997363418139039
"2735",25,"ippk",0.000120425854439311,0.940553967730716,0.998607408853002
"2736",25,"LOC111575255",-0.00145950426355966,0.380431742115233,0.992485462026592
"2737",25,"LOC111575276",-0.00188100764865778,0.328356029540155,0.990065078286043
"2738",25,"rpp14",-0.000810407611901471,0.38818624706225,0.99604104921104
"2739",25,"pxk",-0.00117273279142489,0.549960228613258,0.997363418139039
"2740",25,"pdhb",-0.00226082867040173,0.28176161054483,0.990065078286043
"2741",25,"LOC111582587",-0.000475667726651557,0.652415221719015,0.997363418139039
"2742",25,"LOC118471712",-0.00336672143516989,0.010768399905223,0.811535974992135
"2743",25,"LOC111564152",-0.000947570356281855,0.774798405957477,0.997363418139039
"2744",25,"nicn1",-0.000598942536706902,0.563407636180018,0.997363418139039
"2745",25,"dag1",-0.00978108625760591,0.00817557348829352,0.811535974992135
"2746",25,"LOC111567141",0.00440264649241867,0.403286986911309,0.996463890020745
"2747",25,"rbm15b",-0.00107120791893743,0.168959334391324,0.988386988349642
"2748",25,"oser1",-0.00312642853373476,0.021707350647052,0.811535974992135
"2749",25,"LOC111564478",0.000835570563221212,0.696676100465585,0.997363418139039
"2750",25,"fam83c",0.000184498154480556,0.877999515748346,0.997890690913835
"2751",25,"mmp24",0.00309960997442681,0.637662317817357,0.997363418139039
"2752",25,"map1lc3a",-0.00324391954755365,0.100709255598187,0.91027423721574
"2753",25,"dynlrb1",-0.00134680969690778,0.637519198475974,0.997363418139039
"2754",25,"ssuh2.1",-0.000707459651293552,0.445549941381286,0.996463890020745
"2755",25,"LOC129348955",-0.000427446939499213,0.770546073502778,0.997363418139039
"2756",25,"smpd4",0.0025099816376265,0.362542330215119,0.990065078286043
"2757",25,"LOC111563161",0.00509591305256346,0.112451600203042,0.921820201924075
"2758",25,"LOC111563162",1.03705502714677e-05,0.992931524395038,0.999223513981536
"2759",25,"rbbp5",0.000892306757192197,0.626847158220029,0.997363418139039
"2760",25,"hgh1",-0.000747962827484169,0.121809603464099,0.930634167332138
"2761",25,"wu:fb55g09",0.0015595647120837,0.0528385868665383,0.84618751263396
"2762",25,"nisch",0.00614912986722103,0.0830083488207995,0.877876627611259
"2763",25,"LOC111563167",-0.00134170912666079,0.229620518694024,0.990065078286043
"2764",25,"ccdc71",0.00161547533919244,0.496989361714591,0.997363418139039
"2765",25,"pltp",0.000305520344514408,0.703414393642487,0.997363418139039
"2766",25,"khk",-0.00162761929819985,0.103614210259886,0.912203428875534
"2767",25,"LOC111566825",-0.00206260074959225,0.392485797087471,0.996463890020745
"2768",25,"tsen2",0.000727492999907509,0.303408314280166,0.990065078286043
"2769",25,"LOC111571415",0.000396134595850582,0.852854387175039,0.997363418139039
"2770",25,"isy1",0.000963648449531253,0.145193218737805,0.964602715329076
"2771",25,"pcif1",-0.00364351560572528,0.0335375244474342,0.821359352393538
"2772",25,"LOC111571418",0.00451738826502284,0.060850333221142,0.869097537705332
"2773",25,"polr2j",0.000373961952062058,0.637186794447794,0.997363418139039
"2774",25,"LOC111571424",-0.00131964924422502,0.538099484497821,0.997363418139039
"2775",25,"snrpb",-0.000989122386664878,0.493198774881781,0.997363418139039
"2776",25,"LOC118470601",0.00128567482755915,0.0696171801137632,0.869550081520816
"2777",25,"pik3c2b",-0.00437125840325707,0.165317714218027,0.983634964087825
"2778",25,"LOC129348937",0.00389685981231031,0.117667568759474,0.927025251088176
"2779",25,"aldh4a1",-0.00223476914449893,0.247952120870306,0.990065078286043
"2780",25,"LOC111580519",-0.00196581059168045,0.433074232156616,0.996463890020745
"2781",25,"LOC111569039",-0.00179951089413488,0.111825640547799,0.921820201924075
"2782",25,"pierce1",0.00074589334209507,0.516848970877107,0.997363418139039
"2783",25,"fnbp1a",-0.000644052264152972,0.865352884227912,0.997363418139039
"2784",25,"LOC129349161",0.00366244332098166,0.202453278184326,0.990065078286043
"2785",25,"med27",-7.14130714367774e-05,0.928106249818503,0.998213961771008
"2786",25,"LOC111581605",0.000765328222885383,0.582865507100861,0.997363418139039
"2787",25,"endog",-0.00100641098143909,0.130700135201578,0.944651905352208
"2788",25,"LOC111585518",0.00143187913821567,0.0391428741580123,0.821523944916278
"2789",25,"pomt1",-0.00403599713206711,0.130030816493012,0.944651905352208
"2790",25,"LOC111586833",-0.00303763545309504,0.195389316384571,0.990065078286043
"2791",25,"LOC111586503",0.0028827949774687,0.472205698837661,0.997363418139039
"2792",25,"LOC111586504",-0.000826664310563371,0.810904798026133,0.997363418139039
"2793",25,"LOC111573056",-0.000152223491202953,0.907174591789218,0.998213961771008
"2794",25,"entr1",1.57000370129031e-05,0.981863980893388,0.999223513981536
"2795",25,"LOC118470767",0.000870748519989651,0.482872758165282,0.997363418139039
"2796",25,"LOC111584297",-0.00127541457198921,0.371981687631628,0.990398034861638
"2797",25,"LOC111584294",-0.00150797969421988,0.606767592791731,0.997363418139039
"2798",25,"qsox2",0.000180167934336503,0.887377002347177,0.998213961771008
"2799",25,"ddx31",0.000204876110756425,0.811224522943895,0.997363418139039
"2800",25,"tsc1a",-0.00084657684577027,0.399958984248374,0.996463890020745
"2801",25,"grin1b",0.00484221865684126,0.412382591869908,0.996463890020745
"2802",25,"LOC111568981",0.00171972085005132,0.178950875044866,0.990065078286043
"2803",25,"LOC111568980",0.00101202572283591,0.624599324793497,0.997363418139039
"2804",25,"LOC111579962",0.000842115372059661,0.596819104303903,0.997363418139039
"2805",25,"ppiaa",-0.00835741680056771,0.172359910679831,0.989728643862784
"2806",25,"LOC111571238",-0.00148468651652918,0.415057709443702,0.996463890020745
"2807",25,"ogdha",0.00232454938651698,0.487492873872119,0.997363418139039
"2808",25,"adam9",-0.00472869515362561,0.187113099549218,0.990065078286043
"2809",25,"LOC111587377",-0.000749557672510087,0.347121483162437,0.990065078286043
"2810",25,"LOC111587382",-0.00227980097986826,0.391968857756116,0.996463890020745
"2811",25,"nudt18",-0.000827739398130367,0.359473209556826,0.990065078286043
"2812",25,"mfsd14bb",0.00107436715417042,0.539137423611678,0.997363418139039
"2813",25,"spinb",-0.000200477185602751,0.945803574106377,0.998607408853002
"2814",25,"LOC111564024",0.000782765048864705,0.756509660112676,0.997363418139039
"2815",25,"dmtn",0.000602130659790763,0.828381144980206,0.997363418139039
"2816",25,"LOC111586466",0.00163333781656659,0.391238345393095,0.996463890020745
"2817",25,"LOC111569137",0.000968420312802317,0.757785122747742,0.997363418139039
"2818",25,"sncaip",-0.000888474740140066,0.532240006798066,0.997363418139039
"2819",25,"rnf214",-0.000207137933925211,0.793073615056931,0.997363418139039
"2820",25,"snx2",-0.00149836683316975,0.509779757432171,0.997363418139039
"2821",25,"ppic",-0.00367060190249543,0.357563745773951,0.990065078286043
"2822",25,"prdm6",-0.000773052271485629,0.617486472742226,0.997363418139039
"2823",25,"cep120",0.000261525337925117,0.88246394565573,0.998213961771008
"2824",25,"znf608",-0.0060749164090785,0.0954971399059713,0.896524409640733
"2825",25,"LOC111571178",0.00039067488854389,0.70581508678699,0.997363418139039
"2826",25,"nudt12",-0.000341804255115812,0.805821855374006,0.997363418139039
"2827",25,"LOC111587984",3.37189255186692e-05,0.976773423062555,0.999223513981536
"2828",25,"LOC111587983",-0.00106129715289489,0.694351717786178,0.997363418139039
"2829",25,"slc2a8",0.00184045648408823,0.214948423894611,0.990065078286043
"2830",25,"LOC111582069",0.00138551011484717,0.564743499415918,0.997363418139039
"2831",25,"sh2d3cb",-0.000526001248988653,0.556060598265104,0.997363418139039
"2832",25,"tor2a",0.00161819278855647,0.492656993183728,0.997363418139039
"2833",25,"smarcb1a",0.000797682126720756,0.58645763486126,0.997363418139039
"2834",25,"LOC111586344",-0.00206773259764571,0.687082360772672,0.997363418139039
"2835",25,"ptgesl",-0.000302552958955778,0.884513140116905,0.998213961771008
"2836",25,"seta",-0.00453637116383509,0.0557849469242569,0.856360596151954
"2837",25,"LOC111563074",0.00341387279819204,0.139885542437975,0.957578775787136
"2838",25,"zdhhc12a",-0.000676273477948243,0.408659255344518,0.996463890020745
"2839",25,"eeig1a",-0.000840127776426549,0.482526860284181,0.997363418139039
"2840",25,"LOC129349118",0.00118839476615432,0.402233125870838,0.996463890020745
"2841",25,"cnot6l",0.000566648798800138,0.695688020634435,0.997363418139039
"2842",25,"mrpl1",0.000305208592534386,0.910994915731962,0.998213961771008
"2843",25,"fras1",0.00738873078557428,0.0925417601584905,0.889879244497222
"2844",25,"bmp2k",-0.00819293807315703,0.0124178094373849,0.811535974992135
"2845",25,"prdm8b",8.57061996541638e-06,0.990192280639899,0.999223513981536
"2846",25,"prkg2",-0.00091181357167666,0.703519714703209,0.997363418139039
"2847",25,"rasgef1ba",0.00152608506505299,0.673948840756837,0.997363418139039
"2848",25,"tmem175",0.000778614981193638,0.703623548090989,0.997363418139039
"2849",25,"cds1",-0.000980150998811028,0.853829687000999,0.997363418139039
"2850",25,"wdfy3",-0.0002610021447516,0.962664654425261,0.998789723674583
"2851",25,"rusc2",-0.00836582826028436,0.161761077782419,0.982413739736351
"2852",25,"LOC111565599",-0.00184968113847693,0.511697399292946,0.997363418139039
"2853",25,"LOC111565600",-0.00248813989513474,0.1073656650698,0.914863809554871
"2854",25,"rnf215",-0.0027331137391925,0.155751687736023,0.971621725888687
"2855",25,"ascc2",-0.00116020174850895,0.253339850704153,0.990065078286043
"2856",25,"slc39a14",-0.000233504797497951,0.954079521540152,0.998607408853002
"2857",25,"LOC111565773",0.000938791089650414,0.66925747100366,0.997363418139039
"2858",25,"tfam",-0.0020574655186821,0.162361541603987,0.982724119992008
"2859",25,"ube2d1b",-0.00197940470089681,0.307404750754689,0.990065078286043
"2860",25,"ppil2",0.00218939744727549,0.247777547234077,0.990065078286043
"2861",25,"LOC129349052",-3.95292423671049e-05,0.962963767578478,0.998789723674583
"2862",25,"ypel1",-0.00741441952446305,0.269487295364796,0.990065078286043
"2863",25,"mapk1",0.00142522179894068,0.543616201495206,0.997363418139039
"2864",25,"zmat4a",0.00620609068723155,0.472115869701165,0.997363418139039
"2865",25,"sfrp1a",9.44812271817802e-06,0.99004879298512,0.999223513981536
"2866",25,"LOC111578327",-0.00205094161159301,0.103347366317491,0.912203428875534
"2867",25,"unc5db",0.00866553730747676,0.0660951143483561,0.869550081520816
"2868",25,"tm2d2",0.00050595018812143,0.774093243527471,0.997363418139039
"2869",25,"lman2lb",0.00132157447213441,0.0477614215947011,0.84618751263396
"2870",25,"nsmfb",-0.00202459433534629,0.494482936123961,0.997363418139039
"2871",25,"zgc:162952",0.00202150183987351,0.0778530604350679,0.871360915888879
"2872",25,"tncb",0.00199753660332189,0.132876136006327,0.946926652021974
"2873",25,"traf2a",-0.00167384430056464,0.496397473197794,0.997363418139039
"2874",25,"rabl6b",-0.00397555079431351,0.204471451910022,0.990065078286043
"2875",25,"araf",-0.00117800375192111,0.400983520388148,0.996463890020745
"2876",25,"LOC129349043",-0.000200851255563264,0.811134428999721,0.997363418139039
"2877",25,"pnpla7b",0.0014198517106585,0.193262663789003,0.990065078286043
"2878",25,"LOC111587607",0.00136983160890599,0.7522016900191,0.997363418139039
"2879",25,"si:ch211-158d24.2",-0.00156378224694777,0.678765234764889,0.997363418139039
"2880",25,"LOC111578466",-0.00146696458906927,0.444613863658668,0.996463890020745
"2881",25,"LOC111578456",0.000436938510633077,0.500323913360756,0.997363418139039
"2882",25,"LOC129347236",0.0011067222228254,0.463334174145114,0.997363418139039
"2883",25,"LOC111578449",0.00138993071041961,0.478297504908015,0.997363418139039
"2884",25,"nelfb",-0.000684448761005484,0.525811830323491,0.997363418139039
"2885",25,"fkbp15b",0.000867957827254332,0.691659103924755,0.997363418139039
"2886",25,"bcl2l16",0.000761854360846035,0.245362951154393,0.990065078286043
"2887",25,"tubb2b",-0.00225396786827422,0.782725004801533,0.997363418139039
"2888",25,"ehmt1a",-0.000394270967599339,0.693897037276911,0.997363418139039
"2889",25,"cacna1ba",-0.0055703507009344,0.189013792891674,0.990065078286043
"2890",25,"paxx",0.00147281899980672,0.224253587112873,0.990065078286043
"2891",25,"abca2",0.00400057257047746,0.488162737277206,0.997363418139039
"2892",25,"npdc1b",-0.00307493736381558,0.373697066215848,0.991116293490912
"2893",25,"golga1",-0.000278879658995401,0.85783991919911,0.997363418139039
"2894",25,"rpl35",0.0016196687277337,0.67865317770071,0.997363418139039
"2895",25,"man1b1b",-0.000558228514015467,0.870716073735709,0.997363418139039
"2896",25,"whrnb",-0.00247487666498943,0.527973688348748,0.997363418139039
"2897",25,"fam189a2",0.000134679474641199,0.965403515599189,0.999144865473873
"2898",25,"LOC111579322",0.00293773350077957,0.552780205058391,0.997363418139039
"2899",25,"fxn",8.28430571759292e-05,0.956635213357403,0.998607408853002
"2900",25,"LOC111579332",0.00283191702351755,0.469912572019494,0.997363418139039
"2901",25,"LOC118471362",0.000650278964371082,0.539553835702146,0.997363418139039
"2902",25,"apba1a",-0.00274287442512533,0.674797950980094,0.997363418139039
"2903",25,"ptar1",0.00252382833624638,0.432464914298279,0.996463890020745
"2904",25,"pias2",0.00229239381607825,0.356047767955918,0.990065078286043
"2905",25,"ube2l3b",-0.00069911917255894,0.662300276650033,0.997363418139039
"2906",25,"ak6",-0.000249567622761178,0.800349571117602,0.997363418139039
"2907",25,"golph3a",-0.000579552122226555,0.868065555848794,0.997363418139039
"2908",25,"LOC118469919",0.000999592810226212,0.481975340031093,0.997363418139039
"2909",25,"pdzd2",-0.000670301102853059,0.761697772221711,0.997363418139039
"2910",25,"sub1b",0.00227583662577538,0.251614765872452,0.990065078286043
"2911",25,"LOC111564914",-0.0015481842837841,0.544727718748591,0.997363418139039
"2912",25,"LOC129349042",0.000379573330141872,0.78852573858569,0.997363418139039
"2913",25,"zfr",-0.00231053956618299,0.620206067998722,0.997363418139039
"2914",25,"dhfr",-0.00552720104430177,0.0428399794309421,0.825068516318458
"2915",25,"gtf2h2",-0.00456463814304142,0.00190891326881943,0.811535974992135
"2916",25,"sdf2l1",-0.00419952653927285,0.135717856838881,0.953695431502586
"2917",25,"LOC118470495",-0.000515382583051097,0.805336479303787,0.997363418139039
"2918",25,"top3b",-0.00525426841776612,0.253035130268651,0.990065078286043
"2919",25,"ppm1f",-0.00109439017616772,0.77376863951705,0.997363418139039
"2920",25,"tcima",-0.00171044739606663,0.32130075868754,0.990065078286043
"2921",25,"ppp3cca",0.000253445450334068,0.951118316258239,0.998607408853002
"2922",25,"vps37ba",0.00200340781296661,0.343265862246429,0.990065078286043
"2923",25,"abcb9",-0.000173024614799275,0.916949548595402,0.998213961771008
"2924",25,"zgc:113436",-0.000498721787431358,0.599055279704548,0.997363418139039
"2925",25,"ogfod2",0.000677738258125707,0.464173966576201,0.997363418139039
"2926",25,"zgc:110329",0.000523963500521844,0.826764041784321,0.997363418139039
"2927",25,"tacr1a",0.000893530887007506,0.668074935526636,0.997363418139039
"2928",25,"gcn1",-3.48405918386136e-06,0.998606537788951,0.999223513981536
"2929",25,"bicdl1",-0.000981725841966464,0.58847578050639,0.997363418139039
"2930",25,"LOC111567175",-0.000447131046818648,0.920760331711158,0.998213961771008
"2931",25,"mtmr3",-0.00645188227100844,0.0697321296210443,0.869550081520816
"2932",25,"cux2b",0.00206134907725108,0.303812898408036,0.990065078286043
"2933",25,"ppp1cc",0.000871499198515085,0.417470110978888,0.996463890020745
"2934",25,"pptc7a",0.000933245920598336,0.541463926162496,0.997363418139039
"2935",25,"anapc7",0.00254071198654301,0.255922411595296,0.990065078286043
"2936",25,"atp2a2a",-0.0012810579133828,0.772588455854015,0.997363418139039
"2937",25,"ift81",-0.00146743132446502,0.231304344500759,0.990065078286043
"2938",25,"specc1la",0.00134646991252854,0.425926926760352,0.996463890020745
"2939",25,"gucd1",-0.000517153204586099,0.630787615402415,0.997363418139039
"2940",25,"p2rx4b",-0.00812314015584921,0.284690456548321,0.990065078286043
"2941",25,"zbtb26",-0.000593252099597737,0.446668054449126,0.996463890020745
"2942",25,"si:ch211-12e13.1",9.78751279734305e-05,0.932564998539644,0.998270747892682
"2943",25,"LOC111583073",0.000751871799708566,0.780373044100358,0.997363418139039
"2944",25,"LOC111583068",-0.00198335855479784,0.465734601804996,0.997363418139039
"2945",25,"LOC111583069",0.00165437326669259,0.392526184488644,0.996463890020745
"2946",25,"erlin2",-0.00068783541020449,0.838731282882957,0.997363418139039
"2947",25,"cds2",-0.00605709886044812,0.339456374800499,0.990065078286043
"2948",25,"zgc:65851",-0.00324802504260954,0.118872877408668,0.927025251088176
"2949",25,"mxd1",0.00560599221976082,0.244381834989798,0.990065078286043
"2950",25,"snrnp27",0.000328467119415243,0.869344345158708,0.997363418139039
"2951",25,"add2",-0.00516419519594365,0.28807823550409,0.990065078286043
"2952",25,"hk2",0.000806123215823185,0.698148342948195,0.997363418139039
"2953",25,"npffr1l2",0.000422462311571742,0.855897535916778,0.997363418139039
"2954",25,"tet3",0.00407564134237112,0.308888333295345,0.990065078286043
"2955",25,"ap3m2",0.00114674170765998,0.481122691955972,0.997363418139039
"2956",25,"kat6a",-0.00152954967978955,0.550845226324469,0.997363418139039
"2957",25,"gnb1l",0.000458026026895174,0.764505957264548,0.997363418139039
"2958",25,"txnrd2.2",5.73193985996824e-05,0.955096788526287,0.998607408853002
"2959",25,"arvcfb",-0.00268005364370703,0.666774981936632,0.997363418139039
"2960",25,"tango2",-0.00256984497004809,0.0839509816180063,0.879362322981868
"2961",25,"dgcr8",0.00267700684346263,0.339719241565119,0.990065078286043
"2962",25,"ranbp1",-0.000689832309848967,0.688639052681395,0.997363418139039
"2963",25,"zdhhc8b",-0.00463703114662295,0.118574542150173,0.927025251088176
"2964",25,"pgam5",-0.000922501681331363,0.511609945986233,0.997363418139039
"2965",25,"ankle2",-0.000167632133117034,0.928633260590591,0.998213961771008
"2966",25,"golga3",-0.00086317946822274,0.815130416419806,0.997363418139039
"2967",25,"chfr",-0.00240542924464754,0.178927406717333,0.990065078286043
"2968",25,"fbrsl1",-0.0031268788290183,0.575825353136588,0.997363418139039
"2969",25,"galnt9",0.00660675727565909,0.142338718787797,0.961176492579385
"2970",25,"htr7c",-0.00153891864397,0.714273104953841,0.997363418139039
"2971",25,"LOC111569424",-0.00179353407878458,0.447536265420586,0.996463890020745
"2972",25,"idua",4.63426840516475e-05,0.943098197647466,0.998607408853002
"2973",25,"LOC111585953",-0.000939787264731409,0.753468660071915,0.997363418139039
"2974",25,"rnf181",-0.000186144912098631,0.853849750742661,0.997363418139039
"2975",25,"LOC129349050",-9.1150118153449e-05,0.930879094941013,0.998213961771008
"2976",25,"si:ch73-138n13.1",-0.00384289395212463,0.0719472397596263,0.869550081520816
"2977",25,"rnf10",-0.00322361308866302,0.437060851721816,0.996463890020745
"2978",25,"pop5",0.000486527053072489,0.509885794081482,0.997363418139039
"2979",25,"msi1b",4.94016038449962e-05,0.936825864124912,0.998607408853002
"2980",25,"LOC111574329",-0.00522680536403155,0.296115647979412,0.990065078286043
"2981",25,"mlec",-0.00378811491755228,0.00944459853277192,0.811535974992135
"2982",25,"cabp1a",-0.0022128448238643,0.0334877095325068,0.821359352393538
"2983",25,"asphd2",-0.00300278506571966,0.399158942767497,0.996463890020745
"2984",25,"lrrc75ba",0.000108642767242989,0.966773319173106,0.999223513981536
"2985",25,"ggt1a",-0.00113784328768024,0.0227618150858807,0.811535974992135
"2986",25,"anapc5",-0.00180371883140853,0.0440762732648237,0.830528461182071
"2987",25,"LOC111574311",0.00357192161968523,0.496241679233545,0.997363418139039
"2988",25,"cabin1",0.00247007623326989,0.420678867832474,0.996463890020745
"2989",25,"klhl22",0.00157955875592502,0.363834961018027,0.990065078286043
"2990",25,"kctd9a",0.000383267765632403,0.66066886258199,0.997363418139039
"2991",25,"ankrd39",0.000516055802764277,0.652923059907622,0.997363418139039
"2992",25,"lgi3",0.000402662653954638,0.708189242881552,0.997363418139039
"2993",25,"chmp7",-0.000304594348590202,0.767198740482714,0.997363418139039
"2994",25,"ccdc92",-0.000473988401965428,0.795720051238283,0.997363418139039
"2995",25,"ncor2",0.000943155403930044,0.78981425334072,0.997363418139039
"2996",25,"ep400",0.00391404746560799,0.213572548841486,0.990065078286043
"2997",25,"rimbp2b",-0.0088725388232482,0.272907882828484,0.990065078286043
"2998",25,"slc15a4",0.00112735811187814,0.419393728660777,0.996463890020745
"2999",25,"LOC111586481",0.00119955406027194,0.622915362562026,0.997363418139039
"3000",25,"LOC111584729",-0.000201163808809006,0.901942297215025,0.998213961771008
"3001",25,"zbtb34",-0.00160690625745655,0.383721047648873,0.995347608766192
"3002",25,"lmx1bb",0.00116507172312041,0.0429305450402347,0.825068516318458
"3003",25,"pbx3b",-0.00267726222264144,0.74191258746555,0.997363418139039
"3004",25,"gapvd1",-0.000784547078390638,0.83222478305326,0.997363418139039
"3005",25,"unm-hu7912",0.00206492447905165,0.349545964508473,0.990065078286043
"3006",25,"syn1",-0.00244208142776767,0.654347489118086,0.997363418139039
"3007",25,"dtx1",0.00204100089455444,0.550582520059544,0.997363418139039
"3008",25,"dgcr6",0.000100354083808685,0.899503139409578,0.998213961771008
"3009",25,"slc7a4",0.000841069072011004,0.782527373332562,0.997363418139039
"3010",25,"kdm2ba",-0.00113064628372307,0.610312022302404,0.997363418139039
"3011",25,"rnf34a",0.00135818896244698,0.498544011932299,0.997363418139039
"3012",25,"LOC111581375",-0.000330864195651913,0.836613676914312,0.997363418139039
"3013",25,"nono",-0.0015476041223084,0.233236996447976,0.990065078286043
"3014",25,"elmod3",0.00379878436312404,0.198318032304478,0.990065078286043
"3015",25,"grk5l",0.00043413150793936,0.818678084072993,0.997363418139039
"3016",25,"bag4",-0.00070269149229607,0.640605380286506,0.997363418139039
"3017",25,"trpm6",-0.000215624301270305,0.802483084646817,0.997363418139039
"3018",25,"rorb",-0.00365562543935074,0.0485706238094741,0.84618751263396
"3019",25,"mfsd3",0.000855991571050567,0.651172253448786,0.997363418139039
"3020",25,"zfand5a",0.000661953063252118,0.511220873783817,0.997363418139039
"3021",25,"snrnp200",0.000613166051369012,0.764649982120561,0.997363418139039
"3022",25,"ciao1",-0.00127631254115575,0.289087762326448,0.990065078286043
"3023",25,"igsf9b",0.00166209419102733,0.220905477774401,0.990065078286043
"3024",25,"tmem230b",0.00145829387053734,0.265382648232194,0.990065078286043
"3025",25,"adra1aa",-0.00206379335039968,0.0668190431795076,0.869550081520816
"3026",25,"dpysl2a",-0.0061166814397994,0.135068390069182,0.952318214563295
"3027",25,"bnip3la",0.000920004532765483,0.718384069504536,0.997363418139039
"3028",25,"LOC111580367",-0.00411964628792642,0.0394529663599743,0.821523944916278
"3029",25,"LOC111580364",0.000300584702726429,0.920212379778608,0.998213961771008
"3030",25,"LOC111580372",-0.000587401819537431,0.62696862192325,0.997363418139039
"3031",25,"LOC111580369",0.00112275719778626,0.424494880697672,0.996463890020745
"3032",25,"mn1b",-0.00065770703124766,0.895340699350816,0.998213961771008
"3033",25,"LOC129349080",0.00271115420773695,0.44531165119661,0.996463890020745
"3034",25,"LOC111586713",0.00104080769230206,0.767642294900061,0.997363418139039
"3035",25,"zgc:153044",-0.000986447567525562,0.547733581882035,0.997363418139039
"3036",25,"tgoln2",-0.000900510276141881,0.681155950094749,0.997363418139039
"3037",25,"tcf7l1b",-0.00160800750466419,0.017732860563974,0.811535974992135
"3038",25,"dbnlb",0.00106790576361505,0.600650190350645,0.997363418139039
"3039",25,"polr3d",1.24119377832718e-05,0.989295295158056,0.999223513981536
"3040",25,"LOC111582156",0.00200560453079593,0.143523952249789,0.963134298130308
"3041",25,"rab11fip1a",0.000971427209132519,0.198249255191521,0.990065078286043
"3042",25,"LOC111579805",0.000579770944370512,0.738284530335975,0.997363418139039
"3043",25,"c6h9orf78",-8.6518551128963e-05,0.941235408719848,0.998607408853002
"3044",25,"nfu1",-0.00264541090512573,0.120413401005548,0.928059613436807
"3045",25,"LOC111579812",-0.000505929968707328,0.757736671583195,0.997363418139039
"3046",25,"kansl3",-0.000290820898651895,0.875622717263522,0.997890690913835
"3047",25,"bmp1a",0.00136186452911594,0.207822386093664,0.990065078286043
"3048",25,"disp3",-0.00067624540275332,0.805677815807739,0.997363418139039
"3049",25,"ubl4a",-0.000101122087627442,0.884870512964989,0.998213961771008
"3050",25,"prkg1l",0.000334575887108256,0.662549856705365,0.997363418139039
"3051",25,"bin3",-0.00149102059394808,0.440730754195961,0.996463890020745
"3052",25,"LOC111578650",-0.0029626225397406,0.141367846427206,0.961176492579385
"3053",25,"rhobtb2a",0.00321317855247674,0.0821118394915379,0.877876627611259
"3054",25,"stc1",0.00168746838972089,0.670666880154632,0.997363418139039
"3055",25,"slc25a37",-0.000112977745226708,0.91725544534133,0.998213961771008
"3056",25,"entpd4",0.00108281671145597,0.561839548463303,0.997363418139039
"3057",25,"abhd17b",0.000802924907373128,0.686339835511158,0.997363418139039
"3058",25,"trpm3",-0.00391021434388623,0.263230390366078,0.990065078286043
"3059",25,"fam219ab",-0.00066172014611959,0.727612344047643,0.997363418139039
"3060",25,"LOC129349158",-0.00247082585001527,0.163066526221731,0.982724119992008
"3061",25,"LOC111570773",-0.00234855971937318,0.275495068605038,0.990065078286043
"3062",25,"smn1",0.000534484767628327,0.542262595266067,0.997363418139039
"3063",25,"rtkna",0.00217564954316614,0.161567944055697,0.982413739736351
"3064",25,"mblac2",-0.000992231935349803,0.415667471327072,0.996463890020745
"3065",25,"lysmd3",0.00194558781004253,0.190444624825012,0.990065078286043
"3066",25,"adgrv1",-0.00198537400883611,0.387418026953796,0.99604104921104
"3067",25,"LOC129349099",0.000667835017936732,0.255132901603242,0.990065078286043
"3068",25,"LOC129349089",-0.000495968171510172,0.523466012478217,0.997363418139039
"3069",25,"arrdc3a",-0.00331030501610567,0.415244836040323,0.996463890020745
"3070",25,"skic3",-0.000549122786968572,0.696161640071106,0.997363418139039
"3071",25,"mctp1a",0.00501049064858253,0.112545681675584,0.921820201924075
"3072",25,"slf1",0.000518308378172589,0.822161730000072,0.997363418139039
"3073",25,"kiaa0825",0.00116378171934237,0.73855575183068,0.997363418139039
"3074",25,"fam172a",0.00617881045419638,0.0933090620759408,0.89059721170218
"3075",25,"LOC129349142",-1.7551334347239e-05,0.991756483110548,0.999223513981536
"3076",25,"nr2f1a",-0.000478952350379482,0.947764064885579,0.998607408853002
"3077",25,"LOC118471146",-0.00137160162846243,0.547959174391835,0.997363418139039
"3078",25,"LOC111576599",-0.000665557240236715,0.457075980959436,0.997363418139039
"3079",25,"si:dkey-245n4.2",-0.00082598947327806,0.320399689238735,0.990065078286043
"3080",25,"nol6",0.00122247676533184,0.0385577742087882,0.821523944916278
"3081",25,"LOC111576602",-0.000417064324893443,0.578788216592943,0.997363418139039
"3082",25,"rhobtb4",-0.00279201955347607,0.204599736172861,0.990065078286043
"3083",25,"LOC129349202",0.00026804726990702,0.879527055535507,0.998213961771008
"3084",25,"mef2cb",0.00186853177365776,0.264973460089129,0.990065078286043
"3085",25,"LOC111562509",-0.00430610310382295,0.274335552615473,0.990065078286043
"3086",25,"tmem161b",0.000907434124411766,0.540691560023463,0.997363418139039
"3087",25,"LOC129349069",-0.00377473071886714,0.063976351662237,0.869097537705332
"3088",25,"ccnh",-0.00015092699418119,0.848972796882209,0.997363418139039
"3089",25,"rasa1a",0.0046775741856635,0.0178047423093444,0.811535974992135
"3090",25,"LOC111562508",-0.000285190556951946,0.938773098740813,0.998607408853002
"3091",25,"LOC111581162",0.000688517663802147,0.884853763607099,0.998213961771008
"3092",25,"vcana",-0.00227313221022436,0.158158435239545,0.976495987449181
"3093",25,"LOC111576022",-0.00371738647070599,0.237051627043116,0.990065078286043
"3094",25,"ssbp2a",-0.00162152020974398,0.294013703898593,0.990065078286043
"3095",25,"LOC111576017",-0.00142576005440838,0.886638370193198,0.998213961771008
"3096",25,"polk",8.58740368643851e-05,0.933942638020442,0.998387470961815
"3097",25,"cert1",0.00121865610674572,0.405675309050828,0.996463890020745
"3098",25,"LOC129349137",0.000833649919228059,0.228529045735914,0.990065078286043
"3099",25,"pip5k1bb",-0.000140352275928074,0.941884803848739,0.998607408853002
"3100",25,"kif2a",-0.00266220156472093,0.223392158463709,0.990065078286043
"3101",25,"LOC111581617",-0.00132009890010997,0.667870685548627,0.997363418139039
"3102",25,"homer1b",-0.000379521829800257,0.921886724930905,0.998213961771008
"3103",25,"cmya5",-0.000125828614317949,0.907319542194466,0.998213961771008
"3104",25,"mtx3",0.00112302843891448,0.542564058291458,0.997363418139039
"3105",25,"serinc5",0.00166979212502258,0.581691722551382,0.997363418139039
"3106",25,"setbp1",0.00179590917484589,0.701846482467719,0.997363418139039
"3107",25,"lnpep",0.000933174535797312,0.58242841022192,0.997363418139039
"3108",25,"riok2",-0.00113095434233994,0.431735802954118,0.996463890020745
"3109",25,"epg5",-0.000815541717188167,0.385269875296711,0.99604104921104
"3110",25,"dnajb5",0.000488063151647388,0.578384296154643,0.997363418139039
"3111",25,"vcp",0.0011678453294946,0.568459212880203,0.997363418139039
"3112",25,"LOC111584857",0.000794257621732401,0.659135497200516,0.997363418139039
"3113",25,"thoc5",0.000436920139637025,0.704481077696405,0.997363418139039
"3114",25,"LOC129349205",-0.00127135654388107,0.140735535071831,0.960336989319634
"3115",25,"si:ch211-166a6.5",0.000245670718715516,0.694219397874499,0.997363418139039
"3116",25,"ddhd2",-0.000448469489103503,0.70818910373687,0.997363418139039
"3117",25,"LOC111584860",-0.00190915695288324,0.431217569887497,0.996463890020745
"3118",25,"tpcn1",0.00035690529664214,0.594919511555645,0.997363418139039
"3119",25,"slc8b1",0.000266025415344131,0.869642730244828,0.997363418139039
"3120",25,"morc2",-0.000437929304927591,0.839078208189223,0.997363418139039
"3121",25,"plbd2",0.00146181576461812,0.444499382820669,0.996463890020745
"3122",25,"rbm19",0.000507250620192271,0.51824426175127,0.997363418139039
"3123",25,"si:dkey-98f17.5",0.00123559945631716,0.523353835319845,0.997363418139039
"3124",25,"lztr1",-0.00203767828678201,0.010804023941864,0.811535974992135
"3125",25,"pes",-0.0003535892227419,0.772912141386768,0.997363418139039
"3126",25,"acacb",-0.00239002915782921,0.0562419807277912,0.859189043542436
"3127",25,"myo1ha",0.000881910039687376,0.438388098081086,0.996463890020745
"3128",25,"kctd10",-9.04252211868309e-05,0.93614938372615,0.998607408853002
"3129",25,"ube3b",0.000799732577465953,0.702822364694014,0.997363418139039
"3130",25,"mmab",-2.6329098188753e-05,0.972292623368039,0.999223513981536
"3131",25,"mvk",0.00188492807368858,0.533132666704052,0.997363418139039
"3132",25,"LOC118470264",0.000543771947711816,0.680757419475481,0.997363418139039
"3133",25,"tchp",-0.000151063636681495,0.854920661864873,0.997363418139039
"3134",25,"git2a",-0.00149434924333975,0.300318478047134,0.990065078286043
"3135",25,"ankrd13a",-0.000931000678925232,0.27739065101965,0.990065078286043
"3136",25,"LOC118470265",0.000785026722544136,0.620884490786257,0.997363418139039
"3137",25,"sgsm1a",-0.00587934763892823,0.178924794691883,0.990065078286043
"3138",25,"usp30",0.00173144678984748,0.526023870203992,0.997363418139039
"3139",25,"svopa",-0.00154566692409506,0.366304248266642,0.990065078286043
"3140",25,"ssh1a",0.00157288567035023,0.462078064604249,0.997363418139039
"3141",25,"LOC111588550",0.000252338825423288,0.942057430612123,0.998607408853002
"3142",25,"sart3",-0.0067282702547885,0.130318984687271,0.944651905352208
"3143",25,"ficd",-0.00121777907504259,0.0796036723990559,0.871360915888879
"3144",25,"wscd2",-0.00411715315665951,0.412298367002356,0.996463890020745
"3145",25,"si:ch211-225b11.1",0.00169247519378655,0.559785791188122,0.997363418139039
"3146",25,"pik3ip1",-0.00422714491911899,0.0508454491083913,0.84618751263396
"3147",25,"si:ch211-225b11.4",0.000253105771759342,0.865445393695198,0.997363418139039
"3148",25,"tctn2",0.00046211183588383,0.702474654614542,0.997363418139039
"3149",25,"atp6v0a2b",-0.00158837945454378,0.423588983115177,0.996463890020745
"3150",25,"emid1",-0.00156882436320508,0.0616606661936782,0.869097537705332
"3151",25,"rhbdd3",0.0011142138631813,0.314150709734254,0.990065078286043
"3152",25,"ewsr1b",-0.00597763770837799,0.0406206677223382,0.821523944916278
"3153",25,"gas2l1",-0.00153765212028005,0.58090387723334,0.997363418139039
"3154",25,"ap1b1",-0.000686678574634046,0.822892425767956,0.997363418139039
"3155",25,"rasl10a",0.00096347690740419,0.757851835080744,0.997363418139039
"3156",25,"osbp2b",0.00111228492226204,0.59677154350143,0.997363418139039
"3157",25,"tcn2",0.000964937305190342,0.407296255540251,0.996463890020745
"3158",25,"LOC129349059",0.000862955823329436,0.353822298999928,0.990065078286043
"3159",25,"LOC111575853",0.00154251070165914,0.045954363529534,0.838471810612285
"3160",25,"eif4ebp1",0.000222718132026858,0.834467272140184,0.997363418139039
"3161",25,"ank1a",0.0031685666797373,0.589957136574146,0.997363418139039
"3162",25,"sftpbb",0.00178884802271192,0.559028627479036,0.997363418139039
"3163",25,"usp39",0.00155490014097102,0.254788135126083,0.990065078286043
"3164",25,"mat2ab",0.00260181277243503,0.577143474529342,0.997363418139039
"3165",25,"inpp5jb",0.00295204797638014,0.272765711160407,0.990065078286043
"3166",25,"selenom",-0.00588023008055835,0.100081699849093,0.908818820552725
"3167",25,"trafd1",0.0006932907060557,0.611800387421466,0.997363418139039
"3168",25,"mob1a",0.000709751657916082,0.664268509670225,0.997363418139039
"3169",25,"arl6ip4",-0.000819061062504306,0.628472018435002,0.997363418139039
"3170",25,"LOC111576649",-0.00655590177648709,0.0819763416485348,0.877876627611259
"3171",25,"hip1rb",-0.0033389129561835,0.220428726067949,0.990065078286043
"3172",25,"kntc1",5.1728672154811e-06,0.995888725739119,0.999223513981536
"3173",25,"rsrc2",-0.000926551200787723,0.650205661670199,0.997363418139039
"3174",25,"zcchc8",-0.0020578363122841,0.163420371173729,0.982769985586284
"3175",25,"clip1a",-0.00141991296833918,0.594822921001276,0.997363418139039
"3176",25,"mlxip",-0.00158908388790246,0.375697309329351,0.991163825330808
"3177",25,"psmd9",0.00122691977130395,0.434587839302879,0.996463890020745
"3178",25,"gtf2h3",0.000872493745437128,0.408511175836662,0.996463890020745
"3179",25,"LOC111576636",-0.000239699024530071,0.928112428436523,0.998213961771008
"3180",25,"pcsk5b",-0.000842718251504969,0.51146249334048,0.997363418139039
"3181",25,"rfk",-0.00178892389490608,0.358091084942284,0.990065078286043
"3182",25,"LOC129349147",0.00148885381042191,0.0518099893945997,0.84618751263396
"3183",25,"LOC111575567",0.00405988490134131,0.264995566917886,0.990065078286043
"3184",25,"vps13a",-0.0026129328519747,0.151432179513891,0.970457061385761
"3185",25,"LOC111575629",-0.00369978121787461,0.108158217568321,0.917246952869275
"3186",25,"bri3bp",0.00136625323913523,0.609081481166382,0.997363418139039
"3187",25,"stpg2",0.00207545846803358,0.457564765713351,0.997363418139039
"3188",25,"unc5ca",-0.00601071396987487,0.199129680599257,0.990065078286043
"3189",25,"nipbla",-0.00218783000251269,0.213338436070556,0.990065078286043
"3190",25,"slc1a3a",-0.000452589854353281,0.632826657264982,0.997363418139039
"3191",25,"LOC111576468",0.00130504380953613,0.0835093319109252,0.877876627611259
"3192",25,"golm1",0.00201790040018289,0.238942883625495,0.990065078286043
"3193",25,"naa35",0.00250284044209955,0.0931878721005232,0.89059721170218
"3194",25,"agtpbp1",1.71085921268853e-05,0.991043002554735,0.999223513981536
"3195",25,"ntrk2a",-0.00307084454999113,0.621433011361772,0.997363418139039
"3196",25,"rmi1",0.00295615229956708,0.123162211255311,0.930634167332138
"3197",25,"hnrnpk",-0.000397804526230207,0.930865284181,0.998213961771008
"3198",25,"gkap1",0.00294144651140083,0.105241091629545,0.912203428875534
"3199",25,"LOC111567407",0.000617385594509964,0.525210519003596,0.997363418139039
"3200",25,"frmd3",-0.00235571582416485,0.514142175008244,0.997363418139039
"3201",25,"LOC111567411",-0.000197962389626784,0.851720826661222,0.997363418139039
"3202",25,"LOC111576996",-0.000363851084451392,0.846636151614986,0.997363418139039
"3203",25,"LOC111577007",0.00117346952918538,0.600571108789361,0.997363418139039
"3204",25,"LOC111577013",0.000614379479795206,0.630867238046485,0.997363418139039
"3205",25,"LOC129349159",-0.000566671147586026,0.569335192120604,0.997363418139039
"3206",25,"tmed7",-0.00298482377219573,0.0842721101594222,0.880382531355734
"3207",25,"fem1c",-0.00208317042704435,0.0308993778379571,0.814336317015072
"3208",25,"pggt1b",0.000286349894034622,0.878714607776674,0.997890690913835
"3209",25,"trim36",0.00232402284302446,0.614319393650151,0.997363418139039
"3210",25,"ccser1",-0.00149233599652375,0.768245328094688,0.997363418139039
"3211",25,"grid2",0.0039167902256838,0.682161416567635,0.997363418139039
"3212",25,"atoh1a",0.000836206285052626,0.248657542942045,0.990065078286043
"3213",25,"LOC118470688",-0.00083695587712122,0.525181239395059,0.997363418139039
"3214",25,"tspan36",-0.00192224011397988,0.377580192246576,0.99146608947112
"3215",25,"mapk4",0.000404785550545813,0.76394390396887,0.997363418139039
"3216",25,"me2",0.00315724205740555,0.369536588197389,0.990313911305458
"3217",25,"LOC129349148",0.00102300364909198,0.487459494059031,0.997363418139039
"3218",25,"mier3b",-0.000427326634768761,0.824166797375762,0.997363418139039
"3219",25,"plk2b",-0.00103976649987872,0.226002863167207,0.990065078286043
"3220",25,"rab3c",-0.0053606411396051,0.34235654221429,0.990065078286043
"3221",25,"pde4d",0.00441660249189251,0.449039714843519,0.996463890020745
"3222",25,"ercc8",-0.00368614491889797,0.117749693776471,0.927025251088176
"3223",25,"ndufaf2",0.000660715554557942,0.503008984763065,0.997363418139039
"3224",25,"smim15",0.000279190989863444,0.672893298496377,0.997363418139039
"3225",25,"LOC111588638",0.0011824334979262,0.553456237892394,0.997363418139039
"3226",25,"cbwd",-0.000800542966769622,0.556707597037232,0.997363418139039
"3227",25,"aopep",0.00252327676086969,0.094750047255673,0.894104162952215
"3228",25,"fancc",-0.00259287259829988,0.035685245786006,0.821359352393538
"3229",25,"ptch1",-0.00429418708950872,0.0350488045053372,0.821359352393538
"3230",25,"ipo11",-0.00018892027370528,0.93029658774916,0.998213961771008
"3231",25,"htr1aa",-0.000279977829469843,0.808530459164819,0.997363418139039
"3232",25,"rgs7bpa",-0.00348694626168287,0.0571635215980285,0.864094516655841
"3233",25,"plcxd3",0.00118560407968767,0.724431830924112,0.997363418139039
"3234",25,"oxct1a",0.00264672194912035,0.347334938624388,0.990065078286043
"3235",25,"rimoc1",-0.000145421206939194,0.887094989967616,0.998213961771008
"3236",25,"znf131",-8.04147117205981e-05,0.929503265397747,0.998213961771008
"3237",25,"nim1ka",0.00100197914684796,0.709977549904997,0.997363418139039
"3238",25,"creb3l3l",0.000618598683676867,0.782801771999418,0.997363418139039
"3239",25,"efna5b",-0.00279504550663144,0.645761263474267,0.997363418139039
"3240",25,"fbxl17",-0.00421302461570962,0.248599124530862,0.990065078286043
"3241",25,"cdc14b",-0.00616280230558126,0.0742260185862234,0.871360915888879
"3242",25,"ubox5",0.00233742921976032,0.0230859573726846,0.811535974992135
"3243",25,"avp",-0.00061909638815618,0.575024410937421,0.997363418139039
"3244",25,"lzts3b",-0.00640522626141001,0.106514021099634,0.913143078490325
"3245",25,"oxt",-0.00805050134658692,0.042064542285011,0.825068516318458
"3246",25,"mrps27",-0.00123486229365673,0.405692275316222,0.996463890020745
"3247",25,"ark2cb",0.00109072013158034,0.83501239760948,0.997363418139039
"3248",25,"LOC111573483",-0.00147395611208388,0.462615170814002,0.997363418139039
"3249",25,"LOC111573484",0.00132759304172259,0.543113772023612,0.997363418139039
"3250",25,"LOC111564714",-0.00129941977554378,0.532747808915933,0.997363418139039
"3251",25,"rnf122",-0.00233231861734211,0.234024463327129,0.990065078286043
"3252",25,"ostf1",-0.00269076192507852,0.401361293202245,0.996463890020745
"3253",25,"mapkapk5",-0.00112634185251129,0.509009084371914,0.997363418139039
"3254",25,"atxn2",0.00173229966457605,0.578176998837949,0.997363418139039
"3255",25,"pheta1",-0.000783363170297072,0.804205614981863,0.997363418139039
"3256",25,"hsd17b4",0.000730208659267578,0.667776860758675,0.997363418139039
"3257",25,"LOC129349136",-0.00100959539824937,0.443883527109942,0.996463890020745
"3258",25,"LOC111564720",0.00167186859722162,0.637683584588287,0.997363418139039
"3259",25,"sema6a",-0.000776415790378904,0.919098125436252,0.998213961771008
"3260",25,"commd10",0.00214778154650013,0.47200214716551,0.997363418139039
"3261",25,"LOC111564694",-0.000894505193328386,0.447281948217087,0.996463890020745
"3262",25,"lifra",0.000149514171824069,0.930147953137952,0.998213961771008
"3263",25,"pdxp",0.00129586081152225,0.477424259614338,0.997363418139039
"3264",25,"LOC111564687",-0.00141117266081148,0.792867465114669,0.997363418139039
"3265",25,"rasgrf2b",-0.00660992633907057,0.21034134601258,0.990065078286043
"3266",25,"msh3",-0.00198500852452587,0.632263211542123,0.997363418139039
"3267",25,"LOC111564695",-0.0018010634917656,0.184438761835852,0.990065078286043
"3268",25,"adra2b",-0.00145565098773989,0.399161971015192,0.996463890020745
"3269",25,"kcnip3a",-0.00100662417512091,0.821212788552153,0.997363418139039
"3270",25,"LOC129349183",0.00359466561639189,0.193727581274433,0.990065078286043
"3271",25,"slc23a2",-0.00466889123302079,0.284674315195529,0.990065078286043
"3272",25,"LOC111566718",-0.0024523707282898,0.265540194423088,0.990065078286043
"3273",25,"letm2",-0.0036442510580571,0.174920339624038,0.990065078286043
"3274",25,"nsd3",0.000454087378783678,0.853400998314601,0.997363418139039
"3275",25,"plpp5",-0.00398899347976309,0.0348642793678819,0.821359352393538
"3276",25,"septin5a",-0.00114123045887259,0.791801550948184,0.997363418139039
"3277",25,"ufd1l",-0.000744980356650505,0.61647643965759,0.997363418139039
"3278",25,"c6h22orf39",0.000209053654486167,0.860058817311673,0.997363418139039
"3279",25,"acaa2",-0.00179370222538795,0.1476235551775,0.965295556857902
"3280",25,"rpl6",0.00582029118676414,0.183989608013342,0.990065078286043
"3281",25,"dynll1",0.000878402117001505,0.583335032176628,0.997363418139039
"3282",25,"cltcl1",-0.00479631745569987,0.176967062998869,0.990065078286043
"3283",25,"snap29",-0.00152541662912501,0.350369286755377,0.990065078286043
"3284",25,"pi4kab",-1.22154025560984e-05,0.994507779029956,0.999223513981536
"3285",25,"LOC129349125",0.000179078563396329,0.887801706305164,0.998213961771008
"3286",25,"hic2",-0.000935288429679832,0.532650312667773,0.997363418139039
"3287",25,"LOC111566711",0.00177709924815483,0.335502802588056,0.990065078286043
"3288",25,"LOC111566709",0.000606399204091654,0.774608090560665,0.997363418139039
"3289",25,"utp15",0.00209101526768955,0.0311320710705878,0.814336317015072
"3290",25,"ykt6",-0.000830136256209259,0.723056924970946,0.997363418139039
"3291",25,"paip1",-0.00212005557703741,0.301345525624974,0.990065078286043
"3292",25,"LOC129349094",0.00131501254879788,0.202296224058199,0.990065078286043
"3293",25,"ndufs4",0.000963453517028615,0.516090163003546,0.997363418139039
"3294",25,"arl15a",-0.00156283706743042,0.65076569637286,0.997363418139039
"3295",25,"si:dkey-193c22.1",-0.00096940985609705,0.181316712460416,0.990065078286043
"3296",25,"LOC118470205",-0.00092890780055649,0.47177754280281,0.997363418139039
"3297",25,"LOC111567833",-0.000562079989587743,0.801482490072238,0.997363418139039
"3298",25,"LOC129349201",-0.000595089192308091,0.637590352138485,0.997363418139039
"3299",25,"slc20a2",-0.00131123611093693,0.818512003802545,0.997363418139039
"3300",25,"tut7",-0.00139866957888917,0.450421271145552,0.996463890020745
"3301",25,"isca1",-0.00108943755539023,0.628372764957237,0.997363418139039
"3302",25,"kiss1rb",0.00108257821315676,0.440858712793271,0.996463890020745
"3303",25,"psat1",0.000816068654917782,0.641540051799555,0.997363418139039
"3304",25,"LOC111580763",-0.000167295297371468,0.834273354357068,0.997363418139039
"3305",25,"mccc2",-0.000825126867845714,0.745673058178822,0.997363418139039
"3306",25,"tmem8b",0.00372949031969449,0.146578386157211,0.965295556857902
"3307",25,"tars1",-0.000432267698625533,0.777821227894133,0.997363418139039
"3308",25,"LOC111577499",-0.00165402793898327,0.0928872206736151,0.890099216510316
"3309",25,"cenatac",2.80843636641011e-05,0.985346881686297,0.999223513981536
"3310",25,"LOC111564815",-0.00176951762149258,0.292885325060796,0.990065078286043
"3311",25,"LOC129349065",0.000502592866831955,0.45965083395012,0.997363418139039
"3312",25,"gak",-0.00138878040363985,0.455093323360623,0.997363418139039
"3313",25,"aacs",-0.00479962045430735,0.17307138361615,0.990065078286043
"3314",25,"si:dkey-215k6.1",-0.00143535306106725,0.613697969672013,0.997363418139039
"3315",25,"jak2b",-1.92954248748005e-05,0.993842125539467,0.999223513981536
"3316",25,"LOC111580402",0.00125509699493118,0.43313143528296,0.996463890020745
"3317",25,"mfsd10",-0.000106903644263319,0.866862159868342,0.997363418139039
"3318",25,"LOC111580393",-0.000854547540374044,0.399604744675213,0.996463890020745
"3319",25,"LOC118471468",-0.00106669818847206,0.0230332955385835,0.811535974992135
"3320",25,"emb",0.000248452217402016,0.889222646700927,0.998213961771008
"3321",25,"mrps30",0.00224869474489983,0.0861876939166398,0.883942320931013
"3322",25,"hint2",9.07305930694566e-05,0.883595215227018,0.998213961771008
"3323",25,"ppef2a",-0.000204035470823516,0.837750418340361,0.997363418139039
"3324",25,"scarb2a",-0.00167938320482311,0.511567374930889,0.997363418139039
"3325",25,"LOC111580414",0.00019952132504083,0.915342206988406,0.998213961771008
"3326",25,"smc5",-0.00101934658003001,0.518511317880275,0.997363418139039
"3327",25,"LOC111580407",-0.000263008514587791,0.909594936780687,0.998213961771008
"3328",25,"LOC111580389",-0.00337498441917396,0.196558252494411,0.990065078286043
"3329",25,"LOC111580390",0.000558582321161141,0.6160236415089,0.997363418139039
"3330",25,"poli",0.000659877654623101,0.739632816899996,0.997363418139039
"3331",25,"tal2",-0.00135301011639924,0.222198669439992,0.990065078286043
"3332",25,"LOC111580400",0.000164976020512177,0.953485383691741,0.998607408853002
"3333",25,"LOC111583971",0.00129969592712603,0.642284560222925,0.997363418139039
"3334",25,"LOC129349081",-0.000863991485154819,0.598309593509476,0.997363418139039
"3335",25,"kremen1",-0.00290549860132989,0.336673438527302,0.990065078286043
"3336",25,"si:dkey-174n20.1",-0.00234324904636192,0.121755258778109,0.930634167332138
"3337",25,"LOC111581896",0.00161892162333225,0.513029663445523,0.997363418139039
"3338",25,"si:dkey-13n15.2",0.000201687930695792,0.90017071877052,0.998213961771008
"3339",25,"camk2b1",-0.00230792853983288,0.700888322689576,0.997363418139039
"3340",25,"znrf3",-0.00118398224641933,0.558376182395901,0.997363418139039
"3341",25,"srrm4",-0.00764009332213119,0.178698260601822,0.990065078286043
"3342",25,"suds3",-0.000913666193188187,0.641521973606173,0.997363418139039
"3343",25,"taok3a",0.00581075819707069,0.0750561110648423,0.871360915888879
"3344",25,"pebp1",-0.00745743910951995,0.0686920398528386,0.869550081520816
"3345",25,"vsig10",0.00150724147033083,0.250960239261423,0.990065078286043
"3346",25,"wsb2",-0.000399806406043894,0.856598908133087,0.997363418139039
"3347",25,"ksr2",0.00413035389884896,0.509984100456902,0.997363418139039
"3348",25,"nos1",-0.00603471911296825,0.180232306355926,0.990065078286043
"3349",25,"castor1",-0.000311670806090815,0.907895518269856,0.998213961771008
"3350",25,"LOC111572566",-0.00102077045237493,0.0949199496972984,0.894992017712946
"3351",25,"spring1",0.00124212896360156,0.603664051495617,0.997363418139039
"3352",25,"rnft2",0.000502582603478491,0.881159956134339,0.998213961771008
"3353",25,"tesca",-0.000264174421238747,0.800955624054173,0.997363418139039
"3354",25,"fbxo21",0.000687203456416508,0.643656480558393,0.997363418139039
"3355",25,"LOC111585904",-0.000906106352782481,0.382051419604964,0.994293873112125
"3356",25,"rtn4r",-0.00346347560037419,0.274887947392998,0.990065078286043
"3357",25,"hscb",0.0016882109533897,0.255708002580827,0.990065078286043
"3358",25,"lrrc8ab",-0.00213004715698432,0.226321160707109,0.990065078286043
"3359",25,"zgc:101858",0.00108019636038955,0.324271212348976,0.990065078286043
"3360",25,"col27a1b",0.000569094151528384,0.651824897922459,0.997363418139039
"3361",25,"LOC111586035",-0.000830006346271247,0.90471832141486,0.998213961771008
"3362",25,"camsap1b",0.0031872334466949,0.22988391325429,0.990065078286043
"3363",25,"ubac1",0.00244056058472368,0.00829652015287287,0.811535974992135
"3364",25,"LOC111574700",-0.000421709192929842,0.590427735784801,0.997363418139039
"3365",25,"inpp5e",-0.000276194684385262,0.861616364638307,0.997363418139039
"3366",25,"pmpca",-0.000484211900961196,0.766893374890841,0.997363418139039
"3367",25,"dapk1",-6.00962307715861e-05,0.965923351582667,0.999223513981536
"3368",25,"ctsla",-0.00605527093104374,0.091044175448734,0.885692478831841
"3369",25,"smarca2",0.0025211807266427,0.391059551697185,0.996463890020745
"3370",25,"LOC129349110",-0.0003563109776349,0.445326628750529,0.996463890020745
"3371",25,"npffr2a",-0.000790308620697284,0.426546321467376,0.996463890020745
"3372",25,"slc4a4a",-0.00142767373482188,0.292033271085671,0.990065078286043
"3373",25,"rufy3",0.00579057513081589,0.0910479441394435,0.885692478831841
"3374",25,"grsf1",-0.00353767746514353,0.0417834278444564,0.825068516318458
"3375",25,"LOC129349310",0.000886468603528611,0.305054581292009,0.990065078286043
"3376",25,"ywhag2",-0.00747225412189304,0.13684964299419,0.957578775787136
"3377",25,"LOC129349222",0.000236626740973756,0.777406359025611,0.997363418139039
"3378",25,"traf4a",-0.0041059442475807,0.190081846782859,0.990065078286043
"3379",25,"tada2a",0.00029108102893632,0.891674604382432,0.998213961771008
"3380",25,"synrg",5.63531784609434e-05,0.987899177002892,0.999223513981536
"3381",25,"dynll2a",0.00094487723586978,0.691341761123841,0.997363418139039
"3382",25,"srsf1a",0.000864366998617427,0.756946484407108,0.997363418139039
"3383",25,"rskra",-0.00082125354746495,0.0636619476985861,0.869097537705332
"3384",25,"LOC111569725",0.00222284895244613,0.514410554295228,0.997363418139039
"3385",25,"glod4",0.000266951270856808,0.851803306900903,0.997363418139039
"3386",25,"mrm3a",-0.000221767372717218,0.837114178156197,0.997363418139039
"3387",25,"nxn",0.000833713387475115,0.369296546783337,0.990313911305458
"3388",25,"txndc17",-0.000167208087608969,0.886423577116964,0.998213961771008
"3389",25,"kiaa0753",-0.00330624077449737,0.0703956416969403,0.869550081520816
"3390",25,"pitpnm3",-0.00649956852290033,0.372835990421442,0.990398034861638
"3391",25,"LOC111569730",-0.000190029649614154,0.793094431298257,0.997363418139039
"3392",25,"slc47a3",-0.000709455938489705,0.299486084387262,0.990065078286043
"3393",25,"wdr81",-0.000958239290177536,0.487536941933794,0.997363418139039
"3394",25,"rtn4rl1b",-0.000786770387548918,0.809547277874141,0.997363418139039
"3395",25,"dph1",-0.00240585615677322,0.163058943891719,0.982724119992008
"3396",25,"LOC118470412",0.00353216086773882,0.11198053382403,0.921820201924075
"3397",25,"taok1a",0.00102210512574433,0.367896076451585,0.990313911305458
"3398",25,"paf1",-0.00147332447638472,0.385196256511534,0.99604104921104
"3399",25,"LOC111569713",0.00165582779235035,0.0788444751043129,0.871360915888879
"3400",25,"lrfn1",0.00822944854565897,0.235736353104661,0.990065078286043
"3401",25,"nkapd1",-0.000292255088406043,0.813952093618024,0.997363418139039
"3402",25,"dixdc1a",-0.00424698867767876,0.0240032008916677,0.811535974992135
"3403",25,"ncam1b",0.000612152093399291,0.91702947673653,0.998213961771008
"3404",25,"cadm1b",-0.00603939150629053,0.0674296045149426,0.869550081520816
"3405",25,"arhgap32a",0.00446349427991303,0.0706604508010991,0.869550081520816
"3406",25,"igsf9ba",0.00431616958629713,0.0754012742318688,0.871360915888879
"3407",25,"jam3a",-0.0015745388799745,0.621824459204028,0.997363418139039
"3408",25,"LOC111565127",-0.00108996820593843,0.635610915006646,0.997363418139039
"3409",25,"thyn1",-0.000993180466652451,0.226084307072633,0.990065078286043
"3410",25,"esamb",0.00168408385321838,0.288132019435552,0.990065078286043
"3411",25,"zgc:77784",-0.00641512263538916,0.0129080556022167,0.811535974992135
"3412",25,"hspa8b",-0.000695328033803718,0.509577302129754,0.997363418139039
"3413",25,"picalmb",-0.000879208500027894,0.808997284893993,0.997363418139039
"3414",25,"LOC111565113",-0.00461835777274352,0.314184502036176,0.990065078286043
"3415",25,"dyrk1ab",-0.002854005428637,0.293353936183802,0.990065078286043
"3416",25,"thap12b",0.00105901328764451,0.701177667783465,0.997363418139039
"3417",25,"map6b",-0.00195045687150983,0.46391850589476,0.997363418139039
"3418",25,"zgc:112083",-0.00156824294373562,0.0425004931110749,0.825068516318458
"3419",25,"LOC111584956",-0.00389916340634419,0.00429095309587472,0.811535974992135
"3420",25,"plch1",-0.00532958654497663,0.196520588428509,0.990065078286043
"3421",25,"LOC111587718",0.00239726583268416,0.282658983690021,0.990065078286043
"3422",25,"dhx36",0.0044533805053563,0.0352129907482555,0.821359352393538
"3423",25,"LOC111587717",-0.000738395705490221,0.533200017440781,0.997363418139039
"3424",25,"LOC111575847",0.00318438949132423,0.0611491556272365,0.869097537705332
"3425",25,"mfsd1",0.0014582411786253,0.304494547444874,0.990065078286043
"3426",25,"schip1",-0.00101663107831773,0.684923945573478,0.997363418139039
"3427",25,"si:dkeyp-97b10.3",0.00075992296356338,0.705289764581184,0.997363418139039
"3428",25,"ift80",0.00361753618487991,0.0239232408905986,0.811535974992135
"3429",25,"kpna4",-0.00510328877643567,0.060104805977299,0.869097537705332
"3430",25,"ppm1lb",-0.00313767133978471,0.0543315456728503,0.856320289276365
"3431",25,"rabgef1l",-0.00341125944740453,0.169633656185248,0.988760019020403
"3432",25,"stx1a",9.21555408563553e-05,0.97037128028371,0.999223513981536
"3433",25,"bud23",0.000583763222960716,0.659147830515005,0.997363418139039
"3434",25,"LOC111575972",-0.00240970943670865,0.304210785143454,0.990065078286043
"3435",25,"cux1b",0.0010109987744909,0.675589844544347,0.997363418139039
"3436",25,"srprb",0.00192545597088719,0.0784695818301622,0.871360915888879
"3437",25,"gfm1",-0.000726080787905026,0.607844595658157,0.997363418139039
"3438",25,"itpkcb",-0.00158544637263419,0.35435557732537,0.990065078286043
"3439",25,"snrpa",0.000355129777728952,0.833280264123154,0.997363418139039
"3440",25,"LOC111581241",0.0015600290609172,0.602604330202851,0.997363418139039
"3441",25,"clasrp",0.00124452438960462,0.603623360028571,0.997363418139039
"3442",25,"c7h19orf47",-0.000824016094653851,0.221577417789976,0.990065078286043
"3443",25,"ttc9b",0.00128781689191639,0.82924985074537,0.997363418139039
"3444",25,"map3k10",0.00285177880283891,0.595460963693344,0.997363418139039
"3445",25,"sipa1l3",3.71124970767844e-06,0.998813203679307,0.999223513981536
"3446",25,"tbcb",-0.0020963424833859,0.284126889115191,0.990065078286043
"3447",25,"clptm1",-0.00208970101788754,0.434914753437741,0.996463890020745
"3448",25,"mrpl28",0.000487104133004322,0.626408366989622,0.997363418139039
"3449",25,"ppp1r37",0.000941274043071505,0.79144188113064,0.997363418139039
"3450",25,"bmp16",-0.00120075934327269,0.634326932051866,0.997363418139039
"3451",25,"calm3a",-0.00253395094932068,0.611565440589782,0.997363418139039
"3452",25,"rtn2a",-0.00168609110167327,0.0944273172710431,0.893916985071904
"3453",25,"rab4b",0.00103581439158121,0.629698920148337,0.997363418139039
"3454",25,"ap2s1",-0.00370255279951002,0.114756664684965,0.92282181648911
"3455",25,"arhgap35a",0.0015449171676107,0.608143586682723,0.997363418139039
"3456",25,"egln2",-0.00182965160609864,0.5533103337182,0.997363418139039
"3457",25,"fkrp",0.00289266287123273,0.116933274825584,0.927025251088176
"3458",25,"strn4",-0.000406459696665075,0.888089704899453,0.998213961771008
"3459",25,"LOC111587747",0.0013155523291918,0.523205876552398,0.997363418139039
"3460",25,"fxyd6",0.00155267948599781,0.635593522448428,0.997363418139039
"3461",25,"dock10",-0.00325434542461678,0.237222480097672,0.990065078286043
"3462",25,"shox2",0.000737908858060072,0.239537196352531,0.990065078286043
"3463",25,"rsrc1",-8.87071942665345e-05,0.982073962979765,0.999223513981536
"3464",25,"med29",0.000807714922533129,0.403610082133083,0.996463890020745
"3465",25,"ppp2r1bb",-0.00599929178048365,0.240064225036366,0.990065078286043
"3466",25,"sik2b",-0.00108394646971063,0.641013122745309,0.997363418139039
"3467",25,"LOC129349300",-0.00126519886268765,0.0368176245987002,0.821523944916278
"3468",25,"drd2a",-0.00276935441741192,0.564515566010464,0.997363418139039
"3469",25,"scn3b",-0.00129845661083335,0.704719668034829,0.997363418139039
"3470",25,"spa17",0.00276807355801225,0.302939940828143,0.990065078286043
"3471",25,"tlcd5a",6.61297163325188e-05,0.944296719904411,0.998607408853002
"3472",25,"arhgef12a",0.00117554127079577,0.681086019849046,0.997363418139039
"3473",25,"grik4",-0.00489488957663377,0.425963797480956,0.996463890020745
"3474",25,"cbl",0.00270001785519273,0.360666804968236,0.990065078286043
"3475",25,"kmt2a",-0.000808830755200403,0.828813804470874,0.997363418139039
"3476",25,"ube4a",0.00156901797072319,0.450599519861084,0.996463890020745
"3477",25,"chchd2",0.00226657122011091,0.186863832006949,0.990065078286043
"3478",25,"LOC111564741",-0.001818956271835,0.239206188492488,0.990065078286043
"3479",25,"LOC111564745",-0.00096136193755496,0.599630017521424,0.997363418139039
"3480",25,"limk1a",-0.000883544066097394,0.558530541628648,0.997363418139039
"3481",25,"septin4b",-0.000726020947597078,0.825852802090198,0.997363418139039
"3482",25,"mnta",-0.00199599047734945,0.0946772198288678,0.894104162952215
"3483",25,"mettl16",0.00162661349514387,0.283925327713496,0.990065078286043
"3484",25,"LOC111572996",-0.00583615601442688,0.314881520109099,0.990065078286043
"3485",25,"cluha",0.00136035918849964,0.529374969710297,0.997363418139039
"3486",25,"ccdc92ba",-0.000421082549783132,0.933778591188452,0.998311327882942
"3487",25,"prpf8",-0.00166296173591686,0.40505277906392,0.996463890020745
"3488",25,"rilp",-0.00160527326243576,0.445524859124943,0.996463890020745
"3489",25,"scarf1",-0.000179594495728206,0.796292713827265,0.997363418139039
"3490",25,"sarm1",0.000278739172350778,0.931870086445615,0.998213961771008
"3491",25,"LOC111585154",0.00026336130860611,0.827316779189849,0.997363418139039
"3492",25,"foxn1",-0.000825252887856532,0.318456749680206,0.990065078286043
"3493",25,"unc119a",0.000432343822450248,0.821626565440113,0.997363418139039
"3494",25,"cpda",0.000912121165279671,0.611776577941589,0.997363418139039
"3495",25,"gosr1",-0.00306308773564764,0.083338597047161,0.877876627611259
"3496",25,"trarg1a",0.000168106635052961,0.867236026933922,0.997363418139039
"3497",25,"LOC129349209",0.000779719068530737,0.628162063907241,0.997363418139039
"3498",25,"LOC118471666",0.00269905930081659,0.320759958185563,0.990065078286043
"3499",25,"abhd15a",0.00187806706716812,0.108556527769713,0.918174582058652
"3500",25,"LOC111582219",0.00412883000137908,0.0847849854986458,0.880905211399702
"3501",25,"LOC111580675",-0.000284869030872558,0.926023370709746,0.998213961771008
"3502",25,"LOC111580672",0.0012425640895306,0.635656063011297,0.997363418139039
"3503",25,"zgc:172282",-0.00220265678252543,0.55608119151488,0.997363418139039
"3504",25,"bloc1s3",-0.00104338066160528,0.185651712913848,0.990065078286043
"3505",25,"LOC118470067",0.000297890146384843,0.934276147918581,0.99845942565307
"3506",25,"yif1b",-0.00102233095398318,0.371496481723882,0.990398034861638
"3507",25,"LOC111584686",0.0023211272328542,0.579485316692846,0.997363418139039
"3508",25,"LOC111580968",0.00186636355151871,0.473315296240766,0.997363418139039
"3509",25,"fam168a",-0.00101052106995366,0.846572981146666,0.997363418139039
"3510",25,"alkbh8",4.33271632093383e-05,0.964234395622157,0.99894368917766
"3511",25,"cwf19l2",0.00134143746160574,0.384002184213225,0.995420681738498
"3512",25,"gucy1a2",0.00288276076477073,0.701773642645081,0.997363418139039
"3513",25,"aasdhppt",-0.00110341647893007,0.669413720530152,0.997363418139039
"3514",25,"gria4a",0.00857092837623401,0.165885958970907,0.983634964087825
"3515",25,"LOC111572654",-0.00210161930525788,0.636193213235945,0.997363418139039
"3516",25,"grm5b",-0.0016510551726072,0.743255516036211,0.997363418139039
"3517",25,"lamtor1",-0.000148472790025948,0.946992744297935,0.998607408853002
"3518",25,"inppl1a",0.000445975797397443,0.657551124420727,0.997363418139039
"3519",25,"clpb",0.000280897776841556,0.940007748651342,0.998607408853002
"3520",25,"LOC111579029",-0.0124839548428325,0.192332736487339,0.990065078286043
"3521",25,"cul3b",0.000968567199871792,0.691726467036722,0.997363418139039
"3522",25,"taf15",0.00322247889772287,0.317014693705414,0.990065078286043
"3523",25,"porb",-6.92593848211437e-05,0.975666078914001,0.999223513981536
"3524",25,"gdpd1",-0.000497965006483717,0.71662039803512,0.997363418139039
"3525",25,"hip1",-0.00307922045327192,0.563948533656946,0.997363418139039
"3526",25,"bcl7bb",-0.00118381458801889,0.0731816799172492,0.871360915888879
"3527",25,"baz1b",-0.00143322712974581,0.560144704961786,0.997363418139039
"3528",25,"LOC129349271",-0.000505908755438788,0.728931055465931,0.997363418139039
"3529",25,"rnf7",-0.00269423115614063,0.09035349603575,0.885263204425181
"3530",25,"rasa2",-0.00401841927575276,0.0843842320390686,0.880774411336167
"3531",25,"zbtb38",0.00079312771325317,0.454075180135712,0.997363418139039
"3532",25,"trip12",0.00244201378679447,0.417738731977383,0.996463890020745
"3533",25,"dner",-0.0116677566922446,0.234708044821195,0.990065078286043
"3534",25,"pid1",0.0041919388809993,0.209527081820546,0.990065078286043
"3535",25,"sphkap",-0.000320233618662789,0.952927362947602,0.998607408853002
"3536",25,"agfg1a",-0.000947008246231609,0.113019189666582,0.921820201924075
"3537",25,"mffa",-0.000923487946468634,0.674278259093167,0.997363418139039
"3538",25,"mecom",-0.00133664938113766,0.110196114996513,0.921292590321416
"3539",25,"scn4ba",-0.000471632455473331,0.857803729644204,0.997363418139039
"3540",25,"LOC118470758",-0.00145358933491688,0.362037630210486,0.990065078286043
"3541",25,"scn2b",0.00344993411157375,0.286626444344577,0.990065078286043
"3542",25,"slitrk3a",-1.80617050005857e-05,0.997242184852917,0.999223513981536
"3543",25,"si",-0.000438265977555252,0.714163305860807,0.997363418139039
"3544",25,"LOC111587515",0.000434360929886227,0.843952541132934,0.997363418139039
"3545",25,"pdcd10a",0.00231465293244258,0.103221815355044,0.912203428875534
"3546",25,"serpini1",-0.000164227195445793,0.976241917663376,0.999223513981536
"3547",25,"LOC111587519",0.000135344296244356,0.968094300446663,0.999223513981536
"3548",25,"veph1",-0.000599258913039964,0.893137269872708,0.998213961771008
"3549",25,"ccnl1a",0.00221790780712682,0.571173694142222,0.997363418139039
"3550",25,"tiparp",-0.00157419498614233,0.603883190865289,0.997363418139039
"3551",25,"ssr3",-0.00151020926237103,0.348418642560244,0.990065078286043
"3552",25,"kcnab1a",-0.00258793110521297,0.501284751356583,0.997363418139039
"3553",25,"gmps",0.00224949866999782,0.0788404883439729,0.871360915888879
"3554",25,"slc33a1",-0.00165608933215549,0.0880680185060968,0.8848525864663
"3555",25,"rps6kb1b",0.000336861245097814,0.678745218943891,0.997363418139039
"3556",25,"vmp1",-0.00218524625776134,0.364359620622743,0.990065078286043
"3557",25,"npat",-0.000793968969929969,0.383689970969559,0.995347608766192
"3558",25,"atm",0.000491989012527316,0.695500143387196,0.997363418139039
"3559",25,"dscamb",-0.0040271219524972,0.57337194062576,0.997363418139039
"3560",25,"pcp4b",0.000426435957420934,0.696594563848662,0.997363418139039
"3561",25,"get1",0.00102497665148278,0.687521626352634,0.997363418139039
"3562",25,"hmgn1a",0.000875194099448842,0.676060778667155,0.997363418139039
"3563",25,"brwd1",6.29509283526819e-05,0.983584381204185,0.999223513981536
"3564",25,"mipepa",0.000493154642284872,0.510127252982121,0.997363418139039
"3565",25,"sacs",0.00377570343933077,0.340362939749825,0.990065078286043
"3566",25,"LOC129349288",-0.00181949911641695,0.346147086387168,0.990065078286043
"3567",25,"rps25",0.00118208310726469,0.72609570672167,0.997363418139039
"3568",25,"trappc4",-0.000784561181358224,0.424076065797969,0.996463890020745
"3569",25,"LOC111568819",-0.00320733654264713,0.246331961982179,0.990065078286043
"3570",25,"gramd1bb",-0.00647540067092656,0.133273095003572,0.946926652021974
"3571",25,"clmpb",0.0011578552731034,0.536539777277395,0.997363418139039
"3572",25,"kirrel3b",0.00130854286679386,0.816421852854331,0.997363418139039
"3573",25,"srpra",-0.000717897847277287,0.742680157980629,0.997363418139039
"3574",25,"LOC111569168",0.00460280082143566,0.0379209080955307,0.821523944916278
"3575",25,"tbrg1",0.000246307136643031,0.814937705241446,0.997363418139039
"3576",25,"hspa13",8.22624934496877e-05,0.931216102995809,0.998213961771008
"3577",25,"akt2",-0.000839391763071822,0.802191426382916,0.997363418139039
"3578",25,"LOC111586735",-0.000105528121680824,0.895605925383766,0.998213961771008
"3579",25,"LOC118469647",-0.00128520672626612,0.355541902378638,0.990065078286043
"3580",25,"LOC111589130",0.00298161052255167,0.521457628400315,0.997363418139039
"3581",25,"LOC129349236",-0.000460380090359105,0.437269301301959,0.996463890020745
"3582",25,"blmh",0.000159669632259636,0.939765531090318,0.998607408853002
"3583",25,"ssh2a",0.000202105523428791,0.869364146382106,0.997363418139039
"3584",25,"ankrd13b",0.000796344191317416,0.81725566948736,0.997363418139039
"3585",25,"git1",0.00202252289667854,0.57444094610513,0.997363418139039
"3586",25,"igsf11",0.00322337749661996,0.631520381035717,0.997363418139039
"3587",25,"lsamp",0.00103621923042723,0.859505536770553,0.997363418139039
"3588",25,"gap43",-0.00362556072773876,0.613094156516923,0.997363418139039
"3589",25,"LOC111574542",-6.47433777770906e-05,0.927160369545313,0.998213961771008
"3590",25,"LOC129349312",0.000658344971868507,0.569977972461349,0.997363418139039
"3591",25,"LOC111574531",0.00153989557866221,0.374948765247962,0.991163825330808
"3592",25,"sik3",-0.00877666432626303,0.00274980368261343,0.811535974992135
"3593",25,"sidt2",-0.00203021783159715,0.086984351847467,0.883942320931013
"3594",25,"LOC111574546",0.0015441241122374,0.260582338214181,0.990065078286043
"3595",25,"bace1",0.0039532182977564,0.298302802986687,0.990065078286043
"3596",25,"pcsk7",0.00119389860192436,0.115137496309344,0.924580721418995
"3597",25,"nudt8",-0.000547193322221677,0.56271935686964,0.997363418139039
"3598",25,"pnkp",0.000490473868706523,0.30690350018605,0.990065078286043
"3599",25,"dpf1",0.00713525856080315,0.086421841803306,0.883942320931013
"3600",25,"numbl",-0.00133583041641709,0.788075154068017,0.997363418139039
"3601",25,"si:dkey-260j18.2",-0.00242111628557264,0.135695785265909,0.953695431502586
"3602",25,"sars2",0.000168573684491693,0.877301478269137,0.997890690913835
"3603",25,"LOC111566020",-0.00176742680364257,0.732175373488551,0.997363418139039
"3604",25,"LOC111566036",0.00344642455876147,0.141765069054219,0.961176492579385
"3605",25,"LOC111566035",-0.00116049953917533,0.818509981117637,0.997363418139039
"3606",25,"nop53",0.000118967793303948,0.913077579717244,0.998213961771008
"3607",25,"LOC111566028",-0.00218864759927219,0.496658931137071,0.997363418139039
"3608",25,"sirt2",-0.00530679013049715,0.0407667876820079,0.821523944916278
"3609",25,"rinl",-0.000349368260449976,0.766052827531213,0.997363418139039
"3610",25,"meis3",0.000166266032562655,0.933608223678986,0.998311327882942
"3611",25,"itm2ca",-0.00140970429542693,0.754753134920948,0.997363418139039
"3612",25,"cab39",-0.000933904410821346,0.656298122703427,0.997363418139039
"3613",25,"her13",-0.000155178214017942,0.858286136084781,0.997363418139039
"3614",25,"LOC111569711",0.00100574075526053,0.688195546299277,0.997363418139039
"3615",25,"pik3cb",-0.00160471687822708,0.313403870477639,0.990065078286043
"3616",25,"mrps22",0.000477827940062811,0.62117430382001,0.997363418139039
"3617",25,"LOC111569704",-0.00143601341934639,0.814708881927187,0.997363418139039
"3618",25,"LOC111582348",-0.00329828773146937,0.110998130421063,0.921820201924075
"3619",25,"pxylp1",8.34065409284521e-05,0.935987617775312,0.998607408853002
"3620",25,"epha4l",0.00145434396172995,0.575618164976062,0.997363418139039
"3621",25,"LOC111577127",-0.0031207088466465,0.195742721958885,0.990065078286043
"3622",25,"acsl3a",0.00164131562982234,0.270534507496519,0.990065078286043
"3623",25,"scg2a",-0.0131386511611431,0.0672501925802009,0.869550081520816
"3624",25,"wdfy1",-0.00247965708684332,0.237079736467213,0.990065078286043
"3625",25,"serpine2",-0.000762471640105915,0.170988006305284,0.989728643862784
"3626",25,"psmd2",0.000289181531053199,0.927823613843605,0.998213961771008
"3627",25,"LOC111577109",-0.00120897810196933,0.563741925256368,0.997363418139039
"3628",25,"fam131ab",-0.00318071995473664,0.506278049019791,0.997363418139039
"3629",25,"LOC129349220",0.000210542192995874,0.754070700523262,0.997363418139039
"3630",25,"LOC111567581",-0.00375515668071966,0.375167201127432,0.991163825330808
"3631",25,"LOC111562704",0.00676129486353205,0.0393102975470234,0.821523944916278
"3632",25,"ywhae1",0.00183243167360277,0.620478062443802,0.997363418139039
"3633",25,"crk",-0.00161335966507922,0.386841366348658,0.99604104921104
"3634",25,"lrrc75a",-0.00103661135744084,0.796100204022237,0.997363418139039
"3635",25,"poldip2",0.00095079890044521,0.680103745297084,0.997363418139039
"3636",25,"dhrs13b.2",-0.000176058656853858,0.85375152887921,0.997363418139039
"3637",25,"gemin4",-0.00077828866230166,0.596052248193519,0.997363418139039
"3638",25,"LOC111562702",0.00172364637234622,0.11426727176718,0.921820201924075
"3639",25,"usp2a",-0.00252151529318155,0.395958435262426,0.996463890020745
"3640",25,"LOC111580898",0.00350259497038017,0.272175077520196,0.990065078286043
"3641",25,"usf1",0.000453462097806968,0.639931425882318,0.997363418139039
"3642",25,"ubash3bb",-3.34091101539701e-05,0.967454209981408,0.999223513981536
"3643",25,"LOC111585446",-0.000241976794657304,0.831961883682856,0.997363418139039
"3644",25,"arcn1b",0.00326132368309538,0.230262293947489,0.990065078286043
"3645",25,"phldb1b",0.00189967090980871,0.500998801691839,0.997363418139039
"3646",25,"LOC111571470",5.99713784545989e-05,0.955686799299221,0.998607408853002
"3647",25,"zbtb44",0.00236975108802936,0.471348451144799,0.997363418139039
"3648",25,"snx19b",0.00357813735435495,0.365984489753492,0.990065078286043
"3649",25,"sorl1",-0.000818501161790035,0.557556960449069,0.997363418139039
"3650",25,"LOC129349290",0.00595108571118523,0.187310381432076,0.990065078286043
"3651",25,"lyrm9",0.000261448322425454,0.856636619127422,0.997363418139039
"3652",25,"sgsm2",-0.0121823830357703,0.0775855724889299,0.871360915888879
"3653",25,"tpst1",-0.00221226171963955,0.166514824503276,0.983837589219807
"3654",25,"LOC111581222",0.000684609682892435,0.77917568290191,0.997363418139039
"3655",25,"ulk2",0.00263976587637976,0.698115532721517,0.997363418139039
"3656",25,"usp32",0.0069545686704461,0.00141499271972262,0.811535974992135
"3657",25,"si:ch1073-145m9.1",-0.00429372417620531,0.110147981647093,0.921292590321416
"3658",25,"appbp2",0.00607322147677155,0.0655330896515023,0.869097537705332
"3659",25,"brip1",0.000399452463923701,0.66753706948801,0.997363418139039
"3660",25,"LOC129349306",0.000637756032865628,0.263294471469062,0.990065078286043
"3661",25,"bcas3",-0.00466656552485441,0.263612945349582,0.990065078286043
"3662",25,"lhx1a",-0.00757652439199632,0.124103858995791,0.930634167332138
"3663",25,"LOC111571814",-0.000138974150263588,0.953002821323605,0.998607408853002
"3664",25,"phf12b",0.00134117037741554,0.547739759052645,0.997363418139039
"3665",25,"sez6b",0.012079637326294,0.284178153338095,0.990065078286043
"3666",25,"LOC118470655",0.00123696830410775,0.175441208976237,0.990065078286043
"3667",25,"myo18ab",-0.00277311696424777,0.695249413949525,0.997363418139039
"3668",25,"LOC111577493",-8.78496633779489e-05,0.94278934378188,0.998607408853002
"3669",25,"wsb1",-0.008033340888868,0.0702245932567966,0.869550081520816
"3670",25,"cuedc1b",0.00407521509841164,0.203521177228562,0.990065078286043
"3671",25,"akap1b",-0.00291259388448961,0.159396691916792,0.978511673467358
"3672",25,"nf1a",-0.00470132798297738,0.384728876110262,0.99604104921104
"3673",25,"LOC111577485",-0.0012295361764174,0.337116719602444,0.990065078286043
"3674",25,"omgb",-0.00281963261701889,0.0480207031592578,0.84618751263396
"3675",25,"nlrx1",-0.00254178938613831,0.119854860175861,0.927131716509101
"3676",25,"nlk2",-0.00647997536348127,0.0420014882124336,0.825068516318458
"3677",25,"LOC129349321",-0.00119499754422536,0.667047207927069,0.997363418139039
"3678",25,"LOC111565870",-0.00521662931517685,0.161131727091273,0.982413739736351
"3679",25,"mrps23",-8.3946630766134e-05,0.98142011084539,0.999223513981536
"3680",25,"ngef",-0.00042226824251864,0.645127097538892,0.997363418139039
"3681",25,"efhd1",-0.000750699277321407,0.856671904281131,0.997363418139039
"3682",25,"mtnr1ba",0.00334305010776702,0.451643507704996,0.997129532159619
"3683",25,"gal3st2",-0.000604441293018114,0.747118282822803,0.997363418139039
"3684",25,"fat3a",0.00188536288518953,0.660193089747187,0.997363418139039
"3685",25,"rrp8",0.00127561346117738,0.123081276444368,0.930634167332138
"3686",25,"LOC111567890",0.00443312431435349,0.106052515079445,0.912203428875534
"3687",25,"apbb1",-0.00613691176658324,0.300094722003158,0.990065078286043
"3688",25,"robo1",-0.00423098092174847,0.561863488456299,0.997363418139039
"3689",25,"robo2",-0.00146629288450233,0.832097366829309,0.997363418139039
"3690",25,"stim1a",-0.00333331548899205,0.198850349402881,0.990065078286043
"3691",25,"LOC118469784",0.00209513569320386,0.606489592981718,0.997363418139039
"3692",25,"LOC129347298",0.00420660229242213,0.0567108335520334,0.861162804859585
"3693",25,"hmgb1b",-0.00271310857634982,0.462969511304931,0.997363418139039
"3694",25,"wdr95",0.000413232374088537,0.740886246184013,0.997363418139039
"3695",25,"b3glcta",0.0033773855942146,0.132157905832554,0.946926652021974
"3696",25,"frya",-0.00259587061893843,0.0882792816731034,0.8848525864663
"3697",25,"n4bp2l2",0.00163284748256231,0.344741432771079,0.990065078286043
"3698",25,"hdac12",-0.000350199996551529,0.767481296547232,0.997363418139039
"3699",25,"nbeab",-0.000607936367693798,0.55710220873136,0.997363418139039
"3700",25,"mab21l1",0.000593196798090676,0.768009548430476,0.997363418139039
"3701",25,"LOC111563678",0.000909750987021076,0.751322388142744,0.997363418139039
"3702",25,"spartb",7.33693609199707e-05,0.952696313186269,0.998607408853002
"3703",25,"frem2b",0.000867157233223397,0.718342152021299,0.997363418139039
"3704",25,"LOC111563676",0.00620225015899543,0.22863840585882,0.990065078286043
"3705",25,"LOC111563684",-0.00139500160599367,0.513037991554488,0.997363418139039
"3706",25,"LOC111563697",0.000730711538773987,0.741538636455377,0.997363418139039
"3707",25,"LOC111563695",-0.00480692813399231,0.0437982052209787,0.829916232156747
"3708",25,"cadm2b",0.00405713562712455,0.721381304185165,0.997363418139039
"3709",25,"gbe1b",-0.00220581046174296,0.472104210161371,0.997363418139039
"3710",25,"LOC111563620",-0.000155867670972867,0.923215312155558,0.998213961771008
"3711",25,"mtus2b",-0.00202970696597996,0.638903932601689,0.997363418139039
"3712",25,"cog6",0.00058610460800993,0.604812913282712,0.997363418139039
"3713",25,"LOC111563624",0.000875038732871932,0.483700026135655,0.997363418139039
"3714",25,"rcbtb2",-0.000416998026077927,0.660598829413616,0.997363418139039
"3715",25,"fndc3a",-0.00281311742321672,0.341260719075835,0.990065078286043
"3716",25,"ndufc2",-0.000807806620740363,0.800541119736177,0.997363418139039
"3717",25,"rab30",0.000705618610351221,0.641889687696524,0.997363418139039
"3718",25,"tenm4",0.00563867169784862,0.415334014338607,0.996463890020745
"3719",25,"gab2",-8.1881559898578e-05,0.987964792032225,0.999223513981536
"3720",25,"zmp:0000001236",-0.000923615581496478,0.201013798945799,0.990065078286043
"3721",25,"cntn5",-0.00199536218520275,0.486646238983168,0.997363418139039
"3722",25,"nectin1b",0.0084044866182157,0.0896444548913892,0.8851054221017
"3723",25,"ddx6",-0.00254158589720659,0.465808275442613,0.997363418139039
"3724",25,"bcl9l",-0.00416205066432541,0.51973270555901,0.997363418139039
"3725",25,"prdm10",-0.000434056731893988,0.612409346589834,0.997363418139039
"3726",25,"aplp2",0.000954076422788046,0.840332509521231,0.997363418139039
"3727",25,"spred3",0.000513508680567467,0.766436483549382,0.997363418139039
"3728",25,"psmd8",0.000140329573404483,0.94805529861222,0.998607408853002
"3729",25,"bicra",6.44236209890299e-05,0.958131165365034,0.998607408853002
"3730",25,"napab",-0.000743167939248796,0.808321182976584,0.997363418139039
"3731",25,"bckdha",0.000285713423625179,0.817249007331648,0.997363418139039
"3732",25,"tmem91",0.00048522948806737,0.775488629230069,0.997363418139039
"3733",25,"opa3",-0.000192209232738602,0.798397268293524,0.997363418139039
"3734",25,"hnrnpul1",-0.00546790863200642,0.0606127414741964,0.869097537705332
"3735",25,"rasgrp4",-0.00113831784904423,0.442680095163223,0.996463890020745
"3736",25,"ryr1b",-0.000643850638037618,0.888069958657524,0.998213961771008
"3737",25,"ppp5c",0.00122665849374237,0.592906683447204,0.997363418139039
"3738",25,"sbds",0.000673129337710682,0.404688975209772,0.996463890020745
"3739",25,"tyw1",0.00032371585952107,0.852359168707438,0.997363418139039
"3740",25,"galnt17",-0.000423606010075165,0.841609764025473,0.997363418139039
"3741",25,"eml2",0.000259947078549561,0.887394020313759,0.998213961771008
"3742",25,"nova2",0.00247420073902037,0.668200044151542,0.997363418139039
"3743",25,"LOC129349359",0.00195960501002417,0.207826007266669,0.990065078286043
"3744",25,"polr1g",-0.0015106943464521,0.34557801470814,0.990065078286043
"3745",25,"irf2bp1",0.000731070579475789,0.567913218617638,0.997363418139039
"3746",25,"pld3",-0.0015517862662201,0.0198257369860831,0.811535974992135
"3747",25,"si:ch211-14c7.2",-0.00391056433853938,0.132654993926991,0.946926652021974
"3748",25,"LOC111583325",0.00156108661949007,0.738044489223575,0.997363418139039
"3749",25,"LOC129349281",-0.00411707701469723,0.000533539386274928,0.713527408031474
"3750",25,"mark4b",-0.00205957859901453,0.488867756966409,0.997363418139039
"3751",25,"klc3",0.00353848285412241,0.0739481580149559,0.871360915888879
"3752",25,"LOC111570802",0.000351919702186032,0.600504646066785,0.997363418139039
"3753",25,"hif1al",0.000724102583985289,0.677044148976917,0.997363418139039
"3754",25,"pak4",6.8362166021543e-06,0.99702933700355,0.999223513981536
"3755",25,"ccdc9",0.00226573734383854,0.132196527767674,0.946926652021974
"3756",25,"sae1",0.00105375080869555,0.574698430919274,0.997363418139039
"3757",25,"zc3h4",0.000968171875008528,0.714357571187447,0.997363418139039
"3758",25,"eif3k",0.00201876888418101,0.634167882009779,0.997363418139039
"3759",25,"actn4",0.000970708293185129,0.83391401024394,0.997363418139039
"3760",25,"slc8a2b",0.00178088138845093,0.662983039678569,0.997363418139039
"3761",25,"srsf7a",0.000206374822022811,0.944814367885487,0.998607408853002
"3762",25,"LOC111586943",-0.00199399447544324,0.437376835534121,0.996463890020745
"3763",25,"med17",0.000303993861291144,0.884172097578866,0.998213961771008
"3764",25,"cep295",8.39564035880455e-06,0.994356883832536,0.999223513981536
"3765",25,"ech1",0.00105225049258483,0.63906474749582,0.997363418139039
"3766",25,"LOC111579451",-0.000306938507413677,0.827035184979575,0.997363418139039
"3767",25,"LOC111579408",-0.000450055315034724,0.899228414432815,0.998213961771008
"3768",25,"gdpd4a",-4.13556269346121e-05,0.994998208268374,0.999223513981536
"3769",25,"pak1",-0.0034514466076484,0.195616187888809,0.990065078286043
"3770",25,"lrch3",0.00013197837189165,0.950515158469228,0.998607408853002
"3771",25,"LOC129349296",0.000378867365527435,0.818060140747008,0.997363418139039
"3772",25,"LOC129349297",-0.0013302818409907,0.53146743793529,0.997363418139039
"3773",25,"polr2d",0.000298076643210445,0.81577177956444,0.997363418139039
"3774",25,"rpl35a",-0.000468270304907813,0.898040008847932,0.998213961771008
"3775",25,"abcc5",-0.000949553360070126,0.665598073829351,0.997363418139039
"3776",25,"LOC111573553",0.00151797528990363,0.564716432004299,0.997363418139039
"3777",25,"ap2m1b",0.0047687115448855,0.150935643007592,0.969714893872899
"3778",25,"LOC118470823",0.000730862429315298,0.413594236630534,0.996463890020745
"3779",25,"LOC111573559",0.000128103913221834,0.89172143412981,0.998213961771008
"3780",25,"eif2a",0.00151301475732265,0.162550973169805,0.982724119992008
"3781",25,"tsen34",0.00131863110833495,0.304715550075653,0.990065078286043
"3782",25,"LOC111583320",-0.0004269735516735,0.829847106757656,0.997363418139039
"3783",25,"LOC111583319",0.00116980934471497,0.579153911209111,0.997363418139039
"3784",25,"LOC111583321",-0.000806914702973274,0.440212397402081,0.996463890020745
"3785",25,"spcs2",0.00134832907950207,0.684371658320012,0.997363418139039
"3786",25,"rnf169",0.000133170915944912,0.894124130687889,0.998213961771008
"3787",25,"pgm2l1",-0.0020998790822861,0.485560125602459,0.997363418139039
"3788",25,"ece2b",-0.00485541153644526,0.223017096396896,0.990065078286043
"3789",25,"sst1.1",-0.00031846018544635,0.840428700031709,0.997363418139039
"3790",25,"LOC111579678",0.00183948335783247,0.262009433647705,0.990065078286043
"3791",25,"LOC111579668",0.00138533760673099,0.464578722605872,0.997363418139039
"3792",25,"LOC111562851",0.00405362756162408,0.418038801869578,0.996463890020745
"3793",25,"LOC111587265",0.00539228865256518,0.0493456056790538,0.84618751263396
"3794",25,"zgc:162872",0.00464087890694008,0.328892531396051,0.990065078286043
"3795",25,"ilkap",0.00136245126689605,0.628503846844339,0.997363418139039
"3796",25,"LOC111587126",-0.00068434142222818,0.751233832771006,0.997363418139039
"3797",25,"il15l",-0.00118979787187903,0.0178265218947477,0.811535974992135
"3798",25,"triap1",0.000180462904821154,0.850833357890615,0.997363418139039
"3799",25,"supt5h",0.00134513961429254,0.432717945792111,0.996463890020745
"3800",25,"LOC111584136",0.000355084787952743,0.548441194231295,0.997363418139039
"3801",25,"zgc:113149",-0.000837685123821264,0.790172389393565,0.997363418139039
"3802",25,"timm50",-0.00292406997693595,0.5802592017935,0.997363418139039
"3803",25,"clip3",-0.00694739319303778,0.341472328295735,0.990065078286043
"3804",25,"si:ch211-137a8.2",0.000162495832319133,0.895958742356452,0.998213961771008
"3805",25,"si:ch211-137a8.4",-0.00130797628741363,0.792297515827992,0.997363418139039
"3806",25,"zgc:162698",-0.00360235924447836,0.494711732970031,0.997363418139039
"3807",25,"LOC129349326",-0.00365882659421797,0.360963905274412,0.990065078286043
"3808",25,"LOC111564449",-0.00153514316902925,0.163952829775557,0.982864542353922
"3809",25,"LOC111563037",0.00334176012344873,0.0368946146970232,0.821523944916278
"3810",25,"arrb1",-0.00301768472437191,0.478175382233019,0.997363418139039
"3811",25,"LOC111563030",0.000487530041999127,0.596322446286598,0.997363418139039
"3812",25,"capn5a",0.000292978751770771,0.619544687963229,0.997363418139039
"3813",25,"rsf1a",-0.00453736604186324,0.155817682712033,0.971621725888687
"3814",25,"ints4",-0.000874756594768627,0.400689643929904,0.996463890020745
"3815",25,"rps3",0.000830294722229892,0.751442369071178,0.997363418139039
"3816",25,"rnf168",-0.00088861759827516,0.790852301396248,0.997363418139039
"3817",25,"nyap2a",0.00433025454585733,0.165911900406585,0.983634964087825
"3818",25,"LOC111568840",0.00380853233558381,0.156607284976057,0.973814830822266
"3819",25,"LOC129349264",0.00149679127708023,0.0517454846849948,0.84618751263396
"3820",25,"LOC111567229",0.000256749437348075,0.707145929716166,0.997363418139039
"3821",25,"LOC129349231",0.00144851779662049,0.67276971790597,0.997363418139039
"3822",25,"LOC111587975",0.000262495450269604,0.782512844478041,0.997363418139039
"3823",25,"LOC129349260",0.00399218501221524,0.0721836642506094,0.869550081520816
"3824",25,"LOC129349373",0.00838982154848493,0.339611774941688,0.990065078286043
"3825",25,"LOC111579781",0.000273643897183668,0.831648045834584,0.997363418139039
"3826",25,"LOC111579780",6.32553661644064e-05,0.961204218555212,0.998789723674583
"3827",25,"LOC111568791",-0.00145464452564656,0.742420731138415,0.997363418139039
"3828",25,"pcsk1nl",0.000687644835908752,0.901084884311076,0.998213961771008
"3829",25,"lhfpl4b",0.00231759338263816,0.598605744860702,0.997363418139039
"3830",25,"hdac6",0.00127603566938604,0.660189708481306,0.997363418139039
"3831",25,"cxxc1a",0.00125538059266901,0.518204647497226,0.997363418139039
"3832",25,"tfe3a",-0.00128109461757378,0.619076361883278,0.997363418139039
"3833",25,"fgd1",-0.000814050484625257,0.808444245673816,0.997363418139039
"3834",25,"mecp2",-0.00418391211521507,0.189732808663481,0.990065078286043
"3835",25,"hcfc1b",-0.000801788486769766,0.518347697017281,0.997363418139039
"3836",25,"ccdc120a",0.00316524166278928,0.195793439622629,0.990065078286043
"3837",25,"plxnb3",-0.00115656175897381,0.732384206217259,0.997363418139039
"3838",25,"srpk3",-0.00116847478563346,0.408355460109081,0.996463890020745
"3839",25,"tsr2",0.00234924072935214,0.00636702384203691,0.811535974992135
"3840",25,"cdk16",-0.00358397894189034,0.261168348748385,0.990065078286043
"3841",25,"hm13",0.000616438679800525,0.810371060716522,0.997363418139039
"3842",25,"sulf2b",0.00428625128838526,0.334002736785121,0.990065078286043
"3843",25,"gpr37l1b",-0.000674743999729997,0.565264953600437,0.997363418139039
"3844",25,"LOC111584472",-0.00450064063503622,0.215654185226339,0.990065078286043
"3845",25,"LOC111586977",-0.0017666386281063,0.0537777258224128,0.851000071492738
"3846",25,"kcnd1",0.00300464175299721,0.0692601770130334,0.869550081520816
"3847",25,"LOC111570131",-0.000730017771047469,0.685188499893386,0.997363418139039
"3848",25,"plxna3",-0.00567952163697275,0.543429863816491,0.997363418139039
"3849",25,"bcap31",-0.00217147827759164,0.465201064551161,0.997363418139039
"3850",25,"slc6a8",-0.0022631984994674,0.445339998653718,0.996463890020745
"3851",25,"slc35a2",-0.00170093455101485,0.624274677688993,0.997363418139039
"3852",25,"otud5a",0.00309789193943667,0.131555504756603,0.945585819569454
"3853",25,"si:ch211-180f4.1",-0.00253741654689429,0.167512344303463,0.984129860617473
"3854",25,"elk1",0.00278073822399662,0.130036009012759,0.944651905352208
"3855",25,"magixa",-0.00231989043202195,0.487232742474039,0.997363418139039
"3856",25,"cacna1fb",-0.000621377255524934,0.638865099949105,0.997363418139039
"3857",25,"LOC111571577",0.00209470168480855,0.641257457842678,0.997363418139039
"3858",25,"atp6ap1a",-0.00228910850661567,0.746751789473903,0.997363418139039
"3859",25,"ndnl2",0.00115806989387026,0.386898902827061,0.99604104921104
"3860",25,"si:dkey-96f10.1",-0.00191093534504966,0.527203910383704,0.997363418139039
"3861",25,"LOC111571153",-0.00281205005346147,0.65135977568549,0.997363418139039
"3862",25,"srms",-0.00220081629451019,0.234757589823961,0.990065078286043
"3863",25,"LOC111582137",0.00312510605988708,0.0810114303168809,0.876927364271359
"3864",25,"LOC129349409",-0.000505076463238395,0.52713747324235,0.997363418139039
"3865",25,"LOC129349411",0.000674509238432024,0.635425146069775,0.997363418139039
"3866",25,"mapre1b",-0.00410985999548025,0.0975841011651745,0.905020048534428
"3867",25,"commd7",0.000152359300374914,0.895992891897928,0.998213961771008
"3868",25,"cables2b",0.000787732042918427,0.756915937507292,0.997363418139039
"3869",25,"LOC111576182",0.00109102571237231,0.871315798600844,0.997363418139039
"3870",25,"tns2a",4.2458468242518e-05,0.969361878213726,0.999223513981536
"3871",25,"sars1",0.00178454610234288,0.402566845942872,0.996463890020745
"3872",25,"fam50a",-0.000124929501972565,0.92765882410484,0.998213961771008
"3873",25,"arhgap4b",0.00139148644757678,0.669886276921639,0.997363418139039
"3874",25,"gss",0.00015964813200442,0.899275503828189,0.998213961771008
"3875",25,"LOC111564475",-0.000277080289023637,0.897087920756614,0.998213961771008
"3876",25,"LOC129349496",0.00261004581137262,0.130977828093077,0.944964183863046
"3877",25,"fam120c",0.000801820342214882,0.835864987305085,0.997363418139039
"3878",25,"acss2",0.00394957447543915,0.079566023922484,0.871360915888879
"3879",25,"snphb",-0.00105171075894783,0.858189365143612,0.997363418139039
"3880",25,"sdcbp2",-0.000195406255169138,0.937991516965313,0.998607408853002
"3881",25,"fkbp1ab",-0.000980680352572164,0.368555554650584,0.990313911305458
"3882",25,"nsfl1c",-0.0024013654259205,0.123113679491719,0.930634167332138
"3883",25,"LOC111575588",-0.000749717819998074,0.53744294014032,0.997363418139039
"3884",25,"bcl2l1",-0.00479548114728607,0.132118088110676,0.946926652021974
"3885",25,"arfgef2",0.00128508985075656,0.668942775262505,0.997363418139039
"3886",25,"pard6b",0.00333824548555803,0.0552941741282595,0.856360596151954
"3887",25,"adnpb",0.00092854763279305,0.65013747114626,0.997363418139039
"3888",25,"dpm1",0.000279810431699403,0.851404487111293,0.997363418139039
"3889",25,"slc35c2",-0.000566069962415376,0.582147249042733,0.997363418139039
"3890",25,"taf13",0.00228141775503414,0.339466277107921,0.990065078286043
"3891",25,"usp19",-0.00245054210300729,0.0489938066890846,0.84618751263396
"3892",25,"si:dkey-32e6.3",-0.000869514578677838,0.370115071344269,0.990398034861638
"3893",25,"LOC129349425",-0.000342105299736113,0.683204718003142,0.997363418139039
"3894",25,"LOC111579966",0.00111071142554089,0.789983532891511,0.997363418139039
"3895",25,"LOC129349422",0.000767517159756076,0.347972651294275,0.990065078286043
"3896",25,"pim1",-0.00193882207702707,0.0220970240581205,0.811535974992135
"3897",25,"rpl10",0.00122408677293426,0.697627182479857,0.997363418139039
"3898",25,"flna",-0.00174351744281972,0.294473972779007,0.990065078286043
"3899",25,"emd",-0.00130933711392935,0.268697952581581,0.990065078286043
"3900",25,"las1l",-0.000414196780040938,0.600686299960916,0.997363418139039
"3901",25,"crebzf",-0.00188649514088341,0.59838700921015,0.997363418139039
"3902",25,"atp2b3b",0.00123838859503276,0.844027953495622,0.997363418139039
"3903",25,"ccnq",0.000900520380704422,0.543770329737908,0.997363418139039
"3904",25,"ap4b1",-0.00196719954988356,0.480148263093815,0.997363418139039
"3905",25,"ikbkg",-0.000891219205586139,0.777942034539157,0.997363418139039
"3906",25,"tmed4",0.00140081133805707,0.466419311548819,0.997363418139039
"3907",25,"plpbp",0.000953026541640436,0.45446967490255,0.997363418139039
"3908",25,"snrpg",-0.0013174627891979,0.125884471272544,0.932555352915868
"3909",25,"tbc1d22b",0.00074003820929937,0.744617798433832,0.997363418139039
"3910",25,"myt1b",-0.00208534479339177,0.653165784626369,0.997363418139039
"3911",25,"LOC111582027",-0.00267183927310927,0.0200550860044157,0.811535974992135
"3912",25,"kif3b",-0.0039104396199374,0.0734411826820362,0.871360915888879
"3913",25,"plagl2",-0.000148530998756286,0.889500432038674,0.998213961771008
"3914",25,"tm9sf4",0.0014985346266726,0.228838775759022,0.990065078286043
"3915",25,"LOC111586647",-0.000118701499275773,0.983271840380444,0.999223513981536
"3916",25,"tuba1c",0.000976111894717534,0.89856453573499,0.998213961771008
"3917",25,"sarnp",-0.00300316995269386,0.252430255146572,0.990065078286043
"3918",25,"ccnt1",0.00117325719995145,0.69962886448854,0.997363418139039
"3919",25,"kansl2",0.00142592685702213,0.136734027705702,0.957578775787136
"3920",25,"nckap5l",0.00166372605904217,0.631241215566892,0.997363418139039
"3921",25,"tegt",-0.00489044986342174,0.327159658294037,0.990065078286043
"3922",25,"ctdsp2",-0.00184493366345716,0.660336122799387,0.997363418139039
"3923",25,"marchf9",0.00234182411936642,0.492705822323254,0.997363418139039
"3924",25,"tspan31",0.00445086284761216,0.246959528975237,0.990065078286043
"3925",25,"agap2",-0.00452120440131478,0.18562061343316,0.990065078286043
"3926",25,"pip4k2ca",0.00146658151380545,0.537907419305295,0.997363418139039
"3927",25,"igfbp6b",6.68507787068937e-05,0.95025559554821,0.998607408853002
"3928",25,"spryd3",0.00448861259729029,0.223236183919775,0.990065078286043
"3929",25,"LOC129349491",-0.00140099601359911,0.389819638300246,0.996463890020745
"3930",25,"LOC111586298",-0.00269357020851343,0.539110446909595,0.997363418139039
"3931",25,"LOC129349509",0.000154833036608271,0.836149734637199,0.997363418139039
"3932",25,"soga1",0.000719835181729133,0.826123409184226,0.997363418139039
"3933",25,"osbpl2b",0.00383912622112812,0.233078150359578,0.990065078286043
"3934",25,"bsna",-0.00151298652568336,0.795503723466841,0.997363418139039
"3935",25,"LOC111580844",0.000341156301830948,0.920282954032606,0.998213961771008
"3936",25,"tmem115",-0.000240666018618813,0.956494451812463,0.998607408853002
"3937",25,"rhoab",-0.00124038178689741,0.72969915208902,0.997363418139039
"3938",25,"sema3h",-0.00374833893829247,0.109281647176605,0.921292590321416
"3939",25,"borcs6",0.00188635453738178,0.353839142969166,0.990065078286043
"3940",25,"xpc",0.00100904756813702,0.653951621073356,0.997363418139039
"3941",25,"arih2",-0.00456077316664797,0.0847688985465034,0.880905211399702
"3942",25,"impdh2",0.00145731823356718,0.101608186543756,0.912203428875534
"3943",25,"LOC111564014",-0.000460139249862572,0.752477203117577,0.997363418139039
"3944",25,"dalrd3",-0.00169195373308956,0.393775727132278,0.996463890020745
"3945",25,"mfn2",-0.000137240833907131,0.956818654376865,0.998607408853002
"3946",25,"LOC111588295",0.000226808256916958,0.864499901515007,0.997363418139039
"3947",25,"asxl1",0.00315509081397169,0.0637257684298331,0.869097537705332
"3948",25,"myt1a",-0.000129210485919027,0.958555643092459,0.998607408853002
"3949",25,"LOC111588285",-0.00184185298901251,0.0180655625814682,0.811535974992135
"3950",25,"gpr173",0.00114128581779327,0.719673210516958,0.997363418139039
"3951",25,"dedd",-0.00365679402384432,0.243951923095916,0.990065078286043
"3952",25,"efhd2",0.000499801457046492,0.822819997838051,0.997363418139039
"3953",25,"gmeb2",4.20187139269761e-05,0.981503371992792,0.999223513981536
"3954",25,"LOC111587485",-0.00222407602074891,0.434519398596032,0.996463890020745
"3955",25,"igf3",-0.00203802383517236,0.0736875566945224,0.871360915888879
"3956",25,"LOC118469483",-9.68009570943266e-05,0.926504126221202,0.998213961771008
"3957",25,"vps13d",0.00484684686047773,0.210180356418941,0.990065078286043
"3958",25,"LOC111587470",0.00424231895593054,0.254281840477736,0.990065078286043
"3959",25,"LOC129349525",0.000876577455698484,0.25529579307528,0.990065078286043
"3960",25,"clcn6",0.00127550782468025,0.758244580822383,0.997363418139039
"3961",25,"mthfr",-0.00195970259339938,0.238725457175221,0.990065078286043
"3962",25,"celsr3",0.00165939261060689,0.724739526777787,0.997363418139039
"3963",25,"wdr6",0.00101112016816845,0.118198813753283,0.927025251088176
"3964",25,"LOC111584441",0.000592109730927062,0.429934831520247,0.996463890020745
"3965",25,"LOC129349419",0.0013726246964428,0.63506060538456,0.997363418139039
"3966",25,"LOC129349463",-0.00131353357239374,0.315189806379377,0.990065078286043
"3967",25,"foxp3b",-0.000645895865749634,0.667044474637904,0.997363418139039
"3968",25,"trappc6b",-0.000662456972067425,0.627622902479074,0.997363418139039
"3969",25,"LOC111576077",-0.00285921341332678,0.447565299644665,0.996463890020745
"3970",25,"stk38a",-0.00255095449695195,0.196604999478397,0.990065078286043
"3971",25,"plch2a",0.00217165754958933,0.535149987074572,0.997363418139039
"3972",25,"si:ch211-251b21.1",-0.00264677336771253,0.335279751976267,0.990065078286043
"3973",25,"LOC129349549",-0.0011402654640708,0.533795741398205,0.997363418139039
"3974",25,"skia",-0.00309142261422121,0.181773816470019,0.990065078286043
"3975",25,"prkcz",0.000944968134584152,0.835991935375321,0.997363418139039
"3976",25,"LOC111572541",0.000881000462886543,0.729107544193814,0.997363418139039
"3977",25,"lrrc47",-0.000427209611019733,0.528814224579107,0.997363418139039
"3978",25,"cep104",0.00183207257568986,0.195314317342289,0.990065078286043
"3979",25,"c8h1orf174",-0.00329564003810593,0.012486028995061,0.811535974992135
"3980",25,"nphp4",0.0019313926868703,0.442598691240419,0.996463890020745
"3981",25,"ajap1",-0.00029232176080833,0.907122365561983,0.998213961771008
"3982",25,"gabrd",7.25710945449898e-05,0.977899335406463,0.999223513981536
"3983",25,"gnb1a",-0.0047293543835918,0.500860595592455,0.997363418139039
"3984",25,"nadka",-0.00246102227741361,0.0565451597027635,0.861162804859585
"3985",25,"LOC111564756",0.000315438340466621,0.789940033938723,0.997363418139039
"3986",25,"LOC111564733",0.000366091427902317,0.751416173264811,0.997363418139039
"3987",25,"LOC111564734",0.000513039289904054,0.592025195295214,0.997363418139039
"3988",25,"mad2l2",-2.92454032121974e-06,0.999093696521122,0.999223513981536
"3989",25,"spen",-0.00168115072219087,0.709870328756895,0.997363418139039
"3990",25,"fam131c",-0.00117498682659992,0.228559217720289,0.990065078286043
"3991",25,"zbtb17",0.00215791789202051,0.0310244887366775,0.814336317015072
"3992",25,"ddost",-6.4092202233282e-05,0.980870415917249,0.999223513981536
"3993",25,"plekhm2",-0.00103688558230375,0.756380326584048,0.997363418139039
"3994",25,"ano11",-0.00339655479242225,0.159213325566912,0.978511673467358
"3995",25,"mib2",-0.00378413282138255,0.237248094656841,0.990065078286043
"3996",25,"ubiad1",-0.000951194425502757,0.388310724946428,0.99604104921104
"3997",25,"cdk11b",0.00298535894998545,0.0878332831733397,0.8848525864663
"3998",25,"szrd1",-0.00109374774259981,0.228887832967775,0.990065078286043
"3999",25,"atp13a2",0.00024012151923892,0.85598534950312,0.997363418139039
"4000",25,"LOC111564743",-0.00116424911690983,0.183336832894746,0.990065078286043
"4001",25,"tmem240a",0.00802775936608512,0.0206846958788341,0.811535974992135
"4002",25,"otud3",0.00143879984573079,0.564544324648842,0.997363418139039
"4003",25,"trim33",0.000469777003075052,0.71110247220244,0.997363418139039
"4004",25,"slc66a1",0.000626766204011574,0.558106862494846,0.997363418139039
"4005",25,"brpf3b",0.000359185681562927,0.780711686445765,0.997363418139039
"4006",25,"mapk13",-0.005995756898643,0.0939779442320743,0.893244469935295
"4007",25,"tafa5l",-0.000576947349635542,0.845183193547909,0.997363418139039
"4008",25,"mtor",2.62146196727511e-05,0.994296602517918,0.999223513981536
"4009",25,"agrn",0.00145000854506563,0.529057275097748,0.997363418139039
"4010",25,"ptpn11b",-0.000199526026779896,0.794030652157164,0.997363418139039
"4011",25,"csde1",-0.00105721000070036,0.839346957943842,0.997363418139039
"4012",25,"micos10",-8.60473550000093e-05,0.921519021813819,0.998213961771008
"4013",25,"htr6",0.00160595219956508,0.323178325589306,0.990065078286043
"4014",25,"LOC111588156",-0.0022355214618202,0.491483411048423,0.997363418139039
"4015",25,"prex1",0.000117808147466238,0.963833362291212,0.99894368917766
"4016",25,"kcnq2a",9.88419477401125e-05,0.967611432467098,0.999223513981536
"4017",25,"tti1",-0.00100141282161937,0.375091738260473,0.991163825330808
"4018",25,"LOC111571774",0.00317744524001998,0.511444927125958,0.997363418139039
"4019",25,"ctnnbl1",-0.00224195789093037,0.33351575972852,0.990065078286043
"4020",25,"znf341",-0.0015362171326334,0.273263402318474,0.990065078286043
"4021",25,"LOC111571771",-0.000226731267676998,0.915012154333133,0.998213961771008
"4022",25,"phc2a",0.000120237784233465,0.930442933414976,0.998213961771008
"4023",25,"kiaa2013",-0.00217427407398623,0.215839193823221,0.990065078286043
"4024",25,"icmt",-0.00127159510109052,0.0790498000900803,0.871360915888879
"4025",25,"rtel1",-0.00187962008712727,0.0109703223961862,0.811535974992135
"4026",25,"ndufb11",0.000130118546522113,0.956541355817981,0.998607408853002
"4027",25,"tbc1d25",-0.00263848571502933,0.0297521510009529,0.814336317015072
"4028",25,"ccdc22",-0.000555766265450748,0.689107961294881,0.997363418139039
"4029",25,"plod1a",0.00118594617352469,0.484801936079665,0.997363418139039
"4030",25,"LOC111574442",-0.000958067369344461,0.392085266178893,0.996463890020745
"4031",25,"rcc2",-0.000347042425492136,0.672607170449141,0.997363418139039
"4032",25,"LOC111574438",-9.09338797827759e-05,0.973869655620113,0.999223513981536
"4033",25,"LOC111577005",-0.00195406233968909,0.765444463926362,0.997363418139039
"4034",25,"chchd6a",-0.00330011124743016,0.408954882220712,0.996463890020745
"4035",25,"LOC111579122",0.00346378531927012,0.572416684939635,0.997363418139039
"4036",25,"LOC111581131",0.000256593996693089,0.951787057792062,0.998607408853002
"4037",25,"LOC111581132",0.00495580769533389,0.222510119503764,0.990065078286043
"4038",25,"LOC111588494",-0.00194634849666869,0.023398175647266,0.811535974992135
"4039",25,"tcea2",-0.00221764942315259,0.604431164501569,0.997363418139039
"4040",25,"rgs19",-0.00449642014071011,0.0159263802561762,0.811535974992135
"4041",25,"LOC129349507",0.00123490586156827,0.40605442534676,0.996463890020745
"4042",25,"oprl1",0.00131557695605906,0.807471628899962,0.997363418139039
"4043",25,"npbwr2b",0.00132699125218605,0.700378915920829,0.997363418139039
"4044",25,"LOC129349400",0.00134899934056666,0.335290410961433,0.990065078286043
"4045",25,"rps21",-0.00300755321719654,0.537868290749018,0.997363418139039
"4046",25,"lama5",-0.00123282936059311,0.229828488669773,0.990065078286043
"4047",25,"LOC111570248",0.00237925083466723,0.405770620724684,0.996463890020745
"4048",25,"LOC111570250",-0.00244847736724724,0.331080675283075,0.990065078286043
"4049",25,"LOC129349487",0.00386816067928555,0.0645331537975846,0.869097537705332
"4050",25,"ppdpfb",-0.00143417647793839,0.705765751675863,0.997363418139039
"4051",25,"ntsr1",-0.00293930427530691,0.328775110213417,0.990065078286043
"4052",25,"LOC111586199",-0.00125071461550623,0.596313947753393,0.997363418139039
"4053",25,"LOC111584290",-0.00405251559725188,0.228895859304658,0.990065078286043
"4054",25,"LOC111583762",-0.00518094689436507,0.104886812928236,0.912203428875534
"4055",25,"LOC129349531",-0.003442885709218,0.676977172769083,0.997363418139039
"4056",25,"LOC129349543",0.00114258646286776,0.0334949999185316,0.821359352393538
"4057",25,"usp11",0.0018210236306491,0.174973314443654,0.990065078286043
"4058",25,"rfc2",-0.00029255604502932,0.677599306445576,0.997363418139039
"4059",25,"LOC111583728",-0.00350837317889004,0.105678642516384,0.912203428875534
"4060",25,"LOC111583732",-0.00141916123026333,0.342764623028257,0.990065078286043
"4061",25,"edem2",-0.00104476021421271,0.316482248654925,0.990065078286043
"4062",25,"LOC111562410",0.00189773507172617,0.480625456851679,0.997363418139039
"4063",25,"gdap1l1",-0.00621399537205971,0.166167958532097,0.983634964087825
"4064",25,"fitm2",0.00220640200810192,0.198484904291286,0.990065078286043
"4065",25,"pkig",0.00523231430756482,0.113405772608149,0.921820201924075
"4066",25,"gdi1",-0.00115435830537025,0.890673841904104,0.998213961771008
"4067",25,"atp6ap1b",0.00113862863668916,0.378800646970439,0.99146608947112
"4068",25,"mical1",0.000672829162044988,0.665932522095651,0.997363418139039
"4069",25,"src",0.00153318099751143,0.54959439285295,0.997363418139039
"4070",25,"LOC129349406",0.000455857995110131,0.676710674556364,0.997363418139039
"4071",25,"LOC111566219",0.000501784181028674,0.915460279322193,0.998213961771008
"4072",25,"zfp64",0.0011300395448434,0.153440574032269,0.970592115793289
"4073",25,"LOC111566230",0.000133248749387067,0.972317433763028,0.999223513981536
"4074",25,"pfdn4",-3.74159722209681e-05,0.98565885325804,0.999223513981536
"4075",25,"cbln4",0.000174577297519179,0.962405872028245,0.998789723674583
"4076",25,"LOC111566229",0.0015997524109724,0.25897137189141,0.990065078286043
"4077",25,"nol9",4.91318698391813e-05,0.966454134241117,0.999223513981536
"4078",25,"klhl21",-0.00114233567612512,0.142180131057219,0.961176492579385
"4079",25,"syt6a",0.000996526089915778,0.725948331074497,0.997363418139039
"4080",25,"sdf4",-0.00171760290358989,0.737609925173793,0.997363418139039
"4081",25,"hipk1a",-0.000553719511006111,0.794520531178755,0.997363418139039
"4082",25,"acap3a",-0.00457751184882017,0.351396292767703,0.990065078286043
"4083",25,"ints11",-0.000144472193259645,0.925384968210913,0.998213961771008
"4084",25,"cptp",-0.000195575959006038,0.870308315816277,0.997363418139039
"4085",25,"mul1b",0.000134056239916945,0.84630869306121,0.997363418139039
"4086",25,"pink1",0.00199753116557516,0.258463176784804,0.990065078286043
"4087",25,"LOC111562729",0.00245371317967467,0.655088132548497,0.997363418139039
"4088",25,"hspg2",-0.00030582527936792,0.617882084425065,0.997363418139039
"4089",25,"tmem269",-0.00897640069399317,0.146902963537331,0.965295556857902
"4090",25,"magi3a",0.00165521851566833,0.404999667818493,0.996463890020745
"4091",25,"LOC111584925",0.00119349572712115,0.380355442940015,0.992485462026592
"4092",25,"LOC129349494",0.00103795213944845,0.254254585911406,0.990065078286043
"4093",25,"LOC111586001",0.00262555802076215,0.166041212686278,0.983634964087825
"4094",25,"plxna2",-0.00251386035782997,0.449304899405132,0.996463890020745
"4095",25,"rapgef3",0.00123238279476744,0.0125837307221321,0.811535974992135
"4096",25,"csrnp2",-0.00122170349923354,0.295037769553777,0.990065078286043
"4097",25,"tfcp2",-0.00070849571395707,0.467420357369149,0.997363418139039
"4098",25,"pou6f1",0.00108944306075729,0.210983858484033,0.990065078286043
"4099",25,"dazap2",-0.00102110713013414,0.746306760855429,0.997363418139039
"4100",25,"LOC111581034",0.00217807459920863,0.522185158948862,0.997363418139039
"4101",25,"cs",-0.00289943064743735,0.126202371329363,0.932555352915868
"4102",25,"coq10a",-0.00131008228294754,0.434958633131105,0.996463890020745
"4103",25,"ankrd52a",-0.000724347033332474,0.893114065712698,0.998213961771008
"4104",25,"rnf41",-0.00237464818054842,0.0546226495151349,0.856360596151954
"4105",25,"LOC129349414",0.000260836434399523,0.81625831344167,0.997363418139039
"4106",25,"letmd1",-0.00038089546564587,0.768169898032707,0.997363418139039
"4107",25,"cd63",-0.00047195043353164,0.392984603021857,0.996463890020745
"4108",25,"nemp1",0.000720859902979972,0.403416529297915,0.996463890020745
"4109",25,"spats2",0.00138341237593807,0.505505661818553,0.997363418139039
"4110",25,"pym1",0.000138312824135674,0.863083118787329,0.997363418139039
"4111",25,"scrt2",0.000227545596090583,0.951147004121264,0.998607408853002
"4112",25,"LOC111572078",0.00165334208931963,0.364489067250466,0.990065078286043
"4113",25,"peds1",-0.000391559458680197,0.756699269719558,0.997363418139039
"4114",25,"ptpn1",0.00119978611717129,0.29307352772152,0.990065078286043
"4115",25,"LOC111572071",0.00200523441564003,0.509231964092058,0.997363418139039
"4116",25,"kdm5bb",-4.13094513397963e-05,0.988786389021551,0.999223513981536
"4117",25,"rap1aa",-0.00104014255906822,0.757785637764895,0.997363418139039
"4118",25,"xkr7a",-0.000177061961032063,0.918784766608531,0.998213961771008
"4119",25,"LOC111572137",0.00156329282096285,0.602548333944176,0.997363418139039
"4120",25,"LOC111572130",0.00194017844460395,0.254089027512227,0.990065078286043
"4121",25,"osbpl2a",0.00277476219453731,0.116632138360145,0.927025251088176
"4122",25,"nol4la",-0.00206016482825595,0.473918324802827,0.997363418139039
"4123",25,"dnajc5aa",-0.00300356003447699,0.380535246171696,0.992505527302311
"4124",25,"LOC111572124",0.000436227683138753,0.74569175265249,0.997363418139039
"4125",25,"LOC129349399",0.00036391122753158,0.637840596712172,0.997363418139039
"4126",25,"ythdf1",-0.00330881102568263,0.0991973147523632,0.905054408445332
"4127",25,"nkain5",-0.000806893219205226,0.71324176702573,0.997363418139039
"4128",25,"si:dkey-70p6.1",0.0029077001957933,0.0315129160528246,0.814336317015072
"4129",25,"uckl1a",-0.00220348203778976,0.259661015690705,0.990065078286043
"4130",25,"LOC111582056",-0.0018059176112051,0.449264358786499,0.996463890020745
"4131",25,"fkbp1aa",-0.00254979399376499,0.324637303460418,0.990065078286043
"4132",25,"sypb",-0.00933874685786199,0.086634868323267,0.883942320931013
"4133",25,"timm17b",0.00142668580414172,0.285185585019386,0.990065078286043
"4134",25,"gpkow",-0.000479147594023652,0.678221202177342,0.997363418139039
"4135",25,"LOC111580252",0.00116402533942551,0.121297907158365,0.930634167332138
"4136",25,"iqsec2b",-0.00114327883088983,0.674095483846239,0.997363418139039
"4137",25,"kdm5c",-0.00218366519081525,0.307896591550167,0.990065078286043
"4138",25,"LOC111588351",0.00206746937166436,0.438139145589524,0.996463890020745
"4139",25,"LOC111588333",-0.000747302875850032,0.230612312438044,0.990065078286043
"4140",25,"nt5dc2",0.000898404840715936,0.332996941658406,0.990065078286043
"4141",25,"zgc:162200",0.00019753745401539,0.925095398074879,0.998213961771008
"4142",25,"tspy",0.00143311886114207,0.315892185099818,0.990065078286043
"4143",25,"si:ch211-167b20.8",0.000666346364676804,0.495608425882292,0.997363418139039
"4144",25,"camta1a",-0.00282438878679318,0.690880560452421,0.997363418139039
"4145",25,"LOC111577400",-0.000898044263321697,0.529620920472727,0.997363418139039
"4146",25,"lemd1",0.000137940523776623,0.978996594684887,0.999223513981536
"4147",25,"LOC111577398",-0.00135077058760196,0.345280502730336,0.990065078286043
"4148",25,"LOC129349536",0.00236788774063321,0.0589642311377351,0.869097537705332
"4149",25,"nfascb",0.00123934752010479,0.0358762934440493,0.821359352393538
"4150",25,"LOC111572133",-0.000750116481921757,0.669602969232706,0.997363418139039
"4151",25,"LOC111572109",0.00106298022717607,0.61900371200223,0.997363418139039
"4152",25,"LOC111572104",0.0034520321680659,0.354867319245937,0.990065078286043
"4153",25,"frmd4bb",-0.00637821119494065,0.0814295388190468,0.876927364271359
"4154",25,"LOC111572087",-0.00363717913038771,0.055103510712934,0.856360596151954
"4155",25,"LOC111572103",0.00326075053848811,0.184228289184834,0.990065078286043
"4156",25,"LOC111572084",-0.00154321530654964,0.352837489633396,0.990065078286043
"4157",25,"oard1",0.00234932173198994,0.103015777033898,0.912203428875534
"4158",25,"LOC111572069",0.000206644245160104,0.966560774811319,0.999223513981536
"4159",25,"LOC111572093",0.000985420614896351,0.20622531399833,0.990065078286043
"4160",25,"LOC111572092",0.000930836522110239,0.789261446457707,0.997363418139039
"4161",25,"LOC111572090",-0.00781574969115887,0.048630276151228,0.84618751263396
"4162",25,"hmga1a",-0.00104924689181993,0.683329628408582,0.997363418139039
"4163",25,"LOC111572121",-0.00866036672774254,0.163304053656176,0.982724119992008
"4164",25,"LOC111572083",-0.00011974749196969,0.942151073370889,0.998607408853002
"4165",25,"bltp3a",-0.00136195518451393,0.461089227958933,0.997363418139039
"4166",25,"taf11",-0.000109238759469972,0.911955950292736,0.998213961771008
"4167",25,"LOC111572089",0.000450470308422623,0.834349585455461,0.997363418139039
"4168",25,"scube3",-6.26213902830665e-05,0.978248782727959,0.999223513981536
"4169",25,"LOC111586478",0.000274705970486588,0.668498703907994,0.997363418139039
"4170",25,"dlgap4a",-0.0030051263915193,0.585483185570825,0.997363418139039
"4171",25,"LOC111567031",0.000181993763304346,0.944814752149582,0.998607408853002
"4172",25,"map3k12",0.000212692189587692,0.94969196917045,0.998607408853002
"4173",25,"LOC111567042",9.83731698720197e-05,0.97463637917424,0.999223513981536
"4174",25,"g6pd",0.00319404494909489,0.117473383842903,0.927025251088176
"4175",25,"LOC111567033",0.00089619371386902,0.673798700974285,0.997363418139039
"4176",25,"cacnb3a",-0.00966391084599818,0.00548942021494612,0.811535974992135
"4177",25,"ddx23",-0.000414775270773592,0.857327073545542,0.997363418139039
"4178",25,"wdr46",-0.000311312476805318,0.720869380583852,0.997363418139039
"4179",25,"b3galt4",0.00339264701141073,0.315267471551695,0.990065078286043
"4180",25,"nr2c2",-0.00157683888830335,0.444986054621814,0.996463890020745
"4181",25,"mrps25",0.000874799963890147,0.0924498514028532,0.889879244497222
"4182",25,"LOC111570396",0.000578002074794301,0.793374200675054,0.997363418139039
"4183",25,"trh",-0.000758848881787938,0.504062904057062,0.997363418139039
"4184",25,"tmcc1a",0.000398347291613509,0.846463070067878,0.997363418139039
"4185",25,"plxnd1",0.000467929025101282,0.865940733392212,0.997363418139039
"4186",25,"ift122",-0.00123948698600401,0.538381789441182,0.997363418139039
"4187",25,"mbd4",-0.00165375178144237,0.100343274710198,0.909269553592274
"4188",25,"LOC111570399",-0.000602396749420554,0.633208841192837,0.997363418139039
"4189",25,"brpf1",3.85339649627286e-05,0.965794883763355,0.999223513981536
"4190",25,"LOC111588728",0.00346633438706938,0.306947336416332,0.990065078286043
"4191",25,"fgd",0.000446357670399037,0.88710456126817,0.998213961771008
"4192",25,"LOC111588707",0.000467569298214958,0.931771593662089,0.998213961771008
"4193",25,"fbxw12",-3.36425867972401e-05,0.962066186097594,0.998789723674583
"4194",25,"nup210",0.000811642418949034,0.478185673980113,0.997363418139039
"4195",25,"LOC111588708",0.00284366965445621,0.706400803960585,0.997363418139039
"4196",25,"LOC111588713",-0.0012305394481236,0.432141985905322,0.996463890020745
"4197",25,"cnbpa",-0.0008271259661782,0.642155205249592,0.997363418139039
"4198",25,"syn2a",-0.00209766552905272,0.305211593709584,0.990065078286043
"4199",25,"LOC129349478",-0.00067450685045923,0.862698487998513,0.997363418139039
"4200",25,"slc6a1a",-0.0125809098234787,0.152923875097389,0.970592115793289
"4201",25,"tnnc1a",0.000973334187835405,0.256026178920906,0.990065078286043
"4202",25,"zmp:0000000926",0.000756758130747709,0.415843671608215,0.996463890020745
"4203",25,"LOC111588719",0.00068438473839865,0.647942100960995,0.997363418139039
"4204",25,"LOC111588742",0.000435183740138037,0.692091131394154,0.997363418139039
"4205",25,"LOC111574184",-0.0117365103425558,0.0692895220733344,0.869550081520816
"4206",25,"kcnk15",-0.00297394152416926,0.267536438949805,0.990065078286043
"4207",25,"ogfr",-0.00442204221293779,0.286009136561029,0.990065078286043
"4208",25,"col9a3",-0.00213235395395123,0.245018780255122,0.990065078286043
"4209",25,"si:ch73-181d5.4",-0.00314882635110545,0.264827523703517,0.990065078286043
"4210",25,"LOC111574179",0.000321443779977912,0.877107047866092,0.997890690913835
"4211",25,"zgc:113278",-0.00204290049976523,0.379182617443266,0.991637305918865
"4212",25,"LOC111574181",0.00480848990836322,0.257316621017713,0.990065078286043
"4213",25,"baz2a",0.00025125062808529,0.951821356658756,0.998607408853002
"4214",25,"ptges3b",0.00177206976818272,0.599438333725806,0.997363418139039
"4215",25,"naca",-0.00197863360120594,0.534802322756689,0.997363418139039
"4216",25,"LOC111583792",0.00459785951831756,0.0925685482628198,0.889879244497222
"4217",25,"qars1",0.00238821105653428,0.0224729857775317,0.811535974992135
"4218",25,"LOC129349516",-0.00134249864944944,0.161644013530304,0.982413739736351
"4219",25,"LOC111576826",0.0010439438029839,0.819926728408345,0.997363418139039
"4220",25,"LOC111576822",0.000397405128380514,0.942032427712663,0.998607408853002
"4221",25,"eif2d",0.000929633360499572,0.508038129253097,0.997363418139039
"4222",25,"rbm39b",0.00563167171579015,0.0273477742222652,0.811535974992135
"4223",25,"LOC111588330",-0.00280077747955178,0.548228128001007,0.997363418139039
"4224",25,"LOC111588348",-0.000477109397711186,0.647247569953703,0.997363418139039
"4225",25,"kctd6b",-0.00125481630966941,0.411836482219384,0.996463890020745
"4226",25,"slmapb",-0.00179305591901532,0.210133996373024,0.990065078286043
"4227",25,"LOC111588346",-0.00105117519569388,0.369439880769196,0.990313911305458
"4228",25,"abtb1",9.03757692547038e-05,0.965997413948279,0.999223513981536
"4229",25,"slc6a6a",-0.00419624481594748,0.330450210820017,0.990065078286043
"4230",25,"grip2a",-0.00731036837373602,0.0487129723895067,0.84618751263396
"4231",25,"rpl32",0.000735549203189791,0.84993446946322,0.997363418139039
"4232",25,"LOC111586672",0.000203991959756755,0.878270778211625,0.997890690913835
"4233",25,"LOC111586667",0.00858868375748495,0.0123412063026305,0.811535974992135
"4234",25,"LOC111586673",-0.00251068493006069,0.113453849488904,0.921820201924075
"4235",25,"LOC111574196",0.00973897222265412,0.0982786313768686,0.905020048534428
"4236",25,"tasorb",-0.00047307456065355,0.810964177576372,0.997363418139039
"4237",25,"slc17a9b",-0.001107574952175,0.182492691754598,0.990065078286043
"4238",25,"bhlhe23",0.000684059514415448,0.589532023744628,0.997363418139039
"4239",25,"LOC111574204",0.00269207295014443,0.0889007939965636,0.8848525864663
"4240",25,"nkain4",0.00457912695009788,0.362375238554568,0.990065078286043
"4241",25,"LOC111574190",0.00117296368123495,0.664813037911672,0.997363418139039
"4242",25,"slc2a4rg",-0.00240325460324169,0.245468739177704,0.990065078286043
"4243",25,"zbtb46",-0.00362909600962333,0.0576175354156938,0.864909271456043
"4244",25,"uckl1b",-0.00231472258871867,0.00294655935553223,0.811535974992135
"4245",25,"znf512b",0.00223544592569012,0.662475377339685,0.997363418139039
"4246",25,"samd10b",0.000141322271206573,0.967358255489478,0.999223513981536
"4247",25,"prpf6",-0.00228285334185526,0.246149655051941,0.990065078286043
"4248",25,"b4galt5",0.00406383556158852,0.241409375744079,0.990065078286043
"4249",25,"slc9a8",-0.000615242728978386,0.786383944128805,0.997363418139039
"4250",25,"opn7b",-0.00124240204250174,0.574003715785386,0.997363418139039
"4251",25,"spata2",-0.00539453744641136,0.0427075329281,0.825068516318458
"4252",25,"rnf114",-8.71307382484411e-05,0.976633026385539,0.999223513981536
"4253",25,"rab5if",0.000281835183383389,0.824591122935871,0.997363418139039
"4254",25,"zhx3b",-0.000849947054060702,0.593430113112811,0.997363418139039
"4255",25,"plcg1",-0.000287547983827105,0.82469010193645,0.997363418139039
"4256",25,"top1b",-0.00157216975887672,0.481028410359996,0.997363418139039
"4257",25,"ncoa6",-0.00046342556995975,0.870181292123297,0.997363418139039
"4258",25,"LOC111576279",-0.0040200350320958,0.184661562540103,0.990065078286043
"4259",25,"LOC111576282",-0.00228880343830648,0.284322028973098,0.990065078286043
"4260",25,"LOC111576283",-0.000664274995828899,0.516094340511896,0.997363418139039
"4261",25,"si:ch211-117c9.2",-0.00203542047332269,0.0336391545737784,0.821359352393538
"4262",25,"si:ch211-117c9.5",0.00700528031959278,0.0165041667627959,0.811535974992135
"4263",25,"LOC111576275",-0.00135189064800876,0.321822879990814,0.990065078286043
"4264",25,"ddx20",-0.000947776546362043,0.100772288620738,0.91027423721574
"4265",25,"LOC111572874",0.00268661981123693,0.0386279129784087,0.821523944916278
"4266",25,"kcnd3",-0.00224151692720287,0.669091255341261,0.997363418139039
"4267",25,"capza1b",-0.00136094010832803,0.105145420327233,0.912203428875534
"4268",25,"apeh",-0.000199751960630452,0.942211747906306,0.998607408853002
"4269",25,"cacna2d3a",-0.0077332180015035,0.115096216308466,0.924580721418995
"4270",25,"bgnb",0.000995124763440794,0.360949438371262,0.990065078286043
"4271",25,"atp6ap1lb",0.00198179879279943,0.690259596074113,0.997363418139039
"4272",25,"b4galt3",-0.000745513689106219,0.561267100013982,0.997363418139039
"4273",25,"tktb",-0.00359338855881622,0.0501037479747871,0.84618751263396
"4274",25,"lrrc23",0.000406833844166251,0.710211983520856,0.997363418139039
"4275",25,"rbm10",0.00322153726895325,0.138642922565497,0.957578775787136
"4276",25,"LOC111573843",0.00282795846591235,0.310094152902164,0.990065078286043
"4277",25,"uba1",-0.000299706718054122,0.925564871260218,0.998213961771008
"4278",25,"camkvl",-0.000541649713412886,0.599592760906487,0.997363418139039
"4279",25,"LOC111573867",0.0020925729484211,0.0324479303696942,0.821359352393538
"4280",25,"LOC111573864",-0.000491277899643024,0.87270541253767,0.997363418139039
"4281",25,"kcna2b",0.000316627351059672,0.937691013258674,0.998607408853002
"4282",25,"LOC111573883",0.00341541664918864,0.364049411916552,0.990065078286043
"4283",25,"LOC111573845",0.000898346789382853,0.781475785679253,0.997363418139039
"4284",25,"mybpha",0.000327163161064322,0.763380076207506,0.997363418139039
"4285",25,"ccdc115",-0.000138320808466048,0.883702668862904,0.998213961771008
"4286",25,"ebp",-6.70609967034138e-05,0.923785232920313,0.998213961771008
"4287",25,"fkbpl",-0.00147232680837678,0.0979789269863916,0.905020048534428
"4288",25,"LOC111580685",-0.000547847483874239,0.56682757081297,0.997363418139039
"4289",25,"csad",0.000129119487683913,0.889829119859894,0.998213961771008
"4290",25,"copz1",0.00300379585985274,0.0619593477001409,0.869097537705332
"4291",25,"nfe2",3.8296462520653e-05,0.966425127315774,0.999223513981536
"4292",25,"hnrnpa1b",0.00337705328338684,0.127328331244258,0.936517726067577
"4293",25,"cbx5",-0.00429350342578759,0.0053684795281512,0.811535974992135
"4294",25,"calcoco1a",-0.00278205446025686,0.00308393863704245,0.811535974992135
"4295",25,"rarga",0.00286700115151579,0.362071623696214,0.990065078286043
"4296",25,"mfsd5",-0.000869619030038316,0.388766267753692,0.99604104921104
"4297",25,"LOC111581500",-0.00596855969197678,0.0595515077312333,0.869097537705332
"4298",25,"rbms2b",3.49418242395785e-05,0.977450967176256,0.999223513981536
"4299",25,"lrp1ab",-0.00685345249345151,0.147741972108225,0.965295556857902
"4300",25,"LOC129349570",0.00192743518624294,0.334572809753119,0.990065078286043
"4301",25,"esyt1a",0.00301215710280683,0.20899166305631,0.990065078286043
"4302",25,"arf3a",0.000630967100328369,0.881530634806496,0.998213961771008
"4303",25,"ikzf4",0.000391090754107197,0.811612926309025,0.997363418139039
"4304",25,"kmt2d",-0.00185858750021374,0.534506301707504,0.997363418139039
"4305",25,"acvr1ba",-0.000565842929544901,0.762279810851266,0.997363418139039
"4306",25,"c1galt1la",-0.000987659312520865,0.0208080755840778,0.811535974992135
"4307",25,"znf385a",-0.00035001743059827,0.931244233212471,0.998213961771008
"4308",25,"zgc:153867",-0.00280064131719642,0.256515923798702,0.990065078286043
"4309",25,"tmem9",-0.00302006600682636,0.263723674401464,0.990065078286043
"4310",25,"LOC111581021",0.00121410350486232,0.389135223969616,0.99604104921104
"4311",25,"smc1a",-0.00334764927531733,0.254627904997775,0.990065078286043
"4312",25,"l1cama",-0.00520251249562865,0.34603489926791,0.990065078286043
"4313",25,"huwe1",-0.00107187978935765,0.797035327453946,0.997363418139039
"4314",25,"phf8",0.00139509045884821,0.722654661629472,0.997363418139039
"4315",25,"si:dkey-151g10.3",-0.00396238807253419,0.130612596197367,0.944651905352208
"4316",25,"fam3a",-0.00139115502201924,0.446953522944804,0.996463890020745
"4317",25,"idh3g",0.000991702422892447,0.637285937325295,0.997363418139039
"4318",25,"avpr2aa",0.000817803058680414,0.552452501950193,0.997363418139039
"4319",25,"ssr4",0.00131690452875446,0.509743394790641,0.997363418139039
"4320",25,"naa10",0.00130764776499204,0.309245352477129,0.990065078286043
"4321",25,"LOC111576524",-0.00127161719092046,0.737473620934698,0.997363418139039
"4322",25,"cacnb3b",-0.000331194709090806,0.846628235834978,0.997363418139039
"4323",25,"rnd1b",-8.67307498044935e-05,0.980102405960328,0.999223513981536
"4324",25,"dtx3",-0.000118684956629599,0.943903975776552,0.998607408853002
"4325",25,"fignl2",-0.00141853017585859,0.533850047966584,0.997363418139039
"4326",25,"scn8aa",-0.00887321569528395,0.0794422808533518,0.871360915888879
"4327",25,"dip2ba",-0.000256803338443226,0.920541864783379,0.998213961771008
"4328",25,"asb8",-0.0019900877561489,0.154263288507594,0.971413341467878
"4329",25,"LOC111566986",-0.00225645021704516,0.483139599096814,0.997363418139039
"4330",25,"srpk1a",-0.000590225103060387,0.754251035531317,0.997363418139039
"4331",25,"rpl10a",0.000111824376355767,0.967353236277387,0.999223513981536
"4332",25,"slc6a17",-0.00894591541561799,0.0970083077072439,0.905020048534428
"4333",25,"rbm15",-0.000546916163744167,0.78489921464074,0.997363418139039
"4334",25,"slc16a4",0.000320521714534124,0.601286351359982,0.997363418139039
"4335",25,"lamtor5",0.000170922701673566,0.758489277052221,0.997363418139039
"4336",25,"adora1b",-0.00289395759760814,0.024410041526121,0.811535974992135
"4337",25,"dclre1b",-0.00158484658053412,0.0566060204384434,0.861162804859585
"4338",25,"LOC129349415",-0.00119427361285835,0.272128465791521,0.990065078286043
"4339",25,"kcnc4",-0.000936316244877544,0.250552746270587,0.990065078286043
"4340",25,"ahcyl1",0.00118802323202281,0.521246913926982,0.997363418139039
"4341",25,"ngrn",-0.000808413743125413,0.723967257593884,0.997363418139039
"4342",25,"sort1b",-0.00220803038271756,0.440207816671646,0.996463890020745
"4343",25,"atxn7l2b",-0.000554098114167989,0.753838642891249,0.997363418139039
"4344",25,"amigo1",-0.000249950235323497,0.957047476209129,0.998607408853002
"4345",25,"gpr61",-0.00020315591454535,0.903896941324994,0.998213961771008
"4346",25,"ampd2b",-0.000959593830668829,0.768998007202993,0.997363418139039
"4347",25,"atp5pb",-0.00476712416326453,0.244059642536646,0.990065078286043
"4348",25,"LOC111570046",-0.00197664033899798,0.367213069739838,0.990313911305458
"4349",25,"si:ch211-150o23.3",-0.00147892928161372,0.333481226293867,0.990065078286043
"4350",25,"slc25a33",0.000929423741232206,0.5662195374854,0.997363418139039
"4351",25,"spsb1",0.00157571157636656,0.124022943175861,0.930634167332138
"4352",25,"LOC111570049",0.000107789990707718,0.94559830267622,0.998607408853002
"4353",25,"eno1a",-0.00635270981860725,0.0763859691262221,0.871360915888879
"4354",25,"rerea",0.00440827545895515,0.326079221077345,0.990065078286043
"4355",25,"klhl17",0.000662387205868898,0.710283746470515,0.997363418139039
"4356",25,"tmem201",-0.000299189294500227,0.870152513336737,0.997363418139039
"4357",25,"pik3cd",0.00248904461679873,0.310183736285449,0.990065078286043
"4358",25,"ctnnbip1",0.00109500122196738,0.366353543000206,0.990065078286043
"4359",25,"clstn1",-0.00264479104597453,0.615824382131829,0.997363418139039
"4360",25,"lzic",-0.000652108291850861,0.453600562053965,0.997363418139039
"4361",25,"nmnat1",-0.000598794637742213,0.543190372307095,0.997363418139039
"4362",25,"ube4b",-0.00147667472343313,0.478438406772639,0.997363418139039
"4363",25,"kif1b",-0.011906303128238,0.0448820328782956,0.835539982155957
"4364",25,"tardbpa",-0.00144291252646682,0.508833293178661,0.997363418139039
"4365",25,"pex14",-0.00624626752089253,0.0304709448692809,0.814336317015072
"4366",25,"srm",-0.000374641885462015,0.759195054782885,0.997363418139039
"4367",25,"exosc10",0.00108158281358164,0.474331261568669,0.997363418139039
"4368",25,"cntn3a.2",0.00445972335808041,0.21982404182962,0.990065078286043
"4369",25,"cntn3a.1",-0.00373498037056626,0.434194887944099,0.996463890020745
"4370",25,"si:dkey-178k16.1",-0.00152501382473386,0.584050542309349,0.997363418139039
"4371",25,"fam217ba",0.0025440377291915,0.274267542246794,0.990065078286043
"4372",25,"ppp1r3da",-0.000448246576022412,0.499401086607355,0.997363418139039
"4373",25,"phactr3a",-0.00286398422823627,0.478031512287861,0.997363418139039
"4374",25,"pigt",2.67115352711879e-05,0.988083780231276,0.999223513981536
"4375",25,"wfdc2",-0.00040517651796809,0.592916511142455,0.997363418139039
"4376",25,"LOC111579268",-0.00167087887348334,0.568932426105957,0.997363418139039
"4377",25,"LOC111579267",0.00109106464909231,0.832920636106079,0.997363418139039
"4378",25,"LOC129349492",0.000607874312713002,0.439356817554781,0.996463890020745
"4379",25,"LOC111583482",-0.00710591006360432,0.314223699548475,0.990065078286043
"4380",25,"si:ch211-112c15.8",-0.000116901767503512,0.89424974558235,0.998213961771008
"4381",25,"znf362b",-8.07290436578783e-05,0.972636279274971,0.999223513981536
"4382",25,"ccdc30",0.00212748550022194,0.117278908520705,0.927025251088176
"4383",25,"zmynd12",-0.000157515300550599,0.832485737119945,0.997363418139039
"4384",25,"rimkla",0.0010695449939059,0.740428827917511,0.997363418139039
"4385",25,"LOC111585271",0.000884642109747118,0.638203716056211,0.997363418139039
"4386",25,"prdm2a",-0.00261221025158755,0.233476236223205,0.990065078286043
"4387",25,"kazna",0.00376903012490843,0.460666161146741,0.997363418139039
"4388",25,"LOC129349435",0.00327446337994414,0.00768629792194748,0.811535974992135
"4389",25,"wrap73",0.00204435544007586,0.120063503983826,0.927131716509101
"4390",25,"tprg1l",-0.00192008417952769,0.469770187442573,0.997363418139039
"4391",25,"rer1",-0.00232504622562558,0.323058534201322,0.990065078286043
"4392",25,"LOC111568973",-3.27712151560831e-05,0.995496130002268,0.999223513981536
"4393",25,"acot7",-0.000738461906961891,0.806745721426074,0.997363418139039
"4394",25,"ybx1",0.00101910435906192,0.706906341943002,0.997363418139039
"4395",25,"ppih",0.000478086526623079,0.839355092157539,0.997363418139039
"4396",25,"taf10",0.000679521032333493,0.585430311720195,0.997363418139039
"4397",25,"emc1",0.000636810683357758,0.839732352016748,0.997363418139039
"4398",25,"ubr4",-0.00513399335698285,0.309328967213729,0.990065078286043
"4399",25,"rprd1b",0.00392248946759929,0.0272997927018696,0.811535974992135
"4400",25,"LOC111585305",-0.00225623069183126,0.20829783591485,0.990065078286043
"4401",25,"kif5aa",-0.0174236487028575,0.0167270310421531,0.811535974992135
"4402",25,"mbd6",0.000155606331543925,0.95471795260275,0.998607408853002
"4403",25,"actr5",0.001384533711005,0.185477718736248,0.990065078286043
"4404",25,"LOC111564464",-0.00173510537103661,0.0230307567249973,0.811535974992135
"4405",25,"LOC111564461",0.00186740396650077,0.721839171529456,0.997363418139039
"4406",25,"bpifcl",0.00140196650606996,0.378949173713993,0.99146608947112
"4407",25,"atp5f1e",-0.000122334148120882,0.964651793353797,0.998979448285318
"4408",25,"si:dkey-11f4.7",-0.00240825804176492,0.130559501237677,0.944651905352208
"4409",25,"gnas",-0.000175904896040391,0.931607048600684,0.998213961771008
"4410",25,"LOC111577710",-0.00440370584448734,0.108656492260562,0.918174582058652
"4411",25,"LOC111577703",-0.00139593901957037,0.430040417452162,0.996463890020745
"4412",25,"eif2s2",0.00179541283705781,0.631497051864969,0.997363418139039
"4413",25,"LOC111577677",-0.000162388464902424,0.958482001967331,0.998607408853002
"4414",25,"l3mbtl1",0.00122194934267742,0.803756387561179,0.997363418139039
"4415",25,"sgk2a",0.00122373047437095,0.0386394274798423,0.821523944916278
"4416",25,"mybl2a",0.00154198610903661,0.201788361651944,0.990065078286043
"4417",25,"nsun5",-0.000676076683536228,0.639609385359718,0.997363418139039
"4418",25,"cacna1db",0.00105055915385143,0.718599915847978,0.997363418139039
"4419",25,"dcp1a",-0.000989560976992018,0.762485741528636,0.997363418139039
"4420",25,"LOC111585907",0.00145906416657099,0.538786845072327,0.997363418139039
"4421",25,"LOC111585911",0.00220060889062301,0.0556475448936674,0.856360596151954
"4422",25,"sema3bl",0.00215351796636003,0.629741506461305,0.997363418139039
"4423",25,"sema3b",0.00163558888086709,0.0593281764467246,0.869097537705332
"4424",25,"zgc:136971",-0.000347916002345029,0.834907915838414,0.997363418139039
"4425",25,"mgll",-0.00239347135753746,0.409555661317381,0.996463890020745
"4426",25,"prkar2aa",0.000871756074630028,0.849878624220674,0.997363418139039
"4427",25,"amt",0.000554175792453419,0.592087388428711,0.997363418139039
"4428",25,"ifrd2",-0.000874450975800937,0.655276159348313,0.997363418139039
"4429",25,"setdb1b",-0.00434988355618949,0.105443177477967,0.912203428875534
"4430",25,"arnt",-0.000204925151090475,0.938397579303545,0.998607408853002
"4431",25,"LOC111576810",0.00282666222463107,0.0260612650385377,0.811535974992135
"4432",25,"LOC111584525",-0.000340971385114361,0.942209107266927,0.998607408853002
"4433",25,"tars2",-0.00139140144479236,0.592799954756358,0.997363418139039
"4434",25,"rprd2b",-0.000130689025093233,0.954457866000808,0.998607408853002
"4435",25,"prpf3",-0.00181483874110175,0.496385881687153,0.997363418139039
"4436",25,"LOC111567469",0.00101161266166379,0.552032446784342,0.997363418139039
"4437",25,"LOC129349727",-0.00155959131392378,0.146923299041169,0.965295556857902
"4438",25,"khdc4",-0.00157565524860782,0.259694241047199,0.990065078286043
"4439",25,"LOC129349667",0.00146322334534424,0.0510068721945629,0.84618751263396
"4440",25,"cnot3a",-0.00494274065213138,0.172043344808355,0.989728643862784
"4441",25,"ndufa3",-0.0055351239515224,0.00593708051044325,0.811535974992135
"4442",25,"si:dkey-283b15.2",-0.00116199668632515,0.0180017252040582,0.811535974992135
"4443",25,"cyth2",-0.00149334232934282,0.336756595579761,0.990065078286043
"4444",25,"sphk2",-0.00199416894852199,0.28289209028159,0.990065078286043
"4445",25,"rpl18",-0.00397007000416926,0.191913029001104,0.990065078286043
"4446",25,"LOC111574730",0.000371032824954885,0.835168822421697,0.997363418139039
"4447",25,"myh14",-3.85287923238079e-05,0.992367228359245,0.999223513981536
"4448",25,"prpf31",3.20022662453771e-05,0.988359015908358,0.999223513981536
"4449",25,"lmtk3",0.00188697267393039,0.721785046927973,0.997363418139039
"4450",25,"leng1",-0.000318343463649551,0.825154983550205,0.997363418139039
"4451",25,"tmc4",-0.00068140143493946,0.415764431833142,0.996463890020745
"4452",25,"mboat7",-0.00144661157698415,0.417508385396574,0.996463890020745
"4453",25,"rps9",0.003229545923125,0.497159148845722,0.997363418139039
"4454",25,"leng8",0.00438907601426294,0.0893086662549684,0.8848525864663
"4455",25,"zgc:174888",-0.00032878975449954,0.743258809963917,0.997363418139039
"4456",25,"leng9",-6.64975588289841e-05,0.928962997293196,0.998213961771008
"4457",25,"ttyh1",0.00486805142446422,0.41324420786733,0.996463890020745
"4458",25,"ube2s",0.00175926164099497,0.293041187845556,0.990065078286043
"4459",25,"LOC111586745",0.00217384168448015,0.708911451027199,0.997363418139039
"4460",25,"si:dkeyp-69b9.6",-0.00519201311014448,0.101807534614007,0.912203428875534
"4461",25,"dbpb",9.59666724263979e-05,0.895942133268978,0.998213961771008
"4462",25,"ntd5",0.00131379469331245,0.0327914599649889,0.821359352393538
"4463",25,"LOC111586249",-0.00179034736319363,0.584476089065789,0.997363418139039
"4464",25,"cacng8b",-6.69024379169481e-05,0.991006330422098,0.999223513981536
"4465",25,"u2af2a",-0.00127685131398653,0.502615436964271,0.997363418139039
"4466",25,"ccdc106a",0.00105135940493106,0.533601690459466,0.997363418139039
"4467",25,"atg12",0.000870201620844398,0.425561529172381,0.996463890020745
"4468",25,"isoc2",-0.000316188675361645,0.681691246209538,0.997363418139039
"4469",25,"epn1a",-0.00236045880278598,0.558002920794519,0.997363418139039
"4470",25,"LOC111586369",-0.00190042577848531,0.305279947821694,0.990065078286043
"4471",25,"nat14",-0.00119013791674461,0.137920643258697,0.957578775787136
"4472",25,"rasip1",0.00087927053033535,0.305377885045515,0.990065078286043
"4473",25,"LOC111585488",-0.00104000476217001,0.6974490470212,0.997363418139039
"4474",25,"m6pr",-0.00202817047516714,0.086507971314203,0.883942320931013
"4475",25,"zgc:92606",-0.000292646817511242,0.93212331701514,0.998213961771008
"4476",25,"si:dkey-26c10.5",0.000520424227433698,0.889773983531231,0.998213961771008
"4477",25,"ephb6",-0.00138922044674547,0.245507819703465,0.990065078286043
"4478",25,"casp2",0.00102036137375006,0.103239841079076,0.912203428875534
"4479",25,"fam131bb",0.00558794317281975,0.0774323740873955,0.871360915888879
"4480",25,"LOC118470410",-4.83508990109789e-05,0.980380815542224,0.999223513981536
"4481",25,"zyx",-0.00297916223598123,0.0363430518827275,0.821523944916278
"4482",25,"nop2",0.000798750614137882,0.524956439562835,0.997363418139039
"4483",25,"nppcl",-0.00102184428215604,0.345779041484245,0.990065078286043
"4484",25,"gapdh",-7.04231446122477e-05,0.926566508875742,0.998213961771008
"4485",25,"iffo1b",-0.00100418509068685,0.719405538043156,0.997363418139039
"4486",25,"LOC111586338",0.000486989631964399,0.700443531903312,0.997363418139039
"4487",25,"chd4b",0.00354115935520122,0.156454831861454,0.973615861952799
"4488",25,"cdc42l",-0.00171888580070432,0.0284646958058082,0.814336317015072
"4489",25,"mlf2",0.000990735438449288,0.645097987597328,0.997363418139039
"4490",25,"LOC111571074",-0.00319540073788308,0.528667333521359,0.997363418139039
"4491",25,"atn1",3.38764077369154e-05,0.989208990546692,0.999223513981536
"4492",25,"tpi1b",0.000858309146811909,0.760358625544362,0.997363418139039
"4493",25,"lpcat3",0.00166242823791829,0.212687271978532,0.990065078286043
"4494",25,"clstn3",-0.00488810798285521,0.548017107012595,0.997363418139039
"4495",25,"p3h3",-0.000653656428763774,0.680687801350734,0.997363418139039
"4496",25,"rrp15",0.00145979129072483,0.023644384287194,0.811535974992135
"4497",25,"vegfaa",0.000843691520128283,0.524050558582961,0.997363418139039
"4498",25,"snx27b",0.000370907014947031,0.914696666619644,0.998213961771008
"4499",25,"LOC111582758",-0.00258316697322256,0.246346175263793,0.990065078286043
"4500",25,"adar",0.003073729680642,0.366096572650463,0.990065078286043
"4501",25,"kcnn3",-0.0105577222685405,0.0440213289897575,0.830528461182071
"4502",25,"fam189b",-0.000357708993665839,0.904939555493695,0.998213961771008
"4503",25,"rusc1",0.00151045378355267,0.836312647603812,0.997363418139039
"4504",25,"LOC111585412",-0.000649228328059957,0.896629059635151,0.998213961771008
"4505",25,"gba",-0.000434370552029653,0.572619468053301,0.997363418139039
"4506",25,"rnf115a",0.00284662474633625,0.075804818174639,0.871360915888879
"4507",25,"polr3c",-0.00137215953102123,0.180147650248974,0.990065078286043
"4508",25,"LOC129349595",-0.000594206310390928,0.658437614205541,0.997363418139039
"4509",25,"ca14",-0.000737291302499349,0.640523289167506,0.997363418139039
"4510",25,"krtcap2",-0.000129018474667943,0.876681283293732,0.997890690913835
"4511",25,"LOC111562925",0.00015010163217177,0.856088135961852,0.997363418139039
"4512",25,"trim46a",0.000643959323048494,0.735599318698125,0.997363418139039
"4513",25,"slc50a1",0.000287336549750797,0.805529321501167,0.997363418139039
"4514",25,"efna3b",-0.00351403266868905,0.596154274287775,0.997363418139039
"4515",25,"si:dkey-246i14.3",0.000941164499168036,0.198964737434858,0.990065078286043
"4516",25,"flad1",0.00136701586028049,0.229906487269475,0.990065078286043
"4517",25,"shc1",-0.00372616621824404,0.561348927870876,0.997363418139039
"4518",25,"pbxip1b",0.000369221409994749,0.661055583575615,0.997363418139039
"4519",25,"chrnb2",0.00152334332243147,0.844590379503312,0.997363418139039
"4520",25,"LOC111583766",0.000966711634817493,0.499024230371935,0.997363418139039
"4521",25,"c9h1orf43",-0.000388251092182061,0.489442091187615,0.997363418139039
"4522",25,"atp8b2",0.00164092924836691,0.175122534509619,0.990065078286043
"4523",25,"LOC111562993",-0.00391792826069045,0.062149535273937,0.869097537705332
"4524",25,"LOC111562995",0.00301571265251284,0.171760085271552,0.989728643862784
"4525",25,"them4",0.00167242283567758,0.0645166057423887,0.869097537705332
"4526",25,"nbn",-0.00140103567086184,0.0399666603588565,0.821523944916278
"4527",25,"osgin2",-0.00214613647401511,0.346435807493413,0.990065078286043
"4528",25,"gtpbp10",5.55702333921671e-05,0.960152912849467,0.998607408853002
"4529",25,"adam22",-0.00717790065410321,0.143456601330991,0.963134298130308
"4530",25,"rundc3b",-0.00059538880235502,0.482578199075085,0.997363418139039
"4531",25,"crot",-0.00238251480515461,0.39119350107893,0.996463890020745
"4532",25,"nmt2",0.00176158265980123,0.217614733734249,0.990065078286043
"4533",25,"fam171a1",0.000205897442602605,0.831558234089399,0.997363418139039
"4534",25,"si:ch1073-228j22.2",-0.00100252462677227,0.363953413908986,0.990065078286043
"4535",25,"LOC111563492",-0.000634825028748872,0.648032864415992,0.997363418139039
"4536",25,"l3mbtl1b",0.00170659843335691,0.253874551699143,0.990065078286043
"4537",25,"LOC111563486",0.00298005321273063,0.399021572122588,0.996463890020745
"4538",25,"ptpn3",-0.000307559111920116,0.8330981231178,0.997363418139039
"4539",25,"epb41l4b",-0.000261810879286476,0.93215610850058,0.998213961771008
"4540",25,"virma",0.00115684024737723,0.500719146260813,0.997363418139039
"4541",25,"pdp1",0.00219548241459264,0.422377065070442,0.996463890020745
"4542",25,"tmem67",0.000929136484933558,0.356583035763493,0.990065078286043
"4543",25,"tex10",-0.000723478302415936,0.648380204678654,0.997363418139039
"4544",25,"invs",-0.000566420912296246,0.523163912251941,0.997363418139039
"4545",25,"erp44",0.000166779799124034,0.954292836189602,0.998607408853002
"4546",25,"alg2",-0.000343722395536691,0.727754282859612,0.997363418139039
"4547",25,"sec61b",0.00027496525015403,0.776555192008246,0.997363418139039
"4548",25,"LOC111577840",-0.00269825373793212,0.412170134668499,0.996463890020745
"4549",25,"tmem245",-0.00320529687519865,0.349246505237003,0.990065078286043
"4550",25,"galnt1",0.00306893214932377,0.488489525137717,0.997363418139039
"4551",25,"ino80c",-0.000480060667875006,0.764949138290352,0.997363418139039
"4552",25,"LOC111573153",-0.000970959932398437,0.686581181354857,0.997363418139039
"4553",25,"LOC111573142",0.000601427088142091,0.610619373399296,0.997363418139039
"4554",25,"LOC111573132",-0.000488142243017178,0.740386012717025,0.997363418139039
"4555",25,"tbrg4",-0.000932731639975581,0.408700791703412,0.996463890020745
"4556",25,"nacad",-0.00105103581197161,0.753484281458994,0.997363418139039
"4557",25,"LOC111573146",-0.00631047816133034,0.184299313165042,0.990065078286043
"4558",25,"si:dkey-12j5.1",0.000862857038794822,0.284156280353819,0.990065078286043
"4559",25,"mindy3",-0.00117939842699664,0.487768383720954,0.997363418139039
"4560",25,"itga8",-0.000447943286822763,0.824386599515048,0.997363418139039
"4561",25,"LOC111570316",-0.00139086087131403,0.299752888071654,0.990065078286043
"4562",25,"stmn2a",-0.00171931216693274,0.702848333755893,0.997363418139039
"4563",25,"upp1",0.00201098509752867,0.311856284050599,0.990065078286043
"4564",25,"gra",0.000161433846933053,0.867020948853354,0.997363418139039
"4565",25,"rbm12bb",-0.000539573850995048,0.833935843418734,0.997363418139039
"4566",25,"setd2",-0.0010059881016162,0.645498662632558,0.997363418139039
"4567",25,"nbeal2",-0.00147994466795031,0.635115506351919,0.997363418139039
"4568",25,"ccdc12",-0.00172114863133213,0.248775628727102,0.990065078286043
"4569",25,"si:ch211-257p13.3",0.00331823059166085,0.556512440772252,0.997363418139039
"4570",25,"cep72",-0.000678949754843089,0.421922537347836,0.996463890020745
"4571",25,"LOC111572054",-0.00313168333113762,0.417843217613907,0.996463890020745
"4572",25,"brd9",0.00158116608781257,0.498254449898258,0.997363418139039
"4573",25,"ptdss1a",-0.0022692089893083,0.128358993673882,0.939889144006097
"4574",25,"grinab",-0.00190686716863519,0.324524497419654,0.990065078286043
"4575",25,"smpd5",-0.000314039643120136,0.769629968351748,0.997363418139039
"4576",25,"malsu1",0.00264215335494932,0.0794680996375813,0.871360915888879
"4577",25,"LOC111572027",-0.000505316479269693,0.574023649183012,0.997363418139039
"4578",25,"pals2a",0.00134186904696347,0.727111253530805,0.997363418139039
"4579",25,"osbpl3b",-0.000595639515462722,0.42608001839733,0.996463890020745
"4580",25,"LOC111588871",-0.000221037589825331,0.79836778994662,0.997363418139039
"4581",25,"LOC129349709",-0.000283682913369436,0.754650263225792,0.997363418139039
"4582",25,"LOC118469616",-0.000899902503836284,0.0218858980153977,0.811535974992135
"4583",25,"hibadhb",0.000741794563109546,0.440345431918921,0.996463890020745
"4584",25,"tax1bp1b",0.000674091001556811,0.871391034908632,0.997363418139039
"4585",25,"cpvl",-4.71032616237028e-05,0.967732460348533,0.999223513981536
"4586",25,"chn2",0.000969664598698572,0.534847605113209,0.997363418139039
"4587",25,"plekha8",-0.00176183550269185,0.423289174278445,0.996463890020745
"4588",25,"colq",-0.000372361684159142,0.775705787227511,0.997363418139039
"4589",25,"ankrd28b",-0.000914664733531024,0.62477489211684,0.997363418139039
"4590",25,"hdac9b",-3.63082413176329e-05,0.981240006420462,0.999223513981536
"4591",25,"LOC111588874",0.00196293628284165,0.228728318028481,0.990065078286043
"4592",25,"fhod3b",0.000729193823630234,0.6974653665198,0.997363418139039
"4593",25,"rxrbb",0.00283680507490624,0.328827567728639,0.990065078286043
"4594",25,"LOC111588843",6.53588069748829e-05,0.95180889171012,0.998607408853002
"4595",25,"LOC111577053",-0.00382436242833395,0.104766819526797,0.912203428875534
"4596",25,"LOC111577051",-0.00229192300169227,0.0752984956396759,0.871360915888879
"4597",25,"kirrel3l",-0.00122729944877119,0.389105583511223,0.99604104921104
"4598",25,"aplp1",-0.00349817813400959,0.691941417363929,0.997363418139039
"4599",25,"kmt2bb",-0.00310017166139632,0.449670776924363,0.996463890020745
"4600",25,"psenen",-0.000514892989856052,0.734770117228431,0.997363418139039
"4601",25,"lin37",-0.000394723073792869,0.587406059294436,0.997363418139039
"4602",25,"LOC111577108",-0.00259488524341794,0.240044286066945,0.990065078286043
"4603",25,"LOC111577100",-0.00033463739651172,0.83138263595712,0.997363418139039
"4604",25,"LOC129349643",-0.00310081122384821,0.38860703827738,0.99604104921104
"4605",25,"smg9",-0.00153304040129585,0.25946525767541,0.990065078286043
"4606",25,"si:dkey-79d12.4",-0.00186307183071878,0.0216907849642552,0.811535974992135
"4607",25,"kcnn4",-0.00489605339383111,0.0529619893353239,0.84618751263396
"4608",25,"LOC118471193",0.000696177245358624,0.852727533160723,0.997363418139039
"4609",25,"spaca6",-0.00143438131716969,0.133827647141333,0.948280536916826
"4610",25,"znf1035",-0.00361569395021279,0.242770385998527,0.990065078286043
"4611",25,"si:dkeyp-84f3.9",-0.00311763278714716,0.213429315722108,0.990065078286043
"4612",25,"si:ch211-261d7.3",0.000494524577844645,0.819812825263952,0.997363418139039
"4613",25,"zgc:66448",0.00378797381379027,0.0657362100267329,0.869097537705332
"4614",25,"si:ch211-261d7.6",0.000525133821574182,0.692002420985185,0.997363418139039
"4615",25,"LOC111567590",-0.00306074555493805,0.163776904143539,0.982864542353922
"4616",25,"znf576.2",0.00153553364146897,0.188632129741488,0.990065078286043
"4617",25,"wu:fe05a04",-0.00210020619207592,0.149080376587701,0.967411522051103
"4618",25,"ptprub",-0.00212402304433408,0.405312273933911,0.996463890020745
"4619",25,"paqr7b",0.000721489206841189,0.786481198794409,0.997363418139039
"4620",25,"serinc2l",0.000236530627321645,0.830965965426957,0.997363418139039
"4621",25,"LOC111565710",0.00214314213161421,0.348408209295656,0.990065078286043
"4622",25,"phactr4b",0.000804004051637977,0.863831473840407,0.997363418139039
"4623",25,"rcc1",0.000353699590829579,0.696938616472916,0.997363418139039
"4624",25,"oprd1b",-0.00160599763801792,0.184735335573283,0.990065078286043
"4625",25,"pigv",0.000609170131447054,0.527391487623882,0.997363418139039
"4626",25,"arid1aa",-0.000681832550520206,0.703755774687188,0.997363418139039
"4627",25,"LOC111574012",-0.000101258483774258,0.917011608816307,0.998213961771008
"4628",25,"LOC111574013",-0.000477031950763276,0.55877441498112,0.997363418139039
"4629",25,"wdtc1",0.000688619624765531,0.513111507992835,0.997363418139039
"4630",25,"cep85",-0.00253326251651654,0.368355367939637,0.990313911305458
"4631",25,"fez2a",-0.000814970861412061,0.66966975013758,0.997363418139039
"4632",25,"LOC111574026",0.00149022301447444,0.243156396133785,0.990065078286043
"4633",25,"LOC111574027",-0.00273320945209591,0.013732280129664,0.811535974992135
"4634",25,"LOC111574009",-0.00623925140449862,0.216698681988518,0.990065078286043
"4635",25,"LOC111565709",-0.00538885087794874,0.408984031015496,0.996463890020745
"4636",25,"LOC111586527",0.00217280918062482,0.0525039972781094,0.84618751263396
"4637",25,"LOC111586528",0.000517635197096483,0.551885977981083,0.997363418139039
"4638",25,"cmtm7",0.0003432147555198,0.928862468712043,0.998213961771008
"4639",25,"nek11",0.000721877872204972,0.479567293243022,0.997363418139039
"4640",25,"cpne4a",-0.00119096901410094,0.352508753542504,0.990065078286043
"4641",25,"cmtm6",0.00269797327114278,0.0854627434798254,0.881894831100821
"4642",25,"col6a4a",-0.000156554059172314,0.963236527648797,0.998789723674583
"4643",25,"LOC129349676",0.000576412524435348,0.706230671153229,0.997363418139039
"4644",25,"pik3r4",0.00181421355546957,0.388502440908883,0.99604104921104
"4645",25,"atp2c1",0.00313936429195228,0.213812029404873,0.990065078286043
"4646",25,"aldh5a1",0.00694346220760699,0.0243330041895882,0.811535974992135
"4647",25,"kiaa0319",0.000306926189365653,0.90028393376713,0.998213961771008
"4648",25,"LOC111568264",-0.00205836357747635,0.536675388887009,0.997363418139039
"4649",25,"LOC111568265",-0.000462670254460083,0.900667816203977,0.998213961771008
"4650",25,"creb3l4",-0.000901043769477893,0.605611189249758,0.997363418139039
"4651",25,"npr1b",0.00131210811688599,0.482569193377755,0.997363418139039
"4652",25,"dek",0.00108108186378272,0.194176575304064,0.990065078286043
"4653",25,"adam15",-0.00259762239972401,0.0917314969415467,0.887615017536852
"4654",25,"LOC111568730",-1.57402954429773e-05,0.99330096192146,0.999223513981536
"4655",25,"si:dkey-7j14.6",0.000414081366169136,0.933112764129479,0.998311327882942
"4656",25,"dnajc28",0.000553722484593984,0.605308284356896,0.997363418139039
"4657",25,"gramd1a",0.00585481397525784,0.235924909312427,0.990065078286043
"4658",25,"scn1ba",0.000157014381314908,0.975215506643453,0.999223513981536
"4659",25,"psmc4",0.000478970769236695,0.756035399443897,0.997363418139039
"4660",25,"si:dkey-199f5.8",3.80695304692852e-06,0.99861259419561,0.999223513981536
"4661",25,"LOC118471259",-0.00177662906619046,0.0390170452699063,0.821523944916278
"4662",25,"mtx1a",0.0016367025157152,0.421557278380787,0.996463890020745
"4663",25,"tmem176l.1",0.000331333738529009,0.743332006968972,0.997363418139039
"4664",25,"LOC111578028",0.00044806083793552,0.721309102558701,0.997363418139039
"4665",25,"LOC111578021",0.000556348058079894,0.908378823156267,0.998213961771008
"4666",25,"LOC111578020",0.00353439411953457,0.142626944013571,0.961176492579385
"4667",25,"LOC111578019",0.000255892244009663,0.858270657531937,0.997363418139039
"4668",25,"LOC111578044",-0.000873440698013829,0.41252075722838,0.996463890020745
"4669",25,"LOC111578024",-0.000640665804096923,0.797185714151968,0.997363418139039
"4670",25,"lamtor2",-0.000739945935286466,0.532627365756229,0.997363418139039
"4671",25,"mex3a",0.00484201843626579,0.0902562115612434,0.885263204425181
"4672",25,"LOC118471264",0.000692632685069718,0.440786682157241,0.996463890020745
"4673",25,"gpatch4",0.000833627946023542,0.415103198892892,0.996463890020745
"4674",25,"tspan13a",-0.00035497636565844,0.619368080792817,0.997363418139039
"4675",25,"LOC118471258",0.000579551520628283,0.763414260565183,0.997363418139039
"4676",25,"bag6",-0.00179345927678659,0.489664015921064,0.997363418139039
"4677",25,"gabbr1a",0.00297639877366649,0.724624099696439,0.997363418139039
"4678",25,"sh3bp5la",0.000256861096546026,0.810205878140582,0.997363418139039
"4679",25,"rnf183",0.00122373047437095,0.0386394274798423,0.821523944916278
"4680",25,"dhx16",0.001941958839434,0.399942760942405,0.996463890020745
"4681",25,"il21r.1",0.00103232016695777,0.0259269322498868,0.811535974992135
"4682",25,"bola1",-0.000308641392777973,0.644803574823957,0.997363418139039
"4683",25,"sv2a",-0.00635551932916172,0.184877162497973,0.990065078286043
"4684",25,"mtmr11",-0.000837414380840923,0.816366687266182,0.997363418139039
"4685",25,"otud7b",0.000789102678762508,0.696227033862188,0.997363418139039
"4686",25,"rbm8a",-0.00108088500872696,0.744532624392348,0.997363418139039
"4687",25,"paqr6",0.000298504928309384,0.718482047332435,0.997363418139039
"4688",25,"smg5",-0.00127058370138566,0.541119790005616,0.997363418139039
"4689",25,"syngap1b",-0.00121828349603916,0.872957953347709,0.997465620532452
"4690",25,"phf1",-0.00076003345734601,0.733782750875725,0.997363418139039
"4691",25,"rgl2",-0.000489751633389797,0.761140645082244,0.997363418139039
"4692",25,"LOC111577925",-0.000891159078595568,0.454322861526862,0.997363418139039
"4693",25,"pbx2",-0.00256514251209953,0.0710886610371293,0.869550081520816
"4694",25,"LOC111577912",-0.00152046884866498,0.155715967912002,0.971621725888687
"4695",25,"notchl",-0.00122265025308144,0.353500673094305,0.990065078286043
"4696",25,"LOC111577930",-8.10960148953768e-05,0.935762721482918,0.998607408853002
"4697",25,"brd2b",0.000928530153302336,0.498286183018668,0.997363418139039
"4698",25,"si:dkey-82o10.4",-0.00192183164378856,0.22533012648964,0.990065078286043
"4699",25,"rab5ab",0.000917441979260713,0.767088072091131,0.997363418139039
"4700",25,"znf385d",-0.000263242284320621,0.881010194327754,0.998213961771008
"4701",25,"LOC111579336",-0.00159796335575912,0.3117403646979,0.990065078286043
"4702",25,"LOC111579335",0.0011850305247078,0.328125824715746,0.990065078286043
"4703",25,"nr1d2a",0.000386286262544241,0.909806529881886,0.998213961771008
"4704",25,"septin7b",0.000793644422364175,0.525558395499963,0.997363418139039
"4705",25,"si:dkey-256h2.1",-0.000134915247968149,0.948298359671962,0.998607408853002
"4706",25,"mios",0.000716258120054363,0.636849232943584,0.997363418139039
"4707",25,"LOC111582286",-0.00123423028865541,0.341256756902845,0.990065078286043
"4708",25,"ica1",-0.00136192548797374,0.362389671922955,0.990065078286043
"4709",25,"LOC111566140",0.00134220774219885,0.773576032783995,0.997363418139039
"4710",25,"LOC129349614",1.62207042849023e-05,0.98994294205081,0.999223513981536
"4711",25,"tmem106ba",-0.00149570210876966,0.661087340525943,0.997363418139039
"4712",25,"LOC129349615",-0.000618365490628885,0.64085591722006,0.997363418139039
"4713",25,"arl4aa",0.00100155991441208,0.162794311700473,0.982724119992008
"4714",25,"etv1",0.000444088329964324,0.688587919846243,0.997363418139039
"4715",25,"dgkb",0.00222901336062582,0.582369797351748,0.997363418139039
"4716",25,"ankmy2a",0.000390472715471021,0.735219273526364,0.997363418139039
"4717",25,"herpud2",-0.00174867389575184,0.0991774481649915,0.905054408445332
"4718",25,"dpy19l1l",-0.00167362520021797,0.533885980930503,0.997363418139039
"4719",25,"smarcc1a",0.00242534092297822,0.304097956315984,0.990065078286043
"4720",25,"cspg5a",0.00278012648633811,0.670351399108566,0.997363418139039
"4721",25,"scap",0.000912116140088545,0.591108720635452,0.997363418139039
"4722",25,"ptpn23a",0.00367494053475232,0.0545251642915789,0.856360596151954
"4723",25,"LOC111573010",0.000250382479665647,0.832356970799008,0.997363418139039
"4724",25,"sema6e",-0.00056417499061781,0.720965066008463,0.997363418139039
"4725",25,"scnm1",-0.000662712242899402,0.807135957381896,0.997363418139039
"4726",25,"mcl1b",-0.00385074449954533,0.407208795323341,0.996463890020745
"4727",25,"ensab",0.00185315809760528,0.460474615016329,0.997363418139039
"4728",25,"lingo4b",-0.000358232767774757,0.663456871132348,0.997363418139039
"4729",25,"si:ch211-113g11.6",-0.000318878572301434,0.959174215931234,0.998607408853002
"4730",25,"tlr18",0.00119518154054655,0.423795220073571,0.996463890020745
"4731",25,"s100a1",0.000126615087053843,0.886844023277888,0.998213961771008
"4732",25,"atg5",-0.000433671337716314,0.89134143652423,0.998213961771008
"4733",25,"nt5c3a",-0.00253145735376473,0.474514599067524,0.997363418139039
"4734",25,"bbs9",-0.00174274920323169,0.697021302316048,0.997363418139039
"4735",25,"eaf1",0.00272175543721319,0.103665983848047,0.912203428875534
"4736",25,"sh3bp5b",-0.000716805118606166,0.813168566834816,0.997363418139039
"4737",25,"capn7",0.000815189355140678,0.429979461272399,0.996463890020745
"4738",25,"mef2d",0.00367890381916804,0.467522839455556,0.997363418139039
"4739",25,"LOC111580561",-0.00483664914246432,0.305498079498153,0.990065078286043
"4740",25,"isg20l2",0.000279478176687795,0.819511378199315,0.997363418139039
"4741",25,"LOC111580571",-0.00246351946838359,0.299493216634876,0.990065078286043
"4742",25,"snrnp48",-0.000808040074845878,0.685996635510101,0.997363418139039
"4743",25,"cfap418",0.000975502631942047,0.448198598281342,0.996463890020745
"4744",25,"plekhf2",0.0025806272861521,0.00438399827053012,0.811535974992135
"4745",25,"LOC111582434",-0.00208229650283736,0.391283250521752,0.996463890020745
"4746",25,"nagpa",-0.000221325023393806,0.912181599517097,0.998213961771008
"4747",25,"tp53inp1",0.00166259286213292,0.443337097140968,0.996463890020745
"4748",25,"si:dkey-22o22.2",0.00140054462756588,0.726169329603958,0.997363418139039
"4749",25,"ethe1",0.00250987726894426,0.0669666548608335,0.869550081520816
"4750",25,"drd2l",-0.00209491133308244,0.539084211726426,0.997363418139039
"4751",25,"xrcc1",-5.8065358609385e-05,0.970286258809741,0.999223513981536
"4752",25,"LOC111572526",-0.00310587089256511,0.119362844697503,0.927025251088176
"4753",25,"iglon5",-0.00711647262451967,0.440020587249846,0.996463890020745
"4754",25,"si:dkeyp-97a10.2",0.000895959920327286,0.513604398523073,0.997363418139039
"4755",25,"LOC111578592",0.00246098871455799,0.184384070391077,0.990065078286043
"4756",25,"ago1",-0.00162537961304465,0.307224224512122,0.990065078286043
"4757",25,"dhdds",-1.27258027060089e-05,0.992270134351105,0.999223513981536
"4758",25,"LOC111578587",-0.00476240807813953,0.222056297131922,0.990065078286043
"4759",25,"slc9a1a",0.00591996377609716,0.0184615296471746,0.811535974992135
"4760",25,"LOC111567735",0.000780222003934311,0.889098154889745,0.998213961771008
"4761",25,"LOC129349660",0.00112739245062672,0.312617473892306,0.990065078286043
"4762",25,"srsf10a",-0.00121105224413102,0.509784834287796,0.997363418139039
"4763",25,"pnrc2",0.00523146483479395,0.281667312852531,0.990065078286043
"4764",25,"akirin1",8.01082060022154e-05,0.953133017228271,0.998607408853002
"4765",25,"rragca",-0.00117689921222283,0.45842969321957,0.997363418139039
"4766",25,"snip1",0.00131439482053659,0.338170832575828,0.990065078286043
"4767",25,"map7d1a",-0.000938431276713932,0.6475196175026,0.997363418139039
"4768",25,"LOC129349583",0.000766177722556667,0.368360887401216,0.990313911305458
"4769",25,"stk40",-0.00171200973757952,0.49665356892549,0.997363418139039
"4770",25,"oscp1b",0.00261532817862039,0.0247284223212251,0.811535974992135
"4771",25,"grik3",0.000905617372463938,0.825750846100064,0.997363418139039
"4772",25,"inpp5b",-0.00309433834329578,0.241091433635227,0.990065078286043
"4773",25,"mtf1",-0.00125122557666933,0.305298066636634,0.990065078286043
"4774",25,"LOC129349671",0.000398035737670893,0.622470750209757,0.997363418139039
"4775",25,"mecr",-0.000684726021633616,0.637854922915722,0.997363418139039
"4776",25,"ppp1r8b",0.000890428568719057,0.557714618408926,0.997363418139039
"4777",25,"med18",-0.000666747543749074,0.696559377311977,0.997363418139039
"4778",25,"LOC111563389",0.00191675982551988,0.440652045723828,0.996463890020745
"4779",25,"LOC111563379",-0.00263136855678378,0.414160510931927,0.996463890020745
"4780",25,"taf12",0.000180433843133481,0.879190677676444,0.998061924220638
"4781",25,"cadm4",0.00126683303382942,0.806162656954056,0.997363418139039
"4782",25,"rps19",0.00108303063430038,0.770509684141042,0.997363418139039
"4783",25,"bcam",-0.00370606220943063,0.0465637702276925,0.843064661824796
"4784",25,"apoeb",-0.000943169586812221,0.784555556430549,0.997363418139039
"4785",25,"tomm40",0.0012505273349311,0.378221485300014,0.99146608947112
"4786",25,"LOC118469174",-0.000119784994955741,0.919250039012819,0.998213961771008
"4787",25,"mrpl17",-0.000635780679584484,0.654336506568934,0.997363418139039
"4788",25,"tmem145",-0.00157500032387004,0.790256455037102,0.997363418139039
"4789",25,"lipeb",-0.00517985489289507,0.0770336997072348,0.871360915888879
"4790",25,"arhgef1b",-0.00071266305182956,0.461462236463728,0.997363418139039
"4791",25,"LOC111562954",4.43058153921463e-05,0.95702665346404,0.998607408853002
"4792",25,"megf8",-0.00145197698311941,0.767616616526319,0.997363418139039
"4793",25,"trim35-28",0.000798496150677476,0.485872043196395,0.997363418139039
"4794",25,"pafah1b3",0.000336145654223973,0.807243866259725,0.997363418139039
"4795",25,"grik5",0.000524636933117636,0.928603724891043,0.998213961771008
"4796",25,"LOC111572394",-0.000753379253529744,0.753479427538918,0.997363418139039
"4797",25,"gsk3ab",0.00340408830449036,0.124387002143916,0.930634167332138
"4798",25,"znf526",0.0016207714212829,0.259415338846524,0.990065078286043
"4799",25,"cicb",0.00086957534535545,0.888940964888565,0.998213961771008
"4800",25,"erfl3",-0.000446626449592071,0.703983112033816,0.997363418139039
"4801",25,"pou2f2a",-0.00239449644010906,0.00270226196662083,0.811535974992135
"4802",25,"dedd1",0.00144983266440397,0.659254384377337,0.997363418139039
"4803",25,"rabac1",-0.000941160678158011,0.670216194231508,0.997363418139039
"4804",25,"atp1a3b",0.00110872828484865,0.805788731453405,0.997363418139039
"4805",25,"LOC129349666",-0.00116020803904467,0.48229024025433,0.997363418139039
"4806",25,"LOC118470599",0.00127325117265278,0.0353464715876388,0.821359352393538
"4807",25,"si:ch73-22o12.1",-0.003498313194071,0.425915708416098,0.996463890020745
"4808",25,"abhd16a",-0.00193414295955035,0.560977583043367,0.997363418139039
"4809",25,"vars1",0.00179893521384918,0.29756420607031,0.990065078286043
"4810",25,"LOC111569481",-0.00107177918615962,0.294487834339825,0.990065078286043
"4811",25,"si:dkeyp-77h1.4",0.00385720056807875,0.463656401509179,0.997363418139039
"4812",25,"mdc1",0.00107437208252888,0.161041667243645,0.982413739736351
"4813",25,"tubb5",-0.00287649875251084,0.493388492351212,0.997363418139039
"4814",25,"flot1b",-0.00385116293556658,0.0430944263484331,0.825068516318458
"4815",25,"ddr1",-0.00129778636587732,0.398227366430051,0.996463890020745
"4816",25,"gnl1",0.0016309520220319,0.288927393306817,0.990065078286043
"4817",25,"znf384b",0.00105662951317882,0.461588975863423,0.997363418139039
"4818",25,"si:ch211-154o6.3",0.000557827294409004,0.686208182290655,0.997363418139039
"4819",25,"pianp",-0.00107171895289515,0.761447810561441,0.997363418139039
"4820",25,"cops7a",0.00197070793270998,0.252107983908097,0.990065078286043
"4821",25,"usp5",0.00436602984623022,0.0439491593545391,0.830528461182071
"4822",25,"LOC111569451",-4.74791349274821e-05,0.989854425355889,0.999223513981536
"4823",25,"LOC111569479",-0.00263924376814611,0.541928624999785,0.997363418139039
"4824",25,"LOC111569468",-0.00252057909216836,0.037196255106105,0.821523944916278
"4825",25,"LOC111569462",0.00237292315393322,0.0163313403463759,0.811535974992135
"4826",25,"fbl",0.00101588762915338,0.400895072865809,0.996463890020745
"4827",25,"dyrk1b",-0.00435925571599429,0.514299722071479,0.997363418139039
"4828",25,"rbm42",-0.00155296414368927,0.467292180786985,0.997363418139039
"4829",25,"gon4lb",0.00193273281714561,0.0381285067714205,0.821523944916278
"4830",25,"arhgef2",0.000635361807328943,0.620916354346733,0.997363418139039
"4831",25,"LOC111569493",0.00436209603617552,0.135803644248695,0.953695431502586
"4832",25,"pi4kb",-2.32134664771569e-05,0.977751633498766,0.999223513981536
"4833",25,"pogzb",0.00220561098388917,0.189220768743359,0.990065078286043
"4834",25,"LOC111587903",0.000214243763554223,0.870644473492035,0.997363418139039
"4835",25,"smad10b",0.00236548077781889,0.0154536238776442,0.811535974992135
"4836",25,"kcnv1",-0.000808064500158979,0.394029933795693,0.996463890020745
"4837",25,"LOC118469557",0.00241579791714506,0.0894935704834821,0.8848525864663
"4838",25,"mrs2",0.000116141574197922,0.917237721849073,0.998213961771008
"4839",25,"LOC111579835",-0.00313309409329589,0.0719448246706882,0.869550081520816
"4840",25,"LOC111579833",-0.000477405026533658,0.883919911404604,0.998213961771008
"4841",25,"mtbp",-0.00136483802523581,0.0230026798676571,0.811535974992135
"4842",25,"LOC111578980",-0.00535311837058167,0.0910826488184545,0.885692478831841
"4843",25,"LOC111578984",-0.00537671169487111,0.00051136016056489,0.713527408031474
"4844",25,"LOC111578981",-0.00114509635885169,0.137308088967015,0.957578775787136
"4845",25,"LOC111578982",0.00264396262841045,0.418578374903806,0.996463890020745
"4846",25,"cdkal1",-0.0031763779205547,0.26221284235874,0.990065078286043
"4847",25,"sox4b",-0.00565078741133753,0.046055181212711,0.838631700340923
"4848",25,"LOC118470753",0.000857687874104131,0.680606379285571,0.997363418139039
"4849",25,"nrsn1",-0.00627191141738408,0.313317326752934,0.990065078286043
"4850",25,"slc6a3",0.00053514651816874,0.311761811913003,0.990065078286043
"4851",25,"LOC111566240",-0.00261734978328984,0.0886427378364192,0.8848525864663
"4852",25,"LOC111573426",0.000453944340740773,0.651908374754632,0.997363418139039
"4853",25,"adcy2a",-0.0126491889337293,0.0245883372780174,0.811535974992135
"4854",25,"triob",-0.00236262441068089,0.65833692885581,0.997363418139039
"4855",25,"LOC118470810",-0.000783224944245857,0.548280973575229,0.997363418139039
"4856",25,"LOC111589185",0.000894161777116992,0.843034267570914,0.997363418139039
"4857",25,"azi2",0.000640971540487994,0.612473632912412,0.997363418139039
"4858",25,"cmc1",-0.00311315810934737,0.0835091492388939,0.877876627611259
"4859",25,"LOC111589035",-0.00460880899895903,0.113979808838782,0.921820201924075
"4860",25,"LOC111562513",-0.00412332063918221,0.505162626096765,0.997363418139039
"4861",25,"LOC111589160",-0.00168791795273089,0.617554715068833,0.997363418139039
"4862",25,"LOC111589125",0.00354540923561907,0.105870596056354,0.912203428875534
"4863",25,"LOC111589114",0.000946230377544146,0.77532197720766,0.997363418139039
"4864",25,"washc5",-0.0024889146076873,0.0118820882879489,0.811535974992135
"4865",25,"nsmce2",-0.00227054332371857,0.225034481891422,0.990065078286043
"4866",25,"prelid3a",0.000870550324458505,0.177810765592549,0.990065078286043
"4867",25,"elovl4a",-0.00554019736753027,0.0812098749293848,0.876927364271359
"4868",25,"LOC111589139",0.00287884579631616,0.355816351678353,0.990065078286043
"4869",25,"LOC111562470",-0.00141030860689135,0.205608599312243,0.990065078286043
"4870",25,"mdh2",-0.00201443584918568,0.33796510516674,0.990065078286043
"4871",25,"hint3",-0.00173260212064312,0.0936217751383747,0.892013765543595
"4872",25,"ctnnb1",-0.00364316333207391,0.0315776528188453,0.814336317015072
"4873",25,"ulk4",-0.00231045073661872,0.0110439193662748,0.811535974992135
"4874",25,"trak1a",-0.000550507839298586,0.875147480720138,0.997890690913835
"4875",25,"LOC111562384",-0.00302931586338878,0.216062333343315,0.990065078286043
"4876",25,"mroh1",0.000562870851086501,0.784996142044952,0.997363418139039
"4877",25,"tmem147",0.0023763474575245,0.0427530174681025,0.825068516318458
"4878",25,"LOC118469392",0.00013960780583372,0.952506668391296,0.998607408853002
"4879",25,"gapdhs",-0.00361600371194867,0.655864400935488,0.997363418139039
"4880",25,"LOC111572967",-0.000462762507850987,0.826371245616644,0.997363418139039
"4881",25,"fxyd3",-0.00129728154929821,0.26298956127833,0.990065078286043
"4882",25,"sdha",0.000156991985125053,0.959619532489353,0.998607408853002
"4883",25,"ccdc127a",0.00133505486416506,0.0609824609337432,0.869097537705332
"4884",25,"psma2a",0.00232154874718068,0.0326635780067712,0.821359352393538
"4885",25,"zgc:101716",-0.000326152411774261,0.677619125690744,0.997363418139039
"4886",25,"tbc1d31",-0.00206274565436374,0.395427032831155,0.996463890020745
"4887",25,"derl1",0.00213836146138717,0.249590817187834,0.990065078286043
"4888",25,"zhx2a",-0.000965404221330864,0.638696639136202,0.997363418139039
"4889",25,"znf407",0.00398129364023184,0.300185515683834,0.990065078286043
"4890",25,"LOC111576213",0.000235646457897192,0.821023530557374,0.997363418139039
"4891",25,"LOC111576212",-0.00634768315243182,0.183328989587829,0.990065078286043
"4892",25,"znf516",-0.00173463690541732,0.176170741121085,0.990065078286043
"4893",25,"LOC111575590",0.000349905984914319,0.881433452546429,0.998213961771008
"4894",25,"LOC111580029",-0.00167266266854097,0.617903901624138,0.997363418139039
"4895",25,"LOC111580028",-0.00527486017476772,0.0625311003639719,0.869097537705332
"4896",25,"galr1a",0.00341517392502568,0.563081158533692,0.997363418139039
"4897",25,"LOC111564871",-0.000444579342746337,0.658875589879264,0.997363418139039
"4898",25,"LOC111564770",-0.000252788717455692,0.854798613660852,0.997363418139039
"4899",25,"macf1b",0.00171526677857642,0.569730670416693,0.997363418139039
"4900",25,"plecb",-0.00466616719952569,0.225845617716302,0.990065078286043
"4901",25,"eif3ea",0.0035593888741979,0.00433464564511631,0.811535974992135
"4902",25,"emc2",-0.000739948920188509,0.70426081976885,0.997363418139039
"4903",25,"LOC129349576",0.000448563109248066,0.61631747029154,0.997363418139039
"4904",25,"ebag9",0.0021795546237418,0.295150446781841,0.990065078286043
"4905",25,"sybu",0.00119865446017268,0.809313320702188,0.997363418139039
"4906",25,"bckdhb",0.00157178991174008,0.298866950013247,0.990065078286043
"4907",25,"tent5aa",3.03099081188197e-05,0.967972724384797,0.999223513981536
"4908",25,"ibtk",-0.00288548359437475,0.288576100154107,0.990065078286043
"4909",25,"ube3d",0.000167370828128228,0.877454391064639,0.997890690913835
"4910",25,"dop1a",0.000742159974037368,0.664194970354435,0.997363418139039
"4911",25,"snap91a",0.00589082997352435,0.478412381641271,0.997363418139039
"4912",25,"usp45",-0.00408406511608338,0.0577412034124054,0.864909271456043
"4913",25,"pnisr",0.00214636714030461,0.406550147536263,0.996463890020745
"4914",25,"coq3",0.000609267405407021,0.639650545388327,0.997363418139039
"4915",25,"faxcb",0.000581075165251386,0.857490603097224,0.997363418139039
"4916",25,"fbxl4",-3.65937612703695e-06,0.997297035259077,0.999223513981536
"4917",25,"pou3f2b",0.000329008866728402,0.67207764640267,0.997363418139039
"4918",25,"LOC111564532",0.00439085090399859,0.0145490326763758,0.811535974992135
"4919",25,"klhl32",-0.0021931452442039,0.209651148880304,0.990065078286043
"4920",25,"LOC111564852",0.000935628377962635,0.401314621152859,0.996463890020745
"4921",25,"dcaf13",0.000580829703672335,0.435336314803175,0.996463890020745
"4922",25,"rims2a",-0.00497776612602947,0.298703538184062,0.990065078286043
"4923",25,"LOC129349594",0.000116024048084794,0.91943427168045,0.998213961771008
"4924",25,"zfpm2a",-0.00165447615825286,0.355408644830888,0.990065078286043
"4925",25,"si:dkey-122a22.2",-0.000907948049816176,0.398433055049733,0.996463890020745
"4926",25,"oxr1a",0.00613472883489528,0.175546864639575,0.990065078286043
"4927",25,"LOC111580101",0.00443526649754652,0.366471166945512,0.990065078286043
"4928",25,"LOC118470846",0.000729366203184106,0.281676169534898,0.990065078286043
"4929",25,"abhd5a",4.63426840516475e-05,0.943098197647466,0.998607408853002
"4930",25,"ano10a",0.000509702050872306,0.664873730756612,0.997363418139039
"4931",25,"snrka",0.000238724153211457,0.952377870436137,0.998607408853002
"4932",25,"pomgnt2",-0.00554704827652614,0.181808028763527,0.990065078286043
"4933",25,"gask1a",-0.000203186580479396,0.756821393468291,0.997363418139039
"4934",25,"LOC111573751",-0.000171277862018555,0.926282323662248,0.998213961771008
"4935",25,"kiaa1143",-0.000509375777000023,0.849058350237576,0.997363418139039
"4936",25,"zdhhc3a",-0.00249392218649935,0.548300202949306,0.997363418139039
"4937",25,"LOC111588859",0.00821307220514773,0.119885471094344,0.927131716509101
"4938",25,"fam210ab",0.000580893437364499,0.700189001871609,0.997363418139039
"4939",25,"ldlrad4b",0.00818388693411543,0.187107243883735,0.990065078286043
"4940",25,"id4",-0.000254396873399386,0.880196403384783,0.998213961771008
"4941",25,"ncalda",-0.00132188114733199,0.36368995519445,0.990065078286043
"4942",25,"LOC111569380",-0.00166291989231382,0.664819156102739,0.997363418139039
"4943",25,"pabpc1a",-0.00560911556940157,0.182585112131208,0.990065078286043
"4944",25,"LOC111569392",0.000375638935544828,0.863301810829022,0.997363418139039
"4945",25,"LOC111569393",0.00501160528301238,0.464624320639539,0.997363418139039
"4946",25,"LOC111569410",0.000998969046208287,0.686921545602496,0.997363418139039
"4947",25,"pop1",0.00140290020659809,0.316103360972351,0.990065078286043
"4948",25,"LOC111569402",0.000834449559403732,0.192398282476422,0.990065078286043
"4949",25,"LOC111569413",0.000450211019519422,0.543363761155214,0.997363418139039
"4950",25,"LOC111569414",-0.00275681037864888,0.2196224092664,0.990065078286043
"4951",25,"LOC111569389",0.0016920348412909,0.511302862113868,0.997363418139039
"4952",25,"ubr5",-0.00106085345953635,0.757462545037165,0.997363418139039
"4953",25,"LOC111569405",0.00178243874532062,0.449060841434757,0.996463890020745
"4954",25,"atp6v1c1a",0.00189497335945502,0.395531184682641,0.996463890020745
"4955",25,"spire1b",0.000310358999132603,0.937808797163077,0.998607408853002
"4956",25,"LOC118471112",-0.000218524530921783,0.776780669404694,0.997363418139039
"4957",25,"LOC111576353",0.00553549740362413,0.0552610487896099,0.856360596151954
"4958",25,"ascc3",-0.000811776411627565,0.86054844635852,0.997363418139039
"4959",25,"grik2",0.00169258173205808,0.74806104550868,0.997363418139039
"4960",25,"LOC111571537",0.00136534316738212,0.48069152656415,0.997363418139039
"4961",25,"hace1",-0.00663983731425501,0.167257191681402,0.984129860617473
"4962",25,"bves",0.000622309222921585,0.483662649592602,0.997363418139039
"4963",25,"popdc3",-0.000489112247822318,0.701389159875816,0.997363418139039
"4964",25,"preb",0.00217405364368701,0.21901821948404,0.990065078286043
"4965",25,"adcy3a",0.00372096630941856,0.181641801668811,0.990065078286043
"4966",25,"wdr26a",0.00180880632388111,0.554245978978662,0.997363418139039
"4967",25,"cnih4",0.00154019431900987,0.537665796465918,0.997363418139039
"4968",25,"kpna5",0.000922826431156752,0.635385868540408,0.997363418139039
"4969",25,"rwdd1",-0.0050450864452425,0.0363380123909345,0.821523944916278
"4970",25,"cnot10",-0.000809249116510166,0.843475594528754,0.997363418139039
"4971",25,"tcaim",-0.00231715457429677,0.358445524046558,0.990065078286043
"4972",25,"adgrb1a",0.00414665958581957,0.339336214894481,0.990065078286043
"4973",25,"tsnare1",0.000154345516274487,0.981503841538605,0.999223513981536
"4974",25,"LOC111569475",0.000552468432907109,0.789366629975616,0.997363418139039
"4975",25,"cdk14",-0.000971321404157095,0.769321940355814,0.997363418139039
"4976",25,"LOC129349591",-0.000570376479852245,0.530249697504372,0.997363418139039
"4977",25,"znrf2b",-0.000222046912537369,0.954327506777512,0.998607408853002
"4978",25,"nod1",0.000848037951121515,0.375589884629268,0.991163825330808
"4979",25,"ddx51",-0.000435641493550879,0.559966489116817,0.997363418139039
"4980",25,"taf2",-0.000978131969371674,0.551788490080821,0.997363418139039
"4981",25,"LOC111562763",0.00224025550980664,0.157392709445499,0.97601767855096
"4982",25,"LOC129349947",0.000213435443340982,0.903997141432682,0.998213961771008
"4983",25,"LOC111584532",0.00202639307760402,0.3488452408505,0.990065078286043
"4984",25,"LOC129349782",-0.000390277530607183,0.571486033115486,0.997363418139039
"4985",25,"asph",-0.00948971735485233,0.170063577493349,0.988965779462552
"4986",25,"LOC111580827",-0.0042659129791933,0.119777001925791,0.927131716509101
"4987",25,"dnai4",0.000695496740155446,0.563968275673339,0.997363418139039
"4988",25,"fam151a",-0.00106648764490742,0.671441271239505,0.997363418139039
"4989",25,"LOC111578495",-0.00744144454033862,0.205414009833638,0.990065078286043
"4990",25,"tyw3",0.00309872306875732,0.13457888134292,0.951889571152286
"4991",25,"LOC111578494",-0.00273261045420195,0.426460610116477,0.996463890020745
"4992",25,"palmda",-0.00222823199325605,0.234530182409882,0.990065078286043
"4993",25,"LOC111578481",-0.00167555283910221,0.477645700742012,0.997363418139039
"4994",25,"agla",0.00557969097608358,0.118139979013994,0.927025251088176
"4995",25,"cdh6",0.00230067888785713,0.2526537650857,0.990065078286043
"4996",25,"rnf2",0.00302685833322015,0.433741862605517,0.996463890020745
"4997",25,"LOC111584931",-0.0015418869233405,0.205341048183725,0.990065078286043
"4998",25,"LOC111582448",-0.00077280932686556,0.801261050291951,0.997363418139039
"4999",25,"rab31",0.00143894588862885,0.422548263251226,0.996463890020745
"5000",25,"ralbp1",0.00115784347700417,0.524589423042077,0.997363418139039
"5001",25,"ankrd12",-0.00371208270293496,0.333774312399561,0.990065078286043
"5002",25,"ndufv2",-0.00121437820590145,0.512117009506502,0.997363418139039
"5003",25,"LOC118470523",0.0020083080497799,0.173549245930375,0.990065078286043
"5004",25,"LOC111570822",0.000175515313530988,0.719347914143603,0.997363418139039
"5005",25,"LOC111570825",-0.00189260207285482,0.468352218055645,0.997363418139039
"5006",25,"LOC118470522",-0.00124701369991406,0.0554338455665812,0.856360596151954
"5007",25,"napgb",-0.0116560695871658,0.0213826960180742,0.811535974992135
"5008",25,"LOC111570823",-0.000176900868025192,0.859693073602544,0.997363418139039
"5009",25,"LOC111570589",-0.00135175678613769,0.368565359887442,0.990313911305458
"5010",25,"mppe1",-0.00144226576894411,0.483411545228172,0.997363418139039
"5011",25,"LOC111586146",-0.00119948882377176,0.873810099903729,0.997613948681191
"5012",25,"LOC111569090",0.00303121672878195,0.115523639482678,0.924580721418995
"5013",25,"pak1ip1",0.00136047914035446,0.0185003043193168,0.811535974992135
"5014",25,"cc2d1b",-0.00128442614871705,0.54384774006912,0.997363418139039
"5015",25,"LOC129349822",-0.00192332762289227,0.201311176917275,0.990065078286043
"5016",25,"zfyve9a",0.000303991598650037,0.936134695099673,0.998607408853002
"5017",25,"LOC111585886",0.000696672411163985,0.636511106418088,0.997363418139039
"5018",25,"txndc12",0.000293611771427683,0.87448050542837,0.997800344730515
"5019",25,"gipc2",-0.000958968602174663,0.335283383921584,0.990065078286043
"5020",25,"slc25a24l",0.000389003702825375,0.822809236369158,0.997363418139039
"5021",25,"dnajb4",-0.00151175591437212,0.515754148961619,0.997363418139039
"5022",25,"fubp1",-0.00918005042671343,0.0649476154299049,0.869097537705332
"5023",25,"LOC129349860",-9.20025605478757e-05,0.903582803648762,0.998213961771008
"5024",25,"LOC111585261",0.00103878773032144,0.453432252668433,0.997363418139039
"5025",25,"usp33",-0.00168975592569903,0.551952761482951,0.997363418139039
"5026",25,"zzz3",-0.00310207857606068,0.193940042378146,0.990065078286043
"5027",25,"ak5",0.000878286464615797,0.872177024910771,0.997363418139039
"5028",25,"pigk",-0.00400431994009568,0.241806609773803,0.990065078286043
"5029",25,"st6galnac5a",-0.00325661936645194,0.431876623985566,0.996463890020745
"5030",25,"st6galnac3",-0.00222322677881123,0.43243936858887,0.996463890020745
"5031",25,"rabggtb",-0.00212344350618132,0.209597985230289,0.990065078286043
"5032",25,"acadm",0.00221329611425498,0.152295207787808,0.970457061385761
"5033",25,"LOC111563465",-0.0077937521623007,0.137964785750263,0.957578775787136
"5034",25,"hectd3",-0.00172488695258272,0.426622141634487,0.996463890020745
"5035",25,"rab36",0.0022360217959295,0.150279436245254,0.968695493765038
"5036",25,"depdc5",0.00301581180959807,0.0665455576332805,0.869550081520816
"5037",25,"LOC111571187",-0.00103897220705021,0.402402279903862,0.996463890020745
"5038",25,"LOC111584489",-0.000490196917297785,0.877278475311006,0.997890690913835
"5039",25,"mrpl37",0.00115615198841576,0.295256081261377,0.990065078286043
"5040",25,"LOC111584484",0.000412739627493675,0.661113463041945,0.997363418139039
"5041",25,"LOC111568873",0.00139352393284287,0.552985939266374,0.997363418139039
"5042",25,"LOC129349763",0.000279107505666221,0.703622341408188,0.997363418139039
"5043",25,"LOC111569110",-0.000460909940100836,0.867900854520196,0.997363418139039
"5044",25,"odr4",-0.000840266189909892,0.708248903752821,0.997363418139039
"5045",25,"LOC111582264",0.000318013012486758,0.910647588372094,0.998213961771008
"5046",25,"LOC111572811",-0.000818983742275451,0.685004841779137,0.997363418139039
"5047",25,"chd7",-0.00247356764103583,0.0550014094507011,0.856360596151954
"5048",25,"rab2a",0.00175021371263328,0.750813727996942,0.997363418139039
"5049",25,"tox",-0.00337000210090748,0.180726096130234,0.990065078286043
"5050",25,"lrrc53",0.00113021338818604,0.443423346234853,0.996463890020745
"5051",25,"LOC111582944",-0.0025718199383237,0.242317883398461,0.990065078286043
"5052",25,"dars2",0.000375223543745597,0.875817432894108,0.997890690913835
"5053",25,"bpnt2",-0.00135755641124124,0.620465925572901,0.997363418139039
"5054",25,"trnau1apb",0.0019998303781491,0.488560870169375,0.997363418139039
"5055",25,"fitm1l",0.000958401902907975,0.776440909797451,0.997363418139039
"5056",25,"map4l",-0.00220147097675144,0.665949307570855,0.997363418139039
"5057",25,"klhl20",-0.00426093897642924,0.061235822165975,0.869097537705332
"5058",25,"brinp2",0.00480443688478216,0.353987132373753,0.990065078286043
"5059",25,"astn1",0.000675834023866682,0.893592093528031,0.998213961771008
"5060",25,"cop1",-1.69853801003587e-05,0.992593785869414,0.999223513981536
"5061",25,"xrn1",0.00137158292943359,0.267047832162524,0.990065078286043
"5062",25,"atpsckmt",6.41934905497389e-05,0.924163925663762,0.998213961771008
"5063",25,"LOC111562861",0.00188099800515266,0.18774354481652,0.990065078286043
"5064",25,"LOC111580727",0.00468525812330728,0.431508160958977,0.996463890020745
"5065",25,"LOC111580726",-0.00326570251650338,0.225233742645578,0.990065078286043
"5066",25,"urod",-0.00122279837401857,0.360029461655081,0.990065078286043
"5067",25,"zswim5",-0.0020494659048056,0.637572707568249,0.997363418139039
"5068",25,"rnf220a",0.00381900783090598,0.27775708090082,0.990065078286043
"5069",25,"slc6a9",0.00505773455378907,0.193506078629607,0.990065078286043
"5070",25,"rem2",-0.00174750921592343,0.468921169149303,0.997363418139039
"5071",25,"carmil3",-0.00159815999229257,0.373495452855656,0.991116293490912
"5072",25,"LOC111584813",-0.00436439241173243,0.544596825839211,0.997363418139039
"5073",25,"psmb5",-0.000929246627033813,0.696137471983941,0.997363418139039
"5074",25,"ap1g2",-0.000984455374556639,0.607903192845797,0.997363418139039
"5075",25,"nedd8l",-0.00276013312688755,0.255813043611903,0.990065078286043
"5076",25,"homeza",-0.000228495427900985,0.807892221498093,0.997363418139039
"5077",25,"c10h14orf119",-0.000665439301952068,0.397777900636627,0.996463890020745
"5078",25,"acin1a",-0.00254368433287761,0.504945720669719,0.997363418139039
"5079",25,"trim110",0.00272768315329884,0.567760861485054,0.997363418139039
"5080",25,"chd8",8.69517346123729e-06,0.994542744422685,0.999223513981536
"5081",25,"tox4a",0.00140870073120866,0.289977676331004,0.990065078286043
"5082",25,"LOC129349894",-0.00142450987872234,0.323582562999041,0.990065078286043
"5083",25,"si:rp71-1g18.1",-0.00100579400469327,0.261992201307803,0.990065078286043
"5084",25,"LOC111577986",0.0025271215978561,0.0112885352936033,0.811535974992135
"5085",25,"eif2b5",0.00118620514494299,0.448728013682105,0.996463890020745
"5086",25,"LOC111577981",-0.000466813713110726,0.735871630936488,0.997363418139039
"5087",25,"LOC111577995",-0.000284211050827693,0.891231820714861,0.998213961771008
"5088",25,"LOC129349895",0.000172602042025863,0.861719710335189,0.997363418139039
"5089",25,"gorasp1a",-0.00073160098980786,0.422880906982357,0.996463890020745
"5090",25,"LOC129349778",-2.51790720534484e-06,0.99857973909688,0.999223513981536
"5091",25,"zgc:162816",0.00112042699060921,0.443599360211596,0.996463890020745
"5092",25,"cfap410",-0.000724756297979678,0.354518276799646,0.990065078286043
"5093",25,"rpl37a",-0.00239973156049116,0.58424848107472,0.997363418139039
"5094",25,"pecr",0.00149906011123132,0.43012182768775,0.996463890020745
"5095",25,"sugt1",0.00131117632145965,0.449625182417395,0.996463890020745
"5096",25,"LOC111588084",-0.00111697634369284,0.166701950291172,0.983958261593641
"5097",25,"LOC111588106",-0.000261907801599381,0.627588841460324,0.997363418139039
"5098",25,"LOC111588076",-0.0129445984175521,0.0471085472449633,0.84618751263396
"5099",25,"gorasp2",-0.00167288426044007,0.018997452848252,0.811535974992135
"5100",25,"LOC111588080",-0.00371402132164393,0.0349435464109263,0.821359352393538
"5101",25,"LOC111588075",-0.000952608925367378,0.31022095445247,0.990065078286043
"5102",25,"dis3l2",-0.000511148665182067,0.868047160757301,0.997363418139039
"5103",25,"LOC111588111",1.06962106727694e-05,0.994090738878302,0.999223513981536
"5104",25,"anxa13l",-0.000276092429302488,0.751458753947377,0.997363418139039
"5105",25,"LOC111588110",-0.000692502886735809,0.306736565936653,0.990065078286043
"5106",25,"LOC111588082",-0.00385770591426116,0.355779992190591,0.990065078286043
"5107",25,"LOC111588108",-0.000771399739176759,0.548623541694219,0.997363418139039
"5108",25,"yme1l1b",-0.0008027230453073,0.52871351360001,0.997363418139039
"5109",25,"LOC111588105",-0.000511573973298818,0.771265148784113,0.997363418139039
"5110",25,"LOC111588086",-0.00147047275897068,0.279966063807177,0.990065078286043
"5111",25,"LOC129349747",0.00167379692737968,0.278861721675034,0.990065078286043
"5112",25,"tnk2b",0.00334485533312702,0.609109111989172,0.997363418139039
"5113",25,"tfr1a",-0.001725275373748,0.272982545581311,0.990065078286043
"5114",25,"pgap6",0.000201439391066207,0.908040819372476,0.998213961771008
"5115",25,"LOC111587142",-0.00476281510574674,0.262558213643919,0.990065078286043
"5116",25,"LOC111587094",-0.00173158739258258,0.514761763640017,0.997363418139039
"5117",25,"dnm3b",-0.00697502139716282,0.281886242646154,0.990065078286043
"5118",25,"LOC111587627",0.00067434633643658,0.509620973646085,0.997363418139039
"5119",25,"tada1",0.00259698093656182,0.129310544882272,0.94287275005264
"5120",25,"LOC129347221",-0.000491931036431756,0.661442801229907,0.997363418139039
"5121",25,"mgst3a",0.000957166101278175,0.744524860103242,0.997363418139039
"5122",25,"si:ch73-344o19.1",-0.00334311392403085,0.00769149154412095,0.811535974992135
"5123",25,"LOC111587127",0.000853784516570764,0.162079573936269,0.982716677102031
"5124",25,"fzr1b",0.000946284585214636,0.514173423138013,0.997363418139039
"5125",25,"LOC111587648",0.00173994443812489,0.394089318586397,0.996463890020745
"5126",25,"LOC111587111",0.00585595324105462,0.104007413787889,0.912203428875534
"5127",25,"LOC129349949",-0.000847556686685487,0.363007698434051,0.990065078286043
"5128",25,"scp2a",-0.000125158416824207,0.933776542425052,0.998311327882942
"5129",25,"uck2b",0.00229096819006984,0.170580082535142,0.989728643862784
"5130",25,"gpbp1l1",-0.00205416853164407,0.486202746573561,0.997363418139039
"5131",25,"LOC111587564",-8.37185073803059e-06,0.995546514684769,0.999223513981536
"5132",25,"ipp",0.00100147192723275,0.583962716913942,0.997363418139039
"5133",25,"LOC111587052",-0.00287559697662189,0.460078782179102,0.997363418139039
"5134",25,"sgip1b",-0.00143954075333,0.554305381995543,0.997363418139039
"5135",25,"LOC111587410",-0.000274040009944447,0.883307769972129,0.998213961771008
"5136",25,"serbp1b",-0.00080672518811917,0.840243327965098,0.997363418139039
"5137",25,"LOC111586999",0.000846965635301693,0.319020394938142,0.990065078286043
"5138",25,"LOC111586989",-0.000987013343065988,0.591987874174632,0.997363418139039
"5139",25,"LOC111587499",-7.76322932186216e-06,0.991743770422983,0.999223513981536
"5140",25,"cdc73",0.00122609232837015,0.592517251675965,0.997363418139039
"5141",25,"LOC111587523",0.000704316625052276,0.462044166061584,0.997363418139039
"5142",25,"zbtb41",-0.00655299973739266,0.0833357043387072,0.877876627611259
"5143",25,"LOC111585403",-0.00127672448699851,0.356537080837797,0.990065078286043
"5144",25,"LOC111585406",0.00461455413312543,0.14697550086923,0.965295556857902
"5145",25,"LOC111585400",0.000587610654743373,0.766769397580135,0.997363418139039
"5146",25,"LOC111585401",0.00111625704220381,0.299770857118849,0.990065078286043
"5147",25,"LOC111585399",9.21636242103278e-05,0.912817246545528,0.998213961771008
"5148",25,"ephb3a",-0.00187018809629833,0.77113894866775,0.997363418139039
"5149",25,"LOC111581473",0.000241623123907958,0.893017998483923,0.998213961771008
"5150",25,"tbl1xr1b",5.108298101495e-05,0.981869717316046,0.999223513981536
"5151",25,"eif4a2",0.00311508740908223,0.517541510076867,0.997363418139039
"5152",25,"dcun1d1",-0.000203043132952689,0.81005664128119,0.997363418139039
"5153",25,"LOC111581466",0.000748329260086572,0.243257732799797,0.990065078286043
"5154",25,"asip2b",-0.00161338054597481,0.0125047001680665,0.811535974992135
"5155",25,"zgc:153115",-0.00316045339803687,0.150494496871248,0.968695493765038
"5156",25,"zgc:55943",-0.00404577320958815,0.0362683538365247,0.821523944916278
"5157",25,"sec22ba",3.98982324499399e-05,0.950080744477503,0.998607408853002
"5158",25,"cmpk",-0.000485453677142864,0.86142673336948,0.997363418139039
"5159",25,"LOC111585505",-0.00187924438585183,0.118255301417134,0.927025251088176
"5160",25,"gk5",-0.000515575782111365,0.669535998535162,0.997363418139039
"5161",25,"atp1b3a",-0.00595654966443458,0.0102089558390675,0.811535974992135
"5162",25,"fbxo36b",-0.000324688238219116,0.654971543360182,0.997363418139039
"5163",25,"agfg1b",-0.00124303781638927,0.368334487915444,0.990313911305458
"5164",25,"zgc:110269",-0.0010479712908124,0.313143757016961,0.990065078286043
"5165",25,"LOC111585503",-0.00109020011993001,0.736920030983762,0.997363418139039
"5166",25,"stk25b",-0.000879686745142157,0.557123735096499,0.997363418139039
"5167",25,"septin2",0.000828177465613589,0.679015076190856,0.997363418139039
"5168",25,"selenof",0.000867847704013066,0.520205914845032,0.997363418139039
"5169",25,"hs2st1a",0.00131494394689242,0.526495271822728,0.997363418139039
"5170",25,"gtf2b",0.000980093790804453,0.19553405122492,0.990065078286043
"5171",25,"lrrc8da",-0.000917921887577799,0.592206355250781,0.997363418139039
"5172",25,"znf644a",-0.000273998170363251,0.852419894356886,0.997363418139039
"5173",25,"rpap2",-0.00215282830962508,0.436824948995068,0.996463890020745
"5174",25,"rpl5a",-0.00178089399153583,0.188420512384968,0.990065078286043
"5175",25,"dipk1aa",-0.000872068714207114,0.520501416449185,0.997363418139039
"5176",25,"scinlb",-0.00055229056824962,0.662960649033055,0.997363418139039
"5177",25,"wls",-0.00110942287952672,0.366032465291751,0.990065078286043
"5178",25,"gng12a",-0.00130764862435701,0.309687934185393,0.990065078286043
"5179",25,"st3gal3b",0.00213345921062496,0.378686485415002,0.99146608947112
"5180",25,"kdm4ab",-0.00196451921278459,0.182634665038995,0.990065078286043
"5181",25,"abhd8a",-0.00071461748692986,0.765081486541714,0.997363418139039
"5182",25,"mrpl34",-0.00080460787878659,0.431558006243295,0.996463890020745
"5183",25,"LOC111567015",-0.000616252268044613,0.448318584133325,0.996463890020745
"5184",25,"ano8a",-0.000416503129947275,0.913799286423825,0.998213961771008
"5185",25,"nr2f6a",-0.00190591142055608,0.0711784139081595,0.869550081520816
"5186",25,"kcnn1a",-0.00334332207893319,0.209557680365176,0.990065078286043
"5187",25,"rps28",-0.0028522097717394,0.22965983115225,0.990065078286043
"5188",25,"LOC111566852",0.00170665570181836,0.376044591021159,0.991163825330808
"5189",25,"rps15",0.00237537836273587,0.410578015185841,0.996463890020745
"5190",25,"crtc1a",-0.00163287044633551,0.234048705332999,0.990065078286043
"5191",25,"mast3a",0.00217938830840863,0.485606055153277,0.997363418139039
"5192",25,"pik3r2",-0.00335574246171453,0.670318188636654,0.997363418139039
"5193",25,"pde4ca",0.00027178848424011,0.678784947981072,0.997363418139039
"5194",25,"LOC111566870",0.00217685789938498,0.65643391901221,0.997363418139039
"5195",25,"LOC111566868",-0.00281788314219523,0.0358112123836247,0.821359352393538
"5196",25,"pgpep1",0.00125387303857116,0.0404743774148759,0.821523944916278
"5197",25,"LOC111566864",-0.000277980733422398,0.870016030089983,0.997363418139039
"5198",25,"LOC111566865",-0.000940861705823816,0.697292000906522,0.997363418139039
"5199",25,"LOC111566871",-0.00283198064513747,0.167498129649258,0.984129860617473
"5200",25,"marchf2",-0.0011290300561596,0.420223254658191,0.996463890020745
"5201",25,"slc25a36a",-0.00413280831366452,0.310711055135081,0.990065078286043
"5202",25,"LOC111567455",0.00158248600400106,0.709484868342118,0.997363418139039
"5203",25,"clstn2a",-0.000451277805362288,0.832374423373199,0.997363418139039
"5204",25,"nmnat3",-0.00106039381221454,0.584904172272281,0.997363418139039
"5205",25,"copb2",0.0011631207430051,0.60302949040951,0.997363418139039
"5206",25,"LOC111576801",-0.00163099286774634,0.230812670911798,0.990065078286043
"5207",25,"LOC111576799",0.00016681326921257,0.969121070939354,0.999223513981536
"5208",25,"pcyt1aa",0.000527276886961676,0.343617479854983,0.990065078286043
"5209",25,"LOC111576809",-0.00141586170454736,0.476222342719999,0.997363418139039
"5210",25,"LOC111576808",-0.00795041238283121,0.0117885833970144,0.811535974992135
"5211",25,"metap1d",-0.00131355856866172,0.155887467076084,0.971621725888687
"5212",25,"LOC111576806",-0.00217407799628158,0.502765780447741,0.997363418139039
"5213",25,"epha4b",-0.00704956680132022,0.027475659647331,0.811535974992135
"5214",25,"LOC118469976",0.00154077243936427,0.321400895997112,0.990065078286043
"5215",25,"LOC111565508",0.000354786954830163,0.735010848895143,0.997363418139039
"5216",25,"LOC111565489",0.00326469001170936,0.309307240609591,0.990065078286043
"5217",25,"LOC111571007",-0.000326435821144121,0.884909854457359,0.998213961771008
"5218",25,"LOC111571008",0.00411980008690837,0.409296655529285,0.996463890020745
"5219",25,"LOC129349793",-0.000195582247922735,0.849433333108844,0.997363418139039
"5220",25,"LOC111571407",0.00183475345532312,0.468727593747702,0.997363418139039
"5221",25,"LOC111580339",-0.00322174201515411,0.257080411823551,0.990065078286043
"5222",25,"LOC111580350",-0.00224422568911328,0.393245146045116,0.996463890020745
"5223",25,"stap2a",-0.000834533645924874,0.708561120139288,0.997363418139039
"5224",25,"cactin",-0.00195280023807129,0.226069620471454,0.990065078286043
"5225",25,"cdc34b",-0.000484024870210804,0.515624122094346,0.997363418139039
"5226",25,"sirt6",-0.00216950194776931,0.641111709689205,0.997363418139039
"5227",25,"LOC111572304",0.00355386848448932,0.504356002557867,0.997363418139039
"5228",25,"LOC111572306",0.000130110742046271,0.968093481740843,0.999223513981536
"5229",25,"LOC111572325",-0.00153157374560563,0.526041226122092,0.997363418139039
"5230",25,"mbd3a",0.00171882047232768,0.180325200006366,0.990065078286043
"5231",25,"LOC111572326",0.000176417216888064,0.934640964690427,0.998473093462431
"5232",25,"tcf3a",-0.00381449944778002,0.196576648457453,0.990065078286043
"5233",25,"LOC129349935",-0.00176930354698259,0.237595863182928,0.990065078286043
"5234",25,"LOC111572309",-0.00962533949028975,0.368982811720244,0.990313911305458
"5235",25,"sf3a2",-0.00167869010951602,0.18428113770538,0.990065078286043
"5236",25,"fzr1a",-0.00225274405086004,0.321822455776068,0.990065078286043
"5237",25,"LOC129349764",0.00308705926898929,0.28984426177673,0.990065078286043
"5238",25,"LOC111572317",-0.00184152932778594,0.266342905641256,0.990065078286043
"5239",25,"LOC111572323",-3.62280168887908e-05,0.979177768361531,0.999223513981536
"5240",25,"stk11",0.000468173507081023,0.731910446969615,0.997363418139039
"5241",25,"LOC111572303",-0.00422769997266275,0.173792159589667,0.990065078286043
"5242",25,"cirbpa",0.00410694402211598,0.0233323550260543,0.811535974992135
"5243",25,"ndufa13",0.00441461375316903,0.0388430333401144,0.821523944916278
"5244",25,"LOC111572313",0.000382509630280781,0.707827390800112,0.997363418139039
"5245",25,"mau2",-0.00245988554853373,0.0370802037556099,0.821523944916278
"5246",25,"LOC118470702",-0.00157641232057448,0.327418885302381,0.990065078286043
"5247",25,"LOC111572336",-0.000913924128625431,0.579948456064654,0.997363418139039
"5248",25,"LOC111572332",0.00481965274976999,0.536644378994095,0.997363418139039
"5249",25,"LOC111567653",0.000594343049678587,0.796380000504342,0.997363418139039
"5250",25,"prkab2",-0.000850960959365416,0.468024210015226,0.997363418139039
"5251",25,"LOC111567646",0.00266185772748027,0.293099181163685,0.990065078286043
"5252",25,"prpf38b",-0.000230906613983592,0.904184775235487,0.998213961771008
"5253",25,"wdr47a",0.000664795341330461,0.859756308150611,0.997363418139039
"5254",25,"camsap2b",-0.00201302197619722,0.478331090108074,0.997363418139039
"5255",25,"LOC118470193",0.00202434606551702,0.362013713615485,0.990065078286043
"5256",25,"capn10",0.000733079467008294,0.654049465271518,0.997363418139039
"5257",25,"eif4e2",-0.00114489254065028,0.692948059316291,0.997363418139039
"5258",25,"camk2n1a",-0.00231492170852295,0.633765527248218,0.997363418139039
"5259",25,"map6d1",-8.06372209068119e-05,0.954669489496033,0.998607408853002
"5260",25,"yeats2",-0.00314468254741255,0.257508791127548,0.990065078286043
"5261",25,"mterf4",0.00225465764592315,0.0437846808898935,0.829916232156747
"5262",25,"kcnab1b",0.0017303613633378,0.563546796897029,0.997363418139039
"5263",25,"mbnl1",-0.00648294190424703,0.0209434302655587,0.811535974992135
"5264",25,"LOC111577295",0.000597759782256487,0.756427346032937,0.997363418139039
"5265",25,"LOC111577301",0.001450261487581,0.353981512342208,0.990065078286043
"5266",25,"LOC111577296",-0.0106927222939665,0.122746090721843,0.930634167332138
"5267",25,"acsl3b",0.000247498765345595,0.924883859270833,0.998213961771008
"5268",25,"LOC111577313",-0.000616942132499697,0.810445234289773,0.997363418139039
"5269",25,"gpc1b",0.011120733541683,0.157026376579394,0.975116452140843
"5270",25,"gpc5c",0.000694126466884825,0.785960691373285,0.997363418139039
"5271",25,"nyap2b",-0.00267312125710604,0.260328206147333,0.990065078286043
"5272",25,"LOC129349812",0.00136257988857228,0.386061037606218,0.99604104921104
"5273",25,"fgf12a",0.001710034755782,0.796433691244996,0.997363418139039
"5274",25,"parla",-0.000482221174052819,0.635276091148803,0.997363418139039
"5275",25,"rc3h1b",0.00325103398591304,0.235690341374471,0.990065078286043
"5276",25,"tal1",-0.00198216260741801,0.50575753944181,0.997363418139039
"5277",25,"ppm1la",-0.0032334043190776,0.39051031330979,0.996463890020745
"5278",25,"zmp:0000001127",-0.000855875680864613,0.365712178345012,0.990065078286043
"5279",25,"zgc:153615",-0.00339357447628053,0.196847878699573,0.990065078286043
"5280",25,"selenot1a",-0.00386266797232416,0.34259201520879,0.990065078286043
"5281",25,"ptch2",-0.00228051754291828,0.013767737898264,0.811535974992135
"5282",25,"eif2b3",-0.00030165935780328,0.798892615970402,0.997363418139039
"5283",25,"plk3",0.00110733935558031,0.611710532059204,0.997363418139039
"5284",25,"cacybp",0.00021900370303868,0.94461130826143,0.998607408853002
"5285",25,"mrps14",0.00104926325226925,0.33367558378229,0.990065078286043
"5286",25,"tnr",-0.0045510637724587,0.138650653223992,0.957578775787136
"5287",25,"LOC118471319",0.000633080807693651,0.407931367826084,0.996463890020745
"5288",25,"LOC111578814",0.000202340950679562,0.838254433355927,0.997363418139039
"5289",25,"rab6bb",-0.000549539852257675,0.894821064776462,0.998213961771008
"5290",25,"kif1ab",-0.00571743123661225,0.492880524398254,0.997363418139039
"5291",25,"LOC111578816",-0.00057717745496072,0.169372048300649,0.988760019020403
"5292",25,"ppp1r7",0.000831982607105485,0.723887278873093,0.997363418139039
"5293",25,"ubxn7",-0.000486371783303993,0.565671308277529,0.997363418139039
"5294",25,"eif4g1a",-0.0012594399535055,0.199217534556269,0.990065078286043
"5295",25,"fam131aa",-0.00429419702437628,0.088589976560686,0.8848525864663
"5296",25,"clcn2a",0.00271910517608473,0.304104403974695,0.990065078286043
"5297",25,"per2",-0.00138185285337352,0.353639386060027,0.990065078286043
"5298",25,"itm2cb",-0.00128638505344765,0.658259095664228,0.997363418139039
"5299",25,"gigyf2",0.00150535265914053,0.290248714465973,0.990065078286043
"5300",25,"tmem275a",-0.00168270514423787,0.425682798808576,0.996463890020745
"5301",25,"LOC111570141",-0.00367260159812579,0.165934998328178,0.983634964087825
"5302",25,"pbx1a",1.96785811949312e-05,0.991628448626588,0.999223513981536
"5303",25,"arhgap21b",-0.00123547864506539,0.55005349184294,0.997363418139039
"5304",25,"LOC111570143",-0.00106400335077073,0.648660011663772,0.997363418139039
"5305",25,"kmt2cb",-0.00861325568156311,0.272891625175761,0.990065078286043
"5306",25,"LOC129349800",-0.00195602247508428,0.0546344534899904,0.856360596151954
"5307",25,"LOC111579931",-0.0021879283543187,0.223767680893779,0.990065078286043
"5308",25,"kdsr",-0.000820104948559981,0.774866715520708,0.997363418139039
"5309",25,"vps4b",0.000518090988425856,0.479179288418669,0.997363418139039
"5310",25,"LOC111579929",-5.51787676294199e-05,0.946792178848971,0.998607408853002
"5311",25,"LOC111579928",-0.00163396197404454,0.0197994883645336,0.811535974992135
"5312",25,"LOC111579927",0.00787147953692817,0.0974749655263302,0.905020048534428
"5313",25,"ss18",-0.00337742658225625,0.126628597270106,0.933698057947281
"5314",25,"psma8",-0.00154307926331785,0.189413287296764,0.990065078286043
"5315",25,"kctd1",0.0027093052378153,0.206249740921693,0.990065078286043
"5316",25,"cdh2",-0.000194587646177604,0.962909343895799,0.998789723674583
"5317",25,"LOC111568711",0.000232513312454116,0.851520479630542,0.997363418139039
"5318",25,"LOC111568697",-0.00121719559032851,0.812911173287256,0.997363418139039
"5319",25,"LOC111568703",0.00149427091044688,0.167664296909279,0.984225273502754
"5320",25,"LOC111568692",-0.0020459153963802,0.717694650601399,0.997363418139039
"5321",25,"phlpp1",0.00140228965632974,0.636767004918827,0.997363418139039
"5322",25,"LOC111567473",-0.00132068705002241,0.267252451677289,0.990065078286043
"5323",25,"LOC111568702",0.00207700249191423,0.221588692181041,0.990065078286043
"5324",25,"gpaa1",-0.000624870484422925,0.289893636140657,0.990065078286043
"5325",25,"prkacbb",-0.00155729610012719,0.353619185998718,0.990065078286043
"5326",25,"LOC111579000",0.0024993436186905,0.691356340360961,0.997363418139039
"5327",25,"LOC118471329",-0.001010286812718,0.243092069240318,0.990065078286043
"5328",25,"efcab14",-0.00135538138329246,0.447006011829251,0.996463890020745
"5329",25,"znf830",-0.000352524501169376,0.688660933360461,0.997363418139039
"5330",25,"LOC111567176",0.000445832235278092,0.860042774718624,0.997363418139039
"5331",25,"LOC111567159",-0.00170279804962566,0.60207126523375,0.997363418139039
"5332",25,"LOC111577409",-0.000666298415824804,0.605788217227208,0.997363418139039
"5333",25,"LOC111577408",-0.00255520339586721,0.344610836982571,0.990065078286043
"5334",25,"klhl14",-0.00185555302832594,0.246039789468913,0.990065078286043
"5335",25,"dtna",-0.00324214732173764,0.208412885850893,0.990065078286043
"5336",25,"mapre2",-0.00491095736608767,0.0231927639461951,0.811535974992135
"5337",25,"spidr",0.00141434821153761,0.107218882045519,0.914863809554871
"5338",25,"ube2v2",-6.22345590883573e-05,0.986427132124696,0.999223513981536
"5339",25,"sntg1",-0.00544095131641207,0.207011410628736,0.990065078286043
"5340",25,"pcmtd1",-0.00491076943934925,0.0562603244945619,0.859189043542436
"5341",25,"st18",-0.000347741973902298,0.70867270734628,0.997363418139039
"5342",25,"rb1cc1",-0.000114498630215955,0.946904425388315,0.998607408853002
"5343",25,"agap3",0.00492886744733154,0.234367273269212,0.990065078286043
"5344",25,"LOC129349945",-0.000351749087278859,0.692547091558212,0.997363418139039
"5345",25,"asic1c",-0.00634042578368269,0.0788641424988766,0.871360915888879
"5346",25,"atg9b",0.000744773842110916,0.812362037729003,0.997363418139039
"5347",25,"obscnb",-0.000789811432221771,0.34507551609065,0.990065078286043
"5348",25,"guk1a",-0.000425161099604757,0.856714755250315,0.997363418139039
"5349",25,"c10h1orf35",0.000249898263488872,0.713207842358542,0.997363418139039
"5350",25,"arf1",0.00117855532435635,0.0296880767658535,0.814336317015072
"5351",25,"snap47",0.00234435695663856,0.314131956944008,0.990065078286043
"5352",25,"jmjd4",0.000976520522919973,0.233156951122526,0.990065078286043
"5353",25,"higd1a",-0.000157100447879582,0.90877182085977,0.998213961771008
"5354",25,"LOC111568625",-0.00010984141925157,0.910088424815247,0.998213961771008
"5355",25,"thoc1",-0.00139577296548813,0.338374032882745,0.990065078286043
"5356",25,"usp14",-0.000220822387400666,0.924770348455938,0.998213961771008
"5357",25,"rock1",-0.00013323793197598,0.9574735132362,0.998607408853002
"5358",25,"greb1l",-0.00247263730011515,0.0248543561658606,0.811535974992135
"5359",25,"abhd3",0.000494809914315968,0.83343513550803,0.997363418139039
"5360",25,"mib1",-0.00333664580203717,0.40425560522049,0.996463890020745
"5361",25,"cables1",0.000137407753765964,0.934255228926276,0.99845942565307
"5362",25,"npc1",0.00207009406240583,0.0235802752092546,0.811535974992135
"5363",25,"egfra",-0.00102435117573666,0.716607745646247,0.997363418139039
"5364",25,"mmp16b",-0.00671664992890056,0.308643547766902,0.990065078286043
"5365",25,"LOC118470825",0.000194026009540695,0.702444230847318,0.997363418139039
"5366",25,"gpt",0.00034432743307921,0.816225479934272,0.997363418139039
"5367",25,"gng5",-0.000101595658710955,0.923780110815082,0.998213961771008
"5368",25,"ssx2ipa",0.000531880244154265,0.712687142380787,0.997363418139039
"5369",25,"LOC111567700",-0.00169495004223889,0.35775968981542,0.990065078286043
"5370",25,"kiss1ra",0.000365604224762211,0.681520382258742,0.997363418139039
"5371",25,"atp6v0b",-0.00143490677954336,0.74400164564004,0.997363418139039
"5372",25,"b4galt2",-0.00270820590220366,0.632157544141877,0.997363418139039
"5373",25,"LOC111579297",0.00270625997762416,0.122666814091542,0.930634167332138
"5374",25,"LOC111579298",-0.0011672970195283,0.733475411791502,0.997363418139039
"5375",25,"LOC129349756",0.00116684176478399,0.0269696848933112,0.811535974992135
"5376",25,"ftr67",0.000807213734817087,0.144659776280317,0.964602715329076
"5377",25,"LOC111570408",0.00124252171624384,0.852891965649183,0.997363418139039
"5378",25,"LOC111570414",0.000186710866258832,0.918340586288664,0.998213961771008
"5379",25,"neurod6b",0.000893713033983829,0.290896160965498,0.990065078286043
"5380",25,"tcea1",0.000949443224067025,0.355795960082629,0.990065078286043
"5381",25,"rgs20",-0.000690920572450853,0.778707722690667,0.997363418139039
"5382",25,"atp6v1h",-0.00296115594275527,0.5179189130544,0.997363418139039
"5383",25,"chmp5a",-0.00293180099367371,0.106848188572319,0.914679380780436
"5384",25,"myl12.2",-0.00151797940746756,0.394304938388209,0.996463890020745
"5385",25,"lpin2",-0.00351936254716972,0.374573597731175,0.991163825330808
"5386",25,"adcyap1b",-0.00770323637802984,0.088589183828028,0.8848525864663
"5387",25,"stam",-0.000201269214740662,0.928573343638865,0.998213961771008
"5388",25,"cacnb2b",9.29260496228045e-05,0.959504154473771,0.998607408853002
"5389",25,"LOC111583291",-0.000358183928330547,0.915888816488637,0.998213961771008
"5390",25,"LOC111562877",-0.0022899037168142,0.686447598768991,0.997363418139039
"5391",25,"fam110b",0.000809446818368737,0.831032787524927,0.997363418139039
"5392",25,"cnpy1",0.0010734473300781,0.566054053281061,0.997363418139039
"5393",25,"paxip1",-0.000109621034168974,0.975964133159926,0.999223513981536
"5394",25,"LOC111566812",0.000825734405736606,0.799974553391303,0.997363418139039
"5395",25,"tmem70",0.000902280337056045,0.628977426707346,0.997363418139039
"5396",25,"vapal",-0.00348028298868159,0.02271683957277,0.811535974992135
"5397",25,"LOC111576972",-0.00173481018514783,0.587743896858633,0.997363418139039
"5398",25,"LOC111576984",0.00222882861282985,0.322078177422536,0.990065078286043
"5399",25,"LOC111576970",-0.000300111938059335,0.851399684169264,0.997363418139039
"5400",25,"LOC111576980",0.00196645344070435,0.343301344842749,0.990065078286043
"5401",25,"LOC111576974",-0.0018958915641431,0.298950699529521,0.990065078286043
"5402",25,"LOC111574173",0.00103892782331592,0.163795229238207,0.982864542353922
"5403",25,"LOC111579721",0.00123291508213892,0.85360797778681,0.997363418139039
"5404",25,"dcaf8",-0.00100850147009201,0.477972646347666,0.997363418139039
"5405",25,"ndc1",-0.000315427535517309,0.691554192093696,0.997363418139039
"5406",25,"yipf1",0.00083665631942935,0.231608846834806,0.990065078286043
"5407",25,"tmem59",0.000518363223137104,0.898795707654904,0.998213961771008
"5408",25,"LOC111573927",-0.00511333152327765,0.118071797238377,0.927025251088176
"5409",25,"ranbp3b",-0.000749666797000946,0.755480526957478,0.997363418139039
"5410",25,"rab8a",0.000313057816113547,0.851080909816147,0.997363418139039
"5411",25,"ap1m1",-0.00128957062558725,0.710364485002406,0.997363418139039
"5412",25,"eps15l1b",-0.00561848372384869,0.0506016344339514,0.84618751263396
"5413",25,"calr3b",-0.0028315639446261,0.192567676078584,0.990065078286043
"5414",25,"atcayb",0.00117784044967201,0.700925490676107,0.997363418139039
"5415",25,"mfsd14a2",-0.0036633745887117,0.135738927241369,0.953695431502586
"5416",25,"insra",-0.00263010360343421,0.393320976065884,0.996463890020745
"5417",25,"sppl2",-0.00186992798101308,0.193455698699268,0.990065078286043
"5418",25,"dapk3",0.00284937295123108,0.0315208999557745,0.814336317015072
"5419",25,"phc3",-0.00121320445460264,0.301463884601462,0.990065078286043
"5420",25,"prkci",-0.00429486776088077,0.00196232462750587,0.811535974992135
"5421",25,"skila",-0.00284508254907241,0.324078056867611,0.990065078286043
"5422",25,"nadkb",-0.00244444817985332,0.24446687111886,0.990065078286043
"5423",25,"sec62",4.67471319942723e-05,0.982303770906979,0.999223513981536
"5424",25,"LOC111565535",-0.00059381487177787,0.54990048533444,0.997363418139039
"5425",25,"LOC111570365",-0.00384298731139733,0.653724223768914,0.997363418139039
"5426",25,"exoc3",-0.00621585205847774,0.0357018567737651,0.821359352393538
"5427",25,"LOC111570371",0.000337530325109782,0.872705247529034,0.997363418139039
"5428",25,"LOC111570370",0.00332643025710056,0.593252167511736,0.997363418139039
"5429",25,"blvra",-0.00107105453403487,0.315792211221406,0.990065078286043
"5430",25,"LOC111570377",-0.00408438940324016,0.0346320804848344,0.821359352393538
"5431",25,"LOC129349832",0.00180077183416625,0.377919010710052,0.99146608947112
"5432",25,"LOC111570366",0.00216734594766377,0.39928786606949,0.996463890020745
"5433",25,"LOC111575768",0.00222604205407807,0.081466614264799,0.876927364271359
"5434",25,"LOC111575778",0.00177187307550864,0.343375656727229,0.990065078286043
"5435",25,"si:ch211-155e24.3",0.000839880904513349,0.748119695772336,0.997363418139039
"5436",25,"LOC111579135",0.00202224867303454,0.0131037038657266,0.811535974992135
"5437",25,"LOC111579138",0.00241549183186101,0.438330119061773,0.996463890020745
"5438",25,"LOC118471342",5.6485502466024e-05,0.949401965421511,0.998607408853002
"5439",25,"ncstn",-0.00273849239012926,0.25822056237843,0.990065078286043
"5440",25,"copa",-0.00227242977331365,0.342937884716513,0.990065078286043
"5441",25,"pex19",0.000849660509067637,0.582419336529842,0.997363418139039
"5442",25,"LOC111585746",-9.29569357944751e-05,0.934348265581488,0.99845942565307
"5443",25,"mettl17",-0.00219294358901872,0.119330336754592,0.927025251088176
"5444",25,"parp2",-0.000272530137107824,0.829732101493862,0.997363418139039
"5445",25,"zgc:66427",0.00155445587884366,0.334096994606033,0.990065078286043
"5446",25,"tep1",0.000799187309013167,0.725036768661673,0.997363418139039
"5447",25,"LOC111585752",0.00146234617541975,0.17687008522948,0.990065078286043
"5448",25,"LOC111573208",-1.31644164867934e-05,0.99575230861962,0.999223513981536
"5449",25,"LOC111573211",0.00430076197296988,0.0797258316358254,0.871360915888879
"5450",25,"LOC111577504",-0.00110446156573674,0.847272620006092,0.997363418139039
"5451",25,"xkr4",-0.00145236682838534,0.812322244498995,0.997363418139039
"5452",25,"tmem68",0.00131871520807828,0.5391134893815,0.997363418139039
"5453",25,"LOC129349788",-0.0022837609381319,0.290662270730394,0.990065078286043
"5454",25,"tgs1",-0.000995556232170784,0.625227962857897,0.997363418139039
"5455",25,"LOC111564905",0.00161816505069703,0.509541525052834,0.997363418139039
"5456",25,"LOC111564906",-0.00161613940545613,0.373299208471157,0.991116293490912
"5457",25,"LOC111564909",-0.00397444754699257,0.0587374113065503,0.869097537705332
"5458",25,"kirrel1b",-0.00219182418170077,0.760647243184502,0.997363418139039
"5459",25,"cadm3",-0.00767001041638157,0.45348652083663,0.997363418139039
"5460",25,"sdhc",-0.000870756733955837,0.629078073865145,0.997363418139039
"5461",25,"atp1a2a",0.000403029021678678,0.739117701055181,0.997363418139039
"5462",25,"mpz",0.00198810648245018,0.113922913559219,0.921820201924075
"5463",25,"lig1",-0.0028345652599682,0.000670125903156561,0.713527408031474
"5464",25,"pip4p1a",-0.000817696070900273,0.684439557336362,0.997363418139039
"5465",25,"eif3f",0.00117528364055026,0.632847396823935,0.997363418139039
"5466",25,"kcnj9",0.00109516519746116,0.755434912645877,0.997363418139039
"5467",25,"LOC111574618",-0.00617808178011128,0.024775317978908,0.811535974992135
"5468",25,"LOC111574619",0.00190144686678648,0.222259645736598,0.990065078286043
"5469",25,"LOC111562882",-0.00145387630801669,0.664921814913156,0.997363418139039
"5470",25,"LOC111562881",0.000288153695950949,0.963266801935371,0.998789723674583
"5471",25,"LOC111562872",-0.000268339429597054,0.876507091076921,0.997890690913835
"5472",25,"pold3",-0.000699713287505871,0.756786103322753,0.997363418139039
"5473",25,"LOC111582846",-0.0049106804402458,0.439755826267735,0.996463890020745
"5474",25,"LOC111580935",-0.00140838579932223,0.400024847156324,0.996463890020745
"5475",25,"LOC111568578",-0.000762427594833368,0.868101420264422,0.997363418139039
"5476",25,"LOC111568572",0.00261478033892299,0.228576433512103,0.990065078286043
"5477",25,"epc1b",0.00597789540113496,0.147930571135723,0.965295556857902
"5478",25,"LOC111567785",0.000684829835701152,0.439558587923272,0.996463890020745
"5479",25,"LOC111562870",-0.00191860020308323,0.605332909920414,0.997363418139039
"5480",25,"pard3ab",0.00202507627251792,0.641983057354095,0.997363418139039
"5481",25,"LOC118470445",-0.000339518164154268,0.589429513133632,0.997363418139039
"5482",25,"LOC111565168",-0.00151409547514545,0.166187863955361,0.983634964087825
"5483",25,"LOC129349838",0.000901184014131519,0.286750345345743,0.990065078286043
"5484",25,"LOC129347296",0.00191217352723464,0.234264656723302,0.990065078286043
"5485",25,"LOC111575884",-0.00131262616611298,0.189802623479945,0.990065078286043
"5486",25,"LOC111575892",-0.00138225425241734,0.530731691214312,0.997363418139039
"5487",25,"LOC111575895",-0.000369050981817146,0.626487654048569,0.997363418139039
"5488",25,"LOC111575891",-0.00197688721304102,0.282800374370148,0.990065078286043
"5489",25,"pitrm1",-0.00180496952377512,0.351774805635259,0.990065078286043
"5490",25,"LOC111563872",-0.00198827272048858,0.654886546216846,0.997363418139039
"5491",25,"LOC129349851",-0.00158279124447919,0.0740704583179376,0.871360915888879
"5492",25,"LOC111563883",-0.00134874618788572,0.672092480764542,0.997363418139039
"5493",25,"LOC111563873",0.00141779864204145,0.490066783164285,0.997363418139039
"5494",25,"LOC111563875",-0.000311193885557904,0.727554746485902,0.997363418139039
"5495",25,"LOC111563876",-0.000557865117823332,0.755393123596414,0.997363418139039
"5496",25,"LOC111586912",-0.000468383578796742,0.748086020158788,0.997363418139039
"5497",25,"LOC129349847",-0.000501311500042954,0.640829131289306,0.997363418139039
"5498",25,"LOC111585920",0.000431623123823204,0.801177211269596,0.997363418139039
"5499",25,"LOC111580486",-0.000435616506660731,0.713995190514461,0.997363418139039
"5500",25,"LOC111580502",0.000653951380018552,0.757847868336155,0.997363418139039
"5501",25,"LOC118471482",0.000960789034192168,0.641411619549995,0.997363418139039
"5502",25,"smg7",0.00312316835506618,0.249929367070382,0.990065078286043
"5503",25,"LOC129349840",0.00128039053164982,0.31953463164041,0.990065078286043
"5504",25,"LOC111580496",-0.000270431708210794,0.735293440069157,0.997363418139039
"5505",25,"LOC111580487",0.000900483714003489,0.543239197670385,0.997363418139039
"5506",25,"nmnat2",-0.00323244383003007,0.614791588153753,0.997363418139039
"5507",25,"lamc2",0.000230589848579488,0.81390005142278,0.997363418139039
"5508",25,"dhx9",-0.0038489562935037,0.105053015316174,0.912203428875534
"5509",25,"lamc1",-0.000910551265457805,0.519872043904768,0.997363418139039
"5510",25,"rasal2",-0.0006039864933054,0.752906654104939,0.997363418139039
"5511",25,"LOC111568381",-0.00802790185524229,0.0180244700503732,0.811535974992135
"5512",25,"LOC111586135",0.00224468035851878,0.139736522505334,0.957578775787136
"5513",25,"ptmab",-0.00956249435981467,0.0869948929820784,0.883942320931013
"5514",25,"LOC111580360",0.00067731141369526,0.773078191087481,0.997363418139039
"5515",25,"LOC111568597",0.000542917227322805,0.767276255340712,0.997363418139039
"5516",25,"vcpip1",-0.000336230446339444,0.844981348383636,0.997363418139039
"5517",25,"LOC111568590",0.000479065587861391,0.84573223927605,0.997363418139039
"5518",25,"LOC111568591",0.00111835274476937,0.301489913882989,0.990065078286043
"5519",25,"LOC118470303",0.000177404036871252,0.865525735674978,0.997363418139039
"5520",25,"LOC111568592",-0.00089444212233251,0.241212025709162,0.990065078286043
"5521",25,"LOC118470304",-0.00139662772898678,0.282039468768785,0.990065078286043
"5522",25,"slc39a6",-0.00346484123833283,0.25582214683235,0.990065078286043
"5523",25,"tmeff1a",0.00613951720449479,0.0772589325490514,0.871360915888879
"5524",25,"ift57",0.000784384702645609,0.497273823173482,0.997363418139039
"5525",25,"tmem71",0.00191690459395103,0.417607175339713,0.996463890020745
"5526",25,"marchf11",-0.00239115912081425,0.358234650154266,0.990065078286043
"5527",25,"basp1",-0.00277838892895087,0.605505256782715,0.997363418139039
"5528",25,"adcy8",-0.00386544636453716,0.397058525427412,0.996463890020745
"5529",25,"efr3a",-0.00809889702090933,0.316956229486483,0.990065078286043
"5530",25,"oc90",0.000379290723233076,0.644499598766916,0.997363418139039
"5531",25,"kcnq3",0.00139060345442413,0.806288441149336,0.997363418139039
"5532",25,"si:dkey-7l6.3",-0.000817568604381023,0.802695256244185,0.997363418139039
"5533",25,"LOC129349942",0.00161890223369424,0.0686641484382866,0.869550081520816
"5534",25,"znf622",-0.00137603670403037,0.110984754863646,0.921820201924075
"5535",25,"LOC111563107",0.0013994312808339,0.603274380876573,0.997363418139039
"5536",25,"LOC111563110",-4.72092241670026e-05,0.984589344454219,0.999223513981536
"5537",25,"stard3nl",-0.00028473056659196,0.896017441198439,0.998213961771008
"5538",25,"epdr1",0.000683298209900892,0.849077382052328,0.997363418139039
"5539",25,"nol7",0.000146705590448415,0.902809805150881,0.998213961771008
"5540",25,"ranbp9",0.00453488583117048,0.0724809216617097,0.869550081520816
"5541",25,"retreg1",-0.00180921746529225,0.253091211056761,0.990065078286043
"5542",25,"gtpbp4",-0.00201533944548027,0.232210140734767,0.990065078286043
"5543",25,"LOC111567786",-0.00177307365132331,0.574089449850802,0.997363418139039
"5544",25,"LOC111564482",0.00102537309476637,0.677997228170953,0.997363418139039
"5545",25,"zmynd11",0.00205822590887056,0.538111643988434,0.997363418139039
"5546",25,"LOC111564489",0.00123498195254347,0.576395323916242,0.997363418139039
"5547",25,"LOC111564483",0.00284396447211295,0.127647969686743,0.938284110929015
"5548",25,"LOC111569335",-0.00270133661687983,0.11673761261982,0.927025251088176
"5549",25,"mplkip",0.000359679247259744,0.694035526799791,0.997363418139039
"5550",25,"LOC111562490",0.00312368016449889,0.263755597524775,0.990065078286043
"5551",25,"LOC129349912",0.000229721189925978,0.7623185858505,0.997363418139039
"5552",25,"LOC129349910",0.00104138435271134,0.402950703300713,0.996463890020745
"5553",25,"LOC111577611",0.00156960816599468,0.226804165090077,0.990065078286043
"5554",25,"LOC129349897",-0.00105483347946435,0.33982781614872,0.990065078286043
"5555",25,"LOC111577599",0.00124731608678293,0.150423550196717,0.968695493765038
"5556",25,"LOC129349917",0.000691113882757224,0.350254676749973,0.990065078286043
"5557",25,"LOC129349896",-0.000354535026439395,0.514309110679191,0.997363418139039
"5558",25,"LOC111587510",0.000852076856015737,0.431193401883722,0.996463890020745
"5559",25,"LOC111573702",0.00158001474072483,0.266506210141741,0.990065078286043
"5560",25,"LOC111576065",0.000263990044548983,0.772898671927625,0.997363418139039
"5561",25,"LOC129349902",0.00147254633121608,0.32977216654503,0.990065078286043
"5562",25,"LOC111576067",2.93722332229775e-05,0.979586434558847,0.999223513981536
"5563",25,"LOC111568786",0.00186919430962423,0.338782548267807,0.990065078286043
"5564",25,"LOC129349913",0.00157706737168104,0.25365862432138,0.990065078286043
"5565",25,"LOC111577605",-0.000775343338008667,0.395667427705153,0.996463890020745
"5566",25,"ttc19",-0.000237548692796352,0.868331402983222,0.997363418139039
"5567",25,"ubtfl",9.4787013574729e-05,0.944252478287646,0.998607408853002
"5568",25,"LOC129349900",-0.00233082091800976,0.153539812197771,0.970592115793289
"5569",25,"LOC111568789",-0.000404636962674061,0.710748795760398,0.997363418139039
"5570",25,"LOC111564484",0.00212527004380312,0.244293879873724,0.990065078286043
"5571",25,"sytl5",0.00351529812153656,0.528771624496003,0.997363418139039
"5572",25,"LOC129350017",0.000254866765846539,0.726966133426699,0.997363418139039
"5573",25,"otc",-0.000643621029488935,0.426543273920439,0.996463890020745
"5574",25,"dcaf6",0.00282670938067118,0.230328932801741,0.990065078286043
"5575",25,"mpc2b",-0.000789481216394296,0.727347772482388,0.997363418139039
"5576",25,"rpl24",-0.00304649227425526,0.0529914375922483,0.84618751263396
"5577",25,"cep97",0.0022734599591876,0.197723228312314,0.990065078286043
"5578",25,"nxpe3",-0.00161473776708051,0.342574249476311,0.990065078286043
"5579",25,"LOC129349972",0.000834915159065284,0.179056555076293,0.990065078286043
"5580",25,"me3",-0.000735750495055079,0.538902909818506,0.997363418139039
"5581",25,"ildr2",-0.000389735185577452,0.755909977503237,0.997363418139039
"5582",25,"pou2f1b",-0.00298843772684544,0.46439613941397,0.997363418139039
"5583",25,"lamp1b",-0.00165274445725947,0.509893352123761,0.997363418139039
"5584",25,"dcun1d2a",-0.000191862827783253,0.864863533593337,0.997363418139039
"5585",25,"st6gal2a",-0.00161373052495726,0.508023658971956,0.997363418139039
"5586",25,"tmtops2b",-0.00153497630192256,0.761883237255563,0.997363418139039
"5587",25,"uxs1",0.00337830967194354,0.26149239169507,0.990065078286043
"5588",25,"ecrg4a",0.00112392556477331,0.215083542312723,0.990065078286043
"5589",25,"nck2a",-0.00517798917551085,0.195936597980693,0.990065078286043
"5590",25,"fhl2a",-0.000108435386696407,0.903014107480822,0.998213961771008
"5591",25,"gpr45",-0.00464122535527346,0.0903723147477827,0.885263204425181
"5592",25,"inpp4aa",-8.11642166829654e-06,0.998096461593657,0.999223513981536
"5593",25,"si:dkey-4e7.3",-0.000302118493485892,0.740476953670542,0.997363418139039
"5594",25,"LOC111565273",-0.000734012589558264,0.461508434438949,0.997363418139039
"5595",25,"mgat4a",-0.00512673532303747,0.0903051571691516,0.885263204425181
"5596",25,"creg2",0.00103215307722418,0.656127766707315,0.997363418139039
"5597",25,"mitd1",0.000438463397124434,0.691821972371209,0.997363418139039
"5598",25,"mrpl30",-0.000680056975380736,0.440367510555832,0.996463890020745
"5599",25,"LOC118469880",-0.000389921920562163,0.495562419959309,0.997363418139039
"5600",25,"txndc9",0.000953256667477068,0.515868470201988,0.997363418139039
"5601",25,"LOC129350021",0.000667215100524341,0.765556649753863,0.997363418139039
"5602",25,"rev1",-0.00173545532270442,0.339138091376377,0.990065078286043
"5603",25,"aff3",-7.45902236201026e-05,0.970228879672236,0.999223513981536
"5604",25,"arhgef7a",0.001926663894282,0.378788489836171,0.99146608947112
"5605",25,"LOC111564160",0.000194932591284348,0.922558639260782,0.998213961771008
"5606",25,"mcf2lb",-0.000700213996269187,0.737587858392872,0.997363418139039
"5607",25,"LOC111571617",-0.000822047958927215,0.383830782025257,0.995413528516732
"5608",25,"kpna3",-0.00327731816078166,0.332002226411495,0.990065078286043
"5609",25,"spryd7b",-0.0012466154797811,0.449182404595917,0.996463890020745
"5610",25,"trim13",8.5622410950963e-05,0.981674852137884,0.999223513981536
"5611",25,"il1rapl1a",0.00955585271226683,0.0988271520188772,0.905054408445332
"5612",25,"cmss1",-0.000160669933586472,0.921820741043076,0.998213961771008
"5613",25,"dcbld2",5.77066346458029e-05,0.962772581906713,0.998789723674583
"5614",25,"jagn1a",0.00306467904599219,0.325594971224243,0.990065078286043
"5615",25,"tfg",0.00367139047696682,0.28213978917924,0.990065078286043
"5616",25,"senp7",0.00130441286808709,0.557561406187899,0.997363418139039
"5617",25,"atp6ap2",-0.000263318946660803,0.975849445021902,0.999223513981536
"5618",25,"bcor",0.00125127939110265,0.50693588022938,0.997363418139039
"5619",25,"si:dkey-100n23.5",-0.00362119826985371,0.0628571331664156,0.869097537705332
"5620",25,"tspan7b",-0.009735466206221,0.257161779924104,0.990065078286043
"5621",25,"katnal1",0.00111744151661201,0.570868140606438,0.997363418139039
"5622",25,"zgc:101559",8.30866596515031e-05,0.944349554846806,0.998607408853002
"5623",25,"kbtbd7",9.52347860388096e-05,0.945563511217824,0.998607408853002
"5624",25,"mycbp2",-0.00504080100526342,0.331435154707246,0.990065078286043
"5625",25,"fbxl3a",0.00114226484489731,0.558100013203398,0.997363418139039
"5626",25,"kctd12.1",-0.0031888200286941,0.489562870841049,0.997363418139039
"5627",25,"LOC111576232",-0.000563963594874155,0.886400692849996,0.998213961771008
"5628",25,"LOC129350082",0.00155459604752749,0.296600936431461,0.990065078286043
"5629",25,"lmo7a",0.000830806806625562,0.366068068531598,0.990065078286043
"5630",25,"uchl3",-0.00206553635344148,0.369677560720154,0.990313911305458
"5631",25,"klf12b",-0.00134153165026692,0.702096947847694,0.997363418139039
"5632",25,"klf5b",0.000705188654774691,0.246867228009297,0.990065078286043
"5633",25,"clybl",0.000302926174966757,0.860736905020147,0.997363418139039
"5634",25,"zic5",-0.000611704016820667,0.41160378396288,0.996463890020745
"5635",25,"zic2a",0.000273210983213188,0.817938164004828,0.997363418139039
"5636",25,"tmtc4",0.00249860743876899,0.243620326834672,0.990065078286043
"5637",25,"nalcn",2.15705736724305e-05,0.996328152285408,0.999223513981536
"5638",25,"fgf14",-0.00625524485722362,0.152543777271433,0.970552135528976
"5639",25,"cdc16",-0.00150826809921382,0.234267741279057,0.990065078286043
"5640",25,"upf3a",-0.00110322299889313,0.786620342229273,0.997363418139039
"5641",25,"asmtl",-0.000181753746913891,0.850327176964994,0.997363418139039
"5642",25,"LOC129349968",0.00331801551032895,0.116950899154476,0.927025251088176
"5643",25,"ppp2r3b",0.000448138867064719,0.736269432743437,0.997363418139039
"5644",25,"si:ch211-269e2.1",-6.42751698581017e-05,0.970928634712727,0.999223513981536
"5645",25,"si:ch211-218d20.15",0.000529056520045104,0.662852799145073,0.997363418139039
"5646",25,"med14",0.000755364294406211,0.596988717503087,0.997363418139039
"5647",25,"usp9",0.00045505856338303,0.838746347582749,0.997363418139039
"5648",25,"rpl8",-0.00271305789333369,0.280226727510772,0.990065078286043
"5649",25,"neurod1",-0.00270669781073204,0.0484496628934778,0.84618751263396
"5650",25,"cwc22",0.000774952070624353,0.573972410418988,0.997363418139039
"5651",25,"znf385b",-0.00164452266187692,0.454829718946364,0.997363418139039
"5652",25,"sestd1",2.17543748478414e-05,0.994837372494549,0.999223513981536
"5653",25,"plekhm3",0.002815451491241,0.429156154295778,0.996463890020745
"5654",25,"LOC111572701",-0.00313538677780806,0.462858349947128,0.997363418139039
"5655",25,"trappc10",-0.00470280257963738,0.226985947293952,0.990065078286043
"5656",25,"fhip1b",0.00258449186430348,0.492633012174641,0.997363418139039
"5657",25,"dhrs12",0.00129031641035159,0.121477465242167,0.930634167332138
"5658",25,"wdfy2",-0.000262140368912779,0.939209749194153,0.998607408853002
"5659",25,"tsn",0.000197236935162097,0.877790134644249,0.997890690913835
"5660",25,"si:dkey-91i10.2",-0.00255834704266495,0.624628953317309,0.997363418139039
"5661",25,"dynlt3",0.00135513658056799,0.364513263693727,0.990065078286043
"5662",25,"xk",0.00121241727911875,0.636791114204136,0.997363418139039
"5663",25,"LOC111568107",-0.00337863724576583,0.0141132959211915,0.811535974992135
"5664",25,"LOC111568091",0.00562998301323879,0.425838067043862,0.996463890020745
"5665",25,"u2af1",0.000781578900675234,0.546729004301022,0.997363418139039
"5666",25,"sik1",-0.00232838717708728,0.309891198872017,0.990065078286043
"5667",25,"ankrd10b",0.000700519551748465,0.823552335560217,0.997363418139039
"5668",25,"ube2al",-0.00197440910626317,0.0593005740581107,0.869097537705332
"5669",25,"ing1",-0.00121413050415355,0.0696454886257125,0.869550081520816
"5670",25,"naxd",3.18454912767999e-05,0.974190653624768,0.999223513981536
"5671",25,"irs2b",-0.00245781971294641,0.252372864092121,0.990065078286043
"5672",25,"myo16",0.00554427970556986,0.406708765707459,0.996463890020745
"5673",25,"LOC111566603",-0.000675653151924784,0.891119623198857,0.998213961771008
"5674",25,"LOC111566604",0.000997382747959822,0.747422285987286,0.997363418139039
"5675",25,"gsk3ba",-0.00124467284184626,0.781332069610131,0.997363418139039
"5676",25,"lrrc58b",-0.00194502000220408,0.0151640848362746,0.811535974992135
"5677",25,"fstl1b",0.00218233157311704,0.15027669127766,0.968695493765038
"5678",25,"LOC129350012",-0.000443805026052351,0.61467540540848,0.997363418139039
"5679",25,"si:ch211-214p13.3",-0.0016719125334356,0.799634705772782,0.997363418139039
"5680",25,"LOC111578961",-0.000322631379295208,0.483558658544479,0.997363418139039
"5681",25,"LOC129350015",-0.0020641575543387,0.543046363565858,0.997363418139039
"5682",25,"acp6",0.00152684846169487,0.241474480794807,0.990065078286043
"5683",25,"bcl9",0.000961359633182252,0.816364501975332,0.997363418139039
"5684",25,"si:dkey-229b18.3",-0.000337897483676429,0.884538727474012,0.998213961771008
"5685",25,"morc3a",-0.00151638093252896,0.0571671171120891,0.864094516655841
"5686",25,"dop1b",0.00193359579154711,0.496232373581665,0.997363418139039
"5687",25,"slc5a3b",0.000584918981702758,0.797743654653675,0.997363418139039
"5688",25,"LOC111578951",0.000623036174682141,0.702072444348137,0.997363418139039
"5689",25,"rpe",0.000113401832429056,0.891052500558767,0.998213961771008
"5690",25,"igsf3",-0.000880054387567239,0.863380994266081,0.997363418139039
"5691",25,"LOC111588957",0.000676159277666345,0.70633029454006,0.997363418139039
"5692",25,"tbl1x",0.00237835821717332,0.132954399586119,0.946926652021974
"5693",25,"mospd2",-0.000492833355292725,0.762462002820308,0.997363418139039
"5694",25,"fancb",-0.00039365466539898,0.52415362863617,0.997363418139039
"5695",25,"glra2",-8.06260531764357e-06,0.991482975560021,0.999223513981536
"5696",25,"gpm6bb",-0.00314495760899668,0.187837327827797,0.990065078286043
"5697",25,"trappc2",0.00144172613507422,0.53592755742421,0.997363418139039
"5698",25,"tmsb4x",-0.000488689362050896,0.762750571173221,0.997363418139039
"5699",25,"frmpd4",-0.00308673207800061,0.276299657438198,0.990065078286043
"5700",25,"cog3",0.00241219139978908,0.282729077299569,0.990065078286043
"5701",25,"LOC111569969",-0.00345936850246149,0.238894826415329,0.990065078286043
"5702",25,"si:ch211-199f5.1",7.77027238753324e-05,0.956712027759619,0.998607408853002
"5703",25,"LOC111569963",-0.000966916074570958,0.81145985168978,0.997363418139039
"5704",25,"slitrk5b",9.07359944809681e-05,0.97922502138866,0.999223513981536
"5705",25,"LOC111569954",-1.57103416499712e-05,0.990210310278574,0.999223513981536
"5706",25,"sox21b",0.000550626600887674,0.664931096630797,0.997363418139039
"5707",25,"dnajc3a",-0.00060571731244232,0.570732417501223,0.997363418139039
"5708",25,"uggt2",0.00168304291621997,0.396202426158534,0.996463890020745
"5709",25,"hs6st3b",-0.00528694696542282,0.0983903556875728,0.905020048534428
"5710",25,"LOC111569971",-0.00311542180866849,0.263352438513069,0.990065078286043
"5711",25,"LOC111569957",0.00101323926864958,0.610805224272796,0.997363418139039
"5712",25,"LOC111569956",0.00080978531708047,0.524036986007746,0.997363418139039
"5713",25,"stk24a",0.00231518648246349,0.142679707864182,0.961176492579385
"5714",25,"LOC111581917",0.000607399069502795,0.78747211859419,0.997363418139039
"5715",25,"LOC111581913",0.000109442596132515,0.944398730323922,0.998607408853002
"5716",25,"LOC111586361",-0.00780131798552471,0.0291011012325479,0.814336317015072
"5717",25,"prkra",0.000984615680105178,0.594783000879465,0.997363418139039
"5718",25,"LOC129349951",-0.000301940479054417,0.637182354943787,0.997363418139039
"5719",25,"osbpl6",0.000419856801884256,0.932912099852145,0.998287452144299
"5720",25,"pde11a",6.83960347325877e-05,0.955657722982327,0.998607408853002
"5721",25,"agps",-0.000939798300551454,0.465251702697172,0.997363418139039
"5722",25,"hnrnpa3",-4.72687941510732e-05,0.98444088914519,0.999223513981536
"5723",25,"atp5mc3a",-0.00191900231196519,0.562880817683233,0.997363418139039
"5724",25,"atf2",-0.00226799676733157,0.19781668762409,0.990065078286043
"5725",25,"chn1",0.0014831501363364,0.426212072324899,0.996463890020745
"5726",25,"scrn3",-0.000272670414997127,0.603766168354062,0.997363418139039
"5727",25,"sp3a",-0.00270235080387504,0.288027487323195,0.990065078286043
"5728",25,"tlk1a",0.00184838379815018,0.333416823700674,0.990065078286043
"5729",25,"mettl8",-0.000696445891382457,0.665295717032466,0.997363418139039
"5730",25,"dync1i2a",-0.00205069739192572,0.313396377672163,0.990065078286043
"5731",25,"LOC111582171",-0.000223350626559327,0.944854467947909,0.998607408853002
"5732",25,"hat1",-0.00196646406037537,0.321002714727073,0.990065078286043
"5733",25,"itga6a",0.0011866859586599,0.358168943771279,0.990065078286043
"5734",25,"pdk1",-0.00419924231409228,0.118068649088088,0.927025251088176
"5735",25,"rapgef4a",-0.000471922660690254,0.633612304596864,0.997363418139039
"5736",25,"gad1a",-0.00149914039569966,0.417290891034065,0.996463890020745
"5737",25,"ubr3",-0.00329225998971044,0.331115696262879,0.990065078286043
"5738",25,"ssb",-8.24878336487827e-05,0.959678720605004,0.998607408853002
"5739",25,"klhl23",-0.00257258241857281,0.117025890156677,0.927025251088176
"5740",25,"phgdh",0.000904177793377558,0.145717976887789,0.964631625281515
"5741",25,"ppig",-0.00220426181221087,0.363345088890233,0.990065078286043
"5742",25,"fastkd1",0.0013652558943904,0.413457609363245,0.996463890020745
"5743",25,"bbs5",0.00213552579132742,0.123897415976502,0.930634167332138
"5744",25,"cers6",-0.00117978554641892,0.618752761455335,0.997363418139039
"5745",25,"stk39",-0.00318603997676097,0.0413742285968284,0.825068516318458
"5746",25,"b3galt1b",-0.000648401986268713,0.884218159965616,0.998213961771008
"5747",25,"csrnp3",-0.00356301645243441,0.318880307760957,0.990065078286043
"5748",25,"ttc21b",0.00108392986660133,0.395509574222894,0.996463890020745
"5749",25,"fign",-0.000166686084082981,0.909529188046546,0.998213961771008
"5750",25,"LOC111575749",-0.0011927217871108,0.661113476224742,0.997363418139039
"5751",25,"LOC111575753",-0.000448389908068738,0.862863431258764,0.997363418139039
"5752",25,"tanc1b",-0.00227508238856709,0.222748335702914,0.990065078286043
"5753",25,"LOC111577011",0.00664727408811119,0.30249986112445,0.990065078286043
"5754",25,"LOC111577012",-0.000209244229527103,0.943297455130032,0.998607408853002
"5755",25,"kcnj3a",-0.000605615415240958,0.914023310778495,0.998213961771008
"5756",25,"galnt13",0.00247323636782729,0.535078467088871,0.997363418139039
"5757",25,"prpf40a",-0.00164735252240495,0.330785432628657,0.990065078286043
"5758",25,"fmnl2a",0.00248788592123392,0.576958801402674,0.997363418139039
"5759",25,"sumo3b",-0.00108734170782703,0.729592714832399,0.997363418139039
"5760",25,"myo10l3",-0.00160779993547147,0.476473741778529,0.997363418139039
"5761",25,"tra2b",0.000141564685292922,0.964509901653312,0.998962400886312
"5762",25,"igf2bp2a",0.00114541196936254,0.65789122714444,0.997363418139039
"5763",25,"LOC129349959",-0.00012445086138122,0.931445170427249,0.998213961771008
"5764",25,"smarcal1",-0.00267560280968865,0.187901645315284,0.990065078286043
"5765",25,"marchf4b",-0.00153007184752061,0.0916187373362544,0.887251184786286
"5766",25,"tmem169b",-0.00103379604620208,0.571646178819297,0.997363418139039
"5767",25,"si:ch211-45c16.2",-0.00469740786919865,0.0981504584320067,0.905020048534428
"5768",25,"LOC111575583",-0.00117566832647902,0.730834060102118,0.997363418139039
"5769",25,"dip2a",-0.00189404836701092,0.726722454808546,0.997363418139039
"5770",25,"ercc1",-0.000425021535620727,0.404196685619809,0.996463890020745
"5771",25,"sona",-0.00140836969169295,0.615765622074567,0.997363418139039
"5772",25,"LOC111562388",-0.000829969231478617,0.683209938702443,0.997363418139039
"5773",25,"si:ch211-39i22.1",-0.00366275759304986,0.516822956521472,0.997363418139039
"5774",25,"LOC111588271",0.00349993100478072,0.442296255870972,0.996463890020745
"5775",25,"tmem198a",-0.00968162932702412,0.0138629589861785,0.811535974992135
"5776",25,"ptprna",-0.00531424386524046,0.20655616446322,0.990065078286043
"5777",25,"dnajb2",-0.00111916147638031,0.475043209941813,0.997363418139039
"5778",25,"tuba8l3",-0.00115287105523911,0.610771872742682,0.997363418139039
"5779",25,"pofut2",0.00152901215379284,0.29759390195491,0.990065078286043
"5780",25,"vwc2l",-0.00173573472783117,0.599388333753584,0.997363418139039
"5781",25,"LOC111574054",-0.00191867574016714,0.596850015743079,0.997363418139039
"5782",25,"map2",-0.00254498527784245,0.563469388623341,0.997363418139039
"5783",25,"kansl1l",-0.00222018458960125,0.361149949340219,0.990065078286043
"5784",25,"znf148",0.0022836971290399,0.198946278278297,0.990065078286043
"5785",25,"LOC111568484",-0.0039922610107231,0.231213173707743,0.990065078286043
"5786",25,"akap17a",-0.000837947983433604,0.569327152379272,0.997363418139039
"5787",25,"LOC111580589",-0.00288396547783426,0.402163563880248,0.996463890020745
"5788",25,"htr1fa",0.000663757253084927,0.695445753962135,0.997363418139039
"5789",25,"LOC111583059",-0.000651049957425406,0.774817223100375,0.997363418139039
"5790",25,"zgc:152951",-0.00157657875154823,0.224339857744544,0.990065078286043
"5791",25,"epha3",-0.000494573491205569,0.62750018982556,0.997363418139039
"5792",25,"LOC111575382",-0.00325990922718198,0.197719525901425,0.990065078286043
"5793",25,"LOC111575384",-0.000515388487164739,0.804783602196966,0.997363418139039
"5794",25,"LOC111575387",-0.000908169420305485,0.109709511695863,0.921292590321416
"5795",25,"ranbp2",0.0010431403253433,0.350756022679801,0.990065078286043
"5796",25,"tpt1",-0.00277492856778911,0.346712235804349,0.990065078286043
"5797",25,"kctd4",-0.000682790480898239,0.370414929606759,0.990398034861638
"5798",25,"LOC111584793",-0.00122204496877316,0.772791291117429,0.997363418139039
"5799",25,"serp2",0.000102898700116673,0.909756172769159,0.998213961771008
"5800",25,"LOC111584968",0.00168906132181575,0.145859906048874,0.964631625281515
"5801",25,"agpat3",0.00261206799195379,0.313629703843961,0.990065078286043
"5802",25,"asic4a",-0.000607574276748257,0.816460526281016,0.997363418139039
"5803",25,"gmppaa",-0.000297567459227687,0.824183203256332,0.997363418139039
"5804",25,"pnkd",0.00161893717572118,0.117948554914425,0.927025251088176
"5805",25,"dars1",-0.00343998008776474,0.0889424886562659,0.8848525864663
"5806",25,"thsd7ba",0.0165636051883856,1.99139702581022e-05,0.117542209448448
"5807",25,"LOC111571844",0.000537539757151817,0.419355531867192,0.996463890020745
"5808",25,"spopla",-0.000385754895901029,0.862080892704394,0.997363418139039
"5809",25,"nxph2a",0.00575125513170992,0.00819085989654216,0.811535974992135
"5810",25,"rabl3",0.000861569311705622,0.122611763699003,0.930634167332138
"5811",25,"stxbp5l",0.00448082251279373,0.43239984444383,0.996463890020745
"5812",25,"poglut2",0.000683124973700646,0.66405719209581,0.997363418139039
"5813",25,"ralba",0.00196673547313021,0.122001950850627,0.930634167332138
"5814",25,"lrp1bb",-0.0105179823697381,0.0784699952260649,0.871360915888879
"5815",25,"LOC111575120",-0.000598396049405683,0.719699105076952,0.997363418139039
"5816",25,"cdk5r2b",0.000219208966512356,0.959307838709061,0.998607408853002
"5817",25,"LOC111575676",7.03295286580615e-05,0.972360907460412,0.999223513981536
"5818",25,"ptpn4a",-0.00576792563678158,0.453933325029904,0.997363418139039
"5819",25,"mrasa",-0.00264504434229042,0.247554853777335,0.990065078286043
"5820",25,"tmem163a",-0.00355477905665619,0.0919387266246531,0.88816421260559
"5821",25,"ccnt2a",-0.00448285773576907,0.236178712782638,0.990065078286043
"5822",25,"LOC111574178",0.00166813933174574,0.238991594502219,0.990065078286043
"5823",25,"ube2f",0.000758301937219052,0.590832172528127,0.997363418139039
"5824",25,"adarb1b",-0.00191963917401239,0.432629270206695,0.996463890020745
"5825",25,"traf3ip1",-0.000743854043052913,0.520963036336401,0.997363418139039
"5826",25,"asb1",-0.00102732101446486,0.596693968534283,0.997363418139039
"5827",25,"LOC129350039",8.66604047214555e-05,0.913857995576821,0.998213961771008
"5828",25,"LOC129350088",-0.00105260189697803,0.0182081864607805,0.811535974992135
"5829",25,"hdac4",-0.0027272135704152,0.0494996665767113,0.84618751263396
"5830",25,"faima",-9.93270135455925e-05,0.961229347102614,0.998789723674583
"5831",25,"dnah7",0.000276849103358825,0.868581825411403,0.997363418139039
"5832",25,"slc39a10",-0.00475407250791331,0.0629208829984372,0.869097537705332
"5833",25,"tmeff2a",-0.000774398475458976,0.882125141033474,0.998213961771008
"5834",25,"col18a1a",-0.000609974998112289,0.920379948320544,0.998213961771008
"5835",25,"pcbp3",-0.00353210290133021,0.0579536835003583,0.864909271456043
"5836",25,"calcrla",0.000604137016016544,0.857121048899819,0.997363418139039
"5837",25,"tfpia",-0.00255301634275174,0.00664158053500422,0.811535974992135
"5838",25,"gulp1a",1.13771648871109e-05,0.99748221821373,0.999223513981536
"5839",25,"slc4a3",0.00251384657627237,0.446211906657926,0.996463890020745
"5840",25,"igfbp5b",0.00468647981859358,0.268287096766445,0.990065078286043
"5841",25,"tns1b",0.00369291892094479,0.361030320896258,0.990065078286043
"5842",25,"LOC111568523",0.00100125789307095,0.294246973431116,0.990065078286043
"5843",25,"LOC111568512",-0.00126604024134208,0.225261493148883,0.990065078286043
"5844",25,"usp37",-0.00135995611448662,0.330376510546604,0.990065078286043
"5845",25,"ybey",-0.000247852401841508,0.768167967268769,0.997363418139039
"5846",25,"hibch",0.000650124583649777,0.821305927336742,0.997363418139039
"5847",25,"pms1",0.000657459389939591,0.717393991883013,0.997363418139039
"5848",25,"ormdl1",0.000839511397883285,0.613847535704218,0.997363418139039
"5849",25,"glsb",-0.0019221044915541,0.722119768481268,0.997363418139039
"5850",25,"LOC111563285",-0.00240836394749262,0.0172582419393323,0.811535974992135
"5851",25,"slc40a1",-0.00107670301719605,0.359655090541408,0.990065078286043
"5852",25,"LOC111563312",0.00382534019245052,0.0780121168237344,0.871360915888879
"5853",25,"gpr39",0.00232077689465024,0.0567537787604259,0.861162804859585
"5854",25,"LOC111563316",-0.00105347609297854,0.849555651007507,0.997363418139039
"5855",25,"LOC111563314",0.00297956515088943,0.605617351915657,0.997363418139039
"5856",25,"c11h2orf69",3.95538960414731e-05,0.980135539110682,0.999223513981536
"5857",25,"stk17b",-0.000980075824670021,0.405454521535037,0.996463890020745
"5858",25,"hecw2a",-0.00145068282366592,0.689044636055861,0.997363418139039
"5859",25,"LOC111578935",-0.000883832147001942,0.303896795834982,0.990065078286043
"5860",25,"pgap1",-0.00288800562591698,0.30285557526704,0.990065078286043
"5861",25,"tyw5",-0.00132383018911088,0.0162450176009452,0.811535974992135
"5862",25,"cops8",0.000169413987713216,0.910386576427808,0.998213961771008
"5863",25,"LOC111575552",-0.000871985430964112,0.15461109763781,0.971621725888687
"5864",25,"LOC111575549",0.00152752472097863,0.75256444411072,0.997363418139039
"5865",25,"LOC111564208",0.000491733628009749,0.836006128155269,0.997363418139039
"5866",25,"LOC111564380",-0.000822254062992162,0.382503309130078,0.995245543985489
"5867",25,"ddx18",0.00147009858973709,0.254251152493446,0.990065078286043
"5868",25,"LOC111564115",-0.00783194777517023,0.276417168037648,0.990065078286043
"5869",25,"lonrf2",0.000438195192950901,0.814309729072005,0.997363418139039
"5870",25,"LOC111564344",0.000452465001372653,0.722100711207134,0.997363418139039
"5871",25,"neb",-0.00216487107580787,0.0666599363035406,0.869550081520816
"5872",25,"arl5a",-0.000651416376862227,0.526429170304617,0.997363418139039
"5873",25,"cacnb4a",-0.00504631089224146,0.176852614826241,0.990065078286043
"5874",25,"stam2",-0.000166692110346327,0.958086619826768,0.998607408853002
"5875",25,"hacd2",0.00135038752367657,0.215713548482917,0.990065078286043
"5876",25,"adcy5",-0.00515711349554753,0.45349589361418,0.997363418139039
"5877",25,"sec22a",-0.000117935836719527,0.958339960433761,0.998607408853002
"5878",25,"pdia5",0.00376862911320636,0.265572732971908,0.990065078286043
"5879",25,"sema5ba",-0.00314039801111143,0.421265947374341,0.996463890020745
"5880",25,"slc49a4",-0.00237844935382337,0.401572913618816,0.996463890020745
"5881",25,"LOC118470608",0.000542806838601928,0.471724491213688,0.997363418139039
"5882",25,"hspbap1",0.000126584729015136,0.820496175030297,0.997363418139039
"5883",25,"LOC118470604",-0.000324926727086127,0.705194885314041,0.997363418139039
"5884",25,"LOC111565447",0.00040051107622872,0.568523687511633,0.997363418139039
"5885",25,"si:dkey-91i10.3",0.00112054862050488,0.492015175882832,0.997363418139039
"5886",25,"LOC118471098",-0.000518158308658929,0.781754508328095,0.997363418139039
"5887",25,"LOC111572775",-0.00200220178171609,0.642884352380136,0.997363418139039
"5888",25,"slc37a1",-0.00449396525902683,0.247071466161464,0.990065078286043
"5889",25,"pde9aa",-9.90569835395983e-05,0.920506557323307,0.998213961771008
"5890",25,"si:ch211-140m22.7",0.000646896356977646,0.792095803067068,0.997363418139039
"5891",25,"ndufv3",0.00176533164891901,0.390490718353652,0.996463890020745
"5892",25,"pknox1.1",-0.000186434770398873,0.857564210167319,0.997363418139039
"5893",25,"ccdc93",0.00235315188355467,0.68440065922653,0.997363418139039
"5894",25,"si:dkey-251i10.3",-0.000471306732929038,0.720044883030477,0.997363418139039
"5895",25,"insig2",-0.00312568617429655,0.167102622242098,0.984129860617473
"5896",25,"marco",-9.93799148060315e-05,0.909466533295024,0.998213961771008
"5897",25,"c11h2orf76",0.000206433087533683,0.916473126288244,0.998213961771008
"5898",25,"LOC111588338",-0.00296962950120102,0.343863051712338,0.990065078286043
"5899",25,"mmadhcb",-0.000517055294841301,0.673831443917637,0.997363418139039
"5900",25,"ifngr2",-0.000110430952347284,0.96517585091783,0.999114426524463
"5901",25,"LOC111588648",-0.00133538611165764,0.763410686504846,0.997363418139039
"5902",25,"il10rb",-0.000342035470896516,0.906875397251535,0.998213961771008
"5903",25,"LOC111588460",-0.00109920540531111,0.585502612609257,0.997363418139039
"5904",25,"crfb4",-0.000882343467110892,0.254685297277628,0.990065078286043
"5905",25,"clasp1a",-0.00378262974147529,0.444731013490142,0.996463890020745
"5906",25,"tfcp2l1",0.000158590193910122,0.85130429747342,0.997363418139039
"5907",25,"LOC111588657",0.000405725694350645,0.824651983832729,0.997363418139039
"5908",25,"LOC129350051",0.000384512707678358,0.663578020155916,0.997363418139039
"5909",25,"inhbb",0.00389695440429613,0.0823735120893106,0.877876627611259
"5910",25,"gtpbp8",-0.00362280647474636,0.00789274557507318,0.811535974992135
"5911",25,"efnb2a",0.000607984750351983,0.88155484083985,0.998213961771008
"5912",25,"arglu1a",-0.000250058624058938,0.950886558045003,0.998607408853002
"5913",25,"ubxn4",-0.00325640619699094,0.506689537835612,0.997363418139039
"5914",25,"nmi",0.00148098846544728,0.480909919732708,0.997363418139039
"5915",25,"LOC111563964",0.000745514966903576,0.708053050210661,0.997363418139039
"5916",25,"xpo4",0.000466435698573909,0.857210786372399,0.997363418139039
"5917",25,"eef1akmt1",-0.000797323898892096,0.372017530124553,0.990398034861638
"5918",25,"il17d",-0.000824288709587605,0.358353333902925,0.990065078286043
"5919",25,"ift88",-0.00032378974527513,0.836252928019102,0.997363418139039
"5920",25,"cryl1",-0.00215564825399263,0.348092714550612,0.990065078286043
"5921",25,"zmym2",0.00242179946208955,0.24344139202485,0.990065078286043
"5922",25,"mphosph8",0.000138397459795354,0.962000981415552,0.998789723674583
"5923",25,"arhgap20",0.00129792580309264,0.592154637063378,0.997363418139039
"5924",25,"LOC111571688",-0.00090944039274054,0.752031238221365,0.997363418139039
"5925",25,"dnajb11",0.0015655209553933,0.474506334054595,0.997363418139039
"5926",25,"kcnh3",0.00345411305700435,0.601574429629955,0.997363418139039
"5927",25,"idh1",-0.00168637515710834,0.218291902194677,0.990065078286043
"5928",25,"akap11",0.00291427867230701,0.494824590627071,0.997363418139039
"5929",25,"dgkh",-0.00598913628298902,0.227525362925444,0.990065078286043
"5930",25,"vwa8",0.00585975328095163,0.172396989331213,0.989728643862784
"5931",25,"slc35a5",0.000480682315295765,0.52249363195996,0.997363418139039
"5932",25,"ccdc80",0.000700637806679501,0.573428581414119,0.997363418139039
"5933",25,"LOC129350064",-0.00265033498045881,0.319862226985237,0.990065078286043
"5934",25,"kdm6a",0.00363949031247094,0.568151331199538,0.997363418139039
"5935",25,"fundc1",-0.00263345031886386,0.215534461239303,0.990065078286043
"5936",25,"ndp",-0.000447295180035026,0.784138809763721,0.997363418139039
"5937",25,"caska",-0.000361152021141326,0.94884203580972,0.998607408853002
"5938",25,"ddx3xa",-0.00760379784722317,0.0226557664414327,0.811535974992135
"5939",25,"dnajc10",-0.000697801494060197,0.755009033199431,0.997363418139039
"5940",25,"pde1a",0.00314554378098385,0.618331497374969,0.997363418139039
"5941",25,"LOC111579586",0.00102252309328921,0.619477558595993,0.997363418139039
"5942",25,"LOC129350104",-0.00337333378336664,0.166674045697057,0.983958261593641
"5943",25,"LOC111570844",-0.000780730000608659,0.0898976197458652,0.8851054221017
"5944",25,"LOC118470525",0.00184663268380907,0.281841918088773,0.990065078286043
"5945",25,"lrch1",0.000681682595013159,0.801835445122853,0.997363418139039
"5946",25,"esd",-0.000431027439052101,0.798893558173319,0.997363418139039
"5947",25,"htr2aa",-0.000678206393670133,0.358038773562599,0.990065078286043
"5948",25,"sucla2",0.000725170035362416,0.425117252676343,0.996463890020745
"5949",25,"LOC111570845",-0.00113453435113233,0.378942557844914,0.99146608947112
"5950",25,"lcp1",0.00112339982605713,0.0333715741118421,0.821359352393538
"5951",25,"LOC111588819",-0.00681643528042584,0.0107584830345655,0.811535974992135
"5952",25,"enox1",0.00110092828928574,0.847649159694626,0.997363418139039
"5953",25,"lmln",0.00207150578061606,0.199182543608342,0.990065078286043
"5954",25,"itgav",0.00151819093995911,0.693523267083229,0.997363418139039
"5955",25,"man1a2",0.00358822107969813,0.528319616175517,0.997363418139039
"5956",25,"LOC129350022",0.000713704795543791,0.606939941427782,0.997363418139039
"5957",25,"gdap2",-0.00232627082524484,0.376659989521815,0.991163825330808
"5958",25,"wdr3",0.000471057658216338,0.767019123565424,0.997363418139039
"5959",25,"tbx15",-0.00161750198718314,0.299215672596471,0.990065078286043
"5960",25,"wars2",-0.000279535514358382,0.734466038646336,0.997363418139039
"5961",25,"LOC111570576",0.000277960911613637,0.767840359678332,0.997363418139039
"5962",25,"gtdc1",-0.0016318217133976,0.189992770862688,0.990065078286043
"5963",25,"acvr2aa",0.00247057143813327,0.419744158972242,0.996463890020745
"5964",25,"LOC111581850",-0.00561635812273489,0.180855363051756,0.990065078286043
"5965",25,"si:ch211-67e16.4",-0.0015070711437096,0.0186372493852317,0.811535974992135
"5966",25,"ttll4",0.00144232896537645,0.460556430875629,0.997363418139039
"5967",25,"LOC111586937",0.00194008028786305,0.47205469981591,0.997363418139039
"5968",25,"kalrna",0.000121989230842629,0.976254209032874,0.999223513981536
"5969",25,"LOC111579981",1.30368024425614e-05,0.992704268073287,0.999223513981536
"5970",25,"ndufa10",-0.0025078563420754,0.32465401881692,0.990065078286043
"5971",25,"LOC129349955",0.000638407975667907,0.259433244486797,0.990065078286043
"5972",25,"cntnap5a",0.00840990317377076,0.196621259399779,0.990065078286043
"5973",25,"LOC129350092",3.82230074746068e-05,0.982842211176901,0.999223513981536
"5974",25,"parp4",-0.00136571949998763,0.0171281388552456,0.811535974992135
"5975",25,"LOC111584947",-0.00347322607882583,0.421260911303956,0.996463890020745
"5976",25,"rif1",-0.00431347645394844,0.124682363393465,0.930634167332138
"5977",25,"itgb5",-0.000329261932041868,0.924321167273953,0.998213961771008
"5978",25,"etv5a",-0.00418413056223326,0.0857830884384945,0.883734831380986
"5979",25,"LOC111578199",0.00135719396385972,0.784825255066926,0.997363418139039
"5980",25,"sgo2",-0.00140564006385811,0.275345485250543,0.990065078286043
"5981",25,"pikfyve",0.000732207319324596,0.827742889213891,0.997363418139039
"5982",25,"LOC111583817",-0.00010729904371733,0.957578862480021,0.998607408853002
"5983",25,"sf3b1",-0.00471356460824012,0.355902952419873,0.990065078286043
"5984",25,"coq10b",0.00464969766548605,0.030418383746349,0.814336317015072
"5985",25,"hspd1",-0.000799597943819965,0.743092504424026,0.997363418139039
"5986",25,"LOC111583822",0.00730755256722141,0.150680894250251,0.968838756331268
"5987",25,"lats2",-0.00211859899735063,0.150317078389703,0.968695493765038
"5988",25,"LOC111567533",0.000148784703821288,0.927166282617763,0.998213961771008
"5989",25,"LOC111567532",-0.00254740496933752,0.55793462959549,0.997363418139039
"5990",25,"mylka",0.000233984388090508,0.875120485394689,0.997890690913835
"5991",25,"ube2g2",0.000190756761184604,0.696928202423116,0.997363418139039
"5992",25,"LOC111580797",-5.14309451041685e-06,0.995656485266685,0.999223513981536
"5993",25,"ttn.2",-0.0121683838622316,0.0125721482838182,0.811535974992135
"5994",25,"LOC111586684",0.000197640251647221,0.806362829841505,0.997363418139039
"5995",25,"serinc1",-0.00115715324251421,0.86828930195541,0.997363418139039
"5996",25,"slc35f1",0.00107344283427702,0.576025978695536,0.997363418139039
"5997",25,"nus1",0.000988632950148471,0.542708557009405,0.997363418139039
"5998",25,"hsf2",6.8936640494359e-05,0.969285677487461,0.999223513981536
"5999",25,"cep85l",0.00124169595728154,0.664160221373796,0.997363418139039
"6000",25,"LOC129350233",0.000261703726707214,0.847475296236398,0.997363418139039
"6001",25,"sh3bgrl2",-0.00420734660112784,0.0846891117544438,0.880905211399702
"6002",25,"lca5",0.000534233918946057,0.555707195752409,0.997363418139039
"6003",25,"rps12",0.00160803188862395,0.628156934285672,0.997363418139039
"6004",25,"zgc:153284",-0.000356654855921507,0.590939384814759,0.997363418139039
"6005",25,"LOC129350122",-0.000899812458638782,0.325016876159823,0.990065078286043
"6006",25,"pinx1",-0.00174638630892589,0.405854473318701,0.996463890020745
"6007",25,"tdh",0.00120694063460893,0.120825317678039,0.928608642701333
"6008",25,"mtmr9",4.5948238447469e-05,0.976189960766805,0.999223513981536
"6009",25,"xkr6b",0.00119089442852311,0.615613708158057,0.997363418139039
"6010",25,"tbpl1",-0.000620791116781393,0.690611816241084,0.997363418139039
"6011",25,"sgk1",0.000405117921072447,0.917181474605961,0.998213961771008
"6012",25,"hbs1l",0.00135093602336929,0.66980560467901,0.997363418139039
"6013",25,"LOC111586697",0.00215845828806101,0.429611973891347,0.996463890020745
"6014",25,"map7b",0.000298657492660421,0.688571266684011,0.997363418139039
"6015",25,"ppp1r14c",-0.00231782023399019,0.22943784460526,0.990065078286043
"6016",25,"sec63",-0.000639299566332786,0.760015195319553,0.997363418139039
"6017",25,"LOC129350272",-0.000638911895327331,0.491232106521991,0.997363418139039
"6018",25,"LOC129350273",0.000615196623360323,0.548496775735879,0.997363418139039
"6019",25,"lratd1",0.000790786771719812,0.588481371539717,0.997363418139039
"6020",25,"nbas",-0.000442617515701874,0.897459222360939,0.998213961771008
"6021",25,"ddx1",0.00301270917575359,0.115376519439983,0.924580721418995
"6022",25,"LOC111586805",0.000449254723840845,0.86959532107738,0.997363418139039
"6023",25,"lpin1b",-0.00299407853628415,0.230126043827248,0.990065078286043
"6024",25,"gpatch2",-0.0024880110597941,0.0774929731625368,0.871360915888879
"6025",25,"LOC111578863",0.00151160237267427,0.498606676007466,0.997363418139039
"6026",25,"fez2b",-0.00292683860687387,0.310216583241923,0.990065078286043
"6027",25,"wdr26b",-0.00128995641019466,0.526778908175768,0.997363418139039
"6028",25,"vegfab",0.00291139260112181,0.138485758144251,0.957578775787136
"6029",25,"mrps18a",-8.09645536406183e-06,0.997224292330503,0.999223513981536
"6030",25,"pou3f2a",0.000180890513777292,0.930561295747192,0.998213961771008
"6031",25,"faxca",-0.00169561155820493,0.682231581139901,0.997363418139039
"6032",25,"LOC111585940",-0.0032235898424179,0.502355747107833,0.997363418139039
"6033",25,"LOC129350221",-0.000424402001530623,0.716178637359917,0.997363418139039
"6034",25,"LOC118470180",-0.000801515283243315,0.673567261075084,0.997363418139039
"6035",25,"LOC111567674",0.001280174992369,0.684071901277101,0.997363418139039
"6036",25,"LOC129350174",0.000365755145393046,0.640977384132508,0.997363418139039
"6037",25,"LOC111567664",0.00317747732714736,0.14525537537363,0.964602715329076
"6038",25,"hddc2",5.04626568365704e-05,0.956511098588014,0.998607408853002
"6039",25,"nkain2",-0.00265034846469451,0.62821134255679,0.997363418139039
"6040",25,"cdc40",-0.000843806357200288,0.655740467800969,0.997363418139039
"6041",25,"wasf1",-0.000782921075991861,0.789793382562538,0.997363418139039
"6042",25,"LOC129350265",-0.00105309945792081,0.466950989818624,0.997363418139039
"6043",25,"fig4a",-0.00320840845566399,0.288917745850241,0.990065078286043
"6044",25,"LOC129350111",0.00020843230995757,0.810658730997907,0.997363418139039
"6045",25,"acp1",-0.00337655631723863,0.0668680958872862,0.869550081520816
"6046",25,"fbxo25",-0.00423942056614636,0.0785975782956838,0.871360915888879
"6047",25,"cmtr1",-0.00321729402205206,0.220686904044632,0.990065078286043
"6048",25,"nhsl1b",0.000129499675169405,0.921372537723808,0.998213961771008
"6049",25,"acbd3",0.00396209687298874,0.0593461264623059,0.869097537705332
"6050",25,"parp1",0.00279960299352335,0.139271877900669,0.957578775787136
"6051",25,"LOC111584654",0.00342153959335392,0.387717620145603,0.99604104921104
"6052",25,"LOC111584656",0.000678048521270936,0.534020301812642,0.997363418139039
"6053",25,"LOC111581384",-0.00108166132233728,0.212020950510076,0.990065078286043
"6054",25,"rps6kc1",0.00109712450774551,0.769545638467838,0.997363418139039
"6055",25,"LOC111568229",0.000527876228473298,0.724493539632621,0.997363418139039
"6056",25,"prkg3",0.000132817280984306,0.929544669015383,0.998213961771008
"6057",25,"LOC111568228",0.000680255929789065,0.735789406348271,0.997363418139039
"6058",25,"fdft1",-0.00296214650555068,0.0727721126952669,0.870389858528497
"6059",25,"LOC111569943",0.000893653014808143,0.707547137791812,0.997363418139039
"6060",25,"LOC111569942",-0.000127460288363973,0.863910226385051,0.997363418139039
"6061",25,"stxbp5a",-0.00238189153088528,0.563953858835681,0.997363418139039
"6062",25,"sash1a",-0.00118766511220377,0.678812289560657,0.997363418139039
"6063",25,"usta",-0.000446836344116589,0.748250858243857,0.997363418139039
"6064",25,"si:ch211-22i13.2",-0.00013703794693275,0.932228866871242,0.998213961771008
"6065",25,"slc30a1a",0.00184668105948004,0.272984199838751,0.990065078286043
"6066",25,"lpgat1",0.00282690720931576,0.43629117895461,0.996463890020745
"6067",25,"LOC111587152",0.00115245447486041,0.646678761330068,0.997363418139039
"6068",25,"znf513a",-0.00142907865033517,0.128659916142473,0.940452204372688
"6069",25,"snx17",-0.0013084037739313,0.612224674332933,0.997363418139039
"6070",25,"atraid",0.000484693536429917,0.519836423658586,0.997363418139039
"6071",25,"eif2b4",0.000482472201567967,0.575652857557499,0.997363418139039
"6072",25,"baalcb",0.00160562913910563,0.473312701440375,0.997363418139039
"6073",25,"bmf2",-0.00119177852113508,0.614655805696505,0.997363418139039
"6074",25,"zc3h14",-0.00222769077650199,0.591513320886738,0.997363418139039
"6075",25,"batf",0.000514789593711074,0.496354759448113,0.997363418139039
"6076",25,"LOC111568924",-0.00150721002547489,0.0185057528654073,0.811535974992135
"6077",25,"ylpm1",0.000119688310910572,0.963928958494961,0.99894368917766
"6078",25,"LOC111583364",-0.00157059259497598,0.241967293262268,0.990065078286043
"6079",25,"LOC111583365",0.000819758123307138,0.300895313366975,0.990065078286043
"6080",25,"LOC111583367",-0.00215012892241525,0.217033074129717,0.990065078286043
"6081",25,"tmed10",-0.0016912736634007,0.272938252519937,0.990065078286043
"6082",25,"eif2b2",0.00111422145442112,0.447107614684882,0.996463890020745
"6083",25,"LOC111566658",-0.000965013245995774,0.375930980263162,0.991163825330808
"6084",25,"abcd4",-0.00346862880914419,0.258282995287402,0.990065078286043
"6085",25,"LOC111566662",-0.000227140201065417,0.816826193348584,0.997363418139039
"6086",25,"LOC111566661",0.00189320937303359,0.610996059079043,0.997363418139039
"6087",25,"ppp1r13bb",-0.000964907356481676,0.719379208138528,0.997363418139039
"6088",25,"LOC111566654",0.00408383603123013,0.256968586737466,0.990065078286043
"6089",25,"LOC111566653",0.00112568753877687,0.364537126426346,0.990065078286043
"6090",25,"senp6a",-0.00311393078249213,0.171982237572716,0.989728643862784
"6091",25,"myo6a",-0.00403826569035438,0.317079304732652,0.990065078286043
"6092",25,"LOC111574551",-0.0030014156203521,0.0827446523908784,0.877876627611259
"6093",25,"LOC129350151",-0.00110395386906284,0.169592191817565,0.988760019020403
"6094",25,"syncrip",-0.00230232181306914,0.498565803109623,0.997363418139039
"6095",25,"LOC111572048",0.00159426639722963,0.190303236953038,0.990065078286043
"6096",25,"LOC118470675",0.00240191172237205,0.149979472854202,0.968695493765038
"6097",25,"LOC129350216",0.00299696476290917,0.226551598543894,0.990065078286043
"6098",25,"pex7",-0.00313016113865176,0.124514870706138,0.930634167332138
"6099",25,"nmbr",-0.000976950805524878,0.642762975843559,0.997363418139039
"6100",25,"vta1",-0.00349372486415199,0.134840276147595,0.952318214563295
"6101",25,"LOC111576617",-0.000779639849825018,0.531098045815575,0.997363418139039
"6102",25,"LOC111576621",-0.000727432963844446,0.633318155817835,0.997363418139039
"6103",25,"arid1b",-0.001791863503619,0.669846096582728,0.997363418139039
"6104",25,"tmem242",0.00240729143540078,0.0884281761843119,0.8848525864663
"6105",25,"zdhhc14",-0.00272399877737318,0.341508167602624,0.990065078286043
"6106",25,"LOC111581135",0.000880929459758607,0.232451872070482,0.990065078286043
"6107",25,"lgals8a",0.000959498409466086,0.425618148077421,0.996463890020745
"6108",25,"LOC111587230",0.000178346810970873,0.741256486139037,0.997363418139039
"6109",25,"klf11a",-0.000902008862032788,0.519064900005319,0.997363418139039
"6110",25,"taf1b",0.000164138934576639,0.869424538834801,0.997363418139039
"6111",25,"LOC111587239",0.000443381874966112,0.496726156959765,0.997363418139039
"6112",25,"kidins220b",0.0040526004857108,0.369052168203045,0.990313911305458
"6113",25,"mboat2b",-0.000321175496663672,0.809818042831304,0.997363418139039
"6114",25,"cep43",-0.00184903267475635,0.128503267973388,0.939889144006097
"6115",25,"LOC111571000",0.00197512872546085,0.188511827193784,0.990065078286043
"6116",25,"kif26aa",-0.00160752108632941,0.54886521469154,0.997363418139039
"6117",25,"bub1ba",-5.27369165757715e-05,0.954841872715603,0.998607408853002
"6118",25,"si:dkey-1h6.8",-0.00023997432521838,0.774538420917044,0.997363418139039
"6119",25,"cep170bb",-0.00435754067792428,0.199488806172113,0.990065078286043
"6120",25,"LOC111576875",0.000529714303105687,0.754455215163983,0.997363418139039
"6121",25,"LOC111576877",-0.000172775685406242,0.97957940776387,0.999223513981536
"6122",25,"cdc42bpb",-0.000491698771976204,0.789511068064961,0.997363418139039
"6123",25,"vipas39",-0.00169947210885787,0.365773054073422,0.990065078286043
"6124",25,"brf1b",0.00154295455697277,0.226372471276818,0.990065078286043
"6125",25,"LOC111574963",-0.00091260704610962,0.29060282115052,0.990065078286043
"6126",25,"LOC111574979",-0.00723213551700043,0.0227606913754745,0.811535974992135
"6127",25,"ppp4r4",-0.0108837461124537,0.0123562595028934,0.811535974992135
"6128",25,"LOC111574976",-0.000101867977963293,0.961542413278823,0.998789723674583
"6129",25,"utrn",0.000864339795617183,0.837230074897696,0.997363418139039
"6130",25,"LOC129350242",-0.00128983661921104,0.321215810432474,0.990065078286043
"6131",25,"akap12b",-0.00072882281684411,0.863694744244006,0.997363418139039
"6132",25,"syne1a",-0.00339107790897687,0.511476873237561,0.997363418139039
"6133",25,"serac1",-0.000744026840073138,0.597055344540764,0.997363418139039
"6134",25,"gtf2h5",-0.000629160778655876,0.524880918258461,0.997363418139039
"6135",25,"dynlt1b",0.00243787475159189,0.276770805197021,0.990065078286043
"6136",25,"tmem181",0.000123121829001021,0.945330434098707,0.998607408853002
"6137",25,"tulp4a",-0.00198056736976493,0.176999066497572,0.990065078286043
"6138",25,"si:ch211-51e12.7",-0.00468775372687997,0.19025886246895,0.990065078286043
"6139",25,"cd164",0.00235742480135163,0.140222621085532,0.957950432813885
"6140",25,"sesn1",0.00293048699830108,0.521501141722346,0.997363418139039
"6141",25,"armc2",0.000227797027947135,0.85241385420457,0.997363418139039
"6142",25,"LOC118471649",-0.000518041406134545,0.827414953317193,0.997363418139039
"6143",25,"LOC129350118",0.000119189796360494,0.905235580745527,0.998213961771008
"6144",25,"foxo3b",0.00243246276411371,0.545456537443628,0.997363418139039
"6145",25,"afg1lb",-0.000470739284936894,0.852617262047789,0.997363418139039
"6146",25,"snx3",0.00156571390380899,0.447781760558796,0.996463890020745
"6147",25,"ostm1",-0.00150707382529951,0.177287176720473,0.990065078286043
"6148",25,"LOC111580081",-0.0019167128614483,0.496822252082523,0.997363418139039
"6149",25,"LOC118471430",-0.000699090751333015,0.879578982573058,0.998213961771008
"6150",25,"col12a1b",0.00872782889735904,0.124184834721432,0.930634167332138
"6151",25,"crnkl1",9.17248200276408e-05,0.93173999778472,0.998213961771008
"6152",25,"insm1a",0.000477352147241103,0.609992657258727,0.997363418139039
"6153",25,"xrn2",-0.00320970945845327,0.094394911189574,0.893916985071904
"6154",25,"flvcr1",-0.000812834218945987,0.431467596898662,0.996463890020745
"6155",25,"tatdn3",-5.32246570818634e-06,0.994656809052814,0.999223513981536
"6156",25,"pex3",-0.000251013433841045,0.887822612636426,0.998213961771008
"6157",25,"aig1",-0.00215517621300957,0.532236183355283,0.997363418139039
"6158",25,"hivep2a",-0.00921774845785009,0.112016248279703,0.921820201924075
"6159",25,"e2f6",0.00198159291309,0.0890516087269916,0.8848525864663
"6160",25,"myt1la",-0.00256744371454727,0.641412125133886,0.997363418139039
"6161",25,"rnaseh1",-0.000681305891944813,0.72996175832865,0.997363418139039
"6162",25,"rps7",-0.00403599829996171,0.379787911475735,0.992485462026592
"6163",25,"vash2",-0.00264172202952708,0.18190251834201,0.990065078286043
"6164",25,"angel2",0.000636806174068158,0.756846536760519,0.997363418139039
"6165",25,"galnt14",-0.0068052541693153,0.286200664537138,0.990065078286043
"6166",25,"pnrc1",0.000621334582484527,0.8063098611313,0.997363418139039
"6167",25,"LOC111575077",0.00154452842735739,0.620534571715184,0.997363418139039
"6168",25,"LOC111575074",-0.0016108198730801,0.410970483647424,0.996463890020745
"6169",25,"clvs2",0.00372173367949551,0.250635554503063,0.990065078286043
"6170",25,"znf512",0.000395810648766786,0.860468381737593,0.997363418139039
"6171",25,"gtf3c2",-0.000635385681214777,0.684668042000439,0.997363418139039
"6172",25,"si:ch211-243j20.2",-0.0012767339756394,0.727113743563698,0.997363418139039
"6173",25,"mpv17",0.00173893932886863,0.0306958390355168,0.814336317015072
"6174",25,"dnajc5ga",-0.00243833495363798,0.272492404541314,0.990065078286043
"6175",25,"cad",-0.00254333887011729,0.00575701834139565,0.811535974992135
"6176",25,"ift172",-0.00567355461722674,0.0591405789010326,0.869097537705332
"6177",25,"msraa",0.000979678258866386,0.716477902902995,0.997363418139039
"6178",25,"LOC111565470",-0.00385796107181108,0.0801121862484351,0.871635353606246
"6179",25,"LOC111565451",-0.00274449289042076,0.170403171362022,0.989728643862784
"6180",25,"igf2r",-0.000576695513177943,0.853731494737714,0.997363418139039
"6181",25,"afdna",-0.00131673316473133,0.62378104436324,0.997363418139039
"6182",25,"ncoa1",0.00137701702507142,0.779549407809362,0.997363418139039
"6183",25,"fam184ab",-6.85007673432325e-05,0.990821683660514,0.999223513981536
"6184",25,"man1a1",0.00684159277029314,0.149523436254698,0.968252421824854
"6185",25,"tbc1d32",-0.00158401733660654,0.361417453036554,0.990065078286043
"6186",25,"clec11a",0.000877721381353433,0.524522941736766,0.997363418139039
"6187",25,"ttc13",-0.00616663464583313,0.0063160110984305,0.811535974992135
"6188",25,"fam89a",0.000763886538789288,0.500668461212607,0.997363418139039
"6189",25,"sprtn",-0.000459676483876724,0.444933892193672,0.996463890020745
"6190",25,"exoc8",-0.000333719522253299,0.457274313822961,0.997363418139039
"6191",25,"LOC111564633",0.000180253192977699,0.959068981339794,0.998607408853002
"6192",25,"gnpat",-0.00419722913428454,0.00274398651789295,0.811535974992135
"6193",25,"LOC111564587",-0.00317328942019804,0.41706449535854,0.996463890020745
"6194",25,"ccdc25",0.000118442500080167,0.922082174082218,0.998213961771008
"6195",25,"dusp10",-0.00306801027046045,0.178573718144287,0.990065078286043
"6196",25,"mia3",-0.00222762931570979,0.569146664452247,0.997363418139039
"6197",25,"aida",-0.0025629696588947,0.197743649169266,0.990065078286043
"6198",25,"rnf8",-0.00206935108368761,0.288171010850149,0.990065078286043
"6199",25,"tmem151ba",-0.0027193320439985,0.319647794499831,0.990065078286043
"6200",25,"slc35b2",0.00223818827026746,0.0157006572023546,0.811535974992135
"6201",25,"hsp90ab1",-0.00173969266921012,0.700815247681344,0.997363418139039
"6202",25,"LOC111564599",0.0010234700099834,0.463962222652692,0.997363418139039
"6203",25,"rbm25b",0.00355239910623395,0.252122504941964,0.990065078286043
"6204",25,"eif2s1b",-0.000907779852822787,0.522650434330324,0.997363418139039
"6205",25,"atp6v1d",0.000486220334944629,0.91156614267812,0.998213961771008
"6206",25,"pals1b",0.00202095785387174,0.386687255562178,0.99604104921104
"6207",25,"gphnb",0.00295702990363717,0.554461324120962,0.997363418139039
"6208",25,"fut8b",0.000951235873804792,0.718100620037004,0.997363418139039
"6209",25,"tmem121ab",-0.00608446237801501,0.115513087486461,0.924580721418995
"6210",25,"slc24a4b",0.00248754914001294,0.595272984473641,0.997363418139039
"6211",25,"cpsf2",-0.000291337739065283,0.8997900741078,0.998213961771008
"6212",25,"LOC118470651",-0.00388292496902521,0.171936958000318,0.989728643862784
"6213",25,"extl3",-0.0012728980493684,0.616832471583894,0.997363418139039
"6214",25,"si:dkey-174m14.3",0.00149386161525329,0.504987532398524,0.997363418139039
"6215",25,"rdh14b",-0.00268155700650954,0.380330318603791,0.992485462026592
"6216",25,"rngtt",-0.00168248749170964,0.567690660549931,0.997363418139039
"6217",25,"cnr1",0.000764748385824978,0.741147364025936,0.997363418139039
"6218",25,"akirin2",0.000587373247730243,0.665418073968651,0.997363418139039
"6219",25,"rars2",-0.00495308105265737,0.071246071866995,0.869550081520816
"6220",25,"slc35a1",-0.00153509618692707,0.0609962757784253,0.869097537705332
"6221",25,"LOC111578342",0.000608176797650679,0.615716400395938,0.997363418139039
"6222",25,"LOC111578332",-0.00141321080218813,0.435229143802144,0.996463890020745
"6223",25,"bpnt1",-0.00487507002769747,0.179210931121504,0.990065078286043
"6224",25,"grcc10",0.00404717569803744,0.0722116347582607,0.869550081520816
"6225",25,"LOC111578338",0.000449911485805006,0.861192132385315,0.997363418139039
"6226",25,"LOC111578333",-0.0112656898970865,0.29233508864523,0.990065078286043
"6227",25,"ptprk",-0.000111372700827383,0.957737972095362,0.998607408853002
"6228",25,"lama2",0.00107631431860196,0.255138172133323,0.990065078286043
"6229",25,"rgs6",-0.00208092198887971,0.744023553403689,0.997363418139039
"6230",25,"sipa1l1",-0.00249809588522598,0.714555276521457,0.997363418139039
"6231",25,"rab15",-0.00119454643777273,0.698622004228806,0.997363418139039
"6232",25,"fntb",0.00106571761495239,0.19403893638779,0.990065078286043
"6233",25,"max",0.000636093193301576,0.877590172992758,0.997890690913835
"6234",25,"slc10a1",-0.00367100195491882,0.424499066900634,0.996463890020745
"6235",25,"srsf5b",0.000173956002668245,0.942080374691468,0.998607408853002
"6236",25,"susd6",-0.000385963708759423,0.839340264438864,0.997363418139039
"6237",25,"gpr176",-0.00361177503040128,0.0281598379348544,0.814336317015072
"6238",25,"emc7b",-0.00251853389152644,0.540659739800522,0.997363418139039
"6239",25,"aven",0.000900818108026132,0.579084150964736,0.997363418139039
"6240",25,"ryr3",-0.000503386101987913,0.910657906903707,0.998213961771008
"6241",25,"LOC111575672",-0.0050938247051676,0.0369526102740721,0.821523944916278
"6242",25,"clu",-0.00506900535492425,0.498842511803004,0.997363418139039
"6243",25,"reps1",0.000123993879688468,0.900062752339837,0.998213961771008
"6244",25,"abracl",-0.000997826200426123,0.119840489899021,0.927131716509101
"6245",25,"heca",-0.000930048931683458,0.571012293079048,0.997363418139039
"6246",25,"nudt14",0.000630989146090952,0.846024994334659,0.997363418139039
"6247",25,"jag2b",-0.000869854589328579,0.711105338898606,0.997363418139039
"6248",25,"atp5mj",-0.00414620971749219,0.0903574239928932,0.885263204425181
"6249",25,"hadhb",0.00012506628479437,0.938225371245144,0.998607408853002
"6250",25,"tfap2b",-0.00230853137167292,0.307230216481301,0.990065078286043
"6251",25,"map3k5",-0.00508570040773347,0.0231691041016788,0.811535974992135
"6252",25,"lrp11",-0.00371506488668189,0.176430060358255,0.990065078286043
"6253",25,"pcmt",0.00153047901800512,0.50981703922329,0.997363418139039
"6254",25,"lats1",0.00275711768246749,0.247630853008796,0.990065078286043
"6255",25,"rab10",0.00522491429719008,0.14030464195978,0.957950432813885
"6256",25,"LOC111589028",-0.00328042852445761,0.533332100127209,0.997363418139039
"6257",25,"LOC111588988",-0.00184419287365155,0.187670000360239,0.990065078286043
"6258",25,"LOC111588989",-0.00327070631660924,0.364275913824866,0.990065078286043
"6259",25,"LOC111589000",-0.00341477300417695,0.344516047106359,0.990065078286043
"6260",25,"LOC111589032",0.00254704580089304,0.265129913020308,0.990065078286043
"6261",25,"tmem214",-0.0016065055377736,0.425106636814298,0.996463890020745
"6262",25,"slc35f6",1.88845021119836e-05,0.990326634875844,0.999223513981536
"6263",25,"LOC111589014",0.000841376072698465,0.280230354785418,0.990065078286043
"6264",25,"ezrb",-0.000455184061904426,0.684041239534376,0.997363418139039
"6265",25,"si:ch211-278j3.3",-0.0032604789387871,0.484785990579301,0.997363418139039
"6266",25,"si:dkey-71h2.2",0.00222130806932996,0.265363251559676,0.990065078286043
"6267",25,"fndc4a",-0.00149344594439116,0.144304078558038,0.964602715329076
"6268",25,"LOC129350236",0.000173589269402751,0.875048161362036,0.997890690913835
"6269",25,"cgrrf1",0.000170397556977258,0.935910737752851,0.998607408853002
"6270",25,"ddhd1b",-0.00237198216474278,0.177602829433546,0.990065078286043
"6271",25,"stxbp6l",-0.00112264905927384,0.275054320072501,0.990065078286043
"6272",25,"kcnk10a",0.00344986660307151,0.302938614728376,0.990065078286043
"6273",25,"tmem251",0.000830032641177333,0.501250790024007,0.997363418139039
"6274",25,"LOC111574121",0.000730548946193772,0.738629754198914,0.997363418139039
"6275",25,"tnfrsf21",0.000197060328552894,0.966894245186442,0.999223513981536
"6276",25,"cd2ap",-0.00487926466139902,0.0138804632394625,0.811535974992135
"6277",25,"ptchd4",-3.03461055822973e-06,0.998216165681528,0.999223513981536
"6278",25,"LOC129350180",-1.60266834735681e-05,0.982490789765058,0.999223513981536
"6279",25,"cnih3",0.00103182723183187,0.81975428263237,0.997363418139039
"6280",25,"rpl7l1",-0.000544236907057534,0.624961135104164,0.997363418139039
"6281",25,"slc5a6a",0.00023188281101632,0.912325203655445,0.998213961771008
"6282",25,"srp9",-0.00126022916117199,0.383667467132421,0.995347608766192
"6283",25,"enah",0.0144337221489293,0.00728935212837796,0.811535974992135
"6284",25,"ginm1",0.000788030341011251,0.868751538449864,0.997363418139039
"6285",25,"ppil4",0.000209323868277156,0.936216597258517,0.998607408853002
"6286",25,"tab2",0.00393563955317201,0.168956933218192,0.988386988349642
"6287",25,"cdk19",0.00605761134375316,0.104000891497184,0.912203428875534
"6288",25,"amd1",-0.000655218372809501,0.752044926076928,0.997363418139039
"6289",25,"slc16a10",-0.000436741221536485,0.715539580814064,0.997363418139039
"6290",25,"mfsd4b",0.000681653195041431,0.622259467772078,0.997363418139039
"6291",25,"rev3l",0.003483867255285,0.478046877945545,0.997363418139039
"6292",25,"fynb",0.00431704669389836,0.327805415202721,0.990065078286043
"6293",25,"LOC118471523",-0.000739529717781328,0.436796581247165,0.996463890020745
"6294",25,"si:dkey-119m7.4",0.00110137614836501,0.422520416551384,0.996463890020745
"6295",25,"ccn6",-0.000778530075845212,0.368346994101745,0.990313911305458
"6296",25,"lama4",-0.00106711902927977,0.420261310582564,0.996463890020745
"6297",25,"marcksa",-0.000168930552292779,0.953238198447877,0.998607408853002
"6298",25,"LOC111587130",0.000865879739308483,0.445283431904228,0.996463890020745
"6299",25,"LOC111587138",-0.00245581312568252,0.230572921722509,0.990065078286043
"6300",25,"nt5dc1",-0.00731012088940666,0.119920187920227,0.927131716509101
"6301",25,"ndufaf4",-0.00243331715599982,0.13693592029373,0.957578775787136
"6302",25,"gpr63",-6.89776236054792e-05,0.982075560932034,0.999223513981536
"6303",25,"ufl1",0.000472651489895322,0.905180189863604,0.998213961771008
"6304",25,"epha7",-0.00092083574501052,0.871966048120553,0.997363418139039
"6305",25,"map3k7",0.000121822712384948,0.950562437404924,0.998607408853002
"6306",25,"bach2b",0.00505607467984262,0.496033647311555,0.997363418139039
"6307",25,"mdn1",-0.00542577746381973,0.042351979861549,0.825068516318458
"6308",25,"LOC129350204",0.00243471034666188,0.346347589559595,0.990065078286043
"6309",25,"ankrd6b",-0.000118351322622238,0.889106401114313,0.998213961771008
"6310",25,"ube2j1",0.00161480034556358,0.637047708405737,0.997363418139039
"6311",25,"LOC118471526",0.000327576529351499,0.69492697002464,0.997363418139039
"6312",25,"znf292b",-0.0024255472417736,0.330549919398528,0.990065078286043
"6313",25,"LOC111572594",-0.00159870649310521,0.583571024458119,0.997363418139039
"6314",25,"LOC111572598",0.00128880121484236,0.521332647771224,0.997363418139039
"6315",25,"lrfn2b",-0.00476843263270333,0.455637435304913,0.997363418139039
"6316",25,"LOC111572587",-0.0012463686271011,0.851386738035558,0.997363418139039
"6317",25,"wdr21",-0.0027114985242102,0.0522870630674916,0.84618751263396
"6318",25,"dpf3",0.00105189034096289,0.442730566424645,0.996463890020745
"6319",25,"stx7l",-0.000267176540732236,0.818066150566106,0.997363418139039
"6320",25,"chga",0.00160220678581697,0.561579869698764,0.997363418139039
"6321",25,"sel1l",0.0029049557632124,0.103517430810784,0.912203428875534
"6322",25,"tmem200a",0.00154871057116957,0.481100068545512,0.997363418139039
"6323",25,"epb41l2",-0.00438721226203531,0.216683736447557,0.990065078286043
"6324",25,"LOC111574285",0.00200458528909849,0.00926022714501735,0.811535974992135
"6325",25,"stum",-0.0020607829002472,0.735018611904612,0.997363418139039
"6326",25,"ehd3",-0.00566867210667347,0.339257714911638,0.990065078286043
"6327",25,"LOC118471299",0.000755913184124888,0.41177345556051,0.996463890020745
"6328",25,"med23",-0.00113129187393148,0.51862255360902,0.997363418139039
"6329",25,"LOC111578767",0.000315869909206805,0.949652104466582,0.998607408853002
"6330",25,"si:dkey-12h9.6",-0.00237077825041409,0.468628580450151,0.997363418139039
"6331",25,"nrbp1",0.000266150869120985,0.873004217817983,0.997465620532452
"6332",25,"znf106b",-0.00128009010562903,0.265451143640545,0.990065078286043
"6333",25,"ttbk2b",0.000387436344074847,0.874387732333643,0.997800344730515
"6334",25,"ttc32",7.77996181551436e-05,0.920217422846146,0.998213961771008
"6335",25,"matn3a",0.00132058657653274,0.422046849272764,0.996463890020745
"6336",25,"laptm4a",-0.000141800523120873,0.981904440882411,0.999223513981536
"6337",25,"pum2",-0.0062728955565511,0.0218218130851331,0.811535974992135
"6338",25,"LOC111566448",-0.00243386995477341,0.00124914064072443,0.811535974992135
"6339",25,"LOC111566442",-0.00072528687191825,0.765669434030876,0.997363418139039
"6340",25,"LOC111566433",-0.00378085890263551,0.217188824998992,0.990065078286043
"6341",25,"hpcal1",0.00016339900583634,0.863034976752724,0.997363418139039
"6342",25,"pdia6",0.00210725639811407,0.12016192513841,0.927131716509101
"6343",25,"LOC111566449",-0.00141089412661863,0.412077325432143,0.996463890020745
"6344",25,"LOC111566435",0.000739483038918825,0.684590298577716,0.997363418139039
"6345",25,"LOC111566453",0.00207996187027274,0.668573234494464,0.997363418139039
"6346",25,"prep",0.000590606104578364,0.663651962637222,0.997363418139039
"6347",25,"xkr5a",0.00245347893148307,0.0990796649092615,0.905054408445332
"6348",25,"mrpl19",0.00153428801714213,0.145476303489903,0.964602715329076
"6349",25,"smek1",0.000279620981377108,0.873538070660342,0.997592814563736
"6350",25,"LOC111574218",-0.000491408228196359,0.567080381093907,0.997363418139039
"6351",25,"tcp1",-0.00124073087745741,0.352856728639568,0.990065078286043
"6352",25,"acat2",-9.76038671111051e-05,0.898822139592488,0.998213961771008
"6353",25,"wtap",-0.00398734751447811,0.252678275122184,0.990065078286043
"6354",25,"sod2",-0.00396982582966825,0.194487704176972,0.990065078286043
"6355",25,"LOC129350205",0.00202116995402338,0.0410468322601294,0.82407798440617
"6356",25,"otofa",6.34243790003274e-05,0.963880511038423,0.99894368917766
"6357",25,"zfyve1",0.000717096683348168,0.583507035119064,0.997363418139039
"6358",25,"pigh",0.000985884021154727,0.749041661107865,0.997363418139039
"6359",25,"vps18",-0.0026323442349597,0.20893427332664,0.990065078286043
"6360",25,"ino80",0.000690774424839209,0.804348586975552,0.997363418139039
"6361",25,"chac1",0.000570570232554852,0.868413184142848,0.997363418139039
"6362",25,"LOC111563820",0.000887360164553137,0.166897115891598,0.984129860617473
"6363",25,"syndig1l",0.00800630874823658,0.301765973738494,0.990065078286043
"6364",25,"slc25a29",0.00201471285680509,0.320833461484589,0.990065078286043
"6365",25,"slc25a47a",0.00254423034718061,0.147844233543425,0.965295556857902
"6366",25,"ppp2r5cb",-0.00140865573225045,0.685105896844687,0.997363418139039
"6367",25,"hsp90aa1.2",0.00812329435143279,0.0534956067849399,0.848721627975103
"6368",25,"wdr20b",0.000627571950649204,0.461579480777823,0.997363418139039
"6369",25,"rps29",-0.00489897381888459,0.208016025764863,0.990065078286043
"6370",25,"LOC111573798",-0.00832280107633293,0.264196428778985,0.990065078286043
"6371",25,"fkbp3",0.000106001983279854,0.815745102599342,0.997363418139039
"6372",25,"faua",0.000494378517426211,0.810032700655903,0.997363418139039
"6373",25,"prpf39",0.00226187946770154,0.028747140062294,0.814336317015072
"6374",25,"arf6a",-0.000495171147813265,0.785753166180416,0.997363418139039
"6375",25,"LOC111583094",-0.00534175432163428,0.0586625573669895,0.869097537705332
"6376",25,"naa30",-0.00262372300033269,0.472006113722993,0.997363418139039
"6377",25,"armh4",-0.00412193360725631,0.510779734851034,0.997363418139039
"6378",25,"actr10",-0.00143309329946351,0.581597754598887,0.997363418139039
"6379",25,"cipcb",0.000231784086510444,0.904801880456813,0.998213961771008
"6380",25,"entpd5b",-0.00144699436201518,0.230081451187665,0.990065078286043
"6381",25,"znf410",0.000350301675096059,0.750511077881125,0.997363418139039
"6382",25,"LOC111585849",-0.000876724764463016,0.326489322265897,0.990065078286043
"6383",25,"lrfn5b",0.00127964027463109,0.576301884765345,0.997363418139039
"6384",25,"yy1b",-0.00122741127269056,0.579021155119856,0.997363418139039
"6385",25,"evlb",-0.00216250920785611,0.350721105298033,0.990065078286043
"6386",25,"LOC111585839",-0.000997134309952788,0.583827295516834,0.997363418139039
"6387",25,"LOC111585925",-0.00109525726463753,0.0306806315327251,0.814336317015072
"6388",25,"pak5",-0.00635648779190155,0.142812669884307,0.961176492579385
"6389",25,"LOC129350193",-0.00189835753194143,0.0751321256520687,0.871360915888879
"6390",25,"LOC111569680",-0.00263291482152784,0.510883607391047,0.997363418139039
"6391",25,"LOC111569671",-0.0018715446694923,0.765656032571789,0.997363418139039
"6392",25,"trmt6",-0.00117858732272879,0.380919787791725,0.993035270927248
"6393",25,"chgb",3.99212545393827e-05,0.99476109266865,0.999223513981536
"6394",25,"gpcpd1",0.000803510910731308,0.617553383541207,0.997363418139039
"6395",25,"napbb",-4.23956103933495e-06,0.998152672694348,0.999223513981536
"6396",25,"gzf1",-9.59010150116929e-05,0.922480702895112,0.998213961771008
"6397",25,"trib2",-0.000762472836617138,0.577436906798674,0.997363418139039
"6398",25,"LOC111569679",-0.00846545560682167,0.148401326705227,0.965844284468449
"6399",25,"LOC129350201",0.00240132839549069,0.452236560999523,0.997363418139039
"6400",25,"LOC129350200",-0.000268702340199233,0.813547850919277,0.997363418139039
"6401",25,"atad2b",-0.0010638736731536,0.6650175960974,0.997363418139039
"6402",25,"ubxn2a",-0.00013525748386906,0.953222592992676,0.998607408853002
"6403",25,"mfsd2b",0.00133327338909824,0.676746547014994,0.997363418139039
"6404",25,"fkbp1b",0.00466766910743804,0.0356900008971943,0.821359352393538
"6405",25,"mmut",0.000656268433238777,0.836304891191476,0.997363418139039
"6406",25,"runx2b",0.000337500724743911,0.790025387293641,0.997363418139039
"6407",25,"enpp5",-0.00459203798439968,0.386635322524541,0.99604104921104
"6408",25,"hmgn3",0.00334187523409975,0.0985973476511858,0.905054408445332
"6409",25,"phip",-0.000742246337753053,0.74110295402303,0.997363418139039
"6410",25,"selenoi",0.00355870328920981,0.169963239827939,0.988869416544517
"6411",25,"ost4",-0.00215195239697103,0.0723580088809165,0.869550081520816
"6412",25,"agbl5",-0.00549320614038416,0.0278110122373436,0.814336317015072
"6413",25,"bcl11bb",-0.00281580646158794,0.493879929677042,0.997363418139039
"6414",25,"ccdc85cb",-0.00430807903129897,0.222921669640057,0.990065078286043
"6415",25,"sptlc2b",-0.000699480269073461,0.68460778368848,0.997363418139039
"6416",25,"snw1",-0.00302210139772748,0.0889560572399922,0.8848525864663
"6417",25,"LOC118471281",-0.00110091618582743,0.530910761551991,0.997363418139039
"6418",25,"LOC111582007",0.00467683434816549,0.221234864698947,0.990065078286043
"6419",25,"LOC111569119",0.00148762631314869,0.385398519694657,0.99604104921104
"6420",25,"gtf2a1",-0.0016006579083481,0.195079198919428,0.990065078286043
"6421",25,"ches1",-0.00181426964649293,0.69045634706541,0.997363418139039
"6422",25,"LOC111566089",0.00330246507893401,0.300682955621688,0.990065078286043
"6423",25,"LOC111566088",-0.00874881857190655,0.327965822773453,0.990065078286043
"6424",25,"LOC111577553",0.00135778508166486,0.608318174502329,0.997363418139039
"6425",25,"LOC111577552",1.3434551365639e-05,0.993726630712942,0.999223513981536
"6426",25,"zgc:153383",0.000513740355903679,0.602950424690325,0.997363418139039
"6427",25,"flrt2",-0.00228119433882075,0.453689068919429,0.997363418139039
"6428",25,"LOC118470282",-0.000312940279386516,0.733545931422814,0.997363418139039
"6429",25,"clmnb",0.000400646660725987,0.631294758904237,0.997363418139039
"6430",25,"prkrip1",0.00136637227944283,0.511248002785599,0.997363418139039
"6431",25,"ints9",-0.00305254093303341,0.0338264707311011,0.821359352393538
"6432",25,"pla2g7",0.00119218550765663,0.28709154786179,0.990065078286043
"6433",25,"sf3b6",-0.00376670982985876,0.114152455054744,0.921820201924075
"6434",25,"vsnl1a",0.00260102983934682,0.554936064392275,0.997363418139039
"6435",25,"fam49a",-0.000685286158612664,0.719526248859354,0.997363418139039
"6436",25,"fzd3a",0.00162793023585624,0.521611275398953,0.997363418139039
"6437",25,"cdc42bpab",0.00238358133218866,0.713946015005516,0.997363418139039
"6438",25,"hnrnpub",-0.00099724978685125,0.737152026757668,0.997363418139039
"6439",25,"kif26bb",0.000840295872730678,0.434189265445802,0.996463890020745
"6440",25,"LOC129350187",0.000422748716248158,0.750486898584597,0.997363418139039
"6441",25,"cnstb",-0.00340544999143054,0.0111219843712049,0.811535974992135
"6442",25,"LOC111572213",0.00340905237513097,0.278663685047586,0.990065078286043
"6443",25,"snap25a",-0.00964064049629172,0.313693061427321,0.990065078286043
"6444",25,"stmn4",-0.00359742272464339,0.562852051963323,0.997363418139039
"6445",25,"znf395b",0.000215734281775685,0.894246707698855,0.998213961771008
"6446",25,"LOC129350185",0.000823480199573927,0.583779253811519,0.997363418139039
"6447",25,"LOC111571030",0.0024221696985834,0.071909499487583,0.869550081520816
"6448",25,"elp3",0.000608136892958803,0.586941826485434,0.997363418139039
"6449",25,"LOC111562636",0.00204187020479126,0.542515145672203,0.997363418139039
"6450",25,"LOC111571287",0.00119087548331529,0.327195227343162,0.990065078286043
"6451",25,"hmbox1b",0.00382012208857411,0.111540993493733,0.921820201924075
"6452",25,"disp1",0.00256472932945683,0.35898303487056,0.990065078286043
"6453",25,"LOC129350166",-0.000740960883005423,0.285087457219659,0.990065078286043
"6454",25,"brox",4.16487949105918e-05,0.988399054399266,0.999223513981536
"6455",25,"b4galt7",-0.0023767696234125,0.470435743361885,0.997363418139039
"6456",25,"tmed9",-0.00102709013812298,0.45673780725998,0.997363418139039
"6457",25,"LOC111582719",-0.011267759585562,0.38653654681197,0.99604104921104
"6458",25,"trappc11",0.00157360473275835,0.573117494972826,0.997363418139039
"6459",25,"rell2",-0.00154380472901396,0.592929949851454,0.997363418139039
"6460",25,"LOC129350409",0.0060825638828461,0.0525499221753991,0.84618751263396
"6461",25,"hspa9",-0.0057054930001516,0.113679739157733,0.921820201924075
"6462",25,"rab33ba",-0.000956058249405912,0.624467347967428,0.997363418139039
"6463",25,"polr2b",-0.00137680661515039,0.546287781850861,0.997363418139039
"6464",25,"LOC111573624",-0.00121272678105519,0.205474455516253,0.990065078286043
"6465",25,"selenot2",0.00288997400057699,0.17419807293437,0.990065078286043
"6466",25,"rnf4",-0.000694036429682565,0.372828047541735,0.990398034861638
"6467",25,"ccdc69",-0.000385136562956921,0.399766807673691,0.996463890020745
"6468",25,"maml1",0.00120169880269051,0.629453281142727,0.997363418139039
"6469",25,"canx",0.00539609800501485,0.101760282228275,0.912203428875534
"6470",25,"mgat4b",-0.00237559141638312,0.610996626748614,0.997363418139039
"6471",25,"LOC111583750",-0.00337861868439036,0.1562056349426,0.973091039840314
"6472",25,"nfkb1",-0.00137243235703144,0.438103608874096,0.996463890020745
"6473",25,"LOC111583747",-0.000441003335606658,0.815243209801551,0.997363418139039
"6474",25,"LOC111569103",-0.000298655489417883,0.922560498872379,0.998213961771008
"6475",25,"LOC111569101",0.00200241845397597,0.281897610008568,0.990065078286043
"6476",25,"matr3l1.2",0.00306443925548427,0.231957712213353,0.990065078286043
"6477",25,"LOC111569098",-0.000282717853034751,0.80218718013255,0.997363418139039
"6478",25,"LOC111585276",0.00028870537145553,0.735762959563116,0.997363418139039
"6479",25,"LOC118471573",-0.00160814504344117,0.327346818427898,0.990065078286043
"6480",25,"gfra3",0.000211016098351909,0.824837532068913,0.997363418139039
"6481",25,"hars",-0.00237140755146034,0.303882983872924,0.990065078286043
"6482",25,"ldhd",-0.000464827511894579,0.821891310617626,0.997363418139039
"6483",25,"sil1",0.000868277968081181,0.364213097805411,0.990065078286043
"6484",25,"shtn3",0.00158288185295293,0.553810792252925,0.997363418139039
"6485",25,"thoc3",7.70692533662916e-06,0.98982079857203,0.999223513981536
"6486",25,"cplx2b",0.00190600921468035,0.608591161604469,0.997363418139039
"6487",25,"LOC118471266",-0.000844408068062055,0.33981118979241,0.990065078286043
"6488",25,"g3bp1",0.00108523056808076,0.535368089114827,0.997363418139039
"6489",25,"atox1",-0.00152887385746946,0.514578945829585,0.997363418139039
"6490",25,"slc36a1",-0.00181836528178356,0.62312994645915,0.997363418139039
"6491",25,"mtnr1al",0.0021172214447691,0.215888111958237,0.990065078286043
"6492",25,"fat2",-0.00347215931322539,0.278375685486236,0.990065078286043
"6493",25,"lman2",-0.00031147053823709,0.914464371150371,0.998213961771008
"6494",25,"htr4",0.0070252541991047,0.266293665363184,0.990065078286043
"6495",25,"ppargc1b",-0.00489094032428673,0.0795756216276338,0.871360915888879
"6496",25,"LOC111571139",-0.000631987976916356,0.663689131574972,0.997363418139039
"6497",25,"LOC111563482",0.00013169168711407,0.910804061934536,0.998213961771008
"6498",25,"LOC111564844",-0.00528613478963498,0.437082197856757,0.996463890020745
"6499",25,"LOC111578485",0.00202463892138626,0.438869825950812,0.996463890020745
"6500",25,"slc49a3",0.000801575996438664,0.417078325397353,0.996463890020745
"6501",25,"LOC111578488",0.00185274593099551,0.244832920492024,0.990065078286043
"6502",25,"LOC111578486",0.00035675288837413,0.746189211598993,0.997363418139039
"6503",25,"sec24b",-0.00203919527849826,0.413416323602128,0.996463890020745
"6504",25,"srp72",-0.00104935740778415,0.614395247427153,0.997363418139039
"6505",25,"leprotl1",-0.0022083995415858,0.540308335728847,0.997363418139039
"6506",25,"fat4",-0.000268376484832315,0.794665582381569,0.997363418139039
"6507",25,"ankrd50",-0.000969910880342552,0.621980796614734,0.997363418139039
"6508",25,"LOC129350290",-0.00154271491803971,0.251352876137833,0.990065078286043
"6509",25,"spry1",-0.00206068081692992,0.305559458467778,0.990065078286043
"6510",25,"spata5",-0.0032105070651224,0.0758481860092924,0.871360915888879
"6511",25,"nudt6",0.00115308631239997,0.168589798459474,0.987203656157782
"6512",25,"fgf2",-0.0042237470050655,0.0021071582915752,0.811535974992135
"6513",25,"npm1b",-0.00045614770008229,0.809362528951393,0.997363418139039
"6514",25,"nanos1",-0.00154097396263471,0.0266235432880437,0.811535974992135
"6515",25,"LOC111578167",-0.000980101975612684,0.36067129664821,0.990065078286043
"6516",25,"tmem33",0.000651409572973549,0.62111196789912,0.997363418139039
"6517",25,"ccna2",-5.61229335181346e-05,0.947811188786763,0.998607408853002
"6518",25,"prom1a",-0.000565432894202762,0.787441938285325,0.997363418139039
"6519",25,"tapt1a",0.00125744591446414,0.370491860687486,0.990398034861638
"6520",25,"ldb2a",0.0011752355480956,0.54773803219011,0.997363418139039
"6521",25,"qdpra",0.000396871793546345,0.669904725901485,0.997363418139039
"6522",25,"fstl5",4.19541462919931e-05,0.97752513594703,0.999223513981536
"6523",25,"rapgef2b",-0.00554875414403435,0.263493966497107,0.990065078286043
"6524",25,"ppid",-0.00256912381388885,0.0169544973477533,0.811535974992135
"6525",25,"etfdh",0.00156407418406659,0.419454184175094,0.996463890020745
"6526",25,"rxfp1",-0.000665722447753608,0.843785421651014,0.997363418139039
"6527",25,"gria2b",0.000896997953378499,0.759367366819155,0.997363418139039
"6528",25,"glrbb",-0.00284958489569412,0.444157616134532,0.996463890020745
"6529",25,"aga",0.000223496251484106,0.806318710309708,0.997363418139039
"6530",25,"si:dkey-237h12.3",-0.00475323065839931,0.350598452479534,0.990065078286043
"6531",25,"spata4",0.000711841019357871,0.41255558822593,0.996463890020745
"6532",25,"gpm6aa",-0.00541464511691657,0.427344561516597,0.996463890020745
"6533",25,"elovl6",0.000640438213301848,0.8634575666321,0.997363418139039
"6534",25,"pitx2",-0.00102843787133083,0.460096839736206,0.997363418139039
"6535",25,"LOC111588371",0.00205121247206106,0.00280701770027042,0.811535974992135
"6536",25,"LOC118469578",-0.003886886659595,0.222005577950732,0.990065078286043
"6537",25,"lingo2",-0.00960371676462338,0.129215133345723,0.942759362883966
"6538",25,"cxcl14",-0.00579421191707595,0.367890130792877,0.990313911305458
"6539",25,"fam13b",0.00104077165844824,0.830381521482381,0.997363418139039
"6540",25,"klhl3",0.00288603246563868,0.173195026231465,0.990065078286043
"6541",25,"LOC111580477",-0.0033980891110995,0.21401284471878,0.990065078286043
"6542",25,"LOC111580474",-0.00323887590596929,0.228902864929352,0.990065078286043
"6543",25,"maea",0.00198358651620716,0.340767611248971,0.990065078286043
"6544",25,"LOC111580478",-0.00108981534760597,0.869031941433777,0.997363418139039
"6545",25,"slit3",-0.0012040778176843,0.304245074304061,0.990065078286043
"6546",25,"gpc2",0.00336564037544625,0.527340991592269,0.997363418139039
"6547",25,"LOC111581156",0.000860843101558434,0.261839589398574,0.990065078286043
"6548",25,"mcm7",-0.00126985693589234,0.123462199473976,0.930634167332138
"6549",25,"cops6",0.000386873808159318,0.759407931696442,0.997363418139039
"6550",25,"LOC111586347",0.000401039644920364,0.673273451189961,0.997363418139039
"6551",25,"LOC111586349",-0.0094601226083309,0.00221516275518345,0.811535974992135
"6552",25,"LOC129350313",-0.00120228876189879,0.0646719944165533,0.869097537705332
"6553",25,"bod1l1",-0.00118067547452273,0.527192509694199,0.997363418139039
"6554",25,"LOC111588478",0.000791960636164703,0.689123560975659,0.997363418139039
"6555",25,"rab28",0.00114522823254588,0.656953995462867,0.997363418139039
"6556",25,"LOC111583275",0.000137305494991805,0.930178756268934,0.998213961771008
"6557",25,"slc30a9",-0.00178765343201537,0.678418898244179,0.997363418139039
"6558",25,"atp8a1",-0.000992720384285397,0.794981400651102,0.997363418139039
"6559",25,"LOC111583622",-0.00372057427215722,0.0442193079866118,0.831224412073173
"6560",25,"LOC111583621",-0.00030426938144834,0.849186221030407,0.997363418139039
"6561",25,"sfxn5b",-0.00110458913771647,0.250587580030063,0.990065078286043
"6562",25,"smyd5",-0.0010416870713802,0.102967523339126,0.912203428875534
"6563",25,"enox2",-0.00401147273158301,0.399980329743421,0.996463890020745
"6564",25,"med12",0.00213016368170392,0.312921765781746,0.990065078286043
"6565",25,"timm8a",0.000687653534245312,0.577953927184815,0.997363418139039
"6566",25,"rpl36a",-6.34461129789971e-05,0.991597108110749,0.999223513981536
"6567",25,"gla",-0.000342038129204523,0.873174605523306,0.997467216779817
"6568",25,"glra4a",-0.00021096122855831,0.950135734155827,0.998607408853002
"6569",25,"diaph2",-0.000272518399089024,0.95443277669433,0.998607408853002
"6570",25,"pcdh19",0.00150747001805157,0.788704773784601,0.997363418139039
"6571",25,"LOC111570099",-0.00310671193422521,0.190467880037992,0.990065078286043
"6572",25,"nkrf",0.00115934648369021,0.569971620527374,0.997363418139039
"6573",25,"septin6",9.63134771430277e-05,0.96778188124143,0.999223513981536
"6574",25,"rpl39",-0.00400952626846385,0.284791963806891,0.990065078286043
"6575",25,"ndufa1",-0.00162829559884817,0.396568246935699,0.996463890020745
"6576",25,"nkap",0.00374727413719381,0.0328159353832526,0.821359352393538
"6577",25,"zbtb33",0.00132780277747008,0.076620302800092,0.871360915888879
"6578",25,"tmem255a",-0.0014834244788769,0.685075022349563,0.997363418139039
"6579",25,"LOC129350319",0.000746802703861635,0.636420454050519,0.997363418139039
"6580",25,"lamp2",-0.00136211715932512,0.744204735606992,0.997363418139039
"6581",25,"cul4b",-0.00259769191130119,0.120091780575176,0.927131716509101
"6582",25,"mcts1",0.00152584726788461,0.353887447154872,0.990065078286043
"6583",25,"zdhhc9",0.00181738346296326,0.0114115498865422,0.811535974992135
"6584",25,"trmt12",-7.61850443372213e-05,0.895838865237579,0.998213961771008
"6585",25,"srpx2",0.000272086136370885,0.63891098397919,0.997363418139039
"6586",25,"tspan7",-0.000259948817759046,0.930443698811617,0.998213961771008
"6587",25,"mid1ip1l",-0.00464874052909799,0.0593730494879672,0.869097537705332
"6588",25,"bcorl1",-0.00146441133619019,0.341247913050157,0.990065078286043
"6589",25,"cstf2",0.000568812182537822,0.62716133656991,0.997363418139039
"6590",25,"tmem35",-0.00113188169753217,0.78308977619956,0.997363418139039
"6591",25,"drp2",0.00509453702162207,0.285902141182034,0.990065078286043
"6592",25,"taf7",-0.000533925509787174,0.826505463592236,0.997363418139039
"6593",25,"slc9a6a",-0.00120179302033633,0.511954665504248,0.997363418139039
"6594",25,"arhgef6",-0.000165403354342787,0.962422954552404,0.998789723674583
"6595",25,"rbmx",-0.00069836770938122,0.721697968408574,0.997363418139039
"6596",25,"LOC111566326",-0.00311745160330737,0.054670889972001,0.856360596151954
"6597",25,"gpr101",-0.0011000300285706,0.333845975920094,0.990065078286043
"6598",25,"LOC111566325",-0.00240330664869948,0.514426147280529,0.997363418139039
"6599",25,"zic3",0.00210542484104632,0.100176730065945,0.908982550675236
"6600",25,"zic6",0.000108885389511801,0.932918862520619,0.998287452144299
"6601",25,"fgf13a",-0.00043633966307208,0.961559188069307,0.998789723674583
"6602",25,"LOC129350305",0.00183195574005257,0.269425040771879,0.990065078286043
"6603",25,"mcf2a",0.000330640445071063,0.8786783823303,0.997890690913835
"6604",25,"atp11c",-0.00135318509633939,0.387206383889612,0.99604104921104
"6605",25,"sox3",-0.000745409037057496,0.0614302515769382,0.869097537705332
"6606",25,"rab41",0.00170445145075445,0.692402619206703,0.997363418139039
"6607",25,"dlg3",-0.0014400236631462,0.652482775332976,0.997363418139039
"6608",25,"tex11",-0.00157153791417243,0.0551478450519663,0.856360596151954
"6609",25,"chic1",-0.000295497196294756,0.888716806216175,0.998213961771008
"6610",25,"slc25a43",-0.000196652314908158,0.826566808621645,0.997363418139039
"6611",25,"slc25a5",-0.00637190211633659,0.148627368892757,0.965844284468449
"6612",25,"mrpl11",0.00277303098648151,0.139000259404784,0.957578775787136
"6613",25,"npas4a",-0.00299587095366927,0.188721167676641,0.990065078286043
"6614",25,"ccdc85b",-0.00067217353395705,0.314037208224587,0.990065078286043
"6615",25,"yif1a",0.00096338934880116,0.405841486475091,0.996463890020745
"6616",25,"atl3",3.28686181957608e-05,0.968953718300421,0.999223513981536
"6617",25,"cfl1",-0.0047579946175146,0.190477094101023,0.990065078286043
"6618",25,"ubl3b",-0.0013287436257131,0.531972791615201,0.997363418139039
"6619",25,"sesn4",0.000271166296204031,0.939067323928693,0.998607408853002
"6620",25,"rap2c",5.46544860598227e-05,0.973284821727257,0.999223513981536
"6621",25,"mbnl3",-0.00351239591580085,0.370788241731344,0.990398034861638
"6622",25,"hs6st2",0.000543346683142707,0.481566153323361,0.997363418139039
"6623",25,"zgc:153018",-0.00300473830770004,0.465568626245086,0.997363418139039
"6624",25,"si:ch211-107m4.1",-0.000568444174156347,0.870465750471382,0.997363418139039
"6625",25,"vegfba",-0.000736432112001474,0.828888513694364,0.997363418139039
"6626",25,"stx5a",-0.000783959686236691,0.628056481303348,0.997363418139039
"6627",25,"kcnk4a",-0.000346981631956023,0.459090015918794,0.997363418139039
"6628",25,"tgfb5",-0.00108994979616042,0.0980130490562327,0.905020048534428
"6629",25,"trmt112",0.00125886907259145,0.139779090840259,0.957578775787136
"6630",25,"atg2a",-0.00115080276828731,0.588502900041932,0.997363418139039
"6631",25,"nxf1a",-0.000244821534811009,0.890141679690855,0.998213961771008
"6632",25,"rnaseh2c",-0.000147309376093891,0.834119803706308,0.997363418139039
"6633",25,"trpt1",-0.00068412667179077,0.400028914311152,0.996463890020745
"6634",25,"macrod1",0.0018792743737388,0.502320476777873,0.997363418139039
"6635",25,"flrt1b",-0.00040135017724622,0.919587723569478,0.998213961771008
"6636",25,"scyl1",0.000665491078786088,0.737761744650184,0.997363418139039
"6637",25,"LOC111576369",0.000279294110383073,0.830645426642662,0.997363418139039
"6638",25,"ganabb",0.00107731889201463,0.615900034057539,0.997363418139039
"6639",25,"ubxn1",0.00124618982499249,0.669656742924678,0.997363418139039
"6640",25,"ehd1a",-0.000820146524932883,0.364245210281085,0.990065078286043
"6641",25,"si:ch211-168f7.5",0.000112482146558291,0.965540456195788,0.999144865473873
"6642",25,"LOC111581109",-0.000548932985302511,0.830830871905404,0.997363418139039
"6643",25,"zdhhc24",-0.00101960160286324,0.228064980334973,0.990065078286043
"6644",25,"pola2",-0.000986257821467395,0.362770258654376,0.990065078286043
"6645",25,"slc16a2",-0.000455657441162488,0.641841669993568,0.997363418139039
"6646",25,"LOC129350286",0.000592645398304988,0.314802687907279,0.990065078286043
"6647",25,"mid2",-0.000693686524747598,0.830997576291153,0.997363418139039
"6648",25,"tsc22d3",0.00066886921139141,0.872420491319288,0.997363418139039
"6649",25,"pcdh11",-0.00502162790151405,0.139815876566372,0.957578775787136
"6650",25,"klhl4",0.000707884475905843,0.49723338128816,0.997363418139039
"6651",25,"eef1g",-0.0015572909472025,0.71274995370104,0.997363418139039
"6652",25,"LOC111582308",0.000774758031745042,0.459867806159488,0.997363418139039
"6653",25,"LOC111576478",0.00215706534607337,0.420604889667503,0.996463890020745
"6654",25,"LOC111576507",-0.00143931311115144,0.460850389809831,0.997363418139039
"6655",25,"kdm2ab",0.000918258292519713,0.493533401623707,0.997363418139039
"6656",25,"ran",0.00354833982497371,0.166230559369353,0.983634964087825
"6657",25,"ndufs8b",-0.00147556193980955,0.226023298937015,0.990065078286043
"6658",25,"ssrp1a",-5.18586094301997e-05,0.972145685450789,0.999223513981536
"6659",25,"zdhhc5b",0.00337720925294508,0.389120345627261,0.99604104921104
"6660",25,"clp1",-0.000597090100031606,0.685815516444426,0.997363418139039
"6661",25,"rtn4rl2b",-0.000486825046465441,0.571263305399126,0.997363418139039
"6662",25,"LOC111576477",0.00204400943707322,0.113608889823259,0.921820201924075
"6663",25,"si:dkeyp-121d2.7",0.00163014335867717,0.414203069380045,0.996463890020745
"6664",25,"mif",-0.00262508722861305,0.479747719145645,0.997363418139039
"6665",25,"LOC111583657",-0.0003902174979809,0.684724659670302,0.997363418139039
"6666",25,"LOC111583659",-0.000780711578075957,0.680305672429608,0.997363418139039
"6667",25,"LOC111583656",-0.00213327760070497,0.39163525981225,0.996463890020745
"6668",25,"wfs1b",-0.00166033221695727,0.250155323998877,0.990065078286043
"6669",25,"jakmip1",-0.00124482673782107,0.403923905734873,0.996463890020745
"6670",25,"LOC111583652",-0.000673508068950178,0.745679998702562,0.997363418139039
"6671",25,"LOC111575950",-0.000686902651331234,0.895188928934285,0.998213961771008
"6672",25,"LOC111572298",0.00148762592339795,0.16305451841536,0.982724119992008
"6673",25,"LOC111576782",-0.00022763411715241,0.928358949902367,0.998213961771008
"6674",25,"LOC118471157",-0.0031054067217282,0.286228563415026,0.990065078286043
"6675",25,"LOC129350335",-0.00177495031000578,0.520844023168011,0.997363418139039
"6676",25,"LOC129350336",0.000503370357175966,0.69868753138657,0.997363418139039
"6677",25,"LOC129350337",-0.000793206131016707,0.579557509310051,0.997363418139039
"6678",25,"LOC111576748",-0.000380120720474599,0.879444209401618,0.998213961771008
"6679",25,"LOC111576750",0.00381930769929973,0.106040337685839,0.912203428875534
"6680",25,"LOC111576751",0.00181551577675303,0.077046043445705,0.871360915888879
"6681",25,"LOC111576752",0.00132025301549733,0.739206334850577,0.997363418139039
"6682",25,"LOC129350344",0.000954346018939744,0.303879452205562,0.990065078286043
"6683",25,"LOC111576775",0.00100921118095808,0.392816863731854,0.996463890020745
"6684",25,"LOC111576778",-0.00202892677043335,0.178841259031709,0.990065078286043
"6685",25,"LOC111576779",-3.80148435874478e-05,0.971449616689554,0.999223513981536
"6686",25,"LOC111576757",0.00190603120251053,0.169379797851057,0.988760019020403
"6687",25,"LOC111576758",-0.0025302355105825,0.23350715748172,0.990065078286043
"6688",25,"LOC111576787",0.00228445299873592,0.223427522425257,0.990065078286043
"6689",25,"LOC111576764",0.00113752972801027,0.564892884689209,0.997363418139039
"6690",25,"LOC111576766",0.00333281126993628,0.10795598669162,0.917246952869275
"6691",25,"LOC111576768",0.00078950099990324,0.772583020076576,0.997363418139039
"6692",25,"LOC129350346",-0.00191060720376701,0.142275889206314,0.961176492579385
"6693",25,"LOC129350408",-0.00133882023996542,0.599419729769378,0.997363418139039
"6694",25,"LOC111566338",0.00121745032087563,0.260782306673663,0.990065078286043
"6695",25,"LOC118471158",0.00102523883877535,0.538172379925658,0.997363418139039
"6696",25,"LOC111566339",-0.000957812985130904,0.341349152034433,0.990065078286043
"6697",25,"LOC129350338",-0.00161466696477982,0.517644832455173,0.997363418139039
"6698",25,"LOC111585142",-0.000668202607787769,0.725934475533212,0.997363418139039
"6699",25,"LOC111585140",0.000431762920349901,0.843167824529021,0.997363418139039
"6700",25,"LOC111585141",0.000343519588385081,0.785123028373306,0.997363418139039
"6701",25,"LOC111585146",-0.00129276898091876,0.662518336037465,0.997363418139039
"6702",25,"LOC111566343",-0.000762599615674169,0.591891971947876,0.997363418139039
"6703",25,"LOC111566370",-0.00175449857392706,0.3826790742782,0.995245543985489
"6704",25,"LOC111566367",0.000193730263263415,0.828906546769675,0.997363418139039
"6705",25,"LOC111572933",0.000245339975565634,0.937859941500297,0.998607408853002
"6706",25,"LOC129350331",-0.000980898763809914,0.602178312012658,0.997363418139039
"6707",25,"LOC111580573",0.0022751771984983,0.0685395773798521,0.869550081520816
"6708",25,"LOC111587025",3.18198816643378e-05,0.990539476396862,0.999223513981536
"6709",25,"LOC111580891",0.00149510918677373,0.368190881766258,0.990313911305458
"6710",25,"LOC129350345",-0.0028392440176506,0.0353465825954748,0.821359352393538
"6711",25,"LOC111577454",0.000433194969972372,0.8046372787696,0.997363418139039
"6712",25,"LOC111577457",0.00475278231079068,0.239009029859691,0.990065078286043
"6713",25,"LOC129350357",0.00209091486714259,0.573745104482274,0.997363418139039
"6714",25,"si:ch73-233f7.1",-0.00209952309721551,0.276156002171426,0.990065078286043
"6715",25,"fbxw11a",-0.000181534634715699,0.925080856399665,0.998213961771008
"6716",25,"spock1",0.0051636264872395,0.182079341472882,0.990065078286043
"6717",25,"LOC111576744",-0.000798527639107836,0.861282754561162,0.997363418139039
"6718",25,"ube2ka",-0.00282005647293334,0.0782978001410331,0.871360915888879
"6719",25,"ints10",0.00019248135361525,0.921546746647393,0.998213961771008
"6720",25,"slc25a51b",0.000204655422688036,0.763294526593549,0.997363418139039
"6721",25,"frmpd1b",0.00240519349320989,0.428752974818086,0.996463890020745
"6722",25,"tomm5",-0.000394198622466546,0.705290496122159,0.997363418139039
"6723",25,"grhpra",-0.000452732418465622,0.538686656092664,0.997363418139039
"6724",25,"si:ch211-203d1.3",0.000133241661432481,0.933647537381831,0.998311327882942
"6725",25,"tcirg1b",-0.000169557097440647,0.859244042836361,0.997363418139039
"6726",25,"prpf19",-0.00065076548064967,0.481970744016229,0.997363418139039
"6727",25,"LOC111572172",-0.00375750364845822,0.0165402459579645,0.811535974992135
"6728",25,"rnf20",-0.00238797226609399,0.122963082049032,0.930634167332138
"6729",25,"pdgfrb",-0.00205905596614934,0.0276159990380701,0.811535974992135
"6730",25,"hmgxb3",0.00128087279739012,0.456181819043396,0.997363418139039
"6731",25,"ndst1a",-7.19522343341894e-05,0.978271324928859,0.999223513981536
"6732",25,"rbm22",-0.00360068182989054,0.00642884946314261,0.811535974992135
"6733",25,"simc1",0.000597516566824383,0.620926612951903,0.997363418139039
"6734",25,"LOC111569508",0.00607307207940665,0.0650237926980955,0.869097537705332
"6735",25,"LOC111569503",-0.0015200171284975,0.134771742071491,0.952318214563295
"6736",25,"si:dkeyp-72g9.4",0.00280587773566854,0.209790075751667,0.990065078286043
"6737",25,"LOC111569512",0.0024906218615908,0.417612204168982,0.996463890020745
"6738",25,"mapk9",0.00149449413672867,0.631373224594791,0.997363418139039
"6739",25,"LOC118470389",-0.000477336638018122,0.507412078269455,0.997363418139039
"6740",25,"LOC111573440",0.00156714298001342,0.62216296881343,0.997363418139039
"6741",25,"tmem126a",-0.00031822566999477,0.733213485500561,0.997363418139039
"6742",25,"clk4a",0.0060789207728973,0.163087616297703,0.982724119992008
"6743",25,"col23a1a",-0.00163898191711278,0.499462866187814,0.997363418139039
"6744",25,"rack1",4.52378173758477e-05,0.986349572207119,0.999223513981536
"6745",25,"hnrnpaba",0.00500846922926504,0.0350276748104766,0.821359352393538
"6746",25,"ctbp1",0.000633460227270707,0.797585427161384,0.997363418139039
"6747",25,"kdm3b",-0.00239259428580248,0.2958861395822,0.990065078286043
"6748",25,"reep2",-0.00409799703445245,0.201754342120987,0.990065078286043
"6749",25,"LOC118470813",-8.01613867972747e-05,0.884149993690488,0.998213961771008
"6750",25,"egr1",-0.000234878121774374,0.760419330750857,0.997363418139039
"6751",25,"c1qtnf2",-0.0001678730737171,0.894307319340929,0.998213961771008
"6752",25,"nsd1a",0.000139597847529046,0.922750890812477,0.998213961771008
"6753",25,"si:ch1073-44g3.1",-0.00368273987193896,0.0815563452553952,0.876927364271359
"6754",25,"atp5po",-0.000784120520990214,0.832435216232285,0.997363418139039
"6755",25,"LOC111583211",0.000748973482457038,0.451642865600002,0.997129532159619
"6756",25,"sfxn1",0.000654337462969526,0.797401604383976,0.997363418139039
"6757",25,"atp7a",-0.000552072922584416,0.654273525566922,0.997363418139039
"6758",25,"gabrb2a",-0.000657232563093892,0.92426774691585,0.998213961771008
"6759",25,"gabra6a",-0.000575794185562395,0.594992657112902,0.997363418139039
"6760",25,"ccng1",0.000573674635242565,0.885391247519787,0.998213961771008
"6761",25,"LOC111567554",-0.000692223583517984,0.862176025078312,0.997363418139039
"6762",25,"LOC111567550",0.000497491193222993,0.848329655444651,0.997363418139039
"6763",25,"hspa4b",0.00226572852634888,0.259095629112714,0.990065078286043
"6764",25,"gnpda1",0.00112958386406972,0.10411929862745,0.912203428875534
"6765",25,"LOC111565143",0.00114468002802415,0.825869563978761,0.997363418139039
"6766",25,"fgf1a",0.000404110618407255,0.671827416970369,0.997363418139039
"6767",25,"nr3c1",-1.20662512225959e-05,0.996747020510038,0.999223513981536
"6768",25,"kif3a",0.00158313109510824,0.671972637181737,0.997363418139039
"6769",25,"atrx",-0.00275301117219838,0.630684403913996,0.997363418139039
"6770",25,"zdhhc15b",-0.00169543786643124,0.443335298469548,0.996463890020745
"6771",25,"uprt",-0.000615682083242196,0.738542369567878,0.997363418139039
"6772",25,"abcb7",0.00128640604979703,0.482110904804547,0.997363418139039
"6773",25,"nexmifb",-0.00415872554490786,0.505320358079124,0.997363418139039
"6774",25,"rlim",-0.000217740168075871,0.872308581916282,0.997363418139039
"6775",25,"glod5",-0.00143767311653486,0.478638443517347,0.997363418139039
"6776",25,"LOC111566180",-0.000652965505237215,0.361957875088369,0.990065078286043
"6777",25,"LOC111566167",0.00211051998431506,0.457610047455147,0.997363418139039
"6778",25,"tmem129",-0.00338102323591333,0.316298916918041,0.990065078286043
"6779",25,"ccdc142",-0.000858516101420949,0.835690438635029,0.997363418139039
"6780",25,"slbp",-0.000618364272092925,0.617199301288192,0.997363418139039
"6781",25,"immt",0.000173189406483112,0.945367382127497,0.998607408853002
"6782",25,"rnf103",-0.000232355076825099,0.96788613628042,0.999223513981536
"6783",25,"abhd18",0.00117450893155817,0.78618523502012,0.997363418139039
"6784",25,"pcdh10b",-0.00571097754907217,0.195803958951957,0.990065078286043
"6785",25,"pcdh18b",0.00189744194331251,0.407423659639953,0.996463890020745
"6786",25,"LOC111580096",0.000598652533499184,0.588478360339113,0.997363418139039
"6787",25,"nocta",0.00163559598320999,0.276374180990351,0.990065078286043
"6788",25,"elf2a",6.76697432490487e-06,0.996019545142348,0.999223513981536
"6789",25,"mgarpa",0.00407736062079121,0.308415609615829,0.990065078286043
"6790",25,"ndufc1",-0.00167412615708343,0.408497942436618,0.996463890020745
"6791",25,"naa15a",-0.00152363237453171,0.107646383912572,0.915537148478324
"6792",25,"slc44a1b",-0.00116633150618519,0.536731820974129,0.997363418139039
"6793",25,"noa1",-0.00121121828123482,0.532553304057862,0.997363418139039
"6794",25,"LOC111564009",-0.004546662793965,0.0823251007974686,0.877876627611259
"6795",25,"rnf130",0.00174176182341279,0.328417570194665,0.990065078286043
"6796",25,"slitrk2",-0.00173704885366079,0.631632028794308,0.997363418139039
"6797",25,"igbp1",-0.00479735482743246,0.000161214999921728,0.634381024692
"6798",25,"rint1",-0.00100252799866515,0.376986495191472,0.991163825330808
"6799",25,"hspa14",0.000356670578021456,0.800689256496132,0.997363418139039
"6800",25,"enpp6",0.000151774583034861,0.911308962926678,0.998213961771008
"6801",25,"LOC111583589",-0.00516391783976157,0.0534068728210659,0.848543921470637
"6802",25,"csnk1a1",0.00375841568501796,0.645756969415611,0.997363418139039
"6803",25,"fbxo38",-0.00317666100053338,0.304452553299681,0.990065078286043
"6804",25,"cep162",0.00144417894888147,0.303507824922545,0.990065078286043
"6805",25,"slitrk4",-0.00608615849834675,0.197690356228542,0.990065078286043
"6806",25,"st3gal5",-0.00265601904213224,0.228696887273314,0.990065078286043
"6807",25,"polr1a",-0.00151303999074033,0.287498984508685,0.990065078286043
"6808",25,"ptcd3",-0.00199054825713012,0.0334288600109275,0.821359352393538
"6809",25,"LOC111580984",-0.00192593091491225,0.1956410251099,0.990065078286043
"6810",25,"snx25",-0.00280860183712536,0.0762980096544424,0.871360915888879
"6811",25,"LOC111580991",-0.000397109986396191,0.829893642574617,0.997363418139039
"6812",25,"LOC129350310",-0.000835700931181116,0.288671814176888,0.990065078286043
"6813",25,"il1rapl2",0.00549022356597186,0.697923705713396,0.997363418139039
"6814",25,"LOC111566488",0.000155049746935041,0.800498534596765,0.997363418139039
"6815",25,"myot",0.000189034155605155,0.839892900626814,0.997363418139039
"6816",25,"rab33a",0.000630916183740931,0.605661336832235,0.997363418139039
"6817",25,"fmr1",0.00303127742445562,0.327875799760081,0.990065078286043
"6818",25,"aff2",-0.00577594426968148,0.338468362051064,0.990065078286043
"6819",25,"dcps",-0.000442462326635664,0.559221881875835,0.997363418139039
"6820",25,"zgc:66433",-0.00224201904834986,0.0334953453897159,0.821359352393538
"6821",25,"LOC111565188",0.00114194192810615,0.596616537155474,0.997363418139039
"6822",25,"commd5",0.00103849547761917,0.224852866511916,0.990065078286043
"6823",25,"fam199x",-5.88462860275898e-06,0.997827195297796,0.999223513981536
"6824",25,"smim19",0.000970078178991106,0.733501653018965,0.997363418139039
"6825",25,"gpr137",0.000642236615487418,0.39650576769762,0.996463890020745
"6826",25,"syvn1",-0.000603439168047054,0.670549434734881,0.997363418139039
"6827",25,"ap1ar",-0.00328330219939629,0.133197401629108,0.946926652021974
"6828",25,"LOC111573063",-0.0066254848887248,0.220222447569036,0.990065078286043
"6829",25,"guf1",-0.000556047144335787,0.820755085912351,0.997363418139039
"6830",25,"pigg",0.00197945441683986,0.217676462820797,0.990065078286043
"6831",25,"fnta",0.000387893886540719,0.74802059760615,0.997363418139039
"6832",25,"aup1",0.000654754305522942,0.396028872218467,0.996463890020745
"6833",25,"ctsf",0.00337199707318718,0.579948555566911,0.997363418139039
"6834",25,"nrg2b",-0.000122344031355073,0.963852561098996,0.99894368917766
"6835",25,"purab",-0.00251988019717138,0.320782128252035,0.990065078286043
"6836",25,"psd2",-0.00153060072349462,0.450366485467124,0.996463890020745
"6837",25,"zgc:110843",-0.000246364140515524,0.882716572935744,0.998213961771008
"6838",25,"ube2d2",0.000695762087381102,0.857038735056174,0.997363418139039
"6839",25,"ppp3cb",-0.000285402007588946,0.946162299676357,0.998607408853002
"6840",25,"LOC129350293",0.0018541841811045,0.239828806459205,0.990065078286043
"6841",25,"brd8b",-0.00108263141233191,0.641787370461335,0.997363418139039
"6842",25,"gpc3",0.00250070745797322,0.249716014408951,0.990065078286043
"6843",25,"phf6",-0.00260310762697132,0.308129310166608,0.990065078286043
"6844",25,"hprt1",-0.00260512446207681,0.227472393764378,0.990065078286043
"6845",25,"pabir2",0.00150012613753725,0.28250453568896,0.990065078286043
"6846",25,"ints6l",-0.00290478010295006,0.0220330501016018,0.811535974992135
"6847",25,"mmgt1",-0.00298831086093678,0.0830164098045407,0.877876627611259
"6848",25,"pfdn6",0.000918313036793324,0.20716329792661,0.990065078286043
"6849",25,"micu3b",0.00614500926180627,0.0161791051863797,0.811535974992135
"6850",25,"LOC129350354",-0.00147672600438366,0.0183270907228221,0.811535974992135
"6851",25,"LOC129350381",-0.000802219766415754,0.694765218701781,0.997363418139039
"6852",25,"zdhhc2",-0.000225151574023201,0.887091183742415,0.998213961771008
"6853",25,"cnot7",0.000107302343632622,0.909759907226182,0.998213961771008
"6854",25,"mtmr7a",-0.00137324757014033,0.628839604851324,0.997363418139039
"6855",25,"mtus1a",-0.00103032416591573,0.520834620544039,0.997363418139039
"6856",25,"sybl1",-0.00166722441263568,0.5464880225554,0.997363418139039
"6857",25,"polr1d",4.45410638910736e-05,0.979755450432462,0.999223513981536
"6858",25,"LOC111569859",0.00033336528401688,0.94995766494649,0.998607408853002
"6859",25,"tbx22",-0.0013108197012113,0.0181853631008381,0.811535974992135
"6860",25,"LOC111569860",0.00254752367155184,0.334465893568957,0.990065078286043
"6861",25,"LOC111569872",-0.00185862726603276,0.239759431090493,0.990065078286043
"6862",25,"hmgn7",-0.00312789779058651,0.0449246332267564,0.835539982155957
"6863",25,"rps6kal",-0.0018915996898476,0.0992838169366121,0.905054408445332
"6864",25,"hdx",0.000208203985696906,0.697280196923177,0.997363418139039
"6865",25,"si:ch211-26b3.4",-0.00767333484477659,0.0524324761980908,0.84618751263396
"6866",25,"apool",0.00376984904287242,0.107260882332344,0.914863809554871
"6867",25,"LOC111571060",-0.000873276963725185,0.569940564865197,0.997363418139039
"6868",25,"tenm1",-0.00422926873985307,0.519091571632849,0.997363418139039
"6869",25,"LOC111583145",0.00188048715159889,0.340114463368394,0.990065078286043
"6870",25,"zc4h2",-0.00031286275646024,0.88837060134658,0.998213961771008
"6871",25,"efnb1",-0.00080745009713973,0.38792406456688,0.99604104921104
"6872",25,"stag2b",0.00328127702208947,0.29191172754669,0.990065078286043
"6873",25,"nxt2",0.00187713516328555,0.0832392283465826,0.877876627611259
"6874",25,"acsl4a",-0.00885187465661073,0.00788606689641683,0.811535974992135
"6875",25,"LOC111583182",-0.00240356632183228,0.23029695936066,0.990065078286043
"6876",25,"LOC129350289",-5.95666203460868e-05,0.939669829896925,0.998607408853002
"6877",25,"tenm2a",-0.00141026991203078,0.804795988252841,0.997363418139039
"6878",25,"cyfip2",-0.00439486755836827,0.1098739534437,0.921292590321416
"6879",25,"gria1a",0.00398346985019795,0.45066672671078,0.996463890020745
"6880",25,"tmsb2",-0.000329146939534505,0.944862212603541,0.998607408853002
"6881",25,"LOC111588070",0.000255544891184146,0.721754083765327,0.997363418139039
"6882",25,"ablim3",0.00308658665572084,0.149147731480983,0.967411522051103
"6883",25,"ebf1a",0.00108756668826832,0.855350997901436,0.997363418139039
"6884",25,"adam19b",0.000329661761231721,0.882712175187011,0.998213961771008
"6885",25,"ppp2r2ba",0.00603003655766558,0.0449117830951931,0.835539982155957
"6886",25,"rpl26",-0.00267352608375973,0.423614407024986,0.996463890020745
"6887",25,"LOC111588044",-0.000450441352243458,0.828056295611525,0.997363418139039
"6888",25,"pin4",0.000461677063600888,0.810508220889497,0.997363418139039
"6889",25,"rnf44",0.00051381030543975,0.846263985166789,0.997363418139039
"6890",25,"LOC111580816",-0.00293700076917362,0.0887219876728848,0.8848525864663
"6891",25,"sncb",-0.0012371427746433,0.885278464497412,0.998213961771008
"6892",25,"lrrtm2",-0.00159105639864718,0.673478703129426,0.997363418139039
"6893",25,"tspan17",0.000528538805775164,0.865198578297376,0.997363418139039
"6894",25,"dctn4",-0.000543500550319994,0.713257325564793,0.997363418139039
"6895",25,"gpx3",-0.0041912047699315,0.181692567223121,0.990065078286043
"6896",25,"tnip1",-0.000383611984596235,0.866794711656557,0.997363418139039
"6897",25,"rmnd5b",0.000434494435575321,0.673928633793838,0.997363418139039
"6898",25,"rufy1",0.000654413317347569,0.754168014570314,0.997363418139039
"6899",25,"ankhd1",-0.00353891803039309,0.189675467689466,0.990065078286043
"6900",25,"cltb",-0.000654060276891251,0.726111538846598,0.997363418139039
"6901",25,"pdlim7",-0.000412889747103785,0.78373529365467,0.997363418139039
"6902",25,"unc5a",-0.00492174792396442,0.452903344134524,0.997363418139039
"6903",25,"LOC111578772",0.00113728878955877,0.317263821732338,0.990065078286043
"6904",25,"fam193b",0.00177618628230511,0.111032963092726,0.921820201924075
"6905",25,"trim105",0.000851766657011947,0.224731695319487,0.990065078286043
"6906",25,"ergic1",0.00110332358172052,0.622226539291356,0.997363418139039
"6907",25,"neurl1b",-0.00131240240210367,0.511479076271049,0.997363418139039
"6908",25,"vma21",-0.00133157410713506,0.487805505189753,0.997363418139039
"6909",25,"gria3b",-0.000138812225882337,0.97831157200019,0.999223513981536
"6910",25,"nlgn3a",0.0015635274467054,0.790635010351494,0.997363418139039
"6911",25,"rab9b",-0.00106035985057609,0.334400511629928,0.990065078286043
"6912",25,"cetn2",-0.000693327593436684,0.744175426853231,0.997363418139039
"6913",25,"ogt.1",0.00267853101157271,0.608209452584708,0.997363418139039
"6914",25,"fhdc2",0.000448138922214624,0.51986046279292,0.997363418139039
"6915",25,"LOC118469985",-0.000304797669998606,0.7316918472324,0.997363418139039
"6916",25,"kctd12b",-0.00205755809874565,0.544671461715011,0.997363418139039
"6917",25,"znf711",0.000914277112879126,0.541136440003941,0.997363418139039
"6918",25,"zgc:66447",-0.00171733613985511,0.145609660204694,0.964602715329076
"6919",25,"tmsb1",-0.00534928142308043,0.100362408160164,0.909269553592274
"6920",25,"LOC111565578",0.000691306080370768,0.38969007116462,0.996463890020745
"6921",25,"prps1b",-0.00136052591854873,0.556432700564392,0.997363418139039
"6922",25,"frmpd3",0.00526895565580732,0.249796104493529,0.990065078286043
"6923",25,"LOC111585923",-0.0011758075623235,0.562637936509343,0.997363418139039
"6924",25,"slc25a14",-0.00380610708177385,0.501654944718509,0.997363418139039
"6925",25,"LOC111588604",-0.000961393796637384,0.226882030118279,0.990065078286043
"6926",25,"LOC111569371",-0.00682495808281228,0.0091997610083944,0.811535974992135
"6927",25,"klf8",0.00788102876579631,0.0606117086288259,0.869097537705332
"6928",25,"rbm41",-0.00105137561735822,0.603988580048647,0.997363418139039
"6929",25,"zbtb16a",-0.00146999170199945,0.492317043138896,0.997363418139039
"6930",25,"LOC111585516",-0.00824484888704638,0.368013196959347,0.990313911305458
"6931",25,"cadm1a",-0.005782996851791,0.310081218015225,0.990065078286043
"6932",25,"LOC129347259",-0.000282130483287624,0.868760819165693,0.997363418139039
"6933",25,"LOC129350539",-0.000405626381848278,0.896847835185762,0.998213961771008
"6934",25,"LOC111564169",-0.000527281554384996,0.495207504734057,0.997363418139039
"6935",25,"LOC111572858",-0.00218586053695256,0.448098014745984,0.996463890020745
"6936",25,"ncbp3",0.00123655781825661,0.439802825535511,0.996463890020745
"6937",25,"pcf11",0.0052538533635915,0.015844120194799,0.811535974992135
"6938",25,"ccdc90b",7.02701464219901e-05,0.95235833007344,0.998607408853002
"6939",25,"alg8",0.00206052169030566,0.420835428509521,0.996463890020745
"6940",25,"LOC129350490",0.000740148738416799,0.638670800945433,0.997363418139039
"6941",25,"pgap2",0.00151377219249888,0.370453570159468,0.990398034861638
"6942",25,"mks1",0.00120940622146716,0.402688369519315,0.996463890020745
"6943",25,"ap2b1",-0.0111166610158333,0.025840315170725,0.811535974992135
"6944",25,"zw10",-0.000136313375181084,0.837559936972085,0.997363418139039
"6945",25,"LOC118471819",-0.000195652822848312,0.790350376345271,0.997363418139039
"6946",25,"pom121",-0.000364499127012635,0.692059927958254,0.997363418139039
"6947",25,"tbl2",-8.56504923800829e-05,0.93242739148233,0.998213961771008
"6948",25,"LOC111568606",0.00115380773944024,0.727616085608551,0.997363418139039
"6949",25,"psmg1",-0.000345648848356618,0.866694846779026,0.997363418139039
"6950",25,"ccdc15",-0.000545030661966146,0.626273673017593,0.997363418139039
"6951",25,"slc37a2",-0.00128183152372486,0.21743362806978,0.990065078286043
"6952",25,"trim37",0.00574755019879289,0.0936066150863501,0.892013765543595
"6953",25,"ppm1e",-0.00313365460750138,0.457721983367484,0.997363418139039
"6954",25,"ttc3",0.000197504248184644,0.950608294733173,0.998607408853002
"6955",25,"rabgef1",-0.00250724636896359,0.0525155099289062,0.84618751263396
"6956",25,"LOC111563001",-0.00469647212621284,0.167499450130311,0.984129860617473
"6957",25,"kctd7",-0.0022927764029294,0.0406252626315238,0.821523944916278
"6958",25,"pgk1",4.47619196503712e-05,0.99012479154996,0.999223513981536
"6959",25,"LOC111563009",0.00254199078627718,0.348163484581309,0.990065078286043
"6960",25,"pgrmc1",-0.00261703297421095,0.168415105789996,0.986670135906155
"6961",25,"rab24",0.00226828336833245,0.0576617975926854,0.864909271456043
"6962",25,"nsd1b",-0.00270374552697698,0.198319262823119,0.990065078286043
"6963",25,"larp1",-0.000346714665748992,0.910936300375804,0.998213961771008
"6964",25,"faxdc2",-0.00233966831697256,0.124953219021854,0.930634167332138
"6965",25,"LOC111583370",-0.00374225324964106,0.120730498145448,0.928608642701333
"6966",25,"LOC118471797",-0.000354353348839569,0.510214881564224,0.997363418139039
"6967",25,"LOC111569201",0.000473864389635103,0.549309467490377,0.997363418139039
"6968",25,"c14h5orf24",0.000709380060952535,0.786829972985176,0.997363418139039
"6969",25,"ddx46",0.00117188718253341,0.662956785488769,0.997363418139039
"6970",25,"camlg",-0.000266894182360965,0.925121606069669,0.998213961771008
"6971",25,"sec24a",0.00207183776945647,0.0898509063262732,0.8851054221017
"6972",25,"sar1b",-0.00250267101286757,0.177320464047482,0.990065078286043
"6973",25,"jade2",-0.00759545316691199,0.218803734146499,0.990065078286043
"6974",25,"cdkn2aipnl",0.00110849188159212,0.340288095156573,0.990065078286043
"6975",25,"ube2b",0.00106067831980528,0.742526759749188,0.997363418139039
"6976",25,"ppp2cab",0.00154600978270293,0.661387759877751,0.997363418139039
"6977",25,"skp1",-0.000380960701498674,0.880753096929863,0.998213961771008
"6978",25,"tcf7",0.00384345544175318,0.223132409042336,0.990065078286043
"6979",25,"vdac1",-0.00120659005012519,0.484903118628829,0.997363418139039
"6980",25,"c14h5orf15",-0.00522595018705613,0.0719310656364431,0.869550081520816
"6981",25,"LOC129350430",0.000972838894611263,0.260503056535804,0.990065078286043
"6982",25,"fstl4",-0.00377000228711021,0.376067050386314,0.991163825330808
"6983",25,"LOC129350523",0.000697199066398126,0.5829134325891,0.997363418139039
"6984",25,"rapgef6",0.000257808784888618,0.949122848773358,0.998607408853002
"6985",25,"fnip1",0.000266824204449223,0.908799676967665,0.998213961771008
"6986",25,"acsl6",-0.00366117538519582,0.435356131974876,0.996463890020745
"6987",25,"LOC111563190",0.00102090219784384,0.432041417994781,0.996463890020745
"6988",25,"jakmip2",0.00188150425003369,0.746358262651953,0.997363418139039
"6989",25,"dpysl3",-0.00600659097377251,0.0247845231081548,0.811535974992135
"6990",25,"LOC111575683",0.000743727198260352,0.697569816859859,0.997363418139039
"6991",25,"stk32a",0.00379840415572099,0.372758731886406,0.990398034861638
"6992",25,"LOC111575939",0.00362828029902286,0.24606934968172,0.990065078286043
"6993",25,"gabra6b",-0.00457829201008138,0.0145120205058119,0.811535974992135
"6994",25,"gabra1",-0.0098817980083981,0.133561351096554,0.946962011828724
"6995",25,"gabrg2",-0.0132485529386924,0.149462606247912,0.968252421824854
"6996",25,"ccni2",-0.0010768407560787,0.0713400671071678,0.869550081520816
"6997",25,"septin8a",0.00366672708592353,0.400314806741441,0.996463890020745
"6998",25,"aff4",-0.00484181779434419,0.0509998361909344,0.84618751263396
"6999",25,"zcchc10",-0.000963540758827969,0.319111272647871,0.990065078286043
"7000",25,"hspa4a",0.000370355176810036,0.92470034127832,0.998213961771008
"7001",25,"rnf14",0.000506156817501077,0.387994100696649,0.99604104921104
"7002",25,"endou2",-6.70978358324026e-05,0.944419078814463,0.998607408853002
"7003",25,"LOC111579558",-0.000420219320289576,0.934699377878299,0.998473093462431
"7004",25,"spry4",-0.000183216353888282,0.903115623205719,0.998213961771008
"7005",25,"LOC111584545",-0.000194220198079399,0.933367336183874,0.998311327882942
"7006",25,"LOC111574492",0.00241471418355989,0.65296759717479,0.997363418139039
"7007",25,"yipf5",0.00215468799923046,0.00115258677691519,0.811535974992135
"7008",25,"kctd16b",-0.00507407330828867,0.423923578673264,0.996463890020745
"7009",25,"lars1b",0.0014839069626721,0.27187758559706,0.990065078286043
"7010",25,"rbm27",-0.0020030620536197,0.487843869649057,0.997363418139039
"7011",25,"rad50",-0.00406075186889946,0.0214370805651546,0.811535974992135
"7012",25,"drd1b",0.00273000430250605,0.505988961714267,0.997363418139039
"7013",25,"nsg2",-0.00319233267227942,0.674997192660295,0.997363418139039
"7014",25,"cpeb4b",-0.00220539788329454,0.705191748054843,0.997363418139039
"7015",25,"LOC111573066",0.00112710289774566,0.80001384018737,0.997363418139039
"7016",25,"snx12",-0.000855793275451876,0.528167493250573,0.997363418139039
"7017",25,"slc7a3a",-0.00372914827342862,0.0579257273132356,0.864909271456043
"7018",25,"LOC129350568",-0.000659162736166594,0.406223661848661,0.996463890020745
"7019",25,"LOC111573051",0.000263092948775558,0.889151748550176,0.998213961771008
"7020",25,"LOC111582687",0.000506063428886036,0.926097590494342,0.998213961771008
"7021",25,"LOC111582688",0.00153302808937992,0.547015403478553,0.997363418139039
"7022",25,"dpp3",0.00115873509386151,0.281926940774266,0.990065078286043
"7023",25,"znrd2",0.00043145316954345,0.558101566599278,0.997363418139039
"7024",25,"LOC111567417",2.89816177629787e-05,0.984669476245873,0.999223513981536
"7025",25,"fgf13b",-0.00339335574918821,0.064826613234706,0.869097537705332
"7026",25,"LOC111567431",-0.00207561002541277,0.342844168820337,0.990065078286043
"7027",25,"LOC111567432",0.000119830827402068,0.943527001772055,0.998607408853002
"7028",25,"ubtd2",7.86194815852789e-05,0.970503650836095,0.999223513981536
"7029",25,"ublcp1",0.000164970558769095,0.905761226322379,0.998213961771008
"7030",25,"LOC111567424",0.00226854176428399,0.470487471579475,0.997363418139039
"7031",25,"LOC111567423",-0.000191110922910424,0.85096206065858,0.997363418139039
"7032",25,"LOC111584673",0.00122311246378695,0.542310118240775,0.997363418139039
"7033",25,"tcerg1b",-0.00230907131585466,0.0113637013020371,0.811535974992135
"7034",25,"LOC111584671",0.000338854123266941,0.945364272718822,0.998607408853002
"7035",25,"crebrf",-0.00144574007326065,0.733948452449593,0.997363418139039
"7036",25,"bod1",-0.000131748234630374,0.894968728388873,0.998213961771008
"7037",25,"htatsf1",-0.00157878073639266,0.118015803899265,0.927025251088176
"7038",25,"tpst1l",-0.00183459628885913,0.277221727392612,0.990065078286043
"7039",25,"unc119b",0.000251632682181653,0.866634868327291,0.997363418139039
"7040",25,"LOC111580871",0.000924643907680969,0.322857618654656,0.990065078286043
"7041",25,"LOC129350567",-1.52161346812584e-05,0.982606014355605,0.999223513981536
"7042",25,"ccdc92bb",-0.00157723279768988,0.155767224950399,0.971621725888687
"7043",25,"LOC111580867",0.00150654859975602,0.524617589428885,0.997363418139039
"7044",25,"LOC111580877",-0.0024495248262383,0.579669469857598,0.997363418139039
"7045",25,"mntb",0.00181336595717713,0.22278524846799,0.990065078286043
"7046",25,"mrps17",-0.000196329974402509,0.793973854686129,0.997363418139039
"7047",25,"LOC111587401",0.00328215840409064,0.147543574003613,0.965295556857902
"7048",25,"cct6a",-0.00187619394406348,0.209493626295094,0.990065078286043
"7049",25,"LOC111579986",0.00200715060543644,0.538405460868216,0.997363418139039
"7050",25,"LOC129350439",1.19481664107136e-05,0.992412750298207,0.999223513981536
"7051",25,"caln2",0.00496396605117673,0.284684167421298,0.990065078286043
"7052",25,"sdf2",0.000807493079247073,0.37094090516295,0.990398034861638
"7053",25,"supt6h",0.00205482456016308,0.527950245447966,0.997363418139039
"7054",25,"ssh2b",-0.00249262829623459,0.178155085041405,0.990065078286043
"7055",25,"taok1b",-0.00596175520123145,0.020343408470801,0.811535974992135
"7056",25,"smg6",0.00037577146802496,0.790218695674943,0.997363418139039
"7057",25,"LOC118469316",-0.000808789370392176,0.568709632405131,0.997363418139039
"7058",25,"LOC129350544",0.000123603816557393,0.908857364316908,0.998213961771008
"7059",25,"LOC129350540",-0.00385557571636236,0.126119157926646,0.932555352915868
"7060",25,"LOC111588258",-0.0056938475746614,0.346153084653131,0.990065078286043
"7061",25,"LOC111588250",-0.000147328052164371,0.953968951411065,0.998607408853002
"7062",25,"smyd4",-0.000548452504199307,0.32461634694294,0.990065078286043
"7063",25,"ubl3a",-0.00619612927503209,0.146603081234193,0.965295556857902
"7064",25,"hmgb1a",0.00132870737561946,0.417485740803394,0.996463890020745
"7065",25,"uspl1",0.00103860428893566,0.531187983904176,0.997363418139039
"7066",25,"fryb",0.000740366929391248,0.845085543449632,0.997363418139039
"7067",25,"pds5b",0.00432821661234505,0.334546098471991,0.990065078286043
"7068",25,"rfc3",0.000257784311906604,0.651661787647756,0.997363418139039
"7069",25,"stard13a",0.00222536991859644,0.368679235728493,0.990313911305458
"7070",25,"nbeaa",-0.00248544387687578,0.515811192989593,0.997363418139039
"7071",25,"LOC118469568",0.00116745925016546,0.107165359943532,0.914863809554871
"7072",25,"LOC111588257",-0.00125933187730438,0.655251900909734,0.997363418139039
"7073",25,"dclk1a",-0.000111213436629519,0.982276968726225,0.999223513981536
"7074",25,"rfxap",0.00124242909483237,0.414280456327816,0.996463890020745
"7075",25,"smad9",-0.000334968154070013,0.697808356265169,0.997363418139039
"7076",25,"exosc8",0.00113116372518774,0.333877697894256,0.990065078286043
"7077",25,"supt20",-0.000370280334290495,0.850770414653246,0.997363418139039
"7078",25,"LOC111565880",-0.00049736343604397,0.802780644371266,0.997363418139039
"7079",25,"ufm1",-0.000707902390042697,0.684074018103823,0.997363418139039
"7080",25,"frem2a",-0.000813518008636558,0.586018549570362,0.997363418139039
"7081",25,"trim3b",-0.000299666051706842,0.88807750693885,0.998213961771008
"7082",25,"LOC118470036",-0.00016033829695525,0.93733723730319,0.998607408853002
"7083",25,"arfip2b",-0.00419730228234475,0.244994636537035,0.990065078286043
"7084",25,"dchs1b",0.00122998994018769,0.506162144776539,0.997363418139039
"7085",25,"slc46a3",-0.00116348129366795,0.232110111205586,0.990065078286043
"7086",25,"synj1",-0.00174114841008556,0.683168914522684,0.997363418139039
"7087",25,"eva1c",-0.00117474843272653,0.02564479877422,0.811535974992135
"7088",25,"hunk",-0.000198240173893559,0.944967448862102,0.998607408853002
"7089",25,"scaf4a",-0.000549068715180208,0.732515351202809,0.997363418139039
"7090",25,"sod1",-0.00387084303257652,0.278591400407817,0.990065078286043
"7091",25,"tiam1a",-4.90914602148327e-05,0.982210981087934,0.999223513981536
"7092",25,"LOC129350543",0.000690588898444025,0.626413681132125,0.997363418139039
"7093",25,"grm5a",0.000802369752640972,0.649839399537157,0.997363418139039
"7094",25,"chordc1b",-0.000135910055269411,0.909880880074421,0.998213961771008
"7095",25,"mtnr1bb",-0.00452245418683989,0.546758595231455,0.997363418139039
"7096",25,"si:ch1073-15f19.2",1.89886763916963e-05,0.980034374436907,0.999223513981536
"7097",25,"smpd1",-0.000806373672257387,0.519651984730197,0.997363418139039
"7098",25,"tpte",0.00227399449186574,0.611594816116859,0.997363418139039
"7099",25,"fgl1b",0.00261214084086052,0.0207062569037119,0.811535974992135
"7100",25,"vps36",-0.000564737457495772,0.442108132476458,0.996463890020745
"7101",25,"proser1",-0.0016750440773395,0.446307116183601,0.996463890020745
"7102",25,"mtus2a",0.00124297443592386,0.718678858386556,0.997363418139039
"7103",25,"LOC118470025",0.00144381366975944,0.091862972091494,0.888159201916533
"7104",25,"paxbp1",0.00051266560203172,0.80281851262162,0.997363418139039
"7105",25,"cadm2a",-0.0053822353188643,0.376861903703331,0.991163825330808
"7106",25,"ltn1",-0.00116122888332843,0.262578072488612,0.990065078286043
"7107",25,"tmem135",0.000540672626534517,0.588666343018009,0.997363418139039
"7108",25,"pitpnab",-0.00461320035573806,0.449617698637676,0.996463890020745
"7109",25,"slc25a1a",-0.00080754091137568,0.630349998750942,0.997363418139039
"7110",25,"si:dkey-175g6.2",-0.0106149917381439,0.12355338988536,0.930634167332138
"7111",25,"LOC111582645",0.00171467619757761,0.311815453139861,0.990065078286043
"7112",25,"slc47a1",0.000722553260356424,0.24759858623294,0.990065078286043
"7113",25,"cct8",0.000164162924681817,0.877345983724977,0.997890690913835
"7114",25,"aldocb",-0.00729373606469322,0.204704802562283,0.990065078286043
"7115",25,"pigs",-0.00209180710256691,0.131605040368709,0.945585819569454
"7116",25,"srsf1b",0.00290802605744668,0.109653332155805,0.921292590321416
"7117",25,"LOC111577739",0.000601945334505923,0.713670100027174,0.997363418139039
"7118",25,"LOC129350500",-0.000698061920214769,0.502432614684875,0.997363418139039
"7119",25,"LOC129350499",-9.35819164899028e-05,0.963141352348066,0.998789723674583
"7120",25,"rpl23a",-0.00123030484823314,0.771858710086803,0.997363418139039
"7121",25,"alg9",-0.00145680820744294,0.549123860160094,0.997363418139039
"7122",25,"LOC111580661",0.00152290358418823,0.388365686923376,0.99604104921104
"7123",25,"dlat",-0.00225868663562247,0.231390066999701,0.990065078286043
"7124",25,"nrxn2a",-0.00450382205495699,0.528112793806884,0.997363418139039
"7125",25,"LOC118470137",-0.001017547261952,0.428116763445059,0.996463890020745
"7126",25,"nrg2a",-0.00545792994612185,0.422337810243664,0.996463890020745
"7127",25,"puraa",-0.000902023833291774,0.611962599506483,0.997363418139039
"7128",25,"zgc:100829",-0.000181469705022938,0.924106258612308,0.998213961771008
"7129",25,"cxxc5a",0.00441060369153826,0.299758723053643,0.990065078286043
"7130",25,"ppp3ca",0.00140180640307076,0.780398370734592,0.997363418139039
"7131",25,"dnajc18",0.000274625254423656,0.931651082304871,0.998213961771008
"7132",25,"brd8a",0.00453175586263856,0.243459616663206,0.990065078286043
"7133",25,"nfrkb",-0.00106449645486281,0.0909445565667128,0.885692478831841
"7134",25,"LOC111567121",-0.000303937870670152,0.825335228753479,0.997363418139039
"7135",25,"gabrr3a",0.000367993708802156,0.543292185653855,0.997363418139039
"7136",25,"LOC111567116",-0.000275764918612601,0.836737618760544,0.997363418139039
"7137",25,"sms",0.00152190977589002,0.391967405289788,0.996463890020745
"7138",25,"si:ch211-244c8.4",-0.000508943705224153,0.820381851827982,0.997363418139039
"7139",25,"si:ch211-114c12.2",0.00189827391289102,0.357601406034557,0.990065078286043
"7140",25,"map7d2a",0.00217952951045673,0.428090588416686,0.996463890020745
"7141",25,"pdha1a",-0.00213164757344851,0.329054479418687,0.990065078286043
"7142",25,"prdx4",-0.000989715707793634,0.505179732843322,0.997363418139039
"7143",25,"LOC111573810",0.00306778362873426,0.0913586747180899,0.887251184786286
"7144",25,"LOC111587180",-0.000446236273950846,0.878530443385753,0.997890690913835
"7145",25,"LOC111587181",-0.00034878201870109,0.501348138189617,0.997363418139039
"7146",25,"arhgap31",-0.00262134659000616,0.0966595135848214,0.902975404571763
"7147",25,"b4galt4",-0.000518290717921352,0.764796223275404,0.997363418139039
"7148",25,"LOC111587192",0.000511275917716711,0.850549337734244,0.997363418139039
"7149",25,"si:dkey-251i10.1",-0.00454928433800908,0.543173139650762,0.997363418139039
"7150",25,"zbtb20",0.00846505459659301,0.0495476386503623,0.84618751263396
"7151",25,"LOC111587179",0.00310206594375485,0.46500218300388,0.997363418139039
"7152",25,"ephb4a",-0.000559016046174872,0.926382435228514,0.998213961771008
"7153",25,"LOC111587186",0.00380743350906115,0.330898073853242,0.990065078286043
"7154",25,"LOC111587188",-0.00191501993499558,0.242716057669358,0.990065078286043
"7155",25,"spag7",-0.00190425688534909,0.217319363781123,0.990065078286043
"7156",25,"mepcea",0.000553765149654342,0.715305508411798,0.997363418139039
"7157",25,"LOC111574262",-0.0067152728686926,0.158047797484945,0.976323521355191
"7158",25,"LOC111574271",0.000164699829436473,0.965415258221839,0.999144865473873
"7159",25,"lrch2",0.0054318506951864,0.0743597378707643,0.871360915888879
"7160",25,"zgc:163098",-0.00284301386383858,0.0469201721024381,0.845637605601956
"7161",25,"wdr44",-0.00128376995644341,0.350038090133731,0.990065078286043
"7162",25,"klhl13",-0.00105624200623427,0.552968105533983,0.997363418139039
"7163",25,"LOC111580634",-0.000846536807374869,0.862259926558777,0.997363418139039
"7164",25,"dpf2",-0.00023432809577462,0.85678340117896,0.997363418139039
"7165",25,"LOC129350441",-0.000405376412903466,0.51543593096249,0.997363418139039
"7166",25,"LOC111575218",-0.000526894266116123,0.781332797670119,0.997363418139039
"7167",25,"zmp:0000001168",0.00552370435988853,0.192562188712247,0.990065078286043
"7168",25,"LOC111575209",-0.000668170863671603,0.724808873301056,0.997363418139039
"7169",25,"abcg4a",-0.000529409135900104,0.881272802735473,0.998213961771008
"7170",25,"hinfp",-0.000732158738146588,0.189591250255889,0.990065078286043
"7171",25,"dpagt1",-0.00302614411093796,0.0539957285234946,0.853305990923499
"7172",25,"c2cd2l",-0.00191659692177516,0.466712515798052,0.997363418139039
"7173",25,"LOC111575212",-0.000728551857002545,0.404452441707858,0.996463890020745
"7174",25,"phldb1a",-0.0012058569180429,0.351498825453049,0.990065078286043
"7175",25,"LOC111575225",-0.00143166807003005,0.278283858984168,0.990065078286043
"7176",25,"atf5a",1.31220136445119e-05,0.995115486907938,0.999223513981536
"7177",25,"LOC118470984",0.00378910752904032,0.414547699066903,0.996463890020745
"7178",25,"ubash3ba",-0.00269430637243567,0.145058924656467,0.964602715329076
"7179",25,"mrps31",0.000646337159097711,0.555332158754241,0.997363418139039
"7180",25,"taf6",0.000888426546847558,0.485342855954076,0.997363418139039
"7181",25,"slc25a35",-0.00187452723093956,0.570337681072985,0.997363418139039
"7182",25,"LOC111588520",0.00034871620686697,0.872287158802813,0.997363418139039
"7183",25,"si:ch211-284e13.4",0.000433992625744589,0.869289845836543,0.997363418139039
"7184",25,"slc12a9",-0.0015427144486688,0.214527512668335,0.990065078286043
"7185",25,"gnb2",-0.00473421163344187,0.0288234565886986,0.814336317015072
"7186",25,"mink1",-0.00161095505236726,0.757351182480397,0.997363418139039
"7187",25,"pld2",-0.00190280572782909,0.0378948408296966,0.821523944916278
"7188",25,"atp1b2b",0.00469268660551511,0.254747394018014,0.990065078286043
"7189",25,"LOC111577659",-0.000579487258233403,0.86635902506671,0.997363418139039
"7190",25,"srrt",-0.00462779777073581,0.269659063243198,0.990065078286043
"7191",25,"rnf167",-0.00214628212411714,0.0744777324628355,0.871360915888879
"7192",25,"LOC111577633",-0.00367138821089709,0.0177676504801304,0.811535974992135
"7193",25,"rnf121",0.000629809806901949,0.690211041894522,0.997363418139039
"7194",25,"taf1",0.00175864093821879,0.571206965869896,0.997363418139039
"7195",25,"fam76b",0.0011667502745615,0.406460115805374,0.996463890020745
"7196",25,"mtmr2",-0.00149609680059201,0.0260617984513719,0.811535974992135
"7197",25,"cwc15",-0.00264223832529173,0.0186646337117317,0.811535974992135
"7198",25,"plp1b",-0.00120539780636556,0.50896983082339,0.997363418139039
"7199",25,"nlgn3b",-0.00450322163463872,0.106094167167461,0.912203428875534
"7200",25,"gria3a",0.00369228774074817,0.635582191721845,0.997363418139039
"7201",25,"thoc2",-0.00198601716400928,0.50391846963372,0.997363418139039
"7202",25,"stag2a",0.000548149860004943,0.723004256368299,0.997363418139039
"7203",25,"LOC111579861",-0.000582117519160355,0.824024151805447,0.997363418139039
"7204",25,"arhgap35b",0.00124840118062826,0.627544064476344,0.997363418139039
"7205",25,"LOC111579853",0.00056744295861551,0.553599103912492,0.997363418139039
"7206",25,"pafah1b2",-0.00133659896030818,0.289906959298865,0.990065078286043
"7207",25,"LOC111579862",-0.000783109815478417,0.79884813110099,0.997363418139039
"7208",25,"rab6a",0.00357031035396617,0.0525244188498055,0.84618751263396
"7209",25,"ppme1",0.00147322271311049,0.384334570840391,0.995844953637142
"7210",25,"nectin3b",0.00366281759222656,0.232709728302212,0.990065078286043
"7211",25,"ppm1nb",-0.00176804353420066,0.285880475602012,0.990065078286043
"7212",25,"ccdc61",0.000338773531081646,0.612391631927847,0.997363418139039
"7213",25,"LOC111568536",-0.0006890795947593,0.749514626261603,0.997363418139039
"7214",25,"pls3",-0.00166612269449938,0.0725778098160948,0.869828471958374
"7215",25,"rraga",-0.000977711527431525,0.717041487283912,0.997363418139039
"7216",25,"chmp1b",-0.000727313035198162,0.728855114200645,0.997363418139039
"7217",25,"LOC111572993",-0.0040612826535826,0.344872937537652,0.990065078286043
"7218",25,"brwd3",-0.000183499791741115,0.903546583957164,0.998213961771008
"7219",25,"npas2",0.00220163468942577,0.274270093298942,0.990065078286043
"7220",25,"tbc1d8b",0.00259890401317734,0.337971540411537,0.990065078286043
"7221",25,"msna",0.00151307680262153,0.409786926877025,0.996463890020745
"7222",25,"zc3h12b",-0.000404521162674913,0.915077167701345,0.998213961771008
"7223",25,"amer1",-0.00150981722097066,0.234587947276685,0.990065078286043
"7224",25,"aifm1",0.00076307981023731,0.572637559613913,0.997363418139039
"7225",25,"nufip2",0.00515825762522993,0.0643959661381685,0.869097537705332
"7226",25,"msi2b",0.00160633564130014,0.59945103175956,0.997363418139039
"7227",25,"LOC111571754",-0.00582324845326663,0.0295575364787247,0.814336317015072
"7228",25,"LOC111571752",-0.00103706691833053,0.557200367786551,0.997363418139039
"7229",25,"LOC111571753",-0.00145751641791266,0.52705416664052,0.997363418139039
"7230",25,"LOC111571757",0.00316397092410388,0.047105868665247,0.84618751263396
"7231",25,"acaca",0.00278256873159553,0.252293644312648,0.990065078286043
"7232",25,"LOC111571747",0.00665963177335592,0.194331786014164,0.990065078286043
"7233",25,"LOC111571751",0.00306417472275727,0.208605209797868,0.990065078286043
"7234",25,"LOC129350498",-0.0002533627762889,0.74206202528875,0.997363418139039
"7235",25,"LOC111571748",0.00270941775949101,0.656343220582207,0.997363418139039
"7236",25,"LOC129350564",0.000639499632703834,0.566405070940016,0.997363418139039
"7237",25,"pcdh1a",0.00949542098827813,0.0490541562237287,0.84618751263396
"7238",25,"LOC111571977",0.00063283282789862,0.921468696006542,0.998213961771008
"7239",25,"LOC111571975",-0.00676401189668873,0.485149503868619,0.997363418139039
"7240",25,"kcnip1b",-0.00170378804444483,0.512648032893501,0.997363418139039
"7241",25,"npm1a",-0.00100387634102658,0.339909796615292,0.990065078286043
"7242",25,"fgf11b",0.00210232054199801,0.243300111572486,0.990065078286043
"7243",25,"nlgn2b",-0.00581824042508438,0.369065162643662,0.990313911305458
"7244",25,"kdm6bb",-0.00398662643088117,0.234986687003406,0.990065078286043
"7245",25,"LOC129350492",0.00180222934717924,0.0699304161165898,0.869550081520816
"7246",25,"vamp2",-0.00710529052248117,0.600968115803602,0.997363418139039
"7247",25,"mpp1",-0.00287216890231738,0.0838166179086232,0.878734613153905
"7248",25,"tmlhe",0.000205913012071838,0.918131326509597,0.998213961771008
"7249",25,"gabrb4",-0.000739539116255837,0.9040672428316,0.998213961771008
"7250",25,"gabra3",-0.00210784365543272,0.437427548523156,0.996463890020745
"7251",25,"LOC118470670",0.000924165598679143,0.285176070208261,0.990065078286043
"7252",25,"LOC111571979",-0.00196501803238722,0.489693343742276,0.997363418139039
"7253",25,"LOC129350534",-0.00142468238203324,0.54984453379765,0.997363418139039
"7254",25,"ammecr1",-0.000637787147234384,0.778126609235079,0.997363418139039
"7255",25,"adssl",-0.000765340192721664,0.599049212601752,0.997363418139039
"7256",25,"esrra",0.00213351206057451,0.276265206438655,0.990065078286043
"7257",25,"prdx5",-0.002780390308934,0.105595184533106,0.912203428875534
"7258",25,"banf1",-0.00110367918601532,0.355410905513159,0.990065078286043
"7259",25,"gng3",-0.00633885430444613,0.0128647414365828,0.811535974992135
"7260",25,"si:dkey-175m17.7",0.00444617423870257,0.529464098738428,0.997363418139039
"7261",25,"slc8a4a",-0.000820880179863794,0.711549214695242,0.997363418139039
"7262",25,"cnih2",-0.00277321004139894,0.426963859915204,0.996463890020745
"7263",25,"vps51",-0.0012574878567447,0.526861053299727,0.997363418139039
"7264",25,"frmd8",-0.0013885423646051,0.29783887138869,0.990065078286043
"7265",25,"flrt1a",0.00382357778569449,0.252152902724003,0.990065078286043
"7266",25,"LOC129350547",-0.000615484729960699,0.378030271627182,0.99146608947112
"7267",25,"rps6ka4",-0.000123459913625887,0.940008748758208,0.998607408853002
"7268",25,"LOC111572620",-0.00434958094683547,0.127977139804378,0.939358042315777
"7269",25,"akap10",0.00174059758353862,0.431615505657925,0.996463890020745
"7270",25,"c14h11orf54",0.000731747226765091,0.316043262806107,0.990065078286043
"7271",25,"pho",0.000156264397857184,0.869562503083631,0.997363418139039
"7272",25,"abr",-0.00100579932428951,0.860907580806633,0.997363418139039
"7273",25,"map6a",0.000918546290800898,0.667836888187839,0.997363418139039
"7274",25,"uvrag",0.000253099117818122,0.96392487379791,0.99894368917766
"7275",25,"si:dkey-250d21.1",-9.33069061710746e-05,0.964832420714222,0.999021728491483
"7276",25,"stt3a",0.00142325206753398,0.320711087437082,0.990065078286043
"7277",25,"ei24",0.0011372104477791,0.397725966039229,0.996463890020745
"7278",25,"b3gat1b",-0.000425465669473059,0.850810949834226,0.997363418139039
"7279",25,"slc37a4b",0.000525420818374617,0.590124263107379,0.997363418139039
"7280",25,"hmgn1b",-0.00149365738145532,0.674743934826926,0.997363418139039
"7281",25,"pcp4a",-0.000220999291838372,0.873940142984528,0.997665930561102
"7282",25,"dscama",-0.00465938394981972,0.218463278705556,0.990065078286043
"7283",25,"acat1",-0.00477080183089003,0.097763498206721,0.905020048534428
"7284",25,"acer3",4.05112943650914e-05,0.975688602091727,0.999223513981536
"7285",25,"nrip1b",0.00325379521845962,0.48365280319072,0.997363418139039
"7286",25,"usp25",-0.00277301552504496,0.341085196918128,0.990065078286043
"7287",25,"wscd1b",-0.00183466517524192,0.438349609663391,0.996463890020745
"7288",25,"sptbn4a",-0.000361377642929088,0.905414595292889,0.998213961771008
"7289",25,"micu2",0.00130713269924799,0.450661431932527,0.996463890020745
"7290",25,"LOC111576030",-0.00189744180470339,0.0774488756199228,0.871360915888879
"7291",25,"hnrnpl",-0.00549730247296241,0.210905128036629,0.990065078286043
"7292",25,"mark4a",-0.00295021409467347,0.50237824529892,0.997363418139039
"7293",25,"ppp1r14aa",6.92542717871969e-05,0.923163079724936,0.998213961771008
"7294",25,"zgc:153990",-0.000875461361124976,0.353894694752322,0.990065078286043
"7295",25,"LOC129350474",0.00241944041550969,0.237556931078911,0.990065078286043
"7296",25,"capns1a",0.00268312909796257,0.21874195740701,0.990065078286043
"7297",25,"nova1",-0.00192710039255749,0.752695965981787,0.997363418139039
"7298",25,"kptn",-0.000414503148384277,0.567110635417012,0.997363418139039
"7299",25,"h3f3c",-0.000881330278415184,0.638118433724493,0.997363418139039
"7300",25,"arhgap32b",0.000775207909885552,0.90566778664986,0.998213961771008
"7301",25,"vps26bl",0.000662128693496416,0.430946113733714,0.996463890020745
"7302",25,"LOC111570546",9.60568898502401e-05,0.913529255356302,0.998213961771008
"7303",25,"LOC111565633",0.00889545219382927,0.153513382761318,0.970592115793289
"7304",25,"cfap58",0.0022342037089944,0.0656702854593198,0.869097537705332
"7305",25,"fez1",-0.00206108921446291,0.577304369061941,0.997363418139039
"7306",25,"LOC111565632",0.00100441273497656,0.485634514756441,0.997363418139039
"7307",25,"robo3",-0.00209922170436662,0.728420467886709,0.997363418139039
"7308",25,"tmem218",-0.000393639755894332,0.677619276606831,0.997363418139039
"7309",25,"LOC111568198",0.00204595337367225,0.503291191279408,0.997363418139039
"7310",25,"opcml",0.0115101022473045,0.20406667839524,0.990065078286043
"7311",25,"ntm",0.00115482014491799,0.779555457421065,0.997363418139039
"7312",25,"hspa8",-0.00232885577879744,0.810156355448905,0.997363418139039
"7313",25,"LOC111571768",-0.000813033416603956,0.828210956760966,0.997363418139039
"7314",25,"LOC111571773",0.00146221130871998,0.306847353436598,0.990065078286043
"7315",25,"hyou1",-0.00404821195460588,0.126362867276533,0.932889208855255
"7316",25,"vps11",-0.000971022899357802,0.471048327732626,0.997363418139039
"7317",25,"LOC111572725",-0.00256958802138298,0.171039336284896,0.989728643862784
"7318",25,"dlg2",-0.000675366465733939,0.898444020112206,0.998213961771008
"7319",25,"picalma",-0.0011036725208765,0.647753390645925,0.997363418139039
"7320",25,"gusb",-0.000608091429714804,0.72728960924037,0.997363418139039
"7321",25,"vkorc1l1",0.00114729292605659,0.742888280581817,0.997363418139039
"7322",25,"znhit3",-0.000154673662895702,0.914651564361074,0.998213961771008
"7323",25,"LOC111572721",0.00100951659359301,0.179917955137243,0.990065078286043
"7324",25,"ggnbp2",-0.000927650689314724,0.35699626943738,0.990065078286043
"7325",25,"dhrs11a",6.80625042788047e-05,0.966874620396547,0.999223513981536
"7326",25,"LOC111572708",-3.36387839228525e-06,0.999071363552243,0.999223513981536
"7327",25,"eral1",0.00251329103644365,0.0463344078244152,0.841276412472073
"7328",25,"fam222ba",0.00440492030783005,0.085936555660588,0.883734831380986
"7329",25,"emc6",0.000601135388834007,0.713154262424324,0.997363418139039
"7330",25,"ubb",-0.00104514240668918,0.856168687454553,0.997363418139039
"7331",25,"pigl",0.000910469747421913,0.339727303388908,0.990065078286043
"7332",25,"ncor1",0.00291799230860763,0.328261535823354,0.990065078286043
"7333",25,"zswim7",-0.00201525393855073,0.110470285018893,0.921820201924075
"7334",25,"adora2b",-0.000157749392638675,0.930220239404614,0.998213961771008
"7335",25,"specc1",-0.000312145794684675,0.929057751297222,0.998213961771008
"7336",25,"timm22",-0.000721676696332583,0.283513330665519,0.990065078286043
"7337",25,"zbtb21",-0.00123780562886821,0.698647305019073,0.997363418139039
"7338",25,"LOC111575204",8.66719668650298e-05,0.966823112363069,0.999223513981536
"7339",25,"prdm15",0.00137797983438964,0.167128067837412,0.984129860617473
"7340",25,"cxadr",-0.00289034789430107,0.314798957855372,0.990065078286043
"7341",25,"auts2a",0.0049636932435712,0.330453643223773,0.990065078286043
"7342",25,"LOC129350502",-0.000498334434046086,0.5915058939434,0.997363418139039
"7343",25,"ints2",-0.000420676787968883,0.844401472883619,0.997363418139039
"7344",25,"med13a",-0.00315940030482035,0.304814435264602,0.990065078286043
"7345",25,"rps6kb1a",0.00227560734739052,0.403211757935863,0.996463890020745
"7346",25,"LOC111566699",-0.00129415450770211,0.361411230136802,0.990065078286043
"7347",25,"cltca",-0.00118360219777072,0.74592850242034,0.997363418139039
"7348",25,"atp5l",-0.00154569256129246,0.554628969268815,0.997363418139039
"7349",25,"ruvbl2",0.00119873397781159,0.319869790960791,0.990065078286043
"7350",25,"spns2",-0.00600196671622899,0.0473733651022577,0.84618751263396
"7351",25,"ube2g1a",-0.000521773669447294,0.683825442376098,0.997363418139039
"7352",25,"ankfy1",-0.00139302066640259,0.245815040395487,0.990065078286043
"7353",25,"zzef1",0.00201339755388737,0.311089230878835,0.990065078286043
"7354",25,"atp2a3",-0.00400905537033881,0.0785860240357039,0.871360915888879
"7355",25,"camkk1a",0.00283820871475904,0.454172311338483,0.997363418139039
"7356",25,"dhx33",0.000382777109341969,0.628339560453811,0.997363418139039
"7357",25,"c1qbp",0.00102194521232258,0.257562747335542,0.990065078286043
"7358",25,"srrm3",0.00475151024110648,0.451437780487985,0.997129532159619
"7359",25,"ywhag1",-0.00421884476165436,0.24322176176936,0.990065078286043
"7360",25,"LOC111567935",0.00408018757955267,0.296725441210461,0.990065078286043
"7361",25,"supt4h1",-0.000795222100809117,0.532677257746057,0.997363418139039
"7362",25,"LOC111567938",-0.00216059026058925,0.128442297293012,0.939889144006097
"7363",25,"mtmr4",-0.00198583941465057,0.462044273928148,0.997363418139039
"7364",25,"cblb",-0.0031971411508842,0.464413418461145,0.997363418139039
"7365",25,"LOC118471376",0.00150048777767373,0.222341088884712,0.990065078286043
"7366",25,"LOC111584424",-0.000962748516108844,0.858789473711164,0.997363418139039
"7367",25,"LOC111572159",8.40987124434124e-05,0.991786208491618,0.999223513981536
"7368",25,"LOC111585110",-0.00367821607567978,0.167232623009893,0.984129860617473
"7369",25,"smfn",-0.00160291810458697,0.420367114589255,0.996463890020745
"7370",25,"hlcs",0.00419628781468501,0.08097474777792,0.876927364271359
"7371",25,"LOC118469532",-0.000426798846398836,0.434767584150455,0.996463890020745
"7372",25,"ska2",-0.00130710226397336,0.605052790400644,0.997363418139039
"7373",25,"tiprl",0.00407168640207195,0.0835248795968502,0.877876627611259
"7374",25,"LOC111575129",-0.000120526718100037,0.885149454559613,0.998213961771008
"7375",25,"LOC111575130",-0.00164721409628619,0.325400353420745,0.990065078286043
"7376",25,"tecta",-0.00141125545663863,0.173132737787733,0.990065078286043
"7377",25,"LOC111575127",0.000135669379987962,0.838125354878463,0.997363418139039
"7378",25,"tlcd3a",-0.00311005246574288,0.0441119309751087,0.830528461182071
"7379",25,"LOC111575123",0.000108665374187487,0.970573168777835,0.999223513981536
"7380",25,"gria4b",0.00367768454139115,0.685003662922337,0.997363418139039
"7381",25,"elmod1",-0.0108063807797318,0.0754943320119359,0.871360915888879
"7382",25,"emsy",-0.00269346304732923,0.300846177753372,0.990065078286043
"7383",25,"mpzl1l",0.00163103250162152,0.705286052748458,0.997363418139039
"7384",25,"rabep1",0.00369144963790734,0.44820939528937,0.996463890020745
"7385",25,"vps37d",0.00454688271803182,0.354586560871622,0.990065078286043
"7386",25,"foxred1",-0.000214869948879047,0.912867808787746,0.998213961771008
"7387",25,"rsf1b.1",-0.000246613637994551,0.878741975311594,0.997890690913835
"7388",25,"LOC111563805",-0.000688410273368163,0.370638749288787,0.990398034861638
"7389",25,"LOC111563808",0.00035052124551897,0.874094995512417,0.997746221429519
"7390",25,"capn5b",-0.000855111412917707,0.850399385048639,0.997363418139039
"7391",25,"LOC111585876",-0.00112805710331433,0.477534147923773,0.997363418139039
"7392",25,"LOC111585878",0.000356068956172954,0.700089498601675,0.997363418139039
"7393",25,"castor2",0.00176476996629906,0.324875129051023,0.990065078286043
"7394",25,"doc2b",0.00459095002915598,0.728723469241395,0.997363418139039
"7395",25,"tmem248",-0.00259094404397957,0.441104417578944,0.996463890020745
"7396",25,"lig3",-0.000773319815034422,0.636925753740839,0.997363418139039
"7397",25,"rad51d",-0.000688376025212097,0.347424868775803,0.990065078286043
"7398",25,"tmem132e",-0.00051304943152029,0.94140510763633,0.998607408853002
"7399",25,"dtx2",-0.000106310849227834,0.96711104846812,0.999223513981536
"7400",25,"gtf2ird1",0.00567101389489928,0.217443446358537,0.990065078286043
"7401",25,"clip2",0.0050205486759701,0.0788814616338817,0.871360915888879
"7402",25,"orai2",0.00187380986625738,0.302554932072194,0.990065078286043
"7403",25,"bckdk",0.000957055945807093,0.537029542661415,0.997363418139039
"7404",25,"LOC111586006",0.00354045955124367,0.0931310702765296,0.89059721170218
"7405",25,"LOC129350518",-0.000573468035887795,0.70226420838214,0.997363418139039
"7406",25,"mcama",-0.00351483631451378,0.647783921921619,0.997363418139039
"7407",25,"LOC111565215",-0.000621650913216562,0.541090141832117,0.997363418139039
"7408",25,"LOC111565216",-0.00202640205777863,0.12566887085868,0.932474606040125
"7409",25,"ccdc65",-0.000165327549061736,0.836224511077447,0.997363418139039
"7410",25,"fam53c",0.00401994916527356,0.361372772760645,0.990065078286043
"7411",25,"zmat2",0.000356574399041916,0.807229229829657,0.997363418139039
"7412",25,"st6gal1",-0.00756944938536984,0.185800814009148,0.990065078286043
"7413",25,"zgc:77151",0.00238928971348047,0.184290384501986,0.990065078286043
"7414",25,"LOC111569294",-0.000886437491274668,0.51484493834038,0.997363418139039
"7415",25,"LOC111569293",-0.00109183324653667,0.722060461616627,0.997363418139039
"7416",25,"grk6",-0.00178178167321037,0.53336698571195,0.997363418139039
"7417",25,"arl10",-0.000981955425928175,0.530509192030847,0.997363418139039
"7418",25,"wwc1",-0.000805428324422121,0.750581521963107,0.997363418139039
"7419",25,"rars1",-0.00252365002666379,0.0397491396651528,0.821523944916278
"7420",25,"si:dkeyp-23e4.3",0.000971522286984538,0.215906894932504,0.990065078286043
"7421",25,"LOC118469679",-0.000554205784209443,0.564034664612189,0.997363418139039
"7422",25,"sgcd",-0.000562608157738214,0.951652632050697,0.998607408853002
"7423",25,"mrpl22",-0.00144123806605411,0.0154065067229651,0.811535974992135
"7424",25,"gemin5",-0.00137023835278871,0.378839128348401,0.99146608947112
"7425",25,"cnot8",-0.00143767421411845,0.244638271787403,0.990065078286043
"7426",25,"fam114a2",0.000487011682645216,0.699663977016461,0.997363418139039
"7427",25,"LOC111584904",-0.00599905540731852,0.225305025844963,0.990065078286043
"7428",25,"LOC111583864",-0.00283084319159307,0.643279915926917,0.997363418139039
"7429",25,"sap30l",-0.00127677803883898,0.311407286698243,0.990065078286043
"7430",25,"nup98",-0.00225329884840264,0.267604684949805,0.990065078286043
"7431",25,"rnasekb",-0.00293720889016793,0.204592415433599,0.990065078286043
"7432",25,"c14h17orf49",-0.00148536779930453,0.465213287186403,0.997363418139039
"7433",25,"LOC111568038",-0.0025449513112421,0.0499687615437685,0.84618751263396
"7434",25,"med31",-4.97259841291781e-05,0.957886339121987,0.998607408853002
"7435",25,"siah2l",0.00247041619418668,0.378704991042919,0.99146608947112
"7436",25,"rbmx2",-0.000781329400044235,0.658275109682634,0.997363418139039
"7437",25,"ap4m1",0.00258905868329529,0.392086689971984,0.996463890020745
"7438",25,"LOC111586232",-0.0026494207395451,0.607075770671607,0.997363418139039
"7439",25,"taf9",0.00418531372589481,0.0267598395743894,0.811535974992135
"7440",25,"LOC111586252",0.00109901705125637,0.186156659111947,0.990065078286043
"7441",25,"LOC111585856",-0.00135352161851544,0.608485922419877,0.997363418139039
"7442",25,"LOC129350494",0.000398650685994189,0.677814010371306,0.997363418139039
"7443",25,"apbb3",-0.00201578118420647,0.513666462840319,0.997363418139039
"7444",25,"sra1",-0.000162797539984031,0.89188824850646,0.998213961771008
"7445",25,"camk2a",-0.00142995408053534,0.764460438724772,0.997363418139039
"7446",25,"rps14",-0.000211778280350193,0.961251843088154,0.998789723674583
"7447",25,"chm",0.00130670116721409,0.376611538694882,0.991163825330808
"7448",25,"ik",0.00225153653433675,0.255617404904485,0.990065078286043
"7449",25,"ndufa2",-6.26813779844707e-05,0.981844999165968,0.999223513981536
"7450",25,"LOC111575721",0.00116889319921013,0.0633171608460686,0.869097537705332
"7451",25,"pfdn1",-0.00231227487254035,0.319238613382176,0.990065078286043
"7452",25,"pwwp2a",0.00115204268793224,0.391831285163859,0.996463890020745
"7453",25,"mat2b",-0.00177020599942891,0.135445709423784,0.953695431502586
"7454",25,"ttc1",-0.0010542966063133,0.144873848577314,0.964602715329076
"7455",25,"LOC129350613",0.0003963196086566,0.595687359061755,0.997363418139039
"7456",25,"prrt1",0.000465371845829961,0.930279305777015,0.998213961771008
"7457",25,"skic2",-0.00148284826793448,0.0169909934338252,0.811535974992135
"7458",25,"nelfe",0.000574264514825581,0.784710457655426,0.997363418139039
"7459",25,"ehmt2",0.00179320009556229,0.507145125550101,0.997363418139039
"7460",25,"rnf5",-0.00065584302891123,0.792020547918085,0.997363418139039
"7461",25,"LOC111569233",-0.00455709165146455,0.422458233059919,0.996463890020745
"7462",25,"LOC111569228",-0.00065713294810374,0.594887703686627,0.997363418139039
"7463",25,"tpi1a",-0.0047031919009063,0.221395318422126,0.990065078286043
"7464",25,"eno2",-0.00195732348216346,0.601230098295232,0.997363418139039
"7465",25,"LOC111571070",-0.0010517646513733,0.340059887140121,0.990065078286043
"7466",25,"LOC111585905",0.000466793202404993,0.670536913597878,0.997363418139039
"7467",25,"iffo1a",-0.00216171378607752,0.499537987191827,0.997363418139039
"7468",25,"LOC129350674",-0.00250300191102008,0.166318350074741,0.983661384084325
"7469",25,"LOC111568099",0.00123103474525122,0.805711738454334,0.997363418139039
"7470",25,"LOC111568090",-0.00146261102489725,0.772493916477936,0.997363418139039
"7471",25,"LOC111568112",-0.000683987469450515,0.433317623339589,0.996463890020745
"7472",25,"LOC111568093",-0.000141969751828889,0.968983380165319,0.999223513981536
"7473",25,"cacng7a",-0.000456911550751637,0.806950173331472,0.997363418139039
"7474",25,"grin2da",-0.00341468090048569,0.72135553199652,0.997363418139039
"7475",25,"dbpa",-5.04551090215581e-05,0.992951200585607,0.999223513981536
"7476",25,"znf865",-0.00165189929274753,0.461231823778761,0.997363418139039
"7477",25,"shisa7b",0.00430130307745029,0.35362365089733,0.990065078286043
"7478",25,"cnot3b",-0.000164103868520271,0.928231672695837,0.998213961771008
"7479",25,"LOC111565859",0.00102431808802844,0.58350224626648,0.997363418139039
"7480",25,"LOC111565801",-0.00516134977916435,0.0549838695081189,0.856360596151954
"7481",25,"necap1",3.6803112061642e-05,0.990973340778158,0.999223513981536
"7482",25,"LOC129350593",0.000283706335332361,0.785971606058381,0.997363418139039
"7483",25,"rnmt",0.000443830700250461,0.71553200424953,0.997363418139039
"7484",25,"LOC111563412",-0.000499000417453052,0.825814520238823,0.997363418139039
"7485",25,"rfx5",-0.00116951215356984,0.387438365689943,0.99604104921104
"7486",25,"psmb4",-0.00060356551494919,0.587096090185866,0.997363418139039
"7487",25,"si:ch211-264f5.6",-0.00446055257924356,0.0249295874848852,0.811535974992135
"7488",25,"LOC111567355",0.00818673107251335,0.290424871723659,0.990065078286043
"7489",25,"rps18",-0.00369198474857945,0.172465993453914,0.989728643862784
"7490",25,"vps52",0.000657540930829491,0.743004128714822,0.997363418139039
"7491",25,"atf6b",-0.0042400507344726,0.0256068262028325,0.811535974992135
"7492",25,"prrc2a",-0.00300228670736101,0.290686881133671,0.990065078286043
"7493",25,"csnk2b",-6.94936241382399e-05,0.968679386048328,0.999223513981536
"7494",25,"LOC111584929",-0.0036978621469824,0.31059154325355,0.990065078286043
"7495",25,"LOC111586143",-0.000587133286271945,0.463195382646297,0.997363418139039
"7496",25,"zdhhc3b",-0.000904051146144222,0.591562646177062,0.997363418139039
"7497",25,"exosc7",-0.000261553014706559,0.846491161253023,0.997363418139039
"7498",25,"cratb",0.000472440515584171,0.698174001311513,0.997363418139039
"7499",25,"LOC111564866",0.00277827144012259,0.622474102014198,0.997363418139039
"7500",25,"LOC111569692",0.002810746956826,0.699329178271091,0.997363418139039
"7501",25,"LOC111569693",0.00419562855239714,0.05243918174375,0.84618751263396
"7502",25,"LOC111569695",-0.000361072921111336,0.830485955984397,0.997363418139039
"7503",25,"LOC111569694",-0.006096045659369,0.189893798553536,0.990065078286043
"7504",25,"LOC111569701",-0.000437399257583877,0.687629296065216,0.997363418139039
"7505",25,"LOC111569699",-0.00165775719025276,0.739753921365658,0.997363418139039
"7506",25,"dnajc8",0.000285046445360635,0.916481437822132,0.998213961771008
"7507",25,"rps27.1",-0.00460137688491215,0.354053214310445,0.990065078286043
"7508",25,"ash1l",-0.00154740200211995,0.800062800873698,0.997363418139039
"7509",25,"rnf115b",-0.00213894428592595,0.079867620241073,0.871360915888879
"7510",25,"scamp3",0.000548461302277645,0.81486131293166,0.997363418139039
"7511",25,"crabp2b",0.00226244338928978,0.49899093123132,0.997363418139039
"7512",25,"mrps21",0.000311645960007581,0.871295815693447,0.997363418139039
"7513",25,"rprd2a",0.000831658942207336,0.519345827061899,0.997363418139039
"7514",25,"celf3a",-0.000172155523636846,0.972805405768364,0.999223513981536
"7515",25,"LOC111585931",-0.00266887483359468,0.100781738927655,0.91027423721574
"7516",25,"clk2a",0.00145102323783499,0.326269697985072,0.990065078286043
"7517",25,"chrna11",0.00256757616016899,0.35674493553669,0.990065078286043
"7518",25,"snx27a",0.000556147982507044,0.822613429897664,0.997363418139039
"7519",25,"trim46b",-0.000456941271475264,0.89947275999825,0.998213961771008
"7520",25,"dpm3",-0.000326761299391924,0.660270974098349,0.997363418139039
"7521",25,"efna1a",-0.000165348574191921,0.949836543072656,0.998607408853002
"7522",25,"efna3a",-0.000233800289220255,0.971726844051763,0.999223513981536
"7523",25,"pbxip1a",-0.0010396631615831,0.786458152146428,0.997363418139039
"7524",25,"pygo2",0.000161165770855867,0.876093044411999,0.997890690913835
"7525",25,"cgnb",-0.00271821984578071,0.0233519543513379,0.811535974992135
"7526",25,"LOC111562522",-0.000643064385229993,0.746697454321271,0.997363418139039
"7527",25,"ubap2l",-0.00150663391581689,0.290190659314555,0.990065078286043
"7528",25,"aqp10b",-0.00033453897062229,0.689169502148989,0.997363418139039
"7529",25,"znf687b",-0.00179858611293657,0.604456952815212,0.997363418139039
"7530",25,"LOC111565087",0.000480415646636452,0.544108137749714,0.997363418139039
"7531",25,"akap9",-0.00216923184456552,0.502845496784302,0.997363418139039
"7532",25,"LOC129350737",-0.00292591348027988,0.144578086424894,0.964602715329076
"7533",25,"krit1",-0.000545046200536015,0.341876032465229,0.990065078286043
"7534",25,"LOC111565082",-0.00123109286811882,0.390152794611959,0.996463890020745
"7535",25,"mrpl24",0.00425515170465679,0.14278277465994,0.961176492579385
"7536",25,"LOC111565089",0.00171045279949798,0.207566796780086,0.990065078286043
"7537",25,"LOC118469947",-0.00114517342613246,0.644037903407922,0.997363418139039
"7538",25,"LOC111565078",-0.00666349784080531,0.113418803374178,0.921820201924075
"7539",25,"LOC111572034",-0.00347298049668978,0.160328386742103,0.981169831773213
"7540",25,"LOC111571411",-0.00228990520474691,0.0782980500843532,0.871360915888879
"7541",25,"LOC129350714",-0.0013568222108636,0.7862113088816,0.997363418139039
"7542",25,"LOC111571291",-0.00241655112279981,0.270619744960159,0.990065078286043
"7543",25,"kmt2ba",0.00200052652635103,0.404490091581982,0.996463890020745
"7544",25,"ndufv1",0.0030696950736723,0.333506379286928,0.990065078286043
"7545",25,"dus3l",-0.00146566739536065,0.0792408090850095,0.871360915888879
"7546",25,"cndp2",-0.00137954847756466,0.52597285153727,0.997363418139039
"7547",25,"dgat1a",0.00134592654896439,0.386356773573898,0.99604104921104
"7548",25,"LOC111567384",0.0025605021249532,0.650952756058178,0.997363418139039
"7549",25,"rplp1",-0.00670423951807455,0.230817067811142,0.990065078286043
"7550",25,"trps1",0.000387747257526116,0.871352503866473,0.997363418139039
"7551",25,"csmd3b",-0.00237675935765163,0.611081413758553,0.997363418139039
"7552",25,"LOC118470886",0.00271198820261841,0.0751513232102057,0.871360915888879
"7553",25,"tshz1",-0.000781699642141017,0.815577612425186,0.997363418139039
"7554",25,"LOC111569221",-0.00432666219739963,0.0727609439192611,0.870389858528497
"7555",25,"vps72a",0.000536455357386471,0.481558106710999,0.997363418139039
"7556",25,"LOC111569222",-0.00106860327369433,0.427543405278228,0.996463890020745
"7557",25,"LOC111575036",-0.00696522706137359,0.336605867608747,0.990065078286043
"7558",25,"sf3b4",-3.73109220542925e-06,0.997321634901957,0.999223513981536
"7559",25,"lix1l",0.000807817838605825,0.532609068423694,0.997363418139039
"7560",25,"LOC111575041",-0.00257969524059201,0.2713843993622,0.990065078286043
"7561",25,"LOC111575028",0.00362591916805804,0.473430277539522,0.997363418139039
"7562",25,"ncaldb",-0.000295488172321237,0.895962397889614,0.998213961771008
"7563",25,"zgc:136493",-0.000620001289165946,0.552505760461538,0.997363418139039
"7564",25,"ptpn2b",-0.00103506018647474,0.773952942665296,0.997363418139039
"7565",25,"rnf19a",-0.000446456450965174,0.629678520475696,0.997363418139039
"7566",25,"spag1a",-0.00025032784009114,0.689024373387772,0.997363418139039
"7567",25,"stk3",-0.0019760625207667,0.167358397265729,0.984129860617473
"7568",25,"rpl30",0.000280862448570126,0.92199543809748,0.998213961771008
"7569",25,"laptm4b",-0.000209821756627352,0.90293756603105,0.998213961771008
"7570",25,"mtdha",0.00014725456013433,0.9550184976873,0.998607408853002
"7571",25,"rrm2b",0.000591280062247161,0.718929720789389,0.997363418139039
"7572",25,"bloc1s4",-0.000679454339991327,0.477044275261489,0.997363418139039
"7573",25,"jarid2b",-0.00445080591345687,0.356361527905313,0.990065078286043
"7574",25,"dtnbp1b",0.00210312432298086,0.582676111056304,0.997363418139039
"7575",25,"atxn1a",-0.00427472841611532,0.421337323121761,0.996463890020745
"7576",25,"fam8a1a",0.00175748217784748,0.0559168636944716,0.857270877809398
"7577",25,"mrpl53",0.000413571673873304,0.843968352145237,0.997363418139039
"7578",25,"pag1",0.00300894784945961,0.422312606561012,0.996463890020745
"7579",25,"znf704",0.00392954450934156,0.467012988210949,0.997363418139039
"7580",25,"zbtb10",-0.00193349138036381,0.243529710027742,0.990065078286043
"7581",25,"stmn2b",0.00413292804353535,0.485866165050227,0.997363418139039
"7582",25,"si:dkeyp-120h9.1",-0.00247362722231516,0.146243556325078,0.965295556857902
"7583",25,"ripor2",0.00151752559371295,0.610819678663014,0.997363418139039
"7584",25,"gmnn",0.000225598201494189,0.680135538515306,0.997363418139039
"7585",25,"c15h6orf62",0.00054649843245141,0.921693666175308,0.998213961771008
"7586",25,"necab1",-0.00445570997086167,0.295584742174241,0.990065078286043
"7587",25,"pip4p2",-0.00174399703140072,0.385947365169245,0.99604104921104
"7588",25,"gatad1",-0.000257812481820474,0.790855190395709,0.997363418139039
"7589",25,"LOC111563788",-0.00132919176395419,0.748329881391601,0.997363418139039
"7590",25,"nup153",-0.000537026072856625,0.81273926446724,0.997363418139039
"7591",25,"vps28",0.00321014573573326,0.0646589387296323,0.869097537705332
"7592",25,"grinaa",0.00273945868026148,0.644438171597949,0.997363418139039
"7593",25,"si:ch211-199g17.9",0.000992835562984003,0.231419491814671,0.990065078286043
"7594",25,"LOC111563777",0.00190141278294816,0.53961399702727,0.997363418139039
"7595",25,"snrpd1",0.000947846823326748,0.378289700445824,0.99146608947112
"7596",25,"azin1b",0.000184143353012459,0.926395341190527,0.998213961771008
"7597",25,"atp6v1c1b",-0.00370042900113925,0.369406397244733,0.990313911305458
"7598",25,"si:ch211-215i13.3",-0.00144468529523178,0.213930992875827,0.990065078286043
"7599",25,"spire1a",-0.00298311772422605,0.106137182873467,0.912203428875534
"7600",25,"fam91a1",0.00100963456729368,0.780947217698942,0.997363418139039
"7601",25,"lratd2a",-0.000545352564009152,0.426500355775897,0.996463890020745
"7602",25,"trib1",-0.00220941867899454,0.334150338784653,0.990065078286043
"7603",25,"LOC118469787",-0.00141474959154591,0.1474101231946,0.965295556857902
"7604",25,"triqk",-0.000996314716576171,0.444314511100896,0.996463890020745
"7605",25,"runx1t1",-0.0013454037154595,0.752100685006208,0.997363418139039
"7606",25,"otud6b",0.000509461260001334,0.69773624781467,0.997363418139039
"7607",25,"rab5aa",0.000697525297799104,0.777656601697112,0.997363418139039
"7608",25,"kat2b",-0.00163365965900099,0.335043602207226,0.990065078286043
"7609",25,"ubqln4",-0.00352348019291145,0.0118489692946948,0.811535974992135
"7610",25,"nfyc",-2.84261499535345e-05,0.986934365701552,0.999223513981536
"7611",25,"si:ch211-13c6.2",0.00144342394623855,0.632187429297862,0.997363418139039
"7612",25,"LOC111578380",-0.00249428652137146,0.00397488918101142,0.811535974992135
"7613",25,"susd5",-0.000785053805315198,0.139909725080166,0.957578775787136
"7614",25,"fbxl2",0.00115526102666498,0.654050187977431,0.997363418139039
"7615",25,"clasp2",-0.00579554572320302,0.134008328027151,0.948991189178475
"7616",25,"ubp1",-0.00397230432769108,0.0159252015138257,0.811535974992135
"7617",25,"LOC129350740",-0.00115584885734927,0.153676820619954,0.970655359774509
"7618",25,"pdcd6ip",-0.00528426451745223,0.053087244803323,0.84618751263396
"7619",25,"arpp21",-0.00156169733222683,0.51972360991232,0.997363418139039
"7620",25,"zftraf1",-0.000936246828578467,0.726657074485518,0.997363418139039
"7621",25,"fabp3",-0.00674119142354048,0.229346835154849,0.990065078286043
"7622",25,"snrnp40",-0.00136700971036759,0.303598931656524,0.990065078286043
"7623",25,"nkain1",0.00268566966835694,0.252912829347724,0.990065078286043
"7624",25,"pum1",-0.00108786436846893,0.704642009207067,0.997363418139039
"7625",25,"sdc3",0.00199216319092489,0.725288042410124,0.997363418139039
"7626",25,"sesn2",0.00042587171965166,0.617132832318609,0.997363418139039
"7627",25,"yrk",-0.00213773525453728,0.226547786865674,0.990065078286043
"7628",25,"ahdc1",-0.00682546187533751,0.0305943617632039,0.814336317015072
"7629",25,"LOC111567763",-0.000982179490145615,0.3659408132656,0.990065078286043
"7630",25,"gpr3",-0.00116799872071401,0.439544139094785,0.996463890020745
"7631",25,"LOC129347235",0.000268145925839493,0.632517165941846,0.997363418139039
"7632",25,"pex1",-0.00541792167019837,0.312907278563349,0.990065078286043
"7633",25,"elmo1",-0.00265756008978135,0.614121202798181,0.997363418139039
"7634",25,"rp9",0.000775358227439668,0.663890432318477,0.997363418139039
"7635",25,"poc1bl",0.000475436021968613,0.639432959677709,0.997363418139039
"7636",25,"gabbr2",-0.00199529862617079,0.674665199750868,0.997363418139039
"7637",25,"elp2",0.0015373735688268,0.129405846392616,0.942881038379743
"7638",25,"ctnnal1",0.00110227362348772,0.819847903495126,0.997363418139039
"7639",25,"ccn4a",0.00108372875484455,0.287335897480524,0.990065078286043
"7640",25,"LOC111573771",0.0028375102599601,0.143796227324103,0.963134298130308
"7641",25,"cpne4b",-0.0012581659429744,0.44628091657084,0.996463890020745
"7642",25,"cspg5b",-0.00138886129675972,0.809156241757603,0.997363418139039
"7643",25,"LOC111573763",-0.00109819732507112,0.552396520368582,0.997363418139039
"7644",25,"smarcc1b",0.000300087369773749,0.746959247540113,0.997363418139039
"7645",25,"hycc1",-0.000770730010403766,0.693994516667908,0.997363418139039
"7646",25,"tomm7",-0.00147819358674671,0.597230748922373,0.997363418139039
"7647",25,"rapgef5a",0.00770203339945098,0.0276355325664412,0.811535974992135
"7648",25,"sp4",0.00199892508288509,0.432540343561973,0.996463890020745
"7649",25,"itgb8",-5.36471701723602e-05,0.98176539976163,0.999223513981536
"7650",25,"polr1f",0.00261553553623624,0.0295236829945253,0.814336317015072
"7651",25,"snx13",-0.00166133571249456,0.497272655509867,0.997363418139039
"7652",25,"dmac1",0.00135343415407627,0.353433899727792,0.990065078286043
"7653",25,"LOC129350643",-0.000135722744399508,0.909404639962604,0.998213961771008
"7654",25,"LOC111573357",-0.00179857820431853,0.434667801157042,0.996463890020745
"7655",25,"LOC111573359",0.0014169212900628,0.233089502143863,0.990065078286043
"7656",25,"fam133b",0.00254335347784947,0.306223329511714,0.990065078286043
"7657",25,"vps50",-0.00451840544392287,0.302368327197223,0.990065078286043
"7658",25,"calcr",-7.99533698626762e-05,0.993939665771973,0.999223513981536
"7659",25,"zgc:85777",0.00112563727142994,0.418748008374628,0.996463890020745
"7660",25,"LOC129350712",0.0015527464267008,0.136400180905053,0.956178227781561
"7661",25,"casd1",-0.00405073286124066,0.199721600951507,0.990065078286043
"7662",25,"sgce",0.00257861888753461,0.306184880219565,0.990065078286043
"7663",25,"ppp1r9a",0.00259870451125304,0.437551310133364,0.996463890020745
"7664",25,"LOC111583712",-0.0154001286549442,0.0124363985007631,0.811535974992135
"7665",25,"LOC111583716",0.00487672050489658,0.139255531525597,0.957578775787136
"7666",25,"sem1",-0.00209883775042019,0.143191489151894,0.962080551757601
"7667",25,"ago2",8.21686643084138e-05,0.956205596876386,0.998607408853002
"7668",25,"npy",6.94961302164502e-05,0.976805916626422,0.999223513981536
"7669",25,"ccdc126",-0.000412341479468976,0.829774842851505,0.997363418139039
"7670",25,"tra2a",-0.00115993592323209,0.728434775597921,0.997363418139039
"7671",25,"kcnh8",3.96095159307926e-05,0.978186462100348,0.999223513981536
"7672",25,"tbc1d5",0.000928619904807044,0.794717517734314,0.997363418139039
"7673",25,"oxnad1",-0.00117660877189713,0.206000208695282,0.990065078286043
"7674",25,"wu:fc38h03",0.000475340171067394,0.746884974368797,0.997363418139039
"7675",25,"nfe2l3",-2.01009291647936e-05,0.978907461417067,0.999223513981536
"7676",25,"cbx3a",-0.00284087399231148,0.137475901285801,0.957578775787136
"7677",25,"hibadha",0.000358387025704961,0.804610707421133,0.997363418139039
"7678",25,"tax1bp1a",0.000606779514240692,0.858781793315929,0.997363418139039
"7679",25,"jazf1a",0.000447291495720179,0.621309260056594,0.997363418139039
"7680",25,"nup42",-0.00174029985185612,0.343224518642459,0.990065078286043
"7681",25,"rims3",0.00123965168271689,0.739552485724451,0.997363418139039
"7682",25,"smap2",-0.00198895357680035,0.139891263439201,0.957578775787136
"7683",25,"trappc3",0.00328454684722256,0.0404988125449416,0.821523944916278
"7684",25,"col8a2",-0.00414244445304145,0.0527331835927241,0.84618751263396
"7685",25,"ptp4a2b",-0.000845708201256854,0.744547776213033,0.997363418139039
"7686",25,"adgrb2",-0.00456706579981906,0.361119995639806,0.990065078286043
"7687",25,"LOC129350749",3.27857794756378e-05,0.976545101363566,0.999223513981536
"7688",25,"LOC111572229",0.000258334595614744,0.738603794966058,0.997363418139039
"7689",25,"angpt2b",0.000798533820731313,0.352387030879558,0.990065078286043
"7690",25,"csmd2",0.00557577378544767,0.141616422506133,0.961176492579385
"7691",25,"pef1",-0.00159005395792132,0.0196910606451925,0.811535974992135
"7692",25,"smim12",0.000555394911332099,0.612190185425942,0.997363418139039
"7693",25,"dlgap3",-0.00127594540377938,0.634257296520268,0.997363418139039
"7694",25,"zbtb8b",0.00168309344515435,0.134321205180859,0.9506365870264
"7695",25,"LOC111576129",-0.00121889024299951,0.334554975762277,0.990065078286043
"7696",25,"LOC111576124",0.00167450887192333,0.276364540945071,0.990065078286043
"7697",25,"fhod3a",-0.00137044877474998,0.0178361066143824,0.811535974992135
"7698",25,"tert",-0.00155430972224986,0.0626459181203343,0.869097537705332
"7699",25,"rbbp4",-0.00211197840682742,0.280691948055339,0.990065078286043
"7700",25,"kiaa1522",-0.000256165488484082,0.844698453405764,0.997363418139039
"7701",25,"LOC111576993",-0.000542410682445895,0.51366221000936,0.997363418139039
"7702",25,"mfsd2ab",-0.00190838371131458,0.365381876581838,0.990065078286043
"7703",25,"trit1",0.0029553028338111,0.0649024293945746,0.869097537705332
"7704",25,"fam49al",-0.00899817168783539,0.252292583077469,0.990065078286043
"7705",25,"txnl4a",-0.00167272154809877,0.135123507784288,0.952318214563295
"7706",25,"mturn",-0.00279781886223375,0.524244589603497,0.997363418139039
"7707",25,"sh3bp5a",0.00200839007462011,0.159506618924324,0.97867756569732
"7708",25,"LOC111572209",0.000695031185428442,0.846394554175247,0.997363418139039
"7709",25,"si:dkey-166k12.1",0.00105998322682028,0.468734754528216,0.997363418139039
"7710",25,"LOC111570380",-0.0021763507880702,0.133416225617482,0.946926652021974
"7711",25,"cckb",0.000873216175067814,0.631513458545267,0.997363418139039
"7712",25,"trim71",0.00151104173387044,0.411468540981348,0.996463890020745
"7713",25,"LOC111562439",-0.00117421839831363,0.7495646907346,0.997363418139039
"7714",25,"LOC111562451",-0.00303501063830231,0.392929175189597,0.996463890020745
"7715",25,"rpl14",-0.002050355823567,0.644527957555482,0.997363418139039
"7716",25,"LOC111562441",0.00616293510907256,0.0489572561150911,0.84618751263396
"7717",25,"LOC111562446",6.56662797586063e-05,0.954484831702091,0.998607408853002
"7718",25,"trioa",-0.00137532716412734,0.754883268195285,0.997363418139039
"7719",25,"adcy2b",-0.00215995702388657,0.112529676880343,0.921820201924075
"7720",25,"tent4a",-0.000809060678469775,0.269923339925762,0.990065078286043
"7721",25,"srd5a1",0.00015887094824125,0.751169933973088,0.997363418139039
"7722",25,"nsun2",0.00102799955443149,0.592630537844669,0.997363418139039
"7723",25,"ube2ql1",-0.00577519693292744,0.306184642430768,0.990065078286043
"7724",25,"irx1b",0.000470939277178662,0.521927500993736,0.997363418139039
"7725",25,"ndufs6",-0.00450259889715348,0.0293498736889494,0.814336317015072
"7726",25,"nrsn1l",-0.00048262002147099,0.89574044708094,0.998213961771008
"7727",25,"sox4a",-0.000490316455831934,0.824465109519369,0.997363418139039
"7728",25,"e2f3",6.44869873954812e-05,0.957645756581932,0.998607408853002
"7729",25,"srfbp1",-0.000410740981182544,0.580752251959694,0.997363418139039
"7730",25,"maco1a",0.00024065414320712,0.929876146308291,0.998213961771008
"7731",25,"fndc5b",-0.0032488729151261,0.116361733033147,0.927025251088176
"7732",25,"marcksl1b",-0.000452667756555076,0.935994774615245,0.998607408853002
"7733",25,"LOC111579063",-0.00147628186026941,0.302238942955034,0.990065078286043
"7734",25,"eif3i",-0.00111795753207642,0.622596796373483,0.997363418139039
"7735",25,"txlna",0.000951931940501435,0.307264612907487,0.990065078286043
"7736",25,"kpna6",-0.000892171617391756,0.737325761728579,0.997363418139039
"7737",25,"khdrbs1b",-0.00240399535040105,0.495994534289628,0.997363418139039
"7738",25,"zgc:91944",0.000395583141809846,0.834105973633736,0.997363418139039
"7739",25,"hpca",0.00521408806823518,0.0799089967533777,0.871360915888879
"7740",25,"LOC111583889",-0.00979041907462066,0.118037570638794,0.927025251088176
"7741",25,"LOC111583895",0.00090373700105093,0.64442350508044,0.997363418139039
"7742",25,"hivep3a",-0.00297476752176085,0.339278894974981,0.990065078286043
"7743",25,"phactr4a",-0.000893226673394167,0.385541117613417,0.99604104921104
"7744",25,"oprd1a",-0.000918832319507294,0.814403839987026,0.997363418139039
"7745",25,"zdhhc18b",0.00195638084873074,0.438413357132391,0.996463890020745
"7746",25,"nudc",0.000101163938190706,0.93693291081183,0.998607408853002
"7747",25,"arid1ab",0.00089607431176019,0.606201799773284,0.997363418139039
"7748",25,"tmem222b",1.33257029881368e-05,0.98914289971766,0.999223513981536
"7749",25,"trappc9",-0.000145697314793752,0.976344454833818,0.999223513981536
"7750",25,"kcnk9",0.00107388872670039,0.668198641230075,0.997363418139039
"7751",25,"fam135b",-0.00726952968303418,0.0971353197090393,0.905020048534428
"7752",25,"khdrbs3",0.00064550250849946,0.716211849378493,0.997363418139039
"7753",25,"LOC111564276",-0.00106700285290715,0.62921126133032,0.997363418139039
"7754",25,"parp10",-0.000432673235251134,0.587005468971827,0.997363418139039
"7755",25,"cpsf1",-0.000137522664088207,0.942561130813537,0.998607408853002
"7756",25,"ctdp1",0.000745290448365836,0.689071882507796,0.997363418139039
"7757",25,"slc66a2",-0.00113898228297766,0.616658802322298,0.997363418139039
"7758",25,"sdhaf3",-0.000695213675950436,0.720675298912506,0.997363418139039
"7759",25,"asns",0.00189438332697219,0.218289883770148,0.990065078286043
"7760",25,"matcap2",0.000289231086971117,0.769661733633421,0.997363418139039
"7761",25,"eepd1",4.4583315438256e-05,0.981776542300199,0.999223513981536
"7762",25,"lrrc3b",0.000714613743463913,0.670462490086972,0.997363418139039
"7763",25,"oxsm",-0.000353800173491016,0.642041478691607,0.997363418139039
"7764",25,"ngly1",-0.00148393469066489,0.214112330817274,0.990065078286043
"7765",25,"top2b",-0.00332016017905037,0.498373615709592,0.997363418139039
"7766",25,"LOC111573403",0.00256149630174443,0.35460291189201,0.990065078286043
"7767",25,"thrb",-0.00293204333199646,0.543288849435716,0.997363418139039
"7768",25,"rpl15",-0.00115030035591805,0.661139654428233,0.997363418139039
"7769",25,"ube2e1",-0.00208416108543324,0.284249655121526,0.990065078286043
"7770",25,"LOC111573404",0.00342956675674371,0.261267826216832,0.990065078286043
"7771",25,"sf3a3",0.00138499649280684,0.51072492124703,0.997363418139039
"7772",25,"maneal",0.000694815004003836,0.758463389948127,0.997363418139039
"7773",25,"LOC111573413",0.000229309756480437,0.846598737888463,0.997363418139039
"7774",25,"foxo6b",0.000594452888139089,0.888212022777426,0.998213961771008
"7775",25,"LOC111575783",0.000360408845761577,0.810444597576206,0.997363418139039
"7776",25,"LOC111575785",-0.00183589490956981,0.0192164486213255,0.811535974992135
"7777",25,"rab42a",-0.00149921893858815,0.663914624902447,0.997363418139039
"7778",25,"gmeb1",-0.000817408798435834,0.314993023974781,0.990065078286043
"7779",25,"ptprua",-0.000646892928089984,0.859162595880369,0.997363418139039
"7780",25,"LOC111585248",-0.00516944645189941,0.481200190931472,0.997363418139039
"7781",25,"LOC111585651",0.00119797807439714,0.76391244189646,0.997363418139039
"7782",25,"ssr2",-0.00442450752217287,0.132695202661083,0.946926652021974
"7783",25,"LOC111585722",-0.00226700753557291,0.320442926354831,0.990065078286043
"7784",25,"ppp1r10",-0.00479308876781067,0.244261129533828,0.990065078286043
"7785",25,"mrps18b",-0.00168313079170775,0.258210378896185,0.990065078286043
"7786",25,"abcf1",-0.00145745428399639,0.682740298889261,0.997363418139039
"7787",25,"c15h6orf136",-0.000874223689630508,0.701933733249789,0.997363418139039
"7788",25,"si:dkey-81h8.1",0.00288970853869583,0.397644590931564,0.996463890020745
"7789",25,"thap7",-1.18227299420477e-05,0.982702728575152,0.999223513981536
"7790",25,"polr1h",-0.000485111685879433,0.514711542024418,0.997363418139039
"7791",25,"mgat1b",0.00134702564170052,0.584055254400812,0.997363418139039
"7792",25,"vars2",-0.00179824919312674,0.221973109164283,0.990065078286043
"7793",25,"c15h6orf47",0.000152167791709046,0.941580917531605,0.998607408853002
"7794",25,"sacm1la",-0.00195701764502399,0.00484577810908204,0.811535974992135
"7795",25,"LOC111585420",0.00108985877912898,0.30372211871737,0.990065078286043
"7796",25,"tmem200b",-0.000390711898496073,0.88109085817375,0.998213961771008
"7797",25,"epb41a",-0.00915600617633745,0.321384841900057,0.990065078286043
"7798",25,"stx12",-0.00215577388667534,0.397028163888386,0.996463890020745
"7799",25,"gatad2b",0.00178169736392915,0.679425509280635,0.997363418139039
"7800",25,"LOC111585124",-0.000429159252431947,0.80389640105242,0.997363418139039
"7801",25,"LOC111587924",0.000975149829457644,0.438261321410495,0.996463890020745
"7802",25,"gtf2h4",0.00332060798798576,0.300083064496541,0.990065078286043
"7803",25,"sh3bp5lb",0.00117360666505632,0.414116953593644,0.996463890020745
"7804",25,"gabbr1b",-0.000114526941520731,0.957613409356241,0.998607408853002
"7805",25,"bag6l",-0.000729635956365658,0.906403711733629,0.998213961771008
"7806",25,"atat1",-0.00419630859855408,0.114132374464146,0.921820201924075
"7807",25,"c1galt1a",-0.00173598143288883,0.0988616435274217,0.905054408445332
"7808",25,"col28a1a",0.00166716436692819,0.0260244959407891,0.811535974992135
"7809",25,"rpa3",0.00141524835049415,0.0807627096090924,0.876927364271359
"7810",25,"umad1",0.00253289872813223,0.045370025444201,0.83707201963985
"7811",25,"glcci1a",-0.00859232854264839,0.0733079314829472,0.871360915888879
"7812",25,"phf14",-0.0073916967429901,0.0799846930369126,0.871360915888879
"7813",25,"LOC129350628",0.000439757118562179,0.603520283782893,0.997363418139039
"7814",25,"nxph1",0.00214883442375224,0.634225776869681,0.997363418139039
"7815",25,"thsd7aa",0.00113537068116228,0.783880880737302,0.997363418139039
"7816",25,"LOC111580949",0.000298331105874642,0.852109705142452,0.997363418139039
"7817",25,"LOC111580950",-0.00175005187926014,0.389918667984749,0.996463890020745
"7818",25,"chtopa",-0.00209577154228367,0.409126424879796,0.996463890020745
"7819",25,"snapin",-0.00049236353642779,0.805978777594246,0.997363418139039
"7820",25,"smad10a",0.000246860228393561,0.941691427086982,0.998607408853002
"7821",25,"pex11b",0.00142307198108786,0.232996369005679,0.990065078286043
"7822",25,"ilf2",-0.000512294677027247,0.826082320927849,0.997363418139039
"7823",25,"LOC111580938",-0.000696724081525573,0.867420869735834,0.997363418139039
"7824",25,"LOC111571916",0.000281016195873149,0.880121618860903,0.998213961771008
"7825",25,"LOC111571910",0.00147183473122366,0.613500088139219,0.997363418139039
"7826",25,"LOC111571909",-0.00368476163159185,0.193841870316705,0.990065078286043
"7827",25,"LOC111571912",0.00114661428566344,0.571933436695741,0.997363418139039
"7828",25,"LOC129350608",-0.000792594521246817,0.459261049945725,0.997363418139039
"7829",25,"LOC111578860",-0.00193603049564106,0.629365048821159,0.997363418139039
"7830",25,"LOC129350654",-0.00122011263484195,0.655119728009108,0.997363418139039
"7831",25,"tmem65",-0.00116591593598908,0.18581706802767,0.990065078286043
"7832",25,"rnf139",-0.000260423005931259,0.934788487893003,0.998477931557809
"7833",25,"ndufb9",0.000577859483700997,0.764767302269122,0.997363418139039
"7834",25,"LOC111577561",0.000996869595993017,0.410434892601841,0.996463890020745
"7835",25,"LOC111570492",-0.00477382896467691,0.410534290734907,0.996463890020745
"7836",25,"LOC111562686",3.57346630854163e-05,0.97454810465918,0.999223513981536
"7837",25,"LOC129350676",-0.00217805761053086,0.317460580560095,0.990065078286043
"7838",25,"mindy1",0.00140331949146186,0.567342608457251,0.997363418139039
"7839",25,"LOC111574755",-0.000426136762935377,0.422890900362042,0.996463890020745
"7840",25,"LOC118470947",0.000122519679099916,0.934433031731146,0.998459625234086
"7841",25,"LOC118470946",0.000348836339138724,0.675146392609358,0.997363418139039
"7842",25,"vps45",0.000647121779962405,0.69927408326207,0.997363418139039
"7843",25,"plekho1a",-0.00102271628660746,0.404489787128904,0.996463890020745
"7844",25,"anp32e",0.00257329486694252,0.0792028588733943,0.871360915888879
"7845",25,"gabpb2a",0.00368055954828857,0.0208866302409513,0.811535974992135
"7846",25,"mllt11",0.00071523065176392,0.742918926969596,0.997363418139039
"7847",25,"cdc42se1",0.00129141859302562,0.305257625547504,0.990065078286043
"7848",25,"slc39a7",0.000983932256647401,0.528308103140826,0.997363418139039
"7849",25,"LOC111562464",-0.00172303239709721,0.240771402137057,0.990065078286043
"7850",25,"LOC111562463",0.00031584243606094,0.697376402675314,0.997363418139039
"7851",25,"LOC111562465",-0.000746212074809911,0.297613573653249,0.990065078286043
"7852",25,"rxrba",-0.00658553091255499,0.0977430830604449,0.905020048534428
"7853",25,"LOC111584596",0.000640878646774172,0.576363543082347,0.997363418139039
"7854",25,"brd2a",-0.0023586901505181,0.498181738766112,0.997363418139039
"7855",25,"psmb9a",0.00204052796713,0.267854741878506,0.990065078286043
"7856",25,"psmb13a",0.000923391601412778,0.264996257878446,0.990065078286043
"7857",25,"LOC111584589",-0.00199312488116642,0.686772741942392,0.997363418139039
"7858",25,"LOC111584590",-0.000414128395630616,0.435968969577491,0.996463890020745
"7859",25,"daxx",-0.000617255270548874,0.840939641220872,0.997363418139039
"7860",25,"zbtb22b",-0.0038841576492969,1.00027469444897e-05,0.117542209448448
"7861",25,"znf384a",-0.00256794739722458,0.304258577614932,0.990065078286043
"7862",25,"flot1a",-0.000115322606788841,0.919512788308677,0.998213961771008
"7863",25,"LOC111565388",-0.00590320844485649,0.119282585830751,0.927025251088176
"7864",25,"LOC111565387",-0.000262213309414852,0.961058797311612,0.998789723674583
"7865",25,"pvrl2l",-0.00860595399331878,0.127326008959421,0.936517726067577
"7866",25,"LOC111565397",0.00115004825633867,0.37800576028668,0.99146608947112
"7867",25,"atp1a3a",0.000194881825170422,0.950628624255339,0.998607408853002
"7868",25,"cica",0.0019093521264719,0.595858749780025,0.997363418139039
"7869",25,"gsk3aa",-0.000875505561689485,0.615879150405932,0.997363418139039
"7870",25,"zgc:91910",-0.000329015337412807,0.8164107010511,0.997363418139039
"7871",25,"bmp8a",-0.00102971428938653,0.493098760014996,0.997363418139039
"7872",25,"macf1a",-0.00729129146346062,0.111928734517095,0.921820201924075
"7873",25,"ndufs5",0.000807251820013565,0.704803637548006,0.997363418139039
"7874",25,"rnf19b",-0.0017291000271533,0.679038944307708,0.997363418139039
"7875",25,"LOC111564494",0.00255782414152179,0.183096834131652,0.990065078286043
"7876",25,"LOC118469885",-0.00110897856541021,0.43486507739884,0.996463890020745
"7877",25,"si:ch1073-513e17.1",-0.00141850913951418,0.0847601168905386,0.880905211399702
"7878",25,"zmym4.1",-0.00109814318446732,0.534065136841726,0.997363418139039
"7879",25,"LOC111564499",0.0003284837986846,0.632959745222761,0.997363418139039
"7880",25,"LOC111564496",-0.000491847681957123,0.773560804265908,0.997363418139039
"7881",25,"LOC111563937",-0.00105080667957731,0.822207787792892,0.997363418139039
"7882",25,"LOC111563938",-0.00294151300742516,0.542692275653346,0.997363418139039
"7883",25,"rpl11",-0.000787492333653923,0.634271461566174,0.997363418139039
"7884",25,"eloa",-0.00245474678999003,0.00116132993982836,0.811535974992135
"7885",25,"pithd1",-0.00143188217984453,0.187759809602548,0.990065078286043
"7886",25,"lypla2",0.000203868376757689,0.925669445351512,0.998213961771008
"7887",25,"sfpq",0.00308243998314472,0.504651548257463,0.997363418139039
"7888",25,"LOC111563932",0.00169434397814039,0.426392512143864,0.996463890020745
"7889",25,"LOC111569254",-0.000946549967544158,0.616796649208845,0.997363418139039
"7890",25,"LOC111569252",0.000156880851479998,0.957995747785418,0.998607408853002
"7891",25,"ints8",0.00129755556631749,0.253462188961765,0.990065078286043
"7892",25,"LOC111568985",-0.000539835118561589,0.65964080914376,0.997363418139039
"7893",25,"nudcd1",-0.000983415199394361,0.573513461583589,0.997363418139039
"7894",25,"trhrb",-0.000278327319726183,0.801953211687544,0.997363418139039
"7895",25,"LOC118470330",-0.000191497075186209,0.734042890667162,0.997363418139039
"7896",25,"LOC111586858",-0.000144703924830992,0.854825812834913,0.997363418139039
"7897",25,"eif3eb",-2.55615746445708e-06,0.998719406356323,0.999223513981536
"7898",25,"pleca",0.00560075338283381,0.31507243803377,0.990065078286043
"7899",25,"fbxl6",-0.00325449123990176,0.0456215873740678,0.837578287637434
"7900",25,"atp9b",0.00117837139719003,0.517788342633954,0.997363418139039
"7901",25,"LOC111575234",-0.000909760416801527,0.281490002631192,0.990065078286043
"7902",25,"LOC111575233",0.000447239606637026,0.577527925778913,0.997363418139039
"7903",25,"LOC111575240",-0.000288670549657001,0.720319376647822,0.997363418139039
"7904",25,"LOC118470987",-0.00149488541760627,0.391429043333698,0.996463890020745
"7905",25,"LOC111575244",0.0004531707588688,0.662636084551957,0.997363418139039
"7906",25,"LOC111575232",-0.00120606380716565,0.221061753503054,0.990065078286043
"7907",25,"cct3",-0.00110697974423137,0.640598865206802,0.997363418139039
"7908",25,"glmp",-0.000524669002749016,0.581306066259932,0.997363418139039
"7909",25,"jtb",-0.000200402490556191,0.871332365079329,0.997363418139039
"7910",25,"hsf1",0.0005321273988469,0.780776855145243,0.997363418139039
"7911",25,"bop1",-0.000353045494250682,0.480181543541882,0.997363418139039
"7912",25,"ntaq1",-0.0013248127949203,0.0188733213945893,0.811535974992135
"7913",25,"lrp12",0.00204847722158537,0.353777158811722,0.990065078286043
"7914",25,"utp23",-0.00080623156129311,0.387074590015883,0.99604104921104
"7915",25,"rad21b",0.00249134078747573,0.10810350232515,0.917246952869275
"7916",25,"med30",-0.000245984997858304,0.923487179276748,0.998213961771008
"7917",25,"ext1b",-2.35543550401233e-06,0.999138869888865,0.999223513981536
"7918",25,"samd12",-0.00329269358951596,0.471485909928011,0.997363418139039
"7919",25,"angpt1",-0.00127757243088892,0.02672497771056,0.811535974992135
"7920",25,"LOC118470567",-0.000223166652173864,0.878515948354569,0.997890690913835
"7921",25,"LOC129350713",0.000128139078174909,0.84406884485785,0.997363418139039
"7922",25,"sdc2",-0.00154406358352734,0.617677501861694,0.997363418139039
"7923",25,"LOC111571373",0.00214356957335382,0.493764602195312,0.997363418139039
"7924",25,"zgc:114119",0.000501725437975034,0.626008655325785,0.997363418139039
"7925",25,"mbpa",-0.00220839197901511,0.554940047465964,0.997363418139039
"7926",25,"zbtb22a",0.00111709426260048,0.270185647571148,0.990065078286043
"7927",25,"LOC111569145",-0.00378000611907163,0.182232415651646,0.990065078286043
"7928",25,"naxe",-0.0014492843401568,0.301512082191207,0.990065078286043
"7929",25,"lmna",-0.000884421789339653,0.237054726000788,0.990065078286043
"7930",25,"usf2",-0.0015535695474034,0.509308194934816,0.997363418139039
"7931",25,"ago3b",0.000912260334790437,0.296345135331379,0.990065078286043
"7932",25,"lipea",-1.56462124704124e-05,0.98380107738385,0.999223513981536
"7933",25,"LOC111562609",-0.00341601719845328,0.276804330555186,0.990065078286043
"7934",25,"tomm40l",-0.000802458696822306,0.604072117382369,0.997363418139039
"7935",25,"srsf4",-0.00668024620265245,0.0355321800202568,0.821359352393538
"7936",25,"eya3",-4.75591571952253e-05,0.970642165788624,0.999223513981536
"7937",25,"si:ch211-195b13.1",0.00143811627093586,0.315404074137011,0.990065078286043
"7938",25,"LOC111586096",-6.95141859740858e-05,0.970230976194795,0.999223513981536
"7939",25,"hivep1",0.00557270200537115,0.194647924293204,0.990065078286043
"7940",25,"LOC129350611",-0.000804342954048291,0.502246241198872,0.997363418139039
"7941",25,"tmem170b",0.00103106107293234,0.544991306404926,0.997363418139039
"7942",25,"nedd9",-0.000407562811816546,0.921222238656318,0.998213961771008
"7943",25,"LOC129350722",-0.000152393912809966,0.861543090874966,0.997363418139039
"7944",25,"thrap3b",0.00120007735611705,0.811953497641941,0.997363418139039
"7945",25,"map7d1b",-0.00167987378950281,0.70504548542151,0.997363418139039
"7946",25,"meaf6",-0.00188864064203243,0.445906170352465,0.996463890020745
"7947",25,"rragcb",0.000436425523026782,0.565299358044166,0.997363418139039
"7948",25,"cap1",-0.00201057178243126,0.618069909887269,0.997363418139039
"7949",25,"kiaa0319l",-0.00239303175840967,0.677340443080507,0.997363418139039
"7950",25,"tfap2e",-0.000758311151884132,0.840833372059208,0.997363418139039
"7951",25,"LOC129350719",-0.000292954788871824,0.906799967141224,0.998213961771008
"7952",25,"LOC118471313",-0.000419660642484664,0.686072495226463,0.997363418139039
"7953",25,"ago4",-0.00523854622373386,0.418558060998576,0.996463890020745
"7954",25,"LOC129350602",0.00173463137541471,0.323863318395801,0.990065078286043
"7955",25,"LOC111583312",-0.00201088943485356,0.342536639822046,0.990065078286043
"7956",25,"LOC129350825",3.03199266912548e-05,0.986999813552499,0.999223513981536
"7957",25,"ehbp1",0.00672225836224074,0.227497910610259,0.990065078286043
"7958",25,"wdpcp",0.00426772037103294,0.0672891650200867,0.869550081520816
"7959",25,"ugp2b",-0.00135623171463582,0.566006331322297,0.997363418139039
"7960",25,"LOC129350813",0.000584563261895126,0.518781253633335,0.997363418139039
"7961",25,"desi2",-0.00015233825495867,0.957572877717768,0.998607408853002
"7962",25,"mtrf1l",-0.00177130643552635,0.0202755488481936,0.811535974992135
"7963",25,"anapc1",0.000365432972375639,0.91237175261561,0.998213961771008
"7964",25,"LOC118469603",-0.00169467995865893,0.0334425364360029,0.821359352393538
"7965",25,"LOC129350822",-0.00140282203018323,0.0179450742352787,0.811535974992135
"7966",25,"LOC111571898",-0.000546285009984152,0.65783838085322,0.997363418139039
"7967",25,"pank1a",-0.00218554087401814,0.350837954703556,0.990065078286043
"7968",25,"zgc:65997",0.000576873533312659,0.691238643791073,0.997363418139039
"7969",25,"nphp1",-0.000899247906778943,0.389897890856324,0.996463890020745
"7970",25,"mrps5",-0.000208942480523325,0.925655298235144,0.998213961771008
"7971",25,"slc8a1b",0.00728666067760485,0.43144558557469,0.996463890020745
"7972",25,"LOC111571302",0.00198562870134929,0.407653855467615,0.996463890020745
"7973",25,"slc17a5",0.00415259931415271,0.13696277224542,0.957578775787136
"7974",25,"kcnq5a",0.00224491260235335,0.655836511620079,0.997363418139039
"7975",25,"cnrip1b",0.000372152394976846,0.80467062488518,0.997363418139039
"7976",25,"LOC111570968",-0.00563872486114892,0.353452389037515,0.990065078286043
"7977",25,"pno1",-0.000650546738614747,0.580450201294725,0.997363418139039
"7978",25,"dnaaf10",-0.000990859958020284,0.299313483638538,0.990065078286043
"7979",25,"c1d",0.000825604186644138,0.462099444918117,0.997363418139039
"7980",25,"LOC118470541",-0.000721739694174161,0.467087921333611,0.997363418139039
"7981",25,"LOC129350777",-0.000426436223176427,0.428205391682944,0.996463890020745
"7982",25,"meis1b",-0.00201830886866174,0.0865307531198841,0.883942320931013
"7983",25,"LOC118470042",7.62745107888189e-05,0.929093629487612,0.998213961771008
"7984",25,"LOC111566068",-0.00152640115157838,0.643050261331001,0.997363418139039
"7985",25,"LOC111585653",-0.00146763733578641,0.445042433162661,0.996463890020745
"7986",25,"LOC111585656",0.00112022212669314,0.448317733358605,0.996463890020745
"7987",25,"LOC111585654",0.0013224479330952,0.444810534546943,0.996463890020745
"7988",25,"abch1",-0.00231849903578067,0.420420364889006,0.996463890020745
"7989",25,"peli1b",-0.0036383402259085,0.087008977291134,0.883942320931013
"7990",25,"mrpl57",-0.00229112427864183,0.181524096435049,0.990065078286043
"7991",25,"kcnh1a",-0.00295884570932774,0.0881706536846939,0.8848525864663
"7992",25,"hhat",0.00115557150936054,0.530223309550809,0.997363418139039
"7993",25,"camk2g2",-0.00207006802274979,0.515439469926077,0.997363418139039
"7994",25,"LOC111563983",8.95902253345125e-05,0.986652664448654,0.999223513981536
"7995",25,"LOC111563985",0.000365303992575824,0.857607436800906,0.997363418139039
"7996",25,"cfap36",-0.00321131332066074,0.0970735838450081,0.905020048534428
"7997",25,"LOC111563987",0.000734798242664568,0.50572654983651,0.997363418139039
"7998",25,"LOC111567319",0.00112737857105129,0.45096558402599,0.996880727735754
"7999",25,"camkmt",-0.00623486259764477,0.105111112838247,0.912203428875534
"8000",25,"prepl",0.00368813872331261,0.0136483386593245,0.811535974992135
"8001",25,"ppm1ba",0.00396077468123451,0.0770643735294079,0.871360915888879
"8002",25,"znhit2",-0.000331086920688057,0.658346720278148,0.997363418139039
"8003",25,"lrpprc",0.00289678446516911,0.0998755716505591,0.907645206570323
"8004",25,"LOC129350809",-0.00173687153699661,0.0329844120832424,0.821359352393538
"8005",25,"dync2li1",-0.0013315407353246,0.356123641802605,0.990065078286043
"8006",25,"lyrm7",-0.000899165131803793,0.429340884654003,0.996463890020745
"8007",25,"hint1",-0.000621969605078879,0.848892472590738,0.997363418139039
"8008",25,"cep170aa",0.00193717857660263,0.420376543694393,0.996463890020745
"8009",25,"rtkn2",0.00124363633225767,0.0355191624891242,0.821359352393538
"8010",25,"arid5b",-0.000803169069762541,0.840446999342537,0.997363418139039
"8011",25,"perp",0.000389213475818431,0.766551905584126,0.997363418139039
"8012",25,"tnfaip3",0.0011021773206835,0.618134830790608,0.997363418139039
"8013",25,"sdccag8",-2.15430016070834e-05,0.990058706708902,0.999223513981536
"8014",25,"akt3a",-0.00413842366044315,0.15576654984726,0.971621725888687
"8015",25,"zbtb18",-0.00450957860761688,0.00993950789650111,0.811535974992135
"8016",25,"adss2",-0.00272187046597585,0.38902497941993,0.99604104921104
"8017",25,"LOC111580430",0.00106995828473834,0.397839158730484,0.996463890020745
"8018",25,"LOC111562720",0.000344740115162953,0.905428625548818,0.998213961771008
"8019",25,"LOC111574098",0.000917550658578743,0.461561892935401,0.997363418139039
"8020",25,"ifngr1l",-0.00190908101437982,0.325817285388994,0.990065078286043
"8021",25,"il22ra2",0.000812180676586803,0.363049803347294,0.990065078286043
"8022",25,"map3k21",0.00104421696347997,0.600815230136425,0.997363418139039
"8023",25,"pcnx2",-0.00111424296442352,0.830623128133313,0.997363418139039
"8024",25,"rgs17",-0.00372713942551398,0.336646377103426,0.990065078286043
"8025",25,"oprm1",-0.000854846200475338,0.915322949868353,0.998213961771008
"8026",25,"sf3b5",-0.000978723693760287,0.456874697776984,0.997363418139039
"8027",25,"LOC111571501",-0.00160673224585258,0.697505245802116,0.997363418139039
"8028",25,"wapla",0.000340717202889713,0.871510376253896,0.997363418139039
"8029",25,"grid1a",-0.00177026551013125,0.429767542825632,0.996463890020745
"8030",25,"ccser2a",-3.52204189821206e-05,0.969900749000425,0.999223513981536
"8031",25,"dnajc9",-0.000727726304108267,0.739448888547204,0.997363418139039
"8032",25,"fam149b1",0.000277254886252736,0.685846852095818,0.997363418139039
"8033",25,"fmn2a",-0.00154615369476567,0.200338821628523,0.990065078286043
"8034",25,"rgs7a",-0.00332960837377583,0.40168182074169,0.996463890020745
"8035",25,"LOC111576064",-0.00474024180314884,0.297982723417275,0.990065078286043
"8036",25,"LOC111586876",0.000728016755841663,0.754544258667425,0.997363418139039
"8037",25,"LOC129350829",8.72314715286915e-05,0.92991001464971,0.998213961771008
"8038",25,"LOC111582757",0.00280875144951109,0.097627527471387,0.905020048534428
"8039",25,"LOC111582667",-0.00363403698022612,0.0240680402775806,0.811535974992135
"8040",25,"ank3a",-0.0071466342012171,0.252074334999304,0.990065078286043
"8041",25,"LOC111582771",0.000705589753895791,0.25294058179023,0.990065078286043
"8042",25,"ubac2",-0.00235868468879991,0.0920732984300586,0.888736948460214
"8043",25,"dachc",-0.00107104910879874,0.542711101205557,0.997363418139039
"8044",25,"mzt1",0.000253260858263871,0.866755756448535,0.997363418139039
"8045",25,"pibf1",-0.0010834692804074,0.36516849564215,0.990065078286043
"8046",25,"klf5a",0.000304963021384861,0.812231219341554,0.997363418139039
"8047",25,"pgbd5",-0.0023726640546209,0.574136270690333,0.997363418139039
"8048",25,"cog2",-0.00142411063373882,0.625673874959441,0.997363418139039
"8049",25,"ikzf5",-0.000873484695888786,0.290376260935581,0.990065078286043
"8050",25,"gpr26",-0.000758788459668309,0.392459028738987,0.996463890020745
"8051",25,"LOC111580094",-0.000455705354182868,0.505786424487487,0.997363418139039
"8052",25,"LOC111580097",0.000443661851808177,0.772251900743279,0.997363418139039
"8053",25,"zranb1b",-0.000807832052528525,0.649991565549812,0.997363418139039
"8054",25,"ctbp2a",-0.00588626746705349,0.461851668857399,0.997363418139039
"8055",25,"edrf1",0.000715393842721701,0.781214331887244,0.997363418139039
"8056",25,"insyn2ab",-0.00121646968328586,0.0226477766177864,0.811535974992135
"8057",25,"LOC111566886",0.000480806623417009,0.863443709370498,0.997363418139039
"8058",25,"mgmt",0.000908259786817624,0.721611108051696,0.997363418139039
"8059",25,"ppp2r2d",-0.0020599218657937,0.372708631320001,0.990398034861638
"8060",25,"bnip4",0.000270947065125219,0.826037881827059,0.997363418139039
"8061",25,"smndc1",-0.00368011407947162,0.138152991901629,0.957578775787136
"8062",25,"LOC111566897",0.00340631799647995,0.0900185367228909,0.885263204425181
"8063",25,"LOC111566898",-0.000869060871710872,0.66746342464416,0.997363418139039
"8064",25,"LOC118470114",-0.00123890226729801,0.213937173063504,0.990065078286043
"8065",25,"add3b",-0.00252880629486255,0.159352682039841,0.978511673467358
"8066",25,"LOC111580706",-0.00112298898975259,0.773996560250453,0.997363418139039
"8067",25,"sorcs3b",0.00220049606353605,0.202867922044175,0.990065078286043
"8068",25,"slka",0.000495420425308211,0.846098305025924,0.997363418139039
"8069",25,"LOC111580715",2.63372050373722e-05,0.961894551503608,0.998789723674583
"8070",25,"ptena",-0.00145556858926062,0.327402867093007,0.990065078286043
"8071",25,"LOC129347256",-0.00115396061738954,0.0181932953273783,0.811535974992135
"8072",25,"LOC111588570",-0.00219918589559017,0.188965185270358,0.990065078286043
"8073",25,"sgms1a",-0.00105276929565022,0.575920369517203,0.997363418139039
"8074",25,"LOC111575530",-0.000851738985992322,0.624280060488507,0.997363418139039
"8075",25,"LOC111575536",0.00469040642512266,0.505049110037943,0.997363418139039
"8076",25,"pcsk2",-0.00310394650274119,0.536679141805637,0.997363418139039
"8077",25,"LOC111575537",0.00268123210659272,0.0475014221674676,0.84618751263396
"8078",25,"kcnma1a",0.00101895798291793,0.834309884159009,0.997363418139039
"8079",25,"dlg5a",-0.00083906104528454,0.584704267784553,0.997363418139039
"8080",25,"ppifa",0.000378930508481841,0.563464919524199,0.997363418139039
"8081",25,"zmiz1a",-0.003824795054405,0.417853270454076,0.996463890020745
"8082",25,"rps24",-0.00100463686496105,0.848110788506206,0.997363418139039
"8083",25,"eif4ebp2",0.000969702823047954,0.673988791977738,0.997363418139039
"8084",25,"tysnd1",0.00115695318031038,0.355442728177735,0.990065078286043
"8085",25,"spock2",-0.0127229713778441,0.0272005646056241,0.811535974992135
"8086",25,"dnajb12a",-0.000747176949093853,0.634508553651828,0.997363418139039
"8087",25,"scdb",-0.000185218047232043,0.921552895410082,0.998213961771008
"8088",25,"hif1an",0.000808498075448161,0.770584575952936,0.997363418139039
"8089",25,"cuedc2",-0.000254331691154995,0.893847469026847,0.998213961771008
"8090",25,"parga",0.0015918124127945,0.0963375625692525,0.901160797250417
"8091",25,"LOC111564392",2.40460632460884e-05,0.991204533342908,0.999223513981536
"8092",25,"mark1",0.00241352978829168,0.344440829077157,0.990065078286043
"8093",25,"LOC129350764",-0.000300291646606403,0.581443418718871,0.997363418139039
"8094",25,"LOC111564374",-0.00159209291848077,0.464160379477328,0.997363418139039
"8095",25,"LOC111564399",0.00125511187126711,0.380982758755558,0.993035270927248
"8096",25,"sfxn3",0.00180680300227682,0.423914223428208,0.996463890020745
"8097",25,"LOC111564381",0.00281748285236078,0.316665546479149,0.990065078286043
"8098",25,"zgc:154058",-0.000700332856865463,0.338862109141003,0.990065078286043
"8099",25,"si:ch211-198a12.6",0.000186739682609312,0.8103971019967,0.997363418139039
"8100",25,"ccar1",0.00130941332820283,0.648938347231615,0.997363418139039
"8101",25,"zgc:110319",0.0017492859724508,0.381147209874744,0.993035270927248
"8102",25,"eif4e1c",-0.00157758302514922,0.3110548433468,0.990065078286043
"8103",25,"tet1",-0.00139938125789285,0.478866211161127,0.997363418139039
"8104",25,"slc25a16",-0.00051779710756646,0.742739296562917,0.997363418139039
"8105",25,"alox5a",0.000440545195369336,0.69833139953203,0.997363418139039
"8106",25,"marchf8",0.00161809182215279,0.691923441681444,0.997363418139039
"8107",25,"zfand4",0.00015836494721429,0.878835898529663,0.997890690913835
"8108",25,"washc2c",0.000191779710894043,0.907346239140286,0.998213961771008
"8109",25,"slf2",-7.73101037898816e-05,0.961485603709329,0.998789723674583
"8110",25,"LOC111564371",0.000107854173062641,0.928002629904252,0.998213961771008
"8111",25,"zgc:171482",0.00120783230758839,0.758030303300697,0.997363418139039
"8112",25,"LOC129350820",-0.000642248524527507,0.3322981129482,0.990065078286043
"8113",25,"golga7bb",2.6341034775246e-05,0.983795136929941,0.999223513981536
"8114",25,"slc25a28",-0.000217126116070128,0.911283214236076,0.998213961771008
"8115",25,"wu:fc17b08",0.00233842084414554,0.152338885604671,0.970457061385761
"8116",25,"cutc",8.08309369270778e-05,0.942654218800399,0.998607408853002
"8117",25,"LOC111579232",0.00241683559015521,0.170945154465707,0.989728643862784
"8118",25,"LOC111579231",-0.00231431219325398,0.789305409742475,0.997363418139039
"8119",25,"LOC111578867",0.00165011492405687,0.00880559511722356,0.811535974992135
"8120",25,"ldb1a",-0.00508845020648721,0.233696458721037,0.990065078286043
"8121",25,"oga",0.000919348094442185,0.834628256511125,0.997363418139039
"8122",25,"sufu",-0.00198803967040264,0.31518912992168,0.990065078286043
"8123",25,"zdhhc16a",0.00113475263939558,0.51449808500841,0.997363418139039
"8124",25,"ubtd1a",-0.00226689647019087,0.215304608290749,0.990065078286043
"8125",25,"rrp12",-0.000470170132667056,0.453896188206445,0.997363418139039
"8126",25,"ptpn20",-0.00112416556608092,0.604198602907097,0.997363418139039
"8127",25,"mapk8a",-0.00222053050851635,0.353770687713335,0.990065078286043
"8128",25,"arhgap22",-0.00361729982671627,0.0463931338008742,0.841276412472073
"8129",25,"ercc6",-0.000894529503179654,0.52878511250211,0.997363418139039
"8130",25,"rassf4a",-0.00114835845883018,0.472646740764451,0.997363418139039
"8131",25,"LOC111577429",0.000761028044046174,0.466498277999531,0.997363418139039
"8132",25,"LOC111577441",0.000990424766668762,0.171929238978161,0.989728643862784
"8133",25,"mtg1",-0.000943844314311176,0.293043768564467,0.990065078286043
"8134",25,"sprn",0.000739378075734763,0.490589458762155,0.997363418139039
"8135",25,"fuom",-0.000407600264018554,0.690751071144306,0.997363418139039
"8136",25,"erlin1",-0.000507560953664104,0.799566736191348,0.997363418139039
"8137",25,"LOC111581409",-0.000678342919228396,0.371213481441663,0.990398034861638
"8138",25,"LOC111581406",0.00133779253557022,0.750907185050279,0.997363418139039
"8139",25,"adka",0.000205562491448004,0.767693922060608,0.997363418139039
"8140",25,"LOC111581412",-0.0024365133332136,0.0416643998210998,0.825068516318458
"8141",25,"mcph1",0.000923183158739025,0.162709068565875,0.982724119992008
"8142",25,"agpat5",-0.000451623494936964,0.804107299180939,0.997363418139039
"8143",25,"tmem14a",0.000145357326426861,0.85316059792597,0.997363418139039
"8144",25,"cilk1",-0.00110251485971289,0.549226819386619,0.997363418139039
"8145",25,"fbxo9",-0.00297366619738844,0.0309573332391437,0.814336317015072
"8146",25,"gclc",0.00272427044666066,0.105889261674782,0.912203428875534
"8147",25,"hcrtr2",-0.00567396552647054,0.451061711002729,0.996880727735754
"8148",25,"LOC129350856",1.40210490121929e-05,0.985980419184466,0.999223513981536
"8149",25,"hmgcll1",4.15347869200652e-05,0.982736890752352,0.999223513981536
"8150",25,"dst",-0.00661938553245232,0.271001253652232,0.990065078286043
"8151",25,"znf451",-0.000207428560533103,0.847280098488847,0.997363418139039
"8152",25,"rab23",-0.000328983053549733,0.757081724030955,0.997363418139039
"8153",25,"khdrbs2",0.00535121346724263,0.382801952321139,0.995245543985489
"8154",25,"phf3",0.0013682485123807,0.181081186046793,0.990065078286043
"8155",25,"adgrb3",0.00322794604423274,0.469821310442975,0.997363418139039
"8156",25,"LOC129350874",-0.00151017949126279,0.327311412762752,0.990065078286043
"8157",25,"lmbrd1",0.00138495178732272,0.764505841079705,0.997363418139039
"8158",25,"LOC111562976",-0.00138168931918092,0.535635941965565,0.997363418139039
"8159",25,"fam135a",0.00149104649959516,0.278975204783555,0.990065078286043
"8160",25,"slc35f3b",0.00458336401433485,0.00857560130078576,0.811535974992135
"8161",25,"kcnk1b",0.000937402750792138,0.669664772443076,0.997363418139039
"8162",25,"map3k4",0.000953149278740293,0.520325151308284,0.997363418139039
"8163",25,"psme4a",0.002559059330436,0.437506077975155,0.996463890020745
"8164",25,"gpr75",-0.000911581437824464,0.456835321473866,0.997363418139039
"8165",25,"LOC111562983",-0.00788041494649766,0.296440602867744,0.990065078286043
"8166",25,"ppp1r21",-0.00164702932404006,0.298145188390079,0.990065078286043
"8167",25,"foxn2a",-0.0014895233207988,0.0973062296508135,0.905020048534428
"8168",25,"fbxo11a",-0.000554366421013792,0.73980775042001,0.997363418139039
"8169",25,"msh6",-0.00245026964783934,0.118148489828562,0.927025251088176
"8170",25,"golga4",0.00379372966477334,0.0264774579142998,0.811535974992135
"8171",25,"LOC129350770",0.000855549082625548,0.228851099476487,0.990065078286043
"8172",25,"LOC111576116",0.00254625694342776,0.0665753633408266,0.869550081520816
"8173",25,"tmem87b",-0.000617945067270835,0.787666538316831,0.997363418139039
"8174",25,"sft2d1",-0.00056525985394752,0.681752632276207,0.997363418139039
"8175",25,"pde10a",-0.00133946789643504,0.600600055883398,0.997363418139039
"8176",25,"psap",-5.79907827259413e-05,0.985526344551095,0.999223513981536
"8177",25,"mrps6",-0.00130180976553496,0.580125615973087,0.997363418139039
"8178",25,"nolc1",-0.000583781470877374,0.531666622077769,0.997363418139039
"8179",25,"micu1",0.00161502298291992,0.620295264764476,0.997363418139039
"8180",25,"mcu",-0.000701721998547462,0.551902084992514,0.997363418139039
"8181",25,"tacc2",0.00421650003260947,0.187553106091068,0.990065078286043
"8182",25,"cst3",-0.0047494220518277,0.504401855919845,0.997363418139039
"8183",25,"snx5",0.000378089538581497,0.801090409255616,0.997363418139039
"8184",25,"rrbp1a",-0.000319109767236228,0.775198365838715,0.997363418139039
"8185",25,"mrpl14",-0.00113295214323601,0.227243581978099,0.990065078286043
"8186",25,"LOC111585242",-0.00239010764076218,0.212755275049099,0.990065078286043
"8187",25,"macrod2",-0.00344846228098307,0.650085331271746,0.997363418139039
"8188",25,"flrt3",-0.000648336179994738,0.862363892436097,0.997363418139039
"8189",25,"tasp1",0.00186677032899469,0.27586113910995,0.990065078286043
"8190",25,"btbd3b",0.00142939373830052,0.191375536983911,0.990065078286043
"8191",25,"srd5a2b",-0.000233535443357508,0.867981413960439,0.997363418139039
"8192",25,"memo1",-0.000790646256381797,0.55993218726498,0.997363418139039
"8193",25,"LOC111573719",0.00377713037407314,0.217299298995706,0.990065078286043
"8194",25,"LOC111573722",-0.00270306459388138,0.394487933340379,0.996463890020745
"8195",25,"heatr5b",-0.00191252891602019,0.20450028785606,0.990065078286043
"8196",25,"eif2ak2",-0.000310182531270792,0.743768170036345,0.997363418139039
"8197",25,"LOC111573734",-0.000342257605784459,0.452547985392335,0.997363418139039
"8198",25,"LOC129350808",0.00044737933124478,0.882108723074512,0.998213961771008
"8199",25,"irf2bp2a",-0.00163329342230298,0.504341809138298,0.997363418139039
"8200",25,"tomm20a",-0.00179838412563792,0.44479448467092,0.996463890020745
"8201",25,"arid4b",0.000434447186002847,0.865338334672215,0.997363418139039
"8202",25,"ggps1",-0.0033680470876816,0.0409754700900918,0.824046719614197
"8203",25,"b3galnt2",-0.00602986964305873,0.0746042126077592,0.871360915888879
"8204",25,"LOC111573728",0.000620291816083983,0.764550251617272,0.997363418139039
"8205",25,"lyst",0.00344931533677453,0.30740123702528,0.990065078286043
"8206",25,"gpr137ba",0.000423002214809995,0.864675997119588,0.997363418139039
"8207",25,"egln1a",0.000360532907795886,0.849470446449551,0.997363418139039
"8208",25,"tsnax",0.00171987775624855,0.36363444861215,0.990065078286043
"8209",25,"LOC111574718",0.00171217260139967,0.733142471466369,0.997363418139039
"8210",25,"klhdc3",-0.0057262070452837,0.0382178658424738,0.821523944916278
"8211",25,"npas4l",-0.000350811546106764,0.429156727048852,0.996463890020745
"8212",25,"LOC111574725",0.00014730864363339,0.915586055669475,0.998213961771008
"8213",25,"zmp:0000000755",0.00178985098131161,0.421883174054264,0.996463890020745
"8214",25,"mrpl2",-0.00195476941511768,0.323550426354109,0.990065078286043
"8215",25,"klc1b",-0.00587832658143989,0.0557145480025467,0.856360596151954
"8216",25,"ptk7b",0.00105585063386317,0.468049465826086,0.997363418139039
"8217",25,"ablim1a",0.00411968209012089,0.155388155027192,0.971621725888687
"8218",25,"LOC111571797",0.000615229167586386,0.834632693214364,0.997363418139039
"8219",25,"fgfr2",0.000396950999500588,0.799755281396644,0.997363418139039
"8220",25,"wdr11",-0.00270387288926676,0.49119241170552,0.997363418139039
"8221",25,"plpp4",0.00103380467376941,0.685372615085577,0.997363418139039
"8222",25,"cdh23",0.00998693997137238,0.06297696308245,0.869097537705332
"8223",25,"vsir",0.00146840597299223,0.316883886873813,0.990065078286043
"8224",25,"eif3s6ip",0.00110692555260472,0.456472720208063,0.997363418139039
"8225",25,"lrrfip2",-0.0011989591284843,0.678565570829106,0.997363418139039
"8226",25,"herc4",0.000241343975981335,0.854725370016344,0.997363418139039
"8227",25,"LOC111573088",-1.52232419921508e-05,0.995055247247992,0.999223513981536
"8228",25,"sirt1",0.0014959635046479,0.0214369713366078,0.811535974992135
"8229",25,"tial1",0.00081985698109087,0.576489144646666,0.997363418139039
"8230",25,"inpp5f",-0.00138103903398366,0.433964571441148,0.996463890020745
"8231",25,"sec23ip",-0.000911875128882881,0.450116213558434,0.996463890020745
"8232",25,"csgalnact2",-0.00059527439266768,0.77699670646138,0.997363418139039
"8233",25,"pcbd1",-0.000429066867550666,0.601480011411013,0.997363418139039
"8234",25,"LOC111573102",-5.26102803480904e-05,0.985768226496215,0.999223513981536
"8235",25,"fam204a",0.000799269751948193,0.686653867693563,0.997363418139039
"8236",25,"LOC111573125",-0.00290857376132027,0.212553294965981,0.990065078286043
"8237",25,"emx2",0.000502752979665433,0.861099348934148,0.997363418139039
"8238",25,"eif3s10",8.93228368175818e-05,0.980346613019772,0.999223513981536
"8239",25,"sfxn4",-0.00098149082463972,0.406011990329547,0.996463890020745
"8240",25,"prdx3",0.00285210565526758,0.0598752605343657,0.869097537705332
"8241",25,"tm9sf3",0.000800170392316723,0.799750277468307,0.997363418139039
"8242",25,"LOC129350828",-0.000356437201322258,0.785973851499312,0.997363418139039
"8243",25,"fbxw4",0.0054686364570724,0.159282446983528,0.978511673467358
"8244",25,"sdhaf4",-0.000664396501367289,0.612286460872234,0.997363418139039
"8245",25,"LOC111564302",-0.000593926835432313,0.890306320310323,0.998213961771008
"8246",25,"LOC129350776",-0.000794307871464277,0.604841337909976,0.997363418139039
"8247",25,"LOC118469851",0.000316342222079877,0.8184730189551,0.997363418139039
"8248",25,"LOC129350806",0.000408467236625756,0.789616219069629,0.997363418139039
"8249",25,"LOC111578198",0.00047576307589575,0.813555819909723,0.997363418139039
"8250",25,"ctu2",-0.000615653976877503,0.841211385056292,0.997363418139039
"8251",25,"LOC111563637",-0.00100737327976203,0.74164578595774,0.997363418139039
"8252",25,"galm",-0.00222387338485585,0.0950768644842071,0.895041774510418
"8253",25,"si:dkey-191g9.5",-0.00119472643022874,0.686987938130817,0.997363418139039
"8254",25,"LOC118469776",0.000767034856514665,0.518937488087264,0.997363418139039
"8255",25,"chchd1",-0.000414144858502788,0.77392902233997,0.997363418139039
"8256",25,"si:ch211-51a6.2",0.00200669006552496,0.291951958085656,0.990065078286043
"8257",25,"zswim8",-0.00151215638390362,0.547229735875588,0.997363418139039
"8258",25,"ndst2a",0.000114945058339263,0.963142117705905,0.998789723674583
"8259",25,"si:dkey-191g9.7",0.00182218011392679,0.442674999657926,0.996463890020745
"8260",25,"polr1c",-0.000936700521732452,0.606965209255675,0.997363418139039
"8261",25,"fbxo28",0.000748454719999239,0.774062975162854,0.997363418139039
"8262",25,"degs1",0.00193335568788383,0.408739332471129,0.996463890020745
"8263",25,"nvl",-0.0013434222991524,0.421994739315503,0.996463890020745
"8264",25,"si:ch211-189a15.5",0.000459719358940946,0.639308019882749,0.997363418139039
"8265",25,"aprt",-0.000673464367320493,0.612686677974036,0.997363418139039
"8266",25,"tm9sf2",0.00390999811638624,0.201847227790448,0.990065078286043
"8267",25,"pcca",-0.00109660465316086,0.604709259663197,0.997363418139039
"8268",25,"zic2b",0.00062409899611605,0.713581859834748,0.997363418139039
"8269",25,"vps8",0.000626812179200997,0.758577070197987,0.997363418139039
"8270",25,"LOC111586491",0.000737232791338668,0.676371931301225,0.997363418139039
"8271",25,"gbf1",0.00119488795327559,0.728127779609648,0.997363418139039
"8272",25,"hspa12a",-0.00580312221036522,0.131170093621659,0.945337579489429
"8273",25,"atp6v1ba",-0.00644001470438275,0.0834719249687273,0.877876627611259
"8274",25,"slc18a2",0.000107599076874344,0.891428080107901,0.998213961771008
"8275",25,"pdzd8",0.000291676025870058,0.942738055399862,0.998607408853002
"8276",25,"yipf4",0.00122321313287093,0.360106727997956,0.990065078286043
"8277",25,"birc6",-0.00471099040714035,0.329199162816371,0.990065078286043
"8278",25,"ttc27",0.00620220307947118,0.0129503310328603,0.811535974992135
"8279",25,"LOC111586884",0.00196856674109427,0.306378053652465,0.990065078286043
"8280",25,"cdc42ep3",0.000734172628527032,0.521776545067914,0.997363418139039
"8281",25,"opn3",-7.96911589326523e-05,0.980346066974352,0.999223513981536
"8282",25,"LOC111572832",5.06960690553001e-05,0.945140236201623,0.998607408853002
"8283",25,"ide",0.000922547742354307,0.686937606801669,0.997363418139039
"8284",25,"marchf5",-0.00067914025140605,0.795124723306761,0.997363418139039
"8285",25,"cpeb3",0.00190024577383943,0.636471510859477,0.997363418139039
"8286",25,"btaf1",0.00032933129953695,0.850508645781216,0.997363418139039
"8287",25,"hs3st1l1",-0.00185045611151256,0.405024422543311,0.996463890020745
"8288",25,"LOC111578244",-0.00699156235743642,0.0129735061974485,0.811535974992135
"8289",25,"LOC111578248",-0.00127331678247253,0.758954460664906,0.997363418139039
"8290",25,"LOC111578243",2.90462857829288e-05,0.994434123044274,0.999223513981536
"8291",25,"LOC129350781",0.000788368869741232,0.378020219768873,0.99146608947112
"8292",25,"LOC111565432",-0.000787950051802464,0.628468532257971,0.997363418139039
"8293",25,"pwwp2b",-0.000977613743526061,0.541770752711601,0.997363418139039
"8294",25,"LOC111574000",-0.00225339928372352,0.410504315400202,0.996463890020745
"8295",25,"rhoq",0.00505292254612638,0.0655508142253121,0.869097537705332
"8296",25,"socs5b",-0.00126665780563773,0.512520220336412,0.997363418139039
"8297",25,"calm2a",0.00195320411455523,0.629381580062613,0.997363418139039
"8298",25,"thada",0.000596708020458833,0.832946497742313,0.997363418139039
"8299",25,"zfp36l2",0.000877691899497995,0.438874026120187,0.996463890020745
"8300",25,"papolg",-0.000339961524970596,0.813516833702509,0.997363418139039
"8301",25,"pex13",0.00108623722121138,0.415800358929449,0.996463890020745
"8302",25,"sanbr",-0.00133491173580286,0.766771935986,0.997363418139039
"8303",25,"xpo1b",-0.0065040302194282,0.215354488922529,0.990065078286043
"8304",25,"LOC111574688",0.000122960935905751,0.964000130574891,0.99894368917766
"8305",25,"sertad2b",-0.000386539990435514,0.852578159677609,0.997363418139039
"8306",25,"slc1a4",-0.00432644439742426,0.0950445339880106,0.895041774510418
"8307",25,"smap1",-0.0055061131775442,0.329169746936222,0.990065078286043
"8308",25,"b3gat2",-4.25341977720153e-05,0.993239470202906,0.999223513981536
"8309",25,"ogfrl1",-0.00208966975189417,0.00279779339540067,0.811535974992135
"8310",25,"asrgl1",0.00124688875419095,0.604381498309664,0.997363418139039
"8311",25,"LOC111570507",0.00165417352836275,0.749670371845533,0.997363418139039
"8312",25,"LOC129350812",-0.00197519792913629,0.0691484319387296,0.869550081520816
"8313",25,"bcl11aa",-0.00934347338967143,0.0233263638671228,0.811535974992135
"8314",25,"vrk2",0.000576707468346785,0.680713882824844,0.997363418139039
"8315",25,"ccdc85a",-0.000910573292905434,0.461004104900246,0.997363418139039
"8316",25,"slc24a3",0.00442543221696998,0.320818673301188,0.990065078286043
"8317",25,"fam98a",0.000598043818702919,0.816024048881893,0.997363418139039
"8318",25,"LOC111585731",0.00255816938205847,0.452104563012556,0.997363418139039
"8319",25,"LOC111585729",0.00112312950534933,0.172005643991107,0.989728643862784
"8320",25,"LOC111567620",-0.0019993811940725,0.202052255835978,0.990065078286043
"8321",25,"ciao2b",0.0010183796355904,0.447017338662929,0.996463890020745
"8322",25,"wipf1b",-0.000656826644912859,0.331112369118978,0.990065078286043
"8323",25,"LOC111578997",0.0010107215353153,0.354330416251413,0.990065078286043
"8324",25,"psda",-0.00398263710451198,0.174035321688029,0.990065078286043
"8325",25,"nfkb2",0.000199106280651516,0.76682833344877,0.997363418139039
"8326",25,"LOC111568543",0.00139954200974617,0.0489050182818579,0.84618751263396
"8327",25,"sncga",0.000144260930879423,0.941089559765289,0.998607408853002
"8328",25,"usp54a",-0.00521103884465494,0.33696408525989,0.990065078286043
"8329",25,"LOC111579916",-0.000400459200740276,0.739627074148828,0.997363418139039
"8330",25,"LOC111585792",-0.000622634174286625,0.659940051328456,0.997363418139039
"8331",25,"rps27a",-0.00423522225388219,0.373721099927227,0.991116293490912
"8332",25,"LOC111584822",-0.000826138701675931,0.495003847522345,0.997363418139039
"8333",25,"rtn4a",-0.000165374190916565,0.972841032281721,0.999223513981536
"8334",25,"LOC111572928",-0.00157057059549381,0.82397101086732,0.997363418139039
"8335",25,"LOC111572926",-0.00455821178955794,0.48969872348891,0.997363418139039
"8336",25,"slc30a6",-0.00169308622003614,0.687988142812582,0.997363418139039
"8337",25,"pdxkb",0.00181401502475324,0.681683134185547,0.997363418139039
"8338",25,"itsn1",0.00506685325420979,0.108628348008925,0.918174582058652
"8339",25,"cryzl1",0.00128354692878659,0.413932505787828,0.996463890020745
"8340",25,"LOC111579487",-0.000209274398251489,0.789317245322585,0.997363418139039
"8341",25,"LOC111579075",-0.0075120922732193,0.101579367909664,0.912203428875534
"8342",25,"gfra1a",-0.00536824767513651,0.483786417991003,0.997363418139039
"8343",25,"LOC129350833",0.0012016028444117,0.0315653699012905,0.814336317015072
"8344",25,"atrnl1a",0.00371489431094239,0.577440294953032,0.997363418139039
"8345",25,"LOC111562817",-8.87365858810427e-05,0.986174461749005,0.999223513981536
"8346",25,"si:ch211-132e22.4",0.00165841684717273,0.0207679720091692,0.811535974992135
"8347",25,"LOC111583968",-0.00764997813268799,0.0145402618644857,0.811535974992135
"8348",25,"LOC111583964",-0.000383500149332227,0.674095307742452,0.997363418139039
"8349",25,"arfgef3",-0.00434051176118644,0.173733258167824,0.990065078286043
"8350",25,"LOC111583967",-0.00188815713178732,0.0519377690240874,0.84618751263396
"8351",25,"LOC129350763",0.000164558006364278,0.922602431857912,0.998213961771008
"8352",25,"pcgf5b",-0.00430180083485145,0.0136837862954533,0.811535974992135
"8353",25,"hectd2",-0.000316298734304972,0.73141596924468,0.997363418139039
"8354",25,"LOC129350793",0.00118381695994411,0.0327513297833041,0.821359352393538
"8355",25,"fgfbp3",-0.00209105259328787,0.153210676842848,0.970592115793289
"8356",25,"LOC111562832",0.00345760719804051,0.290514929365094,0.990065078286043
"8357",25,"slc22a15",-0.000389378919724254,0.795009630368674,0.997363418139039
"8358",25,"LOC111562825",0.00191989468104852,0.351236742835761,0.990065078286043
"8359",25,"LOC111562834",0.00146371500947861,0.336285763659629,0.990065078286043
"8360",25,"adob",0.00153713583076297,0.324519200766741,0.990065078286043
"8361",25,"znf365",0.000508344837987558,0.929086365588698,0.998213961771008
"8362",25,"plekha3",0.000834440106844055,0.518186867127017,0.997363418139039
"8363",25,"ppp1r1c",-0.00432155996996846,0.149248647967519,0.967534480646106
"8364",25,"nckap1",0.00037921889663287,0.922324385110622,0.998213961771008
"8365",25,"LOC111584963",-0.00304442750652681,0.497362615788259,0.997363418139039
"8366",25,"zc3h15",0.00026929874801348,0.907990013288987,0.998213961771008
"8367",25,"rbm45",0.000895823165512186,0.644555301036747,0.997363418139039
"8368",25,"supt3h",0.00114507896758033,0.144505091975593,0.964602715329076
"8369",25,"cdc5l",0.00143181181533851,0.302594463253934,0.990065078286043
"8370",25,"napba",-0.00674970766074411,0.43153382301267,0.996463890020745
"8371",25,"LOC111586358",-0.00450085402275814,0.0811159597160875,0.876927364271359
"8372",25,"crls1",-0.000658202687938686,0.617567195744855,0.997363418139039
"8373",25,"mcm8",-0.000104094812942904,0.91365317229848,0.998213961771008
"8374",25,"LOC111577808",-0.00010809050997494,0.888268946435224,0.998213961771008
"8375",25,"LOC118469631",-0.00235367482174674,0.430931422987318,0.996463890020745
"8376",25,"LOC118469632",-0.00297790123113828,0.280823938307371,0.990065078286043
"8377",25,"LOC129350760",-0.00109460325669474,0.181713023307492,0.990065078286043
"8378",25,"LOC111564342",0.000196161761139097,0.770771793955069,0.997363418139039
"8379",25,"cdh11",0.00582947552150584,0.522708229409175,0.997363418139039
"8380",25,"lnpk",0.0030614100442874,0.273090800620043,0.990065078286043
"8381",25,"bean1",1.3598133077523e-05,0.992727530018158,0.999223513981536
"8382",25,"cdh5",0.00131783919937733,0.301230514146642,0.990065078286043
"8383",25,"mtx2",-5.19147021519217e-05,0.979622618324451,0.999223513981536
"8384",25,"abhd12",0.000651591553411625,0.715912552304682,0.997363418139039
"8385",25,"LOC111586050",-0.00136208710271249,0.618840342736176,0.997363418139039
"8386",25,"LOC111586054",-0.00129174443689006,0.321559563814539,0.990065078286043
"8387",25,"prph2b",0.00100160440211309,0.354114402096084,0.990065078286043
"8388",25,"ubr2",-0.000861389550444023,0.668028088226142,0.997363418139039
"8389",25,"ncoa4",-0.00106050015822561,0.113893217850598,0.921820201924075
"8390",25,"LOC111578741",0.0040946098761633,0.132670629568771,0.946926652021974
"8391",25,"LOC118471314",-0.000266439002394145,0.936890204558584,0.998607408853002
"8392",25,"LOC129350836",0.000704802385700386,0.744424046430998,0.997363418139039
"8393",25,"LOC129350835",0.00114923077665033,0.0436921700151342,0.829916232156747
"8394",25,"entpd6",0.000238835837466859,0.847115783102706,0.997363418139039
"8395",25,"acss1",0.00149755546594808,0.140236297230657,0.957950432813885
"8396",25,"apmap",0.00101596928679507,0.696040102905737,0.997363418139039
"8397",25,"LOC111578740",-0.00011861651556348,0.959315105681287,0.998607408853002
"8398",25,"LOC111578744",-5.90798961568255e-05,0.989128392616794,0.999223513981536
"8399",25,"si:dkeyp-121d4.3",-0.00618615472280006,0.065237169069501,0.869097537705332
"8400",25,"znf318",-0.00133247189797809,0.720032537953651,0.997363418139039
"8401",25,"ppp2r5d",0.0033574445166362,0.207649508441775,0.990065078286043
"8402",25,"lrrc73",0.0021521390334329,0.0317652165402494,0.81589937682166
"8403",25,"tjap1",0.00318034278635255,0.257127872828982,0.990065078286043
"8404",25,"phf24",-0.000760040686396014,0.700991461165334,0.997363418139039
"8405",25,"LOC111581608",0.0012947825888965,0.153272807365479,0.970592115793289
"8406",25,"stbd1",-0.00236715616375904,0.0430885665056474,0.825068516318458
"8407",25,"il11ra",-1.53862082048212e-05,0.984386448701853,0.999223513981536
"8408",25,"LOC129350994",-0.00105815695934195,0.470374309518031,0.997363418139039
"8409",25,"cntfr",-0.00495898989938622,0.137277908871549,0.957578775787136
"8410",25,"galt",-0.00385372982207068,0.0893215462245776,0.8848525864663
"8411",25,"sigmar1",0.000277698111756793,0.831377023742967,0.997363418139039
"8412",25,"ier3ip1",9.02760110012645e-05,0.973858532267522,0.999223513981536
"8413",25,"smad2",-0.000666900292564072,0.583975946903502,0.997363418139039
"8414",25,"LOC111581636",-0.000117346215024893,0.972335395704339,0.999223513981536
"8415",25,"plppr1",0.00659318964155503,0.0347962020872014,0.821359352393538
"8416",25,"palm2akap2",-0.0041821994620236,0.463257239223895,0.997363418139039
"8417",25,"snx30",0.000393600757371848,0.801837532024022,0.997363418139039
"8418",25,"LOC111563123",-0.00149252600618997,0.104577320393711,0.912203428875534
"8419",25,"LOC111563126",0.00254882940744704,0.26996410195247,0.990065078286043
"8420",25,"slc26a1",-0.00144562133637638,0.491871570979572,0.997363418139039
"8421",25,"LOC111584534",-0.000518078826293619,0.790141420160322,0.997363418139039
"8422",25,"LOC111571154",-0.00225854351012558,0.628066753363131,0.997363418139039
"8423",25,"LOC111565724",-0.00223454056824778,0.768396452050963,0.997363418139039
"8424",25,"nefma",-0.00100617105085663,0.855711661223157,0.997363418139039
"8425",25,"nefla",-0.00143972904444502,0.194213167031345,0.990065078286043
"8426",25,"LOC111565980",-0.00226486015665768,0.391765961736754,0.996463890020745
"8427",25,"mmp17a",0.000644890634997116,0.873103346620264,0.997467216779817
"8428",25,"crkl",0.00179298461808131,0.431801589703134,0.996463890020745
"8429",25,"si:ch211-222n4.2",-0.000725498449563302,0.478008149443803,0.997363418139039
"8430",25,"ulk1b",0.00396918082305289,0.356425663086595,0.990065078286043
"8431",25,"LOC129347324",-0.000137847807896942,0.92367650409735,0.998213961771008
"8432",25,"sfswap",0.00199360851621179,0.621177712056856,0.997363418139039
"8433",25,"hook3",-0.000983993918248782,0.584835904314736,0.997363418139039
"8434",25,"rnf170",0.00569122944537524,0.130260670356574,0.944651905352208
"8435",25,"gpn3",0.0020735067571174,0.075817863358766,0.871360915888879
"8436",25,"arpc3",0.00187174944277322,0.560151181717898,0.997363418139039
"8437",25,"rimbp2a",-0.00266532683441106,0.614645589351589,0.997363418139039
"8438",25,"atp2a2b",-0.00156857289647852,0.810213909141554,0.997363418139039
"8439",25,"bcr",-0.0041897850340293,0.55421311458101,0.997363418139039
"8440",25,"snrpd3l",-0.000877233828567205,0.396787146120732,0.996463890020745
"8441",25,"LOC111582245",0.000645687380015161,0.679904525083266,0.997363418139039
"8442",25,"nsmfa",0.00304586839798451,0.447194547784151,0.996463890020745
"8443",25,"pnpla7a",0.00229793111334346,0.258587879313234,0.990065078286043
"8444",25,"npdc1a",-0.00205486669608323,0.56418441249509,0.997363418139039
"8445",25,"rcl1",-0.00131998563884669,0.394368096720929,0.996463890020745
"8446",25,"cdc37l1",0.00177348924203989,0.194651545766703,0.990065078286043
"8447",25,"exd3",0.000649205517147529,0.844948774083328,0.997363418139039
"8448",25,"nrarpa",0.00158101245563566,0.31458193526796,0.990065078286043
"8449",25,"slc27a4",-0.00500016764853685,0.0867582329141904,0.883942320931013
"8450",25,"fam163ba",0.000765407376951531,0.836598982698394,0.997363418139039
"8451",25,"sardh",-0.00182437329977539,0.502198527032166,0.997363418139039
"8452",25,"urm1",-0.000919686645652106,0.505362305943208,0.997363418139039
"8453",25,"sh2d3ca",0.00304988185688458,0.309185933672934,0.990065078286043
"8454",25,"strbp",-0.00183387825074835,0.743158282897827,0.997363418139039
"8455",25,"LOC129351002",-0.00181827437390836,0.246408994414967,0.990065078286043
"8456",25,"LOC111580908",-0.0020647688670881,0.678046922841585,0.997363418139039
"8457",25,"rc3h2",-0.00110674866339292,0.716342225381434,0.997363418139039
"8458",25,"LOC111568450",0.00113508388743845,0.492200572707081,0.997363418139039
"8459",25,"LOC111573731",0.000796372253676752,0.35452329354638,0.990065078286043
"8460",25,"plgrkt",-0.00133742254586235,0.349568932882454,0.990065078286043
"8461",25,"mrrf",-0.00355052709306235,0.253280574208734,0.990065078286043
"8462",25,"rbm18",-0.00200726710746095,0.187155887216431,0.990065078286043
"8463",25,"lhx6a",0.000168162514140404,0.853104849987297,0.997363418139039
"8464",25,"ndufa8",0.00127776417446581,0.703790361512277,0.997363418139039
"8465",25,"nnt",-0.00410747932299193,0.308432714718557,0.990065078286043
"8466",25,"scarb2c",-0.00639586218211694,0.241874262980293,0.990065078286043
"8467",25,"LOC111583030",0.002573626740484,0.305035746920557,0.990065078286043
"8468",25,"rnf208",-0.00132883043671554,0.67233887333398,0.997363418139039
"8469",25,"gnaz",-0.00305253132243652,0.33512144780989,0.990065078286043
"8470",25,"sppl3",0.00328821302723023,0.19303485752712,0.990065078286043
"8471",25,"nt5c2l1",0.000115010568802079,0.903459847594241,0.998213961771008
"8472",25,"kcnn2",-0.000600826259542388,0.847550877469873,0.997363418139039
"8473",25,"drg1",-0.00197132451367458,0.0392477171055844,0.821523944916278
"8474",25,"stard7",0.00209182922748605,0.301669925229759,0.990065078286043
"8475",25,"slc20a1b",-0.00500197549739207,0.0780664625522458,0.871360915888879
"8476",25,"gmcl1",-0.0020281221482715,0.0682505173519023,0.869550081520816
"8477",25,"ggcx",-0.000288299651301825,0.791073652106386,0.997363418139039
"8478",25,"snx24",-0.000318022321251343,0.812113768894092,0.997363418139039
"8479",25,"mat2aa",-0.000202855114376925,0.886415107002601,0.998213961771008
"8480",25,"LOC111570731",0.00258940612423564,0.299172327402219,0.990065078286043
"8481",25,"slc35e4",-0.000366816217259589,0.750383246685284,0.997363418139039
"8482",25,"LOC111570739",-0.00476825441965772,0.0510279317662191,0.84618751263396
"8483",25,"atp6v0a2a",-0.00316657602506442,0.312365938115609,0.990065078286043
"8484",25,"nfkbil1",0.0018003561494477,0.174384054550011,0.990065078286043
"8485",25,"LOC111570735",-0.00119468725200378,0.647997719034693,0.997363418139039
"8486",25,"LOC111570734",-0.00394221886534048,0.143837845625052,0.963134298130308
"8487",25,"LOC111567680",-0.00121862390711405,0.81620417260496,0.997363418139039
"8488",25,"LOC111567688",-0.000615625703552667,0.194518769857633,0.990065078286043
"8489",25,"LOC111567683",0.000419111329508953,0.66666784968678,0.997363418139039
"8490",25,"cabp1b",0.00411341098191803,0.110088055256711,0.921292590321416
"8491",25,"lrrc75bb",0.00278439879259558,0.445420846946507,0.996463890020745
"8492",25,"rnf34b",0.000465357382932256,0.937273730168865,0.998607408853002
"8493",25,"LOC111581834",-0.000369818010034506,0.898894703534712,0.998213961771008
"8494",25,"orai1b",6.05389026169444e-05,0.956719981758138,0.998607408853002
"8495",25,"tmem120b",0.000838430759646049,0.789316078457478,0.997363418139039
"8496",25,"setd1ba",0.000330461435495118,0.851921438102727,0.997363418139039
"8497",25,"dgcr2",0.000406824443740342,0.912798446879676,0.998213961771008
"8498",25,"ess2",-0.000514437187071309,0.526076645159648,0.997363418139039
"8499",25,"rnf185",0.0019704204784548,0.0682673845183154,0.869550081520816
"8500",25,"LOC118470274",0.00120040517348946,0.723075243816173,0.997363418139039
"8501",25,"coro1cb",-0.000555601176280782,0.805874088248558,0.997363418139039
"8502",25,"ssh1b",-0.000385753490603638,0.837553836566341,0.997363418139039
"8503",25,"taok3b",-9.22008365296046e-05,0.9813577185412,0.999223513981536
"8504",25,"cabp7b",0.000882469285316225,0.515986616412785,0.997363418139039
"8505",25,"LOC111574926",-0.00535308637923812,0.128032790350367,0.939358042315777
"8506",25,"srsf9",-0.00217650316234311,0.253608003445483,0.990065078286043
"8507",25,"sgsm1b",-0.00379672736967812,0.214107733176162,0.990065078286043
"8508",25,"git2b",-6.64521858243212e-05,0.979172997673551,0.999223513981536
"8509",25,"LOC129350937",-0.000911316953127478,0.394807878111509,0.996463890020745
"8510",25,"LOC111574928",-0.00252852022578917,0.0530785692419889,0.84618751263396
"8511",25,"LOC111574922",0.00455789127613331,0.173091259111021,0.990065078286043
"8512",25,"gdnfa",0.000158084509196966,0.807983425178762,0.997363418139039
"8513",25,"unc5cb",-0.00110892287234769,0.834117334648169,0.997363418139039
"8514",25,"rfx3",-0.00570989571044881,0.0447512445305114,0.835539982155957
"8515",25,"smad4a",-0.000829672291590626,0.468036079399056,0.997363418139039
"8516",25,"arvcfa",0.000576905579291139,0.820991496908778,0.997363418139039
"8517",25,"LOC111566828",-0.00320754319735547,0.176699049110726,0.990065078286043
"8518",25,"LOC111566830",0.000993486634436968,0.698878227646195,0.997363418139039
"8519",25,"LOC111566835",-0.00179084179661713,0.498351138000586,0.997363418139039
"8520",25,"oaz1b",0.00161929820223574,0.578264849845344,0.997363418139039
"8521",25,"LOC111566833",-0.000581264435753635,0.853183401298102,0.997363418139039
"8522",25,"ric1",-0.000128504925187781,0.940940840113477,0.998607408853002
"8523",25,"exosc2",0.000369881133461555,0.77653410122886,0.997363418139039
"8524",25,"abl1",-1.91443326166363e-05,0.984339104128486,0.999223513981536
"8525",25,"rab14l",-0.000343825350427461,0.900013913284615,0.998213961771008
"8526",25,"ddx54",-0.00019533612220161,0.921889271108182,0.998213961771008
"8527",25,"LOC111575345",0.0010097420428553,0.801319473787429,0.997363418139039
"8528",25,"mtfp1",-0.000628026422026344,0.544896785465149,0.997363418139039
"8529",25,"lman2la",-0.0001354616964114,0.918677090778555,0.998213961771008
"8530",25,"wbp1",-0.000352448947730838,0.792647294753901,0.997363418139039
"8531",25,"tmem141",-0.00132125307625558,0.184173123799556,0.990065078286043
"8532",25,"coq4",0.00087648748140643,0.767593519314506,0.997363418139039
"8533",25,"traf2b",-0.000548257004660626,0.719766757773071,0.997363418139039
"8534",25,"fbxw5",0.00251340545872981,0.20645237770041,0.990065078286043
"8535",25,"fubp3",-0.000823658789943344,0.688715049335769,0.997363418139039
"8536",25,"ass1",-0.00148332308747445,0.478477327821712,0.997363418139039
"8537",25,"surf4",-0.00212105425918525,0.101071523631242,0.911496819302373
"8538",25,"ciz1a",0.00207581079580227,0.0603675616231656,0.869097537705332
"8539",25,"dnm1a",0.00231314904064942,0.711369888466104,0.997363418139039
"8540",25,"golga2",-0.000557636201320189,0.790420874041784,0.997363418139039
"8541",25,"LOC111579823",-0.000743859330213575,0.790613436076456,0.997363418139039
"8542",25,"rgs3a",-0.0109717965640023,0.0713782703027239,0.869550081520816
"8543",25,"znf618",-0.00405576998601941,0.517508776384287,0.997363418139039
"8544",25,"pappaa",0.000777459453577312,0.886610367458829,0.998213961771008
"8545",25,"LOC111578237",0.00384058839843693,0.0946359869292417,0.894104162952215
"8546",25,"trim32",-5.35892246457341e-05,0.93235052308248,0.998213961771008
"8547",25,"LOC129350962",-0.00116148147999861,0.537279563001887,0.997363418139039
"8548",25,"brinp1",-0.00703184790219882,0.0152228251762714,0.811535974992135
"8549",25,"ak1",-0.00190820753225879,0.452316382506774,0.997363418139039
"8550",25,"gpsm1b",0.00314669193534016,0.393276183404977,0.996463890020745
"8551",25,"LOC111577481",0.000235807643076302,0.822010685174369,0.997363418139039
"8552",25,"LOC111577471",-0.000799572198216147,0.743166222201597,0.997363418139039
"8553",25,"nup214",-0.000917308486327614,0.663127652605831,0.997363418139039
"8554",25,"LOC111577477",-0.00277335346285608,0.0714204938245952,0.869550081520816
"8555",25,"prrc2b",-0.000845651184938377,0.811166590958436,0.997363418139039
"8556",25,"edf1",-0.000202583047187493,0.939735389151729,0.998607408853002
"8557",25,"LOC111578580",3.71487094758172e-05,0.979704809398744,0.999223513981536
"8558",25,"tmem38b",-1.2544302547478e-05,0.989459269818736,0.999223513981536
"8559",25,"znf462",-0.000370775283941012,0.904253565890462,0.998213961771008
"8560",25,"rad23b",-0.000256658691385427,0.849713049847071,0.997363418139039
"8561",25,"LOC129350891",-0.00571710634340358,0.0494646500675593,0.84618751263396
"8562",25,"LOC111585205",0.000280606663613038,0.73938179499595,0.997363418139039
"8563",25,"nop14",-0.00117812820636734,0.190751202670337,0.990065078286043
"8564",25,"add1",0.00151818432237716,0.70504306006526,0.997363418139039
"8565",25,"sema4d",0.00225074175611192,0.328976718571641,0.990065078286043
"8566",25,"shc3",2.60099694264355e-05,0.994085402431648,0.999223513981536
"8567",25,"ctif",-0.00104009762743335,0.850121837760878,0.997363418139039
"8568",25,"smad7",0.00157366226848384,0.345150146985021,0.990065078286043
"8569",25,"dym",-0.00216947696444144,0.36632307752588,0.990065078286043
"8570",25,"LOC111578680",0.000778295395753944,0.842987870573199,0.997363418139039
"8571",25,"bxdc2",0.00161393406678302,0.031214124342422,0.814336317015072
"8572",25,"nedd4l",-0.00424268139907004,0.213073436481088,0.990065078286043
"8573",25,"znf532",0.0048143128111453,0.016455884542349,0.811535974992135
"8574",25,"lman1",-0.00255185456500139,0.248708382872166,0.990065078286043
"8575",25,"LOC111562973",-0.000678734083396253,0.874578309219008,0.997815496311046
"8576",25,"LOC129350913",0.000280471714531968,0.63795318593688,0.997363418139039
"8577",25,"LOC111575636",-0.000653687968364059,0.81643004248897,0.997363418139039
"8578",25,"arhgap24",-0.00285224200490803,0.0942942656061629,0.893916985071904
"8579",25,"mapk10",-3.29344220601976e-05,0.990725369220751,0.999223513981536
"8580",25,"sdad1",0.00138081161862466,0.218913951285361,0.990065078286043
"8581",25,"klhl8",0.000966777934469042,0.762042511320107,0.997363418139039
"8582",25,"LOC111575647",-0.0017412302766004,0.0150513523112878,0.811535974992135
"8583",25,"aff1",-0.00379269424551677,0.0832921213963128,0.877876627611259
"8584",25,"nup54",0.000483919223252203,0.757126616334795,0.997363418139039
"8585",25,"amacr",0.00118405593186249,0.299120476200798,0.990065078286043
"8586",25,"slc45a2",0.00174796628896011,0.503936670887571,0.997363418139039
"8587",25,"rxfp3",-0.00203409677166493,0.360493028728845,0.990065078286043
"8588",25,"btc",0.000344698385768478,0.86084320899953,0.997363418139039
"8589",25,"csgalnact1a",0.00243022844239721,0.790734385852741,0.997363418139039
"8590",25,"plpp1a",0.00218669761168887,0.571276832332792,0.997363418139039
"8591",25,"mtrex",0.0014027413739201,0.323621598237681,0.990065078286043
"8592",25,"dhx29",0.000180681085228312,0.868020262214069,0.997363418139039
"8593",25,"LOC111564853",-0.000462143377066725,0.811146390382654,0.997363418139039
"8594",25,"itga1",0.00109287343521866,0.570639322237306,0.997363418139039
"8595",25,"ntrk2b",-0.0105270253515332,0.0514935736292197,0.84618751263396
"8596",25,"hnrpkl",0.00192687459438547,0.364445051119081,0.990065078286043
"8597",25,"prune2",0.00542933855220558,0.0669243274287375,0.869550081520816
"8598",25,"LOC111587830",0.00226054176173599,0.509071589159538,0.997363418139039
"8599",25,"zgc:73226",-9.3983229624136e-05,0.950678996685352,0.998607408853002
"8600",25,"zgc:122979",-0.00113763399904822,0.439729126466358,0.996463890020745
"8601",25,"atp5fa1",-0.00249718795105023,0.308259798935392,0.990065078286043
"8602",25,"ark2n",0.00043402163158448,0.803901828083668,0.997363418139039
"8603",25,"ark2ca",-0.00116203259077384,0.707107662263821,0.997363418139039
"8604",25,"st8sia5",-0.00136979232764699,0.850371168198994,0.997363418139039
"8605",25,"rpl37",-0.00143885197937051,0.695200428236914,0.997363418139039
"8606",25,"pdcl",0.000565534084070153,0.830638470152139,0.997363418139039
"8607",25,"LOC129350893",-0.000387091450804912,0.665477360715184,0.997363418139039
"8608",25,"rpl28",-0.00245757942442005,0.544917777549328,0.997363418139039
"8609",25,"LOC111569826",0.000789119189193722,0.547568779304934,0.997363418139039
"8610",25,"sec16a",-0.000666430293013354,0.559141925944805,0.997363418139039
"8611",25,"camsap1a",-0.00257080365723864,0.480274421596632,0.997363418139039
"8612",25,"kcnt1a",0.000138896319130923,0.955195885817134,0.998607408853002
"8613",25,"col27a1a",-0.00380852032957138,0.0219619412280483,0.811535974992135
"8614",25,"cdk5rap2",0.000587944630656962,0.833142100535896,0.997363418139039
"8615",25,"nup188",0.000699360009888224,0.717004192534197,0.997363418139039
"8616",25,"dolk",-0.000744443232229805,0.652512137768413,0.997363418139039
"8617",25,"lrrc8aa",-0.00214020092960319,0.310895625069451,0.990065078286043
"8618",25,"uck1",-0.00338371732370272,0.0773483992055587,0.871360915888879
"8619",25,"rapgef1b",-0.00301783297818637,0.201301800093448,0.990065078286043
"8620",25,"ntng2b",0.000161627935335984,0.89967388694092,0.998213961771008
"8621",25,"dolpp1",0.00306738142865122,0.245688585640826,0.990065078286043
"8622",25,"miga2",-0.00201779578982312,0.165605248466325,0.983634964087825
"8623",25,"rpl7a",-0.000226501766020758,0.927833577728104,0.998213961771008
"8624",25,"st6galnac6",0.0029447252734943,0.286828941107963,0.990065078286043
"8625",25,"spout1",0.000761241898969539,0.3003960765423,0.990065078286043
"8626",25,"LOC111564088",0.000621512622949756,0.44887087102852,0.996463890020745
"8627",25,"usp20",0.00229041194625526,0.595489032907287,0.997363418139039
"8628",25,"garnl3",0.00132799062639274,0.760981515670283,0.997363418139039
"8629",25,"cacfd1",0.000460098047169396,0.8230618256608,0.997363418139039
"8630",25,"map1b",-0.00604887995014733,0.183414734477823,0.990065078286043
"8631",25,"ptger4b",8.55824157373992e-05,0.931260472407184,0.998213961771008
"8632",25,"ttc33",-0.00303081687103176,0.118703294676697,0.927025251088176
"8633",25,"prkaa1",-0.00225647545788591,0.209879347396221,0.990065078286043
"8634",25,"aif1l",0.00100711746274626,0.744576453665042,0.997363418139039
"8635",25,"fibcd1b",-0.0014280955286002,0.688612155355995,0.997363418139039
"8636",25,"dab2ipb",-0.00209962400643153,0.512601819612944,0.997363418139039
"8637",25,"dipk1b",0.000680355418523959,0.315212238265941,0.990065078286043
"8638",25,"mrps2",-0.00106440767501953,0.142606766093015,0.961176492579385
"8639",25,"ppp1r26",-0.00178297549602266,0.113590185227761,0.921820201924075
"8640",25,"olfm1b",-0.00137810978450823,0.788985829092565,0.997363418139039
"8641",25,"LOC111575731",0.0023434185003299,0.607142671939822,0.997363418139039
"8642",25,"agpat2",0.000101992316436389,0.978811883076256,0.999223513981536
"8643",25,"LOC129350902",-0.00101444525843552,0.178965268430726,0.990065078286043
"8644",25,"LOC129350901",8.20990510355e-05,0.914582517031879,0.998213961771008
"8645",25,"tor1",-9.15846909379868e-05,0.959019933163028,0.998607408853002
"8646",25,"gfm2",-0.00073576306753323,0.746548309312324,0.997363418139039
"8647",25,"hexb",0.00150223242324845,0.470836755353715,0.997363418139039
"8648",25,"enc1",-0.000929632086519428,0.477105190179836,0.997363418139039
"8649",25,"ankra2",0.00162886898272964,0.252177881937514,0.990065078286043
"8650",25,"btf3",-0.00219323916945514,0.409990054263631,0.996463890020745
"8651",25,"fcho2",-0.00111622178038421,0.494300303178799,0.997363418139039
"8652",25,"tnpo1",-0.00337481747192097,0.398580098717897,0.996463890020745
"8653",25,"LOC111565433",-0.000420383670725881,0.793290979295104,0.997363418139039
"8654",25,"LOC111565443",0.000507686774300788,0.766839912345919,0.997363418139039
"8655",25,"LOC111566186",0.000893723237917388,0.721823082919946,0.997363418139039
"8656",25,"trappc13",-0.00452452128521036,0.087376241919497,0.8848525864663
"8657",25,"sgtb",-0.00254688648891547,0.153126519772929,0.970592115793289
"8658",25,"nln",-0.000297532468692533,0.519995481626491,0.997363418139039
"8659",25,"erbin",0.00263019953732241,0.198210820252061,0.990065078286043
"8660",25,"srek1",0.000119034767075396,0.979911666723545,0.999223513981536
"8661",25,"mast4",-0.000974859610533567,0.794301384286738,0.997363418139039
"8662",25,"pik3r1",0.000564056279384283,0.909111272917989,0.998213961771008
"8663",25,"LOC111580152",-0.000352755798855156,0.747801109818142,0.997363418139039
"8664",25,"LOC111570346",-0.00226892149775257,0.48718477396565,0.997363418139039
"8665",25,"dtwd2",0.000594533119909689,0.679100019482733,0.997363418139039
"8666",25,"LOC111570343",-0.00618884442778395,0.0245855785236235,0.811535974992135
"8667",25,"jmy",0.00122491661536308,0.604839011147676,0.997363418139039
"8668",25,"arsb",0.00132538264896394,0.0467613612669741,0.844064021034601
"8669",25,"LOC118471065",0.00147999228381003,0.0350666548982002,0.821359352393538
"8670",25,"LOC111572642",-0.00188848291352941,0.18396083753973,0.990065078286043
"8671",25,"tbca",-0.00106450011876884,0.249374560039368,0.990065078286043
"8672",25,"wdr41",0.00221587974310464,0.434183385649547,0.996463890020745
"8673",25,"pde8b",-0.00290478467075672,0.258977208043586,0.990065078286043
"8674",25,"LOC111578853",-0.00188494713393378,0.281345160009848,0.990065078286043
"8675",25,"LOC111575349",-0.00274464183894816,0.210487144754729,0.990065078286043
"8676",25,"LOC111575348",-0.000250895462095251,0.832129667219576,0.997363418139039
"8677",25,"lhx5",-7.78673689835626e-05,0.985055753586364,0.999223513981536
"8678",25,"mzt2b",-0.00189709062488449,0.610748506496235,0.997363418139039
"8679",25,"trim23",-0.00139668223232064,0.448187342305398,0.996463890020745
"8680",25,"ppwd1",-0.000537369274847366,0.476115970938858,0.997363418139039
"8681",25,"cwc27",-0.0014945382815396,0.261289240943355,0.990065078286043
"8682",25,"adamts6",0.000865072634668238,0.734961138076646,0.997363418139039
"8683",25,"cops4",0.000920739548252577,0.538555704163178,0.997363418139039
"8684",25,"lin54",-0.00104360559992756,0.208052883340377,0.990065078286043
"8685",25,"LOC111587123",0.000258362017315448,0.801892973759528,0.997363418139039
"8686",25,"sec31a",-0.00157636741353701,0.271515228226696,0.990065078286043
"8687",25,"LOC111583960",-0.000269950598676009,0.818582826405906,0.997363418139039
"8688",25,"enoph1",-0.000328050945389207,0.880669448307467,0.998213961771008
"8689",25,"hnrnpd",-0.00265985331103669,0.346202055193066,0.990065078286043
"8690",25,"zswim6",0.0014061024738461,0.577568211896938,0.997363418139039
"8691",25,"LOC111565799",-0.00151370881568512,0.383490796654057,0.995347608766192
"8692",25,"LOC111565803",-0.00976374069843218,0.159597647530421,0.978727391738503
"8693",25,"LOC129350980",0.000597689294233784,0.678983310027725,0.997363418139039
"8694",25,"sbno1",0.00164866665658867,0.567632714974129,0.997363418139039
"8695",25,"kmt5aa",0.0030656883626271,0.0634464776996193,0.869097537705332
"8696",25,"rilpl1",0.000331092737758879,0.916822803809488,0.998213961771008
"8697",25,"LOC111575953",0.00283519663753565,0.240930595858236,0.990065078286043
"8698",25,"denr",0.00251220392700967,0.0586795796541135,0.869097537705332
"8699",25,"ndor1",-0.000109952314853065,0.858713196617459,0.997363418139039
"8700",25,"nudcd3",-0.00107111753438443,0.590407680895712,0.997363418139039
"8701",25,"LOC111570198",-0.00108374343967192,0.745743450213622,0.997363418139039
"8702",25,"zmiz2",-0.00269564080839098,0.618670770819351,0.997363418139039
"8703",25,"ppiab",-0.00107768520210091,0.802125045283347,0.997363418139039
"8704",25,"LOC111586100",-0.00147595340801383,0.652412668126303,0.997363418139039
"8705",25,"ddx56",2.26442650295378e-05,0.98751637939017,0.999223513981536
"8706",25,"ash2l",0.00138572371129045,0.62491393554271,0.997363418139039
"8707",25,"scarb1",-0.00299531570892516,0.1228874360179,0.930634167332138
"8708",25,"tacr1b",-0.000376141860313563,0.594965189997226,0.997363418139039
"8709",25,"LOC111566116",-0.00122938894710978,0.586489356809761,0.997363418139039
"8710",25,"LOC111566118",-0.00552574342363787,0.111745272162381,0.921820201924075
"8711",25,"LOC111566120",0.00193297797140708,0.375507378200134,0.991163825330808
"8712",25,"grk3",-0.0032411613011923,0.48519912072235,0.997363418139039
"8713",25,"acads",0.000729134615572543,0.742530907903039,0.997363418139039
"8714",25,"septin5b",0.00121967122132677,0.727961907950724,0.997363418139039
"8715",25,"mctp1b",-0.00216866368637653,0.425562725583411,0.996463890020745
"8716",25,"LOC129350971",-0.00147923277995753,0.19422131247134,0.990065078286043
"8717",25,"arrdc3b",-0.00119457377080932,0.350078143298262,0.990065078286043
"8718",25,"cetn3",0.00181168352009969,0.266998215545178,0.990065078286043
"8719",25,"LOC111580624",0.000174135237290708,0.806370279460151,0.997363418139039
"8720",25,"xrcc4",-0.00256513829487049,0.0832887522910603,0.877876627611259
"8721",25,"LOC111580621",-0.00119918440862161,0.348738384302384,0.990065078286043
"8722",25,"LOC111580625",-0.00280383727994479,0.14304950501885,0.961958366203811
"8723",25,"polm",0.000276994397143762,0.791021655837917,0.997363418139039
"8724",25,"LOC111583882",-0.00887717940593602,0.107536451095025,0.915261575469917
"8725",25,"LOC111583879",-0.00309649692131212,0.525648494256242,0.997363418139039
"8726",25,"zfyve16",-0.00258232366792237,0.139925742332301,0.957578775787136
"8727",25,"ube2l3a",0.000823360939227833,0.735555942370821,0.997363418139039
"8728",25,"pi4kaa",-0.000437933995032678,0.918158719642086,0.998213961771008
"8729",25,"zgc:56235",-0.0067028524969135,0.145420871988609,0.964602715329076
"8730",25,"brap",-0.00367304771879987,0.0318704863950385,0.816119505191822
"8731",25,"naa25",-0.00240727470621327,0.465189909260642,0.997363418139039
"8732",25,"pitpnb",-0.00285525470281854,0.125109396319873,0.930634167332138
"8733",25,"ttc28",0.000352354597525635,0.81914539585894,0.997363418139039
"8734",25,"rph3aa",0.000179175613247977,0.899761353250428,0.998213961771008
"8735",25,"ptpn11a",0.00391824917721375,0.289635784040867,0.990065078286043
"8736",25,"tmed2",0.000472797135856754,0.85251131904671,0.997363418139039
"8737",25,"ddx55",-0.00126041335209071,0.395147300903756,0.996463890020745
"8738",25,"bcl7a",0.000151615782956294,0.952536157864342,0.998607408853002
"8739",25,"LOC129350964",0.00158004785231662,0.350599503349154,0.990065078286043
"8740",25,"clip1b",-0.009221492785545,0.0444457398063554,0.834152557097019
"8741",25,"lrsam1",0.00202362142056925,0.544354343582454,0.997363418139039
"8742",25,"lmo4a",-0.00118552051285959,0.377876538137431,0.99146608947112
"8743",25,"cdk9",-0.000102642413451071,0.921848673609008,0.998213961771008
"8744",25,"dpm2",-0.00522821768553323,0.0941717122481633,0.893647156824411
"8745",25,"pip5kl1",0.00115585055166597,0.463887168543601,0.997363418139039
"8746",25,"sh3glb2b",-0.0023422805227561,0.51068604956312,0.997363418139039
"8747",25,"tbc1d13",-2.0873078260682e-05,0.983353131761464,0.999223513981536
"8748",25,"LOC111578510",-0.00122901598774016,0.48889530103721,0.997363418139039
"8749",25,"thnsl2",0.000733528267839417,0.787417221633222,0.997363418139039
"8750",25,"dqx1",-0.000274737768953492,0.837091174474412,0.997363418139039
"8751",25,"nadk2",0.00255560172411466,0.371361589908043,0.990398034861638
"8752",25,"ppp6c",-0.000862593809539954,0.44971723330231,0.996463890020745
"8753",25,"scai",0.00156735123630884,0.50742435955264,0.997363418139039
"8754",25,"odf2a",-0.000208670265395433,0.81909582862374,0.997363418139039
"8755",25,"sptan1",-0.00499366934081617,0.57305116738927,0.997363418139039
"8756",25,"dync2i2",0.00161489756431024,0.00195279810597762,0.811535974992135
"8757",25,"LOC111577883",-0.000599547954711378,0.836261061384731,0.997363418139039
"8758",25,"pkn3",-7.41000537252261e-05,0.949475932291299,0.998607408853002
"8759",25,"zdhhc12b",-1.31930676814307e-05,0.996155600826563,0.999223513981536
"8760",25,"slc25a25b",-0.00385681370264273,0.196542945031811,0.990065078286043
"8761",25,"LOC111577882",-0.0029413124776791,0.184842904353674,0.990065078286043
"8762",25,"derl2",0.000174661236165334,0.922227188670078,0.998213961771008
"8763",25,"mapkap1",0.000932175177268679,0.559201956005973,0.997363418139039
"8764",25,"LOC111576381",-0.00203558836126114,0.339927975579853,0.990065078286043
"8765",25,"sptlc1",0.000211520639050237,0.903344329715612,0.998213961771008
"8766",25,"auh",0.00105491655445785,0.569504055962227,0.997363418139039
"8767",25,"syk",0.000752972123673919,0.793204422442374,0.997363418139039
"8768",25,"chd1",-0.000759734920240974,0.777379600536507,0.997363418139039
"8769",25,"reep5",0.0034621293621278,0.258776333017146,0.990065078286043
"8770",25,"macir",0.00322443068675028,0.0157440285697835,0.811535974992135
"8771",25,"pam",-0.00612997275605739,0.398925037903178,0.996463890020745
"8772",25,"pomk",-0.00359301563254315,0.0196547376298661,0.811535974992135
"8773",25,"nrg1",-0.00253517694970965,0.170218029816361,0.989376583940001
"8774",25,"slc38a9",-0.00192996052885708,0.445814747636565,0.996463890020745
"8775",25,"purg",-0.00146891142936189,0.544947817391754,0.997363418139039
"8776",25,"il6st",0.000348741637320131,0.818786109591575,0.997363418139039
"8777",25,"psmb7",-0.00223465677165145,0.226725113822565,0.990065078286043
"8778",25,"dennd1a",-0.00207908759498969,0.480677415525683,0.997363418139039
"8779",25,"LOC129350914",0.000872050937359671,0.613113151421656,0.997363418139039
"8780",25,"fbxw2",-8.23429223977356e-05,0.92603023328869,0.998213961771008
"8781",25,"ajm1",-0.00311010696930388,0.513920515921606,0.997363418139039
"8782",25,"LOC129350926",-0.000806805563054866,0.439236930371383,0.996463890020745
"8783",25,"slc12a2",-0.00140961846976127,0.474975275980778,0.997363418139039
"8784",25,"slc27a6",-0.00211091507735227,0.273135605517419,0.990065078286043
"8785",25,"lmnb1",0.00345020740638962,0.128464918155853,0.939889144006097
"8786",25,"prrc1",-0.00103729702435495,0.46880659317201,0.997363418139039
"8787",25,"tpm2",-0.00038777742188265,0.803882228977321,0.997363418139039
"8788",25,"hmgcs1",-0.00215552597081752,0.202164007244528,0.990065078286043
"8789",25,"LOC111570357",-0.00274280786829547,0.287053393407688,0.990065078286043
"8790",25,"dcp2",-0.00039950504297131,0.772952574657377,0.997363418139039
"8791",25,"mvb12ba",-0.00243761247189595,0.360692613076354,0.990065078286043
"8792",25,"LOC111582482",-0.00856133439097988,0.161386835729758,0.982413739736351
"8793",25,"LOC111579150",0.00138800502684127,0.190870924123224,0.990065078286043
"8794",25,"prkab1a",-0.00392555512029027,0.0181910975805169,0.811535974992135
"8795",25,"LOC111563720",-0.00942082731767838,0.172471773275156,0.989728643862784
"8796",25,"rxraa",-0.000352976112838844,0.755476478197615,0.997363418139039
"8797",25,"wdr5",-0.00205479094461136,0.305278361188781,0.990065078286043
"8798",25,"vav2",0.00119593056922671,0.800240042300888,0.997363418139039
"8799",25,"si:ch211-127i16.2",0.000272138764444846,0.796580545704928,0.997363418139039
"8800",25,"LOC129347318",-0.000416930673969188,0.752998863847411,0.997363418139039
"8801",25,"lrrtm4l1",-0.000732497111550589,0.910931153234037,0.998213961771008
"8802",25,"igsf9a",-0.000177507612789716,0.885723459212007,0.998213961771008
"8803",25,"tmem230a",-0.00132619595192195,0.417354987422505,0.996463890020745
"8804",25,"adra1ab",0.00104813204962315,0.78445120192178,0.997363418139039
"8805",25,"dpysl2b",0.00468486517936097,0.644580136930886,0.997363418139039
"8806",25,"bnip3lb",-0.00286629107279286,0.114270107879217,0.921820201924075
"8807",25,"ppp2r2ab",-0.000128761391976597,0.951298384425969,0.998607408853002
"8808",25,"gsna",-0.00121752707643171,0.356162249229459,0.990065078286043
"8809",25,"stom",0.000593747236536932,0.823979228620297,0.997363418139039
"8810",25,"barhl1b",-0.00316912296077344,0.0695376684027533,0.869550081520816
"8811",25,"gtf3c4",0.000485879206939551,0.423600778747898,0.996463890020745
"8812",25,"tsc1b",-0.00118599806213181,0.493008266810242,0.997363418139039
"8813",25,"grin1a",0.000635498139191273,0.867028117187025,0.997363418139039
"8814",25,"phpt1",-0.000136863200687353,0.820772193513925,0.997363418139039
"8815",25,"arrdc1b",-0.00209233167380741,0.431476169056964,0.996463890020745
"8816",25,"LOC129350981",0.000496284967982834,0.573143988955916,0.997363418139039
"8817",25,"stxbp1a",-0.0152466594221018,0.154372844438267,0.971413341467878
"8818",25,"whrna",0.00143766464353211,0.762734210462028,0.997363418139039
"8819",25,"LOC111565396",-0.00254315755782426,0.051158701966017,0.84618751263396
"8820",25,"man1b1a",-0.00173746263684787,0.616454143669123,0.997363418139039
"8821",25,"si:ch211-196i2.1",-6.33929062790316e-05,0.951623414974923,0.998607408853002
"8822",25,"cacna1bb",0.00561140218583339,0.339192179553424,0.990065078286043
"8823",25,"ehmt1b",-0.00145419884508058,0.494614338756939,0.997363418139039
"8824",25,"tprn",-0.00667260627248356,0.0111817607493674,0.811535974992135
"8825",25,"tmem203",0.000224086633075093,0.944974044071445,0.998607408853002
"8826",25,"npr2",-0.0046914167333518,0.428556865663362,0.996463890020745
"8827",25,"spag8",0.000552240577651218,0.785634470556459,0.997363418139039
"8828",25,"zfand5b",-0.00024955038733014,0.902981341050365,0.998213961771008
"8829",25,"slc30a5",0.00369171214923805,0.128441632291062,0.939889144006097
"8830",25,"LOC111565806",0.00147662731458116,0.0272682893513967,0.811535974992135
"8831",25,"LOC111586680",0.00187189903853676,0.547360953438024,0.997363418139039
"8832",25,"LOC111576579",0.000258337517166157,0.938274141632772,0.998607408853002
"8833",25,"LOC111568619",0.00284660903306428,0.110553315628387,0.921820201924075
"8834",25,"shroom3",0.000294203947511134,0.877037569515459,0.997890690913835
"8835",25,"mfsd14ba",-0.0020159697423036,0.636890953007466,0.997363418139039
"8836",25,"dnajc25",-0.000190871576813701,0.92600965223235,0.998213961771008
"8837",25,"LOC111565666",-0.00536661463451096,0.177684776525334,0.990065078286043
"8838",25,"LOC111564555",-0.00755753753522095,0.212712406856052,0.990065078286043
"8839",25,"LOC111585486",0.00331046625827009,0.0908313784267204,0.885692478831841
"8840",25,"vldlr",-0.00383824491562048,0.502054557606541,0.997363418139039
"8841",25,"ccni",-0.0031844965973716,0.190961918620727,0.990065078286043
"8842",25,"ccng2",0.00184284912221663,0.460802585611488,0.997363418139039
"8843",25,"taf1c",0.00312746339048423,0.10632729854595,0.912204766958528
"8844",25,"LOC111579785",-0.000563846247743247,0.902139919371469,0.998213961771008
"8845",25,"st8sia3",-0.0024761183989179,0.463303951861164,0.997363418139039
"8846",25,"LOC111581995",-0.000961384012744141,0.405951574894816,0.996463890020745
"8847",25,"onecut2",-0.00357966459864368,0.229608541728772,0.990065078286043
"8848",25,"LOC129350949",0.0005731260595834,0.430348283683893,0.996463890020745
"8849",25,"fech",-0.00359338270504572,0.206541470951413,0.990065078286043
"8850",25,"nars1",0.000116327579434829,0.92848668534533,0.998213961771008
"8851",25,"dcc",0.009895608910632,0.212561181499106,0.990065078286043
"8852",25,"mbd2",0.00120506522839796,0.767735670272363,0.997363418139039
"8853",25,"c17h18orf54",-0.00016719669690301,0.890978803671554,0.998213961771008
"8854",25,"wdr91",-5.02299945388981e-05,0.979638170974758,0.999223513981536
"8855",25,"ccdc82",0.000416785432385894,0.784259514034648,0.997363418139039
"8856",25,"thap1",0.00124578982834922,0.254142560089295,0.990065078286043
"8857",25,"LOC111565257",-0.0027126908034835,0.021636832031415,0.811535974992135
"8858",25,"ptpa",-0.00265617335230744,0.372679394186646,0.990398034861638
"8859",25,"ier5l",0.000752928245600121,0.386863754896438,0.99604104921104
"8860",25,"LOC111567046",-0.000575644935508326,0.537887227573112,0.997363418139039
"8861",25,"LOC129350979",0.000625134642733454,0.49767494069523,0.997363418139039
"8862",25,"LOC111586733",-0.00258523455941696,0.0433196020945691,0.827488515738493
"8863",25,"marchf5l",3.1249784315517e-05,0.97255574010184,0.999223513981536
"8864",25,"actr1b",-0.00249053906067413,0.338421589983574,0.990065078286043
"8865",25,"npy8ar",-0.00699145070323483,0.151138066470712,0.969714893872899
"8866",25,"LOC111569320",-0.00469223194298245,0.155751646673295,0.971621725888687
"8867",25,"zgc:86599",0.00130969978143999,0.0257161720172227,0.811535974992135
"8868",25,"dusp11",6.56795382470953e-05,0.956042281082397,0.998607408853002
"8869",25,"atp6v1b2",-0.006350339184773,0.000725075628896011,0.713527408031474
"8870",25,"gfra2b",-0.000136722049043393,0.845385035391554,0.997363418139039
"8871",25,"xpo7",0.000255555426445237,0.926397334103345,0.998213961771008
"8872",25,"pbdc1",0.00182695015682848,0.414734331088581,0.996463890020745
"8873",25,"ppp3ccb",-0.00419828084335778,0.0795623453673887,0.871360915888879
"8874",25,"mrps18c",-0.00192476541406302,0.271638278374219,0.990065078286043
"8875",25,"hpse",0.00507411909032073,0.153584588928578,0.970592115793289
"8876",25,"LOC129347316",-0.000247574798406594,0.641026850670149,0.997363418139039
"8877",25,"rpl17",0.0019851279584726,0.477022777468232,0.997363418139039
"8878",25,"LOC111571128",-0.000488131769512476,0.399164187802129,0.996463890020745
"8879",25,"mfhas1",-0.00023049540353336,0.849397196127592,0.997363418139039
"8880",25,"LOC111568816",-0.00207519033910053,0.0723808967369555,0.869550081520816
"8881",25,"apc",4.88337338902164e-05,0.988924392743918,0.999223513981536
"8882",25,"fktn",-0.000944843842689341,0.598755203982998,0.997363418139039
"8883",25,"ugcg",-0.0018392928176778,0.554081356799733,0.997363418139039
"8884",25,"LOC111569346",-0.000433135575205527,0.726040908156779,0.997363418139039
"8885",25,"atp6v1g1",-0.00454514684554286,0.0891405213479395,0.8848525864663
"8886",25,"lmbrd2b",-0.000627079730681238,0.685024834270177,0.997363418139039
"8887",25,"myo5b",0.0011224402131949,0.406331481373952,0.996463890020745
"8888",25,"slc31a1",0.000278158139514374,0.853467179750466,0.997363418139039
"8889",25,"man2a1",-0.00136917665461484,0.138536918742785,0.957578775787136
"8890",25,"ythdc1",0.00584193692566589,0.210429282169269,0.990065078286043
"8891",25,"wu:fi75a02",-0.000200159193197042,0.902913472500713,0.998213961771008
"8892",25,"pisd",0.0009636460572982,0.591114020040544,0.997363418139039
"8893",25,"fer",-0.000475651796256685,0.738729346824384,0.997363418139039
"8894",25,"cdc26",0.000296166112270502,0.682500378113854,0.997363418139039
"8895",25,"prpf4",-0.00181135736924637,0.098237349875576,0.905020048534428
"8896",25,"LOC111574850",0.00199174820090851,0.223663120655806,0.990065078286043
"8897",25,"LOC111567437",0.000539563986931169,0.881670585736788,0.998213961771008
"8898",25,"LOC111567440",0.00265726985773383,0.0674363768116159,0.869550081520816
"8899",25,"si:dkey-21c1.4",-0.000441810535922619,0.807186042979959,0.997363418139039
"8900",25,"bicral",0.00384815399308405,0.0134861385281345,0.811535974992135
"8901",25,"qki2",-0.00432969955077068,0.00747907059575724,0.811535974992135
"8902",25,"si:dkey-21e13.3",-0.00337791862749335,0.260053984304833,0.990065078286043
"8903",25,"si:ch73-127m5.2",-0.00022850180830401,0.892241934562582,0.998213961771008
"8904",25,"kif19",0.0011116030308566,0.62927283220056,0.997363418139039
"8905",25,"ttyh2",-0.000738921830299095,0.788627504865206,0.997363418139039
"8906",25,"rpl38",-0.00120470653238305,0.678883800961207,0.997363418139039
"8907",25,"sdk2b",-0.00316474438074437,0.436337349101227,0.996463890020745
"8908",25,"hs3st3b1b",0.00276527716425611,0.779498044632963,0.997363418139039
"8909",25,"LOC111563277",-0.00277842088254326,0.367143294550023,0.990313911305458
"8910",25,"LOC111569265",0.00110281533969225,0.485912867045945,0.997363418139039
"8911",25,"ppp1r9bb",-0.00397714032067706,0.346332406696145,0.990065078286043
"8912",25,"tmem101",-0.000435365325463477,0.833827929396406,0.997363418139039
"8913",25,"LOC118470305",0.00063065942241279,0.571651528443367,0.997363418139039
"8914",25,"lsm12b",0.00225331868153676,0.16203022485009,0.982716677102031
"8915",25,"g6pc3",-0.00130061448492539,0.532674052093151,0.997363418139039
"8916",25,"tanc2b",-0.00771760065052243,0.264194991512433,0.990065078286043
"8917",25,"LOC111585369",-0.00192386738149451,0.256811697736329,0.990065078286043
"8918",25,"arhgap27",0.00130903121835475,0.200619843219839,0.990065078286043
"8919",25,"sema4gb",0.00274422475862237,0.751001586532576,0.997363418139039
"8920",25,"mrpl43",-0.000637799853646829,0.518585611534693,0.997363418139039
"8921",25,"twnk",0.00224901457809369,0.00133489920799522,0.811535974992135
"8922",25,"LOC111586547",-0.00372481015269939,0.254712185689984,0.990065078286043
"8923",25,"LOC129347385",-7.78747734404072e-05,0.975826695024949,0.999223513981536
"8924",25,"LOC111570752",-0.0042361538559401,0.192963459825719,0.990065078286043
"8925",25,"LOC129347445",-0.000707498860023794,0.281079210644055,0.990065078286043
"8926",25,"LOC111570774",0.00160226254748482,0.323672148283937,0.990065078286043
"8927",25,"LOC111570785",-0.000238273452632204,0.96650657668761,0.999223513981536
"8928",25,"LOC111584347",0.00125033092459085,0.315687668078545,0.990065078286043
"8929",25,"kansl1a",-0.00558972633725611,0.118168191318518,0.927025251088176
"8930",25,"mapta",0.00345203933646156,0.355357341576515,0.990065078286043
"8931",25,"LOC111581330",-0.000283897349799874,0.828520720681522,0.997363418139039
"8932",25,"LOC111572927",0.00410903543238296,0.0397741194689831,0.821523944916278
"8933",25,"LOC111567460",0.000278452164275015,0.924459356738719,0.998213961771008
"8934",25,"tubgcp2",-0.00207918626637647,0.421393462317834,0.996463890020745
"8935",25,"kctd2",-0.00210325760610018,0.524343973366395,0.997363418139039
"8936",25,"slc16a5a",0.00102826086397288,0.495844052371883,0.997363418139039
"8937",25,"tap2t",-0.000814613024808995,0.715777907184653,0.997363418139039
"8938",25,"acsf2",-0.00273911839027938,0.156452093886822,0.973615861952799
"8939",25,"chad",0.000250299515218505,0.703260493992433,0.997363418139039
"8940",25,"armc7",-0.00107978574755432,0.249395715555928,0.990065078286043
"8941",25,"ndel1a",-6.68711780798259e-05,0.985104488424787,0.999223513981536
"8942",25,"LOC111563028",0.00052554643062098,0.700599151789784,0.997363418139039
"8943",25,"LOC111586470",-0.00635234799419382,0.459042308474613,0.997363418139039
"8944",25,"srcap",-0.00326439099546033,0.336344622332629,0.990065078286043
"8945",25,"fbrs",0.00366600835238898,0.429442528433649,0.996463890020745
"8946",25,"msl1b",0.00126966537475233,0.706502516286531,0.997363418139039
"8947",25,"snf8",-7.98166770368087e-05,0.923824284983183,0.998213961771008
"8948",25,"snx11",0.000292780218186513,0.835474534981721,0.997363418139039
"8949",25,"cbx1b",-0.00793246015011226,0.0295522912020171,0.814336317015072
"8950",25,"nfe2l1b",-0.00586045160111321,0.0618788480661557,0.869097537705332
"8951",25,"cdk5rap3",-0.000991394046760679,0.470965098837249,0.997363418139039
"8952",25,"pnpo",-0.000896650612220824,0.625670211333185,0.997363418139039
"8953",25,"tbkbp1",0.00237378633841479,0.368637062661859,0.990313911305458
"8954",25,"pdk2a",-0.00423511583611166,0.244487656774227,0.990065078286043
"8955",25,"myo1d",-0.00239840392997835,0.0399816421012255,0.821523944916278
"8956",25,"cdk5r1b",-0.00306031959721569,0.617950845802993,0.997363418139039
"8957",25,"psmd11b",0.00219300253209497,0.290642888952475,0.990065078286043
"8958",25,"LOC111567365",-0.000612081499812747,0.766803319858321,0.997363418139039
"8959",25,"ormdl3",-0.000568713819542987,0.682544482986297,0.997363418139039
"8960",25,"LOC111575976",0.00358851991824781,0.296316931431792,0.990065078286043
"8961",25,"LOC129347408",-0.000133533030700136,0.843681693691111,0.997363418139039
"8962",25,"sost",-0.00343954847865203,0.151145735258461,0.969714893872899
"8963",25,"dusp3a",-0.000336641326254381,0.922251565681977,0.998213961771008
"8964",25,"nbr1a",-0.0053116881767365,0.164097622040824,0.982864542353922
"8965",25,"psme3",-0.000259033567730862,0.788027756347884,0.997363418139039
"8966",25,"LOC111586477",0.00225795760024763,0.635271183523073,0.997363418139039
"8967",25,"LOC111589182",0.000885891124119174,0.501217599276883,0.997363418139039
"8968",25,"LOC111563176",0.000784660488593109,0.762123261940407,0.997363418139039
"8969",25,"plekhm1",0.000570094017804177,0.703778052679822,0.997363418139039
"8970",25,"nat9",0.00162129195540038,0.18192924894696,0.990065078286043
"8971",25,"tcerg1l",-0.00204231220001623,0.427891466555613,0.996463890020745
"8972",25,"dpysl4",-0.000207839398752722,0.883156763472745,0.998213961771008
"8973",25,"jakmip3",-0.00140396314350846,0.386391501616556,0.99604104921104
"8974",25,"LOC111565210",0.000819852828587729,0.580552958988137,0.997363418139039
"8975",25,"LOC129347417",0.0017758419735982,0.0505633997317048,0.84618751263396
"8976",25,"ptenb",0.00129985096172508,0.187927372599785,0.990065078286043
"8977",25,"lipf",-0.00303383148818743,0.000628723799161058,0.713527408031474
"8978",25,"stambpl1",-0.0014727635256964,0.493949261145245,0.997363418139039
"8979",25,"LOC111568989",0.000122131281222446,0.919848895965131,0.998213961771008
"8980",25,"LOC111585265",0.000553354508459742,0.410241206548071,0.996463890020745
"8981",25,"LOC111585267",-0.00663748674078631,0.0854203171094289,0.881894831100821
"8982",25,"LOC111583246",0.00382999555778974,0.085985309271556,0.883734831380986
"8983",25,"rab40b",-0.00104358035128022,0.339695240648773,0.990065078286043
"8984",25,"LOC111583250",0.000434826362846456,0.743753940539714,0.997363418139039
"8985",25,"LOC111568439",0.00130812170517413,0.105177521358585,0.912203428875534
"8986",25,"ankfn1",-0.000356936118145729,0.751832782370734,0.997363418139039
"8987",25,"hlfb",0.00264092403282818,0.202960829628835,0.990065078286043
"8988",25,"stxbp4",0.000833689502607374,0.411886762478175,0.996463890020745
"8989",25,"LOC111582277",-0.000351454895340532,0.443487853776928,0.996463890020745
"8990",25,"LOC111582272",-0.00120623038698358,0.643670630787216,0.997363418139039
"8991",25,"ccser2b",-7.12454526001593e-05,0.974129427565344,0.999223513981536
"8992",25,"LOC129347340",0.000443737954718278,0.608238071038198,0.997363418139039
"8993",25,"grid1b",0.00466385427611316,0.367489020267255,0.990313911305458
"8994",25,"waplb",-0.00338488898124926,0.136206067324996,0.955384803785847
"8995",25,"plekha1b",-0.000648737481316409,0.822558867564287,0.997363418139039
"8996",25,"htra1b",0.000250777927513897,0.877117791973471,0.997890690913835
"8997",25,"c18h10orf88",0.00182852237553587,0.383175857468365,0.995245543985489
"8998",25,"asb3",-0.000505371847472111,0.645068536726029,0.997363418139039
"8999",25,"abca5",0.00119408131806025,0.648302560723428,0.997363418139039
"9000",25,"LOC111579553",-0.00369907466334299,0.0793001294631403,0.871360915888879
"9001",25,"LOC111579561",0.00351615430684584,0.161340552737503,0.982413739736351
"9002",25,"chmp6b",-0.00151621264550641,0.452629668328159,0.997363418139039
"9003",25,"baiap2b",-0.00361057751042988,0.476052213483277,0.997363418139039
"9004",25,"aatkb",-0.00134299275178663,0.719120497634849,0.997363418139039
"9005",25,"LOC111575696",0.000104424945534,0.920906668450931,0.998213961771008
"9006",25,"nploc4",0.000830404030417081,0.745919588462815,0.997363418139039
"9007",25,"LOC111578128",-0.000203314610480172,0.801468887557174,0.997363418139039
"9008",25,"LOC111578125",-0.000211654730494793,0.888388983968596,0.998213961771008
"9009",25,"LOC111578119",0.000178065809947015,0.889065802182907,0.998213961771008
"9010",25,"map2k6",-3.29970946397004e-05,0.994436265831412,0.999223513981536
"9011",25,"LOC111585478",-0.00184879114731854,0.0186427762708816,0.811535974992135
"9012",25,"exoc7",0.000388317996271762,0.936300343399177,0.998607408853002
"9013",25,"tvp23b",-0.00454935296875808,0.0868349051774766,0.883942320931013
"9014",25,"trim16",-0.000996531973862012,0.190335112581915,0.990065078286043
"9015",25,"fads6",0.00382945466715799,0.152361503702128,0.970457061385761
"9016",25,"ush1gb",-3.07809746976439e-05,0.975095572029392,0.999223513981536
"9017",25,"fmnl1b",0.00436610418730188,0.24827586007354,0.990065078286043
"9018",25,"LOC111582683",0.000493087914210617,0.914346948801988,0.998213961771008
"9019",25,"LOC111565066",-0.00119119624367639,0.757589154337038,0.997363418139039
"9020",25,"ryr2a",-0.0038683129006359,0.587550893152823,0.997363418139039
"9021",25,"mtr",-0.0014881440295447,0.0709016689269764,0.869550081520816
"9022",25,"LOC111571022",-0.00268905302320549,0.0454521952214438,0.83707201963985
"9023",25,"nrbf2b",-0.00178177990318853,0.306205754657535,0.990065078286043
"9024",25,"reep3b",0.00224081715038351,0.209529441244018,0.990065078286043
"9025",25,"jmjd1cb",0.00520109892946241,0.293462335327049,0.990065078286043
"9026",25,"LOC129347394",-0.00021048642965268,0.944745856072243,0.998607408853002
"9027",25,"exoc6",-0.00289141726536151,0.632713478418576,0.997363418139039
"9028",25,"trub1",-1.12359449300112e-05,0.993109627422436,0.999223513981536
"9029",25,"rac3b",0.00320788737349959,0.433332801815409,0.996463890020745
"9030",25,"LOC111565179",-0.00672521268407809,0.298215343043046,0.990065078286043
"9031",25,"LOC111565177",0.000824160693339887,0.301185912820528,0.990065078286043
"9032",25,"rab3gap1",0.00227452799819224,0.407075328009175,0.996463890020745
"9033",25,"fasn",0.0106176123460105,0.118264399669536,0.927025251088176
"9034",25,"ccdc57",-0.00071449876590085,0.329296047965299,0.990065078286043
"9035",25,"slc16a3b",0.00148271386650912,0.222218049390037,0.990065078286043
"9036",25,"csnk1db",-0.00437293031466294,0.0914098984550834,0.887251184786286
"9037",25,"rbfox3a",-0.0056591692954222,0.241492658484216,0.990065078286043
"9038",25,"ipmkb",-0.00385120514961994,0.184335274621236,0.990065078286043
"9039",25,"naglu",0.000742075359610196,0.484350038877814,0.997363418139039
"9040",25,"nherf1a",-0.000906609278493792,0.273777655472748,0.990065078286043
"9041",25,"LOC111588296",-0.00176159701874122,0.363377270077707,0.990065078286043
"9042",25,"wu:fj29h11",-0.0014027027748339,0.722646968848326,0.997363418139039
"9043",25,"LOC111570211",-0.000296623655613117,0.958351887919794,0.998607408853002
"9044",25,"mprip",0.00261017815849215,0.318344861609575,0.990065078286043
"9045",25,"gsg1l2b",-0.00224341266468398,0.414154449894111,0.996463890020745
"9046",25,"pts",-0.00320921277847339,0.0496629692238755,0.84618751263396
"9047",25,"gas7b",0.00342355112228921,0.642271404923068,0.997363418139039
"9048",25,"adprm",-0.000274344864407145,0.734631476377057,0.997363418139039
"9049",25,"map2k4b",0.00646085901546965,0.104200495299996,0.912203428875534
"9050",25,"LOC129347444",-0.00441258431165154,0.268699342466856,0.990065078286043
"9051",25,"dnah9",-0.00105759641388731,0.348828240361969,0.990065078286043
"9052",25,"LOC111572501",-0.00537015819667651,0.206592957933117,0.990065078286043
"9053",25,"foxk2a",-0.00208667146092309,0.318432435253786,0.990065078286043
"9054",25,"wdr45b",-0.00294376391775771,0.108259133902991,0.917443701166413
"9055",25,"LOC111577812",0.00265854312979788,0.28558152065221,0.990065078286043
"9056",25,"LOC111577814",-0.000489487180592087,0.510527179291007,0.997363418139039
"9057",25,"kdelr2b",0.00034150738339731,0.924028364344817,0.998213961771008
"9058",25,"LOC111577809",0.000132579142796816,0.848465083166352,0.997363418139039
"9059",25,"mrpl27",-0.000544571561127292,0.575873060219892,0.997363418139039
"9060",25,"ca10a",0.0042688641615343,0.738439737809078,0.997363418139039
"9061",25,"LOC111581431",-0.00169416704698809,0.265627099817869,0.990065078286043
"9062",25,"mbtd1",-0.000602891790178931,0.729618424210583,0.997363418139039
"9063",25,"tdrkh",0.000705712267614115,0.739592511287237,0.997363418139039
"9064",25,"tmem94",0.00301566127198242,0.528331112517964,0.997363418139039
"9065",25,"galk1",0.00239256175863094,0.00955467533441062,0.811535974992135
"9066",25,"LOC111581008",-0.000699967836948122,0.789964703782106,0.997363418139039
"9067",25,"acbd4",-0.000109927763927853,0.877318029778777,0.997890690913835
"9068",25,"LOC129347475",0.000109206653611477,0.848345411804956,0.997363418139039
"9069",25,"LOC111581123",-0.00038565788680865,0.817831955287687,0.997363418139039
"9070",25,"LOC111571226",0.00111930421515889,0.0286678847221771,0.814336317015072
"9071",25,"adgra1a",0.000512275558271551,0.829888101686731,0.997363418139039
"9072",25,"LOC111587812",-0.00164156154903329,0.495033246311067,0.997363418139039
"9073",25,"LOC111571607",-0.000103423368799827,0.916526719288649,0.998213961771008
"9074",25,"LOC111571615",0.00274369119012274,0.348994038235412,0.990065078286043
"9075",25,"lmf1",-3.87526393224752e-05,0.980002889877032,0.999223513981536
"9076",25,"pemt",0.00271721613484289,0.377323334551967,0.99146608947112
"9077",25,"LOC111571621",-0.000248928764463853,0.792855456012497,0.997363418139039
"9078",25,"usp22",0.00168565748483462,0.540868115152725,0.997363418139039
"9079",25,"LOC111571608",-0.00578738634337257,0.378043460795801,0.99146608947112
"9080",25,"LOC111571618",-0.00164570806624551,0.675115314874643,0.997363418139039
"9081",25,"asb12a",0.00122662072025005,0.310500660452245,0.990065078286043
"9082",25,"pkd1b",-0.000323642619937116,0.743829110452615,0.997363418139039
"9083",25,"spata20",0.000694755669534224,0.643309924531113,0.997363418139039
"9084",25,"cacna1g",-0.00230805119519893,0.68713869175713,0.997363418139039
"9085",25,"uts2r2",-0.0017191861324611,0.138253682699972,0.957578775787136
"9086",25,"hexdc",0.00236645054424587,0.213521792071329,0.990065078286043
"9087",25,"LOC111570554",-0.000547176533120714,0.496968335607632,0.997363418139039
"9088",25,"narf",-0.000958770269893248,0.406979573102171,0.996463890020745
"9089",25,"fdxr",-0.000555612285666655,0.70905772977493,0.997363418139039
"9090",25,"trim65",-0.000596569490309111,0.690144316179875,0.997363418139039
"9091",25,"wbp2",0.0015137288971079,0.585056290705742,0.997363418139039
"9092",25,"unk",0.00113454422231675,0.596100424041706,0.997363418139039
"9093",25,"LOC111570549",-0.000890697236648108,0.72741536397426,0.997363418139039
"9094",25,"si:ch211-250n8.1",0.000946478295918105,0.618925573371645,0.997363418139039
"9095",25,"sap30bp",-0.00235263202472637,0.207623823591838,0.990065078286043
"9096",25,"LOC111579273",-0.000439519960348971,0.899269162745661,0.998213961771008
"9097",25,"mrpl58",-0.000726600678733946,0.558953941716176,0.997363418139039
"9098",25,"LOC111579270",0.00064035770603812,0.767280071343714,0.997363418139039
"9099",25,"daglb",0.00121166006256042,0.621150131237938,0.997363418139039
"9100",25,"spag9b",-0.00126003205188067,0.641786966991494,0.997363418139039
"9101",25,"LOC111579269",0.00193483942730338,0.373507556613032,0.991116293490912
"9102",25,"abcc3",-0.00167529609137398,0.323065603927444,0.990065078286043
"9103",25,"csdc2a",-0.00291415474977985,0.333905384003028,0.990065078286043
"9104",25,"aco2",-0.00299575939439777,0.44526280769922,0.996463890020745
"9105",25,"tefa",7.52672677421507e-05,0.958453511780819,0.998607408853002
"9106",25,"zc3h7bb",-0.00448115000278723,0.0124523346727192,0.811535974992135
"9107",25,"ep300a",0.000598553596144746,0.842056343767499,0.997363418139039
"9108",25,"cbx7b",3.77792225443082e-05,0.988158468882281,0.999223513981536
"9109",25,"josd1",0.00134973843311269,0.500812486593789,0.997363418139039
"9110",25,"xrcc6",0.000578261527612372,0.765270801166879,0.997363418139039
"9111",25,"desi1b",-6.37338020933579e-05,0.923743823404248,0.998213961771008
"9112",25,"mrtfab",0.0011863065232474,0.588000032137245,0.997363418139039
"9113",25,"get4",0.000532014518424645,0.5948949849057,0.997363418139039
"9114",25,"vps35l",0.00320122944853927,0.0189180947707134,0.811535974992135
"9115",25,"zdhhc16b",-0.00507113198342368,0.154585736947315,0.971621725888687
"9116",25,"mms19",0.0022915993985377,0.232015349657269,0.990065078286043
"9117",25,"ubtd1b",-3.92800734936504e-05,0.977948226493277,0.999223513981536
"9118",25,"mapk8b",-0.00414550589080474,0.545291629896194,0.997363418139039
"9119",25,"si:dkey-191m6.4",0.00348011650253754,0.502615365447565,0.997363418139039
"9120",25,"LOC111572062",0.00118307898543134,0.158703481321381,0.978326160312742
"9121",25,"LOC111578316",0.00205728215664042,0.500828594447216,0.997363418139039
"9122",25,"LOC111578312",-0.000663283915625404,0.517856865052146,0.997363418139039
"9123",25,"tepsin",-0.00130763345510086,0.132385089842926,0.946926652021974
"9124",25,"slc38a10",-0.000268148959529145,0.899906062092713,0.998213961771008
"9125",25,"LOC129347339",-0.00157425738563394,0.326276214016514,0.990065078286043
"9126",25,"bahcc1b",0.00311943949305193,0.385095504168084,0.99604104921104
"9127",25,"faap100",0.00375264503151524,0.456146517642157,0.997363418139039
"9128",25,"LOC129347435",0.000785435374548694,0.424422177397143,0.996463890020745
"9129",25,"LOC111575375",9.71108177014117e-05,0.95397817286762,0.998607408853002
"9130",25,"LOC111575370",0.000218446783254834,0.912099720130315,0.998213961771008
"9131",25,"snu13b",0.000701867342231487,0.265970966560659,0.990065078286043
"9132",25,"LOC111575366",-0.000442068314670739,0.577487137049391,0.997363418139039
"9133",25,"cyth3a",0.00251243630169232,0.454785831594502,0.997363418139039
"9134",25,"usp42",0.000552116898052741,0.719775040522064,0.997363418139039
"9135",25,"eif2ak1",0.00112828668414622,0.462500888533546,0.997363418139039
"9136",25,"ccz1",0.00123566424007488,0.325135646279369,0.990065078286043
"9137",25,"pvalb9",-0.00242816867013946,0.0298705890136209,0.814336317015072
"9138",25,"tecpr1a",-0.00315777520186552,0.260505036454306,0.990065078286043
"9139",25,"LOC111572060",0.000306794065331843,0.63235084671396,0.997363418139039
"9140",25,"trrap",-0.00137199721920811,0.373074342723886,0.99080823753779
"9141",25,"fam20cb",0.000452223730556099,0.777067714981225,0.997363418139039
"9142",25,"tom1l2",0.00091870106510457,0.848935209928973,0.997363418139039
"9143",25,"LOC111588432",0.000213597893551796,0.757630383400916,0.997363418139039
"9144",25,"msrb1b",0.000450927726932118,0.624626209326027,0.997363418139039
"9145",25,"mlst8",-0.000321879493422735,0.794162714294047,0.997363418139039
"9146",25,"arhgap17a",0.000769193158349053,0.542925586978866,0.997363418139039
"9147",25,"lcmt1",0.00347801197813542,0.292459164527052,0.990065078286043
"9148",25,"hbbe2",0.000428169887827519,0.688561261053527,0.997363418139039
"9149",25,"rhbdf1b",5.66453048006875e-05,0.9489001568092,0.998607408853002
"9150",25,"ubald1a",-0.000618967320665878,0.793937651140112,0.997363418139039
"9151",25,"LOC129347428",-9.26039076636288e-05,0.939773002768476,0.998607408853002
"9152",25,"LOC129347427",-0.000768768121988905,0.362121283329093,0.990065078286043
"9153",25,"mrtfba",-0.00346398531418799,0.405215006273685,0.996463890020745
"9154",25,"ercc4",0.00127622989800485,0.0272202632399427,0.811535974992135
"9155",25,"cpped1",-0.0026193140279573,0.156734280267879,0.973814830822266
"9156",25,"shisa9a",-0.00188977230329053,0.488376788137425,0.997363418139039
"9157",25,"snx29",0.0006864512073256,0.899207428130341,0.998213961771008
"9158",25,"gspt1",-0.000861505446398691,0.59162720117714,0.997363418139039
"9159",25,"tomm22",-0.00106493000663267,0.601471533178838,0.997363418139039
"9160",25,"csnk1e",0.0013721484557814,0.788542735969408,0.997363418139039
"9161",25,"tnrc6ba",0.00104971970887084,0.6240707429068,0.997363418139039
"9162",25,"LOC111583568",-0.00129042556811674,0.0193928243240231,0.811535974992135
"9163",25,"pdap1a",-0.000766261047201978,0.61294959180821,0.997363418139039
"9164",25,"kctd17",-0.00203236120530721,0.340317245526318,0.990065078286043
"9165",25,"LOC111563053",0.00124804517600588,0.0402426940215986,0.821523944916278
"9166",25,"kat7b",0.000604188525965381,0.701612579355424,0.997363418139039
"9167",25,"LOC129347334",-0.0014562323206989,0.348416348010552,0.990065078286043
"9168",25,"mpp2b",-0.00291092448540432,0.450560194483492,0.996463890020745
"9169",25,"raraa",0.00115739017596886,0.553059334767569,0.997363418139039
"9170",25,"lrrc3ca",0.000346545389714333,0.842302390429758,0.997363418139039
"9171",25,"med24",0.00127240711369447,0.638832861461488,0.997363418139039
"9172",25,"dcun1d3",-0.000536926280324684,0.722587377601557,0.997363418139039
"9173",25,"katnip",0.000682925055702718,0.822681605320279,0.997363418139039
"9174",25,"LOC111582626",-0.00434137438473086,0.347515572147006,0.990065078286043
"9175",25,"fam234a",-0.000239811456369212,0.660030415351636,0.997363418139039
"9176",25,"luc7l",0.00698511076721785,0.0029156135583977,0.811535974992135
"9177",25,"LOC111582629",-0.000888091358200174,0.598265373030627,0.997363418139039
"9178",25,"LOC111582621",-0.000665694138498505,0.868936066153624,0.997363418139039
"9179",25,"znf668",0.000441353648201054,0.760579934826362,0.997363418139039
"9180",25,"znf646",0.00258335590067513,0.193024234045928,0.990065078286043
"9181",25,"rnf40",0.000448540693652163,0.79681521637238,0.997363418139039
"9182",25,"cfap119",-0.000280956684640009,0.676226359920879,0.997363418139039
"9183",25,"ube2ib",0.00266294075750967,0.0482179728268683,0.84618751263396
"9184",25,"kctd5b",0.000284547799743196,0.862599386578612,0.997363418139039
"9185",25,"pdpk1b",-0.000447516397141603,0.871117572250073,0.997363418139039
"9186",25,"gnptg",-0.000167057899357569,0.914442780824602,0.998213961771008
"9187",25,"LOC111580128",-0.00063658648508811,0.612636784261224,0.997363418139039
"9188",25,"h3f3d",-0.0038580642678643,0.228576953626976,0.990065078286043
"9189",25,"c18h8orf33",-0.00107756103352218,0.165457660961211,0.983634964087825
"9190",25,"rhbdl1",0.00735163984606618,0.157755746063425,0.976323521355191
"9191",25,"LOC111580131",-0.00515312223617936,0.0881367378553787,0.8848525864663
"9192",25,"rhot2",0.00120325494519783,0.0656185874343781,0.869097537705332
"9193",25,"wdr90",4.74125086914621e-05,0.965543805618462,0.999144865473873
"9194",25,"LOC111579684",0.0028022930192778,0.471792400599995,0.997363418139039
"9195",25,"si:ch211-183d21.1",-0.00151541111509311,0.206446365407201,0.990065078286043
"9196",25,"sbk1",0.00142878567342951,0.605062361824901,0.997363418139039
"9197",25,"rab11fip3",0.00155824819075885,0.453764992997722,0.997363418139039
"9198",25,"ift140",-0.000589547960504454,0.467855030009635,0.997363418139039
"9199",25,"stub1",8.75988403797826e-05,0.898262123572744,0.998213961771008
"9200",25,"si:ch73-103b11.2",-0.00119845271828129,0.759722686607093,0.997363418139039
"9201",25,"mfsd1l",0.000769888384518458,0.554178367515883,0.997363418139039
"9202",25,"nubp2",0.000831058286128777,0.485952306861989,0.997363418139039
"9203",25,"atp6v0cb",-0.00476740172027476,0.404718706457371,0.996463890020745
"9204",25,"LOC111588170",-0.00237670378810807,0.565284156654394,0.997363418139039
"9205",25,"capn15",0.00138474154582738,0.692673832135555,0.997363418139039
"9206",25,"LOC111588184",-0.000595614946275546,0.39879435798356,0.996463890020745
"9207",25,"LOC111588188",-0.000415506778475158,0.8711544763598,0.997363418139039
"9208",25,"lrrc4bb",-0.00552666746891412,0.395744943725133,0.996463890020745
"9209",25,"LOC111584606",-0.00147911097600819,0.111298893912055,0.921820201924075
"9210",25,"si:ch211-234p6.5",-0.00143162666329205,0.289612490002447,0.990065078286043
"9211",25,"LOC111584611",0.00363045882684904,0.431912974758553,0.996463890020745
"9212",25,"LOC129347389",-0.000453586324931701,0.515992141467333,0.997363418139039
"9213",25,"LOC111584631",-0.00526739051162924,0.40977403822552,0.996463890020745
"9214",25,"rexo4",0.000975176866057925,0.32204004647998,0.990065078286043
"9215",25,"zgc:56095",-0.00226408189250739,0.0354207183082458,0.821359352393538
"9216",25,"LOC111584601",0.00030227128752797,0.897905151137161,0.998213961771008
"9217",25,"brsk1a",-0.000419226968229524,0.830426390295684,0.997363418139039
"9218",25,"prr12a",-0.00173979612884166,0.676846874617058,0.997363418139039
"9219",25,"si:dkey-94f20.4",-0.00105126960452547,0.389125953471591,0.99604104921104
"9220",25,"mapk7",-0.000508107763832658,0.706186673333319,0.997363418139039
"9221",25,"eif3c",-0.00144780960247025,0.567252549935612,0.997363418139039
"9222",25,"taok2b",0.00223457915287144,0.638836254789296,0.997363418139039
"9223",25,"mazb",-0.00072988477830591,0.698033131299609,0.997363418139039
"9224",25,"tlcd3bb",0.00475724446675365,0.159874367988962,0.979881384212537
"9225",25,"pagr1",0.000411720419517592,0.730847299889596,0.997363418139039
"9226",25,"kif22",-0.00238140309270431,0.23525446750904,0.990065078286043
"9227",25,"prrt2",0.00082564844905777,0.691314837947564,0.997363418139039
"9228",25,"LOC129347375",0.00131769836724578,0.15487651274937,0.971621725888687
"9229",25,"LOC111574354",-0.00194625768697905,0.369496007100612,0.990313911305458
"9230",25,"LOC111568812",-0.000648203294373162,0.715974681014612,0.997363418139039
"9231",25,"ppp1cab",0.00259878432539728,0.303876025241206,0.990065078286043
"9232",25,"LOC111568780",0.000532701156079598,0.60998095504518,0.997363418139039
"9233",25,"LOC111568874",0.00164944773779158,0.0402360673956092,0.821523944916278
"9234",25,"LOC111568728",4.07595792761577e-05,0.969986756097926,0.999223513981536
"9235",25,"LOC111577754",-0.00161027947925148,0.202507580250317,0.990065078286043
"9236",25,"rundc3ab",0.00161589718604392,0.160538565008739,0.981947025869514
"9237",25,"ndufa4b",-0.00470967852062886,0.617578145697373,0.997363418139039
"9238",25,"LOC111577737",-0.00301549560481163,0.115415530679083,0.924580721418995
"9239",25,"LOC111577747",0.00130369318547383,0.072164464514885,0.869550081520816
"9240",25,"ngfrb",0.00128892484029924,0.337153944210701,0.990065078286043
"9241",25,"slc4a1b",-0.00185278834406245,0.216577521650022,0.990065078286043
"9242",25,"LOC111579037",0.00403006924304302,0.0849191131362017,0.880905211399702
"9243",25,"atxn7l3b",0.001065907397875,0.681097546492275,0.997363418139039
"9244",25,"smarcd2",-0.000357121126639146,0.463696035799146,0.997363418139039
"9245",25,"psmc5",0.00177733037163859,0.414936176429102,0.996463890020745
"9246",25,"LOC111586950",0.000155411055518173,0.93824147548357,0.998607408853002
"9247",25,"znf281b",-0.000264646431433269,0.800368767016786,0.997363418139039
"9248",25,"pcdh15b",-0.00746688195962909,0.0130194105010597,0.811535974992135
"9249",25,"slc35g1",0.000497757243374258,0.500478788705153,0.997363418139039
"9250",25,"lgi1b",-0.00123797696139067,0.681176453771572,0.997363418139039
"9251",25,"fra10ac1",0.000235503837573028,0.86578550192105,0.997363418139039
"9252",25,"nrg3b",-0.000732596542011007,0.80915698565695,0.997363418139039
"9253",25,"gfra1b",-0.000415680941891571,0.894503484720514,0.998213961771008
"9254",25,"atrnl1b",0.000597802849985053,0.855733897630246,0.997363418139039
"9255",25,"ccdc186",-0.00215773598221519,0.25377459734364,0.990065078286043
"9256",25,"LOC129347438",-0.0018009825132462,0.114575557020883,0.921993490546369
"9257",25,"adrb1",-0.00102991404166257,0.428436697242121,0.996463890020745
"9258",25,"dnmbp",-0.000382714708230285,0.515119813781472,0.997363418139039
"9259",25,"becn1",0.00146501266357971,0.263327508272329,0.990065078286043
"9260",25,"LOC111567299",-0.000871687183143717,0.745520164200995,0.997363418139039
"9261",25,"LOC111567303",0.000864352251318439,0.462402582850225,0.997363418139039
"9262",25,"adam11",0.00223822817656296,0.616120470502313,0.997363418139039
"9263",25,"LOC111588970",0.00156914915724642,0.0779744667109896,0.871360915888879
"9264",25,"LOC111588971",-0.00181570487641378,0.0271564748914762,0.811535974992135
"9265",25,"LOC118469628",-0.000579761195384886,0.52747792992012,0.997363418139039
"9266",25,"LOC129347409",0.00171496797926788,0.269435796968953,0.990065078286043
"9267",25,"klhl11",-0.00116990684419136,0.286771974899348,0.990065078286043
"9268",25,"aclyb",-2.20827222513622e-05,0.992051686540364,0.999223513981536
"9269",25,"LOC111566723",9.09559347644388e-05,0.929109261729489,0.998213961771008
"9270",25,"LOC111566726",0.00661729984326112,0.259160673515455,0.990065078286043
"9271",25,"LOC111566728",-0.00161778587584591,0.352878346356453,0.990065078286043
"9272",25,"LOC111566724",-0.00458754004144796,0.188586385867087,0.990065078286043
"9273",25,"LOC129347407",-0.00111377971470967,0.418540373304143,0.996463890020745
"9274",25,"gpam",0.000243786936606778,0.834029536276544,0.997363418139039
"9275",25,"LOC111566725",4.08862599376555e-05,0.98648711869655,0.999223513981536
"9276",25,"LOC111566733",0.00331983019796369,0.175601252729106,0.990065078286043
"9277",25,"med1",-0.000473153235974664,0.621008503243538,0.997363418139039
"9278",25,"LOC111566721",-0.00197994925993401,0.276086308694958,0.990065078286043
"9279",25,"tcf7l2",-0.0050984960772928,0.00899354093269772,0.811535974992135
"9280",25,"vti1a",-0.00201181586378609,0.596927220467479,0.997363418139039
"9281",25,"zdhhc6",4.58284784442144e-05,0.971870270532385,0.999223513981536
"9282",25,"coasy",-0.00221321970228295,0.0828069013071435,0.877876627611259
"9283",25,"adkb",0.00328552172870513,0.28292462109282,0.990065078286043
"9284",25,"kat6b",0.00025738716421514,0.927187413424813,0.998213961771008
"9285",25,"samd8",0.00463436585508622,0.112140271901237,0.921820201924075
"9286",25,"LOC111574790",-0.000196998211237267,0.838817362235995,0.997363418139039
"9287",25,"LOC111583352",0.00327551319078689,0.334823205710182,0.990065078286043
"9288",25,"anxa11b",-0.0011963125523759,0.362684367648256,0.990065078286043
"9289",25,"LOC111565601",-0.005228366403904,0.352332034611013,0.990065078286043
"9290",25,"polr3a",0.0023387267544044,0.29633423018468,0.990065078286043
"9291",25,"qrfprb",-0.00103686053137279,0.142095212131108,0.961176492579385
"9292",25,"pald1a",-0.000658893917808434,0.819886151496721,0.997363418139039
"9293",25,"sar1aa",0.000398963497322422,0.819812706797099,0.997363418139039
"9294",25,"LOC111567997",-0.000104879236793894,0.986716563690987,0.999223513981536
"9295",25,"ascc1",0.00069159914609846,0.807760548912721,0.997363418139039
"9296",25,"ddit4",0.00417089409464535,0.0244224584924202,0.811535974992135
"9297",25,"dnajb12b",-0.000491250062180021,0.712178153105043,0.997363418139039
"9298",25,"scd",0.00183260777914337,0.63087827249139,0.997363418139039
"9299",25,"sec31b",0.00104265671498515,0.571352871145898,0.997363418139039
"9300",25,"ndufb8",-0.00285206227387669,0.305380597634988,0.990065078286043
"9301",25,"fbxl15",0.000870448169537366,0.602690439148032,0.997363418139039
"9302",25,"ghitm",-0.000693042375083643,0.782357447715422,0.997363418139039
"9303",25,"LOC111582226",-0.00388328876483262,0.0665021640197583,0.869550081520816
"9304",25,"LOC111582231",0.000926641583512433,0.235313520600325,0.990065078286043
"9305",25,"LOC111582230",1.29086629576277e-05,0.992869747236823,0.999223513981536
"9306",25,"acadsb",0.00199918842073315,0.299544249286305,0.990065078286043
"9307",25,"bub3",0.00314087622158874,0.104206815387361,0.912203428875534
"9308",25,"oat",0.000667523301362667,0.640087107530467,0.997363418139039
"9309",25,"lhpp",0.00103409396310851,0.682164669937911,0.997363418139039
"9310",25,"zranb1a",-0.000631548806570561,0.789289961572179,0.997363418139039
"9311",25,"LOC111569350",0.00128948717973025,0.808910658304012,0.997363418139039
"9312",25,"mmp21",0.0037006202079125,0.47612846742834,0.997363418139039
"9313",25,"LOC111569408",-0.00147275882562635,0.122324665545771,0.930634167332138
"9314",25,"ptprea",0.0010113998038079,0.779032175387236,0.997363418139039
"9315",25,"LOC118470261",-0.00145913448535513,0.150648661407813,0.968838756331268
"9316",25,"entpd1",0.00218569308744293,0.0927892930156612,0.890099216510316
"9317",25,"LOC111568274",0.0013340153142934,0.168106866078478,0.985842798835785
"9318",25,"nrxn1a",-0.00526640324309081,0.313818768516019,0.990065078286043
"9319",25,"fbxo11b",0.00365693138782561,0.0131331934010808,0.811535974992135
"9320",25,"gch2",-0.000925081212174965,0.33134375480344,0.990065078286043
"9321",25,"cript",-0.00174760744144352,0.263376249116769,0.990065078286043
"9322",25,"pigf",0.00102797303197291,0.715757037350106,0.997363418139039
"9323",25,"LOC111577901",-0.00235881675683579,0.228121648656939,0.990065078286043
"9324",25,"kcng3",0.000243725950239792,0.720051893322546,0.997363418139039
"9325",25,"mta3",-0.0015369647446585,0.548862385008314,0.997363418139039
"9326",25,"ppm1bb",0.000256292739181174,0.944700375689935,0.998607408853002
"9327",25,"prkcea",-0.00404692891335053,0.361155644469394,0.990065078286043
"9328",25,"epas1a",0.00232875967346787,0.100993556154463,0.911490007953694
"9329",25,"glud1b",0.00201288483168761,0.183573860402151,0.990065078286043
"9330",25,"sncgb",-0.00529021744510339,0.476045100829904,0.997363418139039
"9331",25,"LOC111585658",0.00387792663993718,0.0685893537406985,0.869550081520816
"9332",25,"usp54b",-0.00827351989583551,0.105165360842156,0.912203428875534
"9333",25,"sec24c",-0.00163877374305405,0.397405602606855,0.996463890020745
"9334",25,"LOC111580270",0.00508722006700258,0.28066423367976,0.990065078286043
"9335",25,"LOC111580268",-0.0025816736378293,0.692343704460912,0.997363418139039
"9336",25,"LOC111580269",-0.000171306239234298,0.873369503033569,0.997522229573553
"9337",25,"LOC111580275",-0.00356675342865023,0.48257682402025,0.997363418139039
"9338",25,"polr3e",0.00108164269997641,0.166093929282748,0.983634964087825
"9339",25,"eef2k",0.00267681573920345,0.183013721873384,0.990065078286043
"9340",25,"LOC111583265",0.000895017880730412,0.69723702228587,0.997363418139039
"9341",25,"timp2a",-0.00206083140642595,0.42751799203633,0.996463890020745
"9342",25,"sfxn2",-0.00026734346375372,0.553190663214664,0.997363418139039
"9343",25,"arl3b",-0.00306014976512423,0.331956304223021,0.990065078286043
"9344",25,"trim8b",-0.0019201356690135,0.445903507433126,0.996463890020745
"9345",25,"LOC111583269",-0.0010172798344438,0.222838687043716,0.990065078286043
"9346",25,"srsf2a",0.0011447951305994,0.837491426820153,0.997363418139039
"9347",25,"rnf157",-0.000322997030841273,0.938785204073323,0.998607408853002
"9348",25,"LOC118471785",0.000292533290478363,0.718512768507822,0.997363418139039
"9349",25,"LOC129347488",-0.00100154810515195,0.462218889390044,0.997363418139039
"9350",25,"LOC111572536",-0.00229493559864484,0.116885822160403,0.927025251088176
"9351",25,"LOC111587488",-0.000460960839843384,0.668430341055139,0.997363418139039
"9352",25,"LOC111587479",0.000173774243733021,0.798635492788963,0.997363418139039
"9353",25,"LOC111581333",-0.000556100619718532,0.584587956753255,0.997363418139039
"9354",25,"pvalb6",0.00336729214938163,0.421587830735926,0.996463890020745
"9355",25,"LOC111562452",0.00120782968491889,0.483159448424453,0.997363418139039
"9356",25,"LOC111562453",-0.00729477962673135,0.202749979011718,0.990065078286043
"9357",25,"ube2z",-0.0017237481220592,0.0873506732510058,0.8848525864663
"9358",25,"cbx1a",-0.000759834071868809,0.758750523454639,0.997363418139039
"9359",25,"praf2",0.000507815795194348,0.52095227244319,0.997363418139039
"9360",25,"copz2",-8.08333362409334e-05,0.968293609768633,0.999223513981536
"9361",25,"LOC111566598",-0.00266266285723814,0.388138733790844,0.99604104921104
"9362",25,"rab11fip4a",0.000840753877073586,0.761068020232196,0.997363418139039
"9363",25,"scpep1",0.000587010020283796,0.543200156427895,0.997363418139039
"9364",25,"csnk1da",-0.00364874027612135,0.111987191603196,0.921820201924075
"9365",25,"slc16a3a",0.000938515230427563,0.7026932773822,0.997363418139039
"9366",25,"LOC111578007",-0.00138225604689089,0.261795056863075,0.990065078286043
"9367",25,"clpp",0.00139514006498234,0.201112819893128,0.990065078286043
"9368",25,"si:dkey-204f11.64",0.000773736260689858,0.232416029160369,0.990065078286043
"9369",25,"carm1",-0.00137929634048255,0.489715952064733,0.997363418139039
"9370",25,"yipf2",-0.00122797739879673,0.49583346031994,0.997363418139039
"9371",25,"timm29",0.00073123715122479,0.674079549955189,0.997363418139039
"9372",25,"LOC129347548",0.00168464645711946,0.43522544687585,0.996463890020745
"9373",25,"LOC111563870",-0.00184251093131868,0.614173474250532,0.997363418139039
"9374",25,"LOC111568432",-0.0012954042553841,0.497682029751439,0.997363418139039
"9375",25,"rpl23",-0.00309649261195211,0.643212340963402,0.997363418139039
"9376",25,"mpp2a",-0.0004583519945952,0.83418729757674,0.997363418139039
"9377",25,"LOC111586692",-0.00030486240347853,0.788075027352209,0.997363418139039
"9378",25,"LOC118469595",0.000724564587331811,0.230246216157338,0.990065078286043
"9379",25,"LOC129347596",0.00158593605386252,0.0482197866021194,0.84618751263396
"9380",25,"pex12",-0.000710154481817841,0.519351077308887,0.997363418139039
"9381",25,"hdac5",0.000965758615815348,0.786683117098419,0.997363418139039
"9382",25,"LOC111588541",-0.00418732371796853,0.0207770250117827,0.811535974992135
"9383",25,"tanc2a",-5.12355121592576e-05,0.989457186021145,0.999223513981536
"9384",25,"LOC111566415",-0.00299966268187482,0.17153814800398,0.989728643862784
"9385",25,"rpain",0.001051918372168,0.50398612723568,0.997363418139039
"9386",25,"LOC111566416",0.0011959123928495,0.719225612205819,0.997363418139039
"9387",25,"nsfa",-0.00877632967500868,0.250472805040288,0.990065078286043
"9388",25,"LOC111566418",-0.00127720377634514,0.81822483451033,0.997363418139039
"9389",25,"LOC111587719",0.000405723778595641,0.830778510573747,0.997363418139039
"9390",25,"brsk1b",-0.00275234488207684,0.0350951684142405,0.821359352393538
"9391",25,"cpt1a2b",-0.000718096092601604,0.754391372710928,0.997363418139039
"9392",25,"pih1d1",-8.41897544843315e-05,0.899618451377233,0.998213961771008
"9393",25,"LOC111566372",0.000717981629811321,0.681068383376409,0.997363418139039
"9394",25,"LOC111566374",-0.00852141217859956,0.016063517020901,0.811535974992135
"9395",25,"eci1",-0.000517032196296601,0.472818978602115,0.997363418139039
"9396",25,"nat15",-0.00392624613717344,0.0781255627970706,0.871360915888879
"9397",25,"traf7",-0.00532685719263921,0.0116262302794069,0.811535974992135
"9398",25,"caskin1",0.00166237108913404,0.705347300396675,0.997363418139039
"9399",25,"prpsap2",0.000766769718461041,0.6659551309638,0.997363418139039
"9400",25,"LOC111568466",0.000684686903063696,0.715567216791907,0.997363418139039
"9401",25,"gng13b",-0.00188878920481983,0.0090137436879738,0.811535974992135
"9402",25,"rad23aa",-0.00190015008970085,0.492858542633547,0.997363418139039
"9403",25,"nfixb",-0.00283911882466556,0.182104890082402,0.990065078286043
"9404",25,"LOC129347520",0.000289250117114873,0.759484197854648,0.997363418139039
"9405",25,"gadd45gip1",-0.000177961791199142,0.932136458189235,0.998213961771008
"9406",25,"znf653",-0.000787267501829242,0.641271168826699,0.997363418139039
"9407",25,"rab3db",0.000851432031659613,0.225024115273764,0.990065078286043
"9408",25,"tmem205",-0.00107809420985152,0.625311645710897,0.997363418139039
"9409",25,"elof1",-0.000239614823342633,0.861474371574941,0.997363418139039
"9410",25,"tlcd4b",0.000743913546251863,0.793524568069719,0.997363418139039
"9411",25,"plppr2a",-0.00117618640375695,0.825496730792817,0.997363418139039
"9412",25,"nfil3-6",-0.00301020369723464,0.194340988817555,0.990065078286043
"9413",25,"nfil3-2",-0.00112452601857034,0.681318227732883,0.997363418139039
"9414",25,"gcdhb",-0.000346753977587223,0.775064528022886,0.997363418139039
"9415",25,"farsa",0.000319864858491396,0.800830624762276,0.997363418139039
"9416",25,"ilf3b",-0.00131529452901778,0.617071264777504,0.997363418139039
"9417",25,"LOC111570608",0.000249698077369841,0.77571489137053,0.997363418139039
"9418",25,"wizb",0.0051911653138148,0.148642135748985,0.965844284468449
"9419",25,"LOC111568499",0.00148390845579687,0.422587598243283,0.996463890020745
"9420",25,"mcoln1b",0.00137341992413214,0.377731173512774,0.99146608947112
"9421",25,"prr36b",0.00280042764318326,0.266111025773684,0.990065078286043
"9422",25,"pkn1b",-0.000317570822299713,0.853058634318495,0.997363418139039
"9423",25,"ddx39ab",-0.000253045110843617,0.821839207232927,0.997363418139039
"9424",25,"txn2",-0.000759513215909963,0.648678438910281,0.997363418139039
"9425",25,"LOC111570689",0.000447978067774042,0.528634200740436,0.997363418139039
"9426",25,"rpsa",0.00447876477832666,0.189008292832012,0.990065078286043
"9427",25,"ubn2b",0.00317884809288114,0.107129144088968,0.914863809554871
"9428",25,"trir",2.88658107549569e-05,0.986949006807054,0.999223513981536
"9429",25,"hook2",0.000803295588405296,0.353742423744973,0.990065078286043
"9430",25,"junbb",-0.00119991571036609,0.205090525806204,0.990065078286043
"9431",25,"rtbdn",-0.00144630437308149,0.430888110038277,0.996463890020745
"9432",25,"LOC111566393",0.00171533944052296,0.668830723689508,0.997363418139039
"9433",25,"smarca4a",-0.00180498562849817,0.535908167838234,0.997363418139039
"9434",25,"kri1",-0.00039041555377605,0.818673870978653,0.997363418139039
"9435",25,"ankrd54",-0.00030656059727206,0.76503803859835,0.997363418139039
"9436",25,"foxred2",-0.000554760647836889,0.799024335262419,0.997363418139039
"9437",25,"tom1",-0.000193481241213786,0.852103369796093,0.997363418139039
"9438",25,"zgc:171844",-0.000676926996945232,0.339719189408995,0.990065078286043
"9439",25,"usp43b",0.000257017810351372,0.878857481025883,0.997890690913835
"9440",25,"grb2b",0.000751658444176735,0.886029739543157,0.998213961771008
"9441",25,"LOC111567909",-0.00188814068970035,0.578611631326032,0.997363418139039
"9442",25,"smurf2",-0.000608482887339471,0.850183398793084,0.997363418139039
"9443",25,"ddx5",0.00107040941689808,0.674787396817298,0.997363418139039
"9444",25,"LOC111568805",-0.00450404417673521,0.384249636927812,0.995843460797547
"9445",25,"LOC111568797",-5.23003222850584e-05,0.970463971212983,0.999223513981536
"9446",25,"LOC111568796",0.000605958971609147,0.901531471552953,0.998213961771008
"9447",25,"zgc:65811",0.00131122262875858,0.771835267112706,0.997363418139039
"9448",25,"LOC111569574",0.000939129586294236,0.308699578701548,0.990065078286043
"9449",25,"tcf20",-0.00692953444200701,0.163329497960552,0.982724119992008
"9450",25,"grin2ba",0.000834164157868444,0.877647977490786,0.997890690913835
"9451",25,"fmc1",0.000838808716750162,0.779684631442607,0.997363418139039
"9452",25,"wbp2nl",0.00199078804087664,0.34693065101738,0.990065078286043
"9453",25,"poldip3",0.00190580567350865,0.56833315963168,0.997363418139039
"9454",25,"fam234b",0.00146047444550321,0.545613370070924,0.997363418139039
"9455",25,"LOC111583840",0.00318265374406873,0.293803078066388,0.990065078286043
"9456",25,"ndufa6",-0.00037127728983523,0.834888158683035,0.997363418139039
"9457",25,"srebf2",0.00238541125934518,0.346023769181867,0.990065078286043
"9458",25,"LOC111583841",0.000995069350760263,0.751879832706867,0.997363418139039
"9459",25,"LOC111580822",-0.00173309711714403,0.518505937537053,0.997363418139039
"9460",25,"LOC111580805",0.000230551801654838,0.647037802455192,0.997363418139039
"9461",25,"sox10",0.00043102637105442,0.753788885078463,0.997363418139039
"9462",25,"polr2f",0.000364812014537796,0.78820217245415,0.997363418139039
"9463",25,"LOC111580814",-0.00537932624327053,0.00651664014914091,0.811535974992135
"9464",25,"LOC111580807",-0.00132352002254653,0.732795874230356,0.997363418139039
"9465",25,"LOC111580809",6.69815250155166e-05,0.97867090768985,0.999223513981536
"9466",25,"LOC111580808",-0.000265868418004896,0.906085441241787,0.998213961771008
"9467",25,"LOC111580802",0.000151564410478876,0.96111867599882,0.998789723674583
"9468",25,"pick1",-0.00024582467062925,0.888238575837462,0.998213961771008
"9469",25,"LOC111571296",-0.000339436758983744,0.931511453506591,0.998213961771008
"9470",25,"csdc2b",-0.00204022120701965,0.210590426273742,0.990065078286043
"9471",25,"polr3h",0.00375615860428279,0.104327886683477,0.912203428875534
"9472",25,"LOC111570322",-0.00567072087343117,0.23101239330302,0.990065078286043
"9473",25,"LOC111570323",0.00253890677241383,0.567786495227863,0.997363418139039
"9474",25,"tefb",-0.000915948989169008,0.593112138253909,0.997363418139039
"9475",25,"LOC111570319",-0.00103428614683083,0.434583417367946,0.996463890020745
"9476",25,"rangap1a",-0.000243073601226387,0.829174581790381,0.997363418139039
"9477",25,"rbx1",-0.00177185382893685,0.381591769103234,0.993754871886978
"9478",25,"st13",0.00278240550201746,0.175082798331746,0.990065078286043
"9479",25,"xpnpep3",-0.000202809597937903,0.890910416145158,0.998213961771008
"9480",25,"ep300b",-0.000553991520098778,0.898895013132469,0.998213961771008
"9481",25,"cbx7a",-0.0139197170982929,0.0248115325915359,0.811535974992135
"9482",25,"smcr8a",0.00121236417028446,0.478461760321056,0.997363418139039
"9483",25,"bud31",0.000400864241869119,0.711722662729348,0.997363418139039
"9484",25,"pdap1b",8.4336814969799e-05,0.95856155571773,0.998607408853002
"9485",25,"atp5mf",0.00089694081969719,0.776121260529978,0.997363418139039
"9486",25,"slc29a4a",-0.00420701543506021,0.10519381124448,0.912203428875534
"9487",25,"LOC129347543",0.000642757684855345,0.583549083933161,0.997363418139039
"9488",25,"tnrc18",-0.00133379276549774,0.709216336285732,0.997363418139039
"9489",25,"actb2",-0.00792830095100708,0.286645046281103,0.990065078286043
"9490",25,"fscn1a",-0.00275240883652678,0.301630980775023,0.990065078286043
"9491",25,"rnf216",-0.00156786734860597,0.482460214041692,0.997363418139039
"9492",25,"smurf1",0.00263088064641395,0.328465697896474,0.990065078286043
"9493",25,"wipi2",-0.0018620601840346,0.254448855018255,0.990065078286043
"9494",25,"chst12a",0.00177122098355152,0.29218180493255,0.990065078286043
"9495",25,"LOC129347513",-7.79819516008327e-05,0.921762195845187,0.998213961771008
"9496",25,"LOC129347572",0.00906546986546616,0.182067912586867,0.990065078286043
"9497",25,"rbfox1",-0.000109810568584617,0.985369998559236,0.999223513981536
"9498",25,"jupb",-0.00268280980664358,0.571827744230977,0.997363418139039
"9499",25,"gps1",-0.000854765443360155,0.606246606526745,0.997363418139039
"9500",25,"LOC111586073",0.000460017487081649,0.862166259239646,0.997363418139039
"9501",25,"pdxdc1",0.00229400695822436,0.0650690550862554,0.869097537705332
"9502",25,"gspt1l",-0.00270970311435647,0.246848514016017,0.990065078286043
"9503",25,"si:dkeyp-72e1.9",0.00307107626120942,0.464741488988307,0.997363418139039
"9504",25,"crhr1",0.000271087796289086,0.810253339099446,0.997363418139039
"9505",25,"maptb",-0.000103589583354344,0.954403010199059,0.998607408853002
"9506",25,"rogdi",0.00139984484562991,0.468131076554852,0.997363418139039
"9507",25,"glyr1",0.0015984264055401,0.3744239740047,0.991163825330808
"9508",25,"LOC111583644",0.000723079493380981,0.505822318598891,0.997363418139039
"9509",25,"LOC111583643",0.00178120876875601,0.350137053298513,0.990065078286043
"9510",25,"LOC111583435",-0.00120555116780194,0.49519704878581,0.997363418139039
"9511",25,"samd14",0.00158174422983348,0.155591475597302,0.971621725888687
"9512",25,"psmd3",-0.00182330149694213,0.350176806687327,0.990065078286043
"9513",25,"LOC111563045",-0.000952872104611689,0.680499657228418,0.997363418139039
"9514",25,"kpnb1",-0.00187927943506267,0.125491443644723,0.932301127895504
"9515",25,"zgc:158376",0.000391241173304196,0.916877845908186,0.998213961771008
"9516",25,"utp18",0.00226263771413587,0.126007735972091,0.932555352915868
"9517",25,"LOC111562966",0.00109654109366839,0.579902041266768,0.997363418139039
"9518",25,"thoc6",-0.00036318608620328,0.689997881288606,0.997363418139039
"9519",25,"si:dkey-89b17.4",0.0027474845429342,0.510037201001581,0.997363418139039
"9520",25,"LOC111562951",-0.00634562349634914,0.453928422174217,0.997363418139039
"9521",25,"si:dkeyp-113d7.10",0.00349171417387463,0.381075918593595,0.993035270927248
"9522",25,"si:dkeyp-113d7.1",0.00329055470493166,0.069486254813083,0.869550081520816
"9523",25,"LOC111584890",-0.000319691720854673,0.819736831141802,0.997363418139039
"9524",25,"sgf29",0.00143128652219204,0.19919952206329,0.990065078286043
"9525",25,"nfatc2ip",-0.00305556393809245,0.00308721561175456,0.811535974992135
"9526",25,"spns1",-0.000509877275131222,0.660573845454186,0.997363418139039
"9527",25,"LOC111582744",0.00217788786398892,0.574736759697475,0.997363418139039
"9528",25,"mvp",0.00060733521378104,0.673855264268028,0.997363418139039
"9529",25,"si:ch73-366l1.5",0.00054535060612071,0.593498826958174,0.997363418139039
"9530",25,"casc3",-0.00300921027743889,0.0504429581006226,0.84618751263396
"9531",25,"rapgefl1",-0.00823870483822567,0.222808553566847,0.990065078286043
"9532",25,"kat8",0.00227187995598281,0.335065378481604,0.990065078286043
"9533",25,"anapc2",0.000581197911414452,0.346089723834687,0.990065078286043
"9534",25,"si:dkey-16l2.16",-0.00073212653442506,0.69291268164287,0.997363418139039
"9535",25,"srrm2",-0.000806101780419472,0.583031413357673,0.997363418139039
"9536",25,"arl6ip1",-0.000678144304217798,0.906949045497552,0.998213961771008
"9537",25,"fus",-0.00107497072491316,0.826359119083157,0.997363418139039
"9538",25,"zgc:100868",-0.00148629598163705,0.280536745197649,0.990065078286043
"9539",25,"srsf2b",-0.00374063321978888,0.0178998032853486,0.811535974992135
"9540",25,"eif1",0.000767180864449869,0.688944245812389,0.997363418139039
"9541",25,"si:ch211-198p11.6",-0.000778232223845162,0.319873328218233,0.990065078286043
"9542",25,"mfsd11",0.00390292051165827,0.040516531753077,0.821523944916278
"9543",25,"ubald2",0.000634432175124088,0.727901716980247,0.997363418139039
"9544",25,"amdhd2",0.000427873699455608,0.544441443606438,0.997363418139039
"9545",25,"LOC111572516",-0.000169478186818429,0.945867642917346,0.998607408853002
"9546",25,"LOC111572475",0.0034880287942522,0.0298229746600774,0.814336317015072
"9547",25,"taok2a",-0.00423902805063418,0.371633295945764,0.990398034861638
"9548",25,"cdipt",-0.000902412014189642,0.801102903096679,0.997363418139039
"9549",25,"nlk1",-0.003528001273276,0.0211033579008896,0.811535974992135
"9550",25,"sh2b1",-0.00103966547100795,0.48409503622226,0.997363418139039
"9551",25,"atxn2l",0.00100910831039751,0.544806471248646,0.997363418139039
"9552",25,"LOC111587787",0.00321684010110531,0.0746910425233492,0.871360915888879
"9553",25,"LOC111582396",-0.00556042795111034,0.0704196447169593,0.869550081520816
"9554",25,"pigq",0.000613984306538222,0.806379560601996,0.997363418139039
"9555",25,"c19h16orf89",-0.00115827105396564,0.808138445190022,0.997363418139039
"9556",25,"ift70",-0.00102684566776328,0.493313002804625,0.997363418139039
"9557",25,"LOC111570721",-0.00148646203076013,0.102716770379912,0.912203428875534
"9558",25,"gsg1l",0.00235561830036155,0.0689402241759941,0.869550081520816
"9559",25,"plcl5",-0.00678056471657905,0.154323337529793,0.971413341467878
"9560",25,"kcnh4a",0.00185444069036979,0.56344057969204,0.997363418139039
"9561",25,"rab5c",-0.00288927356195449,0.292478136762448,0.990065078286043
"9562",25,"kat2a",-0.000272350208814348,0.781513763929754,0.997363418139039
"9563",25,"znf385c",-0.00457597198418126,0.308687365810299,0.990065078286043
"9564",25,"dnajc7",0.00266251102859798,0.394003055690997,0.996463890020745
"9565",25,"cnp",-0.00126774980123116,0.237730363829328,0.990065078286043
"9566",25,"aclya",0.000805903474516403,0.516088675261734,0.997363418139039
"9567",25,"LOC111584503",-0.00155892891740308,0.0731137678694639,0.871360915888879
"9568",25,"LOC111584514",-0.00600009138006777,0.231402309600909,0.990065078286043
"9569",25,"LOC111584510",3.32732601616802e-05,0.979633206227492,0.999223513981536
"9570",25,"LOC111584506",0.00524439946343415,0.239309462923685,0.990065078286043
"9571",25,"42sp43",0.000939873890478147,0.278512274272371,0.990065078286043
"9572",25,"LOC111584513",-0.000546079822961847,0.687796945323351,0.997363418139039
"9573",25,"fbxl20",-0.00137721294006814,0.614466771191033,0.997363418139039
"9574",25,"cdk12",0.000417976180264955,0.788280697546188,0.997363418139039
"9575",25,"ppp1r1b",-0.00119550915839763,0.367313166191385,0.990313911305458
"9576",25,"stard3",0.00259794286027312,0.00868207725680151,0.811535974992135
"9577",25,"mreg",-0.00370598205780308,0.0633977430602,0.869097537705332
"9578",25,"tlk2",0.00087291385528384,0.560132424704276,0.997363418139039
"9579",25,"mrc2",-0.000822900824746312,0.0605170263505417,0.869097537705332
"9580",25,"LOC129347499",0.000638711958211019,0.76169792258476,0.997363418139039
"9581",25,"LOC111567381",-0.00270944600951405,0.590624410554106,0.997363418139039
"9582",25,"vat1",8.51735377658178e-05,0.990017989979824,0.999223513981536
"9583",25,"phb",-0.000603017415911895,0.828953641679849,0.997363418139039
"9584",25,"znf652",0.00239554257739776,0.330455738956618,0.990065078286043
"9585",25,"eftud2",-0.000256914145698254,0.885098420711107,0.998213961771008
"9586",25,"gjc1",0.00198772722644551,0.273386212621708,0.990065078286043
"9587",25,"LOC129347511",-0.000927555370177825,0.761926769051183,0.997363418139039
"9588",25,"rpl19",0.000830594779368772,0.73340028631793,0.997363418139039
"9589",25,"cacnb1",0.00149960390620067,0.745283865256947,0.997363418139039
"9590",25,"LOC111574250",0.000654464954195671,0.281942378523084,0.990065078286043
"9591",25,"lasp1",-0.00280054054535176,0.595680530293619,0.997363418139039
"9592",25,"LOC129347649",0.00104321085378595,0.393011696969973,0.996463890020745
"9593",25,"arhgap23a",-0.00647638170394919,0.348307047448949,0.990065078286043
"9594",25,"nmt1a",-0.00123922969072843,0.322325024154076,0.990065078286043
"9595",25,"retsat.2",-0.00172391377636118,0.0751434474015591,0.871360915888879
"9596",25,"cdk21",-0.000199052892307103,0.854784274655119,0.997363418139039
"9597",25,"znf281a",-0.00201047378759332,0.354518623033655,0.990065078286043
"9598",25,"si:ch211-198m17.1",0.00043193419886647,0.57825782321962,0.997363418139039
"9599",25,"mpp3a",-0.00466210667980751,0.536124187498698,0.997363418139039
"9600",25,"asic2",-0.0029207614959183,0.736991165347768,0.997363418139039
"9601",25,"tmub2",0.000193850239940237,0.924364912485885,0.998213961771008
"9602",25,"atxn7l3a",-0.00193576927592311,0.558335345118086,0.997363418139039
"9603",25,"ubtf",0.00561310625806198,0.146551700863974,0.965295556857902
"9604",25,"LOC118469622",-0.000796219689723625,0.704980338147873,0.997363418139039
"9605",25,"selenow2a",0.000682143157950214,0.680852617369625,0.997363418139039
"9606",25,"ngfra",-0.00138609047266641,0.656230207741191,0.997363418139039
"9607",25,"LOC111588913",0.00565167442440834,0.465135996434055,0.997363418139039
"9608",25,"spop",0.0065998101949094,0.00524168619818247,0.811535974992135
"9609",25,"ndufa4a",0.00275986367876181,0.218930760136155,0.990065078286043
"9610",25,"slc35b1",-0.00190007397840998,0.102309666826659,0.912203428875534
"9611",25,"rundc3aa",0.00222975206175505,0.309165428782872,0.990065078286043
"9612",25,"strada",-0.00210399140151614,0.0309261177440169,0.814336317015072
"9613",25,"ddx42",-0.0031525127188327,0.381958682228229,0.994271718567639
"9614",25,"limd2",-0.00268477768256696,0.110126959374581,0.921292590321416
"9615",25,"dcaf7",-0.000142409211793922,0.939211356540917,0.998607408853002
"9616",25,"ccdc47",-6.1334050908525e-05,0.978308117712231,0.999223513981536
"9617",25,"setd1a",-0.00145538334036348,0.463795502099515,0.997363418139039
"9618",25,"LOC111588890",0.00110761385977487,0.535967081842881,0.997363418139039
"9619",25,"cd2bp2",0.00148812272856673,0.553355101658674,0.997363418139039
"9620",25,"prr14",-0.0015965168315927,0.0700193694117866,0.869550081520816
"9621",25,"rusf1",0.000892171979420477,0.467808758067454,0.997363418139039
"9622",25,"zgc:153292",-0.00126014833861953,0.500428985936981,0.997363418139039
"9623",25,"elob",0.000244237411413651,0.876354547461626,0.997890690913835
"9624",25,"si:dkey-66i24.7",-2.41289164368168e-05,0.97391896045405,0.999223513981536
"9625",25,"paqr4a",-0.000167677101116204,0.900463324195244,0.998213961771008
"9626",25,"ppp1caa",-0.00158500681455,0.119030945680125,0.927025251088176
"9627",25,"kmt5c",0.00177464532680473,0.552631278646672,0.997363418139039
"9628",25,"shank1",-0.00212756357559758,0.458370858605113,0.997363418139039
"9629",25,"syt3",-0.00257040175088482,0.487742387641023,0.997363418139039
"9630",25,"med25",0.000633085982707919,0.581009097957747,0.997363418139039
"9631",25,"lrrc4ba",-0.00349266352155647,0.494573890729176,0.997363418139039
"9632",25,"mybpc2a",-0.0014687043555189,0.118853388368735,0.927025251088176
"9633",25,"emc10",-0.000495416261421811,0.864458028848732,0.997363418139039
"9634",25,"akt1s1",0.000867366617644808,0.517117046375533,0.997363418139039
"9635",25,"nucb1",0.0045220080127622,0.0415874533442623,0.825068516318458
"9636",25,"LOC111572730",0.00253610561205495,0.186665155075784,0.990065078286043
"9637",25,"ppfia3",-1.44689312011048e-05,0.996558861272516,0.999223513981536
"9638",25,"slc1a9",-0.000217049847002665,0.857264912856429,0.997363418139039
"9639",25,"bcat2",-0.00458517679938302,0.305013054747627,0.990065078286043
"9640",25,"LOC118469588",-0.00118339209555039,0.208966930601077,0.990065078286043
"9641",25,"ifi35",-0.00107596106191822,0.578336641291625,0.997363418139039
"9642",25,"rpl27",-0.000948219857143137,0.838682357081955,0.997363418139039
"9643",25,"rundc1",-0.0015526187689996,0.129471424245113,0.942881038379743
"9644",25,"slc25a39",-0.000506433767559557,0.595812552886745,0.997363418139039
"9645",25,"rpl3",-0.00440344067834871,0.0104264141986293,0.811535974992135
"9646",25,"cacng2a",-0.00268275661653029,0.650412946243111,0.997363418139039
"9647",25,"eif3d",0.00129981289885314,0.317832493782585,0.990065078286043
"9648",25,"unm-sa1261",0.00273629689915254,0.122817787322254,0.930634167332138
"9649",25,"si:ch211-165g14.1",-0.000475019392130666,0.647638403957324,0.997363418139039
"9650",25,"LOC111574868",-0.000263466949117334,0.846373215196231,0.997363418139039
"9651",25,"LOC111574860",0.000544632802246095,0.849929091019814,0.997363418139039
"9652",25,"gas7a",-0.00481504644390574,0.398060038377209,0.996463890020745
"9653",25,"LOC111574854",-0.00260417855268385,0.0425859509542584,0.825068516318458
"9654",25,"map2k4a",-0.00388162550183582,0.273413228180862,0.990065078286043
"9655",25,"elac2",0.000430301309108609,0.851459721243081,0.997363418139039
"9656",25,"LOC111574869",-0.00167529548859522,0.0182788704279515,0.811535974992135
"9657",25,"foxk2b",0.00134292190206388,0.558831796884312,0.997363418139039
"9658",25,"hlfa",-0.00164665714747138,0.443347365763287,0.996463890020745
"9659",25,"mmd",-0.00241953010574996,0.0830381625707148,0.877876627611259
"9660",25,"pctp",-0.00144255379705354,0.311854931949473,0.990065078286043
"9661",25,"LOC111562889",0.00280972115681067,0.629511351175039,0.997363418139039
"9662",25,"grin2ca",-0.00103915916660144,0.745167771150521,0.997363418139039
"9663",25,"tmem104",0.000756840439299764,0.719225851392061,0.997363418139039
"9664",25,"LOC111583828",0.00230141980479726,0.0521539178357924,0.84618751263396
"9665",25,"LOC111576399",0.00116348886440467,0.537506380700379,0.997363418139039
"9666",25,"LOC118471123",-0.000274386563268077,0.644063837545815,0.997363418139039
"9667",25,"LOC129347536",-0.000911032677873153,0.529770473889932,0.997363418139039
"9668",25,"stat5a",-0.000431525501928473,0.605418360975839,0.997363418139039
"9669",25,"stat3",-0.000550792023482944,0.78936724303324,0.997363418139039
"9670",25,"LOC111576408",-0.000204337219115936,0.875897404510267,0.997890690913835
"9671",25,"retreg3",0.000171037716549354,0.932797014867142,0.998287452144299
"9672",25,"tubg1",0.00157387255193013,0.278195385519967,0.990065078286043
"9673",25,"plekhh3",0.000732454875760732,0.589773242042963,0.997363418139039
"9674",25,"cntnap1",-0.00145723699685569,0.575229085986589,0.997363418139039
"9675",25,"ezh1",0.0004182434034525,0.913697396777646,0.998213961771008
"9676",25,"mlx",0.00128251057807152,0.315252317371281,0.990065078286043
"9677",25,"srcin1a",0.00423803567835774,0.494290640442512,0.997363418139039
"9678",25,"gosr2",-0.000519837469547934,0.658412199085727,0.997363418139039
"9679",25,"gpatch8",-0.008824134569611,0.0705413756946699,0.869550081520816
"9680",25,"map3k14a",-0.00106306114220934,0.399063339492735,0.996463890020745
"9681",25,"LOC111581681",-0.00118798069794934,0.253033533531888,0.990065078286043
"9682",25,"rps11",0.00274162368795025,0.463143024684806,0.997363418139039
"9683",25,"ttyh3a",-0.000871679769639936,0.701095089298707,0.997363418139039
"9684",25,"ints1",0.000964203371200339,0.556559554645939,0.997363418139039
"9685",25,"si:dkey-43p13.5",-0.000422306079574289,0.634210805746792,0.997363418139039
"9686",25,"micall2a",0.00271694924631656,0.386157702426777,0.99604104921104
"9687",25,"uncx",-0.00676965841186663,0.169139853355349,0.988463350920738
"9688",25,"zfand2a",-0.0031987433844994,0.070304928688356,0.869550081520816
"9689",25,"galr2b",0.00132151109425016,0.620731664588625,0.997363418139039
"9690",25,"axin1",-0.000587416346664219,0.886843962203286,0.998213961771008
"9691",25,"zc3h7a",-0.000273037583630793,0.773789573369541,0.997363418139039
"9692",25,"LOC129347549",-0.000209784773734257,0.878870776233049,0.997890690913835
"9693",25,"ubfd1",0.00164063840993983,0.162267844208087,0.982724119992008
"9694",25,"kdm8",0.000426227799395518,0.76323990578599,0.997363418139039
"9695",25,"hs3st4",0.00297426415949537,0.030681697616946,0.814336317015072
"9696",25,"hs3st2",-0.000538008249952783,0.774668599285066,0.997363418139039
"9697",25,"usp31",0.000326530775166954,0.918991321088101,0.998213961771008
"9698",25,"baiap3",0.00184576927601827,0.427449063650809,0.996463890020745
"9699",25,"unkl",0.00177078518736623,0.560299239579321,0.997363418139039
"9700",25,"shisa9b",0.000520783231640633,0.636329469968908,0.997363418139039
"9701",25,"cdip1",-0.00134320434010034,0.643707272632557,0.997363418139039
"9702",25,"mgrn1b",-0.00045018554938494,0.871598633414279,0.997363418139039
"9703",25,"rhbdf1a",-0.0036625282444128,0.124232701412313,0.930634167332138
"9704",25,"mpg",0.000299075831404031,0.691355483036606,0.997363418139039
"9705",25,"nprl3",-0.00206152310898587,0.210889059487312,0.990065078286043
"9706",25,"kank2",-0.00057877833881725,0.419809236659664,0.996463890020745
"9707",25,"LOC111574847",-0.000808154133915008,0.513446226451153,0.997363418139039
"9708",25,"elavl3",-0.0120913657954403,0.0939454206086687,0.893244469935295
"9709",25,"prkcsh",0.00105423076490821,0.562043631739485,0.997363418139039
"9710",25,"pde4a",0.000425933154069386,0.862372063341853,0.997363418139039
"9711",25,"tyk2",-0.000627845346560336,0.665322239336927,0.997363418139039
"9712",25,"LOC111574826",-0.00180853871527699,0.302817668998466,0.990065078286043
"9713",25,"LOC111574825",-0.000502422400343209,0.366834468043963,0.990313911305458
"9714",25,"dnmt1",-0.00189729677824389,0.359338236022306,0.990065078286043
"9715",25,"eif3g",-0.0018234204735026,0.222316212419615,0.990065078286043
"9716",25,"trip10a",-0.0014627583140079,0.283628333742629,0.990065078286043
"9717",25,"olfm2a",0.000645364516743952,0.851719805608341,0.997363418139039
"9718",25,"zmp:0000001048",-0.000488161299774479,0.718800968783927,0.997363418139039
"9719",25,"camsap3",0.000375006344508501,0.792886749362795,0.997363418139039
"9720",25,"xab2",0.00117558159657969,0.274344283583437,0.990065078286043
"9721",25,"stxbp2",0.000279338245030165,0.788085385101437,0.997363418139039
"9722",25,"LOC111580745",-0.000558477451104569,0.493249322354277,0.997363418139039
"9723",25,"brd4",0.00382035904028848,0.142641468979908,0.961176492579385
"9724",25,"LOC129347555",-0.00093315330002709,0.0466345806159756,0.843064661824796
"9725",25,"pbx4",-0.00185025504751752,0.691726708246254,0.997363418139039
"9726",25,"colgalt1a",-0.000477449414882974,0.550780555698343,0.997363418139039
"9727",25,"pgls",-0.000215832241105314,0.808100394005914,0.997363418139039
"9728",25,"LOC111573666",-0.000654997260502201,0.531790135332623,0.997363418139039
"9729",25,"vac14",-0.000244854432830981,0.834457466156521,0.997363418139039
"9730",25,"slc27a1a",-0.000518429665662177,0.533614408406049,0.997363418139039
"9731",25,"adgrl1a",-0.00649176824159286,0.244899034649413,0.990065078286043
"9732",25,"LOC118470833",-0.00139324947539772,0.187179242851886,0.990065078286043
"9733",25,"ppap2d",0.000539325659042985,0.654608584547648,0.997363418139039
"9734",25,"dnm2a",0.000736588367202999,0.768876397911774,0.997363418139039
"9735",25,"LOC111573671",-0.00392276348560781,0.114319760746874,0.921820201924075
"9736",25,"gipc1",0.00161709441080961,0.24954256217374,0.990065078286043
"9737",25,"dnajb1a",-0.000165761453055828,0.878682969451741,0.997890690913835
"9738",25,"samd1a",-0.000732864221789575,0.569137594853654,0.997363418139039
"9739",25,"prkacaa",-0.000972143199844003,0.739844581066132,0.997363418139039
"9740",25,"asf1ba",9.95859184872015e-05,0.878712776239267,0.997890690913835
"9741",25,"tubb4bl",-0.000217090882159493,0.960458231781827,0.998607408853002
"9742",25,"gcgra",0.00426300475962162,0.19273913714962,0.990065078286043
"9743",25,"mrpl12",0.00130620272296817,0.226240044276039,0.990065078286043
"9744",25,"hgs",-0.000994233070712869,0.727712898481588,0.997363418139039
"9745",25,"cldnk",0.000447239606637026,0.577527925778913,0.997363418139039
"9746",25,"tbcd",-0.00130115615914278,0.57277153463929,0.997363418139039
"9747",25,"atp5pd",0.00229085678486053,0.193852593821616,0.990065078286043
"9748",25,"ndel1b",0.000634168116918701,0.769139288519924,0.997363418139039
"9749",25,"arhgap44a",-0.00218360344221247,0.516138587290512,0.997363418139039
"9750",25,"sdk2a",0.000420048762219248,0.740274712328622,0.997363418139039
"9751",25,"LOC111564660",-0.00344631810039776,0.103712441291184,0.912203428875534
"9752",25,"baiap2a",0.00102224570546745,0.464032247457664,0.997363418139039
"9753",25,"aatka",-0.00141643654215995,0.66277723028419,0.997363418139039
"9754",25,"LOC111564651",-9.36989734253596e-05,0.966549143093146,0.999223513981536
"9755",25,"hid1a",-5.06644264152451e-05,0.98368003312334,0.999223513981536
"9756",25,"LOC129347587",0.000415727344587725,0.779383052392289,0.997363418139039
"9757",25,"LOC111564614",-0.00448313044873354,0.361453165477589,0.990065078286043
"9758",25,"fscn2a",0.00104650034748945,0.292540393040423,0.990065078286043
"9759",25,"LOC111564670",0.00234700393976806,0.61206416604857,0.997363418139039
"9760",25,"cyth1a",0.00142965404354914,0.589309092412675,0.997363418139039
"9761",25,"usp36",0.00116077521909192,0.625527178693531,0.997363418139039
"9762",25,"timp2b",-0.00431469793097665,0.0634942235149681,0.869097537705332
"9763",25,"cant1a",0.000158382976357851,0.832653645983004,0.997363418139039
"9764",25,"pycr1a",-0.000430588413615494,0.506362338285458,0.997363418139039
"9765",25,"LOC111579419",0.00354910083007179,0.233561475639933,0.990065078286043
"9766",25,"LOC111579430",0.00318039836303791,0.120124925144123,0.927131716509101
"9767",25,"rnf213a",0.00111798222629058,0.705174734935803,0.997363418139039
"9768",25,"LOC111579440",0.00298826642004443,0.126439875829598,0.932889208855255
"9769",25,"LOC111579432",-0.00107826793128851,0.804138598720673,0.997363418139039
"9770",25,"med9",0.000931142365907796,0.191820417081562,0.990065078286043
"9771",25,"LOC111579455",-0.00505827769120463,0.359884706131436,0.990065078286043
"9772",25,"LOC111573825",0.00215095162914196,0.502829832934041,0.997363418139039
"9773",25,"LOC118470853",0.00250533374710655,0.177191663365042,0.990065078286043
"9774",25,"LOC129347492",-0.000796828961100772,0.288075308789697,0.990065078286043
"9775",25,"pdgfbb",-0.00120216645619211,0.152756109090456,0.970552135528976
"9776",25,"adsl",-0.00169913298555113,0.0914767372163355,0.887251184786286
"9777",25,"si:dkey-110g7.8",-0.00103539788729898,0.783165263781828,0.997363418139039
"9778",25,"LOC111579423",0.00213080213801134,0.386208189890273,0.99604104921104
"9779",25,"mief1",0.0014521209360375,0.0789586267014052,0.871360915888879
"9780",25,"LOC111579416",-0.00202488561935675,0.123958534737957,0.930634167332138
"9781",25,"mettl22",-0.000146194442105516,0.954196296243053,0.998607408853002
"9782",25,"abat",0.00448183461763064,0.532662815244979,0.997363418139039
"9783",25,"ppp1r35",-0.000910940855512716,0.56837965926383,0.997363418139039
"9784",25,"LOC118471377",-0.00349858930137935,0.0187113737445828,0.811535974992135
"9785",25,"prmt1",0.00154783817522669,0.69820891908892,0.997363418139039
"9786",25,"ap2a1",-0.00505390805187124,0.449826113869055,0.996463890020745
"9787",25,"si:ch211-195b15.8",0.000700050946300727,0.83820874044989,0.997363418139039
"9788",25,"prr12b",-0.00514025771226916,0.135100443441739,0.952318214563295
"9789",25,"nbr1b",0.00057842550069599,0.945993150249668,0.998607408853002
"9790",25,"LOC118471007",0.00138187776953866,0.0624406086767807,0.869097537705332
"9791",25,"LOC129347657",9.16677930740442e-05,0.91831046801463,0.998213961771008
"9792",25,"fbxl16",-0.00176063704755849,0.604334709715666,0.997363418139039
"9793",25,"smg1",0.00183169217563759,0.691892865613007,0.997363418139039
"9794",25,"hao1",0.00327259510995072,0.0880093174246917,0.8848525864663
"9795",25,"desi1a",0.00152082140337481,0.553164403865728,0.997363418139039
"9796",25,"flii",-0.00137935905354678,0.379046045214334,0.991499792544918
"9797",25,"llgl1",0.00182919757806448,0.5941815350877,0.997363418139039
"9798",25,"drg2",-7.31461452421499e-06,0.992769327930753,0.999223513981536
"9799",25,"gfer",0.000104061217500045,0.946859718888148,0.998607408853002
"9800",25,"syngr3a",0.00190128157917339,0.691054072536166,0.997363418139039
"9801",25,"znf598",0.000354968672685257,0.887440120018646,0.998213961771008
"9802",25,"slc25a17",-0.000177792465776557,0.813414482061238,0.997363418139039
"9803",25,"LOC111584011",-0.00452318554540155,0.197297399945434,0.990065078286043
"9804",25,"xpo6",-0.00061902579611716,0.752368612206184,0.997363418139039
"9805",25,"antkmt",0.000891104877344483,0.297473483757102,0.990065078286043
"9806",25,"kctd13",0.000124634632096314,0.907201725792625,0.998213961771008
"9807",25,"sez6l2",-0.00170290077380061,0.666241837785673,0.997363418139039
"9808",25,"asphd1",0.000352676248532658,0.802714968996532,0.997363418139039
"9809",25,"pold1",0.00091077686566115,0.236976428097448,0.990065078286043
"9810",25,"gys1",-0.000974782878519863,0.202996267604506,0.990065078286043
"9811",25,"tufm",0.00181578876333655,0.375336221758254,0.991163825330808
"9812",25,"tmem11",0.000328157765875961,0.776285173243098,0.997363418139039
"9813",25,"dhrs7b",-0.00114688419995535,0.39018218945558,0.996463890020745
"9814",25,"mapk8ip3",-0.00189810702359138,0.607158610166583,0.997363418139039
"9815",25,"nme3",0.00017513505135003,0.883998144444675,0.998213961771008
"9816",25,"mrps34",-9.50695871011867e-06,0.991241730118423,0.999223513981536
"9817",25,"spsb3a",-0.00045573769158423,0.678658618645234,0.997363418139039
"9818",25,"atp6v0ca",0.000207735273151929,0.972643832074082,0.999223513981536
"9819",25,"mapk3",-0.00113264722999699,0.745966463657847,0.997363418139039
"9820",25,"nherf1b",0.000756746725822189,0.736786729324231,0.997363418139039
"9821",25,"zgc:112183",-0.000717210510658768,0.800475938750284,0.997363418139039
"9822",25,"xylt2",-0.00132146736315081,0.338318955000591,0.990065078286043
"9823",25,"si:ch73-364h19.1",-0.00290122029365697,0.0149645078701316,0.811535974992135
"9824",25,"si:ch211-120g10.1",0.00276934158212842,0.516687372585209,0.997363418139039
"9825",25,"recql5",-0.00145155291846254,0.428739507886414,0.996463890020745
"9826",25,"cdr2l",-0.00246253196341681,0.164373406537321,0.983491162784125
"9827",25,"alyref",-0.00254840678203218,0.306406168758365,0.990065078286043
"9828",25,"mcrip1",-0.00182053961170246,0.0166903685257819,0.811535974992135
"9829",25,"nptx1l",0.000616145547568983,0.72852489736414,0.997363418139039
"9830",25,"LOC111565363",0.00711680870951191,0.0880945689439585,0.8848525864663
"9831",25,"LOC111565338",0.00295438606824842,0.292240725737134,0.990065078286043
"9832",25,"LOC111565380",-0.00238142925206249,0.43050600340326,0.996463890020745
"9833",25,"LOC111565336",-0.00280837432019204,0.0212271745283815,0.811535974992135
"9834",25,"LOC111565381",0.00163345649404393,0.266276911862971,0.990065078286043
"9835",25,"grapa",0.00425144911239921,0.389588976176317,0.996463890020745
"9836",25,"epn2",0.000779306087962712,0.668121882721331,0.997363418139039
"9837",25,"cacna1ha",-0.00529751592784797,0.619255876941175,0.997363418139039
"9838",25,"grin2aa",-0.0107234447100241,0.0191050774048371,0.811535974992135
"9839",25,"atf7ip2",0.000936459606891694,0.600371288773984,0.997363418139039
"9840",25,"nubp1",0.00104052710505589,0.534470332978166,0.997363418139039
"9841",25,"dexi",-1.26292515748581e-05,0.988231783608992,0.999223513981536
"9842",25,"clec16a",-0.00420264754043579,0.176940015621417,0.990065078286043
"9843",25,"prkcbb",-0.00370072634640402,0.192815231525621,0.990065078286043
"9844",25,"cacng3b",-0.00409106224325205,0.441332391013522,0.996463890020745
"9845",25,"LOC111581537",-5.99663719217017e-05,0.925450875395625,0.998213961771008
"9846",25,"LOC111581529",0.000236825760919732,0.923064083540572,0.998213961771008
"9847",25,"ndufab1b",0.00297976398652831,0.0658920565514367,0.869218355473595
"9848",25,"dctn5",3.0064030088385e-05,0.978194568468518,0.999223513981536
"9849",25,"usp7",0.00267755769667311,0.261182390887566,0.990065078286043
"9850",25,"clcn7",-0.00013057598204139,0.947017921726797,0.998607408853002
"9851",25,"LOC111580449",-0.00327682998081424,0.063880723318174,0.869097537705332
"9852",25,"sun1b",-0.00620328149726606,0.000396174232074402,0.713527408031474
"9853",25,"gprc5ba",-0.00589979257376502,0.180449497662285,0.990065078286043
"9854",25,"proza",-0.00350638595010924,0.518006353044834,0.997363418139039
"9855",25,"gpr139",0.00239657253228906,0.194198635181153,0.990065078286043
"9856",25,"kdelr2a",8.36422916370313e-06,0.994382080453754,0.999223513981536
"9857",25,"mfsd13al",0.000582183356513,0.465468533248344,0.997363418139039
"9858",25,"mosmoa",-0.00158261907727278,0.571226770450116,0.997363418139039
"9859",25,"LOC111576172",-8.99484493110138e-05,0.914037402874844,0.998213961771008
"9860",25,"si:ch211-256e16.3",0.000293172122874424,0.805367112603211,0.997363418139039
"9861",25,"slc25a17l",0.00073830233025823,0.298983517732671,0.990065078286043
"9862",25,"stk19",0.000973596970084571,0.387117252197157,0.99604104921104
"9863",25,"LOC111576185",-0.00183941916011944,0.532368207950098,0.997363418139039
"9864",25,"LOC111576171",0.00129064518503197,0.729471583154267,0.997363418139039
"9865",25,"prkcab",-0.0132582710048166,0.015175164040497,0.811535974992135
"9866",25,"cep112",0.00245918617534293,0.355693675192113,0.990065078286043
"9867",25,"axin2",-0.000348381012023261,0.890370587248556,0.998213961771008
"9868",25,"tex2",0.000988714867473479,0.652874642559495,0.997363418139039
"9869",25,"ern1",0.000829724951653142,0.311420514855458,0.990065078286043
"9870",25,"gaa",-0.00388071190805824,0.00265824409148615,0.811535974992135
"9871",25,"tbc1d16",0.000415303872294982,0.869576027551978,0.997363418139039
"9872",25,"cbx4",-0.000448728304528559,0.847255270344098,0.997363418139039
"9873",25,"cbx8a",-0.00157947331433273,0.550267785225098,0.997363418139039
"9874",25,"e4f1",2.9922016460706e-05,0.977504707333883,0.999223513981536
"9875",25,"narfl",0.000389486114808162,0.748013633737642,0.997363418139039
"9876",25,"LOC111578207",0.00197445457804296,0.032293028935726,0.821359352393538
"9877",25,"LOC111578204",-0.000829959146670082,0.555725915197897,0.997363418139039
"9878",25,"LOC111578196",-0.000792300811237406,0.386377955372402,0.99604104921104
"9879",25,"ndufb10",0.00143443054579929,0.520788465338787,0.997363418139039
"9880",25,"rps2",-0.00193613098898115,0.474603841114536,0.997363418139039
"9881",25,"LOC111578187",-0.000801074467591245,0.646116487448792,0.997363418139039
"9882",25,"srebf1",-0.00127141415600441,0.721928071971924,0.997363418139039
"9883",25,"LOC111578192",-0.000816356645842847,0.886769182935479,0.998213961771008
"9884",25,"LOC111578193",0.00144636474879183,0.0253338792809008,0.811535974992135
"9885",25,"LOC118471276",-0.000986398176585607,0.620987845696121,0.997363418139039
"9886",25,"fam20ca",0.004690477798541,0.278412923880087,0.990065078286043
"9887",25,"tecpr1b",0.00252278026815697,0.215674455418648,0.990065078286043
"9888",25,"lmtk2",-0.000782626356480793,0.720581819648404,0.997363418139039
"9889",25,"LOC111577378",-0.00517870583482752,0.190660474311654,0.990065078286043
"9890",25,"cacng1b",0.00213003152883697,0.0784523306939029,0.871360915888879
"9891",25,"LOC118471211",0.000286969241122565,0.776740272095264,0.997363418139039
"9892",25,"pitpnc1a",-0.000667723221167628,0.732125364847442,0.997363418139039
"9893",25,"LOC111576163",0.000441893007275572,0.516810033158629,0.997363418139039
"9894",25,"mrps7",-0.000428591937510888,0.705522670983743,0.997363418139039
"9895",25,"LOC111576161",0.000552586429427334,0.84091402375901,0.997363418139039
"9896",25,"LOC111576174",6.27703769648789e-06,0.998562629568124,0.999223513981536
"9897",25,"LOC111576159",-0.00502689381540269,0.124142772485439,0.930634167332138
"9898",25,"LOC111568931",-0.00296525516895985,0.0878760159762575,0.8848525864663
"9899",25,"c19h17orf75",-0.000392209471554079,0.833274726101314,0.997363418139039
"9900",25,"LOC111568930",-0.000917846121651897,0.697919678937156,0.997363418139039
"9901",25,"LOC111568927",-0.000875539674582633,0.288674099547571,0.990065078286043
"9902",25,"rfx1a",0.00025704521375364,0.844251454850717,0.997363418139039
"9903",25,"LOC111568929",3.33736017540332e-05,0.982084572844505,0.999223513981536
"9904",25,"fbxw9",0.000316472616064512,0.74787996465016,0.997363418139039
"9905",25,"dhps",-0.000948642051925148,0.55934352868315,0.997363418139039
"9906",25,"LOC129347630",0.000612770025270497,0.549385207082441,0.997363418139039
"9907",25,"LOC111569024",-0.000804480365093926,0.522347773307841,0.997363418139039
"9908",25,"spag9a",-0.00226349810216211,0.677245446063785,0.997363418139039
"9909",25,"LOC111562407",0.000898891204862429,0.86665637415452,0.997363418139039
"9910",25,"ankrd40",-0.00240173007015914,0.331608293678698,0.990065078286043
"9911",25,"luc7l3",-0.00204138201134267,0.494781224268817,0.997363418139039
"9912",25,"LOC111566885",-2.30033859322519e-05,0.993205732853067,0.999223513981536
"9913",25,"cacna1ia",-0.0054107998589469,0.235251089105676,0.990065078286043
"9914",25,"gtpbp1",0.00278849808074903,0.20733252989738,0.990065078286043
"9915",25,"sgsm3",0.000348918991874798,0.745932929471894,0.997363418139039
"9916",25,"LOC111566907",0.00205967433258658,0.726777438966772,0.997363418139039
"9917",25,"gtf2f1",0.00184648720695058,0.181071459232649,0.990065078286043
"9918",25,"cacna1aa",-0.00111603508813972,0.773741767153975,0.997363418139039
"9919",25,"LOC111587530",-0.00321325534860298,0.282788018780282,0.990065078286043
"9920",25,"LOC111587531",0.000784563562384802,0.404165683610771,0.996463890020745
"9921",25,"LOC111587536",-0.00119595997242393,0.732329328227779,0.997363418139039
"9922",25,"LOC111562596",-0.00408673909898252,0.375333307737614,0.991163825330808
"9923",25,"trap1",-0.00178674446231216,0.221738843367183,0.990065078286043
"9924",25,"crebbpb",0.00107562690660257,0.68462390148252,0.997363418139039
"9925",25,"LOC111582512",0.00160479168559018,0.236324602781722,0.990065078286043
"9926",25,"glis2b",0.000248356575786727,0.747816173244719,0.997363418139039
"9927",25,"LOC129347622",-0.000541764505758726,0.507536209749474,0.997363418139039
"9928",25,"LOC111586678",-0.00046503181654319,0.920120230128664,0.998213961771008
"9929",25,"dnaja3a",-0.000585107586340338,0.745590442036872,0.997363418139039
"9930",25,"hmox2b",0.00109911355017606,0.244370623713845,0.990065078286043
"9931",25,"abca3b",0.000365010843484732,0.81273234661474,0.997363418139039
"9932",25,"LOC111567712",-0.000609062101193473,0.613531192519199,0.997363418139039
"9933",25,"nosip",-0.00599066503115165,0.0102605887170824,0.811535974992135
"9934",25,"lin7b",0.00274932794813021,0.164546934221408,0.983535885192242
"9935",25,"snrnp70",-0.00196671857781189,0.606507107647182,0.997363418139039
"9936",25,"scaf1",0.00127332719203917,0.380258695335204,0.992485462026592
"9937",25,"wipi1",-0.00249563111415974,0.0786272824997169,0.871360915888879
"9938",25,"slc16a6b",0.0017138919095004,0.150208624175064,0.968695493765038
"9939",25,"LOC111586729",0.00113556025638772,0.606818984185712,0.997363418139039
"9940",25,"cog1",-0.000192456233458499,0.910212708342731,0.998213961771008
"9941",25,"dicer1",0.00313376852579301,0.443053476365003,0.996463890020745
"9942",25,"clmna",-0.00316233323083889,0.229969174758621,0.990065078286043
"9943",25,"syne3",-0.000591840419508791,0.779958915188384,0.997363418139039
"9944",25,"kcnf1b",0.000151590215548494,0.814990171175731,0.997363418139039
"9945",25,"nol10",0.00133303180973894,0.37630286085441,0.991163825330808
"9946",25,"wdr35",0.00179374195470993,0.310331263678654,0.990065078286043
"9947",25,"fosl2",-0.00381846674027364,0.0579381608273681,0.864909271456043
"9948",25,"babam2",-0.00439351916303747,0.224867495817817,0.990065078286043
"9949",25,"rbks",-0.00158504621915192,0.217898853531352,0.990065078286043
"9950",25,"mrpl33",0.000407529344668987,0.855585567268626,0.997363418139039
"9951",25,"si:dkey-16j16.4",-0.000195195105350037,0.747862806693715,0.997363418139039
"9952",25,"slc4a1ap",9.60172131855017e-05,0.951994682331065,0.998607408853002
"9953",25,"supt7l",-0.000871672604428728,0.302514810297291,0.990065078286043
"9954",25,"LOC111574422",-0.00370990987976361,0.449826455201408,0.996463890020745
"9955",25,"alk",0.00153179492851488,0.657712245899668,0.997363418139039
"9956",25,"zgc:103755",-0.000765720746682696,0.82120720429955,0.997363418139039
"9957",25,"rock2a",-0.000681508312579202,0.189975556664619,0.990065078286043
"9958",25,"sobpa",0.00216762967814271,0.181424114641885,0.990065078286043
"9959",25,"pdss2",-0.00245024279755626,0.138803643629915,0.957578775787136
"9960",25,"tmem151bb",-0.0016627371539506,0.248435449805869,0.990065078286043
"9961",25,"utp25",8.39058134302551e-05,0.92401503277146,0.998213961771008
"9962",25,"adprs",-0.00108212161863165,0.258430481409182,0.990065078286043
"9963",25,"si:ch211-266o15.1",-0.0042536420021829,0.105224262571338,0.912203428875534
"9964",25,"calm1a",-0.00387093442535096,0.49767139511962,0.997363418139039
"9965",25,"ttc7b",-0.00273702216268337,0.0772720734448529,0.871360915888879
"9966",25,"fam177a1",-0.000196684587821947,0.808908037156238,0.997363418139039
"9967",25,"ppp2r3c",0.000208852821831032,0.827590337656614,0.997363418139039
"9968",25,"prorp",0.000198735126899269,0.811970816230521,0.997363418139039
"9969",25,"nfkbiab",-0.000430272401751662,0.750216005932907,0.997363418139039
"9970",25,"ralgapa1",0.00331351817927654,0.264816634417604,0.990065078286043
"9971",25,"brms1la",-0.000579804137185871,0.520686825887606,0.997363418139039
"9972",25,"ctage5",0.000862529766100239,0.661890508904665,0.997363418139039
"9973",25,"gemin2",0.000702640084183813,0.414881364639866,0.996463890020745
"9974",25,"pnn",-0.00346882151129682,0.0641852777647963,0.869097537705332
"9975",25,"LOC111576929",-0.00290353007443106,0.288931517975757,0.990065078286043
"9976",25,"daam2",0.00633070579944415,0.130834889051322,0.944651905352208
"9977",25,"rab3gap2",0.00141552897121007,0.448301008515178,0.996463890020745
"9978",25,"iars2",0.00222810163627477,0.416552737626497,0.996463890020745
"9979",25,"qrsl1",8.66494591916931e-05,0.920951248629164,0.998213961771008
"9980",25,"rtn4ip1",-0.000639721493210109,0.542189318625386,0.997363418139039
"9981",25,"LOC111577406",-0.00194731289282919,0.259710370452402,0.990065078286043
"9982",25,"myt1lb",-0.00291328210238443,0.676415832694411,0.997363418139039
"9983",25,"eipr1",-0.00111012471102511,0.612774804243632,0.997363418139039
"9984",25,"trappc12",0.00113148668737353,0.582737303384927,0.997363418139039
"9985",25,"adi1",-0.00204944243132495,0.0977077047375625,0.905020048534428
"9986",25,"LOC111571040",-0.00549381085833847,0.209894980482261,0.990065078286043
"9987",25,"gphna",-0.000514473358819575,0.916692791784438,0.998213961771008
"9988",25,"ccdc88c",0.000850551881003815,0.490606807400629,0.997363418139039
"9989",25,"LOC118470649",0.00109827606956157,0.133451267534688,0.946926652021974
"9990",25,"dglucy",0.00261906363248508,0.433718351214802,0.996463890020745
"9991",25,"LOC111586302",-0.000549797951545824,0.794876932052184,0.997363418139039
"9992",25,"LOC111565402",0.000138535743865458,0.949963097577798,0.998607408853002
"9993",25,"jkamp",0.000307737591803521,0.83470784660114,0.997363418139039
"9994",25,"gabrb1",3.07731570206158e-05,0.989716935095839,0.999223513981536
"9995",25,"LOC111583003",4.82085925603067e-05,0.963339245553478,0.998789723674583
"9996",25,"LOC118470918",0.00307395989157028,0.20430113999916,0.990065078286043
"9997",25,"commd8",0.0016171584746389,0.20183686283534,0.990065078286043
"9998",25,"atp10d",0.00246236862684047,0.517837107771026,0.997363418139039
"9999",25,"lamtor3",-0.00199814697206819,0.305505940493123,0.990065078286043
"10000",25,"hhipl1",0.000393318938935368,0.88304960170395,0.998213961771008
"10001",25,"LOC111565013",-0.00423815196394298,0.0710459954762934,0.869550081520816
"10002",25,"LOC111565012",-0.000255357084285884,0.871404284892555,0.997363418139039
"10003",25,"LOC111565001",0.00115172918089348,0.352576211878232,0.990065078286043
"10004",25,"gabrg1",0.0018106769050308,0.620929593644034,0.997363418139039
"10005",25,"gabra2a",0.000203564702838125,0.888681120896049,0.998213961771008
"10006",25,"rragd",-0.000332628441305416,0.757615115201462,0.997363418139039
"10007",25,"tulp4b",-0.00472565710639764,0.262523435479276,0.990065078286043
"10008",25,"LOC111566502",-0.000148898516025519,0.826004106046922,0.997363418139039
"10009",25,"ahi1",-0.0025573811078653,0.252649792202201,0.990065078286043
"10010",25,"map7a",-0.00110618586803555,0.719272759674777,0.997363418139039
"10011",25,"mapre3a",-0.00103900235554405,0.621645684062184,0.997363418139039
"10012",25,"dnmt3ab",-0.00278434551656585,0.414376645494484,0.996463890020745
"10013",25,"dtnbb",-0.00551642538177038,0.34901652809078,0.990065078286043
"10014",25,"asxl2",-0.00175760964190397,0.0589122628668201,0.869097537705332
"10015",25,"kif3cb",0.00209416826584955,0.394679319790808,0.996463890020745
"10016",25,"hadhab",-0.00276891980552916,0.0194000950654938,0.811535974992135
"10017",25,"rps6ka5",0.00373976093803211,0.327646824919361,0.990065078286043
"10018",25,"mbip",0.00430355310121536,0.260116345129651,0.990065078286043
"10019",25,"slc25a21",-0.000617904061561383,0.68879876957539,0.997363418139039
"10020",25,"tmem229b",0.000501340520517673,0.863412454738855,0.997363418139039
"10021",25,"mta1",-0.0024198204105631,0.318835912191708,0.990065078286043
"10022",25,"crip2",0.00133157578165038,0.345890402071468,0.990065078286043
"10023",25,"mideasb",3.39516125422705e-05,0.992753686015744,0.999223513981536
"10024",25,"tmem62",-0.0014003984661135,0.483565511260551,0.997363418139039
"10025",25,"ttbk2a",-0.00460329838565315,0.229611004296299,0.990065078286043
"10026",25,"sptb",-0.00137462515065364,0.236813230793954,0.990065078286043
"10027",25,"LOC111569710",0.00161145208105868,0.0345524789387489,0.821359352393538
"10028",25,"efna2a",0.000746315223440078,0.726115158797521,0.997363418139039
"10029",25,"ptbp1a",0.000430572568867727,0.729022854636571,0.997363418139039
"10030",25,"palm1b",-0.00474515706491256,0.357873063272232,0.990065078286043
"10031",25,"plppr3a",-0.000458582046883223,0.834613536046858,0.997363418139039
"10032",25,"grin3ba",-0.00326660254822916,0.42922128788568,0.996463890020745
"10033",25,"slc7a14a",-0.00295421120270289,0.601098577146039,0.997363418139039
"10034",25,"eif5a2",0.00167557117609653,0.36446072073908,0.990065078286043
"10035",25,"tnika",-0.00528714463967631,0.365856887563777,0.990065078286043
"10036",25,"fndc3ba",-0.000488737210825463,0.457262339772989,0.997363418139039
"10037",25,"ppp2r3a",-0.0019565206639146,0.459661127802053,0.997363418139039
"10038",25,"stag1a",0.00339996900031723,0.147305714852193,0.965295556857902
"10039",25,"slc35g2a",0.00367537374693798,0.31057664705251,0.990065078286043
"10040",25,"LOC111563438",-0.000262685148068067,0.752182365004332,0.997363418139039
"10041",25,"LOC111563437",-0.000887731445484045,0.615666025978238,0.997363418139039
"10042",25,"atr",-0.00104668716734701,0.352203040293707,0.990065078286043
"10043",25,"hltf",-0.000830797827534157,0.36280495567035,0.990065078286043
"10044",25,"elavl1a",0.0020445287025518,0.467247352357683,0.997363418139039
"10045",25,"diras1b",-0.00457087561692117,0.435573971536798,0.996463890020745
"10046",25,"gng7",-0.00553094611377441,0.196470708675422,0.990065078286043
"10047",25,"LOC111573443",0.00113991774849925,0.0661722655868485,0.869550081520816
"10048",25,"LOC111573456",0.00339824189553748,0.513186851037293,0.997363418139039
"10049",25,"yju2",0.000712973986705255,0.606448662662025,0.997363418139039
"10050",25,"LOC111567718",-0.00422595919453279,0.0859770278308816,0.883734831380986
"10051",25,"gna11b",0.00139892626987555,0.774360962186688,0.997363418139039
"10052",25,"LOC111567717",-0.0051553104857106,0.0525724226646041,0.84618751263396
"10053",25,"LOC111567715",0.00074441859336964,0.55671204467845,0.997363418139039
"10054",25,"LOC111567709",0.000955738913730347,0.827758055633883,0.997363418139039
"10055",25,"LOC111567705",0.00272210632022822,0.216263091892196,0.990065078286043
"10056",25,"LOC111567730",0.00952395864845729,0.154089117146874,0.971413341467878
"10057",25,"LOC111567728",0.00327348621354461,0.0398933145490936,0.821523944916278
"10058",25,"ebi3",-0.000565296896211079,0.553101452240522,0.997363418139039
"10059",25,"zgc:110158",-0.000126049317998303,0.975821669795198,0.999223513981536
"10060",25,"LOC111582898",0.00033904044566506,0.905130184524259,0.998213961771008
"10061",25,"d2hgdh",0.000380922920010757,0.719013146164726,0.997363418139039
"10062",25,"acvr1l",0.00209743192062383,0.338400751640872,0.990065078286043
"10063",25,"hs6st1a",-0.00585877557024493,0.288576151664401,0.990065078286043
"10064",25,"uggt1",0.00199849047297719,0.570471140981032,0.997363418139039
"10065",25,"LOC111571667",-0.000902459235910424,0.41196604838291,0.996463890020745
"10066",25,"LOC111571676",0.00229435554365192,0.240506036438998,0.990065078286043
"10067",25,"senp2",0.000418159380961727,0.823950946923527,0.997363418139039
"10068",25,"pcnt",-0.00284147465431256,0.138879923693925,0.957578775787136
"10069",25,"atg9a",0.00123405499541987,0.516185893141907,0.997363418139039
"10070",25,"myo10l1",-0.00478497655379752,0.186866661891995,0.990065078286043
"10071",25,"sumo3a",-0.00333928775569982,0.245988295118439,0.990065078286043
"10072",25,"usp40",-0.00199391866728713,0.121127243649995,0.930323429595438
"10073",25,"LOC111573250",-0.000961347744808888,0.315647110501256,0.990065078286043
"10074",25,"LOC111573260",-0.001501153416833,0.449855056886007,0.996463890020745
"10075",25,"marcksb",-0.00456568071135673,0.0535618477629353,0.848721627975103
"10076",25,"fut9a",-0.00112455080517793,0.822141131977743,0.997363418139039
"10077",25,"LOC111573267",0.00227256279642319,0.532829043997312,0.997363418139039
"10078",25,"lclat1",-0.00148877083191192,0.44327659262666,0.996463890020745
"10079",25,"ddhd1a",0.000410189422223579,0.863361271568064,0.997363418139039
"10080",25,"gjd2b",-0.000261572970245095,0.813631917897502,0.997363418139039
"10081",25,"cdin1",0.00159982731017356,0.614960371510286,0.997363418139039
"10082",25,"meis2a",-0.00127366569491539,0.195803399922003,0.990065078286043
"10083",25,"spred1",-0.00814032091855463,0.0105681143039955,0.811535974992135
"10084",25,"fam98b",-0.00106060674849305,0.591920592009334,0.997363418139039
"10085",25,"spata7",-0.000315833072781244,0.785271808684862,0.997363418139039
"10086",25,"kcnk10b",-0.00162136323278944,0.00891707598935565,0.811535974992135
"10087",25,"LOC111573259",-0.00579130835509562,0.0618782696814367,0.869097537705332
"10088",25,"LOC111573293",-0.00100526524545126,0.355653476726106,0.990065078286043
"10089",25,"klhdc2",0.000838114360084986,0.533573421984684,0.997363418139039
"10090",25,"LOC111573329",0.00304697229197869,0.077932308691511,0.871360915888879
"10091",25,"LOC111573328",-0.00214225447153732,0.235809066402198,0.990065078286043
"10092",25,"wdr20a",0.000743933574997432,0.570550758533623,0.997363418139039
"10093",25,"dync1h1",0.00160761309048564,0.802240658747903,0.997363418139039
"10094",25,"kdm1a",0.000319896849721036,0.929815520105268,0.998213961771008
"10095",25,"luzp1",-0.000981671306522123,0.742572608940592,0.997363418139039
"10096",25,"pacrg",6.76600211412127e-05,0.900399763501241,0.998213961771008
"10097",25,"qkia",-0.00347607937877846,0.0126096592117628,0.811535974992135
"10098",25,"ythdf2",0.00134883587813049,0.422294195529278,0.996463890020745
"10099",25,"msrab",0.00133453414269688,0.70486913003903,0.997363418139039
"10100",25,"id3",0.00156523092439855,0.344854135461705,0.990065078286043
"10101",25,"LOC111585948",-0.00192818126539746,0.335241660676381,0.990065078286043
"10102",25,"rps6ka1",-0.00125987145946276,0.709326686605567,0.997363418139039
"10103",25,"nipal3",0.00254475904590912,0.12188021565914,0.930634167332138
"10104",25,"rcan3",-0.00415320450036672,0.364220203082274,0.990065078286043
"10105",25,"ncmap",0.00079516758600269,0.352030601062851,0.990065078286043
"10106",25,"fancm",-0.000120532758971321,0.917076721997775,0.998213961771008
"10107",25,"soul3",0.00297942958430754,0.103268640131746,0.912203428875534
"10108",25,"wars1",0.000954365729894691,0.590316231498683,0.997363418139039
"10109",25,"wdr25",0.000338964123759336,0.780701273172978,0.997363418139039
"10110",25,"LOC111586266",-0.00499248918255771,0.245407881672497,0.990065078286043
"10111",25,"LOC111586088",-0.00386197723546469,0.0114030193551763,0.811535974992135
"10112",25,"tonsl",-0.00240161917252231,0.289444074354343,0.990065078286043
"10113",25,"htr1d",-0.000370620792334708,0.705202627222326,0.997363418139039
"10114",25,"rpl13a",-0.00414612871439328,0.235764045664131,0.990065078286043
"10115",25,"atp5if1b",-0.000758154311594154,0.822286511779283,0.997363418139039
"10116",25,"zmpste24",-0.000787710645643176,0.521562967999009,0.997363418139039
"10117",25,"rlf",-2.17312298578256e-05,0.98569534338498,0.999223513981536
"10118",25,"selenon",0.000653505196147906,0.583228334214601,0.997363418139039
"10119",25,"si:ch211-15d5.11",3.22765286943006e-05,0.976208676489501,0.999223513981536
"10120",25,"mtfr1l",0.00205496353927617,0.0498390222820452,0.84618751263396
"10121",25,"stac",-0.00124362330342646,0.618509381746733,0.997363418139039
"10122",25,"LOC111577950",-0.000824259752875116,0.818773391218243,0.997363418139039
"10123",25,"LOC111577964",-0.00182191546593898,0.148001882040226,0.965295556857902
"10124",25,"LOC111577955",0.000351911680925686,0.692283288795153,0.997363418139039
"10125",25,"znf292a",-0.00326034041505434,0.073991717442064,0.871360915888879
"10126",25,"LOC111577963",0.000636594776705067,0.75237949167016,0.997363418139039
"10127",25,"LOC111577962",-0.00291745696352522,0.634100694858928,0.997363418139039
"10128",25,"sox11a",-0.00351323089940464,0.232454595877211,0.990065078286043
"10129",25,"rnf144aa",-0.00310721917762337,0.475000452207371,0.997363418139039
"10130",25,"LOC129347753",-0.000440307751151809,0.661081460860738,0.997363418139039
"10131",25,"id2a",0.00235979639807337,0.643748528546289,0.997363418139039
"10132",25,"kidins220a",-0.000707945593068889,0.353627043126322,0.990065078286043
"10133",25,"mboat2a",-0.000466464804793925,0.851897618550786,0.997363418139039
"10134",25,"asap2a",-0.000795324848456598,0.676198060696377,0.997363418139039
"10135",25,"LOC111565927",-0.000264338206934385,0.816735927597334,0.997363418139039
"10136",25,"si:dkey-13p1.4",-0.000399940290802919,0.747851218329236,0.997363418139039
"10137",25,"LOC111565936",-0.000324686685370552,0.68101110272002,0.997363418139039
"10138",25,"LOC111565932",0.00123899966844941,0.736022905609866,0.997363418139039
"10139",25,"adam17a",-0.00263297019151417,0.223836914829734,0.990065078286043
"10140",25,"rpap1",0.000268339493342047,0.662881581791373,0.997363418139039
"10141",25,"ltk",0.000562624393125978,0.658891174728271,0.997363418139039
"10142",25,"ivd",0.00107492688230532,0.691172605423908,0.997363418139039
"10143",25,"bahd1",-2.83830288103985e-05,0.990457415787568,0.999223513981536
"10144",25,"pcmtl",0.00173734304768291,0.262770091150556,0.990065078286043
"10145",25,"disp2",-0.00351713550982493,0.0223854101650026,0.811535974992135
"10146",25,"eml1",-0.000665335985670198,0.803648859833169,0.997363418139039
"10147",25,"evla",-0.00501697780922324,0.153013090516408,0.970592115793289
"10148",25,"yy1a",-0.00177742300394216,0.364206583405471,0.990065078286043
"10149",25,"LOC129347805",3.51574234037702e-05,0.986087398896241,0.999223513981536
"10150",25,"hif1aa",-0.00153000257682267,0.662913371864076,0.997363418139039
"10151",25,"slc38a6",-0.00249765490654491,0.0306087381466156,0.814336317015072
"10152",25,"mnat1",0.000588462239797523,0.651475230706498,0.997363418139039
"10153",25,"ppm1aa",0.00143384438100959,0.762223084205104,0.997363418139039
"10154",25,"dhrs7",0.00127375795066133,0.501767784361112,0.997363418139039
"10155",25,"pcnx4",0.0040996461459343,0.13837420599876,0.957578775787136
"10156",25,"lrrc9",0.000415172534123525,0.7866428380342,0.997363418139039
"10157",25,"rtn1a",-0.00755527803613727,0.234467601843049,0.990065078286043
"10158",25,"LOC111578918",-0.0010739306068217,0.406770374812217,0.996463890020745
"10159",25,"zfyve28",0.000399442414157848,0.762219064515768,0.997363418139039
"10160",25,"si:dkey-21a6.5",0.000874549874875451,0.226286640629239,0.990065078286043
"10161",25,"mrpl35",-0.00164486794344983,0.086656023689818,0.883942320931013
"10162",25,"reep1",-0.000990521163091805,0.642252828363537,0.997363418139039
"10163",25,"chmp3",-0.00504758432749793,0.0604678588486678,0.869097537705332
"10164",25,"hspa4l",-0.00252200282537582,0.269561517393583,0.990065078286043
"10165",25,"itpk1b",-0.00196720511044147,0.104481895751595,0.912203428875534
"10166",25,"btbd7",-0.00104090737580957,0.356701941114631,0.990065078286043
"10167",25,"LOC111578958",0.00278174178849421,0.423094714783403,0.996463890020745
"10168",25,"ubr1",-0.00117058125929428,0.503258579698714,0.997363418139039
"10169",25,"LOC129347808",-0.00150082820151545,0.0185006649356417,0.811535974992135
"10170",25,"LOC111578971",0.000766816191516831,0.745769895256492,0.997363418139039
"10171",25,"c20h14orf180",0.00156397288057487,0.501627181283131,0.997363418139039
"10172",25,"kif26ab",0.00156203476131894,0.231618052906404,0.990065078286043
"10173",25,"aspg",-0.00337444291322931,0.106245307493591,0.912203428875534
"10174",25,"arf6b",0.000884569262525973,0.685664823794841,0.997363418139039
"10175",25,"ktn1",-0.00198545028427428,0.445499638304277,0.996463890020745
"10176",25,"tmem260",0.00243965201417173,0.406113543574286,0.996463890020745
"10177",25,"otx2b",0.00236588979780144,0.433162582262751,0.996463890020745
"10178",25,"LOC111584539",-0.000523902770579261,0.765404846288216,0.997363418139039
"10179",25,"slc35f4",0.000327860100136578,0.846999989429005,0.997363418139039
"10180",25,"cipca",0.000402712060307175,0.770831109006996,0.997363418139039
"10181",25,"zdhhc22",-0.000211148292325807,0.698640674782327,0.997363418139039
"10182",25,"tmem63c",0.00341567217685236,0.120787417062751,0.928608642701333
"10183",25,"coq6",0.0003011401895952,0.753452398974194,0.997363418139039
"10184",25,"aldh6a1",0.00115350147216789,0.14651315476039,0.965295556857902
"10185",25,"tmed8",-0.000778723755543554,0.111950547618279,0.921820201924075
"10186",25,"LOC111572680",-0.00157376615049381,0.157995516482478,0.976323521355191
"10187",25,"LOC111572688",0.00173308444890724,0.236595130430787,0.990065078286043
"10188",25,"eml5",0.00307638146759933,0.1950119796967,0.990065078286043
"10189",25,"LOC111574570",0.00102983795046349,0.548570834699492,0.997363418139039
"10190",25,"acyp1",-0.000397969059627267,0.818438161721055,0.997363418139039
"10191",25,"fosaa",-0.00319379779365022,0.0995362926618239,0.906207279368271
"10192",25,"flvcr2a",-0.00360990386141082,0.0498183490455335,0.84618751263396
"10193",25,"erg28",-0.00233156814490813,0.0782462414579958,0.871360915888879
"10194",25,"ttll5",-0.00108205147987492,0.224895099743332,0.990065078286043
"10195",25,"LOC111578305",-0.00198949587258431,0.16241741985292,0.982724119992008
"10196",25,"LOC111578304",-0.00202740762690817,0.256894187591376,0.990065078286043
"10197",25,"dlst",0.00104056997117145,0.654131826377016,0.997363418139039
"10198",25,"vash1",-0.00142087671749514,0.279839517686099,0.990065078286043
"10199",25,"arel1",-0.00181516981731049,0.371943006234735,0.990398034861638
"10200",25,"pomt2",-0.00202106025249553,0.120518033663585,0.928059613436807
"10201",25,"LOC111588178",-0.00857073704620725,0.000407871015613588,0.713527408031474
"10202",25,"LOC111588168",-0.00310656571702167,0.227991193267969,0.990065078286043
"10203",25,"LOC111588183",-0.000316640206509449,0.71033716570332,0.997363418139039
"10204",25,"LOC111588179",-0.00027145425160927,0.911840264523637,0.998213961771008
"10205",25,"acp7",-0.00135548041716123,0.132570138683265,0.946926652021974
"10206",25,"LOC111587668",-0.000503308453631625,0.908297340801635,0.998213961771008
"10207",25,"LOC111562598",0.0022130277442945,0.261913991046869,0.990065078286043
"10208",25,"eif2ak4",-0.000386737860791292,0.763978903886146,0.997363418139039
"10209",25,"dnajc17",0.000768079842156386,0.706518523905103,0.997363418139039
"10210",25,"inf2",-0.00250341378032981,0.0458899434521623,0.838471810612285
"10211",25,"akt1",-0.00284622463793722,0.000785756569623818,0.713527408031474
"10212",25,"xgb",0.000169615500621994,0.843367266961137,0.997363418139039
"10213",25,"LOC118471670",0.000179201438948583,0.844830607086788,0.997363418139039
"10214",25,"ppp1r14d",0.00140455288668454,0.274991880495249,0.990065078286043
"10215",25,"zfyve19",-0.000897079737525737,0.571931925539915,0.997363418139039
"10216",25,"LOC111578066",-0.00617941188165754,0.00248757691659573,0.811535974992135
"10217",25,"LOC111578140",0.00354630112140475,0.164882378272374,0.983634964087825
"10218",25,"mthfd1b",0.00201945858096924,0.223631235475667,0.990065078286043
"10219",25,"c20h14orf28",-0.000145293616937638,0.743792013159125,0.997363418139039
"10220",25,"LOC111578089",0.00217238796316186,0.356707759433346,0.990065078286043
"10221",25,"ccdc28b",0.000121461502003313,0.922617957950912,0.998213961771008
"10222",25,"tmem39b",-0.00030562193842339,0.539496227417514,0.997363418139039
"10223",25,"khdrbs1a",0.00161916810635006,0.771154444536764,0.997363418139039
"10224",25,"zbtb8os",2.49579360419341e-06,0.997745349204277,0.999223513981536
"10225",25,"LOC111577897",0.000991873928028254,0.469394134245639,0.997363418139039
"10226",25,"LOC111577920",-0.00139349253012217,0.151945437373069,0.970457061385761
"10227",25,"LOC111577966",0.00066781319495015,0.255410657508151,0.990065078286043
"10228",25,"LOC111562649",-0.000632986802930318,0.830516961955804,0.997363418139039
"10229",25,"LOC111562640",0.00341262811474923,0.00662440735897985,0.811535974992135
"10230",25,"LOC111562638",-0.0009505657099162,0.159054178072825,0.978511673467358
"10231",25,"LOC111562637",0.00671864266893957,0.383103147062084,0.995245543985489
"10232",25,"LOC111569658",0.00401144762159078,0.0106375694025494,0.811535974992135
"10233",25,"dlgap2a",-0.0028227295822715,0.598434512974473,0.997363418139039
"10234",25,"zgc:193593",0.00120597526654916,0.411779255678673,0.996463890020745
"10235",25,"col12a1a",-0.000457124466748856,0.837869056875234,0.997363418139039
"10236",25,"tmem30aa",0.00213285592522326,0.157692735095062,0.976323521355191
"10237",25,"tfb1m",-0.00183988081065577,0.253062951570784,0.990065078286043
"10238",25,"LOC111569654",-0.00180030940531462,0.271791517179787,0.990065078286043
"10239",25,"tiam2a",-0.00105195680872639,0.74154993959303,0.997363418139039
"10240",25,"scaf8",-0.000831761816739828,0.788810698202231,0.997363418139039
"10241",25,"qpct",-0.00347882726054729,0.0480034117085205,0.84618751263396
"10242",25,"kiz",-0.000412170813370118,0.878065304602553,0.997890690913835
"10243",25,"ralgapa2",0.00198925783415998,0.556446411790458,0.997363418139039
"10244",25,"gale",3.91041743905576e-05,0.951076082156758,0.998607408853002
"10245",25,"hmgcl",-0.000106339245312825,0.892886429296019,0.998213961771008
"10246",25,"ppie",0.000550265872701888,0.508078071077478,0.997363418139039
"10247",25,"LOC111578469",0.00142459741180854,0.262137831265133,0.990065078286043
"10248",25,"srrm1",0.00231513041279281,0.166217115587864,0.983634964087825
"10249",25,"clic4",-0.000273002626542982,0.777349759129618,0.997363418139039
"10250",25,"syf2",0.00186029948277557,0.0852693875386949,0.881894831100821
"10251",25,"rsrp1",0.000532799595647588,0.766317480484035,0.997363418139039
"10252",25,"mgst3b",-0.000586429635079598,0.847625153788465,0.997363418139039
"10253",25,"tmem50a",-0.0043647953583169,0.222239375378756,0.990065078286043
"10254",25,"maco1b",0.00104479877781677,0.638956575160917,0.997363418139039
"10255",25,"ldlrap1b",-0.000633558280815252,0.812629076025591,0.997363418139039
"10256",25,"LOC129347780",-0.00010909879903749,0.884501962821422,0.998213961771008
"10257",25,"fndc5a",-0.000187349466473228,0.977987898023562,0.999223513981536
"10258",25,"LOC129347787",-0.0026797534160482,0.0369731462115292,0.821523944916278
"10259",25,"bsdc1",0.00287512036358332,0.223942500886681,0.990065078286043
"10260",25,"marcksl1a",-0.0087552732600547,0.232995831102483,0.990065078286043
"10261",25,"LOC111581701",0.000536065614036881,0.900165188457394,0.998213961771008
"10262",25,"LOC111581699",-0.00395318453784515,0.0705371964045961,0.869550081520816
"10263",25,"syt14a",0.00032272414195752,0.909124606351674,0.998213961771008
"10264",25,"sertad4",-0.000662131899191321,0.339838638334539,0.990065078286043
"10265",25,"gnmt",-0.000298330810932767,0.752332775973422,0.997363418139039
"10266",25,"LOC111562578",0.000372672373443319,0.731713060360721,0.997363418139039
"10267",25,"tpo",-0.000185119909927644,0.810161579375495,0.997363418139039
"10268",25,"sntg2",-0.000189690233146738,0.983547468645044,0.999223513981536
"10269",25,"kiaa1109",-0.00528051257246738,0.0707440104641156,0.869550081520816
"10270",25,"c9orf72",0.000740595402469453,0.711310437082309,0.997363418139039
"10271",25,"lingo2b",0.00271188247564357,0.659197859166353,0.997363418139039
"10272",25,"metap1",-0.0012547201090955,0.46043516049423,0.997363418139039
"10273",25,"sptlc2a",-0.00043775558691451,0.78516091205878,0.997363418139039
"10274",25,"LOC129347723",-0.00209128035176681,0.332610900871994,0.990065078286043
"10275",25,"LOC111564080",0.00323735783627247,0.292957210486014,0.990065078286043
"10276",25,"LOC118469829",0.00144419317466177,0.113853846554862,0.921820201924075
"10277",25,"LOC118471422",-0.0011780749936468,0.219768685286178,0.990065078286043
"10278",25,"galcb",-0.000814276954419963,0.368669654730879,0.990313911305458
"10279",25,"ak7b",-0.000347360969385743,0.468006784653568,0.997363418139039
"10280",25,"vrk1",-0.000426346998928172,0.736050100181685,0.997363418139039
"10281",25,"bcl11ba",0.00210499369644316,0.685156048423396,0.997363418139039
"10282",25,"setd3",-0.00131681991964394,0.520537617811949,0.997363418139039
"10283",25,"dio2",0.000280624013088968,0.755397503560393,0.997363418139039
"10284",25,"nrxn3a",0.00230560201747935,0.579321276898785,0.997363418139039
"10285",25,"adck1",-0.00158882836373816,0.616804158896843,0.997363418139039
"10286",25,"LOC111583565",0.000594415450634338,0.281084264727099,0.990065078286043
"10287",25,"slirp",-0.000753660691877879,0.724129931698085,0.997363418139039
"10288",25,"syne1b",-0.00397800709137595,0.354396426524556,0.990065078286043
"10289",25,"akap12a",-0.00200868360640775,0.486614419434001,0.997363418139039
"10290",25,"fbxo30a",-0.00104310438276073,0.152250435505444,0.970457061385761
"10291",25,"shprh",-0.00115294797461804,0.0821977955160927,0.877876627611259
"10292",25,"grm1b",-0.00172036383026968,0.413978227587889,0.996463890020745
"10293",25,"stxbp5b",-0.00133030570541521,0.622881695788099,0.997363418139039
"10294",25,"zbtb24",0.00143703677088615,0.228431250027926,0.990065078286043
"10295",25,"LOC129347779",0.00191505323109505,0.57510580916384,0.997363418139039
"10296",25,"foxo3a",-0.00167178465437882,0.714973227423924,0.997363418139039
"10297",25,"afg1la",-0.000607577955588357,0.485181143243424,0.997363418139039
"10298",25,"scml4",0.000830380839113737,0.696393408445228,0.997363418139039
"10299",25,"vsnl1b",-0.00578020436195133,0.375465560473217,0.991163825330808
"10300",25,"LOC111578615",-0.00130968328304561,0.489214501640739,0.997363418139039
"10301",25,"fuca2",0.00109531628998443,0.437859043159173,0.996463890020745
"10302",25,"hivep2b",-0.00202231232156001,0.471814170323656,0.997363418139039
"10303",25,"dusp23b",-0.00119536412063329,0.181015246157487,0.990065078286043
"10304",25,"gng2",0.00281952694374859,0.476153472357844,0.997363418139039
"10305",25,"LOC111584723",0.000775748210807998,0.589200341981301,0.997363418139039
"10306",25,"tmx1",0.00147408427964132,0.359241137275276,0.990065078286043
"10307",25,"LOC111584722",-0.00364027688522074,0.608914264652664,0.997363418139039
"10308",25,"LOC118469141",-0.000576245184888161,0.679934679653535,0.997363418139039
"10309",25,"pygl",0.00012215108160535,0.847145340139059,0.997363418139039
"10310",25,"atl1",-0.00658964326821309,0.168234275548991,0.986100110653345
"10311",25,"map4k5",0.000424533407151348,0.438350396501734,0.996463890020745
"10312",25,"cdkl1",-0.00015653317016861,0.903047692508963,0.998213961771008
"10313",25,"sos2",-3.70812599218015e-06,0.998956536608357,0.999223513981536
"10314",25,"cnih1",-0.00179738562892566,0.50701721850617,0.997363418139039
"10315",25,"gmfb",0.00312072162426941,0.0700902390373031,0.869550081520816
"10316",25,"lgals3a",0.000149068690565335,0.91903466909533,0.998213961771008
"10317",25,"LOC111579402",-0.000677265174402642,0.695465445371267,0.997363418139039
"10318",25,"srsf5a",0.00129138556199909,0.643278828632147,0.997363418139039
"10319",25,"pacs2",-0.00134743556725907,0.768557228531811,0.997363418139039
"10320",25,"dcaf5",-0.000236986809996939,0.954886296940116,0.998607408853002
"10321",25,"actn1",-0.00223854252602751,0.473842321806736,0.997363418139039
"10322",25,"slc8a3",0.00134459744910445,0.832776854559969,0.997363418139039
"10323",25,"map3k9",-0.00167441237875126,0.653906634011218,0.997363418139039
"10324",25,"LOC111579393",-0.00178766344530453,0.171807719769612,0.989728643862784
"10325",25,"med6",0.000468589479475535,0.57942867764144,0.997363418139039
"10326",25,"pcnx1",-0.000211720642183213,0.920759619845956,0.998213961771008
"10327",25,"lgmn",0.00217932744223679,0.491317291839826,0.997363418139039
"10328",25,"chp1",-0.000989168677460365,0.23890018214149,0.990065078286043
"10329",25,"rtf1",-0.00402890951990791,0.253326160658575,0.990065078286043
"10330",25,"golga5",-0.000117715803046806,0.903251685088764,0.998213961771008
"10331",25,"trip11",-0.00192609284714643,0.374826445305209,0.991163825330808
"10332",25,"si:ch211-10a23.2",4.04602922548893e-05,0.96262357796636,0.998789723674583
"10333",25,"zfyve26",-0.00247884662715171,0.0787932018320475,0.871360915888879
"10334",25,"rdh12",-0.00274810120722389,0.101788200004122,0.912203428875534
"10335",25,"vti1b",0.000217109942096808,0.820007305585132,0.997363418139039
"10336",25,"arg2",-0.000729734511795823,0.453824153877742,0.997363418139039
"10337",25,"rbm25a",-0.00108488224212098,0.800639523283587,0.997363418139039
"10338",25,"slc39a9",0.00199489087101039,0.412737350864977,0.996463890020745
"10339",25,"ccdc177",-0.0015219822390028,0.603539738249569,0.997363418139039
"10340",25,"smoc1",0.00177243248966787,0.189358134971048,0.990065078286043
"10341",25,"psen1",0.000171876219953216,0.924492361121133,0.998213961771008
"10342",25,"si:ch211-168d23.3",-0.000136794785919481,0.917605281634428,0.998213961771008
"10343",25,"exd2",0.000993874211492304,0.386766097607266,0.99604104921104
"10344",25,"numb",-0.00156652925488792,0.544344159081259,0.997363418139039
"10345",25,"galnt16",0.00201841612451309,0.622158976509925,0.997363418139039
"10346",25,"vps39",-0.000278334746952274,0.925480032580149,0.998213961771008
"10347",25,"LOC111573547",0.00231419445751752,0.416282915973775,0.996463890020745
"10348",25,"LOC129347783",4.34218459791081e-05,0.9786531845177,0.999223513981536
"10349",25,"znf106a",-0.000505964697397667,0.859784972632814,0.997363418139039
"10350",25,"wdr32",-0.000841387860585112,0.694275489367888,0.997363418139039
"10351",25,"zmp:0000000662",-0.000664532384614751,0.615920960131147,0.997363418139039
"10352",25,"ube2d3",-0.00121423378766566,0.563338436615444,0.997363418139039
"10353",25,"manba",-0.00174840069622895,0.523247442701603,0.997363418139039
"10354",25,"si:dkey-33c12.3",-0.00271070370762574,0.681435550812895,0.997363418139039
"10355",25,"mrps26",0.000328709329403999,0.70457478948665,0.997363418139039
"10356",25,"pank2",-0.00345889021343741,0.292048609869109,0.990065078286043
"10357",25,"LOC111583333",9.43711367378634e-05,0.871740529259604,0.997363418139039
"10358",25,"rab11fip5a",0.000738239580903998,0.82756404163148,0.997363418139039
"10359",25,"sfxn5a",0.000750122623215216,0.677771712213204,0.997363418139039
"10360",25,"gfra4a",-0.0107205053870253,0.188242242853182,0.990065078286043
"10361",25,"atrn",0.00499839360388462,0.306862020547346,0.990065078286043
"10362",25,"eif2ak3",-0.00126583210550827,0.845327150450469,0.997363418139039
"10363",25,"rpia",-0.00197954467588393,0.257967436869218,0.990065078286043
"10364",25,"slc4a11",-0.00735081164964971,0.211052837468929,0.990065078286043
"10365",25,"dnaaf9",0.00173934938105402,0.442421701351219,0.996463890020745
"10366",25,"fgfr3",-0.000491856732373746,0.956217798459348,0.998607408853002
"10367",25,"letm1",0.00153388903377835,0.666130294447578,0.997363418139039
"10368",25,"nsd2",-0.00101523946833966,0.456034691458065,0.997363418139039
"10369",25,"jade1",-0.00127482065834992,0.449357715274595,0.996463890020745
"10370",25,"asmt2",-0.00134008721079383,0.171235568025715,0.989728643862784
"10371",25,"pgrmc2",0.00305698662699124,0.169066136888925,0.988463350920738
"10372",25,"larp1b",-0.00124032642892971,0.430355302254069,0.996463890020745
"10373",25,"cdca4",0.00226899991130263,0.692544435965607,0.997363418139039
"10374",25,"LOC111569332",0.00259320590285396,0.336649577609228,0.990065078286043
"10375",25,"LOC111586777",-0.000824520615029845,0.436337827463322,0.996463890020745
"10376",25,"vps29",-0.00302824074461695,0.0898321867043298,0.8851054221017
"10377",25,"eif5",0.00226772764916197,0.524045326922253,0.997363418139039
"10378",25,"mark3a",-0.00855056904581056,0.211810476218309,0.990065078286043
"10379",25,"ckba",0.00393945868689454,0.113685315779184,0.921820201924075
"10380",25,"trmt61a",-0.00270563386145546,0.182626371707264,0.990065078286043
"10381",25,"bag5",-0.00414516768904149,0.147333930464832,0.965295556857902
"10382",25,"LOC111584787",0.000299648700885918,0.870627537835319,0.997363418139039
"10383",25,"klc1a",-0.00228757307346557,0.55025324618722,0.997363418139039
"10384",25,"zfyve21",0.00324043147689848,0.266338190314544,0.990065078286043
"10385",25,"LOC111569174",0.00495117464381362,0.0869843206009357,0.883942320931013
"10386",25,"LOC111569169",-0.000499554307018198,0.776850396636156,0.997363418139039
"10387",25,"LOC118469217",0.0019398211399255,0.342887429437848,0.990065078286043
"10388",25,"LOC111584144",-0.000170113338258331,0.920039773395407,0.998213961771008
"10389",25,"esr2b",-0.00109357564315615,0.538566458685933,0.997363418139039
"10390",25,"syne2b",0.000229010332295972,0.862438329679413,0.997363418139039
"10391",25,"kcnh5b",-0.00249203170095749,0.503672828177497,0.997363418139039
"10392",25,"ppp2r5eb",0.00206443742023,0.694673080132118,0.997363418139039
"10393",25,"sgpp1b",-0.00160252172032008,0.254566201688281,0.990065078286043
"10394",25,"LOC129347769",-0.00109097098490718,0.0201006319098324,0.811535974992135
"10395",25,"syt16",-0.00338207201813126,0.323535958712975,0.990065078286043
"10396",25,"LOC111585866",-0.00124330132580039,0.35644725891012,0.990065078286043
"10397",25,"LOC129347759",-0.00090077636709539,0.224770217870517,0.990065078286043
"10398",25,"LOC111585868",-0.000730069335327018,0.456636392797451,0.997363418139039
"10399",25,"LOC111585863",0.000984032820295266,0.469197936512776,0.997363418139039
"10400",25,"LOC111585864",0.000134571448200365,0.934692370116219,0.998473093462431
"10401",25,"traf3",0.00137208995884818,0.477128654880126,0.997363418139039
"10402",25,"rcor1",-0.000211859575980088,0.861439095383762,0.997363418139039
"10403",25,"tecpr2",0.00216502029223274,0.288545380350516,0.990065078286043
"10404",25,"cinp",-0.000428765523891468,0.75089774946433,0.997363418139039
"10405",25,"im:7136021",-0.000244746607912043,0.796576937385842,0.997363418139039
"10406",25,"dkc1",-0.0005602873307432,0.663581505139025,0.997363418139039
"10407",25,"sstr1a",-0.000903510542552685,0.561092566448588,0.997363418139039
"10408",25,"LOC129347792",-0.000398138588108805,0.844036406409517,0.997363418139039
"10409",25,"sec23a",0.0013147250854599,0.532090118374831,0.997363418139039
"10410",25,"srp54",0.00240425272401131,0.282113047862838,0.990065078286043
"10411",25,"lrrc57",-0.000744497754917714,0.41395754154407,0.996463890020745
"10412",25,"mgaa",-0.000460210446404365,0.817664075094632,0.997363418139039
"10413",25,"mapkbp1",-0.000564061183893672,0.746859377931923,0.997363418139039
"10414",25,"LOC111571114",0.00153349438200922,0.0254838571285048,0.811535974992135
"10415",25,"atg14",0.0023238852441545,0.0811257839973902,0.876927364271359
"10416",25,"fbxo34",-0.0031408674210061,0.166444487427424,0.983837589219807
"10417",25,"dact1",-0.00181763601212927,0.366025238312233,0.990065078286043
"10418",25,"kiaa0586",0.000924854985573142,0.766752498853811,0.997363418139039
"10419",25,"irf2bpl",0.000348423554102893,0.949218185278543,0.998607408853002
"10420",25,"timm9",-0.00111629184461236,0.550354863136966,0.997363418139039
"10421",25,"arid4a",-0.00076732737503751,0.743961140072788,0.997363418139039
"10422",25,"psma3",-0.00200649934699124,0.263812175227429,0.990065078286043
"10423",25,"snx6",0.00746501675258538,0.250230705317297,0.990065078286043
"10424",25,"cfl2",-0.00277239548596227,0.266763777783747,0.990065078286043
"10425",25,"zgc:109986",-0.000601473401341285,0.626319913489951,0.997363418139039
"10426",25,"LOC111568660",-0.0068895052504848,0.0376638618911835,0.821523944916278
"10427",25,"mdga2a",-0.0130882420584846,0.0287858287201168,0.814336317015072
"10428",25,"LOC129347720",-0.000622786586141759,0.688009885431843,0.997363418139039
"10429",25,"heatr5a",0.00437035422220276,0.0653541956503472,0.869097537705332
"10430",25,"hectd1",-0.00277476303136419,0.362571637950491,0.990065078286043
"10431",25,"ap4s1",0.000437123431763111,0.638930792972399,0.997363418139039
"10432",25,"strn3",-0.0037906325629131,0.405011984408242,0.996463890020745
"10433",25,"LOC111581399",-0.000325255399019671,0.674849926992518,0.997363418139039
"10434",25,"scfd1",-0.00169093598452783,0.471588673821662,0.997363418139039
"10435",25,"LOC129347757",-0.00197875738167516,0.457415839088665,0.997363418139039
"10436",25,"egln3",0.000474889652552756,0.771471764319065,0.997363418139039
"10437",25,"sptssa",-0.000286515480392722,0.755211248793129,0.997363418139039
"10438",25,"eapp",0.00208991299895403,0.014293519147145,0.811535974992135
"10439",25,"LOC129347750",-0.000919942246364175,0.169755310668215,0.988760019020403
"10440",25,"akap6",-0.002366329359788,0.565536510795851,0.997363418139039
"10441",25,"LOC111587344",-0.00265786807947269,0.658689266846527,0.997363418139039
"10442",25,"eps8a",0.00142532914487506,0.352842103031356,0.990065078286043
"10443",25,"dusp16",-0.000208830506287485,0.920042668806054,0.998213961771008
"10444",25,"gpr19",-0.00207679760809732,0.193042481118762,0.990065078286043
"10445",25,"crebl2",0.00126182178466247,0.232477279088393,0.990065078286043
"10446",25,"tbk1",-0.000196277684555122,0.929017888911331,0.998213961771008
"10447",25,"lrp6",0.0051248112380752,0.0231673283304473,0.811535974992135
"10448",25,"rpl18a",-0.00248983502210058,0.363859835449151,0.990065078286043
"10449",25,"xpot",0.000485733346375504,0.749786216895997,0.997363418139039
"10450",25,"rtcb",-0.000646188162341364,0.624797377708196,0.997363418139039
"10451",25,"kiaa0930",0.000726439063082598,0.702014586796109,0.997363418139039
"10452",25,"LOC129347933",0.000992074563450053,0.207128301370696,0.990065078286043
"10453",25,"nup50",0.00244983901423144,0.163326811512417,0.982724119992008
"10454",25,"phf21b",0.00120460890850176,0.616655603200674,0.997363418139039
"10455",25,"LOC111571019",-0.00440412259378541,0.0274648964004907,0.811535974992135
"10456",25,"kcna1b",0.00164994273591938,0.534631216642933,0.997363418139039
"10457",25,"LOC111571319",-0.00260671302017895,0.24365745600717,0.990065078286043
"10458",25,"gcc1",0.00044622583040078,0.659801588825435,0.997363418139039
"10459",25,"LOC111570863",0.000808717781221994,0.679860818464601,0.997363418139039
"10460",25,"atp6v1f",0.0030525424952843,0.323023530250739,0.990065078286043
"10461",25,"mical3b",0.000684536725549467,0.429345649449291,0.996463890020745
"10462",25,"si:dkeyp-27e10.3",-0.00144387988332563,0.753163648502998,0.997363418139039
"10463",25,"ovch1",0.00121204264255532,0.488558704851363,0.997363418139039
"10464",25,"ing3",0.000603770940123428,0.688172139957857,0.997363418139039
"10465",25,"LOC129347895",-0.00228608101133469,0.232508306400052,0.990065078286043
"10466",25,"tspan12",0.000172273690439105,0.934199027214496,0.99845942565307
"10467",25,"LOC111562829",0.00138423282951909,0.797226449752565,0.997363418139039
"10468",25,"LOC111586897",-0.00207453923828539,0.74065876834353,0.997363418139039
"10469",25,"LOC111585313",-0.000819893424471074,0.777921297487709,0.997363418139039
"10470",25,"socs2",0.00189736104202415,0.0372445263064958,0.821523944916278
"10471",25,"cradd",0.00147388684085191,0.0985134063843067,0.905020048534428
"10472",25,"ptpro",-0.00419719945425546,0.363727061731474,0.990065078286043
"10473",25,"dennd6b",-0.0020808090225694,0.293840668727262,0.990065078286043
"10474",25,"drd4-rs",-0.00152328663973846,0.684278175624883,0.997363418139039
"10475",25,"tnpo3",0.00176887408033744,0.141027412071505,0.961176492579385
"10476",25,"calua",-0.00117076591056289,0.533178158559406,0.997363418139039
"10477",25,"LOC111586090",-0.00115852918776598,0.53876468250137,0.997363418139039
"10478",25,"LOC111586091",0.00112790479435644,0.670830532602755,0.997363418139039
"10479",25,"LOC111563456",-0.000618854118518933,0.684636558037894,0.997363418139039
"10480",25,"ptprb",0.0021085720016276,0.378040923379067,0.99146608947112
"10481",25,"ptprr",0.000352149370290882,0.94957045159158,0.998607408853002
"10482",25,"rab21",-0.00677751689146134,0.00244399354526359,0.811535974992135
"10483",25,"LOC111571220",0.000980386210594844,0.281119135129942,0.990065078286043
"10484",25,"cct2",0.00166155175216627,0.350899962190417,0.990065078286043
"10485",25,"dyrk2",0.00120747214648714,0.611542152681306,0.997363418139039
"10486",25,"LOC129347863",0.00093048723773016,0.218840872707609,0.990065078286043
"10487",25,"il22",0.00203472973032552,0.29100314061685,0.990065078286043
"10488",25,"mdm1",0.000178748929998115,0.850973725067147,0.997363418139039
"10489",25,"LOC111586839",0.000686251476058,0.366504395773825,0.990065078286043
"10490",25,"cand1",0.00148698850982782,0.532995415528154,0.997363418139039
"10491",25,"LOC129347920",-0.000219636831404173,0.78828192163822,0.997363418139039
"10492",25,"grip1",-0.00590561180649266,0.0841784820955382,0.880183331388688
"10493",25,"LOC118470263",-0.00237699450602618,0.332504482327744,0.990065078286043
"10494",25,"LOC111568283",-0.000949188546646011,0.564385035288374,0.997363418139039
"10495",25,"LOC129347931",-0.0009016561144352,0.383022703055414,0.995245543985489
"10496",25,"rassf3",0.00132827890385696,0.689280131371833,0.997363418139039
"10497",25,"LOC111585385",0.000589924646662952,0.865909618940232,0.997363418139039
"10498",25,"dgki",0.000201638177722077,0.965065591847759,0.999087898953152
"10499",25,"creb3l2",0.000350234910759648,0.633245224762614,0.997363418139039
"10500",25,"eri1",0.00162109414094831,0.290528185842254,0.990065078286043
"10501",25,"ndufa12",-0.00131099371782302,0.443150610067261,0.996463890020745
"10502",25,"vezt",-0.000301986488650888,0.950665545516833,0.998607408853002
"10503",25,"LOC111571104",0.000551009424567195,0.66177390991632,0.997363418139039
"10504",25,"ntn4",-0.00210444791623589,0.0847527561865244,0.880905211399702
"10505",25,"snrpf",-0.00109189020066325,0.434564568908397,0.996463890020745
"10506",25,"amdhd1",0.000404394932448487,0.778141736862338,0.997363418139039
"10507",25,"LOC111580671",0.00352294962768683,0.29197733592068,0.990065078286043
"10508",25,"klhl42",0.000267406629093483,0.836667250696072,0.997363418139039
"10509",25,"nrip2",-0.00340273790319124,0.442660246434704,0.996463890020745
"10510",25,"itfg2",0.0022291702679785,0.342953596459553,0.990065078286043
"10511",25,"nup37",0.00186447794901163,0.251076075209073,0.990065078286043
"10512",25,"LOC111568766",-0.000766386125308042,0.435078314704158,0.996463890020745
"10513",25,"LOC111568769",-0.00041202149385511,0.543535585579707,0.997363418139039
"10514",25,"LOC111568768",-0.000113229605380326,0.969547217853743,0.999223513981536
"10515",25,"LOC111585036",-0.00935643118950187,0.10893727487893,0.919888791091393
"10516",25,"syt10",-0.00273429279399084,0.637164321142688,0.997363418139039
"10517",25,"LOC111588309",-0.000473708551335389,0.509915090020113,0.997363418139039
"10518",25,"LOC111570884",-0.000548630963962858,0.76543809740531,0.997363418139039
"10519",25,"syt1a",-0.00302996168261036,0.172082430668556,0.989728643862784
"10520",25,"LOC129347921",6.69175531745064e-05,0.960106931508522,0.998607408853002
"10521",25,"ppp1r12a",-0.0037981257372773,0.359216598660695,0.990065078286043
"10522",25,"rps16",0.000441322545739745,0.927425702942888,0.998213961771008
"10523",25,"lin7a",-0.00628770917043767,0.080723616419636,0.876927364271359
"10524",25,"ppfia2",0.00270934855866301,0.584847414492884,0.997363418139039
"10525",25,"tulp3",-0.000249468255631292,0.900998127012495,0.998213961771008
"10526",25,"ptn",0.00168260429312016,0.41579047740533,0.996463890020745
"10527",25,"chrm2a",-0.001260141681836,0.853643740707977,0.997363418139039
"10528",25,"mtpn",-0.00250172447074038,0.14239324017279,0.961176492579385
"10529",25,"sema3c",-0.00219095135123582,0.387138333921866,0.99604104921104
"10530",25,"cd36",1.78568866275658e-05,0.988319215552127,0.999223513981536
"10531",25,"gnai1",0.00185630870219613,0.353563651219952,0.990065078286043
"10532",25,"magi2a",0.00487849232216225,0.482557842113466,0.997363418139039
"10533",25,"si:dkey-97m3.1",-0.00164842733668741,0.626863332986763,0.997363418139039
"10534",25,"LOC111569069",0.00075213311938907,0.663517050474264,0.997363418139039
"10535",25,"kdm7aa",-0.000427708775297502,0.847966539580275,0.997363418139039
"10536",25,"ndufb2",0.00461369958220427,0.00722042950968558,0.811535974992135
"10537",25,"kmt2e",0.000538745734473354,0.746418398653709,0.997363418139039
"10538",25,"lhfpl3",0.00102196945059937,0.746818950933544,0.997363418139039
"10539",25,"LOC118470341",0.00233015950213113,0.0176778533160901,0.811535974992135
"10540",25,"golgb1",0.000953096781701958,0.789817800931572,0.997363418139039
"10541",25,"llph",0.000905270933999332,0.296456074349282,0.990065078286043
"10542",25,"pex26",0.000124076315279505,0.879875123653728,0.998213961771008
"10543",25,"tigarb",-0.00126777168861944,0.260903549964238,0.990065078286043
"10544",25,"LOC111584042",0.000417680135822599,0.598824097842494,0.997363418139039
"10545",25,"ada2b",-0.000207081390423377,0.89715248576484,0.998213961771008
"10546",25,"atp6v1e1b",-0.00768843132796544,0.0800131497521003,0.871360915888879
"10547",25,"mrpl42",0.00150967291861195,0.220393810793749,0.990065078286043
"10548",25,"pwp1",-8.45119889606332e-05,0.906205457961621,0.998213961771008
"10549",25,"LOC111581865",-0.000684751878565225,0.666921722831274,0.997363418139039
"10550",25,"LOC111581860",0.00266531709307796,0.103400164702816,0.912203428875534
"10551",25,"LOC111581859",0.00279696997360482,0.200891115824442,0.990065078286043
"10552",25,"si:dkey-14d8.1",-0.000302190034067808,0.751161054026742,0.997363418139039
"10553",25,"asb15b",-0.000211858930879196,0.812268129995098,0.997363418139039
"10554",25,"waslb",-0.00262823013828882,0.388836139335361,0.99604104921104
"10555",25,"tmem229a",-0.00174059406666537,0.257444446485517,0.990065078286043
"10556",25,"gpr37b",-0.00356097295850655,0.163575928031238,0.982864542353922
"10557",25,"grm8a",0.000199776324510487,0.938759821599264,0.998607408853002
"10558",25,"znf800b",0.00346923234057716,0.312309423224343,0.990065078286043
"10559",25,"atxn7l1",0.000262620325135278,0.917885766804077,0.998213961771008
"10560",25,"fgl2a",6.44721120300367e-05,0.979553996617601,0.999223513981536
"10561",25,"nampt1",0.00131057928708402,0.700042801473625,0.997363418139039
"10562",25,"LOC111579804",-0.00126373591578771,0.760642708551604,0.997363418139039
"10563",25,"pus7l",0.00105458455498088,0.259687351417751,0.990065078286043
"10564",25,"prickle1b",-0.00109381792462472,0.315705569993219,0.990065078286043
"10565",25,"pphln1",-0.000915439722818331,0.656518609602048,0.997363418139039
"10566",25,"zcrb1",-0.00118806345838986,0.365688459965924,0.990065078286043
"10567",25,"yaf2",0.00390928756553087,0.141556578241555,0.961176492579385
"10568",25,"gxylt1b",0.000546851030918521,0.709628104814229,0.997363418139039
"10569",25,"LOC129347860",0.0010795248889473,0.279633087731125,0.990065078286043
"10570",25,"pdzrn4",0.000455943974269214,0.741959752128382,0.997363418139039
"10571",25,"cntn1b",0.00377654562150828,0.376704838954821,0.991163825330808
"10572",25,"nrcama",0.00233899304239933,0.621973105486224,0.997363418139039
"10573",25,"pnpla8",0.000447118952229805,0.856446180871099,0.997363418139039
"10574",25,"LOC111563677",-0.000100769758718896,0.884763333294509,0.998213961771008
"10575",25,"LOC111563385",0.00183192682617989,0.205415549221616,0.990065078286043
"10576",25,"foxp2",-0.00643782037914604,0.542652633425096,0.997363418139039
"10577",25,"ppp1r3aa",-0.0012198094056716,0.541614059985148,0.997363418139039
"10578",25,"LOC111563614",-0.000804800910815467,0.442791462015638,0.996463890020745
"10579",25,"gpr85",0.00508183952557796,0.224773545685905,0.990065078286043
"10580",25,"ifrd1",-0.00058829734999413,0.75129018648935,0.997363418139039
"10581",25,"dock4b",0.00573268230618075,0.0685408032893767,0.869550081520816
"10582",25,"LOC111563662",0.00391805258376002,0.147167691220933,0.965295556857902
"10583",25,"LOC111566670",-0.00133151311807339,0.668263742628881,0.997363418139039
"10584",25,"stmp1",-0.00047801343847857,0.639230939857848,0.997363418139039
"10585",25,"LOC111566668",-0.000654187901991444,0.399386822243497,0.996463890020745
"10586",25,"dhx57",0.000526122847325589,0.667305917897599,0.997363418139039
"10587",25,"strip2",-0.000281965689508788,0.960482630941754,0.998607408853002
"10588",25,"ahcyl2b",-0.00561669704172247,0.130703230183154,0.944651905352208
"10589",25,"slc37a3",0.000304541787304792,0.898165333241188,0.998213961771008
"10590",25,"cdkn1ba",0.000252972948897154,0.668045403016069,0.997363418139039
"10591",25,"pparaa",-0.000861142203433564,0.326439679397791,0.990065078286043
"10592",25,"LOC129347902",0.000621952818618715,0.887602895126193,0.998213961771008
"10593",25,"atxn10",0.00146753227968399,0.321844569447378,0.990065078286043
"10594",25,"LOC111573190",-0.000881580825304709,0.410541837432826,0.996463890020745
"10595",25,"trim24",-0.00291963076985751,0.0482694502688454,0.84618751263396
"10596",25,"kdm5a",0.000271783431893679,0.835276154247814,0.997363418139039
"10597",25,"LOC111573181",0.00151114823259847,0.427249814192597,0.996463890020745
"10598",25,"LOC111565698",0.00597789889148997,0.0640783092196608,0.869097537705332
"10599",25,"pim3",-0.00146244550266026,0.599911046546551,0.997363418139039
"10600",25,"alg12",5.88226962185174e-05,0.960275442641704,0.998607408853002
"10601",25,"brd1a",-0.000396417961662877,0.915296315000181,0.998213961771008
"10602",25,"LOC111565695",-0.00150744889893579,0.862703813592616,0.997363418139039
"10603",25,"LOC129347913",0.000747557114642289,0.331015870196352,0.990065078286043
"10604",25,"tbc1d22a",-0.00451732675604733,0.290636160390744,0.990065078286043
"10605",25,"gramd4a",-0.00382366701497522,0.332813565181818,0.990065078286043
"10606",25,"trmu",-0.000358799853801333,0.778621882849729,0.997363418139039
"10607",25,"LOC111582993",0.000119776840089709,0.937511807235379,0.998607408853002
"10608",25,"arl1",-9.95458901451775e-05,0.955371161656524,0.998607408853002
"10609",25,"utp20",0.00266056573990091,0.234633178252806,0.990065078286043
"10610",25,"lyrm5a",0.00198122018027871,0.0236309292362423,0.811535974992135
"10611",25,"sox5",-0.00101907463016128,0.463956317415199,0.997363418139039
"10612",25,"etnk1",-0.00351454650625711,0.490997273337713,0.997363418139039
"10613",25,"pyroxd1",-0.00107932529300692,0.287004046586986,0.990065078286043
"10614",25,"LOC111570178",-0.00163278068557918,0.802945875838114,0.997363418139039
"10615",25,"LOC111570177",0.00203865782718118,0.269090010323776,0.990065078286043
"10616",25,"LOC111570176",0.000487102580106605,0.847341443158621,0.997363418139039
"10617",25,"LOC111589158",0.000538205011645506,0.845889013493927,0.997363418139039
"10618",25,"chpt1",-0.000139068483059965,0.930619358783091,0.998213961771008
"10619",25,"gnptab",0.00079346483670733,0.655767565277837,0.997363418139039
"10620",25,"washc3",0.000355222744289727,0.680074149520009,0.997363418139039
"10621",25,"ttll1",-0.00199928842042941,0.281474797104098,0.990065078286043
"10622",25,"pacsin2",-0.000142004699299335,0.864457654797357,0.997363418139039
"10623",25,"arfgap3",-0.000339790866081647,0.83410737308172,0.997363418139039
"10624",25,"ckap4",-0.000366871973435408,0.404911194985693,0.996463890020745
"10625",25,"bltp3b",0.00127032532486951,0.409541286463924,0.996463890020745
"10626",25,"anks1b",0.00132044265145568,0.846343512942219,0.997363418139039
"10627",25,"apaf1",-0.000297973375337175,0.907527306180183,0.998213961771008
"10628",25,"scyl2",-0.00307772470838745,0.0406934543567411,0.821523944916278
"10629",25,"btg1",-0.00430114517066595,0.395471156384883,0.996463890020745
"10630",25,"fam3c",0.00174051053067026,0.387082042219059,0.99604104921104
"10631",25,"LOC129347843",0.00342401635829065,0.106035871430926,0.912203428875534
"10632",25,"impdh1b",0.00165558562562885,0.643224868241819,0.997363418139039
"10633",25,"prrt4b",-0.000724177966213975,0.707971503599593,0.997363418139039
"10634",25,"LOC111578152",-0.000153255612821582,0.851056296083603,0.997363418139039
"10635",25,"LOC129347932",-0.00294359013773859,0.331360353190651,0.990065078286043
"10636",25,"snd1",-0.00188591098229871,0.735566079931117,0.997363418139039
"10637",25,"lrrc4.1",0.000884654007977723,0.856697400036151,0.997363418139039
"10638",25,"cacna2d1a",-0.00423773291831167,0.194906716086479,0.990065078286043
"10639",25,"pcloa",-0.00877830285891938,0.147923326765174,0.965295556857902
"10640",25,"sema3aa",-0.000935675701986662,0.325493628574666,0.990065078286043
"10641",25,"LOC111571506",-0.00253601367160195,0.0603117478332879,0.869097537705332
"10642",25,"ccdc59",-0.00037190618725602,0.730427658810452,0.997363418139039
"10643",25,"mettl25",-0.000641144333876188,0.645362178815214,0.997363418139039
"10644",25,"tmtc2a",0.000616947746650114,0.801234269282841,0.997363418139039
"10645",25,"iqsec3a",-0.010190675849323,0.0485049946711737,0.84618751263396
"10646",25,"st8sia1",-0.00620941590585258,0.128941394012807,0.941343943303149
"10647",25,"atp2b1a",-0.00372373494748462,0.487910792343442,0.997363418139039
"10648",25,"mest",-0.00346186742200162,0.0529366131580478,0.84618751263396
"10649",25,"copg2",-0.00143992560578668,0.276040177533657,0.990065078286043
"10650",25,"exoc4",-0.0011047002472978,0.82876821363951,0.997363418139039
"10651",25,"chchd3a",0.00370532055504847,0.28960809917596,0.990065078286043
"10652",25,"plxna4",0.00157248289086442,0.828789220140236,0.997363418139039
"10653",25,"nrf1",0.000492704021959871,0.745745402290134,0.997363418139039
"10654",25,"ube2h",-0.00132804806639566,0.624560825812353,0.997363418139039
"10655",25,"zc3hc1",-0.00212186749954234,0.0776899757606872,0.871360915888879
"10656",25,"klhdc10",0.00219013259383708,0.273333138144423,0.990065078286043
"10657",25,"cacna1c",0.0023958796366482,0.515516842663531,0.997363418139039
"10658",25,"cacna2d4a",-0.00183390340149726,0.289962241038008,0.990065078286043
"10659",25,"lrtm2a",-0.00112446627405919,0.769469307556745,0.997363418139039
"10660",25,"cpsf6",0.0018809738241724,0.568836575044966,0.997363418139039
"10661",25,"wnk1b",-0.00278557429388046,0.357086767936512,0.990065078286043
"10662",25,"LOC111575146",-0.00470308105060492,0.231884943928844,0.990065078286043
"10663",25,"wnt5b",-0.000989603776823806,0.475903632341817,0.997363418139039
"10664",25,"fbxl14b",-0.00127106384146497,0.344534080546877,0.990065078286043
"10665",25,"adipor2",-0.000211085651523806,0.918478819640276,0.998213961771008
"10666",25,"LOC111565830",0.00216549615400219,0.668369941682091,0.997363418139039
"10667",25,"LOC111565842",0.00227462915414133,0.394379088360756,0.996463890020745
"10668",25,"LOC111565837",-0.00556517500219484,0.130120804580508,0.944651905352208
"10669",25,"ptpn12",-0.000445255429233493,0.864287114812309,0.997363418139039
"10670",25,"LOC111565838",5.32728644258007e-06,0.996428062050527,0.999223513981536
"10671",25,"zgc:113263",-0.00110454423051782,0.432062382176806,0.996463890020745
"10672",25,"LOC118470016",-0.00122873350756445,0.797529395566332,0.997363418139039
"10673",25,"rassf8b",0.00136524798814008,0.14504573279185,0.964602715329076
"10674",25,"pkp2",-0.000196230141610007,0.7780664228507,0.997363418139039
"10675",25,"LOC111565840",-0.00103410959487148,0.762788459605454,0.997363418139039
"10676",25,"LOC111565827",0.00113157966708012,0.703205900883306,0.997363418139039
"10677",25,"LOC111565833",0.000633986447038675,0.725456083873688,0.997363418139039
"10678",25,"mapk11",0.00158580757536332,0.426137691933086,0.996463890020745
"10679",25,"rpap3",-0.000574590528285276,0.796416692300502,0.997363418139039
"10680",25,"atp23",0.000226540642010544,0.913427652650109,0.998213961771008
"10681",25,"LOC111565841",-0.000627066609618624,0.668030038377016,0.997363418139039
"10682",25,"dennd5b",-0.0014730516148242,0.452726396183094,0.997363418139039
"10683",25,"LOC111565832",-0.000757141699507979,0.541339849168062,0.997363418139039
"10684",25,"caprin2",-0.000509393587732207,0.787343115069172,0.997363418139039
"10685",25,"LOC111565839",-0.00294028283625825,0.279397052471912,0.990065078286043
"10686",25,"LOC129347898",-0.000294241737077512,0.830289511165902,0.997363418139039
"10687",25,"LOC111565822",0.000739773190852758,0.579510362136126,0.997363418139039
"10688",25,"tmtc1",0.00370339009426815,0.734822251218373,0.997363418139039
"10689",25,"ipo8",0.00343840454749121,0.197601062937659,0.990065078286043
"10690",25,"cog5",0.00230818970668889,0.365832916692752,0.990065078286043
"10691",25,"LOC111579261",-0.00183656643486397,0.222195655186649,0.990065078286043
"10692",25,"ndufa5",0.000805064286954882,0.671235278782807,0.997363418139039
"10693",25,"LOC111563581",0.00212863085213349,0.56496882612165,0.997363418139039
"10694",25,"LOC111582373",0.00102952664176616,0.572951481155967,0.997363418139039
"10695",25,"LOC111582374",-2.13247792178493e-05,0.99153782785917,0.999223513981536
"10696",25,"LOC118471687",-0.00244468244227742,0.742071514476251,0.997363418139039
"10697",25,"LOC118471686",0.000872988846161682,0.82520294285372,0.997363418139039
"10698",25,"LOC118469383",0.00127296153313146,0.360858904816513,0.990065078286043
"10699",25,"recql",0.000406125898554041,0.629010593872031,0.997363418139039
"10700",25,"golt1ba",0.000288086832651652,0.750584259162958,0.997363418139039
"10701",25,"ldhba",0.000604157604903723,0.879141250737763,0.998061924220638
"10702",25,"slc25a3a",-0.00231476380212442,0.64600446251536,0.997363418139039
"10703",25,"strap",0.00143829996038569,0.23641906104664,0.990065078286043
"10704",25,"LOC111573495",0.00267096141389937,0.550510787446054,0.997363418139039
"10705",25,"large1",0.000736101211204868,0.878716751052574,0.997890690913835
"10706",25,"braf",-0.00104720609048666,0.792451660297034,0.997363418139039
"10707",25,"mrps33",0.00111212802085686,0.335449403016456,0.990065078286043
"10708",25,"tmem178bb",0.00642365053337953,0.0632997719591602,0.869097537705332
"10709",25,"mkrn1",0.000645752829895442,0.723927779016399,0.997363418139039
"10710",25,"tmem121b",0.002147386205268,0.439453145829391,0.996463890020745
"10711",25,"lmo3",0.000109526427785316,0.919506490332992,0.998213961771008
"10712",25,"msrb3",-0.00108556700770792,0.695349131998555,0.997363418139039
"10713",25,"lemd3",0.00173656550199926,0.519225991260382,0.997363418139039
"10714",25,"tmbim4",-0.00114893799480508,0.776006343167034,0.997363418139039
"10715",25,"b2m",-0.00624093448681754,0.060697856934525,0.869097537705332
"10716",25,"cbll1",0.000359780171755752,0.816432970002854,0.997363418139039
"10717",25,"ppp6r2a",-0.00127594622732998,0.541462955135734,0.997363418139039
"10718",25,"sbf1",0.00138199559796549,0.722862195665914,0.997363418139039
"10719",25,"gdi2",0.000738454998125635,0.624132761594318,0.997363418139039
"10720",25,"LOC129347885",-0.00402163699582639,0.00677592477351093,0.811535974992135
"10721",25,"asb13a.1",0.00334295976068678,0.202789567225044,0.990065078286043
"10722",25,"asb13a.2",-0.00126466679633251,0.521744170886896,0.997363418139039
"10723",25,"LOC129347856",0.000557707778922477,0.40257745169764,0.996463890020745
"10724",25,"mkln1",0.00126093613381124,0.615980633852349,0.997363418139039
"10725",25,"nfyba",-0.000695200299317953,0.556323397317604,0.997363418139039
"10726",25,"chst11",-0.00347135510063254,0.655086003996712,0.997363418139039
"10727",25,"slc41a2b",-0.00110919368143085,0.658258697812034,0.997363418139039
"10728",25,"nopchap1",-0.000228617167945608,0.654669195458552,0.997363418139039
"10729",25,"aldh1l2",0.00239921686136236,0.0787415200191548,0.871360915888879
"10730",25,"samm50l",-0.00251179945019478,0.0427112012186583,0.825068516318458
"10731",25,"mpped1",-0.000411055981954553,0.758488481196813,0.997363418139039
"10732",25,"sult4a1",-0.00108207901500821,0.472082619947578,0.997363418139039
"10733",25,"pnpla3",-0.000792137401012424,0.430056167735998,0.996463890020745
"10734",25,"LOC111564073",-0.000926806116794174,0.802281185950208,0.997363418139039
"10735",25,"cep83",-0.00128211511134398,0.0177693239083829,0.811535974992135
"10736",25,"hcfc2",-0.000208014936341702,0.833682203967861,0.997363418139039
"10737",25,"cdk17",-0.000769963394070412,0.819307932612806,0.997363418139039
"10738",25,"phyh",0.0018130860850414,0.288237915731453,0.990065078286043
"10739",25,"LOC129347836",0.00018565084977134,0.947100481003567,0.998607408853002
"10740",25,"optn",-0.00193201154079215,0.140202990121937,0.957950432813885
"10741",25,"camk1da",-0.00224582348037071,0.662958212929063,0.997363418139039
"10742",25,"cdc123",-0.00103112228718131,0.59232590869967,0.997363418139039
"10743",25,"nudt5",-0.000457720075898949,0.395750870067609,0.996463890020745
"10744",25,"fbxo18",-0.000764742059719722,0.503121132839511,0.997363418139039
"10745",25,"LOC111579124",-0.00246253035813856,0.0235815724843966,0.811535974992135
"10746",25,"rbm17",0.00121576324447364,0.557386409348153,0.997363418139039
"10747",25,"LOC129347849",0.00105734236484343,0.209806110789265,0.990065078286043
"10748",25,"ano2b",-0.00114165255126467,0.28830568888477,0.990065078286043
"10749",25,"ptprz1b",0.000479657359761282,0.782647019484093,0.997363418139039
"10750",25,"LOC111578541",-0.000668012850442784,0.400436916750875,0.996463890020745
"10751",25,"zgc:162331",0.00191133054312794,0.0909026482892626,0.885692478831841
"10752",25,"med21",-3.0963959465862e-05,0.971385942847384,0.999223513981536
"10753",25,"fgfr1op2",0.000811476085243757,0.442578983535376,0.996463890020745
"10754",25,"tm7sf3",0.00105877771860927,0.242252326848483,0.990065078286043
"10755",25,"LOC111578540",0.00126325877316578,0.0276346449039326,0.811535974992135
"10756",25,"arid2",-0.000302104998922146,0.947984054333729,0.998607408853002
"10757",25,"scaf11",0.0024252790550342,0.261444559846984,0.990065078286043
"10758",25,"slc38a2",-0.00380855780378385,0.324734360782236,0.990065078286043
"10759",25,"LOC111580605",0.00589599500555124,0.241486114961761,0.990065078286043
"10760",25,"apex1",-0.00133857059971812,0.340151664890772,0.990065078286043
"10761",25,"osgep",-0.000842916922635982,0.672229709204198,0.997363418139039
"10762",25,"si:ch211-214j24.10",0.00050043738102478,0.506296756628241,0.997363418139039
"10763",25,"nav3",-0.00210605650408754,0.713319176939329,0.997363418139039
"10764",25,"csrp2",4.85704128665228e-05,0.977860950933937,0.999223513981536
"10765",25,"zdhhc17",-0.00581859378209632,0.13307756374872,0.946926652021974
"10766",25,"LOC111576900",-6.21912136729255e-05,0.982024474134413,0.999223513981536
"10767",25,"osbpl8",-0.000997344361905093,0.818823400311128,0.997363418139039
"10768",25,"nap1l1",-0.00584285944384417,0.314399886466033,0.990065078286043
"10769",25,"krr1",0.0024968828421732,0.0215077300492038,0.811535974992135
"10770",25,"glipr1a",-0.000645767002907958,0.300556130399511,0.990065078286043
"10771",25,"ccdc107",0.00158414949299278,0.242446880742515,0.990065078286043
"10772",25,"kcnc2",-0.00287109038914453,0.606619006130431,0.997363418139039
"10773",25,"pmpcb",-0.00254089968634193,0.0926458228839482,0.889897428108225
"10774",25,"dnajc2",-0.000291962689563992,0.84134944798596,0.997363418139039
"10775",25,"psmc2",-0.00117537889047143,0.461694231940412,0.997363418139039
"10776",25,"slc26a5",0.00513969222482259,0.0133559897440104,0.811535974992135
"10777",25,"LOC111571736",-0.000817389832166048,0.88025488816499,0.998213961771008
"10778",25,"dmtf1",-0.000135571944154049,0.906902551519131,0.998213961771008
"10779",25,"tmem243b",0.000301364440817223,0.866436311234556,0.997363418139039
"10780",25,"cwf19l1",0.000308729274462713,0.706306430336171,0.997363418139039
"10781",25,"c21h12orf56",-0.000272731543889372,0.743171001915273,0.997363418139039
"10782",25,"LOC111579129",0.00280957239271517,0.465222893870133,0.997363418139039
"10783",25,"kics2",-0.00121499637498566,0.2149653951137,0.990065078286043
"10784",25,"tmem19",-0.00353079114417421,0.478583984324885,0.997363418139039
"10785",25,"rab3ip",0.00654320822065679,0.014445620749176,0.811535974992135
"10786",25,"upf2",-0.00216214519896654,0.549772775118734,0.997363418139039
"10787",25,"nup107",-0.00138568711552296,0.327333752441778,0.990065078286043
"10788",25,"mdm2",-0.000792717174345019,0.665438698021281,0.997363418139039
"10789",25,"LOC129347936",-0.000673876255623627,0.523050297447182,0.997363418139039
"10790",25,"LOC111581796",-0.00171119525279163,0.350655712711467,0.990065078286043
"10791",25,"LOC111581792",0.000588047227868203,0.600765139450668,0.997363418139039
"10792",25,"LOC129347884",0.00155133248508357,0.0951897839296085,0.8953907564056
"10793",25,"abcc9",0.000691984775114647,0.682770067662119,0.997363418139039
"10794",25,"echdc3",0.00290257889137255,0.236467304635445,0.990065078286043
"10795",25,"lrig3",0.0029804800208041,0.236454305605664,0.990065078286043
"10796",25,"zgc:165507",-0.00606084280149064,0.182075619016217,0.990065078286043
"10797",25,"LOC111588392",-0.00283003527692383,0.304243409416898,0.990065078286043
"10798",25,"etv6",-0.000554410269500988,0.418354363071459,0.996463890020745
"10799",25,"LOC111587810",0.00510268343072861,0.361847127230832,0.990065078286043
"10800",25,"LOC111583098",0.000842302592706396,0.521350987845847,0.997363418139039
"10801",25,"rerg",0.00436278923438851,0.51429050019961,0.997363418139039
"10802",25,"LOC129347869",-0.000981999158866194,0.325147714345995,0.990065078286043
"10803",25,"gnsa",0.000501968977755874,0.897522049199841,0.998213961771008
"10804",25,"tbc1d30",0.00119960043743659,0.552411611024446,0.997363418139039
"10805",25,"prkcq",-0.00545504147686776,0.0890559941238564,0.8848525864663
"10806",25,"sfmbt2",-0.00721987133871598,0.141580338417801,0.961176492579385
"10807",25,"atp5f1c",0.0013432634971324,0.641422486206143,0.997363418139039
"10808",25,"LOC129347916",0.00142316574615183,0.0402701253046104,0.821523944916278
"10809",25,"LOC129347878",-0.000768081225678665,0.417282261855983,0.996463890020745
"10810",25,"gata3",0.000855001119138587,0.832152078529056,0.997363418139039
"10811",25,"LOC111563448",-0.000425848219896143,0.417874588448234,0.996463890020745
"10812",25,"celf2",0.00919396759393428,0.241316839081306,0.990065078286043
"10813",25,"LOC129347845",0.0011824256814344,0.17840665950615,0.990065078286043
"10814",25,"usp6nl",0.000546415388922506,0.953683142296971,0.998607408853002
"10815",25,"LOC118470654",-0.00278174644288611,0.251552689974862,0.990065078286043
"10816",25,"LOC129347987",0.000480551698370997,0.596933574574382,0.997363418139039
"10817",25,"LOC111587990",0.00249620889475884,0.631446443022013,0.997363418139039
"10818",25,"vstm2a",0.000982122669257939,0.75675247363876,0.997363418139039
"10819",25,"zcchc2",-0.00202152376599543,0.291092703017146,0.990065078286043
"10820",25,"ift74",0.00127029181561015,0.573243967338375,0.997363418139039
"10821",25,"trdmt1",-0.000249507577348679,0.7752442500102,0.997363418139039
"10822",25,"rsu1",2.5107170489514e-05,0.992527093983429,0.999223513981536
"10823",25,"abcd3a",-0.0024949968351686,0.320377749438499,0.990065078286043
"10824",25,"f3a",-0.000463869679934934,0.568056191819562,0.997363418139039
"10825",25,"alg14",8.21480869878695e-05,0.952897949410143,0.998607408853002
"10826",25,"steap2",0.00107028913007104,0.590719648237619,0.997363418139039
"10827",25,"mos",0.000850474630579339,0.598431096659967,0.997363418139039
"10828",25,"chchd7",0.000677974138541001,0.62169981089513,0.997363418139039
"10829",25,"arhgef4",0.00212399461903937,0.531001415854504,0.997363418139039
"10830",25,"LOC129347958",-0.00085448790634547,0.16981934268882,0.988760019020403
"10831",25,"frrs1b",-0.00214282950028297,0.203686356409777,0.990065078286043
"10832",25,"palmdb",-0.00719268332192589,0.0744647338275482,0.871360915888879
"10833",25,"LOC111572278",-0.0010192768017425,0.663992956533917,0.997363418139039
"10834",25,"plppr5b",-0.00213489398875062,0.442079799820814,0.996463890020745
"10835",25,"ptbp2a",-0.00244097179471232,0.302842235632089,0.990065078286043
"10836",25,"LOC111569575",0.00161012432085036,0.375289023219864,0.991163825330808
"10837",25,"reck",-0.0027674706814133,0.0273302484996499,0.811535974992135
"10838",25,"tgfbr1b",-0.00685483044740129,0.211563448747274,0.990065078286043
"10839",25,"lancl2",-0.000762015718317102,0.805553698100889,0.997363418139039
"10840",25,"vopp1b",0.00174769070776349,0.58543965184538,0.997363418139039
"10841",25,"psme1",-0.0015743282382393,0.360705598744992,0.990065078286043
"10842",25,"zfhx2",0.000906786873652351,0.698627517567708,0.997363418139039
"10843",25,"pabpn1",0.00441292740841859,0.381371299583198,0.993399865750144
"10844",25,"slc22a17",0.00012121905296792,0.954692819567404,0.998607408853002
"10845",25,"LOC111587080",-0.00237042166414771,0.629233443451152,0.997363418139039
"10846",25,"LOC111587077",-0.00351842297934135,0.488076144789171,0.997363418139039
"10847",25,"nsmaf",-0.00171096942450474,0.0718432492879809,0.869550081520816
"10848",25,"fam168b",-0.000515545115800579,0.829187000216951,0.997363418139039
"10849",25,"fbxo45",-0.000868842789003228,0.561087977045617,0.997363418139039
"10850",25,"LOC111575561",-0.00277719412795949,0.210498028270875,0.990065078286043
"10851",25,"ntng1a",-0.00812931244892619,0.178741568965538,0.990065078286043
"10852",25,"prmt6",0.000287346315770048,0.835610932874821,0.997363418139039
"10853",25,"rnpc3",0.00155901278995469,0.314507865427474,0.990065078286043
"10854",25,"olfm3a",-0.00101019733729661,0.305526238940671,0.990065078286043
"10855",25,"rps20",0.00161613573712388,0.493515486663286,0.997363418139039
"10856",25,"garem",1.11898262311895e-05,0.996843743264795,0.999223513981536
"10857",25,"LOC111565330",-0.00056619070844432,0.640152224894547,0.997363418139039
"10858",25,"snx16",0.00122042410987281,0.546367085815145,0.997363418139039
"10859",25,"LOC111565192",-3.16102361276204e-05,0.990921632369614,0.999223513981536
"10860",25,"LOC111565209",0.00054399478595504,0.613361144523693,0.997363418139039
"10861",25,"LOC111565233",-0.000904083920559449,0.699247213889539,0.997363418139039
"10862",25,"idi1",-3.4536472438268e-06,0.99731175312483,0.999223513981536
"10863",25,"LOC111565255",0.000771637848656531,0.81411579251061,0.997363418139039
"10864",25,"adarb2",0.00629032612743187,0.39747441000246,0.996463890020745
"10865",25,"pfkpa",-0.00302364702240367,0.358345344327255,0.990065078286043
"10866",25,"klf6a",0.00307564755077955,0.261817092450801,0.990065078286043
"10867",25,"fzd8a",0.00229564392028914,0.286045062132141,0.990065078286043
"10868",25,"ccny",0.000719742145499793,0.77323362388006,0.997363418139039
"10869",25,"cul2",0.00217006937025097,0.232336135313044,0.990065078286043
"10870",25,"nrp1a",-0.000261373061314438,0.808254476421431,0.997363418139039
"10871",25,"itgb1a",0.000214981172510225,0.820761046116093,0.997363418139039
"10872",25,"LOC111563534",0.00163722317082597,0.239979992761251,0.990065078286043
"10873",25,"waca",0.0040062714160884,0.340937858396716,0.990065078286043
"10874",25,"gfod1",-0.00587237629692371,0.110317538384447,0.921655018137576
"10875",25,"arhgap12b",-0.0016447475419706,0.468769221878177,0.997363418139039
"10876",25,"zeb1b",0.000334053233976511,0.749907002020908,0.997363418139039
"10877",25,"znf438",0.00139792921682864,0.482192435954609,0.997363418139039
"10878",25,"jcada",-0.00139388763317113,0.545548659810823,0.997363418139039
"10879",25,"mtpap",5.20140127265122e-05,0.975237826111818,0.999223513981536
"10880",25,"map3k8",0.000322396703946152,0.769428636323435,0.997363418139039
"10881",25,"kcnh2b",-0.000600159532836099,0.766502257711927,0.997363418139039
"10882",25,"LOC111578709",-0.00420219504231416,0.429112115099046,0.996463890020745
"10883",25,"LOC129348001",2.20595761701273e-05,0.977354645252588,0.999223513981536
"10884",25,"fen1",0.00162129447372264,0.160665626789262,0.982215289615349
"10885",25,"ipo4",-0.00124767720487169,0.0180864897120655,0.811535974992135
"10886",25,"pdcd6",-0.00013089033813699,0.964333950179468,0.99894368917766
"10887",25,"LOC118469573",-0.000449254481860612,0.401750619019618,0.996463890020745
"10888",25,"zgc:101569",0.000134018176699721,0.888521974996414,0.998213961771008
"10889",25,"txndc5",-0.00040257020870348,0.7867867469407,0.997363418139039
"10890",25,"bloc1s5",7.91702994307684e-05,0.948715500311247,0.998607408853002
"10891",25,"eef1e1",-0.00409689945146855,0.173124710168676,0.990065078286043
"10892",25,"slc35b3",0.00194516289319059,0.0137069218100314,0.811535974992135
"10893",25,"LOC118469648",-0.00214861924449249,0.0273013806746326,0.811535974992135
"10894",25,"ofcc1",-0.00151081532108131,0.262797658570421,0.990065078286043
"10895",25,"tfap2a",0.000637098635835612,0.91823962317854,0.998213961771008
"10896",25,"tmem14ca",-0.0025985502595956,0.0854554607295221,0.881894831100821
"10897",25,"LOC111589147",0.000422514686152145,0.925072197736806,0.998213961771008
"10898",25,"zc2hc1a",0.00186567781992112,0.332661383861248,0.990065078286043
"10899",25,"LOC118469649",-0.000180855515502452,0.876129553982412,0.997890690913835
"10900",25,"ctnnd2a",0.000855037109707049,0.915452367080975,0.998213961771008
"10901",25,"dap",-0.00181200516259819,0.336869424804762,0.990065078286043
"10902",25,"nup58",0.00114257224932657,0.544978670843881,0.997363418139039
"10903",25,"mtmr6",-0.000541345967155408,0.831982583071963,0.997363418139039
"10904",25,"amer2",0.00116034656880796,0.555554499241824,0.997363418139039
"10905",25,"zfhx4",-0.00015608450334817,0.859095469192427,0.997363418139039
"10906",25,"pex2",-0.00228090817831219,0.183184687237672,0.990065078286043
"10907",25,"relch",0.000900455429365899,0.782797493724973,0.997363418139039
"10908",25,"sec61g",0.0014661333371792,0.448833428508381,0.996463890020745
"10909",25,"tpk1",0.000851928739931913,0.220968304894719,0.990065078286043
"10910",25,"cntnap2a",0.000651251234286145,0.941510922299735,0.998607408853002
"10911",25,"ptgdsb.1",-0.000115368338662833,0.96732412151959,0.999223513981536
"10912",25,"pip4k2aa",0.006585872361285,0.109459632965082,0.921292590321416
"10913",25,"mllt10",0.000542446537968634,0.747556091433535,0.997363418139039
"10914",25,"LOC111569752",-0.000195735450601826,0.762560535166948,0.997363418139039
"10915",25,"pdia4",0.0009759281660056,0.314985227800205,0.990065078286043
"10916",25,"shrprbck1r",0.00147960607591065,0.0342415282007041,0.821359352393538
"10917",25,"myripb",-0.000189452706554878,0.923817773172071,0.998213961771008
"10918",25,"ndufb4",-0.000317942936253973,0.878182565595475,0.997890690913835
"10919",25,"pola1",0.0014763853484585,0.309841692258144,0.990065078286043
"10920",25,"pdk3a",-0.000745567841450422,0.802956150735463,0.997363418139039
"10921",25,"zdhhc20b",-0.00103785247478844,0.302847443309115,0.990065078286043
"10922",25,"marchf6",-0.00211569913647668,0.438470959932945,0.996463890020745
"10923",25,"cct5",0.00104359666507792,0.508263678651489,0.997363418139039
"10924",25,"mtrr",-0.0008035043854893,0.736658034199387,0.997363418139039
"10925",25,"sema5a",0.00574725157673628,0.518177621892744,0.997363418139039
"10926",25,"si:dkey-118j18.2",0.00414148473651047,0.0941641839506097,0.893647156824411
"10927",25,"timm21",-0.00111799249519302,0.391221979535595,0.996463890020745
"10928",25,"neto1l",-0.00181244429293763,0.715914672098455,0.997363418139039
"10929",25,"cbln2b",-0.00178733722310352,0.25649648176065,0.990065078286043
"10930",25,"rttn",-0.00132741351682477,0.511360175907134,0.997363418139039
"10931",25,"dok6",-0.000127941953281384,0.943349314318559,0.998607408853002
"10932",25,"gdap1",-0.00234923757406657,0.0284133021785855,0.814336317015072
"10933",25,"jph1a",-0.00307820785351708,0.132000713989728,0.946926652021974
"10934",25,"eloca",-0.00432611615204921,0.0880915829283409,0.8848525864663
"10935",25,"ube2wb",-0.000212919944109418,0.945157201928223,0.998607408853002
"10936",25,"stau2",-0.0047482301770263,0.351908679822948,0.990065078286043
"10937",25,"LOC129347961",0.00052291382447265,0.655063464162609,0.997363418139039
"10938",25,"rdh10a",0.00121436122073767,0.404507060829003,0.996463890020745
"10939",25,"rpl7",-0.0038121928809001,0.213270862006972,0.990065078286043
"10940",25,"LOC111572420",-0.00350591318519729,0.0550317457199244,0.856360596151954
"10941",25,"si:ch211-171b20.3",0.000304727359749585,0.86112522842956,0.997363418139039
"10942",25,"tram1",-0.000723809687778249,0.237766677040103,0.990065078286043
"10943",25,"ncoa2",-0.00449242112516553,0.209933420883313,0.990065078286043
"10944",25,"LOC111583007",0.00178239609260042,0.312891547413901,0.990065078286043
"10945",25,"arfgef1",-0.0073938236223008,0.00274131371691064,0.811535974992135
"10946",25,"cops5",0.000936930406668273,0.337367496645559,0.990065078286043
"10947",25,"sgk3",-9.70245486133844e-06,0.99352840826419,0.999223513981536
"10948",25,"si:dkey-97a13.12",-0.00112078658500257,0.388686801853415,0.99604104921104
"10949",25,"pde7a",-0.00119442330300751,0.537408863302442,0.997363418139039
"10950",25,"bhlhe22",-0.00114432045027073,0.407690355337202,0.996463890020745
"10951",25,"LOC129348022",0.0010200469031266,0.799812453980789,0.997363418139039
"10952",25,"ythdf3",-0.000922264524983222,0.558534506047676,0.997363418139039
"10953",25,"abhd10b",-0.000180703765018605,0.861676738564921,0.997363418139039
"10954",25,"tagln3b",-0.00178653041902773,0.164185419527483,0.982864542353922
"10955",25,"spata13",0.000667178881818691,0.559045289768619,0.997363418139039
"10956",25,"pan3",-0.00217452720048624,0.255757971517795,0.990065078286043
"10957",25,"pdx1",-0.000862966510929037,0.262884020558764,0.990065078286043
"10958",25,"lnx2a",-0.000905903558577306,0.390744496015179,0.996463890020745
"10959",25,"rpl21",0.00170617627551044,0.470535898787005,0.997363418139039
"10960",25,"usp12a",-0.000124936583809656,0.933462238148817,0.998311327882942
"10961",25,"gpr12",0.000158071063076848,0.927443633846467,0.998213961771008
"10962",25,"wasf3b",-0.00499824247054987,0.0749229365086845,0.871360915888879
"10963",25,"cdk8",0.000756957920980154,0.58143460912399,0.997363418139039
"10964",25,"rnf6",0.000596334222636939,0.653553347900283,0.997363418139039
"10965",25,"atp8a2",-0.00446166759941976,0.24151320634531,0.990065078286043
"10966",25,"LOC111570444",0.00188413041820029,0.221000464984376,0.990065078286043
"10967",25,"atp6v1ab",-0.00263187951110197,0.487628764407573,0.997363418139039
"10968",25,"si:ch211-161h7.8",0.000992632133916383,0.52977028679714,0.997363418139039
"10969",25,"LOC111565952",0.000192475737946238,0.871392870749712,0.997363418139039
"10970",25,"fam162a",0.0012004425076296,0.53740011534137,0.997363418139039
"10971",25,"kpna1",0.00109518877879861,0.516153246590302,0.997363418139039
"10972",25,"si:ch211-161h7.4",-0.000268744856971092,0.923583015243418,0.998213961771008
"10973",25,"vipr1b",-0.00270218976214215,0.355162625433787,0.990065078286043
"10974",25,"nktr",-0.00111228927947825,0.72481807203323,0.997363418139039
"10975",25,"zbtb47b",-0.000730131446968533,0.834074103985204,0.997363418139039
"10976",25,"gars1",-0.00134702543925845,0.395395084016594,0.996463890020745
"10977",25,"ctdspla",0.00031680166981314,0.912467018730543,0.998213961771008
"10978",25,"map3k22",0.00123906944851292,0.351861752939183,0.990065078286043
"10979",25,"cry-dash",-0.000334262948594166,0.727238578011195,0.997363418139039
"10980",25,"myd88",0.00129082650204097,0.490329815165527,0.997363418139039
"10981",25,"oxsr1b",-0.00429368224143152,0.0602606678291763,0.869097537705332
"10982",25,"slc35g2b",0.000846935269219996,0.508233527276877,0.997363418139039
"10983",25,"nck1b",0.00213062804542167,0.462123019205846,0.997363418139039
"10984",25,"bdh1",-0.000362368970993677,0.73463037716744,0.997363418139039
"10985",25,"zic1",-0.00405015756245844,0.0724531020137322,0.869550081520816
"10986",25,"dipk2ab",0.00370052745587272,0.203701127664067,0.990065078286043
"10987",25,"chst2b",0.00386202804364364,0.020319187784161,0.811535974992135
"10988",25,"trpc1",0.00470963760895294,0.169759576388154,0.988760019020403
"10989",25,"u2surp",0.00208634339269269,0.532000528378457,0.997363418139039
"10990",25,"acad11",-0.000812727043914934,0.667396518884268,0.997363418139039
"10991",25,"uba5",0.000297505171388755,0.821817400257992,0.997363418139039
"10992",25,"nphp3",0.00323906886092953,0.0501695832805748,0.84618751263396
"10993",25,"si:dkey-96n2.3",7.3821670013738e-05,0.969323484899902,0.999223513981536
"10994",25,"si:ch211-285f17.1",-0.00767112159992936,0.383379162630573,0.995335609160747
"10995",25,"tgif1",0.00191099808040973,0.157285244649328,0.97601767855096
"10996",25,"dlgap1b",-0.00364706004666189,0.421416343128589,0.996463890020745
"10997",25,"insig1",-0.000680976651236984,0.816908972261727,0.997363418139039
"10998",25,"LOC129348008",-0.00163110795520456,0.34527941819767,0.990065078286043
"10999",25,"rbm33a",-0.00519695863506855,0.0910096524725304,0.885692478831841
"11000",25,"lmbr1",-0.00220256812058933,0.430349074784655,0.996463890020745
"11001",25,"nom1",-0.000366541737147888,0.715953525815896,0.997363418139039
"11002",25,"ube3c",0.00226048051713376,0.254148591663651,0.990065078286043
"11003",25,"dnajb6b",0.00416647522089291,0.206537776889538,0.990065078286043
"11004",25,"ptprn2",-0.00177130942475893,0.595350334504057,0.997363418139039
"11005",25,"esyt2b",0.00130002613030197,0.0315939037012201,0.814336317015072
"11006",25,"dync2i1",0.00138349495394718,0.0216163994775543,0.811535974992135
"11007",25,"plxdc2b",0.00821678508342394,0.15853644417577,0.97831820360427
"11008",25,"LOC111574409",0.000986758563267717,0.603299083489874,0.997363418139039
"11009",25,"zfand1",0.000545003967166573,0.50945887335471,0.997363418139039
"11010",25,"maf1b",-0.00146495099894325,0.553419639117707,0.997363418139039
"11011",25,"cacnb2a",-0.00255030339864823,0.135490749062573,0.953695431502586
"11012",25,"LOC111584878",0.00199512025265957,0.149892892105704,0.968695493765038
"11013",25,"adcyap1a",-0.00115704676373594,0.333554947196213,0.990065078286043
"11014",25,"LOC129348044",-0.000435525131563179,0.623386991514024,0.997363418139039
"11015",25,"LOC129348045",-0.000357916161758016,0.739550183443114,0.997363418139039
"11016",25,"myl12.1",0.00105162715188588,0.447637117194253,0.996463890020745
"11017",25,"fastkd3",-0.000888595741771861,0.344405479500732,0.990065078286043
"11018",25,"LOC129348009",-0.000792626363004645,0.501687301372682,0.997363418139039
"11019",25,"LOC111567822",0.000238874847855511,0.96857969361032,0.999223513981536
"11020",25,"LOC129348041",-0.00279929647164023,0.499017072938379,0.997363418139039
"11021",25,"LOC111567824",0.0029184402445477,0.295580489958716,0.990065078286043
"11022",25,"lypla1",-0.000350562246061573,0.75573745004538,0.997363418139039
"11023",25,"mrpl15",-0.000254216932454978,0.856628498364264,0.997363418139039
"11024",25,"vps41",-0.00204866505876274,0.271966122419958,0.990065078286043
"11025",25,"LOC111570037",-0.00200160324790917,0.161207039525809,0.982413739736351
"11026",25,"ankha",0.00129709754096364,0.363298659051138,0.990065078286043
"11027",25,"fam49bb",-0.000320154554903752,0.855847226414217,0.997363418139039
"11028",25,"asap1b",-0.00390255933517209,0.223438645858551,0.990065078286043
"11029",25,"nfx1",0.000612829775469084,0.763990653574409,0.997363418139039
"11030",25,"smarcd3b",0.00513548383374653,0.316782338387714,0.990065078286043
"11031",25,"chpf2",-0.000601258855842954,0.623605320825203,0.997363418139039
"11032",25,"abcf2b",0.00128042766960631,0.338701290406161,0.990065078286043
"11033",25,"slc4a2b",0.00259474434487382,0.250658902329363,0.990065078286043
"11034",25,"nrbp2b",0.000616364107831335,0.784639269221565,0.997363418139039
"11035",25,"LOC111582554",-0.00245965479787282,0.493746352969967,0.997363418139039
"11036",25,"scrib",-0.00650191314012861,0.0281054958025675,0.814336317015072
"11037",25,"LOC129348015",0.000627746940740072,0.448551100655992,0.996463890020745
"11038",25,"tmem108",-0.00034519211155342,0.922913427614612,0.998213961771008
"11039",25,"topbp1",0.000647960224215496,0.46528652531915,0.997363418139039
"11040",25,"LOC111563834",-0.000690604647198542,0.762195129883134,0.997363418139039
"11041",25,"lztfl1",-0.00124446574635385,0.554276999294468,0.997363418139039
"11042",25,"gli3",0.000890137999364534,0.459871066757367,0.997363418139039
"11043",25,"prpf4bb",0.000770227316520444,0.693039173899991,0.997363418139039
"11044",25,"LOC111563843",-0.00047499199987737,0.920565397511351,0.998213961771008
"11045",25,"LOC111585095",0.00091405381665912,0.665514213514707,0.997363418139039
"11046",25,"LOC111587678",-0.00224779484763499,0.41776308110254,0.996463890020745
"11047",25,"LOC111587681",0.00224196510675865,0.0314635854969699,0.814336317015072
"11048",25,"ralaa",0.00259610325750128,0.220712872337478,0.990065078286043
"11049",25,"cdk13",-0.00118093204142613,0.143955656685147,0.963376716081724
"11050",25,"LOC111569235",0.00059607808131318,0.881163651134017,0.998213961771008
"11051",25,"rbis",0.00263236691624493,0.0106422248213639,0.811535974992135
"11052",25,"LOC111569220",0.000515997553756961,0.864996365417335,0.997363418139039
"11053",25,"LOC111570853",0.00293963811184256,0.0542600555226777,0.856320289276365
"11054",25,"abi1a",0.00357072572541328,0.0749963720725887,0.871360915888879
"11055",25,"pdss1",-0.000429863884337689,0.600852141550782,0.997363418139039
"11056",25,"apbb1ip",-0.00145046051032275,0.388716702203527,0.99604104921104
"11057",25,"LOC118470538",-0.000341988224537829,0.667012323968085,0.997363418139039
"11058",25,"gad2",-0.0082907533408903,0.398164708132982,0.996463890020745
"11059",25,"myo3a",-0.000561059580305274,0.727735172314365,0.997363418139039
"11060",25,"LOC111570924",-0.00369178051857003,0.25913349745352,0.990065078286043
"11061",25,"anxa13",0.00446634245563466,0.264550982245963,0.990065078286043
"11062",25,"gpr158a",0.00651427295211174,0.238043746622204,0.990065078286043
"11063",25,"LOC111572618",0.000972833312202977,0.872568685178089,0.997363418139039
"11064",25,"cops9",0.0015244792110165,0.47072541192502,0.997363418139039
"11065",25,"tmtopsb",0.000819239666442317,0.789590127221105,0.997363418139039
"11066",25,"LOC129347947",0.000463964472314461,0.632025880288984,0.997363418139039
"11067",25,"tnk2a",0.00103776934016326,0.723176163855519,0.997363418139039
"11068",25,"sh3kbp1",-0.00291251435680451,0.273054893709164,0.990065078286043
"11069",25,"cnksr2a",-0.00421707106614617,0.463914265385325,0.997363418139039
"11070",25,"smpx",0.000699843806487602,0.545893238842332,0.997363418139039
"11071",25,"hhla2b.1",0.00122604324763741,0.394767786983183,0.996463890020745
"11072",25,"LOC111580144",-0.000528855272523165,0.841789693834595,0.997363418139039
"11073",25,"LOC111580141",-0.00180438568527616,0.701620392618424,0.997363418139039
"11074",25,"vipr2",-0.00070196853476687,0.296701525956922,0.990065078286043
"11075",25,"msl2b",0.00138295926725364,0.527959030667064,0.997363418139039
"11076",25,"lsm5",0.00118156914843816,0.296942960846879,0.990065078286043
"11077",25,"avl9",-0.00107822017698933,0.497927890360987,0.997363418139039
"11078",25,"kbtbd2",0.00286064451833081,0.186150487272654,0.990065078286043
"11079",25,"rnf152",0.00123334720923705,0.828746514965079,0.997363418139039
"11080",25,"LOC111568961",0.00889235895412138,0.158035981242749,0.976323521355191
"11081",25,"LOC111568970",0.00176088657133381,0.15750635695007,0.976043330076415
"11082",25,"LOC111565026",-0.0017356448275125,0.832412684862702,0.997363418139039
"11083",25,"cdh10a",-0.00288589045166628,0.518298500725727,0.997363418139039
"11084",25,"LOC111579182",0.00315327121551195,0.382890085730484,0.995245543985489
"11085",25,"LOC111566279",-0.00169176817827753,0.530217725873769,0.997363418139039
"11086",25,"epc1a",-0.00456830480210862,0.271708291107701,0.990065078286043
"11087",25,"ggh",-0.00453511909287325,0.00406075338817106,0.811535974992135
"11088",25,"LOC111565276",-0.00460537428178619,0.613209709024302,0.997363418139039
"11089",25,"phex",0.00246993079767522,0.148780884147987,0.966093694921333
"11090",25,"mbtps2",0.00347688631915871,0.0221291284947253,0.811535974992135
"11091",25,"zgc:112408",0.000425098153535015,0.732162675241177,0.997363418139039
"11092",25,"zgc:112982",-0.00107840620602828,0.498672879971949,0.997363418139039
"11093",25,"map7d2b",0.00377009242773707,0.441406754844306,0.996463890020745
"11094",25,"eif1axb",-0.00015241683353357,0.949679419265664,0.998607408853002
"11095",25,"rps6ka3b",0.00102173531205822,0.643678801832446,0.997363418139039
"11096",25,"pdha1b",0.00133688892866402,0.684979328954503,0.997363418139039
"11097",25,"acot9.1",-0.000832429864116715,0.583263165107371,0.997363418139039
"11098",25,"LOC111564817",-0.000194793355464464,0.817495878929191,0.997363418139039
"11099",25,"LOC111564805",0.000303568662780228,0.626947857612873,0.997363418139039
"11100",25,"LOC111586766",-0.00166822814115716,0.559965568473394,0.997363418139039
"11101",25,"LOC111586769",-0.00103330441882477,0.643688431804579,0.997363418139039
"11102",25,"klhl15",-0.000441339651378843,0.78701029353138,0.997363418139039
"11103",25,"eif2s3",0.000348354166988494,0.722804297841459,0.997363418139039
"11104",25,"pld1b",0.00187468448446523,0.662379648132853,0.997363418139039
"11105",25,"tnikb",-0.00207167726158259,0.624468184142062,0.997363418139039
"11106",25,"eif5a",-0.00237113638701806,0.456892899999032,0.997363418139039
"11107",25,"rpl22l1",-0.000620200967187375,0.796369640961843,0.997363418139039
"11108",25,"LOC111583761",-0.00159413283044488,0.708200818529448,0.997363418139039
"11109",25,"LOC111571338",-0.00426618905757501,0.46359591895128,0.997363418139039
"11110",25,"LOC129348000",-0.00229702257453439,0.0161820561239299,0.811535974992135
"11111",25,"ezh2",0.00169444891191399,0.150189439029188,0.968695493765038
"11112",25,"LOC129347267",0.00284962245577441,0.161896124148953,0.982613750940045
"11113",25,"LOC111570644",0.00101849225251043,0.549506322400904,0.997363418139039
"11114",25,"ssr1",-0.00241264515611159,0.371475137664871,0.990398034861638
"11115",25,"hus1",0.000728794548443834,0.379968300501176,0.992485462026592
"11116",25,"LOC118471154",0.000921407919965194,0.278011513624349,0.990065078286043
"11117",25,"dipk1c",0.00258259775364446,0.124911538812444,0.930634167332138
"11118",25,"LOC129348039",-0.000231964780807067,0.915592914066766,0.998213961771008
"11119",25,"fars2",-0.00676127657686336,0.00152450664685788,0.811535974992135
"11120",25,"nrn1a",-0.00442387805542176,0.176834893672781,0.990065078286043
"11121",25,"rreb1a",0.000629737307267639,0.407790621581808,0.996463890020745
"11122",25,"rmc1",-0.00261026143079255,0.165261313603288,0.983634964087825
"11123",25,"riok3",0.00099377451400497,0.672724782513266,0.997363418139039
"11124",25,"LOC111569014",-0.00208560458129517,0.499920017657658,0.997363418139039
"11125",25,"unm-hu7910",-9.17177101272477e-06,0.998181389240587,0.999223513981536
"11126",25,"scn5lab",-0.00257017603008619,0.0644226912861082,0.869097537705332
"11127",25,"sugct",0.00269132562437247,0.435587484109338,0.996463890020745
"11128",25,"rheb",-0.00074741122060475,0.661401974270205,0.997363418139039
"11129",25,"nub1",-0.000564854810983255,0.839230730796233,0.997363418139039
"11130",25,"xylb",0.0012318331883089,0.00798660123541676,0.811535974992135
"11131",25,"acvr2ba",-0.000339873347621274,0.921028410371809,0.998213961771008
"11132",25,"LOC118470469",-0.000317471271152295,0.831163831707157,0.997363418139039
"11133",25,"LOC111586710",-0.00148260011348862,0.337942524550154,0.990065078286043
"11134",25,"LOC111586948",0.000330220826977613,0.89095423891835,0.998213961771008
"11135",25,"LOC111563576",-0.00175826635720937,0.334381452742121,0.990065078286043
"11136",25,"actr3b",-0.00084280560571767,0.649060598689061,0.997363418139039
"11137",25,"LOC111588686",0.00214300080478849,0.299690675142313,0.990065078286043
"11138",25,"lama1",0.00115584531892778,0.449273135894063,0.996463890020745
"11139",25,"epb41l3a",-0.000122892757599396,0.948324131963288,0.998607408853002
"11140",25,"LOC129348049",0.000447353441551483,0.795585212487595,0.997363418139039
"11141",25,"actr8",-0.000651967601987303,0.618471936336539,0.997363418139039
"11142",25,"selenok",0.00551807146153072,0.0378888923433317,0.821523944916278
"11143",25,"LOC118471788",-0.000480597222976329,0.85710097662926,0.997363418139039
"11144",25,"LOC111583282",6.55149246912951e-06,0.994800629456714,0.999223513981536
"11145",25,"tmem200ca",0.00356524486257807,0.107412218555108,0.914863809554871
"11146",25,"LOC111583284",0.00128038369892907,0.410347091202542,0.996463890020745
"11147",25,"zbtb14",-0.000122471851493143,0.947299876845561,0.998607408853002
"11148",25,"LOC111567006",-3.4317059719683e-05,0.980619000369448,0.999223513981536
"11149",25,"LOC111570975",0.00715964104746594,0.0656821241823634,0.869097537705332
"11150",25,"galnt11",0.00139240562974807,0.540818581622233,0.997363418139039
"11151",25,"cnpy3",7.26037591256938e-05,0.973332953077852,0.999223513981536
"11152",25,"trpc5a",-0.00293904138776081,0.685288669331848,0.997363418139039
"11153",25,"LOC111583740",-0.00191310950513898,0.0721790992488353,0.869550081520816
"11154",25,"zgc:77880",0.000525264086294161,0.845609347450519,0.997363418139039
"11155",25,"LOC111570899",-0.00536439271295064,0.253141576344359,0.990065078286043
"11156",25,"LOC111570900",0.00217778410020703,0.289037064681354,0.990065078286043
"11157",25,"znf638",0.000332399161391041,0.724359410548759,0.997363418139039
"11158",25,"dysf",-0.00100654619527533,0.782898566738499,0.997363418139039
"11159",25,"exoc6b",-0.000837095808400558,0.665379888663463,0.997363418139039
"11160",25,"tkfc",0.000234600572790445,0.89093856301759,0.998213961771008
"11161",25,"tmem185",-0.000902782675739959,0.63841138027193,0.997363418139039
"11162",25,"LOC111583526",0.00219283741022899,0.371957525679328,0.990398034861638
"11163",25,"LOC111583584",5.10165623796327e-05,0.983147380724084,0.999223513981536
"11164",25,"LOC111583616",-0.00229222190017266,0.026474901400327,0.811535974992135
"11165",25,"LOC111588623",0.00017858532957529,0.87183398172283,0.997363418139039
"11166",25,"LOC111588615",0.000265611666876031,0.932363492612124,0.998213961771008
"11167",25,"abce1",-0.00201511012847712,0.0334166703227897,0.821359352393538
"11168",25,"rnf150b",0.00106099980113532,0.589311385530263,0.997363418139039
"11169",25,"aco1",-0.000262032422706618,0.89249662310446,0.998213961771008
"11170",25,"paqr9",0.00276266287728504,0.0959265082166175,0.898027303328445
"11171",25,"LOC129348096",-0.00205965221272648,0.131527324772415,0.945585819569454
"11172",25,"frem1a",-0.000928043130516736,0.296788219125021,0.990065078286043
"11173",25,"tspan5a",-0.00301917305437269,0.314394641511562,0.990065078286043
"11174",25,"rap1gds1",-0.00254173317461538,0.62507874692145,0.997363418139039
"11175",25,"slc1a1",0.000287496302557499,0.926653062872127,0.998213961771008
"11176",25,"trmt10a",-0.000355387241884915,0.812807408631875,0.997363418139039
"11177",25,"ank2b",-0.00129246872028218,0.834107716086157,0.997363418139039
"11178",25,"camk2d1",-0.00155301632899844,0.808093727562726,0.997363418139039
"11179",25,"pde5ab",0.00431953055607412,0.0343030347180976,0.821359352393538
"11180",25,"zcchc4",-2.21985195146091e-05,0.994128405113023,0.999223513981536
"11181",25,"ablim2",-0.00396279247925042,0.340626340770432,0.990065078286043
"11182",25,"sorcs2",-0.00117732778943565,0.698750355472492,0.997363418139039
"11183",25,"tada2b",-0.000705196863854512,0.686128481673897,0.997363418139039
"11184",25,"tbc1d14",0.00233025436369846,0.370052920381059,0.990398034861638
"11185",25,"kiaa0232",0.000471921703418352,0.885123126708292,0.998213961771008
"11186",25,"LOC118471727",-0.000523258607256761,0.504321447701747,0.997363418139039
"11187",25,"LOC111582712",0.00360481663490765,0.0160349920848197,0.811535974992135
"11188",25,"LOC111582709",-0.000536725176522563,0.87225742621441,0.997363418139039
"11189",25,"rela",-0.000980053615119228,0.237895238405235,0.990065078286043
"11190",25,"c23h11orf68",3.94122080508942e-05,0.981512288763372,0.999223513981536
"11191",25,"drap1",0.00121741121562667,0.486632762171278,0.997363418139039
"11192",25,"LOC111582708",-5.79041371887607e-06,0.99490726763142,0.999223513981536
"11193",25,"LOC111582717",-0.000692485453167515,0.696888685608138,0.997363418139039
"11194",25,"nrxn2b",-0.000978042947118363,0.890901845035115,0.998213961771008
"11195",25,"LOC129348150",0.00164028427221996,0.448803524378085,0.996463890020745
"11196",25,"LOC111562544",-0.00254842340826039,0.0475531187100414,0.84618751263396
"11197",25,"cskmt",-0.000407667666575536,0.711386453648382,0.997363418139039
"11198",25,"otub1b",-0.0015991564939114,0.749960308726999,0.997363418139039
"11199",25,"fcer1g",-0.00078125200514437,0.638869098528069,0.997363418139039
"11200",25,"kirrel1a",-0.00396433319114806,0.344415661713754,0.990065078286043
"11201",25,"dock11",0.00228712438725277,0.284371686812937,0.990065078286043
"11202",25,"fxr2",-0.00221555400192294,0.476246644863382,0.997363418139039
"11203",25,"LOC111562564",-0.000788658645006289,0.665398920904716,0.997363418139039
"11204",25,"rbm4.3",-0.00078340561104062,0.720758019629951,0.997363418139039
"11205",25,"si:dkey-112a7.4",0.000352754646243608,0.72330302705787,0.997363418139039
"11206",25,"fgf11a",0.00173494618807425,0.376800417831477,0.991163825330808
"11207",25,"tmem102",0.00185842033065141,0.566420195513227,0.997363418139039
"11208",25,"tmem256",0.00165461803455024,0.0244554096994323,0.811535974992135
"11209",25,"nlgn2a",0.00226557088463634,0.680593477875434,0.997363418139039
"11210",25,"pop7",0.00103360292201424,0.138744166855576,0.957578775787136
"11211",25,"gigyf1a",-0.00104894746813019,0.824521947634847,0.997363418139039
"11212",25,"efnb3b",0.00265306024846825,0.484421104707172,0.997363418139039
"11213",25,"serpinh2",0.000526904292156558,0.757095305245613,0.997363418139039
"11214",25,"kdm6ba",-0.00315455480634888,0.33438255519689,0.990065078286043
"11215",25,"LOC111582149",0.000498012845112238,0.683569359100209,0.997363418139039
"11216",25,"si:dkey-183c6.8",-0.00115005056339972,0.84350882995309,0.997363418139039
"11217",25,"si:dkey-183c6.7",5.15601578287024e-05,0.974504251436449,0.999223513981536
"11218",25,"syt4",0.00120191100270206,0.678154273010322,0.997363418139039
"11219",25,"sema4f",-0.00300350129174269,0.467207911593673,0.997363418139039
"11220",25,"dok1b",-0.00069256144083991,0.58079044468087,0.997363418139039
"11221",25,"paip2b",-0.000835648926005158,0.78428461718613,0.997363418139039
"11222",25,"cct7",-0.00148776422570856,0.370723911114051,0.990398034861638
"11223",25,"mark2b",-0.00337388771617822,0.432801733111003,0.996463890020745
"11224",25,"LOC129348086",0.000350627042341552,0.817862517340877,0.997363418139039
"11225",25,"naa40",0.00281085680533461,0.303298980702443,0.990065078286043
"11226",25,"LOC129348153",-0.000946620714809752,0.0263904868879481,0.811535974992135
"11227",25,"b3gat3",0.00291869007824845,0.228679141022705,0.990065078286043
"11228",25,"arl2",-0.00232107382457347,0.195490708277238,0.990065078286043
"11229",25,"batf2",0.00208531447181332,0.31672197354136,0.990065078286043
"11230",25,"ppp2r5b",0.00167060528407368,0.845301742660086,0.997363418139039
"11231",25,"badb",0.00136975440708342,0.223296328204953,0.990065078286043
"11232",25,"LOC111588381",-0.00251658969425154,0.506567497257393,0.997363418139039
"11233",25,"plcb3",-0.000570752428828253,0.718329479521031,0.997363418139039
"11234",25,"ppp1r14bb",-0.00310261500340089,0.372723934972503,0.990398034861638
"11235",25,"prox3",-0.000624538028883951,0.811435298088367,0.997363418139039
"11236",25,"pcxb",-0.00163069776986879,0.691113473564064,0.997363418139039
"11237",25,"LOC111578546",0.00224189894427662,0.129866171432366,0.944651905352208
"11238",25,"LOC111567538",-0.00100532109384065,0.745666114448405,0.997363418139039
"11239",25,"LOC111567543",0.000703044195615564,0.770197704172392,0.997363418139039
"11240",25,"LOC111567544",6.56180197158976e-05,0.942374581183166,0.998607408853002
"11241",25,"LOC111567535",-0.00532830138275139,0.383961398620162,0.995420681738498
"11242",25,"LOC111567537",-0.00323867411249859,0.0517442601290215,0.84618751263396
"11243",25,"plaa",0.000547656807918321,0.656514549011401,0.997363418139039
"11244",25,"LOC111589166",0.00123877616130185,0.85066395808891,0.997363418139039
"11245",25,"LOC111589169",-1.646972396417e-05,0.992196752817635,0.999223513981536
"11246",25,"ostc",-0.00237434714307961,0.0791041493368177,0.871360915888879
"11247",25,"rpl34",-0.00238222713443207,0.357354248802351,0.990065078286043
"11248",25,"LOC111573588",0.00127851577497618,0.854624404069762,0.997363418139039
"11249",25,"lgi2a",0.000894189952203687,0.675052658606698,0.997363418139039
"11250",25,"ccdc149a",-0.00245113493397935,0.403526914856464,0.996463890020745
"11251",25,"dhx15",0.000737032174575951,0.685939863289561,0.997363418139039
"11252",25,"ppargc1a",0.00769022167312225,0.412687959916667,0.996463890020745
"11253",25,"kcnip4a",-0.00383655292653372,0.203951073150685,0.990065078286043
"11254",25,"sec24d",0.00119860708623597,0.580452070101539,0.997363418139039
"11255",25,"LOC111564112",0.00250271206010385,0.49193412147551,0.997363418139039
"11256",25,"LOC111564119",-0.00140432840699733,0.272520718704934,0.990065078286043
"11257",25,"LOC111564120",0.00435017714671081,0.528653680133716,0.997363418139039
"11258",25,"LOC111565690",-0.000840243251175901,0.297226758116729,0.990065078286043
"11259",25,"elavl2",0.00741490746342071,0.324802059741993,0.990065078286043
"11260",25,"LOC111587744",0.00253185417193324,0.677697397592495,0.997363418139039
"11261",25,"LOC111566011",0.00315678766161126,0.0311292438441922,0.814336317015072
"11262",25,"LOC111566014",-0.000816567920442288,0.622010614221267,0.997363418139039
"11263",25,"LOC118470033",0.000265383714422717,0.858753111038922,0.997363418139039
"11264",25,"si:dkey-33c12.4",-0.0012380274599026,0.186689651131846,0.990065078286043
"11265",25,"mfsd8",-0.000311397838811879,0.858274163198388,0.997363418139039
"11266",25,"LOC111575613",-7.7596660296574e-05,0.927804003660401,0.998213961771008
"11267",25,"sh3gl2b",-0.0043839921126505,0.444839684206491,0.996463890020745
"11268",25,"zgc:92594",-0.00105849197091068,0.363961112937157,0.990065078286043
"11269",25,"mrpl48",0.000137935506946295,0.890083248237309,0.998213961771008
"11270",25,"sb:cb1081",-0.0019135741623435,0.308101628800538,0.990065078286043
"11271",25,"LOC111576690",-0.00074876742100737,0.85501884632359,0.997363418139039
"11272",25,"znf219",0.00203332036934324,0.649280672472889,0.997363418139039
"11273",25,"ndrg2",-0.00156171311279168,0.857529467515961,0.997363418139039
"11274",25,"LOC111576683",-0.00526724741383233,0.0731264207289798,0.871360915888879
"11275",25,"si:ch211-63p21.1",0.000450082464096048,0.824832166106195,0.997363418139039
"11276",25,"LOC118469092",-0.00165273697660961,0.0430469139727052,0.825068516318458
"11277",25,"arhgef11",-0.000552456825432651,0.746538352564392,0.997363418139039
"11278",25,"kcnj10a",-0.0013719324726475,0.0296468654944388,0.814336317015072
"11279",25,"sf3b2",0.0006654500804922,0.723220037258707,0.997363418139039
"11280",25,"LOC111575354",0.00469678962252837,0.319099236674332,0.990065078286043
"11281",25,"klc2",-0.00802283514376286,0.151934221490549,0.970457061385761
"11282",25,"prkd4",0.000869614485902765,0.348695185679558,0.990065078286043
"11283",25,"actn3b",0.000173062083329725,0.877909646436645,0.997890690913835
"11284",25,"rbm14b",0.00668100402968684,0.0189544298117942,0.811535974992135
"11285",25,"LOC111575353",0.000154983513747574,0.922501070820717,0.998213961771008
"11286",25,"gal3st3",-0.000327535699042868,0.876503581848532,0.997890690913835
"11287",25,"b4gat1",0.000795414623227744,0.570406092699548,0.997363418139039
"11288",25,"pfdn2",0.000115577950335736,0.960396856611245,0.998607408853002
"11289",25,"nit1",-0.000936539448809465,0.261723840497356,0.990065078286043
"11290",25,"clcn3",0.00336391104072424,0.399256641695193,0.996463890020745
"11291",25,"mfap3l",0.000155758625200008,0.94884807560384,0.998607408853002
"11292",25,"tex261",0.00244329641966231,0.164547511499761,0.983535885192242
"11293",25,"gba2",0.000723701670067001,0.631852593585774,0.997363418139039
"11294",25,"rgp1",0.00054736433872192,0.390932910083604,0.996463890020745
"11295",25,"pik3c3",-0.00027364921096781,0.852265528531838,0.997363418139039
"11296",25,"tesk1b",0.00202521581523848,0.456603855579337,0.997363418139039
"11297",25,"faah2b",-0.00210846306504842,0.148112419723629,0.965295556857902
"11298",25,"nelfa",-0.00149378271166935,0.00273830245438364,0.811535974992135
"11299",25,"c23h4orf48",-0.00277537442708706,0.597223703935234,0.997363418139039
"11300",25,"nat8l",0.0008232377807772,0.859155731404601,0.997363418139039
"11301",25,"txn",0.000193299803912471,0.783102909110237,0.997363418139039
"11302",25,"slc7a8a",-0.00456660561988235,0.0420645040379695,0.825068516318458
"11303",25,"LOC129348102",-0.0103026217131125,0.38458358781428,0.99604104921104
"11304",25,"nedd8",4.88473141002412e-05,0.982112805511893,0.999223513981536
"11305",25,"gmpr2",-0.00243164708663681,0.0393201276394826,0.821523944916278
"11306",25,"tinf2",-0.000464053811415195,0.453405568905787,0.997363418139039
"11307",25,"efs",-0.0011249998493222,0.479077819312084,0.997363418139039
"11308",25,"acin1b",-0.000992007479549593,0.772142380200282,0.997363418139039
"11309",25,"mrpl52",-0.000577999729332707,0.687308948718201,0.997363418139039
"11310",25,"lrp10",-0.00198523510946408,0.0210115183086267,0.811535974992135
"11311",25,"LOC111587799",-0.00109053570158007,0.502805025399951,0.997363418139039
"11312",25,"mettl3",0.000270667450906449,0.630201238363894,0.997363418139039
"11313",25,"fis1",0.00172425941857035,0.336780519170182,0.990065078286043
"11314",25,"naa38",-0.000399287517533054,0.754056511908845,0.997363418139039
"11315",25,"chd3",-0.00160616899203884,0.536595124667546,0.997363418139039
"11316",25,"sat2a.1",-0.0015516327114997,0.441900125192944,0.996463890020745
"11317",25,"si:dkey-19b23.8",-0.00122184663728718,0.117688984159943,0.927025251088176
"11318",25,"si:dkey-19b23.7",0.00140633515008003,0.282683777367681,0.990065078286043
"11319",25,"rbpjb",-0.00151884265951901,0.502386125990726,0.997363418139039
"11320",25,"smim20",-0.00052410936986075,0.81142814325779,0.997363418139039
"11321",25,"tbc1d19",0.00142346915127628,0.392276578763719,0.996463890020745
"11322",25,"stim2b",-0.0015260898379608,0.327776411631917,0.990065078286043
"11323",25,"LOC129348081",-0.00134552828651762,0.0404655693622572,0.821523944916278
"11324",25,"pcdh7b",0.000570225741450076,0.873391763225095,0.997522229573553
"11325",25,"LOC111571088",-0.00126765742241719,0.634134751529474,0.997363418139039
"11326",25,"rell1",-0.000414464851644975,0.670575038506729,0.997363418139039
"11327",25,"per1b",-0.00133140620834879,0.619098569331326,0.997363418139039
"11328",25,"trip6",0.0013766885060724,0.0649976744205408,0.869097537705332
"11329",25,"agfg2",-0.000116825476752709,0.961887870207116,0.998789723674583
"11330",25,"acadvl",-0.00238536684418121,0.54526856739406,0.997363418139039
"11331",25,"zgc:194312",0.000352499694254387,0.712191743704134,0.997363418139039
"11332",25,"LOC111577030",-0.00109356881899619,0.357497423295933,0.990065078286043
"11333",25,"cnpy4",-0.00117427173302378,0.573816695772538,0.997363418139039
"11334",25,"taf6l",0.000128350961992472,0.897548128176686,0.998213961771008
"11335",25,"mta2",-0.00193429858814242,0.272406624003635,0.990065078286043
"11336",25,"ecsit",-0.00178501196835387,0.0452567887898762,0.83707201963985
"11337",25,"si:dkey-28a3.2",-0.00179510241736972,0.125095877591706,0.930634167332138
"11338",25,"zfta",-7.54265630774759e-05,0.944102689840086,0.998607408853002
"11339",25,"LOC129348169",-0.0032977938207951,0.598439842245173,0.997363418139039
"11340",25,"rtn3",-0.00109521904941984,0.804384646397943,0.997363418139039
"11341",25,"men1",0.0018697978926857,0.30677643317171,0.990065078286043
"11342",25,"map4k2",0.000849815180333487,0.666014623752032,0.997363418139039
"11343",25,"LOC111587504",-0.000619318159796876,0.605182085507224,0.997363418139039
"11344",25,"LOC111587494",-4.03182107305438e-05,0.976536206201047,0.999223513981536
"11345",25,"sf1",-0.00431115226322219,0.00151755049453745,0.811535974992135
"11346",25,"LOC111587492",0.00164847369942754,0.762111906872105,0.997363418139039
"11347",25,"LOC111587497",-0.00175740227099302,0.332643364306007,0.990065078286043
"11348",25,"LOC111587491",0.00322896189896366,0.209623042408025,0.990065078286043
"11349",25,"mpdu1b",-0.000427952652396877,0.838266755104245,0.997363418139039
"11350",25,"LOC111587503",-0.0015585486641695,0.58245098843683,0.997363418139039
"11351",25,"LOC111583239",-0.00452859228247393,0.226931363898485,0.990065078286043
"11352",25,"LOC111583230",0.000869635408974074,0.22693076295852,0.990065078286043
"11353",25,"LOC111584839",-0.00173785387051447,0.331732090995331,0.990065078286043
"11354",25,"dtx4a",0.00384475405619664,0.211693214308356,0.990065078286043
"11355",25,"rgs12a",-0.000314167019832527,0.885613497777259,0.998213961771008
"11356",25,"LOC129348182",-0.000573503763664948,0.665179208927139,0.997363418139039
"11357",25,"LOC129348060",0.00176512752954908,0.638839910634296,0.997363418139039
"11358",25,"hacd4",0.000622521486691688,0.673268695457187,0.997363418139039
"11359",25,"focad",0.00730704374835449,0.0262360010917337,0.811535974992135
"11360",25,"mllt3",0.00142274874213991,0.45339177172213,0.997363418139039
"11361",25,"LOC111565548",-0.000686304083758877,0.65819237062018,0.997363418139039
"11362",25,"adam19a",0.00508332819940549,0.279859247534655,0.990065078286043
"11363",25,"LOC118470977",-0.0013827906169233,0.515311598619754,0.997363418139039
"11364",25,"slx1b",-0.00099622694129839,0.60924797704921,0.997363418139039
"11365",25,"zgc:112271",0.00134550093599976,0.261822828734221,0.990065078286043
"11366",25,"gal3st4",0.000265982542916399,0.957546628115319,0.998607408853002
"11367",25,"ap1s1",-0.00284887311162586,0.0426258044032529,0.825068516318458
"11368",25,"vgf",-0.0080660909264023,0.184232645783752,0.990065078286043
"11369",25,"snapc2",0.000477901677889084,0.696609253097433,0.997363418139039
"11370",25,"ache",0.00133866096941241,0.771539245598054,0.997363418139039
"11371",25,"zgc:92664",0.00027712620000767,0.824929026242634,0.997363418139039
"11372",25,"pelp1",0.00181491112647764,0.155426495437143,0.971621725888687
"11373",25,"cd99l2",0.0030430689189067,0.28698461017432,0.990065078286043
"11374",25,"mtmr1a",0.00222669215483347,0.189077328462784,0.990065078286043
"11375",25,"mtm1",-0.00272983120386905,0.0274286723190229,0.811535974992135
"11376",25,"nat16",-0.00449650335766706,0.335890199220511,0.990065078286043
"11377",25,"acox3",0.000662628035460835,0.705582653245,0.997363418139039
"11378",25,"znf16l",-0.00152291770302214,0.0653846472854227,0.869097537705332
"11379",25,"sstr1b",0.00059047206551498,0.664145455673886,0.997363418139039
"11380",25,"LOC129348098",-0.000976393980044102,0.264907831921316,0.990065078286043
"11381",25,"rce1a",0.000891119143516125,0.281025222923731,0.990065078286043
"11382",25,"peli3",-0.000371941373608134,0.874448377612068,0.997800344730515
"11383",25,"rab1ba",-0.00304960985843218,0.219199679391918,0.990065078286043
"11384",25,"ehbp1l1a",-0.00206546974152674,0.220985187468116,0.990065078286043
"11385",25,"hdlbpb",-0.00138193601155279,0.325726270361963,0.990065078286043
"11386",25,"neurl4",0.00261147413734596,0.296906579731036,0.990065078286043
"11387",25,"shbg",0.000916223745235506,0.5941454955737,0.997363418139039
"11388",25,"zbtb4",-0.00241353499157855,0.64881854884845,0.997363418139039
"11389",25,"LOC111577179",8.20702120855426e-05,0.949999025423551,0.998607408853002
"11390",25,"polr2a",-0.00114726237041851,0.640812111040342,0.997363418139039
"11391",25,"LOC111577178",-0.00144114279802823,0.436485489322738,0.996463890020745
"11392",25,"LOC111577211",0.00106001064662796,0.489089102589114,0.997363418139039
"11393",25,"LOC111577193",-0.00394612495299664,0.0659000786233687,0.869218355473595
"11394",25,"gps2",-0.00206892729230684,0.277529921037373,0.990065078286043
"11395",25,"gabarapa",0.00129840591293521,0.757815394311701,0.997363418139039
"11396",25,"ctdnep1a",0.000494684086155597,0.671716990862406,0.997363418139039
"11397",25,"phf23b",-0.000582886478697808,0.625684825574503,0.997363418139039
"11398",25,"trmt44",0.000948877169263882,0.476530436175016,0.997363418139039
"11399",25,"LOC111577212",-0.000579048872869858,0.5984097294095,0.997363418139039
"11400",25,"ankrd46b",0.00319514688611514,0.2990962720961,0.990065078286043
"11401",25,"col4a6",0.00212835394913959,0.432116872487915,0.996463890020745
"11402",25,"col4a5",0.00252550427360121,0.190353307677172,0.990065078286043
"11403",25,"LOC111575407",-0.00401428064181454,0.387745808344667,0.99604104921104
"11404",25,"usp12b",0.00369780116488643,0.32965725367097,0.990065078286043
"11405",25,"arhgap36",0.000868528429533238,0.752247495331119,0.997363418139039
"11406",25,"nhsl2",-0.00762201344539626,0.230421522452714,0.990065078286043
"11407",25,"rps4x",0.000167534650924491,0.957518528181299,0.998607408853002
"11408",25,"hdac8",0.0022769684052036,0.291841994510186,0.990065078286043
"11409",25,"clcn5b",0.00123536762382677,0.442320484440263,0.996463890020745
"11410",25,"htr2cl1",-0.00459679182511482,0.355873731262456,0.990065078286043
"11411",25,"zgc:109889",-0.00293455532948794,0.122759966210914,0.930634167332138
"11412",25,"gpr185b",-0.00584468312837266,0.154822236786269,0.971621725888687
"11413",25,"si:dkey-172j4.3",-0.00341196301558727,0.373778038002672,0.991116293490912
"11414",25,"si:ch211-200p22.4",0.000909640007269195,0.573329660172142,0.997363418139039
"11415",25,"LOC111585721",-0.00186163180527391,0.454366723600113,0.997363418139039
"11416",25,"vbp1",8.89026246329252e-05,0.973422135680993,0.999223513981536
"11417",25,"emc4",-8.14307689101771e-05,0.964706964036647,0.998979448285318
"11418",25,"LOC111583416",0.000394968739281999,0.844668097957025,0.997363418139039
"11419",25,"tox4b",0.00252272564618771,0.345750181969665,0.990065078286043
"11420",25,"supt16h",0.00250895744833306,0.199145634444031,0.990065078286043
"11421",25,"LOC111564315",0.000757469258095389,0.257469381958783,0.990065078286043
"11422",25,"LOC111583237",-0.00235854187129408,0.285304932954777,0.990065078286043
"11423",25,"LOC118471782",0.000119301165873586,0.856234877594033,0.997363418139039
"11424",25,"lratb.1",0.00292347189835233,0.184074591253862,0.990065078286043
"11425",25,"LOC111575125",-0.000944962780506384,0.540904555398764,0.997363418139039
"11426",25,"LOC129348177",0.000952421909918588,0.225712373171241,0.990065078286043
"11427",25,"npy2rl",0.00655881232878948,0.499834723346877,0.997363418139039
"11428",25,"LOC129348162",-0.00117145595238777,0.267769633212572,0.990065078286043
"11429",25,"LOC111586576",0.000776026685943422,0.830372644549162,0.997363418139039
"11430",25,"LOC111562754",-0.00260374258736483,0.384457043901725,0.995943691740149
"11431",25,"LOC111562751",0.00248314996037211,0.326521974326493,0.990065078286043
"11432",25,"LOC111562753",-0.000109221732090269,0.93217450402812,0.998213961771008
"11433",25,"LOC111585546",0.00569411075304621,0.0196396021946128,0.811535974992135
"11434",25,"LOC111585547",-0.0012406242496477,0.376407286221413,0.991163825330808
"11435",25,"LOC111579695",0.000636612166863464,0.351330984757661,0.990065078286043
"11436",25,"LOC111579693",-0.00359978312065548,0.314010161682368,0.990065078286043
"11437",25,"LOC111579699",-0.00101420452056702,0.605841076754653,0.997363418139039
"11438",25,"LOC111579701",0.000187189137034805,0.925358289124248,0.998213961771008
"11439",25,"LOC111579686",-0.00164161015291641,0.24920457981168,0.990065078286043
"11440",25,"LOC111579692",-0.00299759709851231,0.142716844474528,0.961176492579385
"11441",25,"LOC111579687",-0.000785658811164293,0.245086386553092,0.990065078286043
"11442",25,"LOC111571347",0.00070279169970277,0.872541164266851,0.997363418139039
"11443",25,"LOC111584642",0.00305364361632358,0.142482270231239,0.961176492579385
"11444",25,"LOC111563420",-0.000148941557568228,0.879806632955964,0.998213961771008
"11445",25,"LOC129348064",-0.000632029908713631,0.622231918436024,0.997363418139039
"11446",25,"si:ch73-71d17.2",0.00125338347376581,0.0257917489235639,0.811535974992135
"11447",25,"znhit1",0.00181794705790395,0.228793514813269,0.990065078286043
"11448",25,"LOC111567087",-0.000418786047530814,0.789158129722554,0.997363418139039
"11449",25,"slc25a11",-0.000903035976601745,0.700536364741228,0.997363418139039
"11450",25,"eno3",0.00219029895425507,0.0146387136221843,0.811535974992135
"11451",25,"zgc:85858",-0.00149268727689032,0.193332837251354,0.990065078286043
"11452",25,"camta2",0.00237819354471575,0.345844090358281,0.990065078286043
"11453",25,"LOC111584166",-0.000453600776698805,0.751942818985215,0.997363418139039
"11454",25,"trappc1",-0.00301559382057819,0.0954350912490034,0.896524409640733
"11455",25,"psmb6",-0.00370414317329082,0.206573543593587,0.990065078286043
"11456",25,"atp1b2a",-0.0055144995746819,0.0866817187047577,0.883942320931013
"11457",25,"hmgb2b",-2.39455064363939e-05,0.996228347071688,0.999223513981536
"11458",25,"LOC111563200",0.00208699235059222,0.591251287552133,0.997363418139039
"11459",25,"LOC129347290",0.00110566420134325,0.319195205071485,0.990065078286043
"11460",25,"LOC111563424",-0.000404931657318695,0.802547947334525,0.997363418139039
"11461",25,"LOC129348108",0.000196649173215489,0.776342833847002,0.997363418139039
"11462",25,"LOC111570747",0.00214723824187703,0.54175302975801,0.997363418139039
"11463",25,"LOC111579044",-0.00172713705354884,0.454744540434394,0.997363418139039
"11464",25,"chrm4a",-0.00143877442422526,0.539999016833298,0.997363418139039
"11465",25,"LOC111579045",0.00152909746182303,0.0330799574419621,0.821359352393538
"11466",25,"LOC111579043",0.00465114987712887,0.214790351427897,0.990065078286043
"11467",25,"LOC111568137",0.000243207289362474,0.902833793398043,0.998213961771008
"11468",25,"atp1b1b",0.00930686331326799,0.0555093926198344,0.856360596151954
"11469",25,"LOC111568148",0.000339653384574575,0.864764301690232,0.997363418139039
"11470",25,"slc19a2",0.00193648823939781,0.281976581871447,0.990065078286043
"11471",25,"atg3",-0.00121595392418808,0.376157880225223,0.991163825330808
"11472",25,"cars2",0.00183490487067441,0.175293706646529,0.990065078286043
"11473",25,"arhgap1",-0.00690676071868909,0.0474723705284829,0.84618751263396
"11474",25,"pwp2h",0.00185945087765915,0.130755650743857,0.944651905352208
"11475",25,"eed",0.000549683972705823,0.780011278338457,0.997363418139039
"11476",25,"LOC111573292",0.00524281500528705,0.268775872192197,0.990065078286043
"11477",25,"col5a2b",0.000756719423244356,0.7928842108391,0.997363418139039
"11478",25,"fam171b",0.00221665515613324,0.599933710753458,0.997363418139039
"11479",25,"LOC111573326",0.00217683168551927,0.270820033166358,0.990065078286043
"11480",25,"LOC111573352",0.000598984311086063,0.748037364808538,0.997363418139039
"11481",25,"LOC111573340",0.00326871969923408,0.0981010367814421,0.905020048534428
"11482",25,"dusp27",-0.00189669669102635,0.119149329269601,0.927025251088176
"11483",25,"LOC111573286",-0.00720039361358971,0.0113399079544788,0.811535974992135
"11484",25,"LOC118471842",0.00017348840836632,0.946071088040462,0.998607408853002
"11485",25,"kcnh7",-0.00281215315139095,0.351287559341253,0.990065078286043
"11486",25,"LOC111577534",0.0027647734015408,0.338884128967684,0.990065078286043
"11487",25,"cobll1a",0.00221572876077814,0.0878231597596457,0.8848525864663
"11488",25,"scn1lab",-0.0109894822876594,0.0520382776106157,0.84618751263396
"11489",25,"LOC111571497",-0.000605375738661831,0.855260302865373,0.997363418139039
"11490",25,"xirp2a",-0.000429086528773711,0.541936582162747,0.997363418139039
"11491",25,"LOC111586178",0.00229821643514646,0.539171474863796,0.997363418139039
"11492",25,"LOC129348333",-0.00249357906945019,0.0922522736573923,0.88973700206333
"11493",25,"LOC111575631",8.36822426935863e-05,0.925199245669179,0.998213961771008
"11494",25,"atp5f1b",-0.00338459492779491,0.543878215126511,0.997363418139039
"11495",25,"dzip1",-0.00150984525387266,0.22712002109957,0.990065078286043
"11496",25,"LOC129348327",0.00014703204417791,0.944391337710933,0.998607408853002
"11497",25,"gca",-0.00241669103997665,0.340251486406031,0.990065078286043
"11498",25,"LOC111565864",0.00462231346804166,0.425585082563675,0.996463890020745
"11499",25,"stk24b",0.00157573287380472,0.08342354681999,0.877876627611259
"11500",25,"dock9b",-0.00133727633398054,0.501068661426052,0.997363418139039
"11501",25,"LOC111565854",0.000890175203646139,0.634071287227019,0.997363418139039
"11502",25,"LOC118470024",4.5690238095024e-05,0.973981354471508,0.999223513981536
"11503",25,"ical1",-0.00338502882241806,0.00493054739621196,0.811535974992135
"11504",25,"fam117ba",0.00210917820509311,0.476008829255728,0.997363418139039
"11505",25,"nop58",-0.000830358898388066,0.565827785922859,0.997363418139039
"11506",25,"nufip1",0.000827828521122458,0.531177079706348,0.997363418139039
"11507",25,"LOC111566917",0.000201577923203286,0.92639570827324,0.998213961771008
"11508",25,"dmd",0.000342981329611746,0.952314180192954,0.998607408853002
"11509",25,"gtf3c3",0.000270509132288647,0.861398308670385,0.997363418139039
"11510",25,"hecw2b",-0.00130059315197396,0.540588898961096,0.997363418139039
"11511",25,"rpl31",0.00507148602951706,0.311279634977559,0.990065078286043
"11512",25,"chst10",-0.000543724680031562,0.555847433336989,0.997363418139039
"11513",25,"LOC111567325",0.0104802120248791,0.0194163706348015,0.811535974992135
"11514",25,"LOC111584469",-0.000976889897455997,0.511451232493073,0.997363418139039
"11515",25,"LOC111583877",0.00277077634428293,0.0697208330197613,0.869550081520816
"11516",25,"LOC111583876",0.000954340491831249,0.639844123623289,0.997363418139039
"11517",25,"mcf2la",-0.0016819885347595,0.599264688863041,0.997363418139039
"11518",25,"cdadc1",-0.00476171712262602,0.32303726482214,0.990065078286043
"11519",25,"cab39l",-0.00222715249329523,0.31488595344587,0.990065078286043
"11520",25,"rcbtb1",-0.000153416639006704,0.916522893804003,0.998213961771008
"11521",25,"LOC111582257",0.00156169830664943,0.7960172977625,0.997363418139039
"11522",25,"tubgcp3",-0.000583353012747462,0.730478383050033,0.997363418139039
"11523",25,"arhgef7b",0.00211255668206395,0.0677154411064977,0.869550081520816
"11524",25,"zc3h13",0.000136227833073304,0.94346189764941,0.998607408853002
"11525",25,"alg11",0.000459412947967633,0.803906442150003,0.997363418139039
"11526",25,"raph1b",-0.00834721642847357,0.00238996359273737,0.811535974992135
"11527",25,"retreg2",-0.00384150316410858,0.0476584121804641,0.84618751263396
"11528",25,"cnppd1",-8.31532871703296e-05,0.960153321756728,0.998607408853002
"11529",25,"nrp2a",-0.00121630287507196,0.673862789925803,0.997363418139039
"11530",25,"mbnl2",-0.000767300936177796,0.802424986621194,0.997363418139039
"11531",25,"LOC111582606",-0.0035234393997642,0.0673533619775167,0.869550081520816
"11532",25,"mrpl39",0.000728438446883507,0.418642879530945,0.996463890020745
"11533",25,"atp5pf",-0.000266246496064409,0.952529184349165,0.998607408853002
"11534",25,"appa",-0.00457690273264655,0.379915929391262,0.992485462026592
"11535",25,"cyyr1",-0.00072992688126806,0.664177575081295,0.997363418139039
"11536",25,"LOC129348253",-0.000332808351438983,0.883739353909831,0.998213961771008
"11537",25,"LOC111575440",-0.00198611292927757,0.6034596913465,0.997363418139039
"11538",25,"LOC111575443",-0.00283923123134339,0.424407841698091,0.996463890020745
"11539",25,"LOC111575429",0.000322740628929688,0.91848663828369,0.998213961771008
"11540",25,"LOC129348251",0.00249158008526917,0.112336388441889,0.921820201924075
"11541",25,"il1rapl1b",0.00221996194806425,0.287725088616958,0.990065078286043
"11542",25,"LOC111571714",0.000563285949914073,0.627100108483129,0.997363418139039
"11543",25,"LOC111571708",-0.00147499553611386,0.030937818818265,0.814336317015072
"11544",25,"LOC111571705",0.000574563334700857,0.620551266582529,0.997363418139039
"11545",25,"LOC111571707",-0.00104963852557089,0.224099245041893,0.990065078286043
"11546",25,"LOC111571710",-0.00500744245766209,0.246181206773439,0.990065078286043
"11547",25,"LOC111562844",-0.00925145474595122,0.124485580119591,0.930634167332138
"11548",25,"LOC118469708",-0.00234820105067615,0.311267337898849,0.990065078286043
"11549",25,"ndfip2",-0.00496376418154948,0.346355843385656,0.990065078286043
"11550",25,"LOC111563566",-0.00315987734082423,0.592581536713213,0.997363418139039
"11551",25,"LOC111563568",-0.00353025785697476,0.198858032103765,0.990065078286043
"11552",25,"LOC111563567",-0.00386758251966856,0.474065580384844,0.997363418139039
"11553",25,"LOC111562792",-0.000170180213283163,0.865638377398382,0.997363418139039
"11554",25,"xkr6a",-0.00280048673706477,0.399732681087953,0.996463890020745
"11555",25,"mgat5",0.000955515098222999,0.76085510910309,0.997363418139039
"11556",25,"rcan1b",-0.00154230761470936,0.556348497351327,0.997363418139039
"11557",25,"cnot9",-0.00151863858247677,0.0768732593479124,0.871360915888879
"11558",25,"plcd4a",-0.000996084512826353,0.184517973715174,0.990065078286043
"11559",25,"slx9",0.000564314343746493,0.526970379354731,0.997363418139039
"11560",25,"LOC118469567",0.00113156455530242,0.647986456210184,0.997363418139039
"11561",25,"zeb2b",-0.00400114101580608,0.342294756997138,0.990065078286043
"11562",25,"LOC129348340",-1.36130462143791e-05,0.981750506479611,0.999223513981536
"11563",25,"LOC111563996",-0.00401943989052094,0.17873628050993,0.990065078286043
"11564",25,"LOC111564006",0.000445158336596805,0.890869225332124,0.998213961771008
"11565",25,"LOC111564001",-0.00701615309661972,0.0520855197402026,0.84618751263396
"11566",25,"LOC111564000",-0.00597053175350794,0.199289926197133,0.990065078286043
"11567",25,"c24h7orf57",-0.00152885808662527,0.59167897933367,0.997363418139039
"11568",25,"LOC111564007",0.000342828503765185,0.791764485161292,0.997363418139039
"11569",25,"LOC111563997",0.00200278979112137,0.473772490156051,0.997363418139039
"11570",25,"LOC111564002",0.00103555578931478,0.641171595545471,0.997363418139039
"11571",25,"als2b",0.00309098951656838,0.290201079278653,0.990065078286043
"11572",25,"LOC111581150",0.0014575727701426,0.171966546637583,0.989728643862784
"11573",25,"abi2b",0.0018596497176896,0.66976897422256,0.997363418139039
"11574",25,"LOC111581154",-0.00072624555885336,0.44881159571839,0.996463890020745
"11575",25,"LOC111581945",-0.00243588462280518,0.563450882402424,0.997363418139039
"11576",25,"gpd2",-2.72930232688508e-06,0.998907326496299,0.999223513981536
"11577",25,"LOC129348310",0.00155482920165358,0.279202677666951,0.990065078286043
"11578",25,"LOC111586012",0.000233027569164645,0.931469140629589,0.998213961771008
"11579",25,"sema5bb",-0.00172554950945477,0.418260042380956,0.996463890020745
"11580",25,"kpnb3",-0.00177190592363681,0.285085753842447,0.990065078286043
"11581",25,"atg13",-0.00108762671545088,0.404198582733151,0.996463890020745
"11582",25,"harbi1",6.55049965816858e-05,0.929195967995313,0.998213961771008
"11583",25,"zgc:110699",-0.000923973785867815,0.667792194645342,0.997363418139039
"11584",25,"LOC111585688",-0.00221502312708042,0.491265922161873,0.997363418139039
"11585",25,"LOC111585695",-0.00169754919124596,0.153318684383401,0.970592115793289
"11586",25,"stradb",-7.71877918955165e-05,0.959487466401682,0.998607408853002
"11587",25,"trak2",0.000228661433240925,0.779742462645733,0.997363418139039
"11588",25,"nudt15",0.000666547231751565,0.782945702796317,0.997363418139039
"11589",25,"LOC111566537",-0.000835861399692502,0.367481775708755,0.990313911305458
"11590",25,"cckbra",-0.0065024781353776,0.219117572707503,0.990065078286043
"11591",25,"nalf1a",0.000400937254648449,0.89706588281475,0.998213961771008
"11592",25,"LOC111566540",0.00309483101061723,0.232224144849159,0.990065078286043
"11593",25,"gpr137c",-0.000961207861988683,0.663777229846669,0.997363418139039
"11594",25,"txndc16",0.000159019081746491,0.933050380493406,0.998311327882942
"11595",25,"nid2a",0.0009152192967983,0.345074579473774,0.990065078286043
"11596",25,"rtraf",0.000703346925944653,0.318197700462191,0.990065078286043
"11597",25,"LOC111566541",-0.00192557043068671,0.394608793039305,0.996463890020745
"11598",25,"timmdc1",-0.000921571821739091,0.570034965691547,0.997363418139039
"11599",25,"LOC111566547",0.00236916238978285,0.0524232488157798,0.84618751263396
"11600",25,"LOC111586791",-0.00122738364612716,0.238203010102299,0.990065078286043
"11601",25,"LOC129348336",-0.00119312191309696,0.399212308588182,0.996463890020745
"11602",25,"LOC129348337",0.00156552492809591,0.0262063558280301,0.811535974992135
"11603",25,"LOC111575471",0.000419102470112395,0.625471584308919,0.997363418139039
"11604",25,"pspc1",0.0013727417844747,0.559603152836391,0.997363418139039
"11605",25,"mmadhca",0.00226661824413891,0.0185393511072568,0.811535974992135
"11606",25,"rnd3a",-0.000446669518721491,0.846222276594624,0.997363418139039
"11607",25,"LOC129348240",-0.00182838210141267,0.278538249863193,0.990065078286043
"11608",25,"LOC111575476",-0.00925471189801997,0.0147493087781907,0.811535974992135
"11609",25,"zranb3",-3.75517662873608e-06,0.998351824215483,0.999223513981536
"11610",25,"LOC111575478",0.00302638948592778,0.106167666106367,0.912203428875534
"11611",25,"LOC111575473",-0.00105758231116713,0.226225140737008,0.990065078286043
"11612",25,"LOC129348229",0.000844476188360704,0.347042219508097,0.990065078286043
"11613",25,"nbeal1",-0.00301189675766866,0.525270767924571,0.997363418139039
"11614",25,"LOC111579473",-0.00221398589944442,0.0509503845886509,0.84618751263396
"11615",25,"LOC111579472",-0.000976796463041142,0.341955619995886,0.990065078286043
"11616",25,"LOC111579458",0.000105244672333422,0.964977035612942,0.999083836643639
"11617",25,"cbsa",0.00196561222494593,0.098505033744235,0.905020048534428
"11618",25,"LOC111579465",0.00168954379983611,0.18309697834928,0.990065078286043
"11619",25,"LOC111579463",-0.00472084445442471,0.356453967636678,0.990065078286043
"11620",25,"LOC111580289",-0.000210698767901156,0.698839469715173,0.997363418139039
"11621",25,"LOC111580292",-0.00841191556053304,0.327270431074169,0.990065078286043
"11622",25,"LOC111580298",-0.00235212611628896,0.0242190631052878,0.811535974992135
"11623",25,"LOC111580288",-0.00416296802386916,0.25097704870851,0.990065078286043
"11624",25,"aamp",0.00136973685627026,0.126236633118133,0.932555352915868
"11625",25,"arpc2",0.000381992227793403,0.827284984525249,0.997363418139039
"11626",25,"slc19a1",0.00156246358480946,0.126232729309558,0.932555352915868
"11627",25,"LOC129348339",0.000775864994076967,0.363366712816701,0.990065078286043
"11628",25,"nfkbiz",-0.00015843396174566,0.847295426169173,0.997363418139039
"11629",25,"gk",-0.00357797800022338,0.201508552828311,0.990065078286043
"11630",25,"LOC111587764",0.00230274074355165,0.273555589144008,0.990065078286043
"11631",25,"zgc:65895",-0.00271700662357682,0.474079878073289,0.997363418139039
"11632",25,"mtrf1",0.00222003532602605,0.031792775378057,0.81589937682166
"11633",25,"LOC111587753",0.00393780916809072,0.280329352113799,0.990065078286043
"11634",25,"LOC111565647",0.00287354734529543,0.791037262493304,0.997363418139039
"11635",25,"LOC111565649",-0.000235490850800539,0.807133012788244,0.997363418139039
"11636",25,"spega",0.00149878567678813,0.793827013672675,0.997363418139039
"11637",25,"LOC111565636",-0.0039139058522447,0.531523710843252,0.997363418139039
"11638",25,"prox1a",-0.00094231484526728,0.41872755370806,0.996463890020745
"11639",25,"LOC129348326",-0.00106702505403238,0.249466639175187,0.990065078286043
"11640",25,"ccdc28a",0.000885860594566597,0.22488086166735,0.990065078286043
"11641",25,"mrps9",-0.00359402544357182,0.173580128671918,0.990065078286043
"11642",25,"LOC118471656",-0.000661397510870499,0.310347110403259,0.990065078286043
"11643",25,"LOC111581789",0.000134426981034069,0.850351329308037,0.997363418139039
"11644",25,"LOC111581816",-0.00584127202216812,0.240898206393577,0.990065078286043
"11645",25,"LOC111581829",0.00179645765569854,0.162861087304948,0.982724119992008
"11646",25,"LOC111572256",0.0044163177052312,0.204807459996708,0.990065078286043
"11647",25,"LOC111571822",0.00355675968016889,0.448621897344883,0.996463890020745
"11648",25,"lancl1",-0.00200546677824431,0.431453884870299,0.996463890020745
"11649",25,"LOC111571821",-0.00208401375778825,0.785461095849561,0.997363418139039
"11650",25,"LOC111563022",0.0027419880755193,0.371804733933184,0.990398034861638
"11651",25,"LOC111563020",0.000931749356940175,0.363700732301463,0.990065078286043
"11652",25,"mettl21a",0.011517022378558,0.439682743172159,0.996463890020745
"11653",25,"ccnyl1",-0.00160407842688783,0.130572338626977,0.944651905352208
"11654",25,"tns1a",0.000422941891234588,0.907898493144189,0.998213961771008
"11655",25,"LOC129348325",0.00196177123046236,0.363006628310189,0.990065078286043
"11656",25,"LOC111574289",-0.00184481591931905,0.0296436795388165,0.814336317015072
"11657",25,"igfbp2a",0.00108417937315513,0.579710313366965,0.997363418139039
"11658",25,"stk11ip",0.00125752204931778,0.589935722263792,0.997363418139039
"11659",25,"LOC111579052",0.0026931155520174,0.16532232381568,0.983634964087825
"11660",25,"LOC111571817",0.00240710783844401,0.4465689341313,0.996463890020745
"11661",25,"LOC118471094",-8.97401031484935e-05,0.959052762057585,0.998607408853002
"11662",25,"LOC129348221",0.000185278346933891,0.905254091443646,0.998213961771008
"11663",25,"LOC129348332",-0.000325975145293531,0.747460131384642,0.997363418139039
"11664",25,"LOC111569973",-0.000729512764677902,0.360294739644413,0.990065078286043
"11665",25,"LOC118470395",0.00227148008933255,0.0387739257713669,0.821523944916278
"11666",25,"LOC129348286",-0.00276907302851353,0.214591325699632,0.990065078286043
"11667",25,"LOC129348266",-0.000953597204104163,0.201757222214196,0.990065078286043
"11668",25,"LOC129348256",6.63898395012973e-05,0.9602414962313,0.998607408853002
"11669",25,"LOC118471215",0.00101381835078697,0.375999232503955,0.991163825330808
"11670",25,"LOC129348290",-0.00114799312581924,0.370143721178089,0.990398034861638
"11671",25,"LOC129347288",0.000545587801332676,0.665369401177248,0.997363418139039
"11672",25,"LOC129348282",-0.000722765167843523,0.810735492551928,0.997363418139039
"11673",25,"LOC129348301",-0.0019358307316641,0.541194781093393,0.997363418139039
"11674",25,"LOC129348289",-0.000672093656266245,0.628443911972265,0.997363418139039
"11675",25,"LOC118470442",-0.000351907272046852,0.759052784355812,0.997363418139039
"11676",25,"LOC111565021",0.00140223846885981,0.408155262632362,0.996463890020745
"11677",25,"LOC129348265",-0.00354942336765,0.0532227383037458,0.846757986085874
"11678",25,"LOC111580769",0.000372816283280149,0.624165456993797,0.997363418139039
"11679",25,"LOC111587271",-0.00102115899564524,0.467276196176657,0.997363418139039
"11680",25,"LOC111587276",-0.000829234597549335,0.284414032184672,0.990065078286043
"11681",25,"mid1ip1b",3.24428213732461e-06,0.996049588618917,0.999223513981536
"11682",25,"LOC111566053",0.00011217179389573,0.936531527031354,0.998607408853002
"11683",25,"creg1",-0.000920231966458406,0.326236190328666,0.990065078286043
"11684",25,"LOC111566059",-0.00185633728189796,0.216842239574282,0.990065078286043
"11685",25,"LOC111566052",-0.00077414016878515,0.734563090404061,0.997363418139039
"11686",25,"impg2b",0.000466051506819622,0.624410542414282,0.997363418139039
"11687",25,"senp7b",-0.000154089040947368,0.911957080686283,0.998213961771008
"11688",25,"LOC111569308",0.00175440962087003,0.23586260363967,0.990065078286043
"11689",25,"dph3",-0.00162365748784734,0.00993289380445496,0.811535974992135
"11690",25,"LOC111569301",-0.00179935756370926,0.666540923522206,0.997363418139039
"11691",25,"LOC118470358",0.000671621860194119,0.488763280690183,0.997363418139039
"11692",25,"eif5b",0.00203813508775372,0.239182776219661,0.990065078286043
"11693",25,"nhsl1a",0.00106663457906386,0.640906540913151,0.997363418139039
"11694",25,"LOC111574198",-8.40534089720751e-05,0.931400835657624,0.998213961771008
"11695",25,"fbxo3",-0.00163428180753941,0.479410330072529,0.997363418139039
"11696",25,"LOC111574205",0.000186062161834651,0.955923355281943,0.998607408853002
"11697",25,"fmnl2b",-0.00078366239737231,0.790093250336035,0.997363418139039
"11698",25,"vps16",-0.00298570738979935,0.102243112731485,0.912203428875534
"11699",25,"eef1b2",0.0050386322566883,0.139154368079515,0.957578775787136
"11700",25,"zdbf2",0.00173179975790004,0.434371216762804,0.996463890020745
"11701",25,"LOC111584452",0.00441279609198694,0.180459300213993,0.990065078286043
"11702",25,"lrrfip1b",-9.22064534937901e-05,0.97621190678497,0.999223513981536
"11703",25,"LOC111580121",-0.00177691500723326,0.329059221172378,0.990065078286043
"11704",25,"agap1",8.34074164830661e-05,0.988386444573739,0.999223513981536
"11705",25,"LOC111584936",-0.000986641962736877,0.239701572032349,0.990065078286043
"11706",25,"c2cd3",0.00126227808106431,0.319249797103212,0.990065078286043
"11707",25,"LOC111572686",-0.00042110415828785,0.897624583650015,0.998213961771008
"11708",25,"LOC111567251",-0.0009605684949057,0.295460200189076,0.990065078286043
"11709",25,"LOC111567241",0.000794396092778419,0.800555341421502,0.997363418139039
"11710",25,"LOC111581543",-0.00182596000987476,0.604491586698993,0.997363418139039
"11711",25,"LOC111582343",-0.00399386950983388,0.0894971612232751,0.8848525864663
"11712",25,"LOC111586500",0.000563117392033996,0.890004673468332,0.998213961771008
"11713",25,"LOC111573844",-0.000397367112524049,0.802644137008258,0.997363418139039
"11714",25,"LOC111574163",-0.00123178976360551,0.728459842575641,0.997363418139039
"11715",25,"LOC129348304",0.00179454338584466,0.230493784970823,0.990065078286043
"11716",25,"stat1a",-0.00450958488556117,0.0273303463429387,0.811535974992135
"11717",25,"sumo1",-0.00107751997268642,0.786338780619049,0.997363418139039
"11718",25,"map3k2",0.00128019277535792,0.418149322458,0.996463890020745
"11719",25,"si:ch211-113j14.1",0.000525520202652083,0.845191710720458,0.997363418139039
"11720",25,"tmem198b",0.000569520411615612,0.885003241796761,0.998213961771008
"11721",25,"dnpep",-0.000321046386887192,0.443512757720401,0.996463890020745
"11722",25,"LOC111562628",-0.00565030657842991,0.127022894116611,0.935436846566804
"11723",25,"LOC111562631",-0.001061830880915,0.447418248848299,0.996463890020745
"11724",25,"rpgrb",-0.00105949737982225,0.237275394587765,0.990065078286043
"11725",25,"s100b",-0.000317626752760392,0.90866872494944,0.998213961771008
"11726",25,"LOC111571217",-0.00114222410455561,0.34776335601332,0.990065078286043
"11727",25,"mfsd6a",0.000735187108632408,0.612003737035109,0.997363418139039
"11728",25,"LOC111586848",0.000717265924941202,0.605461742057579,0.997363418139039
"11729",25,"LOC111582068",-0.00235290697967869,0.0931766671195068,0.89059721170218
"11730",25,"LOC111586727",-0.000224976919891883,0.837395547065189,0.997363418139039
"11731",25,"si:ch211-246m6.4",-0.000920858440251236,0.59775269953218,0.997363418139039
"11732",25,"bzw1a",0.00285680843438341,0.357699315223559,0.990065078286043
"11733",25,"aox6",-0.000762822387355888,0.50179552175933,0.997363418139039
"11734",25,"arl4ca",0.00271488745371315,0.102175863748929,0.912203428875534
"11735",25,"LOC111570748",-0.00667686654306631,0.00114010072936281,0.811535974992135
"11736",25,"LOC118469282",-0.000705903423427173,0.575017608096908,0.997363418139039
"11737",25,"kynu",-0.000942213179597501,0.434352469248923,0.996463890020745
"11738",25,"pnpla4",-0.00179096330394234,0.0745853443448047,0.871360915888879
"11739",25,"LOC118470731",0.0070755524096099,0.467202236748245,0.997363418139039
"11740",25,"nlgn4xa",-0.00402326185817561,0.204461058826037,0.990065078286043
"11741",25,"prkx",0.000644939322053363,0.818305032391219,0.997363418139039
"11742",25,"dhrsx",0.000433294133946404,0.772060523377663,0.997363418139039
"11743",25,"LOC129348398",-0.00260324482857215,0.331106696215877,0.990065078286043
"11744",25,"LOC111574162",-0.00526969187223547,0.295506355912626,0.990065078286043
"11745",25,"LOC111575164",0.000752700327491841,0.554193884773136,0.997363418139039
"11746",25,"itsn2a",-0.000309957875206704,0.835098496140538,0.997363418139039
"11747",25,"dbn1",0.000416493336657176,0.827354958051414,0.997363418139039
"11748",25,"psma5",0.00295469588982221,0.0212814879510438,0.811535974992135
"11749",25,"LOC111578760",0.001374641584493,0.0118836755379348,0.811535974992135
"11750",25,"dctn1b",0.00202567621372891,0.0104810886866414,0.811535974992135
"11751",25,"LOC129348405",-0.00100062896520148,0.44651045653724,0.996463890020745
"11752",25,"armc8",-0.000739577899228959,0.667557427057659,0.997363418139039
"11753",25,"LOC129348407",-0.00137454732173194,0.539888972207675,0.997363418139039
"11754",25,"LOC111570002",0.00156361924772814,0.464227976736838,0.997363418139039
"11755",25,"LOC111569801",0.000211974034280234,0.781548488655833,0.997363418139039
"11756",25,"LOC129348410",-0.000893778230159533,0.067102812973754,0.869550081520816
"11757",25,"LOC111569015",0.000460015004543445,0.72637180940656,0.997363418139039
"11758",25,"LOC111582010",-0.000699623873023853,0.542658759532643,0.997363418139039
"11759",25,"LOC111576588",0.00142914939150333,0.311963701665933,0.990065078286043
"11760",25,"dclre1c",-0.00145923331810748,0.315493269991661,0.990065078286043
"11761",25,"LOC111585819",0.000600922917254933,0.591185064844849,0.997363418139039
"11762",25,"psmb2",0.0014850473583333,0.281628789846292,0.990065078286043
"11763",25,"LOC129348442",0.000970354619252297,0.0196672728580856,0.811535974992135
"11764",25,"eif4h",-0.00132678220959967,0.467768023421967,0.997363418139039
"11765",25,"LOC129348457",0.000468702126891039,0.836520655208214,0.997363418139039
"11766",25,"LOC118469666",-0.00235054522162154,0.0840669601455984,0.879796511098217
"11767",25,"LOC129348461",-0.00141156845744864,0.103509215993367,0.912203428875534
"11768",25,"LOC111581566",-0.00186300819418455,0.14309181626886,0.961958366203811
"11769",25,"LOC111586842",0.00151403162338131,0.743148761495106,0.997363418139039
"11770",25,"LOC129348467",-0.00128448103271364,0.456914285801543,0.997363418139039
"11771",25,"dis3l",0.000489729464176578,0.831377702445495,0.997363418139039
"11772",25,"LOC111562769",0.0010200936762587,0.268328134726176,0.990065078286043
"11773",25,"LOC129348469",-0.00147447055834113,0.0479298418959741,0.84618751263396
"11774",25,"nubpl",0.00196753618496983,0.210013202102075,0.990065078286043
"11775",25,"LOC129348475",0.000698479905552949,0.366905552381647,0.990313911305458
"11776",25,"mrpl13",0.000692271802457967,0.612495425862731,0.997363418139039
"11777",25,"si:cabz01090165.1",-0.00147034525009586,0.648787141568716,0.997363418139039
"11778",25,"LOC129348476",-0.00837863468073967,0.0163489241374688,0.811535974992135
"11779",25,"LOC129348484",-0.000131726168751597,0.865291519917111,0.997363418139039
"11780",25,"LOC129348487",0.000110756772395096,0.876004253791542,0.997890690913835
"11781",25,"LOC111588353",0.00129231025978729,0.594373446214882,0.997363418139039
"11782",25,"wdr13",0.00106824587100255,0.690928565181657,0.997363418139039
"11783",25,"porcn",0.00520868457673378,0.0293998251949249,0.814336317015072
"11784",25,"LOC111572647",0.00234413444197096,0.0955381370036461,0.896524409640733
"11785",25,"LOC129348494",0.000795049393940165,0.662231103219631,0.997363418139039
"11786",25,"LOC118471803",0.00380694209401804,0.0958225419926506,0.897765958907334
"11787",25,"LOC118471018",0.000146633226573942,0.855574652135097,0.997363418139039
"11788",25,"LOC111562855",0.00522444512878748,0.0928930313206869,0.890099216510316
"11789",25,"atp5mc1",-0.00563887951675455,0.32724478252,0.990065078286043
"11790",25,"KEG47-r02",-0.00622826756847185,0.58953600892202,0.997363418139039
"11791",25,"KEG47-r01",-0.00108128494593113,0.887465737949639,0.998213961771008
"11792",25,"KEG47-p13",-0.00138076071312382,0.904146706773343,0.998213961771008
"11793",25,"KEG47-p12",-0.00317007759237033,0.699935081199513,0.997363418139039
"11794",25,"KEG47-p11",-0.00496697634806097,0.728938022965544,0.997363418139039
"11795",25,"KEG47-p10",-0.0112447583236358,0.508809856267772,0.997363418139039
"11796",25,"KEG47-p09",-0.00886788777606834,0.074941254875488,0.871360915888879
"11797",25,"KEG47-p08",-0.00798841335536233,0.53914198626452,0.997363418139039
"11798",25,"KEG47-p07",-0.0080064079233635,0.516658368873304,0.997363418139039
"11799",25,"KEG47-p06",0.00406558874794159,0.650369453264771,0.997363418139039
"11800",25,"KEG47-t16",0.000594281817937475,0.283466875840513,0.990065078286043
"11801",25,"KEG47-p05",-0.00257434475929465,0.102327002994358,0.912203428875534
"11802",25,"KEG47-p04",-0.0029513795533661,0.815512266597862,0.997363418139039
"11803",25,"KEG47-t18",0.00129919048194,0.563601088034345,0.997363418139039
"11804",25,"KEG47-p03",-0.00393443992489954,0.53239157712194,0.997363418139039
"11805",25,"KEG47-p01",-0.00820787207595398,0.513659435428122,0.997363418139039
