CytoTRACE	Component1	Component2
D4M_AAACAGCCACCAGCAT-1	0.751887810140237	18.2024321518101	2.58554461070014
T17D_AAACGCGCATAGCAGG-1	0.925566343042071	4.44422647477446	-0.220914173804285
D4M_AAACGTACACAGGATG-1	0.215749730312837	3.06462607982953	21.8405208065378
D4M_AAATCCGGTAAGGTCC-1	0.960086299892125	-7.08820498355849	-19.6088195760389
D4M_AAATGCCTCGGCTAGC-1	0.186623516720604	-12.2965348472524	21.1142056114243
D4M_AAATGGCCAGTAAGTA-1	0.0507011866235167	10.2200481832046	-10.5606234628897
T19D_AACATCATCCGTCCAT-1	0.752966558791802	17.6065435953343	1.25772179352787
C15F_AACATTGTCCCTTGCG-1	0.78101402373247	0.697672209436445	2.57791535666995
D4M_AACCTAATCATTAGCA-1	0.376483279395901	-8.37040632250459	-3.44902825846905
C15F_AACCTTAAGGGATTAG-1	0.431499460625674	-11.0381113732067	-1.04210865498543
T19D_AACTAGCTCCCTGACT-1	0.12621359223301	11.5257600321834	-25.1076316881874
C15F_AACTAGCTCCTTAGGG-1	0.799352750809062	6.75133497307176	-0.102590722206826
D4M_AACTCACAGTCAATTG-1	0.146709816612729	-7.02750241960943	-4.63721906587994
C15F_AAGCATGAGCTCCTAC-1	0.0161812297734628	-4.92885116238627	-11.1650520398613
T17D_AAGCCTGTCGAGCTAT-1	0.957928802588997	-3.53657146368746	-19.5736178492191
T19D_AAGCGTTTCCTGGTCT-1	0.0884573894282632	13.6296897420017	12.1501194049979
T17D_AAGCTCCCAAGGGTTG-1	0.664509169363538	-7.31494052277748	-0.560363168637339
C15F_AAGGATGTCAACAAGG-1	0.480043149946063	-11.0677503933465	7.87982732652122
D4M_AAGTGTTGTAAATTGC-1	0.272923408845739	-7.93591773651138	20.2272245719864
T17D_AAGTTACGTTTGCTGT-1	0.798274002157497	-0.264855634607868	-5.1915181105488
C15F_AAGTTTGTCATGCATA-1	0.517799352750809	-14.2091158017743	14.1476399805405
C15F_AATAGAGGTTGACTTC-1	0.991370010787487	-5.07696814342104	-21.4241257883368
T17D_AATCCCTGTGGGTACT-1	0.524271844660194	9.68797944967784	-10.1453284872086
T17D_AATCCCTGTTAGGCGT-1	0.644012944983819	12.2912842768483	-9.00544707850902
T17D_AATCCCTGTTGGCCGA-1	0.374325782092772	-12.4685189870814	6.68303788195
D4M_AATCGCCCACCAACCG-1	0.620280474649407	-6.106886259772	16.0780678326021
T17D_AATCGCCCACCTAATG-1	0.571736785329018	-13.3902045869868	14.2955501174339
T19D_AATGCGCGTTCCATTA-1	0.522114347357066	-18.349089853552	-22.1644169342022
T17D_AATTACCCAGGGAGGA-1	0.432578209277238	-13.4230125745014	20.9269180169601
T19D_AATTAGCGTTACAACG-1	0.636461704422869	-9.95494414973702	3.06119495431963
T19D_AATTAGGCAACAGGAT-1	0.832793959007551	9.05475561745022	-3.83765162622996
T17D_AATTAGGCAGAGGGAG-1	0.798274002157497	14.3891300101884	4.0690856188205
T17D_AATTCGTCAGGACCTT-1	0.59546925566343	-1.29369007368171	-3.81319006133768
C15F_AATTGCTCATGTTGTG-1	0.519956850053937	-6.64546093843884	6.89135448407753
T17D_AATTTGGTCCTAGTAA-1	0.462783171521036	-8.90953683550354	22.8395037332314
C15F_ACAAACTGTTGCAATG-1	0.748651564185545	9.42919236439595	-8.99822145926144
C15F_ACAACACTCTAAATCG-1	0.992448759439051	-5.27697645438007	-19.5301527704551
T17D_ACACCTTGTGCAACTA-1	0.579288025889968	-18.428380343894	-20.9641169106689
T19D_ACAGCCGGTCTTACTA-1	0.318230852211435	-11.3242476022929	-1.24277374277598
C15F_ACATTAGTCGTACCGA-1	0.492988133764833	-5.12658600152842	4.11301430124431
C15F_ACATTAGTCTATCGCC-1	0.942826321467098	-10.2870756719782	-16.1562896713591
C15F_ACCAATATCTAAGGTC-1	0.54908306364617	-11.3413360076943	17.7630720090485
T17D_ACCAGGCTCCTTGCAC-1	0.93311758360302	2.76817752269536	-4.37207678812068
D4M_ACCATTAAGTATTGGC-1	0.542610571736785	21.7513292711477	0.0138949080206726
C15F_ACCGGCTAGTAACGGA-1	0.45091693635383	-9.76408133382506	9.62303806850693
T19D_ACCGGTTCACATTGCA-1	0.104638619201726	11.6054205907066	-20.9653701430541
C15F_ACCTAAGGTGAGACTC-1	0.480043149946063	-6.45085208002954	-14.5334760105923
T17D_ACCTGGATCTAGCGTG-1	0.813376483279396	-10.1568134080584	-14.6782857179558
T17D_ACCTTGCTCGTGCTTC-1	0.471413160733549	16.9302762370916	-15.5583674543888
C15F_ACGAACAAGTGAAGTG-1	0.0884573894282632	8.57352242721436	-20.7341281593035
T17D_ACGAAGTCACAATGTT-1	0.645091693635383	-7.91936359081009	7.23400920587722
T17D_ACGACTTAGTAAGTCC-1	0.924487594390507	-2.84574737105251	-15.5497317198545
T17D_ACGCACGGTCACAGCG-1	0.504854368932039	-13.9597029280952	14.9570069899312
T17D_ACGTTGTAGTGTTGTA-1	0.74217907227616	15.1830650565479	1.61505941394293
D4M_ACTAACGGTTTATCTG-1	0.870550161812298	10.6141159502706	-5.26804117794372
T19D_ACTAACTCATTCAGCA-1	0.400215749730313	-8.39631739217055	25.8586435832381
T19D_ACTAACTCATTTAAGC-1	0.403451995685005	-8.48582535827986	-2.74472623443984
T17D_ACTCACCTCATTAGGC-1	0.771305285868393	12.6454466596266	-6.0429901067288
C15F_ACTCAGTAGATAAAGC-1	0.852211434735707	8.45719008442151	-1.00534823836315
C15F_ACTCGCTTCAAGTGTC-1	0.993527508090615	-4.17043913435416	-17.2325402054362
T17D_ACTCGCTTCTCGACCT-1	0.276159654800431	15.1784100347175	-15.5907033197881
C15F_ACTTACAAGGGTGAAC-1	0.642934196332255	11.4315624328212	-4.39821239882395
D4M_AGAACCAAGCAAGACA-1	0.403451995685005	-9.38531867608582	14.5875862156486
T19D_AGAAGGTGTAACCACA-1	0.853290183387271	9.72096313255495	-4.36704955063407
T17D_AGACAATAGTAGCTTA-1	0.256742179072276	-9.21070122093372	26.611688618992
C15F_AGATGAAGTCAATGTG-1	0.718446601941748	11.3663086627138	-10.7403625794332
T19D_AGATGCTTCGTTAGCG-1	0.18554476806904	-17.8190927711276	12.3755323477424
T19D_AGCAAATAGCTCCTAC-1	0.638619201725998	8.25056882359882	5.76424717026353
T17D_AGCAAATAGGTGTCCA-1	0.740021574973031	10.0669944281951	3.60413782217141
D4M_AGCACTTAGGCTACAT-1	0.492988133764833	-9.11580060454443	24.22725747208
T19D_AGCATTTCAGGAAGCC-1	0.296655879180151	-19.2968815066848	-22.0345602325719
T17D_AGCATTTCATCGCTTT-1	0.50269687162891	-18.5032901101998	-21.2297424538441
D4M_AGCCGCTAGCCGCTAA-1	0.865156418554477	9.38511701077949	-1.261281558847
C15F_AGCGCCTAGGCCGGAA-1	0.947141316073355	-2.65458964232109	-17.9642436569745
C15F_AGCGGACCAAGCGAGC-1	0.0787486515641855	-13.2508627511874	-7.87987883428703
C15F_AGCTAACTCATAGCCG-1	0.541531823085221	12.807376778898	-9.98580748296931
T19D_AGCTATATCGCTTCTA-1	0.103559870550162	-8.61746139310393	-8.92432528703221
D4M_AGCTCATAGCTTCCCG-1	0.66235167206041	-8.67730204673697	16.5307567497104
T17D_AGCTTAATCCGGAACC-1	0.749730312837109	11.279838734019	-2.17994018921207
T17D_AGCTTCCTCTCCTCAA-1	0.280474649406688	-12.9773185923679	-2.01356118714593
T19D_AGGAAACGTTCTTTAG-1	0.27831715210356	13.0417676973201	-7.31423717784595
T17D_AGGATTGAGCCGGTAC-1	0.325782092772384	11.6345714282331	17.0997249085645
T17D_AGGCTAAAGCTAATCA-1	0.432578209277238	-17.4878551816216	-21.648386050066
T19D_AGGTATTGTGCAATGC-1	0.9277238403452	4.72148591654181	1.32219381034062
T19D_AGGTCATTCGGTACGC-1	0.58252427184466	-8.44115192118588	24.0332991060092
T17D_AGGTTGCGTCATGCCC-1	0.709816612729234	8.26841213107472	4.81844832546699
D4M_AGTAAACAGGTAACGA-1	0.75512405609493	8.32864223205295	3.2089921571224
T17D_AGTAACCTCCCTGGTT-1	0.689320388349515	14.325817591187	-4.05909802981511
T17D_AGTAATGCAAGGGTTG-1	0.453074433656958	-10.2089314588574	23.8832826277116
D4M_AGTCAGGCAGCAATAA-1	0.188781014023732	-5.58488839875765	24.5809927841176
T19D_AGTCGCATCATCCTAT-1	0.167206040992449	16.9295094556079	-17.603964122647
C15F_AGTGCACGTCCTCCAA-1	0.985976267529666	-6.55289286737295	-19.5466086489941
T19D_AGTGGACAGCGCCTTT-1	0.180151024811219	8.06125192449492	-20.4074172332894
T17D_AGTTACTCAACAGGAT-1	0.716289104638619	12.0917862331041	-4.27791008997944
D4M_AGTTGTCAGCCGCTTT-1	0.521035598705502	-8.48611304165984	17.1623327887221
T17D_ATAACGACAGCATGGA-1	0.691477885652643	-8.85548204552707	0.867490355261228
C15F_ATAAGTCGTGGGTGAA-1	0.660194174757282	1.41904396049581	6.21143420443855
T17D_ATACCTGCAGTCTAGC-1	0.736785329018339	-0.616912431380669	-6.73212312032896
T19D_ATAGATGCAGCTCAAC-1	0.487594390507012	-7.61975910978429	16.7674447321495
T17D_ATAGGTACATTAAGTC-1	0.697950377562028	9.05760721342564	-6.72271960279743
T17D_ATATAGGCACCTGCTC-1	0.562028047464941	12.6853923708282	-7.35930760351274
T17D_ATATGCATCAAAGGCA-1	0.411003236245955	-9.16178875770529	24.1090700345926
T17D_ATCACCCTCAGGAAGC-1	0.224379719525351	17.1323498439844	-14.547112360814
T17D_ATCACCCTCCAATAGC-1	0.631067961165049	-8.65352184717557	4.20821844001278
T19D_ATCAGGTTCCAAGTGT-1	0.901833872707659	16.3610552476958	2.38317422311081
T19D_ATCATGTCAAAGCTAA-1	0.64940668824164	7.21578315790585	7.11922550605919
T17D_ATCCCGCGTACAATGT-1	0.380798274002157	21.2860161420054	4.56207887338195
T17D_ATGAAGCCAATTTAGC-1	0.980582524271845	-10.7658489592886	-18.4895392651907
T19D_ATGACGAAGCTGTCAG-1	0.0571736785329018	7.45423505328116	-21.6284595944187
T19D_ATGCATTCAACAGGTG-1	0.968716289104639	-7.11697019268591	-13.6658259628949
C15F_ATGGCTTAGTCAATTG-1	0.144552319309601	9.62429996768595	18.7339374837799
T19D_ATGTAACGTTTAGCTC-1	0.0970873786407767	-12.9585562517468	-6.25242995996393
D4M_ATGTTGTCATCACAGC-1	0.748651564185545	1.8301732047882	-9.93429128969073
T17D_ATTCCTAGTGGTGAGA-1	0.714131607335491	-0.372337264608607	5.74653531884375
T19D_ATTTAGCCAACTGGGA-1	0.867313915857605	4.75610191945368	-0.363952559548335
D4M_CAAACAACAGCGCTTG-1	0.932038834951456	3.50954581896784	1.02426925717166
D4M_CAAACACTCAAATCGC-1	0.679611650485437	-8.12305070019676	7.69125077322097
T17D_CAAACATGTTAGACCA-1	0.826321467098166	5.59450599172348	-5.98450883769508
T17D_CAAACCGTCACAGCGC-1	0.646170442286947	-11.2472629169536	12.6731962709708
D4M_CAAACGCGTCAACAAT-1	0.507011866235167	-11.4673410693944	16.808900570761
T17D_CAAGACAAGCCTAATA-1	0.467098166127292	-12.6125824583362	-1.81143608354912
C15F_CAAGTAACAGGCTTCG-1	0.486515641855448	-13.0250461667229	15.8972047525937
T19D_CAAGTATGTTAGGTGC-1	0.906148867313916	18.9670177545692	1.69238382578048
T19D_CAATATGTCTAAGGTC-1	0.558791801510248	-4.36084098049719	7.98141796788855
T17D_CAATCGCCAAGATTCT-1	0.816612729234088	8.325793751496	4.9461369096807
T19D_CAATCGCCACAGGAAT-1	0.670981661272923	11.0303357561075	0.311030776054186
T17D_CAATGACTCATGCAAC-1	0.507011866235167	-1.52194421307046	-2.99694253675556
T19D_CACAGGGAGAATCTCA-1	0.747572815533981	10.5115635833462	3.63474461690947
D4M_CACATTAAGCGAGCGA-1	0.59546925566343	-10.5939688109057	15.3141493251182
T17D_CACGCAATCATTTAGG-1	0.704422869471413	-0.931831527085987	-4.16010142888115
T17D_CAGCAAGCAAACTGTT-1	0.909385113268608	4.03525698890051	1.26137796787988
T19D_CAGCAAGCAAGTGTCC-1	0.347357065803668	-15.2719715677822	14.618649192824
T17D_CAGCTCAAGCTTACTT-1	0.916936353829558	3.03782016242517	0.321283636958234
T17D_CAGGTCCAGTACTGGT-1	0.0431499460625674	5.13670347786191	-20.9662339232041
C15F_CAGGTTAGTCATTACC-1	0.162891046386192	17.4356740640394	-17.2472770780051
T17D_CAGGTTTAGGACAATG-1	0.296655879180151	15.6412978290542	-16.0168782184149
T19D_CAGTACCCAGCTTAGC-1	0.550161812297735	-18.8240389073798	-21.7011878857939
C15F_CATAAGCTCGAGGTGG-1	0.747572815533981	15.6192242181669	4.68545583516802
T17D_CATAAGCTCTTAGGAC-1	0.78856526429342	-11.2479865153313	12.4814383556718
D4M_CATAATGTCATCCTAT-1	0.696871628910464	-8.43007290768511	5.38410848485711
C15F_CATAATGTCATTTGCT-1	0.526429341963323	-9.66741419107161	-1.63583982533454
T17D_CATAGGCGTGTTAGCA-1	0.878101402373247	5.03649657506852	-1.41814495808968
T19D_CATCAGCCAAGGTCGA-1	0.391585760517799	4.75922019286825	16.0175976106291
T19D_CATCATAAGACCATAC-1	0.934196332254585	-6.86223644177285	-16.4410247519093
C15F_CATTGCGAGTCAGGCC-1	0.774541531823085	11.222582295974	-10.6837531968154
C15F_CCAAACCCATTTGCTC-1	0.764832793959008	16.7864043430013	5.1742093241523
T19D_CCAAATCAGTTAGCTA-1	0.0345199568500539	16.5640955361508	-6.27760417450277
C15F_CCAACATAGAGAGCCG-1	0.220064724919094	21.2322949017531	-9.08947893196964
T17D_CCACAATAGACTATTG-1	0.898597626752967	3.32400048670375	1.32071475719857
C15F_CCACAGGGTCTCACTG-1	0.0733549083063646	11.3689282063927	-15.3383087903633
C15F_CCACTTGGTAACGAGG-1	0.593311758360302	-11.1151329292157	0.223419190733216
C15F_CCAGCCTGTCCGGTTC-1	0.926645091693635	-2.55503051888685	-18.1494361125452
T19D_CCAGCTGCAAATGCCC-1	0.900755124056095	9.02688409888281	-5.92941426224822
T17D_CCAGGAACACCTCACC-1	0.790722761596548	-5.64331416246192	10.0705633018675
T17D_CCAGTTTGTTAAGTGT-1	0.766990291262136	10.2822252899324	4.85547516930741
C15F_CCATAATCAATAACGA-1	0.766990291262136	10.03597212033	-7.23405257968674
T19D_CCCAAACCAAACTCAT-1	0.806903991370011	4.9236195561001	-2.85113231133855
D4M_CCCTCATAGCTACTGG-1	0.599784250269687	-1.53976472290994	13.7657615064898
T17D_CCCTGTTAGCACAGAA-1	0.372168284789644	-1.15834095022992	7.49567906449793
T17D_CCGATGCAGGGATGAC-1	0.796116504854369	15.7223239428137	3.19731673661781
D4M_CCGATGCAGGTCTTGG-1	0.557713052858684	-19.2322013296037	-21.3975869216734
T19D_CCGCAAGGTTTAGTCC-1	0.700107874865156	-2.38684455181321	8.73337850210763
T19D_CCGGTAGGTCAACAAT-1	0.623516720604099	-1.52075458125982	-2.99478121384665
T17D_CCGGTTAAGGAACCGG-1	0.874865156418554	7.67353858135872	1.35585815928692
T17D_CCGTGCTGTGACCTGG-1	0.573894282632147	-10.1923349397254	2.4449714486681
T19D_CCGTTAACACCTAATG-1	0.377562028047465	-11.6177180552141	6.08914622353472
C15F_CCGTTACTCATAGCCG-1	0.234088457389428	18.1305876177804	-6.84647869960874
T19D_CCGTTGCGTTACCGGG-1	0.455231930960086	-8.26485902937869	23.3738200453538
C15F_CCGTTTGGTAATCGTG-1	0.998921251348436	-5.05251365881012	-20.5814045093904
T17D_CCGTTTGGTTAAATGC-1	0.307443365695793	-4.18375742648055	-4.83496789383177
T17D_CCTAAGGTCATGCATA-1	0.962243797195254	-10.8730101674318	-17.072302345813
T19D_CCTACTTCAATCCTGA-1	0.667745415318231	17.8868689695322	3.72279589569264
T17D_CCTCAATGTTAGGCTA-1	0.86084142394822	4.67684255029255	-3.19559705968658
T19D_CCTTACTCAGTGAACG-1	0.388349514563107	-8.39691711367383	22.6161272064806
C15F_CCTTCGTAGGAAGCTA-1	0.512405609492988	8.67941155239489	9.7406107140803
T19D_CCTTGTTCAACTCGCG-1	0.799352750809062	8.24544559073278	-1.65667289532937
D4M_CGATCCTTCGGTTCCT-1	0.792880258899676	-2.7440588037859	9.22628405985724
T17D_CGATGTCCACTAAGCC-1	0.365695792880259	-14.924283486875	1.76684906514471
T17D_CGATTCCTCCGTCCAT-1	0.858683926645092	8.27998095366196	0.657368245041967
T19D_CGCAATAGTTTAAAGC-1	0.92017259978425	5.28337153708063	1.01810076395889
T17D_CGCACCACAGCCGCTA-1	0.573894282632147	12.1815354995964	-13.5903185470086
T17D_CGCCTCATCGGTTTGG-1	0.261057173678533	-11.4725272188104	24.73774612077
T19D_CGCTACTTCCGGAACC-1	0.928802588996764	3.23320770873275	-1.33244849035482
T19D_CGCTGTGCACAGAACG-1	0.559870550161812	-10.612025216985	11.5333169003039
T17D_CGCTTACTCAGCACGC-1	0.915857605177994	3.67616264876654	-4.40056943770332
C15F_CGCTTGCGTTCAAGAT-1	0.583603020496224	-13.0129299006911	15.5372581869427
C15F_CGGATAAAGCCAGTAT-1	0.829557713052859	8.8277787492156	-2.01491951890026
T17D_CGGATTAGTGATGGCT-1	0.24487594390507	-9.16265955624139	27.2090127013746
D4M_CGGCTAATCAGGGCCT-1	0.339805825242718	-5.07948411828268	19.5169621176919
C15F_CGGCTAATCGGGACCT-1	0.64940668824164	-10.0675187410254	8.42442638355183
T19D_CGGTGAACAGGCATCT-1	0.0388349514563107	5.91366647054036	-18.5830537782096
D4M_CGGTTGGGTCATAGAT-1	0.58252427184466	-7.92722975116345	17.6080812876616
T19D_CGGTTTCTCCGCATGA-1	0.525350593311758	0.7862670560699	-7.02738459932013
T19D_CGGTTTGAGGAATAAC-1	0.892125134843581	-0.206225650750661	2.81149532085753
T17D_CGTATTGCAGTTTGGC-1	0.624595469255663	11.744952242017	-3.53881274946209
T17D_CGTGTGTCATTCCTCG-1	0.770226537216828	2.51637161127441	4.34110140347842
D4M_CTAAATGTCATGTGGT-1	0.763754045307443	-11.3084907713746	6.98538741114355
T17D_CTAACCCTCACACAGT-1	0.201725997842503	23.0994954221126	0.109510768415106
T17D_CTAAGTCAGGAGGACT-1	0.469255663430421	-12.3139664404024	21.1845800833884
C15F_CTAATCCGTATTCGTC-1	0.830636461704423	7.4285096028897	-7.27593577387209
D4M_CTAATGTCAAGCCAGA-1	0.140237324703344	-13.3744051038636	-9.98455801316431
T19D_CTAATGTCAAGCTAAA-1	0.339805825242718	-10.5971061940636	24.0788804750843
T19D_CTAATTGAGATGGACA-1	0.607335490830636	5.84127597036443	8.32882885297871
T19D_CTACCTCAGCGGATAA-1	0.320388349514563	-4.33822950252083	23.0685905031604
T17D_CTACGAAGTTAGGATT-1	0.891046386192017	12.3677832382457	0.180346216840577
C15F_CTACTAAAGTGTTGTA-1	0.656957928802589	17.5871644227645	3.91386971565946
T19D_CTAGGCGGTGAGCGAA-1	0.621359223300971	18.7940365842562	-7.8439743502921
T19D_CTAGGCGGTTAGTTGG-1	0.13915857605178	22.0067804854167	4.23124417639484
T19D_CTAGTCGAGTGAACCT-1	0.740021574973031	10.811679700661	5.20100210128179
C15F_CTAGTGAGTGGATGTC-1	0.480043149946063	-14.3218370182288	17.1973237287368
C15F_CTATGATCAAACTGCC-1	0.977346278317152	-10.6239077436968	-17.4291650035108
T19D_CTATGGCCAGTAGGAT-1	0.650485436893204	15.7599419924462	5.48420837390921
T19D_CTATGGCCATGTTGTG-1	0.947141316073355	-3.83200475845431	-8.96557140860094
C15F_CTATGTTTCCCTCACG-1	0.699029126213592	6.4127440153076	-7.73712463246202
D4M_CTATTGAAGTCACCTC-1	0.401294498381877	-10.5572889109615	25.6601585552188
T19D_CTCAATAAGTACCGCA-1	0.469255663430421	-8.20231181606632	20.2424431751914
D4M_CTCATCATCTCAATGA-1	0.526429341963323	-9.24202471640245	24.2856587985211
T17D_CTCATTAGTCGTAAAT-1	0.283710895361381	-10.6103026831739	24.6869124651228
T17D_CTCATTTAGTAACGAG-1	0.921251348435814	1.36994946896571	-4.13486046617272
T17D_CTCATTTAGTATCGCG-1	0.194174757281553	-12.0298233698415	17.0222611866298
D4M_CTCCAAACAAGTAAGC-1	0.887810140237325	4.13305312732432	3.14186088667466
T19D_CTCCAAACATTATGCG-1	0.618122977346278	-11.2876788250193	13.7774209134452
T17D_CTCCGTCCAATAGTCT-1	0.326860841423948	14.5008620521078	-15.9359731758119
T17D_CTCCTAATCTAAGGAG-1	0.626752966558792	-9.85521006574763	7.30951062043168
T17D_CTCGCTCCAGGCGATA-1	0.778856526429342	1.10380813996196	-6.51728354894126
T19D_CTCGTTATCATTACAG-1	0.946062567421791	2.69544506959448	-2.90472827430077
C15F_CTGGCTAAGTAGAGGC-1	0.856526429341963	10.1530035412463	-4.54596076827207
T19D_CTGGTTACACTTAGGC-1	0.293419633225458	-4.92735670857754	-6.48652809004368
T19D_CTGTATTTCAGGCTAT-1	0.453074433656958	-11.1512976178138	-0.284663291600276
T19D_CTGTTCATCGCTTGCT-1	0.769147788565264	10.4642561741027	-5.44972178595999
T17D_CTGTTCATCTTGACCC-1	0.922330097087379	2.89424551101133	4.29175567692559
T17D_CTTACTAGTGGTTATG-1	0.251348435814455	-17.0391942935555	10.3828684716264
C15F_CTTAGGAGTAAATTGC-1	0.942826321467098	-4.92441713423653	-18.5871859017076
T17D_CTTATTGGTGCGCATG-1	0.811218985976268	7.0948759859475	2.21476722656505
C15F_CTTCATCCACCAGCAT-1	0.836030204962244	6.3336526017887	2.19757092644439
C15F_CTTCATCCAGGCATGA-1	0.44336569579288	9.92117004330455	-22.3658479015872
T17D_CTTGAACAGGAGGACT-1	0.61596548004315	-7.27448136178725	25.3459173994518
D4M_CTTGAATCAGGCTAGA-1	0.563106796116505	5.61835549370888	-9.07494650727524
C15F_CTTTAGTTCAACCAAC-1	0.751887810140237	2.48653958536174	0.722815422887524
C15F_CTTTAGTTCTAATCTC-1	0.217907227615965	22.5300136548006	3.36346997352977
C15F_CTTTGTCCAAGCTTTG-1	0.144552319309601	-9.30706195207003	-11.0958233385147
T17D_GAACCTTAGCTCCTAC-1	0.915857605177994	-2.06582135667375	3.6222199595143
D4M_GAACGAATCCTCATCA-1	0.853290183387271	13.4702379777037	4.04073599560062
T17D_GAAGCCTGTTAACACG-1	0.61596548004315	-7.77108354870714	-0.605133077581407
T19D_GAAGTGATCCTCGATC-1	0.00862998921251348	8.21922605048492	-15.9522044759166
T19D_GACCTAAGTAAGGTTT-1	0.717367853290183	17.8912969076167	2.77878955461161
T19D_GACCTGCAGCACAGGG-1	0.872707659115426	7.05150736868547	-4.16670645223322
T19D_GACTATTCAAAGGTAC-1	0.436893203883495	-8.37823725751879	23.6425753311237
T19D_GACTATTCAAGCTAAA-1	0.969795037756203	-10.1554729144047	-14.9501884383261
T17D_GACTATTCATAATCGT-1	0.761596548004315	11.3416517893279	-0.566570732217618
T17D_GACTTGGTCCTGGTCT-1	0.994606256742179	-2.67094195929195	-21.063100576591
T17D_GAGCAAATCCATTACT-1	0.997842502696872	-6.20168908181146	-20.7454311852054
T17D_GAGCGATAGATAACCC-1	0.256742179072276	-12.213642609241	9.49603667364229
D4M_GAGCTAGCATAGCGAG-1	0.288025889967638	-13.6847704814456	-0.289997365051984
T17D_GAGCTGCTCACATTGA-1	0.47680690399137	-4.85651838529214	-6.5242775654282
T17D_GAGGACTAGTTGTCTT-1	0.551240560949299	-11.5828041333106	5.00142589145484
D4M_GAGGCCTTCGATTCTT-1	0.387270765911543	-11.2562079324381	23.5499535418622
C15F_GAGTCATTCATAGACC-1	0.769147788565264	16.9211964477351	1.4853624228977
C15F_GATAACGAGGCGCACT-1	0.924487594390507	-4.42041958816237	-15.0192595586078
D4M_GATCGATTCCCTTGCG-1	0.919093851132686	4.64477412767028	-2.33115904425825
D4M_GATCGATTCGGTCAGC-1	0.765911542610572	9.81947409324529	-8.55531906295422
T17D_GATCGCTCAGGTATTT-1	0.644012944983819	-9.57704023750994	-0.409804239239979
D4M_GATGGACAGGCCCAGT-1	0.13915857605178	-14.6886924544096	-4.40802225085782
T17D_GATTAAGCAGGCATCT-1	0.249190938511327	-7.54948560800033	26.1761025048844
D4M_GATTATGTCCGGTATG-1	0.274002157497303	22.267784709099	3.99310439984639
T17D_GATTCAATCCTAAATG-1	0.899676375404531	6.98724151391208	1.7550810386315
T19D_GATTCAGGTTTCGCGC-1	0.943905070118662	-2.31385380419416	-18.4765831362626
T19D_GATTCGCCAATTAAGG-1	0.971952535059331	-5.45685412489968	-19.7532021787546
T17D_GATTGCAGTGTTGTAG-1	0.303128371089536	-15.1758663467555	16.8391916115774
T17D_GATTGTTCAGGAAGCC-1	0.209277238403452	-12.7711532284715	8.01377449221817
C15F_GATTTGCAGTTTAACG-1	0.817691477885653	4.48056782883448	-3.15734465990917
T17D_GCAATATGTGCCGCAA-1	0.341963322545847	-9.19066979772658	24.3572221828758
T17D_GCAATGTTCCGGTATG-1	0.166127292340885	8.25698543246415	-22.1168369247423
D4M_GCAGCTATCTTGGATA-1	0.67529665587918	10.3863858921181	-1.8000027478706
T17D_GCAGGACCAGGCTGTT-1	0.777777777777778	10.2748481492738	-7.77608893855777
T19D_GCAGGCTTCAAACTCA-1	0.770226537216828	14.0565485176418	-2.12291483073946
T17D_GCATCCTTCGTTAAGC-1	0.872707659115426	-6.61672127652506	7.78614928175305
T17D_GCCAACATCTCGCCCA-1	0.691477885652643	-5.05720645352969	2.29338731150618
C15F_GCCACAATCCTAATAG-1	0.313915857605178	9.28860412639255	18.218900058867
T17D_GCCACACAGACTTACA-1	0.6957928802589	20.8707199264458	3.12707737606934
T19D_GCCAGGTTCTAACCTT-1	0.326860841423948	8.22269350017196	-21.5304712900024
T17D_GCCCAAATCAGGAACA-1	0.599784250269687	-7.02440447912674	-1.19813375516372
C15F_GCCCAAATCGATCAGT-1	0.00107874865156419	20.3994838202031	-5.19435665733723
D4M_GCCCAAATCTATCGCC-1	0.758360302049622	9.95257829126938	3.82062077068309
T17D_GCCCGTTGTCCGTAGG-1	0.776699029126214	9.76455938897564	3.91188251848047
T17D_GCCCGTTGTGCATCGG-1	0.429341963322546	17.5269860656014	-18.1529930967295
T17D_GCCTATTGTTTAGTCC-1	0.789644012944984	-6.24740268918703	6.55314445814295
T17D_GCCTGACAGGAGCAAC-1	0.921251348435814	4.81632222428837	1.30584403504854
C15F_GCCTGTGCAGCAATAA-1	0.807982740021575	11.2028067288507	3.41216690162489
T19D_GCCTGTGCATGAATAG-1	0.929881337648328	5.49063585851582	-2.45551633007246
D4M_GCCTTAACAATTATGC-1	0.967637540453074	22.58715673448	0.187356203976391
D4M_GCGATTAGTAATCGGC-1	0.888888888888889	13.5728473991983	3.57081126965255
D4M_GCGATTAGTTTAGCGA-1	0.938511326860841	-1.4591755170309	-15.4436903199532
T17D_GCGGAACCATACTCCT-1	0.793959007551241	-1.6147065687332	7.58443080303632
T17D_GCGGGTTTCTTTGTAC-1	0.627831715210356	-2.28368568343015	8.71561880681705
T19D_GCGGTTATCGCTAAGT-1	0.45631067961165	6.85538313588353	8.56227482674949
T17D_GCTAACCCAGAATGAC-1	0.0485436893203883	-11.4084256348683	-8.06593877306897
D4M_GCTGACCAGTTATCCT-1	0.725997842502697	-3.83014374477989	10.7059543593147
C15F_GCTTACCTCCTAAGGT-1	0.678532901833873	-8.02507262655862	8.66964707567188
D4M_GCTTGACCACCTACGG-1	0.511326860841424	8.6783874874422	-10.4270150008526
D4M_GCTTGTTGTTGCGCGA-1	0.276159654800431	15.7955158342663	-16.3881538594034
C15F_GGAACCTGTCCTTTAA-1	0.733549083063646	10.8034740483061	5.61699736962623
T19D_GGAACGGTCCAGGGAG-1	0.769147788565264	7.78864909730124	0.954813884577682
T17D_GGAATCTTCTATCGCC-1	0.156418554476807	20.5296541514813	6.07660829242721
D4M_GGACATAAGCAGCTAT-1	0.916936353829558	-5.22612449405603	-14.2884831686707
T19D_GGACATAAGCATGGTT-1	1	-3.90790192443838	-18.5927557179508
T19D_GGACATAAGGACGTAA-1	0.985976267529666	-10.4079591156624	-14.268418715955
T17D_GGACATAAGTTGGCCA-1	0.56957928802589	-18.612427843865	-21.7135093565775
T17D_GGACGGATCCCGAAGC-1	0.0733549083063646	-8.61544675303095	-8.51965834959771
C15F_GGAGTGAGTAGTAAGA-1	0.461704422869471	-10.6887185712595	9.71923934359011
D4M_GGATACTTCTCACTAT-1	0.861920172599784	9.58316130747734	-2.02622785870286
C15F_GGCAATCGTGTGCACG-1	0.770226537216828	12.6171930332962	-6.10083308185343
D4M_GGCATTGTCATCCTGC-1	0.519956850053937	-7.1106842190188	25.6661180007587
T17D_GGCCGTTAGAAACTGG-1	0.26537216828479	16.6029019028571	-17.4085966823669
C15F_GGCCTAATCGTGCTTC-1	0.674217907227616	-8.79356195164863	14.8435781099893
T19D_GGCCTTAAGGTAAGGC-1	0.435814455231931	-13.1177884649556	16.9176097238686
T19D_GGCTAGTGTCCGTAGG-1	0.352750809061489	-13.0952288985083	24.5735618227674
C15F_GGCTAGTGTTACTAGG-1	0.580366774541532	-10.5555790019778	14.6683577009156
C15F_GGCTTCAAGGATAAAC-1	0.737864077669903	-3.90506127345655	10.7304863276676
D4M_GGGCAATAGCTAAGTC-1	0.509169363538296	-8.67658784368516	22.7043571444026
D4M_GGGTTACGTTGGCCGA-1	0.973031283710895	-5.45396087441634	-19.0034707432113
T17D_GGTAACTTCAAACCGT-1	0.594390507011866	12.6470968736013	-10.425793787807
C15F_GGTACTTAGTTATGTG-1	0.00647249190938511	-2.50917250364577	-10.0756547134033
T17D_GGTATTGGTAAGCACC-1	0.815533980582524	4.29212596144118	-8.16280498536706
C15F_GGTCAAGCAGGTTACC-1	0.763754045307443	-4.12835238734758	1.37249296279102
T17D_GGTCCTGCATTAGCGC-1	0.645091693635383	17.5608976357336	3.88186122593369
T17D_GGTGAGGTCCTTGCGT-1	0.706580366774542	-2.33587638744382	9.60047360302735
T19D_GGTGAGTAGTTTGAGC-1	0.344120819848975	-11.3127864348075	21.2169449087179
T17D_GGTGTGACATAGACTT-1	0.731391585760518	16.1255591267521	3.20882848029017
T19D_GGTTACCCAGTTTGTG-1	0.744336569579288	-6.70170410120266	14.9525683256207
T17D_GGTTATGGTTGAGGTC-1	0.367853290183387	-1.48675606353512	3.50432734095464
D4M_GGTTCCCGTACTGATG-1	0.314994606256742	22.6828622959126	1.14574477531251
T19D_GGTTGACGTCATCAAG-1	0.638619201725998	12.1967289453625	-9.03693172436396
C15F_GGTTGCATCGTCAAGT-1	0.426105717367853	-16.2270539197191	17.4930459715092
D4M_GGTTGGTGTCATCCTG-1	0.207119741100324	2.9752914935399	-16.0798674691021
T19D_GTAAGCTTCCGGTTGA-1	0.713052858683927	12.0004255180194	-0.924433051265666
C15F_GTAAGGTCAGGATAAC-1	0.807982740021575	14.5869939014451	6.39492248172938
D4M_GTAGCGCTCCAAGTTA-1	0.298813376483279	-14.7845633651782	17.9060878185493
D4M_GTAGCTGTCGTTAAGC-1	0.669902912621359	-8.25694554087382	7.06826045890268
T19D_GTAGGATCAGCTAATT-1	0.349514563106796	20.0174676807345	5.1461946586975
T17D_GTAGGATCATAAGGAC-1	0.373247033441208	-6.34973941728418	22.3446051492357
T19D_GTAGTTTCATGTTGGC-1	0.149946062567422	-15.5909124970946	1.09890890471728
C15F_GTAGTTTCATTGCGTA-1	0.600862998921251	-14.8893696109001	15.1984291283862
D4M_GTCATCCTCTGGCATG-1	0.308522114347357	-10.9128700999103	14.1947983953419
D4M_GTCATGAGTGTCACGG-1	0.45091693635383	-4.46211194621618	23.0112461784181
T19D_GTCCAAGTCCTCACAC-1	0.964401294498382	-4.31740951228363	-19.2610159472001
D4M_GTCTAATCAGTAAAGC-1	0.757281553398058	6.8849768928319	0.539635294452429
D4M_GTCTAGCCAGCAAATA-1	0.921251348435814	6.00400257836622	1.67015353752319
T17D_GTCTATCGTCATAGAT-1	0.470334412081985	10.9686240904744	-14.298990833797
T17D_GTCTATGCAATTGAAG-1	0.387270765911543	1.41309241248246	12.3671087467313
T17D_GTCTCACTCAAATCGC-1	0.190938511326861	-17.4418276547492	8.14680281125289
T17D_GTCTCACTCGTCCTTA-1	0.17259978425027	1.89900922440754	-10.1063486093373
D4M_GTGCAAGCAGACAAAC-1	0.0248112189859763	-11.4006659315278	-2.07127951360775
D4M_GTGCACGGTTTAGTCC-1	0.980582524271845	-2.5267853132538	-20.8500060945688
T19D_GTTCCTTCACTAGCGT-1	0.72168284789644	12.7825377562024	-9.09569150230235
T19D_GTTCGCTTCGCAAACT-1	0.594390507011866	-0.7226105859606	8.04977896809301
D4M_GTTCGCTTCTAAATCG-1	0.845738942826321	8.65372378221763	-3.2098261660042
T19D_GTTCTTGTCCGGTTAG-1	0.82740021574973	11.8961501375495	-4.28454977268525
D4M_GTTCTTGTCCTTTACG-1	0.68824163969795	-2.99021261946533	9.92828795662348
T17D_GTTGCATAGGGCTAAA-1	0.627831715210356	13.8357924961617	-10.8669109500944
T17D_GTTGGCCAGATAGACG-1	0.398058252427184	15.1303086752179	-10.5073966738559
T17D_GTTTATCTCCTCGATC-1	1	-6.85868233510039	-18.9136099234799
C15F_GTTTCCTCAGAGGGAG-1	0.41747572815534	14.6041060297332	-4.04771113757043
T17D_TAACAAGCAGTTTACG-1	0.730312837108954	-7.40625899141856	-0.169409018691803
T17D_TAAGCTATCCGTAAAC-1	0.0787486515641855	-7.48692619778838	-9.39921111292988
D4M_TAAGCTGGTAGGTTAT-1	0.650485436893204	-4.74874130547365	11.1815847541788
T17D_TAAGGCTTCGGTTCCT-1	0.714131607335491	9.01815964674372	5.63423862397281
T17D_TAAGTGCTCATGGTGT-1	0.858683926645092	5.6863750050659	-1.8428041049736
T19D_TAAGTGCTCTTAGTCT-1	0.286947141316073	22.8199233387026	0.720618403011192
D4M_TAATCACCAACAGCCT-1	0.0485436893203883	6.42733000285004	-20.7214589679016
D4M_TAATCACCACATTGCA-1	0.238403451995685	16.3632069410031	-15.8547127836239
T17D_TAATGGTGTCAAACTG-1	0.685005393743258	-2.82748180132206	9.164499616438
D4M_TACAACATCTCAATTC-1	0.949298813376483	-5.34554483365246	-19.208788618748
D4M_TACAATGTCATTGCGG-1	0.915857605177994	6.89213621781798	-5.62944217430348
T17D_TACCAGGTCAATCATG-1	0.499460625674218	8.42964034363694	-10.9798174815591
T17D_TACCCGGCATAAGGAC-1	0.262135922330097	10.6747117263583	7.69493512924304
T17D_TACCGTTGTACCTTAC-1	0.68284789644013	9.02347968227508	-12.5210400465312
C15F_TACCTCATCGCTAAGT-1	0.760517799352751	14.486095841119	2.47500551069675
T17D_TACCTGCTCGCCTAAG-1	0.83495145631068	-0.976981444593696	-18.6721912052802
D4M_TACGCACCAACTAGAA-1	0.864077669902913	6.94817848429316	1.3845942489356
T19D_TACGCACCAGGAAGCC-1	0.618122977346278	-6.30795093061872	12.6222406347209
T19D_TACTGGCCACAATACT-1	0.587918015102481	-11.1816369482646	14.0959747353937
T19D_TACTGGCCACTTAGGC-1	0.442286947141316	-9.80236307504326	10.1460432795058
D4M_TACTTGTTCCGCAAAT-1	0.122977346278317	-2.97194633173209	-9.02675482762281
T17D_TACTTGTTCCGGAACC-1	0.313915857605178	3.35682882825557	-11.0791966462247
D4M_TAGAGCCGTACTGAAT-1	0.606256742179072	-8.82480413776178	17.3666383291922
T19D_TAGCATATCACTTCAT-1	0.553398058252427	16.6658119079051	-6.0575982060334
D4M_TAGCCGGGTTCGGTAA-1	0.782092772384035	13.0030604354902	-8.27520783145416
T17D_TAGCGGACATTGTGCA-1	0.715210355987055	16.7898546494038	3.02443377804857
T17D_TAGCGGCTCTGTGCCT-1	0.157497303128371	8.88663879892642	-19.4708992391454
T17D_TAGCTAATCCTTGCGT-1	0.596548004314995	9.40451695089588	-20.8266678492985
T19D_TAGCTTGCACGTAATT-1	0.243797195253506	-4.45265388054935	-7.41907011214197
C15F_TAGGGTTTCCCTCTAA-1	0.730312837108954	-0.537887803952252	-8.28621048912268
T17D_TAGGTTGGTAAGGTCC-1	0.4638619201726	-4.75788628425228	14.2754227197067
D4M_TAGTAACGTTAAGTGT-1	0.777777777777778	-5.65817173201307	2.00935304507864
T17D_TAGTCAATCATAACGC-1	0.124056094929881	10.9378108988202	-27.2262746513955
T19D_TAGTCAATCCCTCAGT-1	0.531823085221144	-4.52986993954335	6.06182962530323
D4M_TAGTGGCGTTCCATTA-1	0.804746494066882	7.04049165207666	-1.17574730676201
T19D_TAGTGTGGTCACGGAT-1	0.687162891046386	-7.79724901336176	-2.54766880318476
T19D_TAGTGTGGTCGCAATA-1	0.680690399137001	10.2978583543845	0.82070725248089
T17D_TATAACCCAGTTTGTG-1	0.426105717367853	-8.39813037747087	26.2228765912093
C15F_TATAGGTGTTGGATCA-1	0.587918015102481	1.1346397698374	10.3742493232353
T19D_TATATCCTCAACAAGG-1	0.147788565264293	-5.67125215342566	-4.34285534961882
T19D_TATATCCTCAGAAACG-1	0.925566343042071	1.75170433957487	-1.55000241821173
T17D_TATCACGCACCTGCTC-1	0.796116504854369	-2.88197929118565	9.17176189869393
T19D_TATGGATGTTTAGTCC-1	0.689320388349515	-8.06300105348309	10.3723244262114
D4M_TATGGCCCAGCTTAAT-1	0.367853290183387	-11.5171724299698	21.4223332536542
C15F_TATGGGCGTAAGGTCC-1	0.741100323624595	11.4072068061588	-6.06686036195252
T17D_TATGTGATCTAGCGAT-1	0.286947141316073	13.7665642990178	-7.05227845272734
T17D_TATTACCTCCATTACT-1	0.850053937432578	10.1888128203075	-3.95839545307674
D4M_TATTGACCAACCCTAA-1	0.9277238403452	3.14396088800887	5.15218702479599
C15F_TATTTGCTCACGAATC-1	0.782092772384035	-6.25474783726138	11.3766568878767
D4M_TCAAGAACACAACAAA-1	0.539374325782093	-9.47818633356983	22.942037664946
T19D_TCAAGAACATTGTGAT-1	0.81445523193096	9.33855318025764	-8.70761115112083
T17D_TCAAGACTCTTGCAGG-1	0.900755124056095	3.33149990703181	1.42788942387874
T19D_TCAGGAGCACCTAATG-1	0.892125134843581	5.463671666011	-2.26482671469089
D4M_TCAGTGAGTTTAGCGA-1	0.804746494066882	4.78729714934644	2.44016140904804
C15F_TCATAACCACTTACAG-1	0.727076591154261	7.52288427803244	-9.66321668592567
C15F_TCATGTTTCCCTCAGT-1	0.797195253505933	-5.17336690911165	7.93656030446933
T17D_TCATTGTTCCCATAAA-1	0.316073354908306	8.1689784969456	-17.8485914068242
T17D_TCATTTGGTATTGGAT-1	0.343042071197411	-9.15244213593405	24.2286136759138
T19D_TCCAGCAAGGTCCAAT-1	0.976267529665588	-6.24610573741147	-18.6438940414476
T17D_TCCATAAAGTAACTCA-1	0.268608414239482	-5.8094718492649	22.7852276519264
T17D_TCCATATTCTACCTAT-1	0.968716289104639	-5.56118499022359	-19.7314174070506
C15F_TCCATGCTCACAGCGC-1	0.528586839266451	-12.9246476401097	16.0292453267359
D4M_TCCATTGTCTTGTCTG-1	0.843581445523193	-1.66912907412162	7.0028951716853
T17D_TCCGGAATCCGGTATG-1	0.991370010787487	-6.59924383864284	-19.2452830178187
D4M_TCCGGTAAGAGGAGGA-1	0.88673139158576	13.1680754335556	-1.27761107343706
T19D_TCCGGTTTCTAACCAA-1	0.370010787486516	-9.00921500019351	25.603133035178
T19D_TCCTCACAGGCTAGAA-1	0.208198489751888	2.25683672659112	15.0983369443911
C15F_TCCTCTAAGGACACTT-1	0.778856526429342	7.13886621978043	-1.36842588879182
C15F_TCGATTAAGCACAGGG-1	0.592233009708738	-14.8544368635027	16.4418345376168
D4M_TCGCATTGTAATGGAA-1	0.809061488673139	5.70259005453664	2.83170093099691
D4M_TCGCGCACAATAGTCT-1	0.891046386192017	8.17430662736277	-2.56216484075519
T19D_TCGCTAACATAGGCGA-1	0.545846817691478	3.43982007445002	-23.8090553135032
T17D_TCGTAATCACGAATTT-1	0.6957928802589	-7.73969493643917	5.45324319774682
C15F_TCGTGCTTCCTCAGTC-1	0.929881337648328	-9.27177587151127	-14.9542200859558
T17D_TCGTTAAAGCGGGCAA-1	0.913700107874865	4.3735178421952	-2.24165524491995
T17D_TCTAGCCTCTATTGTC-1	0.632146709816613	12.1662481893979	-12.0656253531488
C15F_TCTAGCCTCTCTAGCC-1	0.306364617044229	-7.65076683660323	-7.12695255964607
D4M_TCTAGCGAGCATCCAG-1	0.874865156418554	4.80785947816622	1.47493645760155
T19D_TCTGGCTTCTTTAGGA-1	0.718446601941748	10.2436182885499	4.95329431938797
D4M_TCTTAGTTCCCTCAAC-1	0.765911542610572	12.9193611642824	-8.35848962019994
C15F_TCTTGACGTCCTAACT-1	0.733549083063646	9.02326834806188	-8.21567871560718
T19D_TCTTTGTAGGTGTTAC-1	0.194174757281553	15.5136349721523	0.175056391010096
D4M_TGAAGCAAGGTCCAAT-1	0.117583603020496	9.94210755641134	2.83779844399778
T17D_TGAGCAAAGCTTAGCG-1	0.25782092772384	-9.21684603101948	27.4097713862991
T17D_TGAGGAGGTTGAGGTC-1	0.855447680690399	-6.74437856765945	15.3273976187483
C15F_TGAGGAGGTTTACGTC-1	0.505933117583603	-12.8331490803316	22.6081746144743
C15F_TGAGTTTCATGAAATG-1	0.0862998921251348	6.79114479151884	-19.6606792014736
T17D_TGATCACAGGCGTAAA-1	0.627831715210356	-10.7388585675241	9.76155712301601
T19D_TGATCCTGTAAAGCAA-1	0.405609492988134	-18.9523378618994	-22.2943404493178
T17D_TGATCCTGTGTGTGGT-1	0.795037756202805	13.6863443555399	-5.97565746522326
T17D_TGATCGAGTTTGGCTT-1	0.37108953613808	-10.7467338552656	24.7645324632793
C15F_TGATGAACATAAAGCA-1	0.903991370010787	1.77731456285768	-9.59554818141741
D4M_TGCCATTGTTTGGCGG-1	0.153182308522114	-20.5182681655238	19.614719352228
T19D_TGCGATTAGCTATTAG-1	0.111111111111111	15.3813126759638	-14.3189490336181
T19D_TGCGATTAGTTATTCC-1	0.496224379719525	-8.34851715981661	14.823640510647
C15F_TGCGCAGGTCTATCGT-1	0.343042071197411	-19.3483254120565	10.1325747688439
D4M_TGCTAGCCAAACCCTA-1	0.786407766990291	10.1219683512227	0.791004301309505
D4M_TGCTCAACAATGAAGC-1	0.792880258899676	5.16277529236323	4.59524233104945
T17D_TGCTCACTCATTGTCT-1	0.685005393743258	-5.06453126617759	12.5828934367773
T17D_TGCTCACTCGGTTTCC-1	0.416396979503776	-7.87042062482488	23.9566214361398
T19D_TGCTCACTCTAAATCG-1	0.0442286947141316	0.121678005878322	-15.1984818732145
C15F_TGCTTCCAGGAACCGG-1	0.697950377562028	20.744640182442	5.04771847690052
C15F_TGCTTTAGTAACGTGC-1	0.935275080906149	-4.44082490372337	-15.6516677756128
D4M_TGGACTAGTTTGCGAA-1	0.608414239482201	-7.46284488067033	5.343728222447
T17D_TGGTAAACAATATACC-1	0.877022653721683	1.87000706369052	0.273879099685629
T17D_TGGTAAACAGCAGGTA-1	0.268608414239482	-11.138115755838	24.0178290210406
T17D_TGGTAAACATTAGGCC-1	0.319309600862999	17.5512086338359	10.2786435159933
T17D_TGGTTCCTCACGAATC-1	0.919093851132686	1.78959713003623	4.0140883750165
T17D_TGTAATGTCGAAGTAG-1	0.533980582524272	-19.5253514332014	-21.2473482059248
D4M_TGTATCGCACAATACT-1	0.719525350593312	13.5280514760367	-2.64446120288578
C15F_TGTCAATCATCTAGCA-1	0.672060409924488	-2.82230231712877	6.90646325485273
C15F_TGTGCAAGTGTCCTGC-1	0.64185544768069	18.0140138222844	7.32301065144149
D4M_TGTGCGCAGCGTGCAC-1	0.659115426105717	-6.34522183696515	15.1555361233619
T17D_TGTGCGGGTCAAAGGG-1	0.910463861920173	7.83309564567389	-2.61645404458669
T17D_TGTGCTGAGTTGTCTT-1	0.294498381877023	14.7269392930133	13.8733086653064
T19D_TGTGGAGCAAGGTGGC-1	0.699029126213592	0.236874667802087	6.24489454351866
D4M_TGTGGCCAGACAAGTG-1	0.887810140237325	3.26674514345709	3.43990476164555
D4M_TGTGGCCAGGCTGTGC-1	0.667745415318231	9.80464244448669	7.29408120684271
C15F_TGTGGCGGTACGTTTC-1	0.155339805825243	-15.3772295655985	14.2181386678256
D4M_TGTTGGCCACCAGCAT-1	0.40453074433657	15.4823578942269	-16.3983570460082
T17D_TTAAAGGCAGGCATCT-1	0.531823085221144	-12.819914507348	21.1089634256755
T19D_TTAACCAAGTGAGCGG-1	0.334412081984898	-11.2532008576028	24.6066740222097
T17D_TTACAGCAGGAGTAAT-1	0.189859762675297	13.2809421809865	-16.0819927707158
T17D_TTACCTGTCAGGTTTA-1	0.802588996763754	3.45232672321894	-2.94833570904231
T19D_TTAGAAGCAAACCTTG-1	0.929881337648328	-2.70821276614057	-15.4117727670958
T19D_TTAGACTCATTTAAGC-1	0.170442286947141	21.1579432782258	0.0248431496345533
T17D_TTAGCAGGTAATCCCT-1	0.338727076591154	19.2250956562769	0.0688461673596641
D4M_TTAGCGGTCCGGGACT-1	0.44336569579288	-1.68372863803991	14.4738673794408
D4M_TTAGGAACACTAAGCC-1	0.352750809061489	6.2150317264751	-10.1315702070604
T19D_TTAGGCCCAAGCCACT-1	0.400215749730313	-8.64998486356222	9.77372043518763
T19D_TTAGGCTAGGTCATTA-1	0.877022653721683	3.64343160489391	2.08893416064784
T19D_TTATAGCCAATATACC-1	0.063646170442287	-9.33475529496871	-9.80226707991883
C15F_TTATCCGTCCTGTTCA-1	0.209277238403452	-13.1055968968447	18.4892687195384
D4M_TTATCCTAGACACCGC-1	0.831715210355987	15.3614965685211	3.84141148920946
T19D_TTATCCTAGTTAGAGG-1	0.578209277238403	-9.14051629806733	5.98389298991253
D4M_TTATGCGCAATAATGG-1	0.474649406688242	-6.26730509124792	-6.8513029069029
T19D_TTATTGCTCATGTGGT-1	0.270765911542611	9.36131344208007	17.688798104111
T19D_TTCACTGTCATCCTCA-1	0.458468176914779	21.2408490224484	4.97989430951903
T19D_TTCACTGTCATGTGGT-1	0.709816612729234	-4.20820628812483	4.21667606278519
T19D_TTCATCCCAAGTAAGC-1	0.182308522114347	-9.42794736691856	25.6506594554622
C15F_TTCCTTGAGAGCCGGA-1	0.831715210355987	14.0327931514362	4.33960725413908
T19D_TTCCTTGAGCTCAATA-1	0.846817691477886	12.120473270096	-4.28830428829388
D4M_TTCGTGCTCCTCACTA-1	0.39697950377562	-10.6890410960475	23.5500066495643
T17D_TTGACATCAAACTGTT-1	0.488673139158576	20.0342444556263	3.32664108596917
T19D_TTGACTAAGCGATACT-1	0.825242718446602	7.15376458169701	-3.90086313004806
C15F_TTGACTAAGCGGATTT-1	0.619201725997843	-8.10972536394918	8.71820600117202
T19D_TTGAGCTAGTGAAGTG-1	0.314994606256742	-13.5516682006785	18.6721266702994
C15F_TTGATGTCAATGAATG-1	0.0539374325782093	7.99283073246677	11.7157786889658
C15F_TTGATGTCACAATGCC-1	0.669902912621359	-18.4456578438145	-21.9454263311322
T17D_TTGCAACAGGAGCAAC-1	0.777777777777778	14.7878378942176	3.61961101294183
D4M_TTGCAAGGTTCACCAT-1	0.672060409924488	17.0007463083998	5.17269295912608
D4M_TTGCAATCAGCTTAAT-1	0.70873786407767	9.61897968170546	7.05423955014305
T19D_TTGCAGCCATTGCGAC-1	0.292340884573894	22.1525444770861	5.19124884175336
T19D_TTGCATTTCCGCAACA-1	0.222222222222222	-15.5419300793947	6.47080244874611
T19D_TTGCCCGTCAAGCTTA-1	0.346278317152104	21.1589230507529	2.31104150884591
D4M_TTGCCCGTCCGTTATT-1	0.942826321467098	-4.42899809284887	-14.9075249119281
D4M_TTGCTTAGTCCGTAGG-1	0.830636461704423	-9.94117353706485	-14.7600351590096
T17D_TTGGATATCATGCATA-1	0.336569579288026	-6.80152955915575	26.1987853044578
T17D_TTGGATTCAGAGGGAG-1	0.939590075512406	-7.07813188950578	-15.5141899701862
T17D_TTGGCGGGTGCCGCAA-1	0.0668824163969795	-1.39485543054507	2.83854737776267
T17D_TTGGGCCAGCGATAGA-1	0.220064724919094	-8.45514457257134	26.1527764227066
T17D_TTGGTGAGTCACCAAA-1	0.215749730312837	-6.40921235736243	24.131607774434
T19D_TTGTCAAAGGAGTCGG-1	0.696871628910464	10.2193037957787	4.59963857763243
T17D_TTGTCCATCAATTGGC-1	0.799352750809062	1.27056009538216	-3.76783357515542
T17D_TTGTCCGGTCGTTATC-1	0.40453074433657	14.5851036385137	-15.3947526117287
D4M_TTTAAGCCATCACTTC-1	0.0614886731391586	-6.94515914426226	-9.15176646009941
T17D_TTTAGGATCATTATGG-1	0.262135922330097	13.003977631883	15.4366168867786
T19D_TTTCAGTTCGTCCTTA-1	0.0140237324703344	-13.174292166422	-7.43392186446144
D4M_TTTGACTTCATTGCGG-1	0.997842502696872	-7.04455546635554	-21.6945052026954
T19D_TTTGAGTCAATTGACT-1	0.351672060409924	-9.82652914819332	24.6245102601471
D4M_TTTGCGACAGGTTACC-1	0.242718446601942	20.1518186981801	3.06135486059252
T17D_TTTGCGGAGGAGCATA-1	0.786407766990291	11.638138268942	-3.09436615295754
C15F_TTTGGTAAGGTGAGAC-1	0.90722761596548	2.51740847914736	-1.03982032320003
T17D_TTTGTGTTCAACAAGG-1	0.877022653721683	6.82997235631109	-5.67003692474694
C14F_AAACGTACAGGCTAGA-1	0.159654800431499	-14.3600382399734	19.1160336149182
C21D_AAAGCACCAATTAAGG-1	0.4638619201726	-7.75513436320081	14.3583771981464
C14F_AAAGGTTAGCTCCTTA-1	0.637540453074434	-7.51127261305557	15.1798782688899
D4F_AAAGGTTAGTTCCCGT-1	0.544768069039914	-11.7426111296501	21.264181256068
C21D_AACAGATAGGTAGCTT-1	0.983818770226537	-6.6700000114268	-17.551365994009
C14F_AACCCGCAGATTCCTT-1	0.545846817691478	-6.13707425527986	10.4469357566736
C15M_AACTAGCTCCAAGTTA-1	0.952535059331176	-1.74439070121823	3.7665226342835
C15M_AACTAGTGTTTGGGCG-1	0.184466019417476	10.8039227198678	17.8301449734911
C15M_AAGACAAGTACCGTTT-1	0.797195253505933	8.363122165527	-2.99321932807649
C14F_AAGCGCTGTAATCGCA-1	0.284789644012945	18.0909609581893	3.96882821204347
D4F_AAGCGTTTCACGCCAA-1	0.795037756202805	-2.13645825162024	7.92724809017454
C14F_AAGCTCCCATGGAGGC-1	0.850053937432578	13.7449839726622	-4.95350803709966
D4F_AAGCTTGGTCAACAAT-1	0.329018338727077	-9.48654983915408	21.4979445547323
D4F_AAGGATCCAGCTCATA-1	0.292340884573894	-13.8351244241097	11.704021084679
D4F_AAGGATGTCTATTGTC-1	0.526429341963323	-12.789132025215	20.1202561366582
C21D_AATACCGGTAAGGTTT-1	0.206040992448759	1.90136513248901	17.1654767970114
D4F_AATCCATCATCGCTTT-1	0.282632146709817	8.69958586858246	-22.7701474885804
D4F_AATCCCTGTAAACAAG-1	0.0496224379719525	3.4798397006595	-15.4451111991445
C15M_AATCCCTGTTTGTTGC-1	0.653721682847896	-6.62386638083449	-0.699414678960027
D4F_AATCCGTAGCATGACT-1	0.833872707659115	10.3277910283714	2.438020036927
C14F_AATCGCCCACAAAGGT-1	0.271844660194175	23.23178970016	3.751945313329
C15M_AATCTCAAGGACCTGC-1	0.247033441208198	-11.052657399592	-1.70672334258764
C21D_AATGGCGCAGCAAATA-1	0.333333333333333	17.0577750264061	-16.797046422712
C14F_AATGTCATCATCCTAT-1	0.862998921251348	4.19054259044605	-0.653318271314963
C15M_AATGTCCAGCTGCACA-1	0.212513484358145	-19.3230633920234	23.6830868475028
D4F_AATTGCTCAGGCTACT-1	0.518878101402373	-18.3748740508798	-22.5708575143224
C14F_AATTGTGTCAAAGGCA-1	0.572815533980582	-11.1684717216836	16.022420110564
C15M_AATTTGCCAAGGCCAA-1	0.773462783171521	10.8520335122116	-7.05331249485385
D4F_ACAAACTGTGGTTAGC-1	0.910463861920173	4.68060501037203	-3.88426289265204
C21D_ACAACAGAGCCGCAGT-1	0.592233009708738	0.926813426175412	14.4160165954496
D4F_ACACTAGGTGTTGCAA-1	0.664509169363538	-9.58398138690727	12.0696195008841
D4F_ACACTTAAGGCATTGT-1	0.848975188781014	9.31444807270859	-7.63122501626281
C15M_ACAGGCTGTAACCTAG-1	0.174757281553398	15.2504464817682	-16.766850828348
C14F_ACAGGCTGTAATCGTG-1	0.114347357065804	20.8798736434284	1.15193603823183
D4F_ACAGGCTGTTATCCGT-1	0.298813376483279	6.41773716494711	-11.9113987303769
C15M_ACATAGCTCGGTCAGC-1	0.765911542610572	17.6185863679586	3.91052046744182
C21D_ACATCATCACAGAAAC-1	0.368932038834951	11.6349158239061	-14.3576963485214
C14F_ACATCATCAGCAACCT-1	0.998921251348436	-4.89214745836189	-20.3296345094286
C15M_ACATTGCAGCCTGTTC-1	0.514563106796116	19.3255239179974	6.41143232241527
D4F_ACCAAGTTCCTTCAAT-1	0.889967637540453	7.05588653558002	-2.02641634302427
C14F_ACCAATATCATGACCG-1	0.180151024811219	-11.8176787689135	11.5140152124631
C15M_ACCCAACCATACCCGG-1	0.838187702265372	10.8083770929515	-2.71678819200961
C21D_ACCCTCCCACTGGCTG-1	0.261057173678533	3.82355546495546	13.9823605548056
C21D_ACCGCAATCTCTAGCC-1	0.248112189859763	-14.7721782870018	1.55499554375815
C21D_ACCTAAGGTTGCATCT-1	0.597626752966559	20.5006111789471	4.99188136682757
C15M_ACCTACCTCCCTTGCG-1	0.976267529665588	-2.64416677268852	-21.069567668614
D4F_ACCTCACTCCTGATTT-1	0.825242718446602	7.22223502171491	-3.3362895882533
C21D_ACCTGGATCGAGGAAC-1	0.379719525350593	-15.2306318635766	17.1608995143089
C21D_ACCTTCATCCAATTAG-1	0.531823085221144	-11.4748425263234	7.89931529286224
C15M_ACCTTGCTCTGGTCCT-1	0.559870550161812	-18.1438312104734	-21.0929111737231
C14F_ACGAAGTCACATTGCA-1	0.736785329018339	-5.77691623318957	7.78788709250498
C15M_ACGAAGTCAGGTTAAA-1	0.779935275080906	-3.38470312195187	12.5688627774644
D4F_ACGAGTAAGCCTGTGA-1	0.36353829557713	-10.7530109942315	25.1683052118226
D4F_ACGATTCAGGCCTGGT-1	0.578209277238403	-8.18920988980934	16.2142757383868
C15M_ACGATTCAGGTAAGGC-1	0.855447680690399	1.15309842332229	-3.73117082690628
C21D_ACGCTTGAGCAGGCCT-1	0.722761596548004	-8.27053001475948	6.92248041557215
C14F_ACGGTTAGTCATGAGC-1	0.597626752966559	16.3726832052287	-2.76705482533771
C14F_ACGTACCCAACTAACT-1	0.625674217907228	-13.0176227832292	14.5927546129884
C21D_ACGTTGTAGGACCTTG-1	0.823085221143474	14.2373356822631	4.43632640220874
D4F_ACTAACCAGTAAAGGT-1	0.121898597626753	-12.6697032551345	1.5836633279298
C15M_ACTGAAACAATAGTCT-1	0.617044228694714	-9.38705995813152	12.3750877219617
C14F_ACTGAATGTTAGGCGT-1	0.634304207119741	-8.15460081541979	7.61016804114672
C21D_ACTTACAAGAATCTCA-1	0.137001078748652	14.200772812594	-19.864774444754
C15M_ACTTACAAGCAAACCT-1	0.757281553398058	13.343977173371	-4.17028610598318
C15M_ACTTACTTCATCCTGC-1	0.679611650485437	-6.59560363120375	12.5186445054443
C21D_ACTTATGAGGATCCGC-1	0.252427184466019	-10.1561800707858	26.315005515397
D4F_ACTTATGAGTGAACAG-1	0.370010787486516	9.93943393816889	-16.1104167964777
C21D_ACTTGAATCCTTAGGG-1	0.3042071197411	-2.51650506756932	1.88288002650196
D4F_ACTTGTAAGAATCTCA-1	0.379719525350593	-2.79251093476792	-11.3164422469465
D4F_ACTTGTAAGGAGGGTT-1	0.447680690399137	-12.2814095373165	-0.107019994894278
D4F_ACTTGTAAGTAACGGA-1	0.281553398058252	13.0456561043639	-13.990923974706
C21D_ACTTGTCGTCACACCC-1	0.624595469255663	-8.50929472379802	7.46329521526464
C21D_AGAAACCCAGTTTCTC-1	0.59007551240561	-14.3829434964461	14.4606414110833
D4F_AGAAACTAGGTGTCCA-1	0.305285868392665	-18.5216175772205	8.17563393073676
C14F_AGAATCTGTCACCAAA-1	0.928802588996764	-4.70465648426841	-14.7904847206281
C14F_AGAGAAGCATTAGGCC-1	0.27831715210356	2.81240499123958	18.0081627282064
C21D_AGATGAAGTAATTAGC-1	0.389428263214671	-2.34997286824024	10.2803643880889
D4F_AGATGAAGTTCAAGCA-1	0.758360302049622	-5.6412107741407	1.16260707611215
D4F_AGCAACAAGCGGATTT-1	0.998921251348436	-7.80879075888874	-18.7625639045687
C14F_AGCAATACAATACTGT-1	0.236245954692557	20.4996446560885	6.19453785077115
C14F_AGCAATACACATGCTA-1	0.60302049622438	12.244070614814	-17.3538274119548
C14F_AGCACAGCAGGATAAC-1	0.341963322545847	-15.6630663712834	17.1512420052908
D4F_AGCACTAGTACTGAAT-1	0.179072276159655	23.1534429067702	0.0967288922119048
C15M_AGCACTAGTTGGATCA-1	0.499460625674218	-11.7450983214261	9.6425544905855
C15M_AGCAGGTAGGTCCTGA-1	0.253505933117584	-14.2632985128767	8.80137744321385
D4F_AGCAGGTAGTGAGAGC-1	0.646170442286947	-8.34884618167672	16.0053794953039
D4F_AGCATCCCACAGAACG-1	0.738942826321467	9.24858783804097	17.0512280547506
D4F_AGCCGGTTCAGCAAGA-1	0.977346278317152	-6.82521034425167	-19.9836176800153
C15M_AGCCGGTTCCCGTTTA-1	0.883495145631068	3.36047735540327	5.15490610691372
D4F_AGCCGGTTCTTTGACT-1	0.858683926645092	7.92215751509436	-2.41324470039468
C14F_AGCGCCTAGGCGCATC-1	0.274002157497303	-10.6102958575372	-15.8003545636814
D4F_AGCTAACTCTTTAAGG-1	0.754045307443366	12.7135690151834	1.92695259624
C21D_AGCTACTAGTCTATGA-1	0.0388349514563107	-12.4606239686535	-4.36712585309045
D4F_AGCTATATCCTTCTAG-1	0.783171521035599	18.9538818157744	1.84314066195478
C21D_AGGACGTAGTAAACCC-1	0.605177993527508	16.6063796470413	4.45368800804587
D4F_AGGATGCAGGAACGGT-1	0.541531823085221	-1.25318310071811	15.7730206567502
C15M_AGGCAATCACAGCCTG-1	0.116504854368932	-9.5440150714636	-8.50597587113246
C21D_AGGCAGGTCATTAGCA-1	0.263214670981661	-19.1195716769197	12.5601721375894
D4F_AGGGCTACAGGTCCTG-1	0.330097087378641	-20.7102851355177	-22.4371789657744
D4F_AGGGCTACATGACTAT-1	0.0992448759439051	-18.0776797175827	4.20484608822869
C14F_AGGGTTGCAGCTCAAC-1	0.928802588996764	-8.3851873057316	-14.376221346046
C15M_AGGTATTGTGCTTTAC-1	0.168284789644013	-18.6902581496265	23.0794828679844
C15M_AGGTGAATCCCTCAAC-1	0.55663430420712	-10.2146614315355	2.46896724570867
D4F_AGGTGAGGTTTATCTG-1	0.290183387270766	13.6490045915742	-10.338316291558
C15M_AGTAACCTCGGTCAAT-1	0.608414239482201	7.47902362682638	-10.5530453453621
C15M_AGTAACGAGCGCTCAA-1	0.747572815533981	-5.70029265068754	9.67974718153154
C15M_AGTAACGAGGCTTAAC-1	0.075512405609493	11.2662863516646	-27.4143248428133
C14F_AGTAAGTAGCTCATAA-1	0.711974110032362	5.17695867345907	-8.55049856148071
C15M_AGTAAGTAGCTGGCTA-1	0.843581445523193	5.71392143893227	1.22115236608595
D4F_AGTAATGCAGTTTACG-1	0.62891046386192	-7.47604393344761	-1.2195672165413
C21D_AGTATAGCACTAAGCC-1	0.212513484358145	4.51733675807605	23.5282027087786
C21D_AGTATAGCATAGCAGG-1	0.580366774541532	-8.14073308516558	14.640071955213
D4F_AGTGAGTCAATAGCAA-1	0.812297734627832	14.2367842153206	-15.4295871024505
C15M_AGTGATGAGACTTACA-1	0.764832793959008	7.07780873722129	-0.604027982088815
D4F_AGTGCACGTCCGTAGG-1	0.299892125134844	17.8506486046697	-16.7111304313638
C21D_AGTGCCGGTTGTTCAC-1	0.444444444444444	-3.57002573559155	-7.36718903332755
C14F_AGTTACTCAGCATGGA-1	0.810140237324703	0.90684825236087	2.44517154640524
C15M_AGTTATGTCTGTTCAT-1	0.437971952535059	21.2848635862787	-0.440684307816629
D4F_AGTTTGCAGGCAATAG-1	0.614886731391586	-1.81455004202562	-17.9331877229877
D4F_ATACCTGCAGGCATCT-1	0.390507011866235	-12.1878137834654	9.92275263218223
C15M_ATAGGTACATTCCTCG-1	0.179072276159655	9.06902504788978	-22.0845248190226
C14F_ATATAGGCATCCTAGA-1	0.651564185544768	-8.97460789033207	4.40190529688988
D4F_ATCAAGACACCGTTCC-1	0.381877022653722	-15.8788040999182	13.1529672562146
C14F_ATCAAGCTCCTTGAGG-1	0.484358144552319	-11.3565117270352	1.04954288475498
D4F_ATCACTAAGAATCTCA-1	0.35059331175836	9.15432906050397	-21.8980385493586
C14F_ATCCACCTCCGGAACC-1	0.636461704422869	-4.71374074808492	11.6598993718129
D4F_ATCCTCATCACGAATC-1	0.756202804746494	5.59782123769666	5.28657761780518
D4F_ATCCTCATCCACCTTA-1	0.694714131607336	-2.64226379203201	18.704716362448
C14F_ATCGAGGCATAGTCAT-1	0.0366774541531823	16.2700280061794	10.5986653694252
C15M_ATCGCTTGTTTGCGCC-1	0.68824163969795	16.3995217482429	4.40072104683476
C15M_ATCGGCCAGTTTCCTG-1	0.703344120819849	17.6384892574245	4.42486692511114
D4F_ATGAAGCCATCGCTTT-1	0.181229773462783	-5.95972969248677	23.4923947641468
D4F_ATGCAAACACCTCAGG-1	0.661272923408846	15.0234855687747	-2.35877107141608
C14F_ATGGCCGGTCTAACAG-1	0.540453074433657	18.2740302619994	7.19962854445934
C15M_ATGGCCGGTTGTTCAC-1	0.346278317152104	-13.0807845878319	0.813078162134
C14F_ATGGCTTAGGTCGAGG-1	0.653721682847896	-5.09084105635062	13.2727965974415
C14F_ATGTCCACACCATATG-1	0.258899676375405	15.4490420403625	-14.1723010505163
C21D_ATGTCCACACTAAGTT-1	0.872707659115426	6.44518157107824	1.02914300833471
C14F_ATGTGAGAGACAGGTA-1	0.887810140237325	8.62132007791692	-4.11488434136577
C21D_ATGTTCAAGCAATAGG-1	0.312837108953614	-4.48925521828298	12.7901609266507
C14F_ATTACGTCATAAGTTC-1	0.454153182308522	-18.8731192367893	-21.4093055429252
C14F_ATTAGCTCAATCATGT-1	0.505933117583603	22.1420790225004	3.36973996348269
D4F_ATTAGTCCAGGTTACC-1	0.214670981661273	-18.0128718895646	4.23684730276951
D4F_ATTATGGTCCATAAGC-1	0.354908306364617	7.91231227806951	18.028096832047
C14F_ATTCCGGAGCCTGTGA-1	0.271844660194175	-15.128593652891	20.139817073449
D4F_ATTCGTTTCGGGATTT-1	0.83495145631068	0.414232237953771	-3.88165121669316
C15M_ATTGCGCCAATTGAGA-1	0.942826321467098	-6.85564202216971	-18.8416430738122
C14F_ATTGTGATCTTGTCTG-1	0.761596548004315	-6.36549707353826	7.01794735460028
D4F_ATTTAGCCAGGTATTT-1	0.754045307443366	-6.62089306871384	-0.121637678816387
C21D_ATTTAGCCATTAAACC-1	0.336569579288026	-8.14992535892209	1.92548079625311
D4F_ATTTGCGCAGCCAGAA-1	0.971952535059331	-4.5294947969664	-17.865021775381
C21D_CAAACAACAGCTTAGC-1	0.390507011866235	-13.2814704190947	9.18828512014376
C15M_CAAACATGTCAGTAAT-1	0.903991370010787	6.66434083908745	-4.85576975113244
C14F_CAAACGCGTAGGATCC-1	0.433656957928803	14.556888841759	-12.5175359201459
C21D_CAAAGCGCAAAGCTCC-1	0.659115426105717	8.2501549399169	-10.5564469755306
D4F_CAAAGCGCACATGCTA-1	0.975188781014024	-5.19880234367005	-20.2823600257513
D4F_CAAAGTGAGATGGACA-1	0.651564185544768	8.58539071748201	5.56106879696787
C14F_CAACAGGCAACTAGGG-1	0.738942826321467	15.8836998819598	1.27535253677052
C14F_CAACAGGCACCAGGTT-1	0.0550161812297735	-11.3558018595796	-7.43380035669846
D4F_CAACTAGGTCAACAAT-1	0.518878101402373	-12.1508834585107	3.25946673507768
C15M_CAACTAGGTTTGCGCC-1	0.659115426105717	-0.268019571221161	-4.9513421912145
D4F_CAATCCTGTTGCGCGA-1	0.0377562028047465	-6.6637143556872	-9.51830032690781
C21D_CAATGACTCTGCAAAC-1	0.368932038834951	16.77347045022	-10.1862979964478
C15M_CACCTCAGTCGCAATA-1	0.432578209277238	0.223026962602819	16.8076169343895
D4F_CACCTGTTCAAACCTA-1	0.24487594390507	2.26239690254493	10.8777885831383
C21D_CACCTGTTCCTAAGGT-1	0.612729234088457	-5.9616071425524	9.30738317792009
C21D_CACTTTGTCATGACCG-1	0.503775620280475	-18.49639720157	-21.4353351007243
C15M_CAGATTCAGCTTAACA-1	0.888888888888889	3.89035796984035	-1.73259616909788
D4F_CAGATTCAGGCGCTAC-1	0.317152103559871	15.0742513227482	-15.4273437036044
D4F_CAGATTCAGTTTGTCT-1	0.572815533980582	10.2626529639158	-10.8138610142701
C15M_CAGCAAGCAACACTTG-1	0.415318230852211	9.85123212040064	-16.2663896665521
C21D_CAGCAAGCAGCCTGCA-1	0.859762675296656	9.99988213318622	-7.85312970569199
C14F_CAGCCAATCGGTTAGT-1	0.631067961165049	-11.7615470434602	16.4332659129055
C21D_CAGCTCAAGTATTGGC-1	0.895361380798274	8.20799791733448	-0.7833322072896
D4F_CAGGAAGGTTTATCTG-1	0.624595469255663	-1.07618834762567	-4.72053507132593
C21D_CAGGACACAAATACCT-1	0.621359223300971	-5.53977150486962	-1.56640552995632
C15M_CAGGACCTCATGGTTA-1	0.0485436893203883	5.15358245703684	-20.9094971384279
D4F_CAGGATGCAATAATCC-1	0.639697950377562	-5.04350470848586	12.6034803608814
C21D_CAGTATGGTCCTTCTC-1	0.568500539374326	-11.2099924807377	17.7150955621907
C14F_CATAACGGTCAGTAAT-1	0.692556634304207	-2.01998225777013	8.03630807369014
C21D_CATAATGTCCACCCTG-1	0.48975188781014	1.11121884178933	16.089964425133
C14F_CATAGACTCACGCCAA-1	0.618122977346278	-9.10555734136881	8.3145486546392
D4F_CATAGACTCCGCAAAT-1	0.94066882416397	6.31411130758591	0.90835846579677
C14F_CATAGGTTCTTCAATC-1	0.601941747572815	9.93302467904121	-11.7495730067969
D4F_CATCAATCAATGAAGC-1	0.784250269687163	-5.35038370956679	1.87831495620284
D4F_CATCCTGGTCCAAGAC-1	0.703344120819849	-7.92410268166618	9.85066813874077
C21D_CATGCATAGAATCGCT-1	0.374325782092772	-0.345287066610751	-12.5260381127854
C21D_CATGCGCAGGGACTAA-1	0.805825242718447	-2.41237728808665	5.53360749220788
C21D_CATTCATTCTTTGAGA-1	0.838187702265372	4.26146454851052	-6.57363020890988
D4F_CATTGTGCACCTAAGC-1	0.805825242718447	9.65871449827005	-1.38918969615306
C15M_CCAACATAGCATCCAG-1	0.352750809061489	-14.2083229178083	12.6811421320442
C14F_CCACTTGGTAAAGCGG-1	0.785329018338727	-3.0916348854305	7.36056609152368
C15M_CCAGCCTGTTTGGGTA-1	0.192017259978425	0.521179178868701	-9.62814225555218
C21D_CCAGCTAAGGAACGGT-1	0.320388349514563	-12.212707481198	-13.7528457867638
C15M_CCAGGAACAATGCCCG-1	0.295577130528587	20.4077887787046	7.00388130581989
C15M_CCAGGATGTATTGTCC-1	0.412081984897519	9.36035757884126	-22.8197438211595
C21D_CCAGTTTGTACCTTAC-1	0.351672060409924	-11.6758063447701	6.24725703884452
D4F_CCAGTTTGTCAATAGT-1	0.421790722761597	-14.1215286805352	9.07275546916804
D4F_CCATAGCCATTGTGAT-1	0.937432578209277	7.26012210936534	-2.01157735284595
D4F_CCATTGTGTAACCACA-1	0.113268608414239	-9.16920955550713	-11.9185037417214
C15M_CCCAAACCATAAGTTC-1	0.882416396979504	5.3174954609331	1.95279001293582
C15M_CCCAACCGTTAGCCAA-1	0.455231930960086	18.3857705089062	4.33323822253789
C14F_CCCTAATGTCGCGCAA-1	0.338727076591154	19.6996893025484	5.32440150606706
D4F_CCCTCAGTCCCTGATC-1	0.266450916936354	-15.4832786138218	11.8662488955745
C21D_CCCTCATAGTTACCGG-1	0.203883495145631	23.0351849029263	0.186396265337076
C21D_CCCTTAATCCTCAGTC-1	0.555555555555556	-10.8188091186446	6.19709770983115
C14F_CCGCAAATCTGGTCCT-1	0.600862998921251	-2.68181408587536	13.0417552666287
C14F_CCGCAAGGTCGTAAAT-1	0.762675296655879	5.97997276631782	4.50687139953033
C15M_CCGCTAGCACGAATTT-1	0.701186623516721	14.5316152255114	-6.57245312878127
D4F_CCGCTAGCATCAGCAC-1	0.812297734627832	9.29659809891649	3.15580992372267
C21D_CCGCTTAGTTAGGTTG-1	0.519956850053937	-13.4518449317361	18.051759061113
D4F_CCGGTAGGTCAGGCCA-1	0.541531823085221	16.1433542100209	-16.0941211396917
C15M_CCGGTTAAGTAGCCAT-1	0.31175836030205	9.7275700792895	-21.5886394743186
C15M_CCTATATTCTAACTGA-1	0.704422869471413	-5.95536189670552	1.723657798199
C14F_CCTATATTCTTAATGG-1	0.0517799352750809	-7.56972275779057	-8.4611972988417
C15M_CCTATTTAGCAAGATG-1	0.982740021574973	-5.77237517373336	-20.2250670225203
C15M_CCTGAATAGGCCTAAT-1	0.175836030204962	-9.70785385367881	-2.94552182284831
D4F_CCTGACTTCCGGAACC-1	0.110032362459547	-5.54142259733559	27.0067243387846
C21D_CCTGGATCATGCTCCC-1	0.177993527508091	-1.58416843111435	14.7959348715254
D4F_CCTGTAACAAATTGCT-1	0.670981661272923	8.0122990774997	-22.5390833174012
C14F_CCTTATGTCCGGTATG-1	0.130528586839266	-1.34792183389883	-10.378337633529
C15M_CCTTCAGGTACTGATG-1	0.611650485436893	-0.323367749174321	-2.35864692675472
C21D_CCTTGCGTCGCCTGTT-1	0.578209277238403	10.2550576234729	-3.74621381564236
C14F_CCTTGTTCATGATTGT-1	0.864077669902913	10.1826674742606	-7.94721996807733
D4F_CGAAATGAGCTTATGA-1	0.831715210355987	11.3807074093193	3.16159835924984
D4F_CGACAAGCACCCACAG-1	0.785329018338727	4.69861870968512	3.93646868869732
D4F_CGACTAAGTAACGGGA-1	0.880258899676375	3.43746013921717	1.39390571834708
C15M_CGAGGTGAGATGCCTG-1	0.7680690399137	12.6623054249028	-6.12785622772834
D4F_CGATATTCAGGAACCA-1	0.965480043149946	-4.79852853548595	-17.7321756585456
D4F_CGATCCTTCTAACCTT-1	0.757281553398058	16.660156398336	2.90278829409378
C15M_CGATCCTTCTTTAGGA-1	0.826321467098166	-1.35860236405894	7.89529652513435
D4F_CGATGTCCATGTTGCA-1	0.832793959007551	4.08000110026494	-2.79998605995026
D4F_CGATTTGCAACCGCCA-1	0.88133764832794	9.59649397993148	-6.15927413587074
C21D_CGCAATCCAGCACCAT-1	0.779935275080906	-0.457936062823728	-3.71569487051089
D4F_CGCAATGTCTGTTCAT-1	0.918015102481122	1.97971469613344	-1.64636309783966
D4F_CGCACAATCCTCACTA-1	0.81445523193096	9.85066452860559	-6.49407437886183
C15M_CGCATGATCTCCTCAA-1	0.854368932038835	1.32029604858814	0.770723221305265
C21D_CGCATTACATACTCCT-1	0.637540453074434	-5.93585367303858	13.5145349279121
C21D_CGCCAAATCTAGCTTT-1	0.944983818770227	2.26821690305856	-5.01808061439211
D4F_CGCCACACATCTAGCA-1	0.754045307443366	-3.28173031032105	17.3447977847327
C14F_CGCCTGTGTGGAAACG-1	0.949298813376483	-6.51497760359594	-17.3658500400605
C15M_CGCTACTTCACTAAGC-1	0.72923408845739	-3.7599189724724	7.92782496807559
D4F_CGCTCAGCATTGGGAG-1	0.810140237324703	12.6363053209225	-5.98029804929774
C21D_CGCTTCTAGGGTTAGA-1	0.348435814455232	-14.8433874820992	-0.459930077866064
C14F_CGGAATCGTGGCTTCC-1	0.0129449838187702	-13.6246470706439	-5.7202578890111
D4F_CGGACAACATCCATCT-1	0.730312837108954	-6.11786094123046	1.23713668071038
C15M_CGGACAACATGTTGTG-1	0.792880258899676	15.9318073755026	4.31705780491678
C21D_CGGAGCAAGGTCAAAG-1	0.568500539374326	11.8802954609728	2.46514171863463
C14F_CGGCTAATCCCTCACG-1	0.102481121898598	8.32127296168719	-20.1954051572512
C21D_CGGGCTTAGTGATTCA-1	0.705501618122977	5.23376881985031	-8.47389481841279
C21D_CGGGTCTAGCCGCTTT-1	0.567421790722762	-6.85976678446816	9.45497371769943
D4F_CGGTGAGAGTTGCGTG-1	0.704422869471413	-9.63568429924879	15.9653774838089
D4F_CGGTTATAGCTGAGGG-1	0.517799352750809	-12.8380970381843	20.4552957306776
C15M_CGTAACCCAGGAACCA-1	0.398058252427184	-13.0406615318007	9.91359927161006
D4F_CGTCAATAGCTAAGTC-1	0.68284789644013	-3.24852247935057	8.45336739115176
C14F_CGTCAATAGCTGTCAG-1	0.393743257820928	9.59737666670264	19.05529107543
C14F_CGTCAATAGTTAGAGG-1	0.515641855447681	22.1012205394588	-0.548844486197253
C15M_CGTCATTGTCATAGAT-1	0.824163969795038	15.0730030007108	3.12376635958314
D4F_CGTGGTTCACATTAAC-1	0.26537216828479	-2.6980277495698	19.8209886128819
C14F_CGTTGCAAGCGAGCGA-1	0.818770226537217	5.68081364280081	2.91484907830883
C21D_CGTTGCAAGTTGCCTC-1	0.555555555555556	-15.8993716463736	13.2241891378656
C14F_CTAAATGTCAGCACGC-1	0.416396979503776	-9.82879448287193	26.3530397216407
D4F_CTAACCTGTGATCAGC-1	0.743257820927724	-0.772360775690926	-5.06218481181581
C21D_CTAATCCGTGATGAGG-1	0.908306364617044	1.08222685295755	-3.71977803802253
C14F_CTAATCGCAGGAACCA-1	0.445523193096009	-19.0255724941005	-21.7069458200593
D4F_CTAATCGCATGTTGCA-1	0.655879180151025	-5.66364897270429	1.46691784884391
D4F_CTAATGTCAGAAATGC-1	0.00539374325782093	2.35156393591072	-15.0127727525186
C14F_CTAGGACGTGCTTAGA-1	0.281553398058252	-2.14418438715691	-13.4716455207536
C15M_CTAGGCGGTTCCTGTG-1	0.681769147788565	-3.59544013905953	14.7545602008154
C21D_CTAGGCGGTTGTAACG-1	0.56957928802589	-2.21419085837554	15.9005383110997
C14F_CTAGTAGGTTGGTGAC-1	0.017259978425027	-2.55184905600856	-12.833399356955
D4F_CTATAACCACGTTACA-1	0.836030204962244	10.6842973713906	-3.71668771462816
C14F_CTATGAGGTCACCTAT-1	0.504854368932039	19.0509122906789	4.87779341163729
C14F_CTATGTTTCAATAGCC-1	0.850053937432578	4.55533139559357	-4.65059805055433
C15M_CTATTGAAGCACGATT-1	0.38403451995685	-0.109234974044613	-10.7986083020307
D4F_CTCACACTCCTAAATG-1	0.766990291262136	13.1180039745018	-1.76174824705983
D4F_CTCACTCAGAGGAAGG-1	0.667745415318231	15.9318764850501	-12.7747899094677
C21D_CTCATGCTCCCGAACA-1	0.710895361380798	19.417986956721	2.9950713765978
C21D_CTCCATCAGCAGCTAT-1	0.611650485436893	11.9577693283641	-2.00581890503094
C14F_CTCCGGACAAACTCAT-1	0.661272923408846	-5.44834042538691	7.5035444921318
C14F_CTCCTAATCATAACGC-1	0.40992448759439	-6.63446717242251	16.7003751825397
C21D_CTCGACAAGCTGGACC-1	0.195253505933118	-2.19694534069848	0.879067659519487
C14F_CTCGCTAGTTAAGCGC-1	0.72168284789644	10.059948634312	-12.97149738763
C15M_CTCGCTCCAGCCAGTT-1	0.151024811218986	8.58365384233725	-21.3860640476491
C15M_CTCGCTCCATTATGCG-1	0.64185544768069	-9.10557180317436	4.45858642057908
D4F_CTCGTTATCATGAGCT-1	0.247033441208198	13.1696813708701	-13.2722130313623
D4F_CTCTAAGCAGGTTTGC-1	0.845738942826321	-1.88115785605615	4.710161319959
C15M_CTCTTGATCCTCAGTC-1	0.189859762675297	16.4983986219544	-16.8749214115549
C15M_CTGAAACTCCTTGAGG-1	0.21143473570658	7.78278364040672	-21.6238289110454
C21D_CTGGCTAAGCGTGCGT-1	0.0819848975188781	12.784383436297	-16.5008275619914
C14F_CTGGCTAAGGTCCACA-1	0.467098166127292	-10.227740539242	8.78407796655401
C15M_CTGGTTTGTAAGGTCC-1	0.868392664509169	3.32210154627019	-2.89400467568202
D4F_CTGTATTTCCCTCGCA-1	0.492988133764833	20.2339096043927	2.51913422287916
C21D_CTGTTAAAGGATTGCT-1	0.242718446601942	14.2227766186396	-18.0224182421049
C21D_CTTAACAAGCACGATT-1	0.294498381877023	23.1776940383372	-0.020546076098809
D4F_CTTAAGATCGCTATAA-1	0.740021574973031	-4.33092687019656	12.7748425837572
C21D_CTTAGGAGTAGCTAGC-1	0.778856526429342	1.48115950123525	-6.44689075089112
C21D_CTTAGTTTCCGTTATT-1	0.505933117583603	5.35452563926034	-10.6989144045927
D4F_CTTAGTTTCTCCTCAA-1	0.830636461704423	-0.193827722703652	4.46249855745736
C14F_CTTATTGGTGGGTACT-1	0.728155339805825	8.48666758479157	-4.97178474663402
D4F_CTTGAACAGCTCGCTT-1	0.331175836030205	-10.4330051330632	25.4023519772541
C14F_CTTGCGCGTACGTTTC-1	0.137001078748652	-9.5724864703873	-12.3616684928854
C14F_CTTGCTCAGTAACCCG-1	0.758360302049622	-2.97216362749982	6.32134586828659
C21D_CTTGTAAAGTTAGGCT-1	0.516720604099245	-8.23371806309714	13.6319034249222
C21D_CTTGTTTAGAGGAAGG-1	0.288025889967638	-13.7481970699337	16.7798506178457
D4F_CTTTAGGCAACCGCCA-1	0.440129449838188	-10.8048338535514	17.2999294822233
C21D_CTTTATCAGCTTCTCA-1	0.570658036677454	-8.62765169780482	1.00083378946452
C21D_CTTTGAGCACACTAAT-1	0.49730312837109	19.8978451130671	3.3179138714387
C15M_CTTTGTCCAGGACCAA-1	0.426105717367853	19.1989044034737	0.121469797974664
D4F_CTTTGTCCAGGTCCTG-1	0.851132686084142	-5.69133299551122	1.33720055416008
C15M_GAAACTGAGGGCTTTG-1	0.0733549083063646	10.6192198156203	-20.1853690246717
C14F_GAAAGCCAGTCCTTCA-1	0.331175836030205	-10.7220622211945	23.683246451629
D4F_GAACACAAGGATTGAG-1	0.700107874865156	-14.7760177083452	9.99557169048019
D4F_GAACCAGCAGTCTAGC-1	0.548004314994606	0.575889546747732	14.4849284470384
D4F_GAACCAGCATTTAAGC-1	0.235167206040992	9.29200156831474	18.4789533379706
C14F_GAACCTGTCCTCATGC-1	0.333333333333333	16.0718471394621	-17.5615265741361
C14F_GAAGCCTGTTCATCTA-1	0.194174757281553	10.4873788634742	-26.3017897909091
C14F_GAAGTATAGCAAGACA-1	0.537216828478964	-8.30821419441811	13.4009478573415
D4F_GAAGTATAGGAGGACT-1	0.0916936353829558	15.8548145298054	-16.7900927045568
C21D_GAATTTGTCAAATCGC-1	0.120819848975189	-16.0391456683927	3.15058585262946
D4F_GAATTTGTCCTTCTAG-1	0.0215749730312837	5.18051846401716	-22.046796126115
D4F_GACACCGGTTCGCTTG-1	0.892125134843581	14.0577560200713	2.33896894786561
C15M_GACATAGAGCTAATTG-1	0.833872707659115	14.039542275576	2.31552766109702
C14F_GACATAGAGGTGTCCA-1	0.572815533980582	-11.3534123309956	16.1347977040086
D4F_GACATTATCTTAGCGG-1	0.865156418554477	7.60246579547526	-7.53512290613253
C21D_GACCTAAGTTAACGGC-1	0.237324703344121	11.2304308607826	10.2647897383403
C15M_GACCTGATCCCTCTAA-1	0.0560949298813377	7.60315548196134	-21.4598012027757
C21D_GACGCAACAGAGAGCC-1	0.743257820927724	-2.18998887516561	9.11409446904726
D4F_GACGTAAAGGACTTAC-1	0.773462783171521	14.8410284066276	-2.57572025224452
C15M_GACTCACCATCGTTCT-1	0.991370010787487	-8.56882456302119	-19.4738161182763
C21D_GACTTAGGTACTTCAC-1	0.512405609492988	1.73458188075664	13.9825846922064
C14F_GACTTAGGTGCGCGTA-1	0.546925566343042	-13.5208272733895	13.8622308893584
C21D_GAGATAAGTCAATACG-1	0.137001078748652	-9.25868411285679	14.5735801687753
C14F_GAGCATGCATTGTTGG-1	0.596548004314995	-9.01244666932804	14.1221447879562
C15M_GAGCCACTCATGAGCT-1	0.45091693635383	8.74792600532746	-20.6019311155976
C14F_GAGCCACTCTCCATAT-1	0.798274002157497	13.5989915945051	-5.23525240345366
C21D_GAGCCTTCAGGTTACC-1	0.844660194174757	16.2136991299015	3.60129441563637
C14F_GAGCGATAGCCTGTTC-1	0.600862998921251	10.9171082617359	-9.08743714863263
C21D_GAGCGATAGCTATTGA-1	0.286947141316073	21.92880185021	3.07785853893659
C14F_GAGCGATAGCTCCTTA-1	0.732470334412082	10.8663013490324	5.42950151953625
C15M_GAGCTAGCATAGCGAG-1	0.110032362459547	-14.8601968306716	-4.66200579005153
C15M_GAGCTTAGTAGCCTCC-1	0.795037756202805	15.8755408587703	4.36709412422661
C21D_GAGGACTAGTCCTTCA-1	0.340884573894283	-1.14883750944598	14.2237898362688
C21D_GAGGCTACATAGCTTG-1	0.756202804746494	-3.49143963023499	11.4413317377134
C14F_GAGGTAGGTGCATTTC-1	0.929881337648328	-1.46763102324752	-18.338121950561
D4F_GAGGTAGGTTATCCTA-1	0.213592233009709	-4.37889748216441	-9.83617591668174
D4F_GAGTAACCACAACCTA-1	0.554476806903991	8.63182791467422	8.49361172800863
C14F_GAGTATCTCATGTCAA-1	0.234088457389428	-3.66837233940745	-11.6825117488632
C21D_GAGTCAAAGAACCTAC-1	0.262135922330097	7.76802673121253	18.181338463065
D4F_GAGTGAGGTACTGATG-1	0.427184466019417	-16.951536878494	10.2281561324408
C15M_GATCAAGAGTCCTTTG-1	0.976267529665588	-4.91183125250991	-19.8678205467339
C15M_GATCAGGCACTTACAG-1	0.142394822006472	2.44667504806364	7.03434651238961
C14F_GATCCGTCACCTCGCT-1	0.43042071197411	-9.88435876644893	24.0400943937414
C15M_GATGCATTCTCACTAT-1	0.0679611650485437	-10.1536882085942	-5.11840377423002
C15M_GATTATGTCCTCCCTC-1	0.216828478964401	15.8406109944329	-16.4846644979187
C15M_GATTCAATCGCAGGCT-1	0.512405609492988	12.66867491855	-12.5685120611604
C21D_GATTCAGGTTACATCC-1	0.883495145631068	7.2951661997745	-3.31747467891639
C21D_GATTCGCCAACTAGGG-1	0.937432578209277	-3.42457289792151	-19.4233823863453
C14F_GATTGCAGTCGCAAAC-1	0.0604099244875944	4.11008297651649	-20.6838537871273
D4F_GATTTGCAGGCACAGG-1	0.837108953613808	3.79329551391688	-2.77523408506478
C15M_GATTTGCAGTGAGCGG-1	0.818770226537217	11.3137530556774	-0.342020053791579
C15M_GCAAACAAGCTGGAAA-1	0.294498381877023	13.9360561823996	-12.7885986248138
C21D_GCAAGTCGTGGTTATG-1	0.540453074433657	-7.91452834177489	11.3549929977404
C21D_GCAATAGAGTTAACCA-1	0.208198489751888	16.710088249783	-13.9346137815699
C21D_GCAATGAAGCTTAGTA-1	0.0388349514563107	14.912326355015	8.50397593028451
C14F_GCACATTAGACAGGTA-1	0.379719525350593	-6.03890958657568	4.72194412739436
C14F_GCACGAACAAAGCGCA-1	0.0161812297734628	17.7821297931104	10.2507488811158
D4F_GCACGAACAGTTTCTC-1	0.951456310679612	-0.879734830108598	-19.8826619405399
C21D_GCACTAAGTCAGGCAT-1	0.822006472491909	9.75830278794009	-7.12195882362034
C15M_GCAGGACCAATGAATG-1	0.74217907227616	-5.67680635948652	7.67647921216328
C21D_GCAGGTGAGCCAGGTC-1	0.529665587918015	-5.20415390900985	-15.8505681558956
D4F_GCATCCTTCGCTCCAT-1	0.86084142394822	10.0380063963665	-1.9782899198025
D4F_GCCATGATCACAGCGC-1	0.851132686084142	9.26203693800885	-2.27392141308583
C21D_GCCTAATAGCACTAAC-1	0.0722761596548004	-13.9710204764009	-6.9941654087037
C14F_GCCTATTGTGTTGTAG-1	0.119741100323625	16.7378418649065	-18.7708934079153
D4F_GCCTGACAGTGTTGTA-1	0.281553398058252	-15.1618470233772	9.97865367805594
C14F_GCCTGTGCACCTGCTC-1	0.280474649406688	-10.4324604081749	25.9474829525916
C15M_GCCTTAACATTAGGTT-1	0.0388349514563107	-18.9208991951943	23.6540757047343
C21D_GCCTTGCGTTAACAGT-1	0.711974110032362	-8.05395155150242	7.45845962606436
C14F_GCCTTTATCTTGCAGG-1	0.12621359223301	10.4806230706544	18.3861470189827
C21D_GCCTTTGGTGATTTGG-1	0.117583603020496	6.71828478829428	-14.2523418576505
C15M_GCGAAGTAGTATTGGC-1	0.508090614886731	-14.9321027404337	16.54960003027
D4F_GCGATTAGTTGGTGAC-1	0.92017259978425	9.71649381551618	-3.54775914354042
C15M_GCGCAAACAGGAAGCC-1	0.816612729234088	10.2379129449313	-6.37498711715174
C15M_GCGCGATTCCAAGTGT-1	0.407766990291262	17.2856378044602	3.13514908758114
C21D_GCGCTAGGTCACTCGC-1	0.406688241639698	-4.99520062432905	18.6719846109026
C21D_GCGTAACGTACTGAAT-1	0.665587918015103	15.4540661798692	-9.8723045551938
C21D_GCGTTTCTCGCTATGG-1	0.885652642934196	3.668726146092	-1.07156956331317
C15M_GCTAAGTTCACCATTT-1	0.707659115426106	-8.59176345269692	6.89184440369921
C14F_GCTAGCGGTTTACTTG-1	0.303128371089536	-20.1369938474549	6.19010287247005
D4F_GCTCAACCATTGCAGC-1	0.706580366774542	6.98209685845988	7.1866910626697
D4F_GCTGACATCGCTCACT-1	0.735706580366774	9.90169747697523	3.23007505510607
C14F_GCTGGTTCAGTAAGTA-1	0.73462783171521	5.88730718005576	-7.62240413400311
C21D_GCTTAACAGGCTGGCT-1	0.475728155339806	-14.4283894459472	12.5236905009165
C21D_GCTTACCTCAATGTCA-1	0.483279395900755	15.8552748345428	-13.0102242362331
C21D_GCTTCGCGTCCGTAGG-1	0.735706580366774	16.2733383822538	4.1030406164744
D4F_GGACGGATCATTGTTC-1	0.592233009708738	-17.8962682785805	-21.0305014102245
D4F_GGAGCGATCCTTGCAC-1	0.900755124056095	13.3265769476191	0.117681194559615
D4F_GGATATTGTGGGAACA-1	0.495145631067961	0.653415932451533	14.9940804298238
C21D_GGATTGCGTCATAACG-1	0.813376483279396	-8.21084428351563	-14.1700847539144
C15M_GGCATTAGTAGCTGGT-1	0.290183387270766	-9.79447891646765	-8.49088421691094
D4F_GGCCAACTCTAATTGG-1	0.869471413160734	8.19899091227731	-6.09324962890785
C21D_GGCCTTAAGCCTGTTC-1	0.866235167206041	6.10434757129205	-0.476472547454135
C14F_GGCCTTAAGGCGCATC-1	0.281553398058252	17.0531594860874	-14.3288216676727
C15M_GGCTATTAGCCACATG-1	0.720604099244876	-0.278390640147379	-2.33583338602226
C15M_GGCTCAATCGAAGTGA-1	0.0571736785329018	-10.0613901508564	-7.9340958916272
C14F_GGCTCACAGTTAGCTA-1	0.593311758360302	14.9817942733777	-13.6015959676957
C14F_GGGCCTAGTTTAGTCC-1	0.357065803667745	-12.7488777408426	8.24099016289622
D4F_GGGCTAACAATAACCT-1	0.36353829557713	-8.87308742172329	25.7242831592026
C14F_GGGTATTTCGAGCAAA-1	0.915857605177994	3.70484733815001	1.81465395692578
C14F_GGGTGTTGTATTGGAT-1	0.896440129449838	7.81840705106887	-3.42096223401603
C15M_GGGTTTCCAAGCTACC-1	0.202804746494067	1.50699723551256	12.1587001950735
C14F_GGGTTTCCAGTTAAAG-1	0.29126213592233	12.0397993707918	-2.28920168746306
D4F_GGGTTTCCATGTGGGA-1	0.897518878101402	14.5508518625136	3.52880192413476
C15M_GGTAACTTCAATCTAG-1	0.224379719525351	-10.5059310599455	23.4276069502254
D4F_GGTAAGGGTCAATACG-1	0.73462783171521	-6.7930044500006	0.514110606216727
C15M_GGTACAAAGAATCGCT-1	0.154261057173679	-1.00571096177093	-12.9758958898865
C21D_GGTACTAGTCATTAGG-1	0.495145631067961	-8.67177616089631	-1.74909166910083
C14F_GGTATGTTCTAAGGAG-1	0.393743257820928	-12.8866874834755	7.6051738593521
C14F_GGTATTGGTGTTGCTT-1	0.861920172599784	-5.83271377560684	1.19648043035057
D4F_GGTGCTGGTCGACTAA-1	0.340884573894283	12.2874481786412	-19.0482597961161
D4F_GGTGCTTCACCCTCAC-1	0.839266450916936	7.32838627108038	0.513996519965162
D4F_GGTGTCCAGTAACAGG-1	0.996763754045307	-10.7612205531361	-18.1738603933326
C14F_GGTGTGACAGGGAGGA-1	0.592233009708738	16.233865825824	5.5167210117075
C21D_GGTGTTGTCACCGGTA-1	0.0507011866235167	-5.85620214706335	-3.33831679799256
D4F_GGTTAATGTGCTAGAC-1	0.147788565264293	17.3722531799672	-1.19299459287962
D4F_GGTTACCCAACAACAA-1	0.323624595469256	-14.1442968867973	11.6545728068002
C14F_GGTTACTAGGTTAGCT-1	0.584681769147789	-14.1536121742854	15.697666472397
C21D_GGTTCCCGTCCTTAGT-1	0.261057173678533	-14.1060864397288	18.7311495141868
D4F_GGTTCTTGTAGCCTCC-1	0.368932038834951	-7.27417393048773	1.10605239450491
D4F_GGTTGACGTATTGCAG-1	0.308522114347357	-9.89381441772484	22.7459345487904
C21D_GGTTGACGTGTTTGTC-1	0.334412081984898	9.21080602609966	-21.9726435331312
C21D_GGTTGCTCAATATGGA-1	0.796116504854369	7.36738190039195	-8.04092315558051
C15M_GGTTGGTGTTGAAGCC-1	0.392664509169364	-6.1699517120391	12.6354214746527
C14F_GGTTTCCTCTAAATCG-1	0.89428263214671	6.44924686669296	-1.97820561049842
C14F_GTAATAGCATGTCAGC-1	0.581445523193096	-11.4486327836558	7.14176476905976
C21D_GTACACCCAAGGTGCA-1	0.862998921251348	9.40553029345747	-7.09549567218957
D4F_GTACTGGTCAATGAGG-1	0.217907227615965	17.1251481892629	-15.0603310935164
C15M_GTACTTCGTTTAACGG-1	0.0183387270765912	5.17138620893598	-21.0063944368584
C15M_GTAGCGCTCAGGTTTA-1	0.747572815533981	5.79120764395983	-8.94042480329449
C14F_GTAGGATCAGGCCAAA-1	0.155339805825243	11.5415206753334	-27.6355988263785
C15M_GTAGGCGAGTAACGGA-1	0.758360302049622	14.5649445201653	4.37675289337085
D4F_GTATCGCCACCAAAGG-1	0.699029126213592	14.8546321649547	-11.0176570716477
D4F_GTATGTTCATGTCAAT-1	0.499460625674218	-12.5389107567968	2.55143901004525
C14F_GTATTCAAGGCTCATG-1	0.389428263214671	-15.0930436606589	14.8706390866354
C14F_GTATTGTCATAAACCT-1	0.693635382955771	9.22254255397822	5.15887981060749
C14F_GTCAATATCATTTGTC-1	0.919093851132686	6.36329108459518	-0.612543557318633
C21D_GTCATCCTCCAAACAC-1	0.134843581445523	9.86951139256677	19.1971194916017
C21D_GTCCAGGGTCAGTAAT-1	0.64940668824164	-4.81697949844359	13.5997572114092
C15M_GTCCTAGAGGTTACAC-1	0.723840345199569	13.7557026689894	-6.79163468352806
C21D_GTCCTCAGTGATGATT-1	0.444444444444444	14.1520333718564	-9.35707577299639
D4F_GTCCTCCCACTTAACG-1	0.74217907227616	-1.14667545529744	6.31873287749412
C14F_GTCTTTAGTAAGCTTG-1	0.852211434735707	14.8088227040601	1.57291398304772
C21D_GTCTTTGTCGGGACCT-1	0.441208198489752	-13.1237811475529	9.86383724376672
C21D_GTGAGCGAGGTATTGC-1	0.422869471413161	-16.6481985086331	18.9981297523067
C15M_GTGCAAGCACTGGCCA-1	0.488673139158576	-4.0973162997522	-4.48363655168692
C15M_GTGCACGGTGTAATAC-1	0.591154261057174	10.2562598554703	-11.6879317271643
D4F_GTGGACACAGCACGAA-1	0.892125134843581	7.0771154915134	1.4102168347718
C14F_GTGTGAGCAGGATAAC-1	0.45631067961165	-12.5869275712277	-0.33024092547602
C14F_GTGTGCGGTACTTCAC-1	0.706580366774542	-9.2813228655825	2.55427609039627
D4F_GTGTTACAGCTCAAAC-1	0.466019417475728	11.1144366551908	-16.8440177797607
D4F_GTGTTCCTCCGGGACT-1	0.522114347357066	-13.1607872943667	1.27711116277618
C15M_GTTACCTGTACGATTG-1	0.09277238403452	11.4037151206052	-21.0464200632786
C14F_GTTAGACTCGATTCTT-1	0.784250269687163	22.2644512391196	-0.178764185997597
C21D_GTTTAGCAGTCACTCC-1	0.0129449838187702	-14.2272974871227	-7.26994986048911
C15M_GTTTATCTCACAGCCA-1	0.826321467098166	6.68570173541324	-3.46452581300584
C15M_GTTTCAGCACCGGTAT-1	0.451995685005394	-11.7258660579907	8.74750529158399
C21D_GTTTGTAAGTGTTGTA-1	0.108953613807983	10.2963170111649	-28.0459926128909
C14F_GTTTGTTTCTTGTCCA-1	0.508090614886731	20.4927290265654	6.695532411673
C15M_TAAACAGCATTATGAC-1	0.0355987055016181	-8.12119000701665	-9.19606636909736
D4F_TAAAGCCTCCACCCTG-1	0.913700107874865	5.4988579515137	4.48022114317046
D4F_TAAAGCCTCCTAAGGT-1	0.632146709816613	-10.6054603956143	8.59022531322982
C15M_TAACCGGTCCTGATGG-1	0.812297734627832	11.9692327490123	-4.58864272066997
C15M_TAAGCCTAGCACAGCC-1	0.402373247033441	18.2665682922205	-7.71441456533775
D4F_TAAGGCTTCCTAATTC-1	0.45631067961165	-19.2826123481531	-21.587975623812
C21D_TAAGTAGCAATCATGT-1	0.707659115426106	-4.23202084967963	6.54743511971115
C15M_TAATCACCAACTGGCT-1	0.169363538295577	-16.999464617332	20.8090921199319
C14F_TAATGCATCGCTTGCT-1	0.932038834951456	-7.56766487062779	-16.1859988587117
C15M_TACAAGCTCAAGCGCC-1	0.635382955771305	4.94432924665643	-12.552168216277
C14F_TACAGCTAGAACCTAC-1	0.529665587918015	7.65356559162381	-11.4797299232154
C15M_TACAGCTAGGACAATG-1	0.58252427184466	-6.21334903230771	15.200129388633
C14F_TACATCAAGGTCCACA-1	0.89428263214671	13.2776604150867	3.74789689217118
C14F_TACCCGGCACATACTG-1	0.263214670981661	23.9020251436381	4.59576372140621
C14F_TACCGCAAGCATTTCT-1	0.679611650485437	20.7053042721321	1.25292074615212
C15M_TACCTCATCTAACTGA-1	0.851132686084142	5.50334763236795	2.37612483721189
D4F_TACCTTAGTACCGTTT-1	0.449838187702265	-10.4816935864123	0.364949800272863
C15M_TACGCACCAGCTTACA-1	0.562028047464941	-8.76324578181983	-3.0299802872965
C14F_TACGTACAGGGCTAAA-1	0.420711974110032	-6.61902164899672	10.6604462013081
C15M_TACGTACAGTCTATGA-1	0.498381877022654	11.2935234319935	-10.6551014570421
C21D_TACTCAAAGTAAACCC-1	0.176914778856526	20.1548826619605	2.96047305148302
C21D_TACTGGCCACCTAATG-1	0.110032362459547	-6.29275678877112	-6.79469087757363
C21D_TACTTCGTCACAAGCT-1	0.0916936353829558	-11.2567846337878	-2.48655488517093
C21D_TAGCATATCATTACAG-1	0.674217907227616	-2.79565996048853	6.08396339172423
C14F_TAGCCGGGTGTAACCA-1	0.439050701186624	-14.7806156920427	15.9175497801916
D4F_TAGCGGACAGCAACAG-1	0.845738942826321	6.7276781712424	-2.97093865398671
D4F_TAGCGGCTCGTTTCTG-1	0.787486515641855	10.9912078240749	-2.09379873987689
C21D_TAGCTTGCAGGCCAAA-1	0.962243797195254	-8.08641938859073	-16.1842047802996
C15M_TAGGCTTAGCTGCACA-1	0.447680690399137	-7.83443885514846	-2.07274154109315
D4F_TAGGGTTTCCAAGTGT-1	0.474649406688242	-0.65249618114118	-6.64536256945145
C15M_TAGGTTGGTTAGGATT-1	0.442286947141316	10.981522585502	-11.55164888535
C21D_TAGTAACGTCAGGCAT-1	0.525350593311758	-12.0813991429403	15.5036623885205
C14F_TAGTAAGCACTGGCCA-1	0.457389428263215	14.1382166993776	-9.49858846544492
D4F_TATAGCCAGCTACTGG-1	0.0798274002157497	-5.23030399434388	-8.89192081533309
C15M_TATAGGTGTGCTCCAC-1	0.918015102481122	2.71951054869844	-0.990562739739278
C21D_TATCACAAGTTAGCTA-1	0.967637540453074	-8.62319041546018	-17.4372651694989
D4F_TATCACGCAAATGCCC-1	0.701186623516721	-7.05881036843163	15.1416361494168
C15M_TATCACGCAAGGTCGA-1	0.895361380798274	6.89360210781281	2.5021507707998
D4F_TATCCGGAGTTCCTGC-1	0.787486515641855	-6.48892029959118	0.0353452886060066
C15M_TATGGCCCAAGTTATC-1	0.171521035598705	12.3994681158177	-19.1871435975928
C21D_TATGGCCCAGCTTAGC-1	0.591154261057174	9.52501998731483	5.1082659992314
C21D_TATGGTCAGGAACCAA-1	0.914778856526429	4.53119065190679	2.31569886717208
C15M_TATTAGCCACTCGCTC-1	0.0960086299892125	14.741258704457	-6.40406015125856
D4F_TATTGACCACCCACAG-1	0.576051779935275	-6.8918069288478	25.66802025313
C21D_TATTTGGAGGCTGTCA-1	0.436893203883495	6.04509649313184	5.52124237760379
C15M_TCAAGAACAACAGCCT-1	0.269687162891046	10.7271540260709	17.6041673766016
C15M_TCAAGAACATTAAGTC-1	0.475728155339806	-8.51630504924242	-0.619211715902914
D4F_TCAAGCTAGACTTACA-1	0.954692556634304	-4.60118840041263	-18.6773240790189
C21D_TCAATCGCAACAGCCT-1	0.819848975188781	6.46683211872488	-1.93118488768959
D4F_TCACATAAGACTCGCA-1	0.256742179072276	13.3814972621884	-11.479730760981
C21D_TCACCGGCAATTTAGC-1	0.420711974110032	-17.5924026715749	-21.8094443209686
C21D_TCAGCAAGTTAGGCGT-1	0.700107874865156	-8.31801650518899	-0.583555143004622
C14F_TCAGGTTAGCTCAATA-1	0.0614886731391586	10.3071255167622	-26.3682345924539
C15M_TCAGGTTAGGTTAGCT-1	0.544768069039914	16.647300261088	-10.5591845600404
D4F_TCAGTAATCACCTGTC-1	0.677454153182309	6.738731118413	-7.6562941015706
C21D_TCAGTAGGTCATGCAA-1	0.586839266450917	-7.6172153469343	6.4909491581142
D4F_TCAGTAGGTCATTGTC-1	0.221143473570658	-10.6094742194473	26.8716014291031
C15M_TCATAACCATAGACTT-1	0.56957928802589	-3.74060768503745	14.525418495863
D4F_TCATGAGGTAGCCATA-1	0.903991370010787	5.96948891032167	-1.5558164791339
C15M_TCATGCCTCTAATTGG-1	0.893203883495146	6.66909110740688	-2.81971167297005
D4F_TCATTACTCGCTATAA-1	0.806903991370011	7.79554476961157	-3.11470648174149
C15M_TCCAGGATCCTCCATA-1	0.642934196332255	-5.95660505283357	-1.54366414776139
C21D_TCCATAAAGACAACGA-1	0.268608414239482	-16.2644902689457	-3.98731758502807
C21D_TCCATATTCCTTCGTA-1	0.898597626752967	7.90137109113263	-6.92412923610312
C15M_TCCATATTCTCCATGC-1	0.642934196332255	-7.45666304273135	5.43282052890211
C15M_TCCCGGACAACACCTA-1	0.029126213592233	-13.1568018207287	-2.02236465334762
D4F_TCCCTCACATTGTCCT-1	0.875943905070119	3.71705456614948	5.09010443210622
C14F_TCCCTGGTCCTAAGGT-1	0.254584681769148	-17.8979544321547	-23.6363862923759
D4F_TCCTCTAAGCGTGCAC-1	0.513484358144552	-2.51266786968155	17.5561946834918
D4F_TCGCATTGTAGCTAGC-1	0.130528586839266	-12.1447829900553	-13.913574992326
D4F_TCGCGAGGTGGGTGAA-1	0.64185544768069	-13.0209690949363	1.01585196995621
D4F_TCGGTTCTCCCTCTAA-1	0.923408845738943	3.77630304389845	0.527567376069258
D4F_TCGGTTCTCTTAGGGT-1	0.784250269687163	10.8044351597091	-6.86945570401257
D4F_TCGTTATTCCCGTTTA-1	0.32470334412082	-9.00122653863056	18.6228153270975
D4F_TCGTTTCCACAAGCCT-1	0.183387270765912	-12.4747701007263	9.2595476407589
C15M_TCTAATCTCCTGAATA-1	0.530744336569579	-4.21042539642644	-4.73058229512739
D4F_TCTACCTCATAATCGT-1	0.955771305285868	-5.17452278759597	-21.6056579928026
C15M_TCTACTAGTTTATCGC-1	0.829557713052859	9.7411742540306	-2.64787423887335
C21D_TCTAGCACATTATGAC-1	0.728155339805825	-2.42750278802333	-7.30533898286907
D4F_TCTATGTTCATGCCTC-1	0.903991370010787	7.39179163231162	-0.240766737883423
C14F_TCTGGCTTCCCTTGCG-1	0.40992448759439	21.3769413944556	6.17395071912919
C21D_TCTGGCTTCTATGACA-1	0.84789644012945	6.94403613459444	-7.4350432984026
D4F_TCTTTGTAGCTTAGCG-1	0.173678532901834	14.0357021118016	-16.8934470783453
C14F_TGAACAACATGTCAAT-1	0.119741100323625	8.02509202673303	-20.9067820876163
C14F_TGAGCCGGTACCAGGT-1	0.0916936353829558	7.88150228069089	-28.4637267265569
D4F_TGAGGTGCAGCTACGT-1	0.909385113268608	5.49061496379504	0.860101091352271
C14F_TGAGGTGCATAATGTC-1	0.732470334412082	-4.47878382144986	7.45500139479805
C21D_TGATCACAGCTTACTT-1	0.916936353829558	5.97518783278621	-2.6652217889968
D4F_TGATCAGGTAACCTAG-1	0.73462783171521	-9.23709917069478	8.23263810575484
D4F_TGATCAGGTTGTTGGA-1	0.775620280474649	8.09896799283015	0.404986830750834
D4F_TGATTGCAGGTCAAAG-1	0.728155339805825	-6.01853767817799	8.11707737675231
C14F_TGCATCCTCACACAGT-1	0.859762675296656	9.08136416586137	-4.42497880356667
C14F_TGCATCCTCTAATTGG-1	0.283710895361381	-17.2058465547775	21.5248369606189
C14F_TGGACAAAGCAGGTTT-1	0.299892125134844	-0.852205325537361	16.4253952189591
C14F_TGGACGGAGTGAACGA-1	0.967637540453074	-1.85370910879354	-19.5371122251983
C14F_TGGCCATCAGCGCTTG-1	0.440129449838188	-11.4288564566255	23.2974997915894
D4F_TGGCCTGCAATTTGGT-1	0.949298813376483	-5.74347783221669	-19.5792718839988
C15M_TGGCCTTTCAATTACG-1	0.73462783171521	-4.2367971064038	8.4327348245059
C15M_TGGCTATAGGCTTAGT-1	0.282632146709817	10.872477370601	17.7480923560922
C21D_TGGTGATTCGCTAAGT-1	0.378640776699029	2.39474128000381	14.3336060948186
C21D_TGGTTGAGTGGAGCAA-1	0.270765911542611	-14.1356478686987	20.9826493735558
D4F_TGTAAAGCACATGCTA-1	0.163969795037756	12.105867035336	-3.23033705365886
C15M_TGTCAGTAGGCGCTAC-1	0.599784250269687	19.174242906592	3.42084820513037
C21D_TGTGAAACAACTAGAA-1	0.837108953613808	14.1048456838983	-3.35369884861535
D4F_TGTGAAACAGGCTTCG-1	0.87378640776699	5.84327153464095	3.22404077696876
C21D_TGTGATCAGTATGTGC-1	0.571736785329018	13.6662251092778	-0.772625870206507
C15M_TGTGCAAGTTAGTTGG-1	0.727076591154261	10.9431985638813	3.97523795139785
C14F_TGTGCAAGTTGTGATG-1	0.199568500539374	-16.6613193881123	-12.0978230342856
C15M_TGTGCTGAGGCCATCA-1	0.579288025889968	-6.58180023411525	-0.128338679527816
C21D_TGTTACTTCCCGAACA-1	0.0453074433656958	4.42794600119981	-18.5596815364053
C14F_TGTTAGCAGCATTAGC-1	0.563106796116505	14.0991483510322	-14.4169242502141
C15M_TGTTATGAGCATTAGC-1	0.564185544768069	6.3566772616935	-10.213274135059
C15M_TGTTCATTCGGGATTT-1	0.127292340884574	-13.4658040367594	-1.49898889664583
C21D_TGTTGGCCAAACCTAT-1	0.652642934196332	-13.4260247098446	14.0447841117271
D4F_TGTTGTAAGCGTGCGT-1	0.786407766990291	10.0857011580309	5.93383003143067
D4F_TTAACTGAGAGGCTAA-1	0.365695792880259	16.3029726568919	-15.7726982128533
D4F_TTAAGGACAAATACCT-1	0.288025889967638	18.3382083202857	0.865161919046884
D4F_TTAATCGAGTTTGTCT-1	0.0852211434735707	-9.56928183874724	-4.42043988066172
C21D_TTACACCGTCATTAGG-1	0.159654800431499	11.294257451052	-27.3164908391432
C14F_TTACCGTGTTTCGCCA-1	0.878101402373247	9.14953924001174	-5.96078499377706
C21D_TTACCTGTCCTCACTA-1	0.673139158576052	14.4437628021528	-12.9997842341742
C14F_TTAGCAATCGCTTCTA-1	0.804746494066882	10.007876193208	-0.926742883657294
C14F_TTAGCAATCTGCAAAC-1	0.570658036677454	-9.67669573017488	7.92674440973632
C15M_TTATCCGTCACTAATG-1	0.850053937432578	7.50890846995222	-4.85393884604393
C21D_TTATCCTAGAAAGCAT-1	0.965480043149946	-9.58273961822466	-18.8133764176925
C15M_TTATCCTAGGCACAGG-1	0.0744336569579288	11.2794570165913	-27.5576978762414
C21D_TTCAGGTAGTCACCAG-1	0.40453074433657	-16.1005946286546	9.99071213635463
D4F_TTCAGTTTCAGCAAAG-1	0.197411003236246	-14.0441261442635	9.84974418763326
C14F_TTCGTGCTCTCAATTC-1	0.686084142394822	-6.5725936751625	0.885232751912314
C14F_TTGAGCTAGCTCCTAC-1	0.429341963322546	18.8423026314176	2.50531584749396
C15M_TTGATGTCAATAATCC-1	0.0809061488673139	4.39571625836747	-18.744979677266
C14F_TTGATGTCAATAGCCC-1	0.236245954692557	22.8292155557409	1.00727579950138
C15M_TTGCAATCAAACGCGA-1	0.576051779935275	13.0108178460748	-8.33090120944074
C21D_TTGCAGCCACCACAAC-1	0.494066882416397	-3.56146825980587	11.0662849419118
C15M_TTGCATTTCCATAAGC-1	0.779935275080906	6.32221770365165	-2.45201173895634
C15M_TTGCATTTCCATAATG-1	0.859762675296656	3.4372056332182	1.75957088165667
D4F_TTGCGTCTCCGCACAA-1	0.811218985976268	14.0095988023986	-3.48813890276423
C14F_TTGCGTCTCCTCATCA-1	0.355987055016181	15.8066056523846	-12.7482041224887
C21D_TTGCTTAGTTAATGCG-1	0.255663430420712	21.2489683793633	5.67056495794669
D4F_TTGGATCAGGGTGGAT-1	0.537216828478964	-8.24695772578328	13.0857840655951
D4F_TTGGTGAGTTTAACGG-1	0.902912621359223	14.5213452375709	3.82507242398039
C15M_TTGTCCCAGTAATCCA-1	0.687162891046386	-9.00896833041744	6.86455130759481
D4F_TTTAAGCCAAGTGTTT-1	0.0312837108953614	19.2644190944977	-11.8231560217828
C15M_TTTCCGGGTACAATGT-1	0.719525350593312	8.68850725800837	-8.43958526387632
D4F_TTTCCTGAGGAGTCTT-1	0.934196332254585	-1.30489682955249	9.66149138635278
D4F_TTTCTCACAACCTGGT-1	0.527508090614887	-3.76614679166914	18.1872141968856
D4F_TTTGCATTCTCCTCAA-1	0.215749730312837	-5.6489716545485	-16.2273209578202
C14F_TTTGGCTGTTTGCTGT-1	0.316073354908306	23.859455754761	4.6172511275575
C21D_TTTGGTAAGCTTTGTT-1	0.327939590075512	-11.0797648265491	-3.75287291785488
C15M_TTTGTCCCATCCCGCT-1	0.208198489751888	-12.8960064438351	-0.942135788146459
C14F_TTTGTGTTCTTGTCTG-1	0.0194174757281553	6.0359568704209	-21.941619241381
C14M_AAACAGCCATCCAGGT-1	0.896440129449838	10.3298634799603	-2.12086068572921
C14M_AAACATGCAATTAGGA-1	0.522114347357066	-18.5779628086225	-21.5337832423086
C14M_AAACCGGCACATGCTA-1	0.846817691477886	-4.73090653667359	2.18027844684649
B23F_AAACGCGCACCAACCG-1	0.67529665587918	-9.36193979347054	7.00702045926145
C14M_AAACGGATCCGTGACA-1	0.385113268608414	21.080775168182	5.76476955185668
B23F_AAACGGATCGGTTTCC-1	0.0258899676375405	9.42860274581015	-27.6941933311485
B21F_AAAGCCCGTAGGATTT-1	0.478964401294498	-9.48286490516253	10.0333569933466
B23F_AAAGCCCGTATTGGAT-1	0.348435814455232	-10.9919444410305	-3.75859104165708
B23F_AAAGCTTGTAAAGCAA-1	0.375404530744337	-2.16949015001442	18.9005094055797
B21F_AAATGGCCAGGCGAGT-1	0.963322545846818	-6.92818004659674	-17.3049987450565
C14M_AACAAGCCAGCTCAAC-1	0.0949298813376483	-13.4756086321296	-2.38808380079956
B21F_AACAGATAGGAGCATA-1	0.305285868392665	-13.8458462477878	8.32689092258307
B23F_AACATTGTCGATTTAG-1	0.166127292340885	-18.9006495504649	23.6919161448197
B23F_AACCGCTCAGGCAAGC-1	0.564185544768069	1.24106088715291	9.37312008984972
C14M_AACCTCACACGTGCTG-1	0.238403451995685	21.6669028895011	1.44218820576959
B21F_AACCTCACAGGTTCAC-1	0.839266450916936	6.79726502673348	-5.43540003791415
B21F_AACCTTAAGCGCATTG-1	0.239482200647249	-18.391495163019	23.0245661904157
B23F_AACTTAGTCCTCATCA-1	0.477885652642934	-1.48747776813421	18.5054895497888
B23F_AAGAATCAGGCATGTT-1	0.988133764832794	-6.31843793841688	-16.1474585262686
B21F_AAGACCAAGGTGAAAT-1	0.795037756202805	-4.66294570394534	10.5238299252833
A22D_AAGCCACGTTGGTTCT-1	0.0798274002157497	-13.2417606880282	-8.48852671412969
B23F_AAGCCTCCAGCACCAT-1	0.129449838187702	9.65273083738847	-27.5865396868111
A22D_AAGCGAGGTTCCGCAC-1	0.660194174757282	-3.79310409705538	12.8996267836813
C14M_AAGCTCCCAGCTTACA-1	0.759439050701187	8.58916736685436	-8.49499979936841
C14M_AAGCTTGGTGGATTCA-1	0.284789644012945	17.3373748272294	-16.4043948343903
B21F_AAGCTTGGTTATCCGT-1	0.0981661272923409	-13.2704708219336	0.346191846047493
A22D_AAGGAAGCACCAGGTT-1	0.365695792880259	-13.3002775204403	16.5977492458972
A22D_AAGGATGTCACCATTT-1	0.842502696871629	-10.0544441380434	-16.3755131367101
C14M_AAGGTATAGAGAAGGG-1	0.97411003236246	-5.4942288060256	-18.5060512281006
C14M_AAGTCTATCCATTACT-1	0.870550161812298	0.952977972717692	1.28834868526207
C14M_AAGTCTATCGCAGGCT-1	0.0830636461704423	10.4085051170796	-26.1251572208412
B23F_AAGTGCAAGTTCCTGC-1	0.705501618122977	8.88246467817171	-6.79994834771503
B21F_AAGTTAGCACGGTACT-1	0.168284789644013	-9.51608775521795	26.0986717469316
C14M_AATCGCCCAGTATGTT-1	0.912621359223301	10.2590618296654	-6.89542560594333
B23F_AATCTTGAGACCATAC-1	0.585760517799353	-6.64887818314751	7.22039608102761
B23F_AATTGTGTCCCTGGTT-1	0.360302049622438	-15.7348927049156	19.2250865192437
B21F_AATTTGGTCGTTCACC-1	0.557713052858684	-9.21773400375556	12.4611569194006
B21F_ACAACAGAGGATAAAC-1	0.826321467098166	5.01474360642582	-0.642601237794316
C14M_ACACTTAAGGACCGCT-1	0.298813376483279	-12.0453476370564	14.0518961899659
C14M_ACACTTGCATGTCAAT-1	0.517799352750809	-19.0944024215658	-21.4716978429053
C14M_ACACTTGCATTGTGGC-1	0.389428263214671	4.89434656961473	-12.583471942028
B23F_ACAGCCGGTGAATCGC-1	0.355987055016181	-1.50417823892107	18.8174870953831
C14M_ACAGCGCTCGGTTACG-1	0.5361380798274	-19.4622216063495	-21.2808474976281
B21F_ACAGGATCAATAACGA-1	0.950377562028047	-6.76126064845346	-17.0934494356766
C14M_ACAGTATGTAAGGTCC-1	0.195253505933118	17.7218803040303	-16.7020740900807
B21F_ACATAGCTCTCGCCTG-1	0.09277238403452	-12.126549976718	-2.11630847687082
C14M_ACATCATCAGCACGTT-1	0.5361380798274	-12.0984705972824	13.6625066401985
B21F_ACCAAACTCCGCCAAA-1	0.255663430420712	22.6771567519923	6.79607499860944
C14M_ACCACACCAAGGTGCA-1	0.943905070118662	-8.76254817408464	-15.0915766662734
C14M_ACCACACCAATCCCTT-1	0.778856526429342	7.51029274036861	-2.42250944546035
B23F_ACCATTAAGTTTGGGT-1	0.533980582524272	1.78957034214539	10.2945020101834
B23F_ACCCAACCAAACTAAG-1	0.565264293419633	-17.2997011785255	12.3521186821981
B21F_ACCCAACCATCCCTCA-1	0.481121898597627	-8.68355489285797	17.0997443423318
A22D_ACCGGCTAGATAACCC-1	0.27831715210356	-11.9066310679935	18.1218638310024
C14M_ACCGGCTAGGTTACAC-1	0.289104638619202	-8.46859473696049	25.3345043569654
C14M_ACCTGGATCTTTGTAC-1	0.370010787486516	-11.1719274810828	-4.09508674311492
B23F_ACCTGGTCAGTTAAAG-1	0.95361380798274	-4.44202354252503	-18.9343541857937
A22D_ACGAAGTCATCGCTCC-1	0.0129449838187702	1.21246355386092	-16.3891027901307
C14M_ACGCCACAGCGAAGTA-1	0.950377562028047	-5.30272271176324	-18.9684699920835
C14M_ACGGTTTAGACAAAGT-1	0.775620280474649	9.4624978538684	-4.84378010586261
A22D_ACGGTTTAGCATTATG-1	0.862998921251348	18.7435058765499	2.05742925133158
C14M_ACTAAAGCAGCAGGTA-1	0.535059331175836	-2.67719653308886	14.8948918151325
B23F_ACTAACGGTAGCTAGC-1	0.256742179072276	-1.52014967011842	19.2909265673948
C14M_ACTATGTCATTCAGCA-1	0.322545846817691	19.9807619733911	2.76259407767599
A22D_ACTCCTCAGTACCGCA-1	0.362459546925566	19.8250315891851	7.09256980856847
B23F_ACTTACAAGTAAGTGG-1	0.977346278317152	-8.11041238055407	-16.6560230975727
C14M_ACTTACTTCGTTTCTG-1	0.420711974110032	16.7438056787597	-13.937124693936
B21F_ACTTAGGGTTTGGCGG-1	0.32470334412082	9.59459590716378	-21.9709003952563
B23F_ACTTCGCTCACGTTAA-1	0.225458468176915	2.4914715159463	17.0093866680287
A22D_ACTTGTAAGTGAACGA-1	0.11866235167206	-14.9904309845302	1.32407779532519
B23F_ACTTGTCGTTCACCAT-1	0.116504854368932	11.3096705801228	-25.2992158858233
C14M_AGAACCAAGTACTGGT-1	0.367853290183387	-19.3107408829762	-22.1453554842257
B21F_AGACAATAGGTAAGCA-1	0.117583603020496	17.9781361655386	13.4080084313788
C14M_AGAGGAACACAGGGAC-1	0.685005393743258	11.6825909915407	-6.74913554469402
C14M_AGCAAGGGTGAGGTGA-1	0.322545846817691	-16.3617345981468	17.2721123923174
C14M_AGCAAGGGTTACCTGT-1	0.690399137001079	-0.890785737016405	-4.1137803606322
B23F_AGCAGGTAGTCCTTTG-1	0.0722761596548004	-4.2997921551507	-11.5488936218926
B21F_AGCCAGTGTCGACTAA-1	0.0312837108953614	-6.69535683987592	-12.9045457053108
B21F_AGCCGCTAGGTAAGGC-1	0.351672060409924	23.0333733367831	1.57203025075853
A22D_AGCCGGTTCTACCTCA-1	0.984897518878101	-8.57051341524533	-15.9402616735775
B21F_AGCCTAAGTACCGAAC-1	0.488673139158576	-1.75166391074827	-8.87568085133852
C14M_AGCGCCTAGATGCCTG-1	0.604099244875944	12.3518224093346	3.77589929836283
B21F_AGCGCCTAGTGAGAGC-1	0.125134843581446	-17.1482678886329	20.8653304912533
B21F_AGCTACGTCAGCATTA-1	0.515641855447681	-9.38961486919156	5.9905923360309
C14M_AGCTTTAAGTTCCCGT-1	0.0884573894282632	8.06363873314188	-20.9507073494696
B23F_AGGCCCAGTGATCAGC-1	0.47680690399137	1.0204519453398	9.48145109798044
C14M_AGGCGGATCCTCCTAA-1	0.174757281553398	-14.4353382307411	1.13556655593177
A22D_AGGGCCTTCGTTAAGC-1	0.0571736785329018	5.16901443544199	-20.6121348144545
B23F_AGGTACGCAACTCGCG-1	0.0517799352750809	5.60055887301252	-20.8121333674505
B21F_AGGTACGCAGCGCTTG-1	0.335490830636462	-13.1109580194368	21.4859183779986
B21F_AGGTCTTAGCTATTAG-1	0.957928802588997	-7.71355859062751	-15.8832117254882
B21F_AGTAAACAGCACAGCC-1	0.488673139158576	10.9343361698003	-4.13805286661363
C14M_AGTAAACAGTTGCCTC-1	0.601941747572815	20.574484213302	0.916815041395252
B23F_AGTAACGAGTTATGGC-1	0.245954692556634	-12.5373419450119	14.602897421045
B21F_AGTAAGTAGTAGCGGG-1	0.655879180151025	-12.2141888715125	13.1318514045417
B21F_AGTATAGCAACAGGTG-1	0.880258899676375	5.96100444182034	-5.11142757384995
B21F_AGTGAGTCAGTTGCGT-1	0.343042071197411	-11.5710975272967	24.9953848144925
B21F_AGTGGACAGGTTTGCG-1	0.131607335490831	-17.4217242213077	12.3743585013919
C14M_AGTTGCGTCAAACACC-1	0.494066882416397	-13.0534367399212	0.231959941184066
A22D_AGTTGGCGTAGCAGCT-1	0.738942826321467	11.1884428676466	-7.25607168224014
C14M_ATAAGCCTCTTAATGG-1	0.00862998921251348	6.69645289931777	-18.9197876162264
C14M_ATAGATGCATCACAGC-1	0.378640776699029	-0.560007376813325	14.0295652856808
A22D_ATAGCATGTGAGCGAA-1	0.340884573894283	-2.4519381385272	18.0587364278484
A22D_ATATGCATCATGCAAC-1	0.345199568500539	-3.88991979202283	-9.52085969234412
C14M_ATATGCTCATCCAGGT-1	0.427184466019417	16.4960173098839	-2.84607483999304
A22D_ATATGGTGTCACGAAC-1	0.666666666666667	-2.67977699256715	9.99753772125413
C14M_ATATGTCCACAATGTT-1	0.806903991370011	1.20150467261302	-1.92018298744851
B23F_ATCAATCCATATAACC-1	0.334412081984898	-16.521221181588	0.423130402517806
C14M_ATCAATCCATTGTCAG-1	0.170442286947141	-10.5978181965295	-3.93897265336034
A22D_ATCACAATCGCTAAAC-1	0.0830636461704423	2.11480684894875	-16.1199103816098
A22D_ATCACACAGGCCTTAG-1	0.461704422869471	-13.1791507847249	17.6157358827882
A22D_ATCAGGTTCCCTCGCA-1	0.935275080906149	4.24570390376486	0.404334714054416
C14M_ATCCACCTCCGGGACT-1	0.204962243797195	-7.07215259812865	22.8439067482694
B21F_ATCCGTGAGTTATCTC-1	0.36353829557713	-6.24759862228141	2.04815179234604
B23F_ATCCTTAGTCCTCCAA-1	0.148867313915858	9.63228796769948	-27.5307990555385
B21F_ATCCTTAGTGCACGCA-1	0.529665587918015	-8.24084070842508	9.50906916759284
C14M_ATCGCTTGTGCTAGCG-1	0.530744336569579	-12.4744306854158	13.0176161819178
C14M_ATCGGCCAGCATGGTT-1	0.394822006472492	-14.4773339997481	17.4177827907603
C14M_ATCTATGAGTCTTGAA-1	0.204962243797195	15.5343955216859	-18.4216297500289
C14M_ATGAGCCGTGGGTGAA-1	0.710895361380798	15.9895555115011	5.50983577562982
B23F_ATGCATTCACCTAATG-1	0.672060409924488	-5.35802687653566	6.28023757700239
B23F_ATGCATTCAGGCTAAG-1	0.647249190938511	-7.07368371924772	-2.47299260458565
B23F_ATGCGATTCCAGGAAA-1	0.629989212513484	-9.67121144896248	2.61608150084632
B23F_ATGGCTTAGTGATTCA-1	0.49730312837109	-0.822209667539701	0.730551215083521
B23F_ATGTAAGCATGGTTAT-1	0.0690399137001079	9.30450476842832	-27.6757305970693
C14M_ATGTCAATCGCTAGCA-1	0.0852211434735707	1.47923626251992	-18.7869998439388
B21F_ATGTCATCAAAGGTAC-1	0.51024811218986	-3.54154435919257	-22.6658264852668
B23F_ATGTCCACAAGGACCA-1	0.13915857605178	-19.4736908949776	10.2723734688803
C14M_ATGTCCACATAGCGAG-1	0.0204962243797195	7.18992468287052	-21.1638686832438
B21F_ATTAACCCAGGAAGCC-1	0.62891046386192	-9.43023853944502	12.299508786712
A22D_ATTACCGCAATCCCTT-1	0.524271844660194	13.1558271274431	2.70274570005361
A22D_ATTATGGTCCTAGTAA-1	0.560949298813377	-5.77680382388662	9.29091757867781
B23F_ATTCATGAGTCCTGAG-1	0.309600862998921	-10.6637659006586	1.39535902950997
B23F_ATTCCGGAGGGTGGAT-1	0.0323624595469256	8.13378746485397	-28.3251974351997
A22D_ATTCGTTTCGATTCTT-1	0.952535059331176	-5.47008618537787	-18.6300092510561
C14M_ATTCGTTTCTTAGTCT-1	0.188781014023732	19.0832102167703	-0.476070697789029
C14M_ATTGCACAGTTAGCTA-1	0.773462783171521	0.907393812919922	0.37320425741533
A22D_ATTTAGCCAAGTGTCC-1	0.622437971952535	-2.62920687737524	17.5587821152078
C14M_ATTTGTGAGCAACATC-1	0.608414239482201	-10.8491045138704	12.32936625362
A22D_CAAACATGTCAGGAAG-1	0.744336569579288	15.3796436508608	-7.835249934138
C14M_CAAACCGTCCTAGTCC-1	0.97950377562028	-5.59588358974084	-22.0358546399648
B23F_CAAAGCGCACATGCTA-1	0.106796116504854	-18.8653183716639	23.5475637174341
B21F_CAAAGGATCCACCTGT-1	0.673139158576052	-9.7263401786568	4.62202737501088
C14M_CAACCCGCACTAAGAA-1	0.770226537216828	11.029510026742	-0.693161066187123
B21F_CAACCCTTCATGGTTA-1	0.64185544768069	-9.87043361751742	8.60926102512416
C14M_CAACCCTTCTTGTCTG-1	0.366774541531823	10.2593965516107	18.8305607089084
A22D_CAAGGCTGTCACGAAC-1	0.233009708737864	-11.2760638542705	20.0898041727549
B21F_CAAGTAACAACTAGAA-1	0.724919093851133	-3.61170482354326	9.82836888080213
C14M_CAAGTAACAAGGTGCA-1	0.171521035598705	10.5312148941045	18.668574474543
B21F_CAATAGCTCTGCAAAC-1	0.924487594390507	4.65645084505714	-8.18374532651806
B21F_CAATGCCCAGCTCATA-1	0.243797195253506	-11.9816831007512	8.22662422269912
B21F_CAATGTCAGCAAGGAC-1	0.609492988133765	-5.8425296751484	13.6417823196829
B23F_CACATGCCACCCTCAC-1	0.852211434735707	5.23512759089216	-2.11530514671486
B21F_CACATGCCAGAACCGA-1	0.985976267529666	-7.29513661724178	-19.2845901483294
B21F_CACGCTAAGACCATAC-1	0.610571736785329	-5.56252600630634	4.6870457695703
C14M_CACGCTAAGGAAGCAC-1	0.473570658036677	-12.1167094957759	21.687003148877
C14M_CACTAAGGTCATTGAG-1	0.0539374325782093	2.60508209972652	-14.5331807642215
B21F_CAGAACCGTTAATCGG-1	0.212513484358145	-12.7298825804819	2.3738145227632
C14M_CAGCAAGCAGGAATCG-1	0.667745415318231	16.5352616370659	4.49802142876346
B21F_CAGCCAATCGATTCTT-1	0.0140237324703344	-8.83647993950064	-9.74971461730211
A22D_CAGGGCTTCACTTTAC-1	0.652642934196332	14.8045174746217	-6.63169522789393
B21F_CAGGGCTTCCGGGACT-1	0.422869471413161	-5.52416888844627	10.7259572607452
A22D_CAGGTCCAGGTAACGA-1	0.78856526429342	-5.47143485156026	7.3149861900543
C14M_CAGGTTAGTCCTTCTC-1	0.0409924487594391	-13.4087383071573	-9.32749889138087
B23F_CATAAGCTCATGCCTC-1	0.353829557713053	2.54653841490213	9.07416366702944
B23F_CATAGGTTCAGTTCCC-1	0.470334412081985	-12.7060439133978	15.1447437591997
C14M_CATAGGTTCATAACTG-1	0.839266450916936	6.52125537666713	1.83948278957927
B23F_CATCAGCCAAATACCT-1	0.0679611650485437	-18.3224279261242	23.5493142677089
B21F_CATCCTCAGTAAACCC-1	0.183387270765912	10.4247936712479	-26.3003351603416
A22D_CATCGCTTCGGTACGC-1	0.512405609492988	-5.15265751812779	16.2464489574382
C14M_CATGCAAGTATTACCC-1	0.532901833872708	-4.75905365338243	13.8721901722445
B21F_CATGCGGGTTCGCTTG-1	0.169363538295577	-16.5051626419405	4.76675759170694
B23F_CATGCGGGTTGAATCG-1	0.496224379719525	-13.0184150891972	16.2257983377402
B21F_CATGGATTCCTAGTCC-1	0.37108953613808	-12.3743151663362	7.51765782636054
C14M_CATTATGAGCGATACT-1	0.604099244875944	-3.42638252428575	16.8324100306246
B21F_CATTGCGAGGGCTTTG-1	0.0474649406688242	-18.5510653494309	23.2487880879392
C14M_CCAAATCAGCGAGTAA-1	0.124056094929881	-16.2487821740504	8.93341649495408
C14M_CCAACCAAGGCTGTCA-1	0.00431499460625674	-4.55568310232811	-11.5500473761642
C14M_CCAACCCGTACTGATG-1	0.321467098166127	6.57734626001988	-20.9777046642728
A22D_CCAAGGCTCGCTCCAT-1	0.468176914778857	-12.6975339454715	1.17306516810456
B23F_CCAAGTTAGCAACATC-1	0.0442286947141316	9.47873060860853	-27.6045843602863
A22D_CCAAGTTAGGTTTACA-1	0.989212513484358	-8.43591077761121	-15.0233055180858
B21F_CCACATTGTGGTTATG-1	0.635382955771305	-5.16404358305759	4.58545741322791
C14M_CCAGACTCACCCTCAC-1	0.398058252427184	-13.7089812012789	-0.175619632679003
A22D_CCAGACTCACGTTACA-1	0.294498381877023	-13.863187449635	16.5033260974918
B23F_CCAGCCTGTTTATTCG-1	0.444444444444444	-6.44394110583939	-5.36442460296059
B23F_CCAGCTGCAAGGTGGC-1	0.0151024811218986	8.96646337393014	-27.9922871030459
B21F_CCAGGAACATAATGAG-1	0.566343042071197	-19.5018232689173	-20.2805286692148
B23F_CCAGGAACATCGCTTT-1	0.446601941747573	-0.122070966378723	-14.2776414219112
A22D_CCAGGATGTCGACTAA-1	0.815533980582524	10.583014700681	-5.75382989257619
A22D_CCATAAGGTTTAGCGA-1	0.576051779935275	-19.3798378290868	-21.2750973061303
B23F_CCATTGTGTTAACGAT-1	0.372168284789644	-13.5439657857011	15.2797446345379
C14M_CCCAAACCAATAAGCA-1	0.905070118662352	9.25195184736037	-6.63361144331215
C14M_CCCAATTGTGAGCACT-1	0.825242718446602	16.3247102125188	2.43898006640899
B23F_CCCAATTGTGATTTGG-1	0.343042071197411	-6.89163000031671	22.76973719066
B21F_CCCAATTGTTATCCTA-1	0.736785329018339	16.0223243410747	3.01245526363449
A22D_CCCGCTTCATCCTAGA-1	0.846817691477886	0.355636683367462	-0.749972779803386
C14M_CCCGTAAAGCAGCTAT-1	0.622437971952535	5.28871269999012	-8.73321000367044
B21F_CCCTCACCAACAACAA-1	0.78101402373247	6.92325707173904	-7.2453855485176
A22D_CCCTCAGTCAAGCTTA-1	0.98705501618123	-8.94959349660662	-17.158138328851
B21F_CCCTGGACAAACCCTA-1	0.353829557713053	19.1266855075301	-8.53387069573964
B21F_CCGACAGGTAACCTAG-1	0.252427184466019	8.20904941054238	18.2018017001236
C14M_CCGATGCAGAGCCGGA-1	0.187702265372168	8.6307778636489	-22.9551571326496
B21F_CCGATGCAGCTTAACA-1	0.402373247033441	-14.7008916882861	3.23452194183234
B23F_CCGCAAGGTGGGAACA-1	0.993527508090615	-4.2761623017501	-20.5760981795906
B23F_CCGCACACAAACGCGA-1	0.548004314994606	-2.29746525927102	18.5976849610461
A22D_CCTAATAAGACTAAGG-1	0.882416396979504	-3.24993134821883	3.04333402244174
B23F_CCTAATAAGCTCCTTA-1	0.462783171521036	-12.0140937141133	15.2758320525928
B21F_CCTACTTCACCCTCAC-1	0.693635382955771	17.354206943945	3.65889735320619
B21F_CCTACTTCACGGTACT-1	0.341963322545847	-9.65010679161518	25.5389324209312
B21F_CCTAGTTGTCCTAATC-1	0.609492988133765	-8.64105168386426	8.5857810421194
A22D_CCTCAATGTCCGGTTC-1	0.0269687162891046	3.40157812901608	-17.4278221316394
B23F_CCTCAGTTCCCTCATA-1	0.482200647249191	1.38703238582429	9.31995108770124
B21F_CCTCCTGAGACAAAGT-1	0.203883495145631	2.52111277187599	7.05516178123893
C14M_CCTGACTTCTAGCTTT-1	0.305285868392665	13.9148767537574	-13.2360171538516
C14M_CCTGGATCATCAATCG-1	0.155339805825243	13.5734409696874	-17.8195957423884
C14M_CCTGGTAAGGTCCACA-1	0.511326860841424	-8.79512614342907	14.1305167318376
A22D_CCTGTAACAAACCTTG-1	0.96655879180151	-5.80793984581123	-22.2346209741223
C14M_CCTGTTGGTGCTCCAC-1	0.0658036677454153	21.6399403990609	-2.12066743758588
B21F_CCTTCGTAGACTTATG-1	0.0258899676375405	7.62475693413999	-25.2654290478082
C14M_CCTTGCGTCATGCAAC-1	0.455231930960086	-10.3296843421878	15.1957828228725
B23F_CCTTGTTCAGCCTGCA-1	0.823085221143474	4.42035969720055	1.36355611620943
B23F_CGAACCGGTCAAAGAA-1	0.981661272923409	-2.28080243152389	-20.96846646932
C14M_CGAAGGCCACCTACGG-1	0.130528586839266	-12.5866725969947	-13.4926054370141
C14M_CGAATATGTACCAGGT-1	0.0355987055016181	5.11651294795647	-15.3504628212824
C14M_CGACTAAGTCACAAAT-1	0.445523193096009	-0.908308914109041	-1.68469086796444
B23F_CGAGGAAGTTTGACCT-1	0.0550161812297735	8.98547514054195	-28.0068810378591
B23F_CGAGGCAAGCTTTGGG-1	0.951456310679612	2.72036851466246	-6.47084866077185
C14M_CGAGGTGAGAGAGGCT-1	0.588996763754045	8.55164486985717	5.550029256961
B21F_CGATGTCCAACCCTCC-1	0.395900755124056	-0.476682399383217	16.076756481022
C14M_CGCAATTAGTAGGATG-1	0.0226537216828479	-7.19812796553353	-8.22208953666
B23F_CGCATGATCACTTTAC-1	0.754045307443366	-4.1450489633662	9.18711619184185
B21F_CGCATGATCCTCACTA-1	0.733549083063646	-18.2511327741739	-21.4431631668233
C14M_CGCATGATCGACAAAG-1	0.413160733549083	0.970791493202983	15.7757825951753
B23F_CGCCACACAACCCTAA-1	0.901833872707659	1.23844193408113	8.94219549334664
B23F_CGCCACACAATATACC-1	0.884573894282632	8.11356084066664	-1.63797164349647
B23F_CGCCTGTGTCGAAGTC-1	0.0658036677454153	8.95555334123611	-28.0288397306598
B21F_CGCCTGTGTGGTTATG-1	0.732470334412082	0.268816451813688	-7.6388859093382
B23F_CGCGATTCATCCATCT-1	0.0248112189859763	9.08504958993186	-27.9726949995718
C14M_CGCTAACCATTAAACC-1	0.272923408845739	9.95765629689328	-15.6659034646381
C14M_CGCTACTTCACTAAGC-1	0.187702265372168	14.3299372484584	-17.8349660411671
B23F_CGCTATGAGTGAGCGG-1	0.469255663430421	-1.07625425286503	18.0598367696106
A22D_CGCTTAACATTAGGCC-1	0.122977346278317	-2.66395310052868	-11.4546629065701
B23F_CGCTTACTCATGCCTC-1	0.346278317152104	-11.8981936618456	-9.45313040529706
A22D_CGCTTGCGTTACATCC-1	0.0302049622437972	5.44245150396075	-18.4389874552605
A22D_CGGAGCAAGATAGACG-1	0.737864077669903	16.8306692210297	4.95333953858106
A22D_CGGATTAGTTAGGACC-1	0.996763754045307	-7.06694438829792	-21.1489833241334
B23F_CGGCCATAGCTTGCTC-1	0.938511326860841	-0.536770629177673	-9.57335160507517
C14M_CGGTAACGTAAATTGC-1	0.540453074433657	-11.0999958851005	-0.0478992361607912
A22D_CGGTAACGTAGCCTCC-1	0.212513484358145	-8.3191191619447	19.0932555543606
B23F_CGGTGAGAGCATGTTA-1	0.416396979503776	-14.712183896704	17.5444506527116
B21F_CGGTTATAGCATCCAG-1	0.421790722761597	-19.2870352312371	-21.9050881969349
B21F_CGGTTATAGTATTGTG-1	0.167206040992449	-15.7325975907162	13.6679424969
B21F_CGTAGCGGTAAAGCAA-1	0.652642934196332	-9.05901997878389	6.07495406092104
A22D_CGTAGTTAGGCGCTAC-1	0.792880258899676	-5.28834382292137	7.17194440278946
B21F_CGTAGTTAGGTAAGGC-1	0.776699029126214	-4.64119013158858	9.08530165321686
B21F_CGTCAATAGCTATTAG-1	0.0722761596548004	-5.53873771072318	-10.8349337126812
C14M_CGTCCTAGTTACATCC-1	0.61596548004315	-9.28940568036375	17.6591324732914
B23F_CGTGACATCGGTAACT-1	0.86084142394822	8.39172036277855	-1.90242246969865
A22D_CGTGTTACATGTTGTG-1	0.492988133764833	22.4091464052684	3.22965534316377
B23F_CTAAAGCTCTTACTCG-1	0.550161812297735	-5.72551993010847	8.87987700289399
B23F_CTAACCTGTGTTTCAC-1	0.491909385113269	2.52008917315802	9.24055996304752
B21F_CTAAGTCAGCTGGAAA-1	0.848975188781014	9.97495731972267	-6.31157463340625
C14M_CTAATGTCAACCGCCA-1	0.741100323624595	16.2278036213289	3.58782110864148
C14M_CTAATTGAGTGCTGTG-1	0.763754045307443	13.0726496225347	-2.24529851808545
C14M_CTACCGGCAATAACGA-1	0.676375404530744	-6.54208460023761	9.24890717210749
B23F_CTACGAAGTTCACCCA-1	0.741100323624595	10.7668215094345	5.03319362849658
B23F_CTACTAAAGCCGGTAC-1	0.956850053937433	-5.87220917852652	-20.4672562416072
A22D_CTACTTAGTGATTTGG-1	0.717367853290183	16.3005485689568	3.25598630446357
C14M_CTAGGACGTGTTGCTT-1	0.197411003236246	6.27525770169117	6.29890762510802
C14M_CTATGAGGTTGTAAAC-1	0.586839266450917	10.9939480759575	-9.60925065784475
B21F_CTATGATCAAACTCAT-1	0.92017259978425	-10.1915911021284	-16.6851913540678
B21F_CTATGTTTCGGTCATG-1	0.3042071197411	-9.25534258824011	25.7465435927401
C14M_CTATTACTCCTAAGGT-1	0.286947141316073	-6.36706193369847	24.0630138323236
A22D_CTCACTCAGGCATGTT-1	0.769147788565264	10.7267090669379	-1.91824689758486
B21F_CTCACTCAGGTGAGAC-1	0.654800431499461	12.6092548661647	4.05527705672583
C14M_CTCCAAACAAGGTCCT-1	0.0938511326860841	5.26860500579493	-18.3466980603032
B21F_CTCCAACTCGGCCAGT-1	0.0765911542610572	-13.4525092081692	-10.3244482784604
A22D_CTCCTAATCAATGAGG-1	0.113268608414239	-8.76465643270144	27.4140804783813
B23F_CTCCTGAGTCAATACG-1	0.419633225458468	0.268857025606339	-18.1269540327769
A22D_CTCGACAAGTGAACAG-1	0.815533980582524	-3.23831049759727	9.8031269940399
B23F_CTCGCTCCAATTGAAG-1	0.439050701186624	-8.92246837281227	13.8893533120964
A22D_CTCTAGCTCCTCAGCT-1	0.896440129449838	12.9831581842478	-0.997181888458217
C14M_CTCTGTTCATGATTGT-1	0.62891046386192	-8.83818689745922	10.9748248623811
C14M_CTCTTGATCCTAACGG-1	0.962243797195254	-7.85791533736655	-14.9123713263495
C14M_CTCTTGATCGAGCAAA-1	0.349514563106796	-11.6727399006034	5.94022551696068
B21F_CTGACATAGTTGGGCC-1	0.619201725997843	-4.23073266335444	9.69407811307239
B23F_CTGATCACAGCTCATA-1	0.0970873786407767	5.31151475375142	-18.3630511438199
B21F_CTGGACCAGCCTAACG-1	0.567421790722762	16.4610959508772	-6.17796082998756
A22D_CTGGTAAGTCAAGACC-1	0.542610571736785	-12.7144304231015	15.1223690324964
B21F_CTGGTTACATGAATCT-1	0.478964401294498	-8.23488860444002	7.61861639842413
B21F_CTGGTTTGTGCTCACC-1	0.54368932038835	-9.25574848230118	7.06679478187041
B21F_CTGTACCTCGATTATG-1	0.174757281553398	-16.1312529036753	6.86224861870762
A22D_CTGTGTGAGCCTGACA-1	0.948220064724919	16.0961476281997	15.5737714350046
B23F_CTGTGTGAGTAGCGCC-1	0.546925566343042	-8.01791416226521	9.13860122984092
B23F_CTGTGTGAGTCCTTTG-1	0.936353829557713	-10.2691649016686	-16.0852463401158
B21F_CTTAAGGGTAAACAAG-1	0.857605177993528	8.15198564186426	-1.92678613916347
C14M_CTTAATGAGGCGCTAC-1	0.43042071197411	-12.7796275509343	-0.443052112834836
A22D_CTTAATGAGGGCTTTG-1	0.923408845738943	5.78559138869665	-0.836791188514471
B21F_CTTACCTCAAACCTAT-1	0.789644012944984	-3.47214312223279	-1.53294937999854
B23F_CTTACTAGTCACAAAT-1	0.576051779935275	-6.09741312364556	5.6585966401068
A22D_CTTATTGGTGAAACAA-1	0.200647249190939	-13.7872149391815	18.0119581963859
B21F_CTTCAAGCACCAAAGG-1	0.227615965480043	-12.5198678110925	-2.94815644149335
A22D_CTTCAAGCATGAAGTA-1	0.846817691477886	3.81474873346999	1.61184000003879
C14M_CTTCAGGAGTGGACAA-1	0.500539374325782	-12.4287349632891	14.2565224230653
C14M_CTTCTAAGTACCGAAC-1	0.075512405609493	7.45829827903345	-23.1595630177456
A22D_CTTGAACAGCATCCAG-1	0.460625674217907	-12.9301942143388	18.3988286904821
C14M_CTTGCGCGTCAGGCAT-1	0.473570658036677	-1.88316926206701	15.529249736453
A22D_CTTGTAAAGCAGCTCA-1	0.408845738942826	0.87291158089784	-11.1153010773488
B21F_CTTTATCAGTAACTCA-1	0.633225458468177	-7.70557355502433	7.25946057070478
B21F_CTTTGGGAGTTATCCT-1	0.735706580366774	16.5913426141004	2.77331269126807
B23F_CTTTGTCCATGATTGT-1	0.530744336569579	2.93632343496607	9.19286468489982
B23F_GAAACCCGTACCGAAC-1	0.633225458468177	-6.850119404442	10.3358427687285
B23F_GAACACAAGGTCCACA-1	0.971952535059331	-0.981788222213341	-14.510375123546
C14M_GAACCAGCAGTTTGGC-1	0.482200647249191	-7.12372537626401	-3.29002296418111
C14M_GAACCGCTCAATCTCT-1	0.160733549083064	-3.82158443782213	-8.3943159036595
A22D_GAACCGCTCTTTAGGA-1	0.49730312837109	-8.57153306781742	23.876797719278
C14M_GAAGGAACAGTCTATG-1	0.239482200647249	-15.4421748723014	8.26321593288108
A22D_GAATTTGTCTAAGGAG-1	0.978425026968716	-7.86919560279684	-18.337938899846
B21F_GACCTCAAGAACAAGT-1	0.597626752966559	-10.2577317650559	6.81986554904902
A22D_GACCTTTGTAATCACG-1	0.192017259978425	-11.8336785987102	-9.24398579153882
B23F_GACCTTTGTATTCGCT-1	0.445523193096009	-2.47079861488877	12.373800456702
C14M_GACCTTTGTCAATACG-1	0.92017259978425	-5.15152947060188	1.08885842099518
B23F_GACTATTCAACCTGGT-1	0.0517799352750809	8.2803192844493	-28.2629681167974
B21F_GACTATTCACGTGCTG-1	0.0809061488673139	-17.456530776204	22.76145832193
B23F_GACTCACCAGGTTACC-1	0.0528586839266451	8.74589884143441	-24.746619742104
A22D_GAGAGGCGTTAGCATG-1	0.0593311758360302	18.6860386522702	9.82978666299978
B21F_GAGATAAGTTACATCC-1	0.58252427184466	20.4347267605086	6.66849347060767
B23F_GAGCATGCACGAATTT-1	0.133764832793959	9.66453610073394	-27.6734825556611
B23F_GAGCCACTCCGCAACA-1	0.248112189859763	1.53893160165702	16.1471887312522
A22D_GAGCGATAGAAAGGAA-1	0.538295577130529	-11.9703249346073	-1.75385501342304
B21F_GAGCTAGCAATAGCAA-1	0.946062567421791	-7.01644248293677	-20.3479079249512
C14M_GAGCTGCTCTACCTGC-1	0.0938511326860841	-5.92444699435777	-3.24332498485907
B21F_GAGCTTGTCAATCTCT-1	0.393743257820928	-10.892152431651	7.0706012900361
A22D_GAGGTACAGAACCTAC-1	0.607335490830636	10.857063840691	-7.99124877303041
C14M_GAGGTAGGTTAGGATT-1	0.237324703344121	9.48954006218531	-22.058620824133
C14M_GAGTAACCAAGGAATC-1	0.503775620280475	-18.2586803032514	-21.4000096271391
C14M_GAGTAATAGCCGCTTT-1	0.207119741100324	-9.3769170296241	-0.115557322991765
B21F_GAGTAATAGGAACGGT-1	0.429341963322546	-8.00426913980707	21.8474445819851
C14M_GAGTATCTCGAAGCGG-1	0.791801510248112	16.6348258636466	5.36757440516854
C14M_GAGTCAAAGGCCCAGT-1	0.437971952535059	-11.9875352121936	9.59614580693784
B21F_GAGTGAGGTAATGGCC-1	0.16504854368932	2.31364237539721	16.3640303332771
B21F_GAGTGAGGTATTGGAT-1	0.011866235167206	-16.6732863861334	-12.095220400053
B21F_GAGTTACTCGAGCAAA-1	0.387270765911543	1.97300876925179	16.3852239653317
B21F_GAGTTTGGTGGACCTG-1	0.330097087378641	22.6091706071912	3.20333144422463
C14M_GAGTTTGGTTCAAGAT-1	0.943905070118662	-0.827536813572308	-8.65445043485618
B21F_GATCACTAGTTAGCCG-1	0.325782092772384	1.4698941825311	16.0199823841281
C14M_GATCAGTTCGTTAGCG-1	0.970873786407767	-4.59212531096833	-19.7194450616817
C14M_GATCCGTCAAATTGCT-1	0.723840345199569	5.31894974785428	-6.89486058849217
A22D_GATCGCTCAAACAACA-1	0.354908306364617	8.36826478226545	-22.5035318463305
B21F_GATTACTCACAATGTT-1	0.804746494066882	9.28048445245152	-4.85761757882266
C14M_GATTAGCTCGTTAGCG-1	0.0949298813376483	19.9716195867839	-3.79024271811774
A22D_GATTAGTGTTCGCGCT-1	0.570658036677454	-9.6980940523595	17.0836413004097
A22D_GATTGCGTCTTGAGGT-1	0.563106796116505	-1.07000221493531	-3.72453877961073
B23F_GATTGGTTCCCTGGAA-1	0.37108953613808	9.30304446101584	18.8119851656583
B23F_GCAACAGCAAGCTACC-1	0.206040992448759	-16.4427273638721	6.64507751039148
B23F_GCAAGTCGTGGATGTC-1	0.469255663430421	-10.0636867191398	11.0856594254776
B21F_GCAAGTGCACAATGCC-1	0.838187702265372	12.1683514652582	-1.21315206891599
C14M_GCAATAGAGTCGCAAT-1	0.181229773462783	-5.56710526516974	18.222284911802
B21F_GCAATGTTCCTAATTC-1	0.765911542610572	-5.54380463978931	1.22922234384962
C14M_GCACTAAGTGTTTGTC-1	0.563106796116505	-11.1442285002419	15.0853883205158
A22D_GCAGGATAGCGATACT-1	0.464940668824164	-11.5532448239674	22.9457587156445
C14M_GCAGGCAAGGGTCTAT-1	0.612729234088457	20.3015817644823	2.80479600149527
C14M_GCAGGTTGTTAAGCCA-1	0.78856526429342	2.22642927642387	1.05505125215999
B23F_GCATGAAAGCCTGTTC-1	0.553398058252427	-12.7246253633846	16.3393527227718
B21F_GCATTAGGTCATGCCC-1	0.759439050701187	15.9391980970438	2.11660396761795
B21F_GCATTGCCATCAGCAC-1	0.745415318230852	-0.678607246379154	-8.48250117199733
A22D_GCCAATAGTTAGTACG-1	0.361380798274002	-13.9647658690107	17.2974448378135
C14M_GCCAATTAGTAAGGGC-1	0.701186623516721	-7.16380799683902	7.9703514142652
C14M_GCCAGGTTCACAAGCT-1	0.552319309600863	18.3224395802077	5.29883469294318
C14M_GCCATGATCGCATTAA-1	0.471413160733549	0.0839299359919707	17.1792877117482
C14M_GCCCATAAGGCTGGCT-1	0.45091693635383	-6.76168906503356	-13.2824433606259
B23F_GCCCTCATCGTGCCTT-1	0.610571736785329	-13.5487669436803	9.36746791948541
B23F_GCCGTGAGTACTGAAT-1	0.88133764832794	-4.20473224008796	2.3567185171443
B21F_GCCTCCATCGTGCCTT-1	0.318230852211435	-8.04413046082557	-3.17456890534263
B21F_GCCTGACAGTATTGGC-1	0.955771305285868	-2.56133312817359	-18.8055410467455
B23F_GCCTGCTGTGGTTCTT-1	0.538295577130529	-8.71256188070643	10.926860909728
A22D_GCCTTAACAATCGCAC-1	0.716289104638619	11.0117151933775	-7.03050334369174
B21F_GCCTTGCGTTACATCC-1	0.21143473570658	14.9331024581864	-2.22698442763637
B23F_GCGCAATGTTGCACAA-1	0.950377562028047	-9.82055958065351	-16.991861222764
B21F_GCGCTTAAGGAAGCTA-1	0.494066882416397	1.68492096723094	17.1475461997065
B21F_GCGCTTGCAAATGCCC-1	0.0194174757281553	-8.73456408125785	-9.63160837784606
B21F_GCGGTTGGTGAGCAAG-1	0.882416396979504	2.64020411277218	2.17181000823786
C14M_GCGTAACGTGGACATC-1	0.235167206040992	10.8524380705251	20.4660023569522
A22D_GCTAACCCATGATTGT-1	0.893203883495146	3.12231855691131	3.52613516066734
B23F_GCTAAGCGTTCCATTA-1	0.700107874865156	8.28181071892541	-9.59128325189889
B23F_GCTAATATCGTGCTAG-1	0.209277238403452	-19.2663674609389	23.726206870349
A22D_GCTAGCGGTGCATTTC-1	0.15210355987055	8.92723816891767	19.1267515996918
B21F_GCTAGCTCATCAATCG-1	0.223300970873786	10.2984812367693	20.0297328446713
B21F_GCTATAGGTGCTGTAA-1	0.573894282632147	-18.0924142639161	-21.2873447800535
B21F_GCTCATTGTACCGGAT-1	0.773462783171521	16.7415805751597	1.647280250723
C14M_GCTCGATCATGGTTAT-1	0.507011866235167	-0.894589829171439	14.0058268253225
B21F_GCTCTGGCAAGGTAAC-1	0.948220064724919	5.01773909771054	1.55544860789092
A22D_GCTCTGGCACTTCATC-1	0.317152103559871	19.1641414651561	3.14261953455879
B21F_GCTGATCCAAGTGAAC-1	0.329018338727077	13.5154587191989	0.169158603443547
C14M_GCTGCATCAGGGAGCT-1	0.961165048543689	-2.76602206386453	-18.2836486446907
C14M_GCTGGATGTGTTTCAC-1	0.918015102481122	5.87852571082923	-2.01102374687489
B21F_GCTGGTTCAACTAGGG-1	0.293419633225458	13.6848384723668	-6.49313736692464
B23F_GCTTAAATCGATTCTT-1	0.142394822006472	-8.45966957787896	9.90942987042997
B21F_GCTTAACAGCGAGGTG-1	0.680690399137001	-5.40376366219483	6.35624496992878
C14M_GCTTACCTCAATACGC-1	0.713052858683927	-4.35982309207489	9.62284224781905
C14M_GCTTACCTCTAATCCT-1	0.51024811218986	20.4311191867671	8.38646287297562
B23F_GCTTGACCACCTCAGG-1	0.405609492988134	-2.18172182233295	18.8813528619533
A22D_GGAAACTCAGGTTAAA-1	0.508090614886731	-10.3332367507482	21.1677884187219
B21F_GGAAGCTAGCTGCACA-1	0.82740021574973	4.8992532131982	-2.22395806097347
B23F_GGATGAATCCCGTTTA-1	0.149946062567422	-19.2326531155108	23.5212982250704
A22D_GGATGGCCAAGCGATG-1	0.772384034519957	-0.656631322745675	6.29137318392105
B21F_GGCAAGCCACAATGTT-1	0.555555555555556	-5.91697998731928	-3.08641922175253
B21F_GGCAGGATCTCCATGC-1	0.941747572815534	-8.21631103596935	-16.3134203633632
B21F_GGCAGGATCTCCTCTT-1	0.400215749730313	-14.409489940689	11.8135740452293
C14M_GGCGGTAAGTACCGCA-1	0.50269687162891	-8.01999242842596	16.8061055624896
B21F_GGCGTTATCCCTGACT-1	0.658036677454153	-9.97762284455444	4.95839463186327
B23F_GGCTTAAGTTTGCAGA-1	0.243797195253506	7.68480808241501	18.0838763800667
A22D_GGGCGAATCTCCATGC-1	0.454153182308522	-10.9527004723861	-1.42547864455603
B21F_GGGTCACTCGCCTAAG-1	0.857605177993528	8.67514163743596	-2.29467064579868
C14M_GGTAAGGGTACAATGT-1	0.745415318230852	-1.74785519756445	4.79237231559854
A22D_GGTACCGGTAGCCTCC-1	0.226537216828479	8.6133860067527	19.6250449427132
B23F_GGTATTGGTGCATCGG-1	0.0895361380798274	2.77975014819662	15.6420289498956
B23F_GGTCCGTAGCACAGCC-1	0.277238403451996	-2.1401753124222	19.3099110842092
B21F_GGTCCGTAGTTATGGC-1	0.656957928802589	-8.57633492278076	-2.77211593358803
B21F_GGTCCTGCAATGCCCG-1	0.0539374325782093	0.105368304432129	-17.0082182249255
A22D_GGTGAGCCAGAAATTG-1	0.706580366774542	15.0947855252459	-5.00343459528702
B21F_GGTGAGTAGGTCGAGG-1	0.93311758360302	-8.02576747779547	-15.2007855135763
B23F_GGTGCTTCACAGGATG-1	0.285868392664509	-15.0751425907697	-5.11146029050464
C14M_GGTTAATGTACCAGGT-1	0.0960086299892125	4.8522688869418	-14.0584029283503
C14M_GGTTAATGTCCGGTTC-1	0.431499460625674	4.57521565198717	16.0253121301697
A22D_GGTTGAGCAACCCTCC-1	0.605177993527508	-10.6651671180965	16.356431362833
B21F_GGTTGAGCAATTGACT-1	0.107874865156419	-18.6257610754337	-23.4747219812816
C14M_GGTTGGTGTGATGAGG-1	0.797195253505933	0.819232429798692	-8.3196581992551
B23F_GGTTTCTGTAAGGTTT-1	0.100323624595469	-11.4213113768964	3.30442713226458
C14M_GGTTTCTGTGGACCTG-1	0.353829557713053	-7.37760797726984	25.7780294900881
B21F_GTAAAGCCATAAGTTC-1	0.168284789644013	20.6777951676119	-5.33185099998923
C14M_GTAAGCGCATTAGCGC-1	0.307443365695793	-8.58611993961161	18.016909994061
B23F_GTAAGCTTCACTAAGC-1	0.373247033441208	2.05709264751491	11.4088334677869
C14M_GTAAGGTCAATATGGA-1	0.35059331175836	-7.7599077979943	-3.79475175952116
B21F_GTAATAGCACCTACGG-1	0.515641855447681	-13.5255927796018	17.3192758062164
B21F_GTACAATGTGGCTTCC-1	0.507011866235167	0.864262241131838	14.9691355275319
C14M_GTACGTAGTATTCGTC-1	0.724919093851133	0.0307382670844833	6.49709654026332
B23F_GTACTAATCCGGAACC-1	0.228694714131607	-20.171268588367	3.30749269815145
B21F_GTAGGAGGTCAAGACC-1	0.637540453074434	-10.6956843863916	7.00032498469062
A22D_GTAGGCGAGAACAAGT-1	0.376483279395901	20.2594610740307	6.6352195675059
C14M_GTAGGTGCACAATGTT-1	0.7680690399137	9.26762182285479	-3.87964268251921
B21F_GTAGTTATCAGCACCA-1	0.0248112189859763	-3.65689533497173	-10.6836695136926
B21F_GTATTCAAGCGAGGTG-1	0.544768069039914	-5.78623854730558	-8.9168256173291
C14M_GTATTGCAGTGAGAGC-1	0.405609492988134	0.838631904051283	-8.32305360693868
B21F_GTATTGTCAATTGACT-1	0.75512405609493	16.7324025430103	1.97468687877984
B21F_GTATTGTCACAAGCCT-1	0.800431499460626	10.1381736681681	-4.39137485073212
C14M_GTCATCCTCCCTTGCG-1	0.0668824163969795	8.01735074018186	-21.3210511393274
A22D_GTCATCCTCTGCAACG-1	0.159654800431499	12.3868327969752	8.21967572625572
B23F_GTCCAGGGTCAATACG-1	0.828478964401295	1.63118986141558	3.91895295073775
B23F_GTCCATTGTTTCCTCC-1	0.905070118662352	7.05162803937184	-1.70338231742551
B23F_GTCCTAGAGACAGGTA-1	0.94066882416397	-4.22052381066372	-20.1462991470597
B21F_GTCCTAGAGCCTAACG-1	0.611650485436893	-9.34930746046615	8.43678801248458
C14M_GTCCTAGAGCGATAAG-1	0.25782092772384	6.61203516479405	-10.7375220569297
B21F_GTCGCAATCTTAGTCT-1	0.800431499460626	-3.61454699540179	8.49573804851357
B21F_GTCTATGCAAATATCC-1	0.560949298813377	-5.56714002153392	-1.75482748520354
B21F_GTCTTGCTCTTGAGGT-1	0.416396979503776	-12.6042207124096	18.4742924340188
B23F_GTGCACGGTTCTTTAG-1	0.647249190938511	12.8840126613211	-3.58830912601856
C14M_GTGCATTAGAACCTGT-1	0.0151024811218986	-3.48061379943367	-10.7620978014166
B23F_GTGCTGATCCCTGTTA-1	0.127292340884574	-14.9606155509018	-1.30323406897594
B23F_GTGCTGGGTGATCATG-1	0.011866235167206	10.8146700011559	-17.1003794701895
B23F_GTGTGAGCAGAATGAC-1	0.0280474649406688	8.75925320152805	-24.7012340219362
B21F_GTGTGTTAGTTTCCTG-1	0.824163969795038	16.490775969445	1.54673907739875
B23F_GTGTTACAGGCATTGT-1	0.167206040992449	-2.3900086511527	19.2306496626564
B23F_GTGTTACAGTTCCTCA-1	0.587918015102481	-10.7336483443311	15.0228913311372
B21F_GTTAAGCTCAGGATGA-1	0.16504854368932	-12.3721736180114	5.615555219256
B21F_GTTCCCAGTGGGTGAA-1	0.0711974110032362	10.3513538800608	-26.1928149022469
B21F_GTTCCCAGTTATAGCG-1	0.381877022653722	14.7627579462471	-4.92784550062909
B23F_GTTCGCGCAGAAATGC-1	0.509169363538296	1.25772307102954	10.661770257003
B21F_GTTCTTAGTAACAGGG-1	0.282632146709817	9.42543516032377	13.8567963776456
A22D_GTTCTTGTCCAGGTCA-1	0.504854368932039	-0.406204616032799	15.0794064609401
B21F_GTTGGCCAGGCGAATA-1	0.266450916936354	9.84389374843063	19.7669556203076
A22D_GTTTAACCAAAGCGGC-1	0.0992448759439051	-16.5486009522483	-5.911502912307
B23F_GTTTAACCAACCGCCA-1	0.0841423948220065	-19.2992630708873	23.7439603939994
C14M_GTTTCAGCATAAGTTC-1	0.0560949298813377	8.36763979085457	-20.2708141434427
A22D_GTTTCTAGTGTCCTGC-1	0.617044228694714	-0.357753472974183	9.91980747842136
A22D_GTTTGTAAGGAACCGG-1	0.45631067961165	-15.2043060680926	17.0219273642898
B21F_TAACAAGCACAATGCC-1	0.0334412081984898	-18.8943011740852	23.9018406589576
B23F_TAAGTAGCAGGATGGC-1	0.290183387270766	-13.4090445501695	8.11830842754357
B23F_TACAGCTAGGCAGGTG-1	0.652642934196332	-6.8029381665532	10.389518264384
B23F_TACATCAAGTTCCCGT-1	0.977346278317152	-8.50890734992692	-17.1035059507217
B23F_TACCTGCTCTTTAGGA-1	0.241639697950378	12.3489693272105	-11.7271783064541
B23F_TACTGACAGGAAGTAT-1	0.952535059331176	-9.53787373190221	-15.3627910934249
B21F_TAGCATATCGAGGAGT-1	0.108953613807983	-11.9743956525353	13.1451871559179
A22D_TAGCGCGGTATCTGGA-1	0.909385113268608	3.74009969857054	0.965745053658191
C14M_TAGCTAGGTTTCCTCC-1	0.121898597626753	-8.91267742921262	-12.2192126110831
B23F_TAGCTTGCAGGCTAGA-1	0.275080906148867	-14.6458150584606	13.3563713187518
C14M_TAGCTTGCAGTTTGTG-1	0.103559870550162	-10.00318536048	-3.84713898979762
B21F_TAGGAACCAAGGATTA-1	0.263214670981661	-14.7836269798239	12.3169391954007
B23F_TAGGCTAGTTTCCGGC-1	0.95361380798274	-9.07191852849278	-17.9869873225989
B23F_TAGGCTGTCTTAGTGA-1	0.12621359223301	-18.6682462637685	23.8374929327823
C14M_TAGGTTATCCCTCATA-1	0.266450916936354	-4.48021986328431	9.73891632969476
B23F_TAGGTTATCCTCCTAA-1	0.513484358144552	-1.47977104106018	18.0898410566891
B21F_TAGTGTGGTCTTTGAC-1	0.83495145631068	10.143198312191	-0.999321839125743
B23F_TAGTTGTCAGTTGCGT-1	0.186623516720604	-13.8569834753971	16.0393193445569
B21F_TATAACCCAACCGCCA-1	0.550161812297735	-7.74759108708782	24.9320095219392
B23F_TATATCCTCATGCGTG-1	0.310679611650485	0.984795357042736	9.17347886291655
A22D_TATCGAGGTAAGCACC-1	0.715210355987055	15.4129277449804	4.11181378173784
B21F_TATGGATGTGTCCTGC-1	0.154261057173679	-2.81124833413686	-11.2028011965818
C14M_TATGTGATCTATTGTC-1	0.35059331175836	-12.3601530461312	17.0466673306395
B21F_TATTACCTCACTTCAT-1	0.621359223300971	20.9966518792227	4.09925599978517
B23F_TATTAGCCAAGGGTTG-1	0.214670981661273	-13.5366721308701	9.09401780482974
C14M_TATTCGTTCTAATCTC-1	0.954692556634304	-7.20413331063501	-17.4734097759258
A22D_TATTCGTTCTCCATAT-1	0.419633225458468	-12.3224357348423	-13.5213851040008
B23F_TCAAACCAGAGGCTAA-1	0.959007551240561	-8.6996716375266	-14.7397754942528
A22D_TCAACAATCACTCGCT-1	0.703344120819849	7.9941926949801	-7.86059282208264
B23F_TCACATAAGCTGGCTA-1	0.320388349514563	1.11297031060413	17.1151476247375
B21F_TCACCGGCAAGCGATG-1	0.819848975188781	12.0056923975899	-8.80916872191774
C14M_TCAGCCTTCAGCCAAT-1	0.41747572815534	-11.3976535660341	23.8459230809229
B23F_TCAGGTTAGCAAGGGT-1	0.951456310679612	-5.36445957041064	-16.9210362019898
B21F_TCAGTAATCATGGCCA-1	0.601941747572815	-11.4907592037649	11.3867460201997
B23F_TCATAACCACAGCCAT-1	0.174757281553398	-13.1668109126869	-7.38931975278878
B23F_TCATCCATCACATTGA-1	0.961165048543689	-6.64509764881578	-18.19498716214
A22D_TCATTACTCGCTATAA-1	0.255663430420712	9.11844093106473	18.2406483764737
B21F_TCATTGTTCTGTGAGT-1	0.626752966558792	-9.02090243191487	10.8882452293302
B23F_TCCATATTCTATTGTC-1	0.306364617044229	2.7798507641785	8.83777030735951
B23F_TCCATGCTCCTGTTCA-1	0.0690399137001079	8.89352907627284	-28.0228451040543
B23F_TCCCGGACACAAACTT-1	0.528586839266451	1.75232690934204	14.2624278071759
B21F_TCCCGTTAGGACCGCT-1	0.660194174757282	-9.90228524331385	4.64072574961618
B23F_TCCCTCACACACCAAC-1	0.0679611650485437	-8.64543411672042	-9.6123670414157
B23F_TCCGCCATCAGCCAAT-1	0.709816612729234	-7.49116123841191	9.44261904301567
C14M_TCCTAGTGTACGGGTT-1	0.129449838187702	24.5373613535118	1.00880812933503
B23F_TCCTCAATCAATCATG-1	0.264293419633225	-14.6828270731148	13.4807492666891
B21F_TCCTGTTCACTGACTA-1	0.669902912621359	6.76211068368055	7.20685053258542
A22D_TCCTGTTCAGGTTATT-1	0.601941747572815	21.5125669354362	6.05910613981571
C14M_TCCTTTACACAATGCC-1	0.33764832793959	-9.2585437167461	19.5269958737996
B21F_TCCTTTACATTGTGTG-1	0.852211434735707	9.76927613569604	-9.36062342860198
B23F_TCGCATTGTGATGAAA-1	0.284789644012945	0.250530081996894	18.4456277716959
C14M_TCGCATTGTGTTTGAG-1	0.119741100323625	11.4364914190233	-27.4999563930494
A22D_TCGCCCATCTCCTCAA-1	0.38403451995685	21.128575432764	3.05525449931998
B23F_TCGGTTCTCCCTCTAA-1	0.394822006472492	0.912003932809835	10.6109301207448
B21F_TCTAGCACATCCTAGA-1	0.866235167206041	9.06786737985642	-5.65357783698706
B21F_TCTAGCCTCAGCTAAC-1	0.934196332254585	-4.48903762781891	-15.2502936990193
C14M_TCTAGCCTCATTAGCA-1	0.196332254584682	22.8103972735415	0.976574124990655
A22D_TCTATGTTCCATAAGC-1	0.702265372168285	-3.23630261794925	5.61602283344196
C14M_TCTCACCAGCTCCTAC-1	0.83495145631068	6.5880773553973	1.6181079657708
B23F_TCTCGCCCACAGCCAT-1	0.411003236245955	-2.45802357346697	18.5240054360553
A22D_TGAAGCAAGATAAAGC-1	0.353829557713053	-10.2049580999139	23.9349955304603
A22D_TGAAGGATCCCTCTAA-1	0.245954692556634	8.33754194341604	-20.3892873353455
B23F_TGACTCCTCCATAAGC-1	0.725997842502697	-7.05007837750545	6.44444894139225
C14M_TGACTCCTCCTGGTGA-1	0.17259978425027	0.294834101455718	-10.1122777184284
A22D_TGACTTAAGCCTGACA-1	0.868392664509169	10.7098130227427	0.62610011474525
C14M_TGAGAACCAAACTGTT-1	0.683926645091694	-7.88210593501957	12.9668450176402
A22D_TGAGAACCAATTAACC-1	0.148867313915858	-20.5080851860198	19.6259693354723
B21F_TGAGCACGTTCGGTAA-1	0.982740021574973	-1.94088646137387	-9.16920927153278
B21F_TGAGGCACATAAGGAC-1	0.969795037756203	-10.4106310300324	-14.76925612539
B21F_TGAGGTGCACCGGCTA-1	0.644012944983819	-16.8311753077753	8.54776328068201
C14M_TGAGTGAAGCAGGTTT-1	0.796116504854369	10.4507805323474	-0.629880493405687
C14M_TGATCCTGTTGCACAA-1	0.950377562028047	-2.62718681800629	-17.5339462432667
B23F_TGATTCAAGGACAATG-1	0.535059331175836	1.83339196895984	10.4029430206281
B21F_TGCAATATCAGGATGA-1	0.110032362459547	-17.2495080545066	24.1298379751392
B23F_TGCACTTGTGATGAGG-1	0.332254584681769	-16.6603442405609	17.3520014495371
B23F_TGCATGAGTGTTAAAC-1	0.121898597626753	-18.9654796096954	23.0788163676714
C14M_TGCATGAGTTCCAGGG-1	0.791801510248112	11.3939599118822	-7.0654681929614
C14M_TGCATTAAGACACTTA-1	0.723840345199569	-6.70896992090562	-0.378371057473438
C14M_TGCCATTGTGCTGTAA-1	0.475728155339806	-17.9450876923239	-20.6210100533491
A22D_TGCCTGTTCAATGACC-1	0.0528586839266451	-12.5810239936432	-7.30408180771722
C14M_TGCCTGTTCGGCCATA-1	0.973031283710895	-5.33471359061414	-17.8338220325408
A22D_TGCGCGAGTGCGCAAT-1	0.125134843581446	1.42019827971421	-16.2365219931833
C14M_TGCTAGCCAGCCGCTA-1	0.107874865156419	-19.5041954070711	-0.874293951949748
B21F_TGCTGGATCATGCTTT-1	0.238403451995685	11.0875787038364	17.1402856196607
C14M_TGCTTGTGTCCAAATG-1	0.551240560949299	16.8110537241276	-10.8884865816089
C14M_TGGATTCAGCGATAGA-1	0.468176914778857	-12.7740982114733	12.3853612070048
B23F_TGGCCAATCGTTCACC-1	0.347357065803668	-13.1679167996453	8.7886235138043
B21F_TGGCCATCAGCAACAG-1	0.0075512405609493	-2.03868467676755	-10.4999525892605
B23F_TGGCCATCATGTTTGG-1	0.60302049622438	1.84078145601869	10.18108423837
B23F_TGGCCTGCATTAAACC-1	0.0442286947141316	6.29232073186604	-21.9251532854948
A22D_TGGCGGTTCCGCATGA-1	0.183387270765912	-11.43473411008	19.3134557651387
C14M_TGGTTAATCATGCGTG-1	0.745415318230852	12.8339229605027	-2.66111912677273
A22D_TGGTTCTGTGGGTGAA-1	0.339805825242718	-14.3450083426225	5.70818069980846
B21F_TGTCAGTAGTAGCCAT-1	0.440129449838188	-11.598411364626	11.2402497722179
A22D_TGTCATAAGTCACTCC-1	0.333333333333333	11.9915620325612	-17.7181693378331
B23F_TGTGGAGCAATTAACC-1	0.97950377562028	-4.83868304143622	-17.4032696533351
B23F_TGTGGAGCAGGTTATT-1	0.531823085221144	-4.05953945674416	-1.11040291700925
B21F_TGTGGCGGTCGCGCAA-1	0.448759439050701	-8.94450562111857	-3.1233034755977
A22D_TGTGGCTCAATTATGC-1	0.718446601941748	-3.49012493231592	13.2648998406644
B21F_TGTGTGAGTCCTTCAG-1	0.732470334412082	-9.41935267661231	0.828288956314023
A22D_TGTGTGAGTCGACTCC-1	0.938511326860841	4.60035616741935	-1.86363614526316
B23F_TGTTATGAGCATGGTT-1	0.676375404530744	9.74675952261351	-9.33208909221245
B21F_TGTTCATTCCTCGATC-1	0.357065803667745	11.1536869675083	10.3309097567188
B21F_TGTTCCTCACTCAACA-1	0.879180151024811	7.59015683506381	-3.63311198541938
A22D_TGTTCCTCATATTGAC-1	0.976267529665588	-3.99825929472294	-17.3422650041
C14M_TGTTGTAAGCTTCTCA-1	0.812297734627832	-0.478484460076939	5.99818239755514
B23F_TTAAAGGCAGCCAGTT-1	0.578209277238403	0.795929733952868	17.2995917310373
C14M_TTAAAGGCATCGCTTT-1	0.730312837108954	-7.6160091745045	13.2774646127259
A22D_TTAAGCCAGGCATGAA-1	0.871628910463862	4.51887187684547	2.71390358662517
B23F_TTAGAAGCAATCCCTT-1	0.413160733549083	9.92276303044436	-21.3042529213215
C14M_TTAGACTCATACTCCT-1	0.331175836030205	-12.1480055219016	-4.53157864833747
B23F_TTAGGATGTTCCAGGG-1	0.664509169363538	-7.54472393697373	8.17411436139827
B23F_TTATGCGCAAGTGTCC-1	0.593311758360302	0.50038085033089	16.9313225608172
C14M_TTCCTCAAGTCACCAG-1	0.537216828478964	-0.714900467507963	13.0041532068868
B21F_TTCCTTGAGCCGCAGT-1	0.103559870550162	14.9733621554004	8.49593646028293
A22D_TTCCTTGAGGATAAAC-1	0.390507011866235	-0.136305777708326	-12.5617650358299
A22D_TTCGCAACAATCCTAG-1	0.640776699029126	13.154484928748	-9.94985042633147
B23F_TTCGTGCTCATCCTCA-1	0.245954692556634	1.52301528048791	17.2777079831841
A22D_TTGACTAAGTAGCTTA-1	0.0453074433656958	-11.9615625066269	-3.07642100794556
B21F_TTGAGGCGTTTCGCCA-1	0.558791801510248	-13.1603685706025	14.554967079921
B21F_TTGCAAGGTGAGGTGA-1	0.106796116504854	-16.9478359864258	24.3276182155796
B23F_TTGCAGCCAAGTCGCT-1	0.992448759439051	-7.79249585445126	-16.0941727183028
B23F_TTGCAGCCAGTAGGAT-1	0.611650485436893	0.129976687321307	-8.52280836693108
B23F_TTGCAGCCATCAGCAC-1	0.604099244875944	8.80292759367005	17.4549111470532
C14M_TTGCTTTAGTTAGCCG-1	0.8403451995685	14.1352377231515	-0.845283656066205
A22D_TTGGATTCACTAGCGT-1	0.362459546925566	-14.2712791754484	17.2620392952026
B21F_TTGGCTTGTAGCTGCG-1	0.813376483279396	-9.04350566323303	6.05050196091795
C14M_TTGGGTTAGATGGAGC-1	0.220064724919094	14.7966716205629	13.7841074779538
A22D_TTGGGTTAGCTATATG-1	0.859762675296656	-4.9952033343715	1.91978044505921
B21F_TTGGTGAGTATTCGCT-1	0.253505933117584	15.2252886569838	-2.31107567827902
A22D_TTGTCAAAGCACGATT-1	0.10571736785329	-9.16571702467567	24.857887532215
A22D_TTGTCCATCTAACCAA-1	0.989212513484358	-4.81212118261162	-20.0874285968636
B23F_TTGTTGTTCCTCATGC-1	0.970873786407767	-7.53551258344097	-15.8134343668833
B21F_TTTAAGGTCATGCTTT-1	0.797195253505933	16.6469153215896	2.99657935835517
A22D_TTTAAGGTCTTAGTGA-1	0.115426105717368	-2.35292261169169	-9.73480017490731
A22D_TTTAGCTTCTCCATAT-1	0.313915857605178	-10.6213210771724	22.6523008506191
A22D_TTTAGGATCCCGTTTA-1	0.666666666666667	-5.7326634384453	8.64334609316991
C14M_TTTAGGATCTAAATCG-1	0.981661272923409	-4.90609704670972	-18.426743434219
B23F_TTTCCGGGTGTTAAAC-1	0.35059331175836	-16.1861598154853	10.0739862521804
B23F_TTTCCTGAGCCTCTGT-1	0.459546925566343	-11.3815268592523	0.703727014996293
C14M_TTTCCTGAGCTGCACA-1	0.655879180151025	8.32202080447307	-8.70478129542044
B23F_TTTCTCACAGGAACTG-1	0.935275080906149	8.48610733076141	-22.4322208141291
A22D_TTTGACTTCAGCTAAC-1	0.387270765911543	9.26862667637778	-22.9222331379023
C14M_TTTGTCTAGAGAGCCG-1	0.288025889967638	-11.0660311376896	22.1435040725407
C14M_TTTGTGGCAGTCTAGC-1	0.459546925566343	20.547418965128	2.90397740741633
B21F_TTTGTTGGTACTGAAT-1	0.485436893203884	-11.5844698062037	13.6834874636573
GH_AAACCAACAGGCGATA-1	0.100323624595469	-12.1627327063282	0.968865234335567
GH_AAAGCCGCATGAATAG-1	0.619201725997843	5.6509826743638	7.12656545791042
T5D_AAAGCGGGTGGCTTCC-1	0.0129449838187702	11.4853212837843	-21.0465081101194
B21M_AAAGGAGCAATAGCAA-1	0.738942826321467	-7.17937961872416	-1.6750949164506
GH_AACAAAGGTAGTAAGA-1	0.540453074433657	10.4401087929961	-6.50574813791442
T5D_AACAAGCCATCACAGC-1	0.43042071197411	-9.88280033375445	23.4273413702419
T13D_AACATCATCGGGATTT-1	0.364617044228695	-9.34075508569904	24.8116762292313
GH_AACATTGTCCAGGTTG-1	0.874865156418554	9.14341730751501	-6.937173725276
GH_AACCCGCAGGATTGCT-1	0.82740021574973	8.37745725639403	2.02881884989381
T5D_AACCGCTCAGCCTGCA-1	0.666666666666667	-5.6942320349024	5.23163492134715
GH_AACCGGCTCAGGAAGC-1	0.820927723840345	-4.00627636895726	-14.4388998751823
T13D_AACGACAAGTTAACCA-1	0.914778856526429	-6.8914038757802	-14.7281149859241
GH_AAGAACAGTTGAGCCG-1	0.720604099244876	10.7544692189496	3.37044103630677
T5D_AAGACAAGTATTGGTG-1	0.817691477885653	7.91958511248872	-4.59362655912184
T5D_AAGCCTTAGGTTACGT-1	0.899676375404531	2.81701498050737	-4.76892124715259
B21M_AAGCGAGGTTCCAGGG-1	0.913700107874865	-7.7689717573092	-15.2907549058995
GH_AAGCGCTGTTGTAACG-1	0.980582524271845	-7.33996549516779	-18.2296463054274
T5D_AAGGTCAAGGTCCACA-1	0.258899676375405	13.5722592834098	-16.666402778315
T13D_AAGGTGCAGGCATTGT-1	0.72923408845739	12.1795956835956	-0.968952428589224
T13D_AAGTAGCCACTATGGC-1	0.844660194174757	4.848148550834	-5.9255886659973
T5D_AATAACCGTTATGTGG-1	0.851132686084142	5.76129852479503	0.12379279784369
T13D_AATAGCTGTTACAACG-1	0.349514563106796	16.3006956324546	-16.1045400689544
T5D_AATCCATCATCATGTG-1	0.451995685005394	17.7953795216027	-3.69500398461174
T13D_AATCCGTAGTTCCCGT-1	0.936353829557713	-8.89801788681803	-15.6767983684629
T5D_AATCGCCCAAGGTAAC-1	0.811218985976268	-0.94441258086942	-17.9876565957972
B21M_AATTGCTCAGCACGAA-1	0.382955771305286	14.4702004963728	-12.7052379170437
GH_AATTGGGAGAACCTGT-1	0.587918015102481	12.3400645408222	0.500932135802203
T13D_AATTTCCTCTAGCGAT-1	0.820927723840345	9.63124020739114	-5.79758338199479
T13D_AATTTGCCACAATTAC-1	0.401294498381877	-7.56542757351869	23.9846306377399
T5D_AATTTGGTCGCTATGG-1	0.115426105717368	4.13634266768724	-13.9102438744863
GH_ACAAAGGTCCTCAGTC-1	0.55663430420712	0.700755994881935	15.8800451979222
T5D_ACACTTAAGCCTCTCG-1	0.532901833872708	16.3133570519635	-6.14344930227438
T13D_ACACTTGCACAGAAAC-1	0.574973031283711	-0.684798093384634	-6.70847381355958
GH_ACAGCCGGTTCACCCA-1	0.115426105717368	13.9015402039589	-15.2265756768572
B21M_ACAGGAATCAGAAACG-1	0.326860841423948	14.9101991668521	-15.3044873144663
GH_ACAGTATGTCCAAATG-1	0	-5.43532261814058	-8.96531184470694
GH_ACATTAGTCTCACTCA-1	0.596548004314995	-2.99551690395264	16.127281640131
B21M_ACATTGCAGGTTTGAC-1	0.280474649406688	18.3366033892579	-7.80368016581518
GH_ACCAAGTTCCATTACT-1	0.425026968716289	-16.4049866974654	17.2177946602829
B21M_ACCAGGCTCTTTAAGG-1	0.946062567421791	-4.56924191131674	-21.5608590573315
T13D_ACCGGTTCAGGCATGA-1	0.707659115426106	-17.5646346367341	-20.7960940229217
T13D_ACCTAAATCTTGCAGG-1	0.683926645091694	-1.80107627493228	4.86999573105264
T5D_ACCTAAGGTTATCCTA-1	0.111111111111111	16.8849545897726	-18.2033948256041
T5D_ACCTGGATCATGGCTG-1	0.711974110032362	7.96661206730651	-9.57548414108593
T5D_ACGAAGTCAGGTCCTG-1	0.521035598705502	-19.2288058732831	-21.6245673889126
T13D_ACGACAAAGCATGTCG-1	0.364617044228695	-12.1679547774985	21.9463070991825
GH_ACGACAAAGGAAGCTA-1	0.148867313915858	1.16450702838191	18.763024195222
T5D_ACGAGTAAGGGTCCAC-1	0.167206040992449	-9.95079245446049	26.6166062975287
B21M_ACGCAAGCAATATAGG-1	0.650485436893204	-0.69939819029003	13.6594807647938
B21M_ACGCCTAAGGCGGGTA-1	0.658036677454153	-7.99388559404917	7.83179796623813
B21M_ACGCCTTTCATGTCAA-1	0.971952535059331	-7.30698023902194	-17.0579976922747
GH_ACGGTTTAGTCCTGAG-1	0.648327939590076	15.0028265464951	4.4751706748333
GH_ACGTACCCAACCTAAT-1	0.857605177993528	8.04457375997419	-5.26620650037812
GH_ACTAATCCATTAAGTC-1	0.617044228694714	8.77073161737081	-21.75240908907
B21M_ACTATCCGTTGCCTCA-1	0.862998921251348	13.2002645879939	-1.2298137548868
T13D_ACTCACCTCATTTGCT-1	0.879180151024811	4.114753162464	-3.31733843154267
B21M_ACTTACTTCGTTAGCG-1	0.581445523193096	-8.91613203353429	16.0614782323656
GH_ACTTAGGGTTTAGCTC-1	0.267529665587918	-3.30711642354423	-6.03048944182007
B21M_ACTTATGAGTTCCTCA-1	0.901833872707659	6.61466244692452	0.262442229198345
GH_AGAAACTAGACTCGCA-1	0.749730312837109	13.4191953470481	-1.01887614054094
B21M_AGAAACTAGTCAGGCC-1	0.697950377562028	-8.27098428283593	13.5199130921918
T5D_AGAACCAAGTTACCGG-1	0.395900755124056	21.6501155965156	6.0435225403573
T5D_AGAATCTGTTTACGTC-1	0.967637540453074	-6.02323903699072	-17.5323275226126
T5D_AGAGGATGTGAGGTGA-1	0.162891046386192	23.0992763011084	2.87240317180492
B21M_AGATGAAGTAGCTAGC-1	0.80151024811219	15.2046226246076	3.06780483327128
GH_AGATGCTTCAGCTAAC-1	0.429341963322546	-9.51626122153653	11.7520322454081
GH_AGCAAATAGTATTGCA-1	0.449838187702265	-14.4103143974719	15.6156031908029
GH_AGCAACAAGCACAGCC-1	0.190938511326861	10.4324773271602	-11.9331563840185
B21M_AGCACTTAGAACCTAC-1	0.891046386192017	6.02171290501865	-3.46805953263679
T13D_AGCACTTAGTCAGTAC-1	0.709816612729234	-4.2856021406933	7.92736581022851
GH_AGCCGGTTCATGTCAA-1	0.624595469255663	-4.06728774302913	16.6422162656546
T13D_AGCCTAAGTAGCTGCG-1	0.759439050701187	10.4575662234342	-7.57512229327131
GH_AGCGATTTCATGCAAC-1	0.878101402373247	3.89663730378993	-5.96425611272721
T5D_AGCTGCTCATAAACCT-1	0.279395900755124	-5.47893357440461	21.6196757677895
T5D_AGGAAACGTCACACCC-1	0.776699029126214	12.2614158332903	-0.76138726781021
T13D_AGGACGTAGTCATTTC-1	0.901833872707659	4.41198947032699	-1.71530673384287
B21M_AGGAGCTAGACAAAGT-1	0.0744336569579288	20.2872003537113	3.23503061149579
GH_AGGAGCTAGCCACATG-1	0.535059331175836	-14.669357814711	15.9080206676341
T13D_AGGATATAGCCTGAGC-1	0.677454153182309	-8.88857716385545	16.6476964864997
GH_AGGATATAGGACTTAC-1	0.687162891046386	-0.594385845683449	-3.80036733138789
GH_AGGATGTCAATCATGT-1	0.528586839266451	-4.83178540293496	18.2869316005295
B21M_AGGCTAGCAGGAACCA-1	0.654800431499461	-18.0015820579568	-20.7621307317602
T13D_AGGGCCTTCTCTAGCC-1	0.359223300970874	10.4922337586337	20.1550747428249
T5D_AGGTATTGTGGATTGC-1	0.199568500539374	3.88516360493287	16.3311972724698
GH_AGGTCAAAGCTAATTG-1	0.127292340884574	-3.43970412799236	-16.5643722525587
B21M_AGGTCTTAGCACCACA-1	0.855447680690399	14.5146408256466	3.85637243201061
T13D_AGTCAAGAGAGGGACT-1	0.995685005393743	-5.2947438817803	-17.2771217550067
T13D_AGTCCTGAGTCAATTG-1	0.226537216828479	21.1939161080751	-9.04443982325554
T5D_AGTCGCATCAGGGCCT-1	0.345199568500539	11.8489338516896	-26.3259425449958
B21M_AGTCGCATCCCGTTAC-1	0.865156418554477	9.26310189488129	2.22997047032634
GH_AGTGAACCACCGGTAT-1	0.0507011866235167	11.1476688795677	-27.7241451801756
GH_AGTGCCGGTTACGCAA-1	0.67529665587918	8.28016170408463	7.38320013509972
T5D_AGTGTTTCACTCAACA-1	0.930960086299892	-1.32615685230761	-16.0253726455743
GH_AGTTACTCAAGTCGCT-1	0.95361380798274	-2.61585491403779	-16.0804324774136
B21M_ATAACGACACTTAACG-1	0.606256742179072	14.2289078537586	7.03477822240906
T13D_ATAACGACAGGTATTT-1	0.132686084142395	8.17749704248443	-12.7012482731656
GH_ATAATGGCAGCAAGGC-1	0.299892125134844	16.7022681935041	-15.9002130381082
B21M_ATACCTGCAGCCAGAA-1	0.648327939590076	8.70495448452079	8.38040860670418
T5D_ATAGCATGTGCAATAT-1	0.746494066882416	9.24453618828167	-7.55165618981874
GH_ATAGCATGTTAACGGC-1	0.830636461704423	7.4417940655479	2.02547561134373
T5D_ATCAATCCAGATTCAT-1	0.926645091693635	-7.29094774055184	-17.056349290572
B21M_ATCACAATCACATTGA-1	0.455231930960086	-13.7694353091056	15.9158873608239
GH_ATCACAATCCGTTAAA-1	0.241639697950378	-1.56152786976906	13.3481273167503
B21M_ATCACCCTCCTTTACG-1	0.803667745415318	5.1955630506182	-6.57745389236776
GH_ATCCCGCGTACGATTG-1	0.0604099244875944	-18.0375342028648	10.61283171349
GH_ATCCGTGAGGCGTAAA-1	0.562028047464941	0.124995428981975	15.5031769502217
T13D_ATGACCAGTTGAGCCG-1	0.229773462783172	8.83545938588299	-22.776193654517
GH_ATGAGCCGTAAAGCGG-1	0.480043149946063	-15.1490646569538	18.1090157054351
B21M_ATGAGCCGTGTGAGGA-1	0.574973031283711	-15.20392218136	10.1424881088622
B21M_ATGCCTGAGTGATTCA-1	0.746494066882416	8.3707384017972	-5.13603639268686
B21M_ATGCGATTCATTACAG-1	0.307443365695793	16.6972989897967	-10.9595193915679
T13D_ATGCTTAAGGACTTAC-1	0.412081984897519	22.1926120881778	1.73229860510728
T5D_ATGGCCCAGGGCTTAT-1	0.464940668824164	-8.68650933030787	23.6542413603029
GH_ATGTAACGTCATTAGG-1	0.7680690399137	7.93347579247291	-1.76946384139202
GH_ATGTCAATCTGTAAGC-1	0.558791801510248	-0.264083230397113	15.2639625016005
T5D_ATGTCCACATTAGCCA-1	0.498381877022654	-18.9172462947798	-20.4085707172365
GH_ATTACCCGTAGTTAAC-1	0.715210355987055	-6.6604153130934	-1.42186711545117
B21M_ATTAGCTCAAGCTACC-1	0.727076591154261	10.9246614413714	0.368451510447581
B21M_ATTAGTCCAGTTTCTC-1	0.762675296655879	10.2855622663429	4.40476212297268
T13D_ATTCCTCCACAAACTT-1	0.598705501618123	11.7809255676634	-5.04452400573904
T5D_ATTCCTCCACCAGGTT-1	0.80151024811219	10.3010974526148	4.88615172847378
B21M_ATTGACTCAATTAGCT-1	0.620280474649407	-9.11558761127549	3.65415999295461
T13D_ATTGCAGGTTATCCGT-1	0.157497303128371	5.48651089601721	-19.8228043532182
GH_ATTGGCTAGCCGCAGT-1	0.722761596548004	15.0319948959291	2.84314283319928
B21M_ATTGTGATCAGGGCCT-1	0.871628910463862	10.0492361326561	-0.511034200967839
T13D_CAAACACTCCCTGTTA-1	0.196332254584682	-17.7952382054805	-23.8231343485678
GH_CAAACCGTCGGTTACG-1	0.870550161812298	11.223332208728	-6.53123042884746
T5D_CAAAGCGCACTGGCCA-1	0.367853290183387	-9.52092246626456	26.5869932431517
T13D_CAACAGGCAATACTGT-1	0.756202804746494	11.5641367174061	1.15494474476418
T13D_CAACCCTTCCTAGTTT-1	0.939590075512406	-4.7723072545672	-15.4986943534165
GH_CAACTAGGTCATCATC-1	0.740021574973031	-5.02253224726309	7.82167389839565
T5D_CAAGACAAGTTATTCC-1	0.586839266450917	12.1216565798454	-14.3386995401012
GH_CAAGGTAAGTGAGCAA-1	0.223300970873786	15.2099890222513	-10.6062935743133
GH_CAAGGTTTCAGCACGC-1	0.230852211434736	11.5144351113804	-27.1457026182714
B21M_CAATAGCTCATGCTTT-1	0.984897518878101	-8.42347236930936	-17.6850836393533
GH_CAATGCCCAGACAAAC-1	0.00862998921251348	-2.08168509111191	-8.52755601807801
GH_CAATGCCCATTGACAT-1	0.293419633225458	-3.32414578642893	11.7663005494298
T13D_CAATGTGGTCACAGCG-1	0.541531823085221	8.02108784075333	15.2540319829914
GH_CACAATATCCAAGTTA-1	0.457389428263215	-6.52971649767847	17.5139415072153
GH_CACAATATCTACTAAG-1	0.622437971952535	11.717537585997	-1.74730777429489
T5D_CACAGGCTCTCAATAG-1	0.5361380798274	14.2519430814151	5.27563309960554
T5D_CACAGGGAGGAGTCGG-1	0.0355987055016181	10.5641441886193	-27.9786526982328
GH_CACATAATCATAACTG-1	0.844660194174757	3.65299703913656	-1.55280482252033
GH_CAGAATCTCTCGACCT-1	0.825242718446602	8.69677420280075	-2.3291412321871
GH_CAGCAAGCAGTTAAAG-1	0.39697950377562	1.11675643079018	17.4777119173782
GH_CAGCATGTCTGCAAAC-1	0.842502696871629	9.21141654968469	-7.48482927338231
GH_CAGCTAAGTGCTAGAC-1	0.980582524271845	-5.92842232737669	-19.5675640649385
B21M_CAGGACACAGTACCGT-1	0.319309600862999	8.51565402312838	20.5320725768899
GH_CAGGTTAGTGATTACG-1	0.554476806903991	-18.9138635536345	-21.1661036021495
GH_CAGTATGGTCATTGTC-1	0.344120819848975	16.5293689706628	-3.03489935702505
T13D_CATAGTCAGGTGTTAC-1	0.120819848975189	7.93785557595918	11.8253975581371
B21M_CATCATGCAGAATGAC-1	0.710895361380798	13.0757959615371	-0.850552005380894
GH_CATCCTTCAATAATCC-1	0.395900755124056	-12.7137538950472	6.53946288664906
GH_CATGGCGGTCCTAATC-1	0.228694714131607	1.40635921071805	17.8565040416308
T5D_CATGGCGGTTTGTGGA-1	0.217907227615965	7.24530720578019	20.2804609214674
T13D_CATTATCTCGTTTCCA-1	0.240560949298813	-7.30759570020016	23.9126390976188
GH_CATTATCTCTGCAAAC-1	0.828478964401295	9.93397611314414	3.24665614286211
GH_CCAAATCAGACACTTA-1	0.385113268608414	-12.1981288159205	6.57935799460888
T5D_CCAAATCAGGAGGCAT-1	0.656957928802589	11.7542606510529	-8.83139195450731
T13D_CCAAGGCTCCTAAGGT-1	0.546925566343042	-18.8831127726428	-21.3982613565441
T13D_CCAAGGCTCTAGCTTT-1	0.35814455231931	-18.9734611920483	12.4455206471348
B21M_CCAAGTTAGGTCCGTA-1	0.645091693635383	-8.17929269158039	7.76097316631878
GH_CCAATATCAAGCCACT-1	0.596548004314995	-2.67236623404431	13.2422557369808
T13D_CCACAGGGTGGGTACT-1	0.6957928802589	-3.64500591766841	12.0035317270672
T5D_CCAGACTCAGCATGAG-1	0.853290183387271	9.14515351593519	-2.99114153093898
B21M_CCAGCTAAGAAGCTAG-1	0.668824163969795	-8.05684808350443	11.3910312053356
GH_CCAGCTGCATATAACC-1	0.349514563106796	10.3018602130763	19.9573786998915
T5D_CCAGGAACAGAGGCTA-1	0.750809061488673	14.383980050602	4.89690548451764
T13D_CCATAAATCATTACAG-1	0.922330097087379	1.14123347165272	0.687192762498188
B21M_CCATAAATCGCAAACT-1	0.94066882416397	-9.76118260546084	-18.6058910094362
T5D_CCATAAATCTTAGGAC-1	0.957928802588997	-4.58357278736269	-15.2949409155273
GH_CCCAGTTTCATGGCCA-1	0.613807982740022	-6.56246676643426	-1.85535571844668
B21M_CCCGTTGTCAGCACGC-1	0.197411003236246	-8.46170306645343	26.8732369053767
T5D_CCCTCACCACCATATG-1	0.613807982740022	-4.48866593498419	12.3509915482607
GH_CCCTTAATCCTTGCGT-1	0.399137001078749	-0.635550631418258	16.0175816635733
T13D_CCGATGCAGCTAAGTC-1	0.620280474649407	-11.1426035629714	7.74894800262533
T13D_CCGTTAACAATTGACT-1	0.558791801510248	-4.67909053455052	10.383338578042
B21M_CCGTTAACAGGCTGTT-1	0.868392664509169	0.809240533080883	10.1441696693472
B21M_CCGTTATGTTATCCGT-1	0.392664509169364	19.665163050885	6.5118275042143
T5D_CCTAAATCAGCACCAT-1	0.570658036677454	-8.230378690648	21.1347785430931
B21M_CCTACTGGTTAGCATG-1	0.683926645091694	10.9576720012649	-9.09076515311028
B21M_CCTCAAACAACTAGAA-1	0.746494066882416	15.3977913284847	2.55416061247984
GH_CCTCAATGTCATCCTG-1	0.423948220064725	-10.4000292982687	-2.74411894369644
GH_CCTCCTCTCGATTCTT-1	0.668824163969795	-5.22913987941836	7.31269520632
T5D_CCTGACTTCTTGCAGG-1	0.94066882416397	-5.76356284409489	-18.9398989429773
GH_CCTGAGTCATTGTCCT-1	0.462783171521036	-6.79389595490913	-3.84922739403195
GH_CCTGCTCCACCTATAG-1	0.938511326860841	-7.00473019872691	-15.1373293877689
GH_CCTGGATCACCATATG-1	0.216828478964401	1.91368764639358	17.4219709764371
T13D_CCTGTAACAGGCTTCG-1	0.975188781014024	-10.6939015603475	-18.3607034629442
T13D_CCTGTTGGTTCCTCCT-1	0.78101402373247	-3.92832655352983	7.32298902433858
GH_CCTTGCGTCGCAGGCT-1	0.309600862998921	-13.7262435676314	3.98318975601566
T5D_CGAAGCCTCCACCTGT-1	0.737864077669903	12.64535851717	-5.91040316081487
T13D_CGAAGCGAGAGGATAT-1	0.869471413160734	12.1460438659014	0.946565962382871
B21M_CGAAGCGAGCTCGCTT-1	0.889967637540453	2.77599851105927	-6.09896962643777
T5D_CGAATCTAGGATTTGC-1	0.944983818770227	-6.12104588649021	-17.9999390136615
GH_CGAATCTAGTAAGGGC-1	0.694714131607336	20.0552496766623	4.36390320439527
T13D_CGACTAAGTCATCATC-1	0.8403451995685	10.1562831972313	-4.2996064431957
B21M_CGACTAAGTCCTAACT-1	0.691477885652643	-6.46379432520988	14.925682559675
T13D_CGAGGCAAGGTCCACA-1	0.391585760517799	-8.01709871049517	6.34219685066217
T5D_CGAGGCAAGGTCGATT-1	0.636461704422869	7.84856116917362	4.3412852381783
GH_CGATCCTTCCGCCAAA-1	0.836030204962244	7.81831033932082	-2.46442430584153
GH_CGATCCTTCTTTAGGA-1	0.845738942826321	10.4033855852543	-4.3130723215035
GH_CGATTGAGTTTCCGGC-1	0.39697950377562	-14.3624492007132	14.4858985287536
B21M_CGCAATAGTGTTAAAC-1	0.710895361380798	8.93984604573337	5.27254290083323
T5D_CGCAATCCAAACCTAT-1	0.562028047464941	11.975931783013	-7.74034475108265
GH_CGCATTTGTAGCTAAT-1	0.321467098166127	-1.97309662132903	-7.33320128523377
T5D_CGCCACACAATACTGT-1	0.545846817691478	-8.7039188315748	17.0271169855035
T5D_CGCCTCATCTACTAAG-1	0.274002157497303	1.34918030807412	-11.3954586290968
GH_CGCCTGTGTTATTGCC-1	0.598705501618123	-8.29331097359345	16.7059206651033
GH_CGCTAACCAAACAACA-1	0.727076591154261	-4.75265794070214	0.152735131590586
GH_CGCTTAACAATGAAGC-1	0.484358144552319	0.0286550674332447	-8.5709690238561
B21M_CGCTTGCGTAACGTGC-1	0.668824163969795	-9.24044867171854	7.8341403903929
T5D_CGCTTGCGTAAGGTTT-1	0.434735706580367	-8.51222243758944	24.2490531471223
B21M_CGGATAAAGGTCAAAG-1	0.54368932038835	-10.923213520099	16.8453682517255
GH_CGGCAATGTCACCTAT-1	0.258899676375405	-13.0717698126537	1.33512540860646
T13D_CGGCTAATCGCAAACT-1	0.261057173678533	-10.2296626583543	-2.75508521002468
T13D_CGTACGGGTCGACTCC-1	0.305285868392665	9.11947075204432	18.9632405403975
T13D_CGTACGGGTGGTTATG-1	0.84789644012945	5.0808992621637	2.18324843656353
T5D_CGTCAATAGTGAGGTA-1	0.761596548004315	-3.00068260479813	10.1074757592197
B21M_CGTTAACAGCTTACTT-1	0.828478964401295	7.99973242201174	1.80809497653349
T5D_CGTTATTTCCTGGCTT-1	0.895361380798274	14.4915976846389	-4.86389423003861
T5D_CGTTTGGAGCGCCTTT-1	0.583603020496224	9.03590715057638	-13.5956660761141
GH_CTAAAGCTCCTTCTAG-1	0.362459546925566	-12.0566724859314	7.07475328437197
T13D_CTAACCACATAATGTC-1	0.173678532901834	10.9937279547255	-9.66564678675395
T13D_CTAAGTCAGGAGGACT-1	0.551240560949299	5.12656909657592	20.5373497567653
T13D_CTAATAGTCCAAGTGT-1	0.749730312837109	0.0126887550719372	-5.04594842494312
GH_CTAATCCGTGCAATGC-1	0.33764832793959	-14.8937258459681	-5.05090466042466
T5D_CTAATTGAGCTTTGGG-1	0.802588996763754	10.3526868690456	-5.20670161232383
T5D_CTACCGGCAGTTAAAG-1	0.399137001078749	16.6674528250353	-13.7312362874807
T13D_CTACCTCAGTAACCCG-1	0.413160733549083	-8.24496305256908	25.4986052487081
T13D_CTACGAAGTGCTCCAC-1	0.875943905070119	13.1734077252419	-2.33170919079632
GH_CTATAACCATCCCTCA-1	0.114347357065804	13.976579148491	-15.2866950517073
T13D_CTATGAGGTAAAGCAA-1	0.199568500539374	-10.1722875905597	6.40028635618155
T13D_CTATGTTTCACTCGCT-1	0.743257820927724	-3.97894859099746	11.590633174463
B21M_CTCCGGACAAAGCTCC-1	0.235167206040992	9.56696445539513	-22.7993550608005
T13D_CTCGACAAGGCCAATT-1	0.897518878101402	15.746920546768	3.3011233339601
GH_CTCTAAGCAATTGCGC-1	0.40992448759439	15.099777462133	6.39280136901771
T5D_CTCTAGCTCCTGATTT-1	0.495145631067961	-3.183934527512	2.67799691724299
GH_CTCTATGTCAATCTCT-1	0.401294498381877	-16.4941961790187	18.9216711272842
T13D_CTGAATATCCATTACT-1	0.839266450916936	-8.42028002295555	-16.4930571394029
GH_CTGAATATCTTGATGA-1	0.577130528586839	-14.716628796883	15.4640813538686
T5D_CTGGCTAAGGCAATAG-1	0.635382955771305	-7.57292879016729	12.0086779950179
B21M_CTGTAACAGGCGCATC-1	0.462783171521036	-8.83372753124991	-3.11768089134591
T13D_CTTACTAGTAAGCTCA-1	0.0215749730312837	-4.11519810041225	-9.96771898012074
T5D_CTTCTAAGTTGGTTCT-1	0.359223300970874	18.5326674989627	-7.76704915431397
T5D_CTTGCGCGTAGGATCC-1	0.899676375404531	-2.23739726470292	5.6841576837093
GH_CTTGCTCAGTGTGATC-1	0.341963322545847	17.5105788887231	0.284033207635457
T13D_CTTGTAAAGTTATCTC-1	0.905070118662352	1.87003531126176	-1.62953440508971
T5D_CTTGTTCCATAAACCT-1	0.423948220064725	12.208077523265	-14.4914454802195
T5D_CTTTATGGTGTCCAAA-1	0.670981661272923	17.1308348371043	1.29066160495956
T5D_CTTTGTCCAACCCTAA-1	0.995685005393743	-6.85008670491208	-19.5213393501183
B21M_CTTTGTCCACCAGGTT-1	0.59007551240561	-11.1127223711497	0.311936462380903
GH_GAAGGAACACAACCTA-1	0.0442286947141316	-11.0314076197746	-8.68539518356966
T5D_GAAGTATAGCCTGTTC-1	0.145631067961165	10.625536707444	8.52710626450136
T13D_GACCTAAGTAGCTAAT-1	0.771305285868393	6.71874213411963	1.91681516897584
T5D_GACTTGGTCTTGAGGT-1	0.407766990291262	-8.173712247227	21.2378660369564
T13D_GAGCAAGGTAATAGCT-1	0.89428263214671	5.1264110374191	0.786086712844771
T5D_GAGCCACTCCCTCTAA-1	0.385113268608414	20.1841018563181	2.61124676450466
GH_GAGCGATAGGAGTAAT-1	0.277238403451996	-13.0375570025045	16.5998305164223
T13D_GAGGACTAGGCGAATA-1	0.0787486515641855	22.8181846441478	1.76045824735029
T5D_GAGGAGGCATCGCTTT-1	0.134843581445523	15.1103301274819	-15.3174280262265
T13D_GAGGTTAAGGGACCTC-1	0.403451995685005	9.47799248474473	-21.7952669503045
T5D_GAGTAATAGACCATAC-1	0.458468176914779	14.4098324723243	-13.1636880935572
T13D_GAGTATCTCCTAAATG-1	0.787486515641855	5.43678846246477	-4.40681229236122
GH_GAGTGAGGTGACCTGG-1	0.782092772384035	6.8499996102745	4.53986100266667
T13D_GAGTGATCAACAACAA-1	0.18554476806904	-15.0415338490702	20.2828287765846
T13D_GAGTTTGGTGCTAGCG-1	0.906148867313916	4.6029368837827	2.39555979793438
GH_GATAAGCCATGACTAT-1	0.699029126213592	16.3901612306368	3.1638678077286
T5D_GATCAAGAGTTACCGG-1	0.906148867313916	7.16823182888746	-1.79468273130137
GH_GATCGAGCAGTAAAGC-1	0.487594390507012	-3.01991143622774	2.43994552172354
GH_GATGACTTCTGCAAGT-1	0.844660194174757	7.85505280657588	-0.9557879626955
GH_GATGCATTCTGTGCAG-1	0.530744336569579	-0.0681434764640757	16.1554512282967
T13D_GATGGACAGCAGCTAT-1	0.309600862998921	-9.27858977589163	27.092628295248
T13D_GATTAGCTCGTTTCCA-1	0.93311758360302	-4.67336900655191	-19.1676516959207
B21M_GATTAGTGTTATAGCG-1	0.567421790722762	-7.83211707986622	21.4797032776884
GH_GATTCAATCATTGCAA-1	0.824163969795038	2.70278463894265	-6.20435930358875
T13D_GATTGGTTCACCAATA-1	0.00647249190938511	10.294526152934	-24.9784522623331
GH_GCAAGCCTCATTACAG-1	0.787486515641855	11.171789177677	-4.37246294019478
B21M_GCAAGCCTCCTTAGTT-1	0.810140237324703	8.04725616474753	-1.09904715309108
B21M_GCAATAGAGTTATCCT-1	0.634304207119741	19.8684783698817	6.35064317251351
GH_GCAATGAAGGAATAAC-1	0.924487594390507	2.87973426592064	-6.67744078829584
T5D_GCAATGAAGGATCACT-1	0.664509169363538	-1.97664581227944	11.1148642978647
T13D_GCACGCTAGACTTATG-1	0.771305285868393	7.88610738362602	-9.51275259386682
GH_GCAGGCTTCGCTCACT-1	0.993527508090615	-8.45594206766685	-15.1479148397093
T13D_GCCACTAAGGTCATTA-1	0.472491909385113	-10.6227864457391	8.17092797899548
B21M_GCCAGGTTCAATACGC-1	0.72923408845739	9.10724381953465	-8.7924501067846
T5D_GCCAGGTTCATAGCCG-1	0.550161812297735	-3.67673870181562	12.257210656518
T13D_GCCATGATCAGGTTTA-1	0.646170442286947	-3.96902671522718	7.31764486401929
T5D_GCCATTACACAGCCTG-1	0.336569579288026	9.14540437988667	-20.78820392464
T5D_GCCTGCTGTTACATCC-1	0.837108953613808	7.88242552294831	-7.54488144578753
T13D_GCCTTGCGTAGACAAA-1	0.817691477885653	1.10384787900123	4.12070052116001
T13D_GCGAAGTAGGAACCAA-1	0.686084142394822	15.5202686837568	-8.15248488789285
GH_GCGCGATTCAATCTCT-1	0.29126213592233	-12.3682718546866	-0.193469357326033
B21M_GCGGATACATAGCAGG-1	0.790722761596548	9.9115469238601	1.54211280280765
B21M_GCGGTTGGTAGTTGGC-1	0.312837108953614	-12.0353226559387	-0.449260610056122
GH_GCTAAGAAGCCTGTTC-1	0.55663430420712	14.0991560921866	-2.53598317493695
T13D_GCTAGCTCAGCAAGGC-1	0.237324703344121	-10.0855124146266	27.1850385779148
T5D_GCTGACCAGTTGGGCC-1	0.626752966558792	2.39365264466431	-13.5156730104777
B21M_GCTGATCCAAAGCTAA-1	0.0744336569579288	-10.1488304357718	29.4707139623137
T13D_GCTGATCCAAGACTCC-1	0.625674217907228	12.9880719979676	-8.50160716981362
T13D_GCTGCAATCCGGTTAG-1	0.948220064724919	-6.26822092854523	-18.4363747581027
B21M_GCTGCACAGGAGCAAC-1	0.885652642934196	9.90789150622889	0.304775983250893
GH_GCTTAAATCTGGCTTC-1	0.017259978425027	3.42786183684044	-20.1899234070255
T5D_GCTTACCTCATTTGCT-1	0.841423948220065	8.8413310040651	-7.75155628809862
GH_GCTTTACGTTAAGTGT-1	0.879180151024811	11.0295412151809	-2.88834271162515
GH_GCTTTCATCCAAGTGT-1	0.685005393743258	14.0979363511865	5.37112588133317
GH_GGAAACTCAGCAAATA-1	0.548004314994606	-13.9534003644491	15.0003072674996
T5D_GGAAACTCAGCTAATT-1	0.314994606256742	21.7207797672754	1.33997691598343
GH_GGAACTAAGTTGTCCC-1	0.922330097087379	3.67523416377277	-6.73931915842262
GH_GGAAGCTAGTGGCGGA-1	0.552319309600863	-14.4082194162786	5.77680549042699
GH_GGAATCTTCCGCCTAT-1	0.522114347357066	1.12036989214835	16.3072604207884
B21M_GGACTAAAGGCTACAT-1	0.329018338727077	8.68249769069295	19.5128303438644
GH_GGAGCGATCAAGACTC-1	0.551240560949299	-20.2294535133862	-20.7608064779185
GH_GGAGTCTGTCAGGCAT-1	0.468176914778857	3.26481274378226	-11.1079651937367
B21M_GGATATTGTGGTTATG-1	0.461704422869471	-10.2730443018537	23.1776971925785
T5D_GGATTCAGTACTTAGG-1	0.490830636461704	-8.92680724601224	23.8568778641135
T13D_GGCCAACTCAAACACC-1	0.774541531823085	0.135564021988992	-6.13878054424729
B21M_GGCCTTAAGCATGTCG-1	0.0906148867313916	-12.8530030690942	-2.10978397289322
GH_GGCGATACAAATACCT-1	0.142394822006472	-12.1234734395066	-8.82413522723614
T5D_GGCGATACAACCGCCA-1	0.213592233009709	-16.5855147663958	11.9350680955224
T13D_GGCGGTTTCAAGGACA-1	0.307443365695793	-9.91337799920002	25.80018020576
GH_GGCTAGACACCAGGTT-1	0.0884573894282632	-17.5145901937998	23.8067871477181
T13D_GGCTCAATCTCAATAG-1	0.888888888888889	2.74821176362257	-1.78580293526797
T13D_GGCTTCAAGACTCGCA-1	0.500539374325782	16.3176115828745	-13.7574910132205
T5D_GGCTTCAAGCTCCTAC-1	0.663430420711974	-4.00199864304126	9.80618179787456
GH_GGGAGTAGTAATTAGC-1	0.50269687162891	-0.0296988988901402	17.0179521951877
T13D_GGGTTACGTCTTACTA-1	0.968716289104639	-7.80065183683733	-16.6771647471777
T13D_GGTAAACCAACGTGCT-1	0.813376483279396	11.0913007242929	-3.08958635650179
GH_GGTAACCGTAAGCTCA-1	0.517799352750809	2.14074093467436	15.0220790541952
T5D_GGTAACCGTAGCTGGT-1	0.483279395900755	9.51233859179201	-22.2780524956047
T13D_GGTAACTTCGCTTCTA-1	0.884573894282632	-2.91139978532775	5.65204192308018
B21M_GGTAACTTCTCCATGC-1	0.40992448759439	-13.7580848718037	17.3702640390547
B21M_GGTATTGGTTCATCTA-1	0.379719525350593	-8.27794606447508	25.1550044040295
T5D_GGTATTTCATAAACCT-1	0.78101402373247	15.4284040728545	0.390896680646378
T5D_GGTCCGTAGGCCATCA-1	0.66235167206041	13.247356749057	-0.17271318404978
T13D_GGTGAGTAGTTATCTC-1	0.785329018338727	10.3147081835228	-0.0259814306242681
T13D_GGTGCTGGTAATTAGC-1	0.419633225458468	-6.24801528407179	24.1293267673413
B21M_GGTGTGACACTGGCCA-1	0.784250269687163	12.1882706759794	-0.749381684518242
T13D_GGTTAATGTTCAAGCA-1	0.96655879180151	-5.54073569589567	-19.2880648352724
B21M_GGTTGCATCTAAGGAG-1	0.790722761596548	12.202850753897	1.43589349841622
GH_GGTTGCGGTAAGGTCC-1	0.680690399137001	10.5152047658382	2.43396862761836
T13D_GGTTTAATCGGGCCAT-1	0.472491909385113	-8.3988818456623	18.6031684358724
B21M_GGTTTGTAGCATGTTA-1	0.565264293419633	-9.2984747088745	23.1658529137641
T5D_GTAAGCGCAACCTGGT-1	0.221143473570658	-14.3472056858027	14.479443140664
GH_GTACTGGTCCTTCGTA-1	0.460625674217907	10.0196525405029	-22.1317431001065
GH_GTACTGGTCTTAATGG-1	0.714131607335491	19.8584358712936	2.83347660639445
T5D_GTACTTAAGTATCGCG-1	0.143473570658037	-10.394375766683	-5.79771608553031
T5D_GTACTTCGTTACTTCA-1	0.201725997842503	8.88462898154816	-22.087407867353
GH_GTAGGATCAACATAAG-1	0.631067961165049	-3.83562608810455	16.6959454467993
GH_GTAGTTATCAATGACC-1	0.647249190938511	-0.157323816978192	18.7173214007926
B21M_GTAGTTATCCCTGTTA-1	0.131607335490831	17.6335840841521	10.2750454150809
GH_GTAGTTTCATCGCTCC-1	0.632146709816613	9.63817682883827	6.42758717493247
T13D_GTCATGCCACACAATT-1	0.160733549083064	-9.4390473804662	-12.226220436885
T13D_GTCATGCCAGTTTGGC-1	0.598705501618123	12.4587887341522	1.46806603550343
T5D_GTCCAAGTCTTGCTAT-1	0.184466019417476	22.1545456024247	5.01002825924405
GH_GTCTAGCCAATAATCC-1	0.391585760517799	1.05018811782885	18.7717651733257
GH_GTCTAGCCATCGCTCC-1	0.426105717367853	-7.56874570519166	6.35031321796704
T5D_GTCTATGCAATATAGG-1	0.511326860841424	-9.46521101935484	25.6636087936055
T5D_GTCTTTGTCTAATCTC-1	0.867313915857605	13.1764140361702	-4.31990995995739
B21M_GTGAATCTCGGCCAGT-1	0.435814455231931	9.91790185220782	-16.1195861996638
T5D_GTGAATCTCTTGCAAA-1	0.466019417475728	-8.86476418036255	23.4545038334547
T5D_GTGCGCAGTGTGAGAG-1	0.428263214670982	-12.431749899749	6.90386209333199
B21M_GTGCTTACACGAACAG-1	0.930960086299892	0.299447201424742	-5.27618724704748
T13D_GTGGATGCATCGCTTT-1	0.38403451995685	-9.83229794259768	-2.58783653639055
GH_GTGGCTTCAGGCTGTT-1	0.277238403451996	-1.00144188062768	16.0354514017825
T13D_GTTAACGGTAACCACA-1	0.0981661272923409	11.5364068121775	10.123875280406
T5D_GTTAAGCTCCATTACT-1	0.893203883495146	7.4135242341044	-5.18259688797878
T13D_GTTAAGCTCCTAAGTA-1	0.405609492988134	-10.3756398554261	5.59023314956689
B21M_GTTACTCGTGTGAGAG-1	0.988133764832794	-3.79052258798316	-16.9656708325715
T5D_GTTAGACTCGTCATTT-1	0.355987055016181	-2.69883541035975	10.7213612950273
T13D_GTTAGACTCTCTAGCC-1	1	-4.61081610575965	-21.2342486406746
T13D_GTTCCCAGTCGAAGTC-1	0.377562028047465	8.18066272033688	16.9288972642806
T13D_GTTGCTGAGGACACTT-1	0.408845738942826	-12.1295358486786	-0.330302549445031
T13D_GTTGGAGCATGAATCT-1	0.89428263214671	4.7963830051358	-0.590982247775759
GH_GTTGGCCAGCCTGAGC-1	0.284789644012945	21.4044979299567	2.92934015080847
GH_GTTTCAGCAGCATGTC-1	0.233009708737864	15.5495542823755	-12.5076498688107
T5D_TAACCTAAGTCCTTCA-1	0.820927723840345	-8.08702582996417	-16.0630198985509
B21M_TACCCGGCATTGGGAG-1	0.80151024811219	12.8612320140354	2.82073003388097
B21M_TACCTTTAGATAAAGC-1	0.872707659115426	6.76815317141996	-4.21023354131044
GH_TACGGATTCTTGCAGG-1	0.0107874865156419	6.00375275124867	13.8681138607612
GH_TACGGTTAGTTCCCAC-1	0.98705501618123	-3.64607542048009	-22.5470215163903
GH_TACTCGCTCCTGGTCT-1	0.605177993527508	-0.943495929890341	17.2088610572097
T5D_TACTTCGTCTAAGGTC-1	0.364617044228695	-8.9784137416883	27.242551599714
B21M_TAGCGGACAAGGAATC-1	0.385113268608414	16.8329302429988	-14.1394946630359
GH_TAGGCTGTCCTAATTC-1	0.325782092772384	20.5322852494853	-6.58826202041822
B21M_TAGGCTTAGTTTGGGT-1	0.936353829557713	-5.41268488488715	-18.8334548818674
T5D_TAGGGTTTCTTAGGAC-1	0.332254584681769	18.3352952919551	-7.84404693144988
T5D_TAGGTGCGTCCGGTTC-1	0.498381877022654	0.969441592354165	14.2904109936192
T13D_TAGGTTGGTCAATGTG-1	0.275080906148867	14.0167307024029	-16.2045937626691
T5D_TAGGTTGGTTAAGCGC-1	0.928802588996764	5.82717634173421	-3.37510092074897
GH_TAGTAACGTTACAAAC-1	0.197411003236246	11.1008783070531	-27.5915406138237
T5D_TAGTCAATCCAGGGAG-1	0.84789644012945	8.33341678399623	2.1103945820472
T13D_TATAGCCAGCTTGCTC-1	0.297734627831715	16.2602263576842	-15.4609731055153
GH_TATCCAGCAGGCTGTT-1	0.659115426105717	-8.24395373964997	16.1794427163286
GH_TATGAAGCACCAAAGG-1	0.702265372168285	12.5078462028098	2.0630045697664
T13D_TATGAAGCACCTGTAA-1	0.895361380798274	4.17143139951893	12.3752952997261
B21M_TATGACATCTGTGCCT-1	0.871628910463862	7.32471320174957	-1.04816092371351
T13D_TATGACTCACCTGTAA-1	0.392664509169364	-7.31760630314873	22.888770418589
GH_TATTAGCCAAGCTTAT-1	0.580366774541532	21.4295181717126	4.90112078609571
T13D_TATTTGCTCATAACTG-1	0.132686084142395	9.87871732045413	6.59851051387085
GH_TCAAACCAGAACAAGT-1	0.058252427184466	4.01362943421104	16.5301108727495
T5D_TCAACAATCGCGCTAA-1	0.51024811218986	-8.97123832869936	22.4125402689255
GH_TCAAGACTCCTCACTA-1	0.484358144552319	14.8197534042127	-17.3418050560892
B21M_TCAAGGTTCCTTGCGT-1	0.087378640776699	6.38036812911197	10.5246223784279
T5D_TCACCTCAGGTGCTGC-1	0.52319309600863	-8.22276986252983	23.3046977983699
GH_TCACCTGGTCACAGAC-1	0.376483279395901	16.7553432172163	-10.4939896055976
GH_TCACTGACAACTAGCC-1	0.610571736785329	17.7385421567046	4.52892626590658
B21M_TCACTGACAGTTAGCC-1	0.807982740021575	-2.9235578775764	7.26428946326922
T5D_TCATAACCATTGCGAC-1	0.467098166127292	-13.9549337150794	11.2181367892908
B21M_TCATCCATCCGTGACA-1	0.303128371089536	-17.8488247701571	10.5765603147885
T5D_TCATGTTTCCCATAGG-1	0.692556634304207	10.96167411215	-2.84110646654023
GH_TCCAGCAAGGATCACT-1	0.254584681769148	2.40187779607487	15.3286012604708
T13D_TCCATATTCTAATCTC-1	0.166127292340885	-7.92263600883185	-9.53251727609228
T5D_TCCATCATCATAAGCC-1	0.334412081984898	15.213541948401	10.2434330163678
GH_TCCGCCATCATGCATA-1	0.248112189859763	-12.1607504516559	7.14251214549445
B21M_TCCGGAATCATCCTGC-1	0.899676375404531	4.1218515204935	-3.10697469481135
GH_TCCGGTTTCCTAATTC-1	0.650485436893204	-6.07449091172459	13.3481167323066
GH_TCCTTGCAGGACCAGG-1	0.0906148867313916	10.1836343501589	-27.7428982287166
B21M_TCGATTAAGGACTTAC-1	0.591154261057174	-8.6523686604536	23.927240691781
T5D_TCGCATTGTTAGGTTG-1	0.318230852211435	-13.1481606015506	6.23893601127029
GH_TCGTGCTTCACGAATC-1	0.61596548004315	13.677523165617	0.503785651694107
GH_TCGTTACGTTATCCGT-1	0.941747572815534	-6.37726007039836	-17.9891087526328
GH_TCTAACCGTCGTAATG-1	0.11866235167206	14.206103809031	-4.42350425184402
T13D_TCTCAAGCAAGGTATA-1	0.992448759439051	-7.22477255894223	-13.8878364474768
GH_TCTCAAGCATAATCAC-1	0.824163969795038	3.41618256639982	11.8771217597514
GH_TCTCAATTCGCCTAAG-1	0.567421790722762	-9.36226645249548	-0.497813921120319
T13D_TCTCCTCGTCCTTCTC-1	0.386192017259978	9.85481241235168	-13.1216491633932
T13D_TCTGGCTTCATTACGA-1	0.978425026968716	-5.32040741407155	-20.1428795943766
GH_TCTTGACGTATTGTGG-1	0.922330097087379	-7.36161470578961	-16.6255183222476
T13D_TCTTGACGTGGTGAGA-1	0.496224379719525	-2.4322222862902	14.092561211819
T5D_TCTTGTCCAATCATGT-1	0.0312837108953614	-2.23408512304571	-11.2306914528921
T5D_TGAAGGATCCTAGTTT-1	0.867313915857605	8.81356781133016	-6.8460049197184
B21M_TGAGCTTAGCATCCAG-1	0.418554476806904	9.67781971426737	-23.2904633693037
T13D_TGAGGGCCATAGGCGA-1	0.752966558791802	-7.35963240979013	0.224124295501724
T13D_TGATCGAGTAATAGCT-1	0.338727076591154	9.94111720059418	-15.7464247360349
T13D_TGCAAGCGTGATCATG-1	0.690399137001079	14.5950193632394	-6.78009979614281
T13D_TGCATCCTCAATGTCA-1	0.866235167206041	8.22119024242246	-6.25665311001502
GH_TGCGCAGGTAACCTAG-1	0.374325782092772	-9.46767872066544	20.616914978312
T13D_TGCTATGCAATCGCAC-1	0.15210355987055	-9.44496006796829	26.0415287675081
GH_TGCTATGCAATTGACT-1	0.568500539374326	-3.27206705373078	17.205772067259
T13D_TGCTTGCTCTAAGGTC-1	0.454153182308522	9.18357870275963	-12.5714242789229
T13D_TGCTTTAGTAATCGCA-1	0.229773462783172	8.35118901725812	-12.675087882684
T13D_TGCTTTAGTGATGATT-1	0.433656957928803	-10.7541643851555	15.5161177296801
B21M_TGCTTTAGTTTGTTGC-1	0.557713052858684	-5.19390671381666	12.7983952021164
B21M_TGGACGGAGGAAGCTA-1	0.98705501618123	-3.62344976088417	-22.6122633277906
B21M_TGGACGGAGGGCCACT-1	0.538295577130529	-9.66654598005864	22.4772766011066
GH_TGGCCTTTCAGAAACG-1	0.500539374325782	0.804225910149423	16.9719205605465
B21M_TGGCTAAGTTACTAGG-1	0.823085221143474	10.6610450520789	-2.25402820412467
GH_TGGTAAACAATTGAGA-1	0.694714131607336	-5.55898202911663	9.081222077951
T13D_TGGTAAACAGAAACGT-1	0.143473570658037	-11.339996956423	-2.58493001021548
T13D_TGGTAAACATAATCCG-1	0.822006472491909	9.64174437958804	-1.54920150627959
GH_TGGTCAAGTGATCAGC-1	0.921251348435814	3.91478602274875	-7.50762977589762
GH_TGGTGATTCACGTTAA-1	0.577130528586839	-9.90496600445312	4.73375593287641
GH_TGGTGATTCCTAAATG-1	0.440129449838188	-5.56521733429003	-0.0310735271644647
T5D_TGGTGCATCCCTCAAC-1	0.524271844660194	16.3417591813726	-13.839777463103
T5D_TGGTTAATCCTTGCGT-1	0.579288025889968	8.0971650093883	16.8077017490341
T5D_TGGTTCCTCCTTGCGT-1	0.875943905070119	0.840069121451408	0.535902553760409
B21M_TGGTTCTGTTAGAGCC-1	0.559870550161812	-5.90777076621426	10.1020608295829
GH_TGTAAAGCACTAAGCC-1	0.98705501618123	-2.53672529536411	-18.9301862363105
T5D_TGTAAGCTCCACCCTG-1	0.474649406688242	-13.0372448030041	9.61370817292879
T13D_TGTCAATCACCCTCAC-1	0.239482200647249	8.60624077975452	19.8592805971964
T5D_TGTCATAAGGCGCATC-1	0.565264293419633	0.99769051673561	16.0651471731274
T13D_TGTCATAAGTGAACAG-1	0.138079827400216	-19.1765141374778	9.014182934489
GH_TGTGCTGAGTTAGACC-1	0.513484358144552	15.2176495271295	10.2047468745042
GH_TGTGGAGCATTCAGCA-1	0.532901833872708	9.86243553487955	-11.1577693844482
GH_TGTGGCTCACGAACAG-1	0.984897518878101	-2.1339571715711	-19.887962345429
GH_TGTTAGCAGTTATCCT-1	0.681769147788565	9.0213562418954	-9.91491185511439
GH_TGTTCATTCCCGCCTA-1	0.623516720604099	12.7936525232875	1.81899884075795
T5D_TGTTGCACAATTATGC-1	0.545846817691478	-10.1924087036095	2.72482044203594
T5D_TGTTGCACATGGCCCA-1	0.716289104638619	5.72597144334332	-1.8102144707294
T5D_TGTTGTAAGACAGGCG-1	0.782092772384035	6.05351743959587	0.261796671354555
GH_TGTTGTAAGGCTAAGA-1	0.226537216828479	16.776600163772	-15.5812922105076
GH_TGTTGTTTCTAACTGA-1	0.0237324703344121	-8.19714102023225	-9.91218782505438
GH_TTAACTGAGCTGGACC-1	0.18554476806904	-10.2705557516009	4.70423099978674
T5D_TTAGCGGTCATGCTAA-1	0.66235167206041	-8.57776170129294	5.89981408015141
T5D_TTAGCTGCAAACGGGC-1	0.0765911542610572	14.331744867761	-8.04771665746558
T5D_TTATGACCAGGTATTT-1	0.436893203883495	1.83769365607536	16.7536813108688
T5D_TTATTGCTCAAACCGT-1	0.613807982740022	11.6602170376289	-12.6139187369794
T13D_TTGACTAAGCCGGTAC-1	0.202804746494067	-8.86189504170733	18.9780208901149
T13D_TTGAGCTAGCTCATAA-1	0.639697950377562	-8.60841203578421	17.7855112893579
B21M_TTGAGGCGTCACCAAA-1	0.475728155339806	0.108302107867746	20.9915051822625
GH_TTGAGGCGTTATCCTA-1	0.366774541531823	0.979349943861878	17.4980530163914
T13D_TTGCTTAGTAAGGTCC-1	0.648327939590076	-9.3681322333953	7.06969245256629
GH_TTGGCTGAGGAACACA-1	0.622437971952535	0.768792011917508	16.1510886206623
T13D_TTGGGCGGTCGTAAAT-1	0.306364617044229	5.85128705059622	12.3061496685877
GH_TTGTGTGCACGCAACT-1	0.151024811218986	5.96674143166961	16.5382289583058
GH_TTGTTGCGTTGCAATG-1	0.948220064724919	-2.6952729806075	-16.4498714838585
T5D_TTTAGCAAGTCATTAG-1	0.163969795037756	-10.6341853312921	26.7326964342637
GH_TTTCACCCATCGCTCC-1	0.842502696871629	10.486713712202	-1.89903171367518
T13D_TTTGACTTCCCTCGCA-1	0.326860841423948	-19.1716296907101	9.94559277271746
GH_TTTGGCTGTTAACGGC-1	0.574973031283711	-5.79508167504694	14.2601043189546
T13D_TTTGTTGGTTGGTGAC-1	0.21898597626753	-14.9291788498782	16.6691224607988
A12D_AAACAGCCAAAGCTAA-1	0.525350593311758	-10.2646872856246	12.8129176467343
C13F_AAACCGAAGTGCACGC-1	0.446601941747573	0.899910447693236	-9.89989861755763
C13M_AAACCGCGTACCGGAT-1	0.956850053937433	-11.0618388837225	-17.9339290289061
A12D_AAACCGCGTACCGTAA-1	0.00862998921251348	2.72390690097331	-18.5274105226885
C13F_AAACGGATCATAATCG-1	0.981661272923409	-3.04649666218242	-21.3933128129324
A12D_AAACGGATCGCAACAT-1	0.555555555555556	6.86383152018336	-14.0098277949709
C13F_AAACGGATCGGCCAGT-1	0.969795037756203	-9.16354317554944	-19.6365994532697
C13M_AAAGCAAGTTCAAGAT-1	0.577130528586839	-8.89322315803473	0.0317249978604644
A12D_AACAAGCCAGTTATCG-1	0.310679611650485	18.6811401721629	-15.8909324573616
C13M_AACAGATAGCATTAGC-1	0.791801510248112	1.75286151078526	-2.99838717975768
C13M_AACATAGCACAAAGCG-1	0.0075512405609493	4.22455577915079	-21.4711128287264
A12D_AACATCATCCCTGGAA-1	0.955771305285868	-6.39563094677189	-20.8651458033512
A12D_AACCTCACATGACTAT-1	0.421790722761597	-8.0391840492257	2.13220081032468
A12D_AACCTTAAGTAACTCA-1	0.717367853290183	-3.41659932411765	-14.0069324273133
A12D_AACGCCCAGGATCACT-1	0.0366774541531823	-1.19067589436946	-20.238401383245
C13M_AACGGTAAGCTGGCTA-1	0.670981661272923	9.41677065593116	8.78432077042589
C13F_AACTACTCAAACAACA-1	0.491909385113269	16.0963474824209	7.11268257361979
C13M_AACTCACAGGCATGTT-1	0.731391585760518	8.98033114222583	0.80808649676532
C13M_AAGAACAGTTTCCTCC-1	0.157497303128371	-7.58921424793464	27.524214079494
C13F_AAGCAAGTCATGTGGT-1	0.932038834951456	1.25351393433204	-4.75805489698117
A12D_AAGCATGAGACTATTG-1	0.10571736785329	-5.40298825680168	-5.16896971013142
C13M_AAGCTATGTGTTAAAC-1	0.296655879180151	-17.8252245693417	16.8377970073301
C13M_AAGTAGCCAGCTTAAT-1	0.101402373247033	-16.5343880600023	0.21016411016677
A12D_AAGTGCAAGCTTAACA-1	0.690399137001079	0.805790278715695	-2.34029641993356
C13M_AAGTGCAAGTTATCTC-1	0.528586839266451	-11.9392870752981	11.7154667852246
C13M_AAGTGCAAGTTTAACG-1	0.063646170442287	11.518293584609	-13.5595466295619
C13F_AATAACCGTAGCTAGC-1	0.00215749730312837	12.015438208868	9.91237607676085
C13F_AATCATCCAATATACC-1	0.330097087378641	-12.2370179277809	23.0464188461611
C13F_AATCATCCACAGCCTG-1	0.762675296655879	-6.68816850161169	8.52770163209765
C13M_AATCATCCAGGCCTTG-1	0.0658036677454153	-14.209833117189	-14.5442861614349
C13F_AATCGCCCAGCATTAT-1	0.554476806903991	13.8170379291743	6.23890077257312
C13M_AATCTCAAGCCTGAGC-1	0.705501618122977	-7.15208237760799	6.5151638845374
A12D_AATGAAGGTTATTGCC-1	0.436893203883495	0.204958594241046	7.66798663992966
C13F_AATGTCCAGGAACCAA-1	0.527508090614887	-6.37280564121729	10.6771786644425
A12D_AATTACCCACTGACCG-1	0.332254584681769	-12.135068755786	16.336668536086
C13M_AATTAGCGTCACAGCG-1	0.783171521035599	12.1440537446252	-10.9949790500054
C13M_AATTGCCAGCACAGCC-1	0.17259978425027	-15.6432247930947	16.3826431002509
C13F_AATTGCCAGCTATATG-1	0.823085221143474	-3.99235858960637	0.42516100514772
C13F_AATTGGACACTCGCTC-1	0.453074433656958	-16.8243228861759	15.5123671322041
A12D_AATTTGGTCAAGTGTC-1	0.0345199568500539	3.08564185355747	21.8090812023731
A12D_AATTTGGTCTTCAATC-1	0.683926645091694	-1.74400129116891	-18.816927527382
C13M_ACAAACTGTGTTAAAC-1	0.831715210355987	7.15869980016349	-6.62296335858761
C13F_ACACTAGGTGAGCGAA-1	0.963322545846818	-6.76223531493232	-20.2930767392981
A12D_ACACTTGCAAGGTGCA-1	0.00539374325782093	-14.8782128522352	-7.90832409850022
A12D_ACAGCCGGTCATCATC-1	0.135922330097087	19.2190008726207	-14.6683311486812
A12D_ACATCATCACCTGGTG-1	0.201725997842503	-3.60675377417027	18.4850741407281
C13M_ACATCATCAGCACGAA-1	0.217907227615965	16.9536215371143	-16.0811490864772
A12D_ACCAAGTTCTTGTTCG-1	0.772384034519957	-4.91545455795018	-8.84677452803115
A12D_ACCAATATCAAGCTTA-1	0.435814455231931	-2.4335823132585	15.1640390339383
C13F_ACCAATATCCTAGTAA-1	0.234088457389428	-14.1367701184758	12.4390931855974
C13M_ACCACACCATATAACC-1	0.914778856526429	6.4783244939905	-0.523079317467228
C13F_ACCCAACCACCAGGTT-1	0.329018338727077	12.0579137676553	4.80148048502693
A12D_ACCGCAATCAGGTTTA-1	0.0647249190938511	-9.10834151211593	-2.60354852610504
C13M_ACCTAAGGTGGGTGAA-1	0.0183387270765912	-11.1623496642251	-10.5854484138394
C13F_ACCTCACTCATCCTGC-1	0.560949298813377	-4.28538173957959	10.141661756442
C13F_ACCTCACTCTTGACCC-1	0.394822006472492	-10.7302267166357	22.3157523863269
A12D_ACCTGGTCAGTTTCTC-1	0.09277238403452	-12.3769025710025	13.6497955010138
C13M_ACCTTGCTCTCCTCAA-1	0.672060409924488	12.0158814296368	-0.304431988717866
C13M_ACCTTGCTCTCGCCTG-1	0.988133764832794	-2.52127608036632	-19.7679836111477
C13F_ACGAAGTCAACTAGCC-1	0.236245954692557	13.3880417327323	-12.8882616246929
A12D_ACGCCACAGAACAAGT-1	0.88673139158576	5.91912693500738	-4.53481256296644
A12D_ACGCCTAAGTGAAGTG-1	0.584681769147789	11.539423312621	-8.9979812243776
C13F_ACGGTTAGTTGCTTCG-1	0.374325782092772	-15.4514452292642	18.9668350031843
C13F_ACGGTTTAGCACTAAC-1	0.230852211434736	9.7275689287087	17.0235203249405
C13M_ACTAAAGCACATTGCA-1	0.612729234088457	-9.00902288274107	12.5777967008985
A12D_ACTAACTCAGTCTAAT-1	0.183387270765912	18.2632798881692	-13.5610281100841
C13M_ACTCACCTCTTAGTCT-1	0.279395900755124	1.69732550168068	-8.40070657824561
C13M_ACTCACTGTTTGGGCG-1	0.97411003236246	-5.69056124790801	-20.4113774015684
C13F_ACTCGCTTCAATGTCA-1	0.119741100323625	-3.03472693002751	-5.12614225048445
C13F_ACTCGCTTCAGCTAAC-1	0.614886731391586	-2.80392092546905	4.72201672594729
A12D_ACTGAAACATTAAACC-1	0.138079827400216	16.2176620541586	-17.8591174331281
A12D_ACTGAATGTCAAACTG-1	0.180151024811219	-17.2156929208678	22.1396662454433
C13F_ACTGAATGTCCTCCAA-1	0.0550161812297735	13.1943589878017	9.62033061611938
C13F_ACTTATCTCACACAGT-1	0.214670981661273	-17.2412887652324	10.3222813326465
C13M_ACTTATGAGTGCACGC-1	0.402373247033441	-9.70048057107712	-0.964132840624522
C13F_ACTTGCACACAACAGG-1	0.786407766990291	-4.53762216844416	-2.54593799152784
A12D_ACTTGCACATGCTATG-1	0.0161812297734628	-20.4114098667878	13.827833979589
C13F_ACTTGTAAGGCCGGAA-1	0.874865156418554	6.13079450616296	-3.26047294931474
C13F_ACTTGTCGTGTTTCAC-1	0.175836030204962	-12.5037056945507	23.079108117702
C13M_AGAACCGCAAACTCAT-1	0.189859762675297	-13.1514040799697	19.1799611806403
C13F_AGAATCGAGGAGGACT-1	0.60302049622438	-5.38925532903152	15.2777228700224
C13M_AGACACGCAATGCCTA-1	0.247033441208198	-6.30911035873448	23.6593080151063
C13M_AGACTATGTGAGGTGA-1	0.897518878101402	-2.17794984066712	-14.8822914607688
A12D_AGAGAGGAGGCATGAA-1	0.884573894282632	-0.410636469779022	-20.6917558143019
A12D_AGAGGAACATTGACAT-1	0.474649406688242	14.8091087671929	-10.7230546140323
A12D_AGCAAATAGAGGCTAA-1	0.223300970873786	12.7193766988726	11.3887617877322
C13F_AGCAAATAGGGTTATC-1	0.883495145631068	-1.21312587714381	-18.8056678958976
A12D_AGCAACAAGAGAAGGG-1	0.634304207119741	-0.663773356567475	-20.2690099958653
A12D_AGCAATACATTAAAGG-1	0.354908306364617	-21.2897380353448	16.1819351604534
C13M_AGCACTAGTGCATTTC-1	0.35814455231931	7.44894249670346	-14.2919133111779
A12D_AGCACTTAGTTATGTG-1	0.552319309600863	-13.0382718779489	12.6895901495701
C13M_AGCATCCCAATAATCC-1	0.344120819848975	10.441172073647	18.5582829505306
C13M_AGCATCCCATTGCGAC-1	0.720604099244876	-9.27400442914329	-1.46451535370923
A12D_AGCCTAGTCCATAAGC-1	0.0701186623516721	14.0154757567855	10.0135807221435
C13M_AGCGATTTCCTTAATC-1	0.120819848975189	-12.0279437024966	-6.56221536187014
C13M_AGCGTGCTCCCGCATT-1	0.789644012944984	10.5711881640661	-7.87005043249264
C13F_AGCTAAACAGTAGGTG-1	0.969795037756203	-9.36770880136045	-17.4240661761072
C13F_AGCTACGTCTTAGCCC-1	0.0819848975188781	11.4564187525197	18.1613058291298
C13F_AGCTATATCATCGTTT-1	0.0679611650485437	-2.14095161756408	-8.31415718645571
A12D_AGCTTCCTCAGGTTTA-1	0.735706580366774	13.158659265573	-4.51776139683494
C13M_AGGAACGGTCAGGCCA-1	0.19848975188781	-18.2111090217923	16.2006986544129
C13F_AGGAACGGTCCGGTTC-1	0.947141316073355	3.89346065967444	-5.86600234429566
C13M_AGGACTAAGGGACTAA-1	0.88673139158576	6.3286090850131	-6.33953536602977
A12D_AGGATATAGAGGATAT-1	0.0862998921251348	4.389766543354	10.8529276411163
C13M_AGGATGCAGTAAGAAC-1	0.441208198489752	-7.63246930354063	15.1930475682369
C13M_AGGATGTCAATTAAGG-1	0.514563106796116	-6.39184516694233	10.7957808710992
C13M_AGGATGTCATAATGAG-1	0.54908306364617	-1.54371414834266	13.7016354549399
A12D_AGGCAATCAACTAGAA-1	0.692556634304207	-3.54352440094327	-0.62424763462205
C13F_AGGCAATCATAAGTTC-1	0.202804746494067	-22.1138154181673	13.0390982896013
C13M_AGGCAGGTCACGCCAA-1	0.386192017259978	11.9841926186666	-11.7652648000695
A12D_AGGCAGGTCAGGAAGC-1	0.415318230852211	-2.58796964140364	-2.32305145929394
C13F_AGGCAGGTCCTGGTCT-1	0.375404530744337	3.5809949270646	9.36148136848557
C13M_AGGCCCAGTCATAGAT-1	0.230852211434736	-13.296874067486	10.5237706544319
A12D_AGGCGGATCATAGCCG-1	0.514563106796116	0.590959953766157	16.3770617962478
C13M_AGGGCCTTCCTCCTAA-1	0.621359223300971	-6.79846794721154	11.6667675054357
C13M_AGGGCTACAAGTGTTT-1	0.0528586839266451	-15.7373113738444	-8.17920799800748
C13F_AGGGTTGCATAAACCT-1	0.210355987055016	-5.82242621085897	23.5358565583744
A12D_AGGTACGCAGGTTATT-1	0.731391585760518	8.22460213542283	-8.74326578101131
C13F_AGGTATTGTTTAGCGA-1	0.48975188781014	-8.90314706126583	22.2437703692944
C13M_AGGTCAAAGGCCTGGT-1	0.196332254584682	-0.807270120393399	21.4534048002577
A12D_AGGTCAAAGGGACCTC-1	0.74217907227616	-4.54574963847616	8.30842108213943
C13F_AGGTCTTAGCTCCTTA-1	0.856526429341963	1.99615326411344	0.131919621267997
C13M_AGGTGAGGTGGGTACT-1	0.262135922330097	-12.5417768502954	5.46769421638941
C13F_AGGTTACTCGGCCATA-1	0.964401294498382	-7.84273236554622	-18.2267401632408
C13F_AGGTTACTCGTTAGCG-1	0.0970873786407767	-17.0077229373747	-22.150547084675
A12D_AGGTTTGGTGTCACGG-1	0.553398058252427	-13.7468110159172	15.135280655013
C13F_AGTAAACAGGTGTTAC-1	0.978425026968716	-7.33422406424309	-20.4170906705373
A12D_AGTAACCTCTACCTCA-1	0.17259978425027	-10.2387450708136	12.6442396989256
C13F_AGTAACGAGCATGGTT-1	0.293419633225458	9.35619054782368	17.2654429529565
C13F_AGTATAGCAAGTTATC-1	0.200647249190939	-17.2583052634663	15.2149314396969
A12D_AGTCAAGAGGCGAAAC-1	0.594390507011866	-4.55663211233568	25.6512469677702
A12D_AGTCAGGCAAGTAAGC-1	0.457389428263215	14.2152853035605	-11.9420359143893
A12D_AGTCCTTGTGCATTTC-1	0.129449838187702	15.8197441415245	-17.8121907231223
C13M_AGTCTTGCACAATACT-1	0.0334412081984898	10.2037879965884	-19.1928101218106
C13M_AGTGCACGTTAGTACG-1	0.317152103559871	-20.8958277726674	13.3336226931051
C13F_AGTGCCGGTGTGTCCC-1	0.0614886731391586	4.42592999208952	6.46414554311738
C13F_AGTGGACAGTCGCTAG-1	0.00431499460625674	-10.0193329982303	-10.9901216516671
C13F_AGTGTGGCATAGACCC-1	0.822006472491909	5.73081551947316	-3.57012444936858
A12D_AGTTGCGTCGCTAAAC-1	0.395900755124056	16.7740134109458	6.78757389181773
A12D_AGTTGCGTCTAATCCT-1	0.161812297734628	3.84095517340091	14.6745533728622
C13F_AGTTGGCGTTTAGTCC-1	0.0215749730312837	21.6561853519334	-15.0453298767236
C13M_AGTTTGCAGAACCTGT-1	0.302049622437972	-0.951521336592675	21.5503098332207
A12D_ATAACGACAATAACGA-1	0.380798274002157	1.39364158149378	14.9415368908668
C13F_ATAACGACACAGCCTG-1	0.415318230852211	-16.2463307396968	15.9621980801577
A12D_ATATAGGCATCCCGCT-1	0.861920172599784	8.92335276197908	0.549134992657678
A12D_ATATGCATCTCCTCTT-1	0.0992448759439051	-14.582415524097	-7.85299222642525
C13F_ATATGGTGTCAATACG-1	0.923408845738943	5.98292629802553	-2.98223361975527
C13M_ATCAAGACACGGTACT-1	0.120819848975189	6.23678716970452	-13.9155606097359
A12D_ATCAAGCTCATGGCCA-1	0.210355987055016	0.155033859007684	23.6852199798416
A12D_ATCACTAAGACACCGC-1	0.0302049622437972	2.5041723140135	-21.2144997134957
A12D_ATCACTAAGGGATTAG-1	0.802588996763754	7.57346413453578	-0.434787284274795
A12D_ATCAGGTTCCGCCTAT-1	0.640776699029126	-5.58393932515898	14.8572229470816
C13M_ATCATCAAGGCTAGAA-1	0.0765911542610572	6.45502065529195	10.4711858230018
C13F_ATCCAACAGCCTGAGC-1	0.66235167206041	-18.2537475107949	-22.1719184400994
C13F_ATCCACCTCCGTCCAT-1	0.32470334412082	-16.1307857820417	3.12444257485867
A12D_ATCCATAAGCACTAAC-1	0.482200647249191	-7.13572708862402	4.74358946979095
A12D_ATCCGTGAGGCTAATC-1	0.0960086299892125	11.3926659887883	-28.1270050816676
C13F_ATCCTGACAATAGCAA-1	0.0841423948220065	18.2795914512115	-7.94308481800246
C13F_ATCGGCCAGCCGCTTT-1	0.607335490830636	-9.35901241195972	13.5009728766398
C13F_ATCTTTGGTTGCGCGA-1	0.68284789644013	1.56414074858629	4.26455144797814
A12D_ATCTTTGGTTTGTTGC-1	0.279395900755124	-16.0159902216065	16.1578722786446
A12D_ATGAAGCCAGTCTATG-1	0.112189859762675	1.53139139790736	19.1660672680007
C13M_ATGAAGTAGTAGCTTA-1	0.633225458468177	-9.08218601759435	8.59898889657222
A12D_ATGACAACATAACGGG-1	0.869471413160734	8.62993966537114	0.269207937517418
A12D_ATGACGAAGCTTGCTC-1	0.0204962243797195	-7.8488126254286	-10.0921757611628
C13M_ATGACGAAGTTGGCCA-1	0.0431499460625674	22.0233424293924	-4.12787584958115
A12D_ATGCAAACATAATGTC-1	0.333333333333333	-14.271282302286	7.03910604804041
A12D_ATGCAGGCAGGATTAA-1	0.505933117583603	15.2015687992596	-5.94800524350211
C13M_ATGCTTAAGCCGGTAC-1	0.233009708737864	7.42631906802922	-10.0933393699303
C13M_ATGCTTAAGTAAACCC-1	0.195253505933118	-9.14758110535812	0.353196493846149
C13F_ATGGCCGGTGCTAGCG-1	0.158576051779935	-15.7311118040794	20.7085670672102
C13F_ATGGCTAGTGATGGCT-1	0.140237324703344	-17.1089512473003	22.6889501008356
C13M_ATGGCTGTCCTTCTAG-1	0.0409924487594391	-11.3682984898615	2.06932308908545
A12D_ATGGCTTAGCATCCAG-1	0.320388349514563	17.1404524890517	-12.2701241649263
C13F_ATGTAACGTGTTAAAC-1	0.80151024811219	-10.7623438506403	9.01411486171048
C13M_ATGTCAATCCCATAAA-1	0.478964401294498	-6.38153682240481	18.1745846848078
C13F_ATGTCATCAGTAGCCT-1	0.803667745415318	-2.1726929269067	7.38619694787312
C13M_ATTAACCCAGGCTACT-1	0.532901833872708	-13.8571193995328	7.08149539958763
C13M_ATTACCCGTCATAGAT-1	0.774541531823085	6.51482683802662	-7.80322591366586
C13M_ATTACCCGTTTGCTGT-1	0.491909385113269	3.51477920809822	12.1607292057088
C13M_ATTACGTCAGTCTATG-1	0.681769147788565	-1.43007118672736	-1.16565077838309
C13F_ATTACTGAGAAAGGAA-1	0.129449838187702	-12.9140242228034	-3.01324593857778
A12D_ATTATGGTCCTAAATG-1	0.60302049622438	-0.277640054755086	12.4065896657488
A12D_ATTATGGTCTAATCAG-1	0.526429341963323	0.442301013624769	12.4197492269323
C13M_ATTCATGAGAGGAAGG-1	0.961165048543689	-8.32978648336107	-20.6932141421025
C13F_ATTCATGAGTCATTAG-1	0.101402373247033	-13.6045573742722	23.0527196852567
C13M_ATTCCGGAGGAACACA-1	0.458468176914779	-10.4151140158529	21.1831815082684
C13M_ATTCCTAGTCAATACG-1	0.145631067961165	11.9963193417271	-15.937961239599
A12D_ATTCCTAGTTGGCGTG-1	0.990291262135922	-8.26367916257376	-18.6523560620888
A12D_ATTCCTCCACTTACAG-1	0.946062567421791	-5.09649068536703	-19.2584045590314
A12D_ATTGAAGCACAACAAA-1	0.661272923408846	-8.58475689217838	-0.779433149469093
C13F_ATTGACTCAAGTCGCT-1	0.292340884573894	-6.28780219820371	-23.2021864121346
A12D_ATTGTGATCCTTTACG-1	0.407766990291262	19.1996212447043	-14.9119315010021
C13F_ATTTAGCCATAATTGC-1	0.0604099244875944	-10.0206957010526	-8.67622238414108
A12D_ATTTGTGAGCTGTACG-1	0.241639697950378	11.7434638114763	-27.0125505919236
C13M_CAAATCATCCGCAACA-1	0.588996763754045	-7.64285096931707	15.090901971154
C13M_CAACCCGCAGCTAATT-1	0.998921251348436	-4.7465058392701	-20.1602025589986
A12D_CAACCCTTCAAACTCA-1	0.250269687162891	2.82968476429238	-7.63568407877197
C13F_CAACTAATCTTAGTGA-1	0.772384034519957	11.3508923315232	1.46255338866196
C13F_CAACTAGGTAAGTCGC-1	0.0625674217907228	22.6207227768207	6.26025580797472
C13M_CAAGAACCAAACTGTT-1	0.331175836030205	-15.3528966113683	18.5155881997907
C13M_CAAGACAAGTTGGCCA-1	0.2319309600863	-11.700229764089	27.1991661486074
A12D_CAAGGCTGTTTAGTCC-1	0.654800431499461	11.6763792529918	7.36065372764532
C13M_CAAGGGAGTCATCAAG-1	0.147788565264293	22.0531122000596	-4.08250022909258
C13F_CAAGGTAAGCATGACT-1	0.187702265372168	12.9738790782019	9.34666564450042
C13F_CAAGGTAAGTTAACCA-1	0.2319309600863	-5.49228895951533	-13.1670222743018
A12D_CAAGTAACATGTCAGC-1	0.087378640776699	6.77876198207035	-19.6879744547318
A12D_CAAGTGAAGCTGCACA-1	0.809061488673139	5.67749401033168	-3.89851298628375
C13F_CAAGTTATCGATCAGT-1	0.620280474649407	-8.7148664046185	12.2654289705797
A12D_CAATGAACAAGGACCA-1	0.610571736785329	-5.82411328583024	5.58870349959571
A12D_CAATGAACAGGAACAT-1	0.302049622437972	-19.6836422232719	14.2734392833263
A12D_CAATGCCCACAGGAAT-1	0.571736785329018	-4.08743094762322	15.3633833380635
A12D_CACAAGCGTGCACGCA-1	0.31175836030205	3.02154491509067	18.2922129345364
C13F_CACCAACCATAAACCT-1	0.473570658036677	-10.8453194123182	-2.9695855320207
C13M_CACGCTAAGGCAATAG-1	0.639697950377562	-10.6780229251182	10.753895496586
C13F_CACTAAGGTTAGCATG-1	0.856526429341963	15.1073073984245	2.64754548195351
C13F_CACTAGCCATGCTATG-1	0.0377562028047465	-14.4359367729403	-14.1837343881943
A12D_CAGAATCTCTCGACCT-1	0.375404530744337	7.00948622519344	-14.933843370762
A12D_CAGATTCAGCATCCAG-1	0.113268608414239	-13.4194684146	-3.14652175932497
C13M_CAGCCAATCCTAAGAC-1	0.156418554476807	1.34366605003745	-13.1460080219405
C13M_CAGCCTAAGCACTAGT-1	0.434735706580367	-6.89255076983012	25.2087621139706
A12D_CAGCCTTTCCTCAGTC-1	0.228694714131607	-18.5708126312928	1.70036665406511
C13F_CAGCTATAGGTAAGGC-1	0.870550161812298	7.46393393106992	-0.167398935464576
C13F_CAGCTATAGTTTAACG-1	0.779935275080906	1.7373910863962	-2.0819558164468
C13F_CAGGCTATCACATTGA-1	0.2319309600863	-11.5548122302016	17.7991985682035
A12D_CAGGCTATCGATATTG-1	0.011866235167206	-11.0564480595036	-10.5163012112111
C13F_CAGGCTGGTTTGCGCC-1	0.985976267529666	-4.12264090404795	-20.0541431540258
A12D_CAGGGTGAGTAACCAC-1	0.158576051779935	13.9123345070427	-17.025132109175
A12D_CAGTACCCAACCCTCC-1	0.140237324703344	-19.6098216443784	1.78580680839896
C13M_CATAGCTAGGGTTATC-1	0.508090614886731	-11.5789840410196	26.2885292243894
C13M_CATAGGTTCATTACTC-1	0.137001078748652	-6.29106010232687	-11.9190000227966
A12D_CATAGGTTCTCAATGA-1	0.668824163969795	-10.2349390957263	13.6177433244008
A12D_CATATCGCACAGGAAT-1	0.314994606256742	9.28190095206832	0.712212104423795
A12D_CATCAATCAATGAGGT-1	0.447680690399137	-8.02183689003355	-11.2389052539379
C13F_CATCATAAGATTGAGG-1	0.141316073354908	-11.7629257426863	27.4794180213316
A12D_CATCCTCAGCTAAAGG-1	0.959007551240561	3.8193242523572	12.4011231088493
C13F_CATCCTGGTCATAGAT-1	0.135922330097087	-5.32878284859973	24.5065144547647
C13M_CATGCGCAGAGGAGTC-1	0.612729234088457	-10.2446290470081	16.1096674132383
C13F_CATGCGCAGGACACTT-1	0.414239482200647	-19.4894424573944	-22.1564091727443
C13F_CATGCGGGTGAGAAAC-1	0.195253505933118	-14.9020932938014	12.2041715958455
A12D_CATGGCGGTCATAACG-1	0.0625674217907228	14.7356470297138	-18.372426879298
C13F_CATTATCTCGTTCACC-1	0.0280474649406688	-2.18234736189968	-8.64717319220024
A12D_CATTGCGAGGAACGCG-1	0.428263214670982	-9.97519549548299	16.3382566376722
A12D_CCAAATCAGGGATGAC-1	0.744336569579288	1.65384274543778	-8.00094446114606
A12D_CCAATATCAAACCTTG-1	0.864077669902913	-4.97055853263844	9.12376740964377
A12D_CCACAATAGCTTACTT-1	0.0140237324703344	9.08146261025835	1.53945542630487
C13F_CCACTTGGTTCCGGCT-1	0.707659115426106	-1.13008070375679	6.18079623062187
A12D_CCAGACTCAATTATGC-1	0.00970873786407767	4.95534009113498	-21.865533471443
C13M_CCAGTTTGTTTAACCC-1	0.689320388349515	-10.0325092613361	14.4405768331726
C13M_CCATAATCATGAATCT-1	0.496224379719525	-6.19611727271112	10.9302787611379
C13M_CCATAATCATTGGGAG-1	0.802588996763754	1.00982869418835	-2.42294937371508
A12D_CCATATTTCGGTTAGT-1	0.432578209277238	-17.3900694936695	14.4242465614556
A12D_CCATCACTCTTGCAAA-1	0.323624595469256	9.67798645003773	17.2991006946905
C13M_CCATTGTGTTTAGCGA-1	0.889967637540453	5.29064767118634	-4.22145792379659
C13F_CCCAAATAGGTCCTAG-1	0.614886731391586	4.64867605740313	6.10464132446139
A12D_CCCAATTGTGCCGCAA-1	0.833872707659115	4.20369272663247	-9.58182207143982
C13F_CCCAGCACAATAGTCT-1	0.908306364617044	3.5155436338255	4.8065313162274
C13F_CCCAGCACACCTCGCT-1	0.975188781014024	-3.77251688883285	-21.2378975893121
C13F_CCCATAACAAACAACA-1	0.21898597626753	-17.5886532182463	5.93342550365672
A12D_CCCGCAACAGCATTAT-1	0.269687162891046	13.5728190469537	-13.3184016403362
C13M_CCCGTTGTCCAAGTTA-1	0.0496224379719525	-9.4275843465282	-10.1003712558215
C13M_CCCTAATGTTCCATTA-1	0.373247033441208	9.26471739764377	18.2593844829442
C13F_CCCTAATGTTGGTGAC-1	0.225458468176915	10.5863906877266	20.0708805558506
C13F_CCCTTAATCAAACCTA-1	0.663430420711974	14.0886532799314	-7.81204587271548
C13F_CCGCAAATCGCTAGAT-1	0.82740021574973	8.1377813429379	2.82328852076935
A12D_CCGCAAGGTAATCGCA-1	0.994606256742179	-7.29142869807637	-19.7818662646702
A12D_CCGCTAGCACATACTG-1	0.636461704422869	-8.00994901913996	0.19118947512545
C13F_CCGTGCTGTTATCCTA-1	0.912621359223301	3.63656803296684	1.57539532222428
A12D_CCGTTACTCCATTACT-1	0.00431499460625674	-6.37792345685072	-10.0497401276772
A12D_CCTAAAGGTTTCGCGC-1	0.0862998921251348	-17.0311067943461	-6.95812231037055
C13M_CCTAAGGTCCCTGACT-1	0.0075512405609493	-14.6265016318738	-4.21503404613796
C13M_CCTAAGGTCTTGGACG-1	0.693635382955771	9.08268117953576	-11.8057752150978
C13M_CCTACTTCAAGCGATG-1	0.0528586839266451	-18.5140158347124	-2.78484537545689
A12D_CCTACTTCAGCAAGAT-1	0.242718446601942	-9.48824522532501	-9.67101632779791
A12D_CCTATTGTCATTGCAA-1	0.372168284789644	-18.496466230507	1.54804929496301
A12D_CCTCAGTTCCAACTGG-1	0.227615965480043	10.3833896885483	20.1332929701414
C13M_CCTGAATAGGTGTCCA-1	0.388349514563107	-11.3860212208367	26.529347389603
C13F_CCTGAGTCAGCAAGAT-1	0.275080906148867	17.5238744863371	-5.39433794724793
A12D_CCTGATGAGCGATAGA-1	0.608414239482201	-10.1122100783865	8.50949820625536
C13F_CCTGCTCCAATCCTGA-1	0.923408845738943	5.16257875256191	-1.34648954528841
C13F_CCTGTAACATCCTAGA-1	0.994606256742179	-4.10705147900632	-17.5992522145195
A12D_CCTTACTCAATGAGGT-1	0.21143473570658	0.762674844160659	-11.8118426876748
A12D_CCTTCAATCGTTAAGC-1	0.0237324703344121	-18.5393458282792	-2.79015610971894
A12D_CCTTCGGTCGATCAGT-1	0.983818770226537	-4.21760225679972	-19.7912689423248
C13F_CGAAATGAGAAGGTGC-1	0.0107874865156419	-10.8783225517182	-11.1782120437831
A12D_CGAAGGCCAGAGGCTA-1	0.723840345199569	15.6409079685309	-8.00347345691927
C13F_CGAATATGTGACATAT-1	0.805825242718447	11.5149883499941	1.55127454984358
C13M_CGACCTGCAATTGAAG-1	0.206040992448759	-6.67064660348566	5.61535808343087
A12D_CGAGCGAAGGTTAGCT-1	0.956850053937433	-11.2095390991275	-17.2071848027851
A12D_CGAGCTGGTTAGGACC-1	0.724919093851133	16.858997174533	2.6704473281277
C13F_CGAGGTGAGCACAGAA-1	0.944983818770227	-7.16060731419396	-16.8669852405695
A12D_CGATCCTTCAGGATGA-1	0.464940668824164	-0.346953716271421	20.7236479632866
C13M_CGCAAATTCTCACTAT-1	0.702265372168285	-9.52261873877997	8.56635556443885
A12D_CGCAATAGTTGGCCGA-1	0.19848975188781	-10.1978843366208	-20.6758886105821
A12D_CGCACACAGACAAACG-1	0.485436893203884	17.8986536875423	5.75845258124171
C13M_CGCACACAGCTGGAAA-1	0.663430420711974	-7.62816108968292	12.9126679003264
A12D_CGCACCACATTGCAGC-1	0.184466019417476	-15.516082716866	11.7030959182634
C13F_CGCCTCATCCTAAATG-1	0.791801510248112	2.85885728598438	-2.42013559967378
A12D_CGCCTGTGTTCAAGAT-1	0.503775620280475	-4.81571009195832	11.7439783120581
A12D_CGCGATTCACCTCAGG-1	0.0517799352750809	7.43528877737438	-15.2183158099086
C13M_CGCGGATTCCCTCAGT-1	0.97950377562028	-6.11690789727688	-21.17369205926
A12D_CGCTAACCAAGCTACC-1	0.447680690399137	9.74497278347596	-11.0180651999324
A12D_CGCTACTTCCGCAACA-1	0.491909385113269	1.0501683142743	13.9041464938235
A12D_CGCTTAACAAGGTACG-1	0.143473570658037	-8.35605094536792	2.07957979484697
C13F_CGCTTAACAATATACC-1	0.0949298813376483	-13.4895543986591	5.81345282592798
C13M_CGCTTCTAGCTATATG-1	0.994606256742179	-5.23871116591782	-17.7014472251698
C13F_CGCTTGCGTAGGATTT-1	0.68824163969795	-7.02251912186736	15.4946081442912
C13M_CGGAGCAAGCCTGGTA-1	0.996763754045307	-3.85380654909238	-19.931597310317
C13F_CGGAGTCTCGATCAGT-1	0.96655879180151	-6.07921183515503	-17.1478700952241
A12D_CGGAGTCTCGTTACAA-1	0.0690399137001079	-4.05347217981021	-3.8558175911938
C13F_CGGCTCACAGAACCGA-1	0.428263214670982	19.1879796763754	4.39066574955978
A12D_CGGCTCACATGTTGTG-1	0.171521035598705	-19.7889441871259	1.95457890510177
C13F_CGGCTCACATTGACAT-1	0.854368932038835	7.20338756608279	3.44006082566011
C13F_CGGGACAAGGAACCAA-1	0.193096008629989	-3.04017598669805	-5.07255324623911
A12D_CGGGCTTAGAATCGCT-1	0.122977346278317	3.0127811419125	13.7628187975561
C13M_CGGTGAACATAATTGC-1	0.54368932038835	-7.67439507128199	-1.93570718395831
C13M_CGGTTATAGGAAGCTA-1	0.107874865156419	14.1752238418052	11.7871145520008
C13F_CGGTTTGAGCGCCTAA-1	0.819848975188781	16.4717328435296	0.369464213505553
A12D_CGTATTGCATAAGTTC-1	0.978425026968716	-5.27186039229691	-19.5421380390084
C13F_CGTCATTGTTAGCCAA-1	0.427184466019417	-8.2736023366622	-6.08800832682407
C13M_CGTCCTAGTTATCCTA-1	0.157497303128371	-7.08970036356341	3.9820181551997
C13M_CGTGACATCTATGACA-1	0.0798274002157497	7.61688833519408	-15.9266084930685
C13F_CGTGAGGAGGGCCATC-1	0.35814455231931	5.7330858079065	8.47542113957269
C13M_CGTGCTTTCCTAGTTT-1	0.0711974110032362	3.17638308368869	-8.53406352726261
A12D_CGTTATTTCGCCTGTT-1	0.26537216828479	4.19515718721744	6.98204697718669
C13F_CTAACCACATAAGTCT-1	0.227615965480043	-11.7236740408688	26.2225770576959
A12D_CTAAGGTTCACCAATA-1	0.0744336569579288	13.4486343631829	-15.4258854278785
A12D_CTACAACAGCATGGTT-1	0.13915857605178	1.37661573633289	-18.9797521897654
C13F_CTACAACAGGTTAGCT-1	0.902912621359223	5.69612800887526	0.988515252896414
C13M_CTACAACAGTTCCCAC-1	0.359223300970874	-8.84020644956186	-8.36551844201573
A12D_CTACCTCAGTGAACCT-1	0.101402373247033	-12.406607991021	-6.60932084419733
C13F_CTAGATTCACAATGCC-1	0.981661272923409	-9.31104080101482	-17.36664222057
A12D_CTAGCTTGTGGAGCAA-1	0.290183387270766	22.8674194750443	6.99270874179024
A12D_CTATAACCATAGCGGA-1	0.182308522114347	16.0043039379719	-17.8911976003116
C13F_CTATGAGGTGATTACG-1	0.490830636461704	2.95495352636793	-9.75698013027294
C13M_CTATGAGGTTGAGGTC-1	0.546925566343042	12.3028572525872	6.41443294754995
A12D_CTATGTTTCACTAGGT-1	0.0161812297734628	1.67030111045617	-16.314877729584
C13F_CTATGTTTCTTAAGTG-1	0.159654800431499	-5.15103527416982	-6.34725597304047
A12D_CTATGTTTCTTTAGGA-1	0.992448759439051	-9.0994790079887	-18.2421415276619
C13F_CTCATTGTCATTGCAA-1	0.24487594390507	20.7377399796978	1.14112663188729
C13F_CTCATTTAGACTCGCA-1	0.800431499460626	-4.32818749677337	-2.64615477782927
A12D_CTCATTTAGGTTTACA-1	0.0733549083063646	3.56308944967278	-23.8002277249479
C13F_CTCCCTGAGTGAGCAA-1	0.963322545846818	-15.595759411734	4.23949482450074
A12D_CTCCGTCCAAGTCGCT-1	0.267529665587918	2.03228348318191	14.8216141117281
C13M_CTCTAAGCAGAGGGAG-1	0.963322545846818	-10.1564811517534	-20.4536335704878
C13F_CTCTAGCTCAAGCCTG-1	0.352750809061489	-16.0010339571617	9.06773645405246
C13M_CTCTAGCTCCTTTACG-1	0.803667745415318	4.80204581734729	-0.63678821150167
A12D_CTCTGTTCAATTGAAG-1	0	2.64402650568404	-19.934046848884
A12D_CTGACCAAGGAAGCTA-1	0.272923408845739	21.1854434868245	-14.8611213007815
A12D_CTGCTATGTAAATTGC-1	0.885652642934196	16.2643502066419	-4.53770601253003
A12D_CTGGCTAAGGCGGATG-1	0.954692556634304	-8.57321818938033	-16.1001021821228
A12D_CTGGTAAGTAATTAGC-1	0.248112189859763	-10.5696797147027	8.33264949151583
A12D_CTGGTAAGTCAATACG-1	0.308522114347357	-14.5133307662791	17.2368625484976
C13F_CTGGTAAGTGTGCACG-1	0.208198489751888	-11.5357164623738	26.649947788157
C13M_CTGGTTACAGGCCAAA-1	0.457389428263215	-11.2831734350593	-5.4209661446014
A12D_CTGGTTTGTCTAGCTT-1	0.651564185544768	-0.512273964416256	-4.32127223254485
A12D_CTGTAACAGTATTGGC-1	0.736785329018339	-4.30393544126092	6.20187896231116
A12D_CTGTATTTCGAGCAAA-1	0.715210355987055	9.07638242459056	-0.201436293294009
C13M_CTGTTAAAGGACCGCT-1	0.0776699029126214	-10.4668222975777	-6.08291485177913
C13M_CTGTTTAGTCAAGTGC-1	0.56957928802589	13.9437108908994	-0.656670073933852
A12D_CTTAAGGGTCCTAAGA-1	0.297734627831715	8.21302372681679	-17.6573933129647
A12D_CTTACCGGTAATTAGC-1	0.00431499460625674	3.10633420846097	-20.6863122623096
C13M_CTTATGTTCCAAGTTA-1	0.224379719525351	-18.0449150445658	6.15627298142914
C13F_CTTCAATTCCTCCATA-1	0.513484358144552	10.490039987809	-11.8164951585456
C13M_CTTCAGGAGTTATCTC-1	0.990291262135922	-3.51090418021033	-20.3470790307197
C13M_CTTCATCCATCCAGGT-1	0.372168284789644	-11.5547428888502	3.20845456100859
A12D_CTTGCTCAGACTATTG-1	0.130528586839266	-2.50226344095599	0.512850919291546
A12D_CTTGTAAAGCAATAGG-1	0.335490830636462	16.4810567808911	-14.291093769653
A12D_CTTTCTTGTTCACCAT-1	0.285868392664509	-10.6314571228968	-2.97656445345829
C13M_CTTTGAGCATTGTTGG-1	0.694714131607336	-4.2624555923563	16.4341096347308
C13F_GAACCAGCAAACTAAG-1	0.182308522114347	-13.4746612957455	11.769290878499
A12D_GAACCAGCATGTTGGC-1	0.160733549083064	18.1606999223203	5.56996379144057
C13M_GAACCGCTCCCTGACT-1	0.0399137001078749	2.62698296918767	-15.3494421675315
C13F_GAACCTTAGTACCGCA-1	0.0334412081984898	8.22443335146315	-19.2901159146379
C13M_GAACGAATCCTGCGAA-1	0.403451995685005	-5.44806809614283	25.5418586287905
A12D_GAACTTATCGGCTAGC-1	0.161812297734628	0.257097028820478	-13.8832854345641
C13M_GAAGTAAGTTCCATTA-1	0.058252427184466	-16.4314319540367	-2.27157850337554
C13F_GAAGTATAGGTGAGAC-1	0.937432578209277	-6.05305718188772	-22.7273118196428
C13M_GACATTATCAGCAAAG-1	0.419633225458468	-7.90894183525132	25.7638489492793
A12D_GACATTATCCTAATTC-1	0.144552319309601	-1.89929161218846	19.6678800603182
A12D_GACCTGATCATGCTTT-1	0.306364617044229	4.31609174291551	7.71091149723476
A12D_GACTCACCAAAGCTAA-1	0.487594390507012	-10.2378970657962	14.8153236038153
A12D_GAGAAACGTTCGGTAA-1	0.202804746494067	0.896890846155564	-11.9146797483385
C13F_GAGAACCAGCCACAAT-1	0.818770226537217	10.5507474334444	0.654333822141923
C13F_GAGCCACTCACAGCCA-1	0.70873786407767	-3.6939519928299	5.57083992145999
C13M_GAGCCTTCAAAGCGGC-1	0.539374325782093	-9.87853279619396	11.7864307228167
A12D_GAGCGATAGCTAAAGG-1	0.461704422869471	1.15718659410046	18.9614516019856
C13M_GAGCTTGTCCCATAGG-1	0.459546925566343	-3.76232191670543	13.3434558061736
A12D_GAGGCTTGTAGGATCC-1	0.934196332254585	-4.33099061121097	-16.2960269388483
A12D_GAGGGAGCAAACATAG-1	0.911542610571737	-3.67987633183061	-14.2346046410118
A12D_GAGGGAGCACACAATT-1	0.97411003236246	-6.36970051984227	-16.9268405664053
C13M_GAGGTACAGCTCATAA-1	0.322545846817691	16.3998802835316	10.5168223929005
C13M_GAGGTACAGGATGATG-1	0.617044228694714	18.8407971896477	-7.86730099894468
A12D_GAGGTAGGTCATCATC-1	0.155339805825243	5.8163452914996	-19.7091339590305
C13F_GAGGTAGGTCGTTACT-1	0.222222222222222	-19.0877979176819	12.3975979371434
A12D_GAGTAATAGGTCCTGA-1	0.584681769147789	-8.82622365050373	-1.50025344109604
C13M_GAGTATCTCGCTAAGT-1	0.377562028047465	-12.1136116737447	21.3443242147495
C13F_GAGTGTTTCAGCACCA-1	0.989212513484358	-4.12350523645397	-16.5273407036872
A12D_GAGTTGCGTACGGTAC-1	0.939590075512406	2.78785875227063	-2.38772365725273
C13F_GAGTTTGGTAGTAAGA-1	0.718446601941748	10.2885837342152	-5.57484598113991
A12D_GAGTTTGGTCGTTATC-1	0.883495145631068	7.30168085414386	-2.73592243745094
A12D_GATCACTAGGATGATG-1	0.213592233009709	23.2118381333471	3.62144249858922
C13F_GATCCGTCAAACCTAT-1	0.0841423948220065	-7.55316443948867	27.7459394223986
C13F_GATCGAGCAAACGCGA-1	0.910463861920173	4.61418746563108	-3.62162329549332
A12D_GATGCGACAGAGGGAG-1	0.843581445523193	8.78523347602711	-0.305429330084132
A12D_GATGGACAGGATGATG-1	0.772384034519957	12.6717336563656	0.533259588733728
C13F_GATGGCTGTCTTACTA-1	0.0377562028047465	-17.3875971764093	-0.91577897507157
A12D_GATTACGGTAATCGGC-1	0.70873786407767	16.8306715634849	3.64237493357173
A12D_GATTCAATCAGGATGA-1	0.317152103559871	-1.65375407322002	-2.4931440512695
C13F_GCAACAGCAGCTTAAT-1	0.38403451995685	8.18379329353883	-21.9797217750737
C13F_GCAAGTGCATTAAAGG-1	0.482200647249191	-15.5250129618334	12.5852223930167
A12D_GCAATGTTCGCTAGAT-1	0.604099244875944	2.68306916704568	13.9356624289028
A12D_GCACATTAGATAACCC-1	0.7680690399137	17.2256472507529	0.852567351098837
A12D_GCACGGTTCAAAGGCA-1	0.819848975188781	18.3740840005539	2.14636840980926
A12D_GCACGGTTCATGAAGG-1	0.00107874865156419	3.19811469387003	-20.03373609631
C13F_GCACGGTTCATGTTTC-1	0.210355987055016	10.5669335036984	17.8898822779173
C13F_GCAGGAAGTCTTACTA-1	0.399137001078749	-9.7366794004565	24.4698011373113
C13F_GCAGGACCAATGAAGC-1	0.37108953613808	-17.45965091699	16.1152496905345
A12D_GCAGGCTTCAGAAACG-1	0.181229773462783	2.60610421109596	-18.5478417420597
A12D_GCAGGTGAGGTACCGC-1	0.559870550161812	-9.67397694819398	-0.823731162939706
A12D_GCATATATCACGCGGT-1	0.295577130528587	15.8474254195218	-14.1608071416478
A12D_GCATATATCATAAGCC-1	0.270765911542611	-13.3329509921362	1.26207203527293
C13F_GCATGAAAGCGAGCGA-1	0.880258899676375	6.5345628413604	3.41360923332933
A12D_GCATGAAAGGCGCTTA-1	0.075512405609493	-19.6225686677195	1.38135673381405
C13M_GCATGAGCACCTCACC-1	0.444444444444444	10.5121024904298	-22.7635645947435
A12D_GCATTAGGTCATAAGT-1	0.539374325782093	-7.0602728307266	-16.211489451222
C13F_GCCACACAGTTGTCTT-1	0.394822006472492	-10.2391014833012	19.2860003907841
C13M_GCCAGGAAGCTTACTT-1	0.720604099244876	8.78568793833659	8.31791129111456
C13M_GCCATGATCTAATCTC-1	0.0701186623516721	5.12891702318317	-15.9378666889579
C13M_GCCATTACACTTGTTC-1	0.574973031283711	-10.3135343890924	14.2424364500076
C13F_GCCCATAAGGGACGCA-1	0.406688241639698	13.1919366957897	5.46499749796186
C13M_GCCTATTGTGACCTGG-1	0.451995685005394	-10.2557258856296	19.0382063831119
C13M_GCCTATTGTTAAGCGC-1	0.939590075512406	-5.63008907641929	-14.8659959862284
C13M_GCCTGACAGTGTGATC-1	0.414239482200647	-6.90126847315536	-5.26498234054036
A12D_GCCTGAGGTTATCCTA-1	0.25782092772384	-2.05136445833196	12.0289374160939
A12D_GCCTTAACAAAGCTCC-1	0.087378640776699	7.34784742374423	-16.3153187158435
C13M_GCGAAGTAGGACCGCT-1	0.113268608414239	-14.5293789243758	-2.82467926792879
C13M_GCGATATTCTAAGTGC-1	0.359223300970874	-10.2481480026921	21.3370147472517
A12D_GCGGTTATCAGGTCCA-1	0.633225458468177	-11.6156959823926	15.8711246389078
A12D_GCGGTTATCATTAGTG-1	0.460625674217907	9.51329583809852	-22.452261685318
A12D_GCGGTTATCTGTGCAG-1	0.434735706580367	-0.153165010243209	-11.400790860516
C13F_GCGTGCTAGCCTAACG-1	0.112189859762675	-12.8140354301251	25.8774474761177
A12D_GCTAACAGTAACCACA-1	0.681769147788565	1.72055045624158	-6.59908963298615
C13F_GCTAACCCATCAGTAT-1	0.336569579288026	7.46150623713883	19.0858806536989
A12D_GCTAATATCGTTAGCG-1	0.983818770226537	-8.04354183858842	-21.0672814951013
C13M_GCTAGCGGTTAGCCAA-1	0.516720604099245	-16.4373656002689	15.8542467259982
A12D_GCTATCCTCGGTTCCT-1	0.138079827400216	4.02965986436226	-15.7779357084486
C13F_GCTATTGCAAGCCAGA-1	0.295577130528587	14.8368924634822	-17.8696814137687
C13M_GCTCAACCAAAGCTCC-1	0.90722761596548	7.19767211380762	-6.93937679315915
C13M_GCTCACAAGGTCGAGG-1	0.00323624595469256	13.5704923935237	-22.765096389205
A12D_GCTCCTTAGTAATCCA-1	0.867313915857605	6.59293468467678	-6.74911438145333
A12D_GCTCTGGCAATCCTAG-1	0.466019417475728	1.21372754771426	14.63111204606
A12D_GCTCTGGCATCCGTAA-1	0.15210355987055	20.5088532025318	2.20822719292125
C13M_GCTCTGTTCGCAGGCT-1	0.711974110032362	5.75262606193881	-6.97264563780252
C13F_GCTGACCAGGGACTAA-1	0.70873786407767	4.87547782856574	-9.36541305807569
C13F_GCTGACCAGTAAGTGG-1	0.0819848975188781	-14.7550214853158	-2.83240981036744
C13M_GCTGACCAGTCCTTCA-1	0.253505933117584	8.5063636510271	19.928095638369
A12D_GCTGGTTCACGCAACT-1	0.227615965480043	12.4268755552774	8.34031350734512
A12D_GCTGTAAGTCACACCC-1	0.441208198489752	-0.990402664064962	12.5593381570989
A12D_GCTGTACCAGGACCAA-1	0.112189859762675	-7.8369058617563	2.26852873542602
A12D_GCTGTACCATTGTCCT-1	0.00970873786407767	-12.0817352170131	-6.83022342037231
A12D_GCTGTGATCTTGTTCG-1	0.0776699029126214	-13.3635769203778	-6.12479682984032
C13F_GCTTACCTCAATGTCA-1	0.259978425026969	-7.06320722089267	25.7826580990711
A12D_GCTTAGTAGCTTAGTA-1	0.656957928802589	8.62622365326797	3.07900773671865
A12D_GCTTGTTGTAACTACG-1	0.637540453074434	-5.31454970936734	-0.445218773260222
C13F_GCTTTACGTCCTTTAA-1	0.678532901833873	11.0141685421441	-5.89895353441687
A12D_GGAAACTCACATAACT-1	0.494066882416397	-4.49183274325637	14.9816919802553
C13F_GGAACAATCCACCTTA-1	0.702265372168285	-8.12515542316838	-0.540607598730503
C13M_GGAACCACAAACCCTA-1	0.104638619201726	3.7774984387474	-17.5247071189946
C13F_GGACCTCAGTAACCCG-1	0.858683926645092	5.13369896403135	-0.10655177564461
A12D_GGACGGATCAAACACC-1	0.716289104638619	-6.77638793894662	13.6650402630857
A12D_GGAGCAAGTGATGGCT-1	0.648327939590076	12.3712800652233	6.21223955310195
A12D_GGAGCGATCCGCAAGC-1	0.606256742179072	-8.76427053121647	6.96821862961401
A12D_GGAGGTTAGATTCCTT-1	0.811218985976268	7.25598337629772	3.61087758373519
A12D_GGAGGTTAGGACTTAC-1	0.829557713052859	3.13081709955571	3.82775700649052
A12D_GGAGTCTGTGCTAGAC-1	0.0345199568500539	6.55873723506024	-17.5319496434546
C13F_GGATTCAGTCAAAGGG-1	0.674217907227616	-6.0547252930226	8.92327220877258
C13M_GGATTCAGTGTTTGTC-1	0.355987055016181	-4.95743851846465	-0.600959216048629
A12D_GGATTGCGTTCAAGCA-1	0.270765911542611	-0.590188922206894	0.00842205412416084
C13M_GGCAAATCAGTAATAG-1	0.6957928802589	9.22616502523669	-9.94279822316008
A12D_GGCAAGCCATCAATCG-1	0.0841423948220065	-19.4133167575164	1.1776255514808
A12D_GGCAAGCCATTGTCCT-1	0.669902912621359	15.4610312554949	-0.436786094534507
A12D_GGCCATCAGGCCAATT-1	0.704422869471413	3.97797927444507	-9.79150254475284
A12D_GGCCGTTAGGACCTCA-1	0.848975188781014	5.53215603431239	-5.43559853580406
C13F_GGCCTAATCCAAGTGT-1	0.309600862998921	-7.35390108239924	24.193233965137
A12D_GGCCTCTGTTTCAGGA-1	0.029126213592233	2.54187868355668	-21.2180008449956
A12D_GGCGATACAGAGGGAG-1	0.581445523193096	9.68765234986821	8.92162286726744
A12D_GGCGATACATTGCAGC-1	0.203883495145631	-7.14359004247901	-9.36929876215607
C13F_GGCTATGTCAAACACC-1	0.984897518878101	-8.46393759318842	-16.7934537139173
C13M_GGCTATGTCATAGCCG-1	0.00970873786407767	-14.7856218742208	-7.74929158940145
A12D_GGCTCACAGTTACCGG-1	0.380798274002157	4.25455314535694	16.4003456379038
C13F_GGCTGAGAGCGAAGTA-1	0.760517799352751	-7.45936517825297	16.5791339730042
C13F_GGCTTAAGTTGCGGAT-1	0.00215749730312837	5.3138260206559	-19.5154319599518
C13F_GGGCCTAGTGATTACG-1	0.223300970873786	9.6322589346188	17.4383452797804
C13M_GGGTCACTCACGAATC-1	0.854368932038835	12.8229733698713	5.11952944606294
A12D_GGGTCACTCATCACTT-1	0.230852211434736	-4.45731373655857	-2.81890750814474
C13F_GGGTGTTGTCATGAGC-1	0.389428263214671	18.7925647307159	2.5341690825519
C13F_GGGTTACGTTAACAGT-1	0.503775620280475	17.080602034458	0.32920442732981
C13M_GGTAACCGTACCGGAT-1	0.763754045307443	-7.46224689861729	15.1624450843799
A12D_GGTAACTTCTTGATGA-1	0.997842502696872	-6.2803531180242	-19.952249421938
C13M_GGTAATTGTTTGCTGT-1	0.798274002157497	8.89559911550226	-5.20651973325321
C13F_GGTACTTAGGCAACAA-1	0.865156418554477	6.9763855814421	-0.187473229017573
A12D_GGTAGGAGTATTGAGT-1	0.128371089536138	16.9082855732185	-18.8276980852331
A12D_GGTATTTCAAGGGTTG-1	0.200647249190939	-20.175573534972	6.14302621768516
C13M_GGTATTTCACAACAGG-1	0.295577130528587	-16.3091291455844	16.174782328028
C13F_GGTCAAGCAAAGGTAC-1	0.803667745415318	8.95759884293527	1.11849418684868
C13F_GGTCATTAGGGCTTAT-1	0.473570658036677	-6.97101768692539	25.4778631403787
C13M_GGTCTTTGTAATGACT-1	0.141316073354908	2.49544335913179	-17.5972043422839
C13F_GGTGAGCCACGGTACT-1	0.941747572815534	5.30680122916233	2.52702847312454
C13M_GGTGAGGTCCCGTTGT-1	0.280474649406688	8.91187798835095	-23.4905880604572
C13F_GGTGTGACAACTAACT-1	0.0409924487594391	-3.31288459813987	-12.560992229108
C13M_GGTTAGCGTCACTCGC-1	0.623516720604099	-13.6116914802956	4.06020582625687
C13F_GGTTGACGTCCTTTAA-1	0.537216828478964	-15.2962477974111	16.891690109739
C13F_GGTTGCATCAGCATTA-1	0.0215749730312837	-11.5713693121192	19.074020176157
C13F_GGTTGCTCAGCACGAA-1	0.40453074433657	4.37386124154449	-9.46548274509489
A12D_GGTTTCCTCAAACCTA-1	0.131607335490831	-10.9899357639039	10.7612049337433
C13F_GGTTTCCTCACCTGTC-1	0.380798274002157	-7.7122176916023	23.5429195612667
C13F_GGTTTCTGTTGTTGTC-1	0.8403451995685	6.44356761163582	-1.60072609291964
A12D_GTAAGCGCAACCCTCC-1	0.533980582524272	14.3844844903109	-12.2597239756239
A12D_GTAAGCTTCGTCATTT-1	0.68284789644013	-7.36734142189803	-21.7667478400661
A12D_GTAATAGCAGAACCGA-1	0.121898597626753	-20.7415811144145	-3.69309347530867
C13F_GTACTGGTCAGCACGC-1	0.0614886731391586	11.7560966989717	18.1800878267903
A12D_GTACTTCGTGCTAGAC-1	0.361380798274002	11.6251890855761	-7.22980422180023
A12D_GTACTTCGTGCTAGCG-1	0.229773462783172	-10.1857122914088	13.4778604589837
C13F_GTAGCCATCGCTTGCT-1	0.634304207119741	10.9596109185168	-9.57490847387546
C13M_GTAGGAGGTTTATGGG-1	0.425026968716289	-13.1519176790231	24.4979619641463
A12D_GTAGGTGCATTGCGAC-1	0.0312837108953614	15.7318635169006	-19.9426429825589
C13F_GTATTGATCATCCTCA-1	0.775620280474649	11.2060903279765	1.64932939028913
C13M_GTATTGCAGACTAAGG-1	0.179072276159655	11.9929908808275	-27.0243236671638
A12D_GTATTGCAGCACGTTG-1	0.509169363538296	-7.5891073543102	9.55084260057867
A12D_GTATTGCAGCTCAATA-1	0.665587918015103	-0.510190134585234	12.8389800878039
C13F_GTATTGTCAATTGAAG-1	0.170442286947141	7.03856707923173	8.70189253048707
C13M_GTCAATATCAAACCGT-1	0.613807982740022	-9.72620152530384	9.41981140054789
C13F_GTCATCCTCCCTCAGT-1	0.677454153182309	-7.36540343512736	16.0766930761372
A12D_GTCATGAGTGGGAACA-1	0.472491909385113	-9.7042683982421	0.8944197871736
A12D_GTCGAGGAGTATTGTG-1	0.59007551240561	-11.8308757792234	-15.9286840825907
A12D_GTCGCAATCGAGGTGG-1	0.960086299892125	-8.54430014461831	-19.4569172042585
C13M_GTCGGTTCAACAGGAT-1	0.238403451995685	2.3612672158311	-21.378956795826
C13M_GTCTAACAGACCATAC-1	0.381877022653722	-16.8515706906434	8.64072588634981
A12D_GTCTAATCATAATGTC-1	0.0302049622437972	-17.5295382055603	-0.868129433809369
C13F_GTCTTGCTCCACCTGT-1	0.386192017259978	-13.4123708039589	22.9219662714544
C13F_GTCTTGCTCTCACACC-1	0.00323624595469256	4.98727179624195	-21.7606402414799
C13M_GTGAATCTCATGAGCT-1	0.511326860841424	-8.83961759887187	24.0719886550223
C13M_GTGCAAGCACCTCACC-1	0.3042071197411	-13.446814044889	-5.12365422069474
C13F_GTGCACGGTTAAGGCC-1	0.225458468176915	-12.5571333732751	25.9864625134174
C13F_GTGCGCAGTACCCACC-1	0.00107874865156419	-5.35007320756762	-12.815831257043
A12D_GTGGATGCACCCACCT-1	0.27831715210356	0.0918355483679048	20.7949704176728
A12D_GTGGATGCAGGTATTT-1	0.192017259978425	10.4893628504796	15.6883905297114
C13M_GTGGCTTCAAAGGCCA-1	0.402373247033441	8.82802064751015	-18.3174284122253
C13F_GTGGCTTCAAGGATTA-1	0.579288025889968	-0.836422933770504	8.90145672222886
C13F_GTGGTTAGTAGCTAGC-1	0.524271844660194	8.37635215340633	18.435780106095
C13F_GTGTGAGCAGAAACGT-1	0.44336569579288	-17.1565223108763	15.3003412558647
A12D_GTGTTCCTCGCCTGTT-1	0.81445523193096	9.09283107384773	-0.219103827304965
A12D_GTGTTCCTCGTTTCTG-1	0.32470334412082	-11.4947974576551	3.12305624861632
A12D_GTTAAACGTGTGAGAG-1	0.843581445523193	7.10650590751378	-13.878837572952
C13M_GTTAACGGTTCGCGCT-1	0.361380798274002	-17.7275936843474	16.0973960130684
A12D_GTTAACGGTTGGTTGA-1	0.571736785329018	-8.84581223653316	10.8993005664167
C13M_GTTAAGCTCTTAATGG-1	0.431499460625674	18.5326516374739	-7.63377506255264
A12D_GTTAATGTCTCAATTC-1	0.640776699029126	-7.2585416662892	10.4506124370834
C13M_GTTAATGTCTGTAAGC-1	0.9277238403452	1.55470207934063	-13.807082539171
A12D_GTTACGCCACAACAAA-1	0.67529665587918	7.10768054782196	13.3512217486045
C13M_GTTACTCGTGCTCCGT-1	0.806903991370011	9.06438803896151	0.494095509429836
C13F_GTTCATTTCACCATTT-1	0.258899676375405	16.467616528407	-3.92670987764461
C13M_GTTCATTTCGCTAGCA-1	0.51024811218986	14.5063401534101	-12.9430188686166
C13F_GTTCATTTCTAAGGAG-1	0.975188781014024	-10.7228908967786	-16.0840324653294
C13F_GTTCGCGCAGCCTAAC-1	0.0765911542610572	7.91244563146847	11.9104911762678
A12D_GTTCGCGCATACCCGG-1	0.210355987055016	20.4360454783713	8.5101833548061
C13M_GTTGCATAGGGCTTAT-1	0.757281553398058	3.33594895239148	-8.39380216642984
C13M_GTTGCGGGTGGAAACG-1	0.761596548004315	-9.06121706841097	-0.251625516502179
C13F_GTTGTTGCACATACTG-1	0.376483279395901	-17.6256900327308	-21.6877994736492
C13M_GTTTAACCAGAAATGC-1	0.889967637540453	7.27665846906936	-4.71719404166486
A12D_GTTTAGCAGGTCCTGA-1	0.609492988133765	-8.50172884929302	6.62150782248791
A12D_GTTTCTAGTGGTGAGA-1	0.90722761596548	6.09815363396146	-4.5786592450585
C13M_GTTTCTAGTGTCCTGC-1	0.509169363538296	-10.9684791917439	2.03568590634862
C13F_GTTTCTAGTTCATTTG-1	0.568500539374326	15.1046961307412	0.272124342486841
C13F_GTTTCTAGTTTATTCG-1	0.149946062567422	10.3381133770783	17.2501186190208
C13M_GTTTGCTGTGCTGTAA-1	0.841423948220065	5.0166467578883	-2.96871523557898
C13M_TAAACAGCACTAGCGT-1	0.676375404530744	-2.07926760460808	9.47242818473637
A12D_TAAACAGCAGCTTACA-1	0.203883495145631	13.5228061213579	-15.1875746192193
A12D_TAAGCTATCGCCTGTT-1	0.173678532901834	-8.88588345507516	-4.55658748202733
C13F_TAATGGACACGTAATT-1	0.204962243797195	9.73061863576997	16.7869492141817
C13M_TAATGGACACTAGCGT-1	0.420711974110032	-18.1911542841183	16.277964248856
C13M_TAATGGACAGTAGCCT-1	0.879180151024811	7.65019708892701	-4.35475301790349
C13F_TACAGGTTCTCCTCAA-1	0.982740021574973	-4.75921766700951	-19.952659128191
A12D_TACCTGCTCAGTATTG-1	0.842502696871629	5.80284362514128	-0.852719508306269
A12D_TACGCACCATAGCGGA-1	0.184466019417476	-19.6291040225603	1.63205008636137
A12D_TACGGTTAGGACACTT-1	0.544768069039914	-8.60436992261475	-6.31829409772481
A12D_TACGTAATCGCGCTAA-1	0.0496224379719525	11.3981254501014	-22.8871204973111
C13M_TACGTACAGCTAAAGG-1	0.471413160733549	-10.3764972815043	21.7349514208323
A12D_TACTCGCTCCTAATGA-1	0.0334412081984898	-13.0173627724225	-3.31553168819524
C13M_TACTGACAGGCCTTAG-1	0.207119741100324	-12.467998870221	26.6636547208636
C13M_TACTGGCCACTATGGC-1	0.330097087378641	-10.2990230110728	18.761214617743
C13M_TACTTCGTCATCCACC-1	0.521035598705502	-7.80809357493511	17.4561190815264
C13M_TAGCAGGCACACCAAC-1	0.102481121898598	8.27300354349498	19.309016642532
A12D_TAGCCGGGTAATTAGC-1	0.0830636461704423	-17.5588695175704	-4.66116000689062
C13F_TAGCCTTGTTGGATCA-1	0.423948220064725	-5.85016021915835	25.5085708881398
C13F_TAGCTAGGTGTAATAC-1	0.0776699029126214	0.249426759815003	-11.8302159883771
C13F_TAGGCTGTCGTACCGA-1	0.748651564185545	-5.50877531456837	15.2195638461584
C13F_TAGGCTTAGTTCCCAC-1	0.25782092772384	-17.8838406417901	16.7031688219521
A12D_TAGTAGGAGGCCCAGT-1	0.774541531823085	12.411091559825	6.12767725015391
A12D_TAGTCAATCTCCATGC-1	0.0539374325782093	15.7112257051114	-19.5360928142953
C13M_TAGTGGCGTCAAGACC-1	0.435814455231931	-10.4309145862403	17.7182449075391
C13F_TAGTTGTCAACACTTG-1	0.857605177993528	5.15118038885001	4.45195868180208
A12D_TAGTTGTCAATATAGG-1	0.21143473570658	9.56907266724119	15.2527838822199
A12D_TATAGCTCAGGCTTGT-1	0.240560949298813	-18.0779207321036	17.058918670613
C13F_TATATCCTCAGGGCCT-1	0.296655879180151	-13.377242404895	11.8302402072893
C13F_TATCACGCAACATAAG-1	0.653721682847896	-10.3253028053608	-15.9894833266865
C13F_TATGGCCCAATCTCTC-1	0.259978425026969	-10.5584525326116	12.9669749597792
C13M_TATGGGCGTCACCTAT-1	0.47680690399137	-12.8264639709621	17.0416830489174
A12D_TATGGTCAGTGAACCT-1	0.0151024811218986	5.52079347389946	-22.3320216702428
A12D_TATGTGATCTTAAGTG-1	0.0895361380798274	-0.845883578414676	11.501109429845
A12D_TCAACAATCGGTAACT-1	0.48975188781014	-6.06967272969225	4.32576953645884
A12D_TCAAGAACAATATACC-1	0.103559870550162	3.1585874899426	18.3922245691309
A12D_TCAAGCTAGGCTGTGC-1	0.0571736785329018	-16.1071356909359	-8.92981366006361
C13M_TCACCTCAGTTATCCT-1	0.542610571736785	-20.2093638621912	13.8688001769629
A12D_TCACTGACATGAATCT-1	0.170442286947141	-4.74278097958507	-8.85549681109817
A12D_TCACTGACATTGCGAC-1	0.251348435814455	2.9696740868427	13.8596328500926
A12D_TCAGCCTTCGGGCCAT-1	0.877022653721683	5.41606514023572	-3.24044180890965
C13M_TCAGCGATCAGGTTTA-1	0.442286947141316	-7.89116655005781	25.1414645018341
C13M_TCAGGAGCACGGTTTA-1	0.745415318230852	9.97695349756565	1.9627012013619
A12D_TCAGGAGCATACCCGG-1	0.481121898597627	3.6563591722142	15.0329870710794
C13M_TCAGTGAGTCTAACAG-1	0.764832793959008	6.91524077582244	-8.72563242259768
A12D_TCATAACCAAACGGGC-1	0.125134843581446	1.18014444041928	20.2133603482924
A12D_TCATACTTCATTTAGG-1	0.190938511326861	-13.691869181444	-5.19681746367675
A12D_TCATACTTCCTAAATG-1	0.41747572815534	-0.0273843262210633	-15.500405660249
C13M_TCATGCCTCTCACACC-1	0.647249190938511	-9.512567236533	-1.58478382642286
C13F_TCCACAACACAGGGAC-1	0.538295577130529	-17.4046481476717	-21.7623497010533
C13F_TCCAGCAAGCATGGTT-1	0.594390507011866	-11.7308608341434	15.7648575194161
C13F_TCCAGGATCGTTAGTA-1	0.266450916936354	8.61759094022739	18.409021170159
A12D_TCCATAAAGGACTTAC-1	0.277238403451996	-17.1891277277423	14.4816482128917
C13F_TCCATGCTCGGGCCAT-1	0.240560949298813	-11.2754619602622	-10.6028220183638
A12D_TCCCGTTAGGCATTAC-1	0.360302049622438	3.6051595199961	-12.4795313713395
A12D_TCCCTGGTCGCAGGCT-1	0.810140237324703	6.06926751237562	-0.679343739691481
A12D_TCCCTGGTCGTTACAA-1	0.72168284789644	-4.0823305290139	6.56841746007003
C13M_TCCGGTAAGCATTTCT-1	0.789644012944984	-3.69090242209184	8.5406395476624
A12D_TCCTCAATCCCGAAGC-1	0.937432578209277	-3.00856350813151	-15.6809133441433
C13F_TCCTCACAGCACGATT-1	0.515641855447681	17.846448065063	-3.51529755452374
A12D_TCCTCTAAGGCTGTGC-1	0.00215749730312837	7.15303917071423	-25.0793287277704
C13M_TCCTTCAAGGGATGAC-1	0.357065803667745	7.91625079309859	-23.0294726964985
C13M_TCGATTAAGGCCAATT-1	0.964401294498382	-8.55866108014529	-19.205791000643
A12D_TCGCATTGTTTACTTG-1	0.216828478964401	-17.1200797134712	10.2944245107466
C13M_TCGGTTCTCGATATTG-1	0.0474649406688242	-4.84638775824519	-8.36381538906276
C13F_TCGGTTCTCTACTAAG-1	0.399137001078749	-4.1384598611229	15.5003704854048
C13M_TCTAACCGTACTTCAC-1	0.973031283710895	-10.0524762685721	-20.1230692823691
A12D_TCTCAAGCAATATGGA-1	0.490830636461704	16.899008823569	-13.4024833513028
C13F_TCTCCTCGTGTGAGAG-1	0.15210355987055	9.40533692787009	13.7858767947724
C13F_TGAACAGAGGGATGCG-1	0.316073354908306	-10.7352955943454	11.1028192342789
A12D_TGAAGTGAGCACGATT-1	0.0830636461704423	13.1603356961434	-14.2404754963156
C13F_TGACCAAGTGGTTCCC-1	0.751887810140237	9.12148101296893	1.66075310699075
A12D_TGACTCCTCTAGCTAA-1	0.750809061488673	1.43804151098893	-6.0945800862366
C13F_TGAGCCGGTTGTGATG-1	0.267529665587918	-22.155049648332	13.0374375078804
A12D_TGAGGCACAGCACGAA-1	0.0809061488673139	-18.7723182387938	14.9597678481556
C13M_TGAGGTGCAAACCTTG-1	0.673139158576052	-7.45454193682302	13.8836245353758
C13F_TGAGTGAAGTTTGGTA-1	0.401294498381877	-6.12901918832944	19.7432862750229
C13F_TGATCGAGTTTCGCGC-1	0.406688241639698	-10.1505435998258	21.2576845418299
A12D_TGATGACTCAGGATGA-1	0.674217907227616	-1.97447881353115	8.50208594433098
C13F_TGATTAGTCTAACCTT-1	0.236245954692557	-18.6313742858587	22.5643554322154
A12D_TGATTCAAGCGAAGTA-1	0.166127292340885	0.73937913279089	20.2444663368828
A12D_TGCATCCTCGGGACCT-1	0.467098166127292	-0.309824200324979	13.8917537047004
C13F_TGCATTAAGATTGAGG-1	0.90722761596548	15.2685583213331	0.75523816523387
C13M_TGCATTAAGGAGGCAT-1	0.226537216828479	8.44468790111831	15.8996132009636
C13F_TGCCGGTAGTTGCGTG-1	0.017259978425027	9.96857004432095	10.635770762487
A12D_TGCGATTAGTGAGCAA-1	0.21898597626753	2.27518477150704	-8.66992801148893
A12D_TGCGCGAGTGTGCACG-1	0.983818770226537	-8.37229692456048	-18.6688773130543
A12D_TGCGGTTCAGCAAGGC-1	0.300970873786408	-11.2202053335741	-0.640791955898142
C13M_TGCTCAACAAGGGTTG-1	0.62891046386192	-5.0219666320848	2.26508526747484
C13F_TGCTGGATCCGCATGA-1	0.209277238403452	-17.2557672625515	21.8864531315715
C13F_TGCTGGATCGGTTACG-1	0.449838187702265	9.40050616576254	20.9047683966627
A12D_TGCTGGATCTACTAAG-1	0.686084142394822	-10.456716342576	3.90157858991218
C13F_TGCTTCCAGTCGCAAT-1	0.154261057173679	-19.1461266806128	7.68178735929876
C13M_TGCTTGCTCACTCGCT-1	0.799352750809062	16.2274273511668	-4.42708190791267
C13F_TGCTTTAGTATTGAGT-1	0.335490830636462	19.9550259788137	1.95093760838328
A12D_TGCTTTAGTGCTGTAA-1	0.951456310679612	-4.23642683658144	-13.0633682290193
A12D_TGCTTTAGTTTAACGG-1	0.29126213592233	10.4462806710329	12.0409898348753
C13F_TGGAACAAGGGCCACT-1	0.132686084142395	3.66188162388982	-12.1894642560474
C13M_TGGACGGAGCATGTCG-1	0.321467098166127	-13.1195929016815	18.8047226720279
C13F_TGGACTAGTATTGTGG-1	0.264293419633225	-14.6659581269414	19.4628735218127
A12D_TGGATTCAGGTGTCCA-1	0.427184466019417	0.929085608248128	19.9902160678795
C13F_TGGCTAAGTTATGTGG-1	0.973031283710895	-8.97932553145579	-20.2836730634884
C13F_TGGCTATAGTAACGGA-1	0.0280474649406688	-10.2326053505816	-20.215206319564
C13F_TGGGCATGTTTGTTGC-1	0.188781014023732	-15.2931918758595	4.44421580867017
C13M_TGGTCAAGTTGCGGAT-1	0.629989212513484	-14.1187932594644	7.02644420228207
A12D_TGGTCAGTCTACTAAG-1	0.206040992448759	-14.3711023732506	-14.272280636911
C13M_TGGTTCTGTCCTCCAA-1	0.52319309600863	-0.418267445052271	1.52084598261577
C13M_TGGTTGAGTTAGCTGA-1	0.251348435814455	-4.07492236843949	3.26500829253644
C13F_TGTAAGCTCAGGCTAT-1	0.104638619201726	-20.7099765499565	-3.81378209703241
A12D_TGTCCTTCAGCCAGAA-1	0.063646170442287	-19.8639966069907	15.8767707329844
A12D_TGTGAAACACCTGGTG-1	0.687162891046386	-10.1050744966145	13.6710673189111
C13F_TGTGCGCAGGGTTATC-1	0.965480043149946	-3.55974908186274	-20.6090731151583
C13M_TGTGCTGAGGTTTGAC-1	0.29126213592233	-0.0871620663382483	17.4211457004923
A12D_TGTGGAGCATAATCGT-1	0.0938511326860841	4.8271470057765	15.7425443105644
C13M_TGTGTTAAGTTATCCT-1	0.214670981661273	-10.7189401347373	18.3632104191989
C13M_TGTTAGCAGGCATGTT-1	0	5.29953817139194	-22.4024403129809
A12D_TGTTAGCAGTCACGAT-1	0.597626752966559	-7.6861785711573	13.5123180141042
C13F_TGTTCATTCGTTTCTG-1	0.906148867313916	3.97992215782283	-0.794762095856211
C13F_TTAACCAAGAAGGTGC-1	0.885652642934196	6.67118981801765	2.44137546779189
A12D_TTAACCAAGTTGTCAA-1	0.250269687162891	0.663754418262921	-9.74662173318512
A12D_TTACGTTTCAGCAAGA-1	0.4638619201726	-16.007549015534	15.2620768605606
A12D_TTACGTTTCCGTAAAC-1	0.661272923408846	-7.57187612337743	17.7535942751257
A12D_TTAGACTCAATAACCT-1	0.0981661272923409	-7.27609205458597	-11.5351172346836
A12D_TTAGACTCACTATGGC-1	0.0625674217907228	11.2886931281499	-27.7961778565078
C13M_TTAGCAATCTTGTTCG-1	0.521035598705502	14.8128039556953	-10.7334414000739
C13M_TTAGCGGTCTCATCAT-1	0.169363538295577	-14.7412419721727	20.6769760154618
A12D_TTAGGCGTCCTAACGG-1	0.944983818770227	-5.68339716909558	-14.4878997024433
C13F_TTAGGCGTCGCCTAAG-1	0.4638619201726	-12.0524035820007	23.2561985936174
A12D_TTATCCGTCAGCCAAT-1	0.300970873786408	-15.0532638356242	-1.22137179247356
A12D_TTATCCGTCCTAATGA-1	0.160733549083064	-5.19238088312815	17.1867033417998
C13M_TTATCCTAGCTATTGA-1	0.213592233009709	16.9695165760224	-5.63405476186526
C13M_TTCATTCAGTAAGGGC-1	0.146709816612729	8.59869750219032	-23.1405787963631
C13M_TTCCTTCTCAATTGGC-1	0.471413160733549	-8.70477159780455	3.76605203208351
C13M_TTCCTTGAGCAGCTAT-1	0.965480043149946	-5.92355249105968	-19.9321601466658
A12D_TTCGTGCTCATAGCCG-1	0.255663430420712	0.400289422735048	14.7660661819562
A12D_TTCTTAGGTGGACATC-1	0.412081984897519	-16.0912722607058	6.78771808826495
A12D_TTGCCCGTCACAGCCA-1	0.593311758360302	-9.7990147417425	11.5013716401935
C13M_TTGCTTTAGTTCCCGT-1	0.486515641855448	-10.4713069795611	17.5440130052193
A12D_TTGGGTTAGGAAACTG-1	0.127292340884574	-17.2324538280751	22.3721891898542
C13F_TTGTCAAAGTTTAACG-1	0.193096008629989	-21.9938979829062	13.0861148657459
A12D_TTGTCCGGTGCAACTA-1	0.142394822006472	10.6711423152075	-17.9038427818958
A12D_TTGTGCCTCATGCGTG-1	0.955771305285868	-7.95339658870115	-20.7772267619734
A12D_TTGTTCCCACAGAAAC-1	0.0075512405609493	3.47091159739012	-20.1517405917886
A12D_TTGTTGCGTACGATTG-1	0.104638619201726	-3.13677155965865	-2.8073066720883
C13M_TTGTTGCGTGATGATT-1	0.303128371089536	-13.5465003479616	19.5343837843416
C13F_TTTAACCTCACTAATG-1	0.422869471413161	23.1219946935261	0.0821097001732237
A12D_TTTAACCTCCCTCACG-1	0.504854368932039	1.55289980512466	13.4548829271309
C13F_TTTAACCTCGAGCAAA-1	0.0194174757281553	9.12030727273859	16.4771819591202
A12D_TTTAAGCCAAACATAG-1	0.158576051779935	-21.3799169612124	16.1942756380852
C13F_TTTAAGCCACAATGCC-1	0.642934196332255	-18.0316251056428	-21.1857005249998
C13M_TTTACGCGTAAGCTCA-1	0.308522114347357	-11.3232640207814	25.3296884118707
C13F_TTTAGGATCAAGCGCC-1	0.930960086299892	-9.73244107037316	-16.9877781636285
A12D_TTTAGGATCTGTTGCC-1	0.960086299892125	-9.16178927332479	-16.9779521476871
A12D_TTTCACCCAATAGCAA-1	0.063646170442287	-10.3462867989047	-20.7056143304754
C13F_TTTCATCAGTTGGGCC-1	0.0852211434735707	-18.3723101498232	23.4933830596361
C13M_TTTCTCACAGGATAAC-1	0.179072276159655	-7.58462369003892	26.5661996376165
C13F_TTTCTTGCAATTAGCT-1	0.97950377562028	-4.22065495011634	-21.4391485357899
C13M_TTTGACCGTCACAAAT-1	0.252427184466019	21.6945367452794	-15.0274079145733
C13M_TTTGACCGTCATTAGG-1	0.0258899676375405	-11.0141352075061	-7.7939123867314
A12D_TTTGCATTCTTGCTAT-1	0.04638619201726	11.352807225607	-27.7627291423768
A12D_TTTGCGACAATAGTCT-1	0.486515641855448	0.757108016246638	13.4335937650122
C13F_TTTGTCTAGGCGCTTA-1	0.339805825242718	18.3333073028374	1.22828997952201
T11D_AAACATGCAATAACCT-1	0.445523193096009	-6.2481713911489	4.58548506537009
B23M_AAACCGGCAGGAATCG-1	0.00323624595469256	-5.92607215737971	-11.888515988431
T11D_AAACCGGCATAGTCAT-1	0.0204962243797195	-7.23811485486731	-10.6139724937009
A25D_AAACGTACAGGGAGGA-1	0.54908306364617	3.12453071288858	15.2625392695911
T14D_AAACGTACATGTTGCA-1	0.552319309600863	5.32857251812121	-10.8572954090754
T11D_AAAGCACCATGTGGGA-1	0.0593311758360302	-2.04845927544588	-11.3758046596267
A25D_AACAAAGGTCCTAACT-1	0.247033441208198	11.022624393641	-12.0154609851658
A25D_AACAAGCCATAAGTCT-1	0.905070118662352	9.00702129958874	-3.76288979240925
A25D_AACAGCAAGGCACAGG-1	0.957928802588997	-3.80732963282599	-19.7326495758663
T14D_AACATTGTCGAAGCGG-1	0.125134843581446	-0.689914637790097	-11.6932121229243
T11D_AACCGGCTCAGCAAAG-1	0.0420711974110032	7.4247102702454	-25.0737668830218
B23M_AACCGGCTCCCTGGTT-1	0.0658036677454153	-2.73292431736234	-10.6311263347171
T14D_AACGGTAAGCATTTCT-1	0.133764832793959	-18.9126257508578	23.8971213735634
A25D_AACTACTCAGCTCAAC-1	0.10571736785329	15.2775811452555	-17.2561192752937
T14D_AACTACTCATGTCAAT-1	0.677454153182309	2.64432998527158	9.27528994176701
T11D_AACTCACAGTTAACCA-1	0.0701186623516721	-4.15080683228787	-11.6421369511048
B23M_AAGACCAAGCAGGCCT-1	0.832793959007551	6.98453048712918	-5.77961277628391
T14D_AAGCCTCCATTTGCTC-1	0.737864077669903	-2.97163914018406	5.03257175058714
T14D_AAGCGAATCTCGCCCA-1	0.418554476806904	-11.1095390462515	-3.9988755168617
T14D_AAGCGGGTCGATTCTT-1	0.00107874865156419	4.60055322432201	-21.5757936992156
B23M_AAGCTTGGTCCAAATG-1	0.332254584681769	-1.08029978827142	11.3070845166401
T11D_AAGTGAAGTTTGAGCA-1	0.914778856526429	3.62091565901881	-5.27928100769431
T11D_AAGTTACGTATTGGAT-1	0.298813376483279	-10.7859413327771	22.5962402976818
A25D_AAGTTAGCAGATTCAT-1	0.8403451995685	1.62187916283041	-1.33572549096445
A25D_AAGTTAGCAGTAGGAT-1	0.382955771305286	-12.4117962399542	17.5913317928777
T11D_AATAACCGTCTATCGT-1	0.382955771305286	-7.79025756242586	7.2847450893735
A25D_AATACCGGTGCATCGG-1	0.04638619201726	-3.95582635973548	-10.6637065161706
A25D_AATAGAGGTTAACGGC-1	0.853290183387271	-0.0478104939039924	4.38956126871279
T11D_AATCAGGAGAGGATAT-1	0.54368932038835	-7.91004250220168	4.26502072094003
T14D_AATCATCCATAGACCC-1	0.498381877022654	-7.45901433064921	9.4836627852331
A25D_AATCATGTCCTTGCGT-1	0.114347357065804	-1.29197542141828	-12.1391992688113
A25D_AATCCGTAGTAACGAG-1	0.354908306364617	15.80513190503	-15.437877266155
A25D_AATCCTAAGCAGGCCT-1	0.898597626752967	4.04104403556429	-2.38844892422814
B23M_AATGAAGGTTCGCTCA-1	0.638619201725998	-8.71023509191915	5.04698913353777
A25D_AATTGACGTTAACACG-1	0.437971952535059	7.3817202487647	-22.0720076345414
T11D_AATTGACGTTAGACCA-1	0.338727076591154	7.8592619747387	-22.5963065085224
B23M_AATTGGACAGCAAGGC-1	0.345199568500539	-10.5632781688702	-12.330375878147
B23M_AATTGTGTCAAGACTC-1	0.0107874865156419	7.66092751140303	-25.2375322720339
B23M_ACAACACTCAGCAAGA-1	0.434735706580367	-4.35938343577763	10.5257316287457
T14D_ACAACATGTTAGCAGC-1	0.235167206040992	4.35307551675737	10.8038124926313
B23M_ACACTAGGTGTGCACG-1	0.828478964401295	-4.21549283739973	3.79712141951072
T11D_ACAGCCGGTAAGTCGC-1	0.43042071197411	-11.3916509537335	22.9480991766807
T11D_ACAGGCTGTCTTACTA-1	0.527508090614887	10.1757248536184	16.3359282975514
T14D_ACATCATCAAAGGCCA-1	0.3042071197411	1.2539749074452	7.25389676581195
T11D_ACATCATCATATAACC-1	0.817691477885653	2.84820368869302	0.301667528361588
B23M_ACCAAACTCCGCCAAA-1	0.00323624595469256	2.60800850642807	-17.7397414910949
T14D_ACCAATATCGTTTCGC-1	0.319309600862999	3.20443663038276	10.4184385134869
T14D_ACCAGGCTCCGTGACA-1	0.175836030204962	5.7940474570467	-18.3798636872925
T11D_ACCATAATCGGTTTCC-1	0.86084142394822	-5.17794554248735	6.4796485853642
B23M_ACCCGGTAGCTTAACA-1	0.102481121898598	-7.77013121364008	-8.35039514125385
B23M_ACCGGCTAGTTATCTC-1	0.605177993527508	-6.13919075660408	10.0907963424255
B23M_ACCTAAATCCACCTTA-1	0.228694714131607	9.49069164558825	17.3388564777898
T14D_ACCTTCATCATTCATC-1	0.418554476806904	-1.8412977491308	17.5964887709983
T11D_ACGAACAAGAGGGACT-1	0.466019417475728	-8.0546932131755	25.9194942486958
A25D_ACGAATCTCGATTCTT-1	0.501618122977346	-6.96022584862451	14.6168075637071
A25D_ACGACAAAGCCTAATA-1	0.268608414239482	8.00159517017284	-20.5193594530482
T11D_ACGACTTAGCGCTCAA-1	0.0862998921251348	-12.6497281012047	-13.0198570469546
A25D_ACGCACGGTAGTAAGA-1	0.0323624595469256	5.11046662677354	-20.9014633018466
B23M_ACGCCACAGTGAACAG-1	0.300970873786408	-2.78921959376421	-3.58697183381683
A25D_ACGCCTAAGCAAGATG-1	0.750809061488673	-3.46061646900077	6.43712766126561
A25D_ACGGTACGTGAGGTAG-1	0.841423948220065	7.07650431847778	-6.41064462616449
T14D_ACGGTACGTTGCATCT-1	0.221143473570658	-7.81866054813907	-10.6888578996321
T11D_ACGTCAAGTAGGATTT-1	0.93311758360302	-3.72357741823485	-19.7665646725043
B23M_ACGTCCAAGTTTCCTG-1	0.362459546925566	-8.38129429250126	14.1237947681923
A25D_ACGTCCTTCCTTGTTG-1	0.345199568500539	-15.6675323347268	6.45445841484436
B23M_ACGTTGTAGACAAAGT-1	0.96655879180151	-9.08088083386175	-16.7992077781452
B23M_ACTATGTCAGAAACGT-1	0.746494066882416	-6.31543786852164	-15.6941758555095
T14D_ACTCAGTAGACACCGC-1	0.242718446601942	-15.8380651670301	13.0023854032762
A25D_ACTCAGTAGTATCGCG-1	0.607335490830636	-7.60132107809138	12.544933534899
T11D_ACTCCTCAGGTCAAAG-1	0.131607335490831	-3.62137774740602	-7.33252194544589
B23M_ACTCGCTTCAACAAGG-1	0.175836030204962	-7.31219402647309	-11.0695229213137
A25D_ACTCGCTTCACATTGA-1	0.279395900755124	-1.72317827639887	15.0499368023167
T11D_ACTGAAACAAACCTTG-1	0.760517799352751	-6.270495631017	-1.73315027207437
T11D_ACTGAATGTGCTCACC-1	0.625674217907228	1.18114277518193	-13.7955348654077
T11D_ACTTAGGGTAGGTTTG-1	0.390507011866235	-7.3305354449099	10.4623577210639
A25D_ACTTAGGGTTGAGCCG-1	0.833872707659115	7.0354504319305	-3.52555649359556
T11D_ACTTGCACAGTAAGTA-1	0.182308522114347	22.5673357059055	4.43576881026132
A25D_ACTTTGTTCAATGTCA-1	0.989212513484358	-8.64994543590611	-16.5601971122688
A25D_AGAAACTAGCTTAACA-1	0.490830636461704	18.3213302963138	5.20932368343076
T11D_AGAACCAAGAGGAGGA-1	0.756202804746494	10.2493841641797	-8.13203478749726
T11D_AGAATCGAGTAACGAG-1	0.0420711974110032	3.88553509185621	-13.7976319117089
A25D_AGAATCTGTTTGTCTA-1	0.177993527508091	-13.3449747368711	-9.82920971095924
T11D_AGACAATAGCTTACTT-1	0.221143473570658	-1.11562767854947	11.1209280180036
T11D_AGAGATTAGACTTATG-1	0.158576051779935	-8.47290982772754	27.9048813655252
T11D_AGCAACAAGTGAGCAA-1	0.229773462783172	-8.99192261774555	15.4714188934273
B23M_AGCAAGGGTGAATCGC-1	0.897518878101402	-8.08630658833161	-17.7849304480911
T11D_AGCAATACATCACTTC-1	0.114347357065804	-5.06498520036739	-22.0990103124426
T11D_AGCACAGCAAGTGAAC-1	0.775620280474649	0.329683258225621	1.62373585389025
A25D_AGCACAGCACCGTTCC-1	0.678532901833873	6.77808737673812	-8.52689469693872
T14D_AGCAGGTAGTCATGCG-1	0.216828478964401	3.29981724023329	10.6642177652532
T14D_AGCCAGTGTGCTCACC-1	0.0593311758360302	-8.0060603401091	-4.21259414903585
T14D_AGCCGCTAGGCATTAC-1	0.0226537216828479	4.99906890166854	-21.2468085479737
A25D_AGCGTGCTCCAAACAC-1	0.327939590075512	-3.93404207801246	-17.8203628067624
B23M_AGCTAAACACTAAATC-1	0.271844660194175	-13.4498133413108	4.29000279919185
T11D_AGCTACGTCCTAATTC-1	0.911542610571737	1.18118080796673	4.04604932953054
T11D_AGCTACTAGTCATTGA-1	0.101402373247033	-17.4641829420352	23.12455160504
T14D_AGCTCATAGGGTGGAT-1	0.0204962243797195	5.01425886119223	-21.3043714669554
T11D_AGCTGCTCATAAACCT-1	0.251348435814455	-11.6232460829929	24.8962225877338
T14D_AGCTTCCTCGATTATG-1	0.964401294498382	-8.03133831742961	-17.6972872007752
A25D_AGCTTTAAGAGGAAGG-1	0.918015102481122	1.97559159344366	3.9873480109977
A25D_AGGACGTAGTAACTCA-1	0.302049622437972	-18.0986981613011	4.18439200536851
T14D_AGGAGCTAGAAGGTGC-1	0.572815533980582	16.4290085167046	-13.4586670803023
A25D_AGGATGCAGGCGAATA-1	0.970873786407767	-7.8251336676675	-19.6498819311716
B23M_AGGTCAAAGTTGTCCC-1	0.200647249190939	2.34549047368941	12.8497990274415
B23M_AGGTGAGGTGCGCATG-1	0.327939590075512	-13.5582265225191	14.0343547876669
A25D_AGTAACCTCATCACTT-1	0.441208198489752	14.1962851629067	-16.1816864203197
A25D_AGTACGCGTGTCCAAA-1	0.0453074433656958	11.3772094578654	-27.7249909578112
T14D_AGTAGCTTCTTAGCCC-1	0.868392664509169	6.15561286557385	-2.61641796603392
T14D_AGTCAAGAGGCTGGCT-1	0.111111111111111	1.19288588175377	10.315749255673
B23M_AGTCCTGAGTAAGGGC-1	0.011866235167206	1.67385051157391	-16.5186420859213
T11D_AGTGAACCATTCCTCG-1	0.386192017259978	20.2463978315974	1.40685646841588
A25D_AGTGAGTCACAATTAC-1	0.163969795037756	-1.41552356792023	-11.5901520336898
T14D_AGTGCCGGTAACGGGA-1	0.59546925566343	-5.98748192536776	13.6523907575832
T11D_AGTGCGGAGTAAGGGC-1	0.0183387270765912	10.8282605321673	-17.8352428758602
A25D_AGTTACTCAGTGAACG-1	0.220064724919094	16.399111939635	-17.2591399075864
B23M_AGTTGCGTCTTAAGTG-1	0.686084142394822	-7.66287390015611	9.01623170209995
B23M_AGTTTGATCCATCAGG-1	0.0420711974110032	-9.45188244180768	-4.51328444728901
B23M_ATAACGACACCCACCT-1	0.790722761596548	-5.6163237444351	9.55973252564529
A25D_ATACCTGCAACTAGGG-1	0.902912621359223	3.28721830705123	0.868719702799417
A25D_ATATGGTGTAAGTCGC-1	0.378640776699029	13.6612120564815	-12.9429665524306
T14D_ATATGGTGTTGGATCA-1	0.640776699029126	-7.00255061496709	19.7533187186129
B23M_ATATGTCCACTAAGAA-1	0.128371089536138	14.6345671188686	-16.9464793528671
T11D_ATATGTCCAGAATGAC-1	0.783171521035599	17.1725680812538	1.18869762277024
T14D_ATCAATCCAGGCTAGA-1	0.215749730312837	-3.03493430462793	16.0942916153135
T14D_ATCAATCCATCTAGCA-1	0.310679611650485	8.60206451970239	-22.3160341548632
A25D_ATCACTAAGCATTAGC-1	0.0507011866235167	-12.0524690009464	-6.58525463472738
T14D_ATCAGGTTCGTTAACA-1	0.472491909385113	8.91002911349634	-22.0656404881062
T11D_ATCCATAAGTTGGCCA-1	0.393743257820928	-7.07239730906912	-6.93563038241347
B23M_ATCCCGCGTCCGGTTC-1	0.583603020496224	-8.04580352131613	11.9265374242887
A25D_ATCCTCATCAGTATTG-1	0.264293419633225	2.62369673272775	14.4643061175941
T11D_ATCCTCATCCCGAACA-1	0.00539374325782093	-6.31409007347415	-11.7844265351058
A25D_ATCGCCCGTGAGGTAG-1	0.348435814455232	18.6762449166665	-0.259614457535676
T14D_ATCGGCCAGGATAAAC-1	0.993527508090615	-7.01707743082605	-17.8098310155034
T14D_ATCTATGAGCGGGCAA-1	0.896440129449838	-7.78955204697297	-16.7630651317413
T14D_ATGAAGCCAACACTTG-1	0.627831715210356	-4.39720259091701	7.0959129184528
A25D_ATGACCAGTGCAACTA-1	0.658036677454153	0.0731531284725481	1.52976160387313
T11D_ATGCAAACATCCTAGA-1	0.95361380798274	-6.89830834535138	-21.5579056086458
T11D_ATGCAGGCAGCCGCTA-1	0.04638619201726	-12.642481330483	-12.9888011904311
T11D_ATGGCCCAGCTCAATA-1	0.297734627831715	-2.726178782539	-10.9136321700065
T11D_ATGGCCGGTTGCACAA-1	0.375404530744337	-5.59993000814696	26.9914229172455
T14D_ATGGCTAGTGCACGCA-1	0.245954692556634	14.8011530564543	-16.2326946945548
A25D_ATGGCTGTCTCACATT-1	0.516720604099245	1.95327668134032	14.5132688656623
A25D_ATGGTCTAGGTGCGGA-1	0.446601941747573	15.5878926500499	-15.1551463137774
T14D_ATGGTGCGTCACCAAA-1	0.644012944983819	-1.70221964914888	-0.967549216432858
T11D_ATGGTGCGTTGCCTCA-1	0.249190938511327	19.9376331716614	-1.01046960692678
A25D_ATGGTGCGTTTACTTG-1	0.0668824163969795	15.5466453921715	-18.3010183496291
T14D_ATGTAACGTGATGGCT-1	0.0722761596548004	8.33050710710128	-12.633555349282
T11D_ATGTTCAAGGCGAATA-1	0.50269687162891	-9.58156815116138	-0.435428744249968
T14D_ATGTTTGAGCAGCTAT-1	0.55663430420712	-5.23902482359162	10.9229833657461
A25D_ATTACCGCAAACCTAT-1	0.960086299892125	-0.885807482915767	-19.9323950896124
A25D_ATTCAACCAAACGGGC-1	0.600862998921251	-6.925386282106	12.5960248542542
A25D_ATTCCGGAGTAAACCC-1	0.912621359223301	7.49146609344715	-5.08827643953963
T11D_ATTGAAGCACTGGCTG-1	0.0107874865156419	9.83015945434668	-25.9553333879028
T11D_ATTGAAGCATCCTGAA-1	0.866235167206041	2.40046010450021	-5.54718596790192
A25D_ATTGACTCAGTTTGTG-1	0.392664509169364	11.4871546980096	-3.78298329624575
T11D_ATTGCGCCACGCAACT-1	0.631067961165049	4.85277273767359	-10.9345657046381
A25D_ATTGGCTAGGCCCAGT-1	0.760517799352751	-3.04408703280749	-0.168216516431673
T11D_ATTTAGGTCACGTTAA-1	0.959007551240561	-5.38324938022745	-19.5703344799251
T11D_CAAAGTGAGTAAGGGC-1	0.871628910463862	7.73675575171951	-0.930098814965856
T11D_CAACAATGTAGGTTAT-1	0.0647249190938511	22.6968224848986	0.0750914536423921
A25D_CAACTAGGTCACTCGC-1	0.516720604099245	-1.4876966500522	13.8029405415457
T14D_CAAGAACCACATAGCC-1	0.996763754045307	-6.09395816711481	-17.7736856334325
B23M_CAAGCTAGTCACAAAT-1	0.809061488673139	5.5412897043268	-5.48912693588201
A25D_CAAGGCCTCGGGACTC-1	0.0226537216828479	4.07501723962667	-18.9585479537442
T11D_CAAGTAACAAAGCTAA-1	0.0237324703344121	4.98002680202496	-15.5865364863291
T14D_CAAGTTATCTAGCGAT-1	0.581445523193096	-21.0745854648372	9.07934437315489
T14D_CAATCCCTCCGCATGA-1	0.133764832793959	2.2007654405552	12.9789693214579
T11D_CAATGTCAGGAGTCGG-1	0.887810140237325	8.42643081126591	-3.41139755083895
T11D_CACAATATCGTTCACC-1	0.566343042071197	-8.22282577956035	23.8709940953378
T11D_CACATACAGGACACTT-1	0.0787486515641855	-12.6064446242979	-12.9733049308482
T11D_CACCAACCATGAATCT-1	0.437971952535059	-8.44278152893803	24.5319146805995
A25D_CACCAACCATTGTGTG-1	0.449838187702265	-10.1471426068462	-2.4631040171451
B23M_CACCGGTAGGAACCGG-1	0.0906148867313916	2.83197720049783	14.5983066846326
T14D_CACGCTAAGCTGGACC-1	0.0809061488673139	-3.27972354890708	-11.2559191870162
T11D_CACTGACCAAGCGAGC-1	0.145631067961165	6.58649603842656	-17.7497874813651
T11D_CAGAACCGTAGTAAGA-1	0.599784250269687	-9.33608096978025	13.1975613728182
T14D_CAGCAAGCACGAACAG-1	0.459546925566343	-7.11503368328117	-10.8981926205304
T11D_CAGCATGTCATGCGTG-1	0.954692556634304	-2.63362322933944	-16.6136502578707
T11D_CAGCATGTCGTTATAG-1	0.0895361380798274	5.53596648271333	-16.9358786799016
T14D_CAGCATTAGCCTCTCG-1	0.271844660194175	-11.8166334104005	-3.00144206189038
A25D_CAGCCAATCGATTCTT-1	0.029126213592233	-13.2104843145123	-7.87668026376469
T14D_CAGCTCAAGTTGTCAA-1	0.0960086299892125	-11.5408090966263	-5.31980835551267
B23M_CAGGCTATCTGGCATG-1	0.816612729234088	7.67576064218343	-4.79587873878704
A25D_CAGGGTGAGAATCTCA-1	0.750809061488673	-6.40343627030771	-15.9609844184056
T14D_CAGGTTAGTCCCGGAA-1	0.990291262135922	-4.15332663922977	-20.9365925905387
T14D_CAGTACCCATTATGCG-1	0.909385113268608	4.60660252608471	-4.41673372065868
A25D_CAGTATGGTTATCCTA-1	0.319309600862999	-8.3731148967378	1.80246229555633
B23M_CATAAGCTCCTTGCGT-1	0.653721682847896	-8.10331964898699	3.42146811159948
T11D_CATAAGCTCTTGCATT-1	0.87378640776699	3.22460084336177	1.16459883931486
T14D_CATAGGCGTCATAAGT-1	0.68824163969795	2.61546177545806	9.13865170828294
T11D_CATAGGCGTTCCGGGA-1	0.535059331175836	-8.52006103369786	16.7741563116722
T11D_CATAGGTTCAAAGGCA-1	0.186623516720604	8.79053757202348	18.2340665562066
A25D_CATAGGTTCCGCAAAT-1	0.651564185544768	17.4116577412922	2.46239760338775
T14D_CATCATAAGGGACGCA-1	0.143473570658037	-13.8359424183263	-8.08067841865822
A25D_CATCGCTTCTTGCAAA-1	0.222222222222222	-2.06525584856351	-10.181388323849
A25D_CATTATGAGGACGTAA-1	0.52319309600863	7.41953885066111	-10.8036834941246
T14D_CATTATGAGTTTGGGT-1	0.132686084142395	-16.4262733313621	-5.86700008672
A25D_CATTATGAGTTTGTCT-1	0.0474649406688242	2.67647246087517	-18.9424440298255
T11D_CATTCCTCAAACCTAT-1	0.207119741100324	17.8872508657421	0.675439333121082
A25D_CATTGTAAGTATGTGC-1	0.88133764832794	1.99172541594984	0.425849645951428
B23M_CCAACCAAGTCTCACC-1	0.316073354908306	-16.5415678191333	14.8656732125225
T11D_CCACACAAGTGAGGTA-1	0.360302049622438	6.73744622050516	4.74591679732659
A25D_CCACAGGGTTCATTTG-1	0.588996763754045	0.905170559200154	-6.20578345228358
T14D_CCACTTGGTTTGCTGT-1	0.135922330097087	-18.8898334398096	23.6907639017936
T14D_CCATAAGGTAAGCACC-1	0.250269687162891	14.5342765022291	-16.0777309936717
T14D_CCATAGCCACAACCTA-1	0.665587918015103	2.36420410755741	9.54192034795563
T14D_CCATTGTGTCCTAGTT-1	0.439050701186624	-6.70840159443	17.2023675077632
T14D_CCCAAACCAAGTGTTT-1	0.344120819848975	-11.3603524313474	13.4896453667163
T14D_CCCAAATAGGCGCACT-1	0.134843581445523	15.6529060945077	-17.4300386632887
T14D_CCCAACCGTATTCGCT-1	0.366774541531823	-15.6520375507699	6.3310564056045
B23M_CCCAGTTTCCATAATG-1	0.112189859762675	-9.76208707442312	-4.13405836526793
A25D_CCCATAACATCGCTCC-1	0.952535059331176	-6.2321148731364	-20.7514012510242
T11D_CCCGTAAAGCTATTAG-1	0.717367853290183	17.0351800541652	1.52926505091231
T14D_CCCTCACCAACAGGTG-1	0.514563106796116	-14.5477220007591	3.29925372462108
T14D_CCCTCACCAATTAGCT-1	0.148867313915858	3.48433559666345	9.3102370824697
T14D_CCCTCATAGCTATGAC-1	0.930960086299892	-6.90886463950183	-17.362133943109
A25D_CCCTCATAGTAGGATG-1	0.26537216828479	1.81387689704083	13.1127109181856
T14D_CCCTGGACATGAAGTA-1	0.666666666666667	-7.3546959206267	-1.27844313700327
A25D_CCGATGCAGCCGCTTT-1	0.189859762675297	7.43605820430779	-14.3718347027016
B23M_CCGATGCAGTTTGTCT-1	0.910463861920173	5.3333837556138	-2.85351343801332
A25D_CCGCAAATCCTAACGG-1	0.151024811218986	-10.7550914786138	-5.8657603191901
A25D_CCGCACACAATACTGT-1	0.573894282632147	0.543006555550831	-11.4418802808738
A25D_CCGCCAACACCGTTCC-1	0.645091693635383	-5.8077721346581	9.88707917338099
A25D_CCGTTAACAAGCGATG-1	0.618122977346278	-8.52819643568354	7.53877102418782
A25D_CCGTTACTCCTGGCTT-1	0.793959007551241	2.92266304374992	-1.7674825720091
A25D_CCGTTTGGTTGGCGTG-1	0.0399137001078749	8.00614636611355	-14.7070908149363
T11D_CCTAAAGGTAATGGAA-1	0.970873786407767	-5.29166270641567	-19.8919081291834
T11D_CCTAAGCCAAGGTGGC-1	0.192017259978425	-7.68273963746195	26.9810819195044
A25D_CCTACTGGTCCGGTTC-1	0.837108953613808	10.8465011971998	-4.0618082343443
B23M_CCTAGTTGTAGTTAAC-1	0.478964401294498	-11.9129368886183	3.29532912058586
A25D_CCTATATTCATCCTGC-1	0.483279395900755	21.8982466387477	-0.155108928091035
T11D_CCTATTTAGGTCCAAT-1	0.323624595469256	-4.39520133325707	26.059135154361
A25D_CCTCAAACATCAATCG-1	0.153182308522114	-0.65318072143345	-6.71853574682618
T11D_CCTCAATGTGAGACTC-1	0.448759439050701	-5.05026782143507	4.88316125825177
B23M_CCTCAATGTGCAATGC-1	0.176914778856526	-12.4304456367338	-4.54431629267945
T11D_CCTCAGTTCGTTAGTA-1	0.793959007551241	11.2240319246343	-12.2591830103501
A25D_CCTCCTCTCCCTCAAC-1	0.431499460625674	-0.344233432844322	-18.5829427071137
T11D_CCTGATGAGTTTGTCT-1	0.285868392664509	-8.95577849944108	26.9778630670131
T11D_CCTGCTCCACAGCCAT-1	0.0248112189859763	-4.55767944913567	-11.3026099730506
T11D_CCTGTAACACTGACTA-1	0.902912621359223	3.21240129266045	-3.16686289309477
T14D_CCTGTAACAGGCTTCG-1	0.693635382955771	-10.3580418149613	-16.539522077254
A25D_CCTGTATGTGGCTTCC-1	0.2319309600863	-13.1914529794902	11.0044108425741
T11D_CCTTAACGTCAAGTAT-1	0.364617044228695	-2.15836523568887	16.4712641947637
T11D_CCTTAACGTCAATGTG-1	0.292340884573894	8.02225453084645	-22.7224088375816
T14D_CCTTACTCAGGATTAA-1	0.525350593311758	15.3865992131545	-16.2721576905214
T11D_CCTTGTTCATAGCGAG-1	0.156418554476807	-4.74800758851589	-6.60408116735006
A25D_CGAACAAAGGGACTAA-1	0.100323624595469	-20.1670932835209	3.12175359568813
T11D_CGAACCGGTTGGCCGA-1	0.254584681769148	8.37867347749775	-21.4084601113285
T14D_CGAAGCCTCCATAATG-1	0.04638619201726	-9.71453846364601	-8.64092440993025
T11D_CGAAGGCCAATTTGGT-1	0.0258899676375405	-2.2025750559509	-13.4368646009359
T11D_CGAATCTAGAGAGGCT-1	0.991370010787487	-6.42537486505399	-20.5422188867864
T14D_CGATGTCCAATTATGC-1	0.058252427184466	-11.2037865309579	-4.84179282873284
T11D_CGATTATCAAGTAAGC-1	0.0938511326860841	-11.6598031674795	-7.99526556394149
B23M_CGATTGAGTTACGCAA-1	0.252427184466019	-9.64783132855172	-3.47342492350835
A25D_CGATTTGCAATAATGG-1	0.566343042071197	0.789819850614325	13.701300778934
B23M_CGATTTGCACAGAAAC-1	0.500539374325782	-10.7426525478491	-3.39551499100998
T14D_CGCAAATTCTGTGCAG-1	0.107874865156419	2.94623591994548	15.8025156838787
A25D_CGCAATGTCCTGAATA-1	0.822006472491909	1.73133973255434	-1.57201826125309
T14D_CGCACACAGCATTAGC-1	0.269687162891046	-20.4185763670841	18.0139772441055
T11D_CGCACACAGGTCGAGG-1	0.5361380798274	-7.83201392263948	-0.885289095045509
A25D_CGCACACAGTTAGTGC-1	0.87378640776699	5.28152595431223	0.261167849064141
B23M_CGCATATAGTGGACAA-1	0.269687162891046	0.063416748748544	17.0479026094789
T11D_CGCATGATCCAGGTTG-1	0.0183387270765912	-1.79275189911498	-12.2903373401064
T11D_CGCATGATCGTTCACC-1	0.893203883495146	7.48919213317185	-0.303837829377268
T14D_CGCGATTCAGGTTCAC-1	0.378640776699029	8.35361761163226	-22.3667778301041
T11D_CGCTCCATCTTAAGTG-1	0.234088457389428	19.2452268842546	0.630168408114943
A25D_CGCTGTGCATTGTCCT-1	0.111111111111111	13.6199076545364	-16.5951644370703
A25D_CGCTTAACATGAATAG-1	0.87378640776699	2.76486194151324	-4.36527425521408
A25D_CGGACAACACACCAAC-1	0.580366774541532	-6.728469391862	8.57028262093273
A25D_CGGAGTCTCTGTTCAT-1	0.864077669902913	2.79824319356601	-4.92499555155545
A25D_CGGCTCACACAAAGCG-1	0.629989212513484	-2.19747807383769	4.96092019711152
A25D_CGGTAACGTGCTCACC-1	0.577130528586839	10.4306550662032	-7.96432542312629
A25D_CGGTTATAGGTAGCTT-1	0.163969795037756	11.1471064545505	-27.487442324617
A25D_CGGTTCCGTATACTGG-1	0.322545846817691	8.00540719464824	-14.0026323234948
A25D_CGGTTCCGTCATGCCC-1	0.259978425026969	19.5027940018338	0.109019746952965
A25D_CGGTTCCGTTAGGTTG-1	0.880258899676375	16.554597953749	1.43810748296735
T14D_CGGTTGGGTTGCCTCA-1	0.59546925566343	1.37646005333264	9.52797646633837
T14D_CGTAACCCATGCTTAG-1	0.193096008629989	-2.2789742182072	1.9845080184326
T11D_CGTAATGGTAAAGCGG-1	0.635382955771305	-3.96219140774479	-0.905739932173053
A25D_CGTACGGGTTACATCC-1	0.588996763754045	1.66066970161557	13.9744672065248
A25D_CGTGGTTCACGTTACA-1	0.225458468176915	1.38902415671193	13.0836873201294
T11D_CGTTATCGTGAGCGAA-1	0.722761596548004	-1.26228516296353	6.88577637681147
T14D_CTAAGGTTCGCTCCAT-1	0.106796116504854	-1.80905036195239	1.49422662685499
B23M_CTACTTAGTTAGAGGG-1	0.663430420711974	-8.71331609049468	4.27375327553286
T11D_CTAGATTCAGTTTCTC-1	0.0668824163969795	-11.8542669698481	-9.22793654265736
T11D_CTAGCTTGTGAGCAAG-1	0.560949298813377	21.4767995618876	3.58134922932272
B23M_CTAGTAGGTAACGTGC-1	0.49730312837109	-1.98143586410559	15.2219814191833
T11D_CTAGTAGGTGCATTAG-1	0.321467098166127	-14.8731327230238	-1.27802988476234
T14D_CTAGTCGAGCGCTAAT-1	0.995685005393743	-3.70604519032676	-22.449198414887
A25D_CTAGTTGCAATTATGC-1	0.869471413160734	1.5772688095081	0.548042719982781
T14D_CTATAACCACTATGGC-1	0.539374325782093	-7.8161661979583	11.0192791524017
A25D_CTCAATAAGATGGAGC-1	0.919093851132686	-2.71408995400669	5.03564329367742
T11D_CTCAATAAGTACTGGT-1	0.162891046386192	-11.9868114842526	-2.86869534843539
B23M_CTCACAACATTGCGGT-1	0.39697950377562	1.60525223476324	16.936991407317
B23M_CTCATGACAGTAGGAT-1	0.916936353829558	4.53580339117461	-4.71176795969965
A25D_CTCATGCTCCTCGATC-1	0.283710895361381	-2.60877576692597	-10.2387124314297
A25D_CTCATGCTCGTTACTT-1	0.0269687162891046	7.6253503576875	-14.6684001602701
B23M_CTCCTAATCAGCAAAG-1	0.829557713052859	6.47940709947808	-5.52840567079152
B23M_CTCCTAATCATAACCA-1	0.749730312837109	-1.92027172012522	4.74965899447463
T11D_CTCCTCACACAAAGAC-1	0.926645091693635	2.32575732931166	-4.96020155342946
A25D_CTCCTCACATCCTGAA-1	0.122977346278317	5.38107475980246	16.2546407810791
A25D_CTCTCACAGCCTAATA-1	0.327939590075512	-6.28796502462098	-6.87032741908816
T11D_CTCTTGATCCTGGTCT-1	0.925566343042071	3.82558942157344	1.3071005450604
A25D_CTGACCAAGGCCTGGT-1	0.347357065803668	19.3317601025903	0.465366002054495
T14D_CTGACCAAGGTGAAAT-1	0.176914778856526	5.07872006034654	-20.2965687036495
A25D_CTGGATGTCGATTTGA-1	0.548004314994606	-4.22848101801527	6.36036853640909
T14D_CTGGCTTTCGCTATGG-1	0.249190938511327	-1.23548597948871	18.1610087428721
T14D_CTGGTAAGTCAAGTGC-1	0.752966558791802	5.61365106379877	-7.71094115633972
A25D_CTGGTCAAGCCTGTGA-1	0.366774541531823	-13.3884757759678	-15.2771315829093
T11D_CTGTATTTCTTAGTCT-1	0.188781014023732	-19.1205940481673	9.10983345433847
T14D_CTTAATGAGTAACAGG-1	0.665587918015103	6.71475295382586	-12.1924648870153
A25D_CTTAGGAGTTAAGCGC-1	0.400215749730313	19.6851840094878	3.86891024342132
T11D_CTTAGGAGTTCCTCCT-1	0.176914778856526	0.204226261446853	-7.46639252525217
B23M_CTTATGTTCATTGTCT-1	0.678532901833873	0.429300826816548	-0.301839081788751
T14D_CTTCAAGCATTCCTCG-1	0.744336569579288	3.25872360116304	-3.39892443228926
T11D_CTTCATCCACAGGATG-1	0.267529665587918	-11.8263762540035	9.57342447338857
A25D_CTTCGCGTCAACCAAC-1	0.519956850053937	-0.42472426948143	13.1860351490962
B23M_CTTGCAACACCTGCTC-1	0.313915857605178	-2.26762119752038	-6.68231333225067
T11D_CTTGCGCGTTCCGCAC-1	0.52319309600863	7.21575362379872	5.77894304196447
A25D_CTTGCTCAGTTGCCTC-1	0.884573894282632	5.19276383228427	-2.04787982921159
T14D_CTTGTAAAGGACACTT-1	0.654800431499461	1.19737550314333	9.23722193815085
A25D_CTTGTCCAGTCACCTC-1	0.0355987055016181	3.63134297796576	-15.4536062024456
T11D_CTTGTTTAGACACCGC-1	0.446601941747573	2.63879208525709	-15.3006242764905
B23M_CTTTAGGCACCACAAC-1	0.959007551240561	-7.99631415360171	-17.3495363910959
A25D_CTTTAGTTCCTGGCTT-1	0.743257820927724	12.4817604929908	-6.045606754227
T11D_CTTTATGGTTATTGCC-1	0.0399137001078749	-0.632775266175351	-18.9594695296684
T11D_CTTTGGGAGACAGGTA-1	0.861920172599784	-1.32660497848967	4.51827699828707
B23M_CTTTGTCCAGGCGATA-1	0.075512405609493	4.36511410716596	-18.9495624854417
B23M_GAAACTGAGGCGCACT-1	0.272923408845739	-8.15778888829674	-10.5379113909204
T11D_GAAAGCCAGTGGACAA-1	0.31175836030205	-15.229796848483	8.31356854759446
T11D_GAACCAGCATCCAGGT-1	0.566343042071197	7.42588221432613	-8.30222322417311
T11D_GAAGGAACACAACAAA-1	0.913700107874865	-10.2776120108163	-16.1228617224905
T14D_GACATAGAGCCGCTAA-1	0.423948220064725	14.0075865850495	-14.2598452098771
T14D_GACATTATCGCTTGCT-1	0.584681769147789	9.51984707602545	-22.6142400436587
T14D_GACCTGCAGCAGGTTT-1	0.365695792880259	8.57093403417598	-22.362256172084
A25D_GACGCAACATCCTAGA-1	0.477885652642934	10.9983048767215	-4.14295316764429
T11D_GACGTAAAGTTCCTCA-1	0.956850053937433	-7.38191340507927	-17.0033809209127
T11D_GACTAATGTGAGCACT-1	0.54908306364617	-10.4358470500896	3.96206788712568
T11D_GACTATTCAGGCTGTT-1	0.250269687162891	-14.0215522235923	-3.08902563889065
A25D_GACTTGGTCATTAGCA-1	0.485436893203884	-18.0605885228064	-22.0268514149382
A25D_GAGATAAGTTGTTGTC-1	0.0798274002157497	-8.58394478171995	-10.6112944708041
T14D_GAGCCACTCATGCCTC-1	0.415318230852211	15.0582349626067	-17.2033081641714
T11D_GAGGACTAGTTAGAGG-1	0.719525350593312	-5.02019792512366	7.80527423976158
T11D_GAGGAGGCAGAGAGCC-1	0.722761596548004	-3.23549774832611	5.86859523030746
T11D_GAGGAGGCAGAGGCTA-1	0.518878101402373	-10.8252714053163	7.15408811689424
B23M_GAGGGAGCATGGAGGC-1	0.88133764832794	4.78590108535162	0.591107312666782
B23M_GAGGTAGGTCATCCTG-1	0.442286947141316	2.6397709349787	14.057256568653
A25D_GAGGTAGGTGGGTACT-1	0.413160733549083	21.6542227902201	6.52423814422913
B23M_GAGTATCTCCGGCTAA-1	0.0852211434735707	4.49901063836906	-19.2582121783644
A25D_GAGTGAGGTGTAATAC-1	0.518878101402373	6.42545783873951	-9.31569562320888
T14D_GATAGACCACCTGCCT-1	0.124056094929881	10.5453499038389	-14.1700830210504
B23M_GATCGCTCAGGCATCT-1	0.241639697950378	-13.1651557774518	-5.11401099589491
T14D_GATGACTTCCCGTTTA-1	0.240560949298813	-11.5711538729653	18.8119007716029
A25D_GATGCATTCAGCCAAT-1	0.133764832793959	-2.27976363362114	-12.6251531432631
B23M_GATGGACAGACTTACA-1	0.591154261057174	-8.73464651954498	-1.2534557991969
T14D_GATGGACAGGATTGAG-1	0.312837108953614	-6.90057570449709	-9.25189334047772
A25D_GATTAAGCATGGCCTG-1	0.724919093851133	3.02385483274256	-6.46907186129112
B23M_GATTACTCACCAAAGG-1	0.0194174757281553	-7.98733815354716	-10.935880692753
A25D_GATTACTCATTGCGTA-1	0.346278317152104	-1.47833063134257	-1.03806843884262
A25D_GATTAGCTCCAATAGC-1	0.800431499460626	2.74847930510831	-3.98717768570775
A25D_GATTAGTGTTAACGAT-1	0.776699029126214	7.38055692213998	-14.2109826781207
A25D_GATTATGTCGCTCACT-1	0.146709816612729	-12.5600963595042	-7.88016191875719
T14D_GATTCATCAATAGCCC-1	0.962243797195254	-6.40087975450248	-18.2722827677434
T11D_GATTGATGTCCAAATG-1	0.0647249190938511	6.01749433927922	-12.6435635342618
T11D_GATTGATGTCGACTCC-1	0.33764832793959	20.343257668143	2.42639084414739
A25D_GATTGCAGTTGCGTAA-1	0.087378640776699	-1.83187232757838	1.35971478725591
T11D_GATTTGCAGGGACGCA-1	0.422869471413161	-10.5771733463036	-3.33079133012362
A25D_GCAAACAAGCGGATTT-1	0.340884573894283	-9.86507590981344	6.88716030450549
A25D_GCAAGTCGTTAGCGTA-1	0.75512405609493	-2.57755608842223	6.40423337350551
A25D_GCAATAGAGCATTATG-1	0.619201725997843	2.45588274468536	14.1762274804621
A25D_GCAATGAAGCTTATGA-1	0.692556634304207	-6.67784158506025	12.3401581666798
A25D_GCACATTAGACTCGCA-1	0.691477885652643	1.91898869369858	-3.72208249447303
T11D_GCACGCTAGCTCATAA-1	0.18554476806904	-8.92204593603991	24.7673510210561
T14D_GCAGCTATCCTTTACG-1	0.0323624595469256	9.30513183516076	-27.2389276705843
B23M_GCAGGTGAGACTCGCA-1	0.990291262135922	-10.8423841104038	-18.0767383679459
T14D_GCATGAAAGTAAAGGT-1	0.565264293419633	-9.2082992288283	-0.419162357444047
A25D_GCATGAGCAAGGTATA-1	0.690399137001079	8.83108608553799	5.33178818071574
B23M_GCATTGCCAAGCCAGA-1	0.348435814455232	14.9900346136271	-17.0705814393585
A25D_GCCAATAGTTAACGGC-1	0.762675296655879	4.05781713203717	-7.71382429066748
B23M_GCCACAATCCTCGATC-1	0.0604099244875944	-12.8939869842995	-9.06316167649335
A25D_GCCATTACAATCATGT-1	0.31175836030205	3.71780046021725	13.7361178909391
T14D_GCCTACTTCCATAATG-1	0.705501618122977	-2.11710306422611	4.2117683404386
T11D_GCCTCCATCTTGAGGT-1	0.300970873786408	-14.3219560758236	-7.99260726380645
A25D_GCCTCGACAGATAGAC-1	0.108953613807983	8.94160041306573	-20.881897014174
T11D_GCCTGAGGTAGGTTTG-1	0.856526429341963	5.68978294886723	-5.02492033196981
T11D_GCCTGAGGTTACAAAC-1	0.882416396979504	0.868678114481669	0.989101117836628
T11D_GCCTGAGGTTCAAGCA-1	0.0226537216828479	6.52579186857827	-22.2822086768649
A25D_GCCTGCTGTTAGCATG-1	0.816612729234088	10.9193568409986	-4.91979310814697
A25D_GCCTTTGGTTAGACCA-1	0.719525350593312	7.88477460945703	-6.28679178262412
B23M_GCGATTTAGTCACTCC-1	0.138079827400216	-9.28795185476303	-11.5209023653782
T11D_GCGATTTAGTTAGACC-1	0.243797195253506	-6.85702882440906	26.8735159699108
T11D_GCGCTAGGTTTGAGCA-1	0.153182308522114	-1.59822071397183	-16.5171555909154
B23M_GCGCTTAAGATACTTG-1	0.564185544768069	-3.69010591693108	-0.521445132309812
A25D_GCTAAGAAGAACAAGT-1	0.487594390507012	8.6139847543529	17.1946524844147
A25D_GCTAAGTTCGGTACGC-1	0.0916936353829558	-14.3820582279004	-6.92296800595126
T14D_GCTAGCTCATTAAGCT-1	0.0280474649406688	13.9966946313922	-20.1167481272797
A25D_GCTATCCTCAATGAGG-1	0.00215749730312837	1.22705888149961	-16.2514463160585
T14D_GCTCCTTAGAGGAGTC-1	0.527508090614887	14.3971023544939	-14.6865048370465
A25D_GCTCGATCACAGCCAT-1	0.199568500539374	-2.31936781384509	0.752431146736401
B23M_GCTCTGGCAACTAGAA-1	0.357065803667745	10.0810428226708	17.5858177120959
A25D_GCTCTGGCACCTACTT-1	0.714131607335491	8.9508545224004	-10.2429468860281
A25D_GCTGACATCAAGCGCC-1	0.323624595469256	-1.36820204810747	13.8339962729755
B23M_GCTGACATCGCACACA-1	0.398058252427184	-7.23564282139287	12.3733574680286
T11D_GCTGATCCACCTGTAA-1	0.141316073354908	-11.8891163838862	-3.81898715699044
A25D_GCTGGATGTACGATTG-1	0.728155339805825	8.7688979399575	-8.1959968032817
T11D_GCTGTAAGTTTGCGAA-1	0.19848975188781	8.22516263561234	-22.3269084928692
A25D_GCTGTACCATTGACAT-1	0.680690399137001	-4.26165237202843	7.20136980197182
T14D_GCTGTGATCCCTCAAC-1	0.949298813376483	-0.0410148225409479	10.3878845837107
T11D_GCTTAGTAGGCTATGT-1	0.156418554476807	-1.02949922432794	-18.0933936249582
A25D_GCTTCGCGTGTGTGGT-1	0.299892125134844	-13.0468613073077	15.7915742177884
A25D_GCTTGTTGTTAGCCAA-1	0.00647249190938511	1.22921442410473	-15.3253568723318
A25D_GGAAACTCAGGTATTT-1	0.425026968716289	-5.91957507571431	4.59145747343336
A25D_GGAACTAAGCATGAAG-1	0.501618122977346	-1.56327999005032	15.038117814246
B23M_GGAACTAAGGATTGCT-1	0.84789644012945	6.12156663101005	-7.49186153747296
A25D_GGAATCTTCCTAGTAA-1	0.360302049622438	-8.27753605355202	1.90849228493993
B23M_GGAGCATAGACACTTA-1	0.0302049622437972	-11.9764638248195	-4.20906164333497
A25D_GGAGCATAGTGAACAG-1	0.453074433656958	6.96451588275857	-14.8803922545482
T11D_GGAGTCTGTGGTTATG-1	0.898597626752967	6.71713884182133	-3.94157710179698
T11D_GGATACTTCTAAGTCA-1	0.713052858683927	-4.74556407113386	8.48179673122576
B23M_GGATGAATCATTACTC-1	0.448759439050701	-8.8392012646386	9.0488825255315
T11D_GGATGAATCCTGATTT-1	0.0647249190938511	-3.15566795124222	-8.50087493709191
A25D_GGATGGCCACCTCAGG-1	0.186623516720604	-2.03856179233918	1.99881056971805
B23M_GGCAAATCAATATACC-1	0.249190938511327	-6.93546186979812	25.5375496094976
A25D_GGCAAGCCACTAAGTT-1	0.696871628910464	-1.32527011168694	-1.20617963989649
T14D_GGCAAGCCATTGACAT-1	0.751887810140237	-6.2856692596825	-1.55848075402855
B23M_GGCAATCGTTGGCCGA-1	0.0140237324703344	3.47369709361102	-15.4300873817881
A25D_GGCCTAATCCGCCTCA-1	0.370010787486516	18.9281287096476	-0.215636318660582
B23M_GGCCTAATCCTTAAGA-1	0.679611650485437	-6.29777698137844	8.23018705718698
T11D_GGCCTAATCGAAGTGA-1	0.911542610571737	9.51553596675377	-2.21463870931219
T11D_GGCCTTAAGTCAATCA-1	0.302049622437972	-12.4365299482108	10.9864529916279
A25D_GGCGATACAATATACC-1	0.310679611650485	17.9847941098593	13.4332973757219
T11D_GGCGATACAGCCTAAC-1	0.16504854368932	-6.62292910870953	25.2358250431337
B23M_GGCTAGTGTGAGGTGA-1	0.154261057173679	-13.1767529142036	-1.50576288131206
T14D_GGCTATGTCCCATAAA-1	0.968716289104639	-7.96408942362506	-18.8220549192665
A25D_GGCTGGTTCTCACTAT-1	0.9277238403452	2.53747551529082	-1.09237844382918
A25D_GGGAATATCGGGCCAT-1	0.848975188781014	7.87097004070631	-5.37103380260117
T11D_GGGAATATCGGTTACG-1	0.140237324703344	8.15813932248702	-10.566575969193
T11D_GGGCATGAGTCAATTG-1	0.00647249190938511	-1.8953236576466	-5.58686499420265
A25D_GGGCATTGTAACGGGA-1	0.276159654800431	22.0070917661348	-0.208828192033742
A25D_GGGCTAACAAGCCACT-1	0.312837108953614	-19.8415477254102	-19.7035226644969
B23M_GGGCTAACATAATGAG-1	0.145631067961165	-12.1890639915375	-4.70414073466639
A25D_GGGTCACTCCGCTAGA-1	0.820927723840345	8.54785097163645	2.13893001020863
B23M_GGGTTATTCCGCAACA-1	0.481121898597627	-11.8337498791222	14.6197017848087
A25D_GGGTTATTCTAAGGTC-1	0.106796116504854	17.1835474097281	-17.0148696833585
T11D_GGGTTTCCAAACTGCC-1	0.926645091693635	2.78820055457737	-0.468278608534231
B23M_GGGTTTCCAGCAACCT-1	0.838187702265372	2.07332394092936	-6.83366927003765
T11D_GGTAAACCAATAATCC-1	0.878101402373247	6.07084833874819	-4.37016858277547
T14D_GGTAACTTCCTTGAGG-1	0.0409924487594391	8.25092287825153	-12.0345506531405
T11D_GGTAACTTCTAACTGA-1	0.623516720604099	4.53054786294959	-8.1269959680172
B23M_GGTAAGGGTTACTTCA-1	0.451995685005394	1.83854517506672	13.9416601885888
T11D_GGTAAGGGTTGGCGTG-1	0.982740021574973	-5.38339956696664	-19.7389698322411
T14D_GGTACCGGTGTTTCAC-1	0.41747572815534	5.80584110235448	-10.4375266688427
A25D_GGTACCGGTTACTTCA-1	0.190938511326861	7.99759898065249	-14.02799551936
A25D_GGTACTTAGACTTACA-1	0.841423948220065	2.57938770942265	4.19153707210678
A25D_GGTATTTCACTTAGGC-1	0.454153182308522	1.50754166853194	6.04053818294039
B23M_GGTCAGGAGCGATAGA-1	0	-7.90505356621071	-11.7498797934736
T14D_GGTCCTGCAGCGCTTG-1	0.0711974110032362	-1.97449397640595	23.0956784603294
A25D_GGTCTTGAGGAGGCAT-1	0.259978425026969	8.12453984751643	-21.7202071530966
A25D_GGTCTTGAGTTTGTCT-1	0.0485436893203883	8.24387795207919	-15.7721905515785
B23M_GGTCTTTGTTTGAGCA-1	0.201725997842503	-10.1627351563752	19.2358444964312
T14D_GGTGATTTCATCCTAT-1	0.237324703344121	15.9404086711655	-17.6060624671409
T14D_GGTGATTTCGAGGAAC-1	0.585760517799353	-7.44974675637039	7.53258571598371
A25D_GGTGCTGGTTAGAGCC-1	0.264293419633225	15.0082686234593	-16.0392879060137
A25D_GGTGTCCAGCAAACCT-1	0.0377562028047465	4.65834463616114	-21.4206825462938
A25D_GGTTAGCGTTAAGCCA-1	0.72168284789644	7.36843861669889	-14.3426729969995
B23M_GGTTAGCGTTCCGGCT-1	0.408845738942826	-12.4823443997108	3.63411723931506
T11D_GGTTATGGTTTGAGCA-1	0.583603020496224	-5.30440012885504	11.923461817725
A25D_GGTTCCCGTCCTAAGA-1	0.701186623516721	9.72301071474029	-12.7074150248166
B23M_GGTTGACGTCTTTATG-1	0.961165048543689	-2.36928954426788	-18.3467723832266
A25D_GGTTGCATCCCTCTAA-1	0.629989212513484	-3.74365984291332	5.06330368542581
B23M_GGTTGCATCTGGCTTC-1	0.102481121898598	6.96764560437718	-21.8870353931268
T14D_GGTTTAATCATAGCCG-1	0.464940668824164	1.20200564817531	8.87055931176593
T11D_GGTTTCTGTTTATCGC-1	0.470334412081985	-6.5609905450082	20.8202067598544
T11D_GGTTTGTAGTGTTGCG-1	0.696871628910464	-6.63548319536813	0.337619557501931
T11D_GGTTTGTAGTTAGCTA-1	0.411003236245955	8.87189095508658	3.93986488552253
B23M_GTAAGGTCAGTGAACG-1	0.477885652642934	15.2372173799449	-16.6927904438823
T11D_GTACACCCAAGCTAAA-1	0.0237324703344121	8.70694963753536	-26.8639388508054
T14D_GTACCTTGTCTTTATG-1	0.285868392664509	4.66228064855932	-14.0714625785643
T11D_GTACTAATCTTCAATC-1	0.425026968716289	-7.94018486784768	24.6801858474345
A25D_GTACTTAAGCCTGATG-1	0.289104638619202	0.353370108022114	13.9965724158006
T14D_GTAGCCATCGATTCTT-1	0.625674217907228	1.68831949434477	-6.75598795414124
A25D_GTAGGATCAATCCTGA-1	0.484358144552319	-10.7958007417556	15.5246340033188
B23M_GTATGTTCATTGTGCA-1	0.481121898597627	-11.3752898489693	13.6754133437365
B23M_GTATTGTCAGTACCGT-1	0.703344120819849	-1.9578070441224	4.64949655820057
T14D_GTCAAACTCTGCAACG-1	0.564185544768069	-8.4290194587688	-1.26473100319406
T11D_GTCAATATCAAGACTC-1	0.911542610571737	-0.817714166393059	3.95183043449809
A25D_GTCATCACAGCATTAT-1	0.807982740021575	0.926317817426793	0.361064336743268
T14D_GTCATCCTCACGCATG-1	0.149946062567422	10.8875416400909	-27.07663197975
T14D_GTCATCCTCGTTAGTA-1	0.335490830636462	-8.78114514384385	-8.80786542320516
A25D_GTCATCCTCTTTAAGG-1	0.891046386192017	3.39060346382135	1.18573379702017
T11D_GTCATGAGTAACTACG-1	0.836030204962244	4.26158703218496	-0.760483186637715
T11D_GTCATTAAGTTGTCCC-1	0.793959007551241	6.26855453167065	-8.400285571913
T14D_GTCCTAGAGCGATAAG-1	0.638619201725998	9.23401609523716	-9.89049124050205
A25D_GTCCTCAGTTGTTCAC-1	0.361380798274002	17.154017435762	-16.9758298347769
A25D_GTCTAACAGTTCCTCA-1	0.771305285868393	6.66347906488026	-4.76963132832237
T14D_GTCTCACTCCCTCTAA-1	0.058252427184466	2.7415415588331	-18.4928293342422
T11D_GTGAGCGAGCTAAGTC-1	0.0992448759439051	-4.34889027804662	18.1237328873169
A25D_GTGAGCGAGGCATGTT-1	0.414239482200647	17.2537656808393	5.75678070835858
A25D_GTGCAAGCAGCAAATA-1	0.0776699029126214	1.13904651031133	13.1211591701697
A25D_GTGCATTAGGCCTGGT-1	0.554476806903991	-4.82641115772439	5.35121671870353
B23M_GTGCATTAGTCAGTAC-1	0.0323624595469256	1.99050339049168	-19.2190597839162
A25D_GTGCCTTTCCTGGTGA-1	0.168284789644013	-6.79013679241412	-9.69867847888114
A25D_GTGCGGTTCTAATTGG-1	0.275080906148867	-1.07061184046725	-17.1258078869431
A25D_GTGCTGATCCTAGTAA-1	0.391585760517799	-6.86668834826383	2.91841821374734
B23M_GTGCTGGGTATGTGGC-1	0.00539374325782093	-9.33141334242228	-11.7595435665855
T11D_GTGCTTACATTATGAC-1	0.11866235167206	20.0530721714612	1.28606442686542
A25D_GTGCTTCTCAATCTAG-1	0.297734627831715	17.0839380488691	-17.1417008982735
T11D_GTTAAGCTCTTTGACT-1	0.276159654800431	-6.59112577776811	26.3540161696963
A25D_GTTAATGTCAGCATTA-1	0.263214670981661	9.32401513942547	18.6324269589039
B23M_GTTAATGTCTTAGCGG-1	0.24487594390507	-8.6366291053827	13.4479081525188
B23M_GTTACCTGTTCACCAT-1	0.407766990291262	13.9405364945358	-8.20990009431129
T11D_GTTACTCGTTGGATAT-1	0.0550161812297735	2.40755551156062	-11.472761556748
A25D_GTTAGACTCCTCATGC-1	0.368932038834951	-1.17224571566583	-4.76159003883239
T11D_GTTAGGCGTCAGTAAT-1	0.289104638619202	17.3041057363174	-15.4960428442372
A25D_GTTCATTTCATCCTGC-1	0.33764832793959	2.19379911661935	14.3545908528001
T14D_GTTCATTTCATGTTTC-1	0.97411003236246	-5.42367915347982	-19.7905468123013
T11D_GTTCCCAGTTTATCTG-1	0.0366774541531823	10.0726026869432	-14.4961033490176
T11D_GTTCCCAGTTTGAGCA-1	0.406688241639698	17.3052770993065	-0.862253208767201
A25D_GTTCCTGGTTTACTTG-1	0.0399137001078749	2.59437251503459	-18.5358309738989
T11D_GTTCCTTCATGACTAT-1	0.0981661272923409	-1.69874407135629	-11.5927105693214
T14D_GTTCGCTTCATTTAGG-1	0.141316073354908	-9.91944532612957	-0.55630684505563
B23M_GTTGCGGGTGAAGCCT-1	0.477885652642934	-15.9666877150179	10.0744685285752
A25D_GTTGCTGAGTTGGATC-1	0.805825242718447	1.89253020073951	-5.62340741672366
T11D_GTTGGAGCATGAATCT-1	0.0453074433656958	-4.59745079941478	-11.1686724737919
B23M_GTTGGCCAGTCCTGAG-1	0.553398058252427	-8.73701618012899	-1.22676301846894
A25D_GTTGGCGGTGTTTCAC-1	0.173678532901834	20.0058938573782	-2.13138164681822
T14D_GTTGTTGCATCAGCAC-1	0.144552319309601	-9.81721196375486	0.984182055527971
A25D_GTTTAGCAGGCGAAAC-1	0.10571736785329	-5.10138099050922	12.473820824087
T11D_GTTTATCTCGGTTAGT-1	0.676375404530744	8.94035099518069	-5.27327993246388
A25D_GTTTGCTGTCATGCCC-1	0.283710895361381	21.5690292322631	0.0962633019413922
B23M_GTTTGCTGTTACCGGG-1	0.59007551240561	-8.54189166426856	13.6428401431551
T14D_GTTTGTAAGGAGGTTA-1	0.194174757281553	16.3132409049964	-4.6595148906961
A25D_TAAAGCCTCAAAGGCA-1	0.239482200647249	1.8067943646762	15.8006127205204
T11D_TAAAGCCTCCCTCATA-1	0.35814455231931	4.47259414964378	-10.960361808143
T14D_TAAAGCCTCTTAGTGA-1	0.408845738942826	8.94444198147357	-22.1598141619987
T11D_TAACCGGTCATGAGCT-1	0.689320388349515	9.49538491523616	4.40109869661475
T11D_TAATGGACACGGTTTA-1	0.00970873786407767	11.2687412712934	13.7840065888302
A25D_TAATTGCCATCCCGCT-1	0.253505933117584	15.601009574055	-16.9445936352467
A25D_TACAACATCGTTTCTG-1	0.713052858683927	5.10401050120708	-10.5886637276555
B23M_TACAGGTTCCAAGTTA-1	0.0560949298813377	20.0147136827904	-3.4934752983235
B23M_TACAGGTTCGGTACGC-1	0.147788565264293	-2.33328976784764	-6.68645216592414
T11D_TACATCAAGGTCCAAT-1	0.187702265372168	-4.14004457492336	-9.97874913961605
A25D_TACCAGGTCCCGAAGC-1	0.274002157497303	-10.7127466471331	0.988460132467576
B23M_TACCGCAAGTACCGCA-1	0.0949298813376483	16.135206366216	-16.4261247397924
A25D_TACCTCATCGGCCATA-1	0.936353829557713	7.31763802265295	-9.26746604368718
A25D_TACCTTAGTTGAGGTC-1	0.381877022653722	1.73631153578885	-12.8427421292023
B23M_TACGTAATCCTAAGAC-1	0.48975188781014	2.16331051432739	13.6393977566641
T11D_TACGTACAGGCTGGCT-1	0.752966558791802	-5.14471019746146	7.79314008543656
A25D_TACTAAGTCCAGGGAG-1	0.100323624595469	-14.0936873336635	-7.84428056722717
T11D_TACTGACAGTTGGATC-1	0.412081984897519	-11.3893703968079	-2.77093878965887
A25D_TACTGGCCAATTTAGC-1	0.585760517799353	1.16954980288616	-6.3725884984539
A25D_TACTGGCCACAGACTC-1	0.116504854368932	3.66496430405841	-19.6448272195392
T11D_TAGCCTCTCGTCAAGT-1	0.598705501618123	-6.78386635854401	5.78812968949467
T14D_TAGCGGACATTTGCTC-1	0.673139158576052	-6.41468848216749	8.1675970599344
A25D_TAGCTAATCCATTACT-1	0.124056094929881	8.154041751547	-22.8272524350054
A25D_TAGGCTTAGTAGCCAT-1	0.658036677454153	-0.360717983853674	-5.3813382216682
T11D_TAGGGTTTCGCAGGCT-1	0.0593311758360302	-2.67652926019306	-9.91522020506202
A25D_TAGGTTATCGCTAGAT-1	0.351672060409924	-15.8583108631933	13.1777120562917
T11D_TAGGTTGGTGGTTAGC-1	0.282632146709817	13.8265236614573	-14.8585041599979
A25D_TAGTAAGCAGGACCTT-1	0.373247033441208	1.5117746679488	15.9453109096696
B23M_TAGTTGTCATACCCGG-1	0.809061488673139	3.79298879089895	-4.79932006016336
T11D_TATAACCCAAATACCT-1	0.029126213592233	6.81014219869905	-19.9125835422766
T14D_TATAACCCATTAAGTC-1	0.11866235167206	8.49676264441357	-11.3417757400266
T11D_TATATCCTCAAACTCA-1	0.0895361380798274	11.2678857027946	-27.7716599450051
T11D_TATATCCTCCTAAATG-1	0.486515641855448	-6.80608947982582	20.8184458200871
T11D_TATATCCTCGTTATAG-1	0.439050701186624	-7.78214796823885	24.2222929311756
T11D_TATCCAGCATAGACTT-1	0.626752966558792	-17.6805397687612	-21.0827480068578
A25D_TATCCGGAGGAAGCAC-1	0.741100323624595	-0.547182948628671	-4.97844414996501
T11D_TATCCGGAGGGACCTC-1	0.925566343042071	10.4029084034436	1.80467817585458
T14D_TATCGCACAGGCTACT-1	0.468176914778857	14.314609764024	-13.840726984179
B23M_TATGACTCAGCCTAAC-1	0.128371089536138	-18.6649843364554	8.23089074389139
A25D_TCAAGGTTCCTCAGTC-1	0.0625674217907228	-20.4184660973134	3.23537919450299
T11D_TCAAGGTTCGTTAGTA-1	0.108953613807983	-11.9757061225749	-4.05132789613975
T11D_TCAGCCTTCCGCATGA-1	0.177993527508091	-7.70659096751538	18.9251024123587
T11D_TCAGGAGCAGTTTGTG-1	0.0269687162891046	8.17653343363374	10.9874571916472
B23M_TCAGTAATCCGGAACC-1	0.289104638619202	10.1436799941804	16.492578687801
A25D_TCATAACCACCTACGG-1	0.912621359223301	2.32378484709446	-5.08879976495923
T11D_TCATCCATCACGCCAA-1	0.485436893203884	-8.81844264338388	15.4789419114259
T11D_TCATTTGGTTTACGTC-1	0.785329018338727	2.52037475113781	0.758970218931484
A25D_TCCACAACAATAGCCC-1	0.908306364617044	3.7353066574601	-0.792313628911853
T11D_TCCATATTCGTACCGA-1	0.655879180151025	5.45773886076338	-6.66969202733056
T11D_TCCATATTCTTGTCCA-1	0.135922330097087	9.53637247012347	18.7641631755144
B23M_TCCATCATCCTAAATG-1	0.748651564185545	-1.91795260182997	4.73687636837653
B23M_TCCCTCACACCTAATG-1	0.428263214670982	-11.4472744976982	5.78154349432171
T11D_TCCCTGGTCTTAGGGT-1	0.0269687162891046	6.23361338111287	-21.5708118339948
T11D_TCCCTGGTCTTTGACT-1	0.542610571736785	-5.96943371481508	10.0555363959615
T11D_TCCGCCATCATGAGCT-1	0.501618122977346	-9.03309351876545	15.5402660807256
T11D_TCCGCCATCGGTTTCC-1	0.169363538295577	2.61626960019954	-18.1563496651534
T11D_TCCTAGTGTCACGAAC-1	0.639697950377562	12.5920449554542	-13.594361965048
A25D_TCCTGGTTCCGTCCAT-1	0.943905070118662	-5.58372459953628	-19.7962246785702
T11D_TCGCATTGTATACTGG-1	0.88673139158576	-0.114896124315748	2.77223880268431
A25D_TCGCATTGTTTAAAGC-1	0.12621359223301	10.3406316392154	18.2415459971425
T11D_TCGCCCATCAGTTCCC-1	0.888888888888889	4.66793949477986	-5.46298604710749
T11D_TCGCCCATCCTCATGC-1	0.21898597626753	-11.3960199876873	15.4674840887367
A25D_TCGCGAGGTCATAAGT-1	0.72923408845739	-9.67510920602811	-13.8176324626251
A25D_TCGCGCACATCGCTCC-1	0.204962243797195	20.0214851584726	-2.21811695830348
B23M_TCGGTTTGTGCAATGC-1	0.470334412081985	-2.82459160734254	13.6660342750855
T14D_TCGTGCTTCCTGATGG-1	0.660194174757282	-6.2346269446497	-1.01940841270364
B23M_TCGTTAGCATCATGGC-1	0.421790722761597	-13.424394840103	13.3607578483504
A25D_TCTAACTTCGGCTAGC-1	0.855447680690399	1.45226765763773	-4.05229578878222
A25D_TCTAAGGGTATTGCAG-1	0.75512405609493	7.1204643945793	-13.8591022289596
A25D_TCTCAAGCATGCTTAG-1	0.777777777777778	-0.0471167901868148	5.09645546148788
A25D_TCTCAATTCTGGTCCT-1	0.448759439050701	12.9887154568362	-13.879914262323
B23M_TCTCCTCGTCAAAGGG-1	0.177993527508091	14.8915741882977	8.46609057557805
T11D_TCTCGCCCATCATGGC-1	0.161812297734628	6.51056813622904	-17.7191299183163
T11D_TCTTAGTTCCTTAGGG-1	0.697950377562028	-0.301861664875862	-5.01818634722282
B23M_TGAAACTGTCACAAAT-1	0.411003236245955	-7.2844452132848	11.3069234868084
T14D_TGAACAACAGTAAGTA-1	0.171521035598705	-10.2417606482942	-5.02839005633561
B23M_TGAACAGAGCTAATCA-1	0.0151024811218986	-2.67571333561877	-10.237748273825
B23M_TGAAGGATCCTAGTAA-1	0.606256742179072	10.0002117020687	-11.1235730782931
T11D_TGACTTAAGGTGAAAT-1	0.151024811218986	-10.2903828303802	-3.24620311367963
T11D_TGACTTCGTGTTGCAA-1	0.162891046386192	5.70950088345623	12.4082815075683
T11D_TGAGGGCCAAGCGAGC-1	0.0431499460625674	7.82324995576521	-18.9747944779359
A25D_TGAGTTTCAGCTCATA-1	0.115426105717368	5.300133944022	-20.2697500647215
T14D_TGATCAATCCGTTATT-1	0.128371089536138	-11.5203406618518	-4.10387717530238
T11D_TGATCAATCTGCAAGT-1	0.725997842502697	15.6196177101323	3.94443507100644
A25D_TGATCACAGCATCCAG-1	0.318230852211435	-0.730057069468037	13.9154668166027
A25D_TGATCAGGTCCTAACT-1	0.0366774541531823	-3.88357460962007	-11.9449999296088
A25D_TGATCCTGTGCTAGCG-1	0.418554476806904	19.3338158182221	5.61636785222296
T14D_TGATGACTCCACCTTA-1	0.09277238403452	-10.9366197098584	-8.5873116421402
T11D_TGATGATGTGCTAGCG-1	0.875943905070119	6.69826544019966	1.38994685832772
B23M_TGATTCAAGATTGAGG-1	0.646170442286947	-8.84074052961541	11.952508319705
T14D_TGATTCAAGCGCTCAA-1	0.196332254584682	11.9863386888762	-7.70100345482015
T11D_TGCACCTTCACGAATC-1	0.585760517799353	-0.376954093016336	-14.5032100828296
T14D_TGCACTTGTTTGGCTT-1	0.44336569579288	-6.97829874509002	-8.1573003212452
T14D_TGCAGGCTCATGCGTG-1	0.900755124056095	-5.6799846869633	-1.71919792592526
A25D_TGCAGGCTCCTAAGAC-1	0.47680690399137	18.714720211344	1.71069269988902
T14D_TGCCATTGTCAAGTGC-1	0.433656957928803	-5.34340382166141	11.7161122342477
T14D_TGCCATTGTCGACTAA-1	0.759439050701187	10.7083999061191	-13.0429696680233
A25D_TGCCATTGTGCGCATG-1	0.0690399137001079	3.17736905067684	-19.4232038645662
B23M_TGCTATGCAGCCAGTT-1	0.388349514563107	-1.22168148431622	-14.4906462978737
A25D_TGCTCCGTCAGAAACG-1	0.632146709816613	1.51435972909533	13.8133881433276
T11D_TGCTCTCAGCTTTGTT-1	0.460625674217907	4.36262853343107	-6.53488433749634
T11D_TGCTCTCAGTTAACCA-1	0.222222222222222	-1.30023390858963	-7.50783777820469
T11D_TGCTGGATCCCTCTAA-1	0.733549083063646	-3.17382761215145	5.58883728467029
A25D_TGCTTGTGTTACATCC-1	0.725997842502697	11.9410307318112	-12.3573928680675
T11D_TGCTTTAGTGGACCTG-1	0.0420711974110032	-11.5122750544299	-16.948766016584
T14D_TGGACGGAGTAAGTCC-1	0.181229773462783	-9.83453230852976	-9.25001918513404
T11D_TGGACTAGTCGTAAAT-1	0.017259978425027	4.89770016874436	-17.9024516705082
T14D_TGGCTAAGTTACTAGG-1	0.16504854368932	5.76120053411876	-11.4786504429006
T11D_TGGCTAAGTTCGGTAA-1	0.501618122977346	12.3721332485137	-14.8452242295711
A25D_TGGCTATAGGGTCTAT-1	0.36353829557713	11.1888805631519	-27.1479751438041
A25D_TGGGCCTAGACAACAG-1	0.815533980582524	5.25405287846678	-5.79499955241845
A25D_TGGTCAAGTGGATTAT-1	0.995685005393743	-4.82124045758274	-20.2157864519305
B23M_TGGTCATAGACTTACA-1	0.180151024811219	-6.35831028115167	4.45922069422758
A25D_TGGTCCTTCTGTGCCT-1	0.764832793959008	0.99292660711446	-6.37896411761542
B23M_TGGTCCTTCTTGTCCA-1	0.78856526429342	5.24957487920074	-8.50578314545135
T11D_TGGTGCATCCTAAGAC-1	0.609492988133765	11.4503952202191	-5.51285458813269
A25D_TGGTGCATCTTGAGCG-1	0.193096008629989	-3.49734506689767	18.3994997848417
A25D_TGGTTAATCATTGTCT-1	0.932038834951456	2.62095015115741	-5.47458047722464
T11D_TGTAAAGCAAGTGAAC-1	0.153182308522114	-13.0014660451809	-8.36443939965254
T14D_TGTAAAGCAATTAACC-1	0.483279395900755	2.88396981097693	9.14564367045562
T14D_TGTAACTCATCTTGAG-1	0.0496224379719525	5.07737460651181	-21.12153333378
T11D_TGTAAGCTCCAGGGAG-1	0.947141316073355	-6.99037770568294	-21.7951919311734
T11D_TGTATCCGTCTTACTA-1	0.854368932038835	7.82968371861556	-7.79431776610833
T14D_TGTCAGTAGGCTTAGT-1	0.0701186623516721	-14.0035714062848	-9.55330828119029
T11D_TGTGGAGCAATAACCT-1	0.161812297734628	-13.5042182874882	-9.51987615138524
T11D_TGTGTGAGTTCGCGCT-1	0.388349514563107	-7.3227232448563	23.1225072586174
T11D_TGTGTTAAGGATCACT-1	0.832793959007551	6.85415299398643	-4.08603009054397
T14D_TGTTACTTCCCTCAAC-1	0.116504854368932	6.53437504885548	-12.6213665888703
B23M_TTAAGGACATTGGGAG-1	0.325782092772384	-7.54570326605108	-2.8834672562498
A25D_TTAATCGAGTCCTTTG-1	0.766990291262136	-0.161428561659503	-3.97054078098567
A25D_TTACACCGTTAATGCG-1	0.134843581445523	6.72495289207361	10.1192309489447
T11D_TTACAGCAGGAGTCTT-1	0.433656957928803	-8.58549033945206	20.9304384879483
A25D_TTACCGTGTTGGATCA-1	0.117583603020496	-9.25638614132787	-5.3035309601664
T14D_TTACGTTTCCTAAGTA-1	0.731391585760518	2.62566021735891	9.26765862431352
T14D_TTAGCCTGTGGGAACA-1	0.499460625674218	12.81866074241	-12.2715287472772
A25D_TTAGTCAAGTAAGGGC-1	0.146709816612729	3.92289164274389	-17.6991764814326
A25D_TTATTGCTCCTTCGTA-1	0.908306364617044	4.77886648624641	-5.14240161477699
A25D_TTCATTCAGACAGGTA-1	0.64940668824164	7.69597615436347	3.56868554817505
T14D_TTCATTCAGGACAACA-1	0.0345199568500539	-11.9981284881542	-5.03545772680426
T11D_TTCATTCAGTCAATCA-1	0.0560949298813377	10.2820942305361	-26.4231922129694
T14D_TTCCTCAAGGCTAGAA-1	0.347357065803668	-4.85363760331056	5.32549975904861
A25D_TTCGCAACAGGATAAC-1	0.81445523193096	2.39267233889175	0.887068891347258
A25D_TTCTTAGGTGAGCACT-1	0.557713052858684	18.2586985682212	4.18407239474305
B23M_TTGAGCTAGGCCATCA-1	0.614886731391586	-11.3767953306475	14.5800651623319
T11D_TTGCAACAGGATTTGC-1	0.941747572815534	-5.18717370168104	-19.3464584820445
T14D_TTGCATTTCACTAGGT-1	0.233009708737864	14.0237791504952	-16.6525128666973
A25D_TTGCATTTCGCTAAGT-1	0.935275080906149	-8.09538942619793	-15.9483892088431
T11D_TTGCTTTAGCTTATGA-1	0.495145631067961	-7.39390237401833	11.7254765392808
T11D_TTGGATATCATGTCAA-1	0.533980582524272	-18.4346835468302	-21.5468620987496
T14D_TTGGCTGAGCGCTAAT-1	0.0711974110032362	9.55311698398425	-18.2393607776978
T11D_TTGGCTGAGGCGCATC-1	0.529665587918015	11.6617297674698	-13.729113828736
T11D_TTGGTGAGTGCCGCAA-1	0.783171521035599	1.63211107289461	2.56456629720238
T14D_TTGTAAGTCGTAACGT-1	0.224379719525351	-18.656203150818	22.4875802714641
A25D_TTGTCCCAGACAGGTA-1	0.818770226537217	3.02042811434111	-4.69909883403221
B23M_TTGTCCGGTTTACCGT-1	0.997842502696872	-6.57813577128429	-18.2012868868687
T14D_TTGTGTGCAGTAGGTG-1	0.988133764832794	-7.18091610106731	-18.4028395001359
T14D_TTGTTGCGTTACAAAC-1	0.19848975188781	-1.21135458181313	-13.1161712558636
A25D_TTGTTGTTCTTAGTCT-1	0.458468176914779	-5.42185756024896	10.3261052502483
A25D_TTGTTTGGTCCGTAGG-1	0.382955771305286	20.3343016194735	0.190053932116381
A25D_TTTAACCTCGATAACC-1	0.0431499460625674	-9.58903654830878	-10.1003341743084
A25D_TTTAGGATCTTAGGAC-1	0.0970873786407767	-7.75410929638826	-9.81195302363065
A25D_TTTCATCAGCTCCCTG-1	0.0819848975188781	-10.4040666668067	-5.96033003245214
B23M_TTTCCGGGTTCGCGCT-1	0.377562028047465	13.5281127833352	-13.3777480432274
T11D_TTTCTTGCAACCTGGT-1	0.586839266450917	-7.04820701926733	12.3537734780991
T14D_TTTGCGGAGTAACGAG-1	0.254584681769148	5.67323105616484	-24.0984069270166
T11D_TTTGTCCCAATTGACT-1	0.414239482200647	2.1729143289821	14.3258199920146
T11D_TTTGTTGGTGACATAT-1	0.0906148867313916	8.21721223174276	-21.8662432257588
T14D_TTTGTTGGTTGCTTCG-1	0.0474649406688242	-2.72022879282566	-7.55886597775302
