"","cyto","nCount_RNA","pink","individual"
"T19D_AAAGGACGTATGGTGC-1",0.954347826086957,4354,3.6806332725362,"T19D"
"T19D_AAAGGAGCAAGCGAGC-1",0.16231884057971,1779,-2.726512882855,"T19D"
"T17D_AAATCCGGTGCAATGC-1",0.442753623188406,3090,0.938630385330648,"T17D"
"C15F_AACCTTGCATTGCGAC-1",0.527536231884058,2667,2.45094472444369,"C15F"
"D4M_AACTACTCATAAGGAC-1",0.447101449275362,1622,-0.104738846896234,"D4M"
"C15F_AAGACATAGGCATTAC-1",0.569565217391304,3046,1.73849310645527,"C15F"
"T19D_AAGACATAGTGAAGTG-1",0.558695652173913,2181,-5.54933226194617,"T19D"
"T17D_AAGCCACGTGAACAAA-1",0.194202898550725,1618,-0.280818774972271,"T17D"
"C15F_AAGCTAGAGAGGCTAA-1",0.378260869565217,3198,4.56620684018342,"C15F"
"T17D_AAGCTAGAGGCTAGAA-1",0.546376811594203,2102,3.74506771904394,"T17D"
"D4M_AAGCTCCCATGCTATG-1",0.0920289855072464,1414,-1.91374416287084,"D4M"
"T19D_AAGGATCCAGGAACAT-1",0.406521739130435,1396,-0.0354389881814922,"T19D"
"T17D_AAGTTTGTCGGTCATG-1",0.968115942028986,3249,1.11785184727299,"T17D"
"C15F_AATACCGGTCTCACTG-1",0.0246376811594203,1931,-7.10949490731515,"C15F"
"T19D_AATCTCAAGTCACGAT-1",0.243478260869565,2827,0.290291204912325,"T19D"
"D4M_AATCTTGAGCAAGGAC-1",0.119565217391304,1143,-0.444846050357628,"D4M"
"T19D_AATGCATGTAATGGAA-1",0.251449275362319,3326,3.53926389986034,"T19D"
"C15F_AATTACCCATAACGGG-1",0.933333333333333,5552,8.08307884246723,"C15F"
"C15F_ACAACAGAGCGGGCAA-1",0.17463768115942,1869,-0.85967173792081,"C15F"
"C15F_ACACTTGCATTCCTCG-1",0.722463768115942,7289,-0.00184434028435632,"C15F"
"D4M_ACAGGTAAGCTCGCTT-1",0.921014492753623,1592,-2.70049865204121,"D4M"
"T19D_ACCACATAGCAATAGG-1",0.647826086956522,2329,2.78953620242538,"T19D"
"T17D_ACCTAAATCCGGCTAA-1",0.773913043478261,2993,1.27752741592561,"T17D"
"C15F_ACGGTACGTATTGCAG-1",0.721014492753623,3663,2.09173765300647,"C15F"
"T19D_ACGGTTTAGCGCATTG-1",0.234782608695652,1644,-2.68326095775271,"T19D"
"T19D_ACGTTACAGCTCCTTA-1",0.849275362318841,5328,5.24854178387758,"T19D"
"T19D_ACTCACTGTGCAATGC-1",0.523188405797101,2501,1.50971221155005,"T19D"
"D4M_ACTCCTCAGGTACCGC-1",0.731159420289855,3740,2.72122993581602,"D4M"
"T19D_ACTTCGCTCGCTAGTG-1",0.0804347826086956,2065,-7.19698359367563,"T19D"
"D4M_ACTTGTCGTTACTAGG-1",0.239130434782609,2074,-1.75827559519517,"D4M"
"T17D_AGAGGAACATTTAAGC-1",0.33768115942029,1998,0.991982797143101,"T17D"
"T19D_AGCCTAAGTTACCTGT-1",0.471739130434783,4305,-3.82702660805808,"T19D"
"C15F_AGCCTCCGTGGTTCTT-1",0.457246376811594,2445,-2.71746813560273,"C15F"
"C15F_AGCTGCTCACATGCTA-1",0.0210144927536232,2482,-7.36252391806088,"C15F"
"D4M_AGCTTAATCTTGCATT-1",0.058695652173913,3479,-4.93572390806508,"D4M"
"T17D_AGGAACCAGGAGGACT-1",0.291304347826087,1917,-0.807781766198216,"T17D"
"T17D_AGGAACGGTTAGTGAT-1",0.268115942028986,4331,0.215773683466959,"T17D"
"T17D_AGGACGTAGCCGCAAC-1",0.729710144927536,2679,2.1523907326306,"T17D"
"T17D_AGGATTGAGCGATAGA-1",0.805072463768116,1894,0.178991046118725,"T17D"
"D4M_AGGCGGATCGCATTAA-1",0.328260869565217,1807,-4.97446738780087,"D4M"
"C15F_AGGCGGATCTAACCAA-1",0.1,1862,-4.92415748674078,"C15F"
"C15F_AGGTCCGGTTCCGGCT-1",0.71304347826087,3358,3.64395737318622,"C15F"
"T17D_AGTAACACAGCTTAGC-1",0.944202898550725,4979,0.768759626317311,"T17D"
"C15F_AGTAACACATGCTTAG-1",0.121014492753623,1773,2.13399133950679,"C15F"
"T19D_AGTAATCGTACCAGGT-1",0.77536231884058,2127,-0.447476086060106,"T19D"
"T19D_AGTAGCTTCTTTGAGA-1",0.657971014492754,2496,1.49205413350168,"T19D"
"C15F_ATCAGGTTCGAGCAAA-1",0.36231884057971,2918,1.06094511564447,"C15F"
"D4M_ATCCTCATCTAATTGG-1",0.834057971014493,5282,4.58266914185666,"D4M"
"C15F_ATGAAGCCACAAAGAC-1",0.815942028985507,3229,6.27678847578872,"C15F"
"T17D_ATGTTCAAGCATGTCG-1",0.5,2064,0.0544161266658344,"T17D"
"T19D_ATGTTCAAGTCACTAA-1",0.972463768115942,3639,1.68469692468833,"T19D"
"T17D_ATTCACTTCCGCTAGA-1",0.334782608695652,6843,1.8111751277681,"T17D"
"T17D_ATTCATGAGTCATTTC-1",0.468840579710145,6981,1.08314885035897,"T17D"
"D4M_ATTCGTTTCGTCAAGT-1",0.26231884057971,1955,0.870399558249225,"D4M"
"C15F_ATTGCGCCATAATTGC-1",0.284782608695652,2830,2.2824896115205,"C15F"
"C15F_CAAACACTCATAGCCG-1",0.05,3333,-7.72784462846977,"C15F"
"T17D_CAAACTGGTCGCGCAA-1",0.473913043478261,1469,1.13895659613968,"T17D"
"C15F_CAAGACAAGGAACCGG-1",0.0036231884057971,1216,-7.19693832702718,"C15F"
"C15F_CAAGTATGTCATAGAT-1",0.456521739130435,3100,0.94633780704794,"C15F"
"T17D_CAATCGCCAGCGCTTG-1",0.152898550724638,1540,-1.04913749487006,"T17D"
"D4M_CACCAACCATTGCAGC-1",0.521014492753623,3123,4.1404840606754,"D4M"
"T19D_CACCGGTAGTCACTAA-1",0.482608695652174,4765,0.532025176611874,"T19D"
"T19D_CACTGACCAGCCAGAA-1",0.247101449275362,3060,-4.13116797326162,"T19D"
"T17D_CACTTAAAGAGGGACT-1",0.966666666666667,3029,7.73559518989352,"T17D"
"C15F_CACTTAAAGGACCTCA-1",0.911594202898551,3564,3.60625950594404,"C15F"
"D4M_CAGAATCTCAATGTGC-1",0.988405797101449,3805,2.8502694556751,"D4M"
"D4M_CAGCTCAAGGTCCGTA-1",0.917391304347826,9298,0.42194244008498,"D4M"
"C15F_CAGGTCCAGTTAACCA-1",0.919565217391304,3049,0.63118790867359,"C15F"
"T19D_CATTATCTCGCTAGAT-1",0.178985507246377,2888,2.16329537674095,"T19D"
"D4M_CATTATCTCTATGACA-1",0.650724637681159,3130,-0.0171006462504893,"D4M"
"T19D_CATTTGTTCATGGTTA-1",0.999275362318841,6173,3.20347429905991,"T19D"
"D4M_CCAAACCCAGGTTTGC-1",0.339855072463768,1600,1.04050344294684,"D4M"
"T19D_CCAAACCCATCACTTC-1",0.709420289855072,3053,-3.60172652551234,"T19D"
"T17D_CCAAATCAGCTAAAGG-1",0.610144927536232,2555,-1.79506439914883,"T17D"
"T17D_CCAACATAGCAACATC-1",0.91304347826087,3040,0.496426799883618,"T17D"
"D4M_CCAACATAGGTAAGGC-1",0.421014492753623,2437,1.08260130231399,"D4M"
"T17D_CCAACCCGTTAACGGC-1",0.941304347826087,2902,4.00408879076065,"T17D"
"D4M_CCATAAGGTTACGCGG-1",0.673913043478261,1855,1.02197958354391,"D4M"
"T19D_CCCAAATAGCATGGTT-1",0.565217391304348,3920,1.77599279627309,"T19D"
"D4M_CCCGCAACACATTAAC-1",0.439130434782609,1976,-0.743583809329002,"D4M"
"D4M_CCCTCACCACAGCCTG-1",0.616666666666667,4504,4.31302149937121,"D4M"
"C15F_CCGGTTAAGTGAACCT-1",0.110869565217391,3275,1.910812312374,"C15F"
"T19D_CCTAAATCATAAGTTC-1",0.677536231884058,4601,6.53644393244637,"T19D"
"T17D_CCTACTGGTACGTTTC-1",0.929710144927536,5116,3.25392057136233,"T17D"
"C15F_CCTACTTCACCAGCAT-1",0.626811594202899,4823,1.41573920635874,"C15F"
"T19D_CCTATTGTCGGTCAGC-1",0.916666666666667,5557,1.01905227483034,"T19D"
"C15F_CCTTAGTGTTCGCTTG-1",0.0673913043478261,2347,-5.7938457409243,"C15F"
"D4M_CGACAAGCACTTCACT-1",0.265942028985507,1668,-0.557384756278324,"D4M"
"C15F_CGAGGTGAGCGGATAA-1",0.359420289855072,1856,-0.987407824146934,"C15F"
"C15F_CGAGGTGAGGCCGGAA-1",0.254347826086956,1800,-2.17394211321506,"C15F"
"T17D_CGAGTCGGTCAAACTG-1",0.955072463768116,4841,0.441805807765758,"T17D"
"T17D_CGCACCACAAAGGTAC-1",0.148550724637681,2830,-5.55119865462365,"T17D"
"T17D_CGCTTACTCGTGCTAG-1",0.694927536231884,2577,0.394493668062299,"T17D"
"T17D_CGGGTATGTAATAACC-1",0.967391304347826,4910,1.71699404230099,"T17D"
"C15F_CGGTTTGAGGACCTGC-1",0.573913043478261,3563,4.4708540320668,"C15F"
"C15F_CGTTGCGCAGCCAGTT-1",0.98768115942029,4009,2.43185096912292,"C15F"
"D4M_CTAATAGTCTTGGATA-1",0.994202898550725,8983,1.59736199891836,"D4M"
"C15F_CTACCGGCATAGCTTG-1",0.399275362318841,1816,3.04468485665465,"C15F"
"T17D_CTCATCATCAGAAACG-1",0.838405797101449,5325,3.34643604559669,"T17D"
"C15F_CTCATGACACAATACT-1",0.847826086956522,3194,-3.61058452539411,"C15F"
"T17D_CTCCAAACAGCAAGTG-1",0.271014492753623,2866,1.051781221224,"T17D"
"C15F_CTCCGTCCAGGTTCAC-1",0.472463768115942,4416,-1.0243077396537,"C15F"
"T19D_CTCCTAATCACTAAGC-1",0.918840579710145,2538,-0.762076325645195,"T19D"
"T19D_CTCCTAATCTATCGCC-1",0.507246376811594,8956,5.79881236989507,"T19D"
"D4M_CTCCTCACATCACTTC-1",0.413768115942029,4322,0.278281564594412,"D4M"
"D4M_CTCCTGAGTGGGTACT-1",0.946376811594203,4188,-0.825625664157974,"D4M"
"D4M_CTGGTAAGTTGGCGTG-1",0.198550724637681,1067,-2.67669798219674,"D4M"
"T19D_CTGTAACAGCTCAATA-1",0.968840579710145,4912,-1.84261388955438,"T19D"
"T17D_CTGTACCTCTCGACCT-1",0.6,3269,1.9871501450833,"T17D"
"T17D_CTGTGTGAGTTTAACG-1",0.755072463768116,3542,4.74998094453236,"T17D"
"T17D_CTTCAGGAGCTTAGTA-1",0.330434782608696,3732,2.8139015922859,"T17D"
"D4M_CTTGAACAGTAGCCAT-1",0.308695652173913,2122,1.07289018181448,"D4M"
"D4M_CTTGAACAGTCACTAA-1",0.155797101449275,2142,1.08777752491866,"D4M"
"C15F_CTTGAATCATAGCTTG-1",0.865942028985507,2729,-1.67474084172182,"C15F"
"C15F_CTTGTAAAGAGAGCCG-1",0.410869565217391,1645,3.84736746748485,"C15F"
"T17D_CTTTATGGTGGTTAGC-1",0.643478260869565,3825,2.68365801570981,"T17D"
"D4M_CTTTGGGAGGACAATG-1",0.27463768115942,1718,0.129820582225231,"D4M"
"T17D_GAACCGCTCAATAGCC-1",0.844927536231884,4326,4.39171413688204,"T17D"
"C15F_GACATTATCGTTCACC-1",0.971014492753623,3724,-1.91036921969618,"C15F"
"C15F_GACGCAACACAAAGAC-1",0.538405797101449,2178,-1.73240213550724,"C15F"
"T19D_GACTTAGGTTGCAATG-1",0.239855072463768,1879,-1.43038038590712,"T19D"
"D4M_GACTTGGTCTGGCTTC-1",0.882608695652174,3876,-0.410509951723602,"D4M"
"T19D_GAGATAAGTGGTTAGC-1",0.077536231884058,1102,-1.31451206886569,"T19D"
"T19D_GAGCAAATCCTTGTTG-1",0.506521739130435,2293,2.16362219464265,"T19D"
"T19D_GAGCCACTCTATCGCC-1",0.60072463768116,2020,2.28227668974664,"T19D"
"C15F_GAGCTTGTCCACCCTG-1",0.931159420289855,3712,-0.485433138748997,"C15F"
"D4M_GAGGCCTTCTAGCTAA-1",0.272463768115942,2615,-2.12853858286587,"D4M"
"D4M_GAGTAACCAGGCAAGC-1",0.865217391304348,4207,4.34127264358344,"D4M"
"T17D_GATAACGAGAGAGCCG-1",0.391304347826087,2739,4.16159221193288,"T17D"
"T19D_GATCGATTCATCGTTT-1",0.384782608695652,3776,2.93305990711264,"T19D"
"T17D_GATGACTTCATTGACA-1",0.796376811594203,4076,5.99187477948757,"T17D"
"C15F_GATTAGTGTTGTTGTC-1",0.427536231884058,1539,-4.83953629741148,"C15F"
"D4M_GCAAGTGCATTGCGGT-1",0.536231884057971,1715,1.70957144090276,"D4M"
"T17D_GCCAATAGTCAGTAAT-1",0.605072463768116,2429,2.22587045794412,"T17D"
"T19D_GCCAGGAAGTTTGGTA-1",0.37463768115942,2229,3.29609876724012,"T19D"
"C15F_GCCTAATAGGTAAGCA-1",0.195652173913043,3621,2.1468359845069,"C15F"
"D4M_GCCTGCTGTTTATTCG-1",0.881159420289855,6810,3.29269817754762,"D4M"
"C15F_GCCTTAACAATAATCC-1",0.184057971014493,3020,-0.570560605791582,"C15F"
"C15F_GCCTTAACATACTCCT-1",0.0942028985507246,4601,-4.40461308343505,"C15F"
"T19D_GCCTTACTCCTAATGA-1",0.0384057971014493,1849,-5.18333926034207,"T19D"
"T17D_GCTAGCGGTGCACGCA-1",0.147826086956522,1666,1.53154066195494,"T17D"
"T19D_GCTTCGCGTCATCCTG-1",0.964492753623188,8445,-2.80735443195937,"T19D"
"D4M_GCTTTATTCAGTATTG-1",0.230434782608696,2021,-1.58135567022717,"D4M"
"C15F_GCTTTCATCATGACCG-1",0.403623188405797,3064,3.33071566001224,"C15F"
"D4M_GGAACCTGTTGCCTCA-1",0.490579710144928,2255,2.66561527777859,"D4M"
"C15F_GGACCGAAGCATTAGC-1",0.282608695652174,3741,0.617031375671277,"C15F"
"C15F_GGAGCATAGTAACCAC-1",0.218115942028986,1372,-3.25817773932284,"C15F"
"D4M_GGATATTGTTAACGGC-1",0.678260869565217,3041,0.391635753598328,"D4M"
"T19D_GGATGTAAGGAAGTAT-1",0.0623188405797101,3676,-5.38768426209527,"T19D"
"D4M_GGCCTTAAGATAGACG-1",0.922463768115942,3123,-3.33990163332852,"D4M"
"C15F_GGCGTTATCACGTTAA-1",0.81231884057971,3059,-0.140815822587808,"C15F"
"T17D_GGCTAGTGTTAGGACC-1",0.528260869565217,3292,4.51441159505263,"T17D"
"T19D_GGGTGAAGTCACTCGC-1",0.452173913043478,2839,1.20246238994725,"T19D"
"T19D_GGTGAGCCAAGCTAAA-1",0.294927536231884,2243,-1.34950982121997,"T19D"
"C15F_GTAATAGCATGATTGT-1",0.83695652173913,5005,3.84424079912134,"C15F"
"C15F_GTATTCAAGTCACGAT-1",0.592028985507246,3038,2.84561939247622,"C15F"
"T17D_GTATTGCAGTAAGGGC-1",0.813768115942029,2638,3.25422925967597,"T17D"
"T19D_GTCAAACTCAAGCTTA-1",0.129710144927536,2429,2.80043541952744,"T19D"
"T19D_GTCTCACTCAGCACGC-1",0.533333333333333,2889,3.63719227123559,"T19D"
"D4M_GTGCGCAGTCAAAGGG-1",0.757971014492754,1436,-2.02427866850383,"D4M"
"T19D_GTGGTTAGTTTCCGGC-1",0.28768115942029,3985,3.99662163032274,"T19D"
"C15F_GTGTAACTCTGCAAAC-1",0.041304347826087,1267,-7.93518573578091,"C15F"
"T17D_GTTAAGCTCACTAAGC-1",0.584782608695652,2357,-1.39446890119882,"T17D"
"C15F_GTTACGCCATTATGCG-1",0.580434782608696,4529,2.35305242266006,"C15F"
"C15F_GTTGCCCGTTTCGCGC-1",0.561594202898551,3369,5.80006139201872,"C15F"
"T17D_GTTGCGGGTCATCCTG-1",0.978985507246377,13888,2.87356085105081,"T17D"
"T19D_GTTGGCGGTTAGGCTA-1",0.628260869565217,2878,2.14332491772859,"T19D"
"T19D_GTTTCAGCAGACAAAC-1",0.681159420289855,2909,2.29293131722889,"T19D"
"T17D_GTTTGTCGTTGGCGTG-1",0.743478260869565,2420,2.41703279555754,"T17D"
"C15F_TAAGTAGCATTGGGAG-1",0.750724637681159,5901,3.24621573198287,"C15F"
"D4M_TAATGGACACATAACT-1",0.389855072463768,1638,-0.171247470576718,"D4M"
"T19D_TACAGGTTCGCTCACT-1",0.378985507246377,1731,0.281433745692924,"T19D"
"D4M_TACCGAAGTAAGTCGC-1",0.415942028985507,1028,-2.42578861271994,"D4M"
"D4M_TACCTTTAGGTAAGGC-1",0.876811594202899,2561,-2.62621945007992,"D4M"
"D4M_TACGTAATCATGTGGT-1",0.116666666666667,2262,-1.08578877450054,"D4M"
"C15F_TAGGCTGTCTCACATT-1",0.83768115942029,3636,-2.86579491271423,"C15F"
"C15F_TATCACAAGGTAAGCA-1",0.306521739130435,3734,1.94187518076968,"C15F"
"C15F_TATTGACCATCCAGGT-1",0.321014492753623,2137,-1.27379628229035,"C15F"
"T19D_TCAATCGCACAGAACG-1",0.560144927536232,3147,3.05762777268604,"T19D"
"T19D_TCACCGGCAATTGACT-1",0.0311594202898551,1953,-6.15261916740227,"T19D"
"C15F_TCACCTGGTAGACAAA-1",0.753623188405797,2223,1.86229991978211,"C15F"
"D4M_TCATAACCACCTCAGG-1",0.879710144927536,6240,4.38557092543406,"D4M"
"T19D_TCATACTTCGTCCTTA-1",0.636231884057971,2470,-2.72258251062824,"T19D"
"T17D_TCCATAAAGAGAGCCG-1",0.768840579710145,1131,-1.23429446887575,"T17D"
"D4M_TCCATATTCCCTGATC-1",0.492028985507246,1500,-0.453666486544089,"D4M"
"D4M_TCCATTGTCTTGTCCA-1",0.368115942028986,1556,-3.89647434403924,"D4M"
"T17D_TCCGGTTTCGGGCCAT-1",0.548550724637681,4280,-0.493499409673118,"T17D"
"D4M_TCCTCAATCCGTAAAC-1",0.88695652173913,4036,3.81268486417496,"D4M"
"C15F_TCGCTAACATTAAACC-1",0.640579710144928,3138,0.940290774294945,"C15F"
"D4M_TCTCCTCGTTGAATCG-1",0.846376811594203,4401,3.33832735116491,"D4M"
"C15F_TCTTAGCGTTTGGGTA-1",0.471014492753623,1479,-2.09619338701125,"C15F"
"C15F_TGACCAAGTATACTGG-1",0.0340579710144928,1724,-7.55020272112463,"C15F"
"D4M_TGATCGAGTCAGGCCA-1",0.654347826086957,2313,-1.09084528400908,"D4M"
"D4M_TGCATCCTCTATTGTC-1",0.31304347826087,2417,-0.00626324239514133,"D4M"
"T19D_TGCATTAAGGAGGCAT-1",0.686231884057971,4999,5.15354016303204,"T19D"
"T17D_TGCTCCGTCGTTACAA-1",0.0144927536231884,2243,-7.27546686913492,"T17D"
"D4M_TGCTCTCAGCTTCTCA-1",0.894927536231884,2829,3.06019381899998,"D4M"
"T19D_TGGACAAAGTTTGCGG-1",0.382608695652174,1647,0.88101070258561,"T19D"
"T19D_TGGCCTTTCCTTGTTG-1",0.665217391304348,1593,1.32184532002824,"T19D"
"C15F_TGGCTATAGGTAACGA-1",0.489855072463768,1870,3.29766332738191,"C15F"
"C15F_TGGTCAGTCAAGCCTG-1",0.150724637681159,2551,-3.63827741018561,"C15F"
"C15F_TGTAACTCATCAGTAT-1",0.385507246376812,2485,-0.692175713589227,"C15F"
"T19D_TGTATCGCACTTAACG-1",0.852898550724638,1912,0.52441372138448,"T19D"
"C15F_TGTCAATCACAGGAAT-1",0.803623188405797,2820,0.515933889393844,"C15F"
"T19D_TGTGCGCAGGAAACTG-1",0.221739130434783,2191,-1.76895493129338,"T19D"
"T19D_TGTGCTGAGGGTCCAC-1",0.348550724637681,3222,1.38960009597157,"T19D"
"T19D_TGTGGCGGTATTGGAT-1",0.158695652173913,1270,0.500593418198669,"T19D"
"C15F_TGTTCATTCATAAGCC-1",0.223913043478261,1258,-5.51634121474483,"C15F"
"C15F_TTACCTGTCGGGATTT-1",0.226086956521739,1785,-4.72349585633202,"C15F"
"C15F_TTAGCTGCACTAAGTT-1",0.463768115942029,3526,-0.373387279074602,"C15F"
"T17D_TTGCAACAGCGCTAAT-1",0.22463768115942,2192,3.14429663975117,"T17D"
"T19D_TTGCCCGTCCTTAAGA-1",0.443478260869565,2145,2.44026897756245,"T19D"
"D4M_TTGCGAGTCGCTAAAC-1",0.354347826086957,2110,1.64911838106814,"D4M"
"T17D_TTGGATATCACAGCCA-1",0.485507246376812,2207,-1.11561055325233,"T17D"
"D4M_TTGGATATCACTTTAC-1",0.857246376811594,5942,4.04672263952774,"D4M"
"C15F_TTGTGAGGTTCACCAT-1",0.927536231884058,4753,0.430322633766032,"C15F"
"T19D_TTTAAGGTCGTTAAGC-1",0.772463768115942,4545,4.99486198094295,"T19D"
"T19D_TTTAGCTTCTCCTCAA-1",0.104347826086957,3539,-5.76973396062558,"T19D"
"C15F_TTTCCTGAGGCCCAGT-1",0.628985507246377,6125,5.18017233887132,"C15F"
"C15F_TTTGTGTTCCAAATCA-1",0.708695652173913,3819,-2.53103552108985,"C15F"
"C21D_AAACATGCAGGCTTGT-1",0.363768115942029,1439,-0.897832635644655,"C21D"
"C14F_AAATGCCTCCCGTTTA-1",0.807971014492754,6708,0.408328712715697,"C14F"
"C21D_AACCCGCAGCTACTGG-1",0.963768115942029,6574,3.36350686472486,"C21D"
"C14F_AACCGGCTCTGTGAGT-1",0.32463768115942,2339,-0.579236360816366,"C14F"
"C14F_AACCTCCTCCTAGTTT-1",0.15,3104,2.24624228658602,"C14F"
"D4F_AACCTTAAGTTATGTG-1",0.910869565217391,3179,-2.81123756232983,"D4F"
"D4F_AACTAGTGTTGCTTCG-1",0.438405797101449,1403,-0.793556687263303,"D4F"
"C15M_AACTCACAGCCGCAGT-1",0.00797101449275362,1157,-6.47552153416074,"C15M"
"C15M_AAGACCAAGTCAATTG-1",0.973188405797101,7391,3.09441572942659,"C15M"
"C14F_AAGTAGCCATAGGCGA-1",0.815217391304348,9971,2.76223946344115,"C14F"
"C14F_AAGTGAAGTCATCAAG-1",0.51304347826087,1910,-0.22551611549962,"C14F"
"D4F_AAGTTAGCAGCACGTT-1",0.0652173913043478,1659,-2.08630060951941,"D4F"
"C14F_AATTGCCAGGAAGCTA-1",0.519565217391304,2416,-0.318159969115621,"C14F"
"D4F_AATTGCTCAAGTGAAC-1",0.789130434782609,6893,2.10746840649349,"D4F"
"C14F_AATTGTGTCAATTACG-1",0.651449275362319,4000,4.33123567963609,"C14F"
"C14F_ACAACATGTCAACAAT-1",0.3,3312,0.246969681888636,"C14F"
"C14F_ACCAAACTCAATCTAG-1",0.702173913043478,5193,5.02818961110779,"C14F"
"C21D_ACCACATAGAATGACG-1",0.00434782608695652,907,-7.35008202686654,"C21D"
"C21D_ACCACATAGCACCACA-1",0.997101449275362,4508,-2.61346044968498,"C21D"
"D4F_ACCAGGCTCACGCATG-1",0.452898550724638,2790,0.371072418565206,"D4F"
"C14F_ACGTACCCAAGTAAGC-1",0.901449275362319,3906,-0.686704081281772,"C14F"
"C15M_ACGTTACAGCTCCTTA-1",0.0289855072463768,4051,-6.86808450390665,"C15M"
"D4F_ACTATGTCAACTAGAA-1",0.210869565217391,2911,4.04977711565196,"D4F"
"D4F_ACTCACCTCTGTTCAT-1",0.702898550724638,3655,-0.635028467212989,"D4F"
"C14F_AGAACCAAGGCAAGTA-1",0.602173913043478,2763,-5.23267263848232,"C14F"
"D4F_AGAACCAAGGTCAAAG-1",0.460869565217391,3023,3.0467937034823,"D4F"
"C14F_AGCCTGGGTGAGACTC-1",0.183333333333333,2755,-0.0410934865040788,"C14F"
"C21D_AGCTACTAGGGTCCAC-1",0.310869565217391,4004,1.42248788022387,"C21D"
"C21D_AGCTATATCAATGTCA-1",0.903623188405797,5967,3.05986850239277,"C21D"
"D4F_AGCTGCTCACAGGGAC-1",0.885507246376812,4255,1.91279914815238,"D4F"
"C14F_AGGATCCGTCGACTAA-1",0.785507246376812,6832,1.84133805196793,"C14F"
"C14F_AGGGCTACATAATCCG-1",0.301449275362319,1850,0.312482204542509,"C14F"
"D4F_AGGTTGCGTATACTGG-1",0.421739130434783,3840,0.412634313975468,"D4F"
"C21D_AGTAAACAGCACTAAC-1",0.96304347826087,9337,5.18868428956362,"C21D"
"C15M_AGTAACACAATTGCGC-1",0.179710144927536,1823,-2.12194199929058,"C15M"
"C14F_AGTAATCGTATTGAGT-1",0.619565217391304,3302,2.24412394310554,"C14F"
"C14F_AGTCAGGCAGAGAGCC-1",0.420289855072464,1977,0.580681146678651,"C14F"
"C14F_AGTCGCATCATAGCCG-1",0.231159420289855,1498,2.60313891540759,"C14F"
"C21D_AGTCGCATCTTGTCCA-1",0.335507246376812,2310,0.60881350512519,"C21D"
"C15M_AGTTGGCGTCGCAATA-1",0.318115942028986,1914,2.010221419123,"C15M"
"D4F_AGTTGGCGTTAAGGTT-1",0.843478260869565,3914,4.45284012318027,"D4F"
"C14F_AGTTGTCAGGGCCACT-1",0.871739130434783,5024,6.44628003766787,"C14F"
"C14F_AGTTTGCAGCACAGGG-1",0.365942028985507,3492,4.63630318138551,"C14F"
"D4F_ATACCTGCATAATGTC-1",0.236231884057971,2198,-1.76042451445417,"D4F"
"C21D_ATAGCATGTAAGCACC-1",0.62463768115942,4740,5.34385284407695,"C21D"
"C21D_ATCAAGACACAGCCTG-1",0.990579710144928,9414,1.45554500369473,"C21D"
"C15M_ATCACTAAGTGGCGGA-1",0.12536231884058,1606,-2.77240915789599,"C15M"
"C21D_ATCGGCCAGTATTGCA-1",0.0333333333333333,2148,-6.629988539562,"C21D"
"C14F_ATGCATTCATCGCTTT-1",0.0601449275362319,1781,-4.77551176109538,"C14F"
"D4F_ATGGCCGGTCATAGAT-1",0.811594202898551,9276,-2.10769541264632,"D4F"
"C14F_ATGGTGCGTGCTGTAA-1",0.0992753623188406,2118,-0.41838111494737,"C14F"
"C14F_ATTGGCTAGCCTTAAA-1",0.0949275362318841,2814,-6.63583201851399,"C14F"
"C15M_CAAACATGTTCGCGCT-1",0.278260869565217,2942,1.75932491376429,"C15M"
"D4F_CAAACCGTCCTAATAG-1",0.718840579710145,4573,-1.37248097812642,"D4F"
"C21D_CAACTAATCATGGTTA-1",0.980434782608696,3635,-4.37373056829341,"C21D"
"C21D_CAAGACAAGTCACTCC-1",0.784057971014493,2473,3.46107447755084,"C21D"
"C21D_CAAGTTATCCCGCAAA-1",0.192753623188406,2437,0.84188138700771,"C21D"
"D4F_CAATCGCCATGCTATG-1",0.201449275362319,2436,-2.97979217252728,"D4F"
"C15M_CAATGACTCAAACACC-1",0.367391304347826,2190,-1.95513801683951,"C15M"
"D4F_CAATGTGGTGCAATAT-1",0.921739130434783,18395,-0.0560596518858018,"D4F"
"C15M_CACTAGCCATCTAGCA-1",0.579710144927536,3850,5.30438593333124,"C15M"
"D4F_CAGGAAGGTATTCGTC-1",0.11231884057971,2103,-4.32414418875888,"D4F"
"C15M_CAGGCTATCAAACCTA-1",0.464492753623188,2084,0.937092895988288,"C15M"
"C21D_CAGGTCCAGGACCTTG-1",0.71231884057971,3385,2.55221268369749,"C21D"
"C21D_CAGGTGGAGGAGCATA-1",0.973913043478261,2789,-1.15821834564492,"C21D"
"C21D_CAGGTGGAGTTAGACC-1",0.763768115942029,2975,2.74641670936021,"C21D"
"C21D_CATCATAAGACTAAGG-1",0.591304347826087,3950,3.48782036691421,"C21D"
"C21D_CATCGCTTCAACCAAC-1",0.47536231884058,4232,0.742090695031057,"C21D"
"C15M_CATGCATAGGTTTGCG-1",0.792028985507246,2046,-0.594887834618824,"C15M"
"C14F_CATGCATAGTTGTCCC-1",0.414492753623188,2546,0.66203712729874,"C14F"
"C21D_CATGCGGGTATTCGTC-1",0.634057971014493,4204,6.07702392895936,"C21D"
"C14F_CCACAATAGTTATTCC-1",0.747826086956522,5096,5.15848664311601,"C14F"
"C14F_CCATCATGTCTAACCT-1",0.87463768115942,5262,0.247566608288344,"C14F"
"C15M_CCATCATGTGTCACGG-1",0.255072463768116,1855,-1.21465408729764,"C15M"
"D4F_CCGCTTAGTTAGCAGC-1",0.369565217391304,2438,-0.778710584750746,"D4F"
"C15M_CCGTTGCGTTAGCTGA-1",0.180434782608696,2151,-0.994430778643801,"C15M"
"D4F_CCTACTGGTGGAGCAA-1",0.351449275362319,3222,-0.69775158499846,"D4F"
"D4F_CCTAGTTGTAGGTTTG-1",0.992753623188406,6411,0.479922068101737,"D4F"
"C21D_CCTATAGCATTGTCCT-1",0.889855072463768,12356,-1.51487812062475,"C21D"
"D4F_CCTATATTCCTGATTT-1",0.56304347826087,3374,-2.31702896345218,"D4F"
"C15M_CCTATTTAGCAGCTCA-1",0.0536231884057971,1878,-7.18034306035432,"C15M"
"C15M_CCTCAGTTCCTCATGC-1",0.276086956521739,2351,0.124590778667944,"C15M"
"C14F_CCTCCTGAGGTCGATT-1",0.605797101449275,3374,4.6475930910586,"C14F"
"C14F_CCTGAGTCAGCACGAA-1",0.43695652173913,1774,-5.07390387687314,"C14F"
"D4F_CCTGGATCAGCTTACA-1",0.823188405797101,3156,2.33796951866618,"D4F"
"D4F_CCTGTAACACCGGTAT-1",0.85072463768116,9296,-3.30304581642235,"D4F"
"D4F_CCTGTTGGTATTGTCC-1",0.453623188405797,3609,4.22141690785255,"D4F"
"C15M_CCTTAACGTGTGAGAG-1",0.25,1025,-1.43904697854931,"C15M"
"C21D_CCTTAGTGTTTCAGGA-1",0.340579710144928,2635,2.0289524430568,"C21D"
"C15M_CGACCTGCATGTTTGG-1",0.0782608695652174,1800,-3.15837719631667,"C15M"
"D4F_CGACTAAGTGATGAAA-1",0.518840579710145,4135,1.82403696945487,"D4F"
"D4F_CGACTAAGTTATAGCG-1",0.938405797101449,2761,-1.3747683101188,"D4F"
"C14F_CGAGCGAAGCCATCAG-1",0.0702898550724638,6562,-3.77419089674391,"C14F"
"C14F_CGAGGCAAGTTTGCGG-1",0.091304347826087,1553,-3.99608514043035,"C14F"
"D4F_CGCACACAGCCAGTAT-1",0.0115942028985507,2030,-7.77691977759645,"D4F"
"C14F_CGCACCACACCATATG-1",0.428985507246377,3725,0.626702107340625,"C14F"
"C21D_CGCTAACCAGTGAACG-1",0.633333333333333,3638,5.61173308556485,"C21D"
"C14F_CGGAATCGTTGCACAA-1",0.235507246376812,3388,-0.3267430073867,"C14F"
"C21D_CGGATAAAGTTATCTC-1",0.397826086956522,2135,-1.63493899756268,"C21D"
"D4F_CGGGTATGTTAGGTGC-1",0.635507246376812,1709,2.95196986608984,"D4F"
"D4F_CGTAACTAGGCGGGTA-1",0.859420289855072,2388,2.62005300738889,"D4F"
"C15M_CGTAATGGTGTTTGTC-1",0.565942028985507,1769,-1.54858318209816,"C15M"
"C14F_CGTATTGCAATTAGCT-1",0.952173913043478,3811,-3.26685601546055,"C14F"
"C21D_CGTGTGTCAATCATGT-1",0.388405797101449,2193,2.10910617191541,"C21D"
"D4F_CTAAAGCTCGAGCTAT-1",0.655072463768116,4531,-0.408429897230376,"D4F"
"C14F_CTACTAAAGCTCATAA-1",0.680434782608696,5305,3.24468082352303,"C14F"
"C15M_CTACTTAGTACGGGTT-1",0.297101449275362,3643,-2.09901511456352,"C15M"
"C21D_CTAGTCGAGAGAAGGG-1",0.590579710144927,6711,1.0017205432114,"C21D"
"D4F_CTATGTTTCACCTGCT-1",0.839130434782609,5401,4.35979493048269,"D4F"
"C15M_CTCCAACTCGATTCTT-1",0.508695652173913,4455,-0.836674672798164,"C15M"
"D4F_CTCCGGACAATGCGCT-1",0.411594202898551,2427,0.0629321406141533,"D4F"
"C15M_CTCGACAAGCACTAGT-1",0.731884057971015,2346,-3.48626884646746,"C15M"
"C15M_CTGCTATGTCAATGTG-1",0.977536231884058,9407,-2.37966552412652,"C15M"
"C15M_CTGTAACAGCCTCTGT-1",0.153623188405797,2162,1.14043231074781,"C15M"
"C21D_CTTACCTCATAGCAGG-1",0.535507246376812,3121,0.710585498729767,"C21D"
"C14F_CTTAGGAGTCAACAAT-1",0.342753623188406,1979,-0.543747468183451,"C14F"
"C21D_CTTCATCCACCGGTAT-1",0.819565217391304,10975,7.26338888394846,"C21D"
"D4F_CTTTGGGAGTATTGCA-1",0.435507246376812,3207,1.72282465760838,"D4F"
"C15M_GAACCAAAGTTCCTCA-1",0.200724637681159,1833,-2.95126889718331,"C15M"
"D4F_GAAGCCTGTCATAGAT-1",0.596376811594203,2251,1.06930255378377,"D4F"
"D4F_GAAGGAACAGTAAGTA-1",0.0123188405797101,1496,-7.91774605072684,"D4F"
"C15M_GAATTTGTCGTACCGA-1",0.185507246376812,2036,-2.8887966035113,"C15M"
"C15M_GACAATACAATAGCCC-1",0.568840579710145,2035,1.57679303905204,"C15M"
"C14F_GACCTTTGTCTTGCTG-1",0.806521739130435,7306,3.57551338421233,"C14F"
"C14F_GAGAAACGTCACGAAC-1",0.821014492753623,6978,2.16723011970472,"C14F"
"C15M_GAGAACCAGGCCCAGT-1",0.995652173913044,4277,1.45002434616857,"C15M"
"D4F_GAGCAAATCCAGGGAG-1",0.164492753623188,2048,1.49698235170323,"D4F"
"C21D_GAGGTTAAGTTAGCTA-1",0.830434782608696,4242,-2.85894005105256,"C21D"
"C14F_GAGTAACCAAATGCCC-1",0.0318840579710145,1694,-4.19076812748909,"C14F"
"C15M_GATGCTTAGCCGCTAA-1",0.259420289855072,2332,-2.35022053499048,"C15M"
"C15M_GATTTGCAGAAAGCAT-1",0.898550724637681,3744,3.38995377150513,"C15M"
"D4F_GCACTTACAGGTTATT-1",0.631159420289855,6049,5.41615935477298,"D4F"
"C21D_GCAGGCTTCATTACAG-1",0.0217391304347826,3236,-4.33258302370189,"C21D"
"D4F_GCATTAGGTAATGACT-1",0.302173913043478,3495,-0.421265611811398,"D4F"
"C14F_GCCTCCATCCTTAGGG-1",0.132608695652174,2109,-2.86021941972114,"C14F"
"C21D_GCCTTACTCAATTACG-1",0.582608695652174,3291,-0.467965783911015,"C21D"
"C15M_GCGCTAGGTATTACCC-1",0.349275362318841,1999,-3.1049882535627,"C15M"
"D4F_GCTATCCTCGTTACAA-1",0.818115942028986,4245,3.32411399406316,"D4F"
"C14F_GCTTACCTCAAGCGCC-1",0.220289855072464,3277,4.83237978440229,"C14F"
"D4F_GCTTACCTCACTAATG-1",0.331159420289855,4319,-2.7786437822097,"D4F"
"C14F_GCTTACCTCATCACTT-1",0.688405797101449,3000,-3.26546785389327,"C14F"
"D4F_GGATGTAAGTTAGAGG-1",0.381884057971014,1688,0.885518180109341,"D4F"
"D4F_GGATTTATCGAAGTAG-1",0.848550724637681,3988,2.42679650884928,"D4F"
"C21D_GGCAAGCCAGTTAGCC-1",0.576811594202899,4357,2.04095987962208,"C21D"
"C14F_GGCCATCAGAGAGGCT-1",0.280434782608696,3735,-2.5996727051929,"C14F"
"C15M_GGCTAGACACGTAATT-1",0.126086956521739,1993,-3.47646613445512,"C15M"
"C21D_GGGCCTAGTATTTGCC-1",0.423913043478261,9477,-1.84505079964162,"C21D"
"C21D_GGGTCAACATAATCCG-1",0.955797101449275,5482,0.386648818304509,"C21D"
"C14F_GGTAAGGGTCATCCTG-1",0.479710144927536,2797,1.26142418162955,"C14F"
"C21D_GGTAGGAGTCGTAAAT-1",0.0811594202898551,1602,-3.07085470927227,"C21D"
"D4F_GGTCAAGCACTAGGTC-1",0.326086956521739,2816,0.610283194741552,"D4F"
"C14F_GGTCAAGCATGGAGGC-1",0.609420289855072,2363,1.67177083018135,"C14F"
"D4F_GGTCCTGCAGCCGCTA-1",0.072463768115942,4170,-4.4287722538341,"D4F"
"C15M_GGTGTCCAGTAGAGGC-1",0.292753623188406,2980,-1.05229237413824,"C15M"
"C15M_GGTGTTGTCGGGACTC-1",0.00652173913043478,1541,-5.63942900671156,"C15M"
"C21D_GGTGTTGTCTCACACC-1",0.486231884057971,2564,3.5290211165272,"C21D"
"D4F_GGTGTTGTCTTTGACT-1",0.0202898550724638,1913,-7.55769488272709,"D4F"
"C14F_GGTTTGTAGTTTGCGG-1",0.638405797101449,2076,-1.01223370628682,"C14F"
"D4F_GTACTAGGTGCGCAAT-1",0.644202898550725,5512,2.38646238609058,"D4F"
"C14F_GTAGCTGTCCTTGCGT-1",0.613768115942029,2159,2.17019316105625,"C14F"
"C21D_GTCCAAGTCAATGACC-1",0.0456521739130435,1909,-7.63257001397999,"C21D"
"C15M_GTCCTCAGTAAGTCGC-1",0.267391304347826,5172,4.70517370590219,"C15M"
"C15M_GTGCACGGTAACTACG-1",0.706521739130435,3548,2.16812914496533,"C15M"
"C21D_GTGTTACAGCTTCCCG-1",0.296376811594203,3123,-0.501413681895236,"C21D"
"C14F_GTTCACCTCAAGCGCC-1",0.746376811594203,2200,-0.103052618838416,"C14F"
"D4F_GTTCATTTCAATGACC-1",0.555072463768116,4170,5.86175344384082,"D4F"
"C14F_GTTCTCATCTCCTCTT-1",0.302898550724638,1621,-4.76281903023875,"C14F"
"C21D_GTTTAACCAGTTAGCC-1",0.322463768115942,3119,1.16943109054295,"C21D"
"D4F_GTTTCTAGTGGATGTC-1",0.252173913043478,2191,-0.987594021839887,"D4F"
"C15M_TAAGGACCAGAAATTG-1",0.798550724637681,2702,0.0542574410870748,"C15M"
"D4F_TAATCCGCACAATTAC-1",0.904347826086957,12989,7.06218483850973,"D4F"
"D4F_TACAATGTCACAGCCA-1",0.8,6687,1.65891439208743,"D4F"
"D4F_TACCTCATCGGGACTC-1",0.110144927536232,1692,-2.87243007199803,"D4F"
"C14F_TACGCTTGTTGGCGTG-1",0.433333333333333,2268,-1.12142312471023,"C14F"
"C21D_TAGCGCGGTAATCACG-1",0.273913043478261,2870,-2.14136649618792,"C21D"
"C21D_TAGCTTAAGTCACTAA-1",0.991304347826087,5199,2.07613661753795,"C21D"
"D4F_TAGTGAGAGGAACCGG-1",0.415217391304348,4337,0.332073978362659,"D4F"
"D4F_TAGTTGTCAGCAAGAT-1",0.448550724637681,3379,-0.531601117626755,"D4F"
"C14F_TAGTTTGAGGTATTGC-1",0.795652173913043,3287,6.28151333275513,"C14F"
"C14F_TAGTTTGAGTAAACCC-1",0.0405797101449275,2577,-6.57603585462984,"C14F"
"C14F_TATGACATCTAAGGAG-1",0.286231884057971,2909,0.328954279228879,"C14F"
"C15M_TATGGATGTTAGGATT-1",0.776811594202899,4274,4.23735087780023,"C15M"
"C14F_TATGGATGTTGTCCAT-1",0.48695652173913,3337,0.251041349939652,"C14F"
"C14F_TATTAGCCAGCAACAG-1",0.769565217391304,4018,-0.493843861833312,"C14F"
"C14F_TATTCGTTCGTTACAA-1",0.581159420289855,3714,5.84764427441673,"C14F"
"C14F_TCAAGTATCATCCTGC-1",0.566666666666667,4360,-0.508598345007832,"C14F"
"C15M_TCACCGGCAGGTTACC-1",0.732608695652174,3296,1.66199552376773,"C15M"
"C14F_TCATGCCTCAAGGACA-1",0.431159420289855,3051,-0.367688573512355,"C14F"
"D4F_TCGCCCATCACATTGA-1",0.742753623188406,2723,1.11519830714477,"D4F"
"C21D_TCGCTAACAGTAGGAT-1",0.589855072463768,2025,-4.0540250397085,"C21D"
"C14F_TCGGTTCTCATGGCTG-1",0.571739130434783,4459,2.36475332228411,"C14F"
"D4F_TCGGTTTGTTCGCGCT-1",0.884057971014493,3482,-0.109392448349671,"D4F"
"C21D_TCGTTAAAGCAGGTGG-1",0.736231884057971,3123,2.11673706677131,"C21D"
"D4F_TCGTTACGTTGGTGAC-1",0.976811594202899,8743,-1.8558480374212,"D4F"
"C15M_TCTACTAGTCCGGTTC-1",0.434782608695652,4104,6.83958135101497,"C15M"
"C21D_TCTCCTCGTTACATCC-1",0.88768115942029,6178,-0.252114686549872,"C21D"
"D4F_TCTTTGTAGGTCAAAG-1",0.872463768115942,4612,4.50427430452879,"D4F"
"D4F_TGACCTTGTTAGCCAA-1",0.317391304347826,3297,-0.349247138851237,"D4F"
"C15M_TGAGCACGTGTGAGAG-1",0.316666666666667,1226,-0.32506490744219,"C15M"
"C15M_TGAGTTTCAATGCCTA-1",0.0326086956521739,1795,-6.91776036613556,"C15M"
"C15M_TGAGTTTCAGGAAGCC-1",0.307246376811594,2281,1.3132022827657,"C15M"
"D4F_TGATCAGGTGAGCACT-1",0.257971014492754,1143,-2.15226165294837,"D4F"
"C15M_TGATTGCAGACTAAGG-1",0.0478260869565217,4770,-6.57718048665063,"C15M"
"D4F_TGCACTTGTCATGCAA-1",0.193478260869565,2158,-0.179060612796898,"D4F"
"C14F_TGCATGAGTTAAGGTT-1",0.53768115942029,2625,-3.71783514834961,"C14F"
"D4F_TGCCGGTAGGATAAAC-1",0.347101449275362,2049,-2.79318734032033,"D4F"
"C21D_TGCGCAGGTAAAGCGG-1",0.497826086956522,3042,0.090647148018008,"C21D"
"C15M_TGCTAGCCAATATGGA-1",0.0855072463768116,1634,-1.01102220600319,"C15M"
"C14F_TGGCCATCATACTCCT-1",0.567391304347826,3714,1.98681455832391,"C14F"
"C15M_TGGCTAAGTGCTCCGT-1",0.166666666666667,1630,-1.54175076038467,"C15M"
"C21D_TGGTTGAGTAATCGCA-1",0.894202898550725,2571,1.84385002872056,"C21D"
"D4F_TGTAACTCACGAACAG-1",0.240579710144928,2195,-0.243977156785218,"D4F"
"C21D_TGTAATGTCCCGAACA-1",0.0347826086956522,914,-8.87935404395902,"C21D"
"C15M_TGTCAATCAAAGGCCA-1",0.758695652173913,3495,1.4006600336581,"C15M"
"C21D_TGTCAGTAGGGTTAGA-1",0.845652173913043,5423,2.32829132165056,"C21D"
"C21D_TGTCCTTCAGCCTGCA-1",0.408695652173913,1805,1.88109251025485,"C21D"
"C14F_TGTTAGCAGGTGAAAT-1",0.855797101449275,5140,1.81110693429913,"C14F"
"C15M_TGTTCCTCAAGCTTAT-1",0.177536231884058,2105,-2.21243157784788,"C15M"
"C14F_TGTTGTGCACACAATT-1",0.545652173913043,2745,1.77559589622756,"C14F"
"C15M_TGTTGTTTCCTAGTTT-1",0.289130434782609,1874,-1.2278066704377,"C15M"
"C14F_TTAAGCCAGGACCGCT-1",0.276811594202899,1830,-2.97486877716142,"C14F"
"C21D_TTAAGCCAGGCTATGT-1",0.0391304347826087,1751,-8.22551254153512,"C21D"
"C14F_TTACACCGTCAGTAAT-1",0.0847826086956522,1662,-5.32983183619144,"C14F"
"C21D_TTACCGTGTAATGGCC-1",0.509420289855072,4408,7.35182526642287,"C21D"
"C15M_TTAGGCCCAAGGTCGA-1",0.339130434782609,1279,-1.89450775251712,"C15M"
"C14F_TTCCTCAAGCGAGCGA-1",0.0833333333333333,1371,-0.10132576053483,"C14F"
"C15M_TTGACTAAGGGTGGAT-1",0.0971014492753623,1015,-2.20772227351,"C15M"
"C14F_TTGCAACAGGAGGGTT-1",0.0166666666666667,1322,-8.68873370630788,"C14F"
"C15M_TTGCAATCAACCTAAT-1",0.430434782608696,2827,-4.59642678193311,"C15M"
"C15M_TTGCGAGTCTGTAATG-1",0.392028985507246,2134,1.03577093730959,"C15M"
"C15M_TTGGATCAGCAGGTTT-1",0.623913043478261,3906,0.237123759138699,"C15M"
"C14F_TTGTGTGCAGGAAGCC-1",0.255797101449275,1889,-0.817479191500732,"C14F"
"C14F_TTTAAGCCATTTGCTC-1",0.886231884057971,5584,2.20365602487291,"C14F"
"D4F_TTTCCGGGTAAGGTTT-1",0.366666666666667,3327,-6.05439243874484,"D4F"
"C14F_TTTCCGGGTATTACCC-1",0.481884057971014,1469,-6.67143322670476,"C14F"
"C21D_TTTGAGTCAGGCCATT-1",0.594927536231884,2933,-2.5401275620998,"C21D"
"C14M_AAACGTACAATCGCAC-1",0.876086956521739,2401,1.99468981838158,"C14M"
"B21F_AAAGCCCGTCGCAAAC-1",0.53695652173913,2293,3.5135790090417,"B21F"
"A22D_AACCTAATCGGTTCCT-1",0.827536231884058,4064,-2.97070922584322,"A22D"
"B21F_AACTAGTGTGGATTCA-1",0.027536231884058,1972,-6.00448124222478,"B21F"
"B23F_AACTGTTCAGGACCTT-1",0.192028985507246,3661,4.53427254080925,"B23F"
"A22D_AAGCTATGTTAGTGAT-1",0.892028985507246,5238,-3.31597327715083,"A22D"
"B21F_AAGGTATAGTTTAACG-1",0.601449275362319,3097,4.12759591666249,"B21F"
"B21F_AAGGTGCAGACACCGC-1",0.971739130434783,8833,1.48620570000726,"B21F"
"A22D_AAGTTAGCAGTAAGTA-1",0.757246376811594,2319,-0.515720156184656,"A22D"
"A22D_AATAGCTGTACCGTTT-1",0.70072463768116,2589,3.58009988924212,"A22D"
"C14M_AATTACCCACTGACCG-1",0.660869565217391,3288,-1.25282921999995,"C14M"
"B21F_AATTCGTCAACAGGTG-1",0.449275362318841,3317,-4.24435509197213,"B21F"
"C14M_AATTGTGTCCCTGGAA-1",0.809420289855072,6169,0.0626161689002174,"C14M"
"B23F_AATTTCCTCGGGCCAT-1",0.547101449275362,2749,-1.26116600968687,"B23F"
"C14M_ACAACACTCATCCTAT-1",0.770289855072464,4126,4.50200046164424,"C14M"
"A22D_ACAACACTCTCATCAT-1",0.95,7648,1.04925349303234,"A22D"
"B23F_ACAACAGAGTTAGACC-1",0.0695652173913043,1212,-6.04410703208995,"B23F"
"C14M_ACACTAATCCCGCCTA-1",0.157971014492754,3203,-3.88203689450062,"C14M"
"C14M_ACACTTAAGGTCCTAG-1",0.168115942028985,3353,-5.85098576873949,"C14M"
"B21F_ACAGTATGTTATCGAG-1",0.228985507246377,3671,2.87450786621473,"B21F"
"C14M_ACCAAACTCGTAATCA-1",0.786231884057971,6814,4.10256706478045,"C14M"
"A22D_ACCACATAGGGCCATC-1",0.0978260869565217,4045,-3.27029793536842,"A22D"
"B21F_ACCAGGCTCCCTGTTA-1",0.022463768115942,3239,-5.63204802292137,"B21F"
"B21F_ACCCAGGGTTTGCGAA-1",0.441304347826087,2198,-0.324443284301743,"B21F"
"C14M_ACCCTCCCATTAAACC-1",0.417391304347826,1917,1.15884116876848,"C14M"
"B21F_ACCTGGTCATCATGTG-1",0.926811594202899,7958,-1.70683368187179,"B21F"
"B23F_ACGGTACGTCAAGTGC-1",0.405072463768116,2640,-0.0193681916590697,"B23F"
"A22D_ACTCAGTAGAGGATAT-1",0.576086956521739,2856,1.57961211666082,"A22D"
"B21F_ACTCAGTAGGCCGGAA-1",0.146376811594203,1628,0.743380037664708,"B21F"
"C14M_ACTGAAACACTGACTA-1",0.478260869565217,2862,1.02256917824114,"C14M"
"A22D_ACTGAATGTTACGCAA-1",0.857971014492754,1922,1.62806446202041,"A22D"
"B23F_ACTTAGGGTTTAGCGA-1",0.310144927536232,1656,1.47468465565777,"B23F"
"C14M_ACTTATCTCGATAACC-1",0.55,5454,-0.839167038564829,"C14M"
"A22D_ACTTGAATCGCATTAA-1",0.329710144927536,4733,4.43807617125399,"A22D"
"C14M_AGCAGGTAGGGTGGAT-1",0.0159420289855072,1158,-7.32170107890618,"C14M"
"B23F_AGCATCCCATCATGGC-1",0.37536231884058,3314,-0.186999047943298,"B23F"
"B21F_AGCATTTCAACCTGGT-1",0.0884057971014493,2817,-6.19559725423751,"B21F"
"B21F_AGCGTGCTCCCTTGCG-1",0.517391304347826,4798,4.17183748813162,"B21F"
"A22D_AGGACTAAGGCTAATC-1",0.820289855072464,5639,5.40562434940112,"A22D"
"C14M_AGGATCCGTTGTTGGA-1",0.138405797101449,1657,-1.87860745338825,"C14M"
"B23F_AGGATCCGTTTGGGTA-1",0.46304347826087,2433,-1.99833881919859,"B23F"
"A22D_AGGATGCAGGAAGCAC-1",0.618840579710145,1615,2.70080483076497,"A22D"
"B23F_AGGCAGGTCCAATTAG-1",0.504347826086956,2337,2.31564258986668,"B23F"
"B23F_AGGTCATTCTGTTCAT-1",0.182608695652174,2917,-2.13645135670179,"B23F"
"A22D_AGGTGAGGTAACTACG-1",0.203623188405797,2450,-3.38772769791816,"A22D"
"A22D_AGGTTAGAGGACAATG-1",0.318840579710145,2822,1.58197406342802,"A22D"
"B21F_AGTAACCTCCAGGTTG-1",0.465217391304348,2375,3.38757719698699,"B21F"
"B21F_AGTAGGATCTCCATAT-1",0.833333333333333,3316,1.77914481167249,"B21F"
"B21F_ATCGGCCAGCATTAGC-1",0.656521739130435,4471,0.849784151474718,"B21F"
"B21F_ATCTTTGGTCCTCCAA-1",0.371739130434783,2030,-1.04535156249739,"B21F"
"A22D_ATGAAGCCACAAAGGT-1",0.135507246376812,1402,0.852591356305048,"A22D"
"A22D_ATGACTCAGCTATTAG-1",0.778985507246377,5987,8.15389127495737,"A22D"
"B21F_ATGCAAACAACTAGAA-1",0.930434782608696,4555,2.77635343309827,"B21F"
"C14M_ATGCAGGCACCTAAGC-1",0.77463768115942,2816,2.29174938670325,"C14M"
"B21F_ATGCCTGAGTAAACCC-1",0.102173913043478,4351,-5.5019180342102,"B21F"
"B21F_ATGGTGCGTCATTAGG-1",0.11304347826087,1941,-3.21508289209374,"B21F"
"A22D_ATGGTTATCTGGTCCT-1",0.617391304347826,2157,2.6106572689052,"A22D"
"C14M_ATGTCAATCCCTTGCG-1",0.851449275362319,1731,2.47478668495153,"C14M"
"C14M_ATTACGTCAACGTGCT-1",0.622463768115942,5261,2.22915545228556,"C14M"
"B21F_ATTAGGTGTAAGGTCC-1",0.559420289855072,3252,1.80953652923112,"B21F"
"B23F_ATTAGTCCATGTCAAT-1",0.516666666666667,3809,-1.02198227054389,"B23F"
"B21F_ATTCCTAGTAGCTAGC-1",0.350724637681159,2701,-0.363689523721752,"B21F"
"A22D_ATTGTCCGTACTGAAT-1",0.494927536231884,2343,-0.509844112779305,"A22D"
"B23F_CAAACACTCCCGAAGC-1",0.726086956521739,2491,4.41241634150209,"B23F"
"B23F_CAAAGCGCATAAGCAA-1",0.159420289855072,1182,0.0596269112372415,"B23F"
"C14M_CAAAGGATCATCCACC-1",0.817391304347826,6363,5.85228302398611,"C14M"
"B23F_CAACAATGTCACAAAT-1",0.315942028985507,2239,-1.39514285079063,"B23F"
"C14M_CAATATGTCGCTTGCT-1",0.173188405797101,2583,-7.0454411902433,"C14M"
"C14M_CACATAATCTATCGCC-1",0.531884057971014,4268,1.65564207392215,"C14M"
"B23F_CACATAATCTGCAAAC-1",0.544927536231884,2366,-0.990222215302436,"B23F"
"B23F_CACATACAGTCATCCC-1",0.73768115942029,2484,0.206637692763593,"B23F"
"A22D_CACGCTAAGTTATGGC-1",0.698550724637681,4263,3.84451427728255,"A22D"
"B23F_CAGCTCAAGCTGGACC-1",0.673188405797101,2417,-0.841918784328988,"B23F"
"C14M_CAGGAAGGTTCCTGAT-1",0.468115942028985,2717,-3.47193037247764,"C14M"
"C14M_CAGGTCCAGAGCCGCT-1",0.58695652173913,3181,2.8964504356095,"C14M"
"C14M_CATAGACTCTCCATGC-1",0.343478260869565,2316,1.84698141495289,"C14M"
"B21F_CATCAGCCAAACCCTA-1",0.469565217391304,1490,-2.0451629706152,"B21F"
"B21F_CATCCTCAGCAATAGG-1",0.715942028985507,4817,-0.391785064143625,"B21F"
"C14M_CATCCTCAGGGTCCAC-1",0.241304347826087,3139,0.0234160975647569,"C14M"
"B21F_CATGAGGCAGGGAGCT-1",0.128260869565217,1272,-3.70836658408051,"B21F"
"B23F_CATTGTAAGCGAGGTG-1",0.00869565217391304,914,-7.20712584959082,"B23F"
"B23F_CCAGCTGCAACTCGCG-1",0.52463768115942,3403,3.40575973332231,"B23F"
"B23F_CCAGGAACAACAACAA-1",0.120289855072464,1512,-0.638385890824921,"B23F"
"B21F_CCATAAATCCGCACAA-1",0.0420289855072464,2428,-5.57864830716172,"B21F"
"C14M_CCCTCATAGCAAGGGT-1",0.676086956521739,4019,3.56482617040077,"C14M"
"B21F_CCGCACACACAATTAC-1",0.432608695652174,1972,2.12659086190778,"B21F"
"A22D_CCTCAAACAATAGTCT-1",0.642028985507246,2818,1.7261850672875,"A22D"
"C14M_CCTGGATCAACTCGCG-1",0.297826086956522,2007,1.32283094733156,"C14M"
"B21F_CCTGGTAAGGTGCTGC-1",0.491304347826087,4150,2.76743825476609,"B21F"
"C14M_CCTTATGTCCCGCAAA-1",0.273188405797101,2108,-1.88238964630622,"C14M"
"B21F_CCTTGTTCACGGTTTA-1",0.986231884057971,4485,1.47438548792189,"B21F"
"B21F_CCTTGTTCATAGCTTG-1",0.550724637681159,7016,3.6779473732423,"B21F"
"B21F_CGAAATGAGGAACCAA-1",0.360869565217391,1629,1.97012150094085,"B21F"
"B21F_CGAACCGGTTGTGATG-1",0.85,2542,-4.20615266643269,"B21F"
"B23F_CGAAGCCTCCAGGTCA-1",0.723913043478261,2160,-4.32490218640287,"B23F"
"B23F_CGAATATGTAACGGGA-1",0.0101449275362319,2669,-7.89065857842517,"B23F"
"A22D_CGAGGCAAGGGACCTC-1",0.228260869565217,2705,0.33588737333757,"A22D"
"B23F_CGATATTCAGTACCGT-1",0.0195652173913043,1457,-7.59958583176407,"B23F"
"B23F_CGATTGAGTTCGGGAT-1",0.304347826086957,1129,-6.7416607746923,"B23F"
"B21F_CGCACCACAGGACACA-1",0.384057971014493,4154,-1.95118057688345,"B21F"
"B23F_CGCATTACATCTTGAG-1",0.534057971014493,3062,1.19918691296736,"B23F"
"A22D_CGCATTTGTTCCAGGG-1",0.864492753623188,4032,3.74849505920455,"A22D"
"C14M_CGCTAACCATCCCGCT-1",0.961594202898551,5740,0.230908756689748,"C14M"
"B21F_CGCTCCATCCGCCTAT-1",0.476086956521739,3607,-0.0549202783570704,"B21F"
"C14M_CGGAATCGTAAGCACC-1",0.957971014492754,3017,3.74714528149645,"C14M"
"B21F_CGGCTCACAGGCTTGT-1",0.436231884057971,3296,5.01487690065129,"B21F"
"C14M_CGGGACAAGCGAGGTG-1",0.543478260869565,2991,-0.246231055314921,"C14M"
"B21F_CGGGCTTAGTGAACAG-1",0.704347826086957,2204,0.883866812930736,"B21F"
"C14M_CGGGTCTAGGGTTAGA-1",0.207971014492754,1341,0.195565642417489,"C14M"
"B23F_CGGTAACGTAAACAAG-1",0.233333333333333,1872,-4.16995100538872,"B23F"
"A22D_CGTGAGGAGGGCTTTG-1",0.76231884057971,2526,0.834944791618736,"A22D"
"B23F_CTAACCACACGGTACT-1",0.131884057971014,1872,1.40538637571226,"B23F"
"A22D_CTAACCTGTCAAAGAA-1",0.0898550724637681,1252,-1.42323774348204,"A22D"
"B23F_CTAATCCGTAAGGTTT-1",0.681884057971014,4931,5.46657031643239,"B23F"
"B21F_CTAATCCGTATTGCAG-1",0.626086956521739,3450,-4.11416350275151,"B21F"
"B23F_CTAATGTCATCTTGAG-1",0.285507246376812,2131,2.15720316790606,"B23F"
"B23F_CTAGCGGGTGCTGGTG-1",0.106521739130435,1307,-2.5796563457339,"B23F"
"B21F_CTAGTAGGTTCAAGCA-1",0.923913043478261,4998,0.232219779937806,"B21F"
"B21F_CTATGAGGTTTATGGG-1",0.266666666666667,2566,3.89407758619706,"B21F"
"B23F_CTATGATCACCGTTCC-1",0.86231884057971,3002,-4.75572560913717,"B23F"
"A22D_CTATGTTTCGTCCTTA-1",0.897826086956522,2829,-0.818995234054455,"A22D"
"B21F_CTATTGAAGGAGTCTT-1",0.57536231884058,2827,-1.21744113209516,"B21F"
"C14M_CTCACAACATCCAGGT-1",0.996376811594203,3952,-2.46643209104939,"C14M"
"C14M_CTCCAAACACCAGGTT-1",0.0297101449275362,1690,-8.3465069147464,"C14M"
"B21F_CTCCCTGAGTCAATTG-1",0.66304347826087,2733,2.35607936297538,"B21F"
"B21F_CTCGTTATCCTTGTTG-1",0.484057971014493,2730,-0.457122481988025,"B21F"
"C14M_CTGACATAGCAAGGGT-1",0.253623188405797,2448,-1.07701889938676,"C14M"
"B23F_CTGACCAAGAGGAGTC-1",0.315217391304348,1966,-1.89693559633424,"B23F"
"C14M_CTGCTACTCCCGTTAC-1",0.928985507246377,3946,2.38048506798984,"C14M"
"B21F_CTGGTTACACATAACT-1",0.734057971014493,4888,4.44306475841578,"B21F"
"B21F_CTGGTTACAGCCTTGG-1",0.115217391304348,2265,2.30604419427753,"B21F"
"A22D_CTGTTGGAGGAGTAAT-1",0.118115942028986,975,-3.04862683236317,"A22D"
"B21F_CTTACCTCATTGTTGG-1",0.842753623188406,4164,-0.111916453351218,"B21F"
"B21F_CTTAGTTTCTTAGCGG-1",0.115942028985507,1792,-3.99430350014039,"B21F"
"A22D_CTTATTGGTCGACTAA-1",0.629710144927536,3480,0.929870139182764,"A22D"
"B21F_CTTCATCCATAGGCGA-1",0.61304347826087,2299,1.4230723334375,"B21F"
"A22D_CTTCTAAGTTGGTTAG-1",0.764492753623188,3862,2.05325623441357,"A22D"
"C14M_CTTGAACAGTTAGTGC-1",0.905797101449275,2992,-4.33433681102889,"C14M"
"C14M_CTTGTCCAGGATCCGC-1",0.396376811594203,3229,2.84541083712897,"C14M"
"B23F_CTTGTTTAGCTTAGCG-1",0.542028985507246,3395,1.2585565930424,"B23F"
"A22D_GAACCGCTCAAAGGCA-1",0.529710144927536,2538,3.62433731918815,"A22D"
"B21F_GAAGTCAAGCCTAACG-1",0.142028985507246,1910,-3.04382400410449,"B21F"
"C14M_GACCTAGTCACCATTT-1",0.208695652173913,2237,2.28151780065401,"C14M"
"C14M_GACCTGATCCTCCTAA-1",0.372463768115942,3336,3.40200149676633,"C14M"
"B23F_GAGAAACGTGGCTTCC-1",0.0181159420289855,1649,-7.19303673302327,"B23F"
"A22D_GAGCGATAGCGATAGA-1",0.72536231884058,2299,3.73545742107289,"A22D"
"C14M_GAGGCTACATGCATAT-1",0.714492753623188,3446,-0.730025093374334,"C14M"
"B21F_GAGGTACAGAGAAGGG-1",0.661594202898551,1175,-4.27671424428631,"B21F"
"A22D_GAGGTACAGCACAGAA-1",0.401449275362319,3991,0.0993711388918673,"A22D"
"B23F_GAGGTAGGTGCAATAT-1",0.395652173913043,2181,-4.10782059602843,"B23F"
"B23F_GAGTAATAGAAAGCAT-1",0.28695652173913,1917,-0.473575726324905,"B23F"
"B23F_GAGTGATCAGGCGAGT-1",0.407971014492754,1872,-1.80801196916957,"B23F"
"B23F_GATCACTAGCCTGAGC-1",0.33695652173913,2691,-0.472178920326604,"B23F"
"A22D_GATCAGGCATCTAGCA-1",0.45,2786,4.25403513268205,"A22D"
"B23F_GATCGATTCAAGCTTA-1",0.144202898550725,5002,-5.14893347745551,"B23F"
"C14M_GATGCAGCATTATGAC-1",0.895652173913044,3596,1.88340920588324,"C14M"
"A22D_GATTGATGTGGACATC-1",0.923188405797101,3137,3.65765612527729,"A22D"
"B21F_GATTGGTTCATCCTGC-1",0.685507246376812,4431,-3.87397985437821,"B21F"
"B21F_GATTGTTCAGCTACGT-1",0.588405797101449,3986,-1.04500750801168,"B21F"
"B21F_GCAAACAAGTCATGCG-1",0.13768115942029,2133,-2.6520786233687,"B21F"
"B21F_GCAACAGCACCTCACC-1",0.735507246376812,3636,2.81755743602616,"B21F"
"A22D_GCACATTAGTTTCCGC-1",0.873913043478261,5549,4.91377186140345,"A22D"
"B21F_GCACCTAAGATACTTG-1",0.766666666666667,4818,3.99239740882261,"B21F"
"B21F_GCACGAACATAATGAG-1",0.831884057971015,10635,4.27680065107229,"B21F"
"B23F_GCATGAGCACACTAAT-1",0.257246376811594,1731,0.907780354379289,"B23F"
"C14M_GCATTAGGTTAAGCTG-1",0.615942028985507,3380,1.03708479710956,"C14M"
"C14M_GCCACACAGCCACATG-1",0.684782608695652,3353,3.7297167621226,"C14M"
"B23F_GCCCTCATCTATCGCC-1",0.557246376811594,4107,-1.46755648947524,"B23F"
"C14M_GCCTGTGCACACCAAC-1",0.530434782608696,5026,3.11120435213346,"C14M"
"C14M_GCCTGTGCATCCAGGT-1",0.985507246376812,6448,2.72060709374436,"C14M"
"B21F_GCCTTAACACCGTTCC-1",0.771739130434783,3544,-0.330223689893066,"B21F"
"A22D_GCGCGATTCATTTGTC-1",0.405797101449275,2536,-0.0471554381881192,"A22D"
"C14M_GCGGGTTTCATGGCCA-1",0.338405797101449,1458,0.155691667815011,"C14M"
"C14M_GCTAGCCAGTCATGCG-1",0.00072463768115942,1785,-8.64139533823479,"C14M"
"B23F_GCTGACATCCCAGTAG-1",0.494202898550725,3095,2.40248642550084,"B23F"
"B23F_GCTGCAATCCTTGAGG-1",0.0891304347826087,1430,-1.74586484737946,"B23F"
"A22D_GCTGTAAGTTGGTTCT-1",0.668840579710145,4968,3.34569023404912,"A22D"
"A22D_GCTTAACAGACAACAG-1",0.697101449275362,2805,5.45411327019447,"A22D"
"C14M_GCTTTGTGTAAGCTTG-1",0.260144927536232,2038,0.597521424727882,"C14M"
"B23F_GGACAGCCAGCTAATT-1",0.460144927536232,2519,3.1529985878746,"B23F"
"A22D_GGACTAAAGCAAGGGT-1",0.184782608695652,1252,-1.26470143294799,"A22D"
"B21F_GGATTATGTCCAAATG-1",0.515942028985507,3617,2.25170880191877,"B21F"
"B21F_GGCAAATCAAATATCC-1",0.794927536231884,2628,2.74972711917456,"B21F"
"A22D_GGCATTAGTGATGATT-1",0.856521739130435,4200,4.22774215072264,"A22D"
"C14M_GGCTCACAGGAACCGG-1",0.748550724637681,2057,2.04437660346391,"C14M"
"C14M_GGCTGTCAGGCGAATA-1",0.959420289855072,4471,-3.2366131575856,"C14M"
"B21F_GGCTTAAGTTAGGTTG-1",0.526811594202899,2647,2.90267919320028,"B21F"
"A22D_GGGCAATAGTGCTGTG-1",0.447826086956522,2971,-2.3206437457827,"A22D"
"B23F_GGGCTAACATTGCAGC-1",0.81304347826087,3142,-0.182614033715606,"B23F"
"C14M_GGGTTTGTCGAAGTGA-1",0.454347826086957,3726,3.66612353394375,"C14M"
"C14M_GGTAACCGTGGTGAGA-1",0.797101449275362,2613,4.02952441167141,"C14M"
"B21F_GGTCCATCAGGCGAGT-1",0.407246376811594,1730,2.85244984037707,"B21F"
"C14M_GGTCTTGAGTCATCCC-1",0.383333333333333,3176,3.47245688948192,"C14M"
"A22D_GGTGAGGTCGTCCTTA-1",0.332608695652174,1441,-1.70925273373025,"A22D"
"B21F_GGTTATATCATAAGCC-1",0.816666666666667,20190,8.14433875947965,"B21F"
"B21F_GGTTGCTCAAGGGTTG-1",0.0644927536231884,6666,-3.28634000144922,"B21F"
"B23F_GGTTTAATCGTTAGCG-1",0.615217391304348,2597,2.88837960035452,"B23F"
"B23F_GTAAAGCCACTTAGGC-1",0.171739130434783,2538,-1.85867917988655,"B23F"
"B23F_GTACCTTGTGGTTATG-1",0.0427536231884058,1731,-6.81278987020597,"B23F"
"B23F_GTACTAATCACAGCCA-1",0.853623188405797,4376,1.26393554994911,"B23F"
"B21F_GTACTTCGTCGCAATA-1",0.344927536231884,2256,1.11950072350346,"B21F"
"B21F_GTACTTCGTGTTAGCA-1",0.154347826086957,2659,0.201900343940756,"B21F"
"B23F_GTAGTTATCACTAAGC-1",0.0282608695652174,1747,-6.76884881103015,"B23F"
"B21F_GTATGTGGTTCAAGAT-1",0.578260869565217,5040,4.3313986999371,"B21F"
"B21F_GTATGTTCATCCAGGT-1",0.258695652173913,3543,2.87224863118804,"B21F"
"B23F_GTATTGATCCACCTGT-1",0.618115942028985,3038,7.4832352983339,"B23F"
"B23F_GTCCAAGTCTTAGTCT-1",0.371014492753623,2781,0.112988760541459,"B23F"
"B21F_GTCCATTGTTGGCCGA-1",0.46231884057971,2612,-2.18375936862308,"B21F"
"B21F_GTCTAACAGCCGCTAA-1",0.646376811594203,3066,3.92363604959748,"B21F"
"C14M_GTCTAACAGCTCCCTG-1",0.983333333333333,4116,1.047618696925,"C14M"
"B23F_GTGAGCGAGTCACCTC-1",0.877536231884058,1240,-4.2037616690875,"B23F"
"A22D_GTGCACGGTGAGAAAC-1",0.269565217391304,2138,-1.76631545827424,"A22D"
"C14M_GTGCTCCGTAGGTTTG-1",0.100724637681159,2052,-1.5961378815018,"C14M"
"A22D_GTGCTGGGTATTGCAG-1",0.868840579710145,4732,0.676150223962346,"A22D"
"B23F_GTGCTGGGTTAGCAGC-1",0.249275362318841,3290,4.2975194549843,"B23F"
"B23F_GTGCTTACAATCCTAG-1",0.957246376811594,2410,-2.85823947646897,"B23F"
"A22D_GTGCTTCTCAATGACC-1",0.299275362318841,2316,0.611340931452202,"A22D"
"C14M_GTGGACACAGTAGCCT-1",0.960869565217391,7716,4.25818282739482,"C14M"
"A22D_GTTACAGGTTTAGCGA-1",0.16304347826087,2555,-1.3609693378288,"A22D"
"B23F_GTTGCCCGTGCGCAAT-1",0.771014492753623,3450,1.43380968816538,"B23F"
"B23F_GTTTACCGTTTGGTTC-1",0.197826086956522,2788,-1.57097830510202,"B23F"
"C14M_GTTTGTTTCGATCAGT-1",0.270289855072464,1762,-3.68259381884336,"C14M"
"B21F_TAAGGCTTCTCGACCT-1",0.589130434782609,2250,0.0397386539614419,"B21F"
"A22D_TACCTCATCTTGTCTG-1",0.939130434782609,4104,5.40929548561262,"A22D"
"C14M_TACCTTTAGATGGACA-1",0.92536231884058,3373,-1.66831205952662,"C14M"
"A22D_TACTGCACAACTAGGG-1",0.0840579710144927,2747,1.11571762728072,"A22D"
"C14M_TAGCGCGGTTTGTGGA-1",0.47463768115942,2015,0.424471958654931,"C14M"
"B23F_TAGTTGTCACCAAAGG-1",0.264492753623188,2447,-2.95808886098209,"B23F"
"C14M_TAGTTTGAGCGCCTTT-1",0.493478260869565,2430,-1.84069770982715,"C14M"
"C14M_TATTACCTCGTTAGTA-1",0.036231884057971,1811,-7.07177791310909,"C14M"
"B23F_TATTGACCACCTCACC-1",0.542753623188406,3553,1.04595243262344,"B23F"
"B21F_TCAATCGCAGAAACGT-1",0.204347826086957,2981,-1.23982944233648,"B21F"
"B23F_TCACATAAGGAGTCGG-1",0.32536231884058,2803,0.70637582017767,"B23F"
"B21F_TCAGCAAGTAATAGCT-1",0.293478260869565,1715,3.24434612411508,"B21F"
"B23F_TCAGTAGGTCCAAATG-1",0.489130434782609,2021,0.21187286333121,"B23F"
"B23F_TCATACTTCAAGCTTA-1",0.457971014492754,3119,-1.5102105305411,"B23F"
"B21F_TCCCGGACATGGCCCA-1",0.754347826086956,3013,3.31709935643287,"B21F"
"B23F_TCCCGTTAGGACCTTG-1",0.127536231884058,2334,-5.46882097793246,"B23F"
"B21F_TCCCTGGTCTCGCCTG-1",0.802898550724638,3220,-1.0497249046867,"B21F"
"A22D_TCCGCCATCACTAAGC-1",0.207246376811594,1889,-1.17351974001474,"A22D"
"A22D_TCCTCTAAGTTGGCCA-1",0.086231884057971,2488,-6.88835933184756,"A22D"
"C14M_TCCTTAGTCGCATCCT-1",0.355797101449275,2324,1.60270856482976,"C14M"
"B21F_TCGCGAGGTCCTTTAA-1",0.555797101449275,3327,-0.974874926942638,"B21F"
"C14M_TCTAACTTCATTAGGC-1",0.552898550724638,4085,1.0595423460492,"C14M"
"B21F_TCTCAAGCATTCCTGT-1",0.0963768115942029,1570,-5.53709427491109,"B21F"
"B21F_TCTGTGACACCTCAGG-1",0.480434782608696,2981,-1.24015067122263,"B21F"
"B23F_TCTTCAAGTGAGACTC-1",0.00217391304347826,2199,-7.18915640789691,"B23F"
"B23F_TCTTGTCCATAAGGAC-1",0.199275362318841,1540,-0.649005560073924,"B23F"
"B23F_TGAAACTGTCCGCTGT-1",0.671014492753623,3899,2.672111853977,"B23F"
"B21F_TGAGAACCACACTAAT-1",0.165942028985507,1607,-2.61207505158141,"B21F"
"B21F_TGAGGTGCATGCAACC-1",0.678985507246377,8030,2.49912142114479,"B21F"
"A22D_TGATCGAGTGCTGTAA-1",0.0557971014492754,1065,-6.57766814785474,"A22D"
"B21F_TGATTCAAGAGGATAT-1",0.670289855072464,3363,2.35465648464662,"B21F"
"C14M_TGCACCTTCAGGAAGC-1",0.126811594202899,1582,1.22442007314376,"C14M"
"B21F_TGCAGGCTCTAATCAG-1",0.915942028985507,6386,3.55867604155206,"B21F"
"A22D_TGGATTCAGGCTATGT-1",0.749275362318841,2066,-2.65170361893493,"A22D"
"B21F_TGGTCCTTCGGTCAGC-1",0.970289855072464,7389,1.67666097353252,"B21F"
"C14M_TGGTTAATCTTAGGAC-1",0.336231884057971,2188,-1.13770514983431,"C14M"
"A22D_TGTAAAGCAGGAATCG-1",0.883333333333333,3064,0.762147066675496,"A22D"
"A22D_TGTAATGTCCTAATTC-1",0.860869565217391,6465,7.11082075195406,"A22D"
"B23F_TGTATCCGTTGGTTAG-1",0.0768115942028986,2294,-3.19712035686941,"B23F"
"B23F_TGTGATCAGTTTGAGC-1",0.0731884057971015,1423,-3.82874657238809,"B23F"
"C14M_TGTGCGGGTTGGATCA-1",0.597826086956522,3773,6.8310527848601,"C14M"
"B21F_TGTTGTAAGTTAACCA-1",0.832608695652174,2897,-0.823580984591481,"B21F"
"B21F_TTAAGCCAGCCTTAAA-1",0.902173913043478,2873,3.05879145749315,"B21F"
"A22D_TTAAGGACATTAGCGC-1",0.268840579710145,2285,0.369333085155553,"A22D"
"B21F_TTAATCGAGACCATAC-1",0.142753623188406,2033,0.394077099911359,"B21F"
"C14M_TTATGACCATTGCAGC-1",0.328985507246377,2191,1.15670815471096,"C14M"
"C14M_TTCAGCACATTGTGGC-1",0.459420289855072,1353,-2.49659184988258,"C14M"
"B21F_TTCCCACAGTCATTAG-1",0.568115942028986,5109,-2.14004915752748,"B21F"
"C14M_TTCGCAACACAGAAAC-1",0.165217391304348,1792,3.0523989467914,"C14M"
"A22D_TTGACGTAGTAAGAAC-1",0.502173913043478,1874,0.85309683783801,"A22D"
"A22D_TTGGCGGGTTGAAGCC-1",0.368840579710145,2182,1.5349852879994,"A22D"
"C14M_TTGGCTACACTCAACA-1",0.834782608695652,5932,4.71190216649762,"C14M"
"A22D_TTGGGCGGTTCCAGGG-1",0.767391304347826,3152,1.84266913634384,"A22D"
"A22D_TTGTCCCAGGAAGCTA-1",0.981884057971015,3008,-3.44364975556852,"A22D"
"A22D_TTGTTTGGTACAAAGA-1",0.62536231884058,2036,0.557445566857779,"A22D"
"B21F_TTTAACGAGTTTGTCT-1",0.64927536231884,1328,-5.65151160793032,"B21F"
"B23F_TTTCCGGGTACGCGCA-1",0.721739130434783,1540,-0.698333518301913,"B23F"
"B23F_TTTCTTGCAATCCTGA-1",0.271739130434783,1940,-1.83318513871997,"B23F"
"GH_AAAGGAGCAAAGGTAC-1",0.572463768115942,1479,0.772539253438305,"GH"
"GH_AAATCCGGTAAGTCGC-1",0.232608695652174,1653,-1.88725769608751,"GH"
"GH_AACCTCCTCAGGAACA-1",0.965217391304348,5046,2.40662695561946,"GH"
"B21M_AACTACTCAGAGGCTA-1",0.42536231884058,3947,0.0860140461336219,"B21M"
"T5D_AACTAGTGTTCATCTA-1",0.397101449275362,1892,3.46840335426633,"T5D"
"T5D_AAGACATAGCCGCTTT-1",0.326811594202899,3476,3.9767593061883,"T5D"
"T5D_AAGCCTGTCATAACGC-1",0.863768115942029,4972,4.71767296881075,"T5D"
"T5D_AAGCGAATCTGCAAAC-1",0.586231884057971,2959,3.79711366656591,"T5D"
"GH_AAGGATGTCCTGTTCA-1",0.256521739130435,2497,4.4653943805676,"GH"
"T5D_AAGTGCAAGCAAGACA-1",0.510144927536232,2937,0.528710305288834,"T5D"
"GH_AATCATGTCCAATTAG-1",0.630434782608696,5413,-0.728822049065609,"GH"
"GH_AATCGCCCAACCGCCA-1",0.290579710144928,2882,4.41774067435557,"GH"
"T13D_AATTAGGCAGGCTTGT-1",0.483333333333333,2668,1.86525015663233,"T13D"
"B21M_AATTGCCAGTGGACAA-1",0.0869565217391304,1233,-2.28863635934239,"B21M"
"GH_AATTTGGTCATGGTGT-1",0.540579710144928,2500,-0.136530976416523,"GH"
"GH_ACCACACCAAGACTCC-1",0.778260869565217,2924,-2.30741259075935,"GH"
"GH_ACCACACCACAATACT-1",0.810144927536232,4838,1.62088397348913,"GH"
"GH_ACCTTGTGTTAGGTGC-1",0.934057971014493,5013,1.73067806357053,"GH"
"GH_ACGCAAGCAGGTTAAA-1",0.621739130434783,2793,2.07487310245505,"GH"
"T5D_ACGGGAAGTCATGCAA-1",0.344202898550725,1873,-1.71743705244292,"T5D"
"GH_ACTCACCTCTAAATCG-1",0.956521739130435,10011,2.82832838656413,"GH"
"T13D_ACTTATCTCATTGTCT-1",0.488405797101449,2114,-6.03704981446243,"T13D"
"GH_ACTTATCTCTTTAAGG-1",0.140579710144928,1793,-1.61559159298684,"GH"
"T5D_AGAACCAAGATAACCC-1",0.598550724637681,3079,1.84724792992884,"T5D"
"GH_AGAGAGGAGCATGTCG-1",0.578985507246377,2486,0.338012061161998,"GH"
"T5D_AGATGCTTCCTTGTTG-1",0.539130434782609,3173,2.38962371796533,"T5D"
"GH_AGCAAGGGTGCACGCA-1",0.897101449275362,3073,0.389919462284173,"GH"
"GH_AGCAAGGGTTTCAGGA-1",0.93695652173913,4448,-3.47973801138358,"GH"
"T5D_AGCATCCCACTCAACA-1",0.592753623188406,2559,0.490660032452241,"T5D"
"T13D_AGCCAGTGTCATAACG-1",0.658695652173913,1584,-5.29842729123919,"T13D"
"GH_AGCCTAGTCTAGCGAT-1",0.716666666666667,3979,4.86308213203714,"GH"
"B21M_AGGACGTAGGCTATGT-1",0.960144927536232,3994,-0.303658934453772,"B21M"
"T5D_AGGATTGAGGCAACAA-1",0.878985507246377,2577,-3.70129203445841,"T5D"
"T13D_AGGCAGGTCCCTGTTA-1",0.500724637681159,3207,2.48833049452212,"T13D"
"T5D_AGGTCTTAGCTCCTTA-1",0.644927536231884,3805,3.50179519311785,"T5D"
"GH_AGTCCTGAGCGGATAA-1",0.361594202898551,1524,-1.03447450339945,"GH"
"T13D_AGTCTTGCAGGCTACT-1",0.842028985507246,5764,-1.38705201785576,"T13D"
"GH_AGTTATGTCTCACTCA-1",0.419565217391304,3602,0.413044458982149,"GH"
"B21M_ATCAAGACATTAGCGC-1",0.360144927536232,2421,-1.4920665463294,"B21M"
"T13D_ATCCTCATCGCCTAAG-1",0.741304347826087,3484,5.16948297255094,"T13D"
"T13D_ATGCTTAAGGCTACAT-1",0.123188405797101,2908,-1.57177950674234,"T13D"
"B21M_ATGGCCCAGCGAAGTA-1",0.740579710144928,2335,-2.00756551002002,"B21M"
"T13D_ATTCACTTCCCATAAA-1",0.752898550724638,7945,1.60002409570349,"T13D"
"GH_ATTGAAGCATTGTCAG-1",0.314492753623188,2741,0.649275950786849,"GH"
"T5D_ATTGTGATCCTGATTT-1",0.841304347826087,3514,-0.411135605088347,"T5D"
"GH_CAAACAACAATTAAGG-1",0.481159420289855,3149,1.06602356404436,"GH"
"B21M_CAAACTGGTGCTAGCG-1",0.943478260869565,3848,1.51602070479175,"B21M"
"T5D_CAACCCTTCTAGCGAT-1",0.549275362318841,2074,-0.0563768293851592,"T5D"
"B21M_CACAGGGAGGCCATCA-1",0.499275362318841,2876,-0.138191261713561,"B21M"
"GH_CACATAATCTTGGATA-1",0.779710144927536,2212,3.87392930658819,"GH"
"T5D_CAGCCAATCATTAGGC-1",0.676811594202899,2147,3.16157978317239,"T5D"
"GH_CAGCTATAGCGGTTAT-1",0.0528985507246377,3910,-3.92855389212611,"GH"
"GH_CATAAGCTCCGCAACA-1",0.918115942028985,3594,0.724387991034539,"GH"
"GH_CATAGTCAGGCTGTGC-1",0.623188405797101,2331,-4.39012712495139,"GH"
"T13D_CATGCAAGTCTAACAG-1",0.781884057971014,5205,3.46776451531806,"T13D"
"T13D_CATGCATAGGTGTTAC-1",0.571014492753623,7534,0.664435848713937,"T13D"
"B21M_CCAAACCCACACAATT-1",0.871014492753623,4932,0.84123596829475,"B21M"
"B21M_CCAATATCAGCACCAT-1",0.908695652173913,4984,-0.105669075901729,"B21M"
"T5D_CCATCATGTTGGTTCT-1",0.836231884057971,3753,5.15895992288478,"T5D"
"T13D_CCGCAAATCTTAGTCT-1",0.553623188405797,7113,4.18426791995502,"T13D"
"GH_CCTATAGCAGTTAAAG-1",0.949275362318841,4323,-3.42158233340887,"GH"
"GH_CCTGAGTCAGCACCAT-1",0.521739130434783,3328,3.895036316761,"GH"
"B21M_CCTGTAACAAACCTAT-1",0.442028985507246,2520,3.84896266234701,"B21M"
"GH_CGAAGAATCCTAGTAA-1",0.38695652173913,4195,-0.305818132205216,"GH"
"T5D_CGAAGGCCAACACTTG-1",0.952898550724638,4884,-2.70815651047925,"T5D"
"GH_CGCAATAGTTAGCAGC-1",0.717391304347826,2700,-3.06935341832441,"GH"
"GH_CGCGATTCATCCCGCT-1",0.755797101449275,4265,-0.109424178699251,"GH"
"GH_CGCTAATAGTATGTGC-1",0.760869565217391,5838,5.61215352448964,"GH"
"GH_CGGAGTCTCTAAGGTC-1",0.0579710144927536,1850,-3.69185128198715,"GH"
"GH_CGGTGAGAGCAAGATG-1",0.105797101449275,731,-5.03179716482916,"GH"
"T13D_CGTATTGCATTGGGAG-1",0.103623188405797,1999,0.939146727228697,"T13D"
"GH_CGTTATCGTGCGCGTA-1",0.31231884057971,1241,-1.2012354324609,"GH"
"T5D_CTAATCCGTTAGAGCC-1",0.357246376811594,3755,-1.08625030576933,"T5D"
"B21M_CTACCGGCATGAATAG-1",0.0659420289855072,3658,-4.36435175453455,"B21M"
"T13D_CTAGGACGTCAAAGAA-1",0.156521739130435,2306,-0.256815540011781,"T13D"
"T13D_CTATAACCAAACAACA-1",0.692028985507246,3467,5.36221210174818,"T13D"
"GH_CTATGAGGTTGGTTCT-1",0.505072463768116,2178,1.16077283696024,"GH"
"T13D_CTATGAGGTTTCGCCA-1",0.455072463768116,7263,4.23163615483771,"T13D"
"GH_CTCACTCAGGGTGGAT-1",0.0471014492753623,2102,-7.18445993785716,"GH"
"T5D_CTCATGACAGCACGAA-1",0.265217391304348,2156,-1.55317847724379,"T5D"
"GH_CTCCAAACAACAACAA-1",0.167391304347826,1250,-3.2274356970644,"GH"
"GH_CTCCAAACACTAAGCC-1",0.434057971014493,3707,-3.05396324449152,"GH"
"B21M_CTCCAAACAGCAATAA-1",0.260869565217391,2517,0.171784776724335,"B21M"
"B21M_CTCCATCAGTAGCGCC-1",0.547826086956522,2890,0.994691536986299,"B21M"
"GH_CTCGTTATCCGGTTAG-1",0.404347826086957,2083,0.00335482958509808,"GH"
"T13D_CTCTGTTCATAAAGCA-1",0.0797101449275362,4850,-6.18263425247597,"T13D"
"T5D_CTGACCAAGCAACATC-1",0.870289855072464,3843,0.0491497078198859,"T5D"
"GH_CTGTACCTCCAAACAC-1",0.214492753623188,1526,-3.75114813313332,"GH"
"T5D_CTTCAAGCAGCAACAG-1",0.713768115942029,6026,4.6290475022741,"T5D"
"B21M_CTTGCGCGTTTAGCGA-1",0.814492753623188,2315,-2.87770258780384,"B21M"
"GH_CTTTGGTGTCACAAAT-1",0.102898550724638,1378,-1.5362535926782,"GH"
"GH_GACTTACAGAGAGCCG-1",0.144927536231884,1754,1.55936186930598,"GH"
"T13D_GACTTACAGTCACTCC-1",0.97463768115942,4124,2.72698531187155,"T13D"
"GH_GAGGTGAGTGGGTGAA-1",0.556521739130435,1468,-4.20973810756948,"GH"
"T5D_GATCAAGAGTCACTAA-1",0.657246376811594,2591,2.30183810251279,"T5D"
"GH_GATGCATTCCTACCTA-1",0.65,3694,-1.71651175207786,"GH"
"T5D_GATTCAATCATCCTAT-1",0.376811594202899,4399,5.04402201509311,"T5D"
"T5D_GATTCATCAATCCTGA-1",0.523913043478261,3110,0.190989348624863,"T5D"
"GH_GCAAGTGCAATTTGGT-1",0.390579710144928,3493,0.640218557619804,"GH"
"T13D_GCACTAAGTGAAACAA-1",0.720289855072464,3571,-0.626073030942966,"T13D"
"B21M_GCATTGCCACAGCCAT-1",0.804347826086957,2245,-3.42519795752792,"B21M"
"B21M_GCCACTAAGCGGGCAA-1",0.168840579710145,1012,-5.37208615668534,"B21M"
"GH_GCCACTAAGGCAACAA-1",0.288405797101449,2481,-0.118961444040276,"GH"
"GH_GCCAGGAAGGATGATG-1",0.134782608695652,1971,-1.7582742050794,"GH"
"GH_GCCAGGTTCTCAATTC-1",0.0268115942028985,3291,-7.34434534030255,"GH"
"B21M_GCCCAAATCCGCAACA-1",0.905072463768116,3208,2.41728315153272,"B21M"
"B21M_GCGTGCTAGAACCTAC-1",0.36304347826087,1245,-1.99280738239684,"B21M"
"T5D_GCTAAGTTCCTTGCGT-1",0.423188405797101,1673,-1.38383098945983,"T5D"
"B21M_GCTATCCTCCTCAGCT-1",0.752173913043478,3664,-1.21253246934695,"B21M"
"GH_GCTGTGATCAGCTAAC-1",0.989855072463768,5161,2.30893274044376,"GH"
"GH_GGAACGGTCCTCATGC-1",0.560869565217391,4577,4.66475120914373,"GH"
"T5D_GGAAGCTAGTAACAGG-1",0.632608695652174,1779,-2.98948714534787,"T5D"
"B21M_GGAGCATAGCGATACT-1",0.907246376811594,3474,-2.89058911835352,"B21M"
"GH_GGAGTCTGTAACGAGG-1",0.936231884057971,1770,-0.967165275505675,"GH"
"GH_GGCAAATCATGGTTAT-1",0.48768115942029,3453,4.0203532731089,"GH"
"T13D_GGCAAGCCAGCCTGCA-1",0.944927536231884,5020,6.05159876215059,"T13D"
"B21M_GGCCAACTCCCAGTAG-1",0.218840579710145,2349,-0.891189977086367,"B21M"
"GH_GGCCAACTCCTTAAGA-1",0.620289855072464,3762,3.26147106481748,"GH"
"T5D_GGCTTCAAGGATTGCT-1",0.728985507246377,3230,1.21657982935933,"T5D"
"T5D_GGTACTAGTCCTAATC-1",0.429710144927536,2176,3.99047801040861,"T5D"
"GH_GGTATTTCACAGAAAC-1",0.92463768115942,4051,-0.370164627165776,"GH"
"B21M_GGTCATTAGTGCACGC-1",0.831159420289855,4563,-3.09758432885306,"B21M"
"T13D_GGTGAGGTCACTTTAC-1",0.858695652173913,9326,7.31891220330986,"T13D"
"T5D_GGTTAGCGTCAAACTG-1",0.295652173913043,2016,-2.43388810145215,"T5D"
"T13D_GGTTGACGTCTCACTG-1",0.431884057971014,1574,-2.47333332331473,"T13D"
"T13D_GGTTTCCTCCGGTATG-1",0.557971014492754,2715,1.34046996914185,"T13D"
"GH_GTACTAATCTTTAGGA-1",0.0608695652173913,1604,-4.42083903813145,"GH"
"B21M_GTAGCGCTCCAAGTGT-1",0.639855072463768,2686,3.00806873083111,"B21M"
"T13D_GTATCGCCATTATGGT-1",0.229710144927536,3126,0.399734659418009,"T13D"
"B21M_GTATGTGGTGATTACG-1",0.57463768115942,2470,-0.109507875226183,"B21M"
"T13D_GTCTTGCTCACAGCGC-1",0.376086956521739,3791,0.588683717847028,"T13D"
"T13D_GTGCATTAGGTCTTGG-1",0.461594202898551,2810,4.98082399880952,"T13D"
"T5D_GTGCTCAAGTACCGCA-1",0.634782608695652,3596,-1.42057593408079,"T5D"
"T13D_GTGCTTCTCGATCAGT-1",0.67536231884058,2333,-1.0750918599645,"T13D"
"GH_GTGGATGCAGCTTACA-1",0.958695652173913,2927,-2.45898606121834,"GH"
"T5D_GTGGATGCATTATGGT-1",0.244202898550725,3132,4.08576686523736,"T5D"
"T5D_GTGGCTTCAATAGTCT-1",0.631884057971015,2510,-1.37463199643847,"T5D"
"GH_GTTAACCAGCGTGCGT-1",0.593478260869565,1994,0.0139114464943187,"GH"
"T13D_GTTACGTAGCAAGATG-1",0.0543478260869565,2078,-7.50261232851312,"T13D"
"GH_GTTAGGCGTTCACCCA-1",0.829710144927536,2007,3.38975177854434,"GH"
"GH_GTTGTTGCAAGTCGCT-1",0.781159420289855,2997,-1.63723869562867,"GH"
"GH_GTTTCTAGTGCTTACT-1",0.79927536231884,4471,1.35482383442647,"GH"
"GH_TAAACAGCACCTACGG-1",0.0630434782608696,2790,-5.93568202038017,"GH"
"T13D_TAAGCCTAGGACAACA-1",0.507971014492754,5257,3.37070139461762,"T13D"
"T5D_TAATGGTGTTGTTCAC-1",0.692753623188406,3373,-0.51260720496004,"T5D"
"T5D_TACCAAATCCTAGTAA-1",0.801449275362319,4400,-1.57744258082397,"T5D"
"T5D_TACCTTAGTGAGCAAG-1",0.107971014492754,1318,-5.39843346765186,"T5D"
"GH_TACCTTAGTTATAGCG-1",0.68768115942029,2986,4.02631772265293,"GH"
"GH_TACTGACAGTGAACCT-1",0.210144927536232,2044,-1.06496521484597,"GH"
"GH_TAGGAGGGTGTTAAAC-1",0.9,3263,3.74762946964761,"GH"
"GH_TATCACAAGTAAAGGT-1",0.128985507246377,1924,-0.843110744382908,"GH"
"T13D_TATTAGCCAGGCTACT-1",0.800724637681159,5115,0.278862413701523,"T13D"
"B21M_TCACCGGCACCAGCAT-1",0.511594202898551,3430,-1.66986529433937,"B21M"
"T5D_TCATACTTCATTATGG-1",0.0449275362318841,2143,-5.57766371203586,"T5D"
"T5D_TCCCGGACACAGCCTG-1",0.221014492753623,2202,2.1974150860453,"T5D"
"GH_TCCGGTTTCTTGACCC-1",0.358695652173913,3678,3.39635576044444,"GH"
"GH_TCCTCAATCAACCAAC-1",0.78695652173913,4850,0.162218163317359,"GH"
"T13D_TCCTTTACACAATGTT-1",0.82536231884058,7587,5.07141180367684,"T13D"
"GH_TCTAGCACAGCTAACC-1",0.0594202898550725,2099,-5.55952326356091,"GH"
"T13D_TCTTTGTAGGTCTTGG-1",0.311594202898551,4014,4.11902054818802,"T13D"
"GH_TGAGGTGCACGGTACT-1",0.802173913043478,4380,1.77378383019262,"GH"
"T5D_TGATCGAGTATTCGTC-1",0.940579710144928,2057,4.55430452989624,"T5D"
"GH_TGATCGAGTTATCGAG-1",0.67463768115942,2679,-1.42151079962854,"GH"
"T5D_TGCCATTGTCCTCCAA-1",0.907971014492754,3697,2.82055850760846,"T5D"
"T5D_TGCCATTGTGTCCAAA-1",0.684057971014493,4531,6.19565904577924,"T5D"
"T5D_TGCTCCGTCGCAACAT-1",0.43768115942029,2718,-0.896313132111826,"T5D"
"GH_TGCTCTCAGTTGCCTC-1",0.652173913043478,4823,-2.98880069322287,"GH"
"T13D_TGGGCATGTTTATGGG-1",0.844202898550725,3493,2.6240345210495,"T13D"
"T5D_TGGTGCATCTTGCAGG-1",0.926086956521739,4907,2.41844367051175,"T5D"
"T13D_TGTGTGAGTCGCATAA-1",0.611594202898551,3579,2.92133316801036,"T13D"
"T13D_TGTGTTAAGGACACTT-1",0.130434782608696,1358,-1.79645017087731,"T13D"
"GH_TGTTAGCAGGTGCGGA-1",0.283333333333333,3036,2.02230066240157,"GH"
"T13D_TGTTCATTCAAACCGT-1",0.522463768115942,2465,-0.402407488703267,"T13D"
"B21M_TGTTGCACAGCTAACC-1",0.26304347826087,3509,-5.36770372168034,"B21M"
"B21M_TTAAGGACAGGCTTCG-1",0.189130434782609,1691,-2.02682168295275,"B21M"
"B21M_TTACACCGTTCAAGAT-1",0.744927536231884,2924,2.6767031066786,"B21M"
"T13D_TTACCTGTCCGGAACC-1",0.989130434782609,1806,0.0770393786378497,"T13D"
"T5D_TTAGGAACACTTAGGC-1",0.942753623188406,4165,3.29726874719679,"T5D"
"T5D_TTCCTTGAGTTATTCC-1",0.756521739130435,4312,-1.76902182989187,"T5D"
"B21M_TTGCTCTCACGAATCC-1",0.873188405797101,5355,5.24721046082187,"B21M"
"GH_TTGCTTAGTAATGGCC-1",0.502898550724638,3772,-0.451080069629076,"GH"
"GH_TTGGCTACATTGGGAG-1",0.013768115942029,2350,-5.9733015043599,"GH"
"GH_TTGGCTGAGTACCGCA-1",0.581884057971015,2500,0.865343568028548,"GH"
"B21M_TTGTCAAAGTCCTTTG-1",0.808695652173913,4123,0.716510969549906,"B21M"
"T13D_TTGTGAGGTGTTTGAG-1",0.563768115942029,1452,-0.127323972031112,"T13D"
"T13D_TTGTTGTTCTTGGATA-1",0.867391304347826,3905,-1.61163152407639,"T13D"
"GH_TTTAACCTCGACCTGA-1",0.667391304347826,2910,-1.40300023270987,"GH"
"T5D_TTTAACGAGGCAATAG-1",0.747101449275362,4126,-0.0826365177533407,"T5D"
"T13D_TTTCCACCAACTAACT-1",0.439855072463768,4088,1.7635238718133,"T13D"
"T5D_TTTGCATTCACTAGGT-1",0.147101449275362,2069,-3.59878083971844,"T5D"
"A12D_AACAAGCCAACTAGGG-1",0.133333333333333,1789,2.40991950492523,"A12D"
"C13M_AACCGGCTCCGTCCAT-1",0.738405797101449,1840,-4.89660003169648,"C13M"
"A12D_AACCTCCTCCTAAATG-1",0.263768115942029,1502,2.6338157179148,"A12D"
"C13M_AACGGTAAGCTAAGTC-1",0.418115942028985,1135,-0.810865469180251,"C13M"
"C13M_AACTAGCTCCTCAGCT-1",0.719565217391304,4216,0.972389231346947,"C13M"
"C13F_AACTAGTGTCATTGTC-1",0.223188405797101,2002,0.696702153507129,"C13F"
"C13F_AAGAATCAGTTCCCAC-1",0.0717391304347826,1483,1.80821249534102,"C13F"
"C13F_AAGACATAGCGATACT-1",0.839855072463768,2394,3.69584966737254,"C13F"
"C13F_AAGCCTCCAGCCGCTA-1",0.0615942028985507,1748,-2.95652402060744,"C13F"
"A12D_AAGCGTTTCGCTCACT-1",0.215217391304348,1116,-3.53252435183158,"A12D"
"C13F_AAGCTCCCAATGAAGC-1",0.554347826086957,2062,-1.06070188956349,"C13F"
"C13M_AAGGATTAGCCTGTTC-1",0.854347826086956,1411,-1.06462657693061,"C13M"
"A12D_AAGTAGCCAAGCTACC-1",0.357971014492754,3503,-0.516792432044511,"A12D"
"A12D_AAGTTAGCAGAAACGT-1",0.163768115942029,2207,-4.34480292486979,"A12D"
"A12D_AATAACCGTAGTCAAT-1",0.309420289855072,1779,-0.278280046841899,"A12D"
"C13M_AATCCGTAGCACTAGT-1",0.765217391304348,3591,5.17815105652473,"C13M"
"C13F_AATGTCCAGCGAAGTA-1",0.446376811594203,1326,-0.0896399395224942,"C13F"
"C13M_ACAACAGAGCGAGCGA-1",0.0789855072463768,1044,-2.05864546182203,"C13M"
"A12D_ACACGGACAGCCTTGG-1",0.134057971014493,1504,-2.57791443503864,"A12D"
"C13F_ACAGGTAAGTTGTCCC-1",0.584057971014493,1946,1.32339865146497,"C13F"
"C13M_ACATTAGTCTAGCTTT-1",0.826086956521739,4748,5.02062129221371,"C13M"
"C13F_ACCATTAAGGGTGAAC-1",0.122463768115942,1346,0.933990169257761,"C13F"
"C13M_ACCCGCTGTTTACCGT-1",0.41304347826087,1754,1.40472656616085,"C13M"
"C13M_ACCTAAGGTCCTAACT-1",0.532608695652174,2745,2.23116511223406,"C13M"
"C13F_ACCTGGATCTAATCCT-1",0.627536231884058,1531,-3.01899843045918,"C13F"
"C13F_ACCTTGCTCATGTTTC-1",0.797826086956522,2562,3.65498857701765,"C13F"
"A12D_ACGCAAGCAATTAGGA-1",0.105072463768116,1173,-1.83293179248624,"A12D"
"A12D_ACGGTTAGTATTGAGT-1",0.0710144927536232,3681,-5.79280636621132,"A12D"
"A12D_ACGTCAAGTAGGATTT-1",0.528985507246377,1480,-0.882435856344092,"A12D"
"A12D_ACGTTACAGGTCCACA-1",0.0876811594202899,1569,-3.57234756551925,"A12D"
"A12D_ACTGAAACAAGGTATA-1",0.847101449275362,2340,-0.413263882723603,"A12D"
"A12D_ACTTATCTCAAGCGCC-1",0.0376811594202899,1071,-3.56048859633792,"A12D"
"A12D_ACTTCGCTCGTTTCCA-1",0.451449275362319,2595,3.27463275489817,"A12D"
"C13M_AGAACCAAGCTATGAC-1",0.695652173913043,2397,2.50995881947469,"C13M"
"A12D_AGAACCAAGGCTGGCT-1",0.810869565217391,2515,3.18955068015015,"A12D"
"A12D_AGAACCGCAAACGGGC-1",0.61231884057971,3306,0.0503855209268237,"A12D"
"A12D_AGAACCGCAAGTCGCT-1",0.63768115942029,1712,0.0522189669720912,"A12D"
"A12D_AGAAGGTGTCCGGTTC-1",0.136231884057971,1170,-0.00407959443328554,"A12D"
"C13F_AGAGAAGCACCTAATG-1",0.428260869565217,2434,3.80372883907464,"C13F"
"A12D_AGCATCCCACTGACCG-1",0.227536231884058,2569,-2.30742571700833,"A12D"
"C13M_AGCATTTCATAAGTTC-1",0.139855072463768,1340,-1.44530807494223,"C13M"
"C13M_AGCCTAAGTTGAATCG-1",0.169565217391304,1509,-4.80971617129787,"C13M"
"C13F_AGCGGATAGGTTAGCT-1",0.364492753623188,2253,2.639469608385,"C13F"
"C13M_AGCTACTAGAATCTCA-1",0.0188405797101449,1615,-7.79940210546713,"C13M"
"C13F_AGCTATATCCGTCCAT-1",0.109420289855072,2745,-2.23338459637776,"C13F"
"C13F_AGGCTAGCACCAGCAT-1",0.319565217391304,1919,0.412242863400914,"C13F"
"A12D_AGGTTTATCACAAGCT-1",0.777536231884058,1702,-3.6060996334672,"A12D"
"C13F_AGTAACACAAGTTATC-1",0.219565217391304,1971,-4.21295583347865,"C13F"
"C13M_AGTAACCTCGGTCAGC-1",0.0826086956521739,2112,-3.90305737177143,"C13M"
"C13M_AGTCTTGCAATCATGT-1",0.242753623188406,2919,3.32642240356777,"C13M"
"C13M_AGTGAACCACCAAAGG-1",0.342028985507246,800,-5.00838443425349,"C13M"
"C13M_AGTGAACCAGCATGGA-1",0.484782608695652,1816,-2.60628447333606,"C13M"
"A12D_AGTTATGTCTGTGCAG-1",0.0550724637681159,904,-4.38754126504411,"A12D"
"C13F_AGTTGCAGTGGAAACG-1",0.0753623188405797,1127,-4.53883882707854,"C13F"
"A12D_ATCACACAGTACCGCA-1",0.665942028985507,3101,5.96580638727102,"A12D"
"C13F_ATGACTCAGGAGCATA-1",0.602898550724638,1654,1.38866496860849,"C13F"
"C13M_ATTACCGCATATAACC-1",0.945652173913043,9481,0.534452389313055,"C13M"
"C13F_ATTAGGTGTGTAATAC-1",0.0108695652173913,904,-7.94611057483064,"C13F"
"A12D_ATTCGTTTCATTACGA-1",0.477536231884058,3965,6.58292160711947,"A12D"
"A12D_ATTGAAGCATTGACAT-1",0.298550724637681,2052,0.65064251359378,"A12D"
"C13M_ATTGCACAGGGTTATC-1",0.896376811594203,2523,1.27099312162994,"C13M"
"A12D_ATTGCAGGTAACTACG-1",0.0681159420289855,1403,0.615695052238223,"A12D"
"C13M_ATTTAGCCACTCAACA-1",0.984782608695652,4256,1.48745018997521,"C13M"
"C13M_CAACAGGCATTAAGCT-1",0.992028985507246,4800,3.6075204126138,"C13M"
"C13M_CAACTAATCACACAGT-1",0.693478260869565,5177,1.91488409219718,"C13M"
"A12D_CAACTAGGTGCGCATG-1",0.89927536231884,1826,2.05759220402283,"A12D"
"A12D_CAAGCTAGTGTGTCCC-1",0.238405797101449,852,-2.63055774143303,"A12D"
"C13M_CAAGGCTGTAGTAAGA-1",0.0130434782608696,1059,-6.89016723283348,"C13M"
"A12D_CAATGTCAGTAACTCA-1",0.663768115942029,4534,3.33911375389681,"A12D"
"C13M_CAATGTGGTTCTTTAG-1",0.455797101449275,3806,2.78166953109871,"C13M"
"C13F_CACAGGCTCCTAGTTT-1",0.823913043478261,2565,0.861341615699425,"C13F"
"C13F_CACATAATCAGCACGC-1",0.321739130434783,1693,1.8529743816353,"C13F"
"C13F_CACATACAGGCATTAC-1",0.498550724637681,2574,-2.80723450062787,"C13F"
"A12D_CACATTAAGTATTGTG-1",0.00507246376811594,1717,-7.78888170188363,"A12D"
"C13F_CACTAGCCAAACAACA-1",0.0072463768115942,1395,-5.62229168095677,"C13F"
"C13F_CACTTAAAGCTAATTG-1",0.510869565217391,2944,-3.50158439105614,"C13F"
"C13F_CAGCATTAGGGTTATC-1",0.261594202898551,1276,1.61370745076968,"C13F"
"A12D_CAGGATGCAACAGGAT-1",0.86304347826087,1746,-1.48844461406981,"A12D"
"C13F_CAGGTGGAGGTAAGCA-1",0.143478260869565,928,-4.51900704005889,"C13F"
"A12D_CATAGGCGTTGTGACA-1",0.0739130434782609,904,-3.81945551606447,"A12D"
"A12D_CATCACACATAAACCT-1",0.380434782608696,4234,0.217713006856472,"A12D"
"A12D_CATCAGCCACTCGCTC-1",0.145652173913043,1708,-2.49514421361319,"A12D"
"C13M_CATGCGGGTTGTTGGA-1",0.113768115942029,1747,-0.574369910297767,"C13M"
"C13M_CCAAACTAGCAAACCT-1",0.72463768115942,2610,0.997111298952679,"C13M"
"C13F_CCAAATCAGTTCCTGC-1",0.621014492753623,2391,3.75005453049541,"C13F"
"C13F_CCACAATAGTTAGGCT-1",0.356521739130435,1750,2.3425064939008,"C13F"
"C13M_CCACAGGGTTGTTCAC-1",0.906521739130435,7426,6.1795543611063,"C13M"
"C13M_CCAGCCTGTGCGCATG-1",0.303623188405797,1401,-1.58009609958244,"C13M"
"C13M_CCATCATGTTAGGTTG-1",0.969565217391304,5167,-2.81488799281018,"C13M"
"C13F_CCCAACCGTAAGGTCC-1",0.0565217391304348,1113,-8.08071391639754,"C13F"
"C13M_CCCAATTGTATTGTGG-1",0.331884057971015,1518,-3.12625184428901,"C13M"
"C13F_CCGGTAGGTAAGGTTT-1",0.0818840579710145,1620,-2.69718616452023,"C13F"
"C13F_CCTCAATGTGTGTGGT-1",0.2,2687,-4.41822592298619,"C13F"
"A12D_CCTCAATGTTGCACGG-1",0.22536231884058,2358,-1.72405806938734,"A12D"
"C13M_CGAAATGAGCCTTAAA-1",0.526086956521739,4006,0.949827740977554,"C13M"
"C13F_CGAATCTAGTCACTAA-1",0.21304347826087,2105,-0.530385551527256,"C13F"
"A12D_CGATTGAGTTAAGGTT-1",0.776086956521739,1919,1.48841611120615,"A12D"
"C13F_CGCGGATTCGCTTCTA-1",0.247826086956522,1273,-4.04088928544602,"C13F"
"A12D_CGCTCAGCATAGCTGC-1",0.711594202898551,2090,0.149167169139621,"A12D"
"C13M_CGGAGCAAGTCTGGGC-1",0.398550724637681,1407,-4.60924497199118,"C13M"
"C13F_CGGATAAAGCTATGAC-1",0.186231884057971,1524,-2.91907665001178,"C13F"
"A12D_CGGTTTCTCACCAATA-1",0.822463768115942,4581,5.89338254375795,"A12D"
"C13F_CGTGAGGAGGCAGGTG-1",0.209420289855072,1263,-2.33393598240881,"C13F"
"C13M_CGTTAACAGCCTTAAA-1",0.672463768115942,3523,0.17150333026819,"C13M"
"A12D_CGTTATCGTGCTAGCG-1",0.607971014492754,2068,3.33782731452199,"A12D"
"C13F_CGTTTCTCAAACGGGC-1",0.641304347826087,1650,-5.76900185192466,"C13F"
"C13F_CTAACCCTCATTAGTG-1",0.323188405797101,1641,1.71739948506139,"C13F"
"C13F_CTAACCTGTCACAGCG-1",0.305072463768116,1755,0.302112212284783,"C13F"
"C13F_CTAAGGTTCGAGGTGG-1",0.0369565217391304,1111,-8.00846514145837,"C13F"
"C13F_CTAAGTCAGGCCAATT-1",0.947101449275362,4836,-0.370110089804602,"C13F"
"C13F_CTAGTCGAGAAACTGG-1",0.181884057971014,990,-1.60906381500943,"C13F"
"C13M_CTAGTGAGTAATCCCT-1",0.699275362318841,3182,3.86035755733545,"C13M"
"C13F_CTCATTTAGCTTCTCA-1",0.211594202898551,1637,0.316388968530672,"C13F"
"A12D_CTCCATCAGGCTGTCA-1",0.515217391304348,2745,-0.691963094400083,"A12D"
"C13M_CTCCCTGAGCACTTGG-1",0.389130434782609,1367,-1.46835262660353,"C13M"
"C13M_CTCCTCACATCCAGGT-1",0.655797101449275,4571,3.504177561739,"C13M"
"C13F_CTCGCTCCAGGAACAT-1",0.202173913043478,3256,-1.47316029866461,"C13F"
"C13F_CTGCTCCCAGAGGCTA-1",0.496376811594203,2869,2.50182419622746,"C13F"
"A12D_CTGGTTACACAATACT-1",0.394202898550725,2257,1.15953174328323,"A12D"
"A12D_CTGGTTTGTTAAATGC-1",0.250724637681159,1588,1.29576283434239,"A12D"
"A12D_CTGTACCTCCTGATGG-1",0.920289855072464,2252,-3.47589503045575,"A12D"
"A12D_CTGTTCATCTTGGACG-1",0.0173913043478261,930,-8.32390200667221,"A12D"
"C13F_CTTACCGGTCTTTGAC-1",0.730434782608696,3934,2.6750758548139,"C13F"
"C13F_CTTCAAGCATTCAGCA-1",0.793478260869565,1915,1.94368847860843,"C13F"
"C13F_CTTGCAACAATGAGGT-1",0.410144927536232,1699,-1.25375321791584,"C13F"
"A12D_CTTTATCAGTTAGTTG-1",0.934782608695652,2071,-3.4131794490265,"A12D"
"C13M_GAAAGGCTCGGCTAGC-1",0.181159420289855,2335,-0.766404322516694,"C13M"
"C13M_GAACCAAAGCTTCCCG-1",0.381159420289855,2618,1.3692759084209,"C13M"
"A12D_GAAGCTAAGGGATGAC-1",0.478985507246377,1428,-1.57788203523246,"A12D"
"C13F_GACACCGGTAGGATTT-1",0.178260869565217,1415,-0.281069884604693,"C13F"
"C13F_GACCTCAAGTTTGTCT-1",0.0253623188405797,1202,-6.57197568995261,"C13F"
"C13F_GACTAATGTTAAGCGC-1",0.514492753623188,2595,-0.332958895949699,"C13F"
"C13M_GACTCACCAAGGTGGC-1",0.152173913043478,1276,-2.92309337260539,"C13M"
"A12D_GAGCATGCACTATGGC-1",0.818840579710145,1892,-0.263716023683518,"A12D"
"C13M_GAGCGGTCAAGGTCCT-1",0.118840579710145,989,-1.04526084542041,"C13M"
"C13M_GAGGACTAGCTTACTT-1",0.323913043478261,2581,-0.717604035645033,"C13M"
"A12D_GAGGCCTTCTATCGCC-1",0.160144927536232,1328,-1.07556367506049,"A12D"
"C13M_GAGGTAGGTCGACTAA-1",0.194927536231884,1415,1.58319030394873,"C13M"
"C13M_GATAGACCAGCAGGTA-1",0.244927536231884,2762,0.570951778995058,"C13M"
"C13F_GATTATGTCGCAAACT-1",0.327536231884058,2149,3.77832707750792,"C13F"
"C13F_GATTCCTGTTCCTGTG-1",0.42463768115942,3038,-1.370408134696,"C13F"
"A12D_GATTGATGTTCATCTA-1",0.222463768115942,1484,-0.951987085906425,"A12D"
"C13F_GATTGGCGTCAAGTGC-1",0.604347826086956,1055,-1.01234077952603,"C13F"
"C13F_GCAAACCGTCCGTAGG-1",0.689855072463768,1707,1.61131771426117,"C13F"
"C13F_GCAAGTCGTACTTAGG-1",0.66231884057971,2282,0.19493018242491,"C13F"
"A12D_GCATCCTTCACCGGTA-1",0.353623188405797,1826,3.07537431838917,"A12D"
"C13F_GCCAACATCATGCATA-1",0.913768115942029,3867,4.6805653238509,"C13F"
"C13F_GCCTTGCGTTGTAAAC-1",0.759420289855072,1864,0.665680608307865,"C13F"
"C13M_GCGAAGCCACATTAAC-1",0.365217391304348,1206,-4.10733110993053,"C13M"
"C13M_GCGATTAGTCACAGCG-1",0.151449275362319,1643,-3.29780579880766,"C13M"
"A12D_GCGATTTAGGATTGCT-1",0.101449275362319,786,-5.78109630059115,"A12D"
"C13M_GCTAACCCACCTAAGC-1",0.696376811594203,3187,1.72424928395931,"C13M"
"C13M_GCTAGTGTCACGCCAA-1",0.00144927536231884,786,-8.34571279661552,"C13M"
"A12D_GCTATTGCACGGTTTA-1",0,887,-7.35533374006273,"A12D"
"C13F_GCTGACATCGTTAGTA-1",0.467391304347826,1688,-1.55394931311291,"C13F"
"C13F_GCTGCAATCTCCATAT-1",0.00289855072463768,1042,-7.07336113892272,"C13F"
"C13M_GCTTTCATCACAGCCA-1",0.466666666666667,1700,1.30673342662654,"C13M"
"C13F_GGAAACTCAGCTCATA-1",0.392753623188406,2919,2.60242215826612,"C13F"
"A12D_GGAACCTGTGTAATAC-1",0.745652173913044,2791,3.16038004468483,"A12D"
"C13F_GGATTCAGTTTGTTGC-1",0.608695652173913,1456,-1.15952781308105,"C13F"
"A12D_GGATTGCGTTGGATAT-1",0.0927536231884058,1177,0.377481677091309,"A12D"
"A12D_GGCTGTCAGCAACATC-1",0.892753623188406,4342,2.46905557541415,"A12D"
"C13M_GGGAATATCAGCATTA-1",0.242028985507246,1573,0.389275457663712,"C13M"
"C13M_GGGAATATCTAGCGTG-1",0.114492753623188,921,-4.35422797691148,"C13M"
"C13M_GGGCCTAGTTAGCATG-1",0.723188405797101,3190,-0.885940813117253,"C13M"
"C13F_GGGTGAAGTAAGCTCA-1",0.172463768115942,998,0.961798126508321,"C13F"
"C13M_GGTAATTGTGCTGTAA-1",0.444202898550725,2551,-1.57127351445566,"C13M"
"C13F_GGTACTTAGGGTCTAT-1",0.281884057971015,2460,-2.94173922585757,"C13F"
"C13M_GGTATTGGTTTATCTG-1",0.503623188405797,2708,-2.85929769097832,"C13M"
"A12D_GGTATTTCAGGCCATT-1",0.278985507246377,1861,-1.97577043390172,"A12D"
"C13F_GGTCTTTGTTATCGAG-1",0.347826086956522,1490,-1.81217894708424,"C13F"
"C13M_GGTGCTGGTACCGTAA-1",0.984057971014493,15443,-1.51113778456404,"C13M"
"C13F_GGTGTGACAAACCTTG-1",0.108695652173913,1031,-2.75693278258551,"C13F"
"A12D_GGTTATGGTCAGGCCA-1",0.978260869565217,1832,-5.08059716065786,"A12D"
"C13M_GGTTTCCTCACGCCAA-1",0.409420289855072,1607,-2.07705190492103,"C13M"
"C13F_GTAAGCAAGGTGTTAC-1",0.599275362318841,1807,2.9129711763043,"C13F"
"C13M_GTACGTAGTAGCTGCG-1",0.107246376811594,879,-7.25612723916887,"C13M"
"C13M_GTACTTCGTTTGGCTT-1",0.355072463768116,1061,-3.28567792387104,"C13M"
"C13M_GTAGCGCTCATTAGCA-1",0.0666666666666667,791,-3.96526659238042,"C13M"
"A12D_GTAGCTGTCCATCAGG-1",0.465942028985507,1431,-6.08459353637637,"A12D"
"C13F_GTCTTGCTCAAGGACA-1",0.96231884057971,3758,2.17844535308804,"C13F"
"A12D_GTGTGAGCAACAGGAT-1",0.213768115942029,1349,-3.8147503825961,"A12D"
"C13M_GTGTGAGCAGAAATGC-1",0.821739130434783,1550,-3.79902211254381,"C13M"
"C13M_GTTAACGGTCGCATAA-1",0.552173913043478,1585,-1.40743323166588,"C13M"
"C13M_GTTAATGTCAAGCCTG-1",0.539855072463768,3627,-2.33207195986664,"C13M"
"C13F_GTTGGCCAGGATTGAG-1",0.505797101449275,2695,-0.607322895275632,"C13F"
"C13M_TAAGCTGGTAGGTTGC-1",0.0688405797101449,2657,-4.8678852448245,"C13M"
"A12D_TAAGGACCAAATATCC-1",0.173913043478261,1659,-3.20490902096747,"A12D"
"A12D_TAATGGACACAACCTA-1",0.379710144927536,3158,5.67195787276359,"A12D"
"C13F_TACCTTTAGTAAACCC-1",0.614492753623188,2171,0.553829320824424,"C13F"
"C13F_TACTAAGTCTTGTCCA-1",0.0355072463768116,1691,-6.32467677290881,"C13F"
"A12D_TACTGAGGTTCGGTAA-1",0.373913043478261,1057,-1.54977680333405,"A12D"
"A12D_TACTTGTTCCCTCAGT-1",0.691304347826087,2080,-1.26683818159041,"A12D"
"C13F_TAGCAGGCAGCAACCT-1",0.18768115942029,1669,-5.42464815479444,"C13F"
"C13M_TAGCCGGGTCACAGCG-1",0.231884057971014,1132,1.60337452444572,"C13M"
"C13M_TAGCGCGGTTAACACG-1",0.501449275362319,1595,2.24057185096903,"C13M"
"C13F_TAGCTAGGTCACAAAT-1",0.176086956521739,1840,-2.52401999334069,"C13F"
"A12D_TAGGTTATCATGCTTT-1",0.697826086956522,4436,0.505604391324587,"A12D"
"C13F_TAGTAACGTGAATCGC-1",0.541304347826087,4700,-2.17495284845238,"C13F"
"A12D_TAGTAACGTTAGGTTG-1",0.710869565217391,3628,2.98477931533151,"A12D"
"C13F_TATCACGCAGCATGGA-1",0.246376811594203,1829,-3.47996604842311,"C13F"
"A12D_TATCCAGCAGGACCAA-1",0.111594202898551,1613,-3.08875277340066,"A12D"
"C13M_TATGAAGCAGCCTTGG-1",0.4,3015,3.31266185237656,"C13M"
"A12D_TATGGGCGTGCTGTAA-1",0.205072463768116,979,-0.486665751795986,"A12D"
"C13F_TATTAGCCAGGAACTG-1",0.12463768115942,1573,-0.643839377622392,"C13F"
"C13F_TATTGACCAGTTTGTG-1",0.0434782608695652,701,-7.71958517854614,"C13F"
"C13F_TCAAGGTTCCCTCATA-1",0.131159420289855,1881,-3.60165995680454,"C13F"
"A12D_TCAAGGTTCGTCAAGT-1",0.117391304347826,1619,-3.31331404814492,"A12D"
"A12D_TCAAGTATCTGTTGCC-1",0.370289855072464,1560,-1.14658661948254,"A12D"
"C13F_TCAGTAATCCATAAGC-1",0.313768115942029,1279,-3.7477932316773,"C13F"
"A12D_TCATGTTTCAAACCTA-1",0.982608695652174,3626,0.225018476757685,"A12D"
"C13F_TCATGTTTCATGTTTC-1",0.495652173913044,5461,6.33804772089944,"C13F"
"C13F_TCATTGTTCGATTTAG-1",0.645652173913044,2356,-1.01746210617364,"C13F"
"C13M_TCATTTGGTCTCAGCC-1",0.805797101449275,4019,1.86613041069372,"C13M"
"C13M_TCATTTGGTGAAACAA-1",0.751449275362319,3123,4.02775300875022,"C13M"
"A12D_TCCATAAAGGCGGATG-1",0.23768115942029,1018,-2.30394776082397,"A12D"
"C13F_TCCGGTAAGTTGGGCC-1",0.00942028985507246,1092,-8.01984624705213,"C13F"
"C13F_TCCTTAGTCTTGTTCG-1",0.426811594202899,3055,0.56605234638712,"C13F"
"C13M_TCCTTCAAGGATGATG-1",0.855072463768116,1815,-5.24252259468074,"C13M"
"C13F_TCCTTTACAGGACCTT-1",0.141304347826087,1308,-3.86329947961481,"C13F"
"C13F_TCGTTAGCATGCTTAG-1",0.0514492753623188,1274,-8.10932112998104,"C13F"
"C13M_TCGTTTCCAACTAGGG-1",0.909420289855073,2045,-3.26368312899353,"C13M"
"C13F_TCTAACCGTTAGGATT-1",0.595652173913043,2087,0.808997767601029,"C13F"
"C13F_TCTACTAGTGTGCACG-1",0.294202898550725,1461,-2.27531276272854,"C13F"
"C13F_TCTGTGACAGATTCAT-1",0.190579710144928,2520,-1.6781162145422,"C13F"
"A12D_TCTTGACGTAAATTGC-1",0.400724637681159,2734,-2.41716095623318,"A12D"
"C13M_TGAACAGAGCTTAACA-1",0.997826086956522,2920,-2.32943816767243,"C13M"
"A12D_TGAGCTTAGGGCTAAA-1",0.216666666666667,1253,-0.433402791515515,"A12D"
"C13M_TGATCGAGTGGATGTC-1",0.197101449275362,1268,-0.56954611688326,"C13M"
"C13M_TGATGAACAATGAGGT-1",0.416666666666667,2127,-3.33239866680948,"C13M"
"C13M_TGATGACTCGTTTCGC-1",0.0956521739130435,1183,0.00506187932092201,"C13M"
"A12D_TGATTCAAGCCGCTAA-1",0.27536231884058,1887,-3.17678136710646,"A12D"
"C13M_TGCATGAGTTTACGTC-1",0.307971014492754,1335,-3.13896591849634,"C13M"
"C13M_TGCCTGTTCCGTAAAC-1",0.742028985507246,2511,-3.52825347394157,"C13M"
"C13F_TGCGGTTCAGGTCCTG-1",0.476811594202899,2329,2.32721372940604,"C13F"
"C13F_TGCTCCGTCGTTAGTA-1",0.0985507246376812,713,-4.1134329427905,"C13F"
"C13F_TGGTCATAGGGCTAAA-1",0.470289855072464,1955,2.43594744825724,"C13F"
"C13F_TGTCCTGGTCTAACCT-1",0.279710144927536,1787,-3.57203286307141,"C13F"
"C13F_TGTGCGGGTTAACAGT-1",0.13695652173913,1838,-1.62923496417268,"C13F"
"C13F_TGTGCGGGTTGTGATG-1",0.768115942028985,2854,-4.38781414448357,"C13F"
"A12D_TGTGGCGGTTAGCGTA-1",0.17536231884058,947,-0.383516756171396,"A12D"
"C13F_TGTTATGAGAGAAGGG-1",0.123913043478261,1211,0.512904471595244,"C13F"
"A12D_TGTTATGAGATACTTG-1",0.0442028985507246,1969,-5.24864817353473,"A12D"
"A12D_TTAAAGGCACTAAGAA-1",0.426086956521739,2492,-3.1078640158958,"A12D"
"C13M_TTAAGGACAGTCTATG-1",0.915217391304348,3942,-2.53288899815883,"C13M"
"A12D_TTAAGGTGTGGATTAT-1",0.497101449275362,2596,2.19710695167256,"A12D"
"C13F_TTAGACTCAGGTCCTG-1",0.682608695652174,2774,2.03007438875738,"C13F"
"C13F_TTAGGCGTCCTAATGA-1",0.00579710144927536,1013,-8.3063617592635,"C13F"
"C13F_TTAGGCTAGCATGCAT-1",0.418840579710145,1642,1.24092699617557,"C13F"
"C13F_TTAGTCAAGGGTCTAT-1",0.402173913043478,2295,2.80171911833213,"C13F"
"C13M_TTATAGCCAGCAAATA-1",0.703623188405797,2603,-0.138970432508931,"C13M"
"C13F_TTCAGTTTCCAATTAG-1",0.570289855072464,2449,2.53511422092681,"C13F"
"C13M_TTCGTTAGTCATTGAG-1",0.744202898550725,1453,-3.00173795639576,"C13M"
"C13F_TTGACATCAGCAAGGC-1",0.334057971014493,1611,2.16793673282715,"C13F"
"C13M_TTGACGTAGCGGGCAA-1",0.551449275362319,1389,-4.9395459639643,"C13M"
"C13F_TTGCAGCCACTAAGAA-1",0.352898550724638,2166,-1.95412810116092,"C13F"
"C13F_TTGGATCAGTCCTGAG-1",0.320289855072464,1175,-1.30358476974498,"C13F"
"A12D_TTGGATTCAAGCTTTG-1",0.0760869565217391,1053,-0.207504856896086,"A12D"
"C13F_TTGTGCCTCGCTATAA-1",0.245652173913043,1931,-2.05056587576082,"C13F"
"C13F_TTTGACTTCCTTAAGA-1",0.761594202898551,4888,4.04434801009409,"C13F"
"A12D_TTTGAGTCAATGAATG-1",0.41231884057971,2180,-4.96065786250163,"A12D"
"C13M_TTTGCGGAGCTGGACC-1",0.866666666666667,1417,-2.29556302027175,"C13M"
"C13M_TTTGGTGCAGTAATAG-1",0.0572463768115942,916,-2.31932577535574,"C13M"
"A12D_TTTGTGAAGGGTGGAT-1",0.196376811594203,1262,-4.94216686920378,"A12D"
"A12D_TTTGTTGGTCGTTACT-1",0.0231884057971014,960,-7.85430319803225,"A12D"
"T11D_AACCTCACATCCCTCA-1",0.659420289855073,5600,3.57058034725376,"T11D"
"T14D_AACGCCCAGCAAGGAC-1",0.932608695652174,3081,-4.01932103468104,"T14D"
"B23M_AACTAGTGTTAGAGGG-1",0.458695652173913,2667,1.68665519406325,"B23M"
"T14D_AAGCATGAGGACAACA-1",0.0463768115942029,2375,-6.87569995856369,"T14D"
"T11D_AAGGCCCTCATCCTAT-1",0.377536231884058,3164,-0.676753612054076,"T11D"
"A25D_AAGTTACGTGGAGCAA-1",0.660144927536232,4170,3.20579970922875,"A25D"
"B23M_AATGCGCGTCATTACC-1",0.63695652173913,3309,-3.34024707246197,"B23M"
"T11D_AATTAGCGTATTACCC-1",0.18695652173913,4025,-3.03466037127027,"T11D"
"T14D_ACCATTAAGGACCGCT-1",0.121739130434783,3649,-4.81013551085386,"T14D"
"T14D_ACCCGCTGTGAGGTGA-1",0.760144927536232,4266,1.12410466240019,"T14D"
"A25D_ACCGGTTCATGAGCAG-1",0.544202898550725,2687,1.58696338059815,"A25D"
"B23M_ACCTAAGGTCTCACTG-1",0.782608695652174,5576,3.93208762540388,"B23M"
"T14D_ACCTTCATCATGCTAA-1",0.38768115942029,3794,4.23804921794846,"T14D"
"T11D_ACGAACAAGGCTGTGC-1",0.939855072463768,8432,6.00058467147335,"T11D"
"A25D_ACGCACGGTTAACAGT-1",0.78768115942029,3555,0.568437223926417,"A25D"
"T11D_ACGCCTAAGCAAACCT-1",0.277536231884058,4535,-1.99911826749255,"T11D"
"T11D_ACTAAAGCAATGCCTA-1",0.642753623188406,6465,3.35762302483957,"T11D"
"T11D_ACTAAAGCATCCATCT-1",0.668115942028985,5519,2.45360020182649,"T11D"
"T11D_ACTAAAGCATGCTCCC-1",0.35,5221,0.555345467485437,"T11D"
"T14D_ACTGAATGTTATTGCC-1",0.914492753623188,4126,2.74475146445042,"T14D"
"T14D_ACTTAGGGTTTATCTG-1",0.826811594202899,4985,-0.841016840684793,"T14D"
"B23M_ACTTAGTCAGTAAGTA-1",0.639130434782609,3791,1.64700189410509,"B23M"
"T11D_ACTTATCTCATCGTTT-1",0.948550724637681,7828,4.12133639021914,"T11D"
"T11D_AGAGAAGCAATTAACC-1",0.0521739130434783,2746,-6.30961225608083,"T11D"
"T14D_AGCATCCCAAGGTGGC-1",0.234057971014493,2858,-3.92888565993344,"T14D"
"T11D_AGCTATATCATTACAG-1",0.393478260869565,3474,0.248098808896442,"T11D"
"T14D_AGGTACGCAAGTAAGC-1",0.52536231884058,3561,-3.04174765240795,"T14D"
"T14D_AGGTACGCATAGCTTG-1",0.965942028985507,4076,-2.95953468527092,"T14D"
"A25D_AGGTTTATCTACCTGC-1",0.718115942028986,3120,1.93694587503103,"A25D"
"B23M_AGTAACACAGGCGATA-1",0.900724637681159,2352,-1.18195477798689,"B23M"
"A25D_AGTAACCTCCTAATTC-1",0.998550724637681,15185,-2.36988477342767,"A25D"
"T14D_AGTAGCTTCCGCAAGC-1",0.170289855072464,1868,-4.06831138729677,"T14D"
"T14D_AGTATAGCAGTTATGT-1",0.75,3747,1.22806799880036,"T14D"
"B23M_AGTCCTTGTCAAGACC-1",0.063768115942029,2595,-4.45076487953239,"B23M"
"T14D_AGTGTGGCAATGAAGC-1",0.161594202898551,1795,-1.74917652182224,"T14D"
"T11D_ATAACGACAGTCTATG-1",0.653623188405797,4011,-1.66384249144121,"T11D"
"B23M_ATAATGGCATCCCTCA-1",0.976086956521739,11761,-0.750725841884207,"B23M"
"A25D_ATACCTGCAGGCTACT-1",0.890579710144928,9411,5.06703710211665,"A25D"
"T14D_ATCGCCCGTAATCGCA-1",0.951449275362319,4600,1.3071734840707,"T14D"
"T11D_ATGAATGCATTAGGTT-1",0.284057971014493,3355,2.9517915323415,"T11D"
"T11D_ATGCATTCAGCAACAG-1",0.87536231884058,7592,-0.301893134316899,"T11D"
"T14D_ATTGGTTCAGTTATCG-1",0.603623188405797,4582,1.04724882595832,"T14D"
"T11D_CAAACAACATGCATAT-1",0.473188405797101,2536,-0.524194487663454,"T11D"
"A25D_CAAACCGTCAAATCGC-1",0.666666666666667,3561,-0.0662074252324279,"A25D"
"B23M_CAAACGCGTCAAGTGC-1",0.513768115942029,3230,5.31252848971411,"B23M"
"T11D_CAAGGTAAGCCGGTAC-1",0.947826086956522,4150,3.97508665793721,"T11D"
"B23M_CAATATGTCCTTCTAG-1",0.868115942028985,4330,-3.50636326612666,"B23M"
"B23M_CACCAACCACCTATAG-1",0.0507246376811594,3703,-4.12035068420478,"B23M"
"T14D_CACTAAGGTGAATCGC-1",0.597101449275362,2731,-0.153941659475559,"T14D"
"A25D_CAGCATTAGTGAACAG-1",0.341304347826087,2761,1.18941370432589,"A25D"
"T14D_CAGCTAAGTGTTCCCA-1",0.828985507246377,2754,-1.37321819982493,"T14D"
"T14D_CATAATCCAGTTTCTC-1",0.91231884057971,6999,3.97331484847444,"T14D"
"T14D_CATTGCGAGCACAGGG-1",0.765942028985507,2424,-1.30411181093069,"T14D"
"B23M_CCAAGGCTCGCGACAC-1",0.669565217391304,2117,2.55417210468998,"B23M"
"T11D_CCAGGATGTGATTTGG-1",0.205797101449275,2641,-1.35054049692011,"T11D"
"A25D_CCATATTTCTCCATAT-1",0.139130434782609,5019,-5.29369046589145,"A25D"
"T14D_CCTCCTCTCATGGCTG-1",0.647101449275362,11107,3.53556756020697,"T14D"
"B23M_CCTTCAATCCGGCTAA-1",0.794202898550725,5823,3.88367817094058,"B23M"
"T11D_CGAAGGCCAGGCATGA-1",0.664492753623188,3470,5.49792247585564,"T11D"
"B23M_CGACAAGCAGCATGGA-1",0.0304347826086957,5723,-4.49512602914031,"B23M"
"T14D_CGATTATCAAAGGTAC-1",1,9109,2.75646616099489,"T14D"
"A25D_CGATTATCAACCTGGT-1",0.840579710144927,5086,0.613825460982104,"A25D"
"T14D_CGCACACAGTGAACAG-1",0.861594202898551,3177,3.16354265949379,"T14D"
"A25D_CGCCACACATTAAAGG-1",0.694202898550725,3809,0.339329764352616,"A25D"
"T11D_CGCGATTCAACTAACT-1",0.881884057971015,4230,5.97405404936719,"T11D"
"T14D_CGCTCAGCATTGCAGC-1",0.440579710144928,3067,2.17454350873601,"T14D"
"B23M_CGCTTACTCATAAGCC-1",0.888405797101449,6789,4.75466872470448,"B23M"
"B23M_CGGATTAGTCCGCTGT-1",0.788405797101449,2355,1.26951559790407,"B23M"
"T14D_CGGGTATGTAGCTAAT-1",0.733333333333333,3053,0.862339052628631,"T14D"
"T14D_CGTAACCCAGCTCAAC-1",0.884782608695652,6035,-1.16811065328763,"T14D"
"T14D_CGTGGTTCAGCCAGTT-1",0.82463768115942,3500,4.75041216870457,"T14D"
"T11D_CGTTAAATCGGGACCT-1",0.386231884057971,2699,-2.14913781716664,"T11D"
"T11D_CTAAGGTTCAGCACGC-1",0.893478260869565,5855,5.17777411788833,"T11D"
"A25D_CTACCGGCATTTGCTC-1",0.0746376811594203,4537,-5.2314177296329,"A25D"
"T14D_CTACGAAGTCATAGAT-1",0.292028985507246,2571,3.39019111426152,"T14D"
"T14D_CTAGGCGGTGAGGTAG-1",0.171014492753623,2410,-0.396857313752479,"T14D"
"A25D_CTAGTAGGTCCTTAGT-1",0.444927536231884,4070,5.47798666552144,"A25D"
"B23M_CTAGTTGCAACTGGGA-1",0.790579710144928,6032,-0.0951759944088401,"B23M"
"B23M_CTATGTTTCCAAGTGT-1",0.791304347826087,5783,3.84292825226762,"B23M"
"T14D_CTCCTCACAGAAATGC-1",0.373188405797101,2305,5.67332200085143,"T14D"
"B23M_CTGATCACAGCTACGT-1",0.95072463768116,4210,-0.351504336200976,"B23M"
"T14D_CTGCTATGTGTTGTAG-1",0.155072463768116,4326,-5.63506984373061,"T14D"
"A25D_CTGCTATGTTGTAACG-1",0.51231884057971,2468,-0.100375742613078,"A25D"
"B23M_CTGGATGTCACAGCCA-1",0.835507246376812,3587,4.63185002036326,"B23M"
"T14D_CTTACCGGTATTGAGT-1",0.792753623188406,6095,5.55718148569027,"T14D"
"T14D_CTTCGCGTCGGGACCT-1",0.202898550724638,1194,0.689748385287561,"T14D"
"B23M_CTTGCATGTCGTTACT-1",0.784782608695652,2927,-2.21754809918251,"B23M"
"T11D_CTTGTAAAGGCCTAAT-1",0.0492753623188406,2284,-6.50845267260027,"T11D"
"T11D_CTTGTTTAGTGAACAG-1",0.7,4182,6.11351732508127,"T11D"
"T14D_CTTTGAGCATGAAATG-1",0.880434782608696,4466,1.88995011289341,"T14D"
"B23M_GAAACCCGTTACGCGG-1",0.648550724637681,3416,2.7207165376108,"B23M"
"T14D_GAAACTGAGGCGAATA-1",0.573188405797101,2978,0.605582989489897,"T14D"
"A25D_GAACACAAGTTATCTC-1",0.607246376811594,2400,1.85493851308726,"A25D"
"B23M_GAACCGCTCTTAATGG-1",0.333333333333333,1982,0.232828107804068,"B23M"
"T14D_GAAGCTAAGTAGGATG-1",0.0485507246376812,2348,-6.03796160234915,"T14D"
"T11D_GACCTCAAGCCGCTTT-1",0.0934782608695652,2116,-6.70888302315406,"T11D"
"A25D_GACGTAAAGTGTTGCG-1",0.690579710144928,3079,3.43489366826786,"A25D"
"T11D_GACTATTCACTAAGAA-1",0.889130434782609,4080,3.09935552061398,"T11D"
"A25D_GAGAAACGTGGGTACT-1",0.492753623188406,4061,4.85739153508418,"A25D"
"B23M_GAGGCAAGTTCCGCAC-1",0.0152173913043478,1775,-8.08866879691588,"B23M"
"T11D_GAGTAATAGGGACTAA-1",0.402898550724638,4883,3.70496142318648,"T11D"
"A25D_GAGTCAAAGGGATTAG-1",0.23695652173913,1894,-1.79534394065849,"A25D"
"T14D_GATAAAGGTGAGGTAG-1",0.891304347826087,3211,4.22933357035018,"T14D"
"T11D_GATTACGGTAGTAAGA-1",0.520289855072464,3641,2.901201581475,"T11D"
"T11D_GCAAACCGTGCACGCA-1",0.289855072463768,4326,3.88008077354006,"T11D"
"T11D_GCCAGGTTCTCATCAT-1",0.993478260869565,5083,-1.57716247771974,"T11D"
"T11D_GCGCAAACAGGACACA-1",0.445652173913043,3827,4.52057437949639,"T11D"
"A25D_GCGGTTATCAGTTCCC-1",0.93768115942029,3347,1.69688720667875,"A25D"
"A25D_GCTATTGCAAGCTTTG-1",0.583333333333333,3471,5.7631157627413,"A25D"
"T11D_GCTCACAAGACAAACG-1",0.683333333333333,4199,0.759700670802184,"T11D"
"A25D_GCTGACCAGCTAATCA-1",0.610869565217391,3512,5.07972794518635,"A25D"
"T14D_GCTTAAATCGGTTCCT-1",0.953623188405797,4726,0.833802453708502,"T14D"
"T11D_GGAGCAAGTTGCATCT-1",0.0260869565217391,1627,-5.90436102192309,"T11D"
"B23M_GGAGCGATCATGGTTA-1",0.534782608695652,2106,0.0939972109447319,"B23M"
"A25D_GGCATTAGTAATGGCC-1",0.0905797101449275,3880,-4.7030058450273,"A25D"
"T11D_GGCGTTATCTTAGCCC-1",0.248550724637681,2617,-0.325657083934608,"T11D"
"A25D_GGGAGTAGTTAATCGG-1",0.0398550724637681,2865,-6.26291749738527,"A25D"
"T11D_GGGCCTAGTACGTTTC-1",0.160869565217391,2440,-4.0395439824857,"T11D"
"T11D_GGGTGTTGTTAAGGCC-1",0.652898550724638,3355,2.75549773603409,"T11D"
"A25D_GGTACTAGTTACTTCA-1",0.710144927536232,3794,1.77308134650939,"A25D"
"T11D_GGTACTAGTTGGTTGA-1",0.58768115942029,4400,-0.614777121707481,"T11D"
"A25D_GGTAGGAGTGAGGTAG-1",0.191304347826087,3789,3.57156815866196,"A25D"
"A25D_GGTCTTTGTACCTTAC-1",0.739130434782609,1820,-0.149619159515281,"A25D"
"A25D_GGTTTAATCACCTGTC-1",0.346376811594203,2794,2.2027544162812,"A25D"
"T14D_GTACGTAGTTGGATCA-1",0.585507246376812,2410,0.427252315464547,"T14D"
"A25D_GTACTGGTCATTGCAA-1",0.189855072463768,3151,-6.47281584745877,"A25D"
"T14D_GTACTTCGTCAATAGT-1",0.0239130434782609,2207,-7.73361155252268,"T14D"
"T11D_GTAGCTGTCCCTCTAA-1",0.739855072463768,4383,5.56119113489757,"T11D"
"B23M_GTATGTTCATGAAGTA-1",0.217391304347826,2012,1.80955138567264,"B23M"
"B23M_GTATTGCAGACAGGCG-1",0.157246376811594,3441,3.52602937341387,"B23M"
"T14D_GTCATCACATTATGCG-1",0.76304347826087,3130,1.92764584082835,"T14D"
"T11D_GTCCTCCCAAGGAATC-1",0.305797101449275,3515,4.62144218488209,"T11D"
"B23M_GTCGAGGAGACAAGTG-1",0.671739130434783,2217,2.35657399763955,"B23M"
"B23M_GTGAACAAGTGGCGGA-1",0.149275362318841,1459,-2.01019313491982,"B23M"
"A25D_GTGCTTACAACTGGGA-1",0.701449275362319,2725,-2.04542167942748,"A25D"
"B23M_GTGCTTACACCTACGG-1",0.21231884057971,2199,0.801346005226825,"B23M"
"B23M_GTGGATGCAGGCCATT-1",0.789855072463768,3308,2.93917761705774,"B23M"
"T11D_GTGGTTAGTTGCACAA-1",0.215942028985507,2701,3.03057871544518,"T11D"
"T14D_GTTACCTGTTAAGGTT-1",0.715217391304348,5546,2.1446046199045,"T14D"
"T14D_GTTCTTGTCTGGCAAT-1",0.188405797101449,3140,-1.31113366816545,"T14D"
"B23M_GTTGTGAGTGAGCGAA-1",0.994927536231884,22505,-0.539621579050755,"B23M"
"B23M_GTTTAACCATACCCGG-1",0.689130434782609,7640,5.77416393273462,"B23M"
"A25D_GTTTAACCATAGCTTG-1",0.773188405797101,2750,3.92143339026809,"A25D"
"A25D_GTTTACCGTTAATGAC-1",0.97536231884058,9367,6.76452624086459,"A25D"
"B23M_GTTTGTTTCCTAATGA-1",0.564492753623188,5535,1.60498462841474,"B23M"
"A25D_TAATGGACAACACTTG-1",0.828260869565217,4833,5.2387481753001,"A25D"
"T14D_TAATGGACATAATCGT-1",0.935507246376812,4612,4.18903695181954,"T14D"
"B23M_TAATGGTGTTCCTGAT-1",0.606521739130435,4993,2.37860752586929,"B23M"
"A25D_TACCTCATCGCTAGCA-1",0.869565217391304,10025,6.05288876434516,"A25D"
"A25D_TACCTGCTCGGTTAGT-1",0.727536231884058,2987,-3.58129882639854,"A25D"
"A25D_TACGCTTGTCGCATAA-1",0.68695652173913,3211,4.86567397037761,"A25D"
"A25D_TACTCAAAGGTCCTAG-1",0.73695652173913,4757,3.93700388285688,"A25D"
"T14D_TACTCGCTCTTTAGGA-1",0.252898550724638,5021,4.3178993567367,"T14D"
"T14D_TAGGCTGTCAATTACG-1",0.981159420289855,5419,2.32238969894616,"T14D"
"T14D_TAGGTGCGTTTGAGCA-1",0.705072463768116,2348,2.50934208213222,"T14D"
"A25D_TAGTGAGAGGCTGTCA-1",0.176811594202899,1254,-3.82915302649724,"A25D"
"A25D_TAGTTTGAGGGTGAGT-1",0.577536231884058,4039,5.65043147010821,"A25D"
"B23M_TATGTGATCTCCATAT-1",0.345652173913043,3276,3.88599888720834,"B23M"
"B23M_TCAAGTATCCACCTTA-1",0.422463768115942,3331,1.65877115861591,"B23M"
"A25D_TCATGAGGTGCAATAT-1",0.726811594202899,4526,4.74922609435477,"A25D"
"A25D_TCCAGCAAGGACACTT-1",0.979710144927536,22412,0.860453607180121,"A25D"
"A25D_TCCATATTCATGTCAA-1",0.300724637681159,2680,0.786774203946977,"A25D"
"A25D_TCCCGTTAGATAGACG-1",0.56231884057971,5312,5.46307662374933,"A25D"
"T14D_TCCTGTTCAACCGCCA-1",0.734782608695652,6581,2.79214339105941,"T14D"
"T11D_TCGGTTTGTGGGTACT-1",0.931884057971014,3428,-2.10109286023439,"T11D"
"T14D_TCGGTTTGTTGCTGGG-1",0.707246376811594,4165,3.51915292017477,"T14D"
"B23M_TGAGCAAAGCCACAAT-1",0.728260869565217,4864,4.98534907542565,"B23M"
"B23M_TGATGACTCCTAGTTT-1",0.878260869565217,4787,3.96168469237887,"B23M"
"B23M_TGCATGAGTTAGAGGG-1",0.852173913043478,4788,3.28034726701936,"B23M"
"B23M_TGCTTGTGTTTAACGG-1",0.928260869565217,6206,7.80784472037431,"B23M"
"T11D_TGGCCATCAATTTGGT-1",0.942028985507246,14368,5.53498123311627,"T11D"
"A25D_TGGTCAAGTGGAAGGC-1",0.352173913043478,2578,2.48781035017641,"A25D"
"A25D_TGTAAAGCAACTGGCT-1",0.910144927536232,2667,1.18192486054372,"A25D"
"T11D_TGTAATGTCCAAATCA-1",0.450724637681159,2931,-0.771449260727718,"T11D"
"T14D_TGTATCGCACTAGCGT-1",0.281159420289855,2610,-0.291556750744517,"T14D"
"T14D_TGTCCTTCATCAGCAC-1",0.531159420289855,2432,2.05761868983427,"T14D"
"B23M_TGTGAAACATTAAGTC-1",0.206521739130435,2874,3.41884716495015,"B23M"
"T14D_TGTGCGCAGGAACCAA-1",0.902898550724638,2990,1.93292310180927,"T14D"
"B23M_TGTGTTAAGTCTATGA-1",0.226811594202899,2171,1.97973763876962,"B23M"
"B23M_TTAACTGAGACTTATG-1",0.780434782608696,4357,2.48741342130134,"B23M"
"A25D_TTACGTTTCTAACTGA-1",0.394927536231884,2815,1.96291050000939,"A25D"
"T14D_TTCACTGTCAATCTCT-1",0.807246376811594,5762,3.85198340623998,"T14D"
"B23M_TTGCAACAGTCACCAG-1",0.594202898550725,3687,0.84415515438577,"B23M"
"T11D_TTGCAATCACCATATG-1",0.98695652173913,7245,0.949563746450343,"T11D"
"T11D_TTGCGTCTCCTTAGGG-1",0.783333333333333,2779,0.75688061884442,"T11D"
"T11D_TTTCGTCCAGCACGTT-1",0.860144927536232,5434,4.84845948693046,"T11D"
"B23M_TTTCTTGCAGTAAAGC-1",0.707971014492754,3074,2.34253379846998,"B23M"
"T11D_TTTGCGACACTTCACT-1",0.679710144927536,5903,5.44034912125971,"T11D"
"A25D_TTTGTGGCAATGCGCT-1",0.518115942028985,3028,4.20573726019385,"A25D"
"B23M_TTTGTGTTCCATCAGG-1",0.705797101449275,4398,-2.1517604637296,"B23M"
