cluster	gene	p_val_adj	p_val	avg_log2FC	pct.1	pct.2
0	ISLR	5.71697328112737e-73	5.14440140477582e-77	2.75360365793423	0.716	0.27
0	SLC6A1	2.38569596959564e-72	2.14676142319413e-76	1.75308900519102	0.871	0.425
0	SLC32A1	2.59214542679019e-71	2.33253435327111e-75	1.94830133862354	0.65	0.231
0	GAD1	7.27458577040926e-69	6.54601437092528e-73	2.84221713897562	0.571	0.181
0	SYT2	1.90960613978258e-63	1.71835340572535e-67	1.67748810138453	0.771	0.36
0	NRP1	9.35819725883074e-62	8.42094597213241e-66	1.58508545013876	0.693	0.262
0	FXYD6	1.84854530136266e-58	1.66340799186778e-62	1.3247849296821	0.687	0.259
0	LRP1B	1.18081321504725e-55	1.06255125982836e-59	1.29936065991319	0.783	0.362
0	FIBCD1	5.31871750448008e-54	4.78603212857022e-58	1.46071746074068	0.581	0.2
0	PCDH17	2.86019517170589e-53	2.57373811905507e-57	1.73824759532328	0.712	0.315
0	ATP13A5	2.90974264289266e-53	2.61832326364858e-57	2.1314904096969	0.914	0.608
0	GAD2	5.53133838969336e-53	4.97735839979606e-57	1.71909476079692	0.485	0.147
0	DNM3	6.71761174798133e-51	6.04482295328114e-55	1.20359562205598	0.658	0.255
0	GRIK5	6.37579144633086e-50	5.73723697141263e-54	1.1028884805873	0.867	0.484
0	ATP1B1	1.20867949574524e-49	1.08762664964028e-53	1.90766885738925	0.728	0.353
0	SHISA6	1.77248418498103e-49	1.5949646224971e-53	1.78882636407097	0.544	0.196
0	ATP1B3	6.4073946813852e-49	5.76567504848843e-53	0.677646220035241	0.922	0.536
0	GRIN2D	3.5398530498593e-46	3.18532623941267e-50	1.22373077071985	0.573	0.208
0	PPARGC1A	4.08943630190574e-46	3.67986709430914e-50	1.67805940561799	0.376	0.096
0	GABRA3	1.30858321495148e-45	1.17752471425491e-49	1.17997183228534	0.53	0.179
0	GRID1	1.54634552216569e-45	1.39147441929784e-49	1.22183596233782	0.945	0.652
0	LRRC4C	1.84127476625035e-44	1.6568656224695e-48	1.32570600663185	0.818	0.448
0	SLITRK1	2.06245209855393e-43	1.85589138716272e-47	1.00474273777145	0.667	0.28
0	VSNL1	2.74241670861722e-43	2.46775551931722e-47	1.05300446694026	0.806	0.444
0	ADCYAP1R1	2.95590991712634e-43	2.65986674806654e-47	1.10567311114003	0.654	0.275
0	ANK1	4.89693113965537e-43	4.40648892257299e-47	0.919602717046383	0.865	0.502
0	KIF5A	5.94636938143102e-43	5.35082280341134e-47	1.16859106654744	0.74	0.394
0	SYNGR3	1.07500631609598e-42	9.67341236476183e-47	1.30463587729826	0.708	0.32
0	TMEM59L	1.33691369640867e-42	1.20301781373947e-46	0.934694595744376	0.796	0.378
0	GRIN2A	1.43443421660269e-42	1.29077136381057e-46	1.56264459812124	0.757	0.392
0	GRID2	2.27114346116653e-42	2.04368168916272e-46	0.947895384786596	0.877	0.499
0	CALML3	2.77603944930912e-42	2.49801084253498e-46	1.29086957777417	0.91	0.632
0	ALDOC	1.30047628276987e-41	1.17022971544126e-45	1.00589263386882	0.757	0.397
0	HPCAL4	2.21543370041806e-41	1.99355142663373e-45	1.16750156493396	0.517	0.186
0	CSMD1	4.90801437354424e-41	4.41646213762642e-45	0.932882423331861	0.82	0.46
0	ALK	1.02485000377026e-40	9.22208227994477e-45	0.900322787874376	0.751	0.375
0	ATP6V0C	1.91540616729272e-40	1.7235725432311e-44	1.04602401093042	0.843	0.518
0	PCDHAC2	1.81275693004654e-39	1.63120393237338e-43	0.705919439911306	1	0.786
0	GLRA1	1.97298996228688e-39	1.7753891499027e-43	1.43829249145426	0.442	0.147
0	CAMTA1	2.58736164245309e-39	2.32822967916232e-43	1.05249959144644	0.693	0.334
0	BRSK2	2.67753587444818e-39	2.40937269364544e-43	1.20489486878277	0.832	0.473
0	NDUFA4	3.37699462582283e-39	3.03877857088349e-43	1.17681124437941	0.548	0.209
0	NLGN4Y	2.04241926030021e-38	1.83786489723766e-42	0.797789709167809	0.665	0.282
0	GAPDHS	3.93800506433327e-38	3.5436021455352e-42	1.04878811135094	0.675	0.317
0	SLC4A11	5.61938177837622e-38	5.05658398126178e-42	0.699495995588672	0.763	0.357
0	MAP1A	5.80741415644742e-37	5.22578435746191e-41	0.896831347746124	0.885	0.561
0	STMN2	1.92972733604251e-36	1.73645940433952e-40	1.29297472768987	0.732	0.392
0	THSD7A	2.93262647737869e-36	2.63891521405443e-40	0.979654936140799	0.466	0.16
0	SNAP25	3.22543123459214e-36	2.90239470403324e-40	0.432850420355932	0.986	0.749
0	ATP6AP1	3.78273517891598e-36	3.40388300091423e-40	0.982829754474159	0.62	0.271
0	TUBB4B	4.81180283807788e-36	4.32988647356958e-40	1.06384716586749	0.673	0.334
0	GABRG2	1.22417715514853e-35	1.10157217236438e-39	0.896133944228829	0.777	0.407
0	PKM	2.08811881667962e-35	1.87898750713544e-39	0.992034710600708	0.558	0.224
0	ITM2C	2.32846875346634e-35	2.0952656829536e-39	0.926399116703372	0.554	0.213
0	RCAN3	2.85301349072638e-35	2.56727570478393e-39	0.970560802862273	0.548	0.221
0	SORCS3	3.28997105960096e-35	2.96047067362635e-39	1.48719124795468	0.642	0.316
0	APP	9.18447808194935e-35	8.26462528745555e-39	0.739579364713741	0.916	0.646
0	NSG1	1.24283979953221e-34	1.11836569741043e-38	0.779022133917576	0.708	0.33
0	NRXN2	2.71469869645573e-34	2.44281354850691e-38	0.66630749771251	0.98	0.752
0	NOVA1	2.78769279122049e-34	2.50849706759695e-38	0.730843793756144	0.953	0.761
0	SCN4B	6.48137574640225e-34	5.83224668982476e-38	2.016074326195	0.299	0.077
0	HSP90AA1	1.69928987383962e-33	1.52910093929598e-37	0.955198423522008	0.515	0.201
0	SMARCA4	2.81195247533516e-33	2.53032707219937e-37	1.01415898118806	0.558	0.237
0	LRFN5	4.65453383796167e-33	4.18836843153214e-37	0.968477625593965	0.595	0.26
0	FGF14	4.84205020088207e-33	4.35710447303345e-37	0.792028023086867	0.734	0.384
0	YWHAG	7.62454822931314e-33	6.86092704878353e-37	1.00409672393342	0.822	0.476
0	ZFHX3	1.30139134005257e-32	1.17105312701572e-36	0.952986552633275	0.507	0.201
0	KIRREL1	1.92854585826039e-32	1.73539625507099e-36	0.721575021941602	0.689	0.338
0	GALNT16	2.53447430685755e-32	2.28063916751332e-36	0.999831338415095	0.44	0.156
0	ATP6V1B2	4.59072300987839e-32	4.13094844765445e-36	1.53530992006617	0.319	0.093
0	CR2	4.76703808781774e-32	4.28960504617812e-36	0.625075625827782	0.761	0.385
0	SLC6A17	6.72666668514797e-32	6.05297101156121e-36	0.911569774891946	0.607	0.265
0	BAIAP3	8.08207596316107e-32	7.27263201940167e-36	1.00347813188738	0.491	0.194
0	CABP7	1.12151770423451e-31	1.00919437076803e-35	1.93933694010168	0.303	0.084
0	PPFIA2	1.36474576318304e-31	1.22806241625397e-35	0.69744320996347	0.708	0.345
0	SNCG	1.64335580615583e-31	1.47876883483832e-35	1.08938081497652	0.601	0.266
0	SV2A	3.26748583954161e-31	2.94023741522686e-35	0.759101606175064	0.73	0.367
0	LRRTM2	5.17654691553977e-31	4.65810034692682e-35	0.957416494519639	0.417	0.143
0	ATP6V1A	9.41937397215478e-31	8.47599565567784e-35	1.48513670894852	0.397	0.14
0	PACSIN1	1.35287185028841e-30	1.21737771104869e-34	0.871028162265851	0.65	0.312
0	SLC29A1	1.52121950538942e-30	1.36886484782635e-34	1.31455663028855	0.233	0.051
0	STXBP1	1.68957275620298e-30	1.5203570198893e-34	0.78657743008185	0.771	0.414
0	MAP1B	2.15344416055896e-30	1.93777032354806e-34	0.926581809937698	0.562	0.249
0	NSF	7.47055364859962e-30	6.7223554833075e-34	0.773390584741054	0.712	0.379
0	ARHGDIG	1.30011772248466e-29	1.16990706603497e-33	1.15567558635445	0.378	0.127
0	DLGAP1	1.7189707259664e-29	1.54681069555152e-33	0.900580791044768	0.759	0.407
0	YWHAB	2.68112434038816e-29	2.41260176404945e-33	1.0139493883249	0.785	0.474
0	SNCB	5.73557315143849e-29	5.16113844275937e-33	0.839665805328037	0.646	0.314
0	SCAMP5	6.72291624103031e-29	6.04959618557573e-33	0.720840233306211	0.624	0.294
0	PCDH19	7.38085701682286e-29	6.64164223596046e-33	0.911080184157333	0.513	0.218
0	SEZ6L2	2.01698057971108e-28	1.81497397616402e-32	0.706170796080436	0.654	0.31
0	SLC20A2	2.06186066716006e-28	1.85535918938186e-32	0.644059025701851	0.64	0.314
0	CDH18	2.15149375748045e-28	1.93601525913835e-32	0.772168408574478	0.513	0.208
0	NRG2	2.62764484879028e-28	2.36447840258282e-32	0.507916770747682	0.575	0.262
0	GDI1	3.39494604571296e-28	3.05493210268421e-32	0.936093039238771	0.503	0.216
0	SLITRK4	6.21542022722636e-28	5.59292740684456e-32	0.916292928780775	0.462	0.183
0	ECEL1	6.71377742081249e-28	6.04137264538153e-32	2.54670196566892	0.213	0.047
0	CAMK2N2	7.01910747901803e-28	6.31612299020789e-32	0.905473566598964	0.44	0.169
0	EEF1A1	7.15552824148447e-28	6.43888080759873e-32	1.05490948854257	0.538	0.247
0	NEFH	1.59855953385049e-27	1.43845904242823e-31	1.79793161581799	0.215	0.047
0	SLIT1	2.21667653880686e-27	1.9946697910617e-31	1.55464945506115	0.366	0.127
0	UNC13C	2.33357171255313e-27	2.09985756551168e-31	0.892275116897963	0.579	0.274
0	STX1B	2.7906210556076e-27	2.51113205759705e-31	0.811423058544731	0.665	0.357
0	ADGRA1	3.43963924909143e-27	3.09514914882699e-31	1.05675837927246	0.417	0.16
0	MAPK8IP2	6.0956316131705e-27	5.48513597873707e-31	0.820448509119382	0.495	0.205
0	LINGO4	6.13606923776529e-27	5.52152365496742e-31	0.421768483324772	0.532	0.234
0	OPRL1	6.32894999165144e-27	5.69508682772558e-31	0.854806444168982	0.444	0.178
0	LRRC4B	6.53584841038585e-27	5.881263754509e-31	0.819174556335069	0.701	0.396
0	ZFHX4	6.63078344402e-27	5.96669076218843e-31	1.0319103101194	0.44	0.177
0	FRMPD3	7.19420297859581e-27	6.47368215476992e-31	0.855549119434246	0.507	0.211
0	ARF3	7.89953143369373e-27	7.10836986744689e-31	1.19409321447393	0.481	0.204
0	INPP4B	1.43349124365913e-26	1.28992283241171e-30	1.02652422940118	0.427	0.168
0	NAPG	3.2421291308016e-26	2.91742025627787e-30	0.810758875865941	0.434	0.167
0	TIMP2	3.30663569190533e-26	2.97546629344491e-30	0.687592788304303	0.577	0.266
0	ZNF385A	3.61973508254237e-26	3.25720784895381e-30	1.45920654176877	0.268	0.075
0	ELMOD1	5.63397092054119e-26	5.0697119774509e-30	0.803836629973199	0.56	0.256
0	STXBP5L	6.87126845204884e-26	6.1830904814621e-30	0.356181593175937	0.74	0.382
0	GLRB	7.43642651246349e-26	6.69164628134931e-30	0.693586660250181	0.646	0.311
0	STMN1	9.56977268893064e-26	8.61133149368365e-30	0.749220932321198	0.605	0.291
0	IQSEC3	1.1192549200003e-25	1.00715821110439e-29	0.708825453390238	0.575	0.266
0	HS3ST4	1.700598637266e-25	1.53027862617295e-29	1.21974355357445	0.358	0.129
0	CNTNAP3B	1.86463802960134e-25	1.67788898551366e-29	2.05617599183049	0.579	0.289
0	PPIAL4F	2.01300771333126e-25	1.81139900416743e-29	0.694177891267481	0.562	0.257
0	CTNNB1	2.30867958581488e-25	2.07745845929531e-29	1.05789714168489	0.35	0.122
0	RUNX1T1	3.11716340969617e-25	2.80497022378851e-29	0.69280643589937	0.454	0.183
0	PCDH11Y	3.39476401507547e-25	3.05476830295642e-29	1.01702754404086	0.458	0.193
0	AJAP1	3.43499276802799e-25	3.09096802666066e-29	0.793514729575372	0.546	0.253
0	STK32A	4.03064826729014e-25	3.62696685619557e-29	1.33491358830804	0.333	0.118
0	CAPN5	4.49462515375065e-25	4.04447507761239e-29	0.617466967256772	0.429	0.166
0	NMNAT2	4.86728621311573e-25	4.37981302359015e-29	0.795985253890836	0.483	0.204
0	NECTIN1	4.89597893693822e-25	4.40563208578981e-29	0.906198814621856	0.542	0.262
0	BATF2	5.92201660944234e-25	5.32890903396233e-29	1.08489399060059	0.256	0.072
0	SNPH	9.46645652134149e-25	8.51836274754026e-29	0.699699608017097	0.569	0.263
0	PRUNE2	9.52596963140737e-25	8.57191544264139e-29	1.07406578662946	0.487	0.212
0	SCN8A	1.03500251823055e-24	9.31343937938046e-29	0.973805811099147	0.501	0.229
0	HS3ST5	1.57484072267328e-24	1.41711574073003e-28	1.86063410504363	0.213	0.052
0	TAFA5	1.76322005652109e-24	1.5866283240539e-28	0.537673560867353	0.804	0.482
0	ATP6V1E1	1.83431544386251e-24	1.65060329691578e-28	0.747719767665066	0.448	0.184
0	MARCKS	2.37788995603345e-24	2.13973720510523e-28	0.82070529881555	0.485	0.215
0	CACNG3	2.4097569444848e-24	2.16841261989094e-28	0.811749466553378	0.452	0.186
0	LRRTM1	2.940353156614e-24	2.64586804338522e-28	0.941684545185566	0.313	0.102
0	CPE	2.97378486782065e-24	2.67595146928881e-28	0.630102136817721	0.867	0.556
0	CACNG8	3.36535204149152e-24	3.02830202599795e-28	0.621514304020587	0.65	0.331
0	PCDH10	3.68555911546609e-24	3.31643940921992e-28	0.79350241488514	0.44	0.177
0	C16orf89	4.95108606422186e-24	4.45522007038771e-28	1.04188294576452	0.258	0.074
0	LRFN1	5.25943070727179e-24	4.73268308042094e-28	0.637279882246088	0.562	0.253
0	APLP1	5.54774859758378e-24	4.99212507656239e-28	0.59448558080701	0.881	0.555
0	NBEA	5.58849159468702e-24	5.02878754133629e-28	0.757754881109167	0.683	0.375
0	CACNG2	8.8711380181675e-24	7.98266716293305e-28	0.544964275867991	0.687	0.357
0	CSMD3	9.3674633841408e-24	8.42928406743525e-28	0.629439003788284	0.796	0.463
0	HSPA12A	9.77696715252286e-24	8.79777481555193e-28	0.981156299376289	0.366	0.137
0	ATP6V0A1	1.20315546483481e-23	1.08265586685396e-27	0.820887000554957	0.673	0.347
0	TMEM30A	1.3969381356315e-23	1.25703062686178e-27	0.561996441409833	0.579	0.275
0	SLC24A2	1.39704027663296e-23	1.25712253813818e-27	0.481705932584512	0.577	0.27
0	OPRD1	1.46339142576334e-23	1.3168284223552e-27	1.41074361214753	0.272	0.085
0	RAB3A	1.49072996991733e-23	1.3414289300075e-27	1.05513388836279	0.474	0.211
0	CACNA2D2	2.14859276932268e-23	1.9334048135721e-27	0.585004868426303	0.793	0.459
0	GFRA1	2.2245087245179e-23	2.0017175600809e-27	1.43096205548053	0.378	0.153
0	SCN1B	2.4154569392512e-23	2.17354174322973e-27	0.54357044611554	0.728	0.405
0	SHC3	2.56986689941905e-23	2.31248708667241e-27	0.891936132947323	0.35	0.127
0	KSR2	2.58673800898207e-23	2.32766850443811e-27	0.518374540021727	0.757	0.402
0	UQCRB	3.09422913954321e-23	2.78433288899775e-27	1.20582129804397	0.282	0.091
0	CACNA1I	4.34899401245304e-23	3.91342932822194e-27	0.746546429977973	0.485	0.217
0	MGAT4C	5.07340590298047e-23	4.56528921351612e-27	0.395460171452152	0.552	0.261
0	GRM7	6.07289980074369e-23	5.46468082492909e-27	0.489995328635242	0.564	0.265
0	SLC16A7	7.48890426482616e-23	6.73886823074432e-27	0.852225711248529	0.395	0.155
0	DNM1	8.9227696693295e-23	8.02912775067893e-27	0.732469629437713	0.569	0.278
0	KCNAB3	9.29152619000935e-23	8.36095220913286e-27	0.75638996490824	0.456	0.192
0	COX4I1	1.18805513954692e-22	1.06906788405194e-26	0.715110480650341	0.421	0.171
0	ENO2	1.30495298346458e-22	1.17425806124771e-26	0.731011047259616	0.605	0.305
0	CAMK1D	1.46898162207822e-22	1.32185874388394e-26	0.840728305053439	0.427	0.179
0	FSCN1	2.46391224361902e-22	2.21714410475931e-26	1.07880592688768	0.37	0.141
0	KIF5C	2.7072192214546e-22	2.43608316517106e-26	0.754350274754265	0.509	0.232
0	MAGI3	2.7237351365839e-22	2.45094496228192e-26	0.691410457125034	0.436	0.184
0	ATP6V0D1	2.7755961988353e-22	2.49761198491433e-26	1.16452549809567	0.323	0.116
0	DCC	2.86356846614055e-22	2.57677356801993e-26	0.744128712028298	0.632	0.335
0	LRRC4	3.69166914967301e-22	3.3219375053298e-26	1.18414330360641	0.384	0.154
0	CFL1	4.03476887127989e-22	3.6306747694411e-26	0.747130747924438	0.544	0.266
0	PCDH9	4.19542560921124e-22	3.77524125727638e-26	0.645965635377256	0.718	0.409
0	GAP43	6.30546102685351e-22	5.67395035260821e-26	0.661575707668423	0.569	0.276
0	ADGRL3	8.62200940669234e-22	7.75848952280423e-26	0.350107276123701	0.865	0.567
0	XKR5	9.03624702129607e-22	8.13124000836504e-26	1.10961028347863	0.354	0.137
0	DPYSL2	9.23680910996011e-22	8.31171520737884e-26	0.886689039953922	0.616	0.333
0	LRFN3	1.09411152352522e-21	9.84533000562602e-26	0.758363589552745	0.577	0.294
0	MAST4	1.10915295135088e-21	9.98067984658402e-26	0.585497864864474	0.427	0.175
0	ELOVL4	1.13659148287639e-21	1.02275846564959e-25	0.963559326772043	0.339	0.126
0	SGCZ	2.04546041142116e-21	1.84060146802948e-25	0.751881441075169	0.748	0.469
0	L1CAM	2.12951898733881e-21	1.91624132757924e-25	0.307735462814892	0.785	0.464
0	EEF2	2.13764050437519e-21	1.92354945053108e-25	0.917284716977649	0.493	0.227
0	MAGI2	2.19425030892263e-21	1.97448961479585e-25	0.531553471624752	0.644	0.333
0	SEMA4B	2.39052316875119e-21	2.15110516399819e-25	0.54412528851742	0.376	0.151
0	CACNG7	3.41111507199189e-21	3.0694817528947e-25	0.522774833997897	0.46	0.204
0	SHISA7	3.99184768943726e-21	3.59205227160736e-25	0.497413576937404	0.677	0.368
0	CDH11	5.04570377808456e-21	4.5403615388145e-25	0.665755192769095	0.571	0.277
0	WBP1	5.54263623735016e-21	4.98752473441029e-25	0.350768666358439	0.538	0.253
0	NRXN1	8.18142847139476e-21	7.36203407846195e-25	0.363901071775565	0.847	0.52
0	CCDC136	8.24111734742163e-21	7.41574493604034e-25	0.731564133075185	0.595	0.31
0	FNBP1	8.55507536991101e-21	7.69825912886801e-25	0.704334422331096	0.438	0.186
0	ATP1B2	1.16267225342797e-20	1.04622716946637e-24	0.676838580490475	0.532	0.267
0	SFN	1.16488179910883e-20	1.04821542257611e-24	0.642421754748756	0.427	0.18
0	KLC3	1.19560484733625e-20	1.07586146615338e-24	0.698473983912967	0.652	0.354
0	PRKCE	1.25874725401001e-20	1.1326799730136e-24	0.586541826784138	0.44	0.189
0	MYT1L	1.42514388007225e-20	1.28241148211306e-24	0.795291851335173	0.544	0.271
0	GRIA4	1.96802199566078e-20	1.77091873990892e-24	0.530296121355722	0.519	0.241
0	CTSF	2.0027721122003e-20	1.80218852893035e-24	0.484685418353457	0.667	0.355
0	PALM	2.06838765138924e-20	1.86123247672927e-24	0.793938556754186	0.45	0.198
0	KCNQ2	2.07997272928895e-20	1.87165727462337e-24	0.685960161553823	0.446	0.196
0	NYAP1	2.49517491472345e-20	2.24527572637762e-24	0.910156378886831	0.278	0.092
0	ATP6AP2	2.96116227503167e-20	2.66459306670717e-24	0.683474341032204	0.485	0.222
0	PLXNA2	3.07706080951269e-20	2.76888401827831e-24	0.730553893183447	0.603	0.314
0	GABRA1	3.43797153443367e-20	3.09364846075197e-24	0.599332980766829	0.765	0.451
0	DNAJA2	3.45220972147079e-20	3.10646065101304e-24	1.19113076623702	0.319	0.119
0	VDAC1	3.64475893835766e-20	3.27972549118839e-24	1.15023965532359	0.272	0.092
0	PDE1A	3.96431588129803e-20	3.56727785593272e-24	0.663640356165672	0.483	0.222
0	KCNAB2	4.01769533481014e-20	3.6153111984254e-24	0.746398971251653	0.436	0.191
0	VAX2	4.0989973747494e-20	3.68847059727293e-24	2.44799860692856	0.153	0.032
0	ATP6V1G1	5.37443192212987e-20	4.83616658159801e-24	1.23145967938317	0.256	0.083
0	TENM2	5.90717796965649e-20	5.31555652808107e-24	0.801175910966794	0.626	0.357
0	HK1	6.30625340399002e-20	5.67466337081798e-24	0.837515276352404	0.335	0.127
0	SLC1A1	6.99765165209029e-20	6.29681602815647e-24	1.54552343926699	0.202	0.055
0	STX1A	7.2565437452103e-20	6.52977930820688e-24	0.866766624759842	0.38	0.156
0	ST8SIA5	8.52363398279251e-20	7.66996669017593e-24	0.439654481165534	0.912	0.554
0	RNF208	9.28278293021975e-20	8.35308461281359e-24	0.913756763676573	0.378	0.158
0	NAP1L1	1.08909631286773e-19	9.8002007816767e-24	0.56932916850261	0.468	0.21
0	TTC9B	1.22264712412174e-19	1.10019537849522e-23	0.768269115661913	0.464	0.208
0	INSYN2A	1.31106275600655e-19	1.17975592189917e-23	1.28363500927316	0.247	0.078
0	PLPPR2	1.47800479282883e-19	1.32997821724902e-23	0.847858021690741	0.47	0.22
0	SLC8A3	1.84097442353919e-19	1.65659535997408e-23	0.508312643545942	0.738	0.407
0	ATP5F1C	2.36049321118899e-19	2.12408279599478e-23	1.10700225960877	0.297	0.11
0	SLCO3A1	2.36777470655243e-19	2.13063502794243e-23	0.742986601386752	0.391	0.162
0	PLPP4	2.47975284967165e-19	2.23139822700589e-23	1.59380456784899	0.186	0.048
0	CADM2	2.96451022642093e-19	2.667605710808e-23	1.08156137353106	0.454	0.219
0	DKK3	3.71062020875211e-19	3.33899055948179e-23	1.94518533119616	0.141	0.028
0	ATP5PO	4.22695215873686e-19	3.80361032910722e-23	0.982033085274144	0.256	0.084
0	DYNC1H1	4.29956979644047e-19	3.86895509443037e-23	0.759233817380375	0.411	0.181
0	CES2	4.3871513750884e-19	3.94776511750958e-23	0.524093873976534	0.736	0.445
0	ATL1	4.43648839088524e-19	3.99216088444636e-23	0.759890318351695	0.346	0.137
0	CLU	4.4804126699533e-19	4.0316860163352e-23	0.489076910148086	0.65	0.352
0	TUBA1B	5.47338684337666e-19	4.92521087319055e-23	0.69811427357228	0.358	0.142
0	WNK3	6.30152706489884e-19	5.67041038864289e-23	0.776887239606433	0.333	0.128
0	CACYBP	7.35914766918125e-19	6.62210714404864e-23	1.3846363396908	0.194	0.052
0	RTN1	7.57981570261849e-19	6.82067461767164e-23	0.47439475063194	0.892	0.559
0	NDRG4	9.45897981903527e-19	8.51163485920567e-23	0.464728545005223	0.658	0.352
0	NAT16	1.06066044459626e-18	9.54432146671703e-23	0.630341723712116	0.532	0.263
0	PLPPR4	1.06264839517491e-18	9.56220998087748e-23	0.673076221211068	0.695	0.399
0	PLCB4	1.32610796205949e-18	1.19329430582155e-22	0.524414007052524	0.507	0.241
0	KIF1A	1.43985769606918e-18	1.2956516656791e-22	0.57538451646212	0.781	0.469
0	LINGO1	1.60907264746541e-18	1.44791923644868e-22	0.287715862150041	0.777	0.469
0	ENPP5	1.63776960066856e-18	1.47374210444395e-22	1.06237209488164	0.231	0.072
0	MDH1	1.65208452862523e-18	1.48662334979325e-22	0.470880293766348	0.446	0.203
0	KIF26B	1.79522201333517e-18	1.6154251897194e-22	0.824821134719307	0.362	0.148
0	MCF2	2.06115195079789e-18	1.85472145307108e-22	1.07831085849487	0.303	0.114
0	ST6GALNAC5	2.13387672759226e-18	1.92016262718641e-22	0.587951267959032	0.442	0.2
0	VWC2L	2.21264287654499e-18	1.99104011207144e-22	0.904898263361823	0.321	0.125
0	LRFN2	2.40514205566658e-18	2.16425992591252e-22	0.550329956683657	0.748	0.477
0	XKR4	2.5292549586086e-18	2.27594255251381e-22	0.595190253259674	0.542	0.267
0	CD163L1	2.72289134019819e-18	2.45018567461369e-22	0.536824336704379	0.63	0.328
0	CLTC	2.78768357496064e-18	2.50848877437293e-22	0.4097286655211	0.521	0.256
0	TPI1	3.05664118117779e-18	2.75050947644901e-22	0.864705570694996	0.329	0.131
0	GRIA2	3.05904818336511e-18	2.75267541020886e-22	0.522690029675384	0.638	0.342
0	CNTN1	3.35822506898611e-18	3.02188884098453e-22	0.58153695305549	0.583	0.312
0	DOC2B	3.45759046202469e-18	3.11130249439817e-22	0.554242699124871	0.485	0.232
0	IDH2	3.61785783001673e-18	3.25551860885155e-22	0.842452023799018	0.301	0.112
0	LMTK3	3.63319967777526e-18	3.26932392493049e-22	0.786165177070137	0.415	0.185
0	SPOCK2	4.63071676954821e-18	4.16693671335212e-22	0.554030423159966	0.558	0.277
0	XKR6	4.78042822279676e-18	4.3016541193168e-22	1.06661250271599	0.221	0.068
0	SSBP4	5.09136702839156e-18	4.581451478801e-22	0.448924874408762	0.548	0.282
0	ATP6V0E2	5.22826147634871e-18	4.70463554067193e-22	0.649693655014178	0.454	0.21
0	DLG2	5.3691094489096e-18	4.83137716989976e-22	0.39019953618823	0.734	0.409
0	DNER	5.39818084735677e-18	4.85753698133427e-22	0.381581340724611	0.804	0.474
0	CNTNAP2	6.0932105361465e-18	5.48295737977728e-22	0.528317511455128	0.773	0.492
0	SLC7A14	7.82782725417857e-18	7.043847074758e-22	0.587114719313089	0.503	0.243
0	NUCKS1	9.055822745636e-18	8.14885516569424e-22	0.555086159540295	0.46	0.214
0	PTPRG	9.10421528981136e-18	8.19240105265127e-22	0.588920994249518	0.865	0.595
0	PFKP	9.7941342220525e-18	8.81322255201341e-22	0.414168589749397	0.546	0.282
0	TMEM74B	9.81912697499002e-18	8.83571220641593e-22	0.698394825897606	0.317	0.122
0	ARX	1.09430857812357e-17	9.84710319556887e-22	2.4156194265049	0.115	0.019
0	BCR	1.11421320365574e-17	1.00262143764577e-21	0.545119862291598	0.53	0.258
0	MAN1A1	1.2045218569285e-17	1.08388541071583e-21	0.68906408737161	0.401	0.177
0	SLC25A5	1.21235673113076e-17	1.09093559896586e-21	0.59833851705792	0.395	0.171
0	RAB6B	1.26495222705055e-17	1.13826349955058e-21	0.780847121121162	0.44	0.206
0	AGAP2	1.30705289336473e-17	1.17614765892624e-21	0.433816269701765	0.517	0.252
0	UNC5A	1.36322923063479e-17	1.22669776895059e-21	0.731099003501867	0.46	0.222
0	SLC16A3	2.06226084216954e-17	1.85571928567402e-21	1.21100875092055	0.252	0.087
0	DYNLL2	2.17421288272159e-17	1.95645899642004e-21	1.00676406421791	0.213	0.065
0	FAM131B	2.2848460677219e-17	2.0560119389201e-21	0.414553431527458	0.703	0.39
0	SIX3	2.43682773833515e-17	2.19277219322879e-21	1.40592770211962	0.123	0.022
0	IGSF21	2.52204428788644e-17	2.26945405190898e-21	0.32424415476187	0.644	0.367
0	DLG4	2.70301394770369e-17	2.43229906209277e-21	0.259984416215981	0.72	0.424
0	SPEN	2.70673643354793e-17	2.43564872990905e-21	0.592551168740244	0.431	0.198
0	ZNF608	2.85304889502932e-17	2.56730756324064e-21	0.386997609819651	0.548	0.272
0	STAU2	2.87577009418025e-17	2.58775316672388e-21	0.581170731390817	0.391	0.169
0	ATP6V1H	3.54811489396415e-17	3.19276063525974e-21	0.619618075639315	0.415	0.186
0	ST6GAL1	3.86211178715926e-17	3.47530980577635e-21	0.710548859994413	0.395	0.173
0	FSTL4	4.33109228973923e-17	3.89732051627754e-21	0.434440723907492	0.579	0.316
0	SV2C	4.55738157467617e-17	4.10094625634497e-21	1.42064174535975	0.266	0.097
0	RNF10	4.7315785122944e-17	4.25769685260001e-21	0.811974324862098	0.235	0.078
0	HSPA8	5.59604562593987e-17	5.03558501389352e-21	0.570539570502956	0.607	0.324
0	SLC5A6	5.77759630363122e-17	5.19895285128338e-21	0.43550709379958	0.247	0.084
0	VSTM2L	6.05810740948759e-17	5.45136993564977e-21	0.956829586764297	0.579	0.326
0	KAZN	6.08183087561756e-17	5.47271742609337e-21	0.323516388599895	0.62	0.347
0	QDPR	6.26075783673698e-17	5.63372431992889e-21	1.11524080662505	0.151	0.035
0	NRSN1	7.00459578975951e-17	6.3030646897863e-21	0.883274362144046	0.387	0.171
0	JUP	7.0170006739197e-17	6.31422718790579e-21	0.559125599432727	0.554	0.285
0	TMEM35A	7.0211889633657e-17	6.31799600770782e-21	0.78752131519492	0.292	0.11
0	EFR3A	7.14642699231026e-17	6.43069107559638e-21	0.478836515441027	0.609	0.323
0	POU2F2	7.22828793451423e-17	6.50435340098464e-21	0.993162831894607	0.225	0.073
0	CHST1	8.1396430649961e-17	7.32443360478368e-21	0.780925116979037	0.321	0.128
0	VAT1	8.40483270164638e-17	7.56306371065093e-21	0.41966544036031	0.687	0.378
0	NALF1	8.51214915781349e-17	7.65963210457437e-21	0.500843168074124	0.583	0.33
0	SPTBN4	8.9341127357103e-17	8.03933477522748e-21	0.457236333278024	0.618	0.323
0	SDHA	1.24637440771999e-16	1.12154630407629e-20	0.976070236751473	0.196	0.058
0	NEFL	1.24787454413884e-16	1.12289619737141e-20	2.26903203164861	0.117	0.021
0	PTPRF	1.2677387890745e-16	1.1407709791006e-20	0.858555262900714	0.71	0.451
0	MDGA2	1.34695775313495e-16	1.21205592831364e-20	0.287879236757945	0.916	0.654
0	CDK5R1	1.40863626728886e-16	1.26755715584348e-20	0.474650508421366	0.464	0.223
0	CNR1	1.56869424361679e-16	1.41158484983064e-20	0.877469772138962	0.323	0.133
0	BHLHE41	1.83703681292239e-16	1.65305211277098e-20	0.951076706488184	0.141	0.031
0	ITM2A	2.03025791629007e-16	1.8269215479979e-20	0.50744128021461	0.832	0.541
0	CHD6	2.14010590066814e-16	1.92576793005322e-20	0.35553564116762	0.636	0.339
0	DCLK1	2.24280688854824e-16	2.01818310856496e-20	0.498224410446424	0.607	0.33
0	RAB11FIP4	2.3425521032758e-16	2.10793854339585e-20	0.385665125789059	0.389	0.171
0	GNB5	2.79512395385096e-16	2.51518397718974e-20	0.982953415462875	0.262	0.095
0	SEPTIN5	2.85502980164817e-16	2.5690900761704e-20	0.725613591632903	0.348	0.152
0	PAFAH1B1	3.11764446084838e-16	2.80540309623718e-20	0.449820839497537	0.56	0.296
0	NDFIP1	3.16238351252783e-16	2.84566139883724e-20	0.93722181680919	0.55	0.296
0	HMGB1	3.4304280636308e-16	3.08686049098425e-20	0.374141167159706	0.411	0.188
0	KCNA2	3.49196021146907e-16	3.14223001122026e-20	0.860817775056182	0.344	0.146
0	MUC15	4.28267008104368e-16	3.85374793579023e-20	0.832341873047993	0.368	0.163
0	MLLT11	4.96532186232105e-16	4.46803011097008e-20	1.119156197614	0.168	0.045
0	PPP2R5B	6.03079688386849e-16	5.42679464039277e-20	0.457225060985287	0.701	0.403
0	PCLO	6.07323085366675e-16	5.46497872191735e-20	0.528177254252333	0.609	0.337
0	ACO2	6.54020918750349e-16	5.88518778682938e-20	0.620086721029	0.28	0.106
0	AMIGO1	6.59782884732017e-16	5.93703666635487e-20	0.934728367827389	0.339	0.146
0	PGAM4	7.30658240584291e-16	6.57480644816243e-20	0.778555491631337	0.352	0.153
0	ATP6V1C1	7.46251475422665e-16	6.71512170811361e-20	0.833429866517413	0.245	0.086
0	RAPGEF5	7.93258696584121e-16	7.13811478974284e-20	0.909926066757959	0.454	0.222
0	NACAD	8.4959036602583e-16	7.64501364191334e-20	0.664502110353435	0.297	0.116
0	RNASEK	8.65026791396404e-16	7.78391785653202e-20	0.477216229558067	0.479	0.233
0	RPL11	9.05558542676308e-16	8.14864161501222e-20	0.639704832044728	0.262	0.095
0	DLGAP4	9.18831322899842e-16	8.26807633312195e-20	0.417773035173921	0.501	0.247
0	PSMA8	9.3968743228062e-16	8.45574941312535e-20	1.35390955646418	0.157	0.041
0	GRIA1	9.50389558064652e-16	8.55205217371234e-20	0.463516593111152	0.587	0.311
0	SULT4A1	9.63045690286309e-16	8.66593800311625e-20	0.657928798776696	0.331	0.138
0	GOT1	1.02476930842495e-15	9.22135614527983e-20	1.19821320275359	0.252	0.091
0	PTPN5	1.12588049736733e-15	1.01312021719367e-19	0.46973632871663	0.401	0.181
0	KIF5B	1.1307936191448e-15	1.01754127521353e-19	0.661907243537244	0.421	0.204
0	GRIN2B	1.24275399805378e-15	1.11828848920523e-19	0.239704608158772	0.873	0.594
0	MYH14	1.38916982803276e-15	1.25004033837196e-19	0.554111067665984	0.313	0.128
0	PMIS2	1.44882470448209e-15	1.30372060153162e-19	0.228058305385964	0.499	0.257
0	SYNGR1	1.48463134986641e-15	1.33594110489194e-19	0.535769543142318	0.481	0.234
0	DPYSL3	1.58027427766083e-15	1.42200510902621e-19	0.25516229829845	0.554	0.277
0	KCNC1	1.8300763151391e-15	1.64678872954117e-19	0.541562769478465	0.393	0.174
0	PITPNA	1.85212114771179e-15	1.6666257065705e-19	0.657048171898923	0.378	0.169
0	RAP1GDS1	2.06989503759373e-15	1.86258889372242e-19	0.402724828385935	0.44	0.206
0	LRRC24	2.36940059697478e-15	2.1320980806036e-19	0.692723685976542	0.329	0.14
0	PDE4D	2.4368701205501e-15	2.19281033073886e-19	0.460173241970355	0.542	0.286
0	ZNF365	2.50869097195844e-15	2.25743811028384e-19	1.00461366228641	0.237	0.084
0	RPL36A	2.51504025874779e-15	2.2631514971185e-19	0.524878462455607	0.405	0.186
0	DNAJC5	2.72015176017635e-15	2.44772047167853e-19	0.629569895845148	0.337	0.145
0	PDE10A	2.80313956718321e-15	2.52239680300837e-19	0.962722303796844	0.258	0.098
0	CSRNP3	2.86269170941225e-15	2.57598462108544e-19	0.943654087525244	0.292	0.117
0	GPRIN3	2.90036776198432e-15	2.60988730494405e-19	1.55201636731687	0.147	0.037
0	MAPK8IP1	3.00450652860405e-15	2.7035962643787e-19	0.435653970647296	0.431	0.2
0	SMARCD3	3.04693648572883e-15	2.74177673511098e-19	0.434434678674463	0.571	0.294
0	SCN2B	3.7781570224672e-15	3.3997633604492e-19	0.490705259033591	0.548	0.283
0	PRR12	3.92757005207958e-15	3.53421223079238e-19	0.275306159448784	0.575	0.319
0	EPB41L2	4.02862411041142e-15	3.62514542464808e-19	0.404861008903431	0.509	0.254
0	FAXC	4.12644439049238e-15	3.71316871276197e-19	0.480904325962921	0.317	0.131
0	ATP5PF	4.45317412358454e-15	4.00717549139255e-19	0.534530962193494	0.362	0.16
0	FUT9	4.66668588277936e-15	4.19930341292123e-19	0.709471145627839	0.311	0.128
0	PITPNM2	5.30671403203596e-15	4.77523083958963e-19	0.341113358690098	0.81	0.536
0	FGD1	5.34720783507448e-15	4.8116690678255e-19	0.858677690266163	0.294	0.121
0	HSPA9	5.88347269732005e-15	5.29422540926847e-19	0.986536208070524	0.229	0.081
0	SLC9A7	5.94154948475077e-15	5.34648563371796e-19	0.566340558957506	0.337	0.144
0	ABHD14A	6.04822491976235e-15	5.44247720666099e-19	0.73043941795212	0.239	0.086
0	SLC25A6	6.55927655304761e-15	5.90234549900802e-19	1.02386579280445	0.219	0.075
0	GJC1	7.12903302883446e-15	6.41503916929224e-19	1.16122053344405	0.221	0.076
0	EHD3	8.02661084226379e-15	7.22272189531521e-19	0.5910578288305	0.286	0.114
0	HTR2C	8.15176194229362e-15	7.33533874047838e-19	0.698098931113009	0.519	0.29
0	SMIM18	8.33885803612162e-15	7.50369660408676e-19	0.85924464246231	0.276	0.108
0	PCNX2	8.36774331792716e-15	7.52968893901482e-19	0.607142080337886	0.292	0.117
0	ELFN2	8.59776639859876e-15	7.7366745240698e-19	0.47514515167603	0.781	0.487
0	GLS	8.91613501327801e-15	8.02315757516243e-19	0.50061683069405	0.616	0.347
0	CPEB3	9.16684269599964e-15	8.24875613785624e-19	0.568578539177495	0.378	0.17
0	SMARCC2	9.68825517795781e-15	8.71794760906849e-19	0.754107689827159	0.227	0.079
0	ARMH4	9.81014209493396e-15	8.82762718881847e-19	0.868526433746624	0.313	0.131
0	LINGO2	1.07116941097572e-14	9.63888608814647e-19	0.625405558171707	0.812	0.55
0	SMU1	1.22975514814182e-14	1.10659151277047e-18	1.08367989238475	0.157	0.042
0	NLGN2	1.25788108748766e-14	1.13190055564443e-18	0.369278274664702	0.748	0.441
0	CEMIP	1.27753267928583e-14	1.14958398208029e-18	0.992179415513569	0.258	0.099
0	CPLX1	1.39875035391547e-14	1.25866134609509e-18	1.21842964860224	0.282	0.118
0	KCNA1	1.57785402862551e-14	1.41982725512958e-18	0.75731938170727	0.327	0.143
0	ATP2A2	1.6515446134877e-14	1.48613750876244e-18	0.668435609278522	0.348	0.154
0	PTPRN	1.71407923028851e-14	1.54240909771305e-18	0.657189591184115	0.599	0.339
0	PAPPA	1.78442947315557e-14	1.60571355453574e-18	1.53440658331076	0.18	0.055
0	DPF1	2.19683149859051e-14	1.97681229064205e-18	0.839896638456198	0.335	0.146
0	GNG7	2.20584822296003e-14	1.98492596325028e-18	0.606363219951241	0.282	0.11
0	EFHD1	2.31133392517876e-14	2.07984695867791e-18	0.58066852174955	0.299	0.123
0	DYNC1I1	2.38377052103859e-14	2.14502881403635e-18	0.575972334942978	0.429	0.207
0	NALCN	2.56675629108284e-14	2.309688015012e-18	0.399345798001363	0.632	0.343
0	SLC35G2	2.76002440114294e-14	2.4835997490713e-18	0.445935936021113	0.407	0.193
0	CDH22	3.11138556366526e-14	2.79977104622087e-18	0.753019553893661	0.346	0.156
0	CIC	3.3851183181522e-14	3.04608865126626e-18	0.395676924894384	0.589	0.331
0	FTH1	3.5274082095169e-14	3.17412778684145e-18	0.493712448063912	0.405	0.194
0	AP2B1	3.56692458641537e-14	3.20968648107205e-18	0.679014517633985	0.366	0.169
0	KIAA1191	3.57943713251483e-14	3.22094585846741e-18	0.561177120135239	0.397	0.186
0	CLIP3	3.70651324841568e-14	3.33529492343713e-18	0.5286235741422	0.601	0.339
0	NHS	4.02500418570281e-14	3.62188804616468e-18	0.52276317101761	0.417	0.196
0	LDHB	4.24757688943008e-14	3.82216943168369e-18	0.533653707443372	0.362	0.163
0	STMN4	4.27708087255557e-14	3.84871850315447e-18	0.582992077529463	0.331	0.143
0	HCN4	4.28948865971009e-14	3.85988361352478e-18	0.778575572170877	0.27	0.107
0	PPP2R2C	4.4916166979596e-14	4.04176792761594e-18	1.19506341639101	0.258	0.101
0	HCN1	4.90593642089422e-14	4.41459229811412e-18	0.4725548577897	0.519	0.276
0	RPL5	4.9097358541431e-14	4.41801120682363e-18	0.645223309180805	0.268	0.105
0	SLC4A3	5.14819560853253e-14	4.63258850763298e-18	0.589041269836923	0.329	0.14
0	SNX19	5.48935658874003e-14	4.93958120106185e-18	0.505944890753109	0.317	0.133
0	GFRA4	5.81877702665431e-14	5.23600920242446e-18	0.229143035018275	0.648	0.391
0	SLC25A3	5.82780530718898e-14	5.24413327381353e-18	0.381852175784063	0.415	0.193
0	PDCD6	5.86910262093693e-14	5.28129453877164e-18	0.701314253030817	0.233	0.084
0	PIK3R3	6.03609279037712e-14	5.43156014611457e-18	0.420648026344165	0.452	0.229
0	ARHGEF9	6.973896009288e-14	6.27543958362998e-18	0.537116350625651	0.403	0.195
0	PLK3	7.80022507593134e-14	7.01900933675096e-18	1.00304713283337	0.184	0.058
0	GRM4	8.08614074305045e-14	7.27628969949649e-18	0.4321848957335	0.695	0.439
0	SOX11	8.92199929815702e-14	8.02843453447046e-18	0.833188455532184	0.194	0.064
0	PGK2	9.46404668173438e-14	8.51619426053665e-18	0.626358351694716	0.331	0.147
0	DAB1	9.70336742140643e-14	8.731546316392e-18	0.329144662584829	0.577	0.31
0	EIF4A2	9.718646295489e-14	8.74529496579591e-18	0.66331175431935	0.278	0.113
0	RACK1	1.04350617282029e-13	9.38995926230799e-18	0.719150275571458	0.233	0.085
0	RAB2A	1.06022954794585e-13	9.5404440560231e-18	0.362486896397939	0.456	0.221
0	RPL17	1.08587028433105e-13	9.77117145983128e-18	0.277339325035434	0.331	0.143
0	SPIN2B	1.1153024505672e-13	1.00360159323963e-17	0.587870647041256	0.511	0.28
0	CELF4	1.12252182229399e-13	1.01009792341761e-17	0.647225814758445	0.611	0.364
0	KCNN2	1.13975900543455e-13	1.02560875140336e-17	0.889046198521198	0.196	0.065
0	SPOCK1	1.15299946247661e-13	1.03752313729561e-17	0.735123442350809	0.458	0.239
0	PRKAR1B	1.18954584164569e-13	1.07040928790217e-17	0.387422614537699	0.391	0.18
0	KDM6B	1.21401823871679e-13	1.09243070162583e-17	0.563177243650906	0.675	0.39
0	RPL24	1.34185818396803e-13	1.20746709616488e-17	0.479210623267087	0.225	0.08
0	CNIH2	1.3750755871448e-13	1.23735767762512e-17	0.455750755322714	0.419	0.2
0	KIDINS220	1.40408074920113e-13	1.26345788644032e-17	0.207756087091904	0.579	0.314
0	MGRN1	1.48041360519089e-13	1.33214577988922e-17	0.729616165294062	0.219	0.078
0	WSCD2	1.49253605152709e-13	1.34305412717276e-17	0.875489149233874	0.276	0.112
0	TPT1	1.50668858009276e-13	1.35578923791304e-17	0.643770735462378	0.241	0.09
0	PDZD4	1.61254551878768e-13	1.45104428937972e-17	0.29981541963543	0.389	0.184
0	CPNE5	1.62668419567916e-13	1.46376693573217e-17	0.829323849189451	0.497	0.267
0	COX5A	1.83359035516275e-13	1.64995082800572e-17	0.57683015606268	0.284	0.118
0	DNM1L	1.88175629296978e-13	1.69329280389614e-17	0.71858425874408	0.27	0.108
0	CNNM3	1.88338061879369e-13	1.69475444865805e-17	0.466925048484693	0.337	0.149
0	ATCAY	2.08610236549169e-13	1.8771730095309e-17	0.340051927979926	0.499	0.267
0	FAM219A	2.53277258556987e-13	2.2791078786735e-17	0.74393959551291	0.239	0.09
0	ATP5PD	2.6628917295731e-13	2.39619520343121e-17	0.750233452096977	0.258	0.101
0	CHST12	2.7378125213811e-13	2.46361245512562e-17	0.724263078371762	0.202	0.069
0	ADCY8	2.73839171679298e-13	2.46413364239447e-17	0.27537259388621	0.513	0.262
0	COX6B2	2.82447212349392e-13	2.54159284036166e-17	0.774037209837916	0.323	0.145
0	RB1CC1	2.94296601115663e-13	2.6482192127748e-17	0.779920170082826	0.196	0.066
0	RAB3C	3.04802151385416e-13	2.74275309444269e-17	0.797569102590015	0.266	0.107
0	RPS19	3.08335081289897e-13	2.77454405911903e-17	0.632990772960829	0.333	0.148
0	CAMK2N1	3.1274543165927e-13	2.81423046575425e-17	0.788292904260587	0.28	0.116
0	HERC2	3.15158314743919e-13	2.83594272243245e-17	0.689667632321627	0.337	0.153
0	IGLON5	3.35501309411822e-13	3.01899855495205e-17	0.393227663834599	0.528	0.287
0	LEPROTL1	3.40892835332051e-13	3.06751404060156e-17	0.641148084876573	0.247	0.094
0	TOMM70	3.48523773640831e-13	3.13618081202944e-17	0.89308535158902	0.204	0.071
0	GALNT10	3.84199659548548e-13	3.45720921037116e-17	0.783013093621726	0.636	0.39
0	DOCK10	3.87176572970992e-13	3.48399687726979e-17	0.549735387935759	0.313	0.136
0	ANXA9	4.10688976551473e-13	3.69557254163118e-17	0.7888833440335	0.247	0.096
0	PCSK1	4.11757670700923e-13	3.7051891541521e-17	0.296910148420362	0.509	0.263
0	KCNB1	4.47785232113291e-13	4.02938209406363e-17	0.548194416521145	0.389	0.185
0	ADAMTSL3	4.48105912254085e-13	4.03226772477355e-17	0.409913914131971	0.448	0.221
0	WDR47	4.55318244746834e-13	4.09716768421519e-17	0.419552606973741	0.315	0.139
0	UNC5D	4.83079691448514e-13	4.34697823673638e-17	0.51498166502273	0.493	0.265
0	PABPC1L2A	5.75903785837609e-13	5.18225308951327e-17	0.552484723386985	0.256	0.1
0	SMDT1	6.16796509455071e-13	5.55022504683768e-17	0.779790154146188	0.358	0.17
0	UCHL1	6.17497596082532e-13	5.55653375400461e-17	0.726480551772835	0.315	0.141
0	TMEM151B	6.25510032229751e-13	5.62863342238595e-17	0.711092916910561	0.225	0.084
0	SLC24A1	6.44095239527479e-13	5.79587185753153e-17	0.459606286732794	0.233	0.086
0	SLC5A4	7.54622385611521e-13	6.79044709449763e-17	0.550174775754058	0.362	0.17
0	INA	7.54918068710195e-13	6.79310779006745e-17	1.36483926227017	0.119	0.027
0	SLC25A25	7.55640746811435e-13	6.79961078746905e-17	0.668974077098902	0.229	0.086
0	CDS1	7.71945824087641e-13	6.9463315404269e-17	0.493226156684495	0.364	0.17
0	ATRX	8.11668596224088e-13	7.30377572414369e-17	0.237371486598914	0.479	0.242
0	SRCIN1	8.67488743747364e-13	7.80607166154381e-17	0.337363306707638	0.798	0.509
0	CPEB4	9.14571272899242e-13	8.2297423998852e-17	0.381998337360305	0.413	0.209
0	GABARAPL2	9.71199332220847e-13	8.73930830757534e-17	0.584874523239627	0.342	0.155
0	FGF12	1.04213741633041e-12	9.37764254774055e-17	0.425889683466	0.583	0.322
0	CALR3	1.10695213845643e-12	9.96087589720537e-17	0.574804361349625	0.325	0.147
0	FRMD3	1.22482311906062e-12	1.10215344106957e-16	0.580556180605116	0.344	0.156
0	RTN4	1.31270979671339e-12	1.18123800658094e-16	0.295339240230113	0.767	0.478
0	SDK2	1.37109216857524e-12	1.23377321027197e-16	0.371994947744027	0.663	0.414
0	EPHB2	1.3988611370356e-12	1.25876103395627e-16	0.298097289972594	0.519	0.286
0	SACS	1.49915972606141e-12	1.3490144210037e-16	0.916053361067185	0.215	0.079
0	YARS1	1.54374291864947e-12	1.38913247426389e-16	1.58214069885438	0.104	0.022
0	GSK3A	1.61076742844427e-12	1.44944428007223e-16	0.320538138112781	0.278	0.114
0	NHSL2	1.63902148759424e-12	1.47486861117092e-16	0.314983887979157	0.661	0.378
0	AFF2	1.6933872125578e-12	1.52378944709601e-16	0.357028866578601	0.669	0.387
0	SUPT6H	1.75385856088714e-12	1.57820441004872e-16	0.537685283382953	0.315	0.138
0	PNRC2	1.78989789441127e-12	1.61063429713963e-16	0.416126087789494	0.393	0.191
0	RGS8	1.80474568488572e-12	1.62399503724082e-16	1.25519849362221	0.162	0.05
0	EML6	1.81260797211889e-12	1.63106989302519e-16	0.375844119633786	0.579	0.325
0	TMEM200C	1.82368311609235e-12	1.64103582839229e-16	1.18015059649494	0.174	0.056
0	SMAP1	1.89497428958502e-12	1.70518697884011e-16	0.403918748918675	0.431	0.217
0	NETO1	1.99725786683421e-12	1.79722655163701e-16	0.664308310294251	0.317	0.142
0	DOK4	2.01705462411034e-12	1.81504060479649e-16	0.278686272533142	0.564	0.301
0	SLC4A10	2.10696354796207e-12	1.89594488253584e-16	0.384913993613137	0.609	0.344
0	RPH3A	2.28767402482132e-12	2.05855666770567e-16	0.553666579242557	0.299	0.129
0	GJD2	2.28865207484882e-12	2.05943676311421e-16	1.26347287758354	0.235	0.093
0	OTUB1	2.3832838268283e-12	2.14459086369864e-16	0.434664273549444	0.327	0.147
0	PBRM1	2.43444897322956e-12	2.19063166852296e-16	0.616841107516892	0.303	0.133
0	HIVEP3	2.49973779420032e-12	2.2493816199049e-16	0.450327137010473	0.37	0.175
0	GAL3ST4	2.6732418459076e-12	2.40550872483362e-16	0.670886812566698	0.342	0.16
0	CTBP1	2.70861554932669e-12	2.43733964665409e-16	0.273108937107447	0.227	0.085
0	CBX1	2.73804006430692e-12	2.4638172089507e-16	0.486744871494594	0.36	0.169
0	NDUFB7	2.92111482102052e-12	2.62855648431614e-16	0.805451007691889	0.155	0.046
0	THEM6	2.93207233781134e-12	2.63841657321276e-16	1.16389429041593	0.143	0.04
0	MTUS1	3.03434515906807e-12	2.73044646726183e-16	0.204639946559636	0.607	0.352
0	RDH11	3.08789146530414e-12	2.77862995168194e-16	0.364897260229606	0.401	0.198
0	NAV3	3.11865842562946e-12	2.80631550942991e-16	0.403345068749814	0.738	0.464
0	RPS8	3.22655231388417e-12	2.90340350390009e-16	0.605604537295524	0.321	0.145
0	RPS24	3.36070736453298e-12	3.02412252725005e-16	0.284179439399396	0.329	0.147
0	DIRAS1	3.5934293138368e-12	3.23353668121732e-16	0.302125294087257	0.481	0.258
0	CA10	3.73627219265753e-12	3.36207342091022e-16	0.261714368411864	0.781	0.539
0	ARL6IP5	3.83011888937155e-12	3.44652109184878e-16	0.443277600849717	0.313	0.141
0	MCTP1	3.86436648391606e-12	3.47733868794751e-16	0.479425994494918	0.397	0.195
0	SEC62	3.93060431246078e-12	3.53694260097254e-16	0.403715069443436	0.378	0.179
0	ATP5MGL	3.94211004990178e-12	3.54729600459082e-16	0.646402097451685	0.252	0.101
0	BIN1	4.34382159312505e-12	3.90877494207239e-16	0.465528132681986	0.409	0.201
0	HARS2	4.3759288008261e-12	3.93766651743553e-16	1.30119334620761	0.133	0.036
0	PSMD2	4.3982533913764e-12	3.95775523384901e-16	0.756119544592778	0.16	0.049
0	TPPP	4.48543516951261e-12	4.03620549762675e-16	0.283314965762071	0.362	0.169
0	PFN2	4.489851994295e-12	4.04017996427157e-16	0.380777924160415	0.55	0.307
0	AP2M1	4.49572230333569e-12	4.04546234440358e-16	0.566271753313454	0.288	0.124
0	VCP	4.82193136560783e-12	4.33900059894522e-16	0.664949830183203	0.227	0.087
0	KCNIP1	5.49364245850975e-12	4.94343782822798e-16	0.503079252483994	0.354	0.17
0	PLPP6	5.92729146374192e-12	5.33365559591642e-16	0.670108160734335	0.186	0.063
0	EPCIP	6.21319135959993e-12	5.59092176693956e-16	1.10088095821864	0.153	0.047
0	RPS2	6.21955142824111e-12	5.59664485579151e-16	0.463711024799432	0.243	0.096
0	CADM3	7.00064734249583e-12	6.29951169125873e-16	0.505003648091197	0.583	0.336
0	GDPD4	7.01659320852922e-12	6.31386053138596e-16	0.24927764887125	0.462	0.238
0	GSK3B	7.21553721729837e-12	6.49287970601851e-16	0.394448239307679	0.346	0.16
0	CADM4	7.26001742858417e-12	6.53290509186013e-16	0.364332594386163	0.566	0.316
0	SLCO1C1	7.52452940377542e-12	6.77092540607884e-16	0.888527447407833	0.217	0.082
0	CREB3	7.7119663575598e-12	6.93958999150526e-16	0.51849445757517	0.254	0.104
0	EXTL1	8.66936588582405e-12	7.80110310971299e-16	0.355294980644321	0.444	0.229
0	YWHAE	8.70861559379397e-12	7.83642184270131e-16	0.53584520993527	0.278	0.12
0	RAB27B	9.08717976922993e-12	8.17707169011962e-16	0.50442306235646	0.348	0.164
0	RHBDL1	9.7742692767723e-12	8.79534714008126e-16	0.786918075001514	0.249	0.103
0	ACTR10	1.00397227138078e-11	9.03421462594064e-16	0.765509135259991	0.174	0.057
0	FUT8	1.03372950975129e-11	9.30198425043904e-16	0.261686478165758	0.63	0.36
0	EPHB1	1.0545558064706e-11	9.48938906209485e-16	0.422539161567212	0.638	0.392
0	NDUFA10	1.08969968578529e-11	9.80563021493105e-16	0.540253544362403	0.176	0.058
0	AGAP3	1.19199192711765e-11	1.07261039063948e-15	0.350374537552808	0.857	0.565
0	L3MBTL1	1.19394050191538e-11	1.07436380987617e-15	0.512776892726387	0.211	0.077
0	PLXDC2	1.20792058530319e-11	1.08694374633599e-15	0.614313465319602	0.311	0.142
0	MXD1	1.2420135841434e-11	1.11762222994997e-15	0.2583973758711	0.415	0.205
0	MAPK9	1.28235976137022e-11	1.15392761753822e-15	0.891076533606862	0.19	0.067
0	MGAT3	1.29120449189527e-11	1.161886521997e-15	0.23124375084816	0.476	0.248
0	SLC25A36	1.35150688338394e-11	1.21614944963911e-15	0.871153023044776	0.397	0.2
0	LRPPRC	1.38479916840775e-11	1.24610741330671e-15	0.54924415770763	0.252	0.103
0	SRGAP3	1.41131519718596e-11	1.26996778294426e-15	0.356343599357075	0.513	0.283
0	MTMR4	1.42995116521583e-11	1.28673730335268e-15	0.350702693574834	0.376	0.182
0	MEIS2	1.43111720933815e-11	1.28778656468834e-15	1.41978229139267	0.18	0.064
0	ATP5PB	1.48873814507053e-11	1.33963659234278e-15	0.525049865430926	0.276	0.118
0	GPR173	1.60640897609635e-11	1.44552233968896e-15	0.583387561315696	0.327	0.153
0	FBXL5	1.69543090554773e-11	1.52562845815507e-15	0.476343692486441	0.225	0.086
0	KCNK10	1.80760098691155e-11	1.62656437227711e-15	0.222629763454742	0.419	0.204
0	LPCAT2	1.84837300808306e-11	1.66325295427253e-15	0.408908619238542	0.301	0.133
0	UBB	2.04618932903266e-11	1.84125738237439e-15	0.705810705744887	0.233	0.093
0	MCF2L2	2.17198424505154e-11	1.9544535634406e-15	0.266191448606342	0.493	0.261
0	LRRC3B	2.22259442364985e-11	1.9999949821379e-15	0.516964841515145	0.256	0.105
0	ACHE	2.24219649660028e-11	2.01763384918589e-15	0.356680295877012	0.593	0.342
0	TOP1	2.27438998433522e-11	2.04660306338093e-15	0.519455236151281	0.258	0.107
0	CTXN2	2.30026369037078e-11	2.06988544080876e-15	1.27578656579568	0.123	0.032
0	MIB2	2.30542659015488e-11	2.07453126082505e-15	0.472838200391698	0.29	0.128
0	IL1RAPL2	2.35395540097863e-11	2.11819976692039e-15	0.469380271600857	0.624	0.376
0	GABRG1	2.37468706224811e-11	2.13685509065789e-15	0.415830769506064	0.566	0.318
0	NDUFV1	2.45999639566606e-11	2.21362044062455e-15	1.01609273254949	0.186	0.066
0	SCOC	2.49221925213979e-11	2.24261608219184e-15	0.668493300670425	0.198	0.071
0	GRIK4	2.5556774512234e-11	2.29971875391289e-15	0.58015665065435	0.421	0.223
0	SLC6A15	2.6618506489697e-11	2.3952583901464e-15	0.424821283068509	0.372	0.182
0	SRPK1	2.7916634345193e-11	2.51207003916071e-15	0.814932018345082	0.209	0.079
0	SLC36A1	2.95305805020662e-11	2.65730050410026e-15	0.522328741738131	0.264	0.112
0	SLC3A2	3.06956741620076e-11	2.76214111059189e-15	0.613938494806141	0.309	0.141
0	TBCB	3.52104721563991e-11	3.1684038654188e-15	0.614592696200038	0.17	0.056
0	TMEM145	3.52536792240508e-11	3.17229184055168e-15	0.35192973217872	0.524	0.287
0	ONECUT2	3.79089352004538e-11	3.41122425991666e-15	0.806836114057375	0.243	0.102
0	TCF20	3.82474721048534e-11	3.44168740257837e-15	0.386686673827922	0.37	0.18
0	TECR	3.83431793252513e-11	3.4502995883426e-15	0.659330252587082	0.235	0.094
0	LAPTM4A	3.91549278827588e-11	3.52334454087634e-15	0.316780918770208	0.427	0.218
0	PFDN5	4.2039865552056e-11	3.7829447990692e-15	1.20650467126639	0.125	0.033
0	SYN2	4.24757455813042e-11	3.82216733387062e-15	0.4866516679289	0.376	0.19
0	MACROD2	4.49823060943326e-11	4.04771943618579e-15	0.316237773979912	0.689	0.424
0	MPC2	4.53475631942368e-11	4.0805869876934e-15	0.492756542613485	0.213	0.08
0	SH3GL2	4.62379039023205e-11	4.16070403152348e-15	0.279390255641748	0.585	0.327
0	UQCRQ	4.83000053698051e-11	4.34626161880726e-15	0.863540398069406	0.155	0.049
0	HMGB3	5.04967731070102e-11	4.54393711032216e-15	0.751065983312255	0.198	0.073
0	NLGN1	5.09032379243687e-11	4.58051272602976e-15	0.458272946825765	0.863	0.643
0	RPL12	5.58501763348275e-11	5.02566150767817e-15	0.486135902717276	0.297	0.133
0	IFFO1	5.94884546937510e-11	5.35305090378395e-15	0.420443156519098	0.309	0.144
0	MYO16	6.08052419390749e-11	5.47154161244262e-15	0.303315924089657	0.481	0.254
0	DSEL	6.34518997528452e-11	5.70970032870019e-15	0.781744452049681	0.198	0.074
0	PPP6R2	6.44667964542212e-11	5.80102550654379e-15	0.296317233138418	0.329	0.154
0	CXXC4	6.59621630970757e-11	5.93558562917986e-15	0.236289166294855	0.393	0.2
0	CYC1	6.74133323168816e-11	6.06616865984717e-15	0.762473099017826	0.182	0.064
0	CBLN4	6.86750674609711e-11	6.17970552154873e-15	2.08286472903446	0.112	0.028
0	ARHGEF7	6.87417178537347e-11	6.18570303731978e-15	0.546230188516599	0.464	0.247
0	CDS2	6.90813193950747e-11	6.21626198101995e-15	0.42427424128675	0.431	0.225
0	IGSF9B	6.95520862918301e-11	6.25862380021868e-15	0.230089763370988	0.718	0.453
0	TAFA1	6.99427898128561e-11	6.29378114036318e-15	1.00137815149008	0.417	0.223
0	DDAH1	7.45914531996008e-11	6.71208973270951e-15	0.535274871410107	0.235	0.095
0	NUCB1	7.50900389079969e-11	6.75695481940042e-15	0.471244006100274	0.35	0.171
0	ZNF385C	8.38945575902138e-11	7.54922681456076e-15	0.274526054175211	0.53	0.294
0	IPO11	8.45741960202887e-11	7.61038387656696e-15	0.34977631628687	0.337	0.16
0	P4HB	8.54963715392866e-11	7.69336556638951e-15	0.261633219467127	0.262	0.11
0	ABCG4	8.72607606488048e-11	7.85213359568116e-15	0.600835768732216	0.276	0.121
0	CHD5	9.79800309345827e-11	8.81670394444189e-15	0.283715769714636	0.558	0.308
0	LZTS3	9.83718670723737e-11	8.85196320276916e-15	0.644828241296733	0.264	0.114
0	ARRB1	1.02878519287668e-10	9.2574929620866e-15	0.417427089928596	0.38	0.189
0	RPS3A	1.04894478035299e-10	9.43889841044716e-15	0.473111624490379	0.284	0.127
0	NDRG3	1.10238803039067e-10	9.91980590651194e-15	0.21843858080367	0.632	0.378
0	NARS1	1.12319601947957e-10	1.01070459775e-14	0.952763771368226	0.178	0.063
0	DLX1	1.17600361388032e-10	1.05822335452202e-14	1.41143082817446	0.123	0.033
0	ATP8A2	1.21320778805224e-10	1.09170142000561e-14	0.519025463379653	0.276	0.121
0	SLITRK5	1.24093601802049e-10	1.11665258527895e-14	0.553010498702846	0.372	0.188
0	PLXNA1	1.24717652276911e-10	1.12226808491777e-14	0.440943719546208	0.802	0.581
0	NDUFV2	1.2523676258365e-10	1.12693928357464e-14	0.714589701708449	0.129	0.036
0	JAKMIP2	1.25819720472465e-10	1.13218501280001e-14	0.303702285337065	0.403	0.204
0	STEAP2	1.26632110486985e-10	1.13949528018524e-14	0.87127491046195	0.157	0.051
0	PI4KA	1.32212464135029e-10	1.18970992652775e-14	0.617699214338934	0.176	0.061
0	MAP1S	1.36897981393136e-10	1.23187241422781e-14	0.401142167179493	0.307	0.141
0	CHRNB2	1.42697004644659e-10	1.28405475249401e-14	0.351946819918552	0.337	0.16
0	SERPINI1	1.44499623172463e-10	1.30027556170667e-14	0.284188232960702	0.495	0.263
0	SYP	1.48758733196446e-10	1.33860103659179e-14	0.285240355649793	0.685	0.406
0	RPL9	1.53963000813803e-10	1.38543148397196e-14	0.417090891926901	0.252	0.105
0	MARCHF9	1.64624814623135e-10	1.48137149845348e-14	0.227419626312297	0.427	0.222
0	IRF2BPL	1.64920009979941e-10	1.48402780509261e-14	0.56851859943109	0.245	0.103
0	CKAP5	1.78465051203063e-10	1.60591245571009e-14	0.277767031835847	0.438	0.227
0	RPL39	1.92486062620096e-10	1.73208010996217e-14	0.37731518762324	0.294	0.133
0	B3GALT1	1.95975685089686e-10	1.7634813739736e-14	0.584374895874962	0.282	0.128
0	KIF3C	2.10853461575397e-10	1.89735860321603e-14	0.615995487303004	0.364	0.187
0	CHCHD6	2.23199358626415e-10	2.00845279066332e-14	0.694825936438958	0.36	0.18
0	UBA52	2.27954622211505e-10	2.05124288861248e-14	0.398619426608173	0.247	0.104
0	MPC1	2.43072000659179e-10	2.18727616898388e-14	0.672170511821223	0.204	0.08
0	BICD1	2.78916398031658e-10	2.50982091272975e-14	0.228356414430356	0.427	0.222
0	DCLK2	2.82555311054802e-10	2.54256556334745e-14	0.544414811679728	0.29	0.134
0	DCTN2	2.9603882582813e-10	2.66389657003627e-14	0.464642025812865	0.219	0.087
0	MC5R	3.0432428375913e-10	2.73845301681931e-14	1.07491695349866	0.176	0.063
0	CLSTN1	3.06057756185279e-10	2.75405161689264e-14	0.335397633352323	0.894	0.631
0	PRKAR1A	3.30134959108499e-10	2.97070961134256e-14	0.407793195855505	0.311	0.146
0	COX7C	3.48709239751811e-10	3.13784972331334e-14	0.386461134440289	0.27	0.12
0	SEMA6C	3.69581343800286e-10	3.32566673085833e-14	0.280108946136969	0.585	0.336
0	CACNB3	3.85129461569475e-10	3.46557600620422e-14	0.849320811662728	0.207	0.083
0	DNAAF9	3.86352071364359e-10	3.47657762408314e-14	0.238164170118813	0.517	0.284
0	RPS6	3.96686705242684e-10	3.56957351968581e-14	0.379075143068358	0.284	0.127
0	HDLBP	4.3021439740215e-10	3.87127146047107e-14	0.522640801285653	0.131	0.038
0	ANO4	4.35445961076753e-10	3.91834753061057e-14	0.795036805117244	0.198	0.076
0	IDH3B	4.41910655964326e-10	3.97651989529674e-14	0.832668595144777	0.184	0.069
0	NDUFA5	4.46781894714615e-10	4.02035359232084e-14	0.603676835798842	0.164	0.056
0	EFNA3	5.01603685492651e-10	4.51366584624e-14	0.648684488429054	0.35	0.177
0	TNIK	5.05957905147482e-10	4.55284716230974e-14	0.298850494682059	0.706	0.438
0	LHFPL4	5.16773737915074e-10	4.65017311180666e-14	0.871795970825085	0.227	0.095
0	BSG	5.21325593698858e-10	4.6911328507051e-14	0.218014143415425	0.503	0.275
0	STAM	5.76007659179399e-10	5.18318779069017e-14	0.724617342622256	0.178	0.065
0	LGMN	6.08707118424399e-10	5.47743290222621e-14	0.833945894651452	0.137	0.042
0	PCDH18	6.08793623707626e-10	5.47821131744467e-14	1.10336817972287	0.241	0.104
0	MYL6	6.39610129804174e-10	5.75551273107329e-14	0.608253881132415	0.213	0.085
0	DLST	6.6805372609112e-10	6.0114615863504e-14	0.606490557821302	0.211	0.084
0	SH3KBP1	6.73412854497634e-10	6.05968554393623e-14	0.319659465723083	0.389	0.197
0	SNAP91	6.79987519583322e-10	6.11884747217962e-14	0.352729662111882	0.474	0.265
0	RPL21	7.01216424319584e-10	6.30987514010243e-14	0.210203899792122	0.272	0.121
0	ADAM23	7.17153685994533e-10	6.4532861153112e-14	0.308978868106972	0.434	0.23
0	NRG3	7.31048476047731e-10	6.57831797037461e-14	0.35342209987098	0.939	0.693
0	NR2F1	7.53179165802366e-10	6.77746032396622e-14	0.457966461682505	0.249	0.108
0	DHX38	7.86389858356084e-10	7.07630575322671e-14	0.954820659117843	0.117	0.032
0	RAC3	8.1592168735409e-10	7.34204703819032e-14	0.542263898498226	0.266	0.119
0	SPRED1	8.18664059891618e-10	7.36672419591126e-14	0.45241352942034	0.29	0.137
0	APBA1	8.20641052355901e-10	7.38451410380546e-14	0.385030246533004	0.601	0.355
0	CSNK1E	8.28727536112703e-10	7.45728008739947e-14	0.626543412410369	0.29	0.134
0	LSAMP	8.46680144872147e-10	7.61882610341174e-14	0.419270469664811	0.787	0.565
0	ASTN2	9.09074062816313e-10	8.18027591844068e-14	0.362199307951867	0.554	0.324
0	TCERG1L	9.54809369470857e-10	8.59182371520612e-14	1.17133065771931	0.151	0.051
0	GGT7	9.85737561091319e-10	8.87013012770016e-14	1.13752593127979	0.153	0.052
0	FABP3	9.99499860448818e-10	8.9939697691786e-14	0.411688504313191	0.213	0.085
0	SERBP1	1.01821327814126e-09	9.16236190174802e-14	0.435016601277406	0.403	0.214
0	TOP2B	1.02118273065723e-09	9.18908243190162e-14	0.435784801657235	0.249	0.107
0	CLTA	1.10255079018599e-09	9.92127049568965e-14	0.423501820341053	0.29	0.135
0	VPS8	1.11168659140153e-09	1.00034787312295e-13	0.297969058716781	0.399	0.204
0	CKMT1A	1.13549074527595e-09	1.02176797019342e-13	0.600123124724994	0.239	0.103
0	THOP1	1.26305965095765e-09	1.13656047058189e-13	0.459074952227484	0.112	0.03
0	ZNF385D	1.28934385411308e-09	1.16021223262223e-13	1.02644889454573	0.204	0.084
0	ANKRD46	1.30811484234244e-09	1.1771032505556e-13	0.87790024356287	0.155	0.053
0	MEGF8	1.36277882025278e-09	1.22629246850786e-13	0.253889032224134	0.372	0.188
0	ASTN1	1.38593490166888e-09	1.24712939950408e-13	0.331378418025867	0.885	0.622
0	TACC1	1.41544116161064e-09	1.27368051976121e-13	0.533013887133335	0.327	0.161
0	FUS	1.42588115537716e-09	1.28307491710353e-13	0.286056964004979	0.335	0.163
0	TRPC7	1.44369373785944e-09	1.29910351647569e-13	1.36458676409772	0.133	0.041
0	MTMR9	1.66518757142015e-09	1.49841408388387e-13	0.769079319909624	0.155	0.054
0	RPLP0	1.74638610644212e-09	1.5714803441394e-13	0.27409653459207	0.28	0.127
0	NDUFA13	1.74999303157157e-09	1.57472602499016e-13	0.555516686106412	0.237	0.102
0	H3-3A	1.77935018688053e-09	1.60114297388691e-13	0.231975778789432	0.37	0.189
0	EML5	1.84984652819312e-09	1.66457889696132e-13	0.655281201084974	0.213	0.087
0	IGF2R	1.91259430546602e-09	1.7210422977288e-13	0.237473053583459	0.292	0.136
0	NBR1	1.97203321416183e-09	1.77452822294775e-13	0.221544585999183	0.677	0.424
0	MYT1	1.97512948829135e-09	1.7773143960149e-13	0.322678342573936	0.515	0.292
0	CCT5	1.99925526857742e-09	1.79902390765537e-13	0.793135864621695	0.151	0.051
0	CDH23	2.10386056144314e-09	1.89315266934503e-13	1.42660975483032	0.176	0.067
0	RAB4A	2.15184330172675e-09	1.93632979548884e-13	0.967515838107672	0.119	0.033
0	PRRC2A	2.17863980978608e-09	1.96044255357336e-13	0.305833379633561	0.315	0.151
0	RPS10	2.21028274898492e-09	1.98891635830551e-13	0.326824499438152	0.305	0.145
0	MAP3K12	2.47282310387772e-09	2.22516251586225e-13	0.367010461766337	0.278	0.13
0	COTL1	2.51149898736079e-09	2.25996489459263e-13	0.254500920544064	0.221	0.091
0	NDUFA1	2.53096870169734e-09	2.27748465913555e-13	0.667549899062481	0.17	0.062
0	MAP7D2	2.54018808876213e-09	2.2857806971674e-13	0.776667343408861	0.162	0.057
0	ELAVL2	2.54149996222752e-09	2.28696118260372e-13	0.413490850266823	0.607	0.364
0	STAU1	2.61093260083581e-09	2.34943993596312e-13	0.69401676530852	0.186	0.071
0	THRA	2.61136095662537e-09	2.34982539064642e-13	0.269485573986186	0.613	0.363
0	DDX1	2.6578572734911e-09	2.39166496309826e-13	0.527626066459143	0.143	0.046
0	HPRT1	2.7313356375277e-09	2.45778425045236e-13	0.763800914341195	0.139	0.045
0	TRIB2	2.85959244522802e-09	2.57319575742646e-13	1.32736300248849	0.115	0.032
0	LRSAM1	2.8850861879589e-09	2.59613622600459e-13	0.465127214208206	0.202	0.08
0	SSTR2	2.93136324734522e-09	2.63777850026565e-13	1.37383445881361	0.135	0.044
0	RPL18A	2.9734422008791e-09	2.67564312146054e-13	0.208544917089608	0.247	0.107
0	GFRA2	3.07637956601332e-09	2.76827100334142e-13	0.628157811612651	0.323	0.164
0	CYB561	3.15372668330225e-09	2.83787157680397e-13	0.723348086970698	0.196	0.078
0	CCDC88A	3.15810849885745e-09	2.84181454049982e-13	0.289334055788896	0.397	0.204
0	RUSC1	3.21188025887178e-09	2.8902008988318e-13	0.30045402111796	0.47	0.254
0	CLPTM1	3.26036902343872e-09	2.93383336942205e-13	0.340674598490206	0.231	0.098
0	HSPA5	3.33965258669017e-09	3.00517644802499e-13	0.937425181635145	0.153	0.053
0	RBFOX1	3.40155224297616e-09	3.0608766696447e-13	0.402568954195223	0.464	0.264
0	MYO5A	3.45371330394201e-09	3.10781364522812e-13	0.29577689106231	0.53	0.303
0	PPARGC1B	3.4788149554634e-09	3.13040129169747e-13	0.386636277605033	0.491	0.278
0	IGF2BP2	3.51342496585903e-09	3.161545006622e-13	0.551889684404144	0.168	0.061
0	KLHDC9	3.57803824512403e-09	3.21968707380908e-13	0.837140044308333	0.143	0.047
0	TBC1D16	3.85411385976792e-09	3.46811289459905e-13	0.899986775698817	0.166	0.06
0	SMARCE1	3.98859810919828e-09	3.58912814649354e-13	0.36395455672661	0.254	0.113
0	RAB3B	4.37927689354294e-09	3.94067928870957e-13	0.517271525942376	0.249	0.112
0	ARVCF	4.48559048593418e-09	4.03634525864679e-13	0.753123797292816	0.178	0.068
0	PIP5K1C	4.61056110116197e-09	4.14879969509761e-13	0.356958682311655	0.397	0.213
0	NNT	4.68531397113235e-09	4.21606584282584e-13	0.667049599558262	0.256	0.117
0	TCP1	4.7231085831757e-09	4.25007521207208e-13	1.47622770332434	0.127	0.04
0	FAM110B	4.83529909832907e-09	4.35102951347887e-13	0.429531171432472	0.229	0.097
0	MRI1	4.90677705399154e-09	4.4153487393067e-13	0.511917544593154	0.194	0.077
0	THSD7B	5.02032931852939e-09	4.51752840684728e-13	0.468515798501852	0.337	0.172
0	NDUFA3	5.22846994852313e-09	4.70482313373808e-13	0.842814461977117	0.168	0.062
0	GRK4	5.75499730894173e-09	5.17861721312133e-13	0.297662947977747	0.376	0.194
0	SGTB	6.18937374853549e-09	5.56948956045666e-13	0.397316764924816	0.211	0.086
0	CSDC2	6.19455716261427e-09	5.57415384020000e-13	1.05878251124881	0.115	0.033
0	IGF1R	6.19862727925412e-09	5.57781632255387e-13	0.352182249139892	0.438	0.247
0	ZDHHC9	6.26703512641505e-09	5.63937292037708e-13	0.602258709500739	0.229	0.099
0	SFXN3	6.27350532201266e-09	5.64519510664326e-13	0.868202153799226	0.155	0.055
0	JMY	6.34937091074964e-09	5.71346253104439e-13	0.277663921465641	0.223	0.094
0	DLK1	6.86268823594403e-09	6.17536959951771e-13	0.667673313190116	0.172	0.064
0	SPRED2	6.86926853142777e-09	6.18129085883899e-13	0.44541314939681	0.401	0.214
0	RND1	7.05450063600785e-09	6.34797141726613e-13	0.341877997067398	0.321	0.157
0	PLEKHB2	7.15696259227572e-09	6.44017150389249e-13	1.01602357019222	0.102	0.027
0	TPR	7.16353588995263e-09	6.4460864662581e-13	0.612750107767963	0.235	0.101
0	NDUFS1	7.27348955127698e-09	6.54502794139924e-13	0.453006622001757	0.162	0.058
0	TRIM3	7.53722295387328e-09	6.78234765938386e-13	0.378803537948459	0.366	0.188
0	PDS5B	7.65443286037809e-09	6.8878186451706e-13	0.532018715788944	0.278	0.131
0	CSRNP2	7.6740090050582e-09	6.90543418074165e-13	0.642854578072746	0.2	0.081
0	PDXP	7.68045145062581e-09	6.91123139622587e-13	0.809939115436317	0.139	0.046
0	PPFIA4	7.96422361192727e-09	7.16658293163616e-13	0.691008840209295	0.276	0.132
0	AP3B2	7.97982439108463e-09	7.18062124636429e-13	0.220488919956296	0.515	0.289
0	PSMC5	7.98090387610661e-09	7.18159261775093e-13	0.811369405162874	0.168	0.062
0	PRKACA	8.30439665329313e-09	7.47268663123651e-13	0.387077668462731	0.292	0.14
0	COX6A2	9.15204870514442e-09	8.23544380918242e-13	0.380151391562308	0.284	0.134
0	NACC1	9.35831252398617e-09	8.42104969313972e-13	0.515420335040328	0.149	0.052
0	DUSP3	9.64971585114131e-09	8.6832681104484e-13	0.637737269739687	0.168	0.062
0	PRRT3	1.00652383168328e-08	9.05717476543935e-13	0.59124118159903	0.235	0.103
0	MORN4	1.0416464864285e-08	9.37322492961847e-13	0.731971843326821	0.194	0.079
0	MAPRE3	1.0510540265811e-08	9.45787839990193e-13	0.313818931028211	0.333	0.169
0	TLCD3B	1.12637642483051e-08	1.01356647604653e-12	0.356634695293322	0.245	0.109
0	BACE1	1.1323213485708e-08	1.01891599799406e-12	0.212193701788227	0.372	0.193
0	PSMC1	1.14766192454592e-08	1.03272016966249e-12	0.672481591056072	0.141	0.047
0	ST3GAL3	1.16566141428779e-08	1.04891695697632e-12	0.418482359691684	0.401	0.213
0	CASD1	1.17016079471123e-08	1.05296571106922e-12	0.7469341770809	0.172	0.065
0	OTUD7A	1.25297399287757e-08	1.12748492115322e-12	0.333324873232421	0.274	0.128
0	KIFBP	1.26768225125002e-08	1.14072010370738e-12	0.789773888059911	0.147	0.051
0	DAGLA	1.28490159103175e-08	1.15621487539976e-12	0.217136783842486	0.399	0.209
0	CAPZB	1.28571742801752e-08	1.15694900388511e-12	0.543542449990501	0.18	0.07
0	SLC25A11	1.2868181532334e-08	1.15793948819707e-12	0.751242266458185	0.117	0.035
0	DNAJC7	1.31567876127769e-08	1.18390962051443e-12	0.357545856009208	0.221	0.095
0	CCT3	1.36933016639928e-08	1.23218767785411e-12	0.805563298535244	0.17	0.064
0	CDKL5	1.37198497075429e-08	1.2345765956576e-12	0.234407802560068	0.569	0.333
0	PEX5L	1.37401871408842e-08	1.23640665354847e-12	0.304279201452033	0.436	0.247
0	UQCRC1	1.4074197389373e-08	1.26646246642428e-12	0.840120903063767	0.143	0.049
0	GLIS2	1.42638401888374e-08	1.28352741733442e-12	0.759598763275728	0.119	0.036
0	CDC42	1.52487500272701e-08	1.37215423623415e-12	0.775437130778315	0.119	0.036
0	PFKFB2	1.53160594671516e-08	1.3782110561641e-12	0.332477042296504	0.204	0.084
0	DYNLL1	1.59735657727486e-08	1.43737656553124e-12	0.463997987238842	0.268	0.127
0	FAM174B	1.60537858086201e-08	1.44459514160174e-12	0.884220280648194	0.143	0.049
0	APLP2	1.61457360223156e-08	1.45286925423518e-12	0.263340798040363	0.765	0.484
0	UGCG	1.62299762582707e-08	1.4604495868146e-12	0.275902424174398	0.196	0.079
0	FAM184B	1.62373014174328e-08	1.46110873908331e-12	0.695857074598032	0.211	0.089
0	TSPAN15	1.62818820833966e-08	1.46512031705179e-12	0.879190354533377	0.121	0.037
0	CAP1	1.62943274400593e-08	1.46624020876985e-12	0.209065029068262	0.282	0.133
0	BRINP1	1.72782153751711e-08	1.55477507200316e-12	0.227786449829204	0.636	0.383
0	DMTN	1.76571090414931e-08	1.58886970588438e-12	0.307519946138156	0.325	0.161
0	GDI2	1.82271989913594e-08	1.64016908047867e-12	0.503649623205098	0.164	0.061
0	SELENOK	1.91544072144158e-08	1.72360363667919e-12	0.773828641798814	0.178	0.07
0	OGDH	2.11856347398276e-08	1.90638304146743e-12	0.23001057522871	0.288	0.138
0	TMEM91	2.19325314058644e-08	1.9735923158341e-12	0.578341841077299	0.192	0.078
0	CHAC1	2.19785646631679e-08	1.9777346048023e-12	0.421184500370586	0.196	0.08
0	MTX2	2.26701327112209e-08	2.03996514993439e-12	1.02055871111706	0.123	0.039
0	RAB26	2.30269787795044e-08	2.07207583726306e-12	0.831045999570241	0.362	0.191
0	KLHL11	2.31697871066921e-08	2.08492640211393e-12	0.312726879975665	0.151	0.054
0	LRRC7	2.330746207051e-08	2.09731504278863e-12	0.202117460052817	0.701	0.414
0	ACSL4	2.37177192653984e-08	2.1342319144604e-12	0.432042639312928	0.252	0.114
0	SOBP	2.4735492897556e-08	2.22581597206479e-12	0.266314607605156	0.329	0.166
0	TMEM60	2.49518520593503e-08	2.24528498689375e-12	1.18598002365929	0.135	0.045
0	ARFGEF1	2.49615279297968e-08	2.24615566721828e-12	0.298822187682426	0.282	0.135
0	CTTN	2.55521640483491e-08	2.29930388269136e-12	0.381798148233824	0.249	0.113
0	CLGN	2.57178989130252e-08	2.31421748519978e-12	0.421737507594489	0.348	0.179
0	OSGIN2	2.57320960648083e-08	2.31549501168076e-12	1.32043865103033	0.108	0.031
0	TMEM164	2.57669140597648e-08	2.31862809860207e-12	0.333356040907545	0.178	0.069
0	CAPZA2	2.6388407998254e-08	2.37455304582507e-12	0.423314834267129	0.229	0.102
0	AHDC1	2.71696463725628e-08	2.44485254859739e-12	0.542329744594256	0.192	0.079
0	LDB2	2.79854502119721e-08	2.51826241446703e-12	0.448482460113683	0.317	0.164
0	TIA1	2.93141153512507e-08	2.63782195188074e-12	0.253483155608158	0.329	0.167
0	GOLPH3L	3.03559027522562e-08	2.73156688133323e-12	0.335862991759832	0.235	0.105
0	PTCHD4	3.12442053240787e-08	2.81150052407799e-12	0.26285193957073	0.409	0.222
0	NUDC	3.14190055819333e-08	2.82722987329553e-12	0.704908252452741	0.157	0.058
0	PSMC2	3.15065671601362e-08	2.83510907586936e-12	0.796275220701935	0.129	0.042
0	OSBPL8	3.36225205360284e-08	3.02551251111567e-12	0.208079761956025	0.585	0.344
0	SANBR	3.37175651151227e-08	3.03406506929926e-12	0.229841101920394	0.262	0.121
0	ATXN2	3.43879964433115e-08	3.09439363298043e-12	0.301442245624278	0.252	0.114
0	EIF3A	3.45498364095142e-08	3.10895675420807e-12	0.52513304550632	0.172	0.066
0	NUAK1	3.51639547492814e-08	3.16421801037357e-12	0.501275315242229	0.127	0.041
0	IL18RAP	3.54361253738274e-08	3.18870920307994e-12	0.476168992840374	0.16	0.059
0	BRI3BP	3.61842999260178e-08	3.2560334676521e-12	0.621211404766196	0.186	0.075
0	MAP1LC3B	3.79002834782055e-08	3.41044573726316e-12	0.451486203843126	0.221	0.097
0	ZBTB41	3.79356362101347e-08	3.41362694233193e-12	0.708942445308128	0.16	0.059
0	MYL12B	4.07321708004216e-08	3.66527227575107e-12	0.327301503406614	0.162	0.06
0	PCDH7	4.12747533347336e-08	3.71409640373739e-12	0.355817010086027	0.703	0.473
0	GCC2	4.15466171310568e-08	3.73855998659739e-12	0.490673663191845	0.147	0.052
0	DHX15	4.20395207902754e-08	3.7829137757829e-12	0.805847116304095	0.155	0.057
0	DUSP8	4.23110982443845e-08	3.80735159222393e-12	0.273381861216051	0.305	0.151
0	PARD6A	4.36984812769964e-08	3.93219484180657e-12	0.423442330098466	0.342	0.179
0	RELL2	4.55169899249521e-08	4.09583280166941e-12	0.802091934817234	0.129	0.042
0	TRIM67	4.63912335780435e-08	4.17450135679326e-12	0.33742357757736	0.313	0.156
0	TRNP1	4.84902402944265e-08	4.36337985192356e-12	0.895606464132464	0.17	0.066
0	TMEM240	4.92344208134344e-08	4.43034471460761e-12	0.410609773677219	0.217	0.093
0	KLF7	4.92402377979168e-08	4.4308681542263e-12	0.353040409311951	0.638	0.41
0	TMEM235	4.99490815971688e-08	4.49465325269224e-12	0.570325606003624	0.172	0.067
0	TRIM13	5.0687296140716e-08	4.56108126884873e-12	0.626611437730792	0.182	0.073
0	AP1G1	5.36105293460386e-08	4.82412753946177e-12	0.401918798508709	0.231	0.104
0	CCT4	5.45831799512485e-08	4.91165121490583e-12	0.738975036850529	0.147	0.053
0	CCDC102A	5.47028548330166e-08	4.92242012355049e-12	0.39477709677844	0.233	0.106
0	MAP7D1	5.49038352410682e-08	4.94050528579755e-12	0.283317358530129	0.53	0.313
0	BNIP3L	5.74465691222854e-08	5.16931243789124e-12	0.326321735753153	0.309	0.155
0	VWA5B1	5.83162698005776e-08	5.24757219477887e-12	0.615297275413439	0.174	0.069
0	LAMP5	5.92719122768641e-08	5.33356539879998e-12	0.867916965400375	0.106	0.031
0	MAPK6	5.98010135906299e-08	5.38117642316475e-12	0.430443069783567	0.241	0.11
0	PPP4R4	6.08219915444083e-08	5.47304882069723e-12	0.335842295586936	0.252	0.116
0	CSNK1A1L	6.12043221203755e-08	5.50745272387073e-12	0.320340714395714	0.609	0.386
0	CRACD	6.2523974528127e-08	5.62620125331837e-12	0.214423912496859	0.378	0.202
0	MFF	6.33292156409312e-08	5.69866063537579e-12	0.741033602617689	0.119	0.037
0	MMP17	6.35246127799763e-08	5.71624338882177e-12	0.557464501339529	0.225	0.1
0	SS18	6.43730612374648e-08	5.79259077094077e-12	0.361813473289381	0.237	0.109
0	TGIF1	6.45335201167501e-08	5.80702961547287e-12	0.776988700119797	0.102	0.028
0	RAB14	6.78584209548656e-08	6.10621982856705e-12	0.583673665121523	0.186	0.076
0	SAE1	6.91741491435301e-08	6.2246152383272e-12	0.380536039671919	0.16	0.059
0	PABPN1	7.18577634291554e-08	6.4660994717138e-12	0.25876294975744	0.378	0.2
0	GFRA3	7.23795703998525e-08	6.51305411678687e-12	0.517332977288593	0.247	0.119
0	DOP1B	7.57899149345052e-08	6.81993295550304e-12	0.505071764210235	0.202	0.085
0	RNF34	7.82149511517233e-08	7.03814911830498e-12	0.210811500246276	0.254	0.118
0	TIAM1	7.83339664402203e-08	7.0488586736453e-12	0.335781002665343	0.309	0.155
0	SLC48A1	7.97518210370118e-08	7.17644389786843e-12	0.288683452822331	0.174	0.068
0	IBTK	8.03687911255542e-08	7.23196176779935e-12	0.465930829266653	0.223	0.099
0	PPM1A	8.44956971057777e-08	7.60332017509023e-12	0.326385395133617	0.241	0.112
0	TMEM132E	8.70574329574231e-08	7.83383721384173e-12	0.370590491750899	0.814	0.601
0	DNAJC16	8.91553137359805e-08	8.02261439179164e-12	0.39639395050554	0.249	0.116
0	LHFPL3	8.95171127052126e-08	8.05517076443918e-12	0.252160062483049	0.29	0.141
0	LARP1	8.98507906867584e-08	8.08519667837293e-12	0.218622792035198	0.35	0.182
0	GRIK3	9.24366218477518e-08	8.31788192637018e-12	0.543960635618103	0.485	0.294
0	TTC7B	9.32352719709737e-08	8.3897482201902e-12	0.32623882192797	0.182	0.073
0	GPX4	9.80022405926976e-08	8.81870247392222e-12	0.540026951372934	0.112	0.034
0	RPL22L1	1.009755722658e-07	9.08625684025916e-12	1.30103943464395	0.102	0.03
0	PAQR7	1.02415175400339e-07	9.21579910018349e-12	0.229497942606618	0.307	0.153
0	KIF13B	1.05284957246875e-07	9.47403556617246e-12	0.212143579008415	0.278	0.136
0	NDUFA6	1.06332559065639e-07	9.56830370427782e-12	0.833558245234581	0.104	0.03
0	TBC1D8B	1.06517615149973e-07	9.58495592099096e-12	0.432787977711519	0.231	0.104
0	RPS15A	1.08601037502206e-07	9.77243206174804e-12	0.204074678900635	0.315	0.159
0	ARL3	1.08905457873082e-07	9.79982523828686e-12	0.675409796591694	0.17	0.067
0	PRMT1	1.09240030901785e-07	9.82993169277284e-12	0.372678541486366	0.207	0.089
0	KCNJ9	1.10249130587226e-07	9.92073522786161e-12	0.316441939977422	0.235	0.107
0	SMARCA2	1.14105887049395e-07	1.02677843111127e-11	0.768782736060475	0.145	0.052
0	NANOS1	1.2229751856716e-07	1.10049058370521e-11	0.904304677549101	0.112	0.035
0	GPI	1.23798180439996e-07	1.11399424493833e-11	0.796717791390251	0.141	0.05
0	GOLM2	1.30837227839006e-07	1.17733490361744e-11	0.24609101214383	0.364	0.192
0	GPR85	1.33932545928944e-07	1.20518803139516e-11	0.376262456918796	0.342	0.179
0	RASGRF1	1.35817040746253e-07	1.22214560196394e-11	0.405916632615915	0.254	0.12
0	DDOST	1.39617904035601e-07	1.25634755723568e-11	0.476607930075605	0.186	0.077
0	LIMK1	1.47359130729932e-07	1.32600675542097e-11	0.315353834303912	0.319	0.161
0	SLC7A13	1.52195748858367e-07	1.36952891980894e-11	0.727942820571969	0.121	0.039
0	VSTM2B	1.57779885676579e-07	1.4197776088957e-11	0.493548848389912	0.19	0.08
0	TKT	1.60483858089919e-07	1.44410922424115e-11	0.637455343158996	0.17	0.068
0	SMG5	1.6319014973601e-07	1.46846170913354e-11	0.470304891669825	0.149	0.055
0	CCT2	1.63799499923414e-07	1.47394492867285e-11	0.508346253494265	0.155	0.059
0	NDUFS3	1.64799220922125e-07	1.4829408883481e-11	0.756706560454664	0.137	0.049
0	FAM13C	1.651644298881e-07	1.48622721036714e-11	0.698934523106868	0.223	0.102
0	RCAN1	1.77001610119381e-07	1.59274372464124e-11	0.37167472326247	0.219	0.098
0	HNRNPR	1.79641848811152e-07	1.61650183398859e-11	0.514090354183831	0.256	0.123
0	NAV2	1.84373167562106e-07	1.65907646505989e-11	0.250743670360285	0.442	0.253
0	UQCR11	1.91115516421255e-07	1.71974729075187e-11	1.50341201599974	0.108	0.033
0	TMCO1	1.99907963323492e-07	1.79886586271476e-11	0.700397822948466	0.149	0.056
0	SLCO4A1	2.04199305915077e-07	1.83748138140086e-11	0.320143755991603	0.204	0.09
0	PSD2	2.12701607656255e-07	1.91398909076087e-11	0.431641430950624	0.209	0.092
0	SYT16	2.18703747359465e-07	1.9679991663769e-11	0.240677646330431	0.425	0.235
0	TTC39A	2.28937604896813e-07	2.06008822907237e-11	0.702290432471681	0.147	0.055
0	UNC119	2.32632389458087e-07	2.09333563806432e-11	0.21165563605655	0.196	0.084
0	TP53INP2	2.34493066844191e-07	2.11007888818672e-11	0.858431788038001	0.143	0.052
0	TMEM25	2.37458159199005e-07	2.13676018355984e-11	0.912424107815827	0.141	0.051
0	TUBG1	2.45976565419002e-07	2.21341280859355e-11	0.751454512251892	0.145	0.054
0	LRCH2	2.46276823896235e-07	2.21611467557127e-11	0.28705089584046	0.286	0.142
0	RALGPS1	2.50566249699384e-07	2.25471294609362e-11	0.216558106180272	0.509	0.297
0	TNKS2	2.51116007656729e-07	2.25965992672302e-11	0.560570412217445	0.211	0.094
0	KIFAP3	2.52024377236018e-07	2.26783386336739e-11	0.457879457976797	0.266	0.129
0	RABAC1	2.61925753229776e-07	2.35693110078085e-11	0.596924841047503	0.219	0.1
0	TMEFF2	2.63118734018436e-07	2.36766610292843e-11	0.206178409440539	0.546	0.328
0	ATP6V1D	2.65881924284653e-07	2.39253058836185e-11	0.516365837311663	0.19	0.08
0	GUCY1A2	2.69134354748884e-07	2.42179748716714e-11	0.254091393848039	0.401	0.218
0	TAOK2	2.69453583443843e-07	2.42467005708488e-11	0.257559084980557	0.519	0.309
0	GALNT17	2.72324196888648e-07	2.45050118679608e-11	0.739952529115147	0.19	0.081
0	FNDC5	2.78342978915922e-07	2.50466101787026e-11	0.417982907805087	0.192	0.081
0	DDX42	2.78720795635089e-07	2.50806079038144e-11	0.290211060464292	0.26	0.126
0	GRB2	2.80429973456243e-07	2.52344077617424e-11	0.24005970867281	0.27	0.131
0	MGST3	2.84946951001741e-07	2.56408666428274e-11	0.435411973699386	0.174	0.07
0	CLHC1	2.87175316371224e-07	2.58413854378857e-11	0.2125445847032	0.288	0.143
0	NPDC1	2.89071542553298e-07	2.6012016786943e-11	0.215132404284816	0.521	0.309
0	CHD8	3.15895935535525e-07	2.84258018118892e-11	0.705420197720796	0.137	0.049
0	ASIC1	3.16291248531331e-07	2.8461373934251e-11	0.70504238621378	0.223	0.104
0	LMO3	3.18912017775666e-07	2.86972030752872e-11	0.258879568044752	0.182	0.075
0	UQCRFS1	3.30083569297527e-07	2.97024718165686e-11	0.922838298958488	0.119	0.039
0	UNC79	3.56095396756926e-07	3.20431383745997e-11	0.265404936125405	0.356	0.191
0	RPL27	3.65417149713486e-07	3.28819535421115e-11	0.302953198241543	0.278	0.137
0	ANKDD1A	3.65878503147883e-07	3.29234682936996e-11	0.393636499470178	0.211	0.093
0	ASPHD2	3.68858369677381e-07	3.31916106971457e-11	0.44587685904086	0.225	0.103
0	BRK1	3.71988368253958e-07	3.34732626881993e-11	0.309644982406849	0.194	0.083
0	FAM184A	3.72359847278253e-07	3.35066901177228e-11	0.209025855475577	0.687	0.457
0	DENND4A	3.80523672283383e-07	3.42413094828923e-11	0.355178497887051	0.27	0.132
0	DGKG	3.92570889708464e-07	3.53253747600526e-11	0.202603491125565	0.444	0.247
0	JAGN1	3.98689714368028e-07	3.58759753773084e-11	0.669468316706466	0.215	0.099
0	TTC27	4.00351648960951e-07	3.60255240673941e-11	0.750216442075549	0.17	0.07
0	EEF1G	4.1836215571224e-07	3.76461941610942e-11	0.278013138384583	0.303	0.155
0	DNAJC8	4.28760664334121e-07	3.85819008669235e-11	0.955459858290251	0.102	0.031
0	GNG13	4.34235961513622e-07	3.90745938552706e-11	1.06419698791899	0.117	0.038
0	EFNB3	4.35170367700375e-07	3.91586761180937e-11	0.299459103738411	0.474	0.278
0	ARL6IP1	4.46112676331499e-07	4.01433165060289e-11	0.307943633537111	0.358	0.192
0	MAPK13	4.51628561746501e-07	4.06396618146766e-11	0.277545486111207	0.172	0.069
0	GNG3	4.70196395469357e-07	4.23104828101644e-11	0.332643113585604	0.166	0.066
0	PRKD1	4.78635497937576e-07	4.30698729359828e-11	0.379468677778038	0.219	0.099
0	CHN1	4.94415425037553e-07	4.44898249831326e-11	0.82669191223443	0.157	0.062
0	FAU	5.29552103189939e-07	4.76515885170466e-11	0.366094817403274	0.229	0.107
0	CBX4	5.38756724297068e-07	4.84798636099225e-11	0.688846315704588	0.168	0.068
0	ESRRG	5.63514809065188e-07	5.07077125047411e-11	1.41613004934234	0.121	0.041
0	RAP1GAP	5.71721276114222e-07	5.14461690015497e-11	0.587104707963886	0.452	0.269
0	EIF3CL	5.85586797128655e-07	5.26938537864352e-11	0.658542180803357	0.215	0.098
0	CAMSAP2	5.99905453423491e-07	5.39823138147657e-11	0.350880312784801	0.476	0.283
0	UBE2QL1	6.17924694050386e-07	5.56037698236647e-11	0.233439184155771	0.419	0.239
0	DGKE	6.18974589177729e-07	5.56982443244605e-11	0.319955574614206	0.258	0.124
0	MAP3K9	6.28202323131907e-07	5.65285992200042e-11	0.426022478921129	0.174	0.071
0	GPR45	6.31303781561737e-07	5.68076830344405e-11	0.82763023334271	0.172	0.071
0	CDC37	6.35813452787914e-07	5.72134844585543e-11	0.201103745605979	0.215	0.097
0	DRD1	6.37661253714345e-07	5.73797582753842e-11	0.743464602589808	0.174	0.073
0	MTURN	6.37740135656803e-07	5.73868564435169e-11	0.236531540182853	0.227	0.105
0	TPRG1L	6.54140029283469e-07	5.88625959941932e-11	0.78032213460554	0.141	0.052
0	EIF3J	6.81120583362595e-07	6.12904331290016e-11	0.525159654966441	0.131	0.046
0	SLC45A1	7.11594981931589e-07	6.40326628211634e-11	0.571624050867665	0.127	0.044
0	PAFAH1B2	7.26600568668552e-07	6.53829360810359e-11	0.749475418523604	0.121	0.041
0	RPS16	7.32863306903699e-07	6.59464867185908e-11	0.241869605659384	0.297	0.151
0	COPG2	7.53545343356349e-07	6.78075536179563e-11	0.692807792691688	0.129	0.045
0	ARG2	7.56872037128168e-07	6.81069051676566e-11	1.08957007777901	0.129	0.046
0	PHRF1	7.59720754252185e-07	6.83632461308544e-11	0.35468342433197	0.268	0.132
0	CYTH3	7.61712140161445e-07	6.85424403996621e-11	0.924655494309209	0.135	0.05
0	FAT1	7.71336426610222e-07	6.94084789534979e-11	0.423276360428957	0.321	0.172
0	AP1M1	7.75078225317096e-07	6.97451835973271e-11	0.595587383846488	0.153	0.06
0	TOB2	7.79276599629928e-07	7.01229730612731e-11	0.352826478425484	0.192	0.083
0	STK39	8.18398755988333e-07	7.36433686662767e-11	0.518007200592331	0.143	0.054
0	TOX2	8.29320132739279e-07	7.46261255051992e-11	0.40082072090333	0.391	0.223
0	TCF7L2	8.29927069697521e-07	7.46807405468839e-11	0.863190398154603	0.37	0.236
0	MKNK1	8.5839121521613e-07	7.7242078216155e-11	0.538777420345172	0.243	0.118
0	GFOD1	8.81285267115878e-07	7.93021926676755e-11	0.262154339059167	0.243	0.116
0	SYK	8.94502340068325e-07	8.04915270465513e-11	0.421329854567331	0.198	0.088
0	SSR2	8.99411532591815e-07	8.09332792757865e-11	0.715532962168424	0.157	0.063
0	NDUFS2	9.23150405037924e-07	8.30694146529221e-11	0.530823279402188	0.131	0.047
0	TENT5D	9.23549477539576e-07	8.31053250732994e-11	0.431099463071494	0.229	0.109
0	CCDC6	9.30756075392199e-07	8.37538086378295e-11	0.385763709606558	0.147	0.056
0	KIF21B	9.59770159600047e-07	8.63646323765002e-11	0.237824189259509	0.315	0.164
0	ARL8B	9.77754622079697e-07	8.79829588841624e-11	0.409922911862269	0.192	0.084
0	DAPK3	9.88765838769439e-07	8.89737999432592e-11	0.739293925236187	0.115	0.038
0	SUCLG1	9.93199681054275e-07	8.93727779226379e-11	0.267549220089062	0.176	0.073
0	TAOK1	1.01549812239523e-06	9.13792965351601e-11	0.538960070862483	0.309	0.16
0	CADM1	1.04463629423785e-06	9.40012862627423e-11	0.622356875479638	0.871	0.657
0	PA2G4	1.05231096659604e-06	9.46918893724505e-11	0.878853916490634	0.117	0.039
0	SSBP3	1.10082913285832e-06	9.90577821342861e-11	0.526266901974085	0.151	0.059
0	JKAMP	1.14360026625151e-06	1.02906529852561e-10	0.368738774519094	0.225	0.105
0	ATP6V1F	1.18753898201382e-06	1.06860342123083e-10	0.405271056242569	0.211	0.096
0	SART3	1.19567488861611e-06	1.07592449259076e-10	0.736035822222714	0.194	0.087
0	AP2S1	1.24538080014879e-06	1.12065220925834e-10	0.612937717149907	0.151	0.06
0	PDE8B	1.24787640878252e-06	1.12289787526548e-10	0.466607550080438	0.26	0.129
0	NCKAP5	1.2481505568741e-06	1.12314456661036e-10	0.361250487296758	0.307	0.16
0	TBC1D30	1.25636500596345e-06	1.13053631419369e-10	0.470068048209344	0.207	0.094
0	RPL8	1.27318123810833e-06	1.14566835067788e-10	0.448915819801382	0.221	0.103
0	MRPS9	1.39231474066416e-06	1.25287027865037e-10	0.826784240366801	0.123	0.043
0	SMS	1.40476659570086e-06	1.2640750433734e-10	0.679735057691913	0.11	0.036
0	DPM2	1.40815061923826e-06	1.26712014688946e-10	0.858172282152492	0.141	0.054
0	CCDC134	1.41092181538587e-06	1.26961379950137e-10	0.805428179202268	0.135	0.05
0	SKA2	1.43405667956434e-06	1.2904316382294e-10	0.659378455820633	0.178	0.076
0	ACOT7	1.43608115861873e-06	1.29225335968571e-10	0.353781534351537	0.196	0.087
0	NCAN	1.46518767336067e-06	1.31844477041363e-10	0.260802782388494	0.683	0.47
0	TBC1D24	1.49579942945962e-06	1.34599066810008e-10	1.04894297319412	0.133	0.049
0	DAAM1	1.55958503189516e-06	1.40338795275368e-10	0.23485985396898	0.219	0.1
0	PHF20	1.63802918932666e-06	1.47397569452592e-10	0.337677808412241	0.243	0.117
0	GOT2	1.63811177862319e-06	1.47405001225879e-10	0.522537906564859	0.192	0.085
0	NDUFA11	1.64089853889288e-06	1.47655767019966e-10	0.349357294271684	0.176	0.075
0	BRINP3	1.64860352106181e-06	1.4834909754898e-10	0.228107139876069	0.247	0.119
0	NDUFB3	1.67669695776257e-06	1.50877077095525e-10	0.576193194833688	0.135	0.05
0	PLS3	1.70543640369267e-06	1.5346318759045e-10	1.16363369138663	0.112	0.037
0	NDUFA2	1.73593204361277e-06	1.56207328679274e-10	0.275210583998986	0.18	0.078
0	TIMM50	1.74258713410604e-06	1.56806185018091e-10	0.260025238318457	0.215	0.099
0	RYBP	1.74808918899501e-06	1.57301285790967e-10	0.576813118947737	0.141	0.054
0	FAM234B	1.75028755055839e-06	1.57499104702456e-10	0.450992604189415	0.149	0.059
0	ADCY3	1.75492197323143e-06	1.57916131848414e-10	0.303093867258015	0.329	0.176
0	NMBR	1.78542630800088e-06	1.60661055340671e-10	0.947128339073178	0.149	0.06
0	JPH3	1.81981173281787e-06	1.63755217566622e-10	0.23525120159793	0.517	0.315
0	EVI5L	1.88713869736627e-06	1.69813614448508e-10	0.413133614082924	0.319	0.17
0	PTDSS2	1.89279559959247e-06	1.70322649112973e-10	0.348129152622848	0.241	0.116
0	GK2	1.91635535415457e-06	1.72442666620586e-10	0.407254433260486	0.141	0.053
0	MCU	2.01312769981885e-06	1.81150697365144e-10	0.511647649968769	0.188	0.083
0	NDUFV3	2.08998232756818e-06	1.88066438186644e-10	0.256558006631821	0.172	0.072
0	RNF157	2.15425016935646e-06	1.93849560816743e-10	0.248665363179025	0.393	0.223
0	ZFPM1	2.16296777063518e-06	1.94634011575199e-10	0.767188605090101	0.172	0.074
0	PTGES3	2.17977088466206e-06	1.9614603479367e-10	0.554161365923939	0.192	0.086
0	TMED4	2.21502053229897e-06	1.99317963853053e-10	0.388517377593695	0.155	0.062
0	SHANK1	2.25022545521175e-06	2.02485868371434e-10	0.218949171564186	0.354	0.193
0	COX10	2.345805019569e-06	2.11086567044813e-10	0.542932400316869	0.131	0.048
0	SLC39A6	2.37513204896925e-06	2.13725551063552e-10	0.516562178206752	0.145	0.056
0	GULP1	2.39657162504046e-06	2.15654784940202e-10	0.687443042260024	0.17	0.073
0	MTMR7	2.47051108363496e-06	2.22308205132274e-10	0.444787585931631	0.194	0.086
0	RNF111	2.53548926033628e-06	2.28155247038269e-10	0.210725004807831	0.252	0.123
0	SOCS7	2.56949406536053e-06	2.31215159305366e-10	0.320507164832757	0.18	0.077
0	EDIL3	2.64332387347465e-06	2.37858712631571e-10	0.324630188191767	0.401	0.231
0	KCNH2	2.6663821322319e-06	2.39933603188329e-10	0.307937925715412	0.374	0.217
0	TMUB2	2.74581319603153e-06	2.47081183841584e-10	0.765378706106445	0.119	0.041
0	ADAR	2.96463064389775e-06	2.6677140681164e-10	0.570258860560363	0.141	0.054
0	SOX4	3.03192135265691e-06	2.72826541227113e-10	0.663084718710787	0.119	0.041
0	ASPG	3.09943654852722e-06	2.78901876048521e-10	0.443902850553562	0.139	0.053
0	FKBP8	3.36684341481097e-06	3.02964403384412e-10	0.472002011627208	0.115	0.039
0	DCUN1D4	3.43039260916423e-06	3.08682858738795e-10	0.305394895044682	0.16	0.065
0	B3GALT2	3.4352875381397e-06	3.09123327466904e-10	0.765875371134489	0.243	0.122
0	FGR	3.50121869730045e-06	3.15056123216094e-10	0.725273162499887	0.129	0.047
0	MAPRE2	3.524464752167e-06	3.17147912549897e-10	0.330321406682248	0.223	0.105
0	EPHB3	3.53234182758538e-06	3.17856728838781e-10	0.24311018776261	0.307	0.162
0	TMEM121	3.63013844261827e-06	3.26656928157857e-10	0.529332075285531	0.241	0.119
0	ARFGEF2	3.72468886235274e-06	3.35165019558421e-10	0.433644030655511	0.182	0.08
0	GNRHR	3.75974310899309e-06	3.3831936551724e-10	1.03046214613992	0.104	0.034
0	PVALB	3.81687241926763e-06	3.4346012951207e-10	1.46547629348917	0.112	0.039
0	C11orf87	3.84074646979257e-06	3.45608428848427e-10	0.306080691604882	0.178	0.077
0	RAB28	3.86598687447483e-06	3.47879679157278e-10	0.204697687790139	0.207	0.094
0	ACTR1A	3.9947778550482e-06	3.59468897241807e-10	0.409183883507568	0.202	0.093
0	USP31	4.09565867689756e-06	3.68546627994021e-10	0.338324490588435	0.254	0.127
0	YJEFN3	4.2617538576266e-06	3.8349265343531e-10	0.318338811106659	0.241	0.119
0	STIM1	4.30801278598098e-06	3.87655249345899e-10	0.612790683329438	0.274	0.142
0	HNRNPA0	4.40770597900577e-06	3.96626111671535e-10	0.643443700933781	0.145	0.057
0	HECA	4.42772708567309e-06	3.98427705000728e-10	0.553317122186423	0.176	0.077
0	PRRC2C	4.61352328766263e-06	4.1514652098107e-10	0.536954037662525	0.135	0.051
0	RPL4	4.71523917670757e-06	4.2429939500653e-10	0.288478173802805	0.239	0.117
0	MTCL3	4.85709564250166e-06	4.37064306892978e-10	0.239739655295037	0.286	0.15
0	PAPSS1	4.89511098542282e-06	4.40485106219997e-10	0.45153618345223	0.164	0.069
0	ZMYND8	4.96985885935787e-06	4.47211271426066e-10	0.43036737482235	0.288	0.15
0	SLC39A10	4.99296680704888e-06	4.49290633226751e-10	0.6358719487926	0.151	0.061
0	G3BP2	5.09584101570318e-06	4.58547738297776e-10	0.320797575485803	0.268	0.138
0	SDHAF3	5.16691780742501e-06	4.64943562262666e-10	0.62133251469369	0.102	0.033
0	NDUFS5	5.17015831203324e-06	4.65235158106114e-10	0.810007628179349	0.119	0.042
0	KIF26A	5.21748522296481e-06	4.69493856111294e-10	0.553484937577839	0.115	0.04
0	POU3F2	5.54218300098911e-06	4.98711689101872e-10	0.5621939439244	0.131	0.049
0	PRADC1	5.54521050584729e-06	4.98984118226158e-10	1.10198430207496	0.108	0.037
0	ADGRB1	5.8813470292368e-06	5.29231263316548e-10	0.439541797848428	0.777	0.546
0	EIF5AL1	6.00656929417908e-06	5.40499351586347e-10	0.583352706763477	0.123	0.045
0	SNTG1	6.05672287761328e-06	5.45012406876026e-10	0.331320765967773	0.319	0.173
0	PRSS12	6.06197937751001e-06	5.45485411455953e-10	0.678883715600251	0.104	0.034
0	TEX2	6.07273765208705e-06	5.46453491594263e-10	0.407935847699239	0.207	0.097
0	SCML4	6.36146239768866e-06	5.72434301960646e-10	0.883555524068959	0.123	0.045
0	GOLGA8Q	6.37880027375887e-06	5.73994445582549e-10	0.452384722465474	0.16	0.066
0	KCNIP2	6.39609007072225e-06	5.75550262820323e-10	0.343962457298821	0.411	0.242
0	AP1S2	6.48058473935154e-06	5.83153490448262e-10	0.240452754622179	0.29	0.155
0	MGAT5B	6.87841933357113e-06	6.18952518093326e-10	0.718914558852183	0.493	0.316
0	SDK1	6.96493277268941e-06	6.26737404183336e-10	0.300145335287983	0.35	0.196
0	FRS3	7.09910556328141e-06	6.38810902841844e-10	0.541829212359624	0.149	0.06
0	DEF8	7.15355072646342e-06	6.43710134658816e-10	0.763350042064554	0.121	0.044
0	SP100	7.34169196637965e-06	6.60639968179578e-10	0.366559089451692	0.282	0.148
0	SNTG2	7.3991761661633e-06	6.65812666801341e-10	0.545656945813212	0.247	0.127
0	ASB1	7.57274115273905e-06	6.8143086050023e-10	0.295336837793203	0.125	0.046
0	SQOR	7.59968498888638e-06	6.83855393582865e-10	0.837123480137187	0.106	0.036
0	RPL3	7.63936714859741e-06	6.8742618092301e-10	0.464163835302076	0.172	0.075
0	SCG2	8.01802537512729e-06	7.21499628824556e-10	0.304480278151079	0.724	0.53
0	STUB1	8.02540810916998e-06	7.22163961951766e-10	0.698932722456619	0.225	0.112
0	PSMD13	8.13561773828321e-06	7.32081142651238e-10	0.725955466302301	0.135	0.052
0	ABHD8	8.14849350702217e-06	7.33239764871967e-10	0.421720914185653	0.176	0.078
0	PTPN11	8.48575900825607e-06	7.63588500697928e-10	0.394137251116216	0.162	0.068
0	SEC61A1	8.67494104211126e-06	7.80611989751755e-10	0.792990212254407	0.106	0.036
0	VIPR1	8.7396425561286e-06	7.86434136248412e-10	1.20295530738909	0.133	0.052
0	RNF126	8.76408591198029e-06	7.88633664355286e-10	0.455000548764722	0.145	0.058
0	TECPR2	8.95270711917929e-06	8.05606687589246e-10	0.362893225025644	0.141	0.056
0	PPP1R14C	9.08298460528069e-06	8.17329668431629e-10	0.470813027702043	0.162	0.068
0	TOMM20	9.09576597658031e-06	8.18479796326852e-10	0.284157481867296	0.125	0.046
0	PSMD14	9.63205664401789e-06	8.66737752543678e-10	0.742525194778256	0.117	0.042
0	RAB5A	9.80260914340383e-06	8.82084868478704e-10	0.344388042639295	0.145	0.058
0	GDE1	1.00899495036651e-05	9.07941105341947e-10	0.396538996026319	0.221	0.107
0	TOLLIP	1.0626974949518e-05	9.56265180375956e-10	0.599414487086079	0.108	0.037
0	CRIPT	1.0780337158163e-05	9.70065433111044e-10	0.676548834461399	0.131	0.05
0	VDAC2	1.09012910156653e-05	9.80949430006772e-10	0.752744633139111	0.117	0.042
0	AGFG1	1.10170728475846e-05	9.91368023718582e-10	0.396883499644549	0.192	0.088
0	PXK	1.12630185638007e-05	1.01349937584817e-09	0.358357947606287	0.147	0.06
0	USP10	1.17609907679864e-05	1.05830925654516e-09	0.214464033220594	0.215	0.102
0	CERS4	1.18725350962592e-05	1.06834653975157e-09	0.357883643159349	0.264	0.137
0	OSTC	1.19932226949502e-05	1.07920657742736e-09	0.460822511943631	0.133	0.051
0	DIP2C	1.22377747839463e-05	1.10121252442601e-09	0.350486251470725	0.188	0.086
0	ASS1	1.22716784805271e-05	1.1042633384799e-09	0.736574928789717	0.119	0.044
0	EIF5	1.23092678993393e-05	1.10764581115264e-09	0.247146196073159	0.227	0.111
0	LURAP1	1.25642196293262e-05	1.13058756675301e-09	0.577973250981829	0.172	0.075
0	RPL10A	1.25653282983709e-05	1.13068733000728e-09	0.23230722669474	0.196	0.091
0	VPS51	1.27791600173904e-05	1.14992891364982e-09	0.678938142796826	0.121	0.045
0	NDUFB8	1.3210977614129e-05	1.18878589167003e-09	0.93391120396146	0.123	0.046
0	PCYOX1L	1.34032807511952e-05	1.20609023226808e-09	0.244399052853443	0.151	0.062
0	APBB1	1.36123326893471e-05	1.22490170875076e-09	0.308581647658107	0.327	0.181
0	EIF3D	1.3838139599452e-05	1.24522087640169e-09	0.450621033728485	0.135	0.052
0	NSD3	1.44304559156318e-05	1.29852028395859e-09	0.239379978437986	0.209	0.099
0	DYNLRB1	1.45702452542273e-05	1.31109918601883e-09	0.799395708643727	0.129	0.05
0	PRDX5	1.50487629423953e-05	1.35415845787773e-09	0.964328536203854	0.112	0.04
0	DLD	1.50824175235117e-05	1.35718685535064e-09	0.405679639535085	0.115	0.041
0	CSNK2B	1.53935291260738e-05	1.38518214038278e-09	0.671159509851202	0.137	0.055
0	DDHD1	1.57891743808492e-05	1.42078416096906e-09	0.355053828088166	0.223	0.108
0	DDX6	1.58251470567139e-05	1.42402115150849e-09	0.237103522566851	0.213	0.102
0	EPHX4	1.58619671142082e-05	1.42733439343185e-09	0.460687877001188	0.147	0.061
0	CBFA2T3	1.63974041926331e-05	1.47551553969523e-09	0.605291366549051	0.209	0.103
0	CCDC85A	1.65585211344755e-05	1.49001359979083e-09	0.681449172853318	0.219	0.107
0	NDUFS6	1.81781778243107e-05	1.63575792534065e-09	0.759213945872816	0.125	0.047
0	SF3B2	1.90615040095268e-05	1.71524376941661e-09	0.602501836556938	0.135	0.054
0	USP8	1.91614920543402e-05	1.72424116389276e-09	0.435571753945953	0.129	0.05
0	EDEM3	1.9240442875762e-05	1.73134553007847e-09	0.430470377778711	0.139	0.056
0	EPHA6	1.92627252004434e-05	1.73335059843817e-09	1.37678233832915	0.415	0.256
0	UBR5	1.97416040559663e-05	1.7764423698341e-09	0.31077735067034	0.196	0.092
0	APEH	2.06945035660699e-05	1.86218874885898e-09	0.772708561105946	0.102	0.035
0	PPP2R5D	2.09917567654074e-05	1.88893698959844e-09	0.29820015627176	0.176	0.078
0	CHMP4B	2.14378459106711e-05	1.92907818866832e-09	0.210630462144188	0.211	0.1
0	FMN1	2.14441757874953e-05	1.92964778075185e-09	0.513706705730639	0.153	0.065
0	CTNND1	2.18860404164735e-05	1.96940883798015e-09	0.42481868261585	0.28	0.148
0	SEC63	2.19634235992432e-05	1.97637214066797e-09	0.480399606791761	0.141	0.057
0	SPRYD7	2.34565203154831e-05	2.11072800463269e-09	0.560655410915	0.11	0.04
0	PGAP1	2.46028245120037e-05	2.21387784684637e-09	0.536747961186145	0.145	0.06
0	MEX3B	2.46844455624104e-05	2.22122249279316e-09	0.289117945684601	0.221	0.109
0	EEF1B2	2.50493025126815e-05	2.25405403695505e-09	0.425363990623154	0.18	0.082
0	TAFA3	2.58816072465262e-05	2.32894873090311e-09	0.571570170830189	0.55	0.355
0	KIF3A	2.59748718542474e-05	2.33734111889205e-09	0.21293198150756	0.249	0.128
0	NDUFC2	2.64252202845262e-05	2.37786558845732e-09	0.402440450786722	0.213	0.104
0	OXCT1	2.6699025315032e-05	2.40250385269792e-09	0.267895164949585	0.209	0.1
0	MFSD2B	2.69995776211569e-05	2.42954896258048e-09	0.542301163776075	0.174	0.078
0	ABCC9	2.7036588667789e-05	2.43287939060461e-09	0.320253977801882	0.223	0.11
0	METTL22	2.7071007382855e-05	2.43597654844371e-09	0.238739558810312	0.243	0.123
0	SLC25A13	2.74665522596265e-05	2.47156953654517e-09	0.881687663446833	0.143	0.06
0	ZC4H2	2.81840775744306e-05	2.53613583860619e-09	0.396569989815599	0.168	0.075
0	RRAGA	3.04926906217655e-05	2.74387569709039e-09	0.520087524731759	0.11	0.04
0	KCNK1	3.10941975669812e-05	2.79800212066779e-09	0.386450754850951	0.239	0.122
0	FAM78B	3.14409100987066e-05	2.829200944723e-09	0.71468230752323	0.117	0.044
0	MMUT	3.19343763640143e-05	2.87360535985012e-09	0.768396561051323	0.115	0.042
0	VPS41	3.22477788672655e-05	2.90180679089944e-09	0.383518394599408	0.164	0.072
0	DNAJC9	3.33925217735311e-05	3.00481614087385e-09	0.740732827146447	0.102	0.035
0	BAG5	3.35408208730969e-05	3.0181607912442e-09	0.266700766043751	0.215	0.105
0	PPEF1	3.36962607795976e-05	3.03214800500294e-09	0.803674045425341	0.117	0.044
0	GATA3	3.44409870771888e-05	3.0991619794105e-09	0.809768454539379	0.11	0.04
0	ALKBH5	3.45131801087085e-05	3.10565824788162e-09	0.263769268072389	0.127	0.049
0	SH3BP5	3.59106472734752e-05	3.2314089150972e-09	0.508370939104432	0.194	0.092
0	CALN1	3.66510746368326e-05	3.29803605118623e-09	0.396698909516612	0.286	0.157
0	RCCD1	3.67353683279027e-05	3.30562119390828e-09	0.549330885009104	0.211	0.104
0	SF3A3	3.67401223952644e-05	3.30604898724597e-09	0.600744175873117	0.112	0.041
0	NDUFB9	3.71144207524672e-05	3.33973011360273e-09	0.68743019962995	0.127	0.05
0	CTNNBIP1	3.74937557255398e-05	3.37386445834067e-09	0.32093254553802	0.182	0.084
0	ELOC	3.78098054867572e-05	3.40230410211079e-09	0.809153152279424	0.117	0.044
0	DAZAP2	3.98524534049733e-05	3.58611116754911e-09	0.4278287625117	0.164	0.073
0	NACC2	4.02409096241657e-05	3.62106628490648e-09	0.546975911052587	0.155	0.068
0	UBE2O	4.09818826201532e-05	3.68774251958546e-09	0.319917732704146	0.213	0.103
0	ALG11	4.14170368789962e-05	3.72689974615281e-09	0.428436775908734	0.166	0.074
0	UQCRC2	4.19928321581161e-05	3.77871251310322e-09	0.477461931530145	0.139	0.057
0	TAF7	4.25284549502689e-05	3.82691037076117e-09	0.847642892478059	0.129	0.052
0	NDUFB1	4.2926885036695e-05	3.86276298359534e-09	0.8744293343241	0.123	0.048
0	PRPF18	4.38728236526128e-05	3.94788298862709e-09	0.422315423077965	0.17	0.076
0	NUP93	4.44059621465533e-05	3.99585729744923e-09	0.215034336185212	0.301	0.162
0	HMBOX1	4.48444717292439e-05	4.03531645183514e-09	0.312837884270335	0.223	0.112
0	UBR3	4.64957856952559e-05	4.18390944796688e-09	0.233602314658858	0.207	0.1
0	GAK	4.66992412964749e-05	4.20221733973499e-09	0.532925159682168	0.133	0.054
0	KIRREL3	4.8134741544958e-05	4.33139040267776e-09	0.207453559357338	0.429	0.258
0	RXYLT1	4.90062754472318e-05	4.40981512168018e-09	0.290732178886293	0.196	0.093
0	FXR2	5.01260687523467e-05	4.51057938921504e-09	0.443287775234902	0.153	0.066
0	PRP4K	5.0180997420588e-05	4.51552212909097e-09	0.741612289758704	0.115	0.043
0	FAM135B	5.05607291761158e-05	4.54969217818013e-09	0.289877461610456	0.256	0.133
0	SPCS3	5.14800468993128e-05	4.63241671009743e-09	0.28079973361048	0.237	0.121
0	ZBTB5	5.17175454332095e-05	4.6537879450382e-09	0.511975737288564	0.131	0.052
0	PTDSS1	5.1757376720837e-05	4.65737215160955e-09	0.300019894661045	0.294	0.157
0	DNAJB7	5.23202603874076e-05	4.70802307094462e-09	0.273811593755822	0.28	0.153
0	UBA7	5.282332679774e-05	4.75329135226672e-09	0.271996445092712	0.217	0.107
0	CNBP	5.38918948676407e-05	4.84944613224518e-09	0.469830361740912	0.172	0.078
0	DACT3	5.78531363686841e-05	5.20589727064556e-09	0.78104461289996	0.112	0.042
0	SYT4	5.83519136084931e-05	5.25077959223369e-09	0.400705117038757	0.243	0.128
0	OLFM3	5.92208205926685e-05	5.32896792879227e-09	0.886186824090405	0.117	0.044
0	NELL2	6.03723458728757e-05	5.43258758866874e-09	0.220673725924342	0.384	0.227
0	RNF145	6.04130393321119e-05	5.4362493774959e-09	0.462018932916932	0.202	0.099
0	WDR37	6.07281995577935e-05	5.46460897667538e-09	0.314139437123353	0.184	0.087
0	ME3	6.14139429316078e-05	5.52631539022836e-09	0.255391881570671	0.133	0.054
0	UBR2	6.15544767421505e-05	5.53896128337537e-09	0.348366834046854	0.151	0.065
0	RPS6KB2	6.54726123549838e-05	5.89153355124483e-09	0.472811678058385	0.188	0.09
0	NDUFAB1	6.58250827592601e-05	5.92325049574913e-09	0.610216292735294	0.117	0.044
0	HSPA4	6.8524105641959e-05	6.16612126716089e-09	0.632463017495919	0.157	0.07
0	CD2BP2	7.07558625698889e-05	6.3669452505974e-09	0.436346728405993	0.11	0.041
0	HM13	7.57504257588191e-05	6.81637953377298e-09	0.317291545115877	0.162	0.071
0	GPR12	7.58478126524062e-05	6.8251428644296e-09	0.391676434655256	0.166	0.075
0	RPL30	7.67669268272416e-05	6.90784908010813e-09	0.373339118101749	0.17	0.078
0	OPN5	7.84046459916862e-05	7.0552187520639e-09	0.915136869934926	0.125	0.05
0	UBE2B	7.88918824024919e-05	7.09906257558642e-09	0.728321524129152	0.188	0.092
0	FADS2	7.93546951328814e-05	7.14070864149027e-09	0.297077608246263	0.178	0.081
0	HDGF	8.08406168939853e-05	7.27441886925091e-09	0.200164340673599	0.133	0.054
0	TRPC4	8.11550633031547e-05	7.30271423586382e-09	0.605775733834766	0.17	0.078
0	RGS20	8.20971266266057e-05	7.38748552385545e-09	0.246311450647036	0.223	0.113
0	TMEM9	8.44979639617293e-05	7.60352415744887e-09	0.526538932571079	0.164	0.074
0	CCT7	8.61136501364218e-05	7.74891119737441e-09	0.622081434491899	0.137	0.057
0	CBLN2	8.64143935237187e-05	7.7759735016394e-09	0.501555401161713	0.198	0.098
0	SSB	8.64861068405209e-05	7.78242660312435e-09	0.882369270809352	0.115	0.044
0	HSPA4L	8.66808431718861e-05	7.79994989398777e-09	0.704588133367836	0.115	0.044
0	SHISA8	9.03591769606778e-05	8.13094366603777e-09	0.207175718294557	0.458	0.278
0	NDUFS4	9.03681630030502e-05	8.13175227238821e-09	0.35785695000392	0.145	0.062
0	KIFC2	9.05951888799982e-05	8.15218112840801e-09	0.49541767960842	0.186	0.089
0	TMCC2	9.13817075151171e-05	8.22295577387898e-09	0.674062209577354	0.133	0.055
0	MTAP	9.24608893253343e-05	8.32006562812331e-09	0.564185377141213	0.1	0.035
0	MEAF6	9.33519768638417e-05	8.40024987526696e-09	1.0022316526155	0.115	0.044
0	CORO1C	9.47734311244756e-05	8.52815901417039e-09	0.394589131930337	0.153	0.068
0	PPP2R2D	9.8159574274081e-05	8.83286009845056e-09	0.550622897353539	0.121	0.047
0	ATG2B	9.9812469945178e-05	8.98159542384396e-09	0.210179540004516	0.106	0.039
0	RBM27	9.98599001185071e-05	8.98586341388528e-09	0.863514763118662	0.106	0.039
0	AVL9	0.000100590517668128	9.0516078168027e-09	0.591317717667241	0.145	0.062
0	STAT1	0.000103695640859484	9.33102140371494e-09	0.608639584459365	0.121	0.047
0	ATAD2B	0.000107523445091599	9.67546522915492e-09	0.346465282580571	0.196	0.095
0	CAND1	0.000112340139871491	1.01088940764412e-08	0.596772260982823	0.155	0.07
0	SENP6	0.000113901892895487	1.0249427957841e-08	0.202293973196894	0.221	0.112
0	LMTK2	0.000114273857430306	1.02828990758847e-08	0.340589844990107	0.254	0.134
0	CCT6B	0.000114411012125774	1.02952409003666e-08	0.795619566293948	0.106	0.039
0	RAB39B	0.000114754835061148	1.03261797049534e-08	0.458957509465621	0.221	0.111
0	ZIC3	0.000116546629079723	1.04874137568364e-08	0.293063776361103	0.245	0.131
0	ID4	0.000116935960069941	1.05224475902043e-08	0.386084492740038	0.233	0.123
0	CBX5	0.000117214012568829	1.05474680616242e-08	0.503249233205975	0.157	0.07
0	IRS4	0.000117253568451389	1.05510274859524e-08	0.459457498687308	0.17	0.078
0	HMGCLL1	0.000121062238983374	1.08937495710766e-08	0.251876597856276	0.178	0.083
0	SUB1	0.000124884751629178	1.12377172346961e-08	0.236376131394275	0.151	0.066
0	MIDN	0.000125428234819327	1.12866224079301e-08	0.290740835056778	0.26	0.14
0	BAALC	0.000129742905348892	1.16748767523524e-08	0.425930438524572	0.17	0.079
0	RNF213	0.000130951232879163	1.17836077458079e-08	0.25039950970023	0.194	0.094
0	ATP5F1D	0.000131027195695028	1.17904432372022e-08	0.540542489809382	0.147	0.064
0	TRIP12	0.000132198757487011	1.18958658766319e-08	0.315665603319993	0.243	0.128
0	GDAP1	0.000135306183765974	1.21754867061977e-08	0.796161731029936	0.11	0.042
0	SDHB	0.000141229639850702	1.27085071403494e-08	0.568519912260049	0.135	0.057
0	ZSWIM6	0.000141791985949164	1.2759109686778e-08	0.219831464518616	0.303	0.17
0	GIT2	0.000142099668930732	1.27867964483696e-08	0.26282522304675	0.229	0.118
0	TVP23A	0.00014880017169363	1.33897391967633e-08	0.438226666062142	0.1	0.036
0	PDPK1	0.000149606923337593	1.34623345035178e-08	0.719760938935418	0.106	0.04
0	ARIH2	0.000155270708108695	1.3971988491739e-08	0.323235088858983	0.174	0.081
0	C1orf226	0.000156163594956794	1.40523346492211e-08	0.361220200783086	0.264	0.146
0	KHDRBS3	0.000158594225091102	1.42710541789888e-08	0.479996474020253	0.247	0.133
0	SSR1	0.000159730878755706	1.43733356209579e-08	0.232615616894645	0.182	0.086
0	G3BP1	0.000168966926176616	1.52044386013332e-08	0.707321779647417	0.112	0.044
0	RAB11A	0.000173349232240247	1.55987791091737e-08	0.370323223897634	0.145	0.063
0	WDFY2	0.000173987067635552	1.56561745375283e-08	0.31729810801003	0.209	0.105
0	MTCH2	0.00017403485516401	1.56604746840646e-08	0.465805343231907	0.127	0.052
0	ETFA	0.000177223061209882	1.59473644569317e-08	0.867294694815436	0.1	0.036
0	STK35	0.000181356551091065	1.63193153145924e-08	0.321444929865598	0.227	0.118
0	FGF11	0.000182205306269659	1.63956902969189e-08	1.2830732106834	0.192	0.095
0	RIPOR1	0.000183532896172753	1.65151530795243e-08	0.321911333121131	0.135	0.056
0	WIPI1	0.000187883435834892	1.69066350971737e-08	0.42988741081775	0.17	0.079
0	ZNF827	0.000188099523397122	1.69260796721967e-08	0.306222786156507	0.331	0.189
0	ATPAF1	0.000192357822556561	1.73092614556431e-08	0.731538549105546	0.106	0.04
0	ENTREP1	0.000193127704251441	1.73785390309944e-08	0.614659980900076	0.119	0.047
0	PAK6	0.000195404676064599	1.75834316624313e-08	0.481840571811698	0.145	0.064
0	ARHGAP22	0.000197511828751474	1.77730431702938e-08	0.229524807559126	0.155	0.069
0	KDM3B	0.000198939770461496	1.7901536080401e-08	0.308348771421145	0.184	0.089
0	CRIP2	0.000218672573098271	1.96771864571467e-08	0.263168309515459	0.204	0.102
0	STRN4	0.00022134982676322	1.99180983319733e-08	0.324577648515429	0.143	0.062
0	RNF141	0.000222200827522498	1.99946753822099e-08	0.961114978990574	0.1	0.037
0	EFL1	0.000222713962705632	2.0040849699058e-08	0.393322329896379	0.102	0.037
0	SPHKAP	0.000225491946805106	2.02908257720783e-08	0.430541835595742	0.225	0.117
0	MINAR1	0.000238651946959128	2.14750244721613e-08	0.327713488028229	0.166	0.076
0	MEGF11	0.000242394172483866	2.1811767523069e-08	0.371812308722945	0.168	0.08
0	RTF1	0.000250536534941999	2.254445558733e-08	0.332437706611717	0.194	0.096
0	TTC17	0.00025372661436195	2.28315139352066e-08	0.577971771590421	0.143	0.062
0	SOD1	0.000254587752157416	2.29090031636296e-08	0.497171737563172	0.176	0.084
0	KCNG2	0.000261305903706857	2.35135340328316e-08	1.2040421930661	0.104	0.04
0	SSR4	0.000262070696500223	2.35823536848936e-08	0.514731548240545	0.117	0.046
0	CCKBR	0.000263483418645762	2.37094770670172e-08	0.427424850180301	0.178	0.086
0	SPIRE2	0.00026829636783364	2.41425688683199e-08	0.240523739408023	0.194	0.095
0	RAB5C	0.000288585715074384	2.59682997457378e-08	0.397589710443625	0.164	0.076
0	ZNF804A	0.00030465292224408	2.74141026045245e-08	0.799697350665105	0.209	0.109
0	SGCD	0.000306286226055843	2.75610749622823e-08	0.315845585544626	0.695	0.515
0	HS3ST3B1	0.000311171803958141	2.80007022368524e-08	0.637209990004241	0.211	0.109
0	GBE1	0.000346928205294937	3.12182313772102e-08	0.327600262489789	0.176	0.085
0	ZNF747	0.000349185076783518	3.14213152869179e-08	0.293924740570082	0.29	0.165
0	ADAM19	0.000349765301154946	3.14735266044224e-08	0.695676517786314	0.121	0.049
0	MPPE1	0.000358125292745629	3.22257979614531e-08	0.358255169964259	0.243	0.132
0	PGBD5	0.000369706996585083	3.32679741370541e-08	0.26634961021368	0.245	0.131
0	MCF2L	0.000387860655494799	3.49015257351569e-08	0.440307836561756	0.18	0.087
0	KHSRP	0.000393769731527379	3.54332521845927e-08	0.779513480043788	0.151	0.07
0	EFNA2	0.000407315996147909	3.66522087778196e-08	1.36494891242703	0.233	0.132
0	SEMA3F	0.000407335644258869	3.6653976807241e-08	1.33655732343304	0.217	0.118
0	SHF	0.000419900892440465	3.77846569279641e-08	0.577832377846761	0.225	0.123
0	DNAJB14	0.000426165859688685	3.83484081425974e-08	0.215194617436452	0.153	0.069
0	CAPZA1	0.00042832360447677	3.85425721656411e-08	0.557591788520647	0.121	0.05
0	ASIC4	0.000440840287912772	3.96688822021751e-08	0.478679209367392	0.211	0.111
0	ST13	0.000441356783857407	3.97153589361475e-08	0.323216649378484	0.166	0.078
0	UBE2L5	0.000464354241417847	4.17847783152926e-08	0.300226099398169	0.157	0.073
0	PTPRM	0.000481315040622911	4.33109907876281e-08	0.382540563130814	0.229	0.123
0	VPS35	0.00048451709690166	4.35991268695815e-08	0.286439086496156	0.168	0.079
0	TGOLN2	0.000490846721930277	4.41686962953547e-08	0.404447846593774	0.18	0.089
0	TCF25	0.000494590152205624	4.45055477553878e-08	0.42361977010925	0.129	0.055
0	SARS1	0.000512214557334532	4.60914746094242e-08	0.633368160055446	0.131	0.057
0	TMEM258	0.000522205659224028	4.69905209416024e-08	0.617649440177856	0.102	0.039
0	UPF1	0.000528884511332194	4.75915154622689e-08	0.305778182345257	0.137	0.06
0	CNNM1	0.000544422517539401	4.898969832983e-08	0.3005581104955	0.135	0.059
0	SOD2	0.000552376762138137	4.97054586644594e-08	0.55696386019955	0.125	0.053
0	ANKRD34A	0.000564222918837729	5.07714315520318e-08	0.566584904251205	0.119	0.049
0	CACFD1	0.000612553587279058	5.51204523782109e-08	0.417472676535266	0.133	0.057
0	LUZP1	0.000632123655344733	5.68814591329733e-08	0.536797309787282	0.151	0.07
0	AEBP2	0.000651426370825175	5.86184082448641e-08	0.371871407671798	0.141	0.062
0	SEPTIN6	0.00066623938999506	5.99513533694826e-08	0.246612671708828	0.18	0.088
0	CNTN4	0.000691440092111737	6.2219031054777e-08	0.285097915080646	0.266	0.147
0	CPNE8	0.000695794688980415	6.26108781589503e-08	0.418773719520155	0.303	0.181
0	ZC2HC1A	0.000712186763171843	6.40859140800723e-08	0.366975636596677	0.153	0.071
0	NECAP1	0.000727048081290653	6.54232053712457e-08	0.866492752121029	0.117	0.049
0	UBR7	0.000760159841154418	6.84027572351677e-08	0.669498291512579	0.1	0.038
0	RHOT1	0.00077360688031568	6.96127850549519e-08	0.465807017504401	0.125	0.053
0	SLC25A10	0.000798446451230593	7.18479664564558e-08	0.315061078890324	0.104	0.04
0	RPS13	0.000810516655794058	7.2934100224427e-08	0.236219431571934	0.229	0.123
0	SEPTIN2	0.000844821354245553	7.60209983123866e-08	0.304773857055893	0.166	0.079
0	CHD3	0.000847103226239722	7.62263318851545e-08	0.23085980087266	0.348	0.207
0	RASSF8	0.000849217341250464	7.64165698956595e-08	0.630837706253043	0.157	0.074
0	GOLGA7B	0.000875236324818529	7.87578803940006e-08	0.638781451483688	0.106	0.042
0	MRPL11	0.000875571117415055	7.87880066062319e-08	0.219488588514417	0.17	0.082
0	TMTC3	0.0008871890096518	7.98334391840007e-08	0.400010357543751	0.174	0.085
0	ABCA3	0.000943439215724522	8.48950972486747e-08	0.681107788134587	0.143	0.066
0	ZNF148	0.000949052078823187	8.54001690653457e-08	0.53901645908581	0.106	0.042
0	SNX13	0.00100162880444605	9.01312700842305e-08	0.371470152354297	0.112	0.046
0	WDR26	0.00100179458647341	9.0146187930659e-08	0.360852966014662	0.153	0.072
0	CTDSPL2	0.00100510706787299	9.04442605842695e-08	0.464684541798867	0.202	0.105
0	HID1	0.00101648455237215	9.14680601432688e-08	0.429500139570986	0.153	0.073
0	TMEM214	0.00103229658434373	9.2890901137742e-08	0.340577499208201	0.135	0.06
0	AMPD2	0.00104026514336324	9.36079495512682e-08	0.462729578945489	0.209	0.108
0	KCNB2	0.00104877886499174	9.4374054260032e-08	0.856763447904811	0.157	0.076
0	PIN1	0.00106293867808342	9.56482208299671e-08	0.642169093116209	0.108	0.044
0	PSMC4	0.0011401583058171	1.02596806066507e-07	0.476379341498211	0.121	0.051
0	BLTP3B	0.00116400712146301	1.04742834649781e-07	0.244276137326755	0.202	0.105
0	BEND5	0.00117024119289256	1.05303805713359e-07	0.310657252444458	0.143	0.065
0	NOSIP	0.00117646222083341	1.05863603062486e-07	0.433841303664931	0.108	0.044
0	EMC4	0.00118286532692609	1.06439784659956e-07	0.499595571308923	0.117	0.049
0	UBE2A	0.00122700319641008	1.10411517718895e-07	0.340638852949765	0.11	0.045
0	RNF166	0.0012314893247258	1.10815200641213e-07	0.327927517055466	0.139	0.062
0	GUK1	0.00127249094479972	1.14504719229705e-07	0.496359271127756	0.106	0.042
0	ARPC2	0.00127962272234387	1.1514647011103e-07	0.239197410848909	0.117	0.049
0	TNR	0.00128106127417428	1.15275917769664e-07	0.22489287753595	0.425	0.28
0	NDUFB4	0.00128602983717736	1.15723012433848e-07	0.382178065768257	0.11	0.045
0	VANGL1	0.0013113906072741	1.18005093788725e-07	0.273007518850568	0.166	0.081
0	TMEM132C	0.00132210467752233	1.18969196213654e-07	1.05583449538325	0.71	0.541
0	CHMP2A	0.00133885866490029	1.20476798785232e-07	0.556216590575629	0.102	0.04
0	COPB1	0.0013742465336761	1.23661165632692e-07	0.499295342424164	0.127	0.055
0	ZNRF1	0.00139755159991831	1.25758265087583e-07	0.351360113475392	0.188	0.095
0	CLC	0.00140847677911383	1.2674136408835e-07	0.288883279224599	0.102	0.04
0	TAF13	0.00143348524081648	1.2899174307716e-07	0.350230526251758	0.121	0.051
0	ASH1L	0.00147296330407517	1.32544164858739e-07	0.288132504297563	0.442	0.279
0	PRPF40A	0.00147415749973702	1.32651624200218e-07	0.78164790670441	0.119	0.05
0	EPS8	0.00148503153256878	1.33630120810652e-07	0.696209306317055	0.11	0.045
0	ENC1	0.00148677885608183	1.33787353197321e-07	0.606282989280537	0.131	0.058
0	NDUFB11	0.00149962635417212	1.34943431492137e-07	0.542238026023633	0.117	0.049
0	EDF1	0.001506524104236	1.35564123480248e-07	0.429701391558863	0.137	0.062
0	API5	0.00150820662335292	1.35715524462605e-07	0.679276181401068	0.1	0.039
0	ATP5F1A	0.00151635803714831	1.36449027008757e-07	0.298109950493573	0.127	0.056
0	USP53	0.0016235700081973	1.46096464338819e-07	0.381700815554206	0.184	0.094
0	ERGIC2	0.00168874317703855	1.51961052554536e-07	0.428841083026537	0.139	0.064
0	HNRNPAB	0.00175281958079174	1.57726948689979e-07	0.432731198964123	0.131	0.058
0	SENP3	0.00179057887714833	1.61124707743034e-07	0.259628017841067	0.162	0.078
0	ILKAP	0.00181787759441093	1.63581174697285e-07	0.243987237114438	0.164	0.079
0	C6orf136	0.00188564585396706	1.69679281379201e-07	0.227505413802344	0.149	0.07
0	CTSL	0.00193070584368479	1.73733991153135e-07	0.737388320737161	0.125	0.055
0	ZNF512	0.00193465877040085	1.74089694088081e-07	0.371216661238589	0.123	0.053
0	CISD1	0.00196803712509757	1.77093235408762e-07	0.491076478335663	0.1	0.039
0	MACROH2A1	0.00201586588054648	1.81397091743587e-07	0.237078175089028	0.19	0.098
0	TMED9	0.00205985115465159	1.85355093552739e-07	0.533345434797051	0.133	0.06
0	LRP3	0.00217146249200234	1.95398406551097e-07	0.790776243183683	0.1	0.04
0	GLRX	0.00222063486135679	1.99823167583621e-07	0.657662417802868	0.11	0.046
0	UFM1	0.00223679675634112	2.01277490897248e-07	0.697863226977495	0.145	0.069
0	CYGB	0.00226700719867079	2.03995968565715e-07	0.651232660166186	0.117	0.05
0	TLE4	0.00235052342392622	2.11511151257646e-07	0.398993701524986	0.198	0.103
0	LBH	0.00240224599565832	2.16165391492695e-07	0.597565752638841	0.119	0.051
0	DRAP1	0.00245062098700233	2.2051840070209e-07	0.431375924098241	0.102	0.041
0	RAB35	0.00247596537566053	2.22799007978091e-07	0.527221989352899	0.1	0.04
0	STAT3	0.00251112069797926	2.25962449201769e-07	0.222981136016045	0.198	0.104
0	SSH2	0.00263705048397397	2.37294203543055e-07	0.305393272273337	0.166	0.082
0	NECAB1	0.00263838993245402	2.37414733416181e-07	0.505015713743528	0.19	0.099
0	UBQLN4	0.00271935734860788	2.44700562279122e-07	0.278214250786236	0.121	0.052
0	DOCK11	0.0028765746856753	2.58847717598785e-07	0.427162218912933	0.133	0.06
0	CPD	0.0028822272571751	2.59356362564123e-07	0.219809682031502	0.166	0.081
0	XK	0.00298462963111593	2.68571009728779e-07	0.339439871650243	0.133	0.06
0	NPNT	0.00301930183082849	2.71690977308422e-07	0.617966381342695	0.282	0.17
0	ZFAND3	0.00305888696481808	2.75253033817879e-07	0.309750164240064	0.141	0.065
0	VPS53	0.00308917971451806	2.77978917890584e-07	0.712862309134783	0.1	0.04
0	KCTD17	0.00318539367638816	2.86636702635486e-07	0.323191978756705	0.172	0.086
0	ERCC3	0.00321619276751302	2.89408149690724e-07	0.549540325062669	0.1	0.04
0	CLPTM1L	0.0032740404147743	2.94613553025673e-07	0.651348390095829	0.119	0.052
0	RXFP1	0.00328883812659812	2.95945120723308e-07	0.826584955814857	0.125	0.056
0	ROMO1	0.00330200995151248	2.97130383470933e-07	0.465703042370925	0.115	0.049
0	TMEM121B	0.00341781774339191	3.07551313182031e-07	0.525317002716905	0.131	0.059
0	EPHA5	0.0034888164929617	3.1394011454708e-07	0.534044292538064	0.384	0.246
0	KLHL29	0.00357550366009615	3.21740633500958e-07	0.235409341514165	0.812	0.593
0	OCRL	0.00359212591734547	3.23236382376088e-07	0.219269127179401	0.141	0.065
0	SHISA4	0.00360730739559923	3.2460248318179e-07	0.286692343345447	0.153	0.074
0	NKX2-2	0.00361050491003793	3.24890210567617e-07	0.487311814746207	0.117	0.05
0	CBX3	0.00369095613172341	3.32129589824836e-07	0.379022319654559	0.139	0.065
0	NDUFB10	0.00372711747506946	3.35383557551468e-07	0.631177016008941	0.104	0.043
0	BMERB1	0.00389069647706468	3.50103165397704e-07	0.229583007040828	0.157	0.077
0	VMA21	0.00392528323482805	3.53215444508958e-07	0.234112007175856	0.115	0.049
0	FOXP4	0.00394828149272324	3.55284935905988e-07	1.11014657616131	0.104	0.044
0	HTR7	0.00399784592401712	3.59744976515533e-07	0.557282661542766	0.145	0.07
0	UBA2	0.00401430863051249	3.61226368263519e-07	0.385018220845462	0.1	0.04
0	NGEF	0.00405200303502417	3.64618288043208e-07	0.209807368208768	0.172	0.086
0	ARMC1	0.00406337799688226	3.65641860603101e-07	0.798479058978487	0.139	0.066
0	YAF2	0.00420125521772252	3.78048701315803e-07	0.307463574899229	0.162	0.08
0	RAB3IP	0.00425645853370163	3.83016155286748e-07	0.412394583148844	0.147	0.071
0	CETN1	0.00461303903811976	4.1510294592997e-07	0.409264745146012	0.104	0.043
0	REEP1	0.00463553697394847	4.17127415994643e-07	0.417842907042538	0.139	0.065
0	PPP1R2	0.00471163113464408	4.23974726414477e-07	0.579954859394321	0.102	0.042
0	CHM	0.00472349144341332	4.25041972771827e-07	0.35665081573966	0.106	0.044
0	PFKFB1	0.00475907900375757	4.28244308805685e-07	0.43612498492072	0.16	0.079
0	USP14	0.00493056898489816	4.43675783757595e-07	0.564810652235527	0.1	0.041
0	HIPK1	0.00517086442542919	4.65298697510051e-07	0.509197523922544	0.18	0.093
0	CDH10	0.0052101253834251	4.68831583139126e-07	0.452014609652859	0.19	0.102
0	FAM91A1	0.00537570923520904	4.83731596797358e-07	0.370532612177567	0.168	0.085
0	BLTP3A	0.00551604306576977	4.96359494805163e-07	0.571705888374979	0.117	0.051
0	AIDA	0.00552384990463396	4.97061990878607e-07	0.460522782785225	0.117	0.051
0	KCNA3	0.00612706152821824	5.51341809432039e-07	0.430365504936793	0.135	0.064
0	SEMA3A	0.00617391270391101	5.55557698543238e-07	0.551997645469073	0.139	0.066
0	PRAF2	0.00628516854177101	5.65569022025646e-07	0.29574143441578	0.131	0.06
0	THAP12	0.00645352596672253	5.80718614840505e-07	0.255603553899725	0.135	0.063
0	SKP1	0.00651274104010146	5.86047065607978e-07	0.366592439756091	0.16	0.08
0	ACAT1	0.00665553799523744	5.98896607148154e-07	0.216801480498065	0.153	0.075
0	PLPPR3	0.00670194504564005	6.03072531777202e-07	0.265244627063562	0.219	0.121
0	ACTR2	0.00672761096250083	6.05382071672891e-07	0.399144604676297	0.121	0.054
0	FREM2	0.00697228107316272	6.27398638816046e-07	0.467907939122351	0.202	0.111
0	GTF2F2	0.00715803922576908	6.44114030933959e-07	0.612346370688654	0.108	0.046
0	HDAC1	0.00717031039723	6.4521824864843e-07	0.924502338209693	0.112	0.049
0	GOLGA7	0.00723679862724456	6.51201172252727e-07	0.252582813822274	0.178	0.092
0	PFDN4	0.00730339148300287	6.57193510573461e-07	0.257038939863242	0.104	0.044
0	RPL19	0.00760779820811281	6.84585459202089e-07	0.434787377126959	0.147	0.071
0	TBC1D10B	0.00778254563873113	7.0031005477649e-07	0.530539038632367	0.106	0.045
0	CAT	0.00779507032951523	7.01437085351861e-07	0.203308605931811	0.123	0.055
0	MACO1	0.00785559509358853	7.06883388246966e-07	0.232920454841388	0.258	0.148
0	CCNG1	0.00814336370284407	7.32778160968602e-07	0.513327073804966	0.147	0.073
0	PPP4C	0.00821206858090824	7.38960548988413e-07	0.436611042595272	0.123	0.056
0	OPCML	0.00846331359980479	7.61568757293691e-07	0.20821691700791	0.562	0.386
0	PLCG1	0.00862603012543815	7.76210755461005e-07	0.22222605876891	0.108	0.046
0	HCN2	0.00878600994487237	7.90606491934884e-07	0.529572985029196	0.137	0.066
0	TAPT1	0.00942209893043238	8.47844770127993e-07	0.200757551454933	0.174	0.09
0	RGMB	0.00944377222925318	8.49795035476755e-07	0.300395823668261	0.1	0.041
0	PAIP2B	0.00965844351516416	8.69112167296334e-07	0.337260255553486	0.172	0.089
0	ABCF1	0.00977946387472271	8.80002148359822e-07	0.46384795567734	0.157	0.08
0	SGCB	0.009828481075111	8.84412946559075e-07	0.406716461567951	0.196	0.109
0	CHRM3	0.00985536306337566	8.86831914278382e-07	0.699664169976057	0.145	0.071
0	NMT2	0.00996591861466321	8.96780222681833e-07	0.576564300811227	0.11	0.049
0	SRP54	0.0101155157341555	9.1024167498925e-07	0.673275439481704	0.106	0.046
0	FKBP2	0.0111873105289025	1.00668681084338e-06	0.314382077538845	0.143	0.069
0	TMED10	0.0114191419327952	1.02754809077613e-06	0.284705312696685	0.147	0.073
0	DDX39A	0.0120675527185633	1.08589514249647e-06	1.1289685306288	0.117	0.052
0	EFNA5	0.012074492573999	1.08651962332395e-06	0.227090559763096	0.172	0.09
0	PWWP4	0.0134002645290475	1.20581881841514e-06	0.408813948782919	0.1	0.042
0	PCP4	0.0140731062678004	1.26636428217407e-06	0.392183375059963	0.176	0.093
0	TACR1	0.0141741729855954	1.27545874071767e-06	0.25315275503439	0.176	0.093
0	RASGEF1C	0.0147455852175282	1.32687710047046e-06	0.496729945826801	0.164	0.085
0	ENTPD7	0.0148750400992958	1.33852605950651e-06	0.222339003820875	0.145	0.071
0	TUSC2	0.0149265670097494	1.3431626932196e-06	0.417288724938558	0.115	0.051
0	PCDH8	0.0149721260273271	1.34726230786711e-06	0.576742559145243	0.129	0.061
0	SMARCB1	0.0155852852870486	1.40243726149992e-06	0.445782192538544	0.125	0.058
0	ANKRD13D	0.0157000483302305	1.41276417981017e-06	0.243109418386452	0.104	0.045
0	DOLPP1	0.0158074757238027	1.42243100187193e-06	0.269132623957145	0.102	0.044
0	LRRC8A	0.0161865801330561	1.45654459939315e-06	1.104834939103	0.174	0.092
0	NDUFA12	0.0163377570266492	1.4701482072032e-06	0.504170898933361	0.108	0.048
0	ADARB2	0.0176765654388603	1.59062048401514e-06	0.782181190280064	0.278	0.18
0	PDHX	0.0177445388998851	1.59673705569019e-06	0.286688202457219	0.129	0.061
0	ENTREP3	0.0192137069925395	1.72893970957793e-06	0.309429250902507	0.149	0.075
0	PTCHD1	0.0197910212491243	1.78088916126378e-06	0.523651496029612	0.104	0.046
0	CAB39	0.0200069513821061	1.80031957006264e-06	0.295748067127181	0.129	0.062
0	KANK4	0.020149939823094	1.81318634240025e-06	0.232506942848227	0.115	0.051
0	OPA1	0.0202576347312959	1.82287723668639e-06	0.31063614200404	0.137	0.068
0	CNIH4	0.0202842295923532	1.82527036734934e-06	0.561823579597212	0.102	0.044
0	SLC7A6OS	0.0204113164528047	1.83670624069151e-06	0.204257261183655	0.102	0.044
0	CCSAP	0.0209443227556511	1.88466865433736e-06	0.330282824800374	0.11	0.05
0	EDC4	0.0221397953818038	1.99224290306882e-06	0.233093723791585	0.17	0.089
0	GID8	0.0223472917976026	2.01091440633516e-06	0.351698809654839	0.115	0.052
0	TMEM248	0.0223544027265432	2.01155428116109e-06	0.219776924512896	0.184	0.099
0	TLE3	0.0244427558701827	2.19947411771643e-06	0.306967798014654	0.204	0.113
0	HTR4	0.0265413707372018	2.38831735239825e-06	0.242265676620065	0.274	0.169
0	TSHZ3	0.026818387858002	2.41324465562872e-06	0.591857867805427	0.151	0.078
0	TBCA	0.0269978927396796	2.42939734902183e-06	0.304570691018216	0.104	0.046
0	USP30	0.0276944299659919	2.49207504418176e-06	0.23616135320157	0.112	0.051
0	ECPAS	0.0278029865941713	2.5018434800838e-06	0.255230613690658	0.119	0.055
0	GPR137B	0.0284565626569537	2.56065532772012e-06	0.331194857798405	0.166	0.087
0	UBA3	0.0287696491975946	2.58882832696793e-06	0.49296595452084	0.104	0.046
0	TMEM106B	0.0294519273787757	2.65022292619236e-06	0.356662261144373	0.121	0.057
0	DDIT3	0.030361472519006	2.73206807513777e-06	0.284116437389428	0.127	0.061
0	TBC1D22B	0.0312623141987278	2.81313004577772e-06	0.319994046200859	0.11	0.05
0	TM2D3	0.0317680525691662	2.85863876263531e-06	0.420855380538344	0.1	0.044
0	GRID2IP	0.0340354026440477	3.06266558481487e-06	0.250783261838577	0.106	0.047
0	EXOC3	0.0351688997435205	3.16466298420953e-06	0.206405517426816	0.123	0.058
0	RIF1	0.0359411402927108	3.23415282036451e-06	0.274839870921645	0.106	0.048
0	MIF	0.0359877259055528	3.23834481288156e-06	0.306085887179054	0.102	0.045
0	ETF1	0.0363185799114357	3.26811661220514e-06	0.395299795546691	0.117	0.055
0	AIMP1	0.0363687293302266	3.27262929274063e-06	0.492678006101998	0.106	0.048
0	DIPK2A	0.0366775168098481	3.30041544226114e-06	0.209036849314193	0.139	0.07
0	MCCC2	0.0367970505104547	3.31117164676097e-06	0.333838152699422	0.121	0.057
0	C5orf24	0.0374695587358755	3.3716870994219e-06	0.287331169427814	0.186	0.103
0	DUSP4	0.037947257200997	3.4146726537386e-06	0.426181776809611	0.125	0.06
0	ZDHHC3	0.0393196059389126	3.53816304678418e-06	0.220371445496163	0.186	0.102
0	RELN	0.0405659028474755	3.65031070345321e-06	1.39121330594406	0.104	0.048
0	CABP1	0.0413124369497888	3.71748735263105e-06	0.53224826483948	0.135	0.068
0	TMEM229B	0.0423435226169521	3.81026928974643e-06	0.321844804389033	0.127	0.061
0	CDK11B	0.0434504612287588	3.90987683152694e-06	0.322432815184057	0.123	0.059
0	GPRIN1	0.0449072270674151	4.04096347227707e-06	0.722302204336143	0.11	0.051
0	GDAP1L1	0.0456787617410808	4.1103897904329e-06	0.350954921918926	0.149	0.077
0	WBP2NL	0.0476498904430793	4.28776122046966e-06	0.404913364398928	0.115	0.054
0	ILF2	0.0476549382660566	4.28821544731905e-06	0.28152632321832	0.121	0.057
4	TAC1	9.51034846288858e-157	8.55785878060702e-161	4.10161942452601	0.736	0.053
4	KCNIP4	2.75310226095249e-124	2.47737088180733e-128	3.45927853123191	0.971	0.182
4	TEAD3	1.97509459191463e-89	1.77728299461409e-93	4.26533187843723	0.364	0.018
4	AQP6	3.63559212170277e-87	3.27147675848355e-91	4.11614306389425	0.3	0.01
4	R3HDM1	2.91506220683425e-85	2.62311005744106e-89	3.1737036139537	0.993	0.468
4	PLCH1	2.52431183108128e-83	2.27149449390919e-87	3.02711264262243	0.7	0.111
4	CBLN1	2.33808700451748e-82	2.10392063755735e-86	3.05926791546382	0.743	0.13
4	KCNH5	1.00021163999703e-81	9.00037469627494e-86	2.93000642938268	0.85	0.194
4	RBFOX3	7.33662170505872e-79	6.60183722222507e-83	4.97693927773682	0.993	0.589
4	P3H2	8.36815497767139e-78	7.53005936981138e-82	3.42957677924491	0.457	0.042
4	TRARG1	3.21071218734389e-77	2.88914981314127e-81	3.86139679668195	0.443	0.04
4	NRN1L	6.67154132295193e-75	6.00336661833162e-79	3.13620324342199	0.521	0.059
4	PRKG2	9.340630209701e-72	8.40513831521731e-76	3.55841353344889	0.536	0.071
4	MEF2C	2.17418970698629e-71	1.95643814180355e-75	3.49059950507835	0.643	0.107
4	KCNQ5	8.04406959623661e-68	7.23843210315541e-72	2.64233404284902	0.829	0.209
4	KCTD16	8.26151602337492e-68	7.43410062393136e-72	2.46918558421392	0.921	0.297
4	SHISA8	1.79636105360695e-66	1.61645015172047e-70	2.36351412909648	0.871	0.281
4	TGFA	1.14853439822953e-64	1.03350526251195e-68	5.73898461642453	0.2	0.005
4	FAM163B	1.42908224173034e-62	1.28595540513844e-66	3.16389714629087	0.671	0.146
4	CACNA1A	7.95589253517226e-62	7.15908623699474e-66	2.23538410204852	0.964	0.476
4	GRIK1	1.66652509833353e-61	1.49961765349908e-65	2.94336640819082	0.593	0.103
4	NFIX	1.98175189620367e-61	1.78327355007979e-65	1.62883945831198	0.986	0.367
4	RIN1	1.09118976531267e-58	9.81903865124331e-63	3.40774072102773	0.4	0.043
4	GABRD	1.9744561753382e-58	1.77670851735643e-62	2.77187280616094	0.657	0.141
4	CBLN3	3.40991055059125e-57	3.06839786789458e-61	5.08627829724534	0.221	0.009
4	IGF1	2.8391757591106e-56	2.55482386314281e-60	4.07665699715599	0.279	0.019
4	EPHA3	2.89235037502302e-56	2.60267288313058e-60	2.41280708990677	0.55	0.091
4	ZEB2	4.9858442769275e-56	4.48649714472015e-60	2.19417953449615	0.886	0.291
4	NECAB2	2.31798253514414e-54	2.08582969058232e-58	2.10662704994079	0.921	0.348
4	PTH1R	1.5571754731687e-53	1.40121971849968e-57	3.97089618080812	0.264	0.017
4	DRP2	2.03619172541055e-51	1.83226106848785e-55	2.98801528896116	0.7	0.194
4	GASK1A	1.06592827092244e-50	9.5917238452483e-55	4.08065842424255	0.2	0.008
4	ADCY1	2.68661509699576e-50	2.41754260505333e-54	3.354819296152	0.743	0.23
4	GABRA6	9.89510707904129e-48	8.90408267708206e-52	2.97405648844714	0.471	0.079
4	BRINP2	2.49998783862917e-46	2.24960662164057e-50	2.29385488814677	0.979	0.626
4	PCDH15	3.18517587385684e-46	2.8661710373948e-50	2.23314263619496	0.75	0.225
4	PTPRD	1.59561162086108e-45	1.43580637169178e-49	1.82200948478583	0.914	0.36
4	UST	5.3875033085522e-45	4.84792882979592e-49	2.23849523785364	0.479	0.083
4	PRMT8	4.7499100114931e-44	4.27419239763619e-48	2.56335730563726	0.364	0.047
4	ZBTB18	3.37055300608541e-43	3.03298209852012e-47	2.40791988134622	0.514	0.104
4	RTN4RL1	3.70918341524073e-41	3.33769766511358e-45	2.52144560538152	0.936	0.526
4	GPC6	8.91337224680152e-41	8.02067150796501e-45	1.93272117494578	0.879	0.385
4	PRICKLE1	1.87300384073198e-39	1.6854169357797e-43	3.45996187277789	0.321	0.041
4	TSHZ2	4.82736134969718e-39	4.34388675397929e-43	2.92375930574959	0.379	0.059
4	BCL11A	6.95925745373168e-39	6.26226712294761e-43	1.47649111654902	0.857	0.294
4	SYT7	9.57613112664683e-38	8.6170531149526e-42	2.18449600744054	0.936	0.483
4	GRM5	2.09763663167391e-36	1.88755208465213e-40	2.52096891901426	0.879	0.413
4	RAVER2	5.20827543621074e-36	4.68665116189215e-40	1.81897971696343	0.821	0.348
4	NELL2	5.92761009990335e-36	5.33394231971867e-40	1.97013479867286	0.693	0.232
4	NRP2	1.26232944123653e-35	1.13590339353598e-39	1.41109979532501	0.893	0.407
4	CRHR2	1.25091171060908e-34	1.12562918258713e-38	2.15221208385775	0.386	0.066
4	MGAT5B	4.00428522822312e-34	3.60324415389464e-38	0.9569385775498	0.814	0.324
4	KCND2	6.49494855203398e-34	5.84446013860702e-38	2.26951811431888	0.771	0.286
4	NXPH1	1.02216824404595e-33	9.19795054482095e-38	1.3542852997665	0.621	0.162
4	AK5	2.02763976062086e-32	1.82456560840535e-36	1.31482229775458	0.829	0.346
4	LMX1B	3.90732000046806e-32	3.5159902820733e-36	2.77632562909742	0.286	0.039
4	RPS6KA3	1.24810342287678e-31	1.12310215322305e-35	1.90010569242021	0.564	0.156
4	GRM2	3.88674955570568e-30	3.49748002853026e-34	1.67206894719371	0.686	0.24
4	SBK1	4.46787220216275e-30	4.02040151368915e-34	2.59567996370419	0.386	0.078
4	NEGR1	2.93277915347215e-29	2.63905259918307e-33	1.26108849249688	0.936	0.635
4	PATJ	1.33857837987668e-28	1.2045157742074e-32	2.07966473797688	0.5	0.137
4	HS6ST3	1.73207685587425e-28	1.55860420757154e-32	1.68579143020607	0.593	0.191
4	CA10	5.5442734984932e-28	4.98899801898065e-32	1.85717351240487	0.921	0.569
4	OLFM1	6.76711480066381e-28	6.08936812801567e-32	1.83411514872386	0.857	0.416
4	NFIB	7.64771432310451e-28	6.88177298938586e-32	1.54049998008835	0.636	0.201
4	GPR153	1.96944624721592e-26	1.77220034843509e-30	1.48912811526408	0.75	0.31
4	ANK1	3.562093286866e-26	3.2053390505408e-30	1.90043032685697	0.929	0.557
4	TSHZ1	3.83459995575613e-26	3.45055336610828e-30	2.25303628546586	0.521	0.156
4	SEMA4G	3.00260712378643e-25	2.70188709060239e-29	1.21722183500525	0.6	0.202
4	ADCYAP1	4.11284889575911e-25	3.70093484725916e-29	0.709859605629716	0.814	0.31
4	NRN1	6.74661346077678e-25	6.07092005828919e-29	1.51548295711855	0.636	0.223
4	ITGA11	1.15156682132192e-24	1.03623397941323e-28	2.81732697615347	0.264	0.043
4	NR3C2	3.32940402202118e-24	2.99595430758677e-28	1.78888500917057	0.55	0.18
4	SLC17A6	8.47726464928368e-24	7.62824138332015e-28	1.14297227130625	0.907	0.412
4	SLITRK3	2.06825284500375e-23	1.8611111716042e-27	2.01945111029621	0.536	0.181
4	GABRA5	5.69492304101922e-23	5.12455956179179e-27	2.07996952676395	0.621	0.244
4	CACNA2D2	1.65288839847831e-22	1.48734670968984e-26	1.28571007939742	0.879	0.508
4	ITGA1	2.83763425735647e-22	2.55343674737377e-26	2.8364249810013	0.179	0.021
4	ZRANB3	4.03362062918307e-22	3.62964152720514e-26	2.1246841700095	0.364	0.088
4	ITGB4	6.19895478477619e-22	5.57811102742391e-26	3.99956701431374	0.129	0.01
4	RBMS3	2.22572729646237e-21	2.00281408842111e-25	1.10011533884565	0.8	0.41
4	NPTX1	4.23553389601124e-21	3.81133257987154e-25	1.44165419040144	0.636	0.244
4	NECAB3	6.19992701145138e-21	5.57898588270618e-25	1.67624976154205	0.686	0.31
4	MAST1	6.7677423675325e-21	6.08993284219608e-25	1.48005846604458	0.7	0.32
4	ARHGAP4	6.8757855858494e-21	6.18715521087861e-25	1.70889380038481	0.543	0.197
4	FGF13	1.87078576612519e-20	1.68342100794132e-24	1.47910953561693	0.693	0.337
4	NEBL	2.17870091884644e-20	1.96049754237959e-24	1.13099925004961	0.657	0.264
4	VSNL1	2.6449667816601e-20	2.38006549236039e-24	1.75332464305718	0.864	0.499
4	ANO3	4.71185145812491e-20	4.23994552157375e-24	2.15569947952704	0.436	0.134
4	PPP1R1A	6.76445663280025e-20	6.08697618356902e-24	1.73354539832201	0.464	0.147
4	ESRRB	8.23599777735668e-20	7.41113810614297e-24	2.17794344844783	0.171	0.021
4	PHF24	1.36360990405582e-19	1.22704031679638e-23	1.37059162179189	0.586	0.221
4	PTPRS	1.49026513380156e-19	1.34101064861114e-23	0.907386764664675	0.964	0.638
4	GABBR2	2.53427880982428e-19	2.28046325008933e-23	0.905318907915721	0.864	0.515
4	SEMA3G	4.34519547841135e-19	3.91001122866135e-23	1.44533599848842	0.429	0.125
4	ZFPM2	6.28347133778323e-19	5.65416299629554e-23	1.68506131903227	0.486	0.159
4	SCHIP1	1.38736644934401e-18	1.24841757342213e-22	1.19681263986882	0.814	0.467
4	SYT6	2.19180679843863e-18	1.97229082915381e-22	2.0837124240029	0.321	0.078
4	CELF2	2.78999714732682e-18	2.51057063558609e-22	1.50416079891213	1	0.823
4	SDC3	5.52432701696858e-18	4.97104923690145e-22	1.34547689623879	0.736	0.389
4	ADAMTS6	1.54560400553032e-17	1.39080716775877e-21	2.27233466801098	0.143	0.016
4	BMP7	1.74203111011958e-17	1.5675615136503e-21	3.61297216706732	0.1	0.007
4	NDST4	2.19237307365446e-17	1.97280039022268e-21	1.62986588272207	0.364	0.098
4	MEF2A	2.41170068835849e-17	2.17016169203499e-21	1.53184004645068	0.386	0.109
4	SEPTIN8	2.48413293286285e-17	2.23533963183915e-21	1.8425840732041	0.686	0.338
4	NR2F2	2.89091775082445e-17	2.60138374050612e-21	1.19730120339468	0.6	0.235
4	DENND3	3.2821491269638e-17	2.95343213080518e-21	2.65887293590953	0.193	0.03
4	SAMD12	5.86593953006211e-17	5.27844824085495e-21	1.65856487230778	0.593	0.271
4	SGCD	9.14021028284702e-17	8.2247910400855e-21	1.06209491975869	0.871	0.532
4	GFRA4	1.08780908707838e-16	9.78861771869327e-21	0.316548512615742	0.821	0.421
4	B3GAT2	1.67673333851259e-16	1.50880350806496e-20	1.41222876575586	0.479	0.17
4	SYT12	1.82970731231506e-16	1.64645668344737e-20	2.22220930321065	0.336	0.092
4	BSN	1.98406590404926e-16	1.7853558031578e-20	1.63386922976867	0.921	0.643
4	KCNA4	2.25044314886491e-16	2.02505457470072e-20	1.30292952038401	0.736	0.433
4	DLGAP3	4.51943772902338e-16	4.0668025996791e-20	1.44506908666702	0.571	0.231
4	ARHGAP24	6.47778052687941e-16	5.82901154222929e-20	1.63457258045679	0.321	0.083
4	TONSL	9.99443470774834e-16	8.99346234837428e-20	2.68502373927454	0.243	0.052
4	GAB2	1.59313438656446e-15	1.43357723977725e-19	2.71836033868977	0.221	0.044
4	PITX1	2.40606796749393e-15	2.1650931049167e-19	1.72856333842495	0.264	0.059
4	NRG3	3.71220256225104e-15	3.34041443557189e-19	0.784046819993576	0.986	0.73
4	CPLX1	4.45767612002892e-15	4.01122659950411e-19	1.85384930926196	0.407	0.137
4	GRM4	9.14811762369453e-15	8.23190643723075e-19	0.932211612692824	0.871	0.469
4	NEU3	1.21379489348235e-14	1.09222972508085e-18	1.16028345257401	0.486	0.177
4	USP54	1.68116375643497e-14	1.51279020645638e-18	1.11603408774735	0.629	0.286
4	RBFOX1	5.75185601059252e-14	5.17579052514399e-18	1.29687966497837	0.614	0.287
4	SH3GL2	5.83569027655029e-14	5.25122854004345e-18	1.22452739795099	0.671	0.363
4	IL1RAPL2	1.17185247139821e-13	1.05448796130497e-17	0.936645682432463	0.764	0.407
4	VAV3	1.4078480654838e-13	1.2668478947933e-17	1.46252533445988	0.364	0.118
4	NPTN	1.61666807891108e-13	1.45475396284629e-17	1.82277738787068	0.793	0.496
4	IGFBP5	2.08417664596558e-13	1.87544015654241e-17	2.39486640083285	0.25	0.061
4	FBXO41	2.09891333884172e-13	1.88870092580016e-17	1.44314244474608	0.579	0.286
4	PPARG	2.67339338723452e-13	2.40564508884597e-17	1.29649899794747	0.136	0.018
4	GUCY1A1	5.67166309563687e-13	5.10362916911443e-17	2.15271137195698	0.221	0.049
4	TAFA4	9.62424680874432e-13	8.66034986839226e-17	1.40794287189015	0.4	0.139
4	PTPRU	1.70856933765229e-12	1.53745103721073e-16	0.746437145629921	0.836	0.491
4	SCRT1	2.0268088383496e-12	1.82381790547071e-16	1.91427272258949	0.307	0.092
4	CAPRIN2	2.0488473505507e-12	1.84364919513246e-16	2.47437800726884	0.229	0.055
4	CTSO	3.67219926758666e-12	3.30441758983772e-16	2.26129445499622	0.193	0.04
4	SPHKAP	9.59490804163926e-12	8.6339494660661e-16	1.46639470520774	0.364	0.126
4	SPSB4	9.64097051686888e-12	8.67539864741193e-16	1.46615645885936	0.464	0.189
4	CHRM2	1.17168294738036e-11	1.05433541562167e-15	0.852380771760563	0.65	0.347
4	MKX	1.37191077434405e-11	1.2345098302385e-15	3.060012498065	0.121	0.017
4	TAFA3	1.89560840624404e-11	1.70575758682988e-15	0.994905211186072	0.693	0.377
4	HMGA2	2.6955416870542e-11	2.42557517056978e-15	1.88117683591773	0.157	0.028
4	APLP1	2.82608224064678e-11	2.54304169949318e-15	0.778042496127527	0.9	0.607
4	NWD2	3.20253727496653e-11	2.88179364255065e-15	0.837349122016329	0.364	0.121
4	SYT2	3.60897225434526e-11	3.24752295000923e-15	1.44596062019896	0.75	0.429
4	ADK	4.09240065181288e-11	3.68253455575712e-15	1.70369169194286	0.493	0.235
4	FAM184A	7.87256024835123e-11	7.0840999265286e-15	0.78051064729162	0.793	0.488
4	ARRDC1	8.21499668458495e-11	7.39224033526946e-15	1.45925698782879	0.414	0.164
4	ACTN1	1.32191350500025e-10	1.18951993611108e-14	1.21608916844176	0.386	0.142
4	SLC45A4	2.70908924282601e-10	2.43776589834069e-14	1.03049161286375	0.579	0.293
4	PMIS2	2.90974533626827e-10	2.6183256872746e-14	2.10841727483297	0.564	0.292
4	SHC1	3.14551822419487e-10	2.83048521928811e-14	1.90320328854591	0.414	0.176
4	MAMDC2	3.88596535186777e-10	3.49677436503894e-14	1.99839358167536	0.136	0.023
4	NUP93	4.69734357359337e-10	4.22689064482442e-14	1.5352005054421	0.421	0.177
4	AHRR	4.82923371544849e-10	4.3455715967322e-14	1.67567295768511	0.164	0.033
4	MCAM	8.18717122032508e-10	7.36720167400799e-14	0.578659802256843	0.379	0.135
4	BHLHE22	1.06452080322593e-09	9.57905878903926e-14	1.14831567614325	0.279	0.083
4	SCN8A	1.13723914196532e-09	1.02334125975463e-13	1.26171330798499	0.536	0.271
4	GABRA2	1.61636294684688e-09	1.45447939066578e-13	1.25275854311526	0.471	0.215
4	TMEM132C	1.76832187256382e-09	1.59121917804717e-13	0.995451654715666	0.907	0.555
4	TMEM163	2.28471340170462e-09	2.05589255979899e-13	1.6987758159957	0.543	0.271
4	NCKAP5	3.80191753846767e-09	3.42114419010859e-13	1.55137491500689	0.407	0.177
4	MARCHF9	3.95033907116665e-09	3.55470086490295e-13	1.69472632305829	0.493	0.251
4	CLSTN1	4.19383999771319e-09	3.77381444948545e-13	0.682170621958503	0.929	0.671
4	NAB1	5.08184163067758e-09	4.57288007799657e-13	1.54873619196906	0.257	0.078
4	TMEM132E	5.68052303981728e-09	5.11160176353575e-13	0.663901097361576	0.9	0.63
4	DLC1	6.4232314175848e-09	5.77992568845928e-13	0.809474309997832	0.35	0.13
4	LRBA	6.59647697018922e-09	5.93582018373906e-13	1.33235165856037	0.443	0.204
4	PPP3CA	9.27341464040803e-09	8.34465458508776e-13	0.75619989116064	0.729	0.429
4	FAM107B	1.03342588155509e-08	9.29925206114542e-13	1.8948761030879	0.2	0.052
4	MUC15	1.29245237821773e-08	1.16300942879306e-12	1.22983174475366	0.429	0.192
4	ATP1B2	1.35030833602235e-08	1.21507094036025e-12	1.31576597977783	0.579	0.307
4	KLHL29	1.51944808773798e-08	1.36727084292089e-12	0.637401296645207	0.879	0.624
4	GRIN2A	1.59224007589218e-08	1.43277249697848e-12	0.666062830861923	0.764	0.451
4	DNM1	1.83194745213798e-08	1.64847246660486e-12	0.980250672227794	0.593	0.324
4	ARHGEF25	2.67200021465819e-08	2.40439144664644e-12	2.49471700510545	0.236	0.073
4	RHBDF1	2.85263242416596e-08	2.56693280317283e-12	1.76235439817753	0.229	0.068
4	EPHB3	3.68310836183025e-08	3.31423410584923e-12	1.38736630619233	0.407	0.179
4	MCU	4.3710610900968e-08	3.93328632241231e-12	1.88247394168959	0.271	0.094
4	KCNH7	4.81286637269082e-08	4.33084349202809e-12	0.332545127361567	0.271	0.086
4	EBF1	5.25124476598452e-08	4.72531698549854e-12	1.09909152184577	0.257	0.081
4	ADAM11	5.33525621415415e-08	4.8009144372844e-12	0.992669931693045	0.55	0.298
4	LGI3	6.10912791425723e-08	5.49728058513204e-12	1.16782611827016	0.307	0.111
4	C14orf132	6.18472545343178e-08	5.5653068059316e-12	1.92462958371996	0.229	0.069
4	NEUROD1	6.2680000240402e-08	5.64024118063548e-12	1.53071640677304	0.164	0.038
4	KLF6	7.07573541709226e-08	6.36707947187282e-12	1.06582207660399	0.407	0.181
4	CALML3	8.4455580421747e-08	7.5997102872084e-12	1.63203978673299	0.921	0.677
4	APP	1.00192666237282e-07	9.01580727411879e-12	0.843016600208629	0.936	0.688
4	ENOX1	1.2210668026317e-07	1.09877333090228e-11	0.72772667477849	0.736	0.466
4	ZNF536	1.34596100837043e-07	1.2111590105016e-11	0.641503910483668	0.479	0.208
4	ANTXR2	1.51814967275683e-07	1.36610246806158e-11	1.67598628761932	0.257	0.085
4	DISP3	1.74477481173894e-07	1.57003042539273e-11	1.6355554275321	0.264	0.092
4	CNTNAP2	1.93322664834806e-07	1.73960825011074e-11	0.736086343707775	0.821	0.534
4	VAV2	2.14569236227072e-07	1.9307948909122e-11	0.589303442361817	0.586	0.291
4	ROBO1	2.32902813225837e-07	2.09576903829602e-11	0.811593488027413	0.614	0.333
4	NRXN2	2.52814054381334e-07	2.27493974967456e-11	0.568365475293444	1	0.788
4	SNTG1	2.99342187457356e-07	2.69362177141506e-11	1.37890297376945	0.407	0.191
4	TMEM145	3.06804441568887e-07	2.76077064311065e-11	0.946724054390862	0.579	0.322
4	SERPINI1	3.35310887509064e-07	3.01728504912322e-11	1.15429380330049	0.536	0.298
4	RBPMS	3.38644133326902e-07	3.0472791624845e-11	1.1554782153181	0.221	0.065
4	LINGO1	5.18688627368379e-07	4.66740418760352e-11	1.07284478488677	0.786	0.518
4	CTNNAL1	6.52070941922541e-07	5.86764097833655e-11	1.10659383757681	0.243	0.079
4	KCNH1	6.57675288816742e-07	5.91807152719106e-11	0.950317710587613	0.421	0.188
4	LRFN2	6.63577970576922e-07	5.97118663346461e-11	0.528882388091833	0.8	0.518
4	NEUROD2	7.3516277975302e-07	6.6153404099075e-11	0.838423762783138	0.293	0.106
4	SLC35F3	1.04686055597156e-06	9.42014357933558e-11	1.44202490540169	0.25	0.085
4	DAG1	1.169746480018e-06	1.05259289122469e-10	1.07962648545895	0.536	0.291
4	SLC8A3	1.23491679955433e-06	1.11123620944329e-10	1.00376108596885	0.679	0.465
4	NLGN1	1.36154618651873e-06	1.22518328670812e-10	0.501641818494647	0.943	0.674
4	CACNB4	1.68186524242401e-06	1.51342143653739e-10	0.717322267592656	0.5	0.247
4	DPY19L2	1.74376471240159e-06	1.56912149050805e-10	1.7137023522348	0.25	0.089
4	CABIN1	2.31896209416266e-06	2.08671114385194e-10	1.27570149616947	0.3	0.119
4	MCUB	2.50212793817905e-06	2.25153238385589e-10	2.73998203998466	0.1	0.018
4	ELAVL2	2.97119131585721e-06	2.67361766926771e-10	0.892967211449715	0.664	0.4
4	TMEFF2	4.3844266115879e-06	3.94531324717709e-10	0.612970143275156	0.636	0.358
4	GALNT9	4.58451133119505e-06	4.12535888706475e-10	0.702650443128825	0.557	0.299
4	UNC5B	4.62512227900367e-06	4.1619025276736e-10	2.26645162275021	0.114	0.023
4	CLMN	6.00177432697181e-06	5.40067877888222e-10	1.2537612273602	0.314	0.13
4	XKR3	6.53334227870079e-06	5.87900861936542e-10	2.48871888560707	0.107	0.021
4	DTNBP1	7.18843248451464e-06	6.46848959283239e-10	1.24420216639671	0.357	0.161
4	GABRG1	7.454487136898e-06	6.70789808053451e-10	0.901317490339169	0.571	0.358
4	NXPH4	7.81766040920666e-06	7.03469846954617e-10	1.06473583994012	0.307	0.123
4	HTR5A	8.44770616056323e-06	7.60164326515183e-10	1.92839615212953	0.107	0.021
4	FAM131A	8.87427431047779e-06	7.98548934624115e-10	0.863506493756516	0.479	0.251
4	PDLIM5	1.49373452812255e-05	1.34413257277293e-09	1.9100854717461	0.143	0.036
4	ATXN1	1.80333357076744e-05	1.6227243505511e-09	0.643782733614114	0.571	0.331
4	ADORA1	2.04297741546696e-05	1.8383671515045e-09	1.38279064745948	0.186	0.059
4	CAMK2B	2.12675896736226e-05	1.91375773181163e-09	0.90594840530243	0.686	0.466
4	GLRA1	2.2176237884944e-05	1.99552217087591e-09	1.14966193115559	0.4	0.198
4	TTYH2	2.25505764525724e-05	2.02920691555587e-09	0.827879247684905	0.321	0.133
4	XYLT1	2.38995964763921e-05	2.15059808120148e-09	0.803695253196914	0.536	0.31
4	UNC5C	2.40020348519576e-05	2.15981596796163e-09	0.254014761549759	0.679	0.409
4	SERPINA10	2.91888870601923e-05	2.62655332135267e-09	0.79745674502589	0.536	0.316
4	RTN4	3.33863564991316e-05	3.00426136049056e-09	0.688954072445408	0.757	0.525
4	GPC5	3.52239253448334e-05	3.16961444657909e-09	1.40441401438427	0.143	0.037
4	NEUROD6	3.78991384448059e-05	3.41034270177323e-09	2.40754935940372	0.114	0.026
4	ARHGEF2	4.2622395393519e-05	3.8353635736092e-09	0.403981484132949	0.264	0.1
4	TMEM65	4.46584717984977e-05	4.01857930338321e-09	1.41084317534685	0.379	0.186
4	PCDHAC2	4.73831481938973e-05	4.26375849850601e-09	0.706480560896046	0.986	0.822
4	SEZ6	4.96450081376292e-05	4.46729129286684e-09	0.690381599040969	0.543	0.305
4	CSMD3	5.4540356746666e-05	4.90779778157707e-09	0.648404924575821	0.75	0.52
4	PSAPL1	5.52303890587339e-05	4.96989013396328e-09	1.07637239320125	0.314	0.14
4	GNE	5.72857188029879e-05	5.15483836974605e-09	1.32798481583249	0.329	0.154
4	SGCZ	6.62205767205431e-05	5.9588389022355e-09	0.427809671094877	0.829	0.509
4	P2RX4	6.85941090172542e-05	6.17242050006787e-09	1.07480926329774	0.421	0.222
4	SYP	7.49165919432855e-05	6.7413472458639e-09	0.679981746028829	0.693	0.451
4	CBFA2T2	9.87210335615318e-05	8.88338284545413e-09	1.64972976996028	0.179	0.057
4	MBTPS1	0.000115879700227505	1.04274003624138e-08	1.48015437929568	0.279	0.119
4	APLP2	0.000123573301238479	1.11197067613137e-08	0.486750300728187	0.779	0.529
4	PKP4	0.000125303425755966	1.12753915014817e-08	0.262309345307214	0.636	0.38
4	PDE4B	0.0001309552146488	1.17839660441645e-08	0.780320215481904	0.636	0.425
4	ANKRD28	0.000140981121305419	1.26861442729613e-08	1.21477715565507	0.293	0.13
4	SPON1	0.00016404494345802	1.47615354501953e-08	1.15119026764071	0.321	0.144
4	CADM3	0.000186303313711176	1.67644482777986e-08	0.892072567032236	0.579	0.377
4	OTOF	0.000203463146449114	1.83085707233973e-08	0.953795534122663	0.264	0.106
4	AGAP3	0.000252604978475321	2.27305838635221e-08	0.465261142271503	0.857	0.612
4	CD36	0.000253757048220559	2.28342525169224e-08	2.3572035896001	0.1	0.022
4	PRKCB	0.000260174376151103	2.34117138622427e-08	0.563778233686377	0.586	0.382
4	KLHL5	0.000278615969246512	2.50711751324135e-08	0.87335954387136	0.35	0.163
4	REEP5	0.000279663168373442	2.51654070344139e-08	0.975774152135642	0.471	0.277
4	HACD2	0.000305702562468548	2.75085541679608e-08	1.93329927780616	0.157	0.048
4	WSB1	0.000372466435024024	3.35162813843268e-08	0.778481621945079	0.579	0.365
4	CPNE5	0.000660408722319793	5.9426682472761e-08	0.310265918807958	0.521	0.303
4	NPDC1	0.000692678969630481	6.23305110798597e-08	1.12729247858888	0.536	0.343
4	DAGLA	0.000705038596270106	6.34426884072803e-08	0.932943093001315	0.421	0.238
4	PLPPR1	0.000759622557049506	6.83544098847751e-08	0.870643206734495	0.457	0.262
4	ADGRG3	0.000766329437559916	6.89579265328818e-08	1.2633395540293	0.2	0.072
4	KCNA1	0.00084710031452285	7.62260698751777e-08	1.89086865385214	0.343	0.172
4	NCAM1	0.00106550764998268	9.58793890023106e-08	0.705021789186699	0.671	0.485
4	SPTBN1	0.00108349016441567	9.74975402155741e-08	0.937997398543929	0.807	0.638
4	SUCO	0.0011275458070989	1.014618741203e-07	0.709534145078073	0.371	0.191
4	CAST	0.00116036687753236	1.04415268382287e-07	1.73509633007662	0.1	0.023
4	PRDM8	0.00121603235615531	1.09424309921291e-07	1.31211339905401	0.164	0.053
4	GABRG2	0.00148395895817522	1.33533605522831e-07	0.560411295841186	0.707	0.472
4	SFXN5	0.00152618657991662	1.3733344550676e-07	0.765044346871607	0.257	0.111
4	YWHAG	0.00189408274519497	1.70438472527218e-07	0.745845580634698	0.757	0.537
4	SPOCK1	0.00207243577463993	1.86487516839731e-07	0.747125998234738	0.479	0.274
4	ADISSP	0.00210125838513546	1.89081110873343e-07	1.64170060163858	0.15	0.048
4	BHLHE23	0.00224951925710902	2.02422321345184e-07	2.12562176266666	0.1	0.024
4	MTCL1	0.00240399434764195	2.16322716425983e-07	0.922713917139536	0.414	0.234
4	RPH3A	0.00241608621676025	2.17410799672478e-07	1.17482065008717	0.314	0.156
4	AGRN	0.00251771945895146	2.26556236745385e-07	0.419698935512661	0.65	0.399
4	PSD	0.0025181298113486	2.26593162183803e-07	0.367245637991765	0.657	0.447
4	SPECC1	0.00263793476472955	2.37373775283861e-07	1.16002125795137	0.329	0.168
4	NPR3	0.00272871884707108	2.45542953934229e-07	2.01254123389132	0.157	0.053
4	GALNT14	0.0030948208179844	2.78486530908341e-07	0.66639749297918	0.421	0.222
4	GABRA1	0.00314498035586659	2.83000122007252e-07	0.383585424552537	0.757	0.503
4	PITPNM3	0.0033798134346352	3.04131506761019e-07	0.751370963147792	0.5	0.309
4	STXBP1	0.00355139323235019	3.19571063830666e-07	0.573542085831094	0.7	0.477
4	CLVS2	0.003779180414332	3.40068425657518e-07	1.00309475553603	0.421	0.24
4	EPHX3	0.00430715990751834	3.87578503331084e-07	1.89123337654609	0.15	0.05
4	TULP4	0.00452684134963667	4.07346472566964e-07	1.09543107595861	0.407	0.234
4	NUDT4B	0.00470075847581939	4.22996353443659e-07	0.849270247995195	0.307	0.151
4	GPR37	0.00499237992516896	4.49237822835324e-07	0.955855270800423	0.371	0.205
4	KCNAB2	0.00504853390615982	4.54290822114624e-07	0.956416430460914	0.4	0.233
4	SLC18B1	0.00528875958576989	4.75907458451353e-07	2.00359902006497	0.107	0.028
4	ARID3C	0.00649495086045035	5.84446221582862e-07	1.65373375314239	0.1	0.026
4	EFNB2	0.0065093217833765	5.85739384808468e-07	0.898462762131454	0.314	0.156
4	CD163L1	0.00672173333379965	6.04853175002218e-07	0.385635599445738	0.586	0.38
4	CHRNA5	0.0068487723426659	6.16284742433717e-07	1.25317543819309	0.2	0.079
4	DAB2IP	0.00829207003847392	7.46159456355072e-07	0.610289801404981	0.507	0.318
4	ST8SIA5	0.00868039985632676	7.81103199525489e-07	0.521013586706802	0.807	0.619
4	KCNK2	0.00887106747461388	7.98260368452612e-07	0.726037500452176	0.264	0.119
4	PLCB3	0.00888873002744566	7.99849728016347e-07	1.14972976453806	0.136	0.043
4	NEO1	0.00891420898824616	8.02142444726551e-07	0.498086021247664	0.571	0.354
4	MYT1L	0.00903470880230902	8.1298558465842e-07	0.808878300643473	0.507	0.318
4	TSPAN4	0.00911755517117292	8.20440490522174e-07	0.355274602405703	0.664	0.433
4	BCL9L	0.00925372592699502	8.32693775487719e-07	1.08926840222086	0.321	0.166
4	SCN4B	0.0098326259719063	8.8478592386451e-07	1.20604193760285	0.25	0.116
4	BAIAP2	0.00993174134562451	8.93704791291686e-07	0.37736503853499	0.629	0.407
4	GPC2	0.0106777167037085	9.6083116203622e-07	1.57854987009045	0.193	0.078
4	ATP8A1	0.0123018016780195	1.10697396544763e-06	0.64473911159092	0.557	0.375
4	TRIM66	0.0127966353654252	1.15150142764557e-06	1.41272737214983	0.214	0.092
4	ADRM1	0.0142823744032081	1.2851952131025e-06	1.22815538798214	0.2	0.082
4	CHD5	0.014489137142568	1.30380069671267e-06	0.691491598834106	0.529	0.351
4	DIPK2A	0.0151052172156266	1.35923847886499e-06	1.60335404870538	0.193	0.078
4	BTG4	0.0166466548905997	1.49794428962473e-06	1.88087023011024	0.121	0.038
4	MN1	0.0176079345056277	1.58444474989901e-06	1.07707168247177	0.314	0.159
4	MYH10	0.0177534081456677	1.59753515213423e-06	0.455268653413173	0.6	0.4
4	MGAT3	0.0178531130507681	1.60650706836751e-06	0.683735344765444	0.464	0.286
4	STMN2	0.0187681804837354	1.68884913918253e-06	0.399358188575571	0.686	0.451
4	NAV3	0.0214876202087965	1.93355711408229e-06	0.273735063921363	0.75	0.508
4	INSYN1	0.0221590959942196	1.99397966293706e-06	1.04965156473529	0.364	0.207
4	B4GALT4	0.0235096120355441	2.11550544727293e-06	1.85200815850272	0.121	0.038
4	ENTREP3	0.023715999790891	2.13407718805822e-06	1.23391999360891	0.2	0.084
4	STIM1	0.0249225423271886	2.24264755936189e-06	0.913657349734078	0.307	0.162
4	FOXN3	0.0268479728187621	2.41590684952417e-06	0.703484901108998	0.5	0.32
4	MPZL1	0.0268699221085663	2.41788194983949e-06	0.898695189619424	0.35	0.199
4	SCN1B	0.0286093647110261	2.57440517511258e-06	0.783243783306889	0.671	0.461
4	KCNJ6	0.0291767203573647	2.62545850421711e-06	1.43274523062695	0.229	0.106
4	MPRIP	0.029372446574637	2.64307086966948e-06	0.800990799997397	0.371	0.209
4	MAPK6	0.0294637318796558	2.65128515069341e-06	1.1523102085167	0.264	0.13
4	ST3GAL2	0.0342220876741461	3.07946438172825e-06	0.82156327189228	0.45	0.275
4	PDZD8	0.0364850112457174	3.28309288632389e-06	1.20035933880495	0.271	0.136
4	UNC79	0.0366850538907741	3.30109366424674e-06	0.942070875068922	0.371	0.217
4	ITGA8	0.0399904809996768	3.59853153960918e-06	2.1001063569174	0.121	0.04
4	PTPN4	0.0406248989447723	3.65561944972306e-06	0.686157572658202	0.471	0.294
4	GABRB3	0.0410504843791661	3.69391562846811e-06	0.383983827316421	0.514	0.318
4	PCSK2	0.0443628224784869	3.99197538724798e-06	0.764533505824017	0.5	0.327
4	CAMK2A	0.0483019129337955	4.34643327038563e-06	0.846693907250685	0.35	0.199
4	RGS7	0.0486615407658459	4.37879427389957e-06	0.834805755055273	0.414	0.255
1	GPM6B	3.15856094367935e-139	2.84222167162724e-143	4.79883612777736	0.69	0.083
1	FGFBP3	2.23716932709575e-138	2.01311016565801e-142	5.31847337979689	0.475	0.023
1	SLC6A11	5.38802683698022e-133	4.8483999252949e-137	5.38696485861625	0.665	0.082
1	ADGRD2	9.97114464144849e-131	8.97250485147889e-135	4.98073681877206	0.465	0.025
1	CYP19A1	1.61119135761173e-127	1.44982575147281e-131	5.74910779447955	0.485	0.031
1	PTN	3.91474628899207e-125	3.52267280571589e-129	4.96416122878646	0.555	0.05
1	GJA1	8.89818337347803e-116	8.0070038454765e-120	5.17609002100461	0.445	0.028
1	SLC4A4	4.98001657472375e-112	4.48125310422366e-116	4.94344671002032	0.47	0.036
1	ATP1B4	7.44461595771449e-108	6.69901552930306e-112	5.14734518759682	0.505	0.049
1	PZP	1.48960821333884e-100	1.34041952068644e-104	4.31938427376217	0.46	0.04
1	SRPX	4.19482422079934e-98	3.77470009970246e-102	6.94625876209535	0.26	0.004
1	GLI1	2.32339844521123e-94	2.09070318114931e-98	4.77638863050544	0.28	0.008
1	PTPRZ1	5.44284981699642e-86	4.89773222081924e-90	4.73074985243634	0.435	0.045
1	QKI	2.93024685440447e-84	2.63677391739806e-88	3.20682755523411	0.58	0.093
1	MLC1	4.5505504796812e-83	4.09479931582939e-87	4.2935766999779	0.375	0.03
1	GPR37L1	2.19031954144168e-82	1.9709525253682e-86	4.11868625692428	0.385	0.034
1	ECT2L	4.34595792722346e-79	3.9106973159574e-83	3.04717439543812	0.535	0.082
1	KCNJ10	5.26414642131638e-79	4.73692650167946e-83	4.22443974030985	0.395	0.038
1	PDGFRB	8.99130861121353e-78	8.09080231369884e-82	4.81353517679559	0.3	0.017
1	SLC6A13	1.1249493897928e-76	1.01228236281184e-80	5.27174160764573	0.27	0.012
1	NOTCH3	2.8483319584017e-76	2.56306304184441e-80	5.04066601733789	0.255	0.01
1	HEYL	5.58748580263451e-76	5.02788248234906e-80	8.45104220551926	0.36	0.032
1	S1PR1	6.59349332062928e-76	5.93313535555591e-80	5.3463297452431	0.26	0.011
1	PREX2	1.25015021769155e-72	1.12494395544996e-76	4.01999508241464	0.38	0.038
1	ANKRD6	9.44672342312181e-71	8.50060597779341e-75	4.20487304099634	0.34	0.03
1	PLXNB1	5.10858992451033e-65	4.59694945065268e-69	3.84233565691342	0.465	0.077
1	FABP7	3.30339822059144e-64	2.97255306451133e-68	3.29484631365769	0.53	0.107
1	MFGE8	1.02400883699108e-63	9.21451306569855e-68	4.51371544668316	0.345	0.037
1	RNF43	1.64368052972629e-60	1.47906103637747e-64	4.0329542718104	0.28	0.022
1	MSI1	1.53566567523054e-55	1.38186419079505e-59	4.9869747461756	0.5	0.109
1	PLPP3	1.47172681790172e-52	1.32432900018152e-56	4.81903949745562	0.24	0.018
1	ZNF641	4.60860514861754e-52	4.1470396370175e-56	6.0915595235833	0.305	0.036
1	EEIG1	2.59783321502027e-48	2.3376524925945e-52	2.34974084135299	0.43	0.078
1	ARHGAP27	2.99538617395336e-48	2.69538934037016e-52	3.80110945258382	0.265	0.026
1	TIMP4	9.79556525574232e-48	8.81451026342331e-52	3.84003073146814	0.325	0.046
1	SPARC	1.33717024590819e-46	1.20324866904364e-50	6.63636394078408	0.135	0.003
1	CTNNA1	2.0518467325918e-46	1.846348180142e-50	3.54452235629259	0.235	0.021
1	RFX4	6.56098662175687e-46	5.90388429925031e-50	4.23801537237302	0.205	0.014
1	MDK	8.97769581872849e-46	8.07855288286556e-50	3.51741714152936	0.355	0.058
1	MMP15	3.98029511276743e-43	3.58165671984831e-47	3.87686638135577	0.315	0.048
1	LGR5	1.64440519754437e-41	1.47971312655842e-45	4.38588810222984	0.19	0.014
1	ITPRID2	4.00904147690019e-41	3.60752405012165e-45	3.70820122243023	0.185	0.013
1	ZFP36L2	3.50157345145262e-40	3.15088045662973e-44	4.31787620656696	0.28	0.04
1	AXL	3.53490331225272e-40	3.18087223274788e-44	4.33836214259537	0.17	0.011
1	AQP1	1.9273500846914e-39	1.73432024178116e-43	5.35410218263547	0.13	0.004
1	LRP5	1.26737625299391e-38	1.14044475208666e-42	2.92006356668168	0.54	0.182
1	DOCK1	3.12388707739624e-38	2.81102049617227e-42	2.97249408595758	0.345	0.064
1	SWAP70	1.17035485675287e-37	1.05314033722026e-41	3.78779933467884	0.395	0.091
1	MID1	1.32951186461673e-37	1.1963572974145e-41	5.36057522390836	0.16	0.01
1	NFIX	1.64343451108297e-37	1.47883965723295e-41	1.90473448827516	0.8	0.367
1	GRAMD2A	6.45328825150264e-37	5.80697224107139e-41	5.19560287810555	0.17	0.012
1	DOK1	6.67804214918305e-37	6.00921636748227e-41	2.81041124963028	0.355	0.072
1	AMOT	1.34383664998978e-36	1.2092474129306e-40	4.71161555635939	0.155	0.01
1	GLI2	1.58571545165695e-36	1.4269013332646e-40	4.7518458921142	0.165	0.012
1	CELSR1	5.42965508770474e-36	4.88585898290717e-40	4.4229579489336	0.215	0.024
1	ITGB5	6.91878220864417e-35	6.22584559402877e-39	2.53140510073578	0.5	0.163
1	SOX3	2.18318871559261e-34	1.96453587293495e-38	3.55849477369744	0.24	0.033
1	ACSBG1	1.02739494816367e-33	9.24498288638236e-38	4.08428815330358	0.175	0.015
1	PREX1	2.47345586067287e-33	2.22573190018256e-37	2.74495901653102	0.37	0.086
1	GLDN	3.49323776121723e-33	3.14337961056171e-37	5.26981340501385	0.155	0.012
1	PLOD1	5.66107918944492e-33	5.09410527260408e-37	4.39238012053322	0.19	0.02
1	SCUBE1	8.56226424964732e-33	7.70472802091903e-37	3.97901051707016	0.29	0.054
1	PKD1L2	1.45305211991242e-32	1.30752462873429e-36	3.30949729317821	0.235	0.033
1	SLC7A2	2.86169842852212e-32	2.57509082023047e-36	5.065777526471	0.11	0.004
1	PLEKHG4B	3.21230518585142e-32	2.8905832681107e-36	5.24825612854742	0.125	0.006
1	PTPN14	8.48714787566311e-32	7.63713477518502e-36	5.23687939571592	0.115	0.005
1	SLC22A2	9.14775946674408e-32	8.23158415076405e-36	6.27159378384195	0.105	0.003
1	CA8	3.43813667486414e-31	3.09379706187721e-35	3.92668244526598	0.205	0.025
1	HEY1	5.1252709320807e-31	4.61195980570566e-35	7.96094910118171	0.11	0.004
1	FAM107A	6.84731679090048e-31	6.16153765040986e-35	4.79472973636003	0.13	0.008
1	FAM169A	7.04428669633466e-30	6.33878043402741e-34	4.59380341851916	0.155	0.013
1	WNT3	4.37990417083555e-29	3.9412437423158e-33	4.9624021473332	0.135	0.01
1	MGST1	8.11146785032882e-29	7.29908022165825e-33	3.84280048354433	0.14	0.011
1	PARD3B	2.33490040298069e-28	2.10105318364141e-32	3.58937210027279	0.245	0.042
1	ITPKB	5.30561478379858e-28	4.77424168433239e-32	2.87550225954516	0.255	0.045
1	NOTCH1	5.37522323804069e-28	4.836878644867e-32	4.21148195880943	0.255	0.046
1	DNMT3B	1.25584110965941e-27	1.13006488766257e-31	3.54941544794165	0.22	0.034
1	ANGPT1	1.41493396579745e-27	1.27322412111712e-31	4.82218958831061	0.14	0.012
1	PTCH1	1.82260489913926e-27	1.64006559807366e-31	3.26150729921243	0.32	0.077
1	SDC4	2.05163417910566e-27	1.84615691451962e-31	3.36416241775734	0.27	0.053
1	FARP2	4.01579229675951e-27	3.61359875529516e-31	4.08085528129282	0.11	0.006
1	RREB1	1.53314002188346e-26	1.37959148914196e-30	3.39308943002798	0.235	0.04
1	DOCK8	2.89241596951208e-26	2.60273190813649e-30	3.07021797744024	0.27	0.055
1	MBOAT1	3.05783729074465e-26	2.75158579208553e-30	3.38032731763062	0.105	0.005
1	PAQR6	3.46542249987171e-26	3.11835013036238e-30	2.33419404263336	0.31	0.07
1	RAD54L2	1.38655326578304e-25	1.24768583261319e-29	2.28639904657028	0.605	0.318
1	NHERF1	3.70894064565125e-25	3.33747920962049e-29	4.61498682931471	0.225	0.04
1	ARAP1	9.0859051117499e-25	8.17592469337703e-29	2.47324774810519	0.24	0.043
1	FMOD	1.71347820710315e-24	1.54186826878714e-28	5.06105751181106	0.1	0.005
1	CA14	4.51115702443035e-24	4.05935123227783e-28	2.76415158379013	0.3	0.072
1	F3	1.34995390408175e-23	1.21475200583258e-27	3.5471188928816	0.275	0.062
1	LHFPL2	2.26181894918796e-23	2.03529105478985e-27	4.27678794747936	0.115	0.009
1	CTDSP1	3.14732381208046e-23	2.83210997217714e-27	4.30899359236974	0.11	0.008
1	TTC28	8.18175103295888e-23	7.36232433452612e-27	3.44964344045137	0.45	0.181
1	TNS3	2.53883558546926e-22	2.28456365110165e-26	4.26423541136126	0.195	0.032
1	DOCK3	2.75207322385035e-22	2.47644490583132e-26	2.34564199254326	0.52	0.245
1	MECOM	1.49345309140191e-21	1.34387932277685e-25	3.39537380376083	0.115	0.01
1	FAM181B	1.89857630465515e-20	1.70842824138859e-24	4.16653085773351	0.1	0.007
1	TRIM36	2.16977534795352e-20	1.9524658939562e-24	2.40294060422165	0.37	0.127
1	COBL	3.19666483364612e-20	2.87650934369308e-24	3.32439121055137	0.14	0.017
1	ARHGEF10	7.86982734902956e-20	7.08164073520162e-24	3.42153842710511	0.12	0.012
1	BTC	1.11499162102374e-19	1.00332189419935e-23	3.85762488618393	0.125	0.013
1	PAWR	3.50661893135571e-19	3.1554206167153e-23	4.86546270569146	0.105	0.009
1	IL11RA	3.56686179668768e-19	3.20962997992233e-23	2.44949721266795	0.22	0.047
1	RGMA	9.17285403898294e-19	8.25416542696206e-23	2.09545752464809	0.51	0.248
1	FLNA	9.49522282044748e-19	8.54424801623997e-23	3.08598559272481	0.22	0.048
1	RIPOR2	9.74997462798892e-19	8.77348567262568e-23	2.60763592084073	0.395	0.156
1	TSPAN4	1.14101817511124e-18	1.02674181149217e-22	1.7275768773199	0.65	0.427
1	ADRA1B	1.73239759776319e-18	1.55889282620642e-22	3.61750312921692	0.125	0.014
1	WLS	1.89485879246672e-18	1.7050830491017e-22	3.30924986309534	0.13	0.016
1	ZNRF3	3.76182736515186e-18	3.38506916687831e-22	2.74541083348157	0.275	0.074
1	GAREM2	4.9834747428959e-18	4.4843649265688e-22	3.77233727651009	0.13	0.016
1	RIN2	4.44978049763916e-17	4.00412174717822e-21	2.28707041017636	0.23	0.054
1	BCAN	6.52505860110882e-17	5.8715545767199e-21	2.22837208140777	0.275	0.08
1	NRARP	8.36949376511268e-17	7.53126407370888e-21	3.87860113750348	0.17	0.032
1	CD226	9.29974736210256e-17	8.36835000639122e-21	2.80742068191914	0.12	0.014
1	C20orf173	9.91482158857057e-17	8.92182271985114e-21	2.73032919528165	0.13	0.017
1	SERPINE2	1.08041943745597e-16	9.72212217633373e-21	2.66638436928853	0.185	0.037
1	CD302	1.27287638653504e-16	1.14539403089628e-20	3.15742736228407	0.11	0.012
1	TCF7L1	1.36124335797917e-16	1.2249107873474e-20	3.06389308163476	0.165	0.029
1	MPDZ	6.01936807358269e-15	5.41651045944631e-19	2.32096242973616	0.25	0.07
1	NTN1	8.31493874360739e-15	7.48217289985367e-19	3.65883041910745	0.195	0.046
1	BMPR1A	1.07260718409872e-14	9.65182384683456e-19	3.53745296047554	0.165	0.033
1	CD63	1.12984661787296e-14	1.01668911893545e-18	3.35215611677472	0.1	0.011
1	AIFM3	1.97412869546388e-14	1.77641383556544e-18	4.59918982779142	0.115	0.016
1	DOK6	2.82889480144999e-14	2.54557257396742e-18	2.62780099315107	0.265	0.083
1	CDO1	2.93882060339803e-14	2.64448897993164e-18	3.55842717102888	0.1	0.012
1	KANK1	3.76417998656817e-14	3.38718616626308e-18	3.48461244279837	0.115	0.016
1	CFAP74	4.00046750655814e-14	3.5998087884083e-18	2.91748378394035	0.12	0.017
1	SEMA5B	5.64843762185246e-14	5.08272979560196e-18	1.91853575892621	0.645	0.431
1	KIRREL2	7.83631719761267e-14	7.05148672510813e-18	2.94744377543878	0.27	0.089
1	SOX5	1.00665419272654e-13	9.05834781541022e-18	1.46800741825079	0.44	0.193
1	GFAP	4.99182216616424e-13	4.49187633057162e-17	2.81193490902079	0.105	0.014
1	TSC22D3	6.74502288385491e-13	6.06948878237641e-17	1.95423349899914	0.285	0.097
1	VMP1	8.61052984700879e-13	7.74815967516313e-17	2.0914086029005	0.3	0.11
1	ARHGAP29	8.66742247346119e-13	7.79935433587797e-17	3.56128333871881	0.155	0.032
1	NEBL	1.07452963494999e-12	9.66912296364608e-17	2.06851154853791	0.48	0.27
1	SLC7A10	1.33303709937066e-12	1.19952946942379e-16	2.83090189156482	0.12	0.019
1	INTU	2.83328763655036e-12	2.54952545356822e-16	3.76952559359099	0.135	0.025
1	ZHX2	3.12248005166031e-12	2.80975438824828e-16	2.04699016823431	0.58	0.397
1	CYP1B1	3.13235644318783e-12	2.81864162979198e-16	3.05862744367811	0.12	0.02
1	SH2B3	3.51323650634541e-12	3.16137542188914e-16	2.03184437064667	0.14	0.026
1	TSPAN9	8.3869187906274e-12	7.54694393109637e-16	2.05111748141942	0.4	0.194
1	HEPACAM	9.60624855653295e-12	8.64415419466656e-16	2.32459623074305	0.13	0.024
1	GNPAT	1.42908842676762e-11	1.28596097072584e-15	3.31221174618336	0.17	0.042
1	TRIP10	3.30311110539453e-11	2.97229470475526e-15	4.26450506727373	0.135	0.027
1	GLUL	5.54965743747946e-11	4.99384274046563e-15	1.8258310532892	0.375	0.181
1	LFNG	7.80563261434464e-11	7.02387529411018e-15	2.91897923941181	0.145	0.032
1	ITM2B	8.46503861614655e-11	7.61723982376186e-15	1.30600186527822	0.32	0.124
1	CYFIP1	1.51446328732022e-10	1.36278528508973e-14	2.49948175617133	0.115	0.02
1	ITPR2	1.86754700659649e-10	1.68050661981147e-14	3.3428794024114	0.15	0.035
1	S100B	3.66038520530945e-10	3.29378674103253e-14	1.87861160021937	0.295	0.117
1	SGK1	1.24888263699361e-09	1.12380332672871e-13	2.2171480548228	0.365	0.188
1	TTYH2	1.45578186553137e-09	1.30998098221126e-13	2.3087012905659	0.305	0.129
1	MAML2	1.47908451266783e-09	1.33094979993506e-13	2.77903761781711	0.135	0.03
1	ARHGEF28	2.25217976224844e-09	2.02661726108921e-13	3.40393790726657	0.195	0.062
1	RGS3	5.7237568633462e-09	5.1505055910611e-13	1.96433441882298	0.39	0.209
1	IL4I1	7.90808108003644e-09	7.11606324128178e-13	2.62559822064227	0.295	0.13
1	SLC6A9	9.09234879451153e-09	8.18172302214661e-13	1.78324220634878	0.3	0.128
1	SOX2	1.17318229889762e-08	1.05568460262541e-12	3.15695268405775	0.145	0.037
1	ILDR2	1.17388866648879e-08	1.05632022540159e-12	2.09421225617534	0.165	0.046
1	FAT4	1.41774366201501e-08	1.27575241790246e-12	3.12740593212926	0.135	0.033
1	VANGL2	3.15551286436866e-08	2.83947886652449e-12	3.29006815636429	0.21	0.074
1	DDR1	5.94058422147629e-08	5.34561704443111e-12	3.21453341380512	0.165	0.049
1	UNC5C	1.1704046064068e-07	1.05318510429839e-11	0.268133616703271	0.17	0.45
1	PAX6	1.94377474589042e-07	1.74909992431424e-11	2.05519019676411	0.125	0.03
1	FGD4	2.29063629259551e-07	2.06122225555251e-11	2.72763130875267	0.22	0.084
1	LHX2	4.26091162232716e-07	3.8341686514237e-11	2.53276958482996	0.14	0.038
1	RFX2	4.30661385150176e-07	3.87529366642829e-11	2.34722029359964	0.15	0.043
1	PIK3C2A	5.28501324378725e-07	4.75570344982205e-11	2.69617172433413	0.14	0.038
1	THRB	7.28913821795734e-07	6.55910934757252e-11	1.49406647978597	0.555	0.449
1	WNT7B	8.50592109688489e-07	7.65402780246998e-11	3.07138048589684	0.12	0.03
1	ADAMTS20	1.15462120180852e-06	1.03898245461038e-10	3.64421197793104	0.12	0.031
1	BHMT	1.42334274047549e-06	1.2807907320035e-10	2.87582467549673	0.1	0.022
1	IGFBP4	1.42503574028167e-06	1.28231417284412e-10	2.38466803995078	0.245	0.105
1	ANTXR2	2.0691177961968e-06	1.86188949536291e-10	2.01750533919404	0.215	0.084
1	MAP4K5	2.52418791346934e-06	2.27138298701461e-10	2.41961816547102	0.16	0.051
1	ASAP2	2.69538256720015e-06	2.42543198704234e-10	2.28462794266622	0.25	0.111
1	PALD1	2.74420288796543e-06	2.46936280749161e-10	2.02329885942355	0.365	0.214
1	ULK4	3.32697960999609e-06	2.99377270763618e-10	2.18104994687806	0.15	0.046
1	SEPTIN9	3.57413955834836e-06	3.21617885210866e-10	1.7495731549909	0.12	0.031
1	MGLL	4.00405421897463e-06	3.60303628090942e-10	1.84070826418967	0.34	0.185
1	GALK1	5.54603190372458e-06	4.99058031469862e-10	2.91034185983204	0.115	0.03
1	SLC2A1	6.64131695879899e-06	5.97616931413569e-10	2.29786696526619	0.1	0.023
1	GRB10	6.79773086871577e-06	6.11691790580021e-10	3.16728513622788	0.135	0.04
1	IP6K2	1.66214878320549e-05	1.49567963934626e-09	1.65565098355697	0.29	0.147
1	COX4I2	2.418045146997e-05	2.17587073427248e-09	2.45855531972279	0.12	0.034
1	NELL1	3.2835289632911e-05	2.95467377242068e-09	0.959903920139549	0.56	0.438
1	SH3PXD2B	3.64900754414217e-05	3.28354858646825e-09	2.43512372609237	0.145	0.047
1	CROT	3.74341978370834e-05	3.3685051594604e-09	2.44898516789085	0.205	0.087
1	LZTS2	3.75872406658809e-05	3.38227667289489e-09	2.19553273375428	0.215	0.091
1	MDGA1	4.13173510454098e-05	3.71792954606406e-09	1.26271342500697	0.41	0.247
1	SH3RF1	8.19258735878421e-05	7.37207537009287e-09	2.21831508373109	0.17	0.064
1	PLA1A	0.000133597606079408	1.2021740851202e-08	0.604287157743909	0.18	0.065
1	ZBTB16	0.000148301009131097	1.33448222020244e-08	1.81451880483528	0.42	0.282
1	WDR27	0.000153275000069253	1.37924052973323e-08	2.13431032364013	0.115	0.033
1	USP6NL	0.000205875144348529	1.85256136370493e-08	1.34717985828534	0.335	0.193
1	SEMA4D	0.000260858920033229	2.34733123398928e-08	2.25087556404686	0.245	0.121
1	LHFPL7	0.000311544501255094	2.80342392922788e-08	2.36085851293694	0.29	0.16
1	PHF24	0.000328905593654775	2.95964720286849e-08	2.13593761297431	0.355	0.233
1	SHROOM3	0.000371416398938754	3.34217941994739e-08	3.12828071871322	0.11	0.033
1	ADAMTS7	0.000402488228405937	3.62177835333337e-08	2.33569123619407	0.1	0.027
1	FLNC	0.000533088861313447	4.79698426449606e-08	2.58153395019446	0.11	0.033
1	SCUBE3	0.000611144478452668	5.49936541395364e-08	1.84777557426774	0.205	0.091
1	VGLL4	0.000704555565488752	6.33992230260732e-08	2.25634607611578	0.18	0.075
1	NFIB	0.000822141141785969	7.39801261392935e-08	1.15387723854612	0.365	0.214
1	MKNK2	0.000859285864381247	7.73225829552099e-08	2.35452703925083	0.215	0.103
1	SRGAP1	0.000892040491309096	8.02699983181045e-08	1.93259702988982	0.27	0.148
1	IL1RAPL1	0.00100355854706367	9.03049173997727e-08	1.6081258802293	0.67	0.609
1	ARHGEF10L	0.00113566499616975	1.02192476934199e-07	1.65175464779209	0.395	0.282
1	VDR	0.00145136279498042	1.30600449471828e-07	1.11885272648513	0.325	0.195
1	UST	0.00181669221622309	1.63474508793583e-07	2.52534712021153	0.205	0.098
1	KIF6	0.00191801173897007	1.725917159156e-07	2.22718885254739	0.105	0.032
1	TOX	0.00224804174466462	2.02289367827285e-07	2.44016073425517	0.19	0.087
1	CPEB4	0.00259418229195471	2.33436722033179e-07	0.212311923831985	0.09	0.268
1	ARHGAP32	0.00307468538231747	2.7667464971812e-07	1.59793891356119	0.39	0.284
1	DNAH7	0.00323780152122675	2.91352606967223e-07	1.50764982823728	0.12	0.04
1	PDZD2	0.00368327991751002	3.31438847971747e-07	2.19740143063236	0.2	0.094
1	CDC14A	0.00585903496995017	5.27223519297235e-07	1.56946533209889	0.11	0.036
1	SHH	0.00599481093664117	5.39441279280228e-07	3.02855678739431	0.115	0.04
1	TESK2	0.00636710099430788	5.72941689400511e-07	2.03806972456656	0.195	0.092
1	TUFT1	0.00696292620576492	6.26556843855387e-07	2.21317578753833	0.14	0.054
1	ERRFI1	0.00724521713159564	6.51958708863101e-07	2.00443629125577	0.105	0.034
1	ARHGEF12	0.00727046226760726	6.54230384919217e-07	2.44431124447604	0.26	0.147
1	DENND4C	0.00752935215871758	6.7752651477707e-07	1.5874652904503	0.115	0.038
1	EZR	0.00770442577926768	6.93280462455474e-07	2.64375829163819	0.135	0.052
1	PFN2	0.00847084753093567	7.62246695845916e-07	0.690999973306459	0.17	0.377
1	TMTC1	0.00847848594680495	7.62934036426253e-07	1.02404494019515	0.645	0.624
1	SLC38A3	0.00895997621782021	8.06260795268624e-07	1.08305437164851	0.395	0.278
1	LRRC8E	0.0101521612711949	9.13539212741378e-07	2.11679793039189	0.105	0.034
1	CCDC9B	0.0103996678285251	9.35811016694421e-07	2.25319680091829	0.16	0.069
1	RASAL2	0.0104725912403377	9.42373008218992e-07	1.38492711490169	0.195	0.09
1	FMNL2	0.0118976880160388	1.07060991775748e-06	3.01667597995848	0.11	0.038
1	GAB1	0.0149686966061683	1.34695371242403e-06	0.987097025820409	0.2	0.093
1	TRIM62	0.0151984852991802	1.36763117962568e-06	1.99469945663697	0.2	0.101
1	FAT3	0.0160828243691346	1.44720816783359e-06	0.950644030871846	0.62	0.616
1	PHF14	0.0184340757781611	1.65878482661397e-06	0.200223001366205	0.18	0.391
1	ZEB1	0.0198866630202936	1.78949545759863e-06	2.4280668439522	0.4	0.3
1	AGRN	0.0222084210860202	1.99841816665348e-06	1.43023857709082	0.485	0.407
1	LASP1	0.0225065012023492	2.02524081727249e-06	1.88079560158513	0.355	0.249
1	CXCL14	0.0262111933500358	2.35860643840869e-06	1.3931291001514	0.14	0.056
1	RFTN2	0.0266140753953122	2.39485965943599e-06	1.8405903694497	0.115	0.042
1	MPRIP	0.0332298262532768	2.99017603286933e-06	1.91452366071464	0.315	0.21
1	LRP4	0.036268284851413	3.26359082618672e-06	2.00782429754392	0.28	0.172
1	ABL1	0.0378267830991652	3.40383182751419e-06	2.17773698043266	0.1	0.034
1	ACSS1	0.0416782518523825	3.75040509784779e-06	1.47470418180421	0.125	0.048
3	KCNT1	2.78351872415945e-74	2.50474104576572e-78	3.28966463039521	0.645	0.117
3	MYO1B	1.17985831569891e-37	1.06169199648962e-41	4.41076403995515	0.181	0.012
3	PDE9A	4.27894714599706e-34	3.85039786376051e-38	2.84672813620344	0.355	0.063
3	CAMK2A	1.00297063869074e-22	9.0252014639678e-27	2.39884763424119	0.503	0.187
3	IRAG2	1.46830575296112e-21	1.32125056506895e-25	2.71623495297425	0.239	0.041
3	CNIH2	5.9367412365807e-21	5.34215894590183e-25	1.87651239250041	0.555	0.225
3	KCNQ5	9.50664363560575e-21	8.5545250027947e-25	1.31494790921346	0.594	0.222
3	KCNIP2	8.71756812946239e-20	7.84447775529775e-24	1.61854783019243	0.6	0.254
3	ANO1	1.31677660147417e-19	1.18489750875026e-23	2.52291289054068	0.297	0.071
3	PPP3CA	2.40510415253534e-19	2.16422581889259e-23	1.57823680446164	0.723	0.427
3	RAB26	4.28010159795339e-19	3.85143669392009e-23	1.33874593164561	0.535	0.206
3	TRPC4	1.61023587763098e-18	1.44896596565372e-22	2.21960745949756	0.316	0.081
3	GAD1	2.15604593967358e-18	1.94011152674668e-22	0.503963154891546	0.619	0.239
3	CACNG8	1.48652790931085e-17	1.33764771826766e-21	1.68024440784879	0.697	0.378
3	ARHGEF2	1.72216459323548e-16	1.54968468751505e-20	0.999565895868014	0.335	0.094
3	AJAP1	3.06662403501739e-16	2.75949251778762e-20	1.38897508778006	0.613	0.294
3	GFRA1	3.67036645271332e-16	3.30276833682473e-20	1.98957778746938	0.477	0.182
3	RAPGEF4	6.06599780912009e-16	5.45847008829307e-20	2.62247586066336	0.219	0.046
3	SCN3B	1.43482099025599e-15	1.29111940093224e-19	1.7508582290934	0.439	0.166
3	SYT14	6.66365726468145e-15	5.99627217194407e-19	2.07028929074362	0.381	0.134
3	GRIN2B	1.42947011429182e-14	1.28630443110935e-18	0.989136677842737	0.929	0.634
3	SHISA7	7.93030633832295e-14	7.1360625738531e-18	1.88747912431772	0.697	0.415
3	GDPD4	8.77967079955087e-14	7.90036065828388e-18	1.49624627989667	0.542	0.267
3	BAIAP3	1.03174862016697e-13	9.2841592744261e-18	1.40112750794074	0.535	0.237
3	ADGRB3	1.42064459862955e-13	1.27836281708769e-17	0.862982656402715	0.884	0.665
3	GRIA1	1.75306715238658e-13	1.57749226346313e-17	1.09711470427608	0.677	0.348
3	WHRN	3.62379730565084e-13	3.26086322833694e-17	1.26263489596791	0.503	0.215
3	ALK	7.23935147862292e-13	6.51430889824793e-17	0.920569649202041	0.774	0.432
3	SLITRK1	1.04368306224414e-12	9.39155099652784e-17	1.29068651437347	0.639	0.342
3	NGEF	1.20264672143079e-12	1.08219807561486e-16	2.426130865516	0.29	0.091
3	PHOSPHO1	2.40323763329454e-12	2.16254623710477e-16	3.59450872868998	0.129	0.019
3	PCDH17	4.95069681202557e-12	4.45486980295651e-16	1.51740501607573	0.677	0.38
3	ADCY7	6.07975499479928e-12	5.47084945091269e-16	1.49613254168065	0.265	0.073
3	FRMPD3	1.00045014555549e-11	9.00252088144959e-16	1.44010225183492	0.516	0.257
3	ENO4	1.27569191196506e-11	1.14792757308113e-15	2.15712042597361	0.168	0.033
3	FNDC4	1.48307269843924e-11	1.33453855704062e-15	1.84586412234697	0.381	0.151
3	GRM5	2.53831178701475e-11	2.28409231262013e-15	1.28314017352415	0.697	0.423
3	RAPGEFL1	6.09775727322094e-11	5.48704874761176e-15	1.61901559824172	0.465	0.227
3	TAFA5	1.28765051446577e-10	1.15868848597658e-14	0.94899690493346	0.813	0.532
3	SLC18A2	1.67543751600022e-10	1.50763746603097e-14	1.70267413524957	0.174	0.038
3	LRRC7	4.03241174069677e-10	3.62855371249597e-14	0.983627326243079	0.729	0.457
3	NCALD	1.54951843470595e-09	1.39432955521097e-13	1.59410754781298	0.348	0.139
3	PDE1A	1.81062088480343e-09	1.62928181841396e-13	1.33195308235551	0.503	0.262
3	SIPA1L1	2.20832654884625e-09	1.98715607742846e-13	1.20596668002536	0.619	0.384
3	NRGN	2.88990243844217e-09	2.60047011467846e-13	1.70859324295388	0.206	0.056
3	PRKD1	3.67858031076565e-09	3.31015955256515e-13	1.67883527559406	0.303	0.112
3	PLCB1	5.45542783536748e-09	4.90905051324348e-13	1.59598874143833	0.387	0.175
3	LRRTM4	6.31820899382138e-09	5.68542157277187e-13	0.244840625582976	0.794	0.51
3	ZNF385C	6.97209843574644e-09	6.27382204242458e-13	0.997861044621976	0.581	0.327
3	RIN1	8.1843917194391e-09	7.36470054840196e-13	2.41199974893666	0.2	0.056
3	IL1RAPL1	8.93645122078594e-09	8.04143905406815e-13	0.47181419380468	0.852	0.597
3	ADCYAP1R1	9.90286662636619e-09	8.91106508266552e-13	1.03079040621266	0.6	0.338
3	CALY	1.02331848760142e-08	9.20830097724665e-13	1.62502029787011	0.342	0.14
3	HNRNPK	1.13364182889772e-08	1.02010422828914e-12	2.09369830085357	0.581	0.325
3	INF2	1.33326866522426e-08	1.19973784326848e-12	2.09727984336611	0.213	0.063
3	ATP2A3	1.89238913724493e-08	1.70286073719512e-12	1.57996268657841	0.277	0.098
3	KCNG2	3.3700194821618e-08	3.03250200860416e-12	2.43529323638639	0.174	0.045
3	FAM107B	3.37873795255374e-08	3.04034729825766e-12	2.10259146210421	0.187	0.052
3	VWA5B1	3.87686719812805e-08	3.48858741845411e-12	1.4480304634451	0.245	0.08
3	OPRM1	5.21278660405359e-08	4.69071052285935e-12	1.87300563846744	0.277	0.103
3	CNKSR2	7.74878584408841e-08	6.97272189695709e-12	1.65705397902943	0.245	0.083
3	NAB2	9.36332890781604e-08	8.42556367121033e-12	1.93145787532482	0.161	0.04
3	PASD1	9.51947630821157e-08	8.56607244507475e-12	1.81526507371551	0.245	0.083
3	GAD2	9.52132396750721e-08	8.567735055797e-12	0.697126675664852	0.458	0.202
3	DOC2B	1.25703117952078e-07	1.13113576848806e-11	1.05579726859705	0.523	0.269
3	FOXG1	1.71809315816299e-07	1.5460210187735e-11	1.7936187600566	0.161	0.041
3	FOSL2	1.91821131924994e-07	1.7260967508773e-11	1.74453086317385	0.297	0.115
3	NRP1	1.99937296995247e-07	1.79912982088767e-11	1.03785832604526	0.619	0.335
3	KCNF1	2.08829080092793e-07	1.87914226664981e-11	1.94762947258672	0.174	0.047
3	CNGA3	2.67019837724179e-07	2.40277006860595e-11	2.39212203597261	0.116	0.023
3	EFNA3	2.7685650119998e-07	2.49128499235112e-11	1.13426093873787	0.419	0.199
3	SLC8A1	4.20140002599043e-07	3.78061731844726e-11	0.762134960640256	0.69	0.444
3	CADPS2	5.02580336738382e-07	4.52245421342915e-11	0.989039976575144	0.452	0.218
3	RASGRF2	5.40481484796972e-07	4.86350656705634e-11	1.12450412252743	0.348	0.151
3	DLGAP1	7.46040362046472e-07	6.71322201067643e-11	1.02410473173148	0.71	0.466
3	NTRK3	8.47687825517805e-07	7.62789368773333e-11	0.593690720877253	0.839	0.603
3	ZFHX3	9.65749792266199e-07	8.69027078436245e-11	0.92153683000657	0.497	0.25
3	ELFN1	1.25247994931658e-06	1.12704035752414e-10	0.204205683767695	0.735	0.483
3	EGR1	1.39445320572517e-06	1.25479457007574e-10	3.24539897380833	0.194	0.06
3	EFNB3	1.79958600569506e-06	1.61935211526595e-10	0.923514008741785	0.535	0.305
3	AGAP3	2.97339056219262e-06	2.67559665454209e-10	0.580614080059987	0.819	0.613
3	NPR3	3.39684091774174e-06	3.05663719764397e-10	1.68896030570525	0.174	0.051
3	SRRM3	6.98608349485537e-06	6.28640645627227e-10	0.965043056560874	0.568	0.351
3	LDB2	1.14623825840189e-05	1.03143908791676e-09	1.31209574707074	0.374	0.183
3	HS3ST4	1.18434652150773e-05	1.06573069513879e-09	1.40654240135645	0.348	0.166
3	NOS1	1.24614028714775e-05	1.12133563137564e-09	1.07344129724545	0.323	0.144
3	LRRC4C	1.26540739542327e-05	1.13867308145709e-09	0.744765907516609	0.755	0.51
3	CAMKV	1.44731749648868e-05	1.30236434490118e-09	1.58385210547712	0.355	0.17
3	NALCN	2.15937936567958e-05	1.94311110022458e-09	0.871938707129095	0.606	0.39
3	FAM184A	2.33670267511001e-05	2.10267495285702e-09	0.48798965387883	0.723	0.491
3	GCHFR	2.89156979436832e-05	2.60197047994989e-09	2.08559765191065	0.116	0.028
3	SDK1	3.20634751026642e-05	2.88522227145363e-09	1.00482406854704	0.413	0.215
3	GABBR1	5.67768199406903e-05	5.10904525696844e-09	0.841832022195022	0.923	0.695
3	GABRB3	6.76369368104613e-05	6.08628964370209e-09	0.750018681351922	0.529	0.315
3	RGS4	7.00614072621537e-05	6.30445489626147e-09	1.94650342591747	0.103	0.023
3	CSMD1	8.03714119441492e-05	7.23219760138119e-09	0.609418497187103	0.774	0.52
3	LRRTM2	0.000123749662095832	1.1135576540613e-08	1.54657840545225	0.355	0.19
3	MAP2K1	0.000129077236364491	1.16149767267607e-08	1.9087342075001	0.2	0.073
3	ITPR1	0.000158337559428371	1.42479581956602e-08	2.00620833229469	0.458	0.27
3	KHDRBS3	0.000175854977048437	1.58242578105315e-08	1.58690277942686	0.303	0.147
3	TOX2	0.000296071013758606	2.66418621217139e-08	0.996830304765522	0.432	0.246
3	DLG2	0.000349005837446626	3.14051864884933e-08	0.780604992350121	0.658	0.466
3	ANKRD13B	0.000352413716703593	3.17118434899301e-08	1.22122861179771	0.277	0.124
3	SP9	0.000363122183947571	3.26754417301872e-08	1.81715496839105	0.148	0.046
3	MGAT4C	0.000373740881298374	3.36309620533046e-08	0.952588095926779	0.516	0.309
3	PDE1C	0.00037945019569566	3.41447130113975e-08	0.998116900748771	0.277	0.122
3	RAVER2	0.000385917601823232	3.47266806283841e-08	0.756302496170944	0.561	0.364
3	GRID2	0.000490432830981638	4.41314524414324e-08	0.477639840466606	0.813	0.563
3	MEIS2	0.000510291184846115	4.5918400508064e-08	1.57154714753174	0.206	0.08
3	CHRM4	0.000517499699095748	4.65670565190091e-08	1.68228983716568	0.213	0.086
3	GRIK5	0.000543535941761846	4.89099200721539e-08	0.665232007224703	0.787	0.55
3	NPR1	0.000549256723204894	4.94247028889493e-08	0.700992809495838	0.303	0.136
3	NLGN1	0.000562248899326189	5.05937999933581e-08	0.491414739594737	0.858	0.678
3	MINK1	0.00087400487748873	7.86470689722604e-08	0.991494859483012	0.51	0.328
3	BCR	0.00099773367272383	8.97807678146162e-08	0.852986117528989	0.49	0.303
3	LINGO4	0.00108681780786754	9.77969772219507e-08	0.801322154120144	0.465	0.286
3	EXT1	0.00114978812840826	1.03463342788469e-07	1.00955876545407	0.432	0.249
3	ADAMTSL3	0.00133557547356483	1.20181361789331e-07	1.12495748498991	0.419	0.259
3	KIRREL1	0.00148210890845405	1.33367129348875e-07	0.847647065304624	0.594	0.4
3	AK5	0.00155414231005714	1.39849033569436e-07	0.321156905668994	0.561	0.362
3	NR4A2	0.00249724816581691	2.24714133520824e-07	0.999074703470399	0.135	0.041
3	SEZ6	0.00262058504905581	2.35812566278756e-07	0.719605027074583	0.497	0.307
3	GRID1	0.00336121400124106	3.02457842278508e-07	0.801065651501271	0.871	0.704
3	PLEKHA5	0.00354717244918663	3.19191257912951e-07	0.908379344923335	0.271	0.127
3	DLG4	0.00377472228401334	3.39667262126639e-07	1.1231573395856	0.658	0.475
3	CHRM5	0.00383965644537578	3.45510343325455e-07	2.17332207614255	0.129	0.041
3	ECE2	0.004512574105551	4.06062638850985e-07	0.645479032232547	0.561	0.379
3	PTPRN2	0.00502796786557241	4.52440193068695e-07	0.209763826036174	0.948	0.822
3	SPTBN1	0.00544336754080944	4.89819809305268e-07	0.637336961351376	0.826	0.635
3	RYR3	0.00737627360237581	6.63751786410133e-07	1.1535411257998	0.542	0.373
3	LRRTM1	0.0076699263118945	6.9017603814402e-07	1.2604460379077	0.277	0.138
3	DEDD2	0.00860341335279599	7.74175591901016e-07	1.13622261904886	0.284	0.145
3	HNRNPUL2	0.0109612646525203	9.86346139883043e-07	1.55568622168577	0.142	0.05
3	HTR4	0.0139104182104793	1.25172484571936e-06	0.926493317494416	0.335	0.181
3	CELF6	0.0154993131500828	1.39470108432312e-06	0.553261668228452	0.69	0.508
3	AHDC1	0.0155425817053244	1.39859459239849e-06	1.28365538857126	0.213	0.095
3	PTCHD1	0.0188793508626341	1.69885277266572e-06	2.06753027635469	0.142	0.052
3	SLC8A3	0.0191920550020181	1.72699136165015e-06	0.630650467084381	0.665	0.465
3	LRRC4B	0.0204562700672215	1.84075137831562e-06	1.07156185160126	0.619	0.45
3	PRICKLE2	0.0246473075002396	2.21788063531356e-06	0.888391941538346	0.342	0.199
3	NLGN4Y	0.0247344145903355	2.22571894091024e-06	0.587668641994778	0.542	0.351
3	ERF	0.0252068088612902	2.2682271988923e-06	1.34586786639202	0.174	0.07
3	SLC39A12	0.0252730203423513	2.27418521932433e-06	0.882978291186824	0.213	0.093
3	TENM1	0.026306917262045	2.3672201261626e-06	0.613232553390729	0.71	0.528
3	BAIAP2	0.0274918391893384	2.47384497339498e-06	1.68355845451541	0.574	0.409
3	GRIN1	0.0286761236933328	2.58041246228136e-06	0.541817364165583	0.839	0.663
3	GSG1L2	0.0296359583950057	2.66678290245709e-06	1.69712964027013	0.116	0.038
3	CPNE2	0.0354621911511874	3.19105472430374e-06	0.295180924667503	0.477	0.282
3	CPNE7	0.0363046603693281	3.26686406634825e-06	1.05668082384925	0.323	0.177
3	DAPK1	0.0377341738418598	3.3954984110375e-06	1.06494648391989	0.323	0.183
3	ADAM12	0.0413095793680481	3.71723021398795e-06	0.811418259227703	0.252	0.124
3	SYT10	0.042113163202245	3.78954046632277e-06	1.68168780576685	0.2	0.091
3	RAP2B	0.0435740189993337	3.92099514076611e-06	1.29558106761488	0.148	0.056
3	TRHDE	0.0440582156213925	3.96456542980226e-06	0.4941312660023	0.716	0.505
3	RASGEF1C	0.0494069763665251	4.44587207473455e-06	1.27747113938776	0.206	0.095
10	PRKCQ	3.19274463768235e-250	2.87298176701372e-254	7.42494184314345	0.969	0.042
10	KISS1	2.24860544716037e-152	2.02340092428721e-156	8.93398679806936	0.367	0.002
10	PROX1	3.50459085919117e-136	3.15359566200951e-140	5.29934860985282	0.796	0.065
10	SLC1A6	2.9883324761027e-129	2.6890420913369e-133	5.72390444932788	0.663	0.042
10	KCNH7	1.49261724665551e-120	1.3431271903676e-124	5.66156001662639	0.755	0.068
10	NR4A2	1.89570458684164e-97	1.70584413465459e-101	5.2675502512832	0.49	0.028
10	RASGRP2	1.60377160209604e-93	1.44314910653833e-97	4.95608453567216	0.745	0.093
10	CASZ1	1.2294984459667e-89	1.10636052008161e-93	4.47680077195547	0.561	0.044
10	LEF1	8.26861136954914e-86	7.44048535008471e-90	4.91520367724465	0.612	0.061
10	POU4F1	2.14913981348918e-84	1.93389706963842e-88	6.1115851494144	0.286	0.007
10	RASAL1	2.65693770383623e-76	2.39083749107913e-80	5.22994632282516	0.541	0.053
10	CNKSR1	1.45406192910757e-71	1.30843330253538e-75	5.45612923500107	0.265	0.008
10	MEGF6	7.82995928185226e-69	7.04576557351954e-73	5.32287049844572	0.296	0.012
10	KCNIP3	1.11833750902313e-64	1.00633268156495e-68	4.22143373368989	0.724	0.137
10	ARHGAP20	2.81820618132796e-63	2.5359544509385e-67	3.89903457176992	0.622	0.087
10	KCND2	2.10149490651829e-58	1.89102394179636e-62	3.45622197707995	0.898	0.29
10	ROBO3	3.3784454717346e-58	3.0400841102624e-62	5.9056468237464	0.918	0.321
10	TMCC3	8.95911615949249e-58	8.06183403175785e-62	4.92343801762055	0.48	0.055
10	NOTUM	2.79674274015252e-56	2.51664063722894e-60	5.35857736349339	0.276	0.014
10	AK5	3.17114356189958e-55	2.85354410321207e-59	3.53287804712476	0.908	0.352
10	ARK2N	4.94082086383059e-53	4.44598296034427e-57	5.04325607483414	0.469	0.058
10	BICDL2	4.5344779742861e-52	4.08033651964915e-56	5.65179721115593	0.194	0.005
10	MSI2	2.15251837892188e-51	1.9369372616952e-55	3.0292767164842	0.959	0.463
10	CYP1B1	3.15463210155165e-47	2.83868631472299e-51	4.02992874752574	0.276	0.017
10	SLC18A3	1.78511849223228e-46	1.60633356630278e-50	4.53192884050611	0.224	0.011
10	TUB	1.6928895314666e-44	1.52334161024619e-48	4.58130543783559	0.796	0.273
10	ETV1	1.47070576445546e-43	1.3234102082745e-47	3.41096295310798	0.429	0.054
10	SLIT2	1.08565143334505e-42	9.76920213574235e-47	3.30648352577983	0.602	0.123
10	NOXO1	1.59241296019776e-42	1.4329280664067e-46	8.72401661644573	0.112	0.001
10	SULF2	8.34904230672751e-39	7.51286088970351e-43	3.36611503350858	0.653	0.174
10	GABBR2	2.63241571869213e-38	2.36877145567545e-42	2.67795422277899	0.898	0.52
10	NRXN1	9.49315788624296e-38	8.54238989133714e-42	2.37320043148778	0.949	0.574
10	ADCY5	6.13724862179825e-37	5.52258492018199e-41	3.15488270605513	0.827	0.392
10	TRPM3	3.88440047914452e-36	3.49536621897284e-40	2.87345169530236	0.704	0.21
10	SLC4A7	4.56201959430089e-36	4.10511976451083e-40	3.50413841915385	0.776	0.315
10	CARMIL1	4.07194880336039e-35	3.66413102075082e-39	2.62188735087523	0.684	0.215
10	HCN3	7.63075624067366e-35	6.86651330934371e-39	2.56457287981922	0.847	0.372
10	NELL1	1.29893708379154e-32	1.16884467181818e-36	2.65209356723511	0.847	0.431
10	PDE8A	3.78588113288967e-32	3.4067138782414e-36	3.3510186937858	0.643	0.201
10	TCF7L2	1.03153091257834e-31	9.28220023916436e-36	1.91005491173114	0.796	0.241
10	RYR3	1.24252255416033e-31	1.11808022510603e-35	3.09651316491842	0.816	0.365
10	GABRG3	1.26875230796578e-31	1.14168299106072e-35	1.51287432537897	0.806	0.328
10	CNIH3	1.81527047821088e-30	1.63346574121378e-34	3.27463715029249	0.704	0.274
10	DPP6	1.86587515996839e-28	1.67900221359524e-32	3.7088896784206	0.918	0.638
10	ZFHX3	2.17591575732688e-28	1.95799132306927e-32	2.38946286152761	0.724	0.246
10	GLRA3	2.72803995585606e-27	2.45481864110147e-31	3.79201269783183	0.378	0.067
10	NR4A3	3.31196213342149e-27	2.98025927600242e-31	2.96198196769925	0.337	0.05
10	RBPMS	5.65706051889092e-26	5.09048908385757e-30	3.42427400769674	0.357	0.062
10	CDK14	1.12929177784357e-24	1.01618984778509e-28	2.80317803934975	0.796	0.492
10	GPR179	1.79252939371044e-24	1.61300224395793e-28	4.42821078790948	0.316	0.052
10	PITPNM3	2.8361359775447e-24	2.55208852474102e-28	2.69218402071745	0.694	0.304
10	IRX1	9.14605232410028e-24	8.23004798353305e-28	3.87788777636586	0.327	0.055
10	WNT2	1.89423092636266e-22	1.70451806565523e-26	5.3837201257215	0.112	0.005
10	GRIN1	3.81459243384146e-20	3.43254965701562e-24	2.40300164137432	0.949	0.662
10	RYR1	4.7517849525955e-20	4.27587955781112e-24	3.06698205231975	0.551	0.211
10	KCNQ5	6.96966176791995e-20	6.27162941412755e-24	2.00311523463889	0.633	0.23
10	LUZP2	2.69655162726468e-19	2.42648396226463e-23	1.30694423011307	0.929	0.624
10	ACTN1	5.11611429843892e-19	4.60372023615488e-23	2.96330392523621	0.469	0.142
10	CDH8	6.71248349600383e-19	6.04020831099058e-23	2.77305389179136	0.612	0.261
10	DACH2	2.28528385398126e-18	2.0564058795836e-22	2.63188620002001	0.378	0.087
10	NPTX1	2.54983512167235e-17	2.29446155104144e-21	2.71700927951585	0.602	0.253
10	SLC24A2	2.55860630672064e-17	2.30235427582168e-21	2.74393161384093	0.633	0.322
10	GPR149	2.82625454273523e-17	2.54319674501505e-21	3.48233664645572	0.327	0.072
10	ZFHX4	3.78296049723747e-17	3.40408575293573e-21	2.06989129506005	0.582	0.218
10	PHACTR3	6.94934554249261e-17	6.25334791909711e-21	3.52398163104375	0.694	0.412
10	NLGN3	7.34756312899795e-17	6.61168283001706e-21	2.23154959853153	0.704	0.418
10	NETO2	2.02995438281575e-16	1.82664841430374e-20	2.00014768903853	0.704	0.419
10	DLG1	6.08461537472733e-16	5.47522304933621e-20	2.07456520201814	0.735	0.46
10	POU6F2	7.38627005817039e-16	6.64651314511868e-20	3.47436787898021	0.204	0.029
10	MXI1	8.08564146564719e-16	7.27584042621001e-20	2.67332372872487	0.52	0.204
10	FAM43A	9.61732356280586e-16	8.65412000612424e-20	4.60291545646618	0.133	0.012
10	TEAD1	3.88158040155488e-15	3.4928285805407e-19	2.65265495701607	0.347	0.086
10	RP1L1	5.64863432663147e-15	5.08290679981235e-19	4.46500409156675	0.163	0.02
10	CPZ	3.676537926962e-14	3.30832171957348e-18	5.5648861069489	0.102	0.007
10	SCHIP1	4.14740356312234e-14	3.73202876192058e-18	2.00200967923876	0.735	0.477
10	SEZ6L	9.28264828152314e-14	8.3529634495844e-18	2.03217040369256	0.612	0.311
10	PRMT8	1.02416663638556e-13	9.21593301885684e-18	3.74722945912487	0.265	0.058
10	INHBB	1.49399189685454e-13	1.34436416526099e-17	2.41009351727386	0.143	0.016
10	LINGO2	2.56287359575373e-13	2.30619418316722e-17	0.679803356579773	0.867	0.595
10	ONECUT1	2.57216186205339e-13	2.31455220197372e-17	3.45777157748698	0.204	0.034
10	MYOCD	8.7751780382906e-13	7.89631786042526e-17	5.36887343108437	0.122	0.012
10	GPR139	9.76374433038296e-13	8.78587629837394e-17	4.04031696310954	0.235	0.047
10	GPR52	9.96034111935424e-13	8.96278333425199e-17	3.2082627212157	0.337	0.096
10	GRIA4	1.24007435452785e-12	1.11587721994767e-16	1.65032253347115	0.612	0.287
10	MBNL2	1.2959648295084e-12	1.16617009764096e-16	3.35860248934975	0.663	0.408
10	GALNT14	2.25758577832757e-12	2.03148184858055e-16	2.14514107402056	0.52	0.221
10	UPF3A	3.48004915534867e-12	3.13151188279373e-16	3.51271570035291	0.357	0.113
10	GAS2L3	1.0334697300244e-11	9.29964663029242e-16	3.80228684869031	0.153	0.021
10	GRID1	1.20340117251855e-11	1.08287696618244e-15	0.877274270668323	1	0.702
10	PTPRN2	1.65259398926291e-11	1.48708178643293e-15	1.46253483418953	0.959	0.825
10	CHST8	1.81854380246284e-11	1.63641123230706e-15	1.9449816946841	0.602	0.319
10	KCNK2	4.94719843205477e-11	4.45172179614395e-15	3.20385193407137	0.357	0.118
10	EGR4	8.49212032006036e-11	7.64160921448786e-15	5.39538011732988	0.378	0.132
10	CALN1	1.97403646013797e-10	1.77633083788173e-14	2.49204285517957	0.429	0.174
10	CHRM2	2.01679936131381e-10	1.81481090732818e-14	3.04849902050006	0.633	0.354
10	PEX5L	2.91847618570341e-10	2.62618211617332e-14	2.02330287064074	0.551	0.276
10	PRKD3	3.62027816451651e-10	3.25769653965312e-14	2.58633593130381	0.214	0.044
10	RIMS3	5.3375279309871e-10	4.80295863492046e-14	2.42337715192589	0.5	0.25
10	CBFA2T3	6.2522113300207e-10	5.62603377127751e-14	2.87520891363048	0.347	0.115
10	DOCK9	8.03964649916959e-10	7.23445199241392e-14	1.88273164186967	0.449	0.189
10	DUSP5	1.16811358715319e-09	1.0511235374365e-13	3.99744168796973	0.184	0.035
10	LRATD1	1.27630919976086e-09	1.14848303766837e-13	3.89182019174575	0.153	0.025
10	PER2	1.67851557059196e-09	1.51040724430123e-13	3.2398227350559	0.296	0.089
10	GRM7	1.7875503835241e-09	1.60852189644929e-13	1.71045240423299	0.582	0.317
10	PDE5A	2.0702507534699e-09	1.8629089835957e-13	1.73042227838173	0.571	0.329
10	BTG1	2.09319176609991e-09	1.88355238558437e-13	2.29579659883592	0.5	0.251
10	UNC13B	2.36648091589695e-09	2.12947081426883e-13	3.15307593802768	0.143	0.022
10	RGMA	3.95701104864068e-09	3.56070462399053e-13	1.67982933104005	0.531	0.26
10	KCNQ3	1.58051629320552e-08	1.42222288599435e-12	1.54761454746757	0.704	0.569
10	PTPRU	2.80512110361017e-08	2.5241798826691e-12	1.35141926444597	0.755	0.501
10	NTRK3	2.86502119281188e-08	2.57808079979472e-12	2.69279700494204	0.827	0.61
10	QPCT	4.04344418433331e-08	3.63848122409188e-12	3.09920574032116	0.276	0.085
10	KCNH1	6.1598455244844e-08	5.54291867586107e-12	2.44897146100718	0.429	0.192
10	VAV2	9.22287524711298e-08	8.29917686233508e-12	1.48504786125663	0.561	0.298
10	RGS9	1.00877640433437e-07	9.07744447344882e-12	2.86054612805034	0.316	0.113
10	MICAL2	2.06622542938678e-07	1.85928680769079e-11	3.46718083388398	0.143	0.026
10	FHOD3	2.90159792403072e-07	2.61099426260301e-11	2.72626373352675	0.296	0.1
10	TGFBR3	3.43853791226086e-07	3.09415811415536e-11	2.70761464822323	0.112	0.016
10	C2CD2L	3.79449231521515e-07	3.41446262504738e-11	3.56566881024883	0.245	0.074
10	RAP1GAP2	3.97856913699767e-07	3.58010360568494e-11	2.74637719288951	0.612	0.392
10	PPP3CA	4.26093647013839e-07	3.83419101065274e-11	1.4990404970193	0.633	0.439
10	ARK2C	4.45505583508878e-07	4.00886874389344e-11	3.74496826617593	0.449	0.232
10	CECR2	4.96600384543969e-07	4.46864379145118e-11	2.50913376207332	0.122	0.019
10	ST8SIA5	5.72991888364024e-07	5.15605046669688e-11	1.10904025059907	0.776	0.624
10	ZDHHC18	8.50838266694943e-07	7.65624283897187e-11	2.90590819482656	0.327	0.126
10	ZIC1	8.87995392279256e-07	7.99060012849146e-11	1.76534165388537	0.378	0.15
10	BAIAP2	1.33981668343522e-06	1.20563005798184e-10	1.84971840302305	0.612	0.412
10	AOPEP	1.4958921750019e-06	1.34607412490048e-10	1.81688506809984	0.378	0.158
10	STXBP5L	1.80871787722086e-06	1.62756940270031e-10	1.16579358055132	0.663	0.45
10	WASF1	4.1443098660041e-06	3.72924490776937e-10	2.16460257889016	0.429	0.215
10	RTTN	5.03678143802723e-06	4.53233279764891e-10	3.74723830389983	0.112	0.018
10	ADGRL1	5.76717006012548e-06	5.18957082707233e-10	1.71133829194532	0.571	0.401
10	GDPD5	9.7485126245605e-06	8.77217009318861e-10	2.73108210472675	0.184	0.047
10	NRN1	5.12381958286378e-05	4.61065381342912e-09	1.97420736825394	0.439	0.24
10	CELF6	5.50017097803905e-05	4.94931249711064e-09	1.30050106364765	0.653	0.514
10	NECTIN3	6.35932370653221e-05	5.72241852472978e-09	3.68806032147491	0.133	0.028
10	CPNE4	7.95560894174219e-05	7.1588310462901e-09	4.2788949508016	0.378	0.186
10	NHERF2	8.18558294284061e-05	7.36577246723712e-09	3.56309736543711	0.122	0.025
10	PKN1	9.1612705049369e-05	8.2437420183001e-09	3.52985210574277	0.316	0.136
10	USH1G	0.00010283557177743	9.25362834315039e-09	3.27324289363249	0.112	0.021
10	GNB4	0.000145556359674176	1.30978457369006e-08	1.66998440108647	0.449	0.258
10	DOC2A	0.000148100541748981	1.33267832042635e-08	4.06851297171826	0.245	0.088
10	CLSTN2	0.000150268976304066	1.35219091428117e-08	1.47327168031895	0.745	0.554
10	ZXDA	0.000155086214759887	1.39553869126147e-08	2.38644718760456	0.276	0.108
10	ADRB1	0.000183386835846596	1.65020098845133e-08	4.05281122328694	0.102	0.018
10	KCNH2	0.000202819479477043	1.82506505423417e-08	2.16375639357764	0.429	0.242
10	ARHGDIA	0.000312327080488743	2.810465945188e-08	3.08153125383975	0.276	0.111
10	RGS7	0.000426349100616126	3.83648970229574e-08	2.20675041535134	0.429	0.257
10	KCNK12	0.000679787369236875	6.11704642523959e-08	3.20286774302733	0.133	0.032
10	EPHA6	0.00118785668100632	1.06888930172439e-07	1.6872909460943	0.449	0.283
10	MBNL3	0.00169111545199983	1.52174521011413e-07	2.24802656207609	0.398	0.237
10	NRCAM	0.00254049312661937	2.28605518457606e-07	2.49321971606574	0.561	0.443
10	SIK2	0.00366520346385847	3.29812243665839e-07	2.22390022616817	0.337	0.174
10	PDE1C	0.00387154219777347	3.48379573272156e-07	1.74824185019441	0.286	0.126
10	SHISAL1	0.00486428238882223	4.377110041233e-07	2.22435280654905	0.347	0.184
10	ADAMTSL5	0.00569026982835885	5.12037238221798e-07	2.40133567575933	0.163	0.05
10	SLC25A1	0.00903040351689396	8.12598174830735e-07	3.24877725996548	0.102	0.022
10	DOCK4	0.00979266406717652	8.81189963752049e-07	1.24406216473698	0.571	0.449
10	NAB1	0.0104055983415571	9.36344672145873e-07	2.67301961234951	0.214	0.084
10	GRK3	0.0107103132532489	9.63764352852418e-07	1.48116728817574	0.531	0.42
10	FURIN	0.0128532149475531	1.15659272451661e-06	2.21558331045642	0.48	0.316
10	RFTN1	0.0141474697199197	1.27305585529737e-06	3.09174001495305	0.122	0.032
10	RARB	0.0277983766225164	2.50142865315544e-06	1.39646185346173	0.235	0.098
10	NFIB	0.0336376835761878	3.02687695277493e-06	1.9812801599198	0.378	0.221
10	GRIA1	0.0381757815399538	3.43523634841661e-06	1.00735646624455	0.51	0.364
11	CMKLR1	2.35161428204288e-219	2.11609311800853e-223	11.4913659621765	0.5	0.001
11	HCK	2.23651510318242e-213	2.01252146421526e-217	7.33098775289199	0.586	0.005
11	HLA-DQA2	1.52050942855161e-171	1.36822588729561e-175	8.24658841687	0.655	0.014
11	CYBB	1.4695812740264e-170	1.32239833890615e-174	8.28936281259245	0.483	0.004
11	MARCO	2.16808474821749e-164	1.95094461281156e-168	9.26331395767505	0.414	0.002
11	ENTPD1	3.37425511894456e-157	3.03631343376637e-161	7.25222429150506	0.638	0.016
11	SLCO2B1	4.3962121352315e-154	3.9559184155777e-158	8.27140745652215	0.466	0.005
11	ARHGAP45	4.50384818876321e-146	4.05277439823919e-150	7.28351539572892	0.483	0.007
11	CYTH4	5.70217449275333e-135	5.13108475906895e-139	8.27110750664714	0.328	0.001
11	ITGB2	1.16246475053556e-134	1.04604044860574e-138	6.67875116457089	0.448	0.007
11	MRC1	2.29653900909206e-131	2.06653379743729e-135	8.31036382821554	0.345	0.002
11	CD53	2.06993220683805e-127	1.86262234035639e-131	7.03617691442493	0.431	0.007
11	GPR34	5.71045543811417e-124	5.13853634312443e-128	6.52018636467584	0.534	0.014
11	CSF3R	1.25461253331988e-118	1.12895935689722e-122	10.4038947454607	0.293	0.001
11	CSF1R	3.54569350083416e-118	3.19058175185293e-122	10.6205503253978	0.328	0.003
11	DAPP1	3.56940059655809e-118	3.21191451143534e-122	6.54134361298844	0.466	0.01
11	RGS13	6.21425496293751e-116	5.59187884723973e-120	9.51348034823984	0.379	0.005
11	RBM34	8.3672060191888e-113	7.52920545234303e-117	7.29875683237676	0.569	0.021
11	TLR2	1.45528333590661e-105	1.30953238181104e-109	8.01349924305535	0.31	0.003
11	RBM47	1.28481281630437e-104	1.15613499172534e-108	7.72796579523926	0.345	0.005
11	P2RY12	4.30571459864832e-102	3.8744844764225e-106	9.86307333410856	0.259	0.001
11	CARD11	7.00715693972594e-102	6.30536933296674e-106	6.67505575048966	0.293	0.003
11	MMP14	1.2748355910353e-101	1.14715701523918e-105	9.69223527680307	0.397	0.009
11	CARD9	7.11117197014549e-91	6.39896694874965e-95	7.3851918058489	0.362	0.008
11	GPR55	1.97510600867421e-90	1.77729326795124e-94	11.1244041056771	0.207	0
11	B3GNT2	1.05776366724569e-88	9.51825490187793e-93	5.71618884524335	0.483	0.019
11	RHOG	3.50049881317722e-88	3.14991344657358e-92	6.39333332580058	0.241	0.002
11	GCH1	8.18216815732728e-85	7.3626996826485e-89	5.43034671825229	0.466	0.018
11	P2RY6	1.79076096846063e-83	1.61141093175617e-87	6.76291444402959	0.414	0.014
11	MYO1F	2.26476843326344e-82	2.03794513926342e-86	8.2823274101144	0.259	0.003
11	PLEK	6.90538016546811e-82	6.21378580533439e-86	6.76517385870173	0.276	0.004
11	SEMA7A	1.03531078792242e-80	9.31621333503479e-85	6.24500841820832	0.31	0.006
11	TNFAIP8L2	2.09867909715574e-78	1.88849014411567e-82	7.15942519396908	0.259	0.004
11	SALL3	6.05217779121545e-78	5.44603418628224e-82	4.74988343464031	0.621	0.042
11	BIN2	1.22012204182504e-74	1.09792319070011e-78	6.98415345726285	0.241	0.003
11	SH2B3	8.2894308859678e-74	7.45921973001691e-78	5.3549651556991	0.483	0.025
11	QSOX1	4.74540823497222e-73	4.27014148742213e-77	5.23038231706578	0.483	0.025
11	TEC	1.75093351141754e-71	1.57557231298258e-75	6.99691165380533	0.293	0.007
11	MLKL	1.94025976425898e-69	1.74593697854673e-73	7.93169760652292	0.19	0.001
11	ITGAX	1.08510114509011e-66	9.76425038324582e-71	5.71579198981821	0.31	0.009
11	BPIFC	5.82530740859207e-66	5.24188554718985e-70	6.85385469247375	0.328	0.011
11	CYBA	1.7731231890121e-61	1.59553962837406e-65	7.98432787632272	0.172	0.001
11	RAC2	1.62530330721304e-60	1.46252434735269e-64	6.55351867646271	0.224	0.004
11	UNC93B1	1.73973637076414e-60	1.56549659926585e-64	5.98203215900203	0.276	0.008
11	TMEM26	5.33694653381732e-60	4.8024354664063e-64	8.15167324864803	0.207	0.003
11	PSTPIP2	5.89800330481878e-57	5.30730073321225e-61	7.15600294881768	0.138	0
11	LYN	9.9283094581092e-57	8.93395973914263e-61	8.9062031007053	0.172	0.002
11	CD68	7.30915075403647e-53	6.57711756864616e-57	5.81352805596651	0.397	0.024
11	CYFIP1	1.37671946719852e-50	1.23883691820258e-54	4.81585458003526	0.362	0.02
11	SLC4A2	2.8014514438796e-50	2.52087775027409e-54	5.58195715752539	0.448	0.034
11	INPP5D	2.46118685186801e-49	2.21469166909746e-53	5.37839174466874	0.19	0.004
11	DOCK2	4.23333328550155e-49	3.80935236704899e-53	4.74145815681595	0.362	0.021
11	GPR18	6.24889023765851e-49	5.6230452961923e-53	6.9900196601139	0.155	0.002
11	TGFBI	7.63918650067084e-49	6.87409925373062e-53	5.94700093465413	0.172	0.003
11	EDNRB	9.31288966234289e-49	8.38017606617735e-53	8.5714069139887	0.121	0
11	MYO1G	2.80122785702538e-46	2.52067655630827e-50	6.69440504829866	0.224	0.007
11	FPR1	9.98736565816836e-46	8.98710128513305e-50	8.5925204319221	0.172	0.003
11	TFEB	4.2020096299117e-45	3.78116586872284e-49	4.57911615520091	0.345	0.02
11	ZNRF2	1.62416040347121e-44	1.46149590881959e-48	5.10550804108412	0.603	0.08
11	ARHGEF2	1.83419790706344e-44	1.6504975317767e-48	5.47930685132732	0.655	0.096
11	TLR8	9.17823733022625e-43	8.25900956557748e-47	7.79229471035478	0.121	0.001
11	SMPD4	1.09170389648584e-42	9.82366504531489e-47	5.15764392642601	0.517	0.058
11	ARHGAP20	2.85098730875523e-41	2.56545245096304e-45	3.59246359020111	0.655	0.096
11	RHBDL2	1.67629893881575e-40	1.50841261478966e-44	11.2905389512356	0.103	0
11	RAB44	3.92852519174194e-40	3.53507171037698e-44	6.14185643005305	0.172	0.004
11	CEBPB	6.94126628792101e-39	6.24607782589851e-43	7.96539075399652	0.155	0.003
11	WDFY4	1.00105466206291e-38	9.00796060526329e-43	6.34157719340704	0.155	0.003
11	ITM2B	5.36673239109346e-38	4.82923818149326e-42	3.8756984736009	0.707	0.127
11	NFKBIE	5.47689327597657e-38	4.92836612613747e-42	7.26339498234694	0.121	0.001
11	GMIP	5.90152709534366e-38	5.31047160563634e-42	5.94145943455398	0.19	0.006
11	CTSS	6.32875175328142e-38	5.69490844351788e-42	6.21838973325542	0.121	0.001
11	NPC2	1.18733810726414e-37	1.06842266468473e-41	4.68424657755415	0.431	0.042
11	PPARG	1.85425853794288e-36	1.66854903081335e-40	6.19212809953942	0.293	0.018
11	REL	2.75601103053646e-36	2.47998832946681e-40	7.22898509261893	0.155	0.004
11	VAV1	7.41297929462663e-36	6.67054737211071e-40	6.40835206993197	0.172	0.005
11	DAB2	7.47868031660207e-35	6.72966824134083e-39	8.05893363530364	0.103	0.001
11	ENG	3.72822237338297e-34	3.35482981497613e-38	8.08920386170915	0.121	0.002
11	ARHGAP17	1.56799244350785e-32	1.41095333708976e-36	6.50497119460834	0.534	0.08
11	ANO6	2.49605971639944e-32	2.24607191253436e-36	6.42457634154951	0.172	0.006
11	TRPV2	3.98094003606761e-32	3.58223705216198e-36	6.46955764150848	0.138	0.003
11	ARHGAP15	1.03491763830284e-31	9.31267558987525e-36	5.70862135155538	0.155	0.004
11	PLD1	1.470666811161e-31	1.32337515626833e-35	4.18001934294471	0.517	0.076
11	AGTRAP	1.40937638638785e-30	1.26822314981359e-34	6.25485552337609	0.19	0.008
11	IKBKB	1.08759207243063e-29	9.78666491883951e-34	5.47194505670366	0.138	0.004
11	RIN2	1.49190807070005e-28	1.34248904049316e-32	4.33052003525082	0.448	0.06
11	ACP7	3.20955403755052e-28	2.88810765549403e-32	5.08675515048326	0.259	0.018
11	RUBCNL	4.05949551507283e-28	3.65292496632127e-32	6.16997490756758	0.121	0.003
11	CRP	4.05949551507283e-28	3.65292496632127e-32	9.80582181162509	0.121	0.003
11	TAGAP	4.87971935233932e-28	4.3910009469444e-32	6.28483803701929	0.121	0.003
11	NCF4	1.09768422345836e-27	9.87747883972249e-32	5.80509335114758	0.138	0.004
11	PLCB3	2.59697599958848e-27	2.33688112983756e-31	4.60152346608348	0.362	0.04
11	MFNG	5.47622256893125e-27	4.92776259239741e-31	4.46534646703668	0.224	0.014
11	PTPN6	5.58628703615857e-27	5.02680377590081e-31	5.9455752092663	0.207	0.012
11	CIITA	5.90727154762593e-27	5.31564073393856e-31	7.04125639278525	0.103	0.002
11	SKAP2	5.90727154762593e-27	5.31564073393856e-31	7.2107964401911	0.103	0.002
11	INPPL1	9.6834927618902e-27	8.71366216313345e-31	5.80357872626722	0.259	0.02
11	ADAP2	1.01068854348617e-26	9.09465080073941e-31	6.82934774674366	0.155	0.006
11	IL31RA	8.58571598786346e-26	7.72583099780749e-30	5.31782071417503	0.138	0.004
11	MAP3K11	8.95650422977294e-26	8.05948369456757e-30	3.94316813504427	0.379	0.046
11	CCDC88B	2.70963668011477e-25	2.43825850815691e-29	5.8143215969116	0.155	0.006
11	BMP2K	1.36799421463598e-24	1.23098552563303e-28	3.87217607418848	0.655	0.174
11	MAFB	1.65156550781637e-24	1.48615631046195e-28	5.75733371201565	0.172	0.009
11	TFEC	4.02790426445637e-24	3.62449767340625e-28	7.82785934391129	0.103	0.002
11	FHL3	9.32313959914783e-24	8.38939944132802e-28	8.31618762226446	0.121	0.004
11	SLC2A7	8.6219274617051e-23	7.75841578485117e-27	6.60928296970518	0.138	0.005
11	HCLS1	8.31079689262085e-22	7.47844586756128e-26	5.73094417099594	0.121	0.004
11	RIN3	9.94401576069441e-22	8.94809300881347e-26	7.86295690825829	0.103	0.003
11	GPAT3	1.01151953293391e-21	9.10212843457134e-26	6.68421513013842	0.103	0.003
11	GNAI2	2.43922728553801e-20	2.19493141864304e-24	5.85497686832126	0.724	0.271
11	SAMSN1	2.75704979247819e-20	2.4809230563108e-24	5.22175185327077	0.121	0.004
11	CH25H	1.05441409350697e-19	9.48811386220611e-24	7.01986246641609	0.103	0.003
11	BLNK	3.13069801232841e-19	2.8171492957153e-23	6.8325867726356	0.138	0.007
11	TPD52L1	5.81334431868792e-19	5.23112059631775e-23	5.47691288400801	0.155	0.009
11	CEBPA	7.17168178479398e-19	6.45341652550524e-23	6.38103456987224	0.121	0.005
11	PMEPA1	9.81370018604816e-19	8.83082892652583e-23	3.78343305200158	0.534	0.13
11	CMTM6	1.62786579560472e-18	1.46483019491111e-22	3.34817081828461	0.466	0.096
11	ETV6	1.76270594034592e-18	1.58616569814264e-22	4.23310644210153	0.397	0.07
11	CD63	2.82811475852979e-18	2.54487065466552e-22	3.96481396185783	0.19	0.014
11	ITGB3	4.74517526264171e-18	4.26993184796338e-22	5.04232713972044	0.138	0.007
11	GAB1	1.01423051894281e-17	9.12652316154787e-22	2.98881304096787	0.466	0.093
11	WIPF1	1.4740891047412e-17	1.32645469696859e-21	3.84011264486833	0.259	0.029
11	TPM4	2.55331555702342e-17	2.2975934104413e-21	4.26667081400591	0.207	0.018
11	TGFBR2	3.72627593136379e-17	3.35307831491387e-21	5.15681267162277	0.138	0.008
11	IGF2	3.80367774494809e-17	3.42272810667514e-21	3.99171619998269	0.224	0.022
11	SH3BP1	1.74544503886748e-16	1.57063352728109e-20	4.82487183056142	0.121	0.006
11	PTGER4	1.77394020307364e-16	1.59627481604755e-20	4.73239542117677	0.19	0.016
11	CAPG	1.84534487647779e-16	1.66052809905317e-20	7.01165198976521	0.103	0.004
11	FAM110A	3.45124891554552e-16	3.10559607265861e-20	4.65552227749552	0.259	0.031
11	CLEC4F	3.74881838477152e-16	3.37336307457169e-20	7.7868937393996	0.172	0.013
11	STK10	4.49621290565493e-16	4.04590381144149e-20	5.06084493807462	0.172	0.013
11	BCAM	6.8840309718777e-16	6.19457479697444e-20	4.07015685377455	0.379	0.072
11	CTSB	1.06772279646634e-15	9.60787182998594e-20	3.94188614836729	0.414	0.088
11	ANTXR2	3.22183407465468e-15	2.89915781036145e-19	3.61949122913431	0.414	0.087
11	PLEKHG3	4.00202356181925e-15	3.60120900010731e-19	4.89212160524593	0.172	0.014
11	LRRK2	9.32828696042028e-15	8.39403127906081e-19	5.20229073965076	0.155	0.012
11	MEF2C	1.30616808003285e-14	1.17535146228098e-18	2.7764899453913	0.5	0.13
11	FRMD4B	1.31447222787786e-14	1.18282392502282e-18	3.45372582274791	0.517	0.148
11	ABI1	1.35211151272521e-14	1.21669352355368e-18	3.64849891921039	0.655	0.254
11	PIK3R5	1.63632622714189e-14	1.47244328906856e-18	4.46734778842807	0.121	0.007
11	VMP1	2.52814118064355e-14	2.27494032272433e-18	3.65630826608396	0.466	0.117
11	ITPKA	9.92274529069587e-14	8.92895283964354e-18	5.17563120581713	0.121	0.007
11	PREX1	2.53455475200473e-13	2.28071155583976e-17	2.91370585400115	0.431	0.102
11	DPYD	3.76505652268126e-13	3.38797491467764e-17	4.68896307201965	0.241	0.033
11	CT55	6.35590406744455e-13	5.71934137266674e-17	4.88815809305498	0.172	0.017
11	DENND2D	7.7884153945344e-13	7.00838243006785e-17	4.25706647060633	0.121	0.008
11	SNX33	9.76306881970577e-13	8.78526844210003e-17	3.44865185244184	0.293	0.049
11	PRKD3	5.60684401592051e-12	5.04530191300325e-16	3.75671417696586	0.276	0.045
11	PSAP	5.64899367068708e-12	5.08323015449211e-16	2.8340641231773	0.69	0.355
11	WASF2	5.94402324850005e-12	5.34871164267079e-16	4.8359174500604	0.103	0.006
11	RGS19	1.92708794889696e-11	1.73408435966612e-15	4.20694123703517	0.259	0.042
11	ELMO1	2.12232049423406e-11	1.90976378496721e-15	2.938232864762	0.655	0.324
11	NOTCH2	3.32285351457755e-11	2.9900598529448e-15	4.76091484481305	0.138	0.012
11	ARHGEF6	8.20465087969230e-11	7.38293069350518e-15	3.9380787162686	0.293	0.056
11	RXRG	1.31405040489451e-10	1.18244434886575e-14	3.76526695088768	0.362	0.087
11	ETV4	1.50431497831976e-10	1.35365335941669e-14	4.60927435481055	0.155	0.016
11	ITGB5	1.75627701722296e-10	1.58038065079003e-14	3.13016668815808	0.517	0.184
11	SH3D21	2.14809530892602e-10	1.93295717531362e-14	5.66769015172555	0.103	0.007
11	IQGAP1	2.17006213954528e-10	1.95272396251712e-14	3.84579601095852	0.19	0.024
11	SLC6A6	2.42923114332611e-10	2.18593641980213e-14	2.90595453384799	0.828	0.559
11	SLC45A4	4.73708957288207e-10	4.26265596407997e-14	2.94533855760275	0.621	0.303
11	SLC9A1	5.99638125042754e-10	5.39582583499284e-14	3.85550004642591	0.345	0.082
11	MAP3K3	7.0693734641684e-10	6.36135468745469e-14	4.2197692278404	0.138	0.013
11	FAR1	8.92854542363693e-10	8.03432504601541e-14	3.62287015345974	0.293	0.06
11	ADRB2	2.61889998211063e-09	2.35660936030832e-13	4.50631832977518	0.224	0.036
11	THRB	2.84295801634629e-09	2.55822731606793e-13	1.97547097707791	0.724	0.452
11	LPP	8.93156757472766e-09	8.03704451968655e-13	3.0337874777463	0.362	0.095
11	RGL1	1.26421021790358e-08	1.1375958048264e-12	3.96540593623038	0.138	0.014
11	CYP3A5	5.82300169846067e-08	5.23981076078527e-12	4.63617339791181	0.103	0.009
11	PLEKHO1	5.86907624882988e-08	5.28127080790955e-12	4.66688216467245	0.103	0.009
11	LMO2	7.49533098144054e-08	6.74465129257675e-12	5.41760736107272	0.138	0.016
11	SLC49A3	8.58872109632519e-08	7.7285351357196e-12	3.89214766296155	0.155	0.02
11	GRK6	8.83753503797196e-08	7.95242962113917e-12	3.58130364335832	0.328	0.087
11	WDFY3	1.46349737406259e-07	1.3169237596172e-11	2.03575377084792	0.741	0.492
11	KCNQ5	1.53455701682241e-07	1.38086656782364e-11	2.01987265191385	0.569	0.238
11	DOCK4	1.58280582520099e-07	1.42428311455141e-11	1.97343847719176	0.707	0.448
11	FAM78A	1.75919380878131e-07	1.58300531699929e-11	4.98191779095223	0.103	0.009
11	TBC1D8	2.26736248674646e-07	2.04027939057542e-11	3.83562245637515	0.224	0.042
11	ABR	2.75519420052413e-07	2.47925330740946e-11	2.68891882042929	0.586	0.32
11	CLCN2	3.90602617439284e-07	3.51482603652735e-11	1.7318566571571	0.586	0.275
11	ARHGEF18	7.21627321244222e-07	6.49354198905986e-11	2.85920121042386	0.397	0.134
11	HS6ST1	1.34859569059428e-06	1.2135298214652e-10	3.41716073440658	0.466	0.195
11	CHKB	2.03691056690622e-06	1.8329079158699e-10	3.96314034065232	0.207	0.04
11	IKZF1	2.39802003356577e-06	2.15785119550596e-10	4.82461775486937	0.121	0.014
11	C3	2.90093963998381e-06	2.61040190766112e-10	4.78624886749824	0.172	0.028
11	PEX1	4.21299982378475e-06	3.79105536199474e-10	3.04419916136413	0.397	0.146
11	CYRIA	4.60031819181337e-06	4.13958264358262e-10	2.9906561317006	0.293	0.077
11	PLXND1	4.92631011391491e-06	4.43292550518753e-10	2.83868840815974	0.345	0.106
11	DRAM2	1.00199285348507e-05	9.01640289287388e-10	3.63826986886338	0.241	0.056
11	ARAP1	1.18769800871935e-05	1.06874652093885e-09	2.65926524629691	0.241	0.056
11	CTNNA1	1.19739592762353e-05	1.07747316442322e-09	3.81902356280276	0.19	0.036
11	SEPTIN9	1.22021621501717e-05	1.09800793216698e-09	5.02041684522133	0.19	0.035
11	NINJ1	1.22705546388743e-05	1.104162209923e-09	4.23546410894472	0.172	0.03
11	LPIN2	1.42446988401503e-05	1.28180498876543e-09	3.40794335658584	0.362	0.128
11	ALK	2.68473607890386e-05	2.41585177621152e-09	2.29452198023818	0.672	0.45
11	NAV1	3.08993117040306e-05	2.78046537424914e-09	2.85271064330738	0.448	0.198
11	CD276	3.23821811405871e-05	2.91390093949312e-09	4.09451720081984	0.155	0.026
11	TXNIP	3.62374366796572e-05	3.2608149626255e-09	4.80354058446475	0.103	0.012
11	ELF1	4.75655705666956e-05	4.28017372146995e-09	3.40869768515862	0.138	0.021
11	CHST13	8.19331272703677e-05	7.3727280905577e-09	3.07970630796344	0.241	0.062
11	MITF	9.2205107382108e-05	8.2970491660315e-09	4.1586201720763	0.241	0.061
11	ITGA5	0.000146018849522875	1.31394627483915e-08	4.36919231524808	0.121	0.017
11	RASGRP2	0.000187617498922669	1.68827048432169e-08	1.82660205312758	0.345	0.115
11	SLC43A2	0.000312242539133497	2.80970520231708e-08	3.46316180700384	0.293	0.095
11	FAM53B	0.000324351496307943	2.91866729333162e-08	3.70361988419054	0.138	0.023
11	GNS	0.000391321096875995	3.52129125237106e-08	3.67383989122192	0.31	0.108
11	PKIG	0.000621734355311262	5.59465810592336e-08	2.96478724560384	0.328	0.119
11	CHUK	0.000714985530403761	6.43377603170846e-08	2.73252473467944	0.448	0.217
11	STAB1	0.00071843161892465	6.4647855567772e-08	3.61912525956569	0.121	0.018
11	TNS3	0.00094751270120806	8.52616486284586e-08	1.58923481831015	0.19	0.042
11	C20orf173	0.000995979424662923	8.96229123245679e-08	3.25232987741661	0.138	0.024
11	ARPC1B	0.00133067182546671	1.19740108473564e-07	3.99158127727297	0.103	0.014
11	JAK2	0.00138476367108707	1.24607547114827e-07	3.77625730652359	0.103	0.014
11	ARHGAP27	0.00140905592682207	1.26793478522638e-07	2.40159574187817	0.19	0.044
11	CBL	0.00222862981481601	2.00542591092955e-07	3.22252872941907	0.431	0.211
11	RRAS	0.00228294800206308	2.05430397018184e-07	3.87994414575087	0.103	0.015
11	RAI2	0.00234967766100556	2.1143504553276e-07	3.53814275361523	0.224	0.063
11	ADCY7	0.00251599055592663	2.2640066192087e-07	2.86098115136589	0.259	0.081
11	SLC12A7	0.00263148002561089	2.36792947503904e-07	4.57529267064464	0.138	0.026
11	NFKB1	0.00287386584256881	2.58603963157456e-07	3.08090832903793	0.19	0.046
11	MYH9	0.00323360846673917	2.9097529620617e-07	3.80692237723166	0.155	0.032
11	SKI	0.0040515102458141	3.64573944552695e-07	2.69244061331007	0.379	0.168
11	GPR4	0.00412886568069909	3.71534750355358e-07	3.71787611140906	0.155	0.033
11	SNAP23	0.005291241402927	4.76130784030145e-07	3.03040322979979	0.121	0.021
11	MFSD1	0.00714986656764863	6.43378616723534e-07	3.19599543787515	0.241	0.076
11	SWAP70	0.00726722501200992	6.53939081437049e-07	1.48346153505696	0.31	0.112
11	PAK2	0.00815005280396366	7.33380077743513e-07	3.95945403843565	0.121	0.022
11	AP3B1	0.00841879572383208	7.57562829463879e-07	3.58104338890025	0.138	0.027
11	TTYH3	0.0159678572001311	1.43686288132198e-06	2.89142447506876	0.638	0.497
11	CORO7	0.0201211031927898	1.81059148679832e-06	2.86314522301056	0.362	0.17
11	LPAR6	0.0217767818051783	1.95957723433621e-06	3.20740204614479	0.103	0.017
11	RCBTB2	0.0218117501416902	1.96272384969767e-06	3.86464351702825	0.121	0.023
24	FAT2	3.26088624386698e-111	2.9342987886862e-115	7.07243857635815	0.812	0.015
24	KLHL30	1.34916734498547e-38	1.21404422296902e-42	7.67600514545207	0.125	0
24	SLC17A7	3.36421281566362e-37	3.02727689702476e-41	4.54071667855343	0.562	0.023
24	NEXN	3.24637945888522e-28	2.92124490136347e-32	7.37033630728014	0.125	0.001
24	EPS8L2	4.76995883324176e-27	4.29223327026164e-31	4.80001499546109	0.312	0.009
24	SLC6A4	5.02397425271258e-24	4.52080829003202e-28	3.84689680754864	0.25	0.006
24	NFATC1	2.25847474553365e-21	2.03228178307716e-25	3.14752266297819	0.438	0.023
24	CBLN2	4.47474185759488e-21	4.02658315269943e-25	3.32636867427711	0.938	0.114
24	GABRA6	1.69122511583752e-17	1.52184389079233e-21	3.39267727813648	0.812	0.098
24	ZNF804A	5.85546753039038e-16	5.26902504309401e-20	2.99711973662774	0.875	0.125
24	MARCHF4	4.30537707670293e-12	3.87418075830373e-16	3.55709032121687	0.688	0.098
24	FAT1	2.3684300034186e-11	2.13122469487861e-15	3.01540176954595	0.938	0.199
24	MAB21L1	4.71796220123877e-11	4.24544425559144e-15	3.42380913389113	0.375	0.03
24	RIMS4	5.97358067627823e-11	5.37530880615336e-15	2.4373884027877	1	0.212
24	TRMT10A	2.57611655516817e-10	2.31811082081181e-14	3.43627070371904	0.25	0.014
24	KCNIP4	2.66954816654e-10	2.40218497843967e-14	2.53139307481215	1	0.225
24	NEUROD1	9.84580845084115e-10	8.85972145311001e-14	2.95761759590669	0.438	0.043
24	RNF113B	2.9291429377749e-09	2.63578056130199e-13	3.5725294569745	0.125	0.004
24	LHFPL1	1.95581461833143e-08	1.75993396772377e-12	2.91999690351734	0.438	0.049
24	NHERF2	1.11130933838539e-07	1.00000840311832e-11	3.52563090714565	0.312	0.027
24	FAM43B	3.91139261203361e-07	3.51965500947864e-11	4.21980087858221	0.25	0.019
24	MCAM	8.74213936561848e-07	7.86658810907809e-11	1.68223871807925	0.75	0.146
24	GAL	1.86332506491654e-06	1.6767075181468e-10	0.543887363339204	0.25	0.019
24	AR	1.3285575691043e-05	1.19549857743571e-09	3.13155593920827	0.125	0.005
24	PLCB4	8.0051603473611e-05	7.20341973127068e-09	2.05465669060253	0.938	0.294
24	MID2	0.000150698458791392	1.35605559967059e-08	2.39292914027008	0.75	0.195
24	TMEM187	0.000161593093024109	1.45409064180787e-08	4.1946611531181	0.125	0.006
24	EHHADH	0.000182700479516629	1.64402483142832e-08	3.18457287777053	0.125	0.006
24	TMEM39A	0.000268330304945013	2.4145622689194e-08	2.49170393952148	0.25	0.025
24	ITSN2	0.000281344067019266	2.53166621991601e-08	2.43638727682652	0.25	0.025
24	GRIP2	0.000295665758020239	2.66053953046197e-08	2.30113265507616	0.375	0.052
24	IMPG2	0.000341323577734557	3.07139006330025e-08	2.28544686821316	0.312	0.038
24	NHSL2	0.000562809684671757	5.06442620959019e-08	1.63902101485945	1	0.435
24	ZIC1	0.000595182908898113	5.35573570501316e-08	1.6054492922389	0.688	0.156
24	DNAJC27	0.000656474625950276	5.90726739809481e-08	3.2321479559123	0.25	0.026
24	CRK	0.000723198515830009	6.50768033681282e-08	3.02654860405765	0.312	0.041
24	ZBTB46	0.000758256426433881	6.82314790276146e-08	2.1685755154361	0.562	0.118
24	FGFRL1	0.00102576617935272	9.23032645867652e-08	3.47896127099925	0.438	0.075
24	LIG4	0.00104615172700532	9.4137652029634e-08	5.14943790205256	0.125	0.007
24	C1QL1	0.00141222823100693	1.27078937371271e-07	2.70846502332889	0.125	0.007
24	C1orf35	0.00253811234026258	2.28391284105334e-07	2.99815366250079	0.188	0.016
24	SEMA3A	0.00291891667941882	2.6265784931331e-07	2.11592968843538	0.438	0.079
24	MAP3K12	0.00328811622556251	2.95880160673312e-07	1.63826077024717	0.625	0.158
24	ARHGAP15	0.00332632331098439	2.99318213892233e-07	2.6361753257727	0.125	0.008
24	METTL1	0.00377805738064303	3.39967369805006e-07	3.1476653709881	0.188	0.017
24	ZFPM2	0.00406017153309255	3.65353327912584e-07	1.44255797954933	0.688	0.175
24	NR4A3	0.00543893381252674	4.89420841584337e-07	1.75112192751116	0.375	0.06
24	G3BP2	0.00553454688748702	4.98024555699363e-07	2.06632969888296	0.625	0.163
24	RPIA	0.00624747009133658	5.62176738174803e-07	2.35286076298525	0.312	0.045
24	NOL10	0.00627888035408348	5.65003181326688e-07	3.18974914678639	0.25	0.03
24	MYOT	0.00677425650999908	6.09579457392161e-07	3.15365949353174	0.125	0.008
24	GTPBP6	0.00702678730632853	6.32303365997348e-07	2.74051430848012	0.125	0.008
24	HS6ST3	0.00736146129974779	6.62418905763321e-07	1.26568453935049	0.75	0.212
24	PRKCE	0.00808126612325223	7.27190328736815e-07	1.93782612131795	0.75	0.239
24	LUZP2	0.00811233167782734	7.29985753426378e-07	1.7728511053699	1	0.635
24	GRM1	0.00946604781432564	8.51799497374754e-07	2.93786566769884	0.812	0.276
24	ATP2A3	0.00946858183894862	8.52027520826836e-07	2.76221610071881	0.5	0.107
24	CCNH	0.0111955398993439	1.00742732829514e-06	2.95978337142845	0.188	0.018
24	SV2B	0.0112525353443279	1.01255604646161e-06	2.66198376375201	0.438	0.091
24	NLGN3	0.0139240861990679	1.25295475560766e-06	1.22280145043335	1	0.426
24	DCLRE1B	0.0141610207750293	1.27427524296133e-06	3.2248020921337	0.188	0.019
24	HAGHL	0.0180101393882758	1.62063703664859e-06	3.34285916732072	0.188	0.019
24	ABI2	0.0219367297914303	1.97397010631066e-06	1.41815392004754	0.812	0.329
24	NAV3	0.022210270554858	1.99858459055682e-06	1.47936625612437	1	0.519
24	ANKRD53	0.0229590933840787	2.06596719014476e-06	3.95115680632808	0.125	0.009
24	PDGFB	0.0271119488270754	2.43966065212592e-06	3.32807722147412	0.125	0.009
24	PSG2	0.0274130594855024	2.46675600517434e-06	3.27272106747902	0.125	0.009
24	COL19A1	0.0381186211369151	3.43009278654864e-06	2.84821309626119	0.188	0.02
24	METTL8	0.0432391104950103	3.89085849860616e-06	3.77851502476173	0.125	0.009
24	EXOSC4	0.0436999306527081	3.93232526344895e-06	3.47649560522186	0.125	0.009
24	ANGPTL7	0.0460755303615698	4.14609289674883e-06	2.58090482145403	0.125	0.009
15	TTLL3	1.0321647960664e-184	9.28790422088005e-189	7.45447675387663	0.703	0.017
15	LRRC74B	1.08383430399826e-145	9.75285075135657e-150	6.3761699503493	0.547	0.012
15	CDC20B	1.8741900848913e-116	1.68648437405858e-120	9.04578724304395	0.328	0.003
15	FSIP1	6.83698584219779e-108	6.15224137694393e-112	6.22782833742024	0.547	0.022
15	DNAH7	9.08551535519266e-104	8.17557397209813e-108	5.65268132071102	0.609	0.031
15	DNAH1	2.0984846137355e-96	1.88831513878835e-100	12.6249492962341	0.203	0
15	EGF	4.07131098204594e-94	3.66355707913789e-98	9.73520651885248	0.25	0.002
15	CFAP100	7.50638248174922e-94	6.75459595226241e-98	6.65764323589436	0.297	0.004
15	ECT2L	3.44855181456714e-93	3.10316909436438e-97	4.74571554738263	0.906	0.099
15	SNED1	8.13919201828401e-87	7.32402773174121e-91	7.08345542243645	0.391	0.012
15	ODAD2	1.36113723310509e-84	1.22481529119508e-88	6.67375447559237	0.25	0.003
15	GEM	1.95062117262899e-81	1.75526066105371e-85	7.03030743784369	0.297	0.006
15	WDR27	8.95508997012467e-79	8.05821107722908e-83	5.36748564008136	0.5	0.027
15	DNAAF11	1.2311755714503e-72	1.10786967646027e-76	6.16996138693302	0.328	0.01
15	STPG1	4.56754610398713e-72	4.11009277781619e-76	7.20228621936689	0.203	0.002
15	RSPH1	9.84625861180748e-70	8.86012652911679e-74	7.51296813879032	0.188	0.001
15	EFHC2	5.18825723125577e-67	4.66863783969744e-71	6.92507234568242	0.219	0.003
15	ERICH6	2.26049741851104e-66	2.03410187934045e-70	11.5658240919809	0.156	0
15	TBATA	8.83027262611057e-61	7.94589456142407e-65	7.13320741029582	0.188	0.002
15	CFAP74	1.35360381164284e-60	1.21803636429663e-64	4.99407545352902	0.359	0.017
15	CFAP299	4.40450548274591e-58	3.96338115967417e-62	5.05335640492722	0.5	0.04
15	AKNA	1.11801761812605e-57	1.00604482869256e-61	5.93739413165165	0.328	0.014
15	EFHB	2.18547171917004e-55	1.96659022691446e-59	7.11806425499714	0.219	0.005
15	RIPOR3	1.37833026112597e-52	1.2402863863277e-56	5.70038150101028	0.344	0.018
15	DNAI1	4.01594249351432e-49	3.61373390939829e-53	6.10392670048643	0.203	0.005
15	DNAH6	1.04699472607545e-47	9.42135090502524e-52	4.95010302819445	0.297	0.014
15	CEP250	1.1697536755986e-47	1.05259936614649e-51	6.52993213659816	0.719	0.126
15	CFAP221	2.12786478068983e-47	1.91475279464576e-51	5.36141322432598	0.359	0.023
15	ZMYND12	1.05875667537232e-46	9.5271904559734e-51	5.24178422911367	0.266	0.011
15	AK9	5.45088917751349e-45	4.90496641547151e-49	6.9098510821928	0.203	0.006
15	ULK4	3.53627698514625e-44	3.18210832821583e-48	4.64087885340345	0.453	0.043
15	DOK1	1.00050007809956e-43	9.00297019796237e-48	4.28468419177162	0.594	0.082
15	ARMC2	2.68210641035088e-41	2.41348547678474e-45	6.99028998284281	0.188	0.005
15	ENKUR	4.81637057618215e-41	4.33399673911828e-45	8.08652241855791	0.125	0.001
15	DNAH10	6.04415272851395e-41	5.43881285747678e-45	6.6821040869953	0.125	0.001
15	LPAR6	1.71963523272498e-38	1.54740864998199e-42	4.66040556524533	0.25	0.013
15	PACRG	5.58060606961011e-37	5.02169177504734e-41	4.32094128565386	0.484	0.061
15	PZP	8.90352199324125e-36	8.01180778659341e-40	3.46432409206709	0.5	0.065
15	SLC2A1	4.30872355610207e-35	3.87719207783863e-39	5.04529066558731	0.297	0.022
15	BAIAP2L2	5.00427465148447e-34	4.5030816624534e-38	7.83144069432968	0.172	0.006
15	MYO18A	6.30025188357035e-34	5.66926292051682e-38	5.61143371734512	0.203	0.009
15	MMP2	6.98768816732691e-34	6.28785041602349e-38	6.80398010676512	0.125	0.002
15	CFAP20DC	8.95804128812829e-34	8.06086681195743e-38	5.6415359705634	0.125	0.002
15	DENND2D	1.01308310230673e-33	9.11619816707218e-38	5.20454919120059	0.172	0.006
15	GABRB3	3.87161845665121e-33	3.4838643540459e-37	3.86946893437081	0.859	0.314
15	SPAG8	1.44893945567115e-31	1.30382386004783e-35	4.67974224723143	0.328	0.03
15	FABP7	9.02373707006343e-31	8.11998296595287e-35	3.85475835873097	0.625	0.13
15	RHPN2	1.42475337316465e-30	1.28206008563363e-34	4.15341489299878	0.25	0.017
15	CCDC81	1.59018055712421e-30	1.43091924514011e-34	5.43373828678242	0.203	0.01
15	CFAP251	1.83892315229067e-30	1.65474952964156e-34	6.49993152866213	0.109	0.002
15	CCDC13	3.46966756624161e-30	3.12217004071053e-34	5.61299155396106	0.156	0.005
15	ODAD1	3.1512347182619e-29	2.8356291894735e-33	4.64128693299366	0.172	0.007
15	GFAP	1.76817290282907e-28	1.59108512807439e-32	4.85646335789397	0.234	0.016
15	CFAP70	3.48896857296127e-28	3.13953799420613e-32	6.31547849262251	0.172	0.008
15	IQUB	6.67795104450988e-28	6.00913438721306e-32	4.80779528666765	0.344	0.038
15	SYNM	1.16424676098676e-27	1.04764398541056e-31	5.4499100964409	0.219	0.014
15	GYG1	1.17326556163317e-27	1.05575952635037e-31	5.43536952951186	0.422	0.061
15	RFX2	1.35403399708569e-26	1.218423465388e-30	4.14244163902463	0.359	0.043
15	CFAP126	1.47471951784646e-26	1.32702197232652e-30	5.44266356931895	0.141	0.005
15	LRP2	1.2410052377561e-25	1.11671487245217e-29	4.04023116277125	0.25	0.02
15	AK7	1.45481665069184e-25	1.30911243650845e-29	5.55985373623155	0.219	0.015
15	DAW1	1.22289953025191e-24	1.1004225054008e-28	6.30541136243246	0.125	0.004
15	LRGUK	6.6227531086224e-24	5.95946468876307e-28	5.43819930199114	0.172	0.009
15	DTHD1	1.4730383941694e-23	1.32550921818537e-27	4.99061101744699	0.141	0.006
15	DNAI7	7.74180854717741e-23	6.96644339708216e-27	5.22164588780936	0.109	0.003
15	SPAG17	7.9840511771696e-23	7.18442470725241e-27	5.61706795550147	0.109	0.003
15	NFIX	1.16014222240053e-22	1.04395052857062e-26	2.65043118668425	0.922	0.39
15	S100B	1.26357790796257e-22	1.13702682260647e-26	3.88438258446739	0.531	0.121
15	PELI1	2.74007257102372e-22	2.46564615407515e-26	4.03007769000705	0.469	0.092
15	FGA	4.13317181679991e-22	3.71922236731747e-26	4.81051073985791	0.281	0.031
15	GJA1	4.38248508827113e-21	3.94356617319457e-25	2.66813636381798	0.375	0.055
15	CFAP58	3.42553810790321e-20	3.08246027886549e-24	5.78134599302228	0.125	0.005
15	CFAP46	4.70518133329188e-20	4.23394342957966e-24	4.009847574033	0.344	0.051
15	MGST1	7.39675177733281e-20	6.65594508893441e-24	3.92155507052277	0.203	0.017
15	ADGRD2	1.80726919372011e-19	1.62626580916054e-23	2.91989504218031	0.359	0.055
15	UBXN11	5.30400399224676e-19	4.77279221834497e-23	5.64745993579732	0.156	0.01
15	DCLRE1C	1.09104675065924e-18	9.81775173813766e-23	4.90821634859037	0.219	0.021
15	FBXO36	1.97166159554717e-18	1.77419382304254e-22	6.23034107696587	0.172	0.013
15	NEK5	6.07231230052326e-18	5.46415216460295e-22	6.21001254514511	0.109	0.005
15	CFAP119	6.97221866752514e-18	6.27393023263308e-22	5.54070396958936	0.125	0.006
15	CD99	9.1895890000083e-18	8.26922433187105e-22	5.19480200035046	0.125	0.006
15	IQCH	8.96931265100571e-17	8.0710093143217e-21	4.64943254130295	0.125	0.007
15	CCDC3	1.11075847623958e-16	9.99512711454677e-21	5.55132102248405	0.141	0.009
15	CCDC40	1.40447625333611e-16	1.26381377965996e-20	4.54805262607142	0.109	0.005
15	TMEM107	1.64222700062296e-16	1.47775308253663e-20	4.63937841099927	0.203	0.02
15	DOCK2	7.22551416729836e-16	6.5018574348046e-20	3.23377520019975	0.219	0.024
15	ITPKB	8.77888011998881e-16	7.89964916763143e-20	3.78338598171772	0.328	0.056
15	CYBRD1	1.45825829849997e-15	1.31220939305315e-19	5.35584810439029	0.109	0.005
15	GRK7	1.88645254616786e-15	1.6975187133698e-19	4.83554367819097	0.109	0.005
15	RHBG	4.36876168194951e-15	3.9312172068294e-19	5.23106695234281	0.125	0.008
15	THBS2	7.97483408243786e-15	7.17613073196964e-19	4.88840537084866	0.172	0.016
15	ADAMTSL2	1.78213598157618e-14	1.60364976295886e-18	4.62185518076845	0.156	0.013
15	VWA7	1.85479484105363e-14	1.6690316215726e-18	4.79715748989974	0.109	0.006
15	LRRC9	9.43581072513657e-14	8.49078621896569e-18	4.11438444196097	0.172	0.017
15	ROPN1L	1.02841258250413e-13	9.25414003873059e-18	3.9821483147091	0.141	0.011
15	GPM6B	1.52763635903051e-13	1.37463903449159e-17	2.04551642036669	0.484	0.126
15	CDC14A	2.333472939888e-13	2.09976868522271e-17	3.10277274662454	0.25	0.036
15	MPDZ	4.32728751612986e-13	3.89389680206052e-17	3.27905402795966	0.359	0.078
15	CFAP61	3.35646466885122e-12	3.02030475015857e-16	4.31042434830848	0.141	0.012
15	CFAP91	1.22505379813865e-11	1.10236101695191e-15	4.65296164451377	0.125	0.01
15	ENO4	1.58296305922569e-11	1.42442460112093e-15	3.95651207039107	0.234	0.037
15	LAMA2	3.4074296833958e-11	3.06616546692684e-15	4.12136700235299	0.25	0.043
15	CD302	7.15922353342495e-11	6.44220600506159e-15	3.61652286981177	0.156	0.017
15	SLC8A1	8.09466033434684e-11	7.28395602838733e-15	2.04403921890717	0.734	0.452
15	KIF6	1.07238651366668e-10	9.64983815051456e-15	3.4314255334211	0.219	0.033
15	SCAMP3	1.33316136166267e-10	1.1996412864777e-14	3.84677583164878	0.422	0.131
15	TEX47	1.73880142970482e-10	1.56465529533413e-14	4.69084081857137	0.172	0.021
15	MLC1	2.42176805902932e-10	2.17922078559284e-14	2.79016811232331	0.281	0.054
15	PKD1L2	2.52271769094941e-10	2.27006001165248e-14	3.62157209953292	0.25	0.045
15	FGFBP3	1.01232557048774e-09	9.10938153952798e-14	2.46511967835996	0.281	0.056
15	FOXB1	1.15736923894591e-09	1.04145526765582e-13	4.10000040950321	0.156	0.018
15	CELSR1	1.67757892575123e-09	1.50956440722688e-13	2.94246017409733	0.219	0.036
15	MORN5	2.05645306382146e-09	1.8504931735998e-13	5.31809415840842	0.109	0.009
15	RAD54L2	2.44472723896057e-09	2.1998805353735e-13	2.29941505073292	0.641	0.334
15	ADGB	2.66565979152798e-09	2.3986860357491e-13	3.32378768972582	0.203	0.032
15	UACA	2.74392544597294e-09	2.46911315213978e-13	3.91110176358127	0.141	0.015
15	IP6K2	3.78819739636995e-09	3.40879816104557e-13	3.72216763375256	0.438	0.151
15	FAM181B	4.14986986531319e-09	3.73424805661224e-13	3.72100183800516	0.125	0.012
15	MECOM	4.73439511079869e-09	4.26023136038756e-13	2.83048472669465	0.141	0.015
15	PTP4A2	1.28221768428122e-08	1.15379976989221e-12	2.89015704607251	0.469	0.18
15	ACSS1	1.31941421499681e-08	1.18727095743437e-12	2.68420898627133	0.25	0.049
15	PCSK5	2.47512630811855e-08	2.22723504734864e-12	3.04569370837238	0.312	0.079
15	TGFBR3	2.84653089424753e-08	2.56144235962164e-12	3.37130862728814	0.141	0.017
15	CAVIN4	4.5103767106567e-08	4.05864906924926e-12	5.6046520864324	0.125	0.014
15	CD44	5.4706154208687e-08	4.92271701688896e-12	3.29699323373711	0.406	0.142
15	ATP1B4	7.95973715624898e-08	7.16254580783675e-12	1.79092898247249	0.328	0.082
15	GLI2	8.43178862790372e-08	7.58731992072682e-12	2.84745233443495	0.156	0.021
15	WLS	1.25670449903428e-07	1.13084180602383e-11	4.28870679886737	0.156	0.022
15	ITM2B	1.26533390777999e-07	1.13860695381984e-11	2.62748455772784	0.406	0.134
15	TNS3	1.64326152526979e-07	1.47868399646341e-11	2.06259712902399	0.219	0.041
15	KIZ	1.78773160651182e-07	1.60868496941584e-11	4.02432841542337	0.219	0.043
15	TAGLN	3.26546104561256e-07	2.93841541043153e-11	5.08758872652351	0.109	0.011
15	IGFBP4	3.63034562775661e-07	3.26675571650914e-11	2.75487321678916	0.359	0.111
15	PTN	4.14506375137232e-07	3.72992328927591e-11	2.11197122317798	0.328	0.088
15	DOCK1	4.98816595578609e-07	4.48858630053639e-11	2.48239290326093	0.312	0.083
15	IL4I1	5.56444238280449e-07	5.00714692954602e-11	2.94331461386642	0.391	0.137
15	ARHGAP29	8.11215850376478e-07	7.2997017040986e-11	2.86132999310186	0.203	0.038
15	ZFP36L2	9.34398551147426e-07	8.40815757353933e-11	2.19180004310921	0.25	0.055
15	TMBIM1	2.22336616362015e-06	2.00068943005502e-10	4.35141896180858	0.109	0.012
15	DOCK3	2.92919001367676e-06	2.63582292241227e-10	2.07577507655454	0.547	0.261
15	WDR93	4.13635491597723e-06	3.72208666964567e-10	4.17226098096319	0.109	0.013
15	CYFIP1	4.35069183852574e-06	3.91495711196413e-10	2.7204024952592	0.156	0.025
15	TSC22D3	4.72475435930044e-06	4.2515561588234e-10	2.61707427857005	0.344	0.107
15	PODXL	5.52320835014431e-06	4.97004260788654e-10	3.33087264013437	0.109	0.013
15	STX3	1.01616013237673e-05	9.14388673064638e-10	3.74241151005338	0.172	0.032
15	LRP5	1.64534058843457e-05	1.48055483526912e-09	2.16312031272219	0.469	0.206
15	CEP290	2.10370818823301e-05	1.89301555676506e-09	3.91925563583394	0.203	0.045
15	FOXI1	2.2579541342069e-05	2.03181331252309e-09	2.90188341545948	0.234	0.057
15	WDPCP	2.37211397422462e-05	2.1345397050523e-09	2.90506042003611	0.328	0.11
15	AGBL2	2.48316546949159e-05	2.23446906280175e-09	4.32922572215049	0.125	0.018
15	ARHGAP27	2.60716559738074e-05	2.34605020910712e-09	2.05758251293004	0.203	0.043
15	TRIM36	2.62010293817985e-05	2.35769183674962e-09	3.23888231890745	0.375	0.142
15	RNF32	3.00414491253904e-05	2.70327086523805e-09	4.11098574436716	0.109	0.014
15	FLNA	3.61755540281449e-05	3.25524647063303e-09	2.85087629041871	0.234	0.058
15	DDIT4	4.385469438533e-05	3.94625163190228e-09	3.15678675805329	0.25	0.068
15	MMP15	6.5674954680782e-05	5.90974126525528e-09	2.31688445549096	0.25	0.066
15	VDR	6.64373755267309e-05	5.97834747833446e-09	3.41677367699406	0.438	0.2
15	FILIP1L	7.44844365703753e-05	6.70245987315534e-09	3.01926544554737	0.281	0.086
15	LDLRAP1	7.74571786533584e-05	6.96996118540074e-09	2.69712424521743	0.219	0.052
15	SH3D19	7.99091721803898e-05	7.19060309370915e-09	5.88566274091664	0.141	0.023
15	PTPN3	9.83036449147549e-05	8.84582425220507e-09	4.34605718068312	0.109	0.015
15	RASGEF1B	0.000119002556047616	1.07084096146509e-08	2.75743378182852	0.469	0.227
15	COBL	0.000149035682969392	1.34109316088717e-08	3.08007467071202	0.141	0.024
15	PLEKHA7	0.000160548723689491	1.4446929154098e-08	2.53484141154565	0.297	0.095
15	TNFAIP8L1	0.000183621716412538	1.65231455423863e-08	4.00237113891372	0.109	0.015
15	SLC6A11	0.000295128928326124	2.65570888442476e-08	1.13343938490532	0.359	0.127
15	EGFR	0.000295575475399965	2.65972712498844e-08	3.28667779448196	0.25	0.073
15	BHMT	0.00035787086182984	3.22029030711635e-08	3.05267370438945	0.141	0.025
15	MSI1	0.000506150821966685	4.55458311857001e-08	1.07025202911124	0.359	0.137
15	TUFT1	0.000675774531076793	6.08093702039767e-08	2.34866061840664	0.219	0.057
15	CD63	0.00075709062796039	6.81265749986853e-08	2.65409781369998	0.109	0.016
15	LGR5	0.000771463645514481	6.94199267087628e-08	2.94341094155245	0.141	0.026
15	BBS9	0.00138168209365055	1.24330252285661e-07	3.13805724617411	0.266	0.089
15	KCNJ10	0.00172918215587501	1.55599942038604e-07	1.4640840673465	0.234	0.065
15	RIBC1	0.00186714250488157	1.68014263014629e-07	3.68712330401359	0.156	0.034
15	CERKL	0.00204967273005185	1.84439191042189e-07	3.90706912668037	0.125	0.023
15	ODAD4	0.00217249656907037	1.9549145766853e-07	3.35753217335008	0.109	0.018
15	DNMT3B	0.00229091133157885	2.06146974856371e-07	2.23312186896336	0.188	0.046
15	RFX4	0.0025408200500229	2.28634936562846e-07	2.79179952433706	0.141	0.028
15	FAM13A	0.00343303158030018	3.08920325771635e-07	3.75365925440896	0.141	0.029
15	SOX13	0.00480420104273364	4.32304602063677e-07	2.49488010693387	0.141	0.029
15	FAM169A	0.00512059913639766	4.60775590425417e-07	2.01156438368255	0.125	0.023
15	RAB36	0.00789248675314124	7.10203073260257e-07	3.93230407646219	0.156	0.037
15	TP53BP2	0.00891409317458571	8.02132023268758e-07	2.94175798908421	0.25	0.086
15	IGF2	0.00976867848197987	8.79031628001428e-07	2.95649994699159	0.125	0.024
15	FAM13B	0.0102664168620338	9.23820468103464e-07	2.1337342886358	0.516	0.346
15	ECE2	0.0111298969715043	1.00152046895566e-06	1.93516609260551	0.547	0.387
15	PTCH1	0.011235645838348	1.01103624928894e-06	2.56969119508282	0.266	0.093
15	IL11RA	0.0124256875921001	1.11812180258257e-06	1.33419881055061	0.203	0.058
15	PREX2	0.0136766236059535	1.23068690776149e-06	1.74028706741318	0.219	0.064
15	ZHX2	0.0155366901905703	1.39806444619548e-06	1.13383549061525	0.578	0.408
15	SDC4	0.0155721201789843	1.40125260316605e-06	2.62807136584387	0.219	0.068
15	CA8	0.0180977505413248	1.6285207002002e-06	2.70390030673897	0.156	0.038
15	RASSF2	0.0196307151589173	1.76646406541144e-06	2.95525135204627	0.188	0.053
15	GPR37L1	0.0246279291775102	2.21613688270586e-06	3.05454275936093	0.203	0.06
15	AKAP9	0.0256241158808831	2.3057784469435e-06	2.34047317409356	0.406	0.225
15	VMP1	0.030595616673786	2.75313746727131e-06	2.59810861295024	0.297	0.121
15	SNAP23	0.032917989439372	2.96211548991019e-06	3.24723398539009	0.109	0.021
15	PRTFDC1	0.0330594401745081	2.97484389224405e-06	3.01280590978597	0.25	0.092
15	ANKRD6	0.0331347728251024	2.98162267840388e-06	2.49786947724334	0.188	0.053
15	RREB1	0.0428572993834503	3.85650133928285e-06	2.03773488952618	0.188	0.054
15	DHRS11	0.0499511875065451	4.49484275232116e-06	3.0410422705457	0.156	0.041
13	ACAN	1.0689762657778e-250	9.61915113630699e-255	7.09234112940179	0.667	0.005
13	PHLDA2	1.37837940873372e-172	1.24033061165636e-176	7.77344263110011	0.524	0.007
13	ZCCHC24	1.44796887778852e-149	1.30295048842664e-153	5.54355741991054	0.556	0.012
13	PLOD2	1.21045018282576e-148	1.08921999714367e-152	9.38176254592538	0.365	0.002
13	CSPG4	5.80431395526575e-146	5.22299465064856e-150	8.03233898892594	0.413	0.004
13	ETV4	4.27723684731942e-104	3.84885885658186e-108	5.13033662945162	0.397	0.009
13	NOTCH1	1.15587534739876e-101	1.04011099378994e-105	3.22529096980642	0.73	0.045
13	CD82	1.60244355071328e-100	1.44195406345116e-104	3.33059699833988	0.73	0.045
13	CPM	5.56479916659369e-99	5.00746798037765e-103	6.46421139396771	0.349	0.006
13	USP28	2.43994270889686e-96	2.19557519022484e-100	7.11613238931427	0.286	0.003
13	PHLDB2	1.6405364010399e-95	1.47623180152965e-99	7.19206379923607	0.254	0.002
13	TRAF4	7.13071842833709e-85	6.41655577102231e-89	5.21612610011008	0.905	0.115
13	SERPINE2	1.69740288662196e-75	1.52740293946006e-79	4.06890229973295	0.556	0.035
13	DNMT3B	5.67072916750787e-74	5.10278877666505e-78	3.80614405161407	0.556	0.036
13	SEMA5A	3.34026834843235e-71	3.00573053939742e-75	5.36842985396193	1	0.206
13	DISC1	7.45297982092745e-66	6.70654172674116e-70	4.15453608871451	0.429	0.023
13	LIPG	5.95133759335273e-65	5.35529343413366e-69	5.62258595668549	0.365	0.016
13	ITGA4	2.4732661685285e-63	2.22556120627058e-67	5.50410608880931	0.254	0.006
13	MDK	1.10488292130156e-62	9.94225610817567e-67	2.99831618098713	0.683	0.067
13	IQGAP1	7.76001512330746e-62	6.98282653046653e-66	3.93480855033766	0.381	0.018
13	SYT9	1.36406797968643e-55	1.22745251479028e-59	3.65833260233116	0.825	0.135
13	PREX2	2.30018598381874e-53	2.06981551679901e-57	3.09987547155912	0.571	0.054
13	SOX5	5.23667742789304e-51	4.7122086096401e-55	3.2191243590123	0.921	0.194
13	DSCAML1	4.68741479247545e-46	4.21795626066359e-50	3.66297442785041	0.952	0.309
13	ARHGAP17	3.38700747712065e-44	3.04778860534568e-48	1.80510541046554	0.603	0.077
13	SOX10	4.36163200857804e-44	3.92480159144969e-48	2.91883544018913	0.365	0.025
13	DSCAM	2.64759342930946e-43	2.38242907343603e-47	5.93791568103127	0.968	0.356
13	KIF13A	3.68178466495498e-43	3.31304298115268e-47	3.40757530069067	0.46	0.043
13	AMPD3	1.16829916416748e-42	1.05129052836091e-46	6.44139864484564	0.175	0.004
13	SNX9	1.84098873851811e-42	1.65660824126528e-46	3.75844260073031	0.429	0.038
13	PLTP	8.09117400681358e-42	7.28081886692484e-46	4.3848037762343	0.286	0.015
13	TM4SF1	4.77026324315312e-41	4.29250719261506e-45	5.73016082424666	0.143	0.002
13	KIAA1549	5.89910331514012e-41	5.30829057422849e-45	3.58649903513117	0.651	0.106
13	WNT7A	1.1264969660288e-40	1.01367494468532e-44	4.81050531382547	0.27	0.014
13	RGCC	1.21736815455727e-40	1.09544511343226e-44	4.84991030954934	0.222	0.009
13	PICALM	5.48424855306446e-40	4.93498475035045e-44	3.7976041245534	0.921	0.287
13	PTPRM	1.67516744291336e-39	1.50739444156695e-43	3.09364731082185	0.714	0.129
13	LFNG	7.15759032418686e-39	6.44073636658585e-43	3.63068263347668	0.381	0.032
13	PCDH20	7.8251380543025e-38	7.04142720624719e-42	6.6861772662608	0.127	0.002
13	CDK6	1.75608099557034e-36	1.58020426128889e-40	3.41699717364626	0.254	0.014
13	FCHSD2	5.45120189427916e-36	4.90524781272308e-40	4.28098892407469	0.825	0.234
13	UGT8	1.71831567085748e-35	1.54622124615988e-39	2.10342973904205	0.413	0.039
13	ANTXRL	4.36786285250309e-35	3.93040839782515e-39	4.2160152096019	0.27	0.017
13	BCAN	8.43775584125279e-35	7.59268949991252e-39	4.19869529002211	0.556	0.084
13	TIMP4	1.53760196041411e-34	1.38360655125899e-38	3.2011974696876	0.476	0.059
13	RASGRP4	4.24153981008443e-34	3.81673698378875e-38	4.34097668108768	0.302	0.023
13	DNMBP	6.50453759355148e-34	5.85308880909879e-38	3.38353152100744	0.27	0.017
13	GRIA4	2.48540498511098e-33	2.23648428427156e-37	2.7315959426023	0.889	0.284
13	PLEKHA4	1.96663261999036e-32	1.76966851434389e-36	4.64237187073942	0.222	0.012
13	CACNG5	3.57131338614186e-31	3.21363572945367e-35	4.3239092719932	0.302	0.025
13	BTBD3	4.90502367800392e-29	4.41377096913877e-33	3.69409986503617	0.492	0.078
13	SEMA5B	6.17034673843902e-29	5.55236816200758e-33	4.26499996018127	0.937	0.436
13	NETO1	5.21408999168033e-28	4.691883372339e-32	2.60223071619596	0.698	0.165
13	PTPRD	3.04393702411388e-27	2.73907767849715e-31	2.01824255608294	0.968	0.378
13	ROR2	5.18389844917416e-26	4.6647156026043e-30	3.86648237179939	0.238	0.018
13	IGSF9B	4.25622854728797e-25	3.82995460027713e-29	2.22148220895499	0.968	0.497
13	B4GALT2	3.91715467238129e-24	3.52483998234616e-28	2.2068215896805	0.921	0.447
13	NBEAL2	1.06730566661239e-23	9.60411829940059e-28	3.32726008781662	0.349	0.044
13	RIN2	2.09334161187899e-23	1.88368722386304e-27	2.60250949481319	0.413	0.06
13	VEPH1	1.79237653457258e-22	1.61286469411733e-26	2.72343600025784	0.476	0.086
13	IGFBP3	2.24818432059193e-22	2.02302197479702e-26	4.70061694663583	0.206	0.015
13	GPM6B	2.25290142396288e-22	2.02726664623673e-26	1.43522313743183	0.603	0.123
13	PTPRF	2.95430624831498e-22	2.65842369145594e-26	2.33736424000506	0.968	0.493
13	RALGAPA2	3.120673285321e-22	2.80812857493116e-26	2.86723621137592	0.714	0.234
13	IL1RAPL2	3.88522900595287e-22	3.49611176635731e-26	1.78985863640802	0.968	0.413
13	KCNJ10	9.41088046756341e-22	8.46835280083093e-26	1.7167712562126	0.413	0.06
13	MYO9A	1.44474843843795e-21	1.3000525856546e-25	2.47619314772546	0.429	0.071
13	GALNT3	2.73514364627128e-21	2.46121087579527e-25	3.52961956486886	0.206	0.016
13	ADGRG3	4.09339871596953e-20	3.68343266082024e-24	2.88412536509694	0.413	0.07
13	PLCB3	4.88341731201005e-20	4.3943285449564e-24	2.75946024675643	0.317	0.041
13	DOCK1	1.36226730400368e-19	1.22583218213235e-23	2.27184206987775	0.444	0.079
13	WNT7B	2.50977633487038e-19	2.2584147708723e-23	3.40073535270726	0.27	0.031
13	SALL3	3.26715599878503e-19	2.93994060900299e-23	1.91911894798573	0.349	0.049
13	CLCN2	3.97541861420925e-19	3.57726861712341e-23	3.71742468107589	0.746	0.27
13	PTPRU	3.99450460375039e-19	3.59444308805038e-23	2.7923658160935	0.937	0.5
13	GALNT4	4.05950374132544e-19	3.65293236869022e-23	3.81471935236167	0.222	0.021
13	ITM2B	6.85563732111073e-19	6.16902485477434e-23	1.71806177413104	0.571	0.129
13	IL16	1.66537398018759e-18	1.49858182325888e-22	3.74444990344108	0.143	0.008
13	CTTNBP2	1.80926833053892e-18	1.62806472648153e-22	2.89530887510968	0.698	0.258
13	CDH12	2.62119165256083e-18	2.35867151314751e-22	3.66152032117337	0.286	0.037
13	SRC	2.81285273308277e-18	2.5311371664562e-22	2.95804117975209	0.587	0.169
13	ADARB2	3.49216209817054e-18	3.14241167836816e-22	1.24752706216938	0.698	0.187
13	TMEM266	3.92331957682159e-18	3.53038745327238e-22	3.82089733360319	0.603	0.185
13	PTPRT	6.42338342891535e-18	5.780062475403e-22	1.25314193185553	0.905	0.338
13	ELFN1	1.31817074680992e-17	1.18615202628446e-21	3.21227687938888	0.905	0.489
13	CXCL14	1.64251949340379e-17	1.47801628129559e-21	2.55409483910188	0.349	0.055
13	ALK	3.53400642836067e-17	3.18006517444494e-21	1.50448604543082	0.937	0.442
13	ATCAY	3.64645941544547e-17	3.28125566043865e-21	3.29080674736565	0.746	0.304
13	CNTNAP3B	3.70071777741687e-17	3.33007988609454e-21	2.90004867473828	0.825	0.337
13	OLIG2	5.46439036248216e-17	4.91711541661312e-21	2.4286796648698	0.238	0.026
13	GRIK4	6.09626177936881e-17	5.4857030319165e-21	1.87948996973034	0.714	0.252
13	DPF3	6.81556168456232e-17	6.13296291241098e-21	4.23785903384394	0.238	0.028
13	PTPRE	2.91339019809587e-16	2.62160550535037e-20	2.45106531260975	0.683	0.237
13	HEPACAM	3.58280254664908e-16	3.22397421636739e-20	2.8321950339247	0.238	0.027
13	PREX1	3.74906510014137e-16	3.37358508066352e-20	1.61113181380005	0.476	0.1
13	GRIA3	1.28032367970668e-15	1.15209545550858e-19	1.87797333550332	0.921	0.521
13	SOX8	1.63185073372917e-15	1.46841602963121e-19	3.01670649112714	0.19	0.018
13	KAZN	3.32087758952227e-15	2.98828182266019e-19	1.13651820460075	0.841	0.393
13	CHST8	6.83002501542128e-15	6.14597769767055e-19	1.89389814916818	0.778	0.318
13	ABTB2	8.08972699377994e-15	7.27951677654993e-19	3.10838990270142	0.27	0.039
13	COBL	1.30851720790293e-14	1.17746531800858e-18	3.34361602935302	0.206	0.023
13	GAL3ST1	1.36769357325378e-14	1.23071499437936e-18	3.35437587099036	0.143	0.01
13	SERINC4	1.37661270545599e-14	1.23874084896607e-18	3.60296438385991	0.159	0.013
13	IRAG1	1.69090704917352e-14	1.52155767945066e-18	3.30346629549358	0.143	0.01
13	GFRA4	1.811893021367e-14	1.63042654671736e-18	3.58236002975555	0.889	0.433
13	MYT1	2.72835212068294e-14	2.45509954169256e-18	1.73355363269629	0.746	0.328
13	ERBB4	1.58940549643871e-13	1.43022180908729e-17	1.9037432895301	0.937	0.539
13	CTTNBP2NL	1.71979455761889e-13	1.54755201801394e-17	1.90050542757487	0.175	0.017
13	PALD1	2.22480609023434e-13	2.00198514373647e-17	1.93060718384961	0.619	0.216
13	DACH2	4.06829401050346e-13	3.66084226626785e-17	1.76962731470335	0.413	0.091
13	ADAMTSL5	5.44493494938623e-13	4.89960852099903e-17	3.41432135140169	0.286	0.048
13	NLGN3	8.75599443603899e-13	7.87905555299108e-17	1.57156875643102	0.841	0.418
13	USP43	1.40849766373631e-12	1.26743243384892e-16	3.30869736314164	0.683	0.307
13	GRID1	3.07400140268919e-12	2.76613102014684e-16	1.49622981841766	1	0.707
13	LINGO1	3.16131802948992e-12	2.84470262709432e-16	1.89459526769837	0.905	0.524
13	GRM8	3.45171146386076e-12	3.10601229538447e-16	1.64101140576268	0.921	0.577
13	EEIG1	4.32318986891099e-12	3.890209546397e-16	1.03580015176894	0.444	0.099
13	ITPR2	4.58519802303999e-12	4.1259768046792e-16	2.45181513605206	0.254	0.039
13	PCBP4	6.4193151322023e-12	5.77640163070485e-16	3.54127625447914	0.683	0.31
13	LRP1B	8.30219776936699e-12	7.47070797207504e-16	1.20879214808206	0.905	0.439
13	GRIK1	2.11937188027429e-11	1.90711048346467e-15	1.94473955746912	0.46	0.124
13	MAGI2	2.33931737000085e-11	2.10502777827845e-15	1.65457218941875	0.762	0.39
13	TSPAN4	2.6045970241272e-11	2.34373888610384e-15	1.42981022895768	0.841	0.436
13	OLFM2	5.64627719638222e-11	5.08078574316766e-15	2.81203857720579	0.635	0.26
13	PLCH1	5.76910838883149e-11	5.19131502639385e-15	2.1471778528144	0.476	0.138
13	GNAI2	1.29150311949447e-10	1.16215524115403e-14	2.22331905265279	0.635	0.273
13	RTN4RL1	1.86772659815959e-10	1.68066822474543e-14	1.22993300554294	0.937	0.54
13	STK10	2.12206869659024e-10	1.90953720560627e-14	2.46441562359327	0.143	0.014
13	GPR37L1	2.5225086755985e-10	2.26987192981058e-14	1.65537508031673	0.302	0.058
13	SH3PXD2B	2.636916707607e-10	2.37282165716458e-14	2.51574925147369	0.27	0.05
13	FGD5	3.8844363176628e-10	3.49539846815693e-14	3.63478217590806	0.159	0.018
13	OPCML	4.24791589023052e-10	3.82247448054577e-14	1.24628768816124	0.841	0.412
13	MPDZ	4.25115582738909e-10	3.82538992836236e-14	1.80687000268815	0.349	0.078
13	PPP1R1C	5.23744333834747e-10	4.7128978118847e-14	2.64279387962943	0.254	0.045
13	KCNG4	8.07560811565269e-10	7.26681194605659e-14	2.09974924735848	0.444	0.133
13	NEURL1	8.74094459660353e-10	7.86551299973322e-14	2.04225420857702	0.476	0.151
13	PAQR6	9.56447856157814e-10	8.60656758893021e-14	1.53617350741353	0.365	0.083
13	GRM4	1.01252742376697e-09	9.11119791025801e-14	2.13929541506037	0.857	0.484
13	TMEM132C	1.19246097355598e-09	1.07303246068207e-13	2.91475713101566	0.889	0.568
13	NKX2-2	1.26295449858237e-09	1.13646584952972e-13	2.48495789644142	0.286	0.058
13	RTKN	2.1069184544454e-09	1.89590430526897e-13	2.54572183023426	0.238	0.041
13	NLGN1	3.37834076377644e-09	3.03998988911765e-13	1.00063303671627	0.952	0.683
13	NRXN1	6.93405348577334e-09	6.23958740733676e-13	1.00923935722266	0.889	0.582
13	SH3RF1	1.2290707983293e-08	1.10597570262693e-12	2.16266420586063	0.302	0.067
13	GRID2	1.7482858904577e-08	1.57318985913587e-12	0.996086999245256	0.952	0.569
13	FIBCD1	1.7604040933887e-08	1.58409438800387e-12	1.66939976386458	0.619	0.272
13	ITGB5	1.93246629058831e-08	1.73892404444192e-12	1.49160920272915	0.524	0.183
13	CDH11	2.17905562328949e-08	1.96081672211778e-12	1.4743419280236	0.683	0.33
13	YES1	2.38520378054994e-08	2.14631852834512e-12	2.49405781653725	0.254	0.051
13	RND2	2.47783022076657e-08	2.22966815510354e-12	1.94111735464281	0.444	0.143
13	RILPL1	4.45319455003432e-08	4.00719387207263e-12	2.77540055989173	0.333	0.088
13	SEMA4B	4.51202799050816e-08	4.0601349685127e-12	2.44265135825128	0.508	0.19
13	WIPF1	8.43929415340202e-08	7.59407374552508e-12	2.24240110632305	0.19	0.03
13	STAMBPL1	9.41599847158246e-08	8.47295822152655e-12	2.25208804336037	0.302	0.072
13	PACSIN2	1.01280133404353e-07	9.11366268373551e-12	2.48394983540656	0.159	0.022
13	MEGF11	1.0926405497289e-07	9.83209349166648e-12	1.35473594758972	0.349	0.092
13	ASTN1	1.63122052953486e-07	1.46784894226119e-11	1.05292196968454	0.889	0.673
13	LRP5	1.70158423319932e-07	1.53116551174239e-11	1.15952558550656	0.556	0.204
13	SOX3	1.71577184597623e-07	1.54393219290582e-11	1.50524526194031	0.238	0.046
13	TTYH3	1.72670332181113e-07	1.5537688489257e-11	2.93470763671762	0.746	0.494
13	C3orf18	2.26592141791872e-07	2.03898264907651e-11	3.02934557571213	0.206	0.038
13	ZEB1	2.35917189183211e-07	2.12289381070108e-11	2.87178179928971	0.603	0.301
13	SPOCK2	2.45385755696048e-07	2.20809642487221e-11	1.81156012658882	0.635	0.329
13	CSGALNACT1	2.4554512585336e-07	2.20953051249312e-11	2.27793747142062	0.302	0.074
13	GRIK5	2.47944236386842e-07	2.23111883727924e-11	1.5779561391218	0.889	0.557
13	CSPG5	2.73388724005242e-07	2.46008030239577e-11	1.8059494590156	0.905	0.636
13	ALPL	3.34931389076854e-07	3.01387014376724e-11	3.59748437863413	0.127	0.015
13	CSMD1	3.4926903992669e-07	3.14288706853856e-11	1.05808430567033	0.873	0.528
13	TTYH2	5.16192432992152e-07	4.64494225674572e-11	1.91186954878914	0.413	0.137
13	DBNDD1	6.75300861125703e-07	6.0766747154297e-11	2.40257700515786	0.302	0.079
13	PCDH9	8.63449892551175e-07	7.76972817917012e-11	0.961628117143932	0.857	0.464
13	CDH20	8.63635357409059e-07	7.77139707917807e-11	1.42843258627311	0.429	0.135
13	KMT2C	1.30454290842964e-06	1.17388905644708e-10	1.63234002554092	0.619	0.321
13	NTM	1.32961133996694e-06	1.19644681001254e-10	0.971604252123489	0.841	0.505
13	GALNT10	1.43826541637523e-06	1.29421885753193e-10	1.26957512917581	0.778	0.433
13	HIP1	1.77884687800978e-06	1.60069007289641e-10	1.72186330607064	0.492	0.197
13	MAML2	1.84741401670333e-06	1.66239000873151e-10	2.60295239907851	0.19	0.035
13	NRG3	1.86070719807592e-06	1.67435183845579e-10	0.93618413718273	0.984	0.739
13	LRRN1	1.90405386822659e-06	1.71335721067812e-10	2.48756527341569	0.302	0.082
13	CADM2	2.38799347618432e-06	2.14882882766519e-10	1.12543321545117	0.603	0.26
13	SDK2	3.63064108457974e-06	3.26702158245275e-10	1.71333300098226	0.81	0.457
13	CDO1	3.70557509264449e-06	3.33445072675649e-10	2.70509652803035	0.127	0.016
13	TCF7	4.07500576653507e-06	3.66688181997217e-10	1.09019293191919	0.286	0.071
13	PAG1	5.05800598891569e-06	4.55143164664419e-10	1.6672265821097	0.508	0.221
13	MAMDC2	7.33202764256052e-06	6.59770326874878e-10	2.96786034562709	0.159	0.026
13	FABP2	7.51186260690777e-06	6.75952722658848e-10	2.98101574784546	0.111	0.013
13	TAFA1	8.01220796950115e-06	7.20976151309381e-10	1.01028627332481	0.587	0.255
13	BRINP2	8.05505373001959e-06	7.24831614327328e-10	1.36005823159301	0.921	0.64
13	GALNT17	1.42600257246242e-05	1.28318417390662e-09	2.55627711493662	0.317	0.099
13	BRINP1	1.42952383993356e-05	1.28635277596829e-09	1.20640406445975	0.714	0.43
13	BRINP3	1.44687539925133e-05	1.30196652501695e-09	1.80139350111249	0.397	0.14
13	TCF7L1	2.18716365021434e-05	1.96811270603288e-09	1.87880561505226	0.19	0.037
13	NECTIN2	2.2252569133435e-05	2.00239081557051e-09	1.79244893338696	0.905	0.625
13	GRIN3B	2.6028587038136e-05	2.3421746637394e-09	2.15930832764879	0.349	0.118
13	KPNA2	3.29429968664273e-05	2.96436577579657e-09	3.09821101392552	0.143	0.023
13	WASF1	3.83067045290812e-05	3.44701741465682e-09	1.68306552358626	0.492	0.217
13	SMURF2	4.88506364801757e-05	4.39580999551657e-09	2.3389707861284	0.524	0.247
13	DACT1	5.10645803361919e-05	4.59503107497452e-09	2.75786079947756	0.206	0.047
13	IL1RAPL1	5.15015122026172e-05	4.63434825903151e-09	0.737493866768524	0.889	0.607
13	GAREM2	5.33982222704854e-05	4.80502315040812e-09	2.26947826824454	0.143	0.023
13	LRRTM4	5.58110555586695e-05	5.02214123627008e-09	1.31627602626785	0.857	0.52
13	AKAIN1	5.65246220929024e-05	5.08635130863875e-09	1.95540993024657	0.492	0.222
13	CDH18	5.72337321121921e-05	5.1501603628356e-09	1.43295600216088	0.556	0.265
13	CADM3	6.73574668119471e-05	6.06114161900001e-09	1.3685081211469	0.651	0.382
13	CDH22	7.0443170028458e-05	6.33880770525132e-09	1.43570787985181	0.46	0.189
13	SGCZ	7.37149513909735e-05	6.63321797813133e-09	0.763886311486527	0.889	0.518
13	ARAP1	7.75418542711035e-05	6.97758069568104e-09	1.07438060164316	0.238	0.055
13	OPN5	9.02773122718393e-05	8.12357709635916e-09	2.44659156738477	0.238	0.061
13	NECTIN1	9.68896951377809e-05	8.71859040203194e-09	1.56976977492664	0.635	0.313
13	EPHA5	0.000109907586920829	9.89000152261575e-09	1.30929100786936	0.556	0.268
13	CCDC88A	0.000118389795551171	1.0653270543613e-08	1.87347340536216	0.492	0.239
13	GRIK2	0.000125259412715108	1.12714310010895e-08	1.08858129715772	0.714	0.429
13	LETM1	0.000145171187198685	1.30631861062436e-08	1.82466893934673	0.444	0.194
13	SLC22A23	0.000159277543531879	1.43325423856635e-08	2.44259836155459	0.317	0.106
13	DCC	0.000179530063097587	1.61549593356958e-08	0.969910114345274	0.698	0.39
13	SLC7A10	0.000237712088491897	2.13904515875008e-08	2.45714729002488	0.143	0.025
13	ARL4A	0.000243827779985	2.19407702677045e-08	2.32941618785269	0.222	0.056
13	FSTL4	0.000253479735852766	2.28092986459791e-08	0.927377892006317	0.667	0.364
13	DIPK1C	0.000303964314048713	2.7352138400856e-08	2.40322099472133	0.159	0.031
13	PLEKHG3	0.000362313084887787	3.26026351919182e-08	2.27454305137515	0.111	0.016
13	MMP17	0.000564711851116838	5.08154279777592e-08	2.23421961800105	0.333	0.121
13	NKD2	0.000641905958464515	5.77617167699555e-08	1.98757447367386	0.159	0.032
13	LRFN3	0.00069010234436685	6.20986542217988e-08	1.33650248566566	0.619	0.347
13	MLC1	0.000757571054406031	6.81698060295178e-08	1.73859705717376	0.222	0.056
13	LINGO2	0.000951247474910725	8.55977211293733e-08	1.87016723237575	0.873	0.599
13	TCF12	0.00120012258109366	1.07992673543927e-07	1.17646939284707	0.444	0.192
13	TAOK3	0.00122048485707418	1.09824966892304e-07	2.19184650475558	0.508	0.263
13	NLGN2	0.00127115689708866	1.14384675343171e-07	0.982240331806412	0.746	0.5
13	POU3F4	0.00129815656020409	1.16814231998928e-07	2.35578786182082	0.127	0.022
13	WTIP	0.00155879027031116	1.40267278890593e-07	2.37149503532859	0.19	0.046
13	F3	0.00162574686925676	1.46292348533857e-07	1.42398851639939	0.254	0.076
13	EPN2	0.00174178818234013	1.56734291581043e-07	2.28078147880321	0.206	0.054
13	SOX9	0.00180305316034409	1.62247202406559e-07	1.57968945280026	0.175	0.039
13	LRFN5	0.00199801247620101	1.79790558463153e-07	1.18983593637927	0.587	0.325
13	PPM1L	0.00206998781894419	1.86267238274471e-07	1.87001226027805	0.286	0.096
13	ADAMTS10	0.00246617899892107	2.21918383777654e-07	2.47428037784275	0.27	0.089
13	THRB	0.00252292035963828	2.27024238246943e-07	0.724735520286961	0.73	0.451
13	ADGRB1	0.00265554483914996	2.38958412593356e-07	0.525067783067041	0.889	0.587
13	LRP8	0.00300949913180589	2.7080888435219e-07	1.00567055621764	0.746	0.471
13	FRRS1	0.00301655710573171	2.71443994036868e-07	2.53422216688764	0.143	0.029
13	TAFA5	0.00310604845645745	2.79496846617246e-07	1.01327337311745	0.778	0.544
13	ADAP1	0.00318613076594452	2.86703029420006e-07	2.01824574583976	0.302	0.108
13	CNTN1	0.00345439794859716	3.10842972068492e-07	1.18641719304364	0.619	0.363
13	TMEM132E	0.00360194542265979	3.24119987641482e-07	0.760665529979828	0.905	0.639
13	TSPAN7	0.00447710459535744	4.0287092552483e-07	1.7123260614025	0.222	0.062
13	B4GALNT4	0.00455094816176435	4.0951571688692e-07	1.16505202487131	0.603	0.356
13	SLC16A11	0.00492245872001199	4.42945983983802e-07	2.14540654295382	0.302	0.111
13	PACSIN3	0.00546598027408621	4.91854609384163e-07	2.44343986240091	0.159	0.036
13	SRCIN1	0.00687893417335274	6.18998845797961e-07	1.04888271381923	0.762	0.566
13	NEU3	0.00741995671557138	6.67682598359703e-07	1.22381711398777	0.429	0.19
13	PCDH19	0.00783616669687202	7.05135129746425e-07	1.19455260186619	0.524	0.274
13	LMX1B	0.00930674140344746	8.37464357369519e-07	2.0402013851933	0.19	0.05
13	KCNIP3	0.00997405871930772	8.97512707577406e-07	1.07847911049178	0.381	0.156
13	PSAP	0.0101983671848692	9.1769703814174e-07	1.21765089611589	0.587	0.357
13	SEZ6	0.0109866992111825	9.88634861080038e-07	0.618356890094051	0.603	0.312
13	SYDE1	0.0110293372247721	9.92471630052382e-07	2.1444167904363	0.111	0.019
13	MAN2A2	0.0119144729364343	1.07212030382743e-06	2.50605274575515	0.175	0.045
13	LAPTM4B	0.0125629011517236	1.13046892393806e-06	2.39255740171885	0.286	0.108
13	GPATCH8	0.0138544886636693	1.24669204208308e-06	1.18077502424344	0.651	0.454
13	TNFAIP8L3	0.0156471419674868	1.40800341649301e-06	1.8876127515229	0.159	0.037
13	LRRC4C	0.0158756991328712	1.42857006504735e-06	0.83656469060903	0.778	0.52
13	CDK14	0.0161735241285082	1.45536975870676e-06	0.914759245907871	0.698	0.5
13	UNC5D	0.0197320829583735	1.77558561669877e-06	1.21799572794713	0.556	0.307
13	MKX	0.0230446437217548	2.07366541183792e-06	3.47988445642021	0.111	0.021
13	ARL4C	0.023855229229525	2.14660570768694e-06	2.29164188434831	0.19	0.054
13	SH2B2	0.0281144750596501	2.52987267701342e-06	2.13524128056555	0.254	0.09
13	ADD3	0.0291310063572987	2.62134494351648e-06	1.68885831373243	0.444	0.228
13	TTC28	0.0325272611729522	2.92695592305878e-06	1.28009984172017	0.429	0.198
13	RNF122	0.0337763723846678	3.03935682396003e-06	1.61567248947738	0.413	0.204
13	LSAMP	0.0409895578657967	3.68843317428208e-06	0.729451010649835	0.825	0.607
13	SPECC1	0.0414874552726577	3.73323632436405e-06	1.89342388050552	0.365	0.172
13	ACSBG1	0.0429243428823353	3.86253422859132e-06	1.77778779616109	0.127	0.027
13	RTN4R	0.0434933788515115	3.91373876104665e-06	1.5018253826208	0.413	0.205
13	C10orf88	0.0482604819197337	4.34270511290684e-06	1.59344636896822	0.159	0.04
12	SUSD5	7.28397344624263e-287	6.55446184310504e-291	9.83664986697394	0.625	0.001
12	RASAL2	1.12609787700546e-65	1.01331582561456e-69	4.01356112788126	0.625	0.078
12	TLL1	1.82255728743092e-62	1.64002275481951e-66	5.02840440853744	0.307	0.014
12	UNCX	5.30556493847011e-59	4.7741968311618e-63	5.29785801127559	0.352	0.022
12	CUX2	3.56362531475984e-55	3.20671764128484e-59	4.13470148738816	0.648	0.109
12	PTPRT	7.46339877984648e-50	6.71591719593853e-54	2.93703324068351	0.955	0.33
12	GABRB2	2.48412284150502e-41	2.23533055116082e-45	3.6068970523057	0.716	0.189
12	CDH24	3.50519368489033e-41	3.1541381129221e-45	4.04257714077959	0.92	0.385
12	CAMK2D	7.82396711645654e-41	7.04037354130886e-45	3.19533798412725	0.773	0.229
12	BCL11A	1.30172711973259e-38	1.17135527736218e-42	2.61534531598764	0.864	0.307
12	CACNA1B	8.68524631516294e-36	7.81539306682529e-40	2.61497166640425	0.864	0.368
12	PDGFC	2.06430198535619e-35	1.85755600230018e-39	4.83681121910923	0.295	0.028
12	SEZ6	3.35379729727152e-31	3.01790452377533e-35	2.7685840236993	0.784	0.301
12	GRM8	5.46929539747913e-30	4.92152919776759e-34	3.13781503194058	0.989	0.57
12	TP53I11	3.02813055988129e-29	2.72485427866579e-33	3.52075860395935	0.477	0.098
12	MDGA1	3.95118807747655e-27	3.55546484070598e-31	2.96708442416477	0.693	0.244
12	MSI2	6.72179979903329e-26	6.048591558565e-30	1.72499526717128	0.909	0.467
12	RBPMS	8.89691074093837e-26	8.00585867087048e-30	3.30863727152687	0.375	0.062
12	USP6NL	2.63309963925287e-25	2.36938687955806e-29	2.90440647068199	0.614	0.189
12	MGMT	1.09204024727503e-24	9.82669168788836e-29	3.32673495300772	0.545	0.155
12	VAV2	2.94123677189138e-23	2.6466631619647e-27	2.64174697138185	0.705	0.294
12	IL13RA2	6.03657695595311e-23	5.43199582106822e-27	5.43960048511149	0.159	0.011
12	HCN3	1.45808800869651e-22	1.31205615827995e-26	2.16898898697611	0.807	0.376
12	CPNE2	8.77015526056601e-22	7.89179812882751e-26	2.41931102644732	0.693	0.279
12	GABRA1	1.47658280942229e-20	1.32869864970961e-24	2.05999256852099	0.841	0.506
12	PTPRN2	6.42525489818723e-20	5.78174651146156e-24	2.4650110021295	1	0.824
12	HTR2C	3.79341061435079e-19	3.41348925974155e-23	2.03886874962652	0.716	0.324
12	TNR	3.91411344921656e-19	3.52210334672596e-23	2.23948546083372	0.682	0.296
12	BCL11B	1.97834596131018e-18	1.78020872969511e-22	2.77747206066149	0.489	0.144
12	RTN4RL1	2.35266109229254e-17	2.11703508709848e-21	2.84264771755887	0.886	0.538
12	DPP6	4.89401467853861e-17	4.40386455371062e-21	1.95511108378624	0.932	0.639
12	LRRN3	2.11420519433921e-16	1.90246125649168e-20	2.63969118744789	0.614	0.285
12	GARNL3	5.3115172651062e-15	4.7795530145831e-19	2.34889531702354	0.614	0.277
12	SCG3	1.22940589725908e-14	1.1062772404023e-18	2.31897909306276	0.557	0.223
12	PTPRD	2.3573362372752e-14	2.12124200240727e-18	1.90528517320025	0.705	0.382
12	ASAP2	6.04495122616118e-14	5.43953138320992e-18	2.60350740884597	0.398	0.112
12	SLC17A6	2.78884600395135e-13	2.50953478264317e-17	1.31614737768109	0.875	0.425
12	FAM20C	1.22503526606962e-12	1.1023443409247e-16	2.3569324887917	0.648	0.322
12	PDE4A	1.23976094172561e-12	1.11559519636967e-16	2.38475524832242	0.557	0.248
12	MARK3	1.70430006879053e-12	1.53360934832227e-16	1.84272907775642	0.75	0.498
12	GRIK2	2.53841691711423e-12	2.28418691362749e-16	1.97158570837875	0.705	0.426
12	GALNT9	1.21019622299225e-11	1.08899147214276e-15	2.09328412553435	0.591	0.304
12	HTR4	2.48203193082391e-11	2.23344905140278e-15	2.56616020825989	0.466	0.181
12	PRKCA	2.58874697043819e-11	2.32947626242976e-15	2.24483056164661	0.739	0.462
12	DOCK3	5.47329138818394e-11	4.92512497811927e-15	1.96595219873013	0.557	0.258
12	SDK2	9.21276361690247e-10	8.29007794196209e-14	0.732260212250594	0.761	0.455
12	TANC2	1.03574601020648e-09	9.32012966981441e-14	1.53170001669003	0.83	0.631
12	GRM2	3.14916672325164e-09	2.83376831031372e-13	2.70009667502444	0.545	0.256
12	FGF14	1.10630404804415e-08	9.9550440749046e-13	2.16356296201329	0.705	0.45
12	CA10	1.35564167273561e-08	1.21987012754036e-12	2.20801064290308	0.841	0.581
12	ADCYAP1	1.41203987079898e-08	1.27061987833977e-12	0.715764280670415	0.682	0.327
12	CSMD1	3.66012464991807e-08	3.29355228103849e-12	1.47361276049963	0.727	0.529
12	CHST11	3.85713601851357e-08	3.47083237515844e-12	2.35425841402435	0.432	0.182
12	ZFHX4	5.45513759729983e-08	4.90878934338147e-12	1.77570306747175	0.5	0.223
12	ITPR1	6.88848132694174e-08	6.19857943574349e-12	1.72496936622682	0.523	0.273
12	NECTIN2	7.35526442770107e-08	6.61861282075144e-12	0.631141738477016	0.841	0.625
12	VWC2	1.37096583570482e-07	1.23365953001423e-11	2.60677073994192	0.295	0.09
12	KLHL29	2.10603889523438e-07	1.89511283652873e-11	1.15433355113689	0.784	0.634
12	CPLX3	2.23545564086136e-07	2.01156811019649e-11	3.92858874861276	0.148	0.026
12	STAC2	2.64165344758047e-07	2.37708399854267e-11	3.55568220284646	0.193	0.043
12	NR2F2	6.38993279586848e-07	5.74996202273777e-11	1.78128119761584	0.511	0.248
12	MXI1	7.36377818405947e-07	6.62627389909067e-11	1.72662999414867	0.455	0.208
12	SORCS2	1.41050864891201e-06	1.26924201287862e-10	1.14276709673843	0.727	0.461
12	CELF2	2.93714357487499e-06	2.64297991080266e-10	0.791142863893177	0.989	0.828
12	ADAMTS2	4.41831089157462e-06	3.97580391575148e-10	1.87470777749472	0.375	0.154
12	ADGRL1	5.93186981797383e-06	5.337775414356e-10	1.58491992916085	0.591	0.401
12	SLIT1	8.62786296914658e-06	7.76375683357021e-10	2.1205776786899	0.398	0.169
12	ZFHX3	1.07264479554353e-05	9.65216229230205e-10	1.5783433167493	0.511	0.257
12	EDIL3	1.80635453876223e-05	1.62544275961688e-09	1.76439788411798	0.477	0.259
12	DRD1	2.92386504525896e-05	2.63103126541794e-09	2.78442870272662	0.261	0.088
12	ELFN2	3.04579644165613e-05	2.74075086984264e-09	1.1961783165591	0.727	0.543
12	TMEM235	6.10275095332054e-05	5.4915422957982e-09	3.26630301829814	0.25	0.083
12	CPNE5	7.47675325343703e-05	6.72793417928285e-09	2.19936016154059	0.557	0.307
12	KIRREL3	0.000108774248965481	9.78801844375786e-09	2.00869617105955	0.511	0.286
12	SDK1	0.000129648391312342	1.16663719348818e-08	1.82492835171834	0.432	0.221
12	HTR7	0.000153568185381585	1.38187874904693e-08	2.98909965410723	0.239	0.08
12	DDX54	0.000185098117757601	1.66559990783407e-08	3.27833074056544	0.148	0.034
12	RGMA	0.000214088137543541	1.92646573871629e-08	1.57863073502746	0.477	0.263
12	FCHO1	0.000256159828337654	2.30504659711737e-08	1.94206443438994	0.352	0.153
12	HYCC1	0.000328070811389651	2.95213543948215e-08	2.42346235727992	0.227	0.074
12	RTN4R	0.000457201445251167	4.11411360794715e-08	2.05014990141575	0.398	0.203
12	B4GALNT4	0.000516602353925834	4.64863091807643e-08	1.79508399796837	0.523	0.357
12	RBMS3	0.000650640863630639	5.85477246135732e-08	2.38465049761059	0.614	0.427
12	GLRA1	0.000686527696091638	6.17769905598522e-08	1.95672373727074	0.398	0.202
12	IGLON5	0.000723147506491667	6.50722133079876e-08	1.7481703823702	0.511	0.332
12	PLCH1	0.000802905629177504	7.22492242578515e-08	1.76865625075878	0.33	0.14
12	SPHKAP	0.000949883337960617	8.54749696716114e-08	2.27048752699392	0.307	0.134
12	NLGN4Y	0.00154845166402895	1.39336962478984e-07	1.78578007003718	0.523	0.358
12	KCNIP1	0.00195867561255428	1.76250842486662e-07	2.72135406471459	0.386	0.202
12	MAST1	0.00738841389418267	6.64844226957857e-07	1.21229441782849	0.5	0.337
12	GPR158	0.00758750997215139	6.8275982832281e-07	0.912623236196539	0.557	0.383
12	KCNT1	0.00902895854432148	8.12468149403534e-07	1.77172780133737	0.318	0.146
12	SOX11	0.0119308601523304	1.0735949025763e-06	2.30719951363363	0.227	0.086
12	OLFM1	0.01311858264313	1.18047175768289e-06	0.834345581196458	0.614	0.436
12	PLXNA1	0.0138784333841616	1.24884670063543e-06	0.701364871664086	0.807	0.621
12	LRTM2	0.0154675484643638	1.39184274852549e-06	2.21088852131505	0.295	0.138
12	JUP	0.0155897307238529	1.40283728280868e-06	1.80126730681026	0.477	0.337
12	EFNA3	0.0160164936453521	1.44123941738073e-06	1.51179552399149	0.386	0.207
12	TMEFF2	0.0172439055462424	1.55168771225073e-06	1.82506298752043	0.511	0.369
12	OXR1	0.0189699223059176	1.70700281705369e-06	1.06523034750664	0.625	0.483
12	NBEAL2	0.0220297820906165	1.98234338977922e-06	2.51363676918561	0.159	0.048
12	RASGRF2	0.0357911933450125	3.22065988887002e-06	1.57994101477793	0.318	0.158
12	FREM2	0.0435202085370128	3.91615302231736e-06	2.18672357249875	0.273	0.125
14	NPY	1.77142410287663e-79	1.59401071076813e-83	7.66580618755335	0.692	0.038
14	SST	2.48763780911902e-76	2.23849348431478e-80	4.59223968284888	0.821	0.06
14	TIMP3	3.45419944813116e-61	3.10825110063094e-65	5.67217512455164	0.564	0.032
14	EDN3	4.32190883995793e-47	3.88905681630337e-51	6.58634935952249	0.231	0.005
14	DDR2	1.71797668462197e-45	1.54591621040401e-49	4.30870689690328	0.359	0.015
14	CYGB	1.98030224869616e-39	1.7819690890814e-43	4.01848356114527	0.59	0.055
14	NKX2-1	7.00634269334904e-35	6.30463663578605e-39	4.34683873873322	0.308	0.015
14	FMNL1	1.10028730230136e-27	9.90090256727576e-32	3.18289701709921	0.641	0.089
14	MAN1A1	1.16367757923376e-20	1.04713180890287e-24	3.14379475475401	0.795	0.215
14	NOS1	2.50636627953018e-20	2.2553462427159e-24	4.04092907306847	0.692	0.147
14	GRIK3	6.38689322845572e-20	5.74722687704105e-24	2.24900505947168	0.974	0.324
14	TOX	1.53388644379296e-18	1.38026315467737e-22	3.27539081269403	0.538	0.088
14	ETV1	1.34999264055554e-17	1.21478686273332e-21	2.81005008012988	0.462	0.063
14	SLC27A1	2.93584244908388e-17	2.64180909662907e-21	5.26753554612349	0.128	0.004
14	THBS2	6.58678297784757e-17	5.92709707356031e-21	3.52020247729092	0.231	0.017
14	ADARB2	1.02339980258251e-16	9.20903268768571e-21	1.9710641985821	0.769	0.191
14	SLC6A1	3.16119863060511e-16	2.84459518636292e-20	3.56969197887014	0.949	0.513
14	FGF18	6.42812094061375e-16	5.78432551121547e-20	4.35547844152477	0.128	0.005
14	VSTM2B	1.34898961325417e-14	1.21388429159918e-18	2.93944456854081	0.513	0.096
14	NETO1	4.65317584654902e-13	4.18714644699813e-17	2.35305337373089	0.667	0.171
14	SYTL5	1.63511486724335e-11	1.47135325046643e-15	2.01238993599713	0.667	0.185
14	PLAC9	5.50744301526075e-11	4.95585621817759e-15	3.85687825159877	0.128	0.007
14	SLC32A1	2.20576526275643e-10	1.98485131175779e-14	0.845586858778621	0.897	0.311
14	FOXG1	3.51434415645533e-10	3.16237213754641e-14	2.89067901408379	0.308	0.045
14	LYPD1	4.40309532807493e-10	3.96211223618729e-14	2.74561734534276	0.513	0.125
14	SNTG2	5.96679446660574e-10	5.36920225556172e-14	2.12577739556851	0.564	0.146
14	SEZ6	6.20564355055257e-10	5.58412989341543e-14	2.31786263143326	0.769	0.312
14	XKR7	1.21050422019738e-09	1.08926862251181e-13	2.35708301063036	0.821	0.421
14	GLIS1	1.6169924849974e-09	1.45504587869828e-13	4.09011838268674	0.179	0.017
14	ELAVL2	2.63277804357596e-09	2.36909749264461e-13	1.5787335230358	0.923	0.408
14	SOX3	3.7467543619355e-09	3.37150576976109e-13	2.06158507743147	0.308	0.046
14	GAB2	1.94768282479034e-08	1.75261659748974e-12	2.57158588856818	0.308	0.05
14	IAPP	3.86805427135308e-08	3.48065713250525e-12	3.48544054207079	0.103	0.006
14	SYT1	9.38053476465972e-08	8.44104631032099e-12	1.11264310422921	1	0.736
14	MSI2	1.35965116979082e-07	1.22347806154128e-11	1.15888816961827	0.949	0.476
14	SHISA7	2.15713624765123e-07	1.94109263713779e-11	2.28850191595509	0.846	0.427
14	RPS6KA5	2.75138285525976e-07	2.47582367970823e-11	2.11950884144151	0.487	0.131
14	SRCIN1	3.21062544927068e-07	2.88907176214405e-11	1.41362848289046	0.923	0.565
14	LHX6	5.0617632304233e-07	4.5548125892408e-11	2.63141269971502	0.282	0.048
14	CDH24	1.45533817588666e-06	1.309581729404e-10	2.50662979533647	0.744	0.4
14	PAPPA2	4.46233153214913e-06	4.01541575825531e-10	4.18621289356431	0.282	0.055
14	SOX2	4.58372675085715e-06	4.12465288478103e-10	2.10452362462152	0.256	0.043
14	ADRA2B	6.4908768897747e-06	5.84079626543211e-10	2.34478012581162	0.41	0.107
14	PAPPA	1.43067380266728e-05	1.28738756651424e-09	2.71632162997098	0.333	0.078
14	GRIA1	1.49389345339565e-05	1.34427558120728e-09	2.61321982365979	0.795	0.363
14	WHRN	5.52049872671952e-05	4.96760436130615e-09	1.61849231548475	0.615	0.228
14	COMT	7.83935289437621e-05	7.05421838781266e-09	2.38293922092183	0.154	0.019
14	GAD1	9.43377692235374e-05	8.48895610758008e-09	2.29789028516907	0.692	0.257
14	TACR1	0.000135015235430454	1.21493058067537e-08	2.12112227691498	0.385	0.106
14	SHISA6	0.000141270479003417	1.27121820393608e-08	1.97963523599269	0.641	0.264
14	GALR1	0.000236298376438785	2.12632391288387e-08	1.75525891329738	0.385	0.104
14	BCL11A	0.000240333714960774	2.16263578656325e-08	1.07894057130871	0.769	0.321
14	TP53I11	0.00054359305071097	4.89150590039566e-08	1.83221482022545	0.385	0.108
14	OLFM3	0.00062680810838306	5.64031412204679e-08	2.9585674503253	0.256	0.056
14	NRXN1	0.000631098243087104	5.67891877159277e-08	1.36580816278934	0.872	0.585
14	TOX2	0.000757078315703398	6.81254670839015e-08	2.71102431349215	0.615	0.252
14	OR56A4	0.000936713968195644	8.42899278498735e-08	2.01025545618394	0.282	0.066
14	FNDC5	0.00105044920888538	9.45243596585424e-08	1.90732822432884	0.359	0.1
14	IQSEC1	0.00110977436494443	9.98627161832472e-08	1.71054610184076	0.846	0.495
14	SLC35F3	0.00195268009162537	1.75711337318939e-07	2.17748923701398	0.333	0.091
14	MGAT4C	0.0020819117136627	1.87340206394556e-07	1.45300464054558	0.667	0.317
14	ELFN1	0.0030030351691819	2.70227226597849e-07	2.94383740220534	0.744	0.496
14	DAB1	0.00323558364381819	2.9115303192821e-07	1.52241918573336	0.692	0.362
14	HTR4	0.00399074518468664	3.59106018598636e-07	1.66170983752417	0.487	0.186
14	SV2A	0.00419763669963714	3.77723090042036e-07	1.02828603533409	0.795	0.439
14	CACNA1B	0.00585528937122404	5.26886472709803e-07	0.841436584108399	0.795	0.38
14	TMEM91	0.00639924900285917	5.75834518389199e-07	2.0734749238694	0.333	0.098
14	SAMD9	0.00887935968031752	7.99006540116757e-07	2.77752874707634	0.103	0.012
14	JUNB	0.00916646510248923	8.24841636145886e-07	3.10220133486953	0.103	0.012
14	ELFN2	0.012226386744919	1.10018777512094e-06	1.21871904159938	0.846	0.545
14	LRRC4	0.0146363410926129	1.3170468003791e-06	1.75880216633776	0.513	0.198
14	IGSF3	0.0175872061280324	1.5825795130057e-06	1.34218989024756	0.564	0.246
14	PCSK2	0.0183147398849687	1.64804642175549e-06	1.37912494981189	0.667	0.332
14	GRIP1	0.021109733786261	1.89955311673364e-06	1.53616125708854	0.564	0.264
14	NTRK2	0.0275696271167871	2.48084469691236e-06	0.921850164162455	0.821	0.521
14	FAM20C	0.0333402908061562	3.00011615280808e-06	1.59497450881489	0.641	0.329
14	ATP1B3	0.0450933566527041	4.05771228765446e-06	1.66575763629394	0.872	0.614
19	GATA2	9.53823687991016e-171	8.58295408972389e-175	6.40267533616785	0.741	0.021
19	TFAP2A	1.27426830258701e-169	1.1466465424161e-173	6.41684861694578	0.586	0.01
19	GATA3	1.56060286698868e-166	1.40430384863554e-170	5.82774917198274	0.862	0.034
19	ID2	1.83859604692639e-56	1.65445518485233e-60	3.99632952545951	0.707	0.085
19	SOX14	1.84399325073663e-39	1.65931184264971e-43	5.48682848531605	0.224	0.009
19	RALY	1.5568638292583e-38	1.40093928665374e-42	4.17184968938218	0.603	0.087
19	PPARGC1A	1.28544529588411e-37	1.15670412659418e-41	3.83057992993387	0.724	0.141
19	CDH23	1.76004107657583e-30	1.58376772840442e-34	3.12940804439544	0.534	0.079
19	GPC5	8.47781656233102e-30	7.62873802063441e-34	3.28213744897385	0.362	0.035
19	LYPD1	2.17754732599166e-29	1.95945948527999e-33	2.29115273154963	0.655	0.118
19	GRIK3	7.94956257393306e-27	7.15339024019892e-31	2.42838284500743	0.914	0.32
19	UNCX	8.60726018713319e-27	7.74521748144802e-31	2.67984147147943	0.31	0.028
19	NXPH2	1.19490666741197e-26	1.07523321102489e-30	3.85853739931096	0.293	0.025
19	NPR1	7.67576609163888e-25	6.90701528987571e-29	2.59957627947092	0.638	0.135
19	SLC6A1	4.82250682706616e-24	4.33951842622709e-28	3.11966346775512	0.966	0.509
19	FAM131A	3.50454831797885e-23	3.15355738142612e-27	3.02135738208562	0.776	0.252
19	SLC32A1	4.30993760212022e-22	3.8782845335375e-26	3.0924373350796	0.879	0.306
19	MN1	1.38334893602425e-18	1.2448024260094e-22	2.51802786864429	0.603	0.157
19	ARSL	2.64583376596179e-18	2.38084564560586e-22	2.72108412377004	0.552	0.135
19	OR56A4	9.38593458854843e-18	8.44590532578821e-22	4.33931869404315	0.379	0.062
19	PLXDC2	2.04941494626842e-16	1.84415994445102e-20	2.56212623273359	0.603	0.167
19	GRIK4	2.78734213986137e-16	2.50818153501428e-20	2.41755934824839	0.724	0.253
19	TNFRSF11B	3.92270825979049e-16	3.52983736145999e-20	4.36670081320502	0.138	0.008
19	MDGA1	1.9434846355787e-15	1.74883886941303e-19	1.31175829116053	0.776	0.247
19	DOC2B	1.02225594061227e-14	9.19873967976489e-19	2.71086476282255	0.707	0.275
19	GAD2	1.1401758927549e-14	1.02598388621875e-18	1.82401435039434	0.672	0.207
19	B4GALNT4	1.2591405100251e-14	1.13303384326924e-18	2.07414558594055	0.793	0.352
19	ADARB2	1.64696255914668e-14	1.48201436079068e-18	1.36941030518414	0.655	0.189
19	COL18A1	5.50596048929976e-14	4.95452217160061e-18	3.08113218012682	0.241	0.03
19	FAM184A	7.35497302729954e-14	6.61835060496674e-18	2.8971539605228	0.862	0.497
19	SYT2	2.59999866728057e-13	2.33960106837089e-17	2.34520898856237	0.862	0.438
19	ASTN2	1.06639708007492e-11	9.59594241046446e-16	1.82765983258841	0.776	0.363
19	TMEM132C	1.71227836554908e-11	1.54078859493304e-15	0.27957605195636	0.966	0.567
19	KCNG4	6.09793513196837e-11	5.48720879327667e-15	2.9031353069438	0.466	0.133
19	OTX2	8.12565233819728e-11	7.3118440908821e-15	3.53831663516924	0.155	0.015
19	FAM163A	8.59244276213933e-11	7.73188406563424e-15	3.5014521762701	0.414	0.106
19	RBFOX1	1.16933834931868e-10	1.05222563602869e-14	2.11588881521769	0.672	0.297
19	IQSEC1	3.19939878282677e-10	2.87896947973254e-14	2.11807961819984	0.879	0.491
19	GRIP2	3.22465466472091e-10	2.90169590994413e-14	2.46073929860743	0.276	0.049
19	LINGO4	3.63927173254826e-10	3.27478784535972e-14	2.15801734265539	0.69	0.287
19	CDH24	4.78400122563149e-10	4.30486927529154e-14	1.92492178114285	0.793	0.395
19	UNC5A	6.78077314713994e-10	6.10165855047237e-14	1.81651325775976	0.655	0.263
19	ADGRL2	1.30647742521403e-09	1.17562982562227e-13	2.04608232769969	0.845	0.52
19	GALR1	1.58569782044981e-09	1.42688546787529e-13	2.37921927222911	0.397	0.102
19	CHRM2	2.61402610693644e-09	2.3522236182277e-13	1.13557308422104	0.776	0.355
19	GABRA3	3.71331233436892e-09	3.34141306071171e-13	1.94361092412073	0.603	0.245
19	CSGALNACT1	6.01375963663048e-09	5.41146372413433e-13	2.79969206253134	0.328	0.074
19	NXPH3	6.9036821019568e-09	6.21225780793377e-13	2.55841714258604	0.466	0.15
19	RUNX1T1	1.30518720754785e-08	1.17446882709246e-12	2.11560817657184	0.586	0.232
19	PLEKHA4	1.91803750355504e-08	1.72594034334116e-12	2.81272664264608	0.138	0.014
19	PVALB	2.35818252158559e-08	2.12200352882713e-12	2.611922356316	0.259	0.049
19	PLXNA2	3.07472115280311e-08	2.76677868514632e-12	2.46051393635364	0.724	0.367
19	SNTG2	3.60428452925002e-08	3.24330471452355e-12	2.64081100333697	0.448	0.145
19	GABRR1	5.9351005831918e-08	5.34068260882912e-12	3.23835246904072	0.19	0.029
19	AUTS2	7.37131945087458e-08	6.63305988560657e-12	1.38475200685908	0.81	0.446
19	MC5R	9.03784817020589e-08	8.13268079744974e-12	2.72249834633993	0.328	0.081
19	IGSF21	9.27273408575762e-08	8.34404219000955e-12	2.83957987469921	0.776	0.417
19	CAMTA1	1.3948177843619e-07	1.25512263507775e-11	1.44703573124003	0.759	0.402
19	BTC	1.85905020454761e-07	1.67286079775723e-11	2.51851204129169	0.155	0.02
19	MICALL2	2.29037100413737e-07	2.06098353652242e-11	4.51414198199046	0.103	0.009
19	SERPINI1	2.90408666725125e-07	2.61323375078849e-11	1.73401117900193	0.638	0.304
19	DNER	3.51879966298097e-07	3.16638141184286e-11	1.23494582968705	0.862	0.537
19	KCND2	4.7613165671502e-07	4.2844565528212e-11	1.1580119630721	0.672	0.306
19	TSHZ1	6.65802199754414e-07	5.99120129356982e-11	2.20863732235928	0.483	0.171
19	SLC8A3	7.07222735316958e-07	6.36392275098495e-11	1.27619988263454	0.793	0.47
19	RRAD	8.59102383480722e-07	7.73060724809433e-11	2.36336168660566	0.155	0.021
19	CACNA1I	1.23210411818853e-06	1.10870522648118e-10	1.62615110663037	0.603	0.265
19	SEMA6A	2.65898057249552e-06	2.3926757603667e-10	1.69044297958537	0.534	0.211
19	ZFPM1	3.98473686487869e-06	3.58565361727589e-10	2.09407686037353	0.328	0.089
19	NKAIN4	5.64048148794419e-06	5.0755704921661e-10	2.05808592823016	0.414	0.139
19	ARHGAP22	5.83820603334485e-06	5.25349233631319e-10	2.05714416818985	0.31	0.082
19	NDUFA4	5.83826165155004e-06	5.25354238418972e-10	1.47722145594313	0.621	0.273
19	GRIA4	7.57119345891017e-06	6.81291591731321e-10	1.07126199257664	0.672	0.291
19	FGD5	1.007340869926e-05	9.0645268597678e-10	2.82296363278317	0.138	0.019
19	MAGI2	1.59118184719255e-05	1.43182025303028e-09	1.5590272276819	0.69	0.392
19	NLGN2	1.88679484673157e-05	1.69782673151406e-09	1.22005243862195	0.81	0.499
19	MPP3	2.11087951164994e-05	1.8994686508143e-09	1.74361703192682	0.534	0.232
19	NBEAL2	2.94235572274079e-05	2.6476700465588e-09	1.97666043531844	0.224	0.048
19	PTGER3	3.5791428106298e-05	3.22068101379448e-09	2.7612318361027	0.155	0.025
19	GALNT18	3.87009670091274e-05	3.48249500667033e-09	2.16782704614016	0.517	0.226
19	LRRTM4	4.25111817150412e-05	3.82535604382626e-09	2.50378090420639	0.828	0.522
19	KCNH4	5.31823877912907e-05	4.78560134898683e-09	2.58992544624748	0.259	0.067
19	DPP10	7.1443381484106e-05	6.42881143562549e-09	0.682612215046909	0.845	0.512
19	ZNF827	7.3125492592806e-05	6.58017570348295e-09	1.87909254497865	0.483	0.212
19	ZNF385A	8.16293098987798e-05	7.34538917473047e-09	2.82747618814186	0.345	0.11
19	REPS2	8.53547903253964e-05	7.68062542296377e-09	2.80369357288108	0.19	0.038
19	EML6	0.000147931005610341	1.3311527545248e-08	1.77830029883997	0.69	0.372
19	TRHDE	0.00027519913687944	2.47637124880266e-08	0.934882669517558	0.845	0.511
19	GAS7	0.000351160932981554	3.15991121192796e-08	2.16402620450085	0.603	0.32
19	CELF2	0.00043664030527097	3.92909480132251e-08	0.610385598099933	0.983	0.83
19	GJA8	0.000479538474058858	4.31511269737117e-08	3.21051691885636	0.121	0.018
19	TOX3	0.000558562648163622	5.02620937787836e-08	2.27352663370745	0.259	0.071
19	ADGRL3	0.000597532645237068	5.37687973757823e-08	1.27041764561703	0.879	0.624
19	EBF1	0.000604449629491122	5.4391220146776e-08	1.54817773157245	0.293	0.087
19	CDK14	0.000964628774802467	8.68018334205406e-08	0.829820085661484	0.776	0.498
19	ROBO2	0.00106856494127108	9.61544984496606e-08	1.41743552906436	0.707	0.401
19	GUCY1A2	0.0010705509793744	9.6333211497741e-08	1.53067760945353	0.517	0.251
19	CDH11	0.00111826600627944	1.00626834003369e-07	1.04643421699009	0.655	0.332
19	RND2	0.00129693381119252	1.16704203292767e-07	1.0113416796341	0.397	0.145
19	MSI2	0.00140004307165747	1.25982459431069e-07	0.481954945805957	0.793	0.476
19	ATP13A5	0.00189508960831246	1.70529074805404e-07	0.465830098159228	0.948	0.667
19	KAZN	0.00249565240491229	2.24570539450399e-07	0.281168419989603	0.724	0.397
19	HTR1E	0.00332686816963824	2.99367242836159e-07	2.63045300177131	0.207	0.053
19	RHBDL1	0.00403694746678825	3.63263517213016e-07	2.2060627319907	0.345	0.129
19	PCDH9	0.00570118664602122	5.13019584812492e-07	1.32505686798794	0.741	0.468
19	OPN3	0.00579347561515449	5.21324180253261e-07	3.54303694755286	0.103	0.016
19	ELFN2	0.00630780724901763	5.67606159364495e-07	0.750613127355074	0.845	0.542
19	PCNX2	0.00639818587288543	5.75738852954686e-07	2.14977338990513	0.362	0.149
19	ZNF536	0.0116103051444255	1.04474985552286e-06	0.790831630249318	0.5	0.218
19	EGFR	0.0126383940734739	1.13726213205021e-06	1.62680542374325	0.241	0.074
19	MYO16	0.0142379629430289	1.28119886106622e-06	1.38546779236975	0.569	0.296
19	PGBD5	0.0167699317178739	1.50903731826455e-06	1.92419347780456	0.362	0.15
19	DTNBP1	0.0197917645873441	1.78095605033241e-06	1.79558537271419	0.379	0.167
19	NDNF	0.0256369964982366	2.30693750546537e-06	2.4218627079347	0.103	0.017
19	SEMA5A	0.027915004206829	2.51192335164483e-06	0.733897992584525	0.466	0.222
19	NTRK2	0.0283056837419233	2.54707853342242e-06	0.734751060655107	0.776	0.519
19	CACNA2D2	0.0331880289543488	2.98641491535578e-06	0.79014231028808	0.776	0.525
19	TENM3	0.0333705071718328	3.00283516348716e-06	1.38997665203081	0.828	0.597
19	DCC	0.0422718149309726	3.80381669494939e-06	0.971519958191361	0.672	0.391
19	NPY2R	0.0439240421225189	3.95249186740924e-06	1.46673171336248	0.259	0.085
19	SIRT7	0.0476978744760041	4.29207904940197e-06	2.43907847252058	0.138	0.03
19	ZNF385C	0.0492440051701282	4.43120716009432e-06	0.982281431680278	0.621	0.337
6_2	FOXB2	3.55503781008752e-115	3.19899020074464e-119	12.03826345442	0.238	0
6_2	MST1R	5.57932659921922e-60	5.02054044742124e-64	9.27290074462983	0.19	0.001
6_2	DUSP1	1.60908498265179e-55	1.44793033622945e-59	6.45490078293004	0.238	0.002
6_2	CREB3L1	2.99971134402612e-44	2.6992813317971e-48	4.73614321743194	0.762	0.048
6_2	OCEL1	4.78027113816534e-42	4.30151276717838e-46	6.9046871899501	0.857	0.069
6_2	SIM1	1.00219911475024e-35	9.01825892873424e-40	4.01490105825701	0.429	0.017
6_2	FOSB	1.960837413255e-34	1.76445371479799e-38	4.34035956408288	0.524	0.027
6_2	OTP	1.78321726562171e-33	1.60462275319149e-37	4.30610410385271	0.476	0.023
6_2	FAM114A1	2.15695609795868e-23	1.94093052997272e-27	5.0439007564766	0.19	0.004
6_2	SLIT3	2.29904733501544e-23	2.0687909070597e-27	4.19092735669094	0.762	0.092
6_2	SYT10	2.40659365326742e-23	2.16556614169659e-27	3.90977579842462	0.762	0.092
6_2	FOS	1.63793655413078e-21	1.47389233702041e-25	3.25693997325751	0.571	0.05
6_2	PLEKHO1	1.73182061333483e-19	1.5583736284845e-23	3.8226543015438	0.238	0.009
6_2	GPR142	8.3777142219506e-19	7.53866122734689e-23	6.41820620741934	0.19	0.006
6_2	VIPR2	1.62755054432885e-18	1.46454651698808e-22	4.29980801925735	0.19	0.006
6_2	EGR4	4.33704564397934e-18	3.90267762438526e-22	2.94777329013041	0.857	0.136
6_2	OXT	6.61256219703892e-18	5.95029442728239e-22	8.66168504551031	0.619	0.076
6_2	ITGA3	1.29205260419797e-17	1.16264969333031e-21	3.80618019667262	0.619	0.073
6_2	RCN3	2.61739151550856e-14	2.35525197112262e-18	3.64468250351215	0.143	0.004
6_2	XBP1	3.05081172562543e-13	2.74526385820699e-17	3.83078273141138	0.286	0.019
6_2	DUSP2	5.63326890954568e-13	5.06908027494437e-17	4.17015414158272	0.143	0.004
6_2	PDLIM1	5.40547476360758e-12	4.86410039018049e-16	4.42916789454697	0.19	0.009
6_2	AVP	1.32416339573748e-11	1.19154449359982e-15	8.86378809597796	0.286	0.021
6_2	OSBPL3	3.6319879524015e-11	3.26823355745658e-15	4.49785813342576	0.571	0.088
6_2	GULP1	3.1914439109941e-10	2.87181131197165e-14	2.83231657751753	0.571	0.089
6_2	CYB561	1.44116589682783e-09	1.29682884624118e-13	3.37246474929586	0.571	0.099
6_2	GPR4	1.56637558455256e-09	1.40949841136737e-13	3.49717185197639	0.333	0.033
6_2	RSPO2	2.53553283745315e-09	2.2815916831217e-13	4.12908458989529	0.19	0.011
6_2	CACNG4	2.84557127825699e-09	2.56057885202645e-13	2.90981802417356	0.81	0.208
6_2	SCGN	3.05696840981248e-09	2.75080393216277e-13	3.59141384455733	0.286	0.025
6_2	SERPINE2	3.37140938254577e-09	3.03375270633112e-13	4.20778070738281	0.381	0.046
6_2	NPAS4	3.42275919410645e-09	3.07995968154994e-13	2.69529769547625	0.476	0.067
6_2	TAPBP	3.53337780566063e-09	3.17949951017784e-13	3.14447185513275	0.19	0.011
6_2	FOSL2	3.73373916880436e-09	3.35979408692915e-13	3.55813738933494	0.619	0.123
6_2	TNR	3.78212701643923e-09	3.4033357477182e-13	2.45422063444326	0.952	0.305
6_2	CREM	2.81553353971093e-08	2.53354948232784e-12	2.84047432092041	0.429	0.059
6_2	BAIAP2L1	4.64408186864825e-08	4.17896325802956e-12	3.09123370084306	0.476	0.076
6_2	QPCT	1.8725652305318e-07	1.68502225369549e-11	2.07033885742556	0.524	0.089
6_2	GHRHR	3.65944726902935e-07	3.2929427418603e-11	2.68327163773695	0.333	0.04
6_2	WHRN	1.20378337619105e-06	1.08322089102047e-10	2.01168331431353	0.81	0.229
6_2	GARNL3	1.67470108488282e-06	1.50697479068012e-10	2.27629846549826	0.81	0.285
6_2	DZIP1	4.10579484060003e-06	3.69458727670298e-10	2.31347330651657	0.333	0.043
6_2	ABCB4	4.84048609360532e-06	4.35569701575211e-10	3.38951533897068	0.19	0.015
6_2	NMBR	1.14055343512442e-05	1.02632361659715e-09	3.08847611887592	0.429	0.076
6_2	ELOVL5	1.52188871152995e-05	1.36946703098169e-09	3.18563624014281	0.19	0.016
6_2	VWA5B1	1.5958492525894e-05	1.4360202038958e-09	2.98255412758058	0.476	0.088
6_2	WNK4	1.79216981667142e-05	1.61267867962874e-09	3.04014398818155	0.19	0.016
6_2	FIGN	2.73513435117904e-05	2.46120251163416e-09	3.04031529462599	0.476	0.099
6_2	TENT5A	2.76672927208862e-05	2.48963310725152e-09	3.45436056259857	0.19	0.016
6_2	JUND	4.36293031495049e-05	3.92596986857778e-09	2.15909673366591	0.381	0.062
6_2	SRF	5.52562528712325e-05	4.97221748143908e-09	2.20422580408939	0.286	0.036
6_2	FNDC3A	6.22308589911014e-05	5.59982533889151e-09	3.63786437617089	0.476	0.105
6_2	MYO1C	6.28242661141044e-05	5.65322290237599e-09	2.97609563563826	0.238	0.026
6_2	PTGER3	7.74547830998346e-05	6.96974562222933e-09	3.51141923498942	0.238	0.027
6_2	POU3F2	8.77706581933961e-05	7.89801657458797e-09	2.43296641989348	0.381	0.064
6_2	SENP7	0.000107025375857366	9.630646617238e-09	1.64440799234175	0.238	0.026
6_2	CALY	0.000123800090825012	1.11401143548108e-08	2.56704559806928	0.571	0.15
6_2	RABEPK	0.000151284484516474	1.36132893472936e-08	3.29942474536395	0.143	0.01
6_2	KIF1C	0.000191065915653677	1.71930095971994e-08	1.90922090107084	0.286	0.038
6_2	ZBTB49	0.000235889208952312	2.12264203142546e-08	3.91504439154882	0.143	0.011
6_2	PNO1	0.000263674455038297	2.37266674199853e-08	2.79998825767272	0.19	0.019
6_2	FOXP4	0.000282410645523811	2.54126379486918e-08	2.62390212689541	0.333	0.054
6_2	JAG1	0.000317163250881099	2.85398408063618e-08	2.03519032720512	0.143	0.011
6_2	EGR1	0.000365248011774161	3.2866733714943e-08	0.347923357771071	0.381	0.066
6_2	KCNMB4	0.000421122072637294	3.78945444647975e-08	2.99677839504306	0.286	0.041
6_2	ALG2	0.000458925199385698	4.12962475826238e-08	2.50044981620496	0.238	0.029
6_2	PIM3	0.000743019999198409	6.68604336541356e-08	1.77909316140498	0.429	0.085
6_2	SCG2	0.000788246282057068	7.09301072669007e-08	3.00903044913606	1	0.567
6_2	GADD45B	0.000822193381872605	7.39848269479533e-08	3.49086943160338	0.19	0.02
6_2	IER2	0.00089090568218243	8.01678828563332e-08	2.66409504086921	0.238	0.031
6_2	SGSM2	0.00111777463771198	1.00582618348959e-07	1.45165365160671	0.857	0.357
6_2	VAV3	0.0011808463877208	1.06258111016e-07	1.92845275560329	0.524	0.129
6_2	PDE10A	0.00140103431794935	1.26071656433848e-07	2.23632079876585	0.524	0.128
6_2	SEC23A	0.00146532852099107	1.31857151173497e-07	2.10785310836135	0.333	0.057
6_2	HELQ	0.00150041466386588	1.35014367305488e-07	2.34182157559943	0.286	0.043
6_2	TRPC7	0.00168486946690492	1.516124779002e-07	2.49960432569052	0.333	0.058
6_2	VARS1	0.00212533934755416	1.91248029114925e-07	3.09227802420572	0.238	0.032
6_2	PGM3	0.00308882362650245	2.77946875416399e-07	3.33462222136105	0.143	0.012
6_2	NOCT	0.00333466112362201	3.00068489482769e-07	3.75115794757041	0.333	0.064
6_2	UBOX5	0.00334864434380491	3.01326765392325e-07	3.89777723529087	0.19	0.022
6_2	RIOK1	0.00385864523646591	3.47219044044444e-07	2.54660536053279	0.19	0.022
6_2	AFAP1	0.00391095192562187	3.51925845912163e-07	2.6778609232903	0.19	0.022
6_2	ADARB2	0.00523308493697473	4.7089759173713e-07	1.47848844421082	0.619	0.197
6_2	CELF6	0.00551475327520811	4.96243433385054e-07	1.62527279926947	0.952	0.516
6_2	DHRS4	0.00558484940721454	5.02551012977103e-07	2.98486528551457	0.143	0.013
6_2	TBC1D31	0.00587925168631113	5.29042714506536e-07	1.40729665604419	0.19	0.022
6_2	AVPR2	0.00672728325310317	6.05352582840203e-07	2.07690167557124	0.19	0.022
6_2	DAPL1	0.00673122276768151	6.05707078887925e-07	1.91296098171648	0.143	0.013
6_2	GALNT13	0.00722697805256951	6.50317470761226e-07	1.464970853751	0.571	0.162
6_2	ETS1	0.00770623249888921	6.934430395833e-07	2.24700048269219	0.19	0.023
6_2	TENT5D	0.00790094810763645	7.10964465728106e-07	4.09510011914485	0.476	0.131
6_2	MAP3K20	0.00802061271665337	7.21732449982307e-07	1.51391123432206	0.286	0.046
6_2	UBE2J2	0.00889411051669639	8.00333889741419e-07	2.81408047307611	0.19	0.023
6_2	PNKP	0.00897102900506085	8.0725537704138e-07	2.8748550506191	0.143	0.013
6_2	CEP20	0.0104874688212967	9.43711762917009e-07	2.24470581243286	0.143	0.013
6_2	POU3F4	0.0119399595456175	1.07441370877508e-06	3.00016857240749	0.19	0.023
6_2	DOK6	0.0128200675458566	1.15360996543297e-06	1.04576632094282	0.429	0.096
6_2	BAIAP3	0.0143800823439526	1.2939874330921e-06	2.0654659952963	0.667	0.254
6_2	EPN3	0.0165160973964538	1.48619611234174e-06	1.78891412748076	0.381	0.083
6_2	CAMK1D	0.017272349342429	1.55424721879141e-06	3.85260346121666	0.619	0.228
6_2	PCSK1	0.0196889039874832	1.77170016984461e-06	1.9852710448765	0.714	0.312
6_2	EPB41L5	0.0200438903143148	1.80364350889182e-06	1.44153295699931	0.333	0.064
6_2	HPCAL1	0.0200781553491553	1.80672683786154e-06	2.97799628704645	0.143	0.014
6_2	LMNA	0.0206664349122527	1.85966299939285e-06	0.473426033979326	0.333	0.064
6_2	LMF2	0.0212661876805856	1.91363157388514e-06	2.56457777733615	0.19	0.024
6_2	RP1L1	0.022579767154781	2.03183363221281e-06	2.24814256709654	0.19	0.024
6_2	LRP1B	0.0259841429729034	2.33817537774709e-06	1.17964861621001	0.952	0.447
6_2	PAM	0.026370538557732	2.37294506953406e-06	1.45980106973607	0.762	0.335
6_2	SDC2	0.0268560152196795	2.41663054257891e-06	3.05901347626351	0.333	0.07
6_2	NRSN1	0.0304630692888953	2.74121023026143e-06	1.66026439208957	0.619	0.213
6_2	INSM1	0.0329188497368843	2.96219290352599e-06	2.17619852367164	0.286	0.052
6_2	NFYC	0.0343864019487588	3.0942501528623e-06	2.3035519152219	0.238	0.038
6_2	KIF19	0.0355274112222606	3.19692353300284e-06	2.05339391338426	0.286	0.052
6_2	GRID1	0.0427801816918208	3.84956192673633e-06	1.02059592418402	0.952	0.713
5	ADCYAP1	2.41250478826723e-40	2.17088525894648e-44	3.2774924349823	0.872	0.318
5	LHX9	3.32328731259885e-40	2.99045020480415e-44	3.49621189663528	0.457	0.066
5	TCF7L2	2.10330284461487e-20	1.89265080951576e-24	1.40916296576756	0.723	0.245
5	LRRTM4	4.10912476306121e-17	3.69758369752651e-21	2.54590545495024	0.936	0.512
5	C2CD4C	4.78763118583481e-14	4.30813568418502e-18	2.60662975046395	0.213	0.033
5	ADAMTS2	8.55525006837393e-14	7.6984163307603e-18	1.52857270977796	0.479	0.149
5	CACNA2D1	2.50307687671663e-13	2.25238628337679e-17	1.99550707326807	0.585	0.224
5	BAIAP3	1.4258160446063e-12	1.28301632737001e-16	1.53156935264058	0.617	0.242
5	CR2	1.8068320947288e-11	1.62587248693314e-15	0.914088803250186	0.83	0.45
5	CD44	2.33349724228312e-11	2.09979055366069e-15	1.38465601136373	0.436	0.137
5	GRID1	5.29060584419147e-10	4.76073593466343e-14	1.22945079419774	0.989	0.703
5	OPRL1	7.00946323841353e-10	6.30744464898185e-14	1.37243172937116	0.543	0.222
5	CPNE2	1.25976743304183e-09	1.13359797808137e-13	1.18731531760995	0.638	0.28
5	ADCYAP1R1	2.46656181624974e-09	2.21952831481125e-13	1.06853276597775	0.702	0.341
5	PRKD1	2.5181948549115e-09	2.26599015109466e-13	1.99111160052054	0.362	0.115
5	SLC17A6	5.03795664858662e-09	4.5333903073757e-13	0.68105488795314	0.83	0.426
5	CPNE8	6.37900908829698e-09	5.7401323569666e-13	1.53385050962609	0.489	0.195
5	RASGRF2	1.43189963845842e-08	1.28849063120528e-12	1.26218379850212	0.426	0.153
5	GRM8	1.61091120935087e-08	1.44957366089343e-12	0.802594624080468	0.926	0.572
5	DNER	5.05719688509223e-08	4.55070357697492e-12	0.909013794254589	0.84	0.532
5	IRAG2	7.37585018711411e-08	6.63713685513732e-12	2.12251406817029	0.213	0.048
5	SHISA7	1.37121701440536e-07	1.23388555242091e-11	1.21394887930918	0.766	0.42
5	NRXN2	1.77883581755352e-07	1.60068012017774e-11	0.991996093138661	0.979	0.793
5	SLC4A11	1.93888211022128e-07	1.74469730065804e-11	0.989469722256902	0.766	0.43
5	VAT1	2.72743788586321e-07	2.45427687020895e-11	0.951753187300284	0.777	0.43
5	SNCA	3.83203401665659e-07	3.44824441344064e-11	1.69078299112984	0.298	0.091
5	LRRC7	4.94978610230756e-07	4.4540503035252e-11	0.886409076175101	0.798	0.462
5	PCDH7	5.4945817852074e-07	4.9442830785633e-11	0.940513137131125	0.84	0.509
5	DCC	1.01174512435022e-06	9.10415841222193e-11	0.980451162291873	0.702	0.385
5	AJAP1	1.45672389637661e-06	1.31082866586576e-10	1.1481422826842	0.617	0.303
5	NPR1	1.77430796994087e-06	1.59660574996928e-10	1.18299240839907	0.383	0.138
5	RAB27B	3.97625326765246e-06	3.57801967754203e-10	1.53903878957781	0.436	0.193
5	NRGN	4.51489061328753e-06	4.06271089110729e-10	1.56295417221812	0.223	0.059
5	CSMD1	4.93161850368295e-06	4.43770224393319e-10	0.635772472574552	0.872	0.523
5	TAFA5	5.06237611121643e-06	4.5553640881998e-10	0.938395559688146	0.798	0.54
5	SSTR5	6.21725137041639e-06	5.5945751555983e-10	2.16078724037853	0.213	0.056
5	GRM1	6.69637695327713e-06	6.02571488641872e-10	0.886469288036949	0.543	0.269
5	CAMKV	7.93875549770813e-06	7.1436655247981e-10	0.873668266331519	0.415	0.173
5	DLGAP1	8.11663424284876e-06	7.30372918460251e-10	1.1345133832288	0.755	0.471
5	CSMD3	9.14574494936644e-06	8.22977139329293e-10	0.807736846397208	0.83	0.521
5	SLC8A1	9.92865012512487e-06	8.93426628734354e-10	0.723370507497248	0.777	0.447
5	TRHDE	1.01383948150618e-05	9.12300442280375e-10	0.733877613218314	0.83	0.506
5	PRKCD	1.2755250281796e-05	1.14777740320309e-09	2.1772524226522	0.117	0.02
5	GRIN2B	1.45454492043397e-05	1.30886792084403e-09	0.856864967433867	0.936	0.642
5	SLC7A14	1.71316177846695e-05	1.54158353141991e-09	0.901874539434565	0.574	0.287
5	GFRA2	1.7133013276986e-05	1.541709104381e-09	1.19871425745783	0.436	0.187
5	KIF26B	2.51605622759374e-05	2.26406571366304e-09	1.45971984022276	0.415	0.184
5	SIPA1L1	2.6213349501016e-05	2.35880045901341e-09	1.33522248619171	0.681	0.388
5	PLCB1	5.1374650071328e-05	4.62293260787618e-09	1.22205774662764	0.415	0.179
5	CHST8	5.2493647349325e-05	4.72362524514757e-09	0.868931714944796	0.617	0.319
5	IL1RAPL2	8.13464343151289e-05	7.31993469946269e-09	0.872329911728658	0.713	0.417
5	PLXNA1	8.37385113135871e-05	7.53518503676659e-09	1.37942412103201	0.862	0.618
5	SP9	8.96218248653646e-05	8.06459325702912e-09	2.59010600013202	0.181	0.048
5	SORCS3	9.63756774698616e-05	8.67233667505279e-09	0.969634746394305	0.638	0.375
5	NOS1	9.78435841217365e-05	8.80442581856713e-09	0.845809316707853	0.372	0.147
5	PTPRM	0.00011958143902782	1.07605002274651e-08	1.66903685024051	0.34	0.137
5	GRIN2A	0.000160394436563399	1.44330456729415e-08	0.562480811745431	0.798	0.456
5	ADGRB3	0.000194507417741988	1.75026921391153e-08	0.639029937530546	0.915	0.669
5	NRG3	0.000209484888153091	1.8850435359767e-08	0.549467772444394	0.979	0.736
5	NPR2	0.000229549125567335	2.06559097963947e-08	1.82106360846106	0.17	0.044
5	GABRA1	0.000233403949327857	2.10027849660629e-08	0.748427501273321	0.787	0.507
5	LRRC4B	0.000243813855055297	2.19395172370464e-08	0.976627589921825	0.723	0.45
5	GALNT10	0.000347433961701743	3.12637417170649e-08	1.50550243177968	0.67	0.433
5	PACRG	0.000402505919086542	3.62193754239667e-08	0.86173889018809	0.223	0.067
5	GALNT16	0.000443806076218223	3.99357577808174e-08	1.09547842019154	0.436	0.208
5	SCG2	0.000603983045164547	5.43492346949111e-08	1.35092423636962	0.819	0.561
5	PDE1A	0.000648811834808455	5.83831399989611e-08	0.760595237240874	0.532	0.267
5	THSD7B	0.000666360918648874	5.99622890892535e-08	1.15083850620506	0.426	0.198
5	KCNJ3	0.000767602311841139	6.90724657465256e-08	1.34476764199796	0.362	0.16
5	GRIK5	0.000860738633809601	7.74533099801674e-08	0.888801305437414	0.851	0.554
5	GRM7	0.000923160300652576	8.30703051068636e-08	0.829986043376618	0.564	0.319
5	ITM2A	0.000933079130442564	8.39628480556613e-08	0.659768441777327	0.862	0.593
5	SLC1A6	0.000996230066648264	8.9645466269078e-08	0.204570362796353	0.213	0.063
5	ADCY3	0.00184604259967936	1.66115594320108e-07	1.11118713744517	0.415	0.2
5	ALK	0.00191723231506207	1.7252157968704e-07	0.707144343248852	0.723	0.444
5	AGAP3	0.00210347289564187	1.89280382942668e-07	0.548329465128611	0.872	0.617
5	PCDHAC2	0.0024120012842105	2.17043218231846e-07	0.642107969051311	1	0.825
5	MC5R	0.00249722633284964	2.24712168887757e-07	1.45139577314275	0.234	0.081
5	FAM135B	0.00254962464370329	2.29427215306694e-07	1.39170369298446	0.34	0.152
5	CACNG4	0.00300009852609688	2.699629736432e-07	1.91777156252992	0.415	0.204
5	CACNA1I	0.00349020584913725	3.14065135349343e-07	0.778319738724704	0.511	0.264
5	GABRB2	0.00365545047811063	3.28934624143853e-07	0.728538659720893	0.426	0.2
5	CSPG5	0.00405465776421729	3.64857173060136e-07	0.909649029813905	0.872	0.633
5	RAP1GAP2	0.00420435456208317	3.78327594896353e-07	0.997687309661766	0.66	0.39
5	SLC8A3	0.00551943478907005	4.96664698017642e-07	0.706705816429864	0.734	0.467
5	PRKCE	0.00566270223854178	5.09556576850696e-07	0.968775834135667	0.457	0.233
5	NXPH3	0.00597842560617919	5.37966850191595e-07	1.13451611882616	0.34	0.15
5	APLP1	0.00631865913823305	5.68582663388199e-07	0.637471194720469	0.862	0.615
5	FADS2	0.00668736171058298	6.01760254709168e-07	1.35898009304847	0.255	0.096
5	GLRA2	0.00717822123188598	6.4593010275227e-07	1.08107630327369	0.309	0.128
5	TACR1	0.00719202171385019	6.47171935017564e-07	1.40939375161735	0.266	0.104
5	SVIL	0.00733202861363919	6.59770414257103e-07	0.896920616870148	0.277	0.106
5	SEMA6B	0.00774226393790523	6.96685317907427e-07	0.834433042889824	0.649	0.414
5	SLITRK4	0.00812546873377293	7.31167887498689e-07	0.961832118181822	0.457	0.234
5	NEK9	0.00838783565797805	7.5477689714551e-07	1.86848535844811	0.106	0.023
5	EDIL3	0.0091612913883311	8.24376081016026e-07	0.668958731730192	0.5	0.257
5	TRPC4	0.00966286252053198	8.69509810180148e-07	1.26446912716398	0.245	0.091
5	LRRC4C	0.0110475351476456	9.94109164730103e-07	0.794332600819297	0.787	0.516
5	GAP43	0.0118641863408927	1.06759527948283e-06	1.01952544055522	0.543	0.33
5	MARCKS	0.012607553375163	1.1344869409847e-06	0.823148023144494	0.489	0.263
5	CES2	0.0127277859629224	1.14530603463713e-06	1.05481930774515	0.755	0.497
5	DLK1	0.0131626945139934	1.1844411512637e-06	1.3646939286892	0.223	0.081
5	DCLK1	0.0133721516848644	1.20328909249207e-06	1.2445346274443	0.617	0.38
5	GPR176	0.0135904868437372	1.22293591683049e-06	2.39525328437519	0.138	0.038
5	VWC2L	0.0138014782432547	1.24192191516734e-06	0.978631674010122	0.351	0.159
5	PCDH10	0.0139560818548836	1.25583387518075e-06	0.914396581053767	0.447	0.225
5	HS3ST4	0.01402881393892	1.26237865013227e-06	1.26966495847905	0.362	0.17
5	AK5	0.0140669303891911	1.26580854757411e-06	0.324065375780656	0.649	0.364
5	INSYN2A	0.0155646149628921	1.40057724852804e-06	1.15822076687135	0.266	0.107
5	FRMPD3	0.0159740234579429	1.43741775019732e-06	0.820546410849014	0.489	0.266
5	RFX3	0.0207270370482306	1.86511626457577e-06	1.49986656415444	0.202	0.071
5	DLG4	0.020998995536745	1.88958836828444e-06	1.60690529599383	0.766	0.476
5	OPRM1	0.0238633375102043	2.14733532891248e-06	1.31519329963409	0.266	0.108
5	PCDH17	0.0257664778858917	2.31858884962581e-06	0.43908251379927	0.66	0.389
5	GABBR1	0.026131819686108	2.35146402286583e-06	0.577333810405632	0.968	0.7
5	MTNR1A	0.0271628626069071	2.44424211346235e-06	1.54871753263127	0.245	0.097
5	IPO13	0.028008369520995	2.52032480167327e-06	1.02461515674452	0.351	0.168
5	NKX2-2	0.029091120482466	2.6177558249317e-06	1.6453654826628	0.181	0.059
5	COPZ2	0.029205571292707	2.62805464705363e-06	1.3050458476678	0.213	0.076
5	NBR1	0.0306467715625384	2.75774062472226e-06	0.840307891851016	0.681	0.469
5	FXYD6	0.0307676762842672	2.76862020015002e-06	0.75201345087944	0.564	0.342
5	DOC2B	0.0324558049449382	2.92052595563198e-06	0.438754983238615	0.511	0.276
5	KCNH4	0.0335913338982326	3.0227061907885e-06	3.44527273932676	0.191	0.067
5	CDH2	0.0342265762698337	3.0798682866763e-06	1.28040209193073	0.67	0.454
5	PRKCA	0.0426233574033614	3.83545013977876e-06	0.2075188586163	0.723	0.462
5	SLC6A6	0.0479043975325821	4.3106629652283e-06	0.785743657100789	0.787	0.556
5	TMEM178A	0.049499715369078	4.45421716629875e-06	2.02911722478847	0.191	0.07
5	KSR2	0.0499368104986905	4.49354904154508e-06	0.621093132940642	0.713	0.468
16	GNG8	1.35855318125868e-134	1.22249003982604e-138	12.1854700915541	0.28	0
16	DGKZ	5.32153611636405e-106	4.78856844809147e-110	5.73345896961088	0.72	0.036
16	TAC3	6.425540104707e-104	5.78200315370017e-108	5.03310325460596	0.66	0.029
16	NPTX2	3.36416029934599e-94	3.02722964037253e-98	4.32334070942008	0.82	0.059
16	NR4A3	5.19280625927954e-88	4.67273126903585e-92	4.76058721680299	0.74	0.048
16	GPR151	1.55621192508668e-87	1.40035267262366e-91	6.45384892082552	0.3	0.004
16	NWD2	1.08547746289673e-73	9.76763666783705e-78	5.2590658908226	0.94	0.118
16	ETV1	1.3512608581555e-68	1.21592806456897e-72	4.32392501791126	0.7	0.056
16	GDPD5	6.7698930485155e-68	6.09186812608251e-72	5.25519263110002	0.6	0.041
16	CASZ1	7.55650818207072e-47	6.79970141462317e-51	3.8418959798685	0.58	0.055
16	NPY2R	1.02801065120526e-43	9.25052327189112e-48	4.62862806250691	0.64	0.078
16	TRPM3	4.35959052760237e-42	3.92296457086509e-46	3.36409776571799	0.94	0.216
16	LHX2	1.52893481720052e-40	1.37580744821428e-44	3.79727739585781	0.46	0.038
16	BCL11B	7.21832036048201e-38	6.49538410913526e-42	3.78551393262258	0.78	0.143
16	KLF4	2.08385175214195e-37	1.87514780180144e-41	5.68809590125321	0.26	0.012
16	CADPS2	8.33919811040079e-37	7.5040026189155e-41	3.69634862251835	0.9	0.219
16	SLIT2	2.15861758467733e-36	1.94242561385524e-40	3.18287166298107	0.76	0.13
16	SLC17A7	4.55109657196109e-36	4.09529071534338e-40	4.87703151916608	0.32	0.02
16	RGMB	1.10154657252067e-28	9.91223407289368e-33	3.99702030885649	0.42	0.046
16	ANO2	4.25044436663982e-28	3.82474972252301e-32	3.81662858266205	0.56	0.088
16	GNB4	6.4774937511283e-28	5.82875348792252e-32	3.66923167434183	0.84	0.253
16	STXBP5L	1.63818849828076e-27	1.47411904821449e-31	3.34113791418717	0.96	0.448
16	SLC4A5	1.74413946382434e-27	1.56945870946129e-31	8.26733246474818	0.1	0.001
16	CPNE4	7.34967287380012e-27	6.61358127760291e-31	2.36000916081654	0.76	0.182
16	POU4F1	7.58537543930474e-27	6.82567753019413e-31	3.73792793892066	0.24	0.014
16	CNIH3	3.18227902675597e-26	2.86356431814628e-30	2.84286208689149	0.88	0.279
16	GGT5	1.57502808301923e-25	1.41728433638012e-29	4.86151744712429	0.16	0.006
16	MSI2	2.29505076152163e-25	2.06519460228708e-29	2.51506356225286	0.98	0.473
16	SLC1A6	6.3723875375981e-25	5.73417397426266e-29	2.74336030722571	0.46	0.06
16	ARHGEF39	2.34667390610366e-24	2.11164753541227e-28	6.31909811583877	0.14	0.004
16	HPSE2	3.24582351668842e-24	2.92074463843104e-28	5.1187283580261	0.14	0.004
16	GABBR2	2.44129867507165e-23	2.19679535235458e-27	2.67523271860772	0.96	0.527
16	LYPD6	6.02743868479499e-23	5.42377277494375e-27	4.00698945499194	0.2	0.011
16	WHRN	4.04739307167243e-22	3.64203461862002e-26	2.93491848925023	0.78	0.222
16	RGS3	3.00399130326316e-21	2.70313264038797e-25	2.9986091296822	0.74	0.213
16	IRX1	4.80727290387912e-21	4.32581022575283e-25	3.9913955297787	0.42	0.059
16	TAC1	5.41723911505598e-21	4.87468650684422e-25	3.37036359395447	0.5	0.086
16	PLCL1	2.07397620645752e-20	1.86626132138713e-24	1.56159140025074	0.74	0.184
16	MCAM	8.59942329370208e-20	7.73816547620092e-24	4.00344559638642	0.62	0.14
16	GABRG3	4.86364655367394e-19	4.37653788686578e-23	5.01260752685516	0.86	0.337
16	SORBS3	3.63993703380242e-18	3.27538651471468e-22	5.07179107017035	0.12	0.004
16	MAL	3.97560298276391e-18	3.57743452061901e-22	4.71117214884531	0.12	0.004
16	SYT9	1.25184883214732e-17	1.12647244861632e-21	2.79931623863304	0.6	0.144
16	KCNH5	1.51854457827892e-17	1.36645782262119e-21	2.71942779528406	0.72	0.223
16	IL1RAP	1.7451776912625e-17	1.57039295533385e-21	3.6996371016032	0.36	0.052
16	TRHDE	8.53099570802375e-17	7.67659111673153e-21	2.13905588294519	0.94	0.51
16	MPP7	9.33505861304368e-17	8.40012473053512e-21	2.92553896447661	0.28	0.03
16	CACNB1	2.71489266009765e-16	2.44298808611325e-20	2.83360768955095	0.72	0.253
16	SCG3	5.12760083265055e-16	4.61405635980433e-20	2.56808375695689	0.7	0.225
16	KCNK3	1.1193448517541e-15	1.00723913592559e-19	5.74501070704363	0.12	0.005
16	TCF7L2	1.3706245885044e-15	1.2333524597358e-19	1.23283703891025	0.88	0.251
16	ESAM	1.81789913707351e-15	1.63583113207371e-19	3.64789393883958	0.3	0.039
16	DYRK4	8.00898798583979e-15	7.20686402037235e-19	3.65514704510008	0.32	0.046
16	ROBO3	1.34989504541124e-14	1.21469904203297e-18	0.370289119044968	0.84	0.336
16	HCN3	3.16640177311792e-14	2.84927721867896e-18	2.07947726852016	0.86	0.382
16	PROX1	3.68098369149856e-14	3.31232222757002e-18	1.93224103035608	0.46	0.088
16	NRN1	4.49504267500266e-14	4.0448507828693e-18	2.30869740676634	0.7	0.238
16	PEX5L	7.23270029736413e-14	6.50832385257278e-18	2.11553830638441	0.76	0.277
16	ADAMTS10	7.44312767595623e-14	6.69767630338903e-18	3.78045847420624	0.42	0.087
16	NECAB2	3.73498738786977e-13	3.36091729314296e-17	1.8026437043091	0.86	0.373
16	SYT10	4.26219565543662e-13	3.83532408479854e-17	2.9529127105619	0.44	0.091
16	SLC38A4	4.55768008085542e-13	4.10121486624262e-17	3.9419183302867	0.3	0.045
16	ELFN2	5.37873816100172e-13	4.84004153784012e-17	1.70305032641645	0.9	0.542
16	ZFYVE28	7.11596700813076e-13	6.40328174942028e-17	3.41732714548131	0.34	0.058
16	SAMD11	1.97780669605485e-12	1.77972347345888e-16	3.11784988466218	0.4	0.081
16	ZIC2	2.22365027204624e-11	2.0009450841773e-15	2.12543642438693	0.48	0.113
16	MPP1	2.25319895774448e-11	2.02753438112524e-15	3.44647168763758	0.36	0.071
16	KCNS1	3.53157059612606e-11	3.17787329805279e-15	4.166741824872	0.12	0.008
16	GRIA4	4.39014534980514e-11	3.95045923675438e-15	2.19163293865607	0.72	0.291
16	ZIC1	4.69616581434285e-11	4.22583084166548e-15	2.3170911711119	0.54	0.152
16	NRP2	5.06922099093007e-11	4.56152343285348e-15	2.29925679117622	0.88	0.427
16	ANKRD13B	5.77285398070158e-11	5.19468548609878e-15	2.72448347477512	0.48	0.126
16	TCF7L1	6.83667790778621e-11	6.15196428307947e-15	2.51550780792903	0.26	0.036
16	VAV2	1.03021189026937e-10	9.27033105614477e-15	2.12818689544937	0.72	0.3
16	OPCML	2.15673333773823e-10	1.94073007985083e-14	2.08600845559732	0.8	0.416
16	SRRM3	2.20047083037421e-10	1.98008713252426e-14	2.00831518853669	0.74	0.357
16	TTC39A	2.50605963843553e-10	2.25507031263883e-14	3.47530280483737	0.34	0.069
16	ANKRD50	2.7088201810533e-10	2.4375237839047e-14	2.72545748822751	0.48	0.137
16	FERMT2	4.81964935092933e-10	4.33694713482348e-14	2.99900967259414	0.26	0.04
16	DOCK4	1.42959560346261e-09	1.28641735216648e-13	1.71416732933216	0.82	0.446
16	GSG1L	1.84215469335768e-09	1.65765742226013e-13	3.35205425340794	0.24	0.036
16	CHST8	2.25927308859072e-09	2.0330001697028e-13	1.83120485159301	0.74	0.322
16	CELF2	2.4573615421681e-09	2.21124947554045e-13	1.51713173336479	0.98	0.831
16	MEGF6	5.01928053568882e-09	4.51658466272727e-13	2.83194942594364	0.18	0.021
16	HYCC1	1.14041828027197e-08	1.02620199790513e-12	2.81090529850035	0.34	0.074
16	STRBP	2.18319768564379e-08	1.96454394460883e-12	2.13559069595397	0.72	0.329
16	CAMK2D	2.53936872210802e-08	2.28504339252049e-12	1.66436264687988	0.64	0.241
16	CDH4	8.26763923866864e-08	7.439610581003e-12	1.56434484249274	0.78	0.406
16	GNG2	1.11813442925635e-07	1.00614994084077e-11	3.16760859749221	0.44	0.14
16	MTSS1	1.65938331913074e-07	1.49319114472306e-11	2.47027322705654	0.72	0.359
16	CTNNAL1	5.70331097239439e-07	5.13210741689408e-11	2.48091485900438	0.34	0.083
16	RAPGEF6	6.5398848776714e-07	5.88489595759147e-11	1.83908154035681	0.46	0.146
16	COL18A1	9.5783735524735e-07	8.61907095516377e-11	2.9635963728471	0.2	0.031
16	NRXN1	9.69968204136058e-07	8.72823003811804e-11	1.28951242648674	0.88	0.584
16	NECTIN2	1.06187224643274e-06	9.55522582950362e-11	1.44837039224246	0.92	0.627
16	CNNM4	1.22516033319759e-06	1.10245688220785e-10	1.63801362507102	0.68	0.325
16	LRFN2	1.43262247382613e-06	1.2891410724612e-10	2.91637316550519	0.8	0.529
16	MCTP1	2.29334416912316e-06	2.06365893019271e-10	2.38585399945159	0.54	0.231
16	QPCT	2.46088618295008e-06	2.21442111306585e-10	2.44327616266347	0.34	0.087
16	MID2	2.68665249012221e-06	2.41757625314695e-10	1.97672678674381	0.52	0.191
16	POU5F2	3.93550422011187e-06	3.54135176830008e-10	3.5989192549519	0.22	0.041
16	PRKCA	5.12047032955976e-06	4.60763999780416e-10	0.743142912793049	0.84	0.464
16	SLC18A3	7.5594705185316e-06	6.80236706427751e-10	2.67490066292117	0.14	0.017
16	PLEKHO1	1.10630917833411e-05	9.95509023966621e-10	3.05388524845248	0.1	0.009
16	PTPRN2	1.6365618834252e-05	1.47265534367425e-09	0.793006151302299	0.98	0.827
16	C3orf70	1.67439397853213e-05	1.50669844194378e-09	3.30228291230853	0.26	0.059
16	UNC5A	2.46494424225953e-05	2.21807274566681e-09	1.72908808501488	0.58	0.266
16	LUZP2	3.27170411250185e-05	2.94403321560501e-09	0.985854930409689	0.92	0.631
16	SRCIN1	3.74645210337055e-05	3.37123378329034e-09	1.61490189967938	0.8	0.566
16	EFR3B	4.12406546341032e-05	3.7110280423021e-09	2.31968799133419	0.46	0.179
16	YJEFN3	4.90383624269337e-05	4.412702459006e-09	3.0098297841011	0.4	0.139
16	SLC24A2	5.22825562023665e-05	4.70463027106691e-09	1.36798448662713	0.66	0.329
16	CLSTN2	6.12661519523426e-05	5.51301646291214e-09	2.04096058640218	0.86	0.556
16	TMEM163	7.35938044807853e-05	6.62231660944707e-09	2.08491552366718	0.6	0.281
16	CTNNA2	8.48121251871781e-05	7.63179386188951e-09	1.24939745104113	0.78	0.534
16	SDK2	0.000112122031898926	1.00892676953951e-08	1.10883494552705	0.78	0.46
16	TSPAN4	0.000180515704015954	1.6243651940606e-08	1.34923808207993	0.74	0.44
16	SLC4A7	0.000193865275354052	1.74449091473096e-08	1.48519699068419	0.62	0.329
16	LMO1	0.000196849637311796	1.77134560705296e-08	2.42117717455044	0.32	0.093
16	RGS6	0.000269627127142245	2.42623168489378e-08	2.2667810581554	0.38	0.127
16	PRKAG2	0.000366360997216759	3.29668853789939e-08	2.38810504962382	0.28	0.075
16	PTPRD	0.000392648190919298	3.53323306865201e-08	1.30375795900645	0.7	0.387
16	ADGRG3	0.000404835038846986	3.64289605729314e-08	2.55558981224748	0.28	0.075
16	GNAO1	0.000483980433760765	4.35508353964514e-08	1.6113881736914	0.82	0.633
16	PTCHD4	0.000517762933337993	4.65907435740118e-08	2.19673800883045	0.52	0.256
16	ALG2	0.000553534426249973	4.98096307252743e-08	3.22255786099839	0.16	0.028
16	TMEM151B	0.00065028172230918	5.85154073885701e-08	2.17465194988184	0.34	0.109
16	CAPN1	0.000662957175506846	5.96560042748894e-08	2.7147250092554	0.14	0.022
16	GRIN1	0.000687628653109592	6.18760598496888e-08	0.866663954293458	0.92	0.669
16	COL8A1	0.000804777638833878	7.24176764900457e-08	3.01849521569784	0.16	0.028
16	DPP6	0.00114665257011349	1.03181190507828e-07	2.14999804700805	0.84	0.646
16	SYNPR	0.00134184152798792	1.20745210833071e-07	4.5062936557216	0.2	0.043
16	ADCYAP1	0.00203146549835168	1.8280081871247e-07	0.743541329425694	0.68	0.333
16	LHX9	0.00205508677916138	1.84926372641175e-07	1.77755113766751	0.28	0.078
16	BICD1	0.00296331628677787	2.66653134777096e-07	3.15625494745669	0.52	0.26
16	NR4A2	0.00318650750709933	2.86736930360778e-07	2.18315978791152	0.2	0.044
16	HOMER2	0.00322326904755179	2.90044906645532e-07	2.25295356649407	0.22	0.053
16	ZIC5	0.00350637528104876	3.15520136871121e-07	3.10472544947378	0.22	0.055
16	YES1	0.00467639092454687	4.20803646589298e-07	1.659581166753	0.22	0.053
16	OSBPL10	0.00478374516927212	4.30463886373807e-07	2.18979364470483	0.4	0.161
16	ST3GAL4	0.00488215993286895	4.39319709607572e-07	2.91757111425201	0.24	0.065
16	ABCC8	0.00515197459086716	4.63598901364812e-07	2.25937655245099	0.4	0.16
16	ONECUT1	0.00576394055176213	5.18666476357611e-07	2.2167246218286	0.18	0.038
16	DRD4	0.00584728375489264	5.26166089705088e-07	2.95337334366883	0.1	0.013
16	KLHL17	0.00786446821605925	7.07681833533632e-07	3.19737022136318	0.2	0.048
16	MDGA1	0.00791151973478811	7.11915750453353e-07	0.80959828124772	0.58	0.254
16	NRG3	0.00961584559338433	8.65279005973574e-07	0.693394097549469	0.96	0.741
16	FGFRL1	0.00970402260562661	8.73213588196401e-07	1.4148246698314	0.26	0.074
16	RASGRP2	0.0148351661775727	1.33493801651874e-06	1.22211574988958	0.34	0.116
16	ITGA6	0.0201794959531644	1.81584594197466e-06	3.06891384220051	0.14	0.027
16	CDH8	0.0204839079674516	1.84323836654833e-06	1.6089195224642	0.52	0.27
16	CGN	0.0325897605651335	2.93257991227693e-06	1.99550320365161	0.22	0.061
21	LHX6	3.91611717961986e-53	3.52390639757028e-57	4.06730079575787	0.677	0.043
21	GBX1	5.43096235135385e-27	4.88703532021402e-31	6.05212266352639	0.161	0.004
21	ADARB2	9.25065101193829e-25	8.32417080170817e-29	3.54737759105345	0.903	0.191
21	NPW	1.66958622051847e-16	1.50237219519344e-20	2.84017258826233	0.226	0.013
21	LDB3	2.57934839112568e-11	2.32101897878672e-15	4.25311212254818	0.161	0.009
21	ZIC1	5.91955297001199e-11	5.32669213534778e-15	2.07458607442606	0.677	0.153
21	RUNX1T1	2.23409832555246e-10	2.01034673405243e-14	3.15500412038125	0.71	0.235
21	MRRF	2.60832068095387e-10	2.34708960762518e-14	3.50048124464204	0.484	0.093
21	NETO2	4.94285405534193e-10	4.44781252167905e-14	2.85202339599152	0.903	0.424
21	CBLN4	1.38589326554172e-09	1.24709193335887e-13	2.96353798536522	0.323	0.043
21	ELFN1	3.4311635056651e-09	3.08752227631161e-13	3.30834055091929	0.935	0.494
21	SNTG2	8.95435014533198e-09	8.05754534808961e-13	2.21767471104611	0.613	0.147
21	NKX2-1	4.33727330012835e-08	3.9028824800939e-12	2.59083776531032	0.194	0.017
21	CNIH2	6.31783276184806e-08	5.68508302154959e-12	2.30815766819587	0.742	0.24
21	GSG1L2	6.35662430209819e-08	5.71998947367785e-12	3.08231432432352	0.29	0.04
21	SHISA6	1.38562376258657e-07	1.24684942192619e-11	3.26155184004873	0.742	0.264
21	ADCY2	2.18263068352261e-07	1.96403372943634e-11	2.5958805270801	0.419	0.081
21	CYGB	2.23461037336233e-07	2.01080749875131e-11	2.57878269573509	0.355	0.06
21	GAD1	2.55255325842521e-07	2.29690745831478e-11	1.91681317783959	0.774	0.258
21	UNC5D	2.99143695354603e-07	2.69183564613159e-11	1.93335827574696	0.806	0.307
21	MAGI3	5.53347881888967e-07	4.97928445864273e-11	1.93387296967942	0.71	0.232
21	OSBPL3	6.9150447837986e-07	6.22248248339656e-11	2.56854271247311	0.419	0.088
21	GRIK3	9.88863431361746e-07	8.89825817836539e-11	1.89345076686055	0.806	0.328
21	SLC32A1	1.08788568390598e-06	9.78930697296841e-11	0.487350463435297	0.871	0.313
21	NECAB1	1.85053465608e-06	1.66519810679384e-10	2.14578083865398	0.484	0.114
21	FRMPD3	2.48866902039652e-06	2.23942141671603e-10	1.77045442965821	0.742	0.268
21	ZNF385C	7.54100659142121e-06	6.78575235437884e-10	1.54996800000326	0.839	0.338
21	VSTM2L	8.49585969687894e-06	7.64497408159717e-10	1.82331292659683	0.871	0.374
21	BCL11B	1.76724818331774e-05	1.59025302197223e-09	1.8077045986119	0.548	0.152
21	C8orf34	3.053035314771e-05	2.74726474828669e-09	1.84418658221692	0.258	0.039
21	FNDC5	4.74363496334475e-05	4.26854581422186e-09	2.35917961808285	0.419	0.1
21	BMS1	9.21895231901091e-05	8.29564682714921e-09	2.48794217386316	0.194	0.024
21	PEX5L	0.000170185724179555	1.53141117771578e-08	2.88444860422078	0.71	0.282
21	DLX6	0.0001719845576377	1.5475979270917e-08	2.65228504594097	0.194	0.025
21	SYNPR	0.000200946955832715	1.80821520590943e-08	2.50296541500345	0.258	0.044
21	ADAMTS3	0.000206967402568462	1.8623900168133e-08	4.19188961798156	0.129	0.012
21	CASZ1	0.000241645681582081	2.17444147918727e-08	1.61356711178235	0.323	0.063
21	FAM43B	0.00026011658279283	2.34065133440862e-08	2.3360201446337	0.161	0.018
21	SHH	0.000288717728118782	2.59801789002773e-08	2.17895637643804	0.258	0.044
21	DRD1	0.000443100404048483	3.98722580804898e-08	1.62841465893793	0.387	0.09
21	SLC6A1	0.000667811457782495	6.00928154218028e-08	0.251388638684315	0.935	0.515
21	RAMP3	0.000880030537774056	7.91892862210074e-08	1.80147269800974	0.452	0.124
21	TRPC7	0.00096505298867096	8.68400061793359e-08	2.14370282617984	0.29	0.058
21	CDYL2	0.00152079865657146	1.36848614826911e-07	2.83659846067721	0.226	0.038
21	CACNG7	0.00155398672635777	1.39835033416519e-07	1.87351801474098	0.613	0.254
21	CRHBP	0.00241916704542555	2.17688027123688e-07	3.85281533426128	0.161	0.021
21	CALU	0.00263608588987563	2.37207404829985e-07	1.4264974434879	0.387	0.098
21	LRFN3	0.00289026603880657	2.60079729938502e-07	1.94796062156236	0.71	0.35
21	SSBP2	0.00299017290891128	2.69069819932627e-07	1.74289148012762	0.516	0.168
21	PCDH19	0.00308845731191617	2.77913912707295e-07	1.41902428923376	0.677	0.276
21	KCNH3	0.00337484844120607	3.03684733303885e-07	3.44958138231491	0.194	0.03
21	TMEFF2	0.00365890135841856	3.29245150582072e-07	1.44973142164335	0.71	0.37
21	DUSP5	0.00366209042176149	3.2953211749856e-07	1.74417086201462	0.226	0.039
21	GABRB2	0.00387973104034137	3.49116443835272e-07	1.11252038083971	0.581	0.204
21	CSMD3	0.00393761472222478	3.54325089734975e-07	1.11235626078879	0.903	0.529
21	KIT	0.00463578521871141	4.17149754225808e-07	2.60319810519242	0.258	0.053
21	FLRT2	0.00510169959663224	4.59074920960338e-07	1.75706804655062	0.581	0.21
21	GFRA3	0.00580993406089179	5.228051885982e-07	2.77007288632942	0.452	0.142
21	TACR1	0.00626317780039194	5.63590191702685e-07	1.81981296653372	0.387	0.107
21	SERPINI1	0.00756424810216574	6.80666615870219e-07	1.30378432403099	0.677	0.308
21	NRXN2	0.00981368430147503	8.83081463283994e-07	1.3526189899828	1	0.798
21	SFMBT2	0.00990343488770011	8.91157643093684e-07	1.53562366391845	0.452	0.14
21	LHFPL3	0.0204319791742567	1.83856556953628e-06	2.35187201712547	0.452	0.169
21	CIAO1	0.02403260172692	2.16256651911455e-06	1.99399504276458	0.194	0.033
21	GABRA1	0.0264801816705063	2.38281127242925e-06	0.908524668617777	0.871	0.514
21	SLC8A3	0.0422036677784499	3.79768449369656e-06	0.922822706986196	0.903	0.472
21	SORCS3	0.0422066431585959	3.79795223239413e-06	2.54332614189576	0.71	0.382
21	PANX2	0.0491042339801517	4.41862989113216e-06	2.80148603503987	0.194	0.036
2	NINJ2	2.44390373084806e-286	2.19913950404757e-290	7.72859570474186	0.748	0.01
2	MPZ	4.22789410613953e-269	3.80445793767617e-273	8.48509735605895	1	0.047
2	PLP1	8.53277043815935e-267	7.67818810236601e-271	8.99234403203192	0.991	0.046
2	PDLIM7	8.56255508594248e-248	7.70498972909428e-252	7.77675752033711	0.703	0.013
2	CLDN19	3.27304675198891e-238	2.94524138575445e-242	6.41820131767652	0.892	0.039
2	PTTG1IP	4.08506392215777e-217	3.67593262139635e-221	7.26068582586608	0.649	0.014
2	PLA1A	1.67976636890112e-173	1.51153277143986e-177	5.92051694497872	0.748	0.041
2	UGT8	9.92853748261212e-169	8.93416492631344e-173	6.4508825720116	0.604	0.021
2	MYRF	2.08359177967144e-148	1.87491386634701e-152	7.28122702303418	0.414	0.006
2	MAG	1.42759814460873e-147	1.28461994475725e-151	6.45488528709221	0.595	0.027
2	STXBP6	2.68968969099042e-144	2.4203092693156e-148	6.89786499225327	0.495	0.015
2	GJC2	8.4277826052452e-143	7.58371511315145e-147	7.57203733638697	0.378	0.005
2	RNF220	5.29792686769742e-133	4.76732373589258e-137	5.08964617810248	0.838	0.09
2	ELOVL1	4.03906797124332e-125	3.63454330175769e-129	6.29180904849094	0.423	0.012
2	CRYAB	2.53610365936501e-120	2.28210533552147e-124	8.5746166117168	0.297	0.002
2	ST18	1.90851535500894e-116	1.71737186629077e-120	5.29499933388382	0.658	0.055
2	EEIG1	2.83950948418804e-113	2.55512416466124e-117	4.20466688190809	0.748	0.076
2	CD82	7.2722703433633e-112	6.54393084078404e-116	5.48919014013271	0.568	0.038
2	NIPAL2	4.98367516737221e-105	4.48454527793774e-109	7.18988991545618	0.324	0.007
2	PLCL1	5.41188306763303e-98	4.86986688349953e-102	5.12635385549986	0.865	0.162
2	MAL2	3.20915206241956e-97	2.88774593936791e-101	7.84476788028823	0.234	0.001
2	PPFIBP1	1.70691279551387e-95	1.53596040269403e-99	6.27033281316236	0.505	0.035
2	ERBB3	2.93725997608294e-92	2.64308465408345e-96	6.74722076745521	0.387	0.018
2	SOX10	7.34374559925552e-91	6.60824763723164e-95	6.28164807597987	0.378	0.017
2	MBP	1.84421934596257e-90	1.65951529376637e-94	6.53077335739054	0.784	0.13
2	LMO7	3.93360247561409e-84	3.53964048916953e-88	6.10909391294804	0.324	0.012
2	GJB1	7.26669494240945e-76	6.53891383281692e-80	6.82199696678536	0.216	0.003
2	FRMD6	3.42267958816049e-72	3.07988804837622e-76	5.87442884205641	0.315	0.015
2	TNNC1	3.61689894620699e-62	3.25465576010707e-66	7.04023090904282	0.216	0.006
2	GLB1L3	1.78046457177289e-61	1.60214574981813e-65	5.46036821954286	0.432	0.043
2	ARHGAP23	6.79895300354357e-61	6.11801764019038e-65	4.30302340646483	0.811	0.248
2	FA2H	1.45710385167923e-60	1.31117056751483e-64	6.77221013791349	0.198	0.005
2	MAP7D3	4.37123535983307e-57	3.93344313851622e-61	4.85017849060526	0.459	0.056
2	GAB1	3.32702502398157e-55	2.99381357327596e-59	4.0392987001209	0.532	0.081
2	ABCA2	1.19493587436434e-54	1.07525949281413e-58	4.018875992769	0.856	0.351
2	STK17B	1.64814103733947e-53	1.48307481088767e-57	5.00447807591531	0.324	0.025
2	PHLDB1	4.44713073679884e-53	4.00173736776644e-57	5.95282121345111	0.297	0.021
2	FAM20A	4.85359963986392e-50	4.3674972013533e-54	6.29621665992	0.207	0.008
2	LY75	2.04092481775499e-48	1.8365201275578e-52	5.09376301876303	0.315	0.027
2	SYNGR2	1.12313293896381e-47	1.01064783493549e-51	6.74171022092069	0.153	0.003
2	ATP11C	2.60426122796954e-46	2.34343672093002e-50	4.34450371395304	0.541	0.106
2	PAQR6	1.49088257482701e-45	1.34156625108163e-49	3.60018307067277	0.468	0.072
2	DLC1	1.93406457771483e-43	1.74036225835943e-47	4.35820012526047	0.559	0.123
2	TMEM80	8.1170490702343e-43	7.30410246579168e-47	5.39922184123108	0.27	0.022
2	CA14	1.20286145078256e-42	1.08239129918344e-46	3.49372239997157	0.459	0.073
2	SLC2A3	1.41539369104516e-42	1.27363780351405e-46	5.80914437548201	0.261	0.02
2	CSRP1	5.44706116265174e-41	4.90152178768266e-45	5.63031530265987	0.18	0.008
2	NKX6-2	1.14859050948958e-40	1.03355575406243e-44	8.40289958746594	0.126	0.002
2	AP1S3	2.57170831245339e-40	2.31414407671501e-44	4.69263684858088	0.387	0.055
2	SYDE1	3.4467891638435e-39	3.10158297835283e-43	4.9254674595147	0.207	0.012
2	ATRNL1	3.63404352631805e-39	3.27008325953213e-43	3.21183669572606	0.874	0.471
2	MERTK	4.11087806063449e-39	3.69916139713353e-43	6.38993443469073	0.117	0.002
2	HAVCR2	6.09401492557729e-38	5.48368120721434e-42	7.33197057174211	0.108	0.001
2	DENND1C	2.99154045544236e-37	2.69192878200518e-41	5.0106521537146	0.315	0.037
2	CDC14A	4.74045845075901e-37	4.26568743881851e-41	4.17276735718017	0.288	0.029
2	KCNJ18	1.5058468493276e-36	1.35503180898732e-40	5.2435596539809	0.207	0.014
2	OLIG2	5.20222037152847e-36	4.68120252994554e-40	4.60621367730542	0.243	0.021
2	ADAMTS14	1.84752384529895e-35	1.66248883766665e-39	4.60114300033512	0.288	0.032
2	AATK	2.085919981889e-35	1.87700889218843e-39	5.03339434627242	0.856	0.517
2	QSOX1	6.96223714341405e-35	6.26494838784671e-39	3.53982502102848	0.261	0.025
2	SPTBN5	7.12058625901138e-35	6.40743836858758e-39	4.88216716626801	0.288	0.033
2	LUZP2	1.39630885985338e-34	1.2564643749243e-38	2.13173441097347	0.919	0.623
2	SLC41A1	2.16295221102843e-34	1.94632611448613e-38	4.83498836978456	0.198	0.013
2	HAPLN2	2.5395213924436e-34	2.28518077246792e-38	7.18644989949736	0.117	0.003
2	SH3TC2	3.01345644371213e-34	2.71164981887171e-38	6.06816211258285	0.117	0.003
2	ACAP1	6.15894705056322e-34	5.54211018677515e-38	5.44016469774107	0.216	0.017
2	PDLIM3	1.45845062499224e-33	1.31238245747525e-37	5.32917440719601	0.279	0.032
2	ARRDC2	2.11942884110909e-33	1.90716173950247e-37	4.5119903687909	0.153	0.007
2	LPAR1	1.81909478714409e-32	1.63690703423386e-36	5.59432192755049	0.153	0.007
2	ST3GAL1	4.21692763779539e-31	3.79458979375091e-35	3.89916435156418	0.477	0.115
2	GNA12	6.34911134659429e-31	5.71322896301115e-35	5.01786977774409	0.135	0.006
2	QKI	7.83347636464517e-28	7.04893041001095e-32	2.77557270828571	0.486	0.118
2	PARD3	2.86278370649855e-27	2.57606740438995e-31	3.39323303395246	0.694	0.325
2	DEF6	4.19860067434731e-27	3.77809833019645e-31	6.02810621299235	0.117	0.005
2	PACS2	1.19121280281518e-26	1.07190929795301e-30	3.22901237666084	0.613	0.235
2	FIGN	1.56796065506461e-26	1.41092473235365e-30	3.3978901429492	0.405	0.087
2	DNM2	2.23134745412738e-26	2.00787137058164e-30	3.69997906043078	0.387	0.08
2	PCBP4	4.80208100840799e-26	4.3211383140538e-30	2.42623820417623	0.685	0.302
2	HTRA1	6.03717431631119e-26	5.43253335400989e-30	5.12460516929306	0.144	0.009
2	GALNT5	3.63095702197147e-25	3.26730587777511e-29	5.85462224951732	0.108	0.004
2	TFEB	3.19439057246006e-24	2.87446285652844e-28	3.20417486366779	0.198	0.02
2	B3GAT1	9.87702680129066e-23	8.8878131929188e-27	3.96805655299096	0.631	0.285
2	PPP1R16B	1.05150830343937e-22	9.46196619670089e-27	3.68720246271934	0.405	0.102
2	EML3	3.71260970791557e-22	3.34078080438727e-26	4.83327354368971	0.153	0.012
2	CD226	4.16805383799328e-22	3.7506108503494e-26	4.11353093829893	0.171	0.016
2	SORCS2	4.83793126846648e-22	4.35339806394896e-26	2.17857176396597	0.757	0.456
2	FGFRL1	1.73562535825033e-21	1.56179731688143e-25	3.63391398738951	0.324	0.065
2	C10orf88	1.05315054657886e-19	9.47674387275138e-24	4.67818039747909	0.225	0.034
2	SCD	1.20383503696694e-19	1.08326737781602e-23	4.31003682310121	0.27	0.049
2	SALL3	1.39651421859109e-19	1.25664916637369e-23	2.74605620357995	0.27	0.046
2	MAP3K11	1.7413641052175e-19	1.56696131127283e-23	3.18779332994045	0.261	0.044
2	MYO6	1.86088344602343e-19	1.6745104346472e-23	2.55358951136381	0.694	0.444
2	NPC2	1.90004597739161e-19	1.7097507220297e-23	3.31687719487751	0.252	0.042
2	MAST3	2.88258076972353e-19	2.59388173285659e-23	3.77017096908714	0.55	0.231
2	LGI2	3.11964341986602e-19	2.80720185356431e-23	4.24413833679043	0.387	0.107
2	LDLRAP1	5.37226754495408e-19	4.83421897323322e-23	3.69318977264267	0.261	0.047
2	TMEM63C	3.0703680182864e-18	2.76286152999766e-22	3.82758547362496	0.414	0.129
2	TSPAN2	8.55152461860088e-18	7.6950639958615e-22	3.3462490037358	0.405	0.122
2	FEZ1	8.99173634424468e-18	8.09118720799485e-22	3.69562390783424	0.45	0.157
2	NTM	1.02638181668802e-17	9.23586625292918e-22	2.12251748340316	0.766	0.501
2	ZBTB16	2.34963179822565e-17	2.11430918584149e-21	3.29487430907937	0.595	0.278
2	MCL1	6.66110320891771e-17	5.99397391246082e-21	3.18369335260482	0.477	0.182
2	SGK3	3.86358510845552e-16	3.47663556956314e-20	4.29014797056992	0.189	0.028
2	NFASC	5.6860746747996e-16	5.11659738576406e-20	4.23774468164061	0.685	0.508
2	GAS7	7.52873399241545e-16	6.77470889266215e-20	2.52815422409018	0.595	0.314
2	NAAA	1.03164945476054e-15	9.28326693746549e-20	4.68696354968211	0.171	0.023
2	CYLD	1.4367234444806e-15	1.29283131870836e-19	3.60142511057476	0.423	0.152
2	RAB33A	2.6532398011887e-15	2.38750994437929e-19	3.86346543697525	0.315	0.082
2	RGL1	2.8778777586847e-15	2.58964974236003e-19	4.06958808720184	0.126	0.012
2	VLDLR	2.12007485852017e-14	1.90774305634857e-18	2.59868033930304	0.514	0.237
2	GAL3ST1	4.25591511520647e-14	3.82967255935073e-18	4.88991862474871	0.108	0.009
2	GALNT3	4.3033631137493e-14	3.87236849972941e-18	4.39334895596212	0.135	0.015
2	ARHGEF37	9.25545518687556e-14	8.32849382423788e-18	3.9322884571799	0.27	0.065
2	MPP7	1.35593936380806e-13	1.22013800396658e-17	3.82981621784886	0.18	0.029
2	ERRFI1	2.09768464738318e-13	1.88759529144532e-17	4.02462117620953	0.189	0.032
2	CLCN2	5.59541403660601e-13	5.03501668010979e-17	2.13131115431041	0.541	0.27
2	SEZ6L	5.99485978747909e-13	5.3944567510835e-17	2.45580092692648	0.568	0.311
2	WWP1	6.40432476203293e-13	5.76291259068922e-17	3.59968657918618	0.315	0.091
2	PADI6	8.12915493419245e-13	7.31499589147165e-17	4.3775212947854	0.171	0.027
2	SNX33	1.07425920316081e-12	9.66668949123381e-17	3.0220493182098	0.225	0.046
2	DENND4C	2.86866833947179e-12	2.58136267387005e-16	3.45101481475957	0.198	0.037
2	UVRAG	3.57361855583099e-12	3.21571002954287e-16	3.09698962458693	0.432	0.182
2	SLC44A1	2.51181301919167e-11	2.26024747520172e-15	3.60529199530554	0.306	0.093
2	KIF13A	3.06011332147935e-11	2.75363387157324e-15	3.06356465161048	0.216	0.047
2	SLC2A9	3.1133105060552e-11	2.80150319990569e-15	4.99051441712731	0.117	0.014
2	ERMN	7.07179048486988e-11	6.36352963634472e-15	3.15954953923787	0.252	0.065
2	SLC5A3	1.40719649901152e-10	1.26626158464098e-14	3.64205400644788	0.324	0.111
2	PLXNB2	5.34407349369514e-10	4.80884864005682e-14	2.7779683689318	0.613	0.375
2	CEMIP2	6.45536301215199e-10	5.80883920827139e-14	3.68369953973768	0.153	0.026
2	KCNJ10	1.13971328772747e-09	1.02556761246061e-13	2.00877652700026	0.243	0.06
2	SLC66A3	1.28151793626423e-09	1.15317010372018e-13	4.64100043353789	0.108	0.013
2	RHPN2	1.28711173239577e-09	1.15820366453322e-13	3.32540178828571	0.126	0.018
2	FGFR1	1.50755519902655e-09	1.35656906238329e-13	4.21449003059406	0.135	0.021
2	MYO1E	1.5383891223801e-09	1.38431487661307e-13	4.23875487553095	0.126	0.018
2	DPYSL5	1.61207109121965e-09	1.45061737714357e-13	4.48555399437721	0.171	0.034
2	SLAIN1	1.67375050394223e-09	1.50611941324776e-13	3.02823261686586	0.324	0.114
2	PKP4	1.88714097662573e-09	1.69813819546993e-13	2.03264907565202	0.577	0.387
2	FRMD4B	2.33500377681233e-09	2.10114620427637e-13	3.02990927799673	0.369	0.147
2	TSPAN9	2.70804864000122e-09	2.43682951498355e-13	2.12965233262461	0.441	0.2
2	SPATA13	8.92852763179446e-09	8.03430903607888e-13	4.31474096217075	0.135	0.023
2	PTPRE	1.21325146285105e-08	1.09174072064344e-12	2.33060135024419	0.459	0.238
2	PRKD2	1.42596022087373e-08	1.28314606395549e-12	3.46390875882426	0.153	0.029
2	ACSS1	2.25808840392342e-08	2.03193413472817e-12	3.39278533447727	0.198	0.047
2	KLHL29	2.40689651179334e-08	2.16583866804044e-12	1.20919078540117	0.748	0.635
2	CLU	2.8743706539958e-08	2.58649388463583e-12	2.09198921115093	0.568	0.408
2	AOPEP	3.48172644917453e-08	3.13302119065466e-12	2.86153510792721	0.369	0.158
2	DENND2C	4.15790619638363e-08	3.74147952522598e-12	4.09934671833318	0.108	0.015
2	EVL	7.13288101231752e-08	6.41850176578559e-12	3.16210209012975	0.532	0.345
2	TMEM117	1.16771657749686e-07	1.05076628947797e-11	2.96434645260359	0.306	0.115
2	RREB1	3.70008084650255e-07	3.32950674570553e-11	2.13042367750771	0.198	0.05
2	SOX9	6.35855196212735e-07	5.72172407282223e-11	3.10557266630015	0.162	0.037
2	RALGAPA1	1.03354227552347e-06	9.30029942880837e-11	2.48536086480012	0.423	0.23
2	CPEB2	1.12967807454915e-06	1.01653745572676e-10	2.88491945186033	0.369	0.176
2	TLE4	1.28922536819009e-06	1.1601056134168e-10	2.60731639666554	0.297	0.115
2	PTK2	4.71824963726257e-06	4.24570290404263e-10	2.88401651147	0.234	0.077
2	SLC4A4	5.55679074338606e-06	5.00026162457127e-10	1.5470832077091	0.225	0.066
2	TPPP2	6.50827269530091e-06	5.85644982929984e-10	4.48886734408031	0.135	0.029
2	LGI3	1.85604829635959e-05	1.6701595396019e-09	3.24260751340994	0.279	0.115
2	LANCL2	1.89449072798286e-05	1.70475184737052e-09	3.06853571398159	0.306	0.136
2	SRGAP2B	2.44141044354523e-05	2.19689592688314e-09	2.75227480109091	0.324	0.148
2	KIF1B	2.67967522785605e-05	2.41129778444709e-09	1.36742557687713	0.685	0.65
2	ARAP1	2.85000940130858e-05	2.56457248385546e-09	2.53540405109416	0.189	0.054
2	PLPPR5	4.60694948356919e-05	4.14554979174767e-09	2.7405366995084	0.36	0.187
2	SAMD4A	4.6169954284716e-05	4.15458960539152e-09	2.98715569151027	0.261	0.102
2	ZNF536	6.81962751238854e-05	6.13662153548865e-09	1.55026684053769	0.414	0.215
2	ILDR2	0.000127726819750344	1.14934598893498e-08	3.55269245221578	0.171	0.05
2	WBP1	0.000188457369541808	1.6958280351103e-08	2.07981705160838	0.468	0.306
2	CAMSAP2	0.000253420197871963	2.28039411384831e-08	1.8048966522848	0.477	0.317
2	ARHGAP20	0.000280003928626959	2.51960702444848e-08	1.88634328142514	0.261	0.103
2	TOM1L2	0.000296067552086887	2.66415506242137e-08	2.93470547470199	0.252	0.102
2	JUN	0.000431996225375603	3.88730518649872e-08	2.98763975191221	0.135	0.034
2	FLNC	0.000526757339963575	4.74001025792833e-08	2.91780851683116	0.135	0.035
2	B3GNT2	0.00057405406443981	5.16560842652578e-08	2.26514527429518	0.117	0.026
2	AGFG2	0.000628251062622972	5.65329850286126e-08	3.13711264547589	0.252	0.105
2	DIS3L2	0.000669194957741145	6.02173092541299e-08	3.44063583269756	0.216	0.082
2	CERS2	0.000726281789862189	6.53542508649499e-08	2.92252357797132	0.261	0.112
2	GRAMD4	0.00116754090189843	1.05060820831317e-07	2.4405083474038	0.306	0.153
2	MGLL	0.00142521019019038	1.28247115107566e-07	2.2479319170822	0.351	0.191
2	STRIP2	0.00181822339241343	1.636122912277e-07	2.78180762802656	0.288	0.14
2	LRP1	0.00190410455562729	1.71340282158489e-07	2.16478980917482	0.577	0.491
2	TRANK1	0.00201121426995099	1.80978517947538e-07	3.90079925736946	0.117	0.029
2	TSC22D3	0.00212842625826018	1.91525803856761e-07	2.29465299046729	0.252	0.106
2	DOCK9	0.00237369398468931	2.13596147277001e-07	3.34263168952292	0.351	0.193
2	S100B	0.00266646726806372	2.39941264110836e-07	1.6637727937879	0.279	0.125
2	RTKN	0.00268449064650891	2.41563092460084e-07	3.02065497450614	0.144	0.042
2	MBNL1	0.00302208554595891	2.71941469086557e-07	2.05910386124263	0.468	0.344
2	CARMIL1	0.0032081493359832	2.88684363896626e-07	3.10231381590103	0.387	0.227
2	MEF2D	0.00328500934201253	2.95600588681052e-07	0.294849055020127	0.189	0.497
2	EFR3B	0.00343148384280351	3.08781053073293e-07	2.61909457672553	0.324	0.178
2	LRCH1	0.0037657141959876	3.38856672004644e-07	1.87020918513667	0.477	0.359
2	TMEM30A	0.00424536129637489	3.82017573686213e-07	0.573997024492843	0.09	0.353
2	DLG1	0.00438717501815445	3.94778639265225e-07	1.43394620454935	0.559	0.467
2	SPART	0.00920271532804292	8.28103601911538e-07	3.69353280041651	0.108	0.027
2	STAMBPL1	0.010300310332433	9.2687036195744e-07	3.1408716960268	0.189	0.073
2	TPM2	0.0196279323806632	1.76621365793783e-06	3.31231876757507	0.144	0.047
2	DSCAML1	0.0259509814452257	2.33519134754123e-06	1.42077425754829	0.45	0.32
2	SECISBP2L	0.0309225419534047	2.7825557413304e-06	3.25488514458266	0.18	0.07
2	DOCK1	0.0337048445217641	3.03292041048898e-06	1.61822694600518	0.207	0.083
2	RILPL1	0.0357026851075392	3.21269550144328e-06	2.7291348720161	0.207	0.089
2	HEPACAM	0.0367277996114359	3.30494012520794e-06	2.71041853629602	0.108	0.029
2	ARHGAP21	0.0444230673785017	3.99739650665902e-06	2.06885789384296	0.559	0.471
6_1	HMX2	1.67706208874726e-38	1.50909933298593e-42	5.34732481320317	0.2	0.004
6_1	FOS	3.15457890727541e-37	2.83863844801171e-41	4.01528191812636	0.6	0.047
6_1	TRHR	2.42891822814966e-34	2.18565484401121e-38	4.49480218453662	0.467	0.03
6_1	PRLH	4.24073107982081e-31	3.81600925026618e-35	5.88105523052577	0.2	0.005
6_1	CREM	5.55594823762563e-27	4.99950349826836e-31	3.63026277883808	0.567	0.056
6_1	EVA1C	1.45469294920087e-23	1.30900112408969e-27	4.95892755329606	0.233	0.01
6_1	FOSB	5.64291465411221e-23	5.07775996950617e-27	4.90887729456456	0.367	0.027
6_1	EGR4	4.28760665254831e-22	3.85819009497733e-26	1.30005624959986	0.8	0.134
6_1	IER2	4.51116628856219e-21	4.05935956857931e-25	3.00669083711532	0.367	0.028
6_1	TENT5D	9.03533935960888e-21	8.1304232516952e-25	3.25325492556477	0.733	0.127
6_1	NAB2	4.20484812532502e-20	3.78372008037885e-24	4.24954506945365	0.433	0.043
6_1	EGR1	6.3697398425043e-20	5.73179145370674e-24	3.18808936205201	0.533	0.063
6_1	NOCT	1.56974707206237e-18	1.41253223437629e-22	3.23650834711214	0.5	0.06
6_1	GAL	8.8386760976278e-18	7.95345640027697e-22	7.66833577992994	0.267	0.018
6_1	EGR2	4.86286616977199e-17	4.37583566073246e-21	4.86491070471974	0.2	0.01
6_1	RRAD	3.72060676144075e-14	3.3479769292187e-18	4.32705582441324	0.267	0.021
6_1	NPAS4	5.06560446765601e-14	4.55826911514084e-18	3.29990633112106	0.467	0.066
6_1	VWA5B1	6.84491725968376e-14	6.15937843938069e-18	2.86104018599211	0.533	0.085
6_1	SIK1	1.11652666608271e-13	1.00470319993045e-17	3.69423245682951	0.367	0.042
6_1	KLHL40	2.96542987560901e-13	2.66843325439487e-17	5.83989985963336	0.1	0.003
6_1	NR4A1	3.69535603080357e-13	3.32525513435038e-17	4.81643053619442	0.1	0.003
6_1	NR4A3	5.11905040618905e-13	4.60636228398187e-17	2.68853746382203	0.433	0.058
6_1	FOSL2	6.30796985658951e-13	5.67620791558491e-17	3.05190719483331	0.6	0.121
6_1	SYCP2L	1.72776548146093e-12	1.55472463012772e-16	3.52904209594525	0.267	0.024
6_1	NPR2	2.69521359921975e-12	2.42527994170769e-16	4.18477867154212	0.367	0.045
6_1	FAM131C	8.07541275370064e-12	7.26663615018504e-16	4.03128404297497	0.3	0.032
6_1	DDC	9.19764009900521e-12	8.2764690893595e-16	3.78473593904861	0.133	0.006
6_1	NTMT1	1.26199838896848e-11	1.13560549713712e-15	4.99008734245149	0.233	0.019
6_1	RORB	1.05934393170192e-09	9.53247486459027e-14	4.23712280670429	0.233	0.022
6_1	HMX3	1.09171552875364e-09	9.82376971793069e-14	3.91368907332864	0.167	0.011
6_1	SSH2	2.15443109471403e-08	1.93865841331237e-12	2.7927029807575	0.467	0.095
6_1	LBH	3.91427423882102e-08	3.52224803277335e-12	3.85213599938842	0.367	0.062
6_1	SCG3	4.46333200771641e-08	4.01631603321912e-12	2.03567900069122	0.733	0.229
6_1	ADCYAP1R1	8.2881183557833e-08	7.45803865363385e-12	2.04506248907334	0.867	0.349
6_1	ADGRB1	3.31109203941657e-07	2.97947632449975e-11	3.31133325051652	0.9	0.592
6_1	PLK2	8.01507195089013e-07	7.21233865822922e-11	3.0155930385688	0.333	0.055
6_1	PTGIS	1.32914114911542e-06	1.19602371017314e-10	4.70207928249369	0.167	0.015
6_1	NPTX2	2.01888038082771e-06	1.81668350654883e-10	2.86688944548171	0.367	0.072
6_1	SLC35D3	2.72939594065002e-06	2.45603881998562e-10	3.88347194994843	0.2	0.022
6_1	CSRNP1	3.27423736778608e-06	2.94631275783864e-10	3.92211125984826	0.367	0.073
6_1	IRS2	4.65320812919198e-06	4.18717549643839e-10	3.40880029548218	0.533	0.151
6_1	PNOC	5.33891497276996e-06	4.80420676034371e-10	4.75555965815972	0.167	0.016
6_1	CACNB1	7.29204347131901e-06	6.56172363116981e-10	1.8692498619198	0.733	0.257
6_1	ADRB2	7.40447733953252e-06	6.66289691310404e-10	1.46545124784678	0.267	0.038
6_1	SST	1.20222226794077e-05	1.08181613240418e-09	6.44410072909149	0.367	0.069
6_1	PROM2	1.20808643410975e-05	1.08709298489134e-09	4.68827279206735	0.133	0.011
6_1	CAMKV	1.38973992206521e-05	1.25055333579161e-09	4.59673783342848	0.567	0.178
6_1	PDE10A	1.39810415332447e-05	1.25807986441507e-09	3.0564249083433	0.467	0.127
6_1	BAIAP2L1	1.6174876811512e-05	1.45549147948457e-09	3.06810319861027	0.367	0.076
6_1	PTPRN	1.63078352331168e-05	1.46745570351092e-09	2.48989546756972	0.8	0.389
6_1	NAB1	3.50785422038877e-05	3.15653218787795e-09	1.95163901436645	0.4	0.085
6_1	SGSM3	4.37338540769459e-05	3.93537785269017e-09	1.76478730955606	0.367	0.075
6_1	ZNF385C	0.000144159392351048	1.29721400477862e-08	2.51778452988098	0.767	0.339
6_1	DCLK1	0.00014893275798049	1.34016699343552e-08	2.46747702064758	0.833	0.384
6_1	MEF2A	0.000155566311554967	1.39985882799394e-08	1.90815602891006	0.467	0.121
6_1	DUSP4	0.00016118021530904	1.45037537396779e-08	3.13851612054139	0.333	0.071
6_1	MARCHF4	0.000309088563133043	2.78132424307607e-08	2.33471154703953	0.4	0.099
6_1	GADD45B	0.000317179308706603	2.85412857650142e-08	3.27956072662516	0.167	0.02
6_1	GREB1L	0.00052323432059856	4.70830847294664e-08	2.52471593476731	0.267	0.047
6_1	DUSP5	0.000751535787537616	6.76267243352484e-08	3.17973867201507	0.233	0.039
6_1	BTG1	0.000970389600548775	8.73202196120557e-08	1.58286642608497	0.667	0.257
6_1	PRKD1	0.00146886104951597	1.32175024702238e-07	2.08827970820649	0.433	0.121
6_1	CACNG4	0.00149915709050442	1.34901204940558e-07	1.70651200584065	0.6	0.208
6_1	PRKAR1B	0.00182922275543425	1.64602065637924e-07	2.05687082221471	0.567	0.221
6_1	ODC1	0.00199958390316775	1.79931962851413e-07	3.6134515987156	0.133	0.014
6_1	RET	0.00222628007103	2.00331150097183e-07	3.3790763357167	0.167	0.022
6_1	GALR1	0.00252205718090604	2.26946565365432e-07	2.23001041670461	0.4	0.105
6_1	INSM1	0.00276474928951573	2.48785142582176e-07	2.83673897090508	0.267	0.052
6_1	RPS6KA1	0.0034835369998345	3.13465040928148e-07	1.97624536504532	0.533	0.185
6_1	SARS2	0.00372026807517503	3.34767216338975e-07	3.67785035240419	0.1	0.008
6_1	MARCKS	0.00414676869505878	3.73145747778168e-07	1.43977842263551	0.667	0.267
6_1	MC5R	0.00456341755625354	4.1063777164164e-07	2.71627381167932	0.333	0.084
6_1	SLC7A3	0.00708208824467144	6.37279604487666e-07	1.83524555053395	0.3	0.066
6_1	SLC5A7	0.00747650697924506	6.72771257018362e-07	2.78795989468861	0.133	0.016
6_1	ABT1	0.00836113521659882	7.52374265868696e-07	2.379191423248	0.1	0.009
6_1	CACFD1	0.00847527854519714	7.62645419346454e-07	2.44770125497915	0.3	0.071
6_1	SEMA3E	0.011272645205985	1.01436562638217e-06	2.54389306131071	0.2	0.033
6_1	LRFN5	0.0116141350300086	1.04509448663805e-06	1.3298068644888	0.733	0.327
6_1	SOX5	0.0157820956885472	1.42014718694746e-06	0.841832714888265	0.6	0.209
6_1	TOB1	0.0199418668319333	1.79446295617145e-06	1.12509279414697	0.5	0.165
6_1	USP2	0.0202619959857263	1.82326968286928e-06	2.6238892839918	0.367	0.111
6_1	PCSK1	0.0239264323758757	2.15301290163553e-06	2.16743039793676	0.6	0.312
6_1	RNF208	0.0266611488877848	2.39909555365651e-06	1.69292665212137	0.533	0.201
6_1	NTRK2	0.026875308972173	2.41836668515909e-06	1.44974086641945	0.8	0.522
6_1	MOGS	0.027237014044877	2.45091460855547e-06	2.68653126573445	0.2	0.036
6_1	CSDC2	0.0297439029788602	2.67649626373258e-06	2.68426899062628	0.233	0.048
6_1	CELF3	0.0335978710758914	3.02329443677597e-06	1.89667651676995	0.833	0.443
6_1	SCG2	0.034710409607348	3.12340588566075e-06	1.99681545134024	0.867	0.567
6_1	PDZD2	0.0380543007951107	3.42430493972021e-06	1.44419647413138	0.367	0.1
6_1	BATF2	0.038453489279748	3.46022579679187e-06	1.93409910777356	0.367	0.108
6_1	ECE2	0.039413857396942	3.54664423620462e-06	1.96068250518945	0.667	0.388
6_1	MYO1C	0.0400451557486211	3.60345143063269e-06	2.40465984650419	0.167	0.026
6_1	MYD88	0.04160289644733	3.7436242641348e-06	2.51862929290252	0.133	0.017
6_1	ANKRD34B	0.0474486386032148	4.26965163351164e-06	3.59286595684586	0.1	0.01
6_1	JUND	0.0485509742357426	4.36884497757065e-06	2.46813483115848	0.267	0.062
6_1	BAIAP2	0.0489944715125542	4.4087529481287e-06	2.09965127809326	0.767	0.416
22	ABI3BP	2.95656317919802e-207	2.66045458399894e-211	5.24454905108816	0.647	0.005
22	EBF4	2.29020471613497e-120	2.06083390275801e-124	5.36188034373115	0.912	0.036
22	WNT1	1.06430164515478e-105	9.57708670165374e-110	5.52261292034683	0.324	0.002
22	PRG4	2.32053606334006e-84	2.08812747533524e-88	9.32979689852713	0.176	0
22	CPLX3	1.82738125106341e-76	1.64436358414777e-80	4.01952545102288	0.588	0.022
22	SLC41A3	5.92009678382218e-76	5.32718148458758e-80	4.15876524888928	0.588	0.022
22	TMEM255B	1.07388083138224e-71	9.66328472403703e-76	4.40573016117449	0.294	0.004
22	SPRY3	6.59158163769848e-70	5.93141513335596e-74	9.63735206795247	0.147	0
22	ESRRG	4.6685062323271e-65	4.20094144904805e-69	3.30442585229589	0.765	0.048
22	IL17D	2.64155867759081e-53	2.37699872004932e-57	4.17139842264404	0.412	0.015
22	GABRA6	2.35557817042577e-51	2.11966001118129e-55	3.41117266014841	0.912	0.091
22	CRISPLD1	4.04067380257536e-47	3.63598830430609e-51	4.14771328783669	0.235	0.004
22	ZIC2	2.96210234773427e-46	2.66543898833283e-50	3.10745340390944	0.941	0.109
22	ITGA11	9.13466505214964e-45	8.21980118073395e-49	2.90089175527596	0.647	0.048
22	SEMA3B	6.25209608711094e-44	5.6259300702879e-48	3.1213063945659	0.588	0.041
22	IRX1	1.39830919507919e-43	1.25826437062826e-47	1.90806303837321	0.706	0.057
22	IHH	1.51186942562276e-43	1.36045120635541e-47	6.84630802040773	0.118	0
22	ESRRB	5.7617101406547e-41	5.18465773477432e-45	5.46913472353135	0.441	0.024
22	DOC2A	6.30903514259671e-41	5.67716651003034e-45	2.43760699720376	0.794	0.085
22	IGF1	2.14309374798558e-40	1.92845653557597e-44	4.33276392057482	0.471	0.028
22	MBL2	3.50793272469129e-37	3.15660282974111e-41	3.00328963888578	0.412	0.022
22	IRX2	4.31095004394435e-37	3.87919557630194e-41	2.94192051905529	0.5	0.034
22	HS3ST3B1	5.36491885620738e-37	4.82760627751947e-41	3.54462857211073	0.882	0.119
22	NEFL	1.29478824523193e-36	1.16511135177893e-40	3.22310175303149	0.5	0.035
22	SYNE2	7.77790482031361e-36	6.99892452111366e-40	2.74777211082164	0.324	0.014
22	COX4I2	1.08883688812143e-35	9.79786635581237e-40	2.07936394544106	0.5	0.034
22	BLNK	1.46176462132218e-35	1.31536454721693e-39	3.17348815707214	0.235	0.007
22	NEFH	2.06361060575582e-34	1.85693386642294e-38	3.73022203654745	0.676	0.074
22	GPC3	2.59742649002272e-34	2.33728650231505e-38	2.52995740240885	0.971	0.15
22	NKIRAS1	1.0045922278903e-33	9.03979328615404e-38	2.75863231138418	0.324	0.015
22	PRDX5	1.29698060687493e-32	1.16708414188332e-36	2.91735462789533	0.559	0.048
22	FIBIN	2.31519491494678e-31	2.0833212588381e-35	3.21526171719618	0.294	0.013
22	CAPG	8.53166055444537e-31	7.67718937680678e-35	3.46666934883413	0.176	0.004
22	PRDX3	9.84621276536612e-30	8.86008527433288e-34	2.57116649604938	0.5	0.041
22	FOXO1	1.052752563077e-28	9.47316263004587e-33	2.63287034722796	0.471	0.038
22	MYO9A	4.7906482285529e-28	4.31085056110222e-32	1.93046469570162	0.647	0.072
22	MAB21L1	1.05783075644746e-26	9.51885860206482e-31	2.48452045420108	0.382	0.027
22	ZIC5	8.32357195151638e-26	7.48994146631547e-30	1.98571932959589	0.529	0.052
22	PCOLCE	1.05115014246787e-25	9.45874329585052e-30	5.08705192863596	0.118	0.002
22	SCN4B	1.09125195790293e-25	9.81959828941717e-30	2.39191754931783	0.765	0.115
22	MRPL14	6.17149334572381e-25	5.55339993316279e-29	3.02163608724665	0.235	0.01
22	PPP1R1B	1.28156967221191e-24	1.15321665815883e-28	1.89260989651993	0.529	0.054
22	EPCIP	1.69435852125721e-24	1.52466347634051e-28	2.89866533498018	0.559	0.062
22	PPEF2	4.35284525555897e-24	3.91689485787724e-28	3.48012603847267	0.235	0.011
22	NEUROD1	1.57162296042804e-23	1.41422024694325e-27	2.33080641480245	0.441	0.04
22	VDAC2	1.69065411582352e-23	1.52133007812789e-27	2.47991436289273	0.5	0.051
22	SLC17A7	3.43903124918101e-23	3.09460204191578e-27	2.82736508471042	0.324	0.022
22	LRP4	1.68904042230592e-22	1.51987800081519e-26	2.53183795130617	0.853	0.171
22	OLFML2B	1.949141621068e-22	1.75392929098174e-26	1.98557567313869	0.294	0.018
22	SLIT3	2.11084159213151e-22	1.89943452904842e-26	3.38792511971502	0.618	0.09
22	ADCY8	2.97330737704336e-22	2.67552180063292e-26	3.08733273353285	1	0.305
22	KCTD17	3.05014127939902e-22	2.74466055916406e-26	2.14211300133722	0.676	0.096
22	UQCRC2	5.33966717572758e-22	4.80488362793808e-26	2.37087761442136	0.559	0.067
22	GABRB2	5.80412258275325e-22	5.22282244466234e-26	2.36444529454818	0.912	0.198
22	HSPA9	1.05978406305913e-21	9.53643537351868e-26	2.06682301684517	0.706	0.104
22	GJD2	2.81581881806036e-21	2.53380618920216e-25	2.01590987783332	0.735	0.114
22	ETFA	5.33901525344387e-21	4.80429699760989e-25	2.53698614009171	0.441	0.044
22	PAMR1	8.81048674054992e-21	7.92809029114544e-25	2.66859356413112	0.206	0.009
22	SLC25A5	1.36246858073726e-20	1.22601330040247e-24	2.46394938251835	0.912	0.209
22	SH3PXD2B	2.04039215076856e-20	1.83604080875422e-24	1.44457125834617	0.471	0.049
22	NFIB	2.11495778187091e-20	1.9031384701439e-24	2.39428564451143	0.912	0.217
22	EFNA5	2.40986183218646e-20	2.16850700277734e-24	2.9351069822305	0.647	0.099
22	SOD2	3.02173987684512e-20	2.71910364154155e-24	1.60980546584683	0.529	0.061
22	KCNK10	4.75983126583912e-20	4.28312000885371e-24	2.75199944005304	0.912	0.24
22	PPL	9.08445890315827e-20	8.17462332687688e-24	4.9633815968072	0.118	0.003
22	NBEA	1.05667504552452e-19	9.50845897169552e-24	3.47647433976266	1	0.433
22	GSG1L	3.35556877154124e-19	3.01949857962858e-23	2.25094681333766	0.382	0.036
22	PNPLA2	7.8576355844355e-19	7.07067001208989e-23	4.58383464032494	0.147	0.005
22	SAMD10	8.58054504695308e-19	7.72117794200763e-23	1.45836206581771	0.559	0.073
22	MPC1	1.47793606958802e-18	1.32991637684515e-22	1.85790917287718	0.647	0.098
22	GLRX	2.35727648352768e-18	2.12118823317527e-22	1.75579158380138	0.471	0.054
22	TUBA1B	2.5048540413296e-18	2.2539854596685e-22	2.72975762559601	0.794	0.179
22	NXPH3	2.64237143742382e-18	2.37773007956791e-22	2.24344074966669	0.765	0.149
22	ATP6V1G1	3.79209274794029e-18	3.4123033815714e-22	2.16169156882282	0.676	0.111
22	NDUFB10	7.61166561163081e-18	6.84933466357492e-22	2.41596330789475	0.441	0.05
22	ZIC3	7.8838261568833e-18	7.09423752081643e-22	1.58278328751943	0.794	0.146
22	VDAC1	7.99725619865613e-18	7.19630720656541e-22	1.96122309187219	0.706	0.121
22	ZNF423	1.048221487603e-17	9.432389882147e-22	1.94857399161971	0.853	0.183
22	CRABP1	1.31204159106435e-17	1.18063672371489e-21	2.97826224961753	0.235	0.015
22	ZBTB7C	1.41871547519586e-17	1.27662690110308e-21	4.52361137457063	0.118	0.003
22	ARHGEF2	1.46437366154099e-17	1.31771228429856e-21	1.14555505465317	0.647	0.102
22	RIMS4	1.48436930563033e-17	1.33570530516542e-21	2.65668676224778	0.824	0.209
22	MRPL12	1.68977094276647e-17	1.52053535747905e-21	2.94417051350543	0.235	0.015
22	COL4A5	1.82478202473364e-17	1.64202467806501e-21	2.40247293738195	0.235	0.015
22	TAGLN	2.54386403364145e-17	2.28908848523482e-21	2.08830726737798	0.206	0.011
22	GPR142	2.82244584913418e-17	2.53976950340519e-21	2.11709960839055	0.147	0.005
22	IL1RAPL2	4.51110176287377e-17	4.05930150533048e-21	2.55377647832421	1	0.42
22	PDE10A	7.55364252028849e-17	6.79712275739089e-21	1.73730754872433	0.706	0.123
22	BCAM	8.62442646587968e-17	7.76066450632564e-21	1.67660981597755	0.529	0.073
22	CBLN2	1.0829370534323e-16	9.74477686882299e-21	2.6199310419787	0.647	0.112
22	MPC2	1.56332321832727e-16	1.40675174869727e-20	2.0291316695381	0.618	0.101
22	STRBP	1.84957690967899e-16	1.66433628154323e-20	2.83869368000675	0.941	0.328
22	RAB11A	1.95494291592939e-16	1.75914956890974e-20	1.83605153438334	0.529	0.074
22	CAST	2.27873919775215e-16	2.05051669013961e-20	1.53201259234688	0.294	0.024
22	RALBP1	2.35243834020369e-16	2.11683464429379e-20	1.65443716920584	0.441	0.053
22	AVPR2	2.85658911635837e-16	2.57049322087499e-20	2.80905172744997	0.265	0.02
22	FNDC1	3.59827488206466e-16	3.23789695137646e-20	2.75573987689823	0.147	0.006
22	KIAA0513	4.21864873734219e-16	3.79613852005956e-20	2.17161141227854	0.765	0.17
22	PSMC4	7.2551005654329e-16	6.52848066717619e-20	1.53438706126528	0.471	0.06
22	SMTN	9.57554207532566e-16	8.61652305887308e-20	3.41864551729156	0.118	0.004
22	SV2B	1.15520063080012e-15	1.03950385206526e-19	2.07781000970826	0.559	0.087
22	CBFA2T3	1.69973092546639e-15	1.52949781829064e-19	1.32767055931084	0.676	0.117
22	WFDC1	2.23409323583114e-15	2.01034215408183e-19	2.20397613701293	0.206	0.012
22	CRH	2.36024676810853e-15	2.12386103492174e-19	2.22069575565738	0.235	0.016
22	OGFRL1	2.53777888906769e-15	2.2836127859873e-19	2.47263167556733	0.265	0.021
22	RBMS3	3.56001039098638e-15	3.20346476287806e-19	3.04653647916819	0.971	0.426
22	ATP5MGL	5.31699549987684e-15	4.78448258784922e-19	1.78594540464722	0.676	0.125
22	ARRDC1	5.63828194756799e-15	5.0735912423e-19	1.78622938121598	0.794	0.17
22	HS6ST3	5.89304500222968e-15	5.30283901937342e-19	1.63883902419329	0.853	0.206
22	KCNB2	6.01535043067686e-15	5.41289519542595e-19	1.57214090410397	0.559	0.087
22	EIF4A2	6.67587162177747e-15	6.00726322485149e-19	1.65689330116101	0.735	0.139
22	UQCRQ	1.15804852860593e-14	1.04206652443618e-18	2.23160850887986	0.471	0.066
22	MFGE8	1.16043078540408e-14	1.04421019113118e-18	2.42590913450584	0.441	0.059
22	DNM3	1.24276477767436e-14	1.11829818921476e-18	2.05321330371471	0.941	0.332
22	NDUFB8	1.35970319080241e-14	1.22352487249384e-18	1.83151441599196	0.441	0.057
22	SYT1	1.63055207467485e-14	1.46724743514339e-18	1.96918447018585	1	0.737
22	ALDOC	2.06776247650387e-14	1.86066991496794e-18	2.09504361740374	1	0.466
22	SOD1	2.67923914737156e-14	2.41090537872002e-18	1.4948979226513	0.588	0.097
22	CH25H	3.76941543702147e-14	3.39189727078329e-18	1.69874903318834	0.118	0.004
22	OXR1	3.7849504131002e-14	3.40587637280681e-18	1.88565831826654	1	0.481
22	MRPS31	3.82969827548047e-14	3.44614260368979e-18	2.93885378636008	0.176	0.01
22	KCNA2	4.17406756841518e-14	3.75602228778474e-18	2.66216430276787	0.735	0.18
22	ACO2	4.29595457338817e-14	3.86570194671841e-18	1.80758724448522	0.676	0.135
22	MDH1	4.3845557094672e-14	3.94542941551985e-18	1.91175969083654	0.882	0.246
22	GOT2	5.32657413905019e-14	4.79310189782254e-18	1.81787122326379	0.588	0.101
22	SACS	5.54635436174196e-14	4.99087047758658e-18	1.80515929405096	0.588	0.101
22	ADAMTS2	5.79088805130745e-14	5.21091339090025e-18	1.6065881642882	0.735	0.154
22	ADAM15	1.04815619767966e-13	9.43180237271359e-18	1.60163731625271	0.5	0.077
22	ITSN2	1.10623683057504e-13	9.95443922050792e-18	1.16503871386921	0.265	0.023
22	PIP5KL1	1.11134631823658e-13	1.00004167932743e-17	1.33246949838537	0.647	0.119
22	ABHD8	1.25470926478808e-13	1.1290464004212e-17	1.53331641057349	0.559	0.092
22	ATP5F1D	1.41544086835680e-13	1.27368025587763e-17	1.66628884485577	0.5	0.076
22	CDK5R2	1.41840619702902e-13	1.27634859806445e-17	2.36879450149612	0.324	0.034
22	C1QBP	1.49656547801824e-13	1.34667999461733e-17	2.13828540289914	0.235	0.018
22	ATP5PO	2.37136090439984e-13	2.13386205741009e-17	1.76584110658369	0.618	0.113
22	KCNH1	2.54735289659551e-13	2.29222792818816e-17	1.54810559463531	0.824	0.193
22	SFXN3	2.69766511396378e-13	2.42748592995931e-17	2.06298693366701	0.471	0.071
22	FBXO36	3.18023238790952e-13	2.861722656267e-17	0.80672686771673	0.206	0.014
22	ATP5PB	3.3105674837759e-13	2.97900430466652e-17	1.51961583989705	0.706	0.143
22	IGF2	3.5923863577233e-13	3.23259818026033e-17	1.97243453639435	0.265	0.024
22	ANXA9	3.60583298812536e-13	3.24469809063742e-17	1.56264076439461	0.647	0.121
22	SLC6A17	4.01141360209553e-13	3.60965859992399e-17	2.20428622945593	0.941	0.329
22	PLXNB2	4.2652713768638e-13	3.83809176357761e-17	1.87998151911014	0.971	0.378
22	NECAB3	4.34978088301586e-13	3.91413739135774e-17	2.71402900237395	0.912	0.324
22	COX6B2	4.47689225463474e-13	4.02851818108048e-17	1.70423470291094	0.765	0.174
22	EPHX4	5.29252444990936e-13	4.76246238631275e-17	2.20787824247783	0.471	0.073
22	CFL2	6.18960336078153e-13	5.5696961763534e-17	1.32334521651222	0.529	0.085
22	TOMM22	6.70176863142332e-13	6.03056657196376e-17	1.81086608916327	0.324	0.035
22	NRN1	7.00670600196729e-13	6.30496355796571e-17	1.59350410174625	0.912	0.238
22	ATP5F1C	7.12216493755999e-13	6.40885893778456e-17	1.67882378771859	0.706	0.142
22	IDH3B	7.43235400747418e-13	6.68798164984629e-17	1.68164159381225	0.529	0.087
22	JUN	7.70059129076391e-13	6.92935417147837e-17	0.791892286368029	0.324	0.035
22	RAB3C	8.76834083099955e-13	7.89016541977823e-17	1.95699338765797	0.647	0.134
22	KLC3	8.88948634496964e-13	7.99917785023814e-17	2.13636782332054	1	0.409
22	LEF1	9.82708424153479e-13	8.84287252905137e-17	1.26356473953643	0.5	0.079
22	GOT1	1.10735135268148e-12	9.96446821453688e-17	1.6350521529067	0.618	0.118
22	SEMA3G	1.16173409789011e-12	1.04538297299569e-16	1.4436171123522	0.676	0.135
22	DNAJC27	1.19875007546958e-12	1.07869169033527e-16	2.25562756526205	0.265	0.024
22	ZXDA	1.20772609002147e-12	1.08676873033516e-16	1.32506877124673	0.588	0.108
22	NNT	1.25285902475898e-12	1.12738146743362e-16	1.65448858322499	0.676	0.139
22	CDHR1	1.40553269635846e-12	1.26476441677177e-16	1.6125857454499	0.235	0.02
22	BCAN	1.64066938837472e-12	1.47635146978738e-16	1.21551585061192	0.529	0.09
22	COX7C	1.96094548197982e-12	1.76455096011861e-16	1.65740389898094	0.676	0.144
22	SLC17A6	2.11159300472711e-12	1.90011068543787e-16	2.1207531173217	0.971	0.434
22	GABRA1	2.12614050365612e-12	1.91320120908496e-16	1.7054016015377	1	0.511
22	DISC1	2.18900537992153e-12	1.9697699810326e-16	0.98127342558554	0.294	0.03
22	ATP6V1B2	2.20988153783867e-12	1.98855532964876e-16	1.44657414092582	0.676	0.134
22	NAALADL2	2.36000036731963e-12	2.12363931190465e-16	2.31443954578244	0.265	0.025
22	ESM1	2.36170376479964e-12	2.12517210906113e-16	2.91754915296192	0.147	0.008
22	ARG2	2.499901289303e-12	2.24952874048682e-16	2.20572791455039	0.412	0.058
22	ZNF830	2.56674835030174e-12	2.30968086952375e-16	2.19801833448286	0.206	0.015
22	PHLDB1	2.72002913573384e-12	2.44761012843862e-16	1.0321705216673	0.294	0.03
22	ENO3	3.2860014897092e-12	2.95689866796472e-16	2.80481759546834	0.235	0.02
22	NDUFC2	3.72775759583653e-12	3.35441158628321e-16	1.62891491747082	0.618	0.12
22	HCN4	4.06826906586135e-12	3.66081981990583e-16	1.29271154319976	0.676	0.134
22	PLCB1	4.59513996492191e-12	4.13492303151436e-16	2.66984079926186	0.676	0.182
22	MAGIX	5.69177998580255e-12	5.12173129290251e-16	2.55649574882555	0.794	0.217
22	PGK2	5.71412673378981e-12	5.14183994761973e-16	1.4906320339294	0.765	0.178
22	COX6A2	6.7623540664751e-12	6.08508419551435e-16	1.73096042238452	0.706	0.158
22	NRIP1	6.83456016552286e-12	6.15005863900194e-16	1.38475025623865	0.618	0.118
22	COX4I1	6.938054312708e-12	6.24318753955548e-16	1.61921278835517	0.824	0.215
22	FTSJ3	7.5656991521833e-12	6.80797188174508e-16	2.29055174461448	0.235	0.02
22	CCNG1	7.57737548915369e-12	6.81847879884252e-16	1.56906481196398	0.5	0.082
22	FLOT1	7.57821110882144e-12	6.81923072871541e-16	1.9268701205072	0.559	0.103
22	GPATCH11	8.65987399989696e-12	7.79256186439032e-16	2.9655750328317	0.118	0.005
22	SAMD11	9.19550646452083e-12	8.27454914471414e-16	1.14790551980807	0.5	0.082
22	PTCHD4	9.85691516918186e-12	8.86971580057758e-16	1.77580640758684	0.853	0.253
22	CPLX1	9.87870731501801e-12	8.88932539819852e-16	1.69617348566968	0.676	0.146
22	TBC1D1	1.10245524860465e-11	9.92041076761136e-16	1.69139858743263	0.441	0.067
22	UQCR11	1.21977704062377e-11	1.09761274239519e-15	2.27176679453713	0.353	0.045
22	NDUFA2	1.23250054695747e-11	1.10906195172993e-15	1.48726805358791	0.529	0.093
22	NDUFA8	1.37064113006894e-11	1.23336734461346e-15	1.41627901320038	0.412	0.058
22	SNCB	1.41178311024158e-11	1.27038883311579e-15	1.92123940162212	0.941	0.377
22	ATP5PD	1.51692186099245e-11	1.36499762529691e-15	1.67623789318335	0.618	0.127
22	GAPDHS	1.59677488409585e-11	1.43685313065405e-15	1.74569172943225	0.971	0.385
22	FRRS1L	1.63242648261345e-11	1.46893411555246e-15	2.16390794577411	0.265	0.026
22	OTX2	1.67597714067726e-11	1.50812304569176e-15	1.95164670396382	0.206	0.016
22	PINK1	1.71595587309843e-11	1.54409778916443e-15	1.62799256804264	0.441	0.068
22	NEUROD2	1.98250563926667e-11	1.7839518035334e-15	0.625523972288013	0.588	0.111
22	MAP1B	2.05658268343393e-11	1.8506098114226e-15	2.17052135996043	0.853	0.308
22	STARD13	2.15398663816074e-11	1.93825847040469e-15	1.28819194352031	0.471	0.076
22	RPS13	2.17994896183663e-11	1.96162059015264e-15	1.03840532222083	0.676	0.138
22	NDUFS2	2.27022779463069e-11	2.04285772935363e-15	1.69737708103956	0.412	0.06
22	LHX9	2.50530182967411e-11	2.25438840067858e-15	1.48095406637466	0.471	0.076
22	WARS1	3.28339961396495e-11	2.95455737781423e-15	2.08462267833083	0.294	0.032
22	FAM217A	3.66452879002434e-11	3.29751533341522e-15	1.43871466549464	0.471	0.077
22	CALML3	4.23234591425626e-11	3.80846388397036e-15	3.19213636791718	1	0.687
22	HNRNPA0	4.25654078811717e-11	3.83023556925868e-15	1.98238389109748	0.441	0.071
22	PGAM4	4.50824343566656e-11	4.05672944809373e-15	1.78870363998322	0.735	0.188
22	CUX2	4.58481063622321e-11	4.1256282158042e-15	0.943153303891242	0.618	0.122
22	COX5A	5.0289874510974e-11	4.52531940168937e-15	1.8289234215764	0.647	0.146
22	NDUFS5	5.77843786429977e-11	5.19971012714818e-15	1.80981348402131	0.382	0.054
22	HMOX2	5.94373488908009e-11	5.34845216330432e-15	1.6652784591534	0.324	0.04
22	EEF1A1	7.68352027071266e-11	6.91399286485436e-15	1.47873631151412	0.912	0.3
22	NDUFAB1	7.94622669794616e-11	7.15038846211298e-15	1.94027383010627	0.382	0.055
22	GAS2L1	8.39102338736598e-11	7.55063744026454e-15	1.753237674577	0.412	0.062
22	HADHB	8.46838735310008e-11	7.62025317475036e-15	1.5644809941141	0.353	0.047
22	RAP1GDS1	8.86957981095345e-11	7.98126501480558e-15	1.74036259040024	0.824	0.247
22	DNAJA2	9.10778377941466e-11	8.19561214740813e-15	1.07039184697019	0.706	0.154
22	OSBPL3	9.64397540795988e-11	8.67810258972364e-15	1.12204520200578	0.5	0.086
22	ARF3	9.81074835411014e-11	8.82817272933514e-15	1.93964621319749	0.824	0.255
22	HIVEP1	1.04068839556078e-10	9.36460357743886e-15	1.65771278074926	0.794	0.22
22	ARSJ	1.04553904170342e-10	9.40825197249544e-15	2.84089641085892	0.118	0.005
22	GRPEL1	1.04824221066146e-10	9.4325763579723e-15	2.38752027300545	0.176	0.012
22	STK17A	1.06058246263063e-10	9.54361974831846e-15	1.95926634060108	0.118	0.005
22	TLN2	1.10584043885668e-10	9.95087230141887e-15	1.62477060370335	0.735	0.182
22	IRF2BPL	1.10756624906631e-10	9.96640195326478e-15	1.67575385110799	0.618	0.126
22	RAB6B	1.24008924654075e-10	1.11589062048119e-14	1.79102994276117	0.824	0.248
22	EEF2	1.31028330617022e-10	1.17905453628203e-14	2.02612044038218	0.853	0.275
22	APOO	1.35014935383461e-10	1.21492788071143e-14	1.37682874792781	0.265	0.028
22	ATP6V1E1	1.59710019341889e-10	1.43714585928092e-14	1.40611791186602	0.853	0.231
22	SARM1	1.60892038595075e-10	1.44778222437753e-14	1.24117032668023	0.353	0.047
22	MCU	1.98214016102968e-10	1.78362292902878e-14	1.50229963982974	0.529	0.099
22	EIF3M	2.10465901422628e-10	1.89387115470735e-14	1.50272131261256	0.265	0.028
22	LGALS4	2.32095309000458e-10	2.08850273553908e-14	2.64225246461222	0.147	0.009
22	BOLA2B	2.54489825878662e-10	2.29001912965592e-14	2.56121152393218	0.176	0.013
22	SEPTIN5	2.63895732936369e-10	2.37465790458354e-14	1.80242266758612	0.735	0.186
22	ABCA4	2.65781699554525e-10	2.39162871910847e-14	2.62729820442282	0.147	0.009
22	SIPA1L2	2.70340671063575e-10	2.4326524886491e-14	1.52822578662904	0.735	0.184
22	KCTD4	2.9758837965604e-10	2.67784018407307e-14	2.41804403485226	0.353	0.05
22	ANK1	3.23617515739789e-10	2.91206259101762e-14	1.62135461839108	1	0.574
22	ATP1B2	3.24913875950905e-10	2.92372784982367e-14	2.32209569267902	0.912	0.315
22	SLC25A6	3.32216270276964e-10	2.98943822799392e-14	1.5309121690484	0.529	0.1
22	HTR7	3.44721853347295e-10	3.10196934533694e-14	1.1414477217046	0.471	0.08
22	HYCC2	3.94104651600835e-10	3.54633898677976e-14	1.32855109965669	0.706	0.162
22	YARS1	4.25921654606853e-10	3.83264334209352e-14	2.43915712661814	0.294	0.036
22	MAP7D2	4.64496902924432e-10	4.17976156685352e-14	1.65305838034609	0.441	0.074
22	RRP12	5.16460904421463e-10	4.64735808891805e-14	3.25223981105957	0.176	0.013
22	NDUFS4	5.20786574785896e-10	4.6862825050472e-14	1.5600725891138	0.441	0.074
22	DAPK3	5.54385252162579e-10	4.9886192041985e-14	2.0535835366962	0.353	0.05
22	DDIT4L	6.39239117053271e-10	5.75217418386818e-14	1.59498652791616	0.235	0.023
22	MAP7	6.53483016773091e-10	5.8803474918842e-14	1.33104114071714	0.5	0.092
22	IDH3G	6.59064520471065e-10	5.93057248691681e-14	2.26008607194243	0.324	0.043
22	ATP6V1A	7.02113934368876e-10	6.31795135758909e-14	1.73072724626407	0.706	0.187
22	THAP4	7.33442371554317e-10	6.59985936789631e-14	1.875021295824	0.265	0.029
22	MFSD3	7.64518101278925e-10	6.87949339763273e-14	1.63766423402425	0.353	0.05
22	PAIP2B	8.73039851081131e-10	7.85602313579709e-14	1.33310301574943	0.529	0.101
22	SCG2	9.0813532755109e-10	8.1718287370745e-14	1.72128568170772	1	0.565
22	CHRM5	9.75640725666345e-10	8.77927405440785e-14	1.50939746530496	0.324	0.043
22	TSC22D1	9.86598854621964e-10	8.87788045192085e-14	1.04666159755154	0.618	0.13
22	PHB2	9.97222440358032e-10	8.97347647222201e-14	1.07628031877171	0.588	0.12
22	ATP6V1C1	1.03994886207222e-09	9.35794890733577e-14	1.83774228780168	0.559	0.114
22	CTR9	1.13573415291532e-09	1.02198699983381e-13	1.6450598807045	0.324	0.043
22	PARK7	1.2231721625373e-09	1.100667832752e-13	2.1278820967532	0.235	0.024
22	PPP2R2C	1.27126520873644e-09	1.14394421734585e-13	2.05058405072878	0.588	0.128
22	RPL18A	1.34389949755934e-09	1.20930396612916e-13	0.966565326687999	0.618	0.13
22	CD36	1.36204482199737e-09	1.22563198236063e-13	1.34022284685926	0.235	0.024
22	SNRPB	1.48364880348617e-09	1.33505696345377e-13	1.45959029035457	0.353	0.051
22	GRIN3B	1.61759047762098e-09	1.45558398058218e-13	1.76670035364437	0.559	0.117
22	MRPL49	1.64504361632192e-09	1.48028760579675e-13	2.66652029363552	0.206	0.019
22	TP53INP2	1.68346856480083e-09	1.51486418140991e-13	1.46455082149421	0.412	0.067
22	ZIC1	1.87451977206274e-09	1.68678104207931e-13	1.43092097701032	0.647	0.153
22	HMGB3	1.89209973416696e-09	1.70260031869608e-13	1.36583452349015	0.5	0.094
22	GDI1	2.04527300762389e-09	1.84043283327984e-13	1.3398788157434	0.882	0.268
22	HADHA	2.12839883305051e-09	1.91523336007425e-13	1.90067757864898	0.324	0.044
22	HTRA3	2.1642079976497e-09	1.94745613034257e-13	1.74647129316274	0.206	0.019
22	FGL2	2.24420222200885e-09	2.01943869522978e-13	1.86702576349102	0.382	0.061
22	AIFM1	2.34676930093697e-09	2.11173337616932e-13	1.15254928660724	0.324	0.044
22	CLTA	2.35876394347156e-09	2.12252671958208e-13	0.951535979802336	0.706	0.16
22	HSPD1	2.4323124251365e-09	2.1887091020755e-13	2.15624431822809	0.324	0.045
22	JAGN1	2.64221122356818e-09	2.37758591160639e-13	1.44467634294882	0.559	0.117
22	ATP6V0E2	2.65168433120441e-09	2.38611025933988e-13	1.50457656645752	0.853	0.253
22	CRBN	2.65684478803833e-09	2.39075388107472e-13	1.58658922394864	0.324	0.044
22	HS3ST5	2.73637348129062e-09	2.46231753917989e-13	2.45663969451968	0.441	0.081
22	RASSF8	3.09821488057072e-09	2.78791944620779e-13	1.53001207222956	0.471	0.086
22	RARB	3.20687698408198e-09	2.88569871689191e-13	1.29730509925757	0.5	0.097
22	NAPB	3.21302898633133e-09	2.89123457781997e-13	1.24404189608867	0.412	0.068
22	PRKAR1B	3.23195495665802e-09	2.90826505593271e-13	1.30932538754605	0.794	0.217
22	PRKRIP1	3.29919963668603e-09	2.96877498127061e-13	2.15179331231872	0.235	0.024
22	UFC1	3.34684651449043e-09	3.01164988256135e-13	2.40039380834724	0.147	0.01
22	C1GALT1C1	4.0346370442076e-09	3.63055614524215e-13	1.74073562803964	0.147	0.01
22	STMN2	4.08040292487394e-09	3.67173843685228e-13	1.85001966337867	0.971	0.457
22	SLC35B1	4.32325605472324e-09	3.89026910350332e-13	2.01747234930386	0.265	0.031
22	ANKRD49	4.66739616262663e-09	4.19994255612942e-13	2.85729014640383	0.118	0.006
22	DIS3	4.66739616262663e-09	4.19994255612942e-13	2.54262216381778	0.118	0.006
22	CKMT1A	4.83273705089696e-09	4.3487240627166e-13	1.27190001084924	0.588	0.125
22	GDI2	4.84186395862033e-09	4.3569368834881e-13	1.21748121032572	0.441	0.077
22	DNM1	4.99721134593804e-09	4.49672576796368e-13	1.24558712186753	0.941	0.332
22	ITM2C	5.22876558373577e-09	4.70508916020495e-13	1.53765660121147	0.853	0.277
22	HOMER2	5.32150865467522e-09	4.78854373677245e-13	1.3591118390577	0.353	0.052
22	CPNE8	5.74669349666264e-09	5.17114505233748e-13	1.0254689720348	0.765	0.199
22	SARS1	5.78378425283899e-09	5.20452105897507e-13	1.09779761213287	0.412	0.068
22	FLRT2	5.90987023311827e-09	5.31797915335037e-13	1.41737394676871	0.735	0.207
22	RNF130	5.95088929223866e-09	5.3548900317094e-13	1.73984668632004	0.441	0.08
22	ETFRF1	6.263659616388e-09	5.63633547771799e-13	1.43283340854912	0.235	0.025
22	NDUFS8	6.61400941000452e-09	5.95159669756549e-13	0.827591084488476	0.471	0.086
22	PEX19	6.69858192914407e-09	6.02769902739501e-13	0.882885174722364	0.353	0.052
22	ATP1B1	7.49036110234699e-09	6.74017916165481e-13	1.59919948309763	0.941	0.426
22	OXCT1	7.50280931231678e-09	6.75138064637522e-13	1.14512833756926	0.559	0.117
22	TRIB2	7.62302804074547e-09	6.85955911162194e-13	2.0473286056834	0.324	0.046
22	SLC24A2	7.92447472235517e-09	7.13081501156769e-13	2.12297789291411	0.853	0.328
22	PAPPA2	8.86619553524639e-09	7.97821968437541e-13	1.89125917972738	0.353	0.055
22	TSHZ3	9.32797272370957e-09	8.39374851409122e-13	1.35187370581114	0.471	0.088
22	HSP90AA1	1.01891568314399e-08	9.16868247227565e-13	1.48008865528386	0.853	0.259
22	PKM	1.0451317805099e-08	9.40458724475747e-13	1.57414108850253	0.853	0.287
22	MCUB	1.13051409680207e-08	1.01728974786472e-12	2.36018997654866	0.206	0.02
22	ERBB4	1.13760571086736e-08	1.02367111569096e-12	1.62097495525834	1	0.543
22	CLIP3	1.20178736895925e-08	1.08142478984905e-12	1.38017273734034	0.971	0.387
22	DTX1	1.21248558553772e-08	1.09105154822075e-12	1.01526893542135	0.618	0.138
22	NDUFB3	1.22258596925906e-08	1.10014034847391e-12	1.92686462588444	0.382	0.063
22	TMCO1	1.24514549008823e-08	1.12044046620015e-12	1.49389686538701	0.412	0.071
22	KLHL26	1.26258967071669e-08	1.13613756025978e-12	1.86803235629188	0.235	0.026
22	NHERF2	1.27088507843143e-08	1.14360215822139e-12	1.67344437832809	0.235	0.026
22	GALNT9	1.30337648608303e-08	1.17283945476742e-12	1.53876952292667	0.882	0.306
22	TANC2	1.33727116584737e-08	1.20333948155077e-12	1.51458716824384	1	0.633
22	NRP1	1.37549213989885e-08	1.23773251138203e-12	1.02367124404386	0.941	0.346
22	CCDC85A	1.37964549117405e-08	1.24146989217497e-12	1.98811412486539	0.559	0.124
22	BMERB1	1.67535100169412e-08	1.50755961638992e-12	1.2215145585979	0.471	0.089
22	HPCAL4	1.74157103043956e-08	1.56714751231851e-12	1.58706417154095	0.824	0.249
22	MYORG	1.8655969141644e-08	1.67875183493602e-12	1.84823776726049	0.265	0.032
22	ST13	2.14028609769333e-08	1.92593007981043e-12	1.43317535496583	0.471	0.091
22	CFLAR	2.1691042978004e-08	1.95186205147161e-12	1.72001182752838	0.235	0.026
22	NIFK	2.20643523765587e-08	1.98545418667855e-12	2.64775322445186	0.118	0.007
22	NUMBL	2.28025068729231e-08	2.05187679950717e-12	0.603486385403128	0.588	0.123
22	DYNC1H1	2.35457854514189e-08	2.11876050134247e-12	1.21842244781428	0.794	0.222
22	FRMD5	2.39700597939036e-08	2.15693870187201e-12	1.27951765275967	0.735	0.205
22	SZRD1	2.48628077933632e-08	2.23727236510062e-12	1.80863206908385	0.176	0.015
22	KCNK9	2.71652893044189e-08	2.44446047911625e-12	1.17475749335464	0.588	0.13
22	WDR13	2.79435580898365e-08	2.51449276431535e-12	2.21493088784241	0.353	0.058
22	NMBR	2.92246913017774e-08	2.62977515538355e-12	1.53721987940304	0.412	0.074
22	ADCYAP1	3.00887897563201e-08	2.70753079783318e-12	0.619065350913436	0.971	0.332
22	TAF7	3.00998864902107e-08	2.70852933413216e-12	1.40357302296103	0.382	0.064
22	RBX1	3.07312179786666e-08	2.76533951036323e-12	1.84285930760795	0.324	0.048
22	NSUN4	3.09332807706968e-08	2.78352207061071e-12	2.58073351394582	0.147	0.011
22	LYPLA2	3.11483804789066e-08	2.80287775388343e-12	1.14166279142795	0.647	0.155
22	TJP1	3.17678581317876e-08	2.85862126624562e-12	1.07864642816622	0.941	0.43
22	NRIP3	3.47026457147621e-08	3.12270725409539e-12	2.44683113845031	0.206	0.021
22	HSPA12A	3.48107800005217e-08	3.1324376856404e-12	1.53675765296051	0.676	0.179
22	FARS2	3.5344202749104e-08	3.18043757303195e-12	0.877593977872889	0.618	0.142
22	APBB1	3.90025768733065e-08	3.50963528059988e-12	1.41003680019149	0.735	0.205
22	ECHS1	4.05373079025743e-08	3.64773759584039e-12	1.20081522167327	0.324	0.048
22	POPDC3	4.35928378234335e-08	3.92268854705602e-12	2.20841517884202	0.176	0.016
22	BTF3	5.05035360583864e-08	4.54454567249045e-12	1.00684519163719	0.5	0.101
22	ROR1	5.09529351179404e-08	4.58498471321339e-12	1.63650702424772	0.235	0.027
22	FBXO33	5.72608123665016e-08	5.152597171466e-12	0.914278983474285	0.5	0.1
22	NDUFS1	6.08661030572702e-08	5.47701818206337e-12	1.43476316253945	0.412	0.075
22	SNPH	6.53292984830212e-08	5.87863749509774e-12	1.35655211103898	0.853	0.32
22	ASIC1	6.72311231936174e-08	6.04977262607913e-12	1.26362515438837	0.559	0.123
22	TOLLIP	6.86747985928409e-08	6.17968132753e-12	1.3321596938725	0.324	0.049
22	B3GAT2	6.86784690510617e-08	6.1800116126214e-12	1.37184922584576	0.676	0.181
22	SLC25A28	6.88098843937531e-08	6.19183698315065e-12	0.708925743723404	0.529	0.11
22	ELMOD3	7.17543586089022e-08	6.45679461971585e-12	1.32763969667172	0.441	0.083
22	PFDN2	7.38828551432938e-08	6.64832674734939e-12	2.10000030540427	0.206	0.021
22	UQCRC1	7.54689538877237e-08	6.79105137116204e-12	1.11760904323896	0.382	0.065
22	COPB1	7.6875631437463e-08	6.91763083213021e-12	1.50465828314568	0.382	0.066
22	PHOSPHO2	7.76353243413347e-08	6.98599157215285e-12	1.86677653402735	0.235	0.028
22	POP7	7.93228058020348e-08	7.13783908953791e-12	1.86668593957561	0.235	0.028
22	RPL4	8.07435633224205e-08	7.26568553247733e-12	1.16155099168124	0.588	0.137
22	NACAD	8.92941540184435e-08	8.03510789331805e-12	1.60164145734677	0.588	0.148
22	PHLDA1	9.11768846365425e-08	8.20452484806466e-12	2.19423390782828	0.265	0.035
22	SNAP91	9.1216531498504e-08	8.2080924591473e-12	1.25984634994083	0.882	0.301
22	MPRIP	9.20701295620228e-08	8.28490322703346e-12	0.681209155296343	0.794	0.211
22	AIP	9.56999311094326e-08	8.61152983977617e-12	1.41271587181012	0.294	0.041
22	SPSB4	9.88260161417136e-08	8.89282967171003e-12	1.57579035581979	0.706	0.198
22	PPM1E	1.03746301512591e-07	9.33558008751835e-12	1.43421577682787	0.735	0.217
22	IDH2	1.05836539059442e-07	9.52366949153626e-12	1.53730975889875	0.588	0.146
22	PFKP	1.08356855319388e-07	9.7504594006468e-12	1.76988213448111	0.853	0.331
22	DAZAP2	1.12118304756136e-07	1.00889323095596e-11	1.55640372612209	0.441	0.087
22	GLRX3	1.1820819790319e-07	1.06369295332664e-11	2.05164750993738	0.206	0.022
22	AHCYL2	1.25689977888943e-07	1.13101752802072e-11	1.39379812247117	0.618	0.157
22	SESTD1	1.35132462797515e-07	1.21598544765153e-11	1.25093751320493	0.529	0.117
22	MRPS15	1.36299612130795e-07	1.22648800621609e-11	2.03330669727821	0.206	0.022
22	NAP1L1	1.37474348588513e-07	1.23705883729428e-11	1.29117994168743	0.824	0.257
22	AMIGO1	1.47368015451242e-07	1.32608670432144e-11	1.30234076125304	0.676	0.18
22	NDUFB11	1.48820351757901e-07	1.33915550938452e-11	1.75329137527632	0.353	0.059
22	BAIAP2	1.50818095697003e-07	1.35713214880773e-11	1.0205985220953	0.912	0.413
22	WBP2	1.51787983573215e-07	1.36585965601742e-11	1.38978626252738	0.471	0.097
22	PITPNA	1.69378487621347e-07	1.52414728355392e-11	1.28639827456154	0.735	0.206
22	ISLR	1.70196926194373e-07	1.53151197871297e-11	0.890672531407487	0.912	0.357
22	ELOVL6	1.72731898756779e-07	1.55432285392585e-11	1.15982394389845	0.618	0.15
22	AHCY	1.76126521804951e-07	1.58486926846892e-11	1.34337834294074	0.235	0.028
22	RDH11	1.89252955650425e-07	1.702987093048e-11	1.9084350096028	0.735	0.234
22	EFR3A	1.90829812035057e-07	1.7171763883295e-11	1.25679681979638	0.941	0.376
22	SLC29A1	1.91977802126094e-07	1.72750654302253e-11	0.857339825669994	0.441	0.085
22	PAN2	1.93173712800392e-07	1.73826790965888e-11	1.74992809752047	0.235	0.028
22	PHPT1	1.93592596009903e-07	1.74203721776211e-11	1.95081809306187	0.176	0.016
22	VOPP1	1.95033610376139e-07	1.75500414268099e-11	1.22895673971964	0.559	0.129
22	FABP4	1.99606025224412e-07	1.79614888170982e-11	1.37471013410312	0.176	0.016
22	ACOT11	2.04256547149736e-07	1.83799646494859e-11	2.07106541554614	0.206	0.022
22	RASL11B	2.14788246172335e-07	1.9327656453913e-11	2.19325292773519	0.147	0.012
22	INPP5F	2.19245347082496e-07	1.97287273537745e-11	1.6340847245094	0.353	0.06
22	TMEM117	2.212345296273e-07	1.99077233534869e-11	1.06259913110451	0.529	0.118
22	SNAP25	2.30938646244966e-07	2.07809454013287e-11	1.31200972173466	1	0.797
22	STT3B	2.34579898365194e-07	2.11086023904611e-11	0.996368490401257	0.706	0.188
22	RPA3	2.34857619903891e-07	2.11335930805265e-11	1.98292163154189	0.206	0.022
22	INA	2.47886338065869e-07	2.23059784095986e-11	1.75100408174671	0.294	0.043
22	SET	2.61554100544207e-07	2.35358679514269e-11	0.983730156484898	0.471	0.095
22	BNIP3L	2.70680680222379e-07	2.43571205095275e-11	1.19934153443691	0.676	0.18
22	SLC29A2	2.77098957989866e-07	2.49346673256426e-11	0.86689669152274	0.412	0.076
22	SKI	2.77694142313657e-07	2.49882248100114e-11	1.08640438545712	0.647	0.166
22	PVALB	2.99037039537049e-07	2.69087590692926e-11	1.5461101924841	0.324	0.051
22	TUBB4B	3.36016607311258e-07	3.0236354477752e-11	1.20552007064412	0.941	0.398
22	CFL1	3.37504728002144e-07	3.03702625755551e-11	1.49498921815546	0.853	0.318
22	NDUFA1	3.59160707422547e-07	3.23189694432238e-11	1.57624721324668	0.412	0.08
22	CORO2A	3.61913264081328e-07	3.25666574355555e-11	2.21093828022234	0.235	0.029
22	SNRPD2	3.65217987813751e-07	3.28640320177945e-11	1.57945658213563	0.176	0.017
22	METAP2	3.82540177548457e-07	3.44227641094625e-11	1.5657985360559	0.294	0.044
22	CHRM2	3.84361436998631e-07	3.45866495994449e-11	1.08967118850731	0.941	0.357
22	NDUFV1	3.85159078645039e-07	3.46584251457788e-11	1.21383588003802	0.441	0.087
22	CSTB	3.91994763810732e-07	3.52735322424847e-11	1.83798616405308	0.206	0.023
22	NOLC1	4.3671476519581e-07	3.92976482674174e-11	1.5080090238682	0.176	0.017
22	GRIK3	4.36840031900275e-07	3.93089203545645e-11	1.50119567481809	0.824	0.328
22	SPRY4	4.838283017672e-07	4.35371458442544e-11	1.38401439522781	0.382	0.069
22	CERKL	4.92049555175407e-07	4.42769328871958e-11	0.766529926035736	0.206	0.023
22	SLC25A3	5.33874457167274e-07	4.80405342542315e-11	1.21724083494005	0.765	0.233
22	MKNK1	5.69707613532627e-07	5.1264970173007e-11	1.00730184337895	0.588	0.138
22	EFR3B	5.74503954888287e-07	5.16965675234669e-11	1.15662584446855	0.647	0.178
22	FNDC10	5.99169172625075e-07	5.39160598060897e-11	1.88753166529244	0.265	0.037
22	NDUFA11	6.15318667956745e-07	5.53692673406591e-11	1.35315216682309	0.441	0.091
22	GPR12	6.16474332632007e-07	5.54732594827686e-11	1.25712799127559	0.441	0.089
22	OGDH	6.35989455152768e-07	5.72293219790127e-11	0.90147653418445	0.647	0.163
22	FAM219A	6.59521344946138e-07	5.93468320836982e-11	1.82813814675907	0.5	0.117
22	CIAPIN1	6.59799739626611e-07	5.93718833462262e-11	1.28730896149875	0.324	0.053
22	TMEM151A	6.75298315844816e-07	6.07665181179534e-11	1.21871493612971	0.618	0.159
22	SRPK1	7.09557748344807e-07	6.38493429627289e-11	1.4128273581044	0.471	0.101
22	ALCAM	7.10097137263837e-07	6.38978797141939e-11	2.00999927277697	0.176	0.017
22	IFFO1	7.23627392194887e-07	6.51153956802742e-11	0.75276297349933	0.676	0.172
22	PCGF3	7.24186542519642e-07	6.51657106559562e-11	0.796213837305119	0.647	0.166
22	SLC16A7	7.28082921248244e-07	6.55163251370687e-11	1.18000619269495	0.706	0.198
22	RPS7	7.62851321550287e-07	6.86449492981452e-11	0.818986294669575	0.618	0.152
22	PSMD12	7.90048464786219e-07	7.10922761438152e-11	1.58253071673134	0.294	0.045
22	ARL10	7.96566059783547e-07	7.16787599913207e-11	1.24561743579051	0.529	0.121
22	SAP18	8.11732128992257e-07	7.3043474218686e-11	1.61749687742497	0.235	0.03
22	GRB10	8.19351788794079e-07	7.37291270398703e-11	0.966592448354569	0.294	0.045
22	DUSP6	8.29607510211512e-07	7.46519850815722e-11	0.385426581392584	0.206	0.023
22	TUBA4B	8.38187310337709e-07	7.54240358443002e-11	1.10592412305925	0.265	0.036
22	RPL10A	8.76703158817174e-07	7.88898730151331e-11	0.794194643004881	0.5	0.108
22	SLC25A1	8.83980474949864e-07	7.95447201430634e-11	0.610999528667001	0.206	0.023
22	TBC1D24	8.88257518605175e-07	7.99295886443962e-11	1.76576515519415	0.353	0.063
22	CLUH	9.04631055343589e-07	8.14029564783217e-11	0.982293329613471	0.5	0.111
22	ANKRD46	9.16423120009603e-07	8.24640619103395e-11	1.31833088675535	0.382	0.07
22	ONECUT2	9.17707777894867e-07	8.25796614680884e-11	1.49768104439933	0.529	0.126
22	LRTM2	9.28250008399808e-07	8.35283009448221e-11	1.61086085575612	0.559	0.138
22	MAFG	9.92641686664234e-07	8.93225669633973e-11	1.64685523862321	0.471	0.104
22	PNPO	1.01003731206281e-06	9.08879071414392e-11	2.09523009537939	0.265	0.038
22	CNBP	1.02957569491113e-06	9.26460627113412e-11	1.54607580369736	0.441	0.093
22	CDS2	1.06592979686182e-06	9.59173757636837e-11	1.46612779492094	0.794	0.262
22	NT5C3A	1.1263804946033e-06	1.01357013821947e-10	1.24965825163832	0.265	0.037
22	MRPL35	1.13250516612974e-06	1.0190814056778e-10	1.89753194985186	0.206	0.024
22	USP10	1.13871338991346e-06	1.02466785738636e-10	0.863320129155452	0.529	0.12
22	RANBP2	1.1435199426608e-06	1.02899301958139e-10	1.00569970657869	0.471	0.1
22	NDUFB9	1.17020761562442e-06	1.05300784272872e-10	1.29894174314524	0.353	0.062
22	UQCRB	1.18380721845061e-06	1.06524540488672e-10	1.30685236483812	0.529	0.126
22	SS18	1.2058773883205e-06	1.08510518160758e-10	0.699312179190781	0.559	0.13
22	MIF	1.21732438725631e-06	1.09540572955665e-10	1.35011832651656	0.324	0.053
22	GNG3	1.25390626784309e-06	1.12832382600836e-10	1.3079626371629	0.412	0.082
22	GSG1	1.32542748481725e-06	1.19268198039886e-10	2.10256605655741	0.118	0.008
22	FHDC1	1.35514297174272e-06	1.21942137293505e-10	0.453665932240863	0.324	0.053
22	SV2A	1.37139095692744e-06	1.2340420740821e-10	1.25229492369172	0.971	0.437
22	G6PD	1.40202796817255e-06	1.26161069753672e-10	1.48900269265305	0.324	0.054
22	ATP6V0D1	1.4611174295356e-06	1.31478217361253e-10	1.43692135393397	0.588	0.154
22	NDUFS3	1.53737625984639e-06	1.38340345527435e-10	1.3415033753194	0.353	0.063
22	RPL6	1.54608853961027e-06	1.39124317430961e-10	1.00660905098768	0.618	0.16
22	LRRFIP1	1.55608067580913e-06	1.4002345683516e-10	1.0327467578081	0.441	0.093
22	RPL3	1.68460107185046e-06	1.51588326451045e-10	0.945742917408443	0.441	0.09
22	FARSB	1.79031827356329e-06	1.61101257406937e-10	2.38371961451766	0.176	0.018
22	SRP54	1.79636144738391e-06	1.61645050605949e-10	1.51522758962764	0.324	0.055
22	TCP1	1.86062180932124e-06	1.67427500163883e-10	1.41647921977816	0.324	0.054
22	ATXN7L3	1.92863424937825e-06	1.73547579355552e-10	0.90407978255216	0.412	0.081
22	YWHAG	2.00953525482445e-06	1.80827432270714e-10	1.63607267402356	0.971	0.544
22	HACD4	2.02710628763848e-06	1.82408556432869e-10	2.18308120963413	0.147	0.013
22	SNAPC5	2.05638962880549e-06	1.85043609178934e-10	1.2100774691354	0.235	0.031
22	MPI	2.13505961236769e-06	1.92122704253369e-10	1.14230835617154	0.265	0.038
22	NDUFB4	2.15992625167767e-06	1.94360321396353e-10	1.64913434947622	0.324	0.055
22	EPN2	2.16180164017898e-06	1.94529077672904e-10	0.752128074950207	0.324	0.054
22	NAV1	2.22960036347866e-06	2.00629925625723e-10	0.228938815373713	0.735	0.197
22	DNAJC9	2.23693470884374e-06	2.01289904512169e-10	1.14249286845783	0.294	0.046
22	ZNF512	2.31009922356429e-06	2.07873591610213e-10	1.2096725977368	0.353	0.064
22	MTURN	2.41957582769667e-06	2.17724811274784e-10	1.10137471354834	0.529	0.126
22	PLPP6	2.42425065152791e-06	2.18145473906948e-10	1.43231865477247	0.412	0.085
22	ATP13A5	2.59623442012982e-06	2.33621382176713e-10	1.54332452893962	1	0.669
22	NAB1	2.70170238495884e-06	2.43111885625739e-10	1.42717404233447	0.412	0.085
22	POLR3D	2.73834983966716e-06	2.46409595938735e-10	2.02268782897525	0.147	0.013
22	SGK1	2.74267303993596e-06	2.46798617829206e-10	0.714356641566519	0.706	0.196
22	RELL2	2.83225665222549e-06	2.54859772538963e-10	1.74939267340776	0.324	0.057
22	RPS9	2.92906106713449e-06	2.6357068902497e-10	1.12881490478366	0.588	0.153
22	ATG3	2.94405746987702e-06	2.64920135865834e-10	1.65910090091308	0.294	0.048
22	ACP1	2.99611186349328e-06	2.69604234994446e-10	0.94357386557283	0.382	0.073
22	TLCD3B	3.07034085070393e-06	2.76283708332937e-10	1.34735098758243	0.529	0.132
22	DNAJC5G	3.14735547050251e-06	2.83213845991407e-10	0.993245192883273	0.529	0.124
22	IL12RB1	3.45182616988236e-06	3.10611551325687e-10	1.09301296147084	0.471	0.105
22	FGD3	3.60610777039272e-06	3.2449453526435e-10	0.715787868086637	0.5	0.113
22	MRPS2	3.60981466875167e-06	3.2482809941075e-10	2.30418524203796	0.118	0.008
22	MRPL18	3.67796141459764e-06	3.30960264068896e-10	2.05670831220701	0.176	0.019
22	CHCHD10	3.7534770018006e-06	3.3775551172506e-10	2.26865025447151	0.118	0.008
22	AGFG1	3.7769380690148e-06	3.39866648881022e-10	1.1143661665584	0.471	0.105
22	ENSA	3.78591644375013e-06	3.40674565261417e-10	1.2676649159632	0.382	0.075
22	PPIAL4F	3.82568347647522e-06	3.44252989874491e-10	1.00002775429323	0.912	0.314
22	SNCA	3.89943054719169e-06	3.50889098100575e-10	1.31405212118296	0.441	0.094
22	ALDH2	3.94451874371168e-06	3.54946346055222e-10	0.795725675242122	0.441	0.093
22	AP2S1	3.98990407036636e-06	3.59030331176672e-10	1.50698032318131	0.382	0.075
22	DLGAP1	4.12210153197145e-06	3.70926080443755e-10	1.56801123964667	0.912	0.476
22	NAT16	4.3647218916063e-06	3.92758201350337e-10	1.11239651303574	0.882	0.312
22	FEM1C	4.40548365283668e-06	3.96426136312128e-10	1.95227986067372	0.235	0.032
22	RAB14	4.45354796803979e-06	4.0075118942138e-10	1.00712157400031	0.441	0.094
22	DDX55	4.52573568421712e-06	4.0724697959301e-10	2.41482930112572	0.147	0.013
22	RPS8	4.5687156281622e-06	4.11114517066696e-10	0.952263273913296	0.647	0.176
22	POLR2K	4.82042655844396e-06	4.33764650269411e-10	2.61812588119132	0.147	0.013
22	MRPL54	4.89697734259191e-06	4.40653049814803e-10	2.22985408022829	0.147	0.013
22	RGS7	4.90367727694958e-06	4.41255941415422e-10	0.827757892086443	0.824	0.256
22	CTSD	5.05276579750789e-06	4.54671627599019e-10	1.02409311655158	0.471	0.105
22	PRKAA2	5.14129992402544e-06	4.626383446437e-10	1.16567489482929	0.265	0.04
22	SLC16A3	5.14365640781567e-06	4.62850392136747e-10	1.33397189491811	0.5	0.117
22	NTNG1	5.22481266716282e-06	4.70153213998274e-10	0.885691559822757	0.824	0.311
22	NDUFA5	5.24841287020291e-06	4.72276871250149e-10	1.00843418837579	0.382	0.075
22	NAV2	5.25968118523158e-06	4.73290847226813e-10	1.20950836843335	0.794	0.286
22	PDE4A	5.55405110453663e-06	4.99779636870029e-10	0.766564540606364	0.794	0.251
22	PSMD6	5.75651406222121e-06	5.17998205904905e-10	1.64572551097004	0.265	0.04
22	RIMKLA	5.8731971743392e-06	5.2849790104735e-10	0.911018866444772	0.471	0.106
22	AXIN1	6.00246704907727e-06	5.40130212280867e-10	0.848884679450558	0.676	0.196
22	EIF3G	6.07290396672249e-06	5.46468457367271e-10	1.22623477808516	0.265	0.04
22	GATC	6.12716708684005e-06	5.51351308093229e-10	2.16842187452303	0.176	0.019
22	ATP6V1H	6.42657122964854e-06	5.78293100841225e-10	1.09797879781596	0.735	0.227
22	RHOB	6.48236240571347e-06	5.83313453227164e-10	1.60120089771148	0.235	0.032
22	C9orf72	6.51647035358794e-06	5.86382646772964e-10	1.24195950861265	0.265	0.04
22	THEM6	6.66180746350194e-06	5.99460763385399e-10	1.73359697708462	0.324	0.058
22	EIF5AL1	6.67664798118016e-06	6.00796182955112e-10	1.65879373231517	0.324	0.057
22	MTSS1	6.68040513078221e-06	6.01134268944678e-10	1.24616326877898	0.882	0.36
22	CACYBP	6.68439594795039e-06	6.0149338144069e-10	1.78652126110605	0.382	0.078
22	F3	6.73967044852289e-06	6.06467240936101e-10	0.679217979542174	0.382	0.076
22	EMC7	7.04844909108372e-06	6.34252595256342e-10	0.886091977031679	0.559	0.139
22	NDUFA12	7.05019646491438e-06	6.34409832170826e-10	1.30729222139485	0.324	0.057
22	PLS3	7.0942116379012e-06	6.38370524421957e-10	2.00654702708075	0.294	0.05
22	PRKAR1A	7.11780541965463e-06	6.40493603856261e-10	0.855506642874508	0.647	0.174
22	ATP6V1D	7.85933829509868e-06	7.07220219121631e-10	1.48363405687408	0.441	0.098
22	DOCK10	7.89634660766766e-06	7.10550401121898e-10	1.15083185963575	0.618	0.167
22	CCDC47	8.54434458650895e-06	7.68860306533694e-10	1.08121082642747	0.353	0.066
22	EAF1	8.61343977273335e-06	7.75077816317228e-10	1.01059435386267	0.265	0.04
22	MGAT3	8.64744555033269e-06	7.78137816101205e-10	1.22126059765551	0.794	0.289
22	KCTD1	8.71934936067211e-06	7.84608059090444e-10	2.93841513300031	0.118	0.009
22	PPP1R11	9.04002133634191e-06	8.13463631453425e-10	1.33641278019537	0.206	0.026
22	CHCHD2	9.46397755881997e-06	8.51613206048769e-10	1.3471034304786	0.206	0.026
22	RPL7	9.48431816737659e-06	8.53443549660451e-10	0.49167056061886	0.618	0.159
22	CHCHD1	9.62170225118342e-06	8.65806015583858e-10	0.783622271508364	0.265	0.04
22	BAG3	1.02263785985348e-05	9.20217636869865e-10	2.05963207110199	0.206	0.026
22	EXOSC1	1.04117444371812e-05	9.36897726732768e-10	1.86208615228266	0.118	0.009
22	SYN3	1.05555841318155e-05	9.49841098876586e-10	0.992918952839773	0.824	0.272
22	TIMP2	1.09437771637028e-05	9.84772533402572e-10	1.25663297174697	0.824	0.325
22	ATP5F1A	1.09507372073749e-05	9.85398830862498e-10	1.10784013978522	0.353	0.067
22	UBE2D4	1.12273200398372e-05	1.01028705478603e-09	1.30533267835009	0.294	0.049
22	PALM	1.12939783656132e-05	1.01628528440684e-09	1.09548981044047	0.765	0.244
22	PPIF	1.13141491073825e-05	1.01810034260618e-09	1.7960293451388	0.176	0.02
22	VCP	1.14501884638315e-05	1.03034180363821e-09	1.32020425794393	0.471	0.112
22	ACADVL	1.14787561001958e-05	1.03291245390046e-09	0.906463384588903	0.559	0.144
22	ANOS1	1.2173043246866e-05	1.09538767631297e-09	1.05572058451483	0.382	0.077
22	RPL10L	1.25508485490427e-05	1.12938437407025e-09	1.06843529332952	0.559	0.146
22	NDUFAF5	1.40121937022079e-05	1.26088308307459e-09	2.10907536845653	0.176	0.02
22	NDUFA7	1.44882491639948e-05	1.30372079222485e-09	1.36794979852601	0.294	0.05
22	GPATCH2L	1.46280285801325e-05	1.31629880141569e-09	0.664025450153351	0.529	0.128
22	AK1	1.46628264471222e-05	1.31943007712789e-09	0.861817889322421	0.382	0.077
22	LRIG2	1.47014003450944e-05	1.32290113786506e-09	1.07521997148958	0.294	0.049
22	FTH1	1.48696598064705e-05	1.33804191545672e-09	1.24994782654227	0.735	0.232
22	FBXL14	1.50333684392724e-05	1.35277318809254e-09	1.27509660399421	0.294	0.05
22	DLG5	1.53430743939142e-05	1.3806419863146e-09	0.659295708375477	0.412	0.087
22	PPP2R2D	1.5428677585607e-05	1.38834496406074e-09	1.31186581514082	0.324	0.059
22	EFHD1	1.59088987542813e-05	1.43155752310639e-09	0.820489714893689	0.588	0.154
22	RPL8	1.6457373312607e-05	1.4809118431213e-09	1.0514662499638	0.5	0.122
22	FOXRED2	1.65854857099892e-05	1.49243999909918e-09	1.07161775078709	0.265	0.041
22	ZNRF2	1.66755123371025e-05	1.5005410183661e-09	0.471469682748888	0.412	0.088
22	RPL13	1.78956123498799e-05	1.61033135515881e-09	0.706264597263303	0.559	0.141
22	RPS25	1.7966024425534e-05	1.61666736484604e-09	0.799202171706872	0.647	0.182
22	FBXO31	1.79710241147371e-05	1.61711726039208e-09	1.12437306568201	0.382	0.079
22	RALGPS2	1.80782835429675e-05	1.62676896814249e-09	0.673841800602403	0.559	0.143
22	MAPRE2	1.82473763575348e-05	1.64198473477322e-09	1.20606312693983	0.5	0.125
22	CCT4	1.84395761806671e-05	1.65927977869766e-09	1.28328322473696	0.353	0.069
22	FERMT2	1.86621564801201e-05	1.67930860074868e-09	1.15725403919959	0.265	0.041
22	KLHL32	2.05951982000929e-05	1.8532527850349e-09	1.52735383661729	0.265	0.042
22	PSMD2	2.12487357397538e-05	1.9120611661796e-09	1.00154782019673	0.353	0.068
22	PACSIN1	2.20623002741534e-05	1.9852695288539e-09	1.13416583914682	0.853	0.378
22	PSMD7	2.20711758021456e-05	1.9860681906007e-09	0.958042157317212	0.324	0.059
22	TMEM42	2.30513258661261e-05	2.0742667026119e-09	1.902010406852	0.206	0.027
22	MCRIP1	2.42695077751076e-05	2.18388443940498e-09	2.02748307469416	0.176	0.02
22	FAM131B	2.43530279766717e-05	2.19139997990387e-09	0.815662488564425	0.941	0.449
22	MRPS17	2.5016409104914e-05	2.25109413343957e-09	2.28178499853077	0.118	0.009
22	TASOR2	2.5028031855978e-05	2.25214000323747e-09	0.409174034584839	0.441	0.098
22	RAB10	2.54444086412526e-05	2.28960754443018e-09	0.602899197919055	0.529	0.132
22	INPP5A	2.57332573037248e-05	2.31559950541931e-09	0.951950153964371	0.588	0.161
22	PSMB4	2.6215366726675e-05	2.35898197846441e-09	0.770710511636244	0.324	0.059
22	DNM1L	2.66403287504561e-05	2.39722205979089e-09	1.01529172204615	0.529	0.137
22	CCT7	2.76963741704106e-05	2.49224999283817e-09	1.29272884563159	0.353	0.07
22	MAP1A	2.80493177719255e-05	2.52400951785526e-09	1.24101715221166	0.971	0.625
22	FGF6	2.85903967994039e-05	2.5726983532263e-09	1.26100451852029	0.265	0.042
22	CORO2B	2.97333013975629e-05	2.67554228359245e-09	1.24056305933338	0.588	0.175
22	DCUN1D2	3.01630156709423e-05	2.71420999468571e-09	1.3627465222138	0.235	0.035
22	GOLGA7B	3.03482909882442e-05	2.73088193901234e-09	1.77171833357523	0.294	0.052
22	OSBPL8	3.07469960768602e-05	2.76675929783678e-09	1.1878187670965	0.882	0.388
22	RAB3A	3.08553199026847e-05	2.77650678508816e-09	1.06092305195849	0.735	0.261
22	DIPK1B	3.09040738352937e-05	2.78089389321459e-09	1.75783776093619	0.235	0.035
22	ATP5PF	3.26161154955099e-05	2.93495145284891e-09	1.4007520452999	0.618	0.197
22	TMED8	3.75061513755086e-05	3.37497987721665e-09	1.08318107522996	0.235	0.035
22	NDUFA3	3.77399921067699e-05	3.39602196587509e-09	1.09914738989648	0.382	0.08
22	SUGT1	3.7929419413868e-05	3.41306752576874e-09	0.691630548839513	0.324	0.06
22	RNF8	3.86854249103225e-05	3.48109645553158e-09	1.33529208247144	0.235	0.035
22	CHRM3	3.88385622908688e-05	3.49487647717707e-09	1.50840865290706	0.382	0.083
22	HARS2	3.95807019141838e-05	3.56165769046916e-09	1.61287993013058	0.294	0.053
22	SHH	4.03818480592997e-05	3.633748588077e-09	0.906483360487196	0.265	0.043
22	DNAJC19	4.31317938258367e-05	3.8812016400465e-09	1.20501188829948	0.235	0.035
22	SAMM50	4.32964352201827e-05	3.89601684695246e-09	0.885506564617132	0.265	0.043
22	STXBP1	4.40870855656813e-05	3.96716328315318e-09	1.16110288665519	1	0.483
22	NSFL1C	4.47857213144422e-05	4.03002981323155e-09	1.39634121562696	0.294	0.053
22	NDUFA4	4.52033695919831e-05	4.0676117692777e-09	1.3587490578874	0.735	0.275
22	KCNF1	4.55035184663433e-05	4.0946205764729e-09	1.45233959699606	0.294	0.052
22	RB1CC1	4.59414652189093e-05	4.13402908475742e-09	0.681071713038301	0.412	0.089
22	SKP1	4.69136507641309e-05	4.22151091191675e-09	1.14604677505113	0.412	0.092
22	MTCL1	4.70253996204357e-05	4.2315665995173e-09	0.921301600502936	0.735	0.238
22	FOXJ3	4.73411744185865e-05	4.25998150081765e-09	0.546539166997396	0.588	0.158
22	SRSF9	4.75433541531205e-05	4.27817458410155e-09	1.30210076278795	0.294	0.052
22	DNAJC8	4.77873124891784e-05	4.30012710241864e-09	0.930734804130846	0.265	0.043
22	CTSZ	4.93385042553232e-05	4.43971063217162e-09	0.53449878201343	0.235	0.035
22	GLS	5.2361993418304e-05	4.71177840531845e-09	1.50682846742373	0.882	0.397
22	CHST8	5.26992339309207e-05	4.74212489255113e-09	0.808786891607439	0.882	0.323
22	ARL1	5.28135417274215e-05	4.75241084562418e-09	1.57979889469802	0.265	0.044
22	POLR2F	5.37506838461347e-05	4.83673930047104e-09	1.05854884640404	0.176	0.021
22	GRINA	5.49196546644796e-05	4.94192879190854e-09	0.945295114451671	0.676	0.204
22	SYN2	5.5502981233452e-05	4.99441925973653e-09	1.07694344713653	0.706	0.223
22	CHST11	5.59327480096554e-05	5.03309169528078e-09	1.1054932628128	0.618	0.185
22	CCDC136	5.8297420331184e-05	5.24587603088131e-09	0.867899065620321	0.882	0.364
22	RAB3B	5.914135644586e-05	5.3218173711743e-09	1.45301215442024	0.5	0.136
22	IRF2BP2	6.04938467030118e-05	5.44352080473425e-09	0.985576613494169	0.676	0.207
22	RPS12	6.05703373344335e-05	5.45040379145447e-09	0.676156985412596	0.618	0.17
22	ZNF142	6.07292080967179e-05	5.46469972975055e-09	1.8396848884663	0.118	0.01
22	ANO1	6.07702445468748e-05	5.46839238251371e-09	0.948580516789597	0.382	0.081
22	AMIGO3	6.12508587945484e-05	5.5116403126562e-09	2.24173799515264	0.118	0.01
22	YWHAB	6.54102795709258e-05	5.88592455420911e-09	1.27949898351198	0.941	0.535
22	RNASEK	6.65176020054375e-05	5.98556663416157e-09	1.04341726428572	0.794	0.278
22	BBLN	6.77095271139703e-05	6.09282166057503e-09	2.0028824082987	0.206	0.028
22	CRACD	7.11661582144665e-05	6.40386558215302e-09	0.902000168701651	0.735	0.232
22	SF3A1	7.2452335023578e-05	6.51960181981265e-09	1.54613742614625	0.206	0.028
22	LRSAM1	7.27190257466462e-05	6.54359990521427e-09	0.690822513995996	0.441	0.101
22	NOSIP	7.3024626579453e-05	6.57109930526887e-09	1.58189796507574	0.294	0.054
22	FABP3	7.41221415936504e-05	6.66985886742107e-09	1.27335067596453	0.441	0.108
22	MOB1B	7.41814374363731e-05	6.67519458619393e-09	0.637230893618416	0.265	0.044
22	UPRT	7.47488530102244e-05	6.72625330785786e-09	1.47512192072842	0.206	0.028
22	KARS1	7.47856925173821e-05	6.72956829995339e-09	1.43772339931672	0.176	0.021
22	LYRM7	7.5231094304213e-05	6.76964764727913e-09	1.18253343941316	0.176	0.021
22	FSCN1	7.55293442884327e-05	6.79648558340976e-09	0.941761972241979	0.618	0.184
22	CLU	7.58650812105467e-05	6.82669677049822e-09	0.916551382305042	0.941	0.408
22	MBNL2	7.66686098602516e-05	6.89900205707294e-09	0.813026503715458	0.912	0.412
22	MGAM2	7.7017264551326e-05	6.93037564575956e-09	0.890782296759011	0.294	0.053
22	KIAA1143	7.79847310868594e-05	7.01743283423553e-09	1.11240307571482	0.294	0.053
22	RPLP0	7.80588923963438e-05	7.02410621761395e-09	0.937044752578232	0.559	0.154
22	STXBP5L	7.82647220013246e-05	7.04262773340453e-09	0.809815628635587	0.941	0.452
22	ITGB4	7.85320776670768e-05	7.06668565347582e-09	1.24081214132258	0.147	0.015
22	KHDRBS3	7.87989225037918e-05	7.09069760674811e-09	1.4694390777319	0.529	0.152
22	TMEM248	8.02616353124722e-05	7.22231938382725e-09	0.683218264948332	0.471	0.112
22	AP3D1	8.03238560390603e-05	7.22791829740487e-09	0.924970948941227	0.647	0.198
22	SRP14	8.27183773826185e-05	7.44338858837564e-09	0.693175353487818	0.176	0.021
22	WBP2NL	8.27949756276822e-05	7.45028125867742e-09	1.1894340006138	0.324	0.063
22	SCAMP5	8.60822535939599e-05	7.74608598883829e-09	1.02203996397733	0.882	0.357
22	DYNLRB1	8.75087606804456e-05	7.87444980477329e-09	1.16362400185055	0.324	0.063
22	ZNF143	8.96117988298718e-05	8.06369106720704e-09	1.3131206174765	0.235	0.036
22	NELL2	8.98001774531763e-05	8.08064226160139e-09	1.375733896573	0.706	0.254
22	DNAJB4	9.05162707611639e-05	8.14507970495491e-09	0.851889974753214	0.353	0.072
22	IPO5	9.26505352833393e-05	8.33713086325379e-09	1.21925438353231	0.265	0.045
22	FAM168A	9.94823153117468e-05	8.95188655734246e-09	1.01379531016937	0.735	0.255
22	SMU1	0.000100490083928569	9.04257031661735e-09	1.13310771508868	0.324	0.063
22	RGS17	0.000101679056278682	9.14955963994257e-09	0.903386797953746	0.5	0.127
22	PARD6A	0.000102705225119972	9.24189913794406e-09	0.588289305607331	0.706	0.206
22	SH3GLB2	0.000104856410426563	9.43547290799627e-09	0.767103068138779	0.706	0.238
22	MID2	0.000106258083312239	9.56160202575712e-09	1.2141030521016	0.618	0.192
22	LGALS3	0.000106377154513266	9.57231661236982e-09	1.44844620108359	0.206	0.029
22	SYTL5	0.000107916076937919	9.71079608907759e-09	0.688757140405019	0.647	0.186
22	CHP1	0.000110117370475305	9.90887883337575e-09	0.526831156886306	0.265	0.044
22	PFKFB2	0.000110326692318634	9.92771459719556e-09	0.858731958846838	0.441	0.105
22	C1orf198	0.000110863782399183	9.97604448836344e-09	0.657628946438466	0.353	0.072
22	FBXO7	0.000110927532914491	9.98178105952408e-09	1.95502746027258	0.147	0.016
22	HS6ST1	0.000110980385383401	9.98653697322067e-09	0.530266430259145	0.647	0.195
22	NFE2L3	0.00011476429202748	1.03270306872564e-08	1.60167973520982	0.147	0.016
22	DNAJB2	0.000115226055196908	1.03685823087293e-08	0.761902624858242	0.265	0.045
22	CPEB3	0.000115839836972951	1.04238132793081e-08	1.57227754259077	0.618	0.208
22	ATP1B3	0.000116495813161348	1.0482841101534e-08	1.53468585790103	1	0.613
22	HERPUD2	0.000116854381177797	1.05151067378563e-08	0.731527010936723	0.353	0.073
22	FN3KRP	0.0001181032734011	1.06274879331504e-08	2.7759791413554	0.118	0.01
22	NCOA6	0.000118437455017683	1.06575591665331e-08	0.673631015542217	0.353	0.072
22	CAPN1	0.000118937420213475	1.07025483859871e-08	0.944160765192905	0.176	0.022
22	AP2B1	0.000119935034510793	1.07923184118414e-08	1.14596498750247	0.647	0.204
22	ELMOD1	0.000120890140175217	1.08782633110067e-08	1.2597832772674	0.794	0.314
22	KCNG4	0.000122506108739704	1.10236757616939e-08	0.462884589477491	0.529	0.136
22	SKIC8	0.000126206193745958	1.13566268105784e-08	1.11823537752673	0.147	0.016
22	DRG1	0.000127816576693221	1.15015366411609e-08	1.00202037820993	0.206	0.029
22	CYC1	0.000128830858294491	1.15928064694044e-08	1.14329585652114	0.382	0.085
22	GTPBP1	0.000128853860436909	1.15948763103491e-08	0.708389498074884	0.382	0.083
22	BRPF1	0.000137747476527429	1.2395165709298e-08	2.06106638757067	0.206	0.03
22	PAFAH1B2	0.000142870065878332	1.28561203885838e-08	1.1014018434544	0.294	0.055
22	EDF1	0.000143303850002791	1.28951543240161e-08	1.09191361830725	0.353	0.074
22	MAD2L2	0.000143664265348052	1.29275861916721e-08	0.907404745419202	0.294	0.054
22	SLC29A4	0.000148751827374353	1.33853889475706e-08	0.501914980895078	0.647	0.184
22	CTPS1	0.000149750932736422	1.34752931464431e-08	1.96797454111773	0.176	0.022
22	LPCAT3	0.000157658854252196	1.41868851122286e-08	1.64315450790497	0.176	0.022
22	VDAC3	0.000158245638949312	1.42396867586891e-08	0.399572048495398	0.588	0.182
22	PHB1	0.000161995671857165	1.45771323546446e-08	0.970377422853728	0.235	0.037
22	RPS23	0.000167637322961341	1.508479465143e-08	0.603379793500706	0.559	0.152
22	AP1S2	0.000168966564231756	1.52044060318326e-08	0.439136671291637	0.618	0.177
22	EIF3L	0.000169805357233766	1.52798845706619e-08	1.29532947073816	0.235	0.037
22	RAB2A	0.000170654703879368	1.53563127759712e-08	1.16125607798953	0.735	0.264
22	DOCK3	0.000171395805676398	1.54230006007737e-08	1.00008547708259	0.735	0.262
22	SNAPIN	0.000173825576729427	1.5641642826368e-08	1.02821031792511	0.294	0.055
22	ANP32E	0.000174882337409137	1.57367351218516e-08	0.50653464295127	0.441	0.105
22	MAP7D1	0.000174980394472902	1.57455587575724e-08	1.04372717798444	0.882	0.352
22	FAM174B	0.000175622210884518	1.58033124164959e-08	1.38468594526249	0.324	0.065
22	IARS2	0.000176797031055665	1.59090282602056e-08	1.51522634702284	0.206	0.03
22	SEZ6L2	0.000183180849655161	1.64834742783372e-08	1.02820410134562	0.912	0.376
22	SNAPC1	0.000184943074756106	1.6642047579961e-08	1.27761458557315	0.176	0.022
22	SCN8A	0.000187887729188698	1.69070214333392e-08	1.01659581415076	0.794	0.279
22	LDHB	0.000188859972735945	1.69945084797935e-08	0.970995163744182	0.647	0.199
22	SCN1B	0.000190349818803216	1.71285718350774e-08	1.03586697699896	0.912	0.467
22	STARD7	0.000192476521306864	1.73199425273881e-08	0.992051733441762	0.235	0.037
22	FZD3	0.000193006789011981	1.73676585091317e-08	1.07326133296986	0.353	0.076
22	G3BP1	0.000196015474211909	1.7638394152066e-08	1.04638076699359	0.294	0.055
22	KCNA3	0.000198681924390809	1.78783338784135e-08	1.02612285011953	0.353	0.075
22	AP3M2	0.000202955890467097	1.82629254447131e-08	0.939710711412892	0.265	0.046
22	ZNF365	0.000210339733005576	1.89273583195875e-08	1.29380342223393	0.441	0.112
22	NAPG	0.000210402281537839	1.89329867306613e-08	1.09116798366804	0.676	0.217
22	MPP1	0.00021204154981141	1.90804957987411e-08	0.340110066371955	0.353	0.073
22	TPK1	0.000215114281568438	1.93569946520686e-08	1.10977414615042	0.235	0.038
22	ZBTB5	0.000219880382188416	1.97858707989216e-08	1.09745364708478	0.324	0.065
22	ISOC2	0.000222621395225282	2.00325200418683e-08	1.92885509113199	0.176	0.023
22	ELOC	0.000222732554399695	2.00425226671191e-08	1.2693790333659	0.294	0.056
22	STX1B	0.000224488419097845	2.0200523629789e-08	1.14953348500198	0.882	0.416
22	RPLP1	0.00022494255114922	2.02413885673733e-08	0.615242222363221	0.618	0.18
22	LGI2	0.00022643218427946	2.03754327615819e-08	1.11146367034629	0.441	0.116
22	ATP2B4	0.000231671080139905	2.08468532475394e-08	0.901643358850098	0.912	0.402
22	PSMD1	0.00023192081711636	2.0869325755094e-08	2.07203114731231	0.235	0.039
22	NDRG4	0.000237504914415787	2.13718090898755e-08	1.08661610348531	0.853	0.411
22	GPR137C	0.000237972475549158	2.14138824394095e-08	0.933221003490357	0.441	0.109
22	MAP3K12	0.000240326578546418	2.1625715697509e-08	1.28873338906	0.529	0.156
22	EIF1AX	0.00024668350690035	2.21977420048907e-08	0.925622819665543	0.294	0.055
22	ATG13	0.00024706140913098	2.2231747424726e-08	0.811570988601396	0.294	0.056
22	SNCG	0.000254334197754229	2.28861871460658e-08	1.2162750854761	0.824	0.33
22	IGFBP5	0.000257663357968045	2.31857606378156e-08	1.8156400982432	0.324	0.069
22	C16orf89	0.00026200044474604	2.35760321016863e-08	0.894793122036003	0.441	0.109
22	HAS3	0.000263033285280973	2.36689719500561e-08	2.13526726019078	0.118	0.011
22	MRPL16	0.000266511010303502	2.39819140019348e-08	1.58353888590503	0.206	0.03
22	BTBD1	0.000268263847827781	2.41396425652642e-08	0.773751409395705	0.235	0.038
22	SCARB2	0.000279781519226001	2.5176056800684e-08	0.530024862127434	0.588	0.166
22	ARHGDIG	0.000283833674321271	2.55406887718231e-08	1.00999412899836	0.588	0.174
22	GRB2	0.000288740378019576	2.59822170448642e-08	0.564460838089814	0.559	0.154
22	MBLAC1	0.000291483682307755	2.62290724653788e-08	1.93615452432735	0.118	0.011
22	KLHL8	0.000294852409757428	2.653220640308e-08	0.53992531330376	0.353	0.075
22	BANF1	0.00029563995449063	2.66030733816818e-08	1.89194069862685	0.176	0.023
22	EIF4B	0.000300078701245933	2.70024926883769e-08	0.805314355210462	0.382	0.086
22	SEZ6L	0.0003004333973953	2.70344099158913e-08	0.388279883410236	0.882	0.315
22	MIB1	0.000300565299352629	2.7046279074294e-08	0.290820812365304	0.588	0.165
22	PCYOX1L	0.000311625738972698	2.80415494441373e-08	1.17704678148703	0.353	0.077
22	MRPL23	0.000312730110480343	2.81409259858133e-08	1.11237049735148	0.382	0.087
22	MAPRE3	0.000314474023474395	2.82978514779443e-08	1.11849406878975	0.647	0.198
22	CNRIP1	0.000316003356634212	2.84354680675076e-08	0.953664799468977	0.441	0.109
22	TET1	0.00031626718103824	2.84592082280428e-08	0.940904551740932	0.294	0.056
22	MAPK8IP2	0.000317700178754268	2.85881561013469e-08	0.787109171746647	0.765	0.259
22	EBNA1BP2	0.000318927730484875	2.86986169787524e-08	1.66987449871992	0.147	0.016
22	PPP6R2	0.000327289313534384	2.94510315427323e-08	0.54722753079858	0.618	0.185
22	TPI1	0.00034384239656025	3.09405557959372e-08	1.7907211654992	0.559	0.167
22	PUSL1	0.00034675728998491	3.12028516138676e-08	1.35186050307067	0.147	0.016
22	NEDD8	0.000346963595521963	3.12214159562641e-08	2.52219832120232	0.176	0.024
22	CLCN2	0.000353307461718249	3.17922668692746e-08	0.6100158021272	0.735	0.276
22	NGEF	0.000354586251743279	3.19073384093656e-08	1.10168592661321	0.412	0.1
22	RHOBTB2	0.000356894515294017	3.21150468185024e-08	0.683568278147034	0.382	0.086
22	NYAP2	0.000363082115388962	3.26718361728572e-08	1.33860192420894	0.265	0.048
22	ARL6IP5	0.000365651872420056	3.29030749950558e-08	0.719743215100511	0.588	0.171
22	RNF141	0.00037417659357773	3.36701694931819e-08	1.00596631600303	0.265	0.047
22	LRRC61	0.000379095483175719	3.41127943107819e-08	1.0473897956207	0.265	0.048
22	ZCCHC17	0.00038054378906642	3.42431196856312e-08	1.04206514555375	0.235	0.039
22	CALCOCO1	0.000381554574727371	3.43340749327248e-08	0.74867204630432	0.324	0.066
22	HIF3A	0.000382188152718454	3.43910872598267e-08	1.19981710233033	0.235	0.039
22	MRPL4	0.000391205614851745	3.52025209081026e-08	1.43490459798466	0.176	0.023
22	KIF5C	0.000391702347959264	3.52472192890547e-08	0.947395253976279	0.794	0.284
22	CDS1	0.000391975205846475	3.52717723248875e-08	0.872978339379035	0.647	0.205
22	MTMR6	0.000394245991066546	3.54761082575854e-08	1.11452513327547	0.265	0.048
22	HNRNPR	0.000404766689830429	3.64228102070034e-08	0.821226388698199	0.529	0.146
22	TMEM14C	0.000406766623056835	3.66027736036025e-08	1.26599952719013	0.206	0.031
22	UBR7	0.000411697083346192	3.70464396064241e-08	1.38290598859186	0.265	0.048
22	SERPINB1	0.000417288616655898	3.75495920683792e-08	2.15882457497079	0.176	0.024
22	PRPS1L1	0.0004564385209998	4.10724845676055e-08	0.798370625347486	0.324	0.067
22	AMER2	0.00045735703684109	4.11551369424179e-08	1.04054370054731	0.265	0.048
22	LPIN1	0.000457429447929592	4.11616528326817e-08	0.737936515291125	0.441	0.109
22	GBA2	0.000460527113749085	4.14403953702047e-08	1.3429906138619	0.235	0.039
22	LMO2	0.0004625389548676	4.16214302949339e-08	1.55518382184666	0.147	0.017
22	PSMC2	0.000492406393879334	4.4309042911845e-08	0.824568087464767	0.294	0.057
22	CABP1	0.000497845733200026	4.4798500242961e-08	1.19728773799936	0.353	0.078
22	CRK	0.000505869127976489	4.55204830357679e-08	1.52316452234294	0.235	0.04
22	C2orf69	0.000509514566693513	4.58485167545679e-08	1.09246245931879	0.176	0.024
22	NR3C2	0.000515942315551008	4.64269158239006e-08	0.522158268088981	0.647	0.196
22	ATAD1	0.000535789621957178	4.8212869788282e-08	0.880525322958335	0.324	0.067
22	AXIN2	0.000542573266578985	4.88232940321232e-08	0.461988411243717	0.794	0.288
22	CHN1	0.000543414085899986	4.88989549086643e-08	1.08956391813219	0.353	0.078
22	NSF	0.000554926069698951	4.99348573471566e-08	0.96056517643686	0.912	0.444
22	PLEKHB2	0.000556860572376066	5.01089329952367e-08	1.6178571467062	0.235	0.04
22	PABPC1L2A	0.000557316648705139	5.01499728880715e-08	1.13065069808902	0.471	0.129
22	GSN	0.000557481278636206	5.01647870634578e-08	0.629265782549827	0.324	0.067
22	PTGES3	0.000559321686892927	5.03303956531024e-08	1.37955843421376	0.412	0.105
22	SLC25A44	0.000565478544962544	5.08844186954508e-08	0.798651815326402	0.147	0.017
22	NAMPT	0.000570989409586284	5.13803122096899e-08	1.08982312268559	0.353	0.078
22	PRCC	0.000585841764724304	5.27167969697025e-08	1.23911884019023	0.176	0.024
22	BGN	0.000587109588965096	5.283088175696e-08	0.910146162744997	0.147	0.017
22	RPL5	0.000601678151214643	5.41418294983031e-08	0.753958715704786	0.5	0.135
22	PSMB7	0.000605617696925824	5.4496328347505e-08	0.83758633140291	0.324	0.067
22	PLPBP	0.000618180465182442	5.56267853129166e-08	0.811028999291966	0.265	0.048
22	PDCD10	0.000628025335808772	5.65126730683678e-08	0.669035542434758	0.206	0.031
22	SLC30A5	0.000630861967500014	5.67679265274916e-08	1.64758072488158	0.206	0.032
22	TMEM266	0.00063280349094928	5.69426339376658e-08	0.602172058242159	0.618	0.19
22	VPS41	0.000653652554038296	5.88187306792311e-08	0.57400725805196	0.382	0.087
22	YIPF4	0.000666034478015338	5.9932914425928e-08	1.04034961038157	0.265	0.049
22	ACTR1A	0.000679397113412888	6.11353471981363e-08	0.893780791071593	0.441	0.112
22	ST6GAL1	0.000684971329065395	6.16369413358585e-08	1.0453393879589	0.647	0.214
22	RAC3	0.000693860593177506	6.24368391233246e-08	0.531701186439333	0.529	0.145
22	ARMC1	0.000699678249056769	6.29603391574524e-08	0.512303759748407	0.353	0.077
22	POLR2E	0.000701615663909369	6.31346768567776e-08	2.33003152673178	0.147	0.017
22	TPPP2	0.000702244321387036	6.3191246412943e-08	0.647591386195065	0.206	0.032
22	EEF1AKMT4	0.00070469014697133	6.34113333007586e-08	0.986892342835698	0.176	0.024
22	ATF4	0.000715400572287867	6.43751077375926e-08	0.529069456817238	0.382	0.089
22	GRIN1	0.000733811190035451	6.60317817003015e-08	1.12443852370336	0.971	0.67
22	DCLK2	0.000735053897501425	6.61436063620467e-08	0.820434652444674	0.559	0.162
22	LARS1	0.0007591841841862	6.83149630330424e-08	1.62428514202028	0.235	0.04
22	RCC1L	0.00075992532586529	6.83816544466202e-08	1.41794110227126	0.147	0.017
22	CAPZB	0.000761385443040441	6.85130426563881e-08	0.782089018892085	0.382	0.089
22	SLC1A1	0.000766606214558283	6.89828322287666e-08	1.62883515946944	0.353	0.083
22	HNRNPU	0.000769882615493761	6.92776581925458e-08	0.656482224086942	0.529	0.146
22	SF3B2	0.000790629038498494	7.1144518896652e-08	0.6368360661901	0.324	0.067
22	CCT6B	0.000791707683527571	7.12415804488051e-08	1.66516796285242	0.265	0.05
22	NUP153	0.0008151098774188	7.3347419906308e-08	0.684011007686165	0.265	0.049
22	RAB35	0.000821002964271823	7.38777075741765e-08	1.02183538004138	0.265	0.049
22	CPT2	0.000846826311157494	7.62014137638346e-08	1.64222272581208	0.176	0.024
22	DYNLL1	0.000866931215070406	7.80105475632508e-08	0.816841609710435	0.529	0.151
22	RABGGTB	0.000872890023818044	7.85467491962606e-08	1.62593300124216	0.235	0.041
22	MRPL38	0.000896406628759405	8.06628838980837e-08	1.23388374658452	0.147	0.017
22	CERS6	0.000900484139254473	8.10297974673331e-08	0.390096667781233	0.353	0.077
22	TRIM23	0.000900694480219165	8.10487249364856e-08	1.33315088652024	0.265	0.05
22	HK1	0.000919111115706454	8.27059404037122e-08	0.930977680713339	0.559	0.166
22	DDA1	0.000950786758782455	8.55562637255876e-08	0.346624206981369	0.294	0.058
22	GMPR2	0.000969414317960753	8.7232459098421e-08	1.52943124213495	0.176	0.024
22	CCT5	0.000971915585888252	8.74575349490013e-08	0.961927308160476	0.324	0.069
22	VWC2L	0.000977253990792732	8.79379097266923e-08	0.674518763465238	0.559	0.161
22	CWC15	0.000978909325067065	8.80868644890727e-08	1.72964208870544	0.235	0.041
22	RPL21	0.00098619591516448	8.87425461319607e-08	0.424765315651985	0.529	0.147
22	COG8	0.000988293308636112	8.89312794597419e-08	2.29961251004623	0.118	0.012
22	GCAT	0.00101774163769906	9.15811785925545e-08	2.23868032805703	0.118	0.012
22	ATP6V0C	0.00102668088585923	9.23855741797205e-08	0.885412240517201	0.971	0.582
22	PRPF40A	0.00102885893318562	9.25815651206357e-08	1.6087514609136	0.294	0.061
22	CIAO2A	0.00104777785281378	9.42839784768995e-08	0.716525581408889	0.176	0.024
22	FEM1A	0.00104803907078556	9.43074840984038e-08	1.27252572912747	0.118	0.012
22	MATCAP1	0.00107679843209375	9.68953866727029e-08	2.20408330868071	0.147	0.018
22	TECR	0.00107887025089014	9.70818186709381e-08	1.10546481767335	0.441	0.12
22	CNOT1	0.0010812010407875	9.72915541066769e-08	0.814966831381178	0.412	0.102
22	ZCCHC4	0.00108648179205989	9.77667409394306e-08	1.09875397863713	0.353	0.082
22	IGLON5	0.00109075549286021	9.81513086349505e-08	0.869207965896238	0.824	0.331
22	TMEM71	0.00110369042327323	9.93152545013256e-08	0.235043525635009	0.294	0.058
22	CYB5R3	0.00111675578781219	1.00490937443732e-07	1.68253970548595	0.235	0.041
22	ARHGEF25	0.00113115580614348	1.01786718810715e-07	0.608589565451148	0.353	0.079
22	CSDE1	0.00114306432424967	1.02858303270915e-07	0.721040822554678	0.382	0.091
22	SLC35A2	0.00114643323306058	1.03161453528352e-07	0.561118637965484	0.382	0.09
22	TPM1	0.00115010304307096	1.03491680290737e-07	0.970028187635689	0.412	0.105
22	ZBTB11	0.00116638725342947	1.04957010116932e-07	1.05031627351063	0.235	0.041
22	MAP1LC3B	0.00116744957388114	1.05052602706843e-07	1.14110135039002	0.441	0.118
22	CAMK2N2	0.00117318608197936	1.05568800682026e-07	0.744038746237655	0.676	0.22
22	TUFM	0.00118069094854695	1.06244123868168e-07	1.21217619653602	0.235	0.041
22	SMARCA1	0.00118663214593657	1.06778740748364e-07	1.47719108755479	0.235	0.041
22	KIF1A	0.00121409186408977	1.09249695319875e-07	0.868362494756906	1	0.529
22	RSBN1L	0.00123789957456415	1.11392025066512e-07	0.352389594754353	0.618	0.187
22	RABGEF1	0.00124252889069075	1.11808592701408e-07	0.706052505507107	0.324	0.07
22	PIGK	0.00124742078764875	1.12248788594327e-07	0.742618964597111	0.471	0.126
22	MAP1LC3A	0.00125585199673528	1.13007468436541e-07	1.27659751639988	0.294	0.061
22	KLHL21	0.00128032417132876	1.15209589789325e-07	1.03022867430593	0.294	0.061
22	ZC4H2	0.00129116283291466	1.1618490352872e-07	0.623382506197789	0.382	0.091
22	MED6	0.00131174201256793	1.18036714889582e-07	1.26902577193457	0.147	0.018
22	TMEM240	0.00133111798094594	1.19780255641675e-07	0.786723623295708	0.441	0.115
22	TPT1	0.00133796773926125	1.20396629106564e-07	1.02693769533183	0.441	0.118
22	ARF5	0.00135534582421682	1.21960390913058e-07	1.81234798805121	0.382	0.092
22	MIER1	0.00136760369755526	1.23063411999933e-07	0.861042882337991	0.147	0.018
22	STAT1	0.00137297814662331	1.23547030200964e-07	0.82877927846067	0.294	0.06
22	RPS15	0.00137589235431293	1.2380926431323e-07	0.799350148373989	0.441	0.115
22	PDPK1	0.00140091497647883	1.26060917527115e-07	1.09159791686758	0.265	0.051
22	NCOA3	0.00140212000754808	1.26169351889506e-07	0.955907892398555	0.676	0.236
22	ATP5F1B	0.00140890677965093	1.26780057558799e-07	1.03914230600267	0.147	0.018
22	CNR1	0.00142767999403423	1.28469359671936e-07	0.694980545674496	0.559	0.168
22	RAB19	0.00143426518553092	1.29061926170334e-07	1.19559786752813	0.147	0.018
22	PNRC2	0.00143903212608047	1.29490877898e-07	0.446315962249158	0.706	0.227
22	ATF6	0.0014449289009695	1.30021497432692e-07	0.722584986258274	0.353	0.081
22	HMGB1	0.00149612586610821	1.3462844111475e-07	1.07565055373304	0.647	0.23
22	FAM210A	0.00151805224465795	1.36601479767655e-07	0.596385544933155	0.206	0.032
22	EIF3CL	0.00152206373201156	1.36962452264156e-07	0.978079581159321	0.441	0.118
22	CAMTA1	0.00156350185459608	1.40691249401249e-07	0.916540848117714	0.882	0.404
22	ASH1L	0.00161534824359371	1.45356631296113e-07	0.923919251832132	0.765	0.307
22	FOCAD	0.0016276862056716	1.46466859144389e-07	0.571444872842262	0.559	0.166
22	KLRF2	0.00165123047600814	1.4858548330857e-07	0.315246952578571	0.559	0.162
22	UHMK1	0.00165666411374861	1.49074427584686e-07	0.74722546945029	0.235	0.041
22	PNO1	0.00167047777187291	1.50317445502826e-07	1.56027818851266	0.147	0.018
22	FAU	0.00168459951244889	1.51588186128758e-07	0.694051305695083	0.471	0.128
22	PDK3	0.00171543233617112	1.54362668601739e-07	1.10212597967668	0.265	0.051
22	TFRC	0.00175047271798717	1.57515766938466e-07	1.70486853724818	0.147	0.018
22	TRAPPC3	0.00179288478845684	1.61332204486353e-07	1.39049471064527	0.206	0.033
22	PLK3	0.00185622530097356	1.67031881667737e-07	0.744663875122593	0.353	0.081
22	ARL3	0.00185769286926422	1.67163940363918e-07	1.30001097668887	0.353	0.085
22	RPL30	0.00186045678028396	1.67412650075044e-07	0.704221470855997	0.382	0.093
22	BMAL1	0.00189840441383049	1.70827356594123e-07	0.527774456248891	0.471	0.129
22	CPNE5	0.00190122490341378	1.71081157510463e-07	0.690110310130289	0.735	0.31
22	STUB1	0.00190765145648687	1.71659448977492e-07	1.70323210906809	0.471	0.131
22	LRRC75A	0.00191412514370753	1.72241981796773e-07	0.895497894035606	0.382	0.096
22	SDHC	0.0019237595461436	1.73108930634716e-07	1.20820131714854	0.235	0.042
22	CACNG7	0.00192563905415352	1.73278057604024e-07	0.69784681224051	0.706	0.252
22	LRRN3	0.00194751930700742	1.75246945649907e-07	0.86694584684541	0.765	0.291
22	ZBTB46	0.00197651246363903	1.77855886226854e-07	0.764838055676767	0.441	0.116
22	JUP	0.00206146768300347	1.85500556375728e-07	0.672292142374808	0.882	0.335
22	RPL22L1	0.00206738108846414	1.86032672407464e-07	1.14134921261732	0.235	0.042
22	IVD	0.00206990367487811	1.86259666595709e-07	0.272403039910339	0.324	0.07
22	PPP2R5D	0.00207895759937391	1.87074381298831e-07	1.1938965379766	0.382	0.095
22	TWNK	0.0021299181951386	1.91660055353064e-07	0.372698030034754	0.118	0.012
22	AKAP1	0.00213830220026021	1.92414487560533e-07	0.260126560535784	0.471	0.126
22	UBXN2A	0.00217765262206761	1.95955423564079e-07	0.907229901444841	0.265	0.052
22	MICALL1	0.00217839389717362	1.96022126984038e-07	2.02891083901035	0.294	0.061
22	CNTN1	0.00220416658512181	1.98341274644274e-07	1.13107095602515	0.794	0.364
22	CAPZA1	0.00222940245867447	2.00612117220775e-07	0.741906897706478	0.294	0.061
22	SLC25A42	0.00226526334916347	2.03839048786419e-07	1.75535673055814	0.382	0.095
22	LIMK1	0.00230539918494392	2.07450660032747e-07	0.947006209840642	0.588	0.189
22	FGF12	0.00230590095403307	2.07495811575009e-07	0.915064648057207	0.853	0.371
22	DNAJC11	0.00236121759148725	2.12473462745186e-07	2.26017025936114	0.147	0.019
22	SURF6	0.00237803097298651	2.13986409879106e-07	2.13297947004185	0.176	0.026
22	MAF1	0.00240022001481315	2.15983084208868e-07	0.868710146216164	0.324	0.072
22	DNAJC7	0.00243356902787291	2.18983985231072e-07	0.567410846658147	0.441	0.117
22	ADORA1	0.00249780113254329	2.24763892067245e-07	1.76969690227203	0.294	0.063
22	MRPL1	0.00251215086027126	2.26055148049245e-07	0.825186978346294	0.265	0.052
22	CNTNAP2	0.00251636141619731	2.26434033672034e-07	0.837764044057058	0.941	0.546
22	KNDC1	0.00252519682996132	2.27229085751941e-07	0.676101475749184	0.471	0.13
22	PDXP	0.00252643429106748	2.27340438321559e-07	1.18150836074082	0.294	0.062
22	PTP4A2	0.00253907308396462	2.28477736341638e-07	0.320480845930218	0.588	0.182
22	DDOST	0.00256401807237116	2.30722403704774e-07	1.02579053363888	0.382	0.096
22	TSPAN15	0.00265940888477048	2.39306117589353e-07	0.898107925831987	0.265	0.052
22	MDN1	0.00267609688753812	2.40807782555396e-07	0.848638360521219	0.324	0.073
22	MYO1C	0.00268875994631547	2.41947264133489e-07	1.19058436182983	0.176	0.026
22	DLG1	0.00272070401223497	2.44821741405108e-07	0.766152304667399	0.941	0.465
22	PFDN4	0.0027855585161392	2.50657654651238e-07	1.23580438033735	0.265	0.053
22	MYL6	0.00279650589482657	2.51642751266676e-07	0.882412825808591	0.412	0.108
22	SH3GL2	0.00280448320048701	2.52360586744084e-07	0.759437755788316	0.882	0.375
22	STRADB	0.00286993642170271	2.58250375389427e-07	0.837956277551908	0.206	0.034
22	GABRD	0.00287604972976537	2.58800479597352e-07	1.13695338991194	0.529	0.167
22	PSMA8	0.00289754805980261	2.60735000432161e-07	0.982557594771021	0.294	0.062
22	AGK	0.00296209016622917	2.66542802684169e-07	2.3120099547351	0.118	0.012
22	MRTFB	0.00296326720633168	2.66648718287742e-07	0.277434720840338	0.529	0.151
22	RPS2	0.00297338306269934	2.67558990614536e-07	0.920003014385336	0.441	0.123
22	TRARG1	0.00302244525959661	2.71973837811267e-07	0.234380094066837	0.294	0.061
22	FAM168B	0.00303133154022368	2.72773467130719e-07	1.16650905033472	0.235	0.043
22	RPS6	0.00304880162016648	2.7434550707878e-07	0.554522516791414	0.529	0.155
22	UQCRFS1	0.00311282239948698	2.80106397866191e-07	1.32618288579288	0.265	0.053
22	RAB21	0.00321014247288458	2.88863715727939e-07	0.651339036513937	0.588	0.186
22	SYNGR3	0.00322707779000443	2.90387635202414e-07	0.856402654949784	0.853	0.397
22	RPS15A	0.00328196484755385	2.95326630752619e-07	0.849424647067865	0.588	0.186
22	NDUFV2	0.00329185655575637	2.96216733173434e-07	1.14806081911474	0.265	0.053
22	SERPINA10	0.00330532416551653	2.97428612032443e-07	0.731891584966018	0.824	0.322
22	RNF6	0.00332221825123521	2.98948821311546e-07	0.958450565704631	0.147	0.019
22	CHMP1B	0.00335272641618659	3.01694089461584e-07	0.566332060626754	0.382	0.095
22	NDUFA6	0.00337536391332633	3.03731117909325e-07	1.02306502861316	0.235	0.043
22	MIGA1	0.0034619560740891	3.11523087743103e-07	0.452331169849471	0.265	0.052
22	PRKRA	0.00351897590775039	3.16654000517447e-07	1.18804654445167	0.176	0.026
22	DSP	0.00358722333566033	3.22795225021176e-07	1.66207094818088	0.118	0.012
22	BCS1L	0.00358746742820138	3.2281718961589e-07	1.13779701704771	0.176	0.026
22	NFE2L1	0.00362255947184017	3.25974936726371e-07	0.501362061946833	0.441	0.117
22	XKR5	0.00365257559560709	3.2867592869676e-07	1.29875838142226	0.529	0.178
22	SH3GL3	0.00368059503599905	3.31197249707464e-07	1.07993124407345	0.294	0.063
22	KIDINS220	0.00368409085806663	3.3151182021656e-07	0.460172395362879	0.882	0.363
22	DNAJC6	0.00369133001035101	3.3216323318195e-07	0.907710153402228	0.706	0.252
22	CAPRIN1	0.00370409726634911	3.33312090915965e-07	0.786840730153245	0.265	0.053
22	SYT10	0.00381165002058296	3.42990193519568e-07	0.454559986516698	0.382	0.094
22	BLOC1S1	0.00385299112775988	3.46710260754061e-07	1.3373577248656	0.206	0.035
22	KCTD5	0.0039970807765463	3.59676124947926e-07	0.796562441375764	0.324	0.074
22	CRIPT	0.00406714645133458	3.65980963856257e-07	1.25275148248987	0.294	0.064
22	AP2M1	0.00406790236843887	3.66048984832077e-07	1.13018490528458	0.5	0.154
22	ATRNL1	0.00411212219484936	3.70028092760673e-07	0.605408363508113	0.882	0.484
22	BMP2K	0.0041268962200578	3.71357529025267e-07	0.221343046050318	0.588	0.18
22	RPN2	0.00413785024172598	3.72343223407359e-07	0.983518407284984	0.353	0.085
22	IQSEC3	0.00416665487592232	3.74935199849035e-07	0.961537449543253	0.765	0.325
22	AAK1	0.00423979750048709	3.81516917167919e-07	1.37926346026328	0.676	0.265
22	HYPK	0.00424409248925411	3.81903400454792e-07	0.743203378488523	0.235	0.043
22	ENO2	0.00424918063478571	3.82361255717242e-07	0.86676888150896	0.853	0.362
22	CHMP5	0.00426333384327512	3.83634827974005e-07	0.876783031748009	0.324	0.075
22	EIPR1	0.00428863038264882	3.85911129546371e-07	0.553870014511097	0.471	0.133
22	PCBP4	0.00438026344771331	3.94156703654576e-07	0.616739174268567	0.794	0.313
22	ANKRD13D	0.00453089306665599	4.07711065117969e-07	1.29400978021469	0.265	0.054
22	CYB561	0.00460904765549714	4.14743782551708e-07	1.17916820523451	0.382	0.099
22	PRPF8	0.00463088007266733	4.1670836611782e-07	1.01053972517827	0.353	0.088
22	SPTBN1	0.00467440843296717	4.20625252674091e-07	0.962919795656863	1	0.643
22	IRF2BP1	0.00470025394857516	4.22950953709634e-07	1.036026832224	0.176	0.027
22	GSR	0.00470607021675864	4.23474328872369e-07	2.46419817970618	0.118	0.013
22	RAB11FIP4	0.00475549042215721	4.27921391357618e-07	0.988797330909752	0.618	0.211
22	CCDC115	0.00483068471800638	4.34687727706864e-07	0.912795057487819	0.147	0.019
22	VPS26B	0.00485121928768775	4.36535524852673e-07	0.567792875292932	0.294	0.064
22	NUBP1	0.00485836459370217	4.3717849308937e-07	0.893194113156734	0.206	0.035
22	NADK2	0.00487385400458321	4.38572303120959e-07	0.579319056314302	0.324	0.073
22	MRPS14	0.00488167234537388	4.39275834191837e-07	1.4233461965679	0.176	0.027
22	SHMT2	0.00489509337507242	4.40483521557853e-07	0.383653761435632	0.412	0.107
22	FEZ2	0.004900855098676	4.41001988542787e-07	0.318158809385241	0.471	0.131
22	TMEM74B	0.00497794129053224	4.47938566591581e-07	0.635195720213733	0.529	0.158
22	HECTD4	0.0049864413437017	4.48703441348123e-07	0.552140060911071	0.5	0.143
22	MCAM	0.00501966991357211	4.51693504325754e-07	0.89151979795374	0.471	0.146
22	NDE1	0.00506983628339579	4.56207710194888e-07	1.00420869356621	0.176	0.027
22	ENDOG	0.00509645314985321	4.58602821007217e-07	2.49941827828969	0.118	0.013
22	MPND	0.00510224184020806	4.59123714587246e-07	0.783808795864489	0.235	0.044
22	GDAP1	0.00514094154345161	4.62606095874346e-07	0.814452209382103	0.265	0.053
22	NSRP1	0.00517954521148167	4.66079835461322e-07	0.89850105300467	0.235	0.044
22	ELAVL2	0.00520560337148651	4.68424671239676e-07	0.942598925814791	0.941	0.409
22	GTF3C3	0.00521303083448486	4.69093029288658e-07	0.577691407960455	0.206	0.035
22	RSL24D1	0.00530180267468745	4.77081136928593e-07	0.747657747869721	0.265	0.053
22	SUCLG2	0.00532166636956569	4.78868565604759e-07	0.480272254892859	0.5	0.145
22	COL12A1	0.00547730258421994	4.92873444094298e-07	0.215575909415295	0.559	0.168
22	CIPC	0.00549217080754288	4.94211356748212e-07	0.785093813802073	0.441	0.121
22	UBE2N	0.00551913106035223	4.96637367079297e-07	0.691180877231366	0.176	0.027
22	PRMT1	0.00553644050765498	4.98194952547015e-07	0.770432722993018	0.412	0.11
22	EOGT	0.00559142959111844	5.03143128868752e-07	1.70348543096168	0.118	0.013
22	STXBP4	0.00559517701472909	5.03480339667874e-07	0.936593505411594	0.206	0.035
22	ECPAS	0.00559839183986497	5.0376962475164e-07	1.36719229303703	0.294	0.065
22	UBQLN4	0.00562804921809489	5.06438335111571e-07	0.652610178905809	0.294	0.064
22	SMIM7	0.00565281027374018	5.08666451339888e-07	0.714767655524537	0.235	0.044
22	CCT2	0.00577410840746626	5.19581427829232e-07	0.852754027943203	0.324	0.076
22	PSMB2	0.00577805881680276	5.19936904238527e-07	0.928296532264843	0.382	0.1
22	MPG	0.00577919655211069	5.2003928301185e-07	0.76620823762224	0.118	0.013
22	ZBTB4	0.00580214639584044	5.22104417874601e-07	0.446919227976277	0.765	0.273
22	PPP1R14D	0.00583070312512011	5.24674086666077e-07	1.46753793529548	0.176	0.027
22	TNIP1	0.00590677388515156	5.31519291384105e-07	0.894546342869638	0.265	0.054
22	DMTN	0.00595906725348982	5.36224894582004e-07	0.753007202347918	0.588	0.19
22	ACAT1	0.00601727305344829	5.41462526180895e-07	1.07962098630718	0.353	0.088
22	NDC1	0.00609233359938994	5.4821682708449e-07	0.733417211635609	0.118	0.013
22	BTBD3	0.00616755225744636	5.54985355659711e-07	0.428431079671389	0.353	0.085
22	RPL29	0.00622537986058038	5.60188955329828e-07	0.627931289039847	0.412	0.11
22	MICU3	0.00625665853002209	5.63003557097282e-07	0.756686075455343	0.706	0.262
22	ABHD13	0.00634431405335845	5.70891213296e-07	1.06212094281117	0.147	0.02
22	MED17	0.00644826551992857	5.80245255100205e-07	0.908208102581123	0.147	0.02
22	SDR16C5	0.00650710137581799	5.85539582094663e-07	0.653302374146824	0.324	0.076
22	TMEM41B	0.00658116366353439	5.92204055028741e-07	1.41567251964921	0.176	0.027
22	PIN1	0.00660311538099896	5.94179373796361e-07	0.840482377801951	0.265	0.054
22	PPM1K	0.00671713194512797	6.04439120411048e-07	0.819949748906364	0.412	0.111
22	MLLT3	0.00685255150975799	6.16624809660577e-07	0.410169067778904	0.471	0.134
22	PANK1	0.00688044479113356	6.19134778289712e-07	0.543770349606822	0.441	0.122
22	XKR4	0.00695449433394475	6.25798104377284e-07	0.809060723837429	0.794	0.319
22	CHD8	0.0069662807966566	6.26858705719122e-07	0.801935762561978	0.294	0.065
22	DNAJA3	0.00699150916585202	6.29128873018269e-07	0.897965694129237	0.294	0.066
22	PDE3A	0.00706872414325177	6.36077039795894e-07	0.695280103040408	0.5	0.15
22	ATP6V0A1	0.00709640996425567	6.38568340165182e-07	0.814622211013099	0.912	0.409
22	GID4	0.00710731729839955	6.39549833384285e-07	0.784645454263732	0.147	0.02
22	NDUFV3	0.00725816356224491	6.53123689574814e-07	1.03753917655958	0.353	0.089
22	STX1A	0.00745160224290449	6.70530211725411e-07	0.360533090225383	0.618	0.198
22	ZDHHC9	0.0075039135651462	6.75237430499973e-07	0.714543915370045	0.441	0.122
22	RPS4Y1	0.00770165015555151	6.93030698780843e-07	0.940562245767121	0.412	0.114
22	DESI1	0.00784558913311261	7.05983004869307e-07	0.821136220982866	0.294	0.065
22	PRRC2B	0.00806664336150209	7.2587450386953e-07	0.570785212622526	0.588	0.19
22	TBC1D10B	0.00814365806169821	7.32804648762549e-07	1.31460406257102	0.265	0.055
22	DENR	0.00847773831401585	7.62866760912072e-07	1.19717987032887	0.235	0.045
22	GSTO1	0.00849446368796374	7.64371788712656e-07	2.324350838332	0.118	0.013
22	GABRG2	0.0085048027972857	7.65302150390147e-07	0.851201247396586	0.941	0.48
22	PRPF31	0.00855592788497178	7.69902626201006e-07	1.43760108921373	0.176	0.028
22	MACO1	0.0088978674527367	8.00671956513695e-07	1.0570786946625	0.529	0.166
22	USP31	0.00895268764747731	8.05604935433934e-07	0.22768892144162	0.5	0.149
22	VPS36	0.00897387085907574	8.07511100429743e-07	1.53028973518061	0.147	0.02
22	GNB5	0.00897518790019414	8.07629613983096e-07	0.923560446095043	0.441	0.126
22	PPTC7	0.0090055576788504	8.10362429483524e-07	0.735303218586348	0.324	0.078
22	TIMM21	0.00905661046864934	8.14956399590511e-07	1.77255642553634	0.118	0.013
22	SEPTIN8	0.00906182661919197	8.15425773345808e-07	0.83077690499113	0.794	0.352
22	ROGDI	0.00908487202535957	8.17499507366109e-07	0.921975197479684	0.265	0.055
22	ANO3	0.00913265474702123	8.21799221364279e-07	0.544674234501921	0.5	0.147
22	DRD4	0.00917325994342218	8.25453067886455e-07	2.00055364808185	0.118	0.013
22	USP5	0.00932835494967643	8.39409245899076e-07	0.670702283677432	0.265	0.055
22	MANEA	0.00933066319897533	8.39616953025765e-07	0.593619744769363	0.176	0.028
22	PIGF	0.00959896145201491	8.63759691533782e-07	0.788802540945426	0.324	0.077
22	CARS1	0.0096032693308734	8.64147334731701e-07	0.849972223075806	0.353	0.089
22	SGSM3	0.00963133459617418	8.66672779283198e-07	0.211622908108691	0.324	0.075
22	HP1BP3	0.00965758153900819	8.69034602628291e-07	0.385166919361723	0.5	0.149
22	NMD3	0.0101341129930438	9.11915143799494e-07	1.07171463867542	0.147	0.02
22	ANKHD1	0.0103581997732636	9.32079526074287e-07	0.770086599083597	0.412	0.115
22	ALDH6A1	0.0103584077844371	9.32098243897881e-07	0.921874829756175	0.324	0.078
22	GIT2	0.0103659178135056	9.32774031630126e-07	0.307058674376449	0.471	0.137
22	MAP6	0.0103921326582404	9.35132966637303e-07	0.770462056548157	0.618	0.21
22	UBL5	0.0105369083118498	9.48160560771148e-07	0.760833928931139	0.294	0.066
22	HID1	0.0105663633547464	9.50811064046291e-07	0.234333400099694	0.353	0.086
22	ESCO1	0.0107260732541241	9.6518251184416e-07	0.250632465486466	0.294	0.066
22	SHANK1	0.0107425733667005	9.66667269567219e-07	0.725564978671898	0.647	0.221
22	SGCB	0.0107928251489018	9.71189161243747e-07	0.521360484471009	0.441	0.123
22	MAPK9	0.0108513283225565	9.76453551926258e-07	0.903651540192197	0.353	0.089
22	MCF2	0.0108550611161311	9.76789446245935e-07	0.402632996285452	0.5	0.15
22	DLAT	0.0108589948336822	9.77143420649885e-07	1.37174430360662	0.206	0.037
22	EPN1	0.0109279213737658	9.83345754860592e-07	0.367906349680864	0.706	0.259
22	JAKMIP2	0.0110008846284018	9.89911331629783e-07	0.355325287119551	0.706	0.239
22	PSMD13	0.011025744654852	9.92148353716544e-07	0.989767923918223	0.294	0.067
22	MCOLN1	0.0111308250144502	1.00160397862415e-06	0.598712119738909	0.471	0.138
22	CBS	0.0112968867118102	1.01654699107444e-06	1.50703539879925	0.206	0.037
22	SPOCK1	0.0113163323663485	1.01829680251494e-06	0.769214777918431	0.735	0.279
22	TNIK	0.0113867451780952	1.02463287843923e-06	1.05569243627341	0.882	0.49
22	PPRC1	0.011405309465045	1.02630338027941e-06	1.67050613824883	0.147	0.02
22	UBXN4	0.0114085699655106	1.02659677544413e-06	0.339029882047524	0.471	0.134
22	MARCHF1	0.0114768310847856	1.03273923196127e-06	1.72282223930107	0.176	0.028
22	SUCLG1	0.0115687249505312	1.04100827414121e-06	0.922142878795916	0.353	0.091
22	CLTC	0.0115691940268941	1.04105048383822e-06	1.04219725309371	0.706	0.307
22	ZNF512B	0.0117068320839277	1.05343580346691e-06	0.391171686859109	0.529	0.164
22	ATP6V1F	0.011966214134618	1.07677622015819e-06	0.948930290604648	0.412	0.116
22	CAPZA2	0.0121055239018533	1.08931196813221e-06	0.456623195952292	0.441	0.124
22	GMPS	0.0122724517134088	1.1043329176108e-06	0.85797249228127	0.206	0.037
22	MARCHF7	0.0123623853244137	1.11242556685087e-06	0.804456407488867	0.235	0.046
22	DNAJB12	0.0123788540561113	1.11390750077488e-06	1.33941669272124	0.176	0.028
22	PDIA6	0.0125054313993727	1.12529752536423e-06	1.5335770312805	0.206	0.037
22	BRF1	0.0125158129300787	1.12623170431735e-06	0.993043048266905	0.176	0.028
22	POLR2D	0.0125225344065825	1.12683653438158e-06	1.07063948606112	0.147	0.02
22	TCF25	0.0125758900695482	1.1316377278456e-06	0.880491885262673	0.294	0.067
22	HSPA4L	0.0125815209859493	1.13214442418332e-06	0.826674917891209	0.265	0.056
22	GNL3	0.0128429658399988	1.15567046162142e-06	2.6073926865523	0.118	0.014
22	ACADSB	0.0131933733218894	1.18720177466835e-06	0.380747502084916	0.353	0.088
22	RPL39	0.0134635311498305	1.21151184647085e-06	0.47086411313819	0.529	0.162
22	YJEFN3	0.0135231828517319	1.21687958712606e-06	1.93092886375869	0.441	0.141
22	RASA3	0.013542484309493	1.21861642306245e-06	0.484549892029958	0.529	0.166
22	BEND5	0.0139781192123406	1.25781690023761e-06	0.740530360024911	0.324	0.078
22	SSB	0.014045807696708	1.2639078283729e-06	0.688625829674294	0.265	0.056
22	IMPDH1	0.0140535486042037	1.26460439163176e-06	0.91063400252349	0.324	0.079
22	PPARGC1B	0.0140617054247341	1.26533838070135e-06	0.511067672095218	0.824	0.316
22	FKTN	0.0142022880951634	1.27798867049072e-06	1.10351622839886	0.176	0.028
22	TTLL11	0.014370380831438	1.2931144453737e-06	0.536351458745471	0.235	0.046
22	RAB24	0.0144211419626262	1.29768217066734e-06	0.577117535790135	0.235	0.046
22	ZNF654	0.0144220384538485	1.29776284116337e-06	0.202547354149348	0.265	0.056
22	GAP43	0.0144893323845936	1.30381826550829e-06	0.691713463292833	0.824	0.332
22	AEN	0.0146125682686731	1.3149076098869e-06	0.523623243116349	0.294	0.067
22	CHMP4B	0.0146968556693067	1.32249218656589e-06	1.39110585166091	0.412	0.12
22	ME3	0.0147712088087314	1.32918283170444e-06	0.540413816326137	0.294	0.067
22	KIF5B	0.0148263240687176	1.33414236198305e-06	0.557186757009425	0.706	0.244
22	SHARPIN	0.0149753160139221	1.34754935786216e-06	0.899002043463718	0.176	0.028
22	FAM78B	0.015225671921645	1.37007755976289e-06	0.425046222795663	0.265	0.056
22	RPN1	0.0153933447268125	1.38516554727009e-06	0.809771300761603	0.324	0.079
22	EEF1G	0.0154179132067463	1.38737633463028e-06	0.682373526853945	0.559	0.181
22	MDC1	0.0157451410708687	1.41682183666595e-06	1.62571426754181	0.147	0.021
22	TESC	0.0157607515399226	1.41822654008122e-06	1.20862582228608	0.118	0.014
22	DPP3	0.01579976271261	1.4217369488536e-06	0.799304135924638	0.206	0.037
22	GJC1	0.0162150246826576	1.45910417372965e-06	0.676151411015182	0.382	0.103
22	OC90	0.0162693670974457	1.46399415976295e-06	1.33647835006376	0.176	0.029
22	NFYC	0.0163608328366502	1.47222467710341e-06	0.709238531141741	0.206	0.037
22	SDHAF2	0.0168878095693431	1.5196445216722e-06	1.06768707416699	0.235	0.047
22	QSOX2	0.0170694225997422	1.53598691620105e-06	1.30373023500758	0.176	0.029
22	MEN1	0.0170825699618902	1.53716997767392e-06	1.6693036337158	0.206	0.038
22	ZCRB1	0.0171655231175545	1.54463449271614e-06	1.33508669039661	0.147	0.021
22	ABCA3	0.0171952949181321	1.547313499337e-06	0.738454068629584	0.324	0.079
22	CRAT	0.0172296167524777	1.55040193939329e-06	0.599483501998156	0.324	0.079
22	NDUFA10	0.0174026893015658	1.56597582125131e-06	0.813753420112553	0.324	0.08
22	BTF3L4	0.0174530261260553	1.57050536543286e-06	0.55906105940935	0.265	0.057
22	TSPYL1	0.0176965641447746	1.59242006161924e-06	0.515688068739671	0.441	0.128
22	PDCD11	0.0178294611011146	1.60437875471201e-06	1.09427721862623	0.176	0.029
22	BBS9	0.0179657472366942	1.61664242209073e-06	0.374320095424782	0.353	0.09
22	PSMA4	0.0184892539814	1.66375002082246e-06	1.26818717703666	0.235	0.048
22	TMEM242	0.0187086650089261	1.68349365688168e-06	0.806860976238235	0.147	0.021
22	PROZ	0.0188716047239727	1.69815573868197e-06	0.673197233549439	0.765	0.298
22	SLC2A8	0.0192844828163255	1.73530845103262e-06	0.478029950795796	0.147	0.021
22	CREM	0.0193848395816735	1.74433902471641e-06	1.44722429251851	0.265	0.059
22	CSDC2	0.0195044310171779	1.75510042447385e-06	1.07273081898722	0.235	0.048
22	PIP4P2	0.0196440877594991	1.76766739489779e-06	0.800321347144753	0.294	0.069
22	ALG11	0.0196927104679779	1.77204269485989e-06	0.485978827118668	0.353	0.089
22	DCLK1	0.0196942655969357	1.77218263267666e-06	0.395106644730027	0.824	0.383
22	TELO2	0.0198044349596044	1.7820961900121e-06	2.52803252267546	0.118	0.014
22	IFFO2	0.0198071200459087	1.78233780670464e-06	1.22713451617805	0.176	0.029
22	RCOR3	0.0199117683100271	1.791754549629e-06	1.11335186391311	0.265	0.058
22	HAGH	0.0201176549626284	1.81028119883275e-06	0.741110601291043	0.235	0.048
22	DDHD1	0.0201671653812072	1.8147363791242e-06	0.430875315318507	0.441	0.128
22	CSGALNACT2	0.0202015898413611	1.81783405393333e-06	1.35781912993735	0.206	0.038
22	EEF1AKMT1	0.0206782610679181	1.8607271724933e-06	0.725797487076237	0.235	0.048
22	NDUFA9	0.020740266557327	1.86630671801737e-06	0.436263801336764	0.235	0.047
22	TAX1BP1	0.0208435131486277	1.87559733183008e-06	0.621171899315236	0.382	0.103
22	DOP1B	0.0209690015823607	1.88688937121935e-06	1.07096850292173	0.382	0.106
22	AIF1L	0.0209883486832713	1.88863031434098e-06	0.923237391413745	0.324	0.081
22	OPA1	0.0211736901138995	1.90530820785562e-06	0.569766773548059	0.324	0.079
22	HIF1AN	0.021474368035015	1.93236462116575e-06	1.37917968305797	0.147	0.021
22	PRMT6	0.0215492066091149	1.93909894799918e-06	1.95742234054278	0.118	0.014
22	ELP1	0.0215816026897695	1.94201409968231e-06	1.56519691897752	0.147	0.021
22	YTHDF3	0.0216054522875954	1.94416019864981e-06	0.254396920702422	0.324	0.078
22	HIVEP2	0.0218890753976722	1.96968193986072e-06	0.610871031032522	0.882	0.347
22	GARS1	0.0223339839073409	2.00971689978771e-06	2.20684781075019	0.206	0.04
22	CETN3	0.0227478349682984	2.0469571644289e-06	1.80204187433988	0.118	0.014
22	SLC45A4	0.0229198137338405	2.06243262249982e-06	0.320768600915017	0.794	0.304
22	HDAC4	0.0231048007909165	2.07907862781575e-06	0.645441895427377	0.588	0.201
22	UAP1	0.0231614206997147	2.08417355347024e-06	1.89995764957463	0.118	0.014
22	PIP5K1C	0.0235996032054705	2.12360327593543e-06	0.22483151149464	0.706	0.245
22	DENND3	0.0236431337470947	2.12752035877753e-06	0.370613456604213	0.206	0.038
22	VPS51	0.0237316823924472	2.13548838229526e-06	0.572744194815709	0.265	0.058
22	PLEKHG1	0.0238374639305886	2.14500710254554e-06	0.996073121189697	0.147	0.021
22	LAPTM4B	0.0242062495922748	2.17819217063572e-06	1.00141981518713	0.382	0.109
22	HTR2C	0.0243132054096609	2.18781655805461e-06	0.563920345122491	0.824	0.332
22	TIPRL	0.0245796856823982	2.2117957061458e-06	0.80963479858067	0.265	0.059
22	FARSA	0.0246792393722782	2.22075401532243e-06	0.642496765844321	0.147	0.021
22	INAFM2	0.0248804819369823	2.2388627676579e-06	0.952038225355326	0.206	0.038
22	GLRX2	0.0259336889054789	2.33363528349491e-06	0.721978170816493	0.206	0.038
22	ANKRD44	0.0260356651810447	2.34281158832401e-06	0.514980870805986	0.324	0.081
22	DUSP3	0.026455441746308	2.38058505770791e-06	0.730939542163693	0.324	0.081
22	TPM2	0.0267126063301047	2.40372593630025e-06	0.789542726338567	0.235	0.049
22	ADCY6	0.0274146683374725	2.46690077724039e-06	1.0105032141382	0.647	0.235
22	BORCS8	0.0278166656925592	2.50307438968408e-06	1.03342648429578	0.176	0.03
22	ZFYVE19	0.0282567364820657	2.54267402880101e-06	1.72401639632241	0.147	0.022
22	MSL1	0.0283779448918412	2.55358093150735e-06	0.894279586835143	0.265	0.06
22	PDE7A	0.0286597651478637	2.57894044343235e-06	0.350954386984057	0.324	0.081
22	SUB1	0.0287363554185123	2.58583239615876e-06	0.570674995905697	0.324	0.081
22	RND1	0.0288714031005584	2.59798462166457e-06	0.9817868122058	0.529	0.187
22	TJP2	0.0292510346231509	2.63214565132286e-06	0.311870055688639	0.882	0.376
22	LMTK3	0.0292621353165139	2.63314454391379e-06	0.674445063924181	0.647	0.228
22	KDM6B	0.0295265307339393	2.65693608691976e-06	1.01630450069183	0.912	0.444
22	RYR1	0.029686981591632	2.67137420963125e-06	1.25488726547877	0.588	0.22
22	CAMLG	0.029799550242173	2.68150366617232e-06	0.773673048831774	0.206	0.039
22	NPDC1	0.0298069124909593	2.68216615593983e-06	0.293913433813611	0.824	0.348
22	SNAP47	0.0298702936875302	2.68786949406373e-06	0.343993685893845	0.265	0.058
22	TIAM1	0.030111132489882	2.70954130206802e-06	0.282775284546801	0.559	0.182
22	STK16	0.0301349415715122	2.71168375519771e-06	1.02039865669188	0.176	0.03
22	RPS11	0.0301791559403895	2.71566237203181e-06	0.689790851606104	0.471	0.145
22	DYRK1A	0.0302875773270131	2.72541863826268e-06	0.578277328530524	0.529	0.173
22	CBLN1	0.0310656467635087	2.79543298510831e-06	0.914253350626303	0.5	0.163
22	SLAIN2	0.0318128536761867	2.86267017692672e-06	0.945407378509591	0.294	0.07
22	NARS1	0.0319917043887489	2.87876400510653e-06	1.33716043216074	0.324	0.084
22	HMBOX1	0.0323238194165143	2.90864927710918e-06	0.211727869344119	0.441	0.131
22	BACH2	0.0324345655758069	2.91861473731727e-06	0.503486256317223	0.912	0.381
22	SLC25A11	0.0324490035128889	2.91991393079177e-06	1.12648452304317	0.235	0.049
22	RNF5	0.0325217425704369	2.92645933325267e-06	0.975480959646189	0.353	0.097
22	VASH1	0.0328112310508452	2.9525088680685e-06	1.95761669290702	0.147	0.022
22	EIF5	0.0332177754204173	2.98909164225837e-06	0.639696158366546	0.441	0.131
22	SAP130	0.0333291735063697	2.99911576589307e-06	0.754593940029575	0.176	0.03
22	ZNF549	0.0334240374648817	3.00765207098728e-06	0.675267508540517	0.294	0.07
22	CACNB3	0.0334570168914845	3.01061971488207e-06	0.645784354932952	0.382	0.105
22	KBTBD4	0.0335431462290401	3.01837003770719e-06	2.05288786435032	0.118	0.015
22	MRPL57	0.0337259437314507	3.03481901659774e-06	1.23069283545526	0.176	0.03
22	SNTB2	0.0337505844551972	3.03703630479593e-06	0.35630049111405	0.176	0.03
22	SLC4A7	0.033842532195874	3.04531019489553e-06	0.345659954871188	0.794	0.328
22	OTUD3	0.0338921843845217	3.04977813232446e-06	0.464744107018847	0.176	0.03
22	DNAJB7	0.0339872609953192	3.05833357287134e-06	0.67529159396701	0.529	0.175
22	MEA1	0.0343350361170615	3.0896280137732e-06	2.24568353687907	0.118	0.015
22	DARS1	0.0344852245378989	3.1031426741563e-06	1.049547085103	0.294	0.072
22	MRI1	0.0345863139913217	3.1122391785586e-06	1.27571117478964	0.353	0.098
22	GEMIN6	0.0348275793414453	3.13394936933729e-06	1.36507599310113	0.147	0.022
22	SLIRP	0.0351657900637767	3.1643831606026e-06	0.373399002215135	0.235	0.049
22	MARCHF8	0.0352189102784018	3.16916316731772e-06	0.490575855963262	0.676	0.247
22	ZMAT3	0.0353628596997464	3.18211641318693e-06	1.15831157031107	0.294	0.072
22	CANX	0.0354164601745594	3.18693963597223e-06	0.315675699483753	0.529	0.169
22	KLHL28	0.035475512748783	3.19225346430154e-06	1.11108790698931	0.206	0.04
22	BTBD9	0.0357641863890825	3.21822967597251e-06	1.45560759965273	0.118	0.015
22	DUT	0.0357641863890825	3.21822967597251e-06	1.6787853547103	0.118	0.015
22	GNE	0.0362659772959478	3.26338318149445e-06	0.612963360750211	0.5	0.159
22	DPYSL2	0.0364573758414079	3.28060612268585e-06	0.554733530555136	0.824	0.387
22	CCDC124	0.0366466570570413	3.2976385365825e-06	1.14071392606806	0.176	0.03
22	TEX2	0.0375612845693603	3.37994102126881e-06	0.324841431412069	0.412	0.116
22	C3orf70	0.0376358865354807	3.38665405700358e-06	0.608964928431461	0.265	0.06
22	NPTN	0.0378865280363765	3.40920795792104e-06	0.592868655078616	0.912	0.509
22	ATP13A3	0.037893070626615	3.40979669095789e-06	0.305435408597487	0.441	0.13
22	APP	0.0381581060818375	3.43364582757469e-06	0.341890800302604	1	0.699
22	NDUFS6	0.0382373628385303	3.44077772325478e-06	1.23154938707571	0.265	0.061
22	FDX1	0.0383478686589689	3.45072155664258e-06	0.884511245121614	0.118	0.015
22	ROMO1	0.0384383575486574	3.45886417246984e-06	0.939740849033228	0.265	0.06
22	RALA	0.0385272614343201	3.46686416218124e-06	0.793860448713721	0.294	0.072
22	LUZP1	0.0385461113195635	3.46856036349892e-06	0.990517126401622	0.324	0.084
22	KDM3B	0.0391224820796184	3.52042491493011e-06	0.331060102081553	0.382	0.105
22	PFDN5	0.0392974922029412	3.53617314882941e-06	1.37071934477759	0.235	0.05
22	RUSC1	0.0402497007147809	3.62185734858102e-06	0.858496386534918	0.706	0.294
22	MGRN1	0.0403999046747966	3.63537340725246e-06	0.244992912568927	0.382	0.104
22	NECTIN3	0.0405176767488622	3.64597109231191e-06	1.0026683175986	0.176	0.031
22	NLRX1	0.0409093644898493	3.68121699719691e-06	0.620868207187176	0.324	0.082
22	ARIH2	0.0410539584773581	3.69422824416073e-06	0.930261086194794	0.353	0.097
22	CBX7	0.0410846029684994	3.69698577958242e-06	1.28047309017291	0.676	0.257
22	NACA	0.0410949424413472	3.69791617397167e-06	0.677072532719558	0.5	0.16
22	ARPC2	0.041192192453113	3.70666718735832e-06	0.693048699606849	0.265	0.06
22	PPP6C	0.0416073251376238	3.74402277851379e-06	0.36517150714697	0.294	0.07
22	TOR1AIP2	0.0421095358243935	3.78921405780559e-06	1.01940794053087	0.206	0.04
22	ACOT7	0.0428295808453687	3.85400709487706e-06	0.721836185404586	0.382	0.106
22	RNF10	0.0430075291087109	3.87001971643219e-06	0.617434767851654	0.382	0.108
22	STXBP5	0.0434048584896181	3.90577328260758e-06	0.50224802664412	0.441	0.134
22	VPS53	0.0437601564188836	3.93774466110714e-06	1.20862802122203	0.235	0.05
22	GTF2E2	0.0441724759689698	3.97484711319803e-06	1.30205224555565	0.206	0.04
22	CAMK2N1	0.0442888008430669	3.98531457239871e-06	0.702791801553105	0.471	0.146
22	RUNDC1	0.0444557667365315	4.00033894866656e-06	1.03625870644984	0.206	0.04
22	TIPARP	0.0451181348589885	4.05994194717794e-06	0.657579124462258	0.235	0.049
22	CMTM4	0.0454144832411025	4.08660876820863e-06	0.557564412349582	0.235	0.049
22	SGTA	0.0456900498045101	4.11140554346352e-06	0.808530220225537	0.235	0.05
22	RDH14	0.0459518941861956	4.13496753227712e-06	0.600534383087161	0.265	0.061
22	WDR41	0.045980310871885	4.13752459928777e-06	0.308016410552381	0.294	0.071
22	PIP4K2A	0.0461818723135981	4.15566204567606e-06	0.669567679623177	0.676	0.269
22	BZW1	0.0461828463475686	4.15574969383323e-06	0.532643424503398	0.353	0.096
22	STEAP2	0.0462362655059268	4.16055660091126e-06	0.535455860780027	0.294	0.071
22	DHX16	0.0466970306674922	4.20201841694342e-06	0.797276593053119	0.235	0.05
22	TTC9	0.0467871979868841	4.21013209636319e-06	0.706926437167468	0.206	0.04
22	EIF3J	0.0474256826344333	4.26758594748792e-06	0.97703178740901	0.265	0.061
22	IDH3A	0.0474367973950441	4.26858610591597e-06	1.16373417004903	0.206	0.04
22	RAB3IP	0.0475170107380822	4.27580407973384e-06	0.77461951901315	0.324	0.084
22	KYAT3	0.0475235794152629	4.27639516019643e-06	2.05144497253611	0.147	0.023
22	ABCC8	0.0483747847624263	4.35299062021293e-06	0.48788745351423	0.5	0.16
22	ILK	0.0484818711171792	4.36262675399795e-06	0.564765625505705	0.265	0.061
22	WAC	0.0495456059079133	4.45834661278802e-06	0.639019691466541	0.265	0.061
22	IP6K1	0.0497593625124377	4.47758143727506e-06	0.321735256139309	0.382	0.106
22	DDX39A	0.0499878325422667	4.49814024496236e-06	1.16670598767644	0.265	0.063
6_0	PGR	1.84320441297374e-56	1.65860200933478e-60	7.17504129492865	0.222	0.002
6_0	EOMES	4.68148539620063e-54	4.21262071105969e-58	8.59814316967906	0.185	0.001
6_0	HMX3	1.04536068187214e-34	9.40664700685811e-39	5.11633592012987	0.296	0.01
6_0	PRDM13	5.26272729407795e-30	4.73564950425443e-34	7.01757139370322	0.111	0.001
6_0	CALCB	1.98524329157183e-24	1.78641527181844e-28	5.20991508505133	0.111	0.001
6_0	ALCAM	2.25337689295817e-10	2.0276944955981e-14	3.79241308647992	0.222	0.017
6_0	ESR2	2.29968414931147e-10	2.0693639425101e-14	3.0145837467013	0.444	0.068
6_0	SOX3	6.41603376171852e-07	5.7734488992338e-11	1.76919448850151	0.333	0.047
6_0	GRIN3A	1.17937257977141e-06	1.06125490845983e-10	3.50735679205294	0.296	0.042
6_0	RFTN1	2.34498414527067e-06	2.11012700915205e-10	3.64777989810419	0.259	0.033
6_0	OPRM1	2.51093560724798e-06	2.25945793867361e-10	2.85345320915517	0.481	0.11
6_0	TRPC7	8.78186975688756e-06	7.90233938350361e-10	3.25699037276916	0.333	0.058
6_0	PCSK6	8.84425834913944e-05	7.95847957269814e-09	4.15099174144253	0.148	0.013
6_0	TOX	0.000194526911813717	1.75044463073622e-08	2.06261419523134	0.407	0.092
6_0	USH2A	0.000200882733310178	1.80763730145035e-08	2.68865599769816	0.296	0.051
6_0	GFRA4	0.000573721033335437	5.1626116560374e-08	1.41166782104374	0.926	0.44
6_0	SDK2	0.000595906433112418	5.36224631613802e-08	1.79981664461866	0.926	0.461
6_0	ADAMTS18	0.000608335566986913	5.47408950766592e-08	3.70484610009891	0.185	0.023
6_0	STX1A	0.000677809895720843	6.09925218861552e-08	2.00281433398113	0.593	0.2
6_0	PWWP2A	0.000761686808550394	6.85401609421753e-08	2.96988862220088	0.185	0.023
6_0	ZFHX3	0.00151948443077475	1.36730354609444e-07	1.47937947340041	0.704	0.262
6_0	GABRA3	0.00184812056048012	1.6630257900478e-07	2.05430119838364	0.63	0.25
6_0	ZFHX4	0.00310830733769403	2.79700111373529e-07	1.48682390453579	0.63	0.229
6_0	IL1RAPL2	0.00399156747412847	3.59180012069511e-07	1.22841262996172	0.852	0.424
6_0	SCGN	0.00481983872271289	4.33711754045972e-07	3.16607973787383	0.185	0.026
6_0	FBXO22	0.00551800682673364	4.96536203251475e-07	2.6383442790315	0.185	0.026
6_0	KCNH2	0.0154248866872607	1.38800384120046e-06	1.70654597191815	0.63	0.246
6_0	TENM1	0.0223856142742379	2.0143628429981e-06	1.86582055229805	0.778	0.538
6_0	C15orf61	0.0282661240657846	2.5435187677301e-06	3.46912287847485	0.111	0.011
6_0	TRRAP	0.0316610309076266	2.84900845024985e-06	2.63641735149501	0.259	0.053
6_0	LRFN3	0.0334730388567037	3.0120614466574e-06	1.60485562230986	0.704	0.35
6_0	GAL	0.0395998060421413	3.56337676974186e-06	3.77420252237853	0.148	0.02
6_0	HS3ST2	0.0397266465560614	3.57479047566466e-06	3.25232910721739	0.185	0.03
6_0	PCDH17	0.0413798143627704	3.72355028910019e-06	1.19234877120428	0.778	0.395
6_0	MYBBP1A	0.044988235826579	4.04825302137847e-06	2.54833189417119	0.222	0.042
6_0	NRP1	0.0471358174905772	4.24150251872377e-06	1.35588362456364	0.704	0.35
17	NR5A2	6.3686044488044e-228	5.73076977306254e-232	5.9496930981402	0.765	0.011
17	CALB2	6.07026959531693e-101	5.46231404239802e-105	5.24571689311348	0.824	0.055
17	ZIC2	8.50773885425839e-86	7.65566350603653e-90	4.31925224420543	0.98	0.102
17	GPC3	1.76939945834702e-58	1.59218884040945e-62	4.12362577215217	0.922	0.145
17	ZIC5	6.34078257164884e-56	5.70573433964621e-60	3.70774169229936	0.588	0.047
17	ZIC1	2.18893905117497e-54	1.96971029530727e-58	3.10508785697627	0.941	0.142
17	LHX9	6.59319937555817e-50	5.93287084995786e-54	3.1602161720702	0.667	0.069
17	TCF7L2	8.21028944831665e-42	7.38800454271273e-46	3.09975877142721	0.98	0.248
17	LYPD1	2.03609788109707e-41	1.83217662296146e-45	3.34285761441974	0.784	0.117
17	NTNG1	8.22567402947289e-39	7.40184831231251e-43	4.87637010665321	1	0.303
17	FGF10	2.10728255088069e-37	1.89623193636343e-41	5.84314417239656	0.196	0.006
17	PHLDA1	2.21205169625857e-37	1.99050814024887e-41	4.16111261018114	0.392	0.03
17	ADRB2	2.86871639967367e-37	2.58140592069979e-41	4.20947501694143	0.412	0.033
17	CPNE2	3.14241371535396e-37	2.8276916362404e-41	3.07114884152327	0.98	0.279
17	MAFK	4.18574659078661e-37	3.76653162133232e-41	5.77377534424791	0.157	0.003
17	PLEKHH1	3.14526577893306e-31	2.83025805717003e-35	6.73236894478007	0.118	0.002
17	CHRM3	8.32353194077545e-29	7.48990546276924e-33	3.11649518927047	0.549	0.077
17	NOS1	2.71216314436595e-27	2.44053193949964e-31	2.25928002147007	0.725	0.143
17	ZIC3	5.75582321698287e-27	5.1793604040159e-31	2.4377072737193	0.725	0.142
17	OLFM1	2.887308351289e-26	2.59813583306848e-30	3.24244158986225	0.98	0.43
17	RAB26	1.85428079938032e-25	1.66856906270162e-29	3.30995856417096	0.784	0.215
17	GBX2	4.34327793297997e-25	3.90828573110769e-29	4.75322865755577	0.118	0.003
17	R3HDM1	6.08137629810753e-24	5.47230837587288e-28	2.37775294023051	0.98	0.49
17	TMEM163	8.5934938572823e-24	7.73282989047269e-28	3.55628135571756	0.863	0.274
17	ERBB4	1.62888189206797e-20	1.4657445262917e-24	2.74313804241031	1	0.539
17	HCN2	1.47937250488792e-19	1.33120894887782e-23	2.89409508092094	0.451	0.073
17	NRN1	3.26301089155516e-19	2.93621064658972e-23	1.90596276427949	0.824	0.235
17	ZNF423	1.5540134126252e-17	1.39837434772356e-21	2.13644831465262	0.686	0.182
17	KCNH4	1.74435665313393e-17	1.56965414661561e-21	1.99239311387802	0.412	0.064
17	HTR2C	2.02780761247807e-17	1.82471664939986e-21	1.91981971698182	0.882	0.326
17	MTNR1A	1.7971673002668e-16	1.61717565037955e-20	2.40733372683073	0.49	0.094
17	CARMIL3	3.26008075866671e-16	2.93357397522425e-20	2.94711593636705	0.765	0.268
17	PCP4	1.50873623089574e-15	1.3576318103984e-19	1.94619313938339	0.51	0.102
17	SHISA8	1.91606052499875e-14	1.72416136506682e-18	2.72665003131491	0.843	0.305
17	GALNT9	4.06576609785374e-14	3.658567531588e-18	1.91905555940982	0.804	0.304
17	NXPH3	5.62442911221393e-14	5.0611258096049e-18	2.240941151245	0.569	0.149
17	SLC17A6	1.26285916355099e-13	1.13638006258525e-17	2.22859929225873	0.941	0.431
17	LUZP2	1.65573990491062e-13	1.48991262927258e-17	1.47832360523081	0.98	0.63
17	ATRNL1	2.157345037966e-13	1.9412805164816e-17	2.42382293913205	0.902	0.481
17	GSG1L	2.29818034823395e-13	2.06801075158279e-17	2.44909336931948	0.275	0.035
17	IGFBP4	7.39736913418675e-13	6.65650061566341e-17	1.91007105609393	0.49	0.109
17	NEUROD2	1.49062118966349e-12	1.34133104441959e-16	1.99709048004464	0.49	0.109
17	PTPRS	1.6648521242932e-12	1.49811223278431e-16	1.28914934903988	1	0.65
17	CDH4	1.74125758790234e-12	1.56686546198357e-16	1.50864491189927	0.922	0.403
17	GALNT14	3.35531058770955e-12	3.01926625367547e-16	1.88749532054971	0.686	0.224
17	SORCS2	6.70831226040388e-12	6.03645483704119e-16	1.31037178097925	0.98	0.459
17	EDIL3	2.11671931697694e-11	1.90472358227026e-15	1.70598885053569	0.745	0.257
17	PROM1	2.2454076616707e-11	2.02052340652452e-15	1.5363091467245	0.549	0.142
17	B4GALT2	2.29284022053862e-11	2.06320545355766e-15	1.44052293504455	0.922	0.449
17	SORCS3	4.08253482652583e-11	3.67365682221347e-15	0.431155334570614	0.882	0.375
17	PLXNB2	5.38126301033548e-11	4.84231351600421e-15	2.23040869379353	0.863	0.376
17	AFF2	1.37294645281778e-10	1.23544178243299e-14	1.46075806941296	0.882	0.438
17	CELF2	1.63178880555148e-10	1.46836030374469e-14	1.49101293179865	1	0.83
17	MDGA1	1.873925600822e-10	1.6862463788554e-14	1.07711812409958	0.765	0.249
17	SCHIP1	2.33774579856664e-10	2.10361360439723e-14	1.41295095142191	0.902	0.478
17	EPHA5	3.92889758594637e-10	3.53540680819434e-14	1.62114343935604	0.725	0.265
17	CBLN1	5.4327463144229e-10	4.88864061407622e-14	1.68503764493086	0.569	0.159
17	ZIC4	8.37455483943255e-10	7.53581826638401e-14	3.12882231718137	0.235	0.033
17	MGMT	2.21720656267561e-09	1.9951467314637e-13	1.86410365701954	0.549	0.161
17	AGRN	2.27994683821329e-09	2.05160338181705e-13	1.29089296661776	0.882	0.404
17	ZBTB18	2.80022133240866e-09	2.51977083812532e-13	1.73945374980645	0.471	0.121
17	UNC5C	2.99873301359211e-09	2.69840098406561e-13	0.486292977092007	0.902	0.414
17	MAP7	3.58171119822651e-09	3.22299216973501e-13	2.01150100473972	0.392	0.091
17	TIAM2	4.80158028194272e-09	4.32068773683319e-13	1.8528215830143	0.471	0.127
17	ANOS1	5.43895762685203e-09	4.89422984509316e-13	2.26091429752023	0.353	0.075
17	SAMD10	8.76459609098989e-09	7.88679572661738e-13	1.63596982008829	0.353	0.074
17	TNR	1.10602748502593e-08	9.95255543081017e-13	1.15261219440285	0.804	0.3
17	MMP17	1.34871792425866e-08	1.21363981306457e-12	1.90772138633579	0.451	0.119
17	KCNB2	1.66610315097819e-08	1.49923796542625e-12	2.31082981802694	0.373	0.087
17	TSPAN11	2.18893199040462e-08	1.96970394169407e-12	3.2127516666064	0.137	0.013
17	CAMK2D	5.68413556298598e-08	5.11485248176549e-12	1.39642904585236	0.647	0.241
17	CEP112	5.84802061218512e-08	5.26232395589411e-12	1.74737047993309	0.451	0.123
17	CPNE4	6.45841188646682e-08	5.81158272875625e-12	0.855265893274377	0.569	0.186
17	PTPRU	8.19050893022442e-08	7.37020510233458e-12	1.82992184400993	0.941	0.502
17	NXPH4	9.03752813522264e-08	8.13239281492184e-12	2.11449249851001	0.451	0.127
17	CACNA1B	1.11089875128834e-07	9.99638937540127e-12	1.05773310176447	0.863	0.376
17	CBLN2	2.59555667265031e-07	2.33560395271332e-11	2.3216818864918	0.412	0.113
17	GRM8	4.12645807387681e-07	3.71318102571476e-11	1.82348067429153	0.961	0.578
17	CLSTN2	7.26044600674473e-07	6.53329074664333e-11	0.429898129692319	1	0.552
17	ITPR1	1.16422695754923e-06	1.0476261653462e-10	1.2109439160235	0.647	0.274
17	VAV2	1.89769036638123e-06	1.70763103246759e-10	1.39433587540009	0.686	0.301
17	GABRG3	1.96577589122891e-06	1.7688975895158e-10	0.699948660153322	0.745	0.339
17	B3GALT2	5.13037259042768e-06	4.61655051779689e-10	1.63292072462637	0.451	0.141
17	IQSEC3	8.7532268584835e-06	7.87656515655854e-10	1.3046940851795	0.686	0.324
17	RPS17	1.48897202598432e-05	1.33984704938749e-09	1.22655595203693	0.569	0.21
17	KLF18	3.15842137805701e-05	2.84209608391705e-09	1.74837560196507	0.255	0.055
17	PTPRN2	3.84727187106701e-05	3.46195615141457e-09	0.506972838379106	1	0.826
17	AXIN2	4.20236379065567e-05	3.78148455921504e-09	1.66978413427406	0.647	0.288
17	PLCB4	7.48142374672489e-05	6.73213690877791e-09	1.19153776207335	0.647	0.29
17	KCTD15	9.6861288986605e-05	8.71603428296635e-09	2.87307148369693	0.235	0.052
17	STRBP	0.000117699057851667	1.05911147171481e-08	1.62643132100541	0.686	0.329
17	KIF1A	0.000143203070932862	1.28860857493802e-08	0.93036484232768	0.882	0.528
17	PRKCA	0.00015294642701347	1.3762838748625e-08	1.00485107697848	0.843	0.464
17	TAFA5	0.00017145942589872	1.54287254475588e-08	1.63794859352952	0.863	0.543
17	MYT1L	0.000183507120144509	1.65128336312885e-08	1.087026699716	0.706	0.321
17	ID2	0.000184014619356528	1.6558500796952e-08	1.67357830781473	0.333	0.095
17	GRIK2	0.000187177738860819	1.68431331648357e-08	1.04584565679661	0.784	0.429
17	SH3PXD2A	0.000224060638173904	2.016202989057e-08	1.3563004913829	0.706	0.382
17	SEZ6	0.000232086687964106	2.08842515939986e-08	0.891911599836375	0.706	0.311
17	NTSR1	0.000308636641352781	2.77725763837651e-08	1.40627520029917	0.412	0.135
17	CACNB4	0.000383898008476504	3.45449481217047e-08	1.10531835971076	0.588	0.255
17	SH2D3C	0.000393850989119678	3.54405641248698e-08	1.54408257972462	0.353	0.109
17	OPCML	0.000425032165234549	3.82463929843021e-08	1.17856321376181	0.745	0.417
17	ADARB2	0.0004421899867372	3.97903344494916e-08	0.661179031189454	0.529	0.193
17	SNCB	0.000564618037493057	5.08069861867234e-08	1.14779058404189	0.725	0.378
17	SCN1B	0.000720541050744038	6.48376721626957e-08	1.18532140872802	0.882	0.465
17	MAFG	0.000994763555648844	8.95135027129348e-08	1.92037607579933	0.333	0.104
17	ELAVL2	0.00108328358190855	9.74789509501082e-08	1.19202803380265	0.725	0.409
17	THSD7B	0.00117070528049698	1.05345566498423e-07	1.19268842593547	0.51	0.201
17	NHSL2	0.00121608748315314	1.09429270507796e-07	1.18774140957875	0.784	0.431
17	LMO1	0.00122108184655879	1.09878686813532e-07	1.50139831271214	0.314	0.093
17	ZHX2	0.00140610015931143	1.26527504662236e-07	0.953147155202968	0.784	0.404
17	PTPRF	0.00152008423384101	1.3678432770998e-07	0.653188971027886	0.863	0.498
17	KCNH1	0.00164762619167606	1.4826115285486e-07	1.55213009482463	0.471	0.196
17	BTBD3	0.00172686139998655	1.55391109510173e-07	1.77057348294595	0.294	0.085
17	PPP1R1B	0.00198837095837348	1.78922969348824e-07	1.53882021298159	0.235	0.057
17	EPHB3	0.0020501574618436	1.84482809488311e-07	1.34966625769403	0.471	0.187
17	KIFC2	0.00222287004020621	2.00024299487646e-07	1.60246367428563	0.333	0.104
17	VIPR1	0.00245324722781477	2.20754722200555e-07	1.29742401678939	0.255	0.065
17	GULP1	0.00252505270305708	2.27216116535326e-07	2.20631193258643	0.294	0.089
17	NTM	0.00255442070469951	2.29858787429093e-07	0.764746921092854	0.843	0.507
17	CD44	0.00261011073016167	2.34870037808123e-07	0.996450508647178	0.412	0.143
17	PIK3IP1	0.00274527322786629	2.47032594966821e-07	1.29109361813047	0.314	0.095
17	FRMD3	0.0032664097169272	2.93926906949267e-07	1.60230017602072	0.451	0.191
17	PPP2R3A	0.00341118264446543	3.06954255778407e-07	1.92963346016979	0.294	0.089
17	APLP1	0.00375731391368335	3.38100775099735e-07	0.766370299972237	0.882	0.619
17	SYT1	0.00379910333716112	3.4186118394323e-07	0.569876415058691	0.98	0.735
17	NCOA3	0.0038323221220744	3.44850366424404e-07	1.3269736896114	0.529	0.236
17	MDGA2	0.0041233665650837	3.7103991407214e-07	0.954291985695455	0.961	0.704
17	TENT5D	0.00476796072455022	4.29043527809792e-07	1.13461618711032	0.373	0.129
17	GAP43	0.00549956799916909	4.94876990836776e-07	1.04603962691774	0.667	0.331
17	NECAB2	0.00551138443348165	4.95940289164191e-07	1.32557019186785	0.686	0.377
17	GRIK3	0.00601069199030106	5.40870331170796e-07	0.324922990834433	0.745	0.326
17	CDH24	0.00684589091246089	6.16025457793655e-07	0.200955462145862	0.706	0.399
17	TAOK3	0.00746072863705099	6.71351447588499e-07	1.8598342910594	0.549	0.264
17	CACNG3	0.00867099750074293	7.80257131354534e-07	1.10508087861529	0.529	0.237
17	BDNF	0.00901528122466607	8.11237399861969e-07	1.43250627416725	0.314	0.099
17	GPR37	0.00905711175405292	8.15001507608469e-07	1.40317320517401	0.471	0.209
17	CNIH3	0.0103794844607053	9.33994822343674e-07	0.448484079610267	0.627	0.285
17	CBX7	0.0113270508648745	1.01926130341712e-06	0.937304253587956	0.569	0.257
17	EXT1	0.0118001779536233	1.06183550379045e-06	2.08331348106465	0.529	0.256
17	SREBF2	0.0122567340651998	1.10291856971113e-06	1.31232035395462	0.353	0.123
17	TMEM65	0.0154299575452941	1.38846014085253e-06	2.10742527239727	0.451	0.192
17	LRTM2	0.0195760503360692	1.76154506758474e-06	1.347535218241	0.373	0.139
17	NEO1	0.0200088658946998	1.800491846909e-06	0.853232032502331	0.667	0.361
17	ST3GAL1	0.024968238597971	2.24675952469819e-06	1.15255659875173	0.353	0.128
17	VSTM2L	0.0257809472980119	2.31989087537226e-06	1.05876522384149	0.706	0.373
17	TMTC2	0.0262500623649492	2.36210405515605e-06	0.688047406068391	0.686	0.354
17	ADARB1	0.0279958685977854	2.51919990981602e-06	0.892200379285716	0.627	0.326
17	CTNNB1	0.0293484725477548	2.64091357399036e-06	1.47212018553863	0.412	0.165
17	VAV3	0.0343017932830222	3.08663666723857e-06	0.921590217563711	0.353	0.128
17	PPP2R5B	0.0351812226142081	3.16577185406354e-06	0.903121771146129	0.824	0.459
17	XKR5	0.0387631497199445	3.48809049941011e-06	1.15795834582992	0.431	0.178
17	TSHZ1	0.0475129722864766	4.27544068086714e-06	1.45205333358928	0.412	0.174
17	HS6ST3	0.048731432230953	4.38508343660155e-06	1.01524041921565	0.471	0.21
7	ZNF536	9.85616915795614e-72	8.86904450459474e-76	3.55453937791748	0.903	0.196
7	BHLHE22	2.28642778050764e-53	2.05743523846634e-57	3.86268924840029	0.548	0.076
7	KCNIP4	2.42726669781383e-43	2.18416871935016e-47	2.83889872979769	0.774	0.207
7	PITX1	1.77014812819734e-38	1.59286252874772e-42	3.69124263838045	0.419	0.057
7	TAFA4	5.08242662988682e-37	4.57340648779521e-41	3.18846569997312	0.613	0.136
7	CCK	2.27466381781223e-36	2.04684947162083e-40	2.39738288152155	0.624	0.142
7	ZEB2	1.50744240721389e-33	1.35646756700611e-37	2.13884534657247	0.849	0.306
7	NEUROD1	2.14930716462263e-33	1.93404766005816e-37	4.18769336468005	0.312	0.034
7	ARHGAP24	3.66530590601949e-31	3.29821461893232e-35	3.38913141588931	0.452	0.083
7	NEUROD2	7.49176610061439e-31	6.74144344516727e-35	4.06084415810014	0.495	0.102
7	NFIX	7.79929407046258e-30	7.0181715742487e-34	2.54484163196774	0.914	0.383
7	NAV3	4.89708554496033e-23	4.40662786372746e-27	2.08380503282191	0.86	0.508
7	NXPH1	6.25838491313035e-23	5.63158905167853e-27	2.54919252242816	0.581	0.173
7	RAVER2	1.46442563123692e-22	1.31775904907488e-26	2.26644966003162	0.774	0.361
7	SEMA4G	3.70618559319828e-22	3.3350000838642e-26	2.35043194242684	0.613	0.21
7	BCL11A	5.1711407685636e-19	4.65323564164816e-23	1.72806378658117	0.731	0.311
7	LMX1B	1.01661855209406e-17	9.14801180683937e-22	3.42726307180745	0.269	0.045
7	SLC17A6	4.33256256224603e-17	3.8986435366202e-21	2.21003907469383	0.849	0.425
7	ADCYAP1	1.12262206044005e-16	1.01018812241524e-20	1.2943535710478	0.731	0.324
7	SLC4A11	3.70769677574099e-16	3.336359916981e-20	1.78727442509307	0.763	0.43
7	GPC6	8.89279150928117e-15	8.00215199251433e-19	1.96726711990569	0.763	0.4
7	RXFP1	8.28439852950959e-14	7.4546913790242e-18	2.83886298351866	0.29	0.062
7	CXCL14	1.20019462821865e-13	1.07999156683043e-17	3.16992553346296	0.269	0.054
7	GRM2	1.55392147891989e-13	1.39829162145225e-17	2.17804487226018	0.591	0.253
7	PCDH15	2.1023007520742e-13	1.89174907952326e-17	2.02624755793154	0.57	0.244
7	RBMS3	4.06276210982519e-13	3.65586440189435e-17	2.76007046857534	0.731	0.421
7	SYT7	6.33474543218062e-13	5.70030183765016e-17	2.3250071235571	0.796	0.499
7	NR2F2	9.78950181234609e-13	8.80905409191585e-17	1.87369305434295	0.581	0.244
7	PTPRS	6.10517922707742e-12	5.49372737071666e-16	1.25220976791411	0.892	0.648
7	CHST8	2.04079966677269e-11	1.83640751081858e-15	1.46525728268596	0.656	0.317
7	NRP2	2.12662047149355e-11	1.91363310671605e-15	2.17931137937396	0.742	0.424
7	NR3C2	4.72618669005675e-11	4.25284503739472e-15	2.15179051575	0.484	0.191
7	EBF1	9.36694520699820e-11	8.42881778727455e-15	2.0026313518789	0.312	0.083
7	AHRR	1.42854833246479e-10	1.28547496847367e-14	2.99857901157245	0.194	0.034
7	PRDM8	3.76266587723628e-10	3.38582369948374e-14	2.90431420249641	0.237	0.053
7	OLFM1	3.8679895456579e-10	3.48059888928093e-14	1.5062247385089	0.72	0.431
7	SGCD	3.01456878393142e-09	2.71265075490994e-13	1.52421747887689	0.774	0.544
7	OTOF	2.75374095661988e-08	2.47794561020416e-12	2.66439471536152	0.323	0.107
7	GASK1A	4.54975295123492e-08	4.09408166222885e-12	3.68260045622902	0.118	0.016
7	ZBTB18	4.65043684022963e-08	4.18468176030742e-12	2.53113474312455	0.344	0.12
7	FCHO1	5.02722358690748e-08	4.5237321937438e-12	1.87624911884187	0.398	0.151
7	PDE4B	7.96067870020692e-08	7.16339305336716e-12	1.21338103088021	0.677	0.428
7	CYRIA	1.09349928975084e-07	9.83982083821509e-12	2.23305463980555	0.269	0.075
7	IL1RAP	1.16046824004964e-07	1.0442438945826e-11	2.79387790721784	0.215	0.052
7	ERBB4	1.43719396825402e-07	1.29325471812653e-11	1.36447506484347	0.817	0.538
7	TMEM132C	5.77394275055657e-07	5.19566521241480e-11	0.442153053224526	0.839	0.566
7	TENM1	6.22759397093018e-07	5.6038819139118e-11	1.14618876189653	0.731	0.532
7	ADCY2	1.88456254468709e-06	1.69581800115818e-10	2.44619762517023	0.258	0.078
7	CD36	2.46689908716347e-06	2.21983180703992e-10	3.64994642257387	0.129	0.022
7	CBFA2T2	3.40654978948272e-06	3.06537369700596e-10	2.7552746352315	0.215	0.058
7	CNTNAP5	6.49719305889432e-06	5.84647985143015e-10	1.16342630418279	0.656	0.433
7	NRN1	8.49514264029812e-06	7.64432884036544e-10	1.45027633535475	0.495	0.238
7	SIM1	1.05222399090824e-05	9.46840628910502e-10	4.71769414602374	0.108	0.017
7	KCTD16	2.56120519867055e-05	2.30469288101372e-09	1.28145953423052	0.57	0.325
7	CPNE7	2.89256100293089e-05	2.60286241602708e-09	2.23740201376321	0.387	0.178
7	GRM1	3.90423510174068e-05	3.51321434512794e-09	1.2522368095178	0.505	0.271
7	R3HDM1	4.43971535668888e-05	3.99506466002779e-09	0.699597682254641	0.72	0.491
7	GPR153	7.07129887878438e-05	6.36308726607071e-09	1.56502338996332	0.538	0.328
7	ROBO1	0.000106045217340505	9.54244734459683e-09	1.30700603632096	0.57	0.34
7	SCN3B	0.000134018268771433	1.2059594058439e-08	1.62986156188165	0.387	0.176
7	SEMA3C	0.000161575814972512	1.45393516577443e-08	2.85767090442646	0.151	0.035
7	SCHIP1	0.000167774370514262	1.50971268347217e-08	1.14967675231291	0.656	0.481
7	NTNG1	0.000200894490419722	1.80774309745093e-08	1.08958893683912	0.538	0.309
7	APLP1	0.000267355301363702	2.40578872818953e-08	0.89469401984473	0.828	0.616
7	WASF1	0.000325787939525581	2.93159308490579e-08	1.72360369630026	0.419	0.216
7	GSG1L	0.00033683365060321	3.03098758753901e-08	2.99991594160684	0.151	0.036
7	UBASH3B	0.00046264940610955	4.16313692170926e-08	2.25128552246349	0.258	0.095
7	ADCY1	0.00131632244151487	1.18448883426156e-07	1.72294171163952	0.462	0.253
7	MEF2A	0.00139351379090711	1.25394924044553e-07	2.14328652046226	0.29	0.119
7	GRIK2	0.00149691808757172	1.34699728927537e-07	1.22029364762974	0.602	0.43
7	CDH10	0.00173080317769921	1.55745809205364e-07	2.18470275592314	0.28	0.114
7	BRINP2	0.00184008896767923	1.65579858515183e-07	1.60055879033621	0.86	0.639
7	GAL3ST3	0.00250128141417698	2.25077064175018e-07	1.92935411419943	0.301	0.13
7	BAIAP2L1	0.00400681203418793	3.60551789272737e-07	1.86982470120093	0.215	0.074
7	SHISAL1	0.00416912095583538	3.75157109316601e-07	1.53751438326175	0.366	0.183
7	INPP4A	0.00451884317878184	4.06626759541244e-07	1.81354171940168	0.387	0.211
7	DISP3	0.00518254243756007	4.66349539958614e-07	2.38367805931974	0.247	0.096
7	ROBO2	0.00706395950293943	6.3564829505439e-07	1.68594162186188	0.57	0.402
7	NEU3	0.00861854083969251	7.75536834310494e-07	1.37713843886442	0.376	0.189
7	VWC2	0.010115496766456	9.10239968186452e-07	1.9320712047842	0.237	0.092
7	NXPH4	0.0104429055659493	9.3970175163766e-07	1.75839723378184	0.29	0.128
7	B4GALT2	0.0109459669572871	9.84969581327017e-07	0.980637520223558	0.624	0.453
7	CHRNA5	0.0112572169275214	1.01297731733298e-06	2.60498171473274	0.215	0.081
7	CLSTN1	0.012952800320354	1.16555388467146e-06	0.729008743184101	0.817	0.681
7	CST3	0.0160738428591355	1.44639996932741e-06	0.931047367882964	0.688	0.537
7	KCND3	0.0170267821427789	1.53214992736245e-06	2.6316348353703	0.505	0.348
7	DLGAP3	0.0250021159811377	2.24980797094733e-06	1.25180622586121	0.43	0.244
7	ST8SIA5	0.0327193610399437	2.94424197245962e-06	0.656997091272774	0.753	0.626
7	ADAMTSL5	0.0340484584768744	3.06384041004899e-06	2.18319909147837	0.161	0.05
7	SYTL5	0.0391578713602083	3.52360940881925e-06	1.63547730804632	0.355	0.186
7	FXYD6	0.0432815871511668	3.89468074787787e-06	1.14527690377177	0.505	0.344
26	MCM6	1.83807146985136e-90	1.65398314573145e-94	9.07782761753178	0.5	0.002
26	TOP2A	2.48187147790775e-80	2.23330466832336e-84	11.468277759122	0.167	0
26	CDC20	2.48187147790775e-80	2.23330466832336e-84	11.468277759122	0.167	0
26	GEN1	2.48187147790775e-80	2.23330466832336e-84	11.6402339833448	0.167	0
26	PBK	2.48187147790775e-80	2.23330466832336e-84	11.468277759122	0.167	0
26	CDCA8	4.09950116920815e-80	3.68892393521834e-84	9.58294842793326	0.333	0.001
26	ARHGAP11A	6.90324259355501e-39	6.21186231760551e-43	8.88715882504102	0.167	0
26	PALB2	6.90324259355501e-39	6.21186231760551e-43	11.5183241405181	0.167	0
26	MYBL1	6.90324259355501e-39	6.21186231760551e-43	10.2379945971556	0.167	0
26	CDCA7L	6.90324259355501e-39	6.21186231760551e-43	9.96190809531763	0.167	0
26	BUB1	6.90324259355501e-39	6.21186231760551e-43	10.0587256623445	0.167	0
26	KNSTRN	6.90324259355501e-39	6.21186231760551e-43	10.1338643195404	0.167	0
26	ANLN	8.15874762483421e-39	7.34162478613715e-43	7.42354478009297	0.167	0
26	DTL	4.91297103639556e-25	4.4209223759521e-29	10.0449820459872	0.167	0.001
26	TIMELESS	4.91297103639556e-25	4.4209223759521e-29	9.22224058917269	0.167	0.001
26	DEPDC1B	4.91297103639556e-25	4.4209223759521e-29	8.12094448328317	0.167	0.001
26	UHRF1	5.49243155022978e-25	4.94234819601348e-29	8.35577851085774	0.167	0.001
26	DLGAP5	5.49243155022978e-25	4.94234819601348e-29	6.92793449342259	0.167	0.001
26	HES7	4.32201063891112e-18	3.88914841978864e-22	8.2418960651546	0.167	0.001
26	ASPM	4.32201063891112e-18	3.88914841978864e-22	8.90283953279117	0.167	0.001
26	NUF2	4.32201063891112e-18	3.88914841978864e-22	9.05053162413005	0.167	0.001
26	HAUS1	4.32201063891112e-18	3.88914841978864e-22	8.51065102001792	0.167	0.001
26	RAD52	4.69927372416929e-18	4.22862748507989e-22	7.46487541376543	0.167	0.001
26	INCENP	4.69927372416929e-18	4.22862748507989e-22	7.52613693093671	0.167	0.001
26	CIP2A	4.69927372416929e-18	4.22862748507989e-22	7.23499192766653	0.167	0.001
26	MAD2L1	5.10909662403315e-18	4.59740540271138e-22	6.52544593780139	0.167	0.001
26	HAUS3	6.1855094800478e-18	5.56601230995033e-22	7.7240632733115	0.333	0.006
26	NCAPD3	1.20645548511856e-14	1.08562538029205e-18	6.79619596051147	0.333	0.007
26	TERF1	6.95291489746683e-14	6.25655979255541e-18	7.00071910441306	0.167	0.002
26	FANCA	6.95291489746683e-14	6.25655979255541e-18	7.14477261281847	0.167	0.002
26	HMMR	6.95291489746683e-14	6.25655979255541e-18	7.79009276496125	0.167	0.002
26	CENPP	2.26118799474833e-11	2.03472329231381e-15	5.04623630035317	0.333	0.009
26	OBI1	4.02824448740389e-11	3.62480382201376e-15	7.90722922160004	0.167	0.002
26	CDCA7	4.02824448740389e-11	3.62480382201376e-15	9.53683697471083	0.167	0.002
26	DLL1	6.77929310497422e-11	6.10032673893118e-15	5.81552157876572	0.333	0.01
26	HAUS4	4.02249220852564e-09	3.61962765097241e-13	6.82860144115556	0.167	0.003
26	SUV39H1	4.22000087866335e-09	3.79735524040615e-13	6.66249331984057	0.167	0.003
26	UNG	4.22000087866335e-09	3.79735524040615e-13	7.19171795596431	0.167	0.003
26	SATB2	4.42702479082511e-09	3.98364509207694e-13	5.76226958476522	0.167	0.003
26	SGSH	5.78961797275777e-09	5.20977051449453e-13	6.57533537015688	0.333	0.011
26	ATAD5	5.92980475969578e-09	5.33591717780598e-13	6.62841544420849	0.333	0.011
26	KIF20B	8.28004395865641e-09	7.45077293139243e-13	5.21584190198513	0.333	0.011
26	ANKS3	1.28175406281363e-07	1.15338258149341e-11	6.6783519639567	0.167	0.003
26	NET1	1.33669886392256e-07	1.20282449736575e-11	6.67787998276745	0.167	0.003
26	GLI1	2.07029461903131e-07	1.86294845589067e-11	6.34241407093444	0.5	0.03
26	ANKRD6	7.80828734368045e-07	7.02626414440786e-11	3.77819197238894	0.667	0.055
26	E2F1	1.9053203649222e-06	1.71449686396311e-10	7.72052322704249	0.167	0.004
26	KIF11	1.97780478171036e-06	1.77972175084168e-10	7.38473382127357	0.167	0.004
26	MARVELD3	2.05298109921023e-06	1.84736893656999e-10	6.44378734309169	0.167	0.004
26	ALDH1L1	1.65968957438162e-05	1.49346672759977e-09	7.07189105578223	0.167	0.004
26	FANCD2	1.65968957438162e-05	1.49346672759977e-09	7.90828955347108	0.167	0.004
26	ALAS2	1.77510190406409e-05	1.59732016922892e-09	6.12035384956108	0.167	0.004
26	E2F5	1.8357045796492e-05	1.65185330662216e-09	5.09729886141293	0.167	0.004
26	ADAMTSL2	2.19876516324463e-05	1.97855229303035e-09	4.53072657894355	0.333	0.016
26	WDHD1	0.000101006546976459	9.08904409038595e-09	5.66172842511488	0.167	0.004
26	GSX1	0.000101006546976459	9.08904409038595e-09	6.51104465130533	0.167	0.004
26	KNTC1	0.000104141641870069	9.371154672012e-09	6.48245401820764	0.167	0.004
26	LOXL2	0.000110698122085878	9.96113759433798e-09	5.41949856246884	0.167	0.004
26	RHCG	0.000114125105392385	1.02695136679911e-08	5.26869798076208	0.167	0.004
26	ARHGAP45	0.000241927924435376	2.17698123310876e-08	4.0013578909345	0.333	0.018
26	CDK6	0.000360611372861672	3.24495071413365e-08	5.36921665376988	0.333	0.019
26	URB1	0.00043168694201121	3.8845221093423e-08	7.08161756597893	0.167	0.005
26	CEP152	0.00043168694201121	3.8845221093423e-08	8.25071793722466	0.167	0.005
26	TDRD5	0.00043168694201121	3.8845221093423e-08	6.71870890979037	0.167	0.005
26	SASS6	0.00043168694201121	3.8845221093423e-08	6.48254629733589	0.167	0.005
26	LRRC45	0.000443972885719916	3.99507680842181e-08	6.24466153479933	0.167	0.005
26	IPO4	0.00125763964496998	1.13168329431295e-07	5.26947941734323	0.333	0.021
26	CCDC69	0.00151883108893841	1.36671563838604e-07	7.43509182417391	0.167	0.005
26	GDPGP1	0.00159961483602237	1.43940865294913e-07	5.75276627981923	0.167	0.005
26	ORC1	0.00172863280232759	1.55550508623017e-07	5.13662043017743	0.167	0.005
26	COX7A2	0.00172863280232759	1.55550508623017e-07	4.80600039236396	0.167	0.005
26	HEG1	0.00447647219717213	4.028140193622e-07	7.00045728960112	0.167	0.006
26	PTGR3	0.00458560402551855	4.12634214480208e-07	6.5284453171226	0.167	0.006
26	ALDH8A1	0.00458560402551855	4.12634214480208e-07	5.70260116874437	0.167	0.006
26	VEPH1	0.00461748222522588	4.15502764800313e-07	4.27970231106097	0.667	0.095
26	TNFRSF18	0.00668013940039239	6.01110357274579e-07	5.01704262191451	0.333	0.024
26	NR0B1	0.0114485927100882	1.0301982102122e-06	6.95972264771015	0.167	0.006
26	NUGGC	0.0119752153398805	1.07758619093678e-06	6.12387683148462	0.167	0.006
26	POLD1	0.0125251107477423	1.12706836567465e-06	5.18774351627907	0.167	0.006
26	GLI2	0.015455995091655	1.39080312171826e-06	3.21090786532413	0.333	0.024
26	GAREM2	0.0183221091228312	1.64870954043294e-06	4.57334455219415	0.333	0.025
26	WNT16	0.026644717894813	2.39761701564051e-06	5.47344865678736	0.167	0.007
26	CHD1L	0.027212502608058	2.448708954203e-06	6.12190896405039	0.167	0.007
26	H3C15	0.027212502608058	2.448708954203e-06	5.41630982814302	0.167	0.007
26	GPR161	0.0283831141688028	2.5540460873574e-06	4.79491445322098	0.167	0.007
26	SORBS3	0.0289863978109692	2.60833238648153e-06	4.87824002739583	0.167	0.007
26	ATM	0.0352377243841865	3.17085614903145e-06	5.57314711589219	0.333	0.027
26	TRMT6	0.0391456273250284	3.52250763295496e-06	5.30881274344662	0.333	0.027
26	TATDN3	0.0436952736150861	3.93190620130353e-06	4.11875315353268	0.5	0.062
8	FOXA2	1.59853556320717e-98	1.43843747251612e-102	6.30615062555952	0.258	0.002
8	NXPH1	6.92323809880584e-80	6.22985521353895e-84	2.95540917484909	0.933	0.16
8	BHLHE22	1.14661995491358e-79	1.03178255638764e-83	3.21117354352719	0.685	0.071
8	SH2D1B	5.30663837884277e-79	4.77516276328873e-83	4.60720599078803	0.326	0.011
8	NTNG2	1.37363247658005e-73	1.23605909887523e-77	3.33946636131776	0.663	0.075
8	PRDM8	5.56319926181574e-73	5.00602831082132e-77	3.75724781348708	0.517	0.042
8	TUFT1	9.56656529680155e-73	8.60844533141506e-77	3.29826470914082	0.528	0.043
8	IRX5	6.93188518603859e-72	6.23763626926896e-76	3.63764352773482	0.438	0.028
8	IRX3	1.90620780517622e-71	1.71529542443645e-75	4.38194467531157	0.337	0.015
8	PRKCQ	8.62041181678887e-58	7.75705193628082e-62	1.10835137138502	0.573	0.062
8	FGF11	5.91498376519859e-55	5.32258054998523e-59	2.52504793277929	0.64	0.094
8	CCK	1.71234992247544e-53	1.54085298522041e-57	2.01532156588315	0.764	0.137
8	PITX1	2.09798497161728e-53	1.88786553731421e-57	2.94284984082403	0.506	0.054
8	PLEKHA7	2.94947098922929e-49	2.65407269794771e-53	2.49489107312137	0.584	0.081
8	KCNMB4	1.82881707248768e-47	1.64565560378627e-51	3.89081988791053	0.36	0.03
8	ZFPM2	6.66489003699396e-47	5.99738147844323e-51	2.24378424960448	0.775	0.155
8	NEUROD2	8.39448846751903e-45	7.55375548233513e-49	2.76540768344241	0.607	0.098
8	SPTBN5	5.24358977594266e-43	4.71842866547526e-47	2.46923188753854	0.36	0.032
8	PRKG2	7.44308949011617e-43	6.69764194197442e-47	2.73799880711863	0.551	0.081
8	DLGAP3	4.25327670430521e-41	3.82729839314785e-45	2.67339079363923	0.82	0.229
8	RDH10	8.06171791008877e-41	7.25431288588929e-45	2.51976184287427	0.404	0.044
8	ADCY1	2.83603170827906e-39	2.55199469835243e-43	2.21023234494025	0.82	0.239
8	CNTNAP5	5.28215703467853e-39	4.75313329854993e-43	2.29996915361207	0.955	0.422
8	TRIM9	9.47674743270061e-38	8.52762299352165e-42	2.33885925610215	0.787	0.222
8	ROBO2	8.01082055201734e-37	7.20851304959718e-41	3.21269148402203	0.921	0.388
8	CLSTN2	3.57795108491003e-36	3.21960864294973e-40	3.07597538266506	0.966	0.546
8	GRIA3	6.43392175883569e-36	5.78954536024088e-40	2.79181831542838	0.989	0.513
8	ADRA2B	6.84231556906714e-35	6.15703731581674e-39	2.37382517750339	0.539	0.094
8	CACNB4	1.16793511740359e-34	1.0509629419631e-38	2.26984600160458	0.787	0.241
8	IGSF3	5.66174794523095e-34	5.09470705050927e-38	2.36922390731289	0.775	0.23
8	SHISAL1	1.55053484255979e-33	1.39524416679545e-37	1.9455669668217	0.708	0.17
8	GFRA4	4.10959557516606e-33	3.69800735639886e-37	1.15373186398689	0.989	0.424
8	ABTB3	9.78493573983411e-33	8.80494532514543e-37	2.88991919438151	0.966	0.476
8	BHLHE23	2.77365111602177e-32	2.49586170792925e-36	3.80267709814964	0.247	0.02
8	CDH8	6.03600318766691e-32	5.43147951738226e-36	2.0626042259473	0.831	0.253
8	ANO2	8.70003757464255e-31	7.82870293767889e-35	2.25389620656829	0.483	0.083
8	GFRA3	1.04031380947674e-30	9.36123287570178e-35	1.84008674520712	0.584	0.129
8	BCL11A	2.12904123641237e-30	1.91581142482891e-34	1.65705056347135	0.899	0.305
8	SV2B	1.26915082559315e-28	1.14204159596252e-32	2.67484809914195	0.449	0.079
8	HOMER3	2.07903004817032e-28	1.8708090058223e-32	1.13597328075336	0.416	0.066
8	ADAM12	2.81310047260109e-28	2.53136009412498e-32	2.76295517235445	0.539	0.116
8	AFF2	1.19996951346056e-27	1.07978899798485e-31	1.63560414174744	0.921	0.428
8	RAB40C	1.65629220892289e-27	1.49040961839548e-31	2.23642269718237	0.618	0.157
8	RAVER2	2.38025308976865e-27	2.14186366396891e-31	1.80031370058466	0.876	0.357
8	FSTL4	2.49004938500911e-27	2.24066353370747e-31	1.82187114580785	0.854	0.353
8	PARD6G	1.11335411968815e-26	1.00184839349244e-30	2.46587120908881	0.213	0.017
8	CHST11	2.04266851509325e-26	1.83808918842189e-30	2.22603669746959	0.64	0.173
8	RAMP3	7.76852365698271e-26	6.99048290918987e-30	2.33052226615629	0.517	0.113
8	STRBP	1.32241590147471e-25	1.1899720160845e-29	2.64308222098808	0.82	0.318
8	PRKCB	1.69890406605401e-25	1.52875377130748e-29	2.66503044592366	0.831	0.377
8	FGF5	3.357248729667e-25	3.02101028495186e-29	4.7065370242171	0.124	0.005
8	GRIN2B	1.21753692541036e-24	1.09559698138249e-28	2.18031744462309	0.989	0.64
8	TTC28	2.35269769196854e-24	2.11706802120808e-28	1.57457160434867	0.674	0.185
8	GRM1	4.69440241752237e-24	4.22424405428091e-28	2.762487812665	0.775	0.26
8	RORA	6.36726199301868e-24	5.72956176821622e-28	2.44787050178872	0.494	0.113
8	TMEM163	1.19387758816396e-23	1.07430719712406e-27	1.66450205837761	0.764	0.268
8	CCM2L	4.64517612544788e-23	4.17994792175639e-27	3.4796402450924	0.146	0.009
8	LRRC7	8.19066876183831e-23	7.370348926337e-27	1.63734646983593	0.91	0.458
8	ADGRL3	9.33619952220792e-23	8.4011513742535e-27	1.72188299510625	0.966	0.617
8	SUSD6	1.26176088925318e-22	1.13539178372463e-26	1.96622240060778	0.596	0.165
8	HDAC4	4.24198843023548e-22	3.81714067329747e-26	1.75565924302004	0.652	0.189
8	EPHB1	9.60460928473973e-22	8.64267910081862e-26	1.99067919653909	0.854	0.428
8	RIMS4	2.29788905017685e-21	2.06774862789242e-25	1.71369803392223	0.652	0.2
8	R3HDM1	2.52663614056234e-21	2.27358601688323e-25	1.14037313325545	0.944	0.483
8	PTPRD	4.43249966296883e-21	3.98857163949323e-25	1.34157290028659	0.91	0.373
8	EDA	1.04724163869252e-20	9.42357274086674e-25	2.49550879952018	0.225	0.025
8	GRM4	2.02325394688895e-20	1.82061904696207e-24	1.72914537748857	0.921	0.477
8	ZEB2	2.29889059047756e-20	2.06864986095344e-24	0.938421052022805	0.899	0.305
8	TANC1	5.72732926484484e-20	5.15372020592535e-24	1.3173440976493	0.697	0.226
8	RHBDF1	7.00538158330833e-19	6.30377178377425e-23	2.57422081336668	0.348	0.067
8	NRG3	8.93266819778117e-19	8.038034912068e-23	1.14979850340591	0.989	0.736
8	EPHA6	3.66434134427946e-18	3.29734666091915e-22	0.659103760881298	0.753	0.271
8	SYT1	4.54623276416466e-18	4.0909140323627e-22	0.942945550172158	1	0.73
8	GNG13	5.34610024989306e-18	4.81067241059395e-22	2.71206021061698	0.281	0.046
8	SLC17A6	1.74609664771673e-17	1.57121987556621e-21	1.24184535701441	0.899	0.424
8	SEMA4G	5.59526123943525e-17	5.0348791860301e-21	1.78314952086477	0.64	0.209
8	ZBTB18	9.57849468032784e-17	8.61917995170327e-21	1.6239771025647	0.461	0.115
8	GRM8	1.07462845725524e-16	9.67001221322094e-21	1.59495562023176	0.921	0.573
8	SLC8A1	2.28464041855312e-16	2.05582688612717e-20	1.02638930873108	0.899	0.443
8	GABRD	2.43328800920073e-16	2.18958697849431e-20	1.46572056094616	0.551	0.157
8	PTPRT	3.47250825637114e-16	3.12472622727539e-20	0.850704406152633	0.843	0.334
8	ELAVL2	4.12136455637292e-16	3.70859763913698e-20	1.40020489693227	0.831	0.4
8	DPY19L2	4.37429959497315e-16	3.93620048139399e-20	2.16101534822526	0.382	0.087
8	PLXDC1	5.36124434019228e-16	4.82429977521126e-20	2.50530676367367	0.236	0.035
8	UNC5C	6.48963349290625e-16	5.83967739845788e-20	2.20540079909871	0.809	0.41
8	CBLN1	1.17417880280846e-15	1.05658130370598e-19	1.25239470256009	0.528	0.153
8	CLSTN1	1.21638200892653e-15	1.09455773321923e-19	1.13580089151625	0.978	0.675
8	GABRA6	1.62358424934186e-15	1.46097745823977e-19	1.86869336160179	0.393	0.092
8	UBASH3B	2.14465399825625e-15	1.92986052214186e-19	1.45262393680008	0.393	0.09
8	PLXNA1	2.44683974779349e-15	2.20178147016422e-19	1.28013827702082	0.955	0.615
8	TSPAN18	3.51925691561898e-15	3.16679286926931e-19	2.49834466752687	0.539	0.176
8	HTR2A	8.72387737403758e-15	7.85015511026508e-19	1.79105942817893	0.416	0.103
8	B4GALT2	1.46438917791495e-14	1.31772624666152e-18	1.16965417593743	0.865	0.443
8	DLGAP4	1.47774456102089e-14	1.32974404843057e-18	1.57789861495224	0.685	0.286
8	SLC39A14	1.63070459613822e-14	1.46738468112861e-18	1.70534209052004	0.472	0.135
8	HIVEP2	1.65080333365346e-14	1.48547047030816e-18	1.31669400108957	0.775	0.338
8	NRIP2	3.49590619469187e-14	3.14578079248796e-18	1.50410274139289	0.517	0.16
8	LMX1B	3.71399751782393e-14	3.34202962100596e-18	2.45327296277163	0.258	0.046
8	SEMA3F	3.84231452484029e-14	3.45749529815557e-18	0.9867654920717	0.461	0.126
8	SOBP	6.81731797380593e-14	6.13454330406364e-18	1.73021524373625	0.539	0.187
8	CHD5	1.69866278525965e-13	1.52853665550225e-17	1.43880253917328	0.742	0.346
8	CHST8	1.94928503381379e-13	1.75405834051452e-17	1.27063429437357	0.742	0.314
8	TP53BP1	2.42354044188222e-13	2.18081565903196e-17	1.9065601754881	0.393	0.105
8	RASSF5	3.32637982631855e-13	2.9932329940777e-17	2.08339169306555	0.348	0.084
8	OPN4	4.98387382565679e-13	4.48472404000431e-17	1.84246475461555	0.303	0.064
8	GPC6	5.48234102956562e-13	4.93326827100299e-17	1.59358749350494	0.798	0.4
8	TENM2	6.37577320393622e-13	5.73722055604807e-17	1.31811798492816	0.82	0.398
8	CYTH1	7.36512450860611e-13	6.62748538523001e-17	1.53074844492532	0.438	0.124
8	KCNG3	1.63270879360845e-12	1.46918815226172e-16	3.06755166183117	0.146	0.016
8	LUZP1	1.7220862780178e-12	1.54961421579934e-16	2.0830218411543	0.326	0.078
8	CFAP299	2.12415206501674e-12	1.91141191848892e-16	1.65801266231405	0.247	0.045
8	BSN	2.60603688413501e-12	2.34503453984974e-16	1.83977466419914	0.933	0.649
8	PCBP4	4.79013839772134e-12	4.31039179134468e-16	1.49078681908797	0.674	0.306
8	CAMKK1	2.25392817367615e-11	2.02819056391267e-15	1.0608025699504	0.73	0.325
8	GRID2	2.44501318915937e-11	2.20013784680947e-15	1.07351866415903	0.899	0.567
8	LRCH1	2.84104733752368e-11	2.55650799741175e-15	1.30101458043906	0.719	0.35
8	FAM20C	3.05629646271831e-11	2.75019928256844e-15	1.21096415830993	0.697	0.32
8	ADGRL2	3.19947190308092e-11	2.87903527677577e-15	1.31086805988277	0.876	0.514
8	SDC4	3.51454360062973e-11	3.1625516067936e-15	1.11223227970924	0.292	0.063
8	CPNE2	3.6027490219769e-11	3.24192299287042e-15	1.00495783265736	0.674	0.28
8	FAM131B	3.62515612070489e-11	3.26208595402222e-15	1.51931760423992	0.809	0.443
8	STXBP4	6.64838449110723e-11	5.98252901206446e-15	2.84057553729256	0.191	0.031
8	HLF	9.18792572480840e-11	8.267727638629e-15	2.07197785509907	0.573	0.223
8	GRM2	1.06779005293947e-10	9.60847703535922e-15	1.34223556703901	0.629	0.252
8	TSPAN4	1.09403311088428e-10	9.84462441180855e-15	0.841530140465498	0.865	0.43
8	PDZRN4	1.43887387681579e-10	1.29476637884981e-14	0.971101811450119	0.461	0.148
8	SYT2	1.58917118160429e-10	1.4300109615804e-14	1.3718875158668	0.809	0.434
8	KLF7	1.69888976531161e-10	1.52874090282697e-14	1.46568141719249	0.831	0.444
8	DAZAP1	2.17609595246832e-10	1.9581534711314e-14	1.64124787994564	0.393	0.118
8	TAFA4	2.29227046467076e-10	2.06269276043441e-14	1.42434011203094	0.449	0.143
8	C2CD2L	4.48655126022395e-10	4.03720980853411e-14	1.97142776836262	0.292	0.073
8	P2RY1	6.65684885996645e-10	5.99014564920944e-14	2.25369421624161	0.157	0.023
8	NCAN	8.78060399780704e-10	7.90120039395936e-14	0.506757181502858	0.91	0.5
8	GDPD4	9.37000535783269e-10	8.43157145490209e-14	1.68954237553664	0.629	0.272
8	FNDC3B	9.66864479864051e-10	8.70030126756098e-14	1.56433803296413	0.371	0.109
8	SLITRK6	1.00250375773862e-09	9.02100024960519e-14	1.89000472049789	0.258	0.057
8	IGLON5	1.10733819072345e-09	9.96434977704891e-14	1.11881860849133	0.708	0.323
8	GPR4	1.79247826686538e-09	1.61295623761845e-13	1.80486431685988	0.18	0.03
8	PIAS1	1.95104105314053e-09	1.75563848928329e-13	1.69259905766639	0.539	0.217
8	DPF1	2.37139103664865e-09	2.13388917182458e-13	1.48806157420859	0.483	0.175
8	CELF2	2.50543662810942e-09	2.25450969864971e-13	0.68557419648829	0.989	0.828
8	SCRT1	4.77298702380516e-09	4.29495817853429e-13	2.30388410924924	0.326	0.096
8	KISS1R	5.569210783353e-09	5.0114377605984e-13	1.61143304849504	0.292	0.075
8	AVPR1A	6.34358678284182e-09	5.70825770074851e-13	2.91091073482801	0.124	0.016
8	NPTN	6.39121064566759e-09	5.75111189207917e-13	1.43971966442404	0.809	0.503
8	CHRM2	1.06878844695976e-08	9.61746105425865e-13	0.596945433352077	0.742	0.35
8	PPP1R1B	1.08133659625144e-08	9.7303752024785e-13	2.63764983154084	0.236	0.054
8	DTNBP1	1.42386268543225e-08	1.28125860292653e-12	1.56592313939654	0.449	0.161
8	PTPRF	2.123914938232e-08	1.91119854065689e-12	1.01592778254325	0.843	0.493
8	PRELP	2.16138709227335e-08	1.94491774702902e-12	2.11945256305431	0.124	0.016
8	MGLL	2.17014505169889e-08	1.95279857077197e-12	0.915347272627488	0.506	0.186
8	RARB	2.25119339464697e-08	2.02572968113648e-12	0.63810676025773	0.337	0.094
8	CACNG2	2.58103049768761e-08	2.32253261737389e-12	1.56750517239624	0.764	0.414
8	KLF12	2.69301358222267e-08	2.4233002629557e-12	1.17307980211713	0.461	0.164
8	CACNA1A	2.83328726087709e-08	2.54952511551974e-12	0.879624991694251	0.831	0.493
8	PDLIM5	2.86767885626767e-08	2.58047229035154e-12	1.97096819648585	0.191	0.037
8	LIMK1	2.93565072031257e-08	2.6416365700644e-12	1.45966954644435	0.472	0.184
8	MAPKAPK3	3.93496199715519e-08	3.54086385058508e-12	1.55283331455012	0.225	0.049
8	PLPP4	4.77009436095418e-08	4.29235522447061e-12	2.04192408406587	0.27	0.07
8	TP53I11	5.12791369972994e-08	4.61433789231526e-12	1.28377707008007	0.348	0.103
8	PCLO	5.99575818834446e-08	5.39526517443036e-12	0.98551451188636	0.742	0.381
8	ELFN2	7.17611312385118e-08	6.45740405277709e-12	0.823590956227294	0.888	0.536
8	TUBB	7.68251429001517e-08	6.91308763611552e-12	1.8271763661401	0.303	0.088
8	DOCK4	9.50334931762797e-08	8.55156062055968e-12	0.867258477904586	0.787	0.441
8	FRMD5	9.88985538029655e-08	8.89935695158512e-12	0.945759184653877	0.517	0.201
8	ATP1B3	1.06624129198328e-07	9.59454055595504e-12	0.948565954450229	0.933	0.606
8	CABIN1	1.20164990233574e-07	1.08130109091671e-11	1.37287007187265	0.371	0.12
8	PC	1.27764743689207e-07	1.14968724637098e-11	0.976968251077955	0.562	0.234
8	NHSL2	1.43334877510744e-07	1.28979463250917e-11	0.874617647442522	0.787	0.425
8	NECTIN3	2.22416489528634e-07	2.00140816636942e-11	2.01399921400371	0.157	0.028
8	ZNF536	2.25234398902504e-07	2.02676504006573e-11	0.527755268912175	0.562	0.211
8	SH3KBP1	2.44280800409655e-07	2.1981535175889e-11	1.14963513722467	0.528	0.226
8	ARHGEF3	2.72750668756654e-07	2.45433878121708e-11	2.32350702588021	0.157	0.028
8	CNGA3	3.0535959918194e-07	2.74776927186124e-11	2.78810229245073	0.146	0.025
8	PHF24	3.43941238010706e-07	3.09494500144611e-11	0.770380841245624	0.562	0.23
8	KCNC4	3.59990087560745e-07	3.23936009683024e-11	1.80697707058828	0.236	0.058
8	OXR1	3.96757390019778e-07	3.57020957455033e-11	0.900998769304056	0.82	0.475
8	GRIK2	4.09837255795529e-07	3.68790835773895e-11	0.788255470049352	0.764	0.423
8	UNC5B	4.30699049368426e-07	3.87563258677608e-11	1.68407039688225	0.146	0.024
8	ANTXR2	4.64432375072326e-07	4.1791809148954e-11	0.70683092270114	0.303	0.087
8	RTN1	4.70230665242071e-07	4.23135665654703e-11	0.837353114858492	0.888	0.62
8	DBP	5.07668404021211e-07	4.56823903555485e-11	1.22140797298255	0.483	0.19
8	STMN2	6.27499429707796e-07	5.64653495642758e-11	1.02040610447065	0.787	0.452
8	TNR	6.41660128907505e-07	5.77395958703774e-11	0.449869389879608	0.685	0.296
8	EPB41	6.84400450418758e-07	6.15855709906198e-11	0.936476648820401	0.798	0.438
8	TMEM131	8.13618409910182e-07	7.32132106461065e-11	1.19603920980443	0.337	0.109
8	DCLK1	9.7469899565001e-07	8.77079992486287e-11	0.951855588860618	0.697	0.377
8	SCUBE3	9.99015371644445e-07	8.98961011108112e-11	1.27824674671072	0.315	0.093
8	SNCG	1.24445234616813e-06	1.11981674270506e-10	0.948523261993282	0.64	0.325
8	RMND1	1.31741588662543e-06	1.1854727675924e-10	2.41010526869875	0.101	0.013
8	ENTREP3	1.39882238412887e-06	1.2587261622684e-10	1.80658071477183	0.281	0.083
8	LAMA3	1.66230936980526e-06	1.49582414272047e-10	1.95013334127483	0.135	0.022
8	SCHIP1	1.68467440963703e-06	1.51594925729959e-10	0.644788743311651	0.831	0.474
8	CADM1	1.93862265287197e-06	1.74446382873389e-10	1.19179646495445	0.944	0.693
8	PDE7B	2.05074222695265e-06	1.8453542940274e-10	2.41347413047389	0.169	0.035
8	ADAM11	2.12487347480569e-06	1.91206107694204e-10	1.15796986558295	0.607	0.301
8	L1CAM	2.61463835711032e-06	2.35277454972583e-10	1.23837668545936	0.809	0.521
8	ROBO1	2.8815895275738e-06	2.59298976655611e-10	0.838942929452146	0.685	0.336
8	PAPPA	3.75567961749281e-06	3.37953713443067e-10	1.81548431431322	0.258	0.075
8	SLC23A2	4.12856337581128e-06	3.71507547539933e-10	1.37708536295656	0.438	0.175
8	CHRNA5	4.72278677163506e-06	4.2497856309143e-10	1.56493240145983	0.27	0.079
8	ATP6V0C	5.69423905651306e-06	5.12394408036809e-10	0.8606549097701	0.865	0.576
8	SPOCK1	5.86633651679848e-06	5.27880546818904e-10	0.968472348313947	0.584	0.274
8	TNNT1	5.9743923836858e-06	5.37603921865005e-10	1.56669552555938	0.191	0.044
8	R3HDM2	8.83508758256368e-06	7.95022728566875e-10	1.02338342517749	0.573	0.273
8	GRIP2	9.20146268662854e-06	8.27990883346399e-10	1.01744391001242	0.202	0.048
8	KIF21B	9.87955615081905e-06	8.89008922056965e-10	1.18410695522447	0.449	0.186
8	GPD2	1.08624911298648e-05	9.77458033822081e-10	1.19243260785542	0.326	0.109
8	SEMA6C	1.08718832634815e-05	9.78303182172369e-10	0.781258729578089	0.73	0.375
8	HSPA12A	1.13184150505546e-05	1.01848421223384e-09	1.40155133665243	0.427	0.177
8	ADORA1	1.23186754878172e-05	1.10849235020402e-09	1.07660798903399	0.225	0.06
8	CBARP	1.28429093634442e-05	1.15566537959544e-09	0.286295998828916	0.472	0.208
8	ARHGAP12	1.42052630499203e-05	1.27825637090977e-09	0.887466700861393	0.416	0.161
8	CACNA2D2	1.42103892574983e-05	1.27871765117415e-09	0.882704706876176	0.854	0.518
8	KIT	1.43068500649697e-05	1.28739764824707e-09	1.56156559599966	0.202	0.05
8	GPR158	1.63179146988749e-05	1.46836270123953e-09	1.07911844367933	0.663	0.378
8	LSAMP	1.77034128737683e-05	1.59303634246093e-09	0.679761943750237	0.921	0.6
8	GRIN1	1.80249817577075e-05	1.62197262284779e-09	0.41249043866252	0.978	0.662
8	ACCSL	1.90855592767426e-05	1.717408375483e-09	1.56815364897404	0.124	0.021
8	ILVBL	1.96667882503158e-05	1.76971009181282e-09	2.2484998805606	0.112	0.018
8	NAV3	2.07457377340678e-05	1.86679904022927e-09	0.559614483413028	0.876	0.508
8	SLC6A17	2.26225709719369e-05	2.03568532096976e-09	0.863507166918343	0.629	0.326
8	KLHL5	2.30331048380554e-05	2.07262708881989e-09	1.2244066529461	0.416	0.165
8	MUC15	2.37062939416057e-05	2.13320381009679e-09	1.25104846846556	0.461	0.197
8	SAMD12	2.52587631078012e-05	2.27290228631344e-09	0.9690182623759	0.573	0.279
8	ABI2	2.71112991946344e-05	2.43960219514393e-09	1.84166187045566	0.584	0.323
8	INPP5A	3.03211913456697e-05	2.72844338573470e-09	1.04042705781426	0.404	0.157
8	GNMT	3.17804564616762e-05	2.85975492321392e-09	2.01363043627865	0.135	0.026
8	GFRA2	3.2173528198492e-05	2.89512536655197e-09	1.42973681770902	0.438	0.188
8	SHF	3.2631845644016e-05	2.93636692558409e-09	0.999118619940941	0.371	0.135
8	LRRC4C	3.55318649491948e-05	3.19732430029648e-09	0.877126210378329	0.809	0.516
8	BMP2K	3.99681450317749e-05	3.59652164418023e-09	0.523924859091266	0.438	0.176
8	RADIL	4.03584836272906e-05	3.63164614661123e-09	0.981062021183771	0.348	0.125
8	ADGRB3	4.06232272535106e-05	3.65546902308203e-09	0.744232551579891	0.91	0.67
8	CDKL5	4.17265617385585e-05	3.75475224858801e-09	0.894425434871354	0.685	0.371
8	PSD	4.38839984348549e-05	3.94888854808377e-09	1.19303858955541	0.764	0.447
8	SPIRE2	4.55622423842672e-05	4.09990483076282e-09	1.41667025895704	0.315	0.109
8	IL1RAPL1	4.7286616470618e-05	4.2550721200952e-09	0.52450771599133	0.865	0.604
8	GABRB2	4.86350540955686e-05	4.37641087875179e-09	0.97194805429376	0.461	0.199
8	RUSC1	5.40987261942217e-05	4.86805778765606e-09	0.992606632368518	0.573	0.289
8	NFATC3	5.62970941006841e-05	5.06587726992569e-09	1.49712916406252	0.135	0.026
8	FLRT1	6.21158778893751e-05	5.58947879864799e-09	0.78324508653093	0.528	0.248
8	DLC1	6.35460081738007e-05	5.71816864697208e-09	0.24195355435671	0.371	0.135
8	NEUROD6	0.000103485509736106	9.31211281707065e-09	2.20790917062804	0.135	0.027
8	SPSB4	0.000103647070515152	9.32665081572497e-09	0.875955414094508	0.449	0.196
8	HS3ST4	0.00011114377450536	1.00012394947683e-08	1.00784346561345	0.416	0.168
8	NBEA	0.000136308068661865	1.22656410205943e-08	0.549348248622004	0.753	0.428
8	SRRM3	0.000152212946989217	1.36968367667792e-08	0.959220925944028	0.64	0.354
8	KAT6B	0.000153224174491111	1.37878317727986e-08	0.911956184347944	0.404	0.161
8	RTN4RL2	0.000154842237562649	1.39334326970799e-08	2.18158694593589	0.112	0.02
8	GRIN3B	0.000155923047671971	1.40306890733349e-08	0.997787122643983	0.326	0.116
8	GABRA1	0.000157166576390387	1.41425876352368e-08	0.68265652052929	0.843	0.505
8	MAST1	0.000160089721783383	1.44056260040838e-08	0.848361006281226	0.629	0.332
8	APLP1	0.000167513931042867	1.50736912663427e-08	0.720268638068867	0.91	0.613
8	GRM5	0.000190304401821929	1.71244850015233e-08	0.46600736974432	0.753	0.429
8	GLCE	0.000204170270769865	1.83722010951017e-08	1.13167147256916	0.427	0.184
8	LAMA5	0.000243672986345541	2.19268412080933e-08	1.42870878141343	0.191	0.05
8	CDS1	0.000269676932121193	2.42667985351564e-08	1.05821759318797	0.449	0.202
8	KCNQ3	0.000272459278629296	2.45171671582197e-08	0.522756930119122	0.876	0.563
8	LGI1	0.000277023584869028	2.49278848977799e-08	0.906637925270696	0.461	0.204
8	ROCK2	0.000346526838413388	3.11821144977403e-08	1.3567024556206	0.202	0.057
8	CPE	0.000422763887551012	3.80422826915335e-08	0.600402577070406	0.921	0.61
8	GPR153	0.000438028628009173	3.94158758219359e-08	0.733834500648525	0.64	0.324
8	MARK3	0.000458868398631344	4.12911363836358e-08	0.419230031306745	0.775	0.497
8	NUP93	0.0004668832121443	4.2012346993998e-08	0.980851944186759	0.416	0.183
8	LRRTM4	0.000478612156221393	4.30677725385938e-08	0.781328419244876	0.809	0.518
8	KCNG1	0.000478885481695642	4.30923676501072e-08	1.94946078672729	0.124	0.025
8	CBFA2T2	0.000493841823231953	4.44382095952446e-08	1.86182754984655	0.202	0.059
8	DUSP5	0.000555775715024323	5.00113124290761e-08	0.802278941578671	0.157	0.037
8	GABBR1	0.000597253070133062	5.37436398931937e-08	0.746766570604165	0.944	0.701
8	CORO2B	0.000638779418151435	5.74803759697143e-08	0.78292514297069	0.404	0.172
8	COQ9	0.000763692153319784	6.87206112948604e-08	1.76058231888014	0.169	0.043
8	FGF13	0.000836565847779184	7.52781290181935e-08	0.679013065506486	0.652	0.347
8	OPCML	0.000886316695461327	7.97549442509968e-08	0.612433696849629	0.708	0.412
8	DGKG	0.000914636611242624	8.23033034502496e-08	0.863366480313595	0.539	0.279
8	KCNS2	0.000958206730763089	8.62239476975694e-08	1.85335168559513	0.157	0.039
8	LGI3	0.000960887383486084	8.64651654356235e-08	1.2795327864258	0.303	0.116
8	DOK4	0.000974103705640507	8.76544322541625e-08	0.681024885332436	0.629	0.347
8	BACH2	0.00115717214065805	1.04127790934766e-07	0.534263705401549	0.719	0.375
8	GABRA2	0.00122804942230151	1.10505662044589e-07	0.946348531973674	0.472	0.221
8	SEMA3G	0.00127933422285612	1.15120509570424e-07	0.772526778139151	0.348	0.135
8	FGL2	0.00136890865861856	1.2318083853312e-07	1.37367665863486	0.202	0.06
8	NELL2	0.00139609904831785	1.25627557663804e-07	0.845475055411859	0.506	0.25
8	EML1	0.00150125544003046	1.35090024298611e-07	0.905038564020939	0.303	0.113
8	KCNF1	0.00151028397827316	1.35902454627298e-07	1.91870707582978	0.18	0.051
8	SH3GL2	0.0015824980369462	1.42400615220571e-07	0.717899989331805	0.663	0.371
8	EFNB3	0.00160871077773516	1.4475936090481e-07	0.841235519363956	0.562	0.311
8	FLRT2	0.00161171450088357	1.45029650039015e-07	0.687467174834411	0.449	0.205
8	TMTC2	0.00171665547283582	1.54472732190751e-07	1.02609958416091	0.596	0.352
8	GRIN3A	0.00194661914939457	1.75165945234821e-07	1.74970757428776	0.157	0.04
8	MAGIX	0.00197156925690767	1.7741107323924e-07	1.71403240442315	0.461	0.216
8	KCNA10	0.00207163800282375	1.86415729580109e-07	2.60126372966149	0.112	0.023
8	MINAR1	0.00216842883858861	1.95125424150869e-07	1.06958080862246	0.258	0.089
8	STAC	0.00225773324358308	2.03161454475216e-07	1.47068102042349	0.157	0.04
8	TMEM151A	0.00244301673127142	2.19834134011646e-07	0.983065925849764	0.371	0.157
8	NDUFS7	0.0024433939360337	2.19868076669999e-07	1.21927392399821	0.236	0.078
8	NTM	0.00251544961815614	2.26351985796468e-07	0.464886440457045	0.82	0.502
8	CAPRIN2	0.00256430720876007	2.30748421556742e-07	1.1167733351929	0.202	0.06
8	SCN1B	0.00258516405722034	2.32625218862624e-07	0.574077924180431	0.753	0.463
8	C14orf132	0.00263498871651183	2.37108676011143e-07	1.56297976056049	0.225	0.073
8	APP	0.00283320943620327	2.54945508521846e-07	0.234929968058418	0.944	0.694
8	CHRNB2	0.00308124590653302	2.77264996538561e-07	0.880110526843416	0.416	0.189
8	GPR37	0.003428184300547	3.08484144744623e-07	1.17590140164392	0.438	0.206
8	SORT1	0.00361621996838597	3.2540447839341e-07	0.72538546520146	0.315	0.121
8	DLG4	0.00367875956934453	3.31032085786424e-07	0.33259428357274	0.775	0.476
8	DUSP4	0.00371448920528592	3.34247206450636e-07	1.50930597624413	0.213	0.068
8	ARHGEF28	0.00403042253764715	3.62676373404765e-07	0.850227491472025	0.213	0.068
8	RAB3C	0.00407732972911761	3.66897303079061e-07	1.21029786613247	0.326	0.134
8	TRAF2	0.00436568385377261	3.92844763229786e-07	0.440675966801342	0.315	0.123
8	SUMO1	0.00453123932979527	4.07742223503578e-07	1.60259785610085	0.202	0.063
8	MEF2D	0.00471561668005004	4.24333364532533e-07	0.506949101100441	0.753	0.471
8	SGCB	0.00474905237012405	4.27342065160087e-07	1.11595560062006	0.303	0.12
8	APBB1	0.00476709988832157	4.28966065717769e-07	0.966772486193468	0.427	0.204
8	BDNF	0.004885891982937	4.39655537023036e-07	1.02910481302846	0.27	0.097
8	TLN2	0.00615647686320447	5.5398873960267e-07	1.1412797245113	0.393	0.182
8	EPB41L1	0.00628827392587656	5.65848459090845e-07	0.78964029117735	0.64	0.362
8	RAPH1	0.00633714352892121	5.70245975787025e-07	1.03752914153487	0.551	0.328
8	ITPK1	0.00680161815094255	6.12041586515122e-07	0.846830093329537	0.315	0.127
8	HDAC9	0.00761281328889732	6.85036739755001e-07	1.32196893885101	0.225	0.076
8	TACR1	0.0077130991002939	6.94060928668578e-07	1.46671291750959	0.27	0.104
8	GALNT13	0.00805424322629167	7.24758681390414e-07	0.606268081564478	0.371	0.158
8	HECTD4	0.00823549653172313	7.41068706175032e-07	1.14767526828185	0.326	0.141
8	ARHGAP44	0.00835155732454015	7.51512402100256e-07	0.810721231005527	0.787	0.536
8	HIP1	0.00866952165396125	7.801243277208e-07	0.627879078921237	0.427	0.196
8	FUCA2	0.00883095581492143	7.94650932684372e-07	1.37960548559332	0.169	0.048
8	NECAB1	0.00946408896865933	8.51623231230031e-07	0.882345538008384	0.292	0.112
8	MCF2	0.00987098839214513	8.88237954840739e-07	1.16463848807172	0.337	0.147
8	SPTBN1	0.0105295992527846	9.47502857264883e-07	0.479945221623308	0.91	0.637
8	DIRAS1	0.0105844156231011	9.52435492045452e-07	1.03700688500821	0.539	0.296
8	GPR137B	0.0106361658237821	9.57092218463252e-07	1.37299561591597	0.258	0.098
8	KNDC1	0.0108273988058037	9.74300261477884e-07	0.864884664021328	0.315	0.128
8	RGS20	0.0108603589336894	9.77266168783355e-07	0.841247494717436	0.315	0.129
8	NEDD9	0.0109210459010159	9.82727067489956e-07	0.448788544243843	0.315	0.124
8	FBXW7	0.0112924101286849	1.01614416707324e-06	0.546855418570703	0.573	0.306
8	CACNG4	0.0116742352792242	1.05050258968993e-06	2.41102669930415	0.416	0.205
8	RHOBTB2	0.0122504225487961	1.10235062978459e-06	1.1640670926753	0.236	0.084
8	DAB1	0.0126091559061383	1.13463114425793e-06	0.573886001961366	0.64	0.356
8	PTPRS	0.0129677358828368	1.16689785681965e-06	0.418389932994387	0.933	0.647
8	XYLT1	0.0134583367380254	1.21104442886938e-06	0.583744298553001	0.584	0.313
8	CDK5R1	0.0138473114366907	1.24604620144792e-06	0.730757390813637	0.517	0.265
8	MCCC1	0.0147866589550992	1.33057310853047e-06	2.06891440015779	0.135	0.035
8	PAPPA2	0.016557853670003	1.48995353819877e-06	1.02053915379927	0.18	0.054
8	CPLX1	0.0172855169721051	1.55543210403178e-06	1.11074085122252	0.337	0.146
8	ASTN2	0.0182748063478948	1.6444530142981e-06	0.520913281008076	0.652	0.362
8	GPC1	0.018572775548328	1.67126568418321e-06	0.464932390841426	0.506	0.257
8	TNFRSF21	0.0192678544529633	1.73381215270074e-06	0.698683238111972	0.348	0.155
8	GLRA2	0.0201455916388233	1.8127950723318e-06	1.24798781329807	0.303	0.129
8	FBXL20	0.0204826672069165	1.84312671708058e-06	0.975271656674332	0.416	0.208
8	NACC2	0.0205399044527418	1.84827719362384e-06	1.43103877561926	0.225	0.081
8	DAAM1	0.0209906653806528	1.88883878166587e-06	0.885141407528329	0.292	0.119
8	SSTR3	0.021279527332152	1.91483193846414e-06	1.16537291955356	0.101	0.021
8	ITM2C	0.0227599846882333	2.04805045336393e-06	0.704949429154149	0.539	0.276
8	GRIK1	0.0229821843703343	2.06804502567572e-06	0.752626523801751	0.315	0.126
8	DPYSL2	0.0230264260429853	2.07202609943177e-06	0.628445796062862	0.674	0.382
8	SV2A	0.026264022727348	2.36336027421471e-06	0.574872298524673	0.73	0.433
8	CCDC136	0.0282557677989899	2.54258686214253e-06	0.589992197507932	0.607	0.362
8	SEZ6L	0.0305780748045728	2.75155896738709e-06	0.513268036935135	0.562	0.314
8	SHISA2	0.0316596716544604	2.84888613825793e-06	1.94286822880545	0.124	0.031
8	MYT1L	0.0318485934866287	2.86588621314035e-06	0.76021253483761	0.573	0.319
8	EPHX3	0.0329516390256437	2.96514343792349e-06	1.60001146448024	0.169	0.052
8	ENO2	0.0331073091800901	2.97915137047513e-06	0.690426957974293	0.64	0.359
8	NR3C1	0.033822192215737	3.043479907832e-06	0.318079996927432	0.618	0.349
8	PPP1CB	0.0346054174039652	3.11395819346398e-06	0.96764162122149	0.247	0.094
8	RORB	0.0346344342917226	3.11656926947922e-06	1.65090940608543	0.101	0.022
8	PTPRO	0.0359962760436748	3.23911419451767e-06	0.628382917252654	0.584	0.325
8	ATP6AP2	0.0372965301864453	3.35611717686001e-06	0.69873977403112	0.506	0.269
8	PIEZO2	0.0389274666120155	3.50287650607536e-06	2.30128298177134	0.124	0.032
8	ELMO2	0.0401909999438117	3.61657517716293e-06	0.728199849973553	0.404	0.193
8	ARL6IP5	0.0414915359907433	3.73360352656738e-06	1.07192828957858	0.36	0.17
8	STOX2	0.042105835917539	3.78888112278763e-06	0.624271763803905	0.596	0.328
8	RAB6B	0.0438888501911514	3.9493251319312e-06	0.808857688280138	0.483	0.247
8	RAB3A	0.0455064066368269	4.09488046763493e-06	1.05591320334154	0.483	0.259
8	OSBPL8	0.0463783384153522	4.1733409894135e-06	0.542500281871255	0.652	0.385
8	NRXN2	0.0470640104219186	4.2350409810059e-06	0.337503942000369	0.989	0.793
8	RNF208	0.0479895032984138	4.31832118225626e-06	1.04117934683062	0.393	0.198
8	XYLT2	0.0480215137054367	4.32120162921234e-06	0.905350759065769	0.169	0.052
8	ABR	0.0485285130719683	4.36682381642836e-06	0.50392704014479	0.562	0.317
8	PGAM4	0.0489379881065219	4.40367030563501e-06	0.751903301807649	0.393	0.188
20	EPX	2.63272871293115e-85	2.36905310261059e-89	12.6893104648532	0.222	0
20	ADGRE5	3.19417808911927e-59	2.87427165402616e-63	9.77672496070972	0.167	0
20	STX11	1.39817390039767e-52	1.25814262611146e-56	10.4006645936028	0.111	0
20	GPR171	1.39817390039767e-52	1.25814262611146e-56	10.9128613825373	0.111	0
20	INPP5D	1.29309082432937e-48	1.16358393262789e-52	6.71683757657372	0.333	0.006
20	CIITA	1.40794973514307e-40	1.26693938193383e-44	5.19315071293874	0.222	0.003
20	PSMB8	2.10962020822489e-38	1.89833547037244e-42	7.95481953201783	0.167	0.001
20	LIFR	2.10962020822489e-38	1.89833547037244e-42	9.54292728390737	0.167	0.001
20	GPR183	2.35764411969342e-38	2.12151904948567e-42	8.03674100128166	0.167	0.001
20	RASAL3	2.49232461711694e-38	2.24271089455317e-42	8.17398857795726	0.167	0.001
20	ARHGAP15	1.12057063113228e-32	1.00834214985358e-36	6.05022817766844	0.278	0.006
20	NLRC3	2.00265072816689e-32	1.80207930186888e-36	8.06960983602944	0.167	0.002
20	RUBCNL	2.44283194370323e-30	2.19817505957278e-34	5.61605457096464	0.222	0.004
20	ITPRIP	3.9816368150326e-28	3.58286404664141e-32	6.6693377189056	0.222	0.004
20	PTAFR	5.89349708728179e-28	5.30324582676306e-32	7.89350427157408	0.167	0.002
20	PIK3R5	7.74778279941903e-28	6.97181931019439e-32	6.80645878630936	0.278	0.008
20	MFNG	4.60067358199369e-27	4.13990244037946e-31	6.42680178899331	0.389	0.016
20	SEMA7A	7.11731328767888e-27	6.40449319506783e-31	5.34009423082718	0.333	0.011
20	CARD11	4.7127579945526e-26	4.24076126568217e-30	5.35392222052952	0.278	0.008
20	STAT4	9.08914574332359e-25	8.178840766061e-29	9.38939326695225	0.111	0.001
20	LPAR5	9.08914574332359e-25	8.178840766061e-29	8.27221234029912	0.111	0.001
20	MMP20	9.08914574332359e-25	8.178840766061e-29	8.21888736721222	0.111	0.001
20	TGFBR2	6.05181135659763e-24	5.44570445118116e-28	6.0130372113876	0.278	0.009
20	CD53	1.39312614830159e-20	1.2536004213998e-24	4.37417731715419	0.333	0.015
20	ITGB2	4.80097238426509e-20	4.32014072191585e-24	4.9770381496896	0.333	0.015
20	IL2RG	2.33103996076151e-19	2.0975793761914e-23	6.65896222494947	0.167	0.004
20	WIPF1	2.07368132227881e-18	1.86599597073591e-22	4.80068077170309	0.444	0.031
20	DAPP1	1.07584844768241e-15	9.68099026079734e-20	4.61634870432961	0.333	0.019
20	GMIP	7.90763718522706e-15	7.1156638038577e-19	5.30314433222628	0.222	0.009
20	MAP4K1	1.28232399300218e-12	1.15389543147861e-16	5.49751821551513	0.278	0.016
20	HDAC7	3.18668787346569e-12	2.86753160574615e-16	5.73752018368481	0.222	0.011
20	HCLS1	4.08287588436398e-12	3.67396372209483e-16	4.95304223515312	0.167	0.006
20	MYO1G	4.92977720692184e-12	4.4360453585187e-16	4.33119831469975	0.222	0.011
20	IQGAP1	1.63508168500412e-11	1.47132339152714e-15	4.42682893879104	0.333	0.026
20	HCK	2.72919721460751e-11	2.45585999694728e-15	4.27996223840154	0.278	0.018
20	SAMSN1	2.78520350310974e-11	2.50625708909362e-15	5.92571058476169	0.167	0.006
20	CXCR3	3.37991285183156e-11	3.04140452787867e-15	4.88953509089891	0.167	0.006
20	IL31RA	1.95002874226405e-10	1.75472756435171e-14	5.65777658661289	0.167	0.007
20	ADORA2A	1.98598151278273e-10	1.7870795579796e-14	6.37288955613092	0.167	0.007
20	ERN2	1.3911905456945e-09	1.25185867515027e-13	6.00971171028418	0.389	0.042
20	IL17RE	3.16875736146746e-09	2.85139688784978e-13	8.27926797698048	0.111	0.003
20	NRROS	3.58296512913068e-09	3.22412051572993e-13	5.52202365917947	0.111	0.003
20	RUNX1	4.84887309715067e-09	4.36324403594949e-13	5.83131488628427	0.167	0.008
20	SH3BP1	6.51052323833595e-09	5.85847497375682e-13	4.96155024304053	0.167	0.008
20	ARHGEF1	1.86221605521622e-08	1.67570957906615e-12	4.63532705204145	0.333	0.033
20	IL18RAP	2.42596272129676e-08	2.18299533995929e-12	4.57378247966433	0.5	0.077
20	ITGAX	5.04006584911303e-08	4.53528826519664e-12	5.47313295710482	0.222	0.015
20	TBX21	5.65981491716329e-08	5.0929676209514e-12	8.66350722840074	0.111	0.004
20	CTSS	5.91561452415654e-08	5.32314813655767e-12	5.89841908406503	0.111	0.004
20	RAPGEF6	1.44594617511902e-07	1.30113036544499e-11	3.88366556225533	0.667	0.149
20	DEF6	2.44901483878005e-07	2.20373871931976e-11	4.46212817648737	0.167	0.009
20	SH3BP2	6.64574188202833e-07	5.98015106814391e-11	5.58791431992609	0.111	0.004
20	ITGB3	6.87440226817019e-07	6.18591043657895e-11	4.8775236603757	0.167	0.009
20	GALNT12	7.19972822161403e-07	6.47865402826782e-11	4.59897307675809	0.111	0.004
20	PREX1	1.47279089978409e-06	1.32528651109879e-10	3.61931226260097	0.556	0.107
20	HIC1	4.32238830142336e-06	3.88948825827712e-10	6.83547768484571	0.111	0.004
20	MAP3K6	4.56730110618568e-06	4.10987231727317e-10	6.86323834438524	0.111	0.004
20	CDK6	8.71315415750657e-06	7.84050585576044e-10	3.97159718787748	0.222	0.019
20	CT55	1.0772733086313e-05	9.69381182967069e-10	4.78962143989373	0.222	0.019
20	PLEKHA2	2.30131881548246e-05	2.07083489200257e-09	8.10611259427525	0.111	0.005
20	PHETA2	0.000113170733688795	1.01836348140731e-08	4.68965920403878	0.111	0.005
20	SNAP23	0.000132514977778477	1.19243208655158e-08	4.29365686662887	0.222	0.022
20	PTK2B	0.000356867328205443	3.21126003964224e-08	5.10760035298175	0.111	0.006
20	IRF7	0.00037286748419797	3.35523696749725e-08	4.94531143114625	0.111	0.006
20	NOTCH2	0.000838282621879427	7.54326124250362e-08	4.33377274818255	0.167	0.014
20	IKBKB	0.00113561417445551	1.02187903757357e-07	4.50427321854669	0.111	0.006
20	WDFY4	0.00116707311960928	1.05018727581146e-07	4.53918614975822	0.111	0.006
20	ANTXR2	0.00126322031119113	1.13670504021518e-07	2.74142587987999	0.444	0.092
20	NCF4	0.00274178225896653	2.46718461168589e-07	5.75202192359832	0.111	0.007
20	RUNX3	0.00292400255428398	2.63115500250516e-07	4.5552866196776	0.111	0.007
20	REL	0.00332417404546357	2.99124812873532e-07	3.48535966261572	0.111	0.007
20	FOXI1	0.00382892801750729	3.44544948934337e-07	4.31824691061274	0.333	0.06
20	VAV3	0.00401193576837891	3.61012846970117e-07	4.85814215881796	0.5	0.13
20	IKZF2	0.00410402614921149	3.69299572501708e-07	4.84984799335937	0.222	0.027
20	DOCK2	0.00632833864841301	5.69453671233061e-07	4.5741466176717	0.222	0.028
20	ZBTB7B	0.00703969590581756	6.33464942483358e-07	4.2998840784378	0.111	0.007
20	MYOF	0.00738894561114189	6.648920733503e-07	3.76236112671226	0.111	0.007
20	NIBAN1	0.012106524154209	1.08940197554297e-06	5.63649389956018	0.222	0.029
20	RAB44	0.0141141738559043	1.27005973687612e-06	4.62969157485237	0.111	0.008
20	ARHGAP27	0.0198885571744563	1.78966590249765e-06	3.58401989982941	0.278	0.046
20	HLA-DQA2	0.0217377087284948	1.95606125515115e-06	3.47234967855829	0.222	0.029
20	TSPAN8	0.028840015339751	2.59516020334303e-06	4.73290093870712	0.111	0.008
20	TSKU	0.0294751709503887	2.65231449207133e-06	4.53975794883431	0.111	0.008
20	POGLUT3	0.0297977619908691	2.68134275091056e-06	4.42954292182715	0.111	0.008
20	VASP	0.0321526540716316	2.89324701445438e-06	3.64671045285149	0.111	0.008
20	PIK3C2A	0.0337287146034551	3.035068352691e-06	2.80404509497232	0.278	0.046
20	GRK6	0.0355519282514623	3.1991296905842e-06	3.73349885102388	0.389	0.091
20	ZFPM1	0.0369912098944455	3.32864302118649e-06	3.54902429507248	0.389	0.093
20	BPIFC	0.0370983132019847	3.33828068046295e-06	3.51612965344223	0.167	0.018
20	CNKSR1	0.0402360824222367	3.6206319105765e-06	4.42239553158896	0.167	0.018
20	ARHGAP45	0.0475264120838626	4.27665005703794e-06	3.41050548364557	0.167	0.018
18	EBF4	7.63749857508709e-45	6.87258037891397e-49	4.42005792984933	0.923	0.045
18	IL1RAP	1.58011796083977e-37	1.42186444779967e-41	4.3977907322096	0.923	0.053
18	MYOC	2.6753144902984e-23	2.40737378772465e-27	6.2585681212175	0.231	0.004
18	TMEM179B	7.4462867865868e-19	6.70051901969478e-23	6.27054643848204	0.154	0.002
18	PKP3	8.49295278246612e-19	7.64235830330795e-23	4.77682118221361	0.154	0.002
18	NTNG2	6.68432758552255e-17	6.01487229867952e-21	3.53032950991504	0.846	0.093
18	BHLHE22	3.09318537744365e-16	2.78339366277661e-20	3.02019036831567	0.846	0.091
18	SEMA3C	5.08003589593657e-16	4.57125519296011e-20	3.59600770771207	0.538	0.037
18	NXPH1	5.425051447014e-12	4.88171641052281e-16	3.12718636143588	1	0.185
18	PITX1	2.26264143051788e-10	2.03603116216852e-14	3.21373318188258	0.615	0.069
18	EBF1	4.89613331675316e-10	4.40577100400716e-14	3.74733628987779	0.692	0.089
18	MANEA	4.96587753803088e-10	4.46853013410499e-14	3.50888714714026	0.385	0.028
18	MAG	1.11249470969067e-09	1.00107505596209e-13	1.59118288220687	0.538	0.052
18	DLC1	5.67152681956121e-09	5.10350654149304e-13	2.15402562379821	0.846	0.14
18	FAM89B	4.37534177207311e-08	3.93713828135796e-12	4.43571506876364	0.231	0.012
18	PTPRM	4.64225354321833e-08	4.17731804482888e-12	2.18798866199641	0.846	0.142
18	MCUB	7.15858228616724e-08	6.44162898062381e-12	3.60948769190576	0.308	0.021
18	YKT6	1.13686530384501e-07	1.02300486263386e-11	3.24444720706832	0.385	0.034
18	PRKCD	1.49861628990433e-07	1.34852541159393e-11	3.4514651575041	0.308	0.022
18	FAM81B	4.64932269243259e-07	4.18367919772572e-11	4.69287860612026	0.154	0.006
18	SNRPA	4.84064157198392e-07	4.3558369225087e-11	3.24105209661091	0.385	0.036
18	CASZ1	5.86760161044231e-07	5.27994385894206e-11	1.9631204989179	0.538	0.064
18	SNCA	8.22904607720956e-07	7.4048826394399e-11	3.24982826596282	0.615	0.097
18	DMRTA2	8.3189264006562e-07	7.48576118118978e-11	3.63760586921927	0.231	0.013
18	NEUROD2	1.76528523546761e-06	1.58848666918709e-10	1.70630899508468	0.692	0.115
18	CPNE7	2.33862591961052e-06	2.10440557870108e-10	2.36455549950697	0.846	0.183
18	CHRM2	4.12943535808506e-06	3.71586012605513e-10	2.06314018941124	1	0.362
18	EPS15	5.74544797777434e-06	5.17002427587001e-10	2.3439256749307	0.615	0.095
18	DACH2	7.76822045447668e-06	6.99021007331655e-10	2.6121943792174	0.615	0.097
18	ZBTB18	8.4549237954898e-06	7.6081380324753e-10	2.32522431269551	0.692	0.126
18	SYT12	1.00449956930283e-05	9.03895950061035e-10	2.86142973554619	0.615	0.104
18	SFRP5	1.09312849126371e-05	9.83648421905616e-10	2.84756697154403	0.154	0.007
18	PUS7	1.50405352048852e-05	1.35341808736482e-09	2.73764425992633	0.308	0.026
18	BCL11B	1.86463190499397e-05	1.67788347430394e-09	2.06257743070976	0.769	0.153
18	CACNA1B	2.22596197860221e-05	2.00302526644669e-09	2.38014477606177	1	0.384
18	ARHGEF25	2.38595285903064e-05	2.14699258438823e-09	2.58471977387208	0.538	0.08
18	FMNL3	2.50508134839759e-05	2.25419000125761e-09	4.64743459852725	0.154	0.007
18	STRBP	2.87657775888549e-05	2.5884799414069e-09	2.45854382470166	1	0.333
18	SLC1A4	3.63124419671379e-05	3.26756429111292e-09	3.03265757197171	0.538	0.086
18	NEUROD1	4.08369678676104e-05	3.67470240867546e-09	3.10096654294272	0.385	0.044
18	MGAM	4.40985897630628e-05	3.96819848493321e-09	3.93006455637664	0.231	0.016
18	SLITRK3	5.56342853638637e-05	5.00623462286184e-09	2.64617849788008	0.769	0.2
18	NFIB	5.78039194471117e-05	5.20146850059496e-09	1.87520222212017	0.923	0.224
18	DDX56	7.25041539720832e-05	6.52426473248297e-09	4.37545171576827	0.154	0.007
18	ARSB	8.10859404587908e-05	7.29649423727083e-09	3.97816308535641	0.154	0.007
18	NTRK1	8.92214057241685e-05	8.02856165969302e-09	3.8018796584426	0.154	0.007
18	PPP1R16B	0.000106997763243424	9.62816190438445e-09	2.44598689540356	0.615	0.114
18	NEUROD6	0.000142662349641172	1.28374291047577e-08	2.77631379457715	0.308	0.03
18	NECAB3	0.000166255275663616	1.49604315363643e-08	3.59337224321192	1	0.329
18	ELAVL2	0.000202245470084735	1.81989984778849e-08	2.02390706557761	1	0.413
18	SH3GL2	0.000209263929498635	1.88305524609588e-08	2.44937090721154	0.923	0.379
18	NRN1	0.000239568110086484	2.155746513871e-08	1.72169411133935	0.923	0.244
18	CD163L1	0.000246273754981525	2.21608706003352e-08	2.26194689821424	0.923	0.39
18	UBL5	0.000282117125570312	2.53862256429688e-08	2.58228970738367	0.462	0.067
18	AP5Z1	0.00032874625998258	2.95821344355781e-08	3.03903045968974	0.231	0.018
18	SLC17A6	0.000347029322164371	3.12273303486341e-08	2.45856271803751	1	0.439
18	KCNIP2	0.0003505222826241	3.15416433567983e-08	1.88107415679562	0.923	0.274
18	VIPR1	0.000358911617146253	3.22965551287909e-08	2.40196185412767	0.462	0.067
18	GRM2	0.000388866051041949	3.49919959544632e-08	1.30698019624438	0.923	0.263
18	EFR3B	0.00043507866527252	3.91504243023954e-08	1.68538121208763	0.769	0.182
18	TAGLN3	0.000474299392910538	4.26796898146799e-08	2.70973197121978	0.385	0.049
18	BACH1	0.00111467581608459	1.00303771806406e-07	2.93528232132522	0.308	0.034
18	GPR158	0.00113058039436791	1.01734940553217e-07	1.80130169698308	1	0.386
18	SPRED1	0.00138179613583408	1.2434051433763e-07	2.1471342064126	0.692	0.167
18	GRIK1	0.00217723329199533	1.95917690272233e-07	2.13939332256138	0.615	0.131
18	INSYN1	0.0023839308167667	2.14517305567056e-07	2.06576472550331	0.769	0.213
18	CBFA2T3	0.00246389861713355	2.21713184300688e-07	1.58219052496038	0.615	0.123
18	SEMA3G	0.00266223995371956	2.39560870486777e-07	2.41451516860445	0.615	0.141
18	PLPP7	0.00290660498592678	2.6154998523592e-07	2.72788137967194	0.308	0.036
18	ADAMTSL5	0.00304096326020134	2.73640174588441e-07	2.03109465106464	0.385	0.053
18	LRRN3	0.00383452552357016	3.4504863885271e-07	1.91692373083101	0.846	0.295
18	TSR3	0.00395001988503881	3.55441364621507e-07	3.05507422546291	0.231	0.021
18	PATJ	0.00398865703513259	3.58918117082029e-07	1.59472505370716	0.692	0.156
18	CDHR1	0.00439584369763636	3.95558687810345e-07	2.86013022851248	0.231	0.022
18	FNDC4	0.00439634501643231	3.95603798833107e-07	2.06202084325514	0.692	0.163
18	GAP43	0.00486185467289264	4.37492546827377e-07	2.0614806422343	0.846	0.336
18	ADPRM	0.00489920398903242	4.40853413932549e-07	2.90519990263132	0.154	0.01
18	GUCY1A1	0.00573180162202083	5.1577446432294e-07	2.86333675287281	0.385	0.058
18	RELL1	0.00785851468149494	7.07146106496441e-07	2.90638944551094	0.231	0.022
18	THAP8	0.00831999704598524	7.48672459820503e-07	3.77541770898203	0.154	0.01
18	ACTR10	0.0084694848640495	7.62124076671421e-07	2.12579328359399	0.462	0.08
18	MGMT	0.00850737858496815	7.65533931878714e-07	1.55406593896998	0.692	0.167
18	NUDT14	0.0110535479594512	9.94650225812216e-07	1.8777160463085	0.538	0.107
18	GPC2	0.0133042624605713	1.19718010083427e-06	2.27554538766643	0.462	0.082
18	NCALD	0.0139355526998796	1.25398656527307e-06	2.07972584128891	0.615	0.15
18	ATP10A	0.0155931679673513	1.40314658214265e-06	3.36662777201564	0.154	0.011
18	CACNB4	0.0180032308565122	1.62001537447244e-06	1.65763056132605	0.846	0.259
18	CERKL	0.0249771591113641	2.24756223444292e-06	2.92553782107849	0.231	0.024
18	ATP6V0C	0.0270650791320878	2.43544309656149e-06	1.90064457726236	1	0.585
18	SYN2	0.0277228660486505	2.49463385662292e-06	1.79322212145209	0.769	0.227
18	ZNF518B	0.0305479988714616	2.74885259349065e-06	2.37584629859671	0.231	0.024
18	RASA2	0.0331766748679338	2.98539322126642e-06	2.14973946807983	0.462	0.088
18	ROBO1	0.0382790178127823	3.44452603372468e-06	1.34192597224917	1	0.346
18	SERINC3	0.0387121807865442	3.48350407509621e-06	3.39720003717468	0.154	0.011
18	BNC1	0.039550365570148	3.55892788357311e-06	2.75209189834762	0.154	0.011
18	SGPL1	0.0399759560189478	3.597224513538e-06	3.04732816154271	0.154	0.011
18	KCNIP4	0.0466853065009694	4.20096342130563e-06	1.49508380400962	0.769	0.227
25	DMBX1	8.91869160024111e-131	8.0254581123379e-135	5.66752767000151	0.571	0.006
25	TMEM100	3.63015699598129e-122	3.26658597676711e-126	7.65139315394498	0.381	0.002
25	LRTM1	1.15144972256372e-105	1.03612860844392e-109	7.05354415553411	0.524	0.007
25	SLC35D3	9.9985311479744e-78	8.99714851792891e-82	5.64168686565554	0.667	0.019
25	STXBP4	6.17920464149933e-65	5.56033891973305e-69	4.72092537611389	0.762	0.031
25	EDAR	5.02741200274677e-64	4.52390173917643e-68	6.1940622759495	0.429	0.008
25	OTX2	4.94604922331508e-61	4.45068768407728e-65	4.82694498222696	0.524	0.014
25	GRIP2	1.84866667767475e-59	1.66351721198124e-63	5.70621595321194	0.857	0.047
25	MEIS2	2.57262065949098e-43	2.31496504948347e-47	4.07780092724867	0.952	0.081
25	MGP	1.67332582481632e-39	1.5057372669993e-43	6.89012721335673	0.143	0.001
25	CPLX3	8.57959668607387e-36	7.72032456229089e-40	3.78436573298212	0.524	0.026
25	STX3	1.25264156381054e-35	1.1271857858459e-39	3.37854842953997	0.571	0.031
25	NDNF	7.65321572226073e-30	6.88672340705546e-34	4.74078907923264	0.381	0.016
25	INKA2	2.94911618832583e-29	2.6537534314099e-33	3.91446632500254	0.81	0.082
25	CHST3	4.7475417161728e-27	4.27206129413552e-31	4.42689158167644	0.238	0.006
25	HS3ST2	5.74625553938468e-27	5.17075095778339e-31	3.94712890556587	0.476	0.028
25	SHMT2	4.61462023177175e-26	4.15245229170498e-30	3.83623320133256	0.857	0.105
25	RGR	2.13391265564244e-25	1.92019495693551e-29	4.91462941559584	0.429	0.024
25	MET	3.10412939487065e-25	2.79324160431085e-29	4.76299898749342	0.286	0.01
25	SV2C	9.23843075071959e-25	8.31317443599351e-29	3.59187421558735	0.905	0.126
25	IRX3	2.79033997367965e-19	2.51087912686012e-23	3.55907958127724	0.381	0.024
25	LRP4	1.73915767501384e-18	1.56497586161599e-22	3.36702186301375	0.905	0.174
25	CGNL1	6.14498127933626e-16	5.52954312907069e-20	3.99326785517358	0.143	0.004
25	CABP1	1.10262263346612e-15	9.92191697530929e-20	2.95511163731481	0.619	0.077
25	GAD2	3.81722925909703e-15	3.43492239637994e-19	3.30902781766253	0.905	0.213
25	SOX5	6.26966566842824e-15	5.64174000578443e-19	3.15490091511486	0.905	0.208
25	ZNF385A	1.15639089971738e-14	1.0405749120106e-18	3.46232887335309	0.714	0.111
25	CRHR2	4.97823861562251e-14	4.47965321301405e-18	2.8417552490496	0.619	0.081
25	CDH12	2.39850819997251e-13	2.15829047059526e-17	2.68813232900372	0.429	0.04
25	NWD2	2.93765695043374e-13	2.64344187027242e-17	2.05323169238595	0.762	0.131
25	DHRS1	3.83661426876645e-13	3.45236593968006e-17	3.06271696964113	0.286	0.019
25	DRD1	9.86707978349994e-13	8.8788623985422e-17	2.72342196372083	0.619	0.089
25	LRTM2	1.38394819046552e-12	1.2453416633362e-16	2.43743505709846	0.762	0.138
25	CEMIP	3.51566694143256e-12	3.16356244167422e-16	3.18351049392019	0.714	0.128
25	NR2F2	7.325423546662e-12	6.59176059269504e-16	2.69858392655206	0.905	0.252
25	PTPRT	1.53753262509819e-11	1.38354416008115e-15	2.93159368821244	0.952	0.348
25	IGSF3	1.77809927700956e-11	1.60001734635972e-15	2.75264608167533	0.905	0.245
25	LMO1	2.79717777776409e-11	2.51703210452991e-15	2.23211031881446	0.619	0.093
25	FIGN	6.45745550306465e-11	5.81072212999609e-15	2.61644418808153	0.619	0.098
25	LZTS2	7.88721207655192e-11	7.09728433056053e-15	2.03345034495562	0.619	0.097
25	CRHR1	9.20868035473075e-11	8.28640363064047e-15	1.84156674361479	0.619	0.093
25	TNFRSF11B	1.18462616521667e-10	1.06598233169861e-14	3.49854557981586	0.19	0.01
25	ADAMTS18	1.66053313787007e-10	1.4942258056961e-14	4.0252751681007	0.286	0.023
25	NPY2R	2.70048780940865e-10	2.43002592406069e-14	2.6220456169585	0.571	0.085
25	NXPH3	3.00204102098142e-10	2.70137768467688e-14	2.59271982376642	0.762	0.153
25	LOX	9.15365308053391e-10	8.23688750160525e-14	3.08737759180181	0.143	0.006
25	HOMER2	1.22944003835044e-09	1.10630796216183e-13	2.96275531220645	0.429	0.053
25	SLC45A3	1.76690855342047e-09	1.58994740701923e-13	2.97369373526629	0.238	0.017
25	SLC32A1	2.11939369939132e-09	1.90713011733224e-13	3.11033300590258	0.905	0.315
25	MID2	4.674652788324e-09	4.20647240918204e-13	2.59741169743529	0.762	0.193
25	KCNA5	1.08971593203341e-08	9.80577640631162e-13	2.70759224571826	0.524	0.084
25	HS3ST5	1.14590714939557e-08	1.03114114046213e-12	3.0201617071731	0.524	0.083
25	B4GALT2	1.63110728302585e-08	1.46774703772685e-12	3.07927057019666	0.905	0.456
25	ZFPM2	2.80584132496836e-08	2.52482797171633e-12	2.25339264108309	0.762	0.173
25	NR2F1	3.16745118961459e-08	2.85022153299252e-12	2.15100581964295	0.667	0.133
25	KLHL9	3.81016614086462e-08	3.42856667044418e-12	2.26693951824423	0.571	0.1
25	NPR2	4.02577196156754e-08	3.6225789269932e-12	2.38861929056271	0.381	0.046
25	PROM1	5.15046343909481e-08	4.63462920821994e-12	3.58885002295437	0.667	0.146
25	LDB2	8.18761862934909e-08	7.36760427368766e-12	2.28098174494249	0.762	0.191
25	GRIA1	1.65519020406688e-07	1.48941798260315e-11	1.91341967045139	0.905	0.365
25	SNW1	1.79335546975936e-07	1.6137455860338e-11	2.06664409107406	0.333	0.037
25	GRIN2D	2.16982139594547e-07	1.95250733010481e-11	2.28954324749209	0.857	0.281
25	GFRA2	2.26814614317016e-07	2.0409845614777e-11	2.1580222458485	0.762	0.192
25	SLC6A1	2.90612869426252e-07	2.61507126272161e-11	1.85644220949598	1	0.516
25	PACS2	3.24664419468173e-07	2.92148312308264e-11	2.34621701805476	0.81	0.248
25	TRPM1	3.46694396796799e-07	3.11971921890398e-11	4.76733034388686	0.143	0.008
25	RAMP3	4.33846778122945e-07	3.90395733036034e-11	2.02856898484358	0.619	0.124
25	ZNF385C	4.7973528805226e-07	4.31688372223756e-11	1.90878778609786	0.952	0.339
25	WHRN	6.59419604220848e-07	5.93376769747906e-11	2.25823804588624	0.81	0.229
25	ARHGAP20	7.11979391114844e-07	6.40672537671956e-11	2.08867349769813	0.571	0.106
25	LYPD6	7.92216285839732e-07	7.12873468766069e-11	2.57519209803932	0.19	0.014
25	SLC35F3	1.3753330551392e-06	1.23758935943417e-10	1.89407617687312	0.524	0.092
25	PRKCD	1.44984673707269e-06	1.30464027451875e-10	2.53158848836499	0.238	0.022
25	VIPR1	2.32335631700984e-06	2.09066527221258e-10	1.96634933766774	0.429	0.066
25	SEMA3B	2.43744193013344e-06	2.19332487189188e-10	4.98699934320741	0.333	0.046
25	ZMIZ1	2.521914090084e-06	2.26933689380365e-10	2.38856183134778	0.952	0.308
25	NXPH4	3.7864236093783e-06	3.40720202409638e-10	2.01392195688089	0.619	0.13
25	LTBP3	4.17637951942711e-06	3.75810269002709e-10	3.12228619399673	0.143	0.008
25	RNF208	4.40625570676256e-06	3.9649560935504e-10	2.03393652780413	0.762	0.2
25	GAD1	5.06401032314502e-06	4.5568346289436e-10	0.270609189759557	0.857	0.259
25	PSMB9	5.39714140468514e-06	4.8566016419375e-10	2.85668108921772	0.238	0.023
25	UTP14C	5.93657016724567e-06	5.34200500966946e-10	2.50911684802888	0.286	0.033
25	MTNR1A	6.1260474954462e-06	5.51250561994619e-10	2.29341021082052	0.524	0.099
25	LRRC4	6.58438638207256e-06	5.92494050397963e-10	2.15652609178157	0.714	0.199
25	IQSEC1	8.90999460740763e-06	8.0176321492015e-10	2.91886841248757	0.905	0.497
25	LIPG	1.08961267843807e-05	9.80484728190466e-10	2.11445497738074	0.238	0.023
25	MEGF11	1.14849156814891e-05	1.03346672199128e-09	3.38110994940408	0.476	0.095
25	RELN	1.30743151241511e-05	1.17648835815271e-09	2.20978668750547	0.381	0.057
25	PCBP4	1.40948288442624e-05	1.26831898175671e-09	2.15613777585959	0.857	0.315
25	ZNF804A	1.67122839741337e-05	1.50384990318849e-09	2.07519353211875	0.571	0.126
25	CNIH3	2.02662225869474e-05	1.82365001232317e-09	1.60214526604302	0.857	0.287
25	FLRT1	2.18166993119555e-05	1.96316919931211e-09	3.00778535448391	0.762	0.254
25	CDK14	2.26705036667816e-05	2.0399985302602e-09	1.36708968048821	1	0.501
25	GABRD	2.48009930472367e-05	2.23170998355409e-09	2.00501676780184	0.667	0.168
25	ARG2	2.52066260204681e-05	2.26821074601531e-09	2.4567823492501	0.381	0.061
25	LINGO4	2.60012948141257e-05	2.33971878107853e-09	4.27410807097741	0.81	0.293
25	CDH24	2.74289769904751e-05	2.46818833712544e-09	0.817453659657263	0.905	0.401
25	ADGRB1	2.8315323726811e-05	2.54794598459561e-09	1.6360173283923	0.952	0.592
25	FAM107B	3.37071476194927e-05	3.03312765405315e-09	1.74817628020223	0.381	0.058
25	BDH2	3.60522261949924e-05	3.24414885224444e-09	1.70221156523893	0.143	0.009
25	PEX5L	3.68417555504476e-05	3.31519441648948e-09	2.25244636882698	0.857	0.282
25	SLC35F4	5.42062162869206e-05	4.87773025168007e-09	2.73374761986242	0.19	0.017
25	EPHB3	5.57243863831899e-05	5.01434233628992e-09	2.01386751868449	0.667	0.188
25	PAK1	5.89121131970871e-05	5.30118898561028e-09	1.75890201772958	0.714	0.2
25	NAALADL2	6.67882064571565e-05	6.00991689527188e-09	3.28493588545963	0.238	0.027
25	C2CD2L	7.22727646036738e-05	6.50344322898171e-09	2.65653683668088	0.429	0.078
25	DPF2	9.86789596404939e-05	8.8795968361823e-09	1.94751280785126	0.286	0.037
25	SIPA1L2	0.000125662009775329	1.13076585778214e-08	1.96528420632649	0.667	0.188
25	CHST15	0.000126062321186781	1.13436804811285e-08	1.4645476528693	0.333	0.049
25	ENPP5	0.000133422756113451	1.20060070290157e-08	2.30037412646001	0.476	0.103
25	NFYC	0.000137314193774205	1.23561768896072e-08	1.96147843476501	0.286	0.038
25	CNGA3	0.000139301041477011	1.25349627892569e-08	2.99462073741198	0.238	0.027
25	MAGI1	0.000140643492525441	1.26557628476056e-08	1.83160142434847	0.905	0.437
25	ABHD8	0.000152651068801179	1.37362610277314e-08	1.7286493003056	0.476	0.095
25	CACNG8	0.000178673678578856	1.6077897829466e-08	2.36839214292518	0.857	0.396
25	SPOCK2	0.000255205911347237	2.29646280344854e-08	1.93186191188814	0.857	0.332
25	FRMD3	0.000255389726032369	2.29811685442607e-08	1.90645173397401	0.667	0.192
25	RGMB	0.000286165464959521	2.57505142589328e-08	2.03674655570635	0.333	0.051
25	SYT1	0.000352276486231222	3.16994948466861e-08	1.39576198049326	0.952	0.739
25	DNTTIP1	0.000359500255175125	3.23495235467583e-08	2.0521166139142	0.333	0.052
25	YJEFN3	0.000493402121903783	4.43986432019961e-08	1.77731668899065	0.571	0.141
25	NCAN	0.000510983254079966	4.59806761522511e-08	2.83152155632291	0.905	0.512
25	PATZ1	0.000523178658959968	4.70780760334714e-08	1.81157244378775	0.333	0.053
25	PRPH2	0.000572106127409363	5.14807997308884e-08	3.28271581627181	0.143	0.011
25	PPP1R14C	0.000578657570248264	5.20703293663515e-08	2.20349119184042	0.429	0.085
25	COX6A2	0.000585034146405395	5.26441236754607e-08	2.30824189414276	0.571	0.162
25	PHAX	0.000594980033744674	5.35391013897844e-08	2.98615471302705	0.143	0.011
25	MN1	0.000609393630481003	5.48361046055073e-08	1.68314649931537	0.619	0.165
25	ESYT2	0.000617266612399452	5.55445525420186e-08	2.17702312088529	0.619	0.166
25	CUX2	0.00063247555931153	5.69131251067696e-08	1.68398154441703	0.524	0.126
25	GRID2IP	0.000636662779152063	5.72899108388431e-08	3.21663151235058	0.333	0.058
25	IRX5	0.000761127555367912	6.84898367108713e-08	2.48716424041729	0.286	0.042
25	PATJ	0.00106428129340554	9.57690356704348e-08	2.24564443817955	0.571	0.155
25	CARMIL1	0.00107595823534815	9.68197818184247e-08	1.11166405274234	0.714	0.231
25	SORCS2	0.00124441784517882	1.11978569709243e-07	1.24050272836952	1	0.466
25	CDH4	0.00127281845833191	1.14534190437497e-07	1.80584042483091	0.905	0.41
25	KCNJ3	0.001310231084785	1.17900754502385e-07	1.5523749866138	0.619	0.164
25	NAP1L1	0.00136433876620297	1.22769618123186e-07	1.97654404606594	0.714	0.261
25	BCR	0.00145769964623282	1.31170669147199e-07	1.36545750190837	0.857	0.311
25	GRIN1	0.00152545280581946	1.37267417062851e-07	1.85228946547377	0.905	0.673
25	TMEM145	0.00164183468666368	1.47740005998711e-07	1.31408509639482	0.857	0.333
25	LDB1	0.00172582993001977	1.55298292991971e-07	1.41100193586581	0.714	0.225
25	ANP32E	0.00174245900497209	1.56794655356078e-07	1.51862371131034	0.476	0.106
25	AJAP1	0.00188042561852985	1.69209540045879e-07	2.11780084475914	0.762	0.312
25	TSR3	0.00225810131174272	2.03194574979099e-07	2.41900223996365	0.19	0.021
25	SLITRK5	0.00230981558802684	2.07848068750728e-07	2.65286286737982	0.667	0.223
25	SLC9A7	0.00261134460172998	2.34981067374245e-07	1.80467803405431	0.619	0.181
25	ARHGAP9	0.00288621817686432	2.5971548428546e-07	2.63482598047783	0.238	0.032
25	ADARB2	0.00334662105580122	3.01144700423038e-07	3.59163847130678	0.571	0.197
25	TRIM62	0.00366569776338616	3.29856723061834e-07	1.34215345074332	0.476	0.107
25	MAP4K4	0.00429769661825991	3.86726952061541e-07	1.8621131056546	0.857	0.516
25	EFNA2	0.00430700850142876	3.87564879099141e-07	4.18437617210215	0.571	0.15
25	RALY	0.00527166148459576	4.74368890902165e-07	1.8948869507461	0.429	0.097
25	WASL	0.00563407727807006	5.06980768295695e-07	1.28328714776784	0.476	0.111
25	MKNK1	0.00578526695683996	5.20585526576078e-07	1.84762028668935	0.524	0.141
25	SRGAP2B	0.00597832205065796	5.37957531778814e-07	1.6465655174628	0.571	0.153
25	DSCAM	0.00652310212412202	5.86979404672188e-07	0.435925987254929	0.857	0.369
25	SREBF1	0.00689622409424117	6.20554674187093e-07	1.6510128855666	0.524	0.135
25	GPRC5B	0.00833666151053721	7.50172006707209e-07	0.966753737431487	0.905	0.412
25	DPP10	0.00840523647826916	7.56342704784411e-07	2.14469821978766	0.857	0.518
25	HIVEP2	0.00849926946498132	7.64804235128347e-07	1.45715474404725	0.81	0.35
25	ETFA	0.00904525664994028	8.13934729590595e-07	2.26744879640136	0.286	0.048
25	EPHA3	0.00928914727367402	8.3588115483434e-07	1.48662335741563	0.476	0.116
25	TSPAN18	0.00942370924570134	8.47989673868563e-07	2.24400914772616	0.619	0.186
25	RBMS2	0.0101691602865509	9.15068864082683e-07	2.1853162398935	0.286	0.048
25	CHKA	0.0111044418901147	9.9922990102715e-07	1.92176696368269	0.429	0.101
25	PLPPR2	0.0111490749288485	1.00324619174376e-06	1.35429584289505	0.714	0.269
25	PMIS2	0.0134533192182378	1.2105929288435e-06	1.90722784838646	0.762	0.305
25	FGF11	0.0148567004637483	1.33687577285596e-06	0.845911738597555	0.476	0.112
25	KCNH7	0.014999641655806	1.34973829351264e-06	0.357170180086315	0.429	0.095
25	OSBPL10	0.0158959597576755	1.43039321134487e-06	1.290038278313	0.571	0.163
25	PRR14L	0.0159897927768353	1.43883674766808e-06	2.28179503928893	0.238	0.036
25	BCL11B	0.0173535211632581	1.56155144094826e-06	0.758144135089316	0.571	0.153
25	PTPRG	0.0178541209628984	1.6065977650408e-06	1.91558723789445	0.952	0.65
25	NR2C1	0.0183001527676444	1.64673380434126e-06	1.61463052632456	0.19	0.023
25	SPON1	0.0185942510394133	1.67319814986172e-06	1.87807656816486	0.524	0.152
25	OXCT1	0.0187208042144136	1.68458599967728e-06	1.5522902150839	0.476	0.12
25	RORA	0.0189070411840488	1.70134447800313e-06	1.93538779441589	0.476	0.125
25	FRMD5	0.019148679101557	1.72308819414713e-06	1.74137750119565	0.619	0.209
25	BICD2	0.0192736855548402	1.73433686266896e-06	1.14127344971998	0.667	0.204
25	TNR	0.0203302987327535	1.82941588524732e-06	1.14785947843001	0.81	0.307
25	AFF4	0.0203977396851648	1.83548453929315e-06	0.990596314694842	0.524	0.137
25	IL1RAPL1	0.0215825231064581	1.94209692310431e-06	0.974101622658453	0.952	0.612
25	ANO4	0.0220850675192751	1.98731823263521e-06	1.46441546933476	0.429	0.1
25	CHRM4	0.0223559529097099	2.01169377393232e-06	3.19870919425257	0.381	0.092
25	NLGN2	0.0237295123016571	2.1352931073209e-06	1.08567269990988	0.952	0.503
25	GALNT17	0.0256418830684951	2.30737722203681e-06	1.64217474305327	0.429	0.102
25	NKAIN2	0.0308034171533327	2.77183633162356e-06	1.59675499001635	0.714	0.264
25	CALB2	0.0318774146030667	2.86847967273164e-06	2.18694793015449	0.333	0.069
25	GRIN3B	0.0333964918196701	3.00517338429498e-06	1.2978218049164	0.476	0.121
25	CBFA2T3	0.0336274152071196	3.02595295663814e-06	1.2477891655868	0.476	0.122
25	HS3ST3B1	0.0364311450908312	3.27824575639622e-06	1.49826497621121	0.476	0.127
25	PDE1C	0.0401162294095066	3.60984697287021e-06	1.79543614458773	0.476	0.129
25	ZNF711	0.0446089112366031	4.01411961096042e-06	2.12157219806675	0.19	0.025
25	NDUFC2	0.0470491917890733	4.23370753073637e-06	1.44417711495624	0.476	0.124
25	UBE2QL1	0.049788125995015	4.48016971070053e-06	1.59634035290913	0.714	0.274
23	PRDX1	3.06047212871161e-124	2.7539567431941e-128	7.35498954281877	0.641	0.017
23	PDE11A	1.09599091345923e-115	9.86224164005429e-120	6.7186581844872	0.564	0.013
23	UNC13B	4.70218060913411e-115	4.23124323687043e-119	6.12621233855641	0.615	0.017
23	CRACR2A	6.87925595110792e-113	6.19027800873564e-117	7.21817310122917	0.513	0.01
23	TPH1	3.79367131156837e-88	3.41372384735749e-92	5.6625612093143	0.333	0.004
23	SLC18A2	2.40690418493464e-75	2.16584557269382e-79	5.48969446111653	0.667	0.037
23	CYB5R1	1.59333841628474e-60	1.43376083531426e-64	11.2901457716202	0.128	0
23	DGKZ	1.25142505427646e-56	1.12609111335955e-60	4.33790941396908	0.615	0.041
23	CALML5	8.6346315292217e-53	7.76984750222415e-57	6.25804405664868	0.231	0.004
23	CLIC5	6.93675142250275e-50	6.24201513767907e-54	7.081468018403	0.231	0.004
23	TCF7	1.56330737898e-48	1.40673749570773e-52	5.59345388849957	0.692	0.066
23	USH2A	3.08894849856296e-48	2.77958111991628e-52	4.59903407763527	0.59	0.045
23	TRABD2A	9.83671566645511e-47	8.85153933812212e-51	7.14949043399522	0.205	0.004
23	FOXD2	3.31647137263539e-38	2.9843169014986e-42	5.73026256113556	0.231	0.007
23	GRIN2C	3.65200675879842e-36	3.28624742085703e-40	5.44682533920615	0.615	0.07
23	ISM1	5.67796655713253e-31	5.10930132019485e-35	5.77378852725723	0.205	0.007
23	ADCY4	4.40510030662137e-28	3.96391641016951e-32	5.71719780411125	0.128	0.002
23	CNGA2	5.92537878755055e-27	5.33193447993391e-31	6.19825252199222	0.179	0.006
23	SYT6	2.2822383112195e-26	2.05366535698686e-30	4.13895546177931	0.59	0.084
23	SLC2A10	6.5105100825736e-24	5.85846313558319e-28	5.28816479617096	0.179	0.007
23	RD3	1.69894455510005e-22	1.52879020525516e-26	5.01323195887852	0.205	0.01
23	ST6GALNAC5	2.27153141633092e-22	2.04403078946362e-26	3.70308040203671	0.846	0.241
23	GLRA3	3.16756353339215e-21	2.85032262520665e-25	3.45461927859943	0.513	0.073
23	KCNC4	1.54404415588222e-18	1.38940354169191e-22	3.63215330397656	0.436	0.058
23	NR2E1	1.14998059958527e-17	1.03480662250092e-21	4.02475037359338	0.256	0.02
23	LAMP5	1.24533709554138e-17	1.12061288179734e-21	4.15536923034212	0.359	0.041
23	PTPRN2	1.64213437706795e-17	1.47766973550611e-21	3.19306957470016	1	0.827
23	C2CD4C	1.64796515226125e-17	1.48291654122311e-21	3.81328107882341	0.333	0.035
23	TRIM66	1.10474763116208e-16	9.94103870387904e-21	3.51254741880727	0.513	0.092
23	FHDC1	4.00841891008637e-16	3.60696383522575e-20	3.71472829089693	0.385	0.052
23	SOX5	3.34651125135199e-15	3.01134819702329e-19	2.77623753744522	0.744	0.205
23	SEMA3D	7.29572342243187e-15	6.56503502423457e-19	6.28351660205706	0.128	0.005
23	FLI1	2.38731958549408e-13	2.14822242913172e-17	5.68188053216737	0.103	0.004
23	CACNA1I	9.69637184719172e-12	8.7252513697397e-16	3.13498240447222	0.718	0.266
23	FMN1	4.10107953787392e-11	3.69034422556818e-15	3.92840863766487	0.41	0.079
23	PDE5A	4.95992881043809e-11	4.46317718927211e-15	3.30598325144625	0.744	0.333
23	DIPK1C	5.75363173926678e-11	5.17738840931052e-15	3.77306021093601	0.256	0.03
23	CDKL1	5.7616350243025e-11	5.18459014154818e-15	3.07435431305076	0.282	0.036
23	CCKBR	6.45784779424817e-11	5.8110751320509e-15	3.23367766783825	0.462	0.099
23	TGFB1	8.07756305954638e-11	7.26857109650534e-15	4.45723674766151	0.103	0.004
23	DNER	2.51534196566518e-10	2.26342298719084e-14	2.51178504787272	0.846	0.54
23	GHRHR	3.20559580922148e-10	2.8845458555039e-14	3.56241379497639	0.282	0.038
23	PLCE1	5.34301415762759e-10	4.80789539964689e-14	3.9838120522201	0.231	0.026
23	HACL1	9.2707063394585e-10	8.3422175285328e-14	4.19458923523843	0.128	0.008
23	SCG3	1.31945670373844e-09	1.18730919080216e-13	3.78219231758487	0.641	0.228
23	POU5F2	1.54487440037638e-09	1.39015063473084e-13	3.49791359135316	0.282	0.041
23	OTOF	3.04692587232952e-09	2.74176718467517e-13	2.99873505460299	0.462	0.11
23	TRPM3	3.12731667717191e-09	2.81410661133079e-13	2.06671568793241	0.667	0.224
23	NOTUM	3.77684042062415e-09	3.3985786201963e-13	3.19292179433116	0.205	0.022
23	PROX1	4.03526200046022e-09	3.63111851026745e-13	2.08293906365831	0.436	0.091
23	MYO3B	5.05854822882175e-09	4.55191957961104e-13	5.43907838884441	0.103	0.005
23	AOPEP	5.82509249970217e-09	5.2416921620644e-13	2.31607801852766	0.564	0.161
23	SH3BP4	9.68317340258597e-09	8.71337478861331e-13	3.08974506326552	0.385	0.079
23	DRD3	1.98491720896093e-08	1.78612184735079e-12	4.47873470029329	0.179	0.018
23	PRKCA	2.37462977323741e-08	2.13680353931198e-12	3.98448813652425	0.821	0.467
23	PPEF1	3.17242581090911e-08	2.8546979311699e-12	3.56951351205743	0.308	0.055
23	LEF1	4.57902913677721e-08	4.12042575072187e-12	2.30260418935097	0.385	0.08
23	THSD7B	5.68428644840749e-08	5.11498825556329e-12	2.21365549948128	0.615	0.201
23	DLG1	7.49662437249609e-08	6.74581514667155e-12	2.18538011899455	0.821	0.466
23	SVEP1	8.04607242735281e-08	7.24023434477891e-12	4.7703191785111	0.179	0.019
23	RTTN	1.93154930612371e-07	1.73809889869856e-11	3.31596303476439	0.179	0.02
23	BAALC	3.90551316105447e-07	3.51436440300052e-11	3.35086988457897	0.385	0.094
23	AKAP9	4.41100142983915e-07	3.96922651834711e-11	2.81183768843861	0.59	0.223
23	SYT14	5.31584209251404e-07	4.78344469766403e-11	2.622868375863	0.487	0.145
23	RGMB	1.05402030102294e-06	9.48457033224996e-11	2.81443408311818	0.282	0.05
23	SLC7A14	1.32384495377496e-06	1.19125794454689e-10	2.35469724143574	0.667	0.293
23	GPR139	1.43381776614063e-06	1.29021665269561e-10	3.26944969931625	0.282	0.051
23	RASGEF1B	3.4455938922448e-06	3.10050741675947e-10	2.03429389595657	0.59	0.228
23	RASL11B	4.04403536400521e-06	3.63901319536147e-10	4.33504599430837	0.128	0.012
23	SPAG8	4.08611581250533e-06	3.67687916179729e-10	2.33198035351458	0.231	0.035
23	SAMD10	5.1690092005101e-06	4.65131755647449e-10	3.26044902361021	0.333	0.075
23	PDE4D	6.9813605069263e-06	6.28215648963043e-10	2.2790290790987	0.667	0.335
23	ZNF608	1.00926067776096e-05	9.08180219347573e-10	2.48592462699648	0.667	0.326
23	DLL4	2.06388762394253e-05	1.85718314041441e-09	4.40275101749682	0.103	0.008
23	KCNN1	2.254958394027e-05	2.02911760463151e-09	3.80999174069174	0.564	0.243
23	SNAP25	2.40043280952617e-05	2.16002232477834e-09	1.17319863815504	0.949	0.797
23	DLGAP4	3.18165418498526e-05	2.86300205613719e-09	2.25548797337387	0.641	0.295
23	CAMK2D	4.57152229388928e-05	4.11367074047447e-09	1.79545472300927	0.615	0.244
23	CDK18	5.40853309253412e-05	4.86685241836958e-09	2.53445210523366	0.462	0.151
23	GNPTAB	7.20901472590322e-05	6.48701046153444e-09	3.36322670339932	0.231	0.042
23	RASAL1	8.86824920388467e-05	7.98006767199196e-09	2.3236694837167	0.308	0.07
23	TBC1D14	0.000100490142348121	9.04257557348338e-09	2.41161992555782	0.385	0.106
23	ANO5	0.000106769991766357	9.60766595575968e-09	2.8134880232148	0.436	0.145
23	ACSBG1	0.000201817122967393	1.81604537899211e-08	3.0345678789451	0.179	0.027
23	SKOR1	0.000206664801579721	1.85966707081545e-08	3.80996641586105	0.128	0.014
23	CHPT1	0.000221664086456664	1.99463768970273e-08	4.18084280981234	0.154	0.021
23	GCH1	0.000359918014081976	3.238711545775e-08	2.87237455242801	0.179	0.027
23	KCNJ18	0.000488857890389753	4.3989731880658e-08	2.85573078928762	0.154	0.021
23	GNRHR	0.000489075074740542	4.40092751498733e-08	2.98793898203619	0.231	0.046
23	POT1	0.000758224374339574	6.82285948294407e-08	2.14208394755439	0.385	0.115
23	GLCCI1	0.000934996683350509	8.41353984838035e-08	2.1600285071145	0.231	0.046
23	TNFAIP8L3	0.000976490439032398	8.78692017486186e-08	3.26047685848598	0.205	0.038
23	RASGRF1	0.00138630597803201	1.24746331146586e-07	2.74289419733975	0.41	0.144
23	POU3F4	0.00139040544119038	1.25115220119714e-07	3.91553759732248	0.154	0.023
23	TNFRSF18	0.00160216214606303	1.44170084231354e-07	2.50145394009488	0.154	0.022
23	DOK6	0.00162960170844303	1.46639225091607e-07	2.41576836565693	0.333	0.095
23	MSI2	0.00200970125723879	1.808423699486e-07	0.815549614201782	0.846	0.478
23	HEPACAM	0.0026477005291161	2.38252544687852e-07	2.34398370169412	0.179	0.03
23	PIP5K1C	0.00278644461867892	2.50737390324748e-07	2.75500336058275	0.538	0.247
23	CFAP221	0.0033269369630874	2.99373433194223e-07	1.54133678570886	0.179	0.03
23	CHRM3	0.00378161085710022	3.40287128327205e-07	2.17744608969899	0.308	0.083
23	VWA5B1	0.0042708570410783	3.8431180069093e-07	2.97810818208242	0.308	0.087
23	PDZD2	0.00450177272144488	4.05090679514522e-07	2.23689332510445	0.333	0.099
23	POR	0.00501177684219142	4.50983248644958e-07	2.62376455182984	0.308	0.087
23	PRKD1	0.00537569665467538	4.83730464741778e-07	2.93119252741051	0.359	0.121
23	INSM1	0.00621747080766279	5.59477261555186e-07	2.38346041250965	0.231	0.051
23	FABP5	0.00752064500833117	6.76743004439051e-07	3.30873270020386	0.103	0.012
23	NKD2	0.00758552948174856	6.82581614482909e-07	2.70930175645303	0.179	0.033
23	DISP2	0.00811068209928368	7.2983731659171e-07	3.86394033474613	0.205	0.044
23	CCDC136	0.0102226672373257	9.19883671135223e-07	2.21199282255121	0.667	0.366
23	NLGN1	0.0109841361447716	9.88404224311312e-07	1.17932989753053	0.872	0.687
23	VWC2L	0.0121381767637418	1.09225022619831e-06	2.61793086569197	0.41	0.163
23	SHROOM2	0.0129747262900151	1.16752688653065e-06	2.93266084587518	0.128	0.018
23	KCNJ3	0.0160547005758002	1.44467745665438e-06	2.64034407589717	0.41	0.164
23	BCAM	0.0167048950031689	1.5031850088337e-06	1.897242584127	0.282	0.076
23	IRAG1	0.0223724378197449	2.01317716365922e-06	2.97229879776019	0.103	0.012
23	GPR149	0.0250937598242835	2.25805451491798e-06	2.3440145747643	0.282	0.079
23	FSTL4	0.0323439078854399	2.91045693201115e-06	0.87107316657873	0.692	0.367
23	PCSK2	0.0386991385728788	3.48233047537828e-06	1.61652570774962	0.59	0.333
23	ROBO1	0.0437767197775148	3.93923511000763e-06	1.24610249860717	0.641	0.345
23	TEAD1	0.0455823474437729	4.1017139785632e-06	1.85515831683361	0.308	0.094
23	TMTC2	0.0476695235476797	4.28952789954825e-06	1.35216229935575	0.641	0.356
6_3	RSPO4	5.84924679729911e-108	5.26342733492226e-112	9.94859573635691	0.667	0.002
6_3	RBM20	3.37911595133655e-71	3.04068743933821e-75	8.5668500388535	0.667	0.003
6_3	NDNF	4.42926908190685e-32	3.98566461073234e-36	7.15186832334629	1	0.018
6_3	KRT19	4.15606394876049e-25	3.73982178418113e-29	10.1836645172486	0.333	0.002
6_3	SIX6	1.89678712498646e-17	1.70681825338473e-21	6.65632272264683	0.667	0.014
6_3	SLC44A4	9.27702286510405e-16	8.34790143534963e-20	7.04268090140912	0.333	0.004
6_3	ARHGAP19	3.26673413604965e-11	2.93956099707518e-15	7.61738866888191	0.333	0.005
6_3	PPCS	3.87837213120442e-10	3.48994162800722e-14	7.6518890618128	0.333	0.005
6_3	SDF2	4.08466404772099e-10	3.67557279557364e-14	7.53404654571635	0.333	0.005
6_3	GBX1	4.53014431963593e-10	4.07643689340046e-14	6.3254363180602	0.333	0.005
6_3	FAM86B1	2.44970850093563e-08	2.20436290914752e-12	6.18663386726467	0.333	0.006
6_3	TREH	2.44970850093563e-08	2.20436290914752e-12	6.25268926449598	0.333	0.006
6_3	DLX6	5.30198226811195e-08	4.77097297589485e-12	5.75694733158923	0.667	0.027
6_3	CUBN	1.11888338525277e-07	1.00682388666676e-11	6.39066045770719	0.333	0.007
6_3	ACVR1C	1.2172174944649e-07	1.0953095423962e-11	6.20631643036168	0.333	0.007
6_3	CYP2U1	4.82232139123639e-07	4.33935156234715e-11	6.20955968631463	0.333	0.007
6_3	TRIB3	1.76979940734897e-06	1.5925487333294e-10	6.04666225089723	0.333	0.007
6_3	DLX2	2.27665048064565e-06	2.04863716426316e-10	5.49975404013935	0.667	0.032
6_3	UTP25	5.47460755094458e-06	4.92630932326517e-10	6.17169842823123	0.333	0.008
6_3	PTK2	2.55488591446211e-05	2.29900649191228e-09	4.85384038366085	1	0.084
6_3	POM121L2	5.82198105115894e-05	5.23889233434621e-09	4.96391084901079	0.667	0.037
6_3	POLR2I	7.78941313338619e-05	7.00928024240636e-09	6.78520354916195	0.333	0.009
6_3	CFAP119	0.000109198530656567	9.82619730554905e-09	4.81621716997264	0.333	0.009
6_3	VAX1	0.000112324426733721	1.01074801344121e-08	4.50900651888988	0.667	0.038
6_3	HBEGF	0.000207218616562602	1.86465055846848e-08	5.42865229667674	0.333	0.01
6_3	ATE1	0.000372636750577818	3.35316071787832e-08	4.39051951476303	1	0.101
6_3	PNPT1	0.000694843355007057	6.25252726542839e-08	6.38138261595765	0.333	0.011
6_3	KCNV1	0.000774467100153415	6.96901916812216e-08	5.48798370802501	0.333	0.011
6_3	IRAK4	0.000987258067947055	8.88381236342171e-08	4.50417277604283	0.333	0.011
6_3	NEMP1	0.00148249019327091	1.33401439149726e-07	5.06517926683107	0.333	0.011
6_3	CTR9	0.0017516297492268	1.57619882050464e-07	4.53865936536793	0.667	0.046
6_3	TMEM219	0.00210495329625745	1.89413596351791e-07	6.99679947079742	0.333	0.011
6_3	PRKD1	0.00264400078027533	2.37919623888718e-07	4.94871209460219	1	0.124
6_3	SDHAF2	0.00316687610796635	2.84970404748164e-07	5.0243874661206	0.667	0.049
6_3	HRH1	0.00354069702574053	3.18608568859941e-07	6.21400972978145	0.333	0.012
6_3	SGPL1	0.00362794620339229	3.26459660163079e-07	6.37923680969052	0.333	0.012
6_3	C15orf61	0.00390232495713333	3.51149550718378e-07	5.57956561956706	0.333	0.012
6_3	ZBTB39	0.00631567849327141	5.68314450937768e-07	5.84615159678981	0.333	0.012
6_3	CCDC3	0.00646547901363495	5.8179420621209e-07	5.35679661413162	0.333	0.012
6_3	ABCA7	0.00648840826394574	5.8385748798216e-07	4.22630375741369	0.667	0.05
6_3	LAP3	0.0070996615665405	6.38860934629758e-07	5.09813004104001	0.333	0.012
6_3	DLX1	0.009438127140054	8.49287063804013e-07	4.52839556490993	0.667	0.052
6_3	MEGF10	0.0116032006730419	1.04411056177827e-06	4.94417921709501	0.333	0.013
6_3	NGRN	0.0116032006730419	1.04411056177827e-06	4.78837664287306	0.333	0.013
6_3	CDC73	0.0118371434676568	1.06516183457724e-06	4.9842570080788	0.667	0.054
6_3	EMILIN1	0.0118677490677539	1.06791587039989e-06	4.45774719301415	0.333	0.013
6_3	SNU13	0.0141303693973105	1.27151708785301e-06	6.32293147564135	0.333	0.013
6_3	NCAPD2	0.0161215095859355	1.45068924556245e-06	5.1736309306363	0.333	0.013
6_3	NCBP3	0.0191372405222287	1.72205889698809e-06	4.61563179280337	0.667	0.056
6_3	KEAP1	0.0206532200202895	1.85847386126964e-06	4.58053525385047	0.667	0.056
6_3	APTX	0.0214817909362439	1.93303256872527e-06	5.94213270631985	0.333	0.014
6_3	ROPN1L	0.0383455643997564	3.45051420856262e-06	4.69789258001635	0.333	0.014
6_3	MRPL44	0.0443525643409585	3.99105231179326e-06	5.87485134115066	0.333	0.014
