"","cluster","gene","length_estimate","length_summary_p.value","length_summary_q.value"
"1",31,"LOC129348986",0.00573163815901106,0.912130651845123,0.996208074900292
"2",31,"trip4",0.0480161182903389,0.0505403457001936,0.770845439115795
"3",31,"cln6a",-0.00290729181181529,0.787129827992567,0.996208074900292
"4",31,"calml4a",0.00599124378204718,0.524188473119959,0.98487850369265
"5",31,"LOC111568352",0.00230192050334168,0.853982366250712,0.996208074900292
"6",31,"rps17",-0.0122200787020999,0.430378192346006,0.98487850369265
"7",31,"csnk1g1",0.0328470664855484,0.40672689801652,0.98487850369265
"8",31,"LOC111571203",-0.0107187823875638,0.592750254672227,0.993489446331016
"9",31,"neo1a",-0.0471671463918797,0.225717170447,0.984612275003837
"10",31,"LOC129349243",-0.000329071011677992,0.976863081188404,0.996208074900292
"11",31,"LOC111567962",-0.022835694664807,0.213215619243586,0.984612275003837
"12",31,"LOC129347359",0.00697683070151568,0.524188473119959,0.98487850369265
"13",31,"bbs4",0.025015419626656,0.32057534274897,0.984612275003837
"14",31,"scamp2l",0.0102344665280609,0.340841700847866,0.984612275003837
"15",31,"LOC111580711",-0.0421891231536719,0.106218944114634,0.984612275003837
"16",31,"anp32a",0.0168943759613947,0.216910027018998,0.984612275003837
"17",31,"coro2ba",-0.0254310210132493,0.26378478369283,0.984612275003837
"18",31,"itga11a",-0.000742217778816044,0.963829550899145,0.996208074900292
"19",31,"cpeb1b",-2.05247423912e-05,0.998727476590854,0.999859294605512
"20",31,"LOC111564418",0.0039417248196722,0.772829157778634,0.996208074900292
"21",31,"LOC111564410",0.017042435758627,0.4017936450929,0.98487850369265
"22",31,"cars1",0.00742772688720246,0.720065512047049,0.993673999909354
"23",31,"pex16",-0.0151519708946344,0.454122298697385,0.98487850369265
"24",31,"arfgap2",-0.00678612227374609,0.86303156975107,0.996208074900292
"25",31,"glceb",0.0604770142765454,0.112719256052087,0.984612275003837
"26",31,"paqr5b",0.0063578934938849,0.524188473119959,0.98487850369265
"27",31,"tle3b",-0.000917529556031463,0.94506209854588,0.996208074900292
"28",31,"uacab",-0.000293977023095923,0.976863081188404,0.996208074900292
"29",31,"LOC111564639",0.0290338453996383,0.333459192032976,0.984612275003837
"30",31,"pias1a",0.0407020018737745,0.189352789592863,0.984612275003837
"31",31,"skor1a",0.00599124378204718,0.524188473119959,0.98487850369265
"32",31,"map2k5",0.0168006149911247,0.516298313288325,0.98487850369265
"33",31,"smad3a",-0.0189273528604915,0.15390339141687,0.984612275003837
"34",31,"tmem208",0.00345676976498239,0.810382070200232,0.996208074900292
"35",31,"slc39a1",-0.0161984077091706,0.012248839713383,0.285431162031599
"36",31,"rlbp1a",0.00270441906009253,0.904670822833212,0.996208074900292
"37",31,"LOC111565738",-0.0206079802978917,0.370069796180112,0.98487850369265
"38",31,"LOC111565745",-0.00372470859083393,0.824616520180124,0.996208074900292
"39",31,"mibp2",0.0063578934938849,0.524188473119959,0.98487850369265
"40",31,"bloc1s6",0.0143691395412149,0.257053559973013,0.984612275003837
"41",31,"slc30a4",0.0114689424877679,0.346900610407199,0.98487850369265
"42",31,"cops2",-0.00540160595674495,0.541816685820402,0.993489446331016
"43",31,"secisbp2l",-0.0181536202860273,0.457754111636607,0.98487850369265
"44",31,"dut",0.0019916914258557,0.88762024951222,0.996208074900292
"45",31,"myef2",0.0259468718770502,0.34780700526694,0.98487850369265
"46",31,"LOC111565754",-0.00336138480392458,0.776697749315139,0.996208074900292
"47",31,"sema6dl",0.0308457361486436,0.326375337644105,0.984612275003837
"48",31,"LOC118470001",0.0239995821234351,0.202596406989802,0.984612275003837
"49",31,"dmxl2",0.0128619926875824,0.377050041298598,0.98487850369265
"50",31,"LOC111565746",-0.0130153146856512,0.202513492342806,0.984612275003837
"51",31,"scg3",-0.0476093680665253,0.232021770167825,0.984612275003837
"52",31,"lysmd2",0.0146548048316267,0.14731306442728,0.984612275003837
"53",31,"tmod2",-0.0123606017245701,0.524758724980377,0.985792420251229
"54",31,"leo1",-0.00332446476211359,0.895106088567285,0.996208074900292
"55",31,"mapk6",-0.00522214413476402,0.796366980643258,0.996208074900292
"56",31,"LOC118471234",0.00769455395516167,0.59123902932746,0.993489446331016
"57",31,"usp8",0.00446372594568166,0.872659081079456,0.996208074900292
"58",31,"zgc:158482",-0.00159411388760372,0.895106088567285,0.996208074900292
"59",31,"pde8a",-0.0302091073996021,0.584021152602378,0.993489446331016
"60",31,"LOC111563916",-0.0275918500909661,0.15815476979387,0.984612275003837
"61",31,"LOC111563902",0.00887143559422125,0.524188473119959,0.98487850369265
"62",31,"LOC111563893",-0.00535912214710166,0.646130548248092,0.993489446331016
"63",31,"homer2",-0.0388985556205649,0.240335722378345,0.984612275003837
"64",31,"ramac",0.00689649093604592,0.766659571329174,0.996208074900292
"65",31,"LOC111567331",0.0311841761871965,0.16851085175758,0.984612275003837
"66",31,"zrsr2",-0.0163618313172702,0.359391008808669,0.98487850369265
"67",31,"LOC111567330",-0.0241565244950838,0.320690325905055,0.984612275003837
"68",31,"phka2",-0.0316061978053369,0.208382326451663,0.984612275003837
"69",31,"ppef1",-0.0135459198673498,0.511377468017844,0.98487850369265
"70",31,"rs1a",-0.0258414426386442,0.171271468481629,0.984612275003837
"71",31,"cdkl5",0.0287008666006273,0.438534304277108,0.98487850369265
"72",31,"scml2",0.0518026590871574,0.0317470164228116,0.584748636930566
"73",31,"nhsb",0.0131630006157746,0.750105496451026,0.996208074900292
"74",31,"ace2",0.0208388397074003,0.276486674897523,0.984612275003837
"75",31,"il1fma",0.00738183613832964,0.719309264449339,0.993489446331016
"76",31,"tmem39a",-0.0284197816970173,0.012248839713383,0.285431162031599
"77",31,"LOC111566431",-0.000321088283375322,0.976863081188404,0.996208074900292
"78",31,"LOC111564828",-0.0313059845561808,0.0243554974155892,0.490436366326159
"79",31,"LOC111564831",-0.0340835548744497,0.0776611137618864,0.921672320163778
"80",31,"stk16",0.0034098331641746,0.787548026166551,0.996208074900292
"81",31,"LOC118469909",0.00363598865519542,0.719309264449339,0.993489446331016
"82",31,"psmd14",-0.00067201387279074,0.950448824498032,0.996208074900292
"83",31,"rbms1a",0.0202502813466763,0.419046194410787,0.98487850369265
"84",31,"ly75",0.00507400868376715,0.685361769436229,0.993489446331016
"85",31,"marchf7",0.00908333357615212,0.156712726237746,0.984612275003837
"86",31,"baz2ba",-0.00869177140296908,0.792054690427735,0.996208074900292
"87",31,"wdsub1",0.00472932537817594,0.640565892536876,0.993489446331016
"88",31,"LOC111564834",-0.00253487226203053,0.916077195515893,0.996208074900292
"89",31,"LOC111564858",-0.00373344427244964,0.801319586744604,0.996208074900292
"90",31,"gtf2f2a",0.00680578555648194,0.666067539412049,0.993489446331016
"91",31,"gpalpp1",0.0102344665280609,0.340841700847866,0.984612275003837
"92",31,"ercc3",-0.0165593165384116,0.348936411132602,0.98487850369265
"93",31,"rbm26",-0.00934182586571945,0.251350616729581,0.984612275003837
"94",31,"LOC129349311",-0.106164017548921,0.0235267744971342,0.480538115405637
"95",31,"LOC111562565",-0.109549791544493,0.325148247281271,0.984612275003837
"96",31,"LOC111562668",-0.00204057995199585,0.895106088567285,0.996208074900292
"97",31,"tdrd3",-0.0159404937287225,0.012248839713383,0.285431162031599
"98",31,"LOC118470526",0.0140851313399134,0.238832392714081,0.984612275003837
"99",31,"pcdh17",-0.00170286064588756,0.902302720732615,0.996208074900292
"100",31,"LOC111562382",-0.000886093363536332,0.944628607243767,0.996208074900292
"101",31,"tgfbrap1",-0.00142827721718559,0.916075860801707,0.996208074900292
"102",31,"cul4a",-0.000163359100466397,0.99329365408353,0.998905514632049
"103",31,"lamp1a",0.00736874124765203,0.515035672269177,0.98487850369265
"104",31,"dcun1d2b",7.23452648565353e-06,0.999522693774059,0.999859294605512
"105",31,"tmco3",7.29674807086457e-05,0.995181123664213,0.999779783305206
"106",31,"rasa3",0.0113095536123543,0.737456282326095,0.996208074900292
"107",31,"tpp2",-0.0148143728813415,0.505558756779346,0.98487850369265
"108",31,"ercc5",0.00856623377976274,0.468937822792711,0.98487850369265
"109",31,"trmt10c",0.00412148679313237,0.719309264449339,0.993489446331016
"110",31,"mrpl16",0.00929030809796937,0.493371232449091,0.98487850369265
"111",31,"gpc6a",-0.0084651596618115,0.803542816437293,0.996208074900292
"112",31,"arl6",0.032022667572898,0.336457997215835,0.984612275003837
"113",31,"LOC111565060",0.00362180693738215,0.815074219909325,0.996208074900292
"114",31,"nsun3",0.0093782021043337,0.625877903811149,0.993489446331016
"115",31,"LOC111565057",0.0156167008399771,0.45060357320402,0.98487850369265
"116",31,"rrad",0.00885233573404538,0.340841700847865,0.984612275003837
"117",31,"nae1",0.00189941916784813,0.836712527588029,0.996208074900292
"118",31,"dync1li2",0.0185090661760075,0.658974880999953,0.993489446331016
"119",31,"cmtm4",0.0198457914862238,0.421697201815478,0.98487850369265
"120",31,"cmtm3",0.00609352693005416,0.524188473119959,0.98487850369265
"121",31,"galns",-0.00929117160961528,0.558556557426036,0.993489446331016
"122",31,"cbfa2t3",0.0130291326574521,0.798900163735468,0.996208074900292
"123",31,"acsf3",0.00358824424126887,0.770035230986167,0.996208074900292
"124",31,"spg7",0.00236305712325849,0.846718167701118,0.996208074900292
"125",31,"ankrd11",0.0229369758312357,0.712954464574976,0.993489446331016
"126",31,"LOC111580049",0.00363598865519542,0.719309264449339,0.993489446331016
"127",31,"hp",0.0128032843691093,0.486898098659595,0.98487850369265
"128",31,"dhodh",0.00546562946961525,0.398287562466955,0.98487850369265
"129",31,"ist1",0.00495960222191793,0.690844733815946,0.993489446331016
"130",31,"mphosph10",0.00363598865519542,0.719309264449339,0.993489446331016
"131",31,"mcee",-0.011482824286564,0.197780876994026,0.984612275003837
"132",31,"LOC111580055",-0.0406653404047872,0.529693139086075,0.989372540616599
"133",31,"rplp2l",0.0223643557851651,0.0915293029828333,0.967320930686434
"134",31,"lin7c",-0.00794323240942476,0.543353350318199,0.993489446331016
"135",31,"bdnf",-0.00406994001208924,0.82142519509947,0.996208074900292
"136",31,"kif18a",0.00843698904162034,0.407550102311248,0.98487850369265
"137",31,"mettl15",0.0149402773950943,0.533392342714451,0.991522760302258
"138",31,"lgr4",0.024432170023934,0.45543381330995,0.98487850369265
"139",31,"spi1b",0.0063860785295063,0.340841700847866,0.984612275003837
"140",31,"LOC129350404",0.0061065713747255,0.719309264449339,0.993489446331016
"141",31,"LOC111563924",-0.0161984077091706,0.012248839713383,0.285431162031599
"142",31,"slc39a13",0.000238998983810869,0.990260180082938,0.998253544131569
"143",31,"tmem276b",-0.0548859157214952,0.187589823120859,0.984612275003837
"144",31,"slc17a6b",-0.03093982204742,0.228625616745211,0.984612275003837
"145",31,"ano5b",-0.0417424491939776,0.0349662626129499,0.622933681300429
"146",31,"LOC129349470",-0.000317592140497883,0.980074010155937,0.996703863757666
"147",31,"eif3jb",0.0178253417389617,0.1943921133798,0.984612275003837
"148",31,"strc1",-0.0117939718031933,0.214095690243027,0.984612275003837
"149",31,"ctdspl2b",0.0287854663530703,0.179256594449137,0.984612275003837
"150",31,"golm2",0.0374360738305701,0.30713450857148,0.984612275003837
"151",31,"fam189a1",-0.00656016726733747,0.785883981675948,0.996208074900292
"152",31,"tjp1a",-0.105624310121082,0.120787627216048,0.984612275003837
"153",31,"apba2b",0.0452561686639623,0.00800022427846661,0.285431162031599
"154",31,"syt7b",-0.0130762403511216,0.0943338066754644,0.972275180017018
"155",31,"sdhaf2",-0.0381600466411259,0.00847601658568031,0.285431162031599
"156",31,"LOC111574613",0.0102443236692303,0.254880015674385,0.984612275003837
"157",31,"dagla",-0.0232484316759723,0.626226643570657,0.993489446331016
"158",31,"ext2",0.0076641867167648,0.799316185679612,0.996208074900292
"159",31,"caprin1a",-0.00927618214043982,0.5683131408663,0.993489446331016
"160",31,"nucb2a",0.00779155519411995,0.482582455626097,0.98487850369265
"161",31,"plekha7b",0.0330464854824172,0.484530893373415,0.98487850369265
"162",31,"sox6",-0.0132378308290977,0.160089942253092,0.984612275003837
"163",31,"pde3b",0.0138269258103609,0.699578877485221,0.993489446331016
"164",31,"copb1",0.0301497901112965,0.094830452820745,0.97249919343376
"165",31,"rras2",-0.0253857442357639,0.394460418376804,0.98487850369265
"166",31,"tub",-0.0148006380068157,0.768028686535916,0.996208074900292
"167",31,"ric3a",-0.0108714207419349,0.175229040744907,0.984612275003837
"168",31,"lmo1",0.0209419104233504,0.640871616409821,0.993489446331016
"169",31,"stk33",-0.0442553975045367,0.156187048451793,0.984612275003837
"170",31,"trim66",-0.0276108593982402,0.154516891988944,0.984612275003837
"171",31,"LOC129348803",0.00177912143431622,0.903932122213572,0.996208074900292
"172",31,"dennd2b",-0.0263917351220599,0.060663714530434,0.827801559874338
"173",31,"tmem9b",0.0497913083182768,0.0217048590708383,0.455659946483867
"174",31,"dennd5a",-0.0146446502501867,0.639856832844633,0.993489446331016
"175",31,"tmem41b",0.00265030879758068,0.792143165766411,0.996208074900292
"176",31,"ipo7",-0.0257794454488225,0.269485322090664,0.984612275003837
"177",31,"swap70a",0.00279188727406336,0.82036720978353,0.996208074900292
"178",31,"sbf2",-0.00758347897471519,0.83814213312913,0.996208074900292
"179",31,"ctr9",-0.0263530601912258,0.0565636317060375,0.801703540213639
"180",31,"eif4g2a",0.00569294589139793,0.665615866205781,0.993489446331016
"181",31,"LOC129348917",0.00815190899562709,0.340841700847866,0.984612275003837
"182",31,"galnt18b",0.000309963276972519,0.983767804484285,0.996956250321918
"183",31,"btbd10b",-0.00808768261077676,0.734676110879435,0.996208074900292
"184",31,"tead1b",-0.0172682016876764,0.152888932732129,0.984612275003837
"185",31,"mical2a",-0.0159404937287225,0.012248839713383,0.285431162031599
"186",31,"usp47",0.00235069663805184,0.84349546685408,0.996208074900292
"187",31,"bola3",-0.0234612169942948,0.102118816871774,0.984612275003837
"188",31,"kars1",0.00954944796246339,0.617715764216265,0.993489446331016
"189",31,"rpl13",-0.0119910802008807,0.594143761329997,0.993489446331016
"190",31,"cpne7",-0.0141301586004456,0.338399026002685,0.984612275003837
"191",31,"LOC111582316",-0.0782793427393473,0.00163338270238832,0.285431162031599
"192",31,"dhx38",-0.0163894073774004,0.0940673043760472,0.972275180017018
"193",31,"zfhx3b",-0.0460185258872707,0.166899755611334,0.984612275003837
"194",31,"usp10",0.0141889828726302,0.776070675996168,0.996208074900292
"195",31,"phlpp2",0.0089184349126704,0.620062125171777,0.993489446331016
"196",31,"ap1g1",-0.00833692203293346,0.67237595163255,0.993489446331016
"197",31,"znf821",-0.0233538419531087,0.228780940883244,0.984612275003837
"198",31,"LOC129348575",-0.0460821728223889,0.012248839713383,0.285431162031599
"199",31,"atxn1l",-0.0101840150773482,0.561288594086973,0.993489446331016
"200",31,"myo1ea",-0.0264584838055337,0.012248839713383,0.285431162031599
"201",31,"rnf111",-0.0302093594780386,0.406962635990694,0.98487850369265
"202",31,"sltm",-0.00821604193660561,0.806094006158796,0.996208074900292
"203",31,"mindy2",0.00499095329116752,0.784570655817791,0.996208074900292
"204",31,"adam10a",0.00379048868634405,0.771871559359658,0.996208074900292
"205",31,"LOC129348974",-0.000479399424048157,0.975484668022183,0.996208074900292
"206",31,"cgnl1",0.00832886679269157,0.848108735046599,0.996208074900292
"207",31,"tcf12",-0.00121203700204026,0.981292612580713,0.99678337426189
"208",31,"znf280d",0.017513552991903,0.60613714870161,0.993489446331016
"209",31,"LOC111577798",-0.00449508828749443,0.830927484407644,0.996208074900292
"210",31,"nedd4a",0.0132939142863827,0.096247811468153,0.974963766271218
"211",31,"ccpg1",0.0290093584954404,0.257351910579287,0.984612275003837
"212",31,"pigb",0.0132805450988299,0.439738931482739,0.98487850369265
"213",31,"vrk3",-0.0321395715147746,0.00833867292392061,0.285431162031599
"214",31,"LOC111577790",0.00146069369070116,0.941300607158914,0.996208074900292
"215",31,"LOC111577783",0.00433676811931432,0.877119124026647,0.996208074900292
"216",31,"nudt21",-0.0125559257171637,0.319685853209314,0.984612275003837
"217",31,"ogfod1",0.0052102765883705,0.37392948738462,0.98487850369265
"218",31,"fes",0.00363598865519542,0.719309264449339,0.993489446331016
"219",31,"furina",-0.00825591022671197,0.504830992108187,0.98487850369265
"220",31,"slc38a7",-0.011970587926792,0.315434775565542,0.984612275003837
"221",31,"got2b",-0.0109881485651181,0.608878788540569,0.993489446331016
"222",31,"LOC111571167",-0.00870852500673581,0.771704001457985,0.996208074900292
"223",31,"cog4",-0.00421452487493057,0.801498678592122,0.996208074900292
"224",31,"LOC111571169",0.0178001103986261,0.169277415941765,0.984612275003837
"225",31,"gfod2",-0.0028151963862509,0.782140525619917,0.996208074900292
"226",31,"thap11",-0.000293977023095923,0.976863081188404,0.996208074900292
"227",31,"nrn1lb",-0.00159655633335685,0.895106088567285,0.996208074900292
"228",31,"cmtr2",0.000710688357474975,0.966394591038644,0.996208074900292
"229",31,"LOC111573315",0.058649696321352,0.0165257953252733,0.368383145908972
"230",31,"emc8",0.000462070689686364,0.972582735640036,0.996208074900292
"231",31,"LOC111577159",-0.0330472417705569,0.58125278277481,0.993489446331016
"232",31,"dusp22a",0.00210910075599448,0.885182536078132,0.996208074900292
"233",31,"mthfsd",0.0117140534766422,0.594952925525533,0.993489446331016
"234",31,"dbndd1",0.00191190752192377,0.961750811648828,0.996208074900292
"235",31,"LOC111577165",-0.000425992009327024,0.976863081188404,0.996208074900292
"236",31,"def8",-0.028007054993051,0.126660740613408,0.984612275003837
"237",31,"tcf25",-0.00464590205186983,0.709352907003878,0.993489446331016
"238",31,"pdcd5",-0.0251556001935202,0.0122488397133829,0.285431162031599
"239",31,"si:dkey-234i14.2",0.0211165429633709,0.341755654274465,0.984612275003837
"240",31,"LOC129349683",0.0208851423728255,0.304282720578961,0.984612275003837
"241",31,"gse1b",0.0245011772101744,0.494988726041706,0.98487850369265
"242",31,"LOC111572299",-0.0112237162331004,0.413114295555675,0.98487850369265
"243",31,"atmin",0.0184226780210315,0.226394495221191,0.984612275003837
"244",31,"cmc2",-0.0128337742664995,0.562852463972891,0.993489446331016
"245",31,"LOC111572293",0.00189310558972954,0.922202186962656,0.996208074900292
"246",31,"syt9a",0.00746578001296893,0.667220879269033,0.993489446331016
"247",31,"spon1a",0.0217452487488545,0.609864716349761,0.993489446331016
"248",31,"LOC118469430",0.00119901110272693,0.902485115830024,0.996208074900292
"249",31,"kiaa1549lb",0.0613419932590748,0.113895970032338,0.984612275003837
"250",31,"hipk3b",-0.00128262671587542,0.953237187803502,0.996208074900292
"251",31,"cstf3",-0.00693447466499184,0.565917206553398,0.993489446331016
"252",31,"qser1",-0.0181809835964261,0.105406272329754,0.984612275003837
"253",31,"eif3m",-0.0196554637965001,0.012248839713383,0.285431162031599
"254",31,"rcn1",0.00815905156748654,0.691780295880537,0.993489446331016
"255",31,"elp4",0.0099291541757031,0.387701554525576,0.98487850369265
"256",31,"immp1l",-0.045289207161593,0.181779622156151,0.984612275003837
"257",31,"rps6ka2",0.0305925096451329,0.268153996916912,0.984612275003837
"258",31,"rnaset2",0.00479196464190258,0.704536458441644,0.993489446331016
"259",31,"LOC111576189",0.0314463254561291,0.529819809311675,0.989372540616599
"260",31,"LOC111576208",-0.0144346460262002,0.190123313133743,0.984612275003837
"261",31,"mpc1",0.0300188933598863,0.277740858410192,0.984612275003837
"262",31,"kifbp",-0.00256953672982585,0.85367976351448,0.996208074900292
"263",31,"vps26a",0.00235850839260481,0.876192757084945,0.996208074900292
"264",31,"supv3l1",0.00803921022558703,0.340841700847865,0.984612275003837
"265",31,"LOC111576191",-0.0158284000076281,0.467169164906268,0.98487850369265
"266",31,"LOC111576209",0.0120988627160974,0.245375283962159,0.984612275003837
"267",31,"dna2",-0.0107210728465599,0.318111445473506,0.984612275003837
"268",31,"hnrnph3",0.0274077342816757,0.0530326579102448,0.785805504422352
"269",31,"rufy2",0.0209173550461074,0.384403395036707,0.98487850369265
"270",31,"fam120b",-0.00307751258929838,0.743194126937144,0.996208074900292
"271",31,"mis12",-0.011200029102731,0.275483556739362,0.984612275003837
"272",31,"LOC129349014",-0.0116596070739265,0.413081548476954,0.98487850369265
"273",31,"pdcd2",0.00427166617911714,0.830711872032422,0.996208074900292
"274",31,"tbp",-0.00671059174960745,0.648154064332367,0.993489446331016
"275",31,"psmc3",0.00710685452924975,0.242200783754957,0.984612275003837
"276",31,"phf10",-0.0171259582969108,0.434972359933807,0.98487850369265
"277",31,"rab4a",0.00724317840859374,0.793879583418169,0.996208074900292
"278",31,"ccsapb",-0.00952687621660532,0.623782384650273,0.993489446331016
"279",31,"acta1b",-0.000267891541848369,0.976863081188404,0.996208074900292
"280",31,"abcb10",0.0102443236692303,0.254880015674385,0.984612275003837
"281",31,"urb2",-0.000310864050245439,0.976863081188404,0.996208074900292
"282",31,"galnt2",-0.00373027367229631,0.940075261940886,0.996208074900292
"283",31,"smyd2a",0.0032937330607508,0.813148409977498,0.996208074900292
"284",31,"cenpf",-0.0181597056006543,0.012248839713383,0.285431162031599
"285",31,"cgref1",0.00556234685959043,0.749194662668203,0.996208074900292
"286",31,"adpgk2",-0.0163600120898045,0.651082338727931,0.993489446331016
"287",31,"ctsba",0.0131424551267018,0.359514560261769,0.98487850369265
"288",31,"xkr5b",-0.0050752755217373,0.481670204810176,0.98487850369265
"289",31,"eva1a",-0.0143588072513485,0.72099889309761,0.994374714974634
"290",31,"gcfc2",-0.00192147597098186,0.90335317873238,0.996208074900292
"291",31,"LOC111585013",-0.00623805215198539,0.606238863029769,0.993489446331016
"292",31,"tfb2m",0.00877060588808515,0.380943354931315,0.98487850369265
"293",31,"cnsta",-0.0375167574284678,0.0848696722118145,0.949104869625933
"294",31,"smyd3",-0.0278924108554222,0.129829268770978,0.984612275003837
"295",31,"kif26ba",-0.0268963116137971,0.132277735506961,0.984612275003837
"296",31,"si:dkey-127k13.1",-0.027238008382391,0.173004614301498,0.984612275003837
"297",31,"ahctf1",0.0194493382370957,0.0973979877055286,0.977561806180607
"298",31,"fzd3b",0.0102591355172879,0.169836425044872,0.984612275003837
"299",31,"kctd3",0.0264296153566227,0.0971510454722444,0.977317874689815
"300",31,"ush2a",-0.0299361996584097,0.0481449287059041,0.745839372597382
"301",31,"esrrga",0.00697683070151568,0.524188473119959,0.98487850369265
"302",31,"ddias",0.000749348223962458,0.952450456462741,0.996208074900292
"303",31,"cdc42se2",-0.00359065304013818,0.811081781799569,0.996208074900292
"304",31,"terfa",-0.0205951359427508,0.012248839713383,0.285431162031599
"305",31,"zdhhc7",-0.0225645673990454,0.236415221837266,0.984612275003837
"306",31,"si:ch73-167i17.6",0.0108503549107347,0.709140963704348,0.993489446331016
"307",31,"nudt19",0.00298333849782732,0.719309264449339,0.993489446331016
"308",31,"LOC111565170",-0.0194573150191059,0.256897374960331,0.984612275003837
"309",31,"LOC111565259",-0.00334845819907575,0.971079852206808,0.996208074900292
"310",31,"styx",-0.0483375045584022,0.00516675201406976,0.285431162031599
"311",31,"gnpnat1",0.00582483025767384,0.428702605628878,0.98487850369265
"312",31,"amfra",-0.010478620264774,0.410627628480906,0.98487850369265
"313",31,"nfatc3a",-0.0227208856231039,0.22334543283228,0.984612275003837
"314",31,"tln2a",0.0833042405609546,0.144803509699697,0.984612275003837
"315",31,"LOC111582597",0.00670893915966731,0.600629218368641,0.993489446331016
"316",31,"LOC118471714",0.00943634442644715,0.340841700847866,0.984612275003837
"317",31,"fbxo22",0.00611909252780487,0.565877940275966,0.993489446331016
"318",31,"LOC111582592",-0.0231851180385418,0.458481631504708,0.98487850369265
"319",31,"LOC129347708",-0.000329071011677992,0.976863081188404,0.996208074900292
"320",31,"LOC111587591",-0.0549525966576295,0.17933623635033,0.984612275003837
"321",31,"sec11a",0.0233412460058414,0.179987281160131,0.984612275003837
"322",31,"LOC111587577",0.039838512705007,0.621056376083419,0.993489446331016
"323",31,"wdr76",-0.00153565675829535,0.895106088567285,0.996208074900292
"324",31,"LOC111587585",-0.0153746259513666,0.65716755798059,0.993489446331016
"325",31,"znf710b",0.0383695742802743,0.196724177323393,0.984612275003837
"326",31,"LOC111587575",0.020301297863762,0.67372402586807,0.993489446331016
"327",31,"serf2b",-0.0406446293677381,0.0964703122546735,0.974963766271218
"328",31,"LOC111568470",-0.000385819212686507,0.976863081188404,0.996208074900292
"329",31,"zgc:123258",0.00815190899562709,0.340841700847866,0.984612275003837
"330",31,"trpm7",-0.0118651838801253,0.708909345962772,0.993489446331016
"331",31,"LOC111568474",-0.0355808615000258,0.0076974380719352,0.285431162031599
"332",31,"bcl2l10",0.00803921022558703,0.340841700847865,0.984612275003837
"333",31,"gnb5b",0.00883075967285314,0.81432471394219,0.996208074900292
"334",31,"myo5aa",-0.0585246800194434,0.363787716622857,0.98487850369265
"335",31,"arpp19a",0.0344148097222259,0.266451447668943,0.984612275003837
"336",31,"atosa",0.0228369536295417,0.438663487489644,0.98487850369265
"337",31,"LOC111562838",-0.0534960431697992,0.158131680997015,0.984612275003837
"338",31,"LOC129350069",0.0125485802970204,0.524188473119959,0.98487850369265
"339",31,"igdcc4",0.0302986717084959,0.272471716595791,0.984612275003837
"340",31,"LOC111571660",-0.00572545566527743,0.667959681947402,0.993489446331016
"341",31,"insyn1",-0.016043494874253,0.690054717454663,0.993489446331016
"342",31,"LOC111571657",-0.00760721573602111,0.4524851578731,0.98487850369265
"343",31,"LOC111571649",-0.0265983922723552,0.0122488397133829,0.285431162031599
"344",31,"LOC111571642",-0.00773802755616742,0.716569960889362,0.993489446331016
"345",31,"chrna5",-0.0102463341407938,0.288358423616959,0.984612275003837
"346",31,"nptnb",0.00444323207889506,0.878656325651808,0.996208074900292
"347",31,"hcn4",0.0327477785039268,0.440245631303178,0.98487850369265
"348",31,"dhdh.2",0.00298333849782732,0.719309264449339,0.993489446331016
"349",31,"pkma",0.000527259069237205,0.989660108728066,0.998253544131569
"350",31,"LOC111567616",0.00348348390185559,0.951991690528716,0.996208074900292
"351",31,"celf6",-0.0186158808580354,0.783768983461787,0.996208074900292
"352",31,"slc6a2",-0.010260076096363,0.012248839713383,0.285431162031599
"353",31,"lpcat2",-0.0282074715425903,0.38147770801508,0.98487850369265
"354",31,"irx5a",0.0329913878299977,0.229587815208432,0.984612275003837
"355",31,"LOC129350506",-0.00159655633335685,0.895106088567285,0.996208074900292
"356",31,"irx3a",-0.00741537915736948,0.798405509480393,0.996208074900292
"357",31,"fto",0.0644804699909706,0.341596176356075,0.984612275003837
"358",31,"aktip",0.0167092542313943,0.261148022183928,0.984612275003837
"359",31,"chd9",-0.0136063491951878,0.787229731263846,0.996208074900292
"360",31,"LOC111565488",0.00983502949085858,0.586600426924666,0.993489446331016
"361",31,"LOC129349225",-0.0088660777447869,0.559006315512553,0.993489446331016
"362",31,"tox3",-7.63313065287957e-05,0.998335750931303,0.999816729949705
"363",31,"cylda",-0.00587100865636699,0.842844676922534,0.996208074900292
"364",31,"nkd1",-0.0228804910727185,0.391928496202877,0.98487850369265
"365",31,"adcy7",-0.0125624190539752,0.273203918716823,0.984612275003837
"366",31,"tent4b",0.0175204838355124,0.495703667625113,0.98487850369265
"367",31,"heatr3",0.0142458765924827,0.251296261543428,0.984612275003837
"368",31,"wtip",-0.00286673332626085,0.817603329920068,0.996208074900292
"369",31,"garre1",0.00692775180979978,0.816159861234888,0.996208074900292
"370",31,"ss18l2",0.0063860785295063,0.340841700847866,0.984612275003837
"371",31,"lsm14ab",0.0135810591508487,0.340841700847865,0.984612275003837
"372",31,"LOC111572255",0.0204015649875538,0.675282777367579,0.993489446331016
"373",31,"LOC111572253",-0.0307295681589703,0.012248839713383,0.285431162031599
"374",31,"LOC111572241",-0.0658626446197634,0.0855717150250521,0.953630224697083
"375",31,"LOC129349388",-9.40579075111301e-07,0.99991406606072,0.99991406606072
"376",31,"LOC111577669",0.0209755128845306,0.293699134226207,0.984612275003837
"377",31,"larp6a",0.00432754403235871,0.524188473119959,0.98487850369265
"378",31,"tm2d3",0.0294229426641385,0.281878737830421,0.984612275003837
"379",31,"tars3",-0.0226257841215845,0.104756163471233,0.984612275003837
"380",31,"LOC118471239",-0.081902140829707,0.00969383895054732,0.285431162031599
"381",31,"ulk3",0.0027472456058989,0.828159891297089,0.996208074900292
"382",31,"cplx3b",0.00718662242049947,0.931608150680497,0.996208074900292
"383",31,"LOC111577671",0.0323709797489093,0.334995651157156,0.984612275003837
"384",31,"LOC111577675",-0.00204408497441652,0.871898235119503,0.996208074900292
"385",31,"LOC111587398",0.00363598865519542,0.719309264449339,0.993489446331016
"386",31,"fam219b",-0.0207257936137706,0.012248839713383,0.285431162031599
"387",31,"LOC111587412",0.00449459064928369,0.888147179383303,0.996208074900292
"388",31,"LOC111587406",-0.0176555328436067,0.661411369957792,0.993489446331016
"389",31,"lrrc28",-0.0103999845631846,0.012248839713383,0.285431162031599
"390",31,"igf1rb",0.0366575296030539,0.215339564451752,0.984612275003837
"391",31,"ap3s2",-0.0146673696193414,0.579015192408467,0.993489446331016
"392",31,"LOC111587385",-0.00387883575221672,0.81891860986658,0.996208074900292
"393",31,"ntrk3b",-0.0470789645181122,0.408548794655896,0.98487850369265
"394",31,"mrpl46",-0.0181597056006543,0.012248839713383,0.285431162031599
"395",31,"mrps11",0.0115259599016668,0.157360029827498,0.984612275003837
"396",31,"pdpr",-0.00648103034620688,0.390564804880399,0.98487850369265
"397",31,"si:ch211-260e23.9",0.0104729520438932,0.340841700847866,0.984612275003837
"398",31,"znf536",0.012603349213134,0.602842297913446,0.993489446331016
"399",31,"tshz3b",0.0180441833256832,0.576081411227956,0.993489446331016
"400",31,"LOC118471399",-0.0313745884541553,0.012248839713383,0.285431162031599
"401",31,"znf507",0.00138984571290361,0.94477691178484,0.996208074900292
"402",31,"dpy19l3",0.0062375265314359,0.704126987391596,0.993489446331016
"403",31,"LOC111563846",0.00474818114736007,0.85504911194402,0.996208074900292
"404",31,"mtss1lb",0.0132066411958745,0.59878130636894,0.993489446331016
"405",31,"dhcr7",-0.0378988293512351,0.0405402730596255,0.678864337514121
"406",31,"mmp15b",-0.00819487111954133,0.246745105933506,0.984612275003837
"407",31,"slc7a6os",-0.00970064878253578,0.562322321970329,0.993489446331016
"408",31,"LOC111567206",-0.0189415603132328,0.24333620297585,0.984612275003837
"409",31,"LOC111567201",0.00826439056894004,0.550588807669459,0.993489446331016
"410",31,"cdh8",0.0136527024901749,0.737635786886199,0.996208074900292
"411",31,"adamts18",-0.0578118203258454,0.110549381285655,0.984612275003837
"412",31,"phkb",0.0605519730897326,0.100282614321747,0.984612275003837
"413",31,"LOC129349305",-0.00522052543042933,0.787193413405899,0.996208074900292
"414",31,"itfg1",0.0719161284557053,0.0995482208254743,0.984612275003837
"415",31,"LOC111565766",-0.0226410954982406,0.606579797296762,0.993489446331016
"416",31,"LOC118471865",-0.00204057995199585,0.895106088567285,0.996208074900292
"417",31,"spg21",0.00178024424064467,0.879074728590967,0.996208074900292
"418",31,"LOC118471860",0.0063578934938849,0.524188473119959,0.98487850369265
"419",31,"mtch2",0.0135113601112354,0.582754717022545,0.993489446331016
"420",31,"znf414",0.0144785092324027,0.405417031141761,0.98487850369265
"421",31,"LOC111583531",-0.00434105369617262,0.798297049549365,0.996208074900292
"422",31,"LOC118471810",0.00419688463892083,0.776393558343446,0.996208074900292
"423",31,"fadd",0.00919161133075884,0.548837413540972,0.993489446331016
"424",31,"hdgfl3",-0.0621522702582814,0.0445284905050764,0.713602176724185
"425",31,"LOC111572897",-0.0372766684969134,0.246311468166811,0.984612275003837
"426",31,"txlng",0.00290044445483117,0.892415834389347,0.996208074900292
"427",31,"ccdc102a",-0.000570094009749929,0.97112512864008,0.996208074900292
"428",31,"dok4",0.0114443404192902,0.76321113750053,0.996208074900292
"429",31,"nadsyn1",0.00244687824152412,0.882421899115714,0.996208074900292
"430",31,"rwdd3",-0.0205951359427508,0.012248839713383,0.285431162031599
"431",31,"ankdd1a",0.0150288968772986,0.684553000334471,0.993489446331016
"432",31,"ano1a",0.0215388412619353,0.220951201748784,0.984612275003837
"433",31,"ccnd1",-0.0116298859999955,0.547972168899828,0.993489446331016
"434",31,"vstm2b",0.0285642174920261,0.297789492435376,0.984612275003837
"435",31,"LOC111583405",-0.000114525622884892,0.987943384784957,0.997901393545684
"436",31,"mtfmt",-0.0132148828535011,0.012248839713383,0.285431162031599
"437",31,"celf1",-0.0560810096917145,0.060118371154332,0.826514841153931
"438",31,"LOC111583408",-0.0295714170779698,0.178301027085197,0.984612275003837
"439",31,"kif13ba",-0.0108577438490791,0.548123888172951,0.993489446331016
"440",31,"LOC111563331",0.033126926031697,0.25298163081715,0.984612275003837
"441",31,"eprs1",-0.00127935796474793,0.9300084179676,0.996208074900292
"442",31,"glo1",0.00206150227191897,0.884335328311187,0.996208074900292
"443",31,"LOC111563321",-0.0517920840855422,0.0902329456793501,0.964667868932546
"444",31,"LOC111563338",-0.0134579448191721,0.57982076847794,0.993489446331016
"445",31,"LOC111563324",0.00412148679313237,0.719309264449339,0.993489446331016
"446",31,"LOC111563323",-0.0182218966496136,0.141376840334477,0.984612275003837
"447",31,"LOC111563330",0.00441436897572023,0.828805690924844,0.996208074900292
"448",31,"cep89",0.0063860785295063,0.340841700847866,0.984612275003837
"449",31,"zgc:165481",-0.000703992763828164,0.976863081188404,0.996208074900292
"450",31,"lrp3",0.00562300255669888,0.632529168128406,0.993489446331016
"451",31,"LOC111563325",-0.00637435898766606,0.739022548653664,0.996208074900292
"452",31,"chsy1",0.00935898781891708,0.629146322804295,0.993489446331016
"453",31,"LOC129349024",-0.011482824286564,0.197780876994026,0.984612275003837
"454",31,"LOC129348766",0.00438472798966842,0.814416888936011,0.996208074900292
"455",31,"lrrk1",-0.00942889199149727,0.533077432555035,0.991505989400577
"456",31,"asb7",-0.00812225540584138,0.272035782534872,0.984612275003837
"457",31,"minar1",-0.00860730715916053,0.64932604651202,0.993489446331016
"458",31,"mthfs",0.00298333849782732,0.719309264449339,0.993489446331016
"459",31,"LOC111581059",0.00815190899562709,0.340841700847866,0.984612275003837
"460",31,"arnt2",0.0127339879287533,0.793946953950589,0.996208074900292
"461",31,"abhd17c",0.00207834775271504,0.899175582373623,0.996208074900292
"462",31,"LOC111564509",0.0794530808564628,0.284571503283598,0.984612275003837
"463",31,"mesd",0.0102400182259485,0.252770213021432,0.984612275003837
"464",31,"tlnrd1",0.00847418775982773,0.264759935380283,0.984612275003837
"465",31,"il16",-0.000310864050245439,0.976863081188404,0.996208074900292
"466",31,"stard5",-0.000826632142654646,0.963372150729927,0.996208074900292
"467",31,"LOC111564513",-0.0203295835957858,0.012248839713383,0.285431162031599
"468",31,"mex3b",0.0324020727052266,0.123498762556087,0.984612275003837
"469",31,"efl1",0.00602438729689966,0.711435664408671,0.993489446331016
"470",31,"adamtsl3",0.0125641237317241,0.54601196323052,0.993489446331016
"471",31,"selenos",0.0173085245894794,0.077298395410295,0.919755233249191
"472",31,"snrpa1",0.00857159657026487,0.63913340255685,0.993489446331016
"473",31,"tollip",0.00242583766335207,0.882701245098256,0.996208074900292
"474",31,"vps35",0.0272747200188129,0.418036925063539,0.98487850369265
"475",31,"c1h16orf87",0.00228774343396007,0.895318456333661,0.996208074900292
"476",31,"pdcd7",-0.0103606694146899,0.46989738283703,0.98487850369265
"477",31,"tssc4",0.0083122312035594,0.524188473119959,0.98487850369265
"478",31,"ppfia1",-0.0177124262020731,0.481845841200043,0.98487850369265
"479",31,"LOC111572572",0.0175528167960006,0.67352886565562,0.993489446331016
"480",31,"LOC129350144",-0.0174729685847017,0.0654386222291604,0.865341450859217
"481",31,"shank2b",0.0449508095901202,0.575503490685561,0.993489446331016
"482",31,"LOC111574580",0.0063578934938849,0.524188473119959,0.98487850369265
"483",31,"si:ch211-220f16.2",-0.00517953266766545,0.888194137768132,0.996208074900292
"484",31,"LOC111574493",0.00363598865519542,0.719309264449339,0.993489446331016
"485",31,"LOC111574458",0.00242237243329489,0.95319037159481,0.996208074900292
"486",31,"LOC111574567",-0.0111699086000115,0.746367584419289,0.996208074900292
"487",31,"si:ch211-71n6.4",0.0109192275806054,0.340841700847866,0.984612275003837
"488",31,"large2",-0.0264039898129468,0.417807681097281,0.98487850369265
"489",31,"LOC111584428",0.01669616658651,0.821590528084758,0.996208074900292
"490",31,"kiaa0895l",-0.0291128951073992,0.095557939598673,0.974963766271218
"491",31,"csnk2a2a",0.00249987328246182,0.922536201313598,0.996208074900292
"492",31,"LOC111582548",0.0324370853658442,0.245033352402332,0.984612275003837
"493",31,"jph3a",0.0180362544834617,0.604565553914188,0.993489446331016
"494",31,"psmd13",-0.0197676937690515,0.370073607406376,0.98487850369265
"495",31,"sirt3",-0.000724776719797746,0.961373101693367,0.996208074900292
"496",31,"ctsd",-0.0219474619510552,0.651764018427413,0.993489446331016
"497",31,"LOC118470509",-0.00153565675829535,0.895106088567285,0.996208074900292
"498",31,"LOC111570710",-0.0238339188955339,0.385522835500829,0.98487850369265
"499",31,"znf408",-0.000321088283375322,0.976863081188404,0.996208074900292
"500",31,"LOC111570708",-0.00755741319673825,0.355479621971964,0.98487850369265
"501",31,"ppip5k1a",-0.0016246882893434,0.904129232710112,0.996208074900292
"502",31,"map1aa",-0.00542899069900986,0.694435166993706,0.993489446331016
"503",31,"LOC111583699",-0.00993704490094338,0.703519230013097,0.993489446331016
"504",31,"tp53bp1",0.0172432394279821,0.408321092619351,0.98487850369265
"505",31,"tubgcp4",0.00611818698765793,0.549528037690835,0.993489446331016
"506",31,"iqgap1",0.00945475762669632,0.340841700847866,0.984612275003837
"507",31,"crtc3",-0.0258993116238013,0.136880250493657,0.984612275003837
"508",31,"hypk",-0.00214498735689029,0.907778269866794,0.996208074900292
"509",31,"mfap1",0.00170229001763493,0.898968180756006,0.996208074900292
"510",31,"hddc3",-0.00037492175215017,0.976863081188404,0.996208074900292
"511",31,"vps33b",0.00631100763533742,0.851507555742139,0.996208074900292
"512",31,"ptpmt1",-0.0165274787208486,0.151021149179729,0.984612275003837
"513",31,"ndufs3",0.0185194744773081,0.390281144766458,0.98487850369265
"514",31,"LOC129350840",0.0162657032702926,0.189598496263534,0.984612275003837
"515",31,"c1qtnf4",-0.0171325611667353,0.345413405804547,0.98487850369265
"516",31,"aph1b",0.0263454067477144,0.298864352539485,0.984612275003837
"517",31,"LOC111581987",-0.0234749589498641,0.012248839713383,0.285431162031599
"518",31,"LOC111581984",0.00506939750804204,0.808900355493118,0.996208074900292
"519",31,"LOC111581982",0.0101687769157016,0.792293232482341,0.996208074900292
"520",31,"LOC111581978",-0.00159411388760372,0.895106088567285,0.996208074900292
"521",31,"pacsin3",-0.0254796508845697,0.090550495691414,0.964667868932546
"522",31,"samd4a",0.00460208206747291,0.647294164422948,0.993489446331016
"523",31,"LOC129347573",-0.0161984077091706,0.012248839713383,0.285431162031599
"524",31,"LOC111575108",-0.0306823470986505,0.106410734773053,0.984612275003837
"525",31,"LOC111575107",0.000153096994209653,0.993745208771911,0.999198071091738
"526",31,"LOC111575115",0.00516333033930536,0.617452836510449,0.993489446331016
"527",31,"slc22a18",0.00412148679313237,0.719309264449339,0.993489446331016
"528",31,"LOC118470972",0.00775747544832779,0.719309264449339,0.993489446331016
"529",31,"LOC111576513",0.00513071188841553,0.830814183051106,0.996208074900292
"530",31,"mpped2a",0.00817563334118832,0.517306317727489,0.98487850369265
"531",31,"zdhhc13",-0.00713212897469434,0.556660342308212,0.993489446331016
"532",31,"nav2a",0.0167481266354712,0.813525820804945,0.996208074900292
"533",31,"prmt3",-0.00592680219575657,0.626512298747976,0.993489446331016
"534",31,"slc6a5",-0.0188495489521331,0.414999428008768,0.98487850369265
"535",31,"LOC111575341",-0.00741496533436536,0.84815928964141,0.996208074900292
"536",31,"lrp4",0.0474360992089948,0.525812339780327,0.986794917521154
"537",31,"LOC129348612",0.0316567963039396,0.100082690473624,0.984612275003837
"538",31,"mapk8ip1b",-0.00304344697662888,0.925335801093754,0.996208074900292
"539",31,"chst1",-0.0054408709512599,0.664001787126514,0.993489446331016
"540",31,"slc35c1",0.0145379875251334,0.340841700847866,0.984612275003837
"541",31,"LOC111588877",-0.00159655633335685,0.895106088567285,0.996208074900292
"542",31,"apip",0.00996521681608346,0.588984667268088,0.993489446331016
"543",31,"LOC111588881",0.0474155169362109,0.359702212099656,0.98487850369265
"544",31,"LOC118471752",0.0662851057859541,0.280894369588781,0.984612275003837
"545",31,"hsd17b12b",-0.0349956089892941,0.0745460672104085,0.908591954326234
"546",31,"LOC129349598",-0.0057621558088839,0.825986388149661,0.996208074900292
"547",31,"ttc17",0.0196653625004992,0.293668859338613,0.984612275003837
"548",31,"kcnq1.1",-0.0157673188806948,0.236583449370632,0.984612275003837
"549",31,"lingo1b",0.00996700076193688,0.549267775861672,0.993489446331016
"550",31,"luzp2",-0.0304956994383626,0.624070640880301,0.993489446331016
"551",31,"bbox1",-0.0196554637965001,0.012248839713383,0.285431162031599
"552",31,"madd",0.0185641379934166,0.740802492019181,0.996208074900292
"553",31,"nr1h3",0.0212254848103845,0.1663644390614,0.984612275003837
"554",31,"arl14ep",-0.0042877362389959,0.739625103237545,0.996208074900292
"555",31,"LOC111571034",0.0126503918059274,0.340841700847865,0.984612275003837
"556",31,"kcna4",-0.0292678192683216,0.602727872175217,0.993489446331016
"557",31,"LOC111581458",0.00556286480039727,0.774422340418547,0.996208074900292
"558",31,"LOC129348977",0.00363598865519542,0.719309264449339,0.993489446331016
"559",31,"cfap70",-0.0130177045945106,0.439817653128093,0.98487850369265
"560",31,"ddb1",0.0444167599693841,0.0884583846208745,0.963905736748171
"561",31,"tspan4a",-0.0034505728433585,0.960840077661836,0.996208074900292
"562",31,"LOC111588983",-0.0168360271708834,0.275552586783226,0.984612275003837
"563",31,"taldo1",-0.00231921461510992,0.886810679658907,0.996208074900292
"564",31,"LOC111567996",-0.0055312288493554,0.924921829008308,0.996208074900292
"565",31,"rab11a",-0.0113332618380228,0.648657433995045,0.993489446331016
"566",31,"herc1",-0.011806552410345,0.700851303366373,0.993489446331016
"567",31,"LOC118469504",0.00160211716684144,0.948431817681785,0.996208074900292
"568",31,"LOC111568739",0.00626431327642107,0.340841700847866,0.984612275003837
"569",31,"LOC111568736",0.0113087419953989,0.808860237327609,0.996208074900292
"570",31,"LOC111578656",0.00803921022558703,0.340841700847865,0.984612275003837
"571",31,"kmt5b",-0.0145702088306974,0.498419207447786,0.98487850369265
"572",31,"rpl12",-0.0173686791748732,0.709857537469508,0.993489446331016
"573",31,"LOC111581437",-0.0297489787477264,0.426057622148552,0.98487850369265
"574",31,"LOC129348539",-0.00272087589309451,0.9428467132159,0.996208074900292
"575",31,"gpn1",-0.000152340985674627,0.992161122324371,0.998749412702406
"576",31,"stmn4l",-0.0106314879200819,0.724261487816336,0.996208074900292
"577",31,"LOC111578897",-0.0178701195461806,0.012248839713383,0.285431162031599
"578",31,"kifc3",-0.0869261869483667,0.0713052374887876,0.893195587176444
"579",31,"katnb1",0.00847820259275484,0.592066261994156,0.993489446331016
"580",31,"cog8",0.000352456668826004,0.986807010667066,0.99771160608264
"581",31,"nob1",0.00865473646800165,0.302346112498301,0.984612275003837
"582",31,"wdr59",0.00574490636914395,0.746142319603079,0.996208074900292
"583",31,"LOC111569048",-0.00190076439074028,0.877217078756696,0.996208074900292
"584",31,"LOC111581074",-0.000321088283375322,0.976863081188404,0.996208074900292
"585",31,"cebpg",-0.0126996675485704,0.363616460495052,0.98487850369265
"586",31,"LOC129349647",-0.00037492175215017,0.976863081188404,0.996208074900292
"587",31,"fhod1",0.00901485145121293,0.717647827445293,0.993489446331016
"588",31,"LOC111567953",0.0153749984215195,0.175725709387061,0.984612275003837
"589",31,"LOC111567961",-0.0285674279121091,0.042392905245686,0.698040815900404
"590",31,"LOC111567958",0.0226336490626126,0.251048644220328,0.984612275003837
"591",31,"vps13c",0.0168009058990929,0.571896770917977,0.993489446331016
"592",31,"LOC111571013",-0.016121515835552,0.012248839713383,0.285431162031599
"593",31,"agbl4",0.0437086855299117,0.256965823396681,0.984612275003837
"594",31,"bend5",-0.0077903669187858,0.431914694180764,0.98487850369265
"595",31,"LOC111566277",0.0232391548305594,0.474369584853053,0.98487850369265
"596",31,"LOC111583977",-0.0116187239265494,0.554041519273858,0.993489446331016
"597",31,"faf1",-0.0149585496657954,0.67628857063453,0.993489446331016
"598",31,"cdkn2c",0.00450774868916627,0.719309264449339,0.993489446331016
"599",31,"rnf11b",0.0270843118359075,0.288981339785367,0.984612275003837
"600",31,"ttc39a",0.028925786528167,0.100945892043043,0.984612275003837
"601",31,"dnttip2",0.00363598865519542,0.719309264449339,0.993489446331016
"602",31,"gclm",0.00104386531619,0.944217559882707,0.996208074900292
"603",31,"slc1a6",-0.0378452420655136,0.012248839713383,0.285431162031599
"604",31,"tax1bp3",0.00607521447926086,0.594068217382414,0.993489446331016
"605",31,"tpm4a",0.0434919153309359,0.195914493633981,0.984612275003837
"606",31,"safb",0.0118992132911001,0.682946058069159,0.993489446331016
"607",31,"mrpl54",0.00956525608022102,0.719309264449339,0.993489446331016
"608",31,"fam32a",0.0017308845131936,0.932384210642567,0.996208074900292
"609",31,"fh",-0.0154858393918185,0.533639080963372,0.991522760302258
"610",31,"hdgfl2",0.00961896039693015,0.512261154969876,0.98487850369265
"611",31,"ap3d1",-0.0179090364819675,0.622099762097638,0.993489446331016
"612",31,"cdc34a",-0.0231432098861682,0.43958790462133,0.98487850369265
"613",31,"LOC111564946",-0.016121515835552,0.012248839713383,0.285431162031599
"614",31,"LOC111564939",0.0552128542468587,0.000836958178993183,0.285431162031599
"615",31,"tle5",-0.059984219121683,0.0120215083777421,0.285431162031599
"616",31,"tle2b",-0.00556845100582447,0.913492018906082,0.996208074900292
"617",31,"tle2a",0.0032227288650113,0.949424160509241,0.996208074900292
"618",31,"mier2",0.0161865400964378,0.340841700847866,0.984612275003837
"619",31,"shc2",0.0176217615166114,0.56147468176642,0.993489446331016
"620",31,"sac3d1",-0.02173958695159,0.026453824224474,0.525268116605772
"621",31,"firrm",-0.00236166823537117,0.890318019143629,0.996208074900292
"622",31,"rxrgb",0.0192154190096609,0.188181494773826,0.984612275003837
"623",31,"atf6",-0.0268759279965284,0.409783727498547,0.98487850369265
"624",31,"LOC111562406",0.00849171821814315,0.501577080753277,0.98487850369265
"625",31,"fyco1a",0.0264375939994861,0.088929086852372,0.963905736748171
"626",31,"LOC111584309",-0.000310864050245439,0.976863081188404,0.996208074900292
"627",31,"LOC111569286",-0.00408578892984418,0.917861438460902,0.996208074900292
"628",31,"lsm7",0.00784223053884344,0.577254952002489,0.993489446331016
"629",31,"enc3",0.00653265747600195,0.412669441378001,0.98487850369265
"630",31,"arhgef18b",-0.0285644586174023,0.100607982642542,0.984612275003837
"631",31,"insrb",0.0125314154429802,0.86017964017564,0.996208074900292
"632",31,"use1",-0.0205951359427508,0.012248839713383,0.285431162031599
"633",31,"LOC111581103",0.00514173683298463,0.719309264449339,0.993489446331016
"634",31,"ncln",0.00471646686835152,0.832804458368428,0.996208074900292
"635",31,"cers1",0.0435920187395973,0.484181232572388,0.98487850369265
"636",31,"cope",0.00584025966648436,0.706012766015548,0.993489446331016
"637",31,"LOC111567307",0.00518480057462572,0.340841700847865,0.984612275003837
"638",31,"mydgf",0.0063578934938849,0.524188473119959,0.98487850369265
"639",31,"atcaya",-0.00622241797104196,0.780274343997892,0.996208074900292
"640",31,"zfr2",-0.00344381685604448,0.926637732654492,0.996208074900292
"641",31,"matk",-0.000267891541848369,0.976863081188404,0.996208074900292
"642",31,"sin3b",-0.00929591648477239,0.654253916394141,0.993489446331016
"643",31,"xpr1a",0.00817659557239396,0.817162562782124,0.996208074900292
"644",31,"acbd6",-0.0105786821061827,0.794480308427477,0.996208074900292
"645",31,"lhx4",-0.0232202752560533,0.012248839713383,0.285431162031599
"646",31,"qsox1",0.00363598865519542,0.719309264449339,0.993489446331016
"647",31,"cep350",0.0212641935989111,0.27264566375425,0.984612275003837
"648",31,"LOC111568755",-0.0408798918026176,0.112500526223373,0.984612275003837
"649",31,"si:dkey-21p1.3",-0.0263815919319151,0.012248839713383,0.285431162031599
"650",31,"soat1",0.00949318921345231,0.554620036561845,0.993489446331016
"651",31,"abl2",0.0138325450265234,0.587660972146978,0.993489446331016
"652",31,"osbpl9",-0.0211842000825364,0.721774233573207,0.994503345271236
"653",31,"LOC111563905",0.0126029102410941,0.284132642900526,0.984612275003837
"654",31,"calr",0.0350173405821266,0.0702844740705728,0.883322108729728
"655",31,"eps15",0.0121339682662498,0.172723514557537,0.984612275003837
"656",31,"negr1",0.0405045831666512,0.27836027550545,0.984612275003837
"657",31,"zranb2",-0.0362311802745921,0.127473934384664,0.984612275003837
"658",31,"cth",-0.0308185091092226,0.0357263389926343,0.629432337725577
"659",31,"ankrd13c",0.0203546422202213,0.140174026885658,0.984612275003837
"660",31,"srsf11",0.00133333272769025,0.975070827503807,0.996208074900292
"661",31,"xxylt1",0.0107561237086087,0.585945414932941,0.993489446331016
"662",31,"fam43a",0.0063860785295063,0.340841700847866,0.984612275003837
"663",31,"lsg1",0.0175425183907802,0.126600378277349,0.984612275003837
"664",31,"patj",0.0855419626656257,0.0408408049729624,0.682115892432538
"665",31,"tm2d1",-0.00261815936322583,0.884484671707544,0.996208074900292
"666",31,"nfia",0.0076568319591224,0.524188473119959,0.98487850369265
"667",31,"LOC111563171",-0.0414525379249316,0.0789947852251253,0.925655678776035
"668",31,"rab3b",0.0442769955956244,0.0513292026135713,0.776213267736438
"669",31,"LOC111564528",-0.0108170862915367,0.360561705042032,0.98487850369265
"670",31,"tmem259",0.0135871802384866,0.486721147630856,0.98487850369265
"671",31,"plppr3b",0.00703342416760855,0.60981951235011,0.993489446331016
"672",31,"med16",0.0371951266642098,0.0676533610050844,0.873200773327847
"673",31,"palm1a",0.0101160876110751,0.730091569761642,0.996208074900292
"674",31,"map1sa",0.00984984721755841,0.342592865781977,0.984612275003837
"675",31,"dbt",0.0253013202211446,0.452266082090823,0.98487850369265
"676",31,"stx6",-0.029400927124423,0.303726408602319,0.984612275003837
"677",31,"wdr18",-0.00469751777640369,0.684968372238057,0.993489446331016
"678",31,"grin3bb",0.030741168612601,0.595395301473923,0.993489446331016
"679",31,"ftsj3",0.00703020693198349,0.425870552516454,0.98487850369265
"680",31,"ctbs",0.0120200662642541,0.555327243662639,0.993489446331016
"681",31,"spata1",-0.00204057995199585,0.895106088567285,0.996208074900292
"682",31,"rpf1",0.000481519668163288,0.975433076409112,0.996208074900292
"683",31,"samd13",0.00565980785737222,0.749599629493511,0.996208074900292
"684",31,"prkacba",-0.0130164991761884,0.57023455627755,0.993489446331016
"685",31,"ttll7",-0.0607215953333068,0.137457118841129,0.984612275003837
"686",31,"adgrl2a",-0.0043545973273142,0.952666953411273,0.996208074900292
"687",31,"LOC111565987",0.0045796468766776,0.782445435560124,0.996208074900292
"688",31,"mfn1b",0.0409967394801756,0.198228860429557,0.984612275003837
"689",31,"LOC111565983",-0.0816145860372306,0.0428864587849218,0.704359291721116
"690",31,"aldh7a1",0.00544117394322033,0.704785334943733,0.993489446331016
"691",31,"actl6a",-0.00191050811962668,0.917071611132516,0.996208074900292
"692",31,"mrpl47",-0.00572379566650747,0.783182252889439,0.996208074900292
"693",31,"ndufb5",0.0202544177026663,0.470401565895773,0.98487850369265
"694",31,"usp13",-0.012829575242411,0.696450117937753,0.993489446331016
"695",31,"pex5la",0.0194925497595906,0.838687840583842,0.996208074900292
"696",31,"lrrc15",0.00697683070151568,0.524188473119959,0.98487850369265
"697",31,"ccdc50a",0.0204974534411532,0.677188714066452,0.993489446331016
"698",31,"prrg1",0.00545697683861307,0.790384052535459,0.996208074900292
"699",31,"pik3r3b",-0.00510024110268902,0.803321786970623,0.996208074900292
"700",31,"pomgnt1",-0.00920102946154605,0.761754071025509,0.996208074900292
"701",31,"rtca",-0.0193567181844667,0.533536198677595,0.991522760302258
"702",31,"b4galt6",-0.0191015122696426,0.676850553187132,0.993489446331016
"703",31,"LOC111569640",0.00282819033495314,0.776926092010324,0.996208074900292
"704",31,"ndufa11",-0.0558707265082408,0.154978271684678,0.984612275003837
"705",31,"mrpl55",-0.0194439412869108,0.35645686465315,0.98487850369265
"706",31,"ctns",-0.00394479699320982,0.687251716403407,0.993489446331016
"707",31,"trappc8",-0.00866309617031795,0.673804853631082,0.993489446331016
"708",31,"commd2",0.00898306577764032,0.524188473119959,0.98487850369265
"709",31,"lmnb2",0.0158908627301943,0.616115177376072,0.993489446331016
"710",31,"rpl36",-0.0139712887191028,0.606568418312956,0.993489446331016
"711",31,"pde6d",0.0145265391298821,0.600563390977365,0.993489446331016
"712",31,"phb2b",0.0291391836057743,0.185847814293182,0.984612275003837
"713",31,"LOC111576818",0.00524176328229325,0.89662447328499,0.996208074900292
"714",31,"lrrc40",-0.0147201596812592,0.61485297240267,0.993489446331016
"715",31,"nfic",0.00670301870255303,0.875780543045266,0.996208074900292
"716",31,"LOC111584336",-0.0161395489189989,0.237933908182532,0.984612275003837
"717",31,"mast2",0.0624877320199262,0.220699556806881,0.984612275003837
"718",31,"pde4dip",2.73794147969832e-05,0.999556168658654,0.999859294605512
"719",31,"LOC129347775",0.0156698614667779,0.289931142395581,0.984612275003837
"720",31,"niban1a",-0.000310864050245439,0.976863081188404,0.996208074900292
"721",31,"trmt1l",0.0345877898866546,0.140220379973571,0.984612275003837
"722",31,"prpf38a",-0.018438795569373,0.26627293304471,0.984612275003837
"723",31,"lrrc24",0.0510133915561284,0.250491390333958,0.984612275003837
"724",31,"lonp1",0.0297070567628082,0.0188277155117071,0.407944437278154
"725",31,"dohh",-0.0365356296714733,0.012248839713383,0.285431162031599
"726",31,"cherp",0.010618432680119,0.585095103588285,0.993489446331016
"727",31,"LOC118469823",0.00340875918649961,0.719309264449339,0.993489446331016
"728",31,"eps15l1a",-0.0138482524856056,0.756195043051008,0.996208074900292
"729",31,"rad23ab",-0.00351522001060449,0.82053471207889,0.996208074900292
"730",31,"calr3a",-0.0307953011131933,0.012248839713383,0.285431162031599
"731",31,"arhgap39",0.0445218654584885,0.261094989248674,0.984612275003837
"732",31,"lrrc41",0.00807986940304726,0.603153657746418,0.993489446331016
"733",31,"st3gal3a",0.00411326139856077,0.927785003333979,0.996208074900292
"734",31,"LOC111573629",-0.0327594758955513,0.442446697079041,0.98487850369265
"735",31,"LOC111566523",-0.00231923683023304,0.921112638325121,0.996208074900292
"736",31,"zbtb37",0.0102443236692303,0.254880015674385,0.984612275003837
"737",31,"adcyap1r1b",-0.023659334489978,0.67512645797951,0.993489446331016
"738",31,"cyldl",0.0101433290491607,0.457339405654917,0.98487850369265
"739",31,"zc3h3",0.0275964712524405,0.0393409585833433,0.66820307045162
"740",31,"atpaf1",-0.0197068099170265,0.108711692309939,0.984612275003837
"741",31,"rhpn1",0.01696252424873,0.0232784400748832,0.478121922306048
"742",31,"tut4",-0.0212754053424155,0.316776019936879,0.984612275003837
"743",31,"slc30a7",-0.0201005903116488,0.174046978527838,0.984612275003837
"744",31,"dph5",0.00599124378204718,0.524188473119959,0.98487850369265
"745",31,"s1pr1",0.00990010091545243,0.524188473119959,0.98487850369265
"746",31,"LOC111582127",-0.00358807084257208,0.822504594511366,0.996208074900292
"747",31,"LOC111582131",-0.0265983922723552,0.0122488397133829,0.285431162031599
"748",31,"nos1apa",-0.0480369398317651,0.102994702699656,0.984612275003837
"749",31,"LOC111573383",-0.0259440382142088,0.053299433706341,0.785917251791734
"750",31,"LOC111573385",-0.000418266595330516,0.976863081188404,0.996208074900292
"751",31,"gmds",0.00784658829119867,0.837485834117174,0.996208074900292
"752",31,"exoc2",0.0123795690172578,0.550733206881307,0.993489446331016
"753",31,"LOC111569887",-0.0414357252394848,0.391624322946536,0.98487850369265
"754",31,"LOC111569875",0.0370524931011181,0.206546446920068,0.984612275003837
"755",31,"tbc1d7",0.016249453618508,0.108003613369978,0.984612275003837
"756",31,"phactr1",0.030956168743098,0.406311366141734,0.98487850369265
"757",31,"LOC111569882",-0.0408272018534702,0.374806407697135,0.98487850369265
"758",31,"LOC111569880",-0.0218045116683868,0.026194615447288,0.520927647042423
"759",31,"rgs16",-0.0254870368796382,0.012248839713383,0.285431162031599
"760",31,"rgs8",-0.0180554875873989,0.641930038384999,0.993489446331016
"761",31,"brinp3a.1",-0.00388475966697283,0.895188814852852,0.996208074900292
"762",31,"brinp3a.2",-0.0035747794824897,0.749209466829339,0.996208074900292
"763",31,"LOC111575811",0.00363598865519542,0.719309264449339,0.993489446331016
"764",31,"uchl5",-0.0227540655469792,0.388570003984335,0.98487850369265
"765",31,"glrx2",0.0174976181850928,0.153013067811455,0.984612275003837
"766",31,"LOC111575815",0.0344373680010225,0.604946200226767,0.993489446331016
"767",31,"cfh",-0.00413567128676351,0.612529847123156,0.993489446331016
"768",31,"fnbp1l",-0.000452612124440636,0.966418739818635,0.996208074900292
"769",31,"ttc14",0.00945222075864994,0.707637465361328,0.993489446331016
"770",31,"fxr1",0.0228270395912179,0.259216371136008,0.984612275003837
"771",31,"dnajc19",0.0117731618615116,0.459165416234659,0.98487850369265
"772",31,"LOC111583585",0.0217835142692738,0.221559666281481,0.984612275003837
"773",31,"atp11b",-0.00512323003214252,0.878067453760222,0.996208074900292
"774",31,"mccc1",-0.00490426355398144,0.731740767217505,0.996208074900292
"775",31,"LOC111588464",0.0279108983253098,0.403188122123872,0.98487850369265
"776",31,"zmat3",0.0587168431136388,0.321789863323008,0.984612275003837
"777",31,"LOC111588467",-0.000321088283375322,0.976863081188404,0.996208074900292
"778",31,"fam102bb",0.0371416752498367,0.228433678209878,0.984612275003837
"779",31,"LOC111571026",0.0173721866317247,0.307818620435988,0.984612275003837
"780",31,"fkbp2",-0.0218030729228603,0.274815993236427,0.984612275003837
"781",31,"ncbp2as2",0.0119160488776344,0.615191138228977,0.993489446331016
"782",31,"meltf",0.00358553394113734,0.719309264449339,0.993489446331016
"783",31,"LOC111580207",-0.0331985145342699,0.379463722096472,0.98487850369265
"784",31,"lrrc7",-0.00717393217213882,0.899042182137664,0.996208074900292
"785",31,"nasp",-0.0100951170677249,0.478997616728514,0.98487850369265
"786",31,"gpc1a",-0.0523868946546291,0.021419359980627,0.451143071381778
"787",31,"LOC111567450",-0.0357024511415563,0.584820592863016,0.993489446331016
"788",31,"syde2",0.00349077850377636,0.829443594876348,0.996208074900292
"789",31,"c2h1orf52",-0.029930069171076,0.346007331535952,0.98487850369265
"790",31,"LOC111578446",-0.0203295835957858,0.012248839713383,0.285431162031599
"791",31,"znhit6",0.0247723799192176,0.117797098372595,0.984612275003837
"792",31,"ddah1",-0.00105998418811629,0.957932099784989,0.996208074900292
"793",31,"tie1",0.0063860785295063,0.340841700847866,0.984612275003837
"794",31,"ap1m3",-0.0200799395551203,0.0835704219429307,0.944456213446671
"795",31,"ebna1bp2",0.00582483025767384,0.428702605628878,0.98487850369265
"796",31,"LOC118471328",-0.0148114391868579,0.202860849669363,0.984612275003837
"797",31,"lrp8",0.00770101180607789,0.828162294602145,0.996208074900292
"798",31,"kank4",-0.0292927157868791,0.0572577863446329,0.807970985085375
"799",31,"usp1",0.00852439688215287,0.63040091042718,0.993489446331016
"800",31,"dock7",0.0267327326680525,0.236847709682841,0.984612275003837
"801",31,"atg4c",-0.0115122260522957,0.350716303164264,0.98487850369265
"802",31,"alg6",-0.0288275817056872,0.0205784086606909,0.438470511446316
"803",31,"pgm1",-0.00297166121852793,0.818108923112734,0.996208074900292
"804",31,"ror1",-0.000416287222799226,0.976863081188404,0.996208074900292
"805",31,"cachd1",0.00104959652485916,0.973574410281537,0.996208074900292
"806",31,"raver2",0.00663863544788988,0.737299851949255,0.996208074900292
"807",31,"jak1",0.0125404674408243,0.637366314909137,0.993489446331016
"808",31,"LOC118471645",0.0186735135154026,0.197776715238906,0.984612275003837
"809",31,"ak4",-0.0282358039750062,0.012248839713383,0.285431162031599
"810",31,"dnajc6",0.0244354083107549,0.638106006128526,0.993489446331016
"811",31,"lurap1",-0.0215344145994296,0.137216996142779,0.984612275003837
"812",31,"LOC129350878",-0.0365432180892384,0.0098506277714714,0.285431162031599
"813",31,"sgip1a",0.00450600935948478,0.943599867992279,0.996208074900292
"814",31,"pde4ba",0.0500949838966529,0.586492288819455,0.993489446331016
"815",31,"LOC111564785",0.00575688648053807,0.74020281439723,0.996208074900292
"816",31,"swt1",-0.0156834839970534,0.225466811588787,0.984612275003837
"817",31,"ivns1abpa",-0.00477523733213406,0.826753126412616,0.996208074900292
"818",31,"arpc5b",-0.00517612783019574,0.796404416807713,0.996208074900292
"819",31,"pdcb",-0.0161984077091706,0.012248839713383,0.285431162031599
"820",31,"tprb",0.0186310675343668,0.19468456397617,0.984612275003837
"821",31,"fcho1",-0.00698480354521753,0.608091129416392,0.993489446331016
"822",31,"rfx2",0.000876798046639569,0.944983045820866,0.996208074900292
"823",31,"acsbg2",0.00438666501966519,0.931695112810049,0.996208074900292
"824",31,"adamts10",-0.0024875646581248,0.839466200476686,0.996208074900292
"825",31,"mob3a",0.0063860785295063,0.340841700847866,0.984612275003837
"826",31,"mknk2b",0.0198174902893784,0.0701256573004061,0.883322108729728
"827",31,"rexo1",-0.0112494076899461,0.408986614625815,0.98487850369265
"828",31,"zgc:101100",-0.0161984077091706,0.012248839713383,0.285431162031599
"829",31,"csnk1g2b",0.00975835306242546,0.778768676424403,0.996208074900292
"830",31,"mfsd12b",0.00358580531345942,0.719309264449339,0.993489446331016
"831",31,"babam1",0.00598297174173473,0.682819322254232,0.993489446331016
"832",31,"gtpbp3",-0.0186957167749026,0.0767689266318784,0.916387702187844
"833",31,"ano8b",-0.00748513696845113,0.744210348142191,0.996208074900292
"834",31,"LOC111585697",0.0130668890013933,0.497453865592893,0.98487850369265
"835",31,"ptprc",0.00363598865519542,0.719309264449339,0.993489446331016
"836",31,"nek7",0.0200346207092581,0.481402535979649,0.98487850369265
"837",31,"lhx9",-0.0378380356400716,0.0216624256134687,0.455514644826169
"838",31,"dennd1b",-0.00141679360423624,0.92296300259005,0.996208074900292
"839",31,"axdnd1",0.00435551723502002,0.727566505609187,0.996208074900292
"840",31,"fam163ab",0.0189226555851536,0.598387481384194,0.993489446331016
"841",31,"rabgap1l",-0.00307918904585436,0.943163870053352,0.996208074900292
"842",31,"gpr52",-0.0586678785944576,0.144903949122106,0.984612275003837
"843",31,"LOC111574043",0.00358580531345942,0.719309264449339,0.993489446331016
"844",31,"LOC111573872",-0.0527524161297499,0.0700554815553168,0.883322108729728
"845",31,"homer3b",-0.00661034548559836,0.577756309301179,0.993489446331016
"846",31,"LOC111573882",0.00894056493892543,0.602247654846627,0.993489446331016
"847",31,"LOC111573935",0.011943317350424,0.208640707964954,0.984612275003837
"848",31,"lsm4",-0.0006484335116684,0.957699620005774,0.996208074900292
"849",31,"LOC111573912",-0.0276518602916099,0.0443992183851064,0.713602176724185
"850",31,"rab3ab",-0.0285149977745219,0.650159518911561,0.993489446331016
"851",31,"mpv17l2",-0.00153565675829535,0.895106088567285,0.996208074900292
"852",31,"LOC111573959",0.0394054599238475,0.480540215563441,0.98487850369265
"853",31,"ifi30b",-0.0142872712886233,0.177112984719804,0.984612275003837
"854",31,"LOC111573943",-0.0157060385748254,0.140038472762104,0.984612275003837
"855",31,"LOC111582776",-0.0176826398871624,0.300167335876134,0.984612275003837
"856",31,"dazap1",-0.0060645836155274,0.856891205250729,0.996208074900292
"857",31,"ndufs7",0.0127454811027092,0.721109659210575,0.994374714974634
"858",31,"ctdspl3",-0.00275840494849628,0.895106088567285,0.996208074900292
"859",31,"arid3a",-0.0264584838055337,0.012248839713383,0.285431162031599
"860",31,"r3hdm4",0.00943634442644715,0.340841700847866,0.984612275003837
"861",31,"abca7",-0.0138106049833874,0.516912116266233,0.98487850369265
"862",31,"si:ch73-40i7.5",0.00355869516187367,0.809354117048643,0.996208074900292
"863",31,"LOC111584562",0.00803921022558703,0.340841700847865,0.984612275003837
"864",31,"slc35e1",0.0141131011148111,0.343432631890823,0.984612275003837
"865",31,"LOC111584559",0.00478952219614944,0.705031738085143,0.993489446331016
"866",31,"LOC129347472",0.0063578934938849,0.524188473119959,0.98487850369265
"867",31,"tmem38a",-0.00772402637661779,0.607841544832061,0.993489446331016
"868",31,"crtc1b",-0.0254673455956421,0.508068129417921,0.98487850369265
"869",31,"klhl26",-0.000283643968981126,0.977769763023235,0.996452700582568
"870",31,"mast3b",-0.0398876837060292,0.133854795365657,0.984612275003837
"871",31,"ndufa7",0.00867085633675692,0.541451308197993,0.993489446331016
"872",31,"LOC111576563",0.00120028902260431,0.938462753025136,0.996208074900292
"873",31,"LOC111576549",-0.000310864050245439,0.976863081188404,0.996208074900292
"874",31,"jak3",-0.000310864050245439,0.976863081188404,0.996208074900292
"875",31,"cluap1",-0.0118018121067693,0.341625423081884,0.984612275003837
"876",31,"ccdc124",0.0137638884588059,0.171239218542928,0.984612275003837
"877",31,"kdm4b",0.0006436088337069,0.969445019858642,0.996208074900292
"878",31,"LOC129347328",-0.00112448552569534,0.922331327345617,0.996208074900292
"879",31,"ptprsa",-0.045169613957703,0.516419246661926,0.98487850369265
"880",31,"si:zfos-943e10.1",-0.00198749323720379,0.908295478004413,0.996208074900292
"881",31,"LOC111580074",-0.0161150700222588,0.442657688182863,0.98487850369265
"882",31,"camsap2a",-0.00273575638255034,0.850407900302025,0.996208074900292
"883",31,"ddx59",0.0210942113585276,0.162349443897532,0.984612275003837
"884",31,"LOC118470954",0.0693200836839213,0.138406692707645,0.984612275003837
"885",31,"srek1ip1",-0.0205951359427508,0.012248839713383,0.285431162031599
"886",31,"ncl",0.0382821478830138,0.28734751720026,0.984612275003837
"887",31,"LOC111574896",-0.0101419000777075,0.622407222481402,0.993489446331016
"888",31,"mfsd8l1",-0.0246828124594345,0.0302810105186043,0.569522759416624
"889",31,"LOC111586506",0.118318236247313,0.0679108383239274,0.873200773327847
"890",31,"rubcn",0.00606874181127974,0.66753722337626,0.993489446331016
"891",31,"tsc22d2",-0.00473626504027983,0.858852163023074,0.996208074900292
"892",31,"LOC111575594",-0.0111160385805152,0.776592373244451,0.996208074900292
"893",31,"rnf13",0.0446543050420959,0.0767308679299195,0.916387702187844
"894",31,"ppp1r2",-0.0166329860905761,0.644516953084298,0.993489446331016
"895",31,"LOC111575595",0.00747104830336487,0.750313192005041,0.996208074900292
"896",31,"LOC129350376",0.0116237204918697,0.555423608078682,0.993489446331016
"897",31,"psmd1",-0.00252964308576335,0.882533376362379,0.996208074900292
"898",31,"LOC111577727",-0.0320779602293147,0.00986937261088338,0.285431162031599
"899",31,"opa1",0.0258079278053673,0.356529839234142,0.98487850369265
"900",31,"atp13a3",-0.0102948221981533,0.563609114669564,0.993489446331016
"901",31,"thop1",-0.0148867810483533,0.155140144275327,0.984612275003837
"902",31,"sgta",0.00768970376354607,0.708007112197385,0.993489446331016
"903",31,"LOC111563981",0.00155821189078553,0.879934319894228,0.996208074900292
"904",31,"c2h19orf25",0.0063578934938849,0.524188473119959,0.98487850369265
"905",31,"apc2",0.034547138975347,0.517567379089487,0.98487850369265
"906",31,"diras1a",-0.0178641901285177,0.602224376740536,0.993489446331016
"907",31,"sid1",0.00626431327642107,0.340841700847866,0.984612275003837
"908",31,"si:ch73-60h1.1",0.00318242929747377,0.955594966453867,0.996208074900292
"909",31,"fam174c",0.00626431327642107,0.340841700847866,0.984612275003837
"910",31,"hdlbpa",-0.00150227353369497,0.941683536424346,0.996208074900292
"911",31,"sox14",0.0100871328312067,0.512341446599733,0.98487850369265
"912",31,"hs2st1b",-0.0234758184880581,0.048924923441744,0.754519864619755
"913",31,"LOC111575097",-0.0132148828535011,0.012248839713383,0.285431162031599
"914",31,"lrrc8db",-0.0105213733312316,0.646567764024704,0.993489446331016
"915",31,"barhl2",-0.0161984077091706,0.012248839713383,0.285431162031599
"916",31,"znf644b",-0.0157619411458007,0.141568058730112,0.984612275003837
"917",31,"tgfbr3",0.00502971647927332,0.900915224421304,0.996208074900292
"918",31,"brdt",-0.00179414321759941,0.932502128199939,0.996208074900292
"919",31,"ephx4",-0.0202797989872252,0.302245514490134,0.984612275003837
"920",31,"btbd8",0.0214396738351126,0.519481598833501,0.98487850369265
"921",31,"gfi1ab",-0.0232202752560533,0.012248839713383,0.285431162031599
"922",31,"evi5b",0.0205152363226601,0.377221755605671,0.98487850369265
"923",31,"LOC111579955",0.0196112702540863,0.323396015846424,0.984612275003837
"924",31,"dipk1a",-0.010094385187345,0.493013447113464,0.98487850369265
"925",31,"dr1",-0.0178701195461806,0.012248839713383,0.285431162031599
"926",31,"gng12b",-0.0200894851781594,0.012248839713383,0.285431162031599
"927",31,"glulb",-0.0123006560483589,0.403060019743892,0.98487850369265
"928",31,"LOC111579959",-0.00773619950016188,0.88095084279359,0.996208074900292
"929",31,"med8",0.00589101926878108,0.707293560297054,0.993489446331016
"930",31,"tmco1",0.00276983226726539,0.84919866114469,0.996208074900292
"931",31,"uck2a",0.00859119197314954,0.269243871833069,0.984612275003837
"932",31,"magoh",0.00435009916484889,0.822971624861876,0.996208074900292
"933",31,"cpt2",-0.00188809091069964,0.893714977664754,0.996208074900292
"934",31,"scp2b",-0.00430800252798616,0.583569701386136,0.993489446331016
"935",31,"slc1a7b",-0.0161984077091706,0.012248839713383,0.285431162031599
"936",31,"LOC111576154",0.00986752305125907,0.340841700847866,0.984612275003837
"937",31,"c2h19orf44",0.00618980061484393,0.417044296918588,0.98487850369265
"938",31,"akr1a1b",-0.00123635553179216,0.960151763387374,0.996208074900292
"939",31,"uhmk1",0.00235138616420656,0.913742496969345,0.996208074900292
"940",31,"tbl1xr1a",0.0615432620376936,0.190883044150584,0.984612275003837
"941",31,"si:ch211-51h4.2",0.0252402717449771,0.490945987468659,0.98487850369265
"942",31,"LOC111562694",-0.0194399109334048,0.668002460087088,0.993489446331016
"943",31,"nlgn1",0.0427940831208355,0.41496364665939,0.98487850369265
"944",31,"ect2",0.0114491138510468,0.340841700847865,0.984612275003837
"945",31,"mcf2l2",-0.0192056313836665,0.711254455894189,0.993489446331016
"946",31,"b3gnt5a",0.00952517916330226,0.598460912796643,0.993489446331016
"947",31,"LOC111588740",0.030332341788023,0.578863043843697,0.993489446331016
"948",31,"ddx10",-0.0142581535776226,0.329470447714889,0.984612275003837
"949",31,"szt2",0.0132997204554994,0.649581356887746,0.993489446331016
"950",31,"hyi",0.00559521473915305,0.719309264449339,0.993489446331016
"951",31,"LOC118469638",0.00697683070151568,0.524188473119959,0.98487850369265
"952",31,"ptprfa",0.00297026831935979,0.888670034367789,0.996208074900292
"953",31,"LOC111588723",0.000953370817444175,0.9622526403728,0.996208074900292
"954",31,"si:ch211-152f22.4",0.0220775989431567,0.340841700847866,0.984612275003837
"955",31,"atg4b",0.0363496063571229,0.17708209560286,0.984612275003837
"956",31,"LOC111565048",0.00119911064120982,0.963963374850414,0.996208074900292
"957",31,"kif1aa",0.00699973299389413,0.933604611027832,0.996208074900292
"958",31,"crocc2",0.0109192275806054,0.340841700847866,0.984612275003837
"959",31,"ryk",-0.0141584231966124,0.631014471786647,0.993489446331016
"960",31,"rab6ba",0.0288522046860619,0.335214347016754,0.984612275003837
"961",31,"cep63",-0.00204057995199585,0.895106088567285,0.996208074900292
"962",31,"sap130a",-0.00306872545762125,0.808304459035451,0.996208074900292
"963",31,"smx5",0.0139878095411002,0.27493348165843,0.984612275003837
"964",31,"lpp",0.0146163481072736,0.340841700847866,0.984612275003837
"965",31,"LOC118469892",-0.0161984077091706,0.012248839713383,0.285431162031599
"966",31,"tp63",0.0125265335300492,0.330469079582061,0.984612275003837
"967",31,"zbtb11",0.00734396106876155,0.763238778203886,0.996208074900292
"968",31,"atp1b1a",-0.0100571666497753,0.596160718432251,0.993489446331016
"969",31,"nme7",0.020926346547128,0.252909228228515,0.984612275003837
"970",31,"LOC111582634",0.0125189575057118,0.535297254686438,0.992149068677901
"971",31,"LOC129350119",-0.00182963378139127,0.894675115505879,0.996208074900292
"972",31,"tmem131",-0.0372569990804658,0.0484873800291439,0.749851559879265
"973",31,"ube3a",-0.0118788258687616,0.212025282185289,0.984612275003837
"974",31,"gabra5",-0.0114637161500674,0.365484109684224,0.98487850369265
"975",31,"LOC111566459",-0.016121515835552,0.012248839713383,0.285431162031599
"976",31,"herc2",-0.00431140655243249,0.94043574435936,0.996208074900292
"977",31,"nipa2",-0.00312491313842091,0.895106088567285,0.996208074900292
"978",31,"cyfip1",0.00483087278273919,0.763661119953541,0.996208074900292
"979",31,"chst7",-0.0018620087180681,0.877000916860547,0.996208074900292
"980",31,"slc9a7",0.108418469783305,0.0286942579261211,0.548526447717369
"981",31,"jade3",-0.00440874078113739,0.66619095889489,0.993489446331016
"982",31,"gtpbp6",0.00358580531345942,0.719309264449339,0.993489446331016
"983",31,"nit2",-0.0181597056006543,0.012248839713383,0.285431162031599
"984",31,"tbc1d23",0.0152328451345005,0.169656225068869,0.984612275003837
"985",31,"tomm70a",-0.0040145593852695,0.864324726342607,0.996208074900292
"986",31,"LOC111581783",-0.0268857369520379,0.466964367047398,0.98487850369265
"987",31,"LOC111581777",-0.00688720809107246,0.911507287189212,0.996208074900292
"988",31,"LOC111581775",-0.00549344984069838,0.757489191565073,0.996208074900292
"989",31,"LOC111581776",-0.00567312387184825,0.775065437903022,0.996208074900292
"990",31,"nhsa",0.00464496327711287,0.726637605694274,0.996208074900292
"991",31,"reps2",-0.00204057995199585,0.895106088567285,0.996208074900292
"992",31,"LOC111570238",-0.0153878930790756,0.489899964281691,0.98487850369265
"993",31,"prdm5",-0.0099658190245892,0.554431211591784,0.993489446331016
"994",31,"ndnf",-0.0585078719891908,0.254933869073029,0.984612275003837
"995",31,"cpeb2",-0.022172285922025,0.710962391035698,0.993489446331016
"996",31,"fbxl5",-0.00594720063910885,0.766384245303672,0.996208074900292
"997",31,"nek1",0.0152643397206042,0.40807765338036,0.98487850369265
"998",31,"sh3rf1",0.0264126941357882,0.206561424453374,0.984612275003837
"999",31,"palld",-0.0306296913366796,0.019748537525625,0.423602827493631
"1000",31,"LOC118470066",-0.00518528090199945,0.893442635974552,0.996208074900292
"1001",31,"anapc4",-0.00660445993684033,0.559308760876704,0.993489446331016
"1002",31,"slain2",0.0282853707276989,0.218533763213851,0.984612275003837
"1003",31,"fryl",0.0466044979134127,0.468027713413984,0.98487850369265
"1004",31,"ociad2",-0.00153565675829535,0.895106088567285,0.996208074900292
"1005",31,"dcun1d4",0.00490247946148126,0.894277145838547,0.996208074900292
"1006",31,"sgcb",0.0378384753805768,0.0311188513267016,0.576822985502314
"1007",31,"usp46",-0.0404219775324843,0.0015029042530005,0.285431162031599
"1008",31,"scfd2",0.00196679490186627,0.93899555546882,0.996208074900292
"1009",31,"lnx1",0.0911078599357035,0.0817529914897227,0.935051944307612
"1010",31,"tmem165",0.0177811272763975,0.21324807152548,0.984612275003837
"1011",31,"clocka",0.00139862978491801,0.956905054126866,0.996208074900292
"1012",31,"nmu",-0.00812225540584138,0.272035782534872,0.984612275003837
"1013",31,"exoc1",0.00128118550774884,0.942436497373549,0.996208074900292
"1014",31,"chst14",-0.000310864050245439,0.976863081188404,0.996208074900292
"1015",31,"cracd",-0.021260983879305,0.721653043328803,0.994503345271236
"1016",31,"aasdh",-0.0254340202938216,0.111013397131301,0.984612275003837
"1017",31,"paics",0.0143035235020081,0.340841700847865,0.984612275003837
"1018",31,"LOC111569623",-0.0090140218540457,0.658507904688121,0.993489446331016
"1019",31,"LOC111569606",0.0226461577795675,0.719848144150107,0.993673999909354
"1020",31,"rabggta",-0.0173508209099595,0.0552485478346815,0.796960704901046
"1021",31,"LOC111569618",0.00797258912926001,0.563296085174353,0.993489446331016
"1022",31,"impact",-0.00931839715713136,0.51892412376599,0.98487850369265
"1023",31,"osbpl1a",-0.00986157848119191,0.529838496689791,0.989372540616599
"1024",31,"LOC129350951",-0.00153565675829535,0.895106088567285,0.996208074900292
"1025",31,"ankrd29",-0.0231569394782003,0.111116310823383,0.984612275003837
"1026",31,"plekhb2",-0.0067160901202594,0.550716175131139,0.993489446331016
"1027",31,"pigx",-0.00364074894334029,0.842358127044174,0.996208074900292
"1028",31,"pak2b",-0.0115439609064808,0.216134662548583,0.984612275003837
"1029",31,"LOC111565085",-0.0205951359427508,0.012248839713383,0.285431162031599
"1030",31,"dhcr24",-0.0102071639271235,0.37324660152937,0.98487850369265
"1031",31,"usp24",-0.000554093929751755,0.970209988301245,0.996208074900292
"1032",31,"bloc1s2",-0.000155660893954305,0.987397961097342,0.99771160608264
"1033",31,"prkaa2",-0.00607244053082587,0.446067479283917,0.98487850369265
"1034",31,"dab1a",-0.0248412217989112,0.224070176258493,0.984612275003837
"1035",31,"oma1",0.000669456685347895,0.955725671028324,0.996208074900292
"1036",31,"mysm1",-0.00648103034620688,0.390564804880399,0.98487850369265
"1037",31,"suco",0.00204986258350843,0.95015695334657,0.996208074900292
"1038",31,"vamp4",0.00115395577275674,0.936807692686792,0.996208074900292
"1039",31,"prrc2c",-0.0148957591392826,0.458993954384033,0.98487850369265
"1040",31,"plpp6",0.00467506324965416,0.740044357144886,0.996208074900292
"1041",31,"prdx6",-0.00347839521577227,0.836359406623637,0.996208074900292
"1042",31,"jun",-0.000385819212686507,0.976863081188404,0.996208074900292
"1043",31,"si:dkey-86e18.1",0.00962713949909636,0.587553528627879,0.993489446331016
"1044",31,"fam20b",-0.00246512909009596,0.9471518285408,0.996208074900292
"1045",31,"ralgps2",-0.00734718899974214,0.87466528770109,0.996208074900292
"1046",31,"LOC111584868",-0.0111267736231796,0.138602840120171,0.984612275003837
"1047",31,"zyg11",0.0174583161406956,0.340841700847866,0.984612275003837
"1048",31,"LOC111564997",-0.0349698287716291,0.0670952348271373,0.872264865210792
"1049",31,"LOC118469934",0.00407317395439201,0.719309264449339,0.993489446331016
"1050",31,"LOC111564981",-0.00151251534185318,0.937097635258694,0.996208074900292
"1051",31,"LOC111564995",-0.000184517296169826,0.994748564153492,0.999580088711073
"1052",31,"hook1",0.0271772416747298,0.0950739836724047,0.97249919343376
"1053",31,"LOC111586281",-0.000267891541848369,0.976863081188404,0.996208074900292
"1054",31,"serbp1a",0.0101617501615316,0.759704157627192,0.996208074900292
"1055",31,"ubxn6",0.00744971139040777,0.255140067524178,0.984612275003837
"1056",31,"scamp4",0.0184000893798781,0.524188473119959,0.98487850369265
"1057",31,"fsd1",-0.0279090426008615,0.141257051808204,0.984612275003837
"1058",31,"LOC111587314",-0.0294740453063788,0.136507082391965,0.984612275003837
"1059",31,"pip5k1ca",-0.00836356124998437,0.843826526896831,0.996208074900292
"1060",31,"gpx4a",-0.0113516068732197,0.497308362883424,0.98487850369265
"1061",31,"polr2eb",-0.00984051421528575,0.409191011282681,0.98487850369265
"1062",31,"arhgap45b",0.00363598865519542,0.719309264449339,0.993489446331016
"1063",31,"si:ch73-63e15.2",-0.0226420542045321,0.418521699765266,0.98487850369265
"1064",31,"tm6sf2b",-0.000321088283375322,0.976863081188404,0.996208074900292
"1065",31,"hapln4",0.0118470111379625,0.340841700847865,0.984612275003837
"1066",31,"ncanb",0.0617722851963514,0.00225702568716883,0.285431162031599
"1067",31,"borcs8",0.0063860785295063,0.340841700847866,0.984612275003837
"1068",31,"tmem161a",-0.0537531311629787,0.00245798045635042,0.285431162031599
"1069",31,"LOC118470501",-0.0338740581544403,0.0220163355153523,0.460382329241072
"1070",31,"LOC111570643",0.0120575794242533,0.265178001725422,0.984612275003837
"1071",31,"LOC111570662",0.0136995344891961,0.362992838950979,0.98487850369265
"1072",31,"LOC129350171",0.0063860785295063,0.340841700847866,0.984612275003837
"1073",31,"gatad2ab",-0.00305779883892173,0.911897657363648,0.996208074900292
"1074",31,"yjefn3",-0.03370835382371,0.484210727441904,0.98487850369265
"1075",31,"LOC129350158",0.0286781424658486,0.30481321423209,0.984612275003837
"1076",31,"cilp2",0.00363598865519542,0.719309264449339,0.993489446331016
"1077",31,"midn",0.0186074161354357,0.551865828662724,0.993489446331016
"1078",31,"atp5f1d",-0.0127055377140488,0.636534976332626,0.993489446331016
"1079",31,"cbarpb",0.0434087590420281,0.172618005935318,0.984612275003837
"1080",31,"LOC111579114",0.0185988766907263,0.394265225813874,0.98487850369265
"1081",31,"bsg",0.0670265354328293,0.126944909516103,0.984612275003837
"1082",31,"hcn2b",-0.0265983922723552,0.0122488397133829,0.285431162031599
"1083",31,"polrmt",0.0100268299550303,0.640721226548419,0.993489446331016
"1084",31,"LOC111578527",0.00626431327642107,0.340841700847866,0.984612275003837
"1085",31,"LOC111578534",-0.0335446528071291,0.0384059232051198,0.656843702602762
"1086",31,"micos13",-0.0236806003709086,0.012248839713383,0.285431162031599
"1087",31,"celf5a",0.0278911152276135,0.143577326368285,0.984612275003837
"1088",31,"LOC111574483",0.0329367382745917,0.0613576359862689,0.83196025031276
"1089",31,"hmg20b",0.00261991066597954,0.819654584373062,0.996208074900292
"1090",31,"unc13a",-0.0680875737250291,0.136147593847467,0.984612275003837
"1091",31,"si:dkey-110c1.10",0.0188125344406744,0.124610329437809,0.984612275003837
"1092",31,"mbd3b",-0.00763868885624351,0.77298686038452,0.996208074900292
"1093",31,"LOC111568216",-0.0222294534302304,0.292881352180969,0.984612275003837
"1094",31,"tcf3b",-0.00762138426932101,0.801657486171244,0.996208074900292
"1095",31,"zbtb7a",-0.00183713965668077,0.93270371436115,0.996208074900292
"1096",31,"map2k2a",0.000559508823114771,0.978386534255839,0.996452700582568
"1097",31,"pias4a",0.0112740763536762,0.340841700847865,0.984612275003837
"1098",31,"lingo3a",0.00958782707433334,0.744691014759102,0.996208074900292
"1099",31,"LOC111584150",0.00697683070151568,0.524188473119959,0.98487850369265
"1100",31,"oaz1a",-0.00351337361932104,0.897736210087332,0.996208074900292
"1101",31,"dot1l",0.0043617688504377,0.84583851110992,0.996208074900292
"1102",31,"ell",0.000453546465501977,0.960080544326346,0.996208074900292
"1103",31,"fkbp8",-0.00566994065976581,0.757131761978381,0.996208074900292
"1104",31,"ssbp4",-0.0223530765986284,0.0122610563872621,0.285431162031599
"1105",31,"tmem59l",0.0177161487914375,0.776984954832902,0.996208074900292
"1106",31,"rex1bd",-0.0144854907916492,0.263768333307649,0.984612275003837
"1107",31,"fam78bb",-0.0185455248133407,0.166188108719217,0.984612275003837
"1108",31,"slc35a3a",-0.0132342058161677,0.369864733427288,0.98487850369265
"1109",31,"notch2",-0.000310864050245439,0.976863081188404,0.996208074900292
"1110",31,"sec22bb",0.0102591355172879,0.169836425044872,0.984612275003837
"1111",31,"edem3",-0.00684543716955043,0.844144379133567,0.996208074900292
"1112",31,"zgc:92140",-0.0444308961217822,0.329309193141165,0.984612275003837
"1113",31,"colgalt2b",0.0078669116760145,0.796745130989954,0.996208074900292
"1114",31,"rgl1",-0.016121515835552,0.012248839713383,0.285431162031599
"1115",31,"abhd17ab",-0.00170793842005445,0.916569246324547,0.996208074900292
"1116",31,"zgc:77486",0.0301279977522332,0.204833835684904,0.984612275003837
"1117",31,"sema6bb",0.0618906995405331,0.438131870852462,0.98487850369265
"1118",31,"rorca",-0.0261689496699107,0.196217891632867,0.984612275003837
"1119",31,"sh3gl1b",0.00786599323893014,0.451828014458796,0.98487850369265
"1120",31,"mpnd",-0.0196056046318099,0.414235261117578,0.98487850369265
"1121",31,"LOC111583907",-0.0213932782150876,0.325855037592318,0.984612275003837
"1122",31,"ssbp3b",0.00171673908445758,0.907925187305797,0.996208074900292
"1123",31,"tnni3k",4.75292783255883e-05,0.997542765945498,0.999816729949705
"1124",31,"slc44a5b",-0.0219793752673242,0.688377713805313,0.993489446331016
"1125",31,"st6galnac5b",0.00927363519698497,0.640590779037993,0.993489446331016
"1126",31,"btf3l4",-0.0187582690779579,0.323832267256621,0.984612275003837
"1127",31,"zfyve9b",-0.0181597056006543,0.012248839713383,0.285431162031599
"1128",31,"mknk1",0.0336390185232276,0.103375999366584,0.984612275003837
"1129",31,"LOC118471631",-0.000310853665762605,0.975799454289372,0.996208074900292
"1130",31,"LOC129350000",0.0102344665280609,0.340841700847866,0.984612275003837
"1131",31,"LOC111585833",-0.0271563525478917,0.43642462347856,0.98487850369265
"1132",31,"LOC129350428",0.0198467555497458,0.200939355610071,0.984612275003837
"1133",31,"LOC111577742",-0.0354128356497763,0.342636532125934,0.984612275003837
"1134",31,"hnrnpm",-0.013781988788765,0.718942696248672,0.993489446331016
"1135",31,"dmap1",-0.000282538336342218,0.975366181444313,0.996208074900292
"1136",31,"tab3",-0.00402295549803921,0.88622887051477,0.996208074900292
"1137",31,"tmem47",0.00363598865519542,0.719309264449339,0.993489446331016
"1138",31,"LOC111586229",0.00934123199171223,0.409644551642636,0.98487850369265
"1139",31,"elmo3",0.00358580531345942,0.719309264449339,0.993489446331016
"1140",31,"e2f4",-0.000416287222799226,0.976863081188404,0.996208074900292
"1141",31,"c3h12orf4",-0.0111389620811028,0.376283758327961,0.98487850369265
"1142",31,"slc45a3",0.00615372326291984,0.872937772129057,0.996208074900292
"1143",31,"LOC111572082",-0.0108410566295893,0.422565072896173,0.98487850369265
"1144",31,"ccnd2a",0.00810617396433306,0.486889015477027,0.98487850369265
"1145",31,"LOC118471462",-0.000310864050245439,0.976863081188404,0.996208074900292
"1146",31,"LOC129348596",-0.0203295835957858,0.012248839713383,0.285431162031599
"1147",31,"cdh13",-0.0425462226298547,0.0080791773480671,0.285431162031599
"1148",31,"LOC129348141",-0.000267891541848369,0.976863081188404,0.996208074900292
"1149",31,"hsbp1b",-0.0132997559523462,0.733428409272595,0.996208074900292
"1150",31,"si:dkey-246g23.2",-0.00819487111954133,0.246745105933506,0.984612275003837
"1151",31,"kcng4a",0.00811276527493137,0.795716712968789,0.996208074900292
"1152",31,"si:dkey-246g23.4",-0.0362122329865276,0.00545336212736757,0.285431162031599
"1153",31,"dyrk4",0.00744971139040777,0.255140067524178,0.984612275003837
"1154",31,"ndufa9a",0.0283342938889464,0.0837368325495745,0.94550383020545
"1155",31,"slc25a18",0.00298333849782732,0.719309264449339,0.993489446331016
"1156",31,"bcl2l13",-0.0515540520032237,0.012248839713383,0.285431162031599
"1157",31,"dennd11",-0.0267448809877697,0.0579159947736354,0.814570685264716
"1158",31,"nup205",0.0034547903924511,0.811287474617551,0.996208074900292
"1159",31,"fgd4a",0.0168984058740573,0.416070517835088,0.98487850369265
"1160",31,"bicd1a",-0.00170591643569117,0.943747851514571,0.996208074900292
"1161",31,"tmtc2b",0.0223313772430822,0.738230705773826,0.996208074900292
"1162",31,"LOC111574746",-0.0163005614325582,0.202232858137238,0.984612275003837
"1163",31,"tspan9a",0.0168356338300766,0.287043017270174,0.984612275003837
"1164",31,"ttc38",-0.0155350676140389,0.38658926709331,0.98487850369265
"1165",31,"mical3a",-0.00062706246160207,0.990261338778362,0.998253544131569
"1166",31,"si:ch211-1e14.1",0.00403667548462727,0.829582279556724,0.996208074900292
"1167",31,"hipk2",0.014252256435884,0.694255567097665,0.993489446331016
"1168",31,"tbxas1",0.00568555768432726,0.772507999942584,0.996208074900292
"1169",31,"srgap1a",-0.03628789288733,0.0122488397133829,0.285431162031599
"1170",31,"rxylt1",0.00567951384654937,0.696495420147952,0.993489446331016
"1171",31,"LOC111575927",-0.0264028011666683,0.602397357219622,0.993489446331016
"1172",31,"LOC111575921",0.00258917217766387,0.80401770491642,0.996208074900292
"1173",31,"LOC118471072",0.00298333849782732,0.719309264449339,0.993489446331016
"1174",31,"shank3a",-0.00255810235617658,0.952286689530748,0.996208074900292
"1175",31,"arsa",-0.00151760913059538,0.914858260022836,0.996208074900292
"1176",31,"mapk8ip2",0.00238403846925412,0.913016469825665,0.996208074900292
"1177",31,"chkb",-0.00805496265271979,0.252881455265435,0.984612275003837
"1178",31,"prpf18",-0.0121133392969996,0.665701906685851,0.993489446331016
"1179",31,"si:dkey-234i14.6",0.016373022512077,0.282401370999229,0.984612275003837
"1180",31,"wwox",0.00532728080169231,0.385368605442367,0.98487850369265
"1181",31,"nfat5a",-0.0109394522912697,0.417669047500012,0.98487850369265
"1182",31,"LOC111569685",-0.0102071639271235,0.37324660152937,0.98487850369265
"1183",31,"hprt1l",-3.22358309791034e-05,0.99908263137464,0.999859294605512
"1184",31,"psmd7",0.0133073862794048,0.454933262468359,0.98487850369265
"1185",31,"LOC111588128",0.00530482741643116,0.895837841003709,0.996208074900292
"1186",31,"LOC111588126",0.00626431327642107,0.340841700847866,0.984612275003837
"1187",31,"LOC111588123",-0.0150271822399843,0.596936621015938,0.993489446331016
"1188",31,"wnk1a",0.0362053803581482,0.48830757634075,0.98487850369265
"1189",31,"prr5a",0.0063860785295063,0.340841700847866,0.984612275003837
"1190",31,"tmem60",0.00467218937938464,0.643747010624792,0.993489446331016
"1191",31,"LOC111588135",0.0154851873308015,0.37685879611041,0.98487850369265
"1192",31,"LOC111588130",0.0592722376411692,0.139733901349486,0.984612275003837
"1193",31,"sinhcaf",0.0101615252008658,0.551878368188467,0.993489446331016
"1194",31,"LOC111583626",0.0129730254093767,0.367827460454674,0.98487850369265
"1195",31,"LOC111583624",0.0543516040598216,0.032406048581606,0.592678426050853
"1196",31,"LOC111585435",-0.0165554488921338,0.417116679653818,0.98487850369265
"1197",31,"LOC111585437",-0.0160020395634271,0.138429047408748,0.984612275003837
"1198",31,"LOC111586641",0.00161096272190082,0.938676300016752,0.996208074900292
"1199",31,"LOC111586637",-0.0386067622967919,0.0336125491046429,0.605545178883784
"1200",31,"LOC111586636",0.00626431327642107,0.340841700847866,0.984612275003837
"1201",31,"LOC129348566",-0.0105540531194589,0.285247425218382,0.984612275003837
"1202",31,"tmem263",0.0181598364497719,0.185822038028136,0.984612275003837
"1203",31,"si:dkey-103i16.6",0.00363598865519542,0.719309264449339,0.993489446331016
"1204",31,"ric8b",-0.0234749589498641,0.012248839713383,0.285431162031599
"1205",31,"polr3b",-0.012871740939741,0.230926126086759,0.984612275003837
"1206",31,"si:ch211-245j22.3",-0.0132148828535011,0.012248839713383,0.285431162031599
"1207",31,"bmal2",0.00469791548820646,0.809466747656826,0.996208074900292
"1208",31,"ube2na",-0.0148867810483533,0.155140144275327,0.984612275003837
"1209",31,"nudt4a",0.00407317395439201,0.719309264449339,0.993489446331016
"1210",31,"eea1",0.000557060401581392,0.982656830949106,0.996956250321918
"1211",31,"itpr2",0.0161011381502901,0.46934437673125,0.98487850369265
"1212",31,"sspn",0.00626431327642107,0.340841700847866,0.984612275003837
"1213",31,"bhlhe41",0.0216474725703976,0.340841700847866,0.984612275003837
"1214",31,"LOC111563105",-0.00411363699706931,0.836020705325807,0.996208074900292
"1215",31,"kras",-0.00558763825712448,0.325869307760542,0.984612275003837
"1216",31,"LOC118469738",0.00894218034115057,0.624524828011131,0.993489446331016
"1217",31,"banp",-0.0081152618927733,0.773563465580374,0.996208074900292
"1218",31,"fbxo31",-0.0155195180004496,0.367979352683036,0.98487850369265
"1219",31,"LOC111562997",0.0129929223873536,0.409368253910711,0.98487850369265
"1220",31,"fanci",-0.0132148828535011,0.012248839713383,0.285431162031599
"1221",31,"polg",0.0292569789215293,0.242848274069726,0.984612275003837
"1222",31,"LOC111563197",0.00298333849782732,0.719309264449339,0.993489446331016
"1223",31,"LOC118469732",-0.00378451662512644,0.744646682098312,0.996208074900292
"1224",31,"LOC111563067",-0.00153565675829535,0.895106088567285,0.996208074900292
"1225",31,"unc45a",0.011943317350424,0.208640707964954,0.984612275003837
"1226",31,"man2a2",-0.0245121782538594,0.269167805682142,0.984612275003837
"1227",31,"furinb",0.0137181085352178,0.70460985870384,0.993489446331016
"1228",31,"lrrc4ca",-0.0386213304725139,0.426560453555904,0.98487850369265
"1229",31,"pdhx",0.0223663992050481,0.581863511285184,0.993489446331016
"1230",31,"cd44b",0.00616582658029003,0.537345252714625,0.993489446331016
"1231",31,"slc1a2b",-0.00244728724848453,0.929740850161223,0.996208074900292
"1232",31,"pamr1b",0.00815718701202011,0.27607248393697,0.984612275003837
"1233",31,"fjx1",0.00697683070151568,0.524188473119959,0.98487850369265
"1234",31,"trim44",-0.000973746190356567,0.955286309116812,0.996208074900292
"1235",31,"ldlrad3",-0.0218471418067318,0.343274686761559,0.984612275003837
"1236",31,"phrf1",-0.0162359492588136,0.552643354434761,0.993489446331016
"1237",31,"LOC118469116",-0.0354156762898832,0.012248839713383,0.285431162031599
"1238",31,"hrasa",-0.0245329827536664,0.136860025127225,0.984612275003837
"1239",31,"tsg101a",0.00448716422338548,0.785667946178446,0.996208074900292
"1240",31,"ldha",-0.00560655040039088,0.594154345721703,0.993489446331016
"1241",31,"brsk2a",-0.0230238539640682,0.315620361077313,0.984612275003837
"1242",31,"abtb2b",-0.0161984077091706,0.012248839713383,0.285431162031599
"1243",31,"b4galnt4a",0.00828594151510577,0.854115971059124,0.996208074900292
"1244",31,"cpt1ab",0.00130020458218859,0.964895086134554,0.996208074900292
"1245",31,"si:ch211-236l14.4",-0.00153565675829535,0.895106088567285,0.996208074900292
"1246",31,"mrpl23",-0.00698409667246728,0.704799609124701,0.993489446331016
"1247",31,"nap1l4a",0.0110558591717298,0.640917213473127,0.993489446331016
"1248",31,"osbpl5",-0.0424762736817367,0.255524083978379,0.984612275003837
"1249",31,"ptprja",0.00599124378204718,0.524188473119959,0.98487850369265
"1250",31,"ptpn5",0.0045723865971126,0.763307025584437,0.996208074900292
"1251",31,"dusp8a",0.0501707829985653,0.0780637219345451,0.923558876482035
"1252",31,"mob2a",0.0157518847109722,0.703104710602108,0.993489446331016
"1253",31,"abcc8",0.0196607807383656,0.667335410980365,0.993489446331016
"1254",31,"LOC129348257",0.0077713677993336,0.546318306833474,0.993489446331016
"1255",31,"ush1c",0.00721310783980952,0.646973850491236,0.993489446331016
"1256",31,"hdhd5",0.00833470589361336,0.40746376869217,0.98487850369265
"1257",31,"fnbp4",0.0135355900522918,0.435451341650158,0.98487850369265
"1258",31,"LOC111563348",0.0127267247817812,0.271794258938914,0.984612275003837
"1259",31,"cnot2",0.0157942379203321,0.173427273194391,0.984612275003837
"1260",31,"washc4",0.0063578934938849,0.524188473119959,0.98487850369265
"1261",31,"LOC129348026",0.0063578934938849,0.524188473119959,0.98487850369265
"1262",31,"slc41a2a",0.00831488200418137,0.524188473119959,0.98487850369265
"1263",31,"etfbkmt",-0.00638701910858141,0.385398054102202,0.98487850369265
"1264",31,"si:ch73-62b13.1",-0.00378891176150451,0.891076626299996,0.996208074900292
"1265",31,"mterf2",0.0148598816671356,0.262749660070003,0.984612275003837
"1266",31,"cry1b",0.000450925824665278,0.976786341445614,0.996208074900292
"1267",31,"btbd11b",0.00596116621810305,0.415514246726167,0.98487850369265
"1268",31,"panx2",0.0059964217345727,0.555208526041483,0.993489446331016
"1269",31,"LOC129348536",-0.0136266191197563,0.168192361901217,0.984612275003837
"1270",31,"selenoo1",0.00608691495545396,0.560356003915379,0.993489446331016
"1271",31,"si:ch211-186j3.6",-0.00500546460092116,0.849272844811283,0.996208074900292
"1272",31,"uri1",0.00848646074496999,0.565406292115878,0.993489446331016
"1273",31,"neto2b",0.00121413074706078,0.929647805989737,0.996208074900292
"1274",31,"pdp2",0.0057517081181468,0.605510219869591,0.993489446331016
"1275",31,"LOC111564883",0.00358580531345942,0.719309264449339,0.993489446331016
"1276",31,"LOC129347853",-0.000321088283375322,0.976863081188404,0.996208074900292
"1277",31,"LOC129347855",-0.0177437535609487,0.207584653865911,0.984612275003837
"1278",31,"frmd4a",0.0146652063754931,0.684183491953054,0.993489446331016
"1279",31,"rbm28",0.00498684783325287,0.781083045081073,0.996208074900292
"1280",31,"lrrc4.2",-0.0306577507024685,0.420630744085901,0.98487850369265
"1281",31,"LOC111564876",-0.00528415643603254,0.693138075356757,0.993489446331016
"1282",31,"pclob",0.0370981190690098,0.359844514682053,0.98487850369265
"1283",31,"sema3e",-0.0200894851781594,0.012248839713383,0.285431162031599
"1284",31,"LOC129348197",-0.0205951359427508,0.012248839713383,0.285431162031599
"1285",31,"sema3ab",0.00600706099939155,0.594688238801829,0.993489446331016
"1286",31,"grm3",-0.0167172355347188,0.311173402677192,0.984612275003837
"1287",31,"elapor2a",-0.000320940739239724,0.989431289516772,0.998253544131569
"1288",31,"fam107b",0.0077534014314912,0.864466925381986,0.996208074900292
"1289",31,"LOC111582522",0.0100628576026255,0.416077791469857,0.98487850369265
"1290",31,"si:ch1073-390k14.1",-0.0178701195461806,0.012248839713383,0.285431162031599
"1291",31,"LOC129348560",0.0223075565051793,0.395357891532525,0.98487850369265
"1292",31,"gtf3c6",-0.0132148828535011,0.012248839713383,0.285431162031599
"1293",31,"calub",0.00554413692507999,0.680909105742855,0.993489446331016
"1294",31,"LOC118471705",-0.000329071011677992,0.976863081188404,0.996208074900292
"1295",31,"dnaja2b",0.0190681400987052,0.524188473119959,0.98487850369265
"1296",31,"ppp6r2b",0.0405229375029605,0.259806266064739,0.984612275003837
"1297",31,"c2cd5",-0.0495130180942774,0.114166454893281,0.984612275003837
"1298",31,"fkbp4",-0.0534140754934383,0.0434824477858529,0.70780375348875
"1299",31,"iqsec3b",-0.0295029848171558,0.171144526787919,0.984612275003837
"1300",31,"cd9a",0.0105678468544801,0.524188473119959,0.98487850369265
"1301",31,"vwf",0.0104729520438932,0.340841700847866,0.984612275003837
"1302",31,"LOC111571932",-0.0496888709337357,0.0022266042320755,0.285431162031599
"1303",31,"igf1ra",-0.0305250966096272,0.274562039519224,0.984612275003837
"1304",31,"ttc23",-0.0132148828535011,0.012248839713383,0.285431162031599
"1305",31,"mef2aa",-0.0142539442076932,0.394615685431666,0.98487850369265
"1306",31,"mctp2a",0.00585768743878866,0.725830399832166,0.996208074900292
"1307",31,"LOC111564875",-0.0126141097445956,0.672319162221703,0.993489446331016
"1308",31,"nr2f2",0.0345619877204845,0.522557909265431,0.98487850369265
"1309",31,"LOC111564869",0.0788780549824527,0.0517613972742164,0.776542038405115
"1310",31,"rgma",-0.0490115892586036,0.107142765791176,0.984612275003837
"1311",31,"chd2",-0.0686218024130512,0.138881016169469,0.984612275003837
"1312",31,"fam174b",-0.0254050713206615,0.402570581801543,0.98487850369265
"1313",31,"st8sia2",0.00892298465925429,0.340841700847866,0.984612275003837
"1314",31,"slco3a1a",-0.00846201203119872,0.780873681013257,0.996208074900292
"1315",31,"LOC111585784",-0.0182056714073776,0.748429579613438,0.996208074900292
"1316",31,"fkbp16",0.0062884682130842,0.719309264449339,0.993489446331016
"1317",31,"sema4ba",-0.0118213271263296,0.287114758771129,0.984612275003837
"1318",31,"idh2",0.0110098493107694,0.644667445977394,0.993489446331016
"1319",31,"rasgrf1",0.00546480405677162,0.798258135869284,0.996208074900292
"1320",31,"ctsh",0.00363598865519542,0.719309264449339,0.993489446331016
"1321",31,"LOC111580163",0.0461783173098573,0.157379567282939,0.984612275003837
"1322",31,"kti12",-0.0324681678609095,0.00971749189076881,0.285431162031599
"1323",31,"si:dkey-24l11.2",0.000164533491647395,0.991527978975815,0.998690960841993
"1324",31,"ch25hl1.2",0.00697683070151568,0.524188473119959,0.98487850369265
"1325",31,"tspan3a",0.0145494148114143,0.684053867684865,0.993489446331016
"1326",31,"pstpip1a",-0.00159411388760372,0.895106088567285,0.996208074900292
"1327",31,"rcn2",0.0133566338861099,0.340841700847866,0.984612275003837
"1328",31,"scaper",-0.0209695780373394,0.457578646808391,0.98487850369265
"1329",31,"etfa",-0.0183407762900436,0.558984966904173,0.993489446331016
"1330",31,"tmem266",0.0125710261748866,0.481604157690439,0.98487850369265
"1331",31,"tpm1",0.00528993199395114,0.868163285715581,0.996208074900292
"1332",31,"tln2b",0.0632762617225771,0.172663772953092,0.984612275003837
"1333",31,"roraa",-0.00842550289012029,0.853853914699983,0.996208074900292
"1334",31,"LOC111575449",0.00565098599782307,0.816790784681836,0.996208074900292
"1335",31,"foxb1a",-0.0161984077091706,0.012248839713383,0.285431162031599
"1336",31,"otud7a",0.000649780981499597,0.974116100287663,0.996208074900292
"1337",31,"klf13",-0.00432451382288902,0.904173251837728,0.996208074900292
"1338",31,"LOC111581256",-0.00938108802221652,0.613828112599968,0.993489446331016
"1339",31,"LOC111581260",0.0191455278741246,0.101101915144228,0.984612275003837
"1340",31,"rps27l",0.0180085771558344,0.400832953982765,0.98487850369265
"1341",31,"dnaja",-0.0237013406354477,0.376326198779363,0.98487850369265
"1342",31,"acsbg1",0.00755020169058079,0.524188473119959,0.98487850369265
"1343",31,"idh3a",0.01956363294445,0.0990048708101951,0.984612275003837
"1344",31,"lrrc61",0.0177922920554934,0.423497745111424,0.98487850369265
"1345",31,"LOC129347892",0.00697683070151568,0.524188473119959,0.98487850369265
"1346",31,"LOC111587909",0.00748193314089161,0.719309264449339,0.993489446331016
"1347",31,"usp3",-0.00661656662246976,0.713458516637238,0.993489446331016
"1348",31,"neil1",0.0063860785295063,0.340841700847866,0.984612275003837
"1349",31,"commd4",0.00441641681008152,0.715173722383946,0.993489446331016
"1350",31,"sema7a",0.0147067794295419,0.479780437990156,0.98487850369265
"1351",31,"islr2",-0.00445261735458048,0.644627654149395,0.993489446331016
"1352",31,"LOC111587899",0.00302690052093261,0.84328403827559,0.996208074900292
"1353",31,"arih1",0.0473988641521413,0.253472430022403,0.984612275003837
"1354",31,"c3h15orf39",0.00514173683298463,0.719309264449339,0.993489446331016
"1355",31,"ppcdc",0.00166211722099441,0.909813670215254,0.996208074900292
"1356",31,"hacd3",-0.0255946428843511,0.112781286050039,0.984612275003837
"1357",31,"ints14",-0.00517567262791404,0.620236926661738,0.993489446331016
"1358",31,"dennd4a",0.000193938916666744,0.995002193647745,0.999678322074068
"1359",31,"megf11",0.0106342582842906,0.577184468625601,0.993489446331016
"1360",31,"map2k1",0.00615535587260551,0.556118388151529,0.993489446331016
"1361",31,"rpl4",0.036503781705823,0.492259491886487,0.98487850369265
"1362",31,"snapc5",0.00798171710426695,0.422233091482423,0.98487850369265
"1363",31,"smad6b",-0.000321088283375322,0.976863081188404,0.996208074900292
"1364",31,"smad3b",0.0108805149745695,0.285144485576618,0.984612275003837
"1365",31,"c3h15orf61",-0.00888733882114236,0.305420945473845,0.984612275003837
"1366",31,"skor1b",0.00466775694306421,0.711242645003946,0.993489446331016
"1367",31,"pias1b",-0.000425992009327024,0.976863081188404,0.996208074900292
"1368",31,"morf4l1",0.0032177220598649,0.839336856385573,0.996208074900292
"1369",31,"tle3a",-0.0126045020360695,0.300719000132344,0.984612275003837
"1370",31,"LOC129348109",-0.000267891541848369,0.976863081188404,0.996208074900292
"1371",31,"ddb2",0.00259751928514082,0.854856808753059,0.996208074900292
"1372",31,"ighmbp2",-0.000321088283375322,0.976863081188404,0.996208074900292
"1373",31,"chid1",0.0180922106870432,0.181248161123104,0.984612275003837
"1374",31,"gatd1",-0.0179219215252877,0.208877918396341,0.984612275003837
"1375",31,"tmem258",-0.0232689588799882,0.0269358712801539,0.529917823482415
"1376",31,"myrf",0.00722179396865484,0.719309264449339,0.993489446331016
"1377",31,"LOC111582151",0.00991395459622629,0.539775072683174,0.993489446331016
"1378",31,"fads2",-0.0184355495791364,0.287954651334239,0.984612275003837
"1379",31,"syt7a",-0.0337186329821214,0.507104256882418,0.98487850369265
"1380",31,"slc25a22a",-0.0384733830960902,0.129127787082927,0.984612275003837
"1381",31,"zmp:0000001167",0.0100989980595647,0.331668074002609,0.984612275003837
"1382",31,"fth1b",0.010214437580014,0.714527101207063,0.993489446331016
"1383",31,"best1",0.00697683070151568,0.524188473119959,0.98487850369265
"1384",31,"rab3il1",0.00165219111700562,0.866550845872845,0.996208074900292
"1385",31,"hps5",0.00191113642054732,0.858842854865613,0.996208074900292
"1386",31,"gtf2h1",-0.00713526753310047,0.569688486234173,0.993489446331016
"1387",31,"tph1a",-0.00666748148438966,0.573850780879663,0.993489446331016
"1388",31,"kcnc1b",-0.0172186519471548,0.42819416053844,0.98487850369265
"1389",31,"LOC111584107",0.00431731354188906,0.796166217248963,0.996208074900292
"1390",31,"ano5a",0.0142191536992616,0.17818519961106,0.984612275003837
"1391",31,"LOC111584103",-0.0460875955907109,0.0398157366907026,0.672552468983409
"1392",31,"ano3",0.0126776270748651,0.640186754116435,0.993489446331016
"1393",31,"LOC129347260",-0.0082166906049037,0.464062420747714,0.98487850369265
"1394",31,"LOC111570204",0.00558445363397197,0.772838689735872,0.996208074900292
"1395",31,"LOC111577263",0.0122961579993038,0.558961525507038,0.993489446331016
"1396",31,"ap4e1",-0.00499835127507937,0.703123789350688,0.993489446331016
"1397",31,"gnb5a",-0.0167915558854664,0.387851704930203,0.98487850369265
"1398",31,"LOC111577276",-0.0119940984507883,0.297070091581846,0.984612275003837
"1399",31,"rsl24d1",-0.0187208240633287,0.415983609216761,0.98487850369265
"1400",31,"LOC111577266",-0.0115947826156879,0.733328571482637,0.996208074900292
"1401",31,"LOC111577716",-0.0355717147016937,0.451722526642601,0.98487850369265
"1402",31,"apba2a",-0.0254225148857784,0.0919574573437972,0.970015053740861
"1403",31,"tjp1b",0.0199384195374597,0.803159321214409,0.996208074900292
"1404",31,"LOC111577704",-0.000418266595330516,0.976863081188404,0.996208074900292
"1405",31,"atp8b4",-0.00348962256175812,0.709270534543144,0.993489446331016
"1406",31,"LOC111577712",-0.0143397150842643,0.21175845848986,0.984612275003837
"1407",31,"ctdspl2a",0.0137231214864021,0.361111139501739,0.98487850369265
"1408",31,"scamp5a",-0.0177556968883093,0.690486273137827,0.993489446331016
"1409",31,"LOC111587620",0.00499049052161613,0.874924866349619,0.996208074900292
"1410",31,"LOC111587600",-0.0270260257352521,0.513119938797325,0.98487850369265
"1411",31,"LOC111587615",-0.0182459697656127,0.170555159182391,0.984612275003837
"1412",31,"LOC111587611",-0.028380461852608,0.250587623929641,0.984612275003837
"1413",31,"edc3",-0.00510421234033738,0.787865910726597,0.996208074900292
"1414",31,"LOC111587606",0.00412148679313237,0.719309264449339,0.993489446331016
"1415",31,"nat10",-0.000293977023095923,0.976863081188404,0.996208074900292
"1416",31,"caprin1b",0.00933263778420763,0.54967496775982,0.993489446331016
"1417",31,"lmo2",-0.000385819212686507,0.976863081188404,0.996208074900292
"1418",31,"LOC111573643",0.00870651421468835,0.781019680665535,0.996208074900292
"1419",31,"cd82b",0.0124472810510507,0.468263340410599,0.98487850369265
"1420",31,"LOC111573649",0.04429038219434,0.191710032821219,0.984612275003837
"1421",31,"si:dkey-29p10.4",0.00112438103958289,0.906980423863125,0.996208074900292
"1422",31,"LOC111573653",0.0351674095486826,0.181166782154779,0.984612275003837
"1423",31,"reln",-0.0810082758116265,0.161537872661623,0.984612275003837
"1424",31,"LOC129348302",0.00626431327642107,0.340841700847866,0.984612275003837
"1425",31,"plekha5",-0.0175378933014985,0.0651456875194219,0.864140365885858
"1426",31,"LOC111573633",0.000221622835040202,0.992989004734912,0.998750879301711
"1427",31,"LOC111573642",-0.0276952781572451,0.275997175796373,0.984612275003837
"1428",31,"LOC111573637",-0.0232086975219468,0.0897687361319189,0.964667868932546
"1429",31,"LOC111573645",-0.000267891541848369,0.976863081188404,0.996208074900292
"1430",31,"LOC129348219",-0.0116838693733023,0.210981012637968,0.984612275003837
"1431",31,"LOC111578323",0.00398002687539215,0.750001430147234,0.996208074900292
"1432",31,"hbp1",-0.038754841543405,0.012248839713383,0.285431162031599
"1433",31,"hsp90b1",-0.0673301404057842,0.0075842468603824,0.285431162031599
"1434",31,"nt5dc3",-0.015954592157011,0.080325825869408,0.929133735121188
"1435",31,"LOC111574669",0.0126097829652671,0.6825426689596,0.993489446331016
"1436",31,"LOC111574671",-0.00107242432639882,0.956864888364086,0.996208074900292
"1437",31,"nr2c1",-0.0106648417030803,0.526871242925653,0.987315914245048
"1438",31,"LOC111566793",0.00363598865519542,0.719309264449339,0.993489446331016
"1439",31,"LOC111566781",0.026734253684976,0.223438299509231,0.984612275003837
"1440",31,"camk1db",-0.00159411388760372,0.895106088567285,0.996208074900292
"1441",31,"dhtkd1",-0.000310864050245439,0.976863081188404,0.996208074900292
"1442",31,"LOC111566794",0.0476709035896071,0.00529916100530983,0.285431162031599
"1443",31,"taf3",0.00359129923077932,0.817551808998451,0.996208074900292
"1444",31,"tasor2",-0.00412696477669049,0.807277873880108,0.996208074900292
"1445",31,"asb13b",0.0076237656392815,0.646555936508975,0.993489446331016
"1446",31,"LOC111566800",-0.00648103034620688,0.390564804880399,0.98487850369265
"1447",31,"slc35b4",0.00901710492763465,0.340841700847866,0.984612275003837
"1448",31,"kcna1a",-0.0232849645289784,0.367797007249568,0.98487850369265
"1449",31,"cnot4a",-0.0049321543514024,0.851525504995106,0.996208074900292
"1450",31,"bpgm",-0.0132148828535011,0.012248839713383,0.285431162031599
"1451",31,"dnajb9a",-0.0267448809877697,0.0579159947736354,0.814570685264716
"1452",31,"LOC111567056",0.0188723348320798,0.194106398324784,0.984612275003837
"1453",31,"LOC111567068",0.0402315675175719,0.434425083655529,0.98487850369265
"1454",31,"LOC111567050",-0.0362475918236161,0.505347152753371,0.98487850369265
"1455",31,"LOC111567055",-0.00742523677101524,0.67388566726842,0.993489446331016
"1456",31,"bmt2",-0.0452752431176579,0.0281145553791089,0.542426521451815
"1457",31,"ptdss2",-0.0502789926432639,0.012248839713383,0.285431162031599
"1458",31,"LOC129347891",-0.0276143745762096,0.36006811244201,0.98487850369265
"1459",31,"parp16",0.0063578934938849,0.524188473119959,0.98487850369265
"1460",31,"si:ch211-272n13.3",0.00534154428967184,0.670551291702606,0.993489446331016
"1461",31,"LOC111577773",0.00363598865519542,0.719309264449339,0.993489446331016
"1462",31,"ppm1h",0.0326095993076235,0.292259781703803,0.984612275003837
"1463",31,"LOC129347925",0.00498042846630332,0.639794548160362,0.993489446331016
"1464",31,"mon2",0.0265534726247278,0.263578987589755,0.984612275003837
"1465",31,"LOC111577765",-0.00051940690727712,0.976863081188404,0.996208074900292
"1466",31,"LOC111577774",0.00152952037096373,0.941914307987376,0.996208074900292
"1467",31,"pparab",0.031852411041602,0.178301044087041,0.984612275003837
"1468",31,"yars2",-0.0178701195461806,0.012248839713383,0.285431162031599
"1469",31,"mrps35",0.0069292895372886,0.817502567642673,0.996208074900292
"1470",31,"adck2",-0.00037492175215017,0.976863081188404,0.996208074900292
"1471",31,"srpk2",-0.0117106059819779,0.727142453071007,0.996208074900292
"1472",31,"pus7",-0.0119000264729419,0.340946443983718,0.984612275003837
"1473",31,"hdac10",0.00765589943840862,0.761061928389742,0.996208074900292
"1474",31,"parvb",0.000974980817372472,0.978293710170848,0.996452700582568
"1475",31,"parvg",0.0204321103002703,0.791738415497133,0.996208074900292
"1476",31,"shisal1b",0.000562901972482913,0.990481517454558,0.998253544131569
"1477",31,"plxnb2b",0.0312053811595959,0.606180684015788,0.993489446331016
"1478",31,"tubgcp6",-0.00961447912575442,0.590018820998407,0.993489446331016
"1479",31,"appl2",0.00201439109988819,0.865582771474091,0.996208074900292
"1480",31,"LOC111574135",0.00353657186423085,0.836581104217362,0.996208074900292
"1481",31,"nuak1b",-0.0122535459970246,0.578542741703201,0.993489446331016
"1482",31,"nell2a",-0.0186746303756743,0.314487998608843,0.984612275003837
"1483",31,"tmem117",-0.00214789839006735,0.921479751386217,0.996208074900292
"1484",31,"LOC118470430",0.00599124378204718,0.524188473119959,0.98487850369265
"1485",31,"twf1a",0.00712415723893123,0.734844970987722,0.996208074900292
"1486",31,"LOC111569902",0.00697683070151568,0.524188473119959,0.98487850369265
"1487",31,"LOC118470429",-0.00153565675829535,0.895106088567285,0.996208074900292
"1488",31,"LOC111578847",0.00363598865519542,0.719309264449339,0.993489446331016
"1489",31,"prickle1a",-0.00748194432812964,0.659709943427204,0.993489446331016
"1490",31,"LOC111578846",0.0176387250188242,0.591823884776216,0.993489446331016
"1491",31,"LOC111578841",0.00450774868916627,0.719309264449339,0.993489446331016
"1492",31,"cat",0.0187063208747803,0.57750678078459,0.993489446331016
"1493",31,"peak1",-0.0152194680372677,0.805336519075174,0.996208074900292
"1494",31,"hmg20a",-0.0598410914748021,0.00590385001316502,0.285431162031599
"1495",31,"lingo1a",-0.0727179272898442,0.277597106400989,0.984612275003837
"1496",31,"snx33",-0.0161984077091706,0.012248839713383,0.285431162031599
"1497",31,"snupn",0.00967996246607244,0.524091552858727,0.98487850369265
"1498",31,"ptpn9a",-0.0155734546923368,0.596926840912924,0.993489446331016
"1499",31,"sin3aa",-0.0467255635507126,0.103481286513853,0.984612275003837
"1500",31,"crabp1a",-0.0131882261210398,0.207077786120758,0.984612275003837
"1501",31,"skic8",-0.0145016090126966,0.255662089940058,0.984612275003837
"1502",31,"ireb2",0.012116568436011,0.47049387990846,0.98487850369265
"1503",31,"snx1a",-0.000425992009327024,0.976863081188404,0.996208074900292
"1504",31,"sv2",0.0106395881245711,0.336906995969416,0.984612275003837
"1505",31,"LOC111567130",0.00681307261629577,0.83540019046845,0.996208074900292
"1506",31,"borcs5",0.0269141760608726,0.168644522465107,0.984612275003837
"1507",31,"LOC111576346",0.0385774987073148,0.467714391548294,0.98487850369265
"1508",31,"rnf141",0.00684796235733396,0.840768090375494,0.996208074900292
"1509",31,"admb",-0.0178701195461806,0.012248839713383,0.285431162031599
"1510",31,"swap70b",0.0134611192113539,0.155393270616487,0.984612275003837
"1511",31,"znf143b",0.00948006085193396,0.317271612749021,0.984612275003837
"1512",31,"rpl27a",0.0048491706203425,0.63685403341884,0.993489446331016
"1513",31,"LOC111588489",0.0161294040976465,0.340841700847866,0.984612275003837
"1514",31,"ric3b",0.0146301361577807,0.305985938702127,0.984612275003837
"1515",31,"psma1",0.00692971825619719,0.639553347268328,0.993489446331016
"1516",31,"LOC111577802",0.0185048251800397,0.340841700847866,0.984612275003837
"1517",31,"c3h11orf58",0.0046461889345177,0.74018481145437,0.996208074900292
"1518",31,"LOC111577803",-0.0212145493105858,0.201466970240451,0.984612275003837
"1519",31,"ppp1r15b",-0.0205951359427508,0.012248839713383,0.285431162031599
"1520",31,"rps13",0.00349053261033946,0.866510951238717,0.996208074900292
"1521",31,"LOC111580509",0.00433936761040545,0.859980951225777,0.996208074900292
"1522",31,"si:dkey-10o6.2",0.0063578934938849,0.524188473119959,0.98487850369265
"1523",31,"tdg.2",0.0063578934938849,0.524188473119959,0.98487850369265
"1524",31,"LOC111567885",-0.00661178991980719,0.51417702284785,0.98487850369265
"1525",31,"samm50",0.00193722190179487,0.846591249645792,0.996208074900292
"1526",31,"api5",0.02569717038735,0.344631421784509,0.98487850369265
"1527",31,"LOC111567884",-0.0332415585362257,0.481047865533178,0.98487850369265
"1528",31,"hsd17b12a",-0.0068867335707342,0.44241636161682,0.98487850369265
"1529",31,"alkbh3",0.0134210315976478,0.174271841359971,0.984612275003837
"1530",31,"ckmt1",0.0179087982245756,0.242497612993033,0.984612275003837
"1531",31,"pdia3",0.0167702529316537,0.456728265733032,0.98487850369265
"1532",31,"mfge8b",-0.0200894851781594,0.012248839713383,0.285431162031599
"1533",31,"ppip5k1b",-0.0200848379183251,0.335487492100832,0.984612275003837
"1534",31,"map1ab",0.0157065689181515,0.763285053265033,0.996208074900292
"1535",31,"LOC129348614",0.0339081748901426,0.277118668198621,0.984612275003837
"1536",31,"scamp2",0.0109504521748165,0.18873229118107,0.984612275003837
"1537",31,"mpi",-0.0247181529865671,0.127491447064487,0.984612275003837
"1538",31,"LOC111570087",0.0822853522878948,0.138714243649752,0.984612275003837
"1539",31,"LOC111583743",-0.0201287412404081,0.14789970245803,0.984612275003837
"1540",31,"oaz2a",0.0124430128774332,0.456391574017741,0.98487850369265
"1541",31,"ppib",-0.0344574337309383,0.227237909554541,0.984612275003837
"1542",31,"adpgk",-0.000329071011677992,0.976863081188404,0.996208074900292
"1543",31,"LOC111571170",-0.0460999052389582,0.372502737012445,0.98487850369265
"1544",31,"kif21a",0.0118798752369212,0.79287573479591,0.996208074900292
"1545",31,"LOC111582494",0.0053207387273136,0.666052322649202,0.993489446331016
"1546",31,"slc6a15",-0.03414676634686,0.171877006197008,0.984612275003837
"1547",31,"nts",-0.0232202752560533,0.012248839713383,0.285431162031599
"1548",31,"mgat4c",0.0146660061602285,0.85020692759246,0.996208074900292
"1549",31,"eif4g2b",-0.0409715678848747,0.134790074493866,0.984612275003837
"1550",31,"rlig1",0.0148179222288399,0.340841700847865,0.984612275003837
"1551",31,"cep290",-0.0133692888228038,0.456166733183738,0.98487850369265
"1552",31,"tmtc3",-0.0260838221446433,0.206216563382831,0.984612275003837
"1553",31,"kitlga",-0.0180013759478379,0.0589736116493303,0.821608621740542
"1554",31,"dusp6",-0.000329071011677992,0.976863081188404,0.996208074900292
"1555",31,"met",-0.00318188753817347,0.837492113778781,0.996208074900292
"1556",31,"LOC111572788",0.0157809872569349,0.703095338970796,0.993489446331016
"1557",31,"LOC111572781",0.00591852485143717,0.7514616164099,0.996208074900292
"1558",31,"cttnbp2",-0.0162001392499974,0.78554618598357,0.996208074900292
"1559",31,"wu:fa25f02",0.010962805890464,0.615337492179364,0.993489446331016
"1560",31,"fem1b",0.00318309302351946,0.748633336836507,0.996208074900292
"1561",31,"pdcd2l",-0.0161984077091706,0.012248839713383,0.285431162031599
"1562",31,"dus2",-0.020352791591815,0.0546907891231405,0.79447197291339
"1563",31,"faap24",-0.0123350398148718,0.355390257703469,0.98487850369265
"1564",31,"ankrd27",0.0111900623284769,0.680566816325804,0.993489446331016
"1565",31,"rfwd3",-0.0278165576438632,0.130289468374045,0.984612275003837
"1566",31,"glg1a",0.0293457818878313,0.543631760718268,0.993489446331016
"1567",31,"si:dkey-234i14.3",0.0063860785295063,0.340841700847866,0.984612275003837
"1568",31,"LOC111564031",-0.000321088283375322,0.976863081188404,0.996208074900292
"1569",31,"afg3l1",0.00444246534830645,0.842302991029186,0.996208074900292
"1570",31,"LOC111564040",0.0119867831287788,0.550212088381695,0.993489446331016
"1571",31,"LOC111564045",0.00363598865519542,0.719309264449339,0.993489446331016
"1572",31,"LOC111567528",-0.019044382987408,0.203910074448553,0.984612275003837
"1573",31,"dldh",-0.0184792490071288,0.204361957014979,0.984612275003837
"1574",31,"aass",-0.00724121807451988,0.550907739318477,0.993489446331016
"1575",31,"cadps2",-0.0436367019310339,0.0480102629862466,0.745839372597382
"1576",31,"LOC129347938",0.00599124378204718,0.524188473119959,0.98487850369265
"1577",31,"iqub",0.0121592508460066,0.340841700847866,0.984612275003837
"1578",31,"wasla",-0.0245333334442578,0.14317616944306,0.984612275003837
"1579",31,"LOC111581544",-0.0161984077091706,0.012248839713383,0.285431162031599
"1580",31,"LOC111581547",0.00815190899562709,0.340841700847866,0.984612275003837
"1581",31,"LOC111576907",0.0362994110253117,0.168593080568411,0.984612275003837
"1582",31,"pot1",0.0343615952831243,0.203990323225067,0.984612275003837
"1583",31,"grm8b",-0.0453825494467373,0.68427472449135,0.993489446331016
"1584",31,"lrp5",0.00283539302638938,0.912565987992317,0.996208074900292
"1585",31,"bcar1",0.00580804446478988,0.919257522991507,0.996208074900292
"1586",31,"LOC129348538",0.00838080567694789,0.504129432857895,0.98487850369265
"1587",31,"cfdp1",-0.00746587222576491,0.643655913624049,0.993489446331016
"1588",31,"gal",-0.0139963865095177,0.342511854042272,0.984612275003837
"1589",31,"LOC111566685",-0.0212711114706629,0.0822865654088279,0.93737990630465
"1590",31,"pard6a",0.0174241103439358,0.676241281859874,0.993489446331016
"1591",31,"LOC111564465",0.00932592263879833,0.524188473119959,0.98487850369265
"1592",31,"ntrk3a",0.00770200475262048,0.67591825833172,0.993489446331016
"1593",31,"LOC111569377",-0.000293977023095923,0.976863081188404,0.996208074900292
"1594",31,"LOC111581999",-0.0156866893458582,0.495035137735441,0.98487850369265
"1595",31,"LOC111582000",-0.00127245243826222,0.980680266454333,0.99678337426189
"1596",31,"LOC111575652",0.0235418249465101,0.271021223785886,0.984612275003837
"1597",31,"znf277",0.00793732769636387,0.427875857485411,0.98487850369265
"1598",31,"immp2l",0.00639266593361235,0.866072842701788,0.996208074900292
"1599",31,"lrrn3a",-0.0267013998339809,0.523238441317971,0.98487850369265
"1600",31,"znf609a",-0.0263840591515412,0.272552061291905,0.984612275003837
"1601",31,"ciao2a",-0.0141397829809418,0.185870681281006,0.984612275003837
"1602",31,"spg11",-0.048865240052116,0.012248839713383,0.285431162031599
"1603",31,"LOC111570940",-0.0161984077091706,0.012248839713383,0.285431162031599
"1604",31,"LOC111583800",-0.00715747348396946,0.825633466135325,0.996208074900292
"1605",31,"dnajc24",-0.0301211813139076,0.012248839713383,0.285431162031599
"1606",31,"ripor1",-0.00341144271641865,0.865805297857984,0.996208074900292
"1607",31,"ctcf",-0.0375518394289603,0.105323895549643,0.984612275003837
"1608",31,"carmil2",-0.0297542697449759,0.29067053597181,0.984612275003837
"1609",31,"ric8a",0.0112822056772673,0.489423940189002,0.98487850369265
"1610",31,"ppp6r3",0.0117609468521864,0.836834838913308,0.996208074900292
"1611",31,"tmem170a",0.00236305712325849,0.846718167701118,0.996208074900292
"1612",31,"LOC111575958",0.0201755416273088,0.639954260390133,0.993489446331016
"1613",31,"LOC111566194",-0.00324649854975328,0.905509412411558,0.996208074900292
"1614",31,"LOC111567080",0.0102796176007356,0.177533730053005,0.984612275003837
"1615",31,"LOC111567076",-0.000409957506482539,0.969814569314551,0.996208074900292
"1616",31,"ftsj1",0.0144291367731489,0.44159341601221,0.98487850369265
"1617",31,"LOC111567081",-0.00231412747975522,0.886271314332586,0.996208074900292
"1618",31,"LOC111567078",0.00365864525711262,0.87185472641663,0.996208074900292
"1619",31,"nup93",-0.0717488120661989,0.215876876967226,0.984612275003837
"1620",31,"steep1",-0.00153565675829535,0.895106088567285,0.996208074900292
"1621",31,"mt2",0.0159328520859134,0.19668547888207,0.984612275003837
"1622",31,"anapc13",-0.0052616974899234,0.551050788429762,0.993489446331016
"1623",31,"rspry1",-0.0070094293000075,0.675528202511766,0.993489446331016
"1624",31,"arl2bp",-0.000267891541848369,0.976863081188404,0.996208074900292
"1625",31,"gnao1a",-0.0470986910325824,0.57276343356291,0.993489446331016
"1626",31,"cbfb",0.00363598865519542,0.719309264449339,0.993489446331016
"1627",31,"phaf1",-0.0277789839580591,0.227318560744667,0.984612275003837
"1628",31,"bbs2",0.000550467611631919,0.953540652194404,0.996208074900292
"1629",31,"cnot1",-0.00387895435775448,0.806253571565144,0.996208074900292
"1630",31,"si:ch211-216l23.2",0.00565619514593714,0.734046551929344,0.996208074900292
"1631",31,"znf423",-0.0335652724943791,0.615569026067295,0.993489446331016
"1632",31,"si:ch211-212o1.2",0.00199664120719887,0.861120530894512,0.996208074900292
"1633",31,"cbln1",0.0110024703766777,0.674029918153698,0.993489446331016
"1634",31,"n4bp1",0.0183710555652207,0.51583815787188,0.98487850369265
"1635",31,"siah1",0.00995258122882603,0.623600789582135,0.993489446331016
"1636",31,"lonp2",-0.0155266574346144,0.0941065173758775,0.972275180017018
"1637",31,"sf3b3",0.024717304407461,0.274263108228439,0.984612275003837
"1638",31,"st3gal2",-0.00035780717683608,0.992286779097175,0.998749412702406
"1639",31,"aars1",0.0194072651803558,0.474379385009808,0.98487850369265
"1640",31,"psme3ip1",0.0016297499914448,0.943398038417382,0.996208074900292
"1641",31,"cpne2",-0.00818603593619732,0.782237099917095,0.996208074900292
"1642",31,"calb2a",0.0454866135465466,0.2708106405579,0.984612275003837
"1643",31,"pnp6",0.0156874329244382,0.589025351983341,0.993489446331016
"1644",31,"hydin",0.0117343316003301,0.53514426527554,0.992149068677901
"1645",31,"necab2",0.0338223657484482,0.497969916169752,0.98487850369265
"1646",31,"mbtps1",0.0266671058212339,0.240555184653242,0.984612275003837
"1647",31,"nrn1la",0.036214849103936,0.578812173070908,0.993489446331016
"1648",31,"edc4",0.00606988221756359,0.873755777598368,0.996208074900292
"1649",31,"nutf2",-0.0161984077091706,0.012248839713383,0.285431162031599
"1650",31,"ranbp10",-0.0077213554832951,0.906861177354689,0.996208074900292
"1651",31,"LOC129348610",0.0141950670836178,0.172753675504291,0.984612275003837
"1652",31,"map1lc3b",0.0206352601687747,0.351884712417533,0.98487850369265
"1653",31,"LOC129348595",0.00803921022558703,0.340841700847865,0.984612275003837
"1654",31,"zcchc14",0.00668529661387333,0.524188473119959,0.98487850369265
"1655",31,"jph3b",0.0258704897442061,0.595889252103944,0.993489446331016
"1656",31,"slc7a5",-0.0258219490112595,0.0664216603480074,0.872264865210792
"1657",31,"ca5a",0.0141510755021355,0.466543869780661,0.98487850369265
"1658",31,"uba2",-0.0338020339648922,0.0329346488550764,0.596976667749201
"1659",31,"lcat",0.0219302453924375,0.452016311758691,0.98487850369265
"1660",31,"usb1",0.0213865938970637,0.116847403968981,0.984612275003837
"1661",31,"znf319b",-0.0140624784667488,0.201247309171359,0.984612275003837
"1662",31,"csnk2a2b",0.0204820694511392,0.613861687090114,0.993489446331016
"1663",31,"snrkb",-0.0337717921179248,0.207401536396005,0.984612275003837
"1664",31,"rbl2",0.00294930276887137,0.891227889483399,0.996208074900292
"1665",31,"LOC111578498",0.00557384928621025,0.628045348807986,0.993489446331016
"1666",31,"irx5b",0.0063578934938849,0.524188473119959,0.98487850369265
"1667",31,"actr6",0.00803921022558703,0.340841700847865,0.984612275003837
"1668",31,"LOC111586545",-0.0148089967411048,0.202289250173325,0.984612275003837
"1669",31,"LOC129347876",-0.0160020395634271,0.138429047408748,0.984612275003837
"1670",31,"zgc:171459",-0.00718199723090776,0.661823785037569,0.993489446331016
"1671",31,"kcnj11l",0.00655743556333178,0.756758008511465,0.996208074900292
"1672",31,"prdm11",-0.0106464809853709,0.714077398328645,0.993489446331016
"1673",31,"LOC111574726",-0.000310864050245439,0.976863081188404,0.996208074900292
"1674",31,"phf21ab",-0.039273723997813,0.230642650375146,0.984612275003837
"1675",31,"mdkb",0.0194881631390247,0.17872752142352,0.984612275003837
"1676",31,"LOC111585666",0.00279309634637107,0.801930643046419,0.996208074900292
"1677",31,"ambra1b",-0.0128765613226611,0.717656482213378,0.993489446331016
"1678",31,"si:ch211-59o9.10",-0.0100553377387268,0.537253419929026,0.993489446331016
"1679",31,"lyrm5b",-0.0145739002871948,0.216111122054567,0.984612275003837
"1680",31,"fcsk",0.0008653610401205,0.930598338786775,0.996208074900292
"1681",31,"sh3gl3b",0.00187145025838285,0.914856009622144,0.996208074900292
"1682",31,"zgc:114188",0.0108694083713276,0.692327614716007,0.993489446331016
"1683",31,"cart2",0.0870063612731975,0.339068292972224,0.984612275003837
"1684",31,"c3h15orf40",-0.00153565675829535,0.895106088567285,0.996208074900292
"1685",31,"LOC111578090",-0.0397347459272023,0.0137066812730837,0.313956429803293
"1686",31,"ckap5",-0.0689795276496182,0.146173421732125,0.984612275003837
"1687",31,"cstpp1",-0.0114840410166743,0.274811500572121,0.984612275003837
"1688",31,"mapk8ip1a",0.0443693140503727,0.410685910946412,0.98487850369265
"1689",31,"cry2",-0.0197982375459744,0.466202113861627,0.98487850369265
"1690",31,"tango6",0.0290627332153541,0.168730561296313,0.984612275003837
"1691",31,"has3",-0.0282701041093652,0.012248839713383,0.285431162031599
"1692",31,"utp4",0.00803921022558703,0.340841700847865,0.984612275003837
"1693",31,"zc3h18",0.0189684482356029,0.331162337840674,0.984612275003837
"1694",31,"trhr2",-0.023257427460542,0.169292861559921,0.984612275003837
"1695",31,"zfpm1",0.0462073690907728,0.596594322264048,0.993489446331016
"1696",31,"kiaa0513",0.0478134007930078,0.11836791441382,0.984612275003837
"1697",31,"gan",0.00298333849782732,0.719309264449339,0.993489446331016
"1698",31,"cmip",-0.0185944834427267,0.557580190521318,0.993489446331016
"1699",31,"meak7",0.00412148679313237,0.719309264449339,0.993489446331016
"1700",31,"cotl1",0.00833006918799526,0.674086502528719,0.993489446331016
"1701",31,"klhl36",0.00358580531345942,0.719309264449339,0.993489446331016
"1702",31,"pdf",-0.00604202488241143,0.615479509648266,0.993489446331016
"1703",31,"LOC129348570",-0.0265983922723552,0.0122488397133829,0.285431162031599
"1704",31,"vps9d1",-0.0245666858566655,0.166474214831131,0.984612275003837
"1705",31,"znf276",0.00141143117159139,0.960348716123292,0.996208074900292
"1706",31,"LOC111568731",0.00626431327642107,0.340841700847866,0.984612275003837
"1707",31,"chmp1a",0.00388727295247835,0.858327181750003,0.996208074900292
"1708",31,"vps4a",0.00189493308505386,0.909354367988755,0.996208074900292
"1709",31,"sntb2",-0.0232202752560533,0.012248839713383,0.285431162031599
"1710",31,"spire2",0.0310488321371656,0.155253348682337,0.984612275003837
"1711",31,"prmt7",-0.0141182606707988,0.0907320580561867,0.964667868932546
"1712",31,"ciapin1",-0.00627854682994065,0.797284734797712,0.996208074900292
"1713",31,"coq9",0.00741539003201374,0.519664425672059,0.98487850369265
"1714",31,"polr2c",-0.000860801759600104,0.966538123956815,0.996208074900292
"1715",31,"wwp2",0.00945429953132489,0.808217768916181,0.996208074900292
"1716",31,"adat1",-0.0118788258687616,0.212025282185289,0.984612275003837
"1717",31,"gabarapl2",-0.027355657098235,0.260661161586802,0.984612275003837
"1718",31,"chst6",-0.0161984077091706,0.012248839713383,0.285431162031599
"1719",31,"LOC111566761",-0.0508753091528374,0.148286592968783,0.984612275003837
"1720",31,"LOC111585680",0.01672189035644,0.124349053970418,0.984612275003837
"1721",31,"LOC111585676",0.00805026702666775,0.617085097352164,0.993489446331016
"1722",31,"kiaa1549la",-0.0356731735173431,0.165919746997244,0.984612275003837
"1723",31,"LOC111569225",-0.0398059737399412,0.391848286620422,0.98487850369265
"1724",31,"tead1a",-0.0172682016876764,0.152888932732129,0.984612275003837
"1725",31,"mical2b",0.0063860785295063,0.340841700847866,0.984612275003837
"1726",31,"arpin",-0.00202010589693074,0.905670991962099,0.996208074900292
"1727",31,"chka",0.071957911759278,0.0248640631199214,0.498330215061301
"1728",31,"cetp",-0.0283358370635882,0.012248839713383,0.285431162031599
"1729",31,"herpud1",-0.00638701910858141,0.385398054102202,0.98487850369265
"1730",31,"LOC111568446",0.0124977286789517,0.803227055653624,0.996208074900292
"1731",31,"LOC129348622",0.0102344665280609,0.340841700847866,0.984612275003837
"1732",31,"LOC111568448",-0.00843377511973346,0.513230232536009,0.98487850369265
"1733",31,"LOC111569309",0.0143542255000159,0.404821397223348,0.98487850369265
"1734",31,"bmal1a",-0.00731116312882578,0.829185960884451,0.996208074900292
"1735",31,"znrf1",0.0095452678768485,0.771435255352513,0.996208074900292
"1736",31,"ndrg4",0.0143494326340285,0.658336913766244,0.993489446331016
"1737",31,"smpd3",0.0263517207560503,0.148016840209182,0.984612275003837
"1738",31,"LOC111578303",0.0120363379501934,0.60468218068357,0.993489446331016
"1739",31,"lsm14aa",0.030567375307287,0.353856715120276,0.98487850369265
"1740",31,"LOC111578293",-0.00159655633335685,0.895106088567285,0.996208074900292
"1741",31,"LOC111578294",-0.00348888681589189,0.764242210179679,0.996208074900292
"1742",31,"tph2",-0.0245102830420338,0.0360646500254205,0.63283346905071
"1743",31,"tbc1d15",0.00432110226197813,0.815804018690907,0.996208074900292
"1744",31,"nup160",-0.0203295835957858,0.012248839713383,0.285431162031599
"1745",31,"LOC111578300",-0.0139098393288774,0.300851790952546,0.984612275003837
"1746",31,"LOC111570896",0.0365780904322545,0.165892946152214,0.984612275003837
"1747",31,"lamb1a",0.00363598865519542,0.719309264449339,0.993489446331016
"1748",31,"LOC118469601",0.00755020169058079,0.524188473119959,0.98487850369265
"1749",31,"hhip",0.0174939678522833,0.340841700847866,0.984612275003837
"1750",31,"mmaa",0.00731705491709869,0.878564156624007,0.996208074900292
"1751",31,"znf827",0.00366897381971912,0.872950421230861,0.996208074900292
"1752",31,"lsm6",0.0101833019192048,0.480557474404025,0.98487850369265
"1753",31,"LOC129348689",0.00363598865519542,0.719309264449339,0.993489446331016
"1754",31,"tmem184c",0.0235885413213487,0.415870024735202,0.98487850369265
"1755",31,"nr3c2",-0.00923953696708122,0.895926285679271,0.996208074900292
"1756",31,"dclk2a",0.0195112199988077,0.695394295890181,0.993489446331016
"1757",31,"lrba",-0.0268874245945157,0.481243352937177,0.98487850369265
"1758",31,"rps3a",-0.00589690117770726,0.865263866141277,0.996208074900292
"1759",31,"gatb",0.00515149353797277,0.758451534268094,0.996208074900292
"1760",31,"fbxw7",-0.0760791133237056,0.0910745138596174,0.964667868932546
"1761",31,"tma16",0.0104673241666982,0.460072221304848,0.98487850369265
"1762",31,"tmem192",-0.0278145358139411,0.209982640992407,0.984612275003837
"1763",31,"LOC111583011",-0.0549934662236535,0.102355540576244,0.984612275003837
"1764",31,"uchl1",-0.0278488525781488,0.0636511040077366,0.852247088838452
"1765",31,"prom1b",0.0448916090496591,0.527958796509637,0.98819896145179
"1766",31,"tapt1b",-0.0176297167566432,0.581766822038442,0.993489446331016
"1767",31,"foxk1",-0.00897911402426997,0.703372865671742,0.993489446331016
"1768",31,"radil",0.0225975393815932,0.239119227696662,0.984612275003837
"1769",31,"LOC111566935",-0.0240019280225914,0.458852257933369,0.98487850369265
"1770",31,"LOC129348768",0.00582483025767384,0.428702605628878,0.98487850369265
"1771",31,"arpc1a",-0.00277506310614368,0.905245094483086,0.996208074900292
"1772",31,"abcg2b",-0.019753819488258,0.100725729382881,0.984612275003837
"1773",31,"hapstr1b",0.00868550371313186,0.46906402285864,0.98487850369265
"1774",31,"grin2ab",-0.0963030720346457,0.251483594667262,0.984612275003837
"1775",31,"myo15ab",0.0124794530279858,0.168639224751993,0.984612275003837
"1776",31,"alkbh5",0.0034042647188359,0.794621659522644,0.996208074900292
"1777",31,"mief2",0.0296685236824695,0.0844368383887908,0.948398709293362
"1778",31,"ptcd1",0.00157454455550499,0.933351754511316,0.996208074900292
"1779",31,"psen2",0.000272384485445282,0.98182286512526,0.996900331747147
"1780",31,"LOC129348799",-0.0178701195461806,0.012248839713383,0.285431162031599
"1781",31,"aftpha",0.0124321784848744,0.487711074209908,0.98487850369265
"1782",31,"spred2a",0.00662160354442372,0.668063247656927,0.993489446331016
"1783",31,"LOC111563079",0.000924418152419627,0.978048620782651,0.996452700582568
"1784",31,"btbd3a",0.00875534614406123,0.686212227804805,0.993489446331016
"1785",31,"acaa1",-0.00186200542945209,0.891592114907928,0.996208074900292
"1786",31,"esf1",-0.00247558375402059,0.891288974482157,0.996208074900292
"1787",31,"ndufaf5",0.00815190899562709,0.340841700847866,0.984612275003837
"1788",31,"kif16ba",0.00191907514880338,0.903598197893313,0.996208074900292
"1789",31,"LOC111563090",-0.00153565675829535,0.895106088567285,0.996208074900292
"1790",31,"cnrip1a",-0.0271715286941933,0.192192014802871,0.984612275003837
"1791",31,"LOC111563084",-0.00400153510665296,0.904668835149468,0.996208074900292
"1792",31,"LOC111565771",-0.000418266595330516,0.976863081188404,0.996208074900292
"1793",31,"irf2bp2b",-0.00577245151964039,0.801450215856777,0.996208074900292
"1794",31,"tomm20b",0.00990538262123277,0.759762974273252,0.996208074900292
"1795",31,"rbm34",0.0261544535833663,0.165452907341314,0.984612275003837
"1796",31,"tbce",-0.0162322077999666,0.346231248775033,0.98487850369265
"1797",31,"gpr137bb",0.0152632500317888,0.545005153388941,0.993489446331016
"1798",31,"ero1b",0.0183649441242195,0.642147459296365,0.993489446331016
"1799",31,"LOC111569009",-0.016713977023194,0.53480365718946,0.992149068677901
"1800",31,"si:ch211-89o9.6",-0.0130318496091678,0.688506591392358,0.993489446331016
"1801",31,"LOC129348798",-0.00159411388760372,0.895106088567285,0.996208074900292
"1802",31,"vps37c",0.0221368812402274,0.346378969946134,0.98487850369265
"1803",31,"wu:fc21g02",0.00095755617777231,0.944801046880606,0.996208074900292
"1804",31,"kdm2aa",-0.0171305709545541,0.329362791565443,0.984612275003837
"1805",31,"LOC111568505",0.00608013944247054,0.793972365929077,0.996208074900292
"1806",31,"LOC111568507",0.0104845109842659,0.408900102456115,0.98487850369265
"1807",31,"LOC111568506",0.022625636640599,0.572463694014272,0.993489446331016
"1808",31,"rrp36",0.00591960723996512,0.585593472331186,0.993489446331016
"1809",31,"LOC111571195",0.00596116621810305,0.415514246726167,0.98487850369265
"1810",31,"gtpbp2b",0.0079617660079887,0.779269572203965,0.996208074900292
"1811",31,"LOC111571194",-0.0234193629445269,0.208519431961991,0.984612275003837
"1812",31,"LOC111571197",0.0104553693462511,0.676855290132851,0.993489446331016
"1813",31,"LOC111575463",0.0228976497857964,0.389497463724041,0.98487850369265
"1814",31,"si:dkey-28b4.8",0.0246090569666703,0.723451117546975,0.996098781090316
"1815",31,"pold4",-0.0145570098542783,0.23499775808131,0.984612275003837
"1816",31,"ndufs8a",-0.0283338300649225,0.271012549577381,0.984612275003837
"1817",31,"LOC111570659",0.0228077037123812,0.17570537777186,0.984612275003837
"1818",31,"LOC111570676",-0.0326999197956179,0.511410049332148,0.98487850369265
"1819",31,"LOC129348835",-0.000267891541848369,0.976863081188404,0.996208074900292
"1820",31,"ttbk1a",0.0133121724085829,0.759393414112499,0.996208074900292
"1821",31,"pex6",0.0182701607072536,0.241763237494471,0.984612275003837
"1822",31,"kcnh1b",0.00604017475448783,0.772931913879206,0.996208074900292
"1823",31,"rcor3",0.010762114522427,0.618003364120549,0.993489446331016
"1824",31,"gemin6",-0.0361656693657411,0.0212933472120833,0.449226586660185
"1825",31,"tmem178a",-0.0153475021653228,0.436335169474243,0.98487850369265
"1826",31,"LOC111563950",0.00782066462866476,0.654022786750758,0.993489446331016
"1827",31,"eif4a3",0.0109945563172327,0.337329719430601,0.984612275003837
"1828",31,"LOC111583665",-0.00397186386751313,0.861273337794259,0.996208074900292
"1829",31,"aars2",-0.0367721508903476,0.096710934552996,0.974963766271218
"1830",31,"LOC111568893",0.00697683070151568,0.524188473119959,0.98487850369265
"1831",31,"LOC111568891",-0.00846476530887407,0.575716697311943,0.993489446331016
"1832",31,"mrps28",-0.0121491889724059,0.318245590486861,0.984612275003837
"1833",31,"sde2",0.00805959705307816,0.564756074744436,0.993489446331016
"1834",31,"mtif2",-0.00156271760416976,0.918468267472695,0.996208074900292
"1835",31,"LOC111568898",-0.00581279914042766,0.89829235660054,0.996208074900292
"1836",31,"LOC111568903",-0.075648182163977,0.161540698250982,0.984612275003837
"1837",31,"kat14",0.0044379187281472,0.658300434817222,0.993489446331016
"1838",31,"LOC111564581",-0.00961092430660155,0.753663119029268,0.996208074900292
"1839",31,"dpy30",0.0265639556102693,0.28661851192311,0.984612275003837
"1840",31,"LOC129348729",0.0220112696330631,0.539310746019817,0.993489446331016
"1841",31,"LOC111581960",-0.00832997411334292,0.624177719402492,0.993489446331016
"1842",31,"ldb1b",0.000922746717634233,0.977260435700271,0.996369096949954
"1843",31,"afmid",0.0164250256122701,0.340841700847865,0.984612275003837
"1844",31,"tmc8",-0.000310864050245439,0.976863081188404,0.996208074900292
"1845",31,"aspscr1",-0.00340280068708405,0.866778858649028,0.996208074900292
"1846",31,"pycr1b",-0.0180506404956079,0.151213309679755,0.984612275003837
"1847",31,"mafgb",0.0189354807412727,0.317802042771605,0.984612275003837
"1848",31,"si:ch73-100l22.3",0.00265426748614933,0.833749829971208,0.996208074900292
"1849",31,"sirt7",-0.00481181814263907,0.606752755502104,0.993489446331016
"1850",31,"pcyt2",-0.0254968595143437,0.108861808370806,0.984612275003837
"1851",31,"gnav1",-0.00242650729182054,0.804030550602039,0.996208074900292
"1852",31,"sgsh",-0.0203295835957858,0.012248839713383,0.285431162031599
"1853",31,"cc2d1a",0.0236341087131149,0.408193040140618,0.98487850369265
"1854",31,"mri1",-0.00138821247386228,0.951580635820949,0.996208074900292
"1855",31,"LOC111571857",0.0103740642184909,0.684930047767425,0.993489446331016
"1856",31,"khsrp",-0.0148089967411048,0.202289250173325,0.984612275003837
"1857",31,"dcaf15",0.0063860785295063,0.340841700847866,0.984612275003837
"1858",31,"LOC111571863",-0.00994788907480206,0.675699894916513,0.993489446331016
"1859",31,"nthl1",-0.000293977023095923,0.976863081188404,0.996208074900292
"1860",31,"tsc2",-0.00642093530619025,0.6025252567681,0.993489446331016
"1861",31,"LOC111571879",-0.0409247195385365,0.012248839713383,0.285431162031599
"1862",31,"gprc5bb",0.000753216204932754,0.984061590211217,0.996956250321918
"1863",31,"knop1",-0.00269974809413123,0.81821357218454,0.996208074900292
"1864",31,"exosc1",0.00626431327642107,0.340841700847866,0.984612275003837
"1865",31,"pgam1b",0.00225413064175022,0.89742956313167,0.996208074900292
"1866",31,"LOC111571883",0.0063578934938849,0.524188473119959,0.98487850369265
"1867",31,"zfyve27",-0.000639935061923433,0.976863081188404,0.996208074900292
"1868",31,"crtac1a",-0.0096924234105556,0.24740153338075,0.984612275003837
"1869",31,"r3hcc1l",-0.0190764064068921,0.357627793677297,0.98487850369265
"1870",31,"LOC111571866",0.00450774868916627,0.719309264449339,0.993489446331016
"1871",31,"epn3b",0.0071852001435487,0.684128681797918,0.993489446331016
"1872",31,"slc25a10b",0.00742025477744639,0.736709690042615,0.996208074900292
"1873",31,"gcgrb",-0.00236077433759754,0.808955015431873,0.996208074900292
"1874",31,"LOC111584068",-0.0425456244827714,0.323816498072054,0.984612275003837
"1875",31,"dennd1c",0.00513514530368396,0.674822094948281,0.993489446331016
"1876",31,"LOC111584070",-0.00215846918930272,0.942200842038322,0.996208074900292
"1877",31,"prkacab",0.00194996218325173,0.962665192033142,0.996208074900292
"1878",31,"samd1b",5.9837694358562e-05,0.996236778107967,0.999816729949705
"1879",31,"zgc:136908",-0.0161984077091706,0.012248839713383,0.285431162031599
"1880",31,"ndufb7",-0.061069823954186,0.0137622119503258,0.314666475377592
"1881",31,"tecrb",-0.00998188860982285,0.298467095495164,0.984612275003837
"1882",31,"dnajb1b",-0.000310864050245439,0.976863081188404,0.996208074900292
"1883",31,"LOC111569903",0.00626067229253957,0.847653786757765,0.996208074900292
"1884",31,"LOC111569914",0.00358580531345942,0.719309264449339,0.993489446331016
"1885",31,"LOC111569913",-0.00132005822688665,0.938393222461675,0.996208074900292
"1886",31,"LOC111569934",0.0157356504645234,0.564844787750652,0.993489446331016
"1887",31,"adcy9",0.00640562003387885,0.63409787221287,0.993489446331016
"1888",31,"crebbpa",-0.0377688217536124,0.148094334425462,0.984612275003837
"1889",31,"mcrip2",0.0163143178481295,0.438244502319467,0.98487850369265
"1890",31,"gde1",-0.00174304275395688,0.895106088567285,0.996208074900292
"1891",31,"si:dkey-246e1.3",0.0102711019273328,0.415228806647062,0.98487850369265
"1892",31,"add3a",0.0042762159297763,0.79554395039437,0.996208074900292
"1893",31,"mxi1",-0.0146991106381575,0.267533174847603,0.984612275003837
"1894",31,"dusp5",-0.00401390603367828,0.627503358863769,0.993489446331016
"1895",31,"smc3",-0.0350787481195748,0.0914269813226331,0.967320930686434
"1896",31,"pdcd4b",0.0314235977280278,0.108841145955856,0.984612275003837
"1897",31,"shoc2",0.0159834152827978,0.70094780643155,0.993489446331016
"1898",31,"adra2a",-0.000563105509502318,0.976863081188404,0.996208074900292
"1899",31,"LOC111583502",0.0467207267226973,0.080971293516682,0.929828811046088
"1900",31,"pnpla6",0.00797534693525587,0.775927151715995,0.996208074900292
"1901",31,"LOC111583510",-0.0388324671026287,0.226553531581348,0.984612275003837
"1902",31,"caly",-0.000373384416469581,0.937903672042412,0.996208074900292
"1903",31,"nsmce1",-0.000418266595330516,0.976863081188404,0.996208074900292
"1904",31,"vps37a",0.00276193898099975,0.785183947345066,0.996208074900292
"1905",31,"micu3a",-0.00160688954470198,0.953425421721727,0.996208074900292
"1906",31,"nansa",-0.000329071011677992,0.976863081188404,0.996208074900292
"1907",31,"clta",-0.0189220352825179,0.619419591058021,0.993489446331016
"1908",31,"gne",-0.00627747576849556,0.919926592651917,0.996208074900292
"1909",31,"cplx2a",0.022852258184065,0.49192915573403,0.98487850369265
"1910",31,"tmod1",-0.00450581047320783,0.785377361307856,0.996208074900292
"1911",31,"LOC111575002",-0.0197772319373314,0.70338667340023,0.993489446331016
"1912",31,"LOC111575013",0.00363598865519542,0.719309264449339,0.993489446331016
"1913",31,"LOC111574999",0.0325374304224965,0.308363986321771,0.984612275003837
"1914",31,"tusc3",-0.0178893032694483,0.430576951651805,0.98487850369265
"1915",31,"tppp2",-0.0233363164474846,0.0470254687093409,0.737403040506987
"1916",31,"LOC111568048",-0.0468920510160531,0.362888894888386,0.98487850369265
"1917",31,"psmd12",-0.00848800116819775,0.318474115238103,0.984612275003837
"1918",31,"helz",-0.00825800100804219,0.890946422042502,0.996208074900292
"1919",31,"LOC111576429",0.00704979818222432,0.604728739871763,0.993489446331016
"1920",31,"cacng5a",-0.0110115030673301,0.419994331969424,0.98487850369265
"1921",31,"prkcaa",-0.0224362309125288,0.534684166114451,0.992149068677901
"1922",31,"nol11",0.00421134896821091,0.738091123393898,0.996208074900292
"1923",31,"LOC111576424",-0.00572104506477986,0.827185375420537,0.996208074900292
"1924",31,"LOC111576427",-0.00654970355987976,0.899078765433617,0.996208074900292
"1925",31,"LOC129348814",-0.00137809978497161,0.927978541859527,0.996208074900292
"1926",31,"si:ch211-40k21.5",-0.00128388481011775,0.895106088567285,0.996208074900292
"1927",31,"LOC111585105",-0.00888733882114236,0.305420945473845,0.984612275003837
"1928",31,"LOC111564222",-0.0102037012206609,0.818256345664822,0.996208074900292
"1929",31,"polg2",0.0027472456058989,0.828159891297089,0.996208074900292
"1930",31,"srp68",-0.0181597056006543,0.012248839713383,0.285431162031599
"1931",31,"acox1",0.0325048395221164,0.129893084830418,0.984612275003837
"1932",31,"LOC111564216",0.0162977823015671,0.251794576242464,0.984612275003837
"1933",31,"ube2o",0.0155006756607965,0.67279663356273,0.993489446331016
"1934",31,"cygb2",0.0174330461551255,0.358333997444496,0.98487850369265
"1935",31,"LOC111564229",0.00742919983958313,0.783151149916533,0.996208074900292
"1936",31,"LOC129348650",0.0118777457229395,0.524188473119959,0.98487850369265
"1937",31,"ubn2a",-0.00809925636757005,0.0494887444181428,0.759320723267366
"1938",31,"ift56",0.00842762533770064,0.710811905204256,0.993489446331016
"1939",31,"slc25a38b",0.0130980983112969,0.381470432804094,0.98487850369265
"1940",31,"map2k7",-0.0192059609135292,0.562016653536129,0.993489446331016
"1941",31,"pkn1a",-0.00364404467203456,0.770898980198556,0.996208074900292
"1942",31,"prr36a",-0.00782086995013351,0.833721022492536,0.996208074900292
"1943",31,"mcoln1a",0.0063860785295063,0.340841700847866,0.984612275003837
"1944",31,"trappc5",-0.0205951359427508,0.012248839713383,0.285431162031599
"1945",31,"LOC111564237",-0.0205951359427508,0.012248839713383,0.285431162031599
"1946",31,"evi5l",-0.012681400372008,0.774983550592709,0.996208074900292
"1947",31,"LOC111564226",-0.00660861061007029,0.678556063290909,0.993489446331016
"1948",31,"LOC111564240",-0.0173107996376044,0.276745602776363,0.984612275003837
"1949",31,"LOC111564250",-0.00636809122278617,0.830737763617629,0.996208074900292
"1950",31,"LOC111564214",0.00950824588755536,0.340841700847865,0.984612275003837
"1951",31,"ntn1a",0.0109429854215414,0.348626093275206,0.98487850369265
"1952",31,"stx8",-0.00331586882660529,0.865938624514098,0.996208074900292
"1953",31,"LOC111564252",-0.00426883231431585,0.675445306274234,0.993489446331016
"1954",31,"LOC111564253",0.00298333849782732,0.719309264449339,0.993489446331016
"1955",31,"usp43a",-0.022475529105103,0.396489749631784,0.98487850369265
"1956",31,"mchr1a",0.00147991470942384,0.890395259030416,0.996208074900292
"1957",31,"sumo2a",-0.0208657020805921,0.012248839713383,0.285431162031599
"1958",31,"jpt1a",-0.0151995448960296,0.527301876709867,0.98759170299414
"1959",31,"LOC111582195",0.0503478618802535,0.0326218386398429,0.593847326157312
"1960",31,"LOC111582199",-0.00786826373948337,0.896151377898661,0.996208074900292
"1961",31,"znf207b",-0.0073435501593585,0.199956489799523,0.984612275003837
"1962",31,"rhbdl3",-0.00528873619811496,0.759731766251282,0.996208074900292
"1963",31,"rhot1b",-0.0234108770947646,0.143597562183532,0.984612275003837
"1964",31,"suz12b",-0.00037492175215017,0.976863081188404,0.996208074900292
"1965",31,"utp6",-0.0209809551554373,0.125816171997076,0.984612275003837
"1966",31,"LOC129348746",0.0163647902150138,0.434451414264872,0.98487850369265
"1967",31,"rab11fip4b",-0.0204295183635382,0.122550513840875,0.984612275003837
"1968",31,"plppr2b",-0.0217403605466294,0.0558330233572585,0.799297087727181
"1969",31,"nfixa",-0.0216769446501117,0.270598549033632,0.984612275003837
"1970",31,"LOC111584779",-0.0204609204740393,0.609586469207807,0.993489446331016
"1971",31,"keap1b",0.0198877475344716,0.480315417346107,0.98487850369265
"1972",31,"ldlrb",-0.0124360978050241,0.353125597808932,0.98487850369265
"1973",31,"LOC111570154",0.000219148032834241,0.989592197231517,0.998253544131569
"1974",31,"mast1a",0.036631874149208,0.498707906153783,0.98487850369265
"1975",31,"rnaseh2a",0.00943634442644715,0.340841700847866,0.984612275003837
"1976",31,"LOC111570172",-0.0221916922761076,0.0722486924473037,0.895924288800643
"1977",31,"smdt1b",-0.052619412037456,0.213635691350931,0.984612275003837
"1978",31,"serhl",0.00203259806132074,0.858189485172579,0.996208074900292
"1979",31,"atf7ip",0.09549299929937,0.0377877867348714,0.648867390158227
"1980",31,"grin2bb",0.0308592341017583,0.603251588029407,0.993489446331016
"1981",31,"f8a",0.00281130330780363,0.789582442440296,0.996208074900292
"1982",31,"rbfox2",0.049452594840139,0.334334702157801,0.984612275003837
"1983",31,"LOC111581809",0.0063860785295063,0.340841700847866,0.984612275003837
"1984",31,"chic2",0.00808398186090455,0.569451697121292,0.993489446331016
"1985",31,"fip1l1b",0.0231018037104569,0.318612727266839,0.984612275003837
"1986",31,"kitb",-0.0112450659480979,0.590107666170929,0.993489446331016
"1987",31,"clockb",0.0171814647435988,0.484044333263429,0.98487850369265
"1988",31,"exoc1l",0.00697683070151568,0.524188473119959,0.98487850369265
"1989",31,"ecpas",0.0194565950136707,0.409063723765614,0.98487850369265
"1990",31,"kdm4c",-0.0430889956036146,0.0140675074033822,0.320544578721846
"1991",31,"ptprdb",-0.0226028860367933,0.461783710363562,0.98487850369265
"1992",31,"si:dkey-92j12.5",-0.0200981078980042,0.0554834263254568,0.796960704901046
"1993",31,"adgrl3.1",0.0323015092909759,0.166140909080105,0.984612275003837
"1994",31,"gtf2e2",0.00422175146929986,0.835072137286132,0.996208074900292
"1995",31,"LOC111574887",0.00609210150641038,0.577209068950784,0.993489446331016
"1996",31,"hgsnat",0.00609061356463513,0.775396331854641,0.996208074900292
"1997",31,"pcdh7a",0.00324025307366153,0.936753466829883,0.996208074900292
"1998",31,"crmp1",0.00137232344308835,0.957180536535721,0.996208074900292
"1999",31,"ppp2r2ca",0.002727955144744,0.921571795476682,0.996208074900292
"2000",31,"LOC111567100",-0.017626920696161,0.09681077447435,0.974963766271218
"2001",31,"ank2a",0.0238119691658626,0.509059069670267,0.98487850369265
"2002",31,"camk2d2",0.00219843541292451,0.950453039206292,0.996208074900292
"2003",31,"LOC111567847",0.00514173683298463,0.719309264449339,0.993489446331016
"2004",31,"fbxo10",0.00450774868916627,0.719309264449339,0.993489446331016
"2005",31,"polr1e",-0.000310864050245439,0.976863081188404,0.996208074900292
"2006",31,"LOC111567850",-0.0156681306496353,0.307126804113299,0.984612275003837
"2007",31,"uba6",0.00859760046921035,0.303821709240099,0.984612275003837
"2008",31,"ptpn9b",0.00369071014810477,0.732005289739003,0.996208074900292
"2009",31,"adamtsl7",0.0150860043659989,0.54257981693979,0.993489446331016
"2010",31,"zcchc7",-0.00358931371699304,0.889971791670835,0.996208074900292
"2011",31,"pgm2",0.00579064738478059,0.719309264449339,0.993489446331016
"2012",31,"klhl5",-0.0456807662638685,0.0393826710268516,0.66820307045162
"2013",31,"wdr19",-0.0305896596921488,0.012248839713383,0.285431162031599
"2014",31,"rfc1",0.00546460188062453,0.601149537516427,0.993489446331016
"2015",31,"rpl9",-0.00579216904340286,0.225303690028914,0.984612275003837
"2016",31,"lias",-0.0189750564737328,0.237735334749013,0.984612275003837
"2017",31,"ugdh",-0.00948931386923273,0.485126814432069,0.98487850369265
"2018",31,"smim14",0.0138208827448372,0.536008239926595,0.992834323976668
"2019",31,"ube2kb",0.0120845708654347,0.719309264449339,0.993489446331016
"2020",31,"pds5a",-0.00829314451382432,0.404917505270904,0.98487850369265
"2021",31,"n4bp2",0.00544520250159245,0.855558048146348,0.996208074900292
"2022",31,"rhoh",0.00239179884937934,0.839320911448415,0.996208074900292
"2023",31,"LOC111583540",0.00363598865519542,0.719309264449339,0.993489446331016
"2024",31,"slit2",-0.0335346423182798,0.0721143197049681,0.895460192503026
"2025",31,"LOC129348726",-0.0161984077091706,0.012248839713383,0.285431162031599
"2026",31,"lcorl",0.027860442615678,0.320092063783566,0.984612275003837
"2027",31,"LOC129348721",0.0020624996620193,0.85785994857531,0.996208074900292
"2028",31,"LOC111565574",-0.00332546360300892,0.887951477474665,0.996208074900292
"2029",31,"apbb2b",-0.0214152656357323,0.467458818631232,0.98487850369265
"2030",31,"rbm47",0.00363598865519542,0.719309264449339,0.993489446331016
"2031",31,"zfp91",-0.00204057995199585,0.895106088567285,0.996208074900292
"2032",31,"si:ch211-113e8.11",0.00612466382123494,0.719309264449339,0.993489446331016
"2033",31,"cntf",-0.000293977023095923,0.976863081188404,0.996208074900292
"2034",31,"si:dkey-117m1.4",-0.0485565482530309,0.123961975794394,0.984612275003837
"2035",31,"ankrd49",-0.0310850023996817,0.012248839713383,0.285431162031599
"2036",31,"aip",-0.00804175918606408,0.639985167260244,0.993489446331016
"2037",31,"tmem134",0.00803921022558703,0.340841700847865,0.984612275003837
"2038",31,"doc2d",0.0312483698838722,0.291346799376239,0.984612275003837
"2039",31,"lonrf1l",-0.0162619254157676,0.275947378154902,0.984612275003837
"2040",31,"dlc1",-0.0231663259487654,0.497446533525235,0.98487850369265
"2041",31,"spock3",-0.0206333982245069,0.495563914643184,0.98487850369265
"2042",31,"ugt8",-0.0132148828535011,0.012248839713383,0.285431162031599
"2043",31,"ndst3",0.0127148337864172,0.431277935510749,0.98487850369265
"2044",31,"LOC129348671",-0.000267891541848369,0.976863081188404,0.996208074900292
"2045",31,"prss12",0.00599124378204718,0.524188473119959,0.98487850369265
"2046",31,"mettl14",-0.0155967573363111,0.177337402533986,0.984612275003837
"2047",31,"LOC111576607",0.0063578934938849,0.524188473119959,0.98487850369265
"2048",31,"adra1d",-0.0106458953090495,0.406102179001426,0.98487850369265
"2049",31,"ctnna2",0.0347297991003635,0.154798599580949,0.984612275003837
"2050",31,"lrrtm1",0.00565493347900572,0.859850996347644,0.996208074900292
"2051",31,"LOC129348648",0.0140154835340743,0.168633287084835,0.984612275003837
"2052",31,"suclg1",0.0176448912206112,0.531506684896918,0.990375937672744
"2053",31,"cisd2",0.00363598865519542,0.719309264449339,0.993489446331016
"2054",31,"si:dkey-162b23.4",0.00985011858988049,0.342607444102727,0.984612275003837
"2055",31,"bdh2",0.00358580531345942,0.719309264449339,0.993489446331016
"2056",31,"tacr3a",0.00950612729560589,0.467583211708483,0.98487850369265
"2057",31,"aptx",0.0063860785295063,0.340841700847866,0.984612275003837
"2058",31,"dnaja1",-0.0307741567659654,0.130619912447964,0.984612275003837
"2059",31,"smu1b",0.0103612150883285,0.469154111763807,0.98487850369265
"2060",31,"rps6",0.00933611058173828,0.553447466578475,0.993489446331016
"2061",31,"acer2",-0.00268593597826175,0.947648796459826,0.996208074900292
"2062",31,"LOC111575318",-0.023637473137097,0.570372951001889,0.993489446331016
"2063",31,"LOC111575327",0.00697683070151568,0.524188473119959,0.98487850369265
"2064",31,"LOC111575330",-0.0547898075865428,0.0569170553819074,0.805258778015779
"2065",31,"LOC111575314",0.00858418391989905,0.439291867739974,0.98487850369265
"2066",31,"usp53b",-0.00097668388106787,0.975938025254082,0.996208074900292
"2067",31,"gucy1b1",0.0229768723532318,0.576654615632266,0.993489446331016
"2068",31,"gucy1a1",0.00778640946438699,0.749441181871265,0.996208074900292
"2069",31,"ufsp2",0.00624030282212142,0.524188473119959,0.98487850369265
"2070",31,"cfap97",0.0113043747338744,0.524188473119959,0.98487850369265
"2071",31,"LOC129348654",0.0114491138510468,0.340841700847865,0.984612275003837
"2072",31,"rnf24",-0.0222064506483048,0.286959232379553,0.984612275003837
"2073",31,"ccdc86",0.00815190899562709,0.340841700847866,0.984612275003837
"2074",31,"cldnd1b",-0.00401390603367828,0.627503358863769,0.993489446331016
"2075",31,"fbxo41",0.0443777733246898,0.420686733967701,0.98487850369265
"2076",31,"LOC111575457",-0.000329071011677992,0.976863081188404,0.996208074900292
"2077",31,"mogs",0.0144079523894362,0.478949382433434,0.98487850369265
"2078",31,"pdcd4a",-0.0293128796546145,0.475771122906148,0.98487850369265
"2079",31,"LOC111575458",0.0220195398300282,0.442553200348864,0.98487850369265
"2080",31,"mxd4",-0.00177190461849162,0.873192214106021,0.996208074900292
"2081",31,"LOC111575456",0.0135495303115128,0.403624867196658,0.98487850369265
"2082",31,"mtap",-0.0235561828754035,0.0694199085253133,0.882506607189488
"2083",31,"LOC118471743",0.0146331369891845,0.538589375219808,0.993489446331016
"2084",31,"cxxc4",-0.0153077914796785,0.57613422992695,0.993489446331016
"2085",31,"tet2",0.0393271240511009,0.0265000044562097,0.525371803956416
"2086",31,"ppa2",-0.0352481331549992,0.0474277343542941,0.741841811175974
"2087",31,"ints12",0.00398468717120069,0.524188473119959,0.98487850369265
"2088",31,"gstcd",-0.0194666758795375,0.105305860415185,0.984612275003837
"2089",31,"npnta",-0.0215624497587094,0.58026078689844,0.993489446331016
"2090",31,"LOC111581107",-0.0132148828535011,0.012248839713383,0.285431162031599
"2091",31,"LOC111570984",0.0159939356291503,0.181827233649721,0.984612275003837
"2092",31,"tbck",0.0192203827764454,0.426604870802217,0.98487850369265
"2093",31,"aimp1a",0.0232856144558674,0.181917434317335,0.984612275003837
"2094",31,"papss1",0.00570051689285386,0.807616987210534,0.996208074900292
"2095",31,"hadh",0.0102359141365485,0.408363149148526,0.98487850369265
"2096",31,"LOC129348820",0.00319998610077292,0.83045230320569,0.996208074900292
"2097",31,"lef1",0.0505251019396668,0.331251659899163,0.984612275003837
"2098",31,"LOC111578659",0.00803921022558703,0.340841700847865,0.984612275003837
"2099",31,"pla2g12a",-0.000267891541848369,0.976863081188404,0.996208074900292
"2100",31,"dnajb14",-0.00224932071529172,0.685799088661913,0.993489446331016
"2101",31,"snapc3",0.00508384220148624,0.719309264449339,0.993489446331016
"2102",31,"psip1a",0.00890666533649377,0.503457822636511,0.98487850369265
"2103",31,"bnc2",0.00481651661133145,0.839845008245858,0.996208074900292
"2104",31,"sh3gl2a",-0.0297777461398727,0.484349359690667,0.98487850369265
"2105",31,"LOC118469236",0.00599124378204718,0.524188473119959,0.98487850369265
"2106",31,"anp32b",-0.0213969167191201,0.38256445930987,0.98487850369265
"2107",31,"coro2aa",-0.00159411388760372,0.895106088567285,0.996208074900292
"2108",31,"uso1",-0.0047421572114814,0.808274741407869,0.996208074900292
"2109",31,"g3bp2a",0.0163849541174112,0.470442967487722,0.98487850369265
"2110",31,"ppm1kb",0.0189475294538408,0.399576627486709,0.98487850369265
"2111",31,"herc3",0.0306294837876604,0.192345554067554,0.984612275003837
"2112",31,"gprin3b",0.00340875918649961,0.719309264449339,0.993489446331016
"2113",31,"elmod2",0.025479493912945,0.174390167474534,0.984612275003837
"2114",31,"LOC129348647",0.00755020169058079,0.524188473119959,0.98487850369265
"2115",31,"LOC129348694",0.00938648063447013,0.340841700847866,0.984612275003837
"2116",31,"tbc1d9",0.00575340141824957,0.919315192871988,0.996208074900292
"2117",31,"LOC111568832",0.00189424939339781,0.86608915757183,0.996208074900292
"2118",31,"LOC129348707",0.00943634442644715,0.340841700847866,0.984612275003837
"2119",31,"rnf150a",-0.0197352785093522,0.476463524615102,0.98487850369265
"2120",31,"znf330",0.00330691764351743,0.807959338798224,0.996208074900292
"2121",31,"inpp4b",0.0266080571649988,0.418343447781159,0.98487850369265
"2122",31,"gab1",-0.0135573373726061,0.457421112336159,0.98487850369265
"2123",31,"usp38",-0.0109853369669651,0.543234069211089,0.993489446331016
"2124",31,"smarca5",0.000335463700584592,0.985180708937699,0.996956250321918
"2125",31,"ptp4a1",-0.0203647353446395,0.191040212406679,0.984612275003837
"2126",31,"LOC111581048",0.00815190899562709,0.340841700847866,0.984612275003837
"2127",31,"myom2a",0.0162503792993351,0.272613296824978,0.984612275003837
"2128",31,"LOC111581369",0.00137312815309944,0.92161874954995,0.996208074900292
"2129",31,"slit1b",0.009480742883045,0.354544479942992,0.98487850369265
"2130",31,"lcor",-0.0625380869711792,0.14518427506321,0.984612275003837
"2131",31,"LOC111578849",0.0358441946432302,0.0762197880639909,0.916387702187844
"2132",31,"LOC111580396",0.0103784888502247,0.4981722353641,0.98487850369265
"2133",31,"LOC111580410",-0.0189659614326071,0.397437625717313,0.98487850369265
"2134",31,"LOC111567263",-0.00616831803294808,0.808770154376748,0.996208074900292
"2135",31,"LOC111567266",0.0252103307096197,0.32554167332953,0.984612275003837
"2136",31,"LOC111567268",0.0127519767741502,0.75494519994028,0.996208074900292
"2137",31,"atpv0e2",-0.00496665986413666,0.92678805207212,0.996208074900292
"2138",31,"LOC111567244",0.00599124378204718,0.524188473119959,0.98487850369265
"2139",31,"LOC111582391",0.00803921022558703,0.340841700847865,0.984612275003837
"2140",31,"LOC111567390",-0.000321088283375322,0.976863081188404,0.996208074900292
"2141",31,"pgap4",-0.0159404937287225,0.012248839713383,0.285431162031599
"2142",31,"vps54",0.00580398140215742,0.655005914753367,0.993489446331016
"2143",31,"LOC111583456",0.00358580531345942,0.719309264449339,0.993489446331016
"2144",31,"LOC111583457",-0.00827895059140655,0.835785497380193,0.996208074900292
"2145",31,"commd1",0.0136181194859799,0.25223102758673,0.984612275003837
"2146",31,"usp34",-0.00860291396578386,0.843256760737123,0.996208074900292
"2147",31,"xpo1a",-0.0214473591086731,0.411983163434909,0.98487850369265
"2148",31,"cct4",-0.0642017429102867,0.0023688479966496,0.285431162031599
"2149",31,"pus10",-0.0357927810413495,0.0261567053993035,0.520927647042423
"2150",31,"akt3b",0.0343905475107064,0.476044832096233,0.98487850369265
"2151",31,"LOC118471598",-0.012325350721389,0.17241713848169,0.984612275003837
"2152",31,"LOC129348690",-0.018138011088029,0.072070658364528,0.895460192503026
"2153",31,"hyls1",0.00591405463211243,0.608501018804115,0.993489446331016
"2154",31,"mrpl4",0.00336962186472944,0.871654649951162,0.996208074900292
"2155",31,"LOC129348699",-0.0206600606595476,0.012248839713383,0.285431162031599
"2156",31,"abcc10",0.00930257924815143,0.833712761342007,0.996208074900292
"2157",31,"sp2",0.0154853988357322,0.583024145485764,0.993489446331016
"2158",31,"socs7",0.0304694992647459,0.337411677912385,0.984612275003837
"2159",31,"gpr179",-0.0511847956348996,0.012248839713383,0.285431162031599
"2160",31,"mrpl45",-0.0072658169732701,0.605070472018635,0.993489446331016
"2161",31,"npepps",0.00212842589361026,0.917765223955642,0.996208074900292
"2162",31,"mrpl21",0.00203943232183857,0.885663573962682,0.996208074900292
"2163",31,"wipf2a",-0.0415004966181052,0.0341858384118469,0.613434309030928
"2164",31,"ccsapa",-0.0154210891332753,0.199069429436613,0.984612275003837
"2165",31,"nup133",-0.00161295582179574,0.904092136560269,0.996208074900292
"2166",31,"ltv1",0.0068164620353861,0.545174997320635,0.993489446331016
"2167",31,"fbxo8",0.000280869109770797,0.99204453712073,0.998749412702406
"2168",31,"LOC111562847",-0.0153047726238373,0.791140536720591,0.996208074900292
"2169",31,"LOC129348767",-0.0205951359427508,0.012248839713383,0.285431162031599
"2170",31,"vegfc",-0.0282701041093652,0.012248839713383,0.285431162031599
"2171",31,"naf1",0.0184009094432488,0.201641837768792,0.984612275003837
"2172",31,"LOC111563859",0.0279318815771245,0.193020487472617,0.984612275003837
"2173",31,"saraf",-0.000811811222013532,0.976863081188404,0.996208074900292
"2174",31,"galnt7",0.0366872327043577,0.492434071262354,0.98487850369265
"2175",31,"LOC111563849",0.00318309302351946,0.748633336836507,0.996208074900292
"2176",31,"spcs3",-0.0050737426448493,0.835214267717187,0.996208074900292
"2177",31,"LOC118470200",0.0063860785295063,0.340841700847866,0.984612275003837
"2178",31,"med28",-0.00467364533632524,0.74280753425589,0.996208074900292
"2179",31,"klhl2",0.00802480413388831,0.574359124662488,0.993489446331016
"2180",31,"msmo1",-0.000614191079914548,0.976737457604796,0.996208074900292
"2181",31,"cpe",0.00313931948925885,0.893097744106242,0.996208074900292
"2182",31,"stox2a",0.0362120574002082,0.391479767197392,0.98487850369265
"2183",31,"casp3a",-0.0174402975487872,0.206887112968289,0.984612275003837
"2184",31,"LOC111580237",-0.00859452411788052,0.678745792242368,0.993489446331016
"2185",31,"sart1",0.0368973526020175,0.175961718389515,0.984612275003837
"2186",31,"pcm1",0.0124014317934099,0.387141388175095,0.98487850369265
"2187",31,"asah1b",0.0100735603615092,0.38120039295911,0.98487850369265
"2188",31,"frg1",0.0077713677993336,0.546318306833474,0.993489446331016
"2189",31,"fat1a",0.0129276893735349,0.884098842871445,0.996208074900292
"2190",31,"mtnr1aa",-0.00577319867716274,0.917319917052798,0.996208074900292
"2191",31,"sorbs2a",0.00163569261837285,0.967013583733388,0.996208074900292
"2192",31,"pdlim3b",-0.01221372053797,0.181896689016397,0.984612275003837
"2193",31,"fam193a",0.0238314480857106,0.552327488059049,0.993489446331016
"2194",31,"arfip1",-0.00273856489644297,0.895106088567285,0.996208074900292
"2195",31,"fhdc1",-0.00159411388760372,0.895106088567285,0.996208074900292
"2196",31,"trim2a",-0.00302403016932563,0.878047430620711,0.996208074900292
"2197",31,"tmem131l",-0.0247913013265614,0.33579965162491,0.984612275003837
"2198",31,"zgc:136472",0.0123654928481486,0.419373886864763,0.98487850369265
"2199",31,"LOC111580855",0.0101203570080695,0.521905660852091,0.98487850369265
"2200",31,"LOC111580856",-0.0240712019457256,0.461884324415559,0.98487850369265
"2201",31,"LOC111580853",-0.0217793900476611,0.380844022670517,0.98487850369265
"2202",31,"cacng3a",-0.00159655633335685,0.895106088567285,0.996208074900292
"2203",31,"LOC111581447",-0.028428974505475,0.273232942924534,0.984612275003837
"2204",31,"LOC129348715",0.00668745245095993,0.649541250622969,0.993489446331016
"2205",31,"LOC111569158",-0.0717461513565681,0.0542218873961689,0.791890700045281
"2206",31,"LOC111579505",0.0128569355771777,0.739323119666538,0.996208074900292
"2207",31,"chtf18",-0.0250715152832209,0.0493948616648592,0.758787892904371
"2208",31,"eif3ba",-0.00460507489613365,0.827737299975293,0.996208074900292
"2209",31,"ern2",0.028147923700664,0.181604500664367,0.984612275003837
"2210",31,"gna12a",0.00546562946961525,0.398287562466955,0.98487850369265
"2211",31,"sdk1b",0.0042380964926606,0.89852627245416,0.996208074900292
"2212",31,"LOC111562404",-0.0010293730909604,0.926076202573652,0.996208074900292
"2213",31,"gpank1",-0.0138549455976045,0.115433604765911,0.984612275003837
"2214",31,"LOC111586508",-0.023880157877252,0.738765995142896,0.996208074900292
"2215",31,"LOC129348704",0.0141983964099795,0.715286304265807,0.993489446331016
"2216",31,"glra3",-0.0192795863315408,0.544858028664096,0.993489446331016
"2217",31,"wdr17",-0.040168122174255,0.0398487468954074,0.672552468983409
"2218",31,"hmgb2a",-0.0143775100274089,0.193406762183049,0.984612275003837
"2219",31,"pmm2",0.00695814481551314,0.716044602228617,0.993489446331016
"2220",31,"mtmr7b",0.000991350045861062,0.962575384782004,0.996208074900292
"2221",31,"LOC111585880",0.0194064697826426,0.646762787617976,0.993489446331016
"2222",31,"patl1",-0.0142782396794197,0.132179883362816,0.984612275003837
"2223",31,"LOC111585847",0.00697683070151568,0.524188473119959,0.98487850369265
"2224",31,"LOC111585850",0.0313131571768048,0.213601031714174,0.984612275003837
"2225",31,"hap1",0.0118327321478026,0.549988147849228,0.993489446331016
"2226",31,"LOC111566311",0.0126674278784976,0.125875241400819,0.984612275003837
"2227",31,"LOC111566305",0.004321178460776,0.637515521964584,0.993489446331016
"2228",31,"dpcd",0.00892298465925429,0.340841700847866,0.984612275003837
"2229",31,"poll",-0.0115444355720238,0.169215859265765,0.984612275003837
"2230",31,"wbp1lb",0.00351673022805249,0.87890018662489,0.996208074900292
"2231",31,"as3mt",0.0126155239535493,0.524188473119959,0.98487850369265
"2232",31,"cnnm2b",-0.0135425755138219,0.176607814351387,0.984612275003837
"2233",31,"LOC129348697",-0.00819487111954133,0.246745105933506,0.984612275003837
"2234",31,"nt5c2b",0.0228905948333925,0.465126078618571,0.98487850369265
"2235",31,"inab",-0.0107858037758711,0.400096221450534,0.98487850369265
"2236",31,"taf5",0.00189941916784813,0.836712527588029,0.996208074900292
"2237",31,"atp5md",0.0290595390767759,0.211740627189799,0.984612275003837
"2238",31,"pdcd11",-0.0132148828535011,0.012248839713383,0.285431162031599
"2239",31,"zgc:175214",-0.0187333686737388,0.394682616574688,0.98487850369265
"2240",31,"LOC111570422",-0.000310864050245439,0.976863081188404,0.996208074900292
"2241",31,"mettl26",-0.0161984077091706,0.012248839713383,0.285431162031599
"2242",31,"LOC111570438",0.00189917474964361,0.889869434209996,0.996208074900292
"2243",31,"cep170ab",-0.0597762431221633,0.161957778804244,0.984612275003837
"2244",31,"bcl11ab",0.00689374890861596,0.800556401433918,0.996208074900292
"2245",31,"ccdc85al",-0.0122090376312971,0.284512997779311,0.984612275003837
"2246",31,"sec23b",0.00475048656074633,0.621982553023208,0.993489446331016
"2247",31,"nomo",0.0196890165696364,0.23941430458904,0.984612275003837
"2248",31,"LOC111570442",-0.00755378143668804,0.835612601503851,0.996208074900292
"2249",31,"rps15a",-0.0248968127548255,0.47280212353893,0.98487850369265
"2250",31,"coq7",0.00624030282212142,0.524188473119959,0.98487850369265
"2251",31,"LOC111581297",0.00554823454956127,0.831022443577494,0.996208074900292
"2252",31,"LOC111581288",0.0123371096779432,0.0822702096195267,0.93737990630465
"2253",31,"bmerb1",0.0112283413223821,0.291935810117306,0.984612275003837
"2254",31,"LOC111581294",-0.0459261487632517,0.19316492013652,0.984612275003837
"2255",31,"micall1a",-0.0366347121296728,0.19470295554806,0.984612275003837
"2256",31,"klf1",0.00677583685401678,0.719309264449339,0.993489446331016
"2257",31,"nfil3-5",0.0155005304774387,0.601147502016417,0.993489446331016
"2258",31,"slc44a2",0.00633534371808065,0.69531399814931,0.993489446331016
"2259",31,"gcdha",-0.000293977023095923,0.976863081188404,0.996208074900292
"2260",31,"LOC111582733",-0.0373889479728812,0.00885619362617855,0.285431162031599
"2261",31,"LOC111568179",-0.016519495992546,0.143073957847804,0.984612275003837
"2262",31,"prdx2",0.0172617067137907,0.485188552478996,0.98487850369265
"2263",31,"get3",-0.0081892168629828,0.486376199927604,0.98487850369265
"2264",31,"grk4",0.0570151496655195,0.298892774558207,0.984612275003837
"2265",31,"htt",0.00924262056962456,0.71559332212443,0.993489446331016
"2266",31,"lrpap1",-0.00377101537940063,0.915588751195007,0.996208074900292
"2267",31,"adra2c",0.00533015981885637,0.714949891078878,0.993489446331016
"2268",31,"pi4k2b",0.02227762424317,0.0826655097003651,0.938957631662252
"2269",31,"rnf38",-0.0067615913293308,0.702057756186255,0.993489446331016
"2270",31,"chrna6",-0.000418266595330516,0.976863081188404,0.996208074900292
"2271",31,"chrnb3a",-0.00516652418954138,0.895106088567285,0.996208074900292
"2272",31,"LOC111579061",-0.0199006408510945,0.378987288923914,0.98487850369265
"2273",31,"dnah6",0.00892298465925429,0.340841700847866,0.984612275003837
"2274",31,"pcdh10a",0.00379944325377219,0.90480348018638,0.996208074900292
"2275",31,"pcdh18a",-0.00134707439934837,0.922126296610573,0.996208074900292
"2276",31,"si:ch73-109d9.2",0.00439468744869033,0.750499819671637,0.996208074900292
"2277",31,"LOC111583397",-0.0160576048555115,0.175826636122097,0.984612275003837
"2278",31,"LOC111583395",0.00320999664586839,0.841771900207,0.996208074900292
"2279",31,"LOC129348785",-0.00113369655019161,0.924328771686585,0.996208074900292
"2280",31,"rtn4rl2a",0.0101373702642027,0.170314649953189,0.984612275003837
"2281",31,"unc93b1",0.00363598865519542,0.719309264449339,0.993489446331016
"2282",31,"timm10",0.00144768173953197,0.910755631168743,0.996208074900292
"2283",31,"ctnnd1",-0.00737112707496717,0.613570589555905,0.993489446331016
"2284",31,"LOC111585152",0.00126016192859697,0.922846323718299,0.996208074900292
"2285",31,"noctb",-0.0248362213475949,0.167418502922188,0.984612275003837
"2286",31,"ccdc175",-0.00826060407376432,0.24392349082975,0.984612275003837
"2287",31,"elf2b",0.0169315939932127,0.226322891026482,0.984612275003837
"2288",31,"mgarpb",-0.000293977023095923,0.976863081188404,0.996208074900292
"2289",31,"LOC111577320",-0.054202231088964,0.19712111427045,0.984612275003837
"2290",31,"LOC111577326",0.0129354431228349,0.83817629359945,0.996208074900292
"2291",31,"exosc9",-0.0165842269218572,0.20846600200451,0.984612275003837
"2292",31,"clgn",-0.0166702244519802,0.610343119095368,0.993489446331016
"2293",31,"scoca",-0.00396136831266636,0.65037437071553,0.993489446331016
"2294",31,"LOC129348717",-0.0411132727994713,0.119419365227409,0.984612275003837
"2295",31,"maml3",-0.052938860968129,0.0182800142002364,0.399991132711637
"2296",31,"LOC111586868",-0.00023125098934667,0.984446452683962,0.996956250321918
"2297",31,"anapc11",-0.00846588485004523,0.644560617717574,0.993489446331016
"2298",31,"p4hb",-0.0252586651200936,0.437094971327535,0.98487850369265
"2299",31,"rptor",0.00624223365555941,0.797363794389964,0.996208074900292
"2300",31,"LOC111577945",0.0197994162022009,0.641728499302644,0.993489446331016
"2301",31,"LOC111577946",0.00845668065419731,0.569208008614803,0.993489446331016
"2302",31,"si:dkey-237i9.1",0.019599285563479,0.435074326618331,0.98487850369265
"2303",31,"trim25",-0.00352357168416525,0.843118018094905,0.996208074900292
"2304",31,"LOC111575066",0.0217564798203404,0.375870947655427,0.98487850369265
"2305",31,"dgke",-0.0351904162009409,0.555735902241207,0.993489446331016
"2306",31,"LOC111575062",0.0156511470831693,0.304340280015471,0.984612275003837
"2307",31,"ppp1r12c",0.0144663202880289,0.132989759838903,0.984612275003837
"2308",31,"zmp:0000001082",-0.0191752449061847,0.0964343737263253,0.974963766271218
"2309",31,"LOC111575044",-0.00943681934330633,0.662040398572063,0.993489446331016
"2310",31,"LOC111575046",0.00725577940068852,0.598054729046821,0.993489446331016
"2311",31,"scrn2",-0.0327799561074122,0.217514254343727,0.984612275003837
"2312",31,"cwc25",0.00523585043245015,0.787603875383223,0.996208074900292
"2313",31,"psmb3",0.00194410721920484,0.900372018687221,0.996208074900292
"2314",31,"LOC111575053",-0.0169999131261603,0.263904772191908,0.984612275003837
"2315",31,"LOC111575064",0.00356822844775498,0.813182716043228,0.996208074900292
"2316",31,"LOC111575065",0.000170464613589259,0.990281913592592,0.998253544131569
"2317",31,"LOC111575060",0.00450774868916627,0.719309264449339,0.993489446331016
"2318",31,"LOC118470963",0.0052102765883705,0.37392948738462,0.98487850369265
"2319",31,"LOC111569983",0.0163057095964179,0.696301817382392,0.993489446331016
"2320",31,"LOC111569990",-0.00174304275395688,0.895106088567285,0.996208074900292
"2321",31,"LOC111569980",0.0368078762824553,0.35375957454223,0.98487850369265
"2322",31,"LOC111569984",0.0149252078337902,0.424396568713076,0.98487850369265
"2323",31,"ccr7",-0.000515111490678021,0.976863081188404,0.996208074900292
"2324",31,"LOC129348633",0.0102344665280609,0.340841700847866,0.984612275003837
"2325",31,"krt222",0.015920467925513,0.336915092778959,0.984612275003837
"2326",31,"rims1b",0.00254952691368885,0.916312844759996,0.996208074900292
"2327",31,"LOC111569979",0.0933955459376656,0.154425121474955,0.984612275003837
"2328",31,"LOC111583465",-0.00323815857375695,0.916553991522075,0.996208074900292
"2329",31,"LOC111583463",-0.00239647704920172,0.910838046034579,0.996208074900292
"2330",31,"LOC111583469",0.00363598865519542,0.719309264449339,0.993489446331016
"2331",31,"LOC111583468",0.00358580531345942,0.719309264449339,0.993489446331016
"2332",31,"dtd1",-0.0148694426801656,0.240330105077078,0.984612275003837
"2333",31,"slkb",0.0140942268869136,0.52526619223948,0.986325493757255
"2334",31,"sh3pxd2aa",0.0138012458056026,0.802301694467818,0.996208074900292
"2335",31,"LOC111586193",0.0063578934938849,0.524188473119959,0.98487850369265
"2336",31,"neurl1aa",-0.0177970706682178,0.16774502911492,0.984612275003837
"2337",31,"LOC111576870",-0.0161984077091706,0.012248839713383,0.285431162031599
"2338",31,"sorcs3a",0.00208505532812227,0.942557031539404,0.996208074900292
"2339",31,"LOC111562803",0.0166090659788854,0.406894858521026,0.98487850369265
"2340",31,"LOC111579842",0.00603025919632242,0.794114935627175,0.996208074900292
"2341",31,"LOC111579991",0.000880370660351084,0.96473932918963,0.996208074900292
"2342",31,"LOC111563101",0.0123403431539381,0.730530200777966,0.996208074900292
"2343",31,"trip10b",0.00697683070151568,0.524188473119959,0.98487850369265
"2344",31,"LOC111566258",0.00363598865519542,0.719309264449339,0.993489446331016
"2345",31,"ubl5",-0.00956851495056429,0.7274142910744,0.996208074900292
"2346",31,"pin1",-0.00391052456348726,0.730702498302087,0.996208074900292
"2347",31,"si:ch211-14k19.8",0.00273098769900186,0.829547845400572,0.996208074900292
"2348",31,"LOC111566270",-0.04517636446834,0.0203906734363448,0.436646357542563
"2349",31,"LOC111566272",-0.0144961067128289,0.223306593224184,0.984612275003837
"2350",31,"fscn1b",-0.00405579274054569,0.838239494645477,0.996208074900292
"2351",31,"iqce",-0.0122484588477704,0.173971222420312,0.984612275003837
"2352",31,"ttyh3b",0.0394723080699538,0.527704620863392,0.98796110998566
"2353",31,"mad1l1",-0.0372321878186417,0.035661093240076,0.629432337725577
"2354",31,"LOC111587662",0.0179596460104447,0.594868527753589,0.993489446331016
"2355",31,"parn",0.00960994240855482,0.472970847166919,0.98487850369265
"2356",31,"LOC111587653",0.0143460090316748,0.181077763522767,0.984612275003837
"2357",31,"LOC111587652",0.0269295215442879,0.274375922444949,0.984612275003837
"2358",31,"LOC111587660",-0.0124974138066096,0.602489381207662,0.993489446331016
"2359",31,"LOC111587657",0.00363598865519542,0.719309264449339,0.993489446331016
"2360",31,"cdc37",-0.0177156297231558,0.134268705353365,0.984612275003837
"2361",31,"LOC111587651",-0.00886064165644181,0.608178715286642,0.993489446331016
"2362",31,"LOC129348705",0.0063860785295063,0.340841700847866,0.984612275003837
"2363",31,"txndc11",0.00599124378204718,0.524188473119959,0.98487850369265
"2364",31,"LOC111588118",-0.000275070387852672,0.984586005470545,0.996956250321918
"2365",31,"LOC111588121",-0.00159411388760372,0.895106088567285,0.996208074900292
"2366",31,"gaa2",0.0098643007698288,0.524188473119959,0.98487850369265
"2367",31,"LOC111578003",0.000694828358437803,0.960325702127436,0.996208074900292
"2368",31,"soul5l",0.0256934719053079,0.664927787259459,0.993489446331016
"2369",31,"LOC111578000",0.0264987910566972,0.190167150514924,0.984612275003837
"2370",31,"LOC111570904",0.0337923950883861,0.0506400801605331,0.771449297172397
"2371",31,"akap8l",-0.0396619470584942,0.221444743390985,0.984612275003837
"2372",31,"LOC111572741",-0.0116129496963638,0.218608339719704,0.984612275003837
"2373",31,"LOC111572771",0.031690405896628,0.353539313257577,0.98487850369265
"2374",31,"LOC118470737",0.00997188384296572,0.338924166149182,0.984612275003837
"2375",31,"LOC111588203",-0.0099576387089261,0.320027262041363,0.984612275003837
"2376",31,"LOC111588207",-0.000293977023095923,0.976863081188404,0.996208074900292
"2377",31,"LOC111588208",0.00827790984516536,0.492817788233763,0.98487850369265
"2378",31,"cbx6a",0.018471725726078,0.527016147309657,0.987443196251968
"2379",31,"nptxrb",-0.0106129048758966,0.710925944863407,0.993489446331016
"2380",31,"LOC111588210",-0.000321088283375322,0.976863081188404,0.996208074900292
"2381",31,"baiap2l2b",-0.0178701195461806,0.012248839713383,0.285431162031599
"2382",31,"pvalb7",0.00609352693005416,0.524188473119959,0.98487850369265
"2383",31,"LOC111580779",-0.00422319840121535,0.830369777951728,0.996208074900292
"2384",31,"sun2",0.00659712009310489,0.765853301824054,0.996208074900292
"2385",31,"atf4a",0.0348735172737213,0.0591826637318216,0.822465902153928
"2386",31,"mgat3b",0.0262378764148862,0.312646872695865,0.984612275003837
"2387",31,"tab1",0.0257801506712599,0.234181490060732,0.984612275003837
"2388",31,"LOC129347222",-0.0610904542676473,0.0605618056198195,0.827291033743796
"2389",31,"LOC111577598",0.0232552904571304,0.494969274171559,0.98487850369265
"2390",31,"LOC111577595",-0.0181597056006543,0.012248839713383,0.285431162031599
"2391",31,"rac2",0.00681800824146669,0.719309264449339,0.993489446331016
"2392",31,"cyth4b",0.00363598865519542,0.719309264449339,0.993489446331016
"2393",31,"grap2b",-0.000425992009327024,0.976863081188404,0.996208074900292
"2394",31,"LOC111587353",0.0545065037145144,0.406517675006769,0.98487850369265
"2395",31,"LOC129348660",0.0269891029023756,0.352832622842368,0.98487850369265
"2396",31,"gtpbp1l",0.00697683070151568,0.524188473119959,0.98487850369265
"2397",31,"elfn2a",0.0046483905162463,0.902096641478555,0.996208074900292
"2398",31,"LOC111569834",-0.0162063699011203,0.0122488397133829,0.285431162031599
"2399",31,"man2b1",-0.00981232917966435,0.325082977228092,0.984612275003837
"2400",31,"trmt1",0.0147709953731965,0.503718860008425,0.98487850369265
"2401",31,"nacc1b",0.022982491816616,0.387711801317675,0.98487850369265
"2402",31,"LOC129348763",-0.0139194646089928,0.249332917529811,0.984612275003837
"2403",31,"LOC111588704",0.0286446451853797,0.159187650857332,0.984612275003837
"2404",31,"LOC111588702",-0.000740265873200457,0.977875600341649,0.996452700582568
"2405",31,"cacna1ab",0.0194144755966406,0.819762058536639,0.996208074900292
"2406",31,"LOC118469608",-0.0161984077091706,0.012248839713383,0.285431162031599
"2407",31,"LOC111568332",-0.0353168577342456,0.0471365720608661,0.738242747038742
"2408",31,"wdr83os",-0.00857969993970104,0.585330857797325,0.993489446331016
"2409",31,"yju2b",-0.00329313003393482,0.659899478706812,0.993489446331016
"2410",31,"LOC111568333",0.00626431327642107,0.340841700847866,0.984612275003837
"2411",31,"nol8",-0.0285809681596106,0.0310437317744824,0.576263310378128
"2412",31,"LOC118469874",-0.0073269721149494,0.631484014500501,0.993489446331016
"2413",31,"arfrp1",-6.67359491634748e-05,0.996860770038133,0.999816729949705
"2414",31,"cntn2",-0.0385666422638243,0.166658851301045,0.984612275003837
"2415",31,"nfasca",-0.0572108778259268,0.397836721537929,0.98487850369265
"2416",31,"zc3h11a",-0.0736537897093872,0.037387007176702,0.648058298723725
"2417",31,"slmapa",-0.0652159885217619,0.0162421229678757,0.363591119212812
"2418",31,"dennd6aa",-0.0249785690961098,0.0370788024818059,0.644457722810467
"2419",31,"LOC111575773",0.00363598865519542,0.719309264449339,0.993489446331016
"2420",31,"appl1",0.0212573156284373,0.450621536330873,0.98487850369265
"2421",31,"LOC111567354",-0.000418266595330516,0.976863081188404,0.996208074900292
"2422",31,"kiss1",-0.0335407625853151,0.0763991558267176,0.916387702187844
"2423",31,"plekha6",-0.0238642795233578,0.736148984697279,0.996208074900292
"2424",31,"LOC111568421",0.00319752899397686,0.883661037809453,0.996208074900292
"2425",31,"etnk2",0.00507860182149053,0.787087410481726,0.996208074900292
"2426",31,"LOC111568402",0.00859119197314954,0.269243871833069,0.984612275003837
"2427",31,"LOC111568409",0.00918194414515892,0.411527191106307,0.98487850369265
"2428",31,"LOC111568408",-0.0182901469167399,0.653757221862672,0.993489446331016
"2429",31,"rbpjl",-0.00159411388760372,0.895106088567285,0.996208074900292
"2430",31,"si:dkey-43k4.5",0.00203314678452124,0.921303974026337,0.996208074900292
"2431",31,"LOC111568406",0.016756904038514,0.374048923424049,0.98487850369265
"2432",31,"LOC111568420",-0.0344556370697224,0.398444267526161,0.98487850369265
"2433",31,"sec13",-0.0103034701395851,0.283601633025845,0.984612275003837
"2434",31,"tmem74b",-0.0236299478298134,0.40034546600932,0.98487850369265
"2435",31,"psmf1",-0.00831187533286314,0.223037515301177,0.984612275003837
"2436",31,"pigu",0.00803921022558703,0.340841700847865,0.984612275003837
"2437",31,"rps23",-0.0196973481499126,0.359663345036318,0.98487850369265
"2438",31,"ip6k1",-0.00788033646642863,0.358548997532411,0.98487850369265
"2439",31,"ccdc66",-0.0130482631056272,0.395592096104228,0.98487850369265
"2440",31,"tasora",0.00221572646629266,0.871473196729852,0.996208074900292
"2441",31,"sypl2a",-0.00182955925141156,0.816671656536645,0.996208074900292
"2442",31,"atxn7l2a",0.0120908842126067,0.604119767839712,0.993489446331016
"2443",31,"LOC111585229",-0.0010293730909604,0.926076202573652,0.996208074900292
"2444",31,"zbtb40",-0.0161984077091706,0.012248839713383,0.285431162031599
"2445",31,"usp48",0.0301081599980037,0.0787264550294795,0.925595085850718
"2446",31,"ldlrad2",0.00892298465925429,0.340841700847866,0.984612275003837
"2447",31,"nampt2",0.0206498590423746,0.636037251048462,0.993489446331016
"2448",31,"cadpsa",-0.0234413648848089,0.668196819104818,0.993489446331016
"2449",31,"LOC111578637",0.0521591395754637,0.447581649530271,0.98487850369265
"2450",31,"fhit",0.0832832923385154,0.065727504441802,0.866481705524146
"2451",31,"raly",0.0267058259090521,0.631360572443104,0.993489446331016
"2452",31,"LOC118471726",0.0186000867349666,0.41252728185786,0.98487850369265
"2453",31,"LOC111582701",0.0565019407798062,0.158643404307405,0.984612275003837
"2454",31,"ergic3",0.032198034214899,0.0208208398188945,0.441436218771834
"2455",31,"romo1",0.0204984952840844,0.570239087178037,0.993489446331016
"2456",31,"LOC129349029",0.0209776075192239,0.500526025909162,0.98487850369265
"2457",31,"mtss1",0.00331374865969865,0.944418816420128,0.996208074900292
"2458",31,"osgn1",0.00557236659068894,0.757718651747682,0.996208074900292
"2459",31,"tma7",0.00400930798902416,0.813596860391511,0.996208074900292
"2460",31,"dnase1l4.1",0.0063860785295063,0.340841700847866,0.984612275003837
"2461",31,"LOC111569788",-0.000267891541848369,0.976863081188404,0.996208074900292
"2462",31,"nav1b",0.0371825896997309,0.564500295647077,0.993489446331016
"2463",31,"mybphb",-0.0178701195461806,0.012248839713383,0.285431162031599
"2464",31,"LOC111569776",-0.00780906150168224,0.760784573318112,0.996208074900292
"2465",31,"LOC111569772",0.0529236180010651,0.130881310954405,0.984612275003837
"2466",31,"nudt3b",0.0326665987018359,0.3938816751349,0.98487850369265
"2467",31,"rps10",0.0271592401010719,0.456234802285109,0.98487850369265
"2468",31,"pacsin1b",0.0322652551030473,0.102401254508137,0.984612275003837
"2469",31,"ilrun",-0.00376996992743379,0.685802667155123,0.993489446331016
"2470",31,"snrpc",0.00815190899562709,0.340841700847866,0.984612275003837
"2471",31,"anks1ab",0.0234521943754649,0.223698069047507,0.984612275003837
"2472",31,"LOC111580043",0.00892298465925429,0.340841700847866,0.984612275003837
"2473",31,"phc2b",0.0180032714903486,0.509556974222709,0.98487850369265
"2474",31,"rap1gapb",-0.00575232740719676,0.650431451081848,0.993489446331016
"2475",31,"lrig2",0.0072211306789028,0.622115769579812,0.993489446331016
"2476",31,"LOC111565011",0.00280380933853794,0.868369233420999,0.996208074900292
"2477",31,"im:7151449",0.00956064802822221,0.574167466250129,0.993489446331016
"2478",31,"LOC118469937",0.0137304299940314,0.220370531565735,0.984612275003837
"2479",31,"LOC111565004",0.00701664773737923,0.812121867339511,0.996208074900292
"2480",31,"phtf1",0.00168619059292986,0.919638239358907,0.996208074900292
"2481",31,"pfkfb2b",0.0285628067202501,0.198349079789554,0.984612275003837
"2482",31,"yod1",0.000302882159570333,0.98448696704811,0.996956250321918
"2483",31,"hp1bp3",-0.00798671011608817,0.721594344426554,0.994503345271236
"2484",31,"eif4g3a",-0.0117110673127941,0.767585443393258,0.996208074900292
"2485",31,"ece1",-0.000310864050245439,0.976863081188404,0.996208074900292
"2486",31,"ephb2b",-0.0184582805567965,0.625265994821039,0.993489446331016
"2487",31,"LOC129348927",0.00697683070151568,0.524188473119959,0.98487850369265
"2488",31,"lrrc38b",0.0263711295975484,0.44967673941919,0.98487850369265
"2489",31,"klhdc7a",0.00298333849782732,0.719309264449339,0.993489446331016
"2490",31,"igsf21a",0.00990377610849675,0.828783501746933,0.996208074900292
"2491",31,"arhgef10la",-0.033636932289615,0.151422007083653,0.984612275003837
"2492",31,"chd5",0.0282027969768989,0.46726124989495,0.98487850369265
"2493",31,"rpl22",0.0137968832264624,0.317194099785169,0.984612275003837
"2494",31,"zpr1",0.002662250214452,0.830490390321412,0.996208074900292
"2495",31,"agtrap",0.00363598865519542,0.719309264449339,0.993489446331016
"2496",31,"draxina",0.00727234656638726,0.704956203782173,0.993489446331016
"2497",31,"pank4",-0.00454273334835914,0.817960856064968,0.996208074900292
"2498",31,"LOC111575996",0.0153865493062151,0.693955259298555,0.993489446331016
"2499",31,"cept1b",-0.0206348236166007,0.216495892919069,0.984612275003837
"2500",31,"dram2b",0.00778593012270604,0.818611919837434,0.996208074900292
"2501",31,"c5h6orf89",0.0122940087006238,0.208351571984104,0.984612275003837
"2502",31,"nfs1",0.00259939033214951,0.947359246594621,0.996208074900292
"2503",31,"LOC111582809",0.0264353675935135,0.461067413965119,0.98487850369265
"2504",31,"unm-sa1614",0.0145075860439704,0.654975264632595,0.993489446331016
"2505",31,"st3gal8",0.00607521447926086,0.594068217382414,0.993489446331016
"2506",31,"LOC111582422",0.00672759086734717,0.340841700847865,0.984612275003837
"2507",31,"atrip",0.0302471707929704,0.171651129197481,0.984612275003837
"2508",31,"LOC111582418",0.0555788226273225,0.0489405572124141,0.754519864619755
"2509",31,"chd6",0.0220662696760841,0.324592744423297,0.984612275003837
"2510",31,"blcap",0.00500458340296646,0.784360175151342,0.996208074900292
"2511",31,"podxl2",0.00855050997570825,0.823623885230726,0.996208074900292
"2512",31,"pmepa1",0.02019086177728,0.214254608368962,0.984612275003837
"2513",31,"ccndbp1",-0.0184887766123322,0.116342169235046,0.984612275003837
"2514",31,"tomm34",0.0103325989086462,0.546610152472944,0.993489446331016
"2515",31,"ywhaba",0.0513727107363108,0.554153360409343,0.993489446331016
"2516",31,"rims4",-0.0205965884420928,0.296398020800426,0.984612275003837
"2517",31,"lsm3",-0.00407963898790127,0.622593629358508,0.993489446331016
"2518",31,"LOC111577384",0.00817597566692098,0.910060632280642,0.996208074900292
"2519",31,"LOC111577385",0.0347785224578077,0.0275021991201635,0.536249706260672
"2520",31,"zgc:171566",0.0295175670856377,0.404926488364118,0.98487850369265
"2521",31,"ptprt",0.0674436562225187,0.0984076115264483,0.980844755541041
"2522",31,"ahcy",-0.013997062558399,0.143211129468922,0.984612275003837
"2523",31,"LOC111579631",0.00945798831509406,0.40367825793891,0.98487850369265
"2524",31,"LOC129348855",0.0140468465652127,0.340841700847865,0.984612275003837
"2525",31,"p3h1",0.00697683070151568,0.524188473119959,0.98487850369265
"2526",31,"cldn19",-0.00159411388760372,0.895106088567285,0.996208074900292
"2527",31,"epha8",0.0374711529885224,0.519924386837205,0.98487850369265
"2528",31,"nucks1a",-0.0223260382322263,0.559634919039643,0.993489446331016
"2529",31,"si:ch211-117k10.3",-0.00837592136673785,0.789844634934902,0.996208074900292
"2530",31,"elk4",0.00618980061484393,0.417044296918588,0.98487850369265
"2531",31,"cdk18",-0.00738866684864933,0.696391554419023,0.993489446331016
"2532",31,"klhdc8a",0.0158224229559535,0.340841700847866,0.984612275003837
"2533",31,"tp53rk",-0.0339916353817327,0.012248839713383,0.285431162031599
"2534",31,"LOC118471764",-0.0181597056006543,0.012248839713383,0.285431162031599
"2535",31,"csnk2a4",-0.0201860737318995,0.526704925403238,0.987148462616501
"2536",31,"LOC111583114",-0.00978275444649051,0.311992044125639,0.984612275003837
"2537",31,"ube2v1",-0.00879575951282097,0.409344226573414,0.98487850369265
"2538",31,"plxnb1b",-0.0480953651723397,0.012248839713383,0.285431162031599
"2539",31,"si:dkey-19e4.5",0.0343126067686734,0.143818296967675,0.984612275003837
"2540",31,"setd5",0.0152080619292392,0.458729699956383,0.98487850369265
"2541",31,"lhfpl4a",-0.028990728466663,0.294953491318307,0.984612275003837
"2542",31,"mtmr14",-0.0186579140409559,0.0813501292547093,0.932509479848218
"2543",31,"LOC111580325",0.019039597608994,0.303926995508037,0.984612275003837
"2544",31,"si:dkey-156n14.3",-0.00865824734770497,0.650540119181374,0.993489446331016
"2545",31,"LOC118471461",-0.00037492175215017,0.976863081188404,0.996208074900292
"2546",31,"fam217bb",0.0196708109545081,0.340841700847866,0.984612275003837
"2547",31,"cstf1",-0.0161984077091706,0.012248839713383,0.285431162031599
"2548",31,"LOC111588453",-0.0145285650741797,0.291238855240042,0.984612275003837
"2549",31,"phf2",0.000540550312371629,0.968707676424648,0.996208074900292
"2550",31,"ptpdc1a",-0.0069550087635748,0.658918112884582,0.993489446331016
"2551",31,"wnt7aa",-0.000418266595330516,0.976863081188404,0.996208074900292
"2552",31,"hdac11",-0.0288562167973354,0.658340956607265,0.993489446331016
"2553",31,"iqsec1b",0.0208031589465386,0.819248351882328,0.996208074900292
"2554",31,"acad9",0.0195808143616364,0.199414553771897,0.984612275003837
"2555",31,"efcc1",0.0121181026133286,0.57461876991633,0.993489446331016
"2556",31,"nuf2",-0.000418266595330516,0.976863081188404,0.996208074900292
"2557",31,"snrpe",-0.00121563792128158,0.95989348574349,0.996208074900292
"2558",31,"LOC111573839",0.0220962540973917,0.387360396828383,0.98487850369265
"2559",31,"phactr3b",-0.017506802876157,0.680495860719865,0.993489446331016
"2560",31,"LOC111588672",-0.0145078085867072,0.269418407295802,0.984612275003837
"2561",31,"txnrd3",-0.0508826225092481,0.0175692970222502,0.386554670504979
"2562",31,"LOC111588666",0.00363598865519542,0.719309264449339,0.993489446331016
"2563",31,"acot8",0.0063860785295063,0.340841700847866,0.984612275003837
"2564",31,"LOC111562661",0.0054474170910143,0.817468974941244,0.996208074900292
"2565",31,"ift52",0.0098251305561585,0.171972375846986,0.984612275003837
"2566",31,"rpn2",-0.0218950226410138,0.379380472977054,0.98487850369265
"2567",31,"LOC111562660",0.00363598865519542,0.719309264449339,0.993489446331016
"2568",31,"LOC111562651",0.0688855411063844,0.233311078853121,0.984612275003837
"2569",31,"LOC129348904",-0.00037492175215017,0.976863081188404,0.996208074900292
"2570",31,"cntn4",0.0150269011687025,0.645516371328947,0.993489446331016
"2571",31,"LOC111562655",-0.00839084554044265,0.725854828328883,0.996208074900292
"2572",31,"chl1b",-0.0358702909584689,0.102309721434473,0.984612275003837
"2573",31,"cntn3b",0.00901380246083617,0.694012984140205,0.993489446331016
"2574",31,"pdzrn3b",0.0157561211282813,0.317467385133781,0.984612275003837
"2575",31,"ppp4r2b",0.00116700614132943,0.926032431842534,0.996208074900292
"2576",31,"gxylt2",-0.000658253545485174,0.951332733857846,0.996208074900292
"2577",31,"shq1",-0.0239082599426475,0.0761549090756026,0.916387702187844
"2578",31,"rybpb",-0.0178701195461806,0.012248839713383,0.285431162031599
"2579",31,"LOC111566146",-0.0112894491873234,0.411060468683776,0.98487850369265
"2580",31,"trnt1",0.00412148679313237,0.719309264449339,0.993489446331016
"2581",31,"lrrn1",-0.0101264894202866,0.630649102634681,0.993489446331016
"2582",31,"setmar",-0.0260306905313629,0.0357726806113624,0.629432337725577
"2583",31,"itpr1b",0.0372470072598729,0.279185980012074,0.984612275003837
"2584",31,"bhlhe40",-0.0125891485150498,0.55363522959757,0.993489446331016
"2585",31,"LOC111569668",-0.012616806538668,0.202522109749414,0.984612275003837
"2586",31,"arl8bb",0.00284489229259146,0.892904890765827,0.996208074900292
"2587",31,"sema3fb",0.00626431327642107,0.340841700847866,0.984612275003837
"2588",31,"LOC111573972",-0.0836659211906024,0.384937388414095,0.98487850369265
"2589",31,"ccdc120b",0.00710685452924975,0.242200783754957,0.984612275003837
"2590",31,"mbd1b",-0.002220865870776,0.819514888928681,0.996208074900292
"2591",31,"tfe3b",-0.000267891541848369,0.976863081188404,0.996208074900292
"2592",31,"hcfc1a",0.0208866091118222,0.351985848093576,0.98487850369265
"2593",31,"LOC111573969",-0.00627352424902149,0.608302625241243,0.993489446331016
"2594",31,"zhx3a",-0.0562886868375726,0.102984791105616,0.984612275003837
"2595",31,"top1a",0.0142670290494272,0.485974909628752,0.98487850369265
"2596",31,"LOC111572310",0.00657282575084588,0.806150161184993,0.996208074900292
"2597",31,"LOC111572316",0.00298333849782732,0.719309264449339,0.993489446331016
"2598",31,"tada3l",-0.00408190847151272,0.895106088567285,0.996208074900292
"2599",31,"rae1",-0.0106095039100735,0.445536133386048,0.98487850369265
"2600",31,"cdh4",0.0218233344760566,0.721262281711426,0.994439995324892
"2601",31,"LOC111579936",-0.0174544283564852,0.66779195530299,0.993489446331016
"2602",31,"zmynd8",0.0310381015769538,0.0168806320945836,0.373323910133144
"2603",31,"LOC111579940",0.0111154039076822,0.440099391093423,0.98487850369265
"2604",31,"phf20a",-0.00237167917147924,0.874762642356321,0.996208074900292
"2605",31,"ndrg3a",-0.00825235846363473,0.697486554465692,0.993489446331016
"2606",31,"trpc4apa",-0.0285343522917939,0.0332895301124682,0.600569342830703
"2607",31,"si:dkey-202e22.2",-0.000186541618705247,0.983566169538105,0.996956250321918
"2608",31,"chchd4a",0.0015774151374397,0.844700501395373,0.996208074900292
"2609",31,"LOC111565099",-0.00669844996920244,0.706924501100072,0.993489446331016
"2610",31,"LOC111565100",0.0320241721215824,0.0946204972702181,0.972275180017018
"2611",31,"LOC111588774",-0.000174290141165272,0.994202767044958,0.999475554994201
"2612",31,"rab7a",0.0163542032434313,0.703590573354097,0.993489446331016
"2613",31,"rpn1",0.0303050511173744,0.26140313947472,0.984612275003837
"2614",31,"gata2a",-0.00171647917508942,0.943770318613067,0.996208074900292
"2615",31,"LOC111588769",-0.0100777282885541,0.220506370020659,0.984612275003837
"2616",31,"sfmbt1",-0.0373580868128587,0.0140942654088346,0.320544578721846
"2617",31,"tmf1",-0.0410858274422623,0.120615312799754,0.984612275003837
"2618",31,"LOC111588780",0.00774369976532896,0.798946551140813,0.996208074900292
"2619",31,"suclg2",0.0279641917594316,0.369003457203822,0.98487850369265
"2620",31,"slc25a26",-0.0249897259054728,0.222719988248333,0.984612275003837
"2621",31,"magi1b",-0.00285611673771161,0.971761672511223,0.996208074900292
"2622",31,"psmd6",0.00103295887682052,0.942852714050118,0.996208074900292
"2623",31,"LOC111574773",-0.000630433155706956,0.981234510378691,0.99678337426189
"2624",31,"thoc7",-0.00210816710073593,0.830328659109785,0.996208074900292
"2625",31,"synpra",-0.0131770371821543,0.677229480008445,0.993489446331016
"2626",31,"lyar",0.00774523320249111,0.510295935700681,0.98487850369265
"2627",31,"tmem128",0.0095378788818363,0.35262098944923,0.98487850369265
"2628",31,"drd5a",0.00987962474078627,0.173575973012865,0.984612275003837
"2629",31,"wdr1",0.00592392585122254,0.807716807751142,0.996208074900292
"2630",31,"idh3b",-0.0151461237016638,0.293844114543557,0.984612275003837
"2631",31,"ptpra",-0.00535262168889985,0.680932573399344,0.993489446331016
"2632",31,"zmat1",-0.0265678221056134,0.14796629456652,0.984612275003837
"2633",31,"cast",0.00699522434583068,0.237860114067142,0.984612275003837
"2634",31,"pcsk1",0.0125079563787387,0.397123302002486,0.98487850369265
"2635",31,"ell2",0.00469908693161698,0.751908468374408,0.996208074900292
"2636",31,"glrx",0.0190688051066173,0.354972322665494,0.98487850369265
"2637",31,"rhobtb3",-0.0278811553689417,0.27728208867079,0.984612275003837
"2638",31,"nudt2",-0.00159411388760372,0.895106088567285,0.996208074900292
"2639",31,"ubap1",0.00204948508847026,0.850840029230218,0.996208074900292
"2640",31,"dcaf12",0.0175038029425972,0.119403902343026,0.984612275003837
"2641",31,"ubap2a",0.00104429863751136,0.953869954503682,0.996208074900292
"2642",31,"nop56",0.0232149209152797,0.455589157720903,0.98487850369265
"2643",31,"LOC111581212",-0.00153565675829535,0.895106088567285,0.996208074900292
"2644",31,"tpgs2",-0.00037492175215017,0.976863081188404,0.996208074900292
"2645",31,"kiaa1328",0.0183844741764309,0.0857204667619318,0.954458704127864
"2646",31,"celf4",0.0117115577955876,0.860308620553521,0.996208074900292
"2647",31,"fam219aa",0.0028550931322512,0.927388014715235,0.996208074900292
"2648",31,"LOC111577856",0.0166375110946205,0.297105154374293,0.984612275003837
"2649",31,"cita",0.0363158194330527,0.251083466580958,0.984612275003837
"2650",31,"LOC111577864",-0.0161037949809778,0.390509643645128,0.98487850369265
"2651",31,"rplp0",0.0157176152177969,0.443973076149515,0.98487850369265
"2652",31,"golga7",0.00982814374636637,0.432172972815831,0.98487850369265
"2653",31,"r3hcc1",-0.00498049303610001,0.639876841100454,0.993489446331016
"2654",31,"tacc1",0.0167050817784057,0.584877544778902,0.993489446331016
"2655",31,"LOC111583169",-0.0122245952305114,0.617846104076337,0.993489446331016
"2656",31,"stx18",0.00358580531345942,0.719309264449339,0.993489446331016
"2657",31,"LOC129348852",0.00514173683298463,0.719309264449339,0.993489446331016
"2658",31,"LOC111577037",-0.00712660192118743,0.80205122421499,0.996208074900292
"2659",31,"LOC111565892",0.00784090946077783,0.829618985313421,0.996208074900292
"2660",31,"tpra1",-0.0134871806285907,0.500178220145704,0.98487850369265
"2661",31,"LOC111565884",0.00080422442020369,0.9378814160175,0.996208074900292
"2662",31,"LOC111565900",0.0309269500201488,0.0997719953686376,0.984612275003837
"2663",31,"dlgap4b",-0.0296220495949348,0.705234327906542,0.993489446331016
"2664",31,"vstm2l",-0.0130391185248786,0.679839324776354,0.993489446331016
"2665",31,"LOC111565896",-0.0124637045969499,0.561141305156032,0.993489446331016
"2666",31,"eif4ba",6.67550819698456e-05,0.998283451699302,0.999816729949705
"2667",31,"LOC111565890",0.0135592260430224,0.43555495706108,0.98487850369265
"2668",31,"LOC111565886",0.0112304766336727,0.339633497923763,0.984612275003837
"2669",31,"LOC118469743",0.0135951194019423,0.340841700847865,0.984612275003837
"2670",31,"LOC111563302",0.00363598865519542,0.719309264449339,0.993489446331016
"2671",31,"LOC111563310",-0.00446740732351428,0.829632761694112,0.996208074900292
"2672",31,"LOC111563283",-0.0010293730909604,0.926076202573652,0.996208074900292
"2673",31,"LOC111563282",0.0123414674297006,0.753027820248314,0.996208074900292
"2674",31,"hipk1b",0.0179035109954158,0.236209666975094,0.984612275003837
"2675",31,"ube2j2",-0.00964061260114727,0.474000726725572,0.98487850369265
"2676",31,"LOC111587883",-0.0201509775944843,0.41097596558329,0.98487850369265
"2677",31,"pusl1",0.0213811561898645,0.262516722814551,0.984612275003837
"2678",31,"ddx19b",0.00123637006871723,0.953989712796456,0.996208074900292
"2679",31,"camk2n1",-0.023666522019386,0.500621894018616,0.98487850369265
"2680",31,"LOC111587885",-0.00641529739198389,0.394385900909105,0.98487850369265
"2681",31,"b3galt6",-0.0242522452745239,0.120560506058182,0.984612275003837
"2682",31,"mapk14b",-0.0320139644550411,0.0443102336871658,0.713602176724185
"2683",31,"srpk1b",-0.0171853282363944,0.658846491019975,0.993489446331016
"2684",31,"lhfpl5a",-0.016121515835552,0.012248839713383,0.285431162031599
"2685",31,"LOC118469475",-0.0227535780787125,0.235574991844814,0.984612275003837
"2686",31,"LOC118469476",-0.000321088283375322,0.976863081188404,0.996208074900292
"2687",31,"kif21b",-0.0318569769968117,0.294797787805844,0.984612275003837
"2688",31,"cpne5b",-0.00367239369583741,0.668377365341653,0.993489446331016
"2689",31,"LOC111587437",-0.000293977023095923,0.976863081188404,0.996208074900292
"2690",31,"LOC111587440",-0.0120769209160383,0.336771606687086,0.984612275003837
"2691",31,"spcs1",-0.00177884605166857,0.935659944983937,0.996208074900292
"2692",31,"nek4",0.00618980061484393,0.417044296918588,0.98487850369265
"2693",31,"camk1b",0.00572335224019881,0.626785624666089,0.993489446331016
"2694",31,"vamp3",-0.0199106994981765,0.182227978058242,0.984612275003837
"2695",31,"per3",0.020797910308269,0.546047138431325,0.993489446331016
"2696",31,"LOC111587441",-0.000385819212686507,0.976863081188404,0.996208074900292
"2697",31,"ppfia4",0.0111732548289148,0.698787644823372,0.993489446331016
"2698",31,"tmem183a",0.0273315343160553,0.24303646095885,0.984612275003837
"2699",31,"foxp4",0.0161185500157381,0.418766106028468,0.98487850369265
"2700",31,"LOC129348940",0.00943634442644715,0.340841700847866,0.984612275003837
"2701",31,"fam72a",0.00239042828007559,0.918005176399831,0.996208074900292
"2702",31,"srgap2",0.0343526169004721,0.17601068349444,0.984612275003837
"2703",31,"rassf5",-0.0051372731452156,0.865490459376045,0.996208074900292
"2704",31,"dyrk3",-0.0205974751376341,0.0508854706472867,0.771664516782755
"2705",31,"mapkapk2a",-0.0275651857680203,0.0767275393943758,0.916387702187844
"2706",31,"LOC129349011",0.00948006085193396,0.317271612749021,0.984612275003837
"2707",31,"lrrn2",0.0117087047813057,0.786127883837871,0.996208074900292
"2708",31,"elmo2",-0.029389057761022,0.459465627228134,0.98487850369265
"2709",31,"arfgap1",-0.000841531565582219,0.962196356741762,0.996208074900292
"2710",31,"LOC111579756",-0.01285765864949,0.428772678186872,0.98487850369265
"2711",31,"sys1",-0.0031322130916522,0.895106088567285,0.996208074900292
"2712",31,"inpp1",-0.0101375277784372,0.275379073966232,0.984612275003837
"2713",31,"dnajc14",-0.00270425225157745,0.869093771038515,0.996208074900292
"2714",31,"LOC111579757",-0.0207257936137706,0.012248839713383,0.285431162031599
"2715",31,"stx16",0.0120966929690975,0.296810437926285,0.984612275003837
"2716",31,"LOC111579765",-0.0118315563178874,0.246119568295637,0.984612275003837
"2717",31,"cnpy2",0.00476377960628118,0.735655619982395,0.996208074900292
"2718",31,"LOC111579732",0.00708648783676106,0.407575238194263,0.98487850369265
"2719",31,"LOC111579727",0.0128461706263425,0.251343650897272,0.984612275003837
"2720",31,"npepl1",0.00412148679313237,0.719309264449339,0.993489446331016
"2721",31,"ctsz",-0.0232202752560533,0.012248839713383,0.285431162031599
"2722",31,"nelfcd",-0.0203295835957858,0.012248839713383,0.285431162031599
"2723",31,"kdm5ba",-0.0346392479753088,0.0882514701436564,0.963905736748171
"2724",31,"adipor1a",0.0130210744982877,0.307620959910914,0.984612275003837
"2725",31,"gdf11",0.00385392759760038,0.713971853566623,0.993489446331016
"2726",31,"si:ch1073-456m8.1",-0.00479182810489139,0.750207354142341,0.996208074900292
"2727",31,"cdk2",-0.000385819212686507,0.976863081188404,0.996208074900292
"2728",31,"LOC111587636",-0.0175646925117206,0.428750055312125,0.98487850369265
"2729",31,"LOC111587635",-0.0205471927496966,0.41933760996953,0.98487850369265
"2730",31,"LOC111587649",0.00086163457132161,0.952646625790331,0.996208074900292
"2731",31,"znf740a",-0.039248139131444,0.141525624681223,0.984612275003837
"2732",31,"faim2b",-0.000267891541848369,0.976863081188404,0.996208074900292
"2733",31,"LOC111583687",0.0220680573195313,0.465919599576481,0.98487850369265
"2734",31,"LOC111587369",0.00529980905575429,0.897443424000387,0.996208074900292
"2735",31,"LOC111587370",0.00670797267150849,0.486466981638439,0.98487850369265
"2736",31,"LOC129348989",0.0063578934938849,0.524188473119959,0.98487850369265
"2737",31,"esyt1b",0.0195099047879564,0.254041867637827,0.984612275003837
"2738",31,"zc3h10",0.00986947872235431,0.304325838042764,0.984612275003837
"2739",31,"LOC111575103",0.0271577947041593,0.51931655750271,0.98487850369265
"2740",31,"LOC111575102",-0.0384356674139373,0.272336033593575,0.984612275003837
"2741",31,"LOC111575104",-0.045435159495157,0.0330354564548972,0.596976667749201
"2742",31,"LOC118469614",-0.0123006560483589,0.403060019743892,0.98487850369265
"2743",31,"slc4a8",-0.00941366964662458,0.691131274997828,0.993489446331016
"2744",31,"si:dkey-195m11.8",-0.00154562586557134,0.931446728666386,0.996208074900292
"2745",31,"scn8ab",-0.067568992664047,0.208636847176585,0.984612275003837
"2746",31,"LOC111588757",-0.0128643582690208,0.29886961624254,0.984612275003837
"2747",31,"atf1",0.00480762255953762,0.618826755639005,0.993489446331016
"2748",31,"dip2bb",-0.0388306834601347,0.0957132075038043,0.974963766271218
"2749",31,"atf7b",0.00988920215796943,0.349969054540541,0.98487850369265
"2750",31,"larp4ab",-0.00613473961724553,0.606373037526271,0.993489446331016
"2751",31,"pfdn5",-0.00517567262791404,0.620236926661738,0.993489446331016
"2752",31,"smarcc2",0.048912210777949,0.0889260126358473,0.963905736748171
"2753",31,"myl6",0.0131722592762031,0.385610475687544,0.98487850369265
"2754",31,"LOC129348988",-0.00607244053082587,0.446067479283917,0.98487850369265
"2755",31,"LOC111566630",0.0375389810228753,0.257275489009594,0.984612275003837
"2756",31,"stat2",0.0111154039076822,0.440099391093423,0.98487850369265
"2757",31,"c1galt1lb",0.00528190799291862,0.836112233596235,0.996208074900292
"2758",31,"os9",-0.0336189615717409,0.118379297280525,0.984612275003837
"2759",31,"b4galnt1b",0.0136542194622447,0.410847706031313,0.98487850369265
"2760",31,"arhgef25b",0.000769358259531671,0.973242619748434,0.996208074900292
"2761",31,"LOC111566612",-0.00478480925447148,0.736397072839009,0.996208074900292
"2762",31,"prkag1",-0.0202123137428489,0.136389112331716,0.984612275003837
"2763",31,"LOC111566621",-0.0146013888041711,0.20221940137465,0.984612275003837
"2764",31,"LOC111566622",-0.0220316739741991,0.100578256805315,0.984612275003837
"2765",31,"arf3b",-0.00397956236234353,0.930688139774442,0.996208074900292
"2766",31,"erbb3a",-0.00159411388760372,0.895106088567285,0.996208074900292
"2767",31,"pa2g4a",-0.00723692918789392,0.81714644660154,0.996208074900292
"2768",31,"LOC111566634",-0.0142513351761123,0.747043288989889,0.996208074900292
"2769",31,"crbn",-6.16755160324171e-05,0.99775232979953,0.999816729949705
"2770",31,"vhl",0.013572749394773,0.153299981572211,0.984612275003837
"2771",31,"ccdc174",0.00943634442644715,0.340841700847866,0.984612275003837
"2772",31,"prkcda",0.0160331570488759,0.271467898964084,0.984612275003837
"2773",31,"mustn1a",-0.021474034604625,0.0275503669155518,0.536249706260672
"2774",31,"ruvbl1",0.00479077212994621,0.719309264449339,0.993489446331016
"2775",31,"eefsec",-0.00146553929221457,0.90756746327893,0.996208074900292
"2776",31,"gata2b",-0.000468932126756959,0.981463586524677,0.99678337426189
"2777",31,"LOC111566639",0.00490827276027622,0.729432759499007,0.996208074900292
"2778",31,"LOC129348949",0.00933611048095907,0.717063212151099,0.993489446331016
"2779",31,"arpc4",-0.0251556001935202,0.0122488397133829,0.285431162031599
"2780",31,"pfkfb4b",0.0241229326796181,0.485629924968747,0.98487850369265
"2781",31,"LOC111587207",-0.00811917727753739,0.53528413923831,0.992149068677901
"2782",31,"sec61a1",0.017807526969279,0.340841700847865,0.984612275003837
"2783",31,"ip6k2b",-0.0197466799759063,0.554341115249294,0.993489446331016
"2784",31,"LOC111587205",-0.00942474631738123,0.610078463613752,0.993489446331016
"2785",31,"LOC111581870",0.0199483913610954,0.00222535805899476,0.285431162031599
"2786",31,"LOC111581921",0.00487588426136017,0.931202176112319,0.996208074900292
"2787",31,"LOC111581894",0.0193245569901324,0.496655927589854,0.98487850369265
"2788",31,"emc3",-0.00374854148890048,0.861807053257064,0.996208074900292
"2789",31,"usp4",0.000675287470201899,0.985486117460115,0.996956250321918
"2790",31,"gpx1b",-0.0299369618084702,0.0481433828206923,0.745839372597382
"2791",31,"tex264a",0.0314537042428655,0.172409248963197,0.984612275003837
"2792",31,"grm2a",-0.00184102832830317,0.895106088567285,0.996208074900292
"2793",31,"parp3",-0.00837760828708613,0.220402509309356,0.984612275003837
"2794",31,"oxtra",0.00358580531345942,0.719309264449339,0.993489446331016
"2795",31,"rad18",0.00930227078419545,0.833090253231854,0.996208074900292
"2796",31,"srgap3",0.0127402060665759,0.189130314625625,0.984612275003837
"2797",31,"LOC111575520",0.0119384608171681,0.435746231453272,0.98487850369265
"2798",31,"cse1l",-0.00752888145604897,0.638747742851398,0.993489446331016
"2799",31,"pbrm1",-0.000394261557385103,0.978430011993252,0.996452700582568
"2800",31,"wdr77",-0.0108182511585151,0.435640744509321,0.98487850369265
"2801",31,"LOC129348842",0.00181929423095674,0.892702066507169,0.996208074900292
"2802",31,"LOC111575502",0.0158661393814403,0.173087518386109,0.984612275003837
"2803",31,"LOC111575505",-0.017116074683444,0.168764325183575,0.984612275003837
"2804",31,"LOC111575528",-0.000385819212686507,0.976863081188404,0.996208074900292
"2805",31,"LOC111571956",-0.0484704282855204,0.0168126291857256,0.372462166779452
"2806",31,"cacna1da",0.100311340522591,0.0521924012511196,0.781180782786595
"2807",31,"LOC111571958",0.00943634442644715,0.340841700847866,0.984612275003837
"2808",31,"tmcc1b",0.0205479946592935,0.414683054949103,0.98487850369265
"2809",31,"LOC111568128",0.0063860785295063,0.340841700847866,0.984612275003837
"2810",31,"LOC111568127",-0.0134210330553815,0.560336545549382,0.993489446331016
"2811",31,"LOC111568134",-0.00942246707204668,0.489659774157583,0.98487850369265
"2812",31,"ndufaf3",0.0129044175816834,0.386190309550436,0.98487850369265
"2813",31,"LOC111568122",0.0131865850944882,0.258854379123196,0.984612275003837
"2814",31,"si:ch1073-335m2.2",-0.0509968266392176,0.116387045768219,0.984612275003837
"2815",31,"fbxo42",-0.00910966421424741,0.348374589928836,0.98487850369265
"2816",31,"LOC111574380",0.000983832549302491,0.901790462550699,0.996208074900292
"2817",31,"LOC111574359",0.0103925276140775,0.574276858992882,0.993489446331016
"2818",31,"sdhb",0.00248947630482293,0.803597766938383,0.996208074900292
"2819",31,"mrpl20",-0.00204057995199585,0.895106088567285,0.996208074900292
"2820",31,"atad3",-0.0156650061025374,0.0830106770332107,0.938957631662252
"2821",31,"ssu72",0.012448874049671,0.497913235713333,0.98487850369265
"2822",31,"fndc10",0.00501755463192048,0.678812331524339,0.993489446331016
"2823",31,"LOC111574371",0.0467988994552367,0.208496252943008,0.984612275003837
"2824",31,"LOC111574381",-0.000823731669915863,0.940597039197968,0.996208074900292
"2825",31,"capzb",-0.0376045365107973,0.0517077280938756,0.776542038405115
"2826",31,"celsr2",0.00114733899289501,0.952794237689258,0.996208074900292
"2827",31,"dstyk",0.00758738486534718,0.786995189378032,0.996208074900292
"2828",31,"bysl",-0.00991534532171846,0.526641554371588,0.987148462616501
"2829",31,"tmcc2",0.00736662445568204,0.634062374523301,0.993489446331016
"2830",31,"srsf3b",-0.047120901537658,0.232888556886352,0.984612275003837
"2831",31,"LOC111574353",0.0256012401216701,0.110136675201191,0.984612275003837
"2832",31,"strip1",0.0170688099633809,0.361555611863231,0.98487850369265
"2833",31,"LOC111574349",-0.0036933439544528,0.853314013989055,0.996208074900292
"2834",31,"LOC111574358",0.00124923479368689,0.962681780207661,0.996208074900292
"2835",31,"ninj1",0.00949957595139163,0.586243209079808,0.993489446331016
"2836",31,"wnk2",-0.0314255929677969,0.364197612966286,0.98487850369265
"2837",31,"erc2",-0.0129202545836022,0.668530951436054,0.993489446331016
"2838",31,"bsnb",0.0144078112742242,0.755692788483471,0.996208074900292
"2839",31,"bap1",0.00754480687036899,0.613467156536238,0.993489446331016
"2840",31,"rad54l2",-0.0212694642282399,0.448637964170799,0.98487850369265
"2841",31,"rassf1",0.00892298465925429,0.340841700847866,0.984612275003837
"2842",31,"tusc2b",-0.000646388350071679,0.979575323085774,0.996703863757666
"2843",31,"hyal2b",0.0102796176007356,0.177533730053005,0.984612275003837
"2844",31,"abhd14a",-0.0236977344406079,0.259599633995766,0.984612275003837
"2845",31,"LOC111563222",0.0032746698908919,0.802590571853082,0.996208074900292
"2846",31,"LOC111563210",-0.0254195387054873,0.0756808741259772,0.916387702187844
"2847",31,"p4htmb",0.00626431327642107,0.340841700847866,0.984612275003837
"2848",31,"c5h1orf159",-0.00831187533286314,0.223037515301177,0.984612275003837
"2849",31,"rereb",-0.0134678903441923,0.543963180075827,0.993489446331016
"2850",31,"eno1b",-0.0072951887210268,0.462794807682362,0.98487850369265
"2851",31,"ppil1",-0.0144270306040515,0.61828911986679,0.993489446331016
"2852",31,"frs3",0.0279814366898113,0.40077179651022,0.98487850369265
"2853",31,"tspo",0.00270390076271855,0.84800192728602,0.996208074900292
"2854",31,"LOC111563217",-0.0036509586352335,0.776661528738249,0.996208074900292
"2855",31,"tomm6",-0.000267891541848369,0.976863081188404,0.996208074900292
"2856",31,"c5h1orf74",-0.0343660755017745,0.012248839713383,0.285431162031599
"2857",31,"eif4enif1",0.00380039850975705,0.789783601426685,0.996208074900292
"2858",31,"patz1",-0.0179859628394422,0.401467617412069,0.98487850369265
"2859",31,"trub2",-0.00204057995199585,0.895106088567285,0.996208074900292
"2860",31,"srsf3a",-0.0100095453724157,0.32532375225693,0.984612275003837
"2861",31,"fkbp5",-0.0400187860657352,0.245383353408231,0.984612275003837
"2862",31,"LOC111575252",-0.0132148828535011,0.012248839713383,0.285431162031599
"2863",31,"cadpsb",0.0415101233674709,0.245887419708623,0.984612275003837
"2864",31,"ca16b",0.0676481524450855,0.324575416787966,0.984612275003837
"2865",31,"camk1a",0.0195732346381476,0.528570982490891,0.988623504288518
"2866",31,"pbrm1l",0.00411863138829728,0.848392408967811,0.996208074900292
"2867",31,"stau1",0.00417356159442459,0.888922974930203,0.996208074900292
"2868",31,"si:dkey-7k24.5",0.0147663731638068,0.268378139839365,0.984612275003837
"2869",31,"LOC129348952",0.00154986021803092,0.898738342622682,0.996208074900292
"2870",31,"kcnb1",-0.0562176011389172,0.11314253611184,0.984612275003837
"2871",31,"LOC111579185",0.0224632836007301,0.301450721931442,0.984612275003837
"2872",31,"grm2b",0.00733619869545622,0.871054922795757,0.996208074900292
"2873",31,"brk1",-0.0063320238288435,0.768968464793173,0.996208074900292
"2874",31,"rbm5",-0.000879651211444126,0.958544576210134,0.996208074900292
"2875",31,"LOC111574939",0.0363566451817663,0.093194965259742,0.972275180017018
"2876",31,"LOC111574950",-0.00257554135218413,0.936810437032698,0.996208074900292
"2877",31,"LOC111574953",0.00211113335229492,0.94146131018635,0.996208074900292
"2878",31,"sema3fa",-0.017108276770873,0.478912516037723,0.98487850369265
"2879",31,"manbal",0.00803921022558703,0.340841700847865,0.984612275003837
"2880",31,"LOC111577019",0.0292154645485961,0.261788579572712,0.984612275003837
"2881",31,"LOC129349038",-0.00255922822676529,0.804933907569459,0.996208074900292
"2882",31,"vapb",0.0137790370061452,0.564781039881081,0.993489446331016
"2883",31,"rab22a",0.0158913446974996,0.524188473119959,0.98487850369265
"2884",31,"ppp4r1l",-0.0118024011178112,0.512590819346602,0.98487850369265
"2885",31,"LOC129348858",0.00450774868916627,0.719309264449339,0.993489446331016
"2886",31,"smarcd1",0.00847547246694005,0.662960181583996,0.993489446331016
"2887",31,"asic1b",-0.0168292527193174,0.692401926153143,0.993489446331016
"2888",31,"itcha",0.00979443207710122,0.584573363508896,0.993489446331016
"2889",31,"rtf2",0.0121236211271132,0.54826472499066,0.993489446331016
"2890",31,"LOC111568690",-0.0280548813338157,0.205836841803059,0.984612275003837
"2891",31,"LOC111574166",-0.0230939789682055,0.364561278641326,0.98487850369265
"2892",31,"znfx1",0.0118777457229395,0.524188473119959,0.98487850369265
"2893",31,"tbc1d20",-0.00219165335326825,0.842668318662776,0.996208074900292
"2894",31,"necab3",-0.024283361756379,0.360507539860022,0.98487850369265
"2895",31,"cbfa2t2",0.00437549077104463,0.748926322470198,0.996208074900292
"2896",31,"tox2",0.00370847298491678,0.608017244451909,0.993489446331016
"2897",31,"st7l",-0.00436764552779236,0.849964828998585,0.996208074900292
"2898",31,"LOC111572487",0.00755020169058079,0.524188473119959,0.98487850369265
"2899",31,"LOC111576659",0.029143956712153,0.604012586914995,0.993489446331016
"2900",31,"inka2",-0.024689858243694,0.428027701625645,0.98487850369265
"2901",31,"LOC111585086",0.013366422176986,0.495808425232213,0.98487850369265
"2902",31,"timm17a",0.0025207506104703,0.868870996019768,0.996208074900292
"2903",31,"shisa4",-0.0122738074721621,0.651831483994629,0.993489446331016
"2904",31,"ipo9",-0.00563658813696813,0.774493227602885,0.996208074900292
"2905",31,"LOC111585083",0.0135943403907584,0.769930016030095,0.996208074900292
"2906",31,"prelid3b",0.00298333849782732,0.719309264449339,0.993489446331016
"2907",31,"slc32a1",0.0381695382926088,0.467829376221695,0.98487850369265
"2908",31,"LOC111563789",0.00516333033930536,0.617452836510449,0.993489446331016
"2909",31,"ppp1r16b",0.0462941781211846,0.312181653266617,0.984612275003837
"2910",31,"LOC129348958",-0.00051940690727712,0.976863081188404,0.996208074900292
"2911",31,"shmt2",0.0554219427313908,0.0719914009741773,0.895460192503026
"2912",31,"LOC111582038",-0.00123967321643638,0.950922770486206,0.996208074900292
"2913",31,"LOC111579120",-0.00977070259757174,0.821086370040863,0.996208074900292
"2914",31,"gli1",0.0109192275806054,0.340841700847866,0.984612275003837
"2915",31,"arhgap9",0.0184123652703961,0.771250590971055,0.996208074900292
"2916",31,"mars1",-0.00204057995199585,0.895106088567285,0.996208074900292
"2917",31,"ddit3",-0.00488696468176969,0.776061208026295,0.996208074900292
"2918",31,"dctn2",-0.034963003148535,0.0356602231245636,0.629432337725577
"2919",31,"kif5ab",0.0299817443408763,0.343581861925405,0.984612275003837
"2920",31,"igsf8",-0.00668887294922901,0.793780146187943,0.996208074900292
"2921",31,"LOC111583778",-0.0207020384864087,0.443884005075016,0.98487850369265
"2922",31,"myg1",-0.0185214043790579,0.212521092861991,0.984612275003837
"2923",31,"LOC111578115",0.00380039850975705,0.789783601426685,0.996208074900292
"2924",31,"nckap1l",0.00363598865519542,0.719309264449339,0.993489446331016
"2925",31,"LOC111578046",0.0546266862278544,0.134728649733661,0.984612275003837
"2926",31,"alas1",-0.00270261142701946,0.878279195639617,0.996208074900292
"2927",31,"poc1a",0.00697683070151568,0.524188473119959,0.98487850369265
"2928",31,"dusp7",0.00772591698630007,0.615536965884833,0.993489446331016
"2929",31,"rpl29",-0.0179587848143663,0.39301223319924,0.98487850369265
"2930",31,"iars1",0.0126964321127494,0.495039534959165,0.98487850369265
"2931",31,"atp2b2",0.0348494734486066,0.444148814378261,0.98487850369265
"2932",31,"slc6a11b",0.0240977694765521,0.288303070757791,0.984612275003837
"2933",31,"LOC118469716",-0.0151674566465558,0.126593572616248,0.984612275003837
"2934",31,"slc6a1b",0.029482764776774,0.614355449963831,0.993489446331016
"2935",31,"atg7",0.0476919038240254,0.292617739698177,0.984612275003837
"2936",31,"vgll4b",-0.00504979950799253,0.467199329512219,0.98487850369265
"2937",31,"tamm41",0.0063578934938849,0.524188473119959,0.98487850369265
"2938",31,"syn2b",0.0467085407725488,0.35961475042717,0.98487850369265
"2939",31,"LOC111564573",0.0120272880476377,0.422526372215817,0.98487850369265
"2940",31,"pparg",0.00450774868916627,0.719309264449339,0.993489446331016
"2941",31,"mrto4",0.00734025874732721,0.528495109617793,0.988623504288518
"2942",31,"kcnab2a",0.0155495095672922,0.680887772832515,0.993489446331016
"2943",31,"park7",0.0201133012174506,0.330031390948508,0.984612275003837
"2944",31,"mrps16",0.0067128621328095,0.719309264449339,0.993489446331016
"2945",31,"si:ch211-222l21.1",-0.016466299251019,0.0929449906035938,0.972275180017018
"2946",31,"slc45a1",0.00773472675180218,0.556267377516618,0.993489446331016
"2947",31,"prxl2b",-0.00984051421528575,0.409191011282681,0.98487850369265
"2948",31,"miip",-0.00727781720513551,0.202205366626618,0.984612275003837
"2949",31,"trim62.1",0.0494850376205861,0.335470430015763,0.984612275003837
"2950",31,"znf362a",0.000949571382762772,0.9777314381394,0.996452700582568
"2951",31,"utp3",0.00582865256650513,0.699339740889943,0.993489446331016
"2952",31,"foxj3",0.00952988999147494,0.459266588802211,0.98487850369265
"2953",31,"prdm2b",0.021708036067225,0.203522768992627,0.984612275003837
"2954",31,"LOC111588010",0.039204623642609,0.32792336681146,0.984612275003837
"2955",31,"LOC111588011",0.0247562844772175,0.33710396368931,0.984612275003837
"2956",31,"skib",-1.74095083135007e-05,0.999414485940675,0.999859294605512
"2957",31,"si:dkey-183j2.10",0.00270080236108294,0.797115321494176,0.996208074900292
"2958",31,"brpf3a",0.0236287480964194,0.017550275130125,0.386554670504979
"2959",31,"tcta",0.00784223053884344,0.577254952002489,0.993489446331016
"2960",31,"glyctk",-0.000267891541848369,0.976863081188404,0.996208074900292
"2961",31,"wdr82",-0.00674832142358026,0.562781799811646,0.993489446331016
"2962",31,"hemk1",-0.0161984077091706,0.012248839713383,0.285431162031599
"2963",31,"nprl2",-0.00184102832830317,0.895106088567285,0.996208074900292
"2964",31,"LOC111579908",0.00298333849782732,0.719309264449339,0.993489446331016
"2965",31,"tusc2a",0.00599124378204718,0.524188473119959,0.98487850369265
"2966",31,"hyal2a",0.0063860785295063,0.340841700847866,0.984612275003837
"2967",31,"hyal1",0.0063860785295063,0.340841700847866,0.984612275003837
"2968",31,"cacna2d2a",0.0430426025524087,0.641080369898965,0.993489446331016
"2969",31,"si:ch211-161c3.5",0.0286155373477296,0.34043419676373,0.984612275003837
"2970",31,"gnb1b",-0.000540406787688754,0.988718595921418,0.998248596916269
"2971",31,"tardbpb",0.0276022931558952,0.40893352657476,0.98487850369265
"2972",31,"cenps",0.00658871328031931,0.549376991158721,0.993489446331016
"2973",31,"h6pd",0.0063860785295063,0.340841700847866,0.984612275003837
"2974",31,"ddi2",0.00536443697786953,0.785508072242064,0.996208074900292
"2975",31,"si:ch73-361p23.3",0.00604702944363946,0.643878794302251,0.993489446331016
"2976",31,"arl8ba",-0.013200811951419,0.295293880392634,0.984612275003837
"2977",31,"edem1",0.0179512800155241,0.203380416833513,0.984612275003837
"2978",31,"slc12a5a",0.0318221702049587,0.420711990222323,0.98487850369265
"2979",31,"ncoa5",0.00358325311957702,0.857140967388494,0.996208074900292
"2980",31,"LOC129349037",-0.0162080968026534,0.227129512997171,0.984612275003837
"2981",31,"capza1a",-0.00273856489644297,0.895106088567285,0.996208074900292
"2982",31,"mov10a",-0.0019165435276197,0.895106088567285,0.996208074900292
"2983",31,"LOC111580357",0.00586227594070749,0.646543799622997,0.993489446331016
"2984",31,"ppm1j",0.000105175924319479,0.996373043157422,0.999816729949705
"2985",31,"tafa3a",0.0504132455947263,0.36927678838286,0.98487850369265
"2986",31,"slc25a55a",0.010772640370342,0.38912443611481,0.98487850369265
"2987",31,"tspan2a",0.00279188727406336,0.82036720978353,0.996208074900292
"2988",31,"LOC111584344",0.00671590781774104,0.755533671688929,0.996208074900292
"2989",31,"LOC111584349",0.0158465491332183,0.199758203101059,0.984612275003837
"2990",31,"LOC111575926",0.00904117724687684,0.735364864081022,0.996208074900292
"2991",31,"smpd2b",0.0123400339075689,0.470001936784903,0.98487850369265
"2992",31,"cenpp",0.0063578934938849,0.524188473119959,0.98487850369265
"2993",31,"ippk",0.01074001258667,0.320085045582841,0.984612275003837
"2994",31,"LOC111575276",0.00281130330780363,0.789582442440296,0.996208074900292
"2995",31,"pxk",-0.0112921932301378,0.402938573653939,0.98487850369265
"2996",31,"pdhb",0.0139184974701558,0.631992961818881,0.993489446331016
"2997",31,"LOC129349035",0.0155894119161678,0.200324822371639,0.984612275003837
"2998",31,"LOC111582587",0.0158888197186659,0.142334723167732,0.984612275003837
"2999",31,"LOC111564152",-0.00263428549271202,0.952425034157412,0.996208074900292
"3000",31,"dag1",-0.0157855062404345,0.620512431734395,0.993489446331016
"3001",31,"LOC129348984",0.00567015549867186,0.662516480392122,0.993489446331016
"3002",31,"LOC111567141",0.0449558013601114,0.232766792910988,0.984612275003837
"3003",31,"manf",0.00318309302351946,0.748633336836507,0.996208074900292
"3004",31,"oser1",0.0151290468964105,0.503014508038099,0.98487850369265
"3005",31,"sdc4",0.00480762255953762,0.618826755639005,0.993489446331016
"3006",31,"LOC111564478",-0.0103874549054891,0.641857006761599,0.993489446331016
"3007",31,"mmp24",0.0238205662273417,0.609468765511157,0.993489446331016
"3008",31,"eif6",0.00385217901843308,0.756370170595341,0.996208074900292
"3009",31,"map1lc3a",0.00740456155554487,0.647826969292239,0.993489446331016
"3010",31,"dynlrb1",0.00714886572789628,0.751398138838387,0.996208074900292
"3011",31,"ssuh2.1",-0.000155660893954305,0.987397961097342,0.99771160608264
"3012",31,"LOC129348955",0.0153762033610455,0.318750691523191,0.984612275003837
"3013",31,"smpd4",0.000373934782666609,0.990154583396109,0.998253544131569
"3014",31,"LOC111563161",0.0444988472096925,0.419968686011197,0.98487850369265
"3015",31,"LOC129348890",0.011957460079574,0.306707623943,0.984612275003837
"3016",31,"rbbp5",0.0153129698916775,0.506351114038827,0.98487850369265
"3017",31,"wu:fb55g09",-0.0332271230760512,0.059893958990397,0.825830763627387
"3018",31,"nisch",0.040388950810545,0.0599398488295858,0.825830763627387
"3019",31,"stab1",-0.00593253206400432,0.454807482513793,0.98487850369265
"3020",31,"LOC111563167",0.000746905778209329,0.952665265778267,0.996208074900292
"3021",31,"ccdc71",-0.0426787161946104,0.079298852933433,0.927225511920825
"3022",31,"ddx27",-0.0119699049858103,0.234053623977745,0.984612275003837
"3023",31,"khk",-0.00998901201989892,0.57921278043101,0.993489446331016
"3024",31,"LOC111566825",-0.0406804335876328,0.495544379941568,0.98487850369265
"3025",31,"si:ch211-236d3.4",-0.00174304275395688,0.895106088567285,0.996208074900292
"3026",31,"mkrn2",-0.0150812567474819,0.206960138947839,0.984612275003837
"3027",31,"LOC111571415",0.024994575709806,0.106379033519521,0.984612275003837
"3028",31,"isy1",-0.00159655633335685,0.895106088567285,0.996208074900292
"3029",31,"pcif1",-0.00332083076322263,0.838382751183592,0.996208074900292
"3030",31,"LOC111571418",0.045242351403103,0.11530412497876,0.984612275003837
"3031",31,"polr2j",0.00943634442644715,0.340841700847866,0.984612275003837
"3032",31,"LOC111571424",0.027768596433725,0.124777019457001,0.984612275003837
"3033",31,"snrpb",-0.0161984077091706,0.012248839713383,0.285431162031599
"3034",31,"pik3c2b",-0.0179498666284412,0.470030279057143,0.98487850369265
"3035",31,"LOC129348937",0.0295679861168631,0.379804817000282,0.98487850369265
"3036",31,"aldh4a1",0.00940154167923616,0.591280828006535,0.993489446331016
"3037",31,"LOC111580519",0.00548041431465593,0.903590336540933,0.996208074900292
"3038",31,"amigo3",0.00254767778791139,0.870598283476296,0.996208074900292
"3039",31,"LOC118471486",-0.000385819212686507,0.976863081188404,0.996208074900292
"3040",31,"LOC111569039",-0.0219649448493016,0.544959399544231,0.993489446331016
"3041",31,"pierce1",-0.00826060407376432,0.24392349082975,0.984612275003837
"3042",31,"fnbp1a",-0.00191998574500895,0.975818099817464,0.996208074900292
"3043",31,"LOC129349161",0.0179035408893765,0.10606479919054,0.984612275003837
"3044",31,"med27",-0.00159655633335685,0.895106088567285,0.996208074900292
"3045",31,"LOC111581605",-0.00413567128676351,0.612529847123156,0.993489446331016
"3046",31,"LOC111585518",-0.0142442559444615,0.330979229629334,0.984612275003837
"3047",31,"card9",0.0063578934938849,0.524188473119959,0.98487850369265
"3048",31,"pomt1",-0.00752387239087454,0.764020615139476,0.996208074900292
"3049",31,"LOC111586833",-0.00493547946881434,0.768521899388956,0.996208074900292
"3050",31,"LOC111586503",-0.0309912982030573,0.167662099668706,0.984612275003837
"3051",31,"LOC111586504",-0.0157580026091435,0.540379208186268,0.993489446331016
"3052",31,"LOC111573056",0.0261255409054892,0.346781029742811,0.98487850369265
"3053",31,"LOC118470766",0.0120599930732872,0.434219080680462,0.98487850369265
"3054",31,"entr1",0.00272860597894237,0.775904515705501,0.996208074900292
"3055",31,"chek2",-0.000310864050245439,0.976863081188404,0.996208074900292
"3056",31,"gstt2",0.0122568403562518,0.339183611860858,0.984612275003837
"3057",31,"LOC111584294",-0.0435704911328364,0.12685082880171,0.984612275003837
"3058",31,"LOC111584299",0.000768909837416303,0.942116998458213,0.996208074900292
"3059",31,"qsox2",0.0161185632379556,0.0855223599258953,0.953630224697083
"3060",31,"ddx31",0.0137735090419171,0.229790021275433,0.984612275003837
"3061",31,"tsc1a",0.00701710008577597,0.719309264449339,0.993489446331016
"3062",31,"dok2",0.00363598865519542,0.719309264449339,0.993489446331016
"3063",31,"grin1b",0.00124306866261234,0.983726142319208,0.996956250321918
"3064",31,"LOC111568981",0.00325266062671315,0.831677398059051,0.996208074900292
"3065",31,"LOC111568980",0.0160096531546094,0.203349562629891,0.984612275003837
"3066",31,"cntrl",0.0113905769734297,0.41503763087328,0.98487850369265
"3067",31,"LOC111579962",0.00363598865519542,0.719309264449339,0.993489446331016
"3068",31,"LOC129349203",-0.00159655633335685,0.895106088567285,0.996208074900292
"3069",31,"ppiaa",0.00469500576907836,0.907285731023583,0.996208074900292
"3070",31,"LOC111571238",0.0286524585885068,0.432155358213738,0.98487850369265
"3071",31,"ogdha",-0.00902212666971654,0.86957388411074,0.996208074900292
"3072",31,"adam9",0.0577629059574736,0.000907192634985184,0.285431162031599
"3073",31,"LOC111587382",0.0142718010152429,0.523085077582395,0.98487850369265
"3074",31,"mfsd14bb",-0.00552552690395704,0.846233350648744,0.996208074900292
"3075",31,"spinb",0.00336403627417129,0.909904219505914,0.996208074900292
"3076",31,"mak16",-0.0132148828535011,0.012248839713383,0.285431162031599
"3077",31,"LOC111564024",0.00757169039601282,0.679115297363744,0.993489446331016
"3078",31,"dmtn",0.0674083205710836,0.106942740826292,0.984612275003837
"3079",31,"srp19",-0.000414942836930102,0.983978284687275,0.996956250321918
"3080",31,"LOC111586466",0.0130352138353099,0.771457001405601,0.996208074900292
"3081",31,"LOC111569137",0.0439089721655951,0.371770777539408,0.98487850369265
"3082",31,"sncaip",-0.0388874671537332,0.0102126920779566,0.285431162031599
"3083",31,"snx2",-0.0568159873892812,0.146251726002059,0.984612275003837
"3084",31,"ppic",0.0076370737200155,0.630110052363302,0.993489446331016
"3085",31,"znf608",0.0534909185401007,0.492449567607826,0.98487850369265
"3086",31,"nudt12",-0.000293977023095923,0.976863081188404,0.996208074900292
"3087",31,"LOC111571180",-0.0132148828535011,0.012248839713383,0.285431162031599
"3088",31,"LOC111587983",0.010758649860836,0.451615405309294,0.98487850369265
"3089",31,"ptrh1",-0.010092715495452,0.132645571428573,0.984612275003837
"3090",31,"LOC111582070",0.0054246928024475,0.771056421571017,0.996208074900292
"3091",31,"LOC111582069",0.0115156055578068,0.516994222591985,0.98487850369265
"3092",31,"sh2d3cb",0.0139213632656939,0.168687917772884,0.984612275003837
"3093",31,"tor2a",-0.000150984115562822,0.986263693220534,0.997382875507709
"3094",31,"smarcb1a",-0.00284978287260378,0.81901675088688,0.996208074900292
"3095",31,"LOC111586344",0.035454476642294,0.607574734967812,0.993489446331016
"3096",31,"ptgesl",-0.01227394967751,0.221852890930571,0.984612275003837
"3097",31,"gle1",0.0330954385539021,0.238266795037219,0.984612275003837
"3098",31,"LOC111585565",-0.000329071011677992,0.976863081188404,0.996208074900292
"3099",31,"si:ch211-51h9.7",0.00600025931681979,0.658931664514708,0.993489446331016
"3100",31,"seta",0.0119948093320902,0.586212548437267,0.993489446331016
"3101",31,"LOC111563074",-0.0107336090592559,0.237376297482855,0.984612275003837
"3102",31,"zdhhc12a",0.0063860785295063,0.340841700847866,0.984612275003837
"3103",31,"eeig1a",0.0127960416470359,0.173147486071478,0.984612275003837
"3104",31,"mrpl1",-0.00137640604595697,0.94693195594411,0.996208074900292
"3105",31,"fras1",-0.00495742265490839,0.789225485810492,0.996208074900292
"3106",31,"bmp2k",0.0247295762246484,0.60881779835519,0.993489446331016
"3107",31,"antxr2a",0.0104729520438932,0.340841700847866,0.984612275003837
"3108",31,"LOC129349128",0.0104729520438932,0.340841700847866,0.984612275003837
"3109",31,"prdm8b",-0.0161984077091706,0.012248839713383,0.285431162031599
"3110",31,"cfap299",0.00862900763615836,0.482543963770702,0.98487850369265
"3111",31,"prkg2",-0.0336760598619886,0.259121246832348,0.984612275003837
"3112",31,"rasgef1ba",-0.0562849063038795,0.378265766928116,0.98487850369265
"3113",31,"LOC118469736",-0.000385904769321959,0.976863081188404,0.996208074900292
"3114",31,"tmem175",0.00590614363228163,0.883475056075233,0.996208074900292
"3115",31,"cds1",0.0168613767133426,0.564931622274002,0.993489446331016
"3116",31,"wdfy3",0.0345242038384927,0.588677219087438,0.993489446331016
"3117",31,"rusc2",0.0334848852917199,0.581503848541565,0.993489446331016
"3118",31,"LOC111565599",-0.0209811489429229,0.079233905946525,0.927225511920825
"3119",31,"LOC111565600",0.0173680439505318,0.253145525627497,0.984612275003837
"3120",31,"ascc2",0.00400557933256059,0.815666154341653,0.996208074900292
"3121",31,"slc39a14",-0.000275371169651424,0.992961410294079,0.998750879301711
"3122",31,"LOC111565773",-0.00767895429613601,0.661335998040787,0.993489446331016
"3123",31,"ube2d1b",-0.00546733891096794,0.537530452484615,0.993489446331016
"3124",31,"ppil2",-0.0117290179208132,0.451734674734705,0.98487850369265
"3125",31,"LOC129349052",0.00298333849782732,0.719309264449339,0.993489446331016
"3126",31,"ypel1",0.0209010562050467,0.686841142190078,0.993489446331016
"3127",31,"mapk1",0.0183857311258855,0.627252251018042,0.993489446331016
"3128",31,"zmat4a",0.0350509989029917,0.563254374380595,0.993489446331016
"3129",31,"sfrp1a",-0.00922157700765497,0.468446290009447,0.98487850369265
"3130",31,"LOC111578327",-0.0167082151793239,0.216600916785315,0.984612275003837
"3131",31,"LOC111583692",-0.0181597056006543,0.012248839713383,0.285431162031599
"3132",31,"unc5db",-0.031168325552809,0.317435327771848,0.984612275003837
"3133",31,"tm2d2",0.0142688954797056,0.442888408600324,0.98487850369265
"3134",31,"lman2lb",0.00943634442644715,0.340841700847866,0.984612275003837
"3135",31,"nsmfb",-0.0059579688282413,0.639326237815451,0.993489446331016
"3136",31,"zgc:162952",-0.000310864050245439,0.976863081188404,0.996208074900292
"3137",31,"tncb",-0.0106662394125661,0.873526797455263,0.996208074900292
"3138",31,"traf2a",0.00369308531898722,0.915802472621422,0.996208074900292
"3139",31,"rabl6b",0.00794769098227957,0.822814517864435,0.996208074900292
"3140",31,"araf",-0.0171183314204213,0.243334425912421,0.984612275003837
"3141",31,"zgc:64051",0.00363598865519542,0.719309264449339,0.993489446331016
"3142",31,"LOC111587602",0.00282819033495314,0.776926092010324,0.996208074900292
"3143",31,"pnpla7b",-0.00682880432399477,0.450628660505179,0.98487850369265
"3144",31,"mrpl41",0.0150160409271027,0.191890912925679,0.984612275003837
"3145",31,"dph7",-0.0107336090592559,0.237376297482855,0.984612275003837
"3146",31,"LOC111587607",-0.0124091686612894,0.398411752733075,0.98487850369265
"3147",31,"si:ch211-158d24.2",0.0111524976394855,0.691585110301574,0.993489446331016
"3148",31,"LOC111578464",0.00785774415898231,0.524188473119959,0.98487850369265
"3149",31,"LOC129347232",-0.00159411388760372,0.895106088567285,0.996208074900292
"3150",31,"LOC111578459",0.0162257103101081,0.169162519708904,0.984612275003837
"3151",31,"LOC111578466",0.0034547903924511,0.811287474617551,0.996208074900292
"3152",31,"LOC111578456",0.013572749394773,0.153299981572211,0.984612275003837
"3153",31,"LOC129347236",0.00725622466748487,0.602852841797306,0.993489446331016
"3154",31,"LOC111578449",0.0157006577028682,0.340841700847865,0.984612275003837
"3155",31,"stxbp1b",-0.0194533797744408,0.443653297003364,0.98487850369265
"3156",31,"nelfb",-0.000385819212686507,0.976863081188404,0.996208074900292
"3157",31,"fkbp15b",0.00955927898828695,0.783109325387169,0.996208074900292
"3158",31,"tubb2b",0.0122338779596842,0.765747804647797,0.996208074900292
"3159",31,"lhx2b",-0.0311332322588627,0.012248839713383,0.285431162031599
"3160",31,"nr6a1a",0.0336135980206132,0.221472987330995,0.984612275003837
"3161",31,"ehmt1a",0.0088186784285358,0.658700679710194,0.993489446331016
"3162",31,"cacna1ba",0.0201765107244252,0.705218774038884,0.993489446331016
"3163",31,"paxx",0.00893541206620419,0.318351117746737,0.984612275003837
"3164",31,"abca2",-0.0390443200157553,0.462602927776782,0.98487850369265
"3165",31,"npdc1b",-0.0183353282363191,0.561372025691819,0.993489446331016
"3166",31,"golga1",0.02978479305533,0.552978364151832,0.993489446331016
"3167",31,"rpl35",0.0575814256127112,0.00531288132738092,0.285431162031599
"3168",31,"man1b1b",-0.0490384066720895,0.178240871784114,0.984612275003837
"3169",31,"whrnb",0.0292206806247531,0.408000134474769,0.98487850369265
"3170",31,"fam189a2",0.0132423833198764,0.721032137410902,0.994374714974634
"3171",31,"LOC111579322",-0.0553990115835781,0.274633403446554,0.984612275003837
"3172",31,"fxn",0.00352021925319253,0.850057999022582,0.996208074900292
"3173",31,"LOC111579328",0.00325724414457497,0.719309264449339,0.993489446331016
"3174",31,"LOC118471362",-0.0251555636278057,0.112577859646591,0.984612275003837
"3175",31,"apba1a",-0.0781796958648794,0.304352020146466,0.984612275003837
"3176",31,"ptar1",-0.0159078858285165,0.545007814631261,0.993489446331016
"3177",31,"arid3c",0.00699522434583068,0.237860114067142,0.984612275003837
"3178",31,"pias2",-0.0280158146511187,0.315415991072085,0.984612275003837
"3179",31,"ube2l3b",-0.0258783638372553,0.470055544720012,0.98487850369265
"3180",31,"ak6",-0.0142360566657316,0.261662652222029,0.984612275003837
"3181",31,"isl1a",-0.0232202752560533,0.012248839713383,0.285431162031599
"3182",31,"golph3a",0.0237127889173664,0.369913440754671,0.98487850369265
"3183",31,"npr3",-0.0185099398235275,0.423419258782545,0.98487850369265
"3184",31,"sub1b",-0.00298736305028969,0.909454990371938,0.996208074900292
"3185",31,"LOC111564914",0.0343233162754477,0.1421183095617,0.984612275003837
"3186",31,"zfr",0.00259207655625268,0.945343016918003,0.996208074900292
"3187",31,"dhfr",0.0428056214098158,0.00744267098126132,0.285431162031599
"3188",31,"gtf2h2",0.00627443583178761,0.703362043121528,0.993489446331016
"3189",31,"sdf2l1",-0.00195321400434419,0.908191698675665,0.996208074900292
"3190",31,"LOC118470495",0.021328371838142,0.315444161008265,0.984612275003837
"3191",31,"top3b",-0.0131582560162468,0.816681792122068,0.996208074900292
"3192",31,"ppm1f",-0.0299439379934947,0.645281675000931,0.993489446331016
"3193",31,"tcima",-0.00851022007850335,0.751421342943389,0.996208074900292
"3194",31,"ppp3cca",0.00318871357788426,0.7733146722558,0.996208074900292
"3195",31,"vps37ba",-0.0211469316497117,0.293701337508687,0.984612275003837
"3196",31,"LOC129349190",-0.0165733294613208,0.19741955847826,0.984612275003837
"3197",31,"zgc:113436",-0.0068273083368281,0.63421640716798,0.993489446331016
"3198",31,"ogfod2",0.00437462453442206,0.719309264449339,0.993489446331016
"3199",31,"zgc:110329",0.00980808342334585,0.726827200611782,0.996208074900292
"3200",31,"tacr1a",0.0279294666279891,0.587950991893407,0.993489446331016
"3201",31,"LOC129349087",-0.0154570427010295,0.122437286855605,0.984612275003837
"3202",31,"vamp8",0.00729065433135222,0.574044462720576,0.993489446331016
"3203",31,"vamp5",0.00803921022558703,0.340841700847865,0.984612275003837
"3204",31,"gcn1",-0.0272881095598912,0.308716758975985,0.984612275003837
"3205",31,"rab35b",0.00292054732745817,0.8802386854463,0.996208074900292
"3206",31,"bicdl1",0.00025289375833151,0.991339969223053,0.998580005122044
"3207",31,"LOC111567175",-0.0107475323722895,0.83285278742055,0.996208074900292
"3208",31,"mtmr3",-0.0571402324532213,0.0552181079236824,0.796960704901046
"3209",31,"cux2b",-0.0251098347844036,0.669896127359992,0.993489446331016
"3210",31,"ppp1cc",0.00377563041623869,0.729711501500184,0.996208074900292
"3211",31,"pptc7a",0.0128096433891612,0.361725454261026,0.98487850369265
"3212",31,"anapc7",0.00746035667776068,0.830559415289706,0.996208074900292
"3213",31,"atp2a2a",0.0674765824329587,0.0271073446722069,0.531170124261411
"3214",31,"si:dkey-91m11.5",0.00396121165852569,0.8191177089663,0.996208074900292
"3215",31,"specc1la",0.00731813134515524,0.743308757375615,0.996208074900292
"3216",31,"p2rx4b",-0.0590530533765582,0.270921011570131,0.984612275003837
"3217",31,"zbtb26",0.00803921022558703,0.340841700847865,0.984612275003837
"3218",31,"LOC111583073",0.0131767856919937,0.167838595867666,0.984612275003837
"3219",31,"LOC111583068",-0.0352129782641905,0.00686988006520893,0.285431162031599
"3220",31,"LOC111583069",-0.0114057295954835,0.568054841183793,0.993489446331016
"3221",31,"erlin2",-0.00835904451546431,0.493733057696951,0.98487850369265
"3222",31,"cds2",0.033513100898255,0.282652502804022,0.984612275003837
"3223",31,"zgc:65851",-0.0107195711545826,0.462024922149131,0.98487850369265
"3224",31,"mxd1",-0.0085716848052758,0.821418370285331,0.996208074900292
"3225",31,"snrnp27",0.019575527686348,0.287896105081756,0.984612275003837
"3226",31,"add2",0.0156418490539568,0.798331617713969,0.996208074900292
"3227",31,"hk2",0.00591960723996512,0.585593472331186,0.993489446331016
"3228",31,"tet3",-0.00941872803712715,0.832639291571211,0.996208074900292
"3229",31,"ap3m2",0.0241503326540421,0.29920349487831,0.984612275003837
"3230",31,"kat6a",-0.00929618089692844,0.726744367139266,0.996208074900292
"3231",31,"sema4c",-0.093948579800323,0.0991473989677488,0.984612275003837
"3232",31,"gnb1l",0.0201769048084637,0.340841700847865,0.984612275003837
"3233",31,"txnrd2.2",-0.0079818215903794,0.552655600836893,0.993489446331016
"3234",31,"arvcfb",-0.0710172604453224,0.175881706247568,0.984612275003837
"3235",31,"tango2",0.00172223750996669,0.927872875937817,0.996208074900292
"3236",31,"dgcr8",0.0292699328758718,0.280622275659922,0.984612275003837
"3237",31,"ranbp1",-0.00190271057987942,0.859276126232131,0.996208074900292
"3238",31,"zdhhc8b",0.0171806533430796,0.253559825528745,0.984612275003837
"3239",31,"pgam5",0.00577157569615652,0.760219765125097,0.996208074900292
"3240",31,"ankle2",0.00232485064346711,0.856772413893133,0.996208074900292
"3241",31,"golga3",0.0153703357319687,0.45530387219892,0.98487850369265
"3242",31,"chfr",-0.0161984077091706,0.012248839713383,0.285431162031599
"3243",31,"fbrsl1",-0.00872755411682332,0.866694724825266,0.996208074900292
"3244",31,"galnt9",0.003945798370441,0.920899090677919,0.996208074900292
"3245",31,"atad1a",0.00624030282212142,0.524188473119959,0.98487850369265
"3246",31,"htr7c",0.00624030282212142,0.524188473119959,0.98487850369265
"3247",31,"LOC129349084",-0.0132148828535011,0.012248839713383,0.285431162031599
"3248",31,"LOC111569424",-0.000795953109839073,0.967264560251735,0.996208074900292
"3249",31,"LOC111585953",-0.0160123372805154,0.614865267743691,0.993489446331016
"3250",31,"si:ch73-138n13.1",-0.00281036470595525,0.719215180404904,0.993489446331016
"3251",31,"rnf10",0.012347778558285,0.530674158484548,0.989678576489402
"3252",31,"pop5",0.0063578934938849,0.524188473119959,0.98487850369265
"3253",31,"unc119.1",-0.0182516738311846,0.0704351251800205,0.883322108729728
"3254",31,"LOC111574315",0.00697683070151568,0.524188473119959,0.98487850369265
"3255",31,"LOC111574329",-0.000898129892387343,0.949342066408741,0.996208074900292
"3256",31,"mlec",0.0184131244711651,0.140545488388024,0.984612275003837
"3257",31,"cabp1a",-0.0071376723978847,0.724768747831706,0.996208074900292
"3258",31,"asphd2",0.0345696906431696,0.138281734428728,0.984612275003837
"3259",31,"lrrc75ba",-0.0118851813488076,0.658577232497504,0.993489446331016
"3260",31,"LOC111574311",0.00514960968044851,0.934184336612227,0.996208074900292
"3261",31,"cabin1",0.00301494305304958,0.893711761393315,0.996208074900292
"3262",31,"kctd9a",0.0209448160993584,0.194324888127795,0.984612275003837
"3263",31,"chmp7",0.00725622466748487,0.602852841797306,0.993489446331016
"3264",31,"ccdc92",-0.0200428305428535,0.116127609696072,0.984612275003837
"3265",31,"ncor2",0.00788410526486882,0.813721112748851,0.996208074900292
"3266",31,"ep400",0.00389967456053418,0.860575112713884,0.996208074900292
"3267",31,"rimbp2b",0.00319848621154876,0.933400612214212,0.996208074900292
"3268",31,"fzd10",-0.000329071011677992,0.976863081188404,0.996208074900292
"3269",31,"glt1d1",-0.000310864050245439,0.976863081188404,0.996208074900292
"3270",31,"slc15a4",-0.00776305461778279,0.344721214389116,0.98487850369265
"3271",31,"LOC111586988",-0.0174729685847017,0.0654386222291604,0.865341450859217
"3272",31,"LOC111586481",-0.0163180874864841,0.595610539615917,0.993489446331016
"3273",31,"LOC111584729",-0.0215219419834832,0.24483224997834,0.984612275003837
"3274",31,"hmcn2",-0.000710402383183531,0.953660262726509,0.996208074900292
"3275",31,"zbtb34",-0.0117041379257467,0.673502990304639,0.993489446331016
"3276",31,"pbx3b",-0.0164664955294915,0.599611303523463,0.993489446331016
"3277",31,"gapvd1",-0.0447855439322435,0.176147720822448,0.984612275003837
"3278",31,"syn1",0.016061082746371,0.546399096161783,0.993489446331016
"3279",31,"dtx1",-0.00761419390862759,0.789972792735052,0.996208074900292
"3280",31,"LOC111578431",-0.035776401970992,0.012248839713383,0.285431162031599
"3281",31,"dgcr6",-0.00281930452355779,0.895106088567285,0.996208074900292
"3282",31,"slc7a4",0.0039767067969504,0.822473721619206,0.996208074900292
"3283",31,"sf3a1",-0.0121457115091272,0.550959828548297,0.993489446331016
"3284",31,"LOC111578430",-0.0213016725959198,0.0888531134972146,0.963905736748171
"3285",31,"kdm2ba",0.0052953587484988,0.638331426206596,0.993489446331016
"3286",31,"rnf34a",0.00312216735804906,0.340841700847866,0.984612275003837
"3287",31,"LOC111581375",-0.0085634484458083,0.593840924493544,0.993489446331016
"3288",31,"nono",0.0109133103618129,0.499677396452918,0.98487850369265
"3289",31,"elmod3",-0.0333486918346829,0.129535901307484,0.984612275003837
"3290",31,"grk5l",-0.0391073374302201,0.0839891222040614,0.945854671212903
"3291",31,"lsm1",-0.0313745884541553,0.012248839713383,0.285431162031599
"3292",31,"bag4",0.0146277141693476,0.101939366637549,0.984612275003837
"3293",31,"trpm6",-0.0185132064496897,0.172273876296452,0.984612275003837
"3294",31,"rorb",-0.00441232211818975,0.67509202417329,0.993489446331016
"3295",31,"mfsd3",0.0109274911032422,0.581067959713124,0.993489446331016
"3296",31,"zfand5a",0.0540331457402313,0.0184394686469322,0.402081011705969
"3297",31,"snrnp200",-0.0712961499172978,0.0390863318756641,0.666785980128103
"3298",31,"ciao1",0.009960169199343,0.40779281093177,0.98487850369265
"3299",31,"tmem127",0.0115452397374432,0.208822205282741,0.984612275003837
"3300",31,"tmem230b",0.00486694434320533,0.740366106599472,0.996208074900292
"3301",31,"dpysl2a",0.0353063151514417,0.0404760319623077,0.67867459082421
"3302",31,"bnip3la",-0.0126054420417437,0.65911964265188,0.993489446331016
"3303",31,"ppp2r2aa",0.0185012843582843,0.0889004318066298,0.963905736748171
"3304",31,"LOC111580367",-0.000911114767919759,0.922153879069294,0.996208074900292
"3305",31,"LOC111580364",0.0242903339382607,0.473102417433663,0.98487850369265
"3306",31,"LOC111580372",-0.0102463341407938,0.288358423616959,0.984612275003837
"3307",31,"LOC111580369",0.00398468717120069,0.524188473119959,0.98487850369265
"3308",31,"mn1b",0.0252052114303756,0.574562800116734,0.993489446331016
"3309",31,"LOC129349080",0.036393847880625,0.282673053608905,0.984612275003837
"3310",31,"LOC111586713",-0.00747876241149994,0.890260197820945,0.996208074900292
"3311",31,"zgc:153044",0.00304772937598934,0.856403816682805,0.996208074900292
"3312",31,"tgoln2",-0.0214322906608863,0.142102719198594,0.984612275003837
"3313",31,"tcf7l1b",0.0161865400964378,0.340841700847866,0.984612275003837
"3314",31,"ube2d4",-0.00676540840126902,0.680437350556387,0.993489446331016
"3315",31,"dbnlb",0.0173153724138713,0.42102971153426,0.98487850369265
"3316",31,"LOC111582572",0.0367962386891729,0.290483388346136,0.984612275003837
"3317",31,"polr3d",-0.00641529739198389,0.394385900909105,0.98487850369265
"3318",31,"rab11fip1a",0.00159374512623937,0.922429833865325,0.996208074900292
"3319",31,"LOC111579805",0.0172672505439054,0.684362919533389,0.993489446331016
"3320",31,"med22",0.0102796176007356,0.177533730053005,0.984612275003837
"3321",31,"nfu1",0.0171657016676604,0.435490704358349,0.98487850369265
"3322",31,"LOC111579812",0.020503432619923,0.56992001227734,0.993489446331016
"3323",31,"kansl3",0.0247495860939587,0.442823189968647,0.98487850369265
"3324",31,"disp3",0.0206571420263511,0.341957257485442,0.984612275003837
"3325",31,"si:dkey-32e23.4",-0.0182883293101427,0.102732175581957,0.984612275003837
"3326",31,"ubl4a",0.00599124378204718,0.524188473119959,0.98487850369265
"3327",31,"prkg1l",0.0063860785295063,0.340841700847866,0.984612275003837
"3328",31,"bin3",0.011772544458539,0.381546586714591,0.98487850369265
"3329",31,"egr3",0.00358580531345942,0.719309264449339,0.993489446331016
"3330",31,"LOC111578650",-0.0116058062697596,0.265764740886505,0.984612275003837
"3331",31,"rhobtb2a",-0.00417925414031024,0.829107125231394,0.996208074900292
"3332",31,"stc1",0.0134701060143958,0.293566564639705,0.984612275003837
"3333",31,"entpd4",-0.0196005452441155,0.22801596322238,0.984612275003837
"3334",31,"abhd17b",0.0098251305561585,0.171972375846986,0.984612275003837
"3335",31,"trpm3",0.00200658233669889,0.959878565121485,0.996208074900292
"3336",31,"fam219ab",0.0183099137748521,0.169278445853764,0.984612275003837
"3337",31,"smn1",0.00412148679313237,0.719309264449339,0.993489446331016
"3338",31,"mblac2",0.00969254926379199,0.429626773367166,0.98487850369265
"3339",31,"polr3g",0.00697683070151568,0.524188473119959,0.98487850369265
"3340",31,"LOC129349099",-0.0167437782823263,0.1733554409479,0.984612275003837
"3341",31,"arrdc3a",-0.0233995702271046,0.354675989653778,0.98487850369265
"3342",31,"mctp1a",0.0202846524656394,0.335753246440267,0.984612275003837
"3343",31,"slf1",0.0193548585421487,0.213720551844426,0.984612275003837
"3344",31,"kiaa0825",0.0211901045790621,0.587174357328368,0.993489446331016
"3345",31,"fam172a",0.00962930040426232,0.848303311754615,0.996208074900292
"3346",31,"LOC129349142",-0.00734685667321878,0.703857885845827,0.993489446331016
"3347",31,"nr2f1a",0.00789476281763487,0.877982093136347,0.996208074900292
"3348",31,"LOC118471146",0.0149026209776954,0.195781967718009,0.984612275003837
"3349",31,"LOC111576599",0.00892298465925429,0.340841700847866,0.984612275003837
"3350",31,"nol6",-0.0205064323511991,0.166279452305564,0.984612275003837
"3351",31,"LOC111576602",0.00274328192036769,0.85051640537808,0.996208074900292
"3352",31,"rhobtb4",0.00776209165967383,0.678352129425903,0.993489446331016
"3353",31,"LOC118471589",-0.00868812572569536,0.510829305584806,0.98487850369265
"3354",31,"si:dkey-40c11.2",0.00298333849782732,0.719309264449339,0.993489446331016
"3355",31,"mef2cb",-0.00369929579687542,0.85546386427083,0.996208074900292
"3356",31,"LOC111562509",0.0332992698333983,0.305350929310005,0.984612275003837
"3357",31,"tmem161b",0.021739565133352,0.203357037598394,0.984612275003837
"3358",31,"LOC129349069",0.0614655926304881,0.12576441671126,0.984612275003837
"3359",31,"ccnh",-0.0134370784560038,0.296543223026073,0.984612275003837
"3360",31,"rasa1a",0.000479492875193896,0.978602833770498,0.996470473031212
"3361",31,"LOC111562508",0.00933571393916764,0.838918110352022,0.996208074900292
"3362",31,"LOC111581162",0.080604788802605,0.185912134690991,0.984612275003837
"3363",31,"LOC129349088",-0.0132148828535011,0.012248839713383,0.285431162031599
"3364",31,"vcana",0.0208835864476749,0.0226337759644975,0.468263619833242
"3365",31,"LOC111576022",0.0131999755054282,0.555491025171339,0.993489446331016
"3366",31,"tmem167a",0.00754688010873687,0.605437266974048,0.993489446331016
"3367",31,"LOC129349171",0.00258917217766387,0.80401770491642,0.996208074900292
"3368",31,"ssbp2a",-0.049466088917885,0.119005337733561,0.984612275003837
"3369",31,"LOC111576017",0.0441562925251152,0.461393040780232,0.98487850369265
"3370",31,"f2r",0.00943634442644715,0.340841700847866,0.984612275003837
"3371",31,"sv2ca",-0.0104764569077081,0.895042800722952,0.996208074900292
"3372",31,"polk",0.00943634442644715,0.340841700847866,0.984612275003837
"3373",31,"cert1",-0.0279459604127111,0.173584111556039,0.984612275003837
"3374",31,"LOC129349137",-0.0161984077091706,0.012248839713383,0.285431162031599
"3375",31,"pip5k1bb",-0.000409992258879846,0.979268750056794,0.996703863757666
"3376",31,"LOC111576027",-0.0203295835957858,0.012248839713383,0.285431162031599
"3377",31,"kif2a",0.0180605357732972,0.511250080728768,0.98487850369265
"3378",31,"LOC111581617",-0.0349192600427746,0.37410085332436,0.98487850369265
"3379",31,"homer1b",-0.050968140424857,0.348455774920833,0.98487850369265
"3380",31,"mtx3",-0.0252477593394696,0.166185764420125,0.984612275003837
"3381",31,"serinc5",-0.00243439682837287,0.876805319358772,0.996208074900292
"3382",31,"cdk7",-0.0294132905626717,0.012248839713383,0.285431162031599
"3383",31,"setbp1",0.0597335175776451,0.337394810584775,0.984612275003837
"3384",31,"lnpep",-0.000329071011677992,0.976863081188404,0.996208074900292
"3385",31,"rgmb",0.0193668254512759,0.442224008948091,0.98487850369265
"3386",31,"epg5",-0.0107210728465599,0.318111445473506,0.984612275003837
"3387",31,"dnajb5",0.00227650065442477,0.854951237484389,0.996208074900292
"3388",31,"vcp",-0.0223940883840667,0.230057869313407,0.984612275003837
"3389",31,"LOC111584857",0.00818875393784042,0.705381940174957,0.993489446331016
"3390",31,"thoc5",-0.00159411388760372,0.895106088567285,0.996208074900292
"3391",31,"tfip11",0.0063860785295063,0.340841700847866,0.984612275003837
"3392",31,"LOC129349205",-0.0249033485611096,0.0210460362396107,0.445474433738427
"3393",31,"srrd",0.0162257103101081,0.169162519708904,0.984612275003837
"3394",31,"ddhd2",0.0160285820625377,0.4166457552564,0.98487850369265
"3395",31,"LOC111584860",0.00425238656501374,0.914000945103441,0.996208074900292
"3396",31,"tpcn1",0.00785774415898231,0.524188473119959,0.98487850369265
"3397",31,"LOC129349104",0.00358580531345942,0.719309264449339,0.993489446331016
"3398",31,"morc2",0.0165599761995695,0.639826094370547,0.993489446331016
"3399",31,"plbd2",0.00987962474078627,0.173575973012865,0.984612275003837
"3400",31,"rbm19",0.015388417994824,0.340841700847865,0.984612275003837
"3401",31,"si:dkey-98f17.5",0.0190944282388129,0.164255138578513,0.984612275003837
"3402",31,"LOC111568309",-0.000506692706475028,0.9705148032697,0.996208074900292
"3403",31,"lztr1",0.0171279516547181,0.252800517374192,0.984612275003837
"3404",31,"pes",-0.0226341793360146,0.134083592735242,0.984612275003837
"3405",31,"acacb",-0.00159411388760372,0.895106088567285,0.996208074900292
"3406",31,"ube3b",-0.0205581253356153,0.440975170355655,0.98487850369265
"3407",31,"mvk",0.0196819773316204,0.370203315623894,0.98487850369265
"3408",31,"LOC118470264",-0.0143383398137386,0.253856982328718,0.984612275003837
"3409",31,"git2a",-0.0108829163517507,0.636255645057956,0.993489446331016
"3410",31,"LOC118470265",0.0261581565041991,0.42006598828518,0.98487850369265
"3411",31,"sgsm1a",0.00902511612169513,0.759166888833297,0.996208074900292
"3412",31,"gatc",0.0105400398334709,0.398964483477438,0.98487850369265
"3413",31,"pxmp2",0.00815190899562709,0.340841700847866,0.984612275003837
"3414",31,"alkbh2",0.00667100614392489,0.415763467937726,0.98487850369265
"3415",31,"usp30",0.0184603502396422,0.40394194634433,0.98487850369265
"3416",31,"svopa",0.00360493696000912,0.802160435732879,0.996208074900292
"3417",31,"ssh1a",-0.0196295237627892,0.205000389795204,0.984612275003837
"3418",31,"LOC111588550",0.0048889806806106,0.878597071087961,0.996208074900292
"3419",31,"iscu",-0.00153565675829535,0.895106088567285,0.996208074900292
"3420",31,"sart3",0.0652679056398124,0.116938884295456,0.984612275003837
"3421",31,"wscd2",-0.0145098822234886,0.643219852616118,0.993489446331016
"3422",31,"si:ch211-225b11.1",0.00839644121756034,0.841009302917454,0.996208074900292
"3423",31,"limk2",0.011570879104132,0.340841700847866,0.984612275003837
"3424",31,"pik3ip1",-0.00997964568418472,0.556134765523246,0.993489446331016
"3425",31,"tctn2",0.0142059441087211,0.54107509154225,0.993489446331016
"3426",31,"atp6v0a2b",-0.0108388316884568,0.572676229560286,0.993489446331016
"3427",31,"emid1",-0.0271079485591688,0.517889242773133,0.98487850369265
"3428",31,"rhbdd3",0.0037465650409822,0.808605569052052,0.996208074900292
"3429",31,"ewsr1b",0.019567694151664,0.68322378750611,0.993489446331016
"3430",31,"gas2l1",0.0260588881705746,0.141132879130776,0.984612275003837
"3431",31,"ap1b1",-0.0266497222089032,0.40447205795367,0.98487850369265
"3432",31,"osbp2b",-0.00913659002528782,0.629518185657421,0.993489446331016
"3433",31,"tcn2",0.0105538309824874,0.553950197610674,0.993489446331016
"3434",31,"LOC111575853",0.0156608586250944,0.274599975262345,0.984612275003837
"3435",31,"eif4ebp1",0.011975652812134,0.295696003650395,0.984612275003837
"3436",31,"ank1a",0.05622331461361,0.273319070460141,0.984612275003837
"3437",31,"LOC111575817",0.00930640714506853,0.340841700847866,0.984612275003837
"3438",31,"sftpbb",0.00938253900515546,0.596321137338819,0.993489446331016
"3439",31,"mat2ab",-0.0207938072781256,0.21618684192272,0.984612275003837
"3440",31,"inpp5jb",0.017649035252285,0.44985214190602,0.98487850369265
"3441",31,"selenom",-0.00607244053082587,0.446067479283917,0.98487850369265
"3442",31,"trafd1",0.00360976541905052,0.784000272417251,0.996208074900292
"3443",31,"mob1a",0.0130713751433796,0.213689391473284,0.984612275003837
"3444",31,"LOC111576649",0.0821139591877967,0.0313492065692242,0.579418260321958
"3445",31,"hip1rb",0.0093698442333457,0.799527598338814,0.996208074900292
"3446",31,"rsrc2",-0.0218838529328528,0.425872560082329,0.98487850369265
"3447",31,"si:ch211-110p13.9",-0.000267891541848369,0.976863081188404,0.996208074900292
"3448",31,"zcchc8",-0.00281027076248978,0.905838273029711,0.996208074900292
"3449",31,"clip1a",-0.031899099405854,0.402738156571082,0.98487850369265
"3450",31,"mlxip",0.0117133593311986,0.251219362024228,0.984612275003837
"3451",31,"psmd9",-0.00659266052962595,0.373573334577506,0.98487850369265
"3452",31,"gtf2h3",-0.010589147108041,0.335080764098178,0.984612275003837
"3453",31,"LOC111576636",0.0052786174200721,0.804863324684703,0.996208074900292
"3454",31,"pcsk5b",0.0222977429969651,0.114265795480153,0.984612275003837
"3455",31,"rfk",0.0105335401884081,0.407434042072461,0.98487850369265
"3456",31,"LOC129349147",0.00569726675895126,0.644579725139308,0.993489446331016
"3457",31,"LOC111575567",-0.0178701195461806,0.012248839713383,0.285431162031599
"3458",31,"vps13a",-0.00764139407418422,0.629894260377221,0.993489446331016
"3459",31,"LOC111575629",-0.0016009289292574,0.93459972278034,0.996208074900292
"3460",31,"bri3bp",-0.0217529726110978,0.548139334064415,0.993489446331016
"3461",31,"stpg2",0.0063578934938849,0.524188473119959,0.98487850369265
"3462",31,"unc5ca",0.000711545640026907,0.983595129936606,0.996956250321918
"3463",31,"pdlim5a",-0.012325350721389,0.17241713848169,0.984612275003837
"3464",31,"LOC111576470",0.00558407351934014,0.618285181573028,0.993489446331016
"3465",31,"nipbla",0.018221340357951,0.574923228521454,0.993489446331016
"3466",31,"slc1a3a",0.0207369458784724,0.173109631003106,0.984612275003837
"3467",31,"golm1",0.0209230642427188,0.092449991951097,0.972121614567436
"3468",31,"naa35",-0.00829825727810021,0.595438996759797,0.993489446331016
"3469",31,"agtpbp1",0.0259974009251131,0.235764169528984,0.984612275003837
"3470",31,"ntrk2a",0.0167407996492681,0.728473957727471,0.996208074900292
"3471",31,"LOC111567403",-0.000267891541848369,0.976863081188404,0.996208074900292
"3472",31,"hnrnpk",-0.00150128304315916,0.923239556936024,0.996208074900292
"3473",31,"qng1",-0.0177422441827469,0.11953730703949,0.984612275003837
"3474",31,"gkap1",0.0063860785295063,0.340841700847866,0.984612275003837
"3475",31,"frmd3",0.0722769128905252,0.323578869227345,0.984612275003837
"3476",31,"LOC111567411",-0.0173101354437854,0.212360236053204,0.984612275003837
"3477",31,"LOC111567415",0.00441641681008152,0.715173722383946,0.993489446331016
"3478",31,"LOC129349070",0.0150489946975321,0.262864662524654,0.984612275003837
"3479",31,"LOC111576996",0.00619553556646209,0.749170023318584,0.996208074900292
"3480",31,"LOC111577007",-0.0131237596101331,0.574290296789684,0.993489446331016
"3481",31,"LOC111577013",-0.0205951359427508,0.012248839713383,0.285431162031599
"3482",31,"tmed7",0.028462209445195,0.427792916087719,0.98487850369265
"3483",31,"fem1c",0.0051980554345665,0.84764417418147,0.996208074900292
"3484",31,"pggt1b",-0.00191265938238758,0.935304267033951,0.996208074900292
"3485",31,"trim36",-0.0335138325327043,0.296904540798242,0.984612275003837
"3486",31,"ccser1",-0.0253902397046326,0.62292680604519,0.993489446331016
"3487",31,"grid2",0.0273136473171076,0.75421769696989,0.996208074900292
"3488",31,"LOC118470688",-0.00236719919904018,0.895106088567285,0.996208074900292
"3489",31,"smarcad1a",0.0355044765040453,0.203531165095625,0.984612275003837
"3490",31,"mapk4",-0.0076973216635598,0.348122198410404,0.98487850369265
"3491",31,"me2",0.0104555061868573,0.80528982981749,0.996208074900292
"3492",31,"mier3b",-0.00806699640715957,0.746573507630417,0.996208074900292
"3493",31,"plk2b",0.0127350022652065,0.263055066986279,0.984612275003837
"3494",31,"si:dkey-190g11.3",-0.00634423072427519,0.58818416152322,0.993489446331016
"3495",31,"rab3c",-0.0151159084449768,0.737724423653714,0.996208074900292
"3496",31,"pde4d",-0.00532586322472856,0.808850938980739,0.996208074900292
"3497",31,"ercc8",0.0203086954461467,0.224388439412683,0.984612275003837
"3498",31,"ndufaf2",0.01319897962658,0.524188473119959,0.98487850369265
"3499",31,"smim15",-0.0140652703193647,0.211777394222022,0.984612275003837
"3500",31,"LOC111588638",0.0155726893749443,0.66260401576575,0.993489446331016
"3501",31,"cbwd",0.0131127782967817,0.608503323468931,0.993489446331016
"3502",31,"dock8",0.0051471969201244,0.7264513315697,0.996208074900292
"3503",31,"aopep",-0.043887297412106,0.012248839713383,0.285431162031599
"3504",31,"ptch1",-0.0321590053183173,0.0595704485141401,0.82491369926403
"3505",31,"ercc6l2",-0.0186809650346968,0.26766390697368,0.984612275003837
"3506",31,"ipo11",-0.0358298088530517,0.0673598140344935,0.872751853151968
"3507",31,"htr1aa",0.00321399597058833,0.902407914565422,0.996208074900292
"3508",31,"rgs7bpa",-0.0151802101596032,0.520860451027901,0.98487850369265
"3509",31,"plcxd3",0.00295244197831278,0.892313754600565,0.996208074900292
"3510",31,"oxct1a",-0.00443014365733314,0.886277352086284,0.996208074900292
"3511",31,"fbxo4",0.00412148679313237,0.719309264449339,0.993489446331016
"3512",31,"selenop",0.00363598865519542,0.719309264449339,0.993489446331016
"3513",31,"znf131",-0.000310864050245439,0.976863081188404,0.996208074900292
"3514",31,"nim1ka",0.00731088253018603,0.435101360579075,0.98487850369265
"3515",31,"creb3l3l",0.00703023369509016,0.749996703376467,0.996208074900292
"3516",31,"efna5b",-0.0295987411151349,0.731271869879429,0.996208074900292
"3517",31,"fbxl17",-0.0256058396301678,0.513291405842297,0.98487850369265
"3518",31,"cdc14b",-0.0118471314834194,0.446388864367441,0.98487850369265
"3519",31,"ubox5",0.0071818198485594,0.44973035997873,0.98487850369265
"3520",31,"avp",-0.0161984077091706,0.012248839713383,0.285431162031599
"3521",31,"lzts3b",-0.0227582779606144,0.105716335017333,0.984612275003837
"3522",31,"oxt",0.00551321626614093,0.824231934989557,0.996208074900292
"3523",31,"mrps27",-0.00960035647728706,0.298486603834427,0.984612275003837
"3524",31,"loxhd1b",-0.00159655633335685,0.895106088567285,0.996208074900292
"3525",31,"ark2cb",-0.0385373027026903,0.303876981772234,0.984612275003837
"3526",31,"LOC111573483",0.0016533864261176,0.943086360556706,0.996208074900292
"3527",31,"LOC111573484",0.00892298465925429,0.340841700847866,0.984612275003837
"3528",31,"LOC111564714",-0.0125062974694034,0.395165445382288,0.98487850369265
"3529",31,"rnf122",0.0162074331344221,0.47144173212815,0.98487850369265
"3530",31,"ostf1",0.013552577310954,0.466114927138129,0.98487850369265
"3531",31,"mapkapk5",0.0101373702642027,0.170314649953189,0.984612275003837
"3532",31,"atxn2",0.00200068920886953,0.93586856699334,0.996208074900292
"3533",31,"sh2b3",0.00383238986532682,0.831751503878283,0.996208074900292
"3534",31,"pheta1",-0.00245686717479507,0.896447105648387,0.996208074900292
"3535",31,"hsd17b4",-0.0199859817519798,0.213541072892439,0.984612275003837
"3536",31,"LOC111564720",0.021264857684474,0.415440938266814,0.98487850369265
"3537",31,"sema6a",0.0120680134277853,0.59159182133996,0.993489446331016
"3538",31,"commd10",-0.0503249108884233,0.207302443725264,0.984612275003837
"3539",31,"LOC111564694",-0.0136479443431675,0.561362008499,0.993489446331016
"3540",31,"cdo1",0.00697683070151568,0.524188473119959,0.98487850369265
"3541",31,"cep78",0.00363598865519542,0.719309264449339,0.993489446331016
"3542",31,"lifra",0.0127690019128678,0.551719749727126,0.993489446331016
"3543",31,"LOC111564680",0.00892298465925429,0.340841700847866,0.984612275003837
"3544",31,"pdxp",-0.0255535144810699,0.430761842106327,0.98487850369265
"3545",31,"mrps36",-0.00304516892312977,0.821261753221744,0.996208074900292
"3546",31,"LOC111564687",-0.00575801862683716,0.733792645460913,0.996208074900292
"3547",31,"rasgrf2b",0.000734603359278966,0.956570522508602,0.996208074900292
"3548",31,"msh3",8.21474034274046e-06,0.99962544585804,0.999859294605512
"3549",31,"dusp2",-0.0159404937287225,0.012248839713383,0.285431162031599
"3550",31,"fahd2a",0.00815190899562709,0.340841700847866,0.984612275003837
"3551",31,"pcna",-0.000267891541848369,0.976863081188404,0.996208074900292
"3552",31,"kcnip3a",-0.0321167990288408,0.664410699242285,0.993489446331016
"3553",31,"LOC129349183",0.0350080698805194,0.340841700847866,0.984612275003837
"3554",31,"slc23a2",-0.0146871155471613,0.711395716454752,0.993489446331016
"3555",31,"LOC111566718",0.00745886230124105,0.471185348579008,0.98487850369265
"3556",31,"letm2",-0.00171000991209897,0.958956498552746,0.996208074900292
"3557",31,"nsd3",0.00199772193052796,0.907666448394059,0.996208074900292
"3558",31,"plpp5",0.0146400092690426,0.43362110229362,0.98487850369265
"3559",31,"septin5a",0.0397302949691184,0.352925479375565,0.98487850369265
"3560",31,"gp1bb",0.0063860785295063,0.340841700847866,0.984612275003837
"3561",31,"dhx37",-0.00318503096083509,0.895106088567285,0.996208074900292
"3562",31,"LOC129349152",-0.0406640474304633,0.0530901466339394,0.785805504422352
"3563",31,"ufd1l",0.00710307052959913,0.549429060394616,0.993489446331016
"3564",31,"c6h22orf39",-0.00198237554604336,0.901948528259824,0.996208074900292
"3565",31,"mrpl40",0.000352743260348068,0.978405825333292,0.996452700582568
"3566",31,"rpl6",-0.059287721335247,0.0714168558025978,0.8937209847609
"3567",31,"dynll1",0.0408598366490131,0.288534684377958,0.984612275003837
"3568",31,"polb",-0.00915579233880389,0.58265648409277,0.993489446331016
"3569",31,"vdac3",-0.0132148828535011,0.012248839713383,0.285431162031599
"3570",31,"ikbkb",-0.000310864050245439,0.976863081188404,0.996208074900292
"3571",31,"cltcl1",-0.00662901956237112,0.741973890137836,0.996208074900292
"3572",31,"si:dkey-178e17.1",-0.0171632419189234,0.0701409847246661,0.883322108729728
"3573",31,"snap29",-0.0059494072615489,0.563981371529185,0.993489446331016
"3574",31,"LOC129349125",-0.0178701195461806,0.012248839713383,0.285431162031599
"3575",31,"hic2",-0.00266447668086662,0.8664322146248,0.996208074900292
"3576",31,"LOC111566711",0.00265030879758068,0.792143165766411,0.996208074900292
"3577",31,"LOC111566709",0.0209305251756717,0.340841700847866,0.984612275003837
"3578",31,"paip1",0.0115191364346487,0.480422571555003,0.98487850369265
"3579",31,"LOC129349094",0.00566217277036919,0.667658266832593,0.993489446331016
"3580",31,"ndufs4",-0.0194765017156085,0.353985182344813,0.98487850369265
"3581",31,"arl15a",-0.0190588582267501,0.606844088845678,0.993489446331016
"3582",31,"snx18a",0.00582563538820579,0.623683942996883,0.993489446331016
"3583",31,"cspg4ba",-0.0108839841127381,0.432893241618023,0.98487850369265
"3584",31,"si:dkey-193c22.1",-0.000321088283375322,0.976863081188404,0.996208074900292
"3585",31,"lipg",0.0125302555724113,0.761033523594274,0.996208074900292
"3586",31,"LOC129349201",-0.00388239825852348,0.835614083162148,0.996208074900292
"3587",31,"slc20a2",-0.0133794941216299,0.239194284401464,0.984612275003837
"3588",31,"mthfd2l",0.0055771518162267,0.671133958959102,0.993489446331016
"3589",31,"tut7",0.00532947064291548,0.752667903413155,0.996208074900292
"3590",31,"isca1",0.0276877039298986,0.128088737908425,0.984612275003837
"3591",31,"kiss1rb",-0.00235144400224128,0.889759682469469,0.996208074900292
"3592",31,"psat1",0.0160143116591579,0.369558340074052,0.98487850369265
"3593",31,"LOC111580763",-0.0312228756438876,0.0910399506844251,0.964667868932546
"3594",31,"mccc2",-0.00766592533623668,0.732919017575747,0.996208074900292
"3595",31,"tmem8b",0.0186292949191936,0.689233421154447,0.993489446331016
"3596",31,"tars1",0.00814186348931226,0.75633225629771,0.996208074900292
"3597",31,"LOC129349123",0.0063860785295063,0.340841700847866,0.984612275003837
"3598",31,"LOC118471447",-0.00312491313842091,0.895106088567285,0.996208074900292
"3599",31,"LOC111577498",-0.012307572746788,0.409060015775896,0.98487850369265
"3600",31,"LOC111577499",0.0157042970017882,0.351358035260747,0.98487850369265
"3601",31,"LOC111577500",0.00918194414515892,0.411527191106307,0.98487850369265
"3602",31,"cenatac",-0.0309247102723697,0.0528208662024199,0.785090672976176
"3603",31,"LOC111564815",-0.0314379491149247,0.0376883504534415,0.648110235255819
"3604",31,"LOC129349065",0.00626431327642107,0.340841700847866,0.984612275003837
"3605",31,"gak",0.00757919168722124,0.703240348556199,0.993489446331016
"3606",31,"aacs",0.00577071928516845,0.758099513571469,0.996208074900292
"3607",31,"si:dkey-215k6.1",0.0143708667059051,0.658655613913233,0.993489446331016
"3608",31,"jak2b",0.000737686259698519,0.964704599877727,0.996208074900292
"3609",31,"zgc:114041",-0.00119756798573556,0.976863081188404,0.996208074900292
"3610",31,"coq2",-0.0282701041093652,0.012248839713383,0.285431162031599
"3611",31,"LOC111580402",0.0274812559774547,0.0938412375282236,0.972275180017018
"3612",31,"mfsd10",0.00943634442644715,0.340841700847866,0.984612275003837
"3613",31,"LOC111580393",-0.00191587481593513,0.842192323034149,0.996208074900292
"3614",31,"mrps30",0.0134501060832882,0.408154870341322,0.98487850369265
"3615",31,"hint2",-0.0116101685262468,0.167043461477828,0.984612275003837
"3616",31,"ppef2a",4.75292783255883e-05,0.997542765945498,0.999816729949705
"3617",31,"scarb2a",0.0135451764981492,0.550686827821639,0.993489446331016
"3618",31,"LOC111580414",-0.00165836259045569,0.880001120003892,0.996208074900292
"3619",31,"smc5",-0.00890945206404117,0.663686215478765,0.993489446331016
"3620",31,"LOC111580407",0.00966997978458338,0.486907561641648,0.98487850369265
"3621",31,"LOC111580389",-0.0672227040524146,0.0603478353716168,0.827291033743796
"3622",31,"LOC111580390",0.00237508706534672,0.925144969392331,0.996208074900292
"3623",31,"poli",-0.015545519324675,0.294226061751516,0.984612275003837
"3624",31,"ugt2b3",-0.00159411388760372,0.895106088567285,0.996208074900292
"3625",31,"LOC111580416",0.0147204853241525,0.340841700847866,0.984612275003837
"3626",31,"LOC111580400",0.00914287441432709,0.690234876821669,0.993489446331016
"3627",31,"LOC111583974",0.0109192275806054,0.340841700847866,0.984612275003837
"3628",31,"LOC111583971",-0.00661886569863923,0.77678660146206,0.996208074900292
"3629",31,"LOC111583973",0.00166177125280986,0.880073426479369,0.996208074900292
"3630",31,"LOC129349081",-0.0185070267124293,0.0562416195611938,0.800678417437773
"3631",31,"kremen1",-0.00159655633335685,0.895106088567285,0.996208074900292
"3632",31,"LOC111581896",0.0166807401148929,0.509317666959353,0.98487850369265
"3633",31,"si:dkey-13n15.2",0.0101505137514907,0.458752187236565,0.98487850369265
"3634",31,"camk2b1",-0.0318259568761934,0.651053422186685,0.993489446331016
"3635",31,"znrf3",0.00221803795663307,0.899670193339071,0.996208074900292
"3636",31,"xbp1",-0.0146658685177252,0.405131163848709,0.98487850369265
"3637",31,"srrm4",0.0435928514296556,0.442651907703884,0.98487850369265
"3638",31,"suds3",0.00474494051543165,0.72576038727609,0.996208074900292
"3639",31,"taok3a",0.0498100789172624,0.481036726071589,0.98487850369265
"3640",31,"pebp1",-0.027156886378628,0.520048025936081,0.98487850369265
"3641",31,"wsb2",0.00853326272641011,0.501278809994909,0.98487850369265
"3642",31,"ksr2",-0.0540092141087956,0.160262657470552,0.984612275003837
"3643",31,"nos1",0.00358580531345942,0.719309264449339,0.993489446331016
"3644",31,"lrrc74b",0.00892298465925429,0.340841700847866,0.984612275003837
"3645",31,"castor1",0.00358553394113734,0.719309264449339,0.993489446331016
"3646",31,"LOC111572566",0.0104729520438932,0.340841700847866,0.984612275003837
"3647",31,"spring1",0.0103404057477842,0.472974245373439,0.98487850369265
"3648",31,"rnft2",0.00412148679313237,0.719309264449339,0.993489446331016
"3649",31,"fbxw8",-0.0293363986890531,0.012248839713383,0.285431162031599
"3650",31,"LOC111585904",-0.00681417924972515,0.510325569082788,0.98487850369265
"3651",31,"zgc:112294",0.00517680456733144,0.85137227902766,0.996208074900292
"3652",31,"rtn4r",-0.0368263253209619,0.399564137440835,0.98487850369265
"3653",31,"hscb",0.00744971139040777,0.255140067524178,0.984612275003837
"3654",31,"lrrc8ab",-0.0172331661868202,0.297716092233768,0.984612275003837
"3655",31,"ppil3",-0.00159655633335685,0.895106088567285,0.996208074900292
"3656",31,"zgc:101858",0.0027298740900076,0.843431508984491,0.996208074900292
"3657",31,"col27a1b",0.0143909905045923,0.675503735964772,0.993489446331016
"3658",31,"si:ch73-29c22.1",0.00803921022558703,0.340841700847865,0.984612275003837
"3659",31,"LOC111586035",0.0597930468936959,0.34066024452174,0.984612275003837
"3660",31,"LOC118470943",0.00569294589139793,0.665615866205781,0.993489446331016
"3661",31,"camsap1b",0.0278902762188541,0.122192345643568,0.984612275003837
"3662",31,"ubac1",0.0176952411571709,0.0673280099194028,0.872751853151968
"3663",31,"inpp5e",0.0140935432833204,0.291526328988239,0.984612275003837
"3664",31,"pmpca",-0.00654558230004115,0.542968842136493,0.993489446331016
"3665",31,"dapk1",-0.0130768942308026,0.691215851540913,0.993489446331016
"3666",31,"ctsla",-0.0165375593230977,0.502949434650094,0.98487850369265
"3667",31,"cfap157",-0.000321088283375322,0.976863081188404,0.996208074900292
"3668",31,"smarca2",-0.00484551548807233,0.883904631411114,0.996208074900292
"3669",31,"LOC129349109",-0.0203295835957858,0.012248839713383,0.285431162031599
"3670",31,"rufy3",-0.00956092000396029,0.793833487661342,0.996208074900292
"3671",31,"grsf1",0.0177171743724169,0.179292689593596,0.984612275003837
"3672",31,"LOC111588482",0.00545927685966964,0.716034011030707,0.993489446331016
"3673",31,"LOC129349310",0.0063578934938849,0.524188473119959,0.98487850369265
"3674",31,"znf609b",0.0259667794660549,0.415749169950029,0.98487850369265
"3675",31,"camkk1b",0.0259561916563536,0.45091394270806,0.98487850369265
"3676",31,"ywhag2",-0.0102854227788297,0.887793992076587,0.996208074900292
"3677",31,"LOC129349222",0.0065757198874064,0.436352656070277,0.98487850369265
"3678",31,"nek8",-0.0181597056006543,0.012248839713383,0.285431162031599
"3679",31,"traf4a",-0.030003425709948,0.381476599249916,0.98487850369265
"3680",31,"tada2a",-0.0192526835482155,0.434312270099469,0.98487850369265
"3681",31,"synrg",0.020610831133532,0.518069111517486,0.98487850369265
"3682",31,"dynll2a",-0.0152897005693908,0.200454804330403,0.984612275003837
"3683",31,"srsf1a",0.00708591612308457,0.58100982527488,0.993489446331016
"3684",31,"LOC111569725",0.00193722190179487,0.846591249645792,0.996208074900292
"3685",31,"glod4",-0.00757772410215554,0.561395566630047,0.993489446331016
"3686",31,"mrm3a",0.00803921022558703,0.340841700847865,0.984612275003837
"3687",31,"nxn",0.0215073544236136,0.510406051536084,0.98487850369265
"3688",31,"txndc17",-0.0108243095699041,0.363244317611553,0.98487850369265
"3689",31,"kiaa0753",0.00031242253285364,0.988424568911515,0.998230213796394
"3690",31,"pitpnm3",0.0268276361811294,0.456448251434434,0.98487850369265
"3691",31,"LOC111569730",-0.00767090391869916,0.440079941178688,0.98487850369265
"3692",31,"wdr81",-0.0142197481566717,0.567802499897652,0.993489446331016
"3693",31,"rtn4rl1b",-0.0466440250180192,0.352021198581303,0.98487850369265
"3694",31,"dph1",-0.00857021039840371,0.760412569138885,0.996208074900292
"3695",31,"LOC118470412",-0.0179077514200793,0.340216913875379,0.984612275003837
"3696",31,"taok1a",0.00480382102433905,0.685035731591988,0.993489446331016
"3697",31,"paf1",0.00685639548560894,0.447379168405736,0.98487850369265
"3698",31,"LOC111569713",-0.0148187167095102,0.368588501170195,0.98487850369265
"3699",31,"socs9",0.00304365922224096,0.776890899684435,0.996208074900292
"3700",31,"lrfn1",0.0153384740096287,0.717915762711418,0.993489446331016
"3701",31,"nkapd1",0.0122367245566941,0.26769771973429,0.984612275003837
"3702",31,"dixdc1a",0.0189148173523115,0.422301135002553,0.98487850369265
"3703",31,"pih1d2",0.00508384220148624,0.719309264449339,0.993489446331016
"3704",31,"zbtb16b",0.00890963087281473,0.564328587271748,0.993489446331016
"3705",31,"ncam1b",-0.056515894550676,0.159720070140763,0.984612275003837
"3706",31,"cadm1b",0.0219565479502746,0.77283840004267,0.996208074900292
"3707",31,"LOC129349284",0.00243477135777641,0.819651320843708,0.996208074900292
"3708",31,"arhgap32a",-0.0494354694093583,0.254028028329304,0.984612275003837
"3709",31,"igsf9ba",0.0386460070142373,0.411175322381561,0.98487850369265
"3710",31,"jam3a",-0.00447359184821638,0.846965224235975,0.996208074900292
"3711",31,"LOC111565127",0.0240573335568558,0.0982618105504499,0.980844755541041
"3712",31,"thyn1",-0.000329071011677992,0.976863081188404,0.996208074900292
"3713",31,"acad8",-0.00037492175215017,0.976863081188404,0.996208074900292
"3714",31,"zgc:77784",0.0101801157082453,0.692952402879247,0.993489446331016
"3715",31,"picalmb",0.00983953404910617,0.816409132605228,0.996208074900292
"3716",31,"LOC111565131",-0.00159411388760372,0.895106088567285,0.996208074900292
"3717",31,"LOC111565113",0.0163167086065312,0.433712907037177,0.98487850369265
"3718",31,"dyrk1ab",-0.0289525376481433,0.209652458517897,0.984612275003837
"3719",31,"thap12b",-0.0221321503201141,0.594955358111743,0.993489446331016
"3720",31,"map6b",-0.00429890987825997,0.588541911687059,0.993489446331016
"3721",31,"zgc:112083",-0.0161984077091706,0.012248839713383,0.285431162031599
"3722",31,"LOC111584956",-0.00371096460747301,0.734737368770999,0.996208074900292
"3723",31,"c18h3orf33",-0.00546733891096794,0.537530452484615,0.993489446331016
"3724",31,"plch1",-0.0106750680334155,0.69487424050737,0.993489446331016
"3725",31,"LOC111589102",0.0024379418093699,0.912905020105829,0.996208074900292
"3726",31,"dhx36",-0.0111425286788335,0.300616715521759,0.984612275003837
"3727",31,"LOC111575847",-0.0203295835957858,0.012248839713383,0.285431162031599
"3728",31,"p2ry12",0.00363598865519542,0.719309264449339,0.993489446331016
"3729",31,"LOC111575846",0.0063860785295063,0.340841700847866,0.984612275003837
"3730",31,"mfsd1",0.0172253777253509,0.37827584160076,0.98487850369265
"3731",31,"schip1",0.0334786180563323,0.576694910515897,0.993489446331016
"3732",31,"si:dkeyp-97b10.3",0.00701337228734066,0.813565232679528,0.996208074900292
"3733",31,"ift80",0.0040214074975348,0.882106892216998,0.996208074900292
"3734",31,"kpna4",0.0267824189837722,0.315344540048106,0.984612275003837
"3735",31,"ppm1lb",0.0627284300802048,0.0426687394748669,0.701681950312971
"3736",31,"sptssb",0.00854376499846344,0.719309264449339,0.993489446331016
"3737",31,"rabgef1l",0.0130505794024447,0.524188473119959,0.98487850369265
"3738",31,"LOC111582467",0.0063860785295063,0.340841700847866,0.984612275003837
"3739",31,"stx1a",-0.0323199235447227,0.012248839713383,0.285431162031599
"3740",31,"bud23",0.00976799455736719,0.172348803833512,0.984612275003837
"3741",31,"LOC111575972",0.0209599015422559,0.449817869406974,0.98487850369265
"3742",31,"cux1b",-0.0180996235676792,0.47854445197428,0.98487850369265
"3743",31,"LOC111573936",-0.0181597056006543,0.012248839713383,0.285431162031599
"3744",31,"srprb",0.00450774868916627,0.719309264449339,0.993489446331016
"3745",31,"gfm1",-0.0178701195461806,0.012248839713383,0.285431162031599
"3746",31,"itpkcb",-0.0147079870911707,0.18794932833976,0.984612275003837
"3747",31,"snrpa",0.00597393615130326,0.654934250389531,0.993489446331016
"3748",31,"LOC111581241",-0.010624647418731,0.503749733931204,0.98487850369265
"3749",31,"clasrp",0.0102187998468485,0.563440384256262,0.993489446331016
"3750",31,"c7h19orf47",0.00903859690768974,0.524188473119959,0.98487850369265
"3751",31,"ttc9b",-0.0467104561551895,0.0448143510453913,0.716750225510266
"3752",31,"map3k10",-0.0137346490136155,0.619607176869564,0.993489446331016
"3753",31,"sipa1l3",0.00219065138396348,0.877239406618573,0.996208074900292
"3754",31,"tbcb",-0.00831488221733271,0.751023042674407,0.996208074900292
"3755",31,"clptm1",-0.0392309990229351,0.116372970226432,0.984612275003837
"3756",31,"relb",-0.00302279276565265,0.819173183069118,0.996208074900292
"3757",31,"LOC129349228",0.00862923548229864,0.719309264449339,0.993489446331016
"3758",31,"mrpl28",-0.00748237901958024,0.399492282127678,0.98487850369265
"3759",31,"ppp1r37",0.000389772505321112,0.979841533744331,0.996703863757666
"3760",31,"bmp16",0.0133566338861099,0.340841700847866,0.984612275003837
"3761",31,"gemin7",-0.000321088283375322,0.976863081188404,0.996208074900292
"3762",31,"calm3a",-0.0369994174108248,0.49779634738507,0.98487850369265
"3763",31,"rtn2a",-0.00202628113408583,0.937766377024559,0.996208074900292
"3764",31,"rab4b",-0.0230265475195252,0.0605405996921598,0.827291033743796
"3765",31,"ap2s1",0.00682014050454073,0.845493261597374,0.996208074900292
"3766",31,"arhgap35a",0.00841347696767052,0.567582205574957,0.993489446331016
"3767",31,"tmem160",-0.00457077994782199,0.561149833982161,0.993489446331016
"3768",31,"egln2",-0.0125230552286183,0.313184082958075,0.984612275003837
"3769",31,"slc1a5",-0.000310864050245439,0.976863081188404,0.996208074900292
"3770",31,"strn4",0.0196533710974362,0.524188473119959,0.98487850369265
"3771",31,"LOC111587747",-0.0140543770562258,0.504219203256497,0.98487850369265
"3772",31,"fxyd6",0.00358580531345942,0.719309264449339,0.993489446331016
"3773",31,"cep57",-0.00923019568230038,0.264456852918123,0.984612275003837
"3774",31,"dock10",-0.0113636267971763,0.564244263084485,0.993489446331016
"3775",31,"rsrc1",0.00846985927666581,0.740367820256262,0.996208074900292
"3776",31,"ppp2r1bb",0.0791940100295994,0.00827643306187454,0.285431162031599
"3777",31,"sik2b",0.0258818133826239,0.252892249063979,0.984612275003837
"3778",31,"drd2a",0.00831488200418137,0.524188473119959,0.98487850369265
"3779",31,"spa17",0.0121060776827738,0.258511889814502,0.984612275003837
"3780",31,"tlcd5a",-0.0174729685847017,0.0654386222291604,0.865341450859217
"3781",31,"arhgef12a",0.00758072529993535,0.181944112082921,0.984612275003837
"3782",31,"grik4",-0.0549197146246075,0.130701259374003,0.984612275003837
"3783",31,"cbl",0.00507749759495606,0.794390445834456,0.996208074900292
"3784",31,"rnf26",0.00412148679313237,0.719309264449339,0.993489446331016
"3785",31,"kmt2a",0.0525702353528992,0.335595781017741,0.984612275003837
"3786",31,"ube4a",0.0206728040933852,0.427420241927706,0.98487850369265
"3787",31,"im:7138535",0.00987962474078627,0.173575973012865,0.984612275003837
"3788",31,"chchd2",-0.00337591260100321,0.780824833306904,0.996208074900292
"3789",31,"LOC111564741",0.00599124378204718,0.524188473119959,0.98487850369265
"3790",31,"psph",0.00298333849782732,0.719309264449339,0.993489446331016
"3791",31,"LOC111564745",0.00856609807071234,0.790082145331878,0.996208074900292
"3792",31,"limk1a",-0.0317123433010449,0.618070664279249,0.993489446331016
"3793",31,"septin4b",0.0106719223278479,0.432968073046145,0.98487850369265
"3794",31,"mnta",0.0127602731421244,0.483244831373599,0.98487850369265
"3795",31,"mettl16",-0.000329071011677992,0.976863081188404,0.996208074900292
"3796",31,"LOC111572996",-0.0058952118044932,0.763392708938801,0.996208074900292
"3797",31,"cluha",0.0173828086145105,0.247162363554769,0.984612275003837
"3798",31,"ccdc92ba",-0.0264669508634309,0.494401737602053,0.98487850369265
"3799",31,"tlcd2",-0.0111568426229505,0.30567181968981,0.984612275003837
"3800",31,"prpf8",-0.0112071003656106,0.499767087710788,0.98487850369265
"3801",31,"rilp",0.0202190226000241,0.208057409664757,0.984612275003837
"3802",31,"scarf1",0.0115624676434105,0.674062946296924,0.993489446331016
"3803",31,"sarm1",0.00459568672724021,0.703867698976588,0.993489446331016
"3804",31,"unc119a",0.00170982480736145,0.873583104974642,0.996208074900292
"3805",31,"cpda",-0.0119970960507295,0.608637513844543,0.993489446331016
"3806",31,"gosr1",0.00703818851034902,0.729421541632025,0.996208074900292
"3807",31,"trarg1a",0.0132016553708382,0.509050954194091,0.98487850369265
"3808",31,"LOC118471666",-0.0217754513306548,0.225320423556224,0.984612275003837
"3809",31,"LOC111582219",0.00289869094117213,0.932322644326334,0.996208074900292
"3810",31,"LOC111580675",0.0169011217889348,0.102305790488524,0.984612275003837
"3811",31,"LOC111580672",0.00325724414457497,0.719309264449339,0.993489446331016
"3812",31,"vps53",0.0365430410173159,0.0802042727753056,0.929133735121188
"3813",31,"zgc:172282",-0.0083099885290755,0.937355260492917,0.996208074900292
"3814",31,"zgc:114130",-0.000310864050245439,0.976863081188404,0.996208074900292
"3815",31,"trappc6bl",0.0125605190091916,0.466459071865056,0.98487850369265
"3816",31,"bloc1s3",-0.00154383647357626,0.905003625620679,0.996208074900292
"3817",31,"LOC118470067",0.0058893915242709,0.656161246384715,0.993489446331016
"3818",31,"yif1b",0.00270080236108294,0.797115321494176,0.996208074900292
"3819",31,"LOC111584686",-0.0576658226161395,0.221528975734637,0.984612275003837
"3820",31,"relt",0.00867661317408201,0.544412795068698,0.993489446331016
"3821",31,"LOC111580968",-0.0416635717006812,0.103850109687795,0.984612275003837
"3822",31,"LOC111580978",-0.0232202752560533,0.012248839713383,0.285431162031599
"3823",31,"fam168a",-0.0942140342978328,0.262799346494319,0.984612275003837
"3824",31,"alkbh8",-0.00159655633335685,0.895106088567285,0.996208074900292
"3825",31,"cwf19l2",0.0237128238152599,0.271210413067368,0.984612275003837
"3826",31,"gucy1a2",-0.0112022095649549,0.875751865620644,0.996208074900292
"3827",31,"aasdhppt",-0.0222962366319369,0.109244294768488,0.984612275003837
"3828",31,"msantd4",0.0104729520438932,0.340841700847866,0.984612275003837
"3829",31,"gria4a",-0.0103292181581797,0.866949380821936,0.996208074900292
"3830",31,"pdgfd",0.0063860785295063,0.340841700847866,0.984612275003837
"3831",31,"LOC111572654",0.0340573065277244,0.11034242356732,0.984612275003837
"3832",31,"ctsc",0.0111329806150318,0.460942068383496,0.98487850369265
"3833",31,"grm5b",0.0517273347264982,0.450950455418192,0.98487850369265
"3834",31,"nlrc3l",0.00273634814536256,0.833542433954848,0.996208074900292
"3835",31,"lamtor1",-0.00673042344243378,0.0441894955486778,0.713602176724185
"3836",31,"inppl1a",0.00549686841682104,0.719309264449339,0.993489446331016
"3837",31,"clpb",-0.012902281624604,0.539203044382822,0.993489446331016
"3838",31,"LOC111579983",0.00363598865519542,0.719309264449339,0.993489446331016
"3839",31,"LOC111579029",-0.0546170639352356,0.0501954638211852,0.767410267502196
"3840",31,"cul3b",-0.0480453200205862,0.0369455456849438,0.643886568615183
"3841",31,"mmp28",-0.00441069798483674,0.849256651036926,0.996208074900292
"3842",31,"taf15",0.0248412325730712,0.123563411358535,0.984612275003837
"3843",31,"porb",-0.0121784658790942,0.474199403316216,0.98487850369265
"3844",31,"gdpd1",0.00799114292018407,0.601582022316159,0.993489446331016
"3845",31,"hip1",-0.00805360317161658,0.79770817289472,0.996208074900292
"3846",31,"bcl7bb",-0.0118541899839668,0.302621763768223,0.984612275003837
"3847",31,"baz1b",0.00938541123452251,0.58211897108268,0.993489446331016
"3848",31,"fzd9b",0.0140186609923486,0.396347928872392,0.98487850369265
"3849",31,"LOC129349271",-6.28636027860267e-05,0.997886925364854,0.999816729949705
"3850",31,"rnf7",0.00412192947647976,0.801003621153289,0.996208074900292
"3851",31,"rasa2",0.00289913259562296,0.909107997787982,0.996208074900292
"3852",31,"zbtb38",0.0134387588227307,0.568609118789919,0.993489446331016
"3853",31,"trip12",0.00466329265664258,0.87831916226634,0.996208074900292
"3854",31,"dner",0.03394782783994,0.20143961577864,0.984612275003837
"3855",31,"pid1",0.00457976418701751,0.857972441262678,0.996208074900292
"3856",31,"sphkap",0.0260343355161781,0.727014689111223,0.996208074900292
"3857",31,"daw1",-0.000293977023095923,0.976863081188404,0.996208074900292
"3858",31,"agfg1a",-0.0261879169403388,0.392483053660172,0.98487850369265
"3859",31,"mffa",0.000166351998929742,0.990170886022265,0.998253544131569
"3860",31,"scn4ba",0.00490777634326802,0.719309264449339,0.993489446331016
"3861",31,"LOC118470758",0.00441641681008152,0.715173722383946,0.993489446331016
"3862",31,"scn2b",-0.0172797391449068,0.598609901518293,0.993489446331016
"3863",31,"slitrk3a",0.00425446864462023,0.818796571296617,0.996208074900292
"3864",31,"si",-0.0161984077091706,0.012248839713383,0.285431162031599
"3865",31,"LOC111587515",0.023726884077375,0.0596803549479239,0.82491369926403
"3866",31,"pdcd10a",0.00868908875454439,0.57774342941722,0.993489446331016
"3867",31,"serpini1",0.0248443219495695,0.369072250323924,0.98487850369265
"3868",31,"LOC111587519",-0.00365353577379158,0.886017384233185,0.996208074900292
"3869",31,"veph1",0.0204818125000544,0.421171167878446,0.98487850369265
"3870",31,"ccnl1a",0.0209313422310147,0.573168797496777,0.993489446331016
"3871",31,"lekr1",0.00363598865519542,0.719309264449339,0.993489446331016
"3872",31,"tiparp",-0.000310864050245439,0.976863081188404,0.996208074900292
"3873",31,"ssr3",0.0095378788818363,0.35262098944923,0.98487850369265
"3874",31,"kcnab1a",-0.0114280360051883,0.403602521637799,0.98487850369265
"3875",31,"LOC111588927",-0.000310864050245439,0.976863081188404,0.996208074900292
"3876",31,"gmps",0.0058985440148424,0.735239026716493,0.996208074900292
"3877",31,"slc33a1",-0.0209242069544288,0.0851290007765895,0.951175690732852
"3878",31,"vmp1",0.00548993150340421,0.659951762515577,0.993489446331016
"3879",31,"npat",-0.00111508873191065,0.942355308989028,0.996208074900292
"3880",31,"atm",0.00324018828993646,0.877642408996396,0.996208074900292
"3881",31,"dscamb",0.0375498845690599,0.157428666322332,0.984612275003837
"3882",31,"pcp4b",-0.0325382901418888,0.464497829995813,0.98487850369265
"3883",31,"get1",0.0407910372189971,0.144894260660898,0.984612275003837
"3884",31,"hmgn1a",0.00743175214965528,0.664918020733285,0.993489446331016
"3885",31,"brwd1",-0.0130199713588035,0.586225762190698,0.993489446331016
"3886",31,"mipepa",-0.0122513752582081,0.557818885824097,0.993489446331016
"3887",31,"sacs",0.0033552852909149,0.818042333054478,0.996208074900292
"3888",31,"LOC129349288",-0.0458823052341941,0.225522960034318,0.984612275003837
"3889",31,"sgcg",0.00319998610077292,0.83045230320569,0.996208074900292
"3890",31,"rps25",0.0129488463988005,0.603216177552188,0.993489446331016
"3891",31,"slc37a4a",0.00815190899562709,0.340841700847866,0.984612275003837
"3892",31,"LOC111568819",-0.0143734894202462,0.712316578711526,0.993489446331016
"3893",31,"snrpd2",-0.0241150216939675,0.0439973352089954,0.712567952936595
"3894",31,"pglyrp5",0.00356219293753618,0.750415041702868,0.996208074900292
"3895",31,"lbhl",0.00360976541905052,0.784000272417251,0.996208074900292
"3896",31,"gramd1bb",-0.0357537973638926,0.308962018943664,0.984612275003837
"3897",31,"clmpb",0.00811225120873488,0.519487286063567,0.98487850369265
"3898",31,"rbm7",0.0154582008639828,0.185688567914546,0.984612275003837
"3899",31,"kirrel3b",0.0118787541318263,0.704740442293321,0.993489446331016
"3900",31,"kcnj5",-0.00581774466931139,0.849696120755785,0.996208074900292
"3901",31,"st3gal4",0.00290516632274699,0.824615248183244,0.996208074900292
"3902",31,"srpra",-0.0386317398757095,0.0745524094107698,0.908591954326234
"3903",31,"glb1l2",-0.0203295835957858,0.012248839713383,0.285431162031599
"3904",31,"LOC111569167",0.00732642832589744,0.595501049243579,0.993489446331016
"3905",31,"LOC111569168",-0.0420822266295858,0.098413284507782,0.980844755541041
"3906",31,"tbrg1",-0.0113706333086469,0.423384197395351,0.98487850369265
"3907",31,"gdpd5b",0.00409587722483024,0.766652772987202,0.996208074900292
"3908",31,"samsn1a",0.00363598865519542,0.719309264449339,0.993489446331016
"3909",31,"akt2",0.0016419664211085,0.952054246533648,0.996208074900292
"3910",31,"si:ch211-132b12.7",0.00626431327642107,0.340841700847866,0.984612275003837
"3911",31,"LOC111586735",0.00703020693198349,0.425870552516454,0.98487850369265
"3912",31,"LOC118469647",0.000247905044457439,0.978279666523461,0.996452700582568
"3913",31,"LOC111575230",-0.0161984077091706,0.012248839713383,0.285431162031599
"3914",31,"LOC111589130",-0.052897117169519,0.27774839299892,0.984612275003837
"3915",31,"blmh",0.00388521934630361,0.911987702479576,0.996208074900292
"3916",31,"slc6a4a",-0.0160715963703328,0.0719295947262705,0.895460192503026
"3917",31,"ssh2a",0.005023073231336,0.792674559840482,0.996208074900292
"3918",31,"ankrd13b",-0.00504711569729148,0.809231548011171,0.996208074900292
"3919",31,"git1",0.00746045463349323,0.708894339448778,0.993489446331016
"3920",31,"igsf11",-0.020599172200173,0.177252404423783,0.984612275003837
"3921",31,"lsamp",0.00735173452313677,0.905781952026649,0.996208074900292
"3922",31,"gap43",0.035575440553624,0.444842090378908,0.98487850369265
"3923",31,"LOC129349312",0.0063860785295063,0.340841700847866,0.984612275003837
"3924",31,"LOC111574529",-0.000310864050245439,0.976863081188404,0.996208074900292
"3925",31,"LOC111574531",0.00959742211637256,0.371468639831293,0.98487850369265
"3926",31,"sik3",-0.0200818155347532,0.529704433199694,0.989372540616599
"3927",31,"sidt2",-0.0178710515718428,0.178748022127587,0.984612275003837
"3928",31,"LOC111574546",0.0176824089982026,0.40624432833163,0.98487850369265
"3929",31,"apoa1b",0.00298333849782732,0.719309264449339,0.993489446331016
"3930",31,"bace1",-0.0555572587416963,0.0445618884818019,0.713602176724185
"3931",31,"pcsk7",-0.011503554800873,0.353720062034847,0.98487850369265
"3932",31,"pnkp",-0.00983090932059359,0.403367439202584,0.98487850369265
"3933",31,"dpf1",-0.00242061405635741,0.929653084823013,0.996208074900292
"3934",31,"si:ch211-11n16.2",0.00472932537817594,0.640565892536876,0.993489446331016
"3935",31,"numbl",-0.00152427886885186,0.956178902448381,0.996208074900292
"3936",31,"coq8b",-0.00159655633335685,0.895106088567285,0.996208074900292
"3937",31,"slc5a2",0.00858418391989905,0.439291867739974,0.98487850369265
"3938",31,"si:dkey-260j18.2",-0.0114840410166743,0.274811500572121,0.984612275003837
"3939",31,"sars2",-0.000418266595330516,0.976863081188404,0.996208074900292
"3940",31,"LOC111566020",0.0118902075000918,0.760545100972254,0.996208074900292
"3941",31,"LOC111566021",-0.0035762367102912,0.895106088567285,0.996208074900292
"3942",31,"LOC111566036",0.016444796852724,0.382312463263998,0.98487850369265
"3943",31,"LOC111566035",-0.00109561126914766,0.961422475712483,0.996208074900292
"3944",31,"LOC111566028",0.0255748933207127,0.191021085037879,0.984612275003837
"3945",31,"dmac2",0.00803921022558703,0.340841700847865,0.984612275003837
"3946",31,"sirt2",0.0213683442490164,0.219639316712861,0.984612275003837
"3947",31,"rinl",-0.00049289873545777,0.973053167040683,0.996208074900292
"3948",31,"meis3",-0.0149406230870478,0.340939726789241,0.984612275003837
"3949",31,"itm2ca",0.0063144751095493,0.887921484420588,0.996208074900292
"3950",31,"cab39",0.0177759841515294,0.377301641327964,0.98487850369265
"3951",31,"her13",-0.00037492175215017,0.976863081188404,0.996208074900292
"3952",31,"LOC111569711",0.00600323272785542,0.81880805814534,0.996208074900292
"3953",31,"pik3cb",-0.00666058708844144,0.463411113476129,0.98487850369265
"3954",31,"mrps22",-0.0314466726728448,0.0432730227321136,0.706187102525218
"3955",31,"LOC111569704",-0.0305815839806741,0.657899141151797,0.993489446331016
"3956",31,"LOC111582346",0.00609352693005416,0.524188473119959,0.98487850369265
"3957",31,"LOC111582348",-0.00834918394945371,0.755498375598367,0.996208074900292
"3958",31,"epha4l",0.00679084779590193,0.866346875386055,0.996208074900292
"3959",31,"pax3b",-0.0161984077091706,0.012248839713383,0.285431162031599
"3960",31,"LOC111577127",0.0176465870161019,0.502269256050817,0.98487850369265
"3961",31,"farsb",0.0205996736846938,0.506217930554515,0.98487850369265
"3962",31,"acsl3a",0.0137980766488432,0.311459333646736,0.984612275003837
"3963",31,"scg2a",-0.0393827348534653,0.286067849632861,0.984612275003837
"3964",31,"wdfy1",0.00315735027813646,0.829163741395565,0.996208074900292
"3965",31,"serpine2",-0.0139230206637401,0.24106807082083,0.984612275003837
"3966",31,"LOC111577109",-0.0327198920645589,0.0205220781434964,0.437997830859614
"3967",31,"fam131ab",-0.0275067799103483,0.474329521738147,0.98487850369265
"3968",31,"LOC111567581",0.0109294885446863,0.575802152963583,0.993489446331016
"3969",31,"chrd",0.00358580531345942,0.719309264449339,0.993489446331016
"3970",31,"zgc:153039",-0.00662408744116761,0.526495788909668,0.987067996133977
"3971",31,"LOC111582477",0.0381938984390609,0.146302935838949,0.984612275003837
"3972",31,"inpp5ka",-0.00546806610332304,0.672214659758645,0.993489446331016
"3973",31,"LOC111562705",0.00363598865519542,0.719309264449339,0.993489446331016
"3974",31,"LOC111562704",0.0190565216496144,0.218132887486691,0.984612275003837
"3975",31,"LOC111562717",-0.00764990693734317,0.800400402187297,0.996208074900292
"3976",31,"ywhae1",0.0101774462414673,0.709107899493657,0.993489446331016
"3977",31,"crk",0.0295228134528729,0.258555571713753,0.984612275003837
"3978",31,"lrrc75a",-0.00259683174488046,0.859201163228007,0.996208074900292
"3979",31,"poldip2",-0.0255638221300759,0.162803560362562,0.984612275003837
"3980",31,"tmem199",-0.0073435501593585,0.199956489799523,0.984612275003837
"3981",31,"LOC111562702",-0.0234749589498641,0.012248839713383,0.285431162031599
"3982",31,"usp2a",0.0064770327453333,0.891351475881063,0.996208074900292
"3983",31,"LOC111580898",0.00598102483661635,0.686941659844545,0.993489446331016
"3984",31,"LOC129349314",-0.000329071011677992,0.976863081188404,0.996208074900292
"3985",31,"usf1",0.0185121622694803,0.340841700847865,0.984612275003837
"3986",31,"gkup",-0.0222352580729581,0.108203191463058,0.984612275003837
"3987",31,"ubash3bb",0.00392859782538138,0.8385858232588,0.996208074900292
"3988",31,"arcn1b",0.0248116464169061,0.531592603950795,0.990375937672744
"3989",31,"phldb1b",-0.00406830914307193,0.877505775173731,0.996208074900292
"3990",31,"LOC111571470",0.0131642689768433,0.524188473119959,0.98487850369265
"3991",31,"zbtb44",-0.00323135047453041,0.802762221107581,0.996208074900292
"3992",31,"snx19b",-0.0295600747311664,0.404731861344095,0.98487850369265
"3993",31,"timm8b",0.00626431327642107,0.340841700847866,0.984612275003837
"3994",31,"sdhdb",0.0228446883722502,0.193150039515723,0.984612275003837
"3995",31,"sorl1",-0.0645677154467717,0.153098672559788,0.984612275003837
"3996",31,"LOC129349290",-0.00650256002201509,0.940207633614288,0.996208074900292
"3997",31,"lyrm9",0.0122317285858639,0.221971760591123,0.984612275003837
"3998",31,"tnfaip1",0.00363598865519542,0.719309264449339,0.993489446331016
"3999",31,"sgsm2",-0.00988572135036739,0.842371789715296,0.996208074900292
"4000",31,"tpst1",0.0270219545870211,0.295228439950574,0.984612275003837
"4001",31,"LOC111581222",-0.022652742414306,0.220047544746798,0.984612275003837
"4002",31,"ulk2",0.00184901895313956,0.947017949082881,0.996208074900292
"4003",31,"si:ch211-167j9.5",-0.0178701195461806,0.012248839713383,0.285431162031599
"4004",31,"usp32",-0.0258896573264931,0.158057120000475,0.984612275003837
"4005",31,"si:ch1073-145m9.1",-0.0242978790857031,0.0743930603307792,0.908591954326234
"4006",31,"appbp2",-0.01168824514326,0.107839930203766,0.984612275003837
"4007",31,"LOC111581230",0.0128476392676561,0.413059071035083,0.98487850369265
"4008",31,"brip1",0.0228375534597062,0.436293638393722,0.98487850369265
"4009",31,"LOC129349306",-0.0161984077091706,0.012248839713383,0.285431162031599
"4010",31,"bcas3",-0.00551019980735905,0.885570035747117,0.996208074900292
"4011",31,"lhx1a",-0.0135692958641988,0.285396920202552,0.984612275003837
"4012",31,"LOC111571814",-0.0363147370382044,0.0286284922429475,0.548086074627295
"4013",31,"phf12b",-0.0238174354490599,0.40397742608686,0.98487850369265
"4014",31,"sez6b",-0.0433224174695597,0.21877586355597,0.984612275003837
"4015",31,"LOC118470655",0.0104146075105341,0.39311855031872,0.98487850369265
"4016",31,"pipox",0.00556625435569036,0.679411560700878,0.993489446331016
"4017",31,"LOC129349291",-0.000385819212686507,0.976863081188404,0.996208074900292
"4018",31,"myo18ab",0.00159155676766007,0.97465879999738,0.996208074900292
"4019",31,"LOC111577493",-0.0154756858579873,0.303695316963604,0.984612275003837
"4020",31,"wsb1",-0.0126940942121115,0.755852088653546,0.996208074900292
"4021",31,"cuedc1b",-0.042639467214045,0.163484127640908,0.984612275003837
"4022",31,"akap1b",-0.00882526661245007,0.802435639866566,0.996208074900292
"4023",31,"nf1a",0.0452185960797054,0.158107578253027,0.984612275003837
"4024",31,"LOC111577485",0.0117006526041075,0.335594829819055,0.984612275003837
"4025",31,"LOC118471221",-0.0154384726303277,0.166616408091096,0.984612275003837
"4026",31,"smco4",0.00514173683298463,0.719309264449339,0.993489446331016
"4027",31,"nlrx1",-0.0368035802720477,0.142912182052144,0.984612275003837
"4028",31,"nlk2",0.00648647662642709,0.75847363794504,0.996208074900292
"4029",31,"LOC129349321",-0.00401390603367828,0.627503358863769,0.993489446331016
"4030",31,"LOC111565870",-0.0126429905234708,0.613466839528164,0.993489446331016
"4031",31,"LOC118470123",-0.0161984077091706,0.012248839713383,0.285431162031599
"4032",31,"mrps23",0.0463209412561884,0.0014950175049123,0.285431162031599
"4033",31,"ngef",0.00618486963610373,0.757446645502577,0.996208074900292
"4034",31,"efhd1",-0.063186979163008,0.0804662532193261,0.929133735121188
"4035",31,"mtnr1ba",-0.00643218856011245,0.884170909562205,0.996208074900292
"4036",31,"fat3a",0.0595807583113115,0.319937171246182,0.984612275003837
"4037",31,"LOC129349333",-0.000321088283375322,0.976863081188404,0.996208074900292
"4038",31,"LOC111568033",0.00450774868916627,0.719309264449339,0.993489446331016
"4039",31,"nectin3a",0.0119275394118658,0.275559893928274,0.984612275003837
"4040",31,"rrp8",-0.000267891541848369,0.976863081188404,0.996208074900292
"4041",31,"LOC111567890",0.0182285103067313,0.169010118936862,0.984612275003837
"4042",31,"apbb1",-0.0143457926446645,0.732851619382345,0.996208074900292
"4043",31,"robo1",0.0360293427049365,0.706976773418225,0.993489446331016
"4044",31,"robo2",-0.00774264142183674,0.795265068128952,0.996208074900292
"4045",31,"stim1a",0.00778522187322827,0.8312099847585,0.996208074900292
"4046",31,"LOC111571520",0.00273634814536256,0.833542433954848,0.996208074900292
"4047",31,"hmgb1b",-0.00482560458049185,0.89602381191365,0.996208074900292
"4048",31,"b3glcta",-0.018412267683096,0.721650864529303,0.994503345271236
"4049",31,"frya",-0.00282617942396908,0.934392356965956,0.996208074900292
"4050",31,"n4bp2l2",0.00788401745377873,0.481894969830003,0.98487850369265
"4051",31,"hdac12",-0.00831187533286314,0.223037515301177,0.984612275003837
"4052",31,"nbeab",-0.0338021995267183,0.0354740784360356,0.628488955937884
"4053",31,"mab21l1",0.00291119235580942,0.852351986848985,0.996208074900292
"4054",31,"LOC111563678",0.0014818743467785,0.940248756684067,0.996208074900292
"4055",31,"LOC111563676",0.0248842573995585,0.413782544864992,0.98487850369265
"4056",31,"LOC111563684",0.0134451392601664,0.242747531223508,0.984612275003837
"4057",31,"LOC111563666",-0.0179266305147926,0.162784601706595,0.984612275003837
"4058",31,"LOC111563697",-0.0163162667731711,0.44998761053484,0.98487850369265
"4059",31,"LOC111563695",0.019687549234975,0.635462053057837,0.993489446331016
"4060",31,"LOC111563711",0.00903750387525891,0.671344335971313,0.993489446331016
"4061",31,"LOC111563702",-0.0207257936137706,0.012248839713383,0.285431162031599
"4062",31,"rwdd2b",-0.00037492175215017,0.976863081188404,0.996208074900292
"4063",31,"cadm2b",-0.0654681408455277,0.391953835241217,0.98487850369265
"4064",31,"gbe1b",-0.0178376913628985,0.658966746007775,0.993489446331016
"4065",31,"LOC111563620",0.00189424939339781,0.86608915757183,0.996208074900292
"4066",31,"mtus2b",0.0120579295909682,0.72182319673152,0.994503345271236
"4067",31,"foxo1a",0.0128277276705216,0.347382124313939,0.98487850369265
"4068",31,"LOC111563624",8.27501460344574e-05,0.996816621148204,0.999816729949705
"4069",31,"rcbtb2",0.00907424092642594,0.340841700847866,0.984612275003837
"4070",31,"fndc3a",0.0297374039641798,0.0880863654977467,0.963905736748171
"4071",31,"zgc:153184",0.00354902646128475,0.813628957756005,0.996208074900292
"4072",31,"ndufc2",0.0126373816366191,0.710806868740136,0.993489446331016
"4073",31,"rab30",0.0230035164243352,0.493122944324229,0.98487850369265
"4074",31,"prcp",-0.00196903563975389,0.900997632861663,0.996208074900292
"4075",31,"tenm4",-0.0302903135140916,0.286138013576419,0.984612275003837
"4076",31,"gab2",0.00744971139040777,0.255140067524178,0.984612275003837
"4077",31,"zmp:0000001236",-0.0010293730909604,0.926076202573652,0.996208074900292
"4078",31,"yap1",0.00892298465925429,0.340841700847866,0.984612275003837
"4079",31,"cntn5",-0.0142646549204855,0.180864403701366,0.984612275003837
"4080",31,"LOC129349223",-0.00037492175215017,0.976863081188404,0.996208074900292
"4081",31,"nectin1b",-0.0532056895737346,0.349418034947312,0.98487850369265
"4082",31,"ddx6",0.0121510230396792,0.549754478022998,0.993489446331016
"4083",31,"bcl9l",-0.0184872927144566,0.475203558216954,0.98487850369265
"4084",31,"LOC111577349",-0.000310864050245439,0.976863081188404,0.996208074900292
"4085",31,"prdm10",0.00697683070151568,0.524188473119959,0.98487850369265
"4086",31,"aplp2",0.0233029949020505,0.688841072240796,0.993489446331016
"4087",31,"spred3",0.0152423660602423,0.460945575896073,0.98487850369265
"4088",31,"bicra",0.0184245344059621,0.257383241940846,0.984612275003837
"4089",31,"napab",-0.00704639532242111,0.625370552831643,0.993489446331016
"4090",31,"bckdha",0.00898306577764032,0.524188473119959,0.98487850369265
"4091",31,"tmem91",0.0413904462519457,0.131600011159292,0.984612275003837
"4092",31,"hnrnpul1",-0.00338807736379809,0.842303445844056,0.996208074900292
"4093",31,"rasgrp4",-0.00123279392380407,0.969788692578911,0.996208074900292
"4094",31,"ryr1b",0.020670185846619,0.706907189893366,0.993489446331016
"4095",31,"LOC111579613",0.00948006085193396,0.317271612749021,0.984612275003837
"4096",31,"LOC111581724",-0.00133709143710875,0.899281450689645,0.996208074900292
"4097",31,"ppp5c",-0.00128377337224865,0.911061295518638,0.996208074900292
"4098",31,"sbds",0.013979030436974,0.317760198240561,0.984612275003837
"4099",31,"tyw1",-0.00369209087953283,0.874375251184732,0.996208074900292
"4100",31,"caln1",0.0130442073823573,0.324167950883476,0.984612275003837
"4101",31,"galnt17",0.0376587230874565,0.199868668941164,0.984612275003837
"4102",31,"rhbdd1",0.00724193131577565,0.454664958795382,0.98487850369265
"4103",31,"eml2",0.00565809654528095,0.598464723047023,0.993489446331016
"4104",31,"gpr4",0.00396286751721881,0.790183046961911,0.996208074900292
"4105",31,"nova2",-0.020404323558528,0.787048326311825,0.996208074900292
"4106",31,"LOC129349359",0.00171513321159228,0.928351171185982,0.996208074900292
"4107",31,"irf2bp1",0.0118861813516328,0.209860218909175,0.984612275003837
"4108",31,"si:ch211-14c7.2",0.0315915424974078,0.436629276454759,0.98487850369265
"4109",31,"LOC111583325",0.0135213564788321,0.818225801643802,0.996208074900292
"4110",31,"LOC129349279",0.010584459859662,0.687241041121189,0.993489446331016
"4111",31,"LOC111585382",-0.00324458683850477,0.818805003148439,0.996208074900292
"4112",31,"LOC129349281",0.00950824588755536,0.340841700847865,0.984612275003837
"4113",31,"mark4b",-0.00821009968554599,0.827786597355483,0.996208074900292
"4114",31,"klc3",0.0121652826429862,0.443289485237913,0.98487850369265
"4115",31,"ercc2",-0.0178701195461806,0.012248839713383,0.285431162031599
"4116",31,"LOC111570802",-0.0132148828535011,0.012248839713383,0.285431162031599
"4117",31,"LOC129349276",-0.000293977023095923,0.976863081188404,0.996208074900292
"4118",31,"pak4",0.00938648063447013,0.340841700847866,0.984612275003837
"4119",31,"ccdc9",0.00626941385169413,0.635454679951718,0.993489446331016
"4120",31,"sae1",-0.0347198882019843,0.0683933785186457,0.874521887661703
"4121",31,"zc3h4",-0.0358581753313452,0.0696601951748971,0.883322108729728
"4122",31,"eif3k",-0.0126378768545556,0.300143150850124,0.984612275003837
"4123",31,"actn4",0.0183634157354805,0.677726591338982,0.993489446331016
"4124",31,"slc8a2b",0.0210401591137601,0.343046380883952,0.984612275003837
"4125",31,"srsf7a",0.0092806784261183,0.225577412123522,0.984612275003837
"4126",31,"LOC111586943",0.00879081613637621,0.788670100181071,0.996208074900292
"4127",31,"med17",-0.0161984077091706,0.012248839713383,0.285431162031599
"4128",31,"ech1",0.00989774220712477,0.630588505229219,0.993489446331016
"4129",31,"LOC111579451",0.017429287934624,0.191415161559015,0.984612275003837
"4130",31,"LOC111579408",0.00985922430355281,0.8277212852061,0.996208074900292
"4131",31,"gdpd4a",0.0436465632358788,0.542632065571042,0.993489446331016
"4132",31,"pak1",0.058759203849925,0.00637345080227419,0.285431162031599
"4133",31,"aqp11",-0.00980620301645079,0.611702139072358,0.993489446331016
"4134",31,"clns1a",0.0167392689243563,0.221623772748421,0.984612275003837
"4135",31,"lrch3",-0.0202011548234533,0.136488357983558,0.984612275003837
"4136",31,"abcf3",-0.00638701910858141,0.385398054102202,0.98487850369265
"4137",31,"polr2d",-0.0252489307693438,0.109688245710263,0.984612275003837
"4138",31,"rpl35a",0.00643667815895876,0.836532213847269,0.996208074900292
"4139",31,"abcc5",-0.0190007817095537,0.387214810560555,0.98487850369265
"4140",31,"LOC111573553",0.0637913552025422,0.289764987085562,0.984612275003837
"4141",31,"ap2m1b",0.0133627019368767,0.622157701958055,0.993489446331016
"4142",31,"LOC111573559",-0.00174304275395688,0.895106088567285,0.996208074900292
"4143",31,"eif2a",-0.0124432269471237,0.32727096151905,0.984612275003837
"4144",31,"tsen34",-0.00726280928512419,0.404130177701036,0.98487850369265
"4145",31,"LOC111583320",0.0109504521748165,0.18873229118107,0.984612275003837
"4146",31,"LOC111583319",-0.00909437786262576,0.745326285085811,0.996208074900292
"4147",31,"LOC111583322",0.00671832567082452,0.674482272550512,0.993489446331016
"4148",31,"spcs2",0.0196092279876404,0.223288954254512,0.984612275003837
"4149",31,"rnf169",0.0063578934938849,0.524188473119959,0.98487850369265
"4150",31,"pgm2l1",-0.0195534524926854,0.360606517565025,0.98487850369265
"4151",31,"ece2b",0.0428927779706069,0.439285039299436,0.98487850369265
"4152",31,"sst1.1",0.0195892829564373,0.491604701279511,0.98487850369265
"4153",31,"LOC111579678",-0.00727410452191284,0.689998612258372,0.993489446331016
"4154",31,"LOC111579668",-0.0140242565047402,0.249181688949368,0.984612275003837
"4155",31,"LOC111562851",0.0471511293097809,0.0525195289360962,0.782425084394083
"4156",31,"LOC111586849",0.00349164296182916,0.821399635514989,0.996208074900292
"4157",31,"LOC111587265",-0.0126518668001216,0.566150726707727,0.993489446331016
"4158",31,"zgc:162872",0.024230025746278,0.206549610851014,0.984612275003837
"4159",31,"ilkap",0.0294130636884431,0.117255826570027,0.984612275003837
"4160",31,"LOC111586965",-0.0105698884199819,0.438712743107767,0.98487850369265
"4161",31,"shkbp1",0.00112133306837523,0.934409249215598,0.996208074900292
"4162",31,"LOC111587126",0.00584110209883866,0.719309264449339,0.993489446331016
"4163",31,"triap1",-0.0327199564660015,0.138857651304277,0.984612275003837
"4164",31,"supt5h",-0.00460060879467266,0.856005384478276,0.996208074900292
"4165",31,"LOC111584136",-0.000267891541848369,0.976863081188404,0.996208074900292
"4166",31,"zgc:113149",0.00140626214757182,0.932638964172762,0.996208074900292
"4167",31,"LOC111586451",-0.012325350721389,0.17241713848169,0.984612275003837
"4168",31,"timm50",0.0422004288183148,0.477404300155462,0.98487850369265
"4169",31,"clip3",-0.0126179128250829,0.775158694915686,0.996208074900292
"4170",31,"si:ch211-137a8.2",0.0260479842416244,0.222078764393396,0.984612275003837
"4171",31,"si:ch211-137a8.4",0.00278931782623875,0.941488530330952,0.996208074900292
"4172",31,"zgc:162698",-0.00672174707473041,0.888700625945776,0.996208074900292
"4173",31,"capns1b",0.00363598865519542,0.719309264449339,0.993489446331016
"4174",31,"LOC129349326",-0.0214776443989121,0.605171002494356,0.993489446331016
"4175",31,"LOC111564449",0.00911341114009625,0.307840248005574,0.984612275003837
"4176",31,"LOC111563037",0.00873742100914207,0.491760817434116,0.98487850369265
"4177",31,"arrb1",-0.0269874062901385,0.162867820867394,0.984612275003837
"4178",31,"LOC111563030",-0.00413567128676351,0.612529847123156,0.993489446331016
"4179",31,"rsf1a",0.0059073348263964,0.696111904486834,0.993489446331016
"4180",31,"aamdc",-0.0391703086817562,0.00576645044368555,0.285431162031599
"4181",31,"ints4",0.00676660588653844,0.67206135342652,0.993489446331016
"4182",31,"rps3",0.0080089947399168,0.674294947672787,0.993489446331016
"4183",31,"rnf168",0.00591887785102618,0.841467747839631,0.996208074900292
"4184",31,"LOC111568842",0.0135951194019423,0.340841700847865,0.984612275003837
"4185",31,"nyap2a",0.0203710778809913,0.696946869715964,0.993489446331016
"4186",31,"LOC111568840",0.0100856420975663,0.907665938683875,0.996208074900292
"4187",31,"LOC129349231",0.0202973691731747,0.411656150028583,0.98487850369265
"4188",31,"LOC129349260",0.0225832250457157,0.49938066139612,0.98487850369265
"4189",31,"LOC129349208",0.0245996619642041,0.353458663159056,0.98487850369265
"4190",31,"LOC129349373",0.0894131263345911,0.133225590631201,0.984612275003837
"4191",31,"LOC111585388",0.0112168317815032,0.348152245941765,0.98487850369265
"4192",31,"LOC111579781",0.0132032349743329,0.498298490078611,0.98487850369265
"4193",31,"LOC111586486",0.00626431327642107,0.340841700847866,0.984612275003837
"4194",31,"LOC111576671",-0.0181597056006543,0.012248839713383,0.285431162031599
"4195",31,"LOC111579780",0.0108938272186726,0.385247356768926,0.98487850369265
"4196",31,"LOC111568791",0.0129082518340913,0.741635795708029,0.996208074900292
"4197",31,"pcsk1nl",-0.0224416822762066,0.45098925079024,0.98487850369265
"4198",31,"lhfpl4b",-0.0030239092367076,0.944025142488511,0.996208074900292
"4199",31,"hdac6",0.0190554846106195,0.448619212587103,0.98487850369265
"4200",31,"cxxc1a",0.0125469589147533,0.338659128891059,0.984612275003837
"4201",31,"tfe3a",-0.00855653185729213,0.775228456483345,0.996208074900292
"4202",31,"fgd1",-0.0084393007737422,0.637198719614689,0.993489446331016
"4203",31,"mecp2",0.0073573655254338,0.735562512650081,0.996208074900292
"4204",31,"ccdc120a",-0.0484075986327323,0.00169590372855239,0.285431162031599
"4205",31,"plxnb3",-0.0200412830091866,0.13998010887073,0.984612275003837
"4206",31,"tsr2",0.00336329768032702,0.807314420949084,0.996208074900292
"4207",31,"cdk16",0.0133257375322693,0.14765336241808,0.984612275003837
"4208",31,"hm13",-0.00682928236367885,0.725706196940512,0.996208074900292
"4209",31,"mrgbp",-0.00159411388760372,0.895106088567285,0.996208074900292
"4210",31,"sulf2b",-0.027990794334859,0.0564352616110116,0.801703540213639
"4211",31,"gpr37l1b",0.0129289042698926,0.229424865503117,0.984612275003837
"4212",31,"LOC111584472",-0.0344713653427911,0.272840692815914,0.984612275003837
"4213",31,"kcnd1",-0.0235814570809152,0.120336664544309,0.984612275003837
"4214",31,"LOC118470456",-0.00037492175215017,0.976863081188404,0.996208074900292
"4215",31,"LOC111570131",0.0156707476550695,0.407941693706323,0.98487850369265
"4216",31,"plxna3",-0.00956941482051385,0.891477693044545,0.996208074900292
"4217",31,"bcap31",-0.0266563833104439,0.510752470434265,0.98487850369265
"4218",31,"slc6a8",0.0333584367695261,0.396856205171428,0.98487850369265
"4219",31,"slc35a2",0.0223079169285296,0.448750807643553,0.98487850369265
"4220",31,"otud5a",-0.00857419629482875,0.661422253193225,0.993489446331016
"4221",31,"si:ch211-180f4.1",-0.0224590393406789,0.0289417710798068,0.551613815216467
"4222",31,"elk1",0.0106438914774905,0.55349189246627,0.993489446331016
"4223",31,"magixa",0.0383137216164797,0.504806347815621,0.98487850369265
"4224",31,"cacna1fb",-0.0206496045268566,0.370485109392668,0.98487850369265
"4225",31,"LOC111571577",0.0179853287549758,0.252980038447998,0.984612275003837
"4226",31,"atp6ap1a",-0.0224258954238819,0.463514863465613,0.98487850369265
"4227",31,"tafazzin",0.00188402516026792,0.870231415005694,0.996208074900292
"4228",31,"si:dkey-96f10.1",-0.00909339606036869,0.451368516552043,0.98487850369265
"4229",31,"LOC111571153",-0.00449727128718588,0.818950571692311,0.996208074900292
"4230",31,"srms",-0.000310864050245439,0.976863081188404,0.996208074900292
"4231",31,"LOC111582137",-0.0182970035362891,0.134688754259393,0.984612275003837
"4232",31,"mapre1b",0.00283554260476753,0.856004444369907,0.996208074900292
"4233",31,"commd7",-0.00537265231465762,0.698576067338312,0.993489446331016
"4234",31,"LOC111576141",0.00697683070151568,0.524188473119959,0.98487850369265
"4235",31,"cables2b",-0.0337255248745474,0.195808028407334,0.984612275003837
"4236",31,"ccm2l",-0.0203295835957858,0.012248839713383,0.285431162031599
"4237",31,"LOC111576182",0.0430931302102222,0.160940642361289,0.984612275003837
"4238",31,"tns2a",0.0270057221988288,0.335293364302393,0.984612275003837
"4239",31,"tmem106c",-0.00037492175215017,0.976863081188404,0.996208074900292
"4240",31,"sars1",-0.0314851965310032,0.0659856990912404,0.868101089480349
"4241",31,"fam50a",0.0188883089420684,0.635049077831656,0.993489446331016
"4242",31,"arhgap4b",-0.03973833270171,0.313548035370031,0.984612275003837
"4243",31,"LOC111564475",0.0250459676875824,0.534597404093748,0.992149068677901
"4244",31,"fam120c",0.0297255396878881,0.431854143127045,0.98487850369265
"4245",31,"acss2",-0.0117493086014254,0.679167687646426,0.993489446331016
"4246",31,"snphb",-0.0581768269786268,0.289425387740974,0.984612275003837
"4247",31,"sdcbp2",0.0113809497315247,0.384603355930761,0.98487850369265
"4248",31,"fkbp1ab",-0.0176184456821129,0.165152095389627,0.984612275003837
"4249",31,"nsfl1c",-0.0149482825801686,0.520904150523464,0.98487850369265
"4250",31,"wu:fa11c10",0.00633993775342942,0.62593916693972,0.993489446331016
"4251",31,"bcl2l1",0.0336078681917592,0.0184630635296496,0.402081011705969
"4252",31,"arfgef2",-0.0157223037306482,0.118409844089394,0.984612275003837
"4253",31,"pard6b",-0.0170044492557288,0.186981084308533,0.984612275003837
"4254",31,"adnpb",-0.0122291117361169,0.392648493927235,0.98487850369265
"4255",31,"dpm1",0.00926638946310397,0.740510148667212,0.996208074900292
"4256",31,"LOC111570579",-0.0304498539041188,0.0270798890446218,0.531170124261411
"4257",31,"slc35c2",-0.00607244053082587,0.446067479283917,0.98487850369265
"4258",31,"taf13",0.00619871040867855,0.75489027901824,0.996208074900292
"4259",31,"lamb2l",0.00963831092090223,0.416720324589721,0.98487850369265
"4260",31,"usp19",-0.0319957775807427,0.00372874186728857,0.285431162031599
"4261",31,"si:dkey-32e6.3",0.00847418775982773,0.264759935380283,0.984612275003837
"4262",31,"LOC129349425",-0.0072084733728326,0.450146193381051,0.98487850369265
"4263",31,"LOC111579966",-0.0360032810151251,0.557367434576075,0.993489446331016
"4264",31,"pim1",-0.00984747439709485,0.50881679692481,0.98487850369265
"4265",31,"rpl10",0.0164489647368771,0.306887572103883,0.984612275003837
"4266",31,"flna",0.0209305251756717,0.340841700847866,0.984612275003837
"4267",31,"emd",0.00803921022558703,0.340841700847865,0.984612275003837
"4268",31,"mrpl49",0.0140304540076342,0.179138751774752,0.984612275003837
"4269",31,"las1l",0.00165348976375406,0.921383358053662,0.996208074900292
"4270",31,"crebzf",-0.0302290481922808,0.207500044875261,0.984612275003837
"4271",31,"atp2b3b",0.0117173646013009,0.708039132625691,0.993489446331016
"4272",31,"ccnq",-0.0154791618245748,0.233799052683286,0.984612275003837
"4273",31,"ap4b1",-0.0134874234198406,0.509892177710462,0.98487850369265
"4274",31,"sephs3",0.00675582941252788,0.770543428727301,0.996208074900292
"4275",31,"ikbkg",0.00436160269654164,0.660646167295735,0.993489446331016
"4276",31,"tmed4",-0.0106734593483014,0.434388129269425,0.98487850369265
"4277",31,"plpbp",0.00180727611753937,0.937087065166484,0.996208074900292
"4278",31,"snrpg",-0.00943016495958177,0.383284105588868,0.98487850369265
"4279",31,"si:ch211-148l7.4",0.00708648783676106,0.407575238194263,0.98487850369265
"4280",31,"tbc1d22b",0.000465548003636577,0.980000209657402,0.996703863757666
"4281",31,"myt1b",0.00383237704633059,0.914559189743069,0.996208074900292
"4282",31,"LOC111582027",0.00163342798497679,0.922669070212478,0.996208074900292
"4283",31,"kif3b",0.0210311933767302,0.22382306617501,0.984612275003837
"4284",31,"tm9sf4",0.0146907509523213,0.383030630713543,0.98487850369265
"4285",31,"LOC111586647",-0.00658806713218639,0.822178256544099,0.996208074900292
"4286",31,"tuba1c",0.0491595739678842,0.115662350094107,0.984612275003837
"4287",31,"sarnp",-0.0305896596921488,0.012248839713383,0.285431162031599
"4288",31,"ccnt1",0.00784104494538166,0.52200029688005,0.98487850369265
"4289",31,"kansl2",-0.0396733666590347,0.0122488397133829,0.285431162031599
"4290",31,"nckap5l",0.00131040262972536,0.967433297081006,0.996208074900292
"4291",31,"tegt",0.0129403441001182,0.590905393522241,0.993489446331016
"4292",31,"ctdsp2",-0.0139655465875359,0.617144063345773,0.993489446331016
"4293",31,"marchf9",0.038158475992402,0.225147437565883,0.984612275003837
"4294",31,"tspan31",-0.000683712003400521,0.970022626172453,0.996208074900292
"4295",31,"agap2",0.0617865192584665,0.260052014914557,0.984612275003837
"4296",31,"pip4k2ca",-0.0105329787254716,0.786122368706209,0.996208074900292
"4297",31,"igfbp6b",0.0184956478117731,0.368923370920871,0.98487850369265
"4298",31,"spryd3",-0.00314021311721235,0.954523995849939,0.996208074900292
"4299",31,"LOC129349491",-0.000293977023095923,0.976863081188404,0.996208074900292
"4300",31,"lima1a",0.00569403399093138,0.719309264449339,0.993489446331016
"4301",31,"LOC118469318",0.00907424092642594,0.340841700847866,0.984612275003837
"4302",31,"LOC111586298",-0.0622883925912331,0.110516713464345,0.984612275003837
"4303",31,"LOC118469317",-0.00051940690727712,0.976863081188404,0.996208074900292
"4304",31,"LOC129349509",-0.0261307336672208,0.260456978286857,0.984612275003837
"4305",31,"soga1",0.0278215285826616,0.673307988394838,0.993489446331016
"4306",31,"osbpl2b",0.00632969584207456,0.757468805155207,0.996208074900292
"4307",31,"bsna",-0.00540587122195803,0.857526646873015,0.996208074900292
"4308",31,"LOC111580844",0.0142410671679831,0.672997611797389,0.993489446331016
"4309",31,"tmem115",0.0337760436211202,0.264107741156404,0.984612275003837
"4310",31,"rhoab",-0.00187927041941514,0.881113817399432,0.996208074900292
"4311",31,"sema3h",-0.0254819323958699,0.640843311111139,0.993489446331016
"4312",31,"borcs6",0.00750904564297704,0.47311350604835,0.98487850369265
"4313",31,"si:dkey-72l14.3",-0.0181597056006543,0.012248839713383,0.285431162031599
"4314",31,"xpc",-0.0501136458878609,0.0161335823575512,0.36242637635781
"4315",31,"arih2",-0.0422151577831847,0.151085402608764,0.984612275003837
"4316",31,"impdh2",-0.0194584973744277,0.310074060868952,0.984612275003837
"4317",31,"dalrd3",0.00344956867783411,0.835921075853285,0.996208074900292
"4318",31,"LOC111588280",0.0204036844097954,0.371645246718732,0.98487850369265
"4319",31,"mfn2",-0.026894986343355,0.385577877368068,0.98487850369265
"4320",31,"asxl1",-0.0294209191407086,0.33800766629818,0.984612275003837
"4321",31,"myt1a",-0.021575938524492,0.668167004337778,0.993489446331016
"4322",31,"LOC111588285",-0.0136148575473733,0.423747935001207,0.98487850369265
"4323",31,"si:dkey-16n15.6",-0.000385819212686507,0.976863081188404,0.996208074900292
"4324",31,"gpr173",0.0214647897333366,0.66211526095226,0.993489446331016
"4325",31,"dedd",-0.00118987709567484,0.939548544054575,0.996208074900292
"4326",31,"efhd2",-0.000247224662973494,0.990892098139667,0.998364067460333
"4327",31,"gmeb2",-0.0089613700858684,0.663798413032611,0.993489446331016
"4328",31,"tpk2",-0.00279802366139497,0.895106088567285,0.996208074900292
"4329",31,"LOC111587485",-0.0123186035018156,0.469429539685607,0.98487850369265
"4330",31,"igf3",0.00560096054648965,0.60138500466769,0.993489446331016
"4331",31,"dennd2da",-0.0183057802560966,0.217639657200573,0.984612275003837
"4332",31,"LOC118469483",-0.000385819212686507,0.976863081188404,0.996208074900292
"4333",31,"vps13d",0.0152621029913733,0.70718219704655,0.993489446331016
"4334",31,"LOC111587470",0.00170216816303224,0.941654754194889,0.996208074900292
"4335",31,"clcn6",-0.0181561760514262,0.510619703990279,0.98487850369265
"4336",31,"mthfr",0.020216346299421,0.548727344503641,0.993489446331016
"4337",31,"celsr3",0.00170043590336031,0.974130413395728,0.996208074900292
"4338",31,"LOC111568206",-0.0107294256848534,0.454573686753739,0.98487850369265
"4339",31,"LOC129349554",-0.00920318336333996,0.311850377951602,0.984612275003837
"4340",31,"LOC129349419",-0.0123417113268438,0.350532508133833,0.98487850369265
"4341",31,"foxp3b",-0.0356288767054754,0.00189284085737062,0.285431162031599
"4342",31,"trappc6b",-0.0384419940874823,0.102505386493394,0.984612275003837
"4343",31,"LOC111576077",-0.0320095877882553,0.241359397768556,0.984612275003837
"4344",31,"stk38a",-0.0199187137170233,0.287054064478769,0.984612275003837
"4345",31,"pex10",0.00599124378204718,0.524188473119959,0.98487850369265
"4346",31,"plch2a",-0.0038455886594479,0.942956397060511,0.996208074900292
"4347",31,"si:ch211-251b21.1",0.0250328486468711,0.0414137851191552,0.68569134275683
"4348",31,"skia",0.024474219359485,0.427981230598245,0.98487850369265
"4349",31,"prkcz",0.0328174463529792,0.552332567191749,0.993489446331016
"4350",31,"LOC111572541",0.0102886371952743,0.798567304804839,0.996208074900292
"4351",31,"casp9",0.00771229325746481,0.581619446235579,0.993489446331016
"4352",31,"LOC111572552",-0.000321088283375322,0.976863081188404,0.996208074900292
"4353",31,"cep104",0.0117329290899213,0.354214943627128,0.98487850369265
"4354",31,"c8h1orf174",0.0170425536812269,0.204316497756274,0.984612275003837
"4355",31,"dffb",-0.0161984077091706,0.012248839713383,0.285431162031599
"4356",31,"nphp4",0.00985067069390526,0.492529607637467,0.98487850369265
"4357",31,"ajap1",0.0277279350245849,0.298086919681617,0.984612275003837
"4358",31,"LOC111564728",0.0107720619655873,0.38932086186621,0.98487850369265
"4359",31,"gabrd",-0.0267932804477589,0.711166461893985,0.993489446331016
"4360",31,"cfap74",0.0109192275806054,0.340841700847866,0.984612275003837
"4361",31,"gnb1a",0.0223563803379588,0.548994630234695,0.993489446331016
"4362",31,"nadka",-0.00891346303455007,0.68130007374386,0.993489446331016
"4363",31,"LOC111564733",-0.0237697457027333,0.22870130041359,0.984612275003837
"4364",31,"LOC111564734",0.0263138595523462,0.282961553493758,0.984612275003837
"4365",31,"mad2l2",0.013620294038283,0.597165750588286,0.993489446331016
"4366",31,"spen",-0.0344153564744166,0.1741772780247,0.984612275003837
"4367",31,"fam131c",-0.0364832026448477,0.17221772701209,0.984612275003837
"4368",31,"zbtb17",-0.0240569408289679,0.149351257398996,0.984612275003837
"4369",31,"ddost",0.00421673471672195,0.874404996897766,0.996208074900292
"4370",31,"plekhm2",0.00720078319751081,0.651028598026928,0.993489446331016
"4371",31,"ano11",0.00560867246227652,0.830741392999178,0.996208074900292
"4372",31,"mib2",0.000586501661339125,0.979518295409659,0.996703863757666
"4373",31,"mmp23ba",0.00707304308855454,0.615349681952777,0.993489446331016
"4374",31,"cdk11b",0.0139782018582352,0.716346637303336,0.993489446331016
"4375",31,"szrd1",0.0077010415060644,0.41567805178822,0.98487850369265
"4376",31,"atp13a2",0.0100989980595647,0.331668074002609,0.984612275003837
"4377",31,"LOC111564743",0.00462141848563518,0.881594514457924,0.996208074900292
"4378",31,"tmem240a",-0.0141919248127361,0.54038556416682,0.993489446331016
"4379",31,"otud3",0.00619972175433357,0.772981167782115,0.996208074900292
"4380",31,"trim33",-0.0235567102091517,0.276943030517143,0.984612275003837
"4381",31,"slc66a1",-0.00426883231431585,0.675445306274234,0.993489446331016
"4382",31,"brpf3b",-0.0140210711867356,0.241421610891829,0.984612275003837
"4383",31,"tafa5l",-0.00891344082148646,0.479317634613649,0.98487850369265
"4384",31,"mtor",-0.00898734740044203,0.794236876356196,0.996208074900292
"4385",31,"angptl7",-0.0181597056006543,0.012248839713383,0.285431162031599
"4386",31,"agrn",-0.0155488469858842,0.618868332702782,0.993489446331016
"4387",31,"ptpn11b",-0.0345945859005487,0.0680834764368756,0.874180933188992
"4388",31,"csde1",0.001861542884393,0.943891858693037,0.996208074900292
"4389",31,"sike1",-0.000385819212686507,0.976863081188404,0.996208074900292
"4390",31,"htr6",-0.0151314263811208,0.274499174625605,0.984612275003837
"4391",31,"LOC111588156",0.00484687100363127,0.851981770687764,0.996208074900292
"4392",31,"prex1",-0.00737761847934951,0.52616509192226,0.987001993870552
"4393",31,"kcnq2a",-0.00148265570577104,0.945972671042364,0.996208074900292
"4394",31,"zgpat",0.00273634814536256,0.833542433954848,0.996208074900292
"4395",31,"tti1",-0.0088728474957596,0.709951953858554,0.993489446331016
"4396",31,"LOC111571774",0.0228286887931745,0.175925777007026,0.984612275003837
"4397",31,"LOC118470646",0.00670797267150849,0.486466981638439,0.98487850369265
"4398",31,"ctnnbl1",0.033979068980319,0.168101043081681,0.984612275003837
"4399",31,"znf341",-0.00429890987825997,0.588541911687059,0.993489446331016
"4400",31,"LOC111571771",-0.0307295681589703,0.012248839713383,0.285431162031599
"4401",31,"phc2a",0.00863135997918642,0.444429213770706,0.98487850369265
"4402",31,"kiaa2013",-0.00298041632544017,0.810431455613741,0.996208074900292
"4403",31,"icmt",0.0100989980595647,0.331668074002609,0.984612275003837
"4404",31,"ndufb11",0.00557304612088082,0.743189192716835,0.996208074900292
"4405",31,"tbc1d25",-0.00899868395195937,0.563944478987755,0.993489446331016
"4406",31,"ccdc22",0.0135022752589577,0.24126383472665,0.984612275003837
"4407",31,"LOC129349501",0.00187604243196525,0.873343210902908,0.996208074900292
"4408",31,"LOC111574442",-0.018142113664999,0.481273203882981,0.98487850369265
"4409",31,"rcc2",-0.000321088283375322,0.976863081188404,0.996208074900292
"4410",31,"renbp",-0.000804085808017023,0.976863081188404,0.996208074900292
"4411",31,"LOC111574438",0.00464278475441585,0.581032678355987,0.993489446331016
"4412",31,"LOC111577005",-0.0085620912983671,0.721065775059346,0.994374714974634
"4413",31,"hdac7a",0.00306246405498566,0.880254160488341,0.996208074900292
"4414",31,"chchd6a",-0.0521965727641882,0.386918213695947,0.98487850369265
"4415",31,"LOC111579122",-0.021726208688251,0.533134373512221,0.991505989400577
"4416",31,"LOC129349544",-0.000267891541848369,0.976863081188404,0.996208074900292
"4417",31,"LOC111580724",0.0132411439779367,0.22210872139815,0.984612275003837
"4418",31,"LOC111570577",0.0197809481475372,0.450599013818301,0.98487850369265
"4419",31,"LOC111581132",-0.0472893060383249,0.0821273594738431,0.937230996415468
"4420",31,"LOC111588494",-0.0329808463409308,0.18555503191058,0.984612275003837
"4421",31,"LOC111581393",-0.00174304275395688,0.895106088567285,0.996208074900292
"4422",31,"tcea2",0.0119496001921755,0.335284347021628,0.984612275003837
"4423",31,"rgs19",0.0198556017021304,0.358514649614808,0.98487850369265
"4424",31,"LOC129349507",0.000490331017798718,0.980153000502003,0.996703863757666
"4425",31,"oprl1",0.0101710670096206,0.754418329556383,0.996208074900292
"4426",31,"npbwr2b",0.0142682281160095,0.283052028991818,0.984612275003837
"4427",31,"LOC129349400",-0.000267891541848369,0.976863081188404,0.996208074900292
"4428",31,"rps21",-0.0105263671143611,0.756869660829872,0.996208074900292
"4429",31,"lama5",-0.0289731572591811,0.304579776935325,0.984612275003837
"4430",31,"LOC111570248",-0.0191266466878339,0.389101249365863,0.98487850369265
"4431",31,"LOC111570250",0.0161327061382609,0.668923442135534,0.993489446331016
"4432",31,"LOC129349487",0.0288704618256078,0.0704481575762463,0.883322108729728
"4433",31,"ppdpfb",-0.0179437813217194,0.493644434769855,0.98487850369265
"4434",31,"ntsr1",0.0386822556388597,0.309063769212791,0.984612275003837
"4435",31,"LOC111586199",0.00360516544593325,0.717784549871622,0.993489446331016
"4436",31,"LOC111584290",-0.0470161012479776,0.0430179278685402,0.705615039347526
"4437",31,"LOC111583762",0.00864725405862498,0.851232408690815,0.996208074900292
"4438",31,"LOC129349531",-0.0667569890205907,0.0976784433474223,0.978486989316585
"4439",31,"usp11",-0.00637676127757964,0.732042179499692,0.996208074900292
"4440",31,"LOC111583728",0.0132424471021008,0.457230233375421,0.98487850369265
"4441",31,"LOC111583732",-0.0055029534634692,0.819758570113253,0.996208074900292
"4442",31,"ccdc135",0.00220494326551267,0.894741202582518,0.996208074900292
"4443",31,"LOC111562412",0.0213278107309787,0.217460940196471,0.984612275003837
"4444",31,"snx21",0.00363598865519542,0.719309264449339,0.993489446331016
"4445",31,"LOC111562410",0.0140277072970904,0.582570994075847,0.993489446331016
"4446",31,"gdap1l1",0.021500233067979,0.188915279280759,0.984612275003837
"4447",31,"fitm2",-0.0249585591640296,0.203248648536697,0.984612275003837
"4448",31,"ttpal",0.00461105275946783,0.659851235122893,0.993489446331016
"4449",31,"pkig",-0.028103777662133,0.369630035688719,0.98487850369265
"4450",31,"gdi1",0.0263116650054923,0.63982502448429,0.993489446331016
"4451",31,"mical1",0.0140186609923486,0.396347928872392,0.98487850369265
"4452",31,"src",0.0519035509467298,0.239703049776436,0.984612275003837
"4453",31,"LOC129349406",0.0306857896849245,0.105395646920044,0.984612275003837
"4454",31,"nfatc2a",-0.0105451438349556,0.29345154923823,0.984612275003837
"4455",31,"LOC111566219",-0.00625687870488587,0.86622820932855,0.996208074900292
"4456",31,"zfp64",0.00950824588755536,0.340841700847865,0.984612275003837
"4457",31,"LOC111566234",-0.0203295835957858,0.012248839713383,0.285431162031599
"4458",31,"LOC111566230",0.0151160209943726,0.683696436109558,0.993489446331016
"4459",31,"znf217",-0.000310864050245439,0.976863081188404,0.996208074900292
"4460",31,"bcas1",0.0063860785295063,0.340841700847866,0.984612275003837
"4461",31,"pfdn4",-0.0117914611541662,0.382143545726513,0.98487850369265
"4462",31,"cbln4",0.00152805347044534,0.897788864780544,0.996208074900292
"4463",31,"LOC111566229",-0.0199661304027135,0.175811786682855,0.984612275003837
"4464",31,"nol9",0.0112057971601745,0.460098113631956,0.98487850369265
"4465",31,"klhl21",0.0237373713710272,0.0952187368464629,0.973203774923968
"4466",31,"syt6a",-0.028043424184209,0.217851009174232,0.984612275003837
"4467",31,"sdf4",0.00639263371585013,0.8152387705444,0.996208074900292
"4468",31,"hipk1a",0.0021309252149507,0.924575077765944,0.996208074900292
"4469",31,"acap3a",0.00738047052270939,0.825381632113096,0.996208074900292
"4470",31,"ints11",0.0126572104333174,0.546612876812893,0.993489446331016
"4471",31,"vwa5b1",-0.0415909534782922,0.053565256260749,0.78843311611345
"4472",31,"mul1b",-0.00726280928512419,0.404130177701036,0.98487850369265
"4473",31,"pink1",0.0167125193706621,0.36979067698434,0.98487850369265
"4474",31,"LOC111562729",-0.0226175458620853,0.701622885885048,0.993489446331016
"4475",31,"hspg2",0.00363598865519542,0.719309264449339,0.993489446331016
"4476",31,"tmem269",-0.0448918918815203,0.534237785224975,0.991846587216783
"4477",31,"si:ch73-206d17.1",-0.0128324247989619,0.171231503247862,0.984612275003837
"4478",31,"magi3a",0.00302899206029111,0.934851890247293,0.996208074900292
"4479",31,"LOC111584925",0.0176664426628296,0.102830179901978,0.984612275003837
"4480",31,"LOC111586001",0.0368292799270759,0.0362889653997305,0.635899671014131
"4481",31,"LOC129349495",-0.000418266595330516,0.976863081188404,0.996208074900292
"4482",31,"plxna2",0.0444225329892356,0.10013121337278,0.984612275003837
"4483",31,"slc48a1a",0.0119636299592729,0.406428841705187,0.98487850369265
"4484",31,"csrnp2",-0.0168810149093915,0.112952544435057,0.984612275003837
"4485",31,"tfcp2",0.0102344665280609,0.340841700847866,0.984612275003837
"4486",31,"dazap2",-0.00886751246637801,0.756484324486292,0.996208074900292
"4487",31,"LOC129349466",0.00859760046921035,0.303821709240099,0.984612275003837
"4488",31,"cs",-0.00801940718319867,0.701203993342427,0.993489446331016
"4489",31,"ankrd52a",0.000932285153202727,0.9837291355759,0.996956250321918
"4490",31,"rnf41",-0.00942325881010411,0.375823386966505,0.98487850369265
"4491",31,"dgkaa",0.00285457502980097,0.911051979718083,0.996208074900292
"4492",31,"letmd1",0.00571155922491323,0.741818960740807,0.996208074900292
"4493",31,"cd63",0.013362909231022,0.219436520818441,0.984612275003837
"4494",31,"nemp1",0.0125610612742147,0.251754836717435,0.984612275003837
"4495",31,"ormdl2",-0.0320779602293147,0.00986937261088338,0.285431162031599
"4496",31,"pan2",0.00787313075831711,0.663239098546547,0.993489446331016
"4497",31,"LOC129349515",-0.0205951359427508,0.012248839713383,0.285431162031599
"4498",31,"spats2",0.0341642549589364,0.124224696002512,0.984612275003837
"4499",31,"pym1",0.000303050231481672,0.982902753735983,0.996956250321918
"4500",31,"srxn1",0.0104729520438932,0.340841700847866,0.984612275003837
"4501",31,"scrt2",0.0354930096047901,0.364023329569399,0.98487850369265
"4502",31,"LOC111572078",0.017344338349565,0.568775544952027,0.993489446331016
"4503",31,"peds1",-0.0188077930487883,0.545421008058623,0.993489446331016
"4504",31,"ptpn1",-0.00789200828505006,0.681429428923044,0.993489446331016
"4505",31,"kdm5bb",0.0264598550672262,0.496742302794187,0.98487850369265
"4506",31,"rap1aa",0.0116804960512726,0.441350186817286,0.98487850369265
"4507",31,"xkr7a",0.00854920505573491,0.472456478347183,0.98487850369265
"4508",31,"LOC111572137",-0.0188055179720679,0.164664288254448,0.984612275003837
"4509",31,"LOC111572130",0.0234961906289703,0.360054523004266,0.98487850369265
"4510",31,"osbpl2a",0.0277984040099017,0.280435135094989,0.984612275003837
"4511",31,"si:ch211-197l9.2",-0.0123006560483589,0.403060019743892,0.98487850369265
"4512",31,"nol4la",0.0223580629025675,0.449313064207987,0.98487850369265
"4513",31,"dnajc5aa",0.00392098326086851,0.906689195815596,0.996208074900292
"4514",31,"LOC111572122",0.00560140150255621,0.773214576440951,0.996208074900292
"4515",31,"LOC111572124",-0.0219236974833895,0.0745885497704471,0.908591954326234
"4516",31,"ythdf1",0.00407470025442748,0.795358438395755,0.996208074900292
"4517",31,"si:dkey-70p6.1",-0.0417437099303447,0.201560829932434,0.984612275003837
"4518",31,"uckl1a",0.0177300569307159,0.683080883434876,0.993489446331016
"4519",31,"LOC111582056",0.00851520877348635,0.483515668206876,0.98487850369265
"4520",31,"fkbp1aa",-0.00575232740719676,0.650431451081848,0.993489446331016
"4521",31,"plp2b",-0.0132148828535011,0.012248839713383,0.285431162031599
"4522",31,"sypb",0.0268868937148601,0.709080751357852,0.993489446331016
"4523",31,"cacna1fa",0.00412148679313237,0.719309264449339,0.993489446331016
"4524",31,"timm17b",0.00609352693005416,0.524188473119959,0.98487850369265
"4525",31,"pqbp1",-0.0027410073421961,0.895106088567285,0.996208074900292
"4526",31,"gpkow",-0.0123548007409805,0.213076671962523,0.984612275003837
"4527",31,"LOC111580252",0.0143535488608488,0.859437632831312,0.996208074900292
"4528",31,"iqsec2b",-0.0527670471977304,0.153958213015331,0.984612275003837
"4529",31,"kdm5c",0.0201058908354531,0.569032193089216,0.993489446331016
"4530",31,"LOC111580314",-0.0277657815765539,0.012248839713383,0.285431162031599
"4531",31,"ccdc187",-0.00957889419830565,0.379541585061388,0.98487850369265
"4532",31,"LOC111588351",-0.0408177510724327,0.041237562420323,0.685173851250626
"4533",31,"aurkaip1",-0.0205584330128596,0.0540692170471909,0.790816245227272
"4534",31,"LOC111588333",-0.0683797173046635,0.00387800766344407,0.285431162031599
"4535",31,"nt5dc2",-0.00519163111709139,0.808610116295163,0.996208074900292
"4536",31,"zgc:162200",-0.00977257467904573,0.752418911448476,0.996208074900292
"4537",31,"tspy",0.00610550585587639,0.449472211946486,0.98487850369265
"4538",31,"LOC129349437",-0.000267891541848369,0.976863081188404,0.996208074900292
"4539",31,"camta1a",0.0604920790654965,0.381903534783348,0.98487850369265
"4540",31,"dnajc11a",0.00490777634326802,0.719309264449339,0.993489446331016
"4541",31,"LOC111577399",-0.011482824286564,0.197780876994026,0.984612275003837
"4542",31,"LOC111577400",-0.0118333300993019,0.429429447784562,0.98487850369265
"4543",31,"lemd1",0.00701657284733208,0.791413332346818,0.996208074900292
"4544",31,"LOC111577398",0.0158802551709687,0.380484364933837,0.98487850369265
"4545",31,"LOC129349536",0.0118607952692824,0.524188473119959,0.98487850369265
"4546",31,"LOC111572133",0.0139391571043315,0.328705469112198,0.984612275003837
"4547",31,"LOC111572111",0.0173165564365147,0.662968553686919,0.993489446331016
"4548",31,"LOC111572109",0.0225504093246768,0.434709574693675,0.98487850369265
"4549",31,"LOC111572104",-0.0293442637878692,0.288297873478231,0.984612275003837
"4550",31,"frmd4bb",-0.0206165662227205,0.137053957638984,0.984612275003837
"4551",31,"LOC111572087",-0.0131649375063298,0.471423610956959,0.98487850369265
"4552",31,"LOC111572103",0.0156082812731276,0.179501120271898,0.984612275003837
"4553",31,"LOC111572085",0.0198117800659667,0.266524752059129,0.984612275003837
"4554",31,"LOC111572084",0.0102344665280609,0.340841700847866,0.984612275003837
"4555",31,"oard1",0.00512324849431668,0.869676005215594,0.996208074900292
"4556",31,"LOC111572069",0.040627322289107,0.558838867693621,0.993489446331016
"4557",31,"LOC111572066",0.0127960416470359,0.173147486071478,0.984612275003837
"4558",31,"LOC111572092",-0.0277657815765539,0.012248839713383,0.285431162031599
"4559",31,"LOC111572090",-0.0473310250648065,0.160336280334256,0.984612275003837
"4560",31,"hmga1a",-0.0165750240350924,0.453536930389628,0.98487850369265
"4561",31,"LOC111572121",-0.00402293063259328,0.947028019468049,0.996208074900292
"4562",31,"LOC111572083",-0.0134612579651389,0.573086152164172,0.993489446331016
"4563",31,"bltp3a",0.00874969234326424,0.487743234735801,0.98487850369265
"4564",31,"taf11",0.00710685452924975,0.242200783754957,0.984612275003837
"4565",31,"LOC111572089",-0.057315169959762,0.114167501149321,0.984612275003837
"4566",31,"LOC111586478",-0.0155363247615417,0.290896168696767,0.984612275003837
"4567",31,"dlgap4a",-0.0622571441101537,0.535493170943699,0.992310156558051
"4568",31,"LOC111567031",-0.0143548331206293,0.266749465853824,0.984612275003837
"4569",31,"map3k12",0.0241371146026697,0.01095833601675,0.285431162031599
"4570",31,"spryd4",0.00856300693752814,0.409008951436674,0.98487850369265
"4571",31,"LOC111567042",0.0168757104138497,0.68990823790763,0.993489446331016
"4572",31,"LOC111567043",-0.0117957328546584,0.287329819097338,0.984612275003837
"4573",31,"g6pd",0.000925051063715854,0.943580357705332,0.996208074900292
"4574",31,"LOC111567033",-0.0449100332474262,0.14745356182671,0.984612275003837
"4575",31,"cacnb3a",0.0123391523806527,0.622536360978843,0.993489446331016
"4576",31,"LOC111570398",-0.00159411388760372,0.895106088567285,0.996208074900292
"4577",31,"ddx23",-0.0271260170998914,0.0622827045017931,0.837421646377883
"4578",31,"wdr46",0.00203202865947845,0.885478492612916,0.996208074900292
"4579",31,"b3galt4",-0.00667427078290361,0.518308532810487,0.98487850369265
"4580",31,"nr2c2",-0.0185172700316033,0.140005095658412,0.984612275003837
"4581",31,"mrps25",-0.00627538892516234,0.402663168947718,0.98487850369265
"4582",31,"LOC111570396",-0.00570935331292317,0.658932677915008,0.993489446331016
"4583",31,"tmcc1a",-0.000302329411881635,0.990525646339401,0.998253544131569
"4584",31,"plxnd1",0.0271388324781434,0.478649753960582,0.98487850369265
"4585",31,"mbd4",-0.0165092717594161,0.133010745152089,0.984612275003837
"4586",31,"LOC111570406",0.0088782760674129,0.320014160624812,0.984612275003837
"4587",31,"LOC111570399",0.0248088756232653,0.186605849402215,0.984612275003837
"4588",31,"brpf1",0.0232414876476562,0.363178759770478,0.98487850369265
"4589",31,"LOC111588728",0.0335253937135751,0.155151676859031,0.984612275003837
"4590",31,"LOC111588734",0.0154811190560234,0.23832399139485,0.984612275003837
"4591",31,"fgd",0.00531237728152155,0.845248764322522,0.996208074900292
"4592",31,"LOC111588707",-0.019982554097862,0.570672596896853,0.993489446331016
"4593",31,"fbxw12",0.0113844571359459,0.182713671245885,0.984612275003837
"4594",31,"nup210",0.0146275525640252,0.464215949096154,0.98487850369265
"4595",31,"LOC111588708",-0.00166572396386563,0.970228938937352,0.996208074900292
"4596",31,"LOC111588713",0.00152805347044534,0.897788864780544,0.996208074900292
"4597",31,"cnbpa",0.00517448899986658,0.811399906756232,0.996208074900292
"4598",31,"syn2a",0.0207759774052883,0.394285008017077,0.98487850369265
"4599",31,"LOC129349478",0.0915541443644747,0.128568386690938,0.984612275003837
"4600",31,"slc6a1a",0.0599129734702785,0.443555401508218,0.98487850369265
"4601",31,"tnnc1a",0.00803921022558703,0.340841700847865,0.984612275003837
"4602",31,"LOC111588715",-0.00114300986785487,0.920517552641112,0.996208074900292
"4603",31,"LOC111588738",0.00298333849782732,0.719309264449339,0.993489446331016
"4604",31,"LOC111588719",0.0173104816665558,0.458821682078794,0.98487850369265
"4605",31,"LOC111588742",-0.0155967573363111,0.177337402533986,0.984612275003837
"4606",31,"LOC111574184",0.109245442567659,0.145594256767315,0.984612275003837
"4607",31,"kcnk15",0.0120847707121013,0.524188473119959,0.98487850369265
"4608",31,"ogfr",0.0170671264419912,0.492214899749721,0.98487850369265
"4609",31,"si:ch73-181d5.4",-0.0678098551069331,0.0545597096152283,0.79436707745123
"4610",31,"LOC111574179",-0.000700804931672732,0.957898437306141,0.996208074900292
"4611",31,"zgc:113278",-0.0229353617924329,0.295793614003926,0.984612275003837
"4612",31,"LOC111574181",0.046417147076716,0.187701710330114,0.984612275003837
"4613",31,"baz2a",-0.00515214703976896,0.819003702982795,0.996208074900292
"4614",31,"ptges3b",-0.0401393045803502,0.171327885371143,0.984612275003837
"4615",31,"naca",-0.0279067760620175,0.298947423383382,0.984612275003837
"4616",31,"LOC111583792",0.0274239237523373,0.424643381724893,0.98487850369265
"4617",31,"LOC129349516",0.00943634442644715,0.340841700847866,0.984612275003837
"4618",31,"LOC111576845",0.0118361799074257,0.283348153068258,0.984612275003837
"4619",31,"LOC111576846",-0.0204014998965817,0.550008775885089,0.993489446331016
"4620",31,"LOC111576826",-0.0142865293696515,0.617817670189762,0.993489446331016
"4621",31,"LOC111576822",0.0533458942525766,0.38831927888554,0.98487850369265
"4622",31,"eif2d",-0.0184887766123322,0.116342169235046,0.984612275003837
"4623",31,"slc12a5b",-0.00962663861223219,0.421018995285586,0.98487850369265
"4624",31,"rbm39b",0.010941712443651,0.526508086812869,0.987067996133977
"4625",31,"LOC111588341",-0.000310864050245439,0.976863081188404,0.996208074900292
"4626",31,"LOC111588330",-0.0156169622278485,0.59062042129634,0.993489446331016
"4627",31,"ognb",0.0063860785295063,0.340841700847866,0.984612275003837
"4628",31,"LOC111588348",-0.00190271057987942,0.859276126232131,0.996208074900292
"4629",31,"kctd6b",-0.00141234255068762,0.900833902286272,0.996208074900292
"4630",31,"LOC111588346",0.00358580531345942,0.719309264449339,0.993489446331016
"4631",31,"abtb1",0.00558923020982792,0.666169700971928,0.993489446331016
"4632",31,"slc6a6a",0.0156515301785025,0.734617516959541,0.996208074900292
"4633",31,"grip2a",-0.00313614200006513,0.952590906069807,0.996208074900292
"4634",31,"LOC118469575",0.00599124378204718,0.524188473119959,0.98487850369265
"4635",31,"rpl32",-0.0261250813202965,0.534908384057295,0.992149068677901
"4636",31,"ssuh2rs1",-0.00613823217651872,0.690824346623566,0.993489446331016
"4637",31,"LOC111586672",-0.00138826622532462,0.91293000754614,0.996208074900292
"4638",31,"LOC111586667",-0.0376888098428861,0.565922676859187,0.993489446331016
"4639",31,"LOC111586668",0.00886492577770814,0.791038252403173,0.996208074900292
"4640",31,"LOC111586673",-0.0137954580991279,0.386040441330431,0.98487850369265
"4641",31,"LOC111574196",-0.0144965792784651,0.58346336744699,0.993489446331016
"4642",31,"tasorb",0.0329435755671745,0.0805971302529964,0.929133735121188
"4643",31,"LOC111574193",0.00298333849782732,0.719309264449339,0.993489446331016
"4644",31,"slc17a9b",0.0167424118402293,0.361596657537201,0.98487850369265
"4645",31,"LOC129349568",0.0103570224392703,0.254377088143557,0.984612275003837
"4646",31,"LOC111574204",0.0177526368044978,0.0699442903124717,0.883322108729728
"4647",31,"nkain4",-0.00098877401707515,0.987444362611609,0.99771160608264
"4648",31,"LOC111574190",-0.0268359874811115,0.625892506071691,0.993489446331016
"4649",31,"slc2a4rg",0.0200028880682895,0.555207393046752,0.993489446331016
"4650",31,"zbtb46",-0.0207495216846347,0.133361033176275,0.984612275003837
"4651",31,"uckl1b",-0.0127382079360238,0.523892960692952,0.98487850369265
"4652",31,"znf512b",0.0236736402041923,0.429785331337222,0.98487850369265
"4653",31,"samd10b",0.00450774868916627,0.719309264449339,0.993489446331016
"4654",31,"prpf6",-0.00922157700765497,0.468446290009447,0.98487850369265
"4655",31,"b4galt5",-0.0242097614696748,0.296617998454748,0.984612275003837
"4656",31,"slc9a8",0.0194605801638928,0.227270613401557,0.984612275003837
"4657",31,"opn7b",-0.0331598463665627,0.112813647968362,0.984612275003837
"4658",31,"spata2",-0.0248943457419525,0.132919641168266,0.984612275003837
"4659",31,"dhx35",-0.0132148828535011,0.012248839713383,0.285431162031599
"4660",31,"rab5if",-0.000418266595330516,0.976863081188404,0.996208074900292
"4661",31,"zhx3b",-0.00313866308744521,0.799933726606533,0.996208074900292
"4662",31,"plcg1",0.00211525560008152,0.868597060032086,0.996208074900292
"4663",31,"top1b",0.00948616062912463,0.591382561038124,0.993489446331016
"4664",31,"ncoa6",-0.00429447870730819,0.622700439975877,0.993489446331016
"4665",31,"LOC111576279",-0.00140590952651888,0.954247115071809,0.996208074900292
"4666",31,"LOC111576282",0.00255145442409268,0.8602179833965,0.996208074900292
"4667",31,"LOC111576283",-0.0140238850632771,0.473483827890392,0.98487850369265
"4668",31,"si:ch211-117c9.5",0.0302652492671476,0.350321960000265,0.98487850369265
"4669",31,"LOC111576275",0.0253622275075222,0.496225565564651,0.98487850369265
"4670",31,"LOC111587826",-0.037383630778437,0.32399481355039,0.984612275003837
"4671",31,"ddx20",0.00567391454378086,0.719309264449339,0.993489446331016
"4672",31,"kcnd3",0.0112257349756125,0.694145385610548,0.993489446331016
"4673",31,"LOC111574385",0.00399847302068071,0.738640395698093,0.996208074900292
"4674",31,"capza1b",0.00671811731595567,0.674225375824058,0.993489446331016
"4675",31,"apeh",0.0173329665854477,0.533516329385358,0.991522760302258
"4676",31,"LOC111574389",0.0132899891034645,0.689389908570341,0.993489446331016
"4677",31,"wnt5a",0.0165506308847112,0.155693530161228,0.984612275003837
"4678",31,"LOC129349564",0.0104729520438932,0.340841700847866,0.984612275003837
"4679",31,"cacna2d3a",-0.0356573082310346,0.26100018872125,0.984612275003837
"4680",31,"LOC111570746",0.0803800800970205,0.039950072871232,0.673376589644275
"4681",31,"atp6ap1lb",0.0723304285662853,0.0596299405749911,0.82491369926403
"4682",31,"b4galt3",0.00817564109856015,0.645854617865544,0.993489446331016
"4683",31,"tktb",-0.00775438706537413,0.67106338378326,0.993489446331016
"4684",31,"rbm10",0.0105583942505821,0.480100530890171,0.98487850369265
"4685",31,"LOC111573843",0.00631050304672279,0.641271474560934,0.993489446331016
"4686",31,"uba1",-0.00366874619295014,0.888241600311019,0.996208074900292
"4687",31,"camkvl",0.00697785282993939,0.626483626486854,0.993489446331016
"4688",31,"LOC111573867",0.00401667998211327,0.726128773941616,0.996208074900292
"4689",31,"LOC111573864",0.00472848279077127,0.760917887315226,0.996208074900292
"4690",31,"kcna2b",-0.0205951359427508,0.012248839713383,0.285431162031599
"4691",31,"zgc:194242",0.00854081393084583,0.474522582349113,0.98487850369265
"4692",31,"LOC111573870",0.00626431327642107,0.340841700847866,0.984612275003837
"4693",31,"LOC111573883",-0.0060582678824009,0.880401535671646,0.996208074900292
"4694",31,"LOC111573868",-0.00444791099480771,0.573236642919947,0.993489446331016
"4695",31,"LOC111573845",-0.0495117823735662,0.270433807185853,0.984612275003837
"4696",31,"si:dkey-109j17.5",-0.00204057995199585,0.895106088567285,0.996208074900292
"4697",31,"ccdc115",-0.0085675075273988,0.557945477020809,0.993489446331016
"4698",31,"LOC118471502",-0.000385819212686507,0.976863081188404,0.996208074900292
"4699",31,"LOC111580682",0.0063860785295063,0.340841700847866,0.984612275003837
"4700",31,"LOC111580690",-0.0265983922723552,0.0122488397133829,0.285431162031599
"4701",31,"LOC111580685",-0.0190844104766963,0.659375643293187,0.993489446331016
"4702",31,"LOC118471710",-0.00815919748358362,0.468999009394974,0.98487850369265
"4703",31,"csad",-0.0371984901911613,0.0601024857551133,0.826514841153931
"4704",31,"znf740b",-0.0184464832767281,0.209762470548943,0.984612275003837
"4705",31,"copz1",0.00702371938108075,0.617923574811155,0.993489446331016
"4706",31,"hnrnpa1b",0.00274760250579095,0.898200703997858,0.996208074900292
"4707",31,"cbx5",0.00416135813991723,0.829134301014933,0.996208074900292
"4708",31,"calcoco1a",0.00156704428128512,0.920618672308464,0.996208074900292
"4709",31,"rarga",0.0166804640370256,0.242267345732083,0.984612275003837
"4710",31,"nr1d4a",-0.0236806003709086,0.012248839713383,0.285431162031599
"4711",31,"mfsd5",0.00626431327642107,0.340841700847866,0.984612275003837
"4712",31,"LOC111581500",-0.0309770962468773,0.492665263310989,0.98487850369265
"4713",31,"senp1",0.00207557056971781,0.838500529961167,0.996208074900292
"4714",31,"rbms2b",0.00363598865519542,0.719309264449339,0.993489446331016
"4715",31,"lrp1ab",-0.00500572548802653,0.741755963654335,0.996208074900292
"4716",31,"esyt1a",0.0105961213382982,0.745872392875173,0.996208074900292
"4717",31,"pa2g4b",-0.0135746354298867,0.575782649784147,0.993489446331016
"4718",31,"arf3a",0.0110831306922841,0.700016068781448,0.993489446331016
"4719",31,"ikzf4",-0.0142090574132445,0.214146078532595,0.984612275003837
"4720",31,"lmbr1l",0.00594322499304574,0.609692166937624,0.993489446331016
"4721",31,"kmt2d",-0.0138531279194911,0.644415828927905,0.993489446331016
"4722",31,"acvr1ba",-0.00388980757298443,0.856698226018625,0.996208074900292
"4723",31,"arhgef25a",0.0329243210071648,0.283550705163683,0.984612275003837
"4724",31,"c1galt1la",-0.00241550170414601,0.893623188707509,0.996208074900292
"4725",31,"tac3a",0.00818189041277255,0.719309264449339,0.993489446331016
"4726",31,"znf385a",-0.0505770063429043,0.483432698759525,0.98487850369265
"4727",31,"zgc:153867",0.0154068311950732,0.340841700847865,0.984612275003837
"4728",31,"tmem9",0.00160313739975238,0.898381183701393,0.996208074900292
"4729",31,"LOC129349479",0.00325533585248275,0.816211348173974,0.996208074900292
"4730",31,"smc1a",0.00398709785168947,0.897285229257893,0.996208074900292
"4731",31,"ribc1",-0.00681417924972515,0.510325569082788,0.98487850369265
"4732",31,"l1cama",0.0015841360114753,0.919891797670028,0.996208074900292
"4733",31,"huwe1",-0.0543483791410604,0.100465919541746,0.984612275003837
"4734",31,"phf8",0.015332084340156,0.654148580966618,0.993489446331016
"4735",31,"LOC118471143",-0.0132148828535011,0.012248839713383,0.285431162031599
"4736",31,"si:dkey-151g10.3",0.00733971583673379,0.864227706079366,0.996208074900292
"4737",31,"fam3a",0.00747265693230452,0.635886614544668,0.993489446331016
"4738",31,"idh3g",-0.012713793084965,0.320155528625528,0.984612275003837
"4739",31,"avpr2aa",0.0317147024213261,0.0766896431683578,0.916387702187844
"4740",31,"ssr4",0.019704534443024,0.282635823180058,0.984612275003837
"4741",31,"naa10",0.0122369882800631,0.478217924510346,0.98487850369265
"4742",31,"LOC111576524",0.041641289538313,0.152564986859757,0.984612275003837
"4743",31,"cacnb3b",0.0169037589327835,0.169529258688036,0.984612275003837
"4744",31,"rnd1b",-0.0592975721497202,0.0266154362773568,0.526845989397616
"4745",31,"LOC118471141",-0.000321088283375322,0.976863081188404,0.996208074900292
"4746",31,"dtx3",0.0397786351982543,0.259409206380772,0.984612275003837
"4747",31,"ptges3a",0.00599124378204718,0.524188473119959,0.98487850369265
"4748",31,"stat6",0.00371449379632188,0.741519718340657,0.996208074900292
"4749",31,"fignl2",-0.0101586464698771,0.6708865942867,0.993489446331016
"4750",31,"scn8aa",0.00053256180491701,0.989700648151424,0.998253544131569
"4751",31,"dip2ba",-0.024287844194756,0.34884799120777,0.98487850369265
"4752",31,"atf7a",-0.0100852599265555,0.412236104297871,0.98487850369265
"4753",31,"asb8",0.0149080891230471,0.450966723620237,0.98487850369265
"4754",31,"LOC111566986",0.00246059713405207,0.878278653053228,0.996208074900292
"4755",31,"srpk1a",0.00277275588967722,0.914920168165373,0.996208074900292
"4756",31,"rpl10a",0.0375244456560427,0.257681246536249,0.984612275003837
"4757",31,"slc6a17",-0.0577863327015306,0.120010062168826,0.984612275003837
"4758",31,"rbm15",0.00578986272034508,0.844413622121506,0.996208074900292
"4759",31,"lamtor5",-0.000418266595330516,0.976863081188404,0.996208074900292
"4760",31,"LOC111583421",0.0123099670622618,0.216373218403735,0.984612275003837
"4761",31,"adora1b",0.0164773905358154,0.72340387935061,0.996098781090316
"4762",31,"cpne5a",0.00186857696367703,0.947730534869446,0.996208074900292
"4763",31,"LOC129349415",-0.0161984077091706,0.012248839713383,0.285431162031599
"4764",31,"kcnc4",-0.00153565675829535,0.895106088567285,0.996208074900292
"4765",31,"ahcyl1",-0.0143908394961573,0.483600985333371,0.98487850369265
"4766",31,"nfyal",0.0221118297584526,0.197353992419126,0.984612275003837
"4767",31,"ngrn",0.00798304679990701,0.271582438920715,0.984612275003837
"4768",31,"sort1b",0.00472134348750083,0.833047278734389,0.996208074900292
"4769",31,"atxn7l2b",-0.00591786259705661,0.658636478689,0.993489446331016
"4770",31,"amigo1",-0.00251708090176204,0.92863994567121,0.996208074900292
"4771",31,"ampd2b",-0.035927269733021,0.313883842525515,0.984612275003837
"4772",31,"atp5pb",0.0264550925823661,0.537006458021179,0.993489446331016
"4773",31,"LOC111570046",0.00151811520987782,0.933221365485515,0.996208074900292
"4774",31,"si:ch211-150o23.3",0.00700745798678785,0.522089738574387,0.98487850369265
"4775",31,"slc25a33",0.0127616131710736,0.373306924774174,0.98487850369265
"4776",31,"spsb1",0.00875967041745308,0.455022753180835,0.98487850369265
"4777",31,"eno1a",-0.0183116563678182,0.727739875880221,0.996208074900292
"4778",31,"rerea",-0.0260013421980162,0.503509070445129,0.98487850369265
"4779",31,"noc2l",0.00670770129918641,0.486452342597719,0.98487850369265
"4780",31,"klhl17",0.00878611600379636,0.488157709665676,0.98487850369265
"4781",31,"LOC118470804",0.0265090321868766,0.29099071469242,0.984612275003837
"4782",31,"tmem201",0.009960169199343,0.40779281093177,0.98487850369265
"4783",31,"pik3cd",-0.0046181987025264,0.810394069997876,0.996208074900292
"4784",31,"ctnnbip1",-0.0209602649352009,0.528416258490853,0.988623504288518
"4785",31,"clstn1",0.0208166121089018,0.659447093451272,0.993489446331016
"4786",31,"nmnat1",0.00815190899562709,0.340841700847866,0.984612275003837
"4787",31,"ube4b",-0.000331369209821133,0.99046600852509,0.998253544131569
"4788",31,"kif1b",0.0449423944637859,0.489108983979704,0.98487850369265
"4789",31,"tardbpa",-0.0417105471100364,0.094511199736679,0.972275180017018
"4790",31,"c8h1orf127",0.00803921022558703,0.340841700847865,0.984612275003837
"4791",31,"casz1",-0.0161984077091706,0.012248839713383,0.285431162031599
"4792",31,"pex14",0.00486956290552169,0.850683572254245,0.996208074900292
"4793",31,"sst7",-0.0154066840012802,0.331499817989988,0.984612275003837
"4794",31,"srm",0.000491552896964582,0.968292348227583,0.996208074900292
"4795",31,"exosc10",0.00626431327642107,0.340841700847866,0.984612275003837
"4796",31,"cntn3a.1",-0.0335176980331549,0.0480207354531924,0.745839372597382
"4797",31,"si:dkey-178k16.1",-0.0408848520122021,0.231462051840077,0.984612275003837
"4798",31,"edn3b",-0.000563105509502318,0.976863081188404,0.996208074900292
"4799",31,"fam217ba",0.0147226343225744,0.459733885191565,0.98487850369265
"4800",31,"ppp1r3da",-0.00755741319673825,0.355479621971964,0.98487850369265
"4801",31,"LOC111566403",0.00380645326878468,0.832287003015881,0.996208074900292
"4802",31,"phactr3a",-0.0313492473710105,0.469984902529309,0.98487850369265
"4803",31,"pigt",-0.000775302881796929,0.94890727483855,0.996208074900292
"4804",31,"LOC111579268",0.00237844617963434,0.948626023137842,0.996208074900292
"4805",31,"LOC111579267",-0.0185610295132202,0.370409102278963,0.98487850369265
"4806",31,"LOC111583482",0.00891874654865501,0.786530513893288,0.996208074900292
"4807",31,"si:ch211-112c15.8",-0.00153565675829535,0.895106088567285,0.996208074900292
"4808",31,"znf362b",-0.0174228060628676,0.468712646026033,0.98487850369265
"4809",31,"zmynd12",-0.0045136439490307,0.568450438616121,0.993489446331016
"4810",31,"LOC129349511",-0.000418266595330516,0.976863081188404,0.996208074900292
"4811",31,"rimkla",-0.00280806308561839,0.92154261228035,0.996208074900292
"4812",31,"LOC129349510",-0.00929429658739386,0.494986918754172,0.98487850369265
"4813",31,"LOC111585271",0.00922931342610982,0.926009892642827,0.996208074900292
"4814",31,"si:ch211-156j16.1",0.0388592301736665,0.0943329184940398,0.972275180017018
"4815",31,"prdm2a",-0.0154843021967937,0.752837563099341,0.996208074900292
"4816",31,"kazna",-0.0287261951858652,0.43318186264465,0.98487850369265
"4817",31,"LOC129349435",0.00815190899562709,0.340841700847866,0.984612275003837
"4818",31,"tprg1l",0.0115110659387568,0.470666141609521,0.98487850369265
"4819",31,"rer1",0.0233071771285125,0.287560118354284,0.984612275003837
"4820",31,"LOC111568973",-0.0154842353481366,0.150118298681597,0.984612275003837
"4821",31,"acot7",-0.0239354854280753,0.326701410080126,0.984612275003837
"4822",31,"ybx1",0.0167441731121475,0.64202930133113,0.993489446331016
"4823",31,"ppih",-0.00530411783751994,0.667940487036473,0.993489446331016
"4824",31,"taf10",0.0102090574126836,0.523681376601134,0.98487850369265
"4825",31,"emc1",-0.0238178005585242,0.0768716899940844,0.916387702187844
"4826",31,"ubr4",0.0215226327793315,0.508327740845649,0.98487850369265
"4827",31,"rprd1b",-0.0128563452802959,0.746796454217552,0.996208074900292
"4828",31,"LOC111586334",0.00546235758821821,0.719309264449339,0.993489446331016
"4829",31,"LOC111585305",-0.00219510155286855,0.974216382741207,0.996208074900292
"4830",31,"kif5aa",-0.00930238508956757,0.869248554812726,0.996208074900292
"4831",31,"mbd6",0.00156013744014567,0.914038968823605,0.996208074900292
"4832",31,"LOC111585306",0.0312386798023827,0.745940409975836,0.996208074900292
"4833",31,"LOC111585303",-0.021653090129871,0.788754464091833,0.996208074900292
"4834",31,"ndufa4l2a",-0.0277232006780202,0.0817906199043534,0.935051944307612
"4835",31,"actr5",0.0181077376409665,0.158446404985301,0.984612275003837
"4836",31,"LOC111564461",-0.00572798392905518,0.92208791035384,0.996208074900292
"4837",31,"LOC111564460",-0.0267448809877697,0.0579159947736354,0.814570685264716
"4838",31,"atp5f1e",0.0529072590065633,0.240990150979418,0.984612275003837
"4839",31,"si:dkey-11f4.7",-0.0182961115555076,0.2087919137515,0.984612275003837
"4840",31,"gnas",0.0339220919903869,0.469643292580129,0.98487850369265
"4841",31,"LOC111577710",-0.00452883987056356,0.903933717312704,0.996208074900292
"4842",31,"LOC111577703",-0.0063464017135531,0.725060826519731,0.996208074900292
"4843",31,"eif2s2",-0.0191196814586437,0.40759846414853,0.98487850369265
"4844",31,"LOC111577677",-0.0111462522469642,0.73092447276083,0.996208074900292
"4845",31,"l3mbtl1",0.011601969138708,0.605126380792414,0.993489446331016
"4846",31,"mybl2a",-0.0266641252265782,0.012248839713383,0.285431162031599
"4847",31,"cacna1db",-0.0261818466092288,0.165816580099108,0.984612275003837
"4848",31,"dcp1a",-0.0292198739068054,0.177231173681245,0.984612275003837
"4849",31,"LOC111585907",0.00609352693005416,0.524188473119959,0.98487850369265
"4850",31,"LOC111585911",0.0157592383394144,0.28566524042862,0.984612275003837
"4851",31,"sema3bl",-0.00678223202723819,0.801917356167772,0.996208074900292
"4852",31,"LOC118471306",0.0263570900950914,0.344512051093083,0.98487850369265
"4853",31,"sema3b",-0.0243495492638404,0.760244196616097,0.996208074900292
"4854",31,"zgc:136971",0.0221987870394531,0.382790952306859,0.98487850369265
"4855",31,"mgll",0.0346320047342878,0.362397154154821,0.98487850369265
"4856",31,"prkar2aa",-0.00177974253046353,0.948652825936855,0.996208074900292
"4857",31,"naa80",0.00227650065442477,0.854951237484389,0.996208074900292
"4858",31,"ifrd2",-0.0161984077091706,0.012248839713383,0.285431162031599
"4859",31,"LOC129349457",0.00403376158794865,0.719309264449339,0.993489446331016
"4860",31,"setdb1b",0.0123422313052473,0.328903058901731,0.984612275003837
"4861",31,"LOC118469338",0.00599124378204718,0.524188473119959,0.98487850369265
"4862",31,"arnt",0.0102295143450356,0.468236265633495,0.98487850369265
"4863",31,"LOC111576810",-0.00138099001358942,0.964390831434842,0.996208074900292
"4864",31,"LOC111584525",0.0448461023104503,0.275439733301187,0.984612275003837
"4865",31,"tars2",0.0246203849753772,0.306309162143522,0.984612275003837
"4866",31,"rprd2b",0.017092791182896,0.474147436668093,0.98487850369265
"4867",31,"prpf3",0.0178628065630594,0.530755354149107,0.989678576489402
"4868",31,"clk2b",-0.00159411388760372,0.895106088567285,0.996208074900292
"4869",31,"LOC111567469",0.0150134962426739,0.416310899499257,0.98487850369265
"4870",31,"LOC129349727",0.00247652627204002,0.921906122863464,0.996208074900292
"4871",31,"khdc4",-0.0119020757034247,0.698057676166358,0.993489446331016
"4872",31,"LOC129349667",-0.000310864050245439,0.976863081188404,0.996208074900292
"4873",31,"cnot3a",-0.0144728110056822,0.573040889209704,0.993489446331016
"4874",31,"ndufa3",-0.0156474402507132,0.505390772823915,0.98487850369265
"4875",31,"zgc:158689",0.00567364317145878,0.719309264449339,0.993489446331016
"4876",31,"si:dkey-283b15.2",-0.0132148828535011,0.012248839713383,0.285431162031599
"4877",31,"cyth2",0.0240886356233479,0.371855070027424,0.98487850369265
"4878",31,"sphk2",0.00183903828396168,0.923034351886679,0.996208074900292
"4879",31,"rpl18",-0.0595369655339261,0.00955230642738208,0.285431162031599
"4880",31,"myh14",-0.0250768785245205,0.0370488630450957,0.644457722810467
"4881",31,"prpf31",-0.0160376425103948,0.279335575698573,0.984612275003837
"4882",31,"lmtk3",-0.0455783982902791,0.22833548109293,0.984612275003837
"4883",31,"leng1",0.000749348223962458,0.952450456462741,0.996208074900292
"4884",31,"mboat7",0.0061421773302198,0.806658305584024,0.996208074900292
"4885",31,"rps9",0.0477828345906033,0.0296153509610878,0.559464074783318
"4886",31,"leng8",0.0398473093618458,0.0372927422432069,0.647299059206515
"4887",31,"grwd1",-0.000418266595330516,0.976863081188404,0.996208074900292
"4888",31,"zgc:174888",-0.000267891541848369,0.976863081188404,0.996208074900292
"4889",31,"flcn",-0.00648801711694108,0.670293053486106,0.993489446331016
"4890",31,"ttyh1",-0.0147134881977847,0.550919760108154,0.993489446331016
"4891",31,"ube2s",-0.000267891541848369,0.976863081188404,0.996208074900292
"4892",31,"LOC111586745",-0.0231244402231013,0.317933331824494,0.984612275003837
"4893",31,"si:dkeyp-69b9.6",-0.0335705676546697,0.435357557260129,0.98487850369265
"4894",31,"dbpb",0.0172769862725363,0.293702744315523,0.984612275003837
"4895",31,"ntd5",0.00815190899562709,0.340841700847866,0.984612275003837
"4896",31,"LOC111571189",-0.000329071011677992,0.976863081188404,0.996208074900292
"4897",31,"pitpnc1b",0.00626431327642107,0.340841700847866,0.984612275003837
"4898",31,"LOC111586249",0.0609519468796075,0.347478580781022,0.98487850369265
"4899",31,"cacng7b",0.0129379969196187,0.436040917528714,0.98487850369265
"4900",31,"cacng8b",0.0365991740514776,0.450672887113232,0.98487850369265
"4901",31,"cacng6b",-0.0116227327533855,0.192795431692044,0.984612275003837
"4902",31,"u2af2a",0.0179458634398837,0.419349744980818,0.98487850369265
"4903",31,"ccdc106a",-0.0128283203821416,0.464693202898068,0.98487850369265
"4904",31,"atg12",0.00664868736811504,0.541460734319354,0.993489446331016
"4905",31,"isoc2",0.00490110021259321,0.777679590905754,0.996208074900292
"4906",31,"epn1a",0.0162021315642587,0.672490004082601,0.993489446331016
"4907",31,"LOC111586369",0.00388011464089821,0.808519904316299,0.996208074900292
"4908",31,"nat14",-0.00755741319673825,0.355479621971964,0.98487850369265
"4909",31,"znf628",0.00401667998211327,0.726128773941616,0.996208074900292
"4910",31,"rasip1",-0.0132148828535011,0.012248839713383,0.285431162031599
"4911",31,"LOC111585488",0.0254849228143136,0.267271769533638,0.984612275003837
"4912",31,"m6pr",-0.000435660709915935,0.976863081188404,0.996208074900292
"4913",31,"zgc:92606",-0.0441084534408936,0.0522700807233055,0.781431614729417
"4914",31,"si:dkey-26c10.5",0.0474004649021509,0.115419585902784,0.984612275003837
"4915",31,"ephb6",0.053341921070306,0.0650213893608639,0.864033998760491
"4916",31,"slc2a3b",0.0063860785295063,0.340841700847866,0.984612275003837
"4917",31,"LOC111576829",-0.00540965432515208,0.647967363752091,0.993489446331016
"4918",31,"clcn1b",0.00289873860293144,0.82704136042266,0.996208074900292
"4919",31,"fam131bb",0.00640424195633497,0.681357597516506,0.993489446331016
"4920",31,"LOC118470410",-0.0205312957683167,0.219574539189615,0.984612275003837
"4921",31,"zyx",0.0186843327518426,0.37521160779365,0.98487850369265
"4922",31,"nop2",-0.00923019568230038,0.264456852918123,0.984612275003837
"4923",31,"ing4",-0.00489900946166183,0.652604161230801,0.993489446331016
"4924",31,"ncapd2",0.00892298465925429,0.340841700847866,0.984612275003837
"4925",31,"nppcl",0.00998583515632552,0.376689298616914,0.98487850369265
"4926",31,"iffo1b",0.00755372379473353,0.744453934878306,0.996208074900292
"4927",31,"tnfrsf1a",0.00363598865519542,0.719309264449339,0.993489446331016
"4928",31,"mrpl51",0.0151411408021523,0.402519149303002,0.98487850369265
"4929",31,"LOC111586338",0.00670797267150849,0.486466981638439,0.98487850369265
"4930",31,"tapbpl",0.00599124378204718,0.524188473119959,0.98487850369265
"4931",31,"chd4b",-0.00461463372507735,0.860663880579697,0.996208074900292
"4932",31,"mlf2",-0.0399766244659469,0.0862911644562737,0.956595426076849
"4933",31,"LOC111571074",0.0010418900575748,0.974051313050596,0.996208074900292
"4934",31,"atn1",-0.00614452937398565,0.80493672175633,0.996208074900292
"4935",31,"LOC111571082",-0.0232202752560533,0.012248839713383,0.285431162031599
"4936",31,"tpi1b",-0.0226001571986486,0.499891120454426,0.98487850369265
"4937",31,"clstn3",-0.0344968892822666,0.35555387903774,0.98487850369265
"4938",31,"pex5",-0.00396662878229818,0.820692647345114,0.996208074900292
"4939",31,"p3h3",-0.00037492175215017,0.976863081188404,0.996208074900292
"4940",31,"tgfb2",-0.000293977023095923,0.976863081188404,0.996208074900292
"4941",31,"snx27b",-0.00664785270685255,0.796674253860023,0.996208074900292
"4942",31,"adar",-0.0168741473948295,0.597619723369589,0.993489446331016
"4943",31,"kcnn3",-0.00311957181463311,0.888457490285412,0.996208074900292
"4944",31,"LOC129349636",-0.0178701195461806,0.012248839713383,0.285431162031599
"4945",31,"rps27.2",0.0203555720070526,0.340841700847866,0.984612275003837
"4946",31,"fam189b",0.0117734316333201,0.473086255062978,0.98487850369265
"4947",31,"fdps",-0.0111267736231796,0.138602840120171,0.984612275003837
"4948",31,"rusc1",-0.0521401684227325,0.399727557368305,0.98487850369265
"4949",31,"LOC111585412",0.0378878730237886,0.305005895787627,0.984612275003837
"4950",31,"dap3",0.00813012864442759,0.730234042609212,0.996208074900292
"4951",31,"rnf115a",-0.0428842294864557,0.0782493789824663,0.92422171658204
"4952",31,"polr3c",-0.00221956722402756,0.895106088567285,0.996208074900292
"4953",31,"krtcap2",0.00788401745377873,0.481894969830003,0.98487850369265
"4954",31,"trim46a",-0.0273602072462586,0.142491771704626,0.984612275003837
"4955",31,"slc50a1",0.00230192050334168,0.853982366250712,0.996208074900292
"4956",31,"efna1b",0.0142454359256813,0.179343115638334,0.984612275003837
"4957",31,"efna3b",0.0717954282300933,0.217011822543506,0.984612275003837
"4958",31,"si:dkey-246i14.3",0.0063860785295063,0.340841700847866,0.984612275003837
"4959",31,"flad1",-0.0205951359427508,0.012248839713383,0.285431162031599
"4960",31,"shc1",0.0219806499583277,0.448786527928441,0.98487850369265
"4961",31,"pbxip1b",0.00815718701202011,0.27607248393697,0.984612275003837
"4962",31,"chrnb2",-0.018919618237398,0.61432790049673,0.993489446331016
"4963",31,"she",-0.0178701195461806,0.012248839713383,0.285431162031599
"4964",31,"LOC111583766",0.00482223673558955,0.726656922020356,0.996208074900292
"4965",31,"tuft1a",-0.0169673178201103,0.0678187556927918,0.873200773327847
"4966",31,"znf687a",-0.0132148828535011,0.012248839713383,0.285431162031599
"4967",31,"LOC111562993",0.0120238973967877,0.1693832996679,0.984612275003837
"4968",31,"LOC111562995",-0.0075912948430601,0.753892825064956,0.996208074900292
"4969",31,"LOC111562992",-0.0230281365713828,0.102057999264301,0.984612275003837
"4970",31,"rorc",0.0104729520438932,0.340841700847866,0.984612275003837
"4971",31,"them4",-0.0114280360051883,0.403602521637799,0.98487850369265
"4972",31,"osgin2",0.0133566338861099,0.340841700847866,0.984612275003837
"4973",31,"gtpbp10",-0.000418266595330516,0.976863081188404,0.996208074900292
"4974",31,"adam22",0.0204929144254335,0.621535218017699,0.993489446331016
"4975",31,"slc25a40",0.00731088253018603,0.435101360579075,0.98487850369265
"4976",31,"rundc3b",-0.00153565675829535,0.895106088567285,0.996208074900292
"4977",31,"crot",0.0205912168375393,0.0552963614694807,0.796960704901046
"4978",31,"nmt2",-0.000719471476409825,0.974381065629662,0.996208074900292
"4979",31,"fam171a1",-0.0289263024567148,0.158185157074878,0.984612275003837
"4980",31,"si:ch1073-228j22.2",0.00358580531345942,0.719309264449339,0.993489446331016
"4981",31,"LOC111563492",0.0390611841966103,0.31035969323357,0.984612275003837
"4982",31,"l3mbtl1b",-0.00518606741259587,0.666312119027362,0.993489446331016
"4983",31,"LOC111563486",0.0252483809571816,0.579907985372308,0.993489446331016
"4984",31,"ptpn3",0.00697683070151568,0.524188473119959,0.98487850369265
"4985",31,"epb41l4b",0.00912435424470477,0.83112066450953,0.996208074900292
"4986",31,"virma",0.00951912493501087,0.389410116478392,0.98487850369265
"4987",31,"pdp1",0.0163197149906616,0.498092151736569,0.98487850369265
"4988",31,"tmem67",-0.0142341308909852,0.22867022084613,0.984612275003837
"4989",31,"rbm12ba",-0.000329071011677992,0.976863081188404,0.996208074900292
"4990",31,"si:ch211-197h24.6",0.00544336763500085,0.808975892961338,0.996208074900292
"4991",31,"tex10",-0.0115352217389449,0.567706158748468,0.993489446331016
"4992",31,"invs",-0.0180057825924389,0.269302228836743,0.984612275003837
"4993",31,"erp44",0.0162577311635995,0.462387011269859,0.98487850369265
"4994",31,"sec61b",0.0102344665280609,0.340841700847866,0.984612275003837
"4995",31,"LOC111577840",-0.0087071341643348,0.504003436344273,0.98487850369265
"4996",31,"tmem245",-0.0185382815198915,0.565914403852587,0.993489446331016
"4997",31,"galnt1",-0.00681308800221211,0.87340476574886,0.996208074900292
"4998",31,"ino80c",0.0023212806358155,0.841783538338424,0.996208074900292
"4999",31,"LOC111573153",0.00609352693005416,0.524188473119959,0.98487850369265
"5000",31,"LOC111573142",-0.016121515835552,0.012248839713383,0.285431162031599
"5001",31,"tbrg4",0.0178606683942979,0.264189926375953,0.984612275003837
"5002",31,"nacad",-0.0568864127521915,0.216076354595313,0.984612275003837
"5003",31,"LOC111573146",-0.0593199646797482,0.279166669138823,0.984612275003837
"5004",31,"LOC129349645",-0.0028529125059775,0.917584392173221,0.996208074900292
"5005",31,"si:dkey-12j5.1",0.0309680659736478,0.147650921218397,0.984612275003837
"5006",31,"mindy3",0.0175343666519014,0.156794077873068,0.984612275003837
"5007",31,"itga8",0.0055379551111629,0.871116717598658,0.996208074900292
"5008",31,"LOC111570316",0.0113562721003245,0.524188473119959,0.98487850369265
"5009",31,"stmn2a",-0.00127864924004458,0.976115533515744,0.996208074900292
"5010",31,"upp1",0.0105202229148489,0.543104549665434,0.993489446331016
"5011",31,"gra",0.0113289559478832,0.615608986934848,0.993489446331016
"5012",31,"rbm12bb",0.0241709004141166,0.435315232147065,0.98487850369265
"5013",31,"setd2",0.00833418976352833,0.646966405324078,0.993489446331016
"5014",31,"nbeal2",0.00624030282212142,0.524188473119959,0.98487850369265
"5015",31,"ccdc12",0.00810005101322882,0.277100270425448,0.984612275003837
"5016",31,"si:ch211-257p13.3",5.10704105962021e-05,0.998164156020779,0.999816729949705
"5017",31,"cep72",0.00815190899562709,0.340841700847866,0.984612275003837
"5018",31,"LOC111572054",0.0689638782609194,0.00972580996243993,0.285431162031599
"5019",31,"brd9",-0.00204057995199585,0.895106088567285,0.996208074900292
"5020",31,"nkd2b",0.0208378569634561,0.180029577980376,0.984612275003837
"5021",31,"ptdss1a",-0.0153731548208207,0.723757748480685,0.996098781090316
"5022",31,"grinab",0.0141539459217175,0.604357835017292,0.993489446331016
"5023",31,"smpd5",-0.0178701195461806,0.012248839713383,0.285431162031599
"5024",31,"malsu1",0.0063860785295063,0.340841700847866,0.984612275003837
"5025",31,"pals2a",-0.00911874626321774,0.74224421295898,0.996208074900292
"5026",31,"LOC129349709",-0.0178701195461806,0.012248839713383,0.285431162031599
"5027",31,"hibadhb",-0.0157820103158592,0.0742950626369717,0.908591954326234
"5028",31,"tax1bp1b",0.0110947597801503,0.226851649541295,0.984612275003837
"5029",31,"jazf1b",-0.0128909559921311,0.263670232382775,0.984612275003837
"5030",31,"cpvl",0.0201332761061387,0.505461065796219,0.98487850369265
"5031",31,"chn2",-0.00242837065577231,0.887883515983246,0.996208074900292
"5032",31,"plekha8",0.0196598068642733,0.472682780744261,0.98487850369265
"5033",31,"LOC129349580",-0.000310864050245439,0.976863081188404,0.996208074900292
"5034",31,"colq",-0.01071084861343,0.303789722449422,0.984612275003837
"5035",31,"hacl1",-0.0142866486128726,0.138930325254436,0.984612275003837
"5036",31,"ankrd28b",-0.00952556744560755,0.633466310697743,0.993489446331016
"5037",31,"hdac9b",0.00529266654765953,0.795245148784487,0.996208074900292
"5038",31,"fhod3b",0.000426826115125118,0.978151451119917,0.996452700582568
"5039",31,"rxrbb",-0.0240852784371185,0.270572633150941,0.984612275003837
"5040",31,"LOC111588843",-0.00286662973866273,0.779561644119895,0.996208074900292
"5041",31,"LOC111577053",-0.00253283679958961,0.975238560521726,0.996208074900292
"5042",31,"LOC111577061",0.00836444415715708,0.633195368184906,0.993489446331016
"5043",31,"LOC111577051",0.0124000292117516,0.432962141586006,0.98487850369265
"5044",31,"LOC118471192",0.00943634442644715,0.340841700847866,0.984612275003837
"5045",31,"aplp1",-0.0340246159618723,0.041843622823342,0.691659987055423
"5046",31,"igflr1",-0.000310864050245439,0.976863081188404,0.996208074900292
"5047",31,"kmt2bb",0.00843098593056042,0.613274105784817,0.993489446331016
"5048",31,"psenen",0.00412148679313237,0.719309264449339,0.993489446331016
"5049",31,"LOC111577108",-0.00638330458107131,0.562993380775414,0.993489446331016
"5050",31,"LOC111577100",-0.0161984077091706,0.012248839713383,0.285431162031599
"5051",31,"LOC129349643",0.00312216735804906,0.340841700847866,0.984612275003837
"5052",31,"smg9",-0.00384442283368288,0.645767499012668,0.993489446331016
"5053",31,"si:dkey-79d12.5",-0.0181809835964261,0.105406272329754,0.984612275003837
"5054",31,"LOC118471193",-0.00882836390359896,0.38702931806925,0.98487850369265
"5055",31,"si:dkeyp-84f3.5",-0.00127431620694952,0.971964563260941,0.996208074900292
"5056",31,"znf1035",-0.0256096452485811,0.123389842760863,0.984612275003837
"5057",31,"si:dkeyp-84f3.9",0.0358709001505603,0.455551680437609,0.98487850369265
"5058",31,"zgc:66448",0.0128029898318682,0.337368397149457,0.984612275003837
"5059",31,"si:ch211-261d7.6",0.00599124378204718,0.524188473119959,0.98487850369265
"5060",31,"LOC111567590",0.00646401524437993,0.541092789563323,0.993489446331016
"5061",31,"znf576.2",0.0211426208910994,0.0882978377634124,0.963905736748171
"5062",31,"wu:fe05a04",-0.0105709401466085,0.309771463801024,0.984612275003837
"5063",31,"si:ch211-79k12.2",0.012450668393103,0.412763073963739,0.98487850369265
"5064",31,"LOC111567596",0.0140587573573526,0.268501275904232,0.984612275003837
"5065",31,"ptprub",0.0261414946958608,0.344916904161469,0.98487850369265
"5066",31,"LOC118469996",-0.0196131623001375,0.130119672362178,0.984612275003837
"5067",31,"paqr7b",0.0325217113986612,0.323081616496717,0.984612275003837
"5068",31,"serinc2l",-0.0161984077091706,0.012248839713383,0.285431162031599
"5069",31,"LOC111565710",0.0233981472134811,0.403259000973633,0.98487850369265
"5070",31,"phactr4b",0.0282863581979475,0.388910133469504,0.98487850369265
"5071",31,"rcc1",0.0253770558718949,0.26393093186292,0.984612275003837
"5072",31,"tent5ba",0.0117994015497057,0.349513070314011,0.98487850369265
"5073",31,"zdhhc18a",-0.0174503503528568,0.0684750906773264,0.874521887661703
"5074",31,"pigv",0.0114066233769517,0.409031973509395,0.98487850369265
"5075",31,"arid1aa",0.0313582580981089,0.463467868885024,0.98487850369265
"5076",31,"gpn2",-0.00613858930323065,0.599638920054665,0.993489446331016
"5077",31,"LOC111574013",0.00982563100894909,0.593823128720513,0.993489446331016
"5078",31,"cep85",0.00855729368767352,0.751075142423928,0.996208074900292
"5079",31,"fez2a",0.0041944536995241,0.906055169527254,0.996208074900292
"5080",31,"LOC111574027",-0.0052185110101429,0.605877858677724,0.993489446331016
"5081",31,"lars2",0.00812210424989895,0.553447359306479,0.993489446331016
"5082",31,"LOC111574009",0.0767227524212759,0.044182812570894,0.713602176724185
"5083",31,"LOC111565709",-0.0101301392536048,0.890590745685118,0.996208074900292
"5084",31,"LOC111586527",0.00807935301236862,0.408906302534097,0.98487850369265
"5085",31,"LOC111576328",-0.0178701195461806,0.012248839713383,0.285431162031599
"5086",31,"LOC129349684",0.00892298465925429,0.340841700847866,0.984612275003837
"5087",31,"mrps12",0.00943634442644715,0.340841700847866,0.984612275003837
"5088",31,"LOC111576314",-0.000310864050245439,0.976863081188404,0.996208074900292
"5089",31,"cmtm7",-0.0109830269550851,0.679896724108964,0.993489446331016
"5090",31,"cpne4a",0.00204989096589874,0.849941057059601,0.996208074900292
"5091",31,"cmtm6",0.0063860785295063,0.340841700847866,0.984612275003837
"5092",31,"col6a4a",-0.000237088788261609,0.992690863371401,0.998750879301711
"5093",31,"pik3r4",0.00198777267526027,0.934771279635845,0.996208074900292
"5094",31,"atp2c1",-0.045946683395602,0.0819565781606265,0.93611489587387
"5095",31,"aldh5a1",0.00495818228071675,0.79400112169926,0.996208074900292
"5096",31,"kiaa0319",0.0139671064096572,0.435572289827452,0.98487850369265
"5097",31,"LOC111568264",0.0299274130901859,0.16866679944743,0.984612275003837
"5098",31,"LOC111568265",0.0654708857936751,0.15156953674659,0.984612275003837
"5099",31,"LOC111568271",0.00815718701202011,0.27607248393697,0.984612275003837
"5100",31,"LOC111572231",0.00432754403235871,0.524188473119959,0.98487850369265
"5101",31,"creb3l4",0.0355563121412188,0.146974006883764,0.984612275003837
"5102",31,"npr1b",-0.00348409801996199,0.889417860303221,0.996208074900292
"5103",31,"dek",-0.0203915510913858,0.152960096269149,0.984612275003837
"5104",31,"adam15",-0.0106939615862805,0.27936640798747,0.984612275003837
"5105",31,"LOC111568730",0.00153972724284349,0.969479485110543,0.996208074900292
"5106",31,"si:dkey-7j14.6",-0.0155547242851332,0.571080742230446,0.993489446331016
"5107",31,"LOC111568721",-0.0010293730909604,0.926076202573652,0.996208074900292
"5108",31,"LOC129347261",-0.0292214178170765,0.120676089413644,0.984612275003837
"5109",31,"gramd1a",-0.0372440612087357,0.376417412115524,0.98487850369265
"5110",31,"scn1ba",0.00436681652974961,0.789385326551054,0.996208074900292
"5111",31,"LOC111585109",-0.000310864050245439,0.976863081188404,0.996208074900292
"5112",31,"psmc4",-0.00795437652015687,0.773521960454632,0.996208074900292
"5113",31,"si:dkey-199f5.8",0.00556625435569036,0.679411560700878,0.993489446331016
"5114",31,"mtx1a",0.00221900963046791,0.919983409707325,0.996208074900292
"5115",31,"LOC111578036",0.00363598865519542,0.719309264449339,0.993489446331016
"5116",31,"tmem176l.1",0.00874846677748187,0.632093938281172,0.993489446331016
"5117",31,"LOC111578028",0.00227650065442477,0.854951237484389,0.996208074900292
"5118",31,"LOC111578021",-0.00478037677496808,0.927476279162323,0.996208074900292
"5119",31,"LOC111578020",-0.00724312208533002,0.701910133336691,0.993489446331016
"5120",31,"LOC111578019",0.0101060556719657,0.506847533601874,0.98487850369265
"5121",31,"LOC111578024",0.0238642451598583,0.130453046026823,0.984612275003837
"5122",31,"lamtor2",0.00986232099428038,0.581673001600378,0.993489446331016
"5123",31,"mex3a",0.0253678773496536,0.267511151078841,0.984612275003837
"5124",31,"LOC111578023",-0.000418266595330516,0.976863081188404,0.996208074900292
"5125",31,"pear1",0.00744971139040777,0.255140067524178,0.984612275003837
"5126",31,"tspan13a",0.0102344665280609,0.340841700847866,0.984612275003837
"5127",31,"LOC118471258",-0.000293977023095923,0.976863081188404,0.996208074900292
"5128",31,"bag6",0.00137137161866859,0.935523638833599,0.996208074900292
"5129",31,"gabbr1a",-0.0400550306029167,0.369342557650546,0.98487850369265
"5130",31,"sh3bp5la",0.00846711881800095,0.508167521913746,0.98487850369265
"5131",31,"dhx16",0.00874246087527177,0.714670803452413,0.993489446331016
"5132",31,"LOC111579082",0.0175942423170496,0.340841700847866,0.984612275003837
"5133",31,"il21r.1",0.0231266443605444,0.090210155849573,0.964667868932546
"5134",31,"nr2f5",0.0102344665280609,0.340841700847866,0.984612275003837
"5135",31,"bola1",-0.00298041632544017,0.810431455613741,0.996208074900292
"5136",31,"sv2a",0.0998105515207493,0.0733455563405861,0.904122159128314
"5137",31,"mtmr11",-0.00242650729182054,0.804030550602039,0.996208074900292
"5138",31,"otud7b",0.0190565622073413,0.66780897024234,0.993489446331016
"5139",31,"rbm8a",-0.041683988540062,0.191817441159792,0.984612275003837
"5140",31,"paqr6",-0.0119180459778037,0.243000898097647,0.984612275003837
"5141",31,"smg5",0.0575914435907571,0.0460637351768814,0.729456211251677
"5142",31,"syngap1b",0.0277851872601038,0.725216791731716,0.996208074900292
"5143",31,"phf1",-0.0320725227831927,0.154535452532566,0.984612275003837
"5144",31,"rgl2",-0.00547073737116974,0.861645293375472,0.996208074900292
"5145",31,"dnase2",0.00363598865519542,0.719309264449339,0.993489446331016
"5146",31,"pbx2",-0.00235144400224128,0.889759682469469,0.996208074900292
"5147",31,"LOC111577912",0.0107870733262992,0.502244674342648,0.98487850369265
"5148",31,"notchl",-0.010092715495452,0.132645571428573,0.984612275003837
"5149",31,"LOC111577930",-0.0184780636201654,0.35328133633824,0.98487850369265
"5150",31,"brd2b",-0.0144429099713019,0.181420312891936,0.984612275003837
"5151",31,"LOC111566130",0.00727487926086439,0.661088537511161,0.993489446331016
"5152",31,"si:dkey-82o10.4",-0.0118281006890306,0.337209559257275,0.984612275003837
"5153",31,"rab5ab",-0.0156396397753036,0.434390732606142,0.98487850369265
"5154",31,"znf385d",-0.0206736477625735,0.205970945202993,0.984612275003837
"5155",31,"LOC111579336",0.0245105412087586,0.262601721120895,0.984612275003837
"5156",31,"LOC111579335",0.0223828800606733,0.344809057003068,0.98487850369265
"5157",31,"nr1d2a",0.0140314438728842,0.359437088522005,0.98487850369265
"5158",31,"septin7b",0.0145017065458861,0.399679912514324,0.98487850369265
"5159",31,"mios",0.00391876886394258,0.85620618160059,0.996208074900292
"5160",31,"LOC111582286",-0.0118708636768119,0.212218356844146,0.984612275003837
"5161",31,"ica1",0.008309081609046,0.501772248846303,0.98487850369265
"5162",31,"LOC111586475",-0.00159411388760372,0.895106088567285,0.996208074900292
"5163",31,"LOC129349616",0.00363598865519542,0.719309264449339,0.993489446331016
"5164",31,"LOC111566140",0.00609352693005416,0.524188473119959,0.98487850369265
"5165",31,"tmem106ba",-0.0445283855736233,0.20358752581755,0.984612275003837
"5166",31,"LOC129349615",0.0113562721003245,0.524188473119959,0.98487850369265
"5167",31,"dgkb",0.029710775862263,0.282066359959549,0.984612275003837
"5168",31,"crppa",-0.0302164488213659,0.315193533757447,0.984612275003837
"5169",31,"ankmy2a",-0.0124430002714594,0.420843354345938,0.98487850369265
"5170",31,"herpud2",-0.00287248854625774,0.865408738880414,0.996208074900292
"5171",31,"dpy19l1l",-0.0103199136454361,0.449164067887302,0.98487850369265
"5172",31,"smarcc1a",-0.0152468237529161,0.456664060262927,0.98487850369265
"5173",31,"cspg5a",0.0168568457375388,0.802739369829647,0.996208074900292
"5174",31,"elp6",0.0117878976508225,0.29966472031861,0.984612275003837
"5175",31,"scap",-0.0238193063098964,0.492999377906982,0.98487850369265
"5176",31,"ptpn23a",-0.00469382174067267,0.719510685003425,0.993558354671001
"5177",31,"LOC111573010",-0.0298501873730035,0.566994713971872,0.993489446331016
"5178",31,"sema6e",0.039200085772095,0.319145922396525,0.984612275003837
"5179",31,"scnm1",0.0211348318634045,0.412038421623629,0.98487850369265
"5180",31,"LOC129349726",0.00040156514349952,0.97504581108894,0.996208074900292
"5181",31,"mcl1b",-0.0124445368863482,0.7637403727567,0.996208074900292
"5182",31,"ensab",-0.025280084405216,0.167697305476888,0.984612275003837
"5183",31,"lingo4b",-0.0196554637965001,0.012248839713383,0.285431162031599
"5184",31,"si:ch211-113g11.6",-0.0527748452237503,0.0803621876068866,0.929133735121188
"5185",31,"atg5",-0.0296669847845807,0.0536065483799705,0.78843311611345
"5186",31,"dctn3",0.0063578934938849,0.524188473119959,0.98487850369265
"5187",31,"bbs9",0.020894821135174,0.20187664004176,0.984612275003837
"5188",31,"bmper",0.0145981485274005,0.355500576410708,0.98487850369265
"5189",31,"sh3bp5b",0.00543599144987016,0.847441685133498,0.996208074900292
"5190",31,"LOC129349584",0.00697683070151568,0.524188473119959,0.98487850369265
"5191",31,"capn7",-0.00741664606535725,0.403075623366739,0.98487850369265
"5192",31,"nes",0.00358580531345942,0.719309264449339,0.993489446331016
"5193",31,"mef2d",-0.0971312042170798,0.102884396541873,0.984612275003837
"5194",31,"LOC111580561",-0.0209137907893607,0.506356588903783,0.98487850369265
"5195",31,"isg20l2",-0.0114840410166743,0.274811500572121,0.984612275003837
"5196",31,"mettl25b",-0.000293977023095923,0.976863081188404,0.996208074900292
"5197",31,"sri",-0.00682972886221215,0.514803849459886,0.98487850369265
"5198",31,"snrnp48",0.0139362802200871,0.230684236782279,0.984612275003837
"5199",31,"cfap418",-0.0372662443862044,0.00971505527830206,0.285431162031599
"5200",31,"plekhf2",0.00700589657131196,0.603968654306031,0.993489446331016
"5201",31,"ndufaf6",0.0118866602534043,0.381287577705283,0.98487850369265
"5202",31,"nagpa",-0.00156114625170004,0.877917102961084,0.996208074900292
"5203",31,"tp53inp1",-0.00752391536634169,0.469682576374281,0.98487850369265
"5204",31,"si:dkey-22o22.2",-0.0272247309253199,0.343511404812903,0.984612275003837
"5205",31,"mag",-0.00184102832830317,0.895106088567285,0.996208074900292
"5206",31,"LOC129349694",0.00363598865519542,0.719309264449339,0.993489446331016
"5207",31,"si:dkey-24p1.1",-0.000310864050245439,0.976863081188404,0.996208074900292
"5208",31,"ethe1",0.0011004909428378,0.918076598595159,0.996208074900292
"5209",31,"drd2l",-0.0331450240278155,0.26675981608319,0.984612275003837
"5210",31,"xrcc1",-0.0108835319119129,0.312675240806106,0.984612275003837
"5211",31,"LOC111572526",-0.0313516759795093,0.178977166932453,0.984612275003837
"5212",31,"iglon5",-0.0198237440144649,0.482970462846859,0.98487850369265
"5213",31,"LOC129349663",0.00755020169058079,0.524188473119959,0.98487850369265
"5214",31,"LOC111578592",-0.0343799146807958,0.223480312021641,0.984612275003837
"5215",31,"ago1",-0.031768085893893,0.152712599612076,0.984612275003837
"5216",31,"dhdds",0.0104729520438932,0.340841700847866,0.984612275003837
"5217",31,"LOC111578587",-0.0197060024322484,0.0859448937098516,0.955299091521895
"5218",31,"fam110d",0.0132472458588227,0.597672118438558,0.993489446331016
"5219",31,"slc9a1a",0.0182339725959616,0.67516375137064,0.993489446331016
"5220",31,"LOC111567735",0.0223643235509267,0.763511488946687,0.996208074900292
"5221",31,"LOC129349660",-0.000335378196156472,0.991727412380804,0.998734986151258
"5222",31,"srsf10a",-0.0279213734494724,0.0075807601181102,0.285431162031599
"5223",31,"pnrc2",0.0501777691284401,0.437263176966515,0.98487850369265
"5224",31,"akirin1",-0.00568052774694094,0.754163534207483,0.996208074900292
"5225",31,"rragca",-0.00589042539344668,0.682449551715608,0.993489446331016
"5226",31,"gnl2",-0.0116270481246523,0.259369697140347,0.984612275003837
"5227",31,"map7d1a",-0.0257205644800663,0.251639851960174,0.984612275003837
"5228",31,"LOC129349583",-0.0161984077091706,0.012248839713383,0.285431162031599
"5229",31,"thrap3a",-0.0181597056006543,0.012248839713383,0.285431162031599
"5230",31,"stk40",-0.0241408387635676,0.0232966556046839,0.478121922306048
"5231",31,"mrps15",-2.31179404640127e-05,0.999089653001771,0.999859294605512
"5232",31,"csf3r",0.00363598865519542,0.719309264449339,0.993489446331016
"5233",31,"grik3",-0.0227802613414481,0.412821755322299,0.98487850369265
"5234",31,"inpp5b",-0.031397536429752,0.036607424229053,0.640604953050563
"5235",31,"yrdc",0.0063578934938849,0.524188473119959,0.98487850369265
"5236",31,"LOC111563377",-0.00151760913059538,0.914858260022836,0.996208074900292
"5237",31,"LOC111563375",0.00569403399093138,0.719309264449339,0.993489446331016
"5238",31,"LOC111563389",0.0299188201175496,0.336270532218545,0.984612275003837
"5239",31,"LOC111563379",0.013992855582811,0.323121005958002,0.984612275003837
"5240",31,"cited4b",-0.0106783426916935,0.441529428309411,0.98487850369265
"5241",31,"rab42b",0.0063860785295063,0.340841700847866,0.984612275003837
"5242",31,"taf12",0.0125306301568841,0.322247623368697,0.984612275003837
"5243",31,"cadm4",-0.101199874770474,0.157009697268353,0.984612275003837
"5244",31,"rps19",-0.0237426289195167,0.338463472975268,0.984612275003837
"5245",31,"bcam",-0.0089766137405158,0.658571282909485,0.993489446331016
"5246",31,"apoa2",0.00298333849782732,0.719309264449339,0.993489446331016
"5247",31,"apoeb",0.0261015607140971,0.475861653905742,0.98487850369265
"5248",31,"tomm40",-0.0203295835957858,0.012248839713383,0.285431162031599
"5249",31,"ddx61",-0.000310864050245439,0.976863081188404,0.996208074900292
"5250",31,"LOC129349723",0.00599124378204718,0.524188473119959,0.98487850369265
"5251",31,"mrpl17",-0.00016551803512368,0.988855694978717,0.998248596916269
"5252",31,"tmem145",0.00641678385228273,0.917490126226768,0.996208074900292
"5253",31,"lipeb",-0.0113801268983779,0.709858359929777,0.993489446331016
"5254",31,"arhgef1b",0.00946928086534333,0.507163744878126,0.98487850369265
"5255",31,"LOC111562954",0.00244903041290534,0.83969135434147,0.996208074900292
"5256",31,"megf8",-0.0103266915363822,0.825053910008058,0.996208074900292
"5257",31,"LOC111562957",0.0141546328967953,0.340841700847865,0.984612275003837
"5258",31,"tlr21",0.00363598865519542,0.719309264449339,0.993489446331016
"5259",31,"pafah1b3",-0.0016473374337211,0.939993802956648,0.996208074900292
"5260",31,"grik5",0.00389867231037605,0.902591438271827,0.996208074900292
"5261",31,"LOC111572394",0.0202416361087693,0.208479563428911,0.984612275003837
"5262",31,"gsk3ab",-0.0156937689220485,0.43472413900515,0.98487850369265
"5263",31,"znf526",-0.00204057995199585,0.895106088567285,0.996208074900292
"5264",31,"cicb",-0.0535313638099201,0.131490876321552,0.984612275003837
"5265",31,"erfl3",0.00847887279659496,0.680780655787431,0.993489446331016
"5266",31,"pou2f2a",-0.0353213796807194,0.0255987899681663,0.510662020095908
"5267",31,"dedd1",-0.00380058965753488,0.91791685721779,0.996208074900292
"5268",31,"rabac1",-0.0406614830077768,0.0935180836907407,0.972275180017018
"5269",31,"atp1a3b",0.00712039687508612,0.887941434728474,0.996208074900292
"5270",31,"LOC129349666",-0.00412833331162103,0.812073681233807,0.996208074900292
"5271",31,"si:ch73-22o12.1",-0.0294693414970254,0.398086989458064,0.98487850369265
"5272",31,"abhd16a",0.00945250383868385,0.641251796073893,0.993489446331016
"5273",31,"vars1",0.00435928081129023,0.718261892110241,0.993489446331016
"5274",31,"LOC111569481",-0.0123945349226104,0.418131027331386,0.98487850369265
"5275",31,"ino80e",0.00676231539013512,0.519088920848965,0.98487850369265
"5276",31,"si:dkeyp-77h1.4",-0.0241338259250044,0.510524282074412,0.98487850369265
"5277",31,"mdc1",-0.0245631848970726,0.268375272090461,0.984612275003837
"5278",31,"tubb5",0.0065434569501582,0.818878858113775,0.996208074900292
"5279",31,"flot1b",-0.0255608337687422,0.499719119519863,0.98487850369265
"5280",31,"ddr1",0.000251628695237698,0.988078228997831,0.997959011287809
"5281",31,"gnl1",-0.00153565675829535,0.895106088567285,0.996208074900292
"5282",31,"znf384b",0.00938648063447013,0.340841700847866,0.984612275003837
"5283",31,"si:ch211-154o6.3",0.00359878240187873,0.789877426524301,0.996208074900292
"5284",31,"pianp",0.0278959501841491,0.1686054091659,0.984612275003837
"5285",31,"cops7a",-0.00334965516171071,0.849809340609328,0.996208074900292
"5286",31,"usp5",0.0114528870054401,0.44586377912193,0.98487850369265
"5287",31,"LOC111569451",0.0227583499108884,0.453970285585229,0.98487850369265
"5288",31,"LOC111569450",0.00697683070151568,0.524188473119959,0.98487850369265
"5289",31,"LOC111569479",-0.0158853790416518,0.562945564285985,0.993489446331016
"5290",31,"LOC111569468",0.0078726539187954,0.49509058345853,0.98487850369265
"5291",31,"ggctb",-0.0161984077091706,0.012248839713383,0.285431162031599
"5292",31,"LOC111569474",-0.000321088283375322,0.976863081188404,0.996208074900292
"5293",31,"LOC111569462",0.0154711618339075,0.30502969276965,0.984612275003837
"5294",31,"fbl",0.00963640833280313,0.557690475436303,0.993489446331016
"5295",31,"dyrk1b",0.050371659270876,0.262912957163668,0.984612275003837
"5296",31,"rbm42",0.00697683070151568,0.524188473119959,0.98487850369265
"5297",31,"gon4lb",0.00562704602773721,0.573334326969255,0.993489446331016
"5298",31,"arhgef2",0.0141546328967953,0.340841700847865,0.984612275003837
"5299",31,"LOC111569493",-0.03266679595924,0.312938650501173,0.984612275003837
"5300",31,"prune",0.00825731266173303,0.466218971528887,0.98487850369265
"5301",31,"pi4kb",-0.00417451031238293,0.712306932477156,0.993489446331016
"5302",31,"pogzb",-0.00607623773725876,0.785338645404214,0.996208074900292
"5303",31,"plekho1b",0.00203943232183857,0.885663573962682,0.996208074900292
"5304",31,"LOC111587903",0.0102224816019443,0.178144522860202,0.984612275003837
"5305",31,"gbp",-0.00159411388760372,0.895106088567285,0.996208074900292
"5306",31,"LOC118469557",0.009672793865705,0.478070526211122,0.98487850369265
"5307",31,"LOC111588117",0.00358580531345942,0.719309264449339,0.993489446331016
"5308",31,"mrs2",-0.0217723021486587,0.155026247318591,0.984612275003837
"5309",31,"LOC111579835",0.00613694477192045,0.676801171527705,0.993489446331016
"5310",31,"LOC111579833",-0.0182691413339981,0.77628460890543,0.996208074900292
"5311",31,"LOC111579831",0.00905785756240735,0.179297939951937,0.984612275003837
"5312",31,"sntb1",0.0182941510501688,0.496918540442243,0.98487850369265
"5313",31,"scgn",-0.0233245255414318,0.251488947877053,0.984612275003837
"5314",31,"LOC111578980",0.00236105167109299,0.923472326347109,0.996208074900292
"5315",31,"LOC111578984",-0.00566949749859332,0.59040718357347,0.993489446331016
"5316",31,"LOC111578981",-0.0052616974899234,0.551050788429762,0.993489446331016
"5317",31,"LOC111578982",-0.01855618899073,0.475922451430931,0.98487850369265
"5318",31,"cdkal1",-0.0135989553494078,0.74358259009188,0.996208074900292
"5319",31,"sox4b",-0.0176190868520474,0.593866272273383,0.993489446331016
"5320",31,"LOC118470753",0.0278590621919341,0.0291905669902138,0.554707263382922
"5321",31,"nrsn1",-0.013301998466208,0.725737553191845,0.996208074900292
"5322",31,"LOC111566240",0.00560937816247915,0.653830044595005,0.993489446331016
"5323",31,"irx2a",0.00771013921390904,0.542346191613148,0.993489446331016
"5324",31,"LOC111573421",-0.00722363907145388,0.502403482819003,0.98487850369265
"5325",31,"ice1",-0.000329071011677992,0.976863081188404,0.996208074900292
"5326",31,"adcy2a",-0.0313128535277546,0.310745659877534,0.984612275003837
"5327",31,"dnah5",0.0139025660784327,0.254734106511826,0.984612275003837
"5328",31,"triob",-0.00369960558834001,0.898043580487913,0.996208074900292
"5329",31,"grb10b",0.00755020169058079,0.524188473119959,0.98487850369265
"5330",31,"LOC111589185",0.05857100426359,0.152208762171715,0.984612275003837
"5331",31,"azi2",0.00561091680907471,0.701651457334868,0.993489446331016
"5332",31,"cmc1",0.00554350835913638,0.782327676188467,0.996208074900292
"5333",31,"LOC111589035",0.0152822101279837,0.105656057731582,0.984612275003837
"5334",31,"LOC111562513",-0.0283991459615315,0.338228696886151,0.984612275003837
"5335",31,"LOC111589160",0.024857701102069,0.116723328195215,0.984612275003837
"5336",31,"LOC111589125",-0.00818237839735788,0.558033650339674,0.993489446331016
"5337",31,"LOC111589114",-0.00308728328138119,0.878517299020014,0.996208074900292
"5338",31,"prelid3a",0.000212875947530197,0.985912398821335,0.997263491813048
"5339",31,"elovl4a",-0.0173853834973459,0.115405764170607,0.984612275003837
"5340",31,"LOC111589139",0.0165215992234047,0.406112006754169,0.98487850369265
"5341",31,"LOC111562470",-0.016466299251019,0.0929449906035938,0.972275180017018
"5342",31,"mdh2",-0.0283826924511925,0.347877012563783,0.98487850369265
"5343",31,"LOC129349585",-0.0159404937287225,0.012248839713383,0.285431162031599
"5344",31,"ctnnb1",0.012056915849026,0.762169226850947,0.996208074900292
"5345",31,"ulk4",0.00502080205677615,0.679856122333238,0.993489446331016
"5346",31,"trak1a",0.0197966941085739,0.264477941413034,0.984612275003837
"5347",31,"mroh1",-0.00716651180267506,0.639887288155443,0.993489446331016
"5348",31,"LOC118469392",-0.00181668524554433,0.931928018547771,0.996208074900292
"5349",31,"gapdhs",-0.0272538160219009,0.620786395257236,0.993489446331016
"5350",31,"hpn",-0.000310864050245439,0.976863081188404,0.996208074900292
"5351",31,"LOC111572972",0.00514173683298463,0.719309264449339,0.993489446331016
"5352",31,"fxyd3",-0.000267891541848369,0.976863081188404,0.996208074900292
"5353",31,"sdha",0.0191201008036289,0.580023351707116,0.993489446331016
"5354",31,"ccdc127a",0.000749798384558559,0.950067991625978,0.996208074900292
"5355",31,"psma2a",0.0133853995486327,0.580318852608365,0.993489446331016
"5356",31,"LOC111572975",0.0402151105014809,0.184494636319891,0.984612275003837
"5357",31,"tbc1d31",-0.013368933470708,0.356303256818853,0.98487850369265
"5358",31,"derl1",0.00610550585587639,0.449472211946486,0.98487850369265
"5359",31,"zhx2a",0.00331016160501875,0.891690530429524,0.996208074900292
"5360",31,"znf407",0.0164728399738505,0.492229982275681,0.98487850369265
"5361",31,"LOC111576212",-0.0373767301314031,0.301950932553698,0.984612275003837
"5362",31,"znf516",0.00537982607890756,0.759173045575692,0.996208074900292
"5363",31,"LOC111575590",0.0482291603679543,0.0751526512765973,0.911999108727449
"5364",31,"LOC111580029",0.032410159149716,0.109736780024669,0.984612275003837
"5365",31,"LOC111580028",-0.0471879586656021,0.0922847188663487,0.971868710097418
"5366",31,"galr1a",0.00796051796366578,0.340841700847865,0.984612275003837
"5367",31,"sall3a",-0.00016551803512368,0.988855694978717,0.998248596916269
"5368",31,"LOC111564770",0.0103425806650856,0.524188473119959,0.98487850369265
"5369",31,"macf1b",-0.00593253206400432,0.454807482513793,0.98487850369265
"5370",31,"plecb",0.000159400171068181,0.994165067062228,0.999475554994201
"5371",31,"eif3ea",-0.00417344172576193,0.712949801239462,0.993489446331016
"5372",31,"emc2",0.0235703013407583,0.373501487147654,0.98487850369265
"5373",31,"LOC129349600",0.00815190899562709,0.340841700847866,0.984612275003837
"5374",31,"trhra",-0.00837760828708613,0.220402509309356,0.984612275003837
"5375",31,"eny2",-0.0130762403511216,0.0943338066754644,0.972275180017018
"5376",31,"LOC129349576",0.00555693871582547,0.576623699432297,0.993489446331016
"5377",31,"ebag9",0.0101373702642027,0.170314649953189,0.984612275003837
"5378",31,"sybu",-0.0268575352912002,0.598531837244892,0.993489446331016
"5379",31,"bckdhb",0.00080508726917083,0.951308733441915,0.996208074900292
"5380",31,"ibtk",-0.0282495459120604,0.446489555769556,0.98487850369265
"5381",31,"tpbgb",0.00759495334617175,0.735190796207848,0.996208074900292
"5382",31,"ube3d",0.0159745741226917,0.370065363025609,0.98487850369265
"5383",31,"dop1a",-0.00608351617956714,0.6908878896012,0.993489446331016
"5384",31,"snap91a",-0.0359451896542977,0.304440268103385,0.984612275003837
"5385",31,"tstd3",-0.0100077966050271,0.401995196197375,0.98487850369265
"5386",31,"usp45",0.0411622292543483,0.106617619402484,0.984612275003837
"5387",31,"pnisr",-0.0244363854792301,0.437055332557064,0.98487850369265
"5388",31,"coq3",0.00434613773198004,0.72837634493451,0.996208074900292
"5389",31,"faxcb",0.0433586485423577,0.217870637189931,0.984612275003837
"5390",31,"pou3f2b",0.0068480725432338,0.734109200685399,0.996208074900292
"5391",31,"LOC111564532",0.0284631869566763,0.243519667199329,0.984612275003837
"5392",31,"klhl32",0.00702716919273453,0.86411693419203,0.996208074900292
"5393",31,"LOC111564852",-0.0166076075445812,0.0976943470347692,0.978486989316585
"5394",31,"rims2a",0.0365533347868593,0.504734468898728,0.98487850369265
"5395",31,"LOC129349594",-0.0178701195461806,0.012248839713383,0.285431162031599
"5396",31,"dpys",0.0105578285208705,0.524188473119959,0.98487850369265
"5397",31,"zfpm2a",0.0582932435659538,0.200009843973647,0.984612275003837
"5398",31,"si:dkey-122a22.2",-0.000711492474171262,0.975436310324276,0.996208074900292
"5399",31,"oxr1a",0.0326574556870864,0.614158140766663,0.993489446331016
"5400",31,"cndp1",0.00804905852071059,0.753720947754807,0.996208074900292
"5401",31,"LOC111580101",0.0236081307961886,0.662473370145469,0.993489446331016
"5402",31,"ano10a",0.00193181130326517,0.886706703914004,0.996208074900292
"5403",31,"snrka",0.0208413332052226,0.475631649356833,0.98487850369265
"5404",31,"pomgnt2",0.0331359264139994,0.167041596564678,0.984612275003837
"5405",31,"LOC111573751",0.0251929249141219,0.626819033084093,0.993489446331016
"5406",31,"kiaa1143",-0.0328046520638289,0.00854788971870151,0.285431162031599
"5407",31,"zdhhc3a",0.00798935920715739,0.796815253622986,0.996208074900292
"5408",31,"LOC111588859",-0.023858459016608,0.121449689780522,0.984612275003837
"5409",31,"fam210ab",-0.00546930396641682,0.683899386716088,0.993489446331016
"5410",31,"ldlrad4b",0.0412051261349892,0.443310597239586,0.98487850369265
"5411",31,"seh1l",-0.000385819212686507,0.976863081188404,0.996208074900292
"5412",31,"ptpn2a",0.00466818875825912,0.656667396972628,0.993489446331016
"5413",31,"id4",-0.0174938952530487,0.428683306434501,0.98487850369265
"5414",31,"ncalda",-0.0026758824557653,0.889172216647127,0.996208074900292
"5415",31,"LOC111569391",0.00525465446737559,0.797626719436466,0.996208074900292
"5416",31,"LOC111569380",-0.035055862457085,0.0532155900724108,0.785917251791734
"5417",31,"pabpc1a",0.022387032225583,0.488367906235452,0.98487850369265
"5418",31,"LOC111569392",-0.000492081538995832,0.95355242440899,0.996208074900292
"5419",31,"spag1b",-0.00457077994782199,0.561149833982161,0.993489446331016
"5420",31,"LOC111569393",0.0115727079877699,0.805009457071503,0.996208074900292
"5421",31,"LOC111569410",0.0111336665926305,0.456370820504483,0.98487850369265
"5422",31,"pop1",-0.0132148828535011,0.012248839713383,0.285431162031599
"5423",31,"LOC111569402",0.013978569320281,0.40873204129412,0.98487850369265
"5424",31,"LOC111569414",-0.000261220428155022,0.991155035876018,0.998483873493507
"5425",31,"LOC111569389",0.0346483799898003,0.325112024652233,0.984612275003837
"5426",31,"ubr5",-0.0197414719549419,0.434805269239415,0.98487850369265
"5427",31,"LOC111569405",0.0196377403148878,0.178001111588125,0.984612275003837
"5428",31,"atp6v1c1a",-0.0127986718180319,0.396971715531039,0.98487850369265
"5429",31,"spire1b",0.0142731022121295,0.560819664617574,0.993489446331016
"5430",31,"rnf144b",0.0125212173796636,0.478693645041289,0.98487850369265
"5431",31,"LOC118471110",0.00626631688046305,0.649963618675215,0.993489446331016
"5432",31,"LOC111576353",0.0118974950897452,0.580557546765151,0.993489446331016
"5433",31,"ascc3",0.0052927624912194,0.864055091687937,0.996208074900292
"5434",31,"grik2",0.0773030501188321,0.144905462860177,0.984612275003837
"5435",31,"LOC111571537",0.00401667998211327,0.726128773941616,0.996208074900292
"5436",31,"hace1",-0.0421691241973588,0.404475281548173,0.98487850369265
"5437",31,"preb",-0.0263114223607158,0.138670612213353,0.984612275003837
"5438",31,"adcy3a",0.0481657888476397,0.0401578723196789,0.67511585186192
"5439",31,"wdr26a",-0.010191836035898,0.490582460860244,0.98487850369265
"5440",31,"cnih4",0.0159169808535385,0.569175588023118,0.993489446331016
"5441",31,"kpna5",-0.0107378873152435,0.519567232633113,0.98487850369265
"5442",31,"rwdd1",0.00496331032240182,0.729052938046313,0.996208074900292
"5443",31,"cnot10",-0.0873059161571389,0.0100613697206773,0.285431162031599
"5444",31,"tcaim",0.00244633884537431,0.945668508380029,0.996208074900292
"5445",31,"si:ch211-198c19.1",0.00363598865519542,0.719309264449339,0.993489446331016
"5446",31,"LOC118469627",-0.0130649032670839,0.439543437570258,0.98487850369265
"5447",31,"adgrb1a",0.0495648913526899,0.171330231763473,0.984612275003837
"5448",31,"tsnare1",0.0200713310655973,0.714569572143319,0.993489446331016
"5449",31,"LOC111569475",-0.00785562907727126,0.65714643444396,0.993489446331016
"5450",31,"cdk14",-0.0114660246158936,0.743195296489966,0.996208074900292
"5451",31,"fzd1",0.00607205317070237,0.771562376546914,0.996208074900292
"5452",31,"znrf2b",0.0120945641032198,0.603615885864899,0.993489446331016
"5453",31,"nod1",0.00363598865519542,0.719309264449339,0.993489446331016
"5454",31,"ddx51",-0.00444791099480771,0.573236642919947,0.993489446331016
"5455",31,"taf2",-0.00068552789459687,0.982749139604975,0.996956250321918
"5456",31,"LOC111562763",-0.00822272068408683,0.742778573045323,0.996208074900292
"5457",31,"LOC111562761",0.00584110209883866,0.719309264449339,0.993489446331016
"5458",31,"LOC129349947",0.00556625435569036,0.679411560700878,0.993489446331016
"5459",31,"LOC111584532",0.00232540815864242,0.824126556215192,0.996208074900292
"5460",31,"asph",0.054199605684968,0.0949441152566406,0.97249919343376
"5461",31,"LOC111580827",0.0351123851215468,0.442598027096824,0.98487850369265
"5462",31,"fam151a",-0.058005300364397,0.0306337858909328,0.57346181766817
"5463",31,"LOC111578495",0.00224220574974385,0.968961667883107,0.996208074900292
"5464",31,"tyw3",-0.00575835854547813,0.621651338337895,0.993489446331016
"5465",31,"LOC111578494",0.0376058326329066,0.441579725817306,0.98487850369265
"5466",31,"palmda",-0.0241742086390518,0.202491116327026,0.984612275003837
"5467",31,"LOC111578481",0.0140318106424329,0.835556211028799,0.996208074900292
"5468",31,"agla",-0.0130234772720107,0.711982130295155,0.993489446331016
"5469",31,"cdh6",0.031809859545168,0.581350622448149,0.993489446331016
"5470",31,"LOC118471663",0.00358580531345942,0.719309264449339,0.993489446331016
"5471",31,"rnf2",0.0229939934067893,0.40637584931199,0.98487850369265
"5472",31,"LOC111584931",0.0115915940781134,0.251326938743815,0.984612275003837
"5473",31,"LOC111569792",-0.0162216415423331,0.207859910989158,0.984612275003837
"5474",31,"LOC111582448",-0.00846278257531735,0.874797856628048,0.996208074900292
"5475",31,"ralbp1",-0.0116619509245363,0.275387952220113,0.984612275003837
"5476",31,"ankrd12",-0.0360044753904687,0.473886902417388,0.98487850369265
"5477",31,"ndufv2",0.0136565122827056,0.0467972198623523,0.736525078741587
"5478",31,"LOC111570825",0.00174424030981457,0.92126957291519,0.996208074900292
"5479",31,"LOC118470522",-0.000321088283375322,0.976863081188404,0.996208074900292
"5480",31,"rab12",0.0063578934938849,0.524188473119959,0.98487850369265
"5481",31,"napgb",0.0171359546628805,0.662977692202261,0.993489446331016
"5482",31,"LOC111570823",0.0109729561126003,0.657047474219412,0.993489446331016
"5483",31,"LOC111570589",0.0108776779320379,0.656018606190813,0.993489446331016
"5484",31,"mppe1",-0.0594525532250558,0.205500179201708,0.984612275003837
"5485",31,"LOC111586146",-0.000960950371593048,0.981441063322073,0.99678337426189
"5486",31,"LOC111569088",-0.00347049317157688,0.638422897446935,0.993489446331016
"5487",31,"LOC111569090",-0.00766405177503535,0.490623300962901,0.98487850369265
"5488",31,"pak1ip1",0.0056860013974521,0.719309264449339,0.993489446331016
"5489",31,"cc2d1b",-0.0285178118096275,0.0461490953755097,0.729906838941631
"5490",31,"LOC129349822",-0.00714274041860961,0.453826071852993,0.98487850369265
"5491",31,"zfyve9a",0.0203186999322574,0.39771789276736,0.98487850369265
"5492",31,"txndc12",-0.0124816120798183,0.2329920273188,0.984612275003837
"5493",31,"slc25a24l",0.0101523742900326,0.193905284896826,0.984612275003837
"5494",31,"dnajb4",-0.00292890866067997,0.850382227307328,0.996208074900292
"5495",31,"fubp1",0.0761898300553148,0.0868849239722606,0.959924995514373
"5496",31,"LOC129349860",-0.000385819212686507,0.976863081188404,0.996208074900292
"5497",31,"LOC111585261",-0.00178427348760721,0.928415517595317,0.996208074900292
"5498",31,"usp33",0.00784482371566758,0.496417453130425,0.98487850369265
"5499",31,"zzz3",0.00839957441551801,0.606673895093682,0.993489446331016
"5500",31,"ak5",0.0031423244175069,0.898487766726956,0.996208074900292
"5501",31,"pigk",0.0101011102251981,0.632891306748981,0.993489446331016
"5502",31,"st6galnac5a",0.00990395860021476,0.883297018394293,0.996208074900292
"5503",31,"st6galnac3",0.0272762140576845,0.364194413004252,0.98487850369265
"5504",31,"rabggtb",-0.00322986916437954,0.725845579623749,0.996208074900292
"5505",31,"acadm",0.00659290041355492,0.659129737635751,0.993489446331016
"5506",31,"LOC111563465",0.0173754828911982,0.730329110194133,0.996208074900292
"5507",31,"rab36",-0.0149597194998813,0.295511078416808,0.984612275003837
"5508",31,"depdc5",0.0155978920051551,0.570508901684327,0.993489446331016
"5509",31,"LOC111571187",0.00793690640946875,0.503917758805345,0.98487850369265
"5510",31,"LOC111584489",0.0197939084441869,0.464768261574807,0.98487850369265
"5511",31,"mrpl37",-0.0281815518777153,0.0795695525748877,0.928697589516
"5512",31,"LOC111568873",0.0196353987316777,0.462397769122269,0.98487850369265
"5513",31,"LOC129349763",-0.00313929171782064,0.895106088567285,0.996208074900292
"5514",31,"LOC111569110",0.0446351910050446,0.0689994013175194,0.878031072122838
"5515",31,"odr4",0.00462345685428946,0.735643557442579,0.996208074900292
"5516",31,"dpydb",-0.0268334055576839,0.0619978467371496,0.835963163289791
"5517",31,"LOC111582264",0.0097083879956407,0.616933674054577,0.993489446331016
"5518",31,"LOC111572811",0.0119484953029496,0.398716466275447,0.98487850369265
"5519",31,"chd7",-0.0208172742874022,0.135084797699088,0.984612275003837
"5520",31,"rab2a",0.0582180543126196,0.0731973685473815,0.904122159128314
"5521",31,"tox",0.00350406374654925,0.869145532710828,0.996208074900292
"5522",31,"LOC111582944",0.0250674533153298,0.139849893194956,0.984612275003837
"5523",31,"dars2",0.0200952263460512,0.174019541799918,0.984612275003837
"5524",31,"bpnt2",0.0437609594598547,0.0146669021125834,0.331803092412888
"5525",31,"trnau1apb",0.00708001008783215,0.671640954489427,0.993489446331016
"5526",31,"fitm1l",-0.000813421486275889,0.970553107747986,0.996208074900292
"5527",31,"map4l",-0.000777359113285846,0.981070841713107,0.99678337426189
"5528",31,"LOC118471225",0.00450774868916627,0.719309264449339,0.993489446331016
"5529",31,"klhl20",0.0287812118241265,0.162987617832448,0.984612275003837
"5530",31,"brinp2",0.0401842599972709,0.448582811915041,0.98487850369265
"5531",31,"astn1",-0.0256346540859148,0.604728392985771,0.993489446331016
"5532",31,"pappa2",-0.0162063699011203,0.0122488397133829,0.285431162031599
"5533",31,"cop1",-0.0278551139524323,0.0187895641717673,0.407806666042739
"5534",31,"xrn1",0.0138219701473329,0.539284287311005,0.993489446331016
"5535",31,"LOC111562858",-0.0232202752560533,0.012248839713383,0.285431162031599
"5536",31,"atpsckmt",-0.0132148828535011,0.012248839713383,0.285431162031599
"5537",31,"LOC111562861",0.0423332509162686,0.0611140998796317,0.830812925823552
"5538",31,"LOC111580727",0.0168641712819571,0.759375216981106,0.996208074900292
"5539",31,"LOC111580726",-0.0336628262618825,0.160620984031228,0.984612275003837
"5540",31,"lyn",0.00514173683298463,0.719309264449339,0.993489446331016
"5541",31,"urod",-0.000321088283375322,0.976863081188404,0.996208074900292
"5542",31,"zswim5",0.0207568008848671,0.29972974521345,0.984612275003837
"5543",31,"tmem53",0.0201817371006108,0.180026269619709,0.984612275003837
"5544",31,"rnf220a",-0.0296499688563883,0.209764950097731,0.984612275003837
"5545",31,"LOC111584970",-0.00159655633335685,0.895106088567285,0.996208074900292
"5546",31,"rem2",-0.0155072363308286,0.455523316606145,0.98487850369265
"5547",31,"carmil3",-0.00439157717165533,0.896182028210777,0.996208074900292
"5548",31,"LOC111584813",0.0761960551434507,0.173590857017409,0.984612275003837
"5549",31,"psmb5",0.00751003165683191,0.781553689713711,0.996208074900292
"5550",31,"prmt5",0.00803921022558703,0.340841700847865,0.984612275003837
"5551",31,"ap1g2",0.00408428368315848,0.84662108317812,0.996208074900292
"5552",31,"nedd8l",0.00739829231826357,0.774958404656457,0.996208074900292
"5553",31,"homeza",-0.0400854150742619,0.041175161924706,0.685024386521666
"5554",31,"dhrs1",0.0153129089072545,0.788092577982763,0.996208074900292
"5555",31,"acin1a",0.0385563205384038,0.276264906294878,0.984612275003837
"5556",31,"sall2",-0.0132150692113433,0.188873999867355,0.984612275003837
"5557",31,"trim110",0.00830868822316596,0.488601035330403,0.98487850369265
"5558",31,"chd8",0.00845760970095406,0.641682143234197,0.993489446331016
"5559",31,"tox4a",0.00269617534872204,0.851136403076419,0.996208074900292
"5560",31,"LOC111577986",0.0156449539351584,0.259970022384012,0.984612275003837
"5561",31,"eif2b5",0.00987942220478615,0.594239387700349,0.993489446331016
"5562",31,"LOC111577974",-0.00221956722402756,0.895106088567285,0.996208074900292
"5563",31,"hhatla",-0.013508859876597,0.182613196911978,0.984612275003837
"5564",31,"LOC111577981",0.0150409124774211,0.304349952565859,0.984612275003837
"5565",31,"LOC111577995",-0.00421155529409506,0.839861502761304,0.996208074900292
"5566",31,"LOC111577997",-0.0045136439490307,0.568450438616121,0.993489446331016
"5567",31,"LOC111586239",0.00075101779321269,0.942560710676236,0.996208074900292
"5568",31,"gorasp1a",0.0103855898880153,0.410961099532972,0.98487850369265
"5569",31,"LOC129349778",0.00117212744433423,0.933292695589658,0.996208074900292
"5570",31,"scn12aa",-0.0161984077091706,0.012248839713383,0.285431162031599
"5571",31,"zgc:171422",-0.0184705696508997,0.101315273957123,0.984612275003837
"5572",31,"LOC111571318",-0.00159655633335685,0.895106088567285,0.996208074900292
"5573",31,"zgc:162816",-0.0203295835957858,0.012248839713383,0.285431162031599
"5574",31,"orc2",-0.000310864050245439,0.976863081188404,0.996208074900292
"5575",31,"rpl37a",-0.0185659582708223,0.567033514856074,0.993489446331016
"5576",31,"ndufb3",0.0240204279824586,0.273762642440823,0.984612275003837
"5577",31,"si:ch211-227n13.3",-0.00842429708139711,0.698661603722458,0.993489446331016
"5578",31,"si:ch73-71c20.5",-0.0278766395763661,0.0682160676698759,0.874521887661703
"5579",31,"sugt1",-0.000362424758873901,0.986476733251579,0.997519673426724
"5580",31,"LOC111588112",-0.0272488574877981,0.273855845768746,0.984612275003837
"5581",31,"LOC111588113",-0.0129090646991435,0.202311387999212,0.984612275003837
"5582",31,"LOC111588084",0.00189941916784813,0.836712527588029,0.996208074900292
"5583",31,"LOC129349744",-0.000293977023095923,0.976863081188404,0.996208074900292
"5584",31,"LOC111588106",0.00829793349920302,0.622034734306874,0.993489446331016
"5585",31,"LOC111588076",-0.0296137410067201,0.517075154603159,0.98487850369265
"5586",31,"gorasp2",0.0104210709624129,0.524188473119959,0.98487850369265
"5587",31,"LOC111588080",-0.0293239452704898,0.330842485644893,0.984612275003837
"5588",31,"dis3l2",0.00406925133383468,0.845882735009777,0.996208074900292
"5589",31,"LOC111588111",0.0247260989044817,0.556089794125188,0.993489446331016
"5590",31,"LOC111588110",0.00175903821864344,0.880142627967012,0.996208074900292
"5591",31,"LOC111588082",-0.0243722860856786,0.382453477333911,0.98487850369265
"5592",31,"LOC111588108",-0.00540160595674495,0.541816685820402,0.993489446331016
"5593",31,"yme1l1b",-0.000492081538995832,0.95355242440899,0.996208074900292
"5594",31,"LOC111588105",0.011123534511363,0.429040342914013,0.98487850369265
"5595",31,"LOC111588086",-0.0479462761825099,0.0222454491728779,0.463218143734585
"5596",31,"LOC111588102",-0.00752664595160804,0.529744407102518,0.989372540616599
"5597",31,"LOC129349747",0.00595207356837687,0.340841700847865,0.984612275003837
"5598",31,"tnk2b",-0.00732757986446641,0.885127555678466,0.996208074900292
"5599",31,"tfr1a",0.00810617396433306,0.486889015477027,0.98487850369265
"5600",31,"ints15",0.00273626258872711,0.833583567062037,0.996208074900292
"5601",31,"pgap6",-0.00430800252798616,0.583569701386136,0.993489446331016
"5602",31,"si:ch211-188c16.1",-0.00240713879542296,0.931831149980546,0.996208074900292
"5603",31,"LOC111587142",0.0120857479461326,0.708921711260153,0.993489446331016
"5604",31,"LOC111587094",-0.00714059291245759,0.565225338275424,0.993489446331016
"5605",31,"dnm3b",0.0789630162005628,0.303133356243492,0.984612275003837
"5606",31,"LOC111587627",-0.0221781220741668,0.109959126158925,0.984612275003837
"5607",31,"tada1",-0.000267891541848369,0.976863081188404,0.996208074900292
"5608",31,"LOC129347221",0.000272359086854038,0.989923535214101,0.998253544131569
"5609",31,"mgst3a",0.0195223195191194,0.233538711027509,0.984612275003837
"5610",31,"si:ch73-344o19.1",0.00236839127332297,0.87763469345918,0.996208074900292
"5611",31,"LOC111587127",-0.000385819212686507,0.976863081188404,0.996208074900292
"5612",31,"fzr1b",0.00280107907467374,0.796670894137462,0.996208074900292
"5613",31,"LOC111587648",0.0028493397890494,0.867596693723765,0.996208074900292
"5614",31,"LOC111587111",-0.00638816971890919,0.904813000188228,0.996208074900292
"5615",31,"LOC111587699",-0.0161984077091706,0.012248839713383,0.285431162031599
"5616",31,"slc1a7a",-0.0161984077091706,0.012248839713383,0.285431162031599
"5617",31,"LOC129349949",0.0063578934938849,0.524188473119959,0.98487850369265
"5618",31,"scp2a",0.00531213850645344,0.80611346379341,0.996208074900292
"5619",31,"uck2b",0.0102344665280609,0.340841700847866,0.984612275003837
"5620",31,"gpbp1l1",-0.0103991267471813,0.669083303657124,0.993489446331016
"5621",31,"LOC111587564",0.00437462453442206,0.719309264449339,0.993489446331016
"5622",31,"ipp",0.005335442342905,0.779757680152241,0.996208074900292
"5623",31,"LOC111587052",-0.0224550775374897,0.320846437583226,0.984612275003837
"5624",31,"sgip1b",0.00881897468234567,0.809623401280964,0.996208074900292
"5625",31,"dynlt5",0.00450774868916627,0.719309264449339,0.993489446331016
"5626",31,"mier1b",-0.0142866486128726,0.138930325254436,0.984612275003837
"5627",31,"serbp1b",0.00511181881083613,0.899885039052726,0.996208074900292
"5628",31,"LOC111586989",0.000322877221179675,0.995582055272487,0.999816729949705
"5629",31,"rgs18",0.00363598865519542,0.719309264449339,0.993489446331016
"5630",31,"cdc73",0.000580042018504529,0.972971759749373,0.996208074900292
"5631",31,"zbtb41",0.0162558748377556,0.236640257971266,0.984612275003837
"5632",31,"LOC111585403",-0.00752753888109503,0.669367024122335,0.993489446331016
"5633",31,"LOC111585398",-0.0034231538616689,0.768364326888541,0.996208074900292
"5634",31,"LOC111585406",0.0461985503180986,0.113971179153178,0.984612275003837
"5635",31,"LOC111585400",0.00947893951672535,0.74377645398866,0.996208074900292
"5636",31,"LOC111585401",0.00626431327642107,0.340841700847866,0.984612275003837
"5637",31,"cpdp",-0.00204057995199585,0.895106088567285,0.996208074900292
"5638",31,"ephb3a",0.042909331452722,0.27845435206898,0.984612275003837
"5639",31,"LOC111581473",0.000807805353270834,0.947151993714817,0.996208074900292
"5640",31,"tbl1xr1b",0.00748458165158949,0.845146256621976,0.996208074900292
"5641",31,"eif4a2",0.0117903169492306,0.633581026299646,0.993489446331016
"5642",31,"LOC111581482",-0.0161984077091706,0.012248839713383,0.285431162031599
"5643",31,"zgc:153115",-0.016121515835552,0.012248839713383,0.285431162031599
"5644",31,"zgc:55943",-0.00932032605306881,0.613338914926782,0.993489446331016
"5645",31,"fam78ba",-0.00203334542551019,0.902435676811654,0.996208074900292
"5646",31,"LOC111585505",0.00859760046921035,0.303821709240099,0.984612275003837
"5647",31,"atp1b3a",0.0404737411484348,0.397896326406461,0.98487850369265
"5648",31,"fbxo36b",0.0137374495576496,0.150372531236112,0.984612275003837
"5649",31,"agfg1b",-0.015954592157011,0.080325825869408,0.929133735121188
"5650",31,"zgc:110269",0.0164172311910373,0.211691931542123,0.984612275003837
"5651",31,"LOC111585503",0.0179079734477015,0.565740430641754,0.993489446331016
"5652",31,"stk25b",0.0131436597397593,0.428576612968233,0.98487850369265
"5653",31,"septin2",-0.0118364691541759,0.689985613428392,0.993489446331016
"5654",31,"selenof",0.0134451392601664,0.242747531223508,0.984612275003837
"5655",31,"hs2st1a",-0.00920437545589307,0.694858991246257,0.993489446331016
"5656",31,"gtf2b",-0.0181597056006543,0.012248839713383,0.285431162031599
"5657",31,"lrrc8da",0.00932592263879833,0.524188473119959,0.98487850369265
"5658",31,"znf644a",-0.0129723505177263,0.474045207587723,0.98487850369265
"5659",31,"glmna",0.00909146312770926,0.477067064732537,0.98487850369265
"5660",31,"rpap2",-0.00975318783365228,0.428423725872995,0.98487850369265
"5661",31,"dipk1aa",-0.0287816371982335,0.120929179158056,0.984612275003837
"5662",31,"mtf2",-0.0087071341643348,0.504003436344273,0.98487850369265
"5663",31,"nsun4",-0.0142482119842732,0.349065540992697,0.98487850369265
"5664",31,"dmbx1a",0.00661418076506364,0.809747980677958,0.996208074900292
"5665",31,"LOC111570597",0.00785774415898231,0.524188473119959,0.98487850369265
"5666",31,"LOC111570598",0.00670797267150849,0.486466981638439,0.98487850369265
"5667",31,"st3gal3b",-0.0398268939962252,0.0118564498398829,0.285431162031599
"5668",31,"kdm4ab",-0.0251315926299825,0.0236265916103703,0.481809682966964
"5669",31,"abhd8a",5.46999371645736e-05,0.997932838698729,0.999816729949705
"5670",31,"mrpl34",0.00412184391984431,0.801030851240426,0.996208074900292
"5671",31,"LOC111567015",-0.01221372053797,0.181896689016397,0.984612275003837
"5672",31,"ano8a",0.00326616735594705,0.865997725261285,0.996208074900292
"5673",31,"nr2f6a",0.0107937174294953,0.560521120547892,0.993489446331016
"5674",31,"zgc:154006",0.00599124378204718,0.524188473119959,0.98487850369265
"5675",31,"kcnn1a",0.0206542382870999,0.563037869246279,0.993489446331016
"5676",31,"rps28",-0.0130983686217042,0.60413642395004,0.993489446331016
"5677",31,"LOC111566852",0.00701565149095082,0.481794509799822,0.98487850369265
"5678",31,"rps15",0.00263737497785049,0.921844938615932,0.996208074900292
"5679",31,"crsp7",0.00466775694306421,0.711242645003946,0.993489446331016
"5680",31,"crtc1a",-0.0484057996317537,0.0783926838213166,0.924563644280465
"5681",31,"mast3a",0.00953017880627333,0.763671816687602,0.996208074900292
"5682",31,"pik3r2",0.0247817284152157,0.543606771624502,0.993489446331016
"5683",31,"pde4ca",-0.0142090574132445,0.214146078532595,0.984612275003837
"5684",31,"LOC111566870",-0.0154100477749878,0.476801142342436,0.98487850369265
"5685",31,"LOC111566868",-0.0107749063153347,0.387347841422296,0.98487850369265
"5686",31,"pgpep1",-0.016121515835552,0.012248839713383,0.285431162031599
"5687",31,"LOC111566864",0.0114115558475808,0.644127866428086,0.993489446331016
"5688",31,"LOC111566867",-0.000310864050245439,0.976863081188404,0.996208074900292
"5689",31,"LOC111566873",-0.0138822738099413,0.477217192118884,0.98487850369265
"5690",31,"LOC111566865",0.0177163954892702,0.215095426667246,0.984612275003837
"5691",31,"LOC111566871",-0.0207346480137642,0.486724682504242,0.98487850369265
"5692",31,"marchf2",-0.0164565266080041,0.112453953540589,0.984612275003837
"5693",31,"slc25a36a",-0.0273432330022397,0.659446201597454,0.993489446331016
"5694",31,"LOC111567455",0.0485107355345511,0.394208072613337,0.98487850369265
"5695",31,"clstn2a",-0.0118731794776587,0.687047018813007,0.993489446331016
"5696",31,"nmnat3",0.0320437994094726,0.153178027657807,0.984612275003837
"5697",31,"copb2",0.0206954336458375,0.205173926196173,0.984612275003837
"5698",31,"LOC111576801",-0.0205829459388052,0.224483348413797,0.984612275003837
"5699",31,"LOC111576799",0.0173556860977986,0.718541812009422,0.993489446331016
"5700",31,"pcyt1aa",0.00152805347044534,0.897788864780544,0.996208074900292
"5701",31,"LOC111576809",0.0098251305561585,0.171972375846986,0.984612275003837
"5702",31,"LOC111576808",-0.0032806944768547,0.801861659560691,0.996208074900292
"5703",31,"metap1d",-0.0205951359427508,0.012248839713383,0.285431162031599
"5704",31,"LOC111576805",0.0063860785295063,0.340841700847866,0.984612275003837
"5705",31,"LOC111576806",-0.00333503105010668,0.887738537564247,0.996208074900292
"5706",31,"epha4b",-0.00121361058736499,0.951174292351367,0.996208074900292
"5707",31,"LOC118469976",0.00480355617455881,0.730523716568685,0.996208074900292
"5708",31,"LOC111565508",-0.0118708636768119,0.212218356844146,0.984612275003837
"5709",31,"LOC111565489",-0.0415014926560427,0.0162068288438431,0.363435303461495
"5710",31,"LOC111571007",0.0080971972817321,0.66848991251997,0.993489446331016
"5711",31,"LOC111571008",-0.0175714175729447,0.74117167535915,0.996208074900292
"5712",31,"LOC129349793",0.00429322267396468,0.719309264449339,0.993489446331016
"5713",31,"LOC111571407",-0.0214233646480155,0.102543211985697,0.984612275003837
"5714",31,"LOC111580339",-0.0752517503252965,0.0545582535015356,0.79436707745123
"5715",31,"LOC111580350",0.084594405465101,0.211991560722295,0.984612275003837
"5716",31,"cactin",0.0121871072898862,0.223927073144529,0.984612275003837
"5717",31,"sirt6",-0.0574687882589165,0.0057963311100352,0.285431162031599
"5718",31,"LOC111580349",-0.00872336117420709,0.501581036700138,0.98487850369265
"5719",31,"LOC111572304",-0.00544318097594748,0.734520731790385,0.996208074900292
"5720",31,"LOC111572305",-0.0074239640963984,0.64898710922469,0.993489446331016
"5721",31,"LOC111572306",0.0363640159184881,0.162662138584282,0.984612275003837
"5722",31,"LOC111572325",0.0184127861834965,0.587247729820454,0.993489446331016
"5723",31,"LOC111572326",-0.00283488004495218,0.872307918309438,0.996208074900292
"5724",31,"tcf3a",-0.00639838614823974,0.71832883373821,0.993489446331016
"5725",31,"map2k2b",0.0178853752519382,0.119942475042682,0.984612275003837
"5726",31,"LOC129349935",0.00943634442644715,0.340841700847866,0.984612275003837
"5727",31,"LOC111572309",-0.0486045398267785,0.548055280012851,0.993489446331016
"5728",31,"LOC118469523",-0.00837760828708613,0.220402509309356,0.984612275003837
"5729",31,"sf3a2",-0.00021147245437336,0.990022965190802,0.998253544131569
"5730",31,"plekhj1",0.0136060476384458,0.439506530113183,0.98487850369265
"5731",31,"fzr1a",-0.0117496023275253,0.208598396148601,0.984612275003837
"5732",31,"LOC129349764",-0.0213122333683603,0.0351574766853471,0.624641783135248
"5733",31,"LOC111572317",0.00206346559394116,0.740310440076357,0.996208074900292
"5734",31,"LOC111572323",-0.00850056539533644,0.34351881127136,0.984612275003837
"5735",31,"sugp1",0.00998406710576374,0.593915736765939,0.993489446331016
"5736",31,"stk11",0.0156452489381394,0.397548608812685,0.98487850369265
"5737",31,"LOC111572303",0.014926417228673,0.535328892517327,0.992149068677901
"5738",31,"LOC111572335",0.0167671240040628,0.0847998747627428,0.949104869625933
"5739",31,"cirbpa",-0.0294971110043518,0.532290418400544,0.991100188245576
"5740",31,"ndufa13",-0.00240940722616461,0.937059706159293,0.996208074900292
"5741",31,"LOC111572313",0.00399517865509993,0.860528703062512,0.996208074900292
"5742",31,"armc6",-0.000418266595330516,0.976863081188404,0.996208074900292
"5743",31,"slc25a42",-0.0288509782755378,0.132125884289295,0.984612275003837
"5744",31,"LOC118470702",-0.00932607993490643,0.609494951568828,0.993489446331016
"5745",31,"LOC111572336",-0.0179861214842196,0.0722913883923493,0.895924288800643
"5746",31,"LOC111572332",0.0535363436568489,0.259153196290166,0.984612275003837
"5747",31,"LOC129349855",0.0063860785295063,0.340841700847866,0.984612275003837
"5748",31,"LOC129349938",-0.0117288727072841,0.416580943561589,0.98487850369265
"5749",31,"LOC111567653",0.0114245469097668,0.798605232955631,0.996208074900292
"5750",31,"prkab2",-0.0132693852669938,0.232591179665761,0.984612275003837
"5751",31,"LOC111567646",0.00176059030762639,0.874803784440653,0.996208074900292
"5752",31,"prpf38b",0.0276898346874907,0.186270882896336,0.984612275003837
"5753",31,"gpsm2",-0.0116227327533855,0.192795431692044,0.984612275003837
"5754",31,"wdr47a",-0.0137714486380942,0.559831169123992,0.993489446331016
"5755",31,"camsap2b",-0.0308651950432019,0.415485979752277,0.98487850369265
"5756",31,"ticam1",-0.000385819212686507,0.976863081188404,0.996208074900292
"5757",31,"LOC118470192",-0.00425456414296274,0.813088892970221,0.996208074900292
"5758",31,"LOC118470193",0.0918247222441001,0.190122264304803,0.984612275003837
"5759",31,"capn10",0.00248102322381792,0.855769421680363,0.996208074900292
"5760",31,"eif4e2",-0.000352357707504529,0.982720956354561,0.996956250321918
"5761",31,"camk2n1a",-0.0519341064788096,0.205757034733608,0.984612275003837
"5762",31,"ece2a",-0.0162063699011203,0.0122488397133829,0.285431162031599
"5763",31,"yeats2",0.0162232984256251,0.177793537535672,0.984612275003837
"5764",31,"kcnab1b",-0.0219011351429351,0.424204071188526,0.98487850369265
"5765",31,"LOC111577300",0.00279188727406336,0.82036720978353,0.996208074900292
"5766",31,"mbnl1",-0.0567107764392065,0.011191350382251,0.285431162031599
"5767",31,"LOC111577295",0.0109615178727164,0.524188473119959,0.98487850369265
"5768",31,"LOC111577301",-0.00215156114395798,0.897119284613269,0.996208074900292
"5769",31,"LOC111577296",-0.0201822608982797,0.514666549411587,0.98487850369265
"5770",31,"acsl3b",-0.0114045271052023,0.173930287391851,0.984612275003837
"5771",31,"LOC111577315",-0.0178701195461806,0.012248839713383,0.285431162031599
"5772",31,"LOC111577313",0.0409657817044473,0.290614467089407,0.984612275003837
"5773",31,"gpc1b",-0.0301477668121574,0.452446951598127,0.98487850369265
"5774",31,"nyap2b",-0.00698908737675683,0.660373557927403,0.993489446331016
"5775",31,"LOC129349812",-0.0178595841514042,0.53956606213696,0.993489446331016
"5776",31,"LOC111572760",0.00764868740402031,0.614036823244908,0.993489446331016
"5777",31,"fgf12a",-0.00756640578617021,0.900985695150668,0.996208074900292
"5778",31,"parla",-0.00849408621286397,0.567289700344157,0.993489446331016
"5779",31,"extl2",0.010370765700707,0.1705701754744,0.984612275003837
"5780",31,"rc3h1b",0.0198548073067904,0.125734747205004,0.984612275003837
"5781",31,"si:ch211-13f8.1",0.00412148679313237,0.719309264449339,0.993489446331016
"5782",31,"tal1",0.0412548524723306,0.286679435065974,0.984612275003837
"5783",31,"otol1a",-0.0161984077091706,0.012248839713383,0.285431162031599
"5784",31,"ppm1la",0.00244262466528286,0.931148624999383,0.996208074900292
"5785",31,"zmp:0000001127",-0.00153565675829535,0.895106088567285,0.996208074900292
"5786",31,"zgc:153615",0.0112654844322791,0.752104575311641,0.996208074900292
"5787",31,"selenot1a",0.0311040648156966,0.250840665607958,0.984612275003837
"5788",31,"ptch2",0.00803921022558703,0.340841700847865,0.984612275003837
"5789",31,"eif2b3",-0.0132711663502292,0.663801737867602,0.993489446331016
"5790",31,"plk3",0.0212506805424358,0.245622877746903,0.984612275003837
"5791",31,"cacybp",-0.0153451890864051,0.27700648539322,0.984612275003837
"5792",31,"mrps14",0.0177074574960428,0.147230643192749,0.984612275003837
"5793",31,"tnn",-0.0045136439490307,0.568450438616121,0.993489446331016
"5794",31,"tnr",0.0805575845951904,0.0920529956433225,0.97022495901142
"5795",31,"LOC118471319",0.00470735897192944,0.698649707000267,0.993489446331016
"5796",31,"LOC129347216",0.00697683070151568,0.524188473119959,0.98487850369265
"5797",31,"LOC111578814",0.0063578934938849,0.524188473119959,0.98487850369265
"5798",31,"rab6bb",0.00252638776299568,0.922241126135091,0.996208074900292
"5799",31,"kif1ab",0.00977004934092754,0.728125769625504,0.996208074900292
"5800",31,"thap4",0.00774523320249111,0.510295935700681,0.98487850369265
"5801",31,"ppp1r7",0.0287131813890693,0.145190169961174,0.984612275003837
"5802",31,"ubxn7",0.00363598865519542,0.719309264449339,0.993489446331016
"5803",31,"tfa",-0.0282358039750062,0.012248839713383,0.285431162031599
"5804",31,"eif4g1a",0.0344196821348747,0.342553648182286,0.984612275003837
"5805",31,"per2",-7.26332058601776e-05,0.995835228591625,0.999816729949705
"5806",31,"itm2cb",0.00639733172790754,0.658858184219945,0.993489446331016
"5807",31,"gigyf2",0.0165681675087154,0.154301352260787,0.984612275003837
"5808",31,"tmem275a",-0.0045881617272044,0.882161235007387,0.996208074900292
"5809",31,"LOC111570141",-0.0423258989440543,0.20094554434448,0.984612275003837
"5810",31,"pbx1a",0.0142031444942019,0.783386834182238,0.996208074900292
"5811",31,"arhgap21b",0.00603986402282411,0.854378539120535,0.996208074900292
"5812",31,"LOC111570143",0.0244379799163144,0.633045437977051,0.993489446331016
"5813",31,"kmt2cb",-0.0047989326971355,0.902123218205523,0.996208074900292
"5814",31,"LOC111570138",0.00412806995733561,0.865026691178239,0.996208074900292
"5815",31,"LOC111579931",0.0166307190188492,0.295015375174569,0.984612275003837
"5816",31,"kdsr",-0.0462062563411449,0.273762757168226,0.984612275003837
"5817",31,"LOC111579928",0.0039417248196722,0.772829157778634,0.996208074900292
"5818",31,"LOC111579927",0.0337029103899986,0.429604891952053,0.98487850369265
"5819",31,"ss18",-0.0211741200981563,0.412094177629644,0.98487850369265
"5820",31,"psma8",-6.94740771934579e-06,0.998705395728136,0.999859294605512
"5821",31,"cdh2",-0.042217311208994,0.0357498049079233,0.629432337725577
"5822",31,"LOC111568711",0.00143388681490797,0.965439534468645,0.996208074900292
"5823",31,"LOC111568688",-0.0161984077091706,0.012248839713383,0.285431162031599
"5824",31,"LOC111568697",0.0181471935853422,0.546230465765764,0.993489446331016
"5825",31,"LOC111568703",-0.00284978287260378,0.81901675088688,0.996208074900292
"5826",31,"LOC111568692",0.0486294078666161,0.208862922641864,0.984612275003837
"5827",31,"phlpp1",-0.0296500006910012,0.254685996523675,0.984612275003837
"5828",31,"opn7a",-0.0361754790041745,0.0232112199794973,0.477897782788142
"5829",31,"dhx30",0.00815190899562709,0.340841700847866,0.984612275003837
"5830",31,"LOC111568702",0.0120534339742539,0.47887637346861,0.98487850369265
"5831",31,"gpaa1",-0.00343758466166002,0.895106088567285,0.996208074900292
"5832",31,"prkacbb",0.0038170024611669,0.840387631426894,0.996208074900292
"5833",31,"LOC111579000",-0.0159979827121508,0.703759681695032,0.993489446331016
"5834",31,"LOC118471329",-0.0181597056006543,0.012248839713383,0.285431162031599
"5835",31,"LOC129349936",0.00230192050334168,0.853982366250712,0.996208074900292
"5836",31,"efcab14",0.0141595280211857,0.62346061095653,0.993489446331016
"5837",31,"znf830",-0.0187444718852728,0.136646332308982,0.984612275003837
"5838",31,"LOC111567176",-0.00434498260567323,0.81639862751696,0.996208074900292
"5839",31,"LOC111567159",0.00783008824498405,0.513630783604717,0.98487850369265
"5840",31,"LOC111577408",-0.0141191489248342,0.249981569934948,0.984612275003837
"5841",31,"dtna",0.0127639022695557,0.467827806677808,0.98487850369265
"5842",31,"mapre2",-0.0644299202619744,0.0121720492282233,0.285431162031599
"5843",31,"spidr",0.0104807390024866,0.625454706367772,0.993489446331016
"5844",31,"ube2v2",-0.011849235470423,0.556129367673275,0.993489446331016
"5845",31,"sntg1",-0.0148799043037569,0.555870942624299,0.993489446331016
"5846",31,"pcmtd1",0.020546427951087,0.41153247820504,0.98487850369265
"5847",31,"st18",-0.0277657815765539,0.012248839713383,0.285431162031599
"5848",31,"rb1cc1",-0.0344659816527943,0.198141174691072,0.984612275003837
"5849",31,"agap3",0.0181743957040372,0.612621988067239,0.993489446331016
"5850",31,"asic1c",-0.0367044192856465,0.559964902037938,0.993489446331016
"5851",31,"cdk5",0.00189917474964361,0.889869434209996,0.996208074900292
"5852",31,"atg9b",0.00850307136689282,0.657184271713006,0.993489446331016
"5853",31,"guk1a",-0.00892847923747459,0.661337428543554,0.993489446331016
"5854",31,"arf1",0.00957102990377444,0.579759553305441,0.993489446331016
"5855",31,"jmjd4",-0.0414849869628663,0.012248839713383,0.285431162031599
"5856",31,"higd1a",0.0117769038260507,0.25867155955441,0.984612275003837
"5857",31,"pth1r",0.0245968316406,0.511916632010307,0.98487850369265
"5858",31,"LOC111568629",0.106341865593207,0.0254094608169491,0.507876482622971
"5859",31,"thoc1",-0.0283358370635882,0.012248839713383,0.285431162031599
"5860",31,"usp14",-0.00198721620185869,0.876972320909001,0.996208074900292
"5861",31,"rock1",-0.039218521000002,0.0169171098110516,0.373486691129706
"5862",31,"greb1l",-0.0227253352845736,0.0698345168180735,0.883322108729728
"5863",31,"abhd3",-0.000216717069785812,0.980317652709472,0.996765754279233
"5864",31,"mib1",-0.0188763508940187,0.43233421063071,0.98487850369265
"5865",31,"LOC129349742",-0.000267891541848369,0.976863081188404,0.996208074900292
"5866",31,"cables1",-0.0612392540671286,0.0133643636004988,0.307212709504656
"5867",31,"npc1",0.0207545835378827,0.363653107389513,0.98487850369265
"5868",31,"mmp16b",-0.0343044782350141,0.115360784934528,0.984612275003837
"5869",31,"c1ql3b",0.00176059030762639,0.874803784440653,0.996208074900292
"5870",31,"gpt",0.0139049812067624,0.670881462319603,0.993489446331016
"5871",31,"LOC111567700",-0.00837760828708613,0.220402509309356,0.984612275003837
"5872",31,"kiss1ra",-0.00685131690986342,0.488466925052815,0.98487850369265
"5873",31,"atp6v0b",-0.0605669652702462,0.217188839499407,0.984612275003837
"5874",31,"b4galt2",0.0732040362536315,0.121650499786768,0.984612275003837
"5875",31,"ccdc24",-0.00250663300031868,0.895106088567285,0.996208074900292
"5876",31,"LOC111579297",0.00775496421685086,0.785705785703834,0.996208074900292
"5877",31,"LOC111579298",-0.011905185035206,0.358839361310068,0.98487850369265
"5878",31,"ftr67",-0.00491005305978037,0.666925125857818,0.993489446331016
"5879",31,"eef1da",-0.0161984077091706,0.012248839713383,0.285431162031599
"5880",31,"LOC111570410",-0.000231642671316925,0.985254057280439,0.996956250321918
"5881",31,"LOC111570408",0.00380957553476342,0.886052643971072,0.996208074900292
"5882",31,"LOC111570414",-0.0192059592889279,0.173953779371362,0.984612275003837
"5883",31,"LOC129349734",0.00358580531345942,0.719309264449339,0.993489446331016
"5884",31,"pde1cb",-0.0268063428886971,0.560517691443194,0.993489446331016
"5885",31,"LOC111579533",-0.0158974392990632,0.473727840579504,0.98487850369265
"5886",31,"tcea1",0.0108742245567856,0.691765240623313,0.993489446331016
"5887",31,"rgs20",-0.00664094483210966,0.615950112791968,0.993489446331016
"5888",31,"atp6v1h",0.040499172463924,0.347313365659642,0.98487850369265
"5889",31,"chmp5a",0.00980747101765388,0.749829584133685,0.996208074900292
"5890",31,"bag1",-0.0036074906291621,0.885980650720972,0.996208074900292
"5891",31,"myl12.2",0.0103905702686273,0.605157313877587,0.993489446331016
"5892",31,"lpin2",-0.0117118484227221,0.438236639252192,0.98487850369265
"5893",31,"adcyap1b",-0.0487027396868275,0.168561453098197,0.984612275003837
"5894",31,"yes1",0.00340875918649961,0.719309264449339,0.993489446331016
"5895",31,"stam",-0.00950052869313177,0.6249406775531,0.993489446331016
"5896",31,"cacnb2b",0.0397374434080937,0.454259940312871,0.98487850369265
"5897",31,"LOC111571322",0.00363598865519542,0.719309264449339,0.993489446331016
"5898",31,"LOC111583291",0.0296816193034626,0.427404717389642,0.98487850369265
"5899",31,"LOC111583293",-0.0095033633707373,0.744572044084724,0.996208074900292
"5900",31,"LOC111562877",0.0251276388251174,0.635664605183325,0.993489446331016
"5901",31,"LOC111562878",-0.0132148828535011,0.012248839713383,0.285431162031599
"5902",31,"fam110b",0.00356801044266852,0.887938703392187,0.996208074900292
"5903",31,"atg10",0.00943634442644715,0.340841700847866,0.984612275003837
"5904",31,"LOC129349753",-0.0132148828535011,0.012248839713383,0.285431162031599
"5905",31,"shhb",-0.00153361224044638,0.90379001427279,0.996208074900292
"5906",31,"paxip1",0.00141877808950703,0.898118538703655,0.996208074900292
"5907",31,"LOC111566812",0.00811537408679558,0.904413602823405,0.996208074900292
"5908",31,"tmem70",-0.00831187533286314,0.223037515301177,0.984612275003837
"5909",31,"vapal",0.0189330374442596,0.26155777565815,0.984612275003837
"5910",31,"LOC111576977",0.00640575068174155,0.629241669531011,0.993489446331016
"5911",31,"LOC111576972",-0.00497566868908085,0.850216846218519,0.996208074900292
"5912",31,"LOC111576984",-0.0133019288339758,0.419065537638612,0.98487850369265
"5913",31,"LOC111576970",-0.0166646061834498,0.66219399276988,0.993489446331016
"5914",31,"LOC111576980",-0.023021624301226,0.378197342798226,0.98487850369265
"5915",31,"LOC111576974",-0.00639943957586132,0.700229892093397,0.993489446331016
"5916",31,"LOC111563595",0.0063578934938849,0.524188473119959,0.98487850369265
"5917",31,"LOC111579721",-0.0275460860549494,0.599375695018655,0.993489446331016
"5918",31,"vav3b",0.0163297773368506,0.129389536151278,0.984612275003837
"5919",31,"dcaf8",-0.00153548578498087,0.897536604167568,0.996208074900292
"5920",31,"ndc1",0.00999388214908032,0.419162165230864,0.98487850369265
"5921",31,"tmem59",0.024957626213725,0.189683803149007,0.984612275003837
"5922",31,"tceanc2",-0.00159655633335685,0.895106088567285,0.996208074900292
"5923",31,"LOC111573927",0.0063312417820189,0.928811996456755,0.996208074900292
"5924",31,"ranbp3b",-0.00120878931950532,0.964041341992001,0.996208074900292
"5925",31,"rab8a",0.014215823902805,0.699002464218272,0.993489446331016
"5926",31,"ap1m1",-0.0309848116211198,0.299015974389142,0.984612275003837
"5927",31,"eps15l1b",-0.0241697018089651,0.472820612699661,0.98487850369265
"5928",31,"calr3b",0.00177011275358894,0.925012943248164,0.996208074900292
"5929",31,"atcayb",-0.0269208598124397,0.507730689817413,0.98487850369265
"5930",31,"LOC111565525",0.00358580531345942,0.719309264449339,0.993489446331016
"5931",31,"mfsd14a2",0.0208953176484247,0.270186786425012,0.984612275003837
"5932",31,"insra",-0.0197023999843684,0.372439869165211,0.98487850369265
"5933",31,"sppl2",-0.00177572430053855,0.951946785391457,0.996208074900292
"5934",31,"dapk3",-0.0224383073458958,0.379202719580348,0.98487850369265
"5935",31,"phc3",0.0134210315976478,0.174271841359971,0.984612275003837
"5936",31,"prkci",0.0180129234537988,0.470518163805911,0.98487850369265
"5937",31,"skila",0.0223807314622747,0.543775725336298,0.993489446331016
"5938",31,"nadkb",-0.0148345809957043,0.24914504793049,0.984612275003837
"5939",31,"sec62",-0.0449786812535849,0.211981589924817,0.984612275003837
"5940",31,"LOC111565535",0.00638661301581109,0.609211982675893,0.993489446331016
"5941",31,"lrrcc1",0.0035790799646857,0.738242651761573,0.996208074900292
"5942",31,"LOC111570365",-0.016205626001883,0.828263284442779,0.996208074900292
"5943",31,"cahz",0.00298333849782732,0.719309264449339,0.993489446331016
"5944",31,"exoc3",0.0630826002181228,0.0584969827523069,0.81684128136913
"5945",31,"LOC111570371",0.00404374321455392,0.854459327916521,0.996208074900292
"5946",31,"LOC111570370",-0.0633953340283339,0.175568035456229,0.984612275003837
"5947",31,"blvra",-0.0153848593543803,0.125539828305331,0.984612275003837
"5948",31,"LOC111570377",0.00713088521121871,0.764299337675605,0.996208074900292
"5949",31,"LOC129349832",-0.00387399756685673,0.638085224226521,0.993489446331016
"5950",31,"LOC111570366",0.035403548277646,0.138420167063299,0.984612275003837
"5951",31,"LOC111575768",-0.000418266595330516,0.976863081188404,0.996208074900292
"5952",31,"LOC111575778",-0.02302067066146,0.118798916468009,0.984612275003837
"5953",31,"si:ch211-155e24.3",-0.0208657020805921,0.012248839713383,0.285431162031599
"5954",31,"tesk2",0.0109192275806054,0.340841700847866,0.984612275003837
"5955",31,"LOC111579137",-0.000385819212686507,0.976863081188404,0.996208074900292
"5956",31,"LOC111579138",0.0102020575507912,0.445642695603441,0.98487850369265
"5957",31,"ncstn",-0.0572139660025693,0.213819765440081,0.984612275003837
"5958",31,"copa",-7.53025342068793e-05,0.996727219250549,0.999816729949705
"5959",31,"pex19",0.0159398687770736,0.592074052765664,0.993489446331016
"5960",31,"LOC118469226",-0.0178701195461806,0.012248839713383,0.285431162031599
"5961",31,"LOC111585746",0.0182701498696486,0.210752646542264,0.984612275003837
"5962",31,"sdr39u1",-0.0109512044440666,0.442739206880962,0.98487850369265
"5963",31,"zgc:66427",0.00498182675693955,0.705659540284643,0.993489446331016
"5964",31,"tep1",0.0286879189682141,0.197973072139936,0.984612275003837
"5965",31,"LOC111573208",0.034898143745027,0.334378405194667,0.984612275003837
"5966",31,"LOC111573211",0.00626431327642107,0.340841700847866,0.984612275003837
"5967",31,"LOC111577504",-0.0262076461072525,0.54803798919345,0.993489446331016
"5968",31,"ccr12a",0.00363598865519542,0.719309264449339,0.993489446331016
"5969",31,"xkr4",0.0079532580868282,0.573269125090871,0.993489446331016
"5970",31,"tmem68",0.00638053039484923,0.741315595820753,0.996208074900292
"5971",31,"LOC129349788",-0.0102315443556737,0.275955080445709,0.984612275003837
"5972",31,"tgs1",0.0140143587294489,0.456540377251299,0.98487850369265
"5973",31,"LOC118469921",0.00358580531345942,0.719309264449339,0.993489446331016
"5974",31,"LOC118469922",-0.0482763679384854,0.00496877314375642,0.285431162031599
"5975",31,"LOC111564905",-0.0158701251258181,0.464663291622684,0.98487850369265
"5976",31,"LOC111564906",0.00850488417196102,0.535063426339266,0.992149068677901
"5977",31,"LOC111564909",0.0145239452057439,0.384585722730738,0.98487850369265
"5978",31,"kirrel1b",0.00958594636453243,0.904750630807064,0.996208074900292
"5979",31,"cadm3",0.010908871971657,0.857533965899973,0.996208074900292
"5980",31,"sdhc",0.00635143561117437,0.736539985723918,0.996208074900292
"5981",31,"mpz",0.00349558652231862,0.872241782278902,0.996208074900292
"5982",31,"lig1",0.00279225287020928,0.871117633917058,0.996208074900292
"5983",31,"pip4p1a",0.00533361988588828,0.771612309610458,0.996208074900292
"5984",31,"eif3f",-0.0201303116658983,0.515096203845637,0.98487850369265
"5985",31,"kcnj9",0.0122833287137454,0.57553697442562,0.993489446331016
"5986",31,"LOC111574618",-0.0199079214313183,0.454002793464111,0.98487850369265
"5987",31,"LOC111574619",-0.017498029474772,0.765529133730581,0.996208074900292
"5988",31,"LOC111562882",-0.0258900539636834,0.352844229164077,0.98487850369265
"5989",31,"LOC111562881",0.079614021818936,0.0376516402208119,0.648110235255819
"5990",31,"LOC111562872",0.0335709007520259,0.485699304783323,0.98487850369265
"5991",31,"pold3",0.00803921022558703,0.340841700847865,0.984612275003837
"5992",31,"LOC111582846",0.00995900234582465,0.8285252920801,0.996208074900292
"5993",31,"LOC111580935",-0.00410052667561534,0.831464883524354,0.996208074900292
"5994",31,"LOC111568578",0.00672527994383494,0.823760519119695,0.996208074900292
"5995",31,"LOC111568572",-0.00213057209127753,0.839470001124172,0.996208074900292
"5996",31,"epc1b",0.0097724455827317,0.649251438275179,0.993489446331016
"5997",31,"LOC111562870",-0.0277811500343376,0.158985288313769,0.984612275003837
"5998",31,"pard3ab",-0.0350894778986225,0.414147016513674,0.98487850369265
"5999",31,"LOC111582002",0.0233067996097035,0.253080904860036,0.984612275003837
"6000",31,"LOC118470445",0.0127760339750304,0.542189284286612,0.993489446331016
"6001",31,"LOC111565171",-0.0178701195461806,0.012248839713383,0.285431162031599
"6002",31,"LOC111575885",-0.00204057995199585,0.895106088567285,0.996208074900292
"6003",31,"LOC111575884",-0.00857827264152657,0.578345610863838,0.993489446331016
"6004",31,"LOC111575892",-0.0146745450220429,0.233545596923283,0.984612275003837
"6005",31,"LOC118471060",0.00450774868916627,0.719309264449339,0.993489446331016
"6006",31,"LOC129349848",0.0118483867957612,0.425324218728742,0.98487850369265
"6007",31,"LOC111575891",0.00820060102014033,0.524188473119959,0.98487850369265
"6008",31,"pitrm1",0.0215907386283854,0.221589130923335,0.984612275003837
"6009",31,"LOC111563872",0.014230185581112,0.710766208517443,0.993489446331016
"6010",31,"lactb2",0.00403376158794865,0.719309264449339,0.993489446331016
"6011",31,"LOC111563883",-0.0441866574846821,0.351043752963071,0.98487850369265
"6012",31,"LOC111563873",0.0137085348158984,0.820299263777643,0.996208074900292
"6013",31,"LOC111580505",0.0273591125436328,0.117023193399886,0.984612275003837
"6014",31,"LOC111563879",0.0103826723371532,0.257543456008729,0.984612275003837
"6015",31,"LOC111563876",0.0150837473934214,0.216799372797573,0.984612275003837
"6016",31,"LOC111563885",0.00412148679313237,0.719309264449339,0.993489446331016
"6017",31,"LOC118469801",-0.0173428587180099,0.055328730124891,0.796960704901046
"6018",31,"LOC111563887",-0.00153565675829535,0.895106088567285,0.996208074900292
"6019",31,"LOC118469336",-0.000573524600209753,0.976863081188404,0.996208074900292
"6020",31,"LOC111585920",-0.0238704766325048,0.310295612811628,0.984612275003837
"6021",31,"LOC111580499",0.0165724729519971,0.161783999874641,0.984612275003837
"6022",31,"LOC111580486",-0.00037492175215017,0.976863081188404,0.996208074900292
"6023",31,"LOC111580489",0.00699522434583068,0.237860114067142,0.984612275003837
"6024",31,"LOC118471481",-0.0203767525464993,0.261017306871735,0.984612275003837
"6025",31,"LOC111580502",0.0119122672133686,0.169942252371424,0.984612275003837
"6026",31,"smg7",0.0195086581185482,0.3482528674417,0.98487850369265
"6027",31,"LOC129349840",0.00819388657606505,0.630724698502456,0.993489446331016
"6028",31,"LOC111580487",-0.0272408749849651,0.209550842262284,0.984612275003837
"6029",31,"nmnat2",0.0103168937294808,0.854620946923517,0.996208074900292
"6030",31,"dhx9",0.00782497685483417,0.553585124689635,0.993489446331016
"6031",31,"lamc1",0.0196564951372397,0.168608073672921,0.984612275003837
"6032",31,"rasal2",0.0041789895135522,0.743485257537913,0.996208074900292
"6033",31,"LOC111568381",-0.0279330873062893,0.466550302396921,0.98487850369265
"6034",31,"LOC111586135",0.0265350479218481,0.333053487966494,0.984612275003837
"6035",31,"ptmab",0.00434681759018034,0.946942593756194,0.996208074900292
"6036",31,"LOC111580360",-0.000369677604354562,0.987282070910361,0.99771160608264
"6037",31,"LOC111568597",0.00425125289962466,0.724930667450419,0.996208074900292
"6038",31,"vcpip1",0.0113310385159505,0.358520124831078,0.98487850369265
"6039",31,"LOC111568590",-0.0155425135467281,0.188288567251296,0.984612275003837
"6040",31,"LOC111568584",0.00803921022558703,0.340841700847865,0.984612275003837
"6041",31,"LOC111568592",0.00461105275946783,0.659851235122893,0.993489446331016
"6042",31,"LOC111568586",-0.00227507012235356,0.845909548618897,0.996208074900292
"6043",31,"LOC129349841",0.00443157134188762,0.719309264449339,0.993489446331016
"6044",31,"LOC129349843",0.0063578934938849,0.524188473119959,0.98487850369265
"6045",31,"LOC118470304",-0.00155571462870985,0.893102752443133,0.996208074900292
"6046",31,"LOC111568588",-0.000329071011677992,0.976863081188404,0.996208074900292
"6047",31,"dusp28",-0.000329071011677992,0.976863081188404,0.996208074900292
"6048",31,"saga",0.0063578934938849,0.524188473119959,0.98487850369265
"6049",31,"slc39a6",-0.00715096624116936,0.273760849693919,0.984612275003837
"6050",31,"tmeff1a",-0.0016962114515057,0.969473080026499,0.996208074900292
"6051",31,"cavin4a",-0.0205951359427508,0.012248839713383,0.285431162031599
"6052",31,"ift57",0.00837193375934061,0.749640681245195,0.996208074900292
"6053",31,"tmem71",0.0405886464709551,0.155857336124907,0.984612275003837
"6054",31,"marchf11",0.0105494562321553,0.615060102549822,0.993489446331016
"6055",31,"myo10",0.0104729520438932,0.340841700847866,0.984612275003837
"6056",31,"basp1",-0.0326611221950059,0.664443783700065,0.993489446331016
"6057",31,"adcy8",-0.0210991689620403,0.736027540049556,0.996208074900292
"6058",31,"LOC129349806",0.0063860785295063,0.340841700847866,0.984612275003837
"6059",31,"efr3a",0.0265607223766626,0.657701727276814,0.993489446331016
"6060",31,"oc90",-0.0266641252265782,0.012248839713383,0.285431162031599
"6061",31,"kcnq3",-0.0683689922552449,0.341041846790038,0.984612275003837
"6062",31,"dnaaf11",0.0228112671050584,0.173385462336586,0.984612275003837
"6063",31,"si:dkey-7l6.3",0.00985011858988049,0.342607444102727,0.984612275003837
"6064",31,"LOC129349942",0.0102344665280609,0.340841700847866,0.984612275003837
"6065",31,"znf622",-0.00433626678170995,0.886191597437876,0.996208074900292
"6066",31,"LOC111563107",0.000703180148381062,0.979133796793321,0.996703863757666
"6067",31,"LOC111563106",-0.00153565675829535,0.895106088567285,0.996208074900292
"6068",31,"LOC111563110",0.000222680904247717,0.993633498456213,0.99916407060974
"6069",31,"stard3nl",0.0211502414215825,0.598733816631241,0.993489446331016
"6070",31,"epdr1",0.0208653664541676,0.313490009562958,0.984612275003837
"6071",31,"nol7",-0.0215924911405872,0.0436601463742956,0.708897085497581
"6072",31,"ranbp9",-0.0102821574430592,0.725906113527513,0.996208074900292
"6073",31,"retreg1",0.0142852312900449,0.264987288337002,0.984612275003837
"6074",31,"gtpbp4",0.00815190899562709,0.340841700847866,0.984612275003837
"6075",31,"LOC111567786",0.0176868755602119,0.485382717373484,0.98487850369265
"6076",31,"LOC111564482",-0.0492220556099465,0.292095685459965,0.984612275003837
"6077",31,"zmynd11",0.00762403697672122,0.838808590972372,0.996208074900292
"6078",31,"LOC111564488",0.0199169559485265,0.265396064891056,0.984612275003837
"6079",31,"LOC111564489",-0.00490422877866216,0.745919667335485,0.996208074900292
"6080",31,"LOC111569335",-0.0340805849340932,0.012248839713383,0.285431162031599
"6081",31,"LOC111562491",-0.0181597056006543,0.012248839713383,0.285431162031599
"6082",31,"si:dkey-181m9.8",0.00546562946961525,0.398287562466955,0.98487850369265
"6083",31,"LOC111575229",-0.00652692757540296,0.377306206456974,0.98487850369265
"6084",31,"LOC111562490",0.00491347818459781,0.83173878056508,0.996208074900292
"6085",31,"LOC129347225",-0.015954592157011,0.080325825869408,0.929133735121188
"6086",31,"LOC129349910",0.00815190899562709,0.340841700847866,0.984612275003837
"6087",31,"LOC111577600",-0.000418266595330516,0.976863081188404,0.996208074900292
"6088",31,"LOC111587510",0.00716438247789429,0.652721294697667,0.993489446331016
"6089",31,"LOC111573695",0.00990010091545243,0.524188473119959,0.98487850369265
"6090",31,"LOC111573702",0.00348723777509511,0.795537572958244,0.996208074900292
"6091",31,"LOC118471090",0.0063578934938849,0.524188473119959,0.98487850369265
"6092",31,"LOC129349902",0.0100989980595647,0.331668074002609,0.984612275003837
"6093",31,"LOC111576067",0.0194527687891651,0.25416520021451,0.984612275003837
"6094",31,"LOC111577604",-0.0112050723961134,0.649175224288669,0.993489446331016
"6095",31,"LOC129349906",-0.038754841543405,0.012248839713383,0.285431162031599
"6096",31,"ttc19",0.0150083487096818,0.172812485933878,0.984612275003837
"6097",31,"LOC129347263",0.0102528645902056,0.408401188391881,0.98487850369265
"6098",31,"ubtfl",-0.0136851341768035,0.574403513139798,0.993489446331016
"6099",31,"LOC129349900",0.0098643007698288,0.524188473119959,0.98487850369265
"6100",31,"klhl18",0.00450774868916627,0.719309264449339,0.993489446331016
"6101",31,"LOC111581728",0.0113043747338744,0.524188473119959,0.98487850369265
"6102",31,"LOC111564484",0.00209429567487297,0.913029911210464,0.996208074900292
"6103",31,"LOC111564485",0.00450774868916627,0.719309264449339,0.993489446331016
"6104",31,"sytl5",-0.00699543397714458,0.625655662133167,0.993489446331016
"6105",31,"LOC129350017",0.00697683070151568,0.524188473119959,0.98487850369265
"6106",31,"rpgra",0.00506028717389598,0.757953175928064,0.996208074900292
"6107",31,"otc",-0.000418266595330516,0.976863081188404,0.996208074900292
"6108",31,"gpr161a",-0.00147699990393029,0.889107108888635,0.996208074900292
"6109",31,"dcaf6",-0.0166251758854406,0.610504776771785,0.993489446331016
"6110",31,"mpc2b",-0.0118752403637702,0.77096269311028,0.996208074900292
"6111",31,"rpl24",-0.0133649685620912,0.481535493967632,0.98487850369265
"6112",31,"cep97",-0.00922157700765497,0.468446290009447,0.98487850369265
"6113",31,"nxpe3",0.0426791106593176,0.0268348839846766,0.529555472109919
"6114",31,"me3",0.000589894921527976,0.974133349838072,0.996208074900292
"6115",31,"ildr2",-0.0203295835957858,0.012248839713383,0.285431162031599
"6116",31,"pou2f1b",0.00642793741883933,0.812173466702908,0.996208074900292
"6117",31,"lamp1b",0.027288358892905,0.382324373810356,0.98487850369265
"6118",31,"dcun1d2a",0.0140788243293924,0.416593669625937,0.98487850369265
"6119",31,"tfdp1a",0.00298333849782732,0.719309264449339,0.993489446331016
"6120",31,"st6gal2a",0.00590028967435643,0.804038069760548,0.996208074900292
"6121",31,"tmtops2b",0.0100407013318785,0.478544013366895,0.98487850369265
"6122",31,"uxs1",-0.0137620857814999,0.764587362738875,0.996208074900292
"6123",31,"nck2a",0.0121365697344047,0.671639636097715,0.993489446331016
"6124",31,"gpr45",0.0165724614380228,0.439390266115176,0.98487850369265
"6125",31,"mfsd9",0.0113777901090637,0.223949758185616,0.984612275003837
"6126",31,"inpp4aa",0.0569721038978669,0.280332878586176,0.984612275003837
"6127",31,"LOC111565273",0.00819635722569042,0.407980929505454,0.98487850369265
"6128",31,"mgat4a",-0.0357418698514233,0.44050536796791,0.98487850369265
"6129",31,"creg2",0.00077602869795285,0.968733373072904,0.996208074900292
"6130",31,"mrpl30",-0.00731994528391549,0.398000854544508,0.98487850369265
"6131",31,"txndc9",0.00524162752066705,0.596010077499067,0.993489446331016
"6132",31,"LOC129350021",-0.0272839156311491,0.326679623772686,0.984612275003837
"6133",31,"rev1",0.00986071729111459,0.511548160823997,0.98487850369265
"6134",31,"aff3",-0.00791661398479685,0.281606289066847,0.984612275003837
"6135",31,"arhgef7a",0.0262041394879363,0.446505916611244,0.98487850369265
"6136",31,"sox1a",-0.0311332322588627,0.012248839713383,0.285431162031599
"6137",31,"LOC111564160",-0.0284881403463128,0.37681212062174,0.98487850369265
"6138",31,"mcf2lb",-0.0350158841423698,0.0239872340619954,0.485306390083935
"6139",31,"LOC111571617",0.0063578934938849,0.524188473119959,0.98487850369265
"6140",31,"kpna3",-0.00770863559547064,0.761686875480412,0.996208074900292
"6141",31,"spryd7b",-0.0194345377461897,0.462814611374817,0.98487850369265
"6142",31,"trim13",0.0118964246129791,0.616526833448003,0.993489446331016
"6143",31,"rnaseh2b",-0.0202474623333132,0.279267919999062,0.984612275003837
"6144",31,"LOC111571687",0.00755020169058079,0.524188473119959,0.98487850369265
"6145",31,"il1rapl1a",0.00432081726015148,0.90721049675279,0.996208074900292
"6146",31,"cmss1",0.0106854375262436,0.524188473119959,0.98487850369265
"6147",31,"tmem30c",-0.000456317783854454,0.976863081188404,0.996208074900292
"6148",31,"dcbld2",0.00394584531352072,0.788345364174046,0.996208074900292
"6149",31,"jagn1a",0.0360591674501692,0.114889283511347,0.984612275003837
"6150",31,"tfg",0.0117061736044277,0.64627993137617,0.993489446331016
"6151",31,"senp7",0.00167079407625742,0.947937375871013,0.996208074900292
"6152",31,"atp6ap2",-0.0110334306228877,0.779779960528355,0.996208074900292
"6153",31,"bcor",0.0102418182702528,0.469019696877072,0.98487850369265
"6154",31,"si:dkey-100n23.5",0.0433475660259,0.0220374795473625,0.460382329241072
"6155",31,"LOC129349958",0.00803921022558703,0.340841700847865,0.984612275003837
"6156",31,"tspan7b",-0.0574564776378044,0.068558784541009,0.874521887661703
"6157",31,"katnal1",-0.0151193070074153,0.128753101655168,0.984612275003837
"6158",31,"zgc:101559",-0.013188784373654,0.658644353188522,0.993489446331016
"6159",31,"kbtbd7",0.00498042846630332,0.639794548160362,0.993489446331016
"6160",31,"slain1a",-0.00937376407618361,0.500749232156495,0.98487850369265
"6161",31,"mycbp2",-0.0779931020144707,0.0998428050045816,0.984612275003837
"6162",31,"fbxl3a",0.0192458059268057,0.355532974950415,0.98487850369265
"6163",31,"zgc:162944",0.00318309302351946,0.748633336836507,0.996208074900292
"6164",31,"LOC111576232",-0.0302345093652197,0.0634314775565031,0.851083224495047
"6165",31,"uchl3",-0.0066687768655837,0.704593979595158,0.993489446331016
"6166",31,"LOC111576454",-0.00159655633335685,0.895106088567285,0.996208074900292
"6167",31,"klf12b",-0.00727781720513551,0.202205366626618,0.984612275003837
"6168",31,"klf5b",-0.00159655633335685,0.895106088567285,0.996208074900292
"6169",31,"clybl",-0.00195191184745048,0.815059989605279,0.996208074900292
"6170",31,"zic5",0.00635622560219533,0.645206172230491,0.993489446331016
"6171",31,"LOC129350005",-0.0104255941314867,0.467704098225014,0.98487850369265
"6172",31,"zic2a",0.0171043953165664,0.563952997220495,0.993489446331016
"6173",31,"tmtc4",0.0137830886115152,0.621291819869995,0.993489446331016
"6174",31,"nalcn",0.00122133705151536,0.9779889399874,0.996452700582568
"6175",31,"fgf14",0.0143961343210138,0.670435434307614,0.993489446331016
"6176",31,"cdc16",-0.012871740939741,0.230926126086759,0.984612275003837
"6177",31,"upf3a",0.0175989299383274,0.515187067080146,0.98487850369265
"6178",31,"asmtl",-0.0221554684205962,0.117792876202451,0.984612275003837
"6179",31,"LOC129349968",0.00165356432501506,0.934402608669814,0.996208074900292
"6180",31,"ppp2r3b",-0.00430800252798616,0.583569701386136,0.993489446331016
"6181",31,"si:ch211-269e2.1",0.00652406063527722,0.64158527438987,0.993489446331016
"6182",31,"si:ch211-218d20.15",0.0164437118504058,0.340841700847865,0.984612275003837
"6183",31,"usp9",-0.0482799363217013,0.141987020459389,0.984612275003837
"6184",31,"rpl8",0.0195328430238192,0.689849574054511,0.993489446331016
"6185",31,"cerkl",-0.024254930160789,0.0435980999556167,0.708786854411527
"6186",31,"neurod1",-0.0196347413149159,0.132162531932908,0.984612275003837
"6187",31,"itprid2",-0.0131982080713515,0.338865673230584,0.984612275003837
"6188",31,"cwc22",-0.00056186856494429,0.976863081188404,0.996208074900292
"6189",31,"znf385b",-0.00687552801476505,0.825985709444304,0.996208074900292
"6190",31,"sestd1",0.0282705815968046,0.192371984931611,0.984612275003837
"6191",31,"dnajc15",0.0028542758162007,0.754696144820207,0.996208074900292
"6192",31,"plekhm3",0.00168555258556656,0.93162934366972,0.996208074900292
"6193",31,"LOC111572701",0.0454813024386295,0.207173171984656,0.984612275003837
"6194",31,"trappc10",-0.0194050320789549,0.371466675696161,0.98487850369265
"6195",31,"fhip1b",-0.000377072031231586,0.989176201904022,0.998253544131569
"6196",31,"dhrs12",0.00363598865519542,0.719309264449339,0.993489446331016
"6197",31,"wdfy2",-0.0370472775031338,0.0924603079264265,0.972121614567436
"6198",31,"ints6",0.0032647170300841,0.806616311146722,0.996208074900292
"6199",31,"LOC111573982",0.0102344665280609,0.340841700847866,0.984612275003837
"6200",31,"tsn",0.00894994924410279,0.548802572513031,0.993489446331016
"6201",31,"si:dkey-91i10.2",0.0271287700366825,0.597958552438533,0.993489446331016
"6202",31,"dynlt3",0.00258917217766387,0.80401770491642,0.996208074900292
"6203",31,"xk",0.00189920821340172,0.917586581063378,0.996208074900292
"6204",31,"LOC118470233",0.0200172591688536,0.30687035797348,0.984612275003837
"6205",31,"LOC111568107",0.0159402002266207,0.478710070158484,0.98487850369265
"6206",31,"piga",0.00443157134188762,0.719309264449339,0.993489446331016
"6207",31,"LOC111568091",-0.0337534305899344,0.311023720506459,0.984612275003837
"6208",31,"u2af1",0.00685660482216768,0.542922062179881,0.993489446331016
"6209",31,"sik1",-0.0157041024007045,0.225314829929986,0.984612275003837
"6210",31,"ankrd10b",0.011841675232558,0.772835358651269,0.996208074900292
"6211",31,"ube2al",-0.000646325780308875,0.957615748187857,0.996208074900292
"6212",31,"naxd",-0.000109983025574231,0.994295060604644,0.999475554994201
"6213",31,"irs2b",-0.0152144007430879,0.64864990894156,0.993489446331016
"6214",31,"myo16",-0.00788172245231169,0.898913111498161,0.996208074900292
"6215",31,"LOC111566603",0.00867525896842466,0.794983837081175,0.996208074900292
"6216",31,"LOC111566604",-0.0338972013494384,0.245223749001625,0.984612275003837
"6217",31,"cckbrb",-0.0202369367582259,0.0902016415394123,0.964667868932546
"6218",31,"LOC129350043",-0.0018275892635423,0.930826377512876,0.996208074900292
"6219",31,"gsk3ba",0.0330206597126142,0.462327249371078,0.98487850369265
"6220",31,"gpr156",0.00610550585587639,0.449472211946486,0.98487850369265
"6221",31,"lrrc58b",-0.000418266595330516,0.976863081188404,0.996208074900292
"6222",31,"fstl1b",0.0174719095870503,0.492998632816241,0.98487850369265
"6223",31,"si:ch211-214p13.3",-0.00565296893781476,0.923806421371449,0.996208074900292
"6224",31,"LOC111578961",0.00516333033930536,0.617452836510449,0.993489446331016
"6225",31,"LOC111578959",0.00838080567694789,0.504129432857895,0.98487850369265
"6226",31,"LOC129350015",0.0202571421313165,0.184141852225813,0.984612275003837
"6227",31,"LOC129350016",0.0289932050024771,0.172577084294318,0.984612275003837
"6228",31,"acp6",0.00450774868916627,0.719309264449339,0.993489446331016
"6229",31,"bcl9",0.0246621973983863,0.567995497093345,0.993489446331016
"6230",31,"si:dkey-229b18.3",0.00867015293476779,0.643966147714243,0.993489446331016
"6231",31,"morc3a",-0.00984847640723537,0.408886851691676,0.98487850369265
"6232",31,"dop1b",0.0141654227270515,0.653439263872468,0.993489446331016
"6233",31,"slc5a3b",-0.0108817092663239,0.720136704074012,0.993673999909354
"6234",31,"casq2",0.0111360070040402,0.410004437370338,0.98487850369265
"6235",31,"LOC111578951",0.0126618369472902,0.551728597837438,0.993489446331016
"6236",31,"igsf3",0.0141170818978077,0.782841705151339,0.996208074900292
"6237",31,"LOC111588954",0.0163000676806568,0.411502223086778,0.98487850369265
"6238",31,"LOC111588957",-0.0291143883374548,0.044542479326673,0.713602176724185
"6239",31,"tbl1x",0.0122996897727122,0.370753649009859,0.98487850369265
"6240",31,"LOC129350035",0.00803921022558703,0.340841700847865,0.984612275003837
"6241",31,"mospd2",-0.0144247809033404,0.598005226071591,0.993489446331016
"6242",31,"fancb",0.0164622156134842,0.382158815124737,0.98487850369265
"6243",31,"glra2",0.0615922280385033,0.383247988550296,0.98487850369265
"6244",31,"gpm6bb",-0.00435006716552248,0.831043755230066,0.996208074900292
"6245",31,"trappc2",-0.00503330042425652,0.745745728818957,0.996208074900292
"6246",31,"rab9a",-0.00987025842640378,0.307793524702597,0.984612275003837
"6247",31,"tmsb4x",-0.00727781720513551,0.202205366626618,0.984612275003837
"6248",31,"frmpd4",0.0184432656134112,0.436247173768818,0.98487850369265
"6249",31,"cog3",0.00447244337947123,0.855672024494587,0.996208074900292
"6250",31,"LOC111569969",0.00904440014201803,0.554655467709396,0.993489446331016
"6251",31,"si:ch211-199f5.1",0.00604702944363946,0.643878794302251,0.993489446331016
"6252",31,"LOC111569963",0.00496477129362946,0.810793780633609,0.996208074900292
"6253",31,"slitrk5b",0.0420757312271489,0.302090079848107,0.984612275003837
"6254",31,"LOC111569954",0.00358553394113734,0.719309264449339,0.993489446331016
"6255",31,"dnajc3a",-0.0114803487513702,0.691455225790672,0.993489446331016
"6256",31,"uggt2",-0.0352216396880956,0.0982360847968063,0.980844755541041
"6257",31,"hs6st3b",0.0135901866525714,0.814146443943146,0.996208074900292
"6258",31,"LOC111569971",0.0565585000640155,0.167961249861737,0.984612275003837
"6259",31,"LOC111569957",0.0159141259871136,0.262458124768337,0.984612275003837
"6260",31,"LOC111569956",0.0203550664904011,0.611481294068859,0.993489446331016
"6261",31,"stk24a",-0.0228235436293753,0.110003901685104,0.984612275003837
"6262",31,"LOC111581917",-0.00669626807277092,0.553376556625395,0.993489446331016
"6263",31,"LOC111581913",0.0373868580519414,0.121822146525291,0.984612275003837
"6264",31,"LOC111586361",0.0522819470833644,0.105934558294149,0.984612275003837
"6265",31,"prkra",0.0098251305561585,0.171972375846986,0.984612275003837
"6266",31,"osbpl6",-0.0095643633655734,0.766713315939157,0.996208074900292
"6267",31,"pde11a",-0.0208016447877051,0.47660739769859,0.98487850369265
"6268",31,"agps",0.0250576201913513,0.0747758042187228,0.910008767280415
"6269",31,"hnrnpa3",-0.00911067025801757,0.775141449576484,0.996208074900292
"6270",31,"nfe2l2a",0.00803921022558703,0.340841700847865,0.984612275003837
"6271",31,"lnpa",0.00298333849782732,0.719309264449339,0.993489446331016
"6272",31,"atp5mc3a",-0.0104077870685308,0.685927518920734,0.993489446331016
"6273",31,"atf2",-0.0127896688396148,0.429342594166566,0.98487850369265
"6274",31,"chn1",-0.010112465359505,0.693257340578112,0.993489446331016
"6275",31,"gpr155a",0.00363598865519542,0.719309264449339,0.993489446331016
"6276",31,"cir1",-0.0238948570610551,0.295809748780019,0.984612275003837
"6277",31,"sp3a",0.00223446542430692,0.912135608399461,0.996208074900292
"6278",31,"LOC118470932",-0.0134188529359273,0.156461888917685,0.984612275003837
"6279",31,"LOC118470934",-0.0151763671028269,0.150134948473642,0.984612275003837
"6280",31,"LOC111567280",-0.0117496023275253,0.208598396148601,0.984612275003837
"6281",31,"dcaf17",-0.0122076320322774,0.236217534338011,0.984612275003837
"6282",31,"dync1i2a",0.0271641925933264,0.19592981790267,0.984612275003837
"6283",31,"LOC111582171",0.00270015830368187,0.908174068694286,0.996208074900292
"6284",31,"hat1",0.0241124734918886,0.317372068670959,0.984612275003837
"6285",31,"dlx1a",0.00672759086734717,0.340841700847865,0.984612275003837
"6286",31,"pdk1",0.0187109938875781,0.193834265348331,0.984612275003837
"6287",31,"rapgef4a",-0.016121515835552,0.012248839713383,0.285431162031599
"6288",31,"gad1a",-0.0172074162377367,0.0666663033186078,0.872264865210792
"6289",31,"ubr3",-0.0415205640640015,0.152897088010673,0.984612275003837
"6290",31,"mettl5",0.00815190899562709,0.340841700847866,0.984612275003837
"6291",31,"ssb",0.00359978667323287,0.779804203347877,0.996208074900292
"6292",31,"klhl23",0.0119723229954592,0.276295512162419,0.984612275003837
"6293",31,"phgdh",0.00984863737871399,0.521997497898261,0.98487850369265
"6294",31,"ppig",-0.0186508081454671,0.501137483042965,0.98487850369265
"6295",31,"fastkd1",0.0063860785295063,0.340841700847866,0.984612275003837
"6296",31,"bbs5",0.00788855360053239,0.784674540111849,0.996208074900292
"6297",31,"LOC118469089",-0.0161984077091706,0.012248839713383,0.285431162031599
"6298",31,"cers6",0.0100169265747968,0.446686895119237,0.98487850369265
"6299",31,"stk39",-0.0112959555745331,0.477341970959064,0.98487850369265
"6300",31,"b3galt1b",0.00239656756745922,0.964670115843073,0.996208074900292
"6301",31,"csrnp3",0.0177327983206496,0.463178599988139,0.98487850369265
"6302",31,"ttc21b",-0.0133831463505505,0.734183389072338,0.996208074900292
"6303",31,"scn1laa",-0.0132148828535011,0.012248839713383,0.285431162031599
"6304",31,"grb14",0.0170065655387852,0.108103439186941,0.984612275003837
"6305",31,"fign",-0.0313116483603013,0.44419054634799,0.98487850369265
"6306",31,"LOC111575739",0.0311080953066656,0.192381814920264,0.984612275003837
"6307",31,"ifih1",0.00363598865519542,0.719309264449339,0.993489446331016
"6308",31,"LOC111575741",-0.0391607689847757,0.012248839713383,0.285431162031599
"6309",31,"LOC111575749",-0.00254863823570555,0.889325164512529,0.996208074900292
"6310",31,"LOC111575753",0.0109663606277112,0.623543439277454,0.993489446331016
"6311",31,"tanc1b",-0.00299918172709024,0.915559820227353,0.996208074900292
"6312",31,"LOC111577011",0.0245275862276651,0.673088705255578,0.993489446331016
"6313",31,"LOC111577012",-0.00971821055055352,0.412309123863939,0.98487850369265
"6314",31,"nr4a2a",-0.0253764174078075,0.0122488397133829,0.285431162031599
"6315",31,"kcnj3a",0.0382090284358432,0.480673674623888,0.98487850369265
"6316",31,"galnt13",0.0206061810868686,0.717907034897471,0.993489446331016
"6317",31,"prpf40a",-0.0310850023996817,0.012248839713383,0.285431162031599
"6318",31,"myo10l3",-0.00153565675829535,0.895106088567285,0.996208074900292
"6319",31,"tra2b",0.00359377738028838,0.867497611430042,0.996208074900292
"6320",31,"igf2bp2a",-0.0140982413961122,0.259316084770014,0.984612275003837
"6321",31,"ehhadh",-0.00159655633335685,0.895106088567285,0.996208074900292
"6322",31,"zgc:162707",0.00869390668167196,0.408662606072832,0.98487850369265
"6323",31,"LOC129349959",0.00796353268755413,0.458174811149497,0.98487850369265
"6324",31,"smarcal1",0.00778114100610874,0.634572917073092,0.993489446331016
"6325",31,"marchf4b",0.00995549933747125,0.542881895995392,0.993489446331016
"6326",31,"xrcc5",0.00755020169058079,0.524188473119959,0.98487850369265
"6327",31,"tmem169b",-0.00244078860822659,0.830475114523926,0.996208074900292
"6328",31,"si:ch211-45c16.2",-0.0412404111184589,0.0886066677817316,0.963905736748171
"6329",31,"LOC111575583",-0.0378654607647475,0.601038927931135,0.993489446331016
"6330",31,"LOC111562391",-0.000321088283375322,0.976863081188404,0.996208074900292
"6331",31,"LOC129350077",-0.00430800252798616,0.583569701386136,0.993489446331016
"6332",31,"dip2a",0.00739950624455512,0.856178212845658,0.996208074900292
"6333",31,"LOC111562395",0.00585382063108356,0.699327585845202,0.993489446331016
"6334",31,"sona",-0.0057530421493781,0.723745096522621,0.996098781090316
"6335",31,"LOC111562388",0.0139973030723863,0.574640106992141,0.993489446331016
"6336",31,"LOC129349960",-0.00198237554604336,0.901948528259824,0.996208074900292
"6337",31,"si:ch211-39i22.1",-0.00593253206400432,0.454807482513793,0.98487850369265
"6338",31,"snx4",-0.0171579979309723,0.281772158077403,0.984612275003837
"6339",31,"LOC111588271",-0.0174547749800489,0.604558691215217,0.993489446331016
"6340",31,"tmem198a",-0.0556647091525176,0.261786921734325,0.984612275003837
"6341",31,"desma",0.00437462453442206,0.719309264449339,0.993489446331016
"6342",31,"ptprna",0.0287566389530157,0.523735778643445,0.98487850369265
"6343",31,"tuba8l3",-0.00399576281994196,0.623055541615518,0.993489446331016
"6344",31,"vwc2l",0.00358580531345942,0.719309264449339,0.993489446331016
"6345",31,"LOC111574054",-0.0432986886935475,0.0601932723059328,0.826658569452034
"6346",31,"LOC129350058",-0.0205951359427508,0.012248839713383,0.285431162031599
"6347",31,"map2",-0.00377489317552616,0.941530649519118,0.996208074900292
"6348",31,"znf148",0.00562768008105112,0.791942400270925,0.996208074900292
"6349",31,"LOC111568484",-0.0691662141241823,0.0313444235020928,0.579418260321958
"6350",31,"akap17a",-0.00176436191195648,0.870788464066431,0.996208074900292
"6351",31,"sowahca",-0.00159655633335685,0.895106088567285,0.996208074900292
"6352",31,"LOC111580589",-0.0103161736615901,0.852222501391299,0.996208074900292
"6353",31,"edar",-0.00633448669362258,0.845671153951741,0.996208074900292
"6354",31,"chmp2ba",0.00363598865519542,0.719309264449339,0.993489446331016
"6355",31,"htr1fa",-0.0174121311581063,0.266048007970645,0.984612275003837
"6356",31,"LOC111583059",-0.0320548941960756,0.320346481542968,0.984612275003837
"6357",31,"zgc:152951",0.00814738062346808,0.668393664318873,0.993489446331016
"6358",31,"epha3",0.0486660934820363,0.316134782499798,0.984612275003837
"6359",31,"LOC111575382",-0.0251970641598159,0.363102629848022,0.98487850369265
"6360",31,"LOC111575384",-0.0052486289961529,0.719230214286252,0.993489446331016
"6361",31,"tmem223",0.00358580531345942,0.719309264449339,0.993489446331016
"6362",31,"ranbp2",-0.0122279804962863,0.702057758655009,0.993489446331016
"6363",31,"tpt1",-0.0286785582751656,0.449228149113436,0.98487850369265
"6364",31,"kctd4",0.00582483025767384,0.428702605628878,0.98487850369265
"6365",31,"LOC111584793",0.0269310680183962,0.127913790729519,0.984612275003837
"6366",31,"LOC111584968",-0.0238252943719599,0.053721879120851,0.78843311611345
"6367",31,"agpat3",-0.00430017429252148,0.833650586669573,0.996208074900292
"6368",31,"LOC111571837",0.0154603194559322,0.340841700847866,0.984612275003837
"6369",31,"asic4a",0.0110369106035295,0.738209989370367,0.996208074900292
"6370",31,"gmppaa",0.0089745822798745,0.411689941919596,0.98487850369265
"6371",31,"pnkd",0.0105398193372566,0.445673361929513,0.98487850369265
"6372",31,"dars1",0.00815190899562709,0.340841700847866,0.984612275003837
"6373",31,"thsd7ba",-0.0161984077091706,0.012248839713383,0.285431162031599
"6374",31,"spopla",-0.0289220028228587,0.185122999361292,0.984612275003837
"6375",31,"nxph2a",-0.0277657815765539,0.012248839713383,0.285431162031599
"6376",31,"rabl3",0.00412148679313237,0.719309264449339,0.993489446331016
"6377",31,"stxbp5l",-0.056869677493877,0.154971645148524,0.984612275003837
"6378",31,"ralba",-0.0171268268180841,0.561845475396887,0.993489446331016
"6379",31,"lrp1bb",-0.0339272077957881,0.375382475141924,0.98487850369265
"6380",31,"LOC129350030",0.00655779510802337,0.624353048155065,0.993489446331016
"6381",31,"LOC111575120",0.0022616469974357,0.633844280833075,0.993489446331016
"6382",31,"cdk5r2b",-0.021045801038499,0.501071442013875,0.98487850369265
"6383",31,"LOC111575676",-0.02596399099786,0.254667775665387,0.984612275003837
"6384",31,"epb41l5",0.0120451520173033,0.340841700847866,0.984612275003837
"6385",31,"ptpn4a",0.0357376396565063,0.455469764648066,0.98487850369265
"6386",31,"mrasa",-0.075975467280588,0.0612255070069953,0.831047172887544
"6387",31,"pth2ra",-0.00804692304841769,0.830408233249073,0.996208074900292
"6388",31,"LOC111582950",0.00753325123692372,0.524188473119959,0.98487850369265
"6389",31,"tmem163a",-0.00192147419075766,0.913561295017456,0.996208074900292
"6390",31,"ccnt2a",0.000624038107700117,0.973274190490862,0.996208074900292
"6391",31,"LOC111574178",-0.0152056194165765,0.513442479303167,0.98487850369265
"6392",31,"ube2f",-0.0328583039114385,0.0598079193284597,0.82578706267616
"6393",31,"adarb1b",0.0145105807886871,0.735238710602168,0.996208074900292
"6394",31,"traf3ip1",0.00355582368236729,0.808472986338477,0.996208074900292
"6395",31,"asb1",-0.0243552899700227,0.298395863571473,0.984612275003837
"6396",31,"hdac4",-0.0452779739291701,0.383612617365755,0.98487850369265
"6397",31,"faima",-0.00432893245378397,0.834379748344882,0.996208074900292
"6398",31,"dnah7",0.0164250256122701,0.340841700847865,0.984612275003837
"6399",31,"slc39a10",-0.0136221956316437,0.581954739276576,0.993489446331016
"6400",31,"tmeff2a",0.010804863983606,0.764794161307528,0.996208074900292
"6401",31,"col18a1a",-0.000293977023095923,0.976863081188404,0.996208074900292
"6402",31,"pcbp3",-0.016667040505516,0.800739563881485,0.996208074900292
"6403",31,"LOC111571224",-0.0174211558993716,0.067027496491351,0.872264865210792
"6404",31,"calcrla",0.0267591813907782,0.447744750740457,0.98487850369265
"6405",31,"gulp1a",0.0710308532921382,0.130561497351938,0.984612275003837
"6406",31,"col5a2a",0.00943634442644715,0.340841700847866,0.984612275003837
"6407",31,"slc4a3",-0.0382407166667756,0.123549201582831,0.984612275003837
"6408",31,"tns1b",-0.0172071611288682,0.505448105701399,0.98487850369265
"6409",31,"LOC111568512",0.0042398571473179,0.762139634165619,0.996208074900292
"6410",31,"usp37",0.00090260013402151,0.956406870424335,0.996208074900292
"6411",31,"mcm3ap",0.00659101148882917,0.669091808626541,0.993489446331016
"6412",31,"lss",0.0063578934938849,0.524188473119959,0.98487850369265
"6413",31,"hibch",0.000617018962980378,0.975857730025867,0.996208074900292
"6414",31,"LOC129349995",-0.000329071011677992,0.976863081188404,0.996208074900292
"6415",31,"pms1",0.0138098177273592,0.247450260488272,0.984612275003837
"6416",31,"ormdl1",0.00596116621810305,0.415514246726167,0.98487850369265
"6417",31,"fkbp7",0.00141877808950703,0.898118538703655,0.996208074900292
"6418",31,"glsb",0.034099927967416,0.207300771382747,0.984612275003837
"6419",31,"LOC111563285",-0.0087071341643348,0.504003436344273,0.98487850369265
"6420",31,"slc40a1",-0.0198452330880061,0.441754168812502,0.98487850369265
"6421",31,"sympk",-0.00164400374936905,0.904349043347176,0.996208074900292
"6422",31,"LOC111563312",0.0248137706585448,0.0539016693420225,0.789265653710186
"6423",31,"LOC111563314",0.0283636891480547,0.454717125883552,0.98487850369265
"6424",31,"ftcdnl1",-0.0107868058007829,0.315315311247297,0.984612275003837
"6425",31,"c11h2orf69",0.00476849559184625,0.6876998715377,0.993489446331016
"6426",31,"stk17b",-0.0160715963703328,0.0719295947262705,0.895460192503026
"6427",31,"hecw2a",-0.0199856237333594,0.279111695482444,0.984612275003837
"6428",31,"pgap1",-0.0181754928398424,0.325891396560712,0.984612275003837
"6429",31,"maip1",-0.00676206328272349,0.586767616536321,0.993489446331016
"6430",31,"lrrfip1a",0.00203202865947845,0.885478492612916,0.996208074900292
"6431",31,"cops8",0.0120707425511682,0.617150450021422,0.993489446331016
"6432",31,"LOC111575552",-0.00588545156194096,0.633621570818573,0.993489446331016
"6433",31,"LOC111575549",0.039697069984464,0.177174325226193,0.984612275003837
"6434",31,"LOC111564208",0.00893765621275142,0.544546752660798,0.993489446331016
"6435",31,"ddx18",-0.00236719919904018,0.895106088567285,0.996208074900292
"6436",31,"LOC111564115",0.0421147985923097,0.438095576135341,0.98487850369265
"6437",31,"lonrf2",0.0117861879630123,0.804021065987941,0.996208074900292
"6438",31,"pdcl3",-0.0161984077091706,0.012248839713383,0.285431162031599
"6439",31,"LOC111564344",0.0147832394435524,0.552088758760628,0.993489446331016
"6440",31,"neb",-0.0127067892068753,0.259114723801362,0.984612275003837
"6441",31,"arl5a",0.00494088028465541,0.735733258098543,0.996208074900292
"6442",31,"cacnb4a",0.0124886621592497,0.822021064453193,0.996208074900292
"6443",31,"hacd2",-0.0409446942780434,0.0565236174218099,0.801703540213639
"6444",31,"adcy5",-0.0724568554447226,0.1381118580617,0.984612275003837
"6445",31,"sec22a",-0.0259436899011128,0.393761049943624,0.98487850369265
"6446",31,"pdia5",0.00251612808617777,0.868640946107581,0.996208074900292
"6447",31,"sema5ba",-0.00682400138690081,0.857667216177405,0.996208074900292
"6448",31,"slc49a4",0.0150092308120899,0.501815931774458,0.98487850369265
"6449",31,"LOC118470608",-0.000310864050245439,0.976863081188404,0.996208074900292
"6450",31,"hspbap1",-0.0135898046056512,0.280959806630502,0.984612275003837
"6451",31,"LOC118470607",-0.0367935436519214,0.012248839713383,0.285431162031599
"6452",31,"si:dkey-91i10.3",0.026053397344542,0.140755681789517,0.984612275003837
"6453",31,"LOC118471098",-0.0336713762938723,0.0330438476730282,0.596976667749201
"6454",31,"LOC111572775",-0.0301688095439831,0.250458248082004,0.984612275003837
"6455",31,"slc37a1",0.0280042047526794,0.250619375545383,0.984612275003837
"6456",31,"wdr4",-0.0132538094091898,0.61726181684535,0.993489446331016
"6457",31,"si:ch211-140m22.7",0.0271188569625389,0.436525549980524,0.98487850369265
"6458",31,"ndufv3",-0.0232162642868088,0.385041421229791,0.98487850369265
"6459",31,"pknox1.1",0.0079579267213773,0.722403117180644,0.995088572173123
"6460",31,"ccdc93",-0.0199394034491665,0.610949067272543,0.993489446331016
"6461",31,"si:dkey-251i10.3",-0.00865701268174225,0.505846363294463,0.98487850369265
"6462",31,"insig2",0.00943931134347198,0.458184097256537,0.98487850369265
"6463",31,"marco",0.00363598865519542,0.719309264449339,0.993489446331016
"6464",31,"LOC129350097",-0.0181597056006543,0.012248839713383,0.285431162031599
"6465",31,"c11h2orf76",0.00599124378204718,0.524188473119959,0.98487850369265
"6466",31,"LOC111588338",-0.0410648646283669,0.177239912122426,0.984612275003837
"6467",31,"mmadhcb",-0.0143775100274089,0.193406762183049,0.984612275003837
"6468",31,"ifngr2",0.0191882766564098,0.213849113285079,0.984612275003837
"6469",31,"LOC111588648",-0.0254487612488545,0.018771095163012,0.407806666042739
"6470",31,"LOC129350053",0.0103187878144059,0.524188473119959,0.98487850369265
"6471",31,"il10rb",0.00587435189214089,0.785655093763285,0.996208074900292
"6472",31,"LOC111588470",0.0106787815343755,0.734435972436776,0.996208074900292
"6473",31,"LOC111588460",0.013146910827461,0.582821582782362,0.993489446331016
"6474",31,"clasp1a",-0.0207056434651749,0.397374874856915,0.98487850369265
"6475",31,"LOC111588657",0.0115179384081244,0.524188473119959,0.98487850369265
"6476",31,"gtpbp8",0.00675815601324448,0.489146063509794,0.98487850369265
"6477",31,"efnb2a",0.00714469299281123,0.79613636537029,0.996208074900292
"6478",31,"arglu1a",0.00876944392439394,0.59879437570394,0.993489446331016
"6479",31,"ubxn4",0.0116508896012501,0.738725937293118,0.996208074900292
"6480",31,"LOC111563964",0.0178132488478343,0.216205653335624,0.984612275003837
"6481",31,"plcl1",0.0151081927116962,0.157821903401309,0.984612275003837
"6482",31,"xpo4",0.0134428806088269,0.611208698549082,0.993489446331016
"6483",31,"eef1akmt1",0.0134875259516837,0.220000579084833,0.984612275003837
"6484",31,"ift88",0.00907424092642594,0.340841700847866,0.984612275003837
"6485",31,"zmym2",0.0139923017050348,0.71094465527349,0.993489446331016
"6486",31,"mphosph8",-0.02021216038614,0.545750737031693,0.993489446331016
"6487",31,"ttf2",0.0156617301849851,0.179247795786816,0.984612275003837
"6488",31,"arhgap20",0.0313706943076935,0.297736171788456,0.984612275003837
"6489",31,"LOC111571685",0.0134114000195944,0.621505808290519,0.993489446331016
"6490",31,"LOC111571688",0.009960169199343,0.40779281093177,0.98487850369265
"6491",31,"dnajb11",0.00358580531345942,0.719309264449339,0.993489446331016
"6492",31,"tbccd1",-0.0161984077091706,0.012248839713383,0.285431162031599
"6493",31,"kcnh3",-0.118711877295675,0.00928479969210273,0.285431162031599
"6494",31,"idh1",0.00675815601324448,0.489146063509794,0.98487850369265
"6495",31,"akap11",0.037579995811846,0.164913834223024,0.984612275003837
"6496",31,"dgkh",-0.063909037434778,0.184507818359968,0.984612275003837
"6497",31,"vwa8",-0.00630628769483905,0.765995900397917,0.996208074900292
"6498",31,"slc35a5",-0.0208657020805921,0.012248839713383,0.285431162031599
"6499",31,"ccdc80",-0.00639330337569868,0.658141960759918,0.993489446331016
"6500",31,"LOC129350064",0.0155482845567505,0.171618042161051,0.984612275003837
"6501",31,"kdm6a",-0.0289503001362288,0.393487520225008,0.98487850369265
"6502",31,"fundc1",-0.0128901769550391,0.649052110413344,0.993489446331016
"6503",31,"ndp",0.00936988811853349,0.619033657893638,0.993489446331016
"6504",31,"mao",0.00958806222357229,0.355395637133677,0.98487850369265
"6505",31,"caska",-0.0495432963887913,0.0136736310483275,0.313759687758314
"6506",31,"nyx",-0.0161984077091706,0.012248839713383,0.285431162031599
"6507",31,"ddx3xa",-0.066406165172606,0.190148975478875,0.984612275003837
"6508",31,"nup35",0.00990010091545243,0.524188473119959,0.98487850369265
"6509",31,"dnajc10",-0.00291823537835722,0.754319167468891,0.996208074900292
"6510",31,"pde1a",0.0208834609356793,0.467223161521845,0.98487850369265
"6511",31,"lrch1",0.0180849636721208,0.714384110524461,0.993489446331016
"6512",31,"esd",-0.0178701195461806,0.012248839713383,0.285431162031599
"6513",31,"htr2aa",0.00399847302068071,0.738640395698093,0.996208074900292
"6514",31,"sucla2",-0.0123792566161899,0.548412112161732,0.993489446331016
"6515",31,"itm2ba",-0.0271252701746032,0.173736415008783,0.984612275003837
"6516",31,"LOC111570835",0.00298333849782732,0.719309264449339,0.993489446331016
"6517",31,"LOC111570845",0.0133983968108719,0.411801140804481,0.98487850369265
"6518",31,"lcp1",0.0104729520438932,0.340841700847866,0.984612275003837
"6519",31,"LOC111588819",-0.0150019957866061,0.451544179518129,0.98487850369265
"6520",31,"enox1",0.0298690168409814,0.648585934491856,0.993489446331016
"6521",31,"lmln",-0.0126126023957112,0.266599734820719,0.984612275003837
"6522",31,"LOC129349952",-0.000385819212686507,0.976863081188404,0.996208074900292
"6523",31,"LOC129349953",-0.0161984077091706,0.012248839713383,0.285431162031599
"6524",31,"itgav",0.0197095465899363,0.462181248395058,0.98487850369265
"6525",31,"LOC111587262",-0.0203295835957858,0.012248839713383,0.285431162031599
"6526",31,"man1a2",-0.0304154630066361,0.135982333041294,0.984612275003837
"6527",31,"LOC129350022",0.0181748338143932,0.231138237586388,0.984612275003837
"6528",31,"gdap2",-0.0227920325283074,0.450674157368443,0.98487850369265
"6529",31,"pla1a",0.0063578934938849,0.524188473119959,0.98487850369265
"6530",31,"LOC111570576",0.0238751928194926,0.231689909946408,0.984612275003837
"6531",31,"gtdc1",0.000921228633525493,0.929733559932556,0.996208074900292
"6532",31,"zeb2a",0.00972951558524958,0.42221217560208,0.98487850369265
"6533",31,"acvr2aa",-0.0168576431666569,0.299999832313602,0.984612275003837
"6534",31,"epc2",0.00138001226057101,0.93796463572796,0.996208074900292
"6535",31,"LOC111581850",-0.00546369581979754,0.619855162416179,0.993489446331016
"6536",31,"ttll4",0.010570744352606,0.715427955180262,0.993489446331016
"6537",31,"si:ch211-67e16.11",-0.0735267940233555,0.012248839713383,0.285431162031599
"6538",31,"cgasa",0.00943634442644715,0.340841700847866,0.984612275003837
"6539",31,"LOC111586937",-0.0233795159802646,0.341785432223808,0.984612275003837
"6540",31,"kalrna",0.0078932089880629,0.596983134196035,0.993489446331016
"6541",31,"ndufa10",-0.0154145690809353,0.273502390015939,0.984612275003837
"6542",31,"cntnap5a",0.0132800658489008,0.702130726603146,0.993489446331016
"6543",31,"parp4",0.0181423467549382,0.351658270315373,0.98487850369265
"6544",31,"LOC111584947",-0.0239688849789843,0.623011642676815,0.993489446331016
"6545",31,"LOC129350085",0.00136124232108693,0.960054141491971,0.996208074900292
"6546",31,"rif1",-0.0200900128438453,0.142799441053328,0.984612275003837
"6547",31,"itgb5",-0.00948964519207278,0.800492771506907,0.996208074900292
"6548",31,"etv5a",-0.0807310197787076,0.0293572019538745,0.556225745143794
"6549",31,"LOC111578199",-0.0328464165049374,0.461878944380219,0.98487850369265
"6550",31,"LOC111586595",0.0109896223884868,0.524188473119959,0.98487850369265
"6551",31,"pikfyve",-0.0446887569606473,0.0603792486543471,0.827291033743796
"6552",31,"LOC111583817",0.0209995245613068,0.322660180839618,0.984612275003837
"6553",31,"sf3b1",-0.0158344066600707,0.717978411810835,0.993489446331016
"6554",31,"coq10b",-0.000686839857065137,0.982486094340334,0.996956250321918
"6555",31,"hspd1",-0.00247902097464366,0.830365041220875,0.996208074900292
"6556",31,"LOC111583822",0.000602768065682322,0.980369280111234,0.996765754279233
"6557",31,"LOC111567533",-0.00159411388760372,0.895106088567285,0.996208074900292
"6558",31,"LOC111567532",0.0221781342697708,0.259773407131075,0.984612275003837
"6559",31,"mylka",-0.007108392189949,0.588986323105188,0.993489446331016
"6560",31,"LOC111580797",0.00887143559422125,0.524188473119959,0.98487850369265
"6561",31,"LOC111586684",-0.0125624190539752,0.273203918716823,0.984612275003837
"6562",31,"serinc1",0.0115167281818311,0.638323933610312,0.993489446331016
"6563",31,"slc35f1",0.00469191187972735,0.807314928075163,0.996208074900292
"6564",31,"nus1",0.00140044938713046,0.975795145368318,0.996208074900292
"6565",31,"hsf2",-0.0267035117308903,0.319127602980102,0.984612275003837
"6566",31,"cep85l",0.000210830242492343,0.985078236563296,0.996956250321918
"6567",31,"mcm9",0.00466930759476163,0.706890284784844,0.993489446331016
"6568",31,"LOC111586610",0.00514173683298463,0.719309264449339,0.993489446331016
"6569",31,"gja1b",0.00644717841276897,0.795221594377127,0.996208074900292
"6570",31,"sh3bgrl2",0.028098818353699,0.507350337673782,0.98487850369265
"6571",31,"lca5",-0.000267891541848369,0.976863081188404,0.996208074900292
"6572",31,"rps12",-0.00560839804961398,0.89170546356209,0.996208074900292
"6573",31,"gopc",-0.00837591455336943,0.65434267667707,0.993489446331016
"6574",31,"pinx1",-0.00723122763858793,0.609583773534228,0.993489446331016
"6575",31,"mtmr9",-0.0050752755217373,0.481670204810176,0.98487850369265
"6576",31,"xkr6b",-0.0114473590892651,0.651937855109871,0.993489446331016
"6577",31,"LOC111569151",-0.0278718735412865,0.0514666849450196,0.776542038405115
"6578",31,"tbpl1",-0.012871740939741,0.230926126086759,0.984612275003837
"6579",31,"sgk1",0.0099790834112151,0.777839955934997,0.996208074900292
"6580",31,"hbs1l",-0.00131695600667891,0.877975854229258,0.996208074900292
"6581",31,"LOC111586697",0.0211878901746037,0.6479234832677,0.993489446331016
"6582",31,"LOC111586698",0.00723933764033536,0.612115759018664,0.993489446331016
"6583",31,"map7b",-0.00349964369171757,0.865002820290346,0.996208074900292
"6584",31,"ppp1r14c",0.0276175085800872,0.322142823229443,0.984612275003837
"6585",31,"LOC118469454",0.00387305698778162,0.524188473119959,0.98487850369265
"6586",31,"sec63",0.000366350267178511,0.985368644263035,0.996956250321918
"6587",31,"LOC129350272",-0.000321088283375322,0.976863081188404,0.996208074900292
"6588",31,"nbas",0.0115104343018182,0.589702885520282,0.993489446331016
"6589",31,"ddx1",0.0345395268096992,0.0886801827404198,0.963905736748171
"6590",31,"LOC111586805",0.00298333849782732,0.719309264449339,0.993489446331016
"6591",31,"LOC111586804",-0.0108182511585151,0.435640744509321,0.98487850369265
"6592",31,"lpin1b",0.0376694536750657,0.615483456562234,0.993489446331016
"6593",31,"gpatch2",0.0148320812537126,0.108288070129877,0.984612275003837
"6594",31,"LOC111578863",0.00948006085193396,0.317271612749021,0.984612275003837
"6595",31,"fez2b",0.00348048191875239,0.85530198931836,0.996208074900292
"6596",31,"wdr26b",-0.0177803314136698,0.524905451806026,0.985792420251229
"6597",31,"mrps18a",0.00703020693198349,0.425870552516454,0.98487850369265
"6598",31,"pou3f2a",0.0196708109545081,0.340841700847866,0.984612275003837
"6599",31,"faxca",-0.0459445324955973,0.000255165249702358,0.285431162031599
"6600",31,"ccnc",-0.0267709216897559,0.0195026401190953,0.419732155717509
"6601",31,"pgm3",0.0102050605020449,0.425425026529336,0.98487850369265
"6602",31,"LOC111585940",-0.0307292002512602,0.330137955067672,0.984612275003837
"6603",31,"LOC129350221",0.0131642689768433,0.524188473119959,0.98487850369265
"6604",31,"LOC111567695",0.0106128193567111,0.413728084826796,0.98487850369265
"6605",31,"LOC118470180",0.00696085708377573,0.687938894731276,0.993489446331016
"6606",31,"LOC111567711",-0.00550868863165159,0.682061653486044,0.993489446331016
"6607",31,"LOC111567674",-0.00876503726103549,0.77198315982797,0.996208074900292
"6608",31,"LOC129350174",0.00626431327642107,0.340841700847866,0.984612275003837
"6609",31,"LOC111567664",0.00444828455650122,0.677450760312801,0.993489446331016
"6610",31,"nkain2",0.0109463657655862,0.856800805766508,0.996208074900292
"6611",31,"cdc40",0.00770788472520613,0.49984057059964,0.98487850369265
"6612",31,"wasf1",-0.0154704283659306,0.369125286193013,0.98487850369265
"6613",31,"LOC129350265",-0.0105811643797384,0.324132766636377,0.984612275003837
"6614",31,"fig4a",-0.0107770855312073,0.685877576145699,0.993489446331016
"6615",31,"LOC129350111",-0.00159411388760372,0.895106088567285,0.996208074900292
"6616",31,"acp1",0.00503253223251793,0.824852361468109,0.996208074900292
"6617",31,"fbxo25",-0.0147479521881316,0.0807914669831211,0.929133735121188
"6618",31,"cmtr1",0.00899530097542292,0.455892704555084,0.98487850369265
"6619",31,"nhsl1b",0.0107884676049899,0.851802619234166,0.996208074900292
"6620",31,"acbd3",-0.00750611417379167,0.811226898949462,0.996208074900292
"6621",31,"lin9",0.00353606037509776,0.813085812994147,0.996208074900292
"6622",31,"parp1",0.00466930759476163,0.706890284784844,0.993489446331016
"6623",31,"si:dkey-206f10.1",0.00624030282212142,0.524188473119959,0.98487850369265
"6624",31,"LOC111584654",-0.0067260078297074,0.805281445313844,0.996208074900292
"6625",31,"LOC111581384",-0.000267891541848369,0.976863081188404,0.996208074900292
"6626",31,"rps6kc1",0.000562073295348279,0.968976796661395,0.996208074900292
"6627",31,"LOC111568229",-0.0351665494211371,0.0396754709291489,0.672076486559324
"6628",31,"prkg3",-0.0106678761050329,0.239975430746403,0.984612275003837
"6629",31,"LOC111568228",0.00200577984376208,0.939753741198007,0.996208074900292
"6630",31,"fdft1",0.00584110209883866,0.719309264449339,0.993489446331016
"6631",31,"LOC111569943",-0.00130802887126669,0.959160059218349,0.996208074900292
"6632",31,"stxbp5a",-0.00420140706587811,0.677125115553776,0.993489446331016
"6633",31,"sash1a",-0.0202857123790757,0.621984376585829,0.993489446331016
"6634",31,"usta",-0.0468506859387561,0.181077848037127,0.984612275003837
"6635",31,"LOC111587173",-0.000310864050245439,0.976863081188404,0.996208074900292
"6636",31,"slc30a1a",0.00387151558201152,0.745188309875786,0.996208074900292
"6637",31,"lpgat1",-0.00664686683737396,0.845442593190175,0.996208074900292
"6638",31,"ints7",-0.00159655633335685,0.895106088567285,0.996208074900292
"6639",31,"dtl",-0.000329071011677992,0.976863081188404,0.996208074900292
"6640",31,"LOC111587152",0.0232284277710725,0.16130438929325,0.984612275003837
"6641",31,"snx17",0.0267677532652521,0.110259587005134,0.984612275003837
"6642",31,"eif2b4",-0.0230603703030235,0.191283358394575,0.984612275003837
"6643",31,"nme6",-0.0106860681056901,0.449446517788437,0.98487850369265
"6644",31,"bmf2",-0.0269748622662818,0.556766926521788,0.993489446331016
"6645",31,"zc3h14",-0.000176321448363131,0.984655247542098,0.996956250321918
"6646",31,"ylpm1",-0.0268818222007323,0.331713685618421,0.984612275003837
"6647",31,"LOC118471795",0.0123381520978832,0.340841700847866,0.984612275003837
"6648",31,"LOC111583364",0.0194407917192411,0.331513612630627,0.984612275003837
"6649",31,"LOC111583365",0.0094989826564375,0.588290176724922,0.993489446331016
"6650",31,"LOC111583367",-0.0186160233845087,0.22980883044136,0.984612275003837
"6651",31,"tmed10",-0.0347592097379262,0.0717485787631001,0.895460192503026
"6652",31,"eif2b2",0.0102344665280609,0.340841700847866,0.984612275003837
"6653",31,"LOC111566658",0.00697683070151568,0.524188473119959,0.98487850369265
"6654",31,"abcd4",0.0105629378826038,0.410070447102853,0.98487850369265
"6655",31,"LOC111566662",-0.0285596901638388,0.012248839713383,0.285431162031599
"6656",31,"LOC111566661",0.00445721133986036,0.817943363743488,0.996208074900292
"6657",31,"ppp1r13bb",0.0231832675008261,0.381149358158182,0.98487850369265
"6658",31,"LOC111566654",-0.0360337692520141,0.339242965115236,0.984612275003837
"6659",31,"senp6a",3.2274241998167e-06,0.999857819722156,0.99991406606072
"6660",31,"myo6a",0.00180725598807402,0.96912749864121,0.996208074900292
"6661",31,"LOC111574551",0.0309704056672844,0.258507200907155,0.984612275003837
"6662",31,"LOC129350151",0.00358580531345942,0.719309264449339,0.993489446331016
"6663",31,"syncrip",-0.0158232735278811,0.50583389449215,0.98487850369265
"6664",31,"LOC111572048",-0.00869259713151752,0.587229133905177,0.993489446331016
"6665",31,"LOC118470675",0.00583761431402802,0.57281372263318,0.993489446331016
"6666",31,"LOC129350216",-0.00634033207267424,0.526146672962009,0.987001993870552
"6667",31,"pex7",-0.00802233533645156,0.460026064610131,0.98487850369265
"6668",31,"slc35d3",0.0587547454632411,0.370224134711707,0.98487850369265
"6669",31,"nmbr",0.0132250211785727,0.753626180419216,0.996208074900292
"6670",31,"vta1",-0.0231688856995518,0.465865240309553,0.98487850369265
"6671",31,"adgrg6",0.0114996303268695,0.453317076960482,0.98487850369265
"6672",31,"arid1b",0.00894095117419847,0.829636490512993,0.996208074900292
"6673",31,"tmem242",0.00626631688046305,0.649963618675215,0.993489446331016
"6674",31,"zdhhc14",0.0165786566074695,0.514688638163654,0.98487850369265
"6675",31,"LOC111581135",0.00815190899562709,0.340841700847866,0.984612275003837
"6676",31,"lgals8a",-0.017626920696161,0.09681077447435,0.974963766271218
"6677",31,"LOC111587230",0.00298333849782732,0.719309264449339,0.993489446331016
"6678",31,"klf11a",0.00815190899562709,0.340841700847866,0.984612275003837
"6679",31,"cpsf3",0.0098643007698288,0.524188473119959,0.98487850369265
"6680",31,"sox11b",0.0102344665280609,0.340841700847866,0.984612275003837
"6681",31,"kidins220b",0.00969593478642714,0.867791067339475,0.996208074900292
"6682",31,"mboat2b",-0.00448534221242859,0.636457192647458,0.993489446331016
"6683",31,"cep43",-0.0136240943292298,0.578106310057669,0.993489446331016
"6684",31,"ccr6a",-0.0161984077091706,0.012248839713383,0.285431162031599
"6685",31,"LOC111571000",0.0211176574990943,0.512076581161416,0.98487850369265
"6686",31,"kif26aa",0.00115186291244206,0.965560580627065,0.996208074900292
"6687",31,"LOC111582610",-0.000435660709915935,0.976863081188404,0.996208074900292
"6688",31,"bub1ba",-0.000416287222799226,0.976863081188404,0.996208074900292
"6689",31,"pak6b",0.00830462832966924,0.501624700771458,0.98487850369265
"6690",31,"si:dkey-1h6.8",0.0118777457229395,0.524188473119959,0.98487850369265
"6691",31,"cep170bb",0.0360081303597453,0.39526870159057,0.98487850369265
"6692",31,"tnfaip2a",-0.00676399590798916,0.518517086007635,0.98487850369265
"6693",31,"LOC111576877",-0.00634898579691709,0.934164064343559,0.996208074900292
"6694",31,"LOC129350263",-0.0132148828535011,0.012248839713383,0.285431162031599
"6695",31,"cdc42bpb",0.00348090137520055,0.911442926139431,0.996208074900292
"6696",31,"LOC111576871",0.0177289580911337,0.100223119280274,0.984612275003837
"6697",31,"vipas39",0.0186870758335834,0.173713411795082,0.984612275003837
"6698",31,"brf1b",-0.00426883231431585,0.675445306274234,0.993489446331016
"6699",31,"LOC111574963",-0.0306806169117171,0.21046034873085,0.984612275003837
"6700",31,"LOC111574979",-0.0177393820728178,0.668958081330958,0.993489446331016
"6701",31,"ppp4r4",-0.0491788726891039,0.132282438733519,0.984612275003837
"6702",31,"LOC111574976",0.00595608780297707,0.69528450285618,0.993489446331016
"6703",31,"LOC129350154",0.00450774868916627,0.719309264449339,0.993489446331016
"6704",31,"utrn",-0.00112078905204992,0.97705951835101,0.996264476917301
"6705",31,"akap12b",0.0112346558792413,0.400852137417762,0.98487850369265
"6706",31,"zbtb2b",0.00471474546347343,0.850327239548371,0.996208074900292
"6707",31,"syne1a",0.0962713911377086,0.0397157540197994,0.672076486559324
"6708",31,"serac1",-0.000418266595330516,0.976863081188404,0.996208074900292
"6709",31,"dynlt1b",-0.0178929944543609,0.1057554272614,0.984612275003837
"6710",31,"tmem181",-0.0344123818659205,0.30800265537722,0.984612275003837
"6711",31,"tulp4a",-0.0176382609135704,0.263110434279288,0.984612275003837
"6712",31,"si:ch211-51e12.7",-0.00472057992524031,0.900945607175396,0.996208074900292
"6713",31,"cd164",-0.0341393584897473,0.058240576851135,0.81555882016322
"6714",31,"cep57l1",0.00546562946961525,0.398287562466955,0.98487850369265
"6715",31,"sesn1",-0.0139137704008321,0.605229919992231,0.993489446331016
"6716",31,"foxo3b",0.0156642358414502,0.464523589688492,0.98487850369265
"6717",31,"afg1lb",-0.0131661652728864,0.552123663482471,0.993489446331016
"6718",31,"snx3",0.00518251425278239,0.834211236683616,0.996208074900292
"6719",31,"LOC111580081",0.0247207870347788,0.370119570783934,0.98487850369265
"6720",31,"LOC118471430",0.0273655809419798,0.412517474749757,0.98487850369265
"6721",31,"col12a1b",-0.0239497432922322,0.475031650995752,0.98487850369265
"6722",31,"naa20",0.0246750465004439,0.0807589148566775,0.929133735121188
"6723",31,"crnkl1",0.0174952872612348,0.340841700847866,0.984612275003837
"6724",31,"insm1a",-0.0277657815765539,0.012248839713383,0.285431162031599
"6725",31,"xrn2",-0.00918188140506593,0.789945235801225,0.996208074900292
"6726",31,"LOC111583188",-0.00682972886221215,0.514803849459886,0.98487850369265
"6727",31,"ndufaf7",0.00504612501119096,0.719309264449339,0.993489446331016
"6728",31,"LOC111583185",-0.010775187587041,0.528187138666242,0.988482116672291
"6729",31,"cnksr3",0.0136829812466836,0.4078900392044,0.98487850369265
"6730",31,"flvcr1",0.00237431547481557,0.909474993856978,0.996208074900292
"6731",31,"adat2",-0.0166166743045012,0.240979854280055,0.984612275003837
"6732",31,"aig1",0.0157125041287242,0.286339877909682,0.984612275003837
"6733",31,"hivep2a",0.0349776444049697,0.22882134844104,0.984612275003837
"6734",31,"e2f6",-0.00550454576572758,0.59200404734904,0.993489446331016
"6735",31,"myt1la",0.00903962054366792,0.783351421848416,0.996208074900292
"6736",31,"rnaseh1",0.00785774415898231,0.524188473119959,0.98487850369265
"6737",31,"rps7",0.0079820323783534,0.82532769703154,0.996208074900292
"6738",31,"LOC111566965",-0.000329071011677992,0.976863081188404,0.996208074900292
"6739",31,"vash2",-0.0147852673501867,0.692019728102861,0.993489446331016
"6740",31,"galnt14",-0.061317353402082,0.271128810356628,0.984612275003837
"6741",31,"zfand3",0.0186883271825219,0.462779727580793,0.98487850369265
"6742",31,"btbd9",0.0063860785295063,0.340841700847866,0.984612275003837
"6743",31,"pnrc1",-0.0147336777098565,0.584855054466844,0.993489446331016
"6744",31,"LOC111575077",-0.00430800252798616,0.583569701386136,0.993489446331016
"6745",31,"LOC111575074",0.00590979283427107,0.793791774855309,0.996208074900292
"6746",31,"smpdl3a",0.00626431327642107,0.340841700847866,0.984612275003837
"6747",31,"clvs2",0.000379014753986884,0.975018687710989,0.996208074900292
"6748",31,"znf512",-0.00622650908710024,0.557276180543275,0.993489446331016
"6749",31,"gtf3c2",0.0091775224146631,0.524188473119959,0.98487850369265
"6750",31,"si:ch211-243j20.2",-0.018496934992597,0.511934423237022,0.98487850369265
"6751",31,"mpv17",-0.0158162434890881,0.0910269109052307,0.964667868932546
"6752",31,"dnajc5ga",-0.0197622354305858,0.372986584009689,0.98487850369265
"6753",31,"cad",0.00744971139040777,0.255140067524178,0.984612275003837
"6754",31,"ift172",-0.0185100776076294,0.284418085196815,0.984612275003837
"6755",31,"msraa",0.0220666747041396,0.198134977243208,0.984612275003837
"6756",31,"LOC111565470",-0.0238402311664511,0.0581633570258647,0.81536762903909
"6757",31,"LOC111565451",0.0151025616398669,0.538437516974107,0.993489446331016
"6758",31,"igf2r",-0.00644216539148591,0.753090682208203,0.996208074900292
"6759",31,"afdna",0.0297648184550976,0.508716013559161,0.98487850369265
"6760",31,"ncoa1",0.00546265410017385,0.893299327413544,0.996208074900292
"6761",31,"ptrhd1",-0.000321088283375322,0.976863081188404,0.996208074900292
"6762",31,"fam184ab",-0.0378240996369561,0.519929879673596,0.98487850369265
"6763",31,"man1a1",0.0057360196480439,0.89971500033784,0.996208074900292
"6764",31,"tbc1d32",0.017686731694847,0.294154148291813,0.984612275003837
"6765",31,"hsdl1",-0.0200097019707524,0.0926882165391813,0.972275180017018
"6766",31,"c12h1orf198",0.00275674238704874,0.890844484525133,0.996208074900292
"6767",31,"ttc13",0.0213918751489785,0.412313608023693,0.98487850369265
"6768",31,"fam89a",-0.0429558660764936,0.0359555256250847,0.63178291396296
"6769",31,"LOC111564633",0.0325519034768896,0.214469041286523,0.984612275003837
"6770",31,"gnpat",0.0272392811728025,0.0977190171758436,0.978486989316585
"6771",31,"LOC111564587",-0.0437940599350767,0.0450521857101098,0.717074524751119
"6772",31,"scara5",-0.0035762367102912,0.895106088567285,0.996208074900292
"6773",31,"dusp10",-0.0233625286545811,0.224755607754485,0.984612275003837
"6774",31,"taf1a",-0.0107336090592559,0.237376297482855,0.984612275003837
"6775",31,"mia3",-0.0177657298768467,0.572406747845868,0.993489446331016
"6776",31,"aida",0.00907633436146515,0.52187283895106,0.98487850369265
"6777",31,"rnf8",0.00982737482994409,0.579595216818919,0.993489446331016
"6778",31,"tmem151ba",0.0104729520438932,0.340841700847866,0.984612275003837
"6779",31,"slc35b2",0.0234292335121705,0.139948010901872,0.984612275003837
"6780",31,"hsp90ab1",-0.0119366343254304,0.758443271577773,0.996208074900292
"6781",31,"rbm25b",-0.0085976060173983,0.806699604696895,0.996208074900292
"6782",31,"eif2s1b",0.0224216050859898,0.374476764063774,0.98487850369265
"6783",31,"atp6v1d",0.0429475763474521,0.216635234567989,0.984612275003837
"6784",31,"pals1b",-0.0070855754328388,0.803732689889532,0.996208074900292
"6785",31,"gphnb",-0.0629854577326412,0.014407002340536,0.327077201808947
"6786",31,"fut8b",-0.050894843478298,0.212116238140552,0.984612275003837
"6787",31,"tmem121ab",0.00774404628764757,0.79342193203889,0.996208074900292
"6788",31,"slc24a4b",0.00724879910838039,0.896938022631302,0.996208074900292
"6789",31,"LOC118470651",0.0195316805081851,0.448198368538858,0.98487850369265
"6790",31,"riox1",0.00370488028843316,0.786711905904839,0.996208074900292
"6791",31,"extl3",0.046732944739106,0.0766260207707936,0.916387702187844
"6792",31,"si:dkey-174m14.3",0.003590686687022,0.769579018384071,0.996208074900292
"6793",31,"rdh14b",0.00179187806796056,0.893326217341048,0.996208074900292
"6794",31,"rngtt",-0.0297573660039948,0.00822079618335222,0.285431162031599
"6795",31,"LOC118471292",0.00609352693005416,0.524188473119959,0.98487850369265
"6796",31,"cnr1",0.00907424092642594,0.340841700847866,0.984612275003837
"6797",31,"akirin2",0.00177912143431622,0.903932122213572,0.996208074900292
"6798",31,"rars2",-0.0205610999791594,0.278218253354714,0.984612275003837
"6799",31,"slc35a1",0.00169497950131184,0.893407373876417,0.996208074900292
"6800",31,"LOC111578332",0.00221932553995685,0.897597484037923,0.996208074900292
"6801",31,"bpnt1",0.0145454260364115,0.397632891454575,0.98487850369265
"6802",31,"grcc10",0.0115348888617815,0.524188473119959,0.98487850369265
"6803",31,"LOC111578338",0.0194953118888388,0.226460070086449,0.984612275003837
"6804",31,"LOC111578333",-0.00176639955315922,0.973377172804661,0.996208074900292
"6805",31,"ptprk",0.000669456685347895,0.955725671028324,0.996208074900292
"6806",31,"lama2",0.00599124378204718,0.524188473119959,0.98487850369265
"6807",31,"rgs6",0.0197729041096501,0.358444719450386,0.98487850369265
"6808",31,"sipa1l1",-0.0692898295395678,0.0671862233435926,0.872264865210792
"6809",31,"rab15",0.047170015557201,0.200290922890429,0.984612275003837
"6810",31,"fntb",0.0141268258996662,0.54972697300165,0.993489446331016
"6811",31,"max",0.0132469972790605,0.741631017961546,0.996208074900292
"6812",31,"slc10a1",-0.0179010480276933,0.441385941409009,0.98487850369265
"6813",31,"srsf5b",0.0160989386542399,0.677725466935464,0.993489446331016
"6814",31,"susd6",0.00164710772258675,0.926198754498287,0.996208074900292
"6815",31,"acot20",-0.000267891541848369,0.976863081188404,0.996208074900292
"6816",31,"gpr176",-0.013364399900587,0.559021348328444,0.993489446331016
"6817",31,"thbs1b",0.00354378578909427,0.810102783268868,0.996208074900292
"6818",31,"katnbl1",-0.0128264918550051,0.312700257594114,0.984612275003837
"6819",31,"emc7b",-0.0139424872494545,0.648643680659014,0.993489446331016
"6820",31,"aven",0.0165722734413373,0.26956509130503,0.984612275003837
"6821",31,"ryr3",-0.0488456343539482,0.0683581364017112,0.874521887661703
"6822",31,"LOC111575672",-0.0196414278217723,0.548495149638226,0.993489446331016
"6823",31,"clu",-0.11110225626345,0.114224490799893,0.984612275003837
"6824",31,"reps1",-0.0108917095267346,0.440859762387046,0.98487850369265
"6825",31,"heca",0.00633532826255178,0.544582812448058,0.993489446331016
"6826",31,"nudt14",-0.017196287368935,0.643333000426767,0.993489446331016
"6827",31,"jag2b",0.0145328477642896,0.439873077712185,0.98487850369265
"6828",31,"atp5mj",-0.0426457215866427,0.211294191285621,0.984612275003837
"6829",31,"gareml",-0.00159655633335685,0.895106088567285,0.996208074900292
"6830",31,"hadhb",0.0161836478200473,0.156936258213519,0.984612275003837
"6831",31,"map3k5",-0.0187684332789269,0.149941267136592,0.984612275003837
"6832",31,"LOC111589039",0.0146906570011394,0.445397472700592,0.98487850369265
"6833",31,"lrp11",-0.00860358719219197,0.856340000757994,0.996208074900292
"6834",31,"pcmt",0.0271185471901004,0.375882221016328,0.98487850369265
"6835",31,"nup43",-0.000385819212686507,0.976863081188404,0.996208074900292
"6836",31,"lats1",-0.0185874528743638,0.247826190469051,0.984612275003837
"6837",31,"rab10",0.0187926406936206,0.501273500455218,0.98487850369265
"6838",31,"LOC111589028",0.00423409088589685,0.848791621826705,0.996208074900292
"6839",31,"LOC111588988",0.0118142131501223,0.653429744866118,0.993489446331016
"6840",31,"LOC111588989",0.0185544476417944,0.323131462412131,0.984612275003837
"6841",31,"LOC111589000",0.00631560990992803,0.87778610941411,0.996208074900292
"6842",31,"LOC111589032",-0.00981421940764698,0.785375832919014,0.996208074900292
"6843",31,"tmem214",-0.03481314400249,0.0561892971923531,0.800678417437773
"6844",31,"slc35f6",0.00479077212994621,0.719309264449339,0.993489446331016
"6845",31,"kcnk3a",-0.00929868157258877,0.48445032412821,0.98487850369265
"6846",31,"enpp1",-0.000321088283375322,0.976863081188404,0.996208074900292
"6847",31,"LOC111574111",0.0083382612968429,0.694315348975906,0.993489446331016
"6848",31,"LOC111574130",0.0063578934938849,0.524188473119959,0.98487850369265
"6849",31,"si:ch211-278j3.3",0.0150321177099095,0.515605182172959,0.98487850369265
"6850",31,"si:dkey-71h2.2",0.0153447242996609,0.360490301262782,0.98487850369265
"6851",31,"fndc4a",0.00310479584215777,0.764881972167172,0.996208074900292
"6852",31,"LOC129350236",0.010115217016546,0.673886648557944,0.993489446331016
"6853",31,"cgrrf1",0.0117365349167832,0.286617133700821,0.984612275003837
"6854",31,"ddhd1b",0.00595025034396792,0.782452038086233,0.996208074900292
"6855",31,"kcnk10a",-0.0326842750055523,0.229311355366177,0.984612275003837
"6856",31,"tmem251",-0.0134287450144977,0.461066489261685,0.98487850369265
"6857",31,"LOC111574121",-0.00145424254494674,0.856269419292623,0.996208074900292
"6858",31,"tnfrsf21",-0.03114765660476,0.216305641282739,0.984612275003837
"6859",31,"cd2ap",0.0158931804255099,0.248175937029817,0.984612275003837
"6860",31,"opn5",0.00273343014475499,0.829188869187155,0.996208074900292
"6861",31,"ptchd4",0.0413587282758628,0.347371825731928,0.98487850369265
"6862",31,"LOC129350180",0.00631088066732393,0.671811729617972,0.993489446331016
"6863",31,"cnih3",-0.0220151355443862,0.290219037088487,0.984612275003837
"6864",31,"slc5a6a",-0.0469587312708021,0.0889604297592698,0.963905736748171
"6865",31,"enah",-0.0677796531848776,0.171751015151918,0.984612275003837
"6866",31,"ginm1",0.0076162181134862,0.802825702039747,0.996208074900292
"6867",31,"ppil4",0.00958540816016188,0.604483991235664,0.993489446331016
"6868",31,"LOC129350259",0.0063860785295063,0.340841700847866,0.984612275003837
"6869",31,"tab2",0.00815049108673394,0.66371531421645,0.993489446331016
"6870",31,"cdk19",-0.0316959237516376,0.305164668772056,0.984612275003837
"6871",31,"amd1",-0.0169586574750684,0.303256013940142,0.984612275003837
"6872",31,"rpf2",-0.0037785384270539,0.746555079892279,0.996208074900292
"6873",31,"mfsd4b",-0.00197481651272437,0.866883007260699,0.996208074900292
"6874",31,"rev3l",0.00710623511966902,0.875989107774435,0.996208074900292
"6875",31,"fynb",0.065445326334544,0.0281637220929998,0.542426521451815
"6876",31,"lama4",0.0185832852529408,0.402069929117062,0.98487850369265
"6877",31,"marcksa",0.0249109509292546,0.633106197924922,0.993489446331016
"6878",31,"LOC111587130",0.00643108780473783,0.584704020188799,0.993489446331016
"6879",31,"LOC111587138",0.0459040014646411,0.4976107941964,0.98487850369265
"6880",31,"nt5dc1",-0.00572475600194717,0.759798102284838,0.996208074900292
"6881",31,"ndufaf4",-0.0138854323749799,0.151112053226264,0.984612275003837
"6882",31,"gpr63",0.0311707482679191,0.278726276972251,0.984612275003837
"6883",31,"ufl1",0.0142706037540745,0.417629325162074,0.98487850369265
"6884",31,"epha7",0.0401541377683846,0.364609656001538,0.98487850369265
"6885",31,"map3k7",0.0198143310501505,0.511200475630011,0.98487850369265
"6886",31,"bach2b",0.015515485192837,0.672655238180609,0.993489446331016
"6887",31,"casp8ap2",0.00996344215557528,0.471680481287983,0.98487850369265
"6888",31,"mdn1",-0.00631629867467174,0.819581969180642,0.996208074900292
"6889",31,"LOC129350204",0.00388128487278763,0.80274405853392,0.996208074900292
"6890",31,"lyrm2",0.00412148679313237,0.719309264449339,0.993489446331016
"6891",31,"ankrd6b",0.00892298465925429,0.340841700847866,0.984612275003837
"6892",31,"LOC111580831",0.00203797607529907,0.787449790214075,0.996208074900292
"6893",31,"ube2j1",0.0204704847014435,0.371708850221953,0.98487850369265
"6894",31,"LOC111580841",0.00499837860643963,0.524188473119959,0.98487850369265
"6895",31,"cfap206",-0.00805496265271979,0.252881455265435,0.984612275003837
"6896",31,"znf292b",0.0113725431251726,0.735235788084597,0.996208074900292
"6897",31,"lrfn2b",-0.00989832687117113,0.706067904767047,0.993489446331016
"6898",31,"LOC111572587",-0.038553694660121,0.210284187944203,0.984612275003837
"6899",31,"adgb",0.00435928081129023,0.718261892110241,0.993489446331016
"6900",31,"stx7l",0.000570500099726057,0.966892801388187,0.996208074900292
"6901",31,"LOC129350251",0.0063860785295063,0.340841700847866,0.984612275003837
"6902",31,"chga",-0.0102313203664449,0.517653021643939,0.98487850369265
"6903",31,"sel1l",0.0142055500545718,0.663701317396084,0.993489446331016
"6904",31,"arhgap18",-0.0161984077091706,0.012248839713383,0.285431162031599
"6905",31,"tmem200a",-0.0296143256442017,0.0649171718013183,0.863788965451774
"6906",31,"epb41l2",-0.0907455728836217,0.102897743784498,0.984612275003837
"6907",31,"itpkb",0.00595041781959036,0.693948064247287,0.993489446331016
"6908",31,"LOC111574285",-0.00553418077570317,0.89493846910292,0.996208074900292
"6909",31,"stum",-0.0175653606306675,0.677179225738133,0.993489446331016
"6910",31,"ehd3",0.00113751328647921,0.983582484708315,0.996956250321918
"6911",31,"med23",-0.043302075615724,0.0227529914088656,0.469972014173138
"6912",31,"LOC111578767",0.0497307666965633,0.0163833035412118,0.366112603698822
"6913",31,"LOC111578768",0.00945475762669632,0.340841700847866,0.984612275003837
"6914",31,"LOC111574515",0.00753231065784861,0.666057721764217,0.993489446331016
"6915",31,"si:dkey-12h9.6",-0.00907250689957604,0.49522654997889,0.98487850369265
"6916",31,"nrbp1",-0.0157526974188765,0.444651980148055,0.98487850369265
"6917",31,"znf106b",0.00632745350037986,0.640862043667578,0.993489446331016
"6918",31,"ttbk2b",0.00263664064614987,0.83416783834138,0.996208074900292
"6919",31,"mideasa",-0.000416287222799226,0.976863081188404,0.996208074900292
"6920",31,"ttc32",0.0026893614747314,0.818883934956012,0.996208074900292
"6921",31,"laptm4a",0.0196715027964032,0.585187174426287,0.993489446331016
"6922",31,"pum2",0.00307508184756116,0.925336859534703,0.996208074900292
"6923",31,"LOC111566448",-0.004505046993599,0.565914884747852,0.993489446331016
"6924",31,"LOC111566442",0.0036556161595227,0.756567271136087,0.996208074900292
"6925",31,"LOC111566433",-0.00616184725127381,0.74817373935342,0.996208074900292
"6926",31,"hpcal1",-0.0052738010365733,0.895106088567285,0.996208074900292
"6927",31,"pdia6",0.00589493756958558,0.340841700847865,0.984612275003837
"6928",31,"LOC111566441",-0.0116838693733023,0.210981012637968,0.984612275003837
"6929",31,"LOC111566435",-0.00664334313703896,0.731863628970681,0.996208074900292
"6930",31,"LOC111566434",0.012424714674913,0.340841700847866,0.984612275003837
"6931",31,"LOC111566450",0.00358580531345942,0.719309264449339,0.993489446331016
"6932",31,"LOC111566453",0.0139101916350646,0.741515296302561,0.996208074900292
"6933",31,"prep",-0.0143593338623403,0.0972974916955557,0.977317874689815
"6934",31,"xkr5a",-0.000385819212686507,0.976863081188404,0.996208074900292
"6935",31,"LOC111585463",0.00363598865519542,0.719309264449339,0.993489446331016
"6936",31,"mycn",-0.00275840494849628,0.895106088567285,0.996208074900292
"6937",31,"smek1",0.00742583503054439,0.699011556850643,0.993489446331016
"6938",31,"erh",0.0117054872196414,0.376043834083798,0.98487850369265
"6939",31,"LOC111574218",0.0095916228879267,0.541023364781912,0.993489446331016
"6940",31,"tcp1",0.0308676502419935,0.181185791472564,0.984612275003837
"6941",31,"acat2",-0.0111267736231796,0.138602840120171,0.984612275003837
"6942",31,"wtap",-0.0188514709904692,0.398872906125818,0.98487850369265
"6943",31,"sod2",-0.0325175137806945,0.310185476379649,0.984612275003837
"6944",31,"fndc1",-0.0268337328980611,0.156934604991848,0.984612275003837
"6945",31,"otofa",0.00213523867246793,0.967250465158795,0.996208074900292
"6946",31,"zfyve1",0.0109145692136979,0.598465901597131,0.993489446331016
"6947",31,"pigh",-0.0303177637440384,0.0407808939791409,0.682003294746337
"6948",31,"vps18",-0.0140554404136378,0.358486736293746,0.98487850369265
"6949",31,"ino80",-0.000107167258885375,0.997036142684052,0.999816729949705
"6950",31,"chac1",-0.0122743095358999,0.684583424075116,0.993489446331016
"6951",31,"dll4",0.0153672377370062,0.186987399503774,0.984612275003837
"6952",31,"LOC111563820",0.00358580531345942,0.719309264449339,0.993489446331016
"6953",31,"syndig1l",0.0580118456307863,0.185979873834114,0.984612275003837
"6954",31,"slc25a29",3.37050174019235e-05,0.998877688734217,0.999859294605512
"6955",31,"slc25a47a",0.00770023646905335,0.515389703942145,0.98487850369265
"6956",31,"ppp2r5cb",0.0054907880526873,0.789888551234935,0.996208074900292
"6957",31,"hsp90aa1.2",-0.0567975104015513,0.258713451163656,0.984612275003837
"6958",31,"wdr20b",0.0162298995633802,0.447224723153875,0.98487850369265
"6959",31,"mgat2",0.0404510263210197,0.0968351008208881,0.974963766271218
"6960",31,"rps29",-0.0102790621679879,0.715347848888365,0.993489446331016
"6961",31,"LOC111573798",-0.0166172903288034,0.666832622908128,0.993489446331016
"6962",31,"LOC111573796",0.00628174286431047,0.564065455319168,0.993489446331016
"6963",31,"fkbp3",0.00716438247789429,0.652721294697667,0.993489446331016
"6964",31,"faua",0.00294727805595918,0.95453743987754,0.996208074900292
"6965",31,"prpf39",-0.010776581567653,0.301013945192112,0.984612275003837
"6966",31,"arf6a",0.0145163480354678,0.318672676810781,0.984612275003837
"6967",31,"LOC111583094",0.0164234848347465,0.549771423689978,0.993489446331016
"6968",31,"LOC111583095",-0.0160717162347812,0.440620429118955,0.98487850369265
"6969",31,"naa30",-0.0087869567205363,0.665055730678769,0.993489446331016
"6970",31,"armh4",0.047137110551431,0.106291379979095,0.984612275003837
"6971",31,"actr10",0.0309348281017821,0.206925801359635,0.984612275003837
"6972",31,"cipcb",0.000390366716629143,0.989505977791328,0.998253544131569
"6973",31,"entpd5b",-0.0198213831825829,0.320699773136809,0.984612275003837
"6974",31,"LOC111585849",0.00170622624756054,0.935072082230363,0.996208074900292
"6975",31,"yy1b",-0.00157786183321367,0.90008299141245,0.996208074900292
"6976",31,"evlb",-0.0205835579108963,0.714153695456978,0.993489446331016
"6977",31,"LOC111585839",0.056037258037485,0.13476997117501,0.984612275003837
"6978",31,"LOC111585829",-0.0196554637965001,0.012248839713383,0.285431162031599
"6979",31,"pak5",-0.0132599157017382,0.859109271760188,0.996208074900292
"6980",31,"LOC129350193",0.00803921022558703,0.340841700847865,0.984612275003837
"6981",31,"LOC111569680",-0.00290450829346486,0.914354864621921,0.996208074900292
"6982",31,"LOC111569671",-0.0999527226972647,0.176019344533375,0.984612275003837
"6983",31,"trmt6",-0.00444791099480771,0.573236642919947,0.993489446331016
"6984",31,"chgb",0.0400659640787564,0.59595043172832,0.993489446331016
"6985",31,"gpcpd1",0.0031030652725768,0.939264631043437,0.996208074900292
"6986",31,"napbb",0.0255492194616072,0.356307734210082,0.98487850369265
"6987",31,"gzf1",-0.0288807784472141,0.0329568730743187,0.596976667749201
"6988",31,"trib2",0.00532728080169231,0.385368605442367,0.98487850369265
"6989",31,"LOC129350115",0.00626431327642107,0.340841700847866,0.984612275003837
"6990",31,"LOC111569679",0.0583265685253035,0.163330590056925,0.984612275003837
"6991",31,"LOC129350201",0.0282665153823985,0.424984548545044,0.98487850369265
"6992",31,"LOC129350200",0.0062884682130842,0.719309264449339,0.993489446331016
"6993",31,"atad2b",-0.0204015151594114,0.603523340144455,0.993489446331016
"6994",31,"ubxn2a",0.00400896911108954,0.894375437508316,0.996208074900292
"6995",31,"mfsd2b",-0.0143030170565658,0.510471718117352,0.98487850369265
"6996",31,"fkbp1b",-0.0193041566094935,0.0391608870301274,0.666785980128103
"6997",31,"mmut",-0.00754849905261611,0.633540599322166,0.993489446331016
"6998",31,"opn8b",-0.0382696660536864,0.222921436133787,0.984612275003837
"6999",31,"runx2b",5.67790490176259e-05,0.997742311008454,0.999816729949705
"7000",31,"enpp5",-0.00286280337256459,0.924937465845613,0.996208074900292
"7001",31,"hmgn3",-0.0455264605025107,0.16124884102461,0.984612275003837
"7002",31,"phip",-0.0199366085629293,0.512572466145927,0.98487850369265
"7003",31,"si:dkey-261l7.2",-0.00713790873831396,0.207124441410705,0.984612275003837
"7004",31,"selenoi",-0.00928661827907645,0.0992396587000607,0.984612275003837
"7005",31,"ost4",-0.00827974526718911,0.473109024175246,0.98487850369265
"7006",31,"agbl5",-0.0472430250591102,0.00678928675688756,0.285431162031599
"7007",31,"bcl11bb",0.0078874634742505,0.325212994579301,0.984612275003837
"7008",31,"ccnk",-0.00721846111892837,0.492243422778886,0.98487850369265
"7009",31,"ccdc85cb",0.0120390829017182,0.627560118384741,0.993489446331016
"7010",31,"sptlc2b",0.0197780963527172,0.221273449302701,0.984612275003837
"7011",31,"snw1",0.00748321513775473,0.618145299732248,0.993489446331016
"7012",31,"LOC118471281",-0.00324897454510774,0.85297370680328,0.996208074900292
"7013",31,"LOC111582007",0.0395289263198066,0.019146078827979,0.412750845590735
"7014",31,"LOC111569119",0.00482568480160538,0.786352394181944,0.996208074900292
"7015",31,"gtf2a1",-0.0210721006989803,0.401751451900582,0.98487850369265
"7016",31,"ches1",0.00801011612386496,0.902486957918964,0.996208074900292
"7017",31,"LOC111566089",0.0168080659849996,0.277818267834781,0.984612275003837
"7018",31,"LOC111566088",-0.0130672398969007,0.80052832437669,0.996208074900292
"7019",31,"LOC111577553",-0.028201528854305,0.0520585244515461,0.7800872583411
"7020",31,"LOC111577552",0.0229270659351582,0.135979152620255,0.984612275003837
"7021",31,"zgc:153383",0.0139912837939639,0.340841700847865,0.984612275003837
"7022",31,"flrt2",0.0448104961132748,0.406825179481907,0.98487850369265
"7023",31,"clmnb",0.0110146727211945,0.460311246315963,0.98487850369265
"7024",31,"prkrip1",-0.056673189136406,0.0516806337717989,0.776542038405115
"7025",31,"glrx5",0.012477303987252,0.59434303787101,0.993489446331016
"7026",31,"ints9",-0.0220780006423811,0.239189489399777,0.984612275003837
"7027",31,"pla2g7",0.0109607821268501,0.435757065186974,0.98487850369265
"7028",31,"sf3b6",-0.0193514561137462,0.319889583143596,0.984612275003837
"7029",31,"vsnl1a",0.00855321491159903,0.870796320495358,0.996208074900292
"7030",31,"LOC111563592",0.00724193131577565,0.454664958795382,0.98487850369265
"7031",31,"fam49a",0.00363598865519542,0.719309264449339,0.993489446331016
"7032",31,"fzd3a",0.0254471283162145,0.240764075455215,0.984612275003837
"7033",31,"cdc42bpab",0.0393991448348242,0.663229484783086,0.993489446331016
"7034",31,"hnrnpub",-0.00146717831837569,0.926551067335596,0.996208074900292
"7035",31,"kif26bb",-0.0223933715438109,0.144683422762967,0.984612275003837
"7036",31,"LOC129350187",0.00333111940104037,0.840098103772421,0.996208074900292
"7037",31,"cnstb",0.0416613170061096,0.355811965338962,0.98487850369265
"7038",31,"LOC111572213",0.0267779627225318,0.420903152292846,0.98487850369265
"7039",31,"snap25a",0.0197480371236362,0.248453519139109,0.984612275003837
"7040",31,"ankef1a",0.0156707476550695,0.407941693706323,0.98487850369265
"7041",31,"stmn4",0.00735795089632218,0.889062359144238,0.996208074900292
"7042",31,"znf395b",-0.0188803759883378,0.20208813648397,0.984612275003837
"7043",31,"LOC129350185",-0.0125559257171637,0.319685853209314,0.984612275003837
"7044",31,"LOC111571030",0.00901725793690574,0.599595445423815,0.993489446331016
"7045",31,"elp3",0.00126355660487253,0.943290002179455,0.996208074900292
"7046",31,"LOC111571287",-0.0112894491873234,0.411060468683776,0.98487850369265
"7047",31,"hmbox1b",-0.0424799790481921,0.0781212583599445,0.923558876482035
"7048",31,"disp1",0.00502362707002433,0.871305839930599,0.996208074900292
"7049",31,"brox",-0.0126081282011467,0.30614070652154,0.984612275003837
"7050",31,"b4galt7",-0.0625840043801793,0.0997837877128122,0.984612275003837
"7051",31,"tmed9",-0.0171866306877191,0.436901807192303,0.98487850369265
"7052",31,"LOC129350300",0.0106374860890159,0.340841700847866,0.984612275003837
"7053",31,"LOC111582719",0.00591338919597148,0.901279138351336,0.996208074900292
"7054",31,"trappc11",-0.0315088787835299,0.332199785644737,0.984612275003837
"7055",31,"rell2",-0.0116207531193746,0.403395320594807,0.98487850369265
"7056",31,"LOC111573626",-0.000310864050245439,0.976863081188404,0.996208074900292
"7057",31,"mmp17b",0.0099053955163829,0.476380165276278,0.98487850369265
"7058",31,"zgc:154054",-0.00593253206400432,0.454807482513793,0.98487850369265
"7059",31,"LOC129350409",0.013811055170942,0.660799825833711,0.993489446331016
"7060",31,"setd7",0.00171318747817126,0.895700542894434,0.996208074900292
"7061",31,"hspa9",-0.00138566107234547,0.926235132281032,0.996208074900292
"7062",31,"rab33ba",0.00568412097553286,0.796535514287873,0.996208074900292
"7063",31,"LOC111573624",0.00478428457904348,0.732459926023002,0.996208074900292
"7064",31,"selenot2",0.0133405916089413,0.513854800516466,0.98487850369265
"7065",31,"rnf4",0.00632660023677561,0.719309264449339,0.993489446331016
"7066",31,"maml1",-0.0137579370624866,0.517570968978596,0.98487850369265
"7067",31,"canx",0.0131863446005173,0.235040906879292,0.984612275003837
"7068",31,"mgat4b",-0.0231936935234147,0.693376250857918,0.993489446331016
"7069",31,"LOC111583750",-0.0144755552258755,0.246285400642011,0.984612275003837
"7070",31,"nfkb1",-0.015843587246615,0.495556217763165,0.98487850369265
"7071",31,"LOC111583747",0.00608033648488537,0.558645656430056,0.993489446331016
"7072",31,"LOC111569103",-0.0202077335252678,0.357060721967511,0.98487850369265
"7073",31,"LOC111569101",-0.00228977384317601,0.940612506427872,0.996208074900292
"7074",31,"matr3l1.2",-0.0110167613496545,0.524054376132431,0.98487850369265
"7075",31,"LOC111569098",0.0142909282824925,0.383953799784771,0.98487850369265
"7076",31,"LOC118471573",-0.0141622753262215,0.590784027646908,0.993489446331016
"7077",31,"gfra3",0.0165087542035048,0.328290615421761,0.984612275003837
"7078",31,"hars",0.010932764996618,0.569366488970825,0.993489446331016
"7079",31,"ldhd",-0.0231641328001764,0.129534371091669,0.984612275003837
"7080",31,"uvssa",-0.00236719919904018,0.895106088567285,0.996208074900292
"7081",31,"gm2a",-0.00279802366139497,0.895106088567285,0.996208074900292
"7082",31,"shtn3",0.0240925017324955,0.193076869637671,0.984612275003837
"7083",31,"thoc3",0.0083122312035594,0.524188473119959,0.98487850369265
"7084",31,"cplx2b",0.028798712334283,0.258578377634815,0.984612275003837
"7085",31,"LOC118471266",0.0063860785295063,0.340841700847866,0.984612275003837
"7086",31,"glra1",0.0121067516265117,0.347496902004966,0.98487850369265
"7087",31,"g3bp1",0.0103303461638823,0.778590357646138,0.996208074900292
"7088",31,"sparc",-0.00159655633335685,0.895106088567285,0.996208074900292
"7089",31,"atox1",0.0268682407846331,0.470856964820268,0.98487850369265
"7090",31,"slc36a1",-0.0311703611002764,0.289733737916877,0.984612275003837
"7091",31,"mtnr1al",-0.063460438933341,0.306956851336037,0.984612275003837
"7092",31,"fat2",-0.0229180905733667,0.012248839713383,0.285431162031599
"7093",31,"lman2",-0.0029257834020508,0.906329330486825,0.996208074900292
"7094",31,"htr4",-0.0736240653826447,0.140016375389477,0.984612275003837
"7095",31,"ppargc1b",0.0339738463572639,0.707865532643549,0.993489446331016
"7096",31,"arhgef37",0.00124268376510689,0.937086256226451,0.996208074900292
"7097",31,"LOC111571139",-0.00894401131255102,0.449581601963672,0.98487850369265
"7098",31,"LOC111563482",0.0157942379203321,0.173427273194391,0.984612275003837
"7099",31,"smu1a",0.0016963654717698,0.921756966485984,0.996208074900292
"7100",31,"LOC111564844",0.00196053437403148,0.973621006873576,0.996208074900292
"7101",31,"LOC111578485",0.031235721212666,0.177540550397484,0.984612275003837
"7102",31,"LOC111578488",0.0126622499259721,0.426649897675533,0.98487850369265
"7103",31,"LOC111578486",0.00591960723996512,0.585593472331186,0.993489446331016
"7104",31,"sec24b",-0.0245820215024853,0.385242627760629,0.98487850369265
"7105",31,"srp72",0.0402168032614402,0.0932083706099665,0.972275180017018
"7106",31,"leprotl1",-0.0242033885440278,0.603445690503913,0.993489446331016
"7107",31,"fat4",-0.014612067982325,0.462667703244344,0.98487850369265
"7108",31,"ankrd50",0.0175493129900901,0.321844740838923,0.984612275003837
"7109",31,"spry1",0.00412148679313237,0.719309264449339,0.993489446331016
"7110",31,"spata5",-0.018164376259257,0.478465215819212,0.98487850369265
"7111",31,"nudt6",0.00611142208612438,0.719309264449339,0.993489446331016
"7112",31,"cetn4",0.0063578934938849,0.524188473119959,0.98487850369265
"7113",31,"npm1b",0.0215300246923936,0.134385493748532,0.984612275003837
"7114",31,"pcgf1",-0.0131098589689668,0.366188524670557,0.98487850369265
"7115",31,"nanos1",-0.00755271008313187,0.556537305158015,0.993489446331016
"7116",31,"LOC111578167",-0.0030974831265047,0.818074163813059,0.996208074900292
"7117",31,"tmem33",-0.0220320282423738,0.274783531257095,0.984612275003837
"7118",31,"fgfbp1a",-0.00159411388760372,0.895106088567285,0.996208074900292
"7119",31,"prom1a",0.0167951666961527,0.768000093633957,0.996208074900292
"7120",31,"tapt1a",-0.01376912003971,0.697791581122983,0.993489446331016
"7121",31,"ldb2a",-0.00527845941847948,0.917563498818178,0.996208074900292
"7122",31,"qdpra",0.0121052331356894,0.367909489682045,0.98487850369265
"7123",31,"fstl5",0.0420942141828557,0.238675477105934,0.984612275003837
"7124",31,"rapgef2b",0.044751639942204,0.442404016970972,0.98487850369265
"7125",31,"ppid",0.013362909231022,0.219436520818441,0.984612275003837
"7126",31,"etfdh",-0.000385819212686507,0.976863081188404,0.996208074900292
"7127",31,"gria2b",-0.00419077643817713,0.941335678600062,0.996208074900292
"7128",31,"glrbb",-0.0653857260077265,0.168481789390725,0.984612275003837
"7129",31,"pdgfc",-0.00875254829796046,0.647088628436235,0.993489446331016
"7130",31,"si:dkey-237h12.3",-0.0257504126407525,0.618393546172783,0.993489446331016
"7131",31,"ctso",0.0082080435961055,0.672315667703641,0.993489446331016
"7132",31,"gpm6aa",-0.0198175881252074,0.46863430605813,0.98487850369265
"7133",31,"elovl6",0.0279018968931675,0.11873170054416,0.984612275003837
"7134",31,"LOC111588375",-0.0136311700763003,0.327060916095345,0.984612275003837
"7135",31,"LOC118469578",-0.0106784013691049,0.618454015189432,0.993489446331016
"7136",31,"lingo2",-0.015436929784106,0.708073232114557,0.993489446331016
"7137",31,"cxcl14",-0.00394351869029564,0.883573086066244,0.996208074900292
"7138",31,"fam13b",0.0313970410761211,0.443182904280576,0.98487850369265
"7139",31,"klhl3",-0.0178886332892256,0.11633146994834,0.984612275003837
"7140",31,"LOC111580477",0.00136023587736439,0.954923012521593,0.996208074900292
"7141",31,"LOC111580474",-0.0572894846865117,0.112690376524851,0.984612275003837
"7142",31,"maea",-0.0426938161126724,0.00393795574661647,0.285431162031599
"7143",31,"LOC111580478",0.00161078527384486,0.976693982064514,0.996208074900292
"7144",31,"slit3",-0.0393286994030478,0.0122488397133829,0.285431162031599
"7145",31,"gpc2",-0.0050959813832098,0.484955630069337,0.98487850369265
"7146",31,"LOC111581156",0.00325724414457497,0.719309264449339,0.993489446331016
"7147",31,"mcm7",-0.0161984077091706,0.012248839713383,0.285431162031599
"7148",31,"cops6",-0.0387759191979648,0.00977569480536247,0.285431162031599
"7149",31,"LOC111586347",0.0125610612742147,0.251754836717435,0.984612275003837
"7150",31,"LOC111586349",-0.0387791505164697,0.3173162197789,0.984612275003837
"7151",31,"LOC129350313",0.00980746397192239,0.32511305595285,0.984612275003837
"7152",31,"bod1l1",-0.00856733737748947,0.540395479237711,0.993489446331016
"7153",31,"LOC111588478",0.00240703549880596,0.924783641650189,0.996208074900292
"7154",31,"rab28",-0.00670582372060816,0.500586110748396,0.98487850369265
"7155",31,"hs3st1",0.0119275394118658,0.275559893928274,0.984612275003837
"7156",31,"LOC111583275",-0.026957776013421,0.107834797929179,0.984612275003837
"7157",31,"slc30a9",-0.00843473875569506,0.817261887974983,0.996208074900292
"7158",31,"atp8a1",0.0190996481192219,0.625748639013502,0.993489446331016
"7159",31,"LOC111583622",0.0273542170222561,0.0862990620873469,0.956595426076849
"7160",31,"LOC111583621",0.0200937598063483,0.293906500385005,0.984612275003837
"7161",31,"sfxn5b",-0.0236354042513771,0.376234360156899,0.98487850369265
"7162",31,"smyd5",0.0052102765883705,0.37392948738462,0.98487850369265
"7163",31,"enox2",0.0151245276751693,0.709168422055412,0.993489446331016
"7164",31,"wu:fb13g09",0.00363598865519542,0.719309264449339,0.993489446331016
"7165",31,"med12",-0.00225644528407281,0.94614868190062,0.996208074900292
"7166",31,"mars2",-0.00184652080854079,0.896222249538429,0.996208074900292
"7167",31,"zgc:101583",0.00607521447926086,0.594068217382414,0.993489446331016
"7168",31,"timm8a",0.00169945368770958,0.882483745502287,0.996208074900292
"7169",31,"btk",0.0063860785295063,0.340841700847866,0.984612275003837
"7170",31,"rpl36a",-0.0183208220720858,0.374712831406038,0.98487850369265
"7171",31,"gla",0.00993676073957756,0.173139569205113,0.984612275003837
"7172",31,"glra4a",0.00495077952938492,0.896317663211452,0.996208074900292
"7173",31,"diaph2",-0.00124169116010338,0.969526522199084,0.996208074900292
"7174",31,"pcdh19",-0.0167827886005304,0.679517097628681,0.993489446331016
"7175",31,"elf1",-0.00172070210427648,0.899376529922276,0.996208074900292
"7176",31,"LOC111570099",0.0100050205464352,0.516797198889386,0.98487850369265
"7177",31,"nkrf",-0.0041538826986689,0.689180645415685,0.993489446331016
"7178",31,"septin6",0.0406412726796987,0.41056630718557,0.98487850369265
"7179",31,"rpl39",-0.0150057258022637,0.65596710760614,0.993489446331016
"7180",31,"upf3b",-0.00404209106929968,0.706582782493087,0.993489446331016
"7181",31,"ndufa1",0.0116849639257087,0.444881326856754,0.98487850369265
"7182",31,"nkap",-0.00210774771201277,0.942754939142488,0.996208074900292
"7183",31,"zbtb33",-0.0029502731727768,0.707080285571869,0.993489446331016
"7184",31,"tmem255a",0.0189155136727319,0.573468005621775,0.993489446331016
"7185",31,"atp1b4",-0.00387482616245156,0.825295798250285,0.996208074900292
"7186",31,"lamp2",-0.0397990074598899,0.125982731732346,0.984612275003837
"7187",31,"mcts1",0.0106895190231677,0.307798198459442,0.984612275003837
"7188",31,"ocrl",-0.00781857033420708,0.790624121593771,0.996208074900292
"7189",31,"vimr2",0.00360516544593325,0.717784549871622,0.993489446331016
"7190",31,"xpnpep2",-0.00659266052962595,0.373573334577506,0.98487850369265
"7191",31,"zdhhc9",0.0171879747788635,0.670506196811384,0.993489446331016
"7192",31,"mid1ip1l",-0.0251783581396072,0.116134615121967,0.984612275003837
"7193",31,"bcorl1",0.0192140162593068,0.524188473119959,0.98487850369265
"7194",31,"cstf2",-0.0181597056006543,0.012248839713383,0.285431162031599
"7195",31,"tmem35",-0.0254434297136916,0.405529350307011,0.98487850369265
"7196",31,"drp2",-0.00754458402117325,0.832557351734192,0.996208074900292
"7197",31,"LOC118470520",-0.0232202752560533,0.012248839713383,0.285431162031599
"7198",31,"taf7",0.00223111855524244,0.860518134944822,0.996208074900292
"7199",31,"slc9a6a",0.00929360620063051,0.597489701245699,0.993489446331016
"7200",31,"map7d3",-0.0134544055928734,0.294733723306216,0.984612275003837
"7201",31,"tmtops3a",-0.0162513577789679,0.137943159485665,0.984612275003837
"7202",31,"arhgef6",0.00802225802890962,0.578443887830169,0.993489446331016
"7203",31,"rbmx",0.0240538798676379,0.501291723540005,0.98487850369265
"7204",31,"LOC111566326",-0.0400626689272987,0.0346952233521538,0.619121845020985
"7205",31,"LOC111566325",0.0610744271989721,0.360722235396808,0.98487850369265
"7206",31,"zic3",0.00809043044043594,0.702003007420579,0.993489446331016
"7207",31,"zic6",0.00765265498925298,0.837426620227914,0.996208074900292
"7208",31,"LOC111566330",0.00504156508622013,0.623751891114911,0.993489446331016
"7209",31,"fgf13a",-0.0435260914942681,0.408032026243851,0.98487850369265
"7210",31,"LOC129350305",0.00794297690532635,0.796359829550899,0.996208074900292
"7211",31,"mcf2a",0.00358580531345942,0.719309264449339,0.993489446331016
"7212",31,"atp11c",-0.00202872847578722,0.847364090085459,0.996208074900292
"7213",31,"LOC118471403",-0.0037381266500604,0.663412268150859,0.993489446331016
"7214",31,"rab41",0.0220327558343011,0.245832167338273,0.984612275003837
"7215",31,"pdzd11",-0.00335886298815781,0.654279655780945,0.993489446331016
"7216",31,"dlg3",-0.0103974370046844,0.859935595050242,0.996208074900292
"7217",31,"LOC129350384",-0.0282358039750062,0.012248839713383,0.285431162031599
"7218",31,"chic1",-0.00393192681359616,0.639328844263136,0.993489446331016
"7219",31,"lnx2b",-0.0196906091434665,0.340076477703869,0.984612275003837
"7220",31,"slc25a43",-0.0493906930200799,0.0324362871355499,0.592678426050853
"7221",31,"slc25a5",-0.0188807777737686,0.54805096398559,0.993489446331016
"7222",31,"mrpl11",-0.02995165471541,0.0590569228381367,0.821608621740542
"7223",31,"tmem265",0.00443157134188762,0.719309264449339,0.993489446331016
"7224",31,"npas4a",-0.0252976143389682,0.0432234193177421,0.706187102525218
"7225",31,"yif1a",-0.0284218173406234,0.111482721535139,0.984612275003837
"7226",31,"atl3",0.00943634442644715,0.340841700847866,0.984612275003837
"7227",31,"cfl1",-0.0204118900997174,0.657492194095002,0.993489446331016
"7228",31,"ubl3b",0.000926976518907794,0.976200979533938,0.996208074900292
"7229",31,"sesn4",-0.00397559212816048,0.83393883182077,0.996208074900292
"7230",31,"zgc:92907",0.00325724414457497,0.719309264449339,0.993489446331016
"7231",31,"rap2c",0.0139341477951726,0.340841700847865,0.984612275003837
"7232",31,"mbnl3",-0.0530333425073716,0.330885640962278,0.984612275003837
"7233",31,"hs6st2",-0.000580582495222574,0.961039639220535,0.996208074900292
"7234",31,"zgc:153018",0.0303084198861834,0.459221988160781,0.98487850369265
"7235",31,"si:ch211-107m4.1",-0.00123278352643001,0.954651458062379,0.996208074900292
"7236",31,"dnajc4",0.005860072147983,0.702939688253569,0.993489446331016
"7237",31,"vegfba",-0.00641341397619255,0.812512350367736,0.996208074900292
"7238",31,"stx5a",-0.0110516176295162,0.557670644460694,0.993489446331016
"7239",31,"kcnk4a",-0.00037492175215017,0.976863081188404,0.996208074900292
"7240",31,"trmt112",-0.0128367280554527,0.643958630765955,0.993489446331016
"7241",31,"atg2a",-0.00257653207270242,0.81878699337133,0.996208074900292
"7242",31,"nxf1a",-0.018076859393813,0.508179499568215,0.98487850369265
"7243",31,"rnaseh2c",0.00504772946019118,0.825662971481291,0.996208074900292
"7244",31,"zbtb3",0.0163462477288493,0.121825696289213,0.984612275003837
"7245",31,"macrod1",0.0459790886619059,0.1048683240428,0.984612275003837
"7246",31,"flrt1b",0.0313655358975845,0.255615776774501,0.984612275003837
"7247",31,"ccdc88b",0.0117377143090865,0.297626785557064,0.984612275003837
"7248",31,"scyl1",0.014365258276544,0.383716168222568,0.98487850369265
"7249",31,"LOC111576369",0.014103982564004,0.340841700847865,0.984612275003837
"7250",31,"ganabb",-0.0190123736172445,0.391116016448907,0.98487850369265
"7251",31,"ubxn1",0.0032647170300841,0.806616311146722,0.996208074900292
"7252",31,"LOC111581108",0.0125585117844962,0.340841700847866,0.984612275003837
"7253",31,"LOC111581109",-0.00438537605544719,0.841280319054598,0.996208074900292
"7254",31,"zdhhc24",-0.0106783426916935,0.441529428309411,0.98487850369265
"7255",31,"slc16a2",-0.013075863399168,0.389264894285708,0.98487850369265
"7256",31,"f8",-0.0181597056006543,0.012248839713383,0.285431162031599
"7257",31,"mid2",0.112764813428443,0.0957892773854753,0.974963766271218
"7258",31,"tsc22d3",-0.0174211558993716,0.067027496491351,0.872264865210792
"7259",31,"pcdh11",-0.00587760653349456,0.804856405168631,0.996208074900292
"7260",31,"klhl4",0.00782081806349229,0.524188473119959,0.98487850369265
"7261",31,"ahnak",0.0063860785295063,0.340841700847866,0.984612275003837
"7262",31,"eef1g",0.0123896886262324,0.597753524278599,0.993489446331016
"7263",31,"polr2g",-0.011773627071148,0.26723929510522,0.984612275003837
"7264",31,"LOC111582310",-0.0360299861897855,0.012248839713383,0.285431162031599
"7265",31,"LOC111576507",-0.00842234278901838,0.700984571688519,0.993489446331016
"7266",31,"ankrd13d",0.0206593332450438,0.119898212857093,0.984612275003837
"7267",31,"kdm2ab",-0.0100535316363212,0.436719770802081,0.98487850369265
"7268",31,"stx3b",0.0413552431569976,0.315939707639602,0.984612275003837
"7269",31,"ran",-0.0542599838840138,0.105241260339933,0.984612275003837
"7270",31,"ndufs8b",-0.022473796634333,0.0739110003130923,0.908591954326234
"7271",31,"ssrp1a",-0.017561838125056,0.40005426710546,0.98487850369265
"7272",31,"clcf1",0.00668529661387333,0.524188473119959,0.98487850369265
"7273",31,"med19a",-0.00585466475793974,0.568350140797136,0.993489446331016
"7274",31,"tmx2a",-0.00348888681589189,0.764242210179679,0.996208074900292
"7275",31,"zdhhc5b",0.0393356651367791,0.088636868178465,0.963905736748171
"7276",31,"selenoh",0.00363598865519542,0.719309264449339,0.993489446331016
"7277",31,"rtn4rl2b",-0.000385819212686507,0.976863081188404,0.996208074900292
"7278",31,"slc43a3b",-0.012999348477503,0.0950612421221262,0.97249919343376
"7279",31,"LOC111576495",-0.00713790873831396,0.207124441410705,0.984612275003837
"7280",31,"LOC111576477",-0.0264473818502342,0.163681208271484,0.984612275003837
"7281",31,"LOC118471265",-0.0205951359427508,0.012248839713383,0.285431162031599
"7282",31,"si:dkeyp-121d2.7",0.00683896298740138,0.461821529047501,0.98487850369265
"7283",31,"mif",0.0110466547632196,0.495419399931489,0.98487850369265
"7284",31,"LOC111583657",0.00782081806349229,0.524188473119959,0.98487850369265
"7285",31,"LOC111583659",0.00607279640152212,0.414002779872068,0.98487850369265
"7286",31,"wfs1b",0.000901301487273065,0.943554828426713,0.996208074900292
"7287",31,"jakmip1",-0.0289284529731564,0.121354603897523,0.984612275003837
"7288",31,"LOC111583652",0.0445677430426901,0.145924065133807,0.984612275003837
"7289",31,"LOC111575950",0.0546335531230661,0.0431439730576802,0.705877222462837
"7290",31,"LOC111575946",0.0136337446903953,0.340841700847865,0.984612275003837
"7291",31,"LOC118471073",0.00585741078055058,0.843240396812724,0.996208074900292
"7292",31,"LOC111572298",-0.029564177204733,0.582639962876576,0.993489446331016
"7293",31,"LOC118471159",0.00412148679313237,0.719309264449339,0.993489446331016
"7294",31,"LOC111576782",-0.0103027186792779,0.819550339726253,0.996208074900292
"7295",31,"LOC118471157",-0.0133086606162904,0.525351080478363,0.986340501946131
"7296",31,"LOC129350335",0.00554615014677795,0.755848913850005,0.996208074900292
"7297",31,"LOC129350336",0.0133094014142288,0.17554372830302,0.984612275003837
"7298",31,"LOC129350337",-0.0344530210841338,0.0655315624873767,0.86567801444447
"7299",31,"LOC111576748",0.0215119714536723,0.088906935270206,0.963905736748171
"7300",31,"LOC111576750",0.029963608344567,0.186327180080026,0.984612275003837
"7301",31,"LOC111576751",0.00606391647078898,0.633059610795499,0.993489446331016
"7302",31,"LOC111576752",-0.0361820083455175,0.171696534649252,0.984612275003837
"7303",31,"LOC129350344",-0.000321088283375322,0.976863081188404,0.996208074900292
"7304",31,"LOC111576775",-0.00927771084292072,0.321183533912856,0.984612275003837
"7305",31,"LOC111576779",0.0112052946731281,0.497302105591509,0.98487850369265
"7306",31,"LOC111576758",-0.014767871480181,0.576812571203903,0.993489446331016
"7307",31,"LOC111576787",-0.000293977023095923,0.976863081188404,0.996208074900292
"7308",31,"LOC111576764",-0.00713790873831396,0.207124441410705,0.984612275003837
"7309",31,"LOC111576766",0.0220905970653851,0.467176156249023,0.98487850369265
"7310",31,"LOC111576768",0.0100513281634752,0.458229050554722,0.98487850369265
"7311",31,"LOC129350346",0.0213584886059845,0.208338602865736,0.984612275003837
"7312",31,"LOC129350408",-0.00153565675829535,0.895106088567285,0.996208074900292
"7313",31,"LOC111566338",-0.00206816300194569,0.94618582737602,0.996208074900292
"7314",31,"LOC118471158",-0.0167827863377881,0.28666581984262,0.984612275003837
"7315",31,"LOC111566339",0.0100989980595647,0.331668074002609,0.984612275003837
"7316",31,"LOC129350338",-0.0147859662893966,0.261456888979948,0.984612275003837
"7317",31,"LOC111585142",-0.0309298862807843,0.0842954656218824,0.947640611333818
"7318",31,"LOC111585140",0.0105189868298478,0.639751519249858,0.993489446331016
"7319",31,"LOC111585141",0.0249410623389772,0.255547420189533,0.984612275003837
"7320",31,"LOC111585146",0.0187746949522037,0.481018941071424,0.98487850369265
"7321",31,"LOC111585139",0.0161477324208301,0.282358880295395,0.984612275003837
"7322",31,"LOC111566343",0.00147991470942384,0.890395259030416,0.996208074900292
"7323",31,"LOC111566370",0.00930513062062827,0.634441720379895,0.993489446331016
"7324",31,"LOC111566367",-0.0116868293830557,0.310434196787758,0.984612275003837
"7325",31,"LOC111566357",-0.030557741571511,0.00943089613666317,0.285431162031599
"7326",31,"LOC111572933",-0.00565028321844648,0.866612710396554,0.996208074900292
"7327",31,"LOC129350331",-0.0161747759487244,0.54569460811606,0.993489446331016
"7328",31,"LOC111580573",-0.00874779344617896,0.487669090665439,0.98487850369265
"7329",31,"LOC111587025",-0.0326574097935152,0.0207525898596966,0.440717665778689
"7330",31,"LOC129350345",0.00157522474477073,0.934220119916646,0.996208074900292
"7331",31,"LOC111577454",0.00815190899562709,0.340841700847866,0.984612275003837
"7332",31,"LOC111577457",-0.0480498605165995,0.200357628330396,0.984612275003837
"7333",31,"LOC111577462",0.0147012092211417,0.300045847369218,0.984612275003837
"7334",31,"LOC129350357",0.0232616361850251,0.596176745455498,0.993489446331016
"7335",31,"si:ch73-233f7.1",-0.0134957448095459,0.154954426248576,0.984612275003837
"7336",31,"fbxw11a",0.0262989519816173,0.38843353749147,0.98487850369265
"7337",31,"etf1a",-0.00422430870455462,0.777908292711468,0.996208074900292
"7338",31,"spock1",-0.0115427433892044,0.692219668329791,0.993489446331016
"7339",31,"dele1",-0.000267891541848369,0.976863081188404,0.996208074900292
"7340",31,"LOC111576744",-0.021348049190274,0.653046214863893,0.993489446331016
"7341",31,"ube2ka",0.00831608721650533,0.570266112920508,0.993489446331016
"7342",31,"ints10",-0.00448184108882196,0.814582302603674,0.996208074900292
"7343",31,"slc25a51b",0.0120931194668694,0.505548959888937,0.98487850369265
"7344",31,"frmpd1b",0.000488890350353837,0.974986026041394,0.996208074900292
"7345",31,"tomm5",-0.0217108460686579,0.0948785062112133,0.97249919343376
"7346",31,"si:ch211-203d1.3",0.0101373702642027,0.170314649953189,0.984612275003837
"7347",31,"mrpl18",-0.0132148828535011,0.012248839713383,0.285431162031599
"7348",31,"prpf19",0.00976665268038451,0.415205656325389,0.98487850369265
"7349",31,"LOC111572172",-0.0106349978485132,0.393380799186914,0.98487850369265
"7350",31,"rnf20",-0.00609037513884201,0.607099693091813,0.993489446331016
"7351",31,"hmgxb3",0.00517231591321314,0.690188018441532,0.993489446331016
"7352",31,"cd74a",0.00664921694099124,0.806142067429532,0.996208074900292
"7353",31,"ndst1a",-0.0141842690510365,0.17615047904058,0.984612275003837
"7354",31,"rbm22",0.0178175485828129,0.488122139529659,0.98487850369265
"7355",31,"rgs14b",-0.000310864050245439,0.976863081188404,0.996208074900292
"7356",31,"adra2db",-0.00348229257879127,0.74161527504342,0.996208074900292
"7357",31,"LOC111569508",0.0175201550321265,0.407975544518307,0.98487850369265
"7358",31,"LOC111569503",0.00690957499845026,0.607523358034007,0.993489446331016
"7359",31,"si:dkeyp-72g9.4",-0.00829540483082544,0.625837022817057,0.993489446331016
"7360",31,"mapk9",0.00960505535937763,0.508835173841209,0.98487850369265
"7361",31,"LOC111573440",0.0388852277540079,0.160639593076814,0.984612275003837
"7362",31,"clk4a",-0.0225625640708621,0.697244764287545,0.993489446331016
"7363",31,"col23a1a",-0.00159655633335685,0.895106088567285,0.996208074900292
"7364",31,"rack1",-0.00852381843584635,0.688759889520876,0.993489446331016
"7365",31,"nme5",0.0098716872613728,0.514009854690095,0.98487850369265
"7366",31,"hnrnpaba",-0.00485018788215903,0.687754549666464,0.993489446331016
"7367",31,"ctbp1",0.00404742977146158,0.880532713226223,0.996208074900292
"7368",31,"kdm3b",-0.00210787315424653,0.952781970692809,0.996208074900292
"7369",31,"reep2",-0.00361178922809353,0.859484662828074,0.996208074900292
"7370",31,"LOC118470812",0.00892298465925429,0.340841700847866,0.984612275003837
"7371",31,"egr1",0.00363598865519542,0.719309264449339,0.993489446331016
"7372",31,"LOC111573462",0.00514173683298463,0.719309264449339,0.993489446331016
"7373",31,"LOC129350418",0.00363598865519542,0.719309264449339,0.993489446331016
"7374",31,"c1qtnf2",-0.0203295835957858,0.012248839713383,0.285431162031599
"7375",31,"slu7",-0.0205974751376341,0.0508854706472867,0.771664516782755
"7376",31,"nsd1a",-0.0253762172071031,0.0909005178172624,0.964667868932546
"7377",31,"si:ch1073-44g3.1",-0.0127558511934456,0.572791124472857,0.993489446331016
"7378",31,"atp5po",0.0164242920216266,0.496006679647049,0.98487850369265
"7379",31,"LOC111583211",0.014401104393868,0.175339657692246,0.984612275003837
"7380",31,"sfxn1",0.0228320015393557,0.514945766505557,0.98487850369265
"7381",31,"atp7a",0.0209376673937727,0.346278256690186,0.98487850369265
"7382",31,"fbxl3l",0.00624030282212142,0.524188473119959,0.98487850369265
"7383",31,"gabrb2a",0.0583230708210074,0.17430495194868,0.984612275003837
"7384",31,"nudcd2",-0.0334367472818984,0.164904058992987,0.984612275003837
"7385",31,"ccng1",-0.0359191456871281,0.332074509617433,0.984612275003837
"7386",31,"LOC111567554",-0.0559821797259205,0.12521719289618,0.984612275003837
"7387",31,"LOC111567550",0.00698390415225692,0.740566110060263,0.996208074900292
"7388",31,"hspa4b",-0.00210950878247988,0.887609845580496,0.996208074900292
"7389",31,"gnpda1",0.00363598865519542,0.719309264449339,0.993489446331016
"7390",31,"LOC111565143",-0.0417005624775638,0.343228260860496,0.984612275003837
"7391",31,"nr3c1",-0.00490068151838992,0.869098904808041,0.996208074900292
"7392",31,"LOC111565145",-0.0145811121285121,0.676790822473827,0.993489446331016
"7393",31,"sh3rf2",0.0282674486554801,0.325149984400395,0.984612275003837
"7394",31,"kif3a",0.000594102691025634,0.951012070786246,0.996208074900292
"7395",31,"atrx",0.0148747837788451,0.648412630235638,0.993489446331016
"7396",31,"zdhhc15b",0.00803227292877228,0.776720069658251,0.996208074900292
"7397",31,"uprt",-0.01519380805375,0.437897310233828,0.98487850369265
"7398",31,"abcb7",-0.00116544533353773,0.927216989015396,0.996208074900292
"7399",31,"nexmifb",0.0258876872920401,0.542014695956135,0.993489446331016
"7400",31,"rlim",0.000905891841265474,0.96628346707111,0.996208074900292
"7401",31,"LOC111566180",-0.0203295835957858,0.012248839713383,0.285431162031599
"7402",31,"LOC111566167",0.00455070047912524,0.831171482234412,0.996208074900292
"7403",31,"tmem129",0.0360892271144329,0.244205668897619,0.984612275003837
"7404",31,"ccdc142",-0.0295731015835145,0.393778601193873,0.98487850369265
"7405",31,"slbp",0.0163188332495558,0.375339108887349,0.98487850369265
"7406",31,"immt",0.0484165866267081,0.267525762298046,0.984612275003837
"7407",31,"rnf103",-0.0284575106107512,0.173855278582479,0.984612275003837
"7408",31,"abhd18",0.024654624650307,0.378107784970389,0.98487850369265
"7409",31,"pcdh10b",-0.0476170346336477,0.104727524824689,0.984612275003837
"7410",31,"nocta",0.00484383478574948,0.796734841411661,0.996208074900292
"7411",31,"elf2a",-0.0155773886396068,0.178066419879047,0.984612275003837
"7412",31,"mgarpa",-0.0138968451696059,0.754895051970766,0.996208074900292
"7413",31,"ndufc1",0.0168143412363156,0.374555942149092,0.98487850369265
"7414",31,"naa15a",-0.00390847570843253,0.735581917681591,0.996208074900292
"7415",31,"slc44a1b",-0.0338912535499692,0.300455935938002,0.984612275003837
"7416",31,"tgfbi",0.00363598865519542,0.719309264449339,0.993489446331016
"7417",31,"LOC111564009",-0.00436214105792137,0.622558583151933,0.993489446331016
"7418",31,"rnf130",-0.00345956771927703,0.783318885884307,0.996208074900292
"7419",31,"slitrk2",0.00907424092642594,0.340841700847866,0.984612275003837
"7420",31,"igbp1",0.0204591099994157,0.147788013550856,0.984612275003837
"7421",31,"LOC111584966",0.0121606970187194,0.322270354968955,0.984612275003837
"7422",31,"rint1",-0.00658342912212097,0.817354097833938,0.996208074900292
"7423",31,"hspa14",-0.00648103034620688,0.390564804880399,0.98487850369265
"7424",31,"enpp6",-0.00153565675829535,0.895106088567285,0.996208074900292
"7425",31,"LOC111583589",-0.0163639643761164,0.584683178342613,0.993489446331016
"7426",31,"csnk1a1",0.0502067274402994,0.302499065659429,0.984612275003837
"7427",31,"fbxo38",-0.00188664782425252,0.947372545656787,0.996208074900292
"7428",31,"cep162",0.0181578811195978,0.443778687390502,0.98487850369265
"7429",31,"LOC129350375",0.0046516877290128,0.818425525364264,0.996208074900292
"7430",31,"slitrk4",0.0281582199921069,0.528567938000928,0.988623504288518
"7431",31,"irf2b",0.0103425806650856,0.524188473119959,0.98487850369265
"7432",31,"st3gal5",0.0225993543043912,0.504928534556044,0.98487850369265
"7433",31,"polr1a",-0.0266836459465826,0.158639213684063,0.984612275003837
"7434",31,"ptcd3",-0.0203295835957858,0.012248839713383,0.285431162031599
"7435",31,"LOC111580984",0.017491780554284,0.330283357143538,0.984612275003837
"7436",31,"snx25",-0.00670810739195673,0.543439081152026,0.993489446331016
"7437",31,"LOC129350310",0.00109419618604001,0.933336516293536,0.996208074900292
"7438",31,"il1rapl2",0.0231445689996933,0.783682009173278,0.996208074900292
"7439",31,"LOC111566488",-0.000293977023095923,0.976863081188404,0.996208074900292
"7440",31,"myot",-0.0202369367582259,0.0902016415394123,0.964667868932546
"7441",31,"hdac3",-0.00778214919608235,0.55494006782744,0.993489446331016
"7442",31,"rab33a",0.060706290232678,0.0308572012882242,0.575298431575657
"7443",31,"fmr1",-0.0358518555993749,0.464481441755649,0.98487850369265
"7444",31,"aff2",0.0714861733292199,0.0607381937791291,0.827937100536545
"7445",31,"LOC129350302",-0.000267891541848369,0.976863081188404,0.996208074900292
"7446",31,"LOC111565188",0.0244427687862637,0.230031315233715,0.984612275003837
"7447",31,"commd5",-0.0135257469037465,0.203634098648585,0.984612275003837
"7448",31,"fam199x",-0.00497700647700358,0.795625478109768,0.996208074900292
"7449",31,"smim19",0.00111165444053746,0.953215422557567,0.996208074900292
"7450",31,"LOC129350420",-0.0161984077091706,0.012248839713383,0.285431162031599
"7451",31,"syvn1",0.016141026624911,0.131438966266534,0.984612275003837
"7452",31,"ap1ar",0.0367381708002872,0.0726859786873678,0.899192048647342
"7453",31,"gabra4",-0.000146850099061202,0.996505789441986,0.999816729949705
"7454",31,"LOC111573063",-0.0387099351590355,0.351535811367641,0.98487850369265
"7455",31,"guf1",-0.00031535838277633,0.981267862577493,0.99678337426189
"7456",31,"pigg",-0.0129803166218428,0.593600243398708,0.993489446331016
"7457",31,"LOC118470107",0.00812054596448869,0.278445653267887,0.984612275003837
"7458",31,"fnta",-0.0321389014378931,0.0122488397133829,0.285431162031599
"7459",31,"aup1",-0.0288911236088056,0.094642776656867,0.972275180017018
"7460",31,"ctsf",-0.0551456194600399,0.0439522578558068,0.712567952936595
"7461",31,"nrg2b",-0.0054647414001717,0.881891375965225,0.996208074900292
"7462",31,"purab",-0.00567659126221919,0.719082225954015,0.993489446331016
"7463",31,"psd2",0.0136252259374198,0.636294148881217,0.993489446331016
"7464",31,"zgc:92242",0.00450774868916627,0.719309264449339,0.993489446331016
"7465",31,"zgc:110843",-0.00133170859289345,0.950983621462655,0.996208074900292
"7466",31,"ube2d2",0.0118838116181543,0.550243788373841,0.993489446331016
"7467",31,"ppp3cb",-0.00904866119821972,0.80429540336774,0.996208074900292
"7468",31,"LOC129350293",0.0102344665280609,0.340841700847866,0.984612275003837
"7469",31,"si:ch211-39i2.2",0.00803921022558703,0.340841700847865,0.984612275003837
"7470",31,"brd8b",-0.0135207777604487,0.281557795691213,0.984612275003837
"7471",31,"gpc3",-0.00883282977387603,0.836770079455204,0.996208074900292
"7472",31,"cab39l1",-0.00301600612699979,0.701444333068847,0.993489446331016
"7473",31,"hprt1",-0.00590211641558988,0.623528398189611,0.993489446331016
"7474",31,"pabir2",-0.0317284679799718,0.0123391990466123,0.286211403564007
"7475",31,"mospd1",-0.00635848736789212,0.518609468488382,0.98487850369265
"7476",31,"ints6l",-0.0171267204240308,0.365589039104936,0.98487850369265
"7477",31,"mmgt1",-0.0258103522364236,0.130211419505114,0.984612275003837
"7478",31,"pfdn6",-0.010303502847442,0.311614148189315,0.984612275003837
"7479",31,"micu3b",-0.036199080305665,0.00465160131843548,0.285431162031599
"7480",31,"LOC129350354",0.00819685807292726,0.486109756564074,0.98487850369265
"7481",31,"zdhhc2",0.0250688671121627,0.524188473119959,0.98487850369265
"7482",31,"cnot7",0.0238613906595881,0.375473098265206,0.98487850369265
"7483",31,"mtmr7a",0.0151753374144854,0.650969846506638,0.993489446331016
"7484",31,"mtus1a",0.00663117393854112,0.531904892162341,0.99066996540821
"7485",31,"sybl1",0.0169319850854082,0.191672549797037,0.984612275003837
"7486",31,"LOC111569859",0.00945654432045005,0.899815615548257,0.996208074900292
"7487",31,"LOC111569860",-0.00252514917281885,0.827683099397776,0.996208074900292
"7488",31,"LOC111569872",-0.00305531378923922,0.883892307379306,0.996208074900292
"7489",31,"hmgn7",-0.0357634366434076,0.141519494803012,0.984612275003837
"7490",31,"sh3bgrl",-0.0161984077091706,0.012248839713383,0.285431162031599
"7491",31,"rps6kal",-0.0224535187613064,0.373779155022282,0.98487850369265
"7492",31,"si:ch211-26b3.4",-0.0176175677063912,0.672382584241372,0.993489446331016
"7493",31,"apool",-0.0112837739844172,0.684894693237188,0.993489446331016
"7494",31,"LOC111571060",0.0133691385673808,0.48403209076767,0.98487850369265
"7495",31,"tenm1",-0.0080711015232089,0.866335678993147,0.996208074900292
"7496",31,"LOC111583145",0.0515800916071585,0.217951052392354,0.984612275003837
"7497",31,"asb12b",0.00745886230124105,0.471185348579008,0.98487850369265
"7498",31,"zc4h2",0.0290323386043278,0.375393713329806,0.98487850369265
"7499",31,"efnb1",0.0219855803235917,0.134833646366202,0.984612275003837
"7500",31,"stag2b",0.0159549786503546,0.616670245969011,0.993489446331016
"7501",31,"nxt2",0.0063860785295063,0.340841700847866,0.984612275003837
"7502",31,"acsl4a",-0.0333169834332605,0.482397870740654,0.98487850369265
"7503",31,"LOC111583182",0.0104729520438932,0.340841700847866,0.984612275003837
"7504",31,"tenm2a",0.00710094995052023,0.919159233821969,0.996208074900292
"7505",31,"cyfip2",-0.0149464910851833,0.733035801466275,0.996208074900292
"7506",31,"itk",-0.000310864050245439,0.976863081188404,0.996208074900292
"7507",31,"lonrf1",-0.010875570089625,0.610213619432474,0.993489446331016
"7508",31,"gria1a",0.0399516106679365,0.330881417390925,0.984612275003837
"7509",31,"tmsb2",-0.00045965804518471,0.985530931167219,0.996956250321918
"7510",31,"LOC111588070",0.0216776890543335,0.279025548792674,0.984612275003837
"7511",31,"LOC111588045",0.00824768152220368,0.499725627609011,0.98487850369265
"7512",31,"lcp2b",0.0102344665280609,0.340841700847866,0.984612275003837
"7513",31,"foxi3b",0.00358580531345942,0.719309264449339,0.993489446331016
"7514",31,"ablim3",0.0112751772638206,0.545693300985025,0.993489446331016
"7515",31,"il12ba",0.0063578934938849,0.524188473119959,0.98487850369265
"7516",31,"ebf1a",-0.0130936118670129,0.213608692123271,0.984612275003837
"7517",31,"clint1a",0.00945475762669632,0.340841700847866,0.984612275003837
"7518",31,"adam19b",0.00943634442644715,0.340841700847866,0.984612275003837
"7519",31,"ppp2r2ba",-0.0074531530032322,0.705418761480216,0.993489446331016
"7520",31,"rpl26",-0.0144118020811553,0.601293383171963,0.993489446331016
"7521",31,"LOC111588049",0.0190082852998123,0.169162511049308,0.984612275003837
"7522",31,"stc2a",0.00363598865519542,0.719309264449339,0.993489446331016
"7523",31,"LOC111588044",0.0394161934471716,0.197408201828651,0.984612275003837
"7524",31,"faf2",0.00949430890978564,0.657661895837818,0.993489446331016
"7525",31,"rnf44",-0.005982965758544,0.851610685591488,0.996208074900292
"7526",31,"LOC111580816",0.0139136086626379,0.244408350311558,0.984612275003837
"7527",31,"sncb",0.0246856555022285,0.745259436326742,0.996208074900292
"7528",31,"ctnna1",0.00958806222357229,0.355395637133677,0.98487850369265
"7529",31,"lrrtm2",0.0468064742762603,0.24947354262152,0.984612275003837
"7530",31,"tspan17",0.00328368055506938,0.891781959253642,0.996208074900292
"7531",31,"dctn4",-0.00752648576671204,0.754021122803836,0.996208074900292
"7532",31,"gpx3",-0.012477913014222,0.587599740062639,0.993489446331016
"7533",31,"tnip1",-0.000423355567649564,0.984961426732463,0.996956250321918
"7534",31,"rmnd5b",-0.0248800262000347,0.110873042642361,0.984612275003837
"7535",31,"ankhd1",0.0300711208178507,0.286206402200129,0.984612275003837
"7536",31,"higd2a",0.021246710865638,0.261374216837896,0.984612275003837
"7537",31,"cltb",-0.042730021506803,0.0284250076486809,0.546638040644123
"7538",31,"unc5a",0.0211345560950302,0.354376779714715,0.98487850369265
"7539",31,"LOC111578772",0.00450134969531592,0.788669912229665,0.996208074900292
"7540",31,"fam193b",0.0164641401991865,0.210277039431907,0.984612275003837
"7541",31,"mxd3",0.0170009611002302,0.288393867500916,0.984612275003837
"7542",31,"prelid1a",-0.0165733294613208,0.19741955847826,0.984612275003837
"7543",31,"ergic1",-0.00840339389334033,0.515064509090742,0.98487850369265
"7544",31,"neurl1b",-0.000310864050245439,0.976863081188404,0.996208074900292
"7545",31,"vma21",-0.0204927000586366,0.0542661515038436,0.791890700045281
"7546",31,"gria3b",0.00744971139040777,0.255140067524178,0.984612275003837
"7547",31,"nlgn3a",-0.103475757586263,0.0553414598690268,0.796960704901046
"7548",31,"plp1a",0.00815190899562709,0.340841700847866,0.984612275003837
"7549",31,"cetn2",-0.0115444355720238,0.169215859265765,0.984612275003837
"7550",31,"ogt.1",-0.0143682792755129,0.76420588628655,0.996208074900292
"7551",31,"rhogd",-0.00225809728591952,0.895106088567285,0.996208074900292
"7552",31,"LOC118469985",0.00943634442644715,0.340841700847866,0.984612275003837
"7553",31,"kctd12b",-0.0184142095232941,0.442491896089352,0.98487850369265
"7554",31,"znf711",0.0179150339809003,0.593875226332574,0.993489446331016
"7555",31,"zgc:66447",-0.037212575693566,0.00244304512158569,0.285431162031599
"7556",31,"tmsb1",-0.0687080675857125,0.0481273159004602,0.745839372597382
"7557",31,"prps1b",0.00182466208806648,0.818851069165557,0.996208074900292
"7558",31,"frmpd3",-0.0669300811109472,0.0625086885516068,0.839580050315665
"7559",31,"LOC111585923",0.00613611125152021,0.641557049504002,0.993489446331016
"7560",31,"btg4",0.00108158740605322,0.943209138520056,0.996208074900292
"7561",31,"slc25a14",-0.0492352312863168,0.172611860862973,0.984612275003837
"7562",31,"LOC111569370",0.0379747146953119,0.430820121560586,0.98487850369265
"7563",31,"LOC111569371",0.0298903761082584,0.375346585486588,0.98487850369265
"7564",31,"pof1b",0.00697683070151568,0.524188473119959,0.98487850369265
"7565",31,"LOC111585289",-0.0264584838055337,0.012248839713383,0.285431162031599
"7566",31,"LOC118469207",0.00450774868916627,0.719309264449339,0.993489446331016
"7567",31,"LOC129350431",-0.0137068700628145,0.235779941643124,0.984612275003837
"7568",31,"klf8",0.00347786328448517,0.859989018939693,0.996208074900292
"7569",31,"rbm41",-0.00288403905631593,0.876264748515152,0.996208074900292
"7570",31,"zbtb16a",0.00505464654546434,0.601943988275921,0.993489446331016
"7571",31,"LOC111585516",0.00194108944227002,0.975647906232868,0.996208074900292
"7572",31,"LOC111578539",0.0175027896684694,0.128480623267424,0.984612275003837
"7573",31,"cadm1a",-0.0474145969541779,0.531177426117578,0.990177713240833
"7574",31,"LOC129350539",0.029718813698161,0.010287147584697,0.285431162031599
"7575",31,"LOC111564169",0.0161413936637303,0.13049974182478,0.984612275003837
"7576",31,"LOC111572858",-0.0188922767553411,0.570204742737055,0.993489446331016
"7577",31,"ncbp3",0.0251191011473768,0.331465066904315,0.984612275003837
"7578",31,"pcf11",-0.0186693162847648,0.503370581720787,0.98487850369265
"7579",31,"alg8",0.0057584340670048,0.72878570437615,0.996208074900292
"7580",31,"guca1d",0.0102591355172879,0.169836425044872,0.984612275003837
"7581",31,"LOC129350490",0.0133347241954006,0.524188473119959,0.98487850369265
"7582",31,"LOC111585778",0.010243640493555,0.522685675615198,0.98487850369265
"7583",31,"ap2b1",-0.0375598811975384,0.268564617205807,0.984612275003837
"7584",31,"LOC111583677",-0.0073435501593585,0.199956489799523,0.984612275003837
"7585",31,"pom121",-0.00091992371125061,0.929096646229098,0.996208074900292
"7586",31,"tbl2",0.0124796054595605,0.202156043110942,0.984612275003837
"7587",31,"mybbp1a",-0.0240895836195522,0.0158892319678585,0.357563470967932
"7588",31,"LOC111568606",0.00603432159594661,0.874835846619716,0.996208074900292
"7589",31,"psmg1",0.0102400182259485,0.252770213021432,0.984612275003837
"7590",31,"ccdc15",-0.000918844104650805,0.936381687400431,0.996208074900292
"7591",31,"slc37a2",-0.0267234531365363,0.184382643088528,0.984612275003837
"7592",31,"trim37",-0.0470142208477855,0.0414126153649159,0.68569134275683
"7593",31,"ppm1e",-0.000929574176726475,0.983912961069578,0.996956250321918
"7594",31,"LOC111568433",0.0136184374267356,0.318541312324316,0.984612275003837
"7595",31,"ttc3",-0.00577405257554669,0.749613351166478,0.996208074900292
"7596",31,"rabgef1",-0.00778148548055676,0.591299858173014,0.993489446331016
"7597",31,"LOC111563001",0.0312640696770008,0.117956487211255,0.984612275003837
"7598",31,"kctd7",0.00796376696413064,0.470020639472314,0.98487850369265
"7599",31,"pgk1",-0.00434907208472999,0.930382080468521,0.996208074900292
"7600",31,"LOC111563009",-0.0353540411337575,0.124368984077953,0.984612275003837
"7601",31,"pgrmc1",-0.00180888320471101,0.931047543152783,0.996208074900292
"7602",31,"rab24",0.0237432493073887,0.208058563968752,0.984612275003837
"7603",31,"nsd1b",-0.000456476875647736,0.984529881268749,0.996956250321918
"7604",31,"znf346",0.00836754521361748,0.619218444479783,0.993489446331016
"7605",31,"larp1",-0.0129587674549125,0.680821709315585,0.993489446331016
"7606",31,"faxdc2",-0.0239695291957865,0.176016122720747,0.984612275003837
"7607",31,"LOC111583370",0.0228915595246676,0.517884063381529,0.98487850369265
"7608",31,"LOC111583372",-0.0161984077091706,0.012248839713383,0.285431162031599
"7609",31,"LOC118471797",0.0063860785295063,0.340841700847866,0.984612275003837
"7610",31,"txndc15",-0.00186200542945209,0.891592114907928,0.996208074900292
"7611",31,"c14h5orf24",0.00341159843841446,0.843584548023798,0.996208074900292
"7612",31,"ddx46",0.0236051807485831,0.265396684735466,0.984612275003837
"7613",31,"camlg",-0.00730779608946855,0.660981487368363,0.993489446331016
"7614",31,"sec24a",-0.000267891541848369,0.976863081188404,0.996208074900292
"7615",31,"sar1b",-0.00558685555369399,0.891129476139404,0.996208074900292
"7616",31,"jade2",0.0496321730568143,0.0245780485484149,0.494142051301751
"7617",31,"cdkn2aipnl",-0.00517035059789491,0.895106088567285,0.996208074900292
"7618",31,"ube2b",-0.0383943328221077,0.137342016390843,0.984612275003837
"7619",31,"ppp2cab",-0.0172440191791273,0.445019447770872,0.98487850369265
"7620",31,"skp1",-0.0122709730356083,0.635681701686997,0.993489446331016
"7621",31,"tcf7",-0.0744020684033002,0.107371444639669,0.984612275003837
"7622",31,"vdac1",0.0160196724180599,0.636521869682704,0.993489446331016
"7623",31,"c14h5orf15",-0.0147786394976626,0.693807437207695,0.993489446331016
"7624",31,"fstl4",-0.0443681480676225,0.282292272434077,0.984612275003837
"7625",31,"rapgef6",-0.0190817915358805,0.465620549512442,0.98487850369265
"7626",31,"fnip1",0.019277241858044,0.149497616704935,0.984612275003837
"7627",31,"acsl6",-0.0339042234408673,0.321094425200832,0.984612275003837
"7628",31,"pdlim4",-0.0256989846421823,0.012248839713383,0.285431162031599
"7629",31,"LOC111563190",-0.00662162998598612,0.605989822337847,0.993489446331016
"7630",31,"jakmip2",-0.0424323663816246,0.0234793307311363,0.480333931879242
"7631",31,"dpysl3",0.0390136651553979,0.295957049297997,0.984612275003837
"7632",31,"LOC111575683",0.00724054473632317,0.665516232507985,0.993489446331016
"7633",31,"stk32a",-0.00905530490142711,0.692415937885049,0.993489446331016
"7634",31,"stk10",0.00990010091545243,0.524188473119959,0.98487850369265
"7635",31,"sh3pxd2b",-0.0286414589286489,0.0292432107880836,0.554885598785131
"7636",31,"LOC111575939",-0.00569854590954536,0.823902486988678,0.996208074900292
"7637",31,"gabra6b",-0.00881352640040195,0.485124342505092,0.98487850369265
"7638",31,"gabra1",0.0404291319714104,0.220119808715173,0.984612275003837
"7639",31,"gabrg2",-0.0151567236442568,0.746582831726267,0.996208074900292
"7640",31,"ccni2",0.00538027436815882,0.713840974566347,0.993489446331016
"7641",31,"septin8a",-0.0504728942372517,0.342413890356924,0.984612275003837
"7642",31,"shroom1",0.0157800010711896,0.195723990303263,0.984612275003837
"7643",31,"aff4",0.0570925773198437,0.183335878726227,0.984612275003837
"7644",31,"zcchc10",0.00697683070151568,0.524188473119959,0.98487850369265
"7645",31,"hspa4a",0.0292184140688494,0.470776656913535,0.98487850369265
"7646",31,"LOC111579558",-0.0179126034927828,0.384359880812053,0.98487850369265
"7647",31,"spry4",0.013533958665502,0.606936404425834,0.993489446331016
"7648",31,"LOC111584545",0.0131763064648412,0.374085473003773,0.98487850369265
"7649",31,"LOC111574492",-0.0108320732524309,0.554060047280179,0.993489446331016
"7650",31,"yipf5",0.0122151300478599,0.560276549464579,0.993489446331016
"7651",31,"kctd16b",-0.0025762301125307,0.926594574199568,0.996208074900292
"7652",31,"lars1b",-0.0236404769849878,0.204501646300563,0.984612275003837
"7653",31,"rbm27",0.0088556620633323,0.562278659829564,0.993489446331016
"7654",31,"rad50",0.020177580954493,0.0909444653109927,0.964667868932546
"7655",31,"drd1b",0.04971700475625,0.479607707751139,0.98487850369265
"7656",31,"nsg2",-0.0251930605740425,0.193230572721076,0.984612275003837
"7657",31,"cpeb4b",-0.0514961847443471,0.0954925101906872,0.974963766271218
"7658",31,"LOC111573066",0.0139649680114003,0.635996278927745,0.993489446331016
"7659",31,"snx12",0.014091294795276,0.109981437186746,0.984612275003837
"7660",31,"slc7a3a",9.98286154421225e-05,0.996885607026692,0.999816729949705
"7661",31,"LOC129350568",-0.0161984077091706,0.012248839713383,0.285431162031599
"7662",31,"LOC111573051",0.0103128303721579,0.722370611102459,0.995088572173123
"7663",31,"LOC111582687",-0.0476726036263108,0.285501448804355,0.984612275003837
"7664",31,"LOC111582688",0.00997792378744232,0.558010830138288,0.993489446331016
"7665",31,"dpp3",0.0190865630803428,0.261638750503764,0.984612275003837
"7666",31,"ehbp1l1b",-0.000310864050245439,0.976863081188404,0.996208074900292
"7667",31,"LOC111567417",-0.016528422392859,0.343190023630074,0.984612275003837
"7668",31,"fgf13b",-0.0216769651909628,0.545837729812284,0.993489446331016
"7669",31,"LOC111567431",-0.0170248587004405,0.422164554712012,0.98487850369265
"7670",31,"LOC111567432",0.00363598865519542,0.719309264449339,0.993489446331016
"7671",31,"ubtd2",0.00450774868916627,0.719309264449339,0.993489446331016
"7672",31,"ublcp1",0.00599124378204718,0.524188473119959,0.98487850369265
"7673",31,"LOC111567424",-0.0582196986081623,0.100346749457686,0.984612275003837
"7674",31,"LOC111567423",-3.50030870969815e-05,0.997521353472853,0.999816729949705
"7675",31,"LOC111584673",0.0123667542579457,0.168597186725602,0.984612275003837
"7676",31,"tcerg1b",0.00911928206434244,0.63534987597371,0.993489446331016
"7677",31,"LOC111584671",0.0059255433851747,0.843434157870993,0.996208074900292
"7678",31,"crebrf",-0.0149185870694147,0.794392195941897,0.996208074900292
"7679",31,"bod1",-0.00153565675829535,0.895106088567285,0.996208074900292
"7680",31,"tpst1l",-0.0155093968030736,0.140846591753496,0.984612275003837
"7681",31,"asl",0.00697683070151568,0.524188473119959,0.98487850369265
"7682",31,"unc119b",-0.0172394175462039,0.131015366026701,0.984612275003837
"7683",31,"LOC129350567",0.0226269340802894,0.527275578699522,0.98759170299414
"7684",31,"LOC111580874",0.00976799455736719,0.172348803833512,0.984612275003837
"7685",31,"ccdc92bb",0.00607279640152212,0.414002779872068,0.98487850369265
"7686",31,"LOC111580867",-0.00713790873831396,0.207124441410705,0.984612275003837
"7687",31,"LOC111580877",0.019265217334418,0.578043292103603,0.993489446331016
"7688",31,"mntb",-0.0280944987521104,0.0383621458623538,0.656843702602762
"7689",31,"mrps17",-0.00819487111954133,0.246745105933506,0.984612275003837
"7690",31,"LOC111587401",0.0100711066825734,0.470931445792337,0.98487850369265
"7691",31,"cct6a",-0.00638823926759995,0.73112879558555,0.996208074900292
"7692",31,"LOC111579986",0.00181907270333253,0.928284371625149,0.996208074900292
"7693",31,"mettl27",-0.03848928919644,0.012248839713383,0.285431162031599
"7694",31,"caln2",0.0310745779032906,0.430992713080029,0.98487850369265
"7695",31,"sdf2",-0.0232819234359949,0.0422623568573582,0.696785670191946
"7696",31,"supt6h",-0.000542053784733517,0.986956703893261,0.99771160608264
"7697",31,"LOC118469606",-0.00821650424706144,0.386592229752551,0.98487850369265
"7698",31,"nsrp1",-0.00575030088613695,0.805732382893891,0.996208074900292
"7699",31,"ssh2b",0.00350477902280377,0.909590812044538,0.996208074900292
"7700",31,"taok1b",-0.0325298264194701,0.168244226479181,0.984612275003837
"7701",31,"smg6",0.014401858599669,0.134694638391617,0.984612275003837
"7702",31,"LOC129350540",0.0132610165012797,0.420372207926507,0.98487850369265
"7703",31,"LOC111588258",-0.00324059027219074,0.964681459331687,0.996208074900292
"7704",31,"LOC111588250",0.0182088971866582,0.306125308442518,0.984612275003837
"7705",31,"waif2",-0.00037492175215017,0.976863081188404,0.996208074900292
"7706",31,"ubl3a",-0.0172433021350867,0.438257595124563,0.98487850369265
"7707",31,"hmgb1a",-0.011100655648491,0.761316594877674,0.996208074900292
"7708",31,"uspl1",-0.0123716182037837,0.681685412799205,0.993489446331016
"7709",31,"b3glctb",0.00356677400594851,0.865946288720715,0.996208074900292
"7710",31,"fryb",0.00159108907856473,0.949928100130906,0.996208074900292
"7711",31,"pds5b",-0.0153202743147385,0.607135096273823,0.993489446331016
"7712",31,"rfc3",-0.0161984077091706,0.012248839713383,0.285431162031599
"7713",31,"nbeaa",0.0064258921953796,0.795327311606488,0.996208074900292
"7714",31,"LOC118469568",0.00412148679313237,0.719309264449339,0.993489446331016
"7715",31,"LOC111588257",0.0100341384821296,0.747341373355594,0.996208074900292
"7716",31,"dclk1a",0.0185675850559643,0.741279263592888,0.996208074900292
"7717",31,"sparta",-0.000329071011677992,0.976863081188404,0.996208074900292
"7718",31,"rfxap",0.00504426447264912,0.628038454007705,0.993489446331016
"7719",31,"alg5",0.00484421138969396,0.817773150342085,0.996208074900292
"7720",31,"supt20",0.000783336653054935,0.967182841185018,0.996208074900292
"7721",31,"LOC111566038",0.0063578934938849,0.524188473119959,0.98487850369265
"7722",31,"LOC111565880",0.0042398571473179,0.762139634165619,0.996208074900292
"7723",31,"ufm1",-0.0359780798953015,0.314248238299862,0.984612275003837
"7724",31,"frem2a",-0.0100037888228812,0.786748361701001,0.996208074900292
"7725",31,"trim47",-0.0388307530947672,0.0789530291778877,0.925655678776035
"7726",31,"trim3b",0.0632040246133694,0.00702205420938188,0.285431162031599
"7727",31,"LOC118470036",0.00801825418046347,0.588252378449912,0.993489446331016
"7728",31,"arfip2b",-0.0138552855092952,0.459733979995511,0.98487850369265
"7729",31,"dchs1b",0.0114624925549436,0.822258445659215,0.996208074900292
"7730",31,"synj1",0.0336229844983285,0.205530100904917,0.984612275003837
"7731",31,"cfap298",0.00948006085193396,0.317271612749021,0.984612275003837
"7732",31,"scaf4a",0.0159244543637373,0.335324777458374,0.984612275003837
"7733",31,"sod1",0.00255727883352138,0.918906295971183,0.996208074900292
"7734",31,"tiam1a",0.00464461301613633,0.786126349749368,0.996208074900292
"7735",31,"grm5a",-0.00336265593498869,0.471062063435523,0.98487850369265
"7736",31,"chordc1b",0.00790523661605909,0.741789467525924,0.996208074900292
"7737",31,"mtnr1bb",-0.00573329671304245,0.928492323942631,0.996208074900292
"7738",31,"tpte",-0.016121515835552,0.012248839713383,0.285431162031599
"7739",31,"vps36",0.0121365961668278,0.169639394423469,0.984612275003837
"7740",31,"proser1",0.0285202498049248,0.157494630491783,0.984612275003837
"7741",31,"mtus2a",0.0105043815770765,0.797791794533694,0.996208074900292
"7742",31,"LOC118470025",-0.033282579540936,0.046471107292277,0.733191750600291
"7743",31,"paxbp1",-0.0105945347426829,0.597984336408573,0.993489446331016
"7744",31,"cadm2a",0.0601201882193246,0.319926546183518,0.984612275003837
"7745",31,"ltn1",0.00524162752066705,0.596010077499067,0.993489446331016
"7746",31,"tmem135",0.0303143607315059,0.169769836730305,0.984612275003837
"7747",31,"pitpnab",-0.0269274609260476,0.542789393091519,0.993489446331016
"7748",31,"slc25a1a",-0.0126537618902306,0.583309050867403,0.993489446331016
"7749",31,"si:dkey-175g6.2",-0.0170705550146884,0.48334097616173,0.98487850369265
"7750",31,"cct8",0.00358580531345942,0.719309264449339,0.993489446331016
"7751",31,"aldocb",0.0386664072058417,0.287310044409481,0.984612275003837
"7752",31,"pigs",0.00265030879758068,0.792143165766411,0.996208074900292
"7753",31,"srsf1b",0.00410119173604272,0.825574786483152,0.996208074900292
"7754",31,"LOC111577739",0.00586932800128343,0.740339414496808,0.996208074900292
"7755",31,"heatr6",-0.0268662838142036,0.0246210126722948,0.494231188650274
"7756",31,"rpl23a",-0.0366715913464953,0.371820587395936,0.98487850369265
"7757",31,"birc2",0.00144534634710871,0.907922331997293,0.996208074900292
"7758",31,"snrnp35",0.00697683070151568,0.524188473119959,0.98487850369265
"7759",31,"layna",-0.00153565675829535,0.895106088567285,0.996208074900292
"7760",31,"alg9",0.0218435263438943,0.203284915088385,0.984612275003837
"7761",31,"si:dkey-71l1.1",-0.0236148674166856,0.012248839713383,0.285431162031599
"7762",31,"mia",0.00298333849782732,0.719309264449339,0.993489446331016
"7763",31,"LOC111580654",0.0125585117844962,0.340841700847866,0.984612275003837
"7764",31,"LOC111580661",-0.0478343103533537,0.104863448650839,0.984612275003837
"7765",31,"dlat",-0.047259261169329,0.012248839713383,0.285431162031599
"7766",31,"nrxn2a",-0.0114957034971251,0.825722504655972,0.996208074900292
"7767",31,"LOC118470137",0.00348723777509511,0.795537572958244,0.996208074900292
"7768",31,"nrg2a",-0.00991138071465541,0.808150798259505,0.996208074900292
"7769",31,"puraa",0.0107141540305971,0.748222827648359,0.996208074900292
"7770",31,"zgc:100829",-0.00976126734470065,0.631756392242151,0.993489446331016
"7771",31,"cxxc5a",0.00925020385369228,0.47468866775249,0.98487850369265
"7772",31,"ppp3ca",-0.0358260877622169,0.400422420992218,0.98487850369265
"7773",31,"dnajc18",0.016545708929025,0.532675388754621,0.991194976857661
"7774",31,"brd8a",0.0210889132985195,0.559427477539936,0.993489446331016
"7775",31,"nfrkb",-0.0342098339735621,0.0271237570274596,0.531170124261411
"7776",31,"LOC111567116",-0.0235297042490814,0.511567930683798,0.98487850369265
"7777",31,"sms",-0.0121387404049849,0.475001995877513,0.98487850369265
"7778",31,"si:ch211-244c8.4",-0.0427260750048774,0.00553392440604326,0.285431162031599
"7779",31,"LOC111573816",-0.0138041883656342,0.279932631002573,0.984612275003837
"7780",31,"si:ch211-114c12.2",-0.0260086174097824,0.262149186129634,0.984612275003837
"7781",31,"map7d2a",0.0134396881030325,0.455418889248565,0.98487850369265
"7782",31,"pdha1a",0.00918072523217093,0.680839073391752,0.993489446331016
"7783",31,"prdx4",0.0063578934938849,0.524188473119959,0.98487850369265
"7784",31,"LOC111573810",0.00189316653411355,0.931173774415517,0.996208074900292
"7785",31,"zgc:153704",0.01589981536077,0.182633362648212,0.984612275003837
"7786",31,"LOC111587180",0.000434432776234081,0.987180527609232,0.99771160608264
"7787",31,"arhgap31",-0.00246412158127319,0.946400504093345,0.996208074900292
"7788",31,"b4galt4",0.00909313153806648,0.769242705820528,0.996208074900292
"7789",31,"cdc23",-0.0132148828535011,0.012248839713383,0.285431162031599
"7790",31,"LOC111587192",0.00492464626819758,0.719309264449339,0.993489446331016
"7791",31,"si:dkey-251i10.1",-0.0105946181619507,0.878774589201683,0.996208074900292
"7792",31,"zbtb20",0.0509346321537886,0.417379882390647,0.98487850369265
"7793",31,"LOC111587179",0.028487962248732,0.3502797781511,0.98487850369265
"7794",31,"ephb4a",0.0476691494555673,0.511888474216531,0.98487850369265
"7795",31,"LOC111587186",-0.0377860439121572,0.141461495933196,0.984612275003837
"7796",31,"LOC111587188",0.00987092914657575,0.611828253443358,0.993489446331016
"7797",31,"LOC129350569",0.00435551723502002,0.727566505609187,0.996208074900292
"7798",31,"spag7",0.0294557117915194,0.204622219383207,0.984612275003837
"7799",31,"mepcea",0.00538027436815882,0.713840974566347,0.993489446331016
"7800",31,"LOC111574262",0.0304403942868293,0.406272667003146,0.98487850369265
"7801",31,"LOC111574271",0.0143795940007051,0.500049544428727,0.98487850369265
"7802",31,"LOC111574268",0.00407980065617714,0.819847589395726,0.996208074900292
"7803",31,"il13ra2",0.0137231755776621,0.145515640268238,0.984612275003837
"7804",31,"lrch2",-0.0225342137300433,0.368840366046387,0.98487850369265
"7805",31,"zgc:163098",0.0138585111110679,0.440818744922284,0.98487850369265
"7806",31,"wdr44",0.0200935622397561,0.279884166983188,0.984612275003837
"7807",31,"klhl13",-0.0643853357538193,0.0807935363359744,0.929133735121188
"7808",31,"si:ch1073-224n8.1",-0.0116705773286657,0.264483184309964,0.984612275003837
"7809",31,"ltbp3",-0.0595527122512352,0.000559293409612335,0.285431162031599
"7810",31,"LOC111580634",-0.0263950382443412,0.547796382225891,0.993489446331016
"7811",31,"dpf2",0.0106690962380943,0.600974862728525,0.993489446331016
"7812",31,"LOC111575218",-0.073899302856796,0.0676254557461865,0.873200773327847
"7813",31,"zmp:0000001168",-0.0309989426021954,0.357068417635428,0.98487850369265
"7814",31,"LOC111575209",-0.00128399541377811,0.923691444532822,0.996208074900292
"7815",31,"abcg4a",0.07233205149508,0.0124705095656149,0.288735065339607
"7816",31,"si:ch211-117m20.4",0.0177868604038441,0.460931128882352,0.98487850369265
"7817",31,"dpagt1",0.0181133280184255,0.205686378864086,0.984612275003837
"7818",31,"c2cd2l",0.0527402810280141,0.283860097813787,0.984612275003837
"7819",31,"LOC111575212",-0.0181597056006543,0.012248839713383,0.285431162031599
"7820",31,"phldb1a",0.00803921022558703,0.340841700847865,0.984612275003837
"7821",31,"LOC111575225",-0.00147699990393029,0.889107108888635,0.996208074900292
"7822",31,"LOC111575208",0.0063860785295063,0.340841700847866,0.984612275003837
"7823",31,"LOC118470984",0.0241541403505501,0.545299968376006,0.993489446331016
"7824",31,"LOC129350527",-0.0132148828535011,0.012248839713383,0.285431162031599
"7825",31,"ubash3ba",-0.015445095377158,0.601399343080109,0.993489446331016
"7826",31,"mrps31",-0.0132148828535011,0.012248839713383,0.285431162031599
"7827",31,"taf6",-0.0196209478803983,0.107358873319311,0.984612275003837
"7828",31,"sat2b",0.00437462453442206,0.719309264449339,0.993489446331016
"7829",31,"slc25a35",0.0139857557169568,0.595639568141086,0.993489446331016
"7830",31,"slc25a15b",0.0063578934938849,0.524188473119959,0.98487850369265
"7831",31,"si:ch211-284e13.4",0.0397087836054839,0.131694968829809,0.984612275003837
"7832",31,"slc12a9",-0.0370641097897628,0.012248839713383,0.285431162031599
"7833",31,"gnb2",-0.0108045039596906,0.544224889816215,0.993489446331016
"7834",31,"mink1",0.0037339244368945,0.941461213389981,0.996208074900292
"7835",31,"pld2",-0.0101694422671752,0.290729420453559,0.984612275003837
"7836",31,"atp1b2b",0.00604555122143246,0.719309264449339,0.993489446331016
"7837",31,"LOC111577659",0.0284883052454398,0.57012020590404,0.993489446331016
"7838",31,"srrt",0.0185685712261503,0.412641881277479,0.98487850369265
"7839",31,"rnf167",-0.0259615215116773,0.174056307502893,0.984612275003837
"7840",31,"LOC111577633",-0.0353214146679644,0.442445587179485,0.98487850369265
"7841",31,"nlrc3l1",-0.000267891541848369,0.976863081188404,0.996208074900292
"7842",31,"rnf121",-0.0127470256891564,0.55969226231515,0.993489446331016
"7843",31,"rb1",0.00578998781297993,0.734773803751322,0.996208074900292
"7844",31,"taf1",0.0163279874578207,0.0884895962317698,0.963905736748171
"7845",31,"fam76b",-0.0087071341643348,0.504003436344273,0.98487850369265
"7846",31,"mtmr2",-0.0132148828535011,0.012248839713383,0.285431162031599
"7847",31,"cwc15",-0.0159404937287225,0.012248839713383,0.285431162031599
"7848",31,"si:rp71-1d10.8",0.0161865400964378,0.340841700847866,0.984612275003837
"7849",31,"nlgn3b",-0.0256560789171935,0.135436577497674,0.984612275003837
"7850",31,"gria3a",-0.0209706256215231,0.292226732723074,0.984612275003837
"7851",31,"thoc2",0.0270676328976091,0.233146290676987,0.984612275003837
"7852",31,"stag2a",0.00655117091422033,0.723573498210553,0.996098781090316
"7853",31,"LOC111579859",0.0156699419392394,0.573641398752571,0.993489446331016
"7854",31,"LOC111579861",0.00124348809541091,0.956099535248196,0.996208074900292
"7855",31,"arhgap35b",-0.0263168933930804,0.286922965737857,0.984612275003837
"7856",31,"LOC111579853",0.00487077873985323,0.683976612103047,0.993489446331016
"7857",31,"pafah1b2",0.0192493823529588,0.235948686831557,0.984612275003837
"7858",31,"LOC111579862",-0.0219014432362075,0.714843411801645,0.993489446331016
"7859",31,"rab6a",-0.0057858288502312,0.641506808846503,0.993489446331016
"7860",31,"ppme1",0.0146069692839758,0.0508948453417175,0.771664516782755
"7861",31,"nectin3b",0.00476653397929521,0.739151284999095,0.996208074900292
"7862",31,"itpkca",-0.000310864050245439,0.976863081188404,0.996208074900292
"7863",31,"LOC111568536",0.019480604849257,0.535073871737795,0.992149068677901
"7864",31,"rraga",0.00285869888862458,0.883896334625198,0.996208074900292
"7865",31,"chmp1b",0.00328545775061298,0.853734619910434,0.996208074900292
"7866",31,"LOC111572993",0.00152561102469221,0.898103264883277,0.996208074900292
"7867",31,"npas2",0.0424068407382526,0.476234290303074,0.98487850369265
"7868",31,"LOC129350493",-0.00204057995199585,0.895106088567285,0.996208074900292
"7869",31,"tbc1d8b",-0.00875006618964323,0.693192239538069,0.993489446331016
"7870",31,"LOC111587368",0.00385392759760038,0.713971853566623,0.993489446331016
"7871",31,"LOC111584681",-0.0174822925192884,0.076834811866515,0.916387702187844
"7872",31,"msna",0.0299596514218091,0.213325027490555,0.984612275003837
"7873",31,"zc3h12b",-0.0164590053767006,0.728765439305617,0.996208074900292
"7874",31,"amer1",-0.0301380819083117,0.0938082328148656,0.972275180017018
"7875",31,"gab3",0.0117878976508225,0.29966472031861,0.984612275003837
"7876",31,"aifm1",-0.0111727680474935,0.139034929721865,0.984612275003837
"7877",31,"nufip2",0.0301363923792798,0.289063433295201,0.984612275003837
"7878",31,"msi2b",-0.000245079806406768,0.992961369816331,0.998750879301711
"7879",31,"LOC111571759",0.00514173683298463,0.719309264449339,0.993489446331016
"7880",31,"LOC111571754",0.00193421216187569,0.948127936457484,0.996208074900292
"7881",31,"LOC111571752",-0.0503144711887775,0.0306692762859877,0.57346181766817
"7882",31,"LOC111571749",-0.0161984077091706,0.012248839713383,0.285431162031599
"7883",31,"LOC111571753",-0.00253000995502307,0.922183099624998,0.996208074900292
"7884",31,"acaca",0.0101677354249179,0.616524397223384,0.993489446331016
"7885",31,"LOC111571747",0.0195770965181219,0.802978891165263,0.996208074900292
"7886",31,"LOC111571751",0.00561632202989701,0.695741377452588,0.993489446331016
"7887",31,"LOC111571748",0.0825708464565864,0.0733757829307378,0.904122159128314
"7888",31,"pcdh1a",0.00411206301489155,0.950477583435816,0.996208074900292
"7889",31,"LOC111571977",0.0104303407073557,0.639894733626826,0.993489446331016
"7890",31,"LOC111571975",-0.0327389161074053,0.307872014696741,0.984612275003837
"7891",31,"kcnip1b",0.00580097119087982,0.676503240954711,0.993489446331016
"7892",31,"npm1a",0.0115681700822554,0.209003497509734,0.984612275003837
"7893",31,"fgf11b",-0.000171070364781784,0.996015345632093,0.999816729949705
"7894",31,"nlgn2b",-0.0246457617945526,0.438762239454456,0.98487850369265
"7895",31,"kdm6bb",-0.0145977704020802,0.586515721063221,0.993489446331016
"7896",31,"LOC129350492",0.0123099670622618,0.216373218403735,0.984612275003837
"7897",31,"vamp2",-0.0162179677200727,0.570984067536764,0.993489446331016
"7898",31,"mpp1",0.00609352693005416,0.524188473119959,0.98487850369265
"7899",31,"gabrb4",0.00803047811104224,0.895698304598493,0.996208074900292
"7900",31,"gabra3",0.00454340845419314,0.85415290095176,0.996208074900292
"7901",31,"LOC111571979",-0.0173541654264493,0.389240834459778,0.98487850369265
"7902",31,"LOC129350534",0.0212480850380903,0.377230191178566,0.98487850369265
"7903",31,"ammecr1",0.00345022131832728,0.908200645967604,0.996208074900292
"7904",31,"adssl",-0.0176219067255874,0.324730829669552,0.984612275003837
"7905",31,"esrra",-0.00684485292716434,0.7282815912748,0.996208074900292
"7906",31,"prdx5",0.0216111627802074,0.19997614427296,0.984612275003837
"7907",31,"gng3",-0.0177074260978938,0.513289477538013,0.98487850369265
"7908",31,"si:dkey-175m17.7",0.00589645263316761,0.906550793511252,0.996208074900292
"7909",31,"slc8a4a",0.0107462203315902,0.604338294443169,0.993489446331016
"7910",31,"cnih2",0.0545239021040472,0.166861210174452,0.984612275003837
"7911",31,"tm7sf2",0.0063578934938849,0.524188473119959,0.98487850369265
"7912",31,"vps51",0.00757049248466011,0.467289356605819,0.98487850369265
"7913",31,"frmd8",0.00115838039545169,0.955912356033324,0.996208074900292
"7914",31,"flrt1a",-0.0563310544063573,0.142330730973899,0.984612275003837
"7915",31,"rps6ka4",0.0225862189767396,0.220236977354138,0.984612275003837
"7916",31,"stip1",-0.0107877361504642,0.619127572454005,0.993489446331016
"7917",31,"LOC111572620",0.0495804229722649,0.472048482550562,0.98487850369265
"7918",31,"akap10",-0.0303599754149153,0.020617788836576,0.438581057059304
"7919",31,"aspa",-0.00885274988364646,0.554449427433333,0.993489446331016
"7920",31,"abr",0.0207668700180099,0.331683632526997,0.984612275003837
"7921",31,"map6a",-0.0149383251303863,0.619598520055634,0.993489446331016
"7922",31,"uvrag",0.07105061573213,0.285915621948979,0.984612275003837
"7923",31,"si:dkey-250d21.1",-0.0171864486811444,0.134497501806895,0.984612275003837
"7924",31,"stt3a",0.00497974546126084,0.827845329744133,0.996208074900292
"7925",31,"ei24",0.0217540850487528,0.122286713128381,0.984612275003837
"7926",31,"b3gat1b",-0.00593135095093639,0.900740393259028,0.996208074900292
"7927",31,"slc37a4b",-0.0237872615083788,0.143176420458537,0.984612275003837
"7928",31,"hmgn1b",-0.031616698571119,0.0443021476818773,0.713602176724185
"7929",31,"pcp4a",0.0525762060084506,0.14360173743037,0.984612275003837
"7930",31,"dscama",0.0701512583541856,0.0767789133622256,0.916387702187844
"7931",31,"acat1",-0.00813710799374047,0.435251113721333,0.98487850369265
"7932",31,"acer3",-0.0258084641580595,0.0915512286468645,0.967320930686434
"7933",31,"gdpd5a",-0.0043302380509714,0.802092190827318,0.996208074900292
"7934",31,"nrip1b",-0.007478429269761,0.744206536000966,0.996208074900292
"7935",31,"LOC129350476",-0.000293977023095923,0.976863081188404,0.996208074900292
"7936",31,"usp25",0.018462709388878,0.235585737431559,0.984612275003837
"7937",31,"wscd1b",0.0273910391651225,0.348563059659556,0.98487850369265
"7938",31,"sptbn4a",-0.0376082183755453,0.223888553452899,0.984612275003837
"7939",31,"LOC111576030",0.0241286540581666,0.231538973196772,0.984612275003837
"7940",31,"hnrnpl",-0.00340868778822295,0.909822439275635,0.996208074900292
"7941",31,"ckma",-0.0203295835957858,0.012248839713383,0.285431162031599
"7942",31,"mark4a",-0.0389291658239551,0.227468456900019,0.984612275003837
"7943",31,"zgc:153990",0.0166205450575672,0.340841700847865,0.984612275003837
"7944",31,"LOC129350474",0.0068813029153347,0.771505074321914,0.996208074900292
"7945",31,"capns1a",0.00484854000462645,0.840099474877077,0.996208074900292
"7946",31,"nova1",-0.0375648790179173,0.108812807874483,0.984612275003837
"7947",31,"h3f3c",0.0140635110731368,0.496691434075981,0.98487850369265
"7948",31,"arhgap32b",0.00445687815310982,0.85861128072563,0.996208074900292
"7949",31,"LOC111570546",-0.00916173931329641,0.562770941306035,0.993489446331016
"7950",31,"LOC111565633",0.00397297556830142,0.875609753693805,0.996208074900292
"7951",31,"cfap58",0.00599124378204718,0.524188473119959,0.98487850369265
"7952",31,"fez1",0.00096923448388888,0.954872109342332,0.996208074900292
"7953",31,"esama",-0.0205544256818586,0.195702535957341,0.984612275003837
"7954",31,"robo3",0.0233573061035576,0.555998784805141,0.993489446331016
"7955",31,"LOC111568198",-0.0268606947581427,0.541665080655675,0.993489446331016
"7956",31,"opcml",-0.0118012739717697,0.78254971974645,0.996208074900292
"7957",31,"ntm",-0.066033454712517,0.345212265960417,0.98487850369265
"7958",31,"bsx",-0.0161984077091706,0.012248839713383,0.285431162031599
"7959",31,"hspa8",0.0340079980602846,0.304145741312151,0.984612275003837
"7960",31,"LOC111571768",0.0283650585580837,0.433506869697281,0.98487850369265
"7961",31,"LOC111571773",-0.00921425901208124,0.59605612839627,0.993489446331016
"7962",31,"hyou1",-0.0327599652038376,0.02048040388795,0.437836901117892
"7963",31,"vps11",0.0141773933385831,0.491116189441681,0.98487850369265
"7964",31,"LOC111572725",-0.00943999491784656,0.756581211678299,0.996208074900292
"7965",31,"dlg2",0.0203576721544212,0.606436600053112,0.993489446331016
"7966",31,"picalma",-0.0208447589148869,0.430327060143669,0.98487850369265
"7967",31,"gusb",-0.0550898919853822,0.0131233512210007,0.302214050469974
"7968",31,"vkorc1l1",-0.0296158130684565,0.356898706823485,0.98487850369265
"7969",31,"ggnbp2",0.00137912460409219,0.915426461332488,0.996208074900292
"7970",31,"dhrs11a",-0.0341998448618772,0.139437711229915,0.984612275003837
"7971",31,"LOC111572708",0.0203118371432535,0.429103158362538,0.98487850369265
"7972",31,"eral1",0.0174029424799807,0.506341993768659,0.98487850369265
"7973",31,"fam222ba",0.0125913561965441,0.511415747959012,0.98487850369265
"7974",31,"emc6",0.00200514804113103,0.952630905519295,0.996208074900292
"7975",31,"ubb",-0.0239484869387952,0.673604099437186,0.993489446331016
"7976",31,"pigl",0.0184350675482012,0.184604838954126,0.984612275003837
"7977",31,"ncor1",0.0539279736970081,0.0240511502377429,0.485833234802407
"7978",31,"adora2b",-0.00213953013187434,0.803343580928962,0.996208074900292
"7979",31,"specc1",-0.000363553263473583,0.98449942513944,0.996956250321918
"7980",31,"zbtb21",-0.000418266595330516,0.976863081188404,0.996208074900292
"7981",31,"atg101",-0.00226508963210165,0.873374107558554,0.996208074900292
"7982",31,"LOC111575204",-0.00231380852178047,0.814901147173675,0.996208074900292
"7983",31,"prdm15",-0.0133623708570144,0.332181821628997,0.984612275003837
"7984",31,"c14h21orf91",-0.012738147434489,0.696810933376031,0.993489446331016
"7985",31,"btg3",-0.0127356858610264,0.304884866404559,0.984612275003837
"7986",31,"cxadr",0.0174780060064701,0.684673371224584,0.993489446331016
"7987",31,"auts2a",0.0988751845881803,0.123089508093013,0.984612275003837
"7988",31,"ints2",0.0153792032955453,0.430171317602582,0.98487850369265
"7989",31,"med13a",0.0464910438183192,0.266094189068285,0.984612275003837
"7990",31,"rnft1",-0.0357471129760012,0.012248839713383,0.285431162031599
"7991",31,"rps6kb1a",0.0092974341014465,0.527326387604807,0.98759170299414
"7992",31,"LOC111566699",0.00363598865519542,0.719309264449339,0.993489446331016
"7993",31,"ptrh2",-0.00037492175215017,0.976863081188404,0.996208074900292
"7994",31,"cltca",0.0199169355161226,0.545291851703339,0.993489446331016
"7995",31,"atp5l",0.0225008203675152,0.670029394971807,0.993489446331016
"7996",31,"ruvbl2",0.00628499386924226,0.744829412640453,0.996208074900292
"7997",31,"spns2",-0.0450638045464664,0.397222207200917,0.98487850369265
"7998",31,"ube2g1a",0.0264071639330425,0.438667343621394,0.98487850369265
"7999",31,"ankfy1",0.00815190899562709,0.340841700847866,0.984612275003837
"8000",31,"LOC111581641",-0.0218652403540811,0.0671596643201104,0.872264865210792
"8001",31,"zzef1",0.0241484386343763,0.287559662020824,0.984612275003837
"8002",31,"atp2a3",-0.0106860344822543,0.43762824424975,0.98487850369265
"8003",31,"camkk1a",-0.0600749706420528,0.00554827835938005,0.285431162031599
"8004",31,"srrm3",-0.0129661196617485,0.556408887704966,0.993489446331016
"8005",31,"ywhag1",-0.0193586302721071,0.709964898323307,0.993489446331016
"8006",31,"LOC111567935",0.0187958931929147,0.701542856768234,0.993489446331016
"8007",31,"supt4h1",0.00750904564297704,0.47311350604835,0.98487850369265
"8008",31,"LOC111567938",0.000805550788424017,0.978398063006616,0.996452700582568
"8009",31,"mtmr4",0.0589017138145209,0.0485208384423318,0.749851559879265
"8010",31,"ca4a",-0.00549225169646779,0.863468013384467,0.996208074900292
"8011",31,"alcama",0.0060904074470316,0.816020612381536,0.996208074900292
"8012",31,"cblb",0.00122819654149131,0.985480688539818,0.996956250321918
"8013",31,"LOC118471376",0.0169124152965749,0.340841700847866,0.984612275003837
"8014",31,"LOC111584424",0.0336001325327603,0.214909912018994,0.984612275003837
"8015",31,"zgc:171929",0.00599124378204718,0.524188473119959,0.98487850369265
"8016",31,"LOC111572159",0.0144966234379875,0.818816010000927,0.996208074900292
"8017",31,"LOC129350469",0.0077010415060644,0.41567805178822,0.98487850369265
"8018",31,"LOC111585110",-0.00336465635246288,0.933952552542408,0.996208074900292
"8019",31,"smfn",-0.0186443677908602,0.458515028496962,0.98487850369265
"8020",31,"hlcs",-0.0490129527614808,0.293588000203169,0.984612275003837
"8021",31,"ska2",0.00487522623374433,0.887793491108814,0.996208074900292
"8022",31,"tiprl",0.0110061848118278,0.411868144515912,0.98487850369265
"8023",31,"LOC111575129",-0.000267891541848369,0.976863081188404,0.996208074900292
"8024",31,"LOC111575130",0.0345324048745166,0.166124109318776,0.984612275003837
"8025",31,"tecta",0.00996657498621252,0.429954503027974,0.98487850369265
"8026",31,"LOC111575127",-0.00713790873831396,0.207124441410705,0.984612275003837
"8027",31,"tlcd3a",0.0220575163983837,0.548767268015552,0.993489446331016
"8028",31,"LOC111575126",0.00298333849782732,0.719309264449339,0.993489446331016
"8029",31,"LOC111575123",-0.0165552929274935,0.732021384175359,0.996208074900292
"8030",31,"gria4b",0.0194373418375928,0.864164003121251,0.996208074900292
"8031",31,"elmod1",0.0193659436661691,0.449224403052496,0.98487850369265
"8032",31,"arhgef12b",0.0179916872075092,0.0823861416968079,0.937681490279464
"8033",31,"emsy",0.0228466303158773,0.519402461898805,0.98487850369265
"8034",31,"mpzl1l",-0.0492014562834013,0.152465925756369,0.984612275003837
"8035",31,"rabep1",-0.00756303484089301,0.776808794410718,0.996208074900292
"8036",31,"LOC118469793",0.00826390419103369,0.549372510130033,0.993489446331016
"8037",31,"vps37d",-0.00903019372838737,0.767389942579854,0.996208074900292
"8038",31,"foxred1",-0.00240383927305208,0.892591344292513,0.996208074900292
"8039",31,"rsf1b.1",-0.0202576068006084,0.292220592019422,0.984612275003837
"8040",31,"LOC111563808",0.0168308455377781,0.169858799511522,0.984612275003837
"8041",31,"capn5b",-0.0582562667233673,0.245659350250495,0.984612275003837
"8042",31,"LOC111585876",-0.0496607559439506,0.0779154570460386,0.922826932160238
"8043",31,"LOC111585878",0.0248958190612364,0.173038458152658,0.984612275003837
"8044",31,"rcc1l",-0.0130184810448593,0.514866343966908,0.98487850369265
"8045",31,"castor2",0.0151407370723636,0.557574736986206,0.993489446331016
"8046",31,"doc2b",-0.00632293086546409,0.938866794676042,0.996208074900292
"8047",31,"tmem248",0.0438863212544994,0.346308644400933,0.98487850369265
"8048",31,"lig3",0.00412184391984431,0.801030851240426,0.996208074900292
"8049",31,"rad51d",0.00465574463010042,0.797422443927042,0.996208074900292
"8050",31,"tmem132e",0.0761524191572964,0.419418013594998,0.98487850369265
"8051",31,"dtx2",0.00948006085193396,0.317271612749021,0.984612275003837
"8052",31,"gtf2ird1",0.032683158844641,0.363917360936659,0.98487850369265
"8053",31,"clip2",0.0274822391467246,0.505833168864216,0.98487850369265
"8054",31,"orai2",0.00115827703928654,0.943029683005152,0.996208074900292
"8055",31,"bckdk",0.017314069078546,0.373706555690355,0.98487850369265
"8056",31,"LOC111586006",0.00446378258615028,0.939541930353154,0.996208074900292
"8057",31,"mcama",0.0185850111001537,0.667015869411272,0.993489446331016
"8058",31,"LOC118469955",0.00363598865519542,0.719309264449339,0.993489446331016
"8059",31,"LOC111565215",0.0160727877951549,0.42724636899759,0.98487850369265
"8060",31,"ccdc65",-0.00647460089550781,0.678315084563843,0.993489446331016
"8061",31,"fam53c",0.0322312745152781,0.407491315260196,0.98487850369265
"8062",31,"zmat2",0.00757049248466011,0.467289356605819,0.98487850369265
"8063",31,"st6gal1",-0.0248890445521546,0.336676689285369,0.984612275003837
"8064",31,"uimc1",-0.0205951359427508,0.012248839713383,0.285431162031599
"8065",31,"zgc:77151",0.0614691347166432,0.0883434434901257,0.963905736748171
"8066",31,"LOC111569294",-0.0132148828535011,0.012248839713383,0.285431162031599
"8067",31,"LOC111569293",0.00722595819869173,0.84767012081576,0.996208074900292
"8068",31,"grk6",0.0145534659273321,0.455470451741568,0.98487850369265
"8069",31,"nop16",0.00327777967513886,0.890925875590268,0.996208074900292
"8070",31,"arl10",0.0327207211597601,0.186036093034107,0.984612275003837
"8071",31,"wwc1",-0.0168328853813869,0.414115737116757,0.98487850369265
"8072",31,"rars1",-0.00659266052962595,0.373573334577506,0.98487850369265
"8073",31,"si:dkeyp-23e4.3",-0.0275319406554017,0.452062886845277,0.98487850369265
"8074",31,"LOC118469679",0.0142458765924827,0.251296261543428,0.984612275003837
"8075",31,"sgcd",0.0496058742489606,0.57191730291082,0.993489446331016
"8076",31,"mrpl22",-0.0340685272553513,0.0122488397133829,0.285431162031599
"8077",31,"gemin5",-0.0159404937287225,0.012248839713383,0.285431162031599
"8078",31,"cnot8",0.00950824588755536,0.340841700847865,0.984612275003837
"8079",31,"fam114a2",0.00328500049896534,0.815372004648606,0.996208074900292
"8080",31,"LOC111584904",-0.00496812339418048,0.833831852829179,0.996208074900292
"8081",31,"LOC111583864",-0.0206037344766812,0.470802502361194,0.98487850369265
"8082",31,"nup98",0.0126430943806197,0.718867498062931,0.993489446331016
"8083",31,"rnasekb",0.0272403455860556,0.306083509106044,0.984612275003837
"8084",31,"c14h17orf49",0.00210797680833115,0.900671147652112,0.996208074900292
"8085",31,"LOC111568038",0.000155373775662755,0.995675997319787,0.999816729949705
"8086",31,"med31",0.00829189341760792,0.483758683979473,0.98487850369265
"8087",31,"siah2l",-0.0342907596713462,0.427417237330586,0.98487850369265
"8088",31,"rbmx2",-0.00731994528391549,0.398000854544508,0.98487850369265
"8089",31,"ap4m1",0.000377834976168352,0.987357924723901,0.99771160608264
"8090",31,"LOC111586232",0.0160882507134108,0.312441958053884,0.984612275003837
"8091",31,"taf9",0.0129678966728159,0.333686199865043,0.984612275003837
"8092",31,"LOC111585856",0.00682200673213718,0.723886953856113,0.996147134179487
"8093",31,"apbb3",8.72006754145271e-05,0.9973587170933,0.999816729949705
"8094",31,"sra1",-0.0193041566094935,0.0391608870301274,0.666785980128103
"8095",31,"camk2a",-0.00352325055040393,0.925538264507358,0.996208074900292
"8096",31,"rps14",0.0190410882107539,0.651298344691774,0.993489446331016
"8097",31,"LOC111571096",-0.00204057995199585,0.895106088567285,0.996208074900292
"8098",31,"chm",0.0154521366263789,0.171777052742055,0.984612275003837
"8099",31,"LOC111575715",0.00697683070151568,0.524188473119959,0.98487850369265
"8100",31,"ik",-0.0400013796473857,0.121287335773645,0.984612275003837
"8101",31,"ndufa2",0.00322714689657187,0.74800406020537,0.996208074900292
"8102",31,"LOC111575713",0.0102344665280609,0.340841700847866,0.984612275003837
"8103",31,"pfdn1",0.00532359139198383,0.725462993762462,0.996208074900292
"8104",31,"pwwp2a",0.0139440931156134,0.310322192434857,0.984612275003837
"8105",31,"mat2b",0.00397464143759755,0.860788481760323,0.996208074900292
"8106",31,"ttc1",-0.0118077249255022,0.373077200773915,0.98487850369265
"8107",31,"prrt1",0.00902469594509992,0.677100163559586,0.993489446331016
"8108",31,"skic2",0.0382121931409325,0.11362255268854,0.984612275003837
"8109",31,"nelfe",0.0245834777679049,0.233312738443156,0.984612275003837
"8110",31,"LOC111569240",0.0063578934938849,0.524188473119959,0.98487850369265
"8111",31,"ehmt2",-2.76030869124969e-05,0.998015162360689,0.999816729949705
"8112",31,"rnf5",-0.0162773574227549,0.64974165434809,0.993489446331016
"8113",31,"LOC111569233",0.00590693677993708,0.833456211781879,0.996208074900292
"8114",31,"LOC111569227",0.00745886230124105,0.471185348579008,0.98487850369265
"8115",31,"tpi1a",-0.00415813308320421,0.831968404300326,0.996208074900292
"8116",31,"eno2",-0.0864573889730547,0.07992462102361,0.929133735121188
"8117",31,"LOC111571068",0.00220511344364324,0.719309264449339,0.993489446331016
"8118",31,"LOC111571070",-0.0318999072687464,0.282814108550745,0.984612275003837
"8119",31,"LOC111585905",-0.0289070112756139,0.0289090628090044,0.551613815216467
"8120",31,"iffo1a",-0.0113878355537322,0.636582197372914,0.993489446331016
"8121",31,"LOC129350674",-0.0253440020553287,0.143900966537093,0.984612275003837
"8122",31,"LOC111568099",0.0486197534880723,0.417356075479216,0.98487850369265
"8123",31,"LOC111568086",0.0203487562392352,0.431653959338954,0.98487850369265
"8124",31,"LOC111568090",0.0378708471358435,0.417412958269876,0.98487850369265
"8125",31,"LOC111568112",0.0305948655768051,0.185772552730193,0.984612275003837
"8126",31,"LOC111568093",0.0118779031417593,0.764398542166622,0.996208074900292
"8127",31,"cacng7a",0.00385290592927156,0.94842363067965,0.996208074900292
"8128",31,"grin2da",-0.0212310661544429,0.836261837243169,0.996208074900292
"8129",31,"dbpa",0.0481244136337711,0.305989281067559,0.984612275003837
"8130",31,"znf865",0.00694445232665511,0.471536029710188,0.98487850369265
"8131",31,"shisa7b",0.0178775399862756,0.771696891495897,0.996208074900292
"8132",31,"LOC129350700",0.0194443044694666,0.25840031197214,0.984612275003837
"8133",31,"cnot3b",-0.00985044004008983,0.830464812549219,0.996208074900292
"8134",31,"LOC111565859",0.00298333849782732,0.719309264449339,0.993489446331016
"8135",31,"LOC111565801",0.0153802473985233,0.678416933359682,0.993489446331016
"8136",31,"necap1",-0.0070748599582346,0.568799897339806,0.993489446331016
"8137",31,"rnmt",-0.000310864050245439,0.976863081188404,0.996208074900292
"8138",31,"LOC111563412",0.0289118416464733,0.409865356319099,0.98487850369265
"8139",31,"rfx5",-0.00638330458107131,0.562993380775414,0.993489446331016
"8140",31,"psmb4",0.0223097203610998,0.508889804350054,0.98487850369265
"8141",31,"LOC111567355",-0.0221027511629434,0.487250426587858,0.98487850369265
"8142",31,"rps18",0.0317139581282207,0.203776605025008,0.984612275003837
"8143",31,"vps52",0.0113378817897305,0.447471769638248,0.98487850369265
"8144",31,"atf6b",-0.00158678684738433,0.872480493435343,0.996208074900292
"8145",31,"LOC111574993",-0.00659266052962595,0.373573334577506,0.98487850369265
"8146",31,"neu1",-0.00826060407376432,0.24392349082975,0.984612275003837
"8147",31,"prrc2a",-0.0526729345902483,0.184391416179024,0.984612275003837
"8148",31,"csnk2b",0.00279574315637373,0.831744447322211,0.996208074900292
"8149",31,"LOC129350733",0.00599124378204718,0.524188473119959,0.98487850369265
"8150",31,"LOC111584929",-0.0110398340587283,0.809443707204488,0.996208074900292
"8151",31,"LOC111586143",0.0164198065455247,0.556672811705006,0.993489446331016
"8152",31,"zdhhc3b",-0.00307951369419109,0.884738771473855,0.996208074900292
"8153",31,"exosc7",0.00632814928276687,0.421132720781523,0.98487850369265
"8154",31,"cratb",-0.00789413869756088,0.58633281490947,0.993489446331016
"8155",31,"LOC129350732",0.0083524225067425,0.266263654897972,0.984612275003837
"8156",31,"LOC118469758",-0.01305772087299,0.461811402078615,0.98487850369265
"8157",31,"LOC111564866",-0.017271139478602,0.555990567254852,0.993489446331016
"8158",31,"LOC111564865",-0.0164742614429686,0.0928296737252439,0.972275180017018
"8159",31,"LOC111569692",-0.018176763145209,0.756276130251426,0.996208074900292
"8160",31,"LOC111569693",-0.0202795165486296,0.491004242760871,0.98487850369265
"8161",31,"LOC111569695",-0.00659266052962595,0.373573334577506,0.98487850369265
"8162",31,"LOC111569694",-0.0307674266228029,0.0531140073543447,0.785805504422352
"8163",31,"LOC111569701",0.00515742970832354,0.839074863155696,0.996208074900292
"8164",31,"LOC111569699",0.0523975091884824,0.222811014367801,0.984612275003837
"8165",31,"dnajc8",0.0218033628643115,0.546465071018439,0.993489446331016
"8166",31,"LOC111571158",0.00450774868916627,0.719309264449339,0.993489446331016
"8167",31,"rps27.1",0.0122086516082343,0.775377243177179,0.996208074900292
"8168",31,"ash1l",0.028642196503267,0.161076623243167,0.984612275003837
"8169",31,"rnf115b",-0.0045136439490307,0.568450438616121,0.993489446331016
"8170",31,"scamp3",0.0183627747683899,0.458106437264211,0.98487850369265
"8171",31,"mrps21",0.000170775999441967,0.988552969692539,0.998248596916269
"8172",31,"ciarta",-0.00755741319673825,0.355479621971964,0.98487850369265
"8173",31,"rprd2a",-0.00467407836235896,0.71567622043335,0.993489446331016
"8174",31,"celf3a",-0.00495483023166572,0.919394087132097,0.996208074900292
"8175",31,"cers2a",0.00424992216292861,0.776527701762915,0.996208074900292
"8176",31,"LOC111585931",0.00358580531345942,0.719309264449339,0.993489446331016
"8177",31,"LOC111585930",0.0193541530130692,0.316830645720994,0.984612275003837
"8178",31,"clk2a",0.00527146785215249,0.80944598709287,0.996208074900292
"8179",31,"LOC111569244",0.00364632112110696,0.800343108257421,0.996208074900292
"8180",31,"chrna11",-0.0573431684355386,0.266036574974511,0.984612275003837
"8181",31,"snx27a",-0.0211050964045183,0.466068864681776,0.98487850369265
"8182",31,"LOC111569246",-0.00159655633335685,0.895106088567285,0.996208074900292
"8183",31,"trim46b",0.00125932036815152,0.967337073523843,0.996208074900292
"8184",31,"efna1a",-0.00128776943942396,0.924499433572562,0.996208074900292
"8185",31,"efna3a",0.0546043286133475,0.443096383421705,0.98487850369265
"8186",31,"pbxip1a",0.00864532614817581,0.692705597895482,0.993489446331016
"8187",31,"pygo2",-0.00195305074103525,0.860692105682514,0.996208074900292
"8188",31,"cgnb",-0.0228432115103082,0.159960379657888,0.984612275003837
"8189",31,"LOC111562522",-0.0277080582941471,0.29852688493595,0.984612275003837
"8190",31,"ubap2l",0.000260599184632211,0.992460621840647,0.998750879301711
"8191",31,"hax1",0.00158651059975372,0.889983844816766,0.996208074900292
"8192",31,"aqp10b",-0.00864820601858986,0.521031767563259,0.98487850369265
"8193",31,"znf687b",-0.00117236039296759,0.936535830324168,0.996208074900292
"8194",31,"LOC111565087",-0.00035761675028133,0.977080152773029,0.996264476917301
"8195",31,"LOC111565080",0.0123773223115535,0.200203491523986,0.984612275003837
"8196",31,"akap9",-0.0398054523492318,0.302180541917145,0.984612275003837
"8197",31,"LOC129350737",0.00298333849782732,0.719309264449339,0.993489446331016
"8198",31,"krit1",-0.0136331494488316,0.329174830184865,0.984612275003837
"8199",31,"LOC111565082",-0.0472464676617786,0.15773817769393,0.984612275003837
"8200",31,"mrpl24",0.0119792309521147,0.414048910265847,0.98487850369265
"8201",31,"LOC111565089",-0.0054153551544843,0.70081533707673,0.993489446331016
"8202",31,"LOC118469947",0.00851385038389348,0.707805130581916,0.993489446331016
"8203",31,"LOC129350622",-0.000293977023095923,0.976863081188404,0.996208074900292
"8204",31,"LOC111565078",0.0502419311567924,0.331005538018152,0.984612275003837
"8205",31,"LOC111572034",-0.00561436858424042,0.692885377748928,0.993489446331016
"8206",31,"LOC111571411",-0.00921871458841268,0.775574775059546,0.996208074900292
"8207",31,"LOC129350714",-0.036214831527392,0.34950804902146,0.98487850369265
"8208",31,"kmt2ba",-0.026500993325847,0.347057099392237,0.98487850369265
"8209",31,"LOC111571439",-0.000267891541848369,0.976863081188404,0.996208074900292
"8210",31,"ndufv1",-0.0121336939301756,0.678822791763686,0.993489446331016
"8211",31,"dus3l",0.00255049555103493,0.935165474398507,0.996208074900292
"8212",31,"cndp2",0.00479200999303999,0.727478040280631,0.996208074900292
"8213",31,"LOC111567392",0.00341092360679981,0.903369275132076,0.996208074900292
"8214",31,"zgc:63863",0.00803921022558703,0.340841700847865,0.984612275003837
"8215",31,"dgat1a",-0.00275300788827983,0.873429495376542,0.996208074900292
"8216",31,"LOC111567387",0.00599124378204718,0.524188473119959,0.98487850369265
"8217",31,"LOC111567386",-0.0103029768931982,0.33664945229622,0.984612275003837
"8218",31,"LOC111567384",0.0182028712737781,0.584215309537088,0.993489446331016
"8219",31,"LOC111567389",-0.00647307850734739,0.6619033405752,0.993489446331016
"8220",31,"rplp1",0.017569190226969,0.597998443736699,0.993489446331016
"8221",31,"clptm1l",-0.0103999845631846,0.012248839713383,0.285431162031599
"8222",31,"trps1",-0.0264208000461431,0.0870941851972587,0.960582212833395
"8223",31,"csmd3b",0.0500631321362395,0.373344836652107,0.98487850369265
"8224",31,"tshz1",0.00887143559422125,0.524188473119959,0.98487850369265
"8225",31,"LOC111569221",-0.0531956427088517,0.44943445081719,0.98487850369265
"8226",31,"vps72a",-0.0140783198055,0.542753014791353,0.993489446331016
"8227",31,"LOC111575036",-0.0324964274990497,0.241060403608362,0.984612275003837
"8228",31,"sf3b4",0.0063860785295063,0.340841700847866,0.984612275003837
"8229",31,"LOC111575041",0.000642312442797171,0.974294240478788,0.996208074900292
"8230",31,"LOC111575028",0.0135838188434497,0.631461630041597,0.993489446331016
"8231",31,"znf706",0.00224164441724381,0.867982390287212,0.996208074900292
"8232",31,"grhl2b",-0.0161984077091706,0.012248839713383,0.285431162031599
"8233",31,"psmg2",-0.0161984077091706,0.012248839713383,0.285431162031599
"8234",31,"ptpn2b",-0.0151456270544636,0.377431069499007,0.98487850369265
"8235",31,"rnf19a",0.00358824424126887,0.770035230986167,0.996208074900292
"8236",31,"spag1a",-0.01221372053797,0.181896689016397,0.984612275003837
"8237",31,"rpl30",-0.0244203759150835,0.733364039436641,0.996208074900292
"8238",31,"laptm4b",0.0140930650085931,0.745352174830638,0.996208074900292
"8239",31,"mtdha",-0.0258341682673329,0.0491675857394435,0.756202184987819
"8240",31,"jarid2b",0.0211145351973086,0.592377548345209,0.993489446331016
"8241",31,"dtnbp1b",0.0075948932912647,0.785783317472553,0.996208074900292
"8242",31,"atxn1a",0.0119684862915587,0.815698212945952,0.996208074900292
"8243",31,"fam8a1a",0.00697683070151568,0.524188473119959,0.98487850369265
"8244",31,"mrpl53",-0.0112715114969244,0.511015628192264,0.98487850369265
"8245",31,"pag1",-0.00555019486356725,0.849692407756464,0.996208074900292
"8246",31,"znf704",-0.00875473366394815,0.825927403970324,0.996208074900292
"8247",31,"LOC129350702",0.0104729520438932,0.340841700847866,0.984612275003837
"8248",31,"zbtb10",0.00866111643176366,0.79473846303584,0.996208074900292
"8249",31,"stmn2b",-0.00540211645904341,0.888301773279436,0.996208074900292
"8250",31,"si:dkeyp-120h9.1",0.0123099670622618,0.216373218403735,0.984612275003837
"8251",31,"ripor2",-0.0283948555385329,0.495707213301762,0.98487850369265
"8252",31,"c15h6orf62",0.00106971484230416,0.968428858855214,0.996208074900292
"8253",31,"acot13",-0.00159655633335685,0.895106088567285,0.996208074900292
"8254",31,"tdp2b",-0.00748733655202439,0.579096132472726,0.993489446331016
"8255",31,"tmem64",-0.0244733331101468,0.259892573779095,0.984612275003837
"8256",31,"necab1",0.0220867362323745,0.340841700847865,0.984612275003837
"8257",31,"pip4p2",0.0253660802435179,0.271694967909544,0.984612275003837
"8258",31,"chrac1",0.00689779777428776,0.495453795374688,0.98487850369265
"8259",31,"LOC111563788",0.0376817932884505,0.396286617287281,0.98487850369265
"8260",31,"mterf3",0.00321970143239619,0.838705655785039,0.996208074900292
"8261",31,"nup153",-0.0444218212604443,0.0347040310727441,0.619121845020985
"8262",31,"grinaa",-0.0108955824513453,0.76456585021615,0.996208074900292
"8263",31,"LOC111563777",0.00224761415493465,0.930248104113676,0.996208074900292
"8264",31,"snrpd1",0.0047030261571377,0.844537731295405,0.996208074900292
"8265",31,"ggcta",-0.00859364385791385,0.54688573567878,0.993489446331016
"8266",31,"adnp2b",-0.00673446419384348,0.694621752576298,0.993489446331016
"8267",31,"azin1b",-0.0210086166701032,0.360297058051494,0.98487850369265
"8268",31,"atp6v1c1b",-0.00815331818115265,0.749469471836559,0.996208074900292
"8269",31,"si:ch211-215i13.3",0.0106723690486299,0.343492681492153,0.984612275003837
"8270",31,"spire1a",-0.0263608758121683,0.214115705440208,0.984612275003837
"8271",31,"fam91a1",-0.00664776877602796,0.805738557146198,0.996208074900292
"8272",31,"LOC129350746",0.0102344665280609,0.340841700847866,0.984612275003837
"8273",31,"triqk",-0.00117612089374047,0.848613892061286,0.996208074900292
"8274",31,"runx1t1",0.00930119318693875,0.853705623180065,0.996208074900292
"8275",31,"otud6b",-0.0170036911978931,0.231528702303053,0.984612275003837
"8276",31,"rab5aa",0.0301682637121247,0.374258545437876,0.98487850369265
"8277",31,"kat2b",0.00242370543709259,0.894476212748128,0.996208074900292
"8278",31,"ubqln4",-0.0294819380554323,0.136076038365621,0.984612275003837
"8279",31,"nfyc",0.047491253326158,0.232997582703506,0.984612275003837
"8280",31,"si:ch211-13c6.2",0.0226238880112217,0.327470226114745,0.984612275003837
"8281",31,"LOC111578380",0.0176654328995755,0.261197949067088,0.984612275003837
"8282",31,"LOC111578356",-0.0165092717594161,0.133010745152089,0.984612275003837
"8283",31,"fbxl2",-0.0166441714421858,0.467135908002549,0.98487850369265
"8284",31,"clasp2",-0.0172617171193413,0.770739988963355,0.996208074900292
"8285",31,"ubp1",-0.0348410438607213,0.390625477259399,0.98487850369265
"8286",31,"LOC129350741",-0.0161984077091706,0.012248839713383,0.285431162031599
"8287",31,"LOC129350740",0.0194780111385716,0.338613840938543,0.984612275003837
"8288",31,"pdcd6ip",-0.0151733825809082,0.429240942442849,0.98487850369265
"8289",31,"LOC129350716",0.00609352693005416,0.524188473119959,0.98487850369265
"8290",31,"arpp21",-0.0159503489976937,0.443842406099969,0.98487850369265
"8291",31,"zftraf1",0.00642524961528315,0.695195001076007,0.993489446331016
"8292",31,"dclk3",-0.000418266595330516,0.976863081188404,0.996208074900292
"8293",31,"fabp3",-0.0304486085026742,0.0858820269226982,0.955299091521895
"8294",31,"zcchc17",-0.0473593035391584,0.00245641857150076,0.285431162031599
"8295",31,"snrnp40",-0.0161984077091706,0.012248839713383,0.285431162031599
"8296",31,"nkain1",0.0187167087103409,0.428691741475919,0.98487850369265
"8297",31,"pum1",0.0426850127924555,0.186862218743383,0.984612275003837
"8298",31,"sdc3",-0.0221558507561736,0.24972972534833,0.984612275003837
"8299",31,"yrk",0.0113043747338744,0.524188473119959,0.98487850369265
"8300",31,"ahdc1",0.0116580837244191,0.629425013113201,0.993489446331016
"8301",31,"sytl1",-0.00037492175215017,0.976863081188404,0.996208074900292
"8302",31,"rbm48",-0.000267891541848369,0.976863081188404,0.996208074900292
"8303",31,"pex1",-0.0106939301242115,0.826255771966599,0.996208074900292
"8304",31,"elmo1",-0.0137663048979398,0.759188042852551,0.996208074900292
"8305",31,"rp9",0.0198520812075242,0.409586885330965,0.98487850369265
"8306",31,"poc1bl",0.00358580531345942,0.719309264449339,0.993489446331016
"8307",31,"gabbr2",-0.0499989591685404,0.219784324871854,0.984612275003837
"8308",31,"elp2",0.0105713557931563,0.599240838929322,0.993489446331016
"8309",31,"ctnnal1",0.00675815601324448,0.489146063509794,0.98487850369265
"8310",31,"ndrg1a",-0.0161984077091706,0.012248839713383,0.285431162031599
"8311",31,"LOC111573771",-0.00419797114035842,0.817612343848324,0.996208074900292
"8312",31,"cpne4b",-0.0226769529460048,0.179889048588215,0.984612275003837
"8313",31,"mrpl3",0.0271835503335227,0.338405013228044,0.984612275003837
"8314",31,"cspg5b",0.0479666262290782,0.203046219793965,0.984612275003837
"8315",31,"LOC111573763",0.00305723306310161,0.881370309274537,0.996208074900292
"8316",31,"smarcc1b",-0.0164574112228201,0.339798632839882,0.984612275003837
"8317",31,"klhl7",-0.00339205191085368,0.767645288542982,0.996208074900292
"8318",31,"hycc1",0.0380724907779647,0.25601156831483,0.984612275003837
"8319",31,"tomm7",-0.00929185707890555,0.497420622155537,0.98487850369265
"8320",31,"LOC111573783",-0.0181597056006543,0.012248839713383,0.285431162031599
"8321",31,"rapgef5a",-0.0352515637804073,0.235892915967354,0.984612275003837
"8322",31,"sp4",-0.00425171824071654,0.656164596420895,0.993489446331016
"8323",31,"snx13",-0.0110627129457702,0.549263242154388,0.993489446331016
"8324",31,"btd",0.00609352693005416,0.524188473119959,0.98487850369265
"8325",31,"LOC111573357",-0.0107506269528656,0.612381597262903,0.993489446331016
"8326",31,"fam133b",0.0238790013269863,0.24643647351225,0.984612275003837
"8327",31,"cdk6",-0.000310864050245439,0.976863081188404,0.996208074900292
"8328",31,"vps50",0.016265425195791,0.726933622817742,0.996208074900292
"8329",31,"calcr",-0.0264381418553665,0.81268738838064,0.996208074900292
"8330",31,"zgc:85777",-0.0070514074461021,0.590770666712588,0.993489446331016
"8331",31,"bet1",0.00550962173858495,0.753958575716241,0.996208074900292
"8332",31,"casd1",0.00649415136499589,0.683708218991956,0.993489446331016
"8333",31,"sgce",-0.000377440360755313,0.992932661346113,0.998750879301711
"8334",31,"ppp1r9a",0.0677410093364199,0.174429197894583,0.984612275003837
"8335",31,"asb4",0.00703020693198349,0.425870552516454,0.98487850369265
"8336",31,"pdk4",0.001777245180076,0.873040634352817,0.996208074900292
"8337",31,"LOC111583712",-0.0339233198709975,0.351440462515076,0.98487850369265
"8338",31,"LOC111583716",0.0052543506083365,0.684768844878459,0.993489446331016
"8339",31,"sem1",0.00287632908078151,0.853690802897612,0.996208074900292
"8340",31,"LOC118471338",0.0119378013380862,0.340841700847866,0.984612275003837
"8341",31,"ago2",-0.00854098859723212,0.660819054463068,0.993489446331016
"8342",31,"pals2b",-0.000854690811790849,0.963936869266932,0.996208074900292
"8343",31,"npy",0.0204177858739706,0.437873746743926,0.98487850369265
"8344",31,"ccdc126",0.00193722190179487,0.846591249645792,0.996208074900292
"8345",31,"tra2a",0.0325697075472413,0.271470220325262,0.984612275003837
"8346",31,"LOC129350656",-0.0203295835957858,0.012248839713383,0.285431162031599
"8347",31,"kcnh8",0.00866673021967319,0.612548228429935,0.993489446331016
"8348",31,"satb1a",-0.0052616974899234,0.551050788429762,0.993489446331016
"8349",31,"tbc1d5",-0.0063571295333716,0.830726240583014,0.996208074900292
"8350",31,"LOC111579715",7.27384113606572e-05,0.997189450239345,0.999816729949705
"8351",31,"rftn1a",0.0107743103039664,0.39762698983483,0.98487850369265
"8352",31,"oxnad1",0.00279188727406336,0.82036720978353,0.996208074900292
"8353",31,"wu:fc38h03",0.00298333849782732,0.719309264449339,0.993489446331016
"8354",31,"nfe2l3",-0.00159411388760372,0.895106088567285,0.996208074900292
"8355",31,"cbx3a",-0.0151053173535782,0.428734996544146,0.98487850369265
"8356",31,"hoxa1a",-0.0181597056006543,0.012248839713383,0.285431162031599
"8357",31,"tax1bp1a",-0.0348474079175252,0.028094483588898,0.542426521451815
"8358",31,"jazf1a",0.0262118387727143,0.098409876825284,0.980844755541041
"8359",31,"rims3",-0.000444010257198821,0.987621449322788,0.997768622092385
"8360",31,"trappc3",0.00631923545821441,0.637870952641177,0.993489446331016
"8361",31,"col8a2",0.00818674710338966,0.843767474129444,0.996208074900292
"8362",31,"ptp4a2b",0.0338870529408146,0.37546729248732,0.98487850369265
"8363",31,"adgrb2",-0.0113975335054923,0.837336287773886,0.996208074900292
"8364",31,"csmd2",0.0012138137970704,0.971855503021263,0.996208074900292
"8365",31,"pef1",0.00358580531345942,0.719309264449339,0.993489446331016
"8366",31,"smim12",-0.0025691638509328,0.8351269552391,0.996208074900292
"8367",31,"dlgap3",-0.0602156937754721,0.33333064979008,0.984612275003837
"8368",31,"zbtb8b",-0.000185983215691274,0.991166692226773,0.998483873493507
"8369",31,"LOC111576129",0.0185171443398915,0.168727426083443,0.984612275003837
"8370",31,"tert",-0.0130668732565589,0.235190817982324,0.984612275003837
"8371",31,"rbbp4",0.00444362391470261,0.816455358268668,0.996208074900292
"8372",31,"kiaa1522",0.00624030282212142,0.524188473119959,0.98487850369265
"8373",31,"yars1",-0.0280525976931374,0.0340629903764735,0.612799407516164
"8374",31,"mfsd2ab",0.00985011858988049,0.342607444102727,0.984612275003837
"8375",31,"trit1",5.75849361824025e-05,0.997131781257394,0.999816729949705
"8376",31,"fam49al",0.00486650547866696,0.923738331232898,0.996208074900292
"8377",31,"mturn",-0.0435499043527822,0.0239728621734131,0.485306390083935
"8378",31,"sh3bp5a",0.00898306577764032,0.524188473119959,0.98487850369265
"8379",31,"LOC111572209",0.00754465703014293,0.484133649833803,0.98487850369265
"8380",31,"LOC111570380",-0.0102669348124624,0.723948201825928,0.996147134179487
"8381",31,"cckb",-0.00660707559797553,0.832120326599738,0.996208074900292
"8382",31,"trim71",-0.0339944199095027,0.0621090585963336,0.835963163289791
"8383",31,"LOC111562439",-0.0597847981947541,0.315317169677755,0.984612275003837
"8384",31,"LOC111562451",-0.0311920369174058,0.137774990022444,0.984612275003837
"8385",31,"rpl14",-0.0384003075029112,0.240852233396935,0.984612275003837
"8386",31,"LOC111562441",0.0317934831912339,0.0845338649242642,0.948657817483409
"8387",31,"LOC111562446",-0.000728922563300461,0.941261507627599,0.996208074900292
"8388",31,"trioa",0.00877833803212834,0.813579711282207,0.996208074900292
"8389",31,"adcy2b",0.0177079452873912,0.340841700847866,0.984612275003837
"8390",31,"tent4a",-0.0159487930478148,0.167308364550076,0.984612275003837
"8391",31,"srd5a1",-0.0091018480382469,0.380517345015285,0.98487850369265
"8392",31,"nsun2",0.00887924950609861,0.36721304312764,0.98487850369265
"8393",31,"ube2ql1",-0.050357552042205,0.0813156573424632,0.932509479848218
"8394",31,"med10",-0.0028195415684131,0.895106088567285,0.996208074900292
"8395",31,"LOC111569849",0.00504006312911105,0.67605367303431,0.993489446331016
"8396",31,"ndufs6",-0.0495086485892057,0.0450553754089768,0.717074524751119
"8397",31,"lpcat1",0.0102344665280609,0.340841700847866,0.984612275003837
"8398",31,"nrsn1l",0.0116299625895126,0.512608785431187,0.98487850369265
"8399",31,"LOC118471300",0.00298333849782732,0.719309264449339,0.993489446331016
"8400",31,"sox4a",-0.0412671299782944,0.0905303161611362,0.964667868932546
"8401",31,"e2f3",-0.0203295835957858,0.012248839713383,0.285431162031599
"8402",31,"srfbp1",0.0251203381409488,0.0776742635142312,0.921672320163778
"8403",31,"maco1a",-0.0073303113331991,0.701568829771007,0.993489446331016
"8404",31,"fndc5b",0.0130155779483154,0.28461701417881,0.984612275003837
"8405",31,"marcksl1b",0.0181314964587464,0.693993609559785,0.993489446331016
"8406",31,"LOC111579063",0.014676747495179,0.37990140806854,0.98487850369265
"8407",31,"eif3i",-0.0382491907788136,0.012248839713383,0.285431162031599
"8408",31,"txlna",-0.00230847149384422,0.887743980866947,0.996208074900292
"8409",31,"kpna6",-0.0277638444028024,0.12115553621306,0.984612275003837
"8410",31,"khdrbs1b",-0.00237206945468195,0.947627265894643,0.996208074900292
"8411",31,"zgc:91944",-0.00751483999954061,0.685044171408076,0.993489446331016
"8412",31,"hpca",0.00371999931213881,0.810688496788068,0.996208074900292
"8413",31,"LOC111583889",-0.0200022866281196,0.785467370224553,0.996208074900292
"8414",31,"LOC111583893",-0.0183042977725684,0.498701923828045,0.98487850369265
"8415",31,"LOC111583895",-0.0275856750897945,0.119622132622657,0.984612275003837
"8416",31,"hivep3a",-0.000437377515363241,0.989627997047247,0.998253544131569
"8417",31,"phactr4a",0.0156857336620653,0.175845208249375,0.984612275003837
"8418",31,"oprd1a",0.00508384220148624,0.719309264449339,0.993489446331016
"8419",31,"tent5bb",-0.00989259866572333,0.585239938120241,0.993489446331016
"8420",31,"zdhhc18b",-0.00577119343273643,0.735884077429854,0.996208074900292
"8421",31,"nudc",-0.0445250969529374,0.0212919380045868,0.449226586660185
"8422",31,"arid1ab",-0.0114749189688976,0.834632320027093,0.996208074900292
"8423",31,"tmem222b",0.00753325123692372,0.524188473119959,0.98487850369265
"8424",31,"sh3bgrl3",0.013073329298411,0.435029999340481,0.98487850369265
"8425",31,"trappc9",0.0777900106614751,0.170358534505864,0.984612275003837
"8426",31,"kcnk9",-0.0769493916071028,0.00617077005576325,0.285431162031599
"8427",31,"col22a1",-0.000385819212686507,0.976863081188404,0.996208074900292
"8428",31,"fam135b",0.00579779623417536,0.723153185155939,0.99601480790242
"8429",31,"LOC129350596",0.00860777538798724,0.277108390625424,0.984612275003837
"8430",31,"khdrbs3",-0.0297564634956186,0.217621185581445,0.984612275003837
"8431",31,"LOC111564276",-0.0106678761050329,0.239975430746403,0.984612275003837
"8432",31,"parp10",0.0111613775836361,0.340841700847866,0.984612275003837
"8433",31,"cpsf1",0.0159874149442419,0.378617731904024,0.98487850369265
"8434",31,"ctdp1",-0.00587041964255681,0.892529554258239,0.996208074900292
"8435",31,"kcng2",-0.00721554807489866,0.609208459702406,0.993489446331016
"8436",31,"slc66a2",-0.00682052361692023,0.643899889276156,0.993489446331016
"8437",31,"sdhaf3",-0.0385700765006879,0.0276227285715577,0.536843544526319
"8438",31,"tac1",-0.000946302442796302,0.954942025778576,0.996208074900292
"8439",31,"matcap2",0.0132939142863827,0.096247811468153,0.974963766271218
"8440",31,"eepd1",0.0104952470232607,0.495810769888921,0.98487850369265
"8441",31,"septin7a",0.00363598865519542,0.719309264449339,0.993489446331016
"8442",31,"lrrc3b",-0.0226137051011545,0.0732526265684173,0.904122159128314
"8443",31,"ngly1",-0.0212350710046742,0.320954990961166,0.984612275003837
"8444",31,"top2b",-0.0156793104797926,0.557612671805466,0.993489446331016
"8445",31,"LOC111573403",0.0395635339201182,0.512975698715223,0.98487850369265
"8446",31,"thrb",-0.00985426464152184,0.874930243177319,0.996208074900292
"8447",31,"LOC118470806",0.00856300693752814,0.409008951436674,0.98487850369265
"8448",31,"rpl15",-0.100390317039486,0.0154479548508128,0.348244142128956
"8449",31,"nkiras1",0.0281750700722169,0.231511011496782,0.984612275003837
"8450",31,"ube2e1",0.0152380194625426,0.290558695443556,0.984612275003837
"8451",31,"LOC111573404",-0.0087577836253491,0.854741591843642,0.996208074900292
"8452",31,"sf3a3",-0.0183424945268774,0.248332476410057,0.984612275003837
"8453",31,"maneal",-0.0313563121323094,0.278720161613545,0.984612275003837
"8454",31,"LOC111573413",-0.00111266579697047,0.947900871079468,0.996208074900292
"8455",31,"foxo6b",0.0362409143590037,0.171720551616701,0.984612275003837
"8456",31,"LOC111575783",-0.00752602637285575,0.878024183434217,0.996208074900292
"8457",31,"LOC111575784",-0.00483473223240602,0.669316640178549,0.993489446331016
"8458",31,"rab42a",-0.0440991759731699,0.139810630284476,0.984612275003837
"8459",31,"gmeb1",0.00724193131577565,0.454664958795382,0.98487850369265
"8460",31,"ptprua",-0.00395719196038617,0.879221330148113,0.996208074900292
"8461",31,"LOC111585248",-0.0431026355214078,0.146910291123572,0.984612275003837
"8462",31,"LOC111585651",-0.0225003608643204,0.322797278061887,0.984612275003837
"8463",31,"si:dkey-240h12.4",0.00112071392136525,0.912874122491245,0.996208074900292
"8464",31,"ssr2",0.0232992870774303,0.0525872664409965,0.782525367330235
"8465",31,"LOC111585722",-0.0143944747988164,0.692881080847427,0.993489446331016
"8466",31,"ppp1r10",-0.0614669008074379,0.108879418114801,0.984612275003837
"8467",31,"mrps18b",0.010545469436274,0.687291671378197,0.993489446331016
"8468",31,"abcf1",-0.0451812920993309,0.0154281977148955,0.348244142128956
"8469",31,"c15h6orf136",0.0304661957372764,0.0677328711657053,0.873200773327847
"8470",31,"si:dkey-81h8.1",0.0565167703520819,0.145426053723639,0.984612275003837
"8471",31,"sema4ab",0.0204395270301057,0.347847829594304,0.98487850369265
"8472",31,"thap7",-0.00523125017295642,0.895106088567285,0.996208074900292
"8473",31,"mgat1b",0.00106679497020762,0.944294152634774,0.996208074900292
"8474",31,"vars2",-0.00231330405695693,0.929102232777631,0.996208074900292
"8475",31,"ppp1r11",0.00610550585587639,0.449472211946486,0.98487850369265
"8476",31,"c15h6orf47",-0.00330650467005078,0.725783989385412,0.996208074900292
"8477",31,"sacm1la",-0.00613616465018394,0.534213885992543,0.991846587216783
"8478",31,"LOC111585420",-0.0173428587180099,0.055328730124891,0.796960704901046
"8479",31,"tmem200b",0.00377563041623869,0.729711501500184,0.996208074900292
"8480",31,"epb41a",0.0220989589715505,0.771787675615937,0.996208074900292
"8481",31,"stx12",0.018255719775961,0.628849281902228,0.993489446331016
"8482",31,"gatad2b",0.0202758887024246,0.569592466407718,0.993489446331016
"8483",31,"LOC111585124",-0.00666098814757816,0.703846082467281,0.993489446331016
"8484",31,"LOC111587924",-0.0126688466886441,0.47598313253538,0.98487850369265
"8485",31,"gtf2h4",-0.0216525443978568,0.140568977773196,0.984612275003837
"8486",31,"sh3bp5lb",-0.00412814715313585,0.783202525873909,0.996208074900292
"8487",31,"gabbr1b",-0.00648393501202382,0.895655069967214,0.996208074900292
"8488",31,"bag6l",0.0261464912696861,0.301249567072157,0.984612275003837
"8489",31,"atat1",-0.00541556404255285,0.87771252722685,0.996208074900292
"8490",31,"rpa3",-0.0235982423219408,0.0699717689526353,0.883322108729728
"8491",31,"umad1",-0.0207505606896552,0.317714018441106,0.984612275003837
"8492",31,"glcci1a",0.026703286918949,0.504519959431043,0.98487850369265
"8493",31,"phf14",-0.0416211611590089,0.510238465417774,0.98487850369265
"8494",31,"nxph1",-0.0330702193946813,0.648091532386254,0.993489446331016
"8495",31,"thsd7aa",-0.00492787692658843,0.911887974078374,0.996208074900292
"8496",31,"LOC111580949",-0.0189379580180337,0.324685959067731,0.984612275003837
"8497",31,"LOC111580945",0.00358580531345942,0.719309264449339,0.993489446331016
"8498",31,"LOC111580950",-0.0011408527876695,0.946098024472929,0.996208074900292
"8499",31,"chtopa",0.0135854740084268,0.689963119722878,0.993489446331016
"8500",31,"snapin",0.000203931979691845,0.980759557744195,0.99678337426189
"8501",31,"smad10a",-0.0102877185358688,0.580232912090988,0.993489446331016
"8502",31,"pex11b",0.0102224816019443,0.178144522860202,0.984612275003837
"8503",31,"ilf2",0.0174594239193949,0.34584019769038,0.98487850369265
"8504",31,"LOC111580938",-0.0368752860842366,0.234359110610137,0.984612275003837
"8505",31,"LOC111571916",-0.0141076818225766,0.456612972960649,0.98487850369265
"8506",31,"LOC111571910",0.0502812102234817,0.56741203467852,0.993489446331016
"8507",31,"LOC111571909",0.00538686804852316,0.935519104948173,0.996208074900292
"8508",31,"LOC111571912",-0.00159411388760372,0.895106088567285,0.996208074900292
"8509",31,"LOC111578860",-0.0151370751823416,0.779175855551934,0.996208074900292
"8510",31,"LOC129350654",-0.00752908839736117,0.530109044737199,0.989372540616599
"8511",31,"tmem65",-0.0314517193035276,0.378578517587421,0.98487850369265
"8512",31,"rnf139",0.0033883045692669,0.857083287250411,0.996208074900292
"8513",31,"ndufb9",0.00427243835567132,0.89858837189637,0.996208074900292
"8514",31,"LOC111577562",0.00450774868916627,0.719309264449339,0.993489446331016
"8515",31,"LOC111577561",-0.00662408744116761,0.526495788909668,0.987067996133977
"8516",31,"LOC111570495",0.00183828254793132,0.848948174548901,0.996208074900292
"8517",31,"LOC111570492",0.0248365815527065,0.522936597659115,0.98487850369265
"8518",31,"LOC111562686",-0.0143775100274089,0.193406762183049,0.984612275003837
"8519",31,"LOC129350676",-0.0495748822407445,0.464451523195982,0.98487850369265
"8520",31,"LOC111572448",0.00812054596448869,0.278445653267887,0.984612275003837
"8521",31,"mindy1",0.0212189264663887,0.414735843526394,0.98487850369265
"8522",31,"LOC118470947",0.00298333849782732,0.719309264449339,0.993489446331016
"8523",31,"LOC118470946",0.0182492527980432,0.173429847178261,0.984612275003837
"8524",31,"vps45",0.00363598865519542,0.719309264449339,0.993489446331016
"8525",31,"plekho1a",0.0176209675985205,0.126681979820051,0.984612275003837
"8526",31,"anp32e",0.0120408038952872,0.606587924143955,0.993489446331016
"8527",31,"gabpb2a",0.0141761913477331,0.311852412264917,0.984612275003837
"8528",31,"mllt11",-0.0244424149652724,0.426397520904546,0.98487850369265
"8529",31,"cdc42se1",0.0112523684122595,0.468831288869143,0.98487850369265
"8530",31,"slc39a7",-0.00203664920051126,0.952848791412124,0.996208074900292
"8531",31,"LOC111562464",-0.0295788085977954,0.153655046157175,0.984612275003837
"8532",31,"LOC111580525",0.00538027436815882,0.713840974566347,0.993489446331016
"8533",31,"rxrba",0.0629128062574588,0.0105692021206861,0.285431162031599
"8534",31,"LOC111584594",-0.000310864050245439,0.976863081188404,0.996208074900292
"8535",31,"LOC111584596",0.00298333849782732,0.719309264449339,0.993489446331016
"8536",31,"brd2a",-0.0175050824372166,0.358604634411343,0.98487850369265
"8537",31,"psmb9a",0.0109615178727164,0.524188473119959,0.98487850369265
"8538",31,"psmb13a",-0.000310864050245439,0.976863081188404,0.996208074900292
"8539",31,"LOC111584589",0.0255627618843159,0.23217805450491,0.984612275003837
"8540",31,"tapbp.1",0.00872754214644405,0.719309264449339,0.993489446331016
"8541",31,"daxx",-0.00530911232876835,0.750418256200754,0.996208074900292
"8542",31,"zbtb22b",0.0175845012765056,0.318176078851338,0.984612275003837
"8543",31,"znf384a",-0.00853658705467702,0.763805005085165,0.996208074900292
"8544",31,"flot1a",-0.0162522495870252,0.189185830536446,0.984612275003837
"8545",31,"LOC111565388",0.036226479472924,0.10744609199417,0.984612275003837
"8546",31,"LOC111565387",-0.0384408482280586,0.528794244194498,0.988671601424753
"8547",31,"pvrl2l",0.0527464026609224,0.652744971974289,0.993489446331016
"8548",31,"LOC129350675",0.00943634442644715,0.340841700847866,0.984612275003837
"8549",31,"LOC118469735",-0.0136111300454448,0.32845016189347,0.984612275003837
"8550",31,"atp1a3a",7.8473093181133e-05,0.998927242647896,0.999859294605512
"8551",31,"LOC111563194",-0.0438803359156009,0.012248839713383,0.285431162031599
"8552",31,"cica",0.0394756301719324,0.377597948846486,0.98487850369265
"8553",31,"gsk3aa",0.00705822841361919,0.675895432794374,0.993489446331016
"8554",31,"zgc:91910",0.000202286678134365,0.992039031011903,0.998749412702406
"8555",31,"bmp8a",-0.00529424040183039,0.599185934781445,0.993489446331016
"8556",31,"macf1a",0.0380988994469536,0.323005002833574,0.984612275003837
"8557",31,"ndufs5",-0.00848347280921858,0.623298379817463,0.993489446331016
"8558",31,"rnf19b",-0.0297841252028603,0.110778515694806,0.984612275003837
"8559",31,"ak2",-0.00689871134787419,0.707189641748338,0.993489446331016
"8560",31,"LOC111564494",-0.0121023222720913,0.526152842960587,0.987001993870552
"8561",31,"LOC118469885",-0.0181640965692765,0.0917077026367856,0.968176709236254
"8562",31,"si:ch1073-513e17.1",-0.0330501453994197,0.11513373313132,0.984612275003837
"8563",31,"zmym4.1",0.0214379377309628,0.4713433905611,0.98487850369265
"8564",31,"LOC111564496",-0.0102463562548361,0.398055042756823,0.98487850369265
"8565",31,"LOC111563937",-0.00268172099256171,0.916650769254646,0.996208074900292
"8566",31,"LOC111563938",-0.0404336620496212,0.239807073539285,0.984612275003837
"8567",31,"rpl11",-0.00539419176887101,0.888239180537882,0.996208074900292
"8568",31,"eloa",0.00363794869797504,0.902132329738539,0.996208074900292
"8569",31,"pithd1",0.0264683236828169,0.0941987691623337,0.972275180017018
"8570",31,"lypla2",0.0324389244728665,0.376482936329962,0.98487850369265
"8571",31,"sfpq",0.0542949966630509,0.348970394866867,0.98487850369265
"8572",31,"LOC111563931",-0.0161984077091706,0.012248839713383,0.285431162031599
"8573",31,"LOC111563932",0.00599124378204718,0.524188473119959,0.98487850369265
"8574",31,"LOC111569254",0.0232156293373522,0.220156104106013,0.984612275003837
"8575",31,"LOC111569252",-0.0111633780327695,0.32667109214749,0.984612275003837
"8576",31,"ints8",-0.000853064082457408,0.971495538165644,0.996208074900292
"8577",31,"LOC111568985",0.0144136427892149,0.249940710198639,0.984612275003837
"8578",31,"nudcd1",0.0151284264759789,0.328906482076102,0.984612275003837
"8579",31,"eif3eb",-0.0181597056006543,0.012248839713383,0.285431162031599
"8580",31,"pleca",0.0319326579218547,0.275450466995704,0.984612275003837
"8581",31,"fbxl6",0.000493995342717713,0.96809249094622,0.996208074900292
"8582",31,"atp9b",0.0112184932753137,0.716289160660632,0.993489446331016
"8583",31,"LOC111575234",-0.0203320305775218,0.239263553284484,0.984612275003837
"8584",31,"LOC118470987",-0.00023125098934667,0.984446452683962,0.996956250321918
"8585",31,"LOC111575238",0.00609352693005416,0.524188473119959,0.98487850369265
"8586",31,"LOC111575244",-0.0161984077091706,0.012248839713383,0.285431162031599
"8587",31,"LOC129350729",-0.0132148828535011,0.012248839713383,0.285431162031599
"8588",31,"cct3",0.00776133830461184,0.736343172692832,0.996208074900292
"8589",31,"glmp",0.0101820768803673,0.474549785113806,0.98487850369265
"8590",31,"stm",0.0095770490955066,0.422443111372026,0.98487850369265
"8591",31,"hsf1",-0.00948335226396526,0.310871793088602,0.984612275003837
"8592",31,"bop1",0.012622206770306,0.209685242472393,0.984612275003837
"8593",31,"ntaq1",0.00430082368198185,0.730131722243476,0.996208074900292
"8594",31,"lrp12",0.0405195132306965,0.0611434787539902,0.830812925823552
"8595",31,"utp23",0.00672733280398232,0.466194056109338,0.98487850369265
"8596",31,"rad21b",-0.000418266595330516,0.976863081188404,0.996208074900292
"8597",31,"med30",-0.0079254863456549,0.805285274840347,0.996208074900292
"8598",31,"ext1b",0.055352192984991,0.164879141580282,0.984612275003837
"8599",31,"samd12",0.00543760069910196,0.855074389333521,0.996208074900292
"8600",31,"angpt1",0.00626431327642107,0.340841700847866,0.984612275003837
"8601",31,"LOC111571373",-0.0513662638237051,0.405617664097463,0.98487850369265
"8602",31,"zgc:114119",0.00758360119437663,0.544630324299602,0.993489446331016
"8603",31,"LOC111569149",0.0115278153624909,0.4132698170855,0.98487850369265
"8604",31,"mbpa",0.00388993511778056,0.864529195039528,0.996208074900292
"8605",31,"zbtb22a",-0.00901778381213524,0.467698971941252,0.98487850369265
"8606",31,"LOC111569145",0.0188408077418028,0.518345849451787,0.98487850369265
"8607",31,"naxe",0.00825851771846385,0.615302264265187,0.993489446331016
"8608",31,"lmna",-0.00721689153966511,0.450063333900414,0.98487850369265
"8609",31,"usf2",-0.0100704480784978,0.386294312090643,0.98487850369265
"8610",31,"ago3b",0.00094365822148219,0.920505902068102,0.996208074900292
"8611",31,"LOC111562609",-0.0129013444497973,0.604947490803234,0.993489446331016
"8612",31,"tomm40l",-0.0150601500659884,0.448321284598413,0.98487850369265
"8613",31,"msto1",-0.0162083852705709,0.0967726458579784,0.974963766271218
"8614",31,"srsf4",-0.000866862156141191,0.982826644859977,0.996956250321918
"8615",31,"xkr8.3",0.00618980061484393,0.417044296918588,0.98487850369265
"8616",31,"eya3",-0.0514560792310594,0.0122488397133829,0.285431162031599
"8617",31,"si:ch211-195b13.1",-0.00182913619806184,0.950088681745383,0.996208074900292
"8618",31,"LOC111586096",0.011890647253518,0.618021384456416,0.993489446331016
"8619",31,"LOC129350621",-0.0108749788866759,0.56503713522845,0.993489446331016
"8620",31,"hivep1",-0.00965417407256119,0.613703676874146,0.993489446331016
"8621",31,"LOC129350611",-0.00914468513403636,0.471565169710587,0.98487850369265
"8622",31,"tmem170b",-0.0252593564786556,0.250972192381857,0.984612275003837
"8623",31,"nedd9",0.00410737824785311,0.899851390091348,0.996208074900292
"8624",31,"smim13",-0.0134065204351073,0.263929130967789,0.984612275003837
"8625",31,"thrap3b",0.0311850698527864,0.407411868825182,0.98487850369265
"8626",31,"map7d1b",0.0479034777836704,0.108691105503219,0.984612275003837
"8627",31,"meaf6",0.00703144479507726,0.611493604568935,0.993489446331016
"8628",31,"rragcb",-0.00215114589991029,0.895106088567285,0.996208074900292
"8629",31,"ppt1",0.00767536331138099,0.646039805319972,0.993489446331016
"8630",31,"cap1",0.0149258404885782,0.5228023608445,0.98487850369265
"8631",31,"kiaa0319l",0.0372003278677938,0.455583981593928,0.98487850369265
"8632",31,"LOC129350719",-0.0193522607521031,0.000368863567038794,0.285431162031599
"8633",31,"LOC111586879",-0.0257525627470465,0.207030902775729,0.984612275003837
"8634",31,"LOC118471313",0.0185903595922467,0.39195634461265,0.98487850369265
"8635",31,"ago4",-0.0350729606517012,0.565291470083472,0.993489446331016
"8636",31,"LOC129350602",-0.00934182586571945,0.251350616729581,0.984612275003837
"8637",31,"LOC111583312",0.0089735063077534,0.60250877065194,0.993489446331016
"8638",31,"LOC129350825",0.00117041710848504,0.952881085432736,0.996208074900292
"8639",31,"ehbp1",-0.010751282211269,0.813665358293363,0.996208074900292
"8640",31,"otx1",-0.00328324539484735,0.777187243411234,0.996208074900292
"8641",31,"wdpcp",-0.0388614915939789,0.126465838089159,0.984612275003837
"8642",31,"mdh1ab",-0.00776305461778279,0.344721214389116,0.98487850369265
"8643",31,"ugp2b",-0.0525721900268775,0.0829214947624933,0.938957631662252
"8644",31,"LOC129350813",-0.000385904769321959,0.976863081188404,0.996208074900292
"8645",31,"desi2",0.0147492534586409,0.644820609058529,0.993489446331016
"8646",31,"anapc1",0.0193247274105206,0.502619862781918,0.98487850369265
"8647",31,"LOC118469603",0.010939495034599,0.719309264449339,0.993489446331016
"8648",31,"LOC111571898",0.0106723690486299,0.343492681492153,0.984612275003837
"8649",31,"pank1a",-0.0597676875406029,0.0533053721882598,0.785917251791734
"8650",31,"mrps5",-0.00601953935321008,0.691008649152199,0.993489446331016
"8651",31,"slc8a1b",-0.0272413415622683,0.464385983704398,0.98487850369265
"8652",31,"thumpd2",-0.0161984077091706,0.012248839713383,0.285431162031599
"8653",31,"LOC111571302",0.00782170691313204,0.844075490800202,0.996208074900292
"8654",31,"slc17a5",-0.0451205697420307,0.0825122447988108,0.938284187973711
"8655",31,"cnrip1b",0.0079831601918814,0.605550159837089,0.993489446331016
"8656",31,"LOC111570968",0.00758783664376073,0.905542577223929,0.996208074900292
"8657",31,"dnaaf10",0.00363598865519542,0.719309264449339,0.993489446331016
"8658",31,"c1d",-0.0203295835957858,0.012248839713383,0.285431162031599
"8659",31,"LOC118470541",-0.000536266405394603,0.965669919701248,0.996208074900292
"8660",31,"meis1b",0.0178223300319915,0.0960302589941667,0.974963766271218
"8661",31,"LOC111566068",0.0115693660582942,0.670341215777751,0.993489446331016
"8662",31,"LOC111585653",-0.0505587424419418,0.0275087185874886,0.536249706260672
"8663",31,"LOC111585657",0.0063578934938849,0.524188473119959,0.98487850369265
"8664",31,"LOC111585656",-0.000237896569536798,0.986025634195526,0.997279674491186
"8665",31,"LOC111585654",0.0212753037105627,0.239029218088318,0.984612275003837
"8666",31,"abch1",-0.00305597794444588,0.924113296411969,0.996208074900292
"8667",31,"peli1b",0.031006184463138,0.276458418556406,0.984612275003837
"8668",31,"LOC111579976",-0.00864820601858986,0.521031767563259,0.98487850369265
"8669",31,"mrpl57",0.00697683070151568,0.524188473119959,0.98487850369265
"8670",31,"kcnh1a",-0.0132188166799137,0.439590268131793,0.98487850369265
"8671",31,"hhat",-0.00368435620895663,0.67779353984771,0.993489446331016
"8672",31,"camk2g2",0.105546909134604,0.055636481593442,0.798265267784206
"8673",31,"LOC111563983",0.0167648975484655,0.798725403484078,0.996208074900292
"8674",31,"LOC111563984",-0.0132148828535011,0.012248839713383,0.285431162031599
"8675",31,"LOC111563985",0.0272074310970016,0.261424929762354,0.984612275003837
"8676",31,"cfap36",0.0238751022902146,0.0908110822590663,0.964667868932546
"8677",31,"LOC111563987",0.00334377224632256,0.810789316519666,0.996208074900292
"8678",31,"cd74b",0.0142067990235821,0.512789876027703,0.98487850369265
"8679",31,"srbd1",-0.0118541899839668,0.302621763768223,0.984612275003837
"8680",31,"six3a",-0.0118541899839668,0.302621763768223,0.984612275003837
"8681",31,"camkmt",-0.00580160995742179,0.859721258366508,0.996208074900292
"8682",31,"prepl",0.022500135189831,0.0561762174622002,0.800678417437773
"8683",31,"ppm1ba",0.0233521754126228,0.173613189026453,0.984612275003837
"8684",31,"znhit2",-0.00051940690727712,0.976863081188404,0.996208074900292
"8685",31,"lrpprc",-0.0125764681164564,0.723462702423573,0.996098781090316
"8686",31,"dync2li1",0.0063860785295063,0.340841700847866,0.984612275003837
"8687",31,"lyrm7",0.0120891435340949,0.256941180806155,0.984612275003837
"8688",31,"hint1",0.0405112931629426,0.14718929915496,0.984612275003837
"8689",31,"cep170aa",0.0249429926388257,0.442825748066788,0.98487850369265
"8690",31,"rtkn2",0.0117769038260507,0.25867155955441,0.984612275003837
"8691",31,"arid5b",0.0175500783940038,0.612955310887263,0.993489446331016
"8692",31,"perp",0.00829553567994305,0.282926254222774,0.984612275003837
"8693",31,"tnfaip3",0.00565809654528095,0.598464723047023,0.993489446331016
"8694",31,"sdccag8",-0.0147505396117964,0.188536689492499,0.984612275003837
"8695",31,"akt3a",-0.0657723662009006,0.140147473416261,0.984612275003837
"8696",31,"zbtb18",-0.0203903481498679,0.156433455157886,0.984612275003837
"8697",31,"adss2",-0.0442404920506838,0.128316472499538,0.984612275003837
"8698",31,"LOC111580430",-0.016634094575962,0.167801019584896,0.984612275003837
"8699",31,"LOC111562720",-0.00936145235328272,0.502654503508317,0.98487850369265
"8700",31,"LOC111574098",0.00201626519928956,0.882058434550646,0.996208074900292
"8701",31,"si:ch73-52p7.1",0.00363598865519542,0.719309264449339,0.993489446331016
"8702",31,"ifngr1l",-0.0248399156197799,0.165843566098116,0.984612275003837
"8703",31,"pcnx2",0.00447899004090291,0.810348141681471,0.996208074900292
"8704",31,"rgs17",0.000171412793348214,0.992550678280726,0.998750879301711
"8705",31,"oprm1",0.000655150336521294,0.943749135071354,0.996208074900292
"8706",31,"sf3b5",-0.0118708636768119,0.212218356844146,0.984612275003837
"8707",31,"phactr2",0.0063860785295063,0.340841700847866,0.984612275003837
"8708",31,"LOC111571501",0.00665431551809197,0.869957754019719,0.996208074900292
"8709",31,"wapla",-7.98189067510056e-06,0.999607220391879,0.999859294605512
"8710",31,"grid1a",-0.000532461511925505,0.963055563235227,0.996208074900292
"8711",31,"ccser2a",0.0120927471659572,0.383253291326149,0.98487850369265
"8712",31,"ndnfl",-0.00625214858093288,0.834654652888761,0.996208074900292
"8713",31,"dnajc9",0.0119122672133686,0.169942252371424,0.984612275003837
"8714",31,"ecd",0.00298333849782732,0.719309264449339,0.993489446331016
"8715",31,"chrm3a",-0.0165092717594161,0.133010745152089,0.984612275003837
"8716",31,"fmn2a",-0.0052616974899234,0.551050788429762,0.993489446331016
"8717",31,"rgs7a",-0.0252991697752972,0.565031019532752,0.993489446331016
"8718",31,"LOC111576064",-0.0591426143881916,0.138223835131892,0.984612275003837
"8719",31,"LOC111586876",-0.00829540483082544,0.625837022817057,0.993489446331016
"8720",31,"LOC129350829",0.00450774868916627,0.719309264449339,0.993489446331016
"8721",31,"LOC111582757",4.75629929827511e-05,0.998820469595427,0.999859294605512
"8722",31,"LOC111582667",0.0132172183324479,0.670308016870896,0.993489446331016
"8723",31,"ank3a",0.00214006347630746,0.958460601986629,0.996208074900292
"8724",31,"ubac2",0.0193142816471228,0.129348810880874,0.984612275003837
"8725",31,"dachc",-0.0197562619340111,0.10111864875151,0.984612275003837
"8726",31,"mzt1",-0.00234941976814116,0.916762723841079,0.996208074900292
"8727",31,"dis3",0.00363598865519542,0.719309264449339,0.993489446331016
"8728",31,"klf5a",0.0063860785295063,0.340841700847866,0.984612275003837
"8729",31,"pgbd5",0.0258210314051823,0.49428422186318,0.98487850369265
"8730",31,"ikzf5",-0.00226425991399804,0.891067594775028,0.996208074900292
"8731",31,"zranb1b",0.0063578934938849,0.524188473119959,0.98487850369265
"8732",31,"ctbp2a",-0.0176877191681247,0.586994858649159,0.993489446331016
"8733",31,"edrf1",-0.00953223383866491,0.383116801733708,0.98487850369265
"8734",31,"insyn2ab",0.00812054596448869,0.278445653267887,0.984612275003837
"8735",31,"LOC111566886",0.0120230076180541,0.772815862879947,0.996208074900292
"8736",31,"gnrh3",0.00736337888579063,0.517525240112773,0.98487850369265
"8737",31,"mgmt",-0.0334166931375797,0.0584321399544455,0.81684128136913
"8738",31,"ebf3b",-0.00629802371193824,0.512200902765195,0.98487850369265
"8739",31,"ppp2r2d",-0.0165801997331163,0.209211358109633,0.984612275003837
"8740",31,"bnip4",-0.0309489473209671,0.0217797395843302,0.456484836026477
"8741",31,"smndc1",0.0152630504929587,0.545270042948901,0.993489446331016
"8742",31,"LOC111566898",-0.00805496265271979,0.252881455265435,0.984612275003837
"8743",31,"add3b",-0.0076142237892716,0.529630256575958,0.989372540616599
"8744",31,"LOC111580706",0.00458911957087143,0.85959960488951,0.996208074900292
"8745",31,"sorcs3b",0.0294015731230174,0.391983832965023,0.98487850369265
"8746",31,"LOC111580719",-0.0426868295526269,0.327825068797343,0.984612275003837
"8747",31,"LOC111580709",-0.0165381580482334,0.131803443215636,0.984612275003837
"8748",31,"slka",0.0173829384180872,0.0753881622029887,0.913992397521489
"8749",31,"ptena",0.00182620886353386,0.915016619226114,0.996208074900292
"8750",31,"LOC111588570",0.00430680162956472,0.8685698270749,0.996208074900292
"8751",31,"sgms1a",0.0163393008816862,0.413326544318882,0.98487850369265
"8752",31,"LOC111575530",-0.0246436142185049,0.044404675360967,0.713602176724185
"8753",31,"LOC111575536",-0.0161984077091706,0.012248839713383,0.285431162031599
"8754",31,"plek",0.0063860785295063,0.340841700847866,0.984612275003837
"8755",31,"pcsk2",-0.00372118839992303,0.926463982211724,0.996208074900292
"8756",31,"polh",-0.00513843671571526,0.475345628622165,0.98487850369265
"8757",31,"vdac2",0.00770190562427197,0.711725605518806,0.993489446331016
"8758",31,"LOC111575537",0.00039817882870058,0.982039593006676,0.996956250321918
"8759",31,"lrmda",-0.000435660709915935,0.976863081188404,0.996208074900292
"8760",31,"kcnma1a",-0.00838892066226904,0.724657490540343,0.996208074900292
"8761",31,"dlg5a",-0.021830745000528,0.615213433110208,0.993489446331016
"8762",31,"anxa11a",0.00712594784774268,0.606934776318058,0.993489446331016
"8763",31,"ppifa",-0.0175932354504232,0.194825959549164,0.984612275003837
"8764",31,"zmiz1a",0.00926048775427785,0.770002043043532,0.996208074900292
"8765",31,"rps24",-0.0213642651279974,0.441949597556361,0.98487850369265
"8766",31,"eif4ebp2",0.0296367955608236,0.20197408452742,0.984612275003837
"8767",31,"ppa1b",-0.00501844857569598,0.608760351633615,0.993489446331016
"8768",31,"tysnd1",0.017530861633195,0.521126928517706,0.98487850369265
"8769",31,"spock2",-0.0197512815770901,0.644292925577268,0.993489446331016
"8770",31,"dnajb12a",-0.0323158412036329,0.0740710774727732,0.908591954326234
"8771",31,"scdb",-0.00375115989501037,0.777300062935121,0.996208074900292
"8772",31,"hif1an",-0.0123049625010337,0.342771163804835,0.984612275003837
"8773",31,"chst3a",0.0267403081030335,0.321025886249866,0.984612275003837
"8774",31,"cdhr1a",-0.0161984077091706,0.012248839713383,0.285431162031599
"8775",31,"lrit2",-0.0161984077091706,0.012248839713383,0.285431162031599
"8776",31,"lrit1a",-0.024459011782935,0.0391951843000381,0.666785980128103
"8777",31,"rgra",0.0181363103857634,0.75809251824833,0.996208074900292
"8778",31,"LOC118469151",0.00599124378204718,0.524188473119959,0.98487850369265
"8779",31,"ogdhl",0.0032647170300841,0.806616311146722,0.996208074900292
"8780",31,"parga",0.0334645534753648,0.0677255849705541,0.873200773327847
"8781",31,"LOC111564392",-0.00227816813463325,0.90213846290892,0.996208074900292
"8782",31,"mark1",0.0305238289797565,0.227511826389934,0.984612275003837
"8783",31,"efemp1",-0.00153565675829535,0.895106088567285,0.996208074900292
"8784",31,"LOC129350764",-0.0303133464933043,0.110253837325225,0.984612275003837
"8785",31,"LOC111564374",-0.00572754747942852,0.692204728379136,0.993489446331016
"8786",31,"tp53bp2a",0.00898799274790896,0.810672499412946,0.996208074900292
"8787",31,"LOC111564399",0.0321915107489434,0.471834650886441,0.98487850369265
"8788",31,"lzts2a",0.0701969614444712,0.272340273042192,0.984612275003837
"8789",31,"sfxn3",-0.00668470003191908,0.847009445294998,0.996208074900292
"8790",31,"LOC111564381",-0.0405546011173754,0.136447199958788,0.984612275003837
"8791",31,"zgc:154058",0.00887761617586247,0.435575921657908,0.98487850369265
"8792",31,"si:ch211-198a12.6",-0.0196357520566937,0.260704054887709,0.984612275003837
"8793",31,"ccar1",-0.00854460885986583,0.68524576138714,0.993489446331016
"8794",31,"zgc:110319",0.0313633372957471,0.205338130959665,0.984612275003837
"8795",31,"eif4e1c",0.00217227377678423,0.928941013851261,0.996208074900292
"8796",31,"tet1",-0.0073365793577725,0.598113658189664,0.993489446331016
"8797",31,"slc25a16",-0.00957341280481393,0.533216502669514,0.991505989400577
"8798",31,"marchf8",0.0091672018040208,0.679314579071401,0.993489446331016
"8799",31,"zfand4",0.026062363960061,0.175841802088639,0.984612275003837
"8800",31,"washc2c",-0.00858069033222784,0.499033936138538,0.98487850369265
"8801",31,"slf2",0.0141222452489522,0.388220240517173,0.98487850369265
"8802",31,"LOC111564371",-0.0317749587980429,0.0376931656272582,0.648110235255819
"8803",31,"LOC111564403",-0.025545611163173,0.0906843691295718,0.964667868932546
"8804",31,"zgc:171482",-0.0529533882933872,0.259345045220815,0.984612275003837
"8805",31,"LOC129350820",0.0478130115849022,0.0165997862583134,0.368383145908972
"8806",31,"golga7bb",-0.000457215196598615,0.972983937171694,0.996208074900292
"8807",31,"zgc:123010",0.00363598865519542,0.719309264449339,0.993489446331016
"8808",31,"slc25a28",-0.0177658064137643,0.374022444393964,0.98487850369265
"8809",31,"LOC111578282",-0.00757729021825382,0.706289362026615,0.993489446331016
"8810",31,"hps1",-0.00159655633335685,0.895106088567285,0.996208074900292
"8811",31,"ankrd2",0.00358553394113734,0.719309264449339,0.993489446331016
"8812",31,"wu:fc17b08",0.0346696831991716,0.184995595485853,0.984612275003837
"8813",31,"slit1a",-0.037608161682213,0.0229373916406557,0.473019168126513
"8814",31,"LOC111579231",-0.0116952479250776,0.560017301008835,0.993489446331016
"8815",31,"LOC111578867",0.00626431327642107,0.340841700847866,0.984612275003837
"8816",31,"ldb1a",0.0240678620404708,0.355941995929523,0.98487850369265
"8817",31,"pprc1",0.00859760046921035,0.303821709240099,0.984612275003837
"8818",31,"oga",-0.0601088806418429,0.158245637006081,0.984612275003837
"8819",31,"npm3",-0.000310864050245439,0.976863081188404,0.996208074900292
"8820",31,"LOC111577440",-0.00430800252798616,0.583569701386136,0.993489446331016
"8821",31,"zdhhc16a",0.001060662434804,0.912042602221448,0.996208074900292
"8822",31,"ubtd1a",-0.0204786466694396,0.358384813696569,0.98487850369265
"8823",31,"rrp12",0.00450774868916627,0.719309264449339,0.993489446331016
"8824",31,"ptpn20",-0.0164923847322666,0.116764222303869,0.984612275003837
"8825",31,"mapk8a",-0.0130717220623724,0.625977454603799,0.993489446331016
"8826",31,"arhgap22",-0.0035747794824897,0.749209466829339,0.996208074900292
"8827",31,"si:ch211-223a10.1",0.0210857714006043,0.084186014269548,0.947240355294292
"8828",31,"ercc6",-0.00409021018620235,0.838738611230466,0.996208074900292
"8829",31,"sprn",0.00993676073957756,0.173139569205113,0.984612275003837
"8830",31,"echs1",-0.0191027746779411,0.173458046868679,0.984612275003837
"8831",31,"erlin1",0.0156379573940371,0.314619319773234,0.984612275003837
"8832",31,"LOC111581409",0.00336809711334705,0.783479981059896,0.996208074900292
"8833",31,"LOC111581406",-0.0242044545305781,0.161632475911036,0.984612275003837
"8834",31,"adka",0.00626431327642107,0.340841700847866,0.984612275003837
"8835",31,"LOC111581412",-0.00107813195120411,0.92510661334345,0.996208074900292
"8836",31,"agpat5",0.00893508131214136,0.61407403541897,0.993489446331016
"8837",31,"tmem14a",-0.00159411388760372,0.895106088567285,0.996208074900292
"8838",31,"gsta.1",-0.000321088283375322,0.976863081188404,0.996208074900292
"8839",31,"cilk1",-0.0250457826886927,0.150082762167595,0.984612275003837
"8840",31,"fbxo9",-0.00058855618881762,0.985168363855319,0.996956250321918
"8841",31,"elovl5",-0.00229118264603082,0.895106088567285,0.996208074900292
"8842",31,"gclc",-0.00686625280229657,0.569165422862725,0.993489446331016
"8843",31,"hmgcll1",0.0312227016749772,0.127266850559199,0.984612275003837
"8844",31,"zmp:0000000760",-0.00037492175215017,0.976863081188404,0.996208074900292
"8845",31,"dst",0.0228969854141267,0.594811441966819,0.993489446331016
"8846",31,"znf451",0.00710685452924975,0.242200783754957,0.984612275003837
"8847",31,"rab23",-0.0048591389581505,0.68226669236205,0.993489446331016
"8848",31,"khdrbs2",-0.0200981078980042,0.0554834263254568,0.796960704901046
"8849",31,"phf3",-0.0116058062697596,0.265764740886505,0.984612275003837
"8850",31,"eys",-0.0140982413961122,0.259316084770014,0.984612275003837
"8851",31,"adgrb3",0.0456891424567811,0.432133914028566,0.98487850369265
"8852",31,"LOC129350874",0.0138098177273592,0.247450260488272,0.984612275003837
"8853",31,"lmbrd1",-0.0122329873152679,0.629350142370706,0.993489446331016
"8854",31,"fam135a",0.0194975028961713,0.507444871659498,0.98487850369265
"8855",31,"tarbp1",-0.0138321615682955,0.171335427380593,0.984612275003837
"8856",31,"slc35f3b",-0.0402355610792357,0.384104777130403,0.98487850369265
"8857",31,"kcnk1b",0.018359681005979,0.584482519637925,0.993489446331016
"8858",31,"map3k4",0.00578834808589214,0.790088230915137,0.996208074900292
"8859",31,"wdr27",0.00892298465925429,0.340841700847866,0.984612275003837
"8860",31,"psme4a",-0.00952823615730558,0.720938571047367,0.994374714974634
"8861",31,"gpr75",0.00298333849782732,0.719309264449339,0.993489446331016
"8862",31,"LOC111562983",-0.064962709605499,0.60761027871839,0.993489446331016
"8863",31,"LOC111562964",-0.0132148828535011,0.012248839713383,0.285431162031599
"8864",31,"ppp1r21",-0.00059041323528002,0.97566355186271,0.996208074900292
"8865",31,"foxn2a",-0.0085697928716915,0.488590477592118,0.98487850369265
"8866",31,"fbxo11a",0.0214586954472903,0.355560975049973,0.98487850369265
"8867",31,"msh6",-0.00159411388760372,0.895106088567285,0.996208074900292
"8868",31,"kcnk12",0.00358580531345942,0.719309264449339,0.993489446331016
"8869",31,"golga4",0.0430022172964008,0.217804693063622,0.984612275003837
"8870",31,"LOC111576116",-0.00413567128676351,0.612529847123156,0.993489446331016
"8871",31,"tmem87b",-0.0103414463988763,0.491010963277464,0.98487850369265
"8872",31,"sft2d1",-0.00749935384547363,0.490874914518855,0.98487850369265
"8873",31,"prr18",0.00878026390333001,0.478276657791987,0.98487850369265
"8874",31,"pde10a",-0.00336520014844503,0.937256633493591,0.996208074900292
"8875",31,"psap",0.0339677262794544,0.466520470262306,0.98487850369265
"8876",31,"mrps6",-0.0162675919103921,0.135082940703926,0.984612275003837
"8877",31,"nolc1",-0.00983090932059359,0.403367439202584,0.98487850369265
"8878",31,"micu1",-0.0200829335393106,0.427967159901495,0.98487850369265
"8879",31,"mcu",0.0280780455145479,0.563743777989338,0.993489446331016
"8880",31,"tacc2",0.0288934530135257,0.118312192576614,0.984612275003837
"8881",31,"LOC129350795",0.00298333849782732,0.719309264449339,0.993489446331016
"8882",31,"cst3",0.0298746883323421,0.236370002741343,0.984612275003837
"8883",31,"snx5",-0.0191540043562984,0.0581195161448099,0.81536762903909
"8884",31,"rrbp1a",-0.00260206349678997,0.845275252236775,0.996208074900292
"8885",31,"LOC111585234",-0.0244430234462542,0.0223664086560043,0.464229650211274
"8886",31,"LOC111585242",-0.0349167830945604,0.172960542248681,0.984612275003837
"8887",31,"macrod2",0.0301357440803396,0.527445333272806,0.987670261297852
"8888",31,"flrt3",0.0285061901480064,0.202748382782492,0.984612275003837
"8889",31,"tasp1",0.00407317395439201,0.719309264449339,0.993489446331016
"8890",31,"btbd3b",-0.0339140374323264,0.0182856509288179,0.399991132711637
"8891",31,"slx4ip",0.00298333849782732,0.719309264449339,0.993489446331016
"8892",31,"srd5a2b",-0.0385685712569523,0.0268949520581883,0.529917823482415
"8893",31,"memo1",0.00439645460007031,0.873768385455716,0.996208074900292
"8894",31,"LOC111573719",-0.0032502389617364,0.87594563994684,0.996208074900292
"8895",31,"LOC111573722",-0.00239599431438483,0.932712862347111,0.996208074900292
"8896",31,"heatr5b",0.0047849601618247,0.820465281761051,0.996208074900292
"8897",31,"gpatch11",-0.0162063699011203,0.0122488397133829,0.285431162031599
"8898",31,"eif2ak2",0.0102344665280609,0.340841700847866,0.984612275003837
"8899",31,"LOC111573734",0.0117878976508225,0.29966472031861,0.984612275003837
"8900",31,"LOC129350808",0.00597970207124785,0.451536277247473,0.98487850369265
"8901",31,"irf2bp2a",-0.0371979851618787,0.141087102024521,0.984612275003837
"8902",31,"tomm20a",0.0263030366771984,0.254486461905354,0.984612275003837
"8903",31,"arid4b",-0.0126399339195274,0.630460825234103,0.993489446331016
"8904",31,"b3galnt2",0.00633424379069948,0.668361931148634,0.993489446331016
"8905",31,"LOC111573728",0.0062165190993478,0.423288479359027,0.98487850369265
"8906",31,"lyst",-0.0125507230595993,0.513558264643599,0.98487850369265
"8907",31,"gpr137ba",0.0278070985970807,0.16684507998498,0.984612275003837
"8908",31,"egln1a",0.0207837799285367,0.24852264473224,0.984612275003837
"8909",31,"tsnax",-0.000395775326534228,0.980108844790522,0.996703863757666
"8910",31,"disc1",0.0249399328154788,0.175777125724809,0.984612275003837
"8911",31,"LOC111574718",0.0358474091260663,0.365484864672188,0.98487850369265
"8912",31,"klhdc3",0.00808107672924177,0.74707516953447,0.996208074900292
"8913",31,"LOC111574725",-0.0126319871333005,0.370829848113379,0.98487850369265
"8914",31,"zmp:0000000755",-0.0144912335034725,0.546682734620284,0.993489446331016
"8915",31,"mrpl2",0.00587432847360153,0.740379354042095,0.996208074900292
"8916",31,"klc1b",0.0241713567863253,0.590523964868905,0.993489446331016
"8917",31,"fhip2a",-0.00131115007482333,0.821165989479486,0.996208074900292
"8918",31,"ablim1a",-0.00324496872635108,0.869017482002805,0.996208074900292
"8919",31,"LOC111571803",0.00435795968077315,0.7270816965732,0.996208074900292
"8920",31,"LOC111571793",0.0073684437829486,0.462031388605117,0.98487850369265
"8921",31,"LOC111571797",0.0140055862725288,0.424343412874938,0.98487850369265
"8922",31,"fgfr2",-0.0191540043562984,0.0581195161448099,0.81536762903909
"8923",31,"wdr11",-0.037664463436395,0.178960071542673,0.984612275003837
"8924",31,"plpp4",0.0180432996654366,0.319146564529809,0.984612275003837
"8925",31,"cdh23",0.00990010091545243,0.524188473119959,0.98487850369265
"8926",31,"eif3s6ip",-0.0192227236032171,0.142056950692845,0.984612275003837
"8927",31,"smoc2",0.00155821189078553,0.879934319894228,0.996208074900292
"8928",31,"dact2",-0.00813127287792517,0.77842174302062,0.996208074900292
"8929",31,"lrrfip2",0.0400930483966635,0.254226739626608,0.984612275003837
"8930",31,"mlh1",0.0063578934938849,0.524188473119959,0.98487850369265
"8931",31,"herc4",0.0124968254466538,0.2599080376711,0.984612275003837
"8932",31,"LOC111573088",0.0356924554721759,0.276353849207321,0.984612275003837
"8933",31,"sirt1",0.00900942876283642,0.485861323821682,0.98487850369265
"8934",31,"cacul1",-0.0165381580482334,0.131803443215636,0.984612275003837
"8935",31,"tial1",0.0185618310472652,0.390595402934079,0.98487850369265
"8936",31,"bag3",-0.00652692757540296,0.377306206456974,0.98487850369265
"8937",31,"inpp5f",-0.0123432593444947,0.565415128048602,0.993489446331016
"8938",31,"sec23ip",-0.0151674566465558,0.126593572616248,0.984612275003837
"8939",31,"ret",-0.0161984077091706,0.012248839713383,0.285431162031599
"8940",31,"LOC111573102",0.0102796176007356,0.177533730053005,0.984612275003837
"8941",31,"fam204a",-0.0298899502431739,0.146868962260655,0.984612275003837
"8942",31,"LOC111573125",0.0259739906568923,0.263962501344766,0.984612275003837
"8943",31,"emx2",0.029016792389071,0.1876779307239,0.984612275003837
"8944",31,"eif3s10",-0.000163121341259395,0.992067518932392,0.998749412702406
"8945",31,"dennd10",-0.0315669315166103,0.0325887455473046,0.593847326157312
"8946",31,"sfxn4",0.00312216735804906,0.340841700847866,0.984612275003837
"8947",31,"prdx3",-0.0236996213376768,0.409096954401248,0.98487850369265
"8948",31,"tm9sf3",0.0216977611145117,0.110080591587782,0.984612275003837
"8949",31,"vwc2",0.00277881138241207,0.871211788374486,0.996208074900292
"8950",31,"ikzf1",-0.000310864050245439,0.976863081188404,0.996208074900292
"8951",31,"fbxw4",0.0170797349671163,0.695662920919517,0.993489446331016
"8952",31,"slc2a15a",0.00363598865519542,0.719309264449339,0.993489446331016
"8953",31,"sdhaf4",-0.0311062801058972,9.06605664549891e-05,0.285431162031599
"8954",31,"cep68",0.00080422442020369,0.9378814160175,0.996208074900292
"8955",31,"LOC111564302",0.0156108711683456,0.629104669220854,0.993489446331016
"8956",31,"nt5c2a",0.0237995344247624,0.077229068943824,0.919755233249191
"8957",31,"borcs7",-0.00153565675829535,0.895106088567285,0.996208074900292
"8958",31,"LOC129350806",-0.0010293730909604,0.926076202573652,0.996208074900292
"8959",31,"LOC111578198",0.0121787696333946,0.580376828711425,0.993489446331016
"8960",31,"LOC111563636",0.00599124378204718,0.524188473119959,0.98487850369265
"8961",31,"ctu2",0.0310484309537778,0.0889736019575766,0.963905736748171
"8962",31,"LOC111563637",0.0397786428727951,0.499342850637782,0.98487850369265
"8963",31,"galm",-0.0251556001935202,0.0122488397133829,0.285431162031599
"8964",31,"si:dkey-191g9.5",0.0229290615073998,0.468175614969424,0.98487850369265
"8965",31,"chchd1",-0.00591826096577555,0.753352482746137,0.996208074900292
"8966",31,"zswim8",0.0272478077733935,0.255063485232694,0.984612275003837
"8967",31,"ndst2a",-0.00969000739551228,0.704834729336793,0.993489446331016
"8968",31,"si:dkey-191g9.7",-0.0316940171858485,0.0589963789724069,0.821608621740542
"8969",31,"polr1c",0.00470735897192944,0.698649707000267,0.993489446331016
"8970",31,"fbxo28",0.0238081960999181,0.524188473119959,0.98487850369265
"8971",31,"degs1",0.0121114411231331,0.498707706035316,0.98487850369265
"8972",31,"nvl",0.00386374333455713,0.918823999200401,0.996208074900292
"8973",31,"tk2",0.0159362898491058,0.470135725012921,0.98487850369265
"8974",31,"tm9sf2",-0.0301183997509318,0.115520561755004,0.984612275003837
"8975",31,"pcca",0.00586276197859841,0.675716163250024,0.993489446331016
"8976",31,"zic2b",0.0129876159879354,0.618351864935,0.993489446331016
"8977",31,"vps8",0.000218450031888414,0.992276556279163,0.998749412702406
"8978",31,"LOC111586601",0.0063578934938849,0.524188473119959,0.98487850369265
"8979",31,"LOC111586491",0.00455420373497291,0.849823497946068,0.996208074900292
"8980",31,"gbf1",0.0215583954806066,0.555819287450027,0.993489446331016
"8981",31,"hspa12a",0.00831488200418137,0.524188473119959,0.98487850369265
"8982",31,"atp6v1ba",-0.0148408391988103,0.50654177591964,0.98487850369265
"8983",31,"pdzd8",0.000857695859998376,0.980045409132965,0.996703863757666
"8984",31,"yipf4",0.0133379203741166,0.513144653535603,0.98487850369265
"8985",31,"birc6",-0.0154306674563879,0.578077780398186,0.993489446331016
"8986",31,"ttc27",-0.0167647789697649,0.178071849384428,0.984612275003837
"8987",31,"ltbp1",-0.013912282264331,0.321724317606794,0.984612275003837
"8988",31,"LOC111586556",0.0208384011554677,0.20278838621351,0.984612275003837
"8989",31,"LOC111586884",-0.00747181689366783,0.793702811424427,0.996208074900292
"8990",31,"ide",0.0338642370975654,0.153024960583254,0.984612275003837
"8991",31,"marchf5",-0.0348022192631965,0.0474820399918511,0.741841811175974
"8992",31,"cpeb3",-0.044400861518195,0.400138126412333,0.98487850369265
"8993",31,"btaf1",-0.0106349978485132,0.393380799186914,0.98487850369265
"8994",31,"dntt",0.00593587724533285,0.728562953303362,0.996208074900292
"8995",31,"hs3st1l1",-0.0235087718929551,0.516851397007675,0.98487850369265
"8996",31,"LOC111578244",-0.0215968629940662,0.649117478493973,0.993489446331016
"8997",31,"LOC111578248",0.0137165588833455,0.53048623944046,0.989678576489402
"8998",31,"LOC111578243",-0.0269667698585873,0.667272868523871,0.993489446331016
"8999",31,"LOC111578245",-0.0107324791372458,0.409181753562678,0.98487850369265
"9000",31,"LOC129350781",0.0121592508460066,0.340841700847866,0.984612275003837
"9001",31,"LOC111565432",0.0296470195581121,0.444288995451677,0.98487850369265
"9002",31,"pwwp2b",-0.0105540531194589,0.285247425218382,0.984612275003837
"9003",31,"LOC111574000",-0.00320152942684992,0.886456879567184,0.996208074900292
"9004",31,"rhoq",-0.0280229691814797,0.149806343324947,0.984612275003837
"9005",31,"socs5b",0.0145488427222638,0.608496160074313,0.993489446331016
"9006",31,"ttc7a",-0.0190145705550199,0.0411470701167483,0.685024386521666
"9007",31,"stpg4",-0.000913116516002105,0.976863081188404,0.996208074900292
"9008",31,"calm2a",0.0417538817286659,0.502686291781226,0.98487850369265
"9009",31,"thada",0.0172081985185488,0.458946932884936,0.98487850369265
"9010",31,"zfp36l2",0.0299302693684042,0.180936453944796,0.984612275003837
"9011",31,"LOC129350761",0.010713622561865,0.173693109473045,0.984612275003837
"9012",31,"LOC118470942",-0.0161984077091706,0.012248839713383,0.285431162031599
"9013",31,"papolg",-0.0122456822131753,0.586484001621032,0.993489446331016
"9014",31,"pex13",0.00626431327642107,0.340841700847866,0.984612275003837
"9015",31,"sanbr",0.0413205234956783,0.168652560769676,0.984612275003837
"9016",31,"xpo1b",-0.0382586816267708,0.490405339861102,0.98487850369265
"9017",31,"LOC111574688",-0.000830809108359493,0.973750128677905,0.996208074900292
"9018",31,"sertad2b",0.0177924506515827,0.267213341822168,0.984612275003837
"9019",31,"slc1a4",0.0236127748912672,0.496483141434738,0.98487850369265
"9020",31,"smap1",-0.0097090594893319,0.799526515034918,0.996208074900292
"9021",31,"b3gat2",0.0170626822421036,0.668132377832564,0.993489446331016
"9022",31,"LOC129350791",-0.00181098104940592,0.843295211431949,0.996208074900292
"9023",31,"ogfrl1",0.0104729520438932,0.340841700847866,0.984612275003837
"9024",31,"asrgl1",0.0152088205820769,0.252819531755799,0.984612275003837
"9025",31,"LOC111570507",-0.0474382909866508,0.442451972780114,0.98487850369265
"9026",31,"LOC129350812",-0.0203295835957858,0.012248839713383,0.285431162031599
"9027",31,"bcl11aa",0.0514240796063634,0.26369263492663,0.984612275003837
"9028",31,"LOC118470493",0.0105918573087798,0.174635738757807,0.984612275003837
"9029",31,"vrk2",-0.0104859870846474,0.294920528452982,0.984612275003837
"9030",31,"ccdc85a",0.035465155883036,0.290097115239193,0.984612275003837
"9031",31,"slc24a3",-0.0279727425846221,0.460936807370372,0.98487850369265
"9032",31,"rin2a",-0.00201482292868737,0.90491472472477,0.996208074900292
"9033",31,"fam98a",0.00208509399698583,0.945066018808994,0.996208074900292
"9034",31,"LOC111585731",0.0516552016948788,0.223818301660681,0.984612275003837
"9035",31,"wipf1b",-0.000310864050245439,0.976863081188404,0.996208074900292
"9036",31,"LOC111578997",0.025652922737057,0.360192544617592,0.98487850369265
"9037",31,"psda",-0.028206427793209,0.593824788605928,0.993489446331016
"9038",31,"LOC129350818",0.00563098528500155,0.625139949152509,0.993489446331016
"9039",31,"nfkb2",0.00412148679313237,0.719309264449339,0.993489446331016
"9040",31,"mmrn2a",0.00599124378204718,0.524188473119959,0.98487850369265
"9041",31,"sncga",-0.000456317783854454,0.976863081188404,0.996208074900292
"9042",31,"usp54a",-0.0114794057797828,0.473858816696103,0.98487850369265
"9043",31,"prorsd1",0.00473048706459126,0.662527211896342,0.993489446331016
"9044",31,"opn4a",0.0764208310306153,0.074236341813182,0.908591954326234
"9045",31,"LOC111579916",0.0191558342317733,0.148036631770805,0.984612275003837
"9046",31,"LOC111585792",0.00216849840675457,0.876758570564424,0.996208074900292
"9047",31,"rps27a",-0.0469612905695501,0.194303772777271,0.984612275003837
"9048",31,"LOC111584822",0.00892298465925429,0.340841700847866,0.984612275003837
"9049",31,"rtn4a",0.00406986358538658,0.915844379535843,0.996208074900292
"9050",31,"LOC111572928",-0.00614094522865657,0.925628899224322,0.996208074900292
"9051",31,"LOC111572926",0.0169357588592563,0.683548731064026,0.993489446331016
"9052",31,"slc30a6",0.0292439727532333,0.409526162231019,0.98487850369265
"9053",31,"pdxkb",0.0163890509574423,0.692862871313324,0.993489446331016
"9054",31,"si:dkey-22n8.3",-0.000267891541848369,0.976863081188404,0.996208074900292
"9055",31,"itsn1",0.0315990450959449,0.478697388946779,0.98487850369265
"9056",31,"cryzl1",0.0083524225067425,0.266263654897972,0.984612275003837
"9057",31,"setd4",0.0063860785295063,0.340841700847866,0.984612275003837
"9058",31,"LOC111579488",0.00450774868916627,0.719309264449339,0.993489446331016
"9059",31,"LOC111579075",-0.00897082762051091,0.923339760576752,0.996208074900292
"9060",31,"gfra1a",0.0242904375420062,0.821060870981089,0.996208074900292
"9061",31,"LOC129350833",-0.00204057995199585,0.895106088567285,0.996208074900292
"9062",31,"atrnl1a",0.0102717583533553,0.789795009470839,0.996208074900292
"9063",31,"LOC111562817",0.00813156249094582,0.825324949571742,0.996208074900292
"9064",31,"LOC129350882",-0.000321088283375322,0.976863081188404,0.996208074900292
"9065",31,"LOC118471546",0.00363598865519542,0.719309264449339,0.993489446331016
"9066",31,"LOC111583968",-0.0284438725437161,0.0183047318080401,0.399991132711637
"9067",31,"LOC111583964",0.0132178050258882,0.257542621260194,0.984612275003837
"9068",31,"arfgef3",-0.0390366433869558,0.626238980017794,0.993489446331016
"9069",31,"LOC111583967",0.00712807427759673,0.748916425660519,0.996208074900292
"9070",31,"pcgf5b",0.0169495013581276,0.78766749013368,0.996208074900292
"9071",31,"hectd2",0.0358698651037299,0.550455447060526,0.993489446331016
"9072",31,"fgfbp3",0.011098317494648,0.421459973551042,0.98487850369265
"9073",31,"LOC111562832",-0.00355643050139686,0.87231706115772,0.996208074900292
"9074",31,"slc22a15",0.017203476247724,0.426650198085282,0.98487850369265
"9075",31,"LOC111562825",0.0309624676039748,0.164159491123949,0.984612275003837
"9076",31,"LOC129350823",-0.0184765803434245,0.13849598746174,0.984612275003837
"9077",31,"LOC111562834",0.0249127998173477,0.281086646886401,0.984612275003837
"9078",31,"adob",-0.000385819212686507,0.976863081188404,0.996208074900292
"9079",31,"znf365",0.0315081937513587,0.335606120250957,0.984612275003837
"9080",31,"plekha3",-0.000508929062443199,0.985452291982044,0.996956250321918
"9081",31,"ppp1r1c",-0.0444722143512318,0.0310337997981015,0.576263310378128
"9082",31,"nckap1",-0.0183847017586294,0.698297835601371,0.993489446331016
"9083",31,"LOC111585135",0.0211528739132002,0.191218488598706,0.984612275003837
"9084",31,"LOC111584963",0.0269380425550109,0.670322775094809,0.993489446331016
"9085",31,"zc3h15",0.0078228379839491,0.538297765316839,0.993489446331016
"9086",31,"rbm45",0.0135466234251535,0.268956284019043,0.984612275003837
"9087",31,"LOC111585047",0.0172954147988852,0.315756255794053,0.984612275003837
"9088",31,"supt3h",-0.0140382188075219,0.278518108513583,0.984612275003837
"9089",31,"cdc5l",-0.00110697054568259,0.95080549390245,0.996208074900292
"9090",31,"napba",0.00122991643411846,0.984088210185194,0.996956250321918
"9091",31,"LOC111586358",0.0255924996776748,0.631893377935115,0.993489446331016
"9092",31,"crls1",-0.000425992009327024,0.976863081188404,0.996208074900292
"9093",31,"mcm8",-0.000321088283375322,0.976863081188404,0.996208074900292
"9094",31,"LOC111577808",0.0182390418268338,0.390381399687393,0.98487850369265
"9095",31,"LOC111584907",0.00607817043142486,0.418863001935236,0.98487850369265
"9096",31,"LOC118469631",0.00282819033495314,0.776926092010324,0.996208074900292
"9097",31,"LOC111564342",0.0157021106862079,0.198754493414935,0.984612275003837
"9098",31,"cdh11",0.0147018446882868,0.365996387181576,0.98487850369265
"9099",31,"lnpk",0.0569081909007158,0.201037753225481,0.984612275003837
"9100",31,"aifm2",-0.00250663300031868,0.895106088567285,0.996208074900292
"9101",31,"bean1",0.0186539821820848,0.243513132300688,0.984612275003837
"9102",31,"cdh5",-0.0210244745214708,0.0497626860517465,0.761701639601136
"9103",31,"mtx2",-0.00545068515840714,0.794354800272853,0.996208074900292
"9104",31,"abhd12",0.00432754403235871,0.524188473119959,0.98487850369265
"9105",31,"LOC111586050",0.0118517079991215,0.251967076606623,0.984612275003837
"9106",31,"LOC111586054",0.00385392759760038,0.713971853566623,0.993489446331016
"9107",31,"prph2b",-0.0019165435276197,0.895106088567285,0.996208074900292
"9108",31,"ubr2",-0.00421005128068774,0.868101823779944,0.996208074900292
"9109",31,"prkn",0.0130375888320267,0.170468878346759,0.984612275003837
"9110",31,"LOC118471315",0.00599124378204718,0.524188473119959,0.98487850369265
"9111",31,"ncoa4",0.00999688054800033,0.808069924211328,0.996208074900292
"9112",31,"LOC111578741",0.0431618226580761,0.199142423198699,0.984612275003837
"9113",31,"LOC118471314",-0.00845215623704051,0.511563485629268,0.98487850369265
"9114",31,"LOC129350836",0.0248024967438163,0.293318193770428,0.984612275003837
"9115",31,"entpd6",-0.0122644324383898,0.31635672182078,0.984612275003837
"9116",31,"acss1",0.00258917217766387,0.80401770491642,0.996208074900292
"9117",31,"apmap",-0.0082404697289531,0.706909147864487,0.993489446331016
"9118",31,"LOC111578740",0.0109238294867783,0.665820036758409,0.993489446331016
"9119",31,"LOC111578744",0.000437799966932436,0.975976809113839,0.996208074900292
"9120",31,"si:dkeyp-121d4.3",-0.00063217742467278,0.981802587879617,0.996900331747147
"9121",31,"znf318",-0.00811676827147174,0.763288877822462,0.996208074900292
"9122",31,"ppp2r5d",0.0138671346953584,0.444149669704819,0.98487850369265
"9123",31,"mea1",0.000445318434234845,0.985402395678561,0.996956250321918
"9124",31,"lrrc73",0.00524869024519409,0.670011492735316,0.993489446331016
"9125",31,"tjap1",0.00820060102014033,0.524188473119959,0.98487850369265
"9126",31,"phf24",-0.0174400767832345,0.451241453219303,0.98487850369265
"9127",31,"LOC129350994",-0.00795722269990244,0.730302605782284,0.996208074900292
"9128",31,"tmem267",-0.0039428506507024,0.73911203695084,0.996208074900292
"9129",31,"cntfr",0.029007931867829,0.715810110948545,0.993489446331016
"9130",31,"galt",0.0113562721003245,0.524188473119959,0.98487850369265
"9131",31,"sigmar1",-0.000418266595330516,0.976863081188404,0.996208074900292
"9132",31,"ier3ip1",0.00136042833948469,0.932815365968462,0.996208074900292
"9133",31,"smad2",0.00461958363147817,0.904563262278356,0.996208074900292
"9134",31,"LOC111581636",0.0607557378453855,0.241177397981752,0.984612275003837
"9135",31,"grin3a",-0.00037492175215017,0.976863081188404,0.996208074900292
"9136",31,"plppr1",0.00885774124240181,0.469233887937548,0.98487850369265
"9137",31,"palm2akap2",0.0322816726721238,0.183760765968377,0.984612275003837
"9138",31,"snx30",0.028048069966623,0.310393899946223,0.984612275003837
"9139",31,"LOC111563136",0.00480762255953762,0.618826755639005,0.993489446331016
"9140",31,"LOC111563123",0.0133149285044033,0.297302645352395,0.984612275003837
"9141",31,"LOC111563126",0.00322760868708492,0.841239153956093,0.996208074900292
"9142",31,"slc26a1",0.00973836468056696,0.414316676438295,0.98487850369265
"9143",31,"si:dkey-247m21.3",-0.00804122069715054,0.416194445404418,0.98487850369265
"9144",31,"LOC111584534",0.00815190899562709,0.340841700847866,0.984612275003837
"9145",31,"dusp4",-0.00350192008311854,0.73080791610562,0.996208074900292
"9146",31,"LOC111571154",-0.00982966879958546,0.878374014643832,0.996208074900292
"9147",31,"LOC111565724",-0.0134871660259512,0.475866562858855,0.98487850369265
"9148",31,"nefma",-0.0143980768182247,0.274048059709599,0.984612275003837
"9149",31,"nefla",0.00358580531345942,0.719309264449339,0.993489446331016
"9150",31,"LOC111565980",-0.0258997936939898,0.194919887459067,0.984612275003837
"9151",31,"mmp17a",0.0153478879673582,0.651394882023079,0.993489446331016
"9152",31,"crkl",-0.0168133352440562,0.52977681945961,0.989372540616599
"9153",31,"si:ch211-222n4.2",0.0115426940685106,0.236115475963033,0.984612275003837
"9154",31,"ulk1b",-0.0182947680772127,0.278563272057235,0.984612275003837
"9155",31,"LOC129347324",0.00452183854861358,0.800205928851775,0.996208074900292
"9156",31,"LOC111578831",0.0063578934938849,0.524188473119959,0.98487850369265
"9157",31,"sfswap",-0.0188005754573955,0.569860703891821,0.993489446331016
"9158",31,"hook3",-0.0202009528831407,0.25520745611285,0.984612275003837
"9159",31,"rnf170",0.0331568061882198,0.125118947118108,0.984612275003837
"9160",31,"LOC129347327",-0.000425992009327024,0.976863081188404,0.996208074900292
"9161",31,"arpc3",0.0214446267648819,0.484726252431531,0.98487850369265
"9162",31,"si:dkey-112m2.1",-0.0221582775447595,0.282776012671135,0.984612275003837
"9163",31,"LOC111567929",-0.00985663155189254,0.495368119727915,0.98487850369265
"9164",31,"rimbp2a",-0.0108703615611453,0.569134122026953,0.993489446331016
"9165",31,"atp2a2b",0.00973460190779405,0.522073884109965,0.98487850369265
"9166",31,"bcr",0.0322145534636696,0.461062900411057,0.98487850369265
"9167",31,"snrpd3l",0.00626431327642107,0.340841700847866,0.984612275003837
"9168",31,"LOC111582245",-0.0267718361271259,0.411761324801855,0.98487850369265
"9169",31,"nsmfa",-0.0354069750323269,0.305131104406249,0.984612275003837
"9170",31,"pou5f3",0.0100718765671298,0.439850242890625,0.98487850369265
"9171",31,"npdc1a",-0.0133664806001175,0.423962058974677,0.98487850369265
"9172",31,"si:ch211-282j22.3",0.0182359131239353,0.275399314188354,0.984612275003837
"9173",31,"rcl1",-0.0680813913088798,0.000817650432369861,0.285431162031599
"9174",31,"ak3",0.00450774868916627,0.719309264449339,0.993489446331016
"9175",31,"cdc37l1",-0.00525388357804604,0.606008927002796,0.993489446331016
"9176",31,"exd3",0.00501034941151488,0.742974063811058,0.996208074900292
"9177",31,"slc27a4",0.0146083405639588,0.589808850456,0.993489446331016
"9178",31,"ptgdsa",-0.00037492175215017,0.976863081188404,0.996208074900292
"9179",31,"fam163ba",0.0492570802523327,0.0765576982227838,0.916387702187844
"9180",31,"LOC118470622",-0.000418266595330516,0.976863081188404,0.996208074900292
"9181",31,"sh2d3ca",0.00987962474078627,0.173575973012865,0.984612275003837
"9182",31,"strbp",0.0134058268288452,0.760268126072986,0.996208074900292
"9183",31,"LOC129351002",0.0100960162148319,0.505450001798661,0.98487850369265
"9184",31,"LOC111580908",-0.0222337289039802,0.14787262934003,0.984612275003837
"9185",31,"LOC111580909",0.0199620703560897,0.294918709078376,0.984612275003837
"9186",31,"rc3h2",0.0146712902947549,0.561461542847873,0.993489446331016
"9187",31,"LOC111568450",-0.0164923847322666,0.116764222303869,0.984612275003837
"9188",31,"LOC111573731",0.0188410310258525,0.364572957825569,0.98487850369265
"9189",31,"plgrkt",-0.0022323400212273,0.927406071026928,0.996208074900292
"9190",31,"mrrf",-0.0157695906893487,0.571202577524954,0.993489446331016
"9191",31,"rbm18",0.00240751769556705,0.843383948869686,0.996208074900292
"9192",31,"lhx6a",0.0118853748393525,0.34930545755891,0.98487850369265
"9193",31,"ndufa8",0.00457303702083342,0.799723420278322,0.996208074900292
"9194",31,"fybb",0.00363598865519542,0.719309264449339,0.993489446331016
"9195",31,"nnt",0.0308287293742189,0.326848877850386,0.984612275003837
"9196",31,"rai14",-0.0605415673811422,0.0267218673866725,0.528137739551385
"9197",31,"scarb2c",-0.0375306985073172,0.153907744151736,0.984612275003837
"9198",31,"LOC118471756",-0.0059552544190864,0.6034981207037,0.993489446331016
"9199",31,"LOC111583030",0.00748771222967186,0.68590805580837,0.993489446331016
"9200",31,"si:dkey-106l3.7",-0.0225933890097017,0.0704173416708938,0.883322108729728
"9201",31,"rnf208",-0.0193011859316159,0.687265569281611,0.993489446331016
"9202",31,"gnaz",0.0096516907744747,0.542604179079234,0.993489446331016
"9203",31,"sppl3",0.0203043952291881,0.629941096312539,0.993489446331016
"9204",31,"nt5c2l1",0.00434776974880136,0.768106794122076,0.996208074900292
"9205",31,"kcnn2",-0.00907860930274725,0.624745120262573,0.993489446331016
"9206",31,"drg1",0.00203922233292782,0.906540164736224,0.996208074900292
"9207",31,"stard7",-0.00870974598567444,0.604941459118127,0.993489446331016
"9208",31,"slc20a1b",0.00502813931815207,0.767488836070039,0.996208074900292
"9209",31,"pcyox1",0.00403376158794865,0.719309264449339,0.993489446331016
"9210",31,"fam136a",-0.00484559055359188,0.801852398477089,0.996208074900292
"9211",31,"gmcl1",-0.0347236137290256,0.0996284462594202,0.984612275003837
"9212",31,"ggcx",0.013810005540908,0.391246277058404,0.98487850369265
"9213",31,"snx24",0.010370765700707,0.1705701754744,0.984612275003837
"9214",31,"loxa",-0.00706252704625191,0.790387732578716,0.996208074900292
"9215",31,"mat2aa",-0.0275003269857181,0.171079057784335,0.984612275003837
"9216",31,"LOC111570731",0.00654266363054222,0.775255385902321,0.996208074900292
"9217",31,"slc35e4",-0.0108472733412667,0.464549594796463,0.98487850369265
"9218",31,"LOC111570739",-0.0328448004010182,0.324588971949606,0.984612275003837
"9219",31,"atp6v0a2a",-0.00850188338320184,0.699574941583674,0.993489446331016
"9220",31,"tbc1d10ab",0.012679664435724,0.340841700847866,0.984612275003837
"9221",31,"LOC111570735",-0.00112779306891332,0.961462798241864,0.996208074900292
"9222",31,"LOC111570734",-0.075006211573759,0.0110081681586336,0.285431162031599
"9223",31,"LOC129350946",0.016157977078568,0.131770991404713,0.984612275003837
"9224",31,"LOC111567680",-0.0454158348916167,0.396088239754261,0.98487850369265
"9225",31,"brf2",-0.00159411388760372,0.895106088567285,0.996208074900292
"9226",31,"rab11fip1b",0.0063860785295063,0.340841700847866,0.984612275003837
"9227",31,"cabp1b",-0.0321611549817261,0.421528016507499,0.98487850369265
"9228",31,"LOC129350956",0.00755020169058079,0.524188473119959,0.98487850369265
"9229",31,"lrrc75bb",0.0164506432002858,0.3952422357466,0.98487850369265
"9230",31,"rnf34b",-0.00330286759686889,0.924420282693479,0.996208074900292
"9231",31,"LOC111581834",-0.0393185149114613,0.362523919909935,0.98487850369265
"9232",31,"tmem120b",0.0309196707853659,0.104261298122841,0.984612275003837
"9233",31,"rhof",-0.000293977023095923,0.976863081188404,0.996208074900292
"9234",31,"setd1ba",0.00939374407289908,0.719853087526881,0.993673999909354
"9235",31,"car15",0.00870135560545108,0.407962054542973,0.98487850369265
"9236",31,"dgcr2",-0.0618193916333447,0.0234558389999115,0.480333931879242
"9237",31,"ess2",0.00415566496470894,0.818281489903846,0.996208074900292
"9238",31,"rnf185",0.0197228854459,0.262735588758129,0.984612275003837
"9239",31,"LOC118470274",0.0127123896063338,0.708825595338152,0.993489446331016
"9240",31,"coro1cb",0.0117764235296255,0.651289766843958,0.993489446331016
"9241",31,"ssh1b",-0.0187302131958951,0.627515909776175,0.993489446331016
"9242",31,"taok3b",-0.000122068683581327,0.995543059144397,0.999816729949705
"9243",31,"cabp7b",0.00697683070151568,0.524188473119959,0.98487850369265
"9244",31,"LOC111574926",-0.0296985765596701,0.336267162720244,0.984612275003837
"9245",31,"prodha",0.0512539585191296,0.0593352612648406,0.823694151779341
"9246",31,"srsf9",0.0246832221239613,0.276484540649675,0.984612275003837
"9247",31,"sgsm1b",0.0241987674990087,0.533695386216296,0.991522760302258
"9248",31,"git2b",-0.027624283989963,0.3675119752966,0.98487850369265
"9249",31,"LOC111574928",0.0201592423415218,0.175454934164829,0.984612275003837
"9250",31,"cplane1",0.000921228633525493,0.929733559932556,0.996208074900292
"9251",31,"LOC111574922",-0.00705695833090796,0.476789759154633,0.98487850369265
"9252",31,"gdnfa",-0.0172074162377367,0.0666663033186078,0.872264865210792
"9253",31,"unc5cb",0.0229133385770029,0.594716173122279,0.993489446331016
"9254",31,"rfx3",0.0143261298297673,0.550236502678962,0.993489446331016
"9255",31,"smad4a",0.00976991433258128,0.593519663842298,0.993489446331016
"9256",31,"arvcfa",0.00366156051992393,0.938753175076242,0.996208074900292
"9257",31,"nup155",0.00230192050334168,0.853982366250712,0.996208074900292
"9258",31,"LOC111566828",-0.0406566094651556,0.0863036700481587,0.956595426076849
"9259",31,"LOC111566830",-0.0175673545661786,0.0615146725872589,0.833208770091626
"9260",31,"LOC111566835",-0.0186302009105735,0.402736155220272,0.98487850369265
"9261",31,"oaz1b",-0.0062925141970495,0.630288883101693,0.993489446331016
"9262",31,"LOC111566833",-0.0189441814705669,0.30926583766786,0.984612275003837
"9263",31,"ric1",-0.00731299350505313,0.680397294002537,0.993489446331016
"9264",31,"exosc2",-0.00123153167858578,0.918959470987553,0.996208074900292
"9265",31,"rab14l",0.009931554834293,0.709463159001817,0.993489446331016
"9266",31,"LOC118471273",0.0178927823556664,0.524188473119959,0.98487850369265
"9267",31,"ddx54",-0.00863194010776349,0.427445600860984,0.98487850369265
"9268",31,"LOC111575345",0.067139866691517,0.13909548880095,0.984612275003837
"9269",31,"mtfp1",-0.0347330350619751,0.030410888715275,0.571128066692288
"9270",31,"lman2la",0.000941737841469997,0.978105433544647,0.996452700582568
"9271",31,"wbp1",-0.0222036723376369,0.333550791739773,0.984612275003837
"9272",31,"LOC111567313",-0.011056670876186,0.461667431437789,0.98487850369265
"9273",31,"sapcd2",-0.0250937586176345,0.114903690454861,0.984612275003837
"9274",31,"zmynd19",0.00849821876513014,0.720028628823914,0.993673999909354
"9275",31,"coq4",-0.014758532882429,0.440765259527637,0.98487850369265
"9276",31,"traf2b",-0.000601416747578766,0.969817404347608,0.996208074900292
"9277",31,"fbxw5",-0.000499423619932662,0.985167681282832,0.996956250321918
"9278",31,"fubp3",-0.022790828825226,0.372697500576289,0.98487850369265
"9279",31,"ass1",0.0128453063681473,0.488077797618464,0.98487850369265
"9280",31,"surf4",-0.0406635810236628,0.107426226612628,0.984612275003837
"9281",31,"surf2",0.0207926165267717,0.233307826454852,0.984612275003837
"9282",31,"bbln",-0.00216527884053807,0.918484306596933,0.996208074900292
"9283",31,"ciz1a",-0.0205482344674491,0.210252965247103,0.984612275003837
"9284",31,"dnm1a",-0.00525170280709937,0.858974785225423,0.996208074900292
"9285",31,"golga2",-0.0228628178660531,0.263713839590946,0.984612275003837
"9286",31,"LOC111579823",0.0139990646971066,0.678633240320053,0.993489446331016
"9287",31,"rabepk",-0.0181597056006543,0.012248839713383,0.285431162031599
"9288",31,"rgs3a",0.0190111201372896,0.537681668903552,0.993489446331016
"9289",31,"znf618",0.011887937950248,0.715119134308408,0.993489446331016
"9290",31,"pappaa",0.0232837658119065,0.28642767279656,0.984612275003837
"9291",31,"LOC111578237",0.00936094053825512,0.867873294036264,0.996208074900292
"9292",31,"trim32",-0.0320451379756342,0.0458217441332185,0.727420188114844
"9293",31,"LOC129350962",-0.000310864050245439,0.976863081188404,0.996208074900292
"9294",31,"brinp1",-0.0411808625606578,0.204010716341545,0.984612275003837
"9295",31,"ak1",-0.00343828464191964,0.853629004832628,0.996208074900292
"9296",31,"gpsm1b",-0.00666480186389226,0.857589815253265,0.996208074900292
"9297",31,"LOC111577481",0.0158802551709687,0.380484364933837,0.98487850369265
"9298",31,"LOC111577471",0.00412998399791313,0.818713375407845,0.996208074900292
"9299",31,"nup214",-0.0197846944292483,0.268874569268624,0.984612275003837
"9300",31,"fam78ab",0.012154152349875,0.719309264449339,0.993489446331016
"9301",31,"LOC111577477",-0.0132148828535011,0.012248839713383,0.285431162031599
"9302",31,"prrc2b",0.000611735226263529,0.981316441120051,0.99678337426189
"9303",31,"edf1",0.0348582657342015,0.129656974966094,0.984612275003837
"9304",31,"znf462",-0.0365268699651703,0.291602658145311,0.984612275003837
"9305",31,"rad23b",-0.0216228092242125,0.56592433794411,0.993489446331016
"9306",31,"LOC129350891",-0.0145442526801259,0.298423206857828,0.984612275003837
"9307",31,"LOC111585205",-0.0414892528754797,0.0344268197696107,0.616749744671504
"9308",31,"nop14",0.0137688136841088,0.438255798427349,0.98487850369265
"9309",31,"add1",0.00307823650460473,0.913517062230887,0.996208074900292
"9310",31,"sema4d",0.036111139761325,0.288255714206975,0.984612275003837
"9311",31,"shc3",0.0664183827179611,0.183920979062655,0.984612275003837
"9312",31,"ctif",0.0637934589105282,0.166903958288789,0.984612275003837
"9313",31,"smad7",-0.0157967692749722,0.241636242169523,0.984612275003837
"9314",31,"dym",0.0385093835070611,0.262232982898874,0.984612275003837
"9315",31,"LOC111578680",-0.00815115006712385,0.795050137999112,0.996208074900292
"9316",31,"bxdc2",-0.0178701195461806,0.012248839713383,0.285431162031599
"9317",31,"LOC111587894",-0.0185867589804142,0.141862887255464,0.984612275003837
"9318",31,"prlra",0.00780857567418399,0.681182332303655,0.993489446331016
"9319",31,"nedd4l",0.00106076616380112,0.968829191662604,0.996208074900292
"9320",31,"znf532",0.009803404437267,0.780713660730526,0.996208074900292
"9321",31,"grp",-0.0132148828535011,0.012248839713383,0.285431162031599
"9322",31,"cplx4a",-0.0161984077091706,0.012248839713383,0.285431162031599
"9323",31,"lman1",0.00179359613826209,0.911218822093745,0.996208074900292
"9324",31,"LOC111562973",-0.0113331853535019,0.425007556814719,0.98487850369265
"9325",31,"LOC129350924",-0.0161984077091706,0.012248839713383,0.285431162031599
"9326",31,"LOC111575636",-0.0070774286629004,0.771883518887971,0.996208074900292
"9327",31,"esm1",-0.000321088283375322,0.976863081188404,0.996208074900292
"9328",31,"arhgap24",-0.00808230560996501,0.472321635874716,0.98487850369265
"9329",31,"mapk10",0.0216736498712238,0.61695273447931,0.993489446331016
"9330",31,"ptpn13",-0.00638701910858141,0.385398054102202,0.98487850369265
"9331",31,"klhl8",0.00642816814134758,0.800401184261893,0.996208074900292
"9332",31,"LOC111575647",0.000569466299541638,0.975491784756503,0.996208074900292
"9333",31,"aff1",0.015129821025228,0.665020553309799,0.993489446331016
"9334",31,"nup54",0.0166844795911724,0.291091396200709,0.984612275003837
"9335",31,"amacr",0.000669456685347895,0.955725671028324,0.996208074900292
"9336",31,"slc45a2",0.00883529272152498,0.487907757088712,0.98487850369265
"9337",31,"csgalnact1a",-0.0317927558265373,0.192547681059527,0.984612275003837
"9338",31,"plpp1a",-0.000267228562095005,0.992675547385116,0.998750879301711
"9339",31,"mtrex",0.0104729520438932,0.340841700847866,0.984612275003837
"9340",31,"LOC111564853",-0.00153253282048656,0.878785476581074,0.996208074900292
"9341",31,"itga1",-0.0152327728797179,0.530685406795345,0.989678576489402
"9342",31,"kcmf1",0.0144835481704806,0.630923625804468,0.993489446331016
"9343",31,"ntrk2b",0.0264255295714577,0.402668948472751,0.98487850369265
"9344",31,"hnrpkl",0.0186042458937924,0.514965483090705,0.98487850369265
"9345",31,"LOC129350934",-0.000329071011677992,0.976863081188404,0.996208074900292
"9346",31,"prune2",-0.0121485569091377,0.731530847106932,0.996208074900292
"9347",31,"LOC111587830",0.0364207160411529,0.53328134566731,0.991505989400577
"9348",31,"zgc:73226",0.032248869354351,0.06364158823827,0.852247088838452
"9349",31,"thbs4b",0.00611132904363125,0.705437039766868,0.993489446331016
"9350",31,"zgc:122979",0.0171453788716928,0.40527024931148,0.98487850369265
"9351",31,"atp5fa1",-0.0132970676057163,0.481095474346061,0.98487850369265
"9352",31,"ark2n",-0.00970064905298659,0.760690163714394,0.996208074900292
"9353",31,"ark2ca",-0.00823592393775452,0.715373518737059,0.993489446331016
"9354",31,"st8sia5",-0.00984216989241488,0.887105448594477,0.996208074900292
"9355",31,"rpl37",0.00885519778728115,0.797355667933658,0.996208074900292
"9356",31,"pdcl",-0.00929120868707963,0.478115699264485,0.98487850369265
"9357",31,"rpl28",-0.0158687218089453,0.646339565519509,0.993489446331016
"9358",31,"LOC111569826",0.00432754403235871,0.524188473119959,0.98487850369265
"9359",31,"sec16a",0.0109447044054651,0.5536696518174,0.993489446331016
"9360",31,"camsap1a",-0.0689382948823314,0.0462184630286751,0.730103725700511
"9361",31,"kcnt1a",-0.00254970172215192,0.891315956208298,0.996208074900292
"9362",31,"cdk5rap2",-0.0201916287230349,0.647439789908914,0.993489446331016
"9363",31,"dolk",-0.000906659132173846,0.953054379627155,0.996208074900292
"9364",31,"phyhd1",0.00785793197253117,0.506474212018863,0.98487850369265
"9365",31,"lrrc8aa",0.00638941890670698,0.741909174375537,0.996208074900292
"9366",31,"uck1",-0.00161972345590585,0.909135151059133,0.996208074900292
"9367",31,"rapgef1b",-0.0306221031080481,0.398548869000789,0.98487850369265
"9368",31,"ntng2b",-0.0104774838961455,0.667568755263948,0.993489446331016
"9369",31,"dolpp1",0.0188151344015656,0.424692604539506,0.98487850369265
"9370",31,"miga2",-0.00871158910684067,0.57682656634763,0.993489446331016
"9371",31,"st6galnac4",0.00873148201359149,0.60243578872481,0.993489446331016
"9372",31,"rpl7a",-0.0122785325156017,0.744990346162171,0.996208074900292
"9373",31,"st6galnac6",-0.00756974801255787,0.81122147857878,0.996208074900292
"9374",31,"spout1",0.00943634442644715,0.340841700847866,0.984612275003837
"9375",31,"usp20",0.0275596332712557,0.345043094851538,0.98487850369265
"9376",31,"garnl3",0.01111959622497,0.718172606975959,0.993489446331016
"9377",31,"si:dkey-34e4.1",0.0123099670622618,0.216373218403735,0.984612275003837
"9378",31,"map1b",-0.0154358204917162,0.660879596029432,0.993489446331016
"9379",31,"ttc33",0.0064071678570144,0.628163528269398,0.993489446331016
"9380",31,"prkaa1",0.00711068208364288,0.764349362632312,0.996208074900292
"9381",31,"aif1l",0.0083516551568072,0.622084369243617,0.993489446331016
"9382",31,"lamc3",-0.00153565675829535,0.895106088567285,0.996208074900292
"9383",31,"fibcd1b",0.0755052141946603,0.264960684722141,0.984612275003837
"9384",31,"zgc:63972",-0.0196554637965001,0.012248839713383,0.285431162031599
"9385",31,"dab2ipb",0.0550604379138147,0.106273118352263,0.984612275003837
"9386",31,"ttll11",0.00479833952326043,0.869147794950898,0.996208074900292
"9387",31,"dipk1b",-0.00984051421528575,0.409191011282681,0.98487850369265
"9388",31,"mrps2",0.00991525265755228,0.405646963616624,0.98487850369265
"9389",31,"ppp1r26",0.0188681477094921,0.498143804175746,0.98487850369265
"9390",31,"olfm1b",0.0342699341372132,0.486354328101334,0.98487850369265
"9391",31,"col5a1",0.00753325123692372,0.524188473119959,0.98487850369265
"9392",31,"LOC111575731",0.0576747686943495,0.076448325779208,0.916387702187844
"9393",31,"agpat2",-0.00688761499055702,0.784303784797066,0.996208074900292
"9394",31,"LOC129350902",-0.0184993919042927,0.156096824298341,0.984612275003837
"9395",31,"tor1",-0.0546267587600412,0.0530776760783752,0.785805504422352
"9396",31,"nsa2",0.00358580531345942,0.719309264449339,0.993489446331016
"9397",31,"gfm2",-0.0181597056006543,0.012248839713383,0.285431162031599
"9398",31,"hexb",-0.00573359075893915,0.739457943646661,0.996208074900292
"9399",31,"enc1",-0.0161984077091706,0.012248839713383,0.285431162031599
"9400",31,"ankra2",-0.0049508713402357,0.786091875632123,0.996208074900292
"9401",31,"btf3",-0.0139792815533695,0.558624591137945,0.993489446331016
"9402",31,"fcho2",0.0127191822183468,0.847639606357241,0.996208074900292
"9403",31,"tnpo1",0.0277969092818716,0.316609344858648,0.984612275003837
"9404",31,"LOC111565433",0.0170271910971692,0.401209112067466,0.98487850369265
"9405",31,"LOC111565443",-0.0153981768796385,0.367154229116965,0.98487850369265
"9406",31,"LOC111565424",0.0248052806355722,0.751778017168773,0.996208074900292
"9407",31,"LOC111566186",0.0117470445572112,0.79713962077944,0.996208074900292
"9408",31,"trappc13",0.0048672537618356,0.703257658686636,0.993489446331016
"9409",31,"LOC129347321",0.0052102765883705,0.37392948738462,0.98487850369265
"9410",31,"sgtb",-0.0121327207660576,0.506091190412703,0.98487850369265
"9411",31,"erbin",-0.00163838102052104,0.930663984142451,0.996208074900292
"9412",31,"srek1",-0.00605527838049984,0.884783871159365,0.996208074900292
"9413",31,"mast4",0.0320780943648109,0.330403247570075,0.984612275003837
"9414",31,"pik3r1",0.0242734323725374,0.561600765493373,0.993489446331016
"9415",31,"LOC129350896",0.0061065713747255,0.719309264449339,0.993489446331016
"9416",31,"tnca",0.00320032794527948,0.844755877384956,0.996208074900292
"9417",31,"LOC111580152",0.0157152130539086,0.33602603253944,0.984612275003837
"9418",31,"c17h2orf42",0.0164731863498351,0.189440164791471,0.984612275003837
"9419",31,"LOC111570346",-0.0354093824308788,0.02235954869542,0.464229650211274
"9420",31,"dtwd2",-0.0103999845631846,0.012248839713383,0.285431162031599
"9421",31,"LOC111570343",0.00457764550063968,0.530834854100718,0.989682946736905
"9422",31,"jmy",0.00909059010375421,0.558553404986325,0.993489446331016
"9423",31,"LOC111572642",-0.0136945458892837,0.477928480919051,0.98487850369265
"9424",31,"ap3b1a",-0.0132446706275339,0.330700332293146,0.984612275003837
"9425",31,"tbca",0.0278059940980019,0.253521410107178,0.984612275003837
"9426",31,"wdr41",0.0139604322233667,0.682527942791074,0.993489446331016
"9427",31,"pde8b",-0.0254418435220067,0.251764136506256,0.984612275003837
"9428",31,"LOC111578853",-0.0235903711519357,0.114362062040664,0.984612275003837
"9429",31,"LOC111575349",0.0299552201952544,0.279684420224415,0.984612275003837
"9430",31,"LOC111575348",-0.00893823269278506,0.605775799788578,0.993489446331016
"9431",31,"lhx5",0.00936740398511264,0.622400589315646,0.993489446331016
"9432",31,"mzt2b",0.00179809119087664,0.935540267124598,0.996208074900292
"9433",31,"trim23",0.0493752193342066,0.0696418221929144,0.883322108729728
"9434",31,"cwc27",0.0185604913032694,0.338627486713963,0.984612275003837
"9435",31,"adamts6",0.0120655156546171,0.571057234789545,0.993489446331016
"9436",31,"cops4",0.0145827026787113,0.423657941080288,0.98487850369265
"9437",31,"lin54",-0.0052403846866381,0.805151779043737,0.996208074900292
"9438",31,"sec31a",0.0169305088636,0.286220397984274,0.984612275003837
"9439",31,"LOC111583960",0.00805480164727912,0.373472711787211,0.98487850369265
"9440",31,"enoph1",0.0292058031026071,0.103706889855921,0.984612275003837
"9441",31,"hnrnpd",-0.0269231957798464,0.341914421408779,0.984612275003837
"9442",31,"mat2al",-0.00572117540167121,0.681928363254115,0.993489446331016
"9443",31,"zswim6",0.0307404941714504,0.353189175603913,0.98487850369265
"9444",31,"LOC111565799",0.0089223250582567,0.726017365075025,0.996208074900292
"9445",31,"LOC111565803",0.0468124017049716,0.334602825430652,0.984612275003837
"9446",31,"LOC129350980",0.025379844504184,0.280950913223388,0.984612275003837
"9447",31,"sbno1",-0.0120161426564421,0.240036163355498,0.984612275003837
"9448",31,"kmt5aa",-0.00016724090755851,0.986903276636978,0.99771160608264
"9449",31,"rilpl1",-0.00249508326262179,0.907227767368167,0.996208074900292
"9450",31,"LOC111575953",0.0195823659404845,0.319479549312687,0.984612275003837
"9451",31,"LOC111575949",-0.00104983042299225,0.962948168609863,0.996208074900292
"9452",31,"denr",-0.0154442586446753,0.167588569329936,0.984612275003837
"9453",31,"ndor1",0.00179413220722551,0.865917438035609,0.996208074900292
"9454",31,"gnsb",0.00363598865519542,0.719309264449339,0.993489446331016
"9455",31,"mrps24",0.0231962983618293,0.168915958226016,0.984612275003837
"9456",31,"nudcd3",-0.0055956083634042,0.810925142520655,0.996208074900292
"9457",31,"LOC111570198",0.016835859635466,0.80216169634523,0.996208074900292
"9458",31,"zmiz2",0.0331761598000174,0.144173515552088,0.984612275003837
"9459",31,"ppiab",0.0181267333835717,0.612281213298383,0.993489446331016
"9460",31,"LOC111586100",-0.0239636269509572,0.354134853664196,0.98487850369265
"9461",31,"ash2l",0.0045176597710419,0.830596053488557,0.996208074900292
"9462",31,"scarb1",0.0134282536859315,0.382620328556274,0.98487850369265
"9463",31,"slc4a5b",0.00872954064107248,0.275078761851774,0.984612275003837
"9464",31,"LOC111566116",0.0166647000363979,0.560744409893178,0.993489446331016
"9465",31,"LOC111566118",-0.0506384050867297,0.302678474441684,0.984612275003837
"9466",31,"LOC111566120",-0.0457626404150272,0.00492532407103775,0.285431162031599
"9467",31,"grk3",0.0149895418185969,0.147500005299044,0.984612275003837
"9468",31,"acads",0.0328909364384594,0.331169803741905,0.984612275003837
"9469",31,"septin5b",-0.00908218608535817,0.394199171494337,0.98487850369265
"9470",31,"mctp1b",0.00753325123692372,0.524188473119959,0.98487850369265
"9471",31,"LOC129350971",-0.0116283722537473,0.297052386486448,0.984612275003837
"9472",31,"arrdc3b",0.0274944323107306,0.285563599439274,0.984612275003837
"9473",31,"xrcc4",0.018174444103577,0.216305073043118,0.984612275003837
"9474",31,"LOC111580621",-0.00122274819020093,0.895106088567285,0.996208074900292
"9475",31,"LOC111580625",0.0245663069010585,0.383346920078836,0.98487850369265
"9476",31,"LOC111583882",0.0646556773373996,0.134746594277838,0.984612275003837
"9477",31,"LOC111583879",-0.115742371748349,0.0190601698205487,0.411590569508716
"9478",31,"zfyve16",0.0391125728143713,0.191364232132203,0.984612275003837
"9479",31,"ube2l3a",-0.00417925457793036,0.836887256311499,0.996208074900292
"9480",31,"rasgrf2a",0.00340875918649961,0.719309264449339,0.993489446331016
"9481",31,"pi4kaa",-0.00920873057212063,0.806098793799039,0.996208074900292
"9482",31,"zgc:56235",0.00885517612889347,0.711110607138177,0.993489446331016
"9483",31,"brap",0.00223281934645699,0.913314120472366,0.996208074900292
"9484",31,"naa25",-0.00164804293397649,0.950445776071868,0.996208074900292
"9485",31,"pitpnb",0.0237613483267404,0.16356314873336,0.984612275003837
"9486",31,"ttc28",0.0241953714002263,0.563374256226128,0.993489446331016
"9487",31,"rph3aa",-0.00366073161452909,0.887892387359621,0.996208074900292
"9488",31,"ptpn11a",-0.0161106167949733,0.559968091182295,0.993489446331016
"9489",31,"tmed2",0.00357297741604086,0.871697952725512,0.996208074900292
"9490",31,"bcl7a",-0.00154696758444546,0.944758654472475,0.996208074900292
"9491",31,"LOC129350964",-0.00184652080854079,0.896222249538429,0.996208074900292
"9492",31,"clip1b",0.0283119591506342,0.475300454373433,0.98487850369265
"9493",31,"lrsam1",0.00371651832498513,0.80180974187744,0.996208074900292
"9494",31,"lmo4a",-0.0108105843767625,0.234484591497945,0.984612275003837
"9495",31,"cdk9",0.00662390528372752,0.744471628090021,0.996208074900292
"9496",31,"dpm2",0.0124630054607189,0.582781020652069,0.993489446331016
"9497",31,"pip5kl1",0.0196338487639568,0.268012262687424,0.984612275003837
"9498",31,"LOC111572923",0.00863791019470404,0.552739298492823,0.993489446331016
"9499",31,"sh3glb2b",-0.00374906748556584,0.948295121672141,0.996208074900292
"9500",31,"zer1",0.0210119164119234,0.263870121125419,0.984612275003837
"9501",31,"tbc1d13",0.00705615001130108,0.61592767509514,0.993489446331016
"9502",31,"LOC111578510",0.00485042177121095,0.692395336338135,0.993489446331016
"9503",31,"thnsl2",0.0198661261307708,0.200960281564041,0.984612275003837
"9504",31,"dqx1",-0.0192354880990484,0.105228212270407,0.984612275003837
"9505",31,"spra",0.00599124378204718,0.524188473119959,0.98487850369265
"9506",31,"nadk2",-0.00778893989994726,0.477961883678297,0.98487850369265
"9507",31,"scai",-0.00847911838304101,0.686546362368975,0.993489446331016
"9508",31,"sptan1",0.0256351703643976,0.445480706970055,0.98487850369265
"9509",31,"LOC111577883",-0.000102447453956938,0.997591057960821,0.999816729949705
"9510",31,"zdhhc12b",-0.025428603391471,0.0620598064522617,0.835963163289791
"9511",31,"slc25a25b",-0.0102781578464328,0.563155923410037,0.993489446331016
"9512",31,"LOC111577882",0.00567675909120908,0.784059006615046,0.996208074900292
"9513",31,"derl2",-0.00487342942809893,0.589393414875878,0.993489446331016
"9514",31,"mapkap1",-0.000334285733590149,0.974281506518442,0.996208074900292
"9515",31,"LOC111576381",-0.00129278761130556,0.965914433605677,0.996208074900292
"9516",31,"sptlc1",0.000517126741044229,0.979870997058454,0.996703863757666
"9517",31,"nfil3",0.00209415381474791,0.877339483765475,0.996208074900292
"9518",31,"auh",0.0167978387725072,0.157175549594128,0.984612275003837
"9519",31,"syk",0.00364574717013274,0.854213227033381,0.996208074900292
"9520",31,"chd1",-0.00262386204705423,0.904731018776447,0.996208074900292
"9521",31,"reep5",-0.0131391435522837,0.707053590313686,0.993489446331016
"9522",31,"macir",-0.004871382731803,0.717710936168443,0.993489446331016
"9523",31,"pam",0.0069236162470881,0.84707156464515,0.996208074900292
"9524",31,"pomk",0.0125610612742147,0.251754836717435,0.984612275003837
"9525",31,"slc38a9",0.0065434563601633,0.648652708394865,0.993489446331016
"9526",31,"purg",0.0125910237072534,0.58461550103222,0.993489446331016
"9527",31,"il6st",0.0520074220812185,0.270807277722221,0.984612275003837
"9528",31,"psmb7",0.0118637536335688,0.432248835810859,0.98487850369265
"9529",31,"dennd1a",0.0508339149147806,0.0895767166997281,0.964667868932546
"9530",31,"fbxw2",-0.00665491065042978,0.491773573543206,0.98487850369265
"9531",31,"ajm1",-0.00481421352960866,0.87617235484568,0.996208074900292
"9532",31,"slc12a2",-0.0146824365612846,0.628891715824769,0.993489446331016
"9533",31,"slc27a6",-0.0166166743045012,0.240979854280055,0.984612275003837
"9534",31,"lmnb1",0.0150872002109635,0.346075178696084,0.98487850369265
"9535",31,"prrc1",0.0283672961135005,0.13409478533395,0.984612275003837
"9536",31,"tpm2",0.00358580531345942,0.719309264449339,0.993489446331016
"9537",31,"hmgcs1",-0.034677558940109,0.005303688725925,0.285431162031599
"9538",31,"dcp2",-0.0258430914771049,0.148311981681082,0.984612275003837
"9539",31,"LOC111582483",-0.0141102984788492,0.0908242620286504,0.964667868932546
"9540",31,"mvb12ba",0.0024504592945923,0.868686147169984,0.996208074900292
"9541",31,"LOC111582482",-0.00635114919201954,0.882621398731014,0.996208074900292
"9542",31,"prkab1a",0.0108699671735094,0.6425457833047,0.993489446331016
"9543",31,"LOC111563720",0.0909549875840048,0.0277674407201727,0.53883957960311
"9544",31,"rxraa",-0.00153565675829535,0.895106088567285,0.996208074900292
"9545",31,"wdr5",0.0238813657907411,0.340841700847866,0.984612275003837
"9546",31,"vav2",0.0662295077801395,0.168449707528964,0.984612275003837
"9547",31,"LOC129347331",0.0063578934938849,0.524188473119959,0.98487850369265
"9548",31,"lrrtm4l1",-0.0431906876661687,0.202813892986855,0.984612275003837
"9549",31,"igsf9a",0.0209736011674795,0.255247899491695,0.984612275003837
"9550",31,"tmem230a",0.00934200254804017,0.501892329299865,0.98487850369265
"9551",31,"dpysl2b",0.000821701341040578,0.974113337032942,0.996208074900292
"9552",31,"bnip3lb",-0.011872890951774,0.713246708699197,0.993489446331016
"9553",31,"ppp2r2ab",-0.017962549822857,0.554667901013711,0.993489446331016
"9554",31,"gsna",-0.000418266595330516,0.976863081188404,0.996208074900292
"9555",31,"stom",-0.0148258911574531,0.376268621641237,0.98487850369265
"9556",31,"LOC111562941",0.00298333849782732,0.719309264449339,0.993489446331016
"9557",31,"tsc1b",0.0158160970960531,0.61111861070884,0.993489446331016
"9558",31,"gfi1b",0.0063860785295063,0.340841700847866,0.984612275003837
"9559",31,"zgc:92275",0.00244135430462018,0.837153090345073,0.996208074900292
"9560",31,"grin1a",-0.0127831564643912,0.778736947863983,0.996208074900292
"9561",31,"LOC129350974",0.00358580531345942,0.719309264449339,0.993489446331016
"9562",31,"entpd2b",0.00777853365041504,0.497782604390622,0.98487850369265
"9563",31,"phpt1",0.00661932715302274,0.719309264449339,0.993489446331016
"9564",31,"LOC129350903",-0.00159411388760372,0.895106088567285,0.996208074900292
"9565",31,"arrdc1b",0.00507691915045445,0.77963716863259,0.996208074900292
"9566",31,"niban2a",-0.00796754874362288,0.591688131881609,0.993489446331016
"9567",31,"stxbp1a",0.0575090547433779,0.213125392746277,0.984612275003837
"9568",31,"akna",0.0063578934938849,0.524188473119959,0.98487850369265
"9569",31,"whrna",0.0686134616693229,0.235676160528123,0.984612275003837
"9570",31,"LOC111565396",0.0334924916717148,0.338398143431089,0.984612275003837
"9571",31,"man1b1a",-0.0080072890276836,0.816212694606279,0.996208074900292
"9572",31,"cacna1bb",0.0169865036383646,0.781308460615406,0.996208074900292
"9573",31,"ehmt1b",0.0224027088997994,0.48899546958285,0.98487850369265
"9574",31,"tprn",0.014542109779244,0.480151934310658,0.98487850369265
"9575",31,"tmem203",-0.0238286880598096,0.316143029860206,0.984612275003837
"9576",31,"alad",-0.000418266595330516,0.976863081188404,0.996208074900292
"9577",31,"npr2",-0.0184210739682493,0.2040456201944,0.984612275003837
"9578",31,"spag8",-0.0132148828535011,0.012248839713383,0.285431162031599
"9579",31,"LOC111581443",0.00755020169058079,0.524188473119959,0.98487850369265
"9580",31,"zfand5b",0.00348075999315152,0.77932944039221,0.996208074900292
"9581",31,"slc30a5",-0.0275299666334178,0.0839099946923593,0.945854671212903
"9582",31,"LOC111565806",0.00697683070151568,0.524188473119959,0.98487850369265
"9583",31,"LOC111586680",-0.00441978603447189,0.766546229455618,0.996208074900292
"9584",31,"tjp2a",-0.0158162434890881,0.0910269109052307,0.964667868932546
"9585",31,"LOC111568619",-0.0496205822228059,0.0123366883070665,0.286211403564007
"9586",31,"LOC129350908",0.00112071392136525,0.912874122491245,0.996208074900292
"9587",31,"shroom3",0.00675532541546928,0.559855386059431,0.993489446331016
"9588",31,"LOC111565677",0.00189941916784813,0.836712527588029,0.996208074900292
"9589",31,"mfsd14ba",0.0713801123878118,0.0738010839045707,0.908489926337744
"9590",31,"dnajc25",0.010227929439281,0.525516048425381,0.986505832453149
"9591",31,"LOC111565666",0.00360593963082543,0.89934771584807,0.996208074900292
"9592",31,"txnl1",0.00546198431138565,0.580404806563808,0.993489446331016
"9593",31,"LOC111564555",-0.0263521089813961,0.636288780231772,0.993489446331016
"9594",31,"LOC111571298",0.00892298465925429,0.340841700847866,0.984612275003837
"9595",31,"LOC111585486",-0.0431062343726811,0.140759134287847,0.984612275003837
"9596",31,"LOC118471569",0.00699522434583068,0.237860114067142,0.984612275003837
"9597",31,"vldlr",0.0520974892281902,0.120281674140483,0.984612275003837
"9598",31,"LOC129350978",-0.011482824286564,0.197780876994026,0.984612275003837
"9599",31,"ccni",-0.00279602387387683,0.91434061273793,0.996208074900292
"9600",31,"ccng2",-0.0270726284283881,0.0299892865949465,0.565694969343205
"9601",31,"taf1c",0.0170563151532217,0.340841700847865,0.984612275003837
"9602",31,"LOC111579785",0.0362125512494868,0.444255915801814,0.98487850369265
"9603",31,"st8sia3",0.0116520870768227,0.619633259410087,0.993489446331016
"9604",31,"onecut2",0.0322923162147161,0.14531007952694,0.984612275003837
"9605",31,"fech",0.0306807218056819,0.0524876724897373,0.782425084394083
"9606",31,"nars1",0.004196411248276,0.773610290634308,0.996208074900292
"9607",31,"dcc",-0.0175359050259108,0.640819627051781,0.993489446331016
"9608",31,"mbd2",0.0301043221687192,0.29839871475619,0.984612275003837
"9609",31,"c17h18orf54",0.00815190899562709,0.340841700847866,0.984612275003837
"9610",31,"ccdc82",0.0110366744025702,0.430311711437137,0.98487850369265
"9611",31,"june",0.00626431327642107,0.340841700847866,0.984612275003837
"9612",31,"LOC111565257",0.014954331456108,0.212345499696805,0.984612275003837
"9613",31,"ptpa",-0.0304143099378025,0.260899111569503,0.984612275003837
"9614",31,"ier5l",0.00803921022558703,0.340841700847865,0.984612275003837
"9615",31,"LOC129350900",0.0063860785295063,0.340841700847866,0.984612275003837
"9616",31,"LOC129350979",0.00994631705080621,0.588643737920411,0.993489446331016
"9617",31,"LOC111586733",0.0194590491085511,0.202387233885412,0.984612275003837
"9618",31,"actr1b",0.00830046497765555,0.727803471179955,0.996208074900292
"9619",31,"npy8ar",-0.018572650362915,0.532176080543114,0.991031153473653
"9620",31,"LOC111569320",0.0132191358387518,0.495315065330359,0.98487850369265
"9621",31,"zgc:86599",-0.000267891541848369,0.976863081188404,0.996208074900292
"9622",31,"LOC111579349",0.00612466382123494,0.719309264449339,0.993489446331016
"9623",31,"dusp11",-0.00920318336333996,0.311850377951602,0.984612275003837
"9624",31,"atp6v1b2",0.000151721581974366,0.99471602615918,0.999580088711073
"9625",31,"LOC129350958",-0.000267891541848369,0.976863081188404,0.996208074900292
"9626",31,"gfra2b",0.0153129723987462,0.82965744226389,0.996208074900292
"9627",31,"xpo7",-0.0279012014237578,0.322949432525187,0.984612275003837
"9628",31,"pbdc1",0.00984983246334514,0.677825573017119,0.993489446331016
"9629",31,"ppp3ccb",0.00260111476168402,0.962982113134312,0.996208074900292
"9630",31,"gpat3",0.00363598865519542,0.719309264449339,0.993489446331016
"9631",31,"abraxas1",-0.000435660709915935,0.976863081188404,0.996208074900292
"9632",31,"helq",-2.01047156350852e-06,0.999898929248715,0.99991406606072
"9633",31,"mrps18c",0.0105335254960861,0.434894292864467,0.98487850369265
"9634",31,"hpse",-0.00258685326568619,0.904770422528774,0.996208074900292
"9635",31,"LOC129347316",0.00599124378204718,0.524188473119959,0.98487850369265
"9636",31,"rpl17",-0.00536076729776924,0.846964085292915,0.996208074900292
"9637",31,"mfhas1",0.00490591580472618,0.633962000608716,0.993489446331016
"9638",31,"LOC111568816",-0.0146086772921276,0.617046656996382,0.993489446331016
"9639",31,"apc",-0.00765810491966662,0.795317022961168,0.996208074900292
"9640",31,"fktn",-0.0139283947265084,0.304289627910339,0.984612275003837
"9641",31,"LOC111568822",0.00626431327642107,0.340841700847866,0.984612275003837
"9642",31,"LOC111568821",-0.0349599245047558,0.0490791512137666,0.755748226433355
"9643",31,"ugcg",-0.020439030149543,0.419719497405353,0.98487850369265
"9644",31,"hsdl2",0.0152424272814672,0.262991136466187,0.984612275003837
"9645",31,"atp6v1g1",0.0477954822026123,0.196116899264865,0.984612275003837
"9646",31,"lmbrd2b",-0.0122860543337048,0.379907971465585,0.98487850369265
"9647",31,"slc31a1",0.00412148679313237,0.719309264449339,0.993489446331016
"9648",31,"slc25a46",0.0122517747504173,0.48266567259283,0.98487850369265
"9649",31,"man2a1",0.00519568646795622,0.742761554753756,0.996208074900292
"9650",31,"ythdc1",-0.0102966297381303,0.77433545618722,0.996208074900292
"9651",31,"wu:fi75a02",-0.0167220789549691,0.109784038565107,0.984612275003837
"9652",31,"pisd",-0.00202010589693074,0.905670991962099,0.996208074900292
"9653",31,"fer",0.00660315085202968,0.602241397008923,0.993489446331016
"9654",31,"cdc26",-0.0165397824308826,0.242952436570892,0.984612275003837
"9655",31,"prpf4",0.0167193210127946,0.274024680870077,0.984612275003837
"9656",31,"LOC111567437",0.00764084672699095,0.823035014945777,0.996208074900292
"9657",31,"LOC111567440",-0.0275981473551385,0.196575248307328,0.984612275003837
"9658",31,"si:dkey-21c1.4",-0.00219290008550462,0.899698421021204,0.996208074900292
"9659",31,"bicral",-0.0269021726068286,0.0307896209288397,0.574874043164813
"9660",31,"qki2",0.0167511592348976,0.315925725313046,0.984612275003837
"9661",31,"si:dkey-21e13.3",0.00435928081129023,0.718261892110241,0.993489446331016
"9662",31,"kif19",-0.0161984077091706,0.012248839713383,0.285431162031599
"9663",31,"ttyh2",-0.0225061998460657,0.550567712172541,0.993489446331016
"9664",31,"rpl38",-0.0208962208074572,0.208804038618443,0.984612275003837
"9665",31,"sdk2b",-0.000907113896994774,0.983564874908774,0.996956250321918
"9666",31,"pmp22b",0.0063860785295063,0.340841700847866,0.984612275003837
"9667",31,"hs3st3b1b",-0.044812120774883,0.415757698440133,0.98487850369265
"9668",31,"LOC111563277",0.0337449262088336,0.198506639492666,0.984612275003837
"9669",31,"LOC111569263",0.00983314350796089,0.481407718061272,0.98487850369265
"9670",31,"LOC111569265",0.0102344665280609,0.340841700847866,0.984612275003837
"9671",31,"ppp1r9bb",0.0169669178635235,0.129075666949742,0.984612275003837
"9672",31,"tmem101",0.00892298465925429,0.340841700847866,0.984612275003837
"9673",31,"lsm12b",0.00190308093172105,0.842965469359179,0.996208074900292
"9674",31,"g6pc3",0.00176511994717313,0.916246240459776,0.996208074900292
"9675",31,"tanc2b",-0.0300057305783109,0.392521643046308,0.98487850369265
"9676",31,"LOC111585369",0.00646159890282564,0.916799244157537,0.996208074900292
"9677",31,"wnk4a",-0.0226076165954619,0.107215909989661,0.984612275003837
"9678",31,"vps25",0.0107418731252118,0.26695652068259,0.984612275003837
"9679",31,"mfsd13a",-0.0105481759081846,0.532801601132534,0.991194976857661
"9680",31,"sema4gb",0.0358190246369142,0.530038233381941,0.989372540616599
"9681",31,"mrpl43",-0.000418266595330516,0.976863081188404,0.996208074900292
"9682",31,"twnk",0.0113844571359459,0.182713671245885,0.984612275003837
"9683",31,"LOC111586547",0.0227135805649415,0.36317750019139,0.98487850369265
"9684",31,"LOC111570752",-0.00333079572964982,0.74465829156291,0.996208074900292
"9685",31,"LOC129347418",0.00363598865519542,0.719309264449339,0.993489446331016
"9686",31,"LOC111570774",0.00364405419732986,0.820770415907877,0.996208074900292
"9687",31,"LOC111570785",0.0154523641094243,0.662379010873905,0.993489446331016
"9688",31,"LOC111584347",0.000404770966772984,0.981263128798803,0.99678337426189
"9689",31,"kansl1a",-0.0504803994887934,0.287240080201412,0.984612275003837
"9690",31,"mapta",0.0155888987762332,0.684129330678773,0.993489446331016
"9691",31,"LOC111581330",-0.0117957328546584,0.287329819097338,0.984612275003837
"9692",31,"LOC111572927",0.017853359051328,0.751238141535542,0.996208074900292
"9693",31,"LOC111567460",-0.00360237790101436,0.850634142287822,0.996208074900292
"9694",31,"tubgcp2",-0.00803114559418277,0.745599530619378,0.996208074900292
"9695",31,"kctd2",0.0310971775535402,0.224655036875432,0.984612275003837
"9696",31,"slc16a5a",0.0126503918059274,0.340841700847865,0.984612275003837
"9697",31,"tap2t",0.00757433899699507,0.592368156074354,0.993489446331016
"9698",31,"acsf2",0.0112221254094826,0.442574185941374,0.98487850369265
"9699",31,"armc7",0.00363598865519542,0.719309264449339,0.993489446331016
"9700",31,"ndel1a",0.00751289638687936,0.702817092990701,0.993489446331016
"9701",31,"LOC111563028",0.00964930514909756,0.467532102521914,0.98487850369265
"9702",31,"LOC111586470",0.0141967833145055,0.798620875238958,0.996208074900292
"9703",31,"stx4",0.0013659120157947,0.92935760526379,0.996208074900292
"9704",31,"srcap",0.0038320460277392,0.87360028413658,0.996208074900292
"9705",31,"fbrs",-0.0151167571086685,0.488921506507207,0.98487850369265
"9706",31,"chmp2a",-0.00385589253057736,0.742139623238073,0.996208074900292
"9707",31,"msl1b",0.0295726743841597,0.0554709675074706,0.796960704901046
"9708",31,"snx11",0.00237764643559983,0.8808704919829,0.996208074900292
"9709",31,"cbx1b",-0.0186412476455838,0.738777252259472,0.996208074900292
"9710",31,"nfe2l1b",-0.012036192396841,0.503351956814051,0.98487850369265
"9711",31,"pnpo",-0.02142191545207,0.367182249406406,0.98487850369265
"9712",31,"mrpl10",-0.00546733891096794,0.537530452484615,0.993489446331016
"9713",31,"osbpl7",0.0104422007990684,0.557771906630607,0.993489446331016
"9714",31,"tbkbp1",0.0591381363263978,0.0368128668875004,0.64332240267843
"9715",31,"pdk2a",-0.0103512141018155,0.404347155203181,0.98487850369265
"9716",31,"myo1d",0.016642705301955,0.209341243578897,0.984612275003837
"9717",31,"cdk5r1b",-0.00278778407625666,0.946342918584302,0.996208074900292
"9718",31,"psmd11b",0.0232762874757075,0.175109134594685,0.984612275003837
"9719",31,"LOC111567365",0.0015223008883722,0.958515405987493,0.996208074900292
"9720",31,"wnt3",0.0105918573087798,0.174635738757807,0.984612275003837
"9721",31,"LOC118470152",0.0137638884588059,0.171239218542928,0.984612275003837
"9722",31,"ormdl3",0.00587981985782883,0.65270379624474,0.993489446331016
"9723",31,"LOC111575976",0.0842188077937264,0.358261335812913,0.98487850369265
"9724",31,"dhx8",-0.00229993354995576,0.784469795535798,0.996208074900292
"9725",31,"LOC129347408",-0.0264584838055337,0.012248839713383,0.285431162031599
"9726",31,"etv4",0.00514173683298463,0.719309264449339,0.993489446331016
"9727",31,"dusp3a",-0.00418777488362178,0.831709904386281,0.996208074900292
"9728",31,"arl4d",-0.005373137096948,0.711144017858412,0.993489446331016
"9729",31,"nbr1a",-0.0214140368938331,0.0966411203712153,0.974963766271218
"9730",31,"psme3",0.0108498876892973,0.524188473119959,0.98487850369265
"9731",31,"LOC111586477",-0.00246322361472135,0.945170199946773,0.996208074900292
"9732",31,"LOC111589182",0.0096272324372426,0.423524842687821,0.98487850369265
"9733",31,"plekhm1",0.00950824588755536,0.340841700847865,0.984612275003837
"9734",31,"nat9",0.00798610252987018,0.478212646823207,0.98487850369265
"9735",31,"lrrc59",-0.00246657196132287,0.897130841091582,0.996208074900292
"9736",31,"tcerg1l",0.047862212419165,0.153497237313755,0.984612275003837
"9737",31,"si:ch1073-416j23.1",-0.00221956722402756,0.895106088567285,0.996208074900292
"9738",31,"dpysl4",-0.00925700963435247,0.629803700618674,0.993489446331016
"9739",31,"jakmip3",0.00138846370834026,0.909498178130604,0.996208074900292
"9740",31,"LOC111565198",0.0063578934938849,0.524188473119959,0.98487850369265
"9741",31,"LOC111565210",-0.0040476784364967,0.890295158029594,0.996208074900292
"9742",31,"LOC129347414",-0.0161984077091706,0.012248839713383,0.285431162031599
"9743",31,"LOC111585457",0.0113562721003245,0.524188473119959,0.98487850369265
"9744",31,"LOC129347417",-0.0260109937159145,0.0901819148903582,0.964667868932546
"9745",31,"atad1b",-0.00410782402352267,0.702324766896218,0.993489446331016
"9746",31,"ptenb",-0.0161984077091706,0.012248839713383,0.285431162031599
"9747",31,"rnls",0.0177726832925251,0.315600456474218,0.984612275003837
"9748",31,"lipf",0.000481235137055385,0.985284583200073,0.996956250321918
"9749",31,"stambpl1",0.00602699772006829,0.590534961285256,0.993489446331016
"9750",31,"LOC111568989",-0.00430645763313041,0.67775392384736,0.993489446331016
"9751",31,"LOC111585267",0.00526696744708734,0.812584294344515,0.996208074900292
"9752",31,"bbs1",0.00943634442644715,0.340841700847866,0.984612275003837
"9753",31,"LOC111583246",-0.0046188665782316,0.675750956802738,0.993489446331016
"9754",31,"rab40b",0.00138891676363192,0.957709297211621,0.996208074900292
"9755",31,"LOC111583251",0.00280107907467374,0.796670894137462,0.996208074900292
"9756",31,"LOC111583250",-0.0147479288823132,0.474900691956024,0.98487850369265
"9757",31,"LOC111583249",-0.0213851089878693,0.225997318371724,0.984612275003837
"9758",31,"LOC111583248",0.010532185579486,0.450287245454731,0.98487850369265
"9759",31,"LOC111568439",-0.00159411388760372,0.895106088567285,0.996208074900292
"9760",31,"ankfn1",0.0301102132929904,0.357478045805045,0.98487850369265
"9761",31,"LOC111569079",-0.0092818513390339,0.817886111906803,0.996208074900292
"9762",31,"si:ch73-256g18.2",-0.0483088793724553,0.0469984438073576,0.737403040506987
"9763",31,"hlfb",0.00538892383707338,0.90039118484737,0.996208074900292
"9764",31,"stxbp4",0.0483640485355525,0.48301150667654,0.98487850369265
"9765",31,"LOC111582272",0.0170175212176458,0.421478213325255,0.98487850369265
"9766",31,"ccser2b",-0.0141995390130958,0.571637158233262,0.993489446331016
"9767",31,"LOC111563062",0.0063860785295063,0.340841700847866,0.984612275003837
"9768",31,"grid1b",-0.0279920823633802,0.575594941463798,0.993489446331016
"9769",31,"waplb",0.0300486874858735,0.321709688564515,0.984612275003837
"9770",31,"plekha1b",-0.00433007031321493,0.704242982727993,0.993489446331016
"9771",31,"htra1b",0.0128410715772277,0.44236636892544,0.98487850369265
"9772",31,"asb3",-0.00857891475863557,0.576239183648001,0.993489446331016
"9773",31,"abca5",0.0215906289451491,0.225886570254771,0.984612275003837
"9774",31,"LOC111579553",0.0134029722902139,0.299604297177506,0.984612275003837
"9775",31,"LOC111579561",0.00910161812481067,0.571408926920488,0.993489446331016
"9776",31,"LOC111579543",0.00626431327642107,0.340841700847866,0.984612275003837
"9777",31,"chmp6b",0.00776405657277349,0.738994236243436,0.996208074900292
"9778",31,"baiap2b",-0.0790207557801471,0.0802232622415337,0.929133735121188
"9779",31,"aatkb",-0.036977113300812,0.433716022794273,0.98487850369265
"9780",31,"LOC118469083",0.0123099670622618,0.216373218403735,0.984612275003837
"9781",31,"LOC111575695",-0.00270987440578223,0.827497040260961,0.996208074900292
"9782",31,"nploc4",-0.021044309685873,0.58099479114375,0.993489446331016
"9783",31,"cep131",0.010752595653311,0.220096196393767,0.984612275003837
"9784",31,"LOC111578128",0.0102344665280609,0.340841700847866,0.984612275003837
"9785",31,"LOC111578125",-2.56095683021346e-05,0.998271886001267,0.999816729949705
"9786",31,"oxld1",-0.000329071011677992,0.976863081188404,0.996208074900292
"9787",31,"map2k6",0.031720557284567,0.00319531675792279,0.285431162031599
"9788",31,"exoc7",-0.0478020788062489,0.307189911457116,0.984612275003837
"9789",31,"tvp23b",0.0171250361402962,0.447320396057875,0.98487850369265
"9790",31,"ush1gb",0.014792284568387,0.183628856605851,0.984612275003837
"9791",31,"LOC111582683",0.0518240496103201,0.337863045765862,0.984612275003837
"9792",31,"LOC111564994",-0.0161984077091706,0.012248839713383,0.285431162031599
"9793",31,"LOC129347458",0.0102344665280609,0.340841700847866,0.984612275003837
"9794",31,"LOC111565066",0.0503915860257313,0.290591039909768,0.984612275003837
"9795",31,"ryr2a",0.0213995602413643,0.552445351469259,0.993489446331016
"9796",31,"mtr",-0.000435660709915935,0.976863081188404,0.996208074900292
"9797",31,"bms1",-0.0264548187935491,0.0785405813511112,0.925105635436826
"9798",31,"adoa",-0.00826060407376432,0.24392349082975,0.984612275003837
"9799",31,"LOC111571022",-0.00914639973954274,0.667435702557708,0.993489446331016
"9800",31,"reep3b",0.00996097468625608,0.603161847829395,0.993489446331016
"9801",31,"jmjd1cb",0.0319287949607558,0.365270338775367,0.98487850369265
"9802",31,"LOC129347394",-0.00413946062797772,0.822825031379105,0.996208074900292
"9803",31,"exoc6",0.0563222222349494,0.217611052481711,0.984612275003837
"9804",31,"trub1",0.00847418775982773,0.264759935380283,0.984612275003837
"9805",31,"rac3b",0.0198395521326954,0.357016196264862,0.98487850369265
"9806",31,"LOC111565179",-0.0299327237617788,0.672700833768175,0.993489446331016
"9807",31,"LOC111565177",0.00358580531345942,0.719309264449339,0.993489446331016
"9808",31,"rab3gap1",-0.0029528102314092,0.866465606480056,0.996208074900292
"9809",31,"fasn",-0.00771327575838266,0.85228232787087,0.996208074900292
"9810",31,"csnk1db",0.00015056996305886,0.992881740548036,0.998750879301711
"9811",31,"rbfox3a",-0.0911624672379588,0.114026169037363,0.984612275003837
"9812",31,"ipmkb",0.0446863903835904,0.193879323924293,0.984612275003837
"9813",31,"naglu",-0.00153565675829535,0.895106088567285,0.996208074900292
"9814",31,"LOC111588296",0.0314130156424938,0.369904869692158,0.98487850369265
"9815",31,"LOC111588291",-0.0126128737680333,0.266564034736188,0.984612275003837
"9816",31,"wu:fj29h11",0.0326193600914788,0.00142985673290876,0.285431162031599
"9817",31,"LOC111570211",0.0353110545228661,0.529477975796848,0.989372540616599
"9818",31,"si:dkey-94l16.4",0.0135837815521853,0.546810112026311,0.993489446331016
"9819",31,"mprip",0.00733541043521551,0.823307117975018,0.996208074900292
"9820",31,"hs3st3l",0.0123477910514375,0.443983157065853,0.98487850369265
"9821",31,"gas7b",-0.0106585593332367,0.791660764252569,0.996208074900292
"9822",31,"adprm",0.00815190899562709,0.340841700847866,0.984612275003837
"9823",31,"map2k4b",-0.0481343234551249,0.128470006419708,0.984612275003837
"9824",31,"LOC129347443",-0.000385819212686507,0.976863081188404,0.996208074900292
"9825",31,"myocd",0.00755020169058079,0.524188473119959,0.98487850369265
"9826",31,"LOC129347444",0.00230192050334168,0.853982366250712,0.996208074900292
"9827",31,"dnah9",-0.0132529576713195,0.447885726457285,0.98487850369265
"9828",31,"LOC111572501",0.0372108248317874,0.34181950018405,0.984612275003837
"9829",31,"LOC129347405",0.00930640714506853,0.340841700847866,0.984612275003837
"9830",31,"foxk2a",-0.00698493463579242,0.598319234842903,0.993489446331016
"9831",31,"wdr45b",-0.00211457168412174,0.921383768580307,0.996208074900292
"9832",31,"LOC111577812",-0.012503002498052,0.490187878134141,0.98487850369265
"9833",31,"LOC111577814",0.00943634442644715,0.340841700847866,0.984612275003837
"9834",31,"kdelr2b",-0.0398231937835761,0.199471574123883,0.984612275003837
"9835",31,"mettl9",0.00508384220148624,0.719309264449339,0.993489446331016
"9836",31,"mrpl27",0.00728171973405605,0.562640046284835,0.993489446331016
"9837",31,"ca10a",0.0244355418385336,0.57739061403012,0.993489446331016
"9838",31,"LOC111581431",0.00109067568057739,0.929151888621857,0.996208074900292
"9839",31,"mbtd1",0.016760711933616,0.407423207316097,0.98487850369265
"9840",31,"tdrkh",-0.00119865342206604,0.933039840013018,0.996208074900292
"9841",31,"tmem94",-0.0473049442895643,0.0853324338341067,0.952618911044462
"9842",31,"llgl2",0.0117932652923434,0.72945101252147,0.996208074900292
"9843",31,"galk1",-0.00667454215522568,0.51826393377354,0.98487850369265
"9844",31,"LOC111581008",-0.0256972918143071,0.105146740461896,0.984612275003837
"9845",31,"adgra1a",-0.000590467134310045,0.942274470486916,0.996208074900292
"9846",31,"LOC111587812",-0.000139480985349742,0.994956612225312,0.999678322074068
"9847",31,"LOC111571607",0.00960954280377656,0.570127522136771,0.993489446331016
"9848",31,"LOC111571627",0.00943634442644715,0.340841700847866,0.984612275003837
"9849",31,"LOC111571615",-0.00575845691400159,0.76773389681771,0.996208074900292
"9850",31,"lmf1",0.0229150540314678,0.259618594723201,0.984612275003837
"9851",31,"LOC111571623",0.0261231533133094,0.118259803770989,0.984612275003837
"9852",31,"LOC118470629",-0.000310864050245439,0.976863081188404,0.996208074900292
"9853",31,"pemt",0.038415570099649,0.178502159432553,0.984612275003837
"9854",31,"LOC111571621",0.0124970311366963,0.447207741230867,0.98487850369265
"9855",31,"LOC111571616",-0.00153565675829535,0.895106088567285,0.996208074900292
"9856",31,"cops3",-0.00749475333458744,0.80179155245107,0.996208074900292
"9857",31,"usp22",-0.019682425696484,0.326161741130252,0.984612275003837
"9858",31,"LOC111571624",-0.0132148828535011,0.012248839713383,0.285431162031599
"9859",31,"LOC111571618",-6.93784054072963e-05,0.998180919537598,0.999816729949705
"9860",31,"asb12a",0.00516333033930536,0.617452836510449,0.993489446331016
"9861",31,"pkd1b",0.00885233573404538,0.340841700847865,0.984612275003837
"9862",31,"spata20",0.0058493314872537,0.799709759497926,0.996208074900292
"9863",31,"cacna1g",-0.0271710929307063,0.319824201072542,0.984612275003837
"9864",31,"LOC111570565",-0.000293977023095923,0.976863081188404,0.996208074900292
"9865",31,"LOC111570567",0.00874246696576765,0.524188473119959,0.98487850369265
"9866",31,"uts2r2",-0.000425992009327024,0.976863081188404,0.996208074900292
"9867",31,"hexdc",0.0063386515548202,0.719309264449339,0.993489446331016
"9868",31,"narf",-0.0178701195461806,0.012248839713383,0.285431162031599
"9869",31,"fdxr",-0.00037492175215017,0.976863081188404,0.996208074900292
"9870",31,"trim65",0.00093976129439006,0.959843291514981,0.996208074900292
"9871",31,"wbp2",-0.0024292916857396,0.850839826876312,0.996208074900292
"9872",31,"unk",0.0083122312035594,0.524188473119959,0.98487850369265
"9873",31,"LOC111570549",-0.0148103416987404,0.443916673448276,0.98487850369265
"9874",31,"si:ch211-250n8.1",0.00630009644151455,0.770883327637157,0.996208074900292
"9875",31,"zgc:194990",0.0104729520438932,0.340841700847866,0.984612275003837
"9876",31,"itgb4",-0.000293977023095923,0.976863081188404,0.996208074900292
"9877",31,"sap30bp",0.0306358371484278,0.316242402960683,0.984612275003837
"9878",31,"LOC111579273",0.00566984514596045,0.702497106833229,0.993489446331016
"9879",31,"LOC111579270",0.015853226412052,0.272600592713547,0.984612275003837
"9880",31,"daglb",0.00153326653175327,0.899080117638872,0.996208074900292
"9881",31,"spag9b",-0.00935393217487913,0.585138496480951,0.993489446331016
"9882",31,"LOC111579269",0.0380646281689906,0.37676986185532,0.98487850369265
"9883",31,"abcc3",0.0120847381844295,0.0880035144877787,0.963905736748171
"9884",31,"csdc2a",-0.0266117612473888,0.382666932749427,0.98487850369265
"9885",31,"aco2",0.0225037756585388,0.400022035562832,0.98487850369265
"9886",31,"tefa",0.00815718701202011,0.27607248393697,0.984612275003837
"9887",31,"zc3h7bb",-0.00658191048062725,0.353796228692127,0.98487850369265
"9888",31,"l3mbtl2",0.00298333849782732,0.719309264449339,0.993489446331016
"9889",31,"ep300a",0.0113690639290934,0.739677467395822,0.996208074900292
"9890",31,"cbx7b",-0.00449857329211207,0.873782965299336,0.996208074900292
"9891",31,"josd1",0.012923451107438,0.544124385161832,0.993489446331016
"9892",31,"shisa8b",-0.0118898077351959,0.891440649126824,0.996208074900292
"9893",31,"mrtfab",0.0288836775034386,0.244254124047198,0.984612275003837
"9894",31,"get4",2.10138469488532e-05,0.99924078408195,0.999859294605512
"9895",31,"vps35l",-0.0119180459778037,0.243000898097647,0.984612275003837
"9896",31,"zdhhc16b",-0.01071084861343,0.303789722449422,0.984612275003837
"9897",31,"mms19",0.0063860785295063,0.340841700847866,0.984612275003837
"9898",31,"ubtd1b",-0.0222396233168741,0.238712615276192,0.984612275003837
"9899",31,"rbp3",-0.0161984077091706,0.012248839713383,0.285431162031599
"9900",31,"mapk8b",-0.00511766936433354,0.91004660767718,0.996208074900292
"9901",31,"si:dkey-191m6.4",0.00874246696576765,0.524188473119959,0.98487850369265
"9902",31,"fam20a",-0.0181597056006543,0.012248839713383,0.285431162031599
"9903",31,"LOC111578316",0.0317863215757805,0.297802955973159,0.984612275003837
"9904",31,"LOC111578314",-0.0103487062798805,0.520993999318224,0.98487850369265
"9905",31,"LOC111578312",-0.000310864050245439,0.976863081188404,0.996208074900292
"9906",31,"si:dkey-21c1.1",0.0102344665280609,0.340841700847866,0.984612275003837
"9907",31,"tepsin",0.0197816133740097,0.263573528444249,0.984612275003837
"9908",31,"slc38a10",0.00505009056129164,0.879117075855867,0.996208074900292
"9909",31,"LOC129347339",-0.0161984077091706,0.012248839713383,0.285431162031599
"9910",31,"bahcc1b",-0.0391449876541627,0.0125630097969181,0.29035266065778
"9911",31,"faap100",0.0235022305967355,0.540274032974941,0.993489446331016
"9912",31,"tmem235b",-0.0205974751376341,0.0508854706472867,0.771664516782755
"9913",31,"LOC111575375",0.0151287396971428,0.190527741433893,0.984612275003837
"9914",31,"LOC111575370",-0.0278881008927882,0.364793137746441,0.98487850369265
"9915",31,"snu13b",-0.0132148828535011,0.012248839713383,0.285431162031599
"9916",31,"LOC111575366",-0.0080565224516184,0.275053613051098,0.984612275003837
"9917",31,"cyth3a",-0.00764333921570464,0.588455663978597,0.993489446331016
"9918",31,"usp42",0.0134334547660254,0.407362845484998,0.98487850369265
"9919",31,"eif2ak1",-0.012871740939741,0.230926126086759,0.984612275003837
"9920",31,"ccz1",0.00889103988724664,0.598325438520095,0.993489446331016
"9921",31,"pvalb9",-0.0149949985253999,0.342268455674912,0.984612275003837
"9922",31,"tecpr1a",0.0216485534709401,0.0409440111262383,0.682950365040649
"9923",31,"trrap",0.0182270411459834,0.146586191676915,0.984612275003837
"9924",31,"fam20cb",-0.0069433774180006,0.87852502160376,0.996208074900292
"9925",31,"tom1l2",-0.00389466940291508,0.914655666863737,0.996208074900292
"9926",31,"atpaf2",-0.00204057995199585,0.895106088567285,0.996208074900292
"9927",31,"LOC111588432",0.00358580531345942,0.719309264449339,0.993489446331016
"9928",31,"tex2l",-0.016519495992546,0.143073957847804,0.984612275003837
"9929",31,"mlst8",0.00135417024238303,0.907626770348902,0.996208074900292
"9930",31,"grid2ipb",-2.53094931060985e-05,0.999347183205105,0.999859294605512
"9931",31,"arhgap17a",0.013405223028748,0.302438069880039,0.984612275003837
"9932",31,"lcmt1",-0.00179501283214182,0.811596603935865,0.996208074900292
"9933",31,"hbbe2",-0.00634423072427519,0.58818416152322,0.993489446331016
"9934",31,"rhbdf1b",0.0008653610401205,0.930598338786775,0.996208074900292
"9935",31,"ubald1a",0.000919738702539603,0.956126608585019,0.996208074900292
"9936",31,"LOC129347428",-0.00399576281994196,0.623055541615518,0.993489446331016
"9937",31,"mrtfba",0.0181780025528478,0.583323649106753,0.993489446331016
"9938",31,"cpped1",-0.0066776894602429,0.897881553900855,0.996208074900292
"9939",31,"shisa9a",0.029367644863987,0.69802351665139,0.993489446331016
"9940",31,"LOC118470130",0.0225831013005795,0.343564775885715,0.984612275003837
"9941",31,"snx29",0.0358698655102377,0.352344291747415,0.98487850369265
"9942",31,"rsl1d1",0.00437462453442206,0.719309264449339,0.993489446331016
"9943",31,"gspt1",0.0153411926293118,0.64205600766251,0.993489446331016
"9944",31,"tomm22",-0.0103081393490081,0.473729602524739,0.98487850369265
"9945",31,"maff",-0.0156650061025374,0.0830106770332107,0.938957631662252
"9946",31,"tmem184ba",0.00815718701202011,0.27607248393697,0.984612275003837
"9947",31,"csnk1e",0.0163224007480971,0.500437229903885,0.98487850369265
"9948",31,"tnrc6ba",-0.0315407834852276,0.316678647409804,0.984612275003837
"9949",31,"si:ch211-141o9.10",0.00560542456936067,0.702027931348758,0.993489446331016
"9950",31,"LOC111583568",0.00992360247781545,0.462498032396437,0.98487850369265
"9951",31,"cby1",0.0063860785295063,0.340841700847866,0.984612275003837
"9952",31,"kctd17",0.0100989980595647,0.331668074002609,0.984612275003837
"9953",31,"LOC111570458",0.00450774868916627,0.719309264449339,0.993489446331016
"9954",31,"aarsd1",0.021717360525539,0.340841700847866,0.984612275003837
"9955",31,"kat7b",-0.00314991757938634,0.854873646109492,0.996208074900292
"9956",31,"LOC129347334",-0.00208797061813477,0.939431086658551,0.996208074900292
"9957",31,"mpp2b",0.0476048264050664,0.424321923846284,0.98487850369265
"9958",31,"raraa",0.0224798204855087,0.599424521380327,0.993489446331016
"9959",31,"med24",-0.0111812760366723,0.312156836837219,0.984612275003837
"9960",31,"dcun1d3",0.00390155202303169,0.793157317223311,0.996208074900292
"9961",31,"katnip",0.0170058754252293,0.356408680438137,0.98487850369265
"9962",31,"LOC111582626",0.0107027276988627,0.503759634626014,0.98487850369265
"9963",31,"luc7l",0.0378220999364872,0.290417050811558,0.984612275003837
"9964",31,"LOC111582629",0.00626631688046305,0.649963618675215,0.993489446331016
"9965",31,"LOC111582621",-0.00109148396405175,0.949984827732177,0.996208074900292
"9966",31,"znf668",-0.0373387377962922,0.239215278162013,0.984612275003837
"9967",31,"znf646",-0.0416909693003993,0.0642492205029937,0.857569980636733
"9968",31,"rnf40",0.0149922702923765,0.514470143115252,0.98487850369265
"9969",31,"phkg2",0.0160556715794699,0.3839277650566,0.98487850369265
"9970",31,"ube2ib",-0.0229386690375792,0.283752604529656,0.984612275003837
"9971",31,"kctd5b",0.0206492110993981,0.396348161288631,0.98487850369265
"9972",31,"pdpk1b",0.000822793351464962,0.937904092552704,0.996208074900292
"9973",31,"gnptg",0.00576730638117942,0.596514492549729,0.993489446331016
"9974",31,"h3f3d",-0.0172552158885496,0.504009100148943,0.98487850369265
"9975",31,"wdr24",0.0052102765883705,0.37392948738462,0.98487850369265
"9976",31,"zgc:112496",-0.00792523907259335,0.561577996713013,0.993489446331016
"9977",31,"rhbdl1",0.0280283332433341,0.471048777144323,0.98487850369265
"9978",31,"LOC111580131",0.0252358634949793,0.270513739644743,0.984612275003837
"9979",31,"rhot2",0.00363598865519542,0.719309264449339,0.993489446331016
"9980",31,"sbk1",-0.0195294151231268,0.377802186197486,0.98487850369265
"9981",31,"LOC111579690",0.00508384220148624,0.719309264449339,0.993489446331016
"9982",31,"rab11fip3",0.0578728064681888,0.148131301233885,0.984612275003837
"9983",31,"ift140",-0.00629166095714418,0.790832430518557,0.996208074900292
"9984",31,"ccdc78",0.0164250256122701,0.340841700847865,0.984612275003837
"9985",31,"stub1",0.017354349373158,0.259091655843277,0.984612275003837
"9986",31,"si:ch73-103b11.2",-0.0192716376317508,0.576559444539269,0.993489446331016
"9987",31,"mfsd1l",0.00319366861988058,0.877015845925137,0.996208074900292
"9988",31,"atp6v0cb",-0.104598037261294,0.147539188098471,0.984612275003837
"9989",31,"tbc1d24",0.0183598316554346,0.392317689484166,0.98487850369265
"9990",31,"ntn2",0.0165599718536075,0.512825635800642,0.98487850369265
"9991",31,"nog2",-0.0114840410166743,0.274811500572121,0.984612275003837
"9992",31,"LOC111588170",0.0493213606904456,0.391716508671152,0.98487850369265
"9993",31,"capn15",-0.0508101106208875,0.14962134637335,0.984612275003837
"9994",31,"LOC111588184",0.0052102765883705,0.37392948738462,0.98487850369265
"9995",31,"LOC111588188",-0.0124158219079982,0.438708051687226,0.98487850369265
"9996",31,"LOC111584633",0.0214726497678674,0.532638660270576,0.991194976857661
"9997",31,"lrrc4bb",-0.0412301479662473,0.389059076653091,0.98487850369265
"9998",31,"mybpc2b",0.000237353761624944,0.990676587440242,0.998303762046978
"9999",31,"LOC111584611",-0.0070135074669745,0.858224525204244,0.996208074900292
"10000",31,"LOC129347389",0.00298333849782732,0.719309264449339,0.993489446331016
"10001",31,"LOC111584631",0.0499957368156214,0.355540713025596,0.98487850369265
"10002",31,"pigp",0.00865473646800165,0.302346112498301,0.984612275003837
"10003",31,"zgc:56095",-0.00934182586571945,0.251350616729581,0.984612275003837
"10004",31,"syt5b",-0.0232202752560533,0.012248839713383,0.285431162031599
"10005",31,"LOC111584617",0.00298333849782732,0.719309264449339,0.993489446331016
"10006",31,"LOC111584609",0.00745886230124105,0.471185348579008,0.98487850369265
"10007",31,"LOC111584601",0.0131968057423447,0.662186331471372,0.993489446331016
"10008",31,"brsk1a",0.0344113553763267,0.237951612812536,0.984612275003837
"10009",31,"prr12a",0.0749114738067231,0.0808383291802639,0.929133735121188
"10010",31,"mmp25b",-0.000310864050245439,0.976863081188404,0.996208074900292
"10011",31,"LOC111581578",0.0100220671847017,0.341578125570744,0.984612275003837
"10012",31,"eif3c",-0.0272579869754447,0.0565501805660102,0.801703540213639
"10013",31,"taok2b",0.00674212361884016,0.870440365822747,0.996208074900292
"10014",31,"mazb",-0.0254266363119451,0.23954298396345,0.984612275003837
"10015",31,"tlcd3bb",0.00514218218094429,0.799342643574718,0.996208074900292
"10016",31,"pagr1",0.00562300255669888,0.632529168128406,0.993489446331016
"10017",31,"kif22",-0.0196554637965001,0.012248839713383,0.285431162031599
"10018",31,"prrt2",0.0286557648210755,0.310158693654161,0.984612275003837
"10019",31,"LOC129347375",0.000426918583946482,0.976869506984944,0.996208074900292
"10020",31,"LOC111574354",0.00586200299160524,0.881685972783465,0.996208074900292
"10021",31,"mto1",0.00228696408036286,0.883824355268347,0.996208074900292
"10022",31,"ppp1cab",0.0180820448594718,0.0908863272034631,0.964667868932546
"10023",31,"pelo",-0.00159411388760372,0.895106088567285,0.996208074900292
"10024",31,"LOC111568874",0.0163338244471328,0.524188473119959,0.98487850369265
"10025",31,"LOC111568738",0.00755020169058079,0.524188473119959,0.98487850369265
"10026",31,"LOC111568728",0.0199874300843418,0.115770261619511,0.984612275003837
"10027",31,"pgap3",0.019449105346562,0.179240343781032,0.984612275003837
"10028",31,"rundc3ab",-0.0142825258029237,0.627429444582138,0.993489446331016
"10029",31,"ndufa4b",-0.0109672113417193,0.813450562130919,0.996208074900292
"10030",31,"LOC111577737",0.0154661457107863,0.660069212620309,0.993489446331016
"10031",31,"ngfrb",0.00769326876583934,0.719309264449339,0.993489446331016
"10032",31,"slc4a1b",-0.00211516477871473,0.920597752490208,0.996208074900292
"10033",31,"LOC111579037",-0.000380052371042288,0.971071952015246,0.996208074900292
"10034",31,"atxn7l3b",0.00714123123817856,0.847222814523609,0.996208074900292
"10035",31,"psmc5",0.00911695631616483,0.665967680269095,0.993489446331016
"10036",31,"LOC111586950",0.000893908768701943,0.940067890738373,0.996208074900292
"10037",31,"znf281b",-0.016466299251019,0.0929449906035938,0.972275180017018
"10038",31,"LOC111573917",0.0369984117984373,0.286712718244876,0.984612275003837
"10039",31,"LOC111573924",0.0140851817849007,0.403563192463217,0.98487850369265
"10040",31,"pcdh15b",0.0612105195351998,0.037618792395238,0.648110235255819
"10041",31,"LOC129347446",0.00803921022558703,0.340841700847865,0.984612275003837
"10042",31,"slc35g1",0.00697683070151568,0.524188473119959,0.98487850369265
"10043",31,"lgi1b",-0.0200556843937563,0.327982769639558,0.984612275003837
"10044",31,"fra10ac1",-0.0249484474232504,0.27162817694563,0.984612275003837
"10045",31,"nrg3b",-0.0555133222867784,0.113371993575111,0.984612275003837
"10046",31,"gfra1b",0.023054910992325,0.351518878460079,0.98487850369265
"10047",31,"atrnl1b",0.0557930516639181,0.0513763985583718,0.776213267736438
"10048",31,"ccdc186",-0.0288896194852678,0.0561737258656737,0.800678417437773
"10049",31,"LOC129347438",0.0218061362903171,0.271201020644871,0.984612275003837
"10050",31,"adrb1",0.0133367095702528,0.340841700847866,0.984612275003837
"10051",31,"nhlrc2",0.0114177030379921,0.252975460495017,0.984612275003837
"10052",31,"dclre1a",-0.0122076320322774,0.236217534338011,0.984612275003837
"10053",31,"LOC111567287",0.00152194799921231,0.886192704489966,0.996208074900292
"10054",31,"becn1",0.0125657463109819,0.612613544162977,0.993489446331016
"10055",31,"LOC111567299",0.00358580531345942,0.719309264449339,0.993489446331016
"10056",31,"LOC111567303",0.00803921022558703,0.340841700847865,0.984612275003837
"10057",31,"adam11",0.0433919842318068,0.0895820021534252,0.964667868932546
"10058",31,"LOC111588970",-0.0132148828535011,0.012248839713383,0.285431162031599
"10059",31,"LOC111588971",-0.0179247145390969,0.136296994596879,0.984612275003837
"10060",31,"LOC129347409",0.00655856410618516,0.686391385700342,0.993489446331016
"10061",31,"klhl11",-0.000267891541848369,0.976863081188404,0.996208074900292
"10062",31,"aclyb",0.0293484320243968,0.274467115468307,0.984612275003837
"10063",31,"LOC111566723",0.0222727497717774,0.171761888639089,0.984612275003837
"10064",31,"LOC111566726",0.0217781922939245,0.7399260590771,0.996208074900292
"10065",31,"LOC111566728",-0.0181597056006543,0.012248839713383,0.285431162031599
"10066",31,"LOC111566724",0.00613587789302057,0.749918352699876,0.996208074900292
"10067",31,"gpam",-0.00576100711198967,0.679496801008027,0.993489446331016
"10068",31,"LOC111566725",-0.0257625402275026,0.195197085533531,0.984612275003837
"10069",31,"LOC111566733",0.0229069866037983,0.410854855516554,0.98487850369265
"10070",31,"LOC111566722",-0.000267891541848369,0.976863081188404,0.996208074900292
"10071",31,"aldh18a1",0.00399847302068071,0.738640395698093,0.996208074900292
"10072",31,"LOC129347362",-0.00037492175215017,0.976863081188404,0.996208074900292
"10073",31,"tcf7l2",-0.033880320834624,0.317865841458501,0.984612275003837
"10074",31,"vti1a",-0.0123486692468324,0.766173563583978,0.996208074900292
"10075",31,"zdhhc6",-0.0159404937287225,0.012248839713383,0.285431162031599
"10076",31,"coasy",0.0063860785295063,0.340841700847866,0.984612275003837
"10077",31,"dcakd",0.00865473646800165,0.302346112498301,0.984612275003837
"10078",31,"LOC111574788",0.0120090700446933,0.257356181122959,0.984612275003837
"10079",31,"adkb",0.0169615053484316,0.61097074523707,0.993489446331016
"10080",31,"kat6b",-0.0452396895686384,0.224532243751023,0.984612275003837
"10081",31,"samd8",-0.000633331882800066,0.958282348437603,0.996208074900292
"10082",31,"LOC111574785",-0.0321596145561798,0.133526629540032,0.984612275003837
"10083",31,"LOC111574790",0.00924683117928401,0.57467852929113,0.993489446331016
"10084",31,"LOC111583352",0.0274397509615281,0.126510609271566,0.984612275003837
"10085",31,"anxa11b",0.00450774868916627,0.719309264449339,0.993489446331016
"10086",31,"LOC111565596",0.00513781888949586,0.71111583526043,0.993489446331016
"10087",31,"LOC111565601",-0.0149721050489006,0.780510199260913,0.996208074900292
"10088",31,"polr3a",0.00362064796806691,0.725265387386093,0.996208074900292
"10089",31,"pald1a",-0.00943942578905894,0.76658874237738,0.996208074900292
"10090",31,"sar1aa",0.0107883631570551,0.36048928315672,0.98487850369265
"10091",31,"LOC111567997",0.0284065413719286,0.672781971220635,0.993489446331016
"10092",31,"ascc1",-0.00669937100662502,0.76786262996601,0.996208074900292
"10093",31,"ddit4",0.00387305698778162,0.524188473119959,0.98487850369265
"10094",31,"scd",0.0408468917086372,0.00392778126230297,0.285431162031599
"10095",31,"sec31b",-0.000720876171673813,0.973973614241238,0.996208074900292
"10096",31,"ndufb8",-0.0239777012012167,0.459714107561355,0.98487850369265
"10097",31,"fbxl15",0.00152527850743865,0.905857538868107,0.996208074900292
"10098",31,"ghitm",0.0095967526188275,0.627341509670145,0.993489446331016
"10099",31,"LOC111582237",-0.0271677602334698,0.376277669846492,0.98487850369265
"10100",31,"lrit1b",-0.0161984077091706,0.012248839713383,0.285431162031599
"10101",31,"LOC111582227",-0.011482824286564,0.197780876994026,0.984612275003837
"10102",31,"LOC111582226",0.0161238127784577,0.176490970032477,0.984612275003837
"10103",31,"LOC111582231",-0.00676206328272349,0.586767616536321,0.993489446331016
"10104",31,"acadsb",-0.00509219627531168,0.777195355933673,0.996208074900292
"10105",31,"bub3",-0.00257540761669902,0.879337021791134,0.996208074900292
"10106",31,"LOC111582240",0.00358580531345942,0.719309264449339,0.993489446331016
"10107",31,"LOC111570635",0.0331652297922548,0.126132901603333,0.984612275003837
"10108",31,"oat",-0.0160217258969012,0.48200934899936,0.98487850369265
"10109",31,"lhpp",-0.013884751892635,0.51541408067321,0.98487850369265
"10110",31,"hpdl",-0.00159655633335685,0.895106088567285,0.996208074900292
"10111",31,"zranb1a",0.00706874131831522,0.79368502703788,0.996208074900292
"10112",31,"LOC111569350",0.0185573874996692,0.705208361215484,0.993489446331016
"10113",31,"mmp21",0.00273227768224535,0.907842337227953,0.996208074900292
"10114",31,"uros",0.00304365922224096,0.776890899684435,0.996208074900292
"10115",31,"dock1",-0.00444791099480771,0.573236642919947,0.993489446331016
"10116",31,"insyn2a",-0.00675209880821842,0.539569542586665,0.993489446331016
"10117",31,"ptprea",-0.0341869051763568,0.382113340527096,0.98487850369265
"10118",31,"entpd1",0.00784890552969716,0.719309264449339,0.993489446331016
"10119",31,"chac2",0.0063860785295063,0.340841700847866,0.984612275003837
"10120",31,"nrxn1a",-0.0380788820315675,0.623432436794718,0.993489446331016
"10121",31,"fbxo11b",0.00963346872756077,0.517970488535001,0.98487850369265
"10122",31,"msh2",-0.00954579594814564,0.34197652812865,0.984612275003837
"10123",31,"cript",-0.00604113806615394,0.712606603125829,0.993489446331016
"10124",31,"pigf",0.0310499972302399,0.329260398620954,0.984612275003837
"10125",31,"LOC111577901",0.0347540086677251,0.302613272502742,0.984612275003837
"10126",31,"kcng3",0.00815190899562709,0.340841700847866,0.984612275003837
"10127",31,"mta3",0.0107073082800383,0.75838667327433,0.996208074900292
"10128",31,"ppm1bb",0.0276955007418733,0.278042478788364,0.984612275003837
"10129",31,"prkcea",0.0321047662308508,0.428151852876858,0.98487850369265
"10130",31,"epas1a",-0.0026609660363465,0.908106032075267,0.996208074900292
"10131",31,"glud1b",-0.0179328857282988,0.151665118714738,0.984612275003837
"10132",31,"sncgb",0.0158543729420453,0.896761367216965,0.996208074900292
"10133",31,"LOC111585658",0.010282383099466,0.491284775440379,0.98487850369265
"10134",31,"usp54b",-0.0261303445101506,0.337273517302508,0.984612275003837
"10135",31,"sec24c",-0.0030337420427185,0.881063937155844,0.996208074900292
"10136",31,"LOC111580270",0.0696345979068793,0.0317743665658848,0.584748636930566
"10137",31,"LOC111580268",0.0272233111547574,0.400907614283387,0.98487850369265
"10138",31,"LOC111580269",0.0104729520438932,0.340841700847866,0.984612275003837
"10139",31,"LOC111580275",0.00215788340459201,0.936229075157139,0.996208074900292
"10140",31,"eef2k",0.0215929116293468,0.227070423622636,0.984612275003837
"10141",31,"LOC111582347",0.0063578934938849,0.524188473119959,0.98487850369265
"10142",31,"LOC111583265",-0.0369618713062178,0.117251455864852,0.984612275003837
"10143",31,"timp2a",-0.00852560657922639,0.839804473166982,0.996208074900292
"10144",31,"arl3b",-0.0239321278280556,0.239778262612534,0.984612275003837
"10145",31,"trim8b",-0.00267853895167345,0.90811999970761,0.996208074900292
"10146",31,"srsf2a",0.039438642995375,0.0647388443550596,0.862310650615109
"10147",31,"rnf157",-0.00802471016873206,0.894425544712066,0.996208074900292
"10148",31,"LOC118471785",-0.0338100187962518,0.012248839713383,0.285431162031599
"10149",31,"LOC129347488",0.0300369689747607,0.134611248977428,0.984612275003837
"10150",31,"LOC111572536",0.0505335928490556,0.16374794564737,0.984612275003837
"10151",31,"LOC111587474",0.00114251307152362,0.961701076864322,0.996208074900292
"10152",31,"LOC111581333",0.00460891505718273,0.837736962411238,0.996208074900292
"10153",31,"LOC111562452",-0.0596545293177752,0.0190356409848005,0.411590569508716
"10154",31,"LOC111562453",0.0110416146343468,0.841475705489669,0.996208074900292
"10155",31,"ube2z",-0.0293570044345067,0.0816097839288965,0.934650623621388
"10156",31,"cbx1a",-0.0285934870555591,0.297302897634861,0.984612275003837
"10157",31,"praf2",0.0172737117746292,0.616337446722003,0.993489446331016
"10158",31,"copz2",-0.0180084901612328,0.5355934581289,0.992352634323183
"10159",31,"igf2bp1",0.0315183586547426,0.155154723127145,0.984612275003837
"10160",31,"LOC111566598",-0.00335680190529702,0.904544699586607,0.996208074900292
"10161",31,"rab11fip4a",-0.000873280176916352,0.983138453889689,0.996956250321918
"10162",31,"coil",0.00273343014475499,0.829188869187155,0.996208074900292
"10163",31,"scpep1",-0.0161984077091706,0.012248839713383,0.285431162031599
"10164",31,"engase",-0.0076973216635598,0.348122198410404,0.98487850369265
"10165",31,"csnk1da",0.0067861821018638,0.815615982047191,0.996208074900292
"10166",31,"slc16a3a",-0.0193037638697437,0.314394971088604,0.984612275003837
"10167",31,"dus1l",0.00943634442644715,0.340841700847866,0.984612275003837
"10168",31,"cln3",0.0145379875251334,0.340841700847866,0.984612275003837
"10169",31,"LOC111578007",0.0177625959879743,0.666034844646245,0.993489446331016
"10170",31,"clpp",0.00779945768111337,0.491476595458931,0.98487850369265
"10171",31,"carm1",-0.0187269698978403,0.53051824752724,0.989678576489402
"10172",31,"yipf2",0.00928036035422946,0.416311799716959,0.98487850369265
"10173",31,"timm29",0.00602682974265279,0.711178244545147,0.993489446331016
"10174",31,"LOC129347548",-0.0102982956565025,0.716513818691664,0.993489446331016
"10175",31,"LOC111563870",0.0847989582083341,0.226471749083864,0.984612275003837
"10176",31,"LOC111568432",-0.0119708859447384,0.225960918608979,0.984612275003837
"10177",31,"rpl23",-0.0904136840911087,0.00593942473399546,0.285431162031599
"10178",31,"mpp2a",0.0576312671069236,0.123087404920971,0.984612275003837
"10179",31,"LOC129347558",0.00697683070151568,0.524188473119959,0.98487850369265
"10180",31,"LOC111586692",-0.00290050824177603,0.883629491392313,0.996208074900292
"10181",31,"LOC118469595",0.0063860785295063,0.340841700847866,0.984612275003837
"10182",31,"pex12",-0.0132148828535011,0.012248839713383,0.285431162031599
"10183",31,"hdac5",0.0421318896505205,0.386293438119669,0.98487850369265
"10184",31,"LOC111588541",-0.0132161192545501,0.606658636599686,0.993489446331016
"10185",31,"tanc2a",-0.00674878685074173,0.594258169046487,0.993489446331016
"10186",31,"LOC111566415",0.0170149131809265,0.241169848200828,0.984612275003837
"10187",31,"rpain",0.00390703113256907,0.859963996020339,0.996208074900292
"10188",31,"LOC111566416",-0.0283078621339533,0.408371477719226,0.98487850369265
"10189",31,"nsfa",-0.0427059992419206,0.341438145082668,0.984612275003837
"10190",31,"LOC111566418",-0.000574625715438754,0.989692899377443,0.998253544131569
"10191",31,"brsk1b",-0.0263450261918555,0.223741511526676,0.984612275003837
"10192",31,"cpt1a2b",-0.00948555237833534,0.680607679392059,0.993489446331016
"10193",31,"pih1d1",0.0015656046647427,0.88484383194479,0.996208074900292
"10194",31,"LOC111566372",0.00997892860075543,0.647229930220855,0.993489446331016
"10195",31,"aldh16a1",0.0063860785295063,0.340841700847866,0.984612275003837
"10196",31,"LOC111566374",0.0611239585796608,0.0604906908669505,0.827291033743796
"10197",31,"eci1",-0.00756390074764099,0.584625163190281,0.993489446331016
"10198",31,"nat15",-0.000310864050245439,0.976863081188404,0.996208074900292
"10199",31,"traf7",0.0182556392052322,0.271508454384921,0.984612275003837
"10200",31,"caskin1",0.000653957633773986,0.991618390190561,0.998703603248612
"10201",31,"LOC111568466",0.0448821580000215,0.277105407988007,0.984612275003837
"10202",31,"gng13b",-0.0133898467422621,0.556144067477496,0.993489446331016
"10203",31,"rad23aa",-0.0270470444217966,0.0638827055966233,0.853566109049883
"10204",31,"nfixb",-0.0367270894343212,0.161049753998096,0.984612275003837
"10205",31,"gadd45gip1",-0.00204057995199585,0.895106088567285,0.996208074900292
"10206",31,"znf653",0.0114177030379921,0.252975460495017,0.984612275003837
"10207",31,"swsap1",0.0125469589147533,0.338659128891059,0.984612275003837
"10208",31,"tmem205",0.00413702762310891,0.723636596368764,0.996098781090316
"10209",31,"elof1",0.0031598133041324,0.843620150280935,0.996208074900292
"10210",31,"tlcd4b",0.016343422921039,0.4238828843348,0.98487850369265
"10211",31,"plppr2a",0.00650581759688211,0.92476142892442,0.996208074900292
"10212",31,"LOC111570610",-0.000267891541848369,0.976863081188404,0.996208074900292
"10213",31,"nfil3-6",-0.00825138157231179,0.674645601446021,0.993489446331016
"10214",31,"nfil3-2",0.0175794652728518,0.24862076255836,0.984612275003837
"10215",31,"LOC111570603",0.00609352693005416,0.524188473119959,0.98487850369265
"10216",31,"farsa",-0.00492433135549449,0.726264299044977,0.996208074900292
"10217",31,"ilf3b",-0.0144050424055593,0.575176350198512,0.993489446331016
"10218",31,"LOC111570608",0.00699522434583068,0.237860114067142,0.984612275003837
"10219",31,"wizb",0.0548548811472554,0.221334728823781,0.984612275003837
"10220",31,"LOC111568499",0.0063578934938849,0.524188473119959,0.98487850369265
"10221",31,"mcoln1b",-0.00078953788069843,0.980005808484962,0.996703863757666
"10222",31,"prr36b",-0.0228689765612108,0.675187837294241,0.993489446331016
"10223",31,"pkn1b",0.0177151983535091,0.248693198117959,0.984612275003837
"10224",31,"si:ch211-106h11.1",0.0135022752589577,0.24126383472665,0.984612275003837
"10225",31,"ddx39ab",-0.013075417167184,0.399042931810403,0.98487850369265
"10226",31,"si:ch211-106h11.3",-0.00204057995199585,0.895106088567285,0.996208074900292
"10227",31,"txn2",-0.00529588588061237,0.80712857820857,0.996208074900292
"10228",31,"LOC111570689",-0.0294362385382684,0.0402900994863877,0.676441238366356
"10229",31,"LOC111570695",-0.0167220789549691,0.109784038565107,0.984612275003837
"10230",31,"rpsa",-0.0164593579755351,0.505904221338497,0.98487850369265
"10231",31,"ubn2b",0.0310509387733531,0.255216895393177,0.984612275003837
"10232",31,"trir",-0.00701053844506113,0.773496292442495,0.996208074900292
"10233",31,"hook2",-0.00870270486152659,0.675379916257564,0.993489446331016
"10234",31,"junbb",0.011410099282969,0.719309264449339,0.993489446331016
"10235",31,"rtbdn",-0.00604930070732605,0.60474122459195,0.993489446331016
"10236",31,"LOC111566393",0.0530426301402722,0.189764905508551,0.984612275003837
"10237",31,"smarca4a",0.0165720643298887,0.623501227266835,0.993489446331016
"10238",31,"kri1",0.016498951893809,0.320223111090601,0.984612275003837
"10239",31,"LOC129347577",0.0063860785295063,0.340841700847866,0.984612275003837
"10240",31,"ankrd54",0.0114989229685034,0.717248077496544,0.993489446331016
"10241",31,"foxred2",0.00373339746563255,0.782896176241698,0.996208074900292
"10242",31,"gcat",0.00815190899562709,0.340841700847866,0.984612275003837
"10243",31,"tom1",-0.00768801924274753,0.694610673170061,0.993489446331016
"10244",31,"ntn1b",-0.0112737614409731,0.436502668145818,0.98487850369265
"10245",31,"usp43b",0.0539049149837027,0.216686335614967,0.984612275003837
"10246",31,"mchr1b",-0.0184855691600008,0.467965467361622,0.98487850369265
"10247",31,"grb2b",-0.0408247463688648,0.065609934531948,0.865821636050717
"10248",31,"LOC129347578",-0.000329071011677992,0.976863081188404,0.996208074900292
"10249",31,"LOC111567909",0.0230393961174699,0.351533074031797,0.98487850369265
"10250",31,"smurf2",0.0328934159398179,0.0868376225008066,0.959924995514373
"10251",31,"ddx5",-0.00873498294586705,0.598780955430212,0.993489446331016
"10252",31,"LOC111568805",-0.00925870379389352,0.828378392892343,0.996208074900292
"10253",31,"LOC111568797",0.0040773484379292,0.82029898786832,0.996208074900292
"10254",31,"mgp",0.023288879448801,0.660859625179026,0.993489446331016
"10255",31,"LOC111568796",-0.00613659094747715,0.903994063919173,0.996208074900292
"10256",31,"zgc:65811",0.0171613160513764,0.384095998996045,0.98487850369265
"10257",31,"tcf20",0.0521364805906274,0.147698915984547,0.984612275003837
"10258",31,"grin2ba",-0.00655135290160154,0.89204420524719,0.996208074900292
"10259",31,"fmc1",0.0299359979783732,0.052518573668389,0.782425084394083
"10260",31,"LOC111586910",0.0063860785295063,0.340841700847866,0.984612275003837
"10261",31,"wbp2nl",-0.024911207035833,0.110791078758226,0.984612275003837
"10262",31,"poldip3",0.00561892222231431,0.776046013655482,0.996208074900292
"10263",31,"fam234b",-0.00532834745973503,0.747757246037752,0.996208074900292
"10264",31,"LOC111583840",0.00614256709599289,0.734816873286518,0.996208074900292
"10265",31,"ndufa6",-0.0256433624596526,0.0892456203350518,0.964667868932546
"10266",31,"triobpb",0.00514173683298463,0.719309264449339,0.993489446331016
"10267",31,"srebf2",-0.0343673505866363,0.121324766896045,0.984612275003837
"10268",31,"LOC111583836",0.0188545764244552,0.524188473119959,0.98487850369265
"10269",31,"LOC111583841",-0.0258925296887639,0.0963778248611139,0.974963766271218
"10270",31,"LOC111586220",0.00298333849782732,0.719309264449339,0.993489446331016
"10271",31,"LOC111586221",0.00358580531345942,0.719309264449339,0.993489446331016
"10272",31,"LOC111580822",-0.0129077252705333,0.701884347087732,0.993489446331016
"10273",31,"LOC111580818",0.0183636149937885,0.202630198553539,0.984612275003837
"10274",31,"LOC111580806",0.000923862954957137,0.96590634178262,0.996208074900292
"10275",31,"polr2f",-0.00308518879981647,0.799777455853025,0.996208074900292
"10276",31,"LOC111580814",0.00565087090953347,0.844128279470415,0.996208074900292
"10277",31,"LOC111580807",-0.0443248355296806,0.144403241649217,0.984612275003837
"10278",31,"LOC111580809",0.0167744821462426,0.0221669960441449,0.46233505407845
"10279",31,"LOC111580808",-0.019393137511362,0.140528462413514,0.984612275003837
"10280",31,"LOC111580802",-0.00842815530969591,0.736381378824607,0.996208074900292
"10281",31,"pick1",0.0102210402456948,0.577233684614365,0.993489446331016
"10282",31,"LOC111571296",-0.0198890266352795,0.206717498838775,0.984612275003837
"10283",31,"csdc2b",-0.019394174898589,0.27711416218099,0.984612275003837
"10284",31,"LOC111570322",-0.0251520011606129,0.360286488401197,0.98487850369265
"10285",31,"LOC111570323",0.00933656012977406,0.693922224841709,0.993489446331016
"10286",31,"tefb",0.0320394922690212,0.514513385876798,0.98487850369265
"10287",31,"LOC111570319",0.00504156508622013,0.623751891114911,0.993489446331016
"10288",31,"rangap1a",0.0183267544839637,0.0847030061185813,0.948895597801783
"10289",31,"rbx1",-0.0125267172895663,0.309375325305362,0.984612275003837
"10290",31,"st13",0.0104192217488887,0.604496431786047,0.993489446331016
"10291",31,"xpnpep3",0.00458011201110911,0.759398087476143,0.996208074900292
"10292",31,"ep300b",0.00521072608290674,0.712833762017405,0.993489446331016
"10293",31,"cbx7a",-0.0705798472206146,0.115861654009189,0.984612275003837
"10294",31,"top3a",0.0102344665280609,0.340841700847866,0.984612275003837
"10295",31,"smcr8a",-0.00236077433759754,0.808955015431873,0.996208074900292
"10296",31,"bud31",0.0100135096534076,0.574213611120799,0.993489446331016
"10297",31,"pdap1b",-0.0015431943697879,0.915663986633022,0.996208074900292
"10298",31,"cpsf4",0.0136192911276291,0.479346393382519,0.98487850369265
"10299",31,"atp5mf",-0.0240473423569047,0.626687214509735,0.993489446331016
"10300",31,"slc29a4a",-0.00365950787782838,0.919220222757459,0.996208074900292
"10301",31,"LOC129347543",0.0125485802970204,0.524188473119959,0.98487850369265
"10302",31,"tnrc18",-0.0174671263692422,0.71677525646259,0.993489446331016
"10303",31,"actb2",0.0304938361198803,0.664451868071423,0.993489446331016
"10304",31,"fscn1a",0.0159035122306821,0.409708533537739,0.98487850369265
"10305",31,"rnf216",0.0272022932588068,0.011051918283809,0.285431162031599
"10306",31,"smurf1",-0.0749275372588035,0.00124728286145192,0.285431162031599
"10307",31,"wipi2",-0.0242438133655331,0.374272481147343,0.98487850369265
"10308",31,"ap5z1",-0.0128324247989619,0.171231503247862,0.984612275003837
"10309",31,"chst12a",0.0186950031718281,0.192727178969513,0.984612275003837
"10310",31,"LOC129347572",0.043957986681777,0.214067476682983,0.984612275003837
"10311",31,"rbfox1",-0.0120286916414624,0.773754363662755,0.996208074900292
"10312",31,"jupb",0.0688912284885535,0.120654688592361,0.984612275003837
"10313",31,"gps1",-0.00158963333571098,0.94646579629412,0.996208074900292
"10314",31,"LOC111586073",-0.000624259693278148,0.971219688960153,0.996208074900292
"10315",31,"pdxdc1",0.00989769336977693,0.145311445093736,0.984612275003837
"10316",31,"gspt1l",-0.00767235279392307,0.755954398656916,0.996208074900292
"10317",31,"si:dkeyp-72e1.9",0.0174216693239393,0.453433286966796,0.98487850369265
"10318",31,"ppl",0.00943634442644715,0.340841700847866,0.984612275003837
"10319",31,"crhr1",0.00670676237606941,0.753665237127163,0.996208074900292
"10320",31,"maptb",0.000399494063506153,0.972936003699496,0.996208074900292
"10321",31,"cdc27",-0.0074220582951666,0.469004704334018,0.98487850369265
"10322",31,"rogdi",-0.00678150097433724,0.673521586389268,0.993489446331016
"10323",31,"glyr1",-0.00728076205050203,0.814561869038278,0.996208074900292
"10324",31,"LOC111583644",-0.000391332987405965,0.98938103446242,0.998253544131569
"10325",31,"LOC111583643",0.00882727841265319,0.451900669712007,0.98487850369265
"10326",31,"LOC111583436",0.00653265747600195,0.412669441378001,0.98487850369265
"10327",31,"LOC111583435",0.0194460181947141,0.524188473119959,0.98487850369265
"10328",31,"samd14",0.00246553860290662,0.852350640312956,0.996208074900292
"10329",31,"psmd3",-0.0129388221133325,0.532804971188397,0.991194976857661
"10330",31,"LOC111563045",0.00946779532976725,0.686309444034613,0.993489446331016
"10331",31,"kpnb1",-0.010730217140352,0.208399160777338,0.984612275003837
"10332",31,"zgc:158376",-0.0040974858067564,0.892408545665877,0.996208074900292
"10333",31,"ube2m",-0.0121776746001587,0.334466346616495,0.984612275003837
"10334",31,"LOC111562966",0.00859309725289905,0.781295907431307,0.996208074900292
"10335",31,"med15",-0.0209428502964499,0.261590958096995,0.984612275003837
"10336",31,"si:dkey-89b17.4",-0.0197756409519154,0.148085184796642,0.984612275003837
"10337",31,"LOC111562951",0.00711403471755626,0.908284404866929,0.996208074900292
"10338",31,"si:dkeyp-113d7.10",0.0233242130605592,0.560811156667356,0.993489446331016
"10339",31,"si:dkeyp-113d7.1",-0.00666543684211388,0.663744851387118,0.993489446331016
"10340",31,"LOC111584890",0.00950824588755536,0.340841700847865,0.984612275003837
"10341",31,"doc2a",-0.0246462564297742,0.360413176296259,0.98487850369265
"10342",31,"sgf29",0.0108933161760252,0.189636292604214,0.984612275003837
"10343",31,"spns1",0.0141537929155589,0.195602139165288,0.984612275003837
"10344",31,"LOC111588597",-0.000418266595330516,0.976863081188404,0.996208074900292
"10345",31,"LOC129347672",0.00943634442644715,0.340841700847866,0.984612275003837
"10346",31,"LOC111582742",-0.002659706982169,0.811540305495896,0.996208074900292
"10347",31,"LOC111582744",-0.0114916084182483,0.6769079121523,0.993489446331016
"10348",31,"mvp",-0.0035365567119814,0.752912303899067,0.996208074900292
"10349",31,"LOC111579305",0.0159182015927197,0.418937130990387,0.98487850369265
"10350",31,"LOC111579311",-0.00407963898790127,0.622593629358508,0.993489446331016
"10351",31,"jmjd6",0.0115985112501006,0.273565648396302,0.984612275003837
"10352",31,"LOC129347565",-0.000310864050245439,0.976863081188404,0.996208074900292
"10353",31,"si:ch73-366l1.5",0.00308257470236222,0.897250390790551,0.996208074900292
"10354",31,"casc3",0.0068818788848151,0.683034405493476,0.993489446331016
"10355",31,"rapgefl1",-0.018849248133613,0.630646456740829,0.993489446331016
"10356",31,"kat8",-0.0172615624358942,0.145928622890114,0.984612275003837
"10357",31,"rnf25",0.0117106041575008,0.413527201103741,0.98487850369265
"10358",31,"anapc2",0.00632660023677561,0.719309264449339,0.993489446331016
"10359",31,"si:dkey-16l2.16",0.0197665885353787,0.17030446703005,0.984612275003837
"10360",31,"srrm2",0.0515145690339711,0.022532157039526,0.466914343046849
"10361",31,"arl6ip1",0.0199316409398988,0.22078757204645,0.984612275003837
"10362",31,"fus",0.0139864550140754,0.777870438576958,0.996208074900292
"10363",31,"zgc:100868",0.00983454929855977,0.719309264449339,0.993489446331016
"10364",31,"srsf2b",-0.0193816351449523,0.352143740445245,0.98487850369265
"10365",31,"eif1",0.0180762230653822,0.305432347824185,0.984612275003837
"10366",31,"si:ch211-198p11.6",-0.00159655633335685,0.895106088567285,0.996208074900292
"10367",31,"mfsd11",-0.00659266052962595,0.373573334577506,0.98487850369265
"10368",31,"ubald2",0.0288966443180504,0.318789499161185,0.984612275003837
"10369",31,"LOC111572516",0.00362314256605799,0.732811490242198,0.996208074900292
"10370",31,"LOC111572475",-0.0360343671256964,0.153838958885496,0.984612275003837
"10371",31,"taok2a",0.0301314553360216,0.362898411004667,0.98487850369265
"10372",31,"cdipt",0.00531479608972105,0.839164581610541,0.996208074900292
"10373",31,"LOC111585670",-0.00349605979925004,0.830602415894356,0.996208074900292
"10374",31,"nlk1",-0.000398993652478277,0.990786418914448,0.998336009066427
"10375",31,"LOC129347533",0.0098643007698288,0.524188473119959,0.98487850369265
"10376",31,"sh2b1",0.00763297915108402,0.557958293284608,0.993489446331016
"10377",31,"atxn2l",-0.019949440819596,0.0716318771652439,0.895460192503026
"10378",31,"LOC111587787",-0.0350858239775318,0.241908722479485,0.984612275003837
"10379",31,"LOC129347495",-0.0200133874675504,0.187654886607469,0.984612275003837
"10380",31,"LOC111582396",0.00374466827647398,0.843291199615112,0.996208074900292
"10381",31,"pigq",0.00331490037182009,0.804875346584874,0.996208074900292
"10382",31,"LOC129347659",-0.00410782402352267,0.702324766896218,0.993489446331016
"10383",31,"alg1",0.000858612543672616,0.943598346457939,0.996208074900292
"10384",31,"c19h16orf89",-0.0149850267259384,0.497611647929298,0.98487850369265
"10385",31,"ift70",-0.0282358039750062,0.012248839713383,0.285431162031599
"10386",31,"plcl5",-0.00395036985414821,0.66951381188599,0.993489446331016
"10387",31,"kcnh4a",-0.0200894851781594,0.012248839713383,0.285431162031599
"10388",31,"rab5c",-0.00230514484570832,0.920580512412086,0.996208074900292
"10389",31,"kat2a",0.0038377843333646,0.823264277328356,0.996208074900292
"10390",31,"znf385c",0.0206759570917567,0.727406085310901,0.996208074900292
"10391",31,"nkiras2",0.00698154607818925,0.754049177496554,0.996208074900292
"10392",31,"dnajc7",0.0318604637016787,0.14165420607192,0.984612275003837
"10393",31,"aclya",0.0028374574542839,0.854683967749446,0.996208074900292
"10394",31,"LOC111584503",-0.00147352202051724,0.908543180032477,0.996208074900292
"10395",31,"LOC111584514",0.00800053288724164,0.816299662448354,0.996208074900292
"10396",31,"p3h4",0.00697683070151568,0.524188473119959,0.98487850369265
"10397",31,"LOC111584506",-0.0215256206713501,0.407312105342674,0.98487850369265
"10398",31,"LOC111584513",0.0606075737257713,0.062000859170279,0.835963163289791
"10399",31,"fbxl20",-0.00290662135410404,0.948704049340344,0.996208074900292
"10400",31,"cdk12",0.0115504799825771,0.705273190227812,0.993489446331016
"10401",31,"LOC111580730",-0.0161984077091706,0.012248839713383,0.285431162031599
"10402",31,"ppp1r1b",-0.021631848427784,0.100306578968016,0.984612275003837
"10403",31,"stard3",0.00363598865519542,0.719309264449339,0.993489446331016
"10404",31,"tlk2",0.000536518092621129,0.969901624148079,0.996208074900292
"10405",31,"mrc2",0.00599124378204718,0.524188473119959,0.98487850369265
"10406",31,"LOC129347499",0.024034723075597,0.287624387305741,0.984612275003837
"10407",31,"LOC111567381",0.0384744108111604,0.595273225745391,0.993489446331016
"10408",31,"vat1",-0.0386527209132568,0.35214161699852,0.98487850369265
"10409",31,"phb",-0.0164917776111852,0.424067714594352,0.98487850369265
"10410",31,"znf652",0.01319473583213,0.433632566033835,0.98487850369265
"10411",31,"eftud2",0.0192845650626384,0.238508729510938,0.984612275003837
"10412",31,"LOC129347511",0.0364256264349779,0.285320654067729,0.984612275003837
"10413",31,"rpl19",-0.0145739002871948,0.216111122054567,0.984612275003837
"10414",31,"cacnb1",-0.00315023450025597,0.943554519562754,0.996208074900292
"10415",31,"LOC111574250",-0.0161984077091706,0.012248839713383,0.285431162031599
"10416",31,"lasp1",-0.0142448877142482,0.669756474966464,0.993489446331016
"10417",31,"arhgap23a",-0.0597905092477382,0.158317916139195,0.984612275003837
"10418",31,"hexim1",0.0152148949943642,0.401940520422,0.98487850369265
"10419",31,"plcd3a",0.0104729520438932,0.340841700847866,0.984612275003837
"10420",31,"nmt1a",-0.0287637461296737,0.153975770524433,0.984612275003837
"10421",31,"retsat.2",0.00204948508847026,0.850840029230218,0.996208074900292
"10422",31,"cdk21",-0.0160327556670705,0.422554199287139,0.98487850369265
"10423",31,"svilc",0.00454857555520942,0.719309264449339,0.993489446331016
"10424",31,"kcnj19a",0.0063860785295063,0.340841700847866,0.984612275003837
"10425",31,"znf281a",-0.00951344858296222,0.670958904147925,0.993489446331016
"10426",31,"mpp3a",0.0152946052535287,0.255699530944504,0.984612275003837
"10427",31,"asic2",0.00993653808010915,0.879514649738649,0.996208074900292
"10428",31,"tmub2",-0.00763706209586881,0.812774292826392,0.996208074900292
"10429",31,"atxn7l3a",0.00662870567519533,0.693042159418707,0.993489446331016
"10430",31,"ubtf",0.0300010276688172,0.405666691956594,0.98487850369265
"10431",31,"LOC118469622",0.00853306901148006,0.695974517632574,0.993489446331016
"10432",31,"selenow2a",0.00304365922224096,0.776890899684435,0.996208074900292
"10433",31,"LOC111588913",-0.0431268254152843,0.490637470180275,0.98487850369265
"10434",31,"spop",-0.000101776622609855,0.998104868431811,0.999816729949705
"10435",31,"ndufa4a",-0.071114271947887,0.0468890764651401,0.737066401738177
"10436",31,"rundc3aa",-0.00990149753028919,0.51103025929433,0.98487850369265
"10437",31,"LOC118469621",-0.00159655633335685,0.895106088567285,0.996208074900292
"10438",31,"rnf113a",0.0102344665280609,0.340841700847866,0.984612275003837
"10439",31,"strada",-0.0155266574346144,0.0941065173758775,0.972275180017018
"10440",31,"ddx42",-0.0014683051550331,0.952095031337724,0.996208074900292
"10441",31,"limd2",-0.00729234077724918,0.460408091242562,0.98487850369265
"10442",31,"map3k3",0.00626431327642107,0.340841700847866,0.984612275003837
"10443",31,"gfap",-0.00444791099480771,0.573236642919947,0.993489446331016
"10444",31,"dcaf7",0.0024560059556504,0.912679402486124,0.996208074900292
"10445",31,"ccdc47",0.0156910384491488,0.259815701398689,0.984612275003837
"10446",31,"setd1a",-0.00238498358870484,0.669700892610098,0.993489446331016
"10447",31,"LOC111588890",-0.0121298715506606,0.330025338938077,0.984612275003837
"10448",31,"cd2bp2",0.0113844571359459,0.182713671245885,0.984612275003837
"10449",31,"prr14",-0.00595895494274472,0.714198961358773,0.993489446331016
"10450",31,"zgc:153292",-0.00593253206400432,0.454807482513793,0.98487850369265
"10451",31,"elob",-0.0258536949881189,0.0637819468366598,0.853108479743311
"10452",31,"LOC111587842",0.00412148679313237,0.719309264449339,0.993489446331016
"10453",31,"ppp1caa",0.0216660017353741,0.149496343885302,0.984612275003837
"10454",31,"kmt5c",0.029892982711701,0.180046128978192,0.984612275003837
"10455",31,"shank1",-0.00118036437808538,0.981425164269344,0.99678337426189
"10456",31,"syt3",0.0223423932498322,0.294945435188319,0.984612275003837
"10457",31,"med25",0.00270080236108294,0.797115321494176,0.996208074900292
"10458",31,"lrrc4ba",-0.0357076707947584,0.269854128150831,0.984612275003837
"10459",31,"emc10",0.00666596665127024,0.626136492603529,0.993489446331016
"10460",31,"tbc1d17",0.00405390924128241,0.774223284538209,0.996208074900292
"10461",31,"nucb1",-0.00584011324531923,0.598678364979813,0.993489446331016
"10462",31,"LOC111572730",0.00245438171999731,0.782472091410854,0.996208074900292
"10463",31,"ppfia3",-0.0360816951506832,0.124537387836081,0.984612275003837
"10464",31,"slc1a9",0.0130811086044389,0.464342937580065,0.98487850369265
"10465",31,"kcna7",-0.017344264025753,0.0679390638326336,0.873200773327847
"10466",31,"hsd17b14",-0.01071084861343,0.303789722449422,0.984612275003837
"10467",31,"bcat2",0.00290942526455052,0.912683404226975,0.996208074900292
"10468",31,"ifi35",-0.00916820601214967,0.541935810402513,0.993489446331016
"10469",31,"rpl27",-0.0120118129271222,0.254761726285231,0.984612275003837
"10470",31,"rundc1",0.0004088531296643,0.979485205830845,0.996703863757666
"10471",31,"slc25a39",0.00596781193417578,0.682385301725807,0.993489446331016
"10472",31,"rpl3",0.0151560763342424,0.458429938293959,0.98487850369265
"10473",31,"cacng2a",0.0534335843523153,0.347646159000943,0.98487850369265
"10474",31,"eif3d",0.00803372500348416,0.807873392403952,0.996208074900292
"10475",31,"radil2a",-0.0169892725611981,0.439824492530437,0.98487850369265
"10476",31,"unm-sa1261",0.00439732941881557,0.820307175986311,0.996208074900292
"10477",31,"si:ch211-165g14.1",0.0024902150244283,0.907136429778947,0.996208074900292
"10478",31,"LOC111574868",-0.00914905727396981,0.283187046277251,0.984612275003837
"10479",31,"LOC111574860",0.0217743146073865,0.517756766436957,0.98487850369265
"10480",31,"gas7a",0.0158172036240546,0.591806522797865,0.993489446331016
"10481",31,"LOC111574854",0.0122109087871801,0.256346053354666,0.984612275003837
"10482",31,"LOC111574867",0.0142165337458838,0.606937938626719,0.993489446331016
"10483",31,"map2k4a",0.0131984580978034,0.429845542360582,0.98487850369265
"10484",31,"LOC111574869",-0.00599543684641221,0.89904890823488,0.996208074900292
"10485",31,"foxk2b",0.0063665332340763,0.720121444798863,0.993673999909354
"10486",31,"hlfa",-0.0058822040159739,0.813881151943548,0.996208074900292
"10487",31,"mmd",0.0534920006091085,0.00726994604917868,0.285431162031599
"10488",31,"LOC111562889",-0.0596863650780142,0.283669382494036,0.984612275003837
"10489",31,"tmem104",-0.00143814431523322,0.918034338207923,0.996208074900292
"10490",31,"LOC111576399",0.00626431327642107,0.340841700847866,0.984612275003837
"10491",31,"stat5a",-0.00184102832830317,0.895106088567285,0.996208074900292
"10492",31,"stat3",-0.0155125592408752,0.486222928788726,0.98487850369265
"10493",31,"stk17al",-0.00430376927170554,0.872348620310655,0.996208074900292
"10494",31,"LOC111576408",-0.00627849777005221,0.591827714174581,0.993489446331016
"10495",31,"retreg3",0.0372196481860088,0.0671766176811718,0.872264865210792
"10496",31,"tubg1",-0.0313745884541553,0.012248839713383,0.285431162031599
"10497",31,"plekhh3",-0.00857032473933172,0.685377105542706,0.993489446331016
"10498",31,"cntnap1",0.0173636731044821,0.789883433650538,0.996208074900292
"10499",31,"ezh1",-0.00101056626803482,0.928614261244036,0.996208074900292
"10500",31,"mlx",-0.00303177639281104,0.862474064292674,0.996208074900292
"10501",31,"srcin1a",-0.0414738132636038,0.368008228100329,0.98487850369265
"10502",31,"arf2a",-0.0157693898910899,0.396644509149058,0.98487850369265
"10503",31,"gosr2",0.00475281145478885,0.802812856764657,0.996208074900292
"10504",31,"gpatch8",0.0256245317951801,0.50984354187139,0.98487850369265
"10505",31,"map3k14a",-0.00153565675829535,0.895106088567285,0.996208074900292
"10506",31,"LOC111581681",0.0076206758263961,0.469186865588411,0.98487850369265
"10507",31,"rps11",0.012644893030359,0.775048544592618,0.996208074900292
"10508",31,"ttyh3a",0.0024591922899968,0.951957104272664,0.996208074900292
"10509",31,"nudt1",-0.00063195233362076,0.976863081188404,0.996208074900292
"10510",31,"mrm2",-0.000321088283375322,0.976863081188404,0.996208074900292
"10511",31,"elfn1a",-0.0443345630004766,0.183491021066282,0.984612275003837
"10512",31,"ints1",-0.00779079499211032,0.477786315958488,0.98487850369265
"10513",31,"uncx",0.00226025385577853,0.907162932255161,0.996208074900292
"10514",31,"zfand2a",-0.0134419429535019,0.439291990360546,0.98487850369265
"10515",31,"axin1",0.0396393293939135,0.496777220558392,0.98487850369265
"10516",31,"zc3h7a",0.00619090953104566,0.55588338682922,0.993489446331016
"10517",31,"ubfd1",0.0178209707159852,0.32094175129614,0.984612275003837
"10518",31,"LOC111576704",0.00798304679990701,0.271582438920715,0.984612275003837
"10519",31,"kdm8",0.0102591355172879,0.169836425044872,0.984612275003837
"10520",31,"hs3st4",0.0769403224042668,0.292558992515137,0.984612275003837
"10521",31,"hs3st2",0.0155117072196276,0.660732660227446,0.993489446331016
"10522",31,"usp31",0.0131503420136644,0.738054004376198,0.996208074900292
"10523",31,"baiap3",-0.00555887982057694,0.684520826128013,0.993489446331016
"10524",31,"unkl",-0.00348295608430407,0.89516671695748,0.996208074900292
"10525",31,"LOC129347656",0.00697683070151568,0.524188473119959,0.98487850369265
"10526",31,"shisa9b",0.00699522434583068,0.237860114067142,0.984612275003837
"10527",31,"mrtfbb",0.00599124378204718,0.524188473119959,0.98487850369265
"10528",31,"snrnp25",0.00395066383005134,0.8105566794258,0.996208074900292
"10529",31,"cdip1",0.0065757198874064,0.436352656070277,0.98487850369265
"10530",31,"mgrn1b",0.0274886655661775,0.568301933545779,0.993489446331016
"10531",31,"aanat2",-0.0207257936137706,0.012248839713383,0.285431162031599
"10532",31,"rhbdf1a",0.0106807467721162,0.81625247457716,0.996208074900292
"10533",31,"nprl3",0.00731135900075344,0.66431084911721,0.993489446331016
"10534",31,"LOC111574818",0.00276193898099975,0.785183947345066,0.996208074900292
"10535",31,"kank2",0.00820060102014033,0.524188473119959,0.98487850369265
"10536",31,"LOC111574847",-0.0123176291799167,0.349918277230938,0.98487850369265
"10537",31,"elavl3",-0.0099835268153547,0.857639329553788,0.996208074900292
"10538",31,"prkcsh",0.0112769281197644,0.543682870761141,0.993489446331016
"10539",31,"pde4a",-0.0409165303633995,0.0353856659507077,0.627789677938766
"10540",31,"tyk2",0.000323356214635433,0.984120958136949,0.996956250321918
"10541",31,"LOC111574826",-0.00032331535678547,0.969877085431317,0.996208074900292
"10542",31,"s1pr2",0.00609352693005416,0.524188473119959,0.98487850369265
"10543",31,"dnmt1",-0.00159411388760372,0.895106088567285,0.996208074900292
"10544",31,"eif3g",-0.003136846745757,0.815094694963238,0.996208074900292
"10545",31,"trip10a",0.0076206758263961,0.469186865588411,0.98487850369265
"10546",31,"olfm2a",-0.0436274305098893,0.304184193315287,0.984612275003837
"10547",31,"camsap3",-0.0469818182664725,0.107420643688853,0.984612275003837
"10548",31,"xab2",0.0184559988438002,0.265740760701941,0.984612275003837
"10549",31,"stxbp2",0.0155317424151384,0.0319648481660345,0.58741132869015
"10550",31,"LOC111580745",0.0186679305916636,0.0595165164636922,0.82491369926403
"10551",31,"brd4",0.0225649352208478,0.42408107721836,0.98487850369265
"10552",31,"pbx4",0.00184078658928996,0.917227183788294,0.996208074900292
"10553",31,"lpar2a",0.0047616465152497,0.79206714319635,0.996208074900292
"10554",31,"atp13a1",-0.00444791099480771,0.573236642919947,0.993489446331016
"10555",31,"colgalt1a",0.00785774415898231,0.524188473119959,0.98487850369265
"10556",31,"LOC111573666",-0.00266514475358588,0.895106088567285,0.996208074900292
"10557",31,"slc27a1a",0.00697683070151568,0.524188473119959,0.98487850369265
"10558",31,"adgrl1a",0.0342833994566682,0.614302945173717,0.993489446331016
"10559",31,"LOC118470833",-0.00153565675829535,0.895106088567285,0.996208074900292
"10560",31,"dnm2a",-0.0190279696888968,0.331789250933412,0.984612275003837
"10561",31,"LOC111573671",-0.0130936118670129,0.213608692123271,0.984612275003837
"10562",31,"gipc1",-0.0367843429606921,0.0650703081626752,0.864033998760491
"10563",31,"samd1a",0.00634311640559206,0.681804384278302,0.993489446331016
"10564",31,"prkacaa",0.00720275306378078,0.549845392232234,0.993489446331016
"10565",31,"tubb4bl",0.00856522876187823,0.684100227435667,0.993489446331016
"10566",31,"gcgra",-0.00358374646302433,0.919593496454808,0.996208074900292
"10567",31,"mrpl12",0.00574849044628666,0.819262647297964,0.996208074900292
"10568",31,"hgs",0.00937476328885624,0.776680006140785,0.996208074900292
"10569",31,"fn3krp",-0.00236077433759754,0.808955015431873,0.996208074900292
"10570",31,"tbcd",0.0157006577028682,0.340841700847865,0.984612275003837
"10571",31,"atp5pd",0.0104210709624129,0.524188473119959,0.98487850369265
"10572",31,"ndel1b",0.0164715823174844,0.461722381122693,0.98487850369265
"10573",31,"arhgap44a",0.00960813178757742,0.764626666892966,0.996208074900292
"10574",31,"LOC111564672",-0.0304396706071291,0.0341939292864359,0.613434309030928
"10575",31,"sdk2a",-0.0293946651114968,0.457078232020694,0.98487850369265
"10576",31,"LOC111564660",-0.0165593450651797,0.587727111711328,0.993489446331016
"10577",31,"baiap2a",-0.0265983922723552,0.0122488397133829,0.285431162031599
"10578",31,"aatka",-0.0392406986697913,0.222883291213741,0.984612275003837
"10579",31,"LOC111564651",-0.00363804409541166,0.832405338100033,0.996208074900292
"10580",31,"hid1a",-0.0215304791589231,0.204385755263857,0.984612275003837
"10581",31,"LOC129347587",-0.0127976990450821,0.29441990701642,0.984612275003837
"10582",31,"LOC111564614",0.00373303339997273,0.823413448214707,0.996208074900292
"10583",31,"cyth1a",-0.00379285842360575,0.775259277982324,0.996208074900292
"10584",31,"usp36",0.0303267849870538,0.175625609321828,0.984612275003837
"10585",31,"timp2b",-0.00248237194041068,0.872729677857923,0.996208074900292
"10586",31,"cant1a",-0.011975181976595,0.238909429158746,0.984612275003837
"10587",31,"pycr1a",0.00412148679313237,0.719309264449339,0.993489446331016
"10588",31,"LOC111579419",-0.014437631043702,0.114819508462838,0.984612275003837
"10589",31,"LOC111579430",-0.0182038784723824,0.518737943674241,0.98487850369265
"10590",31,"LOC111579431",0.00626431327642107,0.340841700847866,0.984612275003837
"10591",31,"rnf213a",-0.0398657381343709,0.199854460356726,0.984612275003837
"10592",31,"LOC111579432",0.0575445134767212,0.0515413820871251,0.776542038405115
"10593",31,"LOC111579455",-0.0226692839008194,0.60493075289979,0.993489446331016
"10594",31,"LOC111573825",-0.00956210757102818,0.495135450716282,0.98487850369265
"10595",31,"LOC118470853",0.0173375813213923,0.571939605245002,0.993489446331016
"10596",31,"LOC129347492",-0.00278380036379214,0.872403740812945,0.996208074900292
"10597",31,"pdgfbb",-0.000310864050245439,0.976863081188404,0.996208074900292
"10598",31,"LOC129347557",0.0115426940685106,0.236115475963033,0.984612275003837
"10599",31,"adsl",0.00907686542788149,0.411036823760881,0.98487850369265
"10600",31,"si:dkey-110g7.8",-0.0477258701297208,0.170108610830656,0.984612275003837
"10601",31,"LOC111579423",-0.00892715382443442,0.469679760860141,0.98487850369265
"10602",31,"mief1",-0.00764368508254666,0.483018092083507,0.98487850369265
"10603",31,"LOC111579416",-0.0422258331994107,0.0326391490559683,0.593847326157312
"10604",31,"mettl22",-0.0120624776073252,0.45422244772951,0.98487850369265
"10605",31,"abat",0.0203669408303921,0.72423114722103,0.996208074900292
"10606",31,"ppp1r35",-0.0144346460262002,0.190123313133743,0.984612275003837
"10607",31,"prmt1",-0.0374230750239842,0.14817046682567,0.984612275003837
"10608",31,"ap2a1",-0.0316003862534803,0.53692419211068,0.993489446331016
"10609",31,"si:ch211-195b15.8",0.0282837746472633,0.375243561381995,0.98487850369265
"10610",31,"rras",0.0063860785295063,0.340841700847866,0.984612275003837
"10611",31,"prr12b",-0.0582192126991119,0.244219596532035,0.984612275003837
"10612",31,"nbr1b",0.00704473941810994,0.874581404285882,0.996208074900292
"10613",31,"LOC118471007",-0.000267891541848369,0.976863081188404,0.996208074900292
"10614",31,"fbxl16",0.0833234903461966,0.00412670059096362,0.285431162031599
"10615",31,"smg1",0.00696601655304427,0.89565404395552,0.996208074900292
"10616",31,"desi1a",0.0147179673080007,0.212082375266985,0.984612275003837
"10617",31,"flii",-0.0027410073421961,0.895106088567285,0.996208074900292
"10618",31,"llgl1",0.0389032131137439,0.208329391015905,0.984612275003837
"10619",31,"myo15aa",-0.0161984077091706,0.012248839713383,0.285431162031599
"10620",31,"drg2",-0.000791660738439606,0.976863081188404,0.996208074900292
"10621",31,"syngr3a",0.031220093500476,0.513869476303069,0.98487850369265
"10622",31,"znf598",-0.00362702348499153,0.890237266459799,0.996208074900292
"10623",31,"slc25a17",-0.000310864050245439,0.976863081188404,0.996208074900292
"10624",31,"LOC111584011",-0.0170164959603191,0.548892230062065,0.993489446331016
"10625",31,"xpo6",0.021566721231584,0.470703519003611,0.98487850369265
"10626",31,"antkmt",0.00596116621810305,0.415514246726167,0.98487850369265
"10627",31,"hirip3",-0.000267891541848369,0.976863081188404,0.996208074900292
"10628",31,"kctd13",-0.0108515367300941,0.39729748781099,0.98487850369265
"10629",31,"sez6l2",0.0027381492461984,0.909885029749474,0.996208074900292
"10630",31,"asphd1",0.0077010415060644,0.41567805178822,0.98487850369265
"10631",31,"zgc:55558",0.00150800246394561,0.943148628023306,0.996208074900292
"10632",31,"pold1",0.00803921022558703,0.340841700847865,0.984612275003837
"10633",31,"gys1",0.00182511841800227,0.927128752344527,0.996208074900292
"10634",31,"hspbp1",0.00582483025767384,0.428702605628878,0.98487850369265
"10635",31,"tufm",-0.0424996927181501,0.0516734676250808,0.776542038405115
"10636",31,"tmem11",0.0135613584679369,0.342956767575149,0.984612275003837
"10637",31,"dhrs7b",-0.0165921891138068,0.208274213009324,0.984612275003837
"10638",31,"cramp1",0.0104003404338808,0.421313905022575,0.98487850369265
"10639",31,"jpt2",0.00220511344364324,0.719309264449339,0.993489446331016
"10640",31,"mapk8ip3",0.011321391667248,0.789263314127145,0.996208074900292
"10641",31,"mrps34",0.0102213729819279,0.726124805527264,0.996208074900292
"10642",31,"spsb3a",0.0174781138548272,0.318695135011987,0.984612275003837
"10643",31,"atp6v0ca",-0.0277675112149885,0.474628600124235,0.98487850369265
"10644",31,"ypel3",-0.00888733882114236,0.305420945473845,0.984612275003837
"10645",31,"gdpd3a",-0.0161984077091706,0.012248839713383,0.285431162031599
"10646",31,"mapk3",-0.040593616290717,0.18949564640931,0.984612275003837
"10647",31,"si:ch211-11k18.4",-0.0073435501593585,0.199956489799523,0.984612275003837
"10648",31,"nherf1b",-0.00667427078290361,0.518308532810487,0.98487850369265
"10649",31,"zgc:112183",-0.0105621871614274,0.630588759245769,0.993489446331016
"10650",31,"LOC118469962",-0.0132148828535011,0.012248839713383,0.285431162031599
"10651",31,"xylt2",-0.0034268650307398,0.872602145402942,0.996208074900292
"10652",31,"si:ch73-364h19.1",0.00430082368198185,0.730131722243476,0.996208074900292
"10653",31,"si:ch211-120g10.1",-0.0255155904901813,0.453520073321917,0.98487850369265
"10654",31,"recql5",0.0143460090316748,0.181077763522767,0.984612275003837
"10655",31,"LOC111565376",-0.00159655633335685,0.895106088567285,0.996208074900292
"10656",31,"cdr2l",-0.0175564815475002,0.228941445352598,0.984612275003837
"10657",31,"arhgdia",-0.0123045050735271,0.280948844435004,0.984612275003837
"10658",31,"alyref",-0.0250247598060248,0.18555454027797,0.984612275003837
"10659",31,"mcrip1",0.00755020169058079,0.524188473119959,0.98487850369265
"10660",31,"nptx1l",-0.00269934975078576,0.832306258480405,0.996208074900292
"10661",31,"rasd4",-0.00973543730604574,0.327693666036848,0.984612275003837
"10662",31,"LOC111565338",0.0365464398484199,0.137746875696936,0.984612275003837
"10663",31,"LOC111565380",-0.00618088659370267,0.683689426909978,0.993489446331016
"10664",31,"LOC111565336",-0.00540160595674495,0.541816685820402,0.993489446331016
"10665",31,"LOC111565337",-0.000267891541848369,0.976863081188404,0.996208074900292
"10666",31,"LOC111565381",-0.037846671626056,0.0165773057729692,0.368383145908972
"10667",31,"grapa",-0.00697904011478304,0.514011760563514,0.98487850369265
"10668",31,"epn2",0.00863436726163504,0.44081320030101,0.98487850369265
"10669",31,"cacna1ha",0.0333176116501514,0.470168829711818,0.98487850369265
"10670",31,"grin2aa",0.0474206725061627,0.330385128436231,0.984612275003837
"10671",31,"atf7ip2",-0.0476462958314795,0.0828900971959526,0.938957631662252
"10672",31,"nubp1",-0.0174893474334243,0.1025277305128,0.984612275003837
"10673",31,"ciita",0.00363598865519542,0.719309264449339,0.993489446331016
"10674",31,"clec16a",0.0136237705044442,0.779715338183292,0.996208074900292
"10675",31,"prkcbb",-0.0312576968713615,0.0778645955477072,0.922826932160238
"10676",31,"cacng3b",-0.00719154957550426,0.787435294961092,0.996208074900292
"10677",31,"LOC111581529",0.030959085137534,0.486820250312504,0.98487850369265
"10678",31,"ndufab1b",0.0224073704221538,0.105749524309591,0.984612275003837
"10679",31,"dctn5",0.0104729520438932,0.340841700847866,0.984612275003837
"10680",31,"hapstr1a",0.00979698937694052,0.664824771675935,0.993489446331016
"10681",31,"usp7",0.0409482167749238,0.268153863552729,0.984612275003837
"10682",31,"clcn7",0.0345678644764186,0.306084226931945,0.984612275003837
"10683",31,"LOC118471478",-0.0159404937287225,0.012248839713383,0.285431162031599
"10684",31,"LOC111580449",0.0183612878374616,0.304141825651606,0.984612275003837
"10685",31,"sun1b",-0.00795804857556499,0.705150297761622,0.993489446331016
"10686",31,"iqck",-0.00177097692702621,0.884886941378448,0.996208074900292
"10687",31,"gprc5ba",-0.0153972023872312,0.741375780333299,0.996208074900292
"10688",31,"proza",0.0303281253310816,0.434666880300626,0.98487850369265
"10689",31,"gpr139",-0.0396836467412328,0.023801650486337,0.483841158143018
"10690",31,"kdelr2a",-0.0041789589058118,0.832359717148467,0.996208074900292
"10691",31,"cdr2a",0.00595608780297707,0.69528450285618,0.993489446331016
"10692",31,"mosmoa",-0.0354868317414478,0.510377127190341,0.98487850369265
"10693",31,"LOC111576172",0.0185323077518358,0.168739462577685,0.984612275003837
"10694",31,"si:ch211-256e16.3",-0.0134957448095459,0.154954426248576,0.984612275003837
"10695",31,"stk19",0.00699522434583068,0.237860114067142,0.984612275003837
"10696",31,"LOC111576185",0.00556352166266924,0.616496807596302,0.993489446331016
"10697",31,"LOC111576171",-0.00689418992560618,0.844307443078039,0.996208074900292
"10698",31,"cacng5b",0.00167452767175814,0.921918941089211,0.996208074900292
"10699",31,"prkcab",0.0283725840749642,0.663330063512224,0.993489446331016
"10700",31,"cep112",-0.00850458833187287,0.902964594463198,0.996208074900292
"10701",31,"axin2",-0.00351995903072123,0.837425091371254,0.996208074900292
"10702",31,"tex2",0.00587083053380236,0.837373615843275,0.996208074900292
"10703",31,"LOC111566520",0.00803921022558703,0.340841700847865,0.984612275003837
"10704",31,"ern1",0.0208284493915476,0.273704001380682,0.984612275003837
"10705",31,"samd9l",0.0114941807492246,0.340841700847865,0.984612275003837
"10706",31,"gaa",0.0363073167962384,0.23664923662915,0.984612275003837
"10707",31,"tbc1d16",0.00364271610805665,0.884838013613307,0.996208074900292
"10708",31,"cbx4",-0.0229224567116399,0.454751448927334,0.98487850369265
"10709",31,"cbx8a",0.000609728845584838,0.979994447723465,0.996703863757666
"10710",31,"grid2ipa",-0.018954524721473,0.296726417724039,0.984612275003837
"10711",31,"e4f1",0.0261736097467614,0.340841700847866,0.984612275003837
"10712",31,"narfl",-0.0154570427010295,0.122437286855605,0.984612275003837
"10713",31,"LOC111578204",0.0136956165363752,0.106105578758779,0.984612275003837
"10714",31,"LOC111578203",0.00412148679313237,0.719309264449339,0.993489446331016
"10715",31,"ndufb10",0.0110651806406624,0.54745920634992,0.993489446331016
"10716",31,"rps2",-0.0143869072307606,0.635915894641288,0.993489446331016
"10717",31,"tbl3",0.00809355400262569,0.719309264449339,0.993489446331016
"10718",31,"gid4",0.00197771634920982,0.819399262657782,0.996208074900292
"10719",31,"LOC111578187",0.0082408193672423,0.804277173162497,0.996208074900292
"10720",31,"srebf1",0.0210385557648638,0.641981448191858,0.993489446331016
"10721",31,"LOC111578192",-0.0598136208769049,0.452899986664596,0.98487850369265
"10722",31,"LOC118471276",0.0363221880693417,0.193074881778622,0.984612275003837
"10723",31,"fam20ca",-0.00798306141424585,0.71938333028163,0.993489446331016
"10724",31,"LOC111585647",0.00697683070151568,0.524188473119959,0.98487850369265
"10725",31,"nptx2a",0.0152941808817918,0.787184323206293,0.996208074900292
"10726",31,"bri3",-0.0137486327530483,0.286360467619008,0.984612275003837
"10727",31,"tecpr1b",0.0157967141006396,0.371607419562744,0.98487850369265
"10728",31,"lmtk2",0.00434197474142391,0.891555003699087,0.996208074900292
"10729",31,"aimp2",0.0012262822227044,0.952628542144248,0.996208074900292
"10730",31,"LOC111577378",-0.031136281290083,0.190104733407427,0.984612275003837
"10731",31,"LOC129347637",0.0063860785295063,0.340841700847866,0.984612275003837
"10732",31,"pitpnc1a",0.0282525248998437,0.318109311269524,0.984612275003837
"10733",31,"mrps7",0.00490777634326802,0.719309264449339,0.993489446331016
"10734",31,"LOC111576161",-6.81648698215652e-05,0.997221127804549,0.999816729949705
"10735",31,"LOC111576170",0.00981619993273038,0.541884204355975,0.993489446331016
"10736",31,"LOC111576174",-0.0274830585490759,0.049578943208523,0.75979582381807
"10737",31,"LOC111576155",-0.00159411388760372,0.895106088567285,0.996208074900292
"10738",31,"LOC111576159",0.0343914846571822,0.468919588468897,0.98487850369265
"10739",31,"LOC129347652",0.00599124378204718,0.524188473119959,0.98487850369265
"10740",31,"LOC111568931",0.00559305338631366,0.718535193360555,0.993489446331016
"10741",31,"c19h17orf75",-0.0011537176956566,0.949899659401114,0.996208074900292
"10742",31,"LOC111568930",-0.0124514360398037,0.760532261143911,0.996208074900292
"10743",31,"LOC111568927",-0.00690860167346425,0.708855893369849,0.993489446331016
"10744",31,"rfx1a",0.0135622820974818,0.461774416124946,0.98487850369265
"10745",31,"il12rb2l",-0.000435660709915935,0.976863081188404,0.996208074900292
"10746",31,"LOC111568929",-0.00176690774764202,0.89911551807686,0.996208074900292
"10747",31,"fbxw9",-0.0133581715468092,0.180027571827493,0.984612275003837
"10748",31,"LOC111569024",-0.011482824286564,0.197780876994026,0.984612275003837
"10749",31,"spag9a",0.0133681503630904,0.352796802117216,0.98487850369265
"10750",31,"LOC129347563",-0.0118018121067693,0.341625423081884,0.984612275003837
"10751",31,"LOC111562407",0.0284336684172019,0.438350754023634,0.98487850369265
"10752",31,"ankrd40",-0.0118953923242332,0.258411008069469,0.984612275003837
"10753",31,"luc7l3",0.016797701315253,0.741416462665754,0.996208074900292
"10754",31,"LOC111566885",-0.00727763826707726,0.540308513788034,0.993489446331016
"10755",31,"cacna1ia",0.0448148499248046,0.244439722641274,0.984612275003837
"10756",31,"gtpbp1",0.00640047510904604,0.764951917530557,0.996208074900292
"10757",31,"sgsm3",1.9541504372551e-05,0.998234079620353,0.999816729949705
"10758",31,"LOC111566907",0.0153337059559439,0.471720778353044,0.98487850369265
"10759",31,"gtf2f1",-0.0278549445137258,0.0805114912195544,0.929133735121188
"10760",31,"cacna1aa",0.0367050326080265,0.123815387349553,0.984612275003837
"10761",31,"LOC129347583",0.00289719171361441,0.804644115540813,0.996208074900292
"10762",31,"ier2a",-0.0198888056738271,0.012248839713383,0.285431162031599
"10763",31,"LOC111587530",-0.0190417799589034,0.358143521029346,0.98487850369265
"10764",31,"LOC111587532",0.0063860785295063,0.340841700847866,0.984612275003837
"10765",31,"LOC111587528",0.00744971139040777,0.255140067524178,0.984612275003837
"10766",31,"LOC111587536",0.00587859632243484,0.765180667288868,0.996208074900292
"10767",31,"LOC111562596",0.0119970239946724,0.800121636245002,0.996208074900292
"10768",31,"trap1",0.0212833555644096,0.340841700847866,0.984612275003837
"10769",31,"crebbpb",-0.0260415568039002,0.108518864874679,0.984612275003837
"10770",31,"LOC111582512",-0.0136040798065804,0.491741753519465,0.98487850369265
"10771",31,"LOC111586678",0.0357591641178438,0.286202933472596,0.984612275003837
"10772",31,"vasnb",-0.0157069393778438,0.234506344429785,0.984612275003837
"10773",31,"dnaja3a",-0.00781540871982688,0.416474183202893,0.98487850369265
"10774",31,"hmox2b",0.00626431327642107,0.340841700847866,0.984612275003837
"10775",31,"LOC111567729",-0.0161984077091706,0.012248839713383,0.285431162031599
"10776",31,"abca3b",0.00284023616236144,0.768910469369393,0.996208074900292
"10777",31,"LOC111567710",-0.0166104487715501,0.115725164116118,0.984612275003837
"10778",31,"LOC111567712",-0.000263334771919847,0.98700714079733,0.99771160608264
"10779",31,"nosip",0.0136799440837828,0.47147624617634,0.98487850369265
"10780",31,"lin7b",0.0188403806772927,0.391004476556657,0.98487850369265
"10781",31,"snrnp70",0.00939189999016543,0.700765612980776,0.993489446331016
"10782",31,"scaf1",-0.00786819823226675,0.555274208502412,0.993489446331016
"10783",31,"abcc1",-0.000157798180069879,0.986083894252102,0.997279674491186
"10784",31,"trpm4a",0.0109504521748165,0.18873229118107,0.984612275003837
"10785",31,"wipi1",0.0161151911014949,0.436744402593801,0.98487850369265
"10786",31,"slc16a6b",0.00363598865519542,0.719309264449339,0.993489446331016
"10787",31,"LOC111586729",-0.0114371581422468,0.438560911530511,0.98487850369265
"10788",31,"cog1",-0.000321088283375322,0.976863081188404,0.996208074900292
"10789",31,"dicer1",-0.0233207198365414,0.436089288218197,0.98487850369265
"10790",31,"clmna",0.00570770771736765,0.698310432254958,0.993489446331016
"10791",31,"syne3",0.00692916080542616,0.541067724061696,0.993489446331016
"10792",31,"nol10",0.009530926224781,0.357333408218184,0.98487850369265
"10793",31,"wdr35",-0.00517567262791404,0.620236926661738,0.993489446331016
"10794",31,"LOC118471800",0.00450774868916627,0.719309264449339,0.993489446331016
"10795",31,"fosl2",0.0150458828896561,0.48630118287881,0.98487850369265
"10796",31,"babam2",-0.0421245064372143,0.0254195604462421,0.507876482622971
"10797",31,"mrpl33",0.0200144195335423,0.266718884794305,0.984612275003837
"10798",31,"si:dkey-16j16.4",0.00815190899562709,0.340841700847866,0.984612275003837
"10799",31,"slc4a1ap",-0.0104066867556761,0.468779975116313,0.98487850369265
"10800",31,"LOC111574422",0.0478060813495461,0.392784048417946,0.98487850369265
"10801",31,"spdya",-0.0161984077091706,0.012248839713383,0.285431162031599
"10802",31,"trmt61b",-0.00731994528391549,0.398000854544508,0.98487850369265
"10803",31,"wdr43",0.021202622730017,0.370767431285979,0.98487850369265
"10804",31,"alk",-0.0281398655250594,0.259578024651376,0.984612275003837
"10805",31,"zgc:103755",-0.0070094730167609,0.759181530274846,0.996208074900292
"10806",31,"slc66a3",0.0140587573573526,0.268501275904232,0.984612275003837
"10807",31,"rock2a",-0.016121515835552,0.012248839713383,0.285431162031599
"10808",31,"sobpa",0.00326595980469813,0.847415850408496,0.996208074900292
"10809",31,"pdss2",-0.00314963636122603,0.815244040580499,0.996208074900292
"10810",31,"LOC118469148",-0.0076713785842422,0.404948592743173,0.98487850369265
"10811",31,"tmem151bb",-0.000418266595330516,0.976863081188404,0.996208074900292
"10812",31,"zmp:0000001267",-0.0153312049893461,0.181722502974612,0.984612275003837
"10813",31,"adprs",0.00380946666857564,0.826827309318668,0.996208074900292
"10814",31,"si:ch211-266o15.1",0.00577286197933212,0.778161532617004,0.996208074900292
"10815",31,"nrde2",0.010320465502657,0.45327326747936,0.98487850369265
"10816",31,"LOC129347766",0.00599124378204718,0.524188473119959,0.98487850369265
"10817",31,"calm1a",0.0303602946955827,0.589525475380798,0.993489446331016
"10818",31,"ttc7b",0.0139308986219635,0.646802586968796,0.993489446331016
"10819",31,"ppp2r3c",0.0157408033602172,0.531533322911899,0.990375937672744
"10820",31,"psma6a",0.0154937497136329,0.0784224873296286,0.924563644280465
"10821",31,"ralgapa1",0.0380984299966242,0.39079023099802,0.98487850369265
"10822",31,"ctage5",0.014401104393868,0.175339657692246,0.984612275003837
"10823",31,"gemin2",0.00722911340720547,0.617733922986624,0.993489446331016
"10824",31,"pnn",-0.00423255529756654,0.639899174889317,0.993489446331016
"10825",31,"LOC111576929",0.00378326045903208,0.834453001263935,0.996208074900292
"10826",31,"daam2",0.0182632550624214,0.579926922592478,0.993489446331016
"10827",31,"rab3gap2",0.0114996303268695,0.453317076960482,0.98487850369265
"10828",31,"iars2",0.0194133863288376,0.270323729938446,0.984612275003837
"10829",31,"rtn4ip1",-0.00957889419830565,0.379541585061388,0.98487850369265
"10830",31,"myt1lb",-0.0462157660997423,0.0375308599592002,0.648110235255819
"10831",31,"eipr1",-0.0266865319028373,0.123521565391793,0.984612275003837
"10832",31,"trappc12",-0.0334474955717226,0.0105963401915957,0.285431162031599
"10833",31,"LOC111571040",-0.0118459451544709,0.558498468643359,0.993489446331016
"10834",31,"rin3",-0.000329071011677992,0.976863081188404,0.996208074900292
"10835",31,"dnal1",0.00943634442644715,0.340841700847866,0.984612275003837
"10836",31,"gphna",0.0381811103908091,0.273190084867349,0.984612275003837
"10837",31,"pals1a",0.0063578934938849,0.524188473119959,0.98487850369265
"10838",31,"ccdc88c",0.0109880416293748,0.593542251422375,0.993489446331016
"10839",31,"LOC111567073",-0.00741664606535725,0.403075623366739,0.98487850369265
"10840",31,"LOC118470649",0.0146900535518127,0.280309916256002,0.984612275003837
"10841",31,"dglucy",0.0082308878649476,0.74398539747237,0.996208074900292
"10842",31,"LOC111586301",-0.0161984077091706,0.012248839713383,0.285431162031599
"10843",31,"LOC111586302",-0.00185674504167067,0.897178251778246,0.996208074900292
"10844",31,"LOC111565402",-0.0549090759432841,0.0281326690202299,0.542426521451815
"10845",31,"jkamp",-0.045980413629687,0.0744479726429796,0.908591954326234
"10846",31,"fam241a",-0.000293977023095923,0.976863081188404,0.996208074900292
"10847",31,"gabrb1",-0.00741682546311157,0.889886090542179,0.996208074900292
"10848",31,"LOC111583003",0.00310479584215777,0.764881972167172,0.996208074900292
"10849",31,"LOC118470918",-0.00153565675829535,0.895106088567285,0.996208074900292
"10850",31,"commd8",-0.00363989592467443,0.811265305223513,0.996208074900292
"10851",31,"atp10d",-0.000150849106680612,0.997495929811273,0.999816729949705
"10852",31,"lamtor3",0.00387797358200038,0.90337248149968,0.996208074900292
"10853",31,"LOC111565013",-0.0212208640227084,0.535821452466293,0.992631682666832
"10854",31,"LOC111565012",-0.0243838803879822,0.0549007566787608,0.796619916197359
"10855",31,"gabrg1",0.0906567646477096,0.194242583714161,0.984612275003837
"10856",31,"gabra2a",0.0174501444894302,0.431000245126423,0.98487850369265
"10857",31,"LOC129347687",-0.0132148828535011,0.012248839713383,0.285431162031599
"10858",31,"tulp4b",0.0240066313884568,0.15904268621215,0.984612275003837
"10859",31,"LOC111566502",0.00371449379632188,0.741519718340657,0.996208074900292
"10860",31,"slc18b1",-0.012871740939741,0.230926126086759,0.984612275003837
"10861",31,"ahi1",0.00626431327642107,0.340841700847866,0.984612275003837
"10862",31,"map7a",-0.0411418380226632,0.130326390339287,0.984612275003837
"10863",31,"mapre3a",-0.0241234200393967,0.235929446684153,0.984612275003837
"10864",31,"dpysl5a",0.0161632922532661,0.399748332674453,0.98487850369265
"10865",31,"dnmt3ab",0.0893398430684367,0.11507558566473,0.984612275003837
"10866",31,"dtnbb",0.0209621800821757,0.775436747451224,0.996208074900292
"10867",31,"asxl2",0.0158016123161234,0.344220077102274,0.98487850369265
"10868",31,"kif3cb",0.00328207771045489,0.887440515482891,0.996208074900292
"10869",31,"rps6ka5",0.0191781927887373,0.522418430664691,0.98487850369265
"10870",31,"mbip",-0.00913362893466376,0.617123967962809,0.993489446331016
"10871",31,"slc25a21",0.011725805463595,0.409372884197599,0.98487850369265
"10872",31,"LOC111569584",0.00830917138213042,0.719309264449339,0.993489446331016
"10873",31,"tmem229b",-0.0204155776238233,0.612457282022832,0.993489446331016
"10874",31,"mta1",0.000857409717370281,0.981535224890604,0.99678337426189
"10875",31,"crip2",0.0273592005604377,0.565407352437333,0.993489446331016
"10876",31,"mideasb",0.0034147025607952,0.916661985959513,0.996208074900292
"10877",31,"tmem62",0.00055807488358653,0.965902556107651,0.996208074900292
"10878",31,"ttbk2a",-0.0299500711429718,0.454838383021799,0.98487850369265
"10879",31,"sptb",-0.0177171577825202,0.304955813868296,0.984612275003837
"10880",31,"LOC111569710",-0.0145519742906098,0.305588606004157,0.984612275003837
"10881",31,"efna2a",0.0377972647234933,0.477200297523481,0.98487850369265
"10882",31,"ptbp1a",0.0086998330898159,0.750726305433565,0.996208074900292
"10883",31,"palm1b",-0.0509582470473298,0.34075658409734,0.984612275003837
"10884",31,"plppr3a",0.0220561021306657,0.278735811652767,0.984612275003837
"10885",31,"grin3ba",-0.0388686382394096,0.466837395566586,0.98487850369265
"10886",31,"slc7a14a",0.0229258692542959,0.430127674843948,0.98487850369265
"10887",31,"eif5a2",-0.0146531871374888,0.314728442184745,0.984612275003837
"10888",31,"tnika",0.0601172294992047,0.101552537230934,0.984612275003837
"10889",31,"pld1a",0.0102591355172879,0.169836425044872,0.984612275003837
"10890",31,"stag1a",0.0247531116497059,0.518374451951192,0.98487850369265
"10891",31,"slc35g2a",-0.00182483006772401,0.92226548148615,0.996208074900292
"10892",31,"LOC111563438",0.0022789431001779,0.854609670891974,0.996208074900292
"10893",31,"LOC111563437",-0.0195275499694506,0.214876214975226,0.984612275003837
"10894",31,"LOC111563439",0.0375482064252918,0.178884824230858,0.984612275003837
"10895",31,"hltf",-0.00242250446868402,0.919429916738552,0.996208074900292
"10896",31,"elavl1a",-0.0010326232634423,0.976863081188404,0.996208074900292
"10897",31,"diras1b",0.0519300465314961,0.271516705242347,0.984612275003837
"10898",31,"gng7",-0.000225220507891268,0.994559312760498,0.999580088711073
"10899",31,"LOC111573456",-0.0123800487196688,0.510162385966708,0.98487850369265
"10900",31,"LOC111573467",0.00358580531345942,0.719309264449339,0.993489446331016
"10901",31,"yju2",0.00363598865519542,0.719309264449339,0.993489446331016
"10902",31,"LOC111573447",0.00331819725735516,0.856260272100684,0.996208074900292
"10903",31,"theg",-0.0065275327826756,0.490709277126687,0.98487850369265
"10904",31,"LOC111567718",0.00985461693440952,0.598912283449674,0.993489446331016
"10905",31,"gna11b",0.00430686373576379,0.944764085198225,0.996208074900292
"10906",31,"LOC111567717",0.00722179396865484,0.719309264449339,0.993489446331016
"10907",31,"LOC111567715",-0.00326332814219678,0.895106088567285,0.996208074900292
"10908",31,"LOC111567709",0.020150864762205,0.510887089596026,0.98487850369265
"10909",31,"LOC111567705",0.00304454506720928,0.868978893406603,0.996208074900292
"10910",31,"LOC111567730",-0.00250663300031868,0.895106088567285,0.996208074900292
"10911",31,"zgc:110158",-0.0115106181401707,0.743235607843007,0.996208074900292
"10912",31,"LOC111582900",-0.019406047276742,0.193569904616034,0.984612275003837
"10913",31,"LOC111582898",-0.00159655633335685,0.895106088567285,0.996208074900292
"10914",31,"acvr1l",-0.00717381073513215,0.701988218366467,0.993489446331016
"10915",31,"hs6st1a",0.012960879749646,0.682195923527562,0.993489446331016
"10916",31,"uggt1",0.0075875507841035,0.621617800561246,0.993489446331016
"10917",31,"LOC111571666",0.0113899065092755,0.606147361639659,0.993489446331016
"10918",31,"LOC111571667",0.0107242451556395,0.213183644220028,0.984612275003837
"10919",31,"LOC111571676",0.0234033523826662,0.386946481034977,0.98487850369265
"10920",31,"senp2",0.00791375608949459,0.59257055321805,0.993489446331016
"10921",31,"pcnt",0.0226539210057749,0.583990774132884,0.993489446331016
"10922",31,"atg9a",-0.0301931879840209,0.306648476081593,0.984612275003837
"10923",31,"myo10l1",-0.00380405822511094,0.841949985373492,0.996208074900292
"10924",31,"sumo3a",0.00750203486105253,0.68336497337026,0.993489446331016
"10925",31,"usp40",-0.0141842939337572,0.155863946163225,0.984612275003837
"10926",31,"si:ch211-266g18.10",-0.0159404937287225,0.012248839713383,0.285431162031599
"10927",31,"LOC111573260",-0.00748430841597044,0.466261768286994,0.98487850369265
"10928",31,"marcksb",-0.0129889511863087,0.431062906111289,0.98487850369265
"10929",31,"fut9a",-0.0294037965740584,0.326711262647905,0.984612275003837
"10930",31,"manea",0.0239672147472118,0.176359806804008,0.984612275003837
"10931",31,"LOC111573267",0.0121983286082469,0.647681594965645,0.993489446331016
"10932",31,"LOC111573300",0.0258244807322035,0.383422356003589,0.98487850369265
"10933",31,"lclat1",-0.0422327462908517,0.0431196285753459,0.705877222462837
"10934",31,"lbh",-0.00463833503594865,0.806483847574448,0.996208074900292
"10935",31,"bmp4",-0.0282358039750062,0.012248839713383,0.285431162031599
"10936",31,"ddhd1a",0.00469992075320715,0.577640008553201,0.993489446331016
"10937",31,"fermt2",0.00815190899562709,0.340841700847866,0.984612275003837
"10938",31,"stxbp6",-0.0290118513605237,0.272902147959207,0.984612275003837
"10939",31,"gjd2b",-0.036685504110449,0.273922382224572,0.984612275003837
"10940",31,"aqr",-0.0374633395271803,0.131352422364146,0.984612275003837
"10941",31,"dph6",-0.00454563664583255,0.896700178032832,0.996208074900292
"10942",31,"cdin1",0.011943317350424,0.208640707964954,0.984612275003837
"10943",31,"meis2a",0.0557627630608696,0.192961183722635,0.984612275003837
"10944",31,"LOC118470790",0.0159925635901834,0.707888419630916,0.993489446331016
"10945",31,"LOC111573302",0.00485042177121095,0.692395336338135,0.993489446331016
"10946",31,"spred1",0.000743244881517917,0.981552256981518,0.99678337426189
"10947",31,"fam98b",-0.0156912825081541,0.434998158707711,0.98487850369265
"10948",31,"spata7",0.00626431327642107,0.340841700847866,0.984612275003837
"10949",31,"kcnk10b",-0.0370204438597711,0.220688063417113,0.984612275003837
"10950",31,"LOC111573259",-0.0201103188484224,0.237309646753088,0.984612275003837
"10951",31,"LOC129347683",0.00358580531345942,0.719309264449339,0.993489446331016
"10952",31,"LOC111573293",-0.00368395662872007,0.743507859798234,0.996208074900292
"10953",31,"klhdc2",-0.0236934523077221,0.481513431853949,0.98487850369265
"10954",31,"LOC111573329",-0.00754462914038407,0.471748018192543,0.98487850369265
"10955",31,"LOC111573328",0.0062165190993478,0.423288479359027,0.98487850369265
"10956",31,"wdr20a",-0.00773228737265258,0.5186643268226,0.98487850369265
"10957",31,"dync1h1",0.00567894779174689,0.824106199485888,0.996208074900292
"10958",31,"kdm1a",-0.00862128218271199,0.617449239841584,0.993489446331016
"10959",31,"luzp1",-0.010338887537162,0.468382251573143,0.98487850369265
"10960",31,"pacrg",-0.00444791099480771,0.573236642919947,0.993489446331016
"10961",31,"qkia",0.0439467855647906,0.331996812567706,0.984612275003837
"10962",31,"ythdf2",0.00307671508636752,0.826804802308615,0.996208074900292
"10963",31,"msrab",0.015556607215815,0.587494242054083,0.993489446331016
"10964",31,"id3",-0.0181597056006543,0.012248839713383,0.285431162031599
"10965",31,"LOC111585948",0.033326064025667,0.345760255150803,0.98487850369265
"10966",31,"rps6ka1",-0.00603570922500488,0.757364692718005,0.996208074900292
"10967",31,"nipal3",0.0129912622619878,0.433260731687179,0.98487850369265
"10968",31,"rcan3",-0.0408181568794314,0.321334221038006,0.984612275003837
"10969",31,"fancm",0.0297808015526113,0.276574924539613,0.984612275003837
"10970",31,"soul3",-0.0439523082554959,0.431742076259888,0.98487850369265
"10971",31,"LOC111586141",-0.0183065748099066,0.211733631249189,0.984612275003837
"10972",31,"wars1",-0.0135257469037465,0.203634098648585,0.984612275003837
"10973",31,"LOC111586266",0.0127369624086268,0.613728068903147,0.993489446331016
"10974",31,"LOC111586088",-0.00578790620095966,0.847321352145245,0.996208074900292
"10975",31,"dio3a",-0.00673638567535921,0.544078936163555,0.993489446331016
"10976",31,"tonsl",-0.0298816748935775,0.284075502557078,0.984612275003837
"10977",31,"rpl13a",0.00915663277902747,0.806509991429061,0.996208074900292
"10978",31,"atp5if1b",0.0155875617298159,0.679171528075174,0.993489446331016
"10979",31,"zmpste24",-0.00575310614390054,0.743778507043566,0.996208074900292
"10980",31,"rlf",0.00667679787083552,0.732838816238729,0.996208074900292
"10981",31,"znf593",0.00557384928621025,0.628045348807986,0.993489446331016
"10982",31,"selenon",0.00401623770886358,0.801740758401482,0.996208074900292
"10983",31,"si:ch211-15d5.11",-0.0129066175635033,0.476342249862771,0.98487850369265
"10984",31,"mtfr1l",0.00258917217766387,0.80401770491642,0.996208074900292
"10985",31,"stac",0.0077624664365679,0.862124725693737,0.996208074900292
"10986",31,"LOC111577967",-0.000418266595330516,0.976863081188404,0.996208074900292
"10987",31,"LOC111577950",-0.00657465904959094,0.911520203042668,0.996208074900292
"10988",31,"LOC111577964",-0.00535436549045605,0.737102452197589,0.996208074900292
"10989",31,"LOC111577955",-0.01555349988942,0.247684644374808,0.984612275003837
"10990",31,"orc3",-0.000310864050245439,0.976863081188404,0.996208074900292
"10991",31,"znf292a",0.00346149424052499,0.863643323162785,0.996208074900292
"10992",31,"LOC111577963",-0.0142246292730032,0.398868165852003,0.98487850369265
"10993",31,"LOC111577962",0.0360233025473808,0.0414290785559011,0.68569134275683
"10994",31,"htr1b",0.0182736767536479,0.340841700847865,0.984612275003837
"10995",31,"sox11a",0.0261332803182322,0.0773692910794322,0.919755233249191
"10996",31,"rnf144aa",0.0118786106980604,0.775538700203248,0.996208074900292
"10997",31,"id2a",0.00782081806349229,0.524188473119959,0.98487850369265
"10998",31,"mboat2a",-0.00688442799531966,0.81463660902506,0.996208074900292
"10999",31,"asap2a",-0.0061148382238701,0.833888851701173,0.996208074900292
"11000",31,"LOC111565927",0.00532728080169231,0.385368605442367,0.98487850369265
"11001",31,"LOC111565938",0.00560542456936067,0.702027931348758,0.993489446331016
"11002",31,"LOC111565932",0.0444024047887766,0.188705156246906,0.984612275003837
"11003",31,"adam17a",0.00873094961062405,0.273208583195393,0.984612275003837
"11004",31,"ltk",-0.0605602903179873,0.0476141689966064,0.742098354458652
"11005",31,"itpka",0.00363598865519542,0.719309264449339,0.993489446331016
"11006",31,"ivd",-0.0443542008550684,0.108692345603108,0.984612275003837
"11007",31,"bahd1",-0.0372311218733737,0.0749208279684673,0.910186684613023
"11008",31,"pcmtl",5.38449357841997e-05,0.996298373297476,0.999816729949705
"11009",31,"disp2",-0.00572545566527743,0.667959681947402,0.993489446331016
"11010",31,"evla",0.0242135332314755,0.63837044910117,0.993489446331016
"11011",31,"yy1a",-0.00244247715894942,0.888947910403365,0.996208074900292
"11012",31,"tpp1",-0.00247855054864225,0.909093241585183,0.996208074900292
"11013",31,"LOC129347805",-0.0476756039661487,0.193066664361758,0.984612275003837
"11014",31,"hif1aa",0.0017126164110353,0.915942087471692,0.996208074900292
"11015",31,"mnat1",-0.0399918287322629,0.0351595359338621,0.624641783135248
"11016",31,"ppm1aa",-0.0204476895609623,0.225732161593971,0.984612275003837
"11017",31,"dhrs7",-0.015711229687148,0.344871213764096,0.98487850369265
"11018",31,"pcnx4",0.0360840927214523,0.206424530764308,0.984612275003837
"11019",31,"rtn1a",-0.0102388409044797,0.754757117582873,0.996208074900292
"11020",31,"LOC111578918",-0.00739466596259486,0.790887381394403,0.996208074900292
"11021",31,"zfyve28",0.0332977924909334,0.229529629825809,0.984612275003837
"11022",31,"mrpl35",-0.00153565675829535,0.895106088567285,0.996208074900292
"11023",31,"reep1",-0.022863173638175,0.186108339509034,0.984612275003837
"11024",31,"chmp3",0.00952846204286587,0.707995003197725,0.993489446331016
"11025",31,"hspa4l",-0.00153030545120337,0.873659525347945,0.996208074900292
"11026",31,"itpk1b",0.0146841219085083,0.78362396426862,0.996208074900292
"11027",31,"LOC111578956",-0.00755741319673825,0.355479621971964,0.98487850369265
"11028",31,"btbd7",0.0201562665655181,0.471609103098237,0.98487850369265
"11029",31,"LOC111578958",-0.0386571328906239,0.301506887571668,0.984612275003837
"11030",31,"prima1",0.0063860785295063,0.340841700847866,0.984612275003837
"11031",31,"LOC111578906",0.0104729520438932,0.340841700847866,0.984612275003837
"11032",31,"ubr1",-0.0285596901638388,0.012248839713383,0.285431162031599
"11033",31,"LOC111578971",-0.0116043917205048,0.704694155516963,0.993489446331016
"11034",31,"c20h14orf180",0.00424426505267272,0.836821477224314,0.996208074900292
"11035",31,"kif26ab",0.00450774868916627,0.719309264449339,0.993489446331016
"11036",31,"aspg",0.00955224041105111,0.576270261497135,0.993489446331016
"11037",31,"vcpkmt",0.00358580531345942,0.719309264449339,0.993489446331016
"11038",31,"ktn1",0.0208402953152483,0.72642678882654,0.996208074900292
"11039",31,"peli2",-0.000329071011677992,0.976863081188404,0.996208074900292
"11040",31,"tmem260",-0.0129489667907077,0.558388828260832,0.993489446331016
"11041",31,"otx2b",-0.0370542065166359,0.466517526568489,0.98487850369265
"11042",31,"LOC111584539",0.00478646392628232,0.738362222062988,0.996208074900292
"11043",31,"exoc5",-0.011773627071148,0.26723929510522,0.984612275003837
"11044",31,"LOC118469137",0.00599124378204718,0.524188473119959,0.98487850369265
"11045",31,"slc35f4",-0.014081119255551,0.484134747085043,0.98487850369265
"11046",31,"cipca",0.00489162009177637,0.733178499334041,0.996208074900292
"11047",31,"zdhhc22",-0.00159655633335685,0.895106088567285,0.996208074900292
"11048",31,"tmem63c",0.0295107436283834,0.493892916962277,0.98487850369265
"11049",31,"coq6",-0.0285244547153271,0.0315350354430756,0.58201424406954
"11050",31,"gstz1",-0.00566468116292027,0.660534072747997,0.993489446331016
"11051",31,"tmed8",0.00188592397779824,0.853760680319775,0.996208074900292
"11052",31,"LOC111572680",0.0013892246102236,0.916578673455447,0.996208074900292
"11053",31,"gskip",0.00356642057587017,0.805826263607364,0.996208074900292
"11054",31,"LOC111572688",0.0238823033735015,0.135185213545396,0.984612275003837
"11055",31,"LOC111572687",0.00697683070151568,0.524188473119959,0.98487850369265
"11056",31,"eml5",-0.00235367576265252,0.96223714925587,0.996208074900292
"11057",31,"acyp1",-0.00457077994782199,0.561149833982161,0.993489446331016
"11058",31,"mlh3",0.011373566328242,0.313980534579961,0.984612275003837
"11059",31,"fosaa",-0.0184807938840296,0.109673563805103,0.984612275003837
"11060",31,"flvcr2a",-0.0301708634372573,0.284171499087173,0.984612275003837
"11061",31,"ttll5",0.00498606778699213,0.889029165330988,0.996208074900292
"11062",31,"LOC111578305",-0.00589537599096049,0.76766327888864,0.996208074900292
"11063",31,"LOC111578304",-0.0131606654727855,0.564095690829742,0.993489446331016
"11064",31,"dlst",0.0209748736770735,0.338672014448314,0.984612275003837
"11065",31,"rps6kl1",-0.00637329926705449,0.675425883520633,0.993489446331016
"11066",31,"vash1",-0.009655066116431,0.459575837797704,0.98487850369265
"11067",31,"fcf1",-0.000329071011677992,0.976863081188404,0.996208074900292
"11068",31,"arel1",0.0106760334662298,0.730409381530034,0.996208074900292
"11069",31,"LOC111577216",-0.000416287222799226,0.976863081188404,0.996208074900292
"11070",31,"pomt2",0.0101273194559085,0.253126831886666,0.984612275003837
"11071",31,"LOC111583649",-0.0225469266295954,0.335775056320156,0.984612275003837
"11072",31,"LOC111583646",-0.00755741319673825,0.355479621971964,0.98487850369265
"11073",31,"LOC111588178",0.000408851843902415,0.981020927087499,0.99678337426189
"11074",31,"LOC111588168",-0.00428179757552665,0.67534968727803,0.993489446331016
"11075",31,"LOC111588183",0.009480742883045,0.354544479942992,0.98487850369265
"11076",31,"LOC111588179",0.00545512239665095,0.788186809566269,0.996208074900292
"11077",31,"fsip1",0.01589981536077,0.182633362648212,0.984612275003837
"11078",31,"chrm5a",0.0160373870950254,0.433055831590909,0.98487850369265
"11079",31,"LOC111587668",0.0185312382681999,0.718500513642345,0.993489446331016
"11080",31,"LOC111562598",0.0127672056276752,0.647856850013079,0.993489446331016
"11081",31,"bmf1",-0.010092715495452,0.132645571428573,0.984612275003837
"11082",31,"dnajc17",0.00236415721802932,0.910639996092408,0.996208074900292
"11083",31,"inf2",0.00170944620652053,0.872513282998838,0.996208074900292
"11084",31,"zbtb42",-0.000293977023095923,0.976863081188404,0.996208074900292
"11085",31,"srp14",0.0063578934938849,0.524188473119959,0.98487850369265
"11086",31,"zfyve19",0.0124642489609312,0.0839873612383835,0.945854671212903
"11087",31,"LOC111578066",-0.0199625337363034,0.530128437799788,0.989372540616599
"11088",31,"LOC111578043",0.0055102981958929,0.640317293783926,0.993489446331016
"11089",31,"LOC111578140",0.0168460041634699,0.553259269206542,0.993489446331016
"11090",31,"mthfd1b",0.0201216024119804,0.24846079011946,0.984612275003837
"11091",31,"c20h14orf28",0.000921228633525493,0.929733559932556,0.996208074900292
"11092",31,"LOC111578089",-0.00332446476211359,0.895106088567285,0.996208074900292
"11093",31,"LOC111577954",0.0052102765883705,0.37392948738462,0.98487850369265
"11094",31,"ccdc28b",-0.0178701195461806,0.012248839713383,0.285431162031599
"11095",31,"tmem39b",0.00363598865519542,0.719309264449339,0.993489446331016
"11096",31,"khdrbs1a",-0.0275213452999917,0.414686811053013,0.98487850369265
"11097",31,"LOC111577897",0.00340182227308277,0.794995237728239,0.996208074900292
"11098",31,"LOC111577920",0.0155031274349333,0.2716306067637,0.984612275003837
"11099",31,"LOC111562649",-0.00217892914012735,0.928604707582323,0.996208074900292
"11100",31,"LOC111562638",-0.0142090574132445,0.214146078532595,0.984612275003837
"11101",31,"LOC111562637",0.025984085263215,0.57089729075213,0.993489446331016
"11102",31,"LOC111569658",-0.00519380151910912,0.709441279379542,0.993489446331016
"11103",31,"arhgef10",-0.000418266595330516,0.976863081188404,0.996208074900292
"11104",31,"cln8",0.0013892246102236,0.916578673455447,0.996208074900292
"11105",31,"dlgap2a",0.0434311379194308,0.34315148282512,0.984612275003837
"11106",31,"col12a1a",-0.0206586546074638,0.0880096650249878,0.963905736748171
"11107",31,"tmem30aa",0.0145588800792878,0.442350674244134,0.98487850369265
"11108",31,"tfb1m",0.014117468838273,0.557620863951845,0.993489446331016
"11109",31,"tiam2a",-0.0150447355289644,0.649585023758185,0.993489446331016
"11110",31,"scaf8",0.0112332517601269,0.749594494607916,0.996208074900292
"11111",31,"mocs3",-0.00174304275395688,0.895106088567285,0.996208074900292
"11112",31,"prkd3",0.0114489419851979,0.442360597423836,0.98487850369265
"11113",31,"nkx2.2a",-0.00444791099480771,0.573236642919947,0.993489446331016
"11114",31,"kiz",0.00685783493849493,0.643790779575666,0.993489446331016
"11115",31,"ralgapa2",0.0183243142487223,0.623516810382006,0.993489446331016
"11116",31,"hmgcl",-0.0105540531194589,0.285247425218382,0.984612275003837
"11117",31,"LOC111578469",-0.0248208754811029,0.132966615419128,0.984612275003837
"11118",31,"lck",-0.000435660709915935,0.976863081188404,0.996208074900292
"11119",31,"srrm1",0.061443340042281,0.0181017404690246,0.397587371568798
"11120",31,"clic4",-0.0150413751353983,0.391428640819615,0.98487850369265
"11121",31,"runx3",-0.000310864050245439,0.976863081188404,0.996208074900292
"11122",31,"syf2",-0.0101596493761353,0.755412282531497,0.996208074900292
"11123",31,"rsrp1",0.00544405293492132,0.600114977344763,0.993489446331016
"11124",31,"mgst3b",-0.0311352016834832,0.17882588055657,0.984612275003837
"11125",31,"tmem50a",-0.038896642826637,0.00866481575582513,0.285431162031599
"11126",31,"maco1b",-0.0245838705760494,0.488490022818802,0.98487850369265
"11127",31,"ldlrap1b",0.0209008158719887,0.36697181995409,0.98487850369265
"11128",31,"LOC129347780",-0.00153565675829535,0.895106088567285,0.996208074900292
"11129",31,"fndc5a",0.0621523136146813,0.218415575184229,0.984612275003837
"11130",31,"LOC129347787",0.026084003915512,0.191835051121217,0.984612275003837
"11131",31,"bsdc1",-0.018449146075265,0.492183841579665,0.98487850369265
"11132",31,"marcksl1a",0.0557380184114614,0.274980229606396,0.984612275003837
"11133",31,"gjb9a",0.00827790984516536,0.492817788233763,0.98487850369265
"11134",31,"LOC111581701",0.0233214645315464,0.44571898313144,0.98487850369265
"11135",31,"LOC111581699",-0.00148093352936551,0.947827831907187,0.996208074900292
"11136",31,"sdsl",-0.0311187270537676,0.291850529084879,0.984612275003837
"11137",31,"syt14a",-0.0502751814687341,0.0243201352118633,0.490436366326159
"11138",31,"sertad4",0.00587997950315003,0.789359726618182,0.996208074900292
"11139",31,"gnmt",0.0152198492156427,0.0697223424855022,0.883322108729728
"11140",31,"sntg2",0.00509883206995593,0.900302811403823,0.996208074900292
"11141",31,"kiaa1109",-0.00591008571967113,0.797334335718907,0.996208074900292
"11142",31,"c9orf72",0.0105957598377003,0.435105357857865,0.98487850369265
"11143",31,"lingo2b",-0.00123162594455186,0.975498871031504,0.996208074900292
"11144",31,"metap1",-0.000329071011677992,0.976863081188404,0.996208074900292
"11145",31,"sptlc2a",0.0122243648393928,0.665709397677273,0.993489446331016
"11146",31,"LOC129347723",0.0050862973450629,0.733741343740234,0.996208074900292
"11147",31,"LOC111564080",-0.0422596506909781,0.233132420882692,0.984612275003837
"11148",31,"LOC118469829",-0.00236077433759754,0.808955015431873,0.996208074900292
"11149",31,"LOC118471422",0.00562300255669888,0.632529168128406,0.993489446331016
"11150",31,"galcb",0.00595344922617563,0.599895103221542,0.993489446331016
"11151",31,"bcl11ba",0.0533391861465989,0.358913229854503,0.98487850369265
"11152",31,"setd3",0.00555910207775875,0.77212052193328,0.996208074900292
"11153",31,"nrxn3a",0.0330957650699694,0.186951143359423,0.984612275003837
"11154",31,"adck1",0.0350140254778223,0.413052286625153,0.98487850369265
"11155",31,"slirp",0.0136228164816354,0.318363309209457,0.984612275003837
"11156",31,"syne1b",-0.00977074675491386,0.910733072674966,0.996208074900292
"11157",31,"akap12a",-0.00204057995199585,0.895106088567285,0.996208074900292
"11158",31,"shprh",0.0257484626761443,0.19217146167804,0.984612275003837
"11159",31,"grm1b",-0.0185162117047166,0.574580378187185,0.993489446331016
"11160",31,"rab32b",0.000754968159008883,0.965807018422589,0.996208074900292
"11161",31,"stxbp5b",-0.00757211599374875,0.609069442130328,0.993489446331016
"11162",31,"LOC111578560",-0.0198888056738271,0.012248839713383,0.285431162031599
"11163",31,"LOC129347779",0.0176745529960747,0.386106465531675,0.98487850369265
"11164",31,"foxo3a",-0.0127329062273228,0.504969658681154,0.98487850369265
"11165",31,"afg1la",0.012679664435724,0.340841700847866,0.984612275003837
"11166",31,"scml4",-0.028191773585881,0.0766063977592733,0.916387702187844
"11167",31,"vsnl1b",0.0326514839816411,0.174869886997283,0.984612275003837
"11168",31,"smc6",-0.00812225540584138,0.272035782534872,0.984612275003837
"11169",31,"adgrf3a",0.0104026862587518,0.402255451191574,0.98487850369265
"11170",31,"slc5a6b",0.00682414969275715,0.719309264449339,0.993489446331016
"11171",31,"LOC111578615",0.0291024522039883,0.405084385737279,0.98487850369265
"11172",31,"fuca2",-0.000514249714759119,0.974656720211428,0.996208074900292
"11173",31,"hivep2b",0.00146174717401181,0.942128380676356,0.996208074900292
"11174",31,"gng2",-0.00333154816125566,0.915479770007839,0.996208074900292
"11175",31,"frmd6",-0.0202836554752925,0.222556023367695,0.984612275003837
"11176",31,"LOC111584723",0.0148014787229888,0.424099815423655,0.98487850369265
"11177",31,"tmx1",0.00406233700311262,0.867157304500453,0.996208074900292
"11178",31,"LOC111584722",-0.00756409022423206,0.881921333949756,0.996208074900292
"11179",31,"LOC118469141",-0.00390218260247813,0.715710784114265,0.993489446331016
"11180",31,"atl1",-0.000795394221429622,0.970864306897966,0.996208074900292
"11181",31,"map4k5",-0.011313255264949,0.445242938641511,0.98487850369265
"11182",31,"cdkl1",0.0104507237052094,0.460896123387854,0.98487850369265
"11183",31,"dmac2l",0.00626431327642107,0.340841700847866,0.984612275003837
"11184",31,"l2hgdh",0.0116858563266882,0.45519965208785,0.98487850369265
"11185",31,"sos2",-0.0108390772098791,0.672719089772314,0.993489446331016
"11186",31,"cnih1",-0.0199471163803057,0.468918744694073,0.98487850369265
"11187",31,"gmfb",0.0113714292153298,0.537377808389193,0.993489446331016
"11188",31,"synj2bp",0.0153070610770256,0.564092193354454,0.993489446331016
"11189",31,"LOC111579402",0.0066193143130599,0.637785167756322,0.993489446331016
"11190",31,"srsf5a",-0.0130840938165951,0.709596685356451,0.993489446331016
"11191",31,"pacs2",0.0184402656340049,0.75571257175939,0.996208074900292
"11192",31,"dcaf5",0.0191225388808775,0.34996548322297,0.98487850369265
"11193",31,"actn1",-0.0185502003823476,0.387477152413753,0.98487850369265
"11194",31,"LOC111579404",-0.0019165435276197,0.895106088567285,0.996208074900292
"11195",31,"slc8a3",-0.02982056731265,0.405844144733696,0.98487850369265
"11196",31,"map3k9",-0.0122677212299498,0.779298892546079,0.996208074900292
"11197",31,"LOC111579393",-0.000737897099910165,0.965988089690438,0.996208074900292
"11198",31,"med6",-0.0232202752560533,0.012248839713383,0.285431162031599
"11199",31,"pcnx1",0.0285741235644122,0.485195331702274,0.98487850369265
"11200",31,"lgmn",0.015952592166198,0.33595057123108,0.984612275003837
"11201",31,"chp1",-0.0376648191656077,0.00869967009720597,0.285431162031599
"11202",31,"ndufaf1",-0.00153565675829535,0.895106088567285,0.996208074900292
"11203",31,"rtf1",-0.00881484839219911,0.519782315444221,0.98487850369265
"11204",31,"golga5",-0.0106783426916935,0.441529428309411,0.98487850369265
"11205",31,"trip11",0.00508711437154719,0.817364007919854,0.996208074900292
"11206",31,"fbln5",-0.00148479530082018,0.913210740857417,0.996208074900292
"11207",31,"plek2",0.00599124378204718,0.524188473119959,0.98487850369265
"11208",31,"zfyve26",-0.00287462756332911,0.812162482534038,0.996208074900292
"11209",31,"rdh12",-0.0172243785388403,0.0802863174414931,0.929133735121188
"11210",31,"arg2",0.00545371773360365,0.615616377989563,0.993489446331016
"11211",31,"rbm25a",-0.0151111331060949,0.52486605145023,0.985792420251229
"11212",31,"slc39a9",0.0255931791136182,0.243737100385502,0.984612275003837
"11213",31,"ccdc177",-0.0048991225113968,0.76886613510902,0.996208074900292
"11214",31,"smoc1",0.0191352357707289,0.292538268832428,0.984612275003837
"11215",31,"LOC129347764",0.00626431327642107,0.340841700847866,0.984612275003837
"11216",31,"LOC111573535",-0.000310864050245439,0.976863081188404,0.996208074900292
"11217",31,"psen1",0.0314454624102587,0.405382889777049,0.98487850369265
"11218",31,"LOC111573544",0.00554181992484876,0.845699566944649,0.996208074900292
"11219",31,"si:ch211-168d23.3",-0.0564281116090045,0.00930533473887364,0.285431162031599
"11220",31,"exd2",0.0219236741408414,0.296886355596307,0.984612275003837
"11221",31,"numb",0.0271898930025458,0.287724759553484,0.984612275003837
"11222",31,"galnt16",0.00531064795681439,0.720920494283632,0.994374714974634
"11223",31,"vps39",0.013765038153885,0.398246441752304,0.98487850369265
"11224",31,"LOC111573547",-0.028761386919499,0.327892339483773,0.984612275003837
"11225",31,"LOC129347783",-0.0102728313046932,0.579959382411042,0.993489446331016
"11226",31,"znf106a",0.0170770946793547,0.413890087566474,0.98487850369265
"11227",31,"wdr32",-0.00284978287260378,0.81901675088688,0.996208074900292
"11228",31,"zmp:0000000662",0.00893933980344684,0.520082929686322,0.98487850369265
"11229",31,"ube2d3",0.0350277179573636,0.0981183839939384,0.980844755541041
"11230",31,"manba",-0.0181674433489245,0.192857488683903,0.984612275003837
"11231",31,"LOC129347804",0.00755020169058079,0.524188473119959,0.98487850369265
"11232",31,"nat8",-0.00889644360944005,0.611196462375239,0.993489446331016
"11233",31,"si:dkey-33c12.3",-0.0279151648334485,0.611453782512073,0.993489446331016
"11234",31,"mrps26",0.0141259215779872,0.424434562585109,0.98487850369265
"11235",31,"loxl3b",0.0247919166519652,0.476975567677146,0.98487850369265
"11236",31,"pank2",-0.0413131225188864,0.0678930831664064,0.873200773327847
"11237",31,"rab11fip5a",0.00487741746911923,0.855545298074858,0.996208074900292
"11238",31,"sfxn5a",-0.00273375334366861,0.773432846970012,0.996208074900292
"11239",31,"ap5s1",0.0168837534457921,0.272282960907636,0.984612275003837
"11240",31,"gfra4a",-0.0159439221488232,0.8878532877456,0.996208074900292
"11241",31,"atrn",0.0578637237739546,0.225799607938514,0.984612275003837
"11242",31,"eif2ak3",-0.0256664763461568,0.168049955799422,0.984612275003837
"11243",31,"rpia",-0.00617054816612879,0.768579850968918,0.996208074900292
"11244",31,"slc4a11",-0.049006773643923,0.335763371315112,0.984612275003837
"11245",31,"dnaaf9",0.0341893838069017,0.542849238312084,0.993489446331016
"11246",31,"fgfr3",-0.0231302916938771,0.012248839713383,0.285431162031599
"11247",31,"letm1",-0.0281463737181972,0.209776997139476,0.984612275003837
"11248",31,"nsd2",0.0154161712931038,0.370423236373194,0.98487850369265
"11249",31,"jade1",0.0317351153948437,0.404685197596023,0.98487850369265
"11250",31,"asmt2",-0.000385819212686507,0.976863081188404,0.996208074900292
"11251",31,"pgrmc2",0.0253512680930141,0.362491472968179,0.98487850369265
"11252",31,"larp1b",-0.011907318572771,0.426847723958371,0.98487850369265
"11253",31,"LOC111569331",-0.0132148828535011,0.012248839713383,0.285431162031599
"11254",31,"LOC129347737",-0.00159655633335685,0.895106088567285,0.996208074900292
"11255",31,"cdca4",0.00866170240038489,0.00724791928431966,0.285431162031599
"11256",31,"si:dkey-177p2.6",0.00544117394322033,0.704785334943733,0.993489446331016
"11257",31,"LOC111569332",-0.00157786183321367,0.90008299141245,0.996208074900292
"11258",31,"LOC111586777",0.00759531609814399,0.623595775683452,0.993489446331016
"11259",31,"tnfaip2b",-0.000310864050245439,0.976863081188404,0.996208074900292
"11260",31,"vps29",-0.00793598176302793,0.648018773022117,0.993489446331016
"11261",31,"eif5",-0.0334703482667127,0.418719432390504,0.98487850369265
"11262",31,"mark3a",-0.0120208020207863,0.845284491653075,0.996208074900292
"11263",31,"ckba",-0.0408709249594708,0.0617634266110885,0.834815040190129
"11264",31,"trmt61a",-0.00770770215084673,0.698522879749083,0.993489446331016
"11265",31,"bag5",0.0130149309505265,0.512022098245101,0.98487850369265
"11266",31,"LOC111584787",0.00429322267396468,0.719309264449339,0.993489446331016
"11267",31,"klc1a",0.0157860951781931,0.758431689462483,0.996208074900292
"11268",31,"zfyve21",0.0369654734216654,0.250487342573915,0.984612275003837
"11269",31,"LOC111569174",0.0162183171652094,0.627850581492322,0.993489446331016
"11270",31,"LOC111569169",-0.0185316424831458,0.543599936445773,0.993489446331016
"11271",31,"LOC118469217",-0.00377825919110932,0.90477330820732,0.996208074900292
"11272",31,"LOC111584144",-0.00919270945278317,0.540298640401854,0.993489446331016
"11273",31,"esr2b",-0.00243645187563045,0.823232311379957,0.996208074900292
"11274",31,"syne2b",0.00699522434583068,0.237860114067142,0.984612275003837
"11275",31,"kcnh5b",-0.0482752650121089,0.130870304271141,0.984612275003837
"11276",31,"ppp2r5eb",-0.00392619546009956,0.886396322828689,0.996208074900292
"11277",31,"sgpp1b",0.00844361121473304,0.455035405089274,0.98487850369265
"11278",31,"syt16",-0.0209613432612621,0.42482509475779,0.98487850369265
"11279",31,"snapc1b",0.00110516158672445,0.933112135491347,0.996208074900292
"11280",31,"LOC111585866",0.0142416699851604,0.248428442113,0.984612275003837
"11281",31,"LOC111585872",0.0120285855384231,0.41472132809697,0.98487850369265
"11282",31,"LOC111585868",-0.0134075275714684,0.523185038623133,0.98487850369265
"11283",31,"LOC111585863",0.0241961276215553,0.126184754908651,0.984612275003837
"11284",31,"LOC111585864",0.0298548876070582,0.0689065470149683,0.87772023690268
"11285",31,"traf3",0.0109921451579885,0.281668223617108,0.984612275003837
"11286",31,"tecpr2",0.022984965376254,0.36531696001124,0.98487850369265
"11287",31,"znf839",0.00970556031247251,0.456623234382619,0.98487850369265
"11288",31,"cinp",0.0059537230328438,0.863962573079396,0.996208074900292
"11289",31,"sstr1a",0.0112626918828607,0.18425752108643,0.984612275003837
"11290",31,"clec14a",0.001060662434804,0.912042602221448,0.996208074900292
"11291",31,"LOC129347792",0.00618980061484393,0.417044296918588,0.98487850369265
"11292",31,"sec23a",0.000630098310084964,0.953914836774904,0.996208074900292
"11293",31,"srp54",0.00882259564076305,0.774689027513277,0.996208074900292
"11294",31,"lrrc57",0.0136431078639916,0.332021309630063,0.984612275003837
"11295",31,"mgaa",0.0119569367821046,0.54723208384018,0.993489446331016
"11296",31,"mapkbp1",-0.0291851999134544,0.15477222617501,0.984612275003837
"11297",31,"LOC111571114",-0.0228679056294984,0.337704315846269,0.984612275003837
"11298",31,"atg14",-0.000985656665473601,0.924130050943489,0.996208074900292
"11299",31,"fbxo34",-0.0179272363548636,0.244812511143597,0.984612275003837
"11300",31,"dact1",-0.0145001944154643,0.0302438132049293,0.569522759416624
"11301",31,"kiaa0586",-0.00898795635765264,0.658019122566127,0.993489446331016
"11302",31,"irf2bpl",-0.0315304957306197,0.148545651782186,0.984612275003837
"11303",31,"timm9",-0.0151844890433542,0.533754163864278,0.991522760302258
"11304",31,"arid4a",0.0243075642169318,0.206218345846457,0.984612275003837
"11305",31,"psma3",-0.00373135088222559,0.740970087446324,0.996208074900292
"11306",31,"snx6",0.000233378116318708,0.994332857042255,0.999475554994201
"11307",31,"cfl2",-0.0160575640380975,0.434758743013121,0.98487850369265
"11308",31,"baz1a",-0.00993409443274958,0.314685218689373,0.984612275003837
"11309",31,"zgc:109986",-0.0181730943428874,0.274111132146282,0.984612275003837
"11310",31,"LOC111568660",-0.0349333185065964,0.204417576822866,0.984612275003837
"11311",31,"mdga2a",0.080958879710398,0.105318579100211,0.984612275003837
"11312",31,"LOC129347720",0.0271415713960306,0.218043477650294,0.984612275003837
"11313",31,"LOC129347718",0.00892298465925429,0.340841700847866,0.984612275003837
"11314",31,"LOC129347714",0.00626431327642107,0.340841700847866,0.984612275003837
"11315",31,"heatr5a",0.026367676885603,0.0929744607069615,0.972275180017018
"11316",31,"LOC129347716",0.00632814928276687,0.421132720781523,0.98487850369265
"11317",31,"hectd1",0.0233913793680527,0.46871192191636,0.98487850369265
"11318",31,"ap4s1",-0.000267891541848369,0.976863081188404,0.996208074900292
"11319",31,"strn3",-0.0566977428524095,0.287862637595507,0.984612275003837
"11320",31,"LOC111581399",-0.0121771736547827,0.360698011543937,0.98487850369265
"11321",31,"scfd1",0.000856254954309221,0.971614705416504,0.996208074900292
"11322",31,"LOC129347757",-0.00762722795652772,0.307639323265208,0.984612275003837
"11323",31,"egln3",-0.00270987440578223,0.827497040260961,0.996208074900292
"11324",31,"sptssa",-0.00665742119176629,0.700144958696481,0.993489446331016
"11325",31,"eapp",0.00990010091545243,0.524188473119959,0.98487850369265
"11326",31,"foxg1a",0.00943025376697194,0.285386056948717,0.984612275003837
"11327",31,"akap6",-0.00711760471460632,0.767903645945835,0.996208074900292
"11328",31,"LOC111587344",0.0361121717990218,0.372129751967263,0.98487850369265
"11329",31,"eps8a",0.00950824588755536,0.340841700847865,0.984612275003837
"11330",31,"dusp16",-0.00713468663157956,0.803452440321729,0.996208074900292
"11331",31,"gpr19",-0.0117084194856175,0.384980538575284,0.98487850369265
"11332",31,"crebl2",-0.000944940149416683,0.950156744084799,0.996208074900292
"11333",31,"tbk1",0.0179081392715756,0.68414277041454,0.993489446331016
"11334",31,"lrp6",0.012382921168843,0.462047078642775,0.98487850369265
"11335",31,"mansc1",0.0103361227823751,0.561153735688941,0.993489446331016
"11336",31,"c21h11orf98",-0.0115444355720238,0.169215859265765,0.984612275003837
"11337",31,"rpl18a",0.0214618932622598,0.056940025856421,0.805258778015779
"11338",31,"xpot",0.0102344665280609,0.340841700847866,0.984612275003837
"11339",31,"rtcb",-0.0427481813276428,0.00932828854621619,0.285431162031599
"11340",31,"fbxo7",-0.00159655633335685,0.895106088567285,0.996208074900292
"11341",31,"kiaa0930",0.00932850103505398,0.459843669050166,0.98487850369265
"11342",31,"nup50",0.0035519687044063,0.757396185506283,0.996208074900292
"11343",31,"phf21b",0.0361106604352568,0.17912597465355,0.984612275003837
"11344",31,"LOC111571019",0.0112803592686211,0.41390248530165,0.98487850369265
"11345",31,"kcna1b",-0.0168118589327277,0.64676417834443,0.993489446331016
"11346",31,"LOC111571319",0.0288745459314964,0.707088813851945,0.993489446331016
"11347",31,"gcc1",-0.000310864050245439,0.976863081188404,0.996208074900292
"11348",31,"LOC111570863",0.00536849013490796,0.717425946322772,0.993489446331016
"11349",31,"lamtor4",-0.0203432715377182,0.193845076582238,0.984612275003837
"11350",31,"atp6v1f",-0.00835692779484363,0.620233652907988,0.993489446331016
"11351",31,"si:dkeyp-27e10.3",0.022792952358505,0.408239557898881,0.98487850369265
"11352",31,"ovch1",-0.033144152215684,0.0304904424955213,0.571784950131655
"11353",31,"ing3",0.0366340274697974,0.256677188185161,0.984612275003837
"11354",31,"wnt16",0.00487758789122513,0.762856020773517,0.996208074900292
"11355",31,"LOC129347909",0.0104729520438932,0.340841700847866,0.984612275003837
"11356",31,"LOC111562829",0.0147965733490433,0.706784753053176,0.993489446331016
"11357",31,"LOC111586897",-0.0270366748989665,0.425646876813885,0.98487850369265
"11358",31,"LOC111585313",0.0146693246284964,0.520697664169868,0.98487850369265
"11359",31,"cradd",0.000430970326237889,0.980561429902903,0.99678337426189
"11360",31,"ptpro",0.0429572508542281,0.380564580594568,0.98487850369265
"11361",31,"dennd6b",0.0062283288484861,0.764280978574396,0.996208074900292
"11362",31,"tnpo3",0.0102694378207038,0.64251313348102,0.993489446331016
"11363",31,"calua",0.0200073849148521,0.156032208784952,0.984612275003837
"11364",31,"LOC111586091",0.00654834796991849,0.844971351901081,0.996208074900292
"11365",31,"ptprb",-0.00387462605536639,0.764177094463553,0.996208074900292
"11366",31,"ptprr",-0.0119195461504342,0.815403361522245,0.996208074900292
"11367",31,"LOC111563451",-0.0174211558993716,0.067027496491351,0.872264865210792
"11368",31,"rab21",-0.0171565031982348,0.573142639809932,0.993489446331016
"11369",31,"cct2",-0.0205314990816861,0.263643563699454,0.984612275003837
"11370",31,"LOC111583813",0.00755020169058079,0.524188473119959,0.98487850369265
"11371",31,"dyrk2",0.0182831228191242,0.597585628905047,0.993489446331016
"11372",31,"mdm1",-0.00817196686604159,0.228776070648441,0.984612275003837
"11373",31,"LOC111586839",0.00673956644493948,0.568823148687984,0.993489446331016
"11374",31,"cand1",-0.0083834067320949,0.783367901866655,0.996208074900292
"11375",31,"grip1",0.0492867472303413,0.0296130199325396,0.559464074783318
"11376",31,"LOC118470263",-0.00467854196487885,0.797790081542732,0.996208074900292
"11377",31,"LOC111568283",0.0192116111906286,0.208884411608094,0.984612275003837
"11378",31,"rassf3",0.041961375692153,0.412192331615529,0.98487850369265
"11379",31,"LOC111585385",0.0112112626127446,0.763278754417766,0.996208074900292
"11380",31,"dgki",-0.000860536430057063,0.987656365066424,0.997768622092385
"11381",31,"LOC129347928",0.00697683070151568,0.524188473119959,0.98487850369265
"11382",31,"eri1",0.0100989980595647,0.331668074002609,0.984612275003837
"11383",31,"tmcc3",0.00243380097804781,0.929744702029213,0.996208074900292
"11384",31,"ndufa12",-0.0218658082910953,0.171442939670556,0.984612275003837
"11385",31,"vezt",0.0282813102681527,0.275643812277762,0.984612275003837
"11386",31,"LOC111571104",0.0115274229343645,0.554186739651414,0.993489446331016
"11387",31,"usp44",0.0101119616048598,0.335002009157891,0.984612275003837
"11388",31,"ntn4",0.010316397643508,0.554926587009798,0.993489446331016
"11389",31,"snrpf",-0.00640648084507903,0.60871894828899,0.993489446331016
"11390",31,"LOC129347828",0.00720349205008287,0.40823668102734,0.98487850369265
"11391",31,"LOC111580671",-0.0537059821586435,0.0140768950821325,0.320544578721846
"11392",31,"nrip2",0.00992823542739228,0.844589672992112,0.996208074900292
"11393",31,"itfg2",-0.00204057995199585,0.895106088567285,0.996208074900292
"11394",31,"nup37",-0.0157448154873634,0.479690279536814,0.98487850369265
"11395",31,"LOC111568766",0.0117931756672155,0.454990045866643,0.98487850369265
"11396",31,"LOC111568768",-0.00624475607013481,0.726165116398909,0.996208074900292
"11397",31,"LOC111585036",0.0403415120979984,0.704909382067394,0.993489446331016
"11398",31,"syt10",0.0103870038564158,0.719309264449339,0.993489446331016
"11399",31,"LOC111588309",0.0063578934938849,0.524188473119959,0.98487850369265
"11400",31,"LOC111570884",0.000691472794131064,0.973896729119917,0.996208074900292
"11401",31,"syt1a",0.0203408372994917,0.632647545950173,0.993489446331016
"11402",31,"LOC129347921",-0.011271114925085,0.513627995753172,0.98487850369265
"11403",31,"ppp1r12a",0.067885186630325,0.176613994069441,0.984612275003837
"11404",31,"rps16",-0.0171486595880702,0.583366279014268,0.993489446331016
"11405",31,"lin7a",-0.0578095038252302,0.0434462656245833,0.70780375348875
"11406",31,"LOC129347907",-0.000321088283375322,0.976863081188404,0.996208074900292
"11407",31,"ppfia2",-0.0088043922322752,0.877904265686351,0.996208074900292
"11408",31,"LOC111564809",0.0157021106862079,0.198754493414935,0.984612275003837
"11409",31,"ptn",0.0121593651419377,0.528767519078142,0.988671601424753
"11410",31,"chrm2a",0.0374224282668163,0.534181309107267,0.991846587216783
"11411",31,"mtpn",0.00489707197847549,0.846750272030328,0.996208074900292
"11412",31,"sema3c",0.0063860785295063,0.340841700847866,0.984612275003837
"11413",31,"gnai1",-0.0510730342485751,0.0382602682288205,0.656102220014814
"11414",31,"magi2a",-0.0451802075567038,0.342431600243719,0.984612275003837
"11415",31,"si:dkey-97m3.1",0.0231691849686257,0.50492167166947,0.98487850369265
"11416",31,"LOC111569069",-0.00144861258977293,0.892262967713613,0.996208074900292
"11417",31,"kdm7aa",0.00899786289312265,0.628116674621758,0.993489446331016
"11418",31,"ndufb2",0.0362369287302337,0.0558039258409567,0.799297087727181
"11419",31,"kmt2e",0.0316516462206251,0.0683970460031719,0.874521887661703
"11420",31,"lhfpl3",0.0279464605542362,0.474939846001534,0.98487850369265
"11421",31,"LOC118470341",0.00624343530707252,0.628930888407315,0.993489446331016
"11422",31,"orc5",0.0103425806650856,0.524188473119959,0.98487850369265
"11423",31,"golgb1",0.0134552840050154,0.453693843255691,0.98487850369265
"11424",31,"tigarb",0.00273634814536256,0.833542433954848,0.996208074900292
"11425",31,"ada2b",0.0060570075178283,0.611297859683214,0.993489446331016
"11426",31,"atp6v1e1b",-0.0216193707005788,0.560431121315399,0.993489446331016
"11427",31,"mrpl42",0.00298333849782732,0.719309264449339,0.993489446331016
"11428",31,"pwp1",-0.0494056742005833,0.0165518064859576,0.368383145908972
"11429",31,"ano6",0.00363598865519542,0.719309264449339,0.993489446331016
"11430",31,"LOC111581865",0.00208810923032144,0.719309264449339,0.993489446331016
"11431",31,"LOC111581859",-0.0120598314050113,0.294490245331676,0.984612275003837
"11432",31,"si:dkey-14d8.1",0.00943634442644715,0.340841700847866,0.984612275003837
"11433",31,"LOC111581874",0.0112830925025633,0.740167661708593,0.996208074900292
"11434",31,"waslb",0.0885960893813002,0.0310093314061126,0.576263310378128
"11435",31,"tmem229a",0.0102344665280609,0.340841700847866,0.984612275003837
"11436",31,"gpr37b",0.0281261508791437,0.601363324100217,0.993489446331016
"11437",31,"grm8a",0.0016097645020177,0.977868206207013,0.996452700582568
"11438",31,"znf800b",-0.0129024127715097,0.581085416736528,0.993489446331016
"11439",31,"atxn7l1",-0.01389626901179,0.227162889990165,0.984612275003837
"11440",31,"ccdc146",0.0154068311950732,0.340841700847865,0.984612275003837
"11441",31,"fgl2a",-0.00763605958398507,0.648063274706964,0.993489446331016
"11442",31,"gsap",0.0121574205263211,0.256602236123283,0.984612275003837
"11443",31,"nampt1",-0.0113764071496053,0.219693398150996,0.984612275003837
"11444",31,"LOC111579804",-0.0292748595548313,0.312779260952402,0.984612275003837
"11445",31,"prickle1b",-0.012325350721389,0.17241713848169,0.984612275003837
"11446",31,"pphln1",0.00387495607863416,0.81740426860424,0.996208074900292
"11447",31,"yaf2",0.0174129072780212,0.230794979076286,0.984612275003837
"11448",31,"LOC129347860",0.0183376409766583,0.221618997951438,0.984612275003837
"11449",31,"pdzrn4",-0.0950397354624375,0.188194250725523,0.984612275003837
"11450",31,"cntn1b",0.000678694920307792,0.974452949913256,0.996208074900292
"11451",31,"nrcama",-0.00755106333649415,0.889242939178394,0.996208074900292
"11452",31,"pnpla8",-0.0079473079855015,0.789995550665432,0.996208074900292
"11453",31,"LOC111563385",-0.010092715495452,0.132645571428573,0.984612275003837
"11454",31,"LOC129347867",-0.114137151350276,0.0146001018310197,0.330875452626308
"11455",31,"tfec",-0.0117635481714551,0.505053488850462,0.98487850369265
"11456",31,"foxp2",-0.103666959588394,0.105056294345795,0.984612275003837
"11457",31,"gpr85",-0.0376821893137209,0.263711170272961,0.984612275003837
"11458",31,"tmem168a",0.00815190899562709,0.340841700847866,0.984612275003837
"11459",31,"ifrd1",0.00347228621367366,0.847262697830061,0.996208074900292
"11460",31,"dock4b",0.00319472389318541,0.914170579765821,0.996208074900292
"11461",31,"LOC111563662",0.0468565193832619,0.350019294490373,0.98487850369265
"11462",31,"cald1a",0.00579517134511974,0.833700623218716,0.996208074900292
"11463",31,"LOC129347881",-0.000310864050245439,0.976863081188404,0.996208074900292
"11464",31,"LOC129347868",0.00328500049896534,0.815372004648606,0.996208074900292
"11465",31,"tnnt2e",0.00272860597894237,0.775904515705501,0.996208074900292
"11466",31,"LOC111566670",0.00963711807032716,0.51864288691508,0.98487850369265
"11467",31,"stmp1",0.00211926344189856,0.872948783625874,0.996208074900292
"11468",31,"LOC111566668",0.00344544056805819,0.854761668951278,0.996208074900292
"11469",31,"dhx57",-0.00387399756685673,0.638085224226521,0.993489446331016
"11470",31,"strip2",-0.00724171281105229,0.741233314511652,0.996208074900292
"11471",31,"ahcyl2b",-0.00982041570769419,0.789134044587048,0.996208074900292
"11472",31,"tmem209",-0.00239747009483404,0.931369652197704,0.996208074900292
"11473",31,"prdm4",0.00865630825684872,0.549784950443085,0.993489446331016
"11474",31,"slc37a3",0.00688007387222401,0.568170592897549,0.993489446331016
"11475",31,"cdkn1ba",-0.0174822925192884,0.076834811866515,0.916387702187844
"11476",31,"LOC129347902",-0.0499635061265321,0.10871826311593,0.984612275003837
"11477",31,"wnt7ba",0.0063860785295063,0.340841700847866,0.984612275003837
"11478",31,"trim24",-0.0209183318283243,0.148655294913957,0.984612275003837
"11479",31,"kdm5a",-0.000750764189207213,0.974109049789372,0.996208074900292
"11480",31,"LOC111573181",-0.0226919250957567,0.20751353211711,0.984612275003837
"11481",31,"LOC129347926",-0.000385819212686507,0.976863081188404,0.996208074900292
"11482",31,"LOC111565698",0.0169933626731408,0.606290067931549,0.993489446331016
"11483",31,"LOC118469994",0.00599124378204718,0.524188473119959,0.98487850369265
"11484",31,"pim3",0.0104057144637836,0.418001820591068,0.98487850369265
"11485",31,"creld2",0.00755020169058079,0.524188473119959,0.98487850369265
"11486",31,"alg12",-0.00121910851020826,0.94112216578565,0.996208074900292
"11487",31,"brd1a",0.019052525665306,0.532600289001145,0.991194976857661
"11488",31,"LOC111565695",0.0939609950963456,0.302483299390844,0.984612275003837
"11489",31,"LOC129347886",-0.0161984077091706,0.012248839713383,0.285431162031599
"11490",31,"tbc1d22a",-0.0167608978489277,0.660723642168016,0.993489446331016
"11491",31,"cerk",0.00363598865519542,0.719309264449339,0.993489446331016
"11492",31,"gramd4a",-0.0127689322048219,0.333480097380784,0.984612275003837
"11493",31,"LOC129347839",0.00363598865519542,0.719309264449339,0.993489446331016
"11494",31,"celsr1a",0.0109192275806054,0.340841700847866,0.984612275003837
"11495",31,"trmu",0.0133908263499282,0.257923145025502,0.984612275003837
"11496",31,"LOC111582993",0.00869880976976555,0.541170003267085,0.993489446331016
"11497",31,"arl1",-0.00630452171718745,0.73279767813165,0.996208074900292
"11498",31,"utp20",-0.0067838218624178,0.53171427694632,0.99045876131142
"11499",31,"sox5",0.0469109472223749,0.394190588065588,0.98487850369265
"11500",31,"etnk1",0.0714663980743013,0.189476781614366,0.984612275003837
"11501",31,"pyroxd1",0.00670797267150849,0.486466981638439,0.98487850369265
"11502",31,"LOC111581169",0.00228439630429426,0.877898758212942,0.996208074900292
"11503",31,"LOC111570178",-0.0205880446465243,0.305816148231583,0.984612275003837
"11504",31,"LOC111570177",0.0118713030108139,0.347826496627042,0.98487850369265
"11505",31,"LOC111570176",0.0156208403019965,0.652528657774786,0.993489446331016
"11506",31,"LOC111589158",-0.0111157619490659,0.763094223062377,0.996208074900292
"11507",31,"alg10",0.0105075653226387,0.366555239055867,0.98487850369265
"11508",31,"gnptab",-0.011200029102731,0.275483556739362,0.984612275003837
"11509",31,"mcat",0.00815190899562709,0.340841700847866,0.984612275003837
"11510",31,"ttll1",0.00371088876116974,0.868201429569684,0.996208074900292
"11511",31,"arfgap3",0.00668735007082547,0.433464868233609,0.98487850369265
"11512",31,"bltp3b",-0.0127691891274828,0.451424787887505,0.98487850369265
"11513",31,"anks1b",-0.0376188428140322,0.609503414667006,0.993489446331016
"11514",31,"apaf1",0.00844903082549108,0.475122420501604,0.98487850369265
"11515",31,"tcp11l2",0.0182891832463201,0.103598416539475,0.984612275003837
"11516",31,"scyl2",0.0269673305560069,0.118928446545229,0.984612275003837
"11517",31,"dcn",0.00697683070151568,0.524188473119959,0.98487850369265
"11518",31,"btg1",0.017772311529376,0.682533307716276,0.993489446331016
"11519",31,"fam3c",0.00346198865894611,0.905725437162717,0.996208074900292
"11520",31,"impdh1b",0.0249780247213201,0.534142401379038,0.991846587216783
"11521",31,"prrt4b",-0.0150257535761503,0.378644279578123,0.98487850369265
"11522",31,"LOC111578152",0.00113992504448189,0.932093928701851,0.996208074900292
"11523",31,"LOC129347932",0.00398752839816957,0.669989663388036,0.993489446331016
"11524",31,"snd1",0.0196690091307319,0.57100707856508,0.993489446331016
"11525",31,"lrrc4.1",0.0694726005065713,0.287047665988987,0.984612275003837
"11526",31,"cacna2d1a",-0.0180667099277337,0.285895956070622,0.984612275003837
"11527",31,"pcloa",-0.00923988066251656,0.85830605427618,0.996208074900292
"11528",31,"sema3aa",-0.0391607689847757,0.012248839713383,0.285431162031599
"11529",31,"LOC111571506",0.0030418224469933,0.934413034753487,0.996208074900292
"11530",31,"mettl25",0.0063578934938849,0.524188473119959,0.98487850369265
"11531",31,"tmtc2a",0.0651551833130682,0.43452772678588,0.98487850369265
"11532",31,"iqsec3a",-0.0100637510240577,0.90935404127126,0.996208074900292
"11533",31,"st8sia1",0.000806320789448423,0.983676953394291,0.996956250321918
"11534",31,"atp2b1a",-0.0279070697977068,0.374233802608566,0.98487850369265
"11535",31,"mest",0.0174506698829492,0.241287321023901,0.984612275003837
"11536",31,"copg2",0.00521973341686909,0.779763376828666,0.996208074900292
"11537",31,"lrguk",0.00731088253018603,0.435101360579075,0.98487850369265
"11538",31,"exoc4",0.0280169769627527,0.450434960229741,0.98487850369265
"11539",31,"chchd3a",0.0495786829032381,0.0938092545875681,0.972275180017018
"11540",31,"plxna4",-0.0130344959833909,0.834798968433434,0.996208074900292
"11541",31,"nrf1",-0.000565616601955134,0.971708977117534,0.996208074900292
"11542",31,"ube2h",-0.0276227818554928,0.334948518675641,0.984612275003837
"11543",31,"zc3hc1",-0.0135425755138219,0.176607814351387,0.984612275003837
"11544",31,"klhdc10",0.00901035241712014,0.571343271105296,0.993489446331016
"11545",31,"LOC111571442",-0.000385819212686507,0.976863081188404,0.996208074900292
"11546",31,"cacna1c",-0.0303137839445532,0.579507698319457,0.993489446331016
"11547",31,"dcp1b",-0.00717929599371904,0.583342192956607,0.993489446331016
"11548",31,"cacna2d4a",-0.0544871723160176,0.255209949645328,0.984612275003837
"11549",31,"lrtm2a",0.0207821261111221,0.597441526603161,0.993489446331016
"11550",31,"cpsf6",-0.0109837362211573,0.746050560989954,0.996208074900292
"11551",31,"yeats4",0.0119063231570816,0.266507598508647,0.984612275003837
"11552",31,"napepld",0.00907424092642594,0.340841700847866,0.984612275003837
"11553",31,"LOC111571452",-0.0161984077091706,0.012248839713383,0.285431162031599
"11554",31,"wnk1b",-0.0463132299552884,0.470054166772338,0.98487850369265
"11555",31,"LOC111575146",-0.0264425380586864,0.508328649375672,0.98487850369265
"11556",31,"fbxl14b",0.0162313320719604,0.273145957305951,0.984612275003837
"11557",31,"adipor2",0.00920088845846561,0.709319845473658,0.993489446331016
"11558",31,"LOC111565830",-0.00174747989259007,0.9439811388162,0.996208074900292
"11559",31,"LOC111565842",-0.0363675688095339,0.103306606833704,0.984612275003837
"11560",31,"LOC111565837",0.000101248811530473,0.997003757210435,0.999816729949705
"11561",31,"ptpn12",0.0147247928054504,0.348028917756271,0.98487850369265
"11562",31,"zgc:113263",0.0174974319813977,0.517100556818752,0.98487850369265
"11563",31,"LOC118470016",-0.00540160595674495,0.541816685820402,0.993489446331016
"11564",31,"rassf8b",0.0105876299271411,0.546529337753461,0.993489446331016
"11565",31,"LOC111565840",-0.0223523317502903,0.357355144554195,0.98487850369265
"11566",31,"LOC111565827",-0.0449324880068833,0.0585232039898831,0.81684128136913
"11567",31,"LOC111565833",-0.0037066369659457,0.752557725868503,0.996208074900292
"11568",31,"mapk11",0.0199672369108957,0.239194375962366,0.984612275003837
"11569",31,"atp23",-0.00661275999148031,0.534841559795522,0.992149068677901
"11570",31,"LOC111565841",-0.0221956507584043,0.356501377543106,0.98487850369265
"11571",31,"dennd5b",-0.0202862767752128,0.456976196744358,0.98487850369265
"11572",31,"LOC111565832",0.0124611952694739,0.379007884955906,0.98487850369265
"11573",31,"caprin2",-0.00283549847814868,0.82526198199592,0.996208074900292
"11574",31,"LOC111565839",0.0023687257980557,0.855994085903933,0.996208074900292
"11575",31,"LOC129347898",-0.0125624190539752,0.273203918716823,0.984612275003837
"11576",31,"tmtc1",0.0467303162506081,0.460941016995566,0.98487850369265
"11577",31,"LOC118471353",0.0241534730035972,0.182111499871484,0.984612275003837
"11578",31,"ipo8",0.0175499751755442,0.290220601999916,0.984612275003837
"11579",31,"cog5",0.0542396929989717,0.086359827192406,0.956595426076849
"11580",31,"LOC111579261",0.00682381785618973,0.715236965731126,0.993489446331016
"11581",31,"ndufa5",0.0131556083804161,0.584045896146654,0.993489446331016
"11582",31,"aebp2",0.0120302439998017,0.0874217519609523,0.963366677322281
"11583",31,"LOC111563581",0.00441129214851045,0.90056943499162,0.996208074900292
"11584",31,"LOC111582373",0.0063578934938849,0.524188473119959,0.98487850369265
"11585",31,"LOC118471687",0.0235889276557507,0.246175590070371,0.984612275003837
"11586",31,"recql",0.0174923356929028,0.426809917909989,0.98487850369265
"11587",31,"golt1ba",0.0146099796670021,0.453407759805478,0.98487850369265
"11588",31,"ldhba",-0.0259828427677824,0.610224670792693,0.993489446331016
"11589",31,"slc25a3a",0.00516291039153931,0.734621824277071,0.996208074900292
"11590",31,"tmpoa",-0.038982781689184,0.027503633270572,0.536249706260672
"11591",31,"strap",0.0187535079163861,0.659694199602178,0.993489446331016
"11592",31,"LOC111573495",-0.0017815224993934,0.972828852408786,0.996208074900292
"11593",31,"large1",0.0256377794685598,0.37384928487,0.98487850369265
"11594",31,"braf",-0.0251176015194222,0.4474478065059,0.98487850369265
"11595",31,"mrps33",0.00456089695871903,0.754526969519638,0.996208074900292
"11596",31,"tmem178bb",0.0918916954599832,0.0458942754593262,0.727671039946573
"11597",31,"mkrn1",3.12428411778392e-05,0.998995089527901,0.999859294605512
"11598",31,"tmem121b",0.00399514765121339,0.809675478430793,0.996208074900292
"11599",31,"il17ra1a",-0.000310864050245439,0.976863081188404,0.996208074900292
"11600",31,"lmo3",0.00604499411941128,0.523267931096585,0.98487850369265
"11601",31,"msrb3",-0.00600449703252902,0.730619690805794,0.996208074900292
"11602",31,"lemd3",-0.00657973915153487,0.623672797583724,0.993489446331016
"11603",31,"tmbim4",-0.0364404910988325,0.0512634769246939,0.776213267736438
"11604",31,"b2m",-0.0341109330063908,0.0764874236507589,0.916387702187844
"11605",31,"cbll1",0.0089327043109904,0.264944467200395,0.984612275003837
"11606",31,"ppp6r2a",0.0177495402407399,0.234350928286942,0.984612275003837
"11607",31,"sbf1",0.024601164448571,0.363146673875609,0.98487850369265
"11608",31,"glt8d2",-0.00174304275395688,0.895106088567285,0.996208074900292
"11609",31,"gdi2",-0.0110870739609024,0.356525413485986,0.98487850369265
"11610",31,"LOC129347885",0.002208310833505,0.92492545331182,0.996208074900292
"11611",31,"asb13a.1",-0.0235438700505712,0.0328990705316324,0.596976667749201
"11612",31,"asb13a.2",-0.00822294486107669,0.445243456944015,0.98487850369265
"11613",31,"LOC129347856",0.00358580531345942,0.719309264449339,0.993489446331016
"11614",31,"net1",0.00490777634326802,0.719309264449339,0.993489446331016
"11615",31,"mkln1",0.0254340682505753,0.318154766702076,0.984612275003837
"11616",31,"podxl",0.00945475762669632,0.340841700847866,0.984612275003837
"11617",31,"nfyba",0.0078648018120989,0.583313911093712,0.993489446331016
"11618",31,"chst11",-0.0398332183174948,0.0346344735556037,0.619121845020985
"11619",31,"slc41a2b",0.00866453475984927,0.611406319631341,0.993489446331016
"11620",31,"aldh1l2",-0.0179521081434373,0.163278959785481,0.984612275003837
"11621",31,"samm50l",0.00600025931681979,0.658931664514708,0.993489446331016
"11622",31,"scube1",-0.00615368257468304,0.793414156989207,0.996208074900292
"11623",31,"mpped1",0.0172258005007157,0.195011592868876,0.984612275003837
"11624",31,"sult4a1",-0.0256276712986385,0.28696998874125,0.984612275003837
"11625",31,"LOC111564073",-0.00686019620933783,0.654018513374069,0.993489446331016
"11626",31,"hcfc2",-0.00474069509367333,0.607210755517884,0.993489446331016
"11627",31,"cdk17",-0.0121344597469859,0.719592974643886,0.993565025377517
"11628",31,"phyh",-0.00235286535749892,0.856443362805419,0.996208074900292
"11629",31,"ucmaa",0.00815190899562709,0.340841700847866,0.984612275003837
"11630",31,"LOC129347836",-0.0257211803229045,0.096050146890293,0.974963766271218
"11631",31,"optn",-0.000329071011677992,0.976863081188404,0.996208074900292
"11632",31,"camk1da",-0.00804831160155722,0.71803423427232,0.993489446331016
"11633",31,"cdc123",0.0108498876892973,0.524188473119959,0.98487850369265
"11634",31,"nudt5",0.00241324046499448,0.844680254782479,0.996208074900292
"11635",31,"rbm17",-0.0251556001935202,0.0122488397133829,0.285431162031599
"11636",31,"ano2b",-0.00153565675829535,0.895106088567285,0.996208074900292
"11637",31,"ptprz1b",0.0140717986132763,0.754750544569671,0.996208074900292
"11638",31,"LOC111578541",0.00708648783676106,0.407575238194263,0.98487850369265
"11639",31,"zgc:162331",0.00553023804859322,0.75315888157851,0.996208074900292
"11640",31,"LOC129347873",0.00874246696576765,0.524188473119959,0.98487850369265
"11641",31,"LOC111578553",-0.0101414514201908,0.500343646378827,0.98487850369265
"11642",31,"med21",0.00911858909262176,0.448193241202819,0.98487850369265
"11643",31,"tm7sf3",0.00710685452924975,0.242200783754957,0.984612275003837
"11644",31,"LOC111578540",0.00363598865519542,0.719309264449339,0.993489446331016
"11645",31,"arid2",0.0136005497805002,0.259646050567867,0.984612275003837
"11646",31,"scaf11",0.0168045937205564,0.508247501785364,0.98487850369265
"11647",31,"slc38a2",-0.0433987949108455,0.48340408939838,0.98487850369265
"11648",31,"slc38a4",0.0026893614747314,0.818883934956012,0.996208074900292
"11649",31,"LOC111585575",-0.00414841952137321,0.789130390513402,0.996208074900292
"11650",31,"LOC111580605",0.0465620615273388,0.363556767139609,0.98487850369265
"11651",31,"LOC111580603",0.0106854375262436,0.524188473119959,0.98487850369265
"11652",31,"apex1",-0.0102872864045452,0.642181353124251,0.993489446331016
"11653",31,"osgep",0.00950824588755536,0.340841700847865,0.984612275003837
"11654",31,"LOC118471491",0.0065757198874064,0.436352656070277,0.98487850369265
"11655",31,"nav3",0.0453462381536919,0.349084384683373,0.98487850369265
"11656",31,"zdhhc17",-0.0158669969818505,0.677241738954806,0.993489446331016
"11657",31,"LOC111576900",0.00644709190727564,0.76615659891051,0.996208074900292
"11658",31,"osbpl8",0.00172403173918352,0.926892212315309,0.996208074900292
"11659",31,"nap1l1",0.00733339346809355,0.765474193340328,0.996208074900292
"11660",31,"phlda1",0.0063860785295063,0.340841700847866,0.984612275003837
"11661",31,"krr1",-0.0275015314663737,0.0537152993882074,0.78843311611345
"11662",31,"glipr1a",0.0130218783675845,0.278815352665077,0.984612275003837
"11663",31,"ccdc107",-0.0180197474609724,0.452381331591463,0.98487850369265
"11664",31,"kcnc2",0.060769955548475,0.259676009180282,0.984612275003837
"11665",31,"phax",0.00896697617604584,0.294858160192688,0.984612275003837
"11666",31,"dnajc2",-0.0102125468180374,0.478353152577547,0.98487850369265
"11667",31,"psmc2",-0.000321088283375322,0.976863081188404,0.996208074900292
"11668",31,"slc26a5",-0.00648103034620688,0.390564804880399,0.98487850369265
"11669",31,"LOC111574051",0.00677703343696522,0.612511051839246,0.993489446331016
"11670",31,"LOC118470875",0.0102443236692303,0.254880015674385,0.984612275003837
"11671",31,"LOC111571736",0.0808333440383977,0.09635712076225,0.974963766271218
"11672",31,"dmtf1",0.0177913621825646,0.453239797910262,0.98487850369265
"11673",31,"tmem243b",0.00956600287917955,0.593285230502903,0.993489446331016
"11674",31,"cwf19l1",-0.00114445100883925,0.895106088567285,0.996208074900292
"11675",31,"LOC111578677",0.00358580531345942,0.719309264449339,0.993489446331016
"11676",31,"LOC111579129",-0.0203287739144969,0.561044285912685,0.993489446331016
"11677",31,"kics2",-0.00159411388760372,0.895106088567285,0.996208074900292
"11678",31,"tmem19",0.0130436157161136,0.547143853299436,0.993489446331016
"11679",31,"rab3ip",-0.0179975339841514,0.542699348156416,0.993489446331016
"11680",31,"upf2",0.0557455638039779,0.262509320864575,0.984612275003837
"11681",31,"nup107",0.00578266287980872,0.652383199217526,0.993489446331016
"11682",31,"mdm2",0.00442939827737101,0.715928793101591,0.993489446331016
"11683",31,"LOC129347936",-0.0036714948760101,0.85824323809711,0.996208074900292
"11684",31,"LOC111581796",0.0485233645555902,0.480893805692298,0.98487850369265
"11685",31,"LOC111581792",0.00599124378204718,0.524188473119959,0.98487850369265
"11686",31,"LOC129347884",0.0209401721127756,0.326980793524704,0.984612275003837
"11687",31,"abcc9",-0.00169906927557217,0.973840899209515,0.996208074900292
"11688",31,"echdc3",0.00137176792274719,0.934737196763932,0.996208074900292
"11689",31,"LOC129347922",0.0149617384952993,0.427668126577467,0.98487850369265
"11690",31,"lrig3",-0.004363179352675,0.734104060041164,0.996208074900292
"11691",31,"zgc:165507",0.0045114108112559,0.913619044334084,0.996208074900292
"11692",31,"LOC111588392",-0.0212847461725735,0.287724515217837,0.984612275003837
"11693",31,"etv6",-0.00674365008247433,0.588262151140813,0.993489446331016
"11694",31,"LOC111587810",-0.00644086555675015,0.742812303046941,0.996208074900292
"11695",31,"LOC111583098",0.010602422540002,0.555150937198708,0.993489446331016
"11696",31,"LOC111583100",0.00803921022558703,0.340841700847865,0.984612275003837
"11697",31,"rerg",-0.000919012385821809,0.982569042277476,0.996956250321918
"11698",31,"LOC129347869",0.0125485802970204,0.524188473119959,0.98487850369265
"11699",31,"gnsa",0.0125554334892207,0.596946679168673,0.993489446331016
"11700",31,"tbc1d30",0.00981144623167098,0.766343738337829,0.996208074900292
"11701",31,"prkcq",-0.0274452575023291,0.012248839713383,0.285431162031599
"11702",31,"sfmbt2",0.0411603962423479,0.289459801557468,0.984612275003837
"11703",31,"tmem110l",0.00599124378204718,0.524188473119959,0.98487850369265
"11704",31,"kin",0.00363598865519542,0.719309264449339,0.993489446331016
"11705",31,"atp5f1c",-0.0209454918937494,0.558550584827285,0.993489446331016
"11706",31,"gata3",-0.0199520316366186,0.338195362761924,0.984612275003837
"11707",31,"celf2",0.0249809917487443,0.616306027445321,0.993489446331016
"11708",31,"usp6nl",-0.0466480724315444,0.140606434680589,0.984612275003837
"11709",31,"LOC118470654",-0.0591251289743114,0.00827085164955146,0.285431162031599
"11710",31,"LOC111587990",-0.0125019825696314,0.719321148003827,0.993489446331016
"11711",31,"vstm2a",-0.0217040002163849,0.564302820622217,0.993489446331016
"11712",31,"zcchc2",0.00830067466274896,0.615821001384968,0.993489446331016
"11713",31,"ift74",0.00596116621810305,0.415514246726167,0.98487850369265
"11714",31,"trdmt1",0.00430082368198185,0.730131722243476,0.996208074900292
"11715",31,"rsu1",0.00690796583725524,0.825023333578673,0.996208074900292
"11716",31,"abcd3a",-0.0226612406213537,0.108142307892983,0.984612275003837
"11717",31,"f3a",-0.0116472710547578,0.367668621275112,0.98487850369265
"11718",31,"alg14",0.00626431327642107,0.340841700847866,0.984612275003837
"11719",31,"steap2",-0.00939301648202102,0.567698346293168,0.993489446331016
"11720",31,"plag1",-0.00153565675829535,0.895106088567285,0.996208074900292
"11721",31,"chchd7",-0.000605251262312012,0.937557533852671,0.996208074900292
"11722",31,"arhgef4",-0.0248302999875998,0.486910419207103,0.98487850369265
"11723",31,"palmdb",-0.0157309750892842,0.735856235952024,0.996208074900292
"11724",31,"LOC129347949",-0.0316126097778855,0.036932280858385,0.643886568615183
"11725",31,"LOC111572278",0.0505078802756417,0.389118087718014,0.98487850369265
"11726",31,"plppr5b",-0.01778390947202,0.572159068692031,0.993489446331016
"11727",31,"ptbp2a",0.0259332464636304,0.116651383347537,0.984612275003837
"11728",31,"LOC111569575",0.0301604762605608,0.223688640688939,0.984612275003837
"11729",31,"reck",-0.0301351398146209,0.0740234169793083,0.908591954326234
"11730",31,"tgfbr1b",0.045593859741329,0.0451141452774735,0.717074524751119
"11731",31,"lancl2",-0.00301029053011429,0.900002935078904,0.996208074900292
"11732",31,"vopp1b",0.0117949723745385,0.589121723263382,0.993489446331016
"11733",31,"LOC111579340",0.00626431327642107,0.340841700847866,0.984612275003837
"11734",31,"pck2",0.0104729520438932,0.340841700847866,0.984612275003837
"11735",31,"dcaf11",-0.000943940049599319,0.944862405900132,0.996208074900292
"11736",31,"zfhx2",0.0236267147926062,0.298262915290477,0.984612275003837
"11737",31,"pabpn1",0.00471570157075283,0.769468210815964,0.996208074900292
"11738",31,"ngdn",-0.0126469649590082,0.281865324478557,0.984612275003837
"11739",31,"slc22a17",-0.00611437555596252,0.709925633730293,0.993489446331016
"11740",31,"zmp:0000000991",-0.00430800252798616,0.583569701386136,0.993489446331016
"11741",31,"LOC111587080",0.0411456101196231,0.0846218820076181,0.94881545499276
"11742",31,"pomp",0.00726337655218068,0.676441516701248,0.993489446331016
"11743",31,"LOC111587077",-0.00592287590131286,0.852512119362975,0.996208074900292
"11744",31,"nsmaf",0.0033420116320995,0.794127734637447,0.996208074900292
"11745",31,"fam168b",-0.0197583784924629,0.256619848228622,0.984612275003837
"11746",31,"fbxo45",-0.0170487851346962,0.324164632080204,0.984612275003837
"11747",31,"nrros",0.00363598865519542,0.719309264449339,0.993489446331016
"11748",31,"LOC111575561",0.0350534350299235,0.288967326818581,0.984612275003837
"11749",31,"ntng1a",-0.0437504003784336,0.663349444839408,0.993489446331016
"11750",31,"rnpc3",0.0142630638233903,0.46565424579967,0.98487850369265
"11751",31,"olfm3a",-0.024375760758616,0.318525712778403,0.984612275003837
"11752",31,"arhgap29a",0.00631088066732393,0.671811729617972,0.993489446331016
"11753",31,"ahrra",0.0148556415902328,0.524188473119959,0.98487850369265
"11754",31,"LOC111565362",0.0063860785295063,0.340841700847866,0.984612275003837
"11755",31,"rps20",-0.0455126439668437,0.191739851392203,0.984612275003837
"11756",31,"garem",0.0223153849043627,0.171493940681907,0.984612275003837
"11757",31,"LOC111565330",0.0130240010755625,0.340841700847866,0.984612275003837
"11758",31,"snx16",0.00454168983072925,0.845921941992057,0.996208074900292
"11759",31,"LOC111565192",0.00919496375957119,0.158106947959485,0.984612275003837
"11760",31,"LOC111565233",-0.000122705832160345,0.988695616247055,0.998248596916269
"11761",31,"idi1",-0.0131613269942146,0.224221171929581,0.984612275003837
"11762",31,"LOC111565255",0.0289008446254689,0.195247582426711,0.984612275003837
"11763",31,"adarb2",0.00512450188208691,0.960975733894383,0.996208074900292
"11764",31,"pfkpa",-0.0179066156756734,0.316908973709002,0.984612275003837
"11765",31,"klf6a",0.00812054596448869,0.278445653267887,0.984612275003837
"11766",31,"fzd8a",0.00812054596448869,0.278445653267887,0.984612275003837
"11767",31,"ccny",-0.00281629954223628,0.884366722867902,0.996208074900292
"11768",31,"cul2",0.0146192751056945,0.419613699450809,0.98487850369265
"11769",31,"pard3aa",0.00358580531345942,0.719309264449339,0.993489446331016
"11770",31,"LOC118470397",-0.00670810739195673,0.543439081152026,0.993489446331016
"11771",31,"nrp1a",-0.0376072192988228,0.482042827908682,0.98487850369265
"11772",31,"itgb1a",0.0063860785295063,0.340841700847866,0.984612275003837
"11773",31,"LOC111563534",-0.0319131331123091,0.112655166445748,0.984612275003837
"11774",31,"odad2",0.00298333849782732,0.719309264449339,0.993489446331016
"11775",31,"mpp7a",-0.0172682016876764,0.152888932732129,0.984612275003837
"11776",31,"waca",0.0244097168525596,0.425010148861981,0.98487850369265
"11777",31,"bambia",0.00697683070151568,0.524188473119959,0.98487850369265
"11778",31,"slc12a7b",0.00583867983287713,0.740645008386213,0.996208074900292
"11779",31,"gfod1",-0.0182519597426371,0.21480137183692,0.984612275003837
"11780",31,"arhgap12b",-0.0309290295968423,0.0749323410736222,0.910186684613023
"11781",31,"zeb1b",-0.0161984077091706,0.012248839713383,0.285431162031599
"11782",31,"znf438",-0.00618968479834295,0.702293967380417,0.993489446331016
"11783",31,"jcada",0.0148712555673494,0.240432095672714,0.984612275003837
"11784",31,"kcnh2b",-0.00694488410164258,0.852292940636633,0.996208074900292
"11785",31,"LOC111578707",0.0123773223115535,0.200203491523986,0.984612275003837
"11786",31,"LOC111578709",0.000548466529009193,0.979322874842539,0.996703863757666
"11787",31,"fen1",0.00152561102469221,0.898103264883277,0.996208074900292
"11788",31,"tm9sf1",0.0063578934938849,0.524188473119959,0.98487850369265
"11789",31,"ipo4",0.00273343014475499,0.829188869187155,0.996208074900292
"11790",31,"si:ch211-196f5.2",0.0063860785295063,0.340841700847866,0.984612275003837
"11791",31,"pdcd6",0.0118914257874326,0.736071868525143,0.996208074900292
"11792",31,"zgc:101569",-0.0241559152716362,0.339467235966576,0.984612275003837
"11793",31,"bmp6",-0.0154038724874618,0.540921922501365,0.993489446331016
"11794",31,"txndc5",0.00980502103646882,0.426701851766071,0.98487850369265
"11795",31,"bloc1s5",0.00837228459377309,0.512970395397843,0.98487850369265
"11796",31,"eef1e1",0.0209117538914817,0.190555760986941,0.984612275003837
"11797",31,"slc35b3",0.0183057455685876,0.464445099410587,0.98487850369265
"11798",31,"tmem14ca",-0.00477293853544737,0.632603944485367,0.993489446331016
"11799",31,"mak",-0.0340685272553513,0.0122488397133829,0.285431162031599
"11800",31,"LOC111589147",-0.00275148286445973,0.939178614251594,0.996208074900292
"11801",31,"zc2hc1a",0.00685065446124105,0.699814232468831,0.993489446331016
"11802",31,"LOC118469649",0.0116414578700904,0.251279509825971,0.984612275003837
"11803",31,"ctnnd2a",0.0227889023525101,0.657310767434907,0.993489446331016
"11804",31,"dap",0.00549273363287585,0.694095852760047,0.993489446331016
"11805",31,"ropn1l",0.00892298465925429,0.340841700847866,0.984612275003837
"11806",31,"nup58",0.00472848279077127,0.760917887315226,0.996208074900292
"11807",31,"mtmr6",0.000701441776353336,0.968085653832839,0.996208074900292
"11808",31,"amer2",0.0113641441747752,0.574732328579048,0.993489446331016
"11809",31,"LOC111565921",-0.0334803513524163,0.012248839713383,0.285431162031599
"11810",31,"zfhx4",-0.0497185991678551,0.108377778286378,0.984612275003837
"11811",31,"pex2",-0.000499883647732144,0.974985144660291,0.996208074900292
"11812",31,"LOC111565924",0.00892298465925429,0.340841700847866,0.984612275003837
"11813",31,"pign",-0.00776305461778279,0.344721214389116,0.98487850369265
"11814",31,"relch",-0.00570226939500921,0.806282610666933,0.996208074900292
"11815",31,"sec61g",0.00374731203134025,0.843344293205571,0.996208074900292
"11816",31,"tpk1",0.00417858237795161,0.870943595481404,0.996208074900292
"11817",31,"cntnap2a",-0.021931968779201,0.705165671125275,0.993489446331016
"11818",31,"ptgdsb.1",0.0320847354348741,0.007007192917694,0.285431162031599
"11819",31,"pip4k2aa",0.026198559844105,0.329023562841483,0.984612275003837
"11820",31,"bmi1a",-0.0142118157664077,0.49259508076207,0.98487850369265
"11821",31,"mllt10",-0.0389317985345555,0.172748797823319,0.984612275003837
"11822",31,"pdia4",-0.013391150520079,0.224812004272353,0.984612275003837
"11823",31,"shrprbck1r",-0.0232202752560533,0.012248839713383,0.285431162031599
"11824",31,"myripb",-0.0530504425298294,0.00665026104913692,0.285431162031599
"11825",31,"ndufb4",-0.0133825543058125,0.605731401084737,0.993489446331016
"11826",31,"pola1",0.00044205959091447,0.982321193697025,0.996956250321918
"11827",31,"pcyt1ba",-0.00285930479449198,0.831186518406583,0.996208074900292
"11828",31,"pdk3a",0.0116538152987031,0.427041351514456,0.98487850369265
"11829",31,"zdhhc20b",-0.00764102697410736,0.668789277662664,0.993489446331016
"11830",31,"marchf6",-0.0386895973264726,0.0024535495191173,0.285431162031599
"11831",31,"cct5",-0.0153244739259211,0.493949390739852,0.98487850369265
"11832",31,"mtrr",0.00480836574171334,0.789576961847659,0.996208074900292
"11833",31,"sema5a",-0.0332624769746636,0.0909726930615113,0.964667868932546
"11834",31,"si:dkey-118j18.2",0.00270266289962478,0.719309264449339,0.993489446331016
"11835",31,"timm21",0.0063578934938849,0.524188473119959,0.98487850369265
"11836",31,"neto1l",-0.00840019056288754,0.677580406863173,0.993489446331016
"11837",31,"cbln2b",-0.0293584487411021,0.0570849515314865,0.806419243716274
"11838",31,"dok6",0.00517802903810344,0.862410483355297,0.996208074900292
"11839",31,"gdap1",-0.0368561701011296,0.0827689491585135,0.938957631662252
"11840",31,"jph1a",-0.033956287521311,0.120738203992129,0.984612275003837
"11841",31,"eloca",-0.00378905105008802,0.900422490660247,0.996208074900292
"11842",31,"ube2wb",0.0315161791430529,0.197553127151236,0.984612275003837
"11843",31,"stau2",0.00565113667383745,0.897516457817899,0.996208074900292
"11844",31,"LOC129347961",0.0063578934938849,0.524188473119959,0.98487850369265
"11845",31,"rdh10a",-0.00733164966149889,0.843995654353959,0.996208074900292
"11846",31,"rpl7",-0.0333987223651312,0.168968426114287,0.984612275003837
"11847",31,"LOC111572420",-0.0118102852664725,0.623801546960944,0.993489446331016
"11848",31,"si:ch211-171b20.3",-0.00153565675829535,0.895106088567285,0.996208074900292
"11849",31,"kcnb2b",0.00289873860293144,0.82704136042266,0.996208074900292
"11850",31,"ncoa2",-0.0545450777659721,0.0197068101339108,0.423415835155232
"11851",31,"LOC111583007",-0.0133492231692013,0.500334144524312,0.98487850369265
"11852",31,"arfgef1",-0.00793003253474176,0.517871554514045,0.98487850369265
"11853",31,"LOC111572471",0.0229622457254493,0.360516163945284,0.98487850369265
"11854",31,"cops5",-0.0116884657076085,0.190493692082572,0.984612275003837
"11855",31,"LOC111572463",-0.0161984077091706,0.012248839713383,0.285431162031599
"11856",31,"sgk3",0.0118777457229395,0.524188473119959,0.98487850369265
"11857",31,"si:dkey-97a13.12",0.0132779288297057,0.452006302109232,0.98487850369265
"11858",31,"rrs1",-0.00662408744116761,0.526495788909668,0.987067996133977
"11859",31,"pde7a",0.0283784949832235,0.161424691719039,0.984612275003837
"11860",31,"mtfr1",-0.000293977023095923,0.976863081188404,0.996208074900292
"11861",31,"armc1",0.00597033625332514,0.583008612035672,0.993489446331016
"11862",31,"bhlhe22",-0.00637327715301216,0.527754699120741,0.98796110998566
"11863",31,"LOC129348022",-0.0271129858537779,0.350124289956697,0.98487850369265
"11864",31,"ythdf3",0.0016883780389683,0.837071004357163,0.996208074900292
"11865",31,"abhd10b",0.0152575141237275,0.255497388582218,0.984612275003837
"11866",31,"tagln3b",0.00948672553374711,0.532588803055686,0.991194976857661
"11867",31,"spata13",-0.0072767375985357,0.410808659536583,0.98487850369265
"11868",31,"tmprss7",-0.0313745884541553,0.012248839713383,0.285431162031599
"11869",31,"pan3",-0.00527642867456119,0.735627243909875,0.996208074900292
"11870",31,"pdx1",0.00626431327642107,0.340841700847866,0.984612275003837
"11871",31,"si:ch211-140b10.6",-0.0101871086156544,0.483879347796556,0.98487850369265
"11872",31,"lnx2a",0.00839027808631919,0.639363802702222,0.993489446331016
"11873",31,"rpl21",0.0044039490807479,0.920403449241557,0.996208074900292
"11874",31,"gpr12",-0.0128052071887606,0.305078681530287,0.984612275003837
"11875",31,"wasf3b",0.0120220566782948,0.5948078208891,0.993489446331016
"11876",31,"cdk8",-0.00546733891096794,0.537530452484615,0.993489446331016
"11877",31,"rnf6",0.00905143478307467,0.570245508290842,0.993489446331016
"11878",31,"atp8a2",-0.00971003368230249,0.791742530862261,0.996208074900292
"11879",31,"LOC111570444",-0.0150375382426052,0.0788219677388742,0.925655678776035
"11880",31,"naa50",0.00859760046921035,0.303821709240099,0.984612275003837
"11881",31,"atp6v1ab",0.000715675110963035,0.978601358352166,0.996470473031212
"11882",31,"si:ch211-161h7.8",-0.0125774464812619,0.41673247051085,0.98487850369265
"11883",31,"LOC111565952",0.00509085176156855,0.851088648564503,0.996208074900292
"11884",31,"fam162a",-0.0110097694098578,0.15498934646593,0.984612275003837
"11885",31,"si:ch211-161h7.4",-0.0130762403511216,0.0943338066754644,0.972275180017018
"11886",31,"vipr1b",0.0411508226052127,0.34253016331915,0.984612275003837
"11887",31,"sec22c",0.00583832126709404,0.693049599814926,0.993489446331016
"11888",31,"nktr",-0.0161592155566886,0.558742975286447,0.993489446331016
"11889",31,"zbtb47b",-0.01693108349264,0.603598926725619,0.993489446331016
"11890",31,"gars1",-0.0121779956838431,0.475016154148872,0.98487850369265
"11891",31,"ctdspla",0.0509244026700504,0.296834716490326,0.984612275003837
"11892",31,"vill",-0.0152554628054969,0.300092853666346,0.984612275003837
"11893",31,"map3k22",-0.0222780446312798,0.0285490858664952,0.548086074627295
"11894",31,"cry-dash",0.00288911600042354,0.805793606217919,0.996208074900292
"11895",31,"myd88",-0.0147479521881316,0.0807914669831211,0.929133735121188
"11896",31,"oxsr1b",-0.0278930380093168,0.224821204637188,0.984612275003837
"11897",31,"LOC111567982",-0.0201941705291126,0.133129523133716,0.984612275003837
"11898",31,"csrnp1b",0.00996788029097058,0.682709969735507,0.993489446331016
"11899",31,"LOC129348013",-0.0159404937287225,0.012248839713383,0.285431162031599
"11900",31,"slc35g2b",-0.0415207433575963,0.3371643778556,0.984612275003837
"11901",31,"nck1b",-0.022033703167511,0.121709650083967,0.984612275003837
"11902",31,"bdh1",0.00626431327642107,0.340841700847866,0.984612275003837
"11903",31,"gyg1b",0.00450774868916627,0.719309264449339,0.993489446331016
"11904",31,"zic1",-0.0455273569803972,0.246841412559948,0.984612275003837
"11905",31,"zic4",-0.000354680579980126,0.97943272443718,0.996703863757666
"11906",31,"si:ch73-206p6.1",0.0117427209531575,0.45319963322762,0.98487850369265
"11907",31,"dipk2ab",0.0181706304676471,0.422385104224609,0.98487850369265
"11908",31,"LOC111582925",-0.000578755592093807,0.976863081188404,0.996208074900292
"11909",31,"chst2b",-0.0119517294087152,0.608680507551928,0.993489446331016
"11910",31,"trpc1",-0.082485161307754,0.00592438259886416,0.285431162031599
"11911",31,"pcolce2b",0.0063578934938849,0.524188473119959,0.98487850369265
"11912",31,"u2surp",0.00138170535263798,0.95068316287379,0.996208074900292
"11913",31,"uba5",-0.000293977023095923,0.976863081188404,0.996208074900292
"11914",31,"nphp3",-0.0143593338623403,0.0972974916955557,0.977317874689815
"11915",31,"si:ch211-285f17.1",-0.00320629638297148,0.911904516662377,0.996208074900292
"11916",31,"tgif1",-0.000321088283375322,0.976863081188404,0.996208074900292
"11917",31,"htr5ab",-0.00652692757540296,0.377306206456974,0.98487850369265
"11918",31,"insig1",-0.0177730040076194,0.510567930672239,0.98487850369265
"11919",31,"rbm33a",-0.0252422283040647,0.542475348183274,0.993489446331016
"11920",31,"lmbr1",0.0468202247932589,0.0239759227785364,0.485306390083935
"11921",31,"nom1",-0.0397491402990491,0.00678972615395687,0.285431162031599
"11922",31,"ube3c",-0.0167758492883785,0.468774903639704,0.98487850369265
"11923",31,"dnajb6b",-0.00535886691041238,0.717557101496232,0.993489446331016
"11924",31,"ptprn2",0.01924527242424,0.674088831060452,0.993489446331016
"11925",31,"ncapg2",0.0104729520438932,0.340841700847866,0.984612275003837
"11926",31,"esyt2b",0.0389954416277477,0.198031414567844,0.984612275003837
"11927",31,"plxdc2b",0.00941202123232781,0.850083900070124,0.996208074900292
"11928",31,"LOC111574409",0.00360516544593325,0.717784549871622,0.993489446331016
"11929",31,"maf1b",-0.030339919579461,0.187822125771345,0.984612275003837
"11930",31,"arl8",-0.0230032066251976,0.278508351495059,0.984612275003837
"11931",31,"cacnb2a",0.00719517067478742,0.78462517467403,0.996208074900292
"11932",31,"LOC111584878",-0.025126016503346,0.320132223878734,0.984612275003837
"11933",31,"LOC129348044",0.00653265747600195,0.412669441378001,0.98487850369265
"11934",31,"smchd1",0.00626431327642107,0.340841700847866,0.984612275003837
"11935",31,"myl12.1",0.00310253720239569,0.896039970571758,0.996208074900292
"11936",31,"LOC111567822",0.00358580531345942,0.719309264449339,0.993489446331016
"11937",31,"LOC111567824",0.0159851259311275,0.414084610558918,0.98487850369265
"11938",31,"mrpl15",-0.00627538892516234,0.402663168947718,0.98487850369265
"11939",31,"LOC111567830",0.0220647404069826,0.350128358125088,0.98487850369265
"11940",31,"LOC111570034",-0.00764109789478828,0.740143165450514,0.996208074900292
"11941",31,"vps41",0.0100980302917431,0.504476080607647,0.98487850369265
"11942",31,"pou6f2",-0.0206600606595476,0.012248839713383,0.285431162031599
"11943",31,"LOC111570037",0.00535503949058234,0.802222651799216,0.996208074900292
"11944",31,"ankha",-0.000310864050245439,0.976863081188404,0.996208074900292
"11945",31,"myca",-0.0108945698279926,0.471502570994064,0.98487850369265
"11946",31,"LOC129348025",0.0296512620322082,0.134624463681422,0.984612275003837
"11947",31,"fam49bb",-0.000850809241155826,0.958377028368881,0.996208074900292
"11948",31,"asap1b",-0.00947091495144985,0.761172659563221,0.996208074900292
"11949",31,"nfx1",-0.0196617093152555,0.292252384627473,0.984612275003837
"11950",31,"smarcd3b",0.00544113780927995,0.887064900377319,0.996208074900292
"11951",31,"chpf2",-0.0105540531194589,0.285247425218382,0.984612275003837
"11952",31,"abcf2b",0.0065757198874064,0.436352656070277,0.98487850369265
"11953",31,"slc4a2b",0.00722179396865484,0.719309264449339,0.993489446331016
"11954",31,"nrbp2b",0.0595996877356167,0.176602916753292,0.984612275003837
"11955",31,"LOC111582554",0.000378853717130709,0.987738262186679,0.997772774379314
"11956",31,"scrib",-0.0201846564614198,0.374492617283567,0.98487850369265
"11957",31,"LOC129348015",-0.0203295835957858,0.012248839713383,0.285431162031599
"11958",31,"tmem108",-0.0612613712006149,0.0450079817497514,0.717074524751119
"11959",31,"topbp1",0.00231684368693827,0.867701546816545,0.996208074900292
"11960",31,"LOC111563834",-0.00542730430384774,0.810891023355795,0.996208074900292
"11961",31,"lztfl1",-0.00846159175892736,0.575188581166014,0.993489446331016
"11962",31,"prpf4bb",-0.0212401712450414,0.368954180108083,0.98487850369265
"11963",31,"LOC111563843",0.00157597385524353,0.973277871263048,0.996208074900292
"11964",31,"LOC111585095",0.0303315163816558,0.439217518405689,0.98487850369265
"11965",31,"LOC111587678",0.0262443504838115,0.239302566064973,0.984612275003837
"11966",31,"LOC111587681",0.00624058264240228,0.719309264449339,0.993489446331016
"11967",31,"ralaa",-0.0116884657076085,0.190493692082572,0.984612275003837
"11968",31,"cdk13",-0.0116355686659817,0.394476965650908,0.98487850369265
"11969",31,"LOC111569235",0.0437441784648839,0.474067990525312,0.98487850369265
"11970",31,"LOC111569220",0.0538438968398579,0.343774935202583,0.98487850369265
"11971",31,"LOC111569306",0.0132323389454491,0.112413003020574,0.984612275003837
"11972",31,"LOC111570850",-0.0177925215967744,0.132815065648951,0.984612275003837
"11973",31,"LOC111570853",-0.029763898272975,0.0786164442878693,0.925149661358256
"11974",31,"mastl",-0.00204057995199585,0.895106088567285,0.996208074900292
"11975",31,"acbd5a",0.0106643350486371,0.46797087915885,0.98487850369265
"11976",31,"abi1a",0.0344215413278154,0.0559082283861258,0.799481433120218
"11977",31,"pdss1",-0.0302185740513941,0.110709899288547,0.984612275003837
"11978",31,"apbb1ip",0.00882563474076834,0.618380012742016,0.993489446331016
"11979",31,"LOC118470538",0.00196854035941601,0.881993811838583,0.996208074900292
"11980",31,"gad2",0.073688709159554,0.339056350512865,0.984612275003837
"11981",31,"myo3a",-0.00280559260429687,0.754778568847159,0.996208074900292
"11982",31,"LOC111570924",-0.00942848134116842,0.668113666787862,0.993489446331016
"11983",31,"anxa13",0.0268441202245098,0.236869490351482,0.984612275003837
"11984",31,"gpr158a",-0.00546754012521155,0.876726817240024,0.996208074900292
"11985",31,"LOC111572618",0.0819323216646674,0.121700929093673,0.984612275003837
"11986",31,"cops9",-0.00271486169674991,0.897326329163256,0.996208074900292
"11987",31,"tmtopsb",0.00624030282212142,0.524188473119959,0.98487850369265
"11988",31,"tnk2a",0.0120109917247325,0.63899898186215,0.993489446331016
"11989",31,"tfr1b",-0.0042637448013633,0.872067894903553,0.996208074900292
"11990",31,"sh3kbp1",-0.0427384401379668,0.515195590735074,0.98487850369265
"11991",31,"map3k15",0.00325724414457497,0.719309264449339,0.993489446331016
"11992",31,"cnksr2a",-0.0179454911192514,0.121203474846182,0.984612275003837
"11993",31,"LOC111580141",0.0594721158466753,0.259987740650264,0.984612275003837
"11994",31,"vipr2",0.00672759086734717,0.340841700847865,0.984612275003837
"11995",31,"msl2b",0.0117844532610533,0.307992151750957,0.984612275003837
"11996",31,"tnfsf10",0.00450774868916627,0.719309264449339,0.993489446331016
"11997",31,"lsm5",-0.0305759177365795,0.0726952642431818,0.899192048647342
"11998",31,"avl9",-0.000961138968011152,0.944968395093795,0.996208074900292
"11999",31,"kbtbd2",0.0308433518776629,0.119403268468171,0.984612275003837
"12000",31,"rnf152",-0.0308915296809804,0.29076693470191,0.984612275003837
"12001",31,"LOC111568961",-0.0108182511585151,0.435640744509321,0.98487850369265
"12002",31,"LOC111565026",-0.0434084418585928,0.306842500281857,0.984612275003837
"12003",31,"LOC118470106",-0.000435660709915935,0.976863081188404,0.996208074900292
"12004",31,"cdh10a",-0.0375022458954084,0.314494512933403,0.984612275003837
"12005",31,"LOC111579182",-0.0341609518730259,0.0285863538338152,0.548086074627295
"12006",31,"LOC111566279",-0.000451745895745455,0.975936237967369,0.996208074900292
"12007",31,"LOC111566280",-0.00159655633335685,0.895106088567285,0.996208074900292
"12008",31,"LOC129347945",0.00412148679313237,0.719309264449339,0.993489446331016
"12009",31,"epc1a",-0.0518027150471287,0.185853494910642,0.984612275003837
"12010",31,"ggh",-0.0264584838055337,0.012248839713383,0.285431162031599
"12011",31,"LOC111565276",-0.00795087419189234,0.90412946723661,0.996208074900292
"12012",31,"ptchd1",-0.0161984077091706,0.012248839713383,0.285431162031599
"12013",31,"phex",0.0418172851812698,0.262947325524078,0.984612275003837
"12014",31,"mbtps2",0.0196660982352057,0.200031728400175,0.984612275003837
"12015",31,"zgc:112982",-0.0224782843001981,0.483675614983737,0.98487850369265
"12016",31,"map7d2b",0.0223618602147476,0.675242765147849,0.993489446331016
"12017",31,"eif1axb",0.00179461312978693,0.907033071594767,0.996208074900292
"12018",31,"rps6ka3b",0.00288669106001434,0.872129387794541,0.996208074900292
"12019",31,"pdha1b",-0.0225025457558179,0.422647754051399,0.98487850369265
"12020",31,"acot9.1",0.00846910498728666,0.546214423590766,0.993489446331016
"12021",31,"LOC111586766",-0.0235145552254886,0.296278518254371,0.984612275003837
"12022",31,"LOC111586769",0.00475048656074633,0.621982553023208,0.993489446331016
"12023",31,"klhl15",-0.000518804535905845,0.979362237146239,0.996703863757666
"12024",31,"eif2s3",0.0188514892381027,0.213578179820184,0.984612275003837
"12025",31,"lrrc31",0.00480762255953762,0.618826755639005,0.993489446331016
"12026",31,"pld1b",0.021004555861521,0.4107427381496,0.98487850369265
"12027",31,"tnikb",0.0221296266466801,0.173092955387514,0.984612275003837
"12028",31,"eif5a",0.0308303586988404,0.150636931389896,0.984612275003837
"12029",31,"rpl22l1",0.00225938277684854,0.909655729499703,0.996208074900292
"12030",31,"LOC111583761",-0.0165667729387471,0.64664508247662,0.993489446331016
"12031",31,"zgc:194621",0.00815190899562709,0.340841700847866,0.984612275003837
"12032",31,"LOC111571338",0.0269106760168575,0.498585753196528,0.98487850369265
"12033",31,"LOC129348000",0.0124285745031176,0.340841700847866,0.984612275003837
"12034",31,"ezh2",0.011570879104132,0.340841700847866,0.984612275003837
"12035",31,"LOC129347267",0.00309435528173355,0.923307347874678,0.996208074900292
"12036",31,"LOC111570644",0.0252204712172679,0.59864764076952,0.993489446331016
"12037",31,"ssr1",-0.00641529739198389,0.394385900909105,0.98487850369265
"12038",31,"ppp1r3g",-0.000329071011677992,0.976863081188404,0.996208074900292
"12039",31,"LOC129348039",0.02168919847184,0.564433217724527,0.993489446331016
"12040",31,"fars2",0.00496299784796817,0.863782355314532,0.996208074900292
"12041",31,"nrn1a",0.00668529661387333,0.524188473119959,0.98487850369265
"12042",31,"LOC111589111",0.00467218937938464,0.643747010624792,0.993489446331016
"12043",31,"rmc1",0.00488382318452457,0.782580570659509,0.996208074900292
"12044",31,"riok3",0.0116005917716998,0.538429292207276,0.993489446331016
"12045",31,"LOC111569014",-3.18729100884398e-05,0.998863820399285,0.999859294605512
"12046",31,"unm-hu7910",0.00774776507475472,0.830021931578412,0.996208074900292
"12047",31,"sugct",-0.0227239555494764,0.337857678480556,0.984612275003837
"12048",31,"inhbaa",-0.00159655633335685,0.895106088567285,0.996208074900292
"12049",31,"eci2",-0.0117727535516542,0.591892099159783,0.993489446331016
"12050",31,"nub1",0.00304365922224096,0.776890899684435,0.996208074900292
"12051",31,"acvr2ba",-0.000772304801986958,0.923864798922526,0.996208074900292
"12052",31,"LOC111586710",0.00994369880734432,0.418240550774763,0.98487850369265
"12053",31,"LOC118469420",-0.00159655633335685,0.895106088567285,0.996208074900292
"12054",31,"LOC111586948",-0.000807802173016926,0.969225647595741,0.996208074900292
"12055",31,"dnah5l",0.0186340758231062,0.340841700847866,0.984612275003837
"12056",31,"LOC111563576",0.0279495125927765,0.131729500159915,0.984612275003837
"12057",31,"actr3b",-9.60619337694751e-05,0.994721913245468,0.999580088711073
"12058",31,"LOC111588686",-0.00396074765399918,0.739189840610315,0.996208074900292
"12059",31,"lama1",-0.0154829852666802,0.294038166496179,0.984612275003837
"12060",31,"epb41l3a",0.00888909999967098,0.749888399528753,0.996208074900292
"12061",31,"LOC129348049",-0.0161984077091706,0.012248839713383,0.285431162031599
"12062",31,"actr8",-0.0274849293007463,0.0126070946989131,0.290847488674386
"12063",31,"selenok",-0.0055435285107409,0.836189674817707,0.996208074900292
"12064",31,"LOC118471788",-0.00128751368816921,0.955867826911522,0.996208074900292
"12065",31,"LOC111583282",0.00272860597894237,0.775904515705501,0.996208074900292
"12066",31,"tmem200ca",0.0151642322338213,0.673731227507253,0.993489446331016
"12067",31,"LOC111583284",0.00911265962945048,0.538676164365728,0.993489446331016
"12068",31,"arhgap28",0.0117377143090865,0.297626785557064,0.984612275003837
"12069",31,"zbtb14",0.0158533346797372,0.350529454729716,0.98487850369265
"12070",31,"LOC111567001",0.0102344665280609,0.340841700847866,0.984612275003837
"12071",31,"LOC111570975",-0.00468828570158219,0.861764495079119,0.996208074900292
"12072",31,"galnt11",-0.00169267491668642,0.891062773014772,0.996208074900292
"12073",31,"cnpy3",0.0293956611100954,0.337938498893524,0.984612275003837
"12074",31,"trpc5a",0.0143943684683489,0.634428242096922,0.993489446331016
"12075",31,"LOC111583740",-0.0232202752560533,0.012248839713383,0.285431162031599
"12076",31,"zgc:77880",-0.0294402693047691,0.164728633810542,0.984612275003837
"12077",31,"LOC111570899",0.0158062465486621,0.684538787393712,0.993489446331016
"12078",31,"znf638",-0.0186105755710773,0.100883338182357,0.984612275003837
"12079",31,"dysf",0.00358580531345942,0.719309264449339,0.993489446331016
"12080",31,"exoc6b",-0.0147968970922612,0.313988024963061,0.984612275003837
"12081",31,"tkfc",0.0165057267469459,0.405185266325676,0.98487850369265
"12082",31,"cmasa",0.0338417204044882,0.111307793536934,0.984612275003837
"12083",31,"LOC129348147",0.0187875246630809,0.421219783909902,0.98487850369265
"12084",31,"tmem185",-0.0057475300238677,0.834769281706559,0.996208074900292
"12085",31,"LOC111586823",-0.0203295835957858,0.012248839713383,0.285431162031599
"12086",31,"LOC111583526",0.0265170988567971,0.237599563031245,0.984612275003837
"12087",31,"LOC111583584",-0.0260369099247181,0.00259568670969399,0.285431162031599
"12088",31,"ttc29",-0.000329071011677992,0.976863081188404,0.996208074900292
"12089",31,"LOC111583616",-0.000310864050245439,0.976863081188404,0.996208074900292
"12090",31,"LOC111588623",0.00733119817246906,0.61850224978716,0.993489446331016
"12091",31,"LOC111588615",0.0338541024313652,0.337900855844324,0.984612275003837
"12092",31,"anapc10",-0.000329071011677992,0.976863081188404,0.996208074900292
"12093",31,"abce1",-0.0219439454696653,0.0374991532561448,0.648110235255819
"12094",31,"LOC111588620",0.00970767613172951,0.719309264449339,0.993489446331016
"12095",31,"rnf150b",0.0313917194746993,0.150419093759341,0.984612275003837
"12096",31,"ppm1ka",0.0177846682186417,0.178463015699132,0.984612275003837
"12097",31,"aco1",0.00327494126321399,0.802581212575748,0.996208074900292
"12098",31,"paqr9",-0.0228664637340271,0.304820017348571,0.984612275003837
"12099",31,"LOC129348096",0.0194561531808532,0.264688971966732,0.984612275003837
"12100",31,"frem1a",-0.00444791099480771,0.573236642919947,0.993489446331016
"12101",31,"tspan5a",-0.0118569271487366,0.7350797103556,0.996208074900292
"12102",31,"rap1gds1",0.0177932518171103,0.773405364670767,0.996208074900292
"12103",31,"slc1a1",-0.0199402094089882,0.0659493487649186,0.868101089480349
"12104",31,"trmt10a",0.00927661995357362,0.58468536425139,0.993489446331016
"12105",31,"ank2b",-0.0535668281904205,0.424748227816226,0.98487850369265
"12106",31,"camk2d1",-0.00801622711304899,0.673897226879807,0.993489446331016
"12107",31,"pde5ab",-0.0364153321746229,0.452774549660762,0.98487850369265
"12108",31,"zcchc4",-0.000548315648575835,0.990548928799143,0.998253544131569
"12109",31,"ablim2",-0.0117124861639238,0.749675275740383,0.996208074900292
"12110",31,"afap1",-0.011450975526089,0.622733650123382,0.993489446331016
"12111",31,"sorcs2",0.018713475917616,0.649614727353119,0.993489446331016
"12112",31,"grpel1",0.00938648063447013,0.340841700847866,0.984612275003837
"12113",31,"tada2b",-0.0138854323749799,0.151112053226264,0.984612275003837
"12114",31,"LOC111568911",-0.0203295835957858,0.012248839713383,0.285431162031599
"12115",31,"tbc1d14",0.00298233839069111,0.933222367472317,0.996208074900292
"12116",31,"kiaa0232",-0.0537042676299597,0.32816616902856,0.984612275003837
"12117",31,"LOC118471727",0.0180577670132195,0.150728199818392,0.984612275003837
"12118",31,"LOC111582712",-0.0246351043501403,0.258379872838627,0.984612275003837
"12119",31,"LOC111582709",-0.00257096393152167,0.902274077513506,0.996208074900292
"12120",31,"rela",-0.000615065306471245,0.976863081188404,0.996208074900292
"12121",31,"c23h11orf68",0.00670893915966731,0.600629218368641,0.993489446331016
"12122",31,"drap1",-0.00177893355528389,0.956771561432072,0.996208074900292
"12123",31,"LOC111582708",0.0114018891595305,0.573683727744796,0.993489446331016
"12124",31,"LOC111582717",0.000478242915584955,0.971869222853138,0.996208074900292
"12125",31,"nrxn2b",0.0367862331933914,0.640728106303112,0.993489446331016
"12126",31,"LOC129348150",0.0013448060091646,0.941488972620445,0.996208074900292
"12127",31,"LOC111562544",0.00123410465286156,0.924701003359027,0.996208074900292
"12128",31,"alpk1",0.00599124378204718,0.524188473119959,0.98487850369265
"12129",31,"LOC111562542",0.0161865400964378,0.340841700847866,0.984612275003837
"12130",31,"epdl1",0.00999388214908032,0.419162165230864,0.98487850369265
"12131",31,"otub1b",0.0460177501260974,0.115584986579675,0.984612275003837
"12132",31,"fcer1g",0.00714346396085526,0.619875319034827,0.993489446331016
"12133",31,"ndufs2",-0.000267891541848369,0.976863081188404,0.996208074900292
"12134",31,"kirrel1a",-0.0550460249411883,0.162361027806987,0.984612275003837
"12135",31,"dock11",6.54537806464366e-05,0.998046356384045,0.999816729949705
"12136",31,"fxr2",0.00568538301071252,0.78022607052775,0.996208074900292
"12137",31,"LOC111562564",0.0418780818935728,0.0801675906247995,0.929133735121188
"12138",31,"rbm4.3",-0.0434372020276028,0.047594329543732,0.742098354458652
"12139",31,"si:dkey-112a7.4",0.00938648063447013,0.340841700847866,0.984612275003837
"12140",31,"fgf11a",-0.00700441593942119,0.762857753191992,0.996208074900292
"12141",31,"tmem102",0.00430247749419441,0.837842253692993,0.996208074900292
"12142",31,"nlgn2a",0.01666066635118,0.680842450466558,0.993489446331016
"12143",31,"pop7",0.0063578934938849,0.524188473119959,0.98487850369265
"12144",31,"ufsp1",0.00395262228020854,0.766792262604412,0.996208074900292
"12145",31,"gigyf1a",0.00648141579530424,0.844493448552027,0.996208074900292
"12146",31,"wrap53",0.0180246679590301,0.534924313307371,0.992149068677901
"12147",31,"efnb3b",0.0117285524220444,0.756943930914571,0.996208074900292
"12148",31,"kdm6ba",0.0032147740006934,0.940013256416743,0.996208074900292
"12149",31,"tdrd7b",-0.00641529739198389,0.394385900909105,0.98487850369265
"12150",31,"LOC111582149",-0.0184536826237502,0.0880321656524645,0.963905736748171
"12151",31,"rpgrip1",-0.0161984077091706,0.012248839713383,0.285431162031599
"12152",31,"si:dkey-183c6.8",-0.0167885450775361,0.153843267782266,0.984612275003837
"12153",31,"si:dkey-183c6.7",-0.0369138105176429,0.0278817892750818,0.540241255334553
"12154",31,"syt4",0.0299057569074079,0.462833632885819,0.98487850369265
"12155",31,"sema4f",-0.0478699716220381,0.0868085547569724,0.959924995514373
"12156",31,"dok1b",0.0195187676936006,0.521361806780594,0.98487850369265
"12157",31,"paip2b",0.0366007719366689,0.17559216322901,0.984612275003837
"12158",31,"cct7",-0.0124567874902276,0.188459382833728,0.984612275003837
"12159",31,"mark2b",-0.0053008146506659,0.890332476315668,0.996208074900292
"12160",31,"rcor2",0.00358553394113734,0.719309264449339,0.993489446331016
"12161",31,"naa40",0.0345695244228035,0.313119072037975,0.984612275003837
"12162",31,"b3gat3",0.0138047279910172,0.215195987218629,0.984612275003837
"12163",31,"sb:cb1058",-0.0159404937287225,0.012248839713383,0.285431162031599
"12164",31,"LOC111577142",-0.00159411388760372,0.895106088567285,0.996208074900292
"12165",31,"arl2",-0.0117000901612179,0.380275500905028,0.98487850369265
"12166",31,"batf2",0.0142100682612209,0.30612296487967,0.984612275003837
"12167",31,"ppp2r5b",0.0861084994571327,0.00082942601256849,0.285431162031599
"12168",31,"zgc:101765",-0.00037492175215017,0.976863081188404,0.996208074900292
"12169",31,"badb",0.0091775224146631,0.524188473119959,0.98487850369265
"12170",31,"LOC111588381",-0.0436815315096606,0.548118003551462,0.993489446331016
"12171",31,"plcb3",0.00363598865519542,0.719309264449339,0.993489446331016
"12172",31,"ppp1r14bb",0.0477336294775896,0.300322570978371,0.984612275003837
"12173",31,"brms1",-0.00413567128676351,0.612529847123156,0.993489446331016
"12174",31,"prox3",0.00989889081063428,0.760510482608035,0.996208074900292
"12175",31,"snx15",0.0109504521748165,0.18873229118107,0.984612275003837
"12176",31,"pcxb",0.0262151994691161,0.430742565407535,0.98487850369265
"12177",31,"LOC111578546",-0.00991425501110866,0.80069610860413,0.996208074900292
"12178",31,"LOC111567538",-0.0267989363398672,0.596722577353292,0.993489446331016
"12179",31,"LOC129348093",-0.0178701195461806,0.012248839713383,0.285431162031599
"12180",31,"LOC111567543",0.00256181385372812,0.766279328326156,0.996208074900292
"12181",31,"LOC111567535",-0.043227750263077,0.196624988713097,0.984612275003837
"12182",31,"LOC111567545",-0.0161984077091706,0.012248839713383,0.285431162031599
"12183",31,"LOC111567537",0.00795505573019842,0.769835325600834,0.996208074900292
"12184",31,"zdhhc21",-0.0254792751535354,0.165908848863539,0.984612275003837
"12185",31,"LOC111589166",0.0116249590143956,0.563879881789355,0.993489446331016
"12186",31,"LOC111589171",-0.0111267736231796,0.138602840120171,0.984612275003837
"12187",31,"larp7",0.00669916198978927,0.507723230397518,0.98487850369265
"12188",31,"dennd4c",0.00892298465925429,0.340841700847866,0.984612275003837
"12189",31,"LOC111582851",0.00450774868916627,0.719309264449339,0.993489446331016
"12190",31,"ostc",-0.00249055012668771,0.892921293646789,0.996208074900292
"12191",31,"rpl34",-0.0672505872908382,0.00715618537289881,0.285431162031599
"12192",31,"LOC111573588",0.0683683889102431,0.138642748964371,0.984612275003837
"12193",31,"lgi2a",-0.00940556391886197,0.454817323645623,0.98487850369265
"12194",31,"ccdc149a",-0.0335329414994367,0.128516748621207,0.984612275003837
"12195",31,"dhx15",0.00273285666808829,0.910293312195832,0.996208074900292
"12196",31,"ppargc1a",0.0374387286316783,0.430552123975561,0.98487850369265
"12197",31,"kcnip4a",-0.0373938940433684,0.109260223432419,0.984612275003837
"12198",31,"sec24d",0.00755020169058079,0.524188473119959,0.98487850369265
"12199",31,"LOC111564112",0.0419314664164957,0.0546423121968844,0.79447197291339
"12200",31,"LOC111564119",-0.0159404937287225,0.012248839713383,0.285431162031599
"12201",31,"LOC111564120",-0.0382907286780149,0.428947788785141,0.98487850369265
"12202",31,"LOC111565690",0.00150935363822763,0.938726247042887,0.996208074900292
"12203",31,"elavl2",0.0186525486594281,0.758596344867396,0.996208074900292
"12204",31,"LOC111587744",0.0291515198691893,0.418238479330254,0.98487850369265
"12205",31,"LOC111566011",-0.0100704480784978,0.386294312090643,0.98487850369265
"12206",31,"LOC111566015",0.0126596576847934,0.336030771567295,0.984612275003837
"12207",31,"LOC111566014",0.00150929290313723,0.96690343786712,0.996208074900292
"12208",31,"LOC118470033",-0.0187302208021315,0.33228348575559,0.984612275003837
"12209",31,"si:dkey-33c12.4",0.0200758309745402,0.087002895837372,0.96040115740617
"12210",31,"mfsd8",-0.035011724739508,0.187660805895844,0.984612275003837
"12211",31,"LOC111566007",0.00697683070151568,0.524188473119959,0.98487850369265
"12212",31,"LOC111566005",0.0114130060423367,0.340841700847866,0.984612275003837
"12213",31,"LOC111575613",-0.0131613269942146,0.224221171929581,0.984612275003837
"12214",31,"sh3gl2b",0.00223208889065038,0.93932296723475,0.996208074900292
"12215",31,"LOC111575624",-0.00109357741811605,0.920500253427129,0.996208074900292
"12216",31,"LOC111575620",-0.0203295835957858,0.012248839713383,0.285431162031599
"12217",31,"LOC118471035",0.00412148679313237,0.719309264449339,0.993489446331016
"12218",31,"zgc:92594",0.00697683070151568,0.524188473119959,0.98487850369265
"12219",31,"mrpl48",-0.0014639941945331,0.923588914694774,0.996208074900292
"12220",31,"LOC111576690",0.0198281582269874,0.378364927003564,0.98487850369265
"12221",31,"LOC111576698",-0.000435660709915935,0.976863081188404,0.996208074900292
"12222",31,"znf219",-0.00921711589329508,0.733238923329469,0.996208074900292
"12223",31,"ndrg2",0.00810216904579405,0.740293465985141,0.996208074900292
"12224",31,"LOC111576683",-0.0106219448823965,0.70565259270022,0.993489446331016
"12225",31,"si:ch211-63p21.1",-0.036923604165913,0.336374747520096,0.984612275003837
"12226",31,"LOC118469092",-0.0186510287235459,0.216260555637674,0.984612275003837
"12227",31,"arhgef11",-0.0472481342347178,0.0990878992355284,0.984612275003837
"12228",31,"si:cabz01074946.1",0.00514173683298463,0.719309264449339,0.993489446331016
"12229",31,"capn1",-0.0264584838055337,0.012248839713383,0.285431162031599
"12230",31,"sf3b2",-0.0100758408665305,0.612609143129671,0.993489446331016
"12231",31,"LOC111575354",-0.0344724733172232,0.38377632158636,0.98487850369265
"12232",31,"klc2",-0.0522245053532558,0.237265477357455,0.984612275003837
"12233",31,"rbm14b",0.00425015244234022,0.935066926299695,0.996208074900292
"12234",31,"LOC111575353",-0.0272347115044087,0.371134864674215,0.98487850369265
"12235",31,"gal3st3",-0.0568077442333862,0.276139941335797,0.984612275003837
"12236",31,"rin1b",-0.0159404937287225,0.012248839713383,0.285431162031599
"12237",31,"b4gat1",0.00553866567336049,0.823712389718255,0.996208074900292
"12238",31,"pfdn2",0.0172658011923789,0.277437601118121,0.984612275003837
"12239",31,"nit1",0.0122528310634705,0.217677038476982,0.984612275003837
"12240",31,"clcn3",0.0457150260665367,0.454046387590173,0.98487850369265
"12241",31,"mfap3l",-0.00391595844371007,0.768033478910574,0.996208074900292
"12242",31,"intu",0.0063860785295063,0.340841700847866,0.984612275003837
"12243",31,"LOC111580213",-0.022244560192959,0.137592158191253,0.984612275003837
"12244",31,"f13a1b",0.0063860785295063,0.340841700847866,0.984612275003837
"12245",31,"tex261",0.0123257054280607,0.397378904602575,0.98487850369265
"12246",31,"vax2",0.012424714674913,0.340841700847866,0.984612275003837
"12247",31,"adissp",0.00943634442644715,0.340841700847866,0.984612275003837
"12248",31,"gba2",0.010552704865218,0.469516412536079,0.98487850369265
"12249",31,"rgp1",0.0121923763904983,0.213886851382862,0.984612275003837
"12250",31,"pik3c3",0.00446143383632757,0.694876955334428,0.993489446331016
"12251",31,"tesk1b",0.015488407179888,0.59538614468361,0.993489446331016
"12252",31,"faah2b",-0.0223855072083951,0.159044533276163,0.984612275003837
"12253",31,"nelfa",0.000247489226275641,0.983493156365382,0.996956250321918
"12254",31,"c23h4orf48",-0.000555612973937701,0.983556992062929,0.996956250321918
"12255",31,"poln",0.00869390668167196,0.408662606072832,0.98487850369265
"12256",31,"nat8l",-0.0151274915143301,0.715494526182565,0.993489446331016
"12257",31,"txn",0.00298333849782732,0.719309264449339,0.993489446331016
"12258",31,"slc7a8a",0.0203863615931545,0.20319661942781,0.984612275003837
"12259",31,"LOC129348102",0.0605818102436676,0.17489706573543,0.984612275003837
"12260",31,"nedd8",-0.000267891541848369,0.976863081188404,0.996208074900292
"12261",31,"gmpr2",0.00804018279869831,0.27067990966002,0.984612275003837
"12262",31,"efs",0.00682685793431972,0.610243073057508,0.993489446331016
"12263",31,"acin1b",-0.0267781350294486,0.520692494140413,0.98487850369265
"12264",31,"ajuba",0.00363598865519542,0.719309264449339,0.993489446331016
"12265",31,"mrpl52",0.0318737565614232,0.237244205960295,0.984612275003837
"12266",31,"lrp10",0.00864164166700809,0.654820645611481,0.993489446331016
"12267",31,"slc7a7",0.00930640714506853,0.340841700847866,0.984612275003837
"12268",31,"ttc5",-0.00752908839736117,0.530109044737199,0.989372540616599
"12269",31,"mettl3",-0.013651956911488,0.323712041393446,0.984612275003837
"12270",31,"fis1",0.0203531625213178,0.471505908151805,0.98487850369265
"12271",31,"dnajc3b",-0.00313610855841416,0.773156619757894,0.996208074900292
"12272",31,"naa38",-0.00204057995199585,0.895106088567285,0.996208074900292
"12273",31,"chd3",0.0293033912686117,0.136037311764344,0.984612275003837
"12274",31,"sat2a.1",-0.0118072228818164,0.584844787097824,0.993489446331016
"12275",31,"si:dkey-19b23.7",0.0240701221134378,0.37531271255391,0.98487850369265
"12276",31,"rbpjb",0.0496569401098229,0.28029556835702,0.984612275003837
"12277",31,"smim20",0.000695660066228524,0.956540097421271,0.996208074900292
"12278",31,"tbc1d19",0.0101868305479102,0.487404716889518,0.98487850369265
"12279",31,"stim2b",0.00557384928621025,0.628045348807986,0.993489446331016
"12280",31,"LOC129348085",0.00831488200418137,0.524188473119959,0.98487850369265
"12281",31,"pcdh7b",-0.000629608482231279,0.993298498412083,0.998905514632049
"12282",31,"dthd1",0.00298333849782732,0.719309264449339,0.993489446331016
"12283",31,"LOC111570874",0.00298333849782732,0.719309264449339,0.993489446331016
"12284",31,"LOC111571088",-0.0397237894596391,0.577982748781907,0.993489446331016
"12285",31,"zgc:194930",-0.00528091694278184,0.467751263111833,0.98487850369265
"12286",31,"per1b",-0.0076675295781758,0.587492868283921,0.993489446331016
"12287",31,"pcolceb",0.00377563041623869,0.729711501500184,0.996208074900292
"12288",31,"trip6",-0.00284978287260378,0.81901675088688,0.996208074900292
"12289",31,"acap1",-0.000435660709915935,0.976863081188404,0.996208074900292
"12290",31,"agfg2",0.00504715967616944,0.739626671497266,0.996208074900292
"12291",31,"si:ch73-335l21.1",-0.020207877332698,0.328436981186638,0.984612275003837
"12292",31,"acadvl",-0.0605125350421573,0.0290680660968367,0.553198937424516
"12293",31,"cnpy4",0.0143643642896499,0.253506251281439,0.984612275003837
"12294",31,"taf6l",0.00815190899562709,0.340841700847866,0.984612275003837
"12295",31,"mta2",-0.00862744971378784,0.764040458941315,0.996208074900292
"12296",31,"ecsit",0.00943634442644715,0.340841700847866,0.984612275003837
"12297",31,"si:dkey-28a3.2",0.0101267188185519,0.621588526565528,0.993489446331016
"12298",31,"LOC129348169",-0.0555055175256286,0.0419113534659898,0.691887941966861
"12299",31,"rtn3",0.0687520830889419,0.16262179190894,0.984612275003837
"12300",31,"men1",-0.00714916201992135,0.717445263027964,0.993489446331016
"12301",31,"map4k2",0.00685778144146238,0.790208823853858,0.996208074900292
"12302",31,"LOC111587494",-0.0154636686848002,0.463073721917551,0.98487850369265
"12303",31,"sf1",-0.0100550031356076,0.502342533460599,0.98487850369265
"12304",31,"LOC111587492",0.00769971284387896,0.780768246306031,0.996208074900292
"12305",31,"LOC111587497",0.0190322896535925,0.351395196853081,0.98487850369265
"12306",31,"LOC111587491",0.00615599891006022,0.746328572479957,0.996208074900292
"12307",31,"mpdu1b",0.00201687709722917,0.931118386552832,0.996208074900292
"12308",31,"LOC111587503",-0.0275920433382032,0.545440412806621,0.993489446331016
"12309",31,"LOC111583239",0.00734786388338767,0.740204264253668,0.996208074900292
"12310",31,"LOC111584839",0.0119336086319836,0.375646653892566,0.98487850369265
"12311",31,"coro1b",0.00729201244884533,0.705060345350155,0.993489446331016
"12312",31,"dtx4a",0.0124070707966461,0.632622510715807,0.993489446331016
"12313",31,"rgs12a",0.00346272184814428,0.785478933797284,0.996208074900292
"12314",31,"LOC129348182",-0.00074552638009088,0.968478235196831,0.996208074900292
"12315",31,"LOC129348060",0.0166072156081334,0.19155732160717,0.984612275003837
"12316",31,"focad",0.0484023332645652,0.210530152887537,0.984612275003837
"12317",31,"mllt3",0.00343197709950026,0.918525282991438,0.996208074900292
"12318",31,"LOC111565548",0.00634836069548338,0.63545743341097,0.993489446331016
"12319",31,"lrch4",-0.016121515835552,0.012248839713383,0.285431162031599
"12320",31,"adam19a",0.0276679053855954,0.161476096798267,0.984612275003837
"12321",31,"rwdd",0.00273098769900186,0.829547845400572,0.996208074900292
"12322",31,"LOC118470977",-0.00817196686604159,0.228776070648441,0.984612275003837
"12323",31,"LOC111575149",-0.0186135148636375,0.309248703049927,0.984612275003837
"12324",31,"ing2",0.00260841674567715,0.851078273978233,0.996208074900292
"12325",31,"cd68",-0.00390218260247813,0.715710784114265,0.993489446331016
"12326",31,"slx1b",-0.0027955325828129,0.904505453981585,0.996208074900292
"12327",31,"mblac1",0.00233740022948627,0.846193108809955,0.996208074900292
"12328",31,"tm4sf21b",-0.0197562619340111,0.10111864875151,0.984612275003837
"12329",31,"gal3st4",0.0434127686998956,0.254537619616567,0.984612275003837
"12330",31,"vgf",-0.0158729395767068,0.571240790787903,0.993489446331016
"12331",31,"snapc2",-0.0264584838055337,0.012248839713383,0.285431162031599
"12332",31,"ache",0.0703321202351906,0.0937045106980482,0.972275180017018
"12333",31,"pelp1",0.0164614297282677,0.236797167979533,0.984612275003837
"12334",31,"cd99l2",-0.0307355044463715,0.282466803106744,0.984612275003837
"12335",31,"mtmr1a",0.0114412172699123,0.423437786619516,0.98487850369265
"12336",31,"mtm1",0.0167996763315005,0.338785618269856,0.984612275003837
"12337",31,"nat16",0.0574870141218936,0.103423501156582,0.984612275003837
"12338",31,"acox3",0.0104729520438932,0.340841700847866,0.984612275003837
"12339",31,"znf16l",0.0139912837939639,0.340841700847865,0.984612275003837
"12340",31,"sstr1b",0.00423826580507271,0.843897435040857,0.996208074900292
"12341",31,"LOC129348098",-0.00037492175215017,0.976863081188404,0.996208074900292
"12342",31,"rce1a",-0.00870593333098153,0.452814761322523,0.98487850369265
"12343",31,"peli3",-0.0359567950311455,0.0897601906546434,0.964667868932546
"12344",31,"rab1ba",0.0214189100858354,0.426062784560816,0.98487850369265
"12345",31,"ehbp1l1a",-0.00722363907145388,0.502403482819003,0.98487850369265
"12346",31,"hdlbpb",-0.0256120310746581,0.30089860723824,0.984612275003837
"12347",31,"neurl4",0.0276421495623243,0.0609491728249548,0.829931040154665
"12348",31,"shbg",-0.00542558906523357,0.775492635319827,0.996208074900292
"12349",31,"zbtb4",0.0316901970347741,0.449419857481865,0.98487850369265
"12350",31,"LOC111577179",0.00814741041516946,0.416221452802205,0.98487850369265
"12351",31,"polr2a",0.0121290318751756,0.502546651826783,0.98487850369265
"12352",31,"tp53",0.0299459985849775,0.079020267269023,0.925655678776035
"12353",31,"LOC111577193",0.00258917217766387,0.80401770491642,0.996208074900292
"12354",31,"gps2",-0.018254302250503,0.212477396909085,0.984612275003837
"12355",31,"gabarapa",-0.0711491063108623,0.0946541804049998,0.972275180017018
"12356",31,"ctdnep1a",-0.000816688214263619,0.964926279658311,0.996208074900292
"12357",31,"trmt44",-0.00204057995199585,0.895106088567285,0.996208074900292
"12358",31,"gpr78b",0.00247460572893492,0.872331950795761,0.996208074900292
"12359",31,"LOC111577194",0.0063860785295063,0.340841700847866,0.984612275003837
"12360",31,"LOC111578240",-0.00204057995199585,0.895106088567285,0.996208074900292
"12361",31,"LOC129348170",0.0063860785295063,0.340841700847866,0.984612275003837
"12362",31,"ankrd46b",0.00729590718111186,0.635630749302261,0.993489446331016
"12363",31,"LOC111575407",-0.0137625053565117,0.360747159328808,0.98487850369265
"12364",31,"rasl11a",0.0063860785295063,0.340841700847866,0.984612275003837
"12365",31,"usp12b",0.0270356626437981,0.155091672051105,0.984612275003837
"12366",31,"arhgap36",-0.0106734592054038,0.544474423670175,0.993489446331016
"12367",31,"nhsl2",-0.0774304945329785,0.228064185010473,0.984612275003837
"12368",31,"rps4x",0.0601721002096494,0.064322731368427,0.8576587060944
"12369",31,"hdac8",-0.0117706953460848,0.636388679504534,0.993489446331016
"12370",31,"clcn5b",-0.0200229264629769,0.633159095523924,0.993489446331016
"12371",31,"htr2cl1",0.00415093204331285,0.853336995478593,0.996208074900292
"12372",31,"zgc:109889",0.016443349644455,0.747676075464128,0.996208074900292
"12373",31,"gpr185b",-0.0182336097944404,0.698342416409883,0.993489446331016
"12374",31,"si:dkey-172j4.3",-0.0567417581698949,0.0932426840973556,0.972275180017018
"12375",31,"LOC129348155",-0.00888733882114236,0.305420945473845,0.984612275003837
"12376",31,"si:ch211-200p22.4",0.0172254147966448,0.779265670655946,0.996208074900292
"12377",31,"LOC111585721",0.0409671037960685,0.196311535550914,0.984612275003837
"12378",31,"vbp1",0.00687531283246058,0.569114610612011,0.993489446331016
"12379",31,"khnyn",-0.0206404476460312,0.0759383967548938,0.916387702187844
"12380",31,"emc4",-0.0082223717865108,0.523298708943113,0.98487850369265
"12381",31,"LOC129348136",-0.0203295835957858,0.012248839713383,0.285431162031599
"12382",31,"LOC111583416",-0.00898308160910073,0.814871134231505,0.996208074900292
"12383",31,"tox4b",0.00869155897754275,0.752330829856662,0.996208074900292
"12384",31,"supt16h",-0.00817116565213636,0.787617445149302,0.996208074900292
"12385",31,"LOC111564314",0.0063860785295063,0.340841700847866,0.984612275003837
"12386",31,"LOC111583237",-0.0121684618186071,0.309318903164929,0.984612275003837
"12387",31,"lratb.1",0.0257743208251496,0.253766459062132,0.984612275003837
"12388",31,"LOC111575125",0.00703909872905165,0.781643739393147,0.996208074900292
"12389",31,"npy2rl",0.0650390103145515,0.330870008835602,0.984612275003837
"12390",31,"LOC129348161",0.0142867794619902,0.10951282742523,0.984612275003837
"12391",31,"tlr2",0.00363598865519542,0.719309264449339,0.993489446331016
"12392",31,"rnf175",0.0109615178727164,0.524188473119959,0.98487850369265
"12393",31,"LOC111586576",0.0288069323949172,0.346903488840979,0.98487850369265
"12394",31,"LOC111585990",-0.00037492175215017,0.976863081188404,0.996208074900292
"12395",31,"wdr55",-0.0116101685262468,0.167043461477828,0.984612275003837
"12396",31,"LOC111562754",-0.0158651546471635,0.582060971067091,0.993489446331016
"12397",31,"LOC111562751",-0.0076149864417437,0.65687825633257,0.993489446331016
"12398",31,"LOC111562752",-0.010589147108041,0.335080764098178,0.984612275003837
"12399",31,"LOC111585546",-0.0596090650361309,0.0324034519882835,0.592678426050853
"12400",31,"LOC111585547",-0.0349726459701597,0.0617242250559051,0.834815040190129
"12401",31,"LOC111585545",-0.0042990358586321,0.721681204503277,0.994503345271236
"12402",31,"LOC111579695",-0.00622631450841438,0.587217434716111,0.993489446331016
"12403",31,"LOC111579693",-0.00723309451344558,0.679393113874203,0.993489446331016
"12404",31,"LOC111579701",0.035828625529711,0.190333158698404,0.984612275003837
"12405",31,"LOC111579686",0.0104729520438932,0.340841700847866,0.984612275003837
"12406",31,"LOC111579692",-0.0356231235763548,0.164742024239529,0.984612275003837
"12407",31,"LOC111571347",-0.018277746978493,0.583459387896742,0.993489446331016
"12408",31,"LOC111586447",0.00514173683298463,0.719309264449339,0.993489446331016
"12409",31,"LOC111563420",0.00872754214644405,0.719309264449339,0.993489446331016
"12410",31,"LOC111567092",0.00724365415118144,0.512435826154722,0.98487850369265
"12411",31,"LOC111567094",-0.000321088283375322,0.976863081188404,0.996208074900292
"12412",31,"plod3",-0.00234517155291887,0.785972460898736,0.996208074900292
"12413",31,"znhit1",-0.018617438860152,0.211940361853948,0.984612275003837
"12414",31,"LOC111567087",0.000173217572367319,0.991833599733177,0.998749412702406
"12415",31,"LOC111563419",0.0061065713747255,0.719309264449339,0.993489446331016
"12416",31,"slc25a11",0.0022789431001779,0.854609670891974,0.996208074900292
"12417",31,"pfn1",-0.000310864050245439,0.976863081188404,0.996208074900292
"12418",31,"eno3",0.0065757198874064,0.436352656070277,0.98487850369265
"12419",31,"zgc:85858",0.00155821189078553,0.879934319894228,0.996208074900292
"12420",31,"camta2",0.00944239844047368,0.680883190251041,0.993489446331016
"12421",31,"LOC111584166",-0.0239914644211541,0.0503581809830577,0.768981413654383
"12422",31,"LOC118471873",-0.0205951359427508,0.012248839713383,0.285431162031599
"12423",31,"trappc1",-0.00767914107044704,0.518879463019157,0.98487850369265
"12424",31,"psmb6",0.0225700337744551,0.44470644656215,0.98487850369265
"12425",31,"LOC129348066",0.00987734928404135,0.510423607418407,0.98487850369265
"12426",31,"mogat3a",0.00697683070151568,0.524188473119959,0.98487850369265
"12427",31,"atp1b2a",0.0676694887266813,0.104510887746568,0.984612275003837
"12428",31,"hmgb2b",0.00248241240658402,0.918178380601168,0.996208074900292
"12429",31,"ctc1",0.00796353268755413,0.458174811149497,0.98487850369265
"12430",31,"LOC111563200",0.0155805693438738,0.595139896013671,0.993489446331016
"12431",31,"LOC111570747",-0.0206514771069826,0.604423121963534,0.993489446331016
"12432",31,"LOC111579044",0.023089420573465,0.441233197406849,0.98487850369265
"12433",31,"gucy1b2",0.00755020169058079,0.524188473119959,0.98487850369265
"12434",31,"chrm4a",-0.0136984491224132,0.807106789049393,0.996208074900292
"12435",31,"LOC111579045",0.00892298465925429,0.340841700847866,0.984612275003837
"12436",31,"LOC111579043",-0.0338958767130216,0.601804015125885,0.993489446331016
"12437",31,"ankrd10a",0.0022789431001779,0.854609670891974,0.996208074900292
"12438",31,"LOC111568137",0.025188707307244,0.293320807762295,0.984612275003837
"12439",31,"LOC111568138",-0.0312610948988133,0.0878972332863396,0.963905736748171
"12440",31,"atp1b1b",-0.0104025822344396,0.525823907480868,0.986794917521154
"12441",31,"LOC111568148",0.00671329315014306,0.622642175599991,0.993489446331016
"12442",31,"slc19a2",-0.0136061103243407,0.505100968516636,0.98487850369265
"12443",31,"atg3",0.0303005849730078,0.189183239600957,0.984612275003837
"12444",31,"cars2",0.0185384251791368,0.430177838498156,0.98487850369265
"12445",31,"arhgap1",-0.0216342673340674,0.595334748329291,0.993489446331016
"12446",31,"pwp2h",0.0141546328967953,0.340841700847865,0.984612275003837
"12447",31,"eed",-0.000679796235782431,0.976863081188404,0.996208074900292
"12448",31,"LOC111573292",0.0178639737734658,0.604148481647095,0.993489446331016
"12449",31,"col5a2b",-0.0408621916927976,0.107793032534119,0.984612275003837
"12450",31,"fam171b",-0.012652346814678,0.538502993059068,0.993489446331016
"12451",31,"LOC111573326",0.0265269692827868,0.371417435502375,0.98487850369265
"12452",31,"LOC111573352",-0.0174211558993716,0.067027496491351,0.872264865210792
"12453",31,"LOC111573340",-0.00159411388760372,0.895106088567285,0.996208074900292
"12454",31,"LOC111573370",0.0063860785295063,0.340841700847866,0.984612275003837
"12455",31,"LOC111573286",-0.0204231251408351,0.271437578558291,0.984612275003837
"12456",31,"LOC111573214",-0.00153565675829535,0.895106088567285,0.996208074900292
"12457",31,"LOC118471842",-0.0327914890494903,0.374573425789989,0.98487850369265
"12458",31,"kcnh7",-0.0489108306011659,0.229166625701814,0.984612275003837
"12459",31,"LOC118471224",0.00391208306907707,0.80411230758179,0.996208074900292
"12460",31,"LOC111577534",0.00816746356008088,0.897912298647012,0.996208074900292
"12461",31,"scn1lab",-0.00600063090160002,0.904139051487257,0.996208074900292
"12462",31,"LOC111571497",0.00943830876050178,0.620462285414529,0.993489446331016
"12463",31,"LOC111586178",0.118986437099018,0.0450586771778365,0.717074524751119
"12464",31,"LOC129348333",0.00901710492763465,0.340841700847866,0.984612275003837
"12465",31,"atp5f1b",0.0737174457722994,0.112571788913302,0.984612275003837
"12466",31,"LOC111589078",0.0134875697444952,0.540449877795451,0.993489446331016
"12467",31,"LOC129348327",-0.0277323973737058,0.399426294752774,0.98487850369265
"12468",31,"gca",0.0053569303857741,0.759856343782892,0.996208074900292
"12469",31,"LOC111565864",-0.0442737470160567,0.496457511543212,0.98487850369265
"12470",31,"stk24b",-0.0392714039837468,0.0237044648927674,0.482630430443695
"12471",31,"dock9b",-0.00353638118851375,0.876362214210326,0.996208074900292
"12472",31,"LOC111565854",0.0202554050469653,0.620720222396786,0.993489446331016
"12473",31,"LOC118470024",-0.0130762403511216,0.0943338066754644,0.972275180017018
"12474",31,"ical1",-0.0201861082140131,0.476964091443381,0.98487850369265
"12475",31,"fam117ba",0.000976824948672775,0.955010667611581,0.996208074900292
"12476",31,"wdr12",-0.0132148828535011,0.012248839713383,0.285431162031599
"12477",31,"nufip1",0.00943634442644715,0.340841700847866,0.984612275003837
"12478",31,"LOC111566917",0.0237203750101896,0.470163337555316,0.98487850369265
"12479",31,"dmd",0.0105120443590335,0.743021479367092,0.996208074900292
"12480",31,"gtf3c3",-0.0203295835957858,0.012248839713383,0.285431162031599
"12481",31,"hecw2b",0.0110331013127502,0.523157597140944,0.98487850369265
"12482",31,"rpl31",-0.0233593566824968,0.318269806033508,0.984612275003837
"12483",31,"chst10",0.0163312716526664,0.36696726391091,0.98487850369265
"12484",31,"LOC111567325",0.0179120906318512,0.604696525529044,0.993489446331016
"12485",31,"LOC111583877",-0.00772688856353765,0.686491033803507,0.993489446331016
"12486",31,"LOC111583876",0.00828469151161115,0.797916723001286,0.996208074900292
"12487",31,"mcf2la",-0.00300968061861403,0.861247611551851,0.996208074900292
"12488",31,"cdadc1",0.000912815925883409,0.983993990678386,0.996956250321918
"12489",31,"cab39l",0.0205936692059564,0.499503147349988,0.98487850369265
"12490",31,"rcbtb1",0.000774517275001836,0.970962242916725,0.996208074900292
"12491",31,"LOC111582257",0.0221957765693139,0.55799968939956,0.993489446331016
"12492",31,"tubgcp3",-0.00940827829710116,0.718585120455301,0.993489446331016
"12493",31,"arhgef7b",0.00358580531345942,0.719309264449339,0.993489446331016
"12494",31,"zc3h13",0.0192245891964407,0.136433583514587,0.984612275003837
"12495",31,"alg11",0.0160150557181114,0.581719786854436,0.993489446331016
"12496",31,"raph1b",0.0185418223420051,0.569622477205301,0.993489446331016
"12497",31,"fastkd2",-0.00347049317157688,0.638422897446935,0.993489446331016
"12498",31,"retreg2",-0.0083866167353071,0.781399606928479,0.996208074900292
"12499",31,"abcb6a",-0.00202010589693074,0.905670991962099,0.996208074900292
"12500",31,"nrp2a",0.0399094968455644,0.204840618056179,0.984612275003837
"12501",31,"mbnl2",-0.0032509548510148,0.847858930038381,0.996208074900292
"12502",31,"LOC111582606",-0.000293977023095923,0.976863081188404,0.996208074900292
"12503",31,"mrpl39",-0.00616186136534087,0.643408866724238,0.993489446331016
"12504",31,"jam2a",-0.0276788591434727,0.079419724642967,0.927793085605955
"12505",31,"atp5pf",-0.0039006929552562,0.88517812148207,0.996208074900292
"12506",31,"appa",0.0156418686421364,0.647887486525433,0.993489446331016
"12507",31,"cyyr1",-0.00743188576140988,0.448008988218643,0.98487850369265
"12508",31,"LOC111575438",0.015142589343834,0.251890158731518,0.984612275003837
"12509",31,"LOC111575432",-0.0132148828535011,0.012248839713383,0.285431162031599
"12510",31,"LOC111575440",-0.0279148635348573,0.497434218244306,0.98487850369265
"12511",31,"LOC111575443",0.0187446975242582,0.517390230563795,0.98487850369265
"12512",31,"LOC111575429",0.0162635463046226,0.569094773953584,0.993489446331016
"12513",31,"LOC118469463",-0.000293977023095923,0.976863081188404,0.996208074900292
"12514",31,"il1rapl1b",0.0666274716579033,0.00983453105737859,0.285431162031599
"12515",31,"LOC111571714",-0.0157045135661762,0.0538519441127244,0.789265653710186
"12516",31,"LOC111571708",0.00697609495564944,0.47248082386616,0.98487850369265
"12517",31,"LOC111571705",-0.0231302916938771,0.012248839713383,0.285431162031599
"12518",31,"LOC111571707",0.062547518266696,0.0702055950716265,0.883322108729728
"12519",31,"LOC111571710",0.00763607895495861,0.63125136360509,0.993489446331016
"12520",31,"slitrk6",-0.00037492175215017,0.976863081188404,0.996208074900292
"12521",31,"LOC111562844",0.0206134774501531,0.611914266843776,0.993489446331016
"12522",31,"LOC118469708",-0.0671018451920034,0.361434204389208,0.98487850369265
"12523",31,"spry2",-0.0122484588477704,0.173971222420312,0.984612275003837
"12524",31,"ndfip2",0.00616947974413118,0.814632831079874,0.996208074900292
"12525",31,"LOC111563566",-0.0286185967876047,0.499851624082633,0.98487850369265
"12526",31,"LOC111563568",0.0349341554251526,0.102442020721858,0.984612275003837
"12527",31,"LOC111563567",-0.0429550200554009,0.195518795063946,0.984612275003837
"12528",31,"LOC111562792",-0.0104657175174076,0.012248839713383,0.285431162031599
"12529",31,"rp1l1a",-0.016121515835552,0.012248839713383,0.285431162031599
"12530",31,"xkr6a",0.00668529661387333,0.524188473119959,0.98487850369265
"12531",31,"enpp4",-0.0132148828535011,0.012248839713383,0.285431162031599
"12532",31,"mgat5",-0.00708824581745864,0.732426622520767,0.996208074900292
"12533",31,"rcan1b",-0.00978780507297301,0.56992593493518,0.993489446331016
"12534",31,"LOC111562774",-0.00159411388760372,0.895106088567285,0.996208074900292
"12535",31,"cnot9",0.0008653610401205,0.930598338786775,0.996208074900292
"12536",31,"slx9",0.00420081694633948,0.794321758445314,0.996208074900292
"12537",31,"LOC111562780",0.00103485182060315,0.941522086002332,0.996208074900292
"12538",31,"LOC118469567",0.000417014785215705,0.984308635181539,0.996956250321918
"12539",31,"zeb2b",0.0160069818548608,0.743633543997304,0.996208074900292
"12540",31,"LOC129348340",0.0049977086503528,0.691312179123392,0.993489446331016
"12541",31,"LOC118469565",0.00632814928276687,0.421132720781523,0.98487850369265
"12542",31,"LOC111563996",-0.00330641070168345,0.904915132300153,0.996208074900292
"12543",31,"LOC111564006",-0.00537690412410584,0.842420321153655,0.996208074900292
"12544",31,"LOC111564001",-0.0227867415191016,0.443965653882662,0.98487850369265
"12545",31,"LOC111564000",-0.0191167831367769,0.653146102311344,0.993489446331016
"12546",31,"c24h7orf57",0.0051465374926427,0.574747733409286,0.993489446331016
"12547",31,"LOC111564007",-0.00684412469903423,0.651450182692729,0.993489446331016
"12548",31,"LOC111564005",-0.000310864050245439,0.976863081188404,0.996208074900292
"12549",31,"LOC111564002",0.00014788072805622,0.996568904333071,0.999816729949705
"12550",31,"als2b",-0.0174995442448516,0.382353921379178,0.98487850369265
"12551",31,"mpp4b",0.00812054596448869,0.278445653267887,0.984612275003837
"12552",31,"LOC111581150",-0.0244944736931265,0.0685872783182095,0.874521887661703
"12553",31,"LOC111581152",-0.0265983922723552,0.0122488397133829,0.285431162031599
"12554",31,"abi2b",0.00753021848241036,0.84315762191151,0.996208074900292
"12555",31,"LOC111581154",-0.00805496265271979,0.252881455265435,0.984612275003837
"12556",31,"LOC111581945",0.0557856776216209,0.213435358744262,0.984612275003837
"12557",31,"gpd2",-0.0199679416970646,0.45150741705905,0.98487850369265
"12558",31,"LOC129348311",-0.0122537975162836,0.390056943735767,0.98487850369265
"12559",31,"LOC129348310",0.0122164046149065,0.452364152829432,0.98487850369265
"12560",31,"LOC111586012",0.0193491610575059,0.746425396075541,0.996208074900292
"12561",31,"kpnb3",0.0111908246666091,0.50611241983759,0.98487850369265
"12562",31,"atg13",-0.0111828748991386,0.396050520700546,0.98487850369265
"12563",31,"creb3l1",0.00358580531345942,0.719309264449339,0.993489446331016
"12564",31,"zgc:110699",-0.0160715963703328,0.0719295947262705,0.895460192503026
"12565",31,"LOC111585688",-0.0255079279408185,0.481691841024785,0.98487850369265
"12566",31,"unc50",0.00975247207813392,0.461301905657427,0.98487850369265
"12567",31,"LOC111585687",0.00363598865519542,0.719309264449339,0.993489446331016
"12568",31,"LOC111585695",0.013551769528708,0.24491740591938,0.984612275003837
"12569",31,"LOC129348321",-0.00641529739198389,0.394385900909105,0.98487850369265
"12570",31,"stradb",-0.0309020610234319,0.139264400529837,0.984612275003837
"12571",31,"trak2",0.00985522545511153,0.439996251997922,0.98487850369265
"12572",31,"nudt15",0.0116542428356589,0.42840556949558,0.98487850369265
"12573",31,"LOC111566537",0.00697683070151568,0.524188473119959,0.98487850369265
"12574",31,"cckbra",0.00527076309188491,0.784185804639729,0.996208074900292
"12575",31,"LOC129348320",0.00815190899562709,0.340841700847866,0.984612275003837
"12576",31,"nalf1a",-0.0444008051174473,0.00915179656025816,0.285431162031599
"12577",31,"LOC111566540",0.00821394930747987,0.298083922890005,0.984612275003837
"12578",31,"acp2",-0.00641529739198389,0.394385900909105,0.98487850369265
"12579",31,"gpr137c",-0.0240838083285426,0.264001617840087,0.984612275003837
"12580",31,"txndc16",0.00878644194356253,0.81458899031297,0.996208074900292
"12581",31,"ptger2a",0.0063860785295063,0.340841700847866,0.984612275003837
"12582",31,"rtraf",0.0133094014142288,0.17554372830302,0.984612275003837
"12583",31,"sap18",0.0028542758162007,0.754696144820207,0.996208074900292
"12584",31,"timmdc1",0.0100132978477343,0.606242248154208,0.993489446331016
"12585",31,"LOC129348337",-0.0136412979986235,0.341146712203508,0.984612275003837
"12586",31,"LOC111575469",0.00186021343162554,0.907412445612676,0.996208074900292
"12587",31,"pspc1",0.000903241334297954,0.969068653930953,0.996208074900292
"12588",31,"lypd6",0.00167182200752221,0.907354255465738,0.996208074900292
"12589",31,"mmadhca",-0.002220865870776,0.819514888928681,0.996208074900292
"12590",31,"rnd3a",-0.0154081653676189,0.317372848765627,0.984612275003837
"12591",31,"LOC129348240",0.0118170274403178,0.410515081520109,0.98487850369265
"12592",31,"LOC111575479",-0.00733317808672512,0.570827485980396,0.993489446331016
"12593",31,"LOC111575476",-0.00187170817164546,0.97020357290771,0.996208074900292
"12594",31,"zranb3",0.0521823975830963,0.089417072746651,0.964667868932546
"12595",31,"LOC111575478",-0.0402547732616018,0.109744771144324,0.984612275003837
"12596",31,"LOC111575473",0.0249580925243949,0.113707025250166,0.984612275003837
"12597",31,"otos2",-0.00608157214289229,0.568283495047419,0.993489446331016
"12598",31,"nbeal1",-0.0267678771980127,0.56591854423016,0.993489446331016
"12599",31,"LOC111579473",0.00815190899562709,0.340841700847866,0.984612275003837
"12600",31,"LOC111579472",0.00258917217766387,0.80401770491642,0.996208074900292
"12601",31,"LOC111579471",0.00697683070151568,0.524188473119959,0.98487850369265
"12602",31,"LOC111579458",-0.0160396010232623,0.406871547849274,0.98487850369265
"12603",31,"cbsa",0.0230008825747582,0.216470434348622,0.984612275003837
"12604",31,"LOC111579465",0.0143035235020081,0.340841700847865,0.984612275003837
"12605",31,"LOC111579475",0.00697683070151568,0.524188473119959,0.98487850369265
"12606",31,"LOC111579468",0.00363598865519542,0.719309264449339,0.993489446331016
"12607",31,"LOC111579463",-0.0203332220948346,0.707568722530149,0.993489446331016
"12608",31,"LOC111580899",-0.0132148828535011,0.012248839713383,0.285431162031599
"12609",31,"LOC111580289",0.00866752052435582,0.41028901221952,0.98487850369265
"12610",31,"LOC111580292",-0.0179659730201159,0.754406295700388,0.996208074900292
"12611",31,"LOC111580298",0.0124065945432806,0.521904000081686,0.98487850369265
"12612",31,"LOC111580288",0.00717723138644798,0.805795608898175,0.996208074900292
"12613",31,"aamp",0.00537996864228194,0.84416464273209,0.996208074900292
"12614",31,"arpc2",-0.0253035622703648,0.389987189238334,0.98487850369265
"12615",31,"LOC129348339",0.015744374128355,0.173671903013665,0.984612275003837
"12616",31,"LOC111587762",0.00815190899562709,0.340841700847866,0.984612275003837
"12617",31,"nfkbiz",0.00942189064606284,0.574663420683605,0.993489446331016
"12618",31,"gk",0.0298027181068258,0.0959989122186521,0.974963766271218
"12619",31,"LOC111587764",-0.0215633541557182,0.218110185140495,0.984612275003837
"12620",31,"zgc:65895",-0.0195874666298255,0.550607678978042,0.993489446331016
"12621",31,"mtrf1",-0.00909339606036869,0.451368516552043,0.98487850369265
"12622",31,"wbp4",-0.0138078344255737,0.255171463213303,0.984612275003837
"12623",31,"LOC111587753",-0.00378704855486427,0.942420458615643,0.996208074900292
"12624",31,"arl13b",0.0197576296955159,0.0900916126140734,0.964667868932546
"12625",31,"LOC111565647",0.121531684351067,0.185752055488102,0.984612275003837
"12626",31,"LOC111565649",-0.00805496265271979,0.252881455265435,0.984612275003837
"12627",31,"spega",-0.0029208951545796,0.959300371969508,0.996208074900292
"12628",31,"LOC111565636",0.0217609181529956,0.71149578048739,0.993489446331016
"12629",31,"prox1a",-0.0518871604637901,0.012248839713383,0.285431162031599
"12630",31,"LOC129348326",-0.0174761504870179,0.126417076402182,0.984612275003837
"12631",31,"LOC111565638",0.0286875234085751,0.274685298506632,0.984612275003837
"12632",31,"mrps9",-0.00217974145506292,0.918986833761318,0.996208074900292
"12633",31,"pou3f3b",0.0100753518747384,0.685833566118071,0.993489446331016
"12634",31,"LOC118471656",0.027479266429908,0.175277241675276,0.984612275003837
"12635",31,"LOC111581782",-0.00153565675829535,0.895106088567285,0.996208074900292
"12636",31,"LOC111581789",-0.00384546582616744,0.710107358524271,0.993489446331016
"12637",31,"LOC111581816",-0.0293552427219749,0.349078001682566,0.98487850369265
"12638",31,"LOC111581797",0.00284023616236144,0.768910469369393,0.996208074900292
"12639",31,"LOC111572256",-0.0210084807776914,0.713235541593419,0.993489446331016
"12640",31,"LOC111571822",-0.0169942159831006,0.703495633193762,0.993489446331016
"12641",31,"lancl1",-0.0262752882438849,0.0946730880050873,0.972275180017018
"12642",31,"LOC111571821",0.0133812122493845,0.737070765850353,0.996208074900292
"12643",31,"LOC111563024",0.0063860785295063,0.340841700847866,0.984612275003837
"12644",31,"LOC111563022",-0.0264584838055337,0.012248839713383,0.285431162031599
"12645",31,"LOC111563020",0.00720349205008287,0.40823668102734,0.98487850369265
"12646",31,"mettl21a",0.0341028458100247,0.493986583729538,0.98487850369265
"12647",31,"ccnyl1",0.00932029281308186,0.40975981301783,0.98487850369265
"12648",31,"tns1a",-0.0141009534762035,0.737209243795452,0.996208074900292
"12649",31,"LOC129348325",0.0133194139836609,0.458119672950572,0.98487850369265
"12650",31,"igfbp2a",-0.00028508997030741,0.989307007494977,0.998253544131569
"12651",31,"stk11ip",-0.0305067353089537,0.0744136224913868,0.908591954326234
"12652",31,"LOC111579712",-0.0108406392695577,0.384537881858516,0.98487850369265
"12653",31,"LOC111579052",0.00849171821814315,0.501577080753277,0.98487850369265
"12654",31,"LOC111571817",0.015489393300159,0.625657956204674,0.993489446331016
"12655",31,"LOC118471094",-0.00588704930749115,0.653572568870086,0.993489446331016
"12656",31,"LOC129348332",-0.00447071713815896,0.78592569984886,0.996208074900292
"12657",31,"LOC118471180",0.0063860785295063,0.340841700847866,0.984612275003837
"12658",31,"LOC118470395",-0.000293977023095923,0.976863081188404,0.996208074900292
"12659",31,"LOC111581571",-0.000310864050245439,0.976863081188404,0.996208074900292
"12660",31,"LOC129348286",-0.00433433700478434,0.895559779606197,0.996208074900292
"12661",31,"LOC129348266",0.00363598865519542,0.719309264449339,0.993489446331016
"12662",31,"LOC118470440",-0.0161984077091706,0.012248839713383,0.285431162031599
"12663",31,"LOC129348256",0.00644265389223017,0.629424894144505,0.993489446331016
"12664",31,"LOC129348290",-0.0106939615862805,0.27936640798747,0.984612275003837
"12665",31,"LOC129347288",-0.000998496008703127,0.944322306137455,0.996208074900292
"12666",31,"LOC129348282",-0.0168677228647548,0.1587871682434,0.984612275003837
"12667",31,"LOC129348301",-0.0328027679750281,0.0666695319246727,0.872264865210792
"12668",31,"LOC118469405",0.00363598865519542,0.719309264449339,0.993489446331016
"12669",31,"LOC111565021",0.00803921022558703,0.340841700847865,0.984612275003837
"12670",31,"LOC129348265",-0.0183659400772204,0.530709662745879,0.989678576489402
"12671",31,"LOC118471071",0.00298333849782732,0.719309264449339,0.993489446331016
"12672",31,"f2",-0.00159655633335685,0.895106088567285,0.996208074900292
"12673",31,"LOC111587271",0.00532728080169231,0.385368605442367,0.98487850369265
"12674",31,"dnajc27",0.0039417248196722,0.772829157778634,0.996208074900292
"12675",31,"LOC111566053",0.0124938604464444,0.583698792979134,0.993489446331016
"12676",31,"creg1",0.00610550585587639,0.449472211946486,0.98487850369265
"12677",31,"setdb2",-0.00159474886036318,0.902017662894887,0.996208074900292
"12678",31,"LOC111566059",-0.0065525342152244,0.597180300941508,0.993489446331016
"12679",31,"pcid2",-0.000293977023095923,0.976863081188404,0.996208074900292
"12680",31,"LOC111566061",0.00358580531345942,0.719309264449339,0.993489446331016
"12681",31,"LOC111566052",0.0236842749088692,0.283160998405326,0.984612275003837
"12682",31,"senp7b",0.00504612501119096,0.719309264449339,0.993489446331016
"12683",31,"LOC111569308",-0.016121515835552,0.012248839713383,0.285431162031599
"12684",31,"dph3",0.00298333849782732,0.719309264449339,0.993489446331016
"12685",31,"cdk15",0.00358580531345942,0.719309264449339,0.993489446331016
"12686",31,"LOC111569301",-0.0301555498820924,0.512906504921743,0.98487850369265
"12687",31,"LOC118470358",-0.0110097694098578,0.15498934646593,0.984612275003837
"12688",31,"eif5b",-0.00331050740249487,0.792840102690956,0.996208074900292
"12689",31,"lipt1",-0.000425992009327024,0.976863081188404,0.996208074900292
"12690",31,"nhsl1a",0.00990206942517786,0.472348927620051,0.98487850369265
"12691",31,"LOC111574198",0.00236305712325849,0.846718167701118,0.996208074900292
"12692",31,"fbxo3",0.00893802836763217,0.543026107637992,0.993489446331016
"12693",31,"LOC111574205",-0.0124123650461188,0.417354873050949,0.98487850369265
"12694",31,"fmnl2b",-0.00390036807052821,0.790462264872345,0.996208074900292
"12695",31,"vps16",0.0033786567450183,0.841008403990569,0.996208074900292
"12696",31,"cavin2b",0.00358580531345942,0.719309264449339,0.993489446331016
"12697",31,"eef1b2",0.0344075592933766,0.170684273766096,0.984612275003837
"12698",31,"zdbf2",-0.0354984345029324,0.032393967487739,0.592678426050853
"12699",31,"LOC111584452",-0.0108259765725116,0.443592022532325,0.98487850369265
"12700",31,"lrrfip1b",0.0001184922972012,0.996580444885597,0.999816729949705
"12701",31,"LOC111580121",0.019481686758565,0.531459844070972,0.990375937672744
"12702",31,"agap1",0.0438346553946634,0.365240931427441,0.98487850369265
"12703",31,"LOC111584936",-0.000418266595330516,0.976863081188404,0.996208074900292
"12704",31,"LOC111586169",0.00363598865519542,0.719309264449339,0.993489446331016
"12705",31,"LOC111572686",-0.00708167208703591,0.804626553547205,0.996208074900292
"12706",31,"LOC111584373",0.0102309504816665,0.524188473119959,0.98487850369265
"12707",31,"LOC111584376",-0.0111119635329361,0.340258714647542,0.984612275003837
"12708",31,"LOC111567251",-0.00489302525654287,0.74523027743095,0.996208074900292
"12709",31,"LOC111567241",0.0390840680019478,0.322002295987058,0.984612275003837
"12710",31,"LOC111581543",-0.0093808058122155,0.841077642721218,0.996208074900292
"12711",31,"LOC129348239",0.00358580531345942,0.719309264449339,0.993489446331016
"12712",31,"LOC111582343",0.0542727825573084,0.337682812519738,0.984612275003837
"12713",31,"LOC111586500",-0.0193839660998828,0.40548584266834,0.98487850369265
"12714",31,"LOC111580848",-0.0181597056006543,0.012248839713383,0.285431162031599
"12715",31,"LOC111573844",0.000226072318953891,0.988909715523118,0.998248596916269
"12716",31,"LOC111574163",-0.0369520819553713,0.282310992753952,0.984612275003837
"12717",31,"stat1a",-0.03197906691427,0.358336903523141,0.98487850369265
"12718",31,"sumo1",-0.0252849442788468,0.119422997667944,0.984612275003837
"12719",31,"map3k2",-0.00287778375907258,0.789459318195429,0.996208074900292
"12720",31,"si:ch211-113j14.1",0.00755020169058079,0.524188473119959,0.98487850369265
"12721",31,"tmem198b",-0.0366260260671992,0.102215755766455,0.984612275003837
"12722",31,"desmb",0.0102344665280609,0.340841700847866,0.984612275003837
"12723",31,"LOC111562628",0.00491910537403066,0.865878047258105,0.996208074900292
"12724",31,"LOC111582834",0.00759226106244281,0.549237048907684,0.993489446331016
"12725",31,"rpgrb",0.0195635433156386,0.0401585245942656,0.67511585186192
"12726",31,"LOC129348328",0.0065757198874064,0.436352656070277,0.98487850369265
"12727",31,"s100b",0.0187432775308629,0.447862078461758,0.98487850369265
"12728",31,"ahr2",0.0107179449861465,0.478534628320274,0.98487850369265
"12729",31,"ahr1b",0.00977801425089683,0.528827929942717,0.988671601424753
"12730",31,"LOC111571217",0.00892298465925429,0.340841700847866,0.984612275003837
"12731",31,"mfsd6a",0.0105713205536555,0.524188473119959,0.98487850369265
"12732",31,"LOC111582068",0.0100220671847017,0.341578125570744,0.984612275003837
"12733",31,"LOC111586727",0.0134017849587846,0.170176060981967,0.984612275003837
"12734",31,"si:ch211-246m6.4",0.0063860785295063,0.340841700847866,0.984612275003837
"12735",31,"bzw1a",-9.11687554813656e-05,0.996824472060045,0.999816729949705
"12736",31,"aox6",-0.00279802366139497,0.895106088567285,0.996208074900292
"12737",31,"arl4ca",0.00879618982967894,0.408330512858615,0.98487850369265
"12738",31,"LOC111570748",-0.0143024694599468,0.653250583591844,0.993489446331016
"12739",31,"LOC118469282",-0.000456317783854454,0.976863081188404,0.996208074900292
"12740",31,"kynu",-0.0161984077091706,0.012248839713383,0.285431162031599
"12741",31,"LOC118470731",0.0272952259619368,0.357605460543936,0.98487850369265
"12742",31,"pudp",0.00803921022558703,0.340841700847865,0.984612275003837
"12743",31,"nlgn4xa",0.0324135173838624,0.65295634448898,0.993489446331016
"12744",31,"prkx",-0.0105217416581315,0.389150480583731,0.98487850369265
"12745",31,"dhrsx",-0.00609453922264126,0.7213120539879,0.994439995324892
"12746",31,"LOC129348387",0.0028542758162007,0.754696144820207,0.996208074900292
"12747",31,"LOC129348398",0.00626431327642107,0.340841700847866,0.984612275003837
"12748",31,"LOC111578805",0.00902875872543951,0.408789191821913,0.98487850369265
"12749",31,"LOC111574162",0.0081498771923978,0.908400855806163,0.996208074900292
"12750",31,"LOC111575175",-0.00393192681359616,0.639328844263136,0.993489446331016
"12751",31,"LOC111575164",-0.0173462450979584,0.118907981070246,0.984612275003837
"12752",31,"LOC118469957",0.00697683070151568,0.524188473119959,0.98487850369265
"12753",31,"LOC129348403",0.00950824588755536,0.340841700847865,0.984612275003837
"12754",31,"dbn1",0.00580194723783188,0.49970487275809,0.98487850369265
"12755",31,"psma5",0.0144431118497948,0.46729832635978,0.98487850369265
"12756",31,"dctn1b",0.0130214507140307,0.419249012596384,0.98487850369265
"12757",31,"LOC129348405",0.00992323538585495,0.39763285590052,0.98487850369265
"12758",31,"armc8",0.00779723060770323,0.601481289793057,0.993489446331016
"12759",31,"LOC129348407",-0.0131132928033865,0.512510248706454,0.98487850369265
"12760",31,"LOC111570002",-0.0174211558993716,0.067027496491351,0.872264865210792
"12761",31,"LOC111569801",0.0122476477342508,0.419210620738649,0.98487850369265
"12762",31,"LOC111587869",0.00412148679313237,0.719309264449339,0.993489446331016
"12763",31,"LOC111569015",0.0113466506114135,0.587918023942681,0.993489446331016
"12764",31,"LOC111582010",0.00450774868916627,0.719309264449339,0.993489446331016
"12765",31,"LOC111576588",-0.0183174083242627,0.228220970900099,0.984612275003837
"12766",31,"dclre1c",-0.0223837634952113,0.10863001470872,0.984612275003837
"12767",31,"LOC111585819",0.00972509843583829,0.50411140281604,0.98487850369265
"12768",31,"cdca5",-0.0161984077091706,0.012248839713383,0.285431162031599
"12769",31,"psmb2",0.00503623884475337,0.839563814642418,0.996208074900292
"12770",31,"LOC118471049",0.00105957730144844,0.920443483559921,0.996208074900292
"12771",31,"LOC129348440",-0.000580104612459221,0.969435264538275,0.996208074900292
"12772",31,"eif4h",0.00476366443673475,0.807124164537018,0.996208074900292
"12773",31,"LOC129348454",0.00688932330541572,0.741476085874615,0.996208074900292
"12774",31,"LOC129348457",0.0073749677282857,0.751239222140902,0.996208074900292
"12775",31,"LOC118469666",-0.00982029137161398,0.324814267067659,0.984612275003837
"12776",31,"LOC111586842",0.0185484234579729,0.771956431743365,0.996208074900292
"12777",31,"LOC129348467",0.00609352693005416,0.524188473119959,0.98487850369265
"12778",31,"dis3l",0.00671934288173805,0.557212255908515,0.993489446331016
"12779",31,"tipin",0.00755020169058079,0.524188473119959,0.98487850369265
"12780",31,"LOC111562769",-0.000267891541848369,0.976863081188404,0.996208074900292
"12781",31,"cd8b",0.00189424939339781,0.86608915757183,0.996208074900292
"12782",31,"LOC118470338",0.00626431327642107,0.340841700847866,0.984612275003837
"12783",31,"nubpl",0.00901171833785996,0.480133242324422,0.98487850369265
"12784",31,"LOC129348475",0.015388417994824,0.340841700847865,0.984612275003837
"12785",31,"mrpl13",-0.00064926211174454,0.952781161375563,0.996208074900292
"12786",31,"si:cabz01090165.1",-0.0130762403511216,0.0943338066754644,0.972275180017018
"12787",31,"LOC129348476",-0.0701235395858247,0.0467042729991527,0.735965245405567
"12788",31,"itgb2",0.00332512460494998,0.80086902036934,0.996208074900292
"12789",31,"bnip1b",-0.0142372424488659,0.275697750173476,0.984612275003837
"12790",31,"LOC129348487",-0.0203340789959342,0.131922719678561,0.984612275003837
"12791",31,"LOC129348488",-0.0203295835957858,0.012248839713383,0.285431162031599
"12792",31,"LOC111588353",-0.0150688205870319,0.329392750672629,0.984612275003837
"12793",31,"wdr13",0.0307562493267204,0.270710559033986,0.984612275003837
"12794",31,"porcn",0.0126374735547835,0.303020186561404,0.984612275003837
"12795",31,"LOC111572647",-0.0069806295842503,0.791519063187296,0.996208074900292
"12796",31,"LOC111579903",-0.00540160595674495,0.541816685820402,0.993489446331016
"12797",31,"LOC129348494",0.00952281500728993,0.650231935615565,0.993489446331016
"12798",31,"LOC118471803",0.00377586312927356,0.88839687178967,0.996208074900292
"12799",31,"LOC129348497",-0.0178701195461806,0.012248839713383,0.285431162031599
"12800",31,"LOC118471018",-0.00991326504538148,0.371202106385068,0.98487850369265
"12801",31,"LOC129348506",0.00358580531345942,0.719309264449339,0.993489446331016
"12802",31,"LOC129348508",-0.00613817348504886,0.442024526473224,0.98487850369265
"12803",31,"LOC129348510",-0.0103368683092569,0.454455680388491,0.98487850369265
"12804",31,"LOC111562855",-0.00839481190299426,0.834423824949324,0.996208074900292
"12805",31,"atp5mc1",0.0123727084801365,0.74080419520909,0.996208074900292
"12806",31,"LOC129348519",0.0063860785295063,0.340841700847866,0.984612275003837
"12807",31,"LOC129348517",0.00697683070151568,0.524188473119959,0.98487850369265
"12808",31,"LOC129348521",0.00829553567994305,0.282926254222774,0.984612275003837
"12809",31,"LOC129348531",0.0104729520438932,0.340841700847866,0.984612275003837
"12810",31,"KEG47-r02",-0.0734146765039223,0.360016810227033,0.98487850369265
"12811",31,"KEG47-r01",-0.0789952009649632,0.148651476532192,0.984612275003837
"12812",31,"KEG47-t03",-0.00159655633335685,0.895106088567285,0.996208074900292
"12813",31,"KEG47-p13",-0.0774316778453855,0.287051909767291,0.984612275003837
"12814",31,"KEG47-p12",-0.0394404555765927,0.632918744457517,0.993489446331016
"12815",31,"KEG47-p11",-0.0873923279675999,0.197813234226028,0.984612275003837
"12816",31,"KEG47-p10",-0.0290983240284605,0.687153252769493,0.993489446331016
"12817",31,"KEG47-p09",-0.0238911643875812,0.551241530886287,0.993489446331016
"12818",31,"KEG47-p08",-0.0471926685901965,0.586729898257853,0.993489446331016
"12819",31,"KEG47-p07",-0.0498627371347246,0.442475246679367,0.98487850369265
"12820",31,"KEG47-p06",0.00543639635727452,0.931781353447948,0.996208074900292
"12821",31,"KEG47-t16",-0.00159411388760372,0.895106088567285,0.996208074900292
"12822",31,"KEG47-p05",0.011126008750488,0.681532210487107,0.993489446331016
"12823",31,"KEG47-p04",-0.0985204581774602,0.0908223250593813,0.964667868932546
"12824",31,"KEG47-t18",0.0179604267189541,0.124342889820551,0.984612275003837
"12825",31,"KEG47-p03",-0.0135799376872358,0.781406921622539,0.996208074900292
"12826",31,"KEG47-p02",0.00749710157078862,0.725107246678033,0.996208074900292
"12827",31,"KEG47-p01",-0.0723479266221224,0.276845987042087,0.984612275003837
