"","mmusculus_name","aocellaris_name"
"1","",""
"2","mt-Nd1","ND1"
"3","mt-Nd2","ND2"
"4","mt-Co1","COX1"
"5","mt-Co2","COX2"
"6","","ATP8"
"7","mt-Atp6","ATP6"
"8","mt-Co3","COX3"
"9","mt-Nd3","ND3"
"10","","ND4L"
"11","mt-Nd4","ND4"
"12","mt-Nd5","ND5"
"13","mt-Nd6","ND6"
"14","mt-Cytb","CYTB"
"15","Sec22b",""
"16","Ptgfr",""
"17","Acot11","acot11b"
"18","Fpgt","fpgt"
"19","Tnni3k","tnni3k"
"20","Erich3",""
"21","","elovl8b"
"22","Glis1","LOC111583907"
"23","Dio1","dio1"
"24","Ssbp3","ssbp3b"
"25","","LOC111581922"
"26","Slc44a5","slc44a5b"
"27","Vmo1","LOC111576925"
"28","Dmbx1","LOC111585833"
"29","Uqcrh",""
"30","Timm44","timm44"
"31","Cables1",""
"32","Btf3l4","btf3l4"
"33","Btf3l4b","btf3l4"
"34","Zfyve9",""
"35","Elovl1","elovl1b"
"36","Mob3c","mob3c"
"37","","mknk1"
"38","Gpi1","LOC111578303"
"39","Dmap1","dmap1"
"40","St6galnac5","st6galnac5b"
"41","Hnrnpm","hnrnpm"
"42","Rnf220",""
"43","Lsm14a","lsm14aa"
"44","Guk1","guk1b"
"45","","LOC111578293"
"46","Kctd15","LOC111578294"
"47","Znrf1","znrf1"
"48","Gins3","gins3"
"49","Alkal1","alkal1"
"50","Mindy4","mindy4"
"51","Nexn","nexn"
"52","Tph2","tph2"
"53","Tab3","tab3"
"54","Tmem47","tmem47"
"55","","LOC111585834"
"56","","LOC129350428"
"57","Tbc1d15",""
"58","Abhd17a","abhd17ab"
"59","Plin5","plin3"
"60","Plin3","plin3"
"61","Plin4","plin3"
"62","Sema6b","sema6bb"
"63","Nup160","nup160"
"64","","rorca"
"65","Sh3gl1","sh3gl1b"
"66","Mpnd","mpnd"
"67","Mutyh","mutyh"
"68","Frs2","LOC111578300"
"69","Ptprb","LOC111578298"
"70","Ctrb1","LOC111567950"
"71","","LOC118469504"
"72","Megf11","LOC111567996"
"73","Rab11a","rab11a"
"74","Sh2d7",""
"75","Dapk3","dapk2a"
"76","Herc1",""
"77","Tspan18","LOC111568736"
"78","Cd82","LOC111578656"
"79","Olfm5","LOC111585756"
"80","Emilin1","LOC111571013"
"81","Kcng4","LOC111581437"
"82","Agrp",""
"83","Ndrg4","ndrg4"
"84","Vps13c",""
"85","Hsd17b12","hsd17b12b"
"86","Gpr84","galr1b"
"87","Gpr150","galr1b"
"88","Gpn1","gpn1"
"89","Stmn4","stmn4l"
"90","Il17f","il17a/f1"
"91","Kmt5b",""
"92","Rpl12","rpl12"
"93","Olfm5","LOC111585757"
"94","Olfm5","LOC111585759"
"95","Olfm5",""
"96","Paqr8","LOC111578888"
"97","Smpd3","smpd3"
"98","Zfp395",""
"99","","LOC111585760"
"100","Traf6","traf6"
"101","Zfc3h1",""
"102","Trpm5","trpm5"
"103","","LOC118471122"
"104","","LOC111585526"
"105","","LOC111585527"
"106","","lamb4"
"107","Ttc17","ttc17"
"108","","cdkn1ca"
"109","","kcnq1.1"
"110","Lingo1","lingo1b"
"111","Luzp2","luzp2"
"112","","cngb1a"
"113","Lamb1","lamb1a"
"114","Wdr83","wdr83"
"115","Pspn",""
"116","Yju2b","yju2b"
"117","C3",""
"118","Wdr83os","wdr83os"
"119","Mfng","mfng"
"120","","LOC111569834"
"121","Man2b1","man2b1"
"122","Sstr1",""
"123","Sec23a","sec23a"
"124","Kifc3",""
"125","Ehd4",""
"126","2700097O09Rik","zgc:109986"
"127","Akap6",""
"128","Slc3a2","LOC111568660"
"129","Srp54c","srp54"
"130","Srp54b","srp54"
"131","Srp54a","srp54"
"132","","nlgn4xa"
"133","","gyg2"
"134","","cd99"
"135","","anos1a"
"136","Sts",""
"137","Npas3",""
"138","Pudp","pudp"
"139","Haus2","haus2"
"140","","pnpla4"
"141","Gabarapl2",""
"142","Lrrc57","lrrc57"
"143","Dnpep","dnpep"
"144","Nqo2","nqo1"
"145","Tyro3",""
"146","Bbox1",""
"147","Fibin","fibinb"
"148","Madd",""
"149","","dhrsx"
"150","Ptprn","LOC111562628"
"151","Dhh","LOC111582838"
"152","Nhej1",""
"153","Tdp2",""
"154","Rpgr",""
"155","S100b","s100b"
"156","Mdga2","mdga2a"
"157","","ahr2"
"158","","ahr1b"
"159","Bin1","bin1b"
"160","","LOC111571217"
"161","Mfsd6","mfsd6a"
"162","Nab1","LOC111586848"
"163","Tapt1",""
"164","","si:ch211-246m6.4"
"165","Bzw1","bzw1a"
"166","Aox2",""
"167","Aox4",""
"168","Aox3",""
"169","Aox1",""
"170","Mga",""
"171","Dhrs13",""
"172","Dhrs13","LOC111579617"
"173","Hikeshi","hikeshi"
"174","Heatr5a",""
"175","Katnb1","katnb1"
"176","Trmt1","trmt1"
"177","Nr1h3","nr1h3"
"178","Nacc1","nacc1b"
"179","","LOC111588704"
"180","","mapkbp1"
"181","","il17a/f2"
"182","Tshb","LOC111571034"
"183","Kcna4","kcna4"
"184","Hectd1","hectd1"
"185","Cacna1a","cacna1ab"
"186","Tmem138",""
"187","Cfap70","cfap70"
"188","Ap4s1","ap4s1"
"189","Ddb1","ddb1"
"190","Cbln3",""
"191","Tbpl2","tbpl2"
"192","Jmjd7","jmjd7"
"193","Fbxo34",""
"194","Strn3",""
"195","Cebpa","cebpa"
"196","Tspan4","tspan4a"
"197","Syne2",""
"198","","cebpg"
"199","Pth",""
"200","Btbd10","LOC111569309"
"201","Gphb5","gphb5"
"202","Fhod1","fhod1"
"203","Kcnh5","kcnh5b"
"204","Bmal1","bmal1a"
"205","Ppp2r5e","ppp2r5eb"
"206","Slc9a5","slc9a5"
"207","Wdr89","wdr89"
"208","Sgpp1","sgpp1b"
"209","Syt16","syt16"
"210","Snapc1","snapc1b"
"211","","LOC111585872"
"212","","LOC111585868"
"213","","LOC111585871"
"214","","LOC111585864"
"215","Rab8b","LOC111567953"
"216","Idh3a",""
"217","Rcor1","rcor1"
"218","Ankrd9","ankrd9"
"219","Cib2","LOC111567958"
"220","Tecpr2","tecpr2"
"221","Taldo1","taldo1"
"222","Anxa2","LOC111578891"
"223","Cog8","cog8"
"224","Nob1","nob1"
"225","Wdr59","wdr59"
"226","Plekha3","plekha3"
"227","Cdh11","cdh11"
"228","Zfp839",""
"229","Cinp","cinp"
"230","","im:7136021"
"231","Gpatch1","gpatch1"
"232","Dkc1","dkc1"
"233","Dis3l","LOC111586411"
"234","Hsd11b2","hsd11b2"
"235","Zdhhc1",""
"236","Tppp3",""
"237","Trpm1","LOC111567952"
"238","Psma5","psma5"
"239","Sort1","LOC111587439"
"240","Inhbb","LOC111574682"
"241","Yaf2","LOC111575175"
"242","Gxylt1","LOC111575164"
"243","Mipol1","mipol1"
"244","C330018D20Rik",""
"245","","foxa1"
"246","2700049A03Rik","kiaa0586"
"247","Irf2bpl","irf2bpl"
"248","","timm9"
"249","Ehd4","LOC111581399"
"250","Nanos1","LOC111583328"
"251","Arid4a","arid4a"
"252","G2e3","g2e3"
"253","Dact1","dact1"
"254","Psma3","psma3"
"255","Coch","coch"
"256","Snx6","snx6"
"257","Serpine3",""
"258","Nicn1","nicn1"
"259","Nicn1","LOC111582010"
"260","Prlhr",""
"261","Tpmt",""
"262","","prickle2b"
"263","Tpmt","LOC129348416"
"264","Ccdc32",""
"265","Acss3",""
"266","Phox2b","phox2bb"
"267","Limch1",""
"268","Bbs7","bbs7"
"269","Sft2d2","LOC111581786"
"270","Htr4","htr4"
"271","Chd1l","chd1l"
"272","Coq8b","LOC129348432"
"273","Pde6b","pde6a"
"274","Clk4",""
"275","Clk3",""
"276","Akt3",""
"277","Drosha",""
"278","Eloa","eloa"
"279","","LOC111575235"
"280","Pithd1","pithd1"
"281","","LOC111575234"
"282","","LOC111575233"
"283","","LOC111575240"
"284","Foxg1","foxg1a"
"285","Egln3","egln3"
"286","Cfl2","cfl2"
"287","","dnai2b"
"288","Sptssa","sptssa"
"289","Eapp","eapp"
"290","Lgals7",""
"291","Lgals12",""
"292","Lgals1",""
"293","Dusp11","LOC118470990"
"294","","LOC111575244"
"295","Slc9a1",""
"296","Prkd1","prkd1"
"297","Mgat4b",""
"298","","LOC111570020"
"299","Eif4h",""
"300","Psmb2","psmb2"
"301","","LOC129348847"
"302","","rplp2"
"303","Cdca5","cdca5"
"304","","LOC111581566"
"305","","LOC129348469"
"306","Gpat3","gpat3"
"307","","LOC111585054"
"308","","LOC111573393"
"309","","LOC111573400"
"310","","LOC111571248"
"311","","LOC111574853"
"312","","LOC111584169"
"313","","LOC111585621"
"314","","LOC111577192"
"315","","LOC111565300"
"316","","LOC111574881"
"317","Dera",""
"318","Msi1","LOC111574306"
"319","","LOC129348485"
"320","","LOC129348355"
"321","","LOC129348354"
"322","","LOC111577173"
"323","","LOC129348502"
"324","","LOC129348436"
"325","","LOC129348435"
"326","","LOC129348369"
"327","","LOC129348368"
"328","","LOC129348367"
"329","","LOC129348366"
"330","","LOC129348364"
"331","","LOC129348362"
"332","","LOC129348361"
"333","","LOC129348360"
"334","","LOC129348358"
"335","","LOC129348353"
"336","","LOC111588729"
"337","","LOC111588679"
"338","","LOC111587998"
"339","","LOC111586975"
"340","","LOC111586974"
"341","","LOC111585999"
"342","","LOC111582326"
"343","","LOC111578160"
"344","","LOC111577273"
"345","","LOC111577268"
"346","","LOC111577174"
"347","","LOC111576458"
"348","","LOC111575762"
"349","","LOC111575761"
"350","","LOC111575760"
"351","","LOC111573579"
"352","","LOC111573577"
"353","","LOC111573576"
"354","","LOC111570384"
"355","","LOC111570019"
"356","","LOC111570018"
"357","","LOC111570017"
"358","","LOC111568117"
"359","Armc8",""
"360","Mbl2",""
"361","Mbl1",""
"362","Zdhhc25","zgc:77880"
"363","Zdhhc25","LOC111566689"
"364","Dtd2","LOC129349237"
"365","Dtd2","LOC111576685"
"366","Nubpl",""
"367","","LOC129348500"
"368","","LOC111586973"
"369","","LOC129348501"
"370","","LOC129348365"
"371","","LOC129348363"
"372","","LOC111582333"
"373","","LOC111577262"
"374","","LOC129348499"
"375","","LOC129348498"
"376","","LOC111582320"
"377","","LOC111569149"
"378","Abraxas1",""
"379","Kctd9",""
"380","Ncf1","LOC129348438"
"381","Ncf1","LOC111586256"
"382","Cd8b1","cd8b"
"383","","atp5mc1"
"384","Septin14",""
"385","","marchf5l"
"386","Helq","helq"
"387","","LOC129348352"
"388","","LOC129348351"
"389","","LOC111575764"
"390","","LOC129348477"
"391","Nat8f5",""
"392","Nat8f3",""
"393","Nat8",""
"394","Nat8f2",""
"395","Nat8f6",""
"396","Nat8f1",""
"397","Nat8f4",""
"398","Nat8f7",""
"399","","mrps18c"
"400","Hpse","hpse"
"401","Actr1a","actr1b"
"402","","LOC129348532"
"403","Ctnnd2",""
"404","Slc25a34",""
"405","Rpe65",""
"406","Clk2",""
"407","","LOC111588353"
"408","Dis3l",""
"409","Wdr13","wdr13"
"410","","LOC129348492"
"411","","LOC111572643"
"412","Ppp1r1c","ppp1r1c"
"413","Nckap1","nckap1"
"414","Tmbim1","LOC111571309"
"415","Crygs","LOC111580866"
"416","Unc5b","unc5b"
"417","Ndufb6","ndufb6"
"418","Ndufb6","LOC129348519"
"419","Topors",""
"420","Gm6133","rpl17"
"421","Rpl17","rpl17"
"422","Mfhas1","mfhas1"
"423","Ccni","ccni"
"424","Ccng2","ccng2"
"425","Bnip1",""
"426","Taf1c","taf1c"
"427","","npy8ar"
"428","Cox5b-ps","LOC111569320"
"429","Cox5b","LOC111569320"
"430","Cox5b-ps","zgc:86599"
"431","Cox5b","zgc:86599"
"432","Dbnl","LOC111569323"
"433","Tcf7l1",""
"434","Itgb2","itgb2"
"435","Itgb2l","itgb2"
"436","Casp12",""
"437","Casp1",""
"438","Dusp11",""
"439","Atp6v1b2","atp6v1b2"
"440","Psmg3","LOC129347581"
"441","Psmg3","LOC111584340"
"442","Porcn","porcn"
"443","Tipin","tipin"
"444","Scfd1","scfd1"
"445","Anp32b",""
"446","Galr1","LOC111569152"
"447","Mbp","mbpa"
"448","Zbtb22",""
"449","Scn1b","LOC111569145"
"450","Naxe","naxe"
"451","","LOC111583312"
"452","Lypla2","lypla2"
"453","","LOC111564504"
"454","Lmna","lmna"
"455","Usf2","usf2"
"456","Npr2","npr1a"
"457","Mmp24",""
"458","Dusp19","LOC111585135"
"459","Zfp804a","LOC111584963"
"460","Prkce","LOC111562817"
"461","Kif20b","kif20ba"
"462","","bean1"
"463","Chrna1","chrna1"
"464","Lrrc3b","lrrc3b"
"465","Bnipl","LOC111562473"
"466","Phf14","phf14"
"467","Cdc5lrt10","cdc5l"
"468","Cdc5lrt7","cdc5l"
"469","Cdc5l","cdc5l"
"470","Cdc5lrt4","cdc5l"
"471","Cdc5lrt5","cdc5l"
"472","Cdc5lrt6","cdc5l"
"473","Cdc5lrt9","cdc5l"
"474","Cdc5lrt8","cdc5l"
"475","Cdc5lrt1","cdc5l"
"476","Ppp1r3b","ppp1r3b"
"477","Epb41l4a",""
"478","Wdr7",""
"479","Dclre1c","dclre1c"
"480","Sptbn5",""
"481","Gfra2","gfra2b"
"482","Onecut2","onecut2"
"483","Fsd1l","LOC111568816"
"484","Samd12","samd12"
"485","Tekt2","tekt2"
"486","Ffar3",""
"487","Ffar2",""
"488","Sfpq","sfpq"
"489","","LOC111586496"
"490","Srsf12",""
"491","Srsf10","LOC111564496"
"492","","pleca"
"493","Apc",""
"494","Polr3a","LOC111572821"
"495","Polr3a","LOC111572652"
"496","","june"
"497","Il12rb1",""
"498","Osmr",""
"499","Il6ra",""
"500","Il23r",""
"501","Crlf2",""
"502","Il2rg",""
"503","Il27ra",""
"504","Crat","LOC111565257"
"505","Ercc4",""
"506","","LOC111562609"
"507","Eppk1",""
"508","Fbxl6",""
"509","","LOC111585008"
"510","Cfap69","LOC111563931"
"511","Kdm1b","LOC111563932"
"512","Napb",""
"513","","zgc:114119"
"514","Ago3","ago3b"
"515","Paqr3","LOC111562769"
"516","Dscc1","dscc1"
"517","Ptpa","ptpa"
"518","Plcb1","LOC111586358"
"519","Mrpl13","mrpl13"
"520","Mcf2l",""
"521","Rhpn1","rhpn1"
"522","Oxsm","oxsm"
"523","Ngly1","ngly1"
"524","Thap7",""
"525","Nxph1","nxph1"
"526","Top2b","top2b"
"527","Tent4a",""
"528","Svbp","LOC129348513"
"529","Fbxo2","LOC129348511"
"530","Fbxo2","LOC111576570"
"531","Syt4","LOC129348520"
"532","Nars1","nars1"
"533","","LOC111573382"
"534","Eef1d","LOC111573383"
"535","Pycr3","pycr3"
"536","","bmb"
"537","Zfp267","LOC111568373"
"538","Zfp418","LOC111568373"
"539","Zfp940","LOC111568373"
"540","Zfp846","LOC111568373"
"541","Gfus","LOC111573385"
"542","","def6c"
"543","Crls1","crls1"
"544","Mcat","mcat"
"545","Mcm8",""
"546","Ttll1","ttll1"
"547","Pacsin2","pacsin2"
"548","Arfgap3","arfgap3"
"549","Ikbip","ikbip"
"550","Ckap4",""
"551","Bltp3b","bltp3b"
"552","Ninj2","LOC129347275"
"553","Kera","kera"
"554","Lum","lum"
"555","Dcn",""
"556","Lingo4",""
"557","Lingo3",""
"558","St8sia1","st8sia1"
"559","Golt1b","golt1ba"
"560","","cax1"
"561","Tprkb","tprkb"
"562","Alg10b","alg10"
"563","Tinf2","zgc:113263"
"564","Smo","smo"
"565","Phtf2","LOC111565830"
"566","Fgfbp3","fgfbp3"
"567","Epas1",""
"568","Zc3h15","zc3h15"
"569","Rbm45","rbm45"
"570","Lnpk","lnpk"
"571","Cyp26c1","LOC111586172"
"572","","cdh5"
"573","Slc5a4b","LOC111566253"
"574","Slc5a4b","LOC111566250"
"575","Slc5a4a","LOC111566253"
"576","Slc5a4a","LOC111566250"
"577","Gm5134","LOC111566253"
"578","Gm5134","LOC111566250"
"579","","LOC111585047"
"580","Elovl3","LOC111579360"
"581","Slc22a7","LOC111586390"
"582","Ankrd1","LOC111566252"
"583","Gja5","LOC111585045"
"584","Fstl1","LOC111582914"
"585","Mtx2","mtx2"
"586","Pcgf5","pcgf5b"
"587","Slc5a4b","LOC111583968"
"588","Slc5a4a","LOC111583968"
"589","Gm5134","LOC111583968"
"590","Aifm2","aifm2"
"591","","LOC111569215"
"592","Tmem60","LOC111565842"
"593","","LOC111583964"
"594","Tspan14","LOC111586055"
"595","Anks1b",""
"596","","LOC111586054"
"597","Prph2","prph2b"
"598","R3hdm4","r3hdm4"
"599","Ubr2","ubr2"
"600","Mknk1","si:ch73-60h1.1"
"601","Tbc1d12",""
"602","Slc22a30","slc22a15"
"603","Slc22a29","slc22a15"
"604","Slc22a26","slc22a15"
"605","Slc22a19","slc22a15"
"606","Slc22a27","slc22a15"
"607","Slc22a28","slc22a15"
"608","Cul7","LOC111578744"
"609","Cul9","LOC111578744"
"610","Brd1","brd1a"
"611","Plxna4",""
"612","Fam174c","fam174c"
"613","Hmcn1",""
"614","","bcl2l16"
"615","Tubb4b",""
"616","Prss34","zgc:100868"
"617","Prss33","zgc:100868"
"618","Klk15","zgc:100868"
"619","Prss42","zgc:100868"
"620","Prss32","zgc:100868"
"621","Prss48","zgc:100868"
"622","Prss39","zgc:100868"
"623","Prss47","zgc:100868"
"624","Prss40","zgc:100868"
"625","Prss46","zgc:100868"
"626","Srsf2","srsf2b"
"627","Stac2",""
"628","","LOC129347499"
"629","Clxn",""
"630","Mapk1",""
"631","Mpp3","mpp3a"
"632","","si:ch211-198o12.4"
"633","Hipk1",""
"634","Apba3","LOC111564783"
"635","Fbxl20","fbxl20"
"636","Pram1","si:ch73-40i7.2"
"637","Ppp2cb","LOC111586466"
"638","Dab2",""
"639","Mamdc2","mamdc2a"
"640","","boka"
"641","Tpr","tprb"
"642","","slc25a25a"
"643","Znhit6","znhit6"
"644","Ddah1","ddah1"
"645","Ccn1",""
"646","Atpaf1","atpaf1"
"647","Cdk12","cdk12"
"648","Tie1","tie1"
"649","Prg4","prg4b"
"650","Pex11g",""
"651","Pdc","pdcb"
"652","Fcho1","fcho1"
"653","Rfx2","rfx2"
"654","Lhb","lhb"
"655","Slc5a4b","LOC111583962"
"656","Slc5a4a","LOC111583962"
"657","Gm5134","LOC111583962"
"658","","tjap1"
"659","Atrnl1","atrnl1a"
"660","Epb41l2","epb41l2"
"661","","LOC118470689"
"662","Shld3","zgc:101664"
"663","","LOC111585194"
"664","","LOC111585195"
"665","","LOC111585191"
"666","","LOC111585193"
"667","","LOC111585192"
"668","","LOC111575106"
"669","Ubald2","ubald2"
"670","","LOC111576451"
"671","","LOC111576452"
"672","Eif1",""
"673","Eeig1","eeig1a"
"674","Dhrs13","LOC111579615"
"675","Atg14",""
"676","Gjc1","gjc1"
"677","","st8sia6"
"678","","LOC111563066"
"679","","LOC111567380"
"680","","gpsm1a"
"681","","LOC111574251"
"682","","si:ch211-198m17.1"
"683","Prrt2",""
"684","","LOC111582748"
"685","","LOC111582746"
"686","Mvp",""
"687","Tjp2","LOC111579322"
"688","Acsbg2","acsbg2"
"689","Pgpep1","LOC111573935"
"690","Ddx49",""
"691","Upf1","LOC111573882"
"692","Arpc5",""
"693","Uck2","uck2a"
"694","","magoh"
"695","Cpt2","cpt2"
"696","Hdlbp","hdlbpa"
"697","Dnmt3l","LOC111568665"
"698","Fktn","fktn"
"699","Fech","fech"
"700","","LOC111586647"
"701","","tuba1c"
"702","Foxb1","LOC111578892"
"703","Pmel","pmelb"
"704","Sephs2",""
"705","Ikbkg","ikbkg"
"706","","LOC111578667"
"707","","LOC111586896"
"708","Ctrb1",""
"709","Ap4b1","ap4b1"
"710","Secisbp2l","secisbp2l"
"711","Slc6a8",""
"712","Gmds","gmds"
"713","Ik","ik"
"714","Caskin2",""
"715","St8sia3","st8sia3"
"716","Sh3bp2","sh3bp2"
"717","Xpo7",""
"718","Tsku","tsku"
"719","Tyr","tyr"
"720","Ccnl1",""
"721","","lekr1"
"722","Clstn2","LOC111569704"
"723","Mettl23","LOC111579311"
"724","Dennd4b","LOC111568264"
"725","Jmjd6","jmjd6"
"726","","si:ch73-366l1.5"
"727","Neurod2","LOC111580730"
"728","Ppp1r1b","ppp1r1b"
"729","Plxdc1","LOC111574250"
"730","Serpinf1","serpinf1"
"731","Camk2a","LOC129350448"
"732","Camk2a","camk2a"
"733","Asic2",""
"734","Shc4",""
"735","Phf11b",""
"736","Phf11d",""
"737","Phf11c",""
"738","Phf11a",""
"739","Slc13a5","slc13a5a"
"740","Caprin1",""
"741","Mfsd11","mfsd11"
"742","Foxq1","foxq1b"
"743","Foxc1",""
"744","Serpinb1a","serpinb1"
"745","Serpinb1c","serpinb1"
"746","Serpinb1b","serpinb1"
"747","Med31","med31"
"748","F13b",""
"749","Ebna1bp2","ebna1bp2"
"750","Fxn","fxn"
"751","Rabl6","rabl6b"
"752","Stard3","stard3"
"753","Entrep1","fam189a2"
"754","","LOC111563069"
"755","Ndufa2","ndufa2"
"756","Cnot6l","cnot6l"
"757","Nop16","nop16"
"758","Arl10","arl10"
"759","Wwc1",""
"760","Slco2b1","slco2b1"
"761","Mrpl1","mrpl1"
"762","Glipr1l3",""
"763","Glipr1l1",""
"764","Glipr1l2",""
"765","Ptar1","ptar1"
"766","Crb2","crb2b"
"767","Imp4","imp4"
"768","Zmat4",""
"769","","ccdc180"
"770","Grk6","grk6"
"771","","LOC111568867"
"772","Ier3",""
"773","Cfap144","cfap144"
"774","","LOC129347280"
"775","Depdc1a","depdc1a"
"776","","fras1"
"777","Lim2","lim2.5"
"778","","vsig10l"
"779","","hamp"
"780","Bag6","bag6"
"781","Rpe65","LOC111583702"
"782","Glrx3","glrx3"
"783","Tcea3",""
"784","Cdcp1",""
"785","Tmem268","tmem268"
"786","","LOC111579092"
"787","Slc2a3","LOC111568090"
"788","","smarcc1a"
"789","Ptchd1","ptchd1"
"790","Tmem108",""
"791","Rars1",""
"792","Enkur","enkur"
"793","","prtfdc1a"
"794","Arhgap21","LOC111572618"
"795","Cox6b2","LOC111568112"
"796","","LOC111568098"
"797","Clk2","clk2a"
"798","Arfgef3","arfgef3"
"799","","LOC111581317"
"800","","spp1"
"801","Ntmt1","ntmt1"
"802","Adra2b","LOC111567046"
"803","Zcchc9","zcchc9"
"804","","LOC111567049"
"805","Pik3r1","LOC111569137"
"806","Wdr45",""
"807","Ctag2l2",""
"808","Lage3",""
"809","Ctag2",""
"810","Ctag2l1",""
"811","","LOC111585744"
"812","Phex","phex"
"813","Fam50b","fam50a"
"814","Dnmt3c","dnmt3bb.1"
"815","Dnmt3b","dnmt3bb.1"
"816","Mbtps2","mbtps2"
"817","Maea","maea"
"818","Apbb1ip",""
"819","Actr8","actr8"
"820","","LOC111578095"
"821","Septin6","septin6"
"822","Selenok","selenok"
"823","Apod","apodb"
"824","Sim1","sim1a"
"825","Ascc3","ascc3"
"826","","LOC111580141"
"827","Stc1","stc1l"
"828","Nox3","LOC111572658"
"829","Dcc","dcc"
"830","","si:dkeyp-23e4.3"
"831","Sowahd","sowahd"
"832","Rap2c","rap2c"
"833","Mbnl3","mbnl3"
"834","Rps14","rps14"
"835","Ube2a","LOC111570099"
"836","Chml","chm"
"837","Chm","chm"
"838","","LOC111569293"
"839","","LOC111575716"
"840","Serpinf2","serpinf2a"
"841","","LOC111575715"
"842","Adamts2","adamts2a"
"843","Nkrf","nkrf"
"844","","LOC111569707"
"845","Gpr101","gpr101"
"846","Snrpd2","snrpd2"
"847","Dnajc4","dnajc4"
"848","Vegfb",""
"849","","rbmx"
"850","Grhpr",""
"851","Tmed11","si:ch211-255i20.3"
"852","Rnf212","LOC111580479"
"853","Cul3","cul3b"
"854","Ctbp1","LOC111580478"
"855","Spon2","spon2b"
"856","Atp1b4","atp1b4"
"857","Klhl4","klhl4"
"858","Gpi1","gpib"
"859","Cfap74","cfap74"
"860","Slc39a1","LOC111568271"
"861","Zbtb17","zbtb17"
"862","","LOC111578045"
"863","Pigv","pigv"
"864","Ddost","ddost"
"865","Gabbr1","gabbr1a"
"866","Fgfrl1","fgfrl1a"
"867","Hmgcr","LOC111579328"
"868","Hacd2","hacd2"
"869","En1","en1a"
"870","","LOC111564385"
"871","Hnrnpul2","si:ch211-107m4.1"
"872","Nudt22",""
"873","Fgf13","fgf13a"
"874","Lhx2","lhx2b"
"875","Ccdc32","ccdc32"
"876","Ccdc32","LOC111569801"
"877","Pkn3",""
"878","Zdhhc12","zdhhc12a"
"879","Araf","araf"
"880","Lamp2","lamp2"
"881","Adcy5","adcy5"
"882","Cul4b","cul4b"
"883","Tmem33","tmem33"
"884","Pdgfc","pdgfc"
"885","Gria2",""
"886","Gpx7","gpx7"
"887","Aspm","aspm"
"888","Zbtb12","LOC111569240"
"889","Ehmt2","ehmt2"
"890","Avpr1a","LOC111582910"
"891","Klhdc9","hcfc2"
"892","Elk3","elk3"
"893","Cdk17","cdk17"
"894","Dhdh","LOC111571659"
"895","Dpep2","dpep2"
"896","Slc12a4","slc12a4"
"897","C9orf72","c9orf72"
"898","Myct1",""
"899","Cdkn3","cdkn3"
"900","","mreg"
"901","Lasp1","lasp1"
"902","Rtf1","rtf1"
"903","Kmt5c","kmt5c"
"904","","stk17al"
"905","Med25","med25"
"906","Plekhm2","plekhm2"
"907","Hsd3b7","hsd3b7"
"908","","gpr146"
"909","Casc3","casc3"
"910","Foxk2","foxk2b"
"911","Ndufa4",""
"912","Rpl19","rpl19"
"913","Cacnb1","cacnb1"
"914","Zbtb25","zbtb25"
"915","Gata4","gata4"
"916","Tmem242","tmem242"
"917","Zdhhc14","zdhhc14"
"918","Tdh","tdh"
"919","Ppp2r5a","LOC111587152"
"920","","arl5c"
"921","Elfn1","elfn1a"
"922","","si:ch211-165g14.1"
"923","","LOC111574860"
"924","Tut4","tut4"
"925","Mgam","si"
"926","Mgam2-ps","si"
"927","Dhrs7c","dhrs7ca"
"928","","LOC111574871"
"929","","LOC111568024"
"930","Gsg1l2","LOC111574861"
"931","1700109H08Rik",""
"932","Hpcal4",""
"933","","LOC111575721"
"934","Tbc1d17","tbc1d17"
"935","Sgcd","sgcd"
"936","","LOC111571320"
"937","Mbtps1","mbtps1"
"938","Il9r","mpl"
"939","Mpl","mpl"
"940","","dmrt2b"
"941","","LOC111575813"
"942","Mylk4","mylk4b"
"943","Zc3h3","zc3h3"
"944","Exoc2","exoc2"
"945","Tafa5","LOC111567080"
"946","Bmp2k","bmp2k"
"947","Cd53","zgc:64051"
"948","Pskh1","pskh1"
"949","Trib2","trib2"
"950","Lox","LOC111585553"
"951","","LOC129349112"
"952","Klhl29","LOC111569679"
"953","","LOC111565664"
"954","","ddr2l"
"955","","LOC111565568"
"956","","LOC111582297"
"957","","LOC111565604"
"958","Pomt1","pomt1"
"959","Tmem125","LOC111578992"
"960","Lrp8","lrp8"
"961","","LOC111565679"
"962","Mtss2","mtss1la"
"963","","LOC118470840"
"964","Sub1",""
"965","Atad2b","atad2b"
"966","","il34"
"967","Pdf","pdf"
"968","","LOC111586659"
"969","Snx20","snx20"
"970","Gcnt4","gcnt4a"
"971","Rbl2","rbl2"
"972","","LOC111579826"
"973","","LOC111563365"
"974","Tmem17","tmem17"
"975","Agbl2","agbl2"
"976","","pitpnc1a"
"977","Ptpn5","ptpn5"
"978","Slc25a19","slc25a19"
"979","Mif4gd","LOC111576163"
"980","Mrps7","mrps7"
"981","Gga3",""
"982","","LOC111570912"
"983","Bphl","bphl"
"984","Cdc14a","cdc14ab"
"985","Cpne6",""
"986","Scamp2","scamp2"
"987","Gpr37","gpr37a"
"988","Ftmt","zgc:172145"
"989","Ftdc1","zgc:172145"
"990","Ftl1","zgc:172145"
"991","Ftl1-ps1","zgc:172145"
"992","Samm50","samm50"
"993","Lingo2","lingo2b"
"994","Eif2ak3",""
"995","Bmpr2","LOC111567532"
"996","4933405O20Rik","idh3g"
"997","Idh3g","idh3g"
"998","Mylk",""
"999","Espn",""
"1000","Rprd1b","rprd1b"
"1001","Rnd1","rnd1b"
"1002","Tas1r2",""
"1003","Dock1","dock1"
"1004","Atf3",""
"1005","Ncoa1",""
"1006","Snip1","snip1"
"1007","Map3k6","si:ch211-1i11.3"
"1008","Top3b","top3b"
"1009","","LOC111579898"
"1010","Hsf4","hsf4"
"1011","Hlx","hlx1"
"1012","Gins4",""
"1013","Ptrhd1","ptrhd1"
"1014","Vash2","vash2"
"1015","","ppp1r3c2b"
"1016","Dusp10","dusp10"
"1017","Phyhip","LOC111582572"
"1018","","msraa"
"1019","Saysd1",""
"1020","Grcc10",""
"1021","","LOC111578338"
"1022","Cebpzos","LOC111583188"
"1023","Cebpz","cebpz"
"1024","Fam184a","fam184ab"
"1025","","LOC111567515"
"1026","Polr3d","polr3d"
"1027","Unc93b1","unc93b1"
"1028","","irx5b"
"1029","Actr6","actr6"
"1030","Hectd4","LOC111580364"
"1031","Taf1a","taf1a"
"1032","","pex3"
"1033","Fam193a","fam193a"
"1034","Arhgef16","arhgef16"
"1035","Bcr",""
"1036","","ccdc107"
"1037","Ttpal","ttpal"
"1038","","ppdpfb"
"1039","Tmem81",""
"1040","Rab29","LOC111570257"
"1041","Pmpcb","pmpcb"
"1042","Fam187a",""
"1043","Prune2","prune2"
"1044","Shank1","shank1"
"1045","Oprl1","oprl1"
"1046","Aqp3","LOC111573050"
"1047","Arhgap23","arhgap23a"
"1048","Unc5d",""
"1049","Cpne9",""
"1050","Timm10","timm10"
"1051","Dtd1","dtd1"
"1052","","LOC111567508"
"1053","Atf4","atf4a"
"1054","Cmtm3","cmtm3"
"1055","Cklf",""
"1056","Trappc2l","trappc2l"
"1057","Plcd3",""
"1058","Gpr108","LOC111578003"
"1059","Pabpn1l","pabpn1l"
"1060","Dync1li2",""
"1061","Tmtc2","tmtc2b"
"1062","Syt1","syt1b"
"1063","","si:ch211-186j3.6"
"1064","Fnbp4","fnbp4"
"1065","Lrrc10","lrrc10"
"1066","Cracr2a","cracr2aa"
"1067","Prmt8","LOC111574746"
"1068","Ppp2r2c","LOC111583656"
"1069","Gpa33","gpa33a"
"1070","Ildr2","LOC111566424"
"1071","Ildr1","ildr1a"
"1072","Tmem39a","tmem39a"
"1073","","LOC111579959"
"1074","Nhs","nhsb"
"1075","Il18r1","LOC111566421"
"1076","Prss23","LOC111566425"
"1077","Ccdc81","LOC111566431"
"1078","Il18r1",""
"1079","Il18rap","LOC111564828"
"1080","Pcnp","LOC111564831"
"1081","Stk16","stk16"
"1082","","mnx2b"
"1083","Cdh15","cdh15"
"1084","Ephb3",""
"1085","Ddx17","LOC111581294"
"1086","Itgb2",""
"1087","Itgb2l",""
"1088","Hipk1","hipk1a"
"1089","","LOC111586545"
"1090","Card9","card9"
"1091","","LOC111579820"
"1092","Spg7","spg7"
"1093","","LOC111586833"
"1094","Gm20903",""
"1095","Gm20855",""
"1096","Gm29564",""
"1097","Gm21209",""
"1098","Gm29276",""
"1099","Gm20883",""
"1100","Gm20897",""
"1101","Gm14632",""
"1102","Gm1993",""
"1103","Gm21409",""
"1104","Gm20890",""
"1105","Gm28961",""
"1106","Xlr3b",""
"1107","Gm21861",""
"1108","Gm20817",""
"1109","Gm20838",""
"1110","Xlr3c",""
"1111","Gm21518",""
"1112","Gm21858",""
"1113","Gm14819",""
"1114","Gm773",""
"1115","Gm14692",""
"1116","Gm20824",""
"1117","Xlr3a",""
"1118","Gm20814",""
"1119","Gm21256",""
"1120","Xlr4a",""
"1121","Gm20896",""
"1122","Gm21996",""
"1123","Gm21760",""
"1124","Gm10058",""
"1125","Gm35134",""
"1126","Gm28870",""
"1127","Gm20843",""
"1128","Xlr4c",""
"1129","Gm14525",""
"1130","Gm28576",""
"1131","Gm28891",""
"1132","Slx",""
"1133","Gm21366",""
"1134","Xlr5c",""
"1135","Gm10230",""
"1136","Gm20929",""
"1137","Gm4836",""
"1138","Slxl1",""
"1139","Gm10147",""
"1140","Gm21294",""
"1141","Gm21865",""
"1142","Gm20920",""
"1143","Xlr5b",""
"1144","Gm21488",""
"1145","Gm20792",""
"1146","Gm20911",""
"1147","Gm20908",""
"1148","Xlr",""
"1149","Gm20850",""
"1150","Gm5168",""
"1151","Gm28490",""
"1152","Gm30737",""
"1153","Gm20736",""
"1154","Sly",""
"1155","3830403N18Rik",""
"1156","Gm21173",""
"1157","Gm29554",""
"1158","Gm29582",""
"1159","Gm57478",""
"1160","Gm21627",""
"1161","Gm29866",""
"1162","Gm2030",""
"1163","Gm20931",""
"1164","Sycp3",""
"1165","Gm6121",""
"1166","Gm20937",""
"1167","Gm20894",""
"1168","Gm29110",""
"1169","Xlr4b",""
"1170","Gm2012",""
"1171","Gm21094",""
"1172","Gm21739",""
"1173","Gm20869",""
"1174","Gm4297",""
"1175","Gm21477",""
"1176","Gm21497",""
"1177","Gm10096",""
"1178","Gm28102",""
"1179","Gm21258",""
"1180","Gm20837",""
"1181","Gm21317",""
"1182","Xlr5a",""
"1183","Gm21117",""
"1184","Gm20905",""
"1185","Gm28998",""
"1186","Gm20906",""
"1187","Gm1140",""
"1188","Gm28897",""
"1189","Gm21650",""
"1190","Gm20835",""
"1191","Gm20870",""
"1192","1700013H16Rik",""
"1193","Gm28553",""
"1194","Gm16405",""
"1195","Gm28827",""
"1196","Gm20820",""
"1197","Gm5934",""
"1198","Gm20888",""
"1199","Gm31571",""
"1200","Gm5169",""
"1201","Gm28919",""
"1202","Gm16430",""
"1203","Gm5935",""
"1204","Gm10488",""
"1205","Gm10486",""
"1206","Gm10487",""
"1207","Gm20916",""
"1208","Gm21095",""
"1209","Gm28510",""
"1210","Brd1","LOC111567076"
"1211","Dnm1","LOC111586503"
"1212","Ftsj1","ftsj1"
"1213","","nox5"
"1214","Rpgrip1l","rpgrip1l"
"1215","Ybx1",""
"1216","Sdhb","LOC111564743"
"1217","Sfrp1","sfrp1a"
"1218","","adgrd2"
"1219","Nr5a1","nr5a1a"
"1220","Snapc4",""
"1221","Fam169a","LOC118471362"
"1222","Antxr2","antxr2a"
"1223","Traf2","traf2a"
"1224","Bcar3","bcar3"
"1225","","c1galt1la"
"1226","Tac2","tac3a"
"1227","Dtx3",""
"1228","Dtx3","dtx3"
"1229","Ptges3","ptges3a"
"1230","Zfp597",""
"1231","Zfp445",""
"1232","Zfp786",""
"1233","Hes3","her3"
"1234","Ndufa4l2",""
"1235","Actr5","actr5"
"1236","Slc32a1","LOC111564461"
"1237","Bpifc","bpifcl"
"1238","Vcam1",""
"1239","Hps3","hps3"
"1240","","psmg4"
"1241","Slc22a23",""
"1242","Irf9","LOC111573389"
"1243","Fxr1","fxr1"
"1244","Prelid3b","LOC111564460"
"1245","Kazn","kazna"
"1246","Tmem51","tmem51a"
"1247","Cela2a","LOC111570887"
"1248","Cela2a",""
"1249","Cela2a","LOC111570890"
"1250","Dclre1b","dclre1b"
"1251","Cpne5","cpne5a"
"1252","Apba1","apba1a"
"1253","Gpr31b","LOC111565472"
"1254","Gpr31b","gpr31"
"1255","Dlgap2","dlgap2b"
"1256","Pomt1","LOC111587603"
"1257","Ndufaf7","ndufaf7"
"1258","Il1r2","LOC111564373"
"1259","","zgc:77151"
"1260","Clasp1",""
"1261","","LOC111586718"
"1262","Pdgfrb",""
"1263","Csf1r","csf1rb"
"1264","","mprip"
"1265","Dhrs7c","dhrs7cb"
"1266","Nherf1","nherf1a"
"1267","Enpp7","LOC111576224"
"1268","Reep3","reep3b"
"1269","Srcin1","LOC111582683"
"1270","Jmjd1c","jmjd1cb"
"1271","","nat16"
"1272","Capg","capgb"
"1273","Dnajc19","dnajc19"
"1274","Rab37","LOC111588296"
"1275","Abi2","abi2b"
"1276","Slc30a7","slc30a7"
"1277","Mbnl2","mbnl2"
"1278","Dph5","dph5"
"1279","Arhgef9","LOC111583145"
"1280","Fnbp1l","fnbp1l"
"1281","Rap2a","LOC111582606"
"1282","En1","LOC129348343"
"1283","Son","LOC111579044"
"1284","Gucy1b2",""
"1285","Zp1","LOC111571698"
"1286","4930562C15Rik","LOC111571698"
"1287","Zp2","LOC111571698"
"1288","Mfap3l","mfap3l"
"1289","Ino80b","ino80b"
"1290","Intu","intu"
"1291","Phf19","phf19"
"1292","Abcg2","LOC111566005"
"1293","","htr1fa"
"1294","Slc38a11","slc38a11"
"1295","Sox2","sox2"
"1296","Myod1","myod1"
"1297","S1pr1","s1pr1"
"1298","Mpi","mpi"
"1299","Cobll1","cobll1b"
"1300","Pim3","LOC111567081"
"1301","Akap17a","akap17a"
"1302","","LOC111582127"
"1303","Bcar1","bcar1"
"1304","Vps9d1","vps9d1"
"1305","Septin10","septin10"
"1306","Cfdp1","cfdp1"
"1307","Snx33","snx33"
"1308","Gnao1","gnao1a"
"1309","Snupn",""
"1310","","zgc:101783"
"1311","Sf3b3","sf3b3"
"1312","Ephb4",""
"1313","Nrn1l","nrn1la"
"1314","Edc4","edc4"
"1315","Golga7","LOC111578327"
"1316","","loxl2b"
"1317","Ghsr",""
"1318","Enpep","enpep"
"1319","Ptpn9",""
"1320","","LOC111578288"
"1321","Irs4","LOC111575407"
"1322","Acox3","acox3"
"1323","Cnih1","cnih1"
"1324","Gmfb",""
"1325","Sin3a","sin3aa"
"1326","Gng2","gng2"
"1327","","gnb1a"
"1328","Foxo3","foxo3a"
"1329","Nadk","nadka"
"1330","Syne1","syne1b"
"1331","Prkd3","LOC111583185"
"1332","B4galt1","b4galt1l"
"1333","Exosc3","exosc3"
"1334","","stard15"
"1335","Atp5po","atp5po"
"1336","Ppp2ca",""
"1337","Sfxn1","sfxn1"
"1338","Atp7a","atp7a"
"1339","Slc52a2","LOC111585004"
"1340","","LOC111585005"
"1341","","LOC111564495"
"1342","Mycbp","mycbp"
"1343","Abra","abrab"
"1344","Olah","olah"
"1345","","si:ch211-80h18.1"
"1346","Hsf1","hsf1"
"1347","Tead1","tead1b"
"1348","Slc17a2","si:ch1073-513e17.1"
"1349","Slc17a1","si:ch1073-513e17.1"
"1350","Slc17a3","si:ch1073-513e17.1"
"1351","Slc17a4","si:ch1073-513e17.1"
"1352","Nucb2",""
"1353","","LOC129350699"
"1354","Pdilt","LOC111575232"
"1355","Pdia2","LOC111575232"
"1356","Zfp654",""
"1357","","zgc:152951"
"1358","Dhh","LOC111588276"
"1359","Cd302","cd302"
"1360","Ccnt2","ccnt2a"
"1361","","nt5c2a"
"1362","Map3k19",""
"1363","4930453N24Rik","c11h3orf38"
"1364","Tra2b","tra2b"
"1365","Igf2bp2","igf2bp2a"
"1366","Siah2",""
"1367","Ap4m1","ap4m1"
"1368","Arrb2","LOC111586232"
"1369","Borcs7","borcs7"
"1370","","valopa"
"1371","Cyp17a1","LOC111563640"
"1372","Egr2","egr2b"
"1373","Chrm3","LOC111564948"
"1374","","LOC111587559"
"1375","Hace1",""
"1376","","hs3st3l"
"1377","Pfkp","pfkpa"
"1378","","LOC111588294"
"1379","Phf11b","LOC111588293"
"1380","Phf11b","LOC111569294"
"1381","Phf11d","LOC111588293"
"1382","Phf11d","LOC111569294"
"1383","Phf11c","LOC111588293"
"1384","Phf11c","LOC111569294"
"1385","Phf11a","LOC111588293"
"1386","Phf11a","LOC111569294"
"1387","Ado","adoa"
"1388","Gsg1l2","gsg1l2b"
"1389","Nhlrc3","LOC111571022"
"1390","Nrbf2","nrbf2b"
"1391","Cggbp1",""
"1392","Foxk2","foxk2a"
"1393","Cyp26a1","LOC111565182"
"1394","Slc9a2","LOC111581154"
"1395","Glp2r","LOC111564622"
"1396","","LOC111572843"
"1397","Slc39a11","LOC111571618"
"1398","Arhgap23",""
"1399","Pemt","pemt"
"1400","","LOC111571621"
"1401","Adprm","adprm"
"1402","Ralgapa1","ralgapa1"
"1403","Grik2",""
"1404","","LOC111587656"
"1405","Ctnnd1","ctnnd1"
"1406","B3gnt6","LOC111574596"
"1407","Adamts17",""
"1408","","mia3"
"1409","Man1a","man1a1"
"1410","Adora2b",""
"1411","Specc1","specc1"
"1412","Tlcd5","tlcd5b"
"1413","Mmp1a",""
"1414","Mmp1b",""
"1415","Slc44a4","slc44a4"
"1416","Mapre3","mapre3a"
"1417","Fndc3b","fndc3ba"
"1418","Lsp1",""
"1419","Foxr2","foxr1"
"1420","Med8","med8"
"1421","Aldh9a1",""
"1422","Atp6v0d1","LOC111581984"
"1423","Bves","bves"
"1424","Popdc3","popdc3"
"1425","","si:ch211-198c19.1"
"1426","Cnih4","cnih4"
"1427","Col9a2","col9a2"
"1428","Cdh6",""
"1429","","angpt2b"
"1430","Med22","med22"
"1431","BC005624","c6h9orf78"
"1432","","nfu1"
"1433","Sv2c","sv2ca"
"1434","Nmt1","nmt1a"
"1435","Map7d1","map7d1a"
"1436","Cd200l2","si:ch73-22o12.1"
"1437","Cd200l1","si:ch73-22o12.1"
"1438","Nectin2","si:ch73-22o12.1"
"1439","Pvr","si:ch73-22o12.1"
"1440","Tigit","si:ch73-22o12.1"
"1441","Rspo2","rspo2"
"1442","Sh3d21","sh3d21"
"1443","Slc16a11",""
"1444","Rps19","rps19"
"1445","","LOC111569481"
"1446","Ino80e","ino80e"
"1447","Plec",""
"1448","Slc66a2","slc66a2"
"1449","Sdhaf3","sdhaf3"
"1450","Tac1","tac1"
"1451","Asns",""
"1452","","si:ch211-106h4.4"
"1453","Farp2","farp2"
"1454","Clhc1","cltcl1"
"1455","Rnf31","LOC111570370"
"1456","Gdf10","gdf10b"
"1457","Arrdc5",""
"1458","Sbk1","sbk1"
"1459","Rdh13","LOC111579690"
"1460","2210408I21Rik","kiaa0825"
"1461","Klf9","klf9"
"1462","Fam219a","fam219ab"
"1463","Polr1h",""
"1464","Pde6c",""
"1465","Eme1","eme1"
"1466","Wdr45b","wdr45b"
"1467","Mbtd1","mbtd1"
"1468","Bcam","bcam"
"1469","","LOC111564879"
"1470","","LOC111564556"
"1471","","si:dkeyp-77h1.4"
"1472","Sybu","sybu"
"1473","Map2k4","map2k4b"
"1474","Thrap3","thrap3a"
"1475","Stk40","stk40"
"1476","Dsg1c",""
"1477","Dsg1a",""
"1478","Dsg1b",""
"1479","Dsg2",""
"1480","Dsg4",""
"1481","Dsg3",""
"1482","Atp13a5","atp1a3b"
"1483","Atp1a4","atp1a3b"
"1484","Atp13a4","atp1a3b"
"1485","Atp2b2","atp1a3b"
"1486","Atp2c2","atp1a3b"
"1487","Ercc2","ercc2"
"1488","Ercc2","LOC111586835"
"1489","Rhbdl3","rhbdl3"
"1490","Klhl10","LOC129348812"
"1491","","scpp5"
"1492","Rhot1","rhot1b"
"1493","Malsu1","malsu1"
"1494","","LOC111569263"
"1495","Sost","sost"
"1496","Tapbpl",""
"1497","Ino80c","ino80c"
"1498","Scrt1","LOC111573153"
"1499","Supt5",""
"1500","Cacng7",""
"1501","Tnks2","LOC111582272"
"1502","Smpd5","smpd5"
"1503","Ash1l","LOC111585412"
"1504","Dap3","dap3"
"1505","","slc39a7"
"1506","Igkv3-5",""
"1507","Igkv3-7",""
"1508","Igkv3-9",""
"1509","Igkv3-12",""
"1510","Igkv3-1",""
"1511","Igkv3-4",""
"1512","Igkv3-3",""
"1513","Igkv3-2",""
"1514","Igkv3-10",""
"1515","Epdr1","epdr1"
"1516","Nol7","nol7"
"1517","Ranbp9","ranbp9"
"1518","Pef1","pef1"
"1519","Sh3d19","wu:fy63c09"
"1520","Sepsecs","sepsecs"
"1521","Atad3a","LOC111564742"
"1522","Stard7","stard7"
"1523","Lgi2","lgi2a"
"1524","Mrps5",""
"1525","Bicc1","LOC111581569"
"1526","","sdccag8"
"1527","Sh3bp5l","sh3bp5la"
"1528","Cspg5","cspg5a"
"1529","Ffar3","LOC111572527"
"1530","Ffar2","LOC111572527"
"1531","Lamtor2","lamtor2"
"1532","","si:dkey-9k7.3"
"1533","Haus6","LOC111567539"
"1534","","satb1b"
"1535","Haus6",""
"1536","Dpy19l1","dpy19l1l"
"1537","Dpy19l2","dpy19l1l"
"1538","Etnppl","etnppl"
"1539","","LOC111564756"
"1540","Tmem240","tmem240a"
"1541","Otud3","otud3"
"1542","Bcas2","bcas2"
"1543","Trim33","trim33"
"1544","Slc25a37","slc25a37"
"1545","Arrdc5","LOC111576021"
"1546","Dus1l","dus1l"
"1547","Edil3","LOC111581162"
"1548","Msrb3","msrb3"
"1549","Rgs17","rgs17"
"1550","Phyhipl",""
"1551","Fam13c",""
"1552","Cd9","zgc:65811"
"1553","Nr2f1","nr2f1a"
"1554","","marcksl1b"
"1555","","LOC111585893"
"1556","","paqr7a"
"1557","Slc16a9","LOC111582757"
"1558","Grb2","grb2b"
"1559","Prss34",""
"1560","Prss33",""
"1561","Klk15",""
"1562","Prss42",""
"1563","Prss32",""
"1564","Prss48",""
"1565","Prss39",""
"1566","Prss47",""
"1567","Prss40",""
"1568","Prss46",""
"1569","Prss34","LOC111568661"
"1570","Prss33","LOC111568661"
"1571","Klk15","LOC111568661"
"1572","Prss42","LOC111568661"
"1573","Prss32","LOC111568661"
"1574","Prss48","LOC111568661"
"1575","Prss39","LOC111568661"
"1576","Prss47","LOC111568661"
"1577","Prss40","LOC111568661"
"1578","Prss46","LOC111568661"
"1579","Ano2","ano2b"
"1580","Actr2","LOC111585653"
"1581","Pyy",""
"1582","Elmo1","elmo1"
"1583","Rpl23","rpl23"
"1584","Tnfrsf18","tnfrsfa"
"1585","Tnfrsf10b","tnfrsfa"
"1586","Tnfrsf14","tnfrsfa"
"1587","Tnfrsf8","tnfrsfa"
"1588","Ltbr","tnfrsfa"
"1589","Tnfrsf11a","tnfrsfa"
"1590","Tnfrsf25","tnfrsfa"
"1591","Tnfrsf22","tnfrsfa"
"1592","Tnfrsf26","tnfrsfa"
"1593","Tnfrsf23","tnfrsfa"
"1594","Cd27","tnfrsfa"
"1595","Nradd","tnfrsfa"
"1596","Tnfrsf4","tnfrsfa"
"1597","Cyb561a3",""
"1598","Trappc13","trappc13"
"1599","Pim3","pim3"
"1600","Arhgap12","LOC111580935"
"1601","Glg1","LOC111581982"
"1602","Kcnmb4","LOC111563456"
"1603","Rtcb","rtcb"
"1604","","LOC111583609"
"1605","Ska2","ska2"
"1606","Car4",""
"1607","Acer3","acer3"
"1608","Serpinh1","serpinh1a"
"1609","Gdpd5","gdpd5a"
"1610","Fbxl19","si:ch211-214j8.12"
"1611","Gda","gda"
"1612","Fbxo7","fbxo7"
"1613","Polk",""
"1614","5031439G07Rik","kiaa0930"
"1615","Kirrel2","kirrel3l"
"1616","Tulp3","tulp3"
"1617","Ggt1","ggt1b"
"1618","","gnai1"
"1619","Zbtb21","zbtb21"
"1620","Atg101",""
"1621","C2cd2","LOC111575204"
"1622","Prdm15","prdm15"
"1623","Ghrh",""
"1624","Pacsin3","pacsin3"
"1625","Ero1a","ero1a"
"1626","Akr1b1",""
"1627","Rimbp3",""
"1628","Tspoap1",""
"1629","Samd4","samd4a"
"1630","","LOC111583564"
"1631","Samsn1","samsn1b"
"1632","Taok3","taok3b"
"1633","Ntm","opcml"
"1634","Ripk4","ripk4"
"1635","Nsmf",""
"1636","D16Ertd472e",""
"1637","Btg3","btg3"
"1638","Cxadr","cxadr"
"1639","Gm1123","cxadr"
"1640","","poc5"
"1641","Timm22","timm22"
"1642","Ankdd1b","ankdd1b"
"1643","Auts2","auts2a"
"1644","Arb2a",""
"1645","","LOC111570376"
"1646","Ubxn2a","ubxn2a"
"1647","Blvra","blvra"
"1648","Plxdc2","LOC111583292"
"1649","Mfsd2b","mfsd2b"
"1650","","LOC111583293"
"1651","B3gnt2","b3gnt2b"
"1652","Exoc3","exoc3"
"1653","Col25a1",""
"1654","","LOC111570809"
"1655","Ntn1","ntn1a"
"1656","Ppp1r37","ppp1r37"
"1657","","LOC111570379"
"1658","Meis1","meis1b"
"1659","Larp7","larp7"
"1660","Larp7-ps","larp7"
"1661","Entpd4","entpd4"
"1662","Entpd4b","entpd4"
"1663","Slc44a5","LOC111575768"
"1664","","LOC111589168"
"1665","Adamtsl1",""
"1666","","hs6st2"
"1667","","zgc:153018"
"1668","","LOC111562660"
"1669","Slit3","slit3"
"1670","Palm3","palm3"
"1671","Plppr2","plppr2b"
"1672","Gga3","gga3a"
"1673","Akr1b1","LOC111563385"
"1674","Tpm2","tpm2"
"1675","Fam107a","si:ch211-236d3.4"
"1676","Ssu2","ssuh2.1"
"1677","Suox","suox"
"1678","Kif5a","kif5ab"
"1679","Fancd2","fancd2"
"1680","Rnf128","rnf128a"
"1681","Sema6d","sema6d"
"1682","Myocd","myocd"
"1683","Nt5m","LOC111571616"
"1684","Mrpl27","mrpl27"
"1685","Nt5c3b",""
"1686","Car10","ca10a"
"1687","Adad2","adad2"
"1688","Cpb2","cpb2"
"1689","Fhl4","LOC111573060"
"1690","Fhl1","LOC111573060"
"1691","Alg11","alg11"
"1692","Spp2",""
"1693","","LOC111567189"
"1694","Slc9a6",""
"1695","Raph1","raph1b"
"1696","Tafa1","LOC111572111"
"1697","Glrb","glrbb"
"1698","","ccdc3b"
"1699","Osbpl2","osbpl2a"
"1700","Camk1","camk1b"
"1701","Gtf2a1l",""
"1702","Ston1",""
"1703","Cep68",""
"1704","Xpo5","LOC111564374"
"1705","Sox9","LOC111571609"
"1706","Ogfod3","uts2r2"
"1707","Hexd","hexd"
"1708","Cyp4f18",""
"1709","Cyp4b1",""
"1710","Cyp4a32",""
"1711","Cyp4a10",""
"1712","Cyp4a31",""
"1713","Cyp4a30b",""
"1714","Cyp4f40",""
"1715","Cyp4f14",""
"1716","Cyp4f15",""
"1717","Cyp4x1",""
"1718","Cyp4a14",""
"1719","Cyp4a29",""
"1720","Cyp4a12a",""
"1721","Cyp4a12b",""
"1722","Gga1","LOC111581293"
"1723","Cybc1","LOC111570554"
"1724","","tdrkh"
"1725","Kdelr2","kdelr2b"
"1726","Mettl9","mettl9"
"1727","","ywhae1"
"1728","Crk","crk"
"1729","Dipk1b","dipk1b"
"1730","Usp2","usp2a"
"1731","Tet1","tet1"
"1732","Ctif","ctif"
"1733","Slc25a16","slc25a16"
"1734","","cdk5rap2"
"1735","Etnk1","etnk1"
"1736","Nup188","nup188"
"1737","Prr5","LOC111571452"
"1738","Gnaq","LOC111564939"
"1739","Spx","spx"
"1740","Apaf1","apaf1"
"1741","Neil3","neil3"
"1742","Aga","aga"
"1743","Cbfa2t3","cbfa2t3"
"1744","Ppargc1b","ppargc1b"
"1745","Marveld1","marveld1"
"1746","Zc3h6",""
"1747","Gask1b",""
"1748","Tmed9","tmed9"
"1749","Tm9sf3",""
"1750","Soat2","soat2"
"1751","Tle6","tle5"
"1752","Ctxn1","LOC111584310"
"1753","Cyp2j8",""
"1754","Cyp2j6",""
"1755","Cyp2j5",""
"1756","Cyp2j7",""
"1757","Cyp2j11",""
"1758","Cyp2j12",""
"1759","Egln1","egln1a"
"1760","Gch1","gch1"
"1761","","zgc:172136"
"1762","Wdhd1","wdhd1"
"1763","","mrps6"
"1764","Cnmd","LOC111569969"
"1765","Nolc1","nolc1"
"1766","Pcdh8","si:ch211-199f5.1"
"1767","Micu1",""
"1768","Igsf8","igsf8"
"1769","","mrpl55"
"1770","Pparg","pparg"
"1771","Ctns","ctns"
"1772","Me3","me3"
"1773","Xxylt1","xxylt1"
"1774","Tspan1",""
"1775","Pomgnt1","pomgnt1"
"1776","Socs4",""
"1777","Gpr141","LOC111565919"
"1778","Pdia4","pdia4"
"1779","Dennd4a","LOC111575108"
"1780","Gpt","si:ch211-217a12.1"
"1781","Tnfaip8l3","tnfaip8l3"
"1782","Slc26a2","slc26a2"
"1783","Lysmd2","lysmd2"
"1784","Rxfp1","rxfp1"
"1785","Ccna2","ccna2"
"1786","Scg3","scg3"
"1787","Moap1",""
"1788","Pnma8c",""
"1789","Pnma5",""
"1790","Pnma8b",""
"1791","Pnma8a",""
"1792","Zcchc12",""
"1793","Ccdc8",""
"1794","Pnma2",""
"1795","Zcchc18",""
"1796","Gm45015",""
"1797","Pnma1",""
"1798","Pnma6e",""
"1799","Pnma3",""
"1800","Ppid",""
"1801","Etfdh","etfdh"
"1802","Ace2","ace2"
"1803","Gpr158","LOC111588111"
"1804","Zfp319","LOC111582548"
"1805","Jph3","jph3a"
"1806","Psmd13","psmd13"
"1807","Dars2",""
"1808","Slc47a1","LOC111569730"
"1809","Slc47a2","LOC111569730"
"1810","Plekha7","plekha7b"
"1811","Crabp1","crabp1a"
"1812","Skic8","skic8"
"1813","Stx5a","stx5a"
"1814","","si:ch211-235m3.5"
"1815","","im:7138535"
"1816","Sox6",""
"1817","Chchd2","chchd2"
"1818","Phkg1","phkg1a"
"1819","Msantd4",""
"1820","","npas4l"
"1821","Dimt1","dimt1l"
"1822","Trp53bp2","tp53bp2a"
"1823","Rab4b","rab4b"
"1824","Ap2s1","ap2s1"
"1825","Ppp1r21","ppp1r21"
"1826","Nrgn","spa17"
"1827","Fzd4",""
"1828","H2ac21","LOC111570814"
"1829","H2aj","LOC111570814"
"1830","H2ac20","LOC111570814"
"1831","Mbnl1","LOC111575847"
"1832","Gfpt1",""
"1833","Cfap57","cfap57"
"1834","","tlcd2"
"1835","Col26a1","LOC111573936"
"1836","Inhca","srprb"
"1837","Wdr53","wdr53"
"1838","Cpd","cpda"
"1839","Adamts9","LOC111586039"
"1840","Slc22a18","slc22a18"
"1841","Sirt3","sirt3"
"1842","Nr2e3","LOC111575112"
"1843","Zpld2","LOC111586426"
"1844","Csnk2a2","csnk2a2a"
"1845","","bmp16"
"1846","Gemin7","gemin7"
"1847","Alcam",""
"1848","Slc25a44","slc25a44a"
"1849","Cttn","LOC111572572"
"1850","Ireb2","ireb2"
"1851","Klhl10",""
"1852","Thsd7a","thsd7aa"
"1853","Nid1","LOC111567774"
"1854","Il2rg","LOC111573091"
"1855","Il27ra","LOC111573091"
"1856","Snx12","snx12"
"1857","Ddx46","ddx46"
"1858","Minar1","minar1"
"1859","Uqcrfs1","LOC111583405"
"1860","Drd4","drd4b"
"1861","Ankrd49","ankrd49"
"1862","","shank2b"
"1863","Stim2",""
"1864","Bin1","LOC111588271"
"1865","Maf","LOC111583219"
"1866","Wwox","wwox"
"1867","Arnt2","arnt2"
"1868","Atp2a2","atp2a2b"
"1869","Zp3","LOC111583217"
"1870","Ralgps1","LOC111582482"
"1871","Asb12","asb12b"
"1872","","gabrp"
"1873","","afap1l1a"
"1874","","cab39l1"
"1875","Dctn4","dctn4"
"1876","Lsm3","lsm3"
"1877","","syce3"
"1878","","foxi3b"
"1879","Efnb1","efnb1"
"1880","4930562C15Rik","LOC111583216"
"1881","Stard3nl","stard3nl"
"1882","Chkb","chkb"
"1883","Anxa6","anxa6"
"1884","Kif5b","LOC111582846"
"1885","","LOC111583215"
"1886","Cyb561d1","LOC111585229"
"1887","Stx8","stx8"
"1888","Elf3","elf3"
"1889","Ccdc86","ccdc86"
"1890","Cpt1b","cpt1b"
"1891","Rims2",""
"1892","Adap2",""
"1893","Adcy3","adcy3a"
"1894","Tefm",""
"1895","Atad5",""
"1896","Ptprg","LOC111578637"
"1897","Sumo2",""
"1898","Sbspon","LOC111587696"
"1899","Fam114a1","fam114a1"
"1900","Terf1","terf1"
"1901","Spata13","spata13"
"1902","Klhl5","klhl5"
"1903","Tmprss7","tmprss7"
"1904","Tmprss11a","LOC111572453"
"1905","Tmprss11b","LOC111572453"
"1906","Tmprss11d","LOC111572453"
"1907","Tmprss11f","LOC111572453"
"1908","Prss30","LOC111572453"
"1909","Prss22","LOC111572453"
"1910","Dap","dap"
"1911","Neto1","neto1l"
"1912","Ibtk","ibtk"
"1913","Ifit1bl1","LOC111581771"
"1914","Ifit1bl2","LOC111581771"
"1915","Ifit1","LOC111581771"
"1916","Ifit3b","LOC111581771"
"1917","Ifit2","LOC111581771"
"1918","Ifit3","LOC111581771"
"1919","Rtca",""
"1920","Polr1b",""
"1921","Grb14","grb14"
"1922","Orc1","orc1"
"1923","Preb","preb"
"1924","","zgc:162144"
"1925","Cenpf",""
"1926","Upf3b","upf3b"
"1927","Me1","me1"
"1928","","LOC111578094"
"1929","Mif","mif"
"1930","Calm4","cabp2b"
"1931","Calm5","cabp2b"
"1932","Efcab15","cabp2b"
"1933","Cetn2","cabp2b"
"1934","Kcnk4",""
"1935","","LOC111562655"
"1936","","e2f2"
"1937","","LOC129350275"
"1938","","LOC129350276"
"1939","","LOC111581267"
"1940","","LOC129347239"
"1941","","LOC111581199"
"1942","Tm9sf5","tm9sf5"
"1943","Zbtb18","zbtb18"
"1944","Nanp","nanp"
"1945","Rnf166","LOC111578198"
"1946","Cyp1b1","LOC111586556"
"1947","Pwwp2b",""
"1948","Prorsd1","prorsd1"
"1949","Fbxw5","fbxw5"
"1950","Opn4","opn4a"
"1951","Ggcx","ggcx"
"1952","Adss2","adss2"
"1953","Dctn2","dctn2"
"1954","Tmem151a","LOC111567538"
"1955","Tmem102","tmem102"
"1956","Alpk1",""
"1957","","LOC111562542"
"1958","","epdl1"
"1959","","cskmt"
"1960","Otub1","otub1b"
"1961","Nup85","nup85"
"1962","Adat2",""
"1963","","rnf175"
"1964","","LOC111578299"
"1965","Ptprk",""
"1966","","LOC111584162"
"1967","Ndufs2","ndufs2"
"1968","Rbp4",""
"1969","Cby2","cby1"
"1970","Ccdc70","cby1"
"1971","Cby1","cby1"
"1972","Cby3","cby1"
"1973","Ccdc202","cby1"
"1974","Cpn1",""
"1975","Layn","laynb"
"1976","","aifm4"
"1977","Npas1",""
"1978","Psph","psph"
"1979","Nipsnap2",""
"1980","Wdcp","wdcp"
"1981","Fkbp1b",""
"1982","Tmed4","tmed4"
"1983","Plpbp","plpbp"
"1984","Commd7","commd7"
"1985","Xkr7","LOC111576182"
"1986","","cav4b"
"1987","","zgc:113363"
"1988","Sarnp","sarnp"
"1989","Abt1","abt1"
"1990","Rad51c","rad51c"
"1991","Mmut","mmut"
"1992","Grm6","grm6a"
"1993","","pnisr"
"1994","Wdr26","wdr26a"
"1995","Notum","notum1a"
"1996","Antxr1","antxr1a"
"1997","Sun1","sun1b"
"1998","Snap91","snap91a"
"1999","Ppp1r27","ppp1r27a"
"2000","","si:ch211-157c3.4"
"2001","Ralb","ralba"
"2002","Itgb3","itgb3b"
"2003","Sec61g",""
"2004","Tpk1","tpk1"
"2005","Cyth3","LOC111576171"
"2006","Ramp1","LOC111574178"
"2007","Ppp1r16a","ppp1r16a"
"2008","Twist2","twist2"
"2009","Prss35","prss35"
"2010","Foxh1","foxh1"
"2011","Dop1a","dop1a"
"2012","Mybl1","mybl1"
"2013","Baz2b","LOC111575749"
"2014","Tcaim","tcaim"
"2015","Sema5a","sema5a"
"2016","","LOC111574002"
"2017","AU018091","LOC111573215"
"2018","Slc7a13","LOC111573215"
"2019","Jakmip1","jakmip1"
"2020","Coq3","coq3"
"2021","Faxc","faxcb"
"2022","Fbxl4",""
"2023","Fam98a","fam98a"
"2024","Pou3f2","pou3f2b"
"2025","Ctu2","ctu2"
"2026","Mms22l","mms22l"
"2027","Klhl32","klhl32"
"2028","2410002F23Rik",""
"2029","Calhm2","LOC111564305"
"2030","Ncapd3","ncapd3"
"2031","Snx24","snx24"
"2032","Golga2","golga2"
"2033","","LOC111567311"
"2034","Inip","LOC111563136"
"2035","","LOC111563135"
"2036","Pml","LOC111582132"
"2037","Dnm1","dnm1a"
"2038","Ighmbp2","ighmbp2"
"2039","Ppih","ppih"
"2040","Ppihl","ppih"
"2041","","lrrc75bb"
"2042","Exosc2","exosc2"
"2043","Abl1","abl1"
"2044","Taf10","taf10"
"2045","","zgc:154075"
"2046","Errfi1","LOC111568952"
"2047","Chid1",""
"2048","Emc1","emc1"
"2049","Lpp","lpp"
"2050","Slc34a2","slc34a2b"
"2051","Dmd",""
"2052","","il1fma"
"2053","Cmtm4","cmtm4"
"2054","","alp3"
"2055","","dmxl2"
"2056","Zpld2","si:ch211-246m6.5"
"2057","Kynu","kynu"
"2058","Gldn","gldn"
"2059","Cyp19a1",""
"2060","Cyb561a3","LOC111583692"
"2061","Tnfrsf18","hdr"
"2062","Tnfrsf10b","hdr"
"2063","Tnfrsf14","hdr"
"2064","Tnfrsf8","hdr"
"2065","Ltbr","hdr"
"2066","Tnfrsf11a","hdr"
"2067","Tnfrsf25","hdr"
"2068","Tnfrsf22","hdr"
"2069","Tnfrsf26","hdr"
"2070","Tnfrsf23","hdr"
"2071","Cd27","hdr"
"2072","Nradd","hdr"
"2073","Tnfrsf4","hdr"
"2074","Unc5d","unc5db"
"2075","Mpp2",""
"2076","Rab1b","LOC111564302"
"2077","Fzd6","LOC111564830"
"2078","Cyb5r4","LOC111576353"
"2079","Tapbp","tapbp.1"
"2080","Anln","anln"
"2081","Gsk3a","gsk3aa"
"2082","Adgrb1","adgrb1a"
"2083","Ddi1",""
"2084","","si:ch73-361p23.3"
"2085","Shisa4","shisa4"
"2086","Inka2","inka2"
"2087","Ipo9","ipo9"
"2088","A930007A09Rik",""
"2089","Tlk2","LOC111567287"
"2090","Rarb","LOC111573403"
"2091","Abhd12b","si:ch211-117n7.7"
"2092","Gnas","LOC111585083"
"2093","Mocos","mocos"
"2094","Mgat1","mgat1b"
"2095","","LOC111571913"
"2096","Arl8b","arl8ba"
"2097","Tsnax","tsnax"
"2098","Fbln7","LOC111576112"
"2099","Krcc1",""
"2100","Sfrp5","sfrp5"
"2101","","LOC111580430"
"2102","Golga7b","golga7bb"
"2103","Slc29a1","LOC111562720"
"2104","Crtac1","crtac1b"
"2105","Slc5a4b","slc5a8l"
"2106","Slc5a4a","slc5a8l"
"2107","Gm5134","slc5a8l"
"2108","Tshb","tshba"
"2109","","slc25a55a"
"2110","Grpr",""
"2111","Mapk6","mapk6"
"2112","Tspan2","tspan2a"
"2113","Rtf2","rtf2"
"2114","Gcnt7","gcnt7"
"2115","Tfap2c","tfap2c"
"2116","Irs2","LOC111566540"
"2117","Atic","atic"
"2118","Gemin8","gemin8"
"2119","","LOC111579463"
"2120","Col8a1","LOC111585695"
"2121","Slc19a1",""
"2122","Rab9","LOC111580899"
"2123","Slc16a1","slc16a1a"
"2124","Stradb","stradb"
"2125","Sycp1","sycp1"
"2126","Trak2","trak2"
"2127","Tubb2b",""
"2128","Rnf135","trim25l"
"2129","Tead3","LOC111581411"
"2130","Nudt15","nudt15"
"2131","","LOC111566537"
"2132","Spred1","spred1"
"2133","Cckbr","cckbra"
"2134","Irs4",""
"2135","Nipal3","nipal3"
"2136","Tceanc","LOC111580289"
"2137","","lrrc32"
"2138","Rcan3","rcan3"
"2139","Glb1l3","LOC111576271"
"2140","Glb1l2","LOC111576271"
"2141","Gm1110","LOC111576271"
"2142","Dlst","dlst"
"2143","Ncam2",""
"2144","","bpnt2"
"2145","Ankrd45","ankrd45"
"2146","Rnf220","rnf220a"
"2147","Toe1","toe1"
"2148","Tmem53","tmem53"
"2149","Hectd3","hectd3"
"2150","B3gat1","b3gat1b"
"2151","Mrps31","mrps31"
"2152","Amot","amot"
"2153","Taf6",""
"2154","Nop9","LOC111584970"
"2155","St6galnac3","st6galnac3"
"2156","Rabggtb","rabggtb"
"2157","","LOC111575127"
"2158","","LOC111566006"
"2159","","LOC111566009"
"2160","","txk"
"2161","Ccdc18","ccdc18"
"2162","","acadm"
"2163","Amotl2","LOC111578813"
"2164","","LOC111565508"
"2165","Tec","tec"
"2166","Opcml","ntm"
"2167","Dlat","dlat"
"2168","","LOC118470034"
"2169","Supt4a","supt4h1"
"2170","Coro2a",""
"2171","Hsf5","hsf5"
"2172","Emsy","emsy"
"2173","Slc17a2","slc37a4b"
"2174","Slc17a1","slc37a4b"
"2175","Slc17a3","slc37a4b"
"2176","Slc17a5","slc37a4b"
"2177","Slc17a4","slc37a4b"
"2178","Rab14","rab14l"
"2179","Med13","med13a"
"2180","Sgsm1","sgsm1b"
"2181","Anp32b","LOC111575613"
"2182","","LOC111575617"
"2183","Tfr2",""
"2184","Tamm41","tamm41"
"2185","","syn2b"
"2186","Timp4","LOC111564573"
"2187","Rpl29","rpl29"
"2188","Rpl27rt","rpl29"
"2189","Mov10","mov10a"
"2190","Cox7a2","LOC111569655"
"2191","Atg9a","atg9a"
"2192","Eif2ak4",""
"2193","Angptl2","LOC111579150"
"2194","Camk2b","LOC111570198"
"2195","Git2","git2b"
"2196","","crim1"
"2197","Bmf","bmf1"
"2198","","LOC129347269"
"2199","Gchfr","gchfr"
"2200","Dnajc17","dnajc17"
"2201","","LOC111570515"
"2202","Fcf1","fcf1"
"2203","Arel1","arel1"
"2204","","LOC111577216"
"2205","","grk1b"
"2206","Slc46a3","slc46a3"
"2207","Uvrag","uvrag"
"2208","Gltp","LOC111574930"
"2209","Hdhd2","hdhd2"
"2210","Ric1","ric1"
"2211","","LOC111575624"
"2212","","LOC118471037"
"2213","","LOC111575620"
"2214","Clec4g","LOC111575608"
"2215","Clec4b2","LOC111575608"
"2216","Clec4b1","LOC111575608"
"2217","Clec4a2","LOC111575608"
"2218","Clec4a4","LOC111575608"
"2219","Clec4a3","LOC111575608"
"2220","Clec10a","LOC111575608"
"2221","Mgl2","LOC111575608"
"2222","Asgr1","LOC111575608"
"2223","Clec4a1","LOC111575608"
"2224","Asgr2","LOC111575608"
"2225","Cd209e","LOC111575608"
"2226","Cd209b","LOC111575608"
"2227","Cd209c","LOC111575608"
"2228","Cd209a","LOC111575608"
"2229","Cd209d","LOC111575608"
"2230","Cd207","LOC111575608"
"2231","Clec4d","LOC111575608"
"2232","Clec4n","LOC111575608"
"2233","Fcer2a","LOC111575608"
"2234","Reg1","LOC111575615"
"2235","Reg2","LOC111575615"
"2236","Reg1","LOC129348202"
"2237","Reg2","LOC129348202"
"2238","","LOC118471035"
"2239","","si:dkey-19b23.7"
"2240","Man2b2","man2b2"
"2241","Smim20","smim20"
"2242","Dvl2","dvl2"
"2243","Cntf","m17"
"2244","Snrpd3",""
"2245","Fgf10","fgf10a"
"2246","Snx18","LOC111563122"
"2247","Cspg4b","LOC111563147"
"2248","","trabd2a"
"2249","Pnpla7","pnpla7a"
"2250","Sulf2","sulf2b"
"2251","","ntn5"
"2252","","si:ch211-63p21.8"
"2253","","barhl1b"
"2254","Ppic",""
"2255","Arrdc1","arrdc1b"
"2256","Prdm6","prdm6"
"2257","Slc25a1","slc25a1b"
"2258","","LOC111566910"
"2259","Cep120","cep120"
"2260","Zfp608","znf608"
"2261","Prkab1","prkab1a"
"2262","Gramd2b","LOC111571177"
"2263","Tln1",""
"2264","Slc12a2",""
"2265","Pea15a","LOC111576690"
"2266","","LOC118471039"
"2267","Oxa1l","oxa1l"
"2268","Tbc1d10b","LOC111588890"
"2269","Metap2","LOC111571104"
"2270","Hmgcs1",""
"2271","Nsa2",""
"2272","Slc8a1","slc8a1b"
"2273","Ints2","ints2"
"2274","G3bp2","g3bp2a"
"2275","Mctp1","mctp1b"
"2276","Dis3l2","dis3l2"
"2277","","gatd1"
"2278","Plekha5","plekha5"
"2279","Zgpat","zgpat"
"2280","Tti1","tti1"
"2281","Slc66a1","slc66a1"
"2282","Nr1h5","nr1h5"
"2283","Nr1i3","nr1h5"
"2284","Brpf3","brpf3b"
"2285","Mapk13","mapk13"
"2286","Nfatc2","nfatc2a"
"2287","Iws1","LOC111587265"
"2288","Dpep1","dpep1"
"2289","Wdr74","wdr74"
"2290","","zgc:162872"
"2291","Lipt2","lipt2"
"2292","Sult5a1",""
"2293","Acap3","acap3a"
"2294","Pgm2l1",""
"2295","Ccdc6","LOC111582667"
"2296","Grid1","grid1b"
"2297","Ccdc146","ccdc146"
"2298","Fgl2","fgl2a"
"2299","Usp44","usp44"
"2300","Tfec","tfec"
"2301","Rmdn2","LOC111586884"
"2302","Mdfic",""
"2303","H3c2","LOC129348639"
"2304","H3c2","LOC111586086"
"2305","H3c2","LOC111572249"
"2306","H3c2","LOC111570663"
"2307","H3c2","LOC111567427"
"2308","H3c2","LOC111567250"
"2309","","LOC111586087"
"2310","Cnot2","LOC111586091"
"2311","Slc30a6",""
"2312","","opn8b"
"2313","","opn8a"
"2314","Oprm1","oprm1"
"2315","","runx2b"
"2316","Ehbp1","ehbp1"
"2317","Micall1","micall1a"
"2318","1700088E04Rik","c4h22orf23"
"2319","Zfp352",""
"2320","Klf17",""
"2321","Klf14",""
"2322","Spint1","wfikkn1"
"2323","Wfdc8","wfikkn1"
"2324","Lrp11","wfikkn1"
"2325","Spint4","wfikkn1"
"2326","Wfdc6b","wfikkn1"
"2327","Eppin","wfikkn1"
"2328","Wfdc6a","wfikkn1"
"2329","Pip5k1c","LOC111565489"
"2330","","LOC111570438"
"2331","","zgc:174935"
"2332","","cdc42l"
"2333","Pla2g12a","pla2g12a"
"2334","Pkd2",""
"2335","Cacng6","cacng6b"
"2336","Mptx1","LOC111562989"
"2337","Apcs","LOC111562989"
"2338","Mptx2","LOC111562989"
"2339","Crp","LOC111562989"
"2340","Pip5k1a","LOC111562995"
"2341","Tectb","tectb"
"2342","","LOC129347421"
"2343","Plxdc1","LOC111563176"
"2344","Aftph",""
"2345","","LOC111585656"
"2346","Slc7a7","slc7a7"
"2347","Hp","hp"
"2348","Dhodh","dhodh"
"2349","Ank3",""
"2350","Car7","ca7"
"2351","Acsf3","acsf3"
"2352","","zgc:194930"
"2353","Rbpj",""
"2354","B4galt5",""
"2355","Ttr","ttr"
"2356","Aif1l","aif1l"
"2357","Dsg1c","LOC111569640"
"2358","Dsg1a","LOC111569640"
"2359","Dsg1b","LOC111569640"
"2360","Dsg2","LOC111569640"
"2361","Dsg4","LOC111569640"
"2362","Dsg3","LOC111569640"
"2363","Kcmf1","kcmf1"
"2364","Rpl37","rpl37"
"2365","Lsg1","lsg1"
"2366","Dnajc21","dnajc21"
"2367","Agxt2","LOC111578671"
"2368","Papolb",""
"2369","Papola",""
"2370","Clic5","clic5b"
"2371","Lasp1","LOC111587457"
"2372","Klhdc1","LOC111587456"
"2373","Plekhm1","plekhm1"
"2374","Nfe2l1","nfe2l1b"
"2375","Cdc42ep4","cdc42ep4b"
"2376","Acsf2",""
"2377","Aqp6","LOC111577255"
"2378","Cd151","cd151"
"2379","Map2k1","map2k1"
"2380","Enpp5","enpp5"
"2381","","hmgn3"
"2382","Phip","phip"
"2383","","rhno1"
"2384","Ahcyl2","ahcyl2b"
"2385","Nrg3","LOC111579075"
"2386","","igsf5a"
"2387","","LOC111573990"
"2388","Tmem254","tmem254"
"2389","Nrip1","nrip1b"
"2390","Ccdc85a","ccdc85a"
"2391","","LOC111579916"
"2392","Arhgef12","arhgef12b"
"2393","Cdk1",""
"2394","Fancl","fancl"
"2395","Prickle3",""
"2396","","LOC111588724"
"2397","Gp9","gp9"
"2398","","LOC111588713"
"2399","Zcchc13","cnbpa"
"2400","Cnbp","cnbpa"
"2401","Raf1","raf1a"
"2402","Arfgef2","arfgef2"
"2403","Arhgap35","arhgap35a"
"2404","Cdh23","cdh23"
"2405","Gria4","gria4a"
"2406","Farsa","farsa"
"2407","Vrk2","vrk2"
"2408","","tmem88a"
"2409","","hcar1-3"
"2410","Pcolce","pcolcea"
"2411","Sult6b1","sult6b1"
"2412","Sod1","sod1"
"2413","Duxbl1",""
"2414","Rhoq","rhoq"
"2415","","socs5b"
"2416","Prop1",""
"2417","Fgf11","fgf11b"
"2418","Ces2a","nlgn2b"
"2419","Ces2g","nlgn2b"
"2420","Ces2e","nlgn2b"
"2421","Ces2b","nlgn2b"
"2422","Ces2f","nlgn2b"
"2423","Ces2c","nlgn2b"
"2424","Ces2h","nlgn2b"
"2425","Ces1a","nlgn2b"
"2426","Ces1f","nlgn2b"
"2427","Ces1e","nlgn2b"
"2428","Ces1d","nlgn2b"
"2429","Ces1g","nlgn2b"
"2430","Ces1b","nlgn2b"
"2431","Ces1c","nlgn2b"
"2432","Ces1h","nlgn2b"
"2433","Ces4a","nlgn2b"
"2434","Ces5a","nlgn2b"
"2435","Hnrnpll","LOC111563637"
"2436","Nectin1","nectin1b"
"2437","Spint2",""
"2438","Dnajc5","dnajc5aa"
"2439","Slc26a9",""
"2440","Slc48a1","slc48a1a"
"2441","Gpr137c","gpr137c"
"2442","Rapgef3","rapgef3"
"2443","Txndc16","txndc16"
"2444","Ptger2","ptger2a"
"2445","Nid2","nid2a"
"2446","","ube2m"
"2447","","LOC111563050"
"2448","Utp18","utp18"
"2449","Wipf2","LOC111562966"
"2450","Nr1i3","LOC111584526"
"2451","Ilkap","ilkap"
"2452","Maml2","zmp:0000001236"
"2453","Mb21d2","LOC111579668"
"2454","Ryr1","ryr1b"
"2455","Uncx","uncx"
"2456","Tcap",""
"2457","Gper1",""
"2458","Hrob",""
"2459","Asb16","asb16"
"2460","Tmem104","tmem104"
"2461","Slc35b1","slc35b1"
"2462","Aurkaip1","aurkaip1"
"2463","Tafa3","LOC111572095"
"2464","","LOC111572136"
"2465","Col9a3","col9a3"
"2466","Arhgef37","arhgef37"
"2467","Gpr137b","gpr137bb"
"2468","Tcfl5","LOC111574189"
"2469","Tmem216","tmem216"
"2470","Trappc11",""
"2471","Aaas","aaas"
"2472","Ero1b","ero1b"
"2473","Rell2","rell2"
"2474","","fgfbp1a"
"2475","Fchsd1","LOC111573626"
"2476","Smu1","smu1a"
"2477","Prom1","prom1a"
"2478","Psmd14","psmd14"
"2479","Mmp25","mmp17b"
"2480","Spdl1","spdl1"
"2481","Dusp8","dusp8a"
"2482","Terb1",""
"2483","","tshz3a"
"2484","Sephs1",""
"2485","Tspan9","tspan9a"
"2486","Tenm3","si:dkey-237h12.3"
"2487","Cnot2",""
"2488","Elof1","LOC111574096"
"2489","Pld6","pld6"
"2490","Acsl1","acsl1a"
"2491","Ankrd11","ankrd11"
"2492","Cckar","cckar"
"2493","Nwd2","LOC111571088"
"2494","Myadm","myadma"
"2495","Acadvl","acadvl"
"2496","Ildr1","ildr1b"
"2497","Col8a1","col8a1a"
"2498","","pcdh8"
"2499","Pcdh17","LOC111569963"
"2500","","LOC111585544"
"2501","Mospd2","mospd2"
"2502","Htr2a","htr2aa"
"2503","Ube2g2","ube2g2"
"2504","Nek5","LOC111570835"
"2505","Alg11","LOC111570845"
"2506","Tspear","LOC111580797"
"2507","Mphosph10","mphosph10"
"2508","","LOC118469811"
"2509","Lcp1",""
"2510","Slc29a1","LOC111563953"
"2511","","traf5"
"2512","Zfp114",""
"2513","Zfp108",""
"2514","Zfp109",""
"2515","Zfp93",""
"2516","Zfp235",""
"2517","Acaa1b","acaa1"
"2518","Acaa1a","acaa1"
"2519","Arrdc3","arrdc3b"
"2520","Gtf3c4","gtf3c4"
"2521","Wdr5","wdr5"
"2522","Wdr5b","wdr5"
"2523","Iqsec2",""
"2524","Ptk6","LOC111567104"
"2525","Ntsr1","ntsr1"
"2526","Ada","ada"
"2527","Grik1","grik1a"
"2528","Abcc10","abcc10"
"2529","Ogdh","ogdhb"
"2530","Rpl4","rpl4"
"2531","","dclk2a"
"2532","Lrba","lrba"
"2533","","mcee"
"2534","Zwilch","zwilch"
"2535","Fthl17c","LOC111580055"
"2536","Fthl17d","LOC111580055"
"2537","Fthl17a","LOC111580055"
"2538","Fthl17e","LOC111580055"
"2539","Fth1","LOC111580055"
"2540","Fthl17f","LOC111580055"
"2541","Fthl17b","LOC111580055"
"2542","Rplp2-ps1","rplp2l"
"2543","Rplp2","rplp2l"
"2544","Ppef1","ppef1"
"2545","Rs1",""
"2546","Cdkl5","cdkl5"
"2547","Nae1","nae1"
"2548","Pacsin1","LOC111572121"
"2549","Lctl","lctlb"
"2550","Snapc5","snapc5"
"2551","Smad6","smad6b"
"2552","Smad3",""
"2553","","LOC118470259"
"2554","","nr1d2a"
"2555","Arid1a","arid1aa"
"2556","Aagab","aagab"
"2557","Iqch","iqch"
"2558","Capn7","capn7"
"2559","Trip4","trip4"
"2560","Arpp19",""
"2561","Leo1",""
"2562","Syt9","syt9a"
"2563","Calcb","calca"
"2564","Tradd","tradd"
"2565","Phf10",""
"2566","Cln6","cln6a"
"2567","2300009A05Rik","c3h15orf61"
"2568","Calml4","calml4a"
"2569","Rab4a","rab4a"
"2570","Fgd6","LOC111574646"
"2571","Nudt21","nudt21"
"2572","Mis12","mis12"
"2573","Ppm1g",""
"2574","Adamts7","LOC111568352"
"2575","Gid8","LOC111572122"
"2576","Slc17a9","LOC111572124"
"2577","","LOC111587909"
"2578","Aebp2","LOC111573633"
"2579","Slco1c1","LOC111573637"
"2580","Itga5","itga5"
"2581","","LOC111579336"
"2582","","LOC111579335"
"2583","Lmna","LOC111578023"
"2584","","ddias"
"2585","","LOC111587969"
"2586","Shh","shhb"
"2587","","cacnb2b"
"2588","","LOC111583291"
"2589","Dnah8",""
"2590","Galnt2","galnt2"
"2591","Ccdc13","ccdc13"
"2592","Cntnap3","LOC111562872"
"2593","Gpatch4",""
"2594","Ttyh3","ttyh3a"
"2595","Adam30","LOC111577716"
"2596","Adam5","LOC111577716"
"2597","Adam7","LOC111577716"
"2598","Adam2","LOC111577716"
"2599","Adam21","LOC111577716"
"2600","Adam32","LOC111577716"
"2601","Adamdec1","LOC111577716"
"2602","Adam29","LOC111577716"
"2603","Adam10","LOC111577716"
"2604","Adam1a","LOC111577716"
"2605","Adam1b","LOC111577716"
"2606","Adam3","LOC111577716"
"2607","Adam18","LOC111577716"
"2608","Gm4787","LOC111577716"
"2609","Adam4","LOC111577716"
"2610","Adam26a","LOC111577716"
"2611","Adam34","LOC111577716"
"2612","Adam34l","LOC111577716"
"2613","Adam26b","LOC111577716"
"2614","Adam24","LOC111577716"
"2615","Adam39","LOC111577716"
"2616","Adam20","LOC111577716"
"2617","Adam25","LOC111577716"
"2618","Adam6a","LOC111577716"
"2619","Adam6b","LOC111577716"
"2620","Lrrc4b","lrrc4ba"
"2621","Tmub2","tmub2"
"2622","Atxn7l3","atxn7l3a"
"2623","Retsat",""
"2624","Clec4f","LOC111578042"
"2625","Tspan13","tspan13a"
"2626","Gpn2","gpn2"
"2627","Gpatch3","gpatch3"
"2628","Tent5b","tent5ba"
"2629","","LOC111572880"
"2630","Mef2d","mef2d"
"2631","Tnf","tnfb"
"2632","Lta","tnfb"
"2633","Rsbn1l","LOC111565837"
"2634","Tafa5","LOC111565695"
"2635","Rab25","rab25b"
"2636","Creld2","creld2"
"2637","","cdk21"
"2638","","svilc"
"2639","Tmem98","tmem98"
"2640","Hsd17b1",""
"2641","Nucb1","nucb1"
"2642","","rab11al"
"2643","Sp7","sp7"
"2644","","odad1"
"2645","Mkrn2","mkrn2"
"2646","Mkrn2os","LOC111571427"
"2647","Tsen2","tsen2"
"2648","Hyal2","hyal2a"
"2649","Hyal1",""
"2650","","LOC111582009"
"2651","Cenpp","cenpp"
"2652","Ogn","ogna"
"2653","Aspn","aspn"
"2654","Erc1",""
"2655","Ecm2","ecm2"
"2656","Ippk","ippk"
"2657","Smpd2","smpd2b"
"2658","Pkp1","pkp1b"
"2659","Tnnt2",""
"2660","Fam117a","fam117aa"
"2661","","prxl2b"
"2662","Crlf3","crlf3"
"2663","Slc45a1","slc45a1"
"2664","Tarbp2","tarbp2"
"2665","Edem1","edem1"
"2666","","LOC111583828"
"2667","","LOC111585995"
"2668","Prkx","prkx"
"2669","Tsen54",""
"2670","Zfand2b","zfand2a"
"2671","Snx8","snx8a"
"2672","Nudt1","nudt1"
"2673","Gas7","gas7a"
"2674","Gnat1","gnat1"
"2675","Tubb1","tubb1"
"2676","Poc1a","poc1a"
"2677","","LOC129348371"
"2678","","LOC129348350"
"2679","","LOC111585998"
"2680","","LOC111585997"
"2681","","LOC129348374"
"2682","","LOC129348370"
"2683","Mex3a",""
"2684","Alas1","alas1"
"2685","","znf385d"
"2686","","LOC111582834"
"2687","Etfb","etfb"
"2688","","si:dkey-49n23.1"
"2689","Usf2","LOC111572526"
"2690","Htr7","LOC111583967"
"2691","Ccdc172","ccdc172"
"2692","Gfra1","gfra1a"
"2693","Hectd2",""
"2694","Cers4","LOC111569286"
"2695","Ppp1r3c","LOC111585287"
"2696","Zfp318","znf318"
"2697","Syndig1","LOC111578740"
"2698","Hoxd9","LOC111563428"
"2699","Ninl","ninl"
"2700","Gins1","gins1"
"2701","Patj","patj"
"2702","Abhd12","abhd12"
"2703","Abhd16b","abhd12"
"2704","Abhd12b","abhd12"
"2705","Plpp2","plpp2b"
"2706","Fam43a","fam43a"
"2707","Frmd5","LOC111580163"
"2708","Lsm7",""
"2709","Mier2","mier2"
"2710","Skor1","skor1b"
"2711","Cracr2b","cracr2b"
"2712","4930590J08Rik","LOC111574663"
"2713","","LOC111574664"
"2714","","fbn2b"
"2715","Prickle1","prickle1a"
"2716","","LOC111578846"
"2717","Ifitm10","LOC111578843"
"2718","Ifitm10","LOC111578839"
"2719","Cat","cat"
"2720","Mgat1","mgat1a"
"2721","","si:dkey-82o10.4"
"2722","Efhb","efhb"
"2723","Rab5a","rab5ab"
"2724","Ago3",""
"2725","Washc4","washc4"
"2726","Angptl1","angptl1b"
"2727","Zyg11a","LOC111587191"
"2728","Zyg11b","LOC111587191"
"2729","Kcnq5","LOC111569979"
"2730","Eef1a1","LOC111583465"
"2731","","LOC111586583"
"2732","","LOC111570949"
"2733","Ece2","ece2b"
"2734","Zfp276","znf276"
"2735","Fanca","LOC111568731"
"2736","Slc10a3",""
"2737","Vps4a",""
"2738","Prkar2a",""
"2739","Tecta",""
"2740","","LOC111583463"
"2741","Rin2","LOC111583469"
"2742","","soul5l"
"2743","Apold1","LOC111579886"
"2744","Rps19bp1","rps19bp1"
"2745","Tst","LOC111579881"
"2746","Cdc37","cdc37"
"2747","Slc43a3","slc43a3a"
"2748","Axin2","LOC111577326"
"2749","Plaat3","si:dkey-30k22.5"
"2750","Plaat5","si:dkey-30k22.5"
"2751","Lrat","lrata"
"2752","Arfip1","arfip1"
"2753","Dnajb14","dnajb14"
"2754","","LOC111586508"
"2755","Krbox5","LOC111563859"
"2756","Cfap96","cfap96"
"2757","Dpy19l4","LOC111569252"
"2758","Saraf","saraf"
"2759","","LOC111563103"
"2760","Galnt7","galnt7"
"2761","Agxt2","LOC111587894"
"2762","Pdxk",""
"2763","Mcrs1",""
"2764","Galm","galm"
"2765","","si:dkey-191g9.5"
"2766","Ppp2r5d","ppp2r5d"
"2767","Chchd1","chchd1"
"2768","Cd5l","si:ch211-51a6.2"
"2769","Zswim8","zswim8"
"2770","Elp1","LOC111571139"
"2771","Sc5d","LOC111575129"
"2772","Plekhb1","plekhb1"
"2773","Tbcel","LOC111575130"
"2774","Umodl1","umodl1"
"2775","","lim2.1"
"2776","Smtnl2","LOC111575131"
"2777","Tiprl","tiprl"
"2778","Crk","LOC111575126"
"2779","Rnf43","LOC111567938"
"2780","","tsnare1"
"2781","","LOC111569475"
"2782","","hpda"
"2783","Cdk14","cdk14"
"2784","","LOC111563849"
"2785","Fancb",""
"2786","Abcg2","abcg2d"
"2787","Glra2","glra2"
"2788","Gpm6b","gpm6bb"
"2789","Ofd1","ofd1"
"2790","Trappc2b",""
"2791","Rab9","rab9a"
"2792","Egfl6","egfl6"
"2793","Abcc4","LOC111569959"
"2794","Cela3b","LOC111570240"
"2795","Cela3a","LOC111570240"
"2796","Atg4b","atg4b"
"2797","Otx1","otx1"
"2798","Wdpcp","wdpcp"
"2799","Jun","LOC111587627"
"2800","Rem2",""
"2801","Lrrc52",""
"2802","Mdh1","mdh1ab"
"2803","Mgst3","mgst3a"
"2804","","si:ch73-344o19.1"
"2805","","zgc:171459"
"2806","Chmp4b","LOC111577168"
"2807","Tsr2",""
"2808","Cdk16",""
"2809","Ipo13","LOC111587127"
"2810","Cdk10","cdk10"
"2811","Drg2","drg2"
"2812","","krt5"
"2813","Smpd4","smpd4"
"2814","Gfer","gfer"
"2815","Syngr3","syngr3a"
"2816","Rhbdf1","rhbdf1a"
"2817","Mybpc2","mybpc2a"
"2818","Ciita","ciita"
"2819","Adgre5","LOC111573672"
"2820","Adgrl1","adgrl1a"
"2821","Fn1","fn1b"
"2822","Dtymk","dtymk"
"2823","Rangrf","rangrf"
"2824","Hmg20b",""
"2825","Psmb11",""
"2826","Sel1l3","LOC111570241"
"2827","Sel1l2","LOC111570241"
"2828","Prdm5","prdm5"
"2829","Ildr2","ildr2"
"2830","Igsf3","igsf3"
"2831","Jagn1","jagn1a"
"2832","Lsm4","lsm4"
"2833","Ino80d","ino80da"
"2834","Rab3a","rab3ab"
"2835","Ndufs1",""
"2836","Thumpd2","thumpd2"
"2837","Mpv17l2","mpv17l2"
"2838","","LOC111573959"
"2839","Atl2","LOC111574098"
"2840","Cltrn","cltrn"
"2841","Cdh24","LOC111570238"
"2842","Cpeb2","cpeb2"
"2843","Kcnj1","kcnj1b"
"2844","Heyl","heyl"
"2845","Hes5","heyl"
"2846","Mtmr4","mtmr4"
"2847","Hdac1","LOC111579063"
"2848","","krt18a.1"
"2849","Eif3i",""
"2850","","LOC111581388"
"2851","Lhfpl4",""
"2852","Slc35e2","LOC111564733"
"2853","","si:ch1073-335m2.2"
"2854","Tmem82",""
"2855","","LOC111566633"
"2856","Vhl","vhl"
"2857","Vamp3",""
"2858","9430015G10Rik","c5h1orf159"
"2859","Per3","per3"
"2860","Elp2","elp2"
"2861","Ctnnal1","ctnnal1"
"2862","Rnft1","rnft1"
"2863","Usp25","usp25"
"2864","Fzd1",""
"2865","","chad"
"2866","","armc7"
"2867","Grb7","grb7"
"2868","Slc7a3","slc7a3a"
"2869","","tdgf1"
"2870","Pbdc1","pbdc1"
"2871","Cdk5rap3","cdk5rap3"
"2872","Ppp3cc",""
"2873","Kansl3","kansl3"
"2874","Slc9a3","LOC111586623"
"2875","Smim12","smim12"
"2876","Abitram","abitram"
"2877","Ndrg1","ndrg1a"
"2878","Rps3a1","rps3a"
"2879","Sh3d19","sh3d19"
"2880","Pou4f2",""
"2881","Rcor3","rcor3"
"2882","Pfdn1",""
"2883","","LOC111563398"
"2884","Tmprss11a",""
"2885","Tmprss11b",""
"2886","Tmprss11d",""
"2887","Tmprss11f",""
"2888","Tmprss11e",""
"2889","Prss30",""
"2890","Prss22",""
"2891","Slc22a3","oatx"
"2892","Slc22a12","oatx"
"2893","Slc22a30","oatx"
"2894","Slc22a29","oatx"
"2895","Slc22a26","oatx"
"2896","Slc22a19","oatx"
"2897","Slc22a27","oatx"
"2898","Slc22a28","oatx"
"2899","Slc22a14","oatx"
"2900","Slc22a1","oatx"
"2901","Slc22a21","oatx"
"2902","Slc22a4","oatx"
"2903","Slc22a5","oatx"
"2904","Slc22a22","oatx"
"2905","Slc22a6","oatx"
"2906","Slc22a20","oatx"
"2907","","pargl"
"2908","Zmiz2","zmiz2"
"2909","Ubac2","ubac2"
"2910","Dusp26","LOC111586100"
"2911","Ddx56","ddx56"
"2912","Ugp2","ugp2b"
"2913","Dnase1l1","dnase1l1"
"2914","Rpl10","rpl10"
"2915","Rpl10-ps3","rpl10"
"2916","Rpl10l","rpl10"
"2917","Avpr2",""
"2918","4933405O20Rik","LOC111569363"
"2919","Idh3g","LOC111569363"
"2920","Spred2","LOC111566068"
"2921","Pfkfb1",""
"2922","Camkmt","camkmt"
"2923","Prepl","prepl"
"2924","Slc3a1",""
"2925","Cox4i2","LOC111575588"
"2926","","bcl2l1"
"2927","Slc35a2","slc35a2"
"2928","","pim2"
"2929","Flna","flna"
"2930","","tmem132a"
"2931","Esf1","esf1"
"2932","Ndufaf5","ndufaf5"
"2933","Gas8","LOC111563088"
"2934","Fhip1a","fhip1aa"
"2935","Gatb","gatb"
"2936","Dcstamp",""
"2937","Znrf2","znrf2b"
"2938","Nod1",""
"2939","Ppm1b","ppm1ba"
"2940","Znhit2","znhit2"
"2941","Lrpprc","lrpprc"
"2942","Nkx6-1","nkx6.1"
"2943","Fgfr1",""
"2944","Slc24a1","LOC111575107"
"2945","Hacd3","LOC111575115"
"2946","Pamr1",""
"2947","Crbn","crbn"
"2948","Slc1a2",""
"2949","Mxra8","LOC111587441"
"2950","","tex264a"
"2951","Mib2","mib2"
"2952","Pip4k2c","LOC111587642"
"2953","Arhgap27","arhgap27"
"2954","Ush1g","ush1gb"
"2955","Otop3","LOC111571786"
"2956","Hid1","hid1b"
"2957","Ednra","ednraa"
"2958","Acyp2",""
"2959","Primpol","primpol"
"2960","","cntf"
"2961","","LOC111564252"
"2962","","LOC111564253"
"2963","Gpr83","gpr83"
"2964","Rtn3","LOC111563958"
"2965","Srsf7",""
"2966","Gemin6","gemin6"
"2967","","jpt1a"
"2968","","zgc:174863"
"2969","Hhip","hhip"
"2970","","lyl1"
"2971","Glb1",""
"2972","Ctnnbl1",""
"2973","","si:ch211-213o11.11"
"2974","Arf3","arf3a"
"2975","Arf3","arf3b"
"2976","Erbb3","erbb3a"
"2977","Atp8a2","atp8a2"
"2978","Becn1",""
"2979","Becn2",""
"2980","Rnf115","rnf115a"
"2981","Polr3c","polr3c"
"2982","Samhd1","samhd1"
"2983","Aqp8","aqp8a.1"
"2984","Aqp5","aqp8a.2"
"2985","Aqp6","aqp8a.2"
"2986","Hbb-bh1",""
"2987","Hbb-y","hbbe2"
"2988","Hba-a2","hbae4"
"2989","Hba-a1","hbae4"
"2990","Vcl",""
"2991","Tmem178","tmem178a"
"2992","Tmem184c",""
"2993","Prlr",""
"2994","Nedd4l","nedd4l"
"2995","Rpl39","rpl39"
"2996","Atp11c","atp11c"
"2997","Gtdc1","gtdc1"
"2998","Cnot11","cnot11"
"2999","Ddx3x","ddx3xa"
"3000","D1Pas1","ddx3xa"
"3001","Ddx3y","ddx3xa"
"3002","Fkbp10",""
"3003","Nt5c3b","LOC111588971"
"3004","","LOC111566737"
"3005","Cep55",""
"3006","Ccdc186","ccdc186"
"3007","Slc22a3","LOC111563756"
"3008","Slc22a12","LOC111563756"
"3009","Slc22a30","LOC111563756"
"3010","Slc22a29","LOC111563756"
"3011","Slc22a26","LOC111563756"
"3012","Slc22a19","LOC111563756"
"3013","Slc22a27","LOC111563756"
"3014","Slc22a28","LOC111563756"
"3015","Slc22a14","LOC111563756"
"3016","Slc22a1","LOC111563756"
"3017","Slc22a21","LOC111563756"
"3018","Slc22a4","LOC111563756"
"3019","Slc22a5","LOC111563756"
"3020","Slc22a22","LOC111563756"
"3021","Slc22a6","LOC111563756"
"3022","Slc22a20","LOC111563756"
"3023","Prmt9",""
"3024","","slc22a5"
"3025","Mtcl2","si:ch211-197l9.2"
"3026","Rap1gap","LOC111588333"
"3027","Caml","camlg"
"3028","Ppp2ca","ppp2cab"
"3029","","LOC111568252"
"3030","Rab39b","LOC111573051"
"3031","","LOC111582687"
"3032","","nt5dc2"
"3033","Aebp1","aebp1a"
"3034","Rin1","LOC111582690"
"3035","Dpp3","dpp3"
"3036","","ifi30b"
"3037","Pik3r2",""
"3038","Ash2l","ash2l"
"3039","Fbxo15","fbxo15"
"3040","Crispld1","crispld1a"
"3041","Sos1","LOC111563950"
"3042","Bop1","bop1"
"3043","Mtmr6","mtmr6"
"3044","","kank3"
"3045","Thop1","thop1"
"3046","Aplf",""
"3047","","kif16ba"
"3048","Btg1","btg1"
"3049","Wnt5b","wnt5b"
"3050","Iapp","LOC111581169"
"3051","Spic","spic"
"3052","Strap","strap"
"3053","Bicd1","LOC111573495"
"3054","Large1","large1"
"3055","Tbcel","LOC111580898"
"3056","Cthrc1","LOC111564881"
"3057","Slc25a32","LOC111564852"
"3058","Dcaf13","dcaf13"
"3059","Dpys","dpys"
"3060","Pcdh11x","pcdh11"
"3061","Ndufa1","ndufa1"
"3062","Nkapl",""
"3063","Zfpm2","zfpm2a"
"3064","Zbtb33","zbtb33"
"3065","Pa2g4","pa2g4a"
"3066","Tmem255a","tmem255a"
"3067","Septin8",""
"3068","Ephx3","si:dkey-122a22.2"
"3069","Dock3","LOC111563161"
"3070","Ddx51","ddx51"
"3071","Spryd3","LOC111587649"
"3072","Nrl","nrl"
"3073","Sox3","sox3"
"3074","Trmt112",""
"3075","Ocrl","ocrl"
"3076","Suz12","suz12b"
"3077","Itga10",""
"3078","Cd93","LOC111582684"
"3079","Sec24a","sec24a"
"3080","Dnajc2",""
"3081","Grm2","grm2b"
"3082","Prrc2c","prrc2c"
"3083","Ehbp1l1",""
"3084","Fam89b","fam89b"
"3085","Znrd2","znrd2"
"3086","Rab22a","rab22a"
"3087","Arr3","arr3a"
"3088","Snrpb2",""
"3089","","ppp4r1l"
"3090","Impact","impact"
"3091","C1qtnf7","LOC111566384"
"3092","Uap1","uap1"
"3093","Suco","suco"
"3094","","LOC111568216"
"3095","Tcf3","tcf3b"
"3096","Pip5k1c","pip5k1ca"
"3097","Arpc1a","arpc1a"
"3098","Ccnb3","ccnb3"
"3099","Abcg3","abcg2b"
"3100","Pwwp2a","pwwp2a"
"3101","Slc23a1","slc23a1"
"3102","","eif4e2rs1"
"3103","","gc2"
"3104","Tomm40","tomm40l"
"3105","Nfatc1","nfatc1"
"3106","A2ml1","LOC111580892"
"3107","A2ml1","LOC111580890"
"3108","Pzp","LOC111580892"
"3109","Pzp","LOC111580890"
"3110","Gm7298","LOC111580892"
"3111","Gm7298","LOC111580890"
"3112","Mug2","LOC111580892"
"3113","Mug2","LOC111580890"
"3114","Mug1","LOC111580892"
"3115","Mug1","LOC111580890"
"3116","A2ml1","LOC111580895"
"3117","Pzp","LOC111580895"
"3118","Gm7298","LOC111580895"
"3119","Mug2","LOC111580895"
"3120","Mug1","LOC111580895"
"3121","","vimr2"
"3122","","LOC111583657"
"3123","Zfp771",""
"3124","Atg2a","atg2a"
"3125","Sntb2","sntb2"
"3126","Spire2","spire2"
"3127","","LOC111567078"
"3128","Usf1","usf1"
"3129","","gkup"
"3130","Decr2","decr2"
"3131","Ubash3b","ubash3bb"
"3132","Rab11fip3","rab11fip3"
"3133","Frmpd2","frmpd2"
"3134","Tmem256","LOC129347214"
"3135","Tmem256","tmem256"
"3136","","si:ch1073-416j23.1"
"3137","Fam131a","fam131ab"
"3138","Psmc2","psmc2"
"3139","","LOC111571486"
"3140","Bcdin3d","LOC111579189"
"3141","","LOC111571489"
"3142","Wapl",""
"3143","","LOC111587640"
"3144","Lrrc75a","lrrc75a"
"3145","Pgap2","LOC111571520"
"3146","","ntn2"
"3147","Chrna10","chrna10a"
"3148","Lyrm1","lyrm1"
"3149","","LOC111571525"
"3150","Dcun1d3","dcun1d3"
"3151","Brca1","LOC111567306"
"3152","Rrp9","rrp9"
"3153","Plbd1","plbd1b"
"3154","Cbfb","cbfb"
"3155","","LOC111581292"
"3156","P2ry4","p2ry4"
"3157","Nup93","nup93"
"3158","Sh2d1b2","inppl1b"
"3159","Sh2d1b1","inppl1b"
"3160","Slc26a5","slc26a5"
"3161","Slc6a6","LOC111577384"
"3162","Arr3",""
"3163","Rtraf","rtraf"
"3164","","rab41"
"3165","Gjb6","LOC111566551"
"3166","Gjb2","LOC111566551"
"3167","Sap18","sap18"
"3168","Sap18b","sap18"
"3169","Gja3","LOC111566544"
"3170","","LOC111586012"
"3171","","LOC111587802"
"3172","Sfmbt2","sfmbt2"
"3173","Phyh","phyh"
"3174","Ppp6r2","ppp6r2a"
"3175","Hmbs","LOC111585446"
"3176","Ntf3","ntf3"
"3177","Angpt1","angpt1"
"3178","Gdi2","gdi2"
"3179","1110059E24Rik","c6h9orf85"
"3180","Abhd17b",""
"3181","Cert1","cert1"
"3182","Hapstr1",""
"3183","Fbxw7","fbxw7"
"3184","Lyz2",""
"3185","Lyz1",""
"3186","Lyz3",""
"3187","Fbxo48","LOC111563090"
"3188","Ugcg","ugcg"
"3189","Eif4a3",""
"3190","Eif4a3l2",""
"3191","Eif4a3l1",""
"3192","Hsdl2","hsdl2"
"3193","Bmp1",""
"3194","Ints8",""
"3195","Mettl1","mettl1"
"3196","Marchf9","LOC111587636"
"3197","","LOC111575258"
"3198","","LOC111577802"
"3199","Ccne2","LOC111569251"
"3200","Ntaq1","ntaq1"
"3201","Cct3","cct3"
"3202","","si:ch211-212k18.5"
"3203","","trip6"
"3204","","LOC111571701"
"3205","","casq1b"
"3206","Rbfox2","LOC111568796"
"3207","Elof1","elof1"
"3208","Cnn1","cnn1b"
"3209","","LOC129347584"
"3210","Ddx55","ddx55"
"3211","Hmox1","hmox1a"
"3212","Mcm5",""
"3213","Ccn4","ccn4a"
"3214","","rp9"
"3215","Sh3bgrl3","sh3bgrl3"
"3216","Cdk6","cdk6"
"3217","Gja4","gja4"
"3218","2700062C07Rik","c15h18orf21"
"3219","Trappc9",""
"3220","Rbx1","rbx1"
"3221","Gspt1","gspt1l"
"3222","Cmklr2","cmklr2"
"3223","Kcnk9","kcnk9"
"3224","F11","LOC111572227"
"3225","Oprd1","oprd1a"
"3226","Hepacam2","hepacam2"
"3227","Adgrb2",""
"3228","Eif2b1","eif2b1"
"3229","Adam23","LOC111586361"
"3230","","LOC111583664"
"3231","","LOC111583666"
"3232","Arhgap10","arhgap10"
"3233","Septin10",""
"3234","Gde1","gde1"
"3235","Tmem186","tmem186"
"3236","Hmox2","hmox2a"
"3237","Vps37c","vps37c"
"3238","","LOC129348797"
"3239","","LOC111587339"
"3240","Vps37c","LOC129348796"
"3241","","tmem109"
"3242","","tmem154"
"3243","Cnrip1","cnrip1a"
"3244","Kirrel1","kirrel1a"
"3245","Sptbn1","LOC111568903"
"3246","Arsi","arsia"
"3247","Arsi",""
"3248","Stox2","LOC111583589"
"3249","Pdgfrb","pdgfrb"
"3250","Csf1r","csf1ra"
"3251","St3gal2","st3gal2"
"3252","","kcnj11l"
"3253","Nutf2-ps1","nutf2"
"3254","Nutf2","nutf2"
"3255","","phaf1"
"3256","Prdm11",""
"3257","Exoc3l","exoc3l1"
"3258","Rnf5","rnf5"
"3259","","LOC111569227"
"3260","Clec4f","LOC111569230"
"3261","Gnb3","gnb3b"
"3262","Neu1","neu1"
"3263","Steep1","steep1"
"3264","Cacng6","LOC111568113"
"3265","","LOC111574726"
"3266","Csmd3","csmd3b"
"3267","Aars1",""
"3268","Kcnip1","LOC111575950"
"3269","Ptbp3","LOC111569346"
"3270","Prmt7",""
"3271","Tlx3",""
"3272","Ciapin1","ciapin1"
"3273","Coq9","coq9"
"3274","Ranbp10",""
"3275","Dock2","LOC111575946"
"3276","","zgc:92594"
"3277","Tnnt3","tnnt3a"
"3278","Arhgef11","arhgef11"
"3279","Ube3d","ube3d"
"3280","Prdm13","prdm13"
"3281","Snx1","snx1a"
"3282","","zgc:172323"
"3283","B3gnt9","b3gnt9"
"3284","Phf21a","phf21ab"
"3285","Sc5d","LOC111576308"
"3286","Exosc6","exosc6"
"3287","Polr2c","polr2c"
"3288","Tstd3","tstd3"
"3289","","LOC111568212"
"3290","","LOC111581748"
"3291","Usp45","usp45"
"3292","Anapc13","anapc13"
"3293","Bbs2",""
"3294","Psme3ip1",""
"3295","Oxr1","oxr1a"
"3296","","wwp2"
"3297","Dpy19l3","dpy19l3"
"3298","","LOC111563846"
"3299","Pnoc","LOC111587413"
"3300","","LOC118471810"
"3301","Mmp2","mmp2"
"3302","Akap1","akap1b"
"3303","Akap9","akap9"
"3304","Cyp51",""
"3305","Sh3gl3",""
"3306","Galnt9","galnt9"
"3307","","lrrc75ba"
"3308","Ggt1",""
"3309","Dhcr7","dhcr7"
"3310","Kctd15","LOC111572253"
"3311","Lsm14a","lsm14ab"
"3312","Fadd","fadd"
"3313","","LOC111572255"
"3314","Sdr42e1","sdr42e1"
"3315","Wtip","wtip"
"3316","Mmp15","mmp15b"
"3317","Dlgap3","dlgap3"
"3318","Col22a1","col22a1"
"3319","","LOC111565485"
"3320","Trit1","trit1"
"3321","Cr2","csmd2"
"3322","Tbc1d10a","LOC111578430"
"3323","","aplnra"
"3324","Hpd","hpdb"
"3325","","LOC111576871"
"3326","Acbd3","acbd3"
"3327","Mixl1","mixl1"
"3328","Lin9","lin9"
"3329","Krit1","krit1"
"3330","Naprt","LOC129350960"
"3331","Naprt","LOC111582129"
"3332","","chrna11"
"3333","Snx27","snx27a"
"3334","C030006K11Rik","LOC129350961"
"3335","Naprt",""
"3336","Cyp51","LOC111565075"
"3337","Ythdc2","LOC111570357"
"3338","Vdac3","zgc:56235"
"3339","C030006K11Rik","LOC111582131"
"3340","Alg6","alg6"
"3341","Efcab7","efcab7"
"3342","","pgm1"
"3343","Clcn2","LOC111567581"
"3344","","LOC111570377"
"3345","","LOC111567942"
"3346","Tmem70","tmem70"
"3347","","si:ch211-155e24.3"
"3348","Tesk2","tesk2"
"3349","Ocel1","LOC111568470"
"3350","Ell3","LOC111568470"
"3351","","LOC111587968"
"3352","Cyp2r1","LOC111563276"
"3353","Pde3b","pde3b"
"3354","Copb1","copb1"
"3355","","LOC111579134"
"3356","Nectin4","LOC111579135"
"3357","Vangl2","LOC111579138"
"3358","","LOC118470478"
"3359","Ppfibp2","ppfibp2a"
"3360","Jph1","LOC111570366"
"3361","","tmie"
"3362","Penk","LOC111575776"
"3363","Amy1",""
"3364","Paxip1",""
"3365","","sv2"
"3366","","LOC111569246"
"3367","S100a3","LOC111569247"
"3368","S100g","LOC111569247"
"3369","S100a5","LOC111569247"
"3370","S100a14","LOC111569247"
"3371","S100a4","LOC111569247"
"3372","S100a7a","LOC111569247"
"3373","S100a8","LOC111569247"
"3374","S100a2","LOC111569247"
"3375","S100a9","LOC111569247"
"3376","","LOC111569247"
"3377","Gm5849","LOC111569247"
"3378","Crnn","LOC111569247"
"3379","","prr33"
"3380","","LOC111569211"
"3381","","rpz2"
"3382","","si:dkey-266f7.9"
"3383","Clec14a","si:dkey-234i14.3"
"3384","Dll3","si:dkey-234i14.3"
"3385","Trim46","trim46b"
"3386","1110004F10Rik","c3h11orf58"
"3387","Ap3b2","LOC111567130"
"3388","Acot1","LOC111562882"
"3389","Acot6","LOC111562882"
"3390","Acot4","LOC111562882"
"3391","Acot5","LOC111562882"
"3392","Acot2","LOC111562882"
"3393","Acot3","LOC111562882"
"3394","Ptf1a","ptf1a"
"3395","","LOC111562877"
"3396","F3","LOC111562878"
"3397","Fam110b","fam110b"
"3398","Atg10",""
"3399","Myl3","myl13"
"3400","Pth1r","pth1r"
"3401","","LOC118469944"
"3402","Mrpl9","mrpl9"
"3403","Prcc","prcc"
"3404","Dpm3","dpm3"
"3405","Tpi1","tpi1a"
"3406","Prrc2a","prrc2a"
"3407","Tmem198","tmem198a"
"3408","Nrm","nrm"
"3409","Hdgf","LOC111565082"
"3410","Des",""
"3411","Rnmt",""
"3412","","LOC111563412"
"3413","Bcap29","LOC111573645"
"3414","Gpr22","LOC111578323"
"3415","Fan1",""
"3416","Itpkb","itpkb"
"3417","Drc1",""
"3418","","wdr21"
"3419","Apba2","apba2a"
"3420","Dpf3","dpf3"
"3421","Ptprn","ptprna"
"3422","Uba3","LOC111572109"
"3423","Mcf2","LOC111567417"
"3424","","LOC111562453"
"3425","Duoxa2","duox2"
"3426","Duoxa1","duox2"
"3427","","mbd2"
"3428","Lins1",""
"3429","","apoa4a"
"3430","4930503L19Rik","c17h18orf54"
"3431","Dmbt1","LOC111569253"
"3432","Cers3",""
"3433","Spag16",""
"3434","Lipe",""
"3435","Wdr91",""
"3436","","hspb9"
"3437","Dlx3","LOC111581745"
"3438","Dlx4","LOC111581746"
"3439","Ilf3","ilf3b"
"3440","","duox"
"3441","","LOC111583836"
"3442","Ccdc134","LOC111583841"
"3443","Mei1",""
"3444","Ube2z","ube2z"
"3445","Dsp","LOC111569875"
"3446","Matcap1","kiaa0895l"
"3447","F9","f9b"
"3448","Abhd17c","abhd17c"
"3449","Ubtd2","ubtd2"
"3450","Il12b","il12bb"
"3451","Il16","il16"
"3452","Ublcp1",""
"3453","Rnf145","LOC111567424"
"3454","","shcbp1"
"3455","","LOC111570608"
"3456","Chst12","chst12a"
"3457","Cbx7","cbx7a"
"3458","","tlcd4b"
"3459","Asb13","asb13a.1"
"3460","Itga3","LOC111583436"
"3461","Asb13",""
"3462","Plekhf1","plekhf1"
"3463","Mtfmt",""
"3464","","LOC111570607"
"3465","Tbc1d7","tbc1d7"
"3466","Zpld2","LOC111572573"
"3467","Echdc3","echdc3"
"3468","Phactr1","phactr1"
"3469","","brsk1b"
"3470","Ebf1","LOC111567423"
"3471","Sirt5","LOC111569881"
"3472","Lrig3","lrig3"
"3473","Rgs5","rgs5a"
"3474","Dusp22","LOC111573392"
"3475","Ttc14","ttc14"
"3476","Ppfia1","ppfia1"
"3477","1600014C10Rik","LOC111574037"
"3478","","LOC111567616"
"3479","Adcy1","LOC111569882"
"3480","","LOC111563188"
"3481","Jade2","jade2"
"3482","Cdkn2aipnl","cdkn2aipnl"
"3483","Ube2b","ube2b"
"3484","","fgf13b"
"3485","Thra","LOC111566418"
"3486","","LOC111567425"
"3487","Atp11b","atp11b"
"3488","Vdac1","vdac1"
"3489","Atp6v1g1","atp6v1g1"
"3490","Lmbrd2","lmbrd2b"
"3491","Rgs4","rgs4"
"3492","Hrg","LOC111581178"
"3493","Fetub","LOC111581178"
"3494","Mafa",""
"3495","Kank4","kank4"
"3496","Usp1","usp1"
"3497","Gdf7","gdf6b"
"3498","Pkhd1l1","LOC111568986"
"3499","Dock7","dock7"
"3500","","cfap53"
"3501","Myo5b","myo5b"
"3502","Mat2b","mat2b"
"3503","Mrpl22","mrpl22"
"3504","Gemin5","gemin5"
"3505","","pisd"
"3506","Pisd","pisd"
"3507","Sec22a","sec22a"
"3508","Ubxn4","ubxn4"
"3509","Nmi","nmi"
"3510","Rnf224",""
"3511","Pms1","pms1"
"3512","Il2rb","il7r"
"3513","Ormdl1","ormdl1"
"3514","Capsl","capslb"
"3515","Thap1",""
"3516","Prr14l","wu:fi75a02"
"3517","Ctdsp1","LOC111578393"
"3518","Obsl1","obsl1b"
"3519","Ern2",""
"3520","Wdr4","wdr4"
"3521","Ern2","LOC111573594"
"3522","Vldlr","vldlr"
"3523","Atp5pf","si:ch211-140m22.7"
"3524","Ccdc149","ccdc149a"
"3525","Dhx15","dhx15"
"3526","Kdm6a","kdm6a"
"3527","Uty","kdm6a"
"3528","Crabp2","crabp2a"
"3529","Glmp","glmp"
"3530","","si:dkey-87o1.2"
"3531","Aplp1","aplp1"
"3532","Lrp12","lrp12"
"3533","Cacng8","LOC111568093"
"3534","Cacng7","cacng7a"
"3535","Epn1","LOC111565801"
"3536","Efna1",""
"3537","Eno2","eno2"
"3538","Ptpn6","ptpn6"
"3539","Cnot8","cnot8"
"3540","Bbs10",""
"3541","","cd9a"
"3542","Fam114a2","fam114a2"
"3543","Mfap3",""
"3544","Igf2","igf2b"
"3545","Vwf",""
"3546","Anxa9","anxa14"
"3547","Anxa13","anxa14"
"3548","Anxa8","anxa14"
"3549","Anxa10","anxa14"
"3550","Galnt10","LOC111584904"
"3551","Atp9b","atp9b"
"3552","Nr0b2","nr0b2a"
"3553","Dhdds","dhdds"
"3554","","si:ch211-215k15.4"
"3555","Kdf1","kdf1a"
"3556","","LOC111574012"
"3557","Tmem222",""
"3558","Creb3l4","creb3l4"
"3559","Septin7","septin7b"
"3560","Tpsg1","zgc:92313"
"3561","Prss29","zgc:92313"
"3562","Prss28","zgc:92313"
"3563","Tpsb2","zgc:92313"
"3564","Tpsab1","zgc:92313"
"3565","Mapk7","mapk7"
"3566","Ttc1","ttc1"
"3567","","LOC111581578"
"3568","Cenpe","cenpe"
"3569","Sap30l","sap30l"
"3570","Smim8","smim8"
"3571","","gjb7"
"3572","2310057J18Rik","LOC111587291"
"3573","Zfp292","znf292b"
"3574","Rhof","LOC111581376"
"3575","Orai1","LOC111581374"
"3576","Stx7","stx7l"
"3577","Kdm2b","kdm2ba"
"3578","Csf1r","LOC111571542"
"3579","Tubb4b","LOC111585474"
"3580","Pcmt1","pcmt"
"3581","Rnf34","rnf34a"
"3582","4833420G17Rik","c6h5orf34"
"3583","Tpsg1","zgc:123217"
"3584","Prss29","zgc:123217"
"3585","Prss28","zgc:123217"
"3586","Tpsb2","zgc:123217"
"3587","Tpsab1","zgc:123217"
"3588","Rictor","LOC111581375"
"3589","Adk","adkb"
"3590","Nup43","nup43"
"3591","Lats1","lats1"
"3592","Ccn2","ccn2a"
"3593","Lin28b","lin28b"
"3594","Nrbp1",""
"3595","Npc1l1","npc1l1"
"3596","Nfat5","nfat5a"
"3597","Pam","pam"
"3598","Nudt7",""
"3599","Nudt7","LOC111569685"
"3600","","hprt1l"
"3601","Crybg1","crybg1a"
"3602","Ano2","LOC111571939"
"3603","Gsc","gsc"
"3604","Slc31a2",""
"3605","Slc41a2","slc41a2a"
"3606","Dicer1","dicer1"
"3607","Niban2","niban2a"
"3608","Skp1","skp1"
"3609","Tcf7","tcf7"
"3610","Rab10","rab10"
"3611","Pm20d2","LOC111580838"
"3612","Cfap206","cfap206"
"3613","","LOC111580836"
"3614","Frk","frk"
"3615","Kif3c","LOC111589028"
"3616","Rbm14","LOC111582688"
"3617","Capn3","capn3b"
"3618","9530068E07Rik","c14h5orf15"
"3619","Jakmip2","jakmip2"
"3620","Pgm2","pgm2"
"3621","Tesmin","tesmin"
"3622","Rpl27a",""
"3623","Trex2","plex9.2"
"3624","Trex1","plex9.2"
"3625","Pot1a","pot1"
"3626","Pot1b","pot1"
"3627","Urah","LOC111564070"
"3628","Afg3l1","afg3l1"
"3629","Cryz","LOC111586941"
"3630","Dph6","dph6"
"3631","Exd1","exd1"
"3632","Pole2",""
"3633","Pigk","pigk"
"3634","Slc16a7","zgc:165507"
"3635","Tafa4","LOC111588392"
"3636","Etv6","etv6"
"3637","","si:ch73-252i11.1"
"3638","Lemd3","lemd3"
"3639","Sema4b","LOC111587575"
"3640","Zfand3","LOC111565170"
"3641","Adm","adma"
"3642","Clec3a","clec3a"
"3643","Vat1l","vat1l"
"3644","Swap70","swap70a"
"3645","Tmbim4","tmbim4"
"3646","","b2m"
"3647","Nav3","nav3"
"3648","Ccnf","ccnf"
"3649","Slitrk5","slitrk5b"
"3650","Gpa33","LOC111585577"
"3651","Sumo2","LOC111576170"
"3652","Fastkd5",""
"3653","Avpr2","avpr2aa"
"3654","Pou2f1","pou2f1b"
"3655","","LOC111576157"
"3656","","LOC111576174"
"3657","Septin9","LOC111576155"
"3658","Ubr4","ubr4"
"3659","Cldn10","cldn10b"
"3660","Cldn10",""
"3661","Plekhm3","plekhm3"
"3662","Dach2","dachd"
"3663","Dach1","dachd"
"3664","","LOC111583634"
"3665","D430041D05Rik",""
"3666","Tub","rras2"
"3667","Tub","tub"
"3668","Fam237a",""
"3669","Lamp1","lamp1b"
"3670","Grtp1","LOC111578766"
"3671","Dcun1d2","dcun1d2a"
"3672","","LOC111588954"
"3673","Gpr18","gpr18"
"3674","Gpr183","gpr183a"
"3675","","si:ch211-184m13.4"
"3676","","frmpd4"
"3677","","rnf183"
"3678","","LOC111576158"
"3679","","LOC111587528"
"3680","Dhx16","dhx16"
"3681","Abca3","abca3b"
"3682","Ppargc1a","ppargc1a"
"3683","","gba3"
"3684","Zfp641","ovol1a"
"3685","Zscan18","ovol1a"
"3686","Zscan5b","ovol1a"
"3687","Zkscan17","ovol1a"
"3688","Zkscan2","ovol1a"
"3689","Zfp770","ovol1a"
"3690","Scand1","ovol1a"
"3691","Zfp174","ovol1a"
"3692","Zfp446","ovol1a"
"3693","Zkscan6","ovol1a"
"3694","Zfp444","ovol1a"
"3695","Peg3","ovol1a"
"3696","Ovol3","ovol1a"
"3697","Zscan29","ovol1a"
"3698","Zfp369","ovol1a"
"3699","Zfp110","ovol1a"
"3700","Zfp202","ovol1a"
"3701","Mus81","mus81"
"3702","Tmem185a","tmem185"
"3703","","LOC111583526"
"3704","Tbc1d22a","tbc1d22a"
"3705","Sgk2","sgk2a"
"3706","Ccsap","ccsapb"
"3707","Otogl",""
"3708","Acta1","acta1b"
"3709","","LOC111587719"
"3710","Ric8b","ric8b"
"3711","","LOC111576848"
"3712","Pdp2","pdp2"
"3713","Cdh3",""
"3714","Pkn1","pkn1b"
"3715","Ednra","LOC111583537"
"3716","Ttc29","ttc29"
"3717","Slc10a7","slc10a7"
"3718","Ric3","ric3a"
"3719","Lmo1","lmo1"
"3720","Stk33",""
"3721","","rerglb"
"3722","Trim66","trim66"
"3723","Zfp827","LOC111583616"
"3724","Tcaf2",""
"3725","Tcaf3",""
"3726","Tcaf1",""
"3727","","cldn7a"
"3728","Dennd2b",""
"3729","Alg13",""
"3730","Tmem9b","tmem9b"
"3731","Zfp513","znf513a"
"3732","Ncoa7",""
"3733","Dennd4c","dennd4c"
"3734","Nudt12","nudt12"
"3735","Sncaip","sncaip"
"3736","Rnf214","rnf214"
"3737","Snx2","snx2"
"3738","Braf","braf"
"3739","Rnf217","rnf217"
"3740","Rrm2",""
"3741","Scube2","scube2"
"3742","St6galnac5","st6galnac5a"
"3743","Tada1","tada1"
"3744","Rab36","rab36"
"3745","Depdc5","depdc5"
"3746","Dpysl3","dpysl3"
"3747","Csnk2b","csnk2b"
"3748","Rfx5",""
"3749","Ppp1r18",""
"3750","Mrpl24","mrpl24"
"3751","Pdgfrb","LOC129350537"
"3752","Pdgfrb","LOC111575719"
"3753","Sec31a","sec31a"
"3754","Bcan","LOC111565089"
"3755","Necap1","necap1"
"3756","Nup98",""
"3757","","LOC111571068"
"3758","Spaca4","spaca4l"
"3759","Tshz1","tshz1"
"3760","Psmb4","psmb4"
"3761","","efna3a"
"3762","","cratb"
"3763","Pcare",""
"3764","Zfp106","znf106b"
"3765","Churc1","churc1"
"3766","","LOC111572594"
"3767","Prep","prep"
"3768","Ncstn","ncstn"
"3769","Pmis2","syndig1l"
"3770","Dse","dse"
"3771","Gabrr1","LOC111580830"
"3772","Nt5dc1",""
"3773","","col10a1b"
"3774","Xkr5","xkr5a"
"3775","Tram2","tram2"
"3776","Efhc1","efhc1"
"3777","Eva1a","LOC111585463"
"3778","Mrpl19","mrpl19"
"3779","Mycs",""
"3780","Mycn",""
"3781","","prdm1c"
"3782","Slc25a29","slc25a29"
"3783","Slc25a47","slc25a47a"
"3784","","LOC111588988"
"3785","Hadha","hadhaa"
"3786","Tgm1","tgm1l1"
"3787","2200002J24Rik","prrt1"
"3788","Mef2d","LOC111565078"
"3789","Cops3","cops3"
"3790","Usp22",""
"3791","Rnasek","rnasekb"
"3792","0610010K14Rik","c14h17orf49"
"3793","Hand1","LOC111568857"
"3794","Ak6","taf9"
"3795","Taf9","taf9"
"3796","Tmem79","LOC111572034"
"3797","Syngap1",""
"3798","","LOC111568041"
"3799","","LOC111586236"
"3800","Lrwd1","lrwd1"
"3801","","LOC111586233"
"3802","H2bc1",""
"3803","H2bc1","LOC129350545"
"3804","H2bc1","LOC111580800"
"3805","Fmo6","LOC111568032"
"3806","Gm4847","LOC111568032"
"3807","Gm4846","LOC111568032"
"3808","Alkbh4","alkbh4"
"3809","Adra1b",""
"3810","Tarbp1","tarbp1"
"3811","Asb12","asb12a"
"3812","Pts","pts"
"3813","Narf","narf"
"3814","Cbl","LOC111586006"
"3815","Tmem94","tmem94"
"3816","Mcam","mcama"
"3817","Tmem120a","LOC111565215"
"3818","Pi15","pi15a"
"3819","Shisa2","LOC111570444"
"3820","","LOC111562963"
"3821","Spice1","spice1"
"3822","","vsir"
"3823","Amer2","amer2"
"3824","","si:dkey-118j18.2"
"3825","","LOC111574725"
"3826","Fam204a","fam204a"
"3827","Pign",""
"3828","Rab11fip2","LOC111573125"
"3829","Mcu","mcu"
"3830","Relch","relch"
"3831","Hells",""
"3832","Plcb3","plcb3"
"3833","Dpysl5","dpysl5a"
"3834","Prdm4","prdm4"
"3835","Clmn","clmna"
"3836","Syne3",""
"3837","Mocs1","mocs1"
"3838","Myt1l","myt1lb"
"3839","Vrk3","vrk3"
"3840","Ripor1",""
"3841","Smyd2",""
"3842","","LOC111581007"
"3843","Tcerg1l","tcerg1l"
"3844","Kif19a","kif19"
"3845","Tmem209","tmem209"
"3846","","sinhcafl"
"3847","","rhbdf1b"
"3848","Dennd5a","dennd5a"
"3849","Csnk1e","csnk1e"
"3850","Rsl1d1","rsl1d1"
"3851","Abi3",""
"3852","Telo2","telo2"
"3853","Ttyh2","ttyh2"
"3854","Rpl38","rpl38"
"3855","Ccser2","ccser2b"
"3856","Hgfac","plaub"
"3857","Grin2c","LOC111567437"
"3858","Klhl11","klhl11"
"3859","Acly","aclyb"
"3860","Dnajb2","dnajb2"
"3861","Tmem41a","tmem41aa"
"3862","Ehhadh","ehhadh"
"3863","2510009E07Rik","zgc:162707"
"3864","Nepro",""
"3865","Wdsub1","LOC111575753"
"3866","Tanc1","tanc1b"
"3867","Chd4",""
"3868","Mycl","LOC111577966"
"3869","Ift43",""
"3870","Gpatch2l","LOC111578304"
"3871","Kif15","kif15"
"3872","Slc7a8",""
"3873","Egr4","LOC111565216"
"3874","","ccdc65"
"3875","Fam53c","fam53c"
"3876","","LOC111586251"
"3877","","slbp2"
"3878","Tmem248","tmem248"
"3879","Zmat2","zmat2"
"3880","Gria1","LOC111585856"
"3881","Sp2","sp2"
"3882","Fhdc1","fhdc1"
"3883","Dok1","dok1a"
"3884","Glra3","glra3"
"3885","Bend7","bend7"
"3886","","abcc3"
"3887","Th","th"
"3888","","vamp2"
"3889","Gsx1","gsx1"
"3890","Haus1","haus1"
"3891","Mis18a",""
"3892","","hunk"
"3893","Scaf4","scaf4a"
"3894","Map6","map6a"
"3895","Mogat2","mogat2"
"3896","Ckap2",""
"3897","Stt3a","stt3a"
"3898","","zgc:171566"
"3899","Cadps","cadpsa"
"3900","Tacc3",""
"3901","Fgfrl1","LOC111578918"
"3902","Zfyve28","zfyve28"
"3903","Msi2","msi2b"
"3904","Lig3","lig3"
"3905","Celf6","celf6"
"3906","Rpp25",""
"3907","Mtss2","mtss1lb"
"3908","Tmem150c","tmem150c"
"3909","Kif2a","LOC111565799"
"3910","Phyhipl","phyhiplb"
"3911","Mfsd13a","mfsd13a"
"3912","Exoc7","exoc7"
"3913","Acan",""
"3914","Or56a5","LOC111570710"
"3915","Or56a4","LOC111570710"
"3916","Or56a42-ps1","LOC111570710"
"3917","Or56a41","LOC111570710"
"3918","Or56a3b","LOC111570710"
"3919","Or56a3","LOC111570710"
"3920","Or13f5","LOC111570710"
"3921","Slc35c1","slc35c1"
"3922","Stra6","LOC111575101"
"3923","Islr","LOC111576513"
"3924","Mpped2","mpped2a"
"3925","","grk7a"
"3926","Ncan","LOC111572332"
"3927","Ro60","ro60"
"3928","Rab6b","rab6bb"
"3929","Atp1b3","atp1b3a"
"3930","Ndufa13","ndufa13"
"3931","","LOC111575696"
"3932","","LOC111578128"
"3933","Nploc4","nploc4"
"3934","Nup50l","nup50"
"3935","Nup50","nup50"
"3936","Snrpf","snrpf"
"3937","Lgr5","LOC111571220"
"3938","Myrfl","LOC111571221"
"3939","","LOC111584178"
"3940","","LOC111579074"
"3941","Grm8","grm8a"
"3942","Cep250","si:dkey-230p4.1"
"3943","Gtf3a","gtf3aa"
"3944","Ier2",""
"3945","","LOC111583527"
"3946","Adgrg3","LOC111567205"
"3947","Ifi44l",""
"3948","Ifi44",""
"3949","Lpcat2","lpcat2"
"3950","Lpcat2b","lpcat2"
"3951","Abi2","LOC111588819"
"3952","Pkig","pkig"
"3953","","ano11"
"3954","Chst1","chst1"
"3955","Mesd","mesd"
"3956","Enkur","LOC111574525"
"3957","Ctsd","ctsd"
"3958","Thsd4","LOC111577678"
"3959","","si:ch211-266g18.9"
"3960","Fhl5","fhl5"
"3961","Tmem30a","tmem30aa"
"3962","Ddhd1","ddhd1a"
"3963","","LOC111578804"
"3964","Tmem237",""
"3965","Nup35","nup35"
"3966","","etv5a"
"3967","","ccdc141"
"3968","Enox1","enox1"
"3969","Chd4","chd4b"
"3970","Lgals8","lgals8a"
"3971","Mthfd1",""
"3972","Mtmr9","mtmr9"
"3973","Rad51d","rad51d"
"3974","Lcp2",""
"3975","Foxi2","foxi3a"
"3976","Nipal4","nipal4"
"3977","Tmem132e","tmem132e"
"3978","Nhp2","nhp2"
"3979","Ins1","ins"
"3980","Ins2","ins"
"3981","Apbb3","apbb3"
"3982","Sra1","sra1"
"3983","","LOC111565225"
"3984","","LOC111565220"
"3985","Dtx2","dtx2"
"3986","Sox7",""
"3987","Pinx1","pinx1"
"3988","St6gal1","st6gal1"
"3989","","LOC111569944"
"3990","Chrna2","chrna2b"
"3991","Gtf2ird1","gtf2ird1"
"3992","Ptk2b","ptk2bb"
"3993","Batf",""
"3994","Flvcr2","flvcr2b"
"3995","Tgfb3","LOC111568923"
"3996","Rrm2","LOC111587230"
"3997","Clip2","clip2"
"3998","Tfg","tfg"
"3999","Dnajc5g","dnajc3a"
"4000","Dnajc3","dnajc3a"
"4001","Dnajc18","dnajc3a"
"4002","Ecm1","LOC111562992"
"4003","Pals2","pals2a"
"4004","Kcnq2","kcnq2a"
"4005","Arhgef19","arhgef19"
"4006","Npsr1","LOC111562433"
"4007","Ccn5","ccn5"
"4008","","LOC129349565"
"4009","Ugt2a3","LOC111562427"
"4010","Ugt1a6a","LOC111562427"
"4011","Ugt1a7c","LOC111562427"
"4012","Ugt1a6b","LOC111562427"
"4013","Ugt1a10","LOC111562427"
"4014","Ugt1a8","LOC111562427"
"4015","Ugt1a9","LOC111562427"
"4016","Ugt1a2","LOC111562427"
"4017","Ugt1a5","LOC111562427"
"4018","Ugt2a1","LOC111562427"
"4019","Ugt2a2","LOC111562427"
"4020","Sall4","sall4"
"4021","Zfp64","zfp64"
"4022","Tshz2","LOC111566230"
"4023","Slc25a45","LOC111564734"
"4024","Mad2l2","mad2l2"
"4025","","tafa5l"
"4026","Ubiad1","ubiad1"
"4027","","LOC111562742"
"4028","","pogzb"
"4029","Ints11","ints11"
"4030","","si:dkey-23o4.6"
"4031","Irx2","irx2a"
"4032","","plecb"
"4033","","si:ch211-220i18.4"
"4034","Pfkfb1","pfkfb1"
"4035","Lacc1","lacc1"
"4036","Ttll4",""
"4037","Mrps2","mrps2"
"4038","Ppp1r26",""
"4039","Dolk","dolk"
"4040","Phyhd1",""
"4041","","ccl27a"
"4042","","LOC111564702"
"4043","Sh2b3","sh2b3"
"4044","Gldc","gldc"
"4045","Garnl3","garnl3"
"4046","Slc17a9","slc17a9b"
"4047","Syn2","syn2a"
"4048","Uggt2",""
"4049","Ogn","ognb"
"4050","Uqcc5","LOC111588348"
"4051","Kctd6","kctd6b"
"4052","Abhd6","abhd6b"
"4053","Sqle","sqlea"
"4054","","slmapb"
"4055","Cers5",""
"4056","Dnaaf11","dnaaf11"
"4057","Pias1","pias1b"
"4058","","si:ch73-233m11.2"
"4059","","si:dkey-222n6.2"
"4060","","LOC111588346"
"4061","","si:dkey-7l6.3"
"4062","","LOC129349942"
"4063","Acsbg3",""
"4064","Acsl6",""
"4065","","pold3"
"4066","","malt3"
"4067","Alpk3","alpk3a"
"4068","Gtpbp4",""
"4069","Mtg2","mtg2"
"4070","Ss18l1","LOC111588719"
"4071","Dnajc11","dnajc11a"
"4072","Ankrd33b","ankrd33ba"
"4073","Oplah",""
"4074","Rps6kl1","rps6kl1"
"4075","Dnaaf2",""
"4076","Inf2","inf2"
"4077","Slc28a2b","slc28a1"
"4078","Slc28a2","slc28a1"
"4079","Slc28a1","slc28a1"
"4080","Adss1","adss1"
"4081","","znf592"
"4082","Kti12","kti12"
"4083","","si:dkey-24l11.2"
"4084","","ch25hl1.2"
"4085","Ntn4","LOC111574662"
"4086","Gm35586","mov10l1"
"4087","Ct55","mov10l1"
"4088","4933416I08Rik","mov10l1"
"4089","Gsdme","gsdmeb"
"4090","Ndufv1","LOC111586460"
"4091","Tmem138","tmem138"
"4092","Tmem258","tmem258"
"4093","Myrf","myrf"
"4094","Cbln2","cbln2b"
"4095","Rrs1","rrs1"
"4096","Flt1","flt1"
"4097","Cacna2d4",""
"4098","","cndp1"
"4099","Bdnf","bdnf"
"4100","Acvr2a","acvr2aa"
"4101","Rbms1",""
"4102","Usp8","usp8"
"4103","Stk32a","stk32a"
"4104","Lrtm2","LOC111564045"
"4105","Smc1b","smc1b"
"4106","Khdc4","khdc4"
"4107","Tmem41b","tmem41b"
"4108","Gpr84","uts2r3"
"4109","Gpr150","uts2r3"
"4110","","wnt4b"
"4111","Mlf2","mlf2"
"4112","Fabp4","rbp5"
"4113","Fabp5","rbp5"
"4114","Fabp9","rbp5"
"4115","Pmp2","rbp5"
"4116","Fabp12","rbp5"
"4117","Nfkbid","LOC111577068"
"4118","","LOC111577064"
"4119","Prrg2","LOC111586786"
"4120","Ipo7","ipo7"
"4121","Gatm","gatm"
"4122","Fbn1","fbn1"
"4123","Prrg2","LOC129349577"
"4124","Tnni2","tnni2a.4"
"4125","","LOC111586784"
"4126","Cers2","LOC111576810"
"4127","Tnni2","LOC111567518"
"4128","Tnni2","LOC111567519"
"4129","Celf3","LOC111584525"
"4130","Tnni2","LOC111567521"
"4131","Tnni2","LOC111567520"
"4132","Syt8","syt8"
"4133","Zfp335","LOC111583421"
"4134","Dld","dldh"
"4135","Mmp9","mmp9"
"4136","Hhatl","hhatlb"
"4137","Gars1",""
"4138","Dut","dut"
"4139","Slc12a1","slc12a1"
"4140","Gars1","gars1"
"4141","Adamtsl4","adamtsl4"
"4142","Dgat1","LOC111573142"
"4143","Zfp507","znf507"
"4144","","exd3"
"4145","Ntrk3","ntrk3b"
"4146","Nrarp","nrarpa"
"4147","","ccdc80l2"
"4148","Clic3","clic3"
"4149","Nnt","nnt"
"4150","","LOC111583665"
"4151","Eola1",""
"4152","Alg13","alg13"
"4153","Adora1","adora1b"
"4154","Mip","mipa"
"4155","Stat6","stat6"
"4156","Aars2","aars2"
"4157","Polr2e","polr2eb"
"4158","Scn8a",""
"4159","Arhgap45","arhgap45b"
"4160","Pkm","pkma"
"4161","Dhdh","dhdh.2"
"4162","Slc6a2",""
"4163","Rab3d","rab3da"
"4164","","tspan34a"
"4165","Dand5","dand5"
"4166","Nfix","nfixa"
"4167","","slc22a21"
"4168","P4ha2","LOC111563190"
"4169","","LOC111563787"
"4170","","LOC111563810"
"4171","Slc34a1",""
"4172","Synj1",""
"4173","Lsm14b","LOC111588731"
"4174","Taf4",""
"4175","Ptprd","ptprdb"
"4176","Tbc1d2b","tbc1d2b"
"4177","Prdm8","prdm8b"
"4178","Fgf5","fgf5"
"4179","Nr6a1","nr6a1a"
"4180","Dapk2","dapk2b"
"4181","Mfsd12","LOC111571187"
"4182","Psmb5","psmb5"
"4183","Plp2",""
"4184","Prp2rt",""
"4185","Tcf15","tcf15"
"4186","Plxnd1","plxnd1"
"4187","Tppp3","LOC129349724"
"4188","Tppp3","tppp3"
"4189","Adamts18","adamts18"
"4190","Daxx","daxx"
"4191","","zgc:91910"
"4192","","bmp8a"
"4193","","LOC111562464"
"4194","Prmt5","prmt5"
"4195","","si:dkey-219e21.2"
"4196","","LOC111584644"
"4197","Kif1c","LOC111584642"
"4198","Fbxo44",""
"4199","Fbxo44","LOC111577399"
"4200","Cdc42","LOC111577400"
"4201","Spdef","LOC111572140"
"4202","Ilrun","LOC111572083"
"4203","Syp",""
"4204","Csrnp2","csrnp2"
"4205","Nr2c2","nr2c2"
"4206","Mrpl46","mrpl46"
"4207","Mrps11",""
"4208","Pdpr","pdpr"
"4209","","kcnb2b"
"4210","Trpa1","trpa1b"
"4211","","ap2m1b"
"4212","Anxa9","anxa13l"
"4213","Anxa13","anxa13l"
"4214","Anxa8","anxa13l"
"4215","Leprot","LOC111587266"
"4216","Fabp6","fabp6"
"4217","","elovl8a"
"4218","","best4"
"4219","Sst","sst1.1"
"4220","Sst","sst1.2"
"4221","","col4a3"
"4222","Col4a4","col4a4"
"4223","Ppp1r14a","LOC111575541"
"4224","","si:ch211-106k21.5"
"4225","Ltbp4",""
"4226","Lhx8","LOC111577533"
"4227","Abi1","LOC111588082"
"4228","Fgf12","LOC111562851"
"4229","Stxbp1","stxbp1a"
"4230","","cysltr3"
"4231","Htra3","htra3b"
"4232","","LOC111577211"
"4233","Trp53","tp53"
"4234","Scart2",""
"4235","Scart1",""
"4236","","zgc:113149"
"4237","","zgc:101731"
"4238","Tm4sf19",""
"4239","Mmp12","mmp23bb"
"4240","Mmp10","mmp23bb"
"4241","Mmp3","mmp23bb"
"4242","Serp1",""
"4243","","LOC129349279"
"4244","Napa","napab"
"4245","Myef2l","myef2"
"4246","Myef2","myef2"
"4247","Ctxn2","ctxn2"
"4248","","LOC111571914"
"4249","Slc24a5","slc24a5"
"4250","Tmem106b","LOC111580949"
"4251","Kif18a","kif18a"
"4252","Thrb","thrb"
"4253","Pgm1","LOC111587026"
"4254","Mboat4",""
"4255","Coq2",""
"4256","Hscb","hscb"
"4257","Lrrc8a","lrrc8ab"
"4258","Hspb8",""
"4259","","srrm4"
"4260","Wsb2","wsb2"
"4261","Rfc5",""
"4262","Mettl15","mettl15"
"4263","Rps17",""
"4264","Glb1l3","glb1l2"
"4265","Glb1l2","glb1l2"
"4266","Gm1110","glb1l2"
"4267","Glb1l3","LOC111569167"
"4268","Glb1l2","LOC111569167"
"4269","Gm1110","LOC111569167"
"4270","B3gat1","LOC111569168"
"4271","Npat","npat"
"4272","","LOC111566028"
"4273","Slc25a36","LOC111582348"
"4274","Vmp1","vmp1"
"4275","Itgb6","itgb6"
"4276","H3f3b","h3f3d"
"4277","H3f3b","LOC111570549"
"4278","H3f3b","h3f3c"
"4279","H3f3b","LOC111566036"
"4280","H3f3b","LOC111566035"
"4281","B3gnt8","b3gnt2l"
"4282","Myl7","myl7"
"4283","Nop53","nop53"
"4284","Bckdha","bckdha"
"4285","Exosc5",""
"4286","Tmem91","tmem91"
"4287","Kctd14","kctd14"
"4288","Lgals4","LOC111579613"
"4289","Sidt2","sidt2"
"4290","Gpat3","agpat9l"
"4291","Axl","LOC111579609"
"4292","Pdlim4","pdlim4"
"4293","Tcerg1","tcerg1b"
"4294","","LOC111562751"
"4295","Rwdd1","rwdd1"
"4296","Cnot10","cnot10"
"4297","Cdk4","cdk4"
"4298","Agap2","LOC111587635"
"4299","","rereb"
"4300","Igfbp6","LOC111587645"
"4301","Adora1","LOC111587437"
"4302","","znf740a"
"4303","Hdhd3","hdhd3"
"4304","Trub2","trub2"
"4305","Rab44","rab44"
"4306","Srsf3","srsf3a"
"4307","Tmem183a","tmem183a"
"4308","","gpr61l"
"4309","Grm2","grm2a"
"4310","Parp3","parp3"
"4311","Angptl3","LOC111587044"
"4312","Kank4",""
"4313","Acbd5","LOC111588108"
"4314","","trnau1apb"
"4315","Cdh24","LOC111584813"
"4316","Rps8","LOC111563465"
"4317","Slc6a17","LOC111574349"
"4318","Ndufa10","ndufa10"
"4319","Lrp8","LOC111587111"
"4320","Rbm15","LOC111574358"
"4321","Tatdn2","tatdn2"
"4322","","ghrl"
"4323","Ccdc174","ccdc174"
"4324","Tgfa","tgfa"
"4325","Cyp27b1","LOC111587639"
"4326","","LOC111587984"
"4327","Hira","LOC111587983"
"4328","Il1rap","LOC111586849"
"4329","","chp2"
"4330","","rnf213b"
"4331","Eif2a","eif2a"
"4332","Cep131","cep131"
"4333","Inf2",""
"4334","Tmem80","LOC111582151"
"4335","Eps8l2","eps8l2"
"4336","Dll4","LOC111583650"
"4337","Fads2","fads2"
"4338","Nt5c1a","LOC111577961"
"4339","Phf6","phf6"
"4340","Smad5","smad5"
"4341","Lgals8","LOC111562640"
"4342","Zdhhc14","LOC111562638"
"4343","Fam98c","fam98b"
"4344","Fam98b","fam98b"
"4345","Ptpn21","ptpn21"
"4346","Slc25a34","slc25a34"
"4347","Gnl3","gnl3"
"4348","Glt8d1","glt8d1"
"4349","","pcdh20"
"4350","Spcs1",""
"4351","Plp1","plp1a"
"4352","Nek4","nek4"
"4353","Rab9b","rab9b"
"4354","","LOC111587647"
"4355","Cfap100","cfap100"
"4356","","LOC111577701"
"4357","Fbxo42","fbxo42"
"4358","Lonrf3","LOC111565188"
"4359","Filip1","LOC111569644"
"4360","Tdrd9","tdrd9"
"4361","Commd5","commd5"
"4362","Fam199x","fam199x"
"4363","Smim19",""
"4364","Gpc3","gpc3"
"4365","Mmgt2",""
"4366","Mmgt1",""
"4367","Ar","LOC111568069"
"4368","Rd3l","rd3l"
"4369","Gria3","gria3b"
"4370","Dgkg","LOC111578199"
"4371","Pcbp3","zgc:110045"
"4372","Rrp12","rrp12"
"4373","6430550D23Rik","st6galnac"
"4374","Cox11","LOC111568439"
"4375","","LOC111578125"
"4376","","zgc:162200"
"4377","","LOC111578126"
"4378","Srxn1","srxn1"
"4379","","LOC111578119"
"4380","Abtb1",""
"4381","","LOC111578121"
"4382","","LOC111587560"
"4383","Sema4g","sema4gb"
"4384","Celf1",""
"4385","Arl6ip5","LOC111572104"
"4386","Lmod3",""
"4387","Frmd4b","frmd4bb"
"4388","Grin2a","grin2ab"
"4389","Sema4g","LOC111564399"
"4390","Tmem87b",""
"4391","Adamts12","adamts12"
"4392","Snapc3","snapc3"
"4393","Psip1","psip1a"
"4394","","LOC111582738"
"4395","Ppm1k","ppm1kb"
"4396","Fgg","fgg"
"4397","Slc25a1","si:dkey-178e17.1"
"4398","Tmc7","LOC111570430"
"4399","Nomo1",""
"4400","Nr1d2",""
"4401","Rpl15","rpl15"
"4402","Zbtb22","zbtb22b"
"4403","Acot1","LOC111564278"
"4404","Acot6","LOC111564278"
"4405","Acot4","LOC111564278"
"4406","Acot5","LOC111564278"
"4407","Acot2","LOC111564278"
"4408","Acot3","LOC111564278"
"4409","Vars2","vars2"
"4410","Sgta","sgta"
"4411","Lig4","lig4"
"4412","Acp2","acp2"
"4413","Shisal2a",""
"4414","Tmco1","tmco1"
"4415","Slc39a3","LOC111563981"
"4416","","slc1a8a"
"4417","Caskin2","LOC111577809"
"4418","Shisa6","LOC111572501"
"4419","","LOC111574855"
"4420","Cdr2l","LOC111579273"
"4421","Sco1","LOC111574867"
"4422","","si:ch211-51c14.1"
"4423","Pkd1l3","pkd1b"
"4424","Psmg3",""
"4425","Plcxd1","LOC111581004"
"4426","Spata20",""
"4427","","prdm16"
"4428","Slc35e1",""
"4429","","zgc:113223"
"4430","","reep6"
"4431","2310011J03Rik","c2h19orf25"
"4432","Apc2","apc2"
"4433","Mpv17l",""
"4434","Diras1","diras1a"
"4435","","LOC111572730"
"4436","Gadd45b","LOC111575982"
"4437","","tmem220"
"4438","Mylpf","mylpfa"
"4439","","LOC111575989"
"4440","Cartpt","LOC111575991"
"4441","","si:ch211-1a19.3"
"4442","Ptgs2","ptgs2b"
"4443","Tjp3","tjp3"
"4444","Myoc","myoc"
"4445","Eef2","LOC111574483"
"4446","Pde1c",""
"4447","Fah","fah"
"4448","Chaf1a","chaf1a"
"4449","Scamp4","scamp4"
"4450","","si:ch211-129c21.1"
"4451","Kif1a",""
"4452","","si:ch211-152f22.4"
"4453","Vamp4","vamp4"
"4454","Carmil3","LOC111569606"
"4455","Cd81","LOC111583408"
"4456","Enkur",""
"4457","","LOC111574501"
"4458","Zfp408","znf408"
"4459","Zdhhc13","zdhhc13"
"4460","","LOC111569604"
"4461","Rabggta","rabggta"
"4462","Tmed5","tmed5"
"4463","Pigc","pigc"
"4464","","dnm3a"
"4465","Mettl13","mettl13"
"4466","Itpa","itpa"
"4467","Apip","apip"
"4468","","unc13a"
"4469","Pheta2","pheta2"
"4470","Pheta1","pheta2"
"4471","Cd2bp2","cd2bp2"
"4472","Rundc3a","rundc3aa"
"4473","Rnf113a1","rnf113a"
"4474","Rnf113a2","rnf113a"
"4475","Strada","strada"
"4476","Dgat2","dgat2"
"4477","Prdx4",""
"4478","Szrd1",""
"4479","Tex264","LOC111574954"
"4480","Gpx3",""
"4481","Brk1","brk1"
"4482","Rbm5","rbm5"
"4483","Jhy",""
"4484","Hspa8","hspa8"
"4485","Myog","myog"
"4486","Adora3",""
"4487","Cyp24a1","LOC111579624"
"4488","","adgrg3"
"4489","","LOC129348728"
"4490","Usp50",""
"4491","Csnk1g1","csnk1g1"
"4492","Gpr20","gpr20"
"4493","Pde8a","pde8a"
"4494","","hoxa10b"
"4495","Hoxa11","hoxa11b"
"4496","","hoxa13b"
"4497","Msmp","msmp2"
"4498","Nbn","nbn"
"4499","Osgin2","osgin2"
"4500","Rorc","rorc"
"4501","Nr1h5","rorc"
"4502","Nr1i3","rorc"
"4503","Osbpl3","osbpl3b"
"4504","Mertk","mertka"
"4505","Nfatc2","LOC111577020"
"4506","Manbal","manbal"
"4507","Nog",""
"4508","Src","LOC111577019"
"4509","Rgs9","LOC111567440"
"4510","Mthfsl","mthfs"
"4511","Mthfs","mthfs"
"4512","Csrp3","csrp3"
"4513","","LOC111574509"
"4514","Hspa8",""
"4515","Sgtb","sgtb"
"4516","Ppip5k1","ppip5k1a"
"4517","Nln",""
"4518","","si:dkey-11f4.7"
"4519","Tmprss11a","LOC111566998"
"4520","Tmprss11b","LOC111566998"
"4521","Tmprss11d","LOC111566998"
"4522","Tmprss11f","LOC111566998"
"4523","Prss30","LOC111566998"
"4524","Prss22","LOC111566998"
"4525","Gna13","LOC111567436"
"4526","Cbx2","LOC111568440"
"4527","Fbxw10",""
"4528","Tex47","LOC111563028"
"4529","Arhgap44","LOC111586470"
"4530","Dip2b","dip2ba"
"4531","Cacna1g",""
"4532","Abca7","abca7"
"4533","Phlpp1","phlpp1"
"4534","Mep1b",""
"4535","","opn7a"
"4536","Tm6sf2","LOC111567650"
"4537","Dusp22",""
"4538","Irf4","irf4a"
"4539","Gatad2a","LOC111572313"
"4540","Uimc1","uimc1"
"4541","Cldn2","cldn2"
"4542","Mau2","mau2"
"4543","Orai2","orai2"
"4544","Bckdk","bckdk"
"4545","Acer1","acer1"
"4546","Smim7","smim7"
"4547","Tmem38a","tmem38a"
"4548","Uhmk1","uhmk1"
"4549","Gamt","gamt"
"4550","Adamts10","adamts10"
"4551","Sat1","LOC111573818"
"4552","Nrg2","nrg2a"
"4553","Armc6","armc6"
"4554","Ubxn7","ubxn7"
"4555","Wdtc1",""
"4556","","LOC111571337"
"4557","","LOC111571336"
"4558","Galnt10","LOC111583864"
"4559","Elovl1","elovl1a"
"4560","Ppp1r7","ppp1r7"
"4561","Ptprz1","ptprz1a"
"4562","","LOC111585505"
"4563","Gk5","gk5"
"4564","Ddx42","ddx42"
"4565","","LOC129347220"
"4566","","LOC111569097"
"4567","Endog","endog"
"4568","Ttf1","LOC111585518"
"4569","Pnpla7","pnpla7b"
"4570","Ptger4","ptger4a"
"4571","Cabp7","LOC111585904"
"4572","Dmrt2","dmrt2a"
"4573","","pheta1"
"4574","Oxt","avp"
"4575","Avp","avp"
"4576","Ubox5","ubox5"
"4577","Lzts3","lzts3b"
"4578","Smyd1",""
"4579","Cdc73","cdc73"
"4580","","LOC129347295"
"4581","","LOC111583825"
"4582","Ei24","ei24"
"4583","Rps6kb1","rps6kb1a"
"4584","Mitf","LOC111572087"
"4585","B3galt2","LOC111587523"
"4586","Haao","haao"
"4587","","zgc:110269"
"4588","Cdc42ep3","cdc42ep3"
"4589","Mff","LOC111585503"
"4590","Nkx6-2","nkx6.2"
"4591","Chst8","LOC111572241"
"4592","Rgs13","LOC111587258"
"4593","Irx5","irx5a"
"4594","Dhx30","dhx30"
"4595","Ndst2","ndst2a"
"4596","Lrrc49",""
"4597","Garre1","garre1"
"4598","","LOC111568712"
"4599","Ss18l2","ss18l2"
"4600","","tars3"
"4601","","LOC111572103"
"4602","Tent5a","tent5aa"
"4603","Eif4e3","LOC111572085"
"4604","Ppp4r2","LOC111572084"
"4605","Guca1b","guca1b"
"4606","Oard1","oard1"
"4607","Sharpin","LOC111568702"
"4608","Syt2","LOC111572069"
"4609","Fabp1","LOC111573478"
"4610","Gpaa1",""
"4611","Oxt","oxt"
"4612","Avp","oxt"
"4613","Rho","LOC111570385"
"4614","Loxhd1",""
"4615","Synpo",""
"4616","Pfdn6","pfdn6"
"4617","Ogt","ogt.1"
"4618","Ark2c","ark2cb"
"4619","Atp5f1a",""
"4620","","zgc:112294"
"4621","Egfem1","scarf2"
"4622","Prodh","prodhb"
"4623","Larp4b",""
"4624","Cntnap3","LOC111568578"
"4625","Zan","LOC111577304"
"4626","","LOC111565510"
"4627","Ahsg",""
"4628","Kif1a","kif1ab"
"4629","Emc10","emc10"
"4630","Eif3l","eif3s6ip"
"4631","Hlf","hlfa"
"4632","Syt3",""
"4633","Mrm2","mrm2"
"4634","Nde1","LOC111576403"
"4635","Ramp2","ramp2"
"4636","Myh11","LOC111576402"
"4637","Trmt10b",""
"4638","Tbc1d19","tbc1d19"
"4639","Nrxn1","LOC111562983"
"4640","Apba3","si:ch73-40i7.5"
"4641","Klhl26","klhl26"
"4642","Dpp9","LOC111582776"
"4643","Ift122","ift122"
"4644","Zp3",""
"4645","Cnpy4","cnpy4"
"4646","","LOC111567566"
"4647","","LOC111567560"
"4648","","zgc:194655"
"4649","","LOC111567572"
"4650","Bcl6b","bcl6b"
"4651","Cbln3","LOC111576696"
"4652","Cbln3","LOC111576701"
"4653","Cbln3","LOC111571739"
"4654","","LOC111571728"
"4655","","cep170bb"
"4656","Sirt5","LOC111568703"
"4657","Phactr1",""
"4658","Agxt",""
"4659","Hspa14",""
"4660","Nkain2","nkain2"
"4661","Trdn",""
"4662","Vipas39","vipas39"
"4663","","si:dkey-178e17.3"
"4664","Scamp1","LOC111564687"
"4665","Etl4",""
"4666","Crhbp","LOC111564686"
"4667","Otp","LOC111564688"
"4668","Zeb1","LOC111562881"
"4669","Wnt3a","wnt3a"
"4670","","LOC111580402"
"4671","Mfsd10","mfsd10"
"4672","Mrc1","LOC111586474"
"4673","Mrc1","LOC111586473"
"4674","Mrc1","LOC111571322"
"4675","Ahsa1","LOC111574974"
"4676","Thap4","thap4"
"4677","Bok","bokb"
"4678","","LOC111586387"
"4679","Klf11","klf11a"
"4680","Taf1b","taf1b"
"4681","Cenatac","cenatac"
"4682","Wls","wls"
"4683","Atosb","LOC111564815"
"4684","Pcna","pcna"
"4685","Dapk1","dapk1"
"4686","Adam17","adam17b"
"4687","Rgs2","LOC111587589"
"4688","Pax3","pax3a"
"4689","","foxf2a"
"4690","Foxc1","foxc1a"
"4691","Mbnl1","mbnl1"
"4692","Dcps","dcps"
"4693","","zgc:66433"
"4694","Gabrb2",""
"4695","Lrrc10b",""
"4696","Cul3","LOC111577295"
"4697","","saxo4"
"4698","Syt12","syt12"
"4699","Hbp1","hbp1"
"4700","Ppara","pparab"
"4701","Yars2","yars2"
"4702","Nr2c1","nr2c1"
"4703","Snx4","snx4"
"4704","Lrp1b","lrp1bb"
"4705","Matcap2","matcap2"
"4706","Arl4a","LOC111580945"
"4707","Carmil1","LOC111571915"
"4708","Lhcgr","lhcgr"
"4709","Zfp800",""
"4710","Ppt2",""
"4711","Ppt2","LOC111579083"
"4712","Atxn7l1","atxn7l1"
"4713","Sypl1","sypl1"
"4714","Iglon5","iglon5"
"4715","Ascl4","LOC111566678"
"4716","Xpot","xpot"
"4717","Isg20l2","isg20l2"
"4718","Mettl25b",""
"4719","Npr2","npr1b"
"4720","Gyg1","LOC111563439"
"4721","Mideas","mideasb"
"4722","Gabra6","gabra6a"
"4723","Ptgr2","ptgr2"
"4724","Nudcd2","nudcd2"
"4725","Ccng1","ccng1"
"4726","Nsd1",""
"4727","Rnf130","rnf130"
"4728","Commd8","commd8"
"4729","Gpr68","LOC111567073"
"4730","Flrt2","si:dkey-87k14.1"
"4731","","si:dkey-261l7.2"
"4732","Irak1bp1","irak1bp1"
"4733","Tbx18","tbx18"
"4734","","LOC111573529"
"4735","Selenoi",""
"4736","Agbl5","agbl5"
"4737","Enpp6",""
"4738","","bcl11bb"
"4739","","ccnk"
"4740","Magi2","magi2a"
"4741","Cyp46a1","LOC111578258"
"4742","Epb41l1","LOC111562651"
"4743","Cfi","LOC111562753"
"4744","Mcub",""
"4745","","LOC111562756"
"4746","Rce1","rce1a"
"4747","","zgc:158659"
"4748","","rasl11a"
"4749","Prss34","LOC111562680"
"4750","Prss33","LOC111562680"
"4751","Klk15","LOC111562680"
"4752","Prss42","LOC111562680"
"4753","Prss32","LOC111562680"
"4754","Prss48","LOC111562680"
"4755","Prss39","LOC111562680"
"4756","Prss47","LOC111562680"
"4757","Prss40","LOC111562680"
"4758","Prss46","LOC111562680"
"4759","Tmem86b",""
"4760","Htr2c","htr2cl1"
"4761","","zgc:109889"
"4762","","gpr185b"
"4763","Srrt","LOC111567087"
"4764","","si:dkey-172j4.3"
"4765","","LOC111579883"
"4766","Camsap3","LOC111578000"
"4767","Fgfr2",""
"4768","Pde4a","LOC111587651"
"4769","Pcyox1l","LOC111584671"
"4770","Ablim3",""
"4771","Tsen34",""
"4772","Mindy4b-ps","mindy4b"
"4773","","rps3"
"4774","","LOC129349224"
"4775","","LOC111575534"
"4776","","ism2b"
"4777","Cfap44","LOC111577349"
"4778","","dlc"
"4779","Sptlc2","sptlc2b"
"4780","Gmnc",""
"4781","Clrn1",""
"4782","Masp1",""
"4783","Ap1g2","ap1g2"
"4784","Pura","puraa"
"4785","Sh2d4a","zgc:100829"
"4786","Slc22a8","slc22a6l"
"4787","Capn2","LOC111568893"
"4788","Tmco6",""
"4789","B230219D22Rik","si:ch1073-44g3.1"
"4790","","tspan33b"
"4791","Tbc1d9b","LOC111564009"
"4792","Ttc38","ttc38"
"4793","","ppp3ca"
"4794","Mob2","mob2a"
"4795","Prpf18","prpf18"
"4796","","nedd8l"
"4797","Oosp3","zp3f.2"
"4798","Fitm1","fitm1l"
"4799","Cers3","cers3b"
"4800","Cfap161","cfap161"
"4801","Uri1",""
"4802","Tspyl1","nap1l4a"
"4803","Nap1l2","nap1l4a"
"4804","Tspyl3","nap1l4a"
"4805","Tspyl4","nap1l4a"
"4806","Nap1l3","nap1l4a"
"4807","Tspyl5","nap1l4a"
"4808","Tspyl2","nap1l4a"
"4809","Nap1l5","nap1l4a"
"4810","Set","nap1l4a"
"4811","","si:dkey-30c15.13"
"4812","Frmd4a","frmd4a"
"4813","","LOC111569520"
"4814","Slc35a4",""
"4815","Pld5",""
"4816","Slu7","slu7"
"4817","Xylt1","LOC111570442"
"4818","Fam110a","wu:fa11c10"
"4819","Papolg","papolg"
"4820","","pard6b"
"4821","Fam120c","fam120c"
"4822","Acss2","acss2"
"4823","Olfm2","LOC111563101"
"4824","Acp5","acp5a"
"4825","Tmprss6","LOC111579868"
"4826","","LOC129348145"
"4827","Tbc1d14","tbc1d14"
"4828","Arxes2","spcs3"
"4829","Spcs3","spcs3"
"4830","Arxes1","spcs3"
"4831","Hap1",""
"4832","","LOC111585152"
"4833","Noct","noctb"
"4834","","c1qtnf6b"
"4835","Polr3a","LOC111563100"
"4836","","nfil3-5"
"4837","Elf2","elf2b"
"4838","","LOC111582733"
"4839","Frmpd1","LOC111577337"
"4840","Lpar2","LOC111570907"
"4841","Gga2","LOC111588122"
"4842","","etfbkmt"
"4843","Slc5a4b","LOC111571932"
"4844","Slc5a4a","LOC111571932"
"4845","Gm5134","LOC111571932"
"4846","1600014C10Rik","LOC111576867"
"4847","Phlda2","phlda2"
"4848","Sema3d",""
"4849","Oosp3","LOC111584934"
"4850","","map4l"
"4851","Rfx4","rfx4"
"4852","","LOC111588096"
"4853","Rnf212b","LOC111585007"
"4854","Polr3b","polr3b"
"4855","Homez","homeza"
"4856","Dhrs1","dhrs1"
"4857","Csnk1g2","LOC111584489"
"4858","","endouc"
"4859","Ppfibp1","ppfibp1b"
"4860","Mmp15","LOC111568213"
"4861","Dgkz","dgkzb"
"4862","Cplx1",""
"4863","Cpxm1","LOC111563482"
"4864","Snap47","snap47"
"4865","Jmjd4",""
"4866","Iba57","iba57"
"4867","Gjc2","gjc2"
"4868","Cyp8b1","LOC111568654"
"4869","Higd1a","higd1a"
"4870","Pex19","pex19"
"4871","Crhr2","LOC111568629"
"4872","Ears2","ears2"
"4873","","ptpn12"
"4874","Alg12",""
"4875","Zbed4","zbed4"
"4876","Tcp11l2","tcp11l2"
"4877","Mybpc1","mybpc1"
"4878","Gm525","c4h17orf67"
"4879","","LOC111570904"
"4880","Akap8l","akap8l"
"4881","Sorcs1",""
"4882","Apcdd1","LOC111576983"
"4883","","LOC111573211"
"4884","Thoc1","thoc1"
"4885","Chpt1","chpt1"
"4886","Pyroxd1","pyroxd1"
"4887","1700109H08Rik","si:ch211-245j22.3"
"4888","Mterf2","mterf2"
"4889","","si:ch73-62b13.1"
"4890","Mical3",""
"4891","Adrb2","LOC111567432"
"4892","Rapgef6","rapgef6"
"4893","Tspan33","tspan33a"
"4894","Tinf2",""
"4895","Rassf8","rassf8b"
"4896","Pkp2","pkp2"
"4897","Nudt4","LOC111565840"
"4898","Gys2","gys2"
"4899","Usp14","usp14"
"4900","","LOC111583320"
"4901","Dgkd",""
"4902","Cerk","cerk"
"4903","Adipor2","adipor2"
"4904","Dram1","dram1"
"4905","Washc3","washc3"
"4906","","kiss2"
"4907","","depdc4"
"4908","","wnk1b"
"4909","","LOC111581170"
"4910","Tnfrsf18","tnfrsf11a"
"4911","Tnfrsf10b","tnfrsf11a"
"4912","Tnfrsf14","tnfrsf11a"
"4913","Tnfrsf8","tnfrsf11a"
"4914","Ltbr","tnfrsf11a"
"4915","Tnfrsf11a","tnfrsf11a"
"4916","Tnfrsf25","tnfrsf11a"
"4917","Tnfrsf1b","tnfrsf11a"
"4918","Tnfrsf22","tnfrsf11a"
"4919","Tnfrsf26","tnfrsf11a"
"4920","Tnfrsf23","tnfrsf11a"
"4921","Cd27","tnfrsf11a"
"4922","Nradd","tnfrsf11a"
"4923","Tnfrsf4","tnfrsf11a"
"4924","Cntnap2","cntnap2a"
"4925","Lgr4","lgr4"
"4926","Hdc","hdc"
"4927","Mgat3","mgat3b"
"4928","","LOC111577319"
"4929","N6amt1","n6amt1"
"4930","Gart","gart"
"4931","Tspan3","tspan3a"
"4932","Pstpip1","pstpip1a"
"4933","Syt7","syt7a"
"4934","Morf4l1","morf4l1"
"4935","Morf4l2","morf4l1"
"4936","Jagn1","LOC111587762"
"4937","Nfkbiz",""
"4938","Gykl1","gk"
"4939","Gk2","gk"
"4940","Gk","gk"
"4941","Fgf10","fgf10b"
"4942","","LOC111574699"
"4943","Inpp5e","inpp5e"
"4944","Pmpca","pmpca"
"4945","","szl"
"4946","Ccdc33",""
"4947","Cyp11a1","LOC111587899"
"4948","Polr3a",""
"4949","Pla2r1","pla2r1"
"4950","Ly75","ly75"
"4951","","LOC111569265"
"4952","Ppp1r9b","ppp1r9bb"
"4953","Tekt3","tekt3"
"4954","Pmp22","pmp22b"
"4955","Acsl5","acsl5"
"4956","","sh3rf2"
"4957","Csnk1a1","csnk1a1"
"4958","Igbp1b","igbp1"
"4959","Igbp1","igbp1"
"4960","Magt1",""
"4961","Slc6a9","slc6a9"
"4962","Cdc42se2","cdc42se2"
"4963","Nip7","nip7"
"4964","Terf2","terfa"
"4965","Irf1","irf1a"
"4966","Wdr93","wdr93"
"4967","Gnrhr","LOC111568468"
"4968","","LOC111577783"
"4969","Slc7a9","slc7a9"
"4970","Brinp2","brinp2"
"4971","Wac","LOC111588086"
"4972","Mdk","mdkb"
"4973","Myo7b","LOC111588075"
"4974","Adat1","adat1"
"4975","Ambra1","ambra1b"
"4976","Srsf8","si:ch211-59o9.10"
"4977","Etfrf1",""
"4978","","nedd1"
"4979","Gabarapl2","gabarapl2"
"4980","Tmem231","tmem231"
"4981","","LOC111587724"
"4982","Setd6","setd6"
"4983","Rspry1","rspry1"
"4984","Fezf2","fezf2"
"4985","Grip2",""
"4986","Prps1l3","LOC111580298"
"4987","Prps1","LOC111580298"
"4988","Prps1l1","LOC111580298"
"4989","","LOC111566554"
"4990","","LOC118470087"
"4991","Hpx",""
"4992","Pclaf","pclaf"
"4993","Chst5","chst6"
"4994","Cnot1","cnot1"
"4995","Det1","det1"
"4996","Vangl1","LOC111566541"
"4997","Casq2","LOC111566542"
"4998","","LOC111566761"
"4999","D5Ertd579e",""
"5000","","LOC111582705"
"5001","","il13ra1"
"5002","Ostc","ostc"
"5003","Chrnb1","chrnb1l"
"5004","Tapt1","tapt1a"
"5005","Tdo2","tdo2a"
"5006","","anxa11b"
"5007","Zp3","LOC111582608"
"5008","Arl2bp","arl2bp"
"5009","Pllp","pllp"
"5010","Kif5c","LOC111564001"
"5011","Zpld2","zpd"
"5012","Fcsk","fcsk"
"5013","Ptn","ptn"
"5014","Chrm2","chrm2a"
"5015","Opn1sw",""
"5016","Calu","calua"
"5017","","LOC111571019"
"5018","Kcna1","kcna1b"
"5019","Kcna5","LOC111571319"
"5020","Ppp1r3a",""
"5021","Cct2","cct2"
"5022","Ppp1r11","ppp1r11"
"5023","Parp10","parp10"
"5024","Kifc1","kifc1"
"5025","Kifc5b","kifc1"
"5026","Insyn2a","insyn2a"
"5027","Pstk","LOC111582231"
"5028","","LOC111582230"
"5029","Acadsb","acadsb"
"5030","Dnah2",""
"5031","Sh3tc2","sh3tc2"
"5032","Kdm6b","kdm6ba"
"5033","","ap1ar"
"5034","Rmnd5b",""
"5035","","LOC111573056"
"5036","Chek2","chek2"
"5037","Arap3",""
"5038","F2rl3","si:ch211-132p1.2"
"5039","Fbxl21","fbxl3l"
"5040","Atp10b","atp10b"
"5041","Ndst1","ndst1a"
"5042","","LOC111588592"
"5043","Arl2","arl2"
"5044","Ppp2r5b","ppp2r5b"
"5045","Ctso","ctso"
"5046","","zgc:154054"
"5047","Mgst2","mgst2"
"5048","Setd7","setd7"
"5049","","asb5a"
"5050","Spata4",""
"5051","","gpm6aa"
"5052","Lrit3","lrit3a"
"5053","Egf","egf"
"5054","Slco4a1","LOC111586199"
"5055","Zfp217","znf217"
"5056","Gltpd2","cptp"
"5057","Cptp","cptp"
"5058","Tmem82","tmem82"
"5059","Prkcz","prkcz"
"5060","Cd74",""
"5061","Lgalsl",""
"5062","Lgalsl2",""
"5063","Dach2","dachc"
"5064","Dach1","dachc"
"5065","Rbm22","rbm22"
"5066","Cyp3a41b","LOC111572716"
"5067","Cyp3a11","LOC111572716"
"5068","Cyp3a25","LOC111572716"
"5069","Cyp3a44","LOC111572716"
"5070","Cyp3a16","LOC111572716"
"5071","Cyp3a59","LOC111572716"
"5072","Cyp3a41a","LOC111572716"
"5073","Cyp3a57","LOC111572716"
"5074","Cyp3a13","LOC111572716"
"5075","Myoz3","LOC111569533"
"5076","Fbxo38","fbxo38"
"5077","Desi2","desi2"
"5078","Agt","agt"
"5079","Sf3b5","sf3b5"
"5080","Peli1","peli1b"
"5081","Bfsp1","LOC111575539"
"5082","","abch1"
"5083","","arhgef33"
"5084","Slc17a2","slc17a5"
"5085","Slc17a1","slc17a5"
"5086","Slc17a3","slc17a5"
"5087","Slc17a5","slc17a5"
"5088","Slc17a4","slc17a5"
"5089","Raly","raly"
"5090","Oard1",""
"5091","Tgfbi","tgfbi"
"5092","Gstt3","gstt2"
"5093","Gstt1","gstt2"
"5094","Gstt2","gstt2"
"5095","Gstt4","gstt2"
"5096","Gsto2","gstt2"
"5097","Krtap4-27",""
"5098","Krtap4-7",""
"5099","Krtap9-21",""
"5100","Krtap9-20",""
"5101","Krtap4-24",""
"5102","Krtap9-1",""
"5103","Krtap9-22",""
"5104","","LOC111584977"
"5105","","LOC111584980"
"5106","Mrpl41",""
"5107","Dph7","dph7"
"5108","Slc2a8","slc2a8"
"5109","","LOC111584981"
"5110","Ptrh1","ptrh1"
"5111","Cfap299","cfap299"
"5112","Plpp7",""
"5113","","LOC111584294"
"5114","Olfml2a",""
"5115","Ttc16",""
"5116","Mymk","mymk"
"5117","Adamtsl2","adamtsl2"
"5118","Fhit","fhit"
"5119","Camk1g","camk1ga"
"5120","Ehmt1",""
"5121","Dnajc16","LOC111572541"
"5122","Eepd1",""
"5123","Chtop","chtopa"
"5124","Snapin","snapin"
"5125","Pex11b","pex11b"
"5126","Ilf2","ilf2"
"5127","Tnc","LOC111580937"
"5128","","LOC111573404"
"5129","Sf3a3","sf3a3"
"5130","Fbxo36","fbxo36b"
"5131","","LOC111577299"
"5132","Ap1s3","LOC111577301"
"5133","Scg2","LOC111577296"
"5134","","LOC111588764"
"5135","Acsl3",""
"5136","","map1lc3b"
"5137","Casp9","casp9"
"5138","Wt1","LOC111588765"
"5139","Nkiras1","nkiras1"
"5140","","ube2e1"
"5141","Scgn",""
"5142","Lrrc47",""
"5143","Septin7","septin7a"
"5144","Cep104","cep104"
"5145","A430005L14Rik","c8h1orf174"
"5146","Dffb","dffb"
"5147","Nphp4","nphp4"
"5148","Zbed6",""
"5149","","npbwr2b"
"5150","Icmt","icmt"
"5151","Rtel1",""
"5152","Mmp23","mmp23ba"
"5153","Lrit3","lrit3b"
"5154","Hltf","hltf"
"5155","Cdk11b","cdk11b"
"5156","Tmem62","tmem62"
"5157","Mtus2",""
"5158","Stoml3","stoml3a"
"5159","","LOC111581215"
"5160","Ngef","ngef"
"5161","","foxi1"
"5162","Hmx3","hmx3b"
"5163","Zcchc24","LOC111565607"
"5164","Fut11","fut11"
"5165","","ppm1bb"
"5166","Six3","six3b"
"5167","Zfp185","znf185"
"5168","Prkce",""
"5169","Il12b","il12ba"
"5170","","LOC111565013"
"5171","Zc4h2","zc4h2"
"5172","","ttbk2a"
"5173","Msn","LOC111568070"
"5174","Dnmt3a","dnmt3ab"
"5175","","mchr2b"
"5176","Phf21b","phf21b"
"5177","Ppp4r3a",""
"5178","Arhgap8",""
"5179","Tenm1","tenm1"
"5180","","myo18ab"
"5181","Snw1","snw1"
"5182","","LOC111582007"
"5183","Erh","erh"
"5184","Erh","LOC111573544"
"5185","Erhrt-ps","erh"
"5186","Erhrt-ps","LOC111573544"
"5187","Vrtn","vrtn"
"5188","Hadhb","hadhb"
"5189","Gcc1","gcc1"
"5190","Ntn4","ntn4"
"5191","Kdm7a","kdm7aa"
"5192","Synpo2l","synpo2lb"
"5193","","sec24c"
"5194","Ndufb2",""
"5195","Kmt2e",""
"5196","Ldb2","ldb2a"
"5197","Far2",""
"5198","Ergic2","LOC111569069"
"5199","Qdpr","qdpra"
"5200","Elovl6","elovl6"
"5201","Hspa9","hspa9"
"5202","Copa","copa"
"5203","","LOC111588386"
"5204","Cmas","cmasa"
"5205","","LOC111562567"
"5206","Ppp1r14bl",""
"5207","Ppp1r14b",""
"5208","Fam124b","LOC111585126"
"5209","Mmp28",""
"5210","Taf15","taf15"
"5211","Lpar5",""
"5212","C5ar1","c5ar1"
"5213","C5ar2","c5ar1"
"5214","Dact3","LOC111569754"
"5215","Dock11","dock11"
"5216","Meis3","meis3"
"5217","","LOC111585924"
"5218","Hnrnpab","LOC111585923"
"5219","Crebrf","crebrf"
"5220","Zpld2","LOC111582747"
"5221","Mtrf1l","mtrf1l"
"5222","Pcsk2","pcsk2"
"5223","Ptprb","ptprb"
"5224","Ubxn10","ubxn10"
"5225","Sox18","LOC111581392"
"5226","","itih6"
"5227","Gdi1","gdi1"
"5228","Pard6a","pard6a"
"5229","","ppp1r15b"
"5230","Rps13","rps13"
"5231","","ppil3"
"5232","Prr16",""
"5233","Ksr2","ksr2"
"5234","Kif21a","kif21a"
"5235","Poglut1",""
"5236","Creb1","LOC111563020"
"5237","Mettl21a",""
"5238","Ccnyl1","ccnyl1"
"5239","","LOC118469090"
"5240","","LOC111582031"
"5241","","LOC129350890"
"5242","","LOC111582033"
"5243","Secisbp2","LOC111580393"
"5244","Pou5f2","pou5f3"
"5245","Pou3f1","pou5f3"
"5246","Pou5f1","pou5f3"
"5247","Prlr","prlrb"
"5248","Malt1","malt1"
"5249","Atp6v0a2","atp6v0a2a"
"5250","","nt5c2l1"
"5251","Maneal","maneal"
"5252","Lin28a",""
"5253","","LOC111585676"
"5254","Pdik1l",""
"5255","Rpa2","LOC111573414"
"5256","Ppp1r8","ppp1r8a"
"5257","","foxo6b"
"5258","Foxred1","foxred1"
"5259","Zfp384","znf384a"
"5260","","LOC111580948"
"5261","Rxrb","rxrba"
"5262","Rtn4r","rtn4r"
"5263","Plpp1","LOC111573484"
"5264","Zfp366","znf366"
"5265","","LOC111564683"
"5266","G0s2","LOC111576720"
"5267","Lin7c","lin7c"
"5268","Ldlrad2","ldlrad2"
"5269","","nampt2"
"5270","Fsd2",""
"5271","Pir","pir"
"5272","Vegfd","vegfd"
"5273","Whamm",""
"5274","Scamp2","scamp2l"
"5275","Ect2l","LOC111565638"
"5276","Filip1l","filip1l"
"5277","","LOC111583034"
"5278","Gpr180",""
"5279","Mybpc3",""
"5280","Rnf182","rnf182"
"5281","","retreg1"
"5282","","LOC111580933"
"5283","Zmynd11","zmynd11"
"5284","Ctss",""
"5285","Fchsd2","LOC111563809"
"5286","","LOC111566312"
"5287","Fam83b","LOC111581048"
"5288","","bcl11ab"
"5289","Rps15a","rps15a"
"5290","Herc3","herc3"
"5291","Dscam","dscama"
"5292","","LOC111576294"
"5293","Ube2n",""
"5294","Mapk11","mapk11"
"5295","Scp2d1","scp2b"
"5296","Podn",""
"5297","Slc1a7","slc1a7b"
"5298","Tspan9",""
"5299","Ptprr","ptprr"
"5300","Pla2g4a","pla2g4ab"
"5301","","LOC111576295"
"5302","Gpr180","gpr180"
"5303","Trim2",""
"5304","Net1","net1"
"5305","","cmc2"
"5306","Cdyl2","LOC111572293"
"5307","Maf",""
"5308","Rhou","rhoua"
"5309","Pdcd2","pdcd2"
"5310","Pcid2",""
"5311","Ampd3","ampd3a"
"5312","P2rx4","p2rx4b"
"5313","Nup107","nup107"
"5314","Satb2","LOC111573928"
"5315","Boll","LOC111574653"
"5316","","LOC111573761"
"5317","Inhba","LOC129349914"
"5318","","LOC111575220"
"5319","","LOC111574450"
"5320","","LOC111574368"
"5321","","LOC111564489"
"5322","","LOC111574284"
"5323","","LOC111574566"
"5324","Armc1","LOC111564483"
"5325","","LOC111573844"
"5326","Cyp7b1","LOC129349907"
"5327","Adhfe1","LOC111588952"
"5328","","LOC111577318"
"5329","Trim55",""
"5330","Gls","LOC111574163"
"5331","Commd9","commd9"
"5332","Cpne2","cpne2"
"5333","Col15a1","LOC118471766"
"5334","Slk","slkb"
"5335","Col11a2","col11a2"
"5336","Itgb1bp2","zgc:92429"
"5337","","LOC111564914"
"5338","","si:ch211-200p22.4"
"5339","Arid3c","arid3c"
"5340","Kat6a","kat6a"
"5341","Cwc27","cwc27"
"5342","Pkp4","LOC111564000"
"5343","","rx3"
"5344","Erbin","erbin"
"5345","Stn1","stn1"
"5346","Sh3pxd2a","sh3pxd2aa"
"5347","Amph","LOC111562490"
"5348","Amph","LOC111575229"
"5349","","zgc:162171"
"5350","Rab39b","LOC111585721"
"5351","Sh3tc1","LOC111564177"
"5352","Cpsf1",""
"5353","Crabp2","crabp2b"
"5354","Susd5","susd5"
"5355","","si:ch211-171h4.3"
"5356","Prune1","LOC111563413"
"5357","","LOC111571071"
"5358","","LOC111568574"
"5359","Dnajc5b","dnajc5b"
"5360","Dnajc5b","LOC129349922"
"5361","Vps72","vps72a"
"5362","AW209491","LOC111562491"
"5363","AW209491","LOC129349912"
"5364","Impa1",""
"5365","Skic2","skic2"
"5366","Amph",""
"5367","Hsd17b8","hsd17b8"
"5368","","LOC111582310"
"5369","Brd2","brd2a"
"5370","Lyve1",""
"5371","Irag1","mrvi1"
"5372","Macf1",""
"5373","Ctr9","ctr9"
"5374","","LOC118471682"
"5375","Chrnb3","LOC111582308"
"5376","Itgb1",""
"5377","","znf16l"
"5378","Aimp1","LOC111562759"
"5379","Peli3","peli3"
"5380","Ergic3","ergic3"
"5381","Tsc22d1","zgc:153012"
"5382","Ankrd46","ankrd46b"
"5383","Vbp1","vbp1"
"5384","Slc2a4","LOC111577182"
"5385","Romo1","romo1"
"5386","Hesx1",""
"5387","Adipoq",""
"5388","Zbtb40","zbtb40"
"5389","Cyc1","LOC111582701"
"5390","","mtss1"
"5391","","osgn1"
"5392","C1qa","LOC111567279"
"5393","C1qc","LOC111567282"
"5394","","LOC129348879"
"5395","","LOC111569777"
"5396","","ccdc51"
"5397","Sstr2","LOC111571608"
"5398","","dnase1l4.1"
"5399","Llgl2",""
"5400","Mybph","mybphb"
"5401","Hrh2",""
"5402","","LOC118471073"
"5403","Nxf7","nxf1a"
"5404","Nxf2","nxf1a"
"5405","Nxf1","nxf1a"
"5406","Nxf3","nxf1a"
"5407","Diablo","LOC111568103"
"5408","","LOC111567828"
"5409","Sez6",""
"5410","Cox16","LOC111579404"
"5411","Slc8a3","slc8a3"
"5412","Tmem87a",""
"5413","Lgals3","lgals3a"
"5414","Golga5","golga5"
"5415","","LOC111582159"
"5416","Anxa1",""
"5417","Tmem235","LOC111564670"
"5418","Tmem236","tmem236"
"5419","C1rl","f9a"
"5420","Prss51","f9a"
"5421","Prss55","f9a"
"5422","Klkb1","f9a"
"5423","F12","f9a"
"5424","Klk10","f9a"
"5425","Kcnh2",""
"5426","Mcf2","mcf2a"
"5427","Otop2",""
"5428","Rnf151","rnf151"
"5429","Tbl3","tbl3"
"5430","Acot1","LOC111574628"
"5431","Acot6","LOC111574628"
"5432","Acot4","LOC111574628"
"5433","Acot5","LOC111574628"
"5434","Acot2","LOC111574628"
"5435","Acot3","LOC111574628"
"5436","Rock1","rock1"
"5437","Cacna1c",""
"5438","Ggt5","ggt5a"
"5439","Ppm1f","ppm1f"
"5440","Lmx1b",""
"5441","","ube2d4"
"5442","Cep128","LOC111569119"
"5443","Tshr","tshr"
"5444","Gtf2a1","gtf2a1"
"5445","Foxn3","ches1"
"5446","Kcnk13","LOC111566091"
"5447","Psmc1","LOC111566089"
"5448","Lmln","lmln"
"5449","Calml3","calm1a"
"5450","Calml3","calm3a"
"5451","Calml3","calm2a"
"5452","Calml3","LOC111566088"
"5453","Calm3","calm1a"
"5454","Calm3","calm3a"
"5455","Calm3","calm2a"
"5456","Calm3","LOC111566088"
"5457","","LOC111586602"
"5458","","LOC111586600"
"5459","","LOC111586603"
"5460","","LOC111586599"
"5461","","LOC111586598"
"5462","","LOC111586596"
"5463","","LOC111586592"
"5464","","LOC111586591"
"5465","D630023F18Rik","LOC111569081"
"5466","Dnajc10","dnajc10"
"5467","","LOC111570175"
"5468","","LOC111577553"
"5469","","LOC111577551"
"5470","Psma6",""
"5471","","LOC111565833"
"5472","","LOC111581165"
"5473","Fam177a2","zgc:153383"
"5474","Fam177a","zgc:153383"
"5475","","LOC111585829"
"5476","Epc2","epc2"
"5477","Frzb","frzb"
"5478","Pikfyve","pikfyve"
"5479","Gramd4","gramd4a"
"5480","Cgas","cgasa"
"5481","","LOC111581850"
"5482","","LOC111567054"
"5483","Kcna1","kcna1a"
"5484","Cdkn1b","cdkn1bb"
"5485","Spint4","si:dkeyp-73b11.8"
"5486","Peak1","peak1"
"5487","Mrpl43","mrpl43"
"5488","Rcn2","rcn2"
"5489","Twnk","twnk"
"5490","Lzts2","LOC111586547"
"5491","Pdzd7","LOC111570762"
"5492","Scaper","scaper"
"5493","Dpysl4",""
"5494","Flot1","flot1a"
"5495","Sacm1l","sacm1la"
"5496","Fkbp5",""
"5497","Naaladl1","naaladl1"
"5498","","smad1"
"5499","","LOC111575252"
"5500","Syt2","LOC111569776"
"5501","","LOC111569791"
"5502","","LOC111569782"
"5503","Klhl20","si:ch73-29c22.1"
"5504","Arhgef10l","arhgef10la"
"5505","Kcnt1",""
"5506","","LOC111568891"
"5507","","LOC111569783"
"5508","","igfn1.1"
"5509","Grm4","LOC111569772"
"5510","Rcc2","rcc2"
"5511","Mul1","mul1"
"5512","Ttll10","ttll10"
"5513","Rps21","rps21"
"5514","Ndufb11","ndufb11"
"5515","Ndufb11b","ndufb11"
"5516","Spen","spen"
"5517","Vdr","LOC111577005"
"5518","","ogal"
"5519","Cant1","cant1b"
"5520","Nr3c2","nr3c2"
"5521","Mtor","mtor"
"5522","","rgl3a"
"5523","","LOC111568184"
"5524","","LOC111570905"
"5525","Trip10","trip10b"
"5526","","sh2d3a"
"5527","Tab1",""
"5528","Slc2a7",""
"5529","Ddx19b","ddx19a"
"5530","Ddx19a","ddx19a"
"5531","Angptl7","angptl7"
"5532","Tcea2",""
"5533","Rgs19","rgs19"
"5534","Pfdn4","pfdn4"
"5535","","zmp:0000001088"
"5536","Atp6ap1",""
"5537","Lgals7","LOC111585932"
"5538","Lgals12","LOC111585932"
"5539","Lgals1","LOC111585932"
"5540","Pak5","pak5"
"5541","Ahnak",""
"5542","Abcc1","abcc1"
"5543","Wfs1","wfs1b"
"5544","","urp1"
"5545","","clic2"
"5546","Apln",""
"5547","Lamp5","lamp5"
"5548","Syt6","syt6a"
"5549","Xpnpep2","xpnpep2"
"5550","Olfml3","olfml3a"
"5551","Vwa5b1","vwa5b1"
"5552","Plcb4","LOC111569680"
"5553","Tbc1d25","tbc1d25"
"5554","Ccdc22","ccdc22"
"5555","Cenph","cenph"
"5556","","si:dkey-245n4.2"
"5557","","cfap73"
"5558","","iqcd"
"5559","Polr3f","polr3f"
"5560","Dzank1",""
"5561","","LOC111569923"
"5562","Tpcn1","tpcn1"
"5563","Stx3","LOC111568503"
"5564","Plbd2","plbd2"
"5565","Plau","LOC111562745"
"5566","Pink1","pink1"
"5567","Agmat","agmat"
"5568","Tuba1b","LOC111562729"
"5569","Cimap3","LOC111562426"
"5570","Taf8","taf8"
"5571","","g0s2"
"5572","Camk1g","camk1gb"
"5573","Anks6","LOC111565362"
"5574","Ahrr","ahrra"
"5575","Plppr4","LOC111572278"
"5576","Kdm2a","kdm2aa"
"5577","Tgfbr1","tgfbr1b"
"5578","Mzt1","mzt1"
"5579","Bora","bora"
"5580","Dis3","dis3"
"5581","","epha2b"
"5582","Cdh4",""
"5583","Pibf1",""
"5584","Psmb9","psmb9a"
"5585","Adck5","adck5"
"5586","Tet3",""
"5587","Atad1","atad1a"
"5588","Gpat4","LOC111582156"
"5589","Gng12",""
"5590","Usp36","usp36"
"5591","Grid2ip","grid2ipa"
"5592","Zfp598","znf598"
"5593","Mpg","mpg"
"5594","Nprl3","nprl3"
"5595","Septin2","septin2"
"5596","","cacng5b"
"5597","Cdc37","LOC111574826"
"5598","Wdr70","LOC111574922"
"5599","Gprc5b","gprc5ba"
"5600","Mettl22","mettl22"
"5601","Abat","abat"
"5602","Afmid","afmid"
"5603","Tma16","tma16"
"5604","Marchf1","marchf1"
"5605","Cxcl12","cxcl12b"
"5606","","LOC111568895"
"5607","Capn11","LOC111568896"
"5608","Tspan5",""
"5609","Rab21","rab21"
"5610","Gsap","gsap"
"5611","Arf5","LOC111570863"
"5612","Lamtor4","lamtor4"
"5613","Atp6v1f","atp6v1f"
"5614","Svopl","svopl"
"5615","","LOC129350215"
"5616","","LOC111574707"
"5617","","LOC111574702"
"5618","","LOC111572018"
"5619","","LOC111572008"
"5620","","LOC111572007"
"5621","","LOC111567749"
"5622","","LOC111567745"
"5623","","LOC111567742"
"5624","","LOC111567262"
"5625","","LOC111567256"
"5626","H3c6","LOC129348639"
"5627","H3c6","LOC111586086"
"5628","H3c6","LOC111572249"
"5629","H3c6","LOC111570663"
"5630","H3c6","LOC111567427"
"5631","H3c6","LOC111567250"
"5632","H1f6",""
"5633","","LOC111566311"
"5634","","krt15"
"5635","","krt98"
"5636","Krt19","krt94"
"5637","Fbxo8","fbxo8"
"5638","","LOC111579505"
"5639","","chtf18"
"5640","Plrg1",""
"5641","Plxnb1",""
"5642","Foxn2","foxn2a"
"5643","Calhm3","calhm3"
"5644","Ppt2","ppt2b"
"5645","Pla2g1b","LOC111586177"
"5646","C7","c7b"
"5647","Emx2","emx2"
"5648","","casp10"
"5649","Fgd6","fgd6"
"5650","Lnpk","lnpa"
"5651","Eif3a","eif3s10"
"5652","","opn4xa"
"5653","Gdnf","gdnfa"
"5654","Eif4g2",""
"5655","Snrpd3","snrpd3l"
"5656","Snrpd3","LOC111568260"
"5657","Bcr","bcr"
"5658","Vezt",""
"5659","","cdkn1d"
"5660","Slc17a1","slc37a3"
"5661","Phactr2","phactr2"
"5662","Dennd2a","LOC111573175"
"5663","Abcg8","abcg8"
"5664","Mest","mest"
"5665","Copg2","copg2"
"5666","Hs6st3","hs6st3b"
"5667","Mbnl2","LOC111569971"
"5668","Reck",""
"5669","Bcl11b","bcl11ba"
"5670","Setd3","setd3"
"5671","Slc8b1","slc8b1"
"5672","Tfdp1","tfdp1a"
"5673","Hpgd","hpgd"
"5674","Myom2","myom2a"
"5675","Grk1","LOC111582970"
"5676","Mettl21c",""
"5677","Klf7","LOC111572701"
"5678","","si:ch211-160b11.4"
"5679","Tmtc4","tmtc4"
"5680","Ldhb","ldhba"
"5681","Slc25a3","slc25a3a"
"5682","Tmpo","tmpoa"
"5683","Msc","LOC111587698"
"5684","Boc","boc"
"5685","Usf3","LOC111583143"
"5686","Scyl2","scyl2"
"5687","Naa50","naa50"
"5688","Mtss1","LOC111578860"
"5689","Atp6v1a","atp6v1ab"
"5690","Rhcg","LOC111587669"
"5691","Sstr3","LOC111571879"
"5692","Kat14","kat14"
"5693","C2cd4c","LOC111571011"
"5694","Agfg1","agfg1b"
"5695","Tk1","tk1"
"5696","Mrps28",""
"5697","Crb1",""
"5698","Sde2",""
"5699","Mtif2","mtif2"
"5700","Senp3","LOC111585403"
"5701","Stk25",""
"5702","Gramd1c","gramd1c"
"5703","Rpl7","rpl7"
"5704","","si:ch211-244b2.3"
"5705","","si:ch211-244b2.4"
"5706","","atp2b1a"
"5707","Nelfe","nelfe"
"5708","Gdap1","gdap1"
"5709","Crh","crhb"
"5710","Pan3",""
"5711","Hk1","LOC111581369"
"5712","Sv2a",""
"5713","Cic","cica"
"5714","Tubb5","LOC111565388"
"5715","","ela3l"
"5716","Aida","aida"
"5717","","bco2l"
"5718","Il11","LOC118470005"
"5719","Cks1brt","cks1b"
"5720","Cks1b","cks1b"
"5721","Tgfbr2","LOC111564865"
"5722","Rrm2b","rrm2b"
"5723","Sfxn4","sfxn4"
"5724","Prdx3","prdx3"
"5725","Oit3","oit3"
"5726","Pla2g12b","pla2g12b"
"5727","Vwc2","vwc2"
"5728","Slc35f3","slc35f3b"
"5729","Ripk1","ripk1l"
"5730","Slc25a42","slc25a42"
"5731","Kcnk1","kcnk1b"
"5732","Prkab2","prkab2"
"5733","Gfra2",""
"5734","Mlxip",""
"5735","","map3k4"
"5736","Cfap251","cfap251"
"5737","","LOC111576629"
"5738","Naa35","naa35"
"5739","","LOC111569903"
"5740","Rnf8","rnf8"
"5741","Tcte1","tcte1"
"5742","Tmem151b","tmem151ba"
"5743","Slc36a2",""
"5744","Slc36a3",""
"5745","Mon2","mon2"
"5746","Aig1","aig1"
"5747","Nfkbie","nfkbie"
"5748","Ttll2",""
"5749","Tmem74","LOC111564903"
"5750","Rnaseh1","rnaseh1"
"5751","","LOC111588002"
"5752","Rps7","rps7"
"5753","","polr3glb"
"5754","Dcdc2a","LOC111566243"
"5755","Slc35b2",""
"5756","Ttk","ttk"
"5757","Hivep2","hivep2a"
"5758","Hsp90ab1",""
"5759","Agtpbp1",""
"5760","Postn","postnb"
"5761","Plau","LOC111588531"
"5762","","apoc2"
"5763","","apoa2"
"5764","Apoe",""
"5765","C8g","c8g"
"5766","Ctdspl",""
"5767","","LOC111588528"
"5768","","LOC111564199"
"5769","Tomm40","tomm40"
"5770","Me2","me2"
"5771","","ptgdsb.1"
"5772","Trim55","trim55b"
"5773","","ddx61"
"5774","Fen1","fen1"
"5775","Tm9sf1","tm9sf1"
"5776","Zhx2","LOC111571910"
"5777","Trnau1ap","LOC111585420"
"5778","Ctdp1",""
"5779","","zmym4.1"
"5780","","psmb12"
"5781","","LOC111573136"
"5782","Dbx2","dbx2"
"5783","","psmb13a"
"5784","Gmeb1","gmeb1"
"5785","Ndufs5","ndufs5"
"5786","Hsp90b1",""
"5787","Col14a1",""
"5788","Ap2a2",""
"5789","","cdkn1ba"
"5790","Cdpf1","cdpf1"
"5791","Ppara","pparaa"
"5792","Elapor2","LOC111580671"
"5793","Nanog","nanog"
"5794","","flt3"
"5795","Cxxc1","cxxc1a"
"5796","","si:dkey-73n8.3"
"5797","","zgc:112332"
"5798","Ropn1l","ropn1l"
"5799","Zdhhc23","zdhhc23b"
"5800","Ccdc191","ccdc191"
"5801","Qtrt2","qtrt2"
"5802","Jph1","jph1a"
"5803","Timm21","timm21"
"5804","Ofcc1",""
"5805","Gm49336",""
"5806","","msrb2"
"5807","Sharpin",""
"5808","Pde7a","pde7a"
"5809","Abcg5",""
"5810","Mdga1","LOC111565259"
"5811","Ccdc170",""
"5812","Rmnd1","rmnd1"
"5813","Drd3","drd3"
"5814","Ube3c",""
"5815","Eeig2","LOC111567647"
"5816","","LOC111585398"
"5817","Exosc4","exosc4"
"5818","Mylk4","mylk4a"
"5819","Wrnip1","wrnip1"
"5820","Cela3b","LOC111568709"
"5821","Cela3a","LOC111568709"
"5822","Cldn18","cldn18"
"5823","St3gal3","st3gal3b"
"5824","Zbtb44","zbtb44"
"5825","Vill","vill"
"5826","Abcg4","LOC111581229"
"5827","Arhgap4","arhgap4b"
"5828","Zfp365","znf365"
"5829","Kif11","kif11"
"5830","Kif13b","kif13ba"
"5831","Vav1","LOC111566258"
"5832","Klhl42","klhl42"
"5833","Nrip2","nrip2"
"5834","Itfg2","itfg2"
"5835","","tmem234"
"5836","","dcdc2b"
"5837","Ascl3","ascl1a"
"5838","Ascl2","ascl1a"
"5839","Ascl1","ascl1a"
"5840","Fancm","fancm"
"5841","Pah","pah"
"5842","","soul3"
"5843","Slc25a29","LOC111586141"
"5844","Siva1","siva1"
"5845","","zbtb42"
"5846","Hif3a","hif1al"
"5847","Akt1","akt1"
"5848","Prkaca","prkacbb"
"5849","Prkacb","prkacbb"
"5850","","LOC111584421"
"5851","Snph","snphb"
"5852","Sdcbp2",""
"5853","Syap1",""
"5854","","fkbp1ab"
"5855","Irx3","irx3a"
"5856","Phospho2","phospho2"
"5857","Nsfl1c","nsfl1c"
"5858","Ccnt1",""
"5859","Myh15","LOC111588655"
"5860","Phkb","phkb"
"5861","Snrpg","snrpg"
"5862","Zfp641","plagl2"
"5863","Zscan18","plagl2"
"5864","Zscan5b","plagl2"
"5865","Zkscan17","plagl2"
"5866","Zkscan2","plagl2"
"5867","Zfp770","plagl2"
"5868","Scand1","plagl2"
"5869","Plagl2","plagl2"
"5870","Zfp174","plagl2"
"5871","Zfp446","plagl2"
"5872","Zkscan6","plagl2"
"5873","Zfp444","plagl2"
"5874","Peg3","plagl2"
"5875","Ovol3","plagl2"
"5876","Zscan29","plagl2"
"5877","Plagl1","plagl2"
"5878","Zfp369","plagl2"
"5879","Zfp110","plagl2"
"5880","Zfp202","plagl2"
"5881","Tfe3","tfe3a"
"5882","Fgd1","fgd1"
"5883","Ids","ids"
"5884","Bcl3","bcl3"
"5885","","cblc"
"5886","Lpcat1","LOC111566240"
"5887","Trhr","trhra"
"5888","Eny2","eny2"
"5889","","eva1ba"
"5890","Gdf7","gdf6a"
"5891","Adcy2",""
"5892","Itfg1","itfg1"
"5893","Fto","fto"
"5894","Bnc1","bnc1"
"5895","Slc7a6os","slc7a6os"
"5896","Slc7a6","slc7a6"
"5897","","klhl6"
"5898","Cd48","cd58"
"5899","Cd244a","cd58"
"5900","Arhgap6",""
"5901","Ppp1r14a","LOC129349328"
"5902","Yap1",""
"5903","","LOC111581724"
"5904","Tgfb1","tgfb1a"
"5905","Cldn15",""
"5906","Prdm10","prdm10"
"5907","Dio2",""
"5908","Nrxn3",""
"5909","Itpkc","itpkcb"
"5910","Actmap","actmap"
"5911","Snrpa","snrpa"
"5912","","LOC111584952"
"5913","Fchsd2","LOC111584686"
"5914","","LOC111585601"
"5915","Mecp2","mecp2"
"5916","Irak1","irak1"
"5917","Klhdc9",""
"5918","Ccdc120","ccdc120a"
"5919","Abcd1",""
"5920","Rabep1",""
"5921","Aplp2","aplp2"
"5922","Dnah5",""
"5923","Rbms3","LOC111569692"
"5924","Txlna","txlna"
"5925","Kpna6","kpna6"
"5926","Dync2li1","dync2li1"
"5927","Sf3b4","sf3b4"
"5928","Lix1l","lix1l"
"5929","","LOC111575059"
"5930","Pabpc1l2a","LOC111575041"
"5931","Pabpc1l2b","LOC111575041"
"5932","Lyrm7","lyrm7"
"5933","Hint1",""
"5934","","ctbp2a"
"5935","Txnip","LOC111588050"
"5936","Bnipl","bnipl"
"5937","Prune1",""
"5938","Slc6a4","slc6a4a"
"5939","Irx4","irx4a"
"5940","","rab42b"
"5941","Taf12","taf12"
"5942","Ager","si:ch211-79k12.1"
"5943","Flot1","flot1b"
"5944","Atp10d","atp10d"
"5945","Sh3gl3","sh3gl3b"
"5946","","si:ch211-216l23.2"
"5947","Jph3","jph3b"
"5948","Necab2","necab2"
"5949","Slc12a3",""
"5950","Prss16","LOC111575910"
"5951","Sik3",""
"5952","Dusp19","dusp19a"
"5953","","tgfbr2l"
"5954","","si:dkey-69o16.5"
"5955","Itgav",""
"5956","","LOC111563417"
"5957","Ceacam15","si:ch211-264f5.6"
"5958","Ceacam23","si:ch211-264f5.6"
"5959","Ceacam9","si:ch211-264f5.6"
"5960","Ceacam3","si:ch211-264f5.6"
"5961","Ceacam18","si:ch211-264f5.6"
"5962","Psg28","si:ch211-264f5.6"
"5963","Ceacam13","si:ch211-264f5.6"
"5964","Psg29","si:ch211-264f5.6"
"5965","Psg23","si:ch211-264f5.6"
"5966","Psg25","si:ch211-264f5.6"
"5967","Psg20","si:ch211-264f5.6"
"5968","Psg22","si:ch211-264f5.6"
"5969","Ceacam10","si:ch211-264f5.6"
"5970","Psg16","si:ch211-264f5.6"
"5971","Ceacam16","si:ch211-264f5.6"
"5972","Ceacam1","si:ch211-264f5.6"
"5973","Psg17","si:ch211-264f5.6"
"5974","Ceacam11","si:ch211-264f5.6"
"5975","Psg26","si:ch211-264f5.6"
"5976","Psg21","si:ch211-264f5.6"
"5977","Gm5893","si:ch211-264f5.6"
"5978","Ceacam14","si:ch211-264f5.6"
"5979","Ceacam5","si:ch211-264f5.6"
"5980","Ceacam2","si:ch211-264f5.6"
"5981","Psg19","si:ch211-264f5.6"
"5982","Psg18","si:ch211-264f5.6"
"5983","Ceacam20","si:ch211-264f5.6"
"5984","Ceacam12","si:ch211-264f5.6"
"5985","Psg27","si:ch211-264f5.6"
"5986","","grin2da"
"5987","Fbxo5","fbxo5"
"5988","Cyp3a41b","LOC111579974"
"5989","Cyp3a11","LOC111579974"
"5990","Cyp3a25","LOC111579974"
"5991","Cyp3a44","LOC111579974"
"5992","Cyp3a16","LOC111579974"
"5993","Cyp3a59","LOC111579974"
"5994","Cyp3a41a","LOC111579974"
"5995","Cyp3a57","LOC111579974"
"5996","Cyp3a13","LOC111579974"
"5997","Otor","LOC111575546"
"5998","Klf5","klf5a"
"5999","Fbxl2","fbxl2"
"6000","Map4k3","LOC111571302"
"6001","Fkbp3",""
"6002","Fau","faua"
"6003","Arf6","arf6a"
"6004","Prpf39","prpf39"
"6005","Rab38","rab38a"
"6006","Spsb4","LOC111582346"
"6007","Sacs","sacs"
"6008","Zbtb26","zbtb26"
"6009","Mark4",""
"6010","","zgc:110329"
"6011","Ift81","ift81"
"6012","Tmem233",""
"6013","Carnmt1","carnmt1"
"6014","Zbtb34","zbtb34"
"6015","Tacr1","tacr1a"
"6016","Ncaph","ncaph"
"6017","Vamp8","vamp8"
"6018","Vamp5",""
"6019","Idua",""
"6020","","LOC111569442"
"6021","Atp5me",""
"6022","Kcnv2","LOC111585952"
"6023","Tmem150a","LOC111585953"
"6024","","rnf181"
"6025","","LOC111571209"
"6026","","LOC111583094"
"6027","","LOC111583095"
"6028","Bmp2","bmp2b"
"6029","Fermt1","fermt1"
"6030","Abhd16a","abhd16a"
"6031","Git1","git1"
"6032","Ikzf5","ikzf5"
"6033","Etaa1",""
"6034","Pgbd5","pgbd5"
"6035","Cog2","cog2"
"6036","Gtpbp2","gtpbp2a"
"6037","Polh","polh"
"6038","Cep170",""
"6039","Rtkn2","rtkn2"
"6040","Mrpl57","mrpl57"
"6041","Edrf1","edrf1"
"6042","Rhoa","LOC111580357"
"6043","Rnf123","LOC111580519"
"6044","Ctu1","ctu1"
"6045","Crybb2","crybb2"
"6046","Sds","LOC111580376"
"6047","Nono",""
"6048","Pold2","pold2"
"6049","Prr14","prr14"
"6050","Ccdc43","ccdc43"
"6051","","LOC111576408"
"6052","Ppfia3","ppfia3"
"6053","Rap2a","LOC111569957"
"6054","","atp5mc3a"
"6055","Aebp1","aebp1b"
"6056","P4ha3","p4ha3"
"6057","","LOC118471515"
"6058","Fam163b","LOC111584985"
"6059","Ugt2a3",""
"6060","Ugt1a6a",""
"6061","Ugt1a7c",""
"6062","Ugt1a6b",""
"6063","Ugt1a10",""
"6064","Ugt1a8",""
"6065","Ugt1a9",""
"6066","Ugt1a2",""
"6067","Ugt1a5",""
"6068","Ugt2a1",""
"6069","Ugt2a2",""
"6070","Gpr21","LOC111582070"
"6071","Strbp","LOC111582069"
"6072","Sh2d3c",""
"6073","Prkra","prkra"
"6074","Ap3m2","ap3m2"
"6075","Abi3bp","LOC111588659"
"6076","Specc1l","specc1la"
"6077","Fhip2b",""
"6078","Bcl7a","bcl7a"
"6079","Adora2a","adora2aa"
"6080","Mef2c","LOC111584796"
"6081","Dbnl","dbnlb"
"6082","Dcp2","dcp2"
"6083","Pomk","pomk"
"6084","","igsf9a"
"6085","Muc15","jam2b"
"6086","Vsir","jam2b"
"6087","Jam2","jam2b"
"6088","Igsf5","jam2b"
"6089","Clmp","jam2b"
"6090","Grin1","grin1a"
"6091","Mid1","mid1"
"6092","Susd1",""
"6093","Tnks","LOC111569424"
"6094","","grk5"
"6095","","dhrs12"
"6096","Clec4f",""
"6097","Gorasp2","LOC111567280"
"6098","Tlk1","tlk1a"
"6099","","si:ch211-202p1.5"
"6100","","xkr6b"
"6101","Ak9","ak9"
"6102","Cpsf3","cpsf3"
"6103","Plcd1","plcd1a"
"6104","Pepd","pepd"
"6105","Ybx2","LOC111577183"
"6106","Psenen","psenen"
"6107","Tmem238","LOC111578232"
"6108","U2af2","u2af2a"
"6109","Dapp1","dapp1"
"6110","Lamtor3","lamtor3"
"6111","Hhipl1","hhipl1"
"6112","Pak2","LOC111563443"
"6113","Slc45a4","LOC111573158"
"6114","Setdb1","setdb1b"
"6115","Dnmt3a","LOC111588989"
"6116","Pomc","LOC111584656"
"6117","","LOC111569942"
"6118","Esrrb","LOC111568924"
"6119","","LOC118471168"
"6120","Brf1","brf1b"
"6121","","LOC111574963"
"6122","Naga","naga"
"6123","Faxc","faxca"
"6124","Ccnc","ccnc"
"6125","Irf2","irf2b"
"6126","Cep162","cep162"
"6127","Snx17",""
"6128","Casp3",""
"6129","Rragc","rragcb"
"6130","Rragd","rragcb"
"6131","Ppt1","ppt1"
"6132","Ppif","LOC111565596"
"6133","Ghitm",""
"6134","","LOC111569222"
"6135","","LOC111563935"
"6136","Rps19",""
"6137","Crybg2",""
"6138","Eya3",""
"6139","Cdhr1","LOC111582237"
"6140","","kmt2ba"
"6141","","LOC111574269"
"6142","","pbxip1a"
"6143","S100a11","s100a11"
"6144","S100a3","s100s"
"6145","S100g","s100s"
"6146","S100a5","s100s"
"6147","S100a14","s100s"
"6148","S100a4","s100s"
"6149","S100a7a","s100s"
"6150","S100a8","s100s"
"6151","S100a6","s100s"
"6152","S100a2","s100s"
"6153","S100a9","s100s"
"6154","","s100s"
"6155","Gm5849","s100s"
"6156","Crnn","s100s"
"6157","","si:ch211-195b13.1"
"6158","Zfp469",""
"6159","Kcnj11",""
"6160","Abcc8","abcc8"
"6161","","si:dkeyp-92c9.2"
"6162","Myo1g","myo1g"
"6163","","cntn4"
"6164","Arnt","arnt"
"6165","Gm11992","c24h7orf57"
"6166","Lrrc3",""
"6167","","LOC111573244"
"6168","Hdac4","hdac4"
"6169","Baiap2l1","baiap2l1b"
"6170","She","LOC111562511"
"6171","Pygo2","pygo2"
"6172","Cgn","cgnb"
"6173","Sfn",""
"6174","Ctsf","ctss1"
"6175","Ctsw","ctss1"
"6176","Tinag","ctss1"
"6177","Plxnb3",""
"6178","Iffo1","iffo1a"
"6179","Gapdhrt","LOC111585177"
"6180","Gapdhrt2","LOC111585177"
"6181","Gapdh","LOC111585177"
"6182","Fndc4","LOC111573292"
"6183","Gca","gca"
"6184","Dpp4","LOC111565858"
"6185","Ush1c","ush1c"
"6186","","LOC111586176"
"6187","Odf2","odf2a"
"6188","Akna","akna"
"6189","Slc30a5","slc30a5"
"6190","Dnase1l1","LOC111563817"
"6191","H13","hm13"
"6192","Mamdc2","LOC111565806"
"6193","Cbx8","cbx8b"
"6194","Msln","LOC111588137"
"6195","Mslnl","LOC111588137"
"6196","Litaf",""
"6197","Slc5a4b","LOC111577330"
"6198","Slc5a4a","LOC111577330"
"6199","Gm5134","LOC111577330"
"6200","","odad3"
"6201","Glis2","LOC111572741"
"6202","B3galt5","LOC111572774"
"6203","B3galnt1","LOC111572774"
"6204","B3gnt6","LOC111572774"
"6205","B3galt5","LOC111572754"
"6206","B3galnt1","LOC111572754"
"6207","B3gnt6","LOC111572754"
"6208","Taf2","taf2"
"6209","Syngr1","LOC129347222"
"6210","Ubl5","ubl5"
"6211","Ubl5b","ubl5"
"6212","Ubl5c","ubl5"
"6213","Pin1","pin1"
"6214","Pin1rt1","pin1"
"6215","Txndc11","txndc11"
"6216","Cbx4",""
"6217","Wiz","LOC111568179"
"6218","","prdx2"
"6219","","LOC111572892"
"6220","","LOC111572891"
"6221","Ube2f","ube2f"
"6222","Dapl1","dap1b"
"6223","Fign","fign"
"6224","B3gnt6","LOC111572758"
"6225","Slc5a4b","LOC111577329"
"6226","Slc5a4a","LOC111577329"
"6227","Gm5134","LOC111577329"
"6228","Sh3rf3","LOC111580589"
"6229","Bfar","LOC111588125"
"6230","","si:ch211-14k19.8"
"6231","Slc44a2","slc44a2"
"6232","Prpf40a","prpf40a"
"6233","Ndufa11","ndufa11"
"6234","Fyco1","fyco1a"
"6235","Sash3","sash3"
"6236","Chrna6","LOC111576478"
"6237","Bscl2","LOC111576386"
"6238","Ghrhr","ghrhrl"
"6239","","stard14"
"6240","Pdzd11","pdzd11"
"6241","Gdpd2",""
"6242","Zic3","zic3"
"6243","Zxdc","zic6"
"6244","Zxdb","zic6"
"6245","Cops6","cops6"
"6246","Tor2a","tor2a"
"6247","Cacna1b",""
"6248","Ncbp1","LOC111578488"
"6249","","LOC111569748"
"6250","Dhx32","dhx32b"
"6251","Insig1","insig1"
"6252","Slc22a13","LOC111567978"
"6253","Slc22a13b","LOC111567978"
"6254","Fcamr",""
"6255","Slc22a13",""
"6256","Slc22a13b",""
"6257","Hmx3","hmx3a"
"6258","Hmx2","hmx2"
"6259","Slc22a13","LOC111567980"
"6260","Slc22a13b","LOC111567980"
"6261","Adam12","adam12b"
"6262","Xirp1","LOC111567974"
"6263","Mrgbp",""
"6264","Otud5",""
"6265","Cth",""
"6266","Pex2","pex2"
"6267","Fastkd3","fastkd3"
"6268","Chmp5","chmp5b"
"6269","Tm9sf4","tm9sf4"
"6270","","LOC111566773"
"6271","","si:ch211-161h7.8"
"6272","Cstb","LOC111565952"
"6273","Pacsin1","pacsin1b"
"6274","","dlec1"
"6275","Ipo4","ipo4"
"6276","Nudt3","nudt3b"
"6277","Rps10","rps10"
"6278","Spdef","LOC111569784"
"6279","Epyc",""
"6280","Pclo",""
"6281","Chd5","chd5"
"6282","Slc2a13",""
"6283","","LOC111576618"
"6284","","zgc:172076"
"6285","Tnfaip2","tnfaip2a"
"6286","","asap2b"
"6287","Lrrtm4","LOC111563720"
"6288","Vav2","vav2"
"6289","Usp12","usp12b"
"6290","Astn1","astn1"
"6291","Cenpu","cenpu"
"6292","Acsl1","LOC111580985"
"6293","Fer","fer"
"6294","Mrpl37","mrpl37"
"6295","","LOC111588104"
"6296","1700123O20Rik","c10h14orf119"
"6297","Acin1","acin1a"
"6298","Mapk12","mapk12b"
"6299","Ppfia4","ppfia4"
"6300","Bri3","bri3"
"6301","Tecpr1","tecpr1b"
"6302","Tmem230","tmem230a"
"6303","Lmtk2","lmtk2"
"6304","C6","c6"
"6305","Ocm","pvalb5"
"6306","Gde1","LOC111587536"
"6307","Dnaaf5","LOC111580034"
"6308","Epb41l3",""
"6309","Dll1","dld"
"6310","Kars1","kars1"
"6311","Nudt19","nudt19"
"6312","Sppl2a","zgc:123258"
"6313","Lgals2","lgals2a"
"6314","Xrcc3","xrcc3"
"6315","Serpina10","LOC111574979"
"6316","Zfp352","klf17"
"6317","Klf17","klf17"
"6318","Klf14","klf17"
"6319","Ptpn14","LOC111584659"
"6320","Rhag","rhag"
"6321","Pde4b","LOC111587648"
"6322","Mical2","mical2a"
"6323","Dkk3","dkk3a"
"6324","Usp47","usp47"
"6325","","LOC111571873"
"6326","Gprc5b","gprc5bb"
"6327","Knop1",""
"6328","Exosc1","exosc1"
"6329","Tmem192","tmem192"
"6330","Tmem63b","LOC111564581"
"6331","Rnps1","LOC111567712"
"6332","Tnrc6c",""
"6333","Zp3","LOC111576167"
"6334","Nuggc","LOC111576184"
"6335","Zp3","LOC111587056"
"6336","","LOC111568937"
"6337","Zfp207","LOC111568931"
"6338","","LOC111577366"
"6339","Ankrd40cl",""
"6340","Ankrd40",""
"6341","Prkar1b","LOC111562596"
"6342","Pdgfa",""
"6343","Adap1","LOC111567716"
"6344","Cdc26","cdc26"
"6345","Prpf4","prpf4"
"6346","Ucn3","ucn3l"
"6347","Ucn2","ucn3l"
"6348","Celsr1","celsr1a"
"6349","Them4",""
"6350","Ndufa3","ndufa3"
"6351","","zgc:158689"
"6352","","zbtb32"
"6353","Eno2",""
"6354","5730455P16Rik","c19h17orf75"
"6355","Dph1",""
"6356","","pvalb8"
"6357","Stxbp5",""
"6358","Luc7l3","luc7l3"
"6359","","si:ch211-195b15.7"
"6360","","tspan4b"
"6361","Bcl2l12","bcl2l12"
"6362","Rhot1",""
"6363","Parva","parvaa"
"6364","Fbxl12","LOC111586347"
"6365","Mcts2","mcts1"
"6366","Mcts1","mcts1"
"6367","","si:ch211-196f5.2"
"6368","Nfx1","nfx1"
"6369","C1galt1c1","c1galt1c1"
"6370","Zdhhc9","zdhhc9"
"6371","Eef1a1","LOC111586937"
"6372","","LOC111576479"
"6373","Trpc7","LOC111572298"
"6374","Fam131b","LOC111568099"
"6375","Clcn1","clcn1a"
"6376","Ift27",""
"6377","Card14","card14"
"6378","Scarb1","scarb1"
"6379","Pla2g15","pla2g15"
"6380","Mical2","mical2b"
"6381","","si:ch73-109d9.2"
"6382","Exosc9","exosc9"
"6383","","LOC111566270"
"6384","Nhsl2","nhsl2"
"6385","","rnf180b"
"6386","","sstr1b"
"6387","Sgms2","LOC111562752"
"6388","Scai",""
"6389","Gltpd2","gltpd2a"
"6390","Cptp","gltpd2a"
"6391","","LOC111585545"
"6392","Egr1","LOC111579696"
"6393","","LOC111579695"
"6394","Mtcl3","LOC111567664"
"6395","Hddc2","hddc2"
"6396","Mdfi","mdfi"
"6397","Tpd52l1","tpd52l1"
"6398","","LOC111579188"
"6399","","slc6a11a"
"6400","","LOC129350208"
"6401","Tmem18","tmem18"
"6402","Ppp4r4","ppp4r4"
"6403","","LOC111563206"
"6404","Tiam2",""
"6405","","ngs"
"6406","Pgm3","pgm3"
"6407","Med13","LOC111584956"
"6408","Eno1","eno1b"
"6409","Eno1b","eno1b"
"6410","Wbp1","LOC111579693"
"6411","","LOC111579685"
"6412","Cxxc4","LOC111579701"
"6413","Topors","LOC111579686"
"6414","","LOC111579687"
"6415","Npnt","LOC111571347"
"6416","","lratb.1"
"6417","","LOC111575111"
"6418","","col4a6"
"6419","Mogat1","mogat3a"
"6420","","rab1ba"
"6421","Dkk3","dkk3b"
"6422","Klhdc4","klhdc4"
"6423","Slc38a8","slc38a8a"
"6424","Usb1","usb1"
"6425","Zfp319","znf319b"
"6426","Cacng2","LOC111577598"
"6427","Atp2b1","LOC111575967"
"6428","Neurl1a","neurl1aa"
"6429","Vasn","LOC111572771"
"6430","Ccdc40","ccdc40"
"6431","Rps6kb2","LOC111579842"
"6432","Arhgap15","arhgap15"
"6433","Pde1a","pde1a"
"6434","Tsc1","tsc1b"
"6435","Mocs2","LOC111568821"
"6436","Abcc10",""
"6437","","LOC111579141"
"6438","Tor4a","tor4aa"
"6439","Brap","brap"
"6440","Rarb","LOC111582285"
"6441","Abcd2","LOC111570177"
"6442","Nek10",""
"6443","Med26","LOC111584559"
"6444","Zap70","LOC111580186"
"6445","Snap91",""
"6446","Prss35","LOC111571141"
"6447","Ccm2","ccm2"
"6448","Fmnl2","fmnl2a"
"6449","Prox1",""
"6450","","LOC118469922"
"6451","","LOC111564905"
"6452","Pnp","LOC111564906"
"6453","Pnp2","LOC111564906"
"6454","Fosl2","fosl2"
"6455","Greb1l","greb1l"
"6456","Ldah",""
"6457","Ccr6","ccr6b"
"6458","Rcbtb2","rcbtb2"
"6459","Rps6kc1","rps6kc1"
"6460","Uba52rt","LOC111573872"
"6461","Uba52","LOC111573872"
"6462","Kxd1","LOC111573872"
"6463","Homer3","homer3b"
"6464","","LOC111566496"
"6465","Map7","map7a"
"6466","Nceh1","nceh1a"
"6467","E130311K13Rik",""
"6468","Thap12","thap12b"
"6469","Mia2","mia2"
"6470","Map6","map6b"
"6471","","zgc:112083"
"6472","Comp","comp"
"6473","","LOC111584687"
"6474","Tmem160",""
"6475","Zpld2","LOC111564960"
"6476","","zgc:162608"
"6477","Gemin2",""
"6478","Prpf8","prpf8"
"6479","Pnn","pnn"
"6480","Plch1","plch1"
"6481","Fdps","fdps"
"6482","Dtnb","dtnbb"
"6483","","cdan1"
"6484","Stard9","stard9"
"6485","Cldn11","cldn11a"
"6486","Slc7a14","slc7a14a"
"6487","Alkbh1",""
"6488","Slc4a1ap","slc4a1ap"
"6489","Supt7l","supt7l"
"6490","","nfkbiab"
"6491","Lrfn2","LOC111574422"
"6492","Nrde2","nrde2"
"6493","Ttc7b","ttc7b"
"6494","Ccdc77","ccdc77"
"6495","","si:dkey-30c15.2"
"6496","Fam177a2",""
"6497","Fam177a",""
"6498","Ppp2r3c","ppp2r3c"
"6499","Grm3","grm3"
"6500","Rusc1","rusc1"
"6501","Dennd3","LOC111573132"
"6502","","sumo3b"
"6503","Mark3","LOC111576875"
"6504","Atp4a","LOC129349646"
"6505","Slc9a1","slc9a1a"
"6506","Tat","tat"
"6507","Prkcd","prkcda"
"6508","Ddr1","ddr1"
"6509","","si:dkey-283b15.2"
"6510","Zbtb7b","zbtb7b"
"6511","","si:ch73-40a2.1"
"6512","","LOC111577041"
"6513","Igflr1",""
"6514","","LOC111585724"
"6515","Pttg1ip2","pttg1ipb"
"6516","Pttg1ip","pttg1ipb"
"6517","","kmt2bb"
"6518","","LOC111586164"
"6519","Pofut2",""
"6520","Tbpl2",""
"6521","Slc25a11","slc25a11"
"6522","Edar","edar"
"6523","Entpd2",""
"6524","","LOC111580591"
"6525","Or56a5","adra1ab"
"6526","Or56a4","adra1ab"
"6527","Or56a42-ps1","adra1ab"
"6528","Or56a41","adra1ab"
"6529","Or56a3b","adra1ab"
"6530","Or56a3","adra1ab"
"6531","Or13f5","adra1ab"
"6532","Or5t17","adra1ab"
"6533","Or5t5","adra1ab"
"6534","Or5t18","adra1ab"
"6535","Or5t7","adra1ab"
"6536","Or5t9","adra1ab"
"6537","Or5t16","adra1ab"
"6538","Or5t15","adra1ab"
"6539","Kcnh7","LOC111575739"
"6540","","sptan1"
"6541","","adob"
"6542","Egr2","LOC111562821"
"6543","Eml4","LOC111586050"
"6544","Pkp4","LOC111577011"
"6545","Igf1r","igf1ra"
"6546","Neto2","LOC111565766"
"6547","Dync2i2","dync2i2"
"6548","Apba1","LOC111586680"
"6549","Ulk3","ulk3"
"6550","Eif5a","LOC111577193"
"6551","Gps2","gps2"
"6552","Tns1",""
"6553","Rps4x","rps4x"
"6554","Rps4l","rps4x"
"6555","Gnptab","gnptab"
"6556","Larp6","larp6a"
"6557","Tm2d3","tm2d3"
"6558","Hdgfl3","hdgfl3"
"6559","Trmu","trmu"
"6560","Rbbp7","LOC111572897"
"6561","Kif21a","LOC111570176"
"6562","Cep85","cep85"
"6563","Il2rb","il21r.1"
"6564","","si:dkey-256h2.1"
"6565","","col28a1b"
"6566","","LOC111568724"
"6567","Mios","mios"
"6568","Ceacam19","si:dkeyp-97a10.3"
"6569","Frzb",""
"6570","Capns2","sri"
"6571","Snrnp48","snrnp48"
"6572","","zgc:113232"
"6573","","LOC111573014"
"6574","Atp6v1c2","atp6v1c2"
"6575","Nol10","nol10"
"6576","Man1c1",""
"6577","Gzf1","gzf1"
"6578","Trmt6","trmt6"
"6579","","LOC111588120"
"6580","","LOC111588118"
"6581","","LOC111588121"
"6582","","LOC111588119"
"6583","Gcdh","gcdha"
"6584","Pttg1ip2","pttg1ipa"
"6585","Pttg1ip","pttg1ipa"
"6586","Tspear","LOC111571671"
"6587","Usp40",""
"6588","Pomt2","pomt2"
"6589","Ndufs7","ndufs7"
"6590","Slc23a4","LOC111569673"
"6591","Cfap44","LOC111581311"
"6592","Pxdn","LOC111577406"
"6593","Pum3","pum3"
"6594","Myo1f","myo1f"
"6595","Rpl11","rpl11"
"6596","Tjp2","tjp2a"
"6597","","klhl43"
"6598","Klhl10","LOC111575246"
"6599","Smim13","smim13"
"6600","","edn1"
"6601","Eny2","LOC111568985"
"6602","Nudcd1",""
"6603","Lsm10",""
"6604","Eva1b","eva1bb"
"6605","Thrap3","thrap3b"
"6606","Map7d1","map7d1b"
"6607","Pip5k1b","pip5k1ba"
"6608","Eif3e","eif3eb"
"6609","Col4a5","col4a5"
"6610","Trhr","trhrb"
"6611","Cap1","cap1"
"6612","Cnga1",""
"6613","Cyth2","cyth2"
"6614","Cetn3","cetn3"
"6615","Tcf4",""
"6616","Cemip2","cemip2"
"6617","Mdm2","mdm2"
"6618","Adm2","adm2a"
"6619","Ucma","ucmaa"
"6620","Mcm10","mcm10"
"6621","Sbf1","sbf1"
"6622","En1","en2b"
"6623","Apold1",""
"6624","Ralyl","LOC111573208"
"6625","Aqp1","LOC111568625"
"6626","Rpl13a",""
"6627","Aqp1","LOC111568627"
"6628","Sdr16c5","LOC111575778"
"6629","Fermt2","fermt2"
"6630","Ptprm","LOC111576970"
"6631","Trpm3","trpm3"
"6632","Glcci1","LOC111582286"
"6633","","ica1"
"6634","Robo1","robo1"
"6635","","LOC111586475"
"6636","Ubxn11","ubxn11"
"6637","Fez2","fez2a"
"6638","Fam110d",""
"6639","Txlng","txlng"
"6640","Dek","dek"
"6641","Dcst1","dcst1"
"6642","Adam15","adam15"
"6643","","si:ch211-260e23.9"
"6644","","zgc:162297"
"6645","Ccne1","ccne1"
"6646","Bola1","bola1"
"6647","Adgrg3","LOC111567206"
"6648","","cd83"
"6649","Il22ra1",""
"6650","Il10ra",""
"6651","Ifnar2",""
"6652","Ifngr1",""
"6653","Sv2a","sv2a"
"6654","Cplx3","cplx3b"
"6655","Csk","LOC111577671"
"6656","Sema6c","sema6cb"
"6657","Bptf",""
"6658","Kpna2rt","kpna2"
"6659","Kpna2","kpna2"
"6660","Klf7","LOC111563022"
"6661","Inha","LOC129348247"
"6662","Inha","inha"
"6663","","syce2"
"6664","Sstr5","si:zfos-169g10.2"
"6665","Rac2","rac2"
"6666","Cyth4","cyth4b"
"6667","Clgn","clgn"
"6668","Smurf2","smurf2"
"6669","Aurkb","aurkb"
"6670","Dlg3","dlg3"
"6671","Gpcpd1","gpcpd1"
"6672","Napb","napbb"
"6673","","LOC111570406"
"6674","Creld1","LOC111570399"
"6675","Lrit2","LOC111582243"
"6676","Lrit1","lrit1b"
"6677","Bub3",""
"6678","Clrn3","LOC111569421"
"6679","Ptpre","ptprea"
"6680","Per2",""
"6681","Dido1","si:ch73-181d5.4"
"6682","Dnmt3l","LOC111572105"
"6683","Ppp4r3b","LOC111563985"
"6684","Ppp4r3c2","LOC111563985"
"6685","Ppp4r3c1","LOC111563985"
"6686","Plaat3","LOC111575125"
"6687","Plaat5","LOC111575125"
"6688","Lao1","LOC111571215"
"6689","","LOC111585990"
"6690","","LOC111570529"
"6691","Atp1b2","atp1b2a"
"6692","","pfn1"
"6693","Eno3","eno3"
"6694","Cfap36","cfap36"
"6695","","arid5b"
"6696","D7Ertd443e","LOC111566908"
"6697","","LOC111566901"
"6698","Insyn2a","insyn2ab"
"6699","Scoc","scoca"
"6700","","maml3"
"6701","Ptpre","LOC111566886"
"6702","Naa15","naa15b"
"6703","Serpinb8",""
"6704","Wdr86",""
"6705","Efcab8",""
"6706","Fbxw26",""
"6707","Fbxw14",""
"6708","Fbxw15",""
"6709","Fbxw19",""
"6710","Fbxw18",""
"6711","Fbxw22",""
"6712","Fbxw16",""
"6713","Fbxw27",""
"6714","Fbxw20",""
"6715","Fbxw28",""
"6716","Fbxw24",""
"6717","Fbxw13",""
"6718","Fbxw21",""
"6719","Fbxw25",""
"6720","Wdr64",""
"6721","Rps20",""
"6722","Plppr5","plppr5b"
"6723","Zfp438","znf438"
"6724","Lancl2","lancl2"
"6725","","LOC111586982"
"6726","Pglyrp1","pglyrp5"
"6727","Clmn","clmnb"
"6728","","get1"
"6729","Hnrnpu","hnrnpub"
"6730","Brwd1","brwd1"
"6731","Prkrip1","prkrip1"
"6732","Glrx5","glrx5"
"6733","Ints9","ints9"
"6734","Igkc",""
"6735","","tspan37"
"6736","Elavl1","elavl1a"
"6737","Topbp1","topbp1"
"6738","","ccl20b"
"6739","","LOC111570222"
"6740","","LOC111583054"
"6741","Fbxl7","LOC111587683"
"6742","Otos","otos"
"6743","Car13",""
"6744","Car2",""
"6745","Car1",""
"6746","Car5a",""
"6747","Car3",""
"6748","Car9",""
"6749","Car11",""
"6750","Rbis",""
"6751","Cavin4","cavin4b"
"6752","","slc1a8b"
"6753","Gad2","gad2"
"6754","Far1","far1"
"6755","Edc3","LOC111577675"
"6756","Cyp1a1","LOC111577680"
"6757","Cyp1a2","LOC111577680"
"6758","","LOC111577676"
"6759","","LOC111577668"
"6760","Sema7a","LOC111587398"
"6761","Arid3b","LOC111587409"
"6762","Spg21","spg21"
"6763","Gab3",""
"6764","Pygm","pygma"
"6765","","LOC111562400"
"6766","","LOC111584312"
"6767","Ankrd13c",""
"6768","Srsf11","srsf11"
"6769","Rpl36",""
"6770","Slc5a9","slc5a9"
"6771","Lama2","lama2"
"6772","Ovch2",""
"6773","Cyb5r1","LOC111581452"
"6774","","mrpl58"
"6775","","adgra1a"
"6776","Poglut3","poglut3"
"6777","Rnps1",""
"6778","","rep15"
"6779","Ppfibp2",""
"6780","Pitx2","pitx2"
"6781","Adh6a","LOC111588373"
"6782","Cryzl2","LOC111588373"
"6783","Adh7","LOC111588373"
"6784","Adh1","LOC111588373"
"6785","Adh4","LOC111588373"
"6786","Adh5","LOC111588373"
"6787","Adh6b","LOC111588373"
"6788","Gar1","gar1"
"6789","Fstl5",""
"6790","Fam219b","fam219b"
"6791","Cox5a","LOC111587412"
"6792","Irx6","irx6a"
"6793","Loxl1","loxl1"
"6794","Cdh8","cdh8"
"6795","Pla2g7","pla2g7"
"6796","Tsc22d2","LOC111585400"
"6797","Fyttd1","LOC111585401"
"6798","","cpdp"
"6799","Eif4g1","eif4g1a"
"6800","Flrt2","flrt2"
"6801","Kif26b",""
"6802","Cnst","cnstb"
"6803","Sccpdh","LOC111572213"
"6804","Aimp2","aimp2"
"6805","","zgc:161969"
"6806","Necap2","necap2"
"6807","Gtpbp1","gtpbp1"
"6808","Frs3","frs3"
"6809","Tspo2","tspo"
"6810","Tspo","tspo"
"6811","Uqcc2","LOC111563217"
"6812","A130010J15Rik","c5h1orf74"
"6813","Sirt4",""
"6814","","si:ch211-114c12.2"
"6815","Thumpd3","thumpd3"
"6816","Zdhhc23","LOC111587195"
"6817","Atp6v1a","LOC111587180"
"6818","Mob3a","mob3a"
"6819","Nmur1","nmur1a"
"6820","","LOC111582785"
"6821","Crtc1",""
"6822","Kcnmb2","s100p"
"6823","Dazap1","dazap1"
"6824","Wasf3","wasf3a"
"6825","","LOC111587181"
"6826","Tiam1","tiam1a"
"6827","Vopp1","vopp1b"
"6828","Ldhb",""
"6829","Bambi","bambia"
"6830","Ptbp2","ptbp2a"
"6831","Cdh3","LOC111585729"
"6832","Pecam1","pecam1a"
"6833","6030468B19Rik","pecam1a"
"6834","Mrps34","mrps34"
"6835","Slc2a6","slc2a6"
"6836","Noxo1","noxo1a"
"6837","Pycr2","pycr1a"
"6838","Pycr1","pycr1a"
"6839","Mafg","LOC111579419"
"6840","Ush1g","ush1ga"
"6841","E4f1","e4f1"
"6842","Ciao3",""
"6843","Haghl","LOC111578207"
"6844","Ppan","ppan"
"6845","Dexi","dexi"
"6846","Clec16a",""
"6847","Timp2","timp2b"
"6848","Unkl","unkl"
"6849","","LOC111567925"
"6850","Slc25a17",""
"6851","","ppp1r35"
"6852","Ptx4",""
"6853","Proz","proza"
"6854","Gpr139","gpr139"
"6855","Kdelr2","kdelr2a"
"6856","","mfsd13al"
"6857","","cdr2a"
"6858","Sdr42e2","sdr42e2"
"6859","Spsb3",""
"6860","Eps8l1","eps8l1a"
"6861","Nme4","nme4"
"6862","Hagh","LOC111578204"
"6863","Tdrd6","tdrd6"
"6864","Plcb1","plcb1l"
"6865","Gid4","gid4"
"6866","Igfals","igfals"
"6867","Cacng3","cacng3b"
"6868","","lgals3bp.1"
"6869","Cant1","cant1a"
"6870","Trim16",""
"6871","Amn","amn"
"6872","Otop2","LOC111564641"
"6873","Hid1","hid1a"
"6874","Snap25","LOC111587406"
"6875","Insyn1","insyn1"
"6876","Lrrc28","lrrc28"
"6877","Cd276","cd276"
"6878","Igf1r","igf1rb"
"6879","Sec24b","sec24b"
"6880","","nppcl2"
"6881","Wdr55","wdr55"
"6882","Hdgfl2",""
"6883","Trmt44","trmt44"
"6884","Elp5","elp5"
"6885","Phf23","phf23b"
"6886","Ift46","LOC129348159"
"6887","","LOC111586448"
"6888","","LOC111586446"
"6889","Camta2","camta2"
"6890","Lin52","lin52"
"6891","Olfm4",""
"6892","Mboat2","mboat2a"
"6893","Cfap99",""
"6894","Arid1b","LOC111562637"
"6895","","LOC111580122"
"6896","","LOC129347257"
"6897","","gpr78b"
"6898","Rbm46","rbm46"
"6899","Npy2r","npy2rl"
"6900","Fga",""
"6901","Arhgef15","arhgef15b"
"6902","Plscr4","LOC111577209"
"6903","Plscr3","LOC111577209"
"6904","","tnk1"
"6905","Kcnab3","LOC111584166"
"6906","Cep112","cep112"
"6907","Axin2","axin2"
"6908","Tex2","tex2"
"6909","Pcyt2","LOC111579430"
"6910","Kansl2","kansl2"
"6911","Nckap5l",""
"6912","Tmbim6",""
"6913","Adnp","adnpb"
"6914","Dpm1","dpm1"
"6915","Fam169b","arpin"
"6916","Arpin","arpin"
"6917","Chac1","LOC111583648"
"6918","Slc38a6","slc38a6"
"6919","","slc35c2"
"6920","Taf13","taf13"
"6921","Tnnc2",""
"6922","Tnnc2","LOC111570583"
"6923","Nudt16l2","zgc:103759"
"6924","Nudt16","zgc:103759"
"6925","Nudt16l1","zgc:103759"
"6926","Gss",""
"6927","Ptgis","LOC111575521"
"6928","","zgc:101744"
"6929","Diras1","diras1b"
"6930","Dglucy","dglucy"
"6931","Kcnv2","kcnv2a"
"6932","Rab27b","LOC111585486"
"6933","Brcc3","brcc3"
"6934","Brcc3dc","brcc3"
"6935","","man2a1"
"6936","Apob","apoba"
"6937","Ppp2r3a","ppp2r3a"
"6938","Grin3b","grin3ba"
"6939","","LOC111567709"
"6940","Insm2",""
"6941","Eipr1","eipr1"
"6942","Trappc12",""
"6943","Vars1","vars1"
"6944","Trmt5","trmt5"
"6945","Mnat1",""
"6946","Pm20d2",""
"6947","","si:dkey-191g9.7"
"6948","Bmpr1a","LOC111585792"
"6949","Nkx2-2","nkx2.2a"
"6950","Lrr1","LOC111565943"
"6951","Spata7","spata7"
"6952","Ptafr","ptafr"
"6953","Klhdc2","klhdc2"
"6954","Nemf","LOC111573329"
"6955","Itpr3","itpr3"
"6956","Mtpn","mtpn"
"6957","Lhfpl3","lhfpl3"
"6958","","si:ch211-180f4.1"
"6959","Gpr37l1","gpr37l1b"
"6960","Arl8a","LOC111584472"
"6961","Vmp1","LOC111566699"
"6962","Srpk3","srpk3"
"6963","Nmrk2",""
"6964","Map1a",""
"6965","Trp53bp1","tp53bp1"
"6966","Tubgcp4","tubgcp4"
"6967","Cdkn2aip","cdkn2aip"
"6968","Tmc3",""
"6969","Mok","LOC111573328"
"6970","Lta4h","lta4h"
"6971","","wdr20a"
"6972","Hmbox1","LOC111563331"
"6973","Dync1h1","dync1h1"
"6974","","LOC111575520"
"6975","Tfeb","tfeb"
"6976","","slc2a11a"
"6977","","cart3"
"6978","Stard5","stard5"
"6979","Lrrc4c","LOC111588881"
"6980","Cemip","LOC111564509"
"6981","Rft1","rft1"
"6982","Ruvbl1","ruvbl1"
"6983","Eefsec",""
"6984","","card19"
"6985","Ninj1","ninj1"
"6986","Wnk3","wnk2"
"6987","Vapb",""
"6988","Cep250","LOC111574359"
"6989","Tfb1m","tfb1m"
"6990","Cldn20","LOC111569654"
"6991","Cmpk2","cmpk2"
"6992","Rsad2",""
"6993","Dyrk1a","dyrk1ab"
"6994","Lrp1","LOC111587369"
"6995","Rnf144a",""
"6996","Cep170b","cep170ba"
"6997","Rbm25","rbm25b"
"6998","Pld4","LOC111582270"
"6999","Tex16","LOC111566961"
"7000","Angel2","angel2"
"7001","Rgs6",""
"7002","Hck","hck"
"7003","E2f8","e2f8"
"7004","1700109H08Rik","LOC111574446"
"7005","Hpcal4","LOC111574446"
"7006","1700109H08Rik","guca1g"
"7007","Hpcal4","guca1g"
"7008","","cartl"
"7009","Gnrhr",""
"7010","Mex3b","mex3b"
"7011","Glo1","glo1"
"7012","","LOC111563328"
"7013","","LOC111563322"
"7014","Efl1","efl1"
"7015","Cnr1","LOC111577964"
"7016","Akirin2","LOC111577955"
"7017","Orc3","orc3"
"7018","","ctdspl3"
"7019","Mknk2","mknk2b"
"7020","Slc24a3",""
"7021","AU040320","kiaa0319l"
"7022","Smarcd3","smarcd3b"
"7023","Map3k7cl","map3k7cl"
"7024","Bach1","bach1b"
"7025","Mpdu1",""
"7026","","zgc:165604"
"7027","Dixdc1","LOC111580661"
"7028","","dchs1b"
"7029","","LOC111588520"
"7030","","tm4sf21a"
"7031","Slc25a15","slc25a15b"
"7032","","LOC111571983"
"7033","Kdm6b","kdm6bb"
"7034","Sgsm3","sgsm3"
"7035","Zfy2","LOC111573810"
"7036","Zfy1","LOC111573810"
"7037","","zgc:153704"
"7038","","mtnr1bb"
"7039","Top3a","top3a"
"7040","Ksr1","LOC111571754"
"7041","Armc3","armc3"
"7042","Elfn2",""
"7043","Ank","ankha"
"7044","Trap1","trap1"
"7045","Hepacam","hepacama"
"7046","Aadac","aadac"
"7047","Igsf10","igsf10"
"7048","P2ry12","p2ry12"
"7049","P2ry13",""
"7050","P2ry13","LOC111575846"
"7051","Mfsd1","mfsd1"
"7052","Myc","myca"
"7053","Bmyc","myca"
"7054","Tgif1","tgif1"
"7055","Pip4k2a","pip4k2aa"
"7056","Schip1","schip1"
"7057","Slc47a1",""
"7058","Slc47a2",""
"7059","Alcam","alcama"
"7060","C1qtnf12","c1qtnf12"
"7061","Hdac7",""
"7062","","LOC111582074"
"7063","Chchd6","chchd6a"
"7064","Cbln4","cbln4"
"7065","Tmem168","tmem168a"
"7066","","LOC111565681"
"7067","Szrd1","szrd1"
"7068","","LOC111564809"
"7069","","ovch1"
"7070","Orc5","orc5"
"7071","Atp13a2","atp13a2"
"7072","Cblb","cblb"
"7073","Lrrc17","lrrc17"
"7074","Ifrd1","ifrd1"
"7075","Lama5","lama5"
"7076","Rsf1",""
"7077","","pcp4a"
"7078","Akt2","LOC111584424"
"7079","Adrm1","adrm1"
"7080","Adrm1b","adrm1"
"7081","Dnajc5","LOC111570248"
"7082","Renbp","renbp"
"7083","Mcl1","mcl1b"
"7084","Ensa","ensab"
"7085","Hormad1",""
"7086","Crtc2","LOC111568265"
"7087","Elp6","elp6"
"7088","Adi1",""
"7089","Gng7","gng7"
"7090","Msl2","msl2a"
"7091","Babam2",""
"7092","Scap","scap"
"7093","Dnajb7","dnajb6b"
"7094","Dnajb8","dnajb6b"
"7095","Dnajb1","dnajb6b"
"7096","4930503B20Rik","dnajb6b"
"7097","Dnajb3","dnajb6b"
"7098","Ptpn23","ptpn23a"
"7099","Plod2","plod2"
"7100","Nudt17","LOC111568721"
"7101","","LOC111579094"
"7102","Rbks","rbks"
"7103","Tmod4",""
"7104","D2hgdh",""
"7105","Slc13a5",""
"7106","Coq5","coq5"
"7107","Znrf3","znrf3"
"7108","Kcnip3","kcnip3a"
"7109","Paip1","paip1"
"7110","Tbp","tbp"
"7111","Snap29","snap29"
"7112","Pi4ka","pi4kab"
"7113","Wdr81","wdr81"
"7114","Serpinf2","serpinf2b"
"7115","Rtn4rl1","rtn4rl1b"
"7116","Psmc3",""
"7117","Rpa1",""
"7118","Psmb1",""
"7119","Casr",""
"7120","Wnt11","wnt11"
"7121","","paxx"
"7122","P2rx7",""
"7123","Slc25a5","si:dkey-251i10.1"
"7124","","gstt1a"
"7125","Abcb10","abcb10"
"7126","Cxxc5",""
"7127","Abca2","abca2"
"7128","Slc12a9","slc12a9"
"7129","","sat2b"
"7130","","cldn15b"
"7131","Omg",""
"7132","Map7d2","map7d2a"
"7133","","si:dkey-250d21.1"
"7134","Thap12","thap12a"
"7135","Aifm1","aifm1"
"7136","Acvrl1","acvr1l"
"7137","Fut4",""
"7138","Clasrp","clasrp"
"7139","","LOC111581241"
"7140","","zgc:153372"
"7141","Mcfd2","mcfd2"
"7142","Ttc7","ttc7a"
"7143","Septin4",""
"7144","Sema4c","sema4c"
"7145","Urb2","urb2"
"7146","Bola3","bola3"
"7147","Pkd1l2","pkd1l2a"
"7148","Pkdrej","pkd1l2a"
"7149","Pkd1l3","pkd1l2a"
"7150","Pkd2l2","pkd1l2a"
"7151","Tmem200b",""
"7152","Klra1","LOC111571911"
"7153","Klra4","LOC111571911"
"7154","Klra3","LOC111571911"
"7155","Klra10","LOC111571911"
"7156","Klra7","LOC111571911"
"7157","Klra5","LOC111571911"
"7158","Klra17","LOC111571911"
"7159","Klra8","LOC111571911"
"7160","Klra6","LOC111571911"
"7161","Klra2","LOC111571911"
"7162","Klra9","LOC111571911"
"7163","Olr1","LOC111571911"
"7164","Klrc3","LOC111571911"
"7165","Klrc2","LOC111571911"
"7166","Klrc1","LOC111571911"
"7167","Klre1","LOC111571911"
"7168","Clec2h","LOC111571911"
"7169","Clec2i","LOC111571911"
"7170","Clec2d","LOC111571911"
"7171","Clec2e","LOC111571911"
"7172","Clec2g","LOC111571911"
"7173","Klri2","LOC111571911"
"7174","Klri1","LOC111571911"
"7175","Clec2l","LOC111571911"
"7176","Clec1b","LOC111571911"
"7177","Klrb1f","LOC111571911"
"7178","Klrb1b","LOC111571911"
"7179","Klrb1a","LOC111571911"
"7180","Klrb1c","LOC111571911"
"7181","Klrb1","LOC111571911"
"7182","Clec7a","LOC111571911"
"7183","Klrd1","LOC111571911"
"7184","Klrh1","LOC111571911"
"7185","Clec12b","LOC111571911"
"7186","Clec12a","LOC111571911"
"7187","Cd69","LOC111571911"
"7188","Clec5a","LOC111571911"
"7189","Clec1a","LOC111571911"
"7190","Clec2m","LOC111571911"
"7191","Clec9a","LOC111571911"
"7192","Klrg2","LOC111571911"
"7193","Clec2f","LOC111571911"
"7194","Mmp11",""
"7195","Derl3",""
"7196","Fut7","LOC111575691"
"7197","Nacc2","LOC111584299"
"7198","Ralgds","LOC111586344"
"7199","4930596D02Rik","LOC111586344"
"7200","4930474N05Rik","LOC111586344"
"7201","Fbxo33","LOC111576929"
"7202","Sptb","sptb"
"7203","Tatdn1","tatdn1"
"7204","Smarcb1","smarcb1a"
"7205","Ptges2",""
"7206","Gle1",""
"7207","Ogfod1",""
"7208","2210016L21Rik","c6h12orf43"
"7209","","hnf1a"
"7210","Msi1","msi1b"
"7211","Ddx5","ddx5"
"7212","Inhba","inhbab"
"7213","Nrp1","LOC111562870"
"7214","Impa1","LOC111562495"
"7215","AW209491",""
"7216","Qrich2",""
"7217","Dip2c","LOC111564482"
"7218","Tacr1","tacr1b"
"7219","Clip1",""
"7220","Nrg1",""
"7221","Gfi1b","gfi1b"
"7222","Muc15","LOC111563715"
"7223","Vsir","LOC111563715"
"7224","Igsf5","LOC111563715"
"7225","Il4i1","si:ch211-127i16.2"
"7226","Maob","si:ch211-127i16.2"
"7227","4930438A08Rik","si:ch211-127i16.2"
"7228","","LOC111577883"
"7229","Phpt1","phpt1"
"7230","","mamdc4"
"7231","Lmx1b","LOC111582483"
"7232","Dpysl2","dpysl2b"
"7233","Zdhhc7","zdhhc7"
"7234","","LOC111587582"
"7235","Idh2",""
"7236","Aoc1l2","aoc1"
"7237","Aoc1","aoc1"
"7238","Aoc1l3","aoc1"
"7239","Aoc1l1","aoc1"
"7240","Hccs","LOC111569575"
"7241","Odf2","LOC111585565"
"7242","Npdc1","npdc1b"
"7243","Niban2","niban2b"
"7244","","stk17a"
"7245","Vstm2a",""
"7246","Snx16",""
"7247","Spag17","spag17"
"7248","","LOC118469659"
"7249","Svil",""
"7250","Antxrl","antxr1d"
"7251","Gm30083","antxr1d"
"7252","Gm5460","antxr1d"
"7253","Loxl4",""
"7254","","zgc:123010"
"7255","","pyroxd2"
"7256","","LOC111586083"
"7257","Smoc2","smoc2"
"7258","Gas7","gas7b"
"7259","Sft2d1","sft2d1"
"7260","Sft2d1rt","sft2d1"
"7261","T","tbxtb"
"7262","Snap23","LOC111569710"
"7263","Odc1","odc1"
"7264","","sptbn4a"
"7265","Mpzl1","mpzl1l"
"7266","Pcare","pcare1"
"7267","Kcnk16","LOC111586161"
"7268","","gria4b"
"7269","Kcnk5","kcnk5a"
"7270","Tdh","LOC111562792"
"7271","Nrdc","LOC111567705"
"7272","Rp1l1","rp1l1a"
"7273","Gckr",""
"7274","Xkr6","xkr6a"
"7275","Enpp4","enpp4"
"7276","","LOC111575440"
"7277","Dtx3l","LOC111587370"
"7278","Trappc1",""
"7279","Psmb6",""
"7280","Cpz","LOC111577194"
"7281","Slc9b1","LOC118469751"
"7282","Slc9b2","LOC118469751"
"7283","Esyt1","esyt1b"
"7284","Cop1",""
"7285","Tax1bp1","tax1bp1b"
"7286","Yme1l1","yme1l1b"
"7287","Kcnj14","kcnj14"
"7288","Sphk2","sphk2"
"7289","Rpl18","rpl18"
"7290","Lin37","lin37"
"7291","Sucla2",""
"7292","","LOC111577088"
"7293","Ctrl",""
"7294","Mtmr11","mtmr11"
"7295","","onecutl"
"7296","Mafk","mafk"
"7297","Rhbg","rhbg"
"7298","Ntf5","LOC111572757"
"7299","","slc1a9"
"7300","Sh3bp4","LOC111579586"
"7301","","LOC111581845"
"7302","Mmp16","LOC111587077"
"7303","","zgc:195001"
"7304","Mmd","mmd"
"7305","Suz12",""
"7306","Tpi1","tpi1b"
"7307","","LOC111587990"
"7308","Gba1","gba1"
"7309","Rnf19b","rnf19b"
"7310","Ak2","ak2"
"7311","Cited4","LOC111575783"
"7312","","LOC111565387"
"7313","Psmb8","psmb8a"
"7314","","si:dkey-240h12.4"
"7315","Pou2f2","pou2f2a"
"7316","Clec4f","LOC111564506"
"7317","Jakmip3","jakmip3"
"7318","Tbrg4","tbrg4"
"7319","Ankrd1",""
"7320","","LOC111565210"
"7321","Dbf4","dbf4"
"7322","Syde1","LOC111565204"
"7323","Ccdc106","ccdc106a"
"7324","Car14","ca14"
"7325","","ebf3a"
"7326","Rcvrn","rcvrn2"
"7327","","si:ch211-149k23.9"
"7328","Atg12","atg12"
"7329","Isoc2a","isoc2"
"7330","Isoc2b","isoc2"
"7331","Spmip4",""
"7332","Pde11a","pde11al"
"7333","Pde4c","pde11al"
"7334","Snx10","snx10b"
"7335","Skap2","skap2"
"7336","Clstn3",""
"7337","Upb1","upb1"
"7338","Map3k3","map3k3"
"7339","Gucd1","gucd1"
"7340","","inpp5l"
"7341","Rasal1","LOC111578431"
"7342","","LOC111564494"
"7343","Dgcr6","dgcr6"
"7344","Arhgef2","LOC111587924"
"7345","Fundc1","LOC111575443"
"7346","Cenpl","cenpl"
"7347","Slitrk1","LOC111562844"
"7348","Fhl2","LOC111563999"
"7349","Gabrb3","LOC111563566"
"7350","","stpg4"
"7351","","calm1a"
"7352","","calm3a"
"7353","","calm2a"
"7354","","LOC111566088"
"7355","Rel","rel"
"7356","","si:dkey-22n8.3"
"7357","","apnl"
"7358","","LOC129350768"
"7359","","retreg3"
"7360","Tubg1","tubg1"
"7361","Kcnh1","kcnh1a"
"7362","Itsn1",""
"7363","Plekhh3",""
"7364","Cfap418","cfap418"
"7365","Clec3b","clec3ba"
"7366","","cntnap1"
"7367","Dnajc28","dnajc28"
"7368","Kcne1",""
"7369","Scn1b","si:ch211-225p5.8"
"7370","","LOC111568730"
"7371","Wdr73","wdr73"
"7372","Myo3a","myo3a"
"7373","Myom3","myom3"
"7374","","fabp10a"
"7375","Gm30191","LOC111578593"
"7376","Otud7b","otud7b"
"7377","Tnfaip8l2","tnfaip8l2b"
"7378","Lysmd1","lysmd1"
"7379","Corin","LOC111563424"
"7380","Scnm1","scnm1"
"7381","Lars2",""
"7382","Papln","paplnb"
"7383","Ppp2r5c","ppp2r5cb"
"7384","Pde10a","pde10a"
"7385","Arid3a","arid3a"
"7386","Plod1","plod1a"
"7387","Nr2f6","nr2f6b"
"7388","Hs2st1","hs2st1b"
"7389","Rtp2","LOC129350976"
"7390","","LOC111575598"
"7391","Ak4","ak4"
"7392","Dnajc6","dnajc6"
"7393","Angptl4","LOC111582782"
"7394","Cachd1",""
"7395","Inhca","otomp"
"7396","Asxl2","asxl2"
"7397","Fam163a","LOC111567730"
"7398","","LOC111580458"
"7399","9930111J21Rik2","LOC111580458"
"7400","Gm4841","LOC111580458"
"7401","Tgtp1","LOC111580458"
"7402","Iigp1","LOC111580458"
"7403","Iigp1c","LOC111580458"
"7404","Tgtp2","LOC111580458"
"7405","Ifi47","LOC111580458"
"7406","Irgm2","LOC111580458"
"7407","9930111J21Rik1","LOC111580458"
"7408","Gm12185","LOC111580458"
"7409","Irgm1","LOC111580458"
"7410","Igtp","LOC111580458"
"7411","F830016B08Rik","LOC111580458"
"7412","Gm5431","LOC111580458"
"7413","Irgc","LOC111580458"
"7414","9930111J21Rik2",""
"7415","Gm4841",""
"7416","Tgtp1",""
"7417","Iigp1",""
"7418","Iigp1c",""
"7419","Tgtp2",""
"7420","Ifi47",""
"7421","Irgm2",""
"7422","9930111J21Rik1",""
"7423","Gm12185",""
"7424","Irgm1",""
"7425","Igtp",""
"7426","F830016B08Rik",""
"7427","Gm5431",""
"7428","Irgc",""
"7429","Sobp","sobpa"
"7430","Pdss2","pdss2"
"7431","Pccb",""
"7432","Gabra5","LOC111563568"
"7433","Gabrg3","LOC111563567"
"7434","Med4","med4"
"7435","Cep70",""
"7436","Chrm4","chrm4a"
"7437","Abcb6","abcb6a"
"7438","Vsx2","vsx2"
"7439","Zfp292",""
"7440","Cga","cga"
"7441","Syncrip","LOC111577963"
"7442","Slc6a5","slc6a5"
"7443","Artn","LOC111570598"
"7444","Kdm4c","kdm4ab"
"7445","Snx14","LOC111577962"
"7446","Rap2b","LOC111575854"
"7447","P2ry1","p2ry1"
"7448","Egln2","egln2"
"7449","","si:dkey-21c1.4"
"7450","Bicral","bicral"
"7451","Gfm1","gfm1"
"7452","Arg1","arg1"
"7453","","bet1l"
"7454","Deaf1","deaf1"
"7455","Drd4","LOC111575966"
"7456","","LOC111566196"
"7457","","LOC111583242"
"7458","Gramd4",""
"7459","Stag1","stag1a"
"7460","","cntnap5a"
"7461","Ephb1","LOC111577313"
"7462","","th2"
"7463","Clybl","clybl"
"7464","Farp1","LOC111569956"
"7465","Ctss","ctss2.1"
"7466","Plekhf2","plekhf2"
"7467","Ndufaf6","ndufaf6"
"7468","S100a1","s100a1"
"7469","Ctsk","ctsk"
"7470","","lingo4b"
"7471","","si:ch211-113g11.6"
"7472","Gramd1a","gramd1a"
"7473","Synpr","synprb"
"7474","Mfap2","mfap2"
"7475","Rab7",""
"7476","Pnrc2","pnrc2"
"7477","Nagpa","nagpa"
"7478","Ntrk1","ntrk1"
"7479","Paqr6","paqr6"
"7480","Cnr2","cnr2"
"7481","Trp53inp1","tp53inp1"
"7482","Scn1b","scn1ba"
"7483","Smg5","smg5"
"7484","Spin2c",""
"7485","Gm20830",""
"7486","Gm20807",""
"7487","Gm20822",""
"7488","Gm20867",""
"7489","Gm29049",""
"7490","Spin2-ps4",""
"7491","Spin2-ps1",""
"7492","Gm20826",""
"7493","Spin1",""
"7494","Gm20865",""
"7495","Ssty2",""
"7496","Gm20773",""
"7497","Gm21943",""
"7498","Gm20737",""
"7499","Gm20795",""
"7500","Gm21425",""
"7501","Gm20806",""
"7502","Gm20812",""
"7503","Spin2e",""
"7504","Spin4",""
"7505","Gm20777",""
"7506","Gm20873",""
"7507","Gm21874",""
"7508","Gm20924",""
"7509","Spin2j",""
"7510","Gm21721",""
"7511","Gm21812",""
"7512","Gm20815",""
"7513","Spin2-ps10",""
"7514","Gm20917",""
"7515","Gm21440",""
"7516","Gm21292",""
"7517","Spin2h",""
"7518","Gm20809",""
"7519","Spin2g",""
"7520","Gm20918",""
"7521","Gm20914",""
"7522","Gm20831",""
"7523","Spin2-ps2",""
"7524","Gm20772",""
"7525","Gm20909",""
"7526","Gm28171",""
"7527","Spin2-ps7",""
"7528","Gm14332",""
"7529","Gm20825",""
"7530","Gm21244",""
"7531","Gm20828",""
"7532","Gm21118",""
"7533","Spin2-ps9",""
"7534","Gm20834",""
"7535","Gm21719",""
"7536","Gm29424",""
"7537","Gm20852",""
"7538","Gm20877",""
"7539","Gm20823",""
"7540","Gm20821",""
"7541","Gm20747",""
"7542","Gm21778",""
"7543","Gm21854",""
"7544","Gm21394",""
"7545","Gm20738",""
"7546","Gm21310",""
"7547","Gm20854",""
"7548","Spin2d",""
"7549","Spin2-ps8",""
"7550","Spin2f",""
"7551","Gm20816",""
"7552","Ssty1",""
"7553","Gm21454",""
"7554","Gata2","gata2b"
"7555","","si:ch211-157b11.8"
"7556","Slc38a3","slc38a3b"
"7557","Srsf10","srsf10a"
"7558","Ccne2","ccne2"
"7559","Myo9a",""
"7560","Zdhhc18","zdhhc18a"
"7561","Tbl1xr1","tbl1xr1a"
"7562","Akirin1","akirin1"
"7563","Aen","rexo1"
"7564","1700030K09Rik","c2h19orf44"
"7565","Akr1a1","akr1a1b"
"7566","Ncdn","LOC129350606"
"7567","Ncdn","ncdn"
"7568","Clspn",""
"7569","Ago4",""
"7570","Spi1",""
"7571","Marchf7","marchf7"
"7572","Chrna7","chrna7a"
"7573","Ythdf1","ythdf1"
"7574","Nkain4","nkain5"
"7575","","si:dkey-70p6.1"
"7576","Uckl1","uckl1a"
"7577","Gnrh1","gnrh3"
"7578","Hhat","hhat"
"7579","Myoz1",""
"7580","Camk2g","camk2g2"
"7581","Myo9a","myo9aa"
"7582","Golga1","golga1"
"7583","Rpl35",""
"7584","Rpl35rt",""
"7585","","seta"
"7586","Qsox2","qsox2"
"7587","Ezh1","ezh1"
"7588","Tex16","cnksr3"
"7589","","tatdn3"
"7590","Nsl1","nsl1"
"7591","Batf3","batf3"
"7592","Eif2s1","eif2s1b"
"7593","Atp6v1d","atp6v1d"
"7594","","mark4b"
"7595","Cfap77","cfap77"
"7596","Barhl1",""
"7597","Ddx31","ddx31"
"7598","Evpl","evplb"
"7599","Nfix","nfixb"
"7600","Bnip3l","bnip3lb"
"7601","Gtf3c5","gtf3c5"
"7602","Slc38a9","slc38a9"
"7603","Gstt3","LOC111572207"
"7604","Gstt1","LOC111572207"
"7605","Gstt2","LOC111572207"
"7606","Gstt4","LOC111572207"
"7607","Gsto2","LOC111572207"
"7608","Gstt3","LOC111572205"
"7609","Gstt1","LOC111572205"
"7610","Gstt2","LOC111572205"
"7611","Gstt4","LOC111572205"
"7612","Gsto2","LOC111572205"
"7613","Gstt3","LOC111576135"
"7614","Gstt1","LOC111576135"
"7615","Gstt2","LOC111576135"
"7616","Gstt4","LOC111576135"
"7617","Gsto2","LOC111576135"
"7618","Gstt3",""
"7619","Gstt1",""
"7620","Gstt2",""
"7621","Gstt4",""
"7622","Gsto2",""
"7623","Gstt3","LOC111576124"
"7624","Gstt1","LOC111576124"
"7625","Gstt2","LOC111576124"
"7626","Gstt4","LOC111576124"
"7627","Gsto2","LOC111576124"
"7628","Fhod3","fhod3a"
"7629","Lxn","lxn"
"7630","","elna"
"7631","Limk1","limk1a"
"7632","Nt5e","LOC111577968"
"7633","","zgc:56231"
"7634","","rgs9bp"
"7635","Klf6","klf6a"
"7636","Vps50","vps50"
"7637","Ramp3","LOC111587080"
"7638","Pomp",""
"7639","Cnn3","cnn3a"
"7640","Garem1","garem"
"7641","Htr1b",""
"7642","Fabp7",""
"7643","Cngb1",""
"7644","Kbtbd11","LOC111569658"
"7645","Asap2","asap2a"
"7646","Mvb12b","mvb12bb"
"7647","Ube2l3",""
"7648","Gapvd1","gapvd1"
"7649","Cacna2d2","cacna2d2a"
"7650","Gcn1","gcn1"
"7651","Gadd45gip1","gadd45gip1"
"7652","Ppp4c","LOC111578007"
"7653","Cln3","cln3"
"7654","Aldh3b3","aldh3b1"
"7655","Aldh3b2","aldh3b1"
"7656","Clpp","clpp"
"7657","Tgfbr3l","engl"
"7658","Zfp764l1",""
"7659","Zfp764",""
"7660","Zfp160",""
"7661","Ctcfl",""
"7662","Zfp553",""
"7663","Zfp92",""
"7664","Zfp282",""
"7665","Zfp689",""
"7666","Zfp688",""
"7667","Slc16a3","slc16a3a"
"7668","Gng13","gng13b"
"7669","Smcr8","smcr8a"
"7670","Man1b1","man1b1b"
"7671","Dpp7","dpp7"
"7672","Prkcg",""
"7673","Serpind1","serpind1"
"7674","Ctla2b",""
"7675","Ctla2a",""
"7676","Emb",""
"7677","Mrps30","mrps30"
"7678","Nos1","nos1"
"7679","Pigm",""
"7680","Mcur1","mcur1"
"7681","Serpinb8","LOC111565330"
"7682","4930550C14Rik","c22h11orf65"
"7683","Rnpc3","rnpc3"
"7684","Alg14","alg14"
"7685","Kcnh2","kcnh2b"
"7686","","LOC111583073"
"7687","Trpm6","trpm6"
"7688","Atp6v0c","atp6v0ca"
"7689","Xpo6","xpo6"
"7690","Pals1","pals1b"
"7691","Gls2","gls2a"
"7692","","ak8"
"7693","Olfm1","LOC111569039"
"7694","Fnbp1","fnbp1a"
"7695","Nrp1","nrp1a"
"7696","Rorb","rorb"
"7697","Med27","med27"
"7698","Ntng2","ntng2a"
"7699","Tsc1","tsc1a"
"7700","","htr7c"
"7701","Crybb3","crybb3"
"7702","2900026A02Rik","si:ch73-138n13.1"
"7703","Zfr",""
"7704","Dtx1","dtx1"
"7705","Cel","LOC111582678"
"7706","Dok2","dok2"
"7707","Grin1","grin1b"
"7708","Eef1akmt1","eef1akmt1"
"7709","Slc31a1","slc31a1"
"7710","Il17d","il17d"
"7711","Ift88","ift88"
"7712","Lvrn","LOC111567889"
"7713","","si:dkey-12e7.1"
"7714","Chtf8","chtf8"
"7715","Utp4","utp4"
"7716","Slc25a46","slc25a46"
"7717","Elmod3","elmod3"
"7718","Wdr36","wdr36"
"7719","Ydjc","ydjc"
"7720","Tmem132c","si:dkeyp-14d3.1"
"7721","","LOC111586200"
"7722","Gan",""
"7723","Cmip","cmip"
"7724","Rab35","rab35b"
"7725","Tbx1","tbx1"
"7726","Antkmt","antkmt"
"7727","Gnb1l","gnb1l"
"7728","Hirip3","hirip3"
"7729","Txnrd2",""
"7730","Slc7a5","slc7a5"
"7731","Zcchc14","zcchc14"
"7732","Fa2h","fa2h"
"7733","Csnk2a2",""
"7734","Clcn7","clcn7"
"7735","Abhd14b","abhd14b"
"7736","Hykk","LOC118471032"
"7737","Hykk","hykk.2"
"7738","Mst1",""
"7739","Csnk1g2","csnk1g2b"
"7740","Ptchd3",""
"7741","Rab18","LOC111588105"
"7742","Cryl1","cryl1"
"7743","Cdh18","LOC111582448"
"7744","Ythdc1","ythdc1"
"7745","Ufc1","ufc1"
"7746","Ier5l","ier5l"
"7747","","LOC111581316"
"7748","","LOC129350907"
"7749","","LOC111571127"
"7750","","LOC111571130"
"7751","","LOC111571131"
"7752","","LOC111571128"
"7753","Msl2","msl2b"
"7754","Tnfsf10","tnfsf10"
"7755","Vipr2","vipr2"
"7756","","slc25a22a"
"7757","Gtsf1l","LOC111562869"
"7758","Gtsf2","LOC111562869"
"7759","Acot11","LOC111584484"
"7760","Mfsd12","mfsd12b"
"7761","Ushbp1","ushbp1"
"7762","Babam1","babam1"
"7763","","si:ch73-61d6.3"
"7764","Nlrc5","nlrc5"
"7765","Lurap1","lurap1"
"7766","Lepr","lepr"
"7767","","LOC129348565"
"7768","","LOC111584499"
"7769","Nr2e3","nr2e3"
"7770","Pdc","pdca"
"7771","Oaf","oafa"
"7772","Relt","relt"
"7773","Txndc17","txndc17"
"7774","Carmil3","carmil3"
"7775","Pitpnm3","pitpnm3"
"7776","Tjp1","tjp1b"
"7777","Cacng4","LOC111577378"
"7778","Cacng1","cacng1b"
"7779","Nosip","nosip"
"7780","Rcn3","rcn3"
"7781","Lin7b",""
"7782","Snrnp70","snrnp70"
"7783","Scaf1",""
"7784","Adap2","adap2"
"7785","Exoc6","exoc6"
"7786","Taar1","LOC111567872"
"7787","","LOC111587222"
"7788","Taar1",""
"7789","Chka","chka"
"7790","Vsnl1","vsnl1a"
"7791","Sf3b6","sf3b6"
"7792","Brox","brox"
"7793","","LOC111567871"
"7794","Fzd3","fzd3a"
"7795","Snap25","snap25a"
"7796","","LOC111579270"
"7797","Cbr2","dcxr"
"7798","Dcxr","dcxr"
"7799","Sult1a1",""
"7800","Sult2a7",""
"7801","Sult2a1",""
"7802","Sult2a3",""
"7803","Sult2a8",""
"7804","Sult2a2",""
"7805","Sult2a5",""
"7806","Sult2a6",""
"7807","Sult2a4",""
"7808","Sult1e1",""
"7809","Sult1a1","LOC111570215"
"7810","Sult2a7","LOC111570215"
"7811","Sult2a1","LOC111570215"
"7812","Sult2a3","LOC111570215"
"7813","Sult2a8","LOC111570215"
"7814","Sult2a2","LOC111570215"
"7815","Sult2a5","LOC111570215"
"7816","Sult2a6","LOC111570215"
"7817","Sult2a4","LOC111570215"
"7818","Sult1e1","LOC111570215"
"7819","Galk1","galk1"
"7820","","LOC111572492"
"7821","Daglb","daglb"
"7822","","LOC111587215"
"7823","","LOC111587212"
"7824","","syt19"
"7825","","si:dkey-12e7.4"
"7826","Rps17","zgc:114188"
"7827","","cart2"
"7828","Siah1a","siah1"
"7829","Siah1b","siah1"
"7830","Car5b","ca5a"
"7831","","cetp"
"7832","Syngr2","syngr2b"
"7833","","si:dkey-93h22.7"
"7834","Ankef1",""
"7835","","LOC111581967"
"7836","Mga","magl"
"7837","Tmc8","tmc8"
"7838","","LOC111585809"
"7839","Eml6","LOC111568898"
"7840","","mep1a.1"
"7841","Myo15a",""
"7842","Dcaf1",""
"7843","","ano10b"
"7844","Herpud1",""
"7845","","cdhr5b"
"7846","","LOC111567795"
"7847","","c3h15orf40"
"7848","Uba2","uba2"
"7849","Alkbh5","mief2"
"7850","Pard3","pard3ab"
"7851","","smcr8b"
"7852","","hhex"
"7853","Ptcd1","ptcd1"
"7854","Plcd3","LOC111581008"
"7855","Srd5a2","LOC111564580"
"7856","Pgam1","pgam1b"
"7857","Dpy30",""
"7858","Limch1","LOC111583011"
"7859","Rbm20","rbm20"
"7860","Nxnl1","LOC111569889"
"7861","Psen2",""
"7862","Pdcd4","pdcd4b"
"7863","Slc12a7","LOC111562867"
"7864","","zgc:111976"
"7865","Rala","ralaa"
"7866","Cdk13","cdk13"
"7867","Piezo2","LOC111583282"
"7868","Ccdc57",""
"7869","","wu:fj29h11"
"7870","Adap1","LOC111571615"
"7871","Slc4a2","LOC111577603"
"7872","Nup37",""
"7873","Kazald1","kazald3"
"7874","Ciz1",""
"7875","Noxa1","noxa1"
"7876","Fubp3","LOC111568980"
"7877","Hic1","hic1"
"7878","Tsr1","tsr1"
"7879","Nkx2-4","nkx2.4a"
"7880","Kcnk7","si:ch211-261a10.5"
"7881","Parpbp","parpbp"
"7882","","pmch"
"7883","Itgb1bp1","itgb1bp1"
"7884","Rhov",""
"7885","Nampt","nampt1"
"7886","Slc1a5","slc1a5"
"7887","Fkrp","fkrp"
"7888","","pde9ac"
"7889","Prdm12",""
"7890","Whrn",""
"7891","AI182371","c5"
"7892","Hc","c5"
"7893","Acsm1",""
"7894","Acsm2",""
"7895","Acsm5",""
"7896","Acsm3",""
"7897","Acsm4",""
"7898","Tti2","tti2"
"7899","Slc18a1","LOC111579962"
"7900","Ppia","ppiaa"
"7901","Zmiz2","LOC111571238"
"7902","Ogdh","ogdha"
"7903","Olfm4","olfm4.1"
"7904","Lrrc74a","LOC111577233"
"7905","Lrr1",""
"7906","Dnaaf2","LOC129347823"
"7907","Dnaaf2","LOC111565942"
"7908","Wars1","wars1"
"7909","Stxbp6",""
"7910","Fut9","fut9a"
"7911","","atp5if1b"
"7912","Six5","six4a"
"7913","Six4","six4a"
"7914","Six1","LOC111578912"
"7915","","cldn23l"
"7916","Tmem30b","tmem30b"
"7917","Kdm1a","kdm1a"
"7918","Cstf3","cstf3"
"7919","Raver2","raver2"
"7920","Jak1","jak1"
"7921","Agxt","agxta"
"7922","Cpne7","cpne7"
"7923","Sipa1l1","sipa1l1"
"7924","Srp14","srp14"
"7925","","xgb"
"7926","Arhgef10","arhgef10"
"7927","Gpr26","gpr26"
"7928","Vdac2","vdac2"
"7929","","LOC111562779"
"7930","Hecw2","hecw2b"
"7931","Bahd1",""
"7932","Naa30","naa30"
"7933","Armh4","armh4"
"7934","Lefty1","lft1"
"7935","Lefty2","lft1"
"7936","Tlr5",""
"7937","Entpd1","entpd1"
"7938","","LOC111568277"
"7939","Camk2g","LOC111580270"
"7940","Plekho1","plekho1b"
"7941","","LOC111564548"
"7942","Usp42",""
"7943","Galnt14","galnt14"
"7944","Eif3e","eif3ea"
"7945","Emilin1",""
"7946","","stmn4"
"7947","","il17a/f3"
"7948","Mcm3","mcm3"
"7949","Paqr8","paqr8"
"7950","Zfp395","znf395b"
"7951","Pnoc","pnocb"
"7952","","LOC111565476"
"7953","","si:ch211-63o20.7"
"7954","Rab15","rab15"
"7955","Elp3",""
"7956","Gphn","gphnb"
"7957","Chst15","LOC111580094"
"7958","","cd74b"
"7959","Nkx1-2",""
"7960","Mgmt","mgmt"
"7961","Tmem26","tmem26a"
"7962","Perp","perp"
"7963","","LOC111575537"
"7964","Fam53b","LOC111580097"
"7965","Tnfaip3","tnfaip3"
"7966","Sil1","sil1"
"7967","Hopx","hopx"
"7968","Arl9","arl9"
"7969","","LOC111578712"
"7970","","LOC111586868"
"7971","Gm2a","gm2a"
"7972","Anapc11","anapc11"
"7973","","shtn3"
"7974","Thoc3","thoc3"
"7975","Mgam2-ps","gaa2"
"7976","Olig3",""
"7977","Srbd1",""
"7978","Cplx2",""
"7979","","LOC111588371"
"7980","Iqgap1","iqgap1"
"7981","Rapgef2",""
"7982","Eef1akmt2","eef1akmt2"
"7983","Abraxas2",""
"7984","Zranb1",""
"7985","Plekha1","LOC111571501"
"7986","Ebf3",""
"7987","Chrnd",""
"7988","Epha3","epha3"
"7989","Cyp27a1","LOC111568532"
"7990","","fundc1"
"7991","Col18a1","col18a1a"
"7992","Pdia5","pdia5"
"7993","","prpf38b"
"7994","Angptl7","LOC111567658"
"7995","Fndc7","fndc7a"
"7996","","LOC111571009"
"7997","","nsun4"
"7998","Dmbx1","dmbx1a"
"7999","Pif1","pif1"
"8000","Pif1",""
"8001","","gpsm2"
"8002","Ndufb9","ndufb9"
"8003","","LOC111577547"
"8004","Glcci1",""
"8005","Cip2a","cip2a"
"8006","Anp32e","anp32e"
"8007","Enpp2","enpp2l"
"8008","Wdr47","wdr47a"
"8009","Zc3h18","zc3h18"
"8010","Syt9","syt9b"
"8011","Plcg2","plcg2"
"8012","Camsap2","camsap2b"
"8013","Ccdc88a","LOC111563983"
"8014","Gpx4","LOC111571007"
"8015","Tmem200c","tmem200ca"
"8016","","and1"
"8017","","LOC111570924"
"8018","Tmx3",""
"8019","","ifngr1l"
"8020","Adam9","adam9a"
"8021","Il22ra1","il22ra2"
"8022","Il10ra","il22ra2"
"8023","Ifnar2","il22ra2"
"8024","Ifngr1","il22ra2"
"8025","Six2","six2a"
"8026","Htra1","LOC111569397"
"8027","Lrsam1","lrsam1"
"8028","Ppp2r2d","ppp2r2d"
"8029","Lrrtm4","lrrtm4l1"
"8030","Pkn3","pkn3"
"8031","Meak7","meak7"
"8032","Trhr2","trhr2"
"8033","Galnt18","LOC111568446"
"8034","Bnip3",""
"8035","Cox10","LOC111563277"
"8036","Smndc1",""
"8037","Adra2a",""
"8038","Mxi1","LOC111566898"
"8039","Add3","add3b"
"8040","","LOC111583241"
"8041","Gal","gal"
"8042","Cotl1","cotl1"
"8043","Klhl36","klhl36"
"8044","Akr1c18","zgc:56622"
"8045","Akr1c21","zgc:56622"
"8046","Akr1cl","zgc:56622"
"8047","Akr1c14","zgc:56622"
"8048","Akr1c6","zgc:56622"
"8049","Akr1c20","zgc:56622"
"8050","Akr1c12","zgc:56622"
"8051","Akr1c19","zgc:56622"
"8052","Akr1c13","zgc:56622"
"8053","Akr1b10","zgc:56622"
"8054","Akr1b7","zgc:56622"
"8055","Akr1b8","zgc:56622"
"8056","","LOC111566685"
"8057","Sv2b","LOC111578090"
"8058","Ticrr","ticrr"
"8059","","LOC111576331"
"8060","Borcs5","borcs5"
"8061","Pik3c2a","pik3c2a"
"8062","Ttc39c","LOC111565048"
"8063","Anpep","LOC111578088"
"8064","Itih3",""
"8065","Dlg5","dlg5a"
"8066","","LOC111575501"
"8067","Cav3","cav3"
"8068","Cep126","cep126"
"8069","Srgap3","srgap3"
"8070","Tmprss11a","st14a"
"8071","Tmprss11b","st14a"
"8072","Tmprss11d","st14a"
"8073","Tmprss11c","st14a"
"8074","Tmprss11f","st14a"
"8075","Tmprss11e","st14a"
"8076","Tmprss11g","st14a"
"8077","Prss30","st14a"
"8078","Prss22","st14a"
"8079","Rilp","rilp"
"8080","","LOC129349214"
"8081","Scarf1",""
"8082","Vtn","vtna"
"8083","Taok1","taok1a"
"8084","Ltf","tfa"
"8085","Abhd8","abhd8a"
"8086","Mrpl34","mrpl34"
"8087","Ptprs",""
"8088","Hbb-bh1","LOC111574813"
"8089","Hbb-y","LOC111574814"
"8090","Hbb-y","LOC111574807"
"8091","Hbb-y","LOC111574808"
"8092","","LOC111587537"
"8093","Kank2","kank2"
"8094","Crebbp","crebbpb"
"8095","Dock6","LOC111574847"
"8096","Mea1","mea1"
"8097","Lrrc73",""
"8098","Dlk2","dlk2"
"8099","Zdhhc3","zdhhc3b"
"8100","","runx2a"
"8101","","wu:fj16a03"
"8102","Prkn","prkn"
"8103","Ncoa4",""
"8104","Exosc7","exosc7"
"8105","Clec3b","LOC111586180"
"8106","Bloc1s4","bloc1s4"
"8107","","styk1a"
"8108","","LOC129350835"
"8109","","LOC111568086"
"8110","Entpd6","entpd6"
"8111","Fpr-rs7","LOC111587988"
"8112","Fpr3","LOC111587988"
"8113","Fpr-rs6","LOC111587988"
"8114","Fpr1","LOC111587988"
"8115","Fpr-rs3","LOC111587988"
"8116","Fpr2","LOC111587988"
"8117","Gpr33","LOC111587988"
"8118","Fpr-rs4","LOC111587988"
"8119","Ciart","ciarta"
"8120","Vsx1","vsx1"
"8121","Zfp706","znf706"
"8122","Acss1","acss1"
"8123","Grhl2","grhl2b"
"8124","Nrsn1","nrsn1"
"8125","Emc2","emc2"
"8126","Apmap",""
"8127","Supt3","supt3h"
"8128","","LOC129350792"
"8129","","LOC111588982"
"8130","","LOC111588984"
"8131","","LOC111569216"
"8132","Mapk15","mapk15"
"8133","","si:dkeyp-121d4.3"
"8134","Grina","grinaa"
"8135","Adgrb1","LOC111569694"
"8136","","ncaldb"
"8137","Tars3",""
"8138","","zgc:136493"
"8139","Psmg2","psmg2"
"8140","Rprd2","rprd2a"
"8141","Celf3","celf3a"
"8142","","LOC111587117"
"8143","Zc3h10","zc3h10"
"8144","","LOC111580688"
"8145","Snx32","si:dkey-28n18.9"
"8146","","LOC111575523"
"8147","","s100w"
"8148","Krtcap2","krtcap2"
"8149","Adgrf5",""
"8150","Npy",""
"8151","Adgrf5","LOC111567863"
"8152","","LOC111574730"
"8153","","slc25a40"
"8154","Rundc3b","rundc3b"
"8155","Cse1l","cse1l"
"8156","Pgf","LOC111583097"
"8157","Evl","evlb"
"8158","Kif13b","LOC111562636"
"8159","Rprd2","rprd2b"
"8160","Glipr2","glipr2l"
"8161","Fkbp14","fkbp14"
"8162","Plekha8","plekha8"
"8163","Hapln2","hapln2"
"8164","Bcan","bcan"
"8165","Psmc4","psmc4"
"8166","Cdca3",""
"8167","Gtpbp10","gtpbp10"
"8168","Osbpl11",""
"8169","","si:dkey-17m8.1"
"8170","Prpf3",""
"8171","Stat1","stat1a"
"8172","","LOC111574834"
"8173","Tbx19",""
"8174","Tgds",""
"8175","Ddx3x",""
"8176","D1Pas1",""
"8177","Ddx3y",""
"8178","Slc5a3","LOC111581532"
"8179","Nalf1","nalf1a"
"8180","","si:ch211-113j14.1"
"8181","","fxyd5"
"8182","Nphs1",""
"8183","Tmem198","tmem198b"
"8184","Fzd7",""
"8185","Adam22","adam22"
"8186","","spega"
"8187","Ubp1","ubp1"
"8188","Syce1l","si:ch211-199g17.9"
"8189","Syce1","si:ch211-199g17.9"
"8190","Fam83h","fam83hb"
"8191","Rtp2","LOC129350609"
"8192","Jarid2","jarid2b"
"8193","Cdk15",""
"8194","Cox19","LOC111571627"
"8195","Mtr","mtr"
"8196","Skor2","skor2"
"8197","","smad2"
"8198","","si:dkey-199f5.8"
"8199","Rhbdl2","rhbdl2"
"8200","Mycbp","LOC111580597"
"8201","Rragc","rragca"
"8202","Rragd","rragca"
"8203","Phf1",""
"8204","","LOC111569701"
"8205","Hnrnpr","LOC111569699"
"8206","Fntb","fntb"
"8207","Slc6a3",""
"8208","Fam83f","fam83fb"
"8209","Fam83e","fam83fb"
"8210","Rptor","rptor"
"8211","Nf1",""
"8212","Dnajc8","dnajc8"
"8213","","si:ch73-139j3.4"
"8214","Atg5","atg5"
"8215","Max","max"
"8216","Dctn3",""
"8217","","si:dkey-22o22.2"
"8218","","rgl2"
"8219","Dnase2a",""
"8220","Hjv","hjv"
"8221","Pbx4","pbx2"
"8222","Tgif2lx2","pbx2"
"8223","Tgif2lx1","pbx2"
"8224","Heyl","LOC111577912"
"8225","Hes5","LOC111577912"
"8226","Nt5c3","nt5c3a"
"8227","Cldn12","cldn12"
"8228","Jazf1",""
"8229","Creb5",""
"8230","Cpvl","cpvl"
"8231","Socs7","socs7"
"8232","Thbs3","thbs3a"
"8233","Dtx4","LOC111579991"
"8234","Zfand3","zfand3"
"8235","Slc10a1","slc10a1"
"8236","Srsf5","srsf5b"
"8237","Zbtb45","zbtb45"
"8238","Mnd1","mnd1"
"8239","Igf2r","igf2r"
"8240","Hand2","hand2"
"8241","Smap1","LOC111566305"
"8242","Cenpk",""
"8243","Lbx1","lbx1b"
"8244","Lbx2","lbx1b"
"8245","","notum2"
"8246","Dll1","dla"
"8247","Abhd5","abhd5a"
"8248","Snrk",""
"8249","Pomgnt2","pomgnt2"
"8250","Ano10","ano10a"
"8251","Plch2",""
"8252","Ccdc85a","ccdc85al"
"8253","Fam13a",""
"8254","Pnpt1","LOC111563984"
"8255","Fam13a","LOC111583083"
"8256","Omg","omgb"
"8257","","si:dkey-110c1.10"
"8258","Smco4","smco4"
"8259","Nlrx1","nlrx1"
"8260","Kalrn",""
"8261","Gm49322","alkbh6"
"8262","Gm49322","adat3"
"8263","Adat3","alkbh6"
"8264","Adat3","adat3"
"8265","Osgepl1","osgepl1"
"8266","Map4k4","LOC111564115"
"8267","Chn2","chn2"
"8268","Plk1","plk1"
"8269","Palb2","palb2"
"8270","Fbxl18","fbxl18"
"8271","Rdh8","LOC111566272"
"8272","Fscn1","fscn1b"
"8273","Iqce","iqce"
"8274","Dnajc13","LOC111563834"
"8275","Ttyh3","ttyh3b"
"8276","Lztfl1","lztfl1"
"8277","","LOC111566263"
"8278","Kmt2c",""
"8279","","ccl34b.4"
"8280","Lcat","lcat"
"8281","","si:ch211-266k8.4"
"8282","","cnksr2a"
"8283","Slc25a15","slc25a15a"
"8284","","vwa11"
"8285","Zfpm1","zfpm1"
"8286","Lonp2","lonp2"
"8287","Hmgb1","hmgb1b"
"8288","Ces2a","ces3"
"8289","Ces2g","ces3"
"8290","Ces2e","ces3"
"8291","Ces2b","ces3"
"8292","Ces2f","ces3"
"8293","Ces2c","ces3"
"8294","Ces2h","ces3"
"8295","Ces1a","ces3"
"8296","Ces1f","ces3"
"8297","Ces1e","ces3"
"8298","Ces1d","ces3"
"8299","Ces1g","ces3"
"8300","Ces1b","ces3"
"8301","Ces1c","ces3"
"8302","Ces1h","ces3"
"8303","Ces4a","ces3"
"8304","Ces5a","ces3"
"8305","6430548M08Rik","kiaa0513"
"8306","","tead1a"
"8307","","si:ch73-264p11.1"
"8308","","zgc:112408"
"8309","Lipi","lipib"
"8310","Pnlip","lipib"
"8311","Klhl34",""
"8312","Tex26","LOC118469785"
"8313","Plscr4",""
"8314","Plscr5",""
"8315","Plscr3",""
"8316","Smpx",""
"8317","Trpc4",""
"8318","Ccr9","LOC111563837"
"8319","","LOC111569321"
"8320","L3mbtl4",""
"8321","Lyrm9","lyrm9"
"8322","Ift20","ift20"
"8323","Foxo1","foxo1a"
"8324","Arhgap28","arhgap28"
"8325","Phldb1",""
"8326","Prf1","LOC111577338"
"8327","Ppp1r27","ppp1r27b"
"8328","P4hb","p4hb"
"8329","Ppm1j",""
"8330","Ppm1m",""
"8331","Ppm1n",""
"8332","B3gnt6","si:dkey-175m17.6"
"8333","Hspb9",""
"8334","Rbbp5","rbbp5"
"8335","","glra4b"
"8336","Arhgap31",""
"8337","B4galt4","b4galt4"
"8338","Mpp1","mpp1"
"8339","Dhx34","dhx34"
"8340","Timm50","timm50"
"8341","","zgc:153675"
"8342","Hgh1","hgh1"
"8343","Nisch","nisch"
"8344","Zfp423","znf423"
"8345","","si:dkey-93l1.9"
"8346","Haus7","haus7"
"8347","","lima1a"
"8348","Foxs1","foxl1"
"8349","Calb2","calb2a"
"8350","Ccm2l","ccm2l"
"8351","Ctdsp2",""
"8352","Arhgef10l","LOC111566109"
"8353","Sorcs3","sorcs3b"
"8354","","si:ch211-81a5.8"
"8355","Ptpn2","ptpn2b"
"8356","Clasp2",""
"8357","Kiz","kiz"
"8358","Esrrb","esrrb"
"8359","Impg1","impg1b"
"8360","Myo6","myo6b"
"8361","Ckap5","ckap5"
"8362","","LOC111581789"
"8363","Dbx1","LOC111587547"
"8364","","LOC111568447"
"8365","Tmem170","tmem170a"
"8366","","si:ch211-212o1.2"
"8367","Stab1","stab1"
"8368","Tango6","tango6"
"8369","Amigo3","amigo3"
"8370","Ccdc71","ccdc71"
"8371","","LOC111585086"
"8372","","LOC111571415"
"8373","Bcor",""
"8374","Shroom2",""
"8375","Igfbp5","LOC111574289"
"8376","Igfbp2",""
"8377","Cbln1","cbln1"
"8378","","LOC111575958"
"8379","Ppp6r3","ppp6r3"
"8380","Unc80",""
"8381","Pmis2","LOC111583649"
"8382","Cdin1","cdin1"
"8383","Tiam2","tiam2a"
"8384","C2cd3","c2cd3"
"8385","","LOC111562807"
"8386","F10","LOC111574984"
"8387","Sbf2","sbf2"
"8388","Rd3","rd3"
"8389","","LOC129350181"
"8390","","LOC111574964"
"8391","Aldh8a1","aldh8a1"
"8392","Hbs1l","hbs1l"
"8393","Gpd2","gpd2"
"8394","Gtse1","gtse1"
"8395","Dnaaf4","dnaaf4"
"8396","N4bp1","n4bp1"
"8397","Cstpp1","cstpp1"
"8398","Mapk8ip1",""
"8399","Cry2","cry2"
"8400","Ric8a","ric8a"
"8401","Mptx1","LOC111573151"
"8402","Apcs","LOC111573151"
"8403","Mptx2","LOC111573151"
"8404","Crp","LOC111573151"
"8405","Steap4","LOC111573150"
"8406","Pbrm1","pbrm1"
"8407","Rgs6","LOC111588178"
"8408","Mptx1","LOC111573154"
"8409","Apcs","LOC111573154"
"8410","Mptx2","LOC111573154"
"8411","Crp","LOC111573154"
"8412","Mptx1","LOC111573138"
"8413","Apcs","LOC111573138"
"8414","Mptx2","LOC111573138"
"8415","Crp","LOC111573138"
"8416","Tmem107","LOC111562925"
"8417","Trim46","trim46a"
"8418","Abcb4","abcb4"
"8419","","kif16bb"
"8420","Ikzf1","ikzf1"
"8421","Agpat4","agpat4"
"8422","","fbxo11a"
"8423","Tyr","LOC111565888"
"8424","Gng8","gng8"
"8425","Pld2",""
"8426","Cep44",""
"8427","Bnc2","bnc2"
"8428","Cntln","cntln"
"8429","Sh3gl2","sh3gl2a"
"8430","Sp1","sp1"
"8431","","LOC111583787"
"8432","Aurka","aurka"
"8433","Slc32a1","slc32a1"
"8434","Pik3c2b",""
"8435","Gask1a","gask1a"
"8436","Tgfbr2","tgfbr2b"
"8437","Tmc6","tmc6b"
"8438","Clip3","clip3"
"8439","Scaf8",""
"8440","Sipa1l1","LOC111588168"
"8441","Klf11","LOC111565936"
"8442","Cln8","cln8"
"8443","Angel1","angel1"
"8444","Kcnk10","kcnk10b"
"8445","Plekhg3","LOC111578120"
"8446","Zmpste24","zmpste24"
"8447","Rlf","rlf"
"8448","Zfp593","znf593"
"8449","Six6","six6a"
"8450","Ppm1a","ppm1aa"
"8451","Manea","manea"
"8452","Mrpl35","mrpl35"
"8453","Reep1","reep1"
"8454","Chmp3",""
"8455","Slc22a16","slc22a16"
"8456","Hspa4l","hspa4l"
"8457","Mettl24","mettl24"
"8458","Cdc40","cdc40"
"8459","Slc5a10","slc5a10"
"8460","Has3","has3"
"8461","Ctcf",""
"8462","Cmtr1",""
"8463","Ankfn1","ankfn1a"
"8464","Plekha1","plekha1b"
"8465","A1cf","a1cf"
"8466","Sema3c","sema3c"
"8467","Anpep","LOC111578069"
"8468","Msh6","msh6"
"8469","","dharma"
"8470","Ppp1r13l","ppp1r13l"
"8471","Ostn","ostn"
"8472","Sag","LOC111583321"
"8473","Kcng4","LOC111573748"
"8474","Gadl1","LOC111573747"
"8475","Plk4","plk4"
"8476","Itpk1","itpk1b"
"8477","Wdr25",""
"8478","Dlk1","LOC111586088"
"8479","Ubl7","LOC111571657"
"8480","Tex16","LOC111569643"
"8481","Pabpn1l",""
"8482","Shf","LOC111571649"
"8483","Disc1","disc1"
"8484","Alox5",""
"8485","Ap3s2",""
"8486","Anpep","LOC111587407"
"8487","Marchf8","marchf8"
"8488","Lzts2","lzts2a"
"8489","","znf488"
"8490","Lbx1","lbx1a"
"8491","Lbx2","lbx1a"
"8492","Aurka",""
"8493","Wdfy4","wdfy4"
"8494","Sycp2l","LOC111567006"
"8495","Gcm2",""
"8496","","LOC111567004"
"8497","Ptprm",""
"8498","Cd36","cd36"
"8499","Ptgdr2","LOC111583396"
"8500","","zgc:162780"
"8501","","zgc:162396"
"8502","Lct",""
"8503","Sorcs3","sorcs3a"
"8504","Lct","LOC111581081"
"8505","Igf1","igf1"
"8506","Sp3","LOC111571666"
"8507","Rabgap1l","LOC111567728"
"8508","Ebi3",""
"8509","Cimap1d",""
"8510","","crlf1a"
"8511","Slc35g2","slc35g2a"
"8512","Sh3glb1","LOC111563437"
"8513","Rin3","rin3"
"8514","Alk","alk"
"8515","","LOC111573443"
"8516","Daam2","daam2"
"8517","","LOC111587830"
"8518","","lamc3"
"8519","Hs6st1","hs6st1a"
"8520","Bend3","bend3"
"8521","P2ry2","p2ry2.1"
"8522","Mtres1","mtres1"
"8523","Plpp2",""
"8524","Sarm1","sarm1"
"8525","Tle6",""
"8526","Gnaq","gna11b"
"8527","Paf1","paf1"
"8528","Tnfsf10","LOC111563445"
"8529","Atr","atr"
"8530","Notum","notum1b"
"8531","Bbip1",""
"8532","Sgcz","LOC111574999"
"8533","Tusc3","tusc3"
"8534","Xpnpep1","xpnpep1"
"8535","","LOC111571667"
"8536","Clip4","zgc:103755"
"8537","Spdya","spdya"
"8538","Wdr43","wdr43"
"8539","C1ql2","LOC111588595"
"8540","Dbi",""
"8541","Nxnl1","LOC111569888"
"8542","Pi4k2a","pi4k2a"
"8543","Aspscr1","aspscr1"
"8544","Mmadhc","mmadhcb"
"8545","","LOC111575552"
"8546","Gjb6","gjb8"
"8547","Gjb2","gjb8"
"8548","Slc8a1","LOC111583307"
"8549","Gja3","LOC111581581"
"8550","","ifngr2"
"8551","Rapgefl1","rapgefl1"
"8552","Sema5b","sema5ba"
"8553","","LOC111579309"
"8554","","LOC111566183"
"8555","Map2k4","map2k4a"
"8556","Nup54","nup54"
"8557","Grhl3","grhl3"
"8558","Colec11","colec11"
"8559","Samd4b","LOC111569713"
"8560","Cpsf3","LOC111565927"
"8561","","socs9"
"8562","Capns2",""
"8563","Zfp296","znf296"
"8564","Mnt","mnta"
"8565","Arhgef12","arhgef12a"
"8566","Mterf2","LOC111568769"
"8567","Cry1","LOC111568768"
"8568","Gpx2",""
"8569","Slc49a4","slc49a4"
"8570","Ovol2","zgc:171929"
"8571","Micu2","micu2"
"8572","Irf2bp1","LOC111576030"
"8573","","LOC118470608"
"8574","Ptrh2","ptrh2"
"8575","Hspbap1","hspbap1"
"8576","Slc15a2","slc15a2"
"8577","Cltc","cltca"
"8578","Sox4","sox4b"
"8579","","myo1eb"
"8580","Ckb",""
"8581","Atraid",""
"8582","Eif2b4","eif2b4"
"8583","Magi1","magi1b"
"8584","Aftph","aftpha"
"8585","Add3","add3a"
"8586","1110059G10Rik","kiaa1143"
"8587","Stt3b","LOC111573751"
"8588","Shq1","shq1"
"8589","Slc2a7","slc2a9l1"
"8590","Chmp4b","LOC111588408"
"8591","P3h1","p3h1"
"8592","","LOC111581946"
"8593","","LOC111581942"
"8594","Mrpl39","mrpl39"
"8595","","LOC111572646"
"8596","Crot","crot"
"8597","Rell1","rell1"
"8598","","ltb4r"
"8599","Ltb4r2","ltb4r2a"
"8600","","LOC111571729"
"8601","Gpr153","LOC111568973"
"8602","Zfp385a","znf385a"
"8603","","LOC111580213"
"8604","Vangl2","vangl2"
"8605","Atxn7l2",""
"8606","Amigo1","amigo1"
"8607","Gpr61","gpr61"
"8608","Ssr4","ssr4"
"8609","Kcnc4","kcnc4"
"8610","","mybl2a"
"8611","Atf7","atf7a"
"8612","Zfp462","znf462"
"8613","Tmem250","LOC111577481"
"8614","Nacc2","LOC111577471"
"8615","Zp3","LOC111566197"
"8616","Asb8","asb8"
"8617","Ppef2","LOC111575638"
"8618","Pnp","pnp6"
"8619","Pnp2","pnp6"
"8620","Anpep","LOC111578062"
"8621","Tgm2",""
"8622","Tmem42","tmem42a"
"8623","Zdhhc3","zdhhc3a"
"8624","","LOC129347237"
"8625","","LOC129348198"
"8626","","LOC111587239"
"8627","Allc","allc"
"8628","","LOC111576678"
"8629","Zbtb4","zbtb4"
"8630","","LOC111576679"
"8631","Mc2r","mc2r"
"8632","","LOC111576694"
"8633","Mc5r","LOC111588859"
"8634","Cd99l2","cd99l2"
"8635","","LOC111576697"
"8636","Mtmr1","mtmr1a"
"8637","","znf219"
"8638","Gnb3",""
"8639","","LOC111577091"
"8640","Taf6l","taf6l"
"8641","Steap4","LOC111573140"
"8642","Lpcat3","lpcat3"
"8643","Casp2",""
"8644","Abca12","abca12"
"8645","Kidins220","kidins220b"
"8646","Bmal2","bmal2"
"8647","","myo10l3"
"8648","Selenbp2","selenbp1"
"8649","Selenbp1","selenbp1"
"8650","Fam210a","fam210ab"
"8651","Cep192","cep192"
"8652","Rab15","LOC111588191"
"8653","2610028H24Rik","zgc:112416"
"8654","Seh1l","seh1l"
"8655","Max","LOC111588183"
"8656","","ldlrad4b"
"8657","Ptpn2","ptpn2a"
"8658","Cep76","cep76"
"8659","St14",""
"8660","Id4","id4"
"8661","Grhl2","LOC111569390"
"8662","Ncald","ncalda"
"8663","Zfp706","LOC111569391"
"8664","","LOC111569380"
"8665","Laptm4b","LOC111569414"
"8666","Mamstr","LOC111569389"
"8667","Ubr5","ubr5"
"8668","Mboat2","mboat2b"
"8669","Dlgap2",""
"8670","Vash1","vash1"
"8671","Spint1","spint1a"
"8672","Wfdc8","spint1a"
"8673","Lrp11","spint1a"
"8674","Spint4","spint1a"
"8675","Wfdc6b","spint1a"
"8676","Eppin","spint1a"
"8677","Wfdc6a","spint1a"
"8678","Gjd2","gjd2b"
"8679","Ralgapa2","ralgapa2"
"8680","Strn4","strn4"
"8681","Matn2",""
"8682","Atn1",""
"8683","Acbd7","crot"
"8684","Rpp38","rpp38"
"8685","Nmt2","nmt2"
"8686","Hsf2bp","hsf2bp"
"8687","Ankrd10","ankrd10a"
"8688","Spry2","spry2"
"8689","","si:dkey-1h24.6"
"8690","Fastkd2","fastkd2"
"8691","Plcxd1","LOC111564007"
"8692","Rpia","rpia"
"8693","Cask",""
"8694","Afg1l",""
"8695","Rasgrp1",""
"8696","Lrrc18","lrrc18a"
"8697","Actc1","LOC111573261"
"8698","Mad2l1bp",""
"8699","","ephx5"
"8700","Fam135b","fam135b"
"8701","Impdh2","impdh2"
"8702","Osr2","osr2"
"8703","Rnf19a","LOC111569392"
"8704","Mesp2",""
"8705","Mesp1",""
"8706","Sv2b","sv2ba"
"8707","Cst3","cst3"
"8708","Cst5","cst3"
"8709","Glyatl3",""
"8710","Glyat",""
"8711","Keg1",""
"8712","Gm4952",""
"8713","Mgme1","mgme1"
"8714","Snx5","snx5"
"8715","Spag1",""
"8716","Fbxo43","fbxo43"
"8717","Rgs22",""
"8718","Vps13b","LOC111569393"
"8719","","LOC111573771"
"8720","Gpr34","LOC111575431"
"8721","Gcg",""
"8722","Chodl","chodl"
"8723","Galntl5",""
"8724","Nrp2","nrp2a"
"8725","Pabpc1l2a",""
"8726","Pabpc1l2b",""
"8727","","LOC111569235"
"8728","Apoo","LOC111586769"
"8729","Rnf31","LOC111568988"
"8730","","gli3"
"8731","Galnt4","poc1bl"
"8732","Fuca1",""
"8733","Khdrbs3","khdrbs3"
"8734","St3gal1",""
"8735","St3gal1","LOC111564276"
"8736","Adcy2","adcy2b"
"8737","Fignl1","LOC129350814"
"8738","Fignl1","fignl1"
"8739","Ttl","ttl"
"8740","Ttl","LOC111573098"
"8741","Scml4","scml4"
"8742","Vsnl1","vsnl1b"
"8743","","akap12a"
"8744","Siae",""
"8745","","zmp:0000000755"
"8746","Galc","galcb"
"8747","","LOC111582811"
"8748","","LOC111583068"
"8749","Tbrg1",""
"8750","Mmp12",""
"8751","Mmp13",""
"8752","Mmp10",""
"8753","Mmp3",""
"8754","Mmp27",""
"8755","Kcnj10","kcnj10a"
"8756","Mrpl48","mrpl48"
"8757","","sb:cb1081"
"8758","Arhgef17",""
"8759","Per1","per1b"
"8760","Mmp7",""
"8761","","nlrc3l"
"8762","Ak7","ak7b"
"8763","Neu4","neu4"
"8764","Lrfn1","lrfn1"
"8765","","nkapd1"
"8766","Dixdc1","dixdc1a"
"8767","","gucy2f"
"8768","","LOC111574638"
"8769","Frmd6","frmd6"
"8770","Bdkrb2",""
"8771","Pih1d2","pih1d2"
"8772","Tmprss5",""
"8773","Rad54l2","LOC111580844"
"8774","Bdkrb1",""
"8775","","LOC111589109"
"8776","Qpct","qpct"
"8777","Pdgfd","pdgfd"
"8778","Synj2bp","synj2bp"
"8779","","LOC111579402"
"8780","","si:ch211-168d23.3"
"8781","Camkk1","camkk1b"
"8782","Exd2","exd2"
"8783","","si:ch211-15d5.11"
"8784","Slc4a11","slc4a11"
"8785","Mtfr1l","mtfr1l"
"8786","Luzp1","luzp1"
"8787","Rps6ka1","rps6ka1"
"8788","Pcdh7","pcdh7b"
"8789","","parp142.2"
"8790","","LOC111580198"
"8791","","LOC111562574"
"8792","F13a1",""
"8793","Slc46a1","slc46a1"
"8794","Slc13a2","LOC111585154"
"8795","","LOC111579354"
"8796","Sspo",""
"8797","Sptlc2",""
"8798","Psmd10",""
"8799","N4bp3","n4bp3"
"8800","Hes7","her11"
"8801","Adrb2","adrb2a"
"8802","Tspan17","tspan17"
"8803","Cep43","cep43"
"8804","Ccr6","ccr6a"
"8805","","cables2b"
"8806","Kbtbd11",""
"8807","Kif26a",""
"8808","Pax7","LOC111588280"
"8809","Arhgap24","arhgap24"
"8810","Moxd2","moxd1l"
"8811","Cldn20","LOC111576621"
"8812","Ylpm1","ylpm1"
"8813","Prox2",""
"8814","Dlst","LOC111583364"
"8815","Tnip1","tnip1"
"8816","","ints6l"
"8817","Wnt8a","LOC111588070"
"8818","Wnt8a","LOC111588045"
"8819","Ebf1","ebf1a"
"8820","Lrrc74a",""
"8821","Jdp2",""
"8822","Batf2","LOC111583367"
"8823","D430019H16Rik",""
"8824","Eya4",""
"8825","Arvcf",""
"8826","Cpne4","cpne4b"
"8827","Ppp1r15b",""
"8828","Ascl5",""
"8829","Tnni1",""
"8830","Gpd1","gpd1b"
"8831","Timm17a","timm17a"
"8832","Iars1",""
"8833","Enoph1","enoph1"
"8834","Hnrnpd","hnrnpd"
"8835","","si:ch73-234b20.5"
"8836","Ntrk2",""
"8837","Fam83g","fam83gb"
"8838","","dchs2"
"8839","Tmem131l","tmem131l"
"8840","Gpr179","gpr179"
"8841","Ddx27","ddx27"
"8842","Mrpl45","mrpl45"
"8843","Coq7","coq7"
"8844","Rhou","LOC111581366"
"8845","","LOC111581372"
"8846","Grap","LOC111579496"
"8847","Brat1",""
"8848","Eif3b",""
"8849","Nsdhl","nsdhl"
"8850","Cetn1","cetn2"
"8851","Rbbp8nl","rbbp8l"
"8852","Syp","LOC111568791"
"8853","Nppa",""
"8854","Nppb","nppb"
"8855","","nppal"
"8856","Stk38","stk38a"
"8857","","LOC111579981"
"8858","Tmem115","tmem115"
"8859","","LOC118469318"
"8860","","si:ch211-251b21.1"
"8861","Mfn2",""
"8862","Sec23b","sec23b"
"8863","Crem","LOC111575884"
"8864","Ttc19",""
"8865","Wdr33","LOC129349897"
"8866","Rab3gap2","rab3gap2"
"8867","Sft2d3","LOC111577605"
"8868","","LOC129349920"
"8869","","si:ch1073-184j22.2"
"8870","Rpp40","LOC111577600"
"8871","Riok1","LOC129349931"
"8872","Riok1","LOC111577599"
"8873","Spcs2","spcs2"
"8874","Slc17a8",""
"8875","Rnf168",""
"8876","Zfp764l1","nyap2a"
"8877","Zfp764","nyap2a"
"8878","Zfp160","nyap2a"
"8879","Ctcfl","nyap2a"
"8880","Zfp553","nyap2a"
"8881","Zfp74","nyap2a"
"8882","Zfp92","nyap2a"
"8883","Zfp282","nyap2a"
"8884","Zfp689","nyap2a"
"8885","Zfp688","nyap2a"
"8886","Psmd8",""
"8887","Shoc2","shoc2"
"8888","Ckm","ckmb"
"8889","Cerk","LOC111566194"
"8890","Smc3",""
"8891","Sae1","sae1"
"8892","Rassf10","rassf10a"
"8893","","LOC129348187"
"8894","Diablo","LOC111568033"
"8895","A2ml1","LOC111571470"
"8896","Pzp","LOC111571470"
"8897","Gm7298","LOC111571470"
"8898","Mug2","LOC111571470"
"8899","Mug1","LOC111571470"
"8900","Dmwd","zmp:0000000529"
"8901","Fgf20","fgf20b"
"8902","Micu3",""
"8903","","LOC111578092"
"8904","","LOC111578091"
"8905","","LOC111578093"
"8906","","LOC111576309"
"8907","Mir140",""
"8908","Clint1","clint1a"
"8909","Slc8a2",""
"8910","","LOC111565576"
"8911","Xiap","xiap"
"8912","Naip5","xiap"
"8913","Naip2","xiap"
"8914","Naip1","xiap"
"8915","Naip6","xiap"
"8916","Hprt1","hprt1"
"8917","","fbp1b"
"8918","Col5a1","col5a1"
"8919","Lrrc8a","lrrc8aa"
"8920","Chmp1a","chmp1a"
"8921","","mat2al"
"8922","","LOC111586845"
"8923","Casd1","casd1"
"8924","Colgalt1","LOC111569912"
"8925","Foxn4","foxn1"
"8926","Unc119","unc119a"
"8927","","crybb1l3"
"8928","Cryba1","cryba1a"
"8929","Zbtb16","zbtb16b"
"8930","Fosb","fosb"
"8931","Pde3a","LOC111582219"
"8932","","hhla2b.1"
"8933","Gabrr3","LOC111580144"
"8934","Dus4l","LOC111580675"
"8935","Larp4b","LOC111580142"
"8936","","pks1"
"8937","Lyrm4",""
"8938","Fars2","fars2"
"8939","Sgce","sgce"
"8940","Impa1","LOC111577607"
"8941","Impa1","LOC129349917"
"8942","Cdh7",""
"8943","Slco1c1","LOC111580672"
"8944","Sapcd1","sapcd2"
"8945","Rnf34","rnf34b"
"8946","Kdm2b","kdm2bb"
"8947","Fndc3a","fndc3a"
"8948","Scml2","scml2"
"8949","Senp8","senp8"
"8950","","rxfp3.3a2"
"8951","Gramd2a",""
"8952","Ist1","ist1"
"8953","Slc44a2","LOC111570603"
"8954","Baz2b","baz2ba"
"8955","Ing3",""
"8956","Pga5","nots"
"8957","Wnt7b","wnt7ba"
"8958","Atxn10","atxn10"
"8959","","LOC118471118"
"8960","","LOC111583814"
"8961","Cped1","cped1"
"8962","Wnt16","wnt16"
"8963","1700109H08Rik","guca1aa"
"8964","Golgb1","golgb1"
"8965","Abtb3","LOC111585036"
"8966","Kdm5a",""
"8967","Mast4","mast4"
"8968","Nebl","LOC111570644"
"8969","Pdia2","pdia2"
"8970","Ssr1","ssr1"
"8971","Pdilt","zgc:136472"
"8972","Pdia2","zgc:136472"
"8973","Dctd","dctd"
"8974","","zgc:154142"
"8975","","LOC111586914"
"8976","Elmod2","elmod2"
"8977","","tmtopsb"
"8978","Ucp1","ucp1"
"8979","Xrcc2","xrcc2"
"8980","Tbc1d9","tbc1d9"
"8981","Actr3b","actr3b"
"8982","Trim45","trim45"
"8983","Trim47","trim45"
"8984","Itm2b","itm2ba"
"8985","Rubcnl","rubcnl"
"8986","Bcl2","LOC111588684"
"8987","Mpp4","LOC111579880"
"8988","Kcns2","LOC111569410"
"8989","","iqcg"
"8990","Rnf144b","rnf144b"
"8991","Nipal2","LOC111569404"
"8992","Pop1","pop1"
"8993","Rida","LOC111569402"
"8994","Azin1","LOC111569405"
"8995","Lama1","lama1"
"8996","Atp6v1c1",""
"8997","Ercc6l","LOC111587377"
"8998","","LOC111587382"
"8999","Nudt18","nudt18"
"9000","Lrrc2","lrrc2"
"9001","Mfsd14b","mfsd14bb"
"9002","Rusf1","rusf1"
"9003","Galr2",""
"9004","","si:ch73-141c7.1"
"9005","","mylk5"
"9006","Fzd2",""
"9007","","moto"
"9008","Spire1","spire1b"
"9009","Tmem100","tmem100a"
"9010","Akt1s1","akt1s1"
"9011","Elac2","elac2"
"9012","Tpbg","tpbgb"
"9013","Pabir2",""
"9014","Pabir1",""
"9015","Pabir3",""
"9016","Mospd1","mospd1"
"9017","Gramd1b","gramd1bb"
"9018","AU018091","LOC111577688"
"9019","Slc7a13","LOC111577688"
"9020","Stag2","stag2b"
"9021","Slc39a13","slc39a13"
"9022","","tmem276b"
"9023","","zrsr2"
"9024","Ap1s2","LOC111567330"
"9025","Wdr17","wdr17"
"9026","Cdh10","cdh10a"
"9027","Aimp1",""
"9028","Rnf150","rnf150a"
"9029","Zfp330","znf330"
"9030","","LOC111568839"
"9031","Phka2","phka2"
"9032","Inpp4b","inpp4b"
"9033","Anp32a","anp32a"
"9034","Coro2b","coro2ba"
"9035","Zfp609",""
"9036","Dnajc1","LOC129349906"
"9037","Itga11","itga11a"
"9038","Slc4a2",""
"9039","Mmel1",""
"9040","Gas2",""
"9041","Slc17a6","slc17a6b"
"9042","Fer1l6",""
"9043","Prkag3","prkag3b"
"9044","Tent5b",""
"9045","Ppp1r9a",""
"9046","Mrps15","mrps15"
"9047","Tent4a","LOC111573426"
"9048","Csf3r","csf3r"
"9049","Anp32e","LOC111587903"
"9050","Mrpl17","mrpl17"
"9051","Tmem145","tmem145"
"9052","Nsmaf","nsmaf"
"9053","Ptprt","ptprt"
"9054","Ube2q2l","LOC111571642"
"9055","Ube2q2","LOC111571642"
"9056","","LOC111573675"
"9057","","LOC111584373"
"9058","Smim11",""
"9059","Stk11ip","stk11ip"
"9060","Lypd1","LOC111581829"
"9061","Nckap5",""
"9062","","bco1l"
"9063","Wdr77","wdr77"
"9064","Guca1a","guca1ab.2"
"9065","Fam72a","fam72a"
"9066","Srgap2","srgap2"
"9067","","eif5b"
"9068","Kcnk12","kcnk12"
"9069","Mrpl2","mrpl2"
"9070","Dact2","dact2"
"9071","Macrod2","macrod2"
"9072","Flrt3","flrt3"
"9073","","LOC111576114"
"9074","Thbs2","thbs2a"
"9075","","LOC111584589"
"9076","Pomc","pomca"
"9077","Gtf2h4",""
"9078","Kcng2","kcng2"
"9079","Mrps18b",""
"9080","Abcf1","abcf1"
"9081","Samd10","samd10a"
"9082","Emilin3",""
"9083","","opn7d"
"9084","","rad21l1"
"9085","Uts2","LOC111577403"
"9086","Camta1","camta1a"
"9087","Spryd4","spryd4"
"9088","Asic1","LOC111567042"
"9089","H2az1","LOC111565548"
"9090","","scrt2"
"9091","Slc52a3","slc52a3-1"
"9092","H2ax",""
"9093","","LOC111572078"
"9094","","LOC111581977"
"9095","","peds1"
"9096","Uchl1","uchl1"
"9097","Klhl12","LOC111572071"
"9098","","zgc:194312"
"9099","Pnp","pnp5a"
"9100","Pnp2","pnp5a"
"9101","Cebpb","cebpb"
"9102","Akap13",""
"9103","Ptpn1","ptpn1"
"9104","Capn1","capn1"
"9105","Mtch2","mtch2"
"9106","","tuba5"
"9107","Chrna3","chrna3"
"9108","Apex2","apex2"
"9109","Zfp414",""
"9110","Chrnb4","chrnb4"
"9111","Chrna5","chrna5"
"9112","Bltp3a","bltp3a"
"9113","Zfp536","znf536"
"9114","Ugt2a3","LOC111572426"
"9115","Ugt1a6a","LOC111572426"
"9116","Ugt1a7c","LOC111572426"
"9117","Ugt1a6b","LOC111572426"
"9118","Ugt1a10","LOC111572426"
"9119","Ugt1a8","LOC111572426"
"9120","Ugt1a9","LOC111572426"
"9121","Ugt1a2","LOC111572426"
"9122","Ugt1a5","LOC111572426"
"9123","Ugt2a1","LOC111572426"
"9124","Ugt2a2","LOC111572426"
"9125","Ugt2a3","LOC111572430"
"9126","Ugt1a6a","LOC111572430"
"9127","Ugt1a7c","LOC111572430"
"9128","Ugt1a6b","LOC111572430"
"9129","Ugt1a10","LOC111572430"
"9130","Ugt1a8","LOC111572430"
"9131","Ugt1a9","LOC111572430"
"9132","Ugt1a2","LOC111572430"
"9133","Ugt1a5","LOC111572430"
"9134","Ugt2a1","LOC111572430"
"9135","Ugt2a2","LOC111572430"
"9136","Ugt2a3","LOC111571637"
"9137","Ugt1a6a","LOC111571637"
"9138","Ugt1a7c","LOC111571637"
"9139","Ugt1a6b","LOC111571637"
"9140","Ugt1a10","LOC111571637"
"9141","Ugt1a8","LOC111571637"
"9142","Ugt1a9","LOC111571637"
"9143","Ugt1a2","LOC111571637"
"9144","Ugt1a5","LOC111571637"
"9145","Ugt2a1","LOC111571637"
"9146","Ugt2a2","LOC111571637"
"9147","Nptn","nptnb"
"9148","Taf11",""
"9149","Rec114","rec114"
"9150","Hcn4","hcn4"
"9151","Armh3","LOC111581960"
"9152","Tfcp2",""
"9153","Aktip","aktip"
"9154","Chd9","chd9"
"9155","Klhl15","klhl15"
"9156","Pycr2","pycr1b"
"9157","Pycr1","pycr1b"
"9158","Eif2s3y","eif2s3"
"9159","Eif2s3x","eif2s3"
"9160","Lrrc31","lrrc31"
"9161","","rhoub"
"9162","2310022A10Rik",""
"9163","Ttc9b","ttc9b"
"9164","P2ry6","LOC111580978"
"9165","Ift80",""
"9166","Lrrc34","lrrc34"
"9167","Nrbp2",""
"9168","Prpf4b","prpf4bb"
"9169","Lrguk","lrguk"
"9170","Fgd4",""
"9171","","LOC118470013"
"9172","Rpap3",""
"9173","Rab1b","LOC111583301"
"9174","","LOC111571883"
"9175","Adra2a","adra2a"
"9176","Mafg","mafgb"
"9177","","LOC111577827"
"9178","Cbln3","LOC111577820"
"9179","Tppp2","tppp2"
"9180","","ftr84"
"9181","","LOC111586800"
"9182","","LOC129348764"
"9183","","LOC111586802"
"9184","Prom1","prom1b"
"9185","Tfap2d","tfap2d"
"9186","Plekhg1","LOC111574218"
"9187","Mgat2","mgat2"
"9188","Rps29",""
"9189","Cnih3","cnih3"
"9190","Tfap2b","tfap2b"
"9191","Tcp1","tcp1"
"9192","Acat2","acat2"
"9193","Acat3","acat2"
"9194","Wdr27","wdr27"
"9195","Pdzd7",""
"9196","Zfand4","zfand4"
"9197","Washc2","washc2c"
"9198","Rrbp1",""
"9199","Wdr11",""
"9200","Fbxw4","fbxw4"
"9201","Slc25a28","slc25a28"
"9202","Vstm4",""
"9203","3425401B19Rik",""
"9204","Drgx","drgx"
"9205","Ercc6","ercc6"
"9206","Letm1","letm1"
"9207","D630045J12Rik","si:ch211-1e14.1"
"9208","Pgpep1l","pgpep1l"
"9209","Lrrc4","lrrc4.2"
"9210","Psmd7","psmd7"
"9211","Dynlrb2",""
"9212","Ripk3","LOC111564893"
"9213","Dhfr","zgc:153031"
"9214","Hdhd5","hdhd5"
"9215","Rab19","LOC111563353"
"9216","Nr1h4","nr1h4"
"9217","Atp23","atp23"
"9218","Dennd5b","dennd5b"
"9219","Adamts16","LOC111573421"
"9220","Katnip","katnip"
"9221","Cox6b2","LOC111582626"
"9222","Fam234a","fam234a"
"9223","Luc7l","luc7l"
"9224","Eps8l1","LOC111582628"
"9225","Rnd2","LOC111567299"
"9226","Lonrf2","lonrf2"
"9227","Bcs1l","LOC111568523"
"9228","Erbb2","erbb2"
"9229","Zfp142","znf142"
"9230","Plcd4","plcd4b"
"9231","Smc4","smc4"
"9232","Mrps9","mrps9"
"9233","Map2",""
"9234","Ctdsp1","LOC111565646"
"9235","Obsl1",""
"9236","Atp1a1",""
"9237","","LOC111576127"
"9238","","LOC111576118"
"9239","Slc6a18","LOC111576121"
"9240","Hgf","hgfb"
"9241","Banp","banp"
"9242","Fbxo31","fbxo31"
"9243","Snapc1","LOC111579890"
"9244","","LOC129350397"
"9245","Eif4e","LOC111588375"
"9246","Zmiz1","LOC111565601"
"9247","Fbxw26","si:ch211-154o6.3"
"9248","Fbxw14","si:ch211-154o6.3"
"9249","Fbxw15","si:ch211-154o6.3"
"9250","Fbxw19","si:ch211-154o6.3"
"9251","Fbxw18","si:ch211-154o6.3"
"9252","Fbxw22","si:ch211-154o6.3"
"9253","Fbxw16","si:ch211-154o6.3"
"9254","Fbxw27","si:ch211-154o6.3"
"9255","Fbxw20","si:ch211-154o6.3"
"9256","Fbxw28","si:ch211-154o6.3"
"9257","Fbxw24","si:ch211-154o6.3"
"9258","Fbxw13","si:ch211-154o6.3"
"9259","Fbxw21","si:ch211-154o6.3"
"9260","Fbxw25","si:ch211-154o6.3"
"9261","Wdr64","si:ch211-154o6.3"
"9262","Cops7a","cops7a"
"9263","","tubb5"
"9264","","srsf7a"
"9265","Trpc6",""
"9266","","kcna7"
"9267","Rgr",""
"9268","Hsd17b14","hsd17b14"
"9269","Gpr26","LOC111582240"
"9270","","star2"
"9271","Bcat2",""
"9272","Ifi35","ifi35"
"9273","Rpl27","rpl27"
"9274","Rundc1","rundc1"
"9275","Adamts14","LOC111568115"
"9276","","slc25a39"
"9277","Oscp1","oscp1b"
"9278","Lipe","lipeb"
"9279","","LOC111564204"
"9280","Ebag9","ebag9"
"9281","Ccr8","cabz01093075.1"
"9282","","si:cabz01093077.1"
"9283","Cx3cr1","LOC111573428"
"9284","Ccr4","LOC111573428"
"9285","Ccr1","LOC111573428"
"9286","Ccr1l1","LOC111573428"
"9287","Ccr2","LOC111573428"
"9288","Ccrl2","LOC111573428"
"9289","Ccr5","LOC111573428"
"9290","Ccr3","LOC111573428"
"9291","Cd4",""
"9292","Ice1",""
"9293","Cd79a","cd79a"
"9294","Arhgef1","arhgef1b"
"9295","Ces3b",""
"9296","Ces3a",""
"9297","Fanci","fanci"
"9298","Nlrc4","birc5b"
"9299","Heyl","LOC111568968"
"9300","Hes5","LOC111568968"
"9301","Tprg1l","tprg1l"
"9302","Wrap73","wrap73"
"9303","Trp73","tp73"
"9304","Bckdhb","bckdhb"
"9305","Rpl3","rpl3"
"9306","Polg","polg"
"9307","Srp72","srp72"
"9308","Cacng2","cacng2a"
"9309","Apol10a","LOC111583990"
"9310","Apol10b","LOC111583990"
"9311","Apol6","LOC111583990"
"9312","Apol9a","LOC111583990"
"9313","Apol9b","LOC111583990"
"9314","Apol8","LOC111583990"
"9315","Apol7e","LOC111583990"
"9316","Apol7b","LOC111583990"
"9317","Apol11b","LOC111583990"
"9318","Apol11a","LOC111583990"
"9319","Apol7a","LOC111583990"
"9320","Apol7c","LOC111583990"
"9321","Sult3a2","sult3st1"
"9322","Sult3a1","sult3st1"
"9323","Eif3d","eif3d"
"9324","Amdhd2",""
"9325","Slc25a48","slc25a48"
"9326","Pcgf3","LOC111578485"
"9327","Slc49a3","slc49a3"
"9328","Leprotl1","leprotl1"
"9329","Anxa5","anxa5a"
"9330","","LOC111572516"
"9331","Neto2","neto2b"
"9332","Osbpl5",""
"9333","Tasp1","tasp1"
"9334","Pxdc1","pxdc1b"
"9335","Eci2","eci2"
"9336","Eci3","eci2"
"9337","Atad5","atad5a"
"9338","Trpm4","trpm4a"
"9339","Spin2c","spinb"
"9340","Gm20830","spinb"
"9341","Gm20807","spinb"
"9342","Gm20822","spinb"
"9343","Gm20867","spinb"
"9344","Gm29049","spinb"
"9345","Spin2-ps4","spinb"
"9346","Spin2-ps1","spinb"
"9347","Gm20826","spinb"
"9348","Spin1","spinb"
"9349","Gm20865","spinb"
"9350","Ssty2","spinb"
"9351","Gm20773","spinb"
"9352","Gm21943","spinb"
"9353","Gm20737","spinb"
"9354","Gm20795","spinb"
"9355","Gm21425","spinb"
"9356","Gm20806","spinb"
"9357","Gm20812","spinb"
"9358","Spin2e","spinb"
"9359","Spin4","spinb"
"9360","Gm20777","spinb"
"9361","Gm20873","spinb"
"9362","Gm21874","spinb"
"9363","Gm20924","spinb"
"9364","Spin2j","spinb"
"9365","Gm21721","spinb"
"9366","Gm21812","spinb"
"9367","Gm20815","spinb"
"9368","Spin2-ps10","spinb"
"9369","Gm20917","spinb"
"9370","Gm21440","spinb"
"9371","Gm21292","spinb"
"9372","Spin2h","spinb"
"9373","Gm20809","spinb"
"9374","Spin2g","spinb"
"9375","Gm20918","spinb"
"9376","Gm20914","spinb"
"9377","Gm20831","spinb"
"9378","Spin2-ps2","spinb"
"9379","Gm20772","spinb"
"9380","Gm20909","spinb"
"9381","Gm28171","spinb"
"9382","Spin2-ps7","spinb"
"9383","Gm14332","spinb"
"9384","Gm20825","spinb"
"9385","Gm21244","spinb"
"9386","Gm20828","spinb"
"9387","Gm21118","spinb"
"9388","Spin2-ps9","spinb"
"9389","Gm20834","spinb"
"9390","Gm21719","spinb"
"9391","Gm29424","spinb"
"9392","Gm20852","spinb"
"9393","Gm20877","spinb"
"9394","Gm20823","spinb"
"9395","","spinb"
"9396","Gm20821","spinb"
"9397","Gm20747","spinb"
"9398","Gm21778","spinb"
"9399","Gm21854","spinb"
"9400","Gm21394","spinb"
"9401","Gm20738","spinb"
"9402","Gm21310","spinb"
"9403","Gm20854","spinb"
"9404","Spin2d","spinb"
"9405","Spin2-ps8","spinb"
"9406","Spin2f","spinb"
"9407","Gm20816","spinb"
"9408","Ssty1","spinb"
"9409","Gm21454","spinb"
"9410","Cog1","cog1"
"9411","Pex5","pex5"
"9412","Gpr173","gpr173"
"9413","Celsr3",""
"9414","Rrp15","rrp15"
"9415","Colq","colq"
"9416","Hacl1","hacl1"
"9417","Tgfb2",""
"9418","Slc50a1","slc50a1"
"9419","Prpf31","prpf31"
"9420","Golga4","golga4"
"9421","Tacc1","LOC111584860"
"9422","","si:ch211-225b11.4"
"9423","Ssh1","ssh1a"
"9424","","zgc:86896"
"9425","Wipi1","wipi1"
"9426","Ikbke",""
"9427","Rassf5","rassf5"
"9428","Dyrk3","dyrk3"
"9429","Mapkapk2","mapkapk2a"
"9430","Spsb2",""
"9431","Rec8",""
"9432","Clk2","clk2b"
"9433","Il10","il10"
"9434","Il19","il19l"
"9435","Il20","il19l"
"9436","Il24","il19l"
"9437","Prelp","prelp"
"9438","","zgc:113307"
"9439","Fmod","fmoda"
"9440","Slc6a14","slc6a14"
"9441","Grb10","grb10b"
"9442","","tle2a"
"9443","","LOC111569895"
"9444","Slc27a1","LOC111569925"
"9445","Ngfr",""
"9446","Gfap","gfap"
"9447","Anxa5","anxa5b"
"9448","Mrps25","mrps25"
"9449","Rbsn","LOC111570396"
"9450","Lingo4","si:dkey-1j5.4"
"9451","Lingo3","si:dkey-1j5.4"
"9452","Dpysl5",""
"9453","Tlr8","LOC111583413"
"9454","Tlr7",""
"9455","Atf2","atf2"
"9456","Atg16l1",""
"9457","Gsg1l","gsg1l"
"9458","","ubtf"
"9459","Hmgb4","ubtf"
"9460","Ubtf","ubtf"
"9461","Ubtfl1","ubtf"
"9462","Map3k5","map3k5"
"9463","","gdf3"
"9464","Mettl8","mettl8"
"9465","Dcaf17","dcaf17"
"9466","","cp110"
"9467","Sirt7","sirt7"
"9468","Rer1","rer1"
"9469","Gnai3","gnai3"
"9470","Gnai1","gnai3"
"9471","Slc4a1","slc4a1a"
"9472","Zfyve27","zfyve27"
"9473","","LOC111563084"
"9474","Mxi1","mxi1"
"9475","","LOC111569926"
"9476","Tesk1","LOC111568505"
"9477","","LOC111568043"
"9478","Ldb1","ldb1b"
"9479","Gnas",""
"9480","Gpc6","LOC111569954"
"9481","Gdf10","gdf10a"
"9482","Fgf8",""
"9483","Slf2",""
"9484","Tacc2",""
"9485","Sfxn3","sfxn3"
"9486","Tstd2","LOC111578486"
"9487","Mdm2",""
"9488","Itga9","itga9"
"9489","Lingo2","lingo2"
"9490","Glra1","glra1"
"9491","Pcdh12","pcdh12"
"9492","Fat4","fat4"
"9493","Plpp4","plpp4"
"9494","","nkx3.3"
"9495","Nkx2-3","nkx2.3"
"9496","Got1","got1"
"9497","Cnnm1",""
"9498","","LOC111568274"
"9499","Hpse2","hpse2"
"9500","Slc2a7","slc2a15a"
"9501","Slc16a6","slc16a6b"
"9502","Gna13","LOC111586729"
"9503","Khsrp","LOC111568927"
"9504","Hspa5","LOC111579823"
"9505","Clec4g",""
"9506","Clec4a1",""
"9507","Cd209e",""
"9508","Cd209b",""
"9509","Cd209c",""
"9510","Cd209a",""
"9511","Cd209d",""
"9512","Cd207",""
"9513","Clec4n",""
"9514","Fcer2a",""
"9515","Ankrd50","ankrd50"
"9516","G3bp1","g3bp1"
"9517","Spry1","spry1"
"9518","Afg2a","afg2a"
"9519","Psme2b","psme2"
"9520","Psme2","psme2"
"9521","Lsm5","lsm5"
"9522","Nrn1","nrn1a"
"9523","F13a1","LOC111571264"
"9524","Nlgn3","nlgn3a"
"9525","Cipc","cipcb"
"9526","Zfp410","znf410"
"9527","Lrrfip2","lrrfip2"
"9528","Entpd5","entpd5b"
"9529","Tdrd6","LOC111578607"
"9530","","zgc:103559"
"9531","Trip11","trip11"
"9532","Pgam1","LOC111564371"
"9533","Psme4","psme4a"
"9534","Ajm1","unm_hu7912"
"9535","Prkab1","prkab1b"
"9536","Ubxn6","ubxn6"
"9537","","LOC111574313"
"9538","","LOC129347234"
"9539","Slc6a14",""
"9540","Pla2g1b",""
"9541","Fbxo16","fbxo16"
"9542","Clec4g","asgrl1"
"9543","Clec4a1","asgrl1"
"9544","Cd209e","asgrl1"
"9545","Cd209b","asgrl1"
"9546","Cd209c","asgrl1"
"9547","Cd209a","asgrl1"
"9548","Cd209d","asgrl1"
"9549","Cd207","asgrl1"
"9550","Clec4n","asgrl1"
"9551","Fcer2a","asgrl1"
"9552","Nkx6-3","nkx6.3"
"9553","Aldh6a1","LOC111585849"
"9554","Slc7a4","slc7a4"
"9555","Cit",""
"9556","Mien1",""
"9557","Kat8","kat8"
"9558","Zmiz1","zmiz1a"
"9559","Ttc9","LOC111579393"
"9560","Med6","med6"
"9561","","srsf5a"
"9562","Adck1","adck1"
"9563","Mapre3","LOC111589032"
"9564","Sod2","sod2"
"9565","Stx11","LOC111578574"
"9566","Stx11","stx11a"
"9567","Map3k9","map3k9"
"9568","Numb","numb"
"9569","Slc11a2","LOC111569049"
"9570","Lsm11","lsm11"
"9571","Thg1l","thg1l"
"9572","","fhdc2"
"9573","Rufy1","rufy1"
"9574","Gpr75","gpr75"
"9575","Eid3","nsmce4a"
"9576","","LOC129347780"
"9577","Fndc5","fndc5a"
"9578","","LOC111576095"
"9579","Adtrp","LOC111573119"
"9580","Ankrd66","LOC111578624"
"9581","Rnf25",""
"9582","Slc5a6","slc5a6b"
"9583","Klc3","klc1b"
"9584","Klc4","klc1b"
"9585","Anapc2",""
"9586","Cenpo","cenpo"
"9587","","tp53i3"
"9588","Dnajc5g","dnajc5gb"
"9589","Slc30a2","LOC111578619"
"9590","Wnt9b","wnt9b"
"9591","","ky"
"9592","Pctp",""
"9593","Psmc3ip","psmc3ip"
"9594","Mlx",""
"9595","Dnaaf9","dnaaf9"
"9596","Fmnl1","fmnl1a"
"9597","Dct",""
"9598","Osbpl6","osbpl6"
"9599","Tert","tert"
"9600","Pou6f1","pou6f1"
"9601","Golim4","LOC111572066"
"9602","Pprc1","LOC111581969"
"9603","Vgll4","vgll4a"
"9604","Dusp5","dusp5"
"9605","Pcyt2",""
"9606","Arhgap4",""
"9607","Naa10",""
"9608","","zgc:158263"
"9609","G6pd2","LOC111576528"
"9610","G6pdx","LOC111576528"
"9611","Calcr",""
"9612","Tent4a","tent4a"
"9613","Galnt12","galnt12"
"9614","Tmem65","tmem65"
"9615","Ssr2","ssr2"
"9616","Nt5c1a","nt5c1aa"
"9617","Cd1d2",""
"9618","Raet1e",""
"9619","Cd1d1",""
"9620","Raet1d",""
"9621","Sema6c","LOC111570492"
"9622","Asb4","asb4"
"9623","Gng11","gngt1"
"9624","Gngt1","gngt1"
"9625","Tgm1","LOC111569605"
"9626","Tfpi2",""
"9627","1700109H08Rik","LOC111583889"
"9628","Hpcal4","LOC111583889"
"9629","","fam49al"
"9630","","foxe1"
"9631","Gab1","gab1"
"9632","Mrpl3","mrpl3"
"9633","Cfap221","cfap221"
"9634","Gsg1l","LOC111570471"
"9635","Arhgap19","arhgap19"
"9636","Dbi","LOC129348309"
"9637","Npepps","npepps"
"9638","Steap3","steap3"
"9639","Ddx4","ddx4"
"9640","Rpl31",""
"9641","Ube3a","LOC111568137"
"9642","Cnga3","LOC111568138"
"9643","Gtf3c3","gtf3c3"
"9644","Slc4a10","LOC111565864"
"9645","","gabpb2a"
"9646","2310061I04Rik","c15h6orf136"
"9647","Stmn1","LOC111585248"
"9648","Sh3bp5l","sh3bp5lb"
"9649","","LOC111585302"
"9650","Mllt11","mllt11"
"9651","Cdc42se1",""
"9652","Epb41","epb41a"
"9653","Cxcl12","cxcl12a"
"9654","Tmem72","tmem72"
"9655","Sipa1l2","LOC111574718"
"9656","Pdlim5","pdlim5b"
"9657","Rabepk","rabepk"
"9658","Orai1","orai1b"
"9659","Morn3",""
"9660","Slc20a1","slc20a1b"
"9661","Bloc1s5","bloc1s5"
"9662","Oprk1",""
"9663","Rreb1","rreb1a"
"9664","","LOC111587314"
"9665","Mynn","mynn"
"9666","Hus1b","hus1"
"9667","Hus1","hus1"
"9668","","LOC111580140"
"9669","Slitrk6","slitrk6"
"9670","Puf60","LOC111582554"
"9671","Stk24","stk24b"
"9672","En2","en2a"
"9673","Rbm33","rbm33a"
"9674","Rec8","rec8b"
"9675","Dlgap1","dlgap1b"
"9676","Tfap2a","tfap2a"
"9677","Tmem14c","tmem14ca"
"9678","Mak","mak"
"9679","Slc15a1","slc15a1b"
"9680","Rpl7l1","rpl7l1"
"9681","Fndc1","fndc1"
"9682","Wtap","wtap"
"9683","Spag6l","spag6"
"9684","Spag6","spag6"
"9685","Anxa9","anxa13"
"9686","Anxa8","anxa13"
"9687","","enc3"
"9688","Chpf2","chpf2"
"9689","Dsg1c","dsg2.1"
"9690","Dsg1a","dsg2.1"
"9691","Dsg1b","dsg2.1"
"9692","Dsg2","dsg2.1"
"9693","Dsg4","dsg2.1"
"9694","Dsg3","dsg2.1"
"9695","Abcf2","abcf2b"
"9696","Tm2d1",""
"9697","Nfia",""
"9698","Tmprss9",""
"9699","Bhmt2","LOC111581621"
"9700","Bhmt","LOC111581621"
"9701","Bhmt1b","LOC111581621"
"9702","Ap1b1","ap1b1"
"9703","Ntpcr","ntpcr"
"9704","Slc29a3","slc29a3"
"9705","Psap","psap"
"9706","","cdh19"
"9707","","rheb"
"9708","","LOC111579182"
"9709","Nek1","nek1"
"9710","Map2k2",""
"9711","Pcyox1","pcyox1"
"9712","Car15","car15"
"9713","Ggt5","LOC111581838"
"9714","Kcnn2","kcnn2"
"9715","Nfkbil1",""
"9716","Rnf170","rnf170"
"9717","Dgcr2","dgcr2"
"9718","Npdc1","npdc1a"
"9719","","LOC111582245"
"9720","Sparc","sparc"
"9721","Hps1",""
"9722","6430550D23Rik","st3gal7"
"9723","Ankrd2","ankrd2"
"9724","Morn4","morn4"
"9725","","LOC111576106"
"9726","Mlh1","mlh1"
"9727","Timm13","timm13"
"9728","Cdh18",""
"9729","Trappc8","trappc8"
"9730","Prdm12","prdm12b"
"9731","Fyb1","fyb1b"
"9732","Anxa3","anxa3b"
"9733","Xcr1","xcr1a.1"
"9734","Ankrd24",""
"9735","Gna15","LOC111564932"
"9736","Gna11","LOC111564932"
"9737","Gnat3","LOC111564932"
"9738","Shd","shdb"
"9739","Shc2","shc2"
"9740","Pde6d","pde6d"
"9741","Phb2","phb2b"
"9742","Gm7298",""
"9743","Mug2",""
"9744","Mug1",""
"9745","","frem1b"
"9746","","s1pr3a"
"9747","Cks2","cks2"
"9748","Samd9l",""
"9749","Nrdc",""
"9750","St3gal5","st3gal5"
"9751","Polr1a",""
"9752","Nudt6","nudt6"
"9753","","fgf2"
"9754","Cetn4","cetn4"
"9755","","il21"
"9756","","atox1"
"9757","Ptcd3",""
"9758","Slc36a1","slc36a1"
"9759","Pwp1","pwp1"
"9760","Pls3","LOC111580984"
"9761","Micall2","micall2b"
"9762","Best2","LOC111568182"
"9763","Grap2","grap2b"
"9764","Cacna1i",""
"9765","Slc6a13","LOC111573174"
"9766","","lhx1a"
"9767","Urb1","urb1"
"9768","","opn4xb"
"9769","Scaf4","LOC111563697"
"9770","Adamts8","LOC111571472"
"9771","Pip5k1b","pip5k1bb"
"9772","Pik3ap1","pik3ap1"
"9773","Sptbn5","LOC111574721"
"9774","Ldb1","ldb1a"
"9775","Cidea","cidea"
"9776","","LOC111566846"
"9777","Adamts15","LOC111571466"
"9778","Wdr95",""
"9779","Pipox","pipox"
"9780","Ism1","ism1"
"9781","Npm3","npm3"
"9782","Erlec1","erlec1"
"9783","Lgals9",""
"9784","Plvap","plvapb"
"9785","","dmbx2"
"9786","Naaladl2","LOC111562694"
"9787","Ksr1",""
"9788","Trpv2",""
"9789","Cldn18","LOC111575988"
"9790","Dynlt2b","dynlt2b"
"9791","Nlgn1","nlgn1"
"9792","Ptk7",""
"9793","Hspb6","hspb6"
"9794","Cyp11b2",""
"9795","Cyp11b1",""
"9796","Kcnj13","kcnj13"
"9797","Arcn1","arcn1b"
"9798","Fbxl19","si:ch73-173p19.1"
"9799","","map3k22"
"9800","Tyms","tyms"
"9801","Gabbr2","gabbr2"
"9802","","rbbp4"
"9803","Yes1","LOC111566768"
"9804","","tlx2"
"9805","","npm1b"
"9806","Pcgf1","pcgf1"
"9807","","fgf24"
"9808","","mtnr1al"
"9809","","hnrnph1"
"9810","Zdhhc2","zdhhc2"
"9811","Lbx2","lbx2"
"9812","B4galt7","b4galt7"
"9813","Cnot7","cnot7"
"9814","Pigg","pigg"
"9815","","glud1b"
"9816","Rab33b",""
"9817","Ms4a14","zgc:113425"
"9818","Ms4a13","zgc:113425"
"9819","Ms4a15","zgc:113425"
"9820","Ms4a6b","zgc:113425"
"9821","Ms4a6d","zgc:113425"
"9822","Ms4a6c","zgc:113425"
"9823","Ms4a5","zgc:113425"
"9824","Ms4a10","zgc:113425"
"9825","Ms4a20","zgc:113425"
"9826","Ms4a19","zgc:113425"
"9827","Ms4a2","zgc:113425"
"9828","Ms4a18","zgc:113425"
"9829","Ms4a7","zgc:113425"
"9830","","adam19b"
"9831","Fat2","fat2"
"9832","Rcl1","rcl1"
"9833","Ak3","ak3"
"9834","Cdc37l1",""
"9835","Rgs3","rgs3a"
"9836","Hook3","hook3"
"9837","Ano5","ano5b"
"9838","Myorg","myorg"
"9839","Unc119b",""
"9840","Crybb3","LOC111577863"
"9841","Chil6","LOC111579739"
"9842","Chil5","LOC111579739"
"9843","Chil3","LOC111579739"
"9844","Chia1","LOC111579739"
"9845","Chil4","LOC111579739"
"9846","Nanos1","nanos1"
"9847","Polr2b","polr2b"
"9848","Igfbp7","igfbp7"
"9849","Cox18","LOC111573624"
"9850","Lman2","lman2"
"9851","Ttc19","LOC111587510"
"9852","Cd5l","LOC111580268"
"9853","","LOC111580269"
"9854","","LOC111580275"
"9855","Tmub1",""
"9856","","LOC129349902"
"9857","Hmgb4","LOC129349902"
"9858","Ubtfl1","LOC129349902"
"9859","Polr3e","polr3e"
"9860","Fastk","LOC111576067"
"9861","Afg3l2",""
"9862","Pald1","pald1a"
"9863","","ndr2"
"9864","Cacna1i","cacna1ia"
"9865","Lrrc20","lrrc20"
"9866","Ppa1","ppa1a"
"9867","Polr3a","polr3a"
"9868","Eef2k","eef2k"
"9869","Rpl22","rpl22"
"9870","Rnf207",""
"9871","Dph2","dph2"
"9872","","gnav1"
"9873","Ncf2",""
"9874","Npw","npb"
"9875","Npb","npb"
"9876","Sgsh","sgsh"
"9877","Gtpbp3","gtpbp3"
"9878","Spata16",""
"9879","","LOC111571994"
"9880","Ttc22",""
"9881","","LOC111563534"
"9882","Ano8","ano8b"
"9883","Wwp1","LOC111565192"
"9884","Slc26a11","slc26a11"
"9885","Comt","LOC111578177"
"9886","Rnf4","rnf4"
"9887","Sqstm1",""
"9888","","LOC111581647"
"9889","Ccdc69","ccdc69"
"9890","Robo2","robo2"
"9891","Maml1","maml1"
"9892","Ebf4","LOC111583752"
"9893","Zdhhc12",""
"9894","Hapln1","LOC111580624"
"9895","Purg",""
"9896","","wdr20b"
"9897","","il6st"
"9898","","LOC111580719"
"9899","Puf60","puf60a"
"9900","Six3","six3a"
"9901","","LOC111581548"
"9902","Slc5a6","slc5a6a"
"9903","Grid1","grid1a"
"9904","Zpr1",""
"9905","Agtrap","agtrap"
"9906","Snrpc","snrpc"
"9907","Ilrun",""
"9908","Draxin","draxina"
"9909","Anks1",""
"9910","Tcp11x2","LOC111580043"
"9911","","phc2b"
"9912","Pank4","pank4"
"9913","","her12"
"9914","Larp4","larp4aa"
"9915","Otof","otofa"
"9916","Cpxm2","cpxm2"
"9917","Spint1","lrp11"
"9918","Wfdc8","lrp11"
"9919","Lrp11","lrp11"
"9920","Spint4","lrp11"
"9921","Wfdc6b","lrp11"
"9922","Eppin","lrp11"
"9923","Wfdc6a","lrp11"
"9924","Zfyve1","zfyve1"
"9925","Pigh","pigh"
"9926","Mdga2","LOC111573798"
"9927","Man1a2",""
"9928","Lrch1","lrch1"
"9929","Usp38","usp38"
"9930","Hmgb2","hmgb2a"
"9931","","LOC111579493"
"9932","","ern2"
"9933","Nherf4","LOC111565874"
"9934","Grtp1","grtp1a"
"9935","Ankrd44","LOC111583817"
"9936","Adprhl1","adprhl1"
"9937","Dcun1d2","dcun1d2b"
"9938","Tmco3","tmco3"
"9939","Zmym2",""
"9940","Nlk","nlk2"
"9941","Fkbp7",""
"9942","Gls","glsb"
"9943","Fbln5","fbln5"
"9944","Canx","canx"
"9945","Lrrn2","lrrn2"
"9946","Atf7","atf7b"
"9947","Myl2","myl2a"
"9948","Gne","gne"
"9949","Irf6","irf6"
"9950","Pxn","LOC111577864"
"9951","Rplp0","rplp0"
"9952","Gnai2","LOC111574939"
"9953","Srprb","sxph"
"9954","Trf","sxph"
"9955","Rps24","rps24"
"9956","Sfi1","sfi1"
"9957","Eif4enif1",""
"9958","Sh3pxd2a","LOC111580709"
"9959","Samd5",""
"9960","Wasf1","wasf1"
"9961","","LOC111582610"
"9962","Arid1b","arid1b"
"9963","Patz1","patz1"
"9964","Faim2",""
"9965","Kpna4",""
"9966","Slk","slka"
"9967","Rbms2","LOC111583687"
"9968","Srcin1",""
"9969","Zfp281","znf281a"
"9970","","kcnj19a"
"9971","Rab5c","rab5c"
"9972","Kat2a","kat2a"
"9973","Sstr5","sstr3"
"9974","Cyth4","LOC111562787"
"9975","Fam83f","fam83fa"
"9976","Fam83e","fam83fa"
"9977","Grap2","grap2a"
"9978","Dhx58","dhx58"
"9979","Itm2c","itm2ca"
"9980","Serpinh1","serpinh1b"
"9981","Ctsc",""
"9982","Stub1","LOC111572475"
"9983","Por","porb"
"9984","Jmjd8","jmjd8"
"9985","Tpsg1",""
"9986","Prss29",""
"9987","Prss28",""
"9988","Tpsb2",""
"9989","Tpsab1",""
"9990","","plcl5"
"9991","Kcnh3","kcnh6a"
"9992","Hcn3","kcnh6a"
"9993","Vat1","vat1"
"9994","Dtx3l","si:busm1-163l24.3"
"9995","Phb1","phb"
"9996","Cdc42bpa","cdc42bpab"
"9997","Atf5","atf5b"
"9998","Tiam1","LOC111563695"
"9999","Hebp2","hebp2"
"10000","Snx9","snx9b"
"10001","Stat5a",""
"10002","Stat5b",""
"10003","Frem2","frem2b"
"10004","","srrm2"
"10005","","radil2a"
"10006","","arf2a"
"10007","Zfp385c","znf385c"
"10008","Gosr2","gosr2"
"10009","Gpatch8","gpatch8"
"10010","","map3k14a"
"10011","Ccdc47","ccdc47"
"10012","Bbs9","bbs9"
"10013","Bmper","bmper"
"10014","Hspg2",""
"10015","Dcaf7",""
"10016","Epc1","epc1a"
"10017","Cyria","fam49a"
"10018","Cbx2","cbx2"
"10019","Enpp7","LOC111562896"
"10020","Rbfox3","LOC111562889"
"10021","Nxph3","LOC111588913"
"10022","Hcrt",""
"10023","Zfp652","znf652"
"10024","Stat3","stat3"
"10025","Eaf1","eaf1"
"10026","Lrrc30",""
"10027","Abhd3","abhd3"
"10028","Mettl6",""
"10029","Rbm8a2",""
"10030","Rbm8a",""
"10031","","afp4"
"10032","Tap1","tap1"
"10033","Cyp7a1","LOC111576985"
"10034","Cntnap2","LOC111577504"
"10035","Kif27","LOC111567409"
"10036","Hcar1",""
"10037","Hcar2",""
"10038","Gadd45g",""
"10039","Rbm19","rbm19"
"10040","","LOC111566845"
"10041","Apod","LOC111566847"
"10042","Ggh","ggh"
"10043","Dpp6","LOC111565276"
"10044","","rhogd"
"10045","","LOC111583182"
"10046","Ankhd1","ankhd1"
"10047","Cavin1","cavin1a"
"10048","Arl6ip1","arl6ip1"
"10049","Setd1a","setd1a"
"10050","Hspa2","LOC111571262"
"10051","Taok2","taok2a"
"10052","","col17a1b"
"10053","Sfr1","sfr1"
"10054","Cfap43","cfap43"
"10055","Gsto1","LOC111580715"
"10056","Itprip","itprip"
"10057","Cbr3","zgc:65997"
"10058","Dhrs2","zgc:65997"
"10059","","LOC111575547"
"10060","Zcchc24","zcchc24"
"10061","Ppia","ppifa"
"10062","Map3k21","map3k21"
"10063","Plek","plek"
"10064","P2ry14","LOC111587126"
"10065","","LOC111575525"
"10066","Rffl","rffl"
"10067","Atp1b3","LOC111568840"
"10068","Opa3","opa3"
"10069","Parl","parlb"
"10070","Ehd2","ehd2b"
"10071","Bicra","bicra"
"10072","Rnf169","rnf169"
"10073","Exoc3l2","exoc3l2b"
"10074","Map4k1","LOC111587029"
"10075","","LOC111584723"
"10076","Tmx1",""
"10077","Trim9","LOC111584722"
"10078","Hmga2","si:ch211-161c3.6"
"10079","6430571L13Rik","si:ch211-161c3.5"
"10080","Tnk2",""
"10081","Miip","miip"
"10082","Adora3","LOC111575919"
"10083","Tulp1","LOC111576924"
"10084","Terf2ip","terf2ip"
"10085","","LOC111584725"
"10086","Iffo2","iffo2b"
"10087","","LOC111575288"
"10088","","LOC111575276"
"10089","Rpp14","LOC111581695"
"10090","Pxk","pxk"
"10091","Pygl",""
"10092","Acacb","acacb"
"10093","Ch25h","LOC111588578"
"10094","Ccser2","ccser2a"
"10095","Pcnx2","pcnx2"
"10096","Eif4ebp2",""
"10097","Pcdh15",""
"10098","","LOC111569498"
"10099","Mtx1","mtx1a"
"10100","Brd2",""
"10101","","si:dkey-24p1.1"
"10102","","irgq2"
"10103","","zmp:0000000881"
"10104","Lsr","lsr"
"10105","Mag","mag"
"10106","Phldb3","phldb3"
"10107","Ethe1","ethe1"
"10108","","LOC111572533"
"10109","","drd2l"
"10110","Xrcc1","xrcc1"
"10111","Tmem120a",""
"10112","Pklr","pklr"
"10113","Sncg","sncgb"
"10114","Ldb3","ldb3b"
"10115","Opn4","LOC111585658"
"10116","Usp54","usp54b"
"10117","Crygn","crygn2"
"10118","Pld1","pld1b"
"10119","Myoz1","myoz1b"
"10120","","sar1aa"
"10121","Socs3","LOC111582347"
"10122","Qrfprl","qrfprb"
"10123","Qrfpr","qrfprb"
"10124","Parg",""
"10125","","LOC111572508"
"10126","","LOC111578036"
"10127","Utp11","utp11"
"10128","","LOC111577927"
"10129","Prdm1","prdm1a"
"10130","Gdpd1","gdpd1"
"10131","Fhl3","fhl3a"
"10132","Sh3bp5","sh3bp5b"
"10133","","LOC111572534"
"10134","","LOC111577922"
"10135","","LOC111578024"
"10136","","pycard"
"10137","","etsrp"
"10138","","fli1rs"
"10139","Oosp3","zp3d.2"
"10140","","tektl1"
"10141","","LOC111578020"
"10142","","LOC111578019"
"10143","","rpz4"
"10144","","rpz5"
"10145","Rspo1","rspo1"
"10146","B3glct",""
"10147","","cldn35"
"10148","Airim","airim"
"10149","Cdca8","cdca8"
"10150","Gnl2","gnl2"
"10151","Jtb","jtb"
"10152","Hivep1","hivep1"
"10153","Xkr8","xkr8.3"
"10154","Xkr8","LOC111562608"
"10155","Apoe","apoea"
"10156","Utp23","utp23"
"10157","Rad21",""
"10158","Dnali1","dnali1"
"10159","Oprd1","oprd1b"
"10160","","ypel2b"
"10161","Hip1","hip1"
"10162","","prokr1b"
"10163","Nphp1","nphp1"
"10164","Nedd9","nedd9"
"10165","Stpg1","stpg1"
"10166","Meaf6","meaf6"
"10167","Deptor",""
"10168","Fhl3","fhl3b"
"10169","Msto1","msto1"
"10170","Sdc2","sdc2"
"10171","Extl1","LOC111571373"
"10172","Col14a1","LOC111565709"
"10173","Fas","fas"
"10174","Pten","ptena"
"10175","Tmem170b","tmem170b"
"10176","Srsf4","srsf4"
"10177","Srsf4",""
"10178","","ppp2r2ab"
"10179","","si:ch211-153f2.3"
"10180","Slc30a8","slc30a8"
"10181","Papss2",""
"10182","Trappc14","trappc14"
"10183","Med30","med30"
"10184","Ext1","ext1b"
"10185","Oard1","LOC111575151"
"10186","Foxn4","foxn4"
"10187","Tmem74","LOC111586858"
"10188","","LOC111584336"
"10189","Myo1h","myo1ha"
"10190","","LOC111586097"
"10191","","LOC111586098"
"10192","","LOC111563937"
"10193","Rnd2","LOC111567381"
"10194","Cdipt","cdipt"
"10195","Maz",""
"10196","","nlk1"
"10197","Ccnb1ip1","LOC111567599"
"10198","Mettl3","mettl3"
"10199","Ttc5","ttc5"
"10200","Pdhb",""
"10201","","map1lc3c"
"10202","Strn",""
"10203","Tm4sf5","tm4sf5"
"10204","Kcnip4","kcnip4a"
"10205","Tssk2",""
"10206","Sec24d",""
"10207","Pias4","pias4a"
"10208","Atp8b3","atp8b3"
"10209","Nfilz","LOC129347398"
"10210","Onecut3","onecut3a"
"10211","Trp63","tp63"
"10212","Grm7","LOC111564152"
"10213","Nectin3","nectin3a"
"10214","Wsb1","wsb1"
"10215","Sinhcaf","LOC111565832"
"10216","Caprin2","caprin2"
"10217","Tmtc1","tmtc1"
"10218","","LOC129347229"
"10219","Ipo8","ipo8"
"10220","Ngf","ngfb"
"10221","Kcna3",""
"10222","Kcna2","LOC111584344"
"10223","Kcna10","LOC111584349"
"10224","","LOC129348846"
"10225","","dusp7"
"10226","Lmod1","lmod1b"
"10227","Isy1","isy1"
"10228","Pcif1",""
"10229","Eif3k","eif3k"
"10230","Zc3h4",""
"10231","Ppp5c","ppp5c"
"10232","Tspan8","LOC111583813"
"10233","Gpr85","gpr85"
"10234","Hcls1","hcls1"
"10235","","llph"
"10236","Pex26","pex26"
"10237","","usp18"
"10238","Fbln1","LOC111573190"
"10239","Atp4b","LOC111565500"
"10240","Grk1","grk1a"
"10241","Qrfprl",""
"10242","Qrfpr",""
"10243","Klhl18","LOC129349913"
"10244","Tlcd3b","tlcd3ba"
"10245","Sh2b1","sh2b1"
"10246","Wdr33","LOC111577604"
"10247","Atxn2l","atxn2l"
"10248","Xylt1","LOC111587787"
"10249","Igdcc3","igdcc3"
"10250","Atp13a5","atp2b2"
"10251","Atp1a4","atp2b2"
"10252","Atp13a4","atp2b2"
"10253","Atp2b2","atp2b2"
"10254","Cpeb1","cpeb1b"
"10255","Rpp40","LOC129349918"
"10256","Riok1",""
"10257","","LOC111582397"
"10258","Rab40c","LOC111582396"
"10259","Pigq","pigq"
"10260","Hipk2","hipk2"
"10261","Dda1","LOC111585697"
"10262","","LOC118469346"
"10263","Ttc4","ttc4"
"10264","Abhd8",""
"10265","Pars2","pars2"
"10266","","insl5a"
"10267","","ptprc"
"10268","","si:dkey-10o6.2"
"10269","Aass","aass"
"10270","Adam30","adam9b"
"10271","Adam5","adam9b"
"10272","Adam7","adam9b"
"10273","Adam2","adam9b"
"10274","Adam21","adam9b"
"10275","Adam32","adam9b"
"10276","Adamdec1","adam9b"
"10277","Adam29","adam9b"
"10278","Adam10","adam9b"
"10279","Adam1a","adam9b"
"10280","Adam1b","adam9b"
"10281","Adam3","adam9b"
"10282","Adam18","adam9b"
"10283","Gm4787","adam9b"
"10284","Adam4","adam9b"
"10285","Adam26a","adam9b"
"10286","Adam34","adam9b"
"10287","Adam34l","adam9b"
"10288","Adam26b","adam9b"
"10289","Adam24","adam9b"
"10290","Adam39","adam9b"
"10291","Adam20","adam9b"
"10292","Adam25","adam9b"
"10293","Adam6a","adam9b"
"10294","Adam6b","adam9b"
"10295","","LOC111586517"
"10296","Stx4a","stx4"
"10297","Srcap","srcap"
"10298","Ikzf2","ikzf2"
"10299","Ccdc148",""
"10300","Upp2","upp2"
"10301","Gm11992","LOC111577018"
"10302","Stx19","stx19"
"10303","Nme9",""
"10304","Smarcal1","smarcal1"
"10305","Rfng","rfng"
"10306","Tm6sf2","tm6sf2b"
"10307","Hapln4","hapln4"
"10308","Zbtb11","zbtb11"
"10309","Dnai1","dnai1.2"
"10310","","LOC111568044"
"10311","Irf2bp2","irf2bp2b"
"10312","","LOC111569914"
"10313","Tmx2","LOC111568507"
"10314","Gp2",""
"10315","","LOC111571855"
"10316","","zbtb7a"
"10317","Lingo4","lingo3a"
"10318","Lingo3","lingo3a"
"10319","Crebbp","crebbpa"
"10320","Osbpl1a","osbpl1a"
"10321","Cilp","cilp"
"10322","Eif3j2","eif3jb"
"10323","Eif3j1","eif3jb"
"10324","Pfkm","LOC111566980"
"10325","Rbpms2",""
"10326","Sync","sync"
"10327","Nhsl3","nhsl3"
"10328","Yars1","yars1"
"10329","Marchf4","marchf4b"
"10330","","gjc4b"
"10331","Vgll3","vgll3"
"10332","Glb1l","glb1l"
"10333","","si:ch73-91k6.2"
"10334","Mep1a","mep1a.2"
"10335","Cpq","LOC111586527"
"10336","","si:ch211-12e13.12"
"10337","Ptprd",""
"10338","Mtmr3","mtmr3"
"10339","Vezf1","LOC111571752"
"10340","Eef2kmt","eef2kmt"
"10341","Dnajb7","dnajc18"
"10342","Dnajb8","dnajc18"
"10343","Dnajb1","dnajc18"
"10344","4930503B20Rik","dnajc18"
"10345","Dnajb3","dnajc18"
"10346","Alg1","alg1"
"10347","Brd8",""
"10348","Brd8dc",""
"10349","Adgrf3",""
"10350","Spag9",""
"10351","Clec4b2",""
"10352","Clec4b1",""
"10353","Clec4a2",""
"10354","Clec4a4",""
"10355","Clec4a3",""
"10356","Clec4d",""
"10357","Srd5a1","srd5a1"
"10358","AU021092","c19h16orf89"
"10359","Ift70a1","ift70"
"10360","Ift70b","ift70"
"10361","Ift70a2","ift70"
"10362","Nsun2","nsun2"
"10363","Actr10","actr10"
"10364","Psma4","LOC111564418"
"10365","Slc25a44","LOC111564417"
"10366","Tbata","LOC111588606"
"10367","Crabp1",""
"10368","Gltpd2","gltpd2b"
"10369","Cptp","gltpd2b"
"10370","Gfra3","LOC111587192"
"10371","","ephb4a"
"10372","Lctl","LOC111564425"
"10373","Samd15","LOC118469278"
"10374","","lrfn5b"
"10375","Yy1","yy1b"
"10376","Hmbox1","hmbox1b"
"10377","Disp1","disp1"
"10378","Ost4","ost4"
"10379","","LOC129347507"
"10380","Tnfaip1","tnfaip1"
"10381","","LOC111563604"
"10382","Sgsm2","sgsm2"
"10383","Bcl7b","bcl7bb"
"10384","Baz1b","baz1b"
"10385","Fads6","fads6"
"10386","Nat9",""
"10387","","lrrc59"
"10388","Muc15","clmpb"
"10389","Vsir","clmpb"
"10390","Igsf5","clmpb"
"10391","Clmp","clmpb"
"10392","Sgca","sgca"
"10393","Trp53i13","tp53i13"
"10394","Gucy2g",""
"10395","Pxylp1","pxylp1"
"10396","Cep164","LOC111574546"
"10397","Ssh2","ssh2a"
"10398","Stxbp4","stxbp4"
"10399","Rps25","rps25"
"10400","Trappc4","trappc4"
"10401","Tmem100","LOC111569079"
"10402","Arl4d","arl4d"
"10403","Pnpo","pnpo"
"10404","Mrpl10",""
"10405","Osbpl7","osbpl7"
"10406","Slc37a4","slc37a4a"
"10407","Cfap45","cfap45"
"10408","Cltc","LOC111568819"
"10409","Slc2a1","slc2a1b"
"10410","Ddc","ddc"
"10411","Impa1","LOC129347265"
"10412","Impa1","LOC111577613"
"10413","Cdh7","LOC111577602"
"10414","Pros1","pros1"
"10415","Ccny","LOC111575892"
"10416","Cdh22","LOC111574166"
"10417","Slc6a11","slc6a11b"
"10418","Tha1","LOC111585916"
"10419","Tha1",""
"10420","Cog6",""
"10421","Rusc2","rusc2"
"10422","Mak16","mak16"
"10423","Rpusd1","rpusd1"
"10424","","LOC111574845"
"10425","Chst15","LOC111570635"
"10426","Pgs1","LOC111583265"
"10427","Pigf","pigf"
"10428","Cox7a2l",""
"10429","Kcng3","kcng3"
"10430","","LOC111574825"
"10431","","mta3"
"10432","Prmt1","prmt1"
"10433","","LOC111564024"
"10434","Tbx21","tbx21"
"10435","","tbkbp1"
"10436","Pdk2","pdk2a"
"10437","Tpst1","tpst1"
"10438","Lhfpl1","LOC111563624"
"10439","Zp3","LOC111581238"
"10440","Aldh3a2",""
"10441","Irx1","irx1a"
"10442","","triob"
"10443","Dmtn","dmtn"
"10444","Rsph14","rsph14"
"10445","Srp19","srp19"
"10446","Aldh3b1",""
"10447","Aldh3a1",""
"10448","Aldh1b1",""
"10449","Sh3glb2","LOC111587607"
"10450","","LOC111577429"
"10451","Tlx1","tlx1"
"10452","Rassf4",""
"10453","Ccnb2","ccnb2"
"10454","Cutc","cutc"
"10455","Ctdspl2","ctdspl2b"
"10456","Cox15","LOC111579232"
"10457","Zfp637","LOC118470445"
"10458","","ubtfl"
"10459","Hmgb4","ubtfl"
"10460","Ubtfl1","ubtfl"
"10461","Hs3st3b1","LOC111578201"
"10462","Hs3st3a1","LOC111578201"
"10463","Ndst3","LOC111578201"
"10464","Fastk","LOC129347264"
"10465","Syngr2","syngr2a"
"10466","Angptl6","angptl6"
"10467","Drc3",""
"10468","","LOC111581737"
"10469","Slc6a21","slc6a16a"
"10470","Sox8","LOC111573824"
"10471","Rab26","LOC111573825"
"10472","","LOC118470853"
"10473","Lpar2","lpar2a"
"10474","Tgif2lx2","pbx4"
"10475","Tgif2lx1","pbx4"
"10476","Myo1d",""
"10477","Elavl3","elavl3"
"10478","Dgkq",""
"10479","Nfkb1","nfkb1"
"10480","Rasa3","rasa3"
"10481","Mtm1","mtm1"
"10482","Arhgap5",""
"10483","","LOC129349376"
"10484","Yipf6","LOC129349361"
"10485","Yipf6","LOC111586486"
"10486","","LOC111576671"
"10487","","LOC129349352"
"10488","","LOC129349332"
"10489","","LOC111586485"
"10490","Klc3","klc3"
"10491","Klc4","klc3"
"10492","Hnrnpl","LOC111586943"
"10493","Tmem233","LOC111577867"
"10494","E2f6",""
"10495","Loxl2","loxl2a"
"10496","Susd6","susd6"
"10497","Slc22a2","LOC111565454"
"10498","Fut8","fut8b"
"10499","Btbd9","btbd9"
"10500","Crip2","LOC111575077"
"10501","Acot1","acot20"
"10502","Acot6","acot20"
"10503","Acot4","acot20"
"10504","Acot5","acot20"
"10505","Acot2","acot20"
"10506","Acot3","acot20"
"10507","Gpr176","gpr176"
"10508","","myt1la"
"10509","Fabp7","LOC111575074"
"10510","Slc22a2","LOC111565455"
"10511","Sdc2","LOC111586529"
"10512","Rpp25l",""
"10513","Tmem116","tmem116"
"10514","Mrps12","mrps12"
"10515","","zgc:153896"
"10516","Slc4a7","LOC111576314"
"10517","Prkcsh","prkcsh"
"10518","Plg",""
"10519","","LOC111579431"
"10520","Npw","LOC111579448"
"10521","Npb","LOC111579448"
"10522","Gpr171","gpr171"
"10523","Nptx1","nptx1l"
"10524","Lrch3","lrch3"
"10525","Prkca","prkcab"
"10526","Hnrnpul1","hnrnpul1"
"10527","","tmlhe"
"10528","Atp1b2","atp1b2b"
"10529","Zbtb20","zbtb20"
"10530","Mink1","mink1"
"10531","Puf60","LOC129349905"
"10532","Rhov","rhov"
"10533","Vps18","vps18"
"10534","Abhd12b","LOC111584578"
"10535","Nin","nin"
"10536","","nsd2"
"10537","Tmem214","tmem214"
"10538","Col5a2","col5a2b"
"10539","Mdh1b","mdh1b"
"10540","","retreg2"
"10541","Muc15",""
"10542","Vsir",""
"10543","Jam2",""
"10544","Igsf5",""
"10545","Clmp",""
"10546","Dlx4","bsx"
"10547","Atp5pf","atp5pf"
"10548","Aqp11","LOC111563805"
"10549","Gdpd4","LOC111563808"
"10550","App","appa"
"10551","","LOC111564143"
"10552","Ino80","ino80"
"10553","Cog5","cog5"
"10554","Stxbp6","stxbp6l"
"10555","","LOC111573796"
"10556","Mfsd4b1",""
"10557","Mfsd4b5",""
"10558","Mfsd4b4",""
"10559","Rev3l","rev3l"
"10560","Fbxo30","fbxo30a"
"10561","Zpld2","si:dkeyp-110a12.4"
"10562","Shprh","shprh"
"10563","Kcnk10","kcnk10a"
"10564","Chac1","chac1"
"10565","Coq8a",""
"10566","Grm1","grm1b"
"10567","Kcnip2","LOC111579231"
"10568","Bax","LOC111581681"
"10569","Rps11","rps11"
"10570","Nkiras2","nkiras2"
"10571","Dnajc7","dnajc7"
"10572","","trim24"
"10573","Akr1d1",""
"10574","","rab32b"
"10575","Pcnx1","pcnx1"
"10576","Cdk5r1","cdk5r1b"
"10577","Psmd11","psmd11b"
"10578","Nsf","LOC111567365"
"10579","","spag5"
"10580","Trmo",""
"10581","Anp32b","anp32b"
"10582","Coro2a","coro2aa"
"10583","Ptpn20","ptpn20"
"10584","Mapk8","mapk8a"
"10585","","LOC111571298"
"10586","Mvb12b","mvb12ba"
"10587","Pacs2","pacs2"
"10588","Tmem141","tmem141"
"10589","Adora2a","adora2ab"
"10590","Whrn","whrna"
"10591","Efna5","LOC111576579"
"10592","Drg1","drg1"
"10593","","LOC111576381"
"10594","Arhgap22",""
"10595","Naa25",""
"10596","Gclc","gclc"
"10597","Herc4",""
"10598","Ccnd2","LOC111584035"
"10599","Usp15","LOC111573181"
"10600","Slc4a5",""
"10601","Pfn2","LOC111585406"
"10602","Hes6","hes6"
"10603","Itm2c",""
"10604","Nmur1","LOC111585399"
"10605","","ticam1"
"10606","Gpr55","LOC111578817"
"10607","Abhd17a","LOC111571407"
"10608","Minpp1","LOC111588571"
"10609","Sgms1","sgms1a"
"10610","Mal","LOC111572889"
"10611","Mal","LOC111572896"
"10612","Comtd1","comtd1"
"10613","Ppa1","ppa1b"
"10614","","LOC111586956"
"10615","","sar1ab"
"10616","","LOC111587076"
"10617","Zbtb41","zbtb41"
"10618","Tinf2","LOC111581860"
"10619","Ano6","ano6"
"10620","Tysnd1","tysnd1"
"10621","Spock2","spock2"
"10622","Ddit4","LOC111573893"
"10623","Dnajb12",""
"10624","Trmt2b","trmt2b"
"10625","Scd4","scdb"
"10626","Scd2","scdb"
"10627","Vip","vip"
"10628","Chst3","chst3a"
"10629","Pank1","pank1a"
"10630","Fam171a1","fam171a1"
"10631","Tmem125","tmem125b"
"10632","Dda1","LOC111567015"
"10633","","LOC111563483"
"10634","Ciart","LOC111584938"
"10635","","LOC111563496"
"10636","Ano8","ano8a"
"10637","S100a3","s100a10b"
"10638","S100g","s100a10b"
"10639","S100a5","s100a10b"
"10640","S100a14","s100a10b"
"10641","S100a4","s100a10b"
"10642","S100a7a","s100a10b"
"10643","S100a8","s100a10b"
"10644","S100a2","s100a10b"
"10645","S100a9","s100a10b"
"10646","","s100a10b"
"10647","Gm5849","s100a10b"
"10648","Crnn","s100a10b"
"10649","Msh5","msh5"
"10650","Dnajc9","dnajc9"
"10651","Fam149b","fam149b1"
"10652","Ecd","ecd"
"10653","","si:ch211-248a14.8"
"10654","Fmn2",""
"10655","Grem2","grem2a"
"10656","Rgs7","rgs7a"
"10657","Rasgrp4","rasgrp4"
"10658","Sec14l4","LOC111565600"
"10659","Sec14l3","LOC111565600"
"10660","Fgfr3",""
"10661","Pnpla3","LOC111580511"
"10662","Fezf1","fezf1"
"10663","Cadps2","cadps2"
"10664","Denr","denr"
"10665","","lmo4a"
"10666","Vcan",""
"10667","Psmb10",""
"10668","Fpgs","fpgs"
"10669","Spaca4",""
"10670","Leng1","leng1"
"10671","Myh14","myh14"
"10672","Odad4","odad4"
"10673","Kctd13","kctd13"
"10674","Mosmo","mosmoa"
"10675","Zfp503","znf503"
"10676","Tdpoz3","spop"
"10677","Tdpoz5","spop"
"10678","Spopfm3","spop"
"10679","Tdpoz7","spop"
"10680","Tdpoz9","spop"
"10681","Tdpoz1","spop"
"10682","Tdpoz9-ps1","spop"
"10683","Spopfm2","spop"
"10684","Tdpoz2","spop"
"10685","Gm5773","spop"
"10686","Tdpoz8","spop"
"10687","Spop","spop"
"10688","Tdpoz4","spop"
"10689","C1d","c1d"
"10690","Phospho1","phospho1"
"10691","Fus","fus"
"10692","P4ha1","p4ha1b"
"10693","Ap2a1",""
"10694","Atp6v0a1","LOC111576404"
"10695","Ephb3","ephb3a"
"10696","Aknad1","LOC111567656"
"10697","","LOC111563492"
"10698","Kcnn4","kcnn4"
"10699","","LOC111567469"
"10700","Zfp804b",""
"10701","","si:dkey-79d12.5"
"10702","Vegfa","vegfaa"
"10703","Nacad","nacad"
"10704","","l3mbtl1b"
"10705","Adgrl2","LOC111579000"
"10706","P3h3","p3h3"
"10707","","sgk2b"
"10708","Ints13","ints13"
"10709","Ube2d3","LOC111583747"
"10710","Cnp","cnp"
"10711","","si:ch211-76l23.4"
"10712","Grin2c","grin2ca"
"10713","Slc5a4b","LOC111581865"
"10714","Slc5a4a","LOC111581865"
"10715","Gm5134","LOC111581865"
"10716","Msantd7",""
"10717","","si:dkey-14d8.1"
"10718","","tigarb"
"10719","Fgf23","fgf23"
"10720","Fgf6","LOC111584042"
"10721","Syt10","syt10"
"10722","Ppfibp1","LOC111588309"
"10723","","LOC111569103"
"10724","","LOC111569101"
"10725","Zfp638","matr3l1.2"
"10726","Paip2","LOC111569098"
"10727","","neurog1"
"10728","","LOC111585276"
"10729","Hvcn1","hvcn1"
"10730","Gfra3","gfra3"
"10731","Dnd1","dnd1"
"10732","Hars1","hars"
"10733","Hars2","hars"
"10734","Ptpn3","ptpn3"
"10735","Rad23b","rad23b"
"10736","Epb41l4b",""
"10737","Esrp1","esrp1"
"10738","Klf4","klf4"
"10739","Cplx4","cplx4a"
"10740","Rpl28",""
"10741","","unm_sa1261"
"10742","","LOC111569826"
"10743","Kcnh4","kcnh4a"
"10744","Ptgs1",""
"10745","Mettl2","mettl2a"
"10746","Acly",""
"10747","Il12a","il12a"
"10748","","si:dkeyp-97b10.3"
"10749","Ptgir","ptgir"
"10750","","si:dkey-202g17.3"
"10751","Ppm1j","ppm1na"
"10752","Ppm1m","ppm1na"
"10753","Ppm1n","ppm1na"
"10754","","rtn2a"
"10755","Ncam1","ncam1b"
"10756","","ccr12a"
"10757","Xkr4","xkr4"
"10758","Acvr2b","LOC111576974"
"10759","Ldhd","ldhd"
"10760","Kirrel1","kirrel1b"
"10761","Bmpr1b",""
"10762","Gfral","gfral"
"10763","Klhdc3","klhdc3"
"10764","Fam83h","fam83ha"
"10765","Lyst","lyst"
"10766","Klhl11","LOC111584514"
"10767","Armc5","armc5"
"10768","Nt5c3b","LOC111584510"
"10769","Cox6a2","LOC111587842"
"10770","","LOC111587848"
"10771","Epm2aip1",""
"10772","Fkbp10","fkbp10a"
"10773","P3h4","p3h4"
"10774","Adam11","LOC111584506"
"10775","Zfp324",""
"10776","","LOC111576704"
"10777","Tctn1","tctn1"
"10778","Nkx1-1","nkx1.2lb"
"10779","","uvssa"
"10780","","LOC111586933"
"10781","Adad1","adad1"
"10782","","LOC111585280"
"10783","","si:ch211-158d24.2"
"10784","Rnf215","rnf215"
"10785","Ascc2",""
"10786","Uap1l1",""
"10787","Slc25a25","slc25a25b"
"10788","Virma","virma"
"10789","","wu:fc17b08"
"10790","Slit1","slit1a"
"10791","Bmp3","bmp3"
"10792","Prkg2","prkg2"
"10793","Snx27","snx27b"
"10794","Kdm8","kdm8"
"10795","Ubfd1","ubfd1"
"10796","Lfng","lfng"
"10797","Cds1","cds1"
"10798","Lpxn","lpxn"
"10799","Scyl3","scyl3"
"10800","Firrm","firrm"
"10801","","si:dkey-51e6.1"
"10802","Sele","sele"
"10803","","LOC111573482"
"10804","Sele","selp"
"10805","","lmx1a"
"10806","Rxrg","rxrgb"
"10807","Heyl","LOC111583982"
"10808","Hes5","LOC111583982"
"10809","Heyl","LOC111583983"
"10810","Hes5","LOC111583983"
"10811","Heyl","LOC111583981"
"10812","Hes5","LOC111583981"
"10813","Heyl","LOC111586224"
"10814","Hes5","LOC111586224"
"10815","Heyl",""
"10816","Hes5",""
"10817","Nol8",""
"10818","Rap1gap","rap1gapb"
"10819","Use1","use1"
"10820","Rab3b","rab3b"
"10821","Dmrta2","dmrta2"
"10822","Insr","insrb"
"10823","Col2a1","col2a1a"
"10824","Ern2","ern1"
"10825","Treh","treh"
"10826","Adar","adar"
"10827","Eftud2","eftud2"
"10828","Ddx6","ddx6"
"10829","Abcf3",""
"10830","Ints1","ints1"
"10831","Gna12","gna12a"
"10832","Sgip1",""
"10833","Lhx9","lhx9"
"10834","2310009B15Rik","c2h1orf53"
"10835","Dennd1b","dennd1b"
"10836","","LOC129349296"
"10837","Abcc10","abcc6a"
"10838","","LOC111573561"
"10839","Pde4b","pde4ba"
"10840","Polr2d","polr2d"
"10841","Capns2","zgc:85932"
"10842","Atg16l2","LOC111563037"
"10843","Arrb1","arrb1"
"10844","Man1b1","man1b1a"
"10845","Smarcb1","LOC111577882"
"10846","Derl2","derl2"
"10847","Crat","LOC111577880"
"10848","Sdhb",""
"10849","Stum",""
"10850","Ehd3","ehd3"
"10851","Chrm2","LOC111585437"
"10852","","LOC111588128"
"10853","Impdh1","impdh1a"
"10854","Il20ra","il20ra"
"10855","Rtn4ip1","LOC111566435"
"10856","Tmem175","tmem175"
"10857","Zfp637",""
"10858","","LOC111578452"
"10859","Slc39a14","slc39a14"
"10860","Ypel2","ypel1"
"10861","Ppp6c","LOC111578449"
"10862","Stambp","LOC111565773"
"10863","Crybg1",""
"10864","","LOC111582758"
"10865","Tmc4","tmc4"
"10866","Mboat7","mboat7"
"10867","Rps9","rps9"
"10868","","rbfox1l"
"10869","Leng8","leng8"
"10870","Cdc42ep5","cdc42ep5"
"10871","Cnot3","cnot3a"
"10872","Mrpl20","mrpl20"
"10873","Atad3a","atad3"
"10874","Stxbp1","stxbp1b"
"10875","Ssh3",""
"10876","Aldob","aldob"
"10877","Ppil1","ppil1"
"10878","","traf3ip2a"
"10879","Tnfrsf21","tnfrsf21"
"10880","Elmo2","elmo2"
"10881","Trim50","LOC111574106"
"10882","Ubr7","LOC111574121"
"10883","Slc35f6","slc35f6"
"10884","Med23","med23"
"10885","Cyb5r3","LOC111570884"
"10886","Gpr22","LOC111579261"
"10887","Ndufa5","ndufa5"
"10888","Aebp2","aebp2"
"10889","Plekha5",""
"10890","","samd9l"
"10891","Slc5a8","slc5a8"
"10892","Trip10","trip10a"
"10893","Mrpl18","mrpl18"
"10894","Tcirg1","tcirg1b"
"10895","Ddx54","ddx54"
"10896","Thbs1","thbs1b"
"10897","Cadm3","cadm3"
"10898","Sdhc","sdhc"
"10899","Yipf1","yipf1"
"10900","Lrrc42","lrrc42"
"10901","Arhgap29","LOC111576976"
"10902","Cpne8","LOC111589158"
"10903","Exoc4",""
"10904","Chchd3","chchd3a"
"10905","","sema3aa"
"10906","Shisa6","LOC111574869"
"10907","Spns1","spns1"
"10908","Coro1a",""
"10909","","cldni"
"10910","Tlk2",""
"10911","Pinlyp",""
"10912","Lypd8l",""
"10913","Gm12253",""
"10914","1810065E05Rik",""
"10915","Lypd8",""
"10916","Pinlyp","LOC111577100"
"10917","Lypd8l","LOC111577100"
"10918","Gm12253","LOC111577100"
"10919","1810065E05Rik","LOC111577100"
"10920","Lypd8","LOC111577100"
"10921","Smg9",""
"10922","Rsph1","rsph1"
"10923","Acbd4","acbd4"
"10924","Slc16a3","slc16a3b"
"10925","Ptpru","ptprub"
"10926","Csnk1d","csnk1db"
"10927","Syt1","syt1a"
"10928","Kitl",""
"10929","Trub1","trub1"
"10930","Smpdl3a","smpdl3a"
"10931","Vgll2","vgll2a"
"10932","","si:ch211-243j20.2"
"10933","Lrrc45","lrrc45"
"10934","Prrt4","prrt4a"
"10935","Slc15a5",""
"10936","Cry1","cry1b"
"10937","Smad7","smad7"
"10938","Dym",""
"10939","Crat","LOC111577881"
"10940","Mapkap1","mapkap1"
"10941","Cel","LOC111571548"
"10942","Sptlc1","sptlc1"
"10943","Cstdc5","LOC111565970"
"10944","Stfa2","LOC111565970"
"10945","Cstdc4","LOC111565970"
"10946","Stfa2l1","LOC111565970"
"10947","Cstdc6","LOC111565970"
"10948","Csta3","LOC111565970"
"10949","Stfa3","LOC111565970"
"10950","Csta1","LOC111565970"
"10951","Stfa1","LOC111565970"
"10952","Csta2","LOC111565970"
"10953","","fam49bb"
"10954","Adhfe1","LOC129349908"
"10955","Klhl18","klhl18"
"10956","Bfsp2","LOC111568789"
"10957","Ccr9","LOC129349915"
"10958","Ccr9","ccr9a"
"10959","Zfp160","si:dkey-154p10.3"
"10960","Zfp92","si:dkey-154p10.3"
"10961","Opn4",""
"10962","Tmx3","LOC111568784"
"10963","Cdyl","LOC111586476"
"10964","Cdyl","LOC111568781"
"10965","Zfp160","LOC111581728"
"10966","Zfp92","LOC111581728"
"10967","Cdyl",""
"10968","Erfe","LOC129349948"
"10969","Mfn1","LOC129349790"
"10970","Asb15","asb15b"
"10971","Lmod2","lmod2b"
"10972","Wasl","waslb"
"10973","Gpr137b",""
"10974","Arhgap19","LOC111567187"
"10975","","LOC111567183"
"10976","Efemp1","efemp1"
"10977","Klhl31","klhl31"
"10978","Srf","srfb"
"10979","Rad51ap1",""
"10980","Fhip2a",""
"10981","","LOC111584034"
"10982","Ulk2","ulk2"
"10983","Tmem97","tmem97"
"10984","","si:ch211-167j9.5"
"10985","Usp32","usp32"
"10986","","ada2b"
"10987","Atp6v1e2","atp6v1e1b"
"10988","Atp6v1e1","atp6v1e1b"
"10989","","LOC118471623"
"10990","Pawr","pawr"
"10991","Tmem229a",""
"10992","Gpr37","gpr37b"
"10993","Ppm1j","LOC111565698"
"10994","Ppm1m","LOC111565698"
"10995","Ppm1h","LOC111565698"
"10996","Ppm1n","LOC111565698"
"10997","","il17rel"
"10998","","mrpl42"
"10999","Ppp1r12a","ppp1r12a"
"11000","Uck1",""
"11001","Rapgef1","rapgef1b"
"11002","Padi1","padi2"
"11003","Padi6","padi2"
"11004","Padi4","padi2"
"11005","Padi3","padi2"
"11006","Padi2","padi2"
"11007","","si:dkey-34e4.1"
"11008","Hnrnpk","hnrpkl"
"11009","Plpp7","LOC111577477"
"11010","Fam78a","fam78ab"
"11011","Tor1a","tor1"
"11012","Tor1b","tor1"
"11013","","LOC111575640"
"11014","Zswim6","zswim6"
"11015","Rps16","rps16"
"11016","Kif3a","kif3a"
"11017","Dock4","dock4b"
"11018","Cops4",""
"11019","Coro1c",""
"11020","Or55b3",""
"11021","Or55b4",""
"11022","Or55b10",""
"11023","Abcg1","abcg1"
"11024","Oacyl","oacyl"
"11025","Lman1",""
"11026","Kctd16","LOC111565145"
"11027","Hmgxb3","hmgxb3"
"11028","Nr3c1","nr3c1"
"11029","Kctd10","kctd10"
"11030","Ccbe1","ccbe1"
"11031","Hcn1","LOC111562973"
"11032","Ube3b","ube3b"
"11033","Abca4","LOC111563595"
"11034","Slitrk2",""
"11035","Cnga2","cnga2a"
"11036","Atrx","atrx"
"11037","Glis3","glis3"
"11038","Tbx5","tbx5a"
"11039","Tbx3","tbx3a"
"11040","Tmem120b","tmem120b"
"11041","Xbp1","xbp1"
"11042","Pitpnm2","LOC111565803"
"11043","Hsd17b4","hsd17b4"
"11044","","zgc:92360"
"11045","Calm4","cabp2a"
"11046","Calm5","cabp2a"
"11047","Efcab15","cabp2a"
"11048","Cetn2","cabp2a"
"11049","Urgcp","LOC111583389"
"11050","","LOC111583390"
"11051","","LOC111583385"
"11052","Cinp",""
"11053","Mad1l1","mad1l1"
"11054","Bard1",""
"11055","Vwc2l","vwc2l"
"11056","Ankzf1","ankzf1"
"11057","Bzw1","LOC111575120"
"11058","Tcf7l2","tcf7l2"
"11059","Kat6b","kat6b"
"11060","Bag6","bag6l"
"11061","","si:ch211-152p11.4"
"11062","Atat1","atat1"
"11063","","col28a1a"
"11064","Rpa3","rpa3"
"11065","Umad1","umad1"
"11066","Tnf","tnfa"
"11067","Lta","tnfa"
"11068","Gatad2b",""
"11069","Ptpru","ptprua"
"11070","","LOC111574800"
"11071","Dusp13b","LOC111574801"
"11072","","LOC111574795"
"11073","Samd8",""
"11074","","LOC111574797"
"11075","Dusp13a","LOC111574784"
"11076","Tnrc6b","tnrc6ba"
"11077","","si:ch211-141o9.10"
"11078","Mapk8","mapk8b"
"11079","Hrg","LOC111581182"
"11080","Fetub","LOC111581182"
"11081","Tns3","si:ch211-191a24.3"
"11082","Mast2","mast2"
"11083","Ank1","ank1a"
"11084","","arl3l1"
"11085","","rgs14b"
"11086","Rint1","rint1"
"11087","Pex5l",""
"11088","Slc39a11",""
"11089","","LOC111570211"
"11090","Bms1","bms1"
"11091","Fnta","fnta"
"11092","Aup1","aup1"
"11093","Pdgfrl","pdgfrl"
"11094","Higd2a","higd2a"
"11095","Cltb","cltb"
"11096","Mfn1","LOC111564487"
"11097","Gpr151","gpr151"
"11098","Ppp2r2b",""
"11099","Trmt12","trmt12"
"11100","Sytl4","sytl4"
"11101","Srpx2","srpx2"
"11102","Prpf19",""
"11103","Tspan6",""
"11104","","LOC111569507"
"11105","Rnf20","rnf20"
"11106","Mindy3","mindy3"
"11107","Itga8","itga8"
"11108","Erfe","LOC129349758"
"11109","Acvrl1","LOC111577012"
"11110","Cyp7b1","LOC111564486"
"11111","","epc1b"
"11112","Chmp2b","chmp2ba"
"11113","Pou1f1","pou1f1"
"11114","Rpl26","rpl26"
"11115","B3gnt6","si:dkey-160o24.3"
"11116","Hbegf","hbegfa"
"11117","Col6a2",""
"11118","Ctsf","ctsf"
"11119","Pip4k2b",""
"11120","Smug1","smug1"
"11121","Calcoco1","calcoco1b"
"11122","Rarg","LOC111587630"
"11123","Eif1ad","eif1ad"
"11124","Mtmr7","mtmr7a"
"11125","Tacc1","tacc1"
"11126","Aggf1","aggf1"
"11127","Msi1","LOC111577856"
"11128","","has1"
"11129","","LOC111577097"
"11130","","LOC111577086"
"11131","Try10",""
"11132","Prss2",""
"11133","Prss3",""
"11134","Try5",""
"11135","Prss1l",""
"11136","Try4",""
"11137","Prss3b",""
"11138","Prss1",""
"11139","1810009J06Rik",""
"11140","Prss3l",""
"11141","Gm2663",""
"11142","Try10","LOC111577050"
"11143","Prss2","LOC111577050"
"11144","Prss3","LOC111577050"
"11145","Try5","LOC111577050"
"11146","Prss1l","LOC111577050"
"11147","Try4","LOC111577050"
"11148","Prss3b","LOC111577050"
"11149","Prss1","LOC111577050"
"11150","1810009J06Rik","LOC111577050"
"11151","Prss3l","LOC111577050"
"11152","Gm2663","LOC111577050"
"11153","","si:ch211-261d7.3"
"11154","","LOC111567590"
"11155","","znf576.2"
"11156","","si:dkey-34d22.1"
"11157","Gmeb1","LOC111567596"
"11158","Grwd1",""
"11159","","kcnn3"
"11160","Ntng2","ntng2b"
"11161","Mphosph9",""
"11162","Cdk2ap1rt","LOC111565802"
"11163","Cdk2ap1","LOC111565802"
"11164","Sbno1","sbno1"
"11165","Slc7a12","slc7a2"
"11166","AU018091","slc7a2"
"11167","Slc7a2","slc7a2"
"11168","Slc7a11","slc7a2"
"11169","Slc7a13","slc7a2"
"11170","Guf1","guf1"
"11171","Klf6","LOC111575891"
"11172","Pitrm1","pitrm1"
"11173","Ablim1",""
"11174","Tox3","tox3"
"11175","Tshz3","tshz3b"
"11176","Sall1","sall1a"
"11177","Cyld","cylda"
"11178","Nod2","nod2"
"11179","Slc6a1","slc6a1b"
"11180","Nkd1",""
"11181","Brd7","brd7"
"11182","Adcy7","adcy7"
"11183","Pcgf2","LOC111575064"
"11184","Cbx6",""
"11185","","nptxrb"
"11186","Pla2g6","LOC111588208"
"11187","Pecam1","pecam1b"
"11188","6030468B19Rik","pecam1b"
"11189","Arhgap22","si:dkey-191m6.4"
"11190","","LOC111575060"
"11191","Sclt1","sclt1"
"11192","D3Ertd751e","c4h4orf33"
"11193","Axin1","LOC111587652"
"11194","Ubn1",""
"11195","","LOC111578002"
"11196","Dnaja3","LOC111588203"
"11197","3425401B19Rik","LOC111572062"
"11198","Lrrc18",""
"11199","Vat1",""
"11200","Kctd17","kctd17"
"11201","Gucy2c","gucy2cb"
"11202","Lrig2","lrig2"
"11203","Zbtb2","zbtb2b"
"11204","","gja11"
"11205","Gtf3c2","gtf3c2"
"11206","Slc30a2","slc30a2"
"11207","Jag2","jag2b"
"11208","Gpr37l1","gpr37l1a"
"11209","Magi3","LOC111565011"
"11210","Cr2","im:7151449"
"11211","","LOC111577092"
"11212","Atxn1","LOC111570316"
"11213","Fam8a1","LOC111570302"
"11214","Fabp5","fabp4b"
"11215","Fabp9","fabp4b"
"11216","Pmp2","fabp4b"
"11217","Fabp12","fabp4b"
"11218","Flcn",""
"11219","Nav1",""
"11220","Leng9","leng9"
"11221","Ttyh1","ttyh1"
"11222","Gem","gem"
"11223","Cdh17","cdh17"
"11224","Pdp1","pdp1"
"11225","Paqr7","paqr7b"
"11226","Hey1","LOC111572037"
"11227","Rbm12b2","rbm12bb"
"11228","Rbm12b1","rbm12bb"
"11229","Josd2","josd2"
"11230","Stmn2","stmn2a"
"11231","Upp1",""
"11232","Tmem67","tmem67"
"11233","Reps1","reps1"
"11234","Hrh1","hrh1"
"11235","Atg7","atg7"
"11236","Csrnp1","csrnp1b"
"11237","Shh","shha"
"11238","Eef1e1","eef1e1"
"11239","Pdcd6","pdcd6"
"11240","","zgc:101569"
"11241","Plcxd2",""
"11242","Htr5b","htr5ab"
"11243","Htr5a","htr5ab"
"11244","Slc4a2","slc4a2b"
"11245","Cep41","cep41"
"11246","Katnbl1","katnbl1"
"11247","","LOC111564595"
"11248","","gja13.1"
"11249","Trim67","LOC111564633"
"11250","Sin3a","LOC111564410"
"11251","Nme6","nme6"
"11252","Baalc","baalcb"
"11253","Epm2a","epm2a"
"11254","Spint1","LOC111582617"
"11255","Wfdc8","LOC111582617"
"11256","Lrp11","LOC111582617"
"11257","Spint4","LOC111582617"
"11258","Wfdc6b","LOC111582617"
"11259","Eppin","LOC111582617"
"11260","Wfdc6a","LOC111582617"
"11261","2810004N23Rik","c12h1orf131"
"11262","","bub1ba"
"11263","Gnpat","gnpat"
"11264","Pak6","pak6b"
"11265","","myh6"
"11266","Fos","LOC111583368"
"11267","Tmed10","tmed10"
"11268","Eif2b2","eif2b2"
"11269","","adcyap1a"
"11270","Ptprn2","ptprn2"
"11271","","LOC111566665"
"11272","Myb","myb"
"11273","Tent5a","LOC111567695"
"11274","Ust","usta"
"11275","Slc22a16",""
"11276","","LOC111587089"
"11277","","kif25"
"11278","Erbb4","LOC111574054"
"11279","Cdc42bpb","cdc42bpb"
"11280","Ndufv3","ndufv3"
"11281","Pknox1","pknox1.1"
"11282","Tmprss3",""
"11283","","LOC111563285"
"11284","Stat4","LOC111563280"
"11285","","mphosph8"
"11286","","nms"
"11287","Pdcl3","pdcl3"
"11288","Ccdc93","ccdc93"
"11289","Tent4b","tent4b"
"11290","Wdr75","wdr75"
"11291","Pitpnb","pitpnb"
"11292","Gadd45g","LOC111585481"
"11293","Gadd45g","gadd45gb.1"
"11294","Tssk4",""
"11295","Nim1k",""
"11296","Tssk3",""
"11297","Ccdc152","LOC111572694"
"11298","Cdk9","cdk9"
"11299","Megf10","megf10"
"11300","Opn3","opn3"
"11301","Ltbp1",""
"11302","Rasgrp3","rasgrp3"
"11303","Muc4",""
"11304","Zfp36l2","zfp36l2"
"11305","Rin2","rin2a"
"11306","Inpp5a","LOC111565432"
"11307","Heatr3","heatr3"
"11308","Cnep1r1","cnep1r1"
"11309","Nat1","si:dkey-78a14.4"
"11310","Nat2","si:dkey-78a14.4"
"11311","Nat3","si:dkey-78a14.4"
"11312","Atp6v0a1","LOC111565179"
"11313","Ccdc102a","ccdc102a"
"11314","","si:ch1073-459b3.2"
"11315","","LOC129350435"
"11316","","LOC129348872"
"11317","Ugt2a3","LOC111572424"
"11318","Ugt1a6a","LOC111572424"
"11319","Ugt1a7c","LOC111572424"
"11320","Ugt1a6b","LOC111572424"
"11321","Ugt1a10","LOC111572424"
"11322","Ugt1a8","LOC111572424"
"11323","Ugt1a9","LOC111572424"
"11324","Ugt1a2","LOC111572424"
"11325","Ugt1a5","LOC111572424"
"11326","Ugt2a1","LOC111572424"
"11327","Ugt2a2","LOC111572424"
"11328","Ugt2a3","LOC111571652"
"11329","Ugt1a6a","LOC111571652"
"11330","Ugt1a7c","LOC111571652"
"11331","Ugt1a6b","LOC111571652"
"11332","Ugt1a10","LOC111571652"
"11333","Ugt1a8","LOC111571652"
"11334","Ugt1a9","LOC111571652"
"11335","Ugt1a2","LOC111571652"
"11336","Ugt1a5","LOC111571652"
"11337","Ugt2a1","LOC111571652"
"11338","Ugt2a2","LOC111571652"
"11339","Ugt2a3","LOC111572428"
"11340","Ugt1a6a","LOC111572428"
"11341","Ugt1a7c","LOC111572428"
"11342","Ugt1a6b","LOC111572428"
"11343","Ugt1a10","LOC111572428"
"11344","Ugt1a8","LOC111572428"
"11345","Ugt1a9","LOC111572428"
"11346","Ugt1a2","LOC111572428"
"11347","Ugt1a5","LOC111572428"
"11348","Ugt2a1","LOC111572428"
"11349","Ugt2a2","LOC111572428"
"11350","Ugt2a3","LOC111571628"
"11351","Ugt1a6a","LOC111571628"
"11352","Ugt1a7c","LOC111571628"
"11353","Ugt1a6b","LOC111571628"
"11354","Ugt1a10","LOC111571628"
"11355","Ugt1a8","LOC111571628"
"11356","Ugt1a9","LOC111571628"
"11357","Ugt1a2","LOC111571628"
"11358","Ugt1a5","LOC111571628"
"11359","Ugt2a1","LOC111571628"
"11360","Ugt2a2","LOC111571628"
"11361","Slx4ip","slx4ip"
"11362","Mkks","mkks"
"11363","Srd5a2","srd5a2b"
"11364","Khdrbs2",""
"11365","Sptlc3","sptlc3"
"11366","Xpc","xpc"
"11367","","si:ch211-203k16.3"
"11368","Abtb3","btbd11b"
"11369","Cars1","cars1"
"11370","Atp6v0e","atp6v0e1"
"11371","Nrg2","nrg2b"
"11372","","cry-dash"
"11373","Myd88","myd88"
"11374","","oxsr1b"
"11375","","pld7"
"11376","Gpr137","gpr137"
"11377","Rhof","rhof"
"11378","Syvn1","syvn1"
"11379","Setd1b",""
"11380","Gjb4","gjb9b"
"11381","Gjb5","gjb9b"
"11382","Tbx21","tbxta"
"11383","Mfsd2a","mfsd2ab"
"11384","","LOC111569868"
"11385","Mtus1","mtus1a"
"11386","Strbp","strbp"
"11387","Tmem59","tmem59"
"11388","Tceanc2","tceanc2"
"11389","Cdcp2",""
"11390","","sybl1"
"11391","Atp1a2","atp1a2a"
"11392","Polr1d","polr1d"
"11393","Kctd12b","kctd12b"
"11394","Ablim3","ablim3"
"11395","Mib1","mib1"
"11396","Fstl4","fstl4"
"11397","Rhoa","rhoab"
"11398","Zfp641","LOC111588295"
"11399","Zscan18","LOC111588295"
"11400","Zscan5b","LOC111588295"
"11401","Zkscan17","LOC111588295"
"11402","Zkscan2","LOC111588295"
"11403","Zfp770","LOC111588295"
"11404","Scand1","LOC111588295"
"11405","Plagl2","LOC111588295"
"11406","Zfp174","LOC111588295"
"11407","Zfp446","LOC111588295"
"11408","Zkscan6","LOC111588295"
"11409","Zfp444","LOC111588295"
"11410","Peg3","LOC111588295"
"11411","Ovol3","LOC111588295"
"11412","Zscan29","LOC111588295"
"11413","Plagl1","LOC111588295"
"11414","Zfp369","LOC111588295"
"11415","Zfp110","LOC111588295"
"11416","Zfp202","LOC111588295"
"11417","Gata5","gata5"
"11418","Tmprss11c",""
"11419","Tmprss11g",""
"11420","Dalrd3","dalrd3"
"11421","Mtcl2","mtcl2"
"11422","Hdac6","hdac6"
"11423","","si:dkeyp-68b7.12"
"11424","Olfm3","LOC111574173"
"11425","Lig1","lig1"
"11426","Fblim1","fblim1"
"11427","Arfgap1","arfgap1"
"11428","Snx19","snx19b"
"11429","Lao1",""
"11430","Timm8b","timm8b"
"11431","Sdhd","sdhdb"
"11432","Nsg1","LOC111583169"
"11433","Appbp2","appbp2"
"11434","Stx18","stx18"
"11435","Larp4","larp4ab"
"11436","Ppm1d","LOC111581230"
"11437","Pfdn5","pfdn5"
"11438","Brip1","brip1"
"11439","Espl1","espl1"
"11440","Tbx4","tbx4"
"11441","Trim3","LOC111563676"
"11442","Pfkm","pfkmb"
"11443","Mlc1","mlc1"
"11444","Panx2","panx2"
"11445","Trabd","trabd"
"11446","Selenoo",""
"11447","S1pr2",""
"11448","Tom1l2","LOC111578187"
"11449","Dnajc5g","dnajc5ga"
"11450","2310022B05Rik","c12h1orf198"
"11451","Unc93a","unc93a"
"11452","Unc93a2","unc93a"
"11453","Mapk12",""
"11454","","LOC111582729"
"11455","Emc7","emc7b"
"11456","Abracl","abracl"
"11457","","si:ch211-220f16.2"
"11458","Heca","heca"
"11459","Nt5c1b","LOC111583148"
"11460","Cog3","cog3"
"11461","","akirin2"
"11462","Xrcc5","xrcc5"
"11463","Urgcp","LOC111574473"
"11464","Extl1",""
"11465","Crtc3",""
"11466","Brsk2","LOC111574458"
"11467","","LOC111564590"
"11468","Myct1","myct1a"
"11469","Mtif3","LOC129350198"
"11470","Mtif3","LOC111589029"
"11471","Clec11a",""
"11472","Knstrn","knstrn"
"11473","Knl1","knl1"
"11474","Armt1","armt1"
"11475","Esr1",""
"11476","Cavin1","LOC111565178"
"11477","Fgb","fgb"
"11478","Impg2","impg2a"
"11479","Senp7",""
"11480","Rtn4rl2",""
"11481","Atp6ap2","atp6ap2"
"11482","Rnf38","rnf38"
"11483","Pogk",""
"11484","Abtb2","LOC111574469"
"11485","Nfxl1","LOC129348108"
"11486","Cacna1s","LOC111564440"
"11487","Polr2a","polr2a"
"11488","Tlr2","tlr2"
"11489","Rad23a","rad23aa"
"11490","St13","st13"
"11491","","LOC111586221"
"11492","","LOC111580822"
"11493","Kdelr3",""
"11494","Kcnj4",""
"11495","Sox10","sox10"
"11496","Polr2f","polr2f"
"11497","","LOC111582921"
"11498","Psmd11","LOC111566415"
"11499","Chat",""
"11500","Arl3","arl3b"
"11501","Rpain","rpain"
"11502","Gbgt1","LOC111583435"
"11503","Rrn3","rrn3"
"11504","Rab3gap1","rab3gap1"
"11505","Prl5a1","prl"
"11506","Prl7c1","prl"
"11507","Prl2c3","prl"
"11508","Prl8a9","prl"
"11509","Prl2c2","prl"
"11510","Prl7a2","prl"
"11511","Prl2c5","prl"
"11512","Prl4a1","prl"
"11513","Prl8a6","prl"
"11514","Prl8a8","prl"
"11515","Prl3d3","prl"
"11516","Prl8a2","prl"
"11517","Prl3b1","prl"
"11518","Prl2c1","prl"
"11519","Prl3d1","prl"
"11520","Prl3a1","prl"
"11521","Prl8a1","prl"
"11522","Prl2a1","prl"
"11523","Prl2b1","prl"
"11524","Prl7b1","prl"
"11525","Prl7a1","prl"
"11526","Prl6a1","prl"
"11527","Prl3d2","prl"
"11528","Prl3c1","prl"
"11529","Prl","prl"
"11530","Prl7d1","prl"
"11531","","si:dkey-204f11.64"
"11532","Carm1",""
"11533","Nav2","nav2a"
"11534","Cyth1","cyth1b"
"11535","Mbd3","mbd3b"
"11536","Mbd3l2","mbd3b"
"11537","Mbd3l1","mbd3b"
"11538","Scly","scly"
"11539","Trim8","trim8b"
"11540","St6galnac1","st6galnac1.1"
"11541","Mxra7",""
"11542","Srsf2","srsf2a"
"11543","Rnf157","rnf157"
"11544","Ift46","LOC111567092"
"11545","Hoxa9","LOC111577214"
"11546","Hmx1","LOC111577190"
"11547","Adra2c",""
"11548","Phka1","phka1a"
"11549","Timp2","timp2a"
"11550","Sfxn2","sfxn2"
"11551","A330040F15Rik","LOC111586856"
"11552","Fam111a","LOC111586856"
"11553","","leap2"
"11554","Plod3","plod3"
"11555","Myl1","myl1"
"11556","Cps1","cps1"
"11557","Atp5mg","atp5l"
"11558","Atg5lrt","atp5l"
"11559","Wscd1","wscd1b"
"11560","Capn5","capn5b"
"11561","Elmod1","elmod1"
"11562","Prph2","prph2a"
"11563","Wnt3","wnt3"
"11564","Acat1","acat1"
"11565","Lhpp",""
"11566","Fam53b","fam53b"
"11567","Hpdl","hpdl"
"11568","Zranb1","zranb1a"
"11569","","LOC111569350"
"11570","Nptx1","LOC111577945"
"11571","Gtf3c1","LOC111587660"
"11572","Ormdl3","ormdl3"
"11573","","LOC111575976"
"11574","Unc5c","unc5cb"
"11575","Pcdh18","pcdh18b"
"11576","","LOC111569537"
"11577","Fgf16","fgf16"
"11578","Snx25","snx25"
"11579","Cnot6","LOC111569508"
"11580","Zdhhc15","zdhhc15b"
"11581","Uprt","uprt"
"11582","Abcb7","abcb7"
"11583","Adamtsl5","adamtsl5"
"11584","Serinc4","serinc4"
"11585","Dbx1","dbx1a"
"11586","Htatip2",""
"11587","Prmt3",""
"11588","Slco3a1","LOC111563321"
"11589","Ptprj",""
"11590","Synm","synm"
"11591","Ttc23","ttc23"
"11592","","c1qtnf13"
"11593","Elapor2","elapor2a"
"11594","Eprs1","eprs1"
"11595","Espnl","LOC111565037"
"11596","Ndnf","ndnf"
"11597","Mipep","mipepa"
"11598","Sbno2","sbno2b"
"11599","Btbd3","btbd3b"
"11600","Bmp5",""
"11601","Ascc1","ascc1"
"11602","Anapc16",""
"11603","Ddit4","ddit4"
"11604","Dnajb12","dnajb12b"
"11605","Iars2","iars2"
"11606","Scd4",""
"11607","Scd2",""
"11608","Mmp21",""
"11609","Uros","uros"
"11610","Bccip",""
"11611","Arhgap5","LOC111579781"
"11612","Arhgap5","LOC111571830"
"11613","Cxcr5","LOC111577346"
"11614","Bcl9l","bcl9l"
"11615","Rpl35a",""
"11616","","LOC111579428"
"11617","Med17","med17"
"11618","Trim8","LOC111577440"
"11619","","si:dkey-103j14.5"
"11620","Cilk1","cilk1"
"11621","Spast",""
"11622","","zgc:154093"
"11623","Slc35f2","LOC111563042"
"11624","Abcc5","abcc5"
"11625","Sec31b","sec31b"
"11626","Ifi44l","LOC111573444"
"11627","Ifi44","LOC111573444"
"11628","Tra2b",""
"11629","Tmem151b","tmem151bb"
"11630","Uggt1","uggt1"
"11631","","fhdc4"
"11632","Arfip2","LOC111563684"
"11633","Nek3","nek3"
"11634","","si:dkey-24p1.6"
"11635","Stim1","stim1a"
"11636","Meis2",""
"11637","Ctsf",""
"11638","Ctsw",""
"11639","Dhrs7","dhrs7"
"11640","Dhrs7l","dhrs7"
"11641","Pcnx4","pcnx4"
"11642","Slc6a21","LOC111582629"
"11643","Arf6","arf6b"
"11644","Cnksr1","cnksr1"
"11645","","si:dkey-13p1.4"
"11646","Pacrg","pacrg"
"11647","Prox2","prox2"
"11648","Id2","id2a"
"11649","Kidins220","kidins220a"
"11650","Rars2","rars2"
"11651","","ftr82"
"11652","Dnajc7","LOC111566723"
"11653","Nherf4","nherf4b"
"11654","Ywhae","LOC111575123"
"11655","Tmprss2","tmprss2"
"11656","Zpld2",""
"11657","Hyou1","hyou1"
"11658","Bcor","bcor"
"11659","Mid1ip1","LOC111566423"
"11660","Tspan7","tspan7"
"11661","Katnal1","katnal1"
"11662","","LOC111577830"
"11663","","pde11a"
"11664","Senp3",""
"11665","Axdnd1","axdnd1"
"11666","Agps","agps"
"11667","Nphs2",""
"11668","","anos1b"
"11669","Tdrd5","tdrd5"
"11670","Fam163a","fam163ab"
"11671","Swt1","swt1"
"11672","","rubcn"
"11673","Ivns1abp","ivns1abpa"
"11674","Abcd4",""
"11675","Rnf10","rnf10"
"11676","Kyat3","LOC111575097"
"11677","Tango2","tango2"
"11678","Ttc28","LOC111580372"
"11679","Tom1","tom1"
"11680","Cpt1c","cpt1a2b"
"11681","Cd2ap","cd2ap"
"11682","","atp5mj"
"11683","","meis2b"
"11684","Slc35a1","slc35a1"
"11685","Cnot9","LOC111568512"
"11686","Usp37","usp37"
"11687","Ybey","ybey"
"11688","Mcm3ap","mcm3ap"
"11689","Lss","lss"
"11690","","syne1a"
"11691","Fmo9","LOC111577525"
"11692","Tmem200a","tmem200a"
"11693","Fyn","fynb"
"11694","Fsd1","fsd1"
"11695","Khdrbs1","khdrbs1b"
"11696","","txnl4a"
"11697","","zgc:85777"
"11698","Bet1","bet1"
"11699","Zdhhc18","zdhhc18b"
"11700","","LOC111563811"
"11701","Kdf1","kdf1b"
"11702","Nr0b2",""
"11703","Dact3","LOC111585110"
"11704","Cdc42bpg",""
"11705","","arpp21"
"11706","Gm57852","zftraf1"
"11707","Zftraf1","zftraf1"
"11708","Dclk3",""
"11709","","LOC129348828"
"11710","","LOC111566450"
"11711","Kcnk3","kcnk3a"
"11712","Crisp3",""
"11713","Crisp1",""
"11714","Matn3",""
"11715","","si:dkey-12h9.6"
"11716","Syne2","LOC111589009"
"11717","Mideas","mideasa"
"11718","Kcns3","LOC111574503"
"11719","","LOC111574502"
"11720","Dennd11","LOC111582993"
"11721","Arl1","arl1"
"11722","Utp20","utp20"
"11723","Tspan11","tspan11"
"11724","","LOC111571518"
"11725","Dcp1b",""
"11726","Rexo2",""
"11727","Hlcs","hlcs"
"11728","Sim2","sim2"
"11729","","ftr83"
"11730","Vps11",""
"11731","Slc36a2","LOC111578731"
"11732","Slc36a3","LOC111578731"
"11733","","ddx43"
"11734","Ruvbl2","ruvbl2"
"11735","Tsc22d2","tsc22d2"
"11736","Pfn2","LOC111575594"
"11737","","rps27a"
"11738","","rabgap1l"
"11739","Glud1",""
"11740","Map3k7","map3k7"
"11741","Shld2",""
"11742","Cryzl1","cryzl1"
"11743","Setd4",""
"11744","Cbr1b","LOC111579487"
"11745","Cbr1","LOC111579487"
"11746","Dhrs4","LOC111579490"
"11747","Cbr3","LOC111579490"
"11748","Dhrs2","LOC111579490"
"11749","","LOC111578243"
"11750","Pex13","pex13"
"11751","","LOC111574688"
"11752","Polr1c",""
"11753","Pfkp","LOC111563872"
"11754","Myadm","myadmb"
"11755","Nfatc4","nfatc4"
"11756","Ltb4r2",""
"11757","Sdr39u1","sdr39u1"
"11758","Mettl17","mettl17"
"11759","","si:dkey-187a12.4"
"11760","Parp2","parp2"
"11761","Sncg","sncga"
"11762","Mmrn2",""
"11763","","LOC111585728"
"11764","","si:ch1073-126c3.2"
"11765","Eno4","eno4"
"11766","","si:ch211-284o19.8"
"11767","Pcgf6","pcgf6"
"11768","Bach2","bach2b"
"11769","Ina","LOC111574675"
"11770","Dntt",""
"11771","Enpp1","enpp1"
"11772","","LOC111583246"
"11773","","zgc:66427"
"11774","","tep1"
"11775","Col11a1","LOC111574170"
"11776","","kcnq5a"
"11777","Erfl",""
"11778","Ntng1","LOC111579721"
"11779","Dnaaf6","dnaaf6"
"11780","Dnaaf6rt","dnaaf6"
"11781","Apoo",""
"11782","Amy1","LOC111570233"
"11783","Gata6",""
"11784","Wnt9a","wnt9a"
"11785","Ptprf","LOC111573927"
"11786","","rnaseh2c"
"11787","Zbtb3","zbtb3"
"11788","Trpt1",""
"11789","Fermt3",""
"11790","Ror2","ror2"
"11791","","LOC111571551"
"11792","Gsn","gsna"
"11793","Stap2","LOC111587324"
"11794","Klhl30","klhl30"
"11795","Cep250","crocc2"
"11796","Sned1","sned1"
"11797","Ryk","ryk"
"11798","Slc26a3","LOC111579283"
"11799","Fabp3","fabp3"
"11800","Cspg5","cspg5b"
"11801","Pdk4","pdk4"
"11802","","LOC111563964"
"11803","","ttf2"
"11804","Dnaaf10","LOC111570968"
"11805","Rmc1",""
"11806","Tnik","tnikb"
"11807","Pno1","pno1"
"11808","Actn2",""
"11809","Kcnc2",""
"11810","Tm7sf3","tm7sf3"
"11811","Dsn1","LOC111573696"
"11812","Atp13a1","atp13a1"
"11813","Pik3cg","pik3cg"
"11814","Hbp1","LOC111578551"
"11815","Ptprz1",""
"11816","Nrtn","LOC111575500"
"11817","Ranbp3","ranbp3b"
"11818","Birc6","birc6"
"11819","Dync1i1","LOC111583712"
"11820","Chchd5","LOC111573700"
"11821","Socs1","socs1a"
"11822","Prkcb","prkcbb"
"11823","Col15a1","col16a1"
"11824","Slc25a13","LOC111583716"
"11825","Ppil2",""
"11826","Cenpj","cenpj"
"11827","Rnf17","rnf17"
"11828","Tmem50b","LOC111588648"
"11829","Ifnar1","il10rb"
"11830","Epcip","LOC111588470"
"11831","","LOC111588602"
"11832","Ifnlr1","LOC111588460"
"11833","","LOC111588622"
"11834","Dpp10","LOC111575549"
"11835","Dnhd1",""
"11836","Mllt6",""
"11837","","LOC111569990"
"11838","Igfbp4","LOC111569980"
"11839","Smarce1","LOC111569984"
"11840","Slc30a1","slc30a1a"
"11841","Nek2","nek2"
"11842","Rps12","rps12"
"11843","Vtcn1","vtcn1"
"11844","","LOC111587336"
"11845","","irg1l"
"11846","","si:ch211-153b23.3"
"11847","Esd","esd"
"11848","Ccr7","ccr7"
"11849","Tns4",""
"11850","Pdgfa","LOC111588207"
"11851","Endov","LOC111577946"
"11852","Pdgfb",""
"11853","","LOC111588205"
"11854","","gpr78a"
"11855","Baiap2l2","baiap2l2b"
"11856","Pvalb","pvalb7"
"11857","Ncf4","ncf4"
"11858","","LOC111576727"
"11859","Krt222",""
"11860","Acp1","acp1"
"11861","","LOC111569987"
"11862","Stx11","LOC111574971"
"11863","Stx11","stx11b.1"
"11864","Sec14l1","si:dkey-237i9.1"
"11865","Mthfd1l","mthfd1l"
"11866","Hao2","hao2"
"11867","Hsd3b5","hsd3b1"
"11868","Hsd3b8","hsd3b1"
"11869","Hsd3b9","hsd3b1"
"11870","Hsd3b2","hsd3b1"
"11871","Hsd3b1","hsd3b1"
"11872","Hsd3b4","hsd3b1"
"11873","Hsd3b3","hsd3b1"
"11874","Hsd3b6","hsd3b1"
"11875","Pla1a","pla1a"
"11876","Raph1","LOC111584947"
"11877","","LOC111587657"
"11878","Chrna6","chrna6"
"11879","Gtpbp1","gtpbp1l"
"11880","Sun2","sun2"
"11881","Htra3","LOC111576736"
"11882","Rasal3","rasal3"
"11883","","trim25"
"11884","Dgke","dgke"
"11885","Lgals2","lgals2b"
"11886","Rims1",""
"11887","Htra4","htra4"
"11888","Tm2d2",""
"11889","","zgc:171971"
"11890","Tfam","tfam"
"11891","Ube2d1","ube2d1b"
"11892","Dok2","dok3"
"11893","Ddx41","LOC111578772"
"11894","Bbx",""
"11895","Spns2","spns2"
"11896","Ndufb8","ndufb8"
"11897","Gpx1",""
"11898","Arrdc5","arrdc1a"
"11899","","tbx3b"
"11900","","fgf17"
"11901","Lman2l","lman2lb"
"11902","","zgc:162952"
"11903","Fkbp15","fkbp15b"
"11904","Spns3","spns3"
"11905","Fbxl15","fbxl15"
"11906","Pax2","LOC111567846"
"11907","Sdf4",""
"11908","Chst13","LOC111580724"
"11909","Chrna4",""
"11910","Rfc2","rfc2"
"11911","Npc1",""
"11912","","LOC111566228"
"11913","Ndrg3","LOC111583728"
"11914","Fbxo28","fbxo28"
"11915","Cntnap3","LOC111567620"
"11916","Smg8",""
"11917","","LOC111575058"
"11918","Pi4k2b",""
"11919","Btg4","btg4"
"11920","Sh3pxd2b","sh3pxd2b"
"11921","Irf1","irf1b"
"11922","Ttc3","ttc3"
"11923","Clint1","LOC111584673"
"11924","","bod1"
"11925","Htatsf1",""
"11926","Fam83b",""
"11927","","tpst1l"
"11928","Tmem63b","LOC111585242"
"11929","Stk10","stk10"
"11930","","LOC111569502"
"11931","","kdrl"
"11932","Rbm12b2",""
"11933","Rbm12b1",""
"11934","","si:ch211-197h24.6"
"11935","","setd2"
"11936","Eef1g","eef1g"
"11937","Polr2g","polr2g"
"11938","","si:ch211-175m2.5"
"11939","Diaph1",""
"11940","Unc5a","unc5a"
"11941","Neu3","LOC111584779"
"11942","Cldnd1","cldnd1b"
"11943","Cfap52",""
"11944","Septin9","LOC111582195"
"11945","Dhx32","dhx32a"
"11946","","LOC111568273"
"11947","Pcdh18","pcdh18a"
"11948","Get3","get3"
"11949","Tom1","LOC111568178"
"11950","Pla2g12b","LOC111575054"
"11951","Hmx1","hmx1"
"11952","Hoxa9","hmx4"
"11953","Scrn2","scrn2"
"11954","Sp6","LOC111575050"
"11955","Cwc25","cwc25"
"11956","Psmb3","psmb3"
"11957","Cpz","cpz"
"11958","Grk4","grk4"
"11959","","LOC111583502"
"11960","Nans","nansa"
"11961","Tapt1","tapt1b"
"11962","Laptm4a","laptm4a"
"11963","Ezr","ezrb"
"11964","","LOC111580875"
"11965","Kcnj6","LOC111563001"
"11966","Kctd7","kctd7"
"11967","Gabrb2","LOC111575939"
"11968","Crcp","crcp"
"11969","Sox30","LOC111584674"
"11970","Gosr1","LOC111580871"
"11971","Trarg1","LOC111580886"
"11972","","aifm5"
"11973","Tlcd2","LOC111580874"
"11974","Fbxo40","fbxo40.1"
"11975","Pgk1","pgk1"
"11976","Pgk2","pgk1"
"11977","Gabra6","gabra6b"
"11978","Gabra1","gabra1"
"11979","Plxna1","LOC111579122"
"11980","","LOC111586776"
"11981","Rif1","rif1"
"11982","","si:dkey-205h13.2"
"11983","","trim101"
"11984","Ano7","LOC111564452"
"11985","Tmem269","tmem269"
"11986","","si:ch73-206d17.1"
"11987","Magi3",""
"11988","Rsbn1","LOC111584925"
"11989","","ptpn22"
"11990","","LOC111586004"
"11991","","LOC111586001"
"11992","Itch","LOC111574438"
"11993","Ube2g1","ube2g1a"
"11994","Cul5","LOC111585876"
"11995","Cuedc1","cuedc1b"
"11996","Cldn8",""
"11997","Efhd1","efhd1"
"11998","Bicdl1","bicdl1"
"11999","Gm19410","lrp13"
"12000","Cspp1","LOC111580991"
"12001","Slc34a1","slc34a1b"
"12002","Adamts2","LOC111569503"
"12003","Mfsd3","mfsd3"
"12004","","ak6"
"12005","Rad17","rad17"
"12006","Lsm2",""
"12007","","ccdc125"
"12008","Bcl6","bcl6aa"
"12009","Tmc1",""
"12010","Slco2a1","slco2a1"
"12011","Rab6b",""
"12012","Cep63","cep63"
"12013","Amotl2","amotl2a"
"12014","Cbr4","cbr4"
"12015","","palld"
"12016","","si:ch211-286b5.5"
"12017","","si:ch211-286b5.4"
"12018","P2rx3","p2rx3b"
"12019","Msrb1",""
"12020","Rnf213","rnf213a"
"12021","Adcy9",""
"12022","","fgfbp1b"
"12023","","LOC111568048"
"12024","Kcnh1",""
"12025","Cul5","LOC111563030"
"12026","Dcun1d5","dcun1d5"
"12027","Cep295nl","cep295"
"12028","Cep295","cep295"
"12029","Ech1","ech1"
"12030","Slc10a1","LOC111588196"
"12031","Susd6",""
"12032","Fsip1","fsip1"
"12033","Katnbl1","LOC111587664"
"12034","Tmem179",""
"12035","Sf3b1","sf3b1"
"12036","Thbs1",""
"12037","","si:ch211-256e16.3"
"12038","Anks4b","anks4b"
"12039","Dxo","dxo"
"12040","Stk19","stk19"
"12041","Ypel3","ypel3"
"12042","Gaa","gaa"
"12043","Ankk1","ankk1"
"12044","Gpr132","gpr184"
"12045","Rflnb","rflnb"
"12046","Vps53","vps53"
"12047","Sh3rf1","sh3rf1"
"12048","","ndp"
"12049","Popdc2","popdc2"
"12050","Tnfaip6","tnfaip6"
"12051","","LOC111570576"
"12052","Il4i1","mao"
"12053","Maob","mao"
"12054","4930438A08Rik","mao"
"12055","","org"
"12056","","lama3"
"12057","Sap130","sap130a"
"12058","Akap6","LOC111579780"
"12059","Tomm20","tomm20b"
"12060","B3gntl1","b3gntl1"
"12061","Actn4","actn4"
"12062","Clta","clta"
"12063","Clrn2","clrn2"
"12064","Pold4","pold4"
"12065","Cyp3a41b",""
"12066","Cyp3a11",""
"12067","Cyp3a25",""
"12068","Cyp3a44",""
"12069","Cyp3a16",""
"12070","Cyp3a59",""
"12071","Cyp3a41a",""
"12072","Cyp3a57",""
"12073","Cyp3a13",""
"12074","Aldh4a1","aldh4a1"
"12075","Pop5","pop5"
"12076","Unc119b","unc119.1"
"12077","Adra1a","adra1aa"
"12078","","rchy1"
"12079","Star","star"
"12080","","LOC111574283"
"12081","Ftcd","ftcd"
"12082","","foxj1b"
"12083","Ubald1","ubald1a"
"12084","Tmem184b","tmem184ba"
"12085","","ankfn1b"
"12086","Vti1a","vti1a"
"12087","Zdhhc6","zdhhc6"
"12088","Dmc1","dmc1"
"12089","","grk5l"
"12090","Vgll4","vgll4b"
"12091","Dag1","dag1"
"12092","Tnfrsf18",""
"12093","Tnfrsf10b",""
"12094","Tnfrsf14",""
"12095","Tnfrsf8",""
"12096","Ltbr",""
"12097","Tnfrsf11a",""
"12098","Tnfrsf25",""
"12099","Tnfrsf1b",""
"12100","Tnfrsf22",""
"12101","Tnfrsf26",""
"12102","Tnfrsf23",""
"12103","Cd27",""
"12104","Nradd",""
"12105","Tnfrsf4",""
"12106","Csrp1","LOC111564133"
"12107","Uqcc1","LOC111564478"
"12108","Ift140","ift140"
"12109","Arhgap40","LOC111563789"
"12110","Atp2b4","LOC111563745"
"12111","","si:ch211-201h21.5"
"12112","Vps4b","LOC111569595"
"12113","Tmem204","tmem204"
"12114","Get4","get4"
"12115","Nlgn2","nlgn2a"
"12116","Dscam","dscamb"
"12117","","LOC111582462"
"12118","Cadm1","cadm1b"
"12119","Urgcp","LOC111571571"
"12120","Urgcp","LOC111571572"
"12121","Pop7","pop7"
"12122","Rpl34","rpl34"
"12123","Brms1l","brms1"
"12124","Brms1","brms1"
"12125","Tmem179b","tmem179ba"
"12126","Slc29a2","LOC111582712"
"12127","Ppp1cb",""
"12128","Stk35","stk35"
"12129","Pex10","pex10"
"12130","Arih2","arih2"
"12131","Nr2f2","nr2f2"
"12132","","zgc:158403"
"12133","Fasn",""
"12134","Sox8","sox8a"
"12135","Rbfox3","rbfox3a"
"12136","Rac3","rac3b"
"12137","","LOC111579269"
"12138","Naglu","naglu"
"12139","Mrpl38","mrpl38"
"12140","Lmf1",""
"12141","Nt5dc3",""
"12142","","LOC111587558"
"12143","Septin8","septin8a"
"12144","Ugt2a3","LOC111587557"
"12145","Ugt1a6a","LOC111587557"
"12146","Ugt1a7c","LOC111587557"
"12147","Ugt1a6b","LOC111587557"
"12148","Ugt1a10","LOC111587557"
"12149","Ugt1a8","LOC111587557"
"12150","Ugt1a9","LOC111587557"
"12151","Ugt1a2","LOC111587557"
"12152","Ugt1a5","LOC111587557"
"12153","Ccr10","ccr10"
"12154","Trim80","trim65"
"12155","Wbp2","wbp2"
"12156","Unc13d",""
"12157","Unk",""
"12158","Adam12","LOC111569408"
"12159","","h3f3d"
"12160","","LOC111570549"
"12161","","h3f3c"
"12162","","LOC111566036"
"12163","","LOC111566035"
"12164","","si:ch211-250n8.1"
"12165","","zgc:194990"
"12166","Itgb4","itgb4"
"12167","Vps35l","vps35l"
"12168","","si:ch211-195b15.8"
"12169","Tbc1d16","tbc1d16"
"12170","Tnrc6a","LOC111581529"
"12171","Mix23",""
"12172","Fam162b","fam162a"
"12173","Sez6l2","sez6l2"
"12174","Kpna1","kpna1"
"12175","Adgrg7","adgrg7.1"
"12176","Lipt1","lipt1"
"12177","","si:dkey-190l8.2"
"12178","Sh3yl1","sh3yl1"
"12179","Sema5b","sema5bb"
"12180","Gabbr1","gabbr1b"
"12181","Rasgef1b","LOC111563119"
"12182","Peg10",""
"12183","Ankmy2","LOC111585722"
"12184","Ndufs8","ndufs8a"
"12185","","LOC111572448"
"12186","","LOC111572439"
"12187","Atp5pd","LOC111583510"
"12188","Mindy1","mindy1"
"12189","Nanos3",""
"12190","","LOC111574755"
"12191","","LOC118470947"
"12192","","cart4"
"12193","Khsrp","khsrp"
"12194","","LOC118470946"
"12195","Dcaf15","dcaf15"
"12196","Vps45","vps45"
"12197","Rfx1","rfx1b"
"12198","Zdhhc16",""
"12199","Mms19","mms19"
"12200","Map1s","map1sa"
"12201","Trmt13","trmt13"
"12202","Lrrc39","lrrc39"
"12203","Elavl1","LOC111564528"
"12204","","LOC111564535"
"12205","Commd2","commd2"
"12206","Atf6","atf6"
"12207","Nhlrc2",""
"12208","Rln3","rln3b"
"12209","Metrnl","metrnlb"
"12210","Epn3","epn3b"
"12211","Glrb","LOC111570659"
"12212","Rsph3a","rsph3"
"12213","Rsph3b","rsph3"
"12214","Tagap","tagapb"
"12215","Tagap1","tagapb"
"12216","Gja10","gja10b"
"12217","","LOC129350155"
"12218","","si:dkey-90m5.4"
"12219","","si:ch211-278j3.3"
"12220","","si:dkey-71h2.2"
"12221","Dclre1a","dclre1a"
"12222","Rock2","LOC111566441"
"12223","Nrg3",""
"12224","Gfra1","gfra1b"
"12225","Vipr1","vipr1b"
"12226","Rpl19","LOC111566725"
"12227","Cdc42ep1","cdc42ep1a"
"12228","Phospho1","LOC111567303"
"12229","Dync2h1","dync2h1"
"12230","Slc35f2","LOC111585878"
"12231","Tvp23a","LOC111563197"
"12232","","LOC129349221"
"12233","","LOC111580065"
"12234","","LOC111567499"
"12235","Rhcg","rhcgb"
"12236","Map3k10","map3k10"
"12237","Kcnab2","LOC111588286"
"12238","Marchf9","marchf9"
"12239","","si:rp71-17i16.5"
"12240","Nek8","nek8"
"12241","Dlg2","dlg2"
"12242","Rgs9","rgs9a"
"12243","Gtf2f1","gtf2f1"
"12244","Alkbh7","alkbh7"
"12245","Rfx1","rfx1a"
"12246","Rnpepl1","rnpepl1"
"12247","","si:dkey-5i3.5"
"12248","Sinhcaf",""
"12249","Fam185a","fam185a"
"12250","Fbxl13",""
"12251","Lrrc17","LOC111588133"
"12252","Gprasp1","armc10"
"12253","Armc12","armc10"
"12254","Bhlhb9","armc10"
"12255","Armcx2","armc10"
"12256","Armcx4","armc10"
"12257","Gprasp2","armc10"
"12258","Armcx1","armc10"
"12259","Armcx3","armc10"
"12260","Armcx6","armc10"
"12261","Armcx5","armc10"
"12262","Lactb2","lactb2"
"12263","Esyt2","LOC111563873"
"12264","Sdhaf4","sdhaf4"
"12265","Rln3","rln3a"
"12266","Nuggc",""
"12267","Jag2","jag1b"
"12268","","il12rb2l"
"12269","Tnpo2","LOC111568929"
"12270","Ehf","ehf"
"12271","Mef2a","mef2aa"
"12272","Cc2d1a","cc2d1a"
"12273","Msx3","LOC111583513"
"12274","","LOC111575992"
"12275","H1f6","LOC111570660"
"12276","Faf1","faf1"
"12277","H2ax","LOC111570665"
"12278","H2ax","LOC111570658"
"12279","Dnm2","LOC111569894"
"12280","","numa1"
"12281","Naalad2","naalad2"
"12282","Folh1","naalad2"
"12283","Arfip1",""
"12284","","LOC111586823"
"12285","Haus4","haus4"
"12286","Fxr2","fxr2"
"12287","Tle3","tle3a"
"12288","Ddx11","ddx11"
"12289","Tspan31","tspan31"
"12290","Agap2","agap2"
"12291","Tmed1","tmed1b"
"12292","Mvb12a",""
"12293","Mycbpap",""
"12294","","rasd2b"
"12295","Gria2","LOC111570676"
"12296","Kcnd2","kcnd1"
"12297","Gripap1",""
"12298","Washc1","wash1"
"12299","Nacc1","nacc1a"
"12300","Wfikkn1","wfikkn2a"
"12301","Nuggc","LOC111587532"
"12302","Fbxw9","fbxw9"
"12303","Gng14","LOC111568942"
"12304","Dhps","dhps"
"12305","Cd300ld2",""
"12306","Cd300ld5",""
"12307","Cd300ld3",""
"12308","Cd300ld4",""
"12309","Cd300ld",""
"12310","Cd300lf",""
"12311","Slc38a5","LOC111588332"
"12312","","ptpn18"
"12313","Clcn6",""
"12314","Tardbp","tardbpb"
"12315","Nherf2","LOC111569024"
"12316","Sstr3","LOC111569023"
"12317","","LOC111569026"
"12318","Ppp1r16b","ppp1r16b"
"12319","","LOC111586062"
"12320","","LOC111586060"
"12321","Ifi44l","LOC111586059"
"12322","Ifi44","LOC111586059"
"12323","","si:dkey-81h8.1"
"12324","Ccdc78",""
"12325","Pltp","pltp"
"12326","Spag9","spag9a"
"12327","Metrn","metrn"
"12328","Capn15","capn15"
"12329","Erf","erf"
"12330","Stx12","stx12"
"12331","Mthfr","mthfr"
"12332","Txnip","txnipa"
"12333","Slc17a7",""
"12334","Agr2","agr2"
"12335","","LOC111567723"
"12336","Ppp1r10","ppp1r10"
"12337","Kif6","kif6"
"12338","Gabrr2","gabrr2a"
"12339","Rragc","rragd"
"12340","Rragd","rragd"
"12341","Zhx1","LOC111571916"
"12342","","ankrd6a"
"12343","Cd200l2","pvrl2l"
"12344","Cd200l1","pvrl2l"
"12345","Nectin2","pvrl2l"
"12346","Pvr","pvrl2l"
"12347","Tigit","pvrl2l"
"12348","Tpgs1","tpgs1"
"12349","Qrsl1","qrsl1"
"12350","Lrtm2","lrtm2a"
"12351","","sema4ab"
"12352","Rnf139","rnf139"
"12353","Zfp41",""
"12354","","LOC111580940"
"12355","Prmt8",""
"12356","Khk","khk"
"12357","Mre11a","mre11a"
"12358","Kcnq2","LOC111566825"
"12359","Rbm28","rbm28"
"12360","Cadm4","cadm4"
"12361","","LOC111564897"
"12362","Rabl2",""
"12363","","zgc:123278"
"12364","Gdpgp1","gdpgp1"
"12365","Fbxl14",""
"12366","","LOC111567811"
"12367","Slc23a4",""
"12368","Mrc2","mrc2"
"12369","Isl2","isl2a"
"12370","Cnot4",""
"12371","Dcst2",""
"12372","","zgc:171704"
"12373","Plin2","plin6"
"12374","Syt11",""
"12375","","erfl1"
"12376","","smad10b"
"12377","","cd4-2.2"
"12378","Usp5","usp5"
"12379","Slc5a4b","LOC111568185"
"12380","Slc5a4a","LOC111568185"
"12381","Gm5134","LOC111568185"
"12382","","ppp1caa"
"12383","Rbm48",""
"12384","Nupr1","nupr1b"
"12385","Sgf29",""
"12386","Micall2","micall2a"
"12387","Htt","htt"
"12388","Elobl","elob"
"12389","Cimip1","LOC111588406"
"12390","Itgb3","LOC111584896"
"12391","Slc25a26","slc25a26"
"12392","Hal","hal"
"12393","Cntn4","cntn3b"
"12394","","fbxo11b"
"12395","Hmg20a","hmg20a"
"12396","Car12","ca12"
"12397","Man2c1","man2c1"
"12398","Ptprn2","LOC111563883"
"12399","Neil1","neil1"
"12400","Commd4",""
"12401","Fbxl22","fbxl22"
"12402","Usp3","usp3"
"12403","Entpd3","entpd3"
"12404","Cad",""
"12405","Rbms3","LOC111589185"
"12406","S1pr5","s1pr5b"
"12407","Ndst4","ndst3"
"12408","Stmn1","stmn1b"
"12409","Actg1",""
"12410","Tex10","tex10"
"12411","","rnf41l"
"12412","Ube2s","ube2s"
"12413","Ube2srt","ube2s"
"12414","Shisa7","LOC111586745"
"12415","Zfp865",""
"12416","","ntd5"
"12417","","LOC111571189"
"12418","","si:dkeyp-69b9.3"
"12419","Grin2d","LOC111586249"
"12420","","LOC111579343"
"12421","Pck2","pck2"
"12422","Golm2","golm2"
"12423","Pex16",""
"12424","Arfgap2","arfgap2"
"12425","Sdk2","sdk2b"
"12426","Glce","glceb"
"12427","Tpp2","tpp2"
"12428","Slc6a13","slc6a13"
"12429","Suclg1","suclg1"
"12430","Psmd12","psmd12"
"12431","Lmtk3","lmtk3"
"12432","Serinc2","serinc2l"
"12433","Mettl21c","LOC111573073"
"12434","Mettl21e",""
"12435","","ercc5"
"12436","Blzf1","blzf1"
"12437","Trmt10c","trmt10c"
"12438","Txnl4b","txnl4b"
"12439","","LOC111573059"
"12440","Homer2","homer2"
"12441","Ramac","ramac"
"12442","Ramacl","ramac"
"12443","Btbd1","LOC111567331"
"12444","Tm6sf1","LOC111567348"
"12445","Paqr5","paqr5b"
"12446","Kif23","LOC111564414"
"12447","Kifap3","LOC111568873"
"12448","Azi2","azi2"
"12449","","cmc1"
"12450","Mdc1","mdc1"
"12451","Ankib1","LOC111589035"
"12452","Tmbim7","zgc:110410"
"12453","Cobl","cobl"
"12454","Aldh2","LOC111569451"
"12455","Ypel5","LOC111578342"
"12456","Scara5","scara5"
"12457","Tbc1d32","tbc1d32"
"12458","Actr3","LOC111581797"
"12459","Hsdl1","hsdl1"
"12460","Ccdc25","ccdc25"
"12461","Rdh14","rdh14b"
"12462","Nudt14","nudt14"
"12463","Ttc13","ttc13"
"12464","Cdk2ap2","cdk2ap2"
"12465","Aip","aip"
"12466","Tbc1d1","tbc1d1"
"12467","Ube2ql1","ube2ql1"
"12468","","zbtb8b"
"12469","Tomm7",""
"12470","Il6",""
"12471","Rftn1","rftn1a"
"12472","Oxnad1","oxnad1"
"12473","","LOC111583893"
"12474","Zcchc17","zcchc17"
"12475","Snrnp40","snrnp40"
"12476","Antxr2","LOC111563123"
"12477","Stbd1",""
"12478","Fubp3","fubp3"
"12479","Ess2","ess2"
"12480","Fam136a","fam136a"
"12481","Klhl10","LOC111574051"
"12482","Coa6","LOC111578541"
"12483","Gmcl1","gmcl1"
"12484","Slc13a4","slc13a4"
"12485","Rtn4ip1","rtn4ip1"
"12486","","zgc:162331"
"12487","Map1s","LOC111573456"
"12488","Cartpt","LOC111573467"
"12489","","c20h2orf50"
"12490","Senp1","senp2"
"12491","Mkrn1","mkrn1"
"12492","Mkrn3","mkrn1"
"12493","Pcnt","pcnt"
"12494","Yju2",""
"12495","Pls1","pls1"
"12496","Invs","invs"
"12497","Mrps33",""
"12498","Ramp1",""
"12499","","tmem178bb"
"12500","","LOC111565784"
"12501","Kics2","kics2"
"12502","Cbll1","cbll1"
"12503","Lox","loxa"
"12504","Slc27a4",""
"12505","Slc38a2",""
"12506","","LOC111570496"
"12507","Plekho1",""
"12508","Tpm3-rs7","LOC111585116"
"12509","Tpm3","LOC111585116"
"12510","Tex11",""
"12511","Macrod1","macrod1"
"12512","Flrt1","flrt1b"
"12513","Rnf38","LOC111576507"
"12514","Ccdc88b","ccdc88b"
"12515","Itga6","LOC111581177"
"12516","Gpc2","gpc2"
"12517","Stag3","LOC111581156"
"12518","Gpd1",""
"12519","Cdon","cdon"
"12520","Ctps1","LOC111575784"
"12521","Mcm7","mcm7"
"12522","Osbpl2","osbpl2b"
"12523","","ptgdsa"
"12524","Swi5","swi5"
"12525","","aplnrb"
"12526","Plppr1","plppr1"
"12527","Tescl","tescb"
"12528","Tesc","tescb"
"12529","","si:ch211-282j22.3"
"12530","Rab39",""
"12531","Atp13a5",""
"12532","Atp1a4",""
"12533","Atp13a4",""
"12534","Atp2b2",""
"12535","Atp2c2",""
"12536","","LOC111576283"
"12537","Zmynd8","LOC111574179"
"12538","Mrpl16","mrpl16"
"12539","Cenpq",""
"12540","Fpr-rs7","LOC111573080"
"12541","Fpr3","LOC111573080"
"12542","Fpr-rs6","LOC111573080"
"12543","Fpr1","LOC111573080"
"12544","Fpr-rs3","LOC111573080"
"12545","Fpr2","LOC111573080"
"12546","Gpr33","LOC111573080"
"12547","Fpr-rs4","LOC111573080"
"12548","","fam189a1"
"12549","Snx1","LOC111571203"
"12550","Neo1","neo1a"
"12551","Crispld1","LOC111562859"
"12552","Niban1","LOC111568872"
"12553","Rab31","rab31"
"12554","Ralbp1","ralbp1"
"12555","Traf4","traf4a"
"12556","Twsg1","twsg1a"
"12557","","cep57"
"12558","Ywhag","ywhag2"
"12559","Sipa1l3","sipa1l3"
"12560","Ankrd12","ankrd12"
"12561","Gosr1","gosr1"
"12562","Cfap46","LOC111578245"
"12563","Sanbr","sanbr"
"12564","Rtn4","rtn4a"
"12565","Shtn1","shtn1"
"12566","Ciao2b","ciao2b"
"12567","Slc18a2","slc18a2"
"12568","Ndufv2","ndufv2"
"12569","Gpha2",""
"12570","Chrnb1","chrnb1"
"12571","Stx1b","LOC111562951"
"12572","Tmem222","tmem222b"
"12573","","med10"
"12574","E2f3",""
"12575","Maco1","maco1a"
"12576","Srfbp1","srfbp1"
"12577","Sem1",""
"12578","Matn1","matn1"
"12579","Gjb4","LOC111564333"
"12580","Gjb5","LOC111564333"
"12581","Nudc","nudc"
"12582","Gpnmb",""
"12583","","LOC111583895"
"12584","Cbx3","cbx3a"
"12585","Wipf3","wipf3"
"12586","Lpcat1","lpcat1"
"12587","Ddit4l","LOC111567543"
"12588","Nrsn1","nrsn1l"
"12589","Nup42","nup42"
"12590","Fhdc1","LOC111588623"
"12591","Hoxa1","hoxa1a"
"12592","","LOC111570275"
"12593","Epo","epoa"
"12594","Hoxa3","hoxa4a"
"12595","Hoxa3","hoxa3a"
"12596","Zp3","LOC111571589"
"12597","Hoxa5","hoxa5a"
"12598","Rela","rela"
"12599","","hoxa9a"
"12600","","LOC111570267"
"12601","Drap1","drap1"
"12602","Hoxa11","hoxa11a"
"12603","","hoxa13a"
"12604","AI837181","c23h11orf68"
"12605","Evx1","evx1"
"12606","Slc24a2","LOC111573588"
"12607","Dlx6","dlx6a"
"12608","Fkbp14","LOC111579723"
"12609","Colq","wu:fc38h03"
"12610","Cabp2",""
"12611","Cyct","LOC111579709"
"12612","Snx10","snx10a"
"12613","","npvf"
"12614","Tdrd7",""
"12615","Arid1a","arid1ab"
"12616","Chst3","LOC111582235"
"12617","","gch2"
"12618","Cript","cript"
"12619","Msh2","msh2"
"12620","Oat","oat"
"12621","Chac2","chac2"
"12622","","nrxn1a"
"12623","Marco","marco"
"12624","Slc40a1","slc40a1"
"12625","","pcbp3"
"12626","Tbc1d8","LOC111564344"
"12627","Neb",""
"12628","Plcl1","plcl1"
"12629","Il10rb",""
"12630","Insig2","insig2"
"12631","Asnsd1","asnsd1"
"12632","","zgc:136439"
"12633","Sympk","sympk"
"12634","Trarg1","trarg1a"
"12635","Aipl1","aipl1"
"12636","","abhd15a"
"12637","Tada2a","tada2a"
"12638","","LOC111580486"
"12639","Smg7","smg7"
"12640","Fshr","fshr"
"12641","Igfbp1","igfbp1a"
"12642","Igfbp3","igfbp3"
"12643","Angptl3","angptl3"
"12644","Atg4c","atg4c"
"12645","","LOC129350322"
"12646","Lrrc8c","lrrc8c"
"12647","Lrrc8d","lrrc8db"
"12648","Gpr52","gpr52"
"12649","Ifi44l","ifi44f5"
"12650","Ifi44","ifi44f5"
"12651","Ifi44l","LOC111574043"
"12652","Ifi44","LOC111574043"
"12653","Rnf13","rnf13"
"12654","","ccn1l2"
"12655","","si:dkey-90l8.3"
"12656","Cd53","LOC111566001"
"12657","Ankub1","LOC111575605"
"12658","Ppp1r2-ps6","ppp1r2"
"12659","Ppp1r2","ppp1r2"
"12660","Ppp1r2-ps1","ppp1r2"
"12661","","ppp1r2"
"12662","Wdfy3","wdfy3"
"12663","Tbxa2r","tbxa2r"
"12664","Mast3","mast3b"
"12665","","LOC111565606"
"12666","","LOC111565603"
"12667","Nelfb","nelfb"
"12668","Cacng7","LOC129347488"
"12669","Entpd2","LOC111566507"
"12670","","LOC111585517"
"12671","B3galt5","b3galt8"
"12672","B3galnt1","b3galt8"
"12673","B3gnt6","b3galt8"
"12674","Lonp1","lonp1"
"12675","Emp1","LOC111585895"
"12676","Gsg1","LOC111569574"
"12677","Tcf20","tcf20"
"12678","Zfp957","tcf20"
"12679","","dusp14"
"12680","Grin2b","grin2ba"
"12681","","LOC111589110"
"12682","","LOC129349207"
"12683","","LOC111584976"
"12684","Ugt2a3","LOC111580317"
"12685","Ugt1a6a","LOC111580317"
"12686","Ugt1a7c","LOC111580317"
"12687","Ugt1a6b","LOC111580317"
"12688","Ugt1a10","LOC111580317"
"12689","Ugt1a8","LOC111580317"
"12690","Ugt1a9","LOC111580317"
"12691","Ugt1a2","LOC111580317"
"12692","Ugt1a5","LOC111580317"
"12693","Ugt2a1","LOC111580317"
"12694","Ugt2a2","LOC111580317"
"12695","Dock10","dock10"
"12696","Ugt2a3","LOC111580316"
"12697","Ugt1a6a","LOC111580316"
"12698","Ugt1a7c","LOC111580316"
"12699","Ugt1a6b","LOC111580316"
"12700","Ugt1a10","LOC111580316"
"12701","Ugt1a8","LOC111580316"
"12702","Ugt1a9","LOC111580316"
"12703","Ugt1a2","LOC111580316"
"12704","Ugt1a5","LOC111580316"
"12705","Ugt2a1","LOC111580316"
"12706","Ugt2a2","LOC111580316"
"12707","Surf4","LOC111568981"
"12708","Ercc6l",""
"12709","Rasgef1b","rasgef1ba"
"12710","Ano7",""
"12711","Asphd2",""
"12712","Gdpd3","gdpd3a"
"12713","Ccp110","LOC111580449"
"12714","Shisa8",""
"12715","Nptx2","nptx2a"
"12716","Rac1","LOC111576185"
"12717","Pde4a","pde4a"
"12718","Slc35b3","slc35b3"
"12719","Galnt15","LOC111579724"
"12720","Polr1f","polr1f"
"12721","Tmem54",""
"12722","Hpca",""
"12723","Serinc2","serinc2"
"12724","Erp44","erp44"
"12725","Sec22c","sec22c"
"12726","Nktr","nktr"
"12727","Rnf32","rnf32"
"12728","Lmbr1","lmbr1"
"12729","Hivep3",""
"12730","Tnfrsf18","nradd"
"12731","Tnfrsf10b","nradd"
"12732","Tnfrsf14","nradd"
"12733","Ltbr","nradd"
"12734","Cd27","nradd"
"12735","Nradd","nradd"
"12736","Nbeal2","nbeal2"
"12737","Ipo5","kpnb3"
"12738","","LOC111567800"
"12739","Cdh13",""
"12740","Mlycd",""
"12741","Ndufa9","ndufa9a"
"12742","Tmc6","LOC111579435"
"12743","Pcbp2","LOC111583778"
"12744","Pdgfb","pdgfbb"
"12745","","ppap2d"
"12746","Sec14l1","LOC111565329"
"12747","Ing5","ing5a"
"12748","Map3k12","LOC111583777"
"12749","Cep19","cep19"
"12750","Dnttip1","LOC111571418"
"12751","Pigx","pigx"
"12752","Polr2j","polr2j"
"12753","","LOC111579918"
"12754","Fmo9","LOC111577512"
"12755","Gnb1",""
"12756","Rbp7","rbp7b"
"12757","H6pd","h6pd"
"12758","Tafa3","tafa3a"
"12759","","LOC111578115"
"12760","Col2a1","col2a1b"
"12761","Plekhb2","plekhb2"
"12762","Anapc4","anapc4"
"12763","Stom","stom"
"12764","Slain2","slain2"
"12765","Plpp6","plpp6"
"12766","","prdx6"
"12767","Ndc1","ndc1"
"12768","Cabp5","cabp5b"
"12769","","cenpx"
"12770","Lmx1a",""
"12771","Myo7b","LOC111565031"
"12772","Gmip","gmip"
"12773","Srebf1","srebf1"
"12774","Nom1","nom1"
"12775","Naif1","naif1"
"12776","Rxra",""
"12777","Fam222b","LOC111579451"
"12778","Capn5","capn5a"
"12779","","LOC111564005"
"12780","Adamts1","adamts1"
"12781","Adamts5","LOC111575438"
"12782","","LOC111575432"
"12783","Rgs20","LOC111567824"
"12784","Lypla1",""
"12785","Mrpl15","mrpl15"
"12786","Sox15","sox32"
"12787","Sry","sox32"
"12788","Sox12","sox32"
"12789","Sox17","sox17"
"12790","Phldb2","phldb2b"
"12791","Atp1b1","atp1b1b"
"12792","Chst10",""
"12793","Slitrk5","LOC111571710"
"12794","Tlcd4","LOC111589147"
"12795","","LOC111567975"
"12796","C1ql2","LOC129348236"
"12797","Gorasp1","LOC111567977"
"12798","Wdr19","wdr19"
"12799","Bmp6",""
"12800","Zc3h12a","LOC111583877"
"12801","Ndfip2","ndfip2"
"12802","Prkag3","prkag3a"
"12803","Pdzd8","pdzd8"
"12804","Degs1","degs1"
"12805","Degs1l","degs1"
"12806","Nvl","nvl"
"12807","Txndc5","txndc5"
"12808","Zfhx4","zfhx4"
"12809","Hnf4g","hnf4g"
"12810","Hivep3","hivep3a"
"12811","Rims3","rims3"
"12812","Dlx5","dlx5a"
"12813","Col1a2","col1a2"
"12814","Il1rapl1","il1rapl1b"
"12815","Mnx1","mnx1"
"12816","Bmi1",""
"12817","Commd3",""
"12818","Ncapg2","ncapg2"
"12819","Dipk2a","dipk2ab"
"12820","Asap1","asap1b"
"12821","Mtcl1","LOC111570825"
"12822","Neto1","LOC111562858"
"12823","Nckap1l",""
"12824","Nr0b1","LOC111587330"
"12825","Acvr2a","LOC111563996"
"12826","Rsph6a","rsph4a"
"12827","Rsph4a","rsph4a"
"12828","Mccc1","mccc1"
"12829","Zfp36l1",""
"12830","Gprc6a",""
"12831","Atm","atm"
"12832","Nkx2-1","nkx2.1"
"12833","Nkx2-9","nkx2.9"
"12834","Gja10","LOC111566494"
"12835","Isyna1","LOC111567717"
"12836","Uts2r","LOC111570565"
"12837","","LOC111581431"
"12838","","LOC111564148"
"12839","Tmprss2","LOC111588928"
"12840","Pdhx","pdhx"
"12841","Bace2","bace2"
"12842","Fmnl1","fmnl1b"
"12843","Vps13a","vps13a"
"12844","Utp6","utp6"
"12845","Gna14","gna14a"
"12846","Aldh3b1","aldh3b4"
"12847","Aldh3a1","aldh3b4"
"12848","Elovl4",""
"12849","Serinc1","serinc1"
"12850","Olfml2b","olfml2bb"
"12851","Xrn1",""
"12852","Mmab","mmab"
"12853","Dusp12","dusp12"
"12854","Paox","LOC111577442"
"12855","Cab39","cab39"
"12856","Atpsckmt","atpsckmt"
"12857","Paox","LOC111577441"
"12858","Polr2i","polr2i"
"12859","Tiparp","tiparp"
"12860","Marchf6","LOC111562861"
"12861","Dmac2","dmac2"
"12862","","LOC111585240"
"12863","","LOC111585239"
"12864","Sirt2","sirt2"
"12865","Mvk","mvk"
"12866","Egflam","LOC111576470"
"12867","","LOC111582199"
"12868","Tctn2","tctn2"
"12869","Atp6v0a2","atp6v0a2b"
"12870","Luc7l2","zgc:158803"
"12871","Tyrp1","tyrp1b"
"12872","Rab12","rab12"
"12873","Prg4","prg4a"
"12874","Tpr","LOC111569110"
"12875","Odr4","odr4"
"12876","Dpyd","dpydb"
"12877","Tmem121b","tmem121b"
"12878","Il17ra","il17ra1a"
"12879","Arhgef39","LOC129347851"
"12880","Arhgef39","arhgef39"
"12881","Bmal2",""
"12882","Slc66a3","slc66a3"
"12883","Rock2","rock2a"
"12884","Fgfr1op2","fgfr1op2"
"12885","Stk38l","LOC111578553"
"12886","Rom1","rom1b"
"12887","","mid1ip1l"
"12888","Zcchc7","LOC111576499"
"12889","Bcorl1","bcorl1"
"12890","Cstf2","cstf2"
"12891","","nox1"
"12892","Usp43","usp43a"
"12893","Keap1","keap1b"
"12894","Acy3","LOC111567147"
"12895","Rfc1","rfc1"
"12896","Med21","med21"
"12897","Itih5","itih5"
"12898","Itih2","itih2"
"12899","","LOC111576980"
"12900","","ly97.3"
"12901","Crygn","LOC111576981"
"12902","Eif3f",""
"12903","","ccl25a"
"12904","Kcnj9","kcnj9"
"12905","Tmem68","tmem68"
"12906","Xkrx","xkrx"
"12907","Tgs1","tgs1"
"12908","Mpz","mpz"
"12909","Tssk4","LOC111575498"
"12910","Nim1k","LOC111575498"
"12911","Tssk3","LOC111575498"
"12912","","admp"
"12913","Cib3","cib3"
"12914","Rab8a","rab8a"
"12915","Tpm4","tpm4b"
"12916","Stap1","LOC111576511"
"12917","Ankrd13d","ankrd13d"
"12918","Cbln3","LOC111576317"
"12919","Siglec15","si:dkey-11p23.7"
"12920","Cmtm7",""
"12921","Nek11",""
"12922","Cpne4","cpne4a"
"12923","","LOC111578049"
"12924","Gopc","gopc"
"12925","Pde7b","LOC111586697"
"12926","Astl",""
"12927","Myo1b","myo1b"
"12928","Dnah10","dnah10"
"12929","Kntc1","kntc1"
"12930","Lsm1","lsm1"
"12931","Bag4","bag4"
"12932","Dusp26","LOC111582192"
"12933","","LOC111582191"
"12934","Aldh1a7","LOC111586204"
"12935","Aldh1a1","LOC111586204"
"12936","Rsrc2","rsrc2"
"12937","Zcchc8","zcchc8"
"12938","Jmy","LOC111581617"
"12939","Myf5","myf5"
"12940","Myf6","myf6"
"12941","Lin7a",""
"12942","Ppfia2","ppfia2"
"12943","Homer1","homer1b"
"12944","Pcbp4","LOC111567141"
"12945","Ube2c","ube2c"
"12946","Znfx1","znfx1"
"12947","Tbc1d20","tbc1d20"
"12948","Rbck1","rbck1"
"12949","Sharpin","rbck1"
"12950","Necab3","necab3"
"12951","Snrpb","snrpb"
"12952","Akr1c18","akr1a1a"
"12953","Akr1c21","akr1a1a"
"12954","Akr1cl","akr1a1a"
"12955","Akr1c14","akr1a1a"
"12956","Akr1c6","akr1a1a"
"12957","Akr1c20","akr1a1a"
"12958","Akr1c12","akr1a1a"
"12959","Akr1c19","akr1a1a"
"12960","Akr1c13","akr1a1a"
"12961","Akr1b10","akr1a1a"
"12962","Akr1b7","akr1a1a"
"12963","Akr1b8","akr1a1a"
"12964","","epha2a"
"12965","Vcp","vcp"
"12966","Prdm2","prdm2b"
"12967","Shmt2","shmt2"
"12968","Cdkn2c","cdkn2c"
"12969","Rnf11","rnf11b"
"12970","Stx6","stx6"
"12971","BC034090",""
"12972","Ttc39a","ttc39a"
"12973","Svil","LOC111574619"
"12974","Rrm1","LOC111580584"
"12975","Synrg","synrg"
"12976","","LOC111580496"
"12977","","LOC111580492"
"12978","Nmnat2","nmnat2"
"12979","Slc18a3","slc18a3b"
"12980","","LOC111583269"
"12981","Stc2","stc2a"
"12982","Zfp711","znf711"
"12983","","zgc:66447"
"12984","Bnip1","LOC111588049"
"12985","Nkx2-5","nkx2.5"
"12986","Gabra4","gabra4"
"12987","Lamc2","lamc2"
"12988","Atg13","atg13"
"12989","Psd2","psd2"
"12990","","ccdc167"
"12991","Txlnb",""
"12992","Rspo3",""
"12993","Rai1",""
"12994","Cbx4","cbx4"
"12995","Ndufab1","ndufab1b"
"12996","Rras","rras"
"12997","Rnf146","LOC111567711"
"12998","Atp1a4","LOC111565331"
"12999","","utrn"
"13000","Cmtm6","cmtm6"
"13001","Harbi1","harbi1"
"13002","Creb3l1","creb3l1"
"13003","Rpp25l","rpp25l"
"13004","Sumo1","sumo1"
"13005","Map3k2","map3k2"
"13006","Col6a6","col6a4a"
"13007","Timmdc1","timmdc1"
"13008","","LOC111586791"
"13009","Pik3r4","pik3r4"
"13010","Dhx9",""
"13011","Zic5","zic5"
"13012","Sox21","sox21b"
"13013","","LOC111588957"
"13014","Chn1","LOC111587764"
"13015","Atp2c1","atp2c1"
"13016","Erap1",""
"13017","Trappc10",""
"13018","Orc4","orc4"
"13019","Socs3","socs3a"
"13020","Mapk3","mapk3"
"13021","Simc1","simc1"
"13022","","LOC111569545"
"13023","4833439L19Rik","LOC111569512"
"13024","Noct","nocta"
"13025","Gfpt2","gfpt2"
"13026","Sytl3",""
"13027","Cgrrf1","cgrrf1"
"13028","Ddhd1","ddhd1b"
"13029","Lap3","lap3"
"13030","","lamc1"
"13031","Pamr1","pamr1b"
"13032","Fjx1","fjx1"
"13033","Trim44","trim44"
"13034","Slc12a2","slc12a2"
"13035","","ptprq"
"13036","","LOC111585435"
"13037","","LOC111582522"
"13038","","si:ch1073-390k14.1"
"13039","Gtf3c6",""
"13040","Calu","calub"
"13041","","zgc:173742"
"13042","Suds3",""
"13043","","rinl"
"13044","Hspa13","hspa13"
"13045","Gdpd5","gdpd5b"
"13046","Fbp2","fbp2"
"13047","Itga2","itga2.2"
"13048","Pter",""
"13049","C1ql3","c1ql3b"
"13050","Fhip1a","LOC111583556"
"13051","Coasy","coasy"
"13052","Dctn1",""
"13053","Egfr","egfra"
"13054","","LOC111579054"
"13055","Dcaf7","LOC111577754"
"13056","Rp1",""
"13057","Esco1","LOC111570034"
"13058","Eloc","eloca"
"13059","Eya1","eya1"
"13060","Taco1","LOC111577750"
"13061","","pth3r"
"13062","","si:ch211-189a15.5"
"13063","Aprt","aprt"
"13064","Cdt1","cdt1"
"13065","Pik3cb",""
"13066","Piezo1","piezo1"
"13067","Nudt9","nudt9"
"13068","Smim10l2a","LOC111576181"
"13069","Smim10l3","LOC111576181"
"13070","Smim10l1","LOC111576181"
"13071","Mgat5b","LOC111565363"
"13072","Pced1a",""
"13073","Pced1b",""
"13074","Rpgrip1",""
"13075","","btr33"
"13076","Cnpy3","cnpy3"
"13077","","LOC111588615"
"13078","Anapc10","anapc10"
"13079","Abce1","abce1"
"13080","Acp7","acp7"
"13081","Mbd5",""
"13082","Rcan1","rcan1b"
"13083","Clic6","LOC111562774"
"13084","Pard3b","pard3ba"
"13085","Map3k11","LOC111582708"
"13086","Cnppd1","cnppd1"
"13087","Rpl3l","LOC111578191"
"13088","Snx15","snx15"
"13089","","urp2"
"13090","Fgf11","fgf11a"
"13091","Syt4","syt4"
"13092","Sema4f",""
"13093","Dgkz",""
"13094","Inpp4b",""
"13095","Rnf150",""
"13096","","LOC111588621"
"13097","Ndufb10","ndufb10"
"13098","Rabep2","rabep2"
"13099","","LOC129347528"
"13100","Epn3","epn3a"
"13101","Arl16","arl16"
"13102","Fn3krp","fn3krp"
"13103","Pla2g10","pla2g10"
"13104","Zc3h7a","zc3h7a"
"13105","Dnmt1","dnmt1"
"13106","Hipk3","hipk3b"
"13107","Rundc3a","rundc3ab"
"13108","Ppm1k","ppm1ka"
"13109","Akr1c12","zgc:101765"
"13110","Akr1c19","zgc:101765"
"13111","Akr1c13","zgc:101765"
"13112","Akr1b10","zgc:101765"
"13113","Akr1b7","zgc:101765"
"13114","Akr1b8","zgc:101765"
"13115","","badb"
"13116","","LOC111588381"
"13117","Fam117a","LOC111577740"
"13118","Ndufa4","ndufa4b"
"13119","Cenpt","cenpt"
"13120","Med28","med28"
"13121","Klhl2","klhl2"
"13122","Tdpoz3","LOC111577737"
"13123","Tdpoz5","LOC111577737"
"13124","Spopfm3","LOC111577737"
"13125","Tdpoz7","LOC111577737"
"13126","Tdpoz9","LOC111577737"
"13127","Tdpoz1","LOC111577737"
"13128","Tdpoz9-ps1","LOC111577737"
"13129","Spopfm2","LOC111577737"
"13130","Tdpoz2","LOC111577737"
"13131","Gm5773","LOC111577737"
"13132","Tdpoz8","LOC111577737"
"13133","Spop","LOC111577737"
"13134","Tdpoz4","LOC111577737"
"13135","Nxph3","LOC111577756"
"13136","","LOC111574405"
"13137","Zfp385c",""
"13138","Csdc2",""
"13139","Plekhs1","LOC111567304"
"13140","Tomm22","tomm22"
"13141","Eif3c","eif3c"
"13142","Prodh2","prodh2"
"13143","Vdac2",""
"13144","Msmo1","msmo1"
"13145","Tll1","tll1"
"13146","","LOC111578451"
"13147","Slc35g2","slc35g2b"
"13148","Pola1","pola1"
"13149","Pdzd4","LOC111571577"
"13150","","LOC111571570"
"13151","Atp6ap1","atp6ap1a"
"13152","Tafazzin","tafazzin"
"13153","Fam222a","LOC111574928"
"13154","Cplane1",""
"13155","Rabgap1","LOC111580908"
"13156","Slc2a13","LOC111582494"
"13157","","si:dkey-150i13.2"
"13158","Lrrk2","lrrk2"
"13159","Cisd2","cisd2"
"13160","Slc9b1","si:dkey-162b23.4"
"13161","Slc9b2","si:dkey-162b23.4"
"13162","Rasal2","rasal2"
"13163","Mocs3",""
"13164","Mageb5","ndnl2"
"13165","Mageb5b","ndnl2"
"13166","Mageb11","ndnl2"
"13167","Magea4","ndnl2"
"13168","Magea6","ndnl2"
"13169","Magea3","ndnl2"
"13170","Magea2","ndnl2"
"13171","Magea8","ndnl2"
"13172","Magea1","ndnl2"
"13173","Magea10","ndnl2"
"13174","Magec2","ndnl2"
"13175","Magea5","ndnl2"
"13176","Magea14","ndnl2"
"13177","Magea9","ndnl2"
"13178","Maged2","ndnl2"
"13179","Tro","ndnl2"
"13180","Ndn","ndnl2"
"13181","Mageb4","ndnl2"
"13182","Gm5071","ndnl2"
"13183","Mageb1","ndnl2"
"13184","Mageb3","ndnl2"
"13185","Mageb6b2","ndnl2"
"13186","Mageb2","ndnl2"
"13187","Mageb6b1","ndnl2"
"13188","Mageb16","ndnl2"
"13189","Mageb18","ndnl2"
"13190","Magee2","ndnl2"
"13191","Magel2","ndnl2"
"13192","Maged1","ndnl2"
"13193","Magee1","ndnl2"
"13194","Magea13","ndnl2"
"13195","Mageh1","ndnl2"
"13196","Pfkfb1","si:dkey-96f10.1"
"13197","Prkd3","prkd3"
"13198","Bdh2","bdh2"
"13199","Tmem134","tmem134"
"13200","Serping1","serping1"
"13201","","doc2g"
"13202","Lonrf1",""
"13203","","pcdh7a"
"13204","Cenpm","pane1"
"13205","Helz","helz"
"13206","Cracr2a","cracr2ab"
"13207","Ccdc59","ccdc59"
"13208","Mettl25","mettl25"
"13209","Tmtc2","tmtc2a"
"13210","Slc23a2","slc23a2"
"13211","Fmn1","fmn1"
"13212","Pbk","pbk"
"13213","Dok7","LOC111578257"
"13214","Grem1","grem1a"
"13215","Scg5",""
"13216","Ripk3","ripk3"
"13217","Fam3c","fam3c"
"13218","Nynrin","khnyn"
"13219","","si:dkey-159a18.1"
"13220","Adcy4","LOC111585533"
"13221","Cryaa","cryaa"
"13222","Aven","aven"
"13223","Dock9","dock9b"
"13224","Ryr3","ryr3"
"13225","Scyl1","scyl1"
"13226","","cyld3"
"13227","Arl13a","arl13a"
"13228","Tmem35a","tmem35"
"13229","Kdm2a","kdm2ab"
"13230","Gipc3","gipc3"
"13231","","si:zfos-943e10.1"
"13232","Ndufa7","ndufa7"
"13233","","LOC111576563"
"13234","","LOC111576545"
"13235","Barhl2",""
"13236","","lim2.2"
"13237","Wdr47","LOC111580074"
"13238","Impdh1","impdh1b"
"13239","","LOC111574500"
"13240","Ttc32","ttc32"
"13241","Pum2",""
"13242","Apob","apobb.1"
"13243","Nfat5","nfat5b"
"13244","Depdc7","depdc7a"
"13245","","zgc:162592"
"13246","Cyb5b","LOC111582316"
"13247","Spon1","spon1a"
"13248","","LOC111566452"
"13249","","LOC111566433"
"13250","Hpcal1","hpcal1"
"13251","Pdia6","pdia6"
"13252","Fmc1","fmc1"
"13253","Wbp2nl","wbp2nl"
"13254","","LOC111586910"
"13255","","LOC111583846"
"13256","Rrp7a","rrp7a"
"13257","Jup","jupb"
"13258","Stx3","stx3b"
"13259","Nxph4","LOC111582038"
"13260","Rbm15b","rbm15b"
"13261","Manf","manf"
"13262","Cbfa2t2","cbfa2t2"
"13263","Zfp644",""
"13264","B3gnt3","LOC111576549"
"13265","","jak3"
"13266","A330040F15Rik","LOC111580860"
"13267","Fam111a","LOC111580860"
"13268","Asl",""
"13269","Omp","ompa"
"13270","","LOC111582788"
"13271","Eml2","eml2"
"13272","","LOC111580283"
"13273","Prox1","prox1a"
"13274","Ccdc28a","ccdc28a"
"13275","","LOC111576369"
"13276","Ints5","ints5"
"13277","Drp2","drp2"
"13278","Nbeal1","nbeal1"
"13279","Tob1","LOC111562407"
"13280","Adcy9","LOC111582512"
"13281","Coro7","LOC111586678"
"13282","Snta1","snta1"
"13283","Ctsa","ctsa"
"13284","Prrt4","prrt4b"
"13285","","cpsf6"
"13286","","LOC111578152"
"13287","Sox5","sox5"
"13288","Rmi2","rmi2"
"13289","Rprml",""
"13290","Hs3st4","hs3st4"
"13291","Hs3st2","hs3st2"
"13292","Usp31","usp31"
"13293","Baiap3","baiap3"
"13294","","LOC111587858"
"13295","Axin1","axin1"
"13296","Hexim2","hexim1"
"13297","Hexim1","hexim1"
"13298","Nog","nog1"
"13299","Psma4","LOC111583743"
"13300","Slc6a15","slc6a15"
"13301","Gm55357","LOC111584002"
"13302","","LOC111584001"
"13303","","LOC111581690"
"13304","","LOC111581689"
"13305","","LOC111581691"
"13306","Tmem184a",""
"13307","Dlg1","LOC111568381"
"13308","Fbxo9","fbxo9"
"13309","Rassf9","rassf9"
"13310","Mgat4c","LOC111576346"
"13311","Rnf141","rnf141"
"13312","Pnpla3","LOC111567876"
"13313","Tdg","tdg.1"
"13314","Slc13a1",""
"13315","L1cam","LOC111571153"
"13316","Oaz2",""
"13317","Nts",""
"13318","","LOC111588493"
"13319","Grm8","grm8b"
"13320","Gpr21",""
"13321","Rc3h2","rc3h2"
"13322","","LOC111568450"
"13323","Tbata",""
"13324","Jak2","LOC111573731"
"13325","","srms"
"13326","Pdyn","pdyn"
"13327","Gmeb2","gmeb2"
"13328","Rhoa","LOC111587485"
"13329","Vasn","vasnb"
"13330","D430019H16Rik","LOC111573259"
"13331","Tpx2",""
"13332","Dnaja3","dnaja3a"
"13333","","igf3"
"13334","Dennd2d","dennd2da"
"13335","Psme1",""
"13336","Vps13d","vps13d"
"13337","Grhl1","grhl1"
"13338","","bglap"
"13339","Mgp","mgp"
"13340","Fitm1","LOC111579346"
"13341","Nags","nags"
"13342","","LOC129350751"
"13343","","LOC129350520"
"13344","","LOC129349828"
"13345","","LOC129349260"
"13346","","LOC129347987"
"13347","","LOC111586692"
"13348","Col1a1","col1a1a"
"13349","Cubn","cubn"
"13350","Igsf21","LOC111587470"
"13351","Slc2a1","LOC111576582"
"13352","Adgrl3","adgrl3.1"
"13353","Dock9","zmp:0000001200"
"13354","Rab40b",""
"13355","Tst","LOC111583251"
"13356","Tst","LOC111583250"
"13357","Tst","LOC111583248"
"13358","Ankrd22","ankrd22"
"13359","Stambpl1","stambpl1"
"13360","Rpp30","rpp30"
"13361","Nudt13","nudt13"
"13362","","LOC129347415"
"13363","Noc3l","LOC129347414"
"13364","","eif2ak2"
"13365","","LOC111564394"
"13366","Sufu",""
"13367","Phf3","phf3"
"13368","","ftr14l"
"13369","","LOC111573745"
"13370","Vit","vit"
"13371","Strn","LOC111573722"
"13372","Eml5","eml5"
"13373","Ttc8","ttc8"
"13374","Clec4f","LOC111572691"
"13375","Clec4f","LOC111572692"
"13376","Clec4f","LOC111572693"
"13377","Clec4f","LOC111572685"
"13378","","zgc:194887"
"13379","Chrm5","chrm5a"
"13380","","vgll2b"
"13381","Lrrc9","lrrc9"
"13382","Rtn1","rtn1a"
"13383","Kin",""
"13384","Atp5f1c","atp5f1c"
"13385","Scaf11","scaf11"
"13386","Trhde","LOC111571736"
"13387","Ifi44l","LOC111565785"
"13388","Ifi44","LOC111565785"
"13389","Phax","phax"
"13390","Glt8d2","glt8d2"
"13391","Syn3","LOC111587810"
"13392","Vcpkmt","vcpkmt"
"13393","Gale","gale"
"13394","Emc4","emc4"
"13395","Lpcat4","lpcat4"
"13396","Hdac8",""
"13397","Zbtb8a","zbtb8a"
"13398","Otx2","otx2b"
"13399","Nek9","LOC111574570"
"13400","Acyp1","acyp1"
"13401","Mlh3","mlh3"
"13402","Batf2","fosaa"
"13403","Jdp2","jdp2a"
"13404","Hmgcl","hmgcl"
"13405","Fes","fes"
"13406","Gjb3",""
"13407","Fyn","LOC111573260"
"13408","Arl5a","arl5a"
"13409","Xpo4",""
"13410","Efnb2","efnb2a"
"13411","Arglu1","arglu1a"
"13412","Hibch","hibch"
"13413","Thap2","zgc:153292"
"13414","Arl14epl","zgc:153292"
"13415","Apol10a","LOC111583999"
"13416","Apol10b","LOC111583999"
"13417","Apol6","LOC111583999"
"13418","Apol9a","LOC111583999"
"13419","Apol9b","LOC111583999"
"13420","Apol8","LOC111583999"
"13421","Apol7e","LOC111583999"
"13422","Apol7b","LOC111583999"
"13423","Apol11b","LOC111583999"
"13424","Apol11a","LOC111583999"
"13425","Apol7a","LOC111583999"
"13426","Apol7c","LOC111583999"
"13427","Hspa2","LOC111572498"
"13428","","LOC111587846"
"13429","","LOC111587845"
"13430","Paqr4","paqr4a"
"13431","Cenpf","cenpf"
"13432","Dhx38","dhx38"
"13433","Cacnb4","cacnb4a"
"13434","Ptbp2","LOC111582264"
"13435","S1pr5","s1pr5a"
"13436","Yipf2",""
"13437","Timm29","timm29"
"13438","","LOC111563049"
"13439","Socs7",""
"13440","Bud31","bud31"
"13441","Pdap1","pdap1b"
"13442","Poldip3","poldip3"
"13443","Shmt1","shmt1"
"13444","Anxa11","LOC129350831"
"13445","Pcyt1b","pcyt1ba"
"13446","Pdk3","pdk3a"
"13447","Comtd1","LOC111574790"
"13448","Atrnl1","atrnl1b"
"13449","Ptgdr2","LOC111562531"
"13450","Trpc5",""
"13451","Nadk2","nadk2"
"13452","Frmd7","LOC111583739"
"13453","","LOC111583854"
"13454","","LOC111584668"
"13455","Kpnb1","kpnb1"
"13456","Stk26","stk26"
"13457","Aanat","LOC111567914"
"13458","Fam234b","fam234b"
"13459","Smdt1","LOC111583840"
"13460","Ndufa6","ndufa6"
"13461","Gcdh","gcdhb"
"13462","Il11ra3","ghrb"
"13463","Il11ra1","ghrb"
"13464","Il11ra2","ghrb"
"13465","Il13ra1","ghrb"
"13466","Ghr","ghrb"
"13467","Il12rb1","ghrb"
"13468","Osmr","ghrb"
"13469","Il6ra","ghrb"
"13470","Il23r","ghrb"
"13471","Crlf2","ghrb"
"13472","Il2rg","ghrb"
"13473","Il27ra","ghrb"
"13474","Nfil3",""
"13475","Eeig1",""
"13476","Bmpr2","LOC111565854"
"13477","Ndor1","ndor1"
"13478","Ttc28","ttc28"
"13479","Plekha2","plekha2"
"13480","Psapl1","sftpbb"
"13481","Sftpb","sftpbb"
"13482","Usp39","usp39"
"13483","Esyt2","esyt2b"
"13484","Stac2","LOC111566733"
"13485","Ubtd1","ubtd1b"
"13486","","LOC111583568"
"13487","","LOC118471719"
"13488","Shank1",""
"13489","Mss51","LOC111588184"
"13490","Mss51","LOC111588194"
"13491","Slc4a1","slc4a1b"
"13492","Cpeb4","LOC111588044"
"13493","Xpnpep3","xpnpep3"
"13494","Znhit1",""
"13495","Bmp15","bmp15"
"13496","Nfxl1",""
"13497","0610030E20Rik","c6h2orf68"
"13498","Lnpep","lnpep"
"13499","Shroom4","shroom4"
"13500","Hmgb3","hmgb2b"
"13501","Hsbp1",""
"13502","","si:dkey-246g23.2"
"13503","Tmem60","tmem60"
"13504","Rsbn1l","LOC111588135"
"13505","Ahcyl2","LOC111585436"
"13506","","si:dkey-225f5.4"
"13507","Nr1d1","nr1d1"
"13508","","ttc12"
"13509","Tlcd5","tlcd5a"
"13510","Med15","med15"
"13511","Rsrc1","rsrc1"
"13512","Shox2","shox2"
"13513","Dscaml1","LOC111587747"
"13514","Thoc6","thoc6"
"13515","Dmxl1","LOC111564720"
"13516","Timp3","LOC111583098"
"13517","Gas2l3","gas2l3"
"13518","Arid2","arid2"
"13519","Mkln1","mkln1"
"13520","Rasgrf2","rasgrf2b"
"13521","","col21a1"
"13522","","zmp:0000000760"
"13523","Hcrtr2","hcrtr2"
"13524","Habp2","LOC111571804"
"13525","Eif2ak2",""
"13526","Rerg","rerg"
"13527","Eif2ak2","LOC111573734"
"13528","Gns","gnsa"
"13529","Dhrs4","zgc:101858"
"13530","Cbr3","zgc:101858"
"13531","Dhrs2","zgc:101858"
"13532","","col27a1b"
"13533","Taok3","taok3a"
"13534","Abcc10","abcc2"
"13535","Hmox2","hmox2b"
"13536","Srl","srl"
"13537","Tfap4","tfap4"
"13538","Glis2",""
"13539","Tnnc1","tnnc1b"
"13540","Zfp764l1","si:ch211-148l7.4"
"13541","Zfp764","si:ch211-148l7.4"
"13542","Zfp160","si:ch211-148l7.4"
"13543","Ctcfl","si:ch211-148l7.4"
"13544","Zfp553","si:ch211-148l7.4"
"13545","Zfp74","si:ch211-148l7.4"
"13546","Zfp92","si:ch211-148l7.4"
"13547","Zfp282","si:ch211-148l7.4"
"13548","Zfp689","si:ch211-148l7.4"
"13549","Zfp688","si:ch211-148l7.4"
"13550","Wdr6","wdr6"
"13551","Zbtb39","LOC111586955"
"13552","Pip4k2c",""
"13553","Fam193b","fam193b"
"13554","Sh2d4a",""
"13555","Mxd3","mxd3"
"13556","Prelid1",""
"13557","","gcna"
"13558","","npy7r"
"13559","Gabra2","LOC111573063"
"13560","Fzd8",""
"13561","Tmem241","LOC111587087"
"13562","Kcnk2","kcnk2a"
"13563","Col11a1","col11a1a"
"13564","Pih1d1",""
"13565","","LOC118469723"
"13566","Hoxb13","hoxb13a"
"13567","Hoxb9","hoxb9a"
"13568","Hoxb8","hoxb8a"
"13569","Hoxb7","hoxb7a"
"13570","","hoxb5a"
"13571","Hoxb4","hoxb4a"
"13572","Hoxb3","hoxb3a"
"13573","Hoxb2","hoxb2a"
"13574","Stac3","LOC111579118"
"13575","Hspb7","LOC118469153"
"13576","Fam210b","fam210b"
"13577","Ppp1r1a","LOC111578046"
"13578","St7l",""
"13579","","si:dkeyp-113d7.10"
"13580","","si:dkeyp-113d7.1"
"13581","","LOC111584886"
"13582","","LOC111570899"
"13583","Pip4p1",""
"13584","Adgra3","adgra3"
"13585","Nsf","nsfa"
"13586","Snx7","snx7"
"13587","Dcaf11","dcaf11"
"13588","Plppr2","plppr2a"
"13589","","LOC118470502"
"13590","","nfil3-6"
"13591","Micall1","LOC111580813"
"13592","","erap2"
"13593","Gga1","LOC111580814"
"13594","Trim71","trim71"
"13595","Cnga4","cnga4"
"13596","","zgc:101559"
"13597","Nalcn","nalcn"
"13598","Nr4a3","nr4a3"
"13599","Cep72","cep72"
"13600","Kifc2","si:ch211-257p13.3"
"13601","Tppp","LOC111572054"
"13602","Topaz1","topaz1"
"13603","Trip13","trip13"
"13604","Cybrd1","LOC111582180"
"13605","Abhd5","LOC111562442"
"13606","Tra2a","tra2a"
"13607","","LOC111562451"
"13608","Rpl14",""
"13609","Dync1i2","dync1i2a"
"13610","","LOC111562441"
"13611","Grb10",""
"13612","","si:dkey-3h3.3"
"13613","Psmd9",""
"13614","Tmc2",""
"13615","Gtf2h3","gtf2h3"
"13616","Zdhhc11",""
"13617","Brd9","brd9"
"13618","Auh","auh"
"13619","Dpm2","dpm2"
"13620","Pip5kl1","pip5kl1"
"13621","Cux2","cux2b"
"13622","Skp2","skp2"
"13623","Sorbs3","sorbs3"
"13624","Slc27a6","slc27a6"
"13625","Mn1","mn1b"
"13626","Ccdc157","ccdc157"
"13627","Sf3a1","sf3a1"
"13628","","LOC111586676"
"13629","Slc2a7","slc2a11b"
"13630","Hint2",""
"13631","Onecut1","onecut1"
"13632","Qser1","qser1"
"13633","E2f4",""
"13634","","si:ch211-122f10.4"
"13635","Rbm34","rbm34"
"13636","Tbce",""
"13637","","LOC111580415"
"13638","Tnpo2","tnpo2b"
"13639","Proca1","pla2g3"
"13640","Pla2g3","pla2g3"
"13641","Sh3glb2","sh3glb2b"
"13642","Nkd2","nkd2b"
"13643","Edn2",""
"13644","","rps27.2"
"13645","Alg2","alg2"
"13646","Sec61b","sec61b"
"13647","Frrs1l","LOC111577840"
"13648","","zgc:158766"
"13649","","ca4c"
"13650","Phactr4","phactr4b"
"13651","Aldh9a1","aldh3a2b"
"13652","Aldh3b1","aldh3a2b"
"13653","Aldh3a1","aldh3a2b"
"13654","Aldh1b1","aldh3a2b"
"13655","Edn2","edn2"
"13656","Trio","trioa"
"13657","","rab13"
"13658","","LOC111572053"
"13659","Rcc1","rcc1"
"13660","Fbxo40","LOC111580883"
"13661","Vtn","vtnb"
"13662","Ins1","LOC111566177"
"13663","Ins2","LOC111566177"
"13664","Shroom1","shroom1"
"13665","Rabgef1","rabgef1"
"13666","Aff4","aff4"
"13667","Ifit1bl1",""
"13668","Ifit1bl2",""
"13669","Ifit1",""
"13670","Ifit3b",""
"13671","Ifit2",""
"13672","Ifit3",""
"13673","Minpp1","LOC111585457"
"13674","Atad1","LOC129347417"
"13675","Atad1","atad1b"
"13676","Cluh","LOC111580867"
"13677","Gata3","gata3"
"13678","Podxl","podxl"
"13679","Tmem19","tmem19"
"13680","Tbc1d30","tbc1d30"
"13681","Celf2","celf2"
"13682","Plppr3","plppr3b"
"13683","Med16","med16"
"13684","","si:ch211-207i20.2"
"13685","Noc3l","LOC111585455"
"13686","Tmem245","tmem245"
"13687","Ptdss1","ptdss1a"
"13688","Nhlrc1",""
"13689","Entrep3","fam189b"
"13690","Clcn1","clcn1b"
"13691","Slc38a7",""
"13692","Olfml2b","olfml2ba"
"13693","Tor1aip2","LOC111562406"
"13694","Tor1aip1","LOC111562406"
"13695","Tor1aip2","LOC111562405"
"13696","Tor1aip1","LOC111562405"
"13697","","mibp"
"13698","Dbt",""
"13699","Dnttip2","dnttip2"
"13700","Wdr18","wdr18"
"13701","Tmem259","tmem259"
"13702","Cope","cope"
"13703","","gcshb"
"13704","Prrg4","prrg4"
"13705","Got2","got2b"
"13706","Myo9b","si:zfos-588f8.1"
"13707","Dpt","dpt"
"13708","Atp1b1","atp1b1a"
"13709","Nme7","nme7"
"13710","Kif13a","kif13a"
"13711","Tcf21","tcf21"
"13712","Lpgat1","lpgat1"
"13713","Tmem63a","tmem63a"
"13714","Tia1","LOC111583069"
"13715","Anapc5","anapc5"
"13716","Cplx1","cplx2a"
"13717","","syn1"
"13718","Pkd1l2","pkd1a"
"13719","Pkdrej","pkd1a"
"13720","Pkd1l3","pkd1a"
"13721","Pkd1","pkd1a"
"13722","Pkd2l2","pkd1a"
"13723","Mri1","mri1"
"13724","","LOC118470666"
"13725","","LOC111571875"
"13726","","LOC111571868"
"13727","Slc25a10","slc25a10b"
"13728","","zgc:172121"
"13729","Ercc5",""
"13730","Bivm",""
"13731","Pak2","pak2b"
"13732","Tnfsf14","LOC111569930"
"13733","Golga7b","golga7ba"
"13734","","vgll4l"
"13735","Slc20a1","slc20a1a"
"13736","Crtac1","crtac1a"
"13737","R3hcc1l",""
"13738","Tfap4","LOC111569934"
"13739","D8Ertd738e","c4h19orf53"
"13740","Mmp11","LOC111574104"
"13741","Rgs21","si:ch211-196h16.12"
"13742","Lmnb1","lmnb1"
"13743","Nherf2","LOC111571880"
"13744","Nthl1",""
"13745","Slc25a24","LOC111571857"
"13746","AU018091","si:ch73-352p4.8"
"13747","Slc7a13","si:ch73-352p4.8"
"13748","Lmo3","lmo3"
"13749","Rph3a",""
"13750","Nfyb","nfyba"
"13751","Dgcr8","dgcr8"
"13752","Ankrd28","ankrd28b"
"13753","","emid1"
"13754","Rhbdd3","rhbdd3"
"13755","Osbp2",""
"13756","Gkap1","gkap1"
"13757","","tmem119a"
"13758","Grid2","grid2"
"13759","Txnrd1",""
"13760","Chst11","chst11"
"13761","Slc41a2","slc41a2b"
"13762","Ube2n","ube2na"
"13763","Nudt4","nudt4a"
"13764","Eea1","eea1"
"13765","Trmt2a","trmt2a"
"13766","Foxm1","foxm1"
"13767","Lrrn3","LOC111563662"
"13768","Tnpo3",""
"13769","Phf20","LOC111583732"
"13770","","ccdc135"
"13771","Cald1",""
"13772","Fam131c","fam131c"
"13773","Dnm1l","LOC111566670"
"13774","Tpd52l2","LOC111570250"
"13775","","irx7"
"13776","Slc41a3",""
"13777","Tsc2","tsc2"
"13778","Aco1","aco1"
"13779","Dhx57","dhx57"
"13780","Caly","caly"
"13781","Nsmce1","nsmce1"
"13782","Vps37a","vps37a"
"13783","Morn2","morn2"
"13784","Pdzrn4","pdzrn4"
"13785","Cntn1","cntn1b"
"13786","Srl","LOC111569920"
"13787","Nop58","nop58"
"13788","","tpcn3"
"13789","Ica1l","ical1"
"13790","Syk","syk"
"13791","Chd1","chd1"
"13792","Kcnh7",""
"13793","Casp8ap2","casp8ap2"
"13794","Ptchd4","ptchd4"
"13795","Opn5","opn5"
"13796","Mdn1","mdn1"
"13797","","LOC111572588"
"13798","Grm1","LOC111572587"
"13799","Rhag","LOC111578768"
"13800","Nrxn2","nrxn2b"
"13801","Wdr12",""
"13802","Nufip1","nufip1"
"13803","Cfap47","LOC111566915"
"13804","","LOC111571707"
"13805","Galnt18","galnt18b"
"13806","Rpl13","rpl13"
"13807","Eif3m","eif3m"
"13808","Unc13c","LOC111562838"
"13809","Galnt1","galnt1"
"13810","Trdmt1",""
"13811","Abcd3","abcd3a"
"13812","Anapc1","anapc1"
"13813","Cacng1","LOC111568050"
"13814","Tacr3","tacr3l"
"13815","Tacr3","tacr3a"
"13816","","LOC111570715"
"13817","Rpl9","rpl9"
"13818","Rpl9-ps6","rpl9"
"13819","Lrrc74b","lrrc74b"
"13820","Nipsnap1","nipsnap1"
"13821","Lias",""
"13822","Ugdh","ugdh"
"13823","","smarca2"
"13824","Akain1","LOC111578767"
"13825","Akap7","LOC111578767"
"13826","Slc22a3",""
"13827","Slc22a12",""
"13828","Slc22a30",""
"13829","Slc22a29",""
"13830","Slc22a26",""
"13831","Slc22a19",""
"13832","Slc22a27",""
"13833","Slc22a28",""
"13834","Slc22a14",""
"13835","Slc22a1",""
"13836","Slc22a21",""
"13837","Slc22a4",""
"13838","Slc22a5",""
"13839","Slc22a22",""
"13840","Slc22a6",""
"13841","Slc22a20",""
"13842","Ccn6","ccn6"
"13843","Tube1","tube1"
"13844","Adgb","adgb"
"13845","","rab32a"
"13846","","LOC111566447"
"13847","Camsap1","camsap1b"
"13848","","LOC118470077"
"13849","Ufl1","ufl1"
"13850","Ankrd6","ankrd6b"
"13851","Lrfn2","lrfn2b"
"13852","Garem2","gareml"
"13853","","lama4"
"13854","Arpc4","arpc4"
"13855","","hcn5"
"13856","","LOC118469385"
"13857","Pfkfb4","pfkfb4b"
"13858","Itgb5","itgb5"
"13859","Cbln3","si:dkeyp-74b6.2"
"13860","","LOC111563422"
"13861","Ctc1","ctc1"
"13862","Dlg4","LOC111563200"
"13863","Msx3",""
"13864","Racgap1","LOC111580330"
"13865","Hexa","hexa"
"13866","","LOC111583131"
"13867","Evc","LOC111583164"
"13868","Evc2","LOC111583165"
"13869","Cytl1","LOC111583167"
"13870","","LOC111579749"
"13871","","LOC111575293"
"13872","Bsn","bsnb"
"13873","","zgc:109965"
"13874","Tox2","tox2"
"13875","Ahcyl","ahcy"
"13876","Ahcy","ahcy"
"13877","Adamtsl3","adamtsl3"
"13878","Mrto4","mrto4"
"13879","Akr7a5","akr7a3"
"13880","Oser1","oser1"
"13881","Kazn","LOC111588010"
"13882","","ranbp1"
"13883","Zdhhc8","zdhhc8b"
"13884","R3hdm2","LOC111579120"
"13885","Ppib",""
"13886","","si:dkey-7k24.5"
"13887","Fam219a","fam219aa"
"13888","Hypk","hypk"
"13889","Mfap1a","mfap1"
"13890","Mfap1b","mfap1"
"13891","Nr2f2",""
"13892","Pgam5","pgam5"
"13893","Ankle2","ankle2"
"13894","Golga3",""
"13895","","LOC111575103"
"13896","Sumf1","LOC111575105"
"13897","Itpr1","LOC111575102"
"13898","","LOC111574567"
"13899","Asxl1","asxl1"
"13900","Nol4l",""
"13901","Nol4l","LOC129349409"
"13902","Myt1","myt1a"
"13903","Nell1","LOC111575341"
"13904","Loxl4","LOC111571864"
"13905","Ankrd33b","ankrd33bb"
"13906","Napg","napgb"
"13907","Fbxl17","fbxl17"
"13908","Pappa2","pappa2"
"13909","Msh3","msh3"
"13910","Piezo2","LOC111570823"
"13911","Tmem47","LOC111566917"
"13912","Runx1","runx1"
"13913","Donson","LOC111562789"
"13914","Ddrgk1","LOC111568148"
"13915","Slc19a2","slc19a2"
"13916","Atg3","atg3"
"13917","Lsm6",""
"13918","Fcamr","LOC111571866"
"13919","Tekt4","tekt4"
"13920","Mmaa","mmaa"
"13921","Ndufaf4","ndufaf4"
"13922","Slc24a2","slc24a2"
"13923","Marcks","marcksa"
"13924","Hdac2","LOC111587130"
"13925","Foxk1","foxk1"
"13926","Iqub","iqub"
"13927","Radil","radil"
"13928","Lrp5","lrp5"
"13929","Mmd2",""
"13930","Pnpla6","pnpla6"
"13931","Il1rapl2","il1rapl2"
"13932","B3gnt6","LOC111566488"
"13933","","si:zfos-2326c3.2"
"13934","Fam168a","fam168a"
"13935","Qpctl",""
"13936","Mapk9","mapk9"
"13937","","six9"
"13938","Six5",""
"13939","Mettl16","mettl16"
"13940","Klhl7",""
"13941","Hnf1b","hnf1ba"
"13942","","foxp3b"
"13943","Map9","map9"
"13944","Cacng4","LOC111576429"
"13945","Dlc1","dlc1"
"13946","","LOC111572667"
"13947","Mlf1","mlf1"
"13948","Dynll2","dynll2a"
"13949","Srsf1","srsf1a"
"13950","Tbcb","tbcb"
"13951","Lrfn3","zgc:172282"
"13952","Aldoc",""
"13953","Cacfd1","cacfd1"
"13954","Pdcl",""
"13955","Adamts6","adamts6"
"13956","Nsun5","nsun5"
"13957","Kif5a","kif5aa"
"13958","Cars2","cars2"
"13959","Igfbp6",""
"13960","Tbc1d22b","tbc1d22b"
"13961","","LOC111577534"
"13962","Rpl22","LOC111574442"
"13963","","clcnk"
"13964","Edem2","edem2"
"13965","Atoh1","atoh1a"
"13966","Wdr31","wdr31"
"13967","Cobll1","cobll1a"
"13968","Bri3bp","bri3bp"
"13969","Stpg2","stpg2"
"13970","Elac1","elac1"
"13971","Mier3","mier3b"
"13972","Clip1","clip1a"
"13973","Fancg","fancg"
"13974","Lrrc43","LOC111576657"
"13975","Rasef","rasef"
"13976","Mat2a","mat2ab"
"13977","Rfesd","LOC111576648"
"13978","","tbx5b"
"13979","","si:dkey-98f17.5"
"13980","Prkcq","prkcq"
"13981","Cbln3","LOC111582618"
"13982","Zbtb1","zbtb1"
"13983","Pou3f2",""
"13984","Morc2a","morc2"
"13985","Morc2b","morc2"
"13986","Nt5e","nt5e"
"13987","Fam131b","fam131bb"
"13988","Rbm24","rbm24b"
"13989","Hdac9","hdac9b"
"13990","","grinab"
"13991","Spatc1",""
"13992","Zyx","zyx"
"13993","Mme","kel"
"13994","Emg1","emg1"
"13995","Nop2","nop2"
"13996","Dnlz","dnlz"
"13997","","kmt5aa"
"13998","Rilpl1","rilpl1"
"13999","","LOC118470389"
"14000","Septin8","LOC111567554"
"14001","Nsa2","nsa2"
"14002","Alpk2","alpk2"
"14003","C9","c9"
"14004","Slc35f1","slc35f1"
"14005","Nus1","nus1"
"14006","Hsf2","hsf2"
"14007","Gpr6","LOC111574217"
"14008","Pex7",""
"14009","Mtfr2",""
"14010","","armc1l"
"14011","Ints7",""
"14012","Dtl","dtl"
"14013","Gdf9","gdf9"
"14014","Uqcrq","LOC111567550"
"14015","Hspa4",""
"14016","","LOC111563009"
"14017","Pgrmc1",""
"14018","Rab24","rab24"
"14019","Nsd1","nsd1b"
"14020","","LOC111580207"
"14021","Yeats4","yeats4"
"14022","Slc25a12","LOC111582171"
"14023","Slc6a12","LOC111571504"
"14024","Napepld","napepld"
"14025","","LOC111578156"
"14026","Snd1","snd1"
"14027","Fbrs","fbrs"
"14028","Pim1","pim1"
"14029","","LOC111576584"
"14030","Bsn","bsna"
"14031","","LOC111576083"
"14032","Slc16a1","LOC111564475"
"14033","Minpp1","LOC129347477"
"14034","","si:dkey-32e6.3"
"14035","","LOC111579966"
"14036","Atp6v0b",""
"14037","","lamb2l"
"14038","Ntrk2","ntrk2a"
"14039","Msx2","LOC111588072"
"14040","Cisd1","zgc:110843"
"14041","Cysltr1","cysltr1"
"14042","Pdlim7","pdlim7"
"14043","Chmp2a","chmp2a"
"14044","Msl1","msl1b"
"14045","","trim105"
"14046","Drd1","drd1a"
"14047","Slc25a53","LOC111565578"
"14048","Tenm2","tenm2a"
"14049","Bhlhe40","LOC111575104"
"14050","Ttll3","ttll3"
"14051","","LOC111565202"
"14052","","LOC111565200"
"14053","","LOC111565207"
"14054","","LOC111565206"
"14055","Kansl1","kansl1a"
"14056","Slc28a3",""
"14057","Qki","qki2"
"14058","Heatr1","heatr1"
"14059","Slc4a8",""
"14060","Sun1","LOC111581010"
"14061","","hs3st3b1b"
"14062","Htra1",""
"14063","Acta2","acta2"
"14064","Actg2","acta2"
"14065","Rnls","rnls"
"14066","Snf8",""
"14067","Calcoco2","calcoco2"
"14068","Kprp",""
"14069","Ttll8",""
"14070","Hoxb5","hoxb5b"
"14071","","LOC111588320"
"14072","Hoxb1","hoxb1b"
"14073","Skap1","skap1"
"14074","Arhgap20","arhgap20"
"14075","Snx11","snx11"
"14076","","LOC111582277"
"14077","2310057M21Rik","c18h10orf88"
"14078","Asb3","asb3"
"14079","Hcn3","kcnh3"
"14080","Hlf","hlfb"
"14081","Cbx1","cbx1b"
"14082","Lipa",""
"14083","Rasal2",""
"14084","Slc35f5","LOC111563312"
"14085","Mlph","mlphb"
"14086","Stam2","stam2"
"14087","Psmd1","psmd1"
"14088","Ch25h","ch25h"
"14089","Mapt",""
"14090","Phldb2",""
"14091","a","asip1"
"14092","Synpr","synpra"
"14093","Col1a1",""
"14094","Lrig1",""
"14095","Rmi1","rmi1"
"14096","Hnrnpk","hnrnpk"
"14097","Ubqln1",""
"14098","Tent2","tent2"
"14099","Cmya5","cmya5"
"14100","Rpp21","rpp21"
"14101","","tchp"
"14102","Aqp12","aqp12"
"14103","Cc2d2a","cc2d2a"
"14104","Prkd2","prkd2"
"14105","Atp2b4","LOC111575996"
"14106","Git2","git2a"
"14107","Zbtb49","zbtb49"
"14108","Lyar","lyar"
"14109","Tmem128","tmem128"
"14110","Slc2a9","slc2a9l2"
"14111","Fbxl5","fbxl5"
"14112","Htr2b","htr2b"
"14113","Camsap2","camsap2a"
"14114","Slc10a4-ps","slc10a4"
"14115","Slc10a4","slc10a4"
"14116","Zar1","zar1"
"14117","Gpr17","gpr17"
"14118","Inpp5d","inpp5d"
"14119","Hmga2","hmga2"
"14120","Mgst1","mgst1.1"
"14121","Aldh1l2","aldh1l2"
"14122","Fmo9","LOC111577520"
"14123","Fmo9","LOC111577511"
"14124","","peak3"
"14125","Ddx59","ddx59"
"14126","Tgfbr3","tgfbr3"
"14127","Tmem131","tmem131"
"14128","Slc5a5","slc5a5"
"14129","","brdt"
"14130","Kif14","kif14"
"14131","Ephx4","ephx4"
"14132","","LOC111582318"
"14133","Nr5a2","nr5a2"
"14134","Acap2","LOC111575595"
"14135","","zgc:73226"
"14136","Pik3r1","pik3r1"
"14137","Elf2","elf2a"
"14138","Gnpda1","gnpda1"
"14139","Ndfip1","LOC111565143"
"14140","","fgf1a"
"14141","Naa15","naa15a"
"14142","","LOC111574439"
"14143","Mical1","mical1"
"14144","Htr6",""
"14145","Tmco4","tmco4"
"14146","Plekhg5",""
"14147","","LOC111562412"
"14148","","LOC111562410"
"14149","Snx21","snx21"
"14150","Jph2","jph2"
"14151","Gdap1l1","gdap1l1"
"14152","Hspb7",""
"14153","Klf15","LOC111578166"
"14154","Tcf19","tcf19l"
"14155","","qrfp"
"14156","Src","src"
"14157","","LOC111574759"
"14158","Csgalnact1","LOC111564714"
"14159","","LOC111580955"
"14160","","LOC111580954"
"14161","","LOC111580957"
"14162","","LOC111575787"
"14163","","LOC111575789"
"14164","","LOC111575790"
"14165","","LOC111575788"
"14166","","LOC111575786"
"14167","","LOC111585797"
"14168","","LOC111580525"
"14169","","LOC111584590"
"14170","Ppef2","ppef2a"
"14171","Atp8b5","LOC111584142"
"14172","Nrcam","nrcama"
"14173","Pde4dip",""
"14174","Prrx1","prrx1b"
"14175","Gorab","gorab"
"14176","Ntmt2",""
"14177","Niban1","niban1a"
"14178","Vegfa","vegfab"
"14179","Senp6","senp6a"
"14180","Myo6","myo6a"
"14181","Impg1","LOC111574551"
"14182","Vasp","vaspb"
"14183","Ankrd13b","ankrd13b"
"14184","Fig4","fig4a"
"14185","Lrrc51",""
"14186","Lamtor1","lamtor1"
"14187","","sfrp2l"
"14188","Tomt",""
"14189","Ing4","ing4"
"14190","Dnah11","si:dkey-233k19.3"
"14191","Trmt1l","trmt1l"
"14192","Msh4","msh4"
"14193","Sec16a","sec16a"
"14194","Flvcr2","flvcr2a"
"14195","Erg28","erg28"
"14196","Ythdf2","ythdf2"
"14197","Kif26a","kif26ab"
"14198","Rab5c","LOC111566728"
"14199","Afap1l2","afap1l2"
"14200","Kbtbd13",""
"14201","Stub1","stub1"
"14202","Gjc1","LOC111567297"
"14203","Zfp503","LOC111574792"
"14204","Med1","med1"
"14205","Neurod2","LOC111566721"
"14206","Ppp1r1b","LOC111566722"
"14207","Pnmt",""
"14208","Wfikkn1","LOC111574400"
"14209","","LOC111582624"
"14210","Ryr3","LOC111587668"
"14211","","LOC111579037"
"14212","Sp8","sp8b"
"14213","Ncapd2","ncapd2"
"14214","Dnmbp","dnmbp"
"14215","Tnfrsf19","tnfrsf19"
"14216","","LOC111569195"
"14217","Ssr3","ssr3"
"14218","Kcnab1","kcnab1a"
"14219","Kcnj1","kcnj1a.1"
"14220","Wdr49",""
"14221","Pdcd10","pdcd10a"
"14222","Serpini1","serpini1"
"14223","Lamb2","lamb2"
"14224","Cep85l","cep85l"
"14225","Mcm9",""
"14226","","grk7b"
"14227","Snx14","snx14"
"14228","Samsn1","samsn1a"
"14229","Lrrc4","lrrc4.1"
"14230","","slc6a1l"
"14231","Igsf11",""
"14232","Grm5","grm5b"
"14233","Rab11fip4","rab11fip4b"
"14234","Mb","mb"
"14235","Serhl",""
"14236","Zfp207","znf207b"
"14237","Mchr1","mchr1a"
"14238","Slc44a1","LOC111581933"
"14239","Cnga1","cnga1a"
"14240","Spock3",""
"14241","","rnf11a"
"14242","Prpf38a","prpf38a"
"14243","Lrrc24","lrrc24"
"14244","Smim14","smim14"
"14245","","misp3"
"14246","","dohh"
"14247","Ube2k",""
"14248","Lamp3",""
"14249","Cherp","cherp"
"14250","Pds5a","pds5a"
"14251","Myl2","myl2b"
"14252","Iqsec3","iqsec3a"
"14253","","LOC111571513"
"14254","Nrf1","nrf1"
"14255","Snrnp200","snrnp200"
"14256","Grik3","grik3"
"14257","Sap30bp","sap30bp"
"14258","Ipmk","ipmkb"
"14259","","LOC129347379"
"14260","","LOC111570567"
"14261","Slc2a7","LOC111571613"
"14262","","LOC111588281"
"14263","Sult1a1","LOC111570216"
"14264","Sult2a7","LOC111570216"
"14265","Sult2a1","LOC111570216"
"14266","Sult2a3","LOC111570216"
"14267","Sult2a8","LOC111570216"
"14268","Sult2a2","LOC111570216"
"14269","Sult2a5","LOC111570216"
"14270","Sult2a6","LOC111570216"
"14271","Sult2a4","LOC111570216"
"14272","Sult1e1","LOC111570216"
"14273","Rab26","LOC111571623"
"14274","","btbd8"
"14275","Cluap1","cluap1"
"14276","Ccdc124","ccdc124"
"14277","Kcnn1","kcnn1b"
"14278","","LOC118470520"
"14279","Cenpi","cenpi"
"14280","Ganab","ganabb"
"14281","Hes1",""
"14282","1700028K03Rik","LOC111579961"
"14283","Glmn","LOC111579960"
"14284","Uhrf1","uhrf1"
"14285","1700009N14Rik",""
"14286","Ran",""
"14287","Rasl2-9",""
"14288","Kansl1l","kansl1l"
"14289","Cxcr2","cxcr2"
"14290","Cxcr1","cxcr2"
"14291","Adarb1","adarb1b"
"14292","Rapgef5","LOC111588874"
"14293","","nppcl"
"14294","Gapdhrt","gapdh"
"14295","Gapdhrt2","gapdh"
"14296","Gapdh","gapdh"
"14297","","si:ch211-254p10.2"
"14298","Macc1","macc1"
"14299","Slc6a18","LOC111588869"
"14300","Opa1","opa1"
"14301","Pafah1b1","LOC111572996"
"14302","Pde9a","pde9aa"
"14303","Slc6a19",""
"14304","Clptm1","clptm1"
"14305","Eml6","LOC111572928"
"14306","Taf7","taf7"
"14307","Akap11","akap11"
"14308","","LOC111578399"
"14309","","ccdc80"
"14310","Sptbn1","LOC111572926"
"14311","","odam"
"14312","Zglp1",""
"14313","Ugt8a","ugt8"
"14314","Prss12","prss12"
"14315","Mettl14","mettl14"
"14316","","si:zfos-323e3.4"
"14317","Atf7ip","atf7ip"
"14318","Klf3","klf3"
"14319","Gtf2e2","gtf2e2"
"14320","Smim18","smim18"
"14321","Dctn6",""
"14322","Cacng5","cacng5a"
"14323","","n4bp2"
"14324","Rhbdf2","LOC111564216"
"14325","Nckap5","LOC111563314"
"14326","Ddx18","ddx18"
"14327","Pfkl",""
"14328","","opn9"
"14329","Fhod3","fhod3b"
"14330","Dync2i1","dync2i1"
"14331","Gpam","gpam"
"14332","Wdr97","wdr97"
"14333","Lrrc14","si:ch73-174h16.4"
"14334","Slco5a1","LOC111583007"
"14335","Sulf1","sulf1"
"14336","Cdhr1","cdhr1a"
"14337","Cers2","cers2a"
"14338","Dtnbp1","dtnbp1b"
"14339","Mylip","mylipa"
"14340","Gmpr",""
"14341","Cldn19","cldn19"
"14342","Wdr1",""
"14343","Anxa11","anxa11a"
"14344","Rxrb","rxrbb"
"14345","Klhdc10","klhdc10"
"14346","Recql","recql"
"14347","Atxn1","atxn1a"
"14348","Fam8a1","fam8a1a"
"14349","Fabp5","fabp4a"
"14350","Fabp9","fabp4a"
"14351","Pmp2","fabp4a"
"14352","Fabp12","fabp4a"
"14353","","mrpl53"
"14354","Pag1","pag1"
"14355","Zfp704","znf704"
"14356","Slc4a7","LOC111569693"
"14357","Gykl1","LOC111564220"
"14358","Gk2","LOC111564220"
"14359","Gk","LOC111564220"
"14360","Iffo1","iffo1b"
"14361","","LOC111588824"
"14362","C4a","c4b"
"14363","C4b","c4b"
"14364","Arhgap18","arhgap18"
"14365","Fkbp6","fkbp6"
"14366","Ube2j1","ube2j1"
"14367","Grik2","LOC111566453"
"14368","Tnxb",""
"14369","Cyp21a1","LOC111588846"
"14370","","tnfrsf1a"
"14371","Plekhg6",""
"14372","","LOC111586341"
"14373","","mrpl51"
"14374","","LOC111586338"
"14375","Aif1","LOC111588850"
"14376","Epn1","epn1a"
"14377","Mfap5","mfap5"
"14378","Cgn","LOC111583766"
"14379","","LOC111586369"
"14380","Tuft1","tuft1a"
"14381","Csnk2b","LOC111588843"
"14382","Epb41",""
"14383","Ndufs6","ndufs6"
"14384","Irx1","irx1b"
"14385","","irx4b"
"14386","Mrpl36",""
"14387","Ferd3l","LOC111573785"
"14388","","twist1a"
"14389","Smarcc1",""
"14390","Majin",""
"14391","Paip2b","paip2b"
"14392","Hspa12b","hspa12b"
"14393","Pvalb","pvalb6"
"14394","Fbxl19","zgc:158376"
"14395","","zgc:171844"
"14396","","LOC111580807"
"14397","Aste1","aste1b"
"14398","Klhl7","klhl7"
"14399","Pum1",""
"14400","Mapk10","mapk10"
"14401","Kcnk5","LOC111577054"
"14402","Pon3","LOC111577055"
"14403","Pon2","LOC111577055"
"14404","Pon1","LOC111577055"
"14405","Pon3","LOC111577062"
"14406","Pon3","LOC111577060"
"14407","Pon2","LOC111577062"
"14408","Pon2","LOC111577060"
"14409","Pon1","LOC111577062"
"14410","Pon1","LOC111577060"
"14411","","LOC111577051"
"14412","Ube2h",""
"14413","Hgf","hgfa"
"14414","","med29"
"14415","Alkbh8","alkbh8"
"14416","Fxyd6","fxyd6"
"14417","Tmprss13",""
"14418","Cluh","cluha"
"14419","Cacna2d1","cacna2d1a"
"14420","","ap1m3"
"14421","Aicda",""
"14422","","tyrobp"
"14423","Zfp628",""
"14424","4933434E20Rik","c9h1orf43"
"14425","","si:dkey-92i15.4"
"14426","Aqp9","aqp10a"
"14427","Aqp5","aqp10a"
"14428","Aqp6","aqp10a"
"14429","","atp8b2"
"14430","Crmp1",""
"14431","Gclm",""
"14432","","ccl25b"
"14433","Tssk4","LOC111570624"
"14434","Nim1k","LOC111570624"
"14435","Tssk3","LOC111570624"
"14436","Pole4","pole4"
"14437","Haus8","haus8"
"14438","Arhgdia","LOC111575062"
"14439","Elfn1","LOC111587662"
"14440","Elfn2","elfn2a"
"14441","Pebp1","pebp1"
"14442","","LOC111579061"
"14443","Vsig10","vsig10"
"14444","Hic2","hic2"
"14445","Castor1","castor1"
"14446","","LOC111566718"
"14447","","prnpb"
"14448","Letm2","letm2"
"14449","Nsd3","nsd3"
"14450","Arhgef18","arhgef18b"
"14451","Nos1ap","nos1apa"
"14452","Lrrc7","lrrc7"
"14453","Rybp","rybpb"
"14454","Ppp4r2","ppp4r2b"
"14455","Pdzrn3","pdzrn3b"
"14456","Ftsj3","ftsj3"
"14457","","zmat1"
"14458","","gnrh2"
"14459","Prok2",""
"14460","Eif4e3","LOC111566146"
"14461","Foxi1","foxp1b"
"14462","Foxf2","foxp1b"
"14463","","clcc1"
"14464","Mcoln2",""
"14465","Il11","il11a"
"14466","Rasip1","rasip1"
"14467","Cox6b2","LOC111585488"
"14468","M6pr","m6pr"
"14469","Lpar3","LOC129350855"
"14470","Il11ra3","il6r"
"14471","Il11ra1","il6r"
"14472","Il11ra2","il6r"
"14473","Il13ra1","il6r"
"14474","Ghr","il6r"
"14475","Il12rb1","il6r"
"14476","Osmr","il6r"
"14477","Il6ra","il6r"
"14478","Il23r","il6r"
"14479","Crlf2","il6r"
"14480","Il2rg","il6r"
"14481","Il27ra","il6r"
"14482","Styk1","styk1b"
"14483","Arhgef5",""
"14484","Gstk1","LOC111576829"
"14485","Riiad1","LOC111562999"
"14486","","zgc:92606"
"14487","Otoa","otoa"
"14488","Zfp687","znf687a"
"14489","Klra1","si:dkey-26c10.5"
"14490","Klra4","si:dkey-26c10.5"
"14491","Klra3","si:dkey-26c10.5"
"14492","Klra10","si:dkey-26c10.5"
"14493","Klra7","si:dkey-26c10.5"
"14494","Klra5","si:dkey-26c10.5"
"14495","Klra17","si:dkey-26c10.5"
"14496","Klra8","si:dkey-26c10.5"
"14497","Klra6","si:dkey-26c10.5"
"14498","Klra2","si:dkey-26c10.5"
"14499","Klra9","si:dkey-26c10.5"
"14500","Olr1","si:dkey-26c10.5"
"14501","Klrc3","si:dkey-26c10.5"
"14502","Klrc2","si:dkey-26c10.5"
"14503","Klrc1","si:dkey-26c10.5"
"14504","Klre1","si:dkey-26c10.5"
"14505","Clec2h","si:dkey-26c10.5"
"14506","Clec2i","si:dkey-26c10.5"
"14507","Clec2d","si:dkey-26c10.5"
"14508","Clec2e","si:dkey-26c10.5"
"14509","Clec2g","si:dkey-26c10.5"
"14510","Klri2","si:dkey-26c10.5"
"14511","Klri1","si:dkey-26c10.5"
"14512","Clec2l","si:dkey-26c10.5"
"14513","Clec1b","si:dkey-26c10.5"
"14514","Klrb1f","si:dkey-26c10.5"
"14515","Klrb1b","si:dkey-26c10.5"
"14516","Klrb1a","si:dkey-26c10.5"
"14517","Klrb1c","si:dkey-26c10.5"
"14518","Klrb1","si:dkey-26c10.5"
"14519","Clec7a","si:dkey-26c10.5"
"14520","Klrd1","si:dkey-26c10.5"
"14521","Klrh1","si:dkey-26c10.5"
"14522","Clec12b","si:dkey-26c10.5"
"14523","Clec12a","si:dkey-26c10.5"
"14524","Cd69","si:dkey-26c10.5"
"14525","Clec5a","si:dkey-26c10.5"
"14526","Clec1a","si:dkey-26c10.5"
"14527","Clec2m","si:dkey-26c10.5"
"14528","Clec9a","si:dkey-26c10.5"
"14529","Klrg2","si:dkey-26c10.5"
"14530","Clec2f","si:dkey-26c10.5"
"14531","Psmd4","LOC111562993"
"14532","Trpv6","trpv6"
"14533","","ephb6"
"14534","She","she"
"14535","Rap1gap2","rap1gapl"
"14536","Casp2","casp2"
"14537","Flad1","flad1"
"14538","","LOC111563420"
"14539","Mepce","LOC111589086"
"14540","Corin",""
"14541","Rbm7","rbm7"
"14542","Mmp12","mmp13b"
"14543","Mmp10","mmp13b"
"14544","Mmp3","mmp13b"
"14545","Mmp27","mmp13b"
"14546","Mcoln2","LOC111564518"
"14547","Mcoln2","mcoln2"
"14548","","si:dkey-52l18.4"
"14549","Lrrc77","LOC111587521"
"14550","","zbbx"
"14551","Acot7","acot7"
"14552","Lpar3","LOC111586262"
"14553","Sgcg","sgcg"
"14554","Epha4","epha4l"
"14555","Ciao1","ciao1"
"14556","Asb6",""
"14557","Dpysl2","dpysl2a"
"14558","Shc1","shc1"
"14559","","ndnfl"
"14560","Cnrip1","cnrip1b"
"14561","Ryr2","ryr2b"
"14562","Efna1","efna1b"
"14563","Efna3","efna3b"
"14564","","si:dkey-246i14.3"
"14565","","pbxip1b"
"14566","S100a3","s100t"
"14567","S100g","s100t"
"14568","S100a5","s100t"
"14569","S100a14","s100t"
"14570","S100a4","s100t"
"14571","S100a10","s100t"
"14572","S100a7a","s100t"
"14573","S100a8","s100t"
"14574","S100a6","s100t"
"14575","S100a2","s100t"
"14576","S100a9","s100t"
"14577","","s100t"
"14578","Gm5849","s100t"
"14579","Crnn","s100t"
"14580","Chrnb2","chrnb2"
"14581","S100a11","LOC111566087"
"14582","","si:ch211-105c13.3"
"14583","Slc2a7","slc2a3b"
"14584","Zc3hc1","zc3hc1"
"14585","Parp11","LOC111571519"
"14586","Parp11","LOC111571515"
"14587","Slc5a8","LOC111576566"
"14588","Sh2d3c","sh2d3ca"
"14589","Slc5a1","slc5a1"
"14590","Atcay","atcaya"
"14591","","vtg3"
"14592","Neurod4","neurod4"
"14593","Gnat2","gnat2"
"14594","Chmp4b","LOC111577703"
"14595","Hspa2","hspa1b"
"14596","Adcy6","LOC111576524"
"14597","Etfrf1","lyrm5a"
"14598","Dnai7","dnai7"
"14599","Irag2","lrmp"
"14600","Bcat1","bcat1"
"14601","Fbxl14","fbxl14b"
"14602","","LOC111573509"
"14603","","LOC111573508"
"14604","Slc9b1",""
"14605","Slc9b2",""
"14606","Mir135a-2",""
"14607","Plvap","plvapa"
"14608","Nr2f6","nr2f6a"
"14609","Hs2st1","hs2st1a"
"14610","Slc1a7","slc1a7a"
"14611","","tmem106a"
"14612","","LOC111585478"
"14613","Kcnj2","kcnj2a"
"14614","Kcnj16","kcnj16a"
"14615","","rln1"
"14616","Pdcd1lg2","si:ch211-241b2.5"
"14617","Mrrf","mrrf"
"14618","Nbr1","nbr1a"
"14619","","si:ch1073-13h15.3"
"14620","","wbp1"
"14621","Arl3","LOC111567308"
"14622","Psme3","psme3"
"14623","Pax8","pax8"
"14624","Gpr84",""
"14625","Gpr150",""
"14626","Ass1","ass1"
"14627","Gigyf2","gigyf2"
"14628","","kncn"
"14629","Gpc1","gpc1b"
"14630","","fam131aa"
"14631","","gngt2b"
"14632","Chuk","LOC111567460"
"14633","Clcn2","clcn2a"
"14634","Ssbp4","ssbp4"
"14635","","LOC111564719"
"14636","Myorg","LOC111564695"
"14637","Ubac1","ubac1"
"14638","Kank1","kank1a"
"14639","Cfap157","cfap157"
"14640","Rnf122","rnf122"
"14641","","LOC111564690"
"14642","Nmrk1","LOC111564690"
"14643","Ostf1","ostf1"
"14644","Zfr2","zfr2"
"14645","Lrrc40","lrrc40"
"14646","","trabd2b"
"14647","Tnfaip8l1","tnfaip8l1"
"14648","Mydgf","mydgf"
"14649","Matk",""
"14650","","cts12"
"14651","Ankrd29","ankrd29"
"14652","","si:ch211-121a2.4"
"14653","Oaz1",""
"14654","Parn","parn"
"14655","Tmem59l","tmem59l"
"14656","Ncan","ncanb"
"14657","Nr2c2ap","nr2c2ap"
"14658","Rfxank","rfxank"
"14659","Borcs8","borcs8"
"14660","","tmem221"
"14661","","si:dkey-86e18.1"
"14662","Fasl","si:dkey-86e18.1"
"14663","","LOC111563469"
"14664","Mdfic2","mdfic2"
"14665","Thoc7","thoc7"
"14666","","LOC111574765"
"14667","Sin3b","sin3b"
"14668","Amh","amh"
"14669","Dot1l","dot1l"
"14670","","crlf1b"
"14671","Mef2b",""
"14672","Fryl",""
"14673","Rexo5","LOC111587653"
"14674","Dok7","dok7b"
"14675","Mapkapk5","mapkapk5"
"14676","Lrpap1",""
"14677","Pcdh10","pcdh10a"
"14678","Tbc1d10c","tbc1d10c"
"14679","Eri2","eri2"
"14680","Rad9a","rad9a"
"14681","Thumpd1","thumpd1"
"14682","Ppp1r12c","ppp1r12c"
"14683","P2rx3","p2rx3a"
"14684","Ssrp1","ssrp1a"
"14685","Qprt","LOC111575057"
"14686","Itgax","zmp:0000001082"
"14687","Atxn2","atxn2"
"14688","","ccl44"
"14689","","xpr1a"
"14690","Sema6a","sema6a"
"14691","Lrit2","lrit2"
"14692","Lrit1","lrit1a"
"14693","Acbd6","acbd6"
"14694","Rgr","rgra"
"14695","Slc18a3","slc18a3a"
"14696","Chat","chata"
"14697","Lhx4","lhx4"
"14698","Sac3d1",""
"14699","Qsox1","qsox1"
"14700","Slc1a6","slc1a6"
"14701","","nfil3-2"
"14702","Cpsf4","cpsf4"
"14703","","atp5mf"
"14704","Clcn5","clcn5b"
"14705","Pex12","pex12"
"14706","Gps1","gps1"
"14707","Dhrs2","zgc:113054"
"14708","Zfp352","si:ch211-117k10.3"
"14709","Klf17","si:ch211-117k10.3"
"14710","Klf14","si:ch211-117k10.3"
"14711","Cd8a","cd8a"
"14712","Cast","cast"
"14713","Tax1bp3","tax1bp3"
"14714","Hsh2d","hsh2d"
"14715","1700024G13Rik","c16h10orf53"
"14716","Ogdhl","ogdhl"
"14717","Rab8a","LOC111570617"
"14718","","tnfsf10l"
"14719","","si:ch73-71d17.2"
"14720","Clec4g","asgr1a"
"14721","Clec4b2","asgr1a"
"14722","Clec4b1","asgr1a"
"14723","Clec4a2","asgr1a"
"14724","Clec4a4","asgr1a"
"14725","Clec4a3","asgr1a"
"14726","Clec4a1","asgr1a"
"14727","Cd209e","asgr1a"
"14728","Cd209b","asgr1a"
"14729","Cd209c","asgr1a"
"14730","Cd209a","asgr1a"
"14731","Cd209d","asgr1a"
"14732","Cd207","asgr1a"
"14733","Clec4d","asgr1a"
"14734","Clec4n","asgr1a"
"14735","Fcer2a","asgr1a"
"14736","Cyb5d1","LOC111567094"
"14737","Slc12a6","LOC111583416"
"14738","","LOC111586195"
"14739","Kbtbd8","kbtbd8"
"14740","Nucks1","nucks1a"
"14741","Ell2","ell2"
"14742","Elk4","elk4"
"14743","Mfsd4a","mfsd4aa"
"14744","Slc25a23",""
"14745","Rspo4","rspo4"
"14746","Glrx","glrx"
"14747","Ssx2ip","LOC111585840"
"14748","","rhobtb3"
"14749","","LOC111585837"
"14750","Cdk18","cdk18"
"14751","","cdca9"
"14752","","plin2"
"14753","Elp1",""
"14754","Tent5c","tent5c"
"14755","","zgc:174917"
"14756","","si:ch211-153b23.4"
"14757","Hspd1","hspd1"
"14758","","LOC111583822"
"14759","Nyx","nyx"
"14760","Efhc2","efhc2"
"14761","Ociad2",""
"14762","Slc35d1","LOC111565085"
"14763","Pradc1","LOC111566711"
"14764","Spring1","spring1"
"14765","Rnft2","rnft2"
"14766","Tbx15","tbx15"
"14767","Gdap2","gdap2"
"14768","Usp6nl","usp6nl"
"14769","","si:ch211-153b23.5"
"14770","Parp4","parp4"
"14771","Wars2",""
"14772","Wdr3","wdr3"
"14773","Fbxw8","fbxw8"
"14774","Cct7","cct7"
"14775","Vwa2","vwa2"
"14776","Cog7",""
"14777","","dbf4b"
"14778","","si:ch211-28p3.4"
"14779","Casp7","casp7"
"14780","Nrap","nrap"
"14781","Habp2","habp2"
"14782","Tut1",""
"14783","Tbx6",""
"14784","Antxrl","antxr1c"
"14785","Gm30083","antxr1c"
"14786","Gm5460","antxr1c"
"14787","","LOC111574802"
"14788","Atxn7l3",""
"14789","Mrtfb","mrtfba"
"14790","Ercc4","ercc4"
"14791","Tescl","tesca"
"14792","Tesc","tesca"
"14793","Nf2",""
"14794","Fbxo21","fbxo21"
"14795","Prxl2c","prxl2c"
"14796","","cdc14b"
"14797","","LOC111573476"
"14798","Zfp367","znf367"
"14799","Slc35d2","slc35d2"
"14800","Ckap2l","ckap2l"
"14801","Arl15","arl15a"
"14802","Snx18","snx18a"
"14803","","rgs12b"
"14804","Aacs","aacs"
"14805","Ell","ell"
"14806","Gpr82","LOC111570831"
"14807","Gpr34","LOC111570832"
"14808","Coq10b","coq10b"
"14809","Fam20b","fam20b"
"14810","Fkbp8","fkbp8"
"14811","Fam78b","fam78bb"
"14812","Slc35a3","slc35a3a"
"14813","Dcun1d4","dcun1d4"
"14814","Adam8",""
"14815","Tubgcp2","tubgcp2"
"14816","Clcf1","clcf1"
"14817","Fhl4","fhl1a"
"14818","Fhl1","fhl1a"
"14819","Map7d3","map7d3"
"14820","","si:ch211-114c17.1"
"14821","Slc43a1","slc43a1a"
"14822","Med19","med19a"
"14823","Pmf1","si:dkey-6i22.5"
"14824","","tmx2a"
"14825","Zdhhc5","zdhhc5b"
"14826","Cxcl14","cxcl14"
"14827","Fam13b","fam13b"
"14828","Ubxn1","ubxn1"
"14829","Ehd1","ehd1a"
"14830","Gabarapl1","map1lc3cl"
"14831","","si:ch211-168f7.5"
"14832","Ttc9c","ttc9c"
"14833","Slc5a4b","LOC111581113"
"14834","Slc5a4a","LOC111581113"
"14835","Gm5134","LOC111581113"
"14836","","LOC111581108"
"14837","","LOC111581109"
"14838","","zdhhc24"
"14839","Pola2","pola2"
"14840","E2f7","e2f7"
"14841","Fbh1","fbxo18"
"14842","","cpped1"
"14843","Rbm17","rbm17"
"14844","Shisa8","shisa9a"
"14845","Aldh18a1",""
"14846","Kcng1","kcng1"
"14847","Nol9","nol9"
"14848","Zbtb48","zbtb48"
"14849","Ralgapb",""
"14850","Pfkfb3","pfkfb3"
"14851","","rps27.1"
"14852","Lrrc71","lrrc71"
"14853","Snrpd1","snrpd1"
"14854","","LOC111563777"
"14855","","LOC118470995"
"14856","Hddc3","hddc3"
"14857","Vps33b","vps33b"
"14858","Fibcd1","fibcd1b"
"14859","Fnbp1",""
"14860","Lrrc66","LOC111582117"
"14861","Ralgps2","ralgps2"
"14862","Mctp2","LOC111563323"
"14863","Chrnb3","chrnb3a"
"14864","Dnah6","dnah6"
"14865","Uncx","LOC111578004"
"14866","Junb","LOC111568180"
"14867","","rasd3"
"14868","","LOC111577331"
"14869","Adra2c","adra2c"
"14870","Snrpa1","snrpa1"
"14871","","LOC111567214"
"14872","","LOC111563330"
"14873","Cuta","LOC111577595"
"14874","","LOC111583391"
"14875","Fitm2","fitm2"
"14876","R3hdml","r3hdml"
"14877","Prc1","prc1b"
"14878","Hnf4a","hnf4a"
"14879","Rassf7",""
"14880","Abcc12","LOC111574418"
"14881","","rnf19a"
"14882","Spag1","spag1a"
"14883","Kcnma1",""
"14884","Slco4a1","LOC111584290"
"14885","Pdlim2","pdlim2"
"14886","Zfp703","znf703"
"14887","Angptl1","angptl1a"
"14888","Sgcb","sgcb"
"14889","Klhl21","klhl21"
"14890","Ncor2","ncor2"
"14891","","zgc:86609"
"14892","Ect2","ect2"
"14893","Prex1","prex1"
"14894","Adnp2","adnp2b"
"14895","Polr2k","polr2k"
"14896","Stk3","stk3"
"14897","Dlg5","LOC111583351"
"14898","Fst","fsta"
"14899","Ndufs4","ndufs4"
"14900","Rassf2","rassf2a"
"14901","Dtnbp1","LOC111569468"
"14902","H2az2",""
"14903","Oosp3","LOC111569450"
"14904","Csmd3",""
"14905","Tstd1","tstd1"
"14906","Lrrn4cl","si:ch1073-303k11.2"
"14907","Slc16a2",""
"14908","","tmtops3a"
"14909","Clp1","clp1"
"14910","Rtn4rl2","rtn4rl2b"
"14911","Klhl3","klhl3"
"14912","Purb","LOC111583971"
"14913","Cdc20b","LOC111580759"
"14914","Gpx8","gpx8"
"14915","","LOC111580765"
"14916","Ccno",""
"14917","Tut7",""
"14918","Gcg","gcgb"
"14919","Slc4a10",""
"14920","Golph3l","golph3a"
"14921","Piwil2","piwil2"
"14922","Snph","LOC111582056"
"14923","","fkbp1aa"
"14924","Slc6a6","slc6a6a"
"14925","","g6pc1a.1"
"14926","G6pc1","g6pc1a.2"
"14927","Tmem101","tmem101"
"14928","Lsm12","lsm12b"
"14929","G6pc3",""
"14930","Tanc2","tanc2b"
"14931","Hephl1","f8"
"14932","Ahcyl1",""
"14933","Kdm5b","kdm5bb"
"14934","Lrrc51","LOC111573924"
"14935","Tdrd1","tdrd1"
"14936","Taok2","taok2b"
"14937","Rftn2","rftn2"
"14938","Lats2","lats2"
"14939","","LOC111582518"
"14940","Rag2","rag2"
"14941","Fam107b","fam107b"
"14942","","tsg101a"
"14943","Cplane2","cplane2"
"14944","Ldha",""
"14945","","si:ch73-15b2.5"
"14946","Npff","npffl"
"14947","Inhbc","LOC111579121"
"14948","Ska3",""
"14949","Itga7","itga7"
"14950","Ttn",""
"14951","Arl4c","LOC129350104"
"14952","","LOC111579869"
"14953","","LOC118471415"
"14954","","LOC111579876"
"14955","","LOC111570574"
"14956","Zpld2","LOC111566317"
"14957","","LOC111577278"
"14958","","LOC111576097"
"14959","","LOC111583824"
"14960","","LOC111586597"
"14961","","LOC111578054"
"14962","","LOC111586605"
"14963","Sdc4","sdc4"
"14964","","wnt2ba"
"14965","Mob4",""
"14966","Cttnbp2nl","LOC111572487"
"14967","Kcnd3","LOC111576659"
"14968","Gli1","gli1"
"14969","","LOC111576945"
"14970","Smarcd1","smarcd1"
"14971","Hes2","LOC111568974"
"14972","","LOC111568963"
"14973","Tas1r2","LOC111568972"
"14974","Lenep","lenep"
"14975","Man2a2","man2a2"
"14976","","LOC111584488"
"14977","Frem1","frem1a"
"14978","","LOC129349663"
"14979","","LOC129348693"
"14980","","LOC129348189"
"14981","","LOC129349653"
"14982","","LOC129349637"
"14983","","LOC129349631"
"14984","","LOC111564300"
"14985","","LOC111564298"
"14986","","LOC111571085"
"14987","Hibadh","hibadhb"
"14988","Mptx1","LOC111573152"
"14989","Apcs","LOC111573152"
"14990","Mptx2","LOC111573152"
"14991","Crp","LOC111573152"
"14992","Mptx1","LOC111573147"
"14993","Apcs","LOC111573147"
"14994","Mptx2","LOC111573147"
"14995","Crp","LOC111573147"
"14996","Pinlyp","LOC111577103"
"14997","Lypd8l","LOC111577103"
"14998","Gm12253","LOC111577103"
"14999","1810065E05Rik","LOC111577103"
"15000","Lypd8","LOC111577103"
"15001","","fpr1"
"15002","Try10","LOC111577098"
"15003","Try10","LOC111577048"
"15004","Prss2","LOC111577098"
"15005","Prss2","LOC111577048"
"15006","Prss3","LOC111577098"
"15007","Prss3","LOC111577048"
"15008","Try5","LOC111577098"
"15009","Try5","LOC111577048"
"15010","Prss1l","LOC111577098"
"15011","Prss1l","LOC111577048"
"15012","Try4","LOC111577098"
"15013","Try4","LOC111577048"
"15014","Prss3b","LOC111577098"
"15015","Prss3b","LOC111577048"
"15016","Prss1","LOC111577098"
"15017","Prss1","LOC111577048"
"15018","1810009J06Rik","LOC111577098"
"15019","1810009J06Rik","LOC111577048"
"15020","Prss3l","LOC111577098"
"15021","Prss3l","LOC111577048"
"15022","Gm2663","LOC111577098"
"15023","Gm2663","LOC111577048"
"15024","Try10","LOC129349642"
"15025","Prss2","LOC129349642"
"15026","Prss3","LOC129349642"
"15027","Try5","LOC129349642"
"15028","Prss1l","LOC129349642"
"15029","Try4","LOC129349642"
"15030","Prss3b","LOC129349642"
"15031","Prss1","LOC129349642"
"15032","1810009J06Rik","LOC129349642"
"15033","Prss3l","LOC129349642"
"15034","Gm2663","LOC129349642"
"15035","Stx17",""
"15036","Ccdc12",""
"15037","Pon3","LOC111577043"
"15038","Pon2","LOC111577043"
"15039","Pon1","LOC111577043"
"15040","Pon3","LOC111577061"
"15041","Pon2","LOC111577061"
"15042","Pon1","LOC111577061"
"15043","Nat14","nat14"
"15044","Gstk1","LOC111576831"
"15045","Cspg4b",""
"15046","Tmem132c","si:dkey-215k6.1"
"15047","","LOC111585789"
"15048","Amacr","amacr"
"15049","Slc45a2","slc45a2"
"15050","Lin54","lin54"
"15051","Notch1","LOC111574700"
"15052","Ptbp2",""
"15053","Gnal","LOC111586146"
"15054","Nasp","nasp"
"15055","","LOC111567448"
"15056","Gpc1","gpc1a"
"15057","Zfp352","LOC111564069"
"15058","Klf17","LOC111564069"
"15059","Eps15l1","eps15l1a"
"15060","","rad23ab"
"15061","Tspan5","tspan5a"
"15062","","calr3a"
"15063","Arhgap39",""
"15064","Lrrc41","lrrc41"
"15065","Ephb1","LOC111567450"
"15066","Hs3st6","LOC111584633"
"15067","Lrrc4b","lrrc4bb"
"15068","Acp4","LOC111584604"
"15069","Gabrr2","LOC111580831"
"15070","","mybpc2b"
"15071","Jag2","dll4"
"15072","Sel1l","sel1l"
"15073","Rap1gds1","rap1gds1"
"15074","Fam20a","fam20a"
"15075","Cep20","cep20"
"15076","Acsbg3","LOC111577704"
"15077","Acsl6","LOC111577704"
"15078","Myh11","myh11a"
"15079","Ptpmt1","ptpmt1"
"15080","Abcc12","abcc12"
"15081","Cacna2d1","LOC111564876"
"15082","Mbd6",""
"15083","Nfya","nfyal"
"15084","Pard6g","pard6gb"
"15085","Herpud2","LOC111569695"
"15086","Ubap2l","ubap2l"
"15087","Cacnb3",""
"15088","Chd7",""
"15089","Ptgfrn",""
"15090","","zgc:110699"
"15091","Ndufs1","LOC111585688"
"15092","Sema3g","sema3bl"
"15093","Rab2a","rab2a"
"15094","Rasgef1c","LOC111573440"
"15095","Car8","ca8"
"15096","Tox","tox"
"15097","Cryz",""
"15098","Mak","LOC111569088"
"15099","Dazap2","dazap2"
"15100","Trh","trh"
"15101","Grm4","LOC111572090"
"15102","Pak1ip1","pak1ip1"
"15103","Lyn","lyn"
"15104","Scrib",""
"15105","Kif3c","kif3cb"
"15106","Hadha","hadhab"
"15107","Pakap","palm2akap2"
"15108","Pdxdc1","pdxdc1"
"15109","Grin3a","grin3a"
"15110","Sppl3","sppl3"
"15111","Gnaz","gnaz"
"15112","Paqr3","LOC111563126"
"15113","Slc26a1","slc26a1"
"15114","","si:dkey-247m21.3"
"15115","Phf24","phf24"
"15116","Sh3bp1","sh3bp1"
"15117","Pigo","pigo"
"15118","","LOC111584605"
"15119","","pdap1a"
"15120","","LOC111584921"
"15121","Stoml2","LOC111573550"
"15122","","znf668"
"15123","Zfp764l1","znf646"
"15124","Zfp764","znf646"
"15125","Zfp160","znf646"
"15126","Ctcfl","znf646"
"15127","Zfp553","znf646"
"15128","Zfp92","znf646"
"15129","Zfp282","znf646"
"15130","Zfp689","znf646"
"15131","Zfp688","znf646"
"15132","Rnf40","rnf40"
"15133","Arih1","arih1"
"15134","","c3h15orf39"
"15135","Kif23","kif23"
"15136","Morc4",""
"15137","","pmt"
"15138","Hip1r","LOC111575953"
"15139","Mid2","mid2"
"15140","","alkal2b"
"15141","","nhsl1a"
"15142","Fbxo3",""
"15143","Cdk5r2","LOC111574205"
"15144","Thbs4","thbs4b"
"15145","Amhr2","LOC111576291"
"15146","Dysf",""
"15147","Impa1","LOC111587681"
"15148","","eif5a"
"15149","Rpl22l1","rpl22l1"
"15150","","slc7a14b"
"15151","Cldn11","cldn11b"
"15152","Phc3","LOC111583761"
"15153","Tubb6","tubb6"
"15154","Rgn",""
"15155","Dipk1c","dipk1c"
"15156","","LOC111585898"
"15157","Nub1","nub1"
"15158","Tfrc",""
"15159","Vps16","vps16"
"15160","","zgc:194621"
"15161","Riok3","riok3"
"15162","Tbc1d2","tbc1d2"
"15163","Myot","myot"
"15164","Xylb","xylb"
"15165","Hdac3","hdac3"
"15166","","zgc:153184"
"15167","Bco2",""
"15168","","sema7a"
"15169","Pex11a","pex11a"
"15170","Ocel1","LOC111585784"
"15171","Ell3","LOC111585784"
"15172","","rasef2"
"15173","Zbtb47","zbtb47b"
"15174","Klhl40","klhl40b"
"15175","Lrmda",""
"15176","Etfa","etfa"
"15177","Vps41","vps41"
"15178","Slc44a1","slc44a1b"
"15179","Slc6a1","slc6a1a"
"15180","Tnnc1","tnnc1a"
"15181","","wu:fl23c11"
"15182","Il17re","LOC111588736"
"15183","","rap1aa"
"15184","Xkr7","xkr7a"
"15185","","LOC111588329"
"15186","","LOC111588328"
"15187","Prrc2b","prrc2b"
"15188","Snca","LOC111585205"
"15189","Zfp532","znf532"
"15190","Ptcd2","ptcd2"
"15191","Dolpp1","dolpp1"
"15192","Gfm2",""
"15193","Gfi1","gfi1ab"
"15194","Evi5","evi5b"
"15195","Hexb",""
"15196","Aldh5a1","aldh5a1"
"15197","Hes2","hes2.1"
"15198","","LOC111571388"
"15199","D130043K22Rik","kiaa0319"
"15200","Tbx20","tbx20"
"15201","Thsd7a",""
"15202","Tmem266","tmem266"
"15203","Ankmy2","ankmy2a"
"15204","Unc13b","LOC111573549"
"15205","","seraf"
"15206","Vwde","vwde"
"15207","Agmo","agmo"
"15208","Elk3","LOC111566793"
"15209","Cdk17","LOC111566781"
"15210","Hs3st5","LOC111587138"
"15211","Kcnh4","LOC111566724"
"15212","Gpr63","gpr63"
"15213","","LOC111572598"
"15214","","epha7"
"15215","Adam11","adam11"
"15216","Eif2s2","eif2s2"
"15217","","mkrn4"
"15218","Ppard","ppardb"
"15219","Slc6a17","slc6a17"
"15220","Frmd4b","frmd4ba"
"15221","Enc1","enc1"
"15222","Arhgef28","arhgef28a"
"15223","Rfesd","rfesd"
"15224","Nudt2","nudt2"
"15225","Arl6ip5","arl6ip5a"
"15226","","ube2r2"
"15227","Alx3","alx3"
"15228","Rbm15","rbm15"
"15229","Slc16a4","slc16a4"
"15230","Ngrn","ngrn"
"15231","Sort1","sort1b"
"15232","Ankra2",""
"15233","Btf3","btf3"
"15234","Foxd2","foxd1"
"15235","Dab2","dab2"
"15236","Slc14a2",""
"15237","Slc14a1",""
"15238","Cavin2","cavin2b"
"15239","Cavin3","cavin2b"
"15240","Tdg","tdg.2"
"15241","Ebpl","ebpl"
"15242","","arl11"
"15243","Eef1b2","eef1b2"
"15244","","zgc:122979"
"15245","","hwa"
"15246","Atp5f1a","atp5fa1"
"15247","Dytn",""
"15248","","cd59a"
"15249","Snx9","LOC111584462"
"15250","Ubap1","ubap1"
"15251","Mitf","mitfa"
"15252","Stac3","stac3"
"15253","Nxph4","LOC111585306"
"15254","Shmt2","LOC111585303"
"15255","Dcaf12","dcaf12"
"15256","Ubap2","ubap2a"
"15257","Herpud2","herpud2"
"15258","Arl4a","arl4aa"
"15259","F3","f3a"
"15260","Psmd6","psmd6"
"15261","Mkx","mkxa"
"15262","Etv1","etv1"
"15263","","rbbp8"
"15264","Atxn7",""
"15265","Pcsk1","pcsk1"
"15266","Nxt2","nxt2"
"15267","Eif4ebp3","eif4ebp3l"
"15268","Acsl4","acsl4a"
"15269","Aqp9","aqp10b"
"15270","Aqp5","aqp10b"
"15271","Aqp6","aqp10b"
"15272","Rida","LOC111582361"
"15273","Azin1","azin1b"
"15274","Tpd52","tpd52"
"15275","Zbtb10","zbtb10"
"15276","Hey1","hey1"
"15277","Ash1l","ash1l"
"15278","Laptm4b","laptm4b"
"15279","Rpl30","rpl30"
"15280","","LOC111571439"
"15281","Ndufv1","ndufv1"
"15282","Lrrn1","lrrn1"
"15283","Serinc3","si:ch73-267c23.10"
"15284","Agrn","agrn"
"15285","Slc43a3","slc43a3b"
"15286","","cd40lg"
"15287","Tsc22d3","tsc22d3"
"15288","Hnrnpa0","LOC111580477"
"15289","Hnrnpa1","LOC111580474"
"15290","","smtnl1"
"15291","Arhgef6","arhgef6"
"15292","","LOC111567885"
"15293","Ckmt1","ckmt1"
"15294","Bhmt2","LOC111570352"
"15295","Bhmt","LOC111570352"
"15296","Bhmt1b","LOC111570352"
"15297","Plac8","LOC111566579"
"15298","Ptpn13","ptpn13"
"15299","C87436","c17h2orf42"
"15300","Tbca","tbca"
"15301","Agpat2","agpat2"
"15302","Egfl7","egfl7"
"15303","Notch1","notch1a"
"15304","Dgkb",""
"15305","Kirrel3","kirrel3b"
"15306","Megf6","megf6b"
"15307","Ppp6c","ppp6c"
"15308","","gnsb"
"15309","P3h4",""
"15310","Maff","maff"
"15311","Hs3st3b1","si:dkey-121b10.7"
"15312","Hs3st3a1","si:dkey-121b10.7"
"15313","Ndst3","si:dkey-121b10.7"
"15314","Usp31","LOC111588188"
"15315","Prr35","prr35"
"15316","","LOC111588187"
"15317","","crygmx"
"15318","Fam171b",""
"15319","","LOC111564208"
"15320","","crygmxl2"
"15321","Nif3l1","nif3l1"
"15322","Smarcd2","smarcd2"
"15323","Sorl1","sorl1"
"15324","Rai14","rai14"
"15325","Atp8b2","LOC111581608"
"15326","Mrps24","mrps24"
"15327","","LOC118470475"
"15328","Zer1",""
"15329","Cd34","si:ch211-286o17.1"
"15330","","pth4"
"15331","","LOC111564448"
"15332","Cenpa","LOC111579161"
"15333","Prrc1","prrc1"
"15334","Reep5","reep5"
"15335","Ptpn11","ptpn11a"
"15336","Mmp16","mmp16b"
"15337","","LOC111576495"
"15338","Btk","btk"
"15339","Asb15","LOC111580920"
"15340","Ndufs3","ndufs3"
"15341","Asb15",""
"15342","","lrriq1"
"15343","Ampd3","ampd3b"
"15344","Setmar","setmar"
"15345","Trp53rka","tp53rk"
"15346","Trp53rkb","tp53rk"
"15347","Tollip","tollip"
"15348","Ptpra","ptpra"
"15349","Ces2a","si:ch211-71n6.4"
"15350","Ces2g","si:ch211-71n6.4"
"15351","Ces2e","si:ch211-71n6.4"
"15352","Ces2b","si:ch211-71n6.4"
"15353","Ces2f","si:ch211-71n6.4"
"15354","Ces2c","si:ch211-71n6.4"
"15355","Ces2h","si:ch211-71n6.4"
"15356","Ces1a","si:ch211-71n6.4"
"15357","Ces1f","si:ch211-71n6.4"
"15358","Ces1e","si:ch211-71n6.4"
"15359","Ces1d","si:ch211-71n6.4"
"15360","Ces1g","si:ch211-71n6.4"
"15361","Ces1b","si:ch211-71n6.4"
"15362","Ces1c","si:ch211-71n6.4"
"15363","Ces1h","si:ch211-71n6.4"
"15364","Ces4a","si:ch211-71n6.4"
"15365","Ces5a","si:ch211-71n6.4"
"15366","","cep89"
"15367","","zgc:165481"
"15368","Vps35","vps35"
"15369","Tmem126b","tmem126a"
"15370","Tmem126a","tmem126a"
"15371","Clk4","clk4a"
"15372","Clk3","clk4a"
"15373","","lrrfip1b"
"15374","Mlph","mlpha"
"15375","","trim63a"
"15376","St6gal2","st6gal2b"
"15377","Iqcb1","iqcb1"
"15378","Efr3b","LOC111580117"
"15379","Rpl36a","rpl36a"
"15380","Rpl36al","rpl36a"
"15381","Gla","gla"
"15382","Ctnnd1","LOC111576477"
"15383","Rbfox1","rbfox1"
"15384","Pitpnb","LOC111580369"
"15385","Ppp1cc","ppp1cc"
"15386","Ola1",""
"15387","Smurf1","smurf1"
"15388","Zic2","zic2a"
"15389","","chn1"
"15390","Wdfy2","wdfy2"
"15391","","col23a1a"
"15392","Ednrb","LOC111569970"
"15393","Irs2","irs2b"
"15394","Slc7a12","slc7a11"
"15395","AU018091","slc7a11"
"15396","Slc7a11","slc7a11"
"15397","Slc7a13","slc7a11"
"15398","Tle3","tle3b"
"15399","Slc15a1","slc15a1a"
"15400","Urod","urod"
"15401","Abca1","abca1b"
"15402","","LOC111570995"
"15403","","LOC118469194"
"15404","","pdcd6ip"
"15405","Stmn2","stmn2b"
"15406","AU018091","si:dkeyp-120h9.1"
"15407","Slc7a13","si:dkeyp-120h9.1"
"15408","Sema6b","LOC111580339"
"15409","Usp11","usp11"
"15410","Pip4p1","pip4p1a"
"15411","Vapa","vapal"
"15412","4921524J17Rik","c1h16orf87"
"15413","Gng5c",""
"15414","Gng5",""
"15415","C1qtnf4",""
"15416","Zfp352","klf2b"
"15417","Klf17","klf2b"
"15418","","eps15l1b"
"15419","Rhpn2","rhpn2"
"15420","Ajap1","ajap1"
"15421","Ski","skia"
"15422","Dennd2c","dennd2c"
"15423","Sike1","sike1"
"15424","Ampd1","ampd1"
"15425","Gpr35","gpr35b"
"15426","","zgc:136858"
"15427","","LOC111580350"
"15428","Sh3gl1","LOC111580351"
"15429","Il17ra",""
"15430","Stap2","stap2a"
"15431","","sema4e"
"15432","Pptc7","pptc7a"
"15433","Rad9b",""
"15434","Tmem127",""
"15435","Bpgm","bpgm"
"15436","Gatd3a",""
"15437","Cald1","cald1b"
"15438","Tgoln1","tgoln2"
"15439","Dnm1l","dnm1l"
"15440","Crat","LOC111586481"
"15441","Rnf115","rnf115b"
"15442","Cibar1",""
"15443","Runx1t1","runx1t1"
"15444","Adgrg2","adgrg4a"
"15445","","LOC111570589"
"15446","","LOC129350347"
"15447","Mppe1","mppe1"
"15448","Btf3l4","LOC111585886"
"15449","Btf3l4b","LOC111585886"
"15450","Pcdhac2","LOC111572933"
"15451","Txndc12","txndc12"
"15452","Gipc2","gipc2"
"15453","Dnajb4","dnajb4"
"15454","Slc25a25","slc25a24l"
"15455","","LOC111588102"
"15456","Zswim5",""
"15457","","LOC129350345"
"15458","","si:ch73-233f7.1"
"15459","Fgf18","fgf18a"
"15460","","crybb1l1"
"15461","","LOC111576496"
"15462","Uaca","uacab"
"15463","Bbs4","bbs4"
"15464","Fbxw11","fbxw11a"
"15465","Pi4kb","pi4kb"
"15466","Cept1","cept1b"
"15467","","LOC111572216"
"15468","Mturn","mturn"
"15469","","sh3bp5a"
"15470","Kcnh8","kcnh8"
"15471","Etf1","etf1a"
"15472","Glra4","glra4a"
"15473","Cactin","cactin"
"15474","","cdc34b"
"15475","Sirt6","sirt6"
"15476","","LOC111580345"
"15477","Creb3l3","LOC111580349"
"15478","Eef2","LOC111572304"
"15479","Recql4","recql4"
"15480","Slc39a4","slc39a4"
"15481","Zfp687","znf687b"
"15482","Psmd4",""
"15483","","satb1a"
"15484","Tbc1d5","tbc1d5"
"15485","","LOC111578385"
"15486","Rab25","LOC111578366"
"15487","Trib1","trib1"
"15488","Cndp2","cndp2"
"15489","Ucma",""
"15490","Camk1d","camk1db"
"15491","Kcnab2","kcnab2a"
"15492","Gdf5","gdf5"
"15493","","asic1b"
"15494","Fubp1","fubp1"
"15495","Ghdc",""
"15496","Rbp3",""
"15497","Pcdh15","pcdh15b"
"15498","Tprg1",""
"15499","Cxcr3","cxcr3.1"
"15500","Eomes","eomesb"
"15501","Eif3h","LOC111589160"
"15502","Notch2","notch2"
"15503","Notch4","notch2"
"15504","Trps1","trps1"
"15505","Gmnn","gmnn"
"15506","BC005537","c15h6orf62"
"15507","Acot13",""
"15508","Tdp2","tdp2b"
"15509","Scamp3","scamp3"
"15510","Ripor2","ripor2"
"15511","Rad21","LOC111589125"
"15512","Tmem51","tmem51b"
"15513","Park7","park7"
"15514","Cela1","LOC111576047"
"15515","Cela1","LOC111576044"
"15516","Cela1","LOC111576043"
"15517","Gls2","gls2b"
"15518","4930562C15Rik","LOC111578819"
"15519","Gpr135","LOC111565402"
"15520","Pth2","pth2"
"15521","","tedc1"
"15522","Dnal1","dnal1"
"15523","Shd","LOC111573447"
"15524","Spmap2","spmap2"
"15525","Pax9","pax9"
"15526","","LOC111577419"
"15527","Gnl1",""
"15528","","LOC111578792"
"15529","Tmem229b","tmem229b"
"15530","Zfp384",""
"15531","Ext1","LOC111589114"
"15532","Pdcd10",""
"15533","","LOC111573454"
"15534","","LOC111567720"
"15535","Jkamp","jkamp"
"15536","Jkampl","jkamp"
"15537","Wdr35","wdr35"
"15538","Diaph2",""
"15539","Mta1","mta1"
"15540","","LOC111572353"
"15541","","LOC118470705"
"15542","Ggct",""
"15543","Lratd2","lratd2b"
"15544","Echdc1","echdc1"
"15545","Rnf146","LOC111562470"
"15546","Mdh2",""
"15547","Rspo3","rspo3"
"15548","Cxcr3","LOC111562957"
"15549","","cxcr3.2"
"15550","Klhl38","LOC111589177"
"15551","Trmt11","trmt11"
"15552","Apbb2","LOC111576744"
"15553","Nsun7",""
"15554","Pcdh19","pcdh19"
"15555","Chrna9","LOC111572169"
"15556","Ube2k","ube2ka"
"15557","Klb","klb"
"15558","Spock1","spock1"
"15559","","bicc2"
"15560","Dele1","dele1"
"15561","Tnmd","tnmd"
"15562","Tlr6","tlr1"
"15563","Ints10","ints10"
"15564","Dram2","dram2b"
"15565","BC004004","c5h6orf89"
"15566","Apobec2",""
"15567","Arfrp1","arfrp1"
"15568","Plxna2","LOC111565004"
"15569","Lratd2",""
"15570","Tmem64",""
"15571","Ccdc106","LOC111565853"
"15572","Tmem238","LOC111565865"
"15573","","LOC111565080"
"15574","Fbxo32","fbxo32"
"15575","Tbc1d13",""
"15576","","ube2d2"
"15577","Elovl4","elovl4a"
"15578","Prelid3a","prelid3a"
"15579","Slc6a20a","LOC111569474"
"15580","Slc6a20b","LOC111569474"
"15581","Polm","polm"
"15582","","LOC111583887"
"15583","Cnnm4","LOC111583879"
"15584","Sec14l4",""
"15585","Sec14l2",""
"15586","Sec14l3",""
"15587","","si:dkey-29b11.3"
"15588","Hint3","hint3"
"15589","Ncoa7","LOC111562399"
"15590","Cnfn","cnfn"
"15591","Kcnv1","kcnv1"
"15592","Gabbr2","LOC111588117"
"15593","Sacm1l",""
"15594","Prps1l3","prps1b"
"15595","Prps1","prps1b"
"15596","Prps1l1","prps1b"
"15597","Nr5a1",""
"15598","Ins1","insb"
"15599","Ins2","insb"
"15600","Lpar4","lpar4"
"15601","Frmpd3","frmpd3"
"15602","","si:ch211-153b23.7"
"15603","Hmmr","hmmr"
"15604","Flt4","flt4"
"15605","Tmed2","tmed2"
"15606","Nudcd3","nudcd3"
"15607","Slc1a3","LOC111576057"
"15608","Pax7","pax7a"
"15609","Tjp1","tjp1a"
"15610","Ces2a",""
"15611","Ces2g",""
"15612","Ces2e",""
"15613","Ces2b",""
"15614","Ces2f",""
"15615","Ces2c",""
"15616","Ces2h",""
"15617","Ces1a",""
"15618","Ces1f",""
"15619","Ces1e",""
"15620","Ces1d",""
"15621","Ces1g",""
"15622","Ces1b",""
"15623","Ces1c",""
"15624","Ces1h",""
"15625","Ces4a",""
"15626","Ces5a",""
"15627","Tg",""
"15628","Sox9","sox9a"
"15629","Inpp5b","inpp5b"
"15630","Dctn5","dctn5"
"15631","Hapstr1","hapstr1a"
"15632","","slc25a51b"
"15633","Frmpd1",""
"15634","","LOC111586349"
"15635","","elf1"
"15636","Usp7","usp7"
"15637","Bod1l","bod1l1"
"15638","Nkx3-2","nkx3-2"
"15639","Rab28","rab28"
"15640","Hs3st1","hs3st1"
"15641","Clnk",""
"15642","Zfp518b","LOC111583275"
"15643","Gsr","gsr"
"15644","Mrps16","mrps16"
"15645","Rdh5","rdh5"
"15646","Bloc1s1","bloc1s1"
"15647","Arhgap9","arhgap9"
"15648","Mars1","mars1"
"15649","Pafah1b3","pafah1b3"
"15650","","LOC111562419"
"15651","Cmtm8","cmtm8b"
"15652","Fbl","fbl"
"15653","Fbll1","fbl"
"15654","Ctnnb1","ctnnb1"
"15655","Acvr2b","acvr2ba"
"15656","Per2","per2"
"15657","Slc25a35","slc25a35"
"15658","","timm10b"
"15659","Nyap1","LOC111577659"
"15660","","mogat3b"
"15661","Srrt","srrt"
"15662","","LOC111569479"
"15663","","LOC129349622"
"15664","Mrs2","mrs2"
"15665","","LOC111579838"
"15666","Mtf1","mtf1"
"15667","","LOC111562954"
"15668","Megf8","megf8"
"15669","","trim35-28"
"15670","Ceacam15",""
"15671","Ceacam23",""
"15672","Ceacam9",""
"15673","Ceacam3",""
"15674","Ceacam18",""
"15675","Psg28",""
"15676","Ceacam13",""
"15677","Psg29",""
"15678","Psg23",""
"15679","Psg25",""
"15680","Psg20",""
"15681","Psg22",""
"15682","Ceacam10",""
"15683","Psg16",""
"15684","Ceacam16",""
"15685","Ceacam1",""
"15686","Psg17",""
"15687","Ceacam11",""
"15688","Psg26",""
"15689","Psg21",""
"15690","Gm5893",""
"15691","Ceacam14",""
"15692","Ceacam5",""
"15693","Ceacam2",""
"15694","Psg19",""
"15695","Psg18",""
"15696","Ceacam20",""
"15697","Ceacam12",""
"15698","Psg27",""
"15699","Aanat","aanat1"
"15700","Hmox1","LOC111584778"
"15701","Wfs1","wfs1a"
"15702","Ppp2r2c","ppp2r2ca"
"15703","","pde5aa"
"15704","Hpf1",""
"15705","Ank2",""
"15706","Rad54l","rad54l"
"15707","Clptm1l","LOC111579835"
"15708","Ulk4","ulk4"
"15709","Trak1","trak1a"
"15710","","mstnb"
"15711","Idh1",""
"15712","","hibadha"
"15713","Tax1bp1",""
"15714","Phactr4","phactr4a"
"15715","Nfe2l3","nfe2l3"
"15716","","LOC111579715"
"15717","Snx13","snx13"
"15718","Chrm3","chrm3a"
"15719","Wnt8b","wnt8b"
"15720","Hif1an","hif1an"
"15721","Sdc3","sdc3"
"15722","","LOC111570283"
"15723","Cnpy1","cnpy1"
"15724","Sesn2","sesn2"
"15725","","calr3b"
"15726","Slc7a10","slc7a10a"
"15727","Cuedc2","cuedc2"
"15728","Pax2","pax2a"
"15729","Cfap90",""
"15730","Ldlrap1","ldlrap1a"
"15731","Fndc5",""
"15732","","igf2bp3"
"15733","Fam163b","fam163ba"
"15734","Dbh","dbh"
"15735","Sardh",""
"15736","","LOC111567392"
"15737","Klhl10","LOC111567393"
"15738","Dgat1","dgat1a"
"15739","Cfap20","LOC111567386"
"15740","Gpr20",""
"15741","Ring1",""
"15742","Rps18-ps6","rps18"
"15743","Rps18","rps18"
"15744","Vps52","vps52"
"15745","Dusp4","LOC129349947"
"15746","Dusp4","dusp4"
"15747","Miga1",""
"15748","","LOC111569091"
"15749","Cc2d1b","cc2d1b"
"15750","Lrp3","lrp3"
"15751","Tdp1","tdp1"
"15752","Stra6l","stra6l"
"15753","Ap1m1","ap1m1"
"15754","","spink4"
"15755","Abca1","LOC111575002"
"15756","Cyb5a","LOC111585897"
"15757","Sh3kbp1","sh3kbp1"
"15758","Cdv3","cdv3"
"15759","Cul1",""
"15760","","tnk2b"
"15761","Mmp14","mmp14b"
"15762","","smtla"
"15763","Rrp1","LOC111572775"
"15764","Rrp1b","LOC111572775"
"15765","","golim4a"
"15766","Sphkap","sphkap"
"15767","Daw1","daw1"
"15768","Ezh2","ezh2"
"15769","Kcnj5","kcnj5"
"15770","Barx2","barx2"
"15771","Slc19a3","slc19a3b"
"15772","","spegb"
"15773","","slc19a3a"
"15774","Agfg1","agfg1a"
"15775","Gulp1","gulp1a"
"15776","Mrpl44","mrpl44"
"15777","Dnaaf1","dnaaf1"
"15778","Mff",""
"15779","","megf6"
"15780","Ehd2","LOC111573018"
"15781","Mecom","mecom"
"15782","Atl3",""
"15783","Col5a2","col5a2a"
"15784","","LOC111565661"
"15785","Macir","macir"
"15786","Pdzph1","pdzph1"
"15787","Zfyve16","zfyve16"
"15788","Triobp",""
"15789","Nol12","nol12"
"15790","Srebf2","srebf2"
"15791","Slc30a9",""
"15792","Smarca4","smarca4a"
"15793","Rpl37a",""
"15794","","srpk1a"
"15795","Miga1","LOC111585261"
"15796","Wapl","wapla"
"15797","Artn",""
"15798","Ror1","ror1"
"15799","St3gal3","st3gal3a"
"15800","Efna2","LOC111573629"
"15801","Ptbp1","LOC111566523"
"15802","Cep152","cep152"
"15803","Galk2","galk2"
"15804","Gpc5","gpc5a"
"15805","Gpc6","gpc6a"
"15806","Terb2","terb2"
"15807","Morf4l1","LOC111564639"
"15808","Morf4l2","LOC111564639"
"15809","","ftcdnl1"
"15810","1700066M21Rik","c11h2orf69"
"15811","Stk17b","stk17b"
"15812","Pde11a","si:dkey-219c10.4"
"15813","Pde4c","si:dkey-219c10.4"
"15814","Dgkh","dgkh"
"15815","Pias1","pias1a"
"15816","Ep300","ep300b"
"15817","Clvs1",""
"15818","Ppp1r3g","ppp1r3g"
"15819","Egfr","LOC111586710"
"15820","Atp8b4","atp8b4"
"15821","","LOC111586948"
"15822","Cd38","LOC111587679"
"15823","Asph","unm_hu7910"
"15824","Map3k15","map3k15"
"15825","Skor1","skor1a"
"15826","Map2k5","map2k5"
"15827","Stil","stil"
"15828","Serpinc1","serpinc1"
"15829","Zbtb37","zbtb37"
"15830","Cela3b","LOC111581053"
"15831","Cela3a","LOC111581053"
"15832","","si:ch211-262h13.5"
"15833","","kng1"
"15834","Pik3ca","LOC111588464"
"15835","Scn10a",""
"15836","Gpt","gpt"
"15837","","LOC111563967"
"15838","Mcoln3","mcoln3b"
"15839","Zmat3","zmat3"
"15840","Rnf14","LOC111588467"
"15841","Ankmy1","ankmy1"
"15842","Dnai3","dnai3"
"15843","Adcyap1r1",""
"15844","Acbd5","acbd5a"
"15845","Sugct","sugct"
"15846","Cd38","LOC111587684"
"15847","Gpr158","gpr158a"
"15848","Ube2w","ube2wb"
"15849","A830018L16Rik","c22h8orf34"
"15850","Prex2","prex2"
"15851","Smad6","smad6a"
"15852","Tmem208","tmem208"
"15853","Sord","sord"
"15854","Apba2","apba2b"
"15855","Nsd2",""
"15856","Abi1","abi1a"
"15857","Pdss1","pdss1"
"15858","Usp33","usp33"
"15859","","LOC111570856"
"15860","Avl9","avl9"
"15861","Kbtbd2","kbtbd2"
"15862","Bclaf3","zgc:112982"
"15863","Yme1l1","LOC111570853"
"15864","Rab38","rab38b"
"15865","Grm5","grm5a"
"15866","Lyset","tmem251"
"15867","Kcnf1","LOC111566449"
"15868","Rhob","LOC111566448"
"15869","","LOC129350160"
"15870","","LOC129348551"
"15871","","LOC129350152"
"15872","Gm22884","LOC111574230"
"15873","Gm26130","LOC111574230"
"15874","Gm25215","LOC111574230"
"15875","Pm20d2","LOC111580841"
"15876","Hsp90aa1","hsp90aa1.2"
"15877","Apob","LOC111566442"
"15878","Grik1","LOC111563711"
"15879","Kbtbd12","LOC111576289"
"15880","","zgc:113278"
"15881","Bin2","bin2a"
"15882","Grip2","grip2a"
"15883","Ube2l3","ube2l3a"
"15884","Mfsd14b",""
"15885","Cwf19l1","cwf19l1"
"15886","Csrp2","csrp2"
"15887","Pomc","LOC111580118"
"15888","Gli2",""
"15889","Zdhhc17",""
"15890","","agr1"
"15891","Traf3ip1","traf3ip1"
"15892","Faim","faima"
"15893","Faiml","faima"
"15894","Parp9",""
"15895","Parp14","parp14rs1"
"15896","Acvr1c","LOC111573304"
"15897","Map3k13","si:ch211-45c16.2"
"15898","","si:ch211-132g1.1"
"15899","Stoml2","LOC111579472"
"15900","Cfl1","cfl1"
"15901","","prss23"
"15902","Grxcr1","grxcr1a"
"15903","Atp8a1","atp8a1"
"15904","Parg","parga"
"15905","Scn4b","scn4ba"
"15906","Scn2b","scn2b"
"15907","P2rx5",""
"15908","Myof","myofl"
"15909","4930562C15Rik","LOC111566099"
"15910","Dhx40","dhx40"
"15911","Akt2","akt2"
"15912","Snx22",""
"15913","Efcab10","si:dkey-42p14.3"
"15914","","ska1"
"15915","","LOC111581999"
"15916","Klhl25","enc2"
"15917","","LOC111575652"
"15918","Zfp277","znf277"
"15919","Zfp654","LOC111579458"
"15920","Ralb","LOC111584932"
"15921","Unc50","unc50"
"15922","Cbs","cbsa"
"15923","Cck","LOC111562384"
"15924","Mroh1","mroh1"
"15925","","ncam3"
"15926","Sult1a1","sult2st3"
"15927","Sult1b1","sult2st3"
"15928","Sult1c1","sult2st3"
"15929","Sult1d1","sult2st3"
"15930","Sult2a7","sult2st3"
"15931","Sult2a1","sult2st3"
"15932","Sult2a3","sult2st3"
"15933","Sult2a8","sult2st3"
"15934","Sult2a2","sult2st3"
"15935","Sult2a5","sult2st3"
"15936","Sult2a6","sult2st3"
"15937","Sult2a4","sult2st3"
"15938","Sult1e1","sult2st3"
"15939","Tmem147",""
"15940","Gapdhs","gapdhs"
"15941","Bsdc1","bsdc1"
"15942","Klhl7","LOC111573780"
"15943","Nobox","LOC111567760"
"15944","Npy","npy"
"15945","Fgr","yrk"
"15946","","slc39a1"
"15947","Saa1","saa"
"15948","Saa2","saa"
"15949","Mfge8","LOC111565745"
"15950","Ilk","ilk"
"15951","","gabrb4"
"15952","Znrf4","rnf167"
"15953","Ogfrl1","ogfrl1"
"15954","Cep55","LOC118469866"
"15955","Pnliprp2","LOC111586638"
"15956","Ryr1","LOC111567121"
"15957","","LOC111580099"
"15958","Cyp3a41b","LOC111579976"
"15959","Cyp3a11","LOC111579976"
"15960","Cyp3a25","LOC111579976"
"15961","Cyp3a44","LOC111579976"
"15962","Cyp3a16","LOC111579976"
"15963","Cyp3a59","LOC111579976"
"15964","Cyp3a41a","LOC111579976"
"15965","Cyp3a57","LOC111579976"
"15966","Cyp3a13","LOC111579976"
"15967","","dhrs12la"
"15968","Sertad2","sertad2b"
"15969","","edaradd"
"15970","Tm9sf2",""
"15971","Synpo2l","synpo2la"
"15972","Prkg1",""
"15973","Cflar","LOC111562391"
"15974","Tmeff2","tmeff2a"
"15975","Tbkbp1","tank"
"15976","Heg1","heg1"
"15977","Cavin2","cavin2a"
"15978","Cavin3","cavin2a"
"15979","Asb1","asb1"
"15980","Trpm2","trpm2"
"15981","Cytip","cytip"
"15982","Slc12a8","slc12a8"
"15983","Zfhx3","zfhx3b"
"15984","","cgref1"
"15985","","adpgk2"
"15986","Strc",""
"15987","Sun2","LOC111583341"
"15988","Atosa","atosa"
"15989","","si:dkey-288a3.2"
"15990","Eif4e","eif4eb"
"15991","Trpm7","trpm7"
"15992","","chrdl2"
"15993","Wdfy1","wdfy1"
"15994","Gnb2",""
"15995","Cadm2","cadm2b"
"15996","Tbx2","tbx2b"
"15997","Rbm18","rbm18"
"15998","Slc46a2","LOC111563140"
"15999","Tmem267","tmem267"
"16000","","LOC111563666"
"16001","Dlg4","LOC111587179"
"16002","Surf4","surf4"
"16003","","ccnp"
"16004","","LOC111589119"
"16005","","LOC111589116"
"16006","Zfp618","znf618"
"16007","Vwa7","vwa7"
"16008","Lhx6","lhx6a"
"16009","Cercam","cercam"
"16010","","tmem106ba"
"16011","Meox2","meox2a"
"16012","Crppa","crppa"
"16013","Sostdc1","sostdc1a"
"16014","Brca2",""
"16015","","pkdc"
"16016","Tmem158","LOC111574027"
"16017","Kdm4b","kdm4b"
"16018","Pou5f2","pou3f1"
"16019","Pou3f1","pou3f1"
"16020","Pou5f1","pou3f1"
"16021","","LOC111569544"
"16022","Rrp8","rrp8"
"16023","Tnni2",""
"16024","Ilk","LOC111567890"
"16025","","igldcp"
"16026","","LOC111581025"
"16027","Atf6b","atf6b"
"16028","Aph1b","aph1b"
"16029","Aph1c","aph1b"
"16030","","LOC129350845"
"16031","","LOC111582294"
"16032","Muc5ac",""
"16033","Gatad1","gatad1"
"16034","Nkd2","LOC111563791"
"16035","","LOC129350892"
"16036","Lrrc14b","lrrc14b"
"16037","Uqcrb","LOC111563788"
"16038","Mir9-1",""
"16039","Mterf3","mterf3"
"16040","Ago1","ago1"
"16041","Necab1","necab1"
"16042","Cdc20","cdc20"
"16043","Ptdss1","ptdss1b"
"16044","Cntfr",""
"16045","Scarb2","scarb2c"
"16046","","LOC118471756"
"16047","","cimip2b"
"16048","Rnf208","rnf208"
"16049","Pappa","pappaa"
"16050","Adcy1","LOC111568697"
"16051","Dbp","dbpa"
"16052","","dennd3a"
"16053","Dnaja2","LOC111563325"
"16054","Rskr","rskra"
"16055","Bltp2","LOC111569725"
"16056","A3galt2","LOC111574913"
"16057","Ubap1l","ubap1lb"
"16058","Pdcd7","pdcd7"
"16059","Chsy1","chsy1"
"16060","Glod4","glod4"
"16061","Morn5","morn5"
"16062","","mrm3a"
"16063","Snx30","snx30"
"16064","Kbtbd3","kbtbd3"
"16065","Lrrk1",""
"16066","","surf2"
"16067","","urm1"
"16068","Fkbp9","fkbp9"
"16069","Rfx3","rfx3"
"16070","Cwf19l2",""
"16071","Gucy1a2","gucy1a2"
"16072","Ifnar2","il10ra"
"16073","Ifngr1","il10ra"
"16074","","tmprss4a"
"16075","Immp2l","immp2l"
"16076","Lrrn3",""
"16077","Relb","relb"
"16078","Itga11","itga11b"
"16079","Urgcp","si:dkey-202l22.6"
"16080","","ppp2r1bb"
"16081","Pin4",""
"16082","","ppp3cb"
"16083","Pdilt",""
"16084","Pdia2",""
"16085","Serp2","serp2"
"16086","","LOC111584793"
"16087","Vezf1","LOC111565870"
"16088","Wdr20rt",""
"16089","Wdr20",""
"16090","Poldip2",""
"16091","","zic2b"
"16092","Wipf1","wipf1b"
"16093","Pcca","pcca"
"16094","Tmem199",""
"16095","Bcas3","bcas3"
"16096","Npr2",""
"16097","Crtap","crtap"
"16098","Cap2","cap2"
"16099","Ocel1","zgc:154006"
"16100","Ell3","zgc:154006"
"16101","Ocel1","marveld2l"
"16102","Ell3","marveld2l"
"16103","Rpe65","rpe65a"
"16104","Metap1","metap1"
"16105","Cd44","cd44b"
"16106","","plekhg7"
"16107","","LOC111580111"
"16108","Gzmm","cfd"
"16109","Itpr2","itpr2"
"16110","Coq8a","coq8ab"
"16111","Myt1","myt1b"
"16112","Spryd3","spryd3"
"16113","Pou6f2","pou6f2"
"16114","Urad","urad"
"16115","","pdx1"
"16116","","si:ch211-140b10.6"
"16117","Cpa6","cpa6"
"16118","Rpl5","LOC111579955"
"16119","Trappc6b","trappc6b"
"16120","Chordc1","chordc1b"
"16121","Porcn",""
"16122","Cdc7","cdc7"
"16123","Glmn","glmna"
"16124","Mapre1","mapre1b"
"16125","Rpap2","rpap2"
"16126","","LOC111584480"
"16127","","gfi1aa"
"16128","Ephb2","LOC111576077"
"16129","Dipk1a","dipk1a"
"16130","","scinla"
"16131","Fat3",""
"16132","Gmppa","gmppaa"
"16133","Dtna","dtna"
"16134","Itch","itcha"
"16135","Adamts13","adamts13"
"16136","Cpm","cpm"
"16137","Plxnb2","LOC111581796"
"16138","Rack1","rack1"
"16139","Chfr","chfr"
"16140","Arfgef1","arfgef1"
"16141","Erlin2",""
"16142","Rlbp1","rlbp1a"
"16143","Abhd2","LOC111565738"
"16144","Nme5","nme5"
"16145","Fmr1","fmr1"
"16146","","si:ch211-284k5.2"
"16147","Zfp609","znf609a"
"16148","Ano1","LOC111584712"
"16149","","lrrc69"
"16150","Otud6b","otud6b"
"16151","","rab5aa"
"16152","Kat2b","kat2b"
"16153","Sgo2b","sgo1"
"16154","Sgo2a","sgo1"
"16155","Rcvrn","LOC111565835"
"16156","Pip4p2","pip4p2"
"16157","Nup153","nup153"
"16158","","mibp2"
"16159","Ubqln4","ubqln4"
"16160","Lmo7","LOC111565070"
"16161","Syt7","syt7b"
"16162","Bloc1s6","bloc1s6"
"16163","Slc30a4","slc30a4"
"16164","Sdhaf2","sdhaf2"
"16165","Cpsf7","LOC111574613"
"16166","AA467197","c1h15orf48"
"16167","Spire1","spire1a"
"16168","Afg2b","afg2b"
"16169","Polr2l","polr2l"
"16170","","LOC111565744"
"16171","Ptk2","LOC111567389"
"16172","Nabp1",""
"16173","","LOC111582951"
"16174","Nudt17","LOC129347261"
"16175","","tlr18"
"16176","Heyl","LOC111577913"
"16177","Hes5","LOC111577913"
"16178","","tmem176l.1"
"16179","Fkbp4",""
"16180","","LOC111578677"
"16181","","LOC129347884"
"16182","Zfp329",""
"16183","Zfp558",""
"16184","Zfp266",""
"16185","Zfp248",""
"16186","Zfp78",""
"16187","Zfp105",""
"16188","Zfp69",""
"16189","Zfp582",""
"16190","BC025920",""
"16191","Zfp90",""
"16192","Zfp37",""
"16193","Zfp566",""
"16194","Zfp169",""
"16195","Gm12258",""
"16196","2810021J22Rik",""
"16197","Zfp9",""
"16198","Osbpl8","osbpl8"
"16199","Hycc2","LOC111575583"
"16200","Phrf1","phrf1"
"16201","Irf7","irf7"
"16202","Sspn",""
"16203","Bhlhe41","bhlhe41"
"16204","Rassf8","LOC111563105"
"16205","Kras","kras"
"16206","Rxylt1","rxylt1"
"16207","Uqcrfs1",""
"16208","Ptpdc1","zgc:77752"
"16209","Slc45a3","slc45a3"
"16210","Fgf6","LOC111572082"
"16211","Dnaja2","dnaja2b"
"16212","Scx","LOC111572970"
"16213","Kcp",""
"16214","Lrrc4c","lrrc4ca"
"16215","Fgl2","LOC111588148"
"16216","Brsk2","brsk2a"
"16217","Dyrk1b",""
"16218","Abtb2","abtb2b"
"16219","Rnf223","LOC111567362"
"16220","","phc2a"
"16221","2510039O18Rik","kiaa2013"
"16222","","ptpn11b"
"16223","","blk"
"16224","","ch25hl3"
"16225","Bmp10","bmp10"
"16226","Arhgap25","arhgap25"
"16227","Bnip3l","bnip3la"
"16228","Cds2","cds2"
"16229","Tacstd2","epcam"
"16230","Epcam","epcam"
"16231","Hs3st3b1","hs3st1l1"
"16232","Gpr155","LOC111578997"
"16233","Hspa12a","hspa12a"
"16234","B4galnt4","b4galnt4a"
"16235","Epha5","epha8"
"16236","Nck1","nck1b"
"16237","Bdh1","bdh1"
"16238","Tmem86a","tmem86a"
"16239","Gyg1","gyg1b"
"16240","Spty2d1","spty2d1"
"16241","Uevld",""
"16242","","si:dkeyp-19e1.3"
"16243","Kcng4","kcng4a"
"16244","Slc16a11","si:dkey-246g23.4"
"16245","Wfdc1","wfdc1"
"16246","Dyrk4","dyrk4"
"16247","Pclo","pclob"
"16248","","zgc:64106"
"16249","Slc2a10","slc2a10"
"16250","","kiaa1328"
"16251","Celf4","celf4"
"16252","Cpb1","cpb1"
"16253","Arf5","LOC111575921"
"16254","Wee2","wee2"
"16255","Dennd11",""
"16256","Agk","agk"
"16257","Agtr1a","agtr1b"
"16258","Agtr1b","agtr1b"
"16259","Xkr9","xkr9"
"16260","","slc51a"
"16261","Cspp1",""
"16262","Ccn1","LOC111567694"
"16263","Odf2l","LOC111567700"
"16264","Cops5",""
"16265","Shank3",""
"16266","Ift22","ift22"
"16267","Atp5mg",""
"16268","Atg5lrt",""
"16269","","rx2"
"16270","Atcay","atcayb"
"16271","","kiss1ra"
"16272","","ldlra"
"16273","Zic1","zic1"
"16274","Zic4","zic4"
"16275","Spin2c","LOC111565666"
"16276","Gm20830","LOC111565666"
"16277","Gm20807","LOC111565666"
"16278","Gm20822","LOC111565666"
"16279","Gm20867","LOC111565666"
"16280","Gm29049","LOC111565666"
"16281","Spin2-ps4","LOC111565666"
"16282","Spin2-ps1","LOC111565666"
"16283","Gm20826","LOC111565666"
"16284","Spin1","LOC111565666"
"16285","Gm20865","LOC111565666"
"16286","Ssty2","LOC111565666"
"16287","Gm20773","LOC111565666"
"16288","Gm21943","LOC111565666"
"16289","Gm20737","LOC111565666"
"16290","Gm20795","LOC111565666"
"16291","Gm21425","LOC111565666"
"16292","Gm20806","LOC111565666"
"16293","Gm20812","LOC111565666"
"16294","Spin2e","LOC111565666"
"16295","Spin4","LOC111565666"
"16296","Gm20777","LOC111565666"
"16297","Gm20873","LOC111565666"
"16298","Gm21874","LOC111565666"
"16299","Gm20924","LOC111565666"
"16300","Spin2j","LOC111565666"
"16301","Gm21721","LOC111565666"
"16302","Gm21812","LOC111565666"
"16303","Gm20815","LOC111565666"
"16304","Spin2-ps10","LOC111565666"
"16305","Gm20917","LOC111565666"
"16306","Gm21440","LOC111565666"
"16307","Gm21292","LOC111565666"
"16308","Spin2h","LOC111565666"
"16309","Gm20809","LOC111565666"
"16310","Spin2g","LOC111565666"
"16311","Gm20918","LOC111565666"
"16312","Gm20914","LOC111565666"
"16313","Gm20831","LOC111565666"
"16314","Spin2-ps2","LOC111565666"
"16315","Gm20772","LOC111565666"
"16316","Gm20909","LOC111565666"
"16317","Gm28171","LOC111565666"
"16318","Spin2-ps7","LOC111565666"
"16319","Gm14332","LOC111565666"
"16320","Gm20825","LOC111565666"
"16321","Gm21244","LOC111565666"
"16322","Gm20828","LOC111565666"
"16323","Gm21118","LOC111565666"
"16324","Spin2-ps9","LOC111565666"
"16325","Gm20834","LOC111565666"
"16326","Gm21719","LOC111565666"
"16327","Gm29424","LOC111565666"
"16328","Gm20852","LOC111565666"
"16329","Gm20877","LOC111565666"
"16330","Gm20823","LOC111565666"
"16331","","LOC111565666"
"16332","Gm20821","LOC111565666"
"16333","Gm20747","LOC111565666"
"16334","Gm21778","LOC111565666"
"16335","Gm21854","LOC111565666"
"16336","Gm21394","LOC111565666"
"16337","Gm20738","LOC111565666"
"16338","Gm21310","LOC111565666"
"16339","Gm20854","LOC111565666"
"16340","Spin2d","LOC111565666"
"16341","Spin2-ps8","LOC111565666"
"16342","Spin2f","LOC111565666"
"16343","Gm20816","LOC111565666"
"16344","Ssty1","LOC111565666"
"16345","Gm21454","LOC111565666"
"16346","Plxdc2","plxdc2b"
"16347","Atp6v0b","atp6v0b"
"16348","Ccdc24","ccdc24"
"16349","","si:ch211-196i2.1"
"16350","","zgc:113531"
"16351","","them6"
"16352","","LOC111579297"
"16353","Psmb7","psmb7"
"16354","Them6","LOC111579298"
"16355","Vav3","vav3b"
"16356","Smyd1","smyd1a"
"16357","Kmo","LOC111572832"
"16358","Rasgrf2","rasgrf2a"
"16359","Btaf1","btaf1"
"16360","Lrrc56","lrrc56"
"16361","Cecr2","LOC111567816"
"16362","Iqsec3",""
"16363","Tram1l1","tram1"
"16364","Tram1","tram1"
"16365","Ahdc1","ahdc1"
"16366","","LOC111567763"
"16367","Wasf2","wasf2"
"16368","","gpr3"
"16369","Hycc1","hycc1"
"16370","","sytl1"
"16371","Stau2","stau2"
"16372","Clxn","LOC129347235"
"16373","Pex1","pex1"
"16374","Reg1","LOC111573790"
"16375","Reg2","LOC111573790"
"16376","Reg1","LOC111573770"
"16377","Reg2","LOC111573770"
"16378","Cdca7l","cdca7b"
"16379","Sp4",""
"16380","","sp8a"
"16381","Itgb8","itgb8"
"16382","Dcaf8","dcaf8"
"16383","Dcaf8l","dcaf8"
"16384","Osbpl3","LOC111570266"
"16385","Ankrd34b","ankrd34ba"
"16386","Ocln","oclna"
"16387","Marveld2","marveld2a"
"16388","","pi4kaa"
"16389","Fbxw2","fbxw2"
"16390","Ajm1","ajm1"
"16391","Minar2","LOC118471542"
"16392","Thnsl2","thnsl2"
"16393","Dqx1","dqx1"
"16394","Spr",""
"16395","Sez6l","LOC111566118"
"16396","Rhbdd1","rhbdd1"
"16397","Flot2",""
"16398","Gdnf","gdnfb"
"16399","","rasl10a"
"16400","Rgmb","rgmb"
"16401","Ikzf4","ikzf4"
"16402","Ewsr1","ewsr1b"
"16403","Lgi1",""
"16404","Tlr13",""
"16405","Lgi4",""
"16406","Lrg1",""
"16407","Lrrc26",""
"16408","Chad",""
"16409","Chadl",""
"16410","Dnajc22","dnajc22"
"16411","","iscua"
"16412","Lmbr1l",""
"16413","Sart3","sart3"
"16414","Ihh","dhh"
"16415","Kmt2d","kmt2d"
"16416","Ap5b1","ap5b1"
"16417","AU022252","c5h1orf50"
"16418","Idh3b","idh3b"
"16419","P2ry10",""
"16420","P2ry10b",""
"16421","Itm2a","LOC111569859"
"16422","Tbx22","tbx22"
"16423","Ergic1","ergic1"
"16424","Acvr1b","acvr1ba"
"16425","Ptp4a2","ptp4a2b"
"16426","Dazl","dazl"
"16427","Cck","cckb"
"16428","","LOC111572209"
"16429","Slc1a1","slc1a1"
"16430","Slc22a3","si:dkey-166k12.1"
"16431","Slc22a12","si:dkey-166k12.1"
"16432","Slc22a30","si:dkey-166k12.1"
"16433","Slc22a29","si:dkey-166k12.1"
"16434","Slc22a26","si:dkey-166k12.1"
"16435","Slc22a19","si:dkey-166k12.1"
"16436","Slc22a27","si:dkey-166k12.1"
"16437","Slc22a28","si:dkey-166k12.1"
"16438","Slc22a14","si:dkey-166k12.1"
"16439","Slc22a1","si:dkey-166k12.1"
"16440","Slc22a21","si:dkey-166k12.1"
"16441","Slc22a4","si:dkey-166k12.1"
"16442","Slc22a5","si:dkey-166k12.1"
"16443","Slc22a22","si:dkey-166k12.1"
"16444","Slc22a6","si:dkey-166k12.1"
"16445","Slc22a20","si:dkey-166k12.1"
"16446","Slc5a7","LOC111575390"
"16447","Galnt5","LOC111573307"
"16448","Zfp148","znf148"
"16449","Rdh11","LOC111568484"
"16450","Pnkd","pnkd"
"16451","Dip2a",""
"16452","Myo18b","LOC111566120"
"16453","Tmem263",""
"16454","Klhdc10",""
"16455","Cntd1","cntd1"
"16456","Coa3","LOC111585369"
"16457","Wnk4","wnk4a"
"16458","Vps25",""
"16459","Kctd2","kctd2"
"16460","4930562C15Rik",""
"16461","Slc16a12","slc16a12b"
"16462","Kif20b","LOC111581009"
"16463","Baiap2","baiap2b"
"16464","Aatk","aatkb"
"16465","","dydc2"
"16466","Grk3","grk3"
"16467","","csnk2a4"
"16468","","LOC111583114"
"16469","Tfe3","tfe3b"
"16470","","cxxc1b"
"16471","Inhbb","inhbb"
"16472","","klhdc3l"
"16473","Epsti1","epsti1"
"16474","Slc37a1","slc37a1"
"16475","Cyp26b1","LOC111569154"
"16476","Spata6l","spata6l"
"16477","","LOC111562564"
"16478","Tifa","tifa"
"16479","","rbm4.3"
"16480","Large2",""
"16481","Cbx8","cbx8a"
"16482","","LOC111577362"
"16483","Fam20c","fam20ca"
"16484","Tfrc","tfr1a"
"16485","","LOC111562554"
"16486","","LOC111562547"
"16487","","LOC111562553"
"16488","","LOC111562538"
"16489","Zzz3","zzz3"
"16490","Pecr","pecr"
"16491","","kxd1"
"16492","Ak5","ak5"
"16493","Sema3e","sema3e"
"16494","Ttpa","ttpa"
"16495","Ndufb3","ndufb3"
"16496","Ugt1a1",""
"16497","","sall2"
"16498","","trim110"
"16499","Cbln3","trim110"
"16500","Chd8","chd8"
"16501","Tatdn3","LOC111578615"
"16502","","LOC111562532"
"16503","","LOC111562528"
"16504","","LOC111572968"
"16505","Hpn","hpn"
"16506","","LOC111572972"
"16507","","LOC111572967"
"16508","Slirp","slirp"
"16509","Cyfip2",""
"16510","Mtcl3","LOC111589139"
"16511","","LOC111589139"
"16512","Lgmn","lgmn"
"16513","Yrdc",""
"16514","Maneal","LOC111563377"
"16515","Mecr",""
"16516","Smpdl3b","smpdl3b"
"16517","Rsf1","rsf1a"
"16518","Rpa2","rpa2"
"16519","Panx1","LOC111563038"
"16520","Aamdc","aamdc"
"16521","Ints4","ints4"
"16522","Cep350","cep350"
"16523","Gng5c","LOC111586963"
"16524","Gng5","LOC111586963"
"16525","Rpf1","rpf1"
"16526","Themis2",""
"16527","S1pr4","s1pr4"
"16528","","usp19"
"16529","Ncln","ncln"
"16530","","LOC111579833"
"16531","Kcnj10",""
"16532","Myo9b",""
"16533","Rps27",""
"16534","Rps27rt",""
"16535","Tpm4","tpm4a"
"16536","Faf2","faf2"
"16537","Sav1",""
"16538","Dusp1","dusp1"
"16539","Sting1","sting1"
"16540","","LOC111562533"
"16541","Atl1","atl1"
"16542","","LOC111562536"
"16543","","LOC111562535"
"16544","Chmp1b","LOC111569860"
"16545","Chmp1b2","LOC111569860"
"16546","Mark2","mark2b"
"16547","Tent5d","LOC111569872"
"16548","Itk","itk"
"16549","Acvrl1","acvrl1"
"16550","Ankrd33","ankrd33aa"
"16551","Arhgef25","arhgef25a"
"16552","Stxbp3","stxbp3"
"16553","Hoxc4","hoxc4a"
"16554","Hoxc5","hoxc5a"
"16555","Hoxc6","hoxc6a"
"16556","Hoxc8","hoxc8a"
"16557","Hoxc9","hoxc9a"
"16558","Hoxc10","hoxc10a"
"16559","Hoxc11","hoxc11a"
"16560","Hoxc12","hoxc12a"
"16561","Hoxc13","hoxc13a"
"16562","Calcoco1","calcoco1a"
"16563","","tmem201"
"16564","Srsf6",""
"16565","Senp1","senp1"
"16566","Mfsd10","mfsd14a2"
"16567","Ndrg1","LOC111579830"
"16568","Raver1","raver1"
"16569","Tyk2",""
"16570","Insr","insra"
"16571","Trmt10a","trmt10a"
"16572","Rasgrp2","LOC111562544"
"16573","Rbms2",""
"16574","Aasdhppt","aasdhppt"
"16575","Ccdc92b",""
"16576","Sik2","sik2b"
"16577","Grik4","grik4"
"16578","Otop1",""
"16579","Tcf15","LOC111583110"
"16580","Itpr1","itpr1b"
"16581","Gnl3l","gnl3l"
"16582","Opn1mw","LOC111573988"
"16583","Lmnb2","lmnb2"
"16584","Fndc7","LOC111588459"
"16585","","LOC111569880"
"16586","Mastl","mastl"
"16587","","LOC111569052"
"16588","Rnf152","rnf152"
"16589","Inhba","inhbaa"
"16590","Cdh20","LOC111568961"
"16591","","opn1sw2"
"16592","Klhdc9","hcfc1a"
"16593","Cryba4","cryba4"
"16594","Crybb1","crybb1"
"16595","Acads",""
"16596","Dennd5b","LOC111588130"
"16597","Mrpl28",""
"16598","","zgc:162730"
"16599","Zfp36l3","zgc:114130"
"16600","Trappc6a","trappc6bl"
"16601","Bloc1s3","bloc1s3"
"16602","","si:ch211-136a13.1"
"16603","","si:dkey-13a21.4"
"16604","Gata1","gata1a"
"16605","Arl8b","arl8bb"
"16606","Sema3f","sema3fb"
"16607","Cbl","cbl"
"16608","Lnx2","lnx2a"
"16609","Gtf3a","gtf3ab"
"16610","Cul2",""
"16611","Ppp1r42","ppp1r42"
"16612","Zdhhc20","zdhhc20b"
"16613","Ptp4a3","LOC111579831"
"16614","Ppox","ppox"
"16615","Marchf6","marchf6"
"16616","","med7"
"16617","","lonrf4"
"16618","Sh3bgrl",""
"16619","","rnf44"
"16620","","LOC111569028"
"16621","Ier2","ier2a"
"16622","","LOC111582516"
"16623","","LOC129347357"
"16624","Gm25506","LOC111568944"
"16625","","cdhr2"
"16626","Gprin1","LOC111580816"
"16627","","unc119.2"
"16628","Neurl1b","neurl1b"
"16629","","si:ch211-39i2.2"
"16630","Pam16l","LOC111586678"
"16631","Pam16","LOC111586678"
"16632","Sncb","sncb"
"16633","Gpr50","mtnr1c"
"16634","","LOC111569861"
"16635","","LOC111569869"
"16636","Vma21","vma21"
"16637","Gpc4","gpc4"
"16638","","LOC111566293"
"16639","Mcam","mcamb"
"16640","Yif1b","yif1b"
"16641","C1qtnf5","c1qtnf5"
"16642","","si:dkey-16n15.6"
"16643","Pcmtd2",""
"16644","Bcap31","bcap31"
"16645","Efhd2","efhd2"
"16646","Suv39h1","LOC111588288"
"16647","","LOC111567561"
"16648","","atp2b3b"
"16649","Gjb1",""
"16650","Gria1","gria1a"
"16651","Tfcp2l1","tfcp2l1"
"16652","Thtpa",""
"16653","","LOC111565401"
"16654","","LOC111565406"
"16655","Olfm3",""
"16656","Gjd4","gjd4"
"16657","Fam221a","fam221a"
"16658","Ccdc126","ccdc126"
"16659","Odad2","odad2"
"16660","Fam133b","fam133b"
"16661","Trappc3","trappc3"
"16662","Col8a2","col8a2"
"16663","Kmt2a","kmt2a"
"16664","Nkain1","nkain1"
"16665","Rapgef5","rapgef5a"
"16666","Mycl","myclb"
"16667","","dmac1"
"16668","Btd",""
"16669","Igsf9b","igsf9ba"
"16670","Ankrd28","LOC111573357"
"16671","Samd9l","LOC111588657"
"16672","Gli2","gli2a"
"16673","Rsu1","rsu1"
"16674","Fam168b","fam168b"
"16675","","tecrl2a"
"16676","Abca4","abca4a"
"16677","","rbm42"
"16678","","fxyd11"
"16679","","fxyd3"
"16680","Zfat",""
"16681","Sdha","sdha"
"16682","Jam3","jam3a"
"16683","Thnsl1","LOC111572641"
"16684","Vps26b","LOC111565127"
"16685","Sat1","LOC111586766"
"16686","Thyn1","thyn1"
"16687","Map7d2",""
"16688","Acad8","acad8"
"16689","Eif1ad17","eif1axb"
"16690","Eif1ad19","eif1axb"
"16691","Eif1ad15","eif1axb"
"16692","Eif1a","eif1axb"
"16693","Eif1ax","eif1axb"
"16694","Eif1ad10","eif1axb"
"16695","Eif1ad16","eif1axb"
"16696","Eif1ad13","eif1axb"
"16697","Eif1ad6","eif1axb"
"16698","Eif1ad14","eif1axb"
"16699","Eif1ad2","eif1axb"
"16700","Eif1ad8","eif1axb"
"16701","Eif1ad11","eif1axb"
"16702","Eif1ad4","eif1axb"
"16703","Eif1ad3","eif1axb"
"16704","Eif1ad12","eif1axb"
"16705","Eif1ad18","eif1axb"
"16706","Eif1ad7","eif1axb"
"16707","Rps6ka6","rps6kal"
"16708","","LOC111586964"
"16709","","LOC111585838"
"16710","Marveld3","si:ch211-191a24.4"
"16711","","cyldl"
"16712","Syde2","syde2"
"16713","","rgs16"
"16714","Rgs16","rgs8"
"16715","Rgs8","rgs8"
"16716","2410004B18Rik","c2h1orf52"
"16717","Col24a1","LOC111578446"
"16718","Henmt1","henmt1"
"16719","Eeig2","fam102bb"
"16720","","LOC111588462"
"16721","Ago2",""
"16722","Rps6ka3","rps6ka3b"
"16723","Esam","esamb"
"16724","","ppm1lb"
"16725","Robo3","zgc:77784"
"16726","Gak","gak"
"16727","Shisa7","shisa7b"
"16728","Atp6v1c1","atp6v1c1b"
"16729","Smad4",""
"16730","Myo7a",""
"16731","Bmp10","LOC111567979"
"16732","Gpn3","gpn3"
"16733","","LOC111583950"
"16734","Arpc3","arpc3"
"16735","Uhrf2","LOC111566835"
"16736","Shisa5","LOC111566835"
"16737","Septin5","septin5b"
"16738","Hecw2","hecw2a"
"16739","Inpp5j",""
"16740","Ficd","ficd"
"16741","Cmklr1","cmklr1"
"16742","Efna5",""
"16743","Nefh","LOC111584857"
"16744","Ebf2","ebf2"
"16745","Tmem219","zgc:158398"
"16746","Arrdc3","arrdc3a"
"16747","Arsk","arsk"
"16748","Cfap300","cfap300"
"16749","Rplp1","rplp1"
"16750","Rplp1rt","rplp1"
"16751","Clic1",""
"16752","","LOC111582168"
"16753","Tmem42","LOC111586143"
"16754","Tuft1","tuft1b"
"16755","4933434E20Rik",""
"16756","Osbpl10","LOC111584929"
"16757","Ndc80","ndc80"
"16758","Wscd2","wscd2"
"16759","Grik5","LOC111567355"
"16760","Ankrd13a","ankrd13a"
"16761","Mei4",""
"16762","Mrps18a",""
"16763","Rsph9","rsph9"
"16764","","rp1l1b"
"16765","Map7","map7b"
"16766","Ppp1r14c","ppp1r14c"
"16767","Tbpl1","tbpl1"
"16768","Slc2a12","slc2a12"
"16769","Sgk1","sgk1"
"16770","Fbxo25","fbxo25"
"16771","Spint4","tfpia"
"16772","Wfdc6b","tfpia"
"16773","Eppin","tfpia"
"16774","Wfdc6a","tfpia"
"16775","Slc35a5",""
"16776","Gpr39","gpr39"
"16777","Nmbr","nmbr"
"16778","Lypd1","LOC111563316"
"16779","","LOC111586610"
"16780","Slc10a2","slc10a2"
"16781","","LOC111586608"
"16782","Vwa8","vwa8"
"16783","Parp1","parp1"
"16784","Slc35d3","slc35d3"
"16785","Syncrip","syncrip"
"16786","Gje1","gje1a"
"16787","","si:dkey-206f10.1"
"16788","Efr3b","LOC111584654"
"16789","Rab33a","rab33a"
"16790","Nipsnap3b","nipsnap3a"
"16791","Nipsnap3a","nipsnap3a"
"16792","Noa1","noa1"
"16793","Rest","rest"
"16794","Hnrnpab",""
"16795","Phykpl","phykpl"
"16796","Fam53c","LOC111573455"
"16797","Aff2","aff2"
"16798","","ctbp1"
"16799","","rab11fip1b"
"16800","Bbln","bbln"
"16801","Ciz1","ciz1a"
"16802","Astn2","LOC111578237"
"16803","","spon2a"
"16804","Kdm3b","kdm3b"
"16805","Wdr26",""
"16806","Iyd","iyd"
"16807","Sec63","sec63"
"16808","Mtln","LOC118470170"
"16809","Nbas",""
"16810","Fbxo40","LOC111575403"
"16811","Ttc36","ttc36"
"16812","Trim32","trim32"
"16813","Zmynd19",""
"16814","Atg16l1","LOC129349380"
"16815","Tmem132c","si:dkey-112m2.1"
"16816","Arvcf","arvcfa"
"16817","Oaz3",""
"16818","Cabp7","cabp7b"
"16819","Zmat5","zmat5"
"16820","Uqcr10",""
"16821","Gpat4","LOC111567683"
"16822","Zfp36","cth1"
"16823","Pnpla2","pnpla2"
"16824","U2af1","LOC111579465"
"16825","Tsc22d1","zgc:65895"
"16826","Mtrf1","mtrf1"
"16827","Wbp4","wbp4"
"16828","Smagp","LOC111579475"
"16829","Cd200l2","LOC111579475"
"16830","Cd200l1","LOC111579475"
"16831","Nectin2","LOC111579475"
"16832","Pvr","LOC111579475"
"16833","Tigit","LOC111579475"
"16834","Cd200","LOC111579461"
"16835","","LOC111579468"
"16836","Fdx1","LOC111575471"
"16837","Arhgap20","LOC111575469"
"16838","Pspc1","pspc1"
"16839","Lypd6","lypd6"
"16840","Mmadhc","mmadhca"
"16841","Gart",""
"16842","","LOC111577008"
"16843","Tmem69","LOC111588468"
"16844","Angptl7","LOC111588473"
"16845","","ghrhrb"
"16846","Slc19a3",""
"16847","Tm4sf4","tm4sf4"
"16848","","LOC111582603"
"16849","","LOC111578157"
"16850","","LOC111570001"
"16851","Brinp2","brinp3a.1"
"16852","","LOC111587519"
"16853","Cp",""
"16854","Veph1","veph1"
"16855","Ptx3","ptx3a"
"16856","Faim","faimb"
"16857","Faiml","faimb"
"16858","Blmh","blmh"
"16859","Agap1","agap1"
"16860","Sqor","LOC111577707"
"16861","Rap1gap2","LOC111589130"
"16862","","LOC111566491"
"16863","Tulp4","tulp4b"
"16864","Slc18b1","slc18b1"
"16865","Anapc15-ps","anapc15"
"16866","Anapc15","anapc15"
"16867","Izumo1r","folr"
"16868","Folr2","folr"
"16869","Folr1","folr"
"16870","Fli1","fli1"
"16871","Ets1","ets1"
"16872","Lmod2","lmod2a"
"16873","Swap70","swap70b"
"16874","Kif24",""
"16875","Mtx3",""
"16876","Qng1",""
"16877","Aifm3","LOC111568309"
"16878","Pdia3","pdia3"
"16879","Ccdc117","ccdc117"
"16880","Tcn2","tcn2"
"16881","Riok2","riok2"
"16882","Plk2","plk2b"
"16883","Inppl1","inppl1a"
"16884","Mgat4c","mgat4c"
"16885","Cpa2","LOC111571172"
"16886","Sypl2","sypl2b"
"16887","Mapk14","mapk14a"
"16888","Yae1d1","otulina"
"16889","Plscr4","si:ch73-206p6.1"
"16890","Plscr5","si:ch73-206p6.1"
"16891","Plscr3","si:ch73-206p6.1"
"16892","","LOC111574409"
"16893","Rpl21","rpl21"
"16894","Usp12","usp12a"
"16895","Bach1","LOC111563702"
"16896","Usp16","usp16"
"16897","Rwdd2b","rwdd2b"
"16898","Serpine2","serpine2"
"16899","Rnd3","rnd3a"
"16900","","LOC111575479"
"16901","Ptk2b","LOC111585687"
"16902","Farp1","LOC111587753"
"16903","Nfs1",""
"16904","Plxna1","LOC111577037"
"16905","Apbb1","apbb1"
"16906","","trmt9b"
"16907","","prss59"
"16908","Psmd2","psmd2"
"16909","Kcnd2","LOC111574669"
"16910","Flnc","LOC111574658"
"16911","Lrrc1","lrrc1"
"16912","","cd79b"
"16913","Slc16a5","slc16a5a"
"16914","Bbs1","bbs1"
"16915","Capn11","LOC111585234"
"16916","Pde6g","pde6gb"
"16917","Apold1","apold1b"
"16918","Apold1","si:cabz01007807.1"
"16919","Ndrg2",""
"16920","Ralyl","LOC111576683"
"16921","","tap2t"
"16922","Caap1","LOC111565690"
"16923","","LOC111575589"
"16924","","lrch4"
"16925","Hacd4","hacd4"
"16926","Dhx8","dhx8"
"16927","Focad","focad"
"16928","Ccnb1",""
"16929","Cacna1b","cacna1bb"
"16930","","pdha1b"
"16931","Fam91a1","fam91a1"
"16932","Cnot3","cnot3b"
"16933","Spata18","spata18"
"16934","Coa7","LOC111584868"
"16935","Zyg11a",""
"16936","Zyg11b",""
"16937","Echdc2","echdc2"
"16938","","mcf2l2"
"16939","Ric3","ric3b"
"16940","Sf3b2","sf3b2"
"16941","Ntrk3","ntrk3a"
"16942","Fam13c","LOC111585267"
"16943","Asah2","asah2"
"16944","Ggact","LOC111587770"
"16945","Gbx2","gbx2"
"16946","Fam184a","LOC111586500"
"16947","Btf3",""
"16948","Mrps27","mrps27"
"16949","Hcn3","LOC111580848"
"16950","","f2"
"16951","Ahi1","ahi1"
"16952","Isca1","isca1"
"16953","AK157302","isca1"
"16954","","kiss1rb"
"16955","Dmrtc1a","dmrt1"
"16956","Dmrt1","dmrt1"
"16957","Dmrt3","dmrt3a"
"16958","Hs3st3b1","hs3st1l2"
"16959","Hs3st3a1","hs3st1l2"
"16960","Cldn5","cldn5a"
"16961","","LOC111583976"
"16962","Kremen1","kremen1"
"16963","","ncoa2"
"16964","","si:dkey-174n20.1"
"16965","Lipg","lipg"
"16966","Kcmf1","LOC111567833"
"16967","Psat1","psat1"
"16968","Tle1","LOC111580763"
"16969","Tle4","LOC111580763"
"16970","Agbl1","LOC111569377"
"16971","Ythdf1","LOC111574204"
"16972","Birc7","birc7"
"16973","Nkain4","nkain4"
"16974","","kcnk15"
"16975","Ppdpf","ppdpfa"
"16976","L3mbtl1","l3mbtl1"
"16977","","prkacaa"
"16978","Pik3cd",""
"16979","Alx1","alx1"
"16980","Ciao2a","ciao2a"
"16981","Tcf24","LOC111572462"
"16982","","wasla"
"16983","Mcmdc2","mcmdc2"
"16984","Rdh10","rdh10a"
"16985","Cmbl",""
"16986","Cct5","cct5"
"16987","Mfsd4a","mfsd4ab"
"16988","Mtrr",""
"16989","Asf1b","asf1ba"
"16990","","crb3a"
"16991","Bahcc1","LOC111564614"
"16992","Timm17b","timm17b"
"16993","Pgls","pgls"
"16994","","LOC111573666"
"16995","Pqbp1","pqbp1"
"16996","Bco1","bco1"
"16997","Cyth1","cyth1a"
"16998","Ano9","LOC111586429"
"16999","Otog",""
"17000","Mapk8ip1","mapk8ip1b"
"17001","Aldh1a3","aldh1a3"
"17002","Pacs1",""
"17003","Gpkow",""
"17004","Magix","LOC111580252"
"17005","G6pd2","g6pd"
"17006","G6pdx","g6pd"
"17007","Slc2a2","slc2a2"
"17008","","mych"
"17009","Phtf1","phtf1"
"17010","Pfkfb2","pfkfb2b"
"17011","Otulin","LOC111570037"
"17012","Prdm14","prdm14"
"17013","Sgk3","sgk3"
"17014","Elapor1","elapor1"
"17015","AA986860","LOC111572067"
"17016","Tspyl1","tspy"
"17017","Nap1l2","tspy"
"17018","Tspyl3","tspy"
"17019","Tspyl4","tspy"
"17020","Nap1l3","tspy"
"17021","Tspyl5","tspy"
"17022","Tspyl2","tspy"
"17023","Nap1l5","tspy"
"17024","Set","tspy"
"17025","Tmem132b",""
"17026","Tmem132a",""
"17027","Gal3st1","gal3st1b"
"17028","Slc26a6","slc26a6l2"
"17029","Ermp1","LOC111566833"
"17030","Ptchd3","LOC111572709"
"17031","Acot9","acot9.1"
"17032","Acot10","acot9.1"
"17033","Spg11","spg11"
"17034","Isg20","isg20"
"17035","Rlbp1","rlbp1b"
"17036","Abhd2","abhd2b"
"17037","Ube4b","ube4b"
"17038","","si:dkey-190g11.3"
"17039","Unc45b",""
"17040","Brinp3","brinp3a.2"
"17041","Rgs1","LOC111575810"
"17042","","si:ch211-117l17.6"
"17043","Rgs13","LOC111575811"
"17044","Rgs2","rgs2"
"17045","Uchl5",""
"17046","","glrx2"
"17047","B3galt2",""
"17048","Cntnap3","LOC111571026"
"17049","Hyal6","hyal6"
"17050","Hyal4","hyal4"
"17051","","LOC111581541"
"17052","Calcb","LOC111588491"
"17053","Psma1","psma1"
"17054","","si:dkey-13n15.2"
"17055","Utp15","utp15"
"17056","Stxbp5","stxbp5b"
"17057","Arhgef28","LOC111566713"
"17058","Lifr","osmr"
"17059","Mccc2","mccc2"
"17060","Phox2a","phox2a"
"17061","","LOC111574540"
"17062","Mrps22","mrps22"
"17063","Copb2","LOC111569705"
"17064","Tars1","tars1"
"17065","Idnk","LOC111567411"
"17066","Frmd3","frmd3"
"17067","Grik5","grik5"
"17068","Spam1","LOC111581547"
"17069","Hyal5","LOC111581547"
"17070","Insc","LOC111577801"
"17071","Tpd52l2","LOC111572131"
"17072","Kitl","kitlga"
"17073","Cav2","cav2"
"17074","","si:ch211-117c9.5"
"17075","Wee1","wee1"
"17076","Adgrg6","adgrg6"
"17077","Kcnh5","kcnh5a"
"17078","L3hypdh","LOC111566664"
"17079","Daam1","LOC111566661"
"17080","Zfp143","znf143b"
"17081","Chrna7",""
"17082","Senp3","LOC111587497"
"17083","Tyrp1","LOC111564118"
"17084","Synpo2","LOC111564111"
"17085","Myoz2","LOC111564116"
"17086","Rwdd4a",""
"17087","Pax3","pax3b"
"17088","Eml3","eml3"
"17089","Sft2d2","LOC111587276"
"17090","Tspan7","LOC111587278"
"17091","Xdh","xdh"
"17092","Dr1","dr1"
"17093","Wls","LOC111579949"
"17094","Lix1","LOC111587791"
"17095","Ercc8",""
"17096","Ndufaf2","ndufaf2"
"17097","","smim15"
"17098","Epx","LOC111575817"
"17099","","LOC111570184"
"17100","Cav1","cav1"
"17101","Gng12","gng12b"
"17102","Gadd45a","gadd45ab"
"17103","Sec16b",""
"17104","Zfp648","znf648"
"17105","Cspg4","cspg4"
"17106","Glul","glulb"
"17107","Gramd2a","LOC111570940"
"17108","","admb"
"17109","","zgc:113516"
"17110","Ankle1","LOC111574894"
"17111","Nrip3","LOC111576350"
"17112","Akp3",""
"17113","Alppl2",""
"17114","Alpi",""
"17115","Met","met"
"17116","Reep2","reep2"
"17117","Egr4","egr1"
"17118","Adra1b","LOC111573441"
"17119","Fabp6","LOC111573458"
"17120","Ccnjl","ccnjl"
"17121","C1qtnf2","c1qtnf2"
"17122","Nexmif",""
"17123","Rlim","rlim"
"17124","Glod5","glod5"
"17125","Atoh8","LOC111566167"
"17126","Tmem129","tmem129"
"17127","Ccdc142","ccdc142"
"17128","Slbp","slbp"
"17129","Immt","immt"
"17130","Mterf1a","LOC111585223"
"17131","Mterf1b","LOC111585223"
"17132","Klhl38","klhl38a"
"17133","Tinagl1","tinagl1"
"17134","Chmp4c","chmp4c"
"17135","Zfand1","zfand1"
"17136","Maf1","maf1b"
"17137","Arl5b","arl8"
"17138","Gpr12","gpr12"
"17139","Wasf3","wasf3b"
"17140","Cdk8","cdk8"
"17141","Fgf4",""
"17142","Ddx1","ddx1"
"17143","Rnf103","rnf103"
"17144","Abhd18",""
"17145","Clpb","clpb"
"17146","Tigd5",""
"17147","Pcdh10",""
"17148","Slitrk4","slitrk4"
"17149","Or56a5","adra2db"
"17150","Or56a4","adra2db"
"17151","Or56a42-ps1","adra2db"
"17152","Or56a41","adra2db"
"17153","Or56a3b","adra2db"
"17154","Or56a3","adra2db"
"17155","Or13f5","adra2db"
"17156","Sowaha","sowahab"
"17157","","LOC111581000"
"17158","","LOC111580999"
"17159","","LOC111580998"
"17160","","LOC111580996"
"17161","Kcnq4","LOC111578367"
"17162","Sash1","LOC111578560"
"17163","Ddo","ddo"
"17164","Tc2n",""
"17165","Fuca2","fuca2"
"17166","","hivep2b"
"17167","Skida1",""
"17168","Ganc",""
"17169","Nsun6",""
"17170","Cacnb2","cacnb2a"
"17171","Zfhx2",""
"17172","C1ql3","c1ql3a"
"17173","","si:dkey-225n22.4"
"17174","Csde1","csde1"
"17175","Ccny","ccny"
"17176","Dpf1","dpf1"
"17177","Nap1l1","nap1l1"
"17178","Nup155","nup155"
"17179","Cngb1","cngb3.1"
"17180","Gabrd","gabrd"
"17181","Zfp341",""
"17182","Atp13a3","atp13a3"
"17183","Tmem44",""
"17184","","alpi.1"
"17185","Srek1ip1","srek1ip1"
"17186","Nppc","nppc"
"17187","","ncl"
"17188","B3gnt7","b3gnt7"
"17189","Armc9","LOC111574896"
"17190","","slc25a18"
"17191","E2f1","e2f1"
"17192","Vwa1","vwa1"
"17193","B3gnt6","b3gnt7l"
"17194","Fam43b","fam43b"
"17195","Atp6v1e2","atp6v1e1a"
"17196","Atp6v1e1","atp6v1e1a"
"17197","","nwd1"
"17198","Polr2h","polr2h"
"17199","Mfsd10","mfsd8l1"
"17200","Ptprs","ptprsa"
"17201","Vstm2l","LOC111571774"
"17202","","LOC111581393"
"17203","Rassf7","rassf7a"
"17204","Arsa","arsa"
"17205","Mapk8ip2","mapk8ip2"
"17206","Pga5","LOC111583223"
"17207","Cpt1a",""
"17208","","si:ch211-11n16.2"
"17209","Rbp2","LOC111569706"
"17210","","pcp4b"
"17211","Stard10",""
"17212","","LOC111577127"
"17213","Sgpp2",""
"17214","Farsb","farsb"
"17215","Fbxo45","fbxo45"
"17216","Mpp7","mpp7a"
"17217","Atp9a","LOC111566219"
"17218","Capn3","capn3a"
"17219","Ep400","ep400"
"17220","Tnik","tnika"
"17221","Numbl","numbl"
"17222","Coq8b","coq8b"
"17223","Pgm5","pgm5"
"17224","Dtwd1","dtwd1"
"17225","Slc5a7","slc5a7a"
"17226","Fgf7","fgf7"
"17227","Cops2",""
"17228","Zng1","cbwd"
"17229","Dagla","dagla"
"17230","","igsf5b"
"17231","Arl6","arl6"
"17232","Efnb2","LOC111573078"
"17233","Sh3bgrl","sh3bgr"
"17234","Ext2","ext2"
"17235","Fbxo46","fbxo46"
"17236","Arap1","LOC111579983"
"17237","Gas2l1","gas2l1"
"17238","Isca2",""
"17239","Mob1a","mob1a"
"17240","","mthfd2"
"17241","Asb7","asb7"
"17242","Myod1","LOC111581022"
"17243","Rora","LOC111584428"
"17244","Skic3",""
"17245","Tnnt3","LOC111581020"
"17246","","LOC111574912"
"17247","Lrp4","lrp4"
"17248","Alx4","alx4a"
"17249","Epha6","LOC111565060"
"17250","Nsun3","nsun3"
"17251","Wdsub1","wdsub1"
"17252","Tanc1","LOC111564834"
"17253","Chst1","LOC111583800"
"17254","Api5","api5"
"17255","Vstm2b","vstm2b"
"17256","Sptan1",""
"17257","Dok4","dok4"
"17258","Nadsyn1","nadsyn1"
"17259","Fgf3","fgf3"
"17260","Ankdd1a","ankdd1a"
"17261","Ano1","ano1a"
"17262","Smpd1","smpd1"
"17263","Tpte","tpte"
"17264","","fgl1b"
"17265","Thsd1",""
"17266","Neu3","LOC111587188"
"17267","Xrra1","xrra1"
"17268","Egln1",""
"17269","","LOC111571758"
"17270","Amer1",""
"17271","Vps36","vps36"
"17272","","gpc5c"
"17273","Nyap2","nyap2b"
"17274","Col4a4",""
"17275","","LOC111572759"
"17276","Fgf12",""
"17277","Parl","parla"
"17278","Extl2","extl2"
"17279","Akr1c12","zgc:110366"
"17280","Akr1c19","zgc:110366"
"17281","Akr1c13","zgc:110366"
"17282","Akr1b10","zgc:110366"
"17283","Akr1b7","zgc:110366"
"17284","Akr1b8","zgc:110366"
"17285","Rc3h1","rc3h1b"
"17286","Proser1","proser1"
"17287","Tal1","tal1"
"17288","Otol1","otol1a"
"17289","Ppm1l","ppm1la"
"17290","Scp2d1","scp2a"
"17291","","si:ch1073-15f19.2"
"17292","Nrxn2","nrxn2a"
"17293","Plekho2","plekho2"
"17294","Tpcn2",""
"17295","Usp19",""
"17296","Tnfsf11","tnfsf11"
"17297","Nifk","nifk"
"17298","","cops8"
"17299","Col6a3",""
"17300","Gtpbp8","gtpbp8"
"17301","Pgap1","pgap1"
"17302","Zc3h12a",""
"17303","Sytl2","sytl2a"
"17304","Ankfy1","ankfy1"
"17305","Ermn",""
"17306","Lect2",""
"17307","","LOC111579561"
"17308","","LOC111579519"
"17309","","LOC111579543"
"17310","Etv4","etv4"
"17311","Abca5","abca5"
"17312","Pdzd2","pdzd2"
"17313","","neff1"
"17314","","atp6v1ba"
"17315","","igsf9b"
"17316","","snrnp27"
"17317","Ncs1","LOC111584729"
"17318","","hmcn2"
"17319","Npr3","npr3"
"17320","Isl1",""
"17321","","ppp2r2aa"
"17322","Cabp1","cabp1b"
"17323","Prodh",""
"17324","D930020B18Rik","c21h12orf56"
"17325","Phlda1","phlda1"
"17326","Ces2a","LOC111576904"
"17327","Ces2g","LOC111576904"
"17328","Ces2e","LOC111576904"
"17329","Ces2b","LOC111576904"
"17330","Ces2f","LOC111576904"
"17331","Ces2c","LOC111576904"
"17332","Ces2h","LOC111576904"
"17333","Ces1a","LOC111576904"
"17334","Ces1f","LOC111576904"
"17335","Ces1e","LOC111576904"
"17336","Ces1d","LOC111576904"
"17337","Ces1g","LOC111576904"
"17338","Ces1b","LOC111576904"
"17339","Ces1c","LOC111576904"
"17340","Ces1h","LOC111576904"
"17341","Ces5a","LOC111576904"
"17342","Zpld2","LOC111576902"
"17343","Krr1",""
"17344","Cfap298","cfap298"
"17345","Eva1c","eva1c"
"17346","Gabra3","gabra3"
"17347","Vrk1",""
"17348","Myo18a","LOC111571749"
"17349","Myof","LOC111570458"
"17350","Zfp106","znf106a"
"17351","Ampd2","ampd2b"
"17352","Aatf","aatf"
"17353","Sox14","sox14"
"17354","Jund","LOC111573912"
"17355","","LOC129350034"
"17356","","LOC111578388"
"17357","","LOC111574904"
"17358","Clptm1l",""
"17359","","LOC111574905"
"17360","Arrdc2","arrdc2"
"17361","Pacc1","pacc1"
"17362","Nenf","nenf"
"17363","Ezr","ezra"
"17364","","LOC111573969"
"17365","Adnp",""
"17366","Tmem243","tmem243b"
"17367","Ugdh",""
"17368","Crisp4","glipr1a"
"17369","Glipr1l3","glipr1a"
"17370","Glipr1l1","glipr1a"
"17371","Glipr1l2","glipr1a"
"17372","","LOC111582907"
"17373","Plxnb1","plxnb1b"
"17374","Abcc9","abcc9"
"17375","","si:ch211-13c6.2"
"17376","Nfyc","nfyc"
"17377","Srsf9","srsf9"
"17378","Grn","LOC111573360"
"17379","Rimbp2",""
"17380","","tpbga"
"17381","Gsdme",""
"17382","Dnah3","dnah3"
"17383","Pop4","pop4"
"17384","","zgc:153993"
"17385","Pcsk6","pcsk6"
"17386","Alkbh3","alkbh3"
"17387","","si:dkey-106n21.1"
"17388","Ccdc127","ccdc127a"
"17389","Ppp1r8","ppp1r8b"
"17390","Mrpl32","mrpl32"
"17391","Mtbp","mtbp"
"17392","Cyp4f18","LOC111563375"
"17393","Cyp4a32","LOC111563375"
"17394","Cyp4a10","LOC111563375"
"17395","Cyp4a31","LOC111563375"
"17396","Cyp4a30b","LOC111563375"
"17397","Cyp4f40","LOC111563375"
"17398","Cyp4f14","LOC111563375"
"17399","Cyp4f15","LOC111563375"
"17400","Cyp4x1","LOC111563375"
"17401","Cyp4a14","LOC111563375"
"17402","Cyp4a29","LOC111563375"
"17403","Cyp4a12a","LOC111563375"
"17404","Cyp4a12b","LOC111563375"
"17405","","kcnk3b"
"17406","Mtarc1","marc1"
"17407","Hhipl2",""
"17408","Dcaf10","wdr32"
"17409","Pak1","pak1"
"17410","Cpxm1","cpxm1a"
"17411","Rprd1a",""
"17412","Dus3l","dus3l"
"17413","Ddah2",""
"17414","","LOC118470299"
"17415","","LOC111563792"
"17416","","LOC111575070"
"17417","","LOC111571159"
"17418","","LOC111565092"
"17419","Stt3b",""
"17420","Hax1",""
"17421","Cfap20","LOC111567387"
"17422","Slc45a4","LOC111567384"
"17423","Tcf7l1","tcf7l1b"
"17424","Mxd1","mxd1"
"17425","Angptl2","angptl2b"
"17426","Cox6a2","LOC111574329"
"17427","Sub1","sub1b"
"17428","","ulk1a"
"17429","Adgra2","adgra2"
"17430","Sebox","sebox"
"17431","","LOC111581214"
"17432","Eif4g1","LOC111577109"
"17433","Rwdd3","rwdd3"
"17434","Ccnd1","ccnd1"
"17435","Fgf15","fgf19"
"17436","Tlnrd1","tlnrd1"
"17437","","LOC129349575"
"17438","","LOC111582205"
"17439","","LOC111574916"
"17440","","LOC111574915"
"17441","Zpld2","LOC111586935"
"17442","Nipbl","LOC111566828"
"17443","","LOC111565057"
"17444","Noc4l","noc4l"
"17445","Mlana",""
"17446","Brd10",""
"17447","Coq4","coq4"
"17448","Rassf1","LOC129350955"
"17449","Galt","galt"
"17450","Slc39a12","LOC111584878"
"17451","Mrc1","mrc1a"
"17452","Rrad","rrad"
"17453","","cdh16"
"17454","Gtf2f2","gtf2f2a"
"17455","Ercc3","ercc3"
"17456","Add2","add2"
"17457","Gpalpp1",""
"17458","","LOC111564848"
"17459","Scg2","scg2a"
"17460","Ap1s3","ap1s3a"
"17461","Stard13","stard13b"
"17462","Tox4","tox4a"
"17463","Sgpp1","LOC111566662"
"17464","","LOC111577991"
"17465","Gnpat","gnpat2"
"17466","","si:rp71-1g18.1"
"17467","Lpin1","lpin1b"
"17468","Dzip3","zmp:0000000662"
"17469","Ube2d3","ube2d3"
"17470","Tmem30a","LOC111566654"
"17471","Filip1","LOC111566653"
"17472","Sh3bgrl2","sh3bgrl2"
"17473","Lca5","lca5"
"17474","Fez2","fez2b"
"17475","Manba","manba"
"17476","Fdft1","fdft1"
"17477","Bub1","bub1"
"17478","Hey2","hey2"
"17479","Kcnk2","LOC111568229"
"17480","","prkg3"
"17481","Ppp1r13b",""
"17482","Abhd1","LOC111568228"
"17483","Dyrk2",""
"17484","Pnpla8","pnpla8"
"17485","Rbm26","rbm26"
"17486","Slc39a8","slc39a8"
"17487","Nat8f5","nat8"
"17488","Nat8f3","nat8"
"17489","Nat8","nat8"
"17490","Nat8f2","nat8"
"17491","Nat8f6","nat8"
"17492","Nat8f1","nat8"
"17493","Nat8f4","nat8"
"17494","Nat8f7","nat8"
"17495","Alkbh1","alkbh1"
"17496","Dcaf5","dcaf5"
"17497","Ssc5d","LOC111588214"
"17498","Lgals3bp","LOC111588214"
"17499","Cd5","LOC111588214"
"17500","Cd5l","LOC111588214"
"17501","Vta1","vta1"
"17502","Gja1","gja1b"
"17503","Gja6","gja1b"
"17504","Tinag",""
"17505","Actn1","actn1"
"17506","Obi1","obi1"
"17507","Pou4f1","pou4f1"
"17508","Pcdh9","LOC111562565"
"17509","Sigmar1","sigmar1"
"17510","Pus1","pus1"
"17511","Ndufa8","ndufa8"
"17512","Glo1","LOC111574553"
"17513","Lpar1","lpar1"
"17514","Gpatch2","gpatch2"
"17515","Esrrg","LOC111578863"
"17516","","sox11b"
"17517","","LOC129350214"
"17518","","LOC111572005"
"17519","","LOC111572004"
"17520","","LOC111567252"
"17521","H1f6","LOC111572056"
"17522","Fam110c","fam110c"
"17523","Med13l","LOC111575345"
"17524","Pcdh20","LOC111562668"
"17525","Lratd1","lratd1"
"17526","Tdrd3","tdrd3"
"17527","Diaph3","LOC111562582"
"17528","","LOC111587240"
"17529","","LOC111581138"
"17530","","LOC111574980"
"17531","","LOC111588225"
"17532","","LOC111588223"
"17533","","LOC111588224"
"17534","Zc3h14","zc3h14"
"17535","Smc6","si:dkey-119f1.1"
"17536","Anapc7","anapc7"
"17537","","atp2a2a"
"17538","Itgbl1","itgbl1"
"17539","Dmtf1l","dmtf1"
"17540","Dmtf1","dmtf1"
"17541","Upf2",""
"17542","Akap14",""
"17543","","avpr2l"
"17544","Dnajb9","LOC111563683"
"17545","Strip2","strip2"
"17546","Kcnj8","kcnj8"
"17547","","LOC111585443"
"17548","Nxpe3","LOC118471493"
"17549","Slc35e3","slc35e3"
"17550","B3gnt5","b3gnt5a"
"17551","Camk1d","camk1da"
"17552","Npl","npl"
"17553","Rfc4","rfc4"
"17554","Mmachc","mmachc"
"17555","","LOC111564981"
"17556","","LOC111564982"
"17557","Edem3","edem3"
"17558","Hras",""
"17559","Furin","furinb"
"17560","Rps2","rps2"
"17561","Slc25a10","slc25a10a"
"17562","Ighm",""
"17563","Nherf1","nherf1b"
"17564","","si:ch211-11k18.4"
"17565","Eif3g","eif3g"
"17566","Sntb1","sntb1"
"17567","","LOC111579840"
"17568","Ccn3","ccn3"
"17569","Psma2","psma2a"
"17570","Washc5","washc5"
"17571","Aqp5",""
"17572","Aqp6",""
"17573","","nsmce2"
"17574","Arhgap17","arhgap17b"
"17575","","LOC111572974"
"17576","","LOC111566062"
"17577","","LOC111570770"
"17578","","LOC118470516"
"17579","Slc5a11","slc5a11"
"17580","Tmem230","tmem230b"
"17581","Adgrd1","adgrd1"
"17582","","si:ch211-137a8.4"
"17583","Nova1","nova2"
"17584","Ercc2",""
"17585","Dnajc27","dnajc27"
"17586","","LOC111566053"
"17587","Creg1","creg1"
"17588","Setdb2",""
"17589","F7","f7l"
"17590","F7","f7"
"17591","F7",""
"17592","F10","f10"
"17593","R3hdm1","LOC111575476"
"17594","Zranb3","zranb3"
"17595","Fgf14","fgf14"
"17596","Katnal2",""
"17597","Hat1","hat1"
"17598","Eif2b5",""
"17599","Tmem236",""
"17600","Hacd1","hacd1"
"17601","Colec12","LOC111584877"
"17602","Myl12a","myl12.1"
"17603","Myl12b","myl12.1"
"17604","Socs6","LOC111572403"
"17605","Ccnt2","LOC111575478"
"17606","Rnf6","rnf6"
"17607","Zc2hc1a","zc2hc1a"
"17608","Zhx1","LOC111572975"
"17609","Gsk3a","gsk3ab"
"17610","Tmem163","LOC111575473"
"17611","","mul3"
"17612","","LOC111580301"
"17613","","LOC111580297"
"17614","","LOC111577974"
"17615","Krt18","LOC111580296"
"17616","Proz","prozb"
"17617","Arl13b","arl13b"
"17618","Aamp",""
"17619","Klhl40","klhl40a"
"17620","Hhatl","hhatla"
"17621","Samm50","samm50l"
"17622","Ints15","ints15"
"17623","Rgs11","rgs11"
"17624","Erbb4","LOC111571821"
"17625","Polr1g","polr1g"
"17626","Irf2bp1","irf2bp1"
"17627","","foxa3"
"17628","Pld3","pld3"
"17629","Tbl1x","tbl1x"
"17630","Kcnk6","kcnk6"
"17631","","sertad3"
"17632","Blvrb","blvrb"
"17633","Sptbn4","LOC111583325"
"17634","B3galt2","LOC111575815"
"17635","","fkbp2"
"17636","Ncbp2as2",""
"17637","Tm4sf1","tm4sf18"
"17638","Ncbp2","ncbp2"
"17639","Meltf","meltf"
"17640","Foxd3","foxd3"
"17641","","LOC129347459"
"17642","","LOC111581058"
"17643","Inip","LOC111576993"
"17644","Gjb3","LOC111564335"
"17645","","LOC129350603"
"17646","","sox4a"
"17647","Tril","tril"
"17648","","LOC129350777"
"17649","","LOC129350643"
"17650","Gstt3","LOC111572204"
"17651","Gstt1","LOC111572204"
"17652","Gstt2","LOC111572204"
"17653","Gstt4","LOC111572204"
"17654","Gsto2","LOC111572204"
"17655","Gstt3","LOC129347240"
"17656","Gstt1","LOC129347240"
"17657","Gstt2","LOC129347240"
"17658","Gstt4","LOC129347240"
"17659","Gsto2","LOC129347240"
"17660","Gstt3","LOC111576129"
"17661","Gstt1","LOC111576129"
"17662","Gstt2","LOC111576129"
"17663","Gstt4","LOC111576129"
"17664","Gsto2","LOC111576129"
"17665","","LOC111576126"
"17666","Gpr143","gpr143"
"17667","Sytl5","sytl5"
"17668","","LOC111579756"
"17669","Sys1","sys1"
"17670","","LOC111579747"
"17671","","LOC111579748"
"17672","Inpp1","inpp1"
"17673","Dnajc14","dnajc14"
"17674","Chchd6","LOC111565892"
"17675","Smarcc2","smarcc2"
"17676","","kbtbd7"
"17677","","wu:fc50b12"
"17678","Slain1","slain1a"
"17679","Scel","scel"
"17680","Fhip1b",""
"17681","Nfe2l2","nfe2l2a"
"17682","","hnrnpa3"
"17683","Dcaf6","dcaf6"
"17684","Zcchc2","zcchc2"
"17685","Pabpn1","pabpn1"
"17686","Ngdn","ngdn"
"17687","Nrros","nrros"
"17688","Ift74",""
"17689","","LOC118469945"
"17690","Cebpe",""
"17691","Wac",""
"17692","","LOC111589188"
"17693","Sh3glb1","sh3glb1a"
"17694","Ube4a","ube4a"
"17695","Dsel","LOC111585095"
"17696","Slc22a17","slc22a17"
"17697","Myh6","LOC111587068"
"17698","","LOC111570850"
"17699","Cyb5d2",""
"17700","","LOC111570852"
"17701","","LOC111570849"
"17702","Zbtb14","zbtb14"
"17703","Zzef1","zzef1"
"17704","Erc2",""
"17705","Arhgap29","arhgap29a"
"17706","Kndc1","LOC111578244"
"17707","Smap1","smap1"
"17708","B3gat2","b3gat2"
"17709","Cpeb3","cpeb3"
"17710","Rcc1l","rcc1l"
"17711","Vav3","LOC111575561"
"17712","Psd","psda"
"17713","Zfp526","znf526"
"17714","9130401M01Rik",""
"17715","Fam83a",""
"17716","Tbc1d31","tbc1d31"
"17717","Rab3ip","rab3ip"
"17718","Tpm3-rs7",""
"17719","Tpm3",""
"17720","Fer1l4","fer1l4"
"17721","Yod1",""
"17722","AA986860","zgc:158258"
"17723","","LOC111582422"
"17724","Kif17","kif17"
"17725","Foxp4","foxp4"
"17726","","unm_sa1614"
"17727","Musk",""
"17728","","si:ch211-243g18.2"
"17729","Slc35e4","slc35e4"
"17730","Tbc1d10a","tbc1d10ab"
"17731","Figla","figla"
"17732","Uba5","uba5"
"17733","Hk2",""
"17734","Gsc2","LOC111568393"
"17735","Rnf185","rnf185"
"17736","","rbp4l"
"17737","Pmvk",""
"17738","Pde6b","pde6b"
"17739","Decr1","decr1"
"17740","Nphp3","nphp3"
"17741","6430550D23Rik","st3gal8"
"17742","Rem1","rem1"
"17743","","sh2d5"
"17744","Trib3","trib3"
"17745","Pnp","pnp4a"
"17746","Pnp2","pnp4a"
"17747","","atrip"
"17748","Hp1bp3","hp1bp3"
"17749","Eif4g3","eif4g3a"
"17750","Mettl4","mettl4"
"17751","Atp2a3","atp2a3"
"17752","Crem","LOC111563541"
"17753","Rmdn1","rmdn1"
"17754","Foxa2","foxa2"
"17755","Fmn1","LOC111562598"
"17756","Ktn1","ktn1"
"17757","","qkia"
"17758","Smchd1","smchd1"
"17759","Ttll5","ttll5"
"17760","Ipo13","LOC111564995"
"17761","Brpf1","brpf1"
"17762","","LOC111574190"
"17763","Fam110a","fam110a"
"17764","","LOC111572137"
"17765","Cpne3",""
"17766","Adrm1","LOC111572130"
"17767","Adrm1b","LOC111572130"
"17768","Lpin3","LOC111565884"
"17769","","usp54a"
"17770","Ddx20","ddx20"
"17771","Racgap1",""
"17772","Adcy6","LOC111567033"
"17773","","LOC111579060"
"17774","","LOC111580827"
"17775","Myl9","myl9b"
"17776","","rad54l2"
"17777","Septin14","zgc:63587"
"17778","Castor2",""
"17779","P2rx1","p2rx1"
"17780","Trappc14","LOC111570538"
"17781","Doc2b","doc2b"
"17782","Ptch1","ptch1"
"17783","Hnrnpl","hnrnpl"
"17784","Optn",""
"17785","Ccdc3","ccdc3a"
"17786","Apex1",""
"17787","Osgep",""
"17788","","si:ch211-214j24.10"
"17789","Scube1","scube1"
"17790","Oxct1","oxct1a"
"17791","Oxct2b","oxct1a"
"17792","Oxct2a","oxct1a"
"17793","Picalm","picalma"
"17794","Erc1","LOC111588123"
"17795","Cyb561d2","LOC111563231"
"17796","Cadps","cadpsb"
"17797","Crlf1","csf2rb"
"17798","Tnnt1","tnnt1"
"17799","Csnk1e","LOC111580808"
"17800","Kri1","kri1"
"17801","Spc24","spc24"
"17802","Gcat","gcat"
"17803","Rcn1","rcn1"
"17804","Pax6","pax6b"
"17805","Gbx1","gbx1"
"17806","Arhgef18","arhgef18a"
"17807","Micu3","micu3a"
"17808","Sppl2b","sppl2"
"17809","Pgap6","pgap6"
"17810","Fgf20","LOC111575016"
"17811","Lurap1","LOC111587573"
"17812","Cxcr4","LOC111571313"
"17813","Tmod1","tmod1"
"17814","Mcm6","mcm6"
"17815","Slc29a4","slc29a4a"
"17816","Kpna7",""
"17817","Slx4",""
"17818","Mcrip2","mcrip2"
"17819","Arpc1b",""
"17820","Arpc1b","arpc1b"
"17821","Ctdspl","LOC111577981"
"17822","","LOC111587233"
"17823","","LOC118469452"
"17824","Sash1","sash1a"
"17825","","LOC111568803"
"17826","Gprc5d","LOC111568802"
"17827","Gprc5a","LOC111568802"
"17828","Tmem184b","LOC111580809"
"17829","Nbea","nbeab"
"17830","Dhx33","dhx33"
"17831","","LOC111575018"
"17832","Xpa","xpa"
"17833","Slc8a2","slc8a2a"
"17834","Cdc14a",""
"17835","Zfp827","znf827"
"17836","Zdhhc5","LOC111568506"
"17837","Dnajb7",""
"17838","Dnajb8",""
"17839","Dnajb1",""
"17840","4930503B20Rik",""
"17841","Dnajb3",""
"17842","Prkaca","prkacab"
"17843","Prkacb","prkacab"
"17844","Tbcd","tbcd"
"17845","Vax1","vax1"
"17846","Kcnk18","kcnk18"
"17847","Yipf4","yipf4"
"17848","Adgra1","LOC111578248"
"17849","Zfp750",""
"17850","Metrnl","metrnla"
"17851","Atp5pd","atp5pd"
"17852","Fscn2","fscn2a"
"17853","Arhgdig","LOC111584011"
"17854","Tubb4b","tubb4bl"
"17855","Gbf1","gbf1"
"17856","Dnai4",""
"17857","Fam151a","fam151a"
"17858","Ankrd34a","LOC111569493"
"17859","","si:ch73-71c20.5"
"17860","Casp14",""
"17861","Pnp","pnp4b"
"17862","Pnp2","pnp4b"
"17863","Catip","catip"
"17864","Scgn","scgn"
"17865","Casp1","LOC111588089"
"17866","1810030O07Rik","LOC111588101"
"17867","Plpp3","LOC111587216"
"17868","Fyb2","si:ch211-188c16.1"
"17869","Pcdh8","LOC111588112"
"17870","Carmil1","LOC111578980"
"17871","Plcd1","LOC111577994"
"17872","Brinp1","brinp1"
"17873","Eng","eng"
"17874","Edf1","edf1"
"17875","Gcnt4","LOC111575361"
"17876","Olfm1","olfm1b"
"17877","Bdp1","zgc:162472"
"17878","Rtkn",""
"17879","Tia1","LOC111570346"
"17880","Plekhh2",""
"17881","Mprip","LOC111565344"
"17882","","LOC111573658"
"17883","Vac14",""
"17884","Rab37",""
"17885","Xylt2","xylt2"
"17886","Pan2","pan2"
"17887","Myh9","LOC111570689"
"17888","","kdm5c"
"17889","1600012H06Rik","c4h6orf120"
"17890","Susd2","susd2"
"17891","Mrpl21","mrpl21"
"17892","Slc2a7","slc2a15b"
"17893","","p2ry11"
"17894","Tuba4a","LOC111573660"
"17895","Natd1","natd1"
"17896","Acsf2","LOC111564602"
"17897","Thada","thada"
"17898","Exo1","exo1"
"17899","Ccnj","ccnj"
"17900","","pitx3"
"17901","Ide","ide"
"17902","Dmgdh","dmgdh"
"17903","Nmd3","nmd3"
"17904","Grem1","grem1b"
"17905","Exoc5",""
"17906","Marchf5","marchf5"
"17907","Ap5m1","ap5m1"
"17908","Slc35f4","slc35f4"
"17909","Zpld1","zpld1a"
"17910","Mtfp1","mtfp1"
"17911","Lman2l","lman2la"
"17912","Gusb",""
"17913","Aqr","aqr"
"17914","Nefl","nefla"
"17915","Pgam2","pgam2"
"17916","Stx2",""
"17917","Mmp17","mmp17a"
"17918","Crkl","crkl"
"17919","Ulk1","ulk1b"
"17920","Mmp17","LOC111578831"
"17921","Sfswap","sfswap"
"17922","Rassf6",""
"17923","Cmklr1","LOC111568396"
"17924","","LOC111567688"
"17925","Brf2","brf2"
"17926","Epx","mpx"
"17927","Wnt10b","wnt10b"
"17928","Wnt1","wnt1"
"17929","Exosc10","exosc10"
"17930","Prickle1","prickle1b"
"17931","Pphln1","pphln1"
"17932","Zcrb1","zcrb1"
"17933","Rab19","LOC111579800"
"17934","","LOC111579804"
"17935","Tes","tes"
"17936","Tesl1","tes"
"17937","Ifng","LOC118471830"
"17938","Rpl18a","rpl18a"
"17939","Capza2","LOC111572788"
"17940","Macroh2a2",""
"17941","Vps8","vps8"
"17942","Kif3b","kif3b"
"17943","Pofut1","pofut1"
"17944","","lrrc38a"
"17945","Sars1","sars1"
"17946","","si:ch211-207e14.4"
"17947","Dedd",""
"17948","Crebzf","crebzf"
"17949","Ccnq","ccnq"
"17950","Cfap126","cfap126"
"17951","Mgat4e","zgc:101663"
"17952","Mgat4f","zgc:101663"
"17953","Mgat4d","zgc:101663"
"17954","","tns2a"
"17955","Eps8","eps8a"
"17956","Magix","magixa"
"17957","Sox18","sox18"
"17958","","plxna3"
"17959","Borcs6","borcs6"
"17960","","si:dkey-72l14.3"
"17961","Cdk20",""
"17962","Gata1",""
"17963","Tmem106c","tmem106c"
"17964","","LOC111568684"
"17965","Elk1","elk1"
"17966","Uxt","uxt"
"17967","Mrpl49","mrpl49"
"17968","Las1l","las1l"
"17969","Elovl5","elovl5"
"17970","Myo16","myo16"
"17971","","LOC111571803"
"17972","Aldh18a1","LOC111571793"
"17973","","LOC111583554"
"17974","","LOC111565164"
"17975","Lmo7","lmo7a"
"17976","","LOC111565165"
"17977","Uchl3","uchl3"
"17978","Uchl4","uchl3"
"17979","Ints6",""
"17980","Akip1","akip1"
"17981","Hsd17b12","hsd17b12a"
"17982","Pdcd2l","pdcd2l"
"17983","Gadd45a","gadd45aa"
"17984","Ntng1","ntng1a"
"17985","Mapre2","mapre2"
"17986","Glul","LOC111570141"
"17987","","pbx1a"
"17988","Pard3","pard3aa"
"17989","Serpine3","serpine3"
"17990","Stk24","stk24a"
"17991","Rpl5","rpl5a"
"17992","Dipk1a","dipk1aa"
"17993","Glg1","glg1a"
"17994","Rnf11","LOC111577409"
"17995","Spidr","spidr"
"17996","Mfsd10","mfsd8l2"
"17997","Kcnmb3","kcnmb3"
"17998","","arl14"
"17999","Hfm1","hfm1"
"18000","Zp3","LOC111572750"
"18001","Mcm4","mcm4"
"18002","Fgf8","fgf8b"
"18003","Dpcd","dpcd"
"18004","Stox2","stox2a"
"18005","Casp3","casp3a"
"18006","Osbp","LOC111580237"
"18007","Septin5","septin5a"
"18008","Mtpap","mtpap"
"18009","Map3k8","map3k8"
"18010","Cpne3","LOC111565209"
"18011","Gm13889","c3h11orf96"
"18012","Cttnbp2","cttnbp2"
"18013","Slc7a10","slc7a10b"
"18014","St3gal4","st3gal4"
"18015","Lca5l",""
"18016","Slc5a2",""
"18017","Fgd5","LOC111566614"
"18018","Scn8a","scn8ab"
"18019","Dlx1","dlx1a"
"18020","Dlx2","dlx2a"
"18021","Gpr45","gpr45"
"18022","","pou3f3a"
"18023","","ankrd50l"
"18024","Mmp20","hpxa"
"18025","Mmp12","hpxa"
"18026","Mmp10","hpxa"
"18027","Mmp3","hpxa"
"18028","Mmp27","hpxa"
"18029","","LOC118470927"
"18030","Tnfsf13b","tnfsf13b"
"18031","Dop1b","dop1b"
"18032","Gpr156","gpr156"
"18033","Itprid2","itprid2"
"18034","Chrna1",""
"18035","","LOC111586134"
"18036","Arsb","arsb"
"18037","Ark2n","ark2n"
"18038","BC031181",""
"18039","Rad1",""
"18040","Phb2","LOC111580360"
"18041","Vkorc1l1","vkorc1l1"
"18042","Nccrp1","nccrp1"
"18043","C1qbp","c1qbp"
"18044","Znhit3","znhit3"
"18045","Brix1","bxdc2"
"18046","Myo19","LOC111572721"
"18047","Kcnt1","kcnt1a"
"18048","Pigw","LOC111572715"
"18049","Pigw","LOC111572714"
"18050","Ggnbp2","ggnbp2"
"18051","Hoxd3","hoxd3a"
"18052","Hoxd4","hoxd4a"
"18053","Hoxd9","hoxd9a"
"18054","Hoxd10","hoxd10a"
"18055","Hoxd11","hoxd11a"
"18056","Hoxd12","hoxd12a"
"18057","Evx2","evx2"
"18058","Srpx","srpx"
"18059","Dhrs11","dhrs11a"
"18060","Pdzd4","LOC111580314"
"18061","","ccdc187"
"18062","","tnfrsf9a"
"18063","Camkk1","camkk1a"
"18064","Dvl1","LOC111588351"
"18065","Mlxipl","LOC111564926"
"18066","Flot2","LOC111572708"
"18067","","si:ch211-167b20.8"
"18068","","hmga1a"
"18069","Smim29","smim29"
"18070","Hipk4",""
"18071","Tmcc1","tmcc1a"
"18072","Ogfr","ogfr"
"18073","Pm20d1","LOC111577398"
"18074","","LOC111568600"
"18075","Vcpip1","vcpip1"
"18076","Dusp28","dusp28"
"18077","Proc","proca"
"18078","Igsf9b","LOC111565633"
"18079","Dapk3","dapk3"
"18080","","ftr67"
"18081","","LOC129349741"
"18082","Eef1d","eef1da"
"18083","","LOC111570410"
"18084","Sag","saga"
"18085","Adcyap1r1","LOC111570408"
"18086","Srrm3","srrm3"
"18087","Eral1","eral1"
"18088","Fam222b","fam222ba"
"18089","Trpv2","trpv1"
"18090","Il1rl1",""
"18091","Rgcc","rgcc"
"18092","","calcrla"
"18093","Hmgcll1","hmgcll1"
"18094","Tdrd7","tdrd7a"
"18095","Pcm1","pcm1"
"18096","Col9a1","col9a1a"
"18097","Tgif2lx2","LOC111569913"
"18098","Tgif2lx1","LOC111569913"
"18099","Nde1","LOC111581297"
"18100","Samd1","samd1b"
"18101","Smarca1","smarca5"
"18102","","zgc:136908"
"18103","Klhl14","klhl14"
"18104","Ube2v2",""
"18105","","LOC111577395"
"18106","Pkn2","pkn2a"
"18107","","rex1bd"
"18108","Usp12","usp46"
"18109","Gp1bb","gp1bb"
"18110","Dhx37","dhx37"
"18111","Rasl11b","rasl11b"
"18112","Pfas","pfas"
"18113","Elp4","elp4"
"18114","Immp1l",""
"18115","","bcl2l10"
"18116","Myo5a","myo5aa"
"18117","","LOC111577389"
"18118","Nfasc","nfascb"
"18119","","cldn15la"
"18120","","tmeff1a"
"18121","Slc39a6","slc39a6"
"18122","Cavin4","cavin4a"
"18123","Tmem71","tmem71"
"18124","Ift57","ift57"
"18125","U2af1","u2af1"
"18126","Marchf11",""
"18127","Myo10",""
"18128","Cdc16","cdc16"
"18129","","phc3"
"18130","Fyco1",""
"18131","Nck2","nck2a"
"18132","Fhl2","fhl2a"
"18133","Mcoln3","mcoln3a"
"18134","AI597479",""
"18135","Lrrc58","lrrc58b"
"18136","Tmem182",""
"18137","Mfsd9","mfsd9"
"18138","Slc9a2","slc9a2"
"18139","Rlig1","rlig1"
"18140","Faap24","faap24"
"18141","Tdrd12",""
"18142","","ttbk1a"
"18143","Cep290","cep290"
"18144","Ndufb7","ndufb7"
"18145","Tecr","tecrb"
"18146","Panx1","LOC111581300"
"18147","Frem3","frem3"
"18148","Upf3a","upf3a"
"18149","Tox4","tox4b"
"18150","Supt16","supt16h"
"18151","","p2ry8"
"18152","","asmtl"
"18153","Pmm2","pmm2"
"18154","Asah1",""
"18155","","LOC111564321"
"18156","Frg1","frg1"
"18157","Syngr3","LOC111580855"
"18158","Cacna1h",""
"18159","","LOC111564319"
"18160","","LOC111564325"
"18161","","LOC129348128"
"18162","","LOC111583234"
"18163","","LOC118471777"
"18164","","LOC111583236"
"18165","Abhd13","abhd13"
"18166","Nr0b1","LOC111583961"
"18167","Itga6","itga6a"
"18168","Cd93","cd248a"
"18169","","LOC111564320"
"18170","Oxld1","oxld1"
"18171","Gprc5c","gprc5c"
"18172","Gpr142","gpr142"
"18173","Dnajc12","dnajc12"
"18174","Zfp267","si:ch211-198a12.6"
"18175","Zfp418","si:ch211-198a12.6"
"18176","Zfp940","si:ch211-198a12.6"
"18177","Zfp846","si:ch211-198a12.6"
"18178","Stox1","stox1"
"18179","Pptc7","LOC111570735"
"18180","Ccar1","ccar1"
"18181","Il11ra3","il11ra"
"18182","Il11ra1","il11ra"
"18183","Il11ra2","il11ra"
"18184","Il13ra1","il11ra"
"18185","Ghr","il11ra"
"18186","Il12rb1","il11ra"
"18187","Osmr","il11ra"
"18188","Il6ra","il11ra"
"18189","Il23r","il11ra"
"18190","Crlf2","il11ra"
"18191","Il2rg","il11ra"
"18192","Il27ra","il11ra"
"18193","","LOC111584534"
"18194","Sptssb","sptssb"
"18195","Otol1","otol1b"
"18196","","lim2.3"
"18197","","LOC129348138"
"18198","","zcchc10"
"18199","","LOC111562677"
"18200","Hspa4","hspa4a"
"18201","","LOC111562884"
"18202","","LOC111562890"
"18203","","LOC111586582"
"18204","","LOC111586580"
"18205","","LOC129348214"
"18206","","LOC111586581"
"18207","","LOC111586579"
"18208","Lao1","LOC111585379"
"18209","","LOC111570752"
"18210","Chmp6","chmp6b"
"18211","Ctdnep1",""
"18212","","LOC111580123"
"18213","Mat1a","LOC111581339"
"18214","","LOC111564317"
"18215","","basp1"
"18216","Adcy8","adcy8"
"18217","Asf1b","asf1bb"
"18218","Jag1","LOC111568504"
"18219","","bcl10"
"18220","Asb10","asb10"
"18221","Prkci",""
"18222","Gtf2b","gtf2b"
"18223","Lrrc8e","lrrc8da"
"18224","Pik3ca","LOC111581473"
"18225","Il12a",""
"18226","Pcdh17","pcdh17"
"18227","Nkpd1","nkpd1"
"18228","","lims1"
"18229","","LOC111572333"
"18230","Cacna1e",""
"18231","Ankrd27","ankrd27"
"18232","Zdhhc7","LOC111564057"
"18233","Tmed6",""
"18234","Mlkl","LOC111564060"
"18235","Rfwd3","rfwd3"
"18236","Mfge8","mfge8b"
"18237","Kcnip3","LOC111570726"
"18238","Rnf14","rnf14"
"18239","","endou2"
"18240","Sowaha",""
"18241","Pafah1b1","LOC111580877"
"18242","","mntb"
"18243","","LOC111587388"
"18244","Limk1","LOC111587400"
"18245","Rgl1","rgl1"
"18246","","LOC111584412"
"18247","Chdh","chdh"
"18248","","trim69"
"18249","Bmp1","LOC111567679"
"18250","Cyp2j8","LOC111570591"
"18251","Cyp2j6","LOC111570591"
"18252","Cyp2j5","LOC111570591"
"18253","Cyp2j7","LOC111570591"
"18254","Cyp2j11","LOC111570591"
"18255","Cyp2j12","LOC111570591"
"18256","Efr3a","efr3a"
"18257","Tmtc3","tmtc3"
"18258","Hapln3",""
"18259","St7","LOC111572781"
"18260","Cacna1d",""
"18261","","zgc:110319"
"18262","Nipsnap2","LOC111587401"
"18263","Nid1","nid1a"
"18264","Dcp1a","dcp1a"
"18265","Sema3b","sema3b"
"18266","Shpk","shpk"
"18267","Exoc3l2","exoc3l2a"
"18268","Cfap58","cfap58"
"18269","Mxra8","LOC111588360"
"18270","","slc2a4rg"
"18271","Zbtb46","zbtb46"
"18272","Emc6","emc6"
"18273","Csf1",""
"18274","Fmod",""
"18275","","ppp1r14aa"
"18276","Mapkapk2",""
"18277","Hspb1","hspb1"
"18278","","dlb"
"18279","Ywhag","ywhag1"
"18280","Tktl2",""
"18281","Fez1","fez1"
"18282","","LOC111577997"
"18283","Cnmd","LOC111588113"
"18284","Limd2",""
"18285","Meox1","meox1"
"18286","Xirp1","xirp1"
"18287","Elovl3","LOC111581330"
"18288","C8a","c8a"
"18289","Psd","LOC111572927"
"18290","Sugt1","sugt1"
"18291","C8b",""
"18292","Commd10","commd10"
"18293","Ap3s1","LOC111564694"
"18294","Cdo1","cdo1"
"18295","Cep78","cep78"
"18296","Ufd1","ufd1l"
"18297","2510002D24Rik","c6h22orf39"
"18298","Mrpl40","mrpl40"
"18299","Acaa2","acaa2"
"18300","Palmd","palmda"
"18301","Frrs1","frrs1a"
"18302","Agl","agla"
"18303","Gxylt2","gxylt2"
"18304","Aqp7","aqp7"
"18305","Tpgs2","tpgs2"
"18306","","zgc:153990"
"18307","Naaa","LOC111569668"
"18308","Dmbt1","LOC111567933"
"18309","Mst1r","mst1rb"
"18310","Esam","esama"
"18311","Msantd2","LOC111565632"
"18312","Mon1a","mon1a"
"18313","Traip",""
"18314","Robo3","robo3"
"18315","Stab2","stab2"
"18316","Top1","top1a"
"18317","","LOC111579799"
"18318","","ifng1"
"18319","Dusp16","dusp16"
"18320","Pus7l","pus7l"
"18321","Tspan12","tspan12"
"18322","Kcnd2","LOC111562829"
"18323","","il22"
"18324","Fuom","fuom"
"18325","Zfp511","znf511"
"18326","Msx3","msx3"
"18327","Adam8","adam8a"
"18328","Spef1l","spef1"
"18329","Dtnbp1",""
"18330","Erlin1",""
"18331","Mpped1",""
"18332","Efcab6",""
"18333","Spata21",""
"18334","Cenpv",""
"18335","Sult4a1","sult4a1"
"18336","Pnpla3","pnpla3"
"18337","Snx4",""
"18338","Mdm1","mdm1"
"18339","Socs2","socs2"
"18340","Gpr19","gpr19"
"18341","Cradd","cradd"
"18342","Ptpro","ptpro"
"18343","Naf1","naf1"
"18344","Uso1","uso1"
"18345","Dnajb11","dnajb11"
"18346","Pigl","pigl"
"18347","Ncor1","ncor1"
"18348","Shisa3","shisa3"
"18349","","enox2"
"18350","Lrrc23","lrrc23"
"18351","Wnk2",""
"18352","Cntn2","robo4"
"18353","Kcnd3","kcnd3"
"18354","Zswim7","zswim7"
"18355","Tmem218","tmem218"
"18356","P2rx5","p2rx5"
"18357","Scube3","scube3"
"18358","Capns1","capns1a"
"18359","Fcrl6","LOC111582466"
"18360","Zpld2","LOC111565129"
"18361","","rabgef1l"
"18362","Rpl6","rpl6"
"18363","BC048507","dynll1"
"18364","Dynll1","dynll1"
"18365","Drd2",""
"18366","Slc20a2","slc20a2"
"18367","Zfp719",""
"18368","Zfp141",""
"18369","Zfp386",""
"18370","B020011L13Rik",""
"18371","","LOC111577500"
"18372","Enkd1","enkd1"
"18373","","sytl2b"
"18374","Casp4","LOC111582467"
"18375","Vdac3","vdac3"
"18376","","LOC111589094"
"18377","","LOC111565900"
"18378","Dlgap4",""
"18379","Myl6b","myl6"
"18380","Myl6","myl6"
"18381","Tmt1a3",""
"18382","Tmt1a",""
"18383","Tmt1a2",""
"18384","Tmt1a3","LOC111588752"
"18385","Tmt1a","LOC111588752"
"18386","Tmt1a2","LOC111588752"
"18387","","atf1"
"18388","","LOC111565897"
"18389","Tbccd1","tbccd1"
"18390","Crygs","crygs2"
"18391","Igfbp5","igfbp5b"
"18392","Nova1","nova1"
"18393","Satb2",""
"18394","Maip1","maip1"
"18395","Tyw5","tyw5"
"18396","Tgm2","tgm2b"
"18397","Lrrfip1","lrrfip1a"
"18398","Rab17","LOC111580613"
"18399","F5","f5"
"18400","Kptn",""
"18401","","crx"
"18402","Pknox2",""
"18403","Slc4a3","slc4a3"
"18404","Ckm","ckma"
"18405","","mark4a"
"18406","Picalm","picalmb"
"18407","Arhgap32","arhgap32b"
"18408","Crebl2","crebl2"
"18409","Tbk1",""
"18410","","ndel1b"
"18411","Nbr1","nbr1b"
"18412","Fbxl16","LOC129347657"
"18413","Fbxl16","fbxl16"
"18414","","LOC111573691"
"18415","Mrtfb","mrtfbb"
"18416","Litafd",""
"18417","Tmem11","tmem11"
"18418","","si:dkey-282h22.5"
"18419","","si:ch211-120g10.1"
"18420","Nudt5","nudt5"
"18421","Arhgap44","arhgap44a"
"18422","Lrp6","lrp6"
"18423","Ttll12","ttll12"
"18424","Mrps17","mrps17"
"18425","Zfp346",""
"18426","Ndfip1","LOC111579558"
"18427","","LOC111582556"
"18428","Spry4","spry4"
"18429","","LOC111582557"
"18430","Ddit3","ddit3"
"18431","Pxmp4","pxmp4"
"18432","Larp1","larp1"
"18433","Errfi1","errfi1a"
"18434","Tgm6","tgm5l"
"18435","Epb42","tgm5l"
"18436","Tgm5","tgm5l"
"18437","Tgm3","tgm5l"
"18438","Tgm7","tgm5l"
"18439","Eya2","eya2"
"18440","","trim35-13"
"18441","Slc27a1",""
"18442","Cdc123","cdc123"
"18443","Cep83","cep83"
"18444","Map3k14","LOC111570768"
"18445","","LOC111570774"
"18446","Fam171a2","LOC111570785"
"18447","Crhr1","LOC111584347"
"18448","Slc38a4","slc38a4"
"18449","Chuk","LOC111581409"
"18450","Ttc27","ttc27"
"18451","","mansc1"
"18452","1810009A15Rik",""
"18453","Pthlh","pthlha"
"18454","Dennd6b","dennd6b"
"18455","","drd4-rs"
"18456","Gxylt1","gxylt1b"
"18457","","LOC111586839"
"18458","Cand2","cand1"
"18459","Cand1","cand1"
"18460","Foxo4","foxo4"
"18461","Bend4","LOC111583622"
"18462","Rab11fip5","rab11fip5b"
"18463","Sesn3",""
"18464","Sfxn5","sfxn5b"
"18465","Glt28d2","zgc:92907"
"18466","Smyd5","smyd5"
"18467","Sgms2","sgms2a"
"18468","","LOC111567247"
"18469","H1f6","LOC111567390"
"18470","Slit1","slit1b"
"18471","Zpld1","zpld1b"
"18472","","LOC111589098"
"18473","Bud23","bud23"
"18474","Zpld2","LOC111565131"
"18475","Dnajc30",""
"18476","Ptger1",""
"18477","Dhrs7b","dhrs7b"
"18478","Cramp1",""
"18479","Mrpl12","mrpl12"
"18480","","zgc:103625"
"18481","Hgs","hgs"
"18482","Gfra4","gfra4b"
"18483","Slc4a11","LOC111574465"
"18484","Slc5a3","slc5a3b"
"18485","Kcne2","LOC111578914"
"18486","Casq2","casq2"
"18487","B4galnt3","b4galnt3b"
"18488","Sh2b2","LOC111575972"
"18489","Cux1","cux1b"
"18490","Cic","cicb"
"18491","Derl1","derl1"
"18492","Zhx2","zhx2a"
"18493","Has2",""
"18494","","LOC111578979"
"18495","Tnfrsf11b","LOC111578984"
"18496","Zfp407",""
"18497","Med18","med18"
"18498","","LOC111563389"
"18499","Ptgr3","LOC111576213"
"18500","Tshz1","LOC111576212"
"18501","Zfp516",""
"18502","Scmh1","LOC111563379"
"18503","Grip1","grip1"
"18504","Zfp236","LOC111575590"
"18505","Grm6","grm6b"
"18506","Colec10","colec10"
"18507","Erf",""
"18508","","LOC129349582"
"18509","Mbp","LOC111580028"
"18510","Pou2f2",""
"18511","Mal2","mal2"
"18512","","zmp:0000000930"
"18513","Kiss1r","galr1a"
"18514","Iqgap3","iqgap3"
"18515","Pdk1",""
"18516","Fbxl3","LOC111562382"
"18517","Tgfbrap1","tgfbrap1"
"18518","Vps26b","vps26bl"
"18519","","si:dkey-103i16.6"
"18520","Wnk1","wnk1a"
"18521","Rad52","rad52"
"18522","Il12rb1","lifra"
"18523","Osmr","lifra"
"18524","Il6ra","lifra"
"18525","Il23r","lifra"
"18526","Crlf2","lifra"
"18527","Il2rg","lifra"
"18528","Il27ra","lifra"
"18529","Prr5","prr5a"
"18530","Ikbkb","ikbkb"
"18531","Panx3",""
"18532","Jam3","LOC111570546"
"18533","Bhlha9","bhlha9"
"18534","Omp","ompb"
"18535","Bcl2l13",""
"18536","Ergic2","LOC111583626"
"18537","","LOC129350529"
"18538","","LOC111571784"
"18539","Tlcd3a","tlcd3a"
"18540","Ubb",""
"18541","Xcr1","LOC111570413"
"18542","","LOC111570411"
"18543","","LOC129347241"
"18544","Neurod6","neurod6b"
"18545","Skil",""
"18546","","nadkb"
"18547","Magi2",""
"18548","Adm2","adm2b"
"18549","Miox","miox"
"18550","Cul4a",""
"18551","Lmf2","lmf2a"
"18552","Cimap1b","cimap1b"
"18553","Accsl","accs"
"18554","Rag1","rag1"
"18555","C2cd5","c2cd5"
"18556","Ccnd2","ccnd2a"
"18557","Cib1","LOC111563076"
"18558","Rccd1","LOC111563067"
"18559","Parp12","parp12a"
"18560","Ccdc113","cfap263"
"18561","Unc45a","unc45a"
"18562","","ppp1r9ala"
"18563","Rapgef4","rapgef4a"
"18564","Bhlhe40","bhlhe40"
"18565","Comt","comtb"
"18566","Srpk3","LOC111573978"
"18567","Scfd2","scfd2"
"18568","Lnx1",""
"18569","Gsx2","gsx2"
"18570","Pdgfra","pdgfra"
"18571","Cct6b","cct6a"
"18572","Sp3","sp3a"
"18573","Otc","otc"
"18574","","LOC111574466"
"18575","","wu:fb13g09"
"18576","","sumf2"
"18577","","LOC111589093"
"18578","Stx1a","stx1a"
"18579","","LOC111589092"
"18580","Slc13a2","slc13a2"
"18581","Unc119","unc119b"
"18582","Abhd11","abhd11"
"18583","Faxdc2",""
"18584","Macroh2a1","LOC111583370"
"18585","Cldn13","LOC111579990"
"18586","Cldn4","LOC111579990"
"18587","","LOC111580014"
"18588","Cldn13",""
"18589","Cldn4",""
"18590","","LOC111583868"
"18591","Mettl27","mettl27"
"18592","","nf2b"
"18593","Scn3b","scn3b"
"18594","","LOC111589102"
"18595","Cpne3","LOC111565233"
"18596","Prss45","plaua"
"18597","Vcl","LOC111581406"
"18598","Mapkapk3","mapkapk3"
"18599","Otp","otpa"
"18600","Camsap1","camsap1a"
"18601","Amigo2",""
"18602","Ano4","LOC111580605"
"18603","Mon1b","mon1bb"
"18604","Tcta","tcta"
"18605","Glyctk","glyctk"
"18606","Wdr82","wdr82"
"18607","Klhl33","si:dkey-260j18.2"
"18608","Sars2","sars2"
"18609","Tas1r3",""
"18610","Mmp24","mmp24"
"18611","Epg5","epg5"
"18612","Gpr149","LOC111587718"
"18613","Dhx36","dhx36"
"18614","Btc","btc"
"18615","Gng10",""
"18616","Nxnl2","nxnl2"
"18617","Csgalnact1","csgalnact1a"
"18618","Ak1","ak1"
"18619","Dtwd2","dtwd2"
"18620","Homer1","LOC111570343"
"18621","Arhgef26","LOC111587717"
"18622","Fscn2","fscn2b"
"18623","Faap100",""
"18624","Birc5","birc5a"
"18625","Bhlha15","bhlha15"
"18626","Tecpr1","tecpr1a"
"18627","Snx29","snx29"
"18628","Ncoa3","LOC111574181"
"18629","","LOC111572101"
"18630","Cr2",""
"18631","Cacnb3","cacnb3a"
"18632","Slc1a4","slc1a4"
"18633","","LOC111586548"
"18634","Prkaca",""
"18635","Prkacb",""
"18636","Csrnp1","LOC111586239"
"18637","","si:ch211-267e7.3"
"18638","Gorasp1","gorasp1a"
"18639","Ednrb","ednrba"
"18640","","zgc:92591"
"18641","Sec62","sec62"
"18642","Rnf2","rnf2"
"18643","Pde1c","pde1cb"
"18644","Oc90","oc90"
"18645","Kcnq3","kcnq3"
"18646","Cutal","zgc:63972"
"18647","","lhx5"
"18648","Lhfpl2","lhfpl2a"
"18649","Prag1","LOC111578580"
"18650","Map1b","map1b"
"18651","Ark2c","ark2ca"
"18652","Wdr41","wdr41"
"18653","Npas4","npas4a"
"18654","Efemp2","efemp2a"
"18655","Zfp622","znf622"
"18656","Wdr37",""
"18657","Arhgap26",""
"18658","Ccdc120","ccdc120b"
"18659","Mbd1","mbd1b"
"18660","Arpc4","LOC111572316"
"18661","Tada3","tada3l"
"18662","Camkv","LOC111573972"
"18663","Rbm38",""
"18664","","LOC111580162"
"18665","Lactb","lactb"
"18666","Dnajb9","dnajb9a"
"18667","Pnpla8","LOC111567056"
"18668","Pfkfb4","LOC111572310"
"18669","Sema4b","sema4ba"
"18670","Rccd1","LOC111575636"
"18671","Fibp","fibpa"
"18672","Ythdf3","ythdf3"
"18673","Adarb2",""
"18674","Abhd10","abhd10b"
"18675","Tagln3","tagln3b"
"18676","Slco1a6","LOC111563110"
"18677","Slco1a5","LOC111563110"
"18678","Slco1a1","LOC111563110"
"18679","Slco1a7","LOC111563110"
"18680","Slco1a4","LOC111563110"
"18681","Slco1a8","LOC111563110"
"18682","C1qtnf9","c1qtnf9"
"18683","Ccdc85b","ccdc85b"
"18684","Fosl1","fosl1a"
"18685","Yif1a","yif1a"
"18686","Lpin2","LOC111569340"
"18687","","LOC129349927"
"18688","Fzd8","LOC111575895"
"18689","","LOC111580507"
"18690","Dnajc1","LOC111577606"
"18691","Chic1","chic1"
"18692","","lnx2b"
"18693","Bfsp2","LOC129349911"
"18694","Ccr9",""
"18695","Tmx3","LOC129349932"
"18696","Peli2","peli2"
"18697","Arhgap11a","arhgap11a"
"18698","","LOC111580497"
"18699","Aspg","aspg"
"18700","Cyp2j8","LOC111571231"
"18701","Cyp2j6","LOC111571231"
"18702","Cyp2j5","LOC111571231"
"18703","Cyp2j7","LOC111571231"
"18704","Cyp2j11","LOC111571231"
"18705","Cyp2j12","LOC111571231"
"18706","Tgfb3","tgfb3"
"18707","Klhdc1","LOC111573293"
"18708","Pgf","pgfb"
"18709","Pax1","pax1a"
"18710","Tmem260","tmem260"
"18711","Acta1","LOC111562555"
"18712","Acta1","acta1a"
"18713","Acta1","actc1a"
"18714","","zgc:101583"
"18715","Timm8a1","timm8a"
"18716","Timm8a2","timm8a"
"18717","Mrpl11","mrpl11"
"18718","","tmem265"
"18719","Med12","med12"
"18720","Mars2","mars2"
"18721","","cdx4"
"18722","Slc25a43","slc25a43"
"18723","","slc25a5"
"18724","Zbtb5","LOC111572168"
"18725","","col10a1a"
"18726","Pcdhgb5","LOC111566367"
"18727","Pcdhgb4","LOC111566367"
"18728","","LOC129350296"
"18729","","LOC129349975"
"18730","","LOC129348531"
"18731","","LOC129350433"
"18732","","LOC129348515"
"18733","","LOC129350286"
"18734","Mir25",""
"18735","","tgfb5"
"18736","Ndufs8","ndufs8b"
"18737","Myom1","myom1b"
"18738","","znf710a"
"18739","Idh2","idh2"
"18740","","LOC111581795"
"18741","","LOC129347831"
"18742","Rrp36","rrp36"
"18743","","pcmtl"
"18744","Trp53bp2","LOC111571195"
"18745","Rpusd2","rpusd2"
"18746","Disp2","disp2"
"18747","","pkdccb"
"18748","","LOC129347829"
"18749","Eml1","eml1"
"18750","","scarb2a"
"18751","","LOC111574053"
"18752","","LOC111574052"
"18753","Ankrd16",""
"18754","Nxpe3","LOC111580606"
"18755","Ykt6","ykt6"
"18756","Gtpbp2","gtpbp2b"
"18757","Mthfd2l",""
"18758","","epgn"
"18759","Jak2",""
"18760","Pde8b","pde8b"
"18761","Xpo1","xpo1b"
"18762","Evl","evla"
"18763","Degs2","degs2"
"18764","Yy1","yy1a"
"18765","Tpp1",""
"18766","Psmd5",""
"18767","Gpsm1","gpsm1b"
"18768","Chchd10","chchd10"
"18769","Ddt","ddt"
"18770","Mark1","LOC111571194"
"18771","Sucnr1",""
"18772","Rnf26rt","rnf26"
"18773","Rnf26","rnf26"
"18774","Gm49380","rnf26"
"18775","","LOC111575858"
"18776","","LOC118470067"
"18777","Snora15","LOC111564771"
"18778","","LOC111564769"
"18779","Mir132",""
"18780","Bcap29","LOC111580675"
"18781","","LOC129349383"
"18782","Plpp1","plpp1a"
"18783","","LOC111566022"
"18784","","LOC111566033"
"18785","Mtrex","mtrex"
"18786","","LOC111574541"
"18787","Rnf7l","rnf7"
"18788","Rnf7","rnf7"
"18789","Tmem255b","LOC111586021"
"18790","Tirap",""
"18791","Tmem25","LOC111574531"
"18792","Slitrk3","slitrk3a"
"18793","Srpra","srpra"
"18794","Fam118b","fam118b"
"18795","Rasa2","rasa2"
"18796","Rae1","rae1"
"18797","Bmp7","LOC111570498"
"18798","","LOC111570506"
"18799","Dbndd2",""
"18800","Lsm14b","LOC111570505"
"18801","Fam83d","fam83d"
"18802","Zhx3",""
"18803","Cdh4","cdh4"
"18804","Xrn2","xrn2"
"18805","Nkx2-4","nkx2.4b"
"18806","Trim62","trim62.1"
"18807","","nkx2.2b"
"18808","Arhgap11a",""
"18809","Zfp362","znf362a"
"18810","Cish","LOC111585425"
"18811","Serac1","serac1"
"18812","Dnajc24","dnajc24"
"18813","Hemk1","hemk1"
"18814","Nprl2",""
"18815","Zmynd10","zmynd10"
"18816","","slc12a5a"
"18817","","si:dkey-109j17.5"
"18818","Ninj1",""
"18819","","LOC111588735"
"18820","Rbm10","rbm10"
"18821","Rhoa","LOC111573843"
"18822","Usp21",""
"18823","","arhgef3l"
"18824","Rttn","rttn"
"18825","Cd226","cd226"
"18826","Dok6","dok6"
"18827","Prlh","prlh2"
"18828","","myripb"
"18829","Slc9a9",""
"18830","Adpgk","adpgk"
"18831","Rp2",""
"18832","Trpc1","trpc1"
"18833","Wnt2","wnt2"
"18834","Dusp6","dusp6"
"18835","Acan","acanb"
"18836","Cwc22rt2","cwc22"
"18837","Cwc22rt1","cwc22"
"18838","Cwc22rt6","cwc22"
"18839","Cwc22rt3","cwc22"
"18840","Cwc22rt7","cwc22"
"18841","Cwc22","cwc22"
"18842","Cwc22rt5","cwc22"
"18843","Cwc22rt4","cwc22"
"18844","Asz1","asz1"
"18845","Hps4",""
"18846","","si:ch211-170d8.2"
"18847","Npffr1",""
"18848","Cftr","cftr"
"18849","Adam28","adam28"
"18850","Pcolce2","pcolce2b"
"18851","Eps8l3",""
"18852","Nfe2","nfe2"
"18853","","hnrnpa1b"
"18854","Cbx5","cbx5"
"18855","","zgc:195245"
"18856","Ctnnbip1","ctnnbip1"
"18857","Aarsd1","aarsd1"
"18858","Cabp5","cabp5a"
"18859","","brsk1a"
"18860","Golga7","golga7"
"18861","Ptprg","ca16b"
"18862","Elf1","LOC111588084"
"18863","Suco","LOC111587094"
"18864","Slc25a30",""
"18865","Cdh12","LOC111569792"
"18866","Gad1","LOC111588076"
"18867","Tlcd3b","tlcd3bb"
"18868","Pagr1a","pagr1"
"18869","Gm42742","pagr1"
"18870","Meiob","meiob"
"18871","Mlst8","mlst8"
"18872","Mtfr1","mtfr1"
"18873","Armc1","armc1"
"18874","Ndufb4","ndufb4"
"18875","Hgd","hgd"
"18876","Bricd5","bricd5"
"18877","Pgp","pgp"
"18878","Zdhhc4",""
"18879","Grid2ip","grid2ipb"
"18880","Atl2","LOC111571197"
"18881","Mprip","si:ch73-103b11.2"
"18882","Phf5a","phf5a"
"18883","Pus3","pus3"
"18884","Dcakd","dcakd"
"18885","Ptges3l","ptges3l"
"18886","Khdrbs1","khdrbs1a"
"18887","Tmem235","tmem235b"
"18888","Tmem39b","tmem39b"
"18889","Mis18bp1","mis18bp1"
"18890","","LOC111584606"
"18891","","LOC111584607"
"18892","Htra2",""
"18893","Plekha4","si:ch211-234p6.5"
"18894","Hif1a",""
"18895","Ppfia3","LOC111584611"
"18896","Idi2l","idi1"
"18897","Idi1","idi1"
"18898","Idi2","idi1"
"18899","Wdr37","LOC111565255"
"18900","","cntn3a.1"
"18901","Pex14","pex14"
"18902","Dffa","dffa"
"18903","","zgc:174906"
"18904","Csad","csad"
"18905","Col13a1",""
"18906","Asrgl1","asrgl1"
"18907","Igfbp2","igfbp2b"
"18908","Utp14a","si:dkey-251i10.3"
"18909","Utp14b","si:dkey-251i10.3"
"18910","","LOC129350053"
"18911","","erich2"
"18912","","LOC129350110"
"18913","","LOC129350109"
"18914","","LOC111584622"
"18915","","LOC111583934"
"18916","Wdr48","LOC129349778"
"18917","","LOC111583960"
"18918","","LOC111565447"
"18919","","LOC111565441"
"18920","","LOC111564409"
"18921","","LOC111564402"
"18922","Srgap1","srgap1a"
"18923","Lamtor5","lamtor5"
"18924","Prkar2a","prkar2aa"
"18925","Ppp1r14d","ppp1r14d"
"18926","Zfyve19","zfyve19"
"18927","Il1rapl1","il1rapl1a"
"18928","Bub1b","bub1bb"
"18929","Pak6","LOC111578066"
"18930","","msrab"
"18931","Id3",""
"18932","Baiap2l1","baiap2l1a"
"18933","Col12a1","col12a1a"
"18934","Gtf2h5",""
"18935","Plb1","LOC111578341"
"18936","Il31ra","LOC111583152"
"18937","Arv1","arv1"
"18938","Fam89a","fam89a"
"18939","Trank1","fam89a"
"18940","Esco2","esco2"
"18941","Ift172","ift172"
"18942","","LOC111565467"
"18943","Rngtt","rngtt"
"18944","Mtss1","LOC111578981"
"18945","Dedd2","dedd1"
"18946","Tmem65","LOC111578982"
"18947","Ctps1","LOC111563374"
"18948","Adarb2","adarb2"
"18949","Frrs1","frrs1b"
"18950","Palmd",""
"18951","Slc12a7","slc12a7b"
"18952","Ccz1","ccz1"
"18953","Kif1b","kif1b"
"18954","Rimoc1","rimoc1"
"18955","Fbxo4","fbxo4"
"18956","Aqp3","aqp3a"
"18957","","nipbla"
"18958","Prr12","prr12a"
"18959","Irf3","irf3"
"18960","","si:dkey-94f20.4"
"18961","Trpm4","LOC111584597"
"18962","Kctd5","kctd5b"
"18963","Pdpk1","pdpk1b"
"18964","Caln1","caln2"
"18965","","pitx1"
"18966","Sdf2","sdf2"
"18967","Supt6","supt6h"
"18968","Depdc1b","depdc1b"
"18969","Tmem79",""
"18970","Arhgef2","arhgef2"
"18971","Gad1","gad1a"
"18972","Dclk1","LOC111563678"
"18973","Thbs4","thbs4a"
"18974","Mrps23","mrps23"
"18975","Smtnl2","smtnl"
"18976","Spart","spartb"
"18977","Gbe1","gbe1b"
"18978","Camk2b","camk2b1"
"18979","Copz1",""
"18980","Esr2",""
"18981","Steap2","steap2"
"18982","Plag1","plag1"
"18983","Chchd7",""
"18984","Zeb1","zeb1b"
"18985","Cibar2",""
"18986","Irf9",""
"18987","","cul2"
"18988","Prcp","prcp"
"18989","Gfod1","gfod1"
"18990","Plat","plat"
"18991","Kif5b","LOC111563526"
"18992","Spef2",""
"18993","Ugt3a2","LOC111564680"
"18994","Ugt3a1","LOC111564680"
"18995","Lhx6",""
"18996","","zgc:158260"
"18997","Ccdc158","LOC111580414"
"18998","Gck","gck"
"18999","Mlec","mlec"
"19000","Cabp1","cabp1a"
"19001","","ppp3cca"
"19002","Cacna1s","LOC111581021"
"19003","Hook1",""
"19004","Gpsm3","LOC111587981"
"19005","Gnrhr","gnrhr1"
"19006","Cited4","cited4b"
"19007","Sall3","sall3a"
"19008","Rabac1","rabac1"
"19009","Nfatc1","LOC111564871"
"19010","","LOC111564770"
"19011","Mboat1","mboat1"
"19012","Hdx","hdx"
"19013","E2f3","LOC111572932"
"19014","Cdkal1","cdkal1"
"19015","Tex16","si:ch211-26b3.4"
"19016","","pax1b"
"19017","","gbp"
"19018","","LOC111567576"
"19019","Ctnna1","ctnna1"
"19020","","LOC129349602"
"19021","","LOC111572983"
"19022","","LOC111564202"
"19023","","LOC111578975"
"19024","Ctdspl2","ctdspl2a"
"19025","Dhtkd1","dhtkd1"
"19026","Slc7a1","LOC111563620"
"19027","","zgc:152830"
"19028","Pdxp","pdxp"
"19029","Mrps36","kgd4"
"19030","Bhmt2",""
"19031","Bhmt",""
"19032","Bhmt1b",""
"19033","","mtnr1ba"
"19034","Gal3st2c","gal3st2"
"19035","Gal3st2b","gal3st2"
"19036","Gal3st2","gal3st2"
"19037","","dhrs13b.2"
"19038","Gemin4","gemin4"
"19039","Tlcd3a","LOC111562702"
"19040","Dhrs13","dhrs13b.1"
"19041","","smc5"
"19042","Inpp5k","inpp5ka"
"19043","Pitpna","LOC111562705"
"19044","Xaf1",""
"19045","Tekt1","tekt1"
"19046","Thrsp","thrsp"
"19047","Ndufa12","ndufa12"
"19048","","LOC111563623"
"19049","Ncaph2","ncaph2"
"19050","1700109H08Rik","guca1c"
"19051","Hpcal4","guca1c"
"19052","Best3","LOC111568281"
"19053","Ndufc2","ndufc2"
"19054","Rab30","rab30"
"19055","Slc43a2","LOC111562704"
"19056","Fat3","fat3a"
"19057","","LOC111568282"
"19058","Rassf3","rassf3"
"19059","Dgki",""
"19060","","her8.2"
"19061","Hes6","her13"
"19062","Bace1","bace1"
"19063","Mrpl14","mrpl14"
"19064","Sirt1","sirt1"
"19065","Btbd17",""
"19066","Ap3m1","ap3m1"
"19067","Map2k6","map2k6"
"19068","Cyp2j8","LOC111564998"
"19069","Cyp2j6","LOC111564998"
"19070","Cyp2j5","LOC111564998"
"19071","Cyp2j7","LOC111564998"
"19072","Cyp2j11","LOC111564998"
"19073","Cyp2j12","LOC111564998"
"19074","Adk","adka"
"19075","Cdh2","LOC111588740"
"19076","Psapl1","LOC111570736"
"19077","Sftpb","LOC111570736"
"19078","Mat2a","mat2aa"
"19079","","LOC111581404"
"19080","Dusp13b","dusp13a"
"19081","","zgc:153981"
"19082","Dusp13a","LOC111581405"
"19083","","LOC111581412"
"19084","Npy5r","LOC111581412"
"19085","Mcph1","mcph1"
"19086","Angpt2","angpt2a"
"19087","Agpat5","agpat5"
"19088","Tmem14a","tmem14a"
"19089","Gsta4","gsta.1"
"19090","Bag2","bag2"
"19091","Irf2bp2","irf2bp2a"
"19092","","tomm20a"
"19093","Oga","oga"
"19094","Bpnt1","bpnt1"
"19095","Sprtn",""
"19096","Exoc8","exoc8"
"19097","Mpv17","mpv17"
"19098","Scara3","scara3"
"19099","Clu","clu"
"19100","Cnr1","cnr1"
"19101","Ak7","LOC111589027"
"19102","Extl3",""
"19103","Dynlt1b","dynlt1b"
"19104","Dynlt1c","dynlt1b"
"19105","Dynlt1f","dynlt1b"
"19106","Dynlt1a","dynlt1b"
"19107","Tmem181a","tmem181"
"19108","","si:dkey-228d14.5"
"19109","","eif4e1c"
"19110","Tenm4","tenm4"
"19111","Heatr5b","heatr5b"
"19112","Tulp4","tulp4a"
"19113","Zfp740","znf740b"
"19114","Tardbp","tardbpa"
"19115","Mllt10","mllt10"
"19116","Arx","arxa"
"19117","Slc26a10","slc26a10"
"19118","U2surp","u2surp"
"19119","Creb3l2","creb3l2"
"19120","Smc1a",""
"19121","Ssbp1","ssbp1"
"19122","Lamb1",""
"19123","Mrps10","mrps10"
"19124","","si:ch211-51e12.7"
"19125","Msgn1",""
"19126","Gen1","LOC111582079"
"19127","Ppil6","ppil6"
"19128","Cd164","cd164"
"19129","Cep57l1","cep57l1"
"19130","Sesn1",""
"19131","Armc2","armc2"
"19132","Foxo6",""
"19133","","afg1lb"
"19134","Snx3","snx3"
"19135","Nr2e1","nr2e1"
"19136","Ostm1","ostm1"
"19137","","LOC111580081"
"19138","Cox7a2","LOC111580081"
"19139","Rfx6",""
"19140","Col12a1","col12a1b"
"19141","Ribc1","ribc1"
"19142","Prom2","prom2"
"19143","L1cam","l1cama"
"19144","Gpatch11","gpatch11"
"19145","Cacul1","cacul1"
"19146","Mypn","mypn"
"19147","Prr15","prr15lb"
"19148","Adgrb3","adgrb3"
"19149","Tbcc","tbcc"
"19150","Mrm1","mrm1"
"19151","","LOC111582457"
"19152","","LOC111585268"
"19153","","LOC111575695"
"19154","Samd11","samd11"
"19155","Huwe1","huwe1"
"19156","Trip12","trip12"
"19157","Cst11","si:busm1-57f23.1"
"19158","Cstl1","si:busm1-57f23.1"
"19159","Cst13","si:busm1-57f23.1"
"19160","Cst8","si:busm1-57f23.1"
"19161","Cst9","si:busm1-57f23.1"
"19162","Cstdc2","si:busm1-57f23.1"
"19163","Cstdc1","si:busm1-57f23.1"
"19164","Cst12","si:busm1-57f23.1"
"19165","Antxr1","antxr1b"
"19166","Ate1","LOC111571797"
"19167","Nr3c1","LOC111574492"
"19168","Snrnp25","snrnp25"
"19169","Cdip1",""
"19170","Polr3k","polr3k"
"19171","Tspan10","LOC111564619"
"19172","Poll",""
"19173","","lcor"
"19174","Morn4","LOC111578849"
"19175","Hoga1","hoga1"
"19176","Cnnm1","LOC111580396"
"19177","Got1","LOC111580410"
"19178","Sdk1","sdk1b"
"19179","Pcbd2","LOC111569201"
"19180","Txndc15","txndc15"
"19181","","rab34b"
"19182","Yipf5","yipf5"
"19183","Kctd16","kctd16b"
"19184","Grxcr2","LOC111574498"
"19185","","LOC111580017"
"19186","Gabrg2","gabrg2"
"19187","Rab23","rab23"
"19188","Prim2","prim2"
"19189","Dph3","dph3"
"19190","Arpc2","arpc2"
"19191","Pde6h","LOC111564656"
"19192","Ccdc137","ccdc137"
"19193","Gprc5c",""
"19194","Btbd17","btbd17b"
"19195","Aak1","LOC111567680"
"19196","Anxa4","anxa4"
"19197","Ramp1","LOC111563025"
"19198","","LOC111580286"
"19199","Acadl","acadl"
"19200","Jpt2",""
"19201","Recql5","recql5"
"19202","Mlip","mlip"
"19203","Olfm2","olfm2a"
"19204","","atf7ip2"
"19205","Sstr2","LOC111579434"
"19206","Arid4b","arid4b"
"19207","Usp22","LOC111579432"
"19208","","zmp:0000001167"
"19209","","LOC111582092"
"19210","","ankrd34c"
"19211","","rasgrf1"
"19212","","cldnk"
"19213","","btr02"
"19214","Rsad1","rsad1"
"19215","Ifitm10",""
"19216","Smg1","smg1"
"19217","","LOC111582418"
"19218","Ece1",""
"19219","","asic1c"
"19220","Map2k6","LOC111564651"
"19221","Hao1","hao1"
"19222","Hs3st3b1","hs3st3b1a"
"19223","Hs3st3a1","hs3st3b1a"
"19224","Ndst3","hs3st3b1a"
"19225","B3galnt2","b3galnt2"
"19226","Mapk8ip3","mapk8ip3"
"19227","Samd7","samd7"
"19228","Apod","LOC111565554"
"19229","Apod","LOC111565551"
"19230","Apod","apoda.1"
"19231","Vim","LOC111579533"
"19232","Ggps1",""
"19233","Mat1a",""
"19234","C1ql1","LOC111574793"
"19235","Tsr3","tsr3"
"19236","Gnptg",""
"19237","3110082I17Rik",""
"19238","C130050O18Rik","LOC118471434"
"19239","Aco2",""
"19240","Cdk5",""
"19241","","and2"
"19242","Tcea1","tcea1"
"19243","Abcb8","abcb8"
"19244","Ppp6r2","ppp6r2b"
"19245","Ccdc136","LOC111574671"
"19246","Ctsh",""
"19247","Coro1c","coro1cb"
"19248","Ssh1",""
"19249","","LOC111568395"
"19250","Sco2","LOC111562828"
"19251","Ccdc136","LOC111586897"
"19252","Eri1","eri1"
"19253","Yaf2","yaf2"
"19254","Tmcc3","tmcc3"
"19255","Irf5","irf5"
"19256","","zgc:154058"
"19257","","znf451"
"19258","","col9a1b"
"19259","Fam135a","fam135a"
"19260","","snai2"
"19261","Mex3d",""
"19262","Mbd3","mbd3a"
"19263","Mbd3l2","mbd3a"
"19264","Mbd3l1","mbd3a"
"19265","Uqcr11","LOC111572326"
"19266","Tcf3","tcf3a"
"19267","Flnc","LOC111585313"
"19268","Pprc1","pprc1"
"19269","Pkd2l1","pkd2l1"
"19270","Slc7a1","slc7a1a"
"19271","Nme3","nme3"
"19272","","gcgra"
"19273","Cdr2l","cdr2l"
"19274","Arhgdia","arhgdia"
"19275","Mgrn1","mgrn1b"
"19276","Emp2","emp2"
"19277","Med9","med9"
"19278","","LOC111579447"
"19279","Desi1","desi1a"
"19280","","zgc:55558"
"19281","","rasd2a"
"19282","Kcnj2","LOC111564616"
"19283","Kcnj16","LOC111564652"
"19284","","LOC111564618"
"19285","Tvp23b","zgc:112148"
"19286","Prpsap1","LOC111565338"
"19287","","zgc:153615"
"19288","Erich6","LOC111572728"
"19289","Selenot",""
"19290","","ccl20a.3"
"19291","Kcnmb2","kcnmb2a"
"19292","Efcab14",""
"19293","","LOC111567176"
"19294","Lrrtm2","lrrtm2"
"19295","Hnrnpll","LOC111575463"
"19296","Apool",""
"19297","Eda","eda"
"19298","Agtr2","LOC111571060"
"19299","Sh2d1a","sh2d1ab"
"19300","Tmem217rt","LOC118470107"
"19301","Pura","purab"
"19302","","atoh1b"
"19303","Pou3f4","LOC111569863"
"19304","Gm24507","LOC111577249"
"19305","Gm25663","LOC111577249"
"19306","Gm23897","LOC111577249"
"19307","Gm24507","LOC111577250"
"19308","Gm25663","LOC111577250"
"19309","Gm23897","LOC111577250"
"19310","Hdac4",""
"19311","Srsf11","LOC111567159"
"19312","Sntg1","sntg1"
"19313","Onecut3","onecut3b"
"19314","Tbl1xr1","tbl1xr1b"
"19315","Paxbp1","paxbp1"
"19316","Dclk2","LOC111574271"
"19317","","LOC111574268"
"19318","","LOC111567116"
"19319","Sms","sms"
"19320","Cygb",""
"19321","Nubp1","nubp1"
"19322","Tmem164","LOC111571979"
"19323","Vsig1","LOC111571984"
"19324","Lingo4","LOC111572309"
"19325","Lingo3","LOC111572309"
"19326","B3gnt5","b3gnt5b"
"19327","Sez6","LOC111571753"
"19328","St18","st18"
"19329","Eif2d",""
"19330","Mip","mipb"
"19331","Cdh26",""
"19332","","LOC111572112"
"19333","Dlgap4","dlgap4a"
"19334","Ccdc115","ccdc115"
"19335","Pcbp2","LOC111567031"
"19336","Acad11",""
"19337","Plac8l1","plac8l1"
"19338","","LOC111588653"
"19339","Nsrp1","nsrp1"
"19340","Ssh2","ssh2b"
"19341","","tial1"
"19342","Ecsit","ecsit"
"19343","Mllt3","mllt3"
"19344","Klc3","klc2"
"19345","Klc4","klc2"
"19346","Klc2","klc2"
"19347","","prkd4"
"19348","Bag3","bag3"
"19349","Mtg1",""
"19350","Mtf2",""
"19351","Sf3a2","sf3a2"
"19352","Plekhj1",""
"19353","Eif4a2","eif4a2"
"19354","Tmem163","tmem163a"
"19355","Hnmt","LOC111571844"
"19356","Hnmt","LOC111571846"
"19357","Spopl","spopla"
"19358","Asmt","asmt"
"19359","Nr4a2","nr4a2a"
"19360","Tmbim1","LOC111571825"
"19361","Dars1","dars1"
"19362","Epn2","epn2"
"19363","B9d1","b9d1"
"19364","Kcnj12","kcnj12b"
"19365","Pmp22",""
"19366","Cdc42ep4","LOC111564672"
"19367","","alyref"
"19368","Mcrip1","mcrip1"
"19369","Flii",""
"19370","Llgl1",""
"19371","Ackr4","ackr4b"
"19372","Inpp5f","inpp5f"
"19373","","si:ch211-285f17.1"
"19374","Blm","blm"
"19375","Lamp1","lamp1a"
"19376","Otud1","LOC111580547"
"19377","","LOC111587702"
"19378","Bhlhe22","bhlhe22"
"19379","Chst2","chst2b"
"19380","Kctd12","LOC111565062"
"19381","","LOC129348004"
"19382","","LOC129349850"
"19383","","LOC111572420"
"19384","","LOC111572421"
"19385","","LOC111572419"
"19386","","LOC111565977"
"19387","","LOC118470220"
"19388","","LOC111578441"
"19389","Snora31","LOC111564863"
"19390","Gm24165","LOC111564863"
"19391","Gm55862","LOC111564863"
"19392","Gm24240","LOC111564863"
"19393","Galns","galns"
"19394","","slc22a7a"
"19395","Atp13a5","si:dkey-28b4.8"
"19396","Atp1a4","si:dkey-28b4.8"
"19397","Atp2b2","si:dkey-28b4.8"
"19398","Tmod3","tmod2"
"19399","Tubb4b","LOC111584068"
"19400","","LOC111571592"
"19401","","camk2d1"
"19402","Dennd1c","dennd1c"
"19403","C3","LOC111584070"
"19404","C3","LOC111584067"
"19405","Arsj","arsj"
"19406","Mad2l1","mad2l1"
"19407","Pde5a","pde5ab"
"19408","Map3k12","map3k12"
"19409","Myo1h","myo1hb"
"19410","B230219D22Rik","c14h5orf24"
"19411","Lars1","lars1b"
"19412","Ube2h","LOC111586641"
"19413","Nup205","nup205"
"19414","C3","LOC111577931"
"19415","Pcmtd1","pcmtd1"
"19416","Rb1cc1","rb1cc1"
"19417","Uba7","uba1"
"19418","Fzr1","fzr1a"
"19419","","LOC129347923"
"19420","","LOC111583255"
"19421","","LOC111583254"
"19422","Foxp2",""
"19423","Tinf2","LOC111581859"
"19424","Fbxo15","LOC111583808"
"19425","Rbm27","rbm27"
"19426","Pou4f3","pou4f3"
"19427","Dcun1d1","dcun1d1"
"19428","Tes3-ps","dcun1d1"
"19429","","LOC111588649"
"19430","Msx3","msx2b"
"19431","Nsg2",""
"19432","Cpeb4","cpeb4b"
"19433","","kif2c"
"19434","Tenm3","LOC111562847"
"19435","Fgd4","fgd4a"
"19436","Phf12","phf12b"
"19437","Myo1c","LOC111562717"
"19438","Ubtd1","ubtd1a"
"19439","Tnks",""
"19440","Echs1","echs1"
"19441","Lmbrd1","lmbrd1"
"19442","Abhd15",""
"19443","Taok1","taok1b"
"19444","Mfsd10","mfsd1l"
"19445","Plce1","plce1"
"19446","","sacs2"
"19447","","LOC111562395"
"19448","Prmt2","prmt2"
"19449","Acmsd","acmsd"
"19450","Cxcr4","cxcr4b"
"19451","Kcnj3","kcnj3a"
"19452","Pard3b","pard3bb"
"19453","Adam5","si:ch1073-396h14.1"
"19454","Adam21","si:ch1073-396h14.1"
"19455","Adam29","si:ch1073-396h14.1"
"19456","Adam3","si:ch1073-396h14.1"
"19457","Adam26a","si:ch1073-396h14.1"
"19458","Adam34","si:ch1073-396h14.1"
"19459","Adam34l","si:ch1073-396h14.1"
"19460","Adam26b","si:ch1073-396h14.1"
"19461","Adam24","si:ch1073-396h14.1"
"19462","Adam6a","si:ch1073-396h14.1"
"19463","Adam6b","si:ch1073-396h14.1"
"19464","Nrp2","LOC111575676"
"19465","Lipi","LOC111586568"
"19466","Pnlip","LOC111586568"
"19467","Dnase2b","LOC111586961"
"19468","Uox","uox"
"19469","Samd13","samd13"
"19470","Col7a1","si:dkey-21p1.3"
"19471","Soat1","soat1"
"19472","Actn3",""
"19473","Marf1","LOC111581288"
"19474","Agap3","agap3"
"19475","Gpr119",""
"19476","Clk1","LOC111588604"
"19477","Dab2ip","dab2ipb"
"19478","Nell2","nell2a"
"19479","Abi3bp","LOC111570540"
"19480","Impg2","impg2b"
"19481","Krtap21-1",""
"19482","Senp7","senp7b"
"19483","Myl1","mylz3"
"19484","Atg9b","atg9b"
"19485","","LOC111565535"
"19486","Lrrcc1","lrrcc1"
"19487","","trim107"
"19488","Tpra1",""
"19489","E2f5","e2f5"
"19490","Ackr4","ackr4a"
"19491","Rgs20","rgs20"
"19492","Atp6v1h","atp6v1h"
"19493","Vstm2l","vstm2l"
"19494","","LOC111565882"
"19495","Lancl1",""
"19496","Eif4b","eif4ba"
"19497","Pln","pln1"
"19498","Mid1ip1","mid1ip1b"
"19499","Kcnk15",""
"19500","","LOC111565890"
"19501","Ogfr",""
"19502","","LOC129348675"
"19503","","LOC129347816"
"19504","Zmynd8","zmynd8"
"19505","","LOC111581851"
"19506","","LOC111580305"
"19507","","LOC111579726"
"19508","","LOC111580304"
"19509","Rnu4atac","LOC111575352"
"19510","","LOC111586014"
"19511","","LOC111575607"
"19512","","LOC111575481"
"19513","","LOC111575482"
"19514","","LOC111587108"
"19515","","LOC111584228"
"19516","","LOC129348346"
"19517","","LOC129348379"
"19518","","LOC129348378"
"19519","","LOC129348377"
"19520","","LOC129348376"
"19521","","LOC129348375"
"19522","","LOC129348373"
"19523","","LOC111570121"
"19524","","LOC129348356"
"19525","","LOC111567028"
"19526","","LOC111579659"
"19527","","LOC111585967"
"19528","","LOC111565025"
"19529","","LOC111585615"
"19530","","LOC129348345"
"19531","","LOC129348359"
"19532","","LOC111577176"
"19533","","LOC111587999"
"19534","","LOC129348372"
"19535","Obscn",""
"19536","","LOC129348347"
"19537","","LOC111575763"
"19538","Mir128-1",""
"19539","","LOC118470948"
"19540","","LOC111566547"
"19541","Oprk1","oprk1"
"19542","Chmp5","chmp5a"
"19543","Dlgap1","LOC111570365"
"19544","Bag1","bag1"
"19545","Myl12a","myl12.2"
"19546","Myl12b","myl12.2"
"19547","Guk1","guk1a"
"19548","2310033P09Rik","c10h1orf35"
"19549","Arf2","arf1"
"19550","","buc2l"
"19551","Myom1","myom1a"
"19552","","LOC111569370"
"19553","4833439L19Rik","LOC111569371"
"19554","Pof1b","pof1b"
"19555","","LOC111569372"
"19556","Pou5f2","pou4f4"
"19557","Zfp352","klf5l"
"19558","Klf17","klf5l"
"19559","Klf14","klf5l"
"19560","Klf8",""
"19561","Rbm41","rbm41"
"19562","Usp28","usp28"
"19563","Ccdc39","ccdc39"
"19564","","wu:fc46h12"
"19565","Cd200",""
"19566","Btbd2","LOC111572305"
"19567","","LOC111571817"
"19568","","LOC111564717"
"19569","Rufy3","rufy3"
"19570","Tsfm","tsfm"
"19571","Noc2l","noc2l"
"19572","Endou","endou"
"19573","Neurod4","LOC111566650"
"19574","","grsf1"
"19575","Zfp385a","LOC111566630"
"19576","Cdh6","LOC111588482"
"19577","Ugt2a3","LOC111580387"
"19578","Ugt1a6a","LOC111580387"
"19579","Ugt1a7c","LOC111580387"
"19580","Ugt1a6b","LOC111580387"
"19581","Ugt1a10","LOC111580387"
"19582","Ugt1a8","LOC111580387"
"19583","Ugt1a9","LOC111580387"
"19584","Ugt1a2","LOC111580387"
"19585","Ugt1a5","LOC111580387"
"19586","Ugt2a1","LOC111580387"
"19587","Ugt2a2","LOC111580387"
"19588","Ccng2","LOC111580407"
"19589","St8sia3","LOC111580389"
"19590","Rab27b","LOC111580390"
"19591","Poli","poli"
"19592","Dip2b","dip2bb"
"19593","Aen",""
"19594","Unc13a","LOC111572306"
"19595","Tal2","tal2"
"19596","Shoc1","shoc1"
"19597","Adamts3","adamts3"
"19598","Zfp385b",""
"19599","Cbs","cbsb"
"19600","Slc25a21","slc25a21"
"19601","Rps6ka5","rps6ka5"
"19602","Dhx29","dhx29"
"19603","Gdf2","gdf2"
"19604","","fgf21"
"19605","Slc35g1","slc35g1"
"19606","","pvalb9"
"19607","Uqcc4","LOC111580128"
"19608","1110038F14Rik","c18h8orf33"
"19609","Ncoa3","LOC111579940"
"19610","Anks3","anks3"
"19611","Id1",""
"19612","Trnt1","trnt1"
"19613","","avpr2b.1"
"19614","Wdr24","wdr24"
"19615","","zgc:112496"
"19616","Rhbdl1","rhbdl1"
"19617","","sulf2a"
"19618","H1f0",""
"19619","Rhot2","rhot2"
"19620","Abl2",""
"19621","Osbpl9","osbpl9"
"19622","","LOC111583119"
"19623","","arhgap46a"
"19624","Phf20","phf20a"
"19625","Ndrg3","ndrg3a"
"19626","Kcns3",""
"19627","Crip2",""
"19628","Fam241a",""
"19629","Utp25","utp25"
"19630","Slc7a15","zmp:0000001267"
"19631","Plekhh1","plekhh1"
"19632","","mab21l2"
"19633","Dctpp1","dctpp1"
"19634","","LOC111582479"
"19635","Mief1","mief1"
"19636","Slc17a7","slc17a7a"
"19637","Mettl18","mettl18"
"19638","Zdhhc16","zdhhc16a"
"19639","","LOC111563263"
"19640","","LOC111563264"
"19641","","LOC111583516"
"19642","","LOC111575025"
"19643","","LOC111575023"
"19644","","LOC111575027"
"19645","","LOC111583524"
"19646","","LOC111583522"
"19647","Ffar4","LOC118469867"
"19648","","LOC111583519"
"19649","","LOC111575026"
"19650","","LOC111575019"
"19651","","LOC111575022"
"19652","","LOC111583525"
"19653","","LOC111575024"
"19654","","LOC111583518"
"19655","Pde6c","LOC111564372"
"19656","","LOC111575021"
"19657","","LOC111583520"
"19658","","LOC111575020"
"19659","Spred2","spred2a"
"19660","","LOC111571854"
"19661","C3","LOC111584065"
"19662","Trpc4ap",""
"19663","Mbip",""
"19664","Pld1","pld1a"
"19665","Rbm14","rbm14b"
"19666","Ccs","LOC111575353"
"19667","Ing2","ing2"
"19668","Lurap1l","LOC111564117"
"19669","Elavl2","elavl2"
"19670","","LOC111587744"
"19671","Ache","ache"
"19672","Gal3st3","gal3st3"
"19673","","LOC111587491"
"19674","Pstpip2","pstpip2"
"19675","Scamp1","LOC111572642"
"19676","Crhbp","crhbp"
"19677","Tmem38b","tmem38b"
"19678","Lhx3","lhx3"
"19679","Esm1","esm1"
"19680","Jmy","jmy"
"19681","Ap3b1","ap3b1a"
"19682","","cd68"
"19683","Cldnd1","LOC111583239"
"19684","Acy3","LOC111583230"
"19685","","zanl"
"19686","Mzt2","mzt2b"
"19687","Zfta","zfta"
"19688","Adam19",""
"19689","Adam33",""
"19690","Nxph2","nxph2a"
"19691","Ercc1","ercc1"
"19692","Ttll11","ttll11"
"19693","B3galt9",""
"19694","Golph3l","LOC111564853"
"19695","Itga1","itga1"
"19696","Gcc2","LOC111575384"
"19697","Esyt3","esyt3"
"19698","Asic4","asic4a"
"19699","Ugt1a1","LOC111571828"
"19700","Cdk5r2",""
"19701","Dnah7c","dnah7"
"19702","Dnah7b","dnah7"
"19703","Dnah7a","dnah7"
"19704","Sis","si:ch211-236l14.4"
"19705","Mgam","si:ch211-236l14.4"
"19706","Mgam2-ps","si:ch211-236l14.4"
"19707","Bicd1","bicd1a"
"19708","Mrpl23","mrpl23"
"19709","Sema3a","sema3ab"
"19710","","casz1"
"19711","St8sia5","st8sia5"
"19712","Tkt","LOC111585907"
"19713","Npffr2","LOC111565442"
"19714","","si:ch211-244c8.4"
"19715","Cadm2",""
"19716","Add1","add1"
"19717","","LOC111580853"
"19718","Bmerb1","bmerb1"
"19719","Vegfc","vegfc"
"19720","Pgap4","pgap4"
"19721","Sfrp2","sfrp2"
"19722","Cyp2u1","LOC111570989"
"19723","Wipf2",""
"19724","Cdc6",""
"19725","Ccsap","ccsapa"
"19726","","prkg1l"
"19727","Nup133","nup133"
"19728","Msl3","LOC111571708"
"19729","Msl3l2","LOC111571708"
"19730","Ermn","LOC111583876"
"19731","Trim23","trim23"
"19732","Tmem45b","tmem45b"
"19733","Nfrkb","nfrkb"
"19734","Cnksr2","LOC111577633"
"19735","Pgrmc2","pgrmc2"
"19736","Ppwd1",""
"19737","Jag2","LOC111584144"
"19738","Mpdu1","mpdu1b"
"19739","Dmrta1","LOC111587745"
"19740","Usp53",""
"19741","","LOC111571757"
"19742","Rnf121","rnf121"
"19743","Gramd2b","LOC111580154"
"19744","","col27a1a"
"19745","Sox15","LOC111587501"
"19746","Sry","LOC111587501"
"19747","Sox12","LOC111587501"
"19748","Gba2","gba2"
"19749","Sema4d","sema4d"
"19750","Ribc2",""
"19751","Tbxas1","tbxas1"
"19752","D6Wsu163e","c3h12orf4"
"19753","","LOC111584623"
"19754","","LOC111588193"
"19755","Nubp2","nubp2"
"19756","Atp6v0c","atp6v0cb"
"19757","Rgp1","rgp1"
"19758","Fbxl9","fbxl9"
"19759","Elmo3","elmo3"
"19760","Tbc1d24","tbc1d24"
"19761","Mosmo","LOC111575375"
"19762","Msmp","msmp1"
"19763","","LOC111584629"
"19764","","ca15b"
"19765","Mmp20","mmp25b"
"19766","Mmp12","mmp25b"
"19767","Mmp10","mmp25b"
"19768","Mmp3","mmp25b"
"19769","Mmp27","mmp25b"
"19770","Lgi1","lgi1b"
"19771","Tlr13","lgi1b"
"19772","Lgi4","lgi1b"
"19773","Lrg1","lgi1b"
"19774","Lrrc26","lgi1b"
"19775","Pik3c3","pik3c3"
"19776","Irs3",""
"19777","","gucy2d"
"19778","","si:dkey-6n21.13"
"19779","Osbp","LOC111584839"
"19780","","LOC111575155"
"19781","Slx1b",""
"19782","Bola2","zgc:112271"
"19783","Rtn3","rtn3"
"19784","Slc16a13","slc16a13"
"19785","","LOC111565691"
"19786","Rassf1","rassf1"
"19787","Hdac7","LOC111563302"
"19788","","LOC111563308"
"19789","Ptgis","ptgis"
"19790","Kcnb2","kcnb1"
"19791","Slc48a1","LOC111563310"
"19792","Bap1","bap1"
"19793","Phf13","phf13"
"19794","Dnajc11","dnajc11b"
"19795","Klhl17","klhl17"
"19796","Rarg","rarga"
"19797","Mrps35","mrps35"
"19798","","nr1d4a"
"19799","Mansc4",""
"19800","Islr","islr2"
"19801","Mfsd5","mfsd5"
"19802","Stra6","stra6"
"19803","","si:dkey-178k16.1"
"19804","Eif2ak1","eif2ak1"
"19805","Ankrd61","LOC118470997"
"19806","Pms2","pms2"
"19807","Celf2","LOC111566794"
"19808","Myh15","myh7ba"
"19809","Ggt7",""
"19810","","cyld2"
"19811","Dnah1","LOC111565104"
"19812","","si:dkey-202e22.2"
"19813","Chchd4","chchd4a"
"19814","Sec61a1","LOC111565097"
"19815","Mpdz","LOC111564119"
"19816","Arhgap12","arhgap12b"
"19817","Vps37b","vps37ba"
"19818","Asphd2","asphd2"
"19819","Piwil1","piwil1"
"19820","Ip6k2","LOC111565099"
"19821","","LOC111565100"
"19822","Cidec",""
"19823","Zbtb14",""
"19824","Fbxo36","fbxo36a"
"19825","Ilvbl","ilvbl"
"19826","","LOC111577774"
"19827","Nrcam","LOC111567068"
"19828","Uqcrc1","LOC111588774"
"19829","","poc1b"
"19830","Exoc6b","exoc6b"
"19831","Arhgef4","arhgef4"
"19832","Ctbs","ctbs"
"19833","Spata1","spata1"
"19834","Lpl","lpla"
"19835","","prkacba"
"19836","Cldn23",""
"19837","Gm19410","si:dkey-88l16.3"
"19838","Safb","safb"
"19839","Eif4ebp1","LOC111565730"
"19840","Ank1","LOC111565724"
"19841","Edn3","edn3b"
"19842","Ttll9","ttll9"
"19843","Fam217b","fam217ba"
"19844","Fam217a","fam217ba"
"19845","Ppp1r3d","ppp1r3da"
"19846","Slc25a33","slc25a33"
"19847","","malt2"
"19848","Mrpl54","mrpl54"
"19849","Spsb1","spsb1"
"19850","Fam32a","fam32a"
"19851","Gpr157","gpr157"
"19852","Fh1",""
"19853","Slc2a5","LOC111570047"
"19854","Tor3a","tor3a"
"19855","Calr3","calr"
"19856","Calr4","calr"
"19857","","hdgfl2"
"19858","Ap3d1","ap3d1"
"19859","","nfkb2"
"19860","Mpc2","mpc2b"
"19861","Cpa1",""
"19862","Sik1","sik1"
"19863","Itprid1",""
"19864","","cdc34a"
"19865","Prmt6","prmt6"
"19866","Mos","mos"
"19867","Palm","palm1a"
"19868","","LOC129349628"
"19869","","LOC111565423"
"19870","","LOC111572833"
"19871","Iqca1","zgc:153738"
"19872","Serpinb8","LOC111565353"
"19873","Blnk","blnk"
"19874","Eps15","eps15"
"19875","Bcl11a","bcl11aa"
"19876","","foxg1b"
"19877","","LOC111566776"
"19878","","LOC111586825"
"19879","","LOC118471743"
"19880","","LOC129350528"
"19881","","LOC129349487"
"19882","","LOC129348888"
"19883","Inpp4a",""
"19884","Adgrl2","adgrl2a"
"19885","Dhrs4",""
"19886","Cbr3",""
"19887","Dhrs2",""
"19888","Gap43","gap43"
"19889","Mpzl3","mpzl3"
"19890","Mpzl2",""
"19891","Lsamp","lsamp"
"19892","Pid1","pid1"
"19893","Tagln","tagln"
"19894","Cbln3","cbln18"
"19895","Nudt8","nudt8"
"19896","","ftr86"
"19897","Mfrp","mfrp"
"19898","","si:ch1073-280e3.1"
"19899","Dner","dner"
"19900","Asb2","LOC111578902"
"19901","Fam181a","LOC111578972"
"19902","Otub2","LOC111578906"
"19903","Ddx24","ddx24"
"19904","Serpina10","LOC111578903"
"19905","Atxn3","atxn3"
"19906","Ubr1","ubr1"
"19907","Pnkp","pnkp"
"19908","Car6","ca6"
"19909","Clstn1","clstn1"
"19910","Fgd3","fgd"
"19911","","gpr84"
"19912","Tusc2","tusc2b"
"19913","Hyal2","hyal2b"
"19914","Abhd14a","abhd14a"
"19915","Acy1","LOC111563222"
"19916","","prph2la"
"19917","Plb1",""
"19918","Ypel5","LOC111573300"
"19919","Zbtb8os","zbtb8os"
"19920","","LOC111577897"
"19921","Mcf2l","mcf2la"
"19922","Ebp",""
"19923","Fkbpl","fkbpl"
"19924","","camkvl"
"19925","","LOC111583798"
"19926","Wnt2b","LOC111580681"
"19927","","LOC111573862"
"19928","Cttnbp2nl","LOC111574385"
"19929","Capza1b","capza1b"
"19930","Capza1","capza1b"
"19931","Cdadc1","cdadc1"
"19932","Cab39l","cab39l"
"19933","Csrnp3","LOC111571497"
"19934","Xirp2",""
"19935","Lima1",""
"19936","","LOC111586178"
"19937","Abcb11","LOC111564168"
"19938","Tkfc","tkfc"
"19939","","trim35-12"
"19940","Gipc1",""
"19941","","LOC111565336"
"19942","Sphk1","LOC111565381"
"19943","","LOC111579416"
"19944","","brd4"
"19945","Grin2a","grin2aa"
"19946","Sync","LOC111578025"
"19947","","si:dkey-157l19.2"
"19948","Oosp3","si:ch211-67f13.7"
"19949","Mfsd2a","LOC111577920"
"19950","","zgc:86839"
"19951","Klhl8","klhl8"
"19952","Aff1",""
"19953","F2rl1","f2rl1.2"
"19954","F2rl1","f2rl1.1"
"19955","F2r","LOC111572634"
"19956","Kyat1","kyat1"
"19957","Wdr90",""
"19958","Dus2","dus2"
"19959","","LOC111579684"
"19960","Slc24a4",""
"19961","Cd109","cd109"
"19962","","LOC111576438"
"19963","Ucn","uts1"
"19964","Tmem121","tmem121ab"
"19965","Trim54",""
"19966","Naa20","naa20"
"19967","Crnkl1","crnkl1"
"19968","Epha6","LOC111575382"
"19969","Dlx4","dlx4b"
"19970","","rsph10b"
"19971","Dlgap5","dlgap5"
"19972","","LOC111584631"
"19973","Uqcrc2","LOC111575370"
"19974","Surf6","surf6"
"19975","Surf1","LOC111564088"
"19976","Rpl7a",""
"19977","","gsdf"
"19978","Usp20","usp20"
"19979","Abcb9","abcb9"
"19980","2410002F23Rik","zgc:113436"
"19981","Fzd10","fzd10"
"19982","Lrrtm4","LOC111574311"
"19983","Ogfod2","ogfod2"
"19984","Slc4a5","slc4a5a"
"19985","Vmn2r2","LOC111588927"
"19986","Vmn2r4","LOC111588927"
"19987","Vmn2r3","LOC111588927"
"19988","Vmn2r1","LOC111588927"
"19989","Vmn2r6","LOC111588927"
"19990","Vmn2r7","LOC111588927"
"19991","Vmn2r128","LOC111588927"
"19992","Vmn2r5","LOC111588927"
"19993","Lmcd1","lmcd1"
"19994","Gmps","gmps"
"19995","Mcm2","mcm2"
"19996","","LOC111577967"
"19997","Plcb2","plcb2"
"19998","Bbof1","bbof1a"
"19999","Aldh6a1","aldh6a1"
"20000","Slc25a38","LOC111570695"
"20001","","syt5a"
"20002","Osbpl7","LOC111562455"
"20003","Hdac5","hdac5"
"20004","Ppip5k1",""
"20005","Adgrl3","LOC111564120"
"20006","Zcchc4","zcchc4"
"20007","","si:dkey-219e21.4"
"20008","Ppp3ca","LOC111567535"
"20009","Hipk1","hipk1b"
"20010","Tln2","tln2b"
"20011","C2cd4a","c2cd4a"
"20012","C2cd4b","c2cd4a"
"20013","Ppcdc","ppcdc"
"20014","","LOC111588195"
"20015","Hacd3","hacd3"
"20016","Arhgap17","arhgap17a"
"20017","Ints14","ints14"
"20018","Apeh","apeh"
"20019","Mcmbp",""
"20020","Slc24a1",""
"20021","Lysmd4","lysmd4"
"20022","Rgma","rgma"
"20023","Scamp5","scamp5a"
"20024","Ddb2","ddb2"
"20025","Ccdc9b","LOC111578140"
"20026","Kbtbd4","kbtbd4"
"20027","Gstz1","gstz1"
"20028","Rapsn","rapsn"
"20029","","zgc:163014"
"20030","Taf3","taf3"
"20031","Pkp3","pkp3a"
"20032","Sigirr","sigirr"
"20033","Tmcc3","LOC111574670"
"20034","Twf1","twf1a"
"20035","Bmp4","bmp4"
"20036","Lclat1","lclat1"
"20037","Erich1",""
"20038","Prkch",""
"20039","Irak4","irak4"
"20040","Nptn","LOC111587600"
"20041","Hcn4","LOC111587600"
"20042","Pkm","pkmb"
"20043","Afdn",""
"20044","Htr1d","htr1d"
"20045","Ubr7",""
"20046","Galnt16","galnt16"
"20047","Ptp4a1","ptp4a1"
"20048","Socs5","LOC111569157"
"20049","Socs4","LOC111569157"
"20050","Btbd7","btbd7"
"20051","Caskin1",""
"20052","Lbh","lbh"
"20053","Sfn","LOC111565932"
"20054","","si:ch211-195o20.7"
"20055","Taf5l","taf5l"
"20056","Cd109","LOC111569636"
"20057","Capn9","capn9"
"20058","Fam161b","fam161b"
"20059","Coq6","coq6"
"20060","Jade1",""
"20061","Ltv1",""
"20062","Chp1","chp1"
"20063","Zbtb24","zbtb24"
"20064","Txlnb","txlnbb"
"20065","Ptp4a2","LOC111581701"
"20066","Nanos1",""
"20067","Larp1b","larp1b"
"20068","","ifngr1"
"20069","Cacng3","cacng3a"
"20070","Nkx2-3","LOC111567264"
"20071","Slc25a28","LOC111567263"
"20072","Entpd7","LOC111567266"
"20073","","LOC111568256"
"20074","Chd6","chd6"
"20075","Fdx2","fdx2"
"20076","Rhoh","rhoh"
"20077","Hgsnat","hgsnat"
"20078","Tufm","tufm"
"20079","Cyp2j8","LOC111564990"
"20080","Cyp2j6","LOC111564990"
"20081","Cyp2j5","LOC111564990"
"20082","Cyp2j7","LOC111564990"
"20083","Cyp2j11","LOC111564990"
"20084","Cyp2j12","LOC111564990"
"20085","","LOC111588756"
"20086","Mavs",""
"20087","Taf4b","taf4b"
"20088","Ddx10","ddx10"
"20089","Cfap61","cfap61"
"20090","Kit","kita"
"20091","Cpsf2","cpsf2"
"20092","Ndufb1","LOC118470651"
"20093","Riox1","riox1"
"20094","","syt14b"
"20095","Clvs2","clvs2"
"20096","Zfp512","znf512"
"20097","Akap12",""
"20098","","LOC129350148"
"20099","Chrm5","chrm5b"
"20100","Insm1","insm1a"
"20101","","LOC129350132"
"20102","","LOC129349101"
"20103","","LOC129348933"
"20104","","LOC129348142"
"20105","Lpin2","lpin2"
"20106","","LOC111566964"
"20107","","LOC111566962"
"20108","","LOC111566963"
"20109","","LOC111566965"
"20110","Flvcr1","flvcr1"
"20111","","camk2d2"
"20112","","LOC111569331"
"20113","","marcksl1a"
"20114","","LOC111581699"
"20115","","neff2"
"20116","Mrps26","mrps26"
"20117","Loxl3","loxl3b"
"20118","","areg"
"20119","Dusp2","dusp2"
"20120","Cnnm4","LOC111580400"
"20121","","LOC111580754"
"20122","Pold1","pold1"
"20123","Plpp5","plpp5"
"20124","Adra2b","adra2b"
"20125","Il36rn","LOC111580399"
"20126","Il1f10","LOC111580399"
"20127","Il1b","LOC111580399"
"20128","Il36b","LOC111580399"
"20129","Il36a","LOC111580399"
"20130","Il36g","LOC111580399"
"20131","Il1rn","LOC111580399"
"20132","Cdc45","cdc45"
"20133","","tlr9"
"20134","Spats2","spats2"
"20135","Wnt5a",""
"20136","Emilin2","emilin2a"
"20137","Adcyap1","adcyap1b"
"20138","Yes1","yes1"
"20139","Tspan2","LOC111573867"
"20140","Cacna2d3",""
"20141","Lrtm1","LOC111570746"
"20142","Ngf","ngfa"
"20143","Kcna3","LOC111573864"
"20144","Kcna2","kcna2b"
"20145","Kcna10","kcna10a"
"20146","Pym1","pym1"
"20147","Mmp19","LOC111572128"
"20148","Mov10","LOC111580682"
"20149","Vps33a","vps33a"
"20150","Lgi1","LOC111564392"
"20151","Tlr13","LOC111564392"
"20152","Lgi4","LOC111564392"
"20153","Lrg1","LOC111564392"
"20154","Lrrc26","LOC111564392"
"20155","","LOC111570532"
"20156","","LOC111563282"
"20157","Gtf2h2","gtf2h2"
"20158","C1ql4",""
"20159","Srgap3","LOC111579185"
"20160","Gng4","LOC111573728"
"20161","Tmem130",""
"20162","Col19a1","LOC111562976"
"20163","Nptx2","nptx2b"
"20164","Cacng8","LOC111572536"
"20165","","LOC111566372"
"20166","Trrap","trrap"
"20167","Mark1","mark1"
"20168","Ocln",""
"20169","Marveld2",""
"20170","Rph3a","LOC111580367"
"20171","Tnrc6b","LOC111580802"
"20172","Card10","zmp:0000000896"
"20173","","LOC111587474"
"20174","Cdk5r1","LOC111566416"
"20175","Cyb561","LOC111588541"
"20176","Rpsa",""
"20177","Ubn2","ubn2b"
"20178","1700025G04Rik","zgc:92140"
"20179","Trir",""
"20180","Csdc2","csdc2b"
"20181","Colgalt2","colgalt2b"
"20182","Wipi2","wipi2"
"20183","Kat7","kat7b"
"20184","Olig1",""
"20185","Olig2","olig2"
"20186","","LOC111583684"
"20187","Fstl1",""
"20188","Entpd5","entpd5a"
"20189","Cyp2j8","LOC111564989"
"20190","Cyp2j6","LOC111564989"
"20191","Cyp2j5","LOC111564989"
"20192","Cyp2j7","LOC111564989"
"20193","Cyp2j11","LOC111564989"
"20194","Cyp2j12","LOC111564989"
"20195","Cyp2j8","LOC111586280"
"20196","Cyp2j6","LOC111586280"
"20197","Cyp2j5","LOC111586280"
"20198","Cyp2j7","LOC111586280"
"20199","Cyp2j11","LOC111586280"
"20200","Cyp2j12","LOC111586280"
"20201","Cyp2j8","LOC129349889"
"20202","Cyp2j6","LOC129349889"
"20203","Cyp2j5","LOC129349889"
"20204","Cyp2j7","LOC129349889"
"20205","Cyp2j11","LOC129349889"
"20206","Cyp2j12","LOC129349889"
"20207","","LOC111567268"
"20208","Cyp2j8","LOC111586282"
"20209","Cyp2j6","LOC111586282"
"20210","Cyp2j5","LOC111586282"
"20211","Cyp2j7","LOC111586282"
"20212","Cyp2j11","LOC111586282"
"20213","Cyp2j12","LOC111586282"
"20214","Atp6v0e2","atpv0e2"
"20215","Npy2r",""
"20216","Ntan1","ntan1"
"20217","Tnip2","tnip2"
"20218","Lgsn","lgsn"
"20219","Mal","LOC111572270"
"20220","Prkcb","LOC111581447"
"20221","Kdr","kdr"
"20222","Vangl1","LOC111578951"
"20223","Mettl5","mettl5"
"20224","Ssb","ssb"
"20225","Klhl23","klhl23"
"20226","Phgdh",""
"20227","Sp5","sp5a"
"20228","","cfap210"
"20229","Ppig","ppig"
"20230","Gpr161","gpr161a"
"20231","Fastkd1","fastkd1"
"20232","Bbs5","bbs5"
"20233","Cmss1","cmss1"
"20234","Filip1l","LOC111572877"
"20235","Tmem30c",""
"20236","Dcbld2",""
"20237","Fbln1","fbln1"
"20238","Stac","stac"
"20239","Ngb",""
"20240","Tmed8","tmed8"
"20241","Ivd","ivd"
"20242","","LOC111580401"
"20243","Gpat2","gpat2"
"20244","Npffr2","npffr2a"
"20245","Slc4a4","slc4a4a"
"20246","Slc33a1","slc33a1"
"20247","","LOC111579784"
"20248","","rps6kb1b"
"20249","Hadh","hadh"
"20250","Lef1","lef1"
"20251","Lims1","LOC111575387"
"20252","Ankrd10","ankrd10b"
"20253","","ube2al"
"20254","Agpat3","agpat3"
"20255","Pdxk","LOC111571837"
"20256","Arl6","LOC111575383"
"20257","","LOC111575391"
"20258","Cldn14","LOC111575392"
"20259","Slc39a10","slc39a10"
"20260","Mras","mrasa"
"20261","Ranbp2","ranbp2"
"20262","Sdf2l1","sdf2l1"
"20263","Tmem132d","LOC111582334"
"20264","Glt1d1","glt1d1"
"20265","Slc15a4","slc15a4"
"20266","Lrrtm4",""
"20267","Muc15","vsig8b"
"20268","Vsir","vsig8b"
"20269","Igsf5","vsig8b"
"20270","Htr3b","htr3b"
"20271","Htr3a","htr3a"
"20272","Dock5","dock5"
"20273","Rad50","rad50"
"20274","Ptger4","ptger4b"
"20275","","LOC111565425"
"20276","Shc3","shc3"
"20277","F2rl2","LOC111572640"
"20278","Miga2","miga2"
"20279","St6galnac4","st6galnac4"
"20280","Tmem174","tmem174"
"20281","St6galnac6","st6galnac6"
"20282","Spout1","spout1"
"20283","Dck","dck"
"20284","Mob1b","LOC111565433"
"20285","","tnca"
"20286","","actb2"
"20287","Ncam1",""
"20288","Zbtb16","zbtb16a"
"20289","Mthfd1","mthfd1b"
"20290","Fscn1","fscn1a"
"20291","","ccdc97"
"20292","","tspan34b"
"20293","Zfp653","znf653"
"20294","Tnrc18","tnrc18"
"20295","Aldh16a1","aldh16a1"
"20296","","si:dkeyp-69e1.8"
"20297","","si:dkey-4e7.3"
"20298","Coa5","LOC111565273"
"20299","Hmgxb4","hmgxb4a"
"20300","Cdc42ep1",""
"20301","Mgat4a","mgat4a"
"20302","Epor",""
"20303","Aoc2","aoc2"
"20304","Aoc3","aoc2"
"20305","Polr3h","polr3h"
"20306","Kat7",""
"20307","","LOC111574529"
"20308","","LOC111575908"
"20309","Tubd1","tubd1"
"20310","Pcsk7","pcsk7"
"20311","","tex30"
"20312","","LOC111575677"
"20313","","LOC111575680"
"20314","Wnt10a","wnt10a"
"20315","","sona"
"20316","Nlgn4l","LOC111562388"
"20317","Ncoa5","ncoa5"
"20318","Eif6","eif6"
"20319","Cfap65",""
"20320","Map1lc3a","map1lc3a"
"20321","Rassf1","LOC111579908"
"20322","","LOC111580965"
"20323","Wnt6","wnt6b"
"20324","Tusc2","tusc2a"
"20325","A3galt2","LOC111588016"
"20326","Dynlrb1","dynlrb1"
"20327","Capza1b","capza1a"
"20328","Capza1","capza1a"
"20329","","LOC111584968"
"20330","","skib"
"20331","Fam83c","fam83c"
"20332","","si:dkey-264d12.5"
"20333","Emp3","emp3a"
"20334","Fam83f","fam83e"
"20335","Fam83e","fam83e"
"20336","Ttyh2","LOC111564645"
"20337","Adsl","adsl"
"20338","","si:dkey-183j2.10"
"20339","Brpf3",""
"20340","Utp3","utp3"
"20341","Ppcs","ppcs"
"20342","Foxj3","foxj3"
"20343","Lgalsl","LOC111572271"
"20344","Lgalsl2","LOC111572271"
"20345","Slc29a2","LOC111572258"
"20346","Gpank1",""
"20347","","LOC111567269"
"20348","Hyls1",""
"20349","Mrpl4","mrpl4"
"20350","","si:dkey-110g7.8"
"20351","","LOC111579423"
"20352","Sdk2","sdk2a"
"20353","Tespa1",""
"20354","B9d2","b9d2"
"20355","","LOC129350618"
"20356","Mtus1","LOC111585880"
"20357","","LOC129347578"
"20358","","LOC111585881"
"20359","Mcub","LOC111579217"
"20360","Casp6","LOC111578659"
"20361","","LOC129349294"
"20362","Fam161a",""
"20363","Peli1","LOC111572257"
"20364","","LOC111571429"
"20365","Patl1","patl1"
"20366","Prelid3b","prelid3b"
"20367","Myg1","myg1"
"20368","Twf2",""
"20369","Fat1","fat1a"
"20370","","LOC111584700"
"20371","","LOC111575779"
"20372","","LOC111571037"
"20373","Ell",""
"20374","Ptbp1","ptbp1a"
"20375","","si:ch211-131k2.2"
"20376","","pvalb3"
"20377","Nlrc3","nlrc3"
"20378","Shisa8","shisa8b"
"20379","Lcmt1","lcmt1"
"20380","Psmc5","psmc5"
"20381","Ing1","ing1"
"20382","Creg2",""
"20383","Nalf1","LOC111566603"
"20384","Cckbr","cckbrb"
"20385","Cckbr",""
"20386","Smagp","zgc:113337"
"20387","Cd200l2","zgc:113337"
"20388","Cd200l1","zgc:113337"
"20389","Nectin2","zgc:113337"
"20390","Pvr","zgc:113337"
"20391","Tigit","zgc:113337"
"20392","Cd200r1","si:ch211-214p13.9"
"20393","Cd200r3","si:ch211-214p13.9"
"20394","Cd200r4","si:ch211-214p13.9"
"20395","Cd200r2","si:ch211-214p13.9"
"20396","Cfap91","cfap91"
"20397","Nr1i2","nr1i2"
"20398","Gsk3b","gsk3ba"
"20399","Ptch2",""
"20400","E2f4","e2f4"
"20401","Bscl2","LOC111563348"
"20402","Fzd9","fzd9b"
"20403","Lpar5","LOC111569709"
"20404","Sema3d","sema3d"
"20405","","LOC129349233"
"20406","","LOC129349253"
"20407","","LOC111564149"
"20408","","LOC111586636"
"20409","Vwa5a","LOC111589129"
"20410","AW551984","LOC111589129"
"20411","","si:dkey-243k1.3"
"20412","Rbm39",""
"20413","Mpp3","LOC111586950"
"20414","Szt2",""
"20415","","chrd"
"20416","Baz2a","baz2a"
"20417","Chmp6","LOC111564660"
"20418","Prr12","prr12b"
"20419","Fam83g","LOC111565355"
"20420","Grap",""
"20421","","col5a3a"
"20422","Pcbp4","LOC111586668"
"20423","Cyp3a41b","LOC111574386"
"20424","Cyp3a11","LOC111574386"
"20425","Cyp3a25","LOC111574386"
"20426","Cyp3a44","LOC111574386"
"20427","Cyp3a16","LOC111574386"
"20428","Cyp3a59","LOC111574386"
"20429","Cyp3a41a","LOC111574386"
"20430","Cyp3a57","LOC111574386"
"20431","Cyp3a13","LOC111574386"
"20432","Gys1","gys1"
"20433","","LOC111586871"
"20434","","LOC111578618"
"20435","","slc22a3"
"20436","Dusp23","dusp23b"
"20437","Nusap1","nusap1"
"20438","Oip5","oip5"
"20439","Ndufaf1","ndufaf1"
"20440","","asmt2"
"20441","Map4k5","map4k5"
"20442","Fra10ac1","fra10ac1"
"20443","Snu13","snu13b"
"20444","Crym",""
"20445","Rexo4","rexo4"
"20446","Pigp","pigp"
"20447","Rac1","LOC111575366"
"20448","Cyth3",""
"20449","Srd5a3","srd5a3"
"20450","Cyp2j8","LOC111564682"
"20451","Cyp2j6","LOC111564682"
"20452","Cyp2j5","LOC111564682"
"20453","Cyp2j7","LOC111564682"
"20454","Cyp2j11","LOC111564682"
"20455","Cyp2j12","LOC111564682"
"20456","Dhcr24","dhcr24"
"20457","Tmem165","tmem165"
"20458","Clock","clocka"
"20459","Il12rb2","il23r"
"20460","","il12rb2"
"20461","Serbp1","serbp1a"
"20462","","bsnd"
"20463","Hsd17b7","hsd17b7"
"20464","Smagp","si:ch211-214p13.3"
"20465","Cd200l2","si:ch211-214p13.3"
"20466","Cd200l1","si:ch211-214p13.3"
"20467","Pvr","si:ch211-214p13.3"
"20468","Tigit","si:ch211-214p13.3"
"20469","Gja8","LOC111578959"
"20470","B3galt1","b3galt1b"
"20471","Csrnp3","csrnp3"
"20472","Galnt3","galnt3"
"20473","","LOC111581047"
"20474","Tbc1d23","tbc1d23"
"20475","Cdkl1","cdkl1"
"20476","Mtmr7","mtmr7b"
"20477","Dmac2l",""
"20478","L2hgdh","l2hgdh"
"20479","Aspdh","aspdh"
"20480","Tmem86b","tmem86b"
"20481","Hspbp1","hspbp1"
"20482","Rdh8",""
"20483","Zfyve26","zfyve26"
"20484","Baiap2","baiap2a"
"20485","Aatk","aatka"
"20486","","soul5"
"20487","Rdh8","rdh8a"
"20488","","nr5a5"
"20489","Camsap3","camsap3"
"20490","","si:ch211-256m1.8"
"20491","Ttll3","LOC111588770"
"20492","Xab2","xab2"
"20493","Hmces",""
"20494","","nmu"
"20495","Exoc1",""
"20496","Rpn1","rpn1"
"20497","B4galnt1",""
"20498","Inava","inavaa"
"20499","","si:ch211-163l21.11"
"20500","Rpl10a","rpl10a"
"20501","Lzic","lzic"
"20502","Nmnat1",""
"20503","Masp2","masp2"
"20504","","plekhn1"
"20505","","LOC111573372"
"20506","","her9"
"20507","Naa80","naa80"
"20508","Fbxl3",""
"20509","Cln5",""
"20510","Fmnl3","fmnl3"
"20511","Gm14569","cracdla"
"20512","Rpl24","rpl24"
"20513","Pcsk9","pcsk9"
"20514","Cnga3","cnga3a"
"20515","Cep97",""
"20516","Cep250","cep135"
"20517","Cracd","cracd"
"20518","Ttc21b","ttc21b"
"20519","Chst14","chst14"
"20520","Aasdh","aasdh"
"20521","Ddr2","ddr2a"
"20522","Hook2","hook2"
"20523","Dlx3","dlx3b"
"20524","","LOC111575367"
"20525","Doc2a","LOC111574354"
"20526","Adprh","adprh"
"20527","Atxn2l","LOC111568812"
"20528","Mylpf","mylpfb"
"20529","Mto1","mto1"
"20530","Tctn3","LOC111568764"
"20531","","sult1st6"
"20532","Atp1a4","atp2a1l"
"20533","Gata2","gata2a"
"20534","","LOC111588784"
"20535","Stimate",""
"20536","Sfmbt1","sfmbt1"
"20537","Ripor3","ripor3"
"20538","Nmur1","nmur3"
"20539","Lactbl1","lactbl1b"
"20540","Podxl2",""
"20541","Blcap","blcap"
"20542","Alpl","alpl"
"20543","","wt1b"
"20544","Xkr5","xkr5b"
"20545","Bmal1",""
"20546","","hnf4b"
"20547","Furin","furina"
"20548","Kif4","kif4"
"20549","Eif2b3","eif2b3"
"20550","Spin2c","LOC111572317"
"20551","Gm20830","LOC111572317"
"20552","Gm20807","LOC111572317"
"20553","Gm20822","LOC111572317"
"20554","Gm20867","LOC111572317"
"20555","Gm29049","LOC111572317"
"20556","Spin2-ps4","LOC111572317"
"20557","Spin2-ps1","LOC111572317"
"20558","Gm20826","LOC111572317"
"20559","Spin1","LOC111572317"
"20560","Gm20865","LOC111572317"
"20561","Ssty2","LOC111572317"
"20562","Gm20773","LOC111572317"
"20563","Gm21943","LOC111572317"
"20564","Gm20737","LOC111572317"
"20565","Gm20795","LOC111572317"
"20566","Gm21425","LOC111572317"
"20567","Gm20806","LOC111572317"
"20568","Gm20812","LOC111572317"
"20569","Spin2e","LOC111572317"
"20570","Spin4","LOC111572317"
"20571","Gm20777","LOC111572317"
"20572","Gm20873","LOC111572317"
"20573","Gm21874","LOC111572317"
"20574","Gm20924","LOC111572317"
"20575","Spin2j","LOC111572317"
"20576","Gm21721","LOC111572317"
"20577","Gm21812","LOC111572317"
"20578","Gm20815","LOC111572317"
"20579","Spin2-ps10","LOC111572317"
"20580","Gm20917","LOC111572317"
"20581","Gm21440","LOC111572317"
"20582","Gm21292","LOC111572317"
"20583","Spin2h","LOC111572317"
"20584","Gm20809","LOC111572317"
"20585","Spin2g","LOC111572317"
"20586","Gm20918","LOC111572317"
"20587","Gm20914","LOC111572317"
"20588","Gm20831","LOC111572317"
"20589","Spin2-ps2","LOC111572317"
"20590","Gm20772","LOC111572317"
"20591","Gm20909","LOC111572317"
"20592","Gm28171","LOC111572317"
"20593","Spin2-ps7","LOC111572317"
"20594","Gm14332","LOC111572317"
"20595","Gm20825","LOC111572317"
"20596","Gm21244","LOC111572317"
"20597","Gm20828","LOC111572317"
"20598","Gm21118","LOC111572317"
"20599","Spin2-ps9","LOC111572317"
"20600","Gm20834","LOC111572317"
"20601","Gm21719","LOC111572317"
"20602","Gm29424","LOC111572317"
"20603","Gm20852","LOC111572317"
"20604","Gm20877","LOC111572317"
"20605","Gm20823","LOC111572317"
"20606","","LOC111572317"
"20607","Gm20821","LOC111572317"
"20608","Gm20747","LOC111572317"
"20609","Gm21778","LOC111572317"
"20610","Gm21854","LOC111572317"
"20611","Gm21394","LOC111572317"
"20612","Gm20738","LOC111572317"
"20613","Gm21310","LOC111572317"
"20614","Gm20854","LOC111572317"
"20615","Spin2d","LOC111572317"
"20616","Spin2-ps8","LOC111572317"
"20617","Spin2f","LOC111572317"
"20618","Gm20816","LOC111572317"
"20619","Ssty1","LOC111572317"
"20620","Gm21454","LOC111572317"
"20621","Plk3","plk3"
"20622","AU018091","LOC111581465"
"20623","Slc7a13","LOC111581465"
"20624","","mgst3b"
"20625","","rsrp1"
"20626","Gjb4","gjb9a"
"20627","Gjb5","gjb9a"
"20628","Sdsl","sdsl"
"20629","Pank2","pank2"
"20630","Vps39","vps39"
"20631","Ripk2","LOC111581478"
"20632","Snx16","LOC111581466"
"20633","","asip2b"
"20634","Atp6v0d2","LOC111581472"
"20635","Tecr","tecra"
"20636","Mtnr1a","mtnr1aa"
"20637","Cyp4v3","LOC111582916"
"20638","","samd1a"
"20639","","si:ch211-220m17.5"
"20640","Tnfsf14","tnfsf14"
"20641","Dnajb7","dnajb1a"
"20642","Dnajb8","dnajb1a"
"20643","Dnajb1","dnajb1a"
"20644","4930503B20Rik","dnajb1a"
"20645","Dnajb3","dnajb1a"
"20646","","LOC111580745"
"20647","Ephb2","ephb2b"
"20648","Notch3","notch3"
"20649","","tlr3"
"20650","Sorbs2",""
"20651","Pdlim3","pdlim3b"
"20652","Cct4","cct4"
"20653","","LOC111586552"
"20654","Mustn1",""
"20655","Czib","czib"
"20656","Fgd5","fgd5a"
"20657","Uck2","uck2b"
"20658","Uba3",""
"20659","Aldh9a1","aldh9a1b"
"20660","Aldh3b1","aldh9a1b"
"20661","Aldh3a1","aldh9a1b"
"20662","Aldh1b1","aldh9a1b"
"20663","Ccdc88c","ccdc88c"
"20664","","zte38"
"20665","Prdx1","prdx1"
"20666","Klf16","zgc:153115"
"20667","Zfp352","zgc:153115"
"20668","Klf17","zgc:153115"
"20669","Klf14","zgc:153115"
"20670","Cacybp","cacybp"
"20671","Mrps14","mrps14"
"20672","Hcn2",""
"20673","Noxred1",""
"20674","Atg2b","LOC111572680"
"20675","Usp34","usp34"
"20676","Tmf1","tmf1"
"20677","Gskip","gskip"
"20678","Npc2","LOC111572688"
"20679","","zgc:153039"
"20680","Adam17","adam17a"
"20681","Ecel1","LOC111582477"
"20682","Ccdc150",""
"20683","Dhrs13","LOC111571814"
"20684","Lpar6","lpar6a"
"20685","","LOC111563699"
"20686","Kcne4","kcne4"
"20687","Kcne4","LOC111577124"
"20688","Kcne4",""
"20689","Mab21l1","mab21l1"
"20690","Rnf126","LOC111572323"
"20691","Fam181b","LOC111563630"
"20692","Sugp1","sugp1"
"20693","","LOC111577128"
"20694","","LOC111571578"
"20695","A2ml1","LOC111580894"
"20696","Pzp","LOC111580894"
"20697","Gm7298","LOC111580894"
"20698","Mug2","LOC111580894"
"20699","Mug1","LOC111580894"
"20700","Ablim2",""
"20701","","LOC111562701"
"20702","1110002E22Rik","c23h4orf54"
"20703","Rcor2","rcor2"
"20704","","si:dkey-85k7.11"
"20705","Gigyf1","gigyf1a"
"20706","Wrap53","wrap53"
"20707","","clul1"
"20708","Colec12","colec12"
"20709","Stam","stam"
"20710","","hsd20b2"
"20711","Ppat",""
"20712","Afap1","afap1"
"20713","Colgalt2","colgalt2a"
"20714","","LOC111573821"
"20715","Paics","paics"
"20716","Rrm1","LOC111577631"
"20717","Bank1",""
"20718","Efnb3","efnb3b"
"20719","Nfib","LOC111567537"
"20720","Map1a","map1ab"
"20721","Ptprf","ptprfa"
"20722","Mitd1","mitd1"
"20723","Ripor1","ripor1"
"20724","Gpr155","gpr155a"
"20725","Tsen15","tsen15"
"20726","","zgc:55943"
"20727","Sec22b","sec22ba"
"20728","Imp3","imp3"
"20729","Slc35a3","slc35a3b"
"20730","Fam78b","fam78ba"
"20731","Bcl6","bcl6ab"
"20732","Nasp","LOC111587430"
"20733","","tnn"
"20734","1810055G02Rik",""
"20735","Stk11","stk11"
"20736","Cbarp","LOC111572303"
"20737","","LOC111567884"
"20738","Ammecr1","ammecr1"
"20739","Copb2","copb2"
"20740","","LOC111564167"
"20741","","LOC111564075"
"20742","Gm22027","LOC111579026"
"20743","Gm54426","LOC111579026"
"20744","Gm56136","LOC111579026"
"20745","Gm54606","LOC111579026"
"20746","Gm56029","LOC111579026"
"20747","Snora19","LOC111579026"
"20748","Gm24625","LOC111579026"
"20749","","LOC111576352"
"20750","Ltn1","ltn1"
"20751","Tnni2","LOC111567524"
"20752","Zdhhc20","LOC111573816"
"20753","Ppp2r3d","ppp2r3b"
"20754","","si:ch211-269e2.1"
"20755","Scrn3","scrn3"
"20756","Cir1","cir1"
"20757","Piga",""
"20758","Grpr","LOC111568108"
"20759","","col28a2a"
"20760","Atp5f1b","LOC111579207"
"20761","Ube2q2l","LOC111587620"
"20762","Ube2q2","LOC111587620"
"20763","Iah1","iah1"
"20764","Rpap1","rpap1"
"20765","Ugt2a3","LOC111587619"
"20766","Ugt1a6a","LOC111587619"
"20767","Ugt1a7c","LOC111587619"
"20768","Ugt1a6b","LOC111587619"
"20769","Ugt1a10","LOC111587619"
"20770","Ugt1a8","LOC111587619"
"20771","Ugt1a9","LOC111587619"
"20772","Ugt1a2","LOC111587619"
"20773","Ugt1a5","LOC111587619"
"20774","Ugt2a1","LOC111587619"
"20775","Ugt2a2","LOC111587619"
"20776","Tmpo","tmpob"
"20777","Trp53i11","LOC111573649"
"20778","Pcyt1b","pcyt1bb"
"20779","Sergef","sergef"
"20780","Liph","lipia"
"20781","Stoml3","stoml3b"
"20782","Tubgcp6","tubgcp6"
"20783","Gm527","c20h14orf28"
"20784","Klhl28","LOC111578089"
"20785","Rtn2","rtn2b"
"20786","Togaram1","LOC111577954"
"20787","Rb1","rb1"
"20788","Ccdc28b","ccdc28b"
"20789","Unc79","LOC111578958"
"20790","Sorcs2","sorcs2"
"20791","","serpinh2"
"20792","Grpel1","grpel1"
"20793","Zdhhc21","zdhhc21"
"20794","Tada2b","tada2b"
"20795","Ccdc96","cfap184"
"20796","Slc3a2",""
"20797","Naa40","naa40"
"20798","Plaa","plaa"
"20799","Kcnc1","kcnc1b"
"20800","Cd81","LOC111584107"
"20801","M1ap","m1ap"
"20802","Appl2","appl2"
"20803","B3gat3",""
"20804","Dok1","dok1b"
"20805","Nagk","nagk"
"20806","Zfp541","LOC111588687"
"20807","Pcx","pcxb"
"20808","","ltk"
"20809","Cyp8b1","LOC111568649"
"20810","","LOC111570412"
"20811","","zgc:172182"
"20812","","LOC118469711"
"20813","Rcbtb1","LOC111571617"
"20814","Ssx2ip","ssx2ipa"
"20815","B4galt2","b4galt2"
"20816","","LOC118471236"
"20817","Chrne","chrne"
"20818","Eogt","eogt"
"20819","Tafa3","tafa4b"
"20820","Tafa1","LOC111588780"
"20821","Suclg2","suclg2"
"20822","Nefm","nefma"
"20823","Hspb9","LOC111571508"
"20824","Hspb9","LOC111571469"
"20825","Cpne4",""
"20826","","LOC111570734"
"20827","Tmem119",""
"20828","Efna2","efna2a"
"20829","Rrh","rrh"
"20830","Palm","palm1b"
"20831","","gabra2a"
"20832","","LOC111565980"
"20833","Mir301b",""
"20834","Mir130b",""
"20835","Plgrkt","plgrkt"
"20836","","fahd2a"
"20837","Ptgs1","ptgs1"
"20838","","prnpa"
"20839","Gas1","gas1a"
"20840","","LOC129350771"
"20841","Mir455",""
"20842","Polb","polb"
"20843","Bhmt2","LOC111564722"
"20844","Bhmt","LOC111564722"
"20845","Bhmt1b","LOC111564722"
"20846","","LOC111578898"
"20847","","tmtops2b"
"20848","","zgc:162944"
"20849","Acod1",""
"20850","Kctd12","kctd12.1"
"20851","Sp9","sp9"
"20852","","LOC111574594"
"20853","","LOC111576454"
"20854","Tbc1d4","tbc1d4"
"20855","","LOC111576801"
"20856","Ipp","ipp"
"20857","Ugt2a3","ugt2b3"
"20858","Ugt1a6a","ugt2b3"
"20859","Ugt1a7c","ugt2b3"
"20860","Ugt1a6b","ugt2b3"
"20861","Ugt1a10","ugt2b3"
"20862","Ugt1a8","ugt2b3"
"20863","Ugt1a9","ugt2b3"
"20864","Ugt1a2","ugt2b3"
"20865","Ugt1a5","ugt2b3"
"20866","Ugt2a1","ugt2b3"
"20867","Ugt2a2","ugt2b3"
"20868","","LOC111580749"
"20869","Tnr","tnr"
"20870","Adprs","adprs"
"20871","","si:ch211-266o15.1"
"20872","Plppr3","plppr3a"
"20873","Gabrg1","gabrg1"
"20874","Tmem135","tmem135"
"20875","Gphn",""
"20876","Kcnab3","LOC111587186"
"20877","Itpka","itpka"
"20878","Ppp1cb","LOC111573267"
"20879","Pals1",""
"20880","Heph","hephl1b"
"20881","Aqp11","aqp11"
"20882","Gcgr",""
"20883","Gdpd4","gdpd4a"
"20884","","zgc:152863"
"20885","Pip5kl1","LOC111564929"
"20886","Clns1a",""
"20887","Map3k20","LOC111586302"
"20888","Tyw1",""
"20889","Nars2","nars2"
"20890","Ssbp4","zgc:110158"
"20891","Gab2","gab2"
"20892","Galnt17","galnt17"
"20893","Ccdc9",""
"20894","Cntn5",""
"20895","Nefl","neflb"
"20896","Cabin1","cabin1"
"20897","","LOC118471327"
"20898","Gabrr1","LOC111577950"
"20899","","tbx16"
"20900","Klhl22","klhl22"
"20901","","npy8br"
"20902","","LOC111571064"
"20903","Kctd9","kctd9a"
"20904","Sec23ip","sec23ip"
"20905","","LOC111581327"
"20906","Ankrd39","ankrd39"
"20907","Fgfr1","fgfr1a"
"20908","Snai1","snai1a"
"20909","Prkcd","LOC111588773"
"20910","Cipc","cipca"
"20911","Zdhhc22",""
"20912","Tmem63c","tmem63c"
"20913","Fance","fance"
"20914","Fam3a","fam3a"
"20915","Erbb3","erbb3b"
"20916","Sos2","sos2"
"20917","Amfr","amfra"
"20918","","si:dkey-148a17.6"
"20919","","LOC111570144"
"20920","Gnao1","LOC111571167"
"20921","Cog4","cog4"
"20922","Ctsb","ctsba"
"20923","Cel",""
"20924","Daam1","LOC111585381"
"20925","Tonsl","tonsl"
"20926","Trnp1","LOC111585948"
"20927","Insm1","insm1b"
"20928","Sox11","sox11a"
"20929","Ankrd63","LOC111578082"
"20930","Inafm2","LOC111578043"
"20931","","adssl"
"20932","","LOC129349249"
"20933","","LOC129349070"
"20934","","LOC129349046"
"20935","","LOC118470790"
"20936","","LOC129347702"
"20937","","LOC129350725"
"20938","","LOC129347782"
"20939","","LOC129350906"
"20940","","LOC129350779"
"20941","","LOC129350740"
"20942","","LOC129350065"
"20943","","LOC129350052"
"20944","","LOC129349740"
"20945","","LOC129349063"
"20946","","LOC129348880"
"20947","","LOC129348669"
"20948","","LOC129348667"
"20949","","LOC129347957"
"20950","","LOC129347846"
"20951","","LOC129347478"
"20952","Snord34","LOC111582965"
"20953","","LOC111582964"
"20954","","LOC111582968"
"20955","","LOC111582966"
"20956","Snord32a","LOC111582963"
"20957","Gm56121","LOC111582963"
"20958","Snord33","LOC111582963"
"20959","Meis2","meis2a"
"20960","","LOC111571169"
"20961","Btbd10","btbd10b"
"20962","Rnaset2a","rnaset2"
"20963","Rnaset2b","rnaset2"
"20964","Myom2","myom2b"
"20965","Pth2r",""
"20966","","LOC111578546"
"20967","Ufsp1","ufsp1"
"20968","Papss1","papss1"
"20969","Ugt2a3","ugt5g1"
"20970","Ugt1a6a","ugt5g1"
"20971","Ugt1a7c","ugt5g1"
"20972","Ugt1a6b","ugt5g1"
"20973","Ugt1a10","ugt5g1"
"20974","Ugt1a8","ugt5g1"
"20975","Ugt1a9","ugt5g1"
"20976","Ugt1a2","ugt5g1"
"20977","Ugt1a5","ugt5g1"
"20978","Ugt2a1","ugt5g1"
"20979","Ugt2a2","ugt5g1"
"20980","Epb41l5","epb41l5"
"20981","Paqr9","paqr9"
"20982","Ptpn4","ptpn4a"
"20983","Fev","fev"
"20984","Cryba2","cryba2b"
"20985","Umps","umps"
"20986","","LOC129348092"
"20987","","LOC111589172"
"20988","","LOC111585590"
"20989","","LOC111567547"
"20990","","LOC111588594"
"20991","","LOC111577139"
"20992","Gm23389","LOC111577141"
"20993","Gm22680","LOC111577141"
"20994","","LOC111577142"
"20995","","LOC111577140"
"20996","","LOC111577143"
"20997","","LOC111573599"
"20998","Nectin4",""
"20999","","LOC111582714"
"21000","Thsd7b","thsd7ba"
"21001","Kcnf1","kcnf1b"
"21002","","LOC111582485"
"21003","","LOC111586310"
"21004","","LOC111565020"
"21005","","LOC111586328"
"21006","","LOC111586321"
"21007","","LOC111586311"
"21008","","LOC111586307"
"21009","","LOC111586306"
"21010","","LOC111586320"
"21011","","LOC111586309"
"21012","","LOC129347825"
"21013","","LOC111586313"
"21014","","LOC111586327"
"21015","","LOC129347827"
"21016","","LOC111586308"
"21017","","LOC111586326"
"21018","","LOC111586318"
"21019","","LOC111586317"
"21020","","LOC111586305"
"21021","","LOC129347826"
"21022","Prorp","prorp"
"21023","Igdcc4","igdcc4"
"21024","Scamp5","LOC111571660"
"21025","Zfp91","zfp91"
"21026","Crispld2","crispld2"
"21027","Ube2o","ube2o"
"21028","Itln1",""
"21029","Usp10","usp10"
"21030","Slit2","slit2"
"21031","Gucy2c",""
"21032","Galnt13","galnt13"
"21033","","LOC118470026"
"21034","Rprm",""
"21035","","arsh"
"21036","Rabl3","rabl3"
"21037","Gtf2e1","gtf2e1"
"21038","Tpt1","tpt1"
"21039","Gtf2f2","LOC111564554"
"21040","Poglut2","poglut2"
"21041","Tmem177","tmem177"
"21042","Pkd1l2",""
"21043","Pkdrej",""
"21044","Pkd1l3",""
"21045","Pkd2l2",""
"21046","","si:ch211-39i22.1"
"21047","Fn1","LOC111578352"
"21048","Rab3d",""
"21049","Tmem205","tmem205"
"21050","Mmd2","mmd2a"
"21051","Ap5z1","ap5z1"
"21052","Csgalnact2","csgalnact2"
"21053","Ret","ret"
"21054","Ankrd54","ankrd54"
"21055","Foxred2","foxred2"
"21056","Rnf216","rnf216"
"21057","Slc43a2","slc43a2b"
"21058","Pitpna","pitpnab"
"21059","Acaca",""
"21060","Chpf","chpfa"
"21061","Stxbp5l","stxbp5l"
"21062","Baiap2l2","baiap2l2a"
"21063","","si:dkeyp-72e1.9"
"21064","Ppl","ppl"
"21065","Stat2","stat2"
"21066","","LOC111567226"
"21067","","LOC111567233"
"21068","Ube2j2","ube2j2"
"21069","Tmem223","tmem223"
"21070","","LOC129349978"
"21071","","LOC111584974"
"21072","","LOC111584973"
"21073","","LOC111584972"
"21074","Kctd4","kctd4"
"21075","","LOC111579774"
"21076","Acap3","LOC111587883"
"21077","","LOC129349987"
"21078","","LOC111566806"
"21079","","LOC111566843"
"21080","Pck1","pck1"
"21081","","tuba8l3"
"21082","","LOC111572134"
"21083","Atp6ap1l","atp6ap1lb"
"21084","","etv7"
"21085","","zgc:194242"
"21086","Rhoa","LOC111580690"
"21087","Pabpc1l","LOC111588341"
"21088","Cd34","cd34"
"21089","Plxna2","plxna2"
"21090","Naxd","naxd"
"21091","Dennd1a","dennd1a"
"21092","Sv2c","LOC111578853"
"21093","Tmem203","tmem203"
"21094","Alad","alad"
"21095","Rab20","rab20"
"21096","","col4a2"
"21097","Cert1","LOC111575349"
"21098","Armh3",""
"21099","Pmepa1","pmepa1"
"21100","","lrrc38b"
"21101","Dhrs3","dhrs3b"
"21102","Aadacl4fm2",""
"21103","Cfap107",""
"21104","Klhdc7a",""
"21105","Igsf21","igsf21a"
"21106","Usp48","usp48"
"21107","","LOC111573982"
"21108","Col4a1","col4a1"
"21109","Uxs1","uxs1"
"21110","Chrna9","chrna9a"
"21111","Kcnip2",""
"21112","Grin2b","grin2bb"
"21113","Cfap20dc","cfap20dc"
"21114","Jup","jupa"
"21115","Cacna2d2",""
"21116","F8a",""
"21117","Ccndbp1","ccndbp1"
"21118","Emp1","emp1"
"21119","Fbxo41","fbxo41"
"21120","Hmgcr","LOC111575348"
"21121","Prkca","prkcaa"
"21122","","LOC111572368"
"21123","Ecrg4","ecrg4a"
"21124","Slc24a1","LOC111575703"
"21125","Klf12","klf12b"
"21126","Klf5",""
"21127","Tsn","tsn"
"21128","","dennd4a"
"21129","","si:dkey-91i10.2"
"21130","Chaf1b",""
"21131","Kpna3","kpna3"
"21132","Txnl1","txnl1"
"21133","Ugt2a3","LOC111572364"
"21134","Ugt1a6a","LOC111572364"
"21135","Ugt1a7c","LOC111572364"
"21136","Ugt1a6b","LOC111572364"
"21137","Ugt1a10","LOC111572364"
"21138","Ugt1a8","LOC111572364"
"21139","Ugt1a9","LOC111572364"
"21140","Ugt1a2","LOC111572364"
"21141","Ugt1a5","LOC111572364"
"21142","Ugt2a1","LOC111572364"
"21143","Ugt2a2","LOC111572364"
"21144","","tomm34"
"21145","Atp8b1","atp8b1"
"21146","Ywhab","ywhaba"
"21147","Rims4","rims4"
"21148","","abraa"
"21149","Golt1a",""
"21150","Plekha6",""
"21151","","si:dkey-192p21.6"
"21152","Sox13","LOC111568421"
"21153","Pcbd1",""
"21154","Etnk2",""
"21155","Sgpl1","sgpl1"
"21156","Slc41a1","slc41a1"
"21157","Cntn1","LOC111567050"
"21158","Sdad1","sdad1"
"21159","","ppp1cab"
"21160","Nop14","nop14"
"21161","Fcho2",""
"21162","","LOC111568426"
"21163","","LOC111568419"
"21164","Kcns1","si:dkey-43k4.5"
"21165","","LOC111568420"
"21166","","LOC111568406"
"21167","Pus10","pus10"
"21168","Cnnm2","cnnm2b"
"21169","Clec4f","si:ch211-125e6.14"
"21170","As3mt","as3mt"
"21171","Gpbp1l1","gpbp1l1"
"21172","Tmem69","LOC111587564"
"21173","Prss56","prss56"
"21174","Cldn1","cldn1"
"21175","","zgc:153913"
"21176","Ap2m1","LOC111576799"
"21177","Rdm1","rdm1"
"21178","Aco2","LOC111570322"
"21179","Pelo","pelo"
"21180","Paqr4","paqr4b"
"21181","","cmn"
"21182","","xrcc4"
"21183","Patl2","patl2"
"21184","Tgfb1i1","LOC111568780"
"21185","Npr1","npr2"
"21186","Pkmyt1","pkmyt1"
"21187","Elobl","LOC111568874"
"21188","Rhog","LOC111568745"
"21189","Pheta2","LOC111568884"
"21190","Pheta1","LOC111568884"
"21191","Fam20c","fam20cb"
"21192","Capn10","capn10"
"21193","Eif4e2",""
"21194","Kcnn1","kcnn1a"
"21195","Spag8","spag8"
"21196","","zfand5b"
"21197","","LOC111566116"
"21198","Esrp2","esrp2"
"21199","Ehmt1","ehmt1b"
"21200","Eci1","eci1"
"21201","Dnase1l2","dnase1"
"21202","Dnase1","dnase1"
"21203","Tanc2","tanc2a"
"21204","Nfatc3","nfatc3a"
"21205","Pglyrp2","LOC111564231"
"21206","Apoh",""
"21207","Rbpj","rbpja"
"21208","","marveld3"
"21209","Ahsa1","ahsa1b"
"21210","Phlpp2","phlpp2"
"21211","Cdca4","cdca4"
"21212","","LOC111569332"
"21213","Esr2","esr2b"
"21214","Ina","inab"
"21215","Taf5","taf5"
"21216","","atp5md"
"21217","Pdcd11","pdcd11"
"21218","Tmem50a",""
"21219","","zgc:175214"
"21220","Tmc5",""
"21221","Csf3","LOC111563059"
"21222","","LOC111580817"
"21223","Rhd","rhd"
"21224","Lgals2","LOC111580812"
"21225","Pick1","pick1"
"21226","Syt14","syt14a"
"21227","Plek2",""
"21228","","si:ch211-10a23.2"
"21229","Maco1","maco1b"
"21230","Vps29",""
"21231","","ssna1"
"21232","Tprn",""
"21233","Sowahb","LOC111565676"
"21234","Shroom3","shroom3"
"21235","Tmc2","tmc2a"
"21236","Anxa1","LOC111565877"
"21237","Crb2","crb2a"
"21238","Ldlrap1","ldlrap1b"
"21239","Htr1a","htr1ab"
"21240","Purb","LOC111580625"
"21241","Sertad4","sertad4"
"21242","Cldn5","cldn5b"
"21243","Pmch",""
"21244","Eif5","eif5"
"21245","Angpt4",""
"21246","Gnmt","gnmt"
"21247","Clec14a",""
"21248","Dll3",""
"21249","Foxl3","foxl3"
"21250","","LOC111562579"
"21251","Itga3","itga3b"
"21252","","LOC111562577"
"21253","Tpo",""
"21254","Card11","card11"
"21255","Ppie","ppie"
"21256","Cnnm3","LOC111583882"
"21257","Ace3","ace"
"21258","Sntg2","sntg2"
"21259","","pa2g4b"
"21260","Mark3","mark3a"
"21261","Cdcp3",""
"21262","Acot8","acot8"
"21263","Ift52","ift52"
"21264","Itprip","LOC111570422"
"21265","Naa60","naa60"
"21266","Tmem9","tmem9"
"21267","Calhm1","LOC111570473"
"21268","Oosp3","zp3c"
"21269","Eno1",""
"21270","Eno1b",""
"21271","Rab40c","LOC111570439"
"21272","","LOC111562459"
"21273","Vps54","vps54"
"21274","Ldc1","LOC111584529"
"21275","Plbd1","plbd1a"
"21276","Mybl2","mybl2b"
"21277","Ugp2","LOC111583456"
"21278","Synpo2","synpo2b"
"21279","","LOC111567845"
"21280","Fbxo10","fbxo10"
"21281","Polr1e",""
"21282","","LOC111585103"
"21283","Rpn2","rpn2"
"21284","Sparcl1","sparcl1"
"21285","4930562C15Rik","LOC111581803"
"21286","Apoh","LOC111576432"
"21287","Lyg1","LOC111564239"
"21288","Lyg2","LOC111564239"
"21289","","si:ch211-243a20.3"
"21290","Rnaseh2a","rnaseh2a"
"21291","Sox10","LOC111570150"
"21292","Kcnj4","LOC111570151"
"21293","Kdm4d","kdm4c"
"21294","Kdm5d","kdm4c"
"21295","Kdm5c","kdm4c"
"21296","Chrng","chrng"
"21297","","cirbpa"
"21298","Pik3r3","LOC111587052"
"21299","Ap1g1","ap1g1"
"21300","Zfp703","LOC111580155"
"21301","Tnpo1",""
"21302","Pmm1",""
"21303","Pla2g4c","zmp:0000000629"
"21304","","carhsp1"
"21305","Wiz",""
"21306","Esyt1",""
"21307","","psmd3"
"21308","Srm","srm"
"21309","Phf8",""
"21310","Lrp1","lrp1ab"
"21311","","chia.1"
"21312","Adra1d","adra1d"
"21313","Myoz2","myoz2b"
"21314","Erp27","LOC111581813"
"21315","Zbtb5","LOC111567850"
"21316","","grhprb"
"21317","Ncapg","ncapg"
"21318","Pdlim1","pdlim1"
"21319","Sorbs1",""
"21320","Dst",""
"21321","Mdh1","LOC111583457"
"21322","","LOC111568417"
"21323","","cand2"
"21324","Zfp821","znf821"
"21325","Atxn1l","atxn1l"
"21326","Gas8","LOC111577580"
"21327","Mtmr10","mtmr10"
"21328","","LOC111583458"
"21329","","zgc:66455"
"21330","B3gnt2","b3gnt2a"
"21331","Commd1","commd1"
"21332","Hes1","LOC111585510"
"21333","","akt3b"
"21334","Pcyt1a","pcyt1aa"
"21335","","LOC111576795"
"21336","Atp13a3","LOC111585499"
"21337","Coa8","LOC111584787"
"21338","","rerea"
"21339","Trmt61a","trmt61a"
"21340","Bag5","bag5"
"21341","Pabpc4",""
"21342","Capns1","capns1b"
"21343","","pak4"
"21344","","cldnj"
"21345","","LOC111581742"
"21346","Sbds","sbds"
"21347","Pgr","pgr"
"21348","Emp3","LOC111583486"
"21349","Zmynd12","zmynd12"
"21350","Rimkla","rimkla"
"21351","Rimklb","rimkla"
"21352","Prok1","prok1"
"21353","Prok2","prok1"
"21354","","wnk3"
"21355","","LOC111585911"
"21356","Sycp2",""
"21357","Phactr3","phactr3a"
"21358","Pigt","pigt"
"21359","Arhgap42","LOC111575400"
"21360","","si:ch211-183d21.1"
"21361","Pgap3","pgap3"
"21362","Mki67","mki67"
"21363","Cdca2","mki67"
"21364","Med24","med24"
"21365","Gpr4","gpr4"
"21366","","esrrd"
"21367","Shkbp1","shkbp1"
"21368","","lrp2b"
"21369","","wfdc2"
"21370","Tox2","LOC111579268"
"21371","","LOC111579267"
"21372","Necab3","LOC111583482"
"21373","Alas2","alas2"
"21374","Ttc34",""
"21375","Def6","LOC111566988"
"21376","","troap"
"21377","","LOC111585271"
"21378","Cym",""
"21379","Prkaa1",""
"21380","Oosp3","zpcx"
"21381","Myl6b","zgc:153867"
"21382","Myl6","zgc:153867"
"21383","Tmem54","tmem54a"
"21384","Hdac1","LOC111578469"
"21385","Atp5pb","atp5pb"
"21386","Traf3ip3","LOC111570056"
"21387","Setd5","setd5"
"21388","Lhfpl4","lhfpl4a"
"21389","Mtmr14","mtmr14"
"21390","Tnfrsf1a",""
"21391","Zfp362","znf362b"
"21392","","ccdc30"
"21393","Amt","amt"
"21394","Myh10","LOC111568805"
"21395","Slc4a4","LOC111565429"
"21396","Ifrd2","ifrd2"
"21397","Myo1e","myo1ea"
"21398","Dpp4",""
"21399","Slc26a6","slc26a6"
"21400","Cadm1","cadm1a"
"21401","Rbfox2","rbfox2"
"21402","Cygb","cygb2"
"21403","Usp53","usp53b"
"21404","Fabp2","fabp2"
"21405","Smurf2","LOC111576427"
"21406","Txndc15","LOC129347259"
"21407","Trappc14","LOC111564169"
"21408","","LOC111564170"
"21409","","zgc:152891"
"21410","B4galt3","b4galt3"
"21411","Ube2t","ube2t"
"21412","Lgr6","LOC111573870"
"21413","","LOC111581034"
"21414","Dag1","LOC111586673"
"21415","Ptges3","ptges3b"
"21416","","LOC111572099"
"21417","Bgn","bgnb"
"21418","Ywhab","LOC111588330"
"21419","","si:dkey-32e6.6"
"21420","Exoc3l4","exoc3l4"
"21421","Ankrd52","ankrd52a"
"21422","Tnfaip2","tnfaip2b"
"21423","Klc1",""
"21424","Traf2","LOC111580152"
"21425","Ptges","ptges"
"21426","Ttc33","ttc33"
"21427","S100z","s100z"
"21428","S1pr3","LOC111578684"
"21429","Zbtb7c","LOC111578683"
"21430","Smarca2","LOC111565443"
"21431","Rap1gap2","LOC111572858"
"21432","Gas1","gas1b"
"21433","","rxfp3"
"21434","Zfyve21","zfyve21"
"21435","Clic4",""
"21436","Runx3","runx3"
"21437","","LOC129350919"
"21438","","LOC111569832"
"21439","","LOC111569833"
"21440","","LOC111564102"
"21441","","LOC111564103"
"21442","","LOC111564104"
"21443","","LOC111564101"
"21444","Nup214","nup214"
"21445","Zxdc","si:dkey-156n14.3"
"21446","Zxdb","si:dkey-156n14.3"
"21447","Klf15","klf15"
"21448","Aldh1l1","aldh1l1"
"21449","Bltp1",""
"21450","Atrn",""
"21451","Tmed1","LOC111573690"
"21452","Dnm2","dnm2a"
"21453","","LOC111564237"
"21454","Ubn2","ubn2a"
"21455","Ift56","ift56"
"21456","Mgll","mgll"
"21457","","si:dkeyp-100a1.6"
"21458","Foxl2","foxl2l"
"21459","","LOC118470222"
"21460","Lrfn5","LOC111564080"
"21461","","LOC111569174"
"21462","Btbd6","LOC111569169"
"21463","Rab11fip5","rab11fip5a"
"21464","Rdh11","rdh12"
"21465","Vti1b","vti1b"
"21466","Arg2","arg2"
"21467","","LOC111585312"
"21468","","LOC111585310"
"21469","","LOC111585309"
"21470","","LOC111567000"
"21471","Mirlet7c-2",""
"21472","Mirlet7f-2",""
"21473","Mirlet7a-1",""
"21474","Cela2a","LOC111570891"
"21475","Slc2a5","LOC111570053"
"21476","","LOC111579611"
"21477","Nup88","nup88"
"21478","Or55b3","LOC111563036"
"21479","Or55b4","LOC111563036"
"21480","Or55b10","LOC111563036"
"21481","","LOC111570378"
"21482","","triap1"
"21483","","LOC111573573"
"21484","Rbm25","rbm25a"
"21485","","srrm1"
"21486","","LOC111570390"
"21487","","LOC129349393"
"21488","","LOC129349392"
"21489","","LOC111579476"
"21490","","LOC129349389"
"21491","","LOC111579469"
"21492","","LOC111579462"
"21493","","LOC111573578"
"21494","","LOC129349391"
"21495","","LOC111579482"
"21496","","LOC111573581"
"21497","","LOC111568851"
"21498","","LOC111564456"
"21499","","LOC111564455"
"21500","","LOC129349394"
"21501","","LOC111564457"
"21502","","LOC129349396"
"21503","","LOC129349395"
"21504","","LOC111568850"
"21505","","LOC111568849"
"21506","","LOC111581723"
"21507","Smoc1",""
"21508","","LOC111581721"
"21509","Slc2a7","LOC111582101"
"21510","Trbc1",""
"21511","Trbc2",""
"21512","Blk","lck"
"21513","Pusl1","pusl1"
"21514","Ddx19b","ddx19b"
"21515","Ddx19a","ddx19b"
"21516","C2cd4c","LOC111564946"
"21517","Grin3b",""
"21518","Adgrl4","adgrl4"
"21519","Spred3",""
"21520","Slc25a38","slc25a38b"
"21521","Caln1","caln1"
"21522","Negr1","negr1"
"21523","Myh9","LOC111564230"
"21524","Zranb2","zranb2"
"21525","Ptger3","ptger3"
"21526","Spata6",""
"21527","Bend5","bend5"
"21528","Elavl4",""
"21529","Gp5","LOC129349716"
"21530","","lrrc15"
"21531","Gp5",""
"21532","Cldn1","LOC111567219"
"21533","P3h2","p3h2"
"21534","Ccdc181","ccdc181"
"21535","Cpox","cpox"
"21536","Prrg1","prrg1"
"21537","Sass6","sass6"
"21538","Pik3r3","pik3r3b"
"21539","Gsdma",""
"21540","Gsdmc2",""
"21541","Gsdmd",""
"21542","Gsdma2",""
"21543","Gsdmc",""
"21544","Gsdmc3",""
"21545","Gsdma3",""
"21546","Gsdmc4",""
"21547","Rcbtb1","rcbtb1"
"21548","Ccdc50","ccdc50a"
"21549","Plaat1","plaat1"
"21550","","uts2d"
"21551","Mfn1","mfn1b"
"21552","Serinc5","serinc5"
"21553","Bin3","bin3"
"21554","Smarcad1","smarcad1a"
"21555","Sec13","sec13"
"21556","","LOC111568412"
"21557","","LOC111575775"
"21558","Zc3h11a","zc3h11a"
"21559","1700017N19Rik","zc3h11a"
"21560","","cntn2"
"21561","Ocstamp",""
"21562","Slc13a3","slc13a3"
"21563","Coq10a","coq10a"
"21564","Uckl1","uckl1b"
"21565","Fam167b","fam167b"
"21566","","zgc:154055"
"21567","","tdh2"
"21568","Sfxn5","sfxn5a"
"21569","Emx1","emx1"
"21570","Noto","noto"
"21571","Cdc25b",""
"21572","Ap5s1","ap5s1"
"21573","Gfra4","gfra4a"
"21574","Papln",""
"21575","Slc39a9","slc39a9"
"21576","Psen1","psen1"
"21577","Rnf41","rnf41"
"21578","Naca","naca"
"21579","","foxi2"
"21580","","mavs"
"21581","Plekhd1","plekhd1"
"21582","","ccdc177"
"21583","","LOC111580109"
"21584","","olig4"
"21585","Gjb4",""
"21586","Gjb5",""
"21587","","LOC129347813"
"21588","Fam217b","fam217bb"
"21589","Fam217a","fam217bb"
"21590","Pdrg1","pdrg1"
"21591","Edn3",""
"21592","Cstf1","cstf1"
"21593","Cass4",""
"21594","","LOC129347755"
"21595","","smc6"
"21596","Csrp1","csrp1a"
"21597","Sult1a1","LOC111583795"
"21598","Sult2a7","LOC111583795"
"21599","Sult2a1","LOC111583795"
"21600","Sult2a3","LOC111583795"
"21601","Sult2a8","LOC111583795"
"21602","Sult2a2","LOC111583795"
"21603","Sult2a5","LOC111583795"
"21604","Sult2a6","LOC111583795"
"21605","Sult2a4","LOC111583795"
"21606","Sult1e1","LOC111583795"
"21607","Nav1","LOC111573845"
"21608","","prf1.5"
"21609","Mpeg1","mpeg1.1"
"21610","Pfpl","mpeg1.1"
"21611","Kif2a",""
"21612","Qtrt1","qtrt1"
"21613","Fgf14","LOC111582257"
"21614","Pwp2","pwp2h"
"21615","Fam120a","LOC111588453"
"21616","Tubgcp3","tubgcp3"
"21617","Phf2","phf2"
"21618","Atp11a","atp11a"
"21619","","kcnt2b"
"21620","","ptpdc1a"
"21621","Barx1","barx1"
"21622","","LOC111580732"
"21623","Fbln2","fbln2"
"21624","","si:rp71-39b20.4"
"21625","Rps28","rps28"
"21626","Vwa5b2",""
"21627","Alg3","alg3"
"21628","","mul2"
"21629","Angptl4","angptl4"
"21630","Dync1i2","LOC111576809"
"21631","Syf2",""
"21632","Myo3b","myo3b"
"21633","Spryd7","spryd7b"
"21634","Trim13","trim13"
"21635","Eaf2","eaf2"
"21636","Dynlt3",""
"21637","Xk","xk"
"21638","Neurod1","neurod1"
"21639","Nfasc","nfasca"
"21640","Rpe",""
"21641","","abcb11a"
"21642","Slc25a12","LOC111576808"
"21643","Trim41","si:dkey-29p10.4"
"21644","Trim52","si:dkey-29p10.4"
"21645","Tpm1","tpm1"
"21646","Nr1i3","raraa"
"21647","Chd2","chd2"
"21648","Ncbp3","ncbp3"
"21649","Pcf11","pcf11"
"21650","Ccdc90b","ccdc90b"
"21651","","si:dkey-197c15.6"
"21652","","LOC111584612"
"21653","Ftmt","zgc:56095"
"21654","Ftdc1","zgc:56095"
"21655","Ftl1","zgc:56095"
"21656","Ftl1-ps1","zgc:56095"
"21657","","syt5b"
"21658","Dnaaf3","LOC111584613"
"21659","Tnnt1","LOC111584617"
"21660","Alg8","alg8"
"21661","Gjd3","LOC111579167"
"21662","","svild"
"21663","Cpt1c","LOC111584601"
"21664","1700109H08Rik","guca1d"
"21665","Hpcal4","guca1d"
"21666","Stim1","LOC111585778"
"21667","Rhog","LOC111566807"
"21668","Pgap2",""
"21669","Havcr2","timd4"
"21670","Hepacam",""
"21671","Mks1","mks1"
"21672","Ap2b1","ap2b1"
"21673","Hdac11","hdac11"
"21674","Acad9","acad9"
"21675","Mybph","mybpha"
"21676","Qrich1","LOC111576845"
"21677","Zw10","zw10"
"21678","Pphln1","LOC111576844"
"21679","Prickle2","LOC111576826"
"21680","Grm7",""
"21681","Amigo3","LOC111574202"
"21682","Aar2","aar2"
"21683","Ncoa6","ncoa6"
"21684","Tead3",""
"21685","","LOC111583677"
"21686","Pom121l12","pom121"
"21687","Pom121","pom121"
"21688","Pom121l2","pom121"
"21689","Tbl2","tbl2"
"21690","Mybbp1a","mybbp1a"
"21691","Psmg1","psmg1"
"21692","Slc37a2","slc37a2"
"21693","Tasor",""
"21694","Prrt3","LOC111583792"
"21695","Ogg1","LOC111583792"
"21696","Qars1","qars1"
"21697","Pex5l","pex5la"
"21698","Ggt7","LOC111576279"
"21699","Trp53inp2","LOC111576282"
"21700","Snai1","snai1b"
"21701","Pkp1","LOC111573868"
"21702","Nemp1","nemp1"
"21703","Ormdl2","ormdl2"
"21704","Fbln2","LOC111588712"
"21705","Camk2n1","camk2n1"
"21706","","LOC111587877"
"21707","Vdr","LOC111565886"
"21708","Nup210","nup210"
"21709","Apon","apof"
"21710","Apof","apof"
"21711","Plau","LOC111587887"
"21712","Cda","cdab"
"21713","Dnajc16","LOC111587885"
"21714","Slc9a8","slc9a8"
"21715","B3galt6","b3galt6"
"21716","Fam3d","si:dkeyp-67f1.2"
"21717","Fam107a",""
"21718","Camk1","camk1a"
"21719","Stxbp2","stxbp2"
"21720","","c1galt1lb"
"21721","Mapk14","mapk14b"
"21722","Asb14","asb14b"
"21723","Dnah12",""
"21724","Srpk1","srpk1b"
"21725","Os9","os9"
"21726","B4galnt1","b4galnt1b"
"21727","Arhgef25","arhgef25b"
"21728","Ankrd33","ankrd33ab"
"21729","Acvr1b",""
"21730","Xpo1","xpo1a"
"21731","Pou2f3","pou2f3"
"21732","Trim37","trim37"
"21733","Ppm1e","ppm1e"
"21734","Smg6","smg6"
"21735","Lhfpl5",""
"21736","Prkag1","prkag1"
"21737","Gnb4","LOC111565983"
"21738","Aldh7a1","aldh7a1"
"21739","Actl6a","actl6a"
"21740","Ovca2","ovca2"
"21741","Rtn4rl1","LOC111588258"
"21742","Rpa1","LOC111588250"
"21743","","nt5c2b"
"21744","Rnf111","rnf111"
"21745","Sltm","sltm"
"21746","Mindy2","mindy2"
"21747","Adam30","adam10a"
"21748","Adam5","adam10a"
"21749","Adam7","adam10a"
"21750","Adam2","adam10a"
"21751","Adam21","adam10a"
"21752","Adam32","adam10a"
"21753","Adamdec1","adam10a"
"21754","Adam29","adam10a"
"21755","Adam10","adam10a"
"21756","Adam1a","adam10a"
"21757","Adam1b","adam10a"
"21758","Adam3","adam10a"
"21759","Adam18","adam10a"
"21760","Gm4787","adam10a"
"21761","Adam4","adam10a"
"21762","Adam26a","adam10a"
"21763","Adam34","adam10a"
"21764","Adam34l","adam10a"
"21765","Adam26b","adam10a"
"21766","Adam24","adam10a"
"21767","Adam39","adam10a"
"21768","Adam20","adam10a"
"21769","Adam25","adam10a"
"21770","Adam6a","adam10a"
"21771","Adam6b","adam10a"
"21772","Dock8","dock8"
"21773","Usp13","usp13"
"21774","Mrpl47","mrpl47"
"21775","Ndufb5",""
"21776","Foxe1","foxe3"
"21777","Foxd2","foxd2"
"21778","Iqsec1","iqsec1b"
"21779","","LOC111585176"
"21780","Gm22489","LOC111563909"
"21781","Gm56367","LOC111563909"
"21782","Snord80","LOC111563912"
"21783","Gm26224","LOC111563911"
"21784","Gm50452","LOC111563906"
"21785","","LOC111563907"
"21786","Snord80","LOC111563913"
"21787","","LOC111563908"
"21788","Snord47","LOC111563910"
"21789","Cyp2j8","LOC111584301"
"21790","Cyp2j6","LOC111584301"
"21791","Cyp2j5","LOC111584301"
"21792","Cyp2j7","LOC111584301"
"21793","Cyp2j11","LOC111584301"
"21794","Cyp2j12","LOC111584301"
"21795","Iqsec1","LOC111588708"
"21796","Agbl4",""
"21797","Gid8","LOC111574193"
"21798","B4galt6",""
"21799","Nmt1","LOC111573923"
"21800","","tom1l2"
"21801","Sult1a1","LOC111570393"
"21802","Sult2a7","LOC111570393"
"21803","Sult2a1","LOC111570393"
"21804","Sult2a3","LOC111570393"
"21805","Sult2a8","LOC111570393"
"21806","Sult2a2","LOC111570393"
"21807","Sult2a5","LOC111570393"
"21808","Sult2a6","LOC111570393"
"21809","Sult2a4","LOC111570393"
"21810","Sult1e1","LOC111570393"
"21811","Wdr46","wdr46"
"21812","Atpaf2","atpaf2"
"21813","Gid4","LOC111588432"
"21814","","mrtfab"
"21815","Phkg2",""
"21816","Tulp2","si:dkey-220f10.4"
"21817","Cfap119","cfap119"
"21818","","LOC111584916"
"21819","Ube2i","ube2ib"
"21820","Dgka",""
"21821","","muc13b"
"21822","Top2a","top2a"
"21823","Rora",""
"21824","Gorasp2","gorasp2"
"21825","","zgc:171422"
"21826","Plppr4","LOC111578495"
"21827","Tyw3",""
"21828","Plppr5",""
"21829","","LOC111571318"
"21830","Dnm3","dnm3b"
"21831","","opn7b"
"21832","Tamalin","tamalin"
"21833","B3galt4",""
"21834","Nr4a1","nr4a1"
"21835","Gtsf1",""
"21836","A330040F15Rik","LOC111573874"
"21837","Fam111a","LOC111573874"
"21838","Phlda3","phlda3"
"21839","Spata2","spata2"
"21840","Rnf114","rnf114"
"21841","Dhx35","dhx35"
"21842","","rpl32"
"21843","","ssuh2rs1"
"21844","Ddx23","ddx23"
"21845","Dusp7","LOC111588715"
"21846","Prim1","prim1"
"21847","Gprin3","gprin3b"
"21848","","LOC111574706"
"21849","","sart1"
"21850","","irf10"
"21851","","zmp:0000000926"
"21852","Dbndd2","LOC111588738"
"21853","Rnd1","LOC111570398"
"21854","Tafa3","LOC111580685"
"21855","Dock3",""
"21856","","LOC111569161"
"21857","","LOC111579508"
"21858","","LOC111569164"
"21859","","LOC111569163"
"21860","","LOC111569160"
"21861","","LOC111569162"
"21862","","LOC111579506"
"21863","Cpe","cpe"
"21864","Wbp1l","wbp1lb"
"21865","Bicd2","LOC111588707"
"21866","Zfp512b","znf512b"
"21867","Alas1",""
"21868","Magi1","LOC111576822"
"21869","Myoc","LOC111587534"
"21870","Plpp6",""
"21871","Prdx6b","LOC111587176"
"21872","Prdx6","LOC111587176"
"21873","Fggy","fggy"
"21874","","LOC111577031"
"21875","Tesk1","tesk1b"
"21876","","faah2b"
"21877","Nelfa","nelfa"
"21878","Letmd1","letmd1"
"21879","Cd63","cd63"
"21880","Rab5if","rab5if"
"21881","Zhx3","zhx3b"
"21882","Samd10","samd10b"
"21883","Plcg1","plcg1"
"21884","Tlk1","LOC111588080"
"21885","Nicol1","nicol1"
"21886","Nat8l","nat8l"
"21887","Men1","men1"
"21888","Rnasek","rnaseka"
"21889","Alox12",""
"21890","Eed","eed"
"21891","Cldn3","cldn29"
"21892","Drd1","drd1b"
"21893","","LOC111569183"
"21894","AI593442","LOC111568606"
"21895","","LOC118469264"
"21896","","LOC111580022"
"21897","","LOC111580023"
"21898","","LOC111587417"
"21899","","LOC111580025"
"21900","","LOC111580026"
"21901","","LOC111587418"
"21902","","LOC111580024"
"21903","Med11","med11"
"21904","Arrb2","arrb2b"
"21905","Ice2","ice2"
"21906","Acap1","acap1"
"21907","Anxa2",""
"21908","Fbxw17","fbxw12"
"21909","Agfg2","agfg2"
"21910","","ptpdc1b"
"21911","Wnt7a","LOC111588737"
"21912","","map4k2"
"21913","Top1","top1b"
"21914","Atp7b","atp7b"
"21915","Incenp","incenp"
"21916","Bnip2","bnip2"
"21917","Pthlh","LOC111566802"
"21918","Tead4",""
"21919","Stau1","stau1"
"21920","Nab2","nab2"
"21921","","LOC111563214"
"21922","","LOC111563213"
"21923","","efcc1"
"21924","Nuf2","nuf2"
"21925","","LOC111573839"
"21926","Wnt4",""
"21927","Snrpe",""
"21928","Phactr3","phactr3b"
"21929","Svbp","LOC111576571"
"21930","","si:dkey-19e4.5"
"21931","Ppp1r3d","ppp1r3db"
"21932","Itga5","LOC111588666"
"21933","Mctp2","mctp2a"
"21934","Lipc","lipca"
"21935","Gas2","LOC111570200"
"21936","Pdzrn4","LOC111567055"
"21937","Tmem117","tmem117"
"21938","Lhfpl3",""
"21939","Reln","reln"
"21940","Fam174b","fam174b"
"21941","St8sia2","st8sia2"
"21942","Ano3","ano3"
"21943","Lingo1","lingo1a"
"21944","Adamts20","LOC111569902"
"21945","Dynlt5","dynlt5"
"21946","Dpp9","LOC111566852"
"21947","Aqp6","aqp9b"
"21948","Aldh1a2","aldh1a2"
"21949","Spo11","spo11"
"21950","Bmt2","bmt2"
"21951","Fthl17c","fth1b"
"21952","Fthl17d","fth1b"
"21953","Fthl17a","fth1b"
"21954","Fthl17e","fth1b"
"21955","Fth1","fth1b"
"21956","Fthl17f","fth1b"
"21957","Fthl17b","fth1b"
"21958","Best1","best1"
"21959","Wnt7b","wnt7bb"
"21960","","bncr"
"21961","Pik3c2g",""
"21962","Plcz1",""
"21963","Myadml2","LOC111579438"
"21964","Fahd1","fahd1"
"21965","Hspb9","LOC111581530"
"21966","","rasd4"
"21967","Rnf222","LOC111564675"
"21968","","LOC111573827"
"21969","","LOC111579455"
"21970","","LOC111579454"
"21971","Colgalt1","colgalt1a"
"21972","","LOC111563230"
"21973","Oxtr",""
"21974","","rhebl1"
"21975","Ikzf4","LOC111566621"
"21976","Rps26","LOC111566622"
"21977","Kif21b","kif21b"
"21978","Bmp7","bmp7b"
"21979","Prpf6","prpf6"
"21980","Ren1","ren"
"21981","Bhlhe23","bhlhe23"
"21982","Rho","LOC111576828"
"21983","Mafb","mafba"
"21984","","LOC129349882"
"21985","","LOC129349546"
"21986","","LOC129350881"
"21987","","LOC129349437"
"21988","","LOC129348857"
"21989","","LOC111573887"
"21990","","LOC111583802"
"21991","Snord59a","LOC111583801"
"21992","Gm55458","LOC111583801"
"21993","Pfkfb2","LOC111586478"
"21994","Sult1a1","LOC111570386"
"21995","Sult2a7","LOC111570386"
"21996","Sult2a1","LOC111570386"
"21997","Sult2a3","LOC111570386"
"21998","Sult2a8","LOC111570386"
"21999","Sult2a2","LOC111570386"
"22000","Sult2a5","LOC111570386"
"22001","Sult2a6","LOC111570386"
"22002","Sult2a4","LOC111570386"
"22003","Sult1e1","LOC111570386"
"22004","Adal",""
"22005","Nat10","nat10"
"22006","Poln",""
"22007","Otud7a","otud7a"
"22008","Haus3","haus3"
"22009","Ptgr1","LOC111567491"
"22010","","LOC129348076"
"22011","","txnb"
"22012","Svep1","svep1"
"22013","Tmem168","tmem168b"
"22014","Ptdss2","ptdss2"
"22015","Slc41a3","LOC111588668"
"22016","Slc7a8","slc7a8a"
"22017","Cdkn1c","LOC111582800"
"22018","Adck2",""
"22019","Srpk2","srpk2"
"22020","Pgghg","pgghg"
"22021","Nedd8","nedd8"
"22022","Gmpr2","gmpr2"
"22023","","homezb"
"22024","Cideb",""
"22025","Dhrs2","dhrs4"
"22026","Efs","efs"
"22027","Acin1","acin1b"
"22028","Ajuba","ajuba"
"22029","Mrpl52",""
"22030","Megf11","megf11"
"22031","Mmp14","mmp14a"
"22032","Lrp10","lrp10"
"22033","Cirop","LOC118469509"
"22034","","LOC111587801"
"22035","","LOC111586893"
"22036","0610010K14Rik","zgc:92664"
"22037","","arap2"
"22038","","LOC111587504"
"22039","Pygm",""
"22040","Col6a1",""
"22041","Col6a2","col6a2"
"22042","Chst13","LOC111588672"
"22043","Txnrd3",""
"22044","Bin2","bin2b"
"22045","Wnt7a","wnt7aa"
"22046","","drd5a"
"22047","Gpr27","gpr27"
"22048","Mafb","mafbb"
"22049","","LOC111588410"
"22050","","LOC111588412"
"22051","","LOC111588411"
"22052","","LOC111583127"
"22053","","LOC111581213"
"22054","Snord57","LOC111581212"
"22055","Mx1",""
"22056","Mx2",""
"22057","","zgc:162816"
"22058","Orc2","orc2"
"22059","Neurl2","neurl2"
"22060","Tef","tefa"
"22061","Noxo1","LOC111588436"
"22062","","chadlb"
"22063","L3mbtl2","l3mbtl2"
"22064","Ep300","ep300a"
"22065","Cfap410","cfap410"
"22066","","LOC111584498"
"22067","","LOC129347350"
"22068","","LOC111563478"
"22069","","LOC111563479"
"22070","","LOC111563480"
"22071","","LOC111588114"
"22072","Mir199a-2",""
"22073","Mir199b",""
"22074","Mir199a-1",""
"22075","Cryz","LOC111586940"
"22076","Myh7",""
"22077","Arhgef7","arhgef7b"
"22078","Casp1","LOC111588107"
"22079","Bahcc1","bahcc1b"
"22080","Cbx7","cbx7b"
"22081","Josd1","josd1"
"22082","Xrcc6",""
"22083","Zc3h7b",""
"22084","Rangap1","rangap1b"
"22085","Desi1","desi1b"
"22086","","lrrc3ca"
"22087","Csf3",""
"22088","Prkar1a","LOC111578316"
"22089","Zfp281","znf281b"
"22090","","LOC111573917"
"22091","Wipi1","LOC111578314"
"22092","Tasor2","tasor2"
"22093","Asb13","asb13b"
"22094","Avpr1a","avpr1aa"
"22095","","LOC129347260"
"22096","Rab3il1",""
"22097","Mpo",""
"22098","Lpo",""
"22099","Hps5",""
"22100","Cd82",""
"22101","Caprin1","caprin1b"
"22102","Traf7","traf7"
"22103","","itih3a.1"
"22104","Arsg","arsg"
"22105","Slc16a6","LOC111578310"
"22106","Amz2","LOC111578312"
"22107","Tepsin","tepsin"
"22108","Ndufaf8","ndufaf8"
"22109","","pbx3b"
"22110","Slc38a10","slc38a10"
"22111","Adrb1","adrb1"
"22112","","nog2"
"22113","Kcnj12","kcnj12a"
"22114","","LOC129347382"
"22115","","LOC129347337"
"22116","","LOC111571605"
"22117","Aldoart1",""
"22118","Aldoart2",""
"22119","Aldoa",""
"22120","Gspt1","gspt1"
"22121","Lgi3","lgi3"
"22122","Kif22",""
"22123","Chmp7","chmp7"
"22124","Proca1",""
"22125","Pla2g3",""
"22126","Rflna","rflna"
"22127","Ccdc92","ccdc92"
"22128","Stx2","stx2b"
"22129","Il11ra3","ghra"
"22130","Il11ra1","ghra"
"22131","Il11ra2","ghra"
"22132","Il13ra1","ghra"
"22133","Ghr","ghra"
"22134","Il12rb1","ghra"
"22135","Osmr","ghra"
"22136","Il6ra","ghra"
"22137","Il23r","ghra"
"22138","Crlf2","ghra"
"22139","Il2rg","ghra"
"22140","Il27ra","ghra"
"22141","Mier1","mier1b"
"22142","Metap1d","metap1d"
"22143","Map6d1",""
"22144","Serbp1","serbp1b"
"22145","Hsd17b7",""
"22146","Ddr2","LOC111586978"
"22147","","LOC111586989"
"22148","Rps15","rps15"
"22149","","cnn2"
"22150","Itga6","LOC111576800"
"22151","Mblac1","mblac1"
"22152","Irs3","si:ch73-335l21.1"
"22153","Rbpms","LOC111566011"
"22154","Fabp2","LOC111566010"
"22155","Dthd1","dthd1"
"22156","","rab11fip1a"
"22157","Yeats2","yeats2"
"22158","","prlhr2a"
"22159","Coro1b","coro1b"
"22160","Adrb3","got1l1"
"22161","Adrb3","adrb3a"
"22162","","tm4sf21b"
"22163","","zgc:153044"
"22164","Ier5l","LOC111586988"
"22165","Tcim","tcima"
"22166","Ptgr1","LOC129348079"
"22167","","LOC118470563"
"22168","Ap1s1","ap1s1"
"22169","Dtx4","dtx4a"
"22170","","rgs5b"
"22171","Camk2n2","camk2n1a"
"22172","Eef1akmt4","ece2a"
"22173","Med26",""
"22174","","LOC129350292"
"22175","","LOC129348552"
"22176","","LOC129347650"
"22177","","LOC118471627"
"22178","","LOC111576805"
"22179","","LOC111569444"
"22180","Fbrsl1",""
"22181","","LOC111576806"
"22182","Gal3st4","gal3st4"
"22183","Msantd1","msantd1"
"22184","","LOC118470561"
"22185","","LOC118470562"
"22186","Sgcz",""
"22187","","si:dkey-33c12.4"
"22188","Mfsd8","mfsd8"
"22189","Snapc2","snapc2"
"22190","","si:dkey-185m8.2"
"22191","Ankrd53","ankrd53"
"22192","","LOC118470637"
"22193","Zp1","LOC111571696"
"22194","4930562C15Rik","LOC111571696"
"22195","Zp2","LOC111571696"
"22196","","shtn2"
"22197","Vax2","vax2"
"22198","","tnfsf12"
"22199","","sat2a.1"
"22200","","zgc:101810"
"22201","Pla2g4c","LOC111586157"
"22202","Pglyrp2","pglyrp6"
"22203","Car10","LOC111563870"
"22204","Ddx47","ddx47"
"22205","","six7"
"22206","Nit1","nit1"
"22207","B4gat1","b4gat1"
"22208","Pfdn2","pfdn2"
"22209","Clcn3","clcn3"
"22210","Lrrc3c","LOC111563043"
"22211","Rab11fip4","rab11fip4a"
"22212","Scpep1","scpep1"
"22213","Fancf","fancf"
"22214","Engase",""
"22215","Dennd2a","si:dkey-82f1.1"
"22216","Selenom",""
"22217","Smtn","smtnb"
"22218","Prpsap2","prpsap2"
"22219","Trafd1","trafd1"
"22220","Slc1a3",""
"22221","Mef2c","mef2cb"
"22222","Lztr1",""
"22223","Nol6","nol6"
"22224","Ppp1r9b","LOC111568466"
"22225","Trappc5","LOC111568499"
"22226","","LOC111568797"
"22227","Wnk4","LOC111563055"
"22228","Csnk1d","csnk1da"
"22229","Gldn","LOC111577260"
"22230","Cyp19a1","LOC111577263"
"22231","Mcoln1","mcoln1b"
"22232","Smarce1","LOC111568432"
"22233","Ap4e1",""
"22234","Aplnr",""
"22235","Polr2m","polr2m"
"22236","Myzap","myzap"
"22237","Ddx28","ddx28"
"22238","Csmd1","LOC111576189"
"22239","Arid3b","LOC111587611"
"22240","Tob2","LOC111570323"
"22241","Cox5a","LOC111587615"
"22242","","prr36b"
"22243","Pus7","pus7"
"22244","Mast1","LOC111566393"
"22245","","LOC111584333"
"22246","Slc17a6","LOC111584103"
"22247","","chs1"
"22248","Ddx21","ddx21"
"22249","","tefb"
"22250","Zc3h7b","LOC111570319"
"22251","Rps6ka2",""
"22252","","abi3a"
"22253","","ccdc103"
"22254","Atg4d","LOC111566401"
"22255","","LOC111584890"
"22256","Rangap1","rangap1a"
"22257","Lrrc8e","si:ch211-106h11.1"
"22258","","LOC111569130"
"22259","","cbx1a"
"22260","Nfe2l1",""
"22261","Praf2","praf2"
"22262","Copz2","copz2"
"22263","","prr15la"
"22264","","LOC111563569"
"22265","Igf2bp3","igf2bp1"
"22266","AU018091","zgc:175280"
"22267","Slc7a13","zgc:175280"
"22268","Kif20a","kif20a"
"22269","Mchr1",""
"22270","Junb",""
"22271","Rtbdn","rtbdn"
"22272","Doc2a","doc2a"
"22273","","LOC111563058"
"22274","Samd14","samd14"
"22275","","ifnphi3"
"22276","","si:ch211-106h11.3"
"22277","Ddx39a","ddx39ab"
"22278","","LOC111568410"
"22279","Pik3r5","LOC111568188"
"22280","Ntn1","ntn1b"
"22281","Mfsd6l","mfsd6l"
"22282","Cdc23","cdc23"
"22283","Txn2",""
"22284","Usp43","usp43b"
"22285","Nectin3",""
"22286","","LOC111568191"
"22287","Syngr1",""
"22288","Gabrr3","gabrr3a"
"22289","Ppm1j","ppm1nb"
"22290","Ppm1m","ppm1nb"
"22291","Ppm1n","ppm1nb"
"22292","Arhgap27","LOC111583433"
"22293","Kcnk7","kcnk12l"
"22294","Itpkc","itpkca"
"22295","Aqp9",""
"22296","Aqp2",""
"22297","","ccdc61"
"22298","Dennd6a","dennd6aa"
"22299","Crhr1","crhr1"
"22300","Nle1","nle1"
"22301","","slc25a1a"
"22302","Slc47a1","slc47a1"
"22303","Slc47a2","slc47a1"
"22304","Tmigd1","tmigd1"
"22305","Esrra","esrra"
"22306","Prdx5","prdx5"
"22307","Tbx2","LOC111571750"
"22308","Ppm1d","LOC111571751"
"22309","Atrx",""
"22310","Mtap","mtap"
"22311","Cxxc4","cxxc4"
"22312","Tet2",""
"22313","Ppa2","ppa2"
"22314","Sphk1",""
"22315","Cdkn2d","cdkn2d"
"22316","Ap1m2","ap1m2"
"22317","Inpp5k","inpp5kb"
"22318","Cct8",""
"22319","Hs6st3","LOC111589078"
"22320","Dzip1","dzip1"
"22321","Zc3h13","zc3h13"
"22322","","LOC111573310"
"22323","","LOC111589075"
"22324","Cldn10","LOC111589076"
"22325","Cldn10","cldn10a"
"22326","","abcc4"
"22327","Pde12","pde12"
"22328","Atp6ap1l",""
"22329","Tmem74b","tmem74b"
"22330","Psmf1","psmf1"
"22331","Pigu",""
"22332","Tmigd1","LOC111577751"
"22333","Pimreg","LOC111577752"
"22334","Spag7","spag7"
"22335","Mepce","mepcea"
"22336","Gmppb",""
"22337","Pak3","LOC111574262"
"22338","Rbl1",""
"22339","Cdca7","cdca7a"
"22340","","map3k20a"
"22341","Dnajc5g","dnajc3b"
"22342","Dnajb5","dnajb5"
"22343","Ssbp2","ssbp2a"
"22344","Naa38","naa38"
"22345","Chd3","chd3"
"22346","Fam184b","LOC111565574"
"22347","Uba6","uba6"
"22348","Ctnna2","ctnna2"
"22349","Tspan18","LOC111573643"
"22350","Nuak1","nuak1b"
"22351","Lmo2","lmo2"
"22352","Alx4","alx4b"
"22353","Ppm1h",""
"22354","Spi1","LOC129348613"
"22355","Spi1","LOC111570193"
"22356","","LOC111570191"
"22357","Prc1","LOC111570196"
"22358","Rin1","rin1b"
"22359","","zgc:103586"
"22360","Fis1","fis1"
"22361","","cldn15a"
"22362","Pcolce","pcolceb"
"22363","Tex261","tex261"
"22364","Serpine1","serpine1"
"22365","Adissp","adissp"
"22366","Arl14ep",""
"22367","","vgf"
"22368","","LOC111584842"
"22369","","LOC111564270"
"22370","","LOC111587509"
"22371","","LOC129348215"
"22372","","LOC111586128"
"22373","","LOC111586127"
"22374","","LOC111586116"
"22375","","LOC111586114"
"22376","","LOC111586112"
"22377","","LOC111586120"
"22378","","LOC111586111"
"22379","","LOC111562773"
"22380","","LOC111562772"
"22381","Aadat",""
"22382","","LOC111576602"
"22383","Cdk7","cdk7"
"22384","Arl6ip4","arl6ip4"
"22385","Pitpnm2","LOC111576649"
"22386","Gdf15","LOC111566854"
"22387","","LOC111565497"
"22388","Mtrfr",""
"22389","Egr3",""
"22390","Ercc6l2","ercc6l2"
"22391","","si:ch211-225b11.1"
"22392","Aopep","aopep"
"22393","Selenop",""
"22394","Ccnh","ccnh"
"22395","Rasa1","rasa1a"
"22396","Ubap1l","LOC111570195"
"22397","Parp6","LOC111587613"
"22398","Parp8","LOC111587613"
"22399","Banf1","banf1"
"22400","Gng3","gng3"
"22401","Capn6",""
"22402","Rskr","rskrb"
"22403","Aldoc","aldocb"
"22404","","si:dkey-175m17.7"
"22405","","slc8a4a"
"22406","Cnih2","cnih2"
"22407","Tm7sf2","tm7sf2"
"22408","Polq","polq"
"22409","Vps51","vps51"
"22410","Frmd8",""
"22411","","LOC111575773"
"22412","Rps23","rps23"
"22413","Slmap","slmapa"
"22414","Rom1","rom1a"
"22415","Zfpl1","zfpl1"
"22416","Flrt1","flrt1a"
"22417","Mast3","mast3a"
"22418","Ube3a","ube3a"
"22419","","ptpn9b"
"22420","","maptb"
"22421","Robo1",""
"22422","Cdc27","cdc27"
"22423","Rbl1","LOC111568405"
"22424","Tomm70a","tomm70a"
"22425","Gh","gh1"
"22426","Scn4a","scn4ab"
"22427","Klhl24","klhl24a"
"22428","Mterf4",""
"22429","Pask","pask"
"22430","Kcnab1","kcnab1b"
"22431","","rdh20"
"22432","P4htm",""
"22433","Slc26a6","slc26a6l1"
"22434","","rgs18"
"22435","Pik3r2","pik3r2"
"22436","","ifi30a"
"22437","","pde4ca"
"22438","Ano5","ano5a"
"22439","Aptx","aptx"
"22440","Dnaja1","dnaja1"
"22441","Arhgef38",""
"22442","Ints12","ints12"
"22443","Gstcd",""
"22444","Clock","clockb"
"22445","Rem2","LOC111569623"
"22446","Usp24","usp24"
"22447","Zswim2",""
"22448","Fam171b","fam171b"
"22449","Slain1","LOC111573326"
"22450","Als2",""
"22451","Kdm4c","LOC111588723"
"22452","Inpp4a","LOC111564002"
"22453","Mpp4","mpp4b"
"22454","Bloc1s2","bloc1s2"
"22455","Atp10a","atp10a"
"22456","Tmem237","LOC111581150"
"22457","Cyp20a1",""
"22458","Zeb2","zeb2b"
"22459","Slx9","slx9"
"22460","Adarb1",""
"22461","Dynlt3","LOC111573352"
"22462","Cybb","LOC111573332"
"22463","Tmem45a","tmem45a"
"22464","Tmem45a2","tmem45a"
"22465","Gabrb3","gabrb3"
"22466","Ddx5","LOC111564222"
"22467","","tspan36"
"22468","Mapk4","mapk4"
"22469","Setbp1","setbp1"
"22470","Tmem161b","tmem161b"
"22471","Zswim6","LOC111588638"
"22472","Dhrs9",""
"22473","Styxl2","dusp27"
"22474","Pde11a",""
"22475","Pde4c",""
"22476","Chrna2","LOC111581148"
"22477","","myl4"
"22478","Map4k4",""
"22479","Rogdi","rogdi"
"22480","Glyr1","glyr1"
"22481","Dpf2","LOC111583644"
"22482","Zfyve1","LOC111583643"
"22483","","foxd7"
"22484","Zfp131","znf131"
"22485","","LOC129347374"
"22486","Hsd17b3",""
"22487","Fancc","fancc"
"22488","Gal3st1","gal3st1a"
"22489","Pebp4","LOC111578650"
"22490","Hps6","LOC111578867"
"22491","Atoh7","atoh7"
"22492","","sprn"
"22493","","LOC118470472"
"22494","Neurog3","neurog3"
"22495","Rhobtb2","rhobtb2a"
"22496","","LOC129347515"
"22497","Gabra5","gabra5"
"22498","","LOC118470244"
"22499","","LOC129347559"
"22500","","LOC129350776"
"22501","","LOC111563060"
"22502","","LOC111570612"
"22503","","LOC111566412"
"22504","","LOC111570700"
"22505","Gm23502","LOC111583847"
"22506","Gm56207","LOC111583847"
"22507","Gm25703","LOC111583847"
"22508","Gm24525","LOC111583847"
"22509","Gm55022","LOC111583847"
"22510","Rnu12","LOC111583847"
"22511","Mir137",""
"22512","Gm26397","LOC111573746"
"22513","","LOC111578868"
"22514","Glyatl3","si:dkey-76k16.6"
"22515","Glyat","si:dkey-76k16.6"
"22516","Keg1","si:dkey-76k16.6"
"22517","Gm4952","si:dkey-76k16.6"
"22518","Memo1","memo1"
"22519","","LOC111581810"
"22520","Slc34a2","slc34a2a"
"22521","Asb14","LOC111584816"
"22522","Fam81b","fam81b"
"22523","Ip6k1","ip6k1"
"22524","Mctp1","mctp1a"
"22525","Arhgef3","arhgef3"
"22526","Gnb5","gnb5a"
"22527","Appl1",""
"22528","Ccdc66","ccdc66"
"22529","Tasor","tasora"
"22530","Il17rd","il17rd"
"22531","Cyp2j8","LOC111564718"
"22532","Cyp2j6","LOC111564718"
"22533","Cyp2j5","LOC111564718"
"22534","Cyp2j7","LOC111564718"
"22535","Cyp2j11","LOC111564718"
"22536","Cyp2j12","LOC111564718"
"22537","Plpp3","plpp3"
"22538","","traf3ip2l"
"22539","","wwc3"
"22540","Cldn34c3","cldn34a"
"22541","Cldn34a","cldn34a"
"22542","Cldn34c1","cldn34a"
"22543","Cldn34b4","cldn34a"
"22544","Cldn34b3","cldn34a"
"22545","Cldn34c5","cldn34a"
"22546","Cldn34c4","cldn34a"
"22547","Cldn34d","cldn34a"
"22548","Cldn34b2","cldn34a"
"22549","Cldn34c6","cldn34a"
"22550","Cldn34b1","cldn34a"
"22551","Cldn34c2","cldn34a"
"22552","Shroom2","shroom2a"
"22553","Prkaa2","prkaa2"
"22554","Myo5c","myo5c"
"22555","Rgs1","rgs1"
"22556","","LOC111579216"
"22557","Gabrg3","LOC111566459"
"22558","","epha4b"
"22559","Oca2","oca2"
"22560","Atxn7l2","atxn7l2a"
"22561","Flnb",""
"22562","Cpne5","cpne5b"
"22563","Ap1s2","LOC111581783"
"22564","Herc2","herc2"
"22565","Sypl2","sypl2a"
"22566","","kiss1"
"22567","","optc"
"22568","Gm35586","LOC111568402"
"22569","Ct55","LOC111568402"
"22570","4933416I08Rik","LOC111568402"
"22571","Zgrf1","LOC111568402"
"22572","Cnot9","cnot9"
"22573","Rbpjl","rbpjl"
"22574","Plcd4","plcd4a"
"22575","Matn4",""
"22576","Slco3a1",""
"22577","Hdac10","hdac10"
"22578","Parvb","parvb"
"22579","Lmbrd2","LOC111576468"
"22580","","LOC111576424"
"22581","Slf1","slf1"
"22582","Limk2","limk2"
"22583","Stk35","LOC111568408"
"22584","Npsr1","LOC111569788"
"22585","","LOC111586628"
"22586","","LOC111563823"
"22587","Gapdhrt",""
"22588","Gapdhrt2",""
"22589","Gapdh",""
"22590","Zfp513",""
"22591","Plaat1","plaat1l"
"22592","Ephx2","ephx2"
"22593","Rab3a","LOC111566870"
"22594","Jund",""
"22595","Pgpep1","pgpep1"
"22596","Upf1","LOC111566864"
"22597","Pigs","pigs"
"22598","Srsf1","srsf1b"
"22599","Rps6ka4","rps6ka4"
"22600","Homer3","LOC111566867"
"22601","Uba52rt","LOC111566873"
"22602","Uba52","LOC111566873"
"22603","Kxd1","LOC111566873"
"22604","Cers4","LOC111566866"
"22605","Ctxn1",""
"22606","Timm44",""
"22607","","LOC111577285"
"22608","Clcn4","LOC111573286"
"22609","","cav4a"
"22610","Nr4a1",""
"22611","Kbtbd12","kbtbd12"
"22612","Dgka","dgkab"
"22613","Helt","helt"
"22614","Exoc1l","exoc1l"
"22615","Map2k7",""
"22616","Gucy1b1",""
"22617","Clpx","LOC111570204"
"22618","Gucy1a1","gucy1a1"
"22619","Slc22a7",""
"22620","Cep95","LOC111585104"
"22621","Smu1","smu1b"
"22622","Triobp","LOC111570172"
"22623","Smdt1","smdt1b"
"22624","Aimp1","aimp1a"
"22625","Cox7c","LOC111562508"
"22626","","nim1ka"
"22627","Slc14a2","slc14a2"
"22628","Slc14a1","slc14a2"
"22629","Eif4ebp1","eif4ebp1"
"22630","Pax5","pax5"
"22631","Dguok","LOC111575853"
"22632","","spaw"
"22633","Rnf24","rnf24"
"22634","Stc1","stc1"
"22635","Nkx3-1","nkx3-1"
"22636","Melk","melk"
"22637","","LOC111588639"
"22638","Ipo11","ipo11"
"22639","","LOC111581804"
"22640","Rhbdd2",""
"22641","","LOC111566871"
"22642","","LOC111585098"
"22643","Marchf2","marchf2"
"22644","","LOC111585099"
"22645","","LOC111565507"
"22646","Brinp2","LOC111587499"
"22647","Clec4f","LOC111585102"
"22648","Slc25a36","slc25a36a"
"22649","","LOC111579522"
"22650","1110002E22Rik","LOC111575336"
"22651","","LOC111565511"
"22652","Lgi2","LOC111575327"
"22653","Spsb4","LOC111567455"
"22654","","kmt5ab"
"22655","","zgc:136870"
"22656","Oma1","oma1"
"22657","","LOC111572198"
"22658","Ccdc149","LOC111575330"
"22659","Nipa1","nipa1"
"22660","Golm1","golm1"
"22661","Sod3",""
"22662","","LOC111581787"
"22663","","LOC111576475"
"22664","","si:dkey-40c11.2"
"22665","Pik3ip1","pik3ip1"
"22666","Cdkl5","LOC111581777"
"22667","Creb3","creb3l3l"
"22668","Dhx15","LOC111575314"
"22669","Pes1","pes"
"22670","Kmt2c","kmt2cb"
"22671","P2rx2","p2rx2"
"22672","Pcsk5","pcsk5b"
"22673","Scml2","LOC111581775"
"22674","Mysm1","mysm1"
"22675","Rai2","LOC111581776"
"22676","Nipa2","nipa2"
"22677","Cyfip1","cyfip1"
"22678","","LOC111566477"
"22679","Tubgcp5",""
"22680","Stx16","stx16"
"22681","Eef1akmt3","LOC111579765"
"22682","","cnpy2"
"22683","Ankrd52","LOC111579732"
"22684","Slc11a2","LOC111579727"
"22685","App","LOC111568091"
"22686","Npepl1","npepl1"
"22687","Ctsz","ctsz"
"22688","Nelfcd","nelfcd"
"22689","Pls3","pls3"
"22690","Clstn2","clstn2a"
"22691","Kdm5b","kdm5ba"
"22692","Parvg",""
"22693","Klf16","klf13"
"22694","Zfp352","klf13"
"22695","Klf17","klf13"
"22696","Klf14","klf13"
"22697","Trpm1","LOC111581256"
"22698","Wbp1","LOC111575458"
"22699","Evi5l","evi5l"
"22700","Chst7","chst7"
"22701","Slc9a7","slc9a7"
"22702","Robo2","LOC111571748"
"22703","Atp5f1b",""
"22704","Rabif","rabif"
"22705","Adipor1",""
"22706","","LOC111589072"
"22707","Inava","inavab"
"22708","","gdf11"
"22709","Klhl41",""
"22710","Avil",""
"22711","","LOC111562782"
"22712","","LOC129348314"
"22713","Sox1","sox1b"
"22714","","LOC111563995"
"22715","Gbgt1","LOC111576205"
"22716","Gbgt1","LOC111576206"
"22717","","LOC111563994"
"22718","Gbgt1",""
"22719","Cgnl1","cgnl1"
"22720","","LOC118471517"
"22721","","LOC111566920"
"22722","Tcf12","tcf12"
"22723","","LOC111566922"
"22724","","LOC111566921"
"22725","Dpp10","LOC111581945"
"22726","","LOC111562799"
"22727","Mpc1","mpc1"
"22728","Kifbp","kifbp"
"22729","Rp2","rp2"
"22730","Jade3","jade3"
"22731","","si:dkey-66a8.7"
"22732","Gtpbp6","gtpbp6"
"22733","Dab1","dab1a"
"22734","","znf280d"
"22735","Mns1","mns1"
"22736","Tex9","tex9"
"22737","Tln2",""
"22738","F2r","f2r"
"22739","","iqgap2"
"22740","","LOC111571714"
"22741","Nhs",""
"22742","","LOC111573340"
"22743","Reps2","reps2"
"22744","Slc25a42","LOC111570643"
"22745","Mau2","LOC111570662"
"22746","Olfml3","olfml3b"
"22747","Cdk2",""
"22748","Pmel","pmela"
"22749","Prph","prph"
"22750","Timeless","timeless"
"22751","Gatad2a","gatad2ab"
"22752","Nckipsd","LOC111568122"
"22753","Nit2","nit2"
"22754","Bsg","bsg"
"22755","Hcn2","hcn2b"
"22756","","LOC111568195"
"22757","Polrmt","polrmt"
"22758","Mmp19","mmp19"
"22759","Slc25a20","slc25a20"
"22760","","LOC111587205"
"22761","Fgf22","fgf22"
"22762","","LOC111574378"
"22763","","LOC111578527"
"22764","","LOC111578525"
"22765","","LOC111578531"
"22766","Ssu72","ssu72"
"22767","Spin2c","LOC111578534"
"22768","Gm20830","LOC111578534"
"22769","Gm20807","LOC111578534"
"22770","Gm20822","LOC111578534"
"22771","Gm20867","LOC111578534"
"22772","Gm29049","LOC111578534"
"22773","Spin2-ps4","LOC111578534"
"22774","Spin2-ps1","LOC111578534"
"22775","Gm20826","LOC111578534"
"22776","Spin1","LOC111578534"
"22777","Gm20865","LOC111578534"
"22778","Ssty2","LOC111578534"
"22779","Gm20773","LOC111578534"
"22780","Gm21943","LOC111578534"
"22781","Gm20737","LOC111578534"
"22782","Gm20795","LOC111578534"
"22783","Gm21425","LOC111578534"
"22784","Gm20806","LOC111578534"
"22785","Gm20812","LOC111578534"
"22786","Spin2e","LOC111578534"
"22787","Spin4","LOC111578534"
"22788","Gm20777","LOC111578534"
"22789","Gm20873","LOC111578534"
"22790","Gm21874","LOC111578534"
"22791","Gm20924","LOC111578534"
"22792","Spin2j","LOC111578534"
"22793","Gm21721","LOC111578534"
"22794","Gm21812","LOC111578534"
"22795","Gm20815","LOC111578534"
"22796","Spin2-ps10","LOC111578534"
"22797","Gm20917","LOC111578534"
"22798","Gm21440","LOC111578534"
"22799","Gm21292","LOC111578534"
"22800","Spin2h","LOC111578534"
"22801","Gm20809","LOC111578534"
"22802","Spin2g","LOC111578534"
"22803","Gm20918","LOC111578534"
"22804","Gm20914","LOC111578534"
"22805","Gm20831","LOC111578534"
"22806","Spin2-ps2","LOC111578534"
"22807","Gm20772","LOC111578534"
"22808","Gm20909","LOC111578534"
"22809","Gm28171","LOC111578534"
"22810","Spin2-ps7","LOC111578534"
"22811","Gm14332","LOC111578534"
"22812","Gm20825","LOC111578534"
"22813","Gm21244","LOC111578534"
"22814","Gm20828","LOC111578534"
"22815","Gm21118","LOC111578534"
"22816","Spin2-ps9","LOC111578534"
"22817","Gm20834","LOC111578534"
"22818","Gm21719","LOC111578534"
"22819","Gm29424","LOC111578534"
"22820","Gm20852","LOC111578534"
"22821","Gm20877","LOC111578534"
"22822","Gm20823","LOC111578534"
"22823","","LOC111578534"
"22824","Gm20821","LOC111578534"
"22825","Gm20747","LOC111578534"
"22826","Gm21778","LOC111578534"
"22827","Gm21854","LOC111578534"
"22828","Gm21394","LOC111578534"
"22829","Gm20738","LOC111578534"
"22830","Gm21310","LOC111578534"
"22831","Gm20854","LOC111578534"
"22832","Spin2d","LOC111578534"
"22833","Spin2-ps8","LOC111578534"
"22834","Spin2f","LOC111578534"
"22835","Gm20816","LOC111578534"
"22836","Ssty1","LOC111578534"
"22837","Gm21454","LOC111578534"
"22838","Fndc10","fndc10"
"22839","Micos13","micos13"
"22840","","LOC111574347"
"22841","","hsd11b1la"
"22842","","rgmd"
"22843","Vwa1","LOC111574342"
"22844","Sema3f","sema3fa"
"22845","Celf5",""
"22846","Creb3l3","creb3l3a"
"22847","Midn","midn"
"22848","Rnf126","LOC111579114"
"22849","Cilp2","cilp2"
"22850","Tmem161a",""
"22851","Fstl3","fstl3"
"22852","Ctsg",""
"22853","Mcpt9",""
"22854","Gzmc",""
"22855","Gzmg",""
"22856","Mcpt8",""
"22857","Klk6",""
"22858","Gzmf",""
"22859","Cma1",""
"22860","Gzmd",""
"22861","Mcpt2",""
"22862","Gzmb",""
"22863","Klk13",""
"22864","Mcpt4",""
"22865","Gzme",""
"22866","Cma2",""
"22867","Mcpt1",""
"22868","Gzmn",""
"22869","Cbarp","cbarpb"
"22870","Atp5f1d","atp5f1d"
"22871","Yjefn3","yjefn3"
"22872","Jun","jun"
"22873","","LOC111581784"
"22874","","rxfp3.2b"
"22875","","LOC129350008"
"22876","","LOC129349625"
"22877","","LOC129349244"
"22878","","LOC111574486"
"22879","Cyp2j8","LOC111564991"
"22880","Cyp2j6","LOC111564991"
"22881","Cyp2j5","LOC111564991"
"22882","Cyp2j7","LOC111564991"
"22883","Cyp2j11","LOC111564991"
"22884","Cyp2j12","LOC111564991"
"22885","Cyp2j8","LOC111564988"
"22886","Cyp2j6","LOC111564988"
"22887","Cyp2j5","LOC111564988"
"22888","Cyp2j7","LOC111564988"
"22889","Cyp2j11","LOC111564988"
"22890","Cyp2j12","LOC111564988"
"22891","Cyp2j8","LOC111564993"
"22892","Cyp2j6","LOC111564993"
"22893","Cyp2j5","LOC111564993"
"22894","Cyp2j7","LOC111564993"
"22895","Cyp2j11","LOC111564993"
"22896","Cyp2j12","LOC111564993"
"22897","Slc22a7","LOC111575315"
"22898","Egr1","LOC111575457"
"22899","Ufsp2","ufsp2"
"22900","","dkk2"
"22901","Cfap97",""
"22902","Slc25a4","slc25a4"
"22903","Smc2","smc2"
"22904","Evpl","evpla"
"22905","Ten1",""
"22906","Acox1","acox1"
"22907","Med14","med14"
"22908","","LOC111574371"
"22909","Mbl2","col7a1"
"22910","Mbl1","col7a1"
"22911","Nbl1","nbl1"
"22912","Micos10","LOC111574381"
"22913","Rbm6","rbm6"
"22914","Mapkapk3","LOC111587207"
"22915","Nqo2","LOC111578954"
"22916","Nqo2","LOC111578955"
"22917","Txndc9","txndc9"
"22918","Rev1","rev1"
"22919","","pdcd4a"
"22920","Ecpas","ecpas"
"22921","Uroc1","uroc1"
"22922","Prkag2","LOC111570138"
"22923","Gabpa","gabpa"
"22924","Aff3","aff3"
"22925","Usp9x","usp9"
"22926","Usp9y","usp9"
"22927","Rnaseh2b","rnaseh2b"
"22928","Ackr3","ackr3a"
"22929","Tasl",""
"22930","Rpl8","rpl8"
"22931","Itga4","itga4"
"22932","Ddx52","ddx52"
"22933","Cnga2","cnga2b"
"22934","Rraga","rraga"
"22935","Rragb","rraga"
"22936","Rpl23a","rpl23a"
"22937","Stip1",""
"22938","Fip1l1","fip1l1b"
"22939","Myh10","LOC111564229"
"22940","Chchd4","chchd4b"
"22941","Inka1","LOC111581931"
"22942","Capzb","capzb"
"22943","Nmnat3",""
"22944","Rbp1","rbp1.1"
"22945","Rbp2",""
"22946","Kdsr","kdsr"
"22947","Vps4b","vps4b"
"22948","Sestd1","sestd1"
"22949","","usp4"
"22950","Birc3",""
"22951","Birc2",""
"22952","Spata22","LOC111572624"
"22953","Yap1","LOC111580660"
"22954","","angptl5"
"22955","Chmp1b","chmp1b"
"22956","Chmp1b2","chmp1b"
"22957","Tent5d","LOC111572993"
"22958","","brwd3"
"22959","Nxpe3","nxpe3"
"22960","Gja5","gja5a"
"22961","Acp6","acp6"
"22962","Bcl9","bcl9"
"22963","Stk39","stk39"
"22964","Igfbp3","LOC111568688"
"22965","Igfbp1","LOC111568689"
"22966","Cdh2","cdh2"
"22967","Ubr3","ubr3"
"22968","Dnajc15","dnajc15"
"22969","G6pc2","LOC111572823"
"22970","","spc25"
"22971","Nostrin","nostrin"
"22972","Cers6","cers6"
"22973","Tpm1","LOC111582597"
"22974","Lrp2","lrp2a"
"22975","Fbxo22","fbxo22"
"22976","Tmem266","LOC111582592"
"22977","Rfx7","LOC111577798"
"22978","Styx-ps",""
"22979","Styx",""
"22980","Gnpnat1","gnpnat1"
"22981","Nedd4","nedd4a"
"22982","Supv3l1","supv3l1"
"22983","Hk1",""
"22984","Arhgef7","arhgef7a"
"22985","Atp11a","LOC111564160"
"22986","Prtg",""
"22987","Tacr2","tacr2"
"22988","Isl2","isl2b"
"22989","Tspan15","tspan15"
"22990","","ccpg1"
"22991","Pigb","pigb"
"22992","Gm35586","dna2"
"22993","Ct55","dna2"
"22994","4933416I08Rik","dna2"
"22995","Setx","dna2"
"22996","Zgrf1","dna2"
"22997","Pbld2",""
"22998","Pbld1",""
"22999","Vps26a","vps26a"
"23000","Hnrnph3","hnrnph3"
"23001","Rufy2","rufy2"
"23002","Pstpip1","LOC111587590"
"23003","Tspan3","LOC111587591"
"23004","Nmb","nmbb"
"23005","Sec11a","sec11a"
"23006","Alpk3",""
"23007","","cry5"
"23008","Frmd5",""
"23009","Rab27a","rab27a"
"23010","Wdr76","wdr76"
"23011","Ctsh","LOC111587586"
"23012","Pasd1","npas2"
"23013","Acsbg1","acsbg1"
"23014","Radx","radx"
"23015","Tbc1d8b","tbc1d8b"
"23016","","gja2"
"23017","Gjb1","gjb1a"
"23018","Ophn1","LOC111587368"
"23019","Ar",""
"23020","Afg3l1","LOC111577165"
"23021","Prtg","LOC111577275"
"23022","Rsl24d1","rsl24d1"
"23023","Idh3a","idh3a"
"23024","Uba7","uba7"
"23025","Uba1","uba7"
"23026","Uba1y","uba7"
"23027","","rdh1"
"23028","Mycbp2",""
"23029","Inka1","LOC111574956"
"23030","Plxnb2","plxnb2b"
"23031","Gnai2","LOC111581870"
"23032","Sox1",""
"23033","Celsr2","celsr2"
"23034","","LOC111574485"
"23035","","LOC111585803"
"23036","Mir18",""
"23037","Klhl41","klhl41a"
"23038","Lancl3","LOC111568107"
"23039","Morc3","morc3a"
"23040","Morc4","morc3a"
"23041","Cerkl","cerkl"
"23042","Dhrs9","LOC111572826"
"23043","Rasgrf1","LOC111587585"
"23044","Arhgap42","LOC111580643"
"23045","Fam120b","fam120b"
"23046","Eps8l3","eps8l3a"
"23047","Def8","def8"
"23048","Ampd2","LOC111575502"
"23049","Gpr61","LOC111575505"
"23050","Amigo1","LOC111575528"
"23051","Cym","LOC111575526"
"23052","Rilpl2",""
"23053","Rilpl1","LOC111576641"
"23054","Rfk",""
"23055","","LOC111576639"
"23056","Aak1","LOC111579805"
"23057","Srrd","srrd"
"23058","Fem1c","fem1c"
"23059","F2rl2","f2rl2"
"23060","Sgsm1","sgsm1a"
"23061","Dsc3","dsc2l"
"23062","Dsc2","dsc2l"
"23063","Dsc1","dsc2l"
"23064","Dsg1c","LOC111579003"
"23065","Dsg1a","LOC111579003"
"23066","Dsg1b","LOC111579003"
"23067","Dsg2","LOC111579003"
"23068","Dsg4","LOC111579003"
"23069","Dsg3","LOC111579003"
"23070","Slc22a23","LOC111568711"
"23071","Dsp","dspa"
"23072","Mc1r",""
"23073","Akap10","akap10"
"23074","Tcf25","tcf25"
"23075","Slc38a3","LOC111581921"
"23076","Tns3","LOC111568693"
"23077","4931406C07Rik","c14h11orf54"
"23078","Aspa","aspa"
"23079","Snrnp35",""
"23080","Bud13","bud13"
"23081","Pcdh1",""
"23082","Nectin1","nectin1a"
"23083","Chek1","chek1"
"23084","","slc6a7"
"23085","","LOC118471237"
"23086","","LOC111571976"
"23087","","LOC111571977"
"23088","Pcdhac2","LOC111571975"
"23089","Plac9","LOC118470669"
"23090","Hrh2","hrh2b"
"23091","Kcnip1","kcnip1b"
"23092","Abr","abr"
"23093","Ss18","ss18"
"23094","Osbpl1a","LOC111579926"
"23095","","LOC111580649"
"23096","Taf1","taf1"
"23097","Rtkn","rtkna"
"23098","C7","c7a"
"23099","Ung","unga"
"23100","Alkbh2","alkbh2"
"23101","Usp30","usp30"
"23102","Svop","svopa"
"23103","Dao",""
"23104","Pole","pole"
"23105","Cyba","LOC111577161"
"23106","Mvd","mvda"
"23107","Pdcd5","pdcd5"
"23108","Urah","LOC111577167"
"23109","","si:dkey-234i14.2"
"23110","Clec18a",""
"23111","Hip1r","hip1rb"
"23112","Clec14a","LOC111577169"
"23113","Dll3","LOC111577169"
"23114","Kif7","kif7"
"23115","Gins2","gins2"
"23116","Gse1","gse1b"
"23117","Ppp1r3e",""
"23118","Atmin","atmin"
"23119","Cenpn","cenpn"
"23120","Gfod2","gfod2"
"23121","Kctd3","kctd3"
"23122","Nrn1l","nrn1lb"
"23123","Ush2a","ush2a"
"23124","Zfp521",""
"23125","Kctd1","kctd1"
"23126","Aqp4","aqp4"
"23127","","LOC111566780"
"23128","Slc38a8","slc38a8b"
"23129","Cmtr2","cmtr2"
"23130","Calb2",""
"23131","Arhgap21","arhgap21b"
"23132","Ldhb","ldhbb"
"23133","Esrrg","esrrga"
"23134","Spata17",""
"23135","Edc3","edc3"
"23136","Greb1",""
"23137","Csk","LOC111587606"
"23138","Lpin1","lpin1a"
"23139","Mst1r","LOC111574952"
"23140","Tmcc1","tmcc1b"
"23141","Prrt3","LOC118470236"
"23142","Qrich1","LOC111568128"
"23143","Rpusd4","LOC111568129"
"23144","Wdr82","LOC129347243"
"23145","Rbm5","LOC111581894"
"23146","","LOC111562689"
"23147","Emc8","emc8"
"23148","Cox4i1","LOC111577159"
"23149","","dusp22a"
"23150","Irf8",""
"23151","Krtcap3","LOC111579223"
"23152","","fzd3b"
"23153","Kif28",""
"23154","Sccpdh","LOC111585013"
"23155","","si:ch211-166a6.5"
"23156","Ano9","LOC111584104"
"23157","Tfb2m","tfb2m"
"23158","Cnst","cnsta"
"23159","Foxf1","foxf1"
"23160","Mthfsd","mthfsd"
"23161","Smyd3",""
"23162","Net1","LOC111566789"
"23163","Kif26b","kif26ba"
"23164","Dbndd1","dbndd1"
"23165","","eva1a"
"23166","Itsn2","itsn2b"
"23167","Dstyk","dstyk"
"23168","Tmem167","tmem167a"
"23169","Ccser1","ccser1"
"23170","Ubap2","LOC111576636"
"23171","Arrdc5","LOC111576020"
"23172","Npm1",""
"23173","Lzts1","lzts1"
"23174","Gatc","gatc"
"23175","Dynll2","LOC111577739"
"23176","Ubd","isg15"
"23177","Ubd","LOC111588557"
"23178","Ubl4b","isg15"
"23179","Ubl4b","LOC111588557"
"23180","Pxmp2","pxmp2"
"23181","Mblac2","mblac2"
"23182","","polr3g"
"23183","Lysmd3","lysmd3"
"23184","Heatr6","heatr6"
"23185","Adgrv1",""
"23186","Layn","layna"
"23187","Alg9",""
"23188","Nuak2","nuak2"
"23189","","ccnd3"
"23190","Bysl","bysl"
"23191","Med20","med20"
"23192","Usp49","usp49"
"23193","Tmcc2","tmcc2"
"23194","Cish","LOC111568126"
"23195","Camkv","LOC111574950"
"23196","","LOC111575565"
"23197","Emc3","emc3"
"23198","Prune2","LOC111575567"
"23199","Rhoa","LOC111568127"
"23200","","rnf180a"
"23201","Rab3c","rab3c"
"23202","Tmem43","LOC111568134"
"23203","Tle1","LOC111576996"
"23204","Tle4","LOC111576996"
"23205","Mogs","mogs"
"23206","Npnt","npnta"
"23207","Ddhd2","ddhd2"
"23208","Apbb2","apbb2b"
"23209","Mxd4","mxd4"
"23210","","LOC111581809"
"23211","1810010H24Rik","LOC111576431"
"23212","","LOC111564256"
"23213","Pik3r6","LOC111564238"
"23214","","ldlrb"
"23215","Fam76b",""
"23216","Fdxacb1",""
"23217","Tomm40l","si:dkey-71l1.1"
"23218","Bicdl2","bicdl2"
"23219","Mia",""
"23220","Cldn7","LOC111571974"
"23221","Cryab","LOC111580654"
"23222","","LOC111571959"
"23223","Mtmr2","mtmr2"
"23224","Lama3","LOC111579929"
"23225","Lrrc61","lrrc61"
"23226","Chchd3","LOC111566800"
"23227","Ttc39c","LOC111579928"
"23228","Slc35b4","slc35b4"
"23229","Cib2","cib2"
"23230","Golt1b","golt1bb"
"23231","","LOC111581652"
"23232","","prtfdc1b"
"23233","Tcf12","LOC111577269"
"23234","Ifitm5",""
"23235","Rab8b","LOC111581260"
"23236","Parp16",""
"23237","Psma8","psma8"
"23238","","rps27l"
"23239","Dnaja4","dnaja"
"23240","Dpp6","LOC111570143"
"23241","Gtf2h1","gtf2h1"
"23242","Pwwp4b","si:dkey-127k13.1"
"23243","Pwwp4d","si:dkey-127k13.1"
"23244","Pwwp3a","si:dkey-127k13.1"
"23245","Pwwp3b","si:dkey-127k13.1"
"23246","Pwwp4c","si:dkey-127k13.1"
"23247","Pwwp4a","si:dkey-127k13.1"
"23248","Gcfc2","gcfc2"
"23249","Ahctf1","ahctf1"
"23250","Foxq1","foxq1a"
"23251","Fem1a","fem1a"
"23252","Fem1al","fem1a"
"23253","Cebpd","cebpd"
"23254","Zfp830","znf830"
"23255","","setd9"
"23256","Rap2b","LOC111577300"
"23257","Thoc5","thoc5"
"23258","Rfx7",""
"23259","Saal1","saal1"
"23260","","si:dkeyp-59c12.1"
"23261","Gnrhr","gnrhr4"
"23262","Shisal1","shisal1b"
"23263","Tph1","tph1a"
"23264","","LOC111578822"
"23265","","LOC111578823"
"23266","","LOC111581482"
"23267","","LOC111581480"
"23268","","LOC111581483"
"23269","","LOC111581481"
"23270","Plscr4","LOC111567662"
"23271","Plscr3","LOC111567662"
"23272","Foxb1","foxb1a"
"23273","Gcnt3","gcnt3"
"23274","Gpr84","LOC111566801"
"23275","Gpr150","LOC111566801"
"23276","Fibin","fibina"
"23277","","LOC129350068"
"23278","","LOC129348602"
"23279","Bcl2","LOC111579931"
"23280","","LOC129350069"
"23281","","LOC129349217"
"23282","","LOC129348882"
"23283","","LOC129348648"
"23284","","LOC129348028"
"23285","","LOC129347853"
"23286","","LOC111576429"
"23287","","LOC111573201"
"23288","","LOC111573200"
"23289","","LOC111573202"
"23290","","LOC111573199"
"23291","","LOC111573198"
"23292","","LOC111574150"
"23293","","LOC111574152"
"23294","","LOC111574149"
"23295","","LOC111574146"
"23296","","LOC111574147"
"23297","","LOC111574145"
"23298","","LOC111574151"
"23299","","LOC111574148"
"23300","Mir190a",""
"23301","Pde3a",""
"23302","Sqor","LOC111577712"
"23303","Rassf10","rassf10b"
"23304","Rgs9bp","si:ch73-167i17.6"
"23305","Thap11","thap11"
"23306","","LOC129350809"
"23307","","LOC129350420"
"23308","","LOC129349323"
"23309","","LOC129349298"
"23310","","LOC129348523"
"23311","","LOC111572450"
"23312","Snord68","LOC111571138"
"23313","Snord68","LOC111571137"
"23314","","LOC111587579"
"23315","","znf710b"
"23316","","LOC111587581"
"23317","Gnb5","gnb5b"
"23318","","LOC111576008"
"23319","","hspb11"
"23320","Smn1","smn1"
"23321","Kpna2rt","LOC111576425"
"23322","Kpna2","LOC111576425"
"23323","Art2a",""
"23324","Art3",""
"23325","Art5",""
"23326","Art1",""
"23327","Art2b",""
"23328","Art4",""
"23329","Unc5c","unc5ca"
"23330","Trappc5","trappc5"
"23331","Il13ra2","il13ra2"
"23332","B3gnt3","LOC111584732"
"23333","Smarca4","LOC111570154"
"23334","B3gnt3","LOC111584724"
"23335","B3gnt3",""
"23336","B3gnt3","LOC111584710"
"23337","Lrch2","lrch2"
"23338","","zgc:163098"
"23339","Wdr44","wdr44"
"23340","Cwc15","cwc15"
"23341","Plp1","plp1b"
"23342","Msn","msna"
"23343","Pdlim5","pdlim5a"
"23344","Rgs7bp","rgs7bpa"
"23345","Smad4","LOC111577007"
"23346","Disp3","disp3"
"23347","","si:dkey-32e23.4"
"23348","Ubl4a",""
"23349","Pde4d","pde4d"
"23350","Klhl13","klhl13"
"23351","Klhl9","klhl13"
"23352","Ces2a","nlgn3b"
"23353","Ces2g","nlgn3b"
"23354","Ces2e","nlgn3b"
"23355","Ces2b","nlgn3b"
"23356","Ces2f","nlgn3b"
"23357","Ces2c","nlgn3b"
"23358","Ces2h","nlgn3b"
"23359","Ces1a","nlgn3b"
"23360","Ces1f","nlgn3b"
"23361","Ces1e","nlgn3b"
"23362","Ces1d","nlgn3b"
"23363","Ces1g","nlgn3b"
"23364","Ces1b","nlgn3b"
"23365","Ces1c","nlgn3b"
"23366","Ces1h","nlgn3b"
"23367","Ces4a","nlgn3b"
"23368","Ces5a","nlgn3b"
"23369","Cchcr1","cchcr1"
"23370","Lhfpl7","LOC111572620"
"23371","Zc3h12b","zc3h12b"
"23372","Gria3","gria3a"
"23373","Zfp422","si:ch1073-224n8.1"
"23374","Ltbp3","ltbp3"
"23375","Thoc2l","thoc2"
"23376","Thoc2","thoc2"
"23377","Sptbn2","sptbn2"
"23378","","dpf2"
"23379","Stag2",""
"23380","Sipa1",""
"23381","","LOC111575209"
"23382","Plcxd3","plcxd3"
"23383","","LOC111579861"
"23384","","LOC111579859"
"23385","","myo1ca"
"23386","","LOC111577013"
"23387","Tmed7",""
"23388","Trim36","trim36"
"23389","Mast1","mast1a"
"23390","Tfip11","tfip11"
"23391","Elovl7","elovl7a"
"23392","Pggt1b","pggt1b"
"23393","","LOC111583604"
"23394","Fbxw26","wdr54"
"23395","Fbxw14","wdr54"
"23396","Fbxw15","wdr54"
"23397","Fbxw19","wdr54"
"23398","Fbxw18","wdr54"
"23399","Fbxw22","wdr54"
"23400","Fbxw16","wdr54"
"23401","Fbxw27","wdr54"
"23402","Fbxw20","wdr54"
"23403","Fbxw28","wdr54"
"23404","Fbxw24","wdr54"
"23405","Fbxw13","wdr54"
"23406","Fbxw21","wdr54"
"23407","Fbxw25","wdr54"
"23408","Wdr54","wdr54"
"23409","","rhobtb4"
"23410","","foxd5"
"23411","Cldn24","cldn26"
"23412","Cldn22","cldn26"
"23413","H1f6","LOC111572190"
"23414","","htr1aa"
"23415","Foxb2","foxb2"
"23416","","LOC111575568"
"23417","","LOC129349165"
"23418","","LOC129350503"
"23419","","LOC129349468"
"23420","","LOC129349106"
"23421","Gm23090","LOC111576660"
"23422","Gm22888","LOC111576660"
"23423","Gm24837","LOC111576660"
"23424","Mir27b",""
"23425","Strip1","strip1"
"23426","","LOC111574376"
"23427","Tkt","tkta"
"23428","","LOC111571958"
"23429","Sec61a1","sec61a1a"
"23430","","arhgap35b"
"23431","Abcg4","abcg4a"
"23432","Dscaml1",""
"23433","H1f8",""
"23434","Srsf3","srsf3b"
"23435","Chic2","chic2"
"23436","Haspin","haspin"
"23437","Polg2","polg2"
"23438","Srp68","srp68"
"23439","Rbm47","rbm47"
"23440","Hinfp","hinfp"
"23441","Dpagt1","dpagt1"
"23442","C2cd2l","c2cd2l"
"23443","Mcoln1","mcoln1a"
"23444","Phldb1","phldb1a"
"23445","Ndufaf3",""
"23446","Ip6k2","ip6k2b"
"23447","Cdkn1a","cdkn1a"
"23448","Gpr25","gpr25"
"23449","Atf5","atf5a"
"23450","Scn4b","scn4bb"
"23451","Mpzl2","LOC111579866"
"23452","Pafah1b2","pafah1b2"
"23453","Stk36",""
"23454","Adamts15",""
"23455","Tagln",""
"23456","Snx19",""
"23457","","LOC129348873"
"23458","Bco2","LOC111575208"
"23459","","LOC111587445"
"23460","","LOC111587444"
"23461","","LOC111577868"
"23462","","LOC111585822"
"23463","","LOC111575250"
"23464","","LOC111565881"
"23465","Fkbp11","fkbp11"
"23466","Twf2","LOC111568123"
"23467","Ubash3b",""
"23468","F11r","f11r.1"
"23469","Rab6a","rab6a"
"23470","Dnajb13","dnajb13"
"23471","Ucp2","ucp2"
"23472","","LOC111579854"
"23473","Foxo1","LOC111588523"
"23474","Stard13","stard13a"
"23475","Mttp","mttp"
"23476","Kit","kitb"
"23477","","LOC111570984"
"23478","Tbck","tbck"
"23479","","si:dkey-17e16.9"
"23480","Atg4d","atg4da"
"23481","Pik3r5","pik3r5"
"23482","Tspan5","LOC111575318"
"23483","Ddx39a","LOC111564226"
"23484","Nol11",""
"23485","Acer2","acer2"
"23486","","LOC111564227"
"23487","Rps6","rps6"
"23488","","LOC111575456"
"23489","Mgat5b","LOC111564240"
"23490","Slc22a7","LOC111575333"
"23491","Prpsap1","LOC111564214"
"23492","Nbea","nbeaa"
"23493","Pkn1","pkn1a"
"23494","Ccna1","ccna1"
"23495","Rfxap","rfxap"
"23496","","smad9"
"23497","Exosc8",""
"23498","","supt20"
"23499","Supt20","supt20"
"23500","Ugt2a3","LOC111565959"
"23501","Ugt1a6a","LOC111565959"
"23502","Ugt1a7c","LOC111565959"
"23503","Ugt1a6b","LOC111565959"
"23504","Ugt1a10","LOC111565959"
"23505","Ugt1a8","LOC111565959"
"23506","Ugt1a9","LOC111565959"
"23507","Ugt1a2","LOC111565959"
"23508","Ugt1a5","LOC111565959"
"23509","Ugt2a1","LOC111565959"
"23510","Ugt2a2","LOC111565959"
"23511","Postn","LOC111566038"
"23512","Trpc4","LOC111565880"
"23513","Ufm1","ufm1"
"23514","Frem2","frem2a"
"23515","1700067K01Rik","c4h19orf67"
"23516","","prr36a"
"23517","","LOC111570161"
"23518","","trim47"
"23519","Lrrtm1","lrrtm1"
"23520","","LOC111564250"
"23521","Trim3","trim3b"
"23522","Mir365-1",""
"23523","Neu3",""
"23524","","fhdc3"
"23525","Arfip2","arfip2b"
"23526","Dclk1","dclk1a"
"23527","Spart","sparta"
"23528","Smyd4","smyd4"
"23529","Coa4","LOC111588267"
"23530","Ubl3",""
"23531","Hmgb1","hmgb1a"
"23532","Uspl1","uspl1"
"23533","Alox5ap","alox5ap"
"23534","Medag","LOC111588263"
"23535","B3glct","b3glctb"
"23536","","fryb"
"23537","Zar1l","zar1l"
"23538","Kl","kl"
"23539","Rfc3","rfc3"
"23540","Pds5b","pds5b"
"23541","Lrrn4cl",""
"23542","Sertm1",""
"23543","","LOC111580664"
"23544","Cct8","LOC111582643"
"23545","Ppme1",""
"23546","Ugt2a3","LOC111565989"
"23547","Ugt1a6a","LOC111565989"
"23548","Ugt1a7c","LOC111565989"
"23549","Ugt1a6b","LOC111565989"
"23550","Ugt1a10","LOC111565989"
"23551","Ugt1a8","LOC111565989"
"23552","Ugt1a9","LOC111565989"
"23553","Ugt1a2","LOC111565989"
"23554","Ugt1a5","LOC111565989"
"23555","Ugt2a1","LOC111565989"
"23556","Ugt2a2","LOC111565989"
