cluster	gene	p_val_adj	p_val	avg_log2FC	pct.1	pct.2
0	ATP13A5	1.30328298442472e-62	1.17275531757826e-66	1.57278245863119	0.976	0.707
0	SHISA6	1.90058450270992e-59	1.71023531243581e-63	2.71954844286426	0.728	0.246
0	ISLR	4.07340416056711e-52	3.66544061960506e-56	1.43145865616241	0.807	0.334
0	GLRA1	1.07835015764248e-50	9.70350182347234e-55	1.80376246287955	0.586	0.162
0	NRP1	8.81954189002599e-48	7.93623854047151e-52	1.88594628826222	0.761	0.326
0	GAD2	1.87082616611238e-47	1.68345736174964e-51	1.94151635840803	0.592	0.19
0	ANK1	1.45585836098981e-46	1.31004981642203e-50	1.30991632264546	0.949	0.587
0	GRIN2A	1.62457265957078e-46	1.46186687624474e-50	1.53778266578819	0.882	0.43
0	PCDH17	2.97927425657235e-44	2.68089107943161e-48	1.70158070778147	0.816	0.37
0	HPCAL4	5.35415187491847e-43	4.81791764142758e-47	1.32107065381558	0.677	0.237
0	SLC6A1	1.68835927378279e-42	1.51926507134238e-46	0.887802146282138	0.906	0.497
0	GRID1	2.1411602682041e-42	1.92671669954476e-46	1.53762937195276	0.967	0.688
0	ALK	4.27891300504312e-42	3.85036714212465e-46	1.15059175374001	0.834	0.409
0	GRIN2D	1.05021324883495e-41	9.45031268635782e-46	1.25462371226972	0.749	0.296
0	ADCYAP1R1	1.77608317044559e-41	1.59820315886403e-45	1.1328714539192	0.798	0.333
0	SYT2	5.11996240470606e-41	4.60718294313512e-45	1.67181647467873	0.819	0.445
0	GRIK5	5.3792801195552e-41	4.84052921763269e-45	0.964982233546599	0.934	0.531
0	LRRC4C	1.11102833382237e-40	9.99755541997994e-45	1.42217379109028	0.894	0.523
0	LRP1B	3.49982756615371e-40	3.14930942693576e-44	1.24624270595864	0.864	0.449
0	CAMTA1	2.2010725437714e-38	1.98062858253523e-42	1.27743183005155	0.819	0.412
0	SLC32A1	4.11726156026768e-37	3.70490557029396e-41	1.56057018798546	0.64	0.275
0	ATP1B1	2.69995704255728e-36	2.42954831508799e-40	1.7779632635361	0.855	0.502
0	CACNG3	1.40558489898697e-35	1.26481139115178e-39	1.08223323975709	0.625	0.219
0	SV2A	1.65599631920369e-35	1.49014336291162e-39	0.999100200514422	0.864	0.438
0	CR2	2.67814221047273e-35	2.4099183033139e-39	0.771078551690346	0.873	0.449
0	GABRA3	4.00873955321791e-35	3.60725236499407e-39	1.15501772714803	0.607	0.212
0	FIBCD1	1.36016475089342e-34	1.22394020596907e-38	1.40118848120341	0.656	0.263
0	SLC4A11	3.88212572369636e-34	3.49331928704793e-38	0.75814259487837	0.894	0.42
0	NRXN2	5.14015382413757e-34	4.62535213186139e-38	0.852622181828712	1	0.792
0	GALNT16	7.75577862772746e-34	6.97901433251818e-38	1.14711047884546	0.604	0.207
0	SORCS3	2.55697966793127e-33	2.30089054974469e-37	1.10826010118375	0.743	0.361
0	HSPA12A	9.53960136361363e-33	8.58418191632649e-37	1.34853361205984	0.505	0.161
0	GRID2	9.59667262311808e-33	8.63553731946197e-37	0.976214418721862	0.924	0.572
0	SYNGR3	2.91375352697003e-32	2.62193244575725e-36	1.14881583957524	0.831	0.436
0	CABP7	3.21942743679005e-32	2.89699220443629e-36	1.63014927677167	0.42	0.112
0	ARHGDIG	6.67833535260606e-32	6.00948020571048e-36	1.16573018432937	0.526	0.172
0	PPARGC1A	7.70037312829844e-32	6.92915785863263e-36	2.0133975245404	0.414	0.118
0	FGF14	1.08135574368793e-31	9.73054750011632e-36	1.09666755757282	0.861	0.449
0	CSMD1	3.18120511188407e-31	2.86259795904263e-35	0.83865065283296	0.924	0.51
0	KIRREL1	4.51328571919267e-30	4.06126673192897e-34	0.852955065125667	0.855	0.45
0	ZFHX3	1.3190945192693e-29	1.18698328018474e-33	1.08874062986313	0.622	0.249
0	NSF	1.3217673922131e-29	1.18938845695411e-33	0.911174664898028	0.849	0.456
0	GAD1	1.58837036563627e-29	1.42929034971319e-33	1.58219619744237	0.586	0.248
0	DPP10	3.40939597428976e-29	3.06793482794003e-33	1.09583835420897	0.861	0.498
0	DNM3	4.15370850094939e-29	3.7377022414734e-33	0.978281774515073	0.749	0.342
0	SLITRK1	5.29200115852676e-29	4.76199150411838e-33	0.975219462013022	0.737	0.329
0	ALDOC	5.48101204183049e-29	4.93207238534194e-33	0.905126855056249	0.837	0.456
0	FXYD6	6.21413889865765e-29	5.59177440714267e-33	1.09818993167911	0.701	0.316
0	NLGN4Y	9.98939968166588e-29	8.98893159512812e-33	0.849663058526634	0.782	0.369
0	CACNA2D2	1.10613334229997e-28	9.95350798434242e-33	0.793545384691297	0.915	0.512
0	YWHAG	1.24173942398421e-28	1.11737552774607e-32	1.32862481464654	0.891	0.577
0	PDE10A	1.78421266649217e-28	1.60551846170446e-32	1.24854501464008	0.438	0.132
0	LRRTM4	2.66428980311315e-28	2.39745325574836e-32	1.03212773339384	0.9	0.517
0	ITM2C	3.58877793439077e-28	3.22935115125598e-32	1.03592667143535	0.647	0.266
0	LRFN5	4.22026802047557e-28	3.7975956271714e-32	0.865660808445242	0.728	0.33
0	MGAT4C	6.36802183596356e-28	5.73024551063039e-32	1.36512733041714	0.665	0.306
0	ELMOD1	7.03118360866501e-28	6.32698965955639e-32	1.0038357010862	0.758	0.351
0	MAP1A	7.29891867562958e-28	6.56791026332186e-32	0.803781186893847	0.958	0.725
0	RCAN3	1.18370057343483e-27	1.06514944068643e-31	1.01052535352462	0.644	0.276
0	DKK3	2.08663152934152e-27	1.87764917604744e-31	2.31645236518773	0.199	0.025
0	CACNG2	2.24194478583806e-27	2.01740734800509e-31	0.90978367916629	0.816	0.443
0	NALF1	2.66369072610299e-27	2.39691417808242e-31	0.940725479487779	0.807	0.419
0	NRG2	2.91099213589455e-27	2.61944761621034e-31	0.976381842033837	0.731	0.363
0	NOVA1	3.08871019665588e-27	2.7793666846539e-31	0.781202928910929	0.991	0.847
0	ATP6V0C	3.43564727032882e-27	3.09155697860957e-31	0.912974563693717	0.921	0.596
0	OPRL1	5.01958913349614e-27	4.51686235354642e-31	0.979678413744799	0.565	0.216
0	NDUFA4	5.13381962562225e-27	4.61965232216526e-31	0.94962765292586	0.598	0.239
0	SCN8A	7.33751132975832e-27	6.60263774836526e-31	1.01657806691583	0.677	0.305
0	ATP1B3	9.23013321379324e-27	8.30570792206716e-31	0.821794048645716	0.924	0.586
0	TMEM59L	1.42678630258792e-26	1.28388941112924e-30	0.853720007283986	0.831	0.433
0	CACNA1I	1.56750076864269e-26	1.41051090492459e-30	0.987185380031314	0.659	0.293
0	STXBP5L	1.75444247209692e-26	1.57872984081429e-30	0.605521587297711	0.825	0.426
0	MAP1B	2.02982514633086e-26	1.82653212123717e-30	0.956786184362685	0.71	0.327
0	STK32A	3.59860972903229e-26	3.23819826242445e-30	1.25734489214786	0.408	0.125
0	CALML3	4.90569626925099e-26	4.41437619837217e-30	1.06403404095995	0.937	0.693
0	SLC6A17	6.70944230637936e-26	6.03747170555148e-30	0.85261109327075	0.767	0.372
0	CDH18	1.63687760714443e-25	1.47293944672404e-29	0.898733602288699	0.631	0.26
0	ZNF385A	1.71938931645865e-25	1.54718736296108e-29	1.50728809514723	0.36	0.101
0	BRSK2	1.94276727752953e-25	1.7481933569059e-29	0.86571908177598	0.927	0.59
0	KIF5A	2.8540547181347e-25	2.5682126501707e-29	0.794984826240202	0.87	0.51
0	XKR5	3.674177138681e-25	3.30619737125978e-29	1.23209542302284	0.459	0.156
0	IFFO1	4.16736732202573e-25	3.74999309099769e-29	1.16975033952097	0.511	0.187
0	THSD7A	4.39012763378604e-25	3.95044329504728e-29	0.927349425086019	0.589	0.237
0	KCNA2	4.92204421415467e-25	4.42908684797505e-29	1.1091595400774	0.535	0.206
0	MCF2	5.25399940388645e-25	4.72779573822231e-29	1.80165304621221	0.42	0.139
0	SCN4B	8.63383156485616e-25	7.76912765666891e-29	2.00579933026223	0.35	0.101
0	HS3ST5	2.24542553073566e-24	2.02053948594948e-28	1.94231821561815	0.284	0.068
0	PLPP6	3.06443139093572e-24	2.75751947353165e-28	1.11267418310272	0.353	0.098
0	SLC29A1	3.71106192994215e-24	3.33938804098097e-28	1.58190561041062	0.257	0.053
0	CACNG7	4.46147488903731e-24	4.01464491049879e-28	1.20705878253042	0.577	0.237
0	CNTN1	7.34348029763361e-24	6.60800890635617e-28	0.825772821599643	0.764	0.395
0	L1CAM	9.33172277660398e-24	8.39712298803561e-28	0.61439216703354	0.927	0.57
0	DOC2B	9.60191572518791e-24	8.64025530926654e-28	0.884272055417464	0.61	0.257
0	INPP4B	1.0307766752299e-23	9.27541325681545e-28	0.963431857991958	0.526	0.205
0	FRMPD3	1.04314371722576e-23	9.38669771642001e-28	0.879297231167795	0.565	0.226
0	TTC9B	1.12337523149536e-23	1.01086586114943e-27	0.731010430968033	0.668	0.296
0	PCDHAC2	1.150472314434e-23	1.03524909064519e-27	0.648053037578446	1	0.804
0	GABRA1	2.12364272728307e-23	1.91095359244405e-27	0.738395136677207	0.873	0.496
0	ATP6V1B2	2.1865238741291e-23	1.96753700542527e-27	1.03120980398997	0.402	0.125
0	KCNAB3	2.37304643857011e-23	2.13537878032045e-27	0.987104880002395	0.583	0.233
0	STMN2	3.64435265749373e-23	3.27935990056126e-27	0.648794283034058	0.813	0.455
0	STXBP1	3.78186958654341e-23	3.40310410019204e-27	0.713124863030774	0.861	0.511
0	IQSEC3	4.92404386495981e-23	4.4308862278051e-27	0.923439222226932	0.692	0.333
0	SLC8A3	5.35247800964604e-23	4.81641141874025e-27	0.619809329270373	0.867	0.463
0	STX1B	5.5031358564909e-23	4.951980434168e-27	0.831357574313747	0.801	0.436
0	ATP1B2	6.05079685643133e-23	5.44479155622364e-27	1.0151611749587	0.668	0.319
0	TIMP2	6.78574243083653e-23	6.10613014562812e-27	0.638867868510316	0.725	0.349
0	DLG4	9.31654763912483e-23	8.38346768570577e-27	0.616494370848561	0.834	0.432
0	CSMD3	1.02203762739226e-22	9.19677519474726e-27	0.77952309195208	0.879	0.519
0	SHISA7	1.88820363632665e-22	1.69909442664145e-26	0.282453882777743	0.834	0.453
0	GLRB	2.7339457554984e-22	2.46013295734581e-26	1.18657517813181	0.71	0.37
0	CBLN4	2.81267318261543e-22	2.53097559850214e-26	2.46246764978517	0.211	0.039
0	CCDC136	3.41652919633956e-22	3.07435363658739e-26	0.777234067632972	0.722	0.375
0	GABRG2	5.71195456989124e-22	5.13988533239561e-26	0.653838570490342	0.885	0.508
0	APP	7.13535527198557e-22	6.42072822098945e-26	0.6585768146498	0.97	0.727
0	RDH11	7.14928399500228e-22	6.43326194097209e-26	0.982939329139187	0.583	0.247
0	GRM4	1.01801312237943e-21	9.16056080607788e-26	0.789230979709908	0.81	0.482
0	CXXC4	1.04220416737485e-21	9.37824320502883e-26	0.657307071155282	0.616	0.262
0	C16orf89	1.12723858869745e-21	1.01434229163812e-25	1.52442686554876	0.284	0.073
0	PKM	1.30824115062134e-21	1.17721690868473e-25	0.927467561273355	0.598	0.267
0	ST6GALNAC5	2.00667516607461e-21	1.80570068035149e-25	0.977358327057454	0.52	0.214
0	KCNN2	2.30691414060844e-21	2.07586982867672e-25	1.59290190156321	0.263	0.063
0	EEF2	3.74306801891006e-21	3.36818862495281e-25	0.468153503778191	0.628	0.297
0	EEF1A1	4.74469132592744e-21	4.26949637895027e-25	0.589887814824006	0.613	0.278
0	AMIGO1	5.03360612626376e-21	4.52947550280191e-25	0.905176020971526	0.477	0.179
0	ZFHX4	5.12976832303896e-21	4.61600676958423e-25	1.0534839415493	0.553	0.241
0	FUT9	5.80291904687813e-21	5.22173944648441e-25	1.00034642092082	0.426	0.149
0	DNER	5.89353973058846e-21	5.30328419921574e-25	0.655417697356699	0.906	0.543
0	SNCB	7.49967916505937e-21	6.74856399267468e-25	0.664575330908873	0.737	0.355
0	SNAP25	8.04138692681053e-21	7.2360181110506e-25	0.64018495030729	0.997	0.808
0	DNM1	1.18493047043121e-20	1.06625615984091e-24	0.640322303195147	0.695	0.355
0	CTXN2	1.20751381774802e-20	1.0865777177612e-24	2.1780561495408	0.205	0.039
0	PRKCE	1.26549491023411e-20	1.13875183139936e-24	0.662681885033311	0.604	0.254
0	NSG1	1.35676558464368e-20	1.22088147632833e-24	0.703480868057298	0.807	0.411
0	FGF12	1.65141730810613e-20	1.48602295339344e-24	0.656695323183607	0.807	0.444
0	ATP6V1A	1.88141546876958e-20	1.6929861142532e-24	1.13752357262523	0.456	0.177
0	VSNL1	2.00549018002225e-20	1.80463437417642e-24	0.718617392264105	0.852	0.525
0	GAPDHS	2.05221412774768e-20	1.84667877958038e-24	0.723517205248742	0.752	0.403
0	PTCHD4	2.15590483471053e-20	1.93998455386532e-24	0.744995464250234	0.58	0.25
0	EPHB2	2.35451420187369e-20	2.11870260224394e-24	0.942460132840605	0.701	0.361
0	DCLK1	2.43406302203386e-20	2.19028437148732e-24	0.753123530086769	0.746	0.372
0	NAV3	2.44072415413965e-20	2.19627837140255e-24	0.715722711467677	0.864	0.496
0	KCNC1	2.45285148841365e-20	2.20719111708238e-24	0.841233620887901	0.556	0.229
0	NYAP1	2.88712559158845e-20	2.59797137729547e-24	1.11097398091411	0.396	0.136
0	NECTIN1	3.97054323200139e-20	3.57288151894303e-24	0.782778680438645	0.628	0.316
0	ATP6AP1	5.20141765972934e-20	4.68048021212035e-24	0.691447831526744	0.719	0.345
0	CACNG8	5.92166580511201e-20	5.32859336372898e-24	0.664525968418219	0.767	0.415
0	KCNIP1	7.15875534014371e-20	6.44178470272988e-24	0.972917964856571	0.474	0.188
0	SLCO3A1	7.31158503644082e-20	6.57930805042817e-24	0.823790388161478	0.535	0.22
0	ADGRA1	7.50011177845573e-20	6.7489532785528e-24	0.934026915982977	0.495	0.196
0	NAT16	7.77979328570824e-20	7.00062385108273e-24	0.794223393036153	0.701	0.346
0	DNAJC5	8.15313858178323e-20	7.33657750542899e-24	0.880033839736096	0.498	0.202
0	CAPN5	1.12192551194892e-19	1.00956133532703e-23	0.854655702810395	0.571	0.243
0	SNCG	1.18049742281926e-19	1.06226709513116e-23	1.29298426325859	0.647	0.317
0	KCNAB2	1.25831982218726e-19	1.13229534975908e-23	0.907398581677599	0.58	0.259
0	ELFN2	1.36478244629331e-19	1.22809542544166e-23	0.688229791407106	0.861	0.513
0	PCDH9	1.70579049531682e-19	1.53495050419943e-23	0.816632496321482	0.825	0.473
0	SLC24A2	1.80775335413422e-19	1.62670147946929e-23	0.444471478179447	0.701	0.344
0	ENPP5	1.83401395106917e-19	1.65033199952234e-23	1.04067540423267	0.353	0.115
0	FNBP1	1.92100525475194e-19	1.72861086542962e-23	0.840032415179642	0.559	0.246
0	SMARCA4	2.39001452091165e-19	2.1506474587525e-23	0.8807305839501	0.698	0.348
0	LRFN2	2.4224655046918e-19	2.17984837999802e-23	0.722334432818476	0.816	0.503
0	DLGAP1	2.76251901153491e-19	2.48584451681356e-23	0.505851846973741	0.831	0.496
0	ENO2	3.02100527029174e-19	2.7184426080192e-23	0.729405169375385	0.74	0.376
0	LRRC4B	3.5273847217178e-19	3.17410665141528e-23	0.47157542069779	0.819	0.472
0	SLC9A7	3.72896133932155e-19	3.35549477127828e-23	0.857074819445588	0.498	0.198
0	PITPNM2	4.16284875881538e-19	3.74592707533103e-23	0.465366635632664	0.915	0.58
0	CES2	4.41245163650819e-19	3.97053148250535e-23	0.42872776713321	0.867	0.52
0	COX4I1	4.75181185466925e-19	4.27590376556218e-23	0.81735010402446	0.453	0.17
0	ZNF365	7.56947634797831e-19	6.81137078014785e-23	1.02168681388813	0.387	0.135
0	CNTNAP2	8.03307346155005e-19	7.22853726406016e-23	0.764515833915357	0.909	0.568
0	ARF3	8.53130103604767e-19	7.67686586524581e-23	0.945191834192258	0.568	0.268
0	SLIT1	9.26163950783038e-19	8.33405876705694e-23	0.782233954338522	0.447	0.176
0	CNTNAP3B	1.178443686189e-18	1.06041904633222e-22	1.19852437159164	0.668	0.362
0	PTPRF	1.30047746863746e-18	1.17023078254068e-22	0.755107305079322	0.801	0.497
0	MPC1	1.6000397459164e-18	1.43979100685359e-22	1.17401058687643	0.287	0.081
0	SCAMP5	1.68737568871169e-18	1.51837999524133e-22	0.699909859311501	0.743	0.39
0	NRXN1	1.71437904480531e-18	1.54267888491434e-22	0.400267275552399	0.9	0.539
0	AJAP1	1.77583594966843e-18	1.59798069798293e-22	0.746557686395202	0.65	0.311
0	DOK4	1.8990086681975e-18	1.70881730243634e-22	0.720826638489259	0.662	0.323
0	FGD1	1.9062355090676e-18	1.71532035370071e-22	0.714559476603546	0.462	0.18
0	PLPPR2	2.94805174207e-18	2.65279559261225e-22	0.317111247067767	0.662	0.299
0	TLCD3B	3.54299606939926e-18	3.18815447619838e-22	0.608848358336205	0.414	0.147
0	SNPH	3.57347167267137e-18	3.21557785716851e-22	0.572174002538254	0.716	0.37
0	PACSIN1	3.65125909151537e-18	3.28557463467594e-22	0.670036064919815	0.764	0.428
0	LHFPL3	3.65981915406479e-18	3.29327738150346e-22	1.02040760091736	0.45	0.176
0	FSTL4	3.69919726929674e-18	3.32871166138463e-22	0.913592725700325	0.662	0.339
0	PCDH10	3.84199068715092e-18	3.45720389377388e-22	0.881754768427739	0.514	0.22
0	SLC29A4	4.94908235112817e-18	4.45341703511938e-22	0.761903274149991	0.505	0.203
0	CPE	5.44648165328167e-18	4.90100031789946e-22	0.582246859143768	0.958	0.634
0	MDGA2	6.42844321852681e-18	5.78461551203708e-22	0.37284453704794	0.979	0.706
0	MAST4	6.9913700879015e-18	6.29116358130253e-22	0.647700978024402	0.544	0.235
0	NRSN1	7.6847570856802e-18	6.91510580912463e-22	0.589062987536477	0.58	0.263
0	BICD1	7.70601601592275e-18	6.93423559427945e-22	0.740900376064704	0.616	0.293
0	BATF2	7.72622069849888e-18	6.95241671780697e-22	1.58592667386339	0.299	0.092
0	GRIA1	7.75315393866822e-18	6.97665251387404e-22	0.776354958487941	0.743	0.386
0	TMEM30A	8.66975863229611e-18	7.80145652145785e-22	0.565622389912455	0.734	0.383
0	SLC4A3	9.4905613869298e-18	8.54005343915216e-22	0.594007484735526	0.486	0.194
0	KSR2	1.09062377390862e-17	9.81394559442652e-22	0.652607816716064	0.828	0.472
0	MAGI3	1.15592521152471e-17	1.04015586387538e-21	0.915778995343353	0.511	0.226
0	LRFN3	1.3849477875293e-17	1.24624114778125e-21	0.706022156820072	0.692	0.368
0	LINGO1	1.47049549413274e-17	1.32322099714995e-21	0.44370131390545	0.888	0.54
0	PRKAR1B	1.49731706049532e-17	1.34735630387413e-21	0.69269492426541	0.55	0.239
0	UNC13C	1.9460025531843e-17	1.75110461008215e-21	0.683563386646118	0.722	0.37
0	SLC5A6	2.12460096976118e-17	1.91181586408817e-21	0.862165456003978	0.387	0.138
0	NBEA	2.2905761435398e-17	2.06116813060361e-21	0.688723118038866	0.813	0.474
0	STMN4	2.89067107522578e-17	2.60116177020227e-21	0.675233875350903	0.438	0.17
0	CAMK2G	3.05962209964516e-17	2.75319184706664e-21	0.707632016571289	0.873	0.604
0	CPNE5	3.25778042014378e-17	2.93150402244559e-21	0.871080687145355	0.628	0.335
0	ELOVL4	3.48836315781335e-17	3.13899321318578e-21	0.827101667921741	0.441	0.172
0	AHDC1	3.59100590653605e-17	3.23135598536493e-21	1.02613881747326	0.269	0.075
0	TENM2	3.86692902355164e-17	3.4796445816176e-21	0.759715461834737	0.795	0.45
0	KCNA1	3.94785881217268e-17	3.5524690112235e-21	0.784100794460511	0.456	0.192
0	ATP6AP2	4.36458224967715e-17	3.92745635712872e-21	0.665354424239843	0.656	0.316
0	INSYN2A	4.77992802537101e-17	4.30120401815082e-21	1.36427936372141	0.317	0.102
0	ZNRF1	5.95006944458777e-17	5.35415229423897e-21	0.938538013234527	0.335	0.112
0	ANXA9	7.02442258993836e-17	6.32090577696244e-21	1.14966397397468	0.356	0.128
0	GJD2	7.37295145835639e-17	6.63452844268549e-21	1.22029547830873	0.302	0.095
0	DOCK11	7.68106591280606e-17	6.91178431819136e-21	0.883965601047067	0.269	0.075
0	UNC5A	1.08792802815225e-16	9.78968800640919e-21	0.959925716148756	0.556	0.268
0	LRRTM1	1.15792435348517e-16	1.04195478582306e-20	1.06644668270587	0.396	0.151
0	TAL1	1.33748902767902e-16	1.20353552387206e-20	3.58637084521964	0.1	0.008
0	ARHGEF7	1.40373714361354e-16	1.26314869397421e-20	0.356711115112413	0.65	0.304
0	CSRNP3	1.46374584981779e-16	1.31714734978655e-20	0.852927932541829	0.423	0.162
0	NAT8L	1.56409276852649e-16	1.40744422615539e-20	0.577422756255854	0.746	0.392
0	CAMK1D	1.9955979045816e-16	1.79573283954072e-20	0.918054744868756	0.495	0.214
0	DYNC1H1	2.12830501353571e-16	1.91514893686288e-20	0.748984106878994	0.492	0.21
0	NLGN2	2.84940506286091e-16	2.56402867170063e-20	0.486798443103845	0.906	0.546
0	DYNC1I1	3.04816138418837e-16	2.74287895634696e-20	0.58505258356667	0.559	0.246
0	SGTB	3.26664552582368e-16	2.93948126142687e-20	1.1663118075992	0.293	0.092
0	ATP6V0A1	3.35028221342736e-16	3.014741486032e-20	0.576407382615534	0.789	0.416
0	ATP6V0E2	3.64232929437944e-16	3.27753918328034e-20	0.716586767997291	0.571	0.269
0	GRIA4	3.84964253704389e-16	3.46408938814352e-20	0.599444525539766	0.613	0.305
0	CTNNB1	5.23821373818218e-16	4.7135910538848e-20	1.00822209862768	0.378	0.14
0	PRUNE2	5.39484329474187e-16	4.85453369453961e-20	0.664960079318695	0.559	0.253
0	PLCB4	6.04154094358217e-16	5.43646265057336e-20	0.497332708304347	0.622	0.299
0	SDK2	6.10737378138686e-16	5.49570213388542e-20	1.2442678088408	0.773	0.464
0	HTR2C	6.35783638529265e-16	5.72108016313565e-20	0.691814537571167	0.656	0.352
0	LRFN1	8.00118114253188e-16	7.19983905563924e-20	0.661808223706273	0.671	0.35
0	SULT4A1	8.49593322073454e-16	7.64504024181998e-20	0.752416971303733	0.462	0.193
0	ARHGEF9	8.81328158952905e-16	7.93060522768743e-20	0.590557552693701	0.583	0.27
0	LRRTM2	9.99309484670539e-16	8.99225667839952e-20	0.784536406915472	0.468	0.196
0	BAIAP3	1.00662899018851e-15	9.05812103112132e-20	0.950353423543576	0.498	0.23
0	CELF4	1.12670560604894e-15	1.01386268878696e-19	0.769934992797386	0.737	0.402
0	SLITRK4	1.13137063634679e-15	1.0180605024267e-19	0.604046604294268	0.553	0.25
0	SLC4A10	1.25032222583102e-15	1.12509873646272e-19	0.556051180974697	0.822	0.443
0	SLC25A3	1.25098745585098e-15	1.12569734171779e-19	0.570742940279343	0.592	0.275
0	PPP6R2	1.2528295608188e-15	1.12735495439467e-19	0.795020304181389	0.471	0.202
0	GUCY1A2	1.30921813493632e-15	1.17809604511502e-19	0.591913486034419	0.535	0.24
0	SLC9A5	1.31426601175291e-15	1.18263836205607e-19	1.37872127386388	0.187	0.041
0	SPOCK1	1.36640953282076e-15	1.22955955441444e-19	0.934473345635111	0.568	0.281
0	CHCHD6	1.40690447062702e-15	1.26599880376767e-19	0.840515552807277	0.532	0.237
0	VWC2L	1.43940153328825e-15	1.29524118895731e-19	0.834719920807414	0.399	0.152
0	LSAMP	1.45774153851213e-15	1.31174438811493e-19	0.626709571997818	0.87	0.623
0	SEMA4B	1.5024731633803e-15	1.35199600772096e-19	0.679959362832434	0.535	0.249
0	ATP6V0D1	1.53320249267427e-15	1.37964770329728e-19	0.944349957033368	0.36	0.131
0	PPP2CA	1.63197493445208e-15	1.46852779128236e-19	0.705191446491397	0.426	0.172
0	ADAMTSL3	1.77460554655951e-15	1.59687352340458e-19	0.69264856257217	0.583	0.282
0	PTPN5	1.85186573453263e-15	1.66639587378082e-19	0.550849504782236	0.526	0.231
0	RAPGEF5	1.87274869597721e-15	1.68518734453092e-19	0.635240834228228	0.571	0.266
0	EML5	2.08572991874956e-15	1.87683786443765e-19	0.976767306540181	0.317	0.105
0	GALNT17	2.56334318766046e-15	2.30661674404792e-19	0.913712876858124	0.332	0.114
0	LRRC4	2.82029579158111e-15	2.53783478051031e-19	0.80250008021598	0.486	0.214
0	SLC7A14	2.9011237304285e-15	2.6105675609003e-19	0.536875358749967	0.647	0.31
0	CAMK1G	2.98693376140557e-15	2.68778346207646e-19	1.41427157425633	0.13	0.018
0	PGK2	3.60596042571642e-15	3.24481276497473e-19	0.781068005704918	0.411	0.162
0	DIRAS1	3.73681781511018e-15	3.36256439765156e-19	0.606289574717114	0.644	0.335
0	SCN1B	3.84308454518369e-15	3.45818819867155e-19	0.318416852330028	0.828	0.477
0	PALM	4.08028626809932e-15	3.67163346360058e-19	0.750923609321354	0.538	0.259
0	TMEM42	4.55073491883992e-15	4.09496528285785e-19	1.87249621652595	0.148	0.026
0	CAMK2N2	4.65094284158328e-15	4.18513708412065e-19	0.720512277910647	0.486	0.211
0	AP2S1	4.79725582515935e-15	4.31679638725758e-19	1.14906244481263	0.233	0.064
0	FAXC	5.13985531458671e-15	4.62508351892982e-19	0.777508015612926	0.432	0.18
0	CARMIL3	5.33883292140993e-15	4.8041329266714e-19	0.78396535333038	0.565	0.273
0	DDAH1	6.08412863750823e-15	5.47478506029716e-19	0.953689562459562	0.323	0.113
0	EHD3	7.10372401811405e-15	6.39226493126433e-19	0.475704991420998	0.344	0.119
0	KIF26B	7.2319029887801e-15	6.50760639681463e-19	0.937899372897832	0.432	0.18
0	PPFIA2	7.58015115054369e-15	6.82097646948951e-19	0.505177877540061	0.785	0.443
0	SV2C	8.61078556474602e-15	7.74838978200848e-19	0.82845097086937	0.378	0.151
0	ZNF385C	9.32080533530728e-15	8.38729896095319e-19	0.737559514564979	0.562	0.276
0	PDE1A	9.69324172638942e-15	8.72243473984471e-19	0.639316493670941	0.61	0.294
0	PRR12	1.03491917095617e-14	9.31268938141066e-19	0.571085619621337	0.725	0.39
0	BHLHA15	1.13199393095611e-14	1.01862137222722e-18	1.84348489387721	0.133	0.021
0	NALCN	1.24328296779868e-14	1.11876448105703e-18	0.438207280234553	0.816	0.436
0	CLIP3	1.27790219562442e-14	1.14991649025864e-18	0.637464337462351	0.749	0.433
0	NEFH	1.33415125715356e-14	1.20053204099124e-18	0.984109948598474	0.275	0.086
0	MUC15	1.48493722907027e-14	1.33621634938385e-18	0.873701362368846	0.447	0.195
0	RAB6B	1.54470314522951e-14	1.38999653129624e-18	0.706950045327758	0.568	0.269
0	ACO2	1.58393130419229e-14	1.42529587347457e-18	0.815948990119397	0.396	0.157
0	PCDH7	1.60390153481182e-14	1.4432660261062e-18	0.780505886526917	0.722	0.433
0	FHDC1	1.65362514483332e-14	1.48800966870631e-18	0.910065162305319	0.236	0.066
0	SH3GL2	1.86094272091932e-14	1.67456377298598e-18	0.517240971990459	0.749	0.405
0	SLC1A1	1.87027738908966e-14	1.68296354637781e-18	1.06801588456952	0.269	0.084
0	TMEM151B	1.91946494788096e-14	1.72722482487263e-18	0.678060979171368	0.338	0.119
0	KIF5C	2.17237526088796e-14	1.95480541787812e-18	0.66504390091841	0.628	0.321
0	GRIA2	2.30063607339982e-14	2.07022052856999e-18	0.591788258624526	0.758	0.412
0	AGAP2	2.35283141606769e-14	2.11718835244101e-18	0.630821268951531	0.604	0.296
0	RBFOX1	2.50285305272691e-14	2.2521848760253e-18	0.692191093128606	0.644	0.334
0	KLHL11	2.5650553177236e-14	2.30815739919337e-18	0.909645814040539	0.263	0.08
0	PCDH19	2.65122252934822e-14	2.38569470831299e-18	0.908720108260276	0.55	0.282
0	SLC25A6	2.86880500533366e-14	2.58148565223942e-18	0.896031416288457	0.266	0.083
0	HCN1	2.87365108251864e-14	2.58584638038211e-18	0.619486300882388	0.647	0.34
0	RAB3A	3.0026852473016e-14	2.70195738981517e-18	0.78691109146735	0.571	0.287
0	SEZ6L2	3.1268219216492e-14	2.81366140704508e-18	0.564942635472587	0.77	0.422
0	DAB1	3.19665158804428e-14	2.87649742467766e-18	0.424401624069952	0.713	0.384
0	SLC20A2	3.42518434622106e-14	3.08214194746788e-18	0.468351112150975	0.761	0.444
0	ESRRG	3.66682760563085e-14	3.29958391580208e-18	1.95365406510357	0.178	0.041
0	SLITRK5	3.83795692275283e-14	3.45357412287666e-18	0.36881680295387	0.52	0.229
0	ATP6V1C1	4.02896502155081e-14	3.625452192523e-18	0.933036056550499	0.275	0.089
0	MYH14	4.06560983483411e-14	3.6584269187745e-18	0.805309074399372	0.42	0.173
0	TRIM67	4.16112804305977e-14	3.74437869437575e-18	0.744281778558105	0.417	0.172
0	CA10	4.19234439312096e-14	3.77246863414106e-18	0.398861101717673	0.876	0.578
0	CADM2	4.27425096135241e-14	3.84617201597446e-18	0.765357871751259	0.553	0.273
0	CACNB3	4.30922244132148e-14	3.87764099821963e-18	0.781722930338274	0.323	0.113
0	NDFIP1	4.38849550542558e-14	3.94897462919606e-18	0.388612828987904	0.698	0.37
0	MAP7D1	4.54521255158555e-14	4.08999599710749e-18	0.340932018497724	0.722	0.391
0	SPTBN4	4.60694266652845e-14	4.14554365745383e-18	0.539097312476318	0.734	0.393
0	IGSF9B	4.7478723921114e-14	4.27235885189544e-18	0.262244637678427	0.852	0.547
0	GARNL3	5.33233530152038e-14	4.79828606273768e-18	0.390819165110013	0.622	0.302
0	FSCN1	5.38596338723295e-14	4.84654313617651e-18	0.808939244695165	0.453	0.2
0	ZNF608	5.92176106936748e-14	5.32867908698594e-18	0.304878075201784	0.704	0.359
0	MAN1A1	5.94996421420644e-14	5.35405760299328e-18	0.723986366901628	0.508	0.237
0	MYT1L	6.32469496475686e-14	5.69125795442892e-18	0.62375845227792	0.677	0.367
0	RAP1GDS1	7.00236161711716e-14	6.30105427617849e-18	0.536014049087754	0.565	0.268
0	DCC	7.07075157207612e-14	6.36259477375697e-18	0.589204418470263	0.731	0.418
0	TRIM46	7.5163182304676e-14	6.76353660619779e-18	0.302423866192365	0.568	0.268
0	SLCO1C1	8.79960921645163e-14	7.91830218343529e-18	0.602338669571524	0.305	0.109
0	CPEB3	1.08035595386412e-13	9.72155092112045e-18	0.494762651699903	0.517	0.234
0	PLXNA2	1.16056889843013e-13	1.04433447172693e-17	0.781669970927617	0.662	0.386
0	HSP90AA1	1.23776953059163e-13	1.1138032309832e-17	0.459445957079956	0.565	0.262
0	PCSK1	1.25052959843819e-13	1.12528534008655e-17	0.525115471074454	0.674	0.346
0	RNF208	1.26706938055358e-13	1.14016861383387e-17	0.757560420685122	0.432	0.179
0	FNDC5	1.28784749352192e-13	1.15886573699444e-17	0.910159574007367	0.278	0.092
0	MARCKS	1.3312376328387e-13	1.19791022481661e-17	0.699669090593761	0.511	0.246
0	SLC39A10	1.46972763775065e-13	1.32253004386813e-17	0.980581461854808	0.242	0.072
0	MPPE1	1.54307809904524e-13	1.38853423832021e-17	0.783098361569049	0.399	0.162
0	ASTN2	1.54548818240301e-13	1.39070294466211e-17	0.628857485451412	0.677	0.364
0	WBP1	1.60623501692226e-13	1.44536580304352e-17	0.396741223108884	0.698	0.386
0	FAM135B	1.62288654496422e-13	1.46034963103052e-17	0.881930830819655	0.381	0.154
0	DNAAF9	1.71472316038653e-13	1.5429885362967e-17	0.429429502162251	0.637	0.313
0	MAP3K9	1.96275091790612e-13	1.76617557626755e-17	0.865361853157719	0.299	0.102
0	PLPPR4	1.99460833620664e-13	1.79484237938148e-17	0.507126148696397	0.825	0.495
0	PLXDC2	2.24322780125028e-13	2.01856186560809e-17	0.554719153199989	0.432	0.187
0	RND1	2.41168190366825e-13	2.17014478868735e-17	0.48317634669816	0.432	0.182
0	CDS1	2.50832056351393e-13	2.25710479934665e-17	0.54334616601179	0.514	0.235
0	PDCD6	2.62270007331329e-13	2.36002886107558e-17	0.921238640312319	0.323	0.119
0	KLC3	2.68222540994417e-13	2.41359255821486e-17	0.717567286088588	0.716	0.416
0	KCNB1	2.81474888188809e-13	2.53284341031952e-17	0.665010417505847	0.544	0.259
0	PCDH11Y	3.03908094662725e-13	2.73470795161275e-17	0.774259085766819	0.529	0.259
0	CHD5	3.26105294353751e-13	2.93444879288896e-17	0.569104240172754	0.671	0.353
0	LDB2	3.32262569446673e-13	2.98985484969561e-17	0.826706255655786	0.477	0.22
0	MCF2L2	3.96816959022296e-13	3.57074560444791e-17	0.592610816029847	0.653	0.336
0	LRRC7	4.16282999518481e-13	3.74591019093387e-17	0.428800394034192	0.846	0.484
0	SLC16A7	4.45073758416263e-13	4.00498297864e-17	0.693520114918587	0.465	0.213
0	MDH1	4.50252820788919e-13	4.05158661737531e-17	0.562224747089817	0.565	0.283
0	LEPROTL1	4.5194238062616e-13	4.06679007132332e-17	0.833395401668846	0.326	0.123
0	ATP6V1H	4.56764340489635e-13	4.11018033374998e-17	0.632111469052874	0.453	0.197
0	NTRK3	4.63213166904579e-13	4.16820990645711e-17	0.50874338682681	0.921	0.618
0	KCNN1	5.18495785634886e-13	4.66566890699978e-17	0.305674831769375	0.547	0.263
0	RNF213	5.36620134165871e-13	4.82876031823874e-17	0.768867612288671	0.287	0.097
0	ACTR1A	5.9292795170841e-13	5.33544453980393e-17	0.881803253659331	0.284	0.099
0	RAB3C	6.28772518268921e-13	5.65799080598327e-17	0.90739210192691	0.353	0.138
0	RAB26	6.47163922800077e-13	5.82348531269754e-17	0.797320176515314	0.502	0.238
0	CLU	6.56300408659249e-13	5.90569970898272e-17	0.369575394854302	0.804	0.45
0	PIP4P2	6.94530131587803e-13	6.24970873380548e-17	1.06357316487834	0.215	0.06
0	B3GALT1	7.42114363939348e-13	6.67789403346844e-17	0.608251166020543	0.438	0.186
0	PLK3	7.59721059946353e-13	6.83632736386532e-17	0.933116178172872	0.242	0.074
0	GAP43	8.02999673742256e-13	7.2257686830042e-17	0.62369711631577	0.634	0.341
0	PPP4R4	8.33854795233663e-13	7.50341757611503e-17	0.817947049882904	0.341	0.132
0	WDR37	8.48317295446417e-13	7.63355795416555e-17	0.643941620642983	0.29	0.1
0	RNF31	8.68222589673201e-13	7.81267515228292e-17	0.504060783663753	0.541	0.258
0	POU2F2	8.93562623425257e-13	8.04069669238961e-17	0.762839048111529	0.326	0.124
0	ONECUT2	9.82361555963593e-13	8.83975124596053e-17	0.945159814477415	0.36	0.144
0	NARS1	1.00170248603726e-12	9.01379003003026e-17	0.828995233700032	0.242	0.075
0	STAU1	1.01050799712643e-12	9.09302615969073e-17	0.936971463184123	0.293	0.102
0	SLC25A5	1.10309261584539e-12	9.9261460977719e-17	0.609536293388134	0.483	0.23
0	SPIN2B	1.11328138940548e-12	1.00178294736388e-16	0.510732585032377	0.604	0.321
0	MAFG	1.19481943481321e-12	1.07515471503034e-16	0.699166228269485	0.305	0.109
0	ATP6V1E1	1.46384738337861e-12	1.31723871445929e-16	0.61339832119617	0.48	0.217
0	TIMM17A	1.4986578212706e-12	1.34856278347035e-16	1.89567490768369	0.148	0.031
0	GSK3B	1.5310522794053e-12	1.37771284028193e-16	0.510469018228003	0.495	0.225
0	RUNX1T1	1.65671844081576e-12	1.49079316189666e-16	0.611732033537284	0.535	0.264
0	SMU1	1.90101485268856e-12	1.71062256158424e-16	1.32951350694796	0.175	0.043
0	GALNT10	2.02011730400668e-12	1.81779654819282e-16	0.693088461075048	0.746	0.467
0	KCNH2	2.26784230633272e-12	2.04071115480313e-16	0.685399191317276	0.523	0.259
0	STK39	2.29603627581178e-12	2.06608141439016e-16	0.795079460962358	0.23	0.07
0	OTUD7A	2.46778186076007e-12	2.22062616823547e-16	0.538673441206956	0.402	0.166
0	SRCIN1	2.56599541523622e-12	2.30900334314426e-16	0.434418583063013	0.891	0.568
0	RNASEK	2.614389877462e-12	2.35255095605327e-16	0.425532306673745	0.517	0.24
0	ST6GAL1	2.63407236751533e-12	2.37026218619214e-16	0.666239940372874	0.508	0.242
0	BCR	2.64857443290275e-12	2.38331182660195e-16	0.475441164348231	0.631	0.315
0	HHIPL1	2.67266375148514e-12	2.40498852828682e-16	0.981542337647049	0.205	0.058
0	PAPPA	2.83133095372516e-12	2.54776473834712e-16	1.3609837863144	0.254	0.084
0	ADGRL3	2.88227472288986e-12	2.5936063375235e-16	0.268513910988635	0.943	0.657
0	HS3ST4	3.48982645715932e-12	3.1403099587504e-16	1.17998859327931	0.372	0.163
0	TMEM74B	3.57978002938173e-12	3.22125441319331e-16	0.828349168017095	0.402	0.175
0	NMNAT2	3.88185066682448e-12	3.49307177793978e-16	0.557725125126716	0.55	0.272
0	PPFIA4	4.30712043414328e-12	3.87574951331169e-16	0.736229051534198	0.39	0.165
0	PIP5K1C	5.25586992414867e-12	4.72947892031735e-16	0.466864300896678	0.529	0.254
0	HK1	5.27127830538867e-12	4.74334410635173e-16	0.555940727202481	0.399	0.167
0	GABBR1	5.36426563198346e-12	4.82701847564426e-16	0.216932584034338	0.964	0.709
0	PABPC1L2A	5.57890343274408e-12	5.02015966232708e-16	0.394594912924743	0.344	0.134
0	DDX6	6.06965006704086e-12	5.46175656172129e-16	0.766220960101427	0.329	0.127
0	GRM8	6.54714542617734e-12	5.8914293405717e-16	0.289005023054192	0.837	0.559
0	EXTL1	6.75448528045925e-12	6.07800349181972e-16	0.525802458599577	0.568	0.289
0	TMEM229B	6.82825399422387e-12	6.14438404951306e-16	0.949996637716622	0.245	0.08
0	SOX11	6.85485955196375e-12	6.16832498152052e-16	1.20286373173742	0.211	0.063
0	LAPTM4A	6.89754346867454e-12	6.20673397703099e-16	0.380736713846772	0.544	0.265
0	MAP7D2	6.93555308105890e-12	6.24093681369469e-16	1.07343411240671	0.245	0.08
0	PLPP4	7.1380720114218e-12	6.42317287089157e-16	0.914100239117167	0.23	0.072
0	KIF5B	7.2928049438763e-12	6.56240883998587e-16	0.467870665640561	0.568	0.283
0	SLC12A2	7.48064100291985e-12	6.73143255909282e-16	0.407886527439916	0.474	0.212
0	LINGO2	7.49932947305302e-12	6.74824932336274e-16	0.562819783906118	0.885	0.62
0	FAM131B	7.65789913235468e-12	6.89093775970006e-16	0.397675061376308	0.834	0.501
0	CDH23	7.81397221207111e-12	7.03137965632242e-16	2.25594928562695	0.215	0.068
0	WSCD2	8.30502773147708e-12	7.47325450506351e-16	0.564784136997494	0.35	0.139
0	SH2D3C	8.46094423988624e-12	7.61355551146067e-16	0.692182008412836	0.29	0.105
0	GRM7	8.61872323420914e-12	7.75553247026828e-16	0.370960239515438	0.662	0.356
0	PAFAH1B1	8.71684633529414e-12	7.84382825096207e-16	0.264630431379254	0.659	0.37
0	NHSL2	8.80911802067428e-12	7.9268586526359e-16	0.373908969234067	0.807	0.46
0	LZTS3	9.04799217018236e-12	8.14180884566036e-16	0.788691305695343	0.366	0.152
0	GRIN2B	9.13571738445019e-12	8.22074811882497e-16	0.287682350457514	0.921	0.658
0	XKR6	1.12558405735281e-11	1.01285346652822e-15	0.933003552560964	0.263	0.091
0	SVIL	1.14166002455225e-11	1.0273193778028e-15	0.67126743440104	0.314	0.118
0	ABCG4	1.20303818397378e-11	1.08255033201996e-15	0.559767718388929	0.384	0.159
0	PTDSS2	1.21246670817372e-11	1.0910345614809e-15	0.521063849630075	0.356	0.142
0	MXD1	1.31886155625963e-11	1.18677364911332e-15	0.416789337987578	0.468	0.216
0	SLC37A1	1.32496331986011e-11	1.19226430294259e-15	0.464601370400336	0.495	0.232
0	AP3B2	1.33866348526574e-11	1.20459235603864e-15	0.409347269723649	0.665	0.349
0	GDI1	1.4024690305483e-11	1.26200758620381e-15	0.582863168905411	0.589	0.316
0	PPFIA3	1.56377938573205e-11	1.40716222957982e-15	0.272811303585196	0.776	0.457
0	XKR4	1.57766505325714e-11	1.41965720620638e-15	0.469498572539408	0.65	0.346
0	KCNA4	1.67045109708344e-11	1.50315045179829e-15	0.358926075730531	0.831	0.49
0	YWHAB	1.6967378282386e-11	1.52680448865167e-15	0.648898014300673	0.891	0.611
0	KCNQ2	1.78449255718671e-11	1.60577032051355e-15	0.708306419593836	0.535	0.269
0	SPTSSB	1.79135906027637e-11	1.61194912289784e-15	1.45383696942185	0.103	0.015
0	OPRD1	1.846656421741e-11	1.66170828915774e-15	1.11379893035437	0.335	0.14
0	B4GALNT1	1.84797073514234e-11	1.66289097016318e-15	0.369686995554837	0.35	0.139
0	EPB41L2	1.84913108031287e-11	1.66393510331402e-15	0.541602796323478	0.644	0.355
0	PRKAR1A	1.87945277271832e-11	1.69121998804852e-15	0.465520964274962	0.405	0.174
0	ANKDD1A	1.89837971834764e-11	1.70825134378443e-15	0.792961863778259	0.335	0.135
0	RPS12	1.89931714303102e-11	1.70909488259788e-15	0.379586141809275	0.417	0.179
0	SHANK1	1.90221945779738e-11	1.71170652190892e-15	0.47521969359146	0.465	0.212
0	SEMA6B	2.03369580038511e-11	1.83001511777658e-15	0.399460963338494	0.782	0.46
0	SGCZ	2.28850487284431e-11	2.05930430382823e-15	0.589622954903495	0.822	0.537
0	FAM163A	2.29261105561661e-11	2.06299924018412e-15	0.774037289557531	0.284	0.104
0	THEM6	2.31806892482586e-11	2.0859074280805e-15	1.40947384842784	0.175	0.046
0	MCTP1	2.32805762723773e-11	2.09489573223948e-15	0.591733123931113	0.511	0.258
0	NDRG3	2.42800282270254e-11	2.18483111914203e-15	0.483827759508364	0.761	0.447
0	VAT1	2.5751512309034e-11	2.31724217664303e-15	0.473220989265845	0.785	0.487
0	ME2	2.83995806064781e-11	2.5555278148545e-15	0.595406538503546	0.356	0.145
0	CHST1	2.84693547753147e-11	2.56180642268647e-15	0.534761338421007	0.405	0.175
0	SYN3	2.86340349697835e-11	2.57662512100995e-15	0.409604468583042	0.565	0.281
0	CD99L2	2.96976051759052e-11	2.67233016970262e-15	0.522325259023944	0.468	0.219
0	CSNK1A1L	3.07838853643121e-11	2.77007876939729e-15	0.350614197680634	0.782	0.47
0	PGAM4	3.08382026007207e-11	2.77496648976161e-15	0.659191712017804	0.402	0.182
0	RTN1	3.38073078962727e-11	3.04214054677159e-15	0.409742390541273	0.946	0.635
0	CYB561	3.38364743596033e-11	3.0447650823003e-15	0.752096581074184	0.302	0.115
0	EFR3A	3.44389268221578e-11	3.09897658797425e-15	0.523789940340622	0.764	0.448
0	CADM3	3.47123404792776e-11	3.1235796345971e-15	0.500943383428918	0.716	0.412
0	ROBO2	3.56964242810552e-11	3.21213212283408e-15	0.423845411693959	0.692	0.393
0	JUP	3.68870034633071e-11	3.31926603647144e-15	0.552763192331559	0.692	0.373
0	B3GALT2	3.89211845767498e-11	3.50231121900025e-15	0.810093296373055	0.317	0.127
0	TNR	3.97964947083419e-11	3.58107574087482e-15	0.592717888948474	0.58	0.319
0	ARRB1	4.20371336003925e-11	3.78269896521124e-15	0.484991842993576	0.523	0.249
0	NUCB1	4.25876241236987e-11	3.83223469123537e-15	0.684926381693245	0.405	0.18
0	COX7C	4.40042338518308e-11	3.9597078963224e-15	0.72573090682702	0.308	0.119
0	COL6A6	4.40975047829392e-11	3.96810085331946e-15	1.21171092589342	0.16	0.039
0	RAB11A	4.42032236967644e-11	3.97761393833928e-15	0.731904512675608	0.257	0.089
0	CD163L1	4.64465226116376e-11	4.17947652403829e-15	0.425887355553155	0.731	0.41
0	NEFL	4.79922149787985e-11	4.31856519200923e-15	2.17529664634521	0.148	0.035
0	SFN	4.96755820799469e-11	4.47004247997363e-15	0.440129484028721	0.477	0.219
0	CSNK1E	5.83592134220173e-11	5.25143646378271e-15	0.53699181743243	0.378	0.16
0	CDH11	5.88645365477117e-11	5.29690781496551e-15	0.462900623212301	0.671	0.372
0	SS18	5.98500410221256e-11	5.38558814200716e-15	0.49892476116148	0.32	0.125
0	ELOVL6	6.4358813139609e-11	5.7913086600926e-15	0.38615164537861	0.399	0.175
0	PTPRG	6.59322631996271e-11	5.93289509580016e-15	0.409721035311949	0.946	0.694
0	WNK3	6.86873288928834e-11	6.18080886285282e-15	0.682015759710862	0.372	0.16
0	MTUS1	6.9780629634162e-11	6.27918920490974e-15	0.536041205891752	0.707	0.422
0	MAGI2	7.06347199288381e-11	6.3560442660702e-15	0.603533900269391	0.668	0.392
0	IGF1R	7.166456495159e-11	6.4487145641672e-15	0.552329978075913	0.616	0.324
0	NACC2	7.29760635058067e-11	6.56672937152944e-15	0.921099638900789	0.26	0.095
0	SDK1	7.38963511471335e-11	6.6495411812412e-15	0.679640139802151	0.465	0.231
0	CHRM3	7.39672565286798e-11	6.65592158091243e-15	1.75588658288851	0.205	0.065
0	MAGIX	7.69158856337667e-11	6.92125309401302e-15	0.607494669973262	0.465	0.218
0	PMIS2	7.8665642637648e-11	7.07870445763052e-15	0.427023508863435	0.583	0.323
0	HCN4	7.96439512838669e-11	7.16673727021208e-15	0.837154157464324	0.36	0.156
0	FOXK2	8.08971239366105e-11	7.27950363867637e-15	0.534600576754908	0.26	0.09
0	NACAD	8.18557549679812e-11	7.36576576693793e-15	0.690832047706716	0.363	0.152
0	RASGRF1	8.80257269031502e-11	7.9209688565779e-15	0.707753614186253	0.372	0.16
0	FRMD3	8.92298486485298e-11	8.02932139373074e-15	0.477515126767507	0.42	0.191
0	RABAC1	9.06542943122698e-11	8.15749971315305e-15	0.504253677010838	0.36	0.151
0	BMERB1	9.07573155934365e-11	8.16677005250036e-15	0.743653696907409	0.296	0.112
0	ZNF385D	9.99334192599089e-11	8.99247901195977e-15	1.19846722176376	0.299	0.119
0	CFL1	1.00781862101368e-10	9.06882588872206e-15	0.44333565285886	0.659	0.354
0	GNG3	1.03984791379464e-10	9.35704052726217e-15	0.762793080217758	0.263	0.095
0	NAP1L1	1.04977279341237e-10	9.44634926133691e-15	0.420751928750306	0.556	0.278
0	OXCT1	1.08331824632975e-10	9.74820702177405e-15	0.664428310692459	0.329	0.132
0	DAZAP2	1.21812731432597e-10	1.09612824109239e-14	0.733776788146028	0.269	0.096
0	SEMA6C	1.26414691763075e-10	1.13753884426415e-14	0.524999465541246	0.689	0.391
0	ATP5F1D	1.27475500655248e-10	1.14708450153197e-14	0.799170697332592	0.221	0.071
0	FTH1	1.27800249634926e-10	1.15000674556759e-14	0.349795791708839	0.517	0.253
0	ATP11B	1.3315085319146e-10	1.1981539925444e-14	0.365397021561856	0.393	0.168
0	ATL1	1.40323443400308e-10	1.2626963322263e-14	0.677320825094123	0.42	0.193
0	SYN2	1.40913388934611e-10	1.26800493957177e-14	0.530422780340046	0.42	0.186
0	PPIAL4F	1.45865014239723e-10	1.31256199261876e-14	0.306343063478956	0.616	0.319
0	MAPK8IP2	1.52233914217416e-10	1.36987234965731e-14	0.550702111298685	0.568	0.29
0	PDE6D	1.53805736379227e-10	1.38401634463446e-14	0.498947572844346	0.239	0.079
0	DLGAP4	1.56753122018388e-10	1.41053830665336e-14	0.334518584921128	0.637	0.329
0	FAM171A2	1.56957752234835e-10	1.41237966557037e-14	0.25487148092966	0.553	0.264
0	APBB2	1.59137985818894e-10	1.4319984326365e-14	0.392088909460088	0.731	0.441
0	TMEM25	1.61916182525667e-10	1.45699795307898e-14	1.4427662089201	0.172	0.047
0	PPP2R5B	1.72614777579925e-10	1.5532689424991e-14	0.477107168469418	0.798	0.483
0	GABARAPL2	1.84378480274198e-10	1.65912427134165e-14	0.470750468075267	0.471	0.219
0	VANGL1	1.93009094738608e-10	1.73678659892565e-14	0.86242741849707	0.293	0.113
0	DNM1L	1.9479777035152e-10	1.75288194323333e-14	0.683737680873294	0.317	0.125
0	RAC3	2.00430034627444e-10	1.80356370581701e-14	0.416585343923149	0.417	0.183
0	COPZ2	2.02246093331359e-10	1.81990545605471e-14	1.25506869157486	0.205	0.065
0	SMG5	2.1273496835072e-10	1.91428928597787e-14	0.611043393062848	0.251	0.088
0	KCND3	2.26973206295126e-10	2.0424116466762e-14	1.05530528963767	0.647	0.386
0	ZBTB22	2.30953159914453e-10	2.07822514095611e-14	1.20469506481612	0.151	0.037
0	CLSTN1	2.48951115856137e-10	2.24017921223915e-14	0.432369289048714	0.97	0.7
0	FAM219A	2.589202774181e-10	2.32988641607216e-14	0.882767218273622	0.326	0.139
0	SERPINI1	2.66859136651231e-10	2.40132400478027e-14	0.437894801229954	0.65	0.343
0	SHISA8	2.77726778784184e-10	2.49911615931057e-14	0.381042883094554	0.595	0.316
0	GRIK4	2.83695554350743e-10	2.5528260087352e-14	0.478953797700903	0.538	0.275
0	SMAP1	2.83969297835339e-10	2.55528928134022e-14	0.271565247363172	0.562	0.285
0	TSPAN15	3.01950912465658e-10	2.71709630581894e-14	1.73278426285124	0.169	0.047
0	DPF1	3.04325894074355e-10	2.73846750719297e-14	0.405746289312448	0.447	0.208
0	LINGO4	3.07839623126086e-10	2.77008569356687e-14	0.483101538289941	0.589	0.317
0	G3BP2	3.1408084815037e-10	2.8262471713342e-14	0.471974903651178	0.411	0.185
0	PDZD4	3.15462501147821e-10	2.83867993474148e-14	0.749231717093897	0.505	0.253
0	TECR	3.26056429072017e-10	2.93400908010454e-14	0.479947099702069	0.305	0.12
0	AIDA	3.34248584618177e-10	3.00772594815241e-14	0.861444411143198	0.236	0.08
0	SHF	3.36398157160343e-10	3.02706881274492e-14	0.779214527392728	0.338	0.145
0	SMIM18	3.50899930705172e-10	3.15756259070613e-14	0.667544513939098	0.341	0.143
0	COPG2	3.68330273974232e-10	3.31440901623533e-14	0.904752873511244	0.199	0.061
0	GDE1	3.78972001833559e-10	3.41016828789309e-14	0.230878951709769	0.347	0.146
0	SFXN3	4.12655143220389e-10	3.71326503392773e-14	0.975203052208547	0.242	0.085
0	KAZN	4.17614629966422e-10	3.75789282791705e-14	0.461993376412077	0.737	0.45
0	ST7	4.35828412994596e-10	3.92178901281919e-14	0.407403768210261	0.453	0.206
0	CRIP2	4.41539477500697e-10	3.9731798569306e-14	0.690316104621704	0.338	0.143
0	ARMH4	4.47454061524965e-10	4.02640206537358e-14	0.59889111513095	0.411	0.187
0	TEX2	4.49601004321958e-10	4.04572126628235e-14	0.517535078637378	0.335	0.138
0	GOT2	4.61509146116076e-10	4.15287632606925e-14	0.799469934355365	0.278	0.105
0	IL1RAPL2	4.65103506605292e-10	4.18522007203538e-14	0.686357992001173	0.686	0.433
0	RAB11FIP4	4.65317564855627e-10	4.18714626883495e-14	0.258838308478622	0.489	0.242
0	CBFA2T3	5.0044570873707e-10	4.50324582684307e-14	0.832544587678203	0.338	0.143
0	STEAP2	5.01528020905095e-10	4.51298498069914e-14	0.786303044849935	0.221	0.073
0	TIMM50	5.29988353304193e-10	4.76908443538373e-14	0.363853905160831	0.356	0.152
0	GFRA1	5.76557782477409e-10	5.18813805882668e-14	0.397112702323637	0.399	0.198
0	HSD17B12	5.8172102230387e-10	5.23459931885063e-14	0.438553004888482	0.45	0.217
0	IGLON5	5.85790126758042e-10	5.27121503426656e-14	0.577149917612454	0.622	0.353
0	SLC41A3	5.87505445911718e-10	5.28665028265741e-14	1.8312779799616	0.112	0.021
0	PRAF2	5.88020972040815e-10	5.29128922919838e-14	0.954198934476437	0.224	0.075
0	ATRX	5.91725543400637e-10	5.32462470440598e-14	0.334868230932014	0.598	0.317
0	ULK2	6.00536321637958e-10	5.40390823034247e-14	0.251314459205472	0.441	0.201
0	ST8SIA5	6.30711218601854e-10	5.67543614327233e-14	0.396670468710302	0.921	0.575
0	LGMN	6.53046959977191e-10	5.87642364777459e-14	0.885438953303155	0.199	0.062
0	MEGF8	6.71169499354024e-10	6.03949877939372e-14	0.363850056322132	0.517	0.251
0	ID4	6.99747557073255e-10	6.29665758187038e-14	0.593236417749637	0.356	0.153
0	TENT5D	7.15104713975381e-10	6.43484850153316e-14	0.539252881501728	0.323	0.133
0	PTP4A1	7.38747552580198e-10	6.64759788158191e-14	0.54212580708412	0.239	0.084
0	HECW2	7.75873212741679e-10	6.98167203042994e-14	0.363554443595442	0.489	0.245
0	OSBPL8	7.79285042474758e-10	7.01237327881542e-14	0.396708054032678	0.728	0.42
0	INSYN1	7.89011884535805e-10	7.09989997782602e-14	0.525248355734782	0.474	0.236
0	MAP3K12	7.89483801621471e-10	7.10414650968659e-14	0.709543674868306	0.372	0.164
0	ATP6V0B	7.97882647609642e-10	7.17972327552994e-14	0.439390388170682	0.565	0.295
0	SOBP	8.09033763770575e-10	7.28006626267052e-14	0.361048091334559	0.414	0.19
0	ATP8A2	8.33097418658086e-10	7.49660234552403e-14	0.494560928784132	0.384	0.166
0	NETO1	8.62433985390517e-10	7.76058656879796e-14	0.615669418936847	0.356	0.156
0	QDPR	9.09226130380642e-10	8.18164429389581e-14	0.733898353832257	0.154	0.039
0	SHC3	9.14355361200623e-10	8.22779952488638e-14	0.646277015422239	0.438	0.211
0	SLC3A2	9.1567987931509e-10	8.23971816174832e-14	0.611489988556508	0.384	0.175
0	NECTIN2	9.21503557504494e-10	8.2921223567398e-14	0.419026978716987	0.864	0.627
0	CACYBP	9.68140347150972e-10	8.71178212139811e-14	1.2744901114188	0.16	0.043
0	CAPZB	9.74645239744509e-10	8.77031620394591e-14	0.713258379508354	0.257	0.095
0	FAM13C	9.99900584562306e-10	8.99757567319631e-14	0.488709560896438	0.338	0.14
0	CCDC85A	1.00026795341808e-09	9.00088143091946e-14	0.739871238594841	0.323	0.135
0	USP10	1.00168609806735e-09	9.01364256337033e-14	0.325257833572202	0.35	0.147
0	VDAC1	1.00801451558387e-09	9.07058864018599e-14	0.445784388669841	0.332	0.137
0	UBAP2	1.02440087328451e-09	9.21804079262583e-14	0.755168637204192	0.251	0.09
0	ABHD14A	1.03602363950078e-09	9.32262790876254e-14	0.706645639707703	0.311	0.126
0	TPI1	1.05281183959638e-09	9.47369602804261e-14	0.630008055137171	0.384	0.174
0	TUBA1B	1.06788743093019e-09	9.60935328831266e-14	0.444656024574994	0.387	0.176
0	JPH3	1.07022937172551e-09	9.63042717291018e-14	0.219620751442424	0.686	0.378
0	UCHL1	1.08804181183476e-09	9.79071188549227e-14	0.415216820065271	0.372	0.161
0	STX12	1.10652149688963e-09	9.95700078187377e-14	0.46471278548823	0.302	0.119
0	PIP4P1	1.10851847972597e-09	9.97497057253641e-14	0.466544910181259	0.329	0.135
0	SLC5A4	1.11847277924204e-09	1.00645440406915e-13	0.543240433158384	0.456	0.219
0	SGCB	1.17790853683598e-09	1.05993749377844e-13	0.628338302923079	0.317	0.13
0	GPR173	1.1880733371803e-09	1.06908425913822e-13	0.702102179622704	0.344	0.149
0	PDE4D	1.20015239362628e-09	1.07995356215808e-13	0.360547429057717	0.64	0.356
0	LMTK3	1.21651066164359e-09	1.09467350098406e-13	0.463603588878765	0.52	0.264
0	WDR13	1.22618318076317e-09	1.1033772885478e-13	0.724397068132202	0.218	0.072
0	SMARCC2	1.23891425457059e-09	1.11483330745126e-13	0.661025755729762	0.275	0.105
0	HOMER1	1.24561877927421e-09	1.1208663540666e-13	0.747245986800434	0.45	0.225
0	WDR17	1.28452683301203e-09	1.15587765051024e-13	0.655881602047792	0.26	0.095
0	IGDCC4	1.31748023071996e-09	1.1855306674345e-13	0.59526922516905	0.275	0.104
0	MC5R	1.35585844403739e-09	1.2200651885516e-13	1.10609509438035	0.287	0.117
0	SNAP91	1.38529932272796e-09	1.2465574756843e-13	0.374857652558672	0.64	0.336
0	GNG7	1.42577965258085e-09	1.28298358011414e-13	0.554967625311873	0.393	0.176
0	YARS1	1.43300506173309e-09	1.28948534305146e-13	0.973396005496955	0.148	0.038
0	DOP1B	1.4406762421626e-09	1.29638823194691e-13	0.439044401914989	0.296	0.116
0	NRG3	1.44074249312614e-09	1.29644784767942e-13	0.439439475921864	0.961	0.718
0	GRIA3	1.47995455738538e-09	1.33173270708663e-13	0.233477287881612	0.795	0.53
0	FDFT1	1.51050307037668e-09	1.35922169565075e-13	0.996947902758604	0.157	0.042
0	CHST12	1.51700411956547e-09	1.3650716454292e-13	0.606094467171349	0.275	0.106
0	KIFAP3	1.59621446649528e-09	1.43634884054286e-13	0.648910142559885	0.332	0.141
0	NHS	1.60586779026782e-09	1.44503535523065e-13	0.310637789976479	0.489	0.236
0	NDRG4	1.69744979527401e-09	1.5274451500711e-13	0.393069064922907	0.807	0.496
0	ATP2A2	1.7049817647723e-09	1.5342227704241e-13	0.389186776188074	0.48	0.233
0	LPGAT1	1.77200493853601e-09	1.59453337400883e-13	0.413409607326672	0.502	0.251
0	PURB	1.78398140028505e-09	1.60531035749577e-13	0.719651058403668	0.323	0.135
0	PCLO	1.87452922401698e-09	1.68678954739223e-13	0.405541622090843	0.755	0.444
0	RNF145	2.09630005339445e-09	1.88634936866233e-13	0.651759785051345	0.314	0.132
0	BSCL2	2.09677116825636e-09	1.88677329996973e-13	0.980108720707394	0.187	0.058
0	FAM234B	2.13618656529112e-09	1.92224112777028e-13	0.684391875067396	0.248	0.09
0	BCL9	2.16474065090762e-09	1.9479354367926e-13	0.333953082743095	0.363	0.157
0	DNAJC5G	2.21727126534237e-09	1.99520495396596e-13	0.465097933841388	0.347	0.152
0	GAL3ST2	2.28460574123066e-09	2.05579568184168e-13	1.68920542540927	0.115	0.023
0	DNAJC7	2.30167699277137e-09	2.07115719677078e-13	0.425744375151306	0.308	0.124
0	KDM6B	2.34768412816066e-09	2.11255658072587e-13	0.449339236992952	0.795	0.487
0	RANBP2	2.40382874384202e-09	2.16307814617297e-13	0.741017233086149	0.269	0.103
0	GJC1	2.45668511806356e-09	2.21064079732166e-13	1.11098725392529	0.26	0.102
0	GLS	2.46326616986344e-09	2.21656273721177e-13	0.217721029660049	0.731	0.446
0	DLG2	2.50736573905019e-09	2.25624560339259e-13	0.374156512697949	0.785	0.473
0	DAPK3	2.54824851276928e-09	2.29303384573858e-13	0.991808334009167	0.172	0.05
0	APLP1	2.55899908693831e-09	2.30270771793243e-13	0.383241080367164	0.94	0.654
0	DPYSL3	2.56766783405084e-09	2.31050826424084e-13	0.349482764116783	0.647	0.353
0	MYO16	2.59529356241692e-09	2.33536719375229e-13	0.421162697449737	0.592	0.315
0	LHFPL4	2.62248304238455e-09	2.3598335664398e-13	0.704662493878089	0.308	0.127
0	RHOQ	2.6243832323766e-09	2.36154344675299e-13	0.795280073876967	0.221	0.075
0	ECEL1	2.73667109133295e-09	2.4625853426914e-13	1.69026579093837	0.215	0.075
0	CNTNAP5	2.83171495684584e-09	2.54811028241325e-13	0.335204682769187	0.746	0.438
0	SRPK1	2.86668886310456e-09	2.57958144794796e-13	0.488279666963868	0.29	0.115
0	SLC36A1	3.00385963885517e-09	2.70301416256202e-13	0.514290150395358	0.384	0.178
0	FLRT1	3.02318151432036e-09	2.72040089473622e-13	0.442774324327796	0.535	0.279
0	SMARCA2	3.03333448036367e-09	2.72953701103542e-13	0.856594298981954	0.202	0.065
0	WDFY2	3.10225438428866e-09	2.79155438161492e-13	0.395909360205894	0.498	0.246
0	MAPK10	3.11914155642974e-09	2.80675025324371e-13	0.304001071049892	0.734	0.419
0	GOLM2	3.13864013902352e-09	2.82429599480205e-13	0.470390582943406	0.48	0.236
0	LDHB	3.29306066749794e-09	2.96325084810397e-13	0.40419447646069	0.42	0.198
0	MICU3	3.42536289164897e-09	3.0823026110402e-13	0.433850288537829	0.553	0.285
0	CFL2	3.42827116830976e-09	3.08491961514421e-13	0.661584282603341	0.245	0.09
0	HSPA9	3.43158243436484e-09	3.08789924805619e-13	0.61609921443733	0.257	0.096
0	AAK1	3.56057279137686e-09	3.20397083719685e-13	0.233981208127435	0.538	0.276
0	PFN2	3.57709243047287e-09	3.21883598530808e-13	0.565761487791695	0.631	0.366
0	SLC6A15	3.67214870080573e-09	3.30437208747029e-13	0.496111422570147	0.474	0.238
0	CPLX1	3.72322212694353e-09	3.35033035808831e-13	0.966713776921977	0.347	0.159
0	PIK3R3	3.85402055670134e-09	3.46802893611207e-13	0.492407267050712	0.517	0.269
0	PTCHD1	3.92343173365284e-09	3.53048837726342e-13	0.615311179319542	0.227	0.079
0	FGL2	3.94751505950316e-09	3.55215968640616e-13	1.02789771942472	0.205	0.069
0	PCNX2	4.16329463392327e-09	3.74632829472084e-13	0.488710627317501	0.384	0.172
0	ANO4	4.34971643747105e-09	3.91407940022591e-13	0.490654929411275	0.266	0.102
0	TMUB2	4.37104844245216e-09	3.9332749414669e-13	0.633806857666069	0.218	0.074
0	HIVEP3	4.44012952523961e-09	3.99543734836642e-13	0.330847441980216	0.535	0.264
0	CNIH2	4.45147535264075e-09	4.00564685741092e-13	0.313501197790288	0.556	0.287
0	MACROD2	4.53647218144508e-09	4.0821310010304e-13	0.393406002228176	0.801	0.52
0	ATXN2	4.5676041642645e-09	4.11014502318411e-13	0.553359435977581	0.32	0.136
0	CALR3	4.64769414082959e-09	4.18221375040906e-13	0.518009654951879	0.417	0.193
0	MCU	4.7913204692663e-09	4.31145547490893e-13	0.611141066307612	0.272	0.106
0	PLXNA1	4.89512635712519e-09	4.40486489438062e-13	0.535796872924239	0.864	0.654
0	GDPD4	4.93868904203617e-09	4.44406464684259e-13	0.287073884829265	0.553	0.291
0	RYR3	5.63778556439521e-09	5.07314457337822e-13	0.250988858765682	0.619	0.369
0	FBXW7	5.93791382498178e-09	5.34321409608727e-13	0.351411263298959	0.622	0.335
0	PSMD12	5.97819644989179e-09	5.37946229631224e-13	1.39333237736524	0.13	0.031
0	IGSF21	6.04108134651997e-09	5.43604908352378e-13	0.210435087571689	0.749	0.446
0	IL18RAP	6.21117388836106e-09	5.5891063514452e-13	0.572140259601562	0.227	0.08
0	ONECUT1	6.21547572965853e-09	5.59297735054309e-13	2.46231352265597	0.127	0.03
0	FABP3	6.69852665588e-09	6.02764928991272e-13	0.544820261822495	0.275	0.108
0	ARF5	6.74258186346527e-09	6.06729223743838e-13	0.552882332863546	0.211	0.072
0	SARM1	7.20853083846955e-09	6.48657503686633e-13	1.04449743894065	0.154	0.042
0	ST6GALNAC6	7.82022577816131e-09	7.03700690917062e-13	0.311733010116	0.284	0.11
0	CLCN4	8.019086428671e-09	7.2159510741213e-13	0.330858924459935	0.396	0.18
0	RAB27B	8.21394340645698e-09	7.39129254607845e-13	0.36927261525601	0.462	0.231
0	PRKX	8.73073908690902e-09	7.85632960218575e-13	0.296900306336837	0.363	0.16
0	PEX5L	8.94393156995730e-09	8.04817022402348e-13	0.221296827248214	0.505	0.264
0	SAMD1	9.11004126416311e-09	8.19764353834528e-13	0.550170563730734	0.224	0.079
0	STX1A	9.49621595254533e-09	8.54514168320465e-13	0.480574629354403	0.423	0.205
0	LRRC24	9.66185937131949e-09	8.69419542096598e-13	0.385842941548205	0.45	0.221
0	CNR1	9.67393261577118e-09	8.70505949408007e-13	0.512182482773761	0.36	0.164
0	NNT	9.7859266749403e-09	8.80583701515369e-13	0.296836467255279	0.366	0.162
0	CKMT1A	1.02519760272704e-08	9.22521013881976e-13	0.476874904950273	0.305	0.126
0	CORIN	1.11176480433277e-08	1.00041825279652e-12	1.19685039067791	0.124	0.028
0	CDH22	1.13571483083707e-08	1.02196961291917e-12	0.766026295509098	0.405	0.2
0	ACSBG2	1.14903678364918e-08	1.03395733253773e-12	0.241341280867268	0.311	0.129
0	SLC35G2	1.17555475953956e-08	1.05781945427838e-12	0.527771226626847	0.45	0.223
0	SNX19	1.1817695539703e-08	1.06341181856412e-12	0.293313913603418	0.411	0.191
0	GFOD1	1.19105682905121e-08	1.07176894542536e-12	0.283827279091503	0.332	0.142
0	TP53BP1	1.23249477729824e-08	1.10905675991923e-12	0.531602048108201	0.326	0.14
0	SARS1	1.29902404889087e-08	1.16892292710418e-12	0.808940739913635	0.187	0.06
0	STT3B	1.33257953888367e-08	1.19911773498036e-12	0.397966851414479	0.444	0.216
0	SMS	1.33595825651869e-08	1.20215806399594e-12	0.979006120269771	0.163	0.048
0	WDR47	1.35112909434277e-08	1.21580949729395e-12	0.768006617682453	0.378	0.177
0	FGR	1.3647327221108e-08	1.2280506812839e-12	1.00144181949251	0.16	0.046
0	PPP1R14D	1.3737177580214e-08	1.23613583912661e-12	1.47149894503063	0.13	0.032
0	TUBB4B	1.42427484383679e-08	1.2816294824411e-12	0.720750547733061	0.704	0.429
0	VAX2	1.45107155881367e-08	1.30574242671976e-12	1.58087706861966	0.148	0.042
0	TOMM40	1.45954487115703e-08	1.31336711163235e-12	0.637563061954023	0.172	0.052
0	IGF2BP2	1.50823163632223e-08	1.35717775247208e-12	0.887492988243577	0.205	0.072
0	NLGN1	1.54057035526068e-08	1.38627765253368e-12	0.468609272373831	0.9	0.687
0	NDUFB7	1.59094187609544e-08	1.43160431575222e-12	0.628400557810804	0.187	0.059
0	NR2F1	1.59104851363796e-08	1.43170027322772e-12	0.431108766434685	0.335	0.144
0	PTPRR	1.623462553383e-08	1.46086795049311e-12	0.315504327675569	0.653	0.367
0	BIN1	1.66713591545148e-08	1.5001672954661e-12	0.448234782465569	0.486	0.25
0	AGFG1	1.68893772041769e-08	1.5197855848265e-12	0.410209461180531	0.296	0.121
0	TRPC7	1.69741612408964e-08	1.52741485115598e-12	0.881235213096071	0.181	0.057
0	MRTFB	1.7105417959045e-08	1.5392259479029e-12	0.706350050179873	0.326	0.143
0	PDE8B	1.71328763529422e-08	1.54169678331163e-12	0.42347670423026	0.372	0.167
0	CCT3	1.71540490942248e-08	1.54360200613918e-12	0.596856115963673	0.224	0.079
0	COX5A	1.7429102105428e-08	1.5683525695517e-12	0.825513786474911	0.311	0.132
0	HSPA8	1.74572763272859e-08	1.57088781852658e-12	0.426247881501049	0.659	0.378
0	PBRM1	1.84407355763135e-08	1.6593841065701e-12	0.386781113666492	0.39	0.182
0	NAPG	1.89084014413206e-08	1.7014668803492e-12	0.365328029068369	0.438	0.212
0	FAM78B	1.98662772960794e-08	1.78766105426792e-12	0.680456811371442	0.233	0.086
0	RNF10	1.99038479960558e-08	1.7910418425318e-12	0.417063494210739	0.314	0.133
0	TMEM151A	2.11800024313259e-08	1.90587621986196e-12	0.573919855052142	0.408	0.199
0	OLFM3	2.14025079662752e-08	1.92589831425134e-12	0.929313913614466	0.181	0.058
0	SYK	2.25869375950054e-08	2.03247886214392e-12	0.465739511481911	0.305	0.131
0	MACO1	2.26965221651218e-08	2.04233979709545e-12	0.752004926984546	0.375	0.175
0	VKORC1L1	2.44715129775264e-08	2.20206181746841e-12	0.506156953925047	0.299	0.123
0	SACS	2.4526687630799e-08	2.20702669223423e-12	0.869529141419078	0.311	0.138
0	SNTG1	2.56856280172301e-08	2.31131359823901e-12	0.514906847495256	0.399	0.192
0	AGAP3	2.63827111858685e-08	2.37404041985679e-12	0.368170968419292	0.915	0.656
0	IDH3B	2.64755754760827e-08	2.38239678539392e-12	0.695967440830077	0.215	0.075
0	CDK5R1	2.75659425104238e-08	2.48051313870457e-12	0.257061882564722	0.544	0.294
0	TMEM200C	2.81175755911067e-08	2.53015167741445e-12	1.06002172387144	0.193	0.065
0	KPNA3	2.909766675718e-08	2.61834488951498e-12	0.280662422877415	0.284	0.115
0	HDLBP	3.12039709578296e-08	2.80788004659674e-12	0.590338543120222	0.178	0.057
0	GFRA4	3.15148655234752e-08	2.83585580162649e-12	0.456321910700018	0.665	0.421
0	CLVS2	3.39415480692796e-08	3.05422010881666e-12	0.374407414969889	0.553	0.289
0	LARGE1	3.43992973829993e-08	3.09541054467735e-12	0.289459758240378	0.559	0.293
0	FAM168A	3.4968771822178e-08	3.14665453272546e-12	0.366811965577429	0.559	0.298
0	MIB2	3.59957889482682e-08	3.23907036338236e-12	0.289838394852147	0.399	0.186
0	TMEM9	3.63313975347736e-08	3.26927000222925e-12	0.695067922768304	0.254	0.099
0	ARX	3.68706416657696e-08	3.31779372498602e-12	1.56225485986216	0.136	0.036
0	HDGF	3.68971229801103e-08	3.32017663818143e-12	0.770732863925395	0.178	0.057
0	THSD7B	3.70321266574977e-08	3.33232490394112e-12	0.621477467935919	0.408	0.204
0	TTC39A	3.76146467554643e-08	3.38474280171549e-12	0.849060640325788	0.233	0.089
0	LAMTOR3	3.76691561383318e-08	3.38964781232177e-12	0.524571744594391	0.239	0.09
0	EPHB1	3.77068648109424e-08	3.39304101601209e-12	0.492643668009572	0.719	0.45
0	RGS17	3.82614968900732e-08	3.44294941870541e-12	0.518752589807579	0.302	0.127
0	SF3B2	3.82908612032609e-08	3.44559175769467e-12	0.603029955868956	0.19	0.063
0	DNAJA2	3.94140177809248e-08	3.54665866830962e-12	0.501731181068029	0.32	0.142
0	NSFL1C	3.94289962023137e-08	3.54800649710373e-12	0.792410504327925	0.175	0.055
0	SEC62	3.97500152764595e-08	3.57689330301984e-12	0.367957298164953	0.483	0.245
0	PLS3	4.14725863741071e-08	3.73189835094998e-12	0.583652090812796	0.163	0.048
0	DYNLL2	4.18272762741757e-08	3.76381501612307e-12	0.681995997206574	0.239	0.092
0	IRF2BPL	4.25369216467718e-08	3.82767224392799e-12	0.601821641085985	0.344	0.156
0	RPL5	4.27282888429197e-08	3.84489236416087e-12	0.683294538669708	0.314	0.135
0	NECAP1	4.36193746000222e-08	3.92507645100532e-12	0.704924074539973	0.181	0.058
0	ATP6V1G1	4.70403140550587e-08	4.2329086704813e-12	0.342790487351816	0.275	0.111
0	TMEM102	4.78694230412141e-08	4.30751579602394e-12	0.714126738196663	0.175	0.055
0	DOCK10	4.96274348786109e-08	4.46570996838036e-12	0.470530864367117	0.366	0.172
0	MAPRE3	5.00131954954135e-08	4.50042252275834e-12	0.300494041184196	0.432	0.215
0	SYP	5.51969302655355e-08	4.96687935440795e-12	0.382788628050863	0.834	0.507
0	TMEM35A	5.64893348281785e-08	5.08317599461698e-12	0.550089472517353	0.314	0.136
0	MYO5A	5.86605274323303e-08	5.27855011539011e-12	0.223501558241957	0.668	0.373
0	ACOT7	5.87499091140243e-08	5.28659309943528e-12	0.594563696355526	0.251	0.099
0	ASTN1	5.99630884872565e-08	5.39576068453671e-12	0.356123626192692	0.976	0.721
0	KCNJ9	6.09952368938971e-08	5.4886382519479e-12	0.56063873818831	0.329	0.145
0	TCF20	6.10033595749664e-08	5.48936916898825e-12	0.26763140497569	0.414	0.197
0	ATP6V1F	6.33534814293997e-08	5.7008441851345e-12	0.449313840586056	0.254	0.099
0	CNRIP1	6.53966844678918e-08	5.88470120290576e-12	0.730077979172757	0.311	0.134
0	CBX1	6.57867107568011e-08	5.91979760251967e-12	0.350903480842763	0.414	0.201
0	ACAT1	6.76723954424295e-08	6.08948037815437e-12	0.422668139719363	0.208	0.073
0	CLHC1	7.12158305166684e-08	6.40833532949414e-12	0.30094492651813	0.426	0.203
0	RALGPS1	7.15572214177145e-08	6.43905528819531e-12	0.415884264215667	0.68	0.391
0	STC1	7.1614882928547e-08	6.44424394209908e-12	1.27935670615578	0.139	0.038
0	PITPNA	7.27804569457642e-08	6.5491277733973e-12	0.624899563346468	0.405	0.203
0	PPP1R12A	7.29559615016998e-08	6.56492049866821e-12	0.32314599880558	0.583	0.32
0	GFRA3	7.33205385957123e-08	6.5977268600479e-12	0.346045889633664	0.323	0.147
0	CADM1	7.35127950291569e-08	6.61502699803445e-12	0.444872409238486	0.934	0.726
0	BLTP3A	7.42533101713614e-08	6.68166203287694e-12	0.909601115971914	0.193	0.067
0	GPR179	7.46344782868592e-08	6.71596133239082e-12	0.253937055606074	0.205	0.072
0	EEF1G	7.62579687752403e-08	6.86205064116263e-12	0.385730624832353	0.393	0.186
0	FAM53C	8.01435599074594e-08	7.21169440362273e-12	0.285940774121614	0.299	0.126
0	TMEM121	8.03368646691663e-08	7.2290888751162e-12	0.560036955701881	0.338	0.156
0	API5	8.06547470965599e-08	7.25769343080716e-12	0.678963524857806	0.157	0.047
0	ARVCF	8.26611364063597e-08	7.43823777615043e-12	0.899227004405805	0.184	0.061
0	CYC1	8.45451914911937e-08	7.60777391264228e-12	0.478653093940573	0.233	0.087
0	PSD2	8.51234156251137e-08	7.65980523936954e-12	0.526065662166168	0.29	0.122
0	FOXO3	8.55232426179704e-08	7.69578355241342e-12	0.355485909538223	0.242	0.092
0	IDH3A	8.56284848507549e-08	7.70525374343155e-12	1.36008709679578	0.13	0.034
0	HELZ	8.75084736026459e-08	7.87442397216286e-12	0.204592731179029	0.429	0.21
0	SCN2B	9.02915524742593e-08	8.12485849673889e-12	0.393437777931299	0.634	0.359
0	APBB1	9.13779909702552e-08	8.22262134169488e-12	0.431193382294811	0.417	0.206
0	PDE4B	9.43289781903315e-08	8.4881650490715e-12	0.20143441345116	0.752	0.46
0	SIX3	9.7361066874421e-08	8.7610066475678e-12	1.28036606549232	0.136	0.037
0	PTPN4	9.73655755177855e-08	8.76141235650009e-12	0.438767282101725	0.556	0.307
0	KIF26A	1.02676257030561e-07	9.23929245303345e-12	0.949242509710458	0.145	0.041
0	YWHAE	1.03136145911633e-07	9.28067541722609e-12	0.400846116584497	0.32	0.141
0	PNPLA8	1.04205017744792e-07	9.37685753125096e-12	0.410787686445342	0.287	0.122
0	ALDH5A1	1.09190845580603e-07	9.82550576627405e-12	0.439593082052688	0.356	0.166
0	HARS2	1.17170571066854e-07	1.05435589909884e-11	0.751403961882088	0.169	0.053
0	MACROH2A1	1.17669469832645e-07	1.05884522480559e-11	0.375912814135333	0.287	0.119
0	ATAD2B	1.20136885743787e-07	1.08104819350119e-11	0.458451034260614	0.29	0.123
0	GSK3A	1.21766739217395e-07	1.0957143815117e-11	0.497253907548504	0.36	0.173
0	GRIK3	1.25089404415574e-07	1.12561328548163e-11	0.67014466444201	0.547	0.324
0	HAPLN4	1.28731386466051e-07	1.15838555265051e-11	0.79592471177137	0.112	0.025
0	HCRTR2	1.30597771518016e-07	1.17518016303443e-11	1.78727756147695	0.109	0.025
0	NETO2	1.3288788209105e-07	1.19578765491811e-11	0.258668101238136	0.731	0.426
0	AFF2	1.34314723512741e-07	1.20862704501702e-11	0.339764355622412	0.773	0.465
0	ST13	1.34892987084973e-07	1.21383053257422e-11	0.822673687112507	0.205	0.074
0	SSH1	1.3675211318509e-07	1.23055982349581e-11	0.552100015504155	0.218	0.08
0	HERC2	1.4596281029919e-07	1.31344200755143e-11	0.202288551531897	0.393	0.183
0	GPR176	1.49219062366687e-07	1.34274329494004e-11	1.17409489312991	0.151	0.045
0	KIFC2	1.50692719944095e-07	1.35600395882386e-11	0.58478053515595	0.242	0.095
0	XYLT1	1.60508674154073e-07	1.44433253085641e-11	0.545792441348344	0.598	0.351
0	PPARGC1B	1.61092295293998e-07	1.44958422832716e-11	0.234315578916698	0.644	0.372
0	CBX3	1.6441079393247e-07	1.47944563963349e-11	0.825382015917176	0.175	0.058
0	CHCHD3	1.8119489592294e-07	1.63047688223648e-11	0.25791672784639	0.36	0.166
0	SRGAP3	1.85465910008289e-07	1.66890947546378e-11	0.332815260490711	0.595	0.34
0	PRKD1	1.92584058415069e-07	1.73296192220885e-11	0.481136343782303	0.341	0.158
0	SCG2	1.94787497939781e-07	1.7527895072418e-11	0.6547508115998	0.882	0.636
0	PTPRN	1.98104452077456e-07	1.78263702040364e-11	0.331714677606217	0.686	0.411
0	EIF3E	1.98170007185786e-07	1.78322691609634e-11	0.515305638516624	0.275	0.115
0	RASSF5	2.04355869218444e-07	1.83889021163002e-11	0.49033423053906	0.254	0.102
0	TMEM91	2.11793558300227e-07	1.90581803563598e-11	0.75309729495902	0.227	0.087
0	AP2M1	2.13761346006335e-07	1.9235251147875e-11	0.346864157657825	0.369	0.175
0	CDK18	2.14285532124903e-07	1.92824198798617e-11	0.253151203736432	0.353	0.166
0	CNNM2	2.14883965678581e-07	1.93362697452156e-11	0.404700873132444	0.251	0.101
0	ATP5PO	2.17205620728777e-07	1.95451831844486e-11	0.809156186388518	0.221	0.083
0	MYT1	2.21469194236055e-07	1.99288395785166e-11	0.359542868350379	0.622	0.366
0	STAU2	2.23378087463117e-07	2.010061076785e-11	0.260366011127058	0.505	0.256
0	PARD6A	2.30786675085563e-07	2.07672703217459e-11	0.375771832215073	0.565	0.313
0	DLX1	2.3269955278635e-07	2.09394000527625e-11	1.24104856290424	0.151	0.046
0	SH3BP5	2.35699841480627e-07	2.12093801386329e-11	0.538678455592903	0.278	0.117
0	L3MBTL1	2.36682866358348e-07	2.12978373399035e-11	0.449849997132626	0.278	0.115
0	UNC5D	2.3737538099899e-07	2.13601530638883e-11	0.386813165485576	0.583	0.337
0	NSD3	2.53047029624193e-07	2.27703617046876e-11	0.304390721724131	0.311	0.139
0	VSTM2B	2.62448887739534e-07	2.36163851110891e-11	0.368261185087651	0.248	0.098
0	NUDT3	2.64015891153595e-07	2.37573914472776e-11	0.440377453643824	0.221	0.083
0	ACBD3	2.67998127594665e-07	2.41157318091123e-11	0.433177771387602	0.157	0.048
0	UQCRC1	2.69097544294238e-07	2.42146624938575e-11	0.96399772542375	0.181	0.062
0	SLC23A2	2.75802480730582e-07	2.48180042050375e-11	0.264121306520882	0.42	0.209
0	DUSP3	2.82512594329488e-07	2.5421811781651e-11	0.369824616559017	0.211	0.077
0	BHLHE41	2.83115410080149e-07	2.54760559776972e-11	0.936881033155774	0.127	0.033
0	SPHKAP	3.0018657025455e-07	2.70121992490371e-11	0.460491779475207	0.302	0.13
0	RPH3A	3.07550905517718e-07	2.76748767675441e-11	0.539690786900277	0.311	0.139
0	MAP1S	3.11774162597662e-07	2.80549052998886e-11	0.351277216457349	0.39	0.191
0	TOX2	3.17861980013696e-07	2.86027157395569e-11	0.291335546315937	0.514	0.296
0	TOX3	3.19665381328744e-07	2.8764994270561e-11	0.679809300362374	0.221	0.085
0	DUSP26	3.22494340669573e-07	2.90195573355145e-11	0.469313741265607	0.278	0.119
0	CDS2	3.27272495199828e-07	2.9449518149899e-11	0.381799843242129	0.565	0.313
0	GSPT1	3.32811604279763e-07	2.9947953233129e-11	0.245783533120735	0.299	0.13
0	ELAVL2	3.32944235202931e-07	2.99598879873059e-11	0.466356717181706	0.698	0.421
0	TPT1	3.45241087359815e-07	3.10664165715662e-11	0.323070194677256	0.32	0.142
0	NDUFAB1	3.5354627617028e-07	3.18137565167173e-11	0.597324725431091	0.169	0.055
0	MID2	3.70287834881645e-07	3.33202406984293e-11	0.318516746277643	0.426	0.209
0	CDADC1	3.73177643741046e-07	3.35802792892149e-11	0.214275625103191	0.278	0.118
0	ELAPOR2	3.75116450911077e-07	3.375474227581e-11	0.584551120229905	0.366	0.177
0	VWA5B1	3.76194731132473e-07	3.38517710008524e-11	1.13042405602432	0.211	0.082
0	USP6	3.76235073048411e-07	3.38554011561604e-11	0.25343244592709	0.369	0.175
0	HMGB1	3.77618833053928e-07	3.39799183887274e-11	0.418220742115371	0.45	0.238
0	RGS7	3.77754278730195e-07	3.39921064276249e-11	0.292682757769629	0.505	0.266
0	ME3	3.79167011402696e-07	3.4119230757014e-11	0.715334868338974	0.178	0.061
0	ACHE	3.88554364004091e-07	3.4963948889057e-11	0.304147002411179	0.683	0.396
0	ATP5MGL	3.89900567577224e-07	3.50850866172252e-11	0.360874025050089	0.305	0.133
0	PRRC2C	3.90976565223399e-07	3.51819099454152e-11	0.858156957452129	0.175	0.059
0	UBE2B	3.9173325519474e-07	3.52500004674471e-11	0.667554210058373	0.257	0.107
0	ZDHHC9	3.99819165996845e-07	3.59776087462291e-11	0.431282205500917	0.329	0.148
0	GK2	4.00302118075284e-07	3.60210670453778e-11	0.511097945680653	0.221	0.085
0	NT5C3A	4.11124440124435e-07	3.69949104764181e-11	0.380160805577607	0.151	0.045
0	FAM110B	4.15037014830094e-07	3.73469823477094e-11	0.374922800679986	0.341	0.157
0	MYL6	4.20695770015056e-07	3.78561837501175e-11	0.451801307902036	0.281	0.119
0	SKP1	4.22418975368237e-07	3.80112458713432e-11	0.472272967719875	0.248	0.101
0	STARD7	4.2283191914361e-07	3.80484044941609e-11	0.944111163541087	0.121	0.031
0	ADD2	4.28245988681331e-07	3.85355879313715e-11	0.24465376186976	0.447	0.223
0	CLINT1	4.31503467915875e-07	3.88287112315194e-11	0.217333435813781	0.211	0.078
0	FAM174B	4.32111613005884e-07	3.88834349865818e-11	0.704988886610296	0.263	0.111
0	NPHP4	4.61379707431074e-07	4.15171157591176e-11	0.292859907735256	0.302	0.132
0	TIAM1	4.79200774367332e-07	4.31207391674014e-11	0.28612805048333	0.384	0.186
0	IPO11	5.01836094236221e-07	4.51575716940719e-11	0.251746295620393	0.417	0.208
0	IBTK	5.23449069746262e-07	4.71024088676561e-11	0.63817824006657	0.302	0.136
0	CHMP4B	5.24816778959747e-07	4.72254817744755e-11	0.387727538991378	0.269	0.116
0	SLC39A6	5.36715326714267e-07	4.82961690555446e-11	0.389402181214462	0.245	0.097
0	NCKAP1	5.45960626002805e-07	4.91281045624768e-11	0.219610073051044	0.671	0.385
0	EPHA5	5.72712851861545e-07	5.15353956502785e-11	0.840772834199332	0.39	0.208
0	TRIB2	5.83531163888752e-07	5.25088782406867e-11	0.80332704425109	0.157	0.049
0	MKRN1	5.96057071775048e-07	5.36360183366371e-11	0.373835000517272	0.236	0.094
0	AJM1	6.2407743414045e-07	5.61574223108476e-11	0.266596640587315	0.341	0.156
0	VMA21	6.25183441453489e-07	5.62569460499855e-11	0.710938719592394	0.178	0.061
0	SNX29	6.33571140650331e-07	5.70117106677163e-11	0.202513320142894	0.559	0.307
0	GPRIN1	6.52447685812146e-07	5.87103109702282e-11	0.934432412452046	0.187	0.067
0	SPRED1	6.61765240467259e-07	5.9548748354833e-11	0.378637454604948	0.387	0.189
0	ACTR5	6.6548382214542e-07	5.98833638212382e-11	1.13697901581348	0.124	0.033
0	EFNA3	6.68144544393763e-07	6.0122788121458e-11	0.559545800614674	0.486	0.27
0	RAMP3	6.87939585990818e-07	6.19040390525347e-11	0.631173621350808	0.29	0.128
0	NDUFS3	6.88725301419336e-07	6.19747414216985e-11	0.386559768566753	0.172	0.057
0	RAB3B	7.10478682778443e-07	6.39322129738543e-11	0.694866314388718	0.317	0.149
0	HECA	7.1429271595603e-07	6.42754176150482e-11	0.436857389762575	0.272	0.115
0	HSPA4	7.14430273556586e-07	6.42877956948246e-11	0.437077712166864	0.248	0.102
0	DNAJA3	7.16224186972386e-07	6.44492204600366e-11	0.419629986083546	0.184	0.064
0	RAB11FIP3	7.32817346196164e-07	6.59423509579919e-11	0.376480903085996	0.344	0.163
0	KLHL4	7.34029364142634e-07	6.60514140324515e-11	0.559856809295131	0.133	0.037
0	KIF21B	7.43497683413056e-07	6.69034179261276e-11	0.232979337749077	0.417	0.211
0	GID8	7.55243285704653e-07	6.79603424552014e-11	0.351627542494886	0.181	0.062
0	FAM184B	7.58706230638534e-07	6.82719545251988e-11	0.514411006549374	0.269	0.115
0	C7orf57	7.63640724985469e-07	6.87159835314919e-11	0.368894986003214	0.281	0.122
0	SPOCK2	7.74610370833597e-07	6.97030838507691e-11	0.280369975293089	0.647	0.374
0	PCSK2	7.9855705206456e-07	7.18579188396077e-11	0.258325356810222	0.601	0.335
0	RGS6	8.56037600614035e-07	7.70302889061491e-11	0.3394102350153	0.296	0.132
0	GPR12	8.66667873558063e-07	7.79868508555802e-11	0.597531360816673	0.254	0.105
0	IMPDH2	8.71887460722402e-07	7.84565338542609e-11	0.717914250317599	0.157	0.05
0	SLC25A25	8.96476640680951e-07	8.06691839000225e-11	0.579612202585875	0.266	0.114
0	PPP1R14C	9.26404660424013e-07	8.33622478560257e-11	0.796428250987655	0.218	0.085
0	ACSL4	1.05985125119123e-06	9.53703996392724e-11	0.319455250642161	0.311	0.14
0	EPS8	1.07207569755798e-06	9.64704128100407e-11	0.850293606942084	0.199	0.075
0	RUNDC3A	1.08057150090176e-06	9.72349051472838e-11	0.425787827516954	0.302	0.135
0	ARNT2	1.09111152680939e-06	9.81833462439834e-11	0.262081879475004	0.568	0.313
0	SPRED2	1.09405801748702e-06	9.84484853313251e-11	0.264427294941093	0.538	0.294
0	KLF7	1.10309515253992e-06	9.92616892414216e-11	0.225412090152246	0.789	0.523
0	NAA40	1.1182168198278e-06	1.00622407975146e-10	0.452200322681304	0.251	0.104
0	CNNM1	1.14275145543938e-06	1.02830149864067e-10	0.653663197677802	0.202	0.075
0	UBA2	1.15714069382988e-06	1.04124961201285e-10	0.904180236090919	0.151	0.048
0	TRAF2	1.18597820890796e-06	1.06719896419325e-10	0.320063708484672	0.332	0.153
0	FGF11	1.187272534833e-06	1.06836365952758e-10	0.948013387224771	0.248	0.105
0	IQSEC1	1.19914530166396e-06	1.07904733345088e-10	0.258804072428771	0.773	0.531
0	YJEFN3	1.22412896332983e-06	1.10152880709964e-10	0.312008498034848	0.329	0.152
0	DSEL	1.2526771830698e-06	1.12721783773041e-10	0.758704687236293	0.245	0.102
0	EIF3CL	1.25353122140165e-06	1.12798634158341e-10	0.598241358137678	0.251	0.105
0	VCP	1.26988708709938e-06	1.14270411868926e-10	0.423073624545988	0.257	0.109
0	MEIS2	1.27607654297531e-06	1.14827368215182e-10	1.49803913451248	0.19	0.074
0	ANKRD46	1.28050222515882e-06	1.15225611910269e-10	0.711694752976035	0.184	0.065
0	MGST3	1.30355227230377e-06	1.17299763547536e-10	0.658227186898069	0.202	0.076
0	DGKH	1.33937463617748e-06	1.20523228307161e-10	0.306654609580681	0.55	0.304
0	AXIN1	1.35545048473352e-06	1.21969808758528e-10	0.262542951054768	0.372	0.188
0	AK1	1.36463285452966e-06	1.22796081573802e-10	0.528809519182793	0.184	0.065
0	PPP1R2	1.3995862058342e-06	1.25941348495833e-10	0.37254234002039	0.145	0.044
0	CDH8	1.40597622840304e-06	1.26516352776302e-10	0.435466979600417	0.495	0.286
0	KIAA1191	1.43309661141986e-06	1.28956772376483e-10	0.212235896660391	0.459	0.241
0	GDAP1L1	1.4622507971703e-06	1.31580203110798e-10	0.762187933114833	0.215	0.084
0	PEMT	1.46502555714849e-06	1.31829889062223e-10	0.241984660208157	0.23	0.092
0	BAG5	1.49444477345892e-06	1.34477168492659e-10	0.348669098042874	0.347	0.166
0	MTURN	1.498656107877e-06	1.34856124167821e-10	0.481777662012472	0.284	0.126
0	ABCC8	1.5366645853698e-06	1.38276305711311e-10	0.203929782868965	0.381	0.184
0	ST6GALNAC4	1.54974422804531e-06	1.39453273467588e-10	0.762514882659134	0.121	0.032
0	PLPPR3	1.57157325511736e-06	1.41417551976727e-10	0.49080183275444	0.338	0.162
0	SLC16A3	1.58010490536714e-06	1.42185269987145e-10	0.662473229651491	0.269	0.117
0	VOPP1	1.60687696133283e-06	1.44594345481223e-10	0.291473930553403	0.311	0.142
0	TENM1	1.60937121655942e-06	1.44818790295998e-10	0.233027250166537	0.876	0.553
0	GPRIN3	1.61738003945933e-06	1.45539461842826e-10	1.35315785084692	0.139	0.042
0	NUMB	1.62414801342776e-06	1.46148475967584e-10	0.224019601429471	0.353	0.168
0	CLTA	1.63256549146231e-06	1.46905920225169e-10	0.293585064413236	0.323	0.148
0	ADCY6	1.65664186815133e-06	1.4907242582123e-10	0.26431749202763	0.508	0.273
0	UNC119	1.66665393841924e-06	1.49973358986704e-10	0.789335544807597	0.248	0.108
0	EDIL3	1.67763712789175e-06	1.50961678024993e-10	0.308614799419013	0.517	0.282
0	CHAC1	1.69201811169374e-06	1.52255746575519e-10	0.448166955134186	0.239	0.098
0	RHBDL1	1.69918737050321e-06	1.52900870197355e-10	0.398110063188378	0.353	0.171
0	SAMD12	1.71478398298427e-06	1.5430432673304e-10	0.302044516061832	0.607	0.343
0	NACA	1.71530974428137e-06	1.54351637206998e-10	0.203247693768014	0.387	0.192
0	STARD5	1.71780789619016e-06	1.54576432663561e-10	0.464321812448277	0.163	0.054
0	PRKAB1	1.72512640243359e-06	1.55234986271357e-10	0.964759937456738	0.175	0.062
0	MEA1	1.74894586989008e-06	1.57378373966532e-10	1.07082224026825	0.1	0.023
0	ATP8B4	1.8219444196457e-06	1.63947126756564e-10	0.658024656486349	0.187	0.068
0	PSD	1.83623147488926e-06	1.65232743173694e-10	0.360559471198478	0.755	0.512
0	USP14	1.87041098316879e-06	1.68308376061261e-10	0.699664418361408	0.136	0.04
0	RAB15	1.91555251584582e-06	1.72370423454137e-10	0.306889428088502	0.296	0.134
0	PCDH15	1.92362220088955e-06	1.73096571662877e-10	0.296088652321545	0.486	0.265
0	NUDT4B	1.93505516682157e-06	1.74125363702112e-10	0.349893185991387	0.332	0.159
0	POU5F2	1.96737250594911e-06	1.77033429852345e-10	0.92241454965171	0.13	0.038
0	ZC3H15	1.99575257276713e-06	1.79587201724748e-10	0.285214419905386	0.166	0.055
0	EML6	2.00123396834417e-06	1.80080443475585e-10	0.275860040546263	0.64	0.401
0	ARID1B	2.04569256365783e-06	1.84081036952923e-10	0.417299351919778	0.716	0.453
0	CCSER1	2.08104468802228e-06	1.87262187350155e-10	0.282003278024782	0.477	0.253
0	GFRA2	2.29686907839761e-06	2.06683080932027e-10	0.833045140222248	0.408	0.226
0	SNTG2	2.30629544196254e-06	2.07531309454022e-10	0.573153967810058	0.338	0.169
0	GABRG1	2.30742177901081e-06	2.07632662558338e-10	0.244676815381419	0.662	0.389
0	SCYL1	2.31266491059034e-06	2.08104464194218e-10	0.752072670387622	0.151	0.048
0	SEMA3F	2.4006461209142e-06	2.16021427239647e-10	1.67328714913314	0.338	0.178
0	SCAPER	2.50753739250153e-06	2.25640006524028e-10	0.392262604472268	0.227	0.09
0	SYT16	2.5626420012498e-06	2.30598578354162e-10	0.242648248008308	0.628	0.354
0	PSMD13	2.69557326479646e-06	2.42560358570724e-10	0.428489045744077	0.178	0.063
0	ANO9	2.74007864723413e-06	2.46565162173502e-10	0.954928230781595	0.142	0.044
0	APBA2	2.77089968645349e-06	2.49338584221496e-10	0.225703843634742	0.665	0.394
0	C5orf24	2.7746589189001e-06	2.49676857635211e-10	0.805928173759865	0.263	0.118
0	CHST2	2.79724853657044e-06	2.51709577663137e-10	0.553892798335308	0.251	0.106
0	CPEB4	2.88509496605562e-06	2.59614412494881e-10	0.358796068264431	0.52	0.301
0	SLC4A2	2.98068327525319e-06	2.68215898070115e-10	0.309845513062481	0.151	0.048
0	CHRM4	3.02767643182572e-06	2.72444563288556e-10	0.720011689147738	0.224	0.091
0	TBC1D16	3.05004383594318e-06	2.74457287496012e-10	0.894393998020066	0.199	0.077
0	SCRN2	3.06870568317327e-06	2.76136568268989e-10	0.563934201876199	0.208	0.081
0	CADM4	3.0873500560373e-06	2.77814276616332e-10	0.449215731700701	0.689	0.438
0	UBE2QL1	3.14029361801913e-06	2.82578387295882e-10	0.273878215057873	0.538	0.294
0	NACC1	3.21722930523272e-06	2.89501422229166e-10	0.326199641116308	0.224	0.089
0	CLC	3.24037850471788e-06	2.91584496060279e-10	0.427082656310162	0.16	0.053
0	AEBP2	3.28122667153352e-06	2.95260206202962e-10	0.443836961589991	0.224	0.089
0	ARL3	3.3098447198709e-06	2.9783539277161e-10	0.512790647768635	0.208	0.081
0	TRPM2	3.33517201536627e-06	3.00114461924437e-10	1.06666965874898	0.103	0.025
0	BBLN	3.38814215329631e-06	3.04880964032782e-10	1.29818955223938	0.109	0.028
0	LCMT1	3.40161568357508e-06	3.06093375647897e-10	1.00364696920688	0.145	0.046
0	CRKL	3.44421193740154e-06	3.09926386880369e-10	0.216936402333766	0.193	0.072
0	MLLT11	3.4755690301084e-06	3.12748045542014e-10	0.731119412885731	0.181	0.066
0	SRPK2	3.4913103805335e-06	3.14164526278547e-10	0.2400328638421	0.656	0.376
0	MRI1	3.53174852157244e-06	3.17803340373656e-10	0.380502917465277	0.302	0.138
0	ELMO2	3.66448096025017e-06	3.29747229393519e-10	0.301151431488835	0.426	0.222
0	DGKE	3.87208906027568e-06	3.48428782531781e-10	0.291185769971807	0.396	0.197
0	PDXP	3.90944696399797e-06	3.51790422388011e-10	0.447157888633167	0.169	0.058
0	RUSC1	3.96335160895191e-06	3.5664101583298e-10	0.322496027009992	0.613	0.361
0	LURAP1	3.97727830247036e-06	3.57894205207447e-10	0.583774140942305	0.242	0.102
0	SLC12A1	4.0030077952132e-06	3.60209465959975e-10	0.915666180336043	0.133	0.04
0	ABHD8	4.08263899171225e-06	3.67375055494668e-10	0.63803293102351	0.221	0.089
0	CREB3	4.08781885787373e-06	3.6784116421072e-10	0.376668314061806	0.272	0.121
0	WDR26	4.14867878672624e-06	3.73317626808804e-10	0.399168553002372	0.221	0.088
0	CALN1	4.22577103456847e-06	3.80254749803696e-10	0.480655094734068	0.405	0.214
0	IPO5	4.28918649596328e-06	3.85961171237585e-10	0.947227396280932	0.121	0.034
0	VAT1L	4.50994972548189e-06	4.05826484790955e-10	1.54441750381866	0.103	0.025
0	INPP5F	4.59631249023148e-06	4.13597812492709e-10	0.829326326808645	0.166	0.058
0	TOMM22	4.60361336674194e-06	4.14254779694227e-10	0.971966849950668	0.115	0.031
0	RPN2	4.62829487798427e-06	4.164757381431e-10	0.303387488531477	0.224	0.089
0	GPX4	4.67015666482672e-06	4.20242658582446e-10	1.0028980560145	0.133	0.04
0	DNAJB14	4.6972070824872e-06	4.22676782370845e-10	0.213834776913466	0.227	0.092
0	SPEN	4.92961695579239e-06	4.43590115701646e-10	0.223422933507599	0.471	0.253
0	ABCA3	4.95180161068281e-06	4.45586395274256e-10	0.356469725061528	0.196	0.075
0	VPS39	5.04432590151628e-06	4.53912166068234e-10	0.427465462641315	0.196	0.075
0	CEMIP	5.10569384990673e-06	4.59434342653355e-10	0.602147408411266	0.284	0.133
0	SPCS3	5.27502122326487e-06	4.74671215987121e-10	0.21582918003429	0.275	0.12
0	CAND1	5.28679882956729e-06	4.7573102038759e-10	0.38150304883878	0.23	0.095
0	ATPAF1	5.34934866542054e-06	4.81359548764559e-10	0.650810648898967	0.16	0.055
0	TOMM70	5.53916661773817e-06	4.98440260752107e-10	0.212200459545023	0.227	0.092
0	PAFAH1B2	5.69426572184992e-06	5.12396807509216e-10	0.269279337432598	0.145	0.046
0	CYTH3	5.86818845708738e-06	5.28047193115034e-10	0.613825669259778	0.187	0.071
0	TMEFF2	5.88845538080806e-06	5.29870906218668e-10	0.362419839653093	0.659	0.396
0	HMGB3	5.98412970622622e-06	5.38480131937931e-10	0.459785636818579	0.218	0.088
0	PRPF8	5.99510605826747e-06	5.39467835712001e-10	0.666649877360044	0.166	0.059
0	TANC2	6.01937812277773e-06	5.41651950218459e-10	0.286287608391973	0.921	0.662
0	SYNGR1	6.15933150271305e-06	5.54245613489881e-10	0.26717294006553	0.574	0.329
0	FUT8	6.46269055659573e-06	5.81543287734701e-10	0.293498858847209	0.746	0.467
0	PCDH18	6.47746704849706e-06	5.82872945963921e-10	0.459046658524244	0.311	0.15
0	SCOC	6.80820803508113e-06	6.12634575279505e-10	0.60258668064701	0.224	0.092
0	HECTD4	6.82216476797196e-06	6.13890467737961e-10	0.350943388342099	0.338	0.164
0	SLC66A2	6.92295871891878e-06	6.22960381437845e-10	0.343892153007277	0.26	0.112
0	RYBP	7.01639169011044e-06	6.31367919563614e-10	0.373652351917863	0.196	0.076
0	ATF2	7.16706884329642e-06	6.44926558381753e-10	0.899162566890678	0.157	0.054
0	TRIM13	7.19002357079407e-06	6.46992132708906e-10	0.741322476136442	0.172	0.062
0	ASPSCR1	7.42641592670706e-06	6.68263828552781e-10	0.361933789103297	0.205	0.081
0	RPL24	7.47969942273572e-06	6.73058528096439e-10	0.24863452847198	0.254	0.11
0	EPB41	7.49590974286442e-06	6.7451720893228e-10	0.239439385414869	0.77	0.471
0	RNF157	7.79013774804382e-06	7.00993228475103e-10	0.206098485430502	0.502	0.268
0	GCN1	7.84094379159224e-06	7.05564995194118e-10	0.238883866248077	0.199	0.076
0	ATP5PB	7.88483925945634e-06	7.09514915815382e-10	0.314494651698137	0.275	0.122
0	GRIP1	7.9665922041967e-06	7.16871430234563e-10	0.218206499576795	0.535	0.299
0	CTSL	8.0677924044705e-06	7.25977900159318e-10	0.324403051336115	0.208	0.083
0	GOT1	8.13766561456112e-06	7.32265420189068e-10	0.325391329534686	0.275	0.123
0	NDUFA10	8.18633703134821e-06	7.36645103153803e-10	0.628409724809294	0.202	0.08
0	MTA1	8.34933355936415e-06	7.51312297252241e-10	0.350089553601689	0.36	0.186
0	LMO3	8.3941503724543e-06	7.55345124849663e-10	0.711286461149761	0.211	0.086
0	PDK3	8.41814967325003e-06	7.57504694794387e-10	0.530876524383367	0.154	0.052
0	FKBP8	8.50699603256847e-06	7.654995080148e-10	0.957038408166635	0.13	0.039
0	BRINP3	8.6169178602569e-06	7.75390790988653e-10	0.287692414676012	0.329	0.159
0	DOCK7	8.64366339359758e-06	7.77797479852207e-10	0.2233241216068	0.387	0.192
0	LIMK1	8.65191935583583e-06	7.78540390158898e-10	0.239887615399694	0.423	0.216
0	DRP2	8.84513634596757e-06	7.95926963553277e-10	0.403773390305874	0.447	0.243
0	PTDSS1	8.8990748332403e-06	8.00780602289238e-10	0.270964649889157	0.387	0.195
0	TMEM132E	8.99691671918731e-06	8.09584875298057e-10	0.481231094097382	0.828	0.634
0	PRAG1	9.00157811835669e-06	8.10004329916016e-10	0.373194209903008	0.121	0.035
0	SNAP29	9.0279837553867e-06	8.1238043331114e-10	1.06374234785877	0.109	0.029
0	IST1	9.07047377569549e-06	8.16203885152118e-10	0.712860606628302	0.115	0.032
0	CHD3	9.12275237396423e-06	8.20908159269705e-10	0.298894286890357	0.441	0.236
0	PRADC1	9.16095627135701e-06	8.24345925614777e-10	0.825148862703805	0.172	0.062
0	CSRNP2	9.30060978257037e-06	8.36912605288434e-10	0.48307184926556	0.233	0.098
0	FBXL2	9.59991105675187e-06	8.63845141433624e-10	0.257222355914291	0.278	0.126
0	PDE3A	9.78154870274791e-06	8.80189750989644e-10	0.347049218710711	0.356	0.178
0	PLEKHM3	9.92236292554801e-06	8.92860876950239e-10	0.293229275200505	0.19	0.072
0	PIK3CA	1.00554749271723e-05	9.04838920828967e-10	0.336795123523208	0.287	0.134
0	CARS1	1.01333457020436e-05	9.11846099347034e-10	0.473389864792187	0.263	0.119
0	TBC1D24	1.06055282960222e-05	9.54335309639363e-10	0.693469479488175	0.172	0.062
0	TMEM145	1.06955862220708e-05	9.62439145331665e-10	0.323283652085113	0.598	0.364
0	TMEM170B	1.07912288725698e-05	9.71045520792748e-10	0.216203826953897	0.218	0.088
0	RHOBTB2	1.11852247518239e-05	1.00649912281327e-09	0.3864242083621	0.211	0.085
0	UGCG	1.12457133945239e-05	1.01194217533734e-09	0.56469872943434	0.263	0.118
0	TOR1A	1.1584429576238e-05	1.04242145021488e-09	0.581029964349295	0.139	0.045
0	WARS1	1.16945834867078e-05	1.05233361708879e-09	0.788464551184474	0.103	0.026
0	BRINP1	1.1763523144756e-05	1.05853713171565e-09	0.231668340895032	0.692	0.432
0	BTF3	1.18710703920885e-05	1.06821473878237e-09	0.380536862740096	0.227	0.093
0	AQP11	1.19445303899331e-05	1.07482501484146e-09	1.06310725280122	0.109	0.029
0	RPL3	1.19890096414848e-05	1.07882746706423e-09	0.506556561148879	0.242	0.105
0	KIF1A	1.22715978317225e-05	1.1042560813212e-09	0.233438413486927	0.873	0.588
0	CHN1	1.25087602393561e-05	1.12559707004015e-09	0.479115019333783	0.205	0.082
0	FAM50B	1.28020184025813e-05	1.15198581864314e-09	0.500743465240322	0.175	0.065
0	YAF2	1.38473005517794e-05	1.24604522197241e-09	0.361407018296882	0.19	0.073
0	TAFA1	1.3862325076691e-05	1.2473971993783e-09	0.759667207828449	0.447	0.247
0	PURA	1.40554191876646e-05	1.26477271552817e-09	0.534978618596974	0.353	0.176
0	ZBTB5	1.40959604464479e-05	1.26842080864284e-09	0.215362984381882	0.19	0.074
0	ASPHD2	1.44054170455148e-05	1.29626716867765e-09	0.387805246629109	0.311	0.148
0	EVI5L	1.45039644653932e-05	1.30513492894747e-09	0.239963136220392	0.42	0.221
0	MTMR4	1.45872278318237e-05	1.31262735821324e-09	0.233196045793481	0.468	0.25
0	CORO1C	1.47310538912236e-05	1.32556950339455e-09	0.506584885455146	0.202	0.081
0	FKBP11	1.4941172106325e-05	1.34447692849141e-09	0.546897947615845	0.124	0.037
0	TTLL1	1.50136548031044e-05	1.35099926240478e-09	0.892304839150614	0.118	0.034
0	EXT2	1.50769592309421e-05	1.35669569251706e-09	0.352923755474116	0.278	0.126
0	ATP5PD	1.50885101677523e-05	1.35773510013069e-09	0.613310201896851	0.266	0.12
0	PAIP2B	1.53422474175435e-05	1.38056757109183e-09	0.253987273964483	0.272	0.121
0	ADAR	1.53897407329523e-05	1.3848412429544e-09	0.356032219348168	0.184	0.07
0	NDUFA13	1.54783690472717e-05	1.39281643546042e-09	0.483357613103057	0.202	0.08
0	C8orf34	1.56730054014647e-05	1.41033072990774e-09	0.85719044760071	0.115	0.032
0	GRIN3A	1.57180991053361e-05	1.41438847343977e-09	1.21161901121395	0.121	0.035
0	PRKACA	1.58086321311901e-05	1.42253506084676e-09	0.393513578122577	0.372	0.19
0	NTSR1	1.60254574028085e-05	1.44204601842964e-09	1.31266051237203	0.199	0.082
0	PAK6	1.6845458908512e-05	1.51583361005237e-09	0.776171634369184	0.233	0.103
0	LPCAT2	1.7039419861043e-05	1.53328712868199e-09	0.292487908472012	0.399	0.209
0	SLC39A11	1.72784872592673e-05	1.55479953741269e-09	0.208351655127474	0.242	0.104
0	CDK5R2	1.7540802635017e-05	1.57840390848709e-09	0.832537672685146	0.118	0.034
0	MFSD2B	1.75939325662096e-05	1.58318478954465e-09	0.280339851524073	0.239	0.1
0	IPO13	1.78642627605957e-05	1.60751037169042e-09	0.32383419060656	0.36	0.177
0	FLVCR2	1.82083568152762e-05	1.63847357286747e-09	0.314015337181238	0.248	0.109
0	NUDT14	1.89642982727755e-05	1.70649674010398e-09	0.363778325133284	0.299	0.142
0	RNFT2	2.00604372339989e-05	1.80513247853855e-09	0.508330861901468	0.148	0.05
0	BBS9	2.04594563285428e-05	1.84103809309303e-09	0.430754922696524	0.245	0.108
0	REEP2	2.05081689486669e-05	1.84542148372778e-09	0.256602235444443	0.423	0.226
0	PPP2R2C	2.1023576147734e-05	1.89180024725402e-09	0.672510853379578	0.293	0.141
0	TUFM	2.13718234231624e-05	1.92313717476491e-09	0.81190995142399	0.106	0.028
0	SH3GL3	2.16728528647529e-05	1.95022521954044e-09	0.582577754134409	0.211	0.088
0	JAGN1	2.18733290105335e-05	1.96826500589702e-09	0.571085613041238	0.23	0.099
0	FRS3	2.19682900268396e-05	1.97681004470797e-09	0.238028214609869	0.227	0.095
0	EIF5	2.25442778357838e-05	2.02864013639736e-09	0.312451447453898	0.299	0.14
0	PPM1L	2.38753351225224e-05	2.14841493048883e-09	0.30434181280721	0.257	0.114
0	GNRHR	2.47474342649414e-05	2.22689051245761e-09	0.954197019971009	0.142	0.048
0	C17orf75	2.6810219230471e-05	2.41250960410969e-09	0.460024672784604	0.148	0.051
0	CDH10	2.7137142695968e-05	2.44192771492558e-09	0.415544104147378	0.251	0.111
0	TP53INP2	2.74512275339092e-05	2.47019054565907e-09	0.519437355308638	0.199	0.08
0	PPP2R5D	2.7601012855391e-05	2.48366893326654e-09	0.490143938146872	0.23	0.098
0	C6orf136	2.79896241155728e-05	2.51863800194123e-09	0.454296969135391	0.193	0.077
0	IDH2	2.81332119907779e-05	2.5315587141886e-09	0.223499626017565	0.335	0.165
0	NANOS1	2.85210416540122e-05	2.56645745109441e-09	0.754746974676671	0.136	0.045
0	ATP9A	2.89905874243697e-05	2.60870938759738e-09	0.272973254835038	0.444	0.242
0	SLCO5A1	2.92892852885114e-05	2.63558762606959e-09	0.606003335288977	0.19	0.075
0	CAPZA1	2.93932836060593e-05	2.6449458837451e-09	0.867681268069029	0.151	0.052
0	PA2G4	3.04718602139412e-05	2.74200127903727e-09	0.597947461513359	0.163	0.059
0	EPHX4	3.06442479553748e-05	2.75751353868215e-09	0.678756070021471	0.208	0.087
0	LAMTOR4	3.06678705328078e-05	2.75963920928712e-09	0.537665093604358	0.109	0.03
0	NDUFA9	3.13113526775611e-05	2.81754275871151e-09	0.494068128668502	0.136	0.044
0	RNF34	3.26865486723276e-05	2.94128936131806e-09	0.329005444315837	0.293	0.139
0	VCPIP1	3.36716871944791e-05	3.02993675825422e-09	0.222737095487599	0.148	0.05
0	ZNF827	3.38008192030644e-05	3.04155666364297e-09	0.395255006536413	0.444	0.243
0	ANKRD29	3.41398221231801e-05	3.07206174059031e-09	0.868858641408137	0.136	0.045
0	SLC25A13	3.46177101760738e-05	3.11506435490631e-09	0.579236345081179	0.199	0.082
0	CDC37	3.53293534920373e-05	3.17910136705096e-09	0.362153822101632	0.233	0.101
0	IVD	3.63203666729478e-05	3.26827739340842e-09	0.504366575858774	0.172	0.065
0	CLGN	3.8101631007909e-05	3.42856393484288e-09	0.209990128113472	0.42	0.222
0	SYNCRIP	4.04044226975886e-05	3.63577996018975e-09	0.225550908161863	0.293	0.143
0	EIF2S2	4.11723034550936e-05	3.70487748178652e-09	0.61463846011289	0.169	0.063
0	SUCLG1	4.16540341698779e-05	3.74822587688994e-09	0.201155401906034	0.227	0.096
0	HIPK3	4.23100725212091e-05	3.80725929282904e-09	0.220407172664466	0.495	0.277
0	SEPTIN5	4.24254329401266e-05	3.8176399658172e-09	0.247931070985803	0.411	0.218
0	TRNP1	4.26211410103567e-05	3.83525069831339e-09	0.495475519832972	0.227	0.099
0	NDUFB4	4.40286524243905e-05	3.96190519431211e-09	0.667743401818001	0.13	0.042
0	KLHDC9	4.48390600787592e-05	4.0348294860757e-09	0.632404339343428	0.178	0.069
0	AMPD2	4.52263868504532e-05	4.06968297043581e-09	0.272421908240925	0.296	0.142
0	NAMPT	4.79221457238708e-05	4.31226003094311e-09	0.467132400312815	0.187	0.074
0	ELMOD3	5.05421466363313e-05	4.54802003386406e-09	0.239484251266599	0.202	0.082
0	ENTPD4	5.06852158627442e-05	4.56089407565412e-09	0.869489195940504	0.139	0.047
0	EGLN2	5.17717008501079e-05	4.65866110412201e-09	0.369786999166201	0.199	0.081
0	HNRNPA0	5.19190526168992e-05	4.67192050903439e-09	0.717996703759414	0.154	0.055
0	PHC3	5.22029679101617e-05	4.69746854226237e-09	0.52061521653725	0.242	0.109
0	ARL8B	5.46291853589196e-05	4.91579099783314e-09	0.21177558286232	0.248	0.109
0	FAM131C	5.4984569206939e-05	4.9477701077062e-09	1.39964471251484	0.106	0.03
0	RIC8A	5.52661471548774e-05	4.97310781561032e-09	0.815715593920807	0.151	0.054
0	DLST	5.54317626354989e-05	4.98801067538008e-09	0.473535055339307	0.26	0.12
0	PIGV	5.56322918478185e-05	5.00605523691339e-09	0.682015937165424	0.115	0.034
0	POU6F2	5.60116921170875e-05	5.04019545731013e-09	1.50689827325999	0.124	0.04
0	DYNLRB1	5.69784371548779e-05	5.12718772202627e-09	0.488587245070428	0.148	0.052
0	EPHA6	5.71569331881367e-05	5.14324963449444e-09	0.990439853521019	0.486	0.296
0	TACR1	5.90809761961422e-05	5.3163840723605e-09	0.451071042225961	0.254	0.119
0	TBCK	5.90904445150199e-05	5.31723607621883e-09	0.263299560275436	0.239	0.105
0	MAP3K10	5.99237960972248e-05	5.39222497050525e-09	0.516233334448881	0.278	0.133
0	UQCRB	6.02269561704831e-05	5.41950473953775e-09	0.437108177540753	0.251	0.113
0	HERPUD2	6.04906369927643e-05	5.4432319799122e-09	0.490555202845078	0.205	0.085
0	ABCC9	6.15756843126515e-05	5.54086964029979e-09	0.219870426107952	0.299	0.144
0	ABTB3	6.20915717632999e-05	5.58729161912174e-09	0.458951068051452	0.755	0.5
0	CDIPT	6.32400213304164e-05	5.69063451187045e-09	0.242737663358109	0.248	0.11
0	KIF13B	6.36147711109485e-05	5.72435625942127e-09	0.380079783722852	0.326	0.162
0	NKAIN1	6.3716064101861e-05	5.73347107908405e-09	0.347008445096901	0.181	0.07
0	RCOR3	6.47666721619489e-05	5.82800973292081e-09	0.608079384570742	0.166	0.062
0	GABRR3	6.48312538384292e-05	5.83382109587233e-09	0.92314755796061	0.1	0.027
0	DCTN2	6.57209187804742e-05	5.91387733109639e-09	0.487254407339512	0.236	0.103
0	UBR1	6.65690668429218e-05	5.99019768225698e-09	0.599758384031303	0.145	0.05
0	CCDC186	6.69797732725866e-05	6.0271549781865e-09	0.348930836617521	0.208	0.088
0	KATNB1	6.76335763502013e-05	6.08598725368499e-09	0.58807520012981	0.157	0.057
0	SLC25A11	6.8125969179747e-05	6.13029507601431e-09	0.59238183730398	0.166	0.062
0	PHB2	6.89242501473063e-05	6.20212815147182e-09	0.389522070570428	0.272	0.128
0	PDS5B	6.90454119377364e-05	6.21303085915022e-09	0.215577858125501	0.335	0.165
0	GORASP2	6.93650413279707e-05	6.24179261477286e-09	0.546417205482935	0.127	0.041
0	PDE7B	7.08073583407473e-05	6.37157908222328e-09	1.06596929608377	0.13	0.042
0	UNC79	7.16170806633357e-05	6.44444170461043e-09	0.284128150736835	0.447	0.242
0	HNRNPLL	7.18405710751811e-05	6.46455242285442e-09	0.206319076589324	0.855	0.574
0	PCMTD1	7.20156465813006e-05	6.48030654020522e-09	0.201060403254088	0.423	0.229
0	GTPBP2	7.32660157027455e-05	6.59282063373936e-09	0.501013082398775	0.224	0.099
0	CCT5	7.62019411793133e-05	6.85700901460572e-09	0.707783559119157	0.157	0.058
0	OPN5	7.79578634149543e-05	7.01501515476958e-09	0.627023795931862	0.175	0.068
0	ITM2A	7.86543861089446e-05	7.07769154224283e-09	0.273632585125583	0.903	0.625
0	RPL4	7.99639813106406e-05	7.19553507699457e-09	0.271546843226049	0.32	0.161
0	DDX19B	8.06109605423028e-05	7.25375331074442e-09	0.752278453209484	0.142	0.049
0	PIEZO2	8.22948496431187e-05	7.40527757069366e-09	0.421734111961637	0.106	0.03
0	DNAJC16	8.39104361750063e-05	7.55065564429104e-09	0.361668659383438	0.287	0.138
0	PSMB4	8.45597207763905e-05	7.60908132604972e-09	0.595470049247369	0.136	0.046
0	TMEM164	8.58540045097819e-05	7.72554706287968e-09	0.295390179588284	0.245	0.109
0	DALRD3	8.61676022823183e-05	7.75376606517757e-09	0.690684990150241	0.109	0.032
0	ZZEF1	8.63015357391603e-05	7.76581802745976e-09	0.320533527925315	0.184	0.072
0	EPCIP	8.99229740724694e-05	8.09169207886884e-09	0.745825044590258	0.16	0.06
0	CLUH	9.09126434748137e-05	8.18074718571166e-09	0.304587343180764	0.275	0.129
0	SOD2	9.21117325287568e-05	8.28864685762231e-09	0.839139656673569	0.145	0.052
0	MPC2	9.8316888816975e-05	8.84701600080761e-09	0.39519859258018	0.23	0.102
0	VIPR1	0.000100718145270258	9.06309234862398e-09	0.536569932120382	0.16	0.06
0	MARK1	0.000103541732457623	9.31717200194573e-09	0.45371797417798	0.36	0.189
0	CDKL5	0.000103635041420668	9.3255683812353e-09	0.219154518367555	0.707	0.446
0	ASB1	0.000104223318897907	9.37850435507129e-09	0.388706311189784	0.16	0.059
0	NDUFB8	0.000104241680800286	9.380156645396e-09	0.276615738461675	0.154	0.056
0	ZFPM1	0.000106769143817988	9.60758965337784e-09	1.09660861132612	0.211	0.093
0	MYL12B	0.00010797262369396	9.71588443210291e-09	0.217834968481393	0.172	0.066
0	HDAC5	0.000108406795798806	9.75495327983497e-09	0.204616201957885	0.514	0.294
0	SENP6	0.000109140353632907	9.8209622633769e-09	0.260991974822959	0.311	0.154
0	C1orf21	0.000111483036997041	1.00317679291857e-08	0.30884140975278	0.296	0.143
0	TBC1D8B	0.000111818910468459	1.00619914036227e-08	0.487420208105004	0.263	0.123
0	BSDC1	0.000114317961447057	1.02868677627155e-08	0.441926763246975	0.142	0.049
0	MIF	0.000125290112564233	1.12741935178829e-08	0.351711626253643	0.142	0.049
0	VDAC2	0.000125687606617842	1.13099619020825e-08	0.806462273336035	0.124	0.04
0	RXFP1	0.000126091125645	1.13462724417349e-08	1.37613655857065	0.121	0.039
0	SLC12A6	0.000128157637955402	1.15322269374069e-08	0.279670070272634	0.36	0.185
0	RGS7BP	0.000128474323335445	1.1560723777148e-08	0.612409151649409	0.157	0.059
0	MGRN1	0.000129874393912247	1.16867087116212e-08	0.356112493208808	0.275	0.131
0	RAP1GAP	0.000135601271699238	1.22020401061134e-08	0.622044471779485	0.535	0.319
0	AP1G1	0.000145427283592473	1.30862308640757e-08	0.299936359530367	0.278	0.133
0	CAMK2N1	0.000145656770784619	1.31068812008116e-08	0.407059953332116	0.302	0.151
0	ZBTB44	0.000146809399200773	1.32106001260482e-08	0.313133750643478	0.245	0.112
0	KCNIP2	0.000148962462063057	1.34043428473911e-08	0.47939265350904	0.52	0.316
0	AASS	0.000149433664389046	1.34467438485599e-08	0.327146406507223	0.148	0.053
0	KLHL17	0.00015049867994651	1.35425789567632e-08	0.865580055526638	0.151	0.056
0	ACTR2	0.000153929320713151	1.38512841458788e-08	0.351415865111187	0.172	0.067
0	DESI1	0.000158564077787866	1.42683413828728e-08	0.40266412398715	0.181	0.073
0	UQCR11	0.000160309807328406	1.44254303363993e-08	0.606983792260319	0.139	0.048
0	GULP1	0.000163877196692872	1.47464408074213e-08	0.302140651654055	0.215	0.094
0	SLC45A1	0.000173706154226607	1.56308966279679e-08	0.731371490249559	0.151	0.055
0	FZR1	0.000175871319538493	1.5825728384639e-08	0.501159343946162	0.112	0.034
0	FAU	0.000177642659847133	1.59851219155163e-08	0.278982566244109	0.287	0.14
0	AKT1S1	0.000180381802209854	1.62316028264063e-08	0.633719972747183	0.106	0.031
0	PTCD1	0.000186275876849894	1.67619793799958e-08	0.278917720805969	0.193	0.08
0	LCLAT1	0.000191413721408907	1.72243067946466e-08	0.574321458230313	0.16	0.061
0	ENOX1	0.000192136311211254	1.72893288231129e-08	0.233112721542199	0.792	0.503
0	SLC12A9	0.000193192775840681	1.73843944785999e-08	0.507980256817641	0.13	0.044
0	UBQLN4	0.000195022575377087	1.75490484457021e-08	0.279546372658093	0.175	0.069
0	MMP17	0.000196014151202026	1.76382751014151e-08	0.368952975621786	0.308	0.159
0	TPP2	0.000206757232206858	1.86049880506486e-08	0.403566941288039	0.242	0.111
0	LUZP1	0.000211659547827244	1.90461214638031e-08	0.570967410114197	0.202	0.088
0	SCML4	0.000221015173427713	1.98879846511035e-08	0.992521312048664	0.154	0.059
0	DAZAP1	0.000224524448755304	2.02037657478002e-08	0.434628642347057	0.305	0.153
0	TMEM240	0.000231086176927799	2.07942209059479e-08	0.218749147344939	0.266	0.125
0	GPHN	0.00023453917309651	2.11049377392703e-08	0.244790785423225	0.958	0.707
0	RPL34	0.000245113867222123	2.20564984452553e-08	0.231360287355608	0.281	0.137
0	ABHD3	0.000253333328891979	2.2796124259154e-08	0.354904445541621	0.178	0.072
0	PRDX5	0.000256523461278975	2.30831873732543e-08	0.633137858945015	0.127	0.043
0	NXPH2	0.000256607299717014	2.30907315501678e-08	1.60241716805835	0.109	0.034
0	DHCR7	0.000257935104539856	2.32102136722628e-08	0.878905210004915	0.13	0.045
0	DENND4A	0.000261830871179219	2.3560773074707e-08	0.309168989814469	0.341	0.179
0	MBD3	0.000275464765971379	2.47876150428668e-08	0.326930573404771	0.284	0.139
0	NDUFB10	0.000276735378994161	2.49019507778423e-08	1.09651774812609	0.121	0.04
0	ADARB2	0.000280362393677064	2.52283266154111e-08	1.11541675806221	0.305	0.17
0	TOP2B	0.000282075398450245	2.53824708404792e-08	0.337895754305175	0.284	0.142
0	G3BP1	0.000288911752230938	2.5997638102307e-08	0.201664567610896	0.16	0.061
0	FAM217A	0.00029438093038011	2.64897804715298e-08	0.637865242954072	0.193	0.082
0	CCT6B	0.000300509001218402	2.70412131034286e-08	0.452229870118653	0.148	0.055
0	ATXN7L3	0.000303495422486683	2.73099453330948e-08	0.264847803748387	0.218	0.097
0	TRIM37	0.000311679810878271	2.80464150884794e-08	0.313970453738571	0.199	0.085
0	RTF2	0.000312600748614934	2.81292853968266e-08	0.352044567618606	0.202	0.088
0	RICTOR	0.000337403604311283	3.03611629903072e-08	0.300313603046969	0.181	0.075
0	NGEF	0.000340309668467091	3.06226643091057e-08	0.474521483718238	0.239	0.111
0	FAM3A	0.000348762420237992	3.13832826633665e-08	0.696741815252848	0.145	0.054
0	PAK3	0.000370701905941631	3.33575007596177e-08	0.333871746329656	0.314	0.162
0	PEX5	0.000376792483831343	3.3905559599689e-08	0.62338059637768	0.142	0.052
0	ELOB	0.000378324924676536	3.40434558333966e-08	0.292639141323061	0.166	0.065
0	SPTBN1	0.000385185026139389	3.46607600233411e-08	0.313005704250929	0.909	0.704
0	TRAF3IP1	0.000398305676948253	3.58414178843025e-08	0.259041700054256	0.157	0.06
0	PORCN	0.000400379492661555	3.60280295745123e-08	0.982195581932034	0.103	0.031
0	ABHD17A	0.000402660338096896	3.62332707726893e-08	0.396019062359835	0.181	0.075
0	KHDRBS3	0.000404808840783208	3.64266031479535e-08	0.666268093655845	0.311	0.166
0	SH3BGRL3	0.000412719700482135	3.71384595052762e-08	0.496408833774626	0.115	0.037
0	RALBP1	0.000423677760846381	3.81245173082319e-08	0.499827270083083	0.157	0.061
0	GPR137B	0.000430616722041356	3.87489176677185e-08	0.379236635026494	0.29	0.144
0	TCP1	0.000432687019904429	3.89352128052217e-08	0.591920654212679	0.133	0.047
0	RPS6KA5	0.000436384230688421	3.92679052180708e-08	0.300039427383969	0.169	0.068
0	CCDC71	0.00044082415493785	3.96674304812247e-08	0.207614827243615	0.23	0.105
0	ECHDC3	0.000443276092470247	3.98880673508726e-08	0.597777641714995	0.139	0.051
0	ST8SIA3	0.00045158110058914	4.06353910365464e-08	0.410278009715396	0.417	0.229
0	TRIT1	0.000453171253195035	4.07784804458773e-08	0.517094608597474	0.211	0.095
0	ASPG	0.000463483630679396	4.17064366669123e-08	0.544364580917471	0.172	0.071
0	PGAP1	0.000466731865743891	4.19987281331675e-08	0.434561635767092	0.205	0.09
0	ADAP1	0.000469165924782616	4.22177562118795e-08	0.217321324817331	0.266	0.127
0	ASS1	0.000473729495805641	4.26284077931829e-08	0.566856501793292	0.142	0.052
0	CHRNB2	0.000477838952672347	4.29981960471832e-08	0.308221781889368	0.429	0.244
0	DYNLT3	0.000492140784927722	4.42851421693262e-08	0.74276605928574	0.106	0.032
0	MTCL3	0.000498433572117568	4.48513967531331e-08	0.252564634274748	0.36	0.189
0	SYNDIG1	0.000514549176024243	4.63015545779036e-08	0.885838290323591	0.109	0.034
0	PSMD2	0.00053338237465101	4.79962543553505e-08	0.400748475051018	0.178	0.073
0	RABGGTB	0.000539947189578057	4.85869872741885e-08	0.240300691010188	0.13	0.045
0	PNPO	0.00054303237642998	4.8864606895526e-08	1.2122805986881	0.109	0.035
0	SOCS7	0.000550627802688505	4.95480790685238e-08	0.506833027395097	0.236	0.112
0	RAB5A	0.000560802415200841	5.04636385495222e-08	0.247088504414118	0.205	0.091
0	TAFA3	0.000565835444781014	5.0916534219474e-08	0.800261313199402	0.607	0.398
0	VPS26B	0.000572444605785698	5.15112576069197e-08	0.276558103165221	0.169	0.068
0	AIFM1	0.000575746783251954	5.1808403064155e-08	0.399979975489092	0.124	0.042
0	TRIM23	0.000579990697344819	5.21902904116638e-08	0.532847570822003	0.157	0.062
0	NDUFS1	0.000588217193063363	5.29305491823416e-08	0.487002981751985	0.175	0.073
0	GOLGB1	0.000605019973382197	5.44425423721945e-08	0.301016142162433	0.205	0.09
0	HCCS	0.00060608287976424	5.45381876868749e-08	0.652074605671331	0.133	0.048
0	RNF130	0.000630297096227028	5.67170967539843e-08	0.357208780797052	0.181	0.076
0	RAB3IP	0.000634056287427722	5.70553664561974e-08	0.372780848489836	0.269	0.133
0	KCNK9	0.000638358332144167	5.7442484670581e-08	0.388261398998183	0.281	0.143
0	PGBD5	0.000642218331008806	5.77898255204541e-08	0.417064280271407	0.326	0.174
0	ESRRA	0.000648943691143081	5.83950050520184e-08	0.666748554150848	0.157	0.062
0	FAM199X	0.00065995919185818	5.93862316078629e-08	0.245500741604971	0.196	0.085
0	HNRNPR	0.000686810403244035	6.18024298788837e-08	0.221884568123852	0.299	0.152
0	UQCRFS1	0.000706455202151382	6.35701612662091e-08	0.499068321681624	0.136	0.049
0	CC2D1A	0.000709042663066494	6.38029931671461e-08	0.310167951729139	0.172	0.072
0	NDUFA6	0.000729567977560519	6.56499574876738e-08	0.688741527163455	0.1	0.03
0	CASD1	0.000745761594513897	6.71071352932509e-08	0.335004794433219	0.202	0.089
0	SLC25A12	0.000753681630197158	6.78198173487949e-08	0.764331703626493	0.317	0.171
0	MKNK1	0.00075430587156726	6.78759895228345e-08	0.232453923542103	0.341	0.182
0	FADS2	0.000776959654691673	6.99144834600623e-08	0.612513716475581	0.193	0.085
0	DNAJB2	0.000797361404593884	7.17503288575438e-08	0.464934102129301	0.13	0.046
0	CISD1	0.000805997296295791	7.25274270040305e-08	0.795896616103816	0.145	0.055
0	ARF6	0.000824484530569545	7.41909952820611e-08	0.36209731847261	0.112	0.036
0	ARL1	0.00085960328855229	7.73511462748394e-08	0.565474673162607	0.139	0.052
0	AP3M2	0.000879235710978086	7.91177639681532e-08	0.390584388236107	0.145	0.055
0	UBE2I	0.000886945364100949	7.98115148115675e-08	0.311166855719053	0.172	0.071
0	KCNK1	0.000888413563361422	7.99436302853795e-08	0.243235347215531	0.32	0.167
0	TMEM62	0.000892798316675295	8.03381910083051e-08	0.668887791398007	0.163	0.066
0	ERGIC3	0.000897523549675326	8.07633896945313e-08	0.305197067299924	0.221	0.103
0	SNRPD1	0.000902505538154739	8.12116924462107e-08	1.02194032530703	0.124	0.044
0	FMN1	0.000936590311956538	8.42788006799728e-08	0.478704194011764	0.199	0.089
0	RUNDC1	0.000937676302061503	8.43765231765953e-08	0.812991634603345	0.13	0.047
0	SELENOK	0.00097767802453095	8.79760662765185e-08	0.477618507848965	0.154	0.061
0	TMEM255A	0.00101014357600957	9.08974692710849e-08	0.206150012691444	0.23	0.106
0	RAB39B	0.00102230823436964	9.19921024358532e-08	0.265164796120804	0.296	0.152
0	KCNA3	0.00102453848928508	9.21927912611431e-08	0.823587406613802	0.187	0.082
0	TMEM235	0.00104381418338822	9.39273088624331e-08	1.17531346046642	0.181	0.079
0	RAB35	0.00105252266952438	9.47109393974965e-08	0.603194039269361	0.142	0.054
0	LMLN	0.00105626742510335	9.50479101145816e-08	0.546548356430484	0.16	0.065
0	EIF4A2	0.00108279075633672	9.74346041875933e-08	0.347696186181247	0.284	0.145
0	BRK1	0.00110562650397933	9.94894721478749e-08	0.76840988946747	0.193	0.086
0	CBS	0.00117546312580109	1.05773699793133e-07	0.741645660880548	0.112	0.037
0	XRCC1	0.0012317423190492	1.10837966260164e-07	0.47667412382548	0.115	0.038
0	ABCF2	0.00126481759092432	1.13814234763279e-07	0.948988312006149	0.115	0.039
0	HSPA4L	0.00127554984632469	1.14779973573714e-07	0.299244250919801	0.13	0.047
0	B3GALNT2	0.00128830269100592	1.15927534509666e-07	0.690404610499058	0.124	0.044
0	CHN2	0.00129135400884899	1.16202106438314e-07	0.345559873910422	0.157	0.062
0	SEC31A	0.00132246098905173	1.1900125880066e-07	0.275082332391496	0.121	0.042
0	TEX10	0.00132297941547428	1.19047909248113e-07	0.653254372942908	0.1	0.031
0	APLP2	0.00133005103840537	1.1968424713447e-07	0.243090860557844	0.879	0.62
0	FBXO28	0.00134991217195225	1.21471445329996e-07	0.554625814064338	0.109	0.035
0	PSMD7	0.00135016609902509	1.21494294882128e-07	0.76219048880121	0.148	0.058
0	BLOC1S1	0.00144572473187957	1.30093110040454e-07	0.602706912294513	0.106	0.034
0	SEC23A	0.00145214060013012	1.30670440036904e-07	0.732553549327317	0.139	0.053
0	GCLC	0.00146570401505058	1.3189093989477e-07	0.879850039231771	0.124	0.045
0	MLEC	0.00147757006503682	1.32958702873825e-07	0.528246039626014	0.124	0.044
0	SVOP	0.00151157955452347	1.36019036670878e-07	0.620913901903692	0.109	0.035
0	NPNT	0.001517973883527	1.36594428464591e-07	0.503899623762115	0.299	0.162
0	RUVBL1	0.00153013736442292	1.37688955675598e-07	0.5739834046933	0.1	0.031
0	ARHGAP5	0.00156473206281272	1.4080194932176e-07	0.977400122742262	0.109	0.036
0	NKRF	0.00156621077850646	1.40935011113692e-07	0.273030153240017	0.154	0.062
0	MRPS35	0.00158961220676103	1.43040781675608e-07	0.42211738754368	0.115	0.039
0	KIFBP	0.00163997753182564	1.47572890472928e-07	0.358361508648249	0.154	0.062
0	CCSAP	0.0016963024926376	1.5264127532058e-07	0.608062070431726	0.142	0.055
0	UQCRC2	0.00172005047771201	1.54778230694863e-07	0.239659642871226	0.184	0.08
0	NDUFV1	0.00173075101704967	1.55741115544828e-07	0.363569590399357	0.169	0.071
0	EDF1	0.00173846144468077	1.56434936082135e-07	0.259362205702799	0.181	0.078
0	CCDC6	0.00175431297472891	1.57861331299281e-07	0.365065422771856	0.169	0.071
0	HTR4	0.00183778564087289	1.65372594337523e-07	0.409806592117556	0.344	0.193
0	IGBP1	0.00184249131594732	1.6579603310963e-07	0.301386326274804	0.121	0.042
0	TBC1D9B	0.00193580074386359	1.74192454230504e-07	0.508371632702222	0.136	0.052
0	NEDD9	0.00202512951065123	1.82230676743565e-07	0.250773207487562	0.305	0.16
0	CCNG1	0.00203693179121073	1.83292701449719e-07	0.255989327669993	0.205	0.093
0	APBB3	0.00205490527194251	1.84910039768065e-07	0.525046930856373	0.154	0.062
0	NCOA6	0.00206916220706805	1.86192945835332e-07	0.453494385646006	0.175	0.075
0	TMEM60	0.00206997495297008	1.86266080533617e-07	0.516473453847907	0.133	0.05
0	ASXL1	0.00210126368878599	1.89081588120759e-07	0.208889070178714	0.193	0.086
0	CSNK2A2	0.00210646133334596	1.89549296620711e-07	0.603218952562958	0.16	0.067
0	ATXN7L2	0.0021255870854988	1.91270321740196e-07	0.505595903359279	0.124	0.045
0	DDOST	0.00213049785744564	1.91712216093372e-07	0.249507469099282	0.221	0.104
0	DEF8	0.00215852723830297	1.94234431593897e-07	0.386413245493221	0.163	0.068
0	MFF	0.00219802343259833	1.97788484891418e-07	0.7149864836041	0.13	0.048
0	PVALB	0.00221462431048585	1.99282309951035e-07	0.201303971870922	0.136	0.052
0	KIF3A	0.00224415281011561	2.01939423208459e-07	0.292818374071558	0.284	0.146
0	TFB1M	0.00229710058925967	2.06703913368098e-07	0.345259676382521	0.211	0.098
0	ZDHHC15	0.00235181123301092	2.11627034375139e-07	0.48618720614297	0.16	0.066
0	PDZRN4	0.00235336011911628	2.11766410430692e-07	0.618310663290327	0.299	0.161
0	CCT4	0.00237796799917577	2.13980743199475e-07	0.393416032397844	0.151	0.061
0	PFKFB1	0.00239382588714963	2.15407710532676e-07	0.511221332188514	0.196	0.089
0	LYSMD2	0.00240090609075919	2.16044820548834e-07	0.249476606880702	0.13	0.048
0	TNKS2	0.00250588496346089	2.25491313188238e-07	0.231033496798619	0.308	0.164
0	TCERG1L	0.00267791020433492	2.40970953328077e-07	0.581271879913134	0.163	0.069
0	NUP93	0.00267924513544254	2.41091076706789e-07	0.234168783372579	0.347	0.189
0	STAM	0.00269118391892324	2.42165384587711e-07	0.249450069612668	0.215	0.102
0	RAE1	0.00270398337915422	2.43317140210044e-07	0.568051395299163	0.1	0.032
0	ODF2L	0.00275289885700057	2.47718784936612e-07	0.973527425464763	0.106	0.035
0	ALDH1L2	0.00276736127096389	2.49020180955988e-07	0.688590963370917	0.115	0.04
0	NKX2-2	0.00278529500324239	2.50633942521587e-07	0.541677200025694	0.136	0.052
0	CSDC2	0.0028018116327131	2.52120186512472e-07	0.717146383611548	0.118	0.042
0	MARCHF4	0.00281248419926303	2.53080554239452e-07	0.381789235374105	0.224	0.107
0	ATG2A	0.00286873639353818	2.58142391211931e-07	0.518594514420851	0.151	0.062
0	NXPH3	0.00292723293341489	2.63406184955897e-07	0.524404120422416	0.278	0.149
0	GPR27	0.00293808596261928	2.6438279156117e-07	1.0232305851851	0.103	0.034
0	ESYT2	0.00294498837507282	2.65003903093028e-07	0.403835728760568	0.308	0.166
0	UBE2H	0.00295461644240356	2.65870281868403e-07	0.47490870418591	0.154	0.063
0	EIF3J	0.00304437827213478	2.73947473421648e-07	0.361121958395528	0.157	0.065
0	SSBP4	0.00308673311910752	2.77758761730183e-07	0.391147372539933	0.607	0.4
0	NDUFA3	0.00309951601407704	2.78909026732389e-07	0.248065490165107	0.187	0.084
0	UBA3	0.00319580942865412	2.875739610055e-07	0.588167254558099	0.148	0.06
0	GDAP1	0.00325239219988873	2.92665544847362e-07	0.60337690574147	0.133	0.05
0	NCAN	0.00327786321099717	2.9495754620689e-07	0.405116053279437	0.798	0.574
0	CLPTM1L	0.00335911888178713	3.02269313577533e-07	0.628181670155289	0.142	0.056
0	MICOS10	0.00338141469857564	3.04275596020484e-07	0.956602698027658	0.112	0.039
0	DDX1	0.00338463689460147	3.04565544371589e-07	0.248356920243868	0.163	0.069
0	CDH4	0.00346711705281028	3.11987496878456e-07	0.322290392046593	0.659	0.44
0	RAB4B	0.00348677915696721	3.13756785473519e-07	0.278289498345503	0.181	0.08
0	GATA3	0.00353176433214139	3.17804763083001e-07	0.65152735214168	0.118	0.042
0	ERGIC1	0.00357864629345338	3.22023422428991e-07	0.640531919765057	0.166	0.072
0	SMARCAD1	0.00359745840834875	3.23716224993139e-07	0.559031489485173	0.112	0.039
0	TOLLIP	0.00360031628755921	3.2397339040396e-07	0.202488908787648	0.145	0.058
0	LMAN2L	0.0036145249903583	3.25251956299676e-07	0.418956151284472	0.169	0.072
0	COLQ	0.00366500313527263	3.2979421715762e-07	0.352903881691914	0.106	0.035
0	PPP6C	0.00373583839482701	3.36168306922254e-07	0.29170799479284	0.148	0.059
0	PTPRB	0.00382274551703409	3.43988618467928e-07	0.278185921445826	0.124	0.045
0	CDV3	0.00387018253856583	3.48257224742718e-07	0.318787245436241	0.109	0.037
0	TBCB	0.00398877550128247	3.58928777223295e-07	0.311797565262283	0.169	0.072
0	NRDC	0.00402611137622481	3.62288434826313e-07	0.27522477277573	0.211	0.1
0	RAI2	0.00402954551332653	3.625974546321e-07	0.339837791466724	0.157	0.065
0	SCRT1	0.0040703082671582	3.66265478912822e-07	0.41554839732132	0.224	0.108
0	RGS8	0.00413676708664022	3.72245756019097e-07	0.240348203652044	0.169	0.072
0	PPP5C	0.00416467613569838	3.7475714349846e-07	0.513012191563123	0.112	0.038
0	FAM133B	0.00421669297386515	3.79437863211118e-07	0.353469140109065	0.175	0.077
0	KIAA0319	0.00428540820362068	3.85621182724798e-07	0.546777952465691	0.211	0.101
0	GNG12	0.00455954009034343	4.10288859024875e-07	0.281754058565461	0.151	0.062
0	RAB36	0.0046008995811311	4.14010580503114e-07	0.687815982790215	0.115	0.042
0	DRD1	0.0046229340669786	4.15993347159057e-07	0.605267944730705	0.221	0.108
0	PGS1	0.00475955199356285	4.28286870652645e-07	0.391611451376922	0.19	0.087
0	CNTN4	0.00489615584483875	4.40579127583798e-07	0.243177232858279	0.335	0.186
0	DYRK1A	0.00491716481555746	4.42469613565865e-07	0.203601339357872	0.335	0.186
0	SOS1	0.0049358771203808	4.44153434750364e-07	0.648090973076233	0.106	0.036
0	ZFPM2	0.00496025876609519	4.46347409888886e-07	1.05944592588067	0.302	0.18
0	KATNIP	0.00502221355174537	4.51922392850299e-07	0.283921487769491	0.227	0.112
0	MCOLN1	0.00503607160870553	4.5316940598448e-07	0.204570724893593	0.284	0.147
0	PLCXD3	0.00515918916537426	4.64248102706223e-07	0.619686075641697	0.151	0.063
0	EMC3	0.00544186469367045	4.89684576052412e-07	0.347823345593786	0.169	0.073
0	MAPKAPK5	0.00576058188703941	5.18364247911402e-07	0.217120299690215	0.142	0.057
0	SOX4	0.00579545605605491	5.21502389638704e-07	0.904689358211657	0.124	0.048
0	UBAC2	0.00592289493106119	5.32969938905893e-07	0.775115749965666	0.118	0.043
0	PANX2	0.00602831634597513	5.42456253574654e-07	0.489981610240574	0.106	0.036
0	SAMM50	0.0061317383171017	5.51762648888842e-07	0.682793861587436	0.124	0.047
0	TAGLN3	0.00615659607666912	5.53999466990832e-07	0.466596585978976	0.124	0.047
0	ASIC4	0.00621624865456522	5.59367286472169e-07	0.861312420455407	0.245	0.13
0	YTHDF2	0.00638927678502164	5.74937171332821e-07	0.684027811723148	0.1	0.033
0	YPEL5	0.0064313191948934	5.78720345081742e-07	0.485594741107522	0.124	0.047
0	PTPN20	0.00650329289677086	5.85196877240247e-07	0.548262287394532	0.139	0.055
0	MFSD2A	0.0067392293635213	6.06427550033412e-07	0.381208800176992	0.19	0.087
0	C1orf226	0.00677623641890789	6.09757618906496e-07	0.579150072489074	0.332	0.196
0	AP1M1	0.00691881538638363	6.22587544891895e-07	0.279778667141418	0.169	0.074
0	SNRNP27	0.00698494926080041	6.28538581913111e-07	0.486239848711694	0.127	0.048
0	RELL2	0.00731883931728964	6.58583579347578e-07	0.550678175054788	0.166	0.073
0	PSMF1	0.00737243028514263	6.63405946651906e-07	0.584096126340029	0.139	0.056
0	LMBR1	0.00739139546189456	6.65112522441695e-07	0.268335878155542	0.257	0.133
0	ARG2	0.00740082827405334	6.6596133123849e-07	0.455347466917082	0.142	0.057
0	GPR158	0.00745871009214038	6.71169809425032e-07	0.249994299340097	0.659	0.421
0	GPR45	0.00751265335918024	6.76023878266916e-07	0.622392071856268	0.205	0.1
0	CD2BP2	0.00764159426175141	6.8762658703783e-07	0.64137555873224	0.13	0.051
0	FOXRED2	0.00766544852821602	6.89773106111403e-07	0.357892293081045	0.124	0.047
0	NAPA	0.0076744227499921	6.90580648788995e-07	0.224273587795104	0.121	0.045
0	GLRA2	0.00784766662977995	7.06169947789072e-07	0.206462904269123	0.278	0.145
0	NPBWR2	0.00792397317466478	7.13036369537009e-07	0.752065312847812	0.181	0.085
0	NDUFS2	0.00796865064098564	7.17056658056838e-07	0.588666711346198	0.157	0.068
0	FKBP2	0.00798553591318019	7.18576074253594e-07	0.324857331270825	0.178	0.08
0	ABCA5	0.00802899363207439	7.22486604163988e-07	0.272560857486445	0.211	0.101
0	COLGALT2	0.00808182342353754	7.27240477237248e-07	0.562695240326015	0.106	0.037
0	CAPRIN2	0.00811181775252796	7.29939508011154e-07	0.701964226441263	0.145	0.06
0	INA	0.00822343840104816	7.39983658872327e-07	1.55067672897613	0.121	0.046
0	GRIN2C	0.00823113169756819	7.40675937871699e-07	0.781043097999545	0.172	0.079
0	DPP9	0.00830740656300835	7.47539508954229e-07	0.355600491298476	0.181	0.083
0	ROBO1	0.0083951225602585	7.55432606880096e-07	0.328504997180163	0.55	0.355
0	DAGLB	0.00842124957870175	7.57783638864551e-07	0.296844746232275	0.184	0.085
0	C16orf87	0.00846614823242023	7.61823830866574e-07	0.443039301787162	0.124	0.047
0	BEND4	0.00848787155072729	7.63778597203932e-07	0.684201241859444	0.121	0.045
0	HMGCLL1	0.00870404887286019	7.83231249245046e-07	0.307638166632888	0.263	0.137
0	NMT2	0.00890265257626468	8.01102544431268e-07	0.659302290720609	0.139	0.057
0	EFNA5	0.00906716033601837	8.15905726268188e-07	0.46001579605382	0.245	0.128
0	SSTR2	0.00915312309087143	8.23641059198365e-07	0.709601204952744	0.136	0.055
0	VCL	0.00920290305177443	8.28120494175689e-07	0.682262734566431	0.151	0.065
0	GALR1	0.00928686594837634	8.35675870455893e-07	0.504167612571294	0.224	0.112
0	MAEA	0.00942662805640523	8.482523221817e-07	0.433372352396406	0.139	0.056
0	KCNB2	0.0095796721158504	8.62023946355656e-07	0.533698245138858	0.218	0.11
0	ATP11A	0.00977066508074974	8.79210391500922e-07	0.229366400516173	0.384	0.218
0	LANCL3	0.00981343836722468	8.83059332963618e-07	0.510117300297848	0.205	0.099
0	CDIN1	0.00987191917771339	8.88321711303284e-07	0.650115816288512	0.151	0.065
0	WDR83OS	0.00988177200362163	8.89208314912411e-07	0.526020041924728	0.1	0.034
0	TBC1D30	0.010038346903872	9.03297660746155e-07	0.251251812505047	0.233	0.116
0	DCUN1D2	0.0105677901379722	9.50939452710541e-07	0.515816262033808	0.1	0.034
0	LAPTM4B	0.0108108854159231	9.72814309000552e-07	0.808207695507483	0.236	0.12
0	GNB5	0.0110199036753923	9.91622754916973e-07	0.232841644142677	0.269	0.14
0	LRRC3B	0.0113086963791901	1.01760968048143e-06	0.29463791015884	0.26	0.135
0	DTD1	0.0113497639268415	1.02130513154337e-06	0.466940568469502	0.148	0.063
0	KCTD3	0.0113879019386052	1.0247369691897e-06	0.547645709373213	0.115	0.042
0	CNOT1	0.0114267273366962	1.02823066109028e-06	0.291373005479558	0.211	0.103
0	LONRF3	0.0121592197689415	1.09414377476302e-06	0.265223043780603	0.136	0.055
0	RALY	0.0123354439523002	1.11000125549359e-06	0.419069015036583	0.205	0.101
0	C3	0.0123744597128718	1.11351207710535e-06	0.327016379477237	0.272	0.143
0	ZBED1	0.0125006620023158	1.12486835258848e-06	0.374496809905958	0.112	0.041
0	USP45	0.0127133012608991	1.1440026330333e-06	0.465796526644104	0.154	0.067
0	DNAJC9	0.0127392597421515	1.14633849924876e-06	0.596570757912925	0.118	0.045
0	ITGA3	0.0127560430797073	1.14784874288737e-06	0.57174050815974	0.16	0.07
0	STX8	0.0130973519920505	1.17856132385949e-06	0.498162006132177	0.115	0.043
0	CDC5L	0.0133702671835173	1.20311951619881e-06	0.401026107295594	0.118	0.045
0	CABP1	0.0133827142014354	1.20423955740443e-06	0.246137712382536	0.157	0.068
0	DNAJB9	0.0136142900574609	1.22507784193835e-06	0.346236621370952	0.172	0.079
0	CCDC134	0.0139326585610644	1.25372613705249e-06	0.906206796622943	0.139	0.059
0	ZBTB45	0.0139637974894414	1.2565281642618e-06	0.326618629737153	0.118	0.045
0	HCN2	0.0143184330224176	1.28843993722826e-06	0.589273040583987	0.181	0.085
0	ZC3H12A	0.0147508678396113	1.32735245564756e-06	0.538982902515748	0.13	0.052
0	SNX24	0.0150097510602607	1.35064798526597e-06	0.398180522425028	0.118	0.045
0	RSL24D1	0.0155085822832759	1.39553516451687e-06	0.411310630926336	0.121	0.047
0	AP1S1	0.0159798983484017	1.43794640046808e-06	0.432775869235527	0.103	0.036
0	SMPD2	0.0161361011333788	1.45200226161962e-06	0.289308755467267	0.109	0.039
0	FBXO9	0.0164897417088265	1.48382450362877e-06	0.394186383678341	0.148	0.063
0	USP25	0.0164949964754839	1.48429735224367e-06	0.24798271664715	0.184	0.086
0	CORO2A	0.016889303839999	1.51977898317277e-06	0.427484572415445	0.106	0.038
0	ARFGAP3	0.0170090068594942	1.53055042378244e-06	0.332182752157335	0.13	0.052
0	NDUFA5	0.0172050602047463	1.54819222574879e-06	0.57389693039653	0.151	0.066
0	RAB6A	0.0175373526977778	1.57809346691063e-06	0.393673655519212	0.145	0.062
0	PRDX3	0.017538511594045	1.57819774984657e-06	0.38189984563074	0.124	0.048
0	NDUFS6	0.0178110033844292	1.60271784256539e-06	0.312974438379805	0.124	0.048
0	ECPAS	0.0179798105904179	1.61790790879312e-06	0.541756140352105	0.148	0.064
0	RTF1	0.0183417299674066	1.65047511629683e-06	0.215304080742383	0.242	0.125
0	ELOC	0.0186293090737896	1.67635283665884e-06	0.312459808314717	0.133	0.054
0	AHCTF1	0.0194537898983212	1.75054349845417e-06	0.320170100873481	0.1	0.035
0	DNAJC13	0.0198130844254521	1.78287450962405e-06	0.317823793095629	0.163	0.073
0	CYB5B	0.0200080364084395	1.80041720583456e-06	0.232557537455215	0.133	0.054
0	STK40	0.0203046232880965	1.82710548799572e-06	0.337701248363172	0.169	0.078
0	HADHA	0.0205907521187485	1.85285270572739e-06	0.616283710968416	0.112	0.042
0	RNF141	0.0206717873965613	1.86014464110153e-06	0.439691572836037	0.136	0.056
0	DUSP4	0.0217840524386542	1.96023148012725e-06	0.445562767266783	0.163	0.075
0	WASHC5	0.0232064112555541	2.08822201525727e-06	0.467629854437742	0.121	0.048
0	CCT7	0.023319791194811	2.09842447537218e-06	0.334329994515838	0.157	0.069
0	CBX4	0.023336183911814	2.09989956913651e-06	0.270348529736219	0.145	0.062
0	PHB1	0.0234624413066957	2.11126080326606e-06	0.326272791383441	0.103	0.037
0	ZMAT3	0.0237902957071011	2.14076268398282e-06	0.309137762015196	0.181	0.085
0	UBE2A	0.0238200488230773	2.14344000927538e-06	0.438279752012003	0.112	0.042
0	CRIPT	0.0248423042602925	2.235427360775e-06	0.300751966759803	0.127	0.051
0	BCL7A	0.0253248653680916	2.27885047854689e-06	0.269184347551586	0.19	0.092
0	MRAS	0.026376636654947	2.37349380499838e-06	0.24861163699854	0.196	0.095
0	NDUFA1	0.0266617545400274	2.39915005309344e-06	0.495163300514711	0.163	0.075
0	VPS51	0.0267975108866582	2.41136604757115e-06	0.854258692001193	0.121	0.048
0	SDHAF3	0.0269672330465508	2.42663844565381e-06	0.423436010505799	0.118	0.046
0	SLC25A46	0.0272689007669648	2.45378392575946e-06	0.311815961073583	0.112	0.042
0	PSMA4	0.0273108387601244	2.45755770360158e-06	0.295011245899814	0.136	0.057
0	ABLIM3	0.0274360803901167	2.46882753442965e-06	0.217228142697039	0.19	0.092
0	FNDC10	0.0289129900839194	2.60172681399436e-06	0.208054011744589	0.103	0.037
0	GNAO1	0.0294309857933095	2.6483385038522e-06	0.340170914332702	0.891	0.709
0	PSIP1	0.0296340975986845	2.66661545925353e-06	0.479222596564775	0.1	0.036
0	SLC7A6OS	0.0300527182646066	2.70428491537898e-06	0.475843882156747	0.133	0.055
0	ZNF804A	0.0301043228847217	2.70892854177285e-06	0.36330258269598	0.284	0.159
0	HAGH	0.0302918035474439	2.72579893345126e-06	0.40573761418412	0.115	0.045
0	PDHX	0.0305666670239718	2.75053244164238e-06	0.274319336634211	0.205	0.102
0	SEC16A	0.0324296941105335	2.91817637996342e-06	0.255543320481201	0.106	0.039
0	EPRS1	0.0343395329905017	3.09003266359235e-06	0.410617158907779	0.139	0.06
0	CTDSPL2	0.0347687630205682	3.1286568001951e-06	0.350487887534075	0.218	0.111
0	IMPDH1	0.03493487398838	3.14360424623234e-06	0.227499793863578	0.199	0.099
0	CHRNB3	0.036501879544938	3.28461077521264e-06	0.856109038659296	0.106	0.04
0	GOLM1	0.0377984590890307	3.40128309988578e-06	0.328297908086333	0.154	0.069
0	YTHDC2	0.038600623696541	3.47346564352929e-06	0.364967323410603	0.136	0.059
0	MMUT	0.0386899478132129	3.48150344760307e-06	0.202260303614775	0.151	0.067
0	GSG1L2	0.0400601487750664	3.60480057365845e-06	0.605850508387487	0.142	0.062
0	CCP110	0.0404129809476234	3.6365500717739e-06	0.418871605593119	0.109	0.042
0	RARG	0.0404791868051999	3.64250758617834e-06	0.259451428153554	0.121	0.048
0	HTR7	0.0407191400384792	3.66409970651302e-06	0.283922550042649	0.196	0.099
0	SLC35F1	0.0408481715290253	3.67571056681592e-06	0.273331715632022	0.103	0.038
0	SSR2	0.0416254966644281	3.74565793794907e-06	0.216262785991574	0.172	0.081
0	GPR26	0.0418820213443486	3.76874123498142e-06	1.03243005453058	0.1	0.037
0	ATF6	0.0418897904383044	3.76944033459052e-06	0.267263656134834	0.178	0.084
0	BAALC	0.043126528961041	3.88072788275362e-06	0.464740530343697	0.163	0.075
0	AKAP1	0.0446989810614967	4.02222451736675e-06	0.263558874938365	0.224	0.115
0	NUP153	0.0450641593502964	4.05508497708057e-06	0.289912343645214	0.124	0.051
0	TBC1D10B	0.0454779687929491	4.09232149671098e-06	0.440307630050285	0.157	0.072
0	DPM2	0.0456522649547707	4.10800548499691e-06	0.451542537777693	0.154	0.07
0	TAF1C	0.0475309764971711	4.27706078441205e-06	0.201031262130185	0.163	0.075
0	SNRPB	0.0484259457612269	4.35759432747475e-06	0.232732190118173	0.103	0.038
0	OPRM1	0.0489563850342995	4.40532574770984e-06	0.270442965734806	0.245	0.131
0	RAPGEF4	0.0490247604249175	4.41147848689981e-06	0.497842963730003	0.148	0.066
0	ACTR3B	0.04936039571659	4.4416805288032e-06	0.541847087657497	0.133	0.057
5	ADCYAP1	2.8797675917841e-39	2.59135030305417e-43	3.08784632815971	0.933	0.367
5	LHX9	5.6590886278884e-39	5.09231407170737e-43	3.23919332890171	0.511	0.074
5	TCF7L2	1.02506045515207e-24	9.22397602044516e-29	1.78288577440807	0.778	0.252
5	ADAMTS2	3.18479573818686e-21	2.86582897344269e-25	1.91989424201775	0.633	0.179
5	LRRTM4	1.23971026515712e-19	1.11554959521022e-23	2.1212838938244	0.989	0.571
5	SLC17A6	1.76084620995286e-18	1.58449222527927e-22	0.949927616168171	0.978	0.451
5	CACNA2D1	8.45430009884842e-15	7.60757680090743e-19	1.62975210234822	0.689	0.278
5	LRFN3	8.55438693087438e-15	7.6976396390483e-19	1.28384728808339	0.856	0.409
5	BRINP3	6.37262021037925e-14	5.73438334417282e-18	1.79092879222956	0.533	0.173
5	CDK18	6.41202677287919e-14	5.76984322224349e-18	1.33260461411375	0.567	0.183
5	CAMKV	1.34086566198206e-13	1.20657397820755e-17	1.0694976841497	0.622	0.219
5	ADCYAP1R1	5.79542219639809e-13	5.21499342787554e-17	1.12488352597284	0.856	0.403
5	GRID1	1.09032691230177e-12	9.81127429408593e-17	1.04917781833395	0.989	0.731
5	CPNE2	7.37127371491497e-12	6.63301873023933e-16	1.21007137804469	0.733	0.332
5	BAIAP3	9.0099779295222e-12	8.10760184425646e-16	1.45747318491323	0.656	0.263
5	SLC7A14	3.70045292052612e-11	3.32984155540909e-15	1.28788473056904	0.733	0.358
5	CSMD3	1.33042075662254e-10	1.19717516118289e-14	1.00008866921357	0.933	0.572
5	THSD7B	1.37296141673395e-10	1.23545524766845e-14	1.11205961253095	0.6	0.225
5	CSMD1	1.40813564461651e-10	1.26710667202062e-14	0.952024543232437	0.989	0.571
5	GRIN2B	2.08560416621028e-10	1.87672470638916e-14	1.08183050539586	0.978	0.696
5	GRM5	2.55733999615654e-10	2.30121479002658e-14	1.75238946448457	0.8	0.493
5	RBFOX3	2.92855074716393e-10	2.63524768034188e-14	0.353002000287089	0.889	0.592
5	BRINP2	2.9680670140371e-10	2.67080627556654e-14	1.45724318322755	0.956	0.679
5	KIF26B	4.32966130526801e-10	3.89603284915685e-14	1.48892523051986	0.544	0.213
5	LDB2	5.0478764174306e-10	4.54231658186862e-14	1.27489828017239	0.6	0.253
5	PCDH7	1.08496585980247e-09	9.76303302260834e-14	1.2916219973815	0.833	0.472
5	PDZD4	1.26876889495735e-09	1.14169791681575e-13	1.08916285997477	0.656	0.283
5	BDNF	1.27672861502771e-09	1.14886044724891e-13	1.67871151979808	0.4	0.121
5	PRKD1	1.36953880645806e-09	1.23237542199051e-13	1.6969285152919	0.489	0.178
5	GALNT10	1.39520025812438e-09	1.25546680295544e-13	1.78845179661266	0.844	0.505
5	SIPA1L1	1.6125004886639e-09	1.45100376915675e-13	0.915191346600463	0.867	0.462
5	SORCS3	7.51294916251061e-09	6.76050496041628e-13	1.61910809818342	0.811	0.417
5	KCNH4	1.39252209326083e-08	1.25305686426782e-12	2.10643465337351	0.3	0.079
5	KCNT1	1.52476376783622e-08	1.37205414184848e-12	0.736559670492023	0.489	0.169
5	CACNG4	1.74677798411786e-08	1.57183297410048e-12	1.13539126488281	0.656	0.279
5	PLCB1	2.90133451350702e-08	2.61075723342664e-12	1.38564471577286	0.567	0.249
5	CPNE8	3.06689863237955e-08	2.75973961340731e-12	1.44521214568009	0.578	0.253
5	GRM1	3.31415613429016e-08	2.98223354115915e-12	0.792589965860364	0.667	0.323
5	GRM8	3.4153361959927e-08	3.07328011877324e-12	0.902023372999177	0.922	0.597
5	GAP43	4.1538159819917e-08	3.73779895796968e-12	1.04075627358966	0.767	0.379
5	SLIT3	5.2599173977225e-08	4.7331210273756e-12	1.80572407029272	0.356	0.111
5	CR2	5.69278144274111e-08	5.12263245095034e-12	0.729570948641597	0.867	0.516
5	LRRC4B	6.26990655951575e-08	5.64195677091312e-12	0.891689865082035	0.844	0.525
5	TAFA4	8.94441325377247e-08	8.04860366577204e-12	1.55390938595803	0.433	0.158
5	SGSM2	9.80381453056342e-08	8.82193334883778e-12	1.20603467916827	0.756	0.436
5	LRP1B	1.24884522830401e-07	1.12376966463062e-11	1.00599470559014	0.889	0.512
5	PMIS2	1.38945654534485e-07	1.25029834009255e-11	1.46410064827734	0.711	0.356
5	PCDHAC2	1.43551731217857e-07	1.29174598414341e-11	0.789452305742012	1	0.834
5	NGEF	1.51417880076296e-07	1.36252929070725e-11	1.61581965184113	0.378	0.123
5	TRHDE	1.85631829057287e-07	1.67040249309176e-11	0.777053418506461	0.889	0.579
5	SLC8A1	1.99281686073328e-07	1.79323032550462e-11	0.883242720969335	0.889	0.529
5	GALNT16	2.07067326713567e-07	1.86328918126129e-11	1.38253097252086	0.578	0.271
5	AJAP1	2.09083445708874e-07	1.88143116808129e-11	0.996923386782205	0.722	0.36
5	LRRC7	2.09960948959332e-07	1.88932735498364e-11	0.893309905580771	0.878	0.539
5	GLRA1	2.54622587138281e-07	2.29121377790228e-11	1.19808340319337	0.544	0.231
5	VAT1	2.95754870919953e-07	2.66134141023984e-11	0.960186874245524	0.833	0.531
5	ALK	3.07311044507647e-07	2.76532929458874e-11	0.849920387034576	0.822	0.476
5	SLITRK4	3.25148292410071e-07	2.92583723935995e-11	1.15549045675542	0.622	0.294
5	CACNB1	3.41283809258866e-07	3.07103220785446e-11	0.823670089963228	0.689	0.315
5	LINGO2	5.30035363614362e-07	4.7695074562617e-11	0.998685993090099	0.911	0.66
5	NPR1	5.4474861681019e-07	4.90190422757303e-11	0.870696122058411	0.467	0.169
5	SHISA7	5.67468548895257e-07	5.10634886075098e-11	0.680394009042322	0.878	0.51
5	SCG2	6.92949845855937e-07	6.23548857964489e-11	1.29414272954403	0.933	0.671
5	PASD1	7.04850968485901e-07	6.3425804776919e-11	1.07950809062037	0.4	0.137
5	OPRL1	7.30798150873094e-07	6.57606542673530e-11	1.39579832648946	0.567	0.27
5	CACNA1B	7.78297708315404e-07	7.00348878174574e-11	0.802793766009379	0.767	0.429
5	SHOX2	9.88994232394089e-07	8.89943518756491e-11	1.74959028997349	0.133	0.02
5	CADM2	1.24584976972562e-06	1.12107421013734e-10	1.11928296124594	0.633	0.312
5	GRIN2D	1.51089607882277e-06	1.35957534313216e-10	0.869004776258696	0.722	0.368
5	DLGAP1	1.63309181886129e-06	1.46953281639637e-10	0.684184889615195	0.911	0.544
5	RASGEF1B	2.22012930931771e-06	1.99777675633736e-10	0.967200897017829	0.6	0.275
5	LRFN2	2.24022229197046e-06	2.01585736702102e-10	0.836770795819042	0.9	0.547
5	PDE1A	2.59653182749831e-06	2.33648144290318e-10	1.14692175416583	0.656	0.341
5	DOC2B	2.87710528657392e-06	2.58895463562847e-10	0.796369194201536	0.644	0.31
5	NRG3	3.00485057192602e-06	2.70390585073879e-10	0.692657783382367	0.989	0.755
5	AGAP3	3.08779858428848e-06	2.77854637297622e-10	0.674367987858675	0.956	0.694
5	UNC5D	3.31177087966533e-06	2.98008717687873e-10	1.14699405798076	0.689	0.369
5	SLITRK1	4.90596787883485e-06	4.41462060544843e-10	0.89396632484767	0.722	0.394
5	GRIA1	5.38803579689428e-06	4.84840798784692e-10	0.791028681587938	0.756	0.442
5	CHRM4	6.21390086520353e-06	5.59156021344689e-10	1.53326253327056	0.322	0.106
5	NRN1	8.91461765288964e-06	8.02179218292958e-10	0.619254785597475	0.622	0.271
5	UNC5C	1.09914784898234e-05	9.89064923047184e-10	1.20791411497734	0.767	0.48
5	LHFPL4	1.11505958095633e-05	1.00338304774259e-09	1.48436922430903	0.389	0.151
5	LINGO1	1.24611911334166e-05	1.1213165781892e-09	0.810297599570628	0.9	0.594
5	PCSK1	1.33621798947046e-05	1.20239178392015e-09	0.901855208721832	0.689	0.397
5	GABRA5	1.43253894161204e-05	1.28906590624677e-09	1.14861433587718	0.678	0.356
5	PTPRG	1.97053297175767e-05	1.77317823428207e-09	1.04057638523704	0.956	0.733
5	NTNG1	2.17029815900289e-05	1.95293634392414e-09	1.04848461183223	0.633	0.328
5	TENM1	2.35470935928965e-05	2.11887821406429e-09	0.875314891291943	0.867	0.604
5	DLK1	3.18976118961202e-05	2.87029712014039e-09	1.29406032450639	0.333	0.113
5	CACNA1I	3.39533704050659e-05	3.05528393818644e-09	0.634262058140039	0.689	0.348
5	MPPED2	3.97542000500421e-05	3.57726986862612e-09	0.791266460615089	0.533	0.234
5	NHSL2	4.10838764850937e-05	3.69692040718921e-09	0.782151951356489	0.811	0.514
5	TAFA5	4.21182392969395e-05	3.78999723719424e-09	0.245588368042048	0.889	0.604
5	SYT7	4.25145222262047e-05	3.82565663872984e-09	0.691392932239948	0.889	0.571
5	ADGRB3	4.63765978080251e-05	4.17318436138082e-09	0.613467519594947	0.944	0.743
5	DLG2	5.00239036805872e-05	4.50138609561659e-09	0.886051566893836	0.822	0.519
5	ENOX1	5.82771128615268e-05	5.24404866926364e-09	0.833748481252903	0.833	0.546
5	DGKH	6.1250815255507e-05	5.51163639480852e-09	1.10856605456971	0.622	0.338
5	HS3ST4	6.41983647090493e-05	5.77687075578596e-09	1.28435254302481	0.444	0.192
5	TENM4	6.70434175501358e-05	6.03288198957399e-09	0.713747635396961	0.822	0.496
5	NAV3	7.58018841034034e-05	6.82100999760671e-09	0.612347313154632	0.867	0.553
5	MCF2L2	7.76351784192243e-05	6.98597844139515e-09	0.943449235726394	0.7	0.383
5	MGAT5B	8.46927725329686e-05	7.62105394879588e-09	1.13106669761841	0.7	0.395
5	NRXN2	0.000113020705873678	1.01701346057481e-08	0.78631035271106	0.989	0.825
5	SLC4A11	0.000115917209264806	1.04307756019802e-08	0.607382461941451	0.833	0.498
5	GFRA2	0.000146565936829977	1.31886922370177e-08	0.848023858689936	0.533	0.247
5	FRMD3	0.000173817993729668	1.56409604723898e-08	0.829995081039445	0.489	0.223
5	IL1RAPL2	0.000195349708146266	1.75784853906475e-08	0.75960596249496	0.767	0.468
5	CSPG5	0.000220718993150223	1.98613329569174e-08	0.674506894704512	0.956	0.708
5	CHST8	0.000257311030464005	2.31540565521466e-08	0.90135410637482	0.678	0.389
5	GABRB2	0.000273076694760559	2.45727251651722e-08	0.804227040224428	0.522	0.24
5	SP9	0.000287101614473422	2.58347533945309e-08	1.72588963591577	0.211	0.06
5	NECAB2	0.000294345124318367	2.64865584737125e-08	0.690175584527753	0.767	0.449
5	ARHGEF2	0.000328569803729692	2.956625607214e-08	0.578824018734151	0.378	0.147
5	PRR12	0.000399502938001189	3.59491530640861e-08	0.776349555469382	0.733	0.442
5	ID4	0.000419719205798078	3.77683079094824e-08	1.26253501079793	0.411	0.182
5	KCNH1	0.000481653341706803	4.33414327100516e-08	0.906191575479329	0.478	0.223
5	GRIN2A	0.000491825910595595	4.42568082961932e-08	0.570312612921031	0.822	0.504
5	KIRREL1	0.000495591197413956	4.45956265107492e-08	0.628360447293593	0.844	0.514
5	DCC	0.000519794185258425	4.67735251739786e-08	0.83730692140867	0.733	0.467
5	MTNR1A	0.000583036484662648	5.24643646776431e-08	1.65694269141687	0.278	0.098
5	LMTK3	0.000600111192553245	5.40008271891699e-08	1.01815658653998	0.567	0.301
5	TRAPPC14	0.000643109396047973	5.78700077430012e-08	1.41813946131423	0.244	0.078
5	CELF2	0.000692809453730227	6.23422526527695e-08	0.89753928832991	0.978	0.851
5	SDK2	0.000720904065002162	6.48703378927528e-08	1.09809471366514	0.778	0.512
5	C2CD4C	0.000738072963629431	6.64152761297067e-08	2.41626773555862	0.156	0.036
5	FRMPD3	0.000846506602081492	7.61726448377119e-08	0.794542542228305	0.556	0.28
5	KCNJ3	0.000898722908770959	8.0871313666063e-08	1.19919359572218	0.422	0.186
5	CEP112	0.000968207743757794	8.71238858776022e-08	1.06247658470698	0.389	0.168
5	ATP8A2	0.000993578740155069	8.94068874430909e-08	1.1080861965507	0.433	0.197
5	GRIK5	0.00100262156100755	9.02206029881714e-08	0.510774425977035	0.922	0.595
5	TACR1	0.00109769815574618	9.87760420900007e-08	0.919545165737095	0.344	0.134
5	PTPRM	0.00123008571581438	1.10688897310751e-07	1.07042911540895	0.389	0.163
5	NRGN	0.00127410179265094	1.14649670894532e-07	1.33146260647841	0.278	0.098
5	FLRT3	0.00141327672175216	1.27173285499159e-07	1.57250927098991	0.3	0.114
5	GABBR1	0.00147280189658532	1.32529640653768e-07	0.58682623739877	0.956	0.749
5	SLC6A6	0.00152483982000492	1.37212257716631e-07	0.46171078730522	0.944	0.684
5	CPNE5	0.00158776689162717	1.42874731542083e-07	0.5513914070834	0.678	0.378
5	GGT7	0.00161196150462164	1.45051876596926e-07	1.34973823828537	0.289	0.107
5	SSTR5	0.0017707574239602	1.59341080172788e-07	1.674044568034	0.278	0.1
5	WDR47	0.00188076678685965	1.69240239976573e-07	0.796873044776984	0.433	0.205
5	PEA15	0.00199911087306482	1.7988939737828e-07	0.4455335848177	0.6	0.301
5	OPRD1	0.00223812885614445	2.01397359501885e-07	1.12246699135255	0.378	0.168
5	GALNT14	0.00254438855287183	2.28956047230435e-07	1.31193582923012	0.511	0.284
5	CREB3L1	0.00258053110132719	2.32208323704417e-07	1.38337669512245	0.233	0.077
5	RASGRF2	0.00294558387479157	2.65057488958118e-07	0.563430896897081	0.422	0.186
5	KCNA4	0.00305665707918615	2.75052378222456e-07	0.58857176762712	0.856	0.542
5	PACRG	0.0031422510261204	2.82754524081742e-07	0.638439651039821	0.267	0.092
5	PLPPR4	0.00320107473323059	2.88047757871915e-07	0.663517607217671	0.811	0.547
5	RFX3	0.00398509911167787	3.58597958398081e-07	1.20515491694585	0.267	0.096
5	CELF3	0.00402760264514557	3.62422626216644e-07	0.763122833310345	0.8	0.527
5	DLG4	0.00419115983879204	3.77140271645104e-07	1.01482180940318	0.778	0.498
5	NRG2	0.00436409484411864	3.92701776668644e-07	0.658611500533871	0.711	0.422
5	PRKCB	0.0043913845128237	3.95157429391137e-07	1.23337653202031	0.722	0.46
5	PCDH18	0.00479684181401139	4.31642384055735e-07	1.98582087874863	0.378	0.171
5	PRKCE	0.00508283252192139	4.5737717285354e-07	0.92814017866363	0.567	0.311
5	PCDH17	0.00527060094659113	4.74273458705221e-07	0.769192253909658	0.733	0.445
5	ANO9	0.00577538351868652	5.1969616833317e-07	1.96823239469356	0.189	0.056
5	TSPAN18	0.0061131739586853	5.50092140617772e-07	0.927849272299638	0.478	0.238
5	GABRA1	0.00632183161823869	5.68868138058012e-07	0.637101619025267	0.811	0.558
5	PPP2R2C	0.0067853025617095	6.10573433070233e-07	1.58340308487413	0.367	0.16
5	RPS6KA1	0.00689649653897758	6.20579190045674e-07	1.04818685384042	0.456	0.22
5	BRSK2	0.00691188815385083	6.21964199932586e-07	0.525605701337118	0.911	0.644
5	TRPM3	0.0069954195670302	6.29480749305336e-07	0.440416440463135	0.5	0.247
5	NTRK3	0.00708920201017636	6.37919734560997e-07	0.978727479545538	0.9	0.667
5	PTPRN	0.00786209894974075	7.0746863580858e-07	0.749920718440659	0.733	0.451
5	PCDH10	0.00802835221642646	7.22428886567665e-07	0.780603774063059	0.511	0.266
5	CAMK2A	0.00820385537868734	7.38221486429168e-07	1.13100861616247	0.522	0.29
5	OTOF	0.00834206830318697	7.50658535335821e-07	0.786737533568848	0.356	0.149
5	CD44	0.00945180962291127	8.50518277954762e-07	0.574037597533652	0.4	0.178
5	CLU	0.00952551861032776	8.57150959266423e-07	0.364307775652781	0.833	0.503
5	ADRA2C	0.00977959847745112	8.80014260546308e-07	1.66673380861277	0.189	0.058
5	CARMIL3	0.0099898276476685	8.98931669906281e-07	0.560039595184746	0.578	0.318
5	RUNX1T1	0.0102962708371138	9.2650686917248e-07	0.826274638027211	0.567	0.305
5	NOTCH4	0.0109270496096953	9.83267309429977e-07	1.45261921053966	0.522	0.276
5	GLRA2	0.0112014612558528	1.00796015979958e-06	0.978385810692462	0.367	0.161
5	GFRA4	0.0131715812208447	1.1852408189368e-06	0.814869967345682	0.7	0.457
5	KCNB2	0.0132205365164432	1.18964604665195e-06	1.31220484761199	0.3	0.122
5	ARL10	0.0154600405164049	1.39116714806127e-06	1.50263867965968	0.344	0.16
5	PLXNA1	0.0155372193931673	1.39811206633378e-06	0.81260586266723	0.889	0.686
5	FLRT1	0.0157213096123336	1.41467736995713e-06	0.767643267455243	0.578	0.316
5	TAFA3	0.0162793314689285	1.46489080076743e-06	1.11910805904022	0.656	0.428
5	L1CAM	0.0163248766720662	1.46898917232666e-06	0.709854556783908	0.878	0.629
5	ELMO2	0.0163403961374162	1.4703856868007e-06	0.73459938517079	0.5	0.25
5	AGAP2	0.0165399132412288	1.488339174051e-06	0.536545889307859	0.589	0.345
5	LHX2	0.0169452197740956	1.52481056187308e-06	1.52097190212343	0.178	0.053
5	XYLT1	0.0212615574601312	1.91321492487458e-06	0.736157406752689	0.656	0.386
5	SP140L	0.022075567607121	1.98646338586529e-06	1.60312480749338	0.122	0.029
5	YWHAG	0.0221791426706643	1.99578355715507e-06	0.446533289273429	0.922	0.625
5	DENND1B	0.0235102212509809	2.11556026734284e-06	0.89434101027666	0.5	0.268
5	MTSS2	0.0235292143297483	2.11726935388719e-06	0.242395394778985	0.822	0.519
5	GRIA4	0.0243314705978324	2.18946014558016e-06	0.619893414657992	0.622	0.353
5	GPRIN1	0.0246027192460159	2.21386837451776e-06	1.32408828713525	0.233	0.083
5	MARCHF1	0.0246528008482695	2.21837495260232e-06	1.51707966705916	0.167	0.049
5	MC5R	0.0251297502675808	2.26129310425455e-06	1.19950340616085	0.333	0.141
5	EFNB2	0.0274028404301946	2.46583644652161e-06	0.642718717464924	0.456	0.221
5	RGS6	0.0305113734138238	2.7455568625775e-06	0.915915622337335	0.344	0.155
5	LAMP5	0.0330830315097733	2.97696675153183e-06	1.97736677385486	0.167	0.05
5	ESAM	0.0383984445324923	3.45527261158034e-06	2.02121020513686	0.178	0.057
5	TRPC7	0.0396456643611267	3.56750331693753e-06	1.36748771811054	0.211	0.075
5	PRKCA	0.0409516262052198	3.68501990508592e-06	0.537044558907031	0.789	0.553
5	PRICKLE2	0.0418316226261103	3.7642061213093e-06	0.71991221712079	0.489	0.262
5	CACNA1A	0.0421552509305139	3.79332771803418e-06	0.390694977962752	0.9	0.579
5	VSNL1	0.0430457382489168	3.87345795455024e-06	0.563806116952306	0.822	0.578
5	CNTNAP5	0.0438739561145585	3.94798489287848e-06	0.564203970435792	0.756	0.486
5	GRK3	0.0454241456665769	4.08747823869135e-06	0.476802757361346	0.778	0.519
5	LRRTM1	0.0454504922512743	4.08984902827988e-06	0.946440422535154	0.389	0.19
5	PPFIA2	0.0468985749728653	4.22015432132325e-06	0.605067562929005	0.789	0.497
5	EML6	0.0494526956666486	4.44998611235927e-06	0.906772392930367	0.689	0.436
1	SRPX	4.12303105491382e-136	3.71009723289284e-140	8.95565449197808	0.446	0.003
1	GJA1	3.019146854727e-128	2.71677031830018e-132	4.77309229917794	0.651	0.047
1	PZP	1.83431810255955e-117	1.6506056893364e-121	4.77028366065121	0.663	0.063
1	PTN	4.83817593772495e-116	4.35361822885355e-120	5.31761395546289	0.72	0.091
1	FGFBP3	7.28578100111657e-111	6.5560883659827e-115	5.40199840654824	0.571	0.043
1	ADGRD2	1.46646792110716e-110	1.31959679754086e-114	5.26156920567076	0.486	0.021
1	GPM6B	1.10215332703135e-109	9.91769393531318e-114	4.49601758162532	0.817	0.156
1	SLC6A11	9.93044781251733e-108	8.93588393099732e-112	5.51624276513821	0.76	0.128
1	GLI1	3.54022812993207e-99	3.18566375410066e-103	6.78732906531895	0.383	0.01
1	ECT2L	7.51297610665737e-98	6.76052920602661e-102	3.28821200930643	0.629	0.068
1	ATP1B4	4.93018509818823e-96	4.4364123982617e-100	4.77382280820436	0.663	0.094
1	SLC4A4	6.65601531916403e-92	5.98939558999732e-96	4.3594248365229	0.611	0.074
1	PTPRZ1	1.24737960688384e-80	1.12245082955444e-84	4.95519564042414	0.48	0.044
1	SLC6A13	1.96492714189275e-80	1.76813384494984e-84	5.65151207373702	0.4	0.024
1	PLXNB1	3.80018032249056e-79	3.41958096147805e-83	4.31953073448318	0.583	0.083
1	GPR37L1	5.12521794059138e-76	4.61191212147159e-80	5.42609512992405	0.469	0.045
1	PDGFRB	2.59876526710392e-72	2.33849119689006e-76	4.88616596510278	0.354	0.019
1	CA8	1.39307210344089e-69	1.25355178929262e-73	4.96186174742258	0.411	0.036
1	AQP1	1.42606398353199e-69	1.28323943447493e-73	6.86965147679536	0.246	0.003
1	MLC1	7.12471895580285e-69	6.41115716350477e-73	4.21339875254224	0.463	0.052
1	ZNF641	1.18236938831216e-68	1.06395157771274e-72	4.51750575355624	0.474	0.056
1	S1PR1	1.04614972738304e-67	9.41374720942172e-72	5.34915120152706	0.331	0.018
1	NOTCH3	1.09688713116935e-63	9.87030622846533e-68	4.89040514540166	0.326	0.019
1	RFX4	5.14225571421281e-61	4.62724351139459e-65	5.63333208741863	0.274	0.011
1	PLPP3	8.11026294921581e-60	7.29799599497508e-64	4.71385913721469	0.343	0.026
1	QKI	4.574097477502e-56	4.1159880117898e-60	2.60408214485972	0.623	0.137
1	CTNNA1	1.30249027509582e-54	1.17204200044617e-58	3.68830111985099	0.411	0.051
1	MGST1	2.55955130336051e-54	2.30320462823766e-58	5.58996181799913	0.229	0.007
1	MSI1	3.33953018824136e-54	3.00506630814483e-58	4.18535091412695	0.589	0.142
1	KCNJ10	9.33237748733681e-53	8.39771212754145e-57	3.33449175548408	0.451	0.067
1	PREX2	1.26181299101605e-49	1.135438667341e-53	3.55141699934356	0.377	0.045
1	ANKRD6	5.96854263280177e-48	5.37077533771418e-52	4.08876059804503	0.349	0.04
1	CYP19A1	3.63600541590757e-46	3.27184866004461e-50	4.69812219407518	0.469	0.096
1	FABP7	6.15939748720908e-46	5.54251551085133e-50	3.67511804659224	0.543	0.136
1	RNF43	1.2561465420596e-44	1.13033973009953e-48	3.99721978481792	0.297	0.028
1	ANGPT1	3.69218118838129e-44	3.32239826183865e-48	5.686437728136	0.251	0.018
1	PLOD1	6.94385627796052e-44	6.24840842073294e-48	4.38528512408666	0.28	0.025
1	PTCH1	1.1628964628609e-43	1.04642892365779e-47	4.02164470506265	0.486	0.108
1	NOTCH1	3.4694592013762e-43	3.12198254420607e-47	4.30228397792579	0.383	0.056
1	ATP13A5	7.60823852467656e-43	6.84625080957128e-47	0.568364242139761	0.263	0.822
1	HEYL	4.15220906848247e-42	3.73635298162735e-46	7.74732710094654	0.326	0.041
1	SPARC	9.59118317556491e-41	8.63059765640683e-45	6.22044576618792	0.189	0.008
1	LRP5	2.68089733884985e-40	2.41239749739031e-44	2.82199649983801	0.623	0.216
1	SWAP70	4.95498927010067e-39	4.45873235858965e-43	3.46478844046187	0.486	0.118
1	DOCK3	1.94332385667627e-38	1.74869419299584e-42	2.69096528580922	0.714	0.344
1	ARHGAP27	4.66383789871437e-38	4.19674066293023e-42	4.00439761425057	0.297	0.035
1	LHFPL2	6.99420082577736e-38	6.29371081236152e-42	5.3266675802608	0.211	0.014
1	PARD3B	3.52953462197616e-37	3.17604123276897e-41	4.57581438605407	0.389	0.074
1	MPDZ	3.66285093152546e-37	3.29600551743495e-41	2.85188033303791	0.411	0.079
1	BMPR1A	8.66437528678117e-37	7.79661233400627e-41	4.14473205401695	0.32	0.047
1	CELSR1	1.22966221781593e-36	1.10650788969309e-40	3.70852148030105	0.314	0.043
1	ITPRID2	1.21998699639525e-35	1.09780167047175e-39	4.04163592335441	0.257	0.027
1	CTDSP1	1.29308097657301e-35	1.16357507115362e-39	3.91600931038239	0.189	0.01
1	TNS3	1.03897242416025e-34	9.34916245982409e-39	3.61433781531359	0.337	0.052
1	PTPN14	1.07262480404607e-34	9.65198239940669e-39	5.04659921744447	0.166	0.007
1	NFIX	2.98493484987958e-34	2.68598474748455e-38	2.23847914052077	0.851	0.424
1	ACSBG1	3.38578526343192e-34	3.04668879999273e-38	4.17370780847011	0.223	0.019
1	LFNG	2.64658756900256e-33	2.38152395303029e-37	3.75808010292384	0.28	0.036
1	NTN1	5.40166100498689e-33	4.86066859082776e-37	5.05702494922711	0.349	0.065
1	DNMT3B	3.06789335189295e-32	2.76063470880316e-36	3.00376303218161	0.331	0.055
1	TTC28	4.60132449730038e-32	4.14048816458236e-36	5.10045926090665	0.606	0.236
1	MDK	1.75410294517893e-31	1.57842431852689e-35	3.39731562331322	0.394	0.087
1	ITPKB	2.71384468358809e-31	2.44204506756779e-35	3.34489662795847	0.326	0.057
1	ARAP1	3.80371720248249e-31	3.42276361242013e-35	3.14199929222134	0.331	0.058
1	SLC7A2	5.69236835135636e-31	5.1222607318963e-35	4.80151198158435	0.171	0.01
1	BCAN	6.15095733487178e-31	5.53492066487157e-35	3.81153338028147	0.423	0.11
1	AIFM3	7.29697249889556e-31	6.56615900197567e-35	5.2677651794344	0.211	0.02
1	TSPAN4	3.95275200420991e-30	3.55687213552588e-34	1.88082674223017	0.783	0.482
1	ZFP36L2	7.85819025981242e-30	7.07116913507822e-34	3.87532578273348	0.263	0.036
1	TIMP4	2.51687649854385e-29	2.26480383203802e-33	3.28643200306021	0.343	0.069
1	COX4I2	5.01910599664609e-29	4.51642760428875e-33	2.9503410340386	0.314	0.055
1	FAT4	5.83861090335536e-28	5.25385665738807e-32	5.01403145701118	0.251	0.036
1	SERPINE2	8.15087372715715e-28	7.33453948272937e-32	2.979153464661	0.291	0.048
1	DVL2	2.62589885632684e-27	2.36290727645716e-31	4.81749022629102	0.137	0.006
1	DDR1	3.30245892386613e-27	2.97170784114652e-31	3.75347572282341	0.326	0.068
1	ITGB5	3.97308502728382e-27	3.57516874586864e-31	2.49581750450512	0.56	0.237
1	GRAMD2A	5.76205330838405e-27	5.18496653323499e-31	5.58221234995187	0.16	0.011
1	MMP15	7.90883209418682e-27	7.11673903913149e-31	2.8371216533752	0.314	0.06
1	FAM107A	1.28906129223989e-26	1.15995797016098e-30	4.41618526671479	0.177	0.015
1	PREX1	1.60103815273763e-26	1.44068942026242e-30	2.34129299113475	0.446	0.127
1	SOX5	3.63010452453123e-26	3.26653876048882e-30	1.8167835888258	0.583	0.216
1	EEIG1	3.38339694284709e-25	3.04453967681732e-29	1.75456949384384	0.434	0.112
1	YAP1	5.14693096902243e-25	4.63145052553085e-29	7.03954938050338	0.103	0.002
1	GAREM2	2.51734423305097e-24	2.26522472154321e-28	4.1718606467841	0.16	0.013
1	AXL	3.98613888283357e-24	3.58691521896299e-28	4.13166057254873	0.2	0.024
1	SLC22A2	4.49364311213821e-24	4.04359139038802e-28	4.91937623895307	0.114	0.004
1	GLI2	5.42017477831969e-24	4.87732815470142e-28	3.60675011574361	0.166	0.014
1	DOCK1	1.00182491805094e-23	9.01489173086417e-28	2.44408511837196	0.394	0.107
1	ZNRF3	1.35761633566003e-23	1.22164702210027e-27	3.03466486801502	0.394	0.115
1	MECOM	1.48163745149303e-23	1.33324705434449e-27	4.3301959569821	0.149	0.011
1	MID1	5.87112300601866e-23	5.28311257627882e-27	4.03201668952072	0.189	0.022
1	SOX3	7.23988206832319e-23	6.51478634781174e-27	3.57743782345572	0.24	0.039
1	LGR5	9.24190712736351e-23	8.31630264317782e-27	4.18715267311229	0.166	0.016
1	DNMBP	4.58928082006616e-22	4.12965069744098e-26	3.77385408814608	0.194	0.025
1	MFGE8	2.30441430900851e-21	2.073620362646e-25	3.61469947915282	0.337	0.09
1	F3	3.64558514573396e-21	3.28046895143882e-25	3.81582924795792	0.303	0.071
1	SDC4	4.12412638146503e-21	3.71108285923245e-25	3.58681046438324	0.303	0.071
1	ITM2B	5.35602627811461e-21	4.81960431756916e-25	1.96539831845321	0.451	0.154
1	SCUBE1	6.95844708054026e-21	6.26153791104136e-25	3.62358457460583	0.314	0.078
1	IL4I1	1.30310835886838e-20	1.17259818129073e-24	2.69234688604439	0.446	0.164
1	TCF7L1	2.07907246001347e-20	1.87084716999322e-24	3.13425196892389	0.234	0.041
1	DOK1	3.21882211824208e-20	2.89644751034112e-24	2.71547812007938	0.326	0.085
1	SHROOM2	9.48002283181188e-20	8.53057035167091e-24	3.43050285830113	0.183	0.024
1	VEPH1	3.9250196042728e-19	3.53191721791848e-23	3.01259915465188	0.371	0.119
1	RIPOR2	4.03911239542425e-19	3.63458327672478e-23	2.50132515355063	0.48	0.209
1	WLS	5.07312929295006e-19	4.5650403068029e-23	3.91799872475354	0.189	0.027
1	ZHX2	5.51604572578324e-19	4.96359734165683e-23	1.26254526695841	0.743	0.485
1	VMP1	7.01058041757352e-19	6.30844993932648e-23	2.32273116007916	0.4	0.136
1	IL11RA	1.8777953327833e-18	1.68972854565221e-22	3.01306279482188	0.286	0.069
1	CRB2	1.99529988280834e-18	1.79546466553437e-22	5.48370732190138	0.137	0.013
1	SALL1	2.17616319867469e-18	1.95821398243021e-22	4.34589007556078	0.12	0.009
1	BTC	3.06904371507286e-18	2.76166985968943e-22	3.97067287517855	0.166	0.021
1	MEGF10	7.3927115309772e-18	6.65230948526699e-22	3.86191170730411	0.109	0.007
1	AMOT	1.1214989166345e-17	1.00917746480203e-21	3.20921643294604	0.177	0.025
1	CNTN2	1.63446120687785e-17	1.47076505613052e-21	4.18303843086819	0.12	0.01
1	ADGRA3	3.97301131679617e-17	3.57510241770554e-21	4.05094023113079	0.171	0.025
1	COBL	4.41804454017766e-17	3.97556424023905e-21	3.11588551886102	0.177	0.026
1	TRPM4	4.67551266152156e-17	4.2072461635216e-21	4.43858993921533	0.109	0.008
1	FLNA	5.91958822227034e-17	5.32672385698762e-21	3.44016857411408	0.286	0.075
1	HEPACAM	5.98753129043859e-17	5.38786222481651e-21	2.54664067290498	0.211	0.038
1	SMAD1	8.40181575043913e-17	7.56034891607948e-21	4.15746274185816	0.126	0.012
1	PAQR6	9.69393790519434e-17	8.72306119427188e-21	1.74026509725826	0.383	0.121
1	TNFRSF18	1.08297297349531e-16	9.74510009444172e-21	3.39874251076326	0.183	0.029
1	CA14	2.01512230272037e-16	1.81330181114044e-20	1.79754542228913	0.377	0.121
1	TRIM36	2.67313757331147e-16	2.40541489544809e-20	2.39665081361433	0.451	0.199
1	NHERF1	3.36404319234835e-16	3.02712426198897e-20	3.02713154076965	0.24	0.054
1	DOCK5	3.9660332399654e-16	3.56882321602214e-20	4.28563856706819	0.12	0.011
1	MBOAT1	6.55862239944366e-16	5.90175686083295e-20	3.27233331274695	0.109	0.008
1	SCUBE3	7.97798686532888e-16	7.17896775427777e-20	2.77110581779702	0.349	0.117
1	GFAP	1.03811760090086e-15	9.34147035814689e-20	4.55512874460545	0.143	0.018
1	GALK1	1.432778499652e-15	1.28928147183659e-19	3.5888570285234	0.211	0.043
1	SOX15	1.70571976732861e-15	1.53488685982957e-19	4.44548726626888	0.12	0.012
1	CDO1	3.28368959487313e-15	2.95481831627205e-19	2.95917146951934	0.143	0.018
1	BHMT	5.17158505521958e-15	4.65363543167424e-19	3.84009529369292	0.189	0.035
1	LRRN4CL	1.09600579405602e-14	9.86237554266191e-19	4.8854033033256	0.109	0.01
1	CD302	1.82302921829453e-14	1.64044742040361e-18	2.98624811636016	0.137	0.017
1	MYO9A	1.88721958021105e-14	1.69820892667241e-18	2.70839767812801	0.309	0.094
1	C20orf173	2.03848687994979e-14	1.83432635647421e-18	3.07809423544042	0.194	0.037
1	SEPTIN9	2.18640938438839e-14	1.96743398217258e-18	2.76636246932898	0.246	0.061
1	KIRREL2	2.74643173975736e-14	2.47136843314799e-18	3.16229196948689	0.297	0.092
1	ARHGEF12	5.04230104660083e-14	4.53729960100858e-18	3.12776085889279	0.429	0.194
1	DOCK8	5.51793477143929e-14	4.96529719377242e-18	2.41912255216371	0.217	0.048
1	CD34	7.91089506320154e-14	7.11859539566412e-18	3.73921684974169	0.109	0.01
1	FGD6	8.00626269366049e-14	7.20441167430981e-18	3.79679855543411	0.109	0.01
1	ITPR2	1.29902156766488e-13	1.16892069438034e-17	2.81636939028166	0.189	0.037
1	GPC4	1.50797794284663e-13	1.35694946715255e-17	3.90606548915845	0.131	0.017
1	PKD1L2	1.64106982038851e-13	1.47671179734411e-17	2.80077160295586	0.246	0.064
1	WNT7B	1.83883726428155e-13	1.65467224357199e-17	3.33082109088083	0.183	0.036
1	CALCOCO2	2.09172051874846e-13	1.88222848803065e-17	4.29085937588646	0.114	0.012
1	FOXB1	3.04511111347762e-13	2.74013417931938e-17	4.54316832258869	0.109	0.011
1	KANK1	3.13808519318579e-13	2.82379662844038e-17	3.92458600125416	0.126	0.016
1	LIMK2	3.56398081569494e-13	3.20703753774403e-17	3.59191158736226	0.16	0.027
1	GLDC	5.0530746577563e-13	4.54699420296617e-17	4.20259975448194	0.12	0.014
1	GLDN	5.11615745466714e-13	4.6037590701585e-17	4.55022252239554	0.137	0.02
1	FGD4	5.38452604864516e-13	4.84524975132292e-17	2.89406009473428	0.309	0.107
1	NELL1	5.57905071757297e-13	5.02029219614233e-17	1.43491248795788	0.697	0.524
1	MGLL	5.89635958273743e-13	5.30582163478577e-17	2.03912648083013	0.474	0.234
1	ILDR2	9.16490436102343e-13	8.2470119328925e-17	2.44530853658217	0.263	0.075
1	PLEKHA7	1.12415559036645e-12	1.0115680647588e-16	2.67977411437622	0.32	0.114
1	COL5A1	1.57378035621203e-12	1.41616157312339e-16	3.85169100396544	0.143	0.023
1	LAMA2	1.76782731140195e-12	1.59077414865649e-16	3.31977991690116	0.206	0.049
1	ARHGEF28	1.8837241137056e-12	1.69506354153298e-16	3.18355176850474	0.274	0.085
1	FAM169A	2.61906363068233e-12	2.35675661898887e-16	2.57921631191157	0.189	0.04
1	CD63	3.49888001936899e-12	3.14845677977953e-16	3.09253878525942	0.143	0.023
1	TSPAN9	4.25884617193124e-12	3.83231006202757e-16	2.03758608336029	0.469	0.235
1	SLC2A1	4.51230283439597e-12	4.06038228596776e-16	3.02955073554368	0.154	0.027
1	EPHX2	1.26078951674248e-11	1.13451769705973e-15	3.18275582067237	0.114	0.014
1	TRPS1	1.8297554643137e-11	1.64650001288014e-15	2.17525070550442	0.434	0.215
1	RAD54L2	3.09993858586003e-11	2.78947051728609e-15	1.86784362125573	0.571	0.375
1	NEBL	3.70431588474572e-11	3.33331763227367e-15	1.6888113776592	0.543	0.326
1	NRARP	5.07539899540838e-11	4.56708269180994e-15	3.46172629898239	0.223	0.063
1	CD226	6.49834063354753e-11	5.84751249306895e-15	1.99491134050161	0.183	0.04
1	RFX2	7.78461788733691e-11	7.00496525450995e-15	2.90482242620947	0.206	0.052
1	CERK	8.26868009893689e-11	7.44054719601988e-15	3.9825533590571	0.389	0.191
1	RIPOR3	1.21035926368957e-10	1.08913818382937e-14	2.82505343137042	0.143	0.025
1	EPB41L5	1.40974901113667e-10	1.26855845508563e-14	2.89451216792892	0.234	0.07
1	RIN2	1.64831891176436e-10	1.48323487065992e-14	2.97920398709569	0.257	0.078
1	ARHGAP29	2.33235503444852e-10	2.09876274133764e-14	3.001755476748	0.177	0.041
1	IGF2	6.57843257893835e-10	5.91958299193588e-14	3.51054793241827	0.143	0.027
1	PLA1A	1.50178853618858e-09	1.35137994797857e-13	0.693823701154089	0.291	0.093
1	GNPAT	2.67867619410999e-09	2.41039880690182e-13	2.89811783824601	0.211	0.063
1	ZMYND12	2.76480736056738e-09	2.48790368088489e-13	2.39849338223169	0.109	0.016
1	RREB1	3.18932762634539e-09	2.86990697952433e-13	1.66025758368894	0.251	0.08
1	S100B	3.51255580299107e-09	3.16076289300015e-13	1.9688894306847	0.411	0.214
1	LRP2	3.90185898882215e-09	3.51107620698475e-13	3.11196476485898	0.137	0.027
1	RYK	4.03907654084973e-09	3.63455101309254e-13	2.65179847499775	0.251	0.086
1	VANGL2	6.15619002855692e-09	5.53962928872215e-13	3.81077212524596	0.286	0.113
1	DNAH7	6.81539620453925e-09	6.13281400570435e-13	2.01834685299398	0.194	0.052
1	ITGA7	8.70313378922742e-09	7.83148905716496e-13	3.20256932437027	0.149	0.032
1	TNFRSF19	1.09294882284222e-08	9.83486747810867e-13	3.61554616720895	0.149	0.033
1	MCUB	1.10937132234341e-08	9.98264485146598e-13	2.8161640019238	0.16	0.038
1	RFTN2	1.20631647297292e-08	1.08550029062622e-12	2.58397041718137	0.177	0.045
1	PARD6G	2.38111673688255e-08	2.14264081425587e-12	3.23768522620954	0.126	0.024
1	SHROOM3	3.79703531716915e-08	3.41675093779281e-12	2.74024068040531	0.16	0.039
1	RGMA	3.9210952305438e-08	3.5283858818895e-12	2.26726833407276	0.469	0.304
1	TPM4	4.21323638802152e-08	3.79126823361965e-12	3.23107657239053	0.126	0.024
1	PALD1	5.68135122965314e-08	5.11234700769651e-12	1.92069364624044	0.434	0.252
1	SLC47A1	5.787424433543e-08	5.20779666475569e-12	3.71530881998825	0.12	0.023
1	FAM13A	6.17745968738739e-08	5.5587687279649e-12	2.84458367642371	0.154	0.037
1	ARHGEF26	7.5190231686622e-08	6.76597063678773e-12	3.14478185795977	0.12	0.023
1	USP43	8.2373275800491e-08	7.41233472514091e-12	2.38671603026098	0.549	0.359
1	TESK2	1.06324160776455e-07	9.56754798672319e-12	2.15391365984916	0.251	0.092
1	SLC38A3	1.4727813046999e-07	1.32527787699082e-11	1.45919163299844	0.537	0.376
1	WNT3	2.90614384342054e-07	2.61508489464639e-11	4.58986505070423	0.103	0.018
1	ROR2	2.98947852569735e-07	2.69007336065631e-11	3.16905618999071	0.137	0.032
1	CYFIP1	3.49756218624112e-07	3.14727093155864e-11	1.89195340570439	0.114	0.021
1	CXCL14	3.51250099740033e-07	3.16071357635232e-11	2.08212601411826	0.229	0.078
1	MDGA1	3.96901555749787e-07	3.57150684558434e-11	1.24171369884227	0.509	0.302
1	ULK4	7.8253814192208e-07	7.04164619744515e-11	2.10503130981766	0.189	0.058
1	SLC6A9	7.97068353155438e-07	7.17239587110085e-11	1.99606778739209	0.383	0.209
1	FAM53B	9.36024801449809e-07	8.42279133852073e-11	2.56187603806556	0.137	0.032
1	SSBP2	9.74555345133946e-07	8.76950728996622e-11	2.51456287697411	0.394	0.234
1	HS3ST1	1.10406729644681e-06	9.93491673217685e-11	3.70382932226558	0.126	0.028
1	CDC14A	1.12715747861931e-06	1.01426930497553e-10	1.88795110715655	0.154	0.04
1	TTYH2	1.29480699528177e-06	1.16512822395552e-10	1.89115595023105	0.354	0.186
1	MCAM	1.34039711099617e-06	1.20615235399638e-10	2.16452522904357	0.337	0.161
1	GGH	1.72522596796267e-06	1.55243945645881e-10	2.65650864948668	0.2	0.067
1	TMEM86A	2.23463605583328e-06	2.01083060904642e-10	3.12016897175046	0.206	0.073
1	LPP	2.83116491096578e-06	2.54761532526391e-10	2.23086521820482	0.291	0.132
1	SEMA5B	2.9866805003061e-06	2.6875555658293e-10	1.18434881444738	0.674	0.53
1	MAML2	3.72115731044212e-06	3.34847233910026e-10	2.86392307589407	0.154	0.043
1	PAX6	3.81046652887903e-06	3.4288369737056e-10	2.5202300304872	0.143	0.036
1	ANTXR2	4.05094008521842e-06	3.64522638821058e-10	1.95680730246704	0.246	0.096
1	ADAMTS20	9.844204059864e-06	8.85827774666067e-10	3.02575317561123	0.149	0.042
1	TGFBR3	1.08961205762332e-05	9.80484169552164e-10	2.08913316523465	0.12	0.027
1	ZBTB16	1.19378929295421e-05	1.07422774494215e-09	2.07264905785083	0.543	0.412
1	NDRG1	1.38544729662942e-05	1.24669062955945e-09	2.44731397651794	0.114	0.025
1	RTKN	1.57624542354542e-05	1.41837975663225e-09	1.74123911215174	0.211	0.077
1	MAP4K5	1.66481922152022e-05	1.4980826253219e-09	2.21676112423402	0.177	0.057
1	ADAMTS7	1.69213543915126e-05	1.52266304251891e-09	3.04471451187811	0.143	0.04
1	LRRC8E	1.73962449523559e-05	1.5653959284042e-09	1.92790425517297	0.189	0.063
1	GAB1	1.83408125615121e-05	1.65039256380024e-09	0.928576313379266	0.326	0.148
1	PARVA	2.59579317657291e-05	2.33581677006471e-09	3.71642066546175	0.103	0.022
1	SRGAP1	2.59676895597282e-05	2.33669482225575e-09	2.07610444855125	0.331	0.179
1	HIP1	4.96372434451154e-05	4.4665925893202e-09	1.73630879377212	0.417	0.268
1	PLCE1	5.43458992146629e-05	4.89029957839133e-09	3.20509554524931	0.131	0.036
1	SGK1	5.63999259661731e-05	5.07513056475957e-09	2.14813720617969	0.389	0.253
1	WDR27	5.86157688971761e-05	5.27452253191543e-09	2.24100827399124	0.143	0.041
1	SH2B3	6.26809903813353e-05	5.64033027817289e-09	1.20860049847128	0.143	0.04
1	IGFBP4	8.65136762521313e-05	7.78490742842898e-09	1.87191800490419	0.28	0.131
1	USP54	8.81414886099219e-05	7.93138563933429e-09	1.3904957151493	0.486	0.353
1	THRB	0.000171384232495024	1.54219591914896e-08	1.22521527472406	0.6	0.558
1	GLUL	0.000184578580259594	1.66092486510928e-08	2.06788124973639	0.389	0.241
1	TSC22D3	0.000198560931794836	1.7867446395648e-08	1.84543808320813	0.257	0.116
1	TTYH3	0.000225228771966111	2.02671440624594e-08	1.63788577478094	0.629	0.622
1	SOX2	0.000289393660909582	2.60410025114354e-08	2.25699142140308	0.16	0.054
1	SERINC2	0.00032912193773711	2.96159396865932e-08	1.68763913918197	0.16	0.054
1	TEAD1	0.000372134431065824	3.3486406106886e-08	1.98829783073059	0.223	0.096
1	PIK3C2A	0.000391763403274324	3.52527133334225e-08	2.26858935991556	0.16	0.054
1	ADRA1B	0.000424987449239881	3.82423692288204e-08	2.8371048630352	0.114	0.03
1	FAT3	0.000468311538763184	4.21408745400148e-08	0.991823533003152	0.691	0.704
1	LHX2	0.000526618489334445	4.73876081467151e-08	2.72602714264544	0.149	0.049
1	USP6NL	0.000685177889604368	6.16555286245269e-08	1.50727805481187	0.4	0.256
1	GALNT4	0.0008186093620394	7.36623199891479e-08	2.10722696659368	0.103	0.025
1	RGS3	0.000831445057630386	7.4817336239574e-08	2.08408544314071	0.371	0.238
1	DOK6	0.000910443150277964	8.19259561124776e-08	1.88218216754462	0.263	0.126
1	SLIT1	0.000992943354684089	8.93497124704481e-08	2.17746413289209	0.371	0.214
1	TRIP10	0.001178690219448	1.06064088855214e-07	2.94359814512093	0.126	0.038
1	EFNB1	0.00125120355941496	1.12589180186715e-07	2.4313511813965	0.229	0.108
1	SPON1	0.00137076568461338	1.23347942464985e-07	1.90238466460165	0.303	0.162
1	MPRIP	0.00181952790089644	1.63729677035583e-07	1.75835002266231	0.406	0.276
1	SUN2	0.00192515479190727	1.73234481409815e-07	2.97704150709634	0.149	0.052
1	LRP8	0.00198539552591716	1.78655225944134e-07	1.21613527342796	0.68	0.574
1	PCGF5	0.00212680329846047	1.91379762301851e-07	2.19055418759291	0.291	0.166
1	PDZD2	0.00229753686929005	2.06743171896882e-07	2.18248347508375	0.263	0.135
1	SEMA4D	0.00263528970448705	2.37135760324579e-07	2.48539186810021	0.28	0.158
1	NFIB	0.0034788548802835	3.1304372179281e-07	0.885527594277462	0.4	0.238
1	TSPAN7	0.00420131403065131	3.78053993579709e-07	2.05951071672238	0.206	0.091
1	AGPAT3	0.00424470389118874	3.81958417276049e-07	2.140623237196	0.234	0.113
1	SERBP1	0.00441589417397184	3.97362923960392e-07	0.380267711595447	0.114	0.318
1	FLNC	0.00443246675649664	3.98854202870209e-07	1.56564068504503	0.16	0.058
1	GRAMD1B	0.00481092217215238	4.32909400895562e-07	1.60616051298845	0.48	0.397
1	FAT1	0.00531925300895385	4.78651400067835e-07	1.54007800798987	0.354	0.218
1	ARHGEF18	0.0057320341782431	5.15795390825439e-07	1.87468931503101	0.326	0.195
1	COL18A1	0.00871238907918598	7.83981740230899e-07	2.77904315040498	0.126	0.042
1	SNX21	0.0101696496597787	9.15112900187055e-07	2.72631431477411	0.114	0.036
1	FMNL2	0.0142995795899307	1.28674341671292e-06	2.44391310671281	0.137	0.049
1	ASAP2	0.016385949795564	1.4744848191815e-06	1.94596962083414	0.269	0.149
1	ARHGAP32	0.0179319693106201	1.61360292545848e-06	1.44543211183837	0.469	0.384
1	SDC2	0.0187054318550581	1.6832027224924e-06	1.79863790638793	0.206	0.095
1	FNDC3B	0.0191111688710302	1.7197128472087e-06	2.21736836284561	0.257	0.143
1	LZTS2	0.0195431080471384	1.75858076551232e-06	1.78808287351249	0.263	0.142
1	ARHGEF10L	0.0205532820504265	1.84948097277301e-06	1.57222743203361	0.457	0.374
1	TMTC1	0.0208935791980157	1.88010251039464e-06	1.1408308719305	0.577	0.513
1	SDC3	0.0213610530158232	1.9221680028636e-06	1.50587890845092	0.514	0.493
1	PXYLP1	0.0243503073923288	2.19115516893087e-06	2.49175420660954	0.137	0.05
1	FADS6	0.0270606698423161	2.4350463279327e-06	2.95759416551816	0.103	0.032
1	KIF6	0.02835608567767	2.55161393662108e-06	2.3815299535853	0.12	0.041
1	LDLRAP1	0.0299308981741365	2.69332297076725e-06	1.75352748951794	0.166	0.067
1	EZR	0.0334304216668812	3.00822655150555e-06	2.68656679062194	0.154	0.064
1	TMEM47	0.0413279142518519	3.71888007305426e-06	2.17045362850857	0.2	0.098
10	PRKCQ	1.36060168713715e-170	1.22433338174853e-174	7.8076125428403	1	0.043
10	CNKSR1	2.12129718000941e-121	1.90884295870549e-125	7.65558362699143	0.475	0.006
10	NOTUM	1.52840068989591e-116	1.37532681534771e-120	6.3294233284865	0.525	0.01
10	SLC1A6	3.75774684925813e-101	3.38139732678676e-105	5.57332240443659	0.78	0.048
10	PROX1	4.10258407964474e-96	3.69169808300615e-100	5.01004774381229	0.898	0.075
10	LEF1	2.42216540287634e-89	2.17957833427188e-93	5.53889493996557	0.763	0.055
10	NR4A2	2.83568856145007e-84	2.55168591869888e-88	5.10527240155904	0.678	0.042
10	KISS1	2.3376165567527e-79	2.10349730653532e-83	6.63777625133425	0.356	0.006
10	KCNH7	3.82950887243602e-72	3.44597216992353e-76	5.25312058629571	0.746	0.071
10	BICDL2	1.049380930399e-63	9.44282309366505e-68	6.50503814835808	0.305	0.006
10	CYP1B1	2.21002173639555e-63	1.98868148690323e-67	5.04663682923317	0.424	0.018
10	RASGRP2	4.94889173323752e-60	4.45324550817738e-64	4.61259379247697	0.864	0.132
10	RASAL1	1.14559777875202e-59	1.0308627542086e-63	5.1053000405775	0.729	0.086
10	CASZ1	1.96686140929408e-58	1.76987438971842e-62	4.06716231810482	0.661	0.064
10	LURAP1L	2.47884927925643e-57	2.23058515185497e-61	8.3805375779949	0.203	0.001
10	SLC18A3	6.94509555272079e-57	6.24952357844037e-61	6.18091905265916	0.356	0.013
10	MEGF6	1.63519706143686e-55	1.47142721266702e-59	5.97591471151859	0.373	0.016
10	KCNIP3	1.35512760906627e-51	1.21940754887634e-55	4.49933913893806	0.898	0.187
10	TRPM3	5.2422616320036e-45	4.71723353910159e-49	3.17636741687073	0.966	0.234
10	POU4F1	3.06018601488811e-43	2.75369928452093e-47	6.85026177593778	0.203	0.004
10	TMCC3	1.33333689400469e-40	1.19979923873364e-44	4.69912021505755	0.576	0.073
10	ROBO3	1.75318744377763e-40	1.57760050731362e-44	5.31077470163127	0.983	0.365
10	TSPAN8	3.71181055109723e-38	3.34006168550097e-42	6.02091815730505	0.203	0.005
10	RFTN1	8.49802945317735e-38	7.64692653034946e-42	4.16608182394468	0.475	0.049
10	GPR149	4.56626074917932e-37	4.10893615511502e-41	4.49392981258678	0.458	0.046
10	KCND2	8.16235520261592e-37	7.3448710542751e-41	3.17757208341829	0.983	0.386
10	AK5	1.55536348680894e-36	1.39958920796269e-40	3.57924057131901	0.966	0.42
10	ARHGAP20	6.620400979119e-35	5.95734813202466e-39	4.21458042380198	0.627	0.101
10	ARK2N	6.68158808071828e-35	6.01240716342867e-39	4.7956982168277	0.542	0.076
10	SLC4A7	6.80676255958949e-34	6.12504504597273e-38	4.38695342488092	0.932	0.373
10	MSI2	8.61439271851955e-34	7.75163566860393e-38	3.11041272929166	1	0.538
10	TUB	1.36599696420974e-33	1.22918830577678e-37	4.9869446488042	0.898	0.329
10	SLIT2	6.36849691498217e-33	5.73067300907241e-37	3.1482648372175	0.763	0.175
10	SULF2	5.80600953935857e-32	5.22452041695183e-36	3.58829932959963	0.831	0.257
10	CARMIL1	1.40443425589435e-30	1.26377598838688e-34	2.59153214640814	0.864	0.281
10	NRXN1	9.8271296184765e-30	8.84291336135742e-34	2.55655836782046	1	0.598
10	CNIH3	1.51845176206412e-29	1.36637430222633e-33	3.5097109319215	0.881	0.328
10	GABBR2	3.09224667293116e-28	2.78254897231275e-32	2.62372510310601	0.983	0.584
10	GLRA3	4.7159588891207e-28	4.24364158113984e-32	4.29718325718578	0.508	0.078
10	UNC13B	1.2965150515791e-27	1.16666521333493e-31	3.66678042539107	0.322	0.027
10	TM4SF5	2.43193629074518e-27	2.18837063866209e-31	7.60681257949406	0.102	0.001
10	ETV1	2.83650147201622e-27	2.55241741385424e-31	3.09326501224711	0.508	0.076
10	PEX5L	3.91043669248446e-27	3.51879482811524e-31	2.33606393575845	0.881	0.292
10	ZFHX3	3.9196012611199e-27	3.52704153794646e-31	2.62453089153441	0.898	0.303
10	RYR3	8.35587215980789e-27	7.51900671268594e-31	3.52796233652273	0.915	0.401
10	DPP6	1.08190798748574e-26	9.73551684950725e-31	3.75751473672984	1	0.689
10	ADCY5	6.49742524886672e-26	5.84668878688628e-30	3.3386902499922	0.932	0.504
10	WASF1	1.5972542372909e-25	1.43728447520103e-29	2.94496307695154	0.831	0.3
10	PDE8A	2.61876951776896e-25	2.35649196235846e-29	3.30822139395898	0.797	0.286
10	HCN3	3.17447042197936e-24	2.8565377683608e-28	2.52953514147125	0.915	0.416
10	POU6F2	1.29784580718339e-23	1.16786268980778e-27	3.37889465905954	0.373	0.045
10	UPF3A	5.0979146884437e-23	4.58734337122622e-27	4.03842726314908	0.627	0.167
10	PITPNM3	1.31547255051085e-22	1.18372406236916e-26	2.95621299742076	0.831	0.37
10	PRMT8	3.69635439248291e-22	3.32615350713841e-26	4.10601436586666	0.424	0.066
10	GABRG3	8.85860860478112e-22	7.97139260755973e-26	2.31822566099816	0.864	0.393
10	NR4A3	7.84795195588169e-21	7.0619562277348e-25	3.30720602880597	0.339	0.041
10	RAP1GAP2	7.86395814671778e-21	7.07635935095634e-25	2.86004196635258	0.898	0.457
10	GPR139	5.38543241816496e-20	4.84606534523977e-24	3.8929505713331	0.407	0.066
10	CPNE4	8.15395353897007e-20	7.33731084222988e-24	4.01914978641202	0.678	0.209
10	DLG1	5.59162677910999e-19	5.03160872771528e-23	2.13454958990137	0.915	0.649
10	GPR179	1.99671107306934e-18	1.79673452089386e-22	4.48763721028365	0.441	0.087
10	TCF7L2	2.69554364581088e-18	2.42557693315115e-22	1.78926637391184	0.814	0.261
10	WNT2	4.05789103554015e-18	3.6514811801855e-22	6.13579560040794	0.136	0.006
10	KCNQ5	5.14836704677581e-18	4.63274277582634e-22	2.34717108936861	0.746	0.243
10	NELL1	1.47164025945543e-17	1.32425111082105e-21	2.38460195357728	0.898	0.529
10	SLC24A2	1.60486888859908e-17	1.44413649653477e-21	2.91140556643923	0.797	0.402
10	LUZP2	1.78673055068194e-17	1.60778417230446e-21	1.56179498436791	0.983	0.693
10	NTF3	8.85200195821942e-17	7.96544763629931e-21	5.90333616429686	0.119	0.004
10	FHOD3	1.3802876009282e-16	1.24204769272762e-20	3.09569835018273	0.508	0.123
10	RYR1	1.45876571956239e-16	1.3126659943871e-20	3.03486876792871	0.678	0.257
10	INHBB	1.61716947592943e-16	1.4552051434621e-20	4.31441141679061	0.22	0.02
10	WNT7A	1.65878071759523e-16	1.49264889552347e-20	3.67432879526556	0.203	0.017
10	MICAL2	2.18999348735222e-16	1.97065912656548e-20	3.60846485655744	0.271	0.032
10	GPR52	9.29783903113166e-16	8.36663280044242e-20	3.16733328526373	0.492	0.12
10	RAP1GAP	1.09309867170145e-15	9.83621588861203e-20	2.11771999750054	0.797	0.346
10	CDK14	1.37684572099324e-15	1.23895052730427e-19	2.72985511682901	0.831	0.558
10	RBPMS	1.8518039486521e-15	1.66634027593998e-19	3.30049406683186	0.407	0.08
10	CECR2	4.71242607770631e-15	4.24046259129516e-19	4.00786717095128	0.22	0.022
10	MBNL2	7.22408242653378e-15	6.50056908713559e-19	3.4880124112748	0.881	0.537
10	CALN1	8.47932204833774e-15	7.63009272774025e-19	2.77342639055081	0.644	0.238
10	RIMS3	1.01464840940095e-14	9.13028353640735e-19	2.65713792887549	0.712	0.334
10	GALNT14	1.12862672148712e-14	1.01559139880061e-18	1.89745371868785	0.746	0.28
10	BTG1	2.10442995611245e-14	1.89366503744484e-18	2.50519332444036	0.695	0.292
10	CHRM2	6.5131421160744e-14	5.86083156310124e-18	3.4144197191952	0.831	0.416
10	GDPD5	1.11558013900387e-13	1.00385147035352e-17	3.04010204939629	0.322	0.053
10	CHST8	1.49711336136497e-13	1.34717300581748e-17	2.0613849013048	0.797	0.39
10	RGMA	2.257627820547e-13	2.03151968014668e-17	2.03535114661587	0.729	0.307
10	DACH2	3.21828340819212e-13	2.89596275370478e-17	2.16369791791054	0.508	0.136
10	PTPRN2	3.59980783752636e-13	3.23927637678967e-17	1.99325083171141	1	0.813
10	CDH8	6.00598824405823e-13	5.40447065964027e-17	2.47169335605707	0.712	0.314
10	SCHIP1	7.60704533096749e-13	6.84517711776073e-17	2.1587903054944	0.881	0.553
10	TGFBR3	1.32545826836546e-12	1.19270968088316e-16	3.06878011632512	0.237	0.03
10	MXI1	1.40797683661017e-12	1.2669637691084e-16	2.56899256267446	0.644	0.264
10	KCNH2	6.15172481613625e-12	5.53561128060492e-16	2.29511043574428	0.695	0.298
10	PER2	7.21199911631991e-12	6.48969595637533e-16	3.54211594583121	0.373	0.084
10	NLGN3	7.33114516150926e-12	6.5969091707993e-16	2.03939119185168	0.831	0.523
10	DUSP5	9.19371179017513e-12	8.27293421234152e-16	4.52039964310574	0.237	0.033
10	GAS2L3	1.04203088474552e-11	9.37668392644216e-16	4.49816460403407	0.186	0.02
10	GRIN1	1.19422519483608e-11	1.07461998995418e-15	2.19154650910225	0.983	0.724
10	EML1	1.35523965285199e-11	1.21950837114369e-15	2.72947164042367	0.492	0.147
10	PTPRU	1.36985210942236e-11	1.23265734673118e-15	1.13657840163856	0.915	0.565
10	KANSL1L	1.66891007929821e-11	1.50176377152723e-15	3.7668025970757	0.254	0.038
10	PHACTR3	2.56189954704105e-11	2.30531768832993e-15	2.65488822487179	0.797	0.49
10	MYOCD	2.91541780501502e-11	2.62343004140648e-15	5.4071886515306	0.136	0.01
10	QPCT	1.84347330188129e-10	1.65884396821857e-14	3.26836596739025	0.458	0.141
10	CELF6	2.25024504448805e-10	2.02487631106637e-14	1.47919662302518	0.864	0.6
10	GALNT18	2.31090662758577e-10	2.07946245620964e-14	3.31670321606364	0.661	0.297
10	LINGO2	3.28060524827525e-10	2.95204287615878e-14	0.651676337843525	1	0.661
10	ADGRL1	3.54068051698691e-10	3.18607083324657e-14	1.47949620968005	0.814	0.52
10	KCNK12	3.61780218535794e-10	3.25546853717083e-14	3.81871462907457	0.22	0.032
10	SHISAL1	4.63986635846936e-10	4.17516994373199e-14	2.59731380984933	0.542	0.201
10	NECTIN3	5.34217160246307e-10	4.80713722888785e-14	3.83280720690983	0.237	0.038
10	KCNAB1	2.25733216529932e-09	2.03125363565133e-13	2.18811548421307	0.576	0.236
10	NPTX1	6.80381639044515e-09	6.12239394443008e-13	1.72295566057572	0.661	0.3
10	GABRR2	8.27354644094969e-09	7.44492615940762e-13	2.83057812022083	0.39	0.108
10	MYH15	8.28307311980025e-09	7.45349871303901e-13	4.50910157507931	0.119	0.01
10	COL8A1	9.11519964722002e-09	8.20228529399804e-13	3.76356415096549	0.237	0.041
10	EPHA6	3.24322807726705e-08	2.91840913998655e-12	1.88376029482511	0.644	0.323
10	NPR1	4.09268554964311e-08	3.68279092022236e-12	2.06683287429995	0.492	0.174
10	SEZ6L	4.45353158002701e-08	4.00749714750923e-12	1.62884944293723	0.729	0.425
10	ONECUT1	5.9356863990488e-08	5.34120975348583e-12	2.74596965509483	0.237	0.043
10	VAV2	6.93582167733507e-08	6.24117850925499e-12	1.62950572250664	0.695	0.343
10	KCNQ3	8.38411919973168e-08	7.54442472755483e-12	1.32996775480615	0.831	0.657
10	JARID2	8.80241008601861e-08	7.92082253758536e-12	2.1957206902638	0.542	0.235
10	LRRC8C	9.3909758940789e-08	8.45044172957698e-12	4.94917025992548	0.102	0.008
10	KCND3	1.88864965441877e-07	1.69949577469519e-11	1.73736862868213	0.746	0.427
10	GRIA4	2.20394222093342e-07	1.98321085299506e-11	1.2597569686936	0.729	0.354
10	FAM43A	2.84259877722748e-07	2.55790405581525e-11	3.99080528701526	0.153	0.019
10	NRN1	4.50215811444174e-07	4.05125358988729e-11	1.67774839544846	0.61	0.278
10	SHOC2	6.12474653913716e-07	5.51133495828053e-11	2.39077438288611	0.458	0.172
10	PDE1C	9.09577042102053e-07	8.18480196258483e-11	2.47657321405048	0.441	0.156
10	DENND4C	9.26084673497589e-07	8.33334539276153e-11	2.60735435806835	0.22	0.04
10	PRKAG2	9.45786552228541e-07	8.51063216258923e-11	2.83428495580931	0.356	0.107
10	STXBP5L	1.48445252271443e-06	1.33578018781106e-10	1.14217929998618	0.797	0.496
10	ACTN1	1.78153570230277e-06	1.60310960343991e-10	2.2905262985161	0.492	0.201
10	RGS9	2.8739577140031e-06	2.58612230181148e-10	3.15497246696882	0.39	0.138
10	ADGRB1	2.96786562264939e-06	2.67062505412525e-10	0.631656398893175	0.932	0.686
10	CLSTN2	3.65777359755884e-06	3.29143669356505e-10	1.95960527333495	0.898	0.593
10	NETO2	4.65434915074135e-06	4.1882022412862e-10	1.84616691536333	0.695	0.481
10	ZIC1	4.81629011695664e-06	4.33392433812349e-10	1.65275460704879	0.458	0.16
10	AGL	6.09514740977748e-06	5.48470026975387e-10	2.68638549934075	0.475	0.205
10	SLC25A1	6.75907559590935e-06	6.08213407352592e-10	3.14101663195938	0.186	0.032
10	CFAP43	9.52546159604803e-06	8.57145828853418e-10	3.77064481856419	0.186	0.034
10	PDE5A	9.87394942843736e-06	8.88504402810884e-10	2.04485917799086	0.661	0.442
10	GRM7	1.45239049803863e-05	1.30692927025883e-09	1.64407032705231	0.678	0.409
10	IRAG2	1.67251593930989e-05	1.50500849393493e-09	3.22645249123201	0.288	0.078
10	GNB4	2.10440226629381e-05	1.89364012084388e-09	1.89471249497226	0.61	0.359
10	ZDHHC18	2.25374897104361e-05	2.02802930895673e-09	2.71310264319803	0.39	0.141
10	KCNH1	3.48379114979188e-05	3.13487910536478e-09	2.37458827724406	0.492	0.227
10	DOCK9	3.86748844561432e-05	3.48014797589699e-09	1.52099445006498	0.525	0.244
10	ARHGDIA	7.84310074452936e-05	7.05759087962689e-09	2.6229777897452	0.407	0.161
10	GRID1	8.39436725030252e-05	7.55364640538335e-09	0.563054556330498	1	0.735
10	OTX1	0.000121258139413169	1.0911377612991e-08	3.03558656868422	0.119	0.015
10	AOPEP	0.000142382047437591	1.28122061943302e-08	1.59829330321305	0.458	0.192
10	CACNA1B	0.000190667374789921	1.71571470161001e-08	1.06349364195062	0.729	0.437
10	NAB1	0.000199360926034499	1.79394336393862e-08	2.79047493796508	0.322	0.108
10	NECAB1	0.000236630878868105	2.1293159261055e-08	2.32616113273509	0.39	0.151
10	GRIA1	0.000284024697992564	2.55578779800742e-08	0.920516296786435	0.729	0.449
10	MAGI2	0.000353628478935797	3.18211535081253e-08	1.35565559847442	0.678	0.439
10	BAIAP2	0.000646142623765637	5.8142951837095e-08	1.68710254943654	0.712	0.484
10	CDC42BPA	0.000765374467237269	6.88719938124061e-08	1.64109495856613	0.627	0.416
10	TLE4	0.000770849036660821	6.93646213138506e-08	2.34241585039506	0.39	0.15
10	NLGN2	0.00124588909446314	1.12110959638544e-07	1.21755425678932	0.763	0.614
10	LRATD1	0.00259697646361217	2.3368815473879e-07	3.52735667392234	0.136	0.024
10	MBNL3	0.0028081623145708	2.52691650730748e-07	2.18156918131924	0.525	0.32
10	KCNIP2	0.00526073215393264	4.73385418332821e-07	1.18935116546429	0.61	0.348
10	CBFA2T3	0.006050948690572	5.44492818372357e-07	2.02449969242163	0.39	0.175
10	ZFHX4	0.00679938378947936	6.11840528163355e-07	1.59858913157496	0.542	0.295
10	IRX1	0.00757855242863757	6.81953786433688e-07	2.97888604774213	0.22	0.064
10	DOCK4	0.00857938280207712	7.72013209941251e-07	1.30002719677145	0.661	0.49
10	POT1	0.00925534266534804	8.32839257207598e-07	1.82585981576276	0.373	0.157
10	USH1G	0.0114066950790419	1.02642806434284e-06	3.47368613910531	0.153	0.033
10	SIK2	0.0122872694133142	1.10566628393001e-06	1.71713836348933	0.475	0.244
10	C2CD2L	0.0132904412912216	1.19593640702075e-06	3.03716613214442	0.271	0.096
10	ARID3A	0.0180067954079867	1.62033612957677e-06	2.54365224681404	0.22	0.066
10	ELFN1	0.0183851489148014	1.65438215736538e-06	0.327532769999992	0.797	0.55
10	SRRM3	0.0189184446133828	1.70237061220037e-06	1.469226671512	0.61	0.439
10	APBA2	0.0207342713169408	1.86576723809419e-06	1.54596798112953	0.61	0.443
10	ST8SIA5	0.0213919079019751	1.92494447061775e-06	1.15332284296674	0.729	0.642
10	ODAD1	0.0230573746064587	2.07481099671184e-06	3.01115946706622	0.102	0.016
10	ADAMTSL5	0.0243169475317936	2.18815329180182e-06	2.32962832226384	0.203	0.057
10	CAMK2D	0.0283488041483276	2.55095871036872e-06	1.19225072559538	0.542	0.297
10	TEAD1	0.0316398493208801	2.84710243146586e-06	1.72682125043199	0.288	0.102
10	KCTD16	0.0383678396625504	3.45251864146048e-06	1.25186609139918	0.644	0.4
10	GRK3	0.0391721981695401	3.52489860249619e-06	1.37244148646047	0.644	0.529
10	ZIC5	0.0481345869076022	4.33137648768129e-06	2.58963691491838	0.203	0.06
16	GNG8	9.71742859086616e-77	8.7441992179125e-81	11.3246929045961	0.226	0
16	SLC17A7	1.82739925895277e-61	1.64437978849345e-65	5.77296585352776	0.581	0.024
16	GPR151	9.53940926544033e-56	8.58400905735655e-60	6.81177509430156	0.355	0.008
16	TAC3	3.16759677418165e-45	2.85035253683223e-49	4.87429974013258	0.581	0.035
16	NR4A3	5.79156071868226e-45	5.21151868863697e-49	5.16665675952727	0.613	0.041
16	DGKZ	3.13155677094895e-41	2.81792204710605e-45	4.91731372049226	0.742	0.069
16	NPY2R	3.11841822845136e-40	2.80609936871354e-44	5.16755439704903	0.806	0.092
16	CASZ1	2.36105184080764e-37	2.12458547719575e-41	3.7043041081467	0.742	0.073
16	NWD2	2.11303548986586e-36	1.90140870140003e-40	5.37577742913821	0.935	0.157
16	GDPD5	1.8438223851278e-31	1.65915808973976e-35	4.98911784960783	0.581	0.053
16	KLF4	6.70537418366742e-30	6.03381101742771e-34	5.27296236156337	0.323	0.014
16	LHX2	4.25509365825853e-28	3.82893337375914e-32	3.96117846032463	0.548	0.051
16	TRPM3	1.39327605102673e-27	1.2537353109212e-31	3.63018468071995	1	0.246
16	BCL11B	2.33489846445169e-27	2.10105143926185e-31	3.80752116014803	0.871	0.16
16	NPTX2	4.0540220968009e-27	3.64799972716719e-31	4.48695590229301	0.677	0.088
16	ETV1	3.52880649638682e-26	3.17538603112284e-30	4.14556874420967	0.645	0.081
16	SLC4A5	1.21814881608871e-25	1.09614758938964e-29	6.70610004935601	0.194	0.005
16	HYCC1	1.1102526540234e-23	9.99057548837759e-28	4.21890803095107	0.613	0.081
16	SYT9	2.99034833266986e-22	2.69085605387372e-26	2.86515468868575	0.839	0.167
16	CADPS2	1.63455290000742e-21	1.47084756592047e-25	3.81970666607326	0.903	0.251
16	KCNS1	4.49121634279772e-20	4.04140766921419e-24	4.69369900673532	0.194	0.007
16	GNB4	1.2132064736132e-19	1.09170023721155e-23	3.62523977890421	0.968	0.356
16	WHRN	1.29952358856141e-18	1.16937243639108e-22	3.0486646388813	0.935	0.27
16	CPNE4	4.23990006454951e-18	3.81526146364574e-22	2.67242292476105	0.839	0.214
16	SLIT2	8.54848666412281e-18	7.69233030155926e-22	3.48914630199379	0.774	0.185
16	GGT5	1.51289536772311e-17	1.36137439730326e-21	5.04012196073823	0.194	0.008
16	STXBP5L	1.92559685137326e-17	1.73274259999393e-21	3.58386021978468	0.968	0.498
16	MSI2	1.15886123518144e-16	1.04279783603117e-20	2.91699658249125	1	0.546
16	IL1RAP	3.50591541102825e-16	3.1547875560409e-20	4.23866023061048	0.452	0.058
16	SLC5A7	1.22567723701171e-15	1.10292201656772e-19	4.12965564416621	0.29	0.023
16	GXYLT2	4.25845978534341e-15	3.83196237320562e-19	4.18499436449465	0.419	0.052
16	MAL	9.56203897424382e-15	8.60437233352274e-19	5.26115752424927	0.129	0.004
16	CNIH3	1.31290506005586e-14	1.18141371371894e-18	2.59489576542203	0.935	0.336
16	TRHDE	4.43449819357849e-14	3.99037001131871e-18	2.27949684419649	1	0.588
16	GABBR2	2.38771909632721e-13	2.14858192776677e-17	2.55572614755921	0.968	0.591
16	ADGRG3	4.22155970385947e-13	3.79875794462294e-17	3.74341961050043	0.516	0.091
16	RGMB	6.1004590359715e-13	5.48947992078782e-17	3.51414021002989	0.387	0.049
16	CNNM4	8.35976927980243e-13	7.52251352452302e-17	2.31163311687768	0.935	0.403
16	SLC38A4	2.20233882646707e-12	1.98176804325301e-16	3.59481474346001	0.452	0.071
16	CACNB1	2.82842655631165e-12	2.54515122497224e-16	3.19224458486578	0.839	0.326
16	RGS3	7.49615297740292e-12	6.74539096319889e-16	2.90178338212488	0.774	0.243
16	SCG3	7.88641686665687e-12	7.09656876330142e-16	2.74591118372873	0.806	0.281
16	MPP7	9.19163785589806e-12	8.27106798875017e-16	2.86818049501228	0.419	0.059
16	DYRK4	5.86516165327467e-11	5.27774827074117e-15	3.6975999424941	0.387	0.057
16	ROBO3	1.53804165096885e-10	1.38400220549703e-14	0.792077681780039	0.903	0.377
16	MEGF6	1.72552492288876e-10	1.55270847015996e-14	2.98190289949109	0.258	0.024
16	TCF7L2	1.8242539925014e-10	1.64154952983119e-14	1.27308970257401	0.935	0.268
16	HCN3	3.73029880208434e-10	3.35669828316777e-14	2.21756472520478	0.935	0.425
16	GRIA4	4.09433938999821e-10	3.68427912354739e-14	2.02370527265804	0.903	0.357
16	GABRG3	8.01738480600833e-10	7.21441987402891e-14	4.14833609227388	0.839	0.402
16	SLC1A6	1.11611587634541e-09	1.00433355200703e-13	2.64477467625004	0.419	0.068
16	NECAB2	1.47405430682338e-09	1.32642338416573e-13	1.88174232998242	0.968	0.457
16	VAV2	1.18251671485912e-08	1.06408414906787e-12	2.31115190235968	0.806	0.347
16	CDH4	1.18390292095264e-08	1.06533152249855e-12	1.90806487126709	0.935	0.476
16	LYPD6	1.72278041970325e-08	1.55023883713061e-12	5.05741101283525	0.161	0.011
16	PROX1	1.9610161896041e-08	1.76461458616405e-12	2.35775531583526	0.484	0.098
16	ZIC1	4.37438212595866e-08	3.93627474665586e-12	2.22920995407058	0.613	0.162
16	PEX5L	5.40707850233465e-08	4.86554350970453e-12	2.50355974361018	0.774	0.304
16	SYT10	5.77598299810448e-08	5.1975011231031e-12	2.71460627752403	0.516	0.121
16	ANO2	5.79008587793845e-08	5.21019155757982e-12	4.35078155910233	0.484	0.113
16	ELFN2	2.01862082308336e-07	1.81644994428449e-11	1.81857216188642	0.903	0.577
16	SRRM3	8.49778103661881e-07	7.64670299344805e-11	2.38860375293379	0.806	0.438
16	SYT6	1.43261589300904e-06	1.28913515073251e-10	2.93544286143204	0.452	0.106
16	NRP2	1.53056308338795e-06	1.37727263870058e-10	4.00694860432246	0.871	0.483
16	SPSB1	1.67046730196348e-06	1.5031650337114e-10	3.40660806240337	0.258	0.036
16	QPCT	2.30238463974352e-06	2.07179397079414e-10	2.5644353674714	0.516	0.146
16	POU4F1	3.06434343827391e-06	2.75744032959049e-10	3.20163052712419	0.129	0.009
16	MCAM	7.262384562547e-06	6.53503515031675e-10	2.83916298885361	0.548	0.173
16	MCTP1	1.21215981826536e-05	1.09075840750955e-09	2.49897988955741	0.677	0.302
16	CBARP	1.7729056959512e-05	1.59534391789004e-09	2.07808892790052	0.677	0.287
16	ZIC5	1.80353069548842e-05	1.62290173264502e-09	2.74601003941715	0.323	0.06
16	PTPRN2	2.40255773445672e-05	2.16193443215758e-09	1.75153206933878	1	0.817
16	DOCK9	2.44510851613448e-05	2.20022362650453e-09	1.38583477593883	0.677	0.246
16	PTCHD4	2.46922193422453e-05	2.22192201405969e-09	2.6424409146509	0.677	0.31
16	OPCML	2.66002932467859e-05	2.39361947689966e-09	1.84974727282948	0.871	0.489
16	STRBP	3.10513379217047e-05	2.79414540823402e-09	1.30306459273518	0.806	0.408
16	OTX1	3.22503644177884e-05	2.90203945089431e-09	4.57113308198879	0.161	0.016
16	ZIC2	3.70222451159525e-05	3.33143571636395e-09	2.4758340440894	0.452	0.119
16	IRX1	4.59397433491558e-05	4.13387414281974e-09	3.33559017674913	0.323	0.064
16	GNG2	0.000116344013062328	1.0469181414769e-08	3.44316428627347	0.484	0.158
16	COL8A1	0.00014120589898126	1.27063708252731e-08	3.25739284771079	0.258	0.044
16	LPCAT1	0.000338374688141905	3.04485456800059e-08	3.00884384899269	0.452	0.142
16	TAC1	0.000342024067959409	3.07769340375604e-08	2.78914974669284	0.387	0.098
16	NRN1	0.000361522712808231	3.25315137953956e-08	2.08311410974243	0.645	0.283
16	CAPN1	0.000421028856396786	3.78861564291178e-08	3.10149457280951	0.258	0.046
16	CELF2	0.00044853216665358	4.03610336231062e-08	1.01914812320076	0.968	0.856
16	NLGN3	0.000715849619913685	6.44155151546554e-08	1.35405790416643	0.839	0.528
16	TCF7L1	0.000832370986880346	7.49006557077608e-08	2.21997500272596	0.29	0.057
16	MICAL2	0.000871681133832173	7.84379675904052e-08	3.86960928240938	0.226	0.038
16	PLCL1	0.00149501245502247	1.34528251149327e-07	0.692822282320432	0.677	0.271
16	SAMD11	0.00162311955748552	1.46055930665484e-07	2.56274621529585	0.419	0.125
16	MAP3K13	0.00242044940090279	2.17803419499936e-07	3.15445785204646	0.355	0.095
16	OLFM2	0.00334679962884194	3.01160769264999e-07	2.7758213073963	0.645	0.32
16	THSD7B	0.0043991671004498	3.95857743224134e-07	2.28751779895996	0.581	0.239
16	DACH2	0.00507838853169587	4.56977281714737e-07	1.73873038734793	0.452	0.143
16	SLC4A7	0.00520500904853957	4.68371191266046e-07	1.5291101358154	0.677	0.388
16	NTNG1	0.00713161160673402	6.41735949494647e-07	1.81306341329728	0.71	0.338
16	NRXN1	0.00936120859346689	8.42365571264905e-07	1.21754393330885	0.935	0.606
16	RAPGEF6	0.0105059342975065	9.45373373302124e-07	2.19883635931475	0.516	0.21
16	ZBTB2	0.0108560090611231	9.76874746794125e-07	4.00029198465116	0.161	0.023
16	NRG3	0.0113516537560868	1.02147518726598e-06	0.98755270804763	0.935	0.764
16	GAS2L3	0.0130620009564313	1.17538027143267e-06	3.39174857846908	0.161	0.023
16	GSG1L	0.0146057454812209	1.31429366338711e-06	3.71194651340478	0.258	0.058
16	KCNH5	0.0148803190376307	1.33900108320262e-06	2.31431352268848	0.581	0.271
16	ZFYVE28	0.0165270230773179	1.48717925648501e-06	3.20227390040977	0.29	0.073
16	LUZP2	0.018238159742849	1.64115538044174e-06	1.09724225443784	0.968	0.699
16	FERMT2	0.0187684657955491	1.68887481288123e-06	2.46718805778395	0.194	0.033
16	C3orf70	0.0208615011745375	1.87721597899194e-06	2.21159800267647	0.323	0.086
16	SLC17A6	0.0261072706476222	2.34925498493856e-06	0.933874465286017	0.968	0.47
16	TACR3	0.0435096210832515	3.91520031343935e-06	3.5656209474632	0.194	0.036
16	EFR3B	0.0466445064069807	4.19729203698198e-06	1.55755413745646	0.581	0.268
16	CLSTN2	0.0478604284972722	4.3067064246623e-06	0.784597826849684	0.903	0.598
6_1	TRHR	1.24738475515585e-38	1.12245546221169e-42	5.9189466701354	0.692	0.055
6_1	HMX3	2.50153545281876e-27	2.25099923766648e-31	3.23217998511029	0.385	0.02
6_1	HMX2	6.89106551402945e-25	6.20090480880901e-29	5.37255299410138	0.231	0.007
6_1	PRLH	6.12414523148645e-24	5.51079387337933e-28	7.66592023889482	0.154	0.002
6_1	PRDM13	1.66764377879331e-21	1.50062429478386e-25	7.81161486737279	0.115	0.001
6_1	ECEL1	3.71066958004994e-21	3.33903498609731e-25	3.04603579283923	0.692	0.094
6_1	GALR1	2.63207206373297e-14	2.36846221878248e-18	2.80071548059533	0.692	0.126
6_1	RET	4.82945607257723e-14	4.34577168413321e-18	4.01331632303653	0.346	0.031
6_1	NPTX2	6.37485523769442e-14	5.73639452685541e-18	3.53342560372788	0.577	0.092
6_1	IKZF2	1.6505061274919e-11	1.48520303022757e-15	3.21173921470341	0.346	0.036
6_1	INSM1	1.90963564067949e-10	1.71837995201969e-14	3.58633872292668	0.423	0.059
6_1	SOX2	1.50372398976061e-09	1.35312156011933e-13	2.48094723005225	0.423	0.059
6_1	PRDX1	9.11198029053747e-09	8.19938836546159e-13	3.82218048836036	0.269	0.027
6_1	EGR2	1.51632616148666e-08	1.36446158686823e-12	3.58019816383984	0.192	0.014
6_1	ADRB3	1.01461325957791e-07	9.12996724177008e-12	3.4654129598274	0.154	0.009
6_1	DGKA	1.07696532263185e-07	9.69104042681411e-12	3.47064400278093	0.115	0.005
6_1	NPR2	2.73574287115463e-05	2.46175008652445e-09	3.05948264768099	0.346	0.062
6_1	FOXD2	3.79757343786768e-05	3.41723516410301e-09	2.82658825270789	0.115	0.007
6_1	RORB	6.53946579432492e-05	5.88451884668849e-09	3.42158502463528	0.231	0.029
6_1	SOX13	8.28279021130041e-05	7.45324413866679e-09	2.42835871914572	0.308	0.05
6_1	IER2	0.000302934638406391	2.72594833444066e-08	3.80182415227198	0.154	0.014
6_1	SCG2	0.000350519928032961	3.1541431479615e-08	2.57213023013158	1	0.681
6_1	PRKD1	0.000460915511585555	4.14753452340101e-08	1.96929555499861	0.577	0.189
6_1	VWC2	0.000655087261062403	5.89478323641143e-08	2.73829003812386	0.423	0.104
6_1	SLC18A2	0.00134796565813005	1.21296288862598e-07	2.86557459341914	0.269	0.046
6_1	HTR7	0.0014755495888509	1.32776890925124e-07	2.70122852737002	0.423	0.113
6_1	GRID1	0.00166880903593289	1.50167284795545e-07	1.39988085123063	1	0.741
6_1	SOX5	0.00214314512993971	1.92850277147459e-07	1.70088451738277	0.692	0.249
6_1	CALY	0.00222562952334649	2.00272610757355e-07	1.85456629357968	0.615	0.219
6_1	EYA2	0.00305612682822948	2.75004663747816e-07	3.83747059472034	0.115	0.009
6_1	DLK1	0.00382853512031887	3.44509594197685e-07	2.69092631022318	0.423	0.12
6_1	OPRL1	0.00464909677713748	4.18347590851929e-07	1.69417522760888	0.692	0.28
6_1	SORCS3	0.00562873537776415	5.06500078985346e-07	1.54049702503966	0.846	0.432
6_1	PHKA1	0.00843433846479901	7.58961438387385e-07	4.42585111883103	0.154	0.018
6_1	CA10	0.0117883235076364	1.06076878499383e-06	2.12795582369059	0.923	0.634
6_1	ATOH1	0.0134546517035351	1.21071283213669e-06	2.85398008372527	0.192	0.028
6_1	GPRIN1	0.0154536827325635	1.3905950447731e-06	2.90252042148802	0.346	0.087
6_1	CACNA2D1	0.0165615838399721	1.49028919643409e-06	1.47089619869752	0.692	0.294
6_1	EGR4	0.0170977496530036	1.53853591766432e-06	0.765150507109315	0.423	0.12
6_1	PTPRN	0.0208815536310379	1.87902039332654e-06	2.66655748031932	0.808	0.461
6_1	TMEM132E	0.0244693933727879	2.20187108546639e-06	1.00492331714665	0.962	0.669
6_1	NPY	0.0252570001939321	2.27274365103321e-06	2.00093709816353	0.308	0.072
6_1	TRABD	0.0266361602291832	2.39684695664386e-06	4.81036083742015	0.115	0.011
6_1	GAL	0.0287952230462852	2.59112958213671e-06	5.7057417045224	0.192	0.031
6_1	TEAD1	0.028898228311304	2.60039848027571e-06	2.4221630824433	0.385	0.105
6_1	NTSR1	0.0293234984477581	2.63866628702943e-06	1.87140311396838	0.385	0.102
6_1	FOS	0.03002484235969	2.70177651036534e-06	2.66400578497024	0.231	0.042
6_1	KCNK1	0.0313047280084412	2.81694663983094e-06	1.75306316250568	0.538	0.193
6_1	CPNE7	0.0329922166759339	2.96879480571708e-06	2.08596231205939	0.538	0.207
6_1	SCG3	0.0430340526063438	3.87240642547861e-06	1.86224438557827	0.615	0.286
6_1	ZBED4	0.0452943663019493	4.07580008116164e-06	2.54781005506057	0.154	0.02
11	CMKLR1	5.21468204367764e-169	4.69241612856802e-173	10.6113493345893	0.568	0.003
11	RNF17	1.52888749856085e-132	1.37576486867709e-136	13.8968077690918	0.386	0
11	HCK	3.35561318381749e-129	3.01953854388328e-133	6.60684132712462	0.636	0.012
11	UNC93B1	6.76928541077355e-123	6.09132134506753e-127	7.30533902915436	0.614	0.012
11	CD53	3.31551829779778e-116	2.98345927994041e-120	6.75395661816235	0.523	0.008
11	MLKL	3.25242055906366e-113	2.92668096739284e-117	7.62561907039871	0.477	0.006
11	ITGB2	8.42475232706653e-110	7.58098832634439e-114	8.49389951518544	0.477	0.006
11	MRC1	1.39211012329014e-106	1.2526861543149e-110	9.46528253052673	0.5	0.008
11	MYO1G	1.90508845081101e-99	1.71428817673986e-103	7.28044548280402	0.409	0.004
11	MARCO	4.31993066381615e-95	3.88727676038527e-99	6.58574098923555	0.409	0.005
11	SLCO2B1	1.29311057133808e-91	1.16360170191495e-95	7.55196774545967	0.409	0.006
11	PSTPIP2	1.29446588367549e-90	1.16482127569107e-94	7.94003758394121	0.341	0.003
11	CSF3R	5.78114809506603e-86	5.20214892024299e-90	8.60855490239371	0.341	0.003
11	GCH1	1.25100483764426e-85	1.12571298267278e-89	6.87920877809167	0.614	0.024
11	DAPP1	1.25255453518103e-83	1.12710747339245e-87	7.57027799738398	0.5	0.014
11	ENTPD1	4.5419071858067e-82	4.08702167354152e-86	6.80057398284772	0.568	0.021
11	P2RY6	7.47660978957777e-82	6.72780508375575e-86	6.81173096711989	0.568	0.021
11	P2RY12	1.25153621704819e-81	1.12619114284909e-85	8.73329811452916	0.341	0.004
11	TLR2	4.26355856449598e-81	3.83655049446233e-85	8.55992328859481	0.364	0.005
11	CSF1R	5.44188619018534e-81	4.8968651040991e-85	7.78095049466735	0.364	0.005
11	CYBB	2.27156806586933e-76	2.04406376844176e-80	7.32344686134348	0.409	0.009
11	MMP14	7.23969590161266e-75	6.51461882625093e-79	8.23264653500447	0.523	0.019
11	CD68	8.0565720642921e-75	7.24968241185288e-79	6.12279129329607	0.705	0.042
11	RGS13	4.97078197007447e-74	4.47294337269366e-78	6.43111960782502	0.364	0.006
11	B3GNT2	1.66620171724907e-68	1.49932665999197e-72	5.58798209146344	0.545	0.024
11	MYO1F	2.99576335154148e-68	2.69572874250111e-72	6.39420530898517	0.364	0.008
11	ARHGAP15	9.36830971544368e-67	8.43004563614116e-71	6.90829303414651	0.318	0.005
11	BPIFC	2.24435114727437e-63	2.01957270518706e-67	6.54197063291627	0.409	0.013
11	RAC2	6.15035101571891e-63	5.53437507038506e-67	5.50158137630237	0.295	0.004
11	RBM34	6.61762692129211e-61	5.95485190433916e-65	7.16239957550785	0.523	0.026
11	SEMA7A	4.36005517350505e-59	3.92338268109876e-63	6.78560984203422	0.364	0.01
11	CEBPB	8.87546941072726e-58	7.98656475364641e-62	8.44125371418662	0.227	0.002
11	TEC	4.2970496377172e-53	3.86668733709817e-57	6.15927503789861	0.273	0.005
11	ARHGAP45	2.11519234561869e-50	1.90334954163474e-54	6.47437996596184	0.364	0.013
11	PLEK	2.81513539299408e-50	2.53319121118877e-54	5.96472635067709	0.273	0.006
11	PLEKHG3	6.42806373911852e-50	5.7842740386201e-54	5.44156752181223	0.432	0.021
11	FPR1	2.43795181223432e-49	2.19378368778396e-53	8.96193926963365	0.227	0.003
11	CARD11	5.01877575660257e-49	4.51613043876772e-53	5.16030581831231	0.295	0.008
11	RBM47	3.95194893187938e-48	3.55614949327758e-52	7.11412436414332	0.341	0.012
11	C4B	5.06180941783358e-46	4.55485415084458e-50	8.04856730782931	0.205	0.003
11	TNFAIP8L2	3.16876693912938e-40	2.85140550628037e-44	6.47131465957017	0.227	0.005
11	SH2B3	3.78007140772082e-40	3.4014860143263e-44	4.17593686387834	0.5	0.038
11	CH25H	6.91080731044434e-39	6.21866940560096e-43	7.38518425252684	0.182	0.003
11	ZNRF2	1.82756815634911e-38	1.64453177031324e-42	4.95739809777125	0.75	0.112
11	TLR8	5.49925618502271e-38	4.94848932333547e-42	9.8091231171863	0.136	0.001
11	SKAP2	6.18443835004147e-38	5.56504845679967e-42	8.71148576474812	0.136	0.001
11	GPR34	2.24992632875042e-37	2.02458951565771e-41	5.93906089778577	0.295	0.012
11	CEBPA	1.15112126239869e-35	1.03583304454125e-39	9.17644636147512	0.159	0.002
11	RUBCNL	1.46815348119034e-35	1.32111354376887e-39	7.79575864549934	0.182	0.003
11	PPARG	1.85112298071126e-35	1.66572750896361e-39	4.92990463363033	0.341	0.018
11	QSOX1	9.04195089272232e-35	8.13637262010467e-39	4.11098230225061	0.477	0.04
11	ARHGEF2	1.31451959804842e-34	1.18286655092992e-38	4.50909454256625	0.795	0.142
11	MYADM	5.16803320145314e-32	4.6504393066257e-36	7.71720401779821	0.159	0.003
11	CCDC69	8.25017280099084e-32	7.42389345900373e-36	5.45143439446404	0.227	0.008
11	MFNG	3.09894592558559e-30	2.7885772748903e-34	5.10093910812383	0.295	0.016
11	CYTH4	3.10106924652816e-30	2.79048793892573e-34	5.1512640281026	0.227	0.008
11	NCF1	3.46658079571154e-30	3.11939241942908e-34	8.23942026161582	0.114	0.001
11	CARD9	4.53342897458075e-30	4.07939258038401e-34	6.2145841642972	0.273	0.013
11	DOCK2	3.36896360208406e-29	3.03155187805638e-33	4.27776166471907	0.364	0.026
11	EDNRB	6.04207835716105e-29	5.43694624058405e-33	7.68122126686636	0.159	0.003
11	CTSK	1.49844730585854e-28	1.34837335180288e-32	8.86913378809098	0.136	0.002
11	VAV1	3.56673281157218e-27	3.20951391304974e-31	5.26125195201864	0.227	0.009
11	ITM2B	1.39968428974083e-26	1.25950174547002e-30	3.45349622990095	0.795	0.169
11	MAP3K11	1.16558855127082e-25	1.0488513914072e-29	4.02768540526927	0.545	0.076
11	IKBKB	3.51608334244171e-25	3.16393713888393e-29	6.33931321617737	0.136	0.003
11	CMTM6	1.96189289472414e-24	1.76540348665899e-28	4.84143854239421	0.432	0.049
11	CCDC88B	4.21121991826762e-24	3.78945371930858e-28	5.320991200611	0.182	0.006
11	ME1	4.30895957961562e-24	3.87740446289536e-28	6.53931216479273	0.159	0.004
11	ALDH1A2	4.50748831146183e-24	4.05604995182384e-28	6.31258887030514	0.159	0.004
11	LYN	5.04439356117501e-24	4.53918254402503e-28	6.29702151277121	0.159	0.004
11	TPD52L1	7.07966137314536e-24	6.37061223175142e-28	6.11221458711734	0.227	0.011
11	GPR157	1.12902578156782e-22	1.01595049182743e-26	5.93723644493221	0.182	0.007
11	CIITA	1.46509688716166e-22	1.31836307672245e-26	7.21559101128133	0.136	0.003
11	CTSS	1.74087557423727e-22	1.56652170812316e-26	7.03682396384201	0.136	0.003
11	NFKBIE	3.93298740400131e-21	3.53908701880798e-25	4.68357036561032	0.182	0.008
11	EXOC3L2	3.28852186568263e-20	2.95916662078883e-24	6.80828982486448	0.136	0.004
11	INPP5D	3.59799937472699e-20	3.23764903691801e-24	5.31977358103666	0.136	0.004
11	GMIP	5.58017734474176e-20	5.02130598824958e-24	5.46727303879599	0.182	0.008
11	SLC12A7	4.14278126611093e-19	3.72786940170155e-23	4.60770282988855	0.318	0.031
11	SLC2A7	5.72146167346529e-19	5.14844027127265e-23	6.76963461712938	0.159	0.006
11	DAB2	9.54810041761932e-19	8.59182976479737e-23	6.78313186401881	0.114	0.003
11	FAM110A	9.62894575915276e-18	8.66457820494264e-22	4.8102658963953	0.364	0.045
11	SEPTIN9	5.31716344009098e-17	4.78463370835146e-21	3.93945995796387	0.455	0.071
11	CYFIP1	6.0332931950661e-17	5.42904093859993e-21	4.19079370920558	0.273	0.025
11	NCF4	1.15652952383527e-16	1.04069965251082e-20	6.25624188822648	0.136	0.005
11	RHOG	1.81712929047777e-16	1.63513838790405e-20	7.13742590217085	0.114	0.003
11	GPAT3	1.9884941036742e-16	1.78934050542086e-20	6.10112485782791	0.114	0.003
11	DPYD	2.01267652637229e-16	1.81110098656734e-20	4.27711811297492	0.318	0.036
11	SALL3	2.29416950557012e-16	2.06440160673997e-20	3.51278174761156	0.455	0.073
11	LEPR	2.38057803336479e-16	2.14215606349751e-20	4.95478176670336	0.114	0.003
11	RRAS	3.321472735511e-16	2.98881736300819e-20	4.90948115406944	0.227	0.018
11	BMP2K	4.64008452760438e-16	4.17536626257931e-20	3.17938115802401	0.75	0.259
11	HLA-DQA2	6.17210258365253e-15	5.55394815410108e-19	5.06535105574475	0.227	0.019
11	HCLS1	1.54234567164251e-14	1.38787516570009e-18	6.24829577790157	0.114	0.004
11	BTN2A1	1.7797876972331e-14	1.60153666627653e-18	5.57407539847525	0.182	0.012
11	SH3D21	2.73568382473854e-14	2.46169695378255e-18	4.12394224167017	0.182	0.012
11	ARHGAP17	3.59655894482917e-14	3.23635287035829e-18	4.97504753149027	0.523	0.119
11	PLCB3	4.01266958747339e-14	3.61078879463097e-18	3.98812912030091	0.364	0.054
11	GNS	4.21248118878584e-14	3.79058866983339e-18	4.474017692395	0.591	0.164
11	TMEM26	4.65093557923029e-14	4.18513054911392e-18	6.77818963664335	0.136	0.006
11	PIEZO1	5.40477631366019e-14	4.86347189207251e-18	5.1070832431369	0.136	0.006
11	PREX1	6.71054229159072e-14	6.03846152397257e-18	2.50384458592114	0.614	0.149
11	RIN2	1.3915983644685e-13	1.25222564966121e-17	2.7726479920018	0.455	0.088
11	PLXND1	1.49401501344171e-13	1.3443849666532e-17	3.66650620986082	0.523	0.122
11	ANO6	4.45495815000713e-13	4.00878084226324e-17	4.72324413095096	0.182	0.013
11	WASF2	7.60037276543538e-13	6.83917282951083e-17	5.77549903875423	0.159	0.01
11	PTGER4	1.15248068641549e-12	1.03705631819985e-16	4.42629965190959	0.227	0.022
11	PMEPA1	1.28342048821211e-12	1.1548821094323e-16	3.49719767793606	0.636	0.197
11	CTSB	2.17214067380443e-12	1.95459432538867e-16	3.57824551286884	0.5	0.118
11	FAR1	3.33419128356185e-12	3.00026211064686e-16	4.22082912822568	0.432	0.089
11	PSAP	5.28579962885071e-12	4.7564110760827e-16	2.49787366716486	0.841	0.477
11	STAB1	1.12357107366511e-11	1.01104208914344e-15	4.77059690114273	0.227	0.024
11	ZBTB7B	1.15191437346155e-11	1.03654672317245e-15	6.74376760256525	0.114	0.005
11	SPTLC3	1.23372996697514e-11	1.11016824167654e-15	5.7118697117942	0.114	0.005
11	ELMO1	2.20237630473469e-11	1.98180176796067e-15	3.02663989291812	0.795	0.394
11	CD63	3.65031031680542e-11	3.28472088257484e-15	3.76210645209567	0.25	0.03
11	TAGAP	4.37922528066824e-11	3.94063284501777e-15	5.71347861290768	0.136	0.008
11	PRCP	8.47678512031893e-11	7.62780988060733e-15	4.58420398463897	0.182	0.016
11	WDFY4	1.56722540099442e-10	1.41026311616523e-14	6.61886893608419	0.114	0.006
11	ITGAX	2.54359561124984e-10	2.28884694614401e-14	4.23077576409873	0.182	0.016
11	WIPF1	5.5667160639727e-10	5.00919289478332e-14	3.29685032487964	0.25	0.032
11	PTPN6	5.65475092679606e-10	5.08841080427973e-14	4.75757210563661	0.182	0.017
11	MAP3K3	7.53082122183679e-10	6.77658707984954e-14	4.00440476319513	0.182	0.017
11	ARHGAP42	1.09389949382824e-09	9.84342206270346e-14	3.44009228055834	0.182	0.017
11	ITGB5	1.12700603724057e-09	1.01413303090126e-13	2.81755922310012	0.682	0.26
11	IL31RA	1.74826326473972e-09	1.57316949945084e-13	5.78127890660913	0.114	0.006
11	INPPL1	1.7653604774251e-09	1.58855437543877e-13	4.57263871333221	0.205	0.023
11	GAB1	2.45406016813151e-09	2.20827874393189e-13	2.35679533191327	0.545	0.156
11	SMPD4	2.92523957739356e-09	2.63226813407141e-13	4.02826476835708	0.341	0.066
11	GNAI2	3.25348772875951e-09	2.92764125686989e-13	4.49906874257933	0.727	0.351
11	FRMD4B	1.1109325325646e-08	9.99669335521102e-13	2.7560563554198	0.545	0.175
11	RAB27A	1.14178642027991e-08	1.02743311462244e-12	5.51964011096727	0.114	0.007
11	ARPC1B	1.54685705675017e-08	1.39193472217238e-12	4.27563155673244	0.159	0.015
11	TFEB	2.45313236924425e-08	2.20744386686246e-12	4.08632019779882	0.227	0.031
11	ADGRL1	5.75643700618669e-08	5.17991272040555e-12	2.51546496785074	0.841	0.522
11	CD302	6.71245444027551e-08	6.04018216527986e-12	3.11372313279533	0.205	0.025
11	PLEKHO1	8.06704389134168e-08	7.25910545428028e-12	4.88428669259537	0.114	0.008
11	STK10	8.31730990512867e-08	7.48430658249678e-12	3.74822669255828	0.205	0.026
11	IQGAP1	8.61512632531723e-08	7.75229580249909e-12	3.578804797592	0.25	0.038
11	CT55	1.18884775263372e-07	1.06978111458087e-11	4.21162559032869	0.227	0.033
11	ANTXR2	1.79362091753943e-07	1.61398444842926e-11	3.38474059269574	0.409	0.104
11	ETV6	1.81859950845982e-07	1.63646135918278e-11	2.91467980816995	0.409	0.105
11	PLD1	2.03167544566949e-07	1.82819710759425e-11	3.26345472935432	0.409	0.107
11	JAK2	2.4058311184436e-07	2.16487997700315e-11	3.90635090965868	0.182	0.021
11	ALK	4.36043181116953e-07	3.92372159738102e-11	2.47464050907568	0.818	0.486
11	TGFBR2	4.5097243239897e-07	4.05806202104715e-11	4.43148788460002	0.205	0.028
11	PIK3R5	5.48815596003045e-07	4.9385008188882e-11	3.78109312436186	0.159	0.017
11	SLC43A2	6.17960255863392e-07	5.5606969842832e-11	3.33070258790066	0.455	0.139
11	RXRG	1.66853788083302e-06	1.50142884984524e-10	3.55237719600315	0.409	0.118
11	SH3BP2	1.68554398189478e-06	1.51673173930962e-10	3.91877855498567	0.114	0.009
11	SLC9A1	3.83761236091694e-06	3.45326406993336e-10	3.90362289803966	0.386	0.111
11	DOCK4	4.65447376634649e-06	4.18831437626788e-10	2.17697925973401	0.773	0.489
11	ELK3	5.38997470036687e-06	4.85015270437044e-10	5.23762016411117	0.114	0.009
11	SNAP23	7.26689327325545e-06	6.53909230023887e-10	3.10805756948566	0.182	0.025
11	EHD4	8.97748095140921e-06	8.07835953514731e-10	4.06535701906502	0.318	0.078
11	ITGB3	1.24480432030387e-05	1.12013346558434e-09	4.50950464349987	0.136	0.015
11	NFKB1	1.37494196433002e-05	1.23723743753264e-09	3.6529395743	0.273	0.057
11	TENT5A	1.40283654528421e-05	1.26233829324594e-09	3.75801055656517	0.159	0.02
11	WDFY3	1.46653189679862e-05	1.31965436587656e-09	1.73788314687382	0.818	0.646
11	LPIN2	1.6500950000377e-05	1.4848330784106e-09	4.07511585144615	0.523	0.214
11	SLC6A6	3.33662518347949e-05	3.00245224824934e-09	2.90884025788662	0.818	0.695
11	C20orf173	3.61916503163819e-05	3.25669489034301e-09	2.83473356133638	0.25	0.049
11	ARHGAP27	3.70979277028089e-05	3.33824599143426e-09	2.30114479481373	0.273	0.057
11	MEF2C	4.23514361677526e-05	3.81098138826173e-09	2.37367322025849	0.432	0.14
11	LMO2	5.55849637111565e-05	5.00179642861122e-09	4.87761001376781	0.136	0.016
11	DOCK8	6.23859884544071e-05	5.61378461751166e-09	2.97904862116433	0.273	0.061
11	ECM1	6.88355332460074e-05	6.19414498749279e-09	3.69588629023448	0.136	0.016
11	RAB11FIP4	8.63330639526785e-05	7.76865508437672e-09	2.4076476527899	0.591	0.284
11	AGTRAP	0.000136048646883807	1.22422970290477e-08	4.01596036645224	0.114	0.011
11	TGFBI	0.000139253962076359	1.25307263633905e-08	3.80470311946558	0.114	0.011
11	NPC2	0.000244260414831046	2.19797007856606e-08	2.8215368967763	0.273	0.063
11	LRRK2	0.000253115965167885	2.27765648490854e-08	4.36123467712545	0.136	0.017
11	RUNX1	0.000306203154733654	2.75535998140605e-08	4.77135958307093	0.114	0.012
11	ADRB2	0.00033940069644209	3.05408707317637e-08	4.71465187809381	0.227	0.046
11	ARHGAP20	0.000380678749566928	3.42552640661323e-08	2.71585237760644	0.364	0.113
11	RAB32	0.000388114721871563	3.49243878225109e-08	4.66710435968735	0.159	0.024
11	MAFB	0.0004025086893469	3.62196247050211e-08	4.26931790862684	0.136	0.018
11	CREB3L2	0.000414677873172979	3.73146650925024e-08	3.8146860697892	0.136	0.018
11	RASAL2	0.00086708468477635	7.80243574890983e-08	2.6297733135921	0.341	0.101
11	BCAM	0.000889814492806363	8.00696925048469e-08	2.98513814177825	0.318	0.088
11	PPT2	0.0012340803898358	1.11048356864555e-07	4.01699051233807	0.159	0.025
11	HS6ST1	0.0013194572433074	1.18730967633169e-07	3.23824509796969	0.523	0.257
11	ACP7	0.00133676876235386	1.20288739526128e-07	4.8181016716767	0.159	0.026
11	VMP1	0.00152107844069419	1.36873791117987e-07	1.98045862147573	0.432	0.157
11	MAP3K21	0.00271683548295628	2.44473632948464e-07	3.54352813614397	0.136	0.02
11	CDK6	0.00333294305702408	2.99913889770907e-07	2.60368369459657	0.136	0.02
11	CCND2	0.00398432913602929	3.58528672368333e-07	2.57067334758572	0.318	0.098
11	TRIP10	0.0045097650065471	4.05809862912544e-07	2.60605191805424	0.205	0.043
11	PRKD3	0.00497867122722686	4.48004249727964e-07	2.7924154994813	0.25	0.064
11	IGF2	0.00860127546230405	7.73983214460906e-07	3.01371794203668	0.182	0.036
11	CDH3	0.00976000932846254	8.78251536800373e-07	3.75151137623418	0.114	0.015
11	SPECC1	0.0101799401939221	9.16038890841547e-07	2.75044695607642	0.455	0.211
11	HLTF	0.0127225089419013	1.14483118346993e-06	3.1627733473116	0.273	0.08
11	DAPK1	0.0132620469406291	1.19338134982714e-06	2.20065084799257	0.523	0.265
11	THRB	0.0144545544226412	1.30068878094495e-06	1.3783211921852	0.75	0.557
11	AFAP1L2	0.0159603255955923	1.43618515212744e-06	3.36560032188707	0.136	0.022
11	CAP1	0.0225732133759476	2.03124389237358e-06	2.80242682288198	0.455	0.231
11	TPM4	0.0329242941255976	2.9626828152252e-06	3.17108140681041	0.159	0.032
11	PHKB	0.0343454706436225	3.09056696154256e-06	1.95596207174443	0.682	0.487
11	PAK2	0.0463923465675544	4.17460150882339e-06	3.86901059971258	0.159	0.032
11	RASGRP2	0.0471482133493382	4.24261795638785e-06	1.70380858901168	0.386	0.153
22	ABI3BP	6.41884472397073e-125	5.77597833525666e-129	6.6492001556014	0.571	0.006
22	WNT1	3.39500073857594e-109	3.0549813178943e-113	5.97728801797802	0.429	0.002
22	EBF4	1.38920478418087e-80	1.25007179355788e-84	5.32124296871676	1	0.059
22	PRG4	3.07707800439992e-65	2.76889949104645e-69	6.68511141592926	0.25	0.001
22	PPL	1.11751496680728e-47	1.00559251939826e-51	5.79943150406815	0.25	0.003
22	SEMA3B	6.44094945278962e-42	5.795869209745e-46	3.38782912523263	0.714	0.052
22	IRX2	6.06914164684172e-40	5.46129906131712e-44	3.14370874890622	0.571	0.032
22	IGF1	6.4175820490863e-38	5.77484212101709e-42	4.83798104361434	0.536	0.032
22	ESRRG	1.18856560386424e-37	1.06952722384976e-41	3.68188498019121	0.714	0.057
22	IRX1	5.14712594375855e-37	4.63162597296729e-41	3.18399455378663	0.714	0.058
22	FRMPD1	6.27300478567058e-36	5.64474470050444e-40	4.75199355196889	0.286	0.007
22	PLA2G4A	1.60128917755891e-34	1.44091530420131e-38	4.364461651085	0.25	0.006
22	CRISPLD1	1.98884352382082e-34	1.78965493010062e-38	5.15019537518396	0.25	0.006
22	SLIT3	2.50947794369169e-32	2.25814626445756e-36	3.9586438105484	0.857	0.112
22	SPRY3	1.79491590607967e-30	1.6151497400159e-34	6.64759730719401	0.143	0.001
22	MALT1	7.28466520740929e-28	6.55508432233356e-32	4.67559838346073	0.179	0.003
22	SLC41A3	9.10878615382067e-28	8.19651413103633e-32	3.96324662554452	0.464	0.032
22	IL17D	6.38137468283742e-27	5.74226103017855e-31	3.70203492378445	0.321	0.014
22	PCOLCE	3.81131687352496e-26	3.42960215380632e-30	3.57106560993986	0.214	0.006
22	DOC2A	8.04563013883125e-26	7.23983635276816e-30	3.48073140484967	0.821	0.123
22	ZIC2	9.26389879728751e-26	8.33609178195582e-30	3.03167888262908	0.821	0.113
22	WNT10B	1.81311785126922e-25	1.63152870626223e-29	4.76167140280259	0.107	0.001
22	HS3ST3B1	1.16600768151312e-24	1.04922854450924e-28	2.83361934791931	0.893	0.137
22	MBL2	3.16271984275138e-24	2.84596404458866e-28	3.67420213623765	0.429	0.03
22	GABRA6	7.14634476202406e-24	6.4306170809179e-28	2.96901958108509	0.786	0.111
22	GPC3	1.07259499680322e-22	9.65171417981841e-27	2.71577426263746	1	0.207
22	PNPLA2	1.62511220496471e-22	1.46235238456286e-26	4.47702046523008	0.25	0.01
22	EPCIP	4.36918764519911e-22	3.93160050859274e-26	3.34412014028834	0.607	0.071
22	CAPG	6.90144557168038e-22	6.21024527281596e-26	3.77648387157053	0.143	0.002
22	TMEM255B	7.9552612741578e-22	7.15851819864825e-26	5.6190179917951	0.143	0.002
22	EGR4	9.16121206474799e-22	8.24368943106991e-26	2.97341107094146	0.75	0.114
22	NEFL	1.13005295700732e-20	1.01687479259185e-24	3.62424206375234	0.5	0.05
22	CRH	1.19886931671254e-20	1.07879898921312e-24	1.85590595928948	0.393	0.029
22	KCTD17	1.33181134017902e-20	1.19842647366059e-24	2.82211085476166	0.75	0.112
22	F3	1.75759898903023e-20	1.58157022318926e-24	1.77781405602064	0.679	0.086
22	LRP4	2.12338919914079e-20	1.91072545589921e-24	3.0179828214607	0.929	0.207
22	NEUROD1	1.37230645626792e-19	1.23486588344094e-23	3.1112188700793	0.464	0.044
22	KLHL32	4.64171246803062e-19	4.17683115993037e-23	3.13844202549911	0.571	0.069
22	SI	6.12344305358591e-19	5.5101620206838e-23	4.80604120750086	0.143	0.003
22	ARHGEF2	1.42105185173476e-18	1.27872928258324e-22	1.75029484248122	0.857	0.148
22	NFIB	1.99217132842961e-18	1.79264944518097e-22	2.61778014294366	0.964	0.243
22	ADCY8	4.07956622863741e-18	3.67098553823217e-22	3.41922193407316	1	0.395
22	SCN4B	8.35227862627659e-18	7.51577308222496e-22	2.31142360284235	0.786	0.14
22	FNDC1	2.30362116781659e-17	2.07290665690325e-21	3.43577588696538	0.214	0.009
22	ITGA11	2.55316446918029e-17	2.297457454495e-21	3.60743411944025	0.5	0.059
22	CERKL	7.54622531005347e-17	6.79044840281965e-21	1.85130792430784	0.357	0.028
22	PSMB9	3.09454727699566e-16	2.78461916403821e-20	3.70718539473107	0.214	0.01
22	LEF1	4.93056454105077e-16	4.4367538387931e-20	1.69976894677444	0.571	0.072
22	HS3ST5	6.84825158567149e-16	6.16237882270448e-20	2.89143196834521	0.643	0.102
22	CLEC3B	9.3801967346799e-16	8.44074213504895e-20	4.2170667401404	0.179	0.007
22	RIMS4	1.52107895315041e-15	1.36873837231208e-19	2.93793569311141	0.929	0.249
22	POPDC3	2.03476277041842e-15	1.83097522758788e-19	4.07679378848916	0.214	0.011
22	ESRRB	6.6847254409903e-15	6.01523030773895e-19	4.50943905799982	0.321	0.026
22	FOXO1	1.56187477044169e-14	1.4054483671751e-18	2.11630295353044	0.536	0.072
22	NBEA	3.34301366709757e-14	3.00820090623376e-18	3.31243248306339	1	0.535
22	IL1RAPL2	4.38973778269945e-14	3.95009248870642e-18	2.66218655494303	1	0.475
22	GABRB2	7.36317187143566e-14	6.62572831047931e-18	2.25960593335487	0.893	0.245
22	STRBP	1.38160795599443e-13	1.24323581030724e-17	2.82686441333704	0.964	0.406
22	WNT6	1.60704332568231e-13	1.44609315727734e-17	3.95038737527661	0.179	0.008
22	NECAB3	2.68374377405217e-13	2.41495885364183e-17	2.42895699554029	1	0.382
22	PDE10A	2.93318239263277e-13	2.63941545274253e-17	2.42940501208129	0.786	0.184
22	ITSN2	3.01515169727058e-13	2.71317528774461e-17	2.32264310983481	0.25	0.017
22	MAGIX	8.38896895073255e-13	7.54878876156983e-17	2.68822871939318	0.857	0.258
22	ZIC3	8.48627274187067e-13	7.63634728864453e-17	1.78064009197028	0.786	0.162
22	OXR1	1.74101910654959e-12	1.56665086524754e-16	2.28212828442002	1	0.589
22	RBMS3	2.29047117876513e-12	2.06107367836329e-16	3.78268429841893	0.964	0.491
22	THBS3	2.35113131347128e-12	2.11565852017572e-16	2.81545499613387	0.214	0.013
22	GPR142	7.38714031102783e-12	6.64729623956432e-16	3.88889206065914	0.143	0.006
22	BCAN	9.37507185154034e-12	8.43613052419719e-16	0.480955895204086	0.714	0.134
22	GRIN3B	1.17088025447351e-11	1.05361311479664e-15	2.31748091960763	0.714	0.15
22	SYT1	1.21106439274614e-11	1.08977269211387e-15	1.58978696251739	1	0.767
22	MYO9A	1.25192617967912e-11	1.12654204956278e-15	1.95109619097452	0.607	0.109
22	LBH	1.53538849237189e-11	1.38161476862404e-15	2.29897223172275	0.464	0.066
22	NXPH3	2.24618747382484e-11	2.02122511817227e-15	2.59671206918565	0.714	0.165
22	GALNT9	2.69519586173625e-11	2.42526398068591e-15	1.75637415887764	1	0.37
22	SV2B	3.31295663739303e-11	2.98115417744356e-15	2.57115114725908	0.607	0.117
22	MFGE8	3.31704403283119e-11	2.9848322080727e-15	1.8900977723249	0.607	0.108
22	KCNK9	3.68148275179566e-11	3.31277130549416e-15	2.40361816866924	0.714	0.162
22	GRIK3	4.25821176071242e-11	3.83173918897905e-15	2.31978537184901	0.929	0.36
22	KCNB2	4.71584368193972e-11	4.24353791230066e-15	1.90445603698118	0.643	0.123
22	PLCB1	5.20793392186473e-11	4.68634385122354e-15	2.35440456123981	0.821	0.257
22	DUSP2	1.1287334278194e-10	1.01568741817637e-14	3.83576924996116	0.143	0.006
22	KCNH1	1.4990789510341e-10	1.34894173583559e-14	1.99459042350336	0.821	0.227
22	ZIC5	2.1661766724316e-10	1.94922763649024e-14	1.9290313523688	0.429	0.059
22	HIVEP1	2.77126324071453e-10	2.49371298543556e-14	2.21809475655535	0.857	0.273
22	LRRFIP1	3.61414559362685e-10	3.25217816397628e-14	2.26901058140942	0.607	0.121
22	OTX2	5.9571805522348e-10	5.36055120330676e-14	2.90713459328484	0.25	0.022
22	TNFRSF11B	1.03506303941843e-09	9.31398397748971e-14	3.26126504408585	0.143	0.007
22	GJD2	1.44342986547601e-09	1.29886607169622e-13	2.33482547344454	0.607	0.129
22	GSG1L	1.5877094172048e-09	1.42869559723279e-13	2.70528920863561	0.393	0.056
22	HCN4	1.78001591185644e-09	1.60174202452663e-13	2.36455059109239	0.714	0.188
22	CBFA2T3	1.97534693833082e-09	1.77751006778622e-13	2.10494058355514	0.714	0.174
22	COL4A5	2.11890966724983e-09	1.90669456244923e-13	3.29777289006655	0.214	0.017
22	PVALB	2.32262183859473e-09	2.09000435399508e-13	1.60528288235985	0.429	0.063
22	SMCHD1	2.55237719335404e-09	2.2967490266841e-13	2.82458249257044	0.214	0.017
22	LZTS1	2.6460898615677e-09	2.38107609247521e-13	5.49488826376698	0.107	0.004
22	MYOZ2	2.97611038730442e-09	2.67804408108019e-13	4.79188605726714	0.107	0.004
22	TAGLN	5.39564504433582e-09	4.85525514652733e-13	3.26334065733063	0.179	0.012
22	ZIC1	5.68110699260579e-09	5.11212723171582e-13	1.41637334729813	0.714	0.161
22	CBLN2	7.24736405733301e-09	6.52151899337084e-13	1.76194120540045	0.607	0.124
22	ADAMTS2	8.67945108111815e-09	7.81017824270507e-13	2.23218118552174	0.714	0.195
22	SAMD10	9.37144135592531e-09	8.43286363351508e-13	2.14492244779697	0.5	0.091
22	FBXO21	1.15938545875946e-08	1.04326955705882e-12	2.60781536925929	0.321	0.039
22	DYRK4	1.21106358829001e-08	1.08977196822641e-12	2.34409284704847	0.393	0.057
22	TUBA4B	1.2458771072109e-08	1.12109880969216e-12	2.87768952997999	0.286	0.032
22	KCNA2	1.30689789973453e-08	1.17600818836906e-12	2.99284921648994	0.786	0.264
22	NEFH	1.85644803474242e-08	1.67051924299687e-12	2.5610594639396	0.536	0.117
22	HES6	2.15486648769848e-08	1.93905020039457e-12	2.78108500021916	0.179	0.012
22	PLXNB2	2.16827975942348e-08	1.95112009306531e-12	2.23404477244312	0.929	0.48
22	SPRY4	2.33616668014911e-08	2.1021926393855e-12	1.86641480299354	0.536	0.104
22	PHLDB1	3.60570522612004e-08	3.2445831243769e-12	1.19808501048235	0.357	0.048
22	ZNF423	3.79056437120832e-08	3.41092807631452e-12	1.83441909622004	0.821	0.257
22	HOMER2	4.35443081244563e-08	3.91832161652626e-12	2.01237204724284	0.464	0.081
22	SEMA3G	4.44726748774006e-08	4.0018604226942e-12	1.73281236406659	0.714	0.182
22	SIPA1L2	4.5228581307491e-08	4.06988043799973e-12	1.76755048736999	0.786	0.231
22	CLEC4F	1.26921846472952e-07	1.14210246083823e-11	3.27427754284521	0.214	0.02
22	SV2A	1.89896368915101e-07	1.70877682817512e-11	1.52762623231882	0.964	0.517
22	NTNG1	1.90520246524351e-07	1.71439077228787e-11	1.70888015712445	0.893	0.335
22	ANK1	2.29372134619159e-07	2.06399833185602e-11	2.09886597098668	0.964	0.655
22	SLC24A2	2.3978399397339e-07	2.15768913860695e-11	2.14330354872746	0.893	0.408
22	SCG2	2.60947178167617e-07	2.34812542218678e-11	1.89040746428553	1	0.68
22	OGFRL1	2.82996491947589e-07	2.5465355164905e-11	2.7063251336593	0.25	0.027
22	CORO2A	3.38944011178833e-07	3.04997760441675e-11	3.43292777849657	0.321	0.047
22	SLC17A6	3.41007635660759e-07	3.06854706794528e-11	1.73146112490006	1	0.471
22	YJEFN3	3.43015648494426e-07	3.08661611171085e-11	2.2753884326796	0.643	0.18
22	DUSP6	3.86195756764223e-07	3.47517103180260e-11	3.03976415892499	0.25	0.028
22	CHRM2	3.9700734246064e-07	3.57245876415585e-11	0.970976178631172	1	0.421
22	KIAA0513	4.77846408832875e-07	4.29988669875709e-11	1.88272206376789	0.714	0.209
22	CEP112	5.24338037263016e-07	4.71824023452728e-11	1.24575919667312	0.679	0.171
22	CPLX3	5.49738137271893e-07	4.9468022790596e-11	1.53200807489802	0.321	0.044
22	MID1	5.58901773184296e-07	5.02926098429133e-11	2.04447866407422	0.286	0.036
22	FLRT2	5.83257646087548e-07	5.24842658226895e-11	1.50161616160493	0.821	0.248
22	HS6ST3	6.54754722807115e-07	5.8917909008109e-11	2.16789649452991	0.75	0.263
22	TNFRSF6B	7.58139864614864e-07	6.82209902469958e-11	4.13357799334625	0.107	0.005
22	GABRA1	8.13050481516193e-07	7.31621057784750e-11	1.43445338653982	1	0.565
22	TLN2	8.52435554658578e-07	7.67061598720938e-11	1.75259744044702	0.75	0.223
22	NUGGC	8.70701156577079e-07	7.83497846285503e-11	2.75083509026143	0.143	0.009
22	TJP1	8.88449675041404e-07	7.99468797841631e-11	1.48256316448655	1	0.516
22	NID1	8.97296982854068e-07	8.07430021465012e-11	3.53489900928498	0.179	0.015
22	EFR3B	9.62749292451258e-07	8.6632708760124e-11	1.28298646280238	0.821	0.264
22	PPEF2	1.05750726496592e-06	9.51594767358874e-11	2.68753806288903	0.179	0.015
22	MRPL49	1.05750726496592e-06	9.51594767358874e-11	3.23188231428312	0.179	0.015
22	KLHL8	1.26475005136838e-06	1.13808157236424e-10	1.52842529900986	0.5	0.101
22	RDH11	1.50099398970752e-06	1.35066497769056e-10	1.5752072974369	0.857	0.306
22	VPS36	1.56532862275446e-06	1.40855630590701e-10	2.74779972627298	0.214	0.022
22	PTCHD4	1.72269131378129e-06	1.55015865543174e-10	1.86520231349642	0.821	0.308
22	RARB	1.76372525168822e-06	1.58708292242259e-10	1.76397350915747	0.536	0.119
22	CUX2	1.8736669625007e-06	1.68601364393116e-10	1.385718412524	0.607	0.151
22	OSBPL3	1.98987846310072e-06	1.79058621713374e-10	2.13314080626151	0.5	0.113
22	KLC3	2.09844598122177e-06	1.88828037543577e-10	1.61452070884673	0.929	0.469
22	DLGAP1	2.23896323768153e-06	2.01472441076355e-10	1.95851399845938	1	0.556
22	CKMT1A	2.35792804462314e-06	2.12177453848928e-10	1.79768085902655	0.607	0.155
22	ANO3	3.22194014630808e-06	2.89925325862331e-10	1.63625606115446	0.643	0.168
22	BAIAP2	3.22336187741432e-06	2.90053259913104e-10	1.22735173786661	0.929	0.485
22	COX4I2	4.24167913757666e-06	3.81686235721827e-10	0.956694069593973	0.429	0.077
22	SH3PXD2B	4.84818736406925e-06	4.36262698107554e-10	1.56122078709979	0.393	0.069
22	CDHR1	5.27039690020618e-06	4.74255097651956e-10	2.20210955704435	0.25	0.031
22	KCNK10	5.40892935764819e-06	4.86720899635399e-10	1.44081681175208	0.821	0.328
22	SLC17A7	5.76147085993317e-06	5.18444241872867e-10	2.15867412294815	0.25	0.031
22	NACAD	5.94067235391256e-06	5.34569635014178e-10	1.86084780032264	0.643	0.187
22	NPAS4	5.9687331786847e-06	5.37094679986026e-10	2.00989330040278	0.321	0.049
22	PIP5KL1	7.61874867686957e-06	6.85570833876502e-10	1.37442026914948	0.643	0.172
22	FRMD5	1.06304183854298e-05	9.56575036932403e-10	1.34740354391258	0.786	0.26
22	HYCC2	1.06845083597376e-05	9.61442307184162e-10	1.48959011837743	0.714	0.216
22	AXIN2	1.75499390918558e-05	1.57922604983855e-09	0.408384538630381	0.786	0.245
22	FERMT2	2.00408216869104e-05	1.80336737936745e-09	1.9122643430724	0.25	0.032
22	FAM131B	2.10171672147155e-05	1.89122354132237e-09	1.43579609794624	0.964	0.562
22	STXBP5L	2.63698373730954e-05	2.37288197364307e-09	0.980165759101762	1	0.499
22	FASTKD1	2.72636767533898e-05	2.45331384445153e-09	3.20723636189951	0.143	0.011
22	TANC2	2.82268900155439e-05	2.53998830338737e-09	1.28505142825846	1	0.71
22	ZBTB46	2.84014362849223e-05	2.55569479752743e-09	1.38204236620246	0.643	0.184
22	NCOA3	2.92146755633283e-05	2.62887389213788e-09	1.26563476758875	0.786	0.291
22	SRCIN1	2.97203904381784e-05	2.67438049475195e-09	1.22468382600684	1	0.627
22	ADAMTS5	3.08966567560406e-05	2.78022646954383e-09	2.31183291014285	0.179	0.017
22	CLTC	3.32966191543856e-05	2.99618637221143e-09	1.22670630361104	0.929	0.382
22	LRRC75A	3.3614151541707e-05	3.02475942965059e-09	1.13939141866458	0.607	0.157
22	HSPA12A	3.45818015965551e-05	3.11183313205751e-09	1.90898722747628	0.679	0.223
22	TUBA1B	3.48546421883444e-05	3.13638461156703e-09	2.20594976564397	0.643	0.211
22	MRI1	3.64035213268638e-05	3.2757600402109e-09	2.02987412947662	0.571	0.164
22	SYT10	4.02405774048684e-05	3.62103639025181e-09	0.85996884758449	0.536	0.122
22	EFR3A	4.46396172506866e-05	4.01688268250577e-09	1.35725238484615	0.964	0.504
22	ERBB4	4.54407765496627e-05	4.08897476375981e-09	1.26950472386614	1	0.6
22	ZXDA	5.42658308974932e-05	4.88309465468309e-09	1.55297838184974	0.464	0.106
22	CACNG3	5.47268816299819e-05	4.92458216772985e-09	1.35486511349331	0.786	0.293
22	KCNN4	5.68268547722596e-05	5.11354762640688e-09	2.89449645064523	0.321	0.057
22	DDX21	5.74195767530902e-05	5.16688353757673e-09	2.55786285510096	0.286	0.045
22	PKM	5.98085685049409e-05	5.3818562498822e-09	1.52883809922843	0.857	0.325
22	SYN3	6.52126875205276e-05	5.86814429231779e-09	1.27192907740906	0.857	0.33
22	CAMTA1	6.67874042721038e-05	6.00984471088849e-09	1.36452107316982	0.964	0.486
22	TTC7A	7.47745680808249e-05	6.7285672708382e-09	3.0221374070867	0.143	0.012
22	UBAP1L	8.61430332273419e-05	7.75155522607234e-09	2.60112735063093	0.143	0.012
22	GRIN1	9.30034090123402e-05	8.36888410081348e-09	1.34244833147201	1	0.729
22	CHST8	0.000104711652561729	9.42244691458013e-09	1.01449794581687	0.964	0.395
22	PGAM4	0.000109431093282138	9.84712438424712e-09	0.983471213432604	0.714	0.218
22	ALDOC	0.000124829221618936	1.12327203832391e-08	1.34021335573314	0.964	0.526
22	SPSB4	0.000125499944480426	1.12930751804576e-08	1.91267818466828	0.75	0.279
22	EFNA5	0.000151911851087931	1.36697427416477e-08	1.68742129623302	0.536	0.145
22	RYR1	0.000163588937900708	1.47205019257364e-08	1.29563224962858	0.75	0.263
22	MTCL1	0.000165563416102814	1.48981747595441e-08	1.36402608048609	0.786	0.315
22	ITM2C	0.000171209932751798	1.5406274880932e-08	1.25585783279636	0.893	0.334
22	MID2	0.000173264520562304	1.55911563540272e-08	1.60939102300113	0.714	0.245
22	FLNA	0.000176136715597828	1.58496099701096e-08	0.961315973293491	0.429	0.092
22	SNPH	0.000178170615616709	1.60326298584279e-08	2.0779891045288	0.857	0.433
22	MPC2	0.00018158430855746	1.6339810002471e-08	1.43353702449685	0.5	0.122
22	ADCYAP1	0.000190186383028375	1.71138651154841e-08	0.639429873800197	0.929	0.389
22	ACAP3	0.000205111132887908	1.84568642929819e-08	1.98495927741016	0.857	0.48
22	CNTNAP2	0.000209347201184858	1.88380456388786e-08	1.8323514885242	0.964	0.632
22	SACS	0.000220254295972108	1.98195173195454e-08	1.94675702871619	0.571	0.166
22	PRKAR1B	0.000303735636683182	2.73315609361273e-08	1.45275776987785	0.75	0.295
22	PCCA	0.000307275294857289	2.76500760242318e-08	1.22199204340997	0.429	0.094
22	HTR7	0.000385178646818585	3.46601859820557e-08	1.47806155180671	0.464	0.112
22	LIPG	0.000388146778026497	3.49272723860791e-08	2.6224682666097	0.214	0.029
22	STK17A	0.000414065576874097	3.72595677921441e-08	2.71216151460272	0.143	0.013
22	PPM1E	0.000419872843328159	3.7782132936935e-08	1.452149745396	0.786	0.32
22	GSE1	0.000449326533249716	4.04325144650154e-08	1.14222881433144	0.679	0.212
22	IPO13	0.000487435500806357	4.38617385770141e-08	1.36419421305238	0.643	0.207
22	CPEB3	0.0004931011445346	4.43715598429407e-08	1.40452828916504	0.75	0.283
22	UNC13A	0.000497133897049141	4.47344458786233e-08	1.41727687492998	0.571	0.162
22	NEUROD2	0.000524100192773044	4.71609999795775e-08	0.265818010919783	0.5	0.119
22	DLG1	0.00053385408981584	4.80387015041699e-08	1.08388380371991	0.964	0.653
22	TBC1D1	0.000537726116822731	4.83871247028463e-08	1.4020142675384	0.429	0.1
22	CCDC85A	0.000538515115838438	4.84581225446268e-08	1.36666337729086	0.571	0.166
22	FRMD6	0.000600461572501996	5.40323560246554e-08	1.03754853903206	0.286	0.048
22	SNCB	0.000600957118312858	5.40769475670708e-08	1.18679692065186	0.929	0.424
22	ANO1	0.000603405695357688	5.42972820442444e-08	0.777671746205188	0.429	0.1
22	GNRHR	0.000677623686810259	6.09757659327148e-08	2.13657886046506	0.321	0.062
22	LARP6	0.000689419905660432	6.20372451777586e-08	2.61710772495438	0.25	0.04
22	KHDRBS3	0.000727067281888219	6.54249331313074e-08	1.7753302903474	0.607	0.189
22	MRPL24	0.000770827744028596	6.93627053026722e-08	2.34006409574891	0.214	0.03
22	ABCA4	0.000788097334771978	7.09167042897487e-08	2.52363456703487	0.143	0.014
22	ELAVL2	0.000801893557652637	7.21581533026758e-08	1.33930599911269	0.964	0.469
22	NRN1	0.000830875585380861	7.47660924485612e-08	0.952148287863163	0.821	0.281
22	EPHA5	0.000858468717606348	7.72490522456896e-08	1.17180052659247	0.714	0.237
22	OSBPL8	0.000893359230086487	8.03886646347959e-08	1.16935240699933	0.929	0.474
22	NMBR	0.000908878815770924	8.17851899370938e-08	1.83113219934367	0.429	0.104
22	PFKP	0.00091209268760132	8.20743892379483e-08	1.60181666305067	0.821	0.39
22	TRNAU1AP	0.000949526353393721	8.54428465215262e-08	2.63149579726416	0.143	0.014
22	ADAM15	0.000983215349010415	8.84743407730059e-08	1.49937933092427	0.536	0.151
22	B4GALNT4	0.000998232312619896	8.98256377773685e-08	1.07070791565243	0.929	0.424
22	TMEM125	0.00107554801921133	9.67828686413504e-08	1.07380727829012	0.25	0.04
22	BRSK2	0.00110453188955416	9.93909735943631e-08	1.34068363754807	1	0.653
22	NRP1	0.00113890024259741	1.02483599621831e-07	0.643047100824139	0.929	0.406
22	FLOT1	0.00115715672105493	1.04126403406365e-07	1.08390673198209	0.464	0.119
22	PPP1R1B	0.00127618981645061	1.14837561095168e-07	2.01163177978411	0.357	0.077
22	SAMD11	0.00130687105458284	1.17598403183914e-07	1.83076876108377	0.464	0.125
22	PER2	0.00133947521407072	1.20532278778973e-07	1.60846250649574	0.393	0.089
22	JUN	0.00147683479156535	1.32892539509165e-07	2.24352721437863	0.25	0.041
22	TNIK	0.00149436386869944	1.34469888301938e-07	1.85192513219111	0.929	0.574
22	WAC	0.00150149258191259	1.35111363440348e-07	1.57306069587417	0.357	0.076
22	B3GNT8	0.00151658512847949	1.36469461754656e-07	3.75075311325347	0.107	0.008
22	KCNG4	0.00153964943326267	1.38544896361259e-07	1.15176066325942	0.571	0.16
22	SLC6A17	0.00154764398386693	1.39264283619808e-07	1.17037181434573	0.893	0.444
22	ESRRA	0.00160811487786587	1.44705739032292e-07	1.69914436063527	0.357	0.077
22	HACD4	0.0016246985029291	1.46198011601647e-07	1.87829334099924	0.179	0.022
22	FABP4	0.00162938713129285	1.46619916430564e-07	2.29182998137197	0.143	0.014
22	ALAS1	0.0016705259177156	1.50321777892162e-07	1.85494843711769	0.286	0.052
22	BCAM	0.00167580486758165	1.50796802625902e-07	1.15857560071012	0.393	0.089
22	CLCN2	0.00174327004822266	1.56867636841777e-07	1.31743841634495	0.786	0.385
22	C9orf85	0.00179315017217101	1.61356084960948e-07	2.81890892300117	0.107	0.008
22	HMGCLL1	0.00179451673822095	1.61479055000535e-07	1.5830151474604	0.536	0.156
22	OSBPL10	0.00189972009257972	1.7094574755509e-07	0.895985275716437	0.679	0.219
22	ASH1L	0.00191491877210436	1.72313396212036e-07	1.05744289699426	0.929	0.419
22	RASSF8	0.00194831357238846	1.75318417384006e-07	1.64512970340379	0.429	0.107
22	PLPP5	0.00203850001830711	1.83433817898598e-07	1.86022360697283	0.321	0.064
22	MAP1B	0.00204068076921326	1.83630052120333e-07	1.36036455824517	0.821	0.398
22	MCF2L2	0.00204646008603886	1.84150102226119e-07	1.18592435739338	0.893	0.392
22	LRCH1	0.002328608219579	2.09539118112031e-07	0.94679054438002	0.964	0.451
22	NAB1	0.00235438233247232	2.1185839399553e-07	1.76860171365284	0.429	0.11
22	RPA3	0.00249214163276528	2.24254623662852e-07	3.33607782177149	0.143	0.015
22	BTF3L4	0.00282716319922495	2.54401439685499e-07	1.17687475383687	0.321	0.064
22	ROR1	0.00292203208727657	2.6293818836287e-07	1.88411520779597	0.214	0.032
22	SNAP25	0.00293488328564669	2.64094599626266e-07	1.05158493813043	1	0.843
22	CDK5R1	0.00331477938091337	2.98279436777951e-07	1.0500805376936	0.821	0.336
22	HIVEP3	0.00340918610511429	3.06774597778664e-07	1.21258435837152	0.786	0.311
22	SFXN3	0.00391904494702605	3.52654094036359e-07	1.82676377649639	0.429	0.112
22	PLEKHB2	0.00409981998599239	3.68921082155348e-07	1.93745706768642	0.321	0.068
22	RAD23B	0.00440105557946585	3.9602767744676e-07	1.72017566955769	0.357	0.082
22	HCN3	0.00448657337951072	4.03722971250852e-07	0.865798910623827	0.893	0.426
22	NAP1L1	0.00451268037241715	4.06072201243332e-07	1.14364233036058	0.786	0.326
22	PATJ	0.00453960305869698	4.08494831161431e-07	1.14827336600972	0.607	0.197
22	CACNA1I	0.00455867711069369	4.10211204057742e-07	0.975096206716571	0.857	0.358
22	ENDOG	0.00498544467813285	4.48613756693318e-07	3.16409035454839	0.143	0.016
22	INPP5A	0.00539948311306342	4.85870882125747e-07	1.16758184602778	0.679	0.24
22	EEF1A1	0.00552126592491373	4.96829472231957e-07	1.46409355343261	0.786	0.338
22	CADM2	0.006176488597228	5.55789489537298e-07	1.09196394996319	0.786	0.322
22	NAALADL2	0.0063161739009607	5.68359030051355e-07	2.66130091620926	0.25	0.045
22	NAV2	0.00706355808457337	6.35612173542101e-07	1.42994381636636	0.75	0.387
22	PHACTR1	0.0071465685691078	6.4308184730566e-07	1.30102283709465	0.536	0.165
22	NDUFA10	0.00718599340338263	6.46629479292957e-07	1.83351450012523	0.393	0.1
22	GAPDHS	0.00746383895483112	6.71631328608937e-07	1.27488677770445	0.857	0.468
22	AVPR2	0.00747215889935136	6.72379996342244e-07	2.046908143489	0.214	0.034
22	ENOX1	0.00776584409034562	6.98807170912051e-07	1.19489924490741	0.929	0.556
22	NSF	0.00777231167404305	6.99389154507608e-07	0.991301561345777	0.964	0.528
22	MTX1	0.00795391319432696	7.15730513302165e-07	1.66956692828797	0.25	0.045
22	OPCML	0.00796191287847161	7.1645036250082e-07	0.878250708880834	1	0.488
22	DNM1	0.00824835172058755	7.4222547652187e-07	1.25298319908707	0.893	0.416
22	NDUFC2	0.00824867552653565	7.42254614103811e-07	1.30176407850064	0.464	0.13
22	ATP1B2	0.00862991199549737	7.76560064383818e-07	1.58448690519677	0.786	0.383
22	EFNA2	0.00878368004832415	7.90396836886902e-07	1.05214483833846	0.607	0.204
22	SLIRP	0.00897719542359179	8.07810260378997e-07	2.07529710280972	0.286	0.057
22	XKR5	0.00989836205651413	8.90701165888071e-07	1.24119488690497	0.607	0.21
22	MCU	0.00991890635437731	8.92549838421426e-07	1.53647104185658	0.464	0.134
22	DDX10	0.0100393512259966	9.03388034373849e-07	2.35345942703779	0.143	0.016
22	ARL10	0.0104030546523931	9.36115779032946e-07	1.38119638034175	0.536	0.164
22	CDS2	0.0110020541001523	9.90016566197452e-07	1.11800171562702	0.857	0.356
22	PLPP6	0.0119073833555466	1.0714823499997e-06	1.89277291375474	0.464	0.144
22	TBC1D30	0.0122570005029937	1.10294254503678e-06	1.47704446041491	0.464	0.134
22	MCAM	0.0123724587962764	1.11333202522059e-06	0.508343172925768	0.571	0.173
22	EEF1AKMT4	0.0124389465560747	1.11931490651262e-06	1.60958727224145	0.214	0.035
22	TMEM42	0.0125486132172622	1.12918322840477e-06	3.1912855587387	0.25	0.047
22	RNF121	0.0129220576948725	1.16278751866035e-06	1.80498280953036	0.286	0.059
22	MDH1	0.0129849314139779	1.16844519157544e-06	0.974810281787732	0.821	0.331
22	ATP13A5	0.0133533738092167	1.20159937093644e-06	0.986868421809753	1	0.758
22	TAX1BP1	0.0144415746487077	1.29952079984771e-06	1.19533198682046	0.5	0.147
22	SLC29A1	0.0145923728793683	1.31309033378641e-06	2.13725867724343	0.357	0.09
22	LPIN1	0.0146717332203657	1.32023155046933e-06	1.68938206254632	0.536	0.172
22	CACNB2	0.0168618869643521	1.51731188377145e-06	1.160629318579	0.607	0.214
22	PRDX3	0.0171556071379658	1.54374220624186e-06	1.83887843167392	0.286	0.06
22	AP1S2	0.0187188972587702	1.68441440284083e-06	0.817261857007457	0.643	0.232
22	DOCK3	0.0190734423402483	1.71631803655613e-06	0.937378388571128	0.821	0.376
22	RAB6B	0.0191497439958507	1.72318401834345e-06	1.12447613031665	0.786	0.322
22	NBEAL1	0.0196817399358714	1.77105551479091e-06	0.907041717115861	0.607	0.205
22	CAPN1	0.0202469085852738	1.82191204762655e-06	1.40652849599873	0.25	0.047
22	CBFA2T2	0.0202634641862975	1.82340179846104e-06	1.57903187122013	0.357	0.087
22	P3H2	0.0209719677844709	1.8871562840341e-06	1.3767974774653	0.321	0.072
22	GLS	0.0210016035397637	1.88982304866046e-06	1.11040247745603	0.893	0.497
22	DHX34	0.0214095026790577	1.92652773140085e-06	3.58630527726717	0.107	0.01
22	RAMP3	0.0223140058808602	2.00791918301631e-06	1.18366299379047	0.5	0.155
22	TJP2	0.0228208508213157	2.05352747424779e-06	1.3124597589388	0.857	0.514
22	ENO2	0.0240204717351971	2.16147500541682e-06	1.0311553709315	0.857	0.443
22	SGK1	0.0247464228017565	2.22679949624372e-06	1.16549082404548	0.679	0.26
22	CAPRIN2	0.0251959188080664	2.26724726069166e-06	1.44716909496452	0.321	0.073
22	ALDH16A1	0.0253788518023874	2.28370843178146e-06	2.14194403028074	0.143	0.017
22	SLC12A2	0.026914317212253	2.42187683004166e-06	1.09020751042182	0.679	0.258
22	ESPNL	0.0274103754987139	2.46651448742139e-06	2.48545643058798	0.107	0.01
22	PIP4K2A	0.0275123315427268	2.47568897172022e-06	0.992184671586582	0.786	0.353
22	PHRF1	0.0277576377723006	2.49776277983448e-06	1.27677141516108	0.536	0.179
22	SERP2	0.0284546080569656	2.56047944362148e-06	2.1360684748435	0.179	0.027
22	KIF5C	0.0296261136257625	2.66589702382457e-06	1.26676580573266	0.75	0.377
22	CKAP5	0.0301632921136838	2.71423487030359e-06	1.06491276948869	0.75	0.308
22	G3BP1	0.0302812843644108	2.72485236789443e-06	1.79764519023144	0.321	0.077
22	ALCAM	0.0310700521030834	2.7958293982798e-06	2.33467874240101	0.179	0.027
22	ADGRL3	0.0312834608738224	2.8150329230471e-06	1.16521900363442	1	0.71
22	NNT	0.0332387001798053	2.99097455050889e-06	1.09416627143657	0.571	0.197
22	DTX2	0.0333681161626483	3.00262000923678e-06	1.33118835616524	0.321	0.075
22	RNF5	0.0334213055386894	3.00740623942134e-06	1.22628098371847	0.464	0.139
22	ACP6	0.0342008284441035	3.07755137623536e-06	1.83539940289178	0.214	0.038
22	MTFR1L	0.0353956212865612	3.18506445483319e-06	2.66396813042078	0.179	0.027
22	RNF31	0.0360474329922237	3.24371753731879e-06	1.15321340716414	0.75	0.308
22	PPARGC1B	0.0361112558406482	3.24946061735339e-06	0.829332125385343	0.929	0.418
22	SNCA	0.0366500105618832	3.29794030071836e-06	1.56971355038317	0.429	0.125
22	IFT57	0.0372280736954732	3.34995713987881e-06	1.90479873489166	0.25	0.05
22	PAPPA2	0.0377524498018655	3.39714296786336e-06	2.15220830356579	0.286	0.063
22	LIMK1	0.0386324534316464	3.4763298327766e-06	1.12464887252067	0.679	0.25
22	NDUFAF4	0.0394948330738314	3.55393080840739e-06	2.61646575550179	0.143	0.018
22	FGF6	0.0395224638636968	3.55641715681605e-06	1.90824142760505	0.286	0.064
22	IGLON5	0.040504965320838	3.64482725824152e-06	0.872764384125932	0.893	0.399
22	ARHGDIG	0.0418709127240929	3.76774162909142e-06	1.14310289663868	0.643	0.237
22	CALML3	0.0424317748135747	3.81821063741336e-06	1.25636811539053	0.964	0.738
22	NRIP1	0.0429806931167727	3.86760488767864e-06	1.46272619651887	0.5	0.157
22	LRIG2	0.0434136644033974	3.90656568014014e-06	1.4516895517049	0.321	0.076
22	COX4I1	0.0442611716209785	3.982828365066e-06	1.09722662952083	0.607	0.221
22	DCLK1	0.0454815248517611	4.0926414876056e-06	1.1429908789355	0.821	0.441
22	AFF2	0.0466853296231651	4.20096550194953e-06	1.08307619788821	0.893	0.521
22	SMDT1	0.0469309122470805	4.22306418132642e-06	1.1387873756859	0.607	0.231
22	GDAP1	0.0490290700498287	4.41186628721576e-06	1.79324774969546	0.286	0.063
22	NDUFAF7	0.0492993301305196	4.43618556020153e-06	3.12871795647683	0.107	0.011
22	FIBIN	0.0492993301305196	4.43618556020153e-06	2.36338767208994	0.107	0.011
8	FOXA2	1.04821214320244e-99	9.43230579683651e-104	6.54469100852659	0.4	0.005
8	PRDM8	2.64078341384474e-78	2.37630110127305e-82	3.77503931744593	0.717	0.051
8	FGF5	8.28014785983011e-76	7.45086642655459e-80	6.81230274254317	0.283	0.003
8	PITX1	2.6811815761975e-70	2.41265326752227e-74	3.2277529137557	0.75	0.062
8	SH2D1B	6.75218886421594e-70	6.0759370684927e-74	3.85321167369685	0.467	0.019
8	BHLHE23	2.00527615838238e-65	1.80444178744027e-69	4.01712067407658	0.45	0.02
8	IRX3	2.43572866270621e-62	2.19178319329273e-66	3.81769447486903	0.433	0.019
8	BHLHE22	7.04020018132281e-57	6.33510319564727e-61	3.09201020280926	0.733	0.076
8	NEUROD2	6.77842244671221e-56	6.09954327968344e-60	3.41849025610447	0.8	0.1
8	PRKCQ	3.22542439558051e-55	2.90238854996896e-59	0.530692246940362	0.65	0.055
8	IRX5	3.06754934059801e-54	2.7603251512625e-58	3.46752074954755	0.45	0.025
8	NTNG2	8.14136748818895e-54	7.32598532186533e-58	3.06089013900809	0.833	0.115
8	TUFT1	2.39148414839352e-50	2.15196989867139e-54	2.96140145028878	0.567	0.048
8	PRKG2	1.52440710855618e-46	1.37173320305605e-50	2.73489046414559	0.717	0.09
8	CALD1	2.80052698004945e-42	2.52004587424588e-46	6.04288934213419	0.2	0.004
8	NXPH1	8.93851802277859e-42	8.04329885969459e-46	2.31827958404454	0.95	0.196
8	FGF11	2.68828529559244e-41	2.41904552829338e-45	3.07153499292749	0.717	0.111
8	ADCY1	2.22943772578209e-39	2.00615290720966e-43	2.92447979231435	0.967	0.289
8	ADRA2B	8.28731664625158e-37	7.45731723769602e-41	2.51464209795773	0.733	0.121
8	ROBO2	1.06825853238004e-35	9.61269263367264e-40	3.52483764735921	1	0.433
8	GFRA3	2.97553748481338e-35	2.67752855647745e-39	1.40135901012544	0.817	0.159
8	KCNMB4	2.74093523105972e-33	2.46642241614301e-37	3.19157448255666	0.5	0.061
8	CCK	3.38237781015045e-33	3.04362261329115e-37	2.93813136477095	0.8	0.172
8	ZFPM2	1.37180671670983e-32	1.23441619428582e-36	2.2055209538452	0.85	0.18
8	SV2B	8.36280319362671e-30	7.52524358285495e-34	2.4830717026565	0.633	0.106
8	DLGAP3	1.18768483822137e-28	1.06873466950541e-32	2.66746271117731	0.917	0.289
8	CNTNAP5	2.16644540380184e-28	1.94946945361454e-32	2.52038456002925	0.983	0.482
8	CACNB4	3.64162569327076e-28	3.2769060499152e-32	2.57574840945101	0.9	0.289
8	CLSTN2	4.79972501051277e-26	4.31901827635451e-30	3.41656696788976	0.967	0.59
8	RDH10	6.61124461542795e-26	5.94910880538824e-30	2.6821661624377	0.4	0.046
8	RIMS4	1.43492693881393e-25	1.291214738427e-29	2.1338967167897	0.85	0.238
8	TMEM163	3.02662522918614e-25	2.7234997113166e-29	2.43478705497633	0.933	0.331
8	ADAM12	1.53108290872763e-24	1.37774040198653e-28	2.66451225719382	0.7	0.154
8	RTN4RL2	4.58584999869563e-24	4.12656348303395e-28	2.47059414919049	0.417	0.053
8	IGSF3	7.42476390827512e-24	6.68115172165493e-28	2.28548328448838	0.917	0.306
8	ABTB3	9.7297715294293e-24	8.75530597447071e-28	3.02838731384289	1	0.535
8	GABRA6	1.6417842040945e-23	1.47735463339737e-27	2.16622680032589	0.583	0.105
8	ADGRL3	4.67212875566999e-23	4.20420116590478e-27	2.04596021243249	1	0.704
8	TRIM9	6.93879689440025e-23	6.24385574948281e-27	2.35779708910764	0.85	0.318
8	SHISAL1	7.51630086920547e-23	6.76352098371769e-27	1.95773615312329	0.767	0.192
8	KCNG3	9.66000059335916e-23	8.69252280514637e-27	3.52763862629134	0.25	0.019
8	GRIA3	2.63674083208244e-22	2.37266339609686e-26	2.68190030547068	1	0.568
8	SPTBN5	5.62729796040461e-22	5.06370733411735e-26	1.83576078597435	0.383	0.047
8	RELT	7.95830407469767e-22	7.16125625366478e-26	3.5409003749735	0.183	0.01
8	GABRD	7.99527240868962e-22	7.19452209906382e-26	1.61264926192613	0.8	0.195
8	RORA	9.68428534986611e-22	8.71437537106642e-26	1.95565957045205	0.617	0.124
8	GRIN2B	1.95894425269826e-21	1.76275015990125e-25	2.19649858345049	1	0.701
8	SEMA3F	6.40210037444075e-21	5.76091098212971e-25	1.46003710922798	0.75	0.19
8	STXBP4	1.20784404913285e-20	1.08687487549073e-24	3.34554470003648	0.3	0.032
8	EPHB1	1.26124729824257e-20	1.13492963038115e-24	3.04663333330353	0.917	0.489
8	MYOC	2.45804039830617e-20	2.21186034221737e-24	4.118941909548	0.167	0.008
8	GDF10	2.78967422338534e-20	2.51028005343772e-24	2.94357706250911	0.167	0.008
8	BCL11A	4.80249976123932e-20	4.3215151275437e-24	1.72294846463959	0.95	0.35
8	ZBTB18	5.29103694675739e-20	4.76112386102528e-24	1.85406517027703	0.667	0.15
8	DAZAP1	1.05870992231622e-19	9.52676974998851e-24	2.18044472446272	0.667	0.166
8	CYTH1	6.00250969852823e-19	5.40134050079027e-23	1.43626624725182	0.65	0.153
8	SUSD6	6.60222408851809e-19	5.9409917110754e-23	2.06937775643321	0.717	0.199
8	ELAVL2	8.70531760788453e-19	7.8334541598889e-23	1.69306932924614	0.967	0.459
8	STRBP	1.30148757242421e-18	1.17113972142915e-22	1.81797531674228	0.9	0.397
8	BSN	1.37623690016206e-18	1.23840268168996e-22	2.42385500624651	1	0.7
8	DPY19L2	2.18303109054971e-18	1.96439403450887e-22	1.91626251936676	0.55	0.113
8	CFAP299	3.91872883986474e-18	3.52625649227458e-22	1.5657634713183	0.417	0.065
8	SOBP	4.14847889188318e-18	3.732996393308e-22	1.8548212202893	0.733	0.217
8	R3HDM1	5.77545414803032e-18	5.19702523893667e-22	1.70750730189883	0.967	0.517
8	GRM1	6.4693915638156e-18	5.82146275876505e-22	2.28452658306204	0.85	0.322
8	PRKCB	7.80391099484666e-18	7.022326099925e-22	2.12640842327485	0.933	0.457
8	NRIP2	9.15720217338802e-18	8.24008114225504e-22	2.0178898924211	0.7	0.192
8	NTNG1	9.55565353939446e-18	8.59862641896379e-22	1.89987777059256	0.933	0.322
8	GFRA4	1.91616213177832e-17	1.72425279562523e-21	1.20702825855055	0.967	0.452
8	MAPKAPK3	3.30702811462006e-17	2.9758194138577e-21	2.95756639348039	0.35	0.05
8	SLC17A6	4.12744647100421e-17	3.71407043193036e-21	1.84958654179982	0.983	0.461
8	PTPRD	5.08462326836994e-17	4.57538312640145e-21	1.38754517032937	1	0.448
8	HOMER3	1.07065343397779e-16	9.63424308447579e-21	1.6974092600324	0.467	0.087
8	FSTL4	1.55000028443904e-16	1.39476314626027e-20	1.59729751489545	0.9	0.385
8	PRELP	2.93048260548969e-16	2.63698605731098e-20	2.76594961962985	0.233	0.023
8	SEMA4G	5.02254965349481e-16	4.51952636866266e-20	2.23918528430091	0.767	0.268
8	ANO2	5.04529423471711e-16	4.53999301243329e-20	1.73121860927456	0.5	0.105
8	TP53I11	6.09589226867211e-16	5.485370528815e-20	1.56174031736703	0.55	0.119
8	GNMT	9.42615282450703e-16	8.48209558580674e-20	3.63533509919827	0.233	0.024
8	SERTAD4	1.24124968479707e-15	1.11693483739501e-19	1.8424820279358	0.417	0.075
8	CDH8	1.59325123154827e-15	1.43368238238843e-19	1.46223287699271	0.867	0.308
8	ENTREP3	1.79537892444906e-15	1.61556638571858e-19	2.56450465279088	0.467	0.102
8	ADK	3.14967434021016e-15	2.83422508792419e-19	1.44226195254964	0.85	0.302
8	RAMP3	7.21285344101428e-15	6.4904647179108e-19	2.06767752305447	0.567	0.145
8	GNG13	7.82725725091414e-15	7.04333415901569e-19	2.40169119880171	0.383	0.068
8	RAVER2	8.34926938447514e-15	7.51306522493938e-19	1.62404176493561	0.883	0.448
8	MEGF11	1.05391755643596e-14	9.4836457881397e-19	2.16017466822599	0.517	0.121
8	CHST11	1.53327290798158e-14	1.37971106630215e-18	1.96028490627173	0.75	0.278
8	RHBDF1	1.7439332058657e-14	1.56927310885062e-18	2.28399792324479	0.483	0.108
8	CHD5	1.83792920843562e-14	1.65385513221958e-18	1.51319088278907	0.933	0.398
8	LRRC7	1.88728185935536e-14	1.6982649683752e-18	1.41829085141151	0.967	0.542
8	SLITRK6	2.04614047856983e-14	1.8412134244307e-18	2.39574976705519	0.367	0.064
8	AFF2	2.37941621179944e-14	2.14111060181719e-18	1.56436986991892	0.967	0.511
8	RALY	2.45912240473723e-14	2.21283398248649e-18	1.97591155739382	0.483	0.108
8	DLGAP4	4.91615641047325e-14	4.42378872534262e-18	1.55260128990366	0.867	0.374
8	PIAS1	5.59561542663943e-14	5.03519790033243e-18	1.5511098468304	0.783	0.272
8	SYT2	1.06812268889428e-13	9.61147025010598e-18	1.72035416003178	0.933	0.505
8	CLSTN1	2.08371325263462e-13	1.87502317343167e-17	1.21567935739577	1	0.745
8	ESYT3	4.36677890888809e-13	3.92943301438683e-17	3.53861308586828	0.133	0.008
8	PAPPA2	6.05679831098123e-13	5.45019194725207e-17	1.89854716894809	0.333	0.057
8	NECTIN3	7.42630290940001e-13	6.68253658724018e-17	2.34671208103445	0.267	0.036
8	PLEKHA7	8.74810974702466e-13	7.87196053903055e-17	1.84557119845296	0.5	0.122
8	GRM8	1.06497321400951e-12	9.58312979402058e-17	1.08691900680527	0.983	0.601
8	C14orf132	2.40885810020398e-12	2.167603797538e-16	1.80835396187082	0.467	0.108
8	SH3KBP1	2.72133754745655e-12	2.44878749883609e-16	1.4431519036625	0.783	0.279
8	TANC1	2.82706055155153e-12	2.54392202965134e-16	1.18004963272105	0.8	0.296
8	MGLL	5.85275588185709e-12	5.26658497422576e-16	1.06160519248166	0.75	0.241
8	GRIN3B	6.1166021571675e-12	5.50400626038648e-16	1.52811868127185	0.55	0.145
8	LAMA5	7.35869187694853e-12	6.62169700076355e-16	2.03373002849762	0.333	0.061
8	RAB40C	8.00349299636182e-12	7.20191937043267e-16	1.46644216411283	0.667	0.227
8	HDAC9	8.46947835486481e-12	7.62123490944372e-16	2.10292364162761	0.417	0.092
8	GPC6	9.39676073657684e-12	8.45564720289466e-16	2.20516353945219	0.9	0.468
8	UNC5C	1.04453015127411e-11	9.39917350197169e-16	2.06116925958748	0.85	0.482
8	GRIK2	1.55535103047714e-11	1.39957799916956e-15	1.3452092488072	0.95	0.473
8	CCM2L	1.6614195707434e-11	1.49502345968091e-15	3.5249636511678	0.133	0.01
8	LMX1B	2.35596840880771e-11	2.12001116602871e-15	1.3003618080572	0.383	0.076
8	CCDC136	2.89232998590649e-11	2.60265453604472e-15	0.811943520048753	0.883	0.429
8	KNDC1	3.36723366793585e-11	3.02999520195793e-15	1.56324273431174	0.567	0.166
8	EDA	4.10685479474256e-11	3.69554107328585e-15	2.46001885278183	0.233	0.032
8	HDAC4	5.05312460883172e-11	4.54703915129283e-15	1.49021935827556	0.667	0.231
8	CNGA3	5.59071521410178e-11	5.03078845865363e-15	2.90550359296779	0.2	0.024
8	RASSF5	5.63081087594838e-11	5.06686842072202e-15	1.95924061221333	0.467	0.12
8	SEMA6C	6.17121036949008e-11	5.55314529784044e-15	1.11425012568585	0.933	0.433
8	SLC39A14	8.09425996628324e-11	7.283595758376e-15	1.30492399468311	0.633	0.204
8	SYT1	1.02885891843474e-10	9.25815637932815e-15	0.908958749463578	1	0.762
8	SCN4B	1.13313916088393e-10	1.01965190397186e-14	1.85042830561651	0.5	0.138
8	SNCG	1.51879183530349e-10	1.3666803161194e-14	1.68070445035031	0.8	0.368
8	TSKU	1.65507155979238e-10	1.48931122090558e-14	2.2165806247897	0.15	0.013
8	NFATC3	1.72147313287394e-10	1.54906247896513e-14	1.4793638337062	0.267	0.041
8	NRG3	2.75708917084766e-10	2.48095849081945e-14	0.991524712885152	1	0.759
8	PLXNA1	3.05443378863398e-10	2.74852316083324e-14	1.37825765340568	0.983	0.686
8	ABI2	3.50736500835099e-10	3.15609197188067e-14	0.944272243004917	0.85	0.413
8	HSPA12A	3.64753562616107e-10	3.28222408545043e-14	1.43476171801667	0.65	0.215
8	RHOB	5.21140741843452e-10	4.68946946678171e-14	2.35414379771195	0.233	0.034
8	LSAMP	5.24112428841806e-10	4.71621010385859e-14	1.01319417839134	1	0.661
8	FGD3	5.73274905819351e-10	5.15859719085171e-14	1.72087023466704	0.5	0.14
8	TSPAN4	6.41732655689695e-10	5.77461221713034e-14	0.897609999954269	0.983	0.497
8	SCO2	6.81127491800101e-10	6.1291054782696e-14	2.9269249191549	0.167	0.018
8	TSPAN18	6.90063539907381e-10	6.20951624140539e-14	1.49651198204542	0.65	0.236
8	DPF1	7.26537660265831e-10	6.53772752871259e-14	1.50370595576935	0.667	0.241
8	CABIN1	9.48173227544968e-10	8.5321085894445e-14	1.60303689208736	0.533	0.158
8	L1CAM	1.03308020441861e-09	9.29614149571323e-14	1.27525129913705	0.983	0.63
8	SLC6A17	1.25069500756347e-09	1.12543418299602e-13	1.12162729255512	0.867	0.436
8	NDUFS7	1.48978399266884e-09	1.34057769519377e-13	2.30123091741527	0.383	0.094
8	CTNNBIP1	1.85932865697527e-09	1.67311136234614e-13	1.75020066297119	0.45	0.122
8	CPT1C	2.10092232155193e-09	1.89050870291724e-13	1.23336035858659	0.633	0.22
8	SCRT1	2.14448056105851e-09	1.92970445519528e-13	3.14554697096843	0.417	0.12
8	FAM131B	2.45408655992516e-09	2.20830249250892e-13	1.32334357799915	0.933	0.555
8	KLHL5	3.6802453214773e-09	3.3116578075023e-13	1.27177823213898	0.633	0.227
8	PCDH9	4.07431347649006e-09	3.66625886483403e-13	1.33490476809694	0.917	0.531
8	ZBTB7C	4.97390636561259e-09	4.4757548507267e-13	2.81850358717372	0.117	0.009
8	PTPRT	7.08637213551079e-09	6.37665089130819e-13	0.753096716493979	0.867	0.372
8	B4GALT2	9.43349435405007e-09	8.48870183933238e-13	0.981628470138349	0.95	0.541
8	LIMK1	9.69402136176353e-09	8.72313629241747e-13	1.34569874422117	0.65	0.243
8	STMN2	1.26242696194469e-08	1.13599114725519e-12	1.3986465076993	0.917	0.513
8	DBNDD1	1.40044891217972e-08	1.26018978869767e-12	0.889515694674238	0.467	0.124
8	RGS3	1.4599081440114e-08	1.31369400162999e-12	0.757151394860927	0.667	0.237
8	RAB3A	1.52734131225373e-08	1.37437353752698e-12	1.39343275537367	0.767	0.329
8	DCLK1	1.60057885818328e-08	1.44027612542363e-12	1.48930982689282	0.883	0.431
8	GRM4	1.62330087382935e-08	1.46072246362759e-12	1.20750574749052	0.917	0.534
8	NUP93	1.72177879896212e-08	1.54933753168553e-12	1.34514306398293	0.6	0.207
8	KCNA10	2.46907878689216e-08	2.22179320335838e-12	2.03528224947756	0.417	0.116
8	SPOCK1	3.00036671390878e-08	2.69987106443695e-12	1.26974426926412	0.75	0.324
8	CADM1	3.00322310026976e-08	2.702441375209e-12	1.38876740353248	1	0.759
8	CPNE2	3.21804901597209e-08	2.89575183656267e-12	1.2400422549734	0.733	0.34
8	KIT	3.2382848553518e-08	2.91396099644723e-12	2.00575556418528	0.317	0.071
8	RARB	4.24490761641595e-08	3.81976749430033e-12	1.46435219107014	0.417	0.115
8	OXR1	4.80699104822666e-08	4.32555659878221e-12	1.03950963815103	0.933	0.583
8	FRMD5	4.96128850343994e-08	4.4644007049761e-12	1.43135132447267	0.667	0.254
8	ATP1B3	5.15192389190227e-08	4.63594339233534e-12	0.991155581774347	0.983	0.642
8	IGLON5	5.22166291483242e-08	4.69869784471558e-12	1.13875622274331	0.833	0.391
8	PCBP4	5.47877067427892e-08	4.93005549741647e-12	0.812130525466196	0.867	0.427
8	PCLO	5.71310990854038e-08	5.14092496044306e-12	1.27608145860997	0.867	0.494
8	NCAN	6.09060628915542e-08	5.48061395586738e-12	1.23216531871519	0.95	0.607
8	UBE2QL1	6.99507686701624e-08	6.29449911546498e-12	1.18149319958577	0.767	0.327
8	CDS1	7.49828739544496e-08	6.74731161292627e-12	1.51648706527809	0.667	0.277
8	KIF21B	8.15708799502374e-08	7.34013137318792e-12	1.33400243012778	0.633	0.238
8	CBARP	8.74188480969653e-08	7.86635904768877e-12	1.12355222625718	0.717	0.278
8	KLF7	1.20579111411856e-07	1.08502754802354e-11	1.05235025768519	0.917	0.564
8	ADAM11	1.36579866329442e-07	1.22900986528788e-11	1.17845355864844	0.783	0.355
8	DENND11	1.4126192685783e-07	1.27114124770836e-11	1.65341028192611	0.417	0.118
8	CHRM2	1.46442318663664e-07	1.31775684930859e-11	0.474800469906087	0.883	0.413
8	YWHAG	1.50877069423288e-07	1.35766282212983e-11	1.03241303073574	1	0.627
8	LRCH1	1.63822818446816e-07	1.47415475971219e-11	1.37053905145673	0.817	0.446
8	SRRM3	1.6653012414977e-07	1.4985163695651e-11	1.03419480306116	0.867	0.429
8	PLXDC1	1.82875967359639e-07	1.64560395356464e-11	2.35974017874219	0.233	0.042
8	CACNA2D2	2.51614976605344e-07	2.26414988396782e-11	1.16411769882377	0.933	0.581
8	HLF	2.9694697623905e-07	2.67206853450059e-11	1.49785043196778	0.7	0.285
8	CPLX1	3.65954245080677e-07	3.29302839089964e-11	1.22165332617442	0.55	0.184
8	IFRD1	3.8614042190364e-07	3.4746731027053e-11	1.5667482498972	0.333	0.081
8	SRGAP1	5.06903757642256e-07	4.56135838785437e-11	1.29483245254668	0.533	0.183
8	MEF2D	5.31161799638671e-07	4.7796436573263e-11	1.11421017654982	0.917	0.576
8	HIVEP2	5.32974236409927e-07	4.79595281571067e-11	1.00933535011648	0.85	0.417
8	BDNF	5.4625795022639e-07	4.91548591943121e-11	1.22486997596563	0.433	0.125
8	GLCE	6.0952976959674e-07	5.48483550433492e-11	1.35195924129545	0.617	0.246
8	GABRB2	6.09727650351349e-07	5.48661612842031e-11	1.40399776747509	0.6	0.243
8	CHST8	6.99265161160664e-07	6.29231675659735e-11	0.69331864969624	0.867	0.387
8	ZEB2	8.30316336005094e-07	7.47157685598033e-11	0.764172769920199	0.817	0.362
8	CACNA1A	8.32476989170437e-07	7.49101942923097e-11	0.933521872135187	0.917	0.585
8	NECAB1	8.75432432852068e-07	7.87755271170762e-11	1.50139807794663	0.467	0.148
8	APLP1	9.64005596139767e-07	8.67457568739105e-11	0.90241247109055	0.983	0.702
8	GPR4	1.01857460493133e-06	9.16561329012261e-11	1.28480049704734	0.217	0.038
8	RIMS3	1.36236343251717e-06	1.22591868308933e-10	1.08339409015474	0.733	0.333
8	NPTN	1.42829966230985e-06	1.28525120337429e-10	1.37992297725707	0.9	0.578
8	HS3ST4	1.68089847696302e-06	1.51255149551248e-10	1.11612594210408	0.55	0.192
8	GPR158	1.7350813195827e-06	1.56130776530433e-10	1.58432937802872	0.817	0.456
8	RBMS2	1.74086222851542e-06	1.56650969901505e-10	1.35141816735424	0.317	0.076
8	SMPD3	1.98613976334326e-06	1.78722195927586e-10	1.37557794616044	0.533	0.194
8	SERINC5	2.31741662993158e-06	2.08532046245981e-10	1.32961125104737	0.383	0.11
8	GABBR1	2.76807243146153e-06	2.49084174521869e-10	0.855932843947906	1	0.752
8	COL4A5	3.00211957972788e-06	2.70144837553125e-10	2.60325089834259	0.133	0.016
8	BCL11B	3.15415231605622e-06	2.83825458117179e-10	0.485912960507922	0.517	0.161
8	ARHGEF28	3.23754696773823e-06	2.91329701047262e-10	1.50566036392119	0.35	0.096
8	FOSB	3.63516079172246e-06	3.27108862748354e-10	2.59994231665807	0.15	0.02
8	B3GAT1	3.77236055920148e-06	3.3945474302182e-10	0.717551352332157	0.783	0.373
8	ROBO1	4.05793758567023e-06	3.65152306818162e-10	0.883903308438429	0.8	0.379
8	DOCK4	4.6895229191071e-06	4.21985325214352e-10	0.888639961828833	0.883	0.482
8	SYT4	5.80788230278321e-06	5.2262056175499e-10	1.38183353680721	0.517	0.186
8	RAB11FIP5	6.43479457973758e-06	5.79033076553369e-10	1.02420594964762	0.583	0.225
8	ADGRB3	6.95275798810528e-06	6.25641859813307e-10	0.715097045522305	0.967	0.746
8	GPR12	6.96793216504621e-06	6.27007303612545e-10	1.76917809378048	0.4	0.125
8	CPNE8	7.00041819607415e-06	6.29930549453266e-10	1.40409484740504	0.617	0.257
8	SNCB	7.55673686206192e-06	6.79990719163315e-10	0.919732938952636	0.867	0.416
8	ALDH3B1	7.66688222100342e-06	6.89902116530497e-10	2.43170065584788	0.117	0.013
8	SLC43A3	8.19224942335024e-06	7.37177127989763e-10	1.7177421028052	0.2	0.036
8	RBFOX2	8.94211666863189e-06	8.04653709046332e-10	1.10174738779577	0.95	0.543
8	SCHIP1	8.98029756212598e-06	8.08089405392421e-10	0.577448239890382	0.983	0.548
8	SPSB4	1.04080434352463e-05	9.36564693174327e-10	0.473434567999213	0.667	0.273
8	LRRTM4	1.04401825481359e-05	9.39456721689542e-10	0.48025427798548	0.95	0.581
8	EFNB3	1.10683169716778e-05	9.95979210985138e-10	0.969282916055579	0.767	0.373
8	KISS1R	1.15755996645979e-05	1.04162689324196e-09	1.68051261487209	0.283	0.068
8	DTX3	1.15948750443023e-05	1.04336138255218e-09	1.55487672499908	0.217	0.042
8	MCF2	1.17510862177868e-05	1.05741799854106e-09	1.36968679029546	0.5	0.185
8	SMDT1	1.18639471400031e-05	1.06757375506192e-09	1.0127327992687	0.583	0.224
8	RAB3C	1.23160246367937e-05	1.10825381416303e-09	1.35622900708037	0.483	0.17
8	CHRNA6	1.24435457393995e-05	1.1197287626563e-09	2.1738158024741	0.167	0.026
8	KCNJ3	1.24604955072669e-05	1.121253982477e-09	1.26660225968139	0.517	0.187
8	DSE	1.47321276594478e-05	1.32566612610886e-09	1.69096955374994	0.1	0.01
8	ANGPTL4	1.49966781918442e-05	1.34947162708937e-09	2.31402694324572	0.1	0.01
8	MAP3K10	1.55034171708795e-05	1.39507038341398e-09	1.33461915109082	0.45	0.152
8	CAMKK1	1.58365453808486e-05	1.4250468263159e-09	0.97022801950838	0.783	0.388
8	CBLN1	1.66047039722687e-05	1.4941693487149e-09	0.736368355156148	0.467	0.15
8	CELF2	1.77466304542405e-05	1.59692526358684e-09	0.651878744418296	1	0.852
8	GPD2	1.80964559434581e-05	1.62840420619617e-09	1.13264342988168	0.433	0.138
8	JUND	1.82193174514474e-05	1.63945986245365e-09	0.980623098905702	0.283	0.067
8	EPB41	1.87763186915186e-05	1.6895814533896e-09	0.884703334837596	0.9	0.518
8	ADGRL2	2.14508841428284e-05	1.93025143011144e-09	0.751684058257727	0.917	0.603
8	CALML3	2.21624462085481e-05	1.99428113097707e-09	0.792906059434861	0.967	0.734
8	SEMA3G	2.38935885479854e-05	2.15005745955056e-09	0.877820721501823	0.517	0.179
8	SLC16A3	2.75376383031952e-05	2.47796619303475e-09	1.38699175357335	0.417	0.138
8	ADGRG3	3.19390516940371e-05	2.87402606803177e-09	1.15148263589772	0.333	0.09
8	PHF24	3.26601758647452e-05	2.93891621207101e-09	0.841794982118194	0.717	0.334
8	MUC15	3.88104907292599e-05	3.49235046605416e-09	1.18294854822543	0.567	0.234
8	MIDN	4.11415262725303e-05	3.70210800616668e-09	0.963840841697361	0.567	0.218
8	KLF12	4.14057963977939e-05	3.72588827479474e-09	1.03888786820653	0.583	0.232
8	DIRAS1	5.01257371348726e-05	4.51054954871525e-09	1.09176802545897	0.8	0.382
8	APBB1	5.35377449730638e-05	4.81757805930566e-09	1.27101969185206	0.567	0.237
8	DTNBP1	6.00252619913208e-05	5.40135534880958e-09	1.12666524997176	0.55	0.216
8	PPP1R1B	6.56101318481171e-05	5.90390820193621e-09	1.9594214315651	0.283	0.075
8	PALD1	7.04237536384547e-05	6.3370605271713e-09	0.735667522680766	0.633	0.257
8	EPCIP	7.09562705876768e-05	6.38497890647681e-09	1.42691216153078	0.283	0.073
8	STX1B	8.18643549158452e-05	7.36653963068885e-09	0.992661008639026	0.817	0.499
8	CPE	8.7129775006256e-05	7.84034689159147e-09	0.747739374974974	0.967	0.69
8	ELMOD1	8.74387126005008e-05	7.86814654913172e-09	0.987920822797775	0.8	0.42
8	GRM5	9.00817958750148e-05	8.10598361153737e-09	0.491526675393353	0.9	0.495
8	ENO2	9.43229384838123e-05	8.48762156787657e-09	0.841164757398418	0.833	0.436
8	SFXN3	9.87056027343864e-05	8.88199430706258e-09	1.51496966991812	0.35	0.108
8	CHRNB3	0.000102058228073251	9.18367930111139e-09	2.71301165013413	0.217	0.047
8	TLE6	0.000106021687085267	9.54032998157714e-09	0.904456410663012	0.633	0.278
8	CAMK2A	0.000108085302004717	9.72602375638595e-09	1.00222551761632	0.65	0.289
8	UBE2Q2	0.000109580505072221	9.86056915974271e-09	1.18601227099259	0.417	0.138
8	GRIP2	0.000116774877236195	1.05079525993157e-08	0.988364075238006	0.233	0.052
8	DLG4	0.000124048837458638	1.11624977466605e-08	1.34483462027626	0.833	0.501
8	PPP2R5B	0.000135472082443977	1.21904150493995e-08	0.809649614833783	0.883	0.534
8	TNNT1	0.000143044966513388	1.2871858770214e-08	1.77495704203161	0.217	0.047
8	GRIN1	0.00014755659399712	1.32778362275821e-08	0.257030323607506	1	0.724
8	GPR21	0.00015668974731449	1.4099680312651e-08	1.99690269319123	0.15	0.024
8	SPOCK2	0.000158256577816319	1.42406710893835e-08	0.984151139528179	0.783	0.416
8	PLEKHA5	0.000169298229289112	1.52342508133818e-08	1.27761189877834	0.45	0.169
8	SH3GL2	0.000201250749674316	1.81094888575826e-08	0.811720570923436	0.85	0.461
8	UBE2B	0.000209687718546015	1.88686869923527e-08	1.37090806042076	0.383	0.128
8	BNIP3L	0.00021323030226393	1.91874653346468e-08	0.514500278708085	0.583	0.239
8	EPHA6	0.000222226143589934	1.99969534410091e-08	0.493317578691086	0.667	0.322
8	CRHR1	0.000255915997068032	2.30285248868921e-08	0.292462792939684	0.383	0.12
8	SDC4	0.000285271395896682	2.56700617202089e-08	0.387801456125854	0.317	0.088
8	RUSC1	0.000350455063476893	3.15355946618279e-08	1.03409922088652	0.75	0.399
8	RAP1GDS1	0.000369912702958915	3.32864845639264e-08	1.06340031467883	0.667	0.315
8	XKR7	0.000418930966261765	3.76973784092293e-08	0.713366052152637	0.883	0.524
8	SRPK2	0.000425437570901158	3.82828732926445e-08	0.776911283008477	0.783	0.419
8	MANEAL	0.000444749748934936	4.0020673889583e-08	1.264543596695	0.433	0.155
8	KCNK9	0.000461243083508696	4.15048216960943e-08	1.52410353135443	0.433	0.161
8	KCNAB2	0.000507495568350488	4.56668377891198e-08	0.780929432679255	0.683	0.311
8	HSP90AA1	0.000518884655431648	4.66916814030098e-08	1.08300908229315	0.633	0.311
8	TAMALIN	0.000522780034986209	4.70422059737433e-08	2.5886578705969	0.133	0.021
8	C12orf56	0.000542546466576867	4.88208824419029e-08	1.78972485867452	0.117	0.016
8	GPR22	0.000589812332128935	5.30740872967637e-08	1.29881336830123	0.417	0.151
8	INPP5A	0.000615521868442335	5.53875522759232e-08	1.17888157677121	0.55	0.236
8	FAXC	0.000682450747270699	6.14101275326823e-08	1.06955900050206	0.55	0.219
8	STAC	0.000745506025710571	6.70841380104896e-08	2.04647239792292	0.217	0.052
8	TAFA4	0.00085703222318333	7.71197897222469e-08	1.15971074275737	0.433	0.164
8	THAP4	0.000894437133517517	8.04856594544692e-08	2.23460253519324	0.167	0.032
8	ADORA1	0.000970010283766002	8.72860869041664e-08	1.36454339362352	0.267	0.072
8	STXBP1	0.000975119958390562	8.77458794556432e-08	0.715412777430566	0.917	0.569
8	GRIK1	0.00103311082601257	9.2964170432158e-08	0.896611624308253	0.383	0.127
8	SLC8A1	0.00111076456774392	9.9951819287674e-08	0.546990147140961	0.933	0.534
8	DOK4	0.00122499684216926	1.10230976529224e-07	0.887938440126666	0.75	0.378
8	MFGE8	0.001237206344015	1.11329644921714e-07	0.581866931551711	0.35	0.108
8	UNC5B	0.00123859460845591	1.11454567484559e-07	1.46494051849857	0.183	0.038
8	EFNA1	0.00132216199332581	1.18974353759184e-07	0.302138272694513	0.25	0.063
8	FAM20C	0.00134880982612302	1.2137225106839e-07	0.570249377535548	0.767	0.415
8	PTPRA	0.00136790960567394	1.23090939051016e-07	1.0910897281583	0.433	0.161
8	SPTBN1	0.00142650561924423	1.28363683905717e-07	0.517135446875145	1	0.736
8	FLRT1	0.00147530772841473	1.32755127185705e-07	0.641805906418679	0.667	0.318
8	MARK1	0.00154358238542989	1.38898801892368e-07	1.46321546502093	0.5	0.213
8	SNTA1	0.00161100221297507	1.44965555023403e-07	2.18527300840989	0.1	0.013
8	SLC23A2	0.00167782423419404	1.5097851472996e-07	0.997073894784873	0.533	0.241
8	ZBTB46	0.00174672274846847	1.57178327046564e-07	0.629819780208988	0.483	0.18
8	HMGA2	0.00184261587627874	1.65807241634008e-07	0.680782618741803	0.2	0.045
8	ASH1L	0.00188010781933781	1.69180942980096e-07	0.342769631526232	0.783	0.415
8	RAB6B	0.00190786331057276	1.71678512604405e-07	0.910184156733735	0.667	0.317
8	TMEM131	0.00192902570601156	1.73582804464281e-07	0.983425213828099	0.4	0.143
8	NEDD9	0.00193366409459386	1.74000188481406e-07	0.85565329374308	0.467	0.179
8	ATP1B2	0.00208069796230162	1.87230987339298e-07	0.712123217467464	0.767	0.375
8	RAPH1	0.00212531832352185	1.9124613727363e-07	0.80340769355119	0.767	0.432
8	SCPEP1	0.00213523469883552	1.92138459357106e-07	2.03430482515657	0.15	0.028
8	SAMD12	0.00215478306922675	1.93897513653086e-07	1.05471811765283	0.717	0.385
8	PITPNA	0.0023468324735406	2.11179022184883e-07	0.897483157534886	0.55	0.232
8	DPYSL2	0.00236570591421067	2.12877343130628e-07	0.837762698350073	0.9	0.503
8	XKR5	0.00237195144398272	2.13439345269749e-07	1.16772094565389	0.483	0.207
8	GDI1	0.00237811531771304	2.13993999614239e-07	0.950434685892325	0.7	0.359
8	NDFIP2	0.00241084620420441	2.16939278701017e-07	0.842288964701304	0.667	0.317
8	TENM2	0.00243670076909811	2.19265794033844e-07	0.756836009213558	0.85	0.507
8	VEGFC	0.00253850928788137	2.28427003318759e-07	1.91422769518428	0.183	0.041
8	FURIN	0.00262291681149774	2.36022389228627e-07	0.54598853153098	0.75	0.413
8	PSD	0.00303690762702613	2.73275229643312e-07	0.540014410810651	0.933	0.547
8	RAMP1	0.00314548922099121	2.83045912084154e-07	1.25806447563113	0.333	0.111
8	DUSP4	0.00322719610352255	2.90398281609156e-07	1.1502330873436	0.283	0.085
8	KCNQ3	0.00326139384443335	2.93475555154625e-07	0.568270238937219	0.967	0.652
8	ZNF747	0.00327254353519008	2.94478856761458e-07	0.652199922062366	0.533	0.22
8	FJX1	0.00327447844093173	2.9465296867918e-07	1.78411192535611	0.183	0.04
8	PABPN1	0.00339131563492131	3.05166528833016e-07	0.719476391524817	0.65	0.292
8	PAK1	0.00340659826301848	3.06541731577295e-07	1.03799914240495	0.55	0.264
8	STAM2	0.00348231540318882	3.13355115917287e-07	1.38239830479044	0.2	0.046
8	CAPRIN2	0.00358096639257663	3.22232195858601e-07	1.72302267262003	0.25	0.071
8	ETS1	0.00370315267990069	3.33227092585323e-07	1.54960832090897	0.15	0.029
8	HECTD4	0.00371189569668811	3.3401383035077e-07	1.34322305809039	0.45	0.19
8	KCNAB3	0.00374420411488765	3.36921093753951e-07	1.48808501670094	0.567	0.294
8	SHH	0.00393209506022261	3.53828404591254e-07	1.50024090983857	0.2	0.048
8	PCDHAC2	0.00395876809951012	3.56228570098994e-07	0.626705834434187	1	0.838
8	TRIO	0.00399956500511307	3.59899667516699e-07	0.855203227812608	0.717	0.404
8	GABRA1	0.00407757885135515	3.66919720269518e-07	0.604369500168653	0.95	0.558
8	SPIRE2	0.00418569242306891	3.76648287867264e-07	1.00939735118933	0.4	0.149
8	ZNRF2	0.00428292965405652	3.85398151179386e-07	0.59326242726436	0.35	0.121
8	TMEM132E	0.00429518286781478	3.86500752975324e-07	0.663466017338917	0.95	0.663
8	CA10	0.00431384317504614	3.88179895171973e-07	0.372664883432825	0.933	0.627
8	SPIRE1	0.00449548315565382	4.04524714807327e-07	0.777110476474581	0.633	0.307
8	SLC10A1	0.00451183135808046	4.05995802940741e-07	0.96323435221717	0.483	0.206
8	KAT6B	0.00459111003805548	4.13129671380859e-07	0.817257846551769	0.5	0.207
8	RAB32	0.00461883482125011	4.15624477751293e-07	1.1244312004505	0.133	0.024
8	ARRB1	0.0047265810198829	4.25319987391604e-07	1.06266911150546	0.617	0.292
8	ELMO1	0.00504280338204389	4.53775162606307e-07	0.619743504773904	0.717	0.393
8	P4HA3	0.00525114631491073	4.72522839459258e-07	2.73190102789268	0.1	0.014
8	JPH3	0.00549172862778576	4.94171567334272e-07	0.908049757026988	0.783	0.427
8	FLNA	0.00556002285993418	5.00317003503481e-07	0.257437771454978	0.3	0.09
8	PPP6R2	0.00556402566479202	5.00677194708181e-07	0.784627200006128	0.55	0.245
8	MARK3	0.00561010532164447	5.04823658925984e-07	0.880671632733744	0.883	0.625
8	SEPTIN5	0.00565879084575876	5.09204611334362e-07	1.46128701467653	0.517	0.247
8	PC	0.00567060120209963	5.10267362737302e-07	0.652728355456467	0.617	0.289
8	ZYX	0.00583623621093179	5.25171979747304e-07	1.46972088271812	0.267	0.081
8	SHISA8	0.00594634952185193	5.35080493282816e-07	0.610910061960175	0.733	0.359
8	GABRA2	0.00614096904795985	5.52593273459898e-07	0.891759798275871	0.6	0.29
8	PPIAL4F	0.006447308198677	5.80159110832089e-07	0.648915762495526	0.733	0.366
8	ACCSL	0.0064578312980512	5.81106028799712e-07	1.620361570644	0.167	0.036
8	HMBOX1	0.00655949941845968	5.90254604378627e-07	0.910705023788878	0.467	0.192
8	BHLHE40	0.00664547830662923	5.9799138906049e-07	0.281821283060763	0.483	0.188
8	ANO5	0.0068345855571998	6.15008148762692e-07	0.771323224155673	0.5	0.215
8	NELL2	0.00694549510083859	6.24988311062593e-07	0.892878313586773	0.667	0.345
8	FNDC3B	0.0071988681046453	6.47788005457149e-07	0.710560813692781	0.4	0.146
8	ITM2C	0.00731759191971941	6.58471332648196e-07	0.952612921882618	0.65	0.332
8	SLC35G2	0.00756208449946927	6.80471924725031e-07	0.530928758471276	0.567	0.258
8	GABARAPL2	0.00756440736015679	6.8068094665318e-07	0.862618965971943	0.567	0.259
8	ZDHHC2	0.00828029646381347	7.45100014740707e-07	1.55618472038944	0.2	0.05
8	IL1RAPL1	0.00830316908637327	7.47158200879445e-07	0.425554075558134	0.933	0.686
8	RNF157	0.00836345723160733	7.52583211698671e-07	0.879563904018741	0.6	0.304
8	KCNAB1	0.00881750678599924	7.93440725816543e-07	1.67981097526576	0.533	0.237
8	CACNG2	0.00898747805502747	8.08735539910688e-07	0.739958930086748	0.883	0.504
8	SHC1	0.00939330083338215	8.45253381929466e-07	0.629643402062594	0.55	0.25
8	P2RY1	0.00953141322555817	8.57681384464876e-07	1.35849207964578	0.15	0.03
8	PPP1CB	0.00981184281488882	8.82915757661191e-07	0.895965256967466	0.383	0.141
8	FBXL20	0.0103559891585281	9.3188060456475e-07	0.549077157087068	0.65	0.303
8	OPCML	0.0104191640196448	9.37565375654172e-07	0.528888679781635	0.867	0.482
8	AIG1	0.0104643024732027	9.41627145973426e-07	1.17726233861362	0.3	0.097
8	TP53BP1	0.0111571646069586	1.00397413902264e-06	1.23449724531354	0.417	0.169
8	MITF	0.011730167890372	1.05553566906974e-06	0.799185638168662	0.233	0.066
8	DTX3L	0.0119195359210505	1.07257589499239e-06	1.45249116388924	0.1	0.015
8	TCIRG1	0.0119233166715411	1.0729161047009e-06	1.61348061542995	0.133	0.025
8	MAGIX	0.0119242640438516	1.07300135371651e-06	1.32346657627008	0.55	0.257
8	ARL10	0.0123846076316705	1.11442523456047e-06	0.988095692888151	0.417	0.161
8	DDX46	0.0130593169163852	1.17513874888736e-06	1.01580654330995	0.25	0.073
8	DMAC2	0.0133606442015584	1.2022535950291e-06	1.78759540327647	0.117	0.02
8	NAV3	0.0133867970353217	1.20460694999745e-06	0.477207820057096	0.933	0.557
8	TCERG1	0.0134706593680833	1.21215327707039e-06	1.06128854983832	0.183	0.043
8	GLOD4	0.0153115834898691	1.37780828667949e-06	1.61642881308674	0.133	0.025
8	RNF208	0.0155028886594537	1.3950228254705e-06	0.936374646993785	0.5	0.22
8	RAB3B	0.0166095636245839	1.49460664308323e-06	1.00536716896917	0.433	0.174
8	TPM1	0.0172704724613784	1.55407832820826e-06	1.29186622477973	0.317	0.109
8	HCN4	0.0189238134201744	1.70285372268284e-06	1.00425754621643	0.45	0.187
8	HDAC5	0.0190608665130499	1.71518640448573e-06	0.697770611291832	0.65	0.327
8	PLCD4	0.0193143682396081	1.73799768195879e-06	2.66922836636257	0.1	0.015
8	SLC22A3	0.0202119565288207	1.81876689722134e-06	1.48438933699086	0.183	0.045
8	CD163L1	0.0204512937448395	1.84030358542603e-06	0.825872772920875	0.817	0.462
8	TUBB	0.0220187509182818	1.98135075301734e-06	1.26582943360005	0.367	0.147
8	NDRG4	0.0229217611137811	2.06260785690462e-06	0.652611776373472	0.917	0.545
8	GRID2	0.0236858979149547	2.13136847970437e-06	0.602714374021126	0.95	0.632
8	SERPINI1	0.023713753914627	2.13387509355052e-06	0.580402358643811	0.75	0.392
8	TMEM151A	0.0238088576559155	2.14243297542657e-06	0.90234767858265	0.517	0.231
8	STRIP2	0.0239599602079156	2.15602989363049e-06	0.619437926255985	0.45	0.182
8	PLXNA2	0.0244939093704171	2.204077150222e-06	1.85174647061877	0.75	0.431
8	MBL2	0.0246442395650703	2.21760456807975e-06	2.08731294653589	0.15	0.032
8	PTPRF	0.0251378398924658	2.26202104674398e-06	0.311223043162323	0.883	0.546
8	RNPC3	0.0254139221724111	2.28686422859813e-06	1.2399054635736	0.2	0.052
8	MKNK1	0.025644480307232	2.30761093379214e-06	0.917540423674836	0.467	0.204
8	DAGLA	0.0263704079095663	2.37293331319772e-06	0.877253613374763	0.6	0.311
8	ATP6V1H	0.0277293024050398	2.49521303023844e-06	0.921341028561654	0.517	0.239
8	LRFN1	0.0291038141716741	2.61889806278e-06	0.612537683100701	0.75	0.403
8	RABAC1	0.0294213950023184	2.64747547937717e-06	0.649701234798401	0.45	0.183
8	NTM	0.0300636953410357	2.70527268433687e-06	0.416566925359305	0.933	0.573
8	PHRF1	0.0301812375076576	2.71584968124337e-06	0.896673973045325	0.417	0.176
8	PDE7B	0.0303093481264192	2.7273776771726e-06	1.87809845009723	0.2	0.055
8	BLVRA	0.0310742173833808	2.79620420978861e-06	1.89267701597785	0.167	0.039
8	PFKFB1	0.0327596929884694	2.947871230853e-06	1.31491043148036	0.3	0.104
8	TMEM132D	0.0346496977326387	3.11794274567072e-06	2.36352597871784	0.1	0.016
8	NXPH4	0.0349490387809538	3.14487886087949e-06	1.56872464326022	0.383	0.158
8	MRC2	0.0358633886956331	3.22715636602476e-06	2.03944057533813	0.1	0.016
8	ZRANB1	0.0364611150234555	3.28094259187038e-06	1.16575019572512	0.25	0.078
8	ZNF148	0.0369433792039104	3.32433899072351e-06	1.27811936876012	0.2	0.054
8	FNBP1	0.0371502127723134	3.34295084786407e-06	0.897529590139884	0.6	0.298
8	LPIN1	0.037337189737648	3.35977591448285e-06	0.702085289920727	0.417	0.169
8	CSRNP3	0.0404682512295942	3.6415235516597e-06	1.0849373062437	0.467	0.206
8	ELMOD3	0.0407744783870825	3.66907931135449e-06	1.43366218683701	0.283	0.099
8	PLPPR1	0.0412127135286897	3.70851377024114e-06	0.726306433587688	0.65	0.345
8	HEATR5B	0.0419923542109231	3.7786695051672e-06	1.60483774947033	0.217	0.062
8	SCRN2	0.0484485919095709	4.35963213439854e-06	1.56170668615956	0.283	0.1
8	ADCYAP1	0.0499546095012379	4.4951506794959e-06	0.419967487439271	0.717	0.386
12	SUSD5	1.04422104063349e-250	9.39639197906496e-255	9.73402635974267	0.846	0.005
12	TLL1	4.41580935349076e-59	3.97355291414628e-63	5.01261052445567	0.423	0.018
12	UNCX	5.2406177206315e-52	4.71575427034239e-56	5.0576838749189	0.5	0.033
12	EBF2	7.16938931401796e-47	6.45135365249524e-51	6.71561969386173	0.212	0.003
12	RASAL2	4.66426983805972e-45	4.19712934226556e-49	4.16890775032122	0.692	0.088
12	CUX2	1.09281709789411e-33	9.83368215508058e-38	3.90908985440179	0.731	0.14
12	CDH24	1.00249507757798e-26	9.02092214143773e-31	3.8639301863327	0.981	0.431
12	PTPRT	3.66957161275383e-26	3.30205310245103e-30	2.81209662888873	0.962	0.371
12	RBPMS	4.53710256139945e-25	4.08269824655759e-29	3.39591370981522	0.519	0.078
12	PDGFC	3.85912748108534e-24	3.47262438683104e-28	3.93712160509573	0.346	0.034
12	MDGA1	1.45195611029214e-23	1.30653838773701e-27	3.26552565413342	0.865	0.307
12	GRM8	2.2593155517842e-21	2.03303838008116e-25	3.39668240654491	1	0.603
12	CACNA1B	2.65547682831718e-21	2.38952292658794e-25	2.49773592892606	0.923	0.432
12	BCL11A	4.23477132588954e-21	3.81064638341541e-25	2.32869801407208	0.904	0.354
12	NAALAD2	1.28996804870044e-20	1.16077391226531e-24	5.20616204888436	0.115	0.003
12	VAV2	6.13622726055757e-20	5.52166585130709e-24	2.54918664104087	0.865	0.339
12	GABRB2	1.99627223216979e-18	1.79633963121551e-22	3.07422476719823	0.712	0.241
12	SEZ6	2.7116934688635e-18	2.44010930339557e-22	2.40027041043304	0.865	0.351
12	GRM2	7.36368143808195e-18	6.62618684251053e-22	1.48632814000045	0.846	0.294
12	PTPRD	1.37924359293329e-17	1.24110824523827e-21	2.17037214010962	0.904	0.454
12	MSI2	5.41534668894506e-17	4.87298361283637e-21	1.62886604501427	0.981	0.541
12	DPP6	2.28963702155727e-16	2.06032306448058e-20	2.80084640337785	1	0.691
12	FAM20C	5.65417318737127e-16	5.08789092717652e-20	3.26816235842048	0.865	0.414
12	GRIK2	7.1267597215961e-16	6.4129935405346e-20	2.17063578735809	0.885	0.478
12	CAMK2D	8.78133381329827e-16	7.90185711625868e-20	2.35075626047502	0.769	0.291
12	CRHR2	2.75234554384353e-15	2.47668995216731e-19	3.69047623273357	0.442	0.087
12	GABRA1	1.23064038735532e-14	1.10738809264403e-18	1.79340821158345	0.942	0.56
12	TNR	2.66652067705773e-14	2.39946070103278e-18	2.34820555038397	0.808	0.358
12	MGMT	5.00929001801226e-14	4.50759472510777e-18	2.46456868663033	0.673	0.23
12	RTN4RL1	8.72605885804205e-14	7.85211811215878e-18	3.53972029296123	0.885	0.596
12	TP53I11	8.80108551794767e-14	7.91963062894598e-18	2.99332553174889	0.5	0.123
12	IL13RA2	1.0567598195913e-13	9.50922180861426e-18	4.58718937776418	0.212	0.02
12	TMEFF2	1.15738163628381e-13	1.04146642336346e-17	2.08496957003236	0.846	0.437
12	PDE4A	4.48480460303077e-13	4.03563808425337e-17	2.70966574508993	0.731	0.308
12	PTPRN2	1.60743319623772e-12	1.44644398113716e-16	1.89909465058572	1	0.814
12	ITPR1	1.85578910960691e-12	1.66992631117332e-16	2.22752681824111	0.769	0.356
12	ARL4D	2.20864791037928e-12	1.98744525364823e-16	5.15166011283294	0.173	0.015
12	ZFHX3	3.7146944639221e-12	3.34265676587969e-16	1.78847894376267	0.788	0.309
12	BCL11B	3.97433864870759e-12	3.57629681337856e-16	2.47655246359006	0.558	0.161
12	CHST11	9.18211811199454e-12	8.26250167551025e-16	2.31706185022283	0.692	0.282
12	HTR2C	8.01744152418731e-11	7.21447091171358e-15	1.93209972654333	0.788	0.401
12	LRRN3	1.05889961127668e-10	9.52847666045787e-15	2.47338827035544	0.731	0.338
12	VWC2	1.16282380084564e-10	1.04636353895945e-14	2.77778605267417	0.423	0.099
12	ASAP2	1.3323983044339e-10	1.19895465169972e-14	2.33987653755436	0.519	0.15
12	HCN3	5.29901172121705e-10	4.76829993810586e-14	2.03109129628676	0.808	0.422
12	GALNT9	6.0376052381583e-10	5.43292111775245e-14	2.1056062287168	0.731	0.369
12	DOCK3	9.91575639193002e-10	8.92266389987404e-14	1.96705475712901	0.75	0.372
12	STAC2	1.48177841782388e-09	1.33337390247807e-13	3.91440191845975	0.269	0.045
12	USP6NL	1.89280272404942e-09	1.70323290205113e-13	2.14895171533799	0.654	0.259
12	PRKCA	2.18780201962154e-09	1.96868714084544e-13	2.29124568687138	0.827	0.558
12	GXYLT2	3.53207726455977e-09	3.17832922213603e-13	2.81648374130189	0.288	0.051
12	TRPM3	6.48915474879947e-09	5.83924660199718e-13	1.86267208407394	0.635	0.248
12	B4GALNT4	1.18234859015316e-08	1.06393286255121e-12	1.52462890676754	0.808	0.42
12	MARK3	1.87050756311339e-08	1.68317066778852e-12	1.6627124868643	0.865	0.627
12	FCHO1	1.15958242560069e-07	1.04344679708512e-11	2.31418329095525	0.519	0.181
12	ZFHX4	1.20702937291651e-07	1.0861417915203e-11	1.79081092129321	0.673	0.292
12	CSMD1	2.1060726681469e-07	1.89514322698362e-11	1.26646795865852	0.885	0.584
12	NECTIN2	3.52810722654118e-07	3.17475679523187e-11	2.12267564638528	0.846	0.669
12	SLC17A6	5.37402387469284e-07	4.83579940132533e-11	0.760616478294663	0.962	0.464
12	SCG3	6.07996455640261e-07	5.47103802429822e-11	2.03448462487207	0.615	0.28
12	HOMER2	7.22527614041327e-07	6.50164324701995e-11	2.7607896751674	0.327	0.08
12	GPC3	9.11237221019473e-07	8.19974103319961e-11	1.74916503783452	0.558	0.21
12	ANKRD13B	9.11729745739269e-07	8.20417300224304e-11	2.33841828368942	0.5	0.187
12	CPNE2	9.54865754839176e-07	8.59233109726605e-11	2.05122952128887	0.673	0.344
12	ADGRL1	1.10235332929433e-06	9.91949364972853e-11	1.46619123189492	0.788	0.522
12	CPNE5	1.13439380321404e-06	1.02078089014131e-10	2.29103917741745	0.731	0.383
12	NOS1	1.34201736062636e-06	1.20761033080749e-10	1.88106131418425	0.5	0.174
12	TMEM235	1.45388412488826e-06	1.30827330593742e-10	2.66240959381609	0.346	0.092
12	NLGN4Y	1.99789966122681e-06	1.7978040684125e-10	1.80976702276684	0.731	0.444
12	CA10	2.10354811215977e-06	1.89287151278662e-10	2.02155355087274	0.885	0.631
12	SDK2	2.45684843501094e-06	2.21078775759106e-10	0.813534987632926	0.827	0.517
12	HTR4	3.59588216986341e-06	3.23574387641808e-10	1.99302258325109	0.538	0.214
12	GPR158	5.25958290037029e-06	4.73282003092801e-10	1.1942781079645	0.769	0.459
12	RBMS3	5.94534905011741e-06	5.34990466131325e-10	2.13880963606134	0.827	0.489
12	CYRIA	3.14464756502821e-05	2.82970175922632e-09	1.90591225054762	0.346	0.094
12	GARNL3	5.42107097188185e-05	4.87813459181306e-09	2.02153939103005	0.654	0.357
12	TANC2	5.62856692275944e-05	5.06484920611845e-09	1.08153444008305	0.904	0.708
12	ADCY1	6.56951218439293e-05	5.91155600143339e-09	1.82333167468736	0.596	0.305
12	SLIT1	7.46454180591106e-05	6.71694574454338e-09	2.43607668774779	0.538	0.221
12	KCNT1	7.54700831294002e-05	6.79115298563846e-09	2.07270130977114	0.462	0.177
12	DPP10	0.000257285715517784	2.31517785942396e-08	1.814303214347	0.827	0.563
12	DAB1	0.00029990009659139	2.69864210016548e-08	1.86997557416052	0.673	0.444
12	RELN	0.000632955884680903	5.69563470422841e-08	2.38206683960515	0.288	0.081
12	ADGRL2	0.000663767009826683	5.97288769753157e-08	1.23620010698714	0.904	0.605
12	MAST1	0.00109755169085095	9.87628624899621e-08	1.56814296224579	0.635	0.383
12	NBEAL2	0.00110447952520801	9.93862616042481e-08	2.66969846113856	0.269	0.075
12	CELF2	0.00113884523212369	1.02478649520713e-07	0.774462442439559	1	0.853
12	TENM1	0.00168240433387113	1.51390653637284e-07	1.11347464305053	0.808	0.612
12	NSG1	0.0017121995064521	1.54071763380915e-07	1.29077388985708	0.712	0.484
12	FHOD3	0.0018085886211747	1.62745309203158e-07	2.00430432717287	0.365	0.129
12	CHRNA6	0.00189527044918783	1.70545347717793e-07	2.96400964654859	0.154	0.027
12	NRN1	0.00214375733654738	1.9290536637698e-07	1.2297857616382	0.596	0.28
12	PMEPA1	0.00256184876395161	2.30527199131793e-07	1.47422038012779	0.462	0.201
12	DRD1	0.00318938648387715	2.86995994229924e-07	2.25618573850772	0.346	0.124
12	CDH18	0.00334748991754523	3.01222884688674e-07	1.40948888707689	0.596	0.327
12	EFNB3	0.0037711692160072	3.39347540358787e-07	1.942212617701	0.596	0.381
12	NR2F2	0.00402863886363008	3.62515870028802e-07	1.57906529378844	0.577	0.309
12	RFTN1	0.00484505358052279	4.35980705527112e-07	2.55001678789746	0.231	0.059
12	PLCH1	0.00543764168883798	4.89304570218481e-07	1.88948931743648	0.385	0.144
12	SORCS2	0.00624128874004537	5.61620511117193e-07	1.03495454922245	0.827	0.523
12	NRG3	0.00806641010568687	7.25853514414368e-07	0.733619594163466	0.942	0.762
12	DLG3	0.00930210716453088	8.3704734675883e-07	1.35056730143658	0.712	0.502
12	CDH2	0.00952154950771552	8.56793800748269e-07	1.53358260709091	0.731	0.553
12	MEF2A	0.0136569993979144	1.22892102923733e-06	2.02687654574523	0.404	0.17
12	PDE4D	0.0147370189916644	1.3261062711837e-06	1.29163582268787	0.654	0.406
12	PARD3	0.0208818198839532	1.87904435201595e-06	0.581349703805227	0.692	0.443
12	OLFM1	0.0211268481974094	1.90109315193102e-06	0.450328526850875	0.788	0.522
12	ADCYAP1	0.0263286008346788	2.36917131599737e-06	0.730439522845024	0.692	0.388
12	USP43	0.0268061487710083	2.4121433250255e-06	1.84136030709484	0.635	0.371
12	DNAAF10	0.0349920936414575	3.14875313969743e-06	1.71249045104606	0.596	0.404
12	KLHL29	0.0399111096504304	3.59138933235224e-06	1.03380731653892	0.846	0.712
12	PCSK2	0.0406617843851742	3.65893857510791e-06	1.35369324799819	0.596	0.382
3	KCNT1	1.39715389439898e-81	1.25722477674704e-85	3.77766363739862	0.793	0.138
3	KCNQ5	1.12916285542483e-41	1.01607383733e-45	1.85355091443343	0.802	0.218
3	SLC32A1	5.73751183987416e-34	5.16288296578256e-38	0.733165095338367	0.926	0.303
3	PDE9A	2.54281687838892e-32	2.28814620569506e-36	3.11131549466334	0.43	0.078
3	FOXG1	3.50443253290391e-32	3.15345319257079e-36	2.58335127653073	0.38	0.055
3	ZNF385C	1.09130929417376e-29	9.82011422814502e-34	1.85677588707653	0.785	0.298
3	IRAG2	1.26622320008254e-29	1.13940718085354e-33	2.58866203633096	0.38	0.062
3	CNIH2	7.03794966869823e-29	6.33307807855506e-33	2.18203525711656	0.752	0.309
3	GAD1	6.88797186195398e-27	6.1981209951894e-31	1.76221461518841	0.777	0.28
3	MYO1B	1.24249525711279e-25	1.11805566193898e-29	4.16033767395819	0.207	0.019
3	SIPA1L1	3.47148548625124e-25	3.12380589062471e-29	1.80448647363314	0.843	0.455
3	PROM2	1.00596849067002e-23	9.05217754584739e-28	4.30932338200505	0.157	0.01
3	CACNG8	9.99383085511417e-23	8.99291897337728e-27	1.63750334077922	0.851	0.457
3	SLITRK1	1.32348454100435e-22	1.19093362818712e-26	1.50908689750721	0.818	0.38
3	AJAP1	8.1556615696889e-22	7.33884780859255e-26	1.53713304502607	0.785	0.347
3	FRMPD3	4.84977243653074e-21	4.36405330381602e-25	1.76475865732031	0.678	0.264
3	SHISA7	6.3857346951384e-21	5.74618437428093e-25	2.03270990829069	0.843	0.506
3	KCNF1	1.77965244813091e-20	1.60141496277414e-24	2.78879838146787	0.281	0.047
3	TRPC4	4.3837781776235e-20	3.94472975580266e-24	2.32062491768912	0.388	0.091
3	ARHGEF2	9.07028128506235e-20	8.16186563939742e-24	1.62407813062378	0.479	0.135
3	PRKD1	2.47080166399484e-19	2.2233435291954e-23	2.03798256368073	0.521	0.169
3	GDPD4	6.54278465726227e-19	5.88750531563238e-23	2.09351017862271	0.686	0.317
3	RAPGEF4	1.10726722179479e-18	9.96371116525503e-23	2.706596508715	0.314	0.064
3	PHOSPHO1	3.2261274550741e-18	2.90302119596337e-22	3.82882305630644	0.231	0.036
3	GABRA3	2.59515082568991e-17	2.33523875253299e-21	1.46506494196132	0.653	0.264
3	ADCYAP1R1	1.7933048084475e-16	1.61369999860299e-20	1.39767634796919	0.769	0.4
3	BAIAP3	1.83404424590054e-16	1.65035926023624e-20	1.53077046091094	0.636	0.256
3	TAFA5	1.36957152342702e-14	1.23240486225773e-18	1.91040951735754	0.917	0.596
3	GAL3ST3	1.45052957100196e-14	1.30525472059926e-18	1.62976000550137	0.488	0.174
3	SLC8A1	2.0085093905336e-14	1.80735120177594e-18	1.11473014686296	0.843	0.526
3	PLCB1	2.13444866292068e-14	1.92067728149076e-18	1.45815176084988	0.587	0.241
3	CAMK2A	9.95771258682231e-14	8.96041805707037e-18	1.60496315873496	0.603	0.278
3	RAVER2	1.21183330960318e-13	1.09046459966092e-17	1.36755923261135	0.76	0.441
3	FNDC4	2.39830607278167e-13	2.15810858704371e-17	1.79382794288548	0.504	0.208
3	NGEF	5.22515637030745e-13	4.70184142023527e-17	1.95809209203703	0.38	0.117
3	NPR1	5.51290683443984e-13	4.96077281961652e-17	1.36920080069438	0.471	0.162
3	SYT14	6.59337881188716e-13	5.93303231520486e-17	2.00778544698624	0.471	0.182
3	PDE1A	1.22288989481168e-12	1.10041383497857e-16	1.20194191080972	0.678	0.333
3	INF2	1.31137669505442e-12	1.18003841901775e-16	1.93302666222544	0.306	0.08
3	GFRA1	2.09553354333586e-12	1.88565962686571e-16	3.46472509975231	0.521	0.216
3	ADCY7	3.11119329324108e-12	2.79959803225149e-16	1.50702023275014	0.347	0.099
3	DOC2B	3.29859066948334e-12	2.96822700394433e-16	1.11516219987636	0.669	0.302
3	LINGO4	4.94191160387864e-12	4.44696445953266e-16	1.64311069129606	0.678	0.348
3	KCNG2	5.12945975287793e-12	4.61572910364252e-16	2.55648165896019	0.248	0.056
3	PPP3CA	9.26162516995506e-12	8.33404586516248e-16	1.36808357611214	0.802	0.535
3	GRIA1	9.35309782548032e-12	8.41635726219771e-16	0.734638404477518	0.818	0.43
3	RIN1	1.3176998734179e-11	1.18572831226303e-15	2.37348352692248	0.256	0.06
3	TM6SF1	2.05915063892009e-11	1.85292057852973e-15	3.30451878256055	0.124	0.014
3	DLG2	2.68152800294357e-11	2.41296499859945e-15	1.09910505179125	0.81	0.514
3	EFNA3	2.93231030883196e-11	2.63863071072794e-15	1.31855339288551	0.612	0.29
3	RAB26	8.69401336558537e-11	7.82328207107475e-15	1.34278355114588	0.587	0.268
3	ANO1	1.04282537797365e-10	9.38383315012735e-15	1.51511994012345	0.306	0.09
3	RAPGEFL1	1.20953234116139e-10	1.08839408005165e-14	1.40033303615763	0.603	0.328
3	LRRTM4	1.86334049795844e-10	1.67672140552366e-14	0.893550166905421	0.901	0.57
3	SCN3B	2.10391125782881e-10	1.89319828833691e-14	1.36268629853354	0.529	0.233
3	NRP1	3.55646539235042e-10	3.20027480639829e-14	1.15576353914664	0.76	0.387
3	NR4A2	3.83934246728965e-10	3.45482090100751e-14	1.58846821827973	0.231	0.052
3	DLGAP1	4.07034851844355e-10	3.66269100912764e-14	1.0269698032315	0.876	0.539
3	ALK	4.35891561889133e-10	3.92235725626863e-14	0.740846676892567	0.826	0.469
3	ELFN1	5.05419894414966e-10	4.54800588873361e-14	0.705151832872004	0.868	0.534
3	NSG1	6.70346063970173e-10	6.03208912058106e-14	0.983185596894497	0.785	0.468
3	PTPRN2	8.02751026091021e-10	7.22353123450932e-14	0.527187026129188	1	0.806
3	GRIN2B	1.00700624687285e-09	9.06151576417578e-14	0.750400379735428	0.959	0.692
3	NRGN	1.98650585707092e-09	1.78755138762793e-13	1.84934412157249	0.306	0.092
3	BAIAP2	5.67464396683392e-09	5.106311497196e-13	1.84361192514493	0.744	0.472
3	CALY	6.96651464276574e-09	6.26879748291707e-13	1.45686605546953	0.471	0.205
3	ATP2A3	1.21997593131024e-08	1.09779171358791e-12	1.42741363490487	0.397	0.154
3	DLX6	1.22761836888412e-08	1.10466873831019e-12	2.43595510508288	0.149	0.026
3	CRIP2	1.53069092907275e-08	1.37738768025983e-12	1.97938985117326	0.397	0.166
3	FAM184A	1.5676479583138e-08	1.41064335311239e-12	0.939312199663389	0.843	0.572
3	NAB1	1.6117978569046e-08	1.45037150805777e-12	1.52485368909945	0.314	0.1
3	BCR	2.17998691875386e-08	1.96165474557173e-12	0.968438848090586	0.661	0.357
3	GRIN1	2.68997751222453e-08	2.42056826439713e-12	0.966702962117918	0.934	0.718
3	KIRREL1	2.94012940322163e-08	2.64566669956054e-12	1.16496664463978	0.835	0.508
3	NOS1	4.92513040658665e-08	4.43186394905665e-12	1.45947111393565	0.413	0.166
3	OPRM1	7.22668947643954e-08	6.50291503323993e-12	1.88202455758955	0.355	0.138
3	NECAB1	1.61905537799639e-07	1.45690216682839e-11	1.34816447378417	0.372	0.142
3	RYR3	1.69039562357181e-07	1.52109747464394e-11	1.14158527446756	0.669	0.4
3	SEZ6	1.74674193723338e-07	1.57180053741868e-11	0.985878198670145	0.645	0.345
3	CSMD1	1.81827052394225e-07	1.63616532344304e-11	0.737669296963925	0.868	0.572
3	ISLR	1.84103468077905e-07	1.65664958227216e-11	1.2525144263942	0.702	0.408
3	GRM5	1.93539898695315e-07	1.741563022544e-11	0.887202550991082	0.793	0.487
3	ANO2	2.00132357295045e-07	1.80088506519432e-11	1.62033272619762	0.306	0.105
3	NLGN1	2.44811028732046e-07	2.20292476137898e-11	0.699135300344057	0.926	0.715
3	ROCK2	2.70548403707257e-07	2.43452176466532e-11	1.82902855271315	0.256	0.077
3	ECE2	3.68994483106247e-07	3.32038588235622e-11	0.816540967304363	0.736	0.449
3	CACNG4	5.3419041955118e-07	4.80689660353802e-11	1.24219602033822	0.554	0.28
3	MEIS2	5.44958134144511e-07	4.90378956307488e-11	2.07609204506364	0.264	0.084
3	MINK1	8.7581759252988e-07	7.88101855961379e-11	0.99478061740338	0.661	0.414
3	LRRC4B	9.12985728017086e-07	8.21547492141713e-11	1.01716381119593	0.802	0.522
3	ADGRB3	9.75715968950527e-07	8.77995112886284e-11	0.719848151393818	0.95	0.738
3	LRRC4C	1.00019716898956e-06	9.00024447934454e-11	1.06372787592555	0.876	0.576
3	PRKCB	1.23866904758724e-06	1.11461265867654e-10	1.46151855971438	0.719	0.455
3	EFNB3	1.47390977607489e-06	1.32629332860154e-10	0.966523267259874	0.645	0.367
3	KCNIP2	2.01472919809421e-06	1.81294807711168e-10	1.37414793697235	0.57	0.341
3	LRP1B	2.24823714835619e-06	2.02306951170358e-10	0.657314019271186	0.851	0.508
3	NAB2	2.57894150587382e-06	2.32065284430291e-10	2.38757027396366	0.174	0.042
3	WHRN	3.20728917418922e-06	2.88606962493406e-10	1.11967394594415	0.521	0.263
3	PHACTR2	3.71837425355866e-06	3.34596801364048e-10	1.93532429471653	0.19	0.05
3	IL1RAPL1	3.88366059832261e-06	3.49470043941565e-10	0.983530577478835	0.909	0.678
3	GFRA2	4.59342113691508e-06	4.1333763492442e-10	1.17131322780413	0.496	0.245
3	CALN1	4.7851154665585e-06	4.30587192167597e-10	1.231035022409	0.479	0.235
3	C3	7.6891703755354e-06	6.91907709487573e-10	1.45217532922655	0.364	0.154
3	CAMK2D	8.57083844661798e-06	7.71244348656347e-10	0.668053858986378	0.562	0.286
3	ITPR1	9.12913996311439e-06	8.21482944579716e-10	1.36011421778407	0.612	0.35
3	CADPS2	1.17584611477286e-05	1.05808162941857e-09	0.843530217562755	0.496	0.245
3	RASGRF2	1.27248704480793e-05	1.14504368290104e-09	1.33004093443542	0.413	0.182
3	MAP2K1	1.28459494755546e-05	1.15593894317957e-09	2.03186151807333	0.248	0.082
3	NTRK3	1.67295249370711e-05	1.50540132611096e-09	0.795215932559505	0.917	0.661
3	GAD2	1.78027544939877e-05	1.60197556861223e-09	0.5556889708626	0.537	0.25
3	CDH4	1.86693657130096e-05	1.67995732142622e-09	1.01793942109783	0.702	0.467
3	PTPRN	2.0266609344611e-05	1.82368481459651e-09	0.692287588941075	0.719	0.447
3	FOSL2	2.55225137838212e-05	2.29663581245579e-09	1.38626296821614	0.314	0.121
3	AK5	2.57708471409741e-05	2.31898201574499e-09	0.507040223217448	0.686	0.42
3	PLPPR4	3.3494432022034e-05	3.01398650427733e-09	0.714280951216165	0.81	0.542
3	ST8SIA5	3.61778955009945e-05	3.25545716737105e-09	0.558729866625395	0.868	0.628
3	NLGN4Y	3.84633040916599e-05	3.46110897972284e-09	0.731311630369907	0.711	0.432
3	HOMER2	5.58503232002826e-05	5.02567472332247e-09	1.56983706199572	0.231	0.076
3	GABBR1	6.01552805916236e-05	5.41305503389036e-09	0.4066513999437	0.975	0.744
3	PLEKHA5	8.01139927157316e-05	7.20903380866837e-09	1.0741025157748	0.364	0.165
3	MPRIP	8.42895032663739e-05	7.58476588377341e-09	0.950490737176801	0.496	0.274
3	VWA5B1	8.670152208585e-05	7.80181067991092e-09	1.43019840405716	0.264	0.096
3	LRRC7	9.66755325203275e-05	8.69931904259224e-09	0.698086791138691	0.785	0.539
3	LRRTM2	0.000100627405466257	9.0549271543469e-09	1.2831853390013	0.455	0.235
3	PTPN5	0.000119367839005656	1.07412794929952e-08	1.5888595526571	0.488	0.275
3	DMTN	0.000165656718661051	1.4906570562499e-08	1.04259548351014	0.496	0.272
3	DLG4	0.000267709562301066	2.4089765346987e-08	0.959191787742836	0.744	0.495
3	XKR7	0.000307806553037397	2.7697881133573e-08	0.943302502821585	0.76	0.519
3	ZFHX3	0.000324615873987453	2.92104628801812e-08	0.625112113773569	0.57	0.305
3	SP9	0.000331696269548325	2.98475901690205e-08	1.9249323940208	0.19	0.058
3	GRIA2	0.000377524316961177	3.39714133862303e-08	0.8038170139742	0.694	0.465
3	PRICKLE2	0.000412521856837658	3.71206566037666e-08	0.892598223556474	0.479	0.258
3	ACHE	0.000445383904323684	4.0077738173642e-08	0.886912636839442	0.645	0.439
3	PCDH17	0.000481909758544576	4.33645063029403e-08	0.825749121387781	0.727	0.439
3	DNAJB5	0.000482390311447976	4.34077487130366e-08	2.08610582494756	0.14	0.036
3	SYBU	0.000688178375467269	6.19255264525572e-08	1.04379365440393	0.496	0.282
3	DNER	0.00076962964513367	6.92548947299263e-08	0.543618057302072	0.851	0.598
3	KLF12	0.000793151096175062	7.13714655066195e-08	0.901749517214971	0.438	0.23
3	CLMN	0.000810431530503394	7.29264402504629e-08	0.821241243552287	0.388	0.182
3	CAMK2B	0.000829753513328366	7.46651231286211e-08	1.33129642615379	0.744	0.557
3	PLPPR2	0.000980205086877011	8.82034632301819e-08	1.45445696191748	0.579	0.357
3	GABRA5	0.00109255774467438	9.83134837284608e-08	0.896201063416826	0.562	0.359
3	CELF6	0.00119344360304882	1.07391667690886e-07	0.436439397206936	0.86	0.59
3	SSTR2	0.001225377895587	1.10265265507693e-07	2.4411882726176	0.19	0.062
3	DAPK1	0.00150437249062864	1.35370511169679e-07	0.81935478467042	0.471	0.256
3	PTGER3	0.00181068776145309	1.62934199716827e-07	2.03089550534662	0.124	0.03
3	SYNGR1	0.0018522381428617	1.66673098430819e-07	0.788252150549939	0.579	0.362
3	PPEF1	0.0019164572082711	1.7245183193297e-07	1.99006978379447	0.157	0.046
3	TACR1	0.00208252046858853	1.87394985025514e-07	1.7407125278661	0.298	0.134
3	DLX1	0.00221605051683072	1.99410646704825e-07	1.36781899554417	0.182	0.058
3	GPR153	0.00256766379489864	2.31050462962174e-07	0.667075319846596	0.636	0.406
3	NBR1	0.00259258004927568	2.33292544702212e-07	1.2053719704033	0.727	0.544
3	SSTR5	0.00260660206740911	2.34554311833808e-07	1.23340349776436	0.248	0.099
3	ADAM12	0.00265737259421536	2.39122882589342e-07	1.74018112545816	0.339	0.161
3	NEURL1	0.00268905781068171	2.41974067369901e-07	0.771572264935316	0.43	0.225
3	FAM131A	0.00298755575458777	2.68834316079166e-07	1.06889020409227	0.521	0.315
3	RBM14	0.00310678088377008	2.7956275387115e-07	0.754919341923093	0.57	0.351
3	IL1RAPL2	0.00392055117060175	3.52789631116868e-07	0.605215614214472	0.736	0.464
3	GRIK5	0.00438232401098115	3.94342122827423e-07	0.404267868122567	0.835	0.595
3	PASD1	0.00466384021001219	4.19674274274471e-07	1.3405930919905	0.306	0.139
3	GRIK2	0.00467896935581312	4.21035665959968e-07	0.388975680198247	0.736	0.471
3	CHD5	0.00567087868289671	5.10292331764304e-07	0.637591291082883	0.645	0.4
3	NPNT	0.00574551786754373	5.17008716597114e-07	1.01476617431257	0.355	0.177
3	ADAM22	0.0064338893983025	5.78951624071132e-07	0.709557014420985	0.711	0.499
3	TOX2	0.00675681774913594	6.08010235682169e-07	1.17347981170492	0.545	0.323
3	DLX2	0.00687171000753337	6.18348781385167e-07	1.54565186115414	0.14	0.04
3	SLITRK4	0.00718338631988915	6.46394881660141e-07	0.69009530369097	0.521	0.295
3	SLC8A3	0.00752276537875838	6.76933805341346e-07	0.627261931240195	0.785	0.526
3	SLC18A2	0.00859372026743447	7.73303362497478e-07	2.21538360760173	0.14	0.042
3	LRRN3	0.00885828355605442	7.9711001134297e-07	0.633360695303172	0.562	0.333
3	RNF122	0.0107517317455413	9.67491383563512e-07	0.982091467451097	0.405	0.219
3	ARID1B	0.0108981437270862	9.80666222179991e-07	0.538862466446944	0.736	0.488
3	ZNF804A	0.0111075697460113	9.99511360209782e-07	1.64511659129419	0.331	0.172
3	ASIC1	0.0112256197961321	1.01013405886188e-06	1.17043041049247	0.314	0.15
3	PDE1C	0.0116753620284038	1.05060397987976e-06	0.85054965197684	0.331	0.153
3	KCNA5	0.0152071861329325	1.36841412156326e-06	1.30187512914731	0.256	0.11
3	TMEM91	0.015484635984704	1.39338036396148e-06	1.24750947585615	0.248	0.105
3	GRM7	0.0171501666951409	1.54325264961225e-06	0.563563510489905	0.645	0.4
3	BOK	0.0180490391760501	1.62413742248269e-06	2.23245747870068	0.116	0.031
3	CHRM4	0.0183922835945665	1.65502416940218e-06	1.7339415116399	0.248	0.107
3	BRSK2	0.0192338620994033	1.73075336087495e-06	0.892822861244239	0.843	0.644
3	GPR45	0.0220705904684326	1.98601551952062e-06	1.16774132552432	0.256	0.111
3	FOXP4	0.0230459352736458	2.07378163175073e-06	1.39302364299836	0.174	0.06
3	FIGN	0.0236687597991306	2.1298263114488e-06	0.649160920641685	0.298	0.132
3	FAM107B	0.0244857814886466	2.20334576519811e-06	1.11702737294121	0.165	0.055
3	CTSF	0.0252163961544737	2.26908990861817e-06	0.394701324872016	0.744	0.499
3	NALCN	0.0267737181129116	2.40922506190152e-06	0.676075342810374	0.702	0.498
3	KCNC4	0.0270689849300046	2.43579455862545e-06	1.46070800966781	0.215	0.085
3	GFRA4	0.031970136449205	2.87682322048097e-06	0.646968871966684	0.669	0.455
3	ADAMTSL3	0.032281040862716	2.90479986166796e-06	0.832470658386737	0.529	0.328
3	CCDC142	0.0323504401820809	2.91104473878168e-06	0.687490441495119	0.537	0.349
3	AGO3	0.0326815267939149	2.9408374690826e-06	2.51576040089621	0.149	0.049
3	SERINC1	0.0387132798971782	3.48360297823974e-06	0.39401464298532	0.81	0.563
3	EGR1	0.0421179030599871	3.78996698101206e-06	1.16318014113622	0.157	0.052
3	HOMER1	0.0448025136573006	4.03154086720963e-06	1.23243314620212	0.43	0.258
3	CRTAC1	0.0456377143654137	4.10669615454096e-06	1.59634605826325	0.174	0.063
3	CAPN5	0.0458821131380642	4.12868830541386e-06	0.913730958379673	0.479	0.296
3	SULF2	0.0460494836263007	4.14374908902193e-06	0.474428278154605	0.471	0.262
3	SPTBN1	0.0476917038860787	4.29152379070266e-06	0.553894787465485	0.901	0.734
21	GBX1	4.25925747276585e-39	3.83268016986039e-43	8.19553744021638	0.158	0.001
21	LHX6	1.87910272545079e-31	1.69090499905587e-35	4.27725758291565	0.684	0.047
21	RDH8	6.43484663303353e-12	5.79037760553724e-16	4.60768487099956	0.158	0.005
21	ADARB2	2.83454748827829e-11	2.5506591273988e-15	2.99232727500512	0.842	0.19
21	CHRNA2	3.99738557432778e-11	3.59703552085646e-15	4.39507726660239	0.316	0.024
21	TREH	2.20275993835833e-09	1.98214697953598e-13	5.7015372008609	0.105	0.002
21	SYNPO2	2.23886070187546e-09	2.01463214422339e-13	3.54685307481427	0.158	0.006
21	ATP10B	3.68048396812578e-09	3.3118725529792e-13	3.6299153704304	0.211	0.012
21	PPP2R3C	8.1415300463922e-09	7.32613159938109e-13	2.70163936287612	0.316	0.027
21	CYGB	2.51911176204665e-08	2.26681522725335e-12	3.35927300358765	0.474	0.068
21	ARX	2.62115251317934e-08	2.35863629369148e-12	3.24076274526297	0.421	0.052
21	RUNX1T1	1.34035622460715e-07	1.20611556250081e-11	3.1240315150119	0.895	0.312
21	WDCP	1.47390449715524e-07	1.3262885783814e-11	5.09897923941051	0.105	0.003
21	HPGD	1.47390449715524e-07	1.3262885783814e-11	5.29235572154229	0.105	0.003
21	KREMEN1	9.02712152104288e-07	8.12302845410139e-11	4.38998440043375	0.316	0.035
21	GLRA3	1.45145460833904e-06	1.30608711269598e-10	2.45650999290747	0.526	0.089
21	MRRF	1.72377453638159e-06	1.55113339006712e-10	2.27776181875104	0.579	0.105
21	SIGMAR1	3.10504858865455e-06	2.79406873810362e-10	3.22933432361206	0.316	0.035
21	OSBPL3	5.89085333289094e-06	5.30086685223696e-10	2.47466123624227	0.579	0.114
21	ELFN1	7.67875373586596e-06	6.90970371264821e-10	3.70943531862332	1	0.554
21	ZNF385C	1.3140964429238e-05	1.18248577604949e-09	1.4174678915649	0.947	0.327
21	LHFPL1	1.46773920983583e-05	1.32074076292255e-09	2.19566302692282	0.421	0.064
21	DHRS1	2.60907367493963e-05	2.34776718702387e-09	3.12307517033828	0.263	0.027
21	CRHBP	0.000100383569897785	9.03298568323447e-09	5.07281009018492	0.263	0.03
21	NECAB2	0.000195290130341437	1.75731242995984e-08	2.02543814121801	0.947	0.461
21	TACR1	0.000585779039031841	5.27111526169208e-08	2.67827483919139	0.579	0.141
21	KCNJ9	0.000661626589560456	5.9536271894219e-08	2.07429168439368	0.632	0.177
21	BCKDHA	0.000772638170304758	6.95256159727129e-08	3.54429896170239	0.263	0.034
21	PHYHIP	0.000775677624500782	6.97991203546101e-08	2.68348562904919	0.211	0.021
21	DRD1	0.0010010342352626	9.00777679530819e-08	2.65396350235424	0.526	0.126
21	CHRM5	0.0010271549039312	9.24282285549535e-08	3.28748517364017	0.316	0.049
21	SHISA6	0.00113185870090857	1.01849968587111e-07	1.98956812920068	0.842	0.338
21	VSTM2L	0.00135218807664796	1.21676241937187e-07	2.41075354688962	0.895	0.448
21	MAGI3	0.00156889455545218	1.41176509983999e-07	1.95464834601679	0.789	0.278
21	FASTKD3	0.00164350663936222	1.47890456165052e-07	3.86412790967784	0.105	0.006
21	DIPK1A	0.00173502069008127	1.56125320802778e-07	2.29702184625822	0.526	0.134
21	NETO2	0.00190200105499925	1.71150999280055e-07	1.90343678354739	0.895	0.484
21	FNDC5	0.00193043978459418	1.73710049904992e-07	1.93397565358538	0.526	0.125
21	HOMEZ	0.00237400745865265	2.13624355138365e-07	1.60530386279734	0.211	0.022
21	CNIH2	0.00279461606640534	2.51472695618225e-07	1.89149587471604	0.842	0.336
21	FLRT3	0.00380035150784663	3.41973500211161e-07	2.04220832210838	0.526	0.119
21	WDR76	0.00424545782897668	3.82026260143676e-07	2.7478305335079	0.211	0.024
21	PDSS1	0.00458326441562	4.12423685379285e-07	4.1305837163699	0.211	0.024
21	ARHGAP24	0.00777477972247558	6.99611241111813e-07	1.75970574017564	0.474	0.109
21	KIT	0.00893870160734966	8.04346405772488e-07	3.76512534877002	0.368	0.076
21	FAAH2	0.00959947555609313	8.63805953036366e-07	2.4918349227684	0.211	0.025
21	GAD1	0.0134825312917574	1.2132215685915e-06	2.23638010975467	0.789	0.311
21	TMEFF2	0.0138163272704103	1.24325810045985e-06	1.55516860274594	0.895	0.444
21	MRPL9	0.0146675252126357	1.31985289414521e-06	3.2503079934558	0.158	0.015
21	PEX5L	0.0171503021948284	1.54326484251133e-06	3.26839506161996	0.737	0.308
21	ZIC1	0.0188708995719723	1.69809228578892e-06	1.77440806952812	0.579	0.166
21	SLC32A1	0.0214078542954714	1.92637940209407e-06	0.70106301983523	0.895	0.343
21	INPP1	0.0229639898940742	2.06640780114048e-06	2.03362372873847	0.263	0.039
21	GOPC	0.0266874792389322	2.40146488247387e-06	2.45780190363245	0.263	0.04
21	MYOT	0.028777853300032	2.58956657068587e-06	2.28538724024349	0.158	0.016
21	SLITRK3	0.0316040816076285	2.84388388442621e-06	1.62392842241923	0.737	0.27
21	FRMPD3	0.0319183500390026	2.87216323576015e-06	1.87590703372869	0.737	0.29
21	CACNG7	0.0329012624121595	2.96061031334109e-06	2.00636268451066	0.737	0.301
21	BLVRA	0.0383022311164583	3.44661487595233e-06	2.48875597751615	0.263	0.042
21	FAM163A	0.0445806315562137	4.01157487233093e-06	2.68363638908053	0.474	0.137
21	PCDH19	0.0450116019434376	4.05035561445493e-06	1.43430561811712	0.789	0.331
15	DNAAF11	5.7910620063979e-107	5.21106992387105e-111	6.46826625549469	0.657	0.016
15	TTLL3	3.87721423500052e-101	3.48889969855172e-105	6.34130951697036	0.714	0.022
15	SNED1	5.90868438118776e-92	5.31691206801742e-96	7.39536469531836	0.514	0.01
15	LRRC74B	1.42649159346594e-91	1.28362421800228e-95	6.04646884233916	0.6	0.016
15	CFAP20DC	1.65997572331459e-77	1.49372421786609e-81	7.60305147180877	0.314	0.003
15	DNAI1	5.72718358426763e-74	5.1535891156912e-78	8.74382656971245	0.286	0.002
15	CDC20B	1.69922364036141e-73	1.52904133929759e-77	8.02258489027987	0.371	0.006
15	FSIP1	1.57009654766403e-66	1.4128467089571e-70	6.05460447842519	0.571	0.023
15	DNAH1	2.19779702387295e-64	1.97768111569599e-68	8.60408681573039	0.257	0.002
15	RIPOR3	3.11222146076004e-59	2.80052322573566e-63	4.92291457133653	0.571	0.026
15	CAVIN4	2.62644973897473e-57	2.36340298656954e-61	7.03025947212679	0.4	0.011
15	ECT2L	3.6701501715777e-52	3.30257371688806e-56	4.72677191451503	0.943	0.11
15	EFHC2	5.45843309478787e-52	4.9117547869953e-56	7.56389567532709	0.286	0.005
15	EFHB	6.19757680436629e-52	5.57687105585016e-56	6.88993985169627	0.286	0.005
15	CCDC146	8.9664233757182e-49	8.06840940854693e-53	6.69429747831509	0.314	0.008
15	MORN5	9.4694896120671e-49	8.52109206520931e-53	6.9504678746976	0.314	0.008
15	DNAH7	3.66440207931991e-48	3.29740131316468e-52	5.0599052287897	0.686	0.054
15	ERICH6	1.50947035016365e-47	1.35829240543836e-51	11.3615470625194	0.143	0
15	DNAJB13	1.37369868581846e-43	1.23611867706152e-47	5.9244046654688	0.286	0.007
15	WDR27	3.03726232935921e-42	2.73307147427267e-46	4.94816237703004	0.571	0.041
15	ARMC3	4.72788671967303e-42	4.25437480398905e-46	7.54735930681142	0.171	0.001
15	CFAP74	5.03203879565761e-42	4.5280651450172e-46	5.51021341652445	0.4	0.018
15	STPG1	2.5983936214285e-41	2.33815677263431e-45	7.59405502657235	0.2	0.003
15	DNAH10	2.69461174409187e-41	2.42473836416078e-45	7.16969609932121	0.2	0.003
15	CCDC3	2.89781205201495e-41	2.60758755692878e-45	6.45759458856172	0.2	0.003
15	CCDC81	3.10342879738462e-40	2.79261117374662e-44	6.18885469067416	0.371	0.016
15	DNAH6	1.66860819354112e-38	1.50149212052652e-42	5.85635488446196	0.371	0.016
15	FBXO16	1.97378424575332e-38	1.77610388351779e-42	5.01730169911023	0.257	0.006
15	DNAAF4	1.42622961767955e-37	1.28338847987002e-41	8.01198447557057	0.2	0.003
15	PACRG	5.79227487695139e-37	5.21216132183154e-41	4.48562670155449	0.743	0.088
15	EGF	2.01764570226941e-36	1.81557248472007e-40	7.27449832215518	0.229	0.005
15	NEK5	3.20916706884787e-34	2.8877594428578e-38	6.90849335322216	0.2	0.004
15	CEP250	9.16109596046218e-34	8.24358495497361e-38	7.15514360761715	0.829	0.139
15	AKNA	2.92884950289803e-33	2.63551651480071e-37	4.51555746196893	0.4	0.023
15	SPATA6L	8.13189308601297e-33	7.3174598092441e-37	9.08154693902186	0.143	0.001
15	CCDC181	9.97600320249418e-33	8.97687681318652e-37	6.60538240005527	0.143	0.001
15	CFAP221	7.70944542279005e-32	6.93732153584995e-36	5.07166777241574	0.429	0.029
15	SPAG17	2.54045073425191e-31	2.28601703793027e-35	5.89070607322429	0.2	0.004
15	CFAP299	4.54175069043577e-30	4.08688085164741e-34	4.71241785822064	0.6	0.066
15	ODAD2	1.46960917488932e-29	1.32242344541467e-33	4.75749670008995	0.229	0.007
15	ADGB	1.54151593288872e-29	1.38712852775013e-33	4.61482938032922	0.457	0.036
15	TBATA	2.28555865049547e-29	2.05665315440968e-33	6.84629402788659	0.171	0.003
15	DOCK2	8.37590833715987e-29	7.53703620728865e-33	4.82547762353628	0.4	0.028
15	TULP2	3.30687196190077e-28	2.97567890029764e-32	8.09362429810491	0.143	0.002
15	IQCH	6.87691104632421e-28	6.18816795313975e-32	5.10213143751047	0.229	0.008
15	ADAMTSL2	1.4429564526272e-27	1.29844007255214e-31	4.75772142768205	0.286	0.013
15	ROPN1L	4.58732515043394e-27	4.12789089393858e-31	5.75313470722806	0.257	0.011
15	AK9	7.03851973256089e-27	6.3335910488265e-31	6.63559053157105	0.2	0.006
15	GABRB3	1.15073968298593e-24	1.0354896814415e-28	4.90093349124969	0.971	0.319
15	ZMYND12	3.26139359776122e-24	2.93475532957907e-28	5.44815097927927	0.314	0.019
15	RIIAD1	4.49578447680888e-24	4.04551829101852e-28	5.92450160385927	0.171	0.004
15	ARMC2	8.47701744390662e-24	7.62801893629679e-28	5.52391305103088	0.229	0.009
15	CFAP45	9.75285737999396e-24	8.77607970844413e-28	7.57122448490729	0.114	0.001
15	ULK4	9.77023210475048e-23	8.79171430284395e-27	4.371996592759	0.514	0.062
15	CD99	1.42015188238793e-22	1.277919447843e-26	5.12991810728462	0.257	0.013
15	GEM	3.95385932459493e-22	3.55786855448118e-26	6.26060761225069	0.171	0.005
15	CFAP46	4.91528906956786e-22	4.42300825120837e-26	5.01343049568404	0.429	0.043
15	MMP2	5.54938056075361e-22	4.99359359376731e-26	5.34077580569991	0.171	0.005
15	DOK1	5.78667756939033e-22	5.20712460126908e-26	3.87946809286421	0.629	0.099
15	CFAP161	6.90458140622735e-22	6.2130670442071e-26	5.58476176188018	0.2	0.008
15	ODAD1	8.91826233917263e-22	8.02507184304205e-26	5.00854004078905	0.257	0.014
15	SPAG8	1.44618827497544e-20	1.30134821828078e-24	4.47574728633735	0.429	0.045
15	DCLRE1C	1.86130094615135e-20	1.67488612089567e-24	4.84735457164991	0.343	0.028
15	SLC2A1	2.78258422175107e-20	2.50390013655275e-24	3.78723891272709	0.371	0.033
15	DNAI3	1.00272649621636e-19	9.02300455517287e-24	5.73070736522773	0.114	0.002
15	GPR156	1.0358779655839e-19	9.32131706635382e-24	5.32796739444459	0.114	0.002
15	RHBG	1.58625334299007e-19	1.42738535318102e-23	6.46458212701159	0.2	0.009
15	MYO18A	1.254133162426e-18	1.12852799642401e-22	4.86372147248532	0.286	0.021
15	CFAP61	5.46137233688449e-18	4.91439965525465e-22	4.40013781040945	0.286	0.021
15	GJA1	1.97357685297685e-17	1.77591726174467e-21	2.93412656899481	0.6	0.102
15	DTHD1	2.31276530528085e-17	2.08113498180586e-21	6.16115204792873	0.143	0.004
15	CCDC40	2.54107071042088e-17	2.28657492164211e-21	5.7100710031079	0.143	0.004
15	FBXO36	4.52844654806661e-17	4.07490915870297e-21	5.21546985157617	0.229	0.014
15	PZP	5.38189094272875e-17	4.84287855910083e-21	2.90053537898083	0.629	0.117
15	FABP7	5.6824118210044e-17	5.11330137766976e-21	2.6243722687548	0.743	0.167
15	TEKT2	7.76296907251499e-17	6.9854846328759e-21	7.70492020211412	0.114	0.003
15	MYB	8.69721754798703e-17	7.82616534507966e-21	6.43201264553306	0.114	0.003
15	CFAP70	2.23464703780834e-16	2.01084049114401e-20	5.58463823484053	0.229	0.014
15	CELSR1	4.30800331861096e-16	3.87654397427424e-20	3.61920228454409	0.457	0.064
15	TMEM107	1.16542128156294e-15	1.04870087425802e-19	4.65896505510095	0.257	0.019
15	EMP1	4.57728165367605e-15	4.11885328325029e-19	4.97482907265605	0.171	0.008
15	MMP15	5.01386215389145e-15	4.51170894798114e-19	3.8684191487802	0.486	0.078
15	NOTCH2	5.46056470377423e-15	4.91367290900228e-19	3.80329807496828	0.257	0.02
15	CIMAP3	1.73115449433312e-14	1.55777422328185e-18	6.44982055610559	0.114	0.003
15	CFAP126	3.03684124053138e-14	2.73269255874326e-18	5.825490581921	0.143	0.006
15	PODXL	1.13921983961611e-13	1.02512358464511e-17	3.93607879751493	0.229	0.017
15	GPM6B	1.19077631270664e-13	1.07151652362696e-17	1.8918520132669	0.8	0.214
15	KIF6	5.75996624440533e-13	5.18308849492066e-17	4.12539570499968	0.343	0.043
15	DAW1	5.85297235041147e-13	5.26677976281064e-17	4.79441135900323	0.143	0.006
15	MSI1	1.36929329494816e-12	1.23215449918848e-16	3.26554550425567	0.686	0.179
15	NFIX	1.96312047421749e-12	1.76650812041527e-16	2.65861365643767	1	0.458
15	ANKRD6	2.21864873879481e-12	1.99644446935554e-16	2.99263191737398	0.429	0.065
15	CFAP58	7.02588497021298e-12	6.32222169550344e-16	5.0772909136777	0.143	0.007
15	CCDC39	7.53323107437323e-12	6.77875557848757e-16	4.47716084139425	0.143	0.007
15	STPG2	9.47337974189727e-12	8.52459258696776e-16	3.99163955269078	0.314	0.039
15	PKD1L2	3.19995208088859e-11	2.87946736334796e-15	3.73620223147635	0.429	0.076
15	TTLL9	3.49434961998232e-11	3.14438011336482e-15	7.75729314018347	0.114	0.004
15	CYP27A1	4.69034544131075e-11	4.2205933963023e-15	5.16972291015102	0.2	0.016
15	UBXN11	5.21279094688878e-11	4.69071443074667e-15	5.01066541932573	0.171	0.011
15	LGR5	8.79843457823769e-11	7.91724518873184e-15	3.68214739738893	0.257	0.027
15	SYNM	1.3828276849062e-10	1.24433337974102e-14	4.79754956847033	0.2	0.016
15	FOXI1	2.35236500845674e-10	2.11676865693938e-14	3.52280756180115	0.429	0.08
15	LRRC9	4.29412546793154e-10	3.86405603161301e-14	4.66676709291775	0.229	0.023
15	SPAG6	7.56110336178953e-10	6.8038363734271e-14	4.91323844808783	0.114	0.005
15	CFAP100	2.70022194395541e-09	2.42978668582328e-13	4.53449808501987	0.143	0.009
15	IGFBP4	7.55638444808652e-09	6.79959007296547e-13	3.02994640475785	0.543	0.139
15	ENO4	8.06281736224884e-09	7.25530222464576e-13	3.82127598346269	0.314	0.048
15	AK7	1.19288716229154e-08	1.07341596534828e-12	4.57254001743586	0.171	0.014
15	CDC14A	1.37377293895085e-08	1.23618549352186e-12	3.23282287264335	0.314	0.046
15	ITM2B	3.01398139927282e-08	2.71212219857178e-12	2.62174141180004	0.6	0.177
15	ODF2	3.15369484387866e-08	2.83784292619334e-12	4.19580845658102	0.314	0.05
15	CFAP119	4.36174492670146e-08	3.92490320048723e-12	4.6219607714545	0.143	0.01
15	SCAMP3	4.51421755053235e-08	4.06210523758873e-12	3.17344897399168	0.6	0.195
15	MLC1	5.32005285658592e-08	4.78723374119132e-12	2.60536525739382	0.429	0.088
15	MORN2	7.03531625729292e-08	6.33070841113374e-12	4.84837473658234	0.114	0.006
15	CYFIP1	7.58703784528184e-08	6.82717344126864e-12	3.75262059858885	0.229	0.027
15	LRP2	9.01165679439493e-08	8.10911256581925e-12	3.16392358095828	0.257	0.034
15	WDR93	1.52655883345439e-07	1.37366942630648e-11	4.56921492907445	0.171	0.016
15	RASSF2	1.65526980637811e-07	1.48948961250617e-11	3.56561648986598	0.371	0.074
15	RFX2	2.06204043103982e-07	1.85552094937445e-11	3.3298241171281	0.343	0.063
15	CCDC13	2.08734321804626e-07	1.87828958701184e-11	4.32761434045191	0.143	0.011
15	CD44	2.43604688266707e-07	2.19206954257812e-11	2.70227997216584	0.571	0.182
15	LRGUK	5.15674171938129e-07	4.64027870006415e-11	5.417914435409	0.143	0.011
15	GLIS3	6.86431717745834e-07	6.1768353976949e-11	4.23236159189991	0.143	0.011
15	PELI1	9.22116621690422e-07	8.29763899658438e-11	3.3424480341827	0.457	0.122
15	TRIM36	1.05379811681315e-06	9.48257101424591e-11	3.33596396349996	0.6	0.218
15	DENND2D	2.37205131610094e-06	2.13448332232605e-10	4.0401178760806	0.114	0.008
15	HTRA1	6.22735657063949e-06	5.60366828996625e-10	3.67736401569052	0.143	0.013
15	RNF32	8.16400556064225e-06	7.34635612403694e-10	5.54472124914257	0.114	0.008
15	BAIAP2L2	9.29778991789676e-06	8.36658860604406e-10	4.60278514628866	0.114	0.008
15	DOK6	9.30820112737556e-06	8.37595710193068e-10	3.25776727366901	0.457	0.134
15	CFAP91	1.00502971876686e-05	9.04373003479578e-10	4.69570343847978	0.114	0.008
15	GRK7	1.00502971876686e-05	9.04373003479578e-10	3.83882522097463	0.114	0.008
15	STX3	1.63594807084134e-05	1.47210300624615e-09	4.03614366151676	0.229	0.034
15	LDLRAP1	1.91841021943615e-05	1.72627573061833e-09	3.05336447316573	0.343	0.072
15	GLI2	3.95619831920661e-05	3.55997329182633e-09	2.91808629470564	0.2	0.027
15	SLC8A1	4.73465764783662e-05	4.26046760356035e-09	1.7163956726409	0.829	0.543
15	CAMKK1	4.7766071643904e-05	4.29821575127364e-09	2.12888319408505	0.714	0.396
15	PAMR1	5.50007437744296e-05	4.94922557135153e-09	4.94219731355543	0.143	0.014
15	MECOM	0.000313434616054928	2.82043207104228e-08	3.58314712831847	0.171	0.023
15	TPM4	0.000576676671633128	5.18920787935866e-08	2.96480174227554	0.2	0.031
15	UACA	0.000607468432813524	5.4662866265952e-08	3.64838290385777	0.2	0.032
15	PDGFRA	0.000636903563957261	5.73115777879296e-08	5.54469974683188	0.114	0.011
15	NOTCH1	0.000974995222755664	8.77346551566331e-08	1.55793508504981	0.343	0.086
15	GYG1	0.0012430266819217	1.11853386297282e-07	4.41084820647059	0.286	0.065
15	CYBRD1	0.001671259619929	1.50387799867632e-07	4.01878901792633	0.114	0.011
15	SLC7A2	0.00184337050576056	1.65875146743504e-07	2.71327780291203	0.171	0.024
15	RNF43	0.00228886035628357	2.05962418454384e-07	2.41291027323997	0.257	0.053
15	LRP5	0.00258376231677987	2.32499083665965e-07	2.21766283995805	0.571	0.253
15	ADGRD2	0.00333841990682671	3.00406722471584e-07	2.51380536381033	0.286	0.066
15	ODAD4	0.00355065872459441	3.19504969368704e-07	3.52120779358806	0.171	0.026
15	FAM13A	0.00433916467406327	3.9045844273043e-07	3.34620631500034	0.229	0.046
15	BTG1	0.00435039829736065	3.91469296981972e-07	2.02201598807748	0.6	0.3
15	LZTS2	0.00623412113496102	5.6097553630532e-07	2.66310459319332	0.429	0.149
15	PDE6B	0.00636234330755308	5.72513570372814e-07	4.53016297699301	0.114	0.013
15	LRRC8E	0.00659436965922591	5.93392392623586e-07	2.86089601919158	0.286	0.072
15	CDO1	0.00966602537686432	8.69794418866582e-07	3.52268716473084	0.171	0.028
15	PDLIM4	0.0116298242656638	1.04650627784251e-06	3.87048345048137	0.143	0.02
15	JAM3	0.0124013838844559	1.11593484067812e-06	2.54904639156451	0.429	0.164
15	FGA	0.0128509587533264	1.15638970155011e-06	2.85803611381849	0.257	0.059
15	CTNNA1	0.0132481099102212	1.19212723029076e-06	2.4263407462632	0.314	0.085
15	ERBB2	0.0144141290887084	1.29705111929348e-06	3.75505317941279	0.114	0.013
15	CA8	0.0202528245805584	1.82244439670282e-06	2.02928152314059	0.286	0.071
15	RHPN2	0.0219085297488529	1.971432533866e-06	2.99994611612158	0.2	0.039
15	ETNK1	0.0240140706877112	2.16089900906246e-06	2.06720413904886	0.657	0.413
15	TBC1D4	0.0249530156314776	2.24538969058558e-06	4.27288196654325	0.143	0.021
15	PACSIN2	0.0269113834002172	2.42161283183813e-06	3.09340455438172	0.171	0.03
15	CYP4F12	0.0275240006426113	2.47673901220294e-06	3.1618610707685	0.114	0.014
15	TMBIM1	0.0287446988763292	2.58658317972907e-06	3.36004563035259	0.143	0.021
15	TBC1D32	0.0315441011524271	2.83848656100307e-06	3.16125534588094	0.343	0.11
15	LPAR6	0.0379868902879245	3.41823902527891e-06	4.20738818634619	0.114	0.014
15	LATS2	0.0401589437452921	3.61369060967265e-06	3.93572342286796	0.114	0.014
15	CFAP69	0.0409351217689326	3.68353475829502e-06	2.87890818670093	0.2	0.041
15	S100B	0.0425808887286379	3.83162860871393e-06	1.81553355002416	0.514	0.229
15	PDE1C	0.0432547690860282	3.89226753226205e-06	1.99862164936472	0.429	0.161
15	FLNC	0.04824955602941	4.34172194991541e-06	2.82166251931176	0.257	0.065
15	ATP1B4	0.0498635052216984	4.4869526879959e-06	1.27451831053146	0.429	0.149
13	ZCCHC24	1.95602113990024e-164	1.76011980554328e-168	4.80222423615773	0.818	0.02
13	PHLDA2	3.24347440743867e-156	2.9186307994589e-160	7.1375529474775	0.618	0.008
13	ACAN	2.22301053860651e-138	2.00036942194413e-142	6.19955543806886	0.545	0.006
13	PLEKHA4	6.30115854602253e-102	5.67007877802802e-106	5.64853561166367	0.455	0.008
13	PLOD2	4.23978883135441e-100	3.81516137078593e-104	6.94643429413087	0.436	0.007
13	CSPG4	1.13499044438511e-99	1.0213177759247e-103	6.05337272605583	0.455	0.008
13	USP28	1.08558767325988e-97	9.7686283925122e-102	6.34618529978135	0.4	0.005
13	DISC1	2.69187064381735e-87	2.42227179323077e-91	4.33894208998648	0.564	0.021
13	DNMT3B	4.1259708553449e-83	3.71274260356781e-87	4.19909264573036	0.8	0.06
13	CPM	6.95233238026072e-81	6.2560356161799e-85	5.92802959072366	0.455	0.013
13	ETV4	1.03431768018053e-78	9.3072768845544e-83	5.18648220226325	0.455	0.014
13	RGCC	1.15727732543671e-68	1.04137255955792e-72	5.1468175135512	0.345	0.008
13	TRAF4	8.78873125624611e-68	7.90851368329534e-72	5.41460567702873	1	0.173
13	IL16	3.94584086384828e-66	3.55065316642516e-70	5.65077681004647	0.327	0.007
13	CD82	2.08056248643458e-64	1.87218796583693e-68	3.08588070090871	0.8	0.078
13	IQGAP1	1.05692345870003e-56	9.51069431026748e-61	3.87063459066219	0.491	0.029
13	PREX2	4.97811458177878e-56	4.47954160152865e-60	3.48352316825114	0.673	0.06
13	SEMA5A	2.10534117381356e-55	1.89448499398323e-59	5.58170044891684	1	0.237
13	AMPD3	6.9543114368636e-55	6.25781646437829e-59	6.05157531367291	0.255	0.004
13	SYT9	4.5503635389433e-52	4.09463109776235e-56	3.85871367464984	0.891	0.155
13	NOTCH1	4.15039295312384e-48	3.734718755623e-52	1.69322115707282	0.673	0.071
13	PLTP	2.24556963253556e-47	2.02066915552556e-51	4.33073221023804	0.418	0.025
13	SOX5	4.7176278924596e-47	4.24514342883074e-51	3.23928355852929	1	0.23
13	PHLDB2	4.8519837920373e-47	4.36604318549204e-51	5.43447961310701	0.255	0.006
13	WNT7A	2.27129015401222e-46	2.04381369028365e-50	3.72309615981007	0.327	0.013
13	SOX10	4.85018058816044e-46	4.36442057784616e-50	3.21541487871044	0.545	0.046
13	KIF13A	2.58006183290404e-45	2.32166096724921e-49	3.19312252680428	0.618	0.064
13	DOCK1	6.85546174030861e-43	6.16886685891173e-47	2.59660035132385	0.8	0.115
13	COBL	1.20186573947133e-40	1.08149531132127e-44	3.5544496793117	0.418	0.029
13	NETO1	1.16376243084716e-38	1.04720816237484e-42	3.24344500199518	0.855	0.174
13	ARHGAP17	4.34184935228513e-38	3.90700022701802e-42	2.22313735917647	0.727	0.109
13	GRIA4	5.4561897934921e-38	4.90973615899586e-42	3.07648815237572	1	0.345
13	OLIG2	1.29598164510284e-37	1.1661852291036e-41	3.02429499844713	0.382	0.025
13	DSCAM	6.85740220994326e-37	6.17061298474153e-41	5.77466728300511	0.982	0.415
13	FCHSD2	8.25250415677781e-37	7.42599132257519e-41	3.9596560142956	0.964	0.329
13	PCDH20	9.28797702307898e-36	8.35775850182577e-40	7.83663507990102	0.127	0.001
13	MKX	7.78444045071949e-35	7.00480558869746e-39	4.56535950679561	0.309	0.018
13	DSCAML1	1.76606446815507e-34	1.58918785940346e-38	3.13179516284023	1	0.425
13	COL9A2	1.88189146899876e-33	1.69341444164381e-37	7.43852903469839	0.145	0.002
13	GFPT2	2.2055111688458e-33	1.98462266610798e-37	6.58594482249827	0.145	0.002
13	GAL3ST1	5.49172032595491e-33	4.94170820296492e-37	3.74672594238477	0.255	0.011
13	PICALM	8.80918319297761e-32	7.92691729773923e-36	4.38257303186676	0.964	0.393
13	PTPRM	1.09748183468371e-31	9.87565765035282e-36	3.06374282610552	0.764	0.155
13	SERPINE2	1.18115695800733e-31	1.06286057590869e-35	2.93953190959612	0.509	0.059
13	TIMP4	3.0641033017995e-31	2.75722424349816e-35	2.85611258968261	0.582	0.081
13	CTTNBP2	4.46145314911041e-30	4.01462534789023e-34	3.12577483054144	0.945	0.38
13	RASGRP4	4.41820888531534e-29	3.97571212572244e-33	3.74776762817272	0.345	0.029
13	SEMA5B	4.97710207234777e-29	4.47863049792835e-33	4.29241308296064	0.982	0.53
13	CACNG5	2.71756445265415e-28	2.44539229069931e-32	4.14353917894442	0.345	0.03
13	ANTXRL	4.20407016037574e-27	3.78302003093291e-31	3.71185638868291	0.273	0.018
13	SNX9	8.93755157748612e-27	8.04242920677236e-31	3.02742664102574	0.491	0.065
13	GPM6B	1.10115382381282e-26	9.9086999353264e-31	1.28564503837738	0.891	0.204
13	NBEAL2	2.23270489820683e-26	2.0090928625995e-30	2.94670788210965	0.491	0.067
13	ADARB2	5.13219376395685e-26	4.61818929538095e-30	1.66242890890871	0.8	0.177
13	IGSF9B	8.68123034641476e-26	7.81177930929071e-30	3.14313240981832	1	0.596
13	ITGA4	1.55338318556382e-25	1.39780723977668e-29	4.51771712961102	0.182	0.007
13	PLCH1	1.68844336563774e-25	1.51934074114797e-29	2.62690307222597	0.673	0.133
13	CDH12	1.81959652125513e-25	1.63735851818152e-29	3.44179077469149	0.382	0.041
13	KIAA1549	3.4832110107493e-25	3.13435706897264e-29	3.10076825600514	0.655	0.142
13	B4GALT2	1.11093195350078e-24	9.99668814452248e-29	2.33154743993046	0.982	0.542
13	BTBD3	1.30094679205185e-24	1.17065310181936e-28	3.73366630249762	0.527	0.09
13	USP43	7.35044558671153e-24	6.61427660101821e-28	2.82498770046086	0.927	0.36
13	RALGAPA2	1.51884699054907e-23	1.36672994740311e-27	2.68137681039787	0.818	0.272
13	BCAN	1.2329379484767e-22	1.10945554618618e-26	2.97283527349379	0.618	0.127
13	WNT7B	1.73504370226754e-22	1.56127391547515e-26	3.02936935096551	0.364	0.041
13	ADAMTSL5	2.71271856835639e-22	2.44103173612561e-26	3.30688174855082	0.4	0.051
13	VEPH1	6.21792656477744e-22	5.59518272723607e-26	2.48446007879205	0.618	0.13
13	LIPG	1.00587881165371e-21	9.05137057188617e-26	4.82144534860632	0.273	0.023
13	SALL3	2.64782904477407e-21	2.38264109131114e-25	2.08605264447414	0.473	0.07
13	KAZN	2.90549186978965e-21	2.61449821811361e-25	1.58315693666506	1	0.491
13	MDK	9.29247606656512e-21	8.36180695272665e-25	1.96511940944911	0.564	0.105
13	PALD1	3.38698832782878e-20	3.04777137391234e-24	2.23399664992587	0.782	0.253
13	PACSIN2	1.3315440692991e-19	1.19818597075416e-23	2.83090796903838	0.273	0.025
13	PCBP4	1.77306296797414e-19	1.59548543865216e-23	2.68466674138015	0.927	0.426
13	IL1RAPL2	2.15088849840473e-19	1.9354706185591e-23	1.69688875534829	1	0.466
13	PTPRD	3.22587147999824e-19	2.90279085755263e-23	1.82965673610254	0.964	0.451
13	ROR2	5.46492089330744e-19	4.91759281319845e-23	2.9166647456245	0.309	0.034
13	SRC	7.4286529246571e-19	6.68465124148033e-23	3.61157056354044	0.745	0.259
13	METRN	1.30389377649426e-18	1.17330493700555e-22	4.34780903635391	0.164	0.008
13	LOXL3	3.33682403751958e-18	3.00263118646593e-22	3.99927024194643	0.127	0.004
13	RIN2	4.30956060758416e-18	3.8779452961254e-22	2.50998734913405	0.473	0.084
13	ATCAY	7.55069971038778e-18	6.79447467865363e-22	3.20771345183056	0.909	0.422
13	GRM8	8.89108427693537e-18	8.00061574456526e-22	2.06484159981772	0.982	0.603
13	TMEM266	1.21749349139376e-17	1.09555789741183e-21	3.74925475136256	0.709	0.229
13	PELI2	1.37428728502108e-17	1.2366483263035e-21	3.70998370478278	0.164	0.009
13	PLEKHG3	2.02217016991646e-17	1.81964381347653e-21	2.94303653193286	0.255	0.024
13	PPP1R1C	2.07326964777517e-17	1.86562552665812e-21	2.78886453804731	0.491	0.097
13	TCF7	2.24513235807211e-17	2.02027567540008e-21	1.49166646770471	0.455	0.077
13	EPN2	5.51178410977621e-17	4.95976253916693e-21	2.77909805925831	0.436	0.077
13	PTPRT	6.76173089676727e-17	6.08452343810606e-21	1.21262221681282	0.982	0.37
13	UGT8	7.44984674936146e-17	6.70372244161024e-21	1.35241873268472	0.436	0.069
13	PTPRF	1.68347394971279e-16	1.51486902700692e-20	2.43669015375107	0.964	0.545
13	PTPRU	3.2314753984713e-16	2.9078335269246e-20	2.87329890136417	0.945	0.564
13	GPR37L1	3.28089971128027e-16	2.95230784781811e-20	0.811473877842764	0.455	0.078
13	ALK	4.91349754993253e-16	4.42139615759249e-20	1.42344783158776	1	0.477
13	SOX8	5.91898624240619e-16	5.32618216719715e-20	2.73947383618795	0.236	0.022
13	SH3RF1	1.942195079814e-15	1.7476784664933e-19	2.53552876658973	0.473	0.097
13	ERBB4	2.03583309571238e-15	1.83193835662051e-19	2.2222307990391	0.982	0.594
13	NKD2	2.41576175104875e-15	2.17381602721925e-19	2.63689875194394	0.309	0.041
13	YES1	5.1733167265656e-15	4.65519367098497e-19	2.63209891627776	0.4	0.07
13	ADAMTS10	5.9242111710998e-15	5.33088380374318e-19	3.23718026801519	0.473	0.107
13	GRIA3	6.59125775559197e-15	5.93112368900564e-19	2.09149410960076	1	0.569
13	MYO9A	6.67649169938869e-15	6.00782119984585e-19	2.12339329179245	0.491	0.104
13	ELFN1	6.71332679770021e-15	6.04096715351409e-19	2.58466446210013	0.945	0.545
13	CHST8	7.4193448112791e-15	6.67627536333942e-19	1.86438718187076	0.891	0.388
13	GRIK4	8.09304649968247e-15	7.28250382406413e-19	1.86599588879304	0.818	0.311
13	FMNL1	8.58773211456788e-15	7.72764520342651e-19	2.42144209217006	0.473	0.103
13	CDH22	1.29707273020213e-14	1.16716703878532e-18	2.10610980307603	0.691	0.226
13	DACT3	7.91802678666321e-14	7.1250128558114e-18	3.30385540125411	0.309	0.046
13	MEGF11	8.95826126711775e-14	8.06106475939687e-18	1.69076752707973	0.527	0.122
13	TMEM132C	1.10207116540356e-13	9.91695460634898e-18	2.63877665425662	0.964	0.609
13	WFDC1	1.23387023638639e-13	1.1102944626891e-17	4.54943238673557	0.164	0.012
13	PAQR6	3.36824153812677e-13	3.03090213095183e-17	1.34852833630224	0.564	0.135
13	PREX1	5.61590281685414e-13	5.05345344808255e-17	1.50245497054886	0.582	0.147
13	NLGN1	5.64396052809203e-13	5.07870109609649e-17	1.20904268126801	1	0.721
13	CDH20	6.36620313105816e-13	5.72860895443009e-17	1.76323969408722	0.636	0.178
13	TTYH3	8.67096961597053e-13	7.80254622151582e-17	1.93391449346163	0.945	0.611
13	ITPKB	9.93905934798557e-13	8.94363299557777e-17	1.81221063168715	0.4	0.075
13	CNTNAP3B	1.59797005386447e-12	1.43792860061592e-16	1.77101126487856	0.873	0.408
13	DIPK1C	3.6167845375549e-12	3.25455280982174e-16	3.45138439779726	0.236	0.029
13	SEMA4B	3.92177790409273e-12	3.52900018365224e-16	2.88555561093972	0.727	0.292
13	GRID1	7.65267475733613e-12	6.88623662137688e-16	1.34902833146389	1	0.736
13	MMP17	1.66323231547853e-11	1.49665465263973e-15	2.01890311986891	0.582	0.175
13	RASA3	2.04649273289109e-11	1.84153039943408e-15	2.40213059521329	0.636	0.236
13	MYT1	2.36782077150601e-11	2.13067647935392e-15	2.05372014703527	0.8	0.405
13	WASF1	2.3865472738004e-11	2.14752746675102e-15	1.75242106128982	0.745	0.305
13	ITM2B	2.43876596529194e-11	2.19451630099158e-15	1.35001204533301	0.6	0.171
13	GFRA4	3.07567600875054e-11	2.76763790943088e-15	2.41557184952796	0.909	0.455
13	GRM4	5.05828316744256e-11	4.55168106491727e-15	2.35176550268469	0.909	0.536
13	RTN4RL1	8.02390460247559e-11	7.22028669349014e-15	1.71842626327246	1	0.592
13	NRG3	9.72524408592078e-11	8.75123196789416e-15	0.936646169334669	1	0.759
13	GRIK5	1.12815057723513e-10	1.01516294181151e-14	2.10235337392847	0.927	0.602
13	VWC2	1.14827396791757e-10	1.03327091507025e-14	2.3823913502856	0.418	0.098
13	GALNT4	1.19455659848816e-10	1.07491820254491e-14	2.86967567497673	0.218	0.027
13	KCNJ10	1.41455615843891e-10	1.27288415228913e-14	1.65899695212309	0.436	0.097
13	SOX3	1.57868345105326e-10	1.4205736084345e-14	1.93109962094191	0.309	0.052
13	LMO3	1.99635109526451e-10	1.79641059593675e-14	2.33545933114076	0.418	0.101
13	IL1RAPL1	2.20634402311622e-10	1.98537210754632e-14	1.59417382781872	0.982	0.685
13	RTKN	2.54508239663479e-10	2.29018482555097e-14	2.08440502275096	0.382	0.081
13	RILPL1	2.73699661686785e-10	2.46287826587587e-14	2.16945983874299	0.491	0.138
13	OLFM2	2.89579007139883e-10	2.60576808368472e-14	2.33858313965131	0.727	0.312
13	TTYH2	3.25982163753559e-10	2.93334080584504e-14	1.34252649531285	0.6	0.19
13	LFNG	3.9343549406176e-10	3.54031759256511e-14	2.10694534488392	0.309	0.054
13	HEPACAM	3.98275495497285e-10	3.5838702015413e-14	2.37104701223479	0.291	0.048
13	OPN5	4.36742051872486e-10	3.93001036509031e-14	2.83393039158214	0.364	0.08
13	SMURF2	7.03758736865841e-10	6.3327520639417e-14	3.18378088713018	0.691	0.319
13	CDH11	7.59982445848271e-10	6.83867943713013e-14	1.56664248513463	0.8	0.42
13	SDK2	7.67133993634295e-10	6.90303242719603e-14	1.01629669293714	0.982	0.511
13	CXCL14	9.21705544023946e-10	8.29393992642802e-14	2.40548113115516	0.382	0.084
13	TAFA1	1.12181669726542e-09	1.00946341875769e-13	1.66274813654131	0.691	0.274
13	LMX1B	2.80087506271755e-09	2.52035909539957e-13	1.65480810821362	0.364	0.078
13	HDAC7	3.30584051605707e-09	2.97475075682271e-13	3.02815665988743	0.145	0.013
13	SERINC4	3.95519315998344e-09	3.5590688022887e-13	3.12629828277872	0.145	0.013
13	MAN2A2	5.05716467381681e-09	4.55067459175453e-13	3.35087183467593	0.273	0.05
13	SRCIN1	6.4504387653434e-09	5.80440813942536e-13	1.12377009223631	1	0.621
13	TSPAN4	6.53900837575635e-09	5.88410723994992e-13	1.31113735260628	0.873	0.502
13	EPHA4	8.24046646511214e-09	7.41515924152987e-13	1.44612450141341	0.673	0.271
13	GRIK1	8.43027994787748e-09	7.58596233949202e-13	1.94363446697734	0.455	0.125
13	NEURL1	8.58708527514608e-09	7.7270631468965e-13	2.03622226193076	0.6	0.228
13	RTN4R	1.36130264186607e-08	1.22496413377672e-12	2.04137337081005	0.618	0.246
13	MAGI2	1.60839274003366e-08	1.44730742376826e-12	1.41473152715467	0.818	0.435
13	FRRS1	2.25999579507464e-08	2.03365049498303e-12	3.47050555756683	0.218	0.034
13	PCDH9	2.31856585988862e-08	2.08635459361885e-12	1.0859150848967	0.927	0.531
13	LINGO1	2.66807891482614e-08	2.4008628766545e-12	1.42611402695779	0.891	0.601
13	CSMD1	2.89453361427025e-08	2.60463746447426e-12	1.11161755176541	0.964	0.581
13	SEMA6B	3.19140074379686e-08	2.8717724680976e-12	2.22311442436738	0.836	0.514
13	OPCML	3.24373982555966e-08	2.91886963516572e-12	1.1037551118539	0.909	0.482
13	LRRN1	4.22542133652923e-08	3.80223282329635e-12	2.55951924140526	0.382	0.101
13	KCNIP3	4.2333942513261e-08	3.80940722696491e-12	1.40320666286408	0.564	0.201
13	ETV1	5.63351373013258e-08	5.0693005760214e-12	1.18816550683311	0.364	0.082
13	NRXN1	8.60474816895786e-08	7.74295704936368e-12	0.973010339588262	0.982	0.599
13	FIBCD1	9.32871476305441e-08	8.39441623598886e-12	1.39884465681324	0.727	0.33
13	CLCN2	1.12819787643816e-07	1.01520550385869e-11	2.55186164438616	0.745	0.38
13	NECTIN2	1.61850838848544e-07	1.45640995994371e-11	1.50236955571163	1	0.663
13	ITGB5	1.70986315088182e-07	1.53861527119754e-11	1.16722638479056	0.655	0.258
13	ZEB1	1.82656037436494e-07	1.64362492069193e-11	2.33017582913641	0.745	0.432
13	DACH2	2.15021390496546e-07	1.93486358765902e-11	1.02654212924305	0.473	0.138
13	MAML2	2.88132729633104e-07	2.59275379855218e-11	2.27942739692167	0.255	0.048
13	KMT2C	3.30062572726207e-07	2.97005824463428e-11	1.41203437108632	0.745	0.396
13	SDK1	3.37311855767861e-07	3.03529070249132e-11	1.35567239790589	0.673	0.265
13	ASTN1	3.97874860784062e-07	3.58026510198922e-11	0.886305560751869	0.964	0.766
13	TCF7L1	4.52896819955655e-07	4.07537856524481e-11	2.07385632652701	0.273	0.054
13	PTPRE	5.47533656540783e-07	4.92696532476184e-11	1.87193172054405	0.673	0.31
13	ARL4A	8.21758401925074e-07	7.39456854067375e-11	3.8243265325656	0.255	0.051
13	NLGN3	8.96898575399618e-07	8.07071515701986e-11	1.21377100056365	0.855	0.523
13	DACT1	9.70137155884811e-07	8.72975034540458e-11	3.02955810799859	0.291	0.069
13	SLC16A11	1.00085391195569e-06	9.00615416139374e-11	2.35661986302153	0.382	0.111
13	PLCB3	1.14365142211635e-06	1.02911133097845e-10	1.61786595758675	0.273	0.055
13	CSGALNACT1	1.60636493161908e-06	1.44548270639708e-10	1.8161118945128	0.418	0.13
13	VSTM2L	1.74252744887644e-06	1.56800814260455e-10	1.98250403825568	0.818	0.44
13	WIPF1	2.12484126834598e-06	1.91203209605506e-10	1.93895659584386	0.2	0.032
13	THSD7A	2.23625637380337e-06	2.01228864735299e-10	1.27814520553138	0.673	0.296
13	VEGFA	2.71661080918163e-06	2.4445341574567e-10	2.52056923822506	0.327	0.084
13	EPHA5	2.99396453175965e-06	2.69411007987011e-10	1.59547639894719	0.582	0.233
13	TMEM132E	3.03188402810217e-06	2.72823182588156e-10	0.910812870104924	0.964	0.663
13	CADM2	3.24086983644334e-06	2.91628708399472e-10	1.42639712175697	0.691	0.317
13	LRFN2	3.83410935797326e-06	3.45011190315239e-10	1.13950239757231	0.909	0.554
13	TAFA5	5.0458191883588e-06	4.54046539040655e-10	1.69034400745237	0.927	0.609
13	LRP5	5.09765456994426e-06	4.58710930436809e-10	1.0339825246998	0.618	0.248
13	CCDC88A	5.11200753634077e-06	4.60002477849435e-10	1.57427542297642	0.655	0.317
13	KLHL8	6.32987116809559e-06	5.69591574560927e-10	2.4977690765389	0.345	0.1
13	PKD1L2	8.2063286435269e-06	7.38444042430208e-10	1.59128044418925	0.309	0.076
13	EPB41L1	9.80310897096436e-06	8.82129845313089e-10	1.20116805908779	0.8	0.461
13	LRP1B	1.15589816339942e-05	1.04013152470028e-09	0.899299279302005	0.945	0.519
13	KCNG4	1.18241956685877e-05	1.06399673072867e-09	2.45979504577933	0.455	0.157
13	GRIN3B	1.22333648023503e-05	1.10081569354363e-09	1.98075308056192	0.436	0.15
13	DPF3	1.31009650607614e-05	1.17888644477291e-09	2.71214245139919	0.218	0.043
13	LRRTM4	1.46894879797134e-05	1.32182920720898e-09	0.899897886136296	0.927	0.583
13	FSTL4	1.54695105837445e-05	1.39201930925443e-09	0.880338403422206	0.782	0.391
13	B4GALNT4	1.58983046169026e-05	1.43060421280506e-09	1.36855843904006	0.745	0.422
13	BRINP2	1.8238819001658e-05	1.6412147036496e-09	0.810860214611098	0.964	0.685
13	COX4I2	2.23306317775237e-05	2.00941525938304e-09	1.35690525663596	0.309	0.075
13	BRINP1	2.32639157269891e-05	2.09339653801755e-09	1.12856773108765	0.8	0.474
13	IRAG1	3.93983002508932e-05	3.54524433104411e-09	2.76265515769439	0.109	0.011
13	SPECC1	4.66358422318055e-05	4.19651239375555e-09	1.92628532175401	0.491	0.208
13	UNC5D	4.73551371684041e-05	4.26123793470747e-09	1.14936420961173	0.727	0.375
13	DCC	5.05904764408081e-05	4.55236897694665e-09	0.88047492056344	0.855	0.469
13	RND2	6.55162199607289e-05	5.89545756867892e-09	1.63714456885923	0.491	0.194
13	GFRA2	6.87502482643469e-05	6.18647064378178e-09	1.44825350551614	0.582	0.252
13	AXL	6.92809700567629e-05	6.23422748643597e-09	1.83809550484577	0.2	0.037
13	SH3PXD2B	8.22352631551344e-05	7.39991569829338e-09	2.0885147373101	0.273	0.068
13	CBLB	8.58914851684847e-05	7.72891974880632e-09	1.07866883330379	0.891	0.631
13	AKAIN1	9.00823182376368e-05	8.10603061618256e-09	1.38956628330598	0.618	0.298
13	MPDZ	9.14744677016114e-05	8.23130277167384e-09	1.40602299114006	0.364	0.106
13	HIPK2	0.000118103695054024	1.06275258754634e-08	1.34021442841221	0.527	0.221
13	GRID2	0.000127974061275593	1.15157078444698e-08	0.86206773939841	0.927	0.634
13	SCN8A	0.000153288951142375	1.37936606804981e-08	1.16350615654145	0.709	0.369
13	LRP4	0.000158428953184565	1.42561822356308e-08	1.02835771188202	0.527	0.209
13	KCND3	0.000163687170063076	1.47293413176528e-08	1.21359437382351	0.745	0.428
13	NRXN2	0.000174025991768129	1.56596771140222e-08	1.0233599632843	0.982	0.829
13	ETV6	0.000176376928421639	1.5871225449621e-08	1.47591247280957	0.345	0.105
13	LAPTM4B	0.000177955282571363	1.60132531783823e-08	1.99165905307293	0.382	0.135
13	PHACTR1	0.000216272457136015	1.94612127360762e-08	1.96959340067224	0.418	0.163
13	CDH18	0.000243168153407999	2.18814139663456e-08	1.51861911936306	0.618	0.326
13	TCF12	0.000288016791534445	2.59171053301939e-08	1.2193214508437	0.582	0.269
13	TAOK3	0.000440308083679678	3.96209919625374e-08	1.84496724795271	0.618	0.323
13	CSPG5	0.000509052706192409	4.58069563747331e-08	1.37205209286674	0.945	0.714
13	CTXN1	0.00051232943185283	4.61018115587897e-08	2.93390041742789	0.145	0.023
13	LINGO2	0.00051715499389669	4.6536038324187e-08	0.709172582742572	0.964	0.663
13	LRRC4C	0.000608328047272154	5.47402184173629e-08	1.56641266785856	0.855	0.589
13	DBNDD1	0.000670467078236143	6.03317806385443e-08	2.03626287639882	0.364	0.129
13	TSPAN9	0.000678945960599415	6.10947503463885e-08	0.906459954368523	0.582	0.249
13	CSMD3	0.000914572072469823	8.22974959479729e-08	0.921260805348876	0.873	0.582
13	MED14	0.000928219172830457	8.35255262152845e-08	2.09733198503873	0.255	0.067
13	TNFAIP8L3	0.000966773296106159	8.69948075322738e-08	2.37267138579649	0.218	0.051
13	SGCD	0.00108477289494614	9.76129663408747e-08	0.769943539757244	0.909	0.564
13	NEU3	0.00111708115659921	1.00520215657267e-07	1.95454547901867	0.509	0.218
13	GALNT10	0.00114539593587248	1.03068112649372e-07	1.30359402765651	0.818	0.513
13	MVK	0.00121992981024163	1.09775021168149e-07	1.45925681037953	0.455	0.185
13	NLGN2	0.00122779657415961	1.10482909579736e-07	0.992970548342465	0.891	0.61
13	CDK6	0.00164113925493588	1.47677427781506e-07	1.79331480235383	0.127	0.019
13	SLC22A23	0.00170010266167446	1.52983232401194e-07	1.7400688170941	0.382	0.143
13	ARVCF	0.0018754710934623	1.68763708581148e-07	2.55786300335988	0.273	0.079
13	SAMD11	0.00199604502853237	1.79613518269807e-07	1.33563741188191	0.364	0.123
13	GAREM2	0.00209031259746318	1.88096157424924e-07	1.84414218499802	0.145	0.025
13	PTPRG	0.00217265582037167	1.95505787849516e-07	1.00249141583185	0.927	0.739
13	DNMBP	0.00220352404403731	1.98283455775876e-07	2.25610520795672	0.182	0.038
13	HS3ST4	0.00227011560258783	2.04275677367752e-07	1.33793444803113	0.473	0.196
13	ABTB2	0.00243277820126504	2.18912822933955e-07	2.43032902438099	0.236	0.063
13	EPHB2	0.00266840047976595	2.40115223590925e-07	1.24951767504298	0.709	0.42
13	GRK4	0.00271151440602188	2.43994817423007e-07	1.71786405914226	0.564	0.303
13	GABRR1	0.00357101937134769	3.21337116111553e-07	2.90969327281896	0.164	0.033
13	NKX2-2	0.00382243240805172	3.43960443449269e-07	2.2109002900771	0.236	0.063
13	ZBTB16	0.00436325348000171	3.92626066768803e-07	1.26734296999355	0.764	0.414
13	NOVA1	0.00489515423842852	4.40488998328851e-07	1.04171106543081	1	0.872
13	MYO5A	0.00594237983130948	5.34723281859937e-07	1.07833066197492	0.709	0.423
13	GNAI2	0.00628410166246692	5.65473019208757e-07	2.24205560542471	0.655	0.35
13	TENM2	0.00655421226290737	5.8977884125865e-07	0.836550121551243	0.818	0.509
13	ADGRG3	0.00698491004996604	6.28535053537843e-07	1.80935508727257	0.291	0.093
13	CSRP1	0.00853195163804456	7.67745130751783e-07	1.54838295845339	0.127	0.021
13	KHDRBS3	0.00863826180968772	7.77311419930507e-07	1.11873999871945	0.455	0.187
13	TRPS1	0.00867687351860335	7.80785883074179e-07	0.989986514571892	0.509	0.229
13	LSAMP	0.00885013892833533	7.96377119439874e-07	0.7006348827852	0.927	0.664
13	CDO1	0.00940609055004472	8.46404260779692e-07	2.13260763784877	0.145	0.027
13	ADAP1	0.0104809527938115	9.43125420121618e-07	2.06572121928694	0.364	0.148
13	IGFBP3	0.0105083835838421	9.45593771604616e-07	3.52012194474481	0.127	0.022
13	ADAMTS20	0.0111558430679511	1.00385522072808e-06	1.10998493188055	0.2	0.048
13	NEDD4L	0.011895929054101	1.07045163809061e-06	1.55688213061695	0.455	0.206
13	LRFN3	0.01388489335908	1.24942799955727e-06	0.96904491185418	0.727	0.423
13	PACSIN1	0.01396408714331	1.25655422867903e-06	1.50930732565443	0.782	0.486
13	GRIK3	0.015112040247501	1.35985244735904e-06	0.627862103706882	0.709	0.357
13	OPN4	0.0155549936191273	1.39971147477075e-06	1.84668147250511	0.273	0.086
13	CDH2	0.0190965308158163	1.71839564616362e-06	0.910698433372566	0.8	0.55
13	MAGI1	0.0198201939877496	1.78351426147302e-06	0.976444272801984	0.782	0.537
13	LRRC4B	0.0216902827861608	1.95179364583468e-06	1.54679060750542	0.764	0.535
13	GRIP2	0.0255534722691094	2.29942160254741e-06	2.53411580853841	0.2	0.053
13	IGSF21	0.0350105152119189	3.15041079923683e-06	0.62907413126829	0.8	0.497
13	ADGRB1	0.0359348088583732	3.23358308812861e-06	1.19193723061568	0.855	0.69
13	SPRY1	0.0365258903810613	3.28677138316038e-06	1.94661546897143	0.109	0.018
13	TSPAN7	0.0449708186928554	4.0466857457802e-06	1.37030596474715	0.291	0.097
13	TAFA3	0.0480221908969542	4.32126256608964e-06	0.304147876894114	0.727	0.43
13	HIP1	0.048978310517939	4.40729870583452e-06	1.10443970010451	0.527	0.276
17	NR5A2	4.25477596590404e-45	3.82864749923877e-49	4.77818068419015	0.45	0.012
17	GALNT15	3.88026201233573e-44	3.49164223192273e-48	7.33409821021436	0.2	0.001
17	CALB2	4.47538355417003e-39	4.02716058145418e-43	5.03191993081071	0.95	0.084
17	ZIC5	3.46182317718099e-23	3.11511129054349e-27	3.83526801086619	0.65	0.058
17	FGF10	1.20090277188044e-19	1.08062878779847e-23	6.47097713715315	0.15	0.002
17	ZIC2	6.91665993780931e-18	6.22393587492964e-22	3.67631652324802	0.8	0.117
17	ZIC1	8.52137344052763e-18	7.66793254794172e-22	3.45287960749092	0.9	0.161
17	GPC3	4.03071948925931e-17	3.62703094507272e-21	3.77820384041104	0.95	0.212
17	LHX9	3.66815813989074e-16	3.30078119309884e-20	3.01935182707074	0.7	0.091
17	TCF7L2	6.05882419708825e-15	5.4520149348405e-19	3.01158730884632	1	0.272
17	ZIC3	1.52145720491833e-14	1.36907874104052e-18	2.66117991063142	0.9	0.163
17	CBLN2	3.80525032928033e-14	3.42414319200965e-18	3.16561770393014	0.75	0.124
17	LYPD1	9.05156517572035e-13	8.14502400406763e-17	3.29463692089536	0.75	0.135
17	NTNG1	9.4273404392426e-13	8.48316425739459e-17	4.57700590510645	1	0.337
17	PLA2G4C	3.19491094146017e-11	2.87493110902562e-15	5.75993030703348	0.15	0.005
17	CPNE2	3.87224609400101e-10	3.48442913164853e-14	2.63565947327906	1	0.347
17	TMEM163	4.83850471213441e-10	4.35391407552813e-14	3.4636205386949	1	0.345
17	ADRB2	5.84828320283941e-09	5.26256024731343e-13	3.20282888976222	0.4	0.047
17	PROM1	2.14848028470909e-08	1.93330359462709e-12	1.89940470505513	0.85	0.209
17	OLFM1	2.61692236617783e-08	2.3548298084926e-12	2.56820688162487	1	0.524
17	AP1G2	3.85182788561616e-08	3.46605586755706e-12	3.05589281599023	0.4	0.049
17	HEPACAM2	4.23413121634529e-07	3.81007038274569e-11	3.69185863762673	0.15	0.007
17	CHRM3	7.77729729398223e-07	6.99837784035114e-11	2.75311510899369	0.5	0.088
17	RUNX1T1	3.38619790910745e-06	3.04706011797665e-10	2.11659923746165	0.9	0.312
17	NBL1	9.47455378502661e-06	8.52564904618609e-10	5.30380816562664	0.1	0.004
17	EPHA5	1.16864297868655e-05	1.05159990883339e-09	2.24754084436336	0.75	0.239
17	SLC17A6	1.49201096014792e-05	1.34258162525684e-09	2.03786528812774	1	0.473
17	TTC9C	2.02274243760084e-05	1.82015876685039e-09	4.75140430013085	0.15	0.009
17	HCN2	3.54419649703613e-05	3.18923467743735e-09	2.59564118092891	0.5	0.1
17	NECAB2	7.09360026754396e-05	6.38315510442181e-09	2.1361950811284	0.9	0.461
17	ERBB4	8.29864906821898e-05	7.46751468390082e-09	1.89751453558236	1	0.602
17	KCNB2	9.73945055689164e-05	8.76401561854732e-09	2.70880174709744	0.55	0.127
17	CPNE4	0.00012803831982545	1.15214901309682e-08	2.14542953247345	0.7	0.22
17	R3HDM1	0.000168048856366553	1.51218263625082e-08	1.76344501033248	1	0.527
17	NXPH3	0.000455960894866635	4.10295055220584e-08	2.44335259540483	0.6	0.17
17	GALNT9	0.000507780106976988	4.56924419128037e-08	1.71830497080239	0.9	0.375
17	KCNH1	0.000818605044300073	7.36619314586586e-08	2.05255274872722	0.7	0.231
17	CBLN1	0.00085403139017862	7.68497606567641e-08	2.23033915563935	0.6	0.156
17	NRN1	0.000994845715749096	8.95208958651215e-08	1.8740901585316	0.8	0.284
17	SORCS2	0.00103238768251098	9.28990985792295e-08	1.50663398557751	1	0.527
17	ROR1	0.00111063121108926	9.99398192287648e-08	3.36935611105795	0.25	0.032
17	ZBTB18	0.0014522045032744	1.30676190342338e-07	2.03283574168363	0.6	0.164
17	HTR2C	0.00166740973586839	1.50041369195391e-07	1.65072260087809	0.9	0.407
17	VAV2	0.00248731727346282	2.23820505125782e-07	1.52297100640777	0.85	0.35
17	MDGA1	0.002679110936564	2.41079000860613e-07	1.51073887026704	0.8	0.319
17	PGF	0.00324136110042489	2.91672914642751e-07	4.28523482869987	0.1	0.006
17	PCP4	0.00334597254427395	3.01086344306123e-07	1.92828774839016	0.5	0.118
17	ITPR1	0.00372650216350287	3.35328188923141e-07	2.21893219368916	0.85	0.363
17	ZXDA	0.00624663493564459	5.62101586938234e-07	2.99739318365448	0.45	0.108
17	AXIN2	0.00782426367843882	7.04064040172665e-07	1.1833786117807	0.7	0.249
17	SCHIP1	0.00837147249055056	7.53304462390944e-07	1.45154308445791	0.9	0.56
17	NXPH4	0.00938344195676355	8.44366233848965e-07	2.25570840816918	0.55	0.161
17	ZIC4	0.0100028409104357	9.00102664486251e-07	3.09193123141158	0.25	0.037
17	KCNIP4	0.0116275541986304	1.04630200653562e-06	1.49761016018196	0.7	0.229
17	SRGAP1	0.012593646979149	1.13323557807514e-06	1.26611520476202	0.65	0.19
17	PTPRS	0.0129027429297623	1.16104948526611e-06	1.11106413823735	1	0.726
17	RAB26	0.0139368591889056	1.25410412929953e-06	1.90371312419096	0.7	0.286
17	PAPPA	0.014720696992035	1.3246375409012e-06	2.35352691174237	0.45	0.114
17	NOS1	0.0164967052469405	1.48445111553501e-06	1.62371035399701	0.6	0.18
17	DOCK4	0.0219838349904888	1.97820885363887e-06	1.51299081248678	0.85	0.492
17	ZNF423	0.0220305357330946	1.98241120607348e-06	1.56297986206343	0.7	0.261
17	SNRNP25	0.0323141189038384	2.90777637936096e-06	4.98676122824307	0.1	0.007
17	SYNPO2	0.0343269251337968	3.08889814935632e-06	4.31544275998629	0.1	0.007
17	DPH3	0.0359148908776971	3.23179077456107e-06	4.1038593244144	0.1	0.007
17	ATRNL1	0.0388710480399957	3.49779969765101e-06	0.847605269445263	1	0.602
17	SHISA8	0.0445303975224467	4.00705457774199e-06	1.60841926304864	0.8	0.368
17	PAMR1	0.0445444793965477	4.00832173099503e-06	2.95428609943773	0.15	0.016
17	DDX27	0.0478422221451428	4.3050681314805e-06	2.78122491535283	0.15	0.016
2	NINJ2	3.34216855829706e-200	3.00744043759297e-204	7.53852233302114	0.75	0.017
2	CLDN19	1.55074324427895e-192	1.39543169646266e-196	6.36413160604182	0.922	0.05
2	MPZ	1.55669489941568e-187	1.40078727563726e-191	8.0818299985227	1	0.077
2	PLP1	1.49440596137116e-178	1.34473675998484e-182	7.83644293180597	1	0.085
2	PDLIM7	2.25295131281072e-178	2.02731153856809e-182	7.44923264021927	0.724	0.022
2	UGT8	4.41018068525889e-153	3.96848797377746e-157	6.30325494343099	0.716	0.032
2	PTTG1IP	2.44577891492499e-151	2.2008268828624e-155	6.79176221361227	0.664	0.024
2	MYRF	2.46408520011385e-150	2.21729973914681e-154	7.49046365690238	0.543	0.009
2	STXBP6	4.40935872406036e-141	3.96774833443747e-145	6.71603068277864	0.655	0.028
2	AP1S3	3.40450518311684e-138	3.06353386404827e-142	6.6062811851956	0.793	0.061
2	RNF220	1.40497653131943e-125	1.26426395331542e-129	5.14571676491039	0.922	0.12
2	GJC2	6.36362515998319e-122	5.72628917482515e-126	7.04539012583709	0.483	0.011
2	MAG	5.53926578309579e-121	4.98449184117322e-125	6.26790957852555	0.672	0.045
2	ST18	1.3679808879537e-108	1.23097353365761e-112	5.03961949893812	0.759	0.079
2	EEIG1	2.28778979515456e-108	2.05866084329575e-112	4.14534202797614	0.819	0.095
2	PLCL1	1.09511500676354e-105	9.85435981970252e-110	5.03984744732621	0.991	0.225
2	PLA1A	1.69316949466095e-104	1.52359353429402e-108	5.03020448306922	0.707	0.069
2	FAM20A	1.2047573662669e-99	1.08409733309358e-103	7.70882514309212	0.388	0.008
2	ERBB3	9.66355958416215e-98	8.69572535243602e-102	7.28385089460907	0.534	0.032
2	NIPAL2	2.12667410423205e-86	1.91368136797629e-90	6.55775209799118	0.371	0.011
2	MBP	3.35576665306886e-82	3.01967664273271e-86	7.04562282583475	0.879	0.212
2	SLC2A3	9.38270539474826e-82	8.44299954535073e-86	6.14886558764216	0.414	0.019
2	GLB1L3	1.81768982674e-80	1.63564278479259e-84	6.57992698393454	0.552	0.049
2	MAL2	2.28065813519399e-80	2.05224344028974e-84	8.6580133270492	0.293	0.004
2	DEF6	1.03899733824378e-76	9.34938664846381e-81	7.21884999871566	0.302	0.006
2	PPFIBP1	1.57133013911787e-74	1.41395675255815e-78	5.62222710817386	0.552	0.055
2	SLC41A1	3.62753587503155e-73	3.26422736887568e-77	5.63196618488385	0.371	0.017
2	ARHGAP23	3.66736294412275e-65	3.30006563855192e-69	4.47433885240939	0.897	0.341
2	ELOVL1	2.77552751778079e-64	2.49755018247169e-68	5.0374203014395	0.414	0.03
2	ATP11C	1.42011863346208e-63	1.27788952889596e-67	4.55914520015107	0.681	0.13
2	SOX10	1.43742545143045e-63	1.29346301757442e-67	4.81959951776459	0.431	0.034
2	MAP7D3	4.2450009320287e-60	3.81985146407694e-64	4.60344365371549	0.603	0.098
2	CD82	8.63123389884733e-60	7.76679015463631e-64	4.73765670992745	0.534	0.069
2	ABCA2	1.12261118583446e-59	1.01017833693374e-63	3.73808195025272	0.931	0.472
2	SYDE1	9.44160779253405e-59	8.49600269282286e-63	5.38547196477788	0.371	0.026
2	GJB1	3.88296092324293e-58	3.49407083887602e-62	7.90881878414001	0.233	0.005
2	FA2H	7.53133314692275e-58	6.77704773411568e-62	6.00387452007484	0.302	0.014
2	GAB1	1.02738406174937e-57	9.24488492530703e-62	3.84113914940775	0.664	0.129
2	DENND1C	6.07121055516621e-56	5.46316076232e-60	5.1933530335706	0.44	0.046
2	DLC1	1.66741291170464e-54	1.50041654972072e-58	4.61556660590836	0.681	0.159
2	TMEM80	1.21026556518597e-53	1.08905386950956e-57	5.39244948676116	0.431	0.046
2	PHLDB1	6.70050186125472e-52	6.02942667259491e-56	5.59147484433413	0.362	0.03
2	ST3GAL1	1.91209328085159e-48	1.72059145221955e-52	4.17604972891277	0.603	0.127
2	ATRNL1	3.90238538708081e-48	3.5115498848923e-52	3.58271771197736	0.948	0.581
2	FRMD6	1.0509559445144e-47	9.4569958113417e-52	5.40610921467341	0.345	0.03
2	CA14	2.72247866383864e-47	2.44981432901884e-51	3.68174213971464	0.586	0.115
2	PDLIM3	1.31986531581504e-46	1.18767687916408e-50	6.07922285178801	0.371	0.038
2	PAQR6	1.22054799026201e-45	1.09830647913435e-49	3.66068003607367	0.578	0.116
2	AATK	2.0784255951422e-45	1.87026509056258e-49	5.24877286579664	0.914	0.604
2	TNNC1	3.88077081612457e-45	3.49210007749894e-49	6.74341796720832	0.233	0.01
2	LY75	5.35563701389257e-45	4.81925403931663e-49	5.70935435674692	0.345	0.032
2	PCBP4	9.45080556476013e-44	8.50427928080638e-48	2.99382411103162	0.871	0.41
2	CRYAB	1.57125656928104e-42	1.41389055095927e-46	6.68732952856146	0.224	0.01
2	ADAMTS14	1.62966127527092e-41	1.466445851949e-45	4.51484871300461	0.388	0.048
2	HAPLN2	2.83368587763696e-40	2.54988380962562e-44	6.60615604604085	0.198	0.007
2	GNA12	3.7917662064875e-39	3.41200954421623e-43	5.07275926047031	0.241	0.015
2	SLC2A9	4.67904826302423e-39	4.21042766401892e-43	5.82773468455652	0.233	0.013
2	HAVCR2	1.31607924581483e-38	1.18426999533414e-42	6.70265467961286	0.172	0.005
2	FEZ1	2.48997475465469e-37	2.240596377805e-41	3.67759746318451	0.655	0.215
2	PTRH1	5.19983666904893e-37	4.67905756235843e-41	7.30314190058255	0.172	0.005
2	CEMIP2	6.0300256241171e-37	5.4261006245992e-41	5.29095592594333	0.233	0.015
2	TSPAN2	1.02632943922198e-36	9.23539493585875e-41	3.91582880043133	0.621	0.184
2	PPP1R16B	3.10446902025316e-36	2.79354721520126e-40	3.26903365472901	0.56	0.137
2	CSRP1	3.34078294953504e-36	3.00619360166925e-40	5.72520441247941	0.207	0.011
2	SPTBN5	1.73519426991676e-35	1.56140940332652e-39	4.94616029417337	0.328	0.039
2	LMO7	2.90009753268401e-35	2.60964413991183e-39	4.83627111874341	0.25	0.019
2	SYNGR2	4.57341900872356e-35	4.11537749367728e-39	5.75903231813303	0.207	0.011
2	PACS2	4.9637478864703e-35	4.46661377348178e-39	3.20677329617857	0.724	0.301
2	NAAA	1.44401077662115e-34	1.29938880286255e-38	4.27049732871003	0.31	0.034
2	PADI6	2.45654887755344e-34	2.2105182017038e-38	5.20951925877622	0.284	0.028
2	CYLD	2.82398468679731e-34	2.54115422189986e-38	3.86917483948753	0.629	0.208
2	QKI	2.57822258420139e-33	2.32000592477404e-37	2.75803300915893	0.595	0.158
2	QSOX1	2.81351991406765e-33	2.53173752728125e-37	4.04187780474301	0.302	0.033
2	SLC13A4	2.16043549450319e-32	1.94406145460559e-36	5.65038735684892	0.181	0.009
2	TPPP2	2.78773971262133e-31	2.50853928967995e-35	5.15771309288909	0.259	0.025
2	MYO6	9.05052583188951e-31	8.14408875361244e-35	2.6239614905781	0.819	0.571
2	GAS7	1.64130753944588e-29	1.47692570813091e-33	2.96276394258641	0.733	0.365
2	B3GAT1	2.44235566112955e-29	2.19774647811532e-33	3.65790691025892	0.733	0.361
2	MAST3	2.49417330085754e-29	2.24437442711918e-33	2.94447112662876	0.672	0.279
2	LUZP2	1.37998722604761e-27	1.24177740128463e-31	1.93168104293133	0.905	0.688
2	SORCS2	2.97794873048899e-27	2.67969830872761e-31	2.03109007429025	0.836	0.509
2	TMEM63C	1.84796133196735e-26	1.66288250874412e-30	3.70413613611386	0.569	0.207
2	CLCN2	1.28552313486414e-25	1.15677416976887e-29	2.75324249476228	0.733	0.366
2	ARHGEF10	3.63328569337746e-25	3.26940132581432e-29	3.88836212933088	0.224	0.022
2	RHPN2	7.47434201209287e-25	6.72576443093033e-29	4.20199003261892	0.241	0.028
2	OLIG2	7.74182172208296e-25	6.96645525248174e-29	4.17375794324841	0.224	0.023
2	LGI2	8.01786164962278e-25	7.21484896033724e-29	5.39096486315156	0.483	0.143
2	SGK3	3.13465716600376e-24	2.82071192837556e-28	4.33927284788169	0.259	0.034
2	ARRDC2	4.01316001340096e-24	3.61123010294336e-28	4.30171103096048	0.19	0.016
2	WWP1	7.26513578576812e-24	6.53751083035015e-28	3.90565958185283	0.431	0.113
2	NPC2	9.59334489813316e-23	8.63254287603092e-27	3.77559018159855	0.302	0.051
2	MAP3K11	3.51231309823358e-22	3.16054449584592e-26	3.23010133167085	0.345	0.069
2	ARHGEF37	8.02728985473946e-22	7.22333290267206e-26	4.08640538472283	0.379	0.091
2	RREB1	1.79444236253968e-21	1.61472362326976e-25	3.05702325780821	0.362	0.078
2	STK17B	2.44772305501298e-21	2.20257631153872e-25	4.2296974997089	0.233	0.03
2	SH3TC2	2.62899910535755e-21	2.36569702632732e-25	5.29496739260156	0.155	0.011
2	SLAIN1	5.00418868392433e-21	4.50300430480008e-25	3.7217730591002	0.474	0.156
2	GALNT3	7.25436472411934e-21	6.52781852255857e-25	4.84283542152895	0.172	0.015
2	SLC24A1	1.05462867708378e-20	9.49004478614037e-25	3.54293113752917	0.431	0.125
2	LPAR1	2.36371348326281e-20	2.12698054824333e-24	4.82796249987711	0.19	0.02
2	MERTK	4.73587265403042e-20	4.26156092327042e-24	5.10738369137562	0.121	0.006
2	PARD3	5.76773781699162e-20	5.19008172139982e-24	2.90746937591275	0.707	0.431
2	MCL1	6.22115284133366e-20	5.59808588260025e-24	3.02188749434333	0.569	0.248
2	NFASC	7.96415716733265e-20	7.1665231416653e-24	4.27191523525272	0.776	0.612
2	NTM	1.49680113935854e-19	1.34689205377355e-23	2.01417176644712	0.784	0.571
2	FIGN	5.83085499124974e-19	5.24687752294587e-23	2.96498295380696	0.422	0.123
2	TFEB	1.34587358855024e-18	1.21108034603639e-22	3.43434034073219	0.198	0.024
2	WBP1	3.55254371965587e-18	3.19674590088713e-22	2.48969475232836	0.707	0.429
2	EFNA1	1.37170024420585e-17	1.23432038531976e-21	4.34532049975209	0.276	0.054
2	TMEM117	2.88099432323904e-17	2.5924541737056e-21	3.45869477997171	0.457	0.168
2	PAX3	3.33668800404311e-17	3.00250877714669e-21	4.52692314994993	0.129	0.009
2	CD226	4.0272984918701e-17	3.62395257074606e-21	3.77764760867594	0.241	0.041
2	SEZ6L	1.38259478763812e-16	1.24412380782698e-20	2.50772115697208	0.655	0.419
2	THBS4	1.12371679011753e-15	1.0111732116598e-19	5.66111312298841	0.112	0.007
2	PGAM5	2.36335597040691e-15	2.12665884136319e-19	3.71989365648485	0.319	0.083
2	LGI3	8.67099592404274e-15	7.80256989475636e-19	3.30627161705951	0.405	0.141
2	CDC14A	8.78415410007925e-15	7.90439494293103e-19	3.40082350218615	0.224	0.039
2	TMEM125	2.19396591748436e-14	1.97423370600591e-18	5.44758966353685	0.198	0.032
2	TOM1L2	5.61822241650094e-14	5.05554073292625e-18	3.16611656362742	0.422	0.161
2	RGL1	6.22460043332098e-14	5.60118818799692e-18	4.10739503318155	0.172	0.024
2	FRMD4B	1.0903667749601e-13	9.81163299703136e-18	2.88429229197313	0.431	0.166
2	EVL	2.84033425645742e-13	2.55586633353498e-17	1.81720686527956	0.647	0.419
2	SLC49A3	3.00204418443924e-13	2.70138053130499e-17	4.07288938114903	0.207	0.037
2	AOPEP	3.12172405065888e-13	2.80907410299549e-17	2.93024538646876	0.448	0.183
2	EFR3B	4.02089643141416e-13	3.61819169568448e-17	2.95601830929326	0.509	0.256
2	PLXNB2	4.33913340015242e-13	3.90455628556863e-17	2.50204145727569	0.724	0.47
2	LDLRAP1	5.90215424101781e-13	5.31103594080609e-17	3.02206350549453	0.267	0.063
2	KLHL29	6.43918858559805e-13	5.79428469863947e-17	1.30072393874645	0.836	0.707
2	TMC6	6.82372214019915e-13	6.14030607414663e-17	4.12512888607825	0.121	0.011
2	ACAP1	8.85144705953911e-13	7.9649483123721e-17	3.61035559636775	0.147	0.018
2	DLG1	1.1036348077946e-12	9.93102499590211e-17	1.56645040634971	0.75	0.651
2	SCD	1.11647269100829e-12	1.00465463062026e-16	4.05841557454646	0.284	0.075
2	MPP7	1.81637762289867e-12	1.63446200206845e-16	3.05797441422918	0.241	0.052
2	TTYH1	1.90937395105738e-12	1.7181444713915e-16	2.2021270009348	0.647	0.474
2	TSPAN9	2.05975626665095e-12	1.85346555084222e-16	2.00577464612604	0.517	0.24
2	RASGRP3	2.20535707388565e-12	1.98448400421637e-16	5.24807728680778	0.112	0.01
2	TNS3	6.0723811876904e-12	5.46421415251543e-16	2.16057628388487	0.276	0.068
2	HTRA1	8.94158991504324e-12	8.04606309281314e-16	4.28736438182979	0.103	0.009
2	MGAT1	1.07392539525137e-11	9.66368573068813e-16	3.81576740541918	0.276	0.074
2	FGFRL1	1.29809497758453e-11	1.16808690505222e-15	2.93701372269173	0.336	0.109
2	PKP4	1.77506844501887e-11	1.59729006120657e-15	1.59344439581024	0.672	0.484
2	DNM2	6.95750001285878e-11	6.26068569500475e-15	2.9558942531526	0.328	0.106
2	TMBIM1	9.33994722095144e-11	8.40452372982223e-15	3.49541875802613	0.129	0.016
2	SNX33	1.023007574666e-10	9.20550323644377e-15	3.45497251014203	0.224	0.051
2	CPEB2	1.10778496949686e-10	9.96837010255432e-15	2.9710814881006	0.466	0.238
2	TPM2	1.65448006785494e-10	1.48877896864478e-14	4.10468995356088	0.259	0.071
2	BCAR3	1.93065491476404e-10	1.73729408329348e-14	4.50781326244191	0.147	0.022
2	MBNL1	3.82329218228072e-10	3.44037809977569e-14	1.45767273050529	0.655	0.456
2	FLNC	5.71978174024975e-10	5.14692858836476e-14	3.00493068550837	0.233	0.057
2	STMN1	6.56963505820445e-10	5.91166656906726e-14	2.3732483193338	0.56	0.373
2	ZNF536	1.38419370294735e-09	1.24556258701283e-13	1.67951202716744	0.517	0.24
2	SALL3	2.06605735740255e-09	1.85913556861563e-13	2.29172025621909	0.259	0.07
2	SLC4A4	2.58457865029456e-09	2.32572541194507e-13	1.27114135391748	0.353	0.115
2	CARMIL1	2.61559259701424e-09	2.35363321966548e-13	3.07484304374033	0.509	0.286
2	EML3	3.46585764825554e-09	3.11874169734143e-13	4.09257650396573	0.103	0.011
2	KIF1B	4.21129984023816e-09	3.78952563685608e-13	1.24745057291933	0.767	0.748
2	KIF21A	5.10987305006092e-09	4.59810406736337e-13	2.82303683489468	0.612	0.44
2	DOCK9	8.18167543727812e-09	7.36225630997761e-13	2.70445885643274	0.466	0.238
2	RILPL1	1.0418385293438e-08	9.37495302208046e-13	2.95844651950894	0.345	0.135
2	PROM1	1.52987338311121e-08	1.37665201395771e-12	2.28408053396114	0.422	0.201
2	CHST7	2.44821512857895e-08	2.20301910247363e-12	3.70177640264102	0.164	0.032
2	FGFR1	3.71055987370952e-08	3.33893626717315e-12	3.45947144074963	0.138	0.023
2	SRGAP2B	5.08408371901432e-08	4.57489761451842e-12	2.72202745650462	0.414	0.205
2	SPART	5.17171005588674e-08	4.65374791315283e-12	3.73619309324734	0.172	0.037
2	SLC44A1	5.77587244204955e-08	5.19740163956587e-12	3.87120202029104	0.328	0.131
2	DENND2C	6.61778630015917e-08	5.9549953209387e-12	3.84260334623323	0.138	0.024
2	C10orf88	7.05116430357781e-08	6.3449692284512e-12	3.66116648846758	0.198	0.05
2	CLU	1.23817650300082e-07	1.11416944389528e-11	1.75441393235988	0.612	0.515
2	S100B	1.99250948976063e-07	1.792953738649e-11	2.22001422619802	0.431	0.221
2	SAMD4A	2.59064741753739e-07	2.33118637410006e-11	2.7984109381292	0.362	0.165
2	ACSS1	2.59518782409335e-07	2.33527204543629e-11	3.09099347758277	0.216	0.06
2	DPYSL5	2.90148605580398e-07	2.61089359831187e-11	4.05615190150116	0.198	0.052
2	FSD1	4.52489251823801e-07	4.07171107553137e-11	2.8088989531218	0.388	0.193
2	ERMN	4.83431790178776e-07	4.35014658668925e-11	2.96699411882557	0.25	0.081
2	RALGAPA1	6.87451213864763e-07	6.18600930320133e-11	2.83131348956573	0.483	0.322
2	PTPRE	6.90231785839014e-07	6.21103019741756e-11	2.05848800480835	0.491	0.31
2	INKA2	1.01844816988328e-06	9.16447556810298e-11	3.220549065781	0.25	0.084
2	LRP1	2.57821262775537e-06	2.3199969654957e-10	1.06071175283611	0.698	0.593
2	GIPC2	5.24074833710876e-06	4.715871805191e-10	3.48112066268884	0.138	0.028
2	RASSF7	5.37364716194001e-06	4.83546041747504e-10	3.206080385024	0.121	0.022
2	ZHX2	5.42555881110479e-06	4.88217296059102e-10	0.350329209902502	0.181	0.538
2	TLE4	6.15084846547321e-06	5.53482269906704e-10	2.7546881706302	0.328	0.145
2	ZBTB16	6.57371361724188e-06	5.91533664828749e-10	1.87632699061273	0.578	0.414
2	KIF1A	7.64168619265518e-06	6.87634859412866e-10	1.51852570101438	0.681	0.643
2	EIF4EBP3	9.49989444484468e-06	8.54845176356041e-10	4.07928741471901	0.103	0.017
2	FGA	9.59302041569879e-06	8.63225089147736e-10	3.35699299569979	0.19	0.054
2	LANCL2	1.16069787396032e-05	1.04445052997419e-09	3.0729959205735	0.345	0.168
2	ARAP1	1.36741987958127e-05	1.23046871194212e-09	2.10892694680204	0.233	0.076
2	CAMSAP2	1.51098127150415e-05	1.35965200351314e-09	2.14058071240057	0.552	0.413
2	RHBDL3	1.80151658919141e-05	1.62108934508361e-09	2.72177547647554	0.345	0.167
2	KCNJ10	2.06533203667156e-05	1.85848289091295e-09	1.92200251051769	0.267	0.096
2	GNAZ	3.23611260927214e-05	2.91200630727269e-09	2.54409318924189	0.431	0.274
2	B3GNT2	3.71724617619965e-05	3.34495291658387e-09	2.32846064440888	0.138	0.03
2	CNNM4	4.06391095850122e-05	3.6568981899588e-09	0.692649907235757	0.112	0.437
2	DSCAML1	5.04610298750085e-05	4.54072076622051e-09	1.65751702683628	0.569	0.435
2	EPB41L1	5.07152723559059e-05	4.56359870025249e-09	1.77977624974548	0.56	0.466
2	GLUL	7.71316538841706e-05	6.94066893585626e-09	2.13844932677606	0.414	0.245
2	CANT1	8.03230112291598e-05	7.22784227743722e-09	3.19743548488071	0.233	0.086
2	PLPPR5	0.000119303327448512	1.07354744397113e-08	2.51347767187467	0.431	0.279
2	TSC22D3	0.000129923208453443	1.16911012735934e-08	2.17517434109668	0.284	0.12
2	SLC5A3	0.000159761578835417	1.43760981585006e-08	3.12455521269092	0.31	0.151
2	RTKN	0.000165875949859351	1.49262980166787e-08	2.96539910507491	0.224	0.081
2	CTIF	0.000181048249584987	1.62915728952567e-08	2.39215126536532	0.422	0.273
2	MBNL2	0.000211980073469083	1.90749638683598e-08	1.20828263485709	0.629	0.544
2	RIPOR1	0.000261776145220307	2.35558485755698e-08	3.39069132597814	0.267	0.116
2	RPS6KA3	0.000320898350520059	2.88759426365571e-08	1.99485577837995	0.414	0.245
2	WDFY3	0.000407881800700922	3.67031225322525e-08	1.29547569832253	0.638	0.652
2	SNX15	0.000457859734237296	4.12003720181136e-08	3.7801300709955	0.103	0.02
2	SLC20A2	0.000585271949211279	5.26655222902258e-08	1.72582767420989	0.56	0.505
2	NEU3	0.000616475575494976	5.54733713214232e-08	1.91396084331825	0.379	0.217
2	TJP1	0.000678725393844184	6.10749027125154e-08	1.88974517845745	0.586	0.519
2	TMCC1	0.000773475086323174	6.96009256117317e-08	3.00757839580191	0.336	0.18
2	CTNS	0.00090513788903379	8.14485637572024e-08	2.76883503181908	0.31	0.159
2	SECISBP2L	0.00105017584024565	9.44997606627963e-08	3.05807028428981	0.25	0.108
2	SSBP4	0.00118915412835686	1.07005680586418e-07	0.372743291164388	0.155	0.464
2	HEPACAM	0.00119312208476942	1.07362735964134e-07	2.01665236055405	0.164	0.048
2	RASA1	0.0014103981334182	1.26914256584019e-07	2.89553538477169	0.216	0.083
2	CIART	0.00172475961432583	1.55201980952563e-07	3.34099863359114	0.164	0.052
2	MPZL1	0.00215137735151504	1.93591051157657e-07	2.02268660113343	0.44	0.315
2	SNTB2	0.00239604444130363	2.15607346468427e-07	2.59923155167951	0.164	0.051
2	PLEKHF2	0.00245678342265443	2.21072925641539e-07	3.01098862959689	0.181	0.062
2	DOCK1	0.00246992471599923	2.22255441014958e-07	1.72994953669408	0.284	0.127
2	PTK2	0.00251149335879313	2.25995982974276e-07	2.54346132732453	0.241	0.103
2	SLC16A1	0.00266261766386444	2.39594858621834e-07	2.73097558287495	0.284	0.139
2	DIP2B	0.00275404908366071	2.47822287740548e-07	2.06089574370782	0.448	0.321
2	SH3PXD2A	0.00337698731222979	3.03877198976855e-07	2.76326740002603	0.543	0.483
2	ARHGAP21	0.00512283791328189	4.60977046097534e-07	2.52258149192167	0.612	0.571
2	PELI1	0.00614851361709346	5.53272169269636e-07	2.43095800639958	0.259	0.119
2	DIS3L2	0.006305356855264	5.6738566141132e-07	3.44920164003432	0.207	0.083
2	ZDHHC20	0.00678994486740301	6.10991169567444e-07	3.19456209019453	0.172	0.06
2	ARHGAP20	0.00801129717315778	7.20894193571293e-07	2.07895909525293	0.25	0.11
2	LRCH1	0.0085661116739121	7.70819011420148e-07	1.85062868954211	0.526	0.455
2	SLC27A6	0.00965129312535597	8.68468741595966e-07	3.47040980776313	0.155	0.051
2	VLDLR	0.0118691470017274	1.06804166307274e-06	1.97158088523383	0.44	0.33
2	SH3D19	0.0153433853639613	1.38066996886181e-06	2.82386643285262	0.129	0.037
2	IREB2	0.0188873650686106	1.69957392860709e-06	3.21725594906106	0.164	0.058
2	ITPK1	0.0191070678952639	1.71934382212399e-06	2.66763531399463	0.293	0.161
2	CPLX3	0.0215241745656809	1.93684644701528e-06	2.41049674389504	0.138	0.042
2	STAMBPL1	0.0257240541344856	2.31477136097234e-06	3.04417090741886	0.224	0.102
2	CLIP4	0.0285321026721275	2.56745277351998e-06	2.80404397132434	0.267	0.138
2	KIF13A	0.0286448019437302	2.57759398395845e-06	2.63625696215874	0.19	0.075
2	SPATA13	0.0311167129533966	2.80002816101832e-06	3.62373096783441	0.103	0.026
2	VGLL4	0.033275833955905	2.99431602230766e-06	2.09414174614875	0.25	0.119
2	PRKD2	0.0368703745730807	3.31776969072984e-06	2.863677132127	0.112	0.03
2	MGLL	0.0386154759039121	3.47480211499254e-06	1.95722611384095	0.379	0.25
2	ERRFI1	0.0490914691708858	4.41748125356661e-06	3.58659038379968	0.103	0.027
4	KCNIP4	1.02290157537803e-78	9.20454940500339e-83	3.7284250664514	0.988	0.193
4	NRN1L	2.78082103914844e-65	2.50231354193147e-69	3.77364189371146	0.631	0.066
4	AQP6	4.80401192137466e-63	4.32287584034434e-67	4.20054355163019	0.321	0.01
4	TRARG1	1.1766531592777e-55	1.05880784601611e-59	4.03294550391742	0.548	0.057
4	TAC1	2.46957428332083e-51	2.22223907434611e-55	3.55700488314645	0.595	0.076
4	GASK1A	7.11200957999478e-51	6.39972066948149e-55	4.61609339356071	0.274	0.01
4	RBFOX3	7.12912795671849e-50	6.41512458986637e-54	5.06990947517116	1	0.587
4	R3HDM1	2.47399057261345e-49	2.22621305913205e-53	3.08706672832763	1	0.508
4	IGF1	1.10406748258731e-43	9.93491840715658e-48	3.48899899875639	0.345	0.024
4	GRIK1	4.49469114836485e-42	4.04453446266971e-46	3.14188912578852	0.631	0.109
4	PRKG2	1.22051522649657e-40	1.09827699675747e-44	3.3082404204833	0.571	0.089
4	MEF2C	9.06408190895228e-40	8.15628714924169e-44	3.64037020656971	0.655	0.12
4	ADGRD1	1.65895904977044e-39	1.49280936720097e-43	6.8067826775184	0.155	0.002
4	SHISA8	2.73233488662818e-39	2.45868342178366e-43	2.90306934898896	0.893	0.345
4	KCNH5	5.85051076387413e-39	5.26456471148577e-43	2.88431524907577	0.821	0.247
4	KCNQ5	7.69385374423237e-38	6.92329141026938e-42	2.61010615812282	0.821	0.231
4	UST	1.28377823938929e-36	1.15520403076513e-40	2.51164437389124	0.583	0.102
4	PRICKLE1	1.09469940153782e-34	9.85062000843891e-39	5.04097968447013	0.369	0.039
4	PLCH1	6.19174261067273e-34	5.57162117400588e-38	2.7512237857188	0.619	0.126
4	CACNA1A	9.25301714749478e-34	8.32629996175181e-38	2.21691288079923	0.988	0.576
4	NECAB2	1.15164188035539e-33	1.03630152106127e-37	2.16300983939588	0.952	0.44
4	BRINP2	9.74865305565003e-32	8.77229645968688e-36	2.72337730185826	1	0.678
4	ZEB2	1.05630584008389e-31	9.5051366875181e-36	2.20965908493193	0.905	0.35
4	PRMT8	2.70947559279812e-31	2.43811355421409e-35	2.89589100162672	0.429	0.06
4	KCTD16	8.63082703815411e-30	7.76642404225152e-34	2.10122819894815	0.905	0.382
4	GPC6	3.13158688025824e-28	2.81794914087847e-32	1.68645845056167	0.964	0.457
4	NFIX	3.43200949142091e-28	3.08828353407803e-32	1.37664773267726	0.988	0.442
4	BCL11A	7.51411886873862e-28	6.76155751708685e-32	1.80293124764513	0.905	0.343
4	PCDH15	8.34503664243729e-27	7.50925640460478e-31	2.11594004827672	0.81	0.283
4	CBLN1	1.38947686254987e-26	1.25031662246906e-30	3.17929799803547	0.571	0.139
4	TGFA	2.65661703268949e-25	2.39054893610141e-29	4.62972376788973	0.155	0.006
4	TEAD3	4.11915271564558e-25	3.70660732083648e-29	3.47633456675539	0.274	0.028
4	ZBTB18	4.92198144957683e-25	4.42903036945634e-29	2.1540878017073	0.607	0.146
4	P3H2	8.49982910516468e-25	7.6485459418381e-29	2.19681770030909	0.393	0.06
4	RTN4RL1	3.33215625360375e-24	2.99843089499122e-28	2.15704686832597	0.976	0.585
4	EPHA3	1.55650981047052e-23	1.40062072390041e-27	2.56250846778596	0.524	0.12
4	CDC42EP1	2.38363087025228e-23	2.1449031496916e-27	4.54384704093116	0.143	0.006
4	GPC5	3.95284715715119e-23	3.55695775861711e-27	2.06315117921172	0.405	0.067
4	NEGR1	4.20827279717623e-23	3.78680176115921e-27	1.26827259855217	0.988	0.74
4	PTPRD	1.0782386384522e-22	9.70249832135514e-27	1.78738368310933	0.893	0.445
4	NXPH1	2.07783017907994e-22	1.86972930718972e-26	1.14592542434348	0.726	0.197
4	CBLN3	2.12559022523562e-22	1.9127060426848e-26	4.04073260031952	0.19	0.014
4	RAVER2	2.45552197387229e-22	2.20959414548033e-26	1.58739351539681	0.917	0.44
4	GABRD	5.15457776872226e-22	4.6383314754992e-26	2.3089546704708	0.643	0.194
4	GRM5	1.70087660365467e-21	1.53052875340113e-25	2.50895156631467	0.929	0.487
4	KCND2	1.79645768759706e-21	1.61653710752907e-25	2.84964073099822	0.845	0.384
4	RPS6KA3	2.51620218540828e-21	2.26419705336838e-25	1.84191336285399	0.714	0.232
4	DRP2	4.10294288599985e-21	3.69202095383772e-25	2.57027080244836	0.679	0.263
4	ADAMTS6	8.74693253561182e-21	7.87090122884173e-25	3.44232745002257	0.25	0.028
4	MGAT5B	1.01627670262128e-20	9.14493568452516e-25	0.986430920795804	0.881	0.386
4	NRP2	1.62941736131835e-20	1.46622636670418e-24	1.40372629237018	0.905	0.468
4	NECAB3	1.68573908960612e-20	1.51690730640342e-24	2.04125608709009	0.833	0.369
4	SYT7	1.39878803967848e-19	1.25869525751685e-23	1.82952503603784	0.952	0.569
4	BSN	3.53738445554865e-19	3.18310488216382e-23	1.81061064751005	0.964	0.697
4	ANK1	1.81079600021779e-18	1.62943939549878e-22	1.87247129999571	0.952	0.645
4	GABRA6	2.47926155265535e-18	2.23095613484689e-22	2.33377134890482	0.452	0.105
4	NR2F2	9.1932484641442e-18	8.27251728979051e-22	1.54764960484622	0.774	0.293
4	RIN1	1.12645706769409e-17	1.01363904228749e-21	3.21233545757021	0.333	0.06
4	NFIB	7.1659292516075e-17	6.4482401256254e-21	1.34400927281038	0.702	0.231
4	GAB2	7.58454051825532e-17	6.82492622897086e-21	2.45070567227282	0.321	0.056
4	HS6ST3	1.49786562721395e-16	1.34784993000445e-20	1.94012247936423	0.679	0.249
4	TSHZ1	2.83919661951318e-16	2.55484263431403e-20	2.57100160442501	0.583	0.198
4	ADORA1	7.06657134234616e-16	6.35883320646645e-20	2.80216976066533	0.333	0.065
4	OLFM1	8.35644608560966e-16	7.51952315811182e-20	1.98290140131643	0.869	0.512
4	VSNL1	8.40058381088395e-16	7.55924035893454e-20	2.31594148731528	0.905	0.574
4	DAG1	9.68900410446436e-16	8.7186215283581e-20	1.72542144203354	0.774	0.364
4	PDK4	1.01093980497156e-15	9.09691176974322e-20	3.3508552532398	0.119	0.006
4	CA10	1.82327988828839e-15	1.64067298505209e-19	2.13647925197308	0.929	0.623
4	ADCY1	4.14003214543172e-15	3.72539561363423e-19	2.84984435283772	0.679	0.294
4	GUCY1A1	5.50005262291446e-15	4.94920599560377e-19	3.20367425246434	0.345	0.075
4	NPTN	2.26941657789668e-14	2.04212775838809e-18	2.07703097911165	0.893	0.574
4	TAFA4	2.83095997752204e-14	2.54743091651403e-18	1.73652925850773	0.524	0.155
4	NEBL	6.0300130032572e-14	5.42608926775596e-18	1.28564740147642	0.762	0.327
4	GPR153	7.22824528386093e-14	6.50431502192111e-18	1.3984846230417	0.81	0.402
4	CACNA2D2	7.51160067186847e-14	6.75929152512235e-18	1.25834709006247	0.905	0.577
4	FAM163B	9.3958240491124e-14	8.45480432746549e-18	2.32032954562391	0.571	0.23
4	CELF2	1.11706294919837e-13	1.00518577269717e-17	1.46891868075083	1	0.85
4	ARHGAP24	1.17964561123419e-13	1.06150059500962e-17	2.21547590263724	0.393	0.098
4	PPP1R1A	1.1904786642178e-13	1.07124868551948e-17	1.93783001534613	0.548	0.187
4	CBFA2T2	1.37552011693729e-13	1.23775768643686e-17	2.55470894223405	0.345	0.078
4	NRN1	1.68133681991538e-13	1.51294593711453e-17	1.45970658807856	0.679	0.269
4	ANO3	2.30069302859505e-13	2.07027177953302e-17	2.31853050891611	0.488	0.159
4	RBFOX1	2.61956994706038e-13	2.35721222627588e-17	1.52183927009591	0.762	0.377
4	NELL2	3.17176709032049e-13	2.85410518340726e-17	1.61924615218196	0.714	0.338
4	DBNDD2	7.19941071648285e-13	6.47836832221979e-17	2.76735958274159	0.155	0.016
4	ADCYAP1	8.36999641687588e-13	7.53171638340312e-17	0.652226609119761	0.845	0.374
4	SLITRK3	8.84736112644264e-13	7.96127159762678e-17	2.01979002146554	0.619	0.257
4	CRHR2	9.34957868512899e-13	8.41319057421847e-17	2.11816076560588	0.357	0.085
4	KCNA4	1.11671763485949e-12	1.0048750426163e-16	1.29755699111638	0.893	0.541
4	SBK1	1.57365917169013e-12	1.41605252559176e-16	2.48217808817716	0.381	0.102
4	MCAM	3.05729153018165e-12	2.751094691066e-16	1.24410417541646	0.512	0.162
4	PHF24	4.32451152070189e-12	3.89139883083046e-16	1.44596212123259	0.702	0.329
4	ZNF536	6.03744341865153e-12	5.43277550495054e-16	1.2791023562668	0.643	0.239
4	NPTX1	6.62229301448567e-12	5.95905067442245e-16	1.12884349979798	0.69	0.292
4	TSHZ2	7.67769423090166e-12	6.90875032025705e-16	2.81868481422018	0.31	0.071
4	SLC17A6	8.35165508857027e-12	7.51521199367431e-16	0.935587478637283	0.905	0.457
4	ESRRB	1.56274626097683e-11	1.40623257534134e-15	2.42810023978412	0.179	0.023
4	DLGAP3	1.60756408671025e-11	1.4465617625396e-15	1.4488454274051	0.679	0.292
4	AK5	1.78590131676859e-11	1.60703798863366e-15	1.30273776213589	0.762	0.422
4	PTPRS	2.44736037872483e-11	2.20224995835942e-15	0.865936051216572	0.976	0.716
4	MARCHF9	2.52211094661886e-11	2.26951403457109e-15	2.44707953327608	0.655	0.334
4	SPHKAP	3.12047130492953e-11	2.80794682347659e-15	2.07820788512779	0.452	0.149
4	TMEM163	5.93299628332528e-11	5.33878906085241e-15	1.72111224637388	0.69	0.335
4	GABBR2	1.21501890344473e-10	1.0933311468053e-14	0.89529413517602	0.905	0.582
4	RHBDF1	1.69481170843574e-10	1.52507127547534e-14	1.9130911517357	0.381	0.107
4	ITGA1	2.00542258087276e-10	1.80457354528279e-14	3.06287440310314	0.167	0.022
4	SAMD12	2.64443676605395e-10	2.37958855939346e-14	1.39662598424128	0.726	0.379
4	EPHB3	3.59316104447775e-10	3.2332952798324e-14	1.77402789260788	0.571	0.247
4	SLC45A4	3.73686532717189e-10	3.36260715123899e-14	1.30527321441178	0.69	0.342
4	VAV3	4.03954623534239e-10	3.63497366628488e-14	1.22686087066489	0.452	0.155
4	IGFBP5	4.06557709636264e-10	3.65839745915832e-14	2.44838922329614	0.345	0.094
4	PRDM8	8.90812663621459e-10	8.01595126087878e-14	1.87735827580614	0.286	0.064
4	SYT6	1.10046234093435e-09	9.90247764720911e-14	1.89348123494868	0.357	0.1
4	MAST1	1.16527997848753e-09	1.04857372310585e-13	1.9737549758225	0.702	0.374
4	CADM3	1.33514515843269e-09	1.2014264001014e-13	1.32758950524654	0.786	0.457
4	NEU3	4.40448257119231e-09	3.9633605427808e-13	1.09085782404213	0.548	0.211
4	CPLX1	1.11716472024388e-08	1.00527735106981e-12	1.72119342019594	0.476	0.182
4	HMGA2	1.75049640473752e-08	1.57517898383652e-12	1.79808209297582	0.214	0.041
4	SPOCK1	1.82381890079291e-08	1.64115801385126e-12	1.19272957431213	0.667	0.321
4	ZFPM2	1.97162684734488e-08	1.77416255497605e-12	1.27928074782133	0.512	0.188
4	SGCD	3.45342992702587e-08	3.1075586493529e-12	1.02664151978015	0.869	0.56
4	ZRANB3	4.02951641711169e-08	3.62594836417861e-12	2.01334998484929	0.393	0.139
4	ANTXR2	7.56179376473768e-08	6.80445763046673e-12	1.89832148118487	0.333	0.1
4	KLHL5	8.69142856653493e-08	7.82095614733639e-12	1.73801005492751	0.524	0.227
4	IL1RAPL2	9.00553923323502e-08	8.1036076966031e-12	0.77156643517006	0.857	0.464
4	GFRA4	1.02935941476653e-07	9.26266008068509e-12	0.564852675636037	0.857	0.45
4	SEZ6	1.06620886219838e-07	9.59424873750005e-12	1.07260379512403	0.726	0.348
4	SHC1	1.6283573483867e-07	1.4652725172201e-11	1.83605434543235	0.536	0.246
4	LGI3	2.61446272869123e-07	2.35261651101523e-11	1.62048398460656	0.405	0.147
4	NR3C2	2.9964074865067e-07	2.69630836543391e-11	1.37586893032718	0.548	0.246
4	CAMKV	3.48669601889711e-07	3.13749304319006e-11	0.879458379381242	0.524	0.226
4	DAB2IP	3.71494834505673e-07	3.34288522006365e-11	1.29647729263369	0.679	0.393
4	SGCZ	4.35570132779276e-07	3.91946488598287e-11	0.90562758700414	0.905	0.578
4	APLP1	5.72531568810457e-07	5.15190829488399e-11	0.779864860872576	0.94	0.7
4	ADISSP	6.02722237045867e-07	5.42357812513153e-11	2.0112267073436	0.274	0.074
4	NEUROD2	9.70601335033704e-07	8.73392724767124e-11	1.29006283366269	0.357	0.113
4	SH3GL2	1.0568844201314e-06	9.51034302286874e-11	1.09574530477445	0.75	0.46
4	FAM107B	1.65567927847502e-06	1.48985807475481e-10	1.95790639662762	0.226	0.054
4	SPSB4	2.43136581016569e-06	2.18785729340924e-10	1.72101724298943	0.56	0.272
4	ADK	3.06194137158254e-06	2.75527883702199e-10	1.52130843326932	0.583	0.308
4	PLXDC1	3.33576068171985e-06	3.00167432891195e-10	2.62978104059468	0.19	0.041
4	SCRT1	4.69399191128687e-06	4.22387466146574e-10	1.61512666135143	0.345	0.12
4	PITX1	4.71169656222832e-06	4.23980613896187e-10	1.72841256398436	0.274	0.077
4	GABRA5	5.27588979395279e-06	4.74749374062161e-10	1.70927452348712	0.643	0.36
4	PTH1R	5.37171370014978e-06	4.83372059763321e-10	2.40335673400356	0.179	0.037
4	FGF13	5.49891796762626e-06	4.94818497941713e-10	1.10268230974985	0.714	0.437
4	NPR3	6.84073898856953e-06	6.1556186345447e-10	2.12575188431627	0.226	0.058
4	SEMA4G	1.0290782860326e-05	9.26013035213349e-10	1.15315545999002	0.56	0.271
4	SDC3	1.08315089832283e-05	9.74670114571066e-10	1.24263563587205	0.726	0.483
4	ARHGEF25	1.33917140322248e-05	1.20504940450147e-09	1.96115179374332	0.298	0.096
4	MYH10	1.44025957088271e-05	1.29601329153488e-09	1.06653134152969	0.75	0.492
4	MYT1L	2.02794508218807e-05	1.82484035110957e-09	0.896460428870087	0.726	0.414
4	TONSL	2.41900129234497e-05	2.17673111882027e-09	2.65891478935494	0.262	0.082
4	NWD2	2.85290953068342e-05	2.56718215664845e-09	0.859824340629054	0.405	0.159
4	ITGB4	2.87476088466209e-05	2.58684503254035e-09	3.0454283425396	0.107	0.015
4	GRM4	3.01947803053581e-05	2.71706832586683e-09	0.652111129720113	0.881	0.53
4	TTYH2	5.60772773373051e-05	5.04609712384641e-09	0.678964933386908	0.452	0.19
4	CD36	5.73943287954771e-05	5.16461160761965e-09	2.69922821706397	0.143	0.027
4	PDE4B	5.92661025037642e-05	5.3330426080954e-09	1.09155316981494	0.774	0.505
4	SEPTIN8	8.35202761484834e-05	7.51554721033775e-09	1.27727720269651	0.679	0.429
4	ARHGAP4	8.40838386848222e-05	7.56625921756701e-09	1.3672111650202	0.5	0.252
4	DENND3	8.82074964750038e-05	7.93732533744298e-09	2.12223517108825	0.202	0.052
4	EBF1	0.000147206584163607	1.32463406968062e-08	0.657024535340769	0.286	0.091
4	LMX1B	0.000167837028961891	1.5102765136497e-08	0.861087286692742	0.262	0.078
4	MEF2A	0.000176117848935646	1.58479122591241e-08	1.49277834211626	0.393	0.166
4	ST3GAL2	0.000197241724134922	1.77487378867022e-08	0.946631296455074	0.69	0.426
4	PPP3CA	0.000222523549321837	2.00237154073461e-08	0.893514094439203	0.786	0.543
4	BCL9L	0.000243841419703793	2.19419976337436e-08	1.45429253078635	0.452	0.222
4	PCDHAC2	0.000385561911394573	3.46946739309433e-08	0.737559371155283	1	0.835
4	GALNT14	0.000385808274375173	3.47168428304844e-08	0.78975824400484	0.571	0.282
4	MUC15	0.000411045601687248	3.69878162230944e-08	1.75953049718249	0.464	0.234
4	PKP1	0.000411516398258474	3.70301807125415e-08	2.19870552954997	0.131	0.025
4	RPH3A	0.000426093252797192	3.83418746330596e-08	1.79761037888052	0.369	0.164
4	PCLO	0.000439215512136482	3.95226772371531e-08	1.02345756652067	0.75	0.494
4	ROBO1	0.000569907059208967	5.12829172328774e-08	0.679259994064	0.69	0.378
4	ASTN2	0.000602018291221775	5.41724368956875e-08	0.773619094101263	0.714	0.412
4	PATJ	0.000609024911079869	5.48029254998533e-08	1.51735006020754	0.417	0.193
4	SPTBN1	0.000619761175915284	5.57690250981089e-08	1.16344508106367	0.94	0.735
4	DLC1	0.000622724967183771	5.60357209739738e-08	0.38899231575537	0.429	0.184
4	SERPINA10	0.000646198164142317	5.81479496213729e-08	1.0072512924988	0.667	0.412
4	RGS7	0.000720277751264366	6.48139792373226e-08	1.10478483781144	0.548	0.301
4	KCNH1	0.000768136951693393	6.91205751546291e-08	1.24426674806634	0.464	0.224
4	P4HA2	0.000776570424720837	6.98794587168934e-08	1.97939911938344	0.143	0.03
4	MAPK11	0.000957096782768243	8.61240693573511e-08	2.0996986392023	0.274	0.102
4	DDX17	0.000959275995444982	8.63201651619709e-08	1.12244124258527	0.5	0.259
4	UNC5C	0.00106960031590232	9.62476663279329e-08	0.790828440017302	0.762	0.481
4	NEUROD6	0.00116565734719996	1.04891329721944e-07	2.43930913310727	0.131	0.027
4	PRKCB	0.00125400796061461	1.12841533394638e-07	0.940685240237106	0.714	0.461
4	DISP3	0.0012548007000026	1.12912867812706e-07	1.6509146243955	0.298	0.11
4	PMIS2	0.0014881289425181	1.33908840323774e-07	1.38017044785913	0.619	0.362
4	MKX	0.00154816069510916	1.39310779727271e-07	2.22092393015328	0.119	0.023
4	THRA	0.00172711160792957	1.55413624397513e-07	0.816707836513667	0.786	0.528
4	UNC5B	0.00187720224557558	1.68919485789218e-07	2.40342358823051	0.155	0.038
4	UNC5D	0.00199090957155181	1.79151405700694e-07	0.73357879316117	0.655	0.373
4	TMEM65	0.00212893552636296	1.91571630195533e-07	1.73859738841299	0.429	0.219
4	SYT12	0.00218740496376408	1.96832985131295e-07	1.3708602446651	0.345	0.146
4	ITGA11	0.00222294376054674	2.00030933190564e-07	1.81921588312947	0.202	0.059
4	SCHIP1	0.00249529621821306	2.24538488096199e-07	0.676186439965067	0.786	0.552
4	SCN8A	0.00334556987068646	3.01050109843108e-07	1.21704736327104	0.583	0.369
4	NMNAT2	0.00384691866012002	3.46163831559437e-07	1.09001705576358	0.536	0.317
4	MPP7	0.00411625554927586	3.70400031429485e-07	1.24560496149021	0.202	0.058
4	CLSTN1	0.00420064439881963	3.77993736958484e-07	0.562060804965499	0.94	0.745
4	PACSIN3	0.004462945656891	4.01596837657788e-07	1.52237911858727	0.19	0.055
4	GABRG1	0.00491009288283746	4.41833247803245e-07	0.929422833719525	0.667	0.432
4	FBXO41	0.00491156122485092	4.41965376122642e-07	1.25452500881925	0.583	0.381
4	CHUK	0.00502736018360272	4.52385510987377e-07	1.20914229068826	0.524	0.297
4	GRM2	0.00618962699211433	5.56971744093793e-07	1.02214828377018	0.536	0.299
4	TMEFF2	0.00628335450060187	5.65405786070536e-07	0.700291120519091	0.714	0.435
4	ARID3C	0.00639675138804256	5.75609771262715e-07	2.80119007624945	0.143	0.035
4	NCKAP5	0.00664962706994288	5.98364714293429e-07	1.55721369406134	0.429	0.23
4	EPHB1	0.00731378577579868	6.58128837919435e-07	0.609312860733596	0.726	0.493
4	BHLHE22	0.0074605107538001	6.71331841428967e-07	1.11348248584095	0.262	0.092
4	RBMS3	0.00783205995791468	7.04765586062691e-07	1.24364157319382	0.702	0.488
4	AGAP3	0.00787631443464618	7.08747811990118e-07	0.622111602305386	0.905	0.698
4	MAMDC2	0.00886742485704559	7.97932588594042e-07	1.39515476719287	0.167	0.045
4	TAFA1	0.00898983854901121	8.08947948259804e-07	0.719487730357808	0.536	0.274
4	TENM1	0.00928360393736853	8.35382339365476e-07	0.495030151686412	0.869	0.605
4	MCUB	0.00979100291173623	8.81040485173781e-07	1.47162110182173	0.167	0.045
4	NEO1	0.00981609681285971	8.83298552403466e-07	0.627363028689471	0.726	0.448
4	STMN2	0.0105343662382516	9.47931813034425e-07	1.25806459262706	0.762	0.515
4	ADAM11	0.0109230620073895	9.82908486222394e-07	1.27954395633831	0.56	0.361
4	KLHL29	0.0113434379227498	1.02073588794653e-06	0.315706255435139	0.929	0.705
4	DMRTA2	0.0121015637667147	1.08895561654951e-06	2.92638746005026	0.107	0.021
4	ADCY8	0.0135670762494522	1.22082932146605e-06	1.10377301791355	0.607	0.395
4	JAK2	0.0157306880669535	1.41552128740695e-06	1.68698135077419	0.107	0.021
4	GABRA2	0.0188905148749141	1.69985736299056e-06	1.1948523154717	0.5	0.29
4	APP	0.0206744225288934	1.86038176270074e-06	1.06894972001288	0.929	0.768
4	MTCL1	0.0219825906407108	1.97809688119417e-06	1.29909503904485	0.512	0.312
4	NRG3	0.0226919028283955	2.04192412745393e-06	0.451708732570727	0.976	0.756
4	MCU	0.0230299901726842	2.07234681658276e-06	1.9609806926168	0.298	0.131
4	SFXN5	0.0243172696322069	2.18818227591172e-06	1.20450252704829	0.357	0.166
4	CALML3	0.0283342951799849	2.54965312516736e-06	0.284418421808844	0.964	0.73
4	CAMK2B	0.0296366323910073	2.66684355178685e-06	0.400065870861956	0.774	0.56
4	TMEM145	0.0307181730974482	2.76416567060634e-06	1.00743135218988	0.595	0.402
4	ST6GAL1	0.0318288801176729	2.86411231149761e-06	1.35644115105897	0.476	0.286
4	CLMN	0.0438425579046964	3.94515953430184e-06	1.02994056188622	0.381	0.187
4	ATXN1	0.0447575802956093	4.02749755202099e-06	1.19995646062608	0.643	0.424
4	NXPH4	0.0456210570902934	4.10519725459313e-06	1.05938917419355	0.345	0.157
14	EDN3	9.90280251557621e-61	8.91100739276182e-65	7.62052833548838	0.259	0.002
14	NKX2-1	1.688319881507e-35	1.51922962432017e-39	4.61408972338373	0.296	0.008
14	NPY	1.25013862373462e-31	1.12493352266231e-35	6.12300618055685	0.667	0.066
14	DDR2	1.11673059070712e-29	1.00488670089726e-33	5.13347145737084	0.37	0.017
14	BARX2	1.19288137990988e-26	1.07341076208934e-30	5.8212323624162	0.148	0.002
14	CA12	1.33102766585442e-26	1.19772128665025e-30	9.22627510596019	0.111	0.001
14	TIMP3	7.83901797041823e-25	7.05391700748513e-29	5.03311425344123	0.556	0.054
14	CYGB	3.8572345462771e-24	3.47092103507343e-28	4.92835146740816	0.593	0.064
14	GLIS1	3.06357030959869e-19	2.75674463205137e-23	4.25166288787574	0.296	0.017
14	ACKR3	2.09981537315914e-18	1.88951261869804e-22	4.65357054928918	0.222	0.009
14	LHX6	9.50096399514517e-16	8.54941419521746e-20	3.3472817326938	0.444	0.047
14	GRIK3	3.88282387673087e-15	3.49394751797972e-19	2.40262864967549	1	0.359
14	GAD1	1.37149899162477e-11	1.2341392887832e-15	2.5938510013104	0.926	0.306
14	ETV1	2.34617049131053e-11	2.11119453910783e-15	3.41376362619882	0.519	0.084
14	SLC6A1	1.92346507678847e-10	1.7308243289737e-14	3.51584354818809	0.963	0.574
14	NETO1	8.50540566185978e-10	7.65356398979554e-14	2.84166481242423	0.704	0.188
14	XKR7	3.04895860408494e-09	2.74359633229996e-13	3.00192517496965	0.963	0.53
14	DLX5	9.90296445303383e-08	8.91115311170146e-12	3.0540592094535	0.259	0.027
14	TMEM91	1.12862950275434e-07	1.01559390151565e-11	2.64595670035667	0.519	0.109
14	OPRL1	2.90679250305411e-07	2.61566858908856e-11	2.57681496419436	0.778	0.278
14	SLC32A1	3.51092430786561e-07	3.15929479696356e-11	1.43004316107415	0.889	0.34
14	AMIGO1	6.82363977286751e-07	6.14023195614821e-11	2.17735271146201	0.704	0.231
14	SRCIN1	9.33628787523173e-07	8.40123087845922e-11	1.5767813760907	1	0.628
14	SST	1.15355416783911e-06	1.03802228726636e-10	2.19288729724981	0.481	0.117
14	OLFM3	1.50194930112622e-06	1.35152461182959e-10	3.4269078670597	0.407	0.077
14	TACR1	3.2005102127118e-06	2.8799695966092e-10	2.44443030692467	0.556	0.139
14	SHISA7	1.08441255426654e-05	9.75805411919856e-10	3.07075027197572	0.926	0.524
14	GRIA1	1.26623357555842e-05	1.13941651719466e-09	2.47449114691944	0.889	0.452
14	VIPR2	1.35624469098096e-05	1.22041275171507e-09	4.58566852140562	0.111	0.006
14	HIC1	1.49884589624091e-05	1.34873202217305e-09	3.56697294484131	0.111	0.006
14	PXN	2.06157973624315e-05	1.85510639453176e-09	2.86355857243132	0.259	0.035
14	IQSEC1	2.35128221115781e-05	2.11579430501018e-09	2.00479941239823	0.963	0.574
14	ELFN1	3.73516017050348e-05	3.36107277108205e-09	2.35514537881195	0.963	0.552
14	FMNL1	8.67958584221623e-05	7.81029950707841e-09	3.03872205547769	0.444	0.11
14	NRXN1	0.000137306679204332	1.2355500693272e-08	1.55575864656798	1	0.606
14	ADARB2	0.000186113509568673	1.67473688084831e-08	1.81565537684649	0.593	0.191
14	THBS2	0.000188558513268754	1.69673817392922e-08	3.25644051812814	0.148	0.013
14	MAN1A1	0.000201366316696497	1.8119888121704e-08	2.51788204381231	0.667	0.286
14	TOX	0.000204353189127733	1.83886609491346e-08	2.27210716701495	0.481	0.127
14	CDH24	0.000248132010023305	2.23280851276257e-08	2.20083772481997	0.778	0.443
14	GAD2	0.000299138903612797	2.69179252778545e-08	1.78571814003812	0.704	0.265
14	SP9	0.000478127220384579	4.30241357315377e-08	2.12550585070193	0.333	0.064
14	CHST11	0.000606474286712287	5.45734083246907e-08	1.69237185083177	0.741	0.288
14	PDZRN4	0.000801532961806835	7.21257051927324e-08	2.42036177357822	0.556	0.183
14	RPS6KA5	0.000958872061710855	8.62838173050351e-08	2.56157637135615	0.37	0.084
14	LRRC4	0.00114284897018428	1.02838924699386e-07	1.82053925119951	0.704	0.262
14	DDX27	0.00208800848732257	1.87888822759162e-07	1.86359626762607	0.148	0.015
14	KCNH3	0.00292031332325532	2.62783525893577e-07	3.17092993623381	0.259	0.046
14	NOS1	0.00400023652197772	3.59960093762056e-07	3.39718617045587	0.519	0.179
14	PAPPA2	0.00609776302561125	5.48705392388307e-07	4.16156443177988	0.296	0.063
14	EIF2S3B	0.00732081240720319	6.58761127256654e-07	2.66347441079674	0.259	0.048
14	PCSK2	0.00778675160435044	7.00688527341891e-07	1.46759967868088	0.815	0.382
14	SEZ6	0.00967009399881091	8.7016053260244e-07	1.46590486053079	0.778	0.361
14	LYPD1	0.0109296232231622	9.83498895272405e-07	2.16004372224086	0.444	0.138
14	PAPPA	0.011231061258156	1.01062370720382e-06	2.26624056369367	0.407	0.114
14	GAB2	0.0125130843703678	1.12598617568323e-06	3.66198786114194	0.296	0.066
14	APBB3	0.0157110304590263	1.41375240340379e-06	2.2979342747832	0.333	0.077
14	CHRNB2	0.0157402129342592	1.41637837975877e-06	1.81959568210865	0.667	0.275
14	LYRM9	0.0179722189420331	1.61722477657096e-06	3.08813785222756	0.185	0.027
14	ADGRL2	0.0188698213768266	1.69799526471939e-06	1.69529091949812	0.889	0.609
14	CACNA1I	0.0192424214769083	1.73152357391418e-06	1.23791870419868	0.778	0.36
14	PMPCB	0.0230925112640542	2.07797275839595e-06	2.7038490887602	0.148	0.018
14	NTRK2	0.0233574087753037	2.10180948216537e-06	1.03578422581251	0.889	0.629
14	HS3ST3B1	0.0268757208980413	2.41840375218585e-06	2.51577700906363	0.444	0.145
14	MSI2	0.0314697639415718	2.8317973491921e-06	1.06723393481268	0.926	0.548
14	KIFC2	0.0366554191259784	3.29842698874997e-06	2.0354943548228	0.407	0.12
23	CRACR2A	1.15669573757122e-103	1.04084921944679e-107	6.71417063423821	0.765	0.012
23	SLC2A10	3.83462603697182e-74	3.45057683521266e-78	5.40911312856112	0.471	0.006
23	UNC13B	6.92115366353852e-74	6.22797954066275e-78	6.36646363340353	0.882	0.029
23	PDE11A	1.63531295490321e-54	1.47153149905805e-58	6.42989047061094	0.529	0.012
23	TRABD2A	2.6268427224885e-54	2.36375661161567e-58	6.6642813074093	0.353	0.004
23	ADCY4	5.26851600628333e-50	4.74085845971684e-54	6.32845213083219	0.353	0.005
23	PRDX1	6.07215571207041e-47	5.46401125894935e-51	5.58220075226625	0.647	0.024
23	PRSS56	1.33565731189908e-44	1.20188725987499e-48	7.96326453834435	0.235	0.002
23	CALML5	1.802709138456e-43	1.62216245699271e-47	6.41413111357748	0.353	0.006
23	USH2A	9.52125526130634e-40	8.56767323072648e-44	5.28885637894589	0.882	0.06
23	LGR6	1.26400743287236e-38	1.13741332931914e-42	8.1265202625875	0.235	0.002
23	SLC18A2	3.43251970615216e-34	3.08874264928657e-38	5.07155041634538	0.706	0.042
23	PPP1R16A	3.96855538163356e-30	3.57109275770139e-34	6.58339781732448	0.235	0.004
23	GPR139	2.87113171600146e-29	2.58357933591421e-33	4.81490887120572	0.824	0.071
23	DGKZ	6.75613093878099e-28	6.07948433256636e-32	4.42069242150107	0.824	0.074
23	MYO3B	4.91274779438587e-27	4.4207214922936e-31	6.55474333761858	0.235	0.004
23	FGF22	3.29221693504832e-26	2.96249161796843e-30	4.8934430094386	0.353	0.012
23	SYT6	2.10635652596145e-20	1.89539865559385e-24	4.48746361651584	0.824	0.105
23	SLC8A2	2.46476225016031e-20	2.21790898061758e-24	6.13794161490904	0.176	0.003
23	RTBDN	9.55077202078961e-20	8.59423379896483e-24	4.3338475479866	0.647	0.059
23	OTOF	2.02055940329963e-19	1.81819436992678e-23	4.39722324380633	0.941	0.152
23	TCF7	5.66247032210319e-18	5.09535707918941e-22	5.99908993023108	0.706	0.083
23	BAALC	1.19668196921136e-16	1.07683071106934e-20	4.0806469035922	0.706	0.087
23	ISM1	4.00818830610073e-16	3.60675632691508e-20	5.14110653095723	0.235	0.008
23	CNGA2	6.46090690242422e-15	5.81382786144535e-19	4.83088165415885	0.235	0.009
23	DOK6	1.71516477869603e-14	1.54338592521914e-18	3.37616382100211	0.824	0.134
23	ACTC1	9.39043908944671e-14	8.44995868752516e-18	6.88255893020171	0.118	0.002
23	LAMB2	5.66203325448478e-13	5.09496378519282e-17	4.07899565395573	0.235	0.01
23	GRIN2C	9.27196291070665e-13	8.34334825043341e-17	4.67935651375393	0.647	0.092
23	DLX4	1.99291540024741e-12	1.79331899599335e-16	6.35904599632303	0.176	0.006
23	ST6GALNAC5	2.02582770521499e-12	1.82293503573742e-16	5.04285601676825	0.941	0.269
23	TPH1	7.73114535048848e-11	6.95684815125392e-15	4.7614184309639	0.118	0.002
23	SVEP1	1.51676584901593e-10	1.36485723838381e-14	3.87284827902832	0.294	0.019
23	RASGEF1B	3.93868111949183e-10	3.54421049175905e-14	3.06026009627633	0.941	0.286
23	CLIC5	3.57872914126064e-09	3.22030877464289e-13	5.22296692817465	0.176	0.007
23	FREM3	6.99436772803876e-09	6.29386099886508e-13	6.3310182872875	0.118	0.003
23	ALDH1A1	6.99436772803876e-09	6.29386099886508e-13	5.63855660393593	0.118	0.003
23	DNER	2.60294219038955e-08	2.34224978888648e-12	3.0008130608118	1	0.613
23	CACNA1I	7.45169023553311e-08	6.70538129715928e-12	3.60916236470887	0.941	0.361
23	AKAP9	1.53562018062982e-07	1.3818232526139e-11	3.55184930138656	0.882	0.325
23	PTPRN2	1.79172329382436e-07	1.61227687737277e-11	4.13452248684774	1	0.818
23	CDKL1	2.66725748961419e-07	2.40012371962044e-11	3.04619857326889	0.412	0.05
23	PPEF1	4.43789933836446e-07	3.99343052133939e-11	3.24602707290286	0.412	0.051
23	THSD7B	5.74960626638032e-07	5.17376609950537e-11	2.69920547236412	0.824	0.239
23	NOTUM	6.21218448726138e-07	5.59001573586014e-11	3.56997573854489	0.294	0.026
23	C2CD4C	7.42322825895359e-07	6.67976987217996e-11	3.98342893634863	0.353	0.04
23	TRPM3	7.96290918390765e-07	7.16540014749181e-11	2.79472114594818	0.824	0.255
23	TBC1D14	1.33968332703332e-06	1.2055100576202e-10	3.72967236544586	0.647	0.149
23	CFAP100	2.62307849532384e-06	2.36036938299635e-10	3.41205509153354	0.176	0.01
23	SAMD10	3.42150369059023e-06	3.07882992044473e-10	3.24074680423658	0.529	0.093
23	COL2A1	3.86726802831719e-06	3.47994963404768e-10	5.25995823256952	0.118	0.004
23	PRKCA	3.95133015248748e-06	3.55559268648203e-10	3.89106766909714	1	0.562
23	TRPC7	4.40631545142137e-06	3.96500985460395e-10	3.89851592647397	0.471	0.078
23	RASGRF2	6.64954243295707e-06	5.98357098259432e-10	3.42783323538226	0.706	0.194
23	PRKD1	8.23341265481244e-06	7.40881189130967e-10	3.12097938760678	0.706	0.19
23	TNFRSF18	1.21352743665047e-05	1.0919890548461e-09	2.51783533053355	0.353	0.042
23	FMN1	1.36120634888029e-05	1.22487748481984e-09	3.41599687034961	0.529	0.107
23	SH3BP4	1.51347757718442e-05	1.36189829675553e-09	3.56304101584295	0.529	0.105
23	EPHA4	2.06246822095529e-05	1.85590589485763e-09	2.45292676907329	0.824	0.279
23	KCNJ3	2.16202688377721e-05	1.94549346151103e-09	2.67425764824242	0.706	0.194
23	PACRG	2.66882906983813e-05	2.40153790141108e-09	2.21293560869211	0.529	0.097
23	DLG1	3.10942126852399e-05	2.79800348107981e-09	2.70376805760534	0.941	0.655
23	FLI1	3.2009141688821e-05	2.88033309536768e-09	3.88072458982136	0.118	0.005
23	NCAPG2	3.2009141688821e-05	2.88033309536768e-09	5.3424694299117	0.118	0.005
23	DNAAF3	4.23200320837574e-05	3.80815550110298e-09	3.79051733086365	0.118	0.005
23	LEF1	4.4009589213459e-05	3.96018979694582e-09	2.12458387502971	0.471	0.077
23	CAMK2D	4.56717520734042e-05	4.10975902757169e-09	2.82844773436621	0.824	0.301
23	TWSG1	5.39719108221704e-05	4.85664634411684e-09	3.64587045335804	0.176	0.012
23	SCG3	7.44690678611587e-05	6.70107692442713e-09	3.35807844478657	0.824	0.285
23	WHRN	8.6807364423256e-05	7.81133487116494e-09	2.16772113972699	0.824	0.277
23	ZNF608	0.000125749011013274	1.13154873583437e-08	2.91635205830558	0.882	0.424
23	EDAR	0.000129398641733734	1.16438982933262e-08	3.74257217557907	0.176	0.012
23	DISP2	0.000179426803957212	1.61456675926583e-08	3.54687223117811	0.353	0.052
23	TNFRSF6B	0.000201473346580595	1.8129519173994e-08	5.13823965756957	0.118	0.006
23	IRAG1	0.000210710506845152	1.89607222932738e-08	4.87916337543245	0.176	0.013
23	ADM2	0.000223937829744756	2.01509790105963e-08	4.46500143583439	0.118	0.006
23	RASL11B	0.00026123571884709	2.35072184690984e-08	3.88657474866395	0.176	0.013
23	VEGFA	0.000280293369589271	2.52221155033988e-08	2.64081377696066	0.471	0.089
23	DLGAP4	0.000318047052605894	2.86193694417254e-08	2.19476251748146	0.882	0.387
23	VWC2L	0.000346483798947865	3.11782416042351e-08	3.16817005262941	0.647	0.198
23	FHDC1	0.000364759528295689	3.28227776744074e-08	3.13602983095936	0.471	0.097
23	ELAPOR1	0.000453160514621957	4.07775141385726e-08	4.98720938886147	0.176	0.014
23	GALNT14	0.000474439399625715	4.26922882773072e-08	2.30635344550192	0.824	0.291
23	ROBO1	0.000497309732324765	4.47502683636071e-08	2.22674402572239	0.882	0.389
23	CDK18	0.000551612584300076	4.96366943489675e-08	2.73396931699263	0.647	0.2
23	PDE4D	0.0005626488630072	5.06297906062449e-08	2.90333089158558	0.824	0.41
23	RGMB	0.00064355131326462	5.79097735323153e-08	2.69562364257588	0.353	0.052
23	TRIM66	0.000670162980594601	6.03044165027086e-08	3.1618275622931	0.529	0.125
23	GHRHR	0.000675130398533321	6.0751408128617e-08	3.67139500166507	0.294	0.038
23	AFAP1	0.000773010430125876	6.95591136620063e-08	3.0923654217887	0.294	0.038
23	DAPK2	0.00113578697685804	1.02203453330157e-07	2.80233836206	0.118	0.006
23	AOPEP	0.001174434960354	1.05681180631153e-07	3.04598914978582	0.647	0.197
23	SHROOM2	0.00121889316221171	1.09681738703475e-07	3.0790557586631	0.294	0.038
23	ACSBG1	0.00226948813724253	2.04219215085263e-07	2.12696674410912	0.294	0.038
23	MSI2	0.00281112452898324	2.5295820471369e-07	1.31723807371999	1	0.55
23	FGF14	0.00290922860873088	2.61786071153683e-07	2.98973493030428	0.941	0.528
23	SEMA3D	0.00326667470620844	2.93950751930932e-07	6.02348493023916	0.118	0.007
23	PLAG1	0.0033853415555529	3.04628953077738e-07	4.06700883341745	0.118	0.007
23	GRAP2	0.00383434182568304	3.45032108852969e-07	2.85965165029438	0.118	0.007
23	TEAD1	0.00407486917194593	3.66675890573736e-07	3.29694964536427	0.471	0.105
23	DNMBP	0.00456110943066615	4.10430075647093e-07	2.15187357453726	0.294	0.04
23	TENT5C	0.00542272971429221	4.87962720623793e-07	3.48053177246269	0.235	0.028
23	PAQR4	0.00578038145789784	5.20145906406716e-07	3.15314184701165	0.235	0.028
23	TMTC2	0.00581831122788013	5.2355900547828e-07	2.29196163947575	0.824	0.414
23	TOB1	0.00601535425470117	5.41289863646285e-07	1.98470292356914	0.647	0.195
23	CASZ1	0.00738307279609059	6.64363609834481e-07	3.01208959757656	0.412	0.082
23	RORA	0.00742342871975377	6.67995025623483e-07	2.4096758554689	0.529	0.138
23	PPP2R5C	0.00800273445681645	7.20123680087866e-07	2.41830284156207	0.588	0.174
23	NR2E1	0.00810639193292336	7.29451267247671e-07	3.18013370225567	0.235	0.029
23	POT1	0.00845238732350776	7.60585559570571e-07	2.04066460843021	0.588	0.16
23	PROX1	0.00847378185976159	7.62510740552649e-07	2.37151898224817	0.471	0.101
23	PLCE1	0.00887819608743389	7.98901834557176e-07	3.03090947391261	0.294	0.043
23	HTR5A	0.0103238204981643	9.28985917228859e-07	4.09047946796716	0.235	0.03
23	RFTN1	0.0110734957688576	9.96445223509187e-07	2.50791507006315	0.353	0.061
23	FOXD2	0.0112732028421028	1.01441580510239e-06	3.43800696238678	0.118	0.007
23	SPAG17	0.0112732028421028	1.01441580510239e-06	3.2250510555178	0.118	0.007
23	SLC7A14	0.0133112357006136	1.19780758576564e-06	2.28300867378831	0.765	0.374
23	ST18	0.0165313309930781	1.48756690300352e-06	1.14497377799587	0.529	0.123
23	NKD2	0.0204134876743115	1.83690161741308e-06	3.75373481681303	0.294	0.047
23	RSPO3	0.0270543799770662	2.43448033627879e-06	3.3896439437324	0.118	0.008
23	NLGN1	0.0319393130651584	2.87404958743439e-06	1.31100474097338	1	0.728
23	SYT14	0.0339269674612148	3.05290807713622e-06	2.98187829283945	0.588	0.2
23	GLRA3	0.0349174494273859	3.14203630229334e-06	2.63695890720371	0.412	0.091
23	VSTM2B	0.0362188482683659	3.25914228996363e-06	3.15758618103333	0.471	0.125
23	KCNG1	0.0453735479253523	4.08292521599499e-06	2.84222359116592	0.235	0.032
23	BAZ2B	0.0460405704585741	4.14294704027482e-06	3.17314925702741	0.706	0.29
23	CPNE5	0.0489588846687542	4.40555067657286e-06	0.78530209091166	0.882	0.389
23	SOX5	0.0491260219948678	4.42059047915664e-06	2.83335222968408	0.647	0.252
19	TFAP2A	4.43589647808358e-159	3.99162825347213e-163	7.93407794230417	0.667	0.006
19	GATA2	8.38379558389102e-150	7.54413352280304e-154	6.95833761334015	0.933	0.021
19	GATA3	1.80993653046974e-97	1.62866600420205e-101	5.8546294008757	0.933	0.041
19	ID2	4.6978802561944e-45	4.22737357706686e-49	4.07702255442756	0.933	0.107
19	NXPH2	4.6797319759059e-37	4.21104290102213e-41	4.40014828524068	0.567	0.039
19	CLEC14A	1.17794420258357e-32	1.05996958749534e-36	9.15132179815438	0.1	0
19	RALY	2.30620132896474e-27	2.07522840723904e-31	4.12923390909963	0.767	0.11
19	STC1	2.44228050625493e-26	2.1976788502249e-30	3.95460043815687	0.533	0.049
19	EMX2	4.74782297119552e-26	4.27231438063126e-30	3.88413037272772	0.233	0.007
19	TFAP2B	1.40707760778268e-23	1.26615460072229e-27	7.24491804689938	0.1	0.001
19	OTX2	1.41134373966776e-22	1.26999346681162e-26	3.42433665666038	0.333	0.02
19	PPARGC1A	2.20779362128641e-21	1.98667652414866e-25	3.13082707708532	0.833	0.166
19	UNCX	6.24213259130404e-20	5.61696444821744e-24	3.42187716733233	0.433	0.041
19	CDH23	2.36627183265338e-19	2.12928267133392e-23	2.6342343613659	0.633	0.088
19	PLXDC2	1.56696415233179e-18	1.41002803233312e-22	3.22765364698342	0.867	0.225
19	GRIK3	7.39155203504513e-17	6.65126611630085e-21	2.44254384580442	1	0.358
19	LYPD1	1.75599314122557e-16	1.58012520581802e-20	3.25952492194702	0.7	0.132
19	ZFPM1	4.841532691144e-16	4.35663879343472e-20	3.04635461081721	0.633	0.108
19	GPC5	7.66622436060201e-16	6.89842919157924e-20	3.13394198743629	0.533	0.076
19	SLC32A1	1.51987802480923e-15	1.36765772051582e-19	3.04542519800274	0.967	0.338
19	ADARB2	1.61771335266119e-15	1.45569454932168e-19	1.57198287406717	0.867	0.185
19	GRIP2	7.21800797894131e-15	6.49510301353488e-19	3.02449630923611	0.433	0.051
19	NPR1	2.0123022147233e-14	1.8107641633432e-18	2.69824096774092	0.767	0.174
19	COL18A1	2.05355082522468e-14	1.84788160282973e-18	2.73064037806603	0.4	0.044
19	FAM131A	3.74783886710803e-14	3.37248165851528e-18	2.99596602940659	0.9	0.32
19	OR56A4	1.38054130222124e-12	1.24227598508165e-16	4.3911751781035	0.467	0.071
19	PVALB	7.6325090883162e-12	6.86809060408188e-16	2.26363936766638	0.433	0.062
19	RHBDL1	1.00006969342208e-11	8.99909739424169e-16	2.27891369603714	0.767	0.198
19	SLC6A1	1.19245388526973e-11	1.07302608230876e-15	2.47861083976992	0.967	0.573
19	LINGO4	1.58903890748476e-11	1.42989193510731e-15	2.456192321232	0.933	0.362
19	TSHZ1	1.70639954108698e-11	1.53549855222441e-15	2.50258146747249	0.8	0.207
19	SOX14	7.68969627682357e-10	6.91955032558587e-14	5.13084564960389	0.133	0.006
19	RRAD	3.77674996935406e-09	3.39849722788992e-13	2.65025492790267	0.267	0.028
19	GAD2	4.98183051495224e-09	4.48288537294362e-13	1.79713909772025	0.8	0.262
19	UNC5A	6.73951890353377e-09	6.06453604205325e-13	2.20740554297638	0.833	0.317
19	TTC7A	8.20865697017435e-09	7.38653556211135e-13	3.80012288372526	0.167	0.011
19	ADGRL2	1.41773373075488e-08	1.27574348128757e-12	2.67550386243258	1	0.607
19	GABRA3	1.6823509040649e-08	1.5138584577206e-12	2.11216325145408	0.833	0.282
19	RBFOX1	2.40500514581753e-08	2.16413672799202e-12	1.93231880734236	0.867	0.388
19	GUCY1A2	2.92216233161876e-08	2.62949908361267e-12	2.27487733088629	0.8	0.291
19	MN1	4.31258197407229e-08	3.88066406377422e-12	2.30925561957786	0.667	0.189
19	CHRM2	5.57230398438849e-08	5.01422116835102e-12	1.41140585546041	0.933	0.421
19	CSGALNACT1	6.4402161760228e-08	5.79520937282714e-12	4.10891876898952	0.567	0.132
19	PKP4	7.28869280208711e-08	6.55870854142635e-12	2.85318170642297	0.933	0.489
19	FAM184A	8.58433119402437e-08	7.72458489518975e-12	2.63279090635941	0.967	0.585
19	REPS2	1.19145558892771e-07	1.07212776831433e-11	3.83572154900503	0.233	0.024
19	SYT2	2.16399398767521e-07	1.94726355410349e-11	2.77884868189329	0.9	0.514
19	GRIK4	2.39199817399405e-07	2.15243244307933e-11	1.84833806102781	0.833	0.319
19	CXCL14	7.07469639189526e-07	6.36614450813935e-11	2.35825469280087	0.433	0.088
19	NUP93	7.18035071291259e-07	6.46121723469144e-11	2.10765831563061	0.667	0.213
19	XKR6	1.25867628995065e-06	1.13261611621583e-10	2.57868255104579	0.5	0.119
19	SLC6A9	1.31892970752621e-06	1.18683497482787e-10	1.89981696545565	0.7	0.219
19	B4GALNT4	1.40683886391533e-06	1.26593976776328e-10	1.87296041563824	0.867	0.424
19	HS3ST2	1.50216368439588e-06	1.35171752397721e-10	3.39311159322309	0.233	0.028
19	PLXNA2	1.5054957433704e-06	1.35471586733591e-10	2.64614085747994	0.933	0.433
19	ZNF536	3.52184426466409e-06	3.16912108761279e-10	1.29609384406878	0.767	0.25
19	PAPPA	4.03424073697512e-06	3.63019952935762e-10	2.4138385480116	0.467	0.112
19	HCRTR2	5.31399545722572e-06	4.78178300839172e-10	2.71620066966195	0.267	0.038
19	CDH24	9.26882851738191e-06	8.34052777592182e-10	1.88979327241489	0.9	0.44
19	KIF21B	1.33419669949994e-05	1.20057293215148e-09	1.8201752139752	0.7	0.244
19	ARHGAP22	1.66310004104276e-05	1.49653562588208e-09	2.22668774130402	0.433	0.098
19	KCTD12	2.58687038660669e-05	2.32778762404994e-09	2.75213390523324	0.2	0.023
19	CCKBR	2.96233682633836e-05	2.66564998320738e-09	2.47587785737619	0.467	0.115
19	SKIC2	2.96506047827424e-05	2.66810085330175e-09	3.523846425747	0.233	0.032
19	ELMO1	3.27870783449799e-05	2.95033549401421e-09	1.27606203457769	0.833	0.397
19	EML6	3.90977401057006e-05	3.51819851576537e-09	1.3935878180831	0.9	0.441
19	ASTN2	4.14175271990614e-05	3.72694386745806e-09	1.71684269260177	0.867	0.419
19	PEX1	4.65753284420345e-05	4.19106707837978e-09	1.53843647844672	0.6	0.181
19	FGD5	5.03528936719692e-05	4.53099016214966e-09	3.33486531286488	0.167	0.017
19	OSBPL6	5.11434789953759e-05	4.60213074735678e-09	1.81645958606916	0.633	0.209
19	CACNG3	6.53640779418265e-05	5.88176711435495e-09	1.77749063573362	0.733	0.293
19	IGSF21	9.51729282703754e-05	8.56410764603396e-09	2.9334674452077	0.967	0.499
19	GABRR1	0.000104734311986825	9.42448591620849e-09	3.19594800536529	0.233	0.034
19	MPP3	0.000109715031539684	9.87267448390926e-09	1.7358072113987	0.7	0.306
19	SLC8A3	0.000146698600602515	1.32006299471353e-08	1.41980020686742	0.9	0.539
19	GRIN2C	0.000147179043031997	1.32438624162689e-08	2.28252928042999	0.4	0.092
19	GRIN3B	0.000201840895934301	1.81625929932783e-08	1.63473235187189	0.533	0.152
19	KCND2	0.000298894942735795	2.68959725308913e-08	0.703365902783822	0.833	0.399
19	SLC31A1	0.000309093561722884	2.78136922273809e-08	2.72984219841008	0.267	0.046
19	RNF152	0.000332664841121415	2.99347467939723e-08	1.91079026944561	0.6	0.203
19	ROBO2	0.000357290589554329	3.21506874430243e-08	1.65223225516684	0.833	0.447
19	IQSEC1	0.000397626116402093	3.57802678306571e-08	0.896514269733406	0.967	0.573
19	FADS6	0.000472384460924635	4.25073752294282e-08	2.11297547213906	0.233	0.036
19	NPFF	0.000544030344041399	4.89544087142445e-08	2.7603719216134	0.1	0.007
19	PCNX2	0.000628025185229507	5.65126595185375e-08	1.71141074954786	0.6	0.208
19	DOC2B	0.000740721832792482	6.66536338335717e-08	2.21317275324032	0.667	0.322
19	GALNT18	0.00081866818903883	7.36676135191964e-08	3.20841818749765	0.667	0.303
19	CHST11	0.000828030589775059	7.45100863650732e-08	1.02366678128661	0.767	0.286
19	ESAM	0.000899958569789752	8.09825042553543e-08	2.45733608526144	0.3	0.059
19	MSI2	0.00124546240818434	1.12072564400643e-07	0.571109632646777	0.967	0.547
19	DTNBP1	0.00126118890524746	1.13487708561816e-07	1.75735477143323	0.6	0.221
19	QRSL1	0.00130099548862409	1.17069692128507e-07	2.6610338894977	0.133	0.013
19	GRIN2A	0.00130345026614396	1.17290584553582e-07	1.32122306682387	0.967	0.513
19	SRCIN1	0.00134941666191027	1.21426857006233e-07	1.1052676010897	0.967	0.627
19	TMEM145	0.00143006805795837	1.28684248893942e-07	1.34062573735388	0.8	0.404
19	ZNF385C	0.00198827889986735	1.78914685491528e-07	0.835825952575187	0.833	0.324
19	GAS7	0.00199302571624404	1.79341826351483e-07	1.20986539206459	0.8	0.384
19	NOS1	0.00205486228778622	1.84906171851545e-07	1.11792394803431	0.567	0.178
19	GLRA3	0.00209391376332422	1.88420207263945e-07	1.75756189363614	0.367	0.089
19	ZNF385A	0.0023492823831208	2.11399476569855e-07	3.01989092427314	0.467	0.148
19	CHRNB2	0.00334363273062855	3.00875796871101e-07	1.24550231011498	0.7	0.274
19	FAM163A	0.00462921987287145	4.1655897353293e-07	3.01204574091934	0.433	0.135
19	SSTR2	0.00463889300472958	4.174294074264e-07	2.39912163604177	0.3	0.068
19	PINLYP	0.00494610288578619	4.45073597209232e-07	2.15762147542853	0.167	0.022
19	INPP4B	0.00586597278098384	5.27847816159799e-07	1.4725477692523	0.667	0.262
19	NLGN2	0.00607744812462076	5.46877362064317e-07	1.18382985079088	0.9	0.614
19	RSBN1L	0.00706620544624313	6.3585039559463e-07	1.47018249213139	0.567	0.21
19	AUTS2	0.0080019330739067	7.20051567885062e-07	1.15605184515731	0.9	0.564
19	LRRTM4	0.00810268134018158	7.2911737066333e-07	1.68739155419844	0.933	0.588
19	DPP10	0.00943385090982021	8.48902268498174e-07	1.25116205143521	0.967	0.564
19	KAZN	0.010418196065491	9.37478274587507e-07	1.02131710788672	0.867	0.501
19	MDGA1	0.0106503907592185	9.58372245048004e-07	1.01910838235134	0.733	0.317
19	ISLR	0.0115264818282507	1.03720703934587e-06	1.57071773519872	0.8	0.423
19	NCK2	0.0130600302459166	1.1752029376331e-06	1.76183965813628	0.567	0.209
19	SERPINI1	0.0155841281346229	1.40233313548303e-06	1.74495748737147	0.7	0.4
19	MID1IP1	0.0165804722550409	1.49198886484666e-06	2.94088047551644	0.133	0.016
19	ARSL	0.0179901876965065	1.61884168959835e-06	1.22978844556105	0.567	0.207
19	LGALS8	0.0199808940930855	1.79797481265954e-06	1.87342978649712	0.3	0.069
19	ARHGEF6	0.0200881133414522	1.80762290483687e-06	1.59318045773199	0.4	0.113
19	ANK1	0.0206296331705824	1.85635140561346e-06	1.17772517176173	0.933	0.656
19	KCNH4	0.0256685195323543	2.30977409631551e-06	3.4547676893196	0.333	0.087
19	DPEP1	0.0301552769604843	2.71351362912664e-06	3.06668301934552	0.1	0.009
19	KCNAB1	0.0345387830284462	3.10796211899993e-06	1.41788915081625	0.6	0.241
19	CADM4	0.0371231524472263	3.34051583255884e-06	1.3940437463097	0.833	0.482
19	KCNS2	0.0374322439184159	3.3683293366702e-06	2.4087326148108	0.233	0.048
19	UNC13C	0.0411020382671439	3.69855468974569e-06	1.03049582878586	0.867	0.434
19	PGBD5	0.042380606487626	3.8136062708203e-06	1.48781031244358	0.533	0.199
19	PTGER3	0.0438093284227697	3.9421693892531e-06	1.30111573259191	0.2	0.034
19	CAMTA1	0.0473033617208587	4.25657893645809e-06	1.48496858117522	0.8	0.489
6_2	FOXB2	4.31032224989406e-48	3.87863065769285e-52	9.51496913889027	0.143	0
6_2	RASSF10	2.48703612037554e-17	2.23795205648838e-21	5.32816503602989	0.143	0.002
6_2	OTP	2.14799994561207e-14	1.93287136291917e-18	2.63489560604335	0.429	0.027
6_2	ATP4A	6.1572592623309e-14	5.54059143555377e-18	6.47124670032834	0.143	0.002
6_2	SIK1	1.36606608658582e-13	1.22925050534133e-17	3.77024994306613	0.571	0.051
6_2	FOS	7.77525952429078e-13	6.99654415935461e-17	3.51836176314025	0.5	0.041
6_2	CREB3L1	4.42515625099914e-11	3.98196369207157e-15	4.07419355036698	0.643	0.08
6_2	OCEL1	5.36598523002924e-11	4.82856585083167e-15	4.3917027949449	0.643	0.079
6_2	CYB561	4.48247796059024e-08	4.03354446197268e-12	3.16021015690744	0.786	0.147
6_2	CRHBP	9.85708229965542e-08	8.86986619243716e-12	3.42735814304117	0.357	0.03
6_2	CENPF	6.38404380051258e-07	5.7446628277806e-11	3.83808544528151	0.143	0.005
6_2	SST	6.71060783813351e-07	6.03852050583416e-11	8.24100261148569	0.643	0.118
6_2	SERINC3	8.27446223350093e-07	7.4457502326113e-11	3.1551922303293	0.286	0.021
6_2	OSBPL3	9.72612614794808e-07	8.75202568878618e-11	4.05561175771364	0.643	0.115
6_2	QPCT	3.34438866259727e-06	3.00943819184493e-10	1.72377535687509	0.786	0.147
6_2	FOSB	3.89890395383662e-06	3.50841712754128e-10	4.43749710761783	0.286	0.023
6_2	ELOVL5	3.99842775494269e-06	3.59797332398335e-10	4.81194058296415	0.214	0.013
6_2	KREMEN1	5.74830966254541e-06	5.17259935440062e-10	2.74289735310277	0.357	0.035
6_2	COX11	7.75059256809098e-06	6.97434767217761e-10	3.02043991121173	0.214	0.013
6_2	FNDC3A	7.76205858410296e-06	6.98466533258612e-10	3.61663633335421	0.643	0.121
6_2	EFNA5	1.01381236207207e-05	9.12276038938243e-10	3.42529950923412	0.714	0.147
6_2	ADRA1A	1.35717857868457e-05	1.22125310778779e-09	3.89162187642997	0.214	0.014
6_2	LOX	2.73632740709796e-05	2.46227607945466e-09	4.85176826773117	0.143	0.006
6_2	TENT5D	4.01136712872793e-05	3.60961678100237e-09	2.65813309302396	0.714	0.167
6_2	ECE2	5.20604576079183e-05	4.68464479509748e-09	2.94734514753824	1	0.466
6_2	WHRN	5.58065970841932e-05	5.02174004177028e-09	2.81467426865433	0.857	0.277
6_2	SLC38A6	0.000102669282679577	9.23866486813438e-09	4.14920062302229	0.214	0.015
6_2	GPR142	0.000108089710748344	9.72642047587008e-09	6.72685720631161	0.143	0.007
6_2	FRMD3	0.000111321671577965	1.00172475099402e-08	3.60103821690427	0.786	0.233
6_2	ENKD1	0.000123194556398826	1.1085625519556e-08	4.80521993936582	0.143	0.007
6_2	SGSM3	0.000135588477238379	1.22008888003581e-08	2.55168215225307	0.5	0.08
6_2	NEK3	0.000140342777010881	1.26287030514606e-08	3.6709582087219	0.143	0.007
6_2	BAIAP2L1	0.000145966798430165	1.3134778946294e-08	3.71810127526312	0.5	0.087
6_2	PAPPA2	0.000216815640404217	1.95100909209229e-08	3.87699963252718	0.429	0.064
6_2	DPP7	0.000385278815431466	3.46691996248957e-08	3.95234590050541	0.214	0.017
6_2	CACNB1	0.000529658986040048	4.76612063385268e-08	2.10718985044312	0.929	0.33
6_2	SLIT3	0.000716681169699418	6.44903419148221e-08	2.84474681011742	0.571	0.121
6_2	PCSK1	0.000991724315448461	8.92400175873716e-08	1.81016354561723	1	0.408
6_2	R3HDM2	0.00152694585312969	1.37401768481031e-07	1.99177838490506	0.929	0.356
6_2	DLL4	0.0015425100072906	1.38802304264429e-07	3.8061965078199	0.143	0.008
6_2	PSME2	0.00169407745916122	1.52441056344931e-07	3.96101948950749	0.143	0.008
6_2	FOSL2	0.00381669963976452	3.43444581999867e-07	2.44207335974985	0.571	0.132
6_2	COL4A4	0.00409718538259224	3.68684008151916e-07	4.54682489162317	0.143	0.009
6_2	CACNG4	0.00480005864780877	4.31931849888308e-07	2.1515258538272	0.857	0.295
6_2	ABCC4	0.00579510406292493	5.21470715641584e-07	3.77547081438625	0.214	0.02
6_2	BDNF	0.00703304050614448	6.32866058323088e-07	2.48904546687588	0.571	0.132
6_2	PRICKLE1	0.00707029616606555	6.36218497801273e-07	2.17920977847034	0.357	0.053
6_2	FERMT2	0.00721328169789666	6.49085008359278e-07	2.35089390064204	0.286	0.034
6_2	NTRK2	0.0077332895163849	6.95877757255908e-07	2.21943250393986	1	0.63
6_2	PDE10A	0.00826462871826752	7.43690157317333e-07	2.64446440335938	0.643	0.191
6_2	SLC7A8	0.00977374479673578	8.79487518828019e-07	3.9334100266082	0.357	0.056
6_2	DOC2B	0.0101074500273632	9.0951588476228e-07	1.82388175435922	0.929	0.324
6_2	RABIF	0.0114511715779307	1.03043026886806e-06	3.22074702992911	0.214	0.02
6_2	PLEKHO1	0.013069825004954	1.17608431611212e-06	2.23751646343474	0.143	0.009
6_2	PPP1R1A	0.0176695466780854	1.58998890291419e-06	2.44455211178057	0.714	0.201
6_2	ACVR1C	0.0187975614098004	1.69149297307662e-06	6.73275105398606	0.143	0.01
6_2	SNRNP40	0.0201063591757703	1.80926475081169e-06	3.40530475627309	0.214	0.022
6_2	KCTD10	0.0213053583289825	1.91715633303181e-06	4.16626282443597	0.143	0.01
6_2	DDX56	0.0256785746862175	2.31067890634549e-06	3.44429128473339	0.143	0.01
6_2	CREM	0.0272648152197239	2.45341628900602e-06	2.72227711055063	0.429	0.084
6_2	GHRHR	0.0298798770481079	2.68873184991522e-06	3.20367870110685	0.286	0.038
6_2	IQUB	0.0400177010630866	3.60098092891987e-06	2.04363361565334	0.429	0.082
6_2	AVEN	0.0439878926390275	3.95823743714816e-06	1.71959487448712	0.357	0.056
6_2	PINLYP	0.0440882491324741	3.96726798636499e-06	2.90343169391669	0.214	0.023
6_2	EBAG9	0.0449275672695156	4.04279377931392e-06	2.72374961531321	0.357	0.061
6_2	GPR6	0.0463591829588005	4.17161729135252e-06	3.68040563306833	0.143	0.011
18	EBF4	1.06749795740096e-70	9.60584862234285e-75	4.44698817487138	0.933	0.059
18	EBF1	2.99743645896897e-48	2.69723428324392e-52	5.09997204984692	0.9	0.086
18	LMX1B	8.1542492463099e-48	7.3375769336002e-52	3.09680668406467	0.867	0.073
18	MYOC	7.64018306954546e-47	6.87499601326866e-51	5.88345915973018	0.333	0.008
18	IL1RAP	2.82087255909605e-42	2.53835378304333e-46	3.43225424826708	0.7	0.053
18	DMRTA2	1.23412090114534e-41	1.11052002262696e-45	4.58238261264904	0.433	0.018
18	BHLHE22	3.81757963893166e-38	3.4352376846321e-42	3.34306748236128	0.833	0.087
18	ARHGAP9	1.89498416402076e-30	1.70519586432175e-34	3.80843795961179	0.467	0.031
18	NXPH1	3.60414975629865e-30	3.24318343948407e-34	3.59796099190172	1	0.209
18	NMBR	1.06709822992432e-29	9.60225168653213e-34	3.50782659312869	0.767	0.098
18	DACH2	7.74900741333491e-28	6.97292127538461e-32	4.55835657154434	0.867	0.136
18	PITX1	7.27497724245126e-26	6.54636663587803e-30	2.90822795670734	0.667	0.076
18	SFRP5	2.13576271185404e-25	1.92185972451547e-29	3.96329330270017	0.267	0.011
18	NEUROD1	6.49475156139076e-25	5.84428287716256e-29	2.95404652218658	0.5	0.043
18	PPP1R16B	1.50239794273526e-22	1.35192832064722e-26	2.38572131251195	0.867	0.154
18	FAM81B	5.86094284804867e-22	5.27395199140527e-26	4.92355084724834	0.233	0.009
18	NTNG2	1.45935700645731e-21	1.31319806214101e-25	3.06827126886105	0.767	0.129
18	CALB2	4.99018923014754e-20	4.49040693795333e-24	2.75236641324827	0.633	0.085
18	BCL11B	2.33196857703282e-19	2.09841498878145e-23	2.43365117382275	0.833	0.161
18	STRBP	5.35658282555402e-19	4.82010512512735e-23	4.33003576324974	1	0.405
18	GOLGA7B	1.2194838991157e-18	1.09734895988095e-22	3.14397986902932	0.6	0.086
18	CACNA1B	7.78281980444214e-17	7.00334725496459e-21	2.62244708291688	1	0.438
18	SEMA3A	1.00125335170203e-16	9.00974850807187e-21	2.62742137572739	0.7	0.127
18	ADAMTSL5	1.6361278195292e-16	1.47226475256834e-20	3.22889587904463	0.467	0.055
18	TEAD3	9.7802820437152e-16	8.80075771053289e-20	3.34331021243945	0.367	0.034
18	PKP3	3.06313834633714e-15	2.75635593119512e-19	4.2758408519481	0.133	0.004
18	SLC17A6	2.14065814007829e-14	1.92626486104409e-18	2.91492519584142	1	0.47
18	ELAVL2	2.979635902986e-14	2.6812165058814e-18	2.42195364725174	1	0.468
18	CD163L1	3.05441030892653e-13	2.74850203268832e-17	2.108370723406	1	0.466
18	KCNIP2	4.4480776973687e-13	4.00258948741897e-17	2.36373053700255	0.967	0.346
18	SEMA3G	6.72976809571395e-13	6.05576180663542e-17	2.16215888804286	0.767	0.181
18	CHRM2	1.34454971215387e-12	1.20988905979832e-16	2.09814982643197	0.967	0.421
18	CD36	2.35061728838536e-12	2.11519597623086e-16	3.33939940775064	0.3	0.028
18	SEMA3C	3.01784796907117e-12	2.71560151990567e-16	2.30814923121172	0.4	0.049
18	TLN2	3.23784355871552e-12	2.91356389698148e-16	2.41885294785113	0.8	0.221
18	GALNT9	5.36950095083984e-12	4.83172946174736e-16	2.27750466358949	0.933	0.371
18	GPC6	1.05336352840352e-11	9.47866038336655e-16	2.5020434155737	1	0.474
18	TENM4	1.57460899935901e-11	1.41690722519483e-15	2.11286902699012	0.967	0.506
18	CELF6	2.06687578202585e-11	1.85987202557892e-15	2.21737521410253	0.967	0.603
18	GRM2	5.65831125671363e-11	5.09161455656765e-15	2.38021476970997	0.9	0.301
18	BCL11A	8.7529885909475e-11	7.87635075222487e-15	1.82199955463424	0.967	0.361
18	SLITRK3	8.7560644532461e-11	7.87911855776667e-15	2.54458014222793	0.8	0.266
18	SEZ6	1.12702310640154e-10	1.01414839053499e-14	1.97893917581771	0.933	0.357
18	NFIB	1.82167601996971e-10	1.63922974891543e-14	1.93971667209238	0.833	0.244
18	SNCA	7.21059451805153e-10	6.48843203280081e-14	2.71447350235453	0.567	0.122
18	EFR3B	7.5431516192806e-10	6.78768255131882e-14	1.98038085458038	0.8	0.264
18	GABRD	7.71081589159883e-10	6.93855474813177e-14	2.17893362448469	0.733	0.208
18	NEUROD2	1.05431491882653e-09	9.4872214417937e-14	2.39621184574241	0.567	0.117
18	PTPRS	2.00138717544478e-09	1.80094229770969e-13	1.4891073281849	1	0.724
18	PTPRM	2.47319633171392e-09	2.22549836382068e-13	2.24562617763392	0.667	0.166
18	CNR1	5.3262111235078e-09	4.79277523936633e-13	3.29845080821526	0.667	0.195
18	SEMA4G	7.38286817668319e-09	6.6434519721796e-13	1.79739842909365	0.833	0.276
18	NTNG1	1.42023300057322e-08	1.27799244180079e-12	1.56583456338267	0.9	0.334
18	GLRA3	1.52425428810714e-08	1.37159568802947e-12	2.36362172213645	0.467	0.087
18	TMEM132C	1.79464992728224e-08	1.61491039978606e-12	1.85549615520745	1	0.614
18	IGSF21	3.02926381893451e-08	2.72587403845453e-12	1.57703635921444	0.967	0.499
18	SYT7	4.1887679411166e-08	3.76925037444128e-12	2.12976949183632	1	0.581
18	ZBTB18	4.50337109014681e-08	4.05234508246811e-12	1.96204067241266	0.633	0.161
18	NPNT	6.29018942550685e-08	5.66020824755408e-12	2.50617078785332	0.633	0.182
18	NECAB3	8.01052419069354e-08	7.20824636974133e-12	2.53604565891978	0.9	0.383
18	ABTB3	2.48817507786714e-07	2.23897694399995e-11	1.13062688263718	1	0.544
18	CHST8	2.60028725981586e-07	2.3398607575055e-11	1.55905497217132	0.933	0.395
18	NCALD	2.61722923468987e-07	2.35510594321054e-11	2.30026989611328	0.667	0.21
18	NDUFS3	3.81320255538276e-07	3.43129897901805e-11	2.68568811637463	0.4	0.074
18	TMEM163	3.921761146653e-07	3.52898510451994e-11	1.84402227579736	0.867	0.344
18	DLC1	4.56696573305351e-07	4.10957053275759e-11	1.23632283685411	0.667	0.188
18	MDGA2	5.20881621237203e-07	4.68713777771261e-11	2.33774682485071	0.967	0.757
18	OPRD1	5.30942344548009e-07	4.77766889721955e-11	1.64461174565795	0.633	0.171
18	MARCHF8	6.370999794987e-07	5.7329252182012e-11	1.91694971805104	0.8	0.33
18	SLC6A17	1.1366330864407e-06	1.0227959024932e-10	2.16930585982627	0.867	0.444
18	GRIK1	1.18445053971805e-06	1.06582429561599e-10	1.99484677733138	0.533	0.129
18	SEMA5A	1.44949267458607e-06	1.30432167244315e-10	0.622387730944673	0.767	0.254
18	SCHIP1	1.87549275340757e-06	1.68765657644881e-10	1.46996225932234	0.967	0.557
18	FRRS1	2.12025209109436e-06	1.90790253855337e-10	2.50741260651788	0.267	0.036
18	PATJ	2.19856166600539e-06	1.97836917664482e-10	1.75330558358736	0.667	0.196
18	EPHA4	2.76219850298848e-06	2.48555610815125e-10	1.94659909189604	0.767	0.276
18	RXRG	2.83127093147269e-06	2.54771072750174e-10	1.86363184722645	0.5	0.119
18	CHRNA5	2.84447360256702e-06	2.55959111182131e-10	2.69971032534637	0.433	0.094
18	DYRK4	2.96125149312365e-06	2.6646733493419e-10	2.90632458904819	0.333	0.058
18	CNTNAP2	5.28225886064337e-06	4.75322492634155e-10	2.21763550453935	0.933	0.632
18	CPNE7	6.58853890862119e-06	5.92867714264482e-10	1.62226308666648	0.667	0.204
18	MCTP1	6.64355693801327e-06	5.97818495276997e-10	2.19986383108808	0.767	0.301
18	TNNT1	6.68971728042121e-06	6.01972219960516e-10	3.02937107066636	0.3	0.049
18	THRA	6.94826958979083e-06	6.25237972625829e-10	1.50740159684799	0.933	0.534
18	CBLN2	7.49103195061337e-06	6.74078282247221e-10	2.10906971419395	0.5	0.125
18	SYP	7.66503556979522e-06	6.8973594617072e-10	1.37408066756482	1	0.566
18	ARHGEF26	9.27724955754122e-06	8.34810542386504e-10	2.53392071681481	0.233	0.029
18	ROBO1	1.2159062199085e-05	1.09412959588635e-09	1.42233854176064	0.9	0.385
18	TENM1	1.2652659831027e-05	1.13854583200099e-09	1.2671835176084	0.967	0.612
18	B3GAT2	1.73006412871255e-05	1.55679306102092e-09	1.56481082463421	0.7	0.244
18	STRADA	1.98853892888328e-05	1.78938084125194e-09	2.145122948218	0.333	0.06
18	GPC2	2.5336331763004e-05	2.27988227868299e-09	1.99347059776083	0.467	0.115
18	SNCB	2.75491554205017e-05	2.47900255741039e-09	1.63358258973813	0.867	0.424
18	CAMKK1	2.88594137568516e-05	2.59690576413674e-09	1.53246799351026	0.867	0.394
18	STX1A	3.49088191078805e-05	3.1412597055593e-09	1.91650354901799	0.667	0.241
18	KIRREL3	5.39176393044543e-05	4.85176273773547e-09	1.564549021532	0.833	0.402
18	NEDD9	5.60308183315204e-05	5.04191652402775e-09	1.56064254640705	0.6	0.182
18	EEF1AKMT1	6.17609860007413e-05	5.55754395759393e-09	2.11180694164149	0.3	0.052
18	SCN3B	6.2183704412737e-05	5.59558214818114e-09	1.66169717714364	0.667	0.248
18	SH3GL2	6.80052588755277e-05	6.11943299518831e-09	1.32205234158111	0.867	0.468
18	ATP6V1G1	7.17802240210175e-05	6.45912211113268e-09	1.85795375253582	0.5	0.138
18	NRN1	8.27743896153247e-05	7.4484288324777e-09	1.35457115846379	0.767	0.281
18	SYT12	8.9853710529211e-05	8.08545941952767e-09	2.7830261651699	0.5	0.15
18	CHRNA3	0.000100998584434346	9.08832758340197e-09	5.5310078448594	0.1	0.006
18	KCTD16	0.000115304131755735	1.03756080046554e-08	1.18535258987341	0.9	0.4
18	TTLL11	0.000122857840079586	1.10553262017085e-08	2.51749566148524	0.333	0.068
18	GPR158	0.000157104511400843	1.41370027356108e-08	1.35537819989522	0.9	0.461
18	PLXNB2	0.000193433884022291	1.74060905266167e-08	1.54530495005964	0.9	0.48
18	EPHA3	0.000198308858046662	1.78447636143851e-08	1.45095543154673	0.5	0.134
18	PCDH7	0.00020280049804544	1.82489425038639e-08	1.51966197933711	0.867	0.485
18	CLSTN1	0.000219956748051396	1.97927425583907e-08	1.0586920995388	0.967	0.751
18	R3HDM1	0.000241798151191128	2.17581347242984e-08	1.13882275284252	0.933	0.526
18	APLP1	0.000276719012819166	2.49004780724526e-08	1.06277031995944	1	0.707
18	IGLON5	0.000283828278800959	2.55402032575325e-08	1.40621538148456	0.8	0.4
18	BORCS5	0.000297851145619697	2.68020467578239e-08	3.57667494311082	0.167	0.019
18	PIP4K2A	0.000331509762868704	2.98308074209218e-08	1.37678169663953	0.8	0.352
18	RAP1GAP2	0.00035056880779636	3.15458299105876e-08	1.0631587557722	0.933	0.464
18	NRP2	0.000459784663890567	4.13735862404901e-08	0.339552575764568	0.9	0.483
18	DOCK3	0.000461952021697654	4.15686152881899e-08	1.21867707023551	0.8	0.376
18	RWDD1	0.000571388171067821	5.14161946430146e-08	1.79414320527856	0.333	0.069
18	GPR37	0.000645485242277372	5.80837975593784e-08	1.38441982817267	0.733	0.318
18	IGF1	0.000746200602856537	6.71466393284025e-08	2.54242181751547	0.233	0.037
18	ATP6V0C	0.000769526305326676	6.9245595728127e-08	1.62025396362235	0.967	0.656
18	OPN4	0.000816870677646643	7.35058649911494e-08	3.12036371656368	0.367	0.088
18	OLFM1	0.000964170753444225	8.67606185048344e-08	1.09403417332238	0.9	0.523
18	BNC1	0.00176403215325102	1.58735908688114e-07	2.88434439283662	0.1	0.007
18	NEUROD6	0.00194222055185482	1.74770138743347e-07	2.34160736552539	0.2	0.029
18	RAB11FIP2	0.00215122039220535	1.93576927220854e-07	2.7401009239927	0.3	0.065
18	CBFA2T2	0.00217914378079579	1.96089605038764e-07	2.05023120917042	0.367	0.087
18	RIMS4	0.00268374137209016	2.41495669224346e-07	1.60264052398726	0.633	0.254
18	ABCC8	0.00279836816950391	2.51810327499677e-07	1.79533971349854	0.567	0.218
18	B3GALT2	0.00292667294312035	2.63355794395784e-07	1.67142743166947	0.5	0.159
18	GAP43	0.0037004311079636	3.32982192743958e-07	1.35110328027661	0.8	0.393
18	RDH11	0.00397820062215641	3.57977199870099e-07	1.93406482425147	0.667	0.309
18	SEMA4C	0.00435522984934083	3.91904062750007e-07	1.57342710810839	0.667	0.291
18	FXYD6	0.00485468877331419	4.36847725484944e-07	1.07912142054905	0.867	0.386
18	SLC17A7	0.0063430102536045	5.7077389126289e-07	2.27107421153116	0.2	0.031
18	OXR1	0.00664255348052496	5.97728199453339e-07	0.987761148971987	0.967	0.589
18	STXBP1	0.00665350322247326	5.9871350872611e-07	1.52152245306981	0.9	0.576
18	KCNA4	0.0104817187897923	9.43194348042138e-07	1.03536575183231	0.933	0.552
18	SCAMP5	0.0105637386270982	9.50574878709454e-07	1.29329016100233	0.8	0.456
18	MEOX2	0.0117637111078241	1.05855404551643e-06	3.41256601535134	0.1	0.009
18	NR3C2	0.0157457977797988	1.41688093042372e-06	1.8391853942493	0.633	0.254
18	NEBL	0.0158239910417139	1.42391712784252e-06	1.05456359534625	0.8	0.341
18	KCNN4	0.0188089462982807	1.69251743888065e-06	2.36003801014738	0.267	0.058
18	MAST1	0.0201880287721905	1.81661376515707e-06	1.23153092689792	0.8	0.383
18	LRRC3B	0.0221915231503634	1.99689761093884e-06	1.9000777780041	0.467	0.154
18	PGAM4	0.023260839034138	2.09311968272636e-06	1.48124720709839	0.567	0.221
18	CELF2	0.0303596801249571	2.73190678709233e-06	1.16898351294526	1	0.855
18	ST3GAL2	0.0320067191303713	2.88011510216604e-06	1.12511142846465	0.8	0.432
18	GABBR2	0.0320309784820751	2.8822980727144e-06	0.788689980684353	0.967	0.591
18	ATP1B3	0.0336898914017954	3.03157485843565e-06	0.839588478754206	0.933	0.649
18	LRRN3	0.0367484823260103	3.3068012531279e-06	1.20492887976626	0.7	0.344
18	KLHL32	0.0377281181112952	3.39495348792362e-06	1.89940992372561	0.3	0.074
18	BSN	0.0469758663883311	4.22710936635752e-06	0.946725896835138	1	0.706
7	ZNF536	8.80374801901063e-52	7.92202647260923e-56	3.49049217974344	1	0.232
7	BHLHE22	1.24862125818048e-36	1.12356812578105e-40	3.80140236126253	0.593	0.082
7	TAFA4	2.10022342202624e-28	1.88987980025757e-32	3.39129722012082	0.695	0.154
7	ZEB2	2.85361984829162e-26	2.56782133383571e-30	2.56786448884469	0.932	0.358
7	CCK	3.16622669117775e-26	2.84911967171579e-30	2.86688206013484	0.712	0.176
7	KCNIP4	3.96101444150612e-26	3.56430706515443e-30	2.69386565342932	0.78	0.214
7	NEUROD1	1.08905650127418e-24	9.79984253823616e-29	4.33380276739953	0.356	0.039
7	NFIX	7.45244530296418e-22	6.70606074234156e-26	2.0732687258098	0.983	0.451
7	NXPH1	3.07532775143415e-21	2.76732453112044e-25	1.89911505008198	0.746	0.204
7	RAVER2	4.46332858467912e-20	4.0163129530092e-24	2.36045116810246	0.898	0.448
7	NAV3	6.45311260837248e-20	5.80681418912308e-24	2.0902024420765	0.915	0.558
7	SLC4A11	3.00134973658785e-19	2.7007556344712e-23	2.28821923339557	0.898	0.502
7	ARHGAP24	5.34940270918817e-19	4.81364411876916e-23	3.04872849241695	0.492	0.099
7	PTPRS	4.88170224860269e-18	4.39278525024987e-22	1.72711571118661	0.949	0.721
7	PITX1	2.44491306329716e-16	2.20004774885014e-20	3.31845095267574	0.407	0.075
7	CYRIA	2.47372155859741e-14	2.22597098766976e-18	3.0806556023532	0.424	0.09
7	TRARG1	4.76791750718903e-14	4.29039638908398e-18	3.18371536881029	0.373	0.071
7	NEUROD2	1.40630981537058e-13	1.26546370500368e-17	3.16464780643313	0.458	0.113
7	GPC6	5.3303525294402e-12	4.79650187117808e-16	2.35234826509474	0.814	0.471
7	BCL11A	1.16774392288693e-11	1.0507908961459e-15	1.70451092929935	0.78	0.356
7	SGCD	1.23785332633274e-10	1.11387863433163e-14	1.70936568286991	0.898	0.564
7	SEMA4G	4.07959464677603e-10	3.67101111020969e-14	2.25137148209362	0.627	0.273
7	CD36	5.56415388193579e-10	5.00688732289732e-14	3.83599287658936	0.203	0.027
7	GRM2	8.77871039991315e-10	7.8994964455261e-14	3.61401530862913	0.644	0.299
7	SLC17A6	1.06880716281876e-09	9.61762946835924e-14	1.7793629812828	0.864	0.465
7	ADCYAP1	7.97902970522787e-09	7.17990615065947e-13	1.09013224308894	0.797	0.383
7	NRP2	1.34461201233326e-08	1.20994512042946e-12	2.84532484648503	0.797	0.479
7	ZBTB18	2.05945439057687e-08	1.85319390855473e-12	2.44214880171695	0.475	0.158
7	GASK1A	1.40801639781755e-07	1.26699936814321e-11	3.8358644355404	0.153	0.018
7	PCDH15	6.96239914764251e-07	6.2650941668699e-11	1.97681477600892	0.61	0.299
7	BRINP2	1.21767221547126e-06	1.09571872174144e-10	1.48261773079744	0.898	0.687
7	TENM1	2.39651301723537e-06	2.1564951113429e-10	1.31248078829126	0.814	0.611
7	ERBB4	5.4355459380638e-06	4.89115984708341e-10	1.33854245847076	0.881	0.596
7	OTOF	9.55348864468613e-06	8.59667834489889e-10	2.77963971174757	0.407	0.151
7	PRDM8	1.10549953917197e-05	9.94780472574438e-10	3.35812398600824	0.271	0.068
7	LMX1B	1.25050772424422e-05	1.12526565665817e-09	1.74366093624271	0.305	0.08
7	NRN1	1.30949955954287e-05	1.17834928421027e-09	1.97845797350286	0.593	0.279
7	CHRNA5	6.42922416980945e-05	5.78531824872622e-09	3.05895285538967	0.305	0.093
7	DLGAP3	0.000132105484668441	1.18874727497922e-08	1.74083293618072	0.576	0.302
7	CPNE7	0.000137538451319895	1.23763566381621e-08	2.19675387325534	0.458	0.203
7	CLSTN1	0.000163122979445381	1.46785727927095e-08	0.882258992152841	0.915	0.749
7	CHST8	0.000289688489756018	2.60675325975e-08	1.14756519033702	0.695	0.394
7	MGAT5B	0.000566023329833011	5.0933441000001e-08	1.99303434182462	0.644	0.403
7	JUNB	0.000729113178657582	6.560903254365e-08	4.41245012703979	0.102	0.013
7	CD163L1	0.000949768660362186	8.54646504420216e-08	1.44655498545213	0.661	0.468
7	TMEM132C	0.00143062332439615	1.28734214379209e-07	0.994700550092413	0.898	0.61
7	SYT1	0.00168837880670807	1.5192826479871e-07	0.712570251380526	0.983	0.763
7	NXPH4	0.00180637920083202	1.62546495170703e-07	1.98272988433629	0.39	0.158
7	GRM1	0.00192239452411954	1.72986099533838e-07	1.35194896248146	0.559	0.334
7	GABRA4	0.00218496774348467	1.9661367258928e-07	3.34514731762298	0.136	0.024
7	INPP4A	0.00265591227437259	2.38991476142589e-07	1.92865262269709	0.525	0.298
7	GAL3ST3	0.00356597601957714	3.2088329160237e-07	2.62318640010397	0.407	0.189
7	IGSF21	0.00498900052833296	4.48933728816067e-07	1.05595076602007	0.695	0.5
7	NEU3	0.00881449473620013	7.93169687411152e-07	1.69147132261464	0.458	0.22
7	KCTD16	0.00885576586071685	7.9688345727678e-07	1.24140680122606	0.627	0.401
7	ABTB3	0.0165786619061534	1.49182596114041e-06	0.292618799300936	0.763	0.544
7	APLP1	0.017047148575758	1.53398259477711e-06	0.894110349888809	0.847	0.707
7	MCAM	0.0194612140657873	1.75121155995567e-06	1.56435799856303	0.39	0.172
7	FOSL2	0.0203573875801675	1.83185346712567e-06	2.46398508977437	0.322	0.129
7	GPR153	0.0205877971925008	1.85258680756779e-06	1.57227079332984	0.576	0.418
7	NR2F2	0.0220465376393621	1.98385113285001e-06	1.47051955492907	0.542	0.309
7	PDE4B	0.0304752510861794	2.74230640566718e-06	0.993780196274268	0.678	0.513
7	DISP3	0.0337070754447055	3.03312115942639e-06	2.59259118860577	0.288	0.113
7	RBMS3	0.0397376038189077	3.5757764617032e-06	1.51054640015142	0.695	0.492
7	PHF24	0.0450056343076491	4.04981861852327e-06	1.50405895952566	0.542	0.341
7	NR3C2	0.0487613674525319	4.38777714861261e-06	1.8620971848296	0.458	0.254
7	SYT7	0.04933096489607	4.43903220517142e-06	1.39149638195422	0.763	0.582
6_0	HMX3	3.2146050646159e-94	2.89265280717709e-98	7.61011787443776	0.727	0.016
6_0	CLCF1	1.32421429379181e-45	1.19159029406264e-49	9.16709453807735	0.136	0
6_0	PATL2	2.27984123024374e-33	2.05150835079973e-37	9.42093394840549	0.136	0.001
6_0	HMX2	3.12104534066883e-30	2.80846336782942e-34	5.65813595023018	0.273	0.007
6_0	PGR	5.82593990563807e-29	5.24245469777564e-33	7.27705512481958	0.182	0.002
6_0	CALCB	1.13667081016584e-13	1.02282984807509e-17	4.4254193093534	0.182	0.007
6_0	MYO1C	2.60562822523479e-12	2.34466680935372e-16	4.11115172294224	0.364	0.033
6_0	GAL	3.21520832987336e-10	2.8931956536249e-14	6.01876514029616	0.318	0.029
6_0	GPR6	7.35579130469578e-10	6.61908692944819e-14	4.11610154229221	0.182	0.009
6_0	MYCL	2.84703344968251e-08	2.56189458263521e-12	3.85650161804076	0.227	0.017
6_0	ZFHX4	3.40028309472275e-08	3.05973463036331e-12	1.99043382029847	0.955	0.295
6_0	GTF3C5	5.82487475417408e-08	5.24149622439853e-12	4.10705571715292	0.182	0.011
6_0	AHI1	1.0700545973324e-06	9.62885447073157e-11	2.49413449509296	0.364	0.049
6_0	DRD4	1.74446696377914e-06	1.56975340932164e-10	3.56426705803059	0.182	0.013
6_0	AR	2.88211073443661e-06	2.59345877300154e-10	4.99092969003308	0.136	0.007
6_0	CFTR	9.92944993522363e-06	8.93498599408227e-10	3.44172675574544	0.227	0.022
6_0	PIM1	1.00576165277527e-05	9.05031632120284e-10	3.27089675399423	0.273	0.032
6_0	NMBR	1.25165215172206e-05	1.12629546632058e-09	2.71177072861321	0.5	0.104
6_0	DLX2	1.25352498754308e-05	1.12798073206432e-09	3.11092038480897	0.318	0.044
6_0	EGFLAM	1.54080615741561e-05	1.38648983840153e-09	4.05886629093082	0.136	0.008
6_0	SCGN	1.57452452430184e-05	1.41683121056586e-09	3.01618055546233	0.273	0.032
6_0	OPRM1	2.41698809703593e-05	2.17491955100867e-09	2.35106045535723	0.591	0.148
6_0	BAIAP3	2.65563211237387e-05	2.38966265848454e-09	2.1117697031773	0.773	0.278
6_0	CHPF2	3.27942745952033e-05	2.9509830464504e-09	3.09566326100539	0.227	0.024
6_0	INSM1	3.48099091391713e-05	3.13235932144077e-09	3.08326154827092	0.364	0.061
6_0	GPR176	7.7465346460838e-05	6.97069616312769e-09	2.96589246947043	0.364	0.062
6_0	GALR1	8.63623922112231e-05	7.77129417899965e-09	2.8366710871813	0.545	0.129
6_0	ZFHX3	0.000135269558904078	1.21721910288921e-08	1.24862705630955	0.909	0.317
6_0	TMEM132D	0.000138717124698076	1.24824192115608e-08	4.50726926958936	0.182	0.017
6_0	SDK2	0.000139057467631452	1.2513044869203e-08	2.30151061953196	0.955	0.521
6_0	ASIC4	0.000177747405096574	1.59945473856361e-08	1.71420741550414	0.591	0.147
6_0	VAT1L	0.000238629710225334	2.1473023506284e-08	3.53879732665726	0.273	0.038
6_0	EFNB3	0.000413472952953751	3.72062407049177e-08	1.42947707693049	0.909	0.381
6_0	ID4	0.000466394619229703	4.19683811058853e-08	2.11033910512278	0.636	0.188
6_0	CA10	0.000785590090686228	7.06910906763455e-08	1.95583913711684	1	0.634
6_0	SUGP1	0.00124247254736803	1.11803522664269e-07	2.70849826656977	0.273	0.041
6_0	UCN3	0.00199606038977761	1.79614900546892e-07	5.35928088892071	0.136	0.011
6_0	EFNA5	0.00278944824117603	2.51007670401875e-07	1.64247915663733	0.545	0.146
6_0	PFDN5	0.00429261265768366	3.86269473381054e-07	2.35790630698067	0.318	0.058
6_0	DOK4	0.0046039923442853	4.14288881875759e-07	1.65182021611057	0.818	0.386
6_0	SSTR3	0.00673072045999413	6.05661878880062e-07	2.41201871905428	0.273	0.045
6_0	BNC2	0.00744379936666066	6.69828072227181e-07	3.84555257115736	0.182	0.021
6_0	NPTX2	0.0079490788559127	7.15295496797687e-07	2.05582550644458	0.409	0.095
6_0	BMAL2	0.00803231657889104	7.22785618545041e-07	2.94624286076946	0.318	0.062
6_0	DEPDC4	0.0121412720679399	1.09252875622603e-06	3.11480426805643	0.136	0.012
6_0	MAPK15	0.014165228796139	1.27465390048943e-06	3.0318288106435	0.182	0.022
6_0	DLX1	0.0162090869148124	1.45856986545599e-06	3.38106883104064	0.318	0.064
6_0	GFRA4	0.0178227886846419	1.60377833930009e-06	2.14088415510417	0.909	0.465
6_0	PDE6B	0.0204973158173111	1.84444486793045e-06	3.3487780296996	0.136	0.013
6_0	EXOSC2	0.0216389039425387	1.94717033587139e-06	2.2817336065845	0.136	0.013
6_0	IFT20	0.033209410330443	2.98833891212481e-06	3.42302918315354	0.136	0.014
6_0	POP1	0.0346233531845323	3.11557213934422e-06	3.47001564065429	0.136	0.014
6_0	GPS1	0.0479659722253368	4.31620374564355e-06	2.22496805213075	0.364	0.086
6_3	RSPO4	8.72030801396399e-104	7.84694323221811e-108	11.6661634717513	0.5	0.001
6_3	NDNF	1.45522470704997e-55	1.30947962480876e-59	6.65606533685638	1	0.019
6_3	FSTL3	4.91982272675064e-27	4.42708784914122e-31	9.77566098603936	0.167	0.001
6_3	PENK	1.72082145610692e-23	1.5484760695644e-27	3.66713350166918	0.5	0.01
6_3	SIX6	3.07006606569905e-20	2.76258981885994e-24	5.9812649749704	0.5	0.012
6_3	SATB2	4.14299362597956e-17	3.72806049309778e-21	8.33531345427167	0.167	0.001
6_3	R3HDML	4.14299362597956e-17	3.72806049309778e-21	8.98098407205203	0.167	0.001
6_3	F5	3.96370309895993e-12	3.56672644556819e-16	7.25181450524549	0.167	0.002
6_3	VAX2	3.80936698792177e-11	3.42784755504524e-15	3.99530591449907	0.833	0.06
6_3	TENT5B	4.20798341650702e-10	3.78654136282464e-14	4.93076945459556	0.333	0.01
6_3	GPR6	1.44728744767266e-09	1.30233730556345e-13	6.87747322073064	0.333	0.01
6_3	LSM14B	3.95621775572389e-09	3.55999078171861e-13	6.69472429062029	0.167	0.002
6_3	CRHR1	8.46006622263738e-09	7.6127654302505e-13	5.28908967363402	1	0.127
6_3	ARX	2.69399128682852e-07	2.42418004753759e-11	4.05269124556313	0.667	0.054
6_3	RXFP1	3.0893927897912e-07	2.77998091405669e-11	3.90114494289178	0.667	0.054
6_3	CATIP	4.01609395815659e-07	3.61387020440618e-11	7.91934825676494	0.167	0.003
6_3	KIAA1210	4.01609395815659e-07	3.61387020440618e-11	7.87295747982249	0.167	0.003
6_3	FAM124B	4.24741423817822e-07	3.82202307043843e-11	6.48763991427804	0.167	0.003
6_3	ABCB11	1.10166266396988e-05	9.91327871834676e-10	6.37164310161366	0.167	0.004
6_3	MFAP2	1.10166266396988e-05	9.91327871834676e-10	7.166483532913	0.167	0.004
6_3	CDH3	4.05871034672315e-05	3.6522184349169e-09	4.75793709925195	0.333	0.017
6_3	MSMO1	7.45241964868532e-05	6.70603765741503e-09	4.73307990733166	0.333	0.017
6_3	MGME1	0.000157560518673376	1.41780364144134e-08	5.17886636545023	0.167	0.004
6_3	TOPBP1	0.000454027416456978	4.08555220423808e-08	4.14151265560117	0.333	0.019
6_3	DLX2	0.000784757702697631	7.06161884907433e-08	4.19033607053178	0.5	0.046
6_3	MXD4	0.000862415524008152	7.76042044459778e-08	3.73471397034858	0.833	0.143
6_3	PLCE1	0.000862435702746792	7.76060202237732e-08	3.20930768256937	0.5	0.044
6_3	TNFSF13B	0.00100402864369174	9.03472189050429e-08	5.60526817232661	0.167	0.005
6_3	RCC1L	0.00287339638461476	2.58561719123078e-07	4.35299271811936	0.333	0.022
6_3	CRYBB3	0.00443974901201916	3.99509494467665e-07	6.40819102400136	0.167	0.006
6_3	KL	0.00474942279709437	4.27375397920847e-07	5.60649439342038	0.167	0.006
6_3	ZNF462	0.0078142975107538	7.03167237537461e-07	3.63929020151861	1	0.325
6_3	C18orf54	0.0145345847755204	1.3078902884478e-06	4.37561329222705	0.5	0.057
6_3	TP53INP2	0.0167461883795372	1.50690078102557e-06	3.31442929336564	0.667	0.102
6_3	ZFHX3	0.018009862504303	1.62061212132664e-06	2.85388770475556	1	0.322
6_3	ORC1	0.0180834547171308	1.62723429471167e-06	4.695614983774	0.167	0.006
6_3	LRRC9	0.0219676390076256	1.97675146293761e-06	5.80335197162206	0.333	0.026
6_3	CIART	0.030046501503785	2.70372550200531e-06	4.91577913353781	0.5	0.058
6_3	XPA	0.0494273931182405	4.44770927006573e-06	5.69595157428514	0.167	0.007
6_3	RGS11	0.0494273931182405	4.44770927006573e-06	5.37973590779908	0.167	0.007
24	FAT2	5.2007539780746e-169	4.67988300015712e-173	7.35309124817674	1	0.009
24	SLC17A7	1.98048908056841e-24	1.78213720918601e-28	4.02592587313987	0.571	0.03
24	EPS8L2	8.40779365365854e-20	7.56572811451322e-24	5.2986001439701	0.357	0.014
24	ZIC4	1.04976887980828e-14	9.44631404488689e-19	3.51182642619829	0.5	0.035
24	HIC1	2.4843265396036e-14	2.23551384828903e-18	5.88923907272509	0.214	0.006
24	GABRA6	8.56412733078658e-12	7.70640450894141e-16	3.40280294871405	0.786	0.117
24	ZIC1	7.46236891278232e-10	6.71499047312366e-14	2.68567233491513	0.929	0.164
24	S1PR5	1.3710269450675e-09	1.23371451909251e-13	4.94042458447291	0.143	0.004
24	CPS1	1.11388837084782e-08	1.00232913780961e-12	5.9782386610253	0.214	0.01
24	SLC6A4	1.3913214604031e-08	1.25197647836147e-12	3.7331329127842	0.214	0.01
24	COL2A1	3.22456231074337e-08	2.9016128054921e-12	5.8164175537222	0.143	0.004
24	FAT1	4.63359840723113e-08	4.16952974645112e-12	2.84207208325454	0.929	0.226
24	CBLN2	5.09923389537662e-08	4.5885304556615e-12	3.10269537538455	0.714	0.127
24	RHBG	2.43115488889311e-07	2.18766749652939e-11	3.73527650651318	0.214	0.011
24	NFATC3	5.75075733195807e-07	5.17480188244224e-11	3.37973040683688	0.429	0.046
24	SEMA3A	2.48239035037563e-06	2.23377157417046e-10	2.65038968565791	0.714	0.132
24	CACNG7	4.42515522769542e-06	3.98196277125476e-10	2.54473938559934	0.929	0.301
24	NR4A3	6.74645034246177e-06	6.07077327675854e-10	1.68363218494282	0.429	0.048
24	ZNF804A	8.18741772178232e-06	7.3674234876112e-10	2.40766122564252	0.786	0.179
24	KCNIP4	1.81099204541924e-05	1.62961580619026e-09	2.3168445727165	0.857	0.229
24	RNF43	3.41061419742346e-05	3.0690310424039e-09	2.47037394784029	0.429	0.054
24	FOXO4	8.33164733443011e-05	7.49720807561424e-09	2.9168876960831	0.214	0.015
24	NHSL2	0.00011518427276191	1.0364822528742e-08	2.20892068992677	1	0.527
24	SLC16A4	0.000123194556398826	1.1085625519556e-08	3.95698248131416	0.143	0.007
24	ZBTB18	0.000359967591293824	3.23915766484139e-08	2.33143284146482	0.714	0.165
24	SV2B	0.000858151699536703	7.72205254689736e-08	2.89664278370712	0.571	0.121
24	ZBTB46	0.00093258947598551	8.39187866449663e-08	2.20821786367916	0.714	0.187
24	ZC3H7B	0.00101895230574401	9.16901201965273e-08	2.94828833006558	0.214	0.017
24	ABI2	0.00156123367161496	1.4048714763025e-07	2.3288807515349	0.929	0.425
24	ANAPC15	0.00166265531507247	1.49613544054034e-07	4.38446194984505	0.143	0.008
24	SCN1B	0.00184029486121062	1.65598385783372e-07	3.39762759671559	0.929	0.545
24	POF1B	0.00186000173135704	1.67371702632686e-07	3.37947069734167	0.143	0.008
24	MID2	0.00237222814902027	2.13464244490261e-07	2.3311935385366	0.786	0.249
24	NEUROD1	0.00286481387575508	2.57789424615772e-07	2.29634072908016	0.357	0.048
24	FAHD1	0.00447332856716542	4.0253114075096e-07	4.2887634890175	0.143	0.009
24	B3GNT8	0.00455245612173958	4.09651410216825e-07	3.85782970028862	0.143	0.009
24	FZD10	0.00539787304868526	4.8572600096151e-07	3.46228469887162	0.214	0.02
24	GABRB2	0.0083064240083895	7.47451094069063e-07	1.82386841614334	0.786	0.251
24	MCAM	0.0101780535780008	9.15869124268947e-07	2.33617337398754	0.643	0.176
24	KCTD13	0.0108410765030265	9.75531044994732e-07	3.37969968796183	0.286	0.036
24	ELP6	0.0110907361325279	9.97996592506783e-07	4.04130275360329	0.143	0.009
24	NFIB	0.0125486622453888	1.12918764018616e-06	1.68835158224603	0.857	0.25
24	LUZP2	0.0129204461201064	1.16264250158431e-06	1.65033048909602	1	0.701
24	KCNK12	0.01611262512653	1.44988978012508e-06	2.888947662805	0.286	0.037
24	ZFPM2	0.0163342770618259	1.46983506360351e-06	1.88281864296059	0.714	0.2
24	FRRS1	0.0194891581668924	1.75372610158304e-06	3.79341083532007	0.286	0.038
24	PHTF2	0.0215142715638646	1.93595532834199e-06	1.91610262237286	0.786	0.293
24	RIMS4	0.0221002786724379	1.98868700372878e-06	1.63962105723558	0.786	0.256
24	KLF6	0.0263960158350132	2.37523763475328e-06	1.50042561943104	0.786	0.257
24	HIVEP3	0.0299836902913266	2.69807345373226e-06	1.71958751495139	0.857	0.314
24	NEBL	0.0375084304853234	3.37518496223553e-06	1.97103567931723	0.857	0.345
24	SH2D4A	0.0388732821196034	3.4980007306401e-06	2.59163988456382	0.214	0.022
24	SNAP25	0.0499555968172579	4.49523952283433e-06	1.75053486909922	1	0.845
25	DMBX1	2.87483987859861e-97	2.5869161149992e-101	4.15113060830752	0.667	0.005
25	LOX	1.6621381083963e-78	1.49567003365095e-82	6.78198475689887	0.556	0.004
25	LRTM1	2.37845897750815e-54	2.14024923738698e-58	6.03136153088789	0.556	0.007
25	SLC35D3	9.4829167338829e-45	8.53317442084307e-49	5.70796699471519	0.889	0.028
25	OTX2	7.56011326334112e-42	6.80294543628284e-46	4.54114869013225	0.778	0.022
25	TMEM100	2.42222938307164e-41	2.17963590666035e-45	6.45513588512906	0.333	0.003
25	F9	5.69503987236558e-37	5.12466469213136e-41	9.97214444029797	0.111	0
25	DACT2	8.4469361479136e-29	7.60095037155907e-33	8.04472084358622	0.222	0.002
25	RLBP1	1.92322246154388e-23	1.73060601236739e-27	6.88194370863886	0.222	0.002
25	MEIS2	5.72283712897376e-18	5.14967797082135e-22	4.28833899507051	1	0.093
25	GRIP2	1.13996358208061e-17	1.02579283908991e-21	5.46565351948626	0.778	0.054
25	MND1	4.14394959118605e-17	3.7289207155458e-21	7.93424584978487	0.111	0.001
25	LHX4	4.14394959118605e-17	3.7289207155458e-21	7.58289348582009	0.111	0.001
25	CLDN1	4.14394959118605e-17	3.7289207155458e-21	8.36182673685273	0.111	0.001
25	PDE6C	4.63370983824555e-17	4.16963001731805e-21	5.76595483417943	0.111	0.001
25	NDNF	1.28075782472063e-13	1.15248611960824e-17	5.19840439922196	0.444	0.02
25	CPLX3	2.07582961397242e-13	1.86792910462739e-17	2.93296150265912	0.667	0.046
25	EDAR	3.36258462818411e-12	3.02581177736354e-16	5.29008807326046	0.333	0.012
25	STXBP4	9.19528039877556e-11	8.27434572012558e-15	4.26960904263458	0.556	0.039
25	SNORD57	2.03056537009789e-10	1.8271982093925e-14	5.8769918015295	0.111	0.001
25	PLA2G12B	2.18753231566356e-10	1.96844444854096e-14	5.54571639829577	0.111	0.001
25	ASIP	2.18753231566356e-10	1.96844444854096e-14	5.95761927457118	0.111	0.001
25	PDC	2.18753231566356e-10	1.96844444854096e-14	5.73203208674263	0.111	0.001
25	SLC45A3	1.06930096031488e-09	9.62207289044254e-14	4.18478256792079	0.333	0.015
25	SHMT2	3.573792438275e-08	3.21586649714299e-12	4.57226419416058	0.889	0.133
25	NWD2	8.65384368238759e-08	7.78713550111364e-12	2.21355897916777	1	0.167
25	ABHD14B	1.79760715158799e-07	1.61757144928281e-11	5.31047530031042	0.222	0.008
25	EFEMP1	2.41317039698035e-07	2.17148420496747e-11	4.70573576660769	0.222	0.008
25	ZFPM2	2.62483729246466e-07	2.36195203137286e-11	3.15596530525403	1	0.2
25	TMEM82	4.43005357890022e-07	3.98637053801873e-11	6.77550043063601	0.111	0.002
25	PRC1	4.43005357890022e-07	3.98637053801873e-11	6.74704786055971	0.111	0.002
25	PASK	4.6847463705423e-07	4.21555508912292e-11	5.76012839364464	0.111	0.002
25	GRXCR1	4.95374868610602e-07	4.45761602277154e-11	4.96520320550105	0.111	0.002
25	MYO1C	6.10565207852116e-07	5.49415286468205e-11	4.17309182839747	0.444	0.035
25	ABT1	9.0460140791215e-07	8.14002886630208e-11	5.1358216383044	0.222	0.009
25	CABP1	9.89432952689499e-07	8.90338299909564e-11	3.95117039253745	0.667	0.083
25	DNAJA4	1.34123497096802e-06	1.20690629980025e-10	4.835301920958	0.333	0.02
25	PCNT	2.0067345529951e-06	1.80575411949528e-10	2.77057688734431	0.667	0.079
25	SDHAF4	2.01777160322576e-06	1.81568577632121e-10	3.4162558309701	0.444	0.036
25	STX3	3.11586848534364e-06	2.80380498996098e-10	3.34000974047881	0.444	0.036
25	KCNA5	4.19616056754444e-06	3.77590260734675e-10	3.68815227110865	0.778	0.117
25	PHYHIP	4.36053656518111e-06	3.9238158599668e-10	4.37744494183416	0.333	0.022
25	RGR	1.77102558522994e-05	1.59365210584896e-09	4.71410110626252	0.333	0.023
25	CRHR2	2.21151408580321e-05	1.99002437307947e-09	3.41779553442509	0.667	0.096
25	INKA2	2.3456999161118e-05	2.11077109341474e-09	3.18630874819855	0.667	0.093
25	METTL17	4.20902638746291e-05	3.78747987713751e-09	3.35539026301364	0.333	0.023
25	TXLNB	4.57374687218055e-05	4.11567252063399e-09	6.48772364234076	0.111	0.002
25	ATP2B1	4.78312700413188e-05	4.30408260967504e-09	5.3552890059147	0.111	0.002
25	PGLYRP1	5.00182416991791e-05	4.50087660390346e-09	4.88344431395348	0.111	0.002
25	MGP	5.00182416991791e-05	4.50087660390346e-09	4.66756719600699	0.111	0.002
25	CHCHD5	5.00182416991791e-05	4.50087660390346e-09	4.36567543004091	0.111	0.002
25	KCNJ14	5.00182416991791e-05	4.50087660390346e-09	5.43162768736349	0.111	0.002
25	DNASE1L1	5.23024040406796e-05	4.70641627289477e-09	3.64728754882424	0.111	0.002
25	MID2	5.28603249440213e-05	4.75662061945661e-09	2.61771434788068	1	0.249
25	CXADR	5.72792003268035e-05	5.15425180660519e-09	2.83243217471101	0.667	0.093
25	FIGN	8.01359966141916e-05	7.21101382292735e-09	3.25087273232997	0.778	0.141
25	PRDM5	0.000145314500178586	1.30760820821188e-08	3.0065647706832	0.222	0.011
25	FAM204A	0.000274553958503029	2.4705656303701e-08	2.23232611718779	0.667	0.097
25	VASN	0.000301771431399977	2.71548125078716e-08	3.5453259567201	0.222	0.012
25	ACKR3	0.000341860008203045	3.07621711691753e-08	3.12646487277333	0.222	0.012
25	PRR14L	0.00041718677947325	3.75404282797849e-08	2.6217153851014	0.444	0.046
25	NR2F2	0.000420526145114995	3.78409201039319e-08	2.65742696523829	1	0.314
25	PNKP	0.000505074224006873	4.5448953838466e-08	4.62232205531252	0.222	0.012
25	METTL23	0.000531005044430142	4.77823310024424e-08	3.9426838850901	0.222	0.012
25	CNGA3	0.000816457040861542	7.34686440080574e-08	3.8248646311158	0.333	0.028
25	SLC1A7	0.000985350096938994	8.86664354304863e-08	6.35101868333889	0.111	0.003
25	LRIT1	0.000985350096938994	8.86664354304863e-08	8.35023562832509	0.111	0.003
25	MSS51	0.00102287826145285	9.20433961534103e-08	5.50762675858669	0.111	0.003
25	BRICD5	0.00106178848274753	9.55447208447341e-08	5.28789343184265	0.111	0.003
25	ADM	0.00110212980892691	9.91748230834978e-08	5.1285119424414	0.111	0.003
25	SOX5	0.00112357574172064	1.01104628967933e-07	2.71339414339266	0.889	0.252
25	PYURF	0.0011439529584634	1.02938266756358e-07	3.67331174201095	0.111	0.003
25	CABP5	0.0011439529584634	1.02938266756358e-07	4.77432282912203	0.111	0.003
25	UBXN1	0.00153136837551294	1.37799727842432e-07	2.55186191929218	0.444	0.05
25	POLR3E	0.00169763971119115	1.52761604534432e-07	3.02599968735722	0.333	0.029
25	LMO1	0.00213299911647912	1.91937291143626e-07	2.30886532267262	0.667	0.107
25	HS3ST2	0.00214249294952275	1.92791590886596e-07	3.21181035967942	0.333	0.03
25	MFSD9	0.0024937152341247	2.24396223713192e-07	2.63957245082782	0.333	0.03
25	CNKSR2	0.00319948294840675	2.87904521587937e-07	2.3520839702044	0.667	0.113
25	LRTM2	0.00372243743068715	3.34962425149568e-07	2.63914489343839	0.778	0.168
25	COQ10B	0.00379777021450721	3.41741223297688e-07	1.88571607333773	0.444	0.051
25	CARMIL3	0.00392467404881629	3.53160627086861e-07	3.71607553284786	1	0.328
25	RAB9A	0.00419213197543343	3.77227749071667e-07	2.89540982927027	0.333	0.031
25	LIPG	0.00444857873866717	4.0030403479413e-07	2.40110144312258	0.333	0.03
25	RAMP3	0.00552966653298387	4.97585398450811e-07	2.23464439632978	0.778	0.157
25	TSPAN18	0.00617619755133742	5.55763299859392e-07	3.64335197938039	0.889	0.247
25	HOMER2	0.00820284325857035	7.38130411101444e-07	2.51973640768604	0.556	0.085
25	WASL	0.00855954245276744	7.70227882009129e-07	2.8806826263313	0.667	0.138
25	NR2F1	0.00970556227911093	8.7335213525699e-07	2.20666392002514	0.778	0.18
25	NOP9	0.010151440277155	9.13474334307117e-07	4.12562959247358	0.111	0.004
25	TEX26	0.010151440277155	9.13474334307117e-07	4.62245213513404	0.111	0.004
25	BEST3	0.010151440277155	9.13474334307117e-07	4.92622692334613	0.111	0.004
25	TAF4B	0.010151440277155	9.13474334307117e-07	5.06936905694237	0.111	0.004
25	ITGA2	0.0104810296889027	9.4313233950353e-07	4.30585587967723	0.111	0.004
25	ZNF385C	0.012032579144927	1.08274805587393e-06	2.44040992789257	1	0.33
25	CEP162	0.0125288222325191	1.12740234252849e-06	2.219513598646	0.333	0.033
25	DTNBP1	0.0135232550754465	1.21688608615554e-06	2.31653123299922	0.889	0.225
25	GSE1	0.0150989350907287	1.35867318372435e-06	1.91626267048163	0.889	0.216
25	WHRN	0.0162055794250943	1.45825424503683e-06	2.64400977466192	0.889	0.279
25	PTPRT	0.0179923947223553	1.61904028816299e-06	2.98548457102936	0.889	0.387
25	CEP112	0.0231610635076019	2.08414141164419e-06	2.10521253485854	0.778	0.176
25	SLC35E3	0.0240169532561288	2.16115839612425e-06	3.3719082195955	0.222	0.016
25	KMT2D	0.0253908764104719	2.28479046256383e-06	2.36732994102233	0.667	0.131
25	AK7	0.0293797586132571	2.64372884129012e-06	2.47676426183023	0.222	0.016
25	CALB2	0.0310056881185353	2.79003762427205e-06	2.0384502494519	0.556	0.093
25	SREBF1	0.0323518383565345	2.91117055309408e-06	1.83147891056175	0.778	0.178
25	SERTAD2	0.0399305070222625	3.59313479908778e-06	2.0432823299964	0.556	0.092
25	PEX5L	0.0400238441793043	3.60153371540577e-06	2.61937731045782	0.889	0.31
25	DGUOK	0.0411675568030838	3.70445035571707e-06	3.27415128612111	0.222	0.017
25	TBC1D7	0.0435193721533761	3.91607776058455e-06	2.79570476183829	0.333	0.036
25	NAA80	0.0450288414328087	4.05190690477897e-06	2.63213976734828	0.222	0.017
25	COX4I1	0.0457522421464701	4.11700190285882e-06	1.95623466395479	0.889	0.224
20	STAT4	1.35863138617748e-117	1.22256041228964e-121	11.0308502090173	0.438	0.001
20	GRAP2	4.07323176788702e-58	3.66528549256458e-62	7.84847726087909	0.375	0.004
20	PRAM1	4.2590015861406e-56	3.83244991104167e-60	9.80765334574426	0.25	0.001
20	NLRC3	2.77476603732224e-52	2.4968649665457e-56	9.45537221866812	0.312	0.003
20	C5AR2	9.63930745393977e-42	8.67390214518112e-46	11.3867292797872	0.125	0
20	CCR9	9.63930745393977e-42	8.67390214518112e-46	11.4290588314036	0.125	0
20	IL9R	9.63930745393977e-42	8.67390214518112e-46	12.0265788550935	0.125	0
20	CARD11	1.50346976331385e-39	1.35289279520728e-43	6.16670851651227	0.438	0.011
20	RASAL3	3.33871472361764e-30	3.00433251472837e-34	7.09516340198165	0.188	0.002
20	SKAP1	8.14572299603664e-27	7.32990461264882e-31	10.7909628779146	0.125	0.001
20	ADGRE5	2.69253783982893e-26	2.42287216757754e-30	7.41622255952834	0.25	0.005
20	TBC1D10C	1.7386297228922e-25	1.56450078546945e-29	8.44481781980374	0.188	0.002
20	TBX21	1.83432794574901e-25	1.65061454670117e-29	9.20969817143562	0.188	0.002
20	PTGIR	5.66527126612611e-24	5.09787750033844e-28	7.03513910411067	0.25	0.006
20	GPR183	2.46922656620641e-19	2.2219261821348e-23	8.6654710879301	0.125	0.001
20	CCR7	2.62886347450155e-19	2.36557497930491e-23	7.57882010345222	0.125	0.001
20	PARP14	2.79871345591691e-19	2.51841397994863e-23	7.49887410063278	0.125	0.001
20	CCDC88B	3.40810762143225e-16	3.06677550745276e-20	6.13347417044147	0.25	0.009
20	PSTPIP1	2.65801731497739e-15	2.39180897595374e-19	6.69534270295383	0.25	0.009
20	ZAP70	5.79370152697765e-15	5.21344508861482e-19	8.39943689176315	0.188	0.005
20	SASH3	7.80384354288169e-15	7.02226540347493e-19	7.1332537247632	0.125	0.002
20	LPAR5	7.80384354288169e-15	7.02226540347493e-19	10.1452019991084	0.125	0.002
20	DNASE1L1	8.2043885145804e-15	7.3826946050395e-19	7.25147086523225	0.125	0.002
20	SAMSN1	8.69770492841276e-15	7.82660391290629e-19	4.77614014044207	0.188	0.005
20	PPARG	1.76926097223446e-14	1.59206422409292e-18	5.68862280568172	0.375	0.024
20	ACAP1	2.09485530760628e-14	1.88504931846152e-18	5.22610583195163	0.375	0.024
20	NFKBIE	4.01947822447653e-14	3.61691552638939e-18	5.0994792564129	0.25	0.01
20	GMIP	2.06128244437783e-13	1.8548388773309e-17	5.80076582524771	0.25	0.011
20	HCK	1.17787719055215e-12	1.05990928691816e-16	4.31199790184113	0.375	0.025
20	ADORA2A	4.52124165815373e-12	4.06842585994216e-16	5.38660371434168	0.188	0.006
20	CD53	5.10579480216495e-12	4.59443426812287e-16	4.67999198108705	0.312	0.019
20	TRAF3IP3	7.92972347625793e-12	7.13553808715732e-16	7.58697485174863	0.125	0.002
20	CYTH4	8.19549880248338e-12	7.37469522404695e-16	5.90753507504079	0.25	0.012
20	FES	8.98459622434777e-12	8.0847621923403e-16	7.78250279352461	0.125	0.002
20	XCR1	9.76345382728849e-12	8.78561489002833e-16	4.88061904035089	0.125	0.002
20	ARHGAP45	3.31326442203693e-11	2.98143113654002e-15	4.40593417144501	0.312	0.02
20	MFNG	6.94835809979721e-11	6.2524593717243e-15	4.80918368103832	0.312	0.02
20	RUNX3	4.480189041408e-10	4.03148478485378e-14	6.40731181643481	0.188	0.007
20	RGS13	5.02857227619468e-10	4.52494580778789e-14	5.08181965994353	0.25	0.014
20	PTAFR	1.12753211407451e-09	1.01460641957573e-13	7.83452681871603	0.125	0.003
20	BTK	1.25475872606441e-09	1.12909090800361e-13	6.09493482959296	0.125	0.003
20	PECAM1	1.30022451945038e-09	1.17000316696696e-13	5.6862152848972	0.125	0.003
20	JAK2	1.70078970126621e-09	1.53045055454532e-13	5.09864857070598	0.312	0.023
20	HSD3B7	4.6832478142526e-08	4.21420661770233e-12	8.41458755269281	0.125	0.004
20	TBKBP1	5.30431634698357e-08	4.77307328982594e-12	6.27627639232292	0.125	0.004
20	PLEKHA2	1.4851793946006e-07	1.33643426131611e-11	3.91887114586933	0.188	0.009
20	ITGB2	1.70721445004776e-07	1.53623184562922e-11	2.59310739929988	0.25	0.017
20	SEMA7A	2.38373384159097e-07	2.14499580814449e-11	3.56252650598023	0.25	0.017
20	TNFSF13B	8.55518397018267e-07	7.69835685249948e-11	7.30238698967226	0.125	0.004
20	DMBT1	9.04167600907886e-07	8.13612526687561e-11	6.36520897529033	0.125	0.004
20	FAM3D	1.11188435134301e-06	1.00052582681815e-10	4.54654687424534	0.125	0.004
20	NIBAN1	1.74929186562115e-06	1.57409508289494e-10	4.22055862773146	0.312	0.031
20	MYH9	2.17003505438921e-06	1.95269959001999e-10	5.31534037827987	0.375	0.045
20	SH2B3	1.33756959681769e-05	1.20360802377188e-09	5.14789927834407	0.375	0.048
20	ARHGAP15	1.73126253362774e-05	1.5578714421198e-09	3.42254282350035	0.188	0.012
20	DOCK2	2.05167446556629e-05	1.84619316617141e-09	3.14667441480257	0.312	0.033
20	CTSS	7.26970558742674e-05	6.54162295278209e-09	4.22860669044572	0.125	0.006
20	C20orf173	9.70898686817067e-05	8.7366029588506e-09	2.96500261355836	0.375	0.051
20	IKZF2	0.000146696304500628	1.32004233330899e-08	5.13843718285214	0.312	0.038
20	INPP5D	0.000305039434469721	2.74488827922002e-08	5.74925075589561	0.125	0.006
20	MAP4K1	0.00034099323834232	3.06841751410348e-08	4.9798238495941	0.25	0.025
20	PREX1	0.000559912160951259	5.03835292856347e-08	3.24929292631965	0.625	0.157
20	MYO1F	0.00106886436485423	9.61814419917423e-08	4.68918469245904	0.188	0.015
20	PLEKHO2	0.00112617144261238	1.01338202340716e-07	4.64984374428221	0.188	0.015
20	RUBCNL	0.00139559232322878	1.25581960157363e-07	3.64814197642719	0.125	0.007
20	WDFY4	0.00447287421096464	4.02490255643358e-07	3.54869151103623	0.125	0.007
20	MLKL	0.00483463340003674	4.3504304868503e-07	3.18728162930431	0.188	0.017
20	TMC6	0.00532821215803284	4.79457586433262e-07	4.68195259330836	0.188	0.017
20	ARHGAP25	0.0099381582352816	8.942822131991e-07	5.28828847430624	0.125	0.008
20	LRRFIP1	0.0161610430262378	1.45424665043083e-06	3.09778897020119	0.5	0.126
20	ITGAX	0.02008575116912	1.80741034546207e-06	5.23157818170986	0.188	0.019
20	SOX13	0.0203428677809551	1.83054690731172e-06	4.90469552499782	0.312	0.052
20	LMO7	0.0240316641330274	2.16248215000697e-06	4.10654556828101	0.25	0.033
20	CXCR3	0.0268274960660145	2.41406425501795e-06	5.4533755224768	0.125	0.009
20	PTPN6	0.0315462131691722	2.83867661020176e-06	4.36083373947199	0.188	0.02
