gene_name	uniprot	is_complex	protein_name	complex_name	id_cp_interaction	gene	0	10	11	12	13	14	15	16	17	18	19	1_0	1_1	1_2	1_3	1_4	1_5	2	20	21	22	23	24	25	26	3	4	5	6	7	8	9
UBASH3B	Q8TF42	True	UBS3B_HUMAN	Dehydroepiandrosterone_bySTS	CPI-CS0259A0EB4	UBASH3B	0.176	0.042	0.126	0.0	0.077	0.16	0.012	0.081	0.052	0.469	0.05	0.101	0.122	0.079	0.07	0.0	0.0	0.413	0.104	0.0	0.423	0.044	0.211	0.029	0.0	0.039	0.33	0.126	0.125	0.597	0.611	0.243
SRD5A3	Q9H8P0	True	PORED_HUMAN	Dihydrotestosterone_bySRD5A3	CPI-CS039E9FE7F	SRD5A3	0.011	0.026	0.0	0.015	0.0	0.0	0.0	0.041	0.0	0.0	0.034	0.0	0.0	0.0	0.0	0.0	0.0	0.0	0.0	0.113	0.0	0.0	0.07	0.0	0.0	0.0	0.024	0.019	0.054	0.0	0.016	0.044
SRD5A1	P18405	True	S5A1_HUMAN	Dihydrotestosterone_bySRD5A1	CPI-CS0EC7F7C75	SRD5A1	0.037	0.0	0.058	0.039	0.0	0.0	0.0	0.053	0.072	0.0	0.041	0.0	0.0	0.041	0.059	0.0	0.0	0.0	0.0	0.074	0.055	0.0	0.0	0.0	0.0	0.009	0.0	0.07	0.031	0.021	0.023	0.0
SRD5A2	P31213	True	S5A2_HUMAN	Dihydrotestosterone_bySRD5A2	CPI-CS0D228AF4D	SRD5A2	0.072	0.0	0.0	0.06	0.035	0.0	0.0	0.037	0.093	0.0	0.08	0.0	0.052	0.0	0.0	0.0	0.0	0.0	0.105	0.162	0.0	0.027	0.0	0.0	0.0	0.014	0.09	0.016	0.026	0.022	0.098	0.026
DHCR7	Q9UBM7	True	DHCR7_HUMAN	Desmosterol_byDHCR7	CPI-CS0DC57DE37	DHCR7	0.125	0.0	0.035	0.0	0.035	0.082	0.051	0.058	0.097	0.062	0.0	0.028	0.0	0.061	0.0	0.431	3.23	0.0	0.0	0.07	0.163	0.065	0.07	0.088	0.0	0.069	0.031	0.048	0.073	0.027	0.155	0.066
PTGR1	Q14914	True	PTGR1_HUMAN	12oxoLeukotrieneB4_byPTGR1	CPI-CS04A56D5BE	PTGR1	0.001	0.0	0.0	0.0	0.0	0.0	0.0	0.0	0.0	0.0	0.0	0.0	0.0	0.0	0.0	0.0	0.0	0.0	0.0	0.0	0.0	0.0	0.0	0.0	0.0	0.0	0.0	0.017	0.0	0.0	0.016	0.015
CYP11A1	P05108	True	CP11A_HUMAN	22Hydroxycholesterol_byCYP11A1	CPI-CS08D535BCF	CYP11A1	0.011	0.0	0.0	0.023	0.0	0.0	0.15	0.0	0.0	0.118	0.023	0.0	0.0	0.0	0.0	0.0	0.0	0.048	0.0	0.067	0.0	0.0	0.0	0.049	0.0	0.021	0.009	0.014	0.0	0.0	0.0	0.0
DAGLA	Q9Y4D2	True	DGLA_HUMAN	2arachidonoylglycerol_byDAGLA	CPI-CS03629A52A	DAGLA	0.59	0.266	0.142	0.115	0.242	0.828	0.285	0.265	0.503	0.756	0.567	0.14	0.261	0.103	0.148	0.205	0.0	0.189	0.39	0.674	0.327	0.126	0.504	0.418	0.947	0.398	0.789	0.541	0.503	0.273	0.762	0.264
DAGLA	Q9Y4D2	True	DGLA_HUMAN	2arachidonoylglycerol_byDAGLA	CPI-CS0C6F86DF5	DAGLA	0.59	0.266	0.142	0.115	0.242	0.828	0.285	0.265	0.503	0.756	0.567	0.14	0.261	0.103	0.148	0.205	0.0	0.189	0.39	0.674	0.327	0.126	0.504	0.418	0.947	0.398	0.789	0.541	0.503	0.273	0.762	0.264
DAGLA	Q9Y4D2	True	DGLA_HUMAN	2arachidonoylglycerol_byDAGLA	CPI-CS045C37E64	DAGLA	0.59	0.266	0.142	0.115	0.242	0.828	0.285	0.265	0.503	0.756	0.567	0.14	0.261	0.103	0.148	0.205	0.0	0.189	0.39	0.674	0.327	0.126	0.504	0.418	0.947	0.398	0.789	0.541	0.503	0.273	0.762	0.264
DAGLB	Q8NCG7	True	DGLB_HUMAN	2arachidonoylglycerol_byDAGLB	CPI-CS007D418BE	DAGLB	0.147	0.073	0.077	0.125	0.065	0.209	0.043	0.05	0.194	0.0	0.172	0.0	0.17	0.157	0.07	0.0	0.0	0.121	0.0	0.178	0.154	0.08	0.252	0.197	0.0	0.097	0.21	0.145	0.09	0.072	0.254	0.082
DAGLB	Q8NCG7	True	DGLB_HUMAN	2arachidonoylglycerol_byDAGLB	CPI-CS030959ED1	DAGLB	0.147	0.073	0.077	0.125	0.065	0.209	0.043	0.05	0.194	0.0	0.172	0.0	0.17	0.157	0.07	0.0	0.0	0.121	0.0	0.178	0.154	0.08	0.252	0.197	0.0	0.097	0.21	0.145	0.09	0.072	0.254	0.082
DAGLB	Q8NCG7	True	DGLB_HUMAN	2arachidonoylglycerol_byDAGLB	CPI-CS01F7D06F1	DAGLB	0.147	0.073	0.077	0.125	0.065	0.209	0.043	0.05	0.194	0.0	0.172	0.0	0.17	0.157	0.07	0.0	0.0	0.121	0.0	0.178	0.154	0.08	0.252	0.197	0.0	0.097	0.21	0.145	0.09	0.072	0.254	0.082
DHRS9	Q9BPW9	True	DHRS9_HUMAN	5alphaDihydroprogesterone_byDHRS9	CPI-CS072C12EF4	DHRS9	0.014	0.0	0.0	0.0	0.0	0.024	0.0	0.073	0.0	0.0	0.025	0.0	0.205	0.0	0.0	0.0	0.0	0.0	0.0	0.0	0.025	0.0	0.0	0.0	0.0	0.027	0.0	0.0	0.0	0.032	0.0	0.0
CHAT	P28329	True	CLAT_HUMAN	Acetylcholine_byCHAT	CPI-CS09DCE99A5	CHAT	0.003	0.0	0.0	0.0	0.0	0.0	0.0	0.0	0.0	0.0	0.0	0.0	0.0	0.0	0.0	0.0	0.0	0.0	0.0	0.0	0.0	0.0	0.0	0.0	0.0	0.0	0.0	0.0	0.0	0.026	0.0	0.0
CHAT	P28329	True	CLAT_HUMAN	Acetylcholine_byCHAT	CPI-CS088613CD3	CHAT	0.003	0.0	0.0	0.0	0.0	0.0	0.0	0.0	0.0	0.0	0.0	0.0	0.0	0.0	0.0	0.0	0.0	0.0	0.0	0.0	0.0	0.0	0.0	0.0	0.0	0.0	0.0	0.0	0.0	0.026	0.0	0.0
CHAT	P28329	True	CLAT_HUMAN	Acetylcholine_byCHAT	CPI-CS040939107	CHAT	0.003	0.0	0.0	0.0	0.0	0.0	0.0	0.0	0.0	0.0	0.0	0.0	0.0	0.0	0.0	0.0	0.0	0.0	0.0	0.0	0.0	0.0	0.0	0.0	0.0	0.0	0.0	0.0	0.0	0.026	0.0	0.0
CHAT	P28329	True	CLAT_HUMAN	Acetylcholine_byCHAT	CPI-CS08ED696DC	CHAT	0.003	0.0	0.0	0.0	0.0	0.0	0.0	0.0	0.0	0.0	0.0	0.0	0.0	0.0	0.0	0.0	0.0	0.0	0.0	0.0	0.0	0.0	0.0	0.0	0.0	0.0	0.0	0.0	0.0	0.026	0.0	0.0
CHAT	P28329	True	CLAT_HUMAN	Acetylcholine_byCHAT	CPI-CS063516AC0	CHAT	0.003	0.0	0.0	0.0	0.0	0.0	0.0	0.0	0.0	0.0	0.0	0.0	0.0	0.0	0.0	0.0	0.0	0.0	0.0	0.0	0.0	0.0	0.0	0.0	0.0	0.0	0.0	0.0	0.0	0.026	0.0	0.0
CHAT	P28329	True	CLAT_HUMAN	Acetylcholine_byCHAT	CPI-CC0F3C5EBCC	CHAT	0.003	0.0	0.0	0.0	0.0	0.0	0.0	0.0	0.0	0.0	0.0	0.0	0.0	0.0	0.0	0.0	0.0	0.0	0.0	0.0	0.0	0.0	0.0	0.0	0.0	0.0	0.0	0.0	0.0	0.026	0.0	0.0
CHAT	P28329	True	CLAT_HUMAN	Acetylcholine_byCHAT	CPI-CC0067AC6C9	CHAT	0.003	0.0	0.0	0.0	0.0	0.0	0.0	0.0	0.0	0.0	0.0	0.0	0.0	0.0	0.0	0.0	0.0	0.0	0.0	0.0	0.0	0.0	0.0	0.0	0.0	0.0	0.0	0.0	0.0	0.026	0.0	0.0
CHAT	P28329	True	CLAT_HUMAN	Acetylcholine_byCHAT	CPI-CC0253C0919	CHAT	0.003	0.0	0.0	0.0	0.0	0.0	0.0	0.0	0.0	0.0	0.0	0.0	0.0	0.0	0.0	0.0	0.0	0.0	0.0	0.0	0.0	0.0	0.0	0.0	0.0	0.0	0.0	0.0	0.0	0.026	0.0	0.0
CHAT	P28329	True	CLAT_HUMAN	Acetylcholine_byCHAT	CPI-CC05C1C7836	CHAT	0.003	0.0	0.0	0.0	0.0	0.0	0.0	0.0	0.0	0.0	0.0	0.0	0.0	0.0	0.0	0.0	0.0	0.0	0.0	0.0	0.0	0.0	0.0	0.0	0.0	0.0	0.0	0.0	0.0	0.026	0.0	0.0
CHAT	P28329	True	CLAT_HUMAN	Acetylcholine_byCHAT	CPI-CS0C5C5E217	CHAT	0.003	0.0	0.0	0.0	0.0	0.0	0.0	0.0	0.0	0.0	0.0	0.0	0.0	0.0	0.0	0.0	0.0	0.0	0.0	0.0	0.0	0.0	0.0	0.0	0.0	0.0	0.0	0.0	0.0	0.026	0.0	0.0
INHBA	P08476	True	INHBA_HUMAN	Activin_ligand_ab	CPI-CC0E6BCEC26	INHBA	0.011	0.136	0.0	0.0	0.0	0.0	0.049	0.0	0.0	0.0	0.034	0.052	0.0	0.053	0.0	0.0	0.0	0.0	0.0	0.0	0.047	0.0	0.0	0.0	0.0	0.021	0.0	0.012	0.0	0.0	0.0	0.04
INHBA	P08476	True	INHBA_HUMAN	Activin_ligand_ab	CPI-CC0288FD89F	INHBA	0.011	0.136	0.0	0.0	0.0	0.0	0.049	0.0	0.0	0.0	0.034	0.052	0.0	0.053	0.0	0.0	0.0	0.0	0.0	0.0	0.047	0.0	0.0	0.0	0.0	0.021	0.0	0.012	0.0	0.0	0.0	0.04
INHBA	P08476	True	INHBA_HUMAN	Activin_ligand_ab	CPI-CC0021FE823	INHBA	0.011	0.136	0.0	0.0	0.0	0.0	0.049	0.0	0.0	0.0	0.034	0.052	0.0	0.053	0.0	0.0	0.0	0.0	0.0	0.0	0.047	0.0	0.0	0.0	0.0	0.021	0.0	0.012	0.0	0.0	0.0	0.04
INHBA	P08476	True	INHBA_HUMAN	Activin_ligand_ab	CPI-CC00485C63D	INHBA	0.011	0.136	0.0	0.0	0.0	0.0	0.049	0.0	0.0	0.0	0.034	0.052	0.0	0.053	0.0	0.0	0.0	0.0	0.0	0.0	0.047	0.0	0.0	0.0	0.0	0.021	0.0	0.012	0.0	0.0	0.0	0.04
INHBB	P09529	True	INHBB_HUMAN	Activin_ligand_ab	CPI-CC0E6BCEC26	INHBB	0.011	0.136	0.0	0.0	0.0	0.0	0.049	0.0	0.0	0.0	0.034	0.052	0.0	0.053	0.0	0.0	0.0	0.0	0.0	0.0	0.047	0.0	0.0	0.0	0.0	0.021	0.0	0.012	0.0	0.0	0.0	0.04
INHBB	P09529	True	INHBB_HUMAN	Activin_ligand_ab	CPI-CC0288FD89F	INHBB	0.011	0.136	0.0	0.0	0.0	0.0	0.049	0.0	0.0	0.0	0.034	0.052	0.0	0.053	0.0	0.0	0.0	0.0	0.0	0.0	0.047	0.0	0.0	0.0	0.0	0.021	0.0	0.012	0.0	0.0	0.0	0.04
INHBB	P09529	True	INHBB_HUMAN	Activin_ligand_ab	CPI-CC0021FE823	INHBB	0.011	0.136	0.0	0.0	0.0	0.0	0.049	0.0	0.0	0.0	0.034	0.052	0.0	0.053	0.0	0.0	0.0	0.0	0.0	0.0	0.047	0.0	0.0	0.0	0.0	0.021	0.0	0.012	0.0	0.0	0.0	0.04
INHBB	P09529	True	INHBB_HUMAN	Activin_ligand_ab	CPI-CC00485C63D	INHBB	0.011	0.136	0.0	0.0	0.0	0.0	0.049	0.0	0.0	0.0	0.034	0.052	0.0	0.053	0.0	0.0	0.0	0.0	0.0	0.0	0.047	0.0	0.0	0.0	0.0	0.021	0.0	0.012	0.0	0.0	0.0	0.04
INHBA	P08476	True	INHBA_HUMAN	Inhibin_ligand_A	CPI-CC04553E312	INHBA	0.0	0.0	0.0	0.0	0.0	0.0	0.0	0.0	0.0	0.0	0.0	0.0	0.0	0.0	0.0	0.0	0.0	0.0	0.0	0.0	0.0	0.0	0.0	0.0	0.0	0.008	0.0	0.0	0.0	0.0	0.0	0.0
INHBA	P08476	True	INHBA_HUMAN	Inhibin_ligand_A	CPI-CC0FA8B4931	INHBA	0.0	0.0	0.0	0.0	0.0	0.0	0.0	0.0	0.0	0.0	0.0	0.0	0.0	0.0	0.0	0.0	0.0	0.0	0.0	0.0	0.0	0.0	0.0	0.0	0.0	0.008	0.0	0.0	0.0	0.0	0.0	0.0
INHBA	P08476	True	INHBA_HUMAN	Inhibin_ligand_A	CPI-CC0BDA1C176	INHBA	0.0	0.0	0.0	0.0	0.0	0.0	0.0	0.0	0.0	0.0	0.0	0.0	0.0	0.0	0.0	0.0	0.0	0.0	0.0	0.0	0.0	0.0	0.0	0.0	0.0	0.008	0.0	0.0	0.0	0.0	0.0	0.0
INHBA	P08476	True	INHBA_HUMAN	Inhibin_ligand_A	CPI-CC0C1E0C4B7	INHBA	0.0	0.0	0.0	0.0	0.0	0.0	0.0	0.0	0.0	0.0	0.0	0.0	0.0	0.0	0.0	0.0	0.0	0.0	0.0	0.0	0.0	0.0	0.0	0.0	0.0	0.008	0.0	0.0	0.0	0.0	0.0	0.0
INHA	P05111	True	INHA_HUMAN	Inhibin_ligand_A	CPI-CC04553E312	INHA	0.0	0.0	0.0	0.0	0.0	0.0	0.0	0.0	0.0	0.0	0.0	0.0	0.0	0.0	0.0	0.0	0.0	0.0	0.0	0.0	0.0	0.0	0.0	0.0	0.0	0.008	0.0	0.0	0.0	0.0	0.0	0.0
INHA	P05111	True	INHA_HUMAN	Inhibin_ligand_A	CPI-CC0FA8B4931	INHA	0.0	0.0	0.0	0.0	0.0	0.0	0.0	0.0	0.0	0.0	0.0	0.0	0.0	0.0	0.0	0.0	0.0	0.0	0.0	0.0	0.0	0.0	0.0	0.0	0.0	0.008	0.0	0.0	0.0	0.0	0.0	0.0
INHA	P05111	True	INHA_HUMAN	Inhibin_ligand_A	CPI-CC0BDA1C176	INHA	0.0	0.0	0.0	0.0	0.0	0.0	0.0	0.0	0.0	0.0	0.0	0.0	0.0	0.0	0.0	0.0	0.0	0.0	0.0	0.0	0.0	0.0	0.0	0.0	0.0	0.008	0.0	0.0	0.0	0.0	0.0	0.0
INHA	P05111	True	INHA_HUMAN	Inhibin_ligand_A	CPI-CC0C1E0C4B7	INHA	0.0	0.0	0.0	0.0	0.0	0.0	0.0	0.0	0.0	0.0	0.0	0.0	0.0	0.0	0.0	0.0	0.0	0.0	0.0	0.0	0.0	0.0	0.0	0.0	0.0	0.008	0.0	0.0	0.0	0.0	0.0	0.0
INHBB	P09529	True	INHBB_HUMAN	Inhibin_ligand_B	CPI-CC057B323A5	INHBB	0.0	0.0	0.0	0.0	0.0	0.0	0.0	0.0	0.0	0.0	0.0	0.0	0.0	0.0	0.0	0.0	0.0	0.0	0.0	0.0	0.0	0.0	0.0	0.0	0.0	0.008	0.0	0.0	0.0	0.0	0.0	0.0
INHBB	P09529	True	INHBB_HUMAN	Inhibin_ligand_B	CPI-CC02D192370	INHBB	0.0	0.0	0.0	0.0	0.0	0.0	0.0	0.0	0.0	0.0	0.0	0.0	0.0	0.0	0.0	0.0	0.0	0.0	0.0	0.0	0.0	0.0	0.0	0.0	0.0	0.008	0.0	0.0	0.0	0.0	0.0	0.0
INHBB	P09529	True	INHBB_HUMAN	Inhibin_ligand_B	CPI-CC08375F742	INHBB	0.0	0.0	0.0	0.0	0.0	0.0	0.0	0.0	0.0	0.0	0.0	0.0	0.0	0.0	0.0	0.0	0.0	0.0	0.0	0.0	0.0	0.0	0.0	0.0	0.0	0.008	0.0	0.0	0.0	0.0	0.0	0.0
INHBB	P09529	True	INHBB_HUMAN	Inhibin_ligand_B	CPI-CC0E62974F4	INHBB	0.0	0.0	0.0	0.0	0.0	0.0	0.0	0.0	0.0	0.0	0.0	0.0	0.0	0.0	0.0	0.0	0.0	0.0	0.0	0.0	0.0	0.0	0.0	0.0	0.0	0.008	0.0	0.0	0.0	0.0	0.0	0.0
INHA	P05111	True	INHA_HUMAN	Inhibin_ligand_B	CPI-CC057B323A5	INHA	0.0	0.0	0.0	0.0	0.0	0.0	0.0	0.0	0.0	0.0	0.0	0.0	0.0	0.0	0.0	0.0	0.0	0.0	0.0	0.0	0.0	0.0	0.0	0.0	0.0	0.008	0.0	0.0	0.0	0.0	0.0	0.0
INHA	P05111	True	INHA_HUMAN	Inhibin_ligand_B	CPI-CC02D192370	INHA	0.0	0.0	0.0	0.0	0.0	0.0	0.0	0.0	0.0	0.0	0.0	0.0	0.0	0.0	0.0	0.0	0.0	0.0	0.0	0.0	0.0	0.0	0.0	0.0	0.0	0.008	0.0	0.0	0.0	0.0	0.0	0.0
INHA	P05111	True	INHA_HUMAN	Inhibin_ligand_B	CPI-CC08375F742	INHA	0.0	0.0	0.0	0.0	0.0	0.0	0.0	0.0	0.0	0.0	0.0	0.0	0.0	0.0	0.0	0.0	0.0	0.0	0.0	0.0	0.0	0.0	0.0	0.0	0.0	0.008	0.0	0.0	0.0	0.0	0.0	0.0
INHA	P05111	True	INHA_HUMAN	Inhibin_ligand_B	CPI-CC0E62974F4	INHA	0.0	0.0	0.0	0.0	0.0	0.0	0.0	0.0	0.0	0.0	0.0	0.0	0.0	0.0	0.0	0.0	0.0	0.0	0.0	0.0	0.0	0.0	0.0	0.0	0.0	0.008	0.0	0.0	0.0	0.0	0.0	0.0
CYP17A1	P05093	True	CP17A_HUMAN	Androstenedione_byCYP17A1	CPI-CS0D5502736	CYP17A1	0.002	0.0	0.0	0.0	0.0	0.0	0.0	0.0	0.0	0.0	0.0	0.0	0.0	0.0	0.0	0.0	0.0	0.0	0.0	0.0	0.0	0.0	0.0	0.0	0.0	0.0	0.0	0.0	0.0	0.0	0.0	0.0
ALDH1A1	P00352	True	AL1A1_HUMAN	atRetinoicAcid_byALDH1A1	CPI-CC06F5021B7	ALDH1A1	0.003	0.0	0.0	0.0	0.0	0.0	0.0	0.0	0.0	0.0	0.0	0.0	0.0	0.0	0.0	0.0	0.0	0.0	0.0	0.0	0.0	0.0	0.0	0.0	0.0	0.0	0.019	0.0	0.0	0.0	0.0	0.0
ALDH1A1	P00352	True	AL1A1_HUMAN	atRetinoicAcid_byALDH1A1	CPI-CC036F9AC3C	ALDH1A1	0.003	0.0	0.0	0.0	0.0	0.0	0.0	0.0	0.0	0.0	0.0	0.0	0.0	0.0	0.0	0.0	0.0	0.0	0.0	0.0	0.0	0.0	0.0	0.0	0.0	0.0	0.019	0.0	0.0	0.0	0.0	0.0
ALDH1A1	P00352	True	AL1A1_HUMAN	atRetinoicAcid_byALDH1A1	CPI-CC065AB1F5E	ALDH1A1	0.003	0.0	0.0	0.0	0.0	0.0	0.0	0.0	0.0	0.0	0.0	0.0	0.0	0.0	0.0	0.0	0.0	0.0	0.0	0.0	0.0	0.0	0.0	0.0	0.0	0.0	0.019	0.0	0.0	0.0	0.0	0.0
ALDH1A1	P00352	True	AL1A1_HUMAN	atRetinoicAcid_byALDH1A1	CPI-CC01AF691C1	ALDH1A1	0.003	0.0	0.0	0.0	0.0	0.0	0.0	0.0	0.0	0.0	0.0	0.0	0.0	0.0	0.0	0.0	0.0	0.0	0.0	0.0	0.0	0.0	0.0	0.0	0.0	0.0	0.019	0.0	0.0	0.0	0.0	0.0
ALDH1A1	P00352	True	AL1A1_HUMAN	atRetinoicAcid_byALDH1A1	CPI-CC0A06D2C2D	ALDH1A1	0.003	0.0	0.0	0.0	0.0	0.0	0.0	0.0	0.0	0.0	0.0	0.0	0.0	0.0	0.0	0.0	0.0	0.0	0.0	0.0	0.0	0.0	0.0	0.0	0.0	0.0	0.019	0.0	0.0	0.0	0.0	0.0
ALDH1A1	P00352	True	AL1A1_HUMAN	atRetinoicAcid_byALDH1A1	CPI-CC0E829C954	ALDH1A1	0.003	0.0	0.0	0.0	0.0	0.0	0.0	0.0	0.0	0.0	0.0	0.0	0.0	0.0	0.0	0.0	0.0	0.0	0.0	0.0	0.0	0.0	0.0	0.0	0.0	0.0	0.019	0.0	0.0	0.0	0.0	0.0
ALDH1A1	P00352	True	AL1A1_HUMAN	atRetinoicAcid_byALDH1A1	CPI-CS08EE9E5CE	ALDH1A1	0.003	0.0	0.0	0.0	0.0	0.0	0.0	0.0	0.0	0.0	0.0	0.0	0.0	0.0	0.0	0.0	0.0	0.0	0.0	0.0	0.0	0.0	0.0	0.0	0.0	0.0	0.019	0.0	0.0	0.0	0.0	0.0
ALDH1A2	O94788	True	AL1A2_HUMAN	atRetinoicAcid_byALDH1A2	CPI-CC021B19C0E	ALDH1A2	0.004	0.0	0.091	0.0	0.0	0.0	0.0	0.0	0.0	0.0	0.0	0.035	0.095	0.0	0.0	0.231	0.0	0.0	0.0	0.0	0.0	0.0	0.0	0.0	0.0	0.0	0.034	0.0	0.0	0.028	0.019	0.0
ALDH1A2	O94788	True	AL1A2_HUMAN	atRetinoicAcid_byALDH1A2	CPI-CC061CCD0A0	ALDH1A2	0.004	0.0	0.091	0.0	0.0	0.0	0.0	0.0	0.0	0.0	0.0	0.035	0.095	0.0	0.0	0.231	0.0	0.0	0.0	0.0	0.0	0.0	0.0	0.0	0.0	0.0	0.034	0.0	0.0	0.028	0.019	0.0
ALDH1A2	O94788	True	AL1A2_HUMAN	atRetinoicAcid_byALDH1A2	CPI-CC066507DFB	ALDH1A2	0.004	0.0	0.091	0.0	0.0	0.0	0.0	0.0	0.0	0.0	0.0	0.035	0.095	0.0	0.0	0.231	0.0	0.0	0.0	0.0	0.0	0.0	0.0	0.0	0.0	0.0	0.034	0.0	0.0	0.028	0.019	0.0
ALDH1A2	O94788	True	AL1A2_HUMAN	atRetinoicAcid_byALDH1A2	CPI-CC000118AA2	ALDH1A2	0.004	0.0	0.091	0.0	0.0	0.0	0.0	0.0	0.0	0.0	0.0	0.035	0.095	0.0	0.0	0.231	0.0	0.0	0.0	0.0	0.0	0.0	0.0	0.0	0.0	0.0	0.034	0.0	0.0	0.028	0.019	0.0
ALDH1A2	O94788	True	AL1A2_HUMAN	atRetinoicAcid_byALDH1A2	CPI-CC0974AE49B	ALDH1A2	0.004	0.0	0.091	0.0	0.0	0.0	0.0	0.0	0.0	0.0	0.0	0.035	0.095	0.0	0.0	0.231	0.0	0.0	0.0	0.0	0.0	0.0	0.0	0.0	0.0	0.0	0.034	0.0	0.0	0.028	0.019	0.0
ALDH1A2	O94788	True	AL1A2_HUMAN	atRetinoicAcid_byALDH1A2	CPI-CC071BF7D12	ALDH1A2	0.004	0.0	0.091	0.0	0.0	0.0	0.0	0.0	0.0	0.0	0.0	0.035	0.095	0.0	0.0	0.231	0.0	0.0	0.0	0.0	0.0	0.0	0.0	0.0	0.0	0.0	0.034	0.0	0.0	0.028	0.019	0.0
ALDH1A2	O94788	True	AL1A2_HUMAN	atRetinoicAcid_byALDH1A2	CPI-CS033058D2B	ALDH1A2	0.004	0.0	0.091	0.0	0.0	0.0	0.0	0.0	0.0	0.0	0.0	0.035	0.095	0.0	0.0	0.231	0.0	0.0	0.0	0.0	0.0	0.0	0.0	0.0	0.0	0.0	0.034	0.0	0.0	0.028	0.019	0.0
ALDH1A3	P47895	True	AL1A3_HUMAN	atRetinoicAcid_byALDH1A3	CPI-CC039D8C2A7	ALDH1A3	0.004	0.0	0.0	0.0	0.026	0.0	0.0	0.0	0.0	0.0	0.027	0.0	0.0	0.0	0.0	0.0	0.0	0.0	0.0	0.0	0.0	0.0	0.0	0.0	0.0	0.0	0.012	0.0	0.025	0.0	0.0	0.0
ALDH1A3	P47895	True	AL1A3_HUMAN	atRetinoicAcid_byALDH1A3	CPI-CC0D32DC80C	ALDH1A3	0.004	0.0	0.0	0.0	0.026	0.0	0.0	0.0	0.0	0.0	0.027	0.0	0.0	0.0	0.0	0.0	0.0	0.0	0.0	0.0	0.0	0.0	0.0	0.0	0.0	0.0	0.012	0.0	0.025	0.0	0.0	0.0
ALDH1A3	P47895	True	AL1A3_HUMAN	atRetinoicAcid_byALDH1A3	CPI-CC0BD81688E	ALDH1A3	0.004	0.0	0.0	0.0	0.026	0.0	0.0	0.0	0.0	0.0	0.027	0.0	0.0	0.0	0.0	0.0	0.0	0.0	0.0	0.0	0.0	0.0	0.0	0.0	0.0	0.0	0.012	0.0	0.025	0.0	0.0	0.0
ALDH1A3	P47895	True	AL1A3_HUMAN	atRetinoicAcid_byALDH1A3	CPI-CC0BEBB9C26	ALDH1A3	0.004	0.0	0.0	0.0	0.026	0.0	0.0	0.0	0.0	0.0	0.027	0.0	0.0	0.0	0.0	0.0	0.0	0.0	0.0	0.0	0.0	0.0	0.0	0.0	0.0	0.0	0.012	0.0	0.025	0.0	0.0	0.0
ALDH1A3	P47895	True	AL1A3_HUMAN	atRetinoicAcid_byALDH1A3	CPI-CC09B046394	ALDH1A3	0.004	0.0	0.0	0.0	0.026	0.0	0.0	0.0	0.0	0.0	0.027	0.0	0.0	0.0	0.0	0.0	0.0	0.0	0.0	0.0	0.0	0.0	0.0	0.0	0.0	0.0	0.012	0.0	0.025	0.0	0.0	0.0
ALDH1A3	P47895	True	AL1A3_HUMAN	atRetinoicAcid_byALDH1A3	CPI-CC00B974CC4	ALDH1A3	0.004	0.0	0.0	0.0	0.026	0.0	0.0	0.0	0.0	0.0	0.027	0.0	0.0	0.0	0.0	0.0	0.0	0.0	0.0	0.0	0.0	0.0	0.0	0.0	0.0	0.0	0.012	0.0	0.025	0.0	0.0	0.0
ALDH1A3	P47895	True	AL1A3_HUMAN	atRetinoicAcid_byALDH1A3	CPI-CS0C61C245A	ALDH1A3	0.004	0.0	0.0	0.0	0.026	0.0	0.0	0.0	0.0	0.0	0.027	0.0	0.0	0.0	0.0	0.0	0.0	0.0	0.0	0.0	0.0	0.0	0.0	0.0	0.0	0.0	0.012	0.0	0.025	0.0	0.0	0.0
CEL	P19835	True	CEL_HUMAN	Cholesterol_byCEL	CPI-CS06A0713BD	CEL	0.0	0.0	0.0	0.051	0.0	0.0	0.051	0.042	0.0	0.0	0.0	0.0	0.0	0.0	0.0	0.0	0.0	0.0	0.0	0.0	0.05	0.0	0.0	0.0	0.0	0.011	0.0	0.02	0.0	0.0	0.0	0.0
CEL	P19835	True	CEL_HUMAN	Cholesterol_byCEL	CPI-CS0CDFC0C7D	CEL	0.0	0.0	0.0	0.051	0.0	0.0	0.051	0.042	0.0	0.0	0.0	0.0	0.0	0.0	0.0	0.0	0.0	0.0	0.0	0.0	0.05	0.0	0.0	0.0	0.0	0.011	0.0	0.02	0.0	0.0	0.0	0.0
DHCR24	Q15392	True	DHC24_HUMAN	Cholesterol_byDHCR24	CPI-CS0D81115C8	DHCR24	0.008	0.023	0.0	0.031	0.027	0.05	0.056	0.0	0.024	0.14	0.0	0.0	0.0	0.0	0.082	0.0	0.0	0.0	0.0	0.0	0.046	0.123	0.0	0.029	0.0	0.018	0.0	0.0	0.0	0.0	0.0	0.0
DHCR24	Q15392	True	DHC24_HUMAN	Cholesterol_byDHCR24	CPI-CS03D61E885	DHCR24	0.008	0.023	0.0	0.031	0.027	0.05	0.056	0.0	0.024	0.14	0.0	0.0	0.0	0.0	0.082	0.0	0.0	0.0	0.0	0.0	0.046	0.123	0.0	0.029	0.0	0.018	0.0	0.0	0.0	0.0	0.0	0.0
DHCR7	Q9UBM7	True	DHCR7_HUMAN	Cholesterol_byDHCR7	CPI-CS06C6527F4	DHCR7	0.125	0.0	0.035	0.0	0.035	0.082	0.051	0.058	0.097	0.062	0.0	0.028	0.0	0.061	0.0	0.431	3.23	0.0	0.0	0.07	0.163	0.065	0.07	0.088	0.0	0.069	0.031	0.048	0.073	0.027	0.155	0.066
DHCR7	Q9UBM7	True	DHCR7_HUMAN	Cholesterol_byDHCR7	CPI-CS0BEF10547	DHCR7	0.125	0.0	0.035	0.0	0.035	0.082	0.051	0.058	0.097	0.062	0.0	0.028	0.0	0.061	0.0	0.431	3.23	0.0	0.0	0.07	0.163	0.065	0.07	0.088	0.0	0.069	0.031	0.048	0.073	0.027	0.155	0.066
CYP19A1	P11511	True	CP19A_HUMAN	Estradiol_byCYP19A1	CPI-CS0B87D36A1	CYP19A1	0.047	0.069	0.109	0.027	0.043	0.069	0.463	0.031	0.038	0.091	0.038	1.412	0.554	2.265	2.791	0.108	0.0	0.0	0.0	0.163	0.055	0.09	0.0	0.0	1.201	0.035	0.012	0.025	0.085	0.05	0.077	0.126
HDC	P19113	True	DCHS_HUMAN	Histamine_byHDC	CPI-CS0FF6E7611	HDC	0.0	0.0	0.0	0.0	0.0	0.024	0.0	0.0	0.0	0.0	0.0	0.0	0.0	0.0	0.0	0.0	0.0	0.0	0.0	0.0	0.0	0.0	0.0	0.0	0.0	0.0	0.0	0.0	0.0	0.025	0.0	0.0
HDC	P19113	True	DCHS_HUMAN	Histamine_byHDC	CPI-CS045AC7D7C	HDC	0.0	0.0	0.0	0.0	0.0	0.024	0.0	0.0	0.0	0.0	0.0	0.0	0.0	0.0	0.0	0.0	0.0	0.0	0.0	0.0	0.0	0.0	0.0	0.0	0.0	0.0	0.0	0.0	0.0	0.025	0.0	0.0
LTA4H	P09960	True	LKHA4_HUMAN	LeukotrieneB4_byLTA4H	CPI-CS0AFE4D0CB	LTA4H	0.043	0.079	0.045	0.018	0.091	0.087	0.031	0.046	0.02	0.0	0.024	0.097	0.116	0.0	0.031	0.0	0.0	0.043	0.0	0.109	0.059	0.041	0.0	0.078	0.0	0.037	0.014	0.094	0.084	0.021	0.062	0.021
LTA4H	P09960	True	LKHA4_HUMAN	LeukotrieneB4_byLTA4H	CPI-CS0F5B070C5	LTA4H	0.043	0.079	0.045	0.018	0.091	0.087	0.031	0.046	0.02	0.0	0.024	0.097	0.116	0.0	0.031	0.0	0.0	0.043	0.0	0.109	0.059	0.041	0.0	0.078	0.0	0.037	0.014	0.094	0.084	0.021	0.062	0.021
DPEP1	P16444	True	DPEP1_HUMAN	LeukotrieneE4_byDPEP1	CPI-CS0150916A7	DPEP1	0.0	0.0	0.0	0.0	0.0	0.0	0.0	0.0	0.0	0.0	0.022	0.0	0.0	0.0	0.0	0.0	0.0	0.0	0.0	0.0	0.0	0.0	0.0	0.0	0.0	0.0	0.0	0.0	0.0	0.0	0.0	0.0
DPEP2	Q9H4A9	True	DPEP2_HUMAN	LeukotrieneE4_byDPEP2	CPI-CS048E474A5	DPEP2	0.008	0.0	0.0	0.0	0.0	0.0	0.0	0.0	0.0	0.0	0.0	0.055	0.0	0.048	0.061	0.0	0.0	0.0	0.129	0.0	0.0	0.0	0.0	0.0	0.0	0.0	0.0	0.0	0.0	0.0	0.0	0.0
ASMT	P46597	True	ASMT_HUMAN	Melatonin_byASMT	CPI-CS05C6F5BDD	ASMT	0.007	0.0	0.0	0.0	0.0	0.0	0.0	0.0	0.0	0.0	0.0	0.0	0.0	0.0	0.0	0.108	0.0	0.023	0.0	0.0	0.025	0.0	0.0	0.0	0.0	0.0	0.0	0.0	0.0	0.025	0.0	0.0
PTGIS	Q16647	True	PTGIS_HUMAN	Prostacyclin_byPTGIS	CPI-CS09A35DD21	PTGIS	0.03	0.0	0.0	0.0	0.04	0.0	0.0	0.0	0.097	0.0	0.039	0.0	0.0	0.0	0.0	0.0	0.0	0.023	0.0	0.076	0.0	0.0	0.0	0.0	0.0	0.107	0.016	0.022	0.187	0.0	0.039	0.0
PTGES	O14684	True	PTGES_HUMAN	ProstaglandinE2_byPTGES	CPI-CS0F0453B03	PTGES	0.0	0.0	0.165	0.0	0.0	0.0	0.0	0.0	0.0	0.0	0.0	0.0	0.176	0.0	0.054	0.0	0.0	0.0	0.0	0.0	0.0	0.0	0.0	0.0	0.0	0.0	0.0	0.0	0.0	0.0	0.0	0.0
PTGES	O14684	True	PTGES_HUMAN	ProstaglandinE2_byPTGES	CPI-CS080C76630	PTGES	0.0	0.0	0.165	0.0	0.0	0.0	0.0	0.0	0.0	0.0	0.0	0.0	0.176	0.0	0.054	0.0	0.0	0.0	0.0	0.0	0.0	0.0	0.0	0.0	0.0	0.0	0.0	0.0	0.0	0.0	0.0	0.0
PTGES	O14684	True	PTGES_HUMAN	ProstaglandinE2_byPTGES	CPI-CS023F349AF	PTGES	0.0	0.0	0.165	0.0	0.0	0.0	0.0	0.0	0.0	0.0	0.0	0.0	0.176	0.0	0.054	0.0	0.0	0.0	0.0	0.0	0.0	0.0	0.0	0.0	0.0	0.0	0.0	0.0	0.0	0.0	0.0	0.0
PTGES3	Q15185	True	TEBP_HUMAN	ProstaglandinE2_byPTGES3	CPI-CS000F037BD	PTGES3	0.289	0.0	0.048	0.068	0.115	0.1	0.083	0.164	0.279	0.356	0.195	0.148	0.045	0.056	0.067	0.0	0.0	0.102	0.0	0.311	0.574	0.0	0.333	0.206	0.0	0.172	0.252	0.121	0.112	0.2	0.217	0.304
PTGES3	Q15185	True	TEBP_HUMAN	ProstaglandinE2_byPTGES3	CPI-CS0C9671CB6	PTGES3	0.289	0.0	0.048	0.068	0.115	0.1	0.083	0.164	0.279	0.356	0.195	0.148	0.045	0.056	0.067	0.0	0.0	0.102	0.0	0.311	0.574	0.0	0.333	0.206	0.0	0.172	0.252	0.121	0.112	0.2	0.217	0.304
PTGES3	Q15185	True	TEBP_HUMAN	ProstaglandinE2_byPTGES3	CPI-CS036B95798	PTGES3	0.289	0.0	0.048	0.068	0.115	0.1	0.083	0.164	0.279	0.356	0.195	0.148	0.045	0.056	0.067	0.0	0.0	0.102	0.0	0.311	0.574	0.0	0.333	0.206	0.0	0.172	0.252	0.121	0.112	0.2	0.217	0.304
DDC	P20711	True	DDC_HUMAN	SerotoninDopamin_byDDC	CPI-CS07B83D2DD	DDC	0.025	0.0	0.0	0.0	0.033	0.0	0.04	0.0	0.0	0.0	0.0	0.051	0.0	0.0	0.0	0.0	0.0	0.0	0.0	0.0	0.0	0.139	0.0	0.0	0.0	0.0	0.0	0.027	0.093	0.0	0.0	0.016
DDC	P20711	True	DDC_HUMAN	SerotoninDopamin_byDDC	CPI-CS03C4A5CCC	DDC	0.025	0.0	0.0	0.0	0.033	0.0	0.04	0.0	0.0	0.0	0.0	0.051	0.0	0.0	0.0	0.0	0.0	0.0	0.0	0.0	0.0	0.139	0.0	0.0	0.0	0.0	0.0	0.027	0.093	0.0	0.0	0.016
DDC	P20711	True	DDC_HUMAN	SerotoninDopamin_byDDC	CPI-CS08B8EB95C	DDC	0.025	0.0	0.0	0.0	0.033	0.0	0.04	0.0	0.0	0.0	0.0	0.051	0.0	0.0	0.0	0.0	0.0	0.0	0.0	0.0	0.0	0.139	0.0	0.0	0.0	0.0	0.0	0.027	0.093	0.0	0.0	0.016
DDC	P20711	True	DDC_HUMAN	SerotoninDopamin_byDDC	CPI-CS0DF5F733F	DDC	0.025	0.0	0.0	0.0	0.033	0.0	0.04	0.0	0.0	0.0	0.0	0.051	0.0	0.0	0.0	0.0	0.0	0.0	0.0	0.0	0.0	0.139	0.0	0.0	0.0	0.0	0.0	0.027	0.093	0.0	0.0	0.016
DDC	P20711	True	DDC_HUMAN	SerotoninDopamin_byDDC	CPI-CS029E9BA69	DDC	0.025	0.0	0.0	0.0	0.033	0.0	0.04	0.0	0.0	0.0	0.0	0.051	0.0	0.0	0.0	0.0	0.0	0.0	0.0	0.0	0.0	0.139	0.0	0.0	0.0	0.0	0.0	0.027	0.093	0.0	0.0	0.016
DDC	P20711	True	DDC_HUMAN	SerotoninDopamin_byDDC	CPI-CS07508694A	DDC	0.025	0.0	0.0	0.0	0.033	0.0	0.04	0.0	0.0	0.0	0.0	0.051	0.0	0.0	0.0	0.0	0.0	0.0	0.0	0.0	0.0	0.139	0.0	0.0	0.0	0.0	0.0	0.027	0.093	0.0	0.0	0.016
DDC	P20711	True	DDC_HUMAN	SerotoninDopamin_byDDC	CPI-CS008E4E6F9	DDC	0.025	0.0	0.0	0.0	0.033	0.0	0.04	0.0	0.0	0.0	0.0	0.051	0.0	0.0	0.0	0.0	0.0	0.0	0.0	0.0	0.0	0.139	0.0	0.0	0.0	0.0	0.0	0.027	0.093	0.0	0.0	0.016
DDC	P20711	True	DDC_HUMAN	SerotoninDopamin_byDDC	CPI-CS062F16E86	DDC	0.025	0.0	0.0	0.0	0.033	0.0	0.04	0.0	0.0	0.0	0.0	0.051	0.0	0.0	0.0	0.0	0.0	0.0	0.0	0.0	0.0	0.139	0.0	0.0	0.0	0.0	0.0	0.027	0.093	0.0	0.0	0.016
DDC	P20711	True	DDC_HUMAN	SerotoninDopamin_byDDC	CPI-CS0AB91708D	DDC	0.025	0.0	0.0	0.0	0.033	0.0	0.04	0.0	0.0	0.0	0.0	0.051	0.0	0.0	0.0	0.0	0.0	0.0	0.0	0.0	0.0	0.139	0.0	0.0	0.0	0.0	0.0	0.027	0.093	0.0	0.0	0.016
DDC	P20711	True	DDC_HUMAN	SerotoninDopamin_byDDC	CPI-CS0E5E6A50E	DDC	0.025	0.0	0.0	0.0	0.033	0.0	0.04	0.0	0.0	0.0	0.0	0.051	0.0	0.0	0.0	0.0	0.0	0.0	0.0	0.0	0.0	0.139	0.0	0.0	0.0	0.0	0.0	0.027	0.093	0.0	0.0	0.016
DDC	P20711	True	DDC_HUMAN	SerotoninDopamin_byDDC	CPI-CS0682222D2	DDC	0.025	0.0	0.0	0.0	0.033	0.0	0.04	0.0	0.0	0.0	0.0	0.051	0.0	0.0	0.0	0.0	0.0	0.0	0.0	0.0	0.0	0.139	0.0	0.0	0.0	0.0	0.0	0.027	0.093	0.0	0.0	0.016
DDC	P20711	True	DDC_HUMAN	SerotoninDopamin_byDDC	CPI-CS0EA8C2964	DDC	0.025	0.0	0.0	0.0	0.033	0.0	0.04	0.0	0.0	0.0	0.0	0.051	0.0	0.0	0.0	0.0	0.0	0.0	0.0	0.0	0.0	0.139	0.0	0.0	0.0	0.0	0.0	0.027	0.093	0.0	0.0	0.016
HSD17B12	Q53GQ0	True	DHB12_HUMAN	Testosterone_byHSD17B12	CPI-CS0BE6576AD	HSD17B12	0.497	0.184	0.08	0.341	0.339	0.224	0.181	0.114	0.361	0.527	0.529	0.185	0.393	0.177	0.268	0.0	0.0	0.342	0.0	0.634	0.58	0.245	0.535	0.421	0.0	0.373	0.261	0.396	0.348	0.213	0.394	0.341
TBXAS1	P24557	True	THAS_HUMAN	ThromboxaneA2_byTBXAS1	CPI-CS0D01AFCC7	TBXAS1	0.067	0.0	0.031	0.012	0.037	0.087	0.05	0.0	0.089	0.0	0.0	0.0	0.055	0.0	0.0	0.0	0.0	0.062	0.0	0.028	0.085	0.125	0.0	0.0	0.0	0.059	0.073	0.032	0.101	0.026	0.071	0.0
CGA	P01215	True	GLHA_HUMAN	Thyrotropin	CPI-CS057BB9EE5	CGA	0.003	0.0	0.0	0.0	0.0	0.0	0.0	0.0	0.0	0.0	0.0	0.0	0.0	0.0	0.0	0.0	0.0	0.0	0.0	0.0	0.0	0.0	0.0	0.0	0.0	0.0	0.0	0.0	0.0	0.0	0.0	0.0
TSHB	P01222	True	TSHB_HUMAN	Thyrotropin	CPI-CS057BB9EE5	TSHB	0.003	0.0	0.0	0.0	0.0	0.0	0.0	0.0	0.0	0.0	0.0	0.0	0.0	0.0	0.0	0.0	0.0	0.0	0.0	0.0	0.0	0.0	0.0	0.0	0.0	0.0	0.0	0.0	0.0	0.0	0.0	0.0
TPH1	P17752	True	TPH1_HUMAN	5-HT_byTPH1_and_SLC6A4	CPI-CS08C0F914A	TPH1	0.0	0.0	0.0	0.0	0.0	0.0	0.0	0.0	0.0	0.0	0.0	0.0	0.0	0.0	0.0	0.0	0.0	0.0	0.0	0.0	0.0	0.0	0.0	0.0	0.0	0.01	0.0	0.0	0.0	0.0	0.0	0.0
TPH1	P17752	True	TPH1_HUMAN	5-HT_byTPH1_and_SLC6A4	CPI-CS00699E9D6	TPH1	0.0	0.0	0.0	0.0	0.0	0.0	0.0	0.0	0.0	0.0	0.0	0.0	0.0	0.0	0.0	0.0	0.0	0.0	0.0	0.0	0.0	0.0	0.0	0.0	0.0	0.01	0.0	0.0	0.0	0.0	0.0	0.0
TPH1	P17752	True	TPH1_HUMAN	5-HT_byTPH1_and_SLC6A4	CPI-CS0CA60CF5D	TPH1	0.0	0.0	0.0	0.0	0.0	0.0	0.0	0.0	0.0	0.0	0.0	0.0	0.0	0.0	0.0	0.0	0.0	0.0	0.0	0.0	0.0	0.0	0.0	0.0	0.0	0.01	0.0	0.0	0.0	0.0	0.0	0.0
TPH1	P17752	True	TPH1_HUMAN	5-HT_byTPH1_and_SLC6A4	CPI-CS07C928856	TPH1	0.0	0.0	0.0	0.0	0.0	0.0	0.0	0.0	0.0	0.0	0.0	0.0	0.0	0.0	0.0	0.0	0.0	0.0	0.0	0.0	0.0	0.0	0.0	0.0	0.0	0.01	0.0	0.0	0.0	0.0	0.0	0.0
TPH1	P17752	True	TPH1_HUMAN	5-HT_byTPH1_and_SLC6A4	CPI-CS0D12BDF23	TPH1	0.0	0.0	0.0	0.0	0.0	0.0	0.0	0.0	0.0	0.0	0.0	0.0	0.0	0.0	0.0	0.0	0.0	0.0	0.0	0.0	0.0	0.0	0.0	0.0	0.0	0.01	0.0	0.0	0.0	0.0	0.0	0.0
TPH1	P17752	True	TPH1_HUMAN	5-HT_byTPH1_and_SLC6A4	CPI-CS07C8BD0AD	TPH1	0.0	0.0	0.0	0.0	0.0	0.0	0.0	0.0	0.0	0.0	0.0	0.0	0.0	0.0	0.0	0.0	0.0	0.0	0.0	0.0	0.0	0.0	0.0	0.0	0.0	0.01	0.0	0.0	0.0	0.0	0.0	0.0
TPH1	P17752	True	TPH1_HUMAN	5-HT_byTPH1_and_SLC6A4	CPI-CS0C940A01C	TPH1	0.0	0.0	0.0	0.0	0.0	0.0	0.0	0.0	0.0	0.0	0.0	0.0	0.0	0.0	0.0	0.0	0.0	0.0	0.0	0.0	0.0	0.0	0.0	0.0	0.0	0.01	0.0	0.0	0.0	0.0	0.0	0.0
TPH1	P17752	True	TPH1_HUMAN	5-HT_byTPH1_and_SLC6A4	CPI-CS091CE4B74	TPH1	0.0	0.0	0.0	0.0	0.0	0.0	0.0	0.0	0.0	0.0	0.0	0.0	0.0	0.0	0.0	0.0	0.0	0.0	0.0	0.0	0.0	0.0	0.0	0.0	0.0	0.01	0.0	0.0	0.0	0.0	0.0	0.0
SLC6A4	P31645	True	SC6A4_HUMAN	5-HT_byTPH1_and_SLC6A4	CPI-CS08C0F914A	SLC6A4	0.0	0.0	0.0	0.0	0.0	0.0	0.0	0.0	0.0	0.0	0.0	0.0	0.0	0.0	0.0	0.0	0.0	0.0	0.0	0.0	0.0	0.0	0.0	0.0	0.0	0.01	0.0	0.0	0.0	0.0	0.0	0.0
SLC6A4	P31645	True	SC6A4_HUMAN	5-HT_byTPH1_and_SLC6A4	CPI-CS00699E9D6	SLC6A4	0.0	0.0	0.0	0.0	0.0	0.0	0.0	0.0	0.0	0.0	0.0	0.0	0.0	0.0	0.0	0.0	0.0	0.0	0.0	0.0	0.0	0.0	0.0	0.0	0.0	0.01	0.0	0.0	0.0	0.0	0.0	0.0
SLC6A4	P31645	True	SC6A4_HUMAN	5-HT_byTPH1_and_SLC6A4	CPI-CS0CA60CF5D	SLC6A4	0.0	0.0	0.0	0.0	0.0	0.0	0.0	0.0	0.0	0.0	0.0	0.0	0.0	0.0	0.0	0.0	0.0	0.0	0.0	0.0	0.0	0.0	0.0	0.0	0.0	0.01	0.0	0.0	0.0	0.0	0.0	0.0
SLC6A4	P31645	True	SC6A4_HUMAN	5-HT_byTPH1_and_SLC6A4	CPI-CS07C928856	SLC6A4	0.0	0.0	0.0	0.0	0.0	0.0	0.0	0.0	0.0	0.0	0.0	0.0	0.0	0.0	0.0	0.0	0.0	0.0	0.0	0.0	0.0	0.0	0.0	0.0	0.0	0.01	0.0	0.0	0.0	0.0	0.0	0.0
SLC6A4	P31645	True	SC6A4_HUMAN	5-HT_byTPH1_and_SLC6A4	CPI-CS0D12BDF23	SLC6A4	0.0	0.0	0.0	0.0	0.0	0.0	0.0	0.0	0.0	0.0	0.0	0.0	0.0	0.0	0.0	0.0	0.0	0.0	0.0	0.0	0.0	0.0	0.0	0.0	0.0	0.01	0.0	0.0	0.0	0.0	0.0	0.0
SLC6A4	P31645	True	SC6A4_HUMAN	5-HT_byTPH1_and_SLC6A4	CPI-CS07C8BD0AD	SLC6A4	0.0	0.0	0.0	0.0	0.0	0.0	0.0	0.0	0.0	0.0	0.0	0.0	0.0	0.0	0.0	0.0	0.0	0.0	0.0	0.0	0.0	0.0	0.0	0.0	0.0	0.01	0.0	0.0	0.0	0.0	0.0	0.0
SLC6A4	P31645	True	SC6A4_HUMAN	5-HT_byTPH1_and_SLC6A4	CPI-CS0C940A01C	SLC6A4	0.0	0.0	0.0	0.0	0.0	0.0	0.0	0.0	0.0	0.0	0.0	0.0	0.0	0.0	0.0	0.0	0.0	0.0	0.0	0.0	0.0	0.0	0.0	0.0	0.0	0.01	0.0	0.0	0.0	0.0	0.0	0.0
SLC6A4	P31645	True	SC6A4_HUMAN	5-HT_byTPH1_and_SLC6A4	CPI-CS091CE4B74	SLC6A4	0.0	0.0	0.0	0.0	0.0	0.0	0.0	0.0	0.0	0.0	0.0	0.0	0.0	0.0	0.0	0.0	0.0	0.0	0.0	0.0	0.0	0.0	0.0	0.0	0.0	0.01	0.0	0.0	0.0	0.0	0.0	0.0
TPH1	P17752	True	TPH1_HUMAN	5-HT_byTPH1_and_SLC18A1	CPI-CS0FA7FD0C4	TPH1	0.0	0.0	0.0	0.0	0.0	0.0	0.0	0.0	0.0	0.0	0.0	0.0	0.0	0.0	0.0	0.0	0.0	0.0	0.0	0.0	0.0	0.0	0.0	0.0	0.0	0.01	0.0	0.0	0.06	0.0	0.0	0.031
TPH1	P17752	True	TPH1_HUMAN	5-HT_byTPH1_and_SLC18A1	CPI-CS0D479EE58	TPH1	0.0	0.0	0.0	0.0	0.0	0.0	0.0	0.0	0.0	0.0	0.0	0.0	0.0	0.0	0.0	0.0	0.0	0.0	0.0	0.0	0.0	0.0	0.0	0.0	0.0	0.01	0.0	0.0	0.06	0.0	0.0	0.031
TPH1	P17752	True	TPH1_HUMAN	5-HT_byTPH1_and_SLC18A1	CPI-CS0124AABB1	TPH1	0.0	0.0	0.0	0.0	0.0	0.0	0.0	0.0	0.0	0.0	0.0	0.0	0.0	0.0	0.0	0.0	0.0	0.0	0.0	0.0	0.0	0.0	0.0	0.0	0.0	0.01	0.0	0.0	0.06	0.0	0.0	0.031
TPH1	P17752	True	TPH1_HUMAN	5-HT_byTPH1_and_SLC18A1	CPI-CS0E217D222	TPH1	0.0	0.0	0.0	0.0	0.0	0.0	0.0	0.0	0.0	0.0	0.0	0.0	0.0	0.0	0.0	0.0	0.0	0.0	0.0	0.0	0.0	0.0	0.0	0.0	0.0	0.01	0.0	0.0	0.06	0.0	0.0	0.031
TPH1	P17752	True	TPH1_HUMAN	5-HT_byTPH1_and_SLC18A1	CPI-CS0B361C48F	TPH1	0.0	0.0	0.0	0.0	0.0	0.0	0.0	0.0	0.0	0.0	0.0	0.0	0.0	0.0	0.0	0.0	0.0	0.0	0.0	0.0	0.0	0.0	0.0	0.0	0.0	0.01	0.0	0.0	0.06	0.0	0.0	0.031
TPH1	P17752	True	TPH1_HUMAN	5-HT_byTPH1_and_SLC18A1	CPI-CS00A17284C	TPH1	0.0	0.0	0.0	0.0	0.0	0.0	0.0	0.0	0.0	0.0	0.0	0.0	0.0	0.0	0.0	0.0	0.0	0.0	0.0	0.0	0.0	0.0	0.0	0.0	0.0	0.01	0.0	0.0	0.06	0.0	0.0	0.031
TPH1	P17752	True	TPH1_HUMAN	5-HT_byTPH1_and_SLC18A1	CPI-CS0A3252712	TPH1	0.0	0.0	0.0	0.0	0.0	0.0	0.0	0.0	0.0	0.0	0.0	0.0	0.0	0.0	0.0	0.0	0.0	0.0	0.0	0.0	0.0	0.0	0.0	0.0	0.0	0.01	0.0	0.0	0.06	0.0	0.0	0.031
TPH1	P17752	True	TPH1_HUMAN	5-HT_byTPH1_and_SLC18A1	CPI-CS0F1FE8541	TPH1	0.0	0.0	0.0	0.0	0.0	0.0	0.0	0.0	0.0	0.0	0.0	0.0	0.0	0.0	0.0	0.0	0.0	0.0	0.0	0.0	0.0	0.0	0.0	0.0	0.0	0.01	0.0	0.0	0.06	0.0	0.0	0.031
SLC18A1	P54219	True	VMAT1_HUMAN	5-HT_byTPH1_and_SLC18A1	CPI-CS0FA7FD0C4	SLC18A1	0.0	0.0	0.0	0.0	0.0	0.0	0.0	0.0	0.0	0.0	0.0	0.0	0.0	0.0	0.0	0.0	0.0	0.0	0.0	0.0	0.0	0.0	0.0	0.0	0.0	0.01	0.0	0.0	0.06	0.0	0.0	0.031
SLC18A1	P54219	True	VMAT1_HUMAN	5-HT_byTPH1_and_SLC18A1	CPI-CS0D479EE58	SLC18A1	0.0	0.0	0.0	0.0	0.0	0.0	0.0	0.0	0.0	0.0	0.0	0.0	0.0	0.0	0.0	0.0	0.0	0.0	0.0	0.0	0.0	0.0	0.0	0.0	0.0	0.01	0.0	0.0	0.06	0.0	0.0	0.031
SLC18A1	P54219	True	VMAT1_HUMAN	5-HT_byTPH1_and_SLC18A1	CPI-CS0124AABB1	SLC18A1	0.0	0.0	0.0	0.0	0.0	0.0	0.0	0.0	0.0	0.0	0.0	0.0	0.0	0.0	0.0	0.0	0.0	0.0	0.0	0.0	0.0	0.0	0.0	0.0	0.0	0.01	0.0	0.0	0.06	0.0	0.0	0.031
SLC18A1	P54219	True	VMAT1_HUMAN	5-HT_byTPH1_and_SLC18A1	CPI-CS0E217D222	SLC18A1	0.0	0.0	0.0	0.0	0.0	0.0	0.0	0.0	0.0	0.0	0.0	0.0	0.0	0.0	0.0	0.0	0.0	0.0	0.0	0.0	0.0	0.0	0.0	0.0	0.0	0.01	0.0	0.0	0.06	0.0	0.0	0.031
SLC18A1	P54219	True	VMAT1_HUMAN	5-HT_byTPH1_and_SLC18A1	CPI-CS0B361C48F	SLC18A1	0.0	0.0	0.0	0.0	0.0	0.0	0.0	0.0	0.0	0.0	0.0	0.0	0.0	0.0	0.0	0.0	0.0	0.0	0.0	0.0	0.0	0.0	0.0	0.0	0.0	0.01	0.0	0.0	0.06	0.0	0.0	0.031
SLC18A1	P54219	True	VMAT1_HUMAN	5-HT_byTPH1_and_SLC18A1	CPI-CS00A17284C	SLC18A1	0.0	0.0	0.0	0.0	0.0	0.0	0.0	0.0	0.0	0.0	0.0	0.0	0.0	0.0	0.0	0.0	0.0	0.0	0.0	0.0	0.0	0.0	0.0	0.0	0.0	0.01	0.0	0.0	0.06	0.0	0.0	0.031
SLC18A1	P54219	True	VMAT1_HUMAN	5-HT_byTPH1_and_SLC18A1	CPI-CS0A3252712	SLC18A1	0.0	0.0	0.0	0.0	0.0	0.0	0.0	0.0	0.0	0.0	0.0	0.0	0.0	0.0	0.0	0.0	0.0	0.0	0.0	0.0	0.0	0.0	0.0	0.0	0.0	0.01	0.0	0.0	0.06	0.0	0.0	0.031
SLC18A1	P54219	True	VMAT1_HUMAN	5-HT_byTPH1_and_SLC18A1	CPI-CS0F1FE8541	SLC18A1	0.0	0.0	0.0	0.0	0.0	0.0	0.0	0.0	0.0	0.0	0.0	0.0	0.0	0.0	0.0	0.0	0.0	0.0	0.0	0.0	0.0	0.0	0.0	0.0	0.0	0.01	0.0	0.0	0.06	0.0	0.0	0.031
TPH1	P17752	True	TPH1_HUMAN	5-HT_byTPH1_and_SLC18A2	CPI-CS036645DBE	TPH1	0.0	0.0	0.0	0.0	0.0	0.0	0.0	0.0	0.0	0.0	0.033	0.0	0.0	0.0	0.0	0.0	0.0	0.0	0.0	0.023	0.0	0.849	0.0	0.0	0.0	0.01	0.0	0.0	0.115	0.0	0.0	0.095
TPH1	P17752	True	TPH1_HUMAN	5-HT_byTPH1_and_SLC18A2	CPI-CS05FD872B4	TPH1	0.0	0.0	0.0	0.0	0.0	0.0	0.0	0.0	0.0	0.0	0.033	0.0	0.0	0.0	0.0	0.0	0.0	0.0	0.0	0.023	0.0	0.849	0.0	0.0	0.0	0.01	0.0	0.0	0.115	0.0	0.0	0.095
TPH1	P17752	True	TPH1_HUMAN	5-HT_byTPH1_and_SLC18A2	CPI-CS0D82F92E9	TPH1	0.0	0.0	0.0	0.0	0.0	0.0	0.0	0.0	0.0	0.0	0.033	0.0	0.0	0.0	0.0	0.0	0.0	0.0	0.0	0.023	0.0	0.849	0.0	0.0	0.0	0.01	0.0	0.0	0.115	0.0	0.0	0.095
TPH1	P17752	True	TPH1_HUMAN	5-HT_byTPH1_and_SLC18A2	CPI-CS09463D22E	TPH1	0.0	0.0	0.0	0.0	0.0	0.0	0.0	0.0	0.0	0.0	0.033	0.0	0.0	0.0	0.0	0.0	0.0	0.0	0.0	0.023	0.0	0.849	0.0	0.0	0.0	0.01	0.0	0.0	0.115	0.0	0.0	0.095
TPH1	P17752	True	TPH1_HUMAN	5-HT_byTPH1_and_SLC18A2	CPI-CS0FBE83390	TPH1	0.0	0.0	0.0	0.0	0.0	0.0	0.0	0.0	0.0	0.0	0.033	0.0	0.0	0.0	0.0	0.0	0.0	0.0	0.0	0.023	0.0	0.849	0.0	0.0	0.0	0.01	0.0	0.0	0.115	0.0	0.0	0.095
TPH1	P17752	True	TPH1_HUMAN	5-HT_byTPH1_and_SLC18A2	CPI-CS00CB2214E	TPH1	0.0	0.0	0.0	0.0	0.0	0.0	0.0	0.0	0.0	0.0	0.033	0.0	0.0	0.0	0.0	0.0	0.0	0.0	0.0	0.023	0.0	0.849	0.0	0.0	0.0	0.01	0.0	0.0	0.115	0.0	0.0	0.095
TPH1	P17752	True	TPH1_HUMAN	5-HT_byTPH1_and_SLC18A2	CPI-CS049727103	TPH1	0.0	0.0	0.0	0.0	0.0	0.0	0.0	0.0	0.0	0.0	0.033	0.0	0.0	0.0	0.0	0.0	0.0	0.0	0.0	0.023	0.0	0.849	0.0	0.0	0.0	0.01	0.0	0.0	0.115	0.0	0.0	0.095
TPH1	P17752	True	TPH1_HUMAN	5-HT_byTPH1_and_SLC18A2	CPI-CS059692236	TPH1	0.0	0.0	0.0	0.0	0.0	0.0	0.0	0.0	0.0	0.0	0.033	0.0	0.0	0.0	0.0	0.0	0.0	0.0	0.0	0.023	0.0	0.849	0.0	0.0	0.0	0.01	0.0	0.0	0.115	0.0	0.0	0.095
SLC18A2	Q05940	True	VMAT2_HUMAN	5-HT_byTPH1_and_SLC18A2	CPI-CS036645DBE	SLC18A2	0.0	0.0	0.0	0.0	0.0	0.0	0.0	0.0	0.0	0.0	0.033	0.0	0.0	0.0	0.0	0.0	0.0	0.0	0.0	0.023	0.0	0.849	0.0	0.0	0.0	0.01	0.0	0.0	0.115	0.0	0.0	0.095
SLC18A2	Q05940	True	VMAT2_HUMAN	5-HT_byTPH1_and_SLC18A2	CPI-CS05FD872B4	SLC18A2	0.0	0.0	0.0	0.0	0.0	0.0	0.0	0.0	0.0	0.0	0.033	0.0	0.0	0.0	0.0	0.0	0.0	0.0	0.0	0.023	0.0	0.849	0.0	0.0	0.0	0.01	0.0	0.0	0.115	0.0	0.0	0.095
SLC18A2	Q05940	True	VMAT2_HUMAN	5-HT_byTPH1_and_SLC18A2	CPI-CS0D82F92E9	SLC18A2	0.0	0.0	0.0	0.0	0.0	0.0	0.0	0.0	0.0	0.0	0.033	0.0	0.0	0.0	0.0	0.0	0.0	0.0	0.0	0.023	0.0	0.849	0.0	0.0	0.0	0.01	0.0	0.0	0.115	0.0	0.0	0.095
SLC18A2	Q05940	True	VMAT2_HUMAN	5-HT_byTPH1_and_SLC18A2	CPI-CS09463D22E	SLC18A2	0.0	0.0	0.0	0.0	0.0	0.0	0.0	0.0	0.0	0.0	0.033	0.0	0.0	0.0	0.0	0.0	0.0	0.0	0.0	0.023	0.0	0.849	0.0	0.0	0.0	0.01	0.0	0.0	0.115	0.0	0.0	0.095
SLC18A2	Q05940	True	VMAT2_HUMAN	5-HT_byTPH1_and_SLC18A2	CPI-CS0FBE83390	SLC18A2	0.0	0.0	0.0	0.0	0.0	0.0	0.0	0.0	0.0	0.0	0.033	0.0	0.0	0.0	0.0	0.0	0.0	0.0	0.0	0.023	0.0	0.849	0.0	0.0	0.0	0.01	0.0	0.0	0.115	0.0	0.0	0.095
SLC18A2	Q05940	True	VMAT2_HUMAN	5-HT_byTPH1_and_SLC18A2	CPI-CS00CB2214E	SLC18A2	0.0	0.0	0.0	0.0	0.0	0.0	0.0	0.0	0.0	0.0	0.033	0.0	0.0	0.0	0.0	0.0	0.0	0.0	0.0	0.023	0.0	0.849	0.0	0.0	0.0	0.01	0.0	0.0	0.115	0.0	0.0	0.095
SLC18A2	Q05940	True	VMAT2_HUMAN	5-HT_byTPH1_and_SLC18A2	CPI-CS049727103	SLC18A2	0.0	0.0	0.0	0.0	0.0	0.0	0.0	0.0	0.0	0.0	0.033	0.0	0.0	0.0	0.0	0.0	0.0	0.0	0.0	0.023	0.0	0.849	0.0	0.0	0.0	0.01	0.0	0.0	0.115	0.0	0.0	0.095
SLC18A2	Q05940	True	VMAT2_HUMAN	5-HT_byTPH1_and_SLC18A2	CPI-CS059692236	SLC18A2	0.0	0.0	0.0	0.0	0.0	0.0	0.0	0.0	0.0	0.0	0.033	0.0	0.0	0.0	0.0	0.0	0.0	0.0	0.0	0.023	0.0	0.849	0.0	0.0	0.0	0.01	0.0	0.0	0.115	0.0	0.0	0.095
TPH2	Q8IWU9	True	TPH2_HUMAN	5-HT_byTPH2_and_SLC6A4	CPI-CS06E3461BA	TPH2	0.009	0.0	0.0	0.0	0.0	0.0	0.0	0.0	0.0	0.0	0.0	0.0	0.0	0.0	0.0	0.0	0.0	0.0	0.0	0.0	0.0	0.0	0.0	0.0	0.0	0.0	0.0	0.0	0.0	0.0	0.0	0.0
TPH2	Q8IWU9	True	TPH2_HUMAN	5-HT_byTPH2_and_SLC6A4	CPI-CS0B31D535F	TPH2	0.009	0.0	0.0	0.0	0.0	0.0	0.0	0.0	0.0	0.0	0.0	0.0	0.0	0.0	0.0	0.0	0.0	0.0	0.0	0.0	0.0	0.0	0.0	0.0	0.0	0.0	0.0	0.0	0.0	0.0	0.0	0.0
TPH2	Q8IWU9	True	TPH2_HUMAN	5-HT_byTPH2_and_SLC6A4	CPI-CS048019E82	TPH2	0.009	0.0	0.0	0.0	0.0	0.0	0.0	0.0	0.0	0.0	0.0	0.0	0.0	0.0	0.0	0.0	0.0	0.0	0.0	0.0	0.0	0.0	0.0	0.0	0.0	0.0	0.0	0.0	0.0	0.0	0.0	0.0
TPH2	Q8IWU9	True	TPH2_HUMAN	5-HT_byTPH2_and_SLC6A4	CPI-CS0DB983DDE	TPH2	0.009	0.0	0.0	0.0	0.0	0.0	0.0	0.0	0.0	0.0	0.0	0.0	0.0	0.0	0.0	0.0	0.0	0.0	0.0	0.0	0.0	0.0	0.0	0.0	0.0	0.0	0.0	0.0	0.0	0.0	0.0	0.0
TPH2	Q8IWU9	True	TPH2_HUMAN	5-HT_byTPH2_and_SLC6A4	CPI-CS0470204FB	TPH2	0.009	0.0	0.0	0.0	0.0	0.0	0.0	0.0	0.0	0.0	0.0	0.0	0.0	0.0	0.0	0.0	0.0	0.0	0.0	0.0	0.0	0.0	0.0	0.0	0.0	0.0	0.0	0.0	0.0	0.0	0.0	0.0
TPH2	Q8IWU9	True	TPH2_HUMAN	5-HT_byTPH2_and_SLC6A4	CPI-CS0DC68F1EA	TPH2	0.009	0.0	0.0	0.0	0.0	0.0	0.0	0.0	0.0	0.0	0.0	0.0	0.0	0.0	0.0	0.0	0.0	0.0	0.0	0.0	0.0	0.0	0.0	0.0	0.0	0.0	0.0	0.0	0.0	0.0	0.0	0.0
TPH2	Q8IWU9	True	TPH2_HUMAN	5-HT_byTPH2_and_SLC6A4	CPI-CS073E2DB34	TPH2	0.009	0.0	0.0	0.0	0.0	0.0	0.0	0.0	0.0	0.0	0.0	0.0	0.0	0.0	0.0	0.0	0.0	0.0	0.0	0.0	0.0	0.0	0.0	0.0	0.0	0.0	0.0	0.0	0.0	0.0	0.0	0.0
TPH2	Q8IWU9	True	TPH2_HUMAN	5-HT_byTPH2_and_SLC6A4	CPI-CS08EFEF89B	TPH2	0.009	0.0	0.0	0.0	0.0	0.0	0.0	0.0	0.0	0.0	0.0	0.0	0.0	0.0	0.0	0.0	0.0	0.0	0.0	0.0	0.0	0.0	0.0	0.0	0.0	0.0	0.0	0.0	0.0	0.0	0.0	0.0
SLC6A4	P31645	True	SC6A4_HUMAN	5-HT_byTPH2_and_SLC6A4	CPI-CS06E3461BA	SLC6A4	0.009	0.0	0.0	0.0	0.0	0.0	0.0	0.0	0.0	0.0	0.0	0.0	0.0	0.0	0.0	0.0	0.0	0.0	0.0	0.0	0.0	0.0	0.0	0.0	0.0	0.0	0.0	0.0	0.0	0.0	0.0	0.0
SLC6A4	P31645	True	SC6A4_HUMAN	5-HT_byTPH2_and_SLC6A4	CPI-CS0B31D535F	SLC6A4	0.009	0.0	0.0	0.0	0.0	0.0	0.0	0.0	0.0	0.0	0.0	0.0	0.0	0.0	0.0	0.0	0.0	0.0	0.0	0.0	0.0	0.0	0.0	0.0	0.0	0.0	0.0	0.0	0.0	0.0	0.0	0.0
SLC6A4	P31645	True	SC6A4_HUMAN	5-HT_byTPH2_and_SLC6A4	CPI-CS048019E82	SLC6A4	0.009	0.0	0.0	0.0	0.0	0.0	0.0	0.0	0.0	0.0	0.0	0.0	0.0	0.0	0.0	0.0	0.0	0.0	0.0	0.0	0.0	0.0	0.0	0.0	0.0	0.0	0.0	0.0	0.0	0.0	0.0	0.0
SLC6A4	P31645	True	SC6A4_HUMAN	5-HT_byTPH2_and_SLC6A4	CPI-CS0DB983DDE	SLC6A4	0.009	0.0	0.0	0.0	0.0	0.0	0.0	0.0	0.0	0.0	0.0	0.0	0.0	0.0	0.0	0.0	0.0	0.0	0.0	0.0	0.0	0.0	0.0	0.0	0.0	0.0	0.0	0.0	0.0	0.0	0.0	0.0
SLC6A4	P31645	True	SC6A4_HUMAN	5-HT_byTPH2_and_SLC6A4	CPI-CS0470204FB	SLC6A4	0.009	0.0	0.0	0.0	0.0	0.0	0.0	0.0	0.0	0.0	0.0	0.0	0.0	0.0	0.0	0.0	0.0	0.0	0.0	0.0	0.0	0.0	0.0	0.0	0.0	0.0	0.0	0.0	0.0	0.0	0.0	0.0
SLC6A4	P31645	True	SC6A4_HUMAN	5-HT_byTPH2_and_SLC6A4	CPI-CS0DC68F1EA	SLC6A4	0.009	0.0	0.0	0.0	0.0	0.0	0.0	0.0	0.0	0.0	0.0	0.0	0.0	0.0	0.0	0.0	0.0	0.0	0.0	0.0	0.0	0.0	0.0	0.0	0.0	0.0	0.0	0.0	0.0	0.0	0.0	0.0
SLC6A4	P31645	True	SC6A4_HUMAN	5-HT_byTPH2_and_SLC6A4	CPI-CS073E2DB34	SLC6A4	0.009	0.0	0.0	0.0	0.0	0.0	0.0	0.0	0.0	0.0	0.0	0.0	0.0	0.0	0.0	0.0	0.0	0.0	0.0	0.0	0.0	0.0	0.0	0.0	0.0	0.0	0.0	0.0	0.0	0.0	0.0	0.0
SLC6A4	P31645	True	SC6A4_HUMAN	5-HT_byTPH2_and_SLC6A4	CPI-CS08EFEF89B	SLC6A4	0.009	0.0	0.0	0.0	0.0	0.0	0.0	0.0	0.0	0.0	0.0	0.0	0.0	0.0	0.0	0.0	0.0	0.0	0.0	0.0	0.0	0.0	0.0	0.0	0.0	0.0	0.0	0.0	0.0	0.0	0.0	0.0
TPH2	Q8IWU9	True	TPH2_HUMAN	5-HT_byTPH2_and_SLC18A1	CPI-CS0C94CDA03	TPH2	0.009	0.0	0.0	0.0	0.0	0.0	0.0	0.0	0.0	0.0	0.0	0.0	0.0	0.0	0.0	0.0	0.0	0.0	0.0	0.0	0.0	0.0	0.0	0.0	0.0	0.0	0.0	0.0	0.0	0.0	0.0	0.0
TPH2	Q8IWU9	True	TPH2_HUMAN	5-HT_byTPH2_and_SLC18A1	CPI-CS0F0B490F5	TPH2	0.009	0.0	0.0	0.0	0.0	0.0	0.0	0.0	0.0	0.0	0.0	0.0	0.0	0.0	0.0	0.0	0.0	0.0	0.0	0.0	0.0	0.0	0.0	0.0	0.0	0.0	0.0	0.0	0.0	0.0	0.0	0.0
TPH2	Q8IWU9	True	TPH2_HUMAN	5-HT_byTPH2_and_SLC18A1	CPI-CS00BD98DE0	TPH2	0.009	0.0	0.0	0.0	0.0	0.0	0.0	0.0	0.0	0.0	0.0	0.0	0.0	0.0	0.0	0.0	0.0	0.0	0.0	0.0	0.0	0.0	0.0	0.0	0.0	0.0	0.0	0.0	0.0	0.0	0.0	0.0
TPH2	Q8IWU9	True	TPH2_HUMAN	5-HT_byTPH2_and_SLC18A1	CPI-CS074DE2005	TPH2	0.009	0.0	0.0	0.0	0.0	0.0	0.0	0.0	0.0	0.0	0.0	0.0	0.0	0.0	0.0	0.0	0.0	0.0	0.0	0.0	0.0	0.0	0.0	0.0	0.0	0.0	0.0	0.0	0.0	0.0	0.0	0.0
TPH2	Q8IWU9	True	TPH2_HUMAN	5-HT_byTPH2_and_SLC18A1	CPI-CS0DA387E54	TPH2	0.009	0.0	0.0	0.0	0.0	0.0	0.0	0.0	0.0	0.0	0.0	0.0	0.0	0.0	0.0	0.0	0.0	0.0	0.0	0.0	0.0	0.0	0.0	0.0	0.0	0.0	0.0	0.0	0.0	0.0	0.0	0.0
TPH2	Q8IWU9	True	TPH2_HUMAN	5-HT_byTPH2_and_SLC18A1	CPI-CS09068835B	TPH2	0.009	0.0	0.0	0.0	0.0	0.0	0.0	0.0	0.0	0.0	0.0	0.0	0.0	0.0	0.0	0.0	0.0	0.0	0.0	0.0	0.0	0.0	0.0	0.0	0.0	0.0	0.0	0.0	0.0	0.0	0.0	0.0
TPH2	Q8IWU9	True	TPH2_HUMAN	5-HT_byTPH2_and_SLC18A1	CPI-CS03FD72BE3	TPH2	0.009	0.0	0.0	0.0	0.0	0.0	0.0	0.0	0.0	0.0	0.0	0.0	0.0	0.0	0.0	0.0	0.0	0.0	0.0	0.0	0.0	0.0	0.0	0.0	0.0	0.0	0.0	0.0	0.0	0.0	0.0	0.0
TPH2	Q8IWU9	True	TPH2_HUMAN	5-HT_byTPH2_and_SLC18A1	CPI-CS05EB7549F	TPH2	0.009	0.0	0.0	0.0	0.0	0.0	0.0	0.0	0.0	0.0	0.0	0.0	0.0	0.0	0.0	0.0	0.0	0.0	0.0	0.0	0.0	0.0	0.0	0.0	0.0	0.0	0.0	0.0	0.0	0.0	0.0	0.0
SLC18A1	P54219	True	VMAT1_HUMAN	5-HT_byTPH2_and_SLC18A1	CPI-CS0C94CDA03	SLC18A1	0.009	0.0	0.0	0.0	0.0	0.0	0.0	0.0	0.0	0.0	0.0	0.0	0.0	0.0	0.0	0.0	0.0	0.0	0.0	0.0	0.0	0.0	0.0	0.0	0.0	0.0	0.0	0.0	0.0	0.0	0.0	0.0
SLC18A1	P54219	True	VMAT1_HUMAN	5-HT_byTPH2_and_SLC18A1	CPI-CS0F0B490F5	SLC18A1	0.009	0.0	0.0	0.0	0.0	0.0	0.0	0.0	0.0	0.0	0.0	0.0	0.0	0.0	0.0	0.0	0.0	0.0	0.0	0.0	0.0	0.0	0.0	0.0	0.0	0.0	0.0	0.0	0.0	0.0	0.0	0.0
SLC18A1	P54219	True	VMAT1_HUMAN	5-HT_byTPH2_and_SLC18A1	CPI-CS00BD98DE0	SLC18A1	0.009	0.0	0.0	0.0	0.0	0.0	0.0	0.0	0.0	0.0	0.0	0.0	0.0	0.0	0.0	0.0	0.0	0.0	0.0	0.0	0.0	0.0	0.0	0.0	0.0	0.0	0.0	0.0	0.0	0.0	0.0	0.0
SLC18A1	P54219	True	VMAT1_HUMAN	5-HT_byTPH2_and_SLC18A1	CPI-CS074DE2005	SLC18A1	0.009	0.0	0.0	0.0	0.0	0.0	0.0	0.0	0.0	0.0	0.0	0.0	0.0	0.0	0.0	0.0	0.0	0.0	0.0	0.0	0.0	0.0	0.0	0.0	0.0	0.0	0.0	0.0	0.0	0.0	0.0	0.0
SLC18A1	P54219	True	VMAT1_HUMAN	5-HT_byTPH2_and_SLC18A1	CPI-CS0DA387E54	SLC18A1	0.009	0.0	0.0	0.0	0.0	0.0	0.0	0.0	0.0	0.0	0.0	0.0	0.0	0.0	0.0	0.0	0.0	0.0	0.0	0.0	0.0	0.0	0.0	0.0	0.0	0.0	0.0	0.0	0.0	0.0	0.0	0.0
SLC18A1	P54219	True	VMAT1_HUMAN	5-HT_byTPH2_and_SLC18A1	CPI-CS09068835B	SLC18A1	0.009	0.0	0.0	0.0	0.0	0.0	0.0	0.0	0.0	0.0	0.0	0.0	0.0	0.0	0.0	0.0	0.0	0.0	0.0	0.0	0.0	0.0	0.0	0.0	0.0	0.0	0.0	0.0	0.0	0.0	0.0	0.0
SLC18A1	P54219	True	VMAT1_HUMAN	5-HT_byTPH2_and_SLC18A1	CPI-CS03FD72BE3	SLC18A1	0.009	0.0	0.0	0.0	0.0	0.0	0.0	0.0	0.0	0.0	0.0	0.0	0.0	0.0	0.0	0.0	0.0	0.0	0.0	0.0	0.0	0.0	0.0	0.0	0.0	0.0	0.0	0.0	0.0	0.0	0.0	0.0
SLC18A1	P54219	True	VMAT1_HUMAN	5-HT_byTPH2_and_SLC18A1	CPI-CS05EB7549F	SLC18A1	0.009	0.0	0.0	0.0	0.0	0.0	0.0	0.0	0.0	0.0	0.0	0.0	0.0	0.0	0.0	0.0	0.0	0.0	0.0	0.0	0.0	0.0	0.0	0.0	0.0	0.0	0.0	0.0	0.0	0.0	0.0	0.0
TPH2	Q8IWU9	True	TPH2_HUMAN	5-HT_byTPH2_and_SLC18A2	CPI-CS0AD4E4479	TPH2	0.009	0.0	0.0	0.0	0.0	0.0	0.0	0.0	0.0	0.0	0.0	0.0	0.0	0.0	0.0	0.0	0.0	0.0	0.0	0.0	0.0	0.0	0.0	0.0	0.0	0.0	0.0	0.0	0.0	0.0	0.0	0.0
TPH2	Q8IWU9	True	TPH2_HUMAN	5-HT_byTPH2_and_SLC18A2	CPI-CS01C80FFD5	TPH2	0.009	0.0	0.0	0.0	0.0	0.0	0.0	0.0	0.0	0.0	0.0	0.0	0.0	0.0	0.0	0.0	0.0	0.0	0.0	0.0	0.0	0.0	0.0	0.0	0.0	0.0	0.0	0.0	0.0	0.0	0.0	0.0
TPH2	Q8IWU9	True	TPH2_HUMAN	5-HT_byTPH2_and_SLC18A2	CPI-CS0F3B46E17	TPH2	0.009	0.0	0.0	0.0	0.0	0.0	0.0	0.0	0.0	0.0	0.0	0.0	0.0	0.0	0.0	0.0	0.0	0.0	0.0	0.0	0.0	0.0	0.0	0.0	0.0	0.0	0.0	0.0	0.0	0.0	0.0	0.0
TPH2	Q8IWU9	True	TPH2_HUMAN	5-HT_byTPH2_and_SLC18A2	CPI-CS08A9A272D	TPH2	0.009	0.0	0.0	0.0	0.0	0.0	0.0	0.0	0.0	0.0	0.0	0.0	0.0	0.0	0.0	0.0	0.0	0.0	0.0	0.0	0.0	0.0	0.0	0.0	0.0	0.0	0.0	0.0	0.0	0.0	0.0	0.0
TPH2	Q8IWU9	True	TPH2_HUMAN	5-HT_byTPH2_and_SLC18A2	CPI-CS0C605AFB6	TPH2	0.009	0.0	0.0	0.0	0.0	0.0	0.0	0.0	0.0	0.0	0.0	0.0	0.0	0.0	0.0	0.0	0.0	0.0	0.0	0.0	0.0	0.0	0.0	0.0	0.0	0.0	0.0	0.0	0.0	0.0	0.0	0.0
TPH2	Q8IWU9	True	TPH2_HUMAN	5-HT_byTPH2_and_SLC18A2	CPI-CS0233F2354	TPH2	0.009	0.0	0.0	0.0	0.0	0.0	0.0	0.0	0.0	0.0	0.0	0.0	0.0	0.0	0.0	0.0	0.0	0.0	0.0	0.0	0.0	0.0	0.0	0.0	0.0	0.0	0.0	0.0	0.0	0.0	0.0	0.0
TPH2	Q8IWU9	True	TPH2_HUMAN	5-HT_byTPH2_and_SLC18A2	CPI-CS031EF306F	TPH2	0.009	0.0	0.0	0.0	0.0	0.0	0.0	0.0	0.0	0.0	0.0	0.0	0.0	0.0	0.0	0.0	0.0	0.0	0.0	0.0	0.0	0.0	0.0	0.0	0.0	0.0	0.0	0.0	0.0	0.0	0.0	0.0
TPH2	Q8IWU9	True	TPH2_HUMAN	5-HT_byTPH2_and_SLC18A2	CPI-CS0778BF832	TPH2	0.009	0.0	0.0	0.0	0.0	0.0	0.0	0.0	0.0	0.0	0.0	0.0	0.0	0.0	0.0	0.0	0.0	0.0	0.0	0.0	0.0	0.0	0.0	0.0	0.0	0.0	0.0	0.0	0.0	0.0	0.0	0.0
SLC18A2	Q05940	True	VMAT2_HUMAN	5-HT_byTPH2_and_SLC18A2	CPI-CS0AD4E4479	SLC18A2	0.009	0.0	0.0	0.0	0.0	0.0	0.0	0.0	0.0	0.0	0.0	0.0	0.0	0.0	0.0	0.0	0.0	0.0	0.0	0.0	0.0	0.0	0.0	0.0	0.0	0.0	0.0	0.0	0.0	0.0	0.0	0.0
SLC18A2	Q05940	True	VMAT2_HUMAN	5-HT_byTPH2_and_SLC18A2	CPI-CS01C80FFD5	SLC18A2	0.009	0.0	0.0	0.0	0.0	0.0	0.0	0.0	0.0	0.0	0.0	0.0	0.0	0.0	0.0	0.0	0.0	0.0	0.0	0.0	0.0	0.0	0.0	0.0	0.0	0.0	0.0	0.0	0.0	0.0	0.0	0.0
SLC18A2	Q05940	True	VMAT2_HUMAN	5-HT_byTPH2_and_SLC18A2	CPI-CS0F3B46E17	SLC18A2	0.009	0.0	0.0	0.0	0.0	0.0	0.0	0.0	0.0	0.0	0.0	0.0	0.0	0.0	0.0	0.0	0.0	0.0	0.0	0.0	0.0	0.0	0.0	0.0	0.0	0.0	0.0	0.0	0.0	0.0	0.0	0.0
SLC18A2	Q05940	True	VMAT2_HUMAN	5-HT_byTPH2_and_SLC18A2	CPI-CS08A9A272D	SLC18A2	0.009	0.0	0.0	0.0	0.0	0.0	0.0	0.0	0.0	0.0	0.0	0.0	0.0	0.0	0.0	0.0	0.0	0.0	0.0	0.0	0.0	0.0	0.0	0.0	0.0	0.0	0.0	0.0	0.0	0.0	0.0	0.0
SLC18A2	Q05940	True	VMAT2_HUMAN	5-HT_byTPH2_and_SLC18A2	CPI-CS0C605AFB6	SLC18A2	0.009	0.0	0.0	0.0	0.0	0.0	0.0	0.0	0.0	0.0	0.0	0.0	0.0	0.0	0.0	0.0	0.0	0.0	0.0	0.0	0.0	0.0	0.0	0.0	0.0	0.0	0.0	0.0	0.0	0.0	0.0	0.0
SLC18A2	Q05940	True	VMAT2_HUMAN	5-HT_byTPH2_and_SLC18A2	CPI-CS0233F2354	SLC18A2	0.009	0.0	0.0	0.0	0.0	0.0	0.0	0.0	0.0	0.0	0.0	0.0	0.0	0.0	0.0	0.0	0.0	0.0	0.0	0.0	0.0	0.0	0.0	0.0	0.0	0.0	0.0	0.0	0.0	0.0	0.0	0.0
SLC18A2	Q05940	True	VMAT2_HUMAN	5-HT_byTPH2_and_SLC18A2	CPI-CS031EF306F	SLC18A2	0.009	0.0	0.0	0.0	0.0	0.0	0.0	0.0	0.0	0.0	0.0	0.0	0.0	0.0	0.0	0.0	0.0	0.0	0.0	0.0	0.0	0.0	0.0	0.0	0.0	0.0	0.0	0.0	0.0	0.0	0.0	0.0
SLC18A2	Q05940	True	VMAT2_HUMAN	5-HT_byTPH2_and_SLC18A2	CPI-CS0778BF832	SLC18A2	0.009	0.0	0.0	0.0	0.0	0.0	0.0	0.0	0.0	0.0	0.0	0.0	0.0	0.0	0.0	0.0	0.0	0.0	0.0	0.0	0.0	0.0	0.0	0.0	0.0	0.0	0.0	0.0	0.0	0.0	0.0	0.0
SLC18A3	Q16572	True	VACHT_HUMAN	Acetylcholine_byCHAT_and_SLC18A3	CPI-CS0C30A92FB	SLC18A3	0.003	0.0	0.0	0.0	0.0	0.0	0.0	0.0	0.0	0.0	0.0	0.0	0.0	0.0	0.0	0.0	0.0	0.0	0.0	0.0	0.0	0.0	0.0	0.0	0.0	0.0	0.0	0.0	0.0	0.0	0.0	0.0
SLC18A3	Q16572	True	VACHT_HUMAN	Acetylcholine_byCHAT_and_SLC18A3	CPI-CS07BBA70D3	SLC18A3	0.003	0.0	0.0	0.0	0.0	0.0	0.0	0.0	0.0	0.0	0.0	0.0	0.0	0.0	0.0	0.0	0.0	0.0	0.0	0.0	0.0	0.0	0.0	0.0	0.0	0.0	0.0	0.0	0.0	0.0	0.0	0.0
SLC18A3	Q16572	True	VACHT_HUMAN	Acetylcholine_byCHAT_and_SLC18A3	CPI-CS078785C85	SLC18A3	0.003	0.0	0.0	0.0	0.0	0.0	0.0	0.0	0.0	0.0	0.0	0.0	0.0	0.0	0.0	0.0	0.0	0.0	0.0	0.0	0.0	0.0	0.0	0.0	0.0	0.0	0.0	0.0	0.0	0.0	0.0	0.0
SLC18A3	Q16572	True	VACHT_HUMAN	Acetylcholine_byCHAT_and_SLC18A3	CPI-CS063D618BD	SLC18A3	0.003	0.0	0.0	0.0	0.0	0.0	0.0	0.0	0.0	0.0	0.0	0.0	0.0	0.0	0.0	0.0	0.0	0.0	0.0	0.0	0.0	0.0	0.0	0.0	0.0	0.0	0.0	0.0	0.0	0.0	0.0	0.0
SLC18A3	Q16572	True	VACHT_HUMAN	Acetylcholine_byCHAT_and_SLC18A3	CPI-CC0A14A9CBC	SLC18A3	0.003	0.0	0.0	0.0	0.0	0.0	0.0	0.0	0.0	0.0	0.0	0.0	0.0	0.0	0.0	0.0	0.0	0.0	0.0	0.0	0.0	0.0	0.0	0.0	0.0	0.0	0.0	0.0	0.0	0.0	0.0	0.0
SLC18A3	Q16572	True	VACHT_HUMAN	Acetylcholine_byCHAT_and_SLC18A3	CPI-CC0A55D72E8	SLC18A3	0.003	0.0	0.0	0.0	0.0	0.0	0.0	0.0	0.0	0.0	0.0	0.0	0.0	0.0	0.0	0.0	0.0	0.0	0.0	0.0	0.0	0.0	0.0	0.0	0.0	0.0	0.0	0.0	0.0	0.0	0.0	0.0
CHAT	P28329	True	CLAT_HUMAN	Acetylcholine_byCHAT_and_SLC18A3	CPI-CS0C30A92FB	CHAT	0.003	0.0	0.0	0.0	0.0	0.0	0.0	0.0	0.0	0.0	0.0	0.0	0.0	0.0	0.0	0.0	0.0	0.0	0.0	0.0	0.0	0.0	0.0	0.0	0.0	0.0	0.0	0.0	0.0	0.0	0.0	0.0
CHAT	P28329	True	CLAT_HUMAN	Acetylcholine_byCHAT_and_SLC18A3	CPI-CS07BBA70D3	CHAT	0.003	0.0	0.0	0.0	0.0	0.0	0.0	0.0	0.0	0.0	0.0	0.0	0.0	0.0	0.0	0.0	0.0	0.0	0.0	0.0	0.0	0.0	0.0	0.0	0.0	0.0	0.0	0.0	0.0	0.0	0.0	0.0
CHAT	P28329	True	CLAT_HUMAN	Acetylcholine_byCHAT_and_SLC18A3	CPI-CS078785C85	CHAT	0.003	0.0	0.0	0.0	0.0	0.0	0.0	0.0	0.0	0.0	0.0	0.0	0.0	0.0	0.0	0.0	0.0	0.0	0.0	0.0	0.0	0.0	0.0	0.0	0.0	0.0	0.0	0.0	0.0	0.0	0.0	0.0
CHAT	P28329	True	CLAT_HUMAN	Acetylcholine_byCHAT_and_SLC18A3	CPI-CS063D618BD	CHAT	0.003	0.0	0.0	0.0	0.0	0.0	0.0	0.0	0.0	0.0	0.0	0.0	0.0	0.0	0.0	0.0	0.0	0.0	0.0	0.0	0.0	0.0	0.0	0.0	0.0	0.0	0.0	0.0	0.0	0.0	0.0	0.0
CHAT	P28329	True	CLAT_HUMAN	Acetylcholine_byCHAT_and_SLC18A3	CPI-CC0A14A9CBC	CHAT	0.003	0.0	0.0	0.0	0.0	0.0	0.0	0.0	0.0	0.0	0.0	0.0	0.0	0.0	0.0	0.0	0.0	0.0	0.0	0.0	0.0	0.0	0.0	0.0	0.0	0.0	0.0	0.0	0.0	0.0	0.0	0.0
CHAT	P28329	True	CLAT_HUMAN	Acetylcholine_byCHAT_and_SLC18A3	CPI-CC0A55D72E8	CHAT	0.003	0.0	0.0	0.0	0.0	0.0	0.0	0.0	0.0	0.0	0.0	0.0	0.0	0.0	0.0	0.0	0.0	0.0	0.0	0.0	0.0	0.0	0.0	0.0	0.0	0.0	0.0	0.0	0.0	0.0	0.0	0.0
SLC5A7	Q9GZV3	True	SC5A7_HUMAN	Acetylcholine_byCHAT_and_SLC5A7	CPI-CS0DBFDDA4A	SLC5A7	0.003	0.0	0.0	0.0	0.0	0.0	0.0	0.0	0.0	0.0	0.0	0.0	0.0	0.0	0.0	0.0	0.0	0.0	0.0	0.0	0.0	0.0	0.0	0.0	0.0	0.0	0.0	0.0	0.0	0.0	0.0	0.0
SLC5A7	Q9GZV3	True	SC5A7_HUMAN	Acetylcholine_byCHAT_and_SLC5A7	CPI-CS08FB3D7C0	SLC5A7	0.003	0.0	0.0	0.0	0.0	0.0	0.0	0.0	0.0	0.0	0.0	0.0	0.0	0.0	0.0	0.0	0.0	0.0	0.0	0.0	0.0	0.0	0.0	0.0	0.0	0.0	0.0	0.0	0.0	0.0	0.0	0.0
SLC5A7	Q9GZV3	True	SC5A7_HUMAN	Acetylcholine_byCHAT_and_SLC5A7	CPI-CS0E5853674	SLC5A7	0.003	0.0	0.0	0.0	0.0	0.0	0.0	0.0	0.0	0.0	0.0	0.0	0.0	0.0	0.0	0.0	0.0	0.0	0.0	0.0	0.0	0.0	0.0	0.0	0.0	0.0	0.0	0.0	0.0	0.0	0.0	0.0
SLC5A7	Q9GZV3	True	SC5A7_HUMAN	Acetylcholine_byCHAT_and_SLC5A7	CPI-CS067CF9C74	SLC5A7	0.003	0.0	0.0	0.0	0.0	0.0	0.0	0.0	0.0	0.0	0.0	0.0	0.0	0.0	0.0	0.0	0.0	0.0	0.0	0.0	0.0	0.0	0.0	0.0	0.0	0.0	0.0	0.0	0.0	0.0	0.0	0.0
SLC5A7	Q9GZV3	True	SC5A7_HUMAN	Acetylcholine_byCHAT_and_SLC5A7	CPI-CC055FABA12	SLC5A7	0.003	0.0	0.0	0.0	0.0	0.0	0.0	0.0	0.0	0.0	0.0	0.0	0.0	0.0	0.0	0.0	0.0	0.0	0.0	0.0	0.0	0.0	0.0	0.0	0.0	0.0	0.0	0.0	0.0	0.0	0.0	0.0
SLC5A7	Q9GZV3	True	SC5A7_HUMAN	Acetylcholine_byCHAT_and_SLC5A7	CPI-CC0A4E09DEF	SLC5A7	0.003	0.0	0.0	0.0	0.0	0.0	0.0	0.0	0.0	0.0	0.0	0.0	0.0	0.0	0.0	0.0	0.0	0.0	0.0	0.0	0.0	0.0	0.0	0.0	0.0	0.0	0.0	0.0	0.0	0.0	0.0	0.0
CHAT	P28329	True	CLAT_HUMAN	Acetylcholine_byCHAT_and_SLC5A7	CPI-CS0DBFDDA4A	CHAT	0.003	0.0	0.0	0.0	0.0	0.0	0.0	0.0	0.0	0.0	0.0	0.0	0.0	0.0	0.0	0.0	0.0	0.0	0.0	0.0	0.0	0.0	0.0	0.0	0.0	0.0	0.0	0.0	0.0	0.0	0.0	0.0
CHAT	P28329	True	CLAT_HUMAN	Acetylcholine_byCHAT_and_SLC5A7	CPI-CS08FB3D7C0	CHAT	0.003	0.0	0.0	0.0	0.0	0.0	0.0	0.0	0.0	0.0	0.0	0.0	0.0	0.0	0.0	0.0	0.0	0.0	0.0	0.0	0.0	0.0	0.0	0.0	0.0	0.0	0.0	0.0	0.0	0.0	0.0	0.0
CHAT	P28329	True	CLAT_HUMAN	Acetylcholine_byCHAT_and_SLC5A7	CPI-CS0E5853674	CHAT	0.003	0.0	0.0	0.0	0.0	0.0	0.0	0.0	0.0	0.0	0.0	0.0	0.0	0.0	0.0	0.0	0.0	0.0	0.0	0.0	0.0	0.0	0.0	0.0	0.0	0.0	0.0	0.0	0.0	0.0	0.0	0.0
CHAT	P28329	True	CLAT_HUMAN	Acetylcholine_byCHAT_and_SLC5A7	CPI-CS067CF9C74	CHAT	0.003	0.0	0.0	0.0	0.0	0.0	0.0	0.0	0.0	0.0	0.0	0.0	0.0	0.0	0.0	0.0	0.0	0.0	0.0	0.0	0.0	0.0	0.0	0.0	0.0	0.0	0.0	0.0	0.0	0.0	0.0	0.0
CHAT	P28329	True	CLAT_HUMAN	Acetylcholine_byCHAT_and_SLC5A7	CPI-CC055FABA12	CHAT	0.003	0.0	0.0	0.0	0.0	0.0	0.0	0.0	0.0	0.0	0.0	0.0	0.0	0.0	0.0	0.0	0.0	0.0	0.0	0.0	0.0	0.0	0.0	0.0	0.0	0.0	0.0	0.0	0.0	0.0	0.0	0.0
CHAT	P28329	True	CLAT_HUMAN	Acetylcholine_byCHAT_and_SLC5A7	CPI-CC0A4E09DEF	CHAT	0.003	0.0	0.0	0.0	0.0	0.0	0.0	0.0	0.0	0.0	0.0	0.0	0.0	0.0	0.0	0.0	0.0	0.0	0.0	0.0	0.0	0.0	0.0	0.0	0.0	0.0	0.0	0.0	0.0	0.0	0.0	0.0
SLC29A1	Q99808	True	S29A1_HUMAN	Adenosine_byNT5E_and_SLC29A1	CPI-CS064B4FE21	SLC29A1	0.005	0.013	0.0	0.0	0.0	0.0	0.0	0.0	0.0	0.0	0.0	0.03	0.0	0.0	0.009	0.0	0.0	0.0	0.0	0.072	0.0	0.0	0.0	0.0	0.0	0.025	0.02	0.0	0.0	0.0	0.011	0.043
SLC29A1	Q99808	True	S29A1_HUMAN	Adenosine_byNT5E_and_SLC29A1	CPI-CS056D84EB8	SLC29A1	0.005	0.013	0.0	0.0	0.0	0.0	0.0	0.0	0.0	0.0	0.0	0.03	0.0	0.0	0.009	0.0	0.0	0.0	0.0	0.072	0.0	0.0	0.0	0.0	0.0	0.025	0.02	0.0	0.0	0.0	0.011	0.043
SLC29A1	Q99808	True	S29A1_HUMAN	Adenosine_byNT5E_and_SLC29A1	CPI-CS07905F8F4	SLC29A1	0.005	0.013	0.0	0.0	0.0	0.0	0.0	0.0	0.0	0.0	0.0	0.03	0.0	0.0	0.009	0.0	0.0	0.0	0.0	0.072	0.0	0.0	0.0	0.0	0.0	0.025	0.02	0.0	0.0	0.0	0.011	0.043
NT5E	P21589	True	5NTD_HUMAN	Adenosine_byNT5E_and_SLC29A1	CPI-CS064B4FE21	NT5E	0.005	0.013	0.0	0.0	0.0	0.0	0.0	0.0	0.0	0.0	0.0	0.03	0.0	0.0	0.009	0.0	0.0	0.0	0.0	0.072	0.0	0.0	0.0	0.0	0.0	0.025	0.02	0.0	0.0	0.0	0.011	0.043
NT5E	P21589	True	5NTD_HUMAN	Adenosine_byNT5E_and_SLC29A1	CPI-CS056D84EB8	NT5E	0.005	0.013	0.0	0.0	0.0	0.0	0.0	0.0	0.0	0.0	0.0	0.03	0.0	0.0	0.009	0.0	0.0	0.0	0.0	0.072	0.0	0.0	0.0	0.0	0.0	0.025	0.02	0.0	0.0	0.0	0.011	0.043
NT5E	P21589	True	5NTD_HUMAN	Adenosine_byNT5E_and_SLC29A1	CPI-CS07905F8F4	NT5E	0.005	0.013	0.0	0.0	0.0	0.0	0.0	0.0	0.0	0.0	0.0	0.03	0.0	0.0	0.009	0.0	0.0	0.0	0.0	0.072	0.0	0.0	0.0	0.0	0.0	0.025	0.02	0.0	0.0	0.0	0.011	0.043
SLC29A2	Q14542	True	S29A2_HUMAN	Adenosine_byNT5E_and_SLC29A2	CPI-CS0BCAA5227	SLC29A2	0.005	0.013	0.0	0.0	0.0	0.0	0.0	0.036	0.0	0.0	0.0	0.03	0.341	0.0	0.058	0.0	0.0	0.0	0.0	0.072	0.0	0.0	0.0	0.0	0.0	0.025	0.108	0.0	0.0	0.0	0.011	0.041
SLC29A2	Q14542	True	S29A2_HUMAN	Adenosine_byNT5E_and_SLC29A2	CPI-CS0FDA0F596	SLC29A2	0.005	0.013	0.0	0.0	0.0	0.0	0.0	0.036	0.0	0.0	0.0	0.03	0.341	0.0	0.058	0.0	0.0	0.0	0.0	0.072	0.0	0.0	0.0	0.0	0.0	0.025	0.108	0.0	0.0	0.0	0.011	0.041
SLC29A2	Q14542	True	S29A2_HUMAN	Adenosine_byNT5E_and_SLC29A2	CPI-CS04EFAFF1F	SLC29A2	0.005	0.013	0.0	0.0	0.0	0.0	0.0	0.036	0.0	0.0	0.0	0.03	0.341	0.0	0.058	0.0	0.0	0.0	0.0	0.072	0.0	0.0	0.0	0.0	0.0	0.025	0.108	0.0	0.0	0.0	0.011	0.041
NT5E	P21589	True	5NTD_HUMAN	Adenosine_byNT5E_and_SLC29A2	CPI-CS0BCAA5227	NT5E	0.005	0.013	0.0	0.0	0.0	0.0	0.0	0.036	0.0	0.0	0.0	0.03	0.341	0.0	0.058	0.0	0.0	0.0	0.0	0.072	0.0	0.0	0.0	0.0	0.0	0.025	0.108	0.0	0.0	0.0	0.011	0.041
NT5E	P21589	True	5NTD_HUMAN	Adenosine_byNT5E_and_SLC29A2	CPI-CS0FDA0F596	NT5E	0.005	0.013	0.0	0.0	0.0	0.0	0.0	0.036	0.0	0.0	0.0	0.03	0.341	0.0	0.058	0.0	0.0	0.0	0.0	0.072	0.0	0.0	0.0	0.0	0.0	0.025	0.108	0.0	0.0	0.0	0.011	0.041
NT5E	P21589	True	5NTD_HUMAN	Adenosine_byNT5E_and_SLC29A2	CPI-CS04EFAFF1F	NT5E	0.005	0.013	0.0	0.0	0.0	0.0	0.0	0.036	0.0	0.0	0.0	0.03	0.341	0.0	0.058	0.0	0.0	0.0	0.0	0.072	0.0	0.0	0.0	0.0	0.0	0.025	0.108	0.0	0.0	0.0	0.011	0.041
SLC29A3	Q9BZD2	True	S29A3_HUMAN	Adenosine_byNT5E_and_SLC29A3	CPI-CS0517F9783	SLC29A3	0.005	0.0	0.0	0.0	0.0	0.0	0.0	0.036	0.0	0.0	0.0	0.0	0.0	0.0	0.0	0.0	0.0	0.0	0.0	0.0	0.0	0.0	0.0	0.0	0.0	0.0	0.034	0.0	0.0	0.0	0.011	0.0
SLC29A3	Q9BZD2	True	S29A3_HUMAN	Adenosine_byNT5E_and_SLC29A3	CPI-CS0F865E648	SLC29A3	0.005	0.0	0.0	0.0	0.0	0.0	0.0	0.036	0.0	0.0	0.0	0.0	0.0	0.0	0.0	0.0	0.0	0.0	0.0	0.0	0.0	0.0	0.0	0.0	0.0	0.0	0.034	0.0	0.0	0.0	0.011	0.0
SLC29A3	Q9BZD2	True	S29A3_HUMAN	Adenosine_byNT5E_and_SLC29A3	CPI-CS08D35C881	SLC29A3	0.005	0.0	0.0	0.0	0.0	0.0	0.0	0.036	0.0	0.0	0.0	0.0	0.0	0.0	0.0	0.0	0.0	0.0	0.0	0.0	0.0	0.0	0.0	0.0	0.0	0.0	0.034	0.0	0.0	0.0	0.011	0.0
NT5E	P21589	True	5NTD_HUMAN	Adenosine_byNT5E_and_SLC29A3	CPI-CS0517F9783	NT5E	0.005	0.0	0.0	0.0	0.0	0.0	0.0	0.036	0.0	0.0	0.0	0.0	0.0	0.0	0.0	0.0	0.0	0.0	0.0	0.0	0.0	0.0	0.0	0.0	0.0	0.0	0.034	0.0	0.0	0.0	0.011	0.0
NT5E	P21589	True	5NTD_HUMAN	Adenosine_byNT5E_and_SLC29A3	CPI-CS0F865E648	NT5E	0.005	0.0	0.0	0.0	0.0	0.0	0.0	0.036	0.0	0.0	0.0	0.0	0.0	0.0	0.0	0.0	0.0	0.0	0.0	0.0	0.0	0.0	0.0	0.0	0.0	0.0	0.034	0.0	0.0	0.0	0.011	0.0
NT5E	P21589	True	5NTD_HUMAN	Adenosine_byNT5E_and_SLC29A3	CPI-CS08D35C881	NT5E	0.005	0.0	0.0	0.0	0.0	0.0	0.0	0.036	0.0	0.0	0.0	0.0	0.0	0.0	0.0	0.0	0.0	0.0	0.0	0.0	0.0	0.0	0.0	0.0	0.0	0.0	0.034	0.0	0.0	0.0	0.011	0.0
SLC29A4	Q7RTT9	True	S29A4_HUMAN	Adenosine_byNT5E_and_SLC29A4	CPI-CS0521FD886	SLC29A4	0.005	0.013	0.0	0.0	0.0	0.0	0.0	0.036	0.0	0.0	0.0	0.0	0.0	0.0	0.009	0.0	0.0	0.0	0.0	0.072	0.0	0.0	0.0	0.0	0.0	0.025	0.127	0.0	0.0	0.0	0.011	0.043
SLC29A4	Q7RTT9	True	S29A4_HUMAN	Adenosine_byNT5E_and_SLC29A4	CPI-CS028B98B8F	SLC29A4	0.005	0.013	0.0	0.0	0.0	0.0	0.0	0.036	0.0	0.0	0.0	0.0	0.0	0.0	0.009	0.0	0.0	0.0	0.0	0.072	0.0	0.0	0.0	0.0	0.0	0.025	0.127	0.0	0.0	0.0	0.011	0.043
SLC29A4	Q7RTT9	True	S29A4_HUMAN	Adenosine_byNT5E_and_SLC29A4	CPI-CS0F953F172	SLC29A4	0.005	0.013	0.0	0.0	0.0	0.0	0.0	0.036	0.0	0.0	0.0	0.0	0.0	0.0	0.009	0.0	0.0	0.0	0.0	0.072	0.0	0.0	0.0	0.0	0.0	0.025	0.127	0.0	0.0	0.0	0.011	0.043
NT5E	P21589	True	5NTD_HUMAN	Adenosine_byNT5E_and_SLC29A4	CPI-CS0521FD886	NT5E	0.005	0.013	0.0	0.0	0.0	0.0	0.0	0.036	0.0	0.0	0.0	0.0	0.0	0.0	0.009	0.0	0.0	0.0	0.0	0.072	0.0	0.0	0.0	0.0	0.0	0.025	0.127	0.0	0.0	0.0	0.011	0.043
NT5E	P21589	True	5NTD_HUMAN	Adenosine_byNT5E_and_SLC29A4	CPI-CS028B98B8F	NT5E	0.005	0.013	0.0	0.0	0.0	0.0	0.0	0.036	0.0	0.0	0.0	0.0	0.0	0.0	0.009	0.0	0.0	0.0	0.0	0.072	0.0	0.0	0.0	0.0	0.0	0.025	0.127	0.0	0.0	0.0	0.011	0.043
NT5E	P21589	True	5NTD_HUMAN	Adenosine_byNT5E_and_SLC29A4	CPI-CS0F953F172	NT5E	0.005	0.013	0.0	0.0	0.0	0.0	0.0	0.036	0.0	0.0	0.0	0.0	0.0	0.0	0.009	0.0	0.0	0.0	0.0	0.072	0.0	0.0	0.0	0.0	0.0	0.025	0.127	0.0	0.0	0.0	0.011	0.043
POMC	P01189	True	COLI_HUMAN	b-Endorphin_byPOMC	CPI-CS005209739	POMC	0.009	0.013	0.0	0.0	0.0	0.0	0.0	0.046	0.039	0.0	0.018	0.0	0.0	0.038	0.0	0.0	0.0	0.024	0.0	0.0	0.0	0.0	0.121	0.0	0.0	0.073	0.0	0.046	0.037	0.0	0.011	0.0
POMC	P01189	True	COLI_HUMAN	b-Endorphin_byPOMC	CPI-CS040CDD259	POMC	0.009	0.013	0.0	0.0	0.0	0.0	0.0	0.046	0.039	0.0	0.018	0.0	0.0	0.038	0.0	0.0	0.0	0.024	0.0	0.0	0.0	0.0	0.121	0.0	0.0	0.073	0.0	0.046	0.037	0.0	0.011	0.0
POMC	P01189	True	COLI_HUMAN	b-Endorphin_byPOMC	CPI-CS0FFD6263C	POMC	0.009	0.013	0.0	0.0	0.0	0.0	0.0	0.046	0.039	0.0	0.018	0.0	0.0	0.038	0.0	0.0	0.0	0.024	0.0	0.0	0.0	0.0	0.121	0.0	0.0	0.073	0.0	0.046	0.037	0.0	0.011	0.0
DDC	P20711	True	DDC_HUMAN	Dopamine_byDDC_and_SLC18A1	CPI-CS05C6641C3	DDC	0.025	0.0	0.0	0.0	0.0	0.0	0.0	0.0	0.0	0.0	0.0	0.0	0.0	0.0	0.0	0.0	0.0	0.0	0.0	0.0	0.0	0.0	0.0	0.0	0.0	0.0	0.0	0.027	0.06	0.0	0.0	0.016
DDC	P20711	True	DDC_HUMAN	Dopamine_byDDC_and_SLC18A1	CPI-CS0DEA717AA	DDC	0.025	0.0	0.0	0.0	0.0	0.0	0.0	0.0	0.0	0.0	0.0	0.0	0.0	0.0	0.0	0.0	0.0	0.0	0.0	0.0	0.0	0.0	0.0	0.0	0.0	0.0	0.0	0.027	0.06	0.0	0.0	0.016
DDC	P20711	True	DDC_HUMAN	Dopamine_byDDC_and_SLC18A1	CPI-CS0398DD932	DDC	0.025	0.0	0.0	0.0	0.0	0.0	0.0	0.0	0.0	0.0	0.0	0.0	0.0	0.0	0.0	0.0	0.0	0.0	0.0	0.0	0.0	0.0	0.0	0.0	0.0	0.0	0.0	0.027	0.06	0.0	0.0	0.016
SLC18A1	P54219	True	VMAT1_HUMAN	Dopamine_byDDC_and_SLC18A1	CPI-CS05C6641C3	SLC18A1	0.025	0.0	0.0	0.0	0.0	0.0	0.0	0.0	0.0	0.0	0.0	0.0	0.0	0.0	0.0	0.0	0.0	0.0	0.0	0.0	0.0	0.0	0.0	0.0	0.0	0.0	0.0	0.027	0.06	0.0	0.0	0.016
SLC18A1	P54219	True	VMAT1_HUMAN	Dopamine_byDDC_and_SLC18A1	CPI-CS0DEA717AA	SLC18A1	0.025	0.0	0.0	0.0	0.0	0.0	0.0	0.0	0.0	0.0	0.0	0.0	0.0	0.0	0.0	0.0	0.0	0.0	0.0	0.0	0.0	0.0	0.0	0.0	0.0	0.0	0.0	0.027	0.06	0.0	0.0	0.016
SLC18A1	P54219	True	VMAT1_HUMAN	Dopamine_byDDC_and_SLC18A1	CPI-CS0398DD932	SLC18A1	0.025	0.0	0.0	0.0	0.0	0.0	0.0	0.0	0.0	0.0	0.0	0.0	0.0	0.0	0.0	0.0	0.0	0.0	0.0	0.0	0.0	0.0	0.0	0.0	0.0	0.0	0.0	0.027	0.06	0.0	0.0	0.016
DDC	P20711	True	DDC_HUMAN	Dopamine_byDDC_and_SLC18A2	CPI-CS04B5BF177	DDC	0.025	0.0	0.0	0.0	0.0	0.0	0.0	0.0	0.0	0.0	0.0	0.0	0.0	0.0	0.0	0.0	0.0	0.0	0.0	0.0	0.0	0.139	0.0	0.0	0.0	0.0	0.0	0.027	0.093	0.0	0.0	0.016
DDC	P20711	True	DDC_HUMAN	Dopamine_byDDC_and_SLC18A2	CPI-CS02C89A362	DDC	0.025	0.0	0.0	0.0	0.0	0.0	0.0	0.0	0.0	0.0	0.0	0.0	0.0	0.0	0.0	0.0	0.0	0.0	0.0	0.0	0.0	0.139	0.0	0.0	0.0	0.0	0.0	0.027	0.093	0.0	0.0	0.016
DDC	P20711	True	DDC_HUMAN	Dopamine_byDDC_and_SLC18A2	CPI-CS039F33B17	DDC	0.025	0.0	0.0	0.0	0.0	0.0	0.0	0.0	0.0	0.0	0.0	0.0	0.0	0.0	0.0	0.0	0.0	0.0	0.0	0.0	0.0	0.139	0.0	0.0	0.0	0.0	0.0	0.027	0.093	0.0	0.0	0.016
SLC18A2	Q05940	True	VMAT2_HUMAN	Dopamine_byDDC_and_SLC18A2	CPI-CS04B5BF177	SLC18A2	0.025	0.0	0.0	0.0	0.0	0.0	0.0	0.0	0.0	0.0	0.0	0.0	0.0	0.0	0.0	0.0	0.0	0.0	0.0	0.0	0.0	0.139	0.0	0.0	0.0	0.0	0.0	0.027	0.093	0.0	0.0	0.016
SLC18A2	Q05940	True	VMAT2_HUMAN	Dopamine_byDDC_and_SLC18A2	CPI-CS02C89A362	SLC18A2	0.025	0.0	0.0	0.0	0.0	0.0	0.0	0.0	0.0	0.0	0.0	0.0	0.0	0.0	0.0	0.0	0.0	0.0	0.0	0.0	0.0	0.139	0.0	0.0	0.0	0.0	0.0	0.027	0.093	0.0	0.0	0.016
SLC18A2	Q05940	True	VMAT2_HUMAN	Dopamine_byDDC_and_SLC18A2	CPI-CS039F33B17	SLC18A2	0.025	0.0	0.0	0.0	0.0	0.0	0.0	0.0	0.0	0.0	0.0	0.0	0.0	0.0	0.0	0.0	0.0	0.0	0.0	0.0	0.0	0.139	0.0	0.0	0.0	0.0	0.0	0.027	0.093	0.0	0.0	0.016
SLC32A1	Q9H598	True	VIAAT_HUMAN	GABA_byGAD1_and_SLC32A1	CPI-CS0CE0C5AF0	SLC32A1	1.74	0.078	0.275	0.102	0.078	1.877	0.111	0.135	0.0	0.12	1.373	0.044	0.18	0.0	0.082	0.205	0.0	0.067	0.38	2.371	0.069	0.348	0.538	2.251	0.0	1.588	0.037	0.057	0.919	0.116	0.183	0.804
SLC32A1	Q9H598	True	VIAAT_HUMAN	GABA_byGAD1_and_SLC32A1	CPI-CS0FA38E530	SLC32A1	1.74	0.078	0.275	0.102	0.078	1.877	0.111	0.135	0.0	0.12	1.373	0.044	0.18	0.0	0.082	0.205	0.0	0.067	0.38	2.371	0.069	0.348	0.538	2.251	0.0	1.588	0.037	0.057	0.919	0.116	0.183	0.804
SLC32A1	Q9H598	True	VIAAT_HUMAN	GABA_byGAD1_and_SLC32A1	CPI-CC09C521706	SLC32A1	1.74	0.078	0.275	0.102	0.078	1.877	0.111	0.135	0.0	0.12	1.373	0.044	0.18	0.0	0.082	0.205	0.0	0.067	0.38	2.371	0.069	0.348	0.538	2.251	0.0	1.588	0.037	0.057	0.919	0.116	0.183	0.804
SLC32A1	Q9H598	True	VIAAT_HUMAN	GABA_byGAD1_and_SLC32A1	CPI-CC0990A372B	SLC32A1	1.74	0.078	0.275	0.102	0.078	1.877	0.111	0.135	0.0	0.12	1.373	0.044	0.18	0.0	0.082	0.205	0.0	0.067	0.38	2.371	0.069	0.348	0.538	2.251	0.0	1.588	0.037	0.057	0.919	0.116	0.183	0.804
SLC32A1	Q9H598	True	VIAAT_HUMAN	GABA_byGAD1_and_SLC32A1	CPI-CC0392C7337	SLC32A1	1.74	0.078	0.275	0.102	0.078	1.877	0.111	0.135	0.0	0.12	1.373	0.044	0.18	0.0	0.082	0.205	0.0	0.067	0.38	2.371	0.069	0.348	0.538	2.251	0.0	1.588	0.037	0.057	0.919	0.116	0.183	0.804
SLC32A1	Q9H598	True	VIAAT_HUMAN	GABA_byGAD1_and_SLC32A1	CPI-CC0CAFBA656	SLC32A1	1.74	0.078	0.275	0.102	0.078	1.877	0.111	0.135	0.0	0.12	1.373	0.044	0.18	0.0	0.082	0.205	0.0	0.067	0.38	2.371	0.069	0.348	0.538	2.251	0.0	1.588	0.037	0.057	0.919	0.116	0.183	0.804
SLC32A1	Q9H598	True	VIAAT_HUMAN	GABA_byGAD1_and_SLC32A1	CPI-CC0608D4CA8	SLC32A1	1.74	0.078	0.275	0.102	0.078	1.877	0.111	0.135	0.0	0.12	1.373	0.044	0.18	0.0	0.082	0.205	0.0	0.067	0.38	2.371	0.069	0.348	0.538	2.251	0.0	1.588	0.037	0.057	0.919	0.116	0.183	0.804
SLC32A1	Q9H598	True	VIAAT_HUMAN	GABA_byGAD1_and_SLC32A1	CPI-CC0F8CB8104	SLC32A1	1.74	0.078	0.275	0.102	0.078	1.877	0.111	0.135	0.0	0.12	1.373	0.044	0.18	0.0	0.082	0.205	0.0	0.067	0.38	2.371	0.069	0.348	0.538	2.251	0.0	1.588	0.037	0.057	0.919	0.116	0.183	0.804
SLC32A1	Q9H598	True	VIAAT_HUMAN	GABA_byGAD1_and_SLC32A1	CPI-CC035C82A9B	SLC32A1	1.74	0.078	0.275	0.102	0.078	1.877	0.111	0.135	0.0	0.12	1.373	0.044	0.18	0.0	0.082	0.205	0.0	0.067	0.38	2.371	0.069	0.348	0.538	2.251	0.0	1.588	0.037	0.057	0.919	0.116	0.183	0.804
SLC32A1	Q9H598	True	VIAAT_HUMAN	GABA_byGAD1_and_SLC32A1	CPI-CC0B77A9502	SLC32A1	1.74	0.078	0.275	0.102	0.078	1.877	0.111	0.135	0.0	0.12	1.373	0.044	0.18	0.0	0.082	0.205	0.0	0.067	0.38	2.371	0.069	0.348	0.538	2.251	0.0	1.588	0.037	0.057	0.919	0.116	0.183	0.804
SLC32A1	Q9H598	True	VIAAT_HUMAN	GABA_byGAD1_and_SLC32A1	CPI-CC07BC9E69C	SLC32A1	1.74	0.078	0.275	0.102	0.078	1.877	0.111	0.135	0.0	0.12	1.373	0.044	0.18	0.0	0.082	0.205	0.0	0.067	0.38	2.371	0.069	0.348	0.538	2.251	0.0	1.588	0.037	0.057	0.919	0.116	0.183	0.804
SLC32A1	Q9H598	True	VIAAT_HUMAN	GABA_byGAD1_and_SLC32A1	CPI-CC021D4CBC2	SLC32A1	1.74	0.078	0.275	0.102	0.078	1.877	0.111	0.135	0.0	0.12	1.373	0.044	0.18	0.0	0.082	0.205	0.0	0.067	0.38	2.371	0.069	0.348	0.538	2.251	0.0	1.588	0.037	0.057	0.919	0.116	0.183	0.804
SLC32A1	Q9H598	True	VIAAT_HUMAN	GABA_byGAD1_and_SLC32A1	CPI-CC0836120E7	SLC32A1	1.74	0.078	0.275	0.102	0.078	1.877	0.111	0.135	0.0	0.12	1.373	0.044	0.18	0.0	0.082	0.205	0.0	0.067	0.38	2.371	0.069	0.348	0.538	2.251	0.0	1.588	0.037	0.057	0.919	0.116	0.183	0.804
SLC32A1	Q9H598	True	VIAAT_HUMAN	GABA_byGAD1_and_SLC32A1	CPI-CC0B41182ED	SLC32A1	1.74	0.078	0.275	0.102	0.078	1.877	0.111	0.135	0.0	0.12	1.373	0.044	0.18	0.0	0.082	0.205	0.0	0.067	0.38	2.371	0.069	0.348	0.538	2.251	0.0	1.588	0.037	0.057	0.919	0.116	0.183	0.804
SLC32A1	Q9H598	True	VIAAT_HUMAN	GABA_byGAD1_and_SLC32A1	CPI-CC0B9F66E8C	SLC32A1	1.74	0.078	0.275	0.102	0.078	1.877	0.111	0.135	0.0	0.12	1.373	0.044	0.18	0.0	0.082	0.205	0.0	0.067	0.38	2.371	0.069	0.348	0.538	2.251	0.0	1.588	0.037	0.057	0.919	0.116	0.183	0.804
GAD1	Q99259	True	DCE1_HUMAN	GABA_byGAD1_and_SLC32A1	CPI-CS0CE0C5AF0	GAD1	1.74	0.078	0.275	0.102	0.078	1.877	0.111	0.135	0.0	0.12	1.373	0.044	0.18	0.0	0.082	0.205	0.0	0.067	0.38	2.371	0.069	0.348	0.538	2.251	0.0	1.588	0.037	0.057	0.919	0.116	0.183	0.804
GAD1	Q99259	True	DCE1_HUMAN	GABA_byGAD1_and_SLC32A1	CPI-CS0FA38E530	GAD1	1.74	0.078	0.275	0.102	0.078	1.877	0.111	0.135	0.0	0.12	1.373	0.044	0.18	0.0	0.082	0.205	0.0	0.067	0.38	2.371	0.069	0.348	0.538	2.251	0.0	1.588	0.037	0.057	0.919	0.116	0.183	0.804
GAD1	Q99259	True	DCE1_HUMAN	GABA_byGAD1_and_SLC32A1	CPI-CC09C521706	GAD1	1.74	0.078	0.275	0.102	0.078	1.877	0.111	0.135	0.0	0.12	1.373	0.044	0.18	0.0	0.082	0.205	0.0	0.067	0.38	2.371	0.069	0.348	0.538	2.251	0.0	1.588	0.037	0.057	0.919	0.116	0.183	0.804
GAD1	Q99259	True	DCE1_HUMAN	GABA_byGAD1_and_SLC32A1	CPI-CC0990A372B	GAD1	1.74	0.078	0.275	0.102	0.078	1.877	0.111	0.135	0.0	0.12	1.373	0.044	0.18	0.0	0.082	0.205	0.0	0.067	0.38	2.371	0.069	0.348	0.538	2.251	0.0	1.588	0.037	0.057	0.919	0.116	0.183	0.804
GAD1	Q99259	True	DCE1_HUMAN	GABA_byGAD1_and_SLC32A1	CPI-CC0392C7337	GAD1	1.74	0.078	0.275	0.102	0.078	1.877	0.111	0.135	0.0	0.12	1.373	0.044	0.18	0.0	0.082	0.205	0.0	0.067	0.38	2.371	0.069	0.348	0.538	2.251	0.0	1.588	0.037	0.057	0.919	0.116	0.183	0.804
GAD1	Q99259	True	DCE1_HUMAN	GABA_byGAD1_and_SLC32A1	CPI-CC0CAFBA656	GAD1	1.74	0.078	0.275	0.102	0.078	1.877	0.111	0.135	0.0	0.12	1.373	0.044	0.18	0.0	0.082	0.205	0.0	0.067	0.38	2.371	0.069	0.348	0.538	2.251	0.0	1.588	0.037	0.057	0.919	0.116	0.183	0.804
GAD1	Q99259	True	DCE1_HUMAN	GABA_byGAD1_and_SLC32A1	CPI-CC0608D4CA8	GAD1	1.74	0.078	0.275	0.102	0.078	1.877	0.111	0.135	0.0	0.12	1.373	0.044	0.18	0.0	0.082	0.205	0.0	0.067	0.38	2.371	0.069	0.348	0.538	2.251	0.0	1.588	0.037	0.057	0.919	0.116	0.183	0.804
GAD1	Q99259	True	DCE1_HUMAN	GABA_byGAD1_and_SLC32A1	CPI-CC0F8CB8104	GAD1	1.74	0.078	0.275	0.102	0.078	1.877	0.111	0.135	0.0	0.12	1.373	0.044	0.18	0.0	0.082	0.205	0.0	0.067	0.38	2.371	0.069	0.348	0.538	2.251	0.0	1.588	0.037	0.057	0.919	0.116	0.183	0.804
GAD1	Q99259	True	DCE1_HUMAN	GABA_byGAD1_and_SLC32A1	CPI-CC035C82A9B	GAD1	1.74	0.078	0.275	0.102	0.078	1.877	0.111	0.135	0.0	0.12	1.373	0.044	0.18	0.0	0.082	0.205	0.0	0.067	0.38	2.371	0.069	0.348	0.538	2.251	0.0	1.588	0.037	0.057	0.919	0.116	0.183	0.804
GAD1	Q99259	True	DCE1_HUMAN	GABA_byGAD1_and_SLC32A1	CPI-CC0B77A9502	GAD1	1.74	0.078	0.275	0.102	0.078	1.877	0.111	0.135	0.0	0.12	1.373	0.044	0.18	0.0	0.082	0.205	0.0	0.067	0.38	2.371	0.069	0.348	0.538	2.251	0.0	1.588	0.037	0.057	0.919	0.116	0.183	0.804
GAD1	Q99259	True	DCE1_HUMAN	GABA_byGAD1_and_SLC32A1	CPI-CC07BC9E69C	GAD1	1.74	0.078	0.275	0.102	0.078	1.877	0.111	0.135	0.0	0.12	1.373	0.044	0.18	0.0	0.082	0.205	0.0	0.067	0.38	2.371	0.069	0.348	0.538	2.251	0.0	1.588	0.037	0.057	0.919	0.116	0.183	0.804
GAD1	Q99259	True	DCE1_HUMAN	GABA_byGAD1_and_SLC32A1	CPI-CC021D4CBC2	GAD1	1.74	0.078	0.275	0.102	0.078	1.877	0.111	0.135	0.0	0.12	1.373	0.044	0.18	0.0	0.082	0.205	0.0	0.067	0.38	2.371	0.069	0.348	0.538	2.251	0.0	1.588	0.037	0.057	0.919	0.116	0.183	0.804
GAD1	Q99259	True	DCE1_HUMAN	GABA_byGAD1_and_SLC32A1	CPI-CC0836120E7	GAD1	1.74	0.078	0.275	0.102	0.078	1.877	0.111	0.135	0.0	0.12	1.373	0.044	0.18	0.0	0.082	0.205	0.0	0.067	0.38	2.371	0.069	0.348	0.538	2.251	0.0	1.588	0.037	0.057	0.919	0.116	0.183	0.804
GAD1	Q99259	True	DCE1_HUMAN	GABA_byGAD1_and_SLC32A1	CPI-CC0B41182ED	GAD1	1.74	0.078	0.275	0.102	0.078	1.877	0.111	0.135	0.0	0.12	1.373	0.044	0.18	0.0	0.082	0.205	0.0	0.067	0.38	2.371	0.069	0.348	0.538	2.251	0.0	1.588	0.037	0.057	0.919	0.116	0.183	0.804
GAD1	Q99259	True	DCE1_HUMAN	GABA_byGAD1_and_SLC32A1	CPI-CC0B9F66E8C	GAD1	1.74	0.078	0.275	0.102	0.078	1.877	0.111	0.135	0.0	0.12	1.373	0.044	0.18	0.0	0.082	0.205	0.0	0.067	0.38	2.371	0.069	0.348	0.538	2.251	0.0	1.588	0.037	0.057	0.919	0.116	0.183	0.804
SLC6A1	P30531	True	SC6A1_HUMAN	GABA_byGAD1_and_SLC6A1	CPI-CS06B116BC0	SLC6A1	1.74	0.085	0.275	0.118	0.097	1.877	0.111	0.135	0.0	0.12	1.373	0.044	0.18	0.098	0.082	0.205	0.0	0.067	0.38	2.371	0.069	0.348	0.538	2.251	0.0	1.588	0.037	0.057	0.919	0.126	0.198	0.804
SLC6A1	P30531	True	SC6A1_HUMAN	GABA_byGAD1_and_SLC6A1	CPI-CS04C0A3C19	SLC6A1	1.74	0.085	0.275	0.118	0.097	1.877	0.111	0.135	0.0	0.12	1.373	0.044	0.18	0.098	0.082	0.205	0.0	0.067	0.38	2.371	0.069	0.348	0.538	2.251	0.0	1.588	0.037	0.057	0.919	0.126	0.198	0.804
SLC6A1	P30531	True	SC6A1_HUMAN	GABA_byGAD1_and_SLC6A1	CPI-CC0200FD25E	SLC6A1	1.74	0.085	0.275	0.118	0.097	1.877	0.111	0.135	0.0	0.12	1.373	0.044	0.18	0.098	0.082	0.205	0.0	0.067	0.38	2.371	0.069	0.348	0.538	2.251	0.0	1.588	0.037	0.057	0.919	0.126	0.198	0.804
SLC6A1	P30531	True	SC6A1_HUMAN	GABA_byGAD1_and_SLC6A1	CPI-CC07921E343	SLC6A1	1.74	0.085	0.275	0.118	0.097	1.877	0.111	0.135	0.0	0.12	1.373	0.044	0.18	0.098	0.082	0.205	0.0	0.067	0.38	2.371	0.069	0.348	0.538	2.251	0.0	1.588	0.037	0.057	0.919	0.126	0.198	0.804
SLC6A1	P30531	True	SC6A1_HUMAN	GABA_byGAD1_and_SLC6A1	CPI-CC03C18523A	SLC6A1	1.74	0.085	0.275	0.118	0.097	1.877	0.111	0.135	0.0	0.12	1.373	0.044	0.18	0.098	0.082	0.205	0.0	0.067	0.38	2.371	0.069	0.348	0.538	2.251	0.0	1.588	0.037	0.057	0.919	0.126	0.198	0.804
SLC6A1	P30531	True	SC6A1_HUMAN	GABA_byGAD1_and_SLC6A1	CPI-CC0DF227F32	SLC6A1	1.74	0.085	0.275	0.118	0.097	1.877	0.111	0.135	0.0	0.12	1.373	0.044	0.18	0.098	0.082	0.205	0.0	0.067	0.38	2.371	0.069	0.348	0.538	2.251	0.0	1.588	0.037	0.057	0.919	0.126	0.198	0.804
SLC6A1	P30531	True	SC6A1_HUMAN	GABA_byGAD1_and_SLC6A1	CPI-CC0C3E95213	SLC6A1	1.74	0.085	0.275	0.118	0.097	1.877	0.111	0.135	0.0	0.12	1.373	0.044	0.18	0.098	0.082	0.205	0.0	0.067	0.38	2.371	0.069	0.348	0.538	2.251	0.0	1.588	0.037	0.057	0.919	0.126	0.198	0.804
SLC6A1	P30531	True	SC6A1_HUMAN	GABA_byGAD1_and_SLC6A1	CPI-CC01B9552BA	SLC6A1	1.74	0.085	0.275	0.118	0.097	1.877	0.111	0.135	0.0	0.12	1.373	0.044	0.18	0.098	0.082	0.205	0.0	0.067	0.38	2.371	0.069	0.348	0.538	2.251	0.0	1.588	0.037	0.057	0.919	0.126	0.198	0.804
SLC6A1	P30531	True	SC6A1_HUMAN	GABA_byGAD1_and_SLC6A1	CPI-CC07D1D1AD0	SLC6A1	1.74	0.085	0.275	0.118	0.097	1.877	0.111	0.135	0.0	0.12	1.373	0.044	0.18	0.098	0.082	0.205	0.0	0.067	0.38	2.371	0.069	0.348	0.538	2.251	0.0	1.588	0.037	0.057	0.919	0.126	0.198	0.804
SLC6A1	P30531	True	SC6A1_HUMAN	GABA_byGAD1_and_SLC6A1	CPI-CC0F2E29DCC	SLC6A1	1.74	0.085	0.275	0.118	0.097	1.877	0.111	0.135	0.0	0.12	1.373	0.044	0.18	0.098	0.082	0.205	0.0	0.067	0.38	2.371	0.069	0.348	0.538	2.251	0.0	1.588	0.037	0.057	0.919	0.126	0.198	0.804
SLC6A1	P30531	True	SC6A1_HUMAN	GABA_byGAD1_and_SLC6A1	CPI-CC0C87922CA	SLC6A1	1.74	0.085	0.275	0.118	0.097	1.877	0.111	0.135	0.0	0.12	1.373	0.044	0.18	0.098	0.082	0.205	0.0	0.067	0.38	2.371	0.069	0.348	0.538	2.251	0.0	1.588	0.037	0.057	0.919	0.126	0.198	0.804
SLC6A1	P30531	True	SC6A1_HUMAN	GABA_byGAD1_and_SLC6A1	CPI-CC0CDF35FE2	SLC6A1	1.74	0.085	0.275	0.118	0.097	1.877	0.111	0.135	0.0	0.12	1.373	0.044	0.18	0.098	0.082	0.205	0.0	0.067	0.38	2.371	0.069	0.348	0.538	2.251	0.0	1.588	0.037	0.057	0.919	0.126	0.198	0.804
SLC6A1	P30531	True	SC6A1_HUMAN	GABA_byGAD1_and_SLC6A1	CPI-CC0A95EED6F	SLC6A1	1.74	0.085	0.275	0.118	0.097	1.877	0.111	0.135	0.0	0.12	1.373	0.044	0.18	0.098	0.082	0.205	0.0	0.067	0.38	2.371	0.069	0.348	0.538	2.251	0.0	1.588	0.037	0.057	0.919	0.126	0.198	0.804
SLC6A1	P30531	True	SC6A1_HUMAN	GABA_byGAD1_and_SLC6A1	CPI-CC06A23B181	SLC6A1	1.74	0.085	0.275	0.118	0.097	1.877	0.111	0.135	0.0	0.12	1.373	0.044	0.18	0.098	0.082	0.205	0.0	0.067	0.38	2.371	0.069	0.348	0.538	2.251	0.0	1.588	0.037	0.057	0.919	0.126	0.198	0.804
SLC6A1	P30531	True	SC6A1_HUMAN	GABA_byGAD1_and_SLC6A1	CPI-CC02B07EA5C	SLC6A1	1.74	0.085	0.275	0.118	0.097	1.877	0.111	0.135	0.0	0.12	1.373	0.044	0.18	0.098	0.082	0.205	0.0	0.067	0.38	2.371	0.069	0.348	0.538	2.251	0.0	1.588	0.037	0.057	0.919	0.126	0.198	0.804
GAD1	Q99259	True	DCE1_HUMAN	GABA_byGAD1_and_SLC6A1	CPI-CS06B116BC0	GAD1	1.74	0.085	0.275	0.118	0.097	1.877	0.111	0.135	0.0	0.12	1.373	0.044	0.18	0.098	0.082	0.205	0.0	0.067	0.38	2.371	0.069	0.348	0.538	2.251	0.0	1.588	0.037	0.057	0.919	0.126	0.198	0.804
GAD1	Q99259	True	DCE1_HUMAN	GABA_byGAD1_and_SLC6A1	CPI-CS04C0A3C19	GAD1	1.74	0.085	0.275	0.118	0.097	1.877	0.111	0.135	0.0	0.12	1.373	0.044	0.18	0.098	0.082	0.205	0.0	0.067	0.38	2.371	0.069	0.348	0.538	2.251	0.0	1.588	0.037	0.057	0.919	0.126	0.198	0.804
GAD1	Q99259	True	DCE1_HUMAN	GABA_byGAD1_and_SLC6A1	CPI-CC0200FD25E	GAD1	1.74	0.085	0.275	0.118	0.097	1.877	0.111	0.135	0.0	0.12	1.373	0.044	0.18	0.098	0.082	0.205	0.0	0.067	0.38	2.371	0.069	0.348	0.538	2.251	0.0	1.588	0.037	0.057	0.919	0.126	0.198	0.804
GAD1	Q99259	True	DCE1_HUMAN	GABA_byGAD1_and_SLC6A1	CPI-CC07921E343	GAD1	1.74	0.085	0.275	0.118	0.097	1.877	0.111	0.135	0.0	0.12	1.373	0.044	0.18	0.098	0.082	0.205	0.0	0.067	0.38	2.371	0.069	0.348	0.538	2.251	0.0	1.588	0.037	0.057	0.919	0.126	0.198	0.804
GAD1	Q99259	True	DCE1_HUMAN	GABA_byGAD1_and_SLC6A1	CPI-CC03C18523A	GAD1	1.74	0.085	0.275	0.118	0.097	1.877	0.111	0.135	0.0	0.12	1.373	0.044	0.18	0.098	0.082	0.205	0.0	0.067	0.38	2.371	0.069	0.348	0.538	2.251	0.0	1.588	0.037	0.057	0.919	0.126	0.198	0.804
GAD1	Q99259	True	DCE1_HUMAN	GABA_byGAD1_and_SLC6A1	CPI-CC0DF227F32	GAD1	1.74	0.085	0.275	0.118	0.097	1.877	0.111	0.135	0.0	0.12	1.373	0.044	0.18	0.098	0.082	0.205	0.0	0.067	0.38	2.371	0.069	0.348	0.538	2.251	0.0	1.588	0.037	0.057	0.919	0.126	0.198	0.804
GAD1	Q99259	True	DCE1_HUMAN	GABA_byGAD1_and_SLC6A1	CPI-CC0C3E95213	GAD1	1.74	0.085	0.275	0.118	0.097	1.877	0.111	0.135	0.0	0.12	1.373	0.044	0.18	0.098	0.082	0.205	0.0	0.067	0.38	2.371	0.069	0.348	0.538	2.251	0.0	1.588	0.037	0.057	0.919	0.126	0.198	0.804
GAD1	Q99259	True	DCE1_HUMAN	GABA_byGAD1_and_SLC6A1	CPI-CC01B9552BA	GAD1	1.74	0.085	0.275	0.118	0.097	1.877	0.111	0.135	0.0	0.12	1.373	0.044	0.18	0.098	0.082	0.205	0.0	0.067	0.38	2.371	0.069	0.348	0.538	2.251	0.0	1.588	0.037	0.057	0.919	0.126	0.198	0.804
GAD1	Q99259	True	DCE1_HUMAN	GABA_byGAD1_and_SLC6A1	CPI-CC07D1D1AD0	GAD1	1.74	0.085	0.275	0.118	0.097	1.877	0.111	0.135	0.0	0.12	1.373	0.044	0.18	0.098	0.082	0.205	0.0	0.067	0.38	2.371	0.069	0.348	0.538	2.251	0.0	1.588	0.037	0.057	0.919	0.126	0.198	0.804
GAD1	Q99259	True	DCE1_HUMAN	GABA_byGAD1_and_SLC6A1	CPI-CC0F2E29DCC	GAD1	1.74	0.085	0.275	0.118	0.097	1.877	0.111	0.135	0.0	0.12	1.373	0.044	0.18	0.098	0.082	0.205	0.0	0.067	0.38	2.371	0.069	0.348	0.538	2.251	0.0	1.588	0.037	0.057	0.919	0.126	0.198	0.804
GAD1	Q99259	True	DCE1_HUMAN	GABA_byGAD1_and_SLC6A1	CPI-CC0C87922CA	GAD1	1.74	0.085	0.275	0.118	0.097	1.877	0.111	0.135	0.0	0.12	1.373	0.044	0.18	0.098	0.082	0.205	0.0	0.067	0.38	2.371	0.069	0.348	0.538	2.251	0.0	1.588	0.037	0.057	0.919	0.126	0.198	0.804
GAD1	Q99259	True	DCE1_HUMAN	GABA_byGAD1_and_SLC6A1	CPI-CC0CDF35FE2	GAD1	1.74	0.085	0.275	0.118	0.097	1.877	0.111	0.135	0.0	0.12	1.373	0.044	0.18	0.098	0.082	0.205	0.0	0.067	0.38	2.371	0.069	0.348	0.538	2.251	0.0	1.588	0.037	0.057	0.919	0.126	0.198	0.804
GAD1	Q99259	True	DCE1_HUMAN	GABA_byGAD1_and_SLC6A1	CPI-CC0A95EED6F	GAD1	1.74	0.085	0.275	0.118	0.097	1.877	0.111	0.135	0.0	0.12	1.373	0.044	0.18	0.098	0.082	0.205	0.0	0.067	0.38	2.371	0.069	0.348	0.538	2.251	0.0	1.588	0.037	0.057	0.919	0.126	0.198	0.804
GAD1	Q99259	True	DCE1_HUMAN	GABA_byGAD1_and_SLC6A1	CPI-CC06A23B181	GAD1	1.74	0.085	0.275	0.118	0.097	1.877	0.111	0.135	0.0	0.12	1.373	0.044	0.18	0.098	0.082	0.205	0.0	0.067	0.38	2.371	0.069	0.348	0.538	2.251	0.0	1.588	0.037	0.057	0.919	0.126	0.198	0.804
GAD1	Q99259	True	DCE1_HUMAN	GABA_byGAD1_and_SLC6A1	CPI-CC02B07EA5C	GAD1	1.74	0.085	0.275	0.118	0.097	1.877	0.111	0.135	0.0	0.12	1.373	0.044	0.18	0.098	0.082	0.205	0.0	0.067	0.38	2.371	0.069	0.348	0.538	2.251	0.0	1.588	0.037	0.057	0.919	0.126	0.198	0.804
SLC6A11	P48066	True	S6A11_HUMAN	GABA_byGAD1_and_SLC6A11	CPI-CS02929CEBB	SLC6A11	0.148	0.07	0.139	0.106	0.097	0.119	0.111	0.135	0.0	0.0	0.063	0.044	0.18	0.098	0.082	0.205	0.0	0.0	0.147	0.024	0.03	0.247	0.231	0.0	0.0	0.24	0.037	0.057	0.04	0.126	0.174	0.181
SLC6A11	P48066	True	S6A11_HUMAN	GABA_byGAD1_and_SLC6A11	CPI-CS0A7EA055F	SLC6A11	0.148	0.07	0.139	0.106	0.097	0.119	0.111	0.135	0.0	0.0	0.063	0.044	0.18	0.098	0.082	0.205	0.0	0.0	0.147	0.024	0.03	0.247	0.231	0.0	0.0	0.24	0.037	0.057	0.04	0.126	0.174	0.181
SLC6A11	P48066	True	S6A11_HUMAN	GABA_byGAD1_and_SLC6A11	CPI-CC0CBCCF256	SLC6A11	0.148	0.07	0.139	0.106	0.097	0.119	0.111	0.135	0.0	0.0	0.063	0.044	0.18	0.098	0.082	0.205	0.0	0.0	0.147	0.024	0.03	0.247	0.231	0.0	0.0	0.24	0.037	0.057	0.04	0.126	0.174	0.181
SLC6A11	P48066	True	S6A11_HUMAN	GABA_byGAD1_and_SLC6A11	CPI-CC02E4FE92E	SLC6A11	0.148	0.07	0.139	0.106	0.097	0.119	0.111	0.135	0.0	0.0	0.063	0.044	0.18	0.098	0.082	0.205	0.0	0.0	0.147	0.024	0.03	0.247	0.231	0.0	0.0	0.24	0.037	0.057	0.04	0.126	0.174	0.181
SLC6A11	P48066	True	S6A11_HUMAN	GABA_byGAD1_and_SLC6A11	CPI-CC004185A70	SLC6A11	0.148	0.07	0.139	0.106	0.097	0.119	0.111	0.135	0.0	0.0	0.063	0.044	0.18	0.098	0.082	0.205	0.0	0.0	0.147	0.024	0.03	0.247	0.231	0.0	0.0	0.24	0.037	0.057	0.04	0.126	0.174	0.181
SLC6A11	P48066	True	S6A11_HUMAN	GABA_byGAD1_and_SLC6A11	CPI-CC0E8A76CD6	SLC6A11	0.148	0.07	0.139	0.106	0.097	0.119	0.111	0.135	0.0	0.0	0.063	0.044	0.18	0.098	0.082	0.205	0.0	0.0	0.147	0.024	0.03	0.247	0.231	0.0	0.0	0.24	0.037	0.057	0.04	0.126	0.174	0.181
SLC6A11	P48066	True	S6A11_HUMAN	GABA_byGAD1_and_SLC6A11	CPI-CC09E9DF123	SLC6A11	0.148	0.07	0.139	0.106	0.097	0.119	0.111	0.135	0.0	0.0	0.063	0.044	0.18	0.098	0.082	0.205	0.0	0.0	0.147	0.024	0.03	0.247	0.231	0.0	0.0	0.24	0.037	0.057	0.04	0.126	0.174	0.181
SLC6A11	P48066	True	S6A11_HUMAN	GABA_byGAD1_and_SLC6A11	CPI-CC08A636173	SLC6A11	0.148	0.07	0.139	0.106	0.097	0.119	0.111	0.135	0.0	0.0	0.063	0.044	0.18	0.098	0.082	0.205	0.0	0.0	0.147	0.024	0.03	0.247	0.231	0.0	0.0	0.24	0.037	0.057	0.04	0.126	0.174	0.181
SLC6A11	P48066	True	S6A11_HUMAN	GABA_byGAD1_and_SLC6A11	CPI-CC01D135078	SLC6A11	0.148	0.07	0.139	0.106	0.097	0.119	0.111	0.135	0.0	0.0	0.063	0.044	0.18	0.098	0.082	0.205	0.0	0.0	0.147	0.024	0.03	0.247	0.231	0.0	0.0	0.24	0.037	0.057	0.04	0.126	0.174	0.181
SLC6A11	P48066	True	S6A11_HUMAN	GABA_byGAD1_and_SLC6A11	CPI-CC096B77AA5	SLC6A11	0.148	0.07	0.139	0.106	0.097	0.119	0.111	0.135	0.0	0.0	0.063	0.044	0.18	0.098	0.082	0.205	0.0	0.0	0.147	0.024	0.03	0.247	0.231	0.0	0.0	0.24	0.037	0.057	0.04	0.126	0.174	0.181
SLC6A11	P48066	True	S6A11_HUMAN	GABA_byGAD1_and_SLC6A11	CPI-CC022A52952	SLC6A11	0.148	0.07	0.139	0.106	0.097	0.119	0.111	0.135	0.0	0.0	0.063	0.044	0.18	0.098	0.082	0.205	0.0	0.0	0.147	0.024	0.03	0.247	0.231	0.0	0.0	0.24	0.037	0.057	0.04	0.126	0.174	0.181
SLC6A11	P48066	True	S6A11_HUMAN	GABA_byGAD1_and_SLC6A11	CPI-CC084F4CFB2	SLC6A11	0.148	0.07	0.139	0.106	0.097	0.119	0.111	0.135	0.0	0.0	0.063	0.044	0.18	0.098	0.082	0.205	0.0	0.0	0.147	0.024	0.03	0.247	0.231	0.0	0.0	0.24	0.037	0.057	0.04	0.126	0.174	0.181
SLC6A11	P48066	True	S6A11_HUMAN	GABA_byGAD1_and_SLC6A11	CPI-CC0D3BD85F0	SLC6A11	0.148	0.07	0.139	0.106	0.097	0.119	0.111	0.135	0.0	0.0	0.063	0.044	0.18	0.098	0.082	0.205	0.0	0.0	0.147	0.024	0.03	0.247	0.231	0.0	0.0	0.24	0.037	0.057	0.04	0.126	0.174	0.181
SLC6A11	P48066	True	S6A11_HUMAN	GABA_byGAD1_and_SLC6A11	CPI-CC0C7DAF2F3	SLC6A11	0.148	0.07	0.139	0.106	0.097	0.119	0.111	0.135	0.0	0.0	0.063	0.044	0.18	0.098	0.082	0.205	0.0	0.0	0.147	0.024	0.03	0.247	0.231	0.0	0.0	0.24	0.037	0.057	0.04	0.126	0.174	0.181
SLC6A11	P48066	True	S6A11_HUMAN	GABA_byGAD1_and_SLC6A11	CPI-CC0E67ABF53	SLC6A11	0.148	0.07	0.139	0.106	0.097	0.119	0.111	0.135	0.0	0.0	0.063	0.044	0.18	0.098	0.082	0.205	0.0	0.0	0.147	0.024	0.03	0.247	0.231	0.0	0.0	0.24	0.037	0.057	0.04	0.126	0.174	0.181
GAD1	Q99259	True	DCE1_HUMAN	GABA_byGAD1_and_SLC6A11	CPI-CS02929CEBB	GAD1	0.148	0.07	0.139	0.106	0.097	0.119	0.111	0.135	0.0	0.0	0.063	0.044	0.18	0.098	0.082	0.205	0.0	0.0	0.147	0.024	0.03	0.247	0.231	0.0	0.0	0.24	0.037	0.057	0.04	0.126	0.174	0.181
GAD1	Q99259	True	DCE1_HUMAN	GABA_byGAD1_and_SLC6A11	CPI-CS0A7EA055F	GAD1	0.148	0.07	0.139	0.106	0.097	0.119	0.111	0.135	0.0	0.0	0.063	0.044	0.18	0.098	0.082	0.205	0.0	0.0	0.147	0.024	0.03	0.247	0.231	0.0	0.0	0.24	0.037	0.057	0.04	0.126	0.174	0.181
GAD1	Q99259	True	DCE1_HUMAN	GABA_byGAD1_and_SLC6A11	CPI-CC0CBCCF256	GAD1	0.148	0.07	0.139	0.106	0.097	0.119	0.111	0.135	0.0	0.0	0.063	0.044	0.18	0.098	0.082	0.205	0.0	0.0	0.147	0.024	0.03	0.247	0.231	0.0	0.0	0.24	0.037	0.057	0.04	0.126	0.174	0.181
GAD1	Q99259	True	DCE1_HUMAN	GABA_byGAD1_and_SLC6A11	CPI-CC02E4FE92E	GAD1	0.148	0.07	0.139	0.106	0.097	0.119	0.111	0.135	0.0	0.0	0.063	0.044	0.18	0.098	0.082	0.205	0.0	0.0	0.147	0.024	0.03	0.247	0.231	0.0	0.0	0.24	0.037	0.057	0.04	0.126	0.174	0.181
GAD1	Q99259	True	DCE1_HUMAN	GABA_byGAD1_and_SLC6A11	CPI-CC004185A70	GAD1	0.148	0.07	0.139	0.106	0.097	0.119	0.111	0.135	0.0	0.0	0.063	0.044	0.18	0.098	0.082	0.205	0.0	0.0	0.147	0.024	0.03	0.247	0.231	0.0	0.0	0.24	0.037	0.057	0.04	0.126	0.174	0.181
GAD1	Q99259	True	DCE1_HUMAN	GABA_byGAD1_and_SLC6A11	CPI-CC0E8A76CD6	GAD1	0.148	0.07	0.139	0.106	0.097	0.119	0.111	0.135	0.0	0.0	0.063	0.044	0.18	0.098	0.082	0.205	0.0	0.0	0.147	0.024	0.03	0.247	0.231	0.0	0.0	0.24	0.037	0.057	0.04	0.126	0.174	0.181
GAD1	Q99259	True	DCE1_HUMAN	GABA_byGAD1_and_SLC6A11	CPI-CC09E9DF123	GAD1	0.148	0.07	0.139	0.106	0.097	0.119	0.111	0.135	0.0	0.0	0.063	0.044	0.18	0.098	0.082	0.205	0.0	0.0	0.147	0.024	0.03	0.247	0.231	0.0	0.0	0.24	0.037	0.057	0.04	0.126	0.174	0.181
GAD1	Q99259	True	DCE1_HUMAN	GABA_byGAD1_and_SLC6A11	CPI-CC08A636173	GAD1	0.148	0.07	0.139	0.106	0.097	0.119	0.111	0.135	0.0	0.0	0.063	0.044	0.18	0.098	0.082	0.205	0.0	0.0	0.147	0.024	0.03	0.247	0.231	0.0	0.0	0.24	0.037	0.057	0.04	0.126	0.174	0.181
GAD1	Q99259	True	DCE1_HUMAN	GABA_byGAD1_and_SLC6A11	CPI-CC01D135078	GAD1	0.148	0.07	0.139	0.106	0.097	0.119	0.111	0.135	0.0	0.0	0.063	0.044	0.18	0.098	0.082	0.205	0.0	0.0	0.147	0.024	0.03	0.247	0.231	0.0	0.0	0.24	0.037	0.057	0.04	0.126	0.174	0.181
GAD1	Q99259	True	DCE1_HUMAN	GABA_byGAD1_and_SLC6A11	CPI-CC096B77AA5	GAD1	0.148	0.07	0.139	0.106	0.097	0.119	0.111	0.135	0.0	0.0	0.063	0.044	0.18	0.098	0.082	0.205	0.0	0.0	0.147	0.024	0.03	0.247	0.231	0.0	0.0	0.24	0.037	0.057	0.04	0.126	0.174	0.181
GAD1	Q99259	True	DCE1_HUMAN	GABA_byGAD1_and_SLC6A11	CPI-CC022A52952	GAD1	0.148	0.07	0.139	0.106	0.097	0.119	0.111	0.135	0.0	0.0	0.063	0.044	0.18	0.098	0.082	0.205	0.0	0.0	0.147	0.024	0.03	0.247	0.231	0.0	0.0	0.24	0.037	0.057	0.04	0.126	0.174	0.181
GAD1	Q99259	True	DCE1_HUMAN	GABA_byGAD1_and_SLC6A11	CPI-CC084F4CFB2	GAD1	0.148	0.07	0.139	0.106	0.097	0.119	0.111	0.135	0.0	0.0	0.063	0.044	0.18	0.098	0.082	0.205	0.0	0.0	0.147	0.024	0.03	0.247	0.231	0.0	0.0	0.24	0.037	0.057	0.04	0.126	0.174	0.181
GAD1	Q99259	True	DCE1_HUMAN	GABA_byGAD1_and_SLC6A11	CPI-CC0D3BD85F0	GAD1	0.148	0.07	0.139	0.106	0.097	0.119	0.111	0.135	0.0	0.0	0.063	0.044	0.18	0.098	0.082	0.205	0.0	0.0	0.147	0.024	0.03	0.247	0.231	0.0	0.0	0.24	0.037	0.057	0.04	0.126	0.174	0.181
GAD1	Q99259	True	DCE1_HUMAN	GABA_byGAD1_and_SLC6A11	CPI-CC0C7DAF2F3	GAD1	0.148	0.07	0.139	0.106	0.097	0.119	0.111	0.135	0.0	0.0	0.063	0.044	0.18	0.098	0.082	0.205	0.0	0.0	0.147	0.024	0.03	0.247	0.231	0.0	0.0	0.24	0.037	0.057	0.04	0.126	0.174	0.181
GAD1	Q99259	True	DCE1_HUMAN	GABA_byGAD1_and_SLC6A11	CPI-CC0E67ABF53	GAD1	0.148	0.07	0.139	0.106	0.097	0.119	0.111	0.135	0.0	0.0	0.063	0.044	0.18	0.098	0.082	0.205	0.0	0.0	0.147	0.024	0.03	0.247	0.231	0.0	0.0	0.24	0.037	0.057	0.04	0.126	0.174	0.181
SLC6A12	P48065	True	S6A12_HUMAN	GABA_byGAD1_and_SLC6A12	CPI-CS0DE2ED1D0	SLC6A12	0.001	0.0	0.0	0.0	0.0	0.0	0.0	0.0	0.0	0.0	0.0	0.0	0.0	0.0	0.0	0.0	0.0	0.0	0.0	0.0	0.0	0.0	0.0	0.0	0.0	0.0	0.0	0.0	0.0	0.0	0.0	0.0
SLC6A12	P48065	True	S6A12_HUMAN	GABA_byGAD1_and_SLC6A12	CPI-CS025E1B7C6	SLC6A12	0.001	0.0	0.0	0.0	0.0	0.0	0.0	0.0	0.0	0.0	0.0	0.0	0.0	0.0	0.0	0.0	0.0	0.0	0.0	0.0	0.0	0.0	0.0	0.0	0.0	0.0	0.0	0.0	0.0	0.0	0.0	0.0
SLC6A12	P48065	True	S6A12_HUMAN	GABA_byGAD1_and_SLC6A12	CPI-CC061180998	SLC6A12	0.001	0.0	0.0	0.0	0.0	0.0	0.0	0.0	0.0	0.0	0.0	0.0	0.0	0.0	0.0	0.0	0.0	0.0	0.0	0.0	0.0	0.0	0.0	0.0	0.0	0.0	0.0	0.0	0.0	0.0	0.0	0.0
SLC6A12	P48065	True	S6A12_HUMAN	GABA_byGAD1_and_SLC6A12	CPI-CC0C820256C	SLC6A12	0.001	0.0	0.0	0.0	0.0	0.0	0.0	0.0	0.0	0.0	0.0	0.0	0.0	0.0	0.0	0.0	0.0	0.0	0.0	0.0	0.0	0.0	0.0	0.0	0.0	0.0	0.0	0.0	0.0	0.0	0.0	0.0
SLC6A12	P48065	True	S6A12_HUMAN	GABA_byGAD1_and_SLC6A12	CPI-CC03F9B0D3E	SLC6A12	0.001	0.0	0.0	0.0	0.0	0.0	0.0	0.0	0.0	0.0	0.0	0.0	0.0	0.0	0.0	0.0	0.0	0.0	0.0	0.0	0.0	0.0	0.0	0.0	0.0	0.0	0.0	0.0	0.0	0.0	0.0	0.0
SLC6A12	P48065	True	S6A12_HUMAN	GABA_byGAD1_and_SLC6A12	CPI-CC0EBAAB6B8	SLC6A12	0.001	0.0	0.0	0.0	0.0	0.0	0.0	0.0	0.0	0.0	0.0	0.0	0.0	0.0	0.0	0.0	0.0	0.0	0.0	0.0	0.0	0.0	0.0	0.0	0.0	0.0	0.0	0.0	0.0	0.0	0.0	0.0
SLC6A12	P48065	True	S6A12_HUMAN	GABA_byGAD1_and_SLC6A12	CPI-CC017F52E16	SLC6A12	0.001	0.0	0.0	0.0	0.0	0.0	0.0	0.0	0.0	0.0	0.0	0.0	0.0	0.0	0.0	0.0	0.0	0.0	0.0	0.0	0.0	0.0	0.0	0.0	0.0	0.0	0.0	0.0	0.0	0.0	0.0	0.0
SLC6A12	P48065	True	S6A12_HUMAN	GABA_byGAD1_and_SLC6A12	CPI-CC0F0C72A29	SLC6A12	0.001	0.0	0.0	0.0	0.0	0.0	0.0	0.0	0.0	0.0	0.0	0.0	0.0	0.0	0.0	0.0	0.0	0.0	0.0	0.0	0.0	0.0	0.0	0.0	0.0	0.0	0.0	0.0	0.0	0.0	0.0	0.0
SLC6A12	P48065	True	S6A12_HUMAN	GABA_byGAD1_and_SLC6A12	CPI-CC019BF818D	SLC6A12	0.001	0.0	0.0	0.0	0.0	0.0	0.0	0.0	0.0	0.0	0.0	0.0	0.0	0.0	0.0	0.0	0.0	0.0	0.0	0.0	0.0	0.0	0.0	0.0	0.0	0.0	0.0	0.0	0.0	0.0	0.0	0.0
SLC6A12	P48065	True	S6A12_HUMAN	GABA_byGAD1_and_SLC6A12	CPI-CC0C00325D2	SLC6A12	0.001	0.0	0.0	0.0	0.0	0.0	0.0	0.0	0.0	0.0	0.0	0.0	0.0	0.0	0.0	0.0	0.0	0.0	0.0	0.0	0.0	0.0	0.0	0.0	0.0	0.0	0.0	0.0	0.0	0.0	0.0	0.0
SLC6A12	P48065	True	S6A12_HUMAN	GABA_byGAD1_and_SLC6A12	CPI-CC0536A862B	SLC6A12	0.001	0.0	0.0	0.0	0.0	0.0	0.0	0.0	0.0	0.0	0.0	0.0	0.0	0.0	0.0	0.0	0.0	0.0	0.0	0.0	0.0	0.0	0.0	0.0	0.0	0.0	0.0	0.0	0.0	0.0	0.0	0.0
SLC6A12	P48065	True	S6A12_HUMAN	GABA_byGAD1_and_SLC6A12	CPI-CC0F9B0C393	SLC6A12	0.001	0.0	0.0	0.0	0.0	0.0	0.0	0.0	0.0	0.0	0.0	0.0	0.0	0.0	0.0	0.0	0.0	0.0	0.0	0.0	0.0	0.0	0.0	0.0	0.0	0.0	0.0	0.0	0.0	0.0	0.0	0.0
SLC6A12	P48065	True	S6A12_HUMAN	GABA_byGAD1_and_SLC6A12	CPI-CC065B3548D	SLC6A12	0.001	0.0	0.0	0.0	0.0	0.0	0.0	0.0	0.0	0.0	0.0	0.0	0.0	0.0	0.0	0.0	0.0	0.0	0.0	0.0	0.0	0.0	0.0	0.0	0.0	0.0	0.0	0.0	0.0	0.0	0.0	0.0
SLC6A12	P48065	True	S6A12_HUMAN	GABA_byGAD1_and_SLC6A12	CPI-CC028B16791	SLC6A12	0.001	0.0	0.0	0.0	0.0	0.0	0.0	0.0	0.0	0.0	0.0	0.0	0.0	0.0	0.0	0.0	0.0	0.0	0.0	0.0	0.0	0.0	0.0	0.0	0.0	0.0	0.0	0.0	0.0	0.0	0.0	0.0
SLC6A12	P48065	True	S6A12_HUMAN	GABA_byGAD1_and_SLC6A12	CPI-CC00289F31E	SLC6A12	0.001	0.0	0.0	0.0	0.0	0.0	0.0	0.0	0.0	0.0	0.0	0.0	0.0	0.0	0.0	0.0	0.0	0.0	0.0	0.0	0.0	0.0	0.0	0.0	0.0	0.0	0.0	0.0	0.0	0.0	0.0	0.0
GAD1	Q99259	True	DCE1_HUMAN	GABA_byGAD1_and_SLC6A12	CPI-CS0DE2ED1D0	GAD1	0.001	0.0	0.0	0.0	0.0	0.0	0.0	0.0	0.0	0.0	0.0	0.0	0.0	0.0	0.0	0.0	0.0	0.0	0.0	0.0	0.0	0.0	0.0	0.0	0.0	0.0	0.0	0.0	0.0	0.0	0.0	0.0
GAD1	Q99259	True	DCE1_HUMAN	GABA_byGAD1_and_SLC6A12	CPI-CS025E1B7C6	GAD1	0.001	0.0	0.0	0.0	0.0	0.0	0.0	0.0	0.0	0.0	0.0	0.0	0.0	0.0	0.0	0.0	0.0	0.0	0.0	0.0	0.0	0.0	0.0	0.0	0.0	0.0	0.0	0.0	0.0	0.0	0.0	0.0
GAD1	Q99259	True	DCE1_HUMAN	GABA_byGAD1_and_SLC6A12	CPI-CC061180998	GAD1	0.001	0.0	0.0	0.0	0.0	0.0	0.0	0.0	0.0	0.0	0.0	0.0	0.0	0.0	0.0	0.0	0.0	0.0	0.0	0.0	0.0	0.0	0.0	0.0	0.0	0.0	0.0	0.0	0.0	0.0	0.0	0.0
GAD1	Q99259	True	DCE1_HUMAN	GABA_byGAD1_and_SLC6A12	CPI-CC0C820256C	GAD1	0.001	0.0	0.0	0.0	0.0	0.0	0.0	0.0	0.0	0.0	0.0	0.0	0.0	0.0	0.0	0.0	0.0	0.0	0.0	0.0	0.0	0.0	0.0	0.0	0.0	0.0	0.0	0.0	0.0	0.0	0.0	0.0
GAD1	Q99259	True	DCE1_HUMAN	GABA_byGAD1_and_SLC6A12	CPI-CC03F9B0D3E	GAD1	0.001	0.0	0.0	0.0	0.0	0.0	0.0	0.0	0.0	0.0	0.0	0.0	0.0	0.0	0.0	0.0	0.0	0.0	0.0	0.0	0.0	0.0	0.0	0.0	0.0	0.0	0.0	0.0	0.0	0.0	0.0	0.0
GAD1	Q99259	True	DCE1_HUMAN	GABA_byGAD1_and_SLC6A12	CPI-CC0EBAAB6B8	GAD1	0.001	0.0	0.0	0.0	0.0	0.0	0.0	0.0	0.0	0.0	0.0	0.0	0.0	0.0	0.0	0.0	0.0	0.0	0.0	0.0	0.0	0.0	0.0	0.0	0.0	0.0	0.0	0.0	0.0	0.0	0.0	0.0
GAD1	Q99259	True	DCE1_HUMAN	GABA_byGAD1_and_SLC6A12	CPI-CC017F52E16	GAD1	0.001	0.0	0.0	0.0	0.0	0.0	0.0	0.0	0.0	0.0	0.0	0.0	0.0	0.0	0.0	0.0	0.0	0.0	0.0	0.0	0.0	0.0	0.0	0.0	0.0	0.0	0.0	0.0	0.0	0.0	0.0	0.0
GAD1	Q99259	True	DCE1_HUMAN	GABA_byGAD1_and_SLC6A12	CPI-CC0F0C72A29	GAD1	0.001	0.0	0.0	0.0	0.0	0.0	0.0	0.0	0.0	0.0	0.0	0.0	0.0	0.0	0.0	0.0	0.0	0.0	0.0	0.0	0.0	0.0	0.0	0.0	0.0	0.0	0.0	0.0	0.0	0.0	0.0	0.0
GAD1	Q99259	True	DCE1_HUMAN	GABA_byGAD1_and_SLC6A12	CPI-CC019BF818D	GAD1	0.001	0.0	0.0	0.0	0.0	0.0	0.0	0.0	0.0	0.0	0.0	0.0	0.0	0.0	0.0	0.0	0.0	0.0	0.0	0.0	0.0	0.0	0.0	0.0	0.0	0.0	0.0	0.0	0.0	0.0	0.0	0.0
GAD1	Q99259	True	DCE1_HUMAN	GABA_byGAD1_and_SLC6A12	CPI-CC0C00325D2	GAD1	0.001	0.0	0.0	0.0	0.0	0.0	0.0	0.0	0.0	0.0	0.0	0.0	0.0	0.0	0.0	0.0	0.0	0.0	0.0	0.0	0.0	0.0	0.0	0.0	0.0	0.0	0.0	0.0	0.0	0.0	0.0	0.0
GAD1	Q99259	True	DCE1_HUMAN	GABA_byGAD1_and_SLC6A12	CPI-CC0536A862B	GAD1	0.001	0.0	0.0	0.0	0.0	0.0	0.0	0.0	0.0	0.0	0.0	0.0	0.0	0.0	0.0	0.0	0.0	0.0	0.0	0.0	0.0	0.0	0.0	0.0	0.0	0.0	0.0	0.0	0.0	0.0	0.0	0.0
GAD1	Q99259	True	DCE1_HUMAN	GABA_byGAD1_and_SLC6A12	CPI-CC0F9B0C393	GAD1	0.001	0.0	0.0	0.0	0.0	0.0	0.0	0.0	0.0	0.0	0.0	0.0	0.0	0.0	0.0	0.0	0.0	0.0	0.0	0.0	0.0	0.0	0.0	0.0	0.0	0.0	0.0	0.0	0.0	0.0	0.0	0.0
GAD1	Q99259	True	DCE1_HUMAN	GABA_byGAD1_and_SLC6A12	CPI-CC065B3548D	GAD1	0.001	0.0	0.0	0.0	0.0	0.0	0.0	0.0	0.0	0.0	0.0	0.0	0.0	0.0	0.0	0.0	0.0	0.0	0.0	0.0	0.0	0.0	0.0	0.0	0.0	0.0	0.0	0.0	0.0	0.0	0.0	0.0
GAD1	Q99259	True	DCE1_HUMAN	GABA_byGAD1_and_SLC6A12	CPI-CC028B16791	GAD1	0.001	0.0	0.0	0.0	0.0	0.0	0.0	0.0	0.0	0.0	0.0	0.0	0.0	0.0	0.0	0.0	0.0	0.0	0.0	0.0	0.0	0.0	0.0	0.0	0.0	0.0	0.0	0.0	0.0	0.0	0.0	0.0
GAD1	Q99259	True	DCE1_HUMAN	GABA_byGAD1_and_SLC6A12	CPI-CC00289F31E	GAD1	0.001	0.0	0.0	0.0	0.0	0.0	0.0	0.0	0.0	0.0	0.0	0.0	0.0	0.0	0.0	0.0	0.0	0.0	0.0	0.0	0.0	0.0	0.0	0.0	0.0	0.0	0.0	0.0	0.0	0.0	0.0	0.0
SLC6A13	Q9NSD5	True	S6A13_HUMAN	GABA_byGAD1_and_SLC6A13	CPI-CS0E715A989	SLC6A13	0.029	0.013	0.0	0.024	0.028	0.0	0.111	0.044	0.0	0.0	0.0	0.044	0.18	0.098	0.082	0.205	0.0	0.0	0.0	0.0	0.045	0.0	0.0	0.0	0.0	0.01	0.0	0.011	0.019	0.037	0.019	0.0
SLC6A13	Q9NSD5	True	S6A13_HUMAN	GABA_byGAD1_and_SLC6A13	CPI-CS04368D963	SLC6A13	0.029	0.013	0.0	0.024	0.028	0.0	0.111	0.044	0.0	0.0	0.0	0.044	0.18	0.098	0.082	0.205	0.0	0.0	0.0	0.0	0.045	0.0	0.0	0.0	0.0	0.01	0.0	0.011	0.019	0.037	0.019	0.0
SLC6A13	Q9NSD5	True	S6A13_HUMAN	GABA_byGAD1_and_SLC6A13	CPI-CC07643D38C	SLC6A13	0.029	0.013	0.0	0.024	0.028	0.0	0.111	0.044	0.0	0.0	0.0	0.044	0.18	0.098	0.082	0.205	0.0	0.0	0.0	0.0	0.045	0.0	0.0	0.0	0.0	0.01	0.0	0.011	0.019	0.037	0.019	0.0
SLC6A13	Q9NSD5	True	S6A13_HUMAN	GABA_byGAD1_and_SLC6A13	CPI-CC0489A8F45	SLC6A13	0.029	0.013	0.0	0.024	0.028	0.0	0.111	0.044	0.0	0.0	0.0	0.044	0.18	0.098	0.082	0.205	0.0	0.0	0.0	0.0	0.045	0.0	0.0	0.0	0.0	0.01	0.0	0.011	0.019	0.037	0.019	0.0
SLC6A13	Q9NSD5	True	S6A13_HUMAN	GABA_byGAD1_and_SLC6A13	CPI-CC07774ECF6	SLC6A13	0.029	0.013	0.0	0.024	0.028	0.0	0.111	0.044	0.0	0.0	0.0	0.044	0.18	0.098	0.082	0.205	0.0	0.0	0.0	0.0	0.045	0.0	0.0	0.0	0.0	0.01	0.0	0.011	0.019	0.037	0.019	0.0
SLC6A13	Q9NSD5	True	S6A13_HUMAN	GABA_byGAD1_and_SLC6A13	CPI-CC0604DCB2A	SLC6A13	0.029	0.013	0.0	0.024	0.028	0.0	0.111	0.044	0.0	0.0	0.0	0.044	0.18	0.098	0.082	0.205	0.0	0.0	0.0	0.0	0.045	0.0	0.0	0.0	0.0	0.01	0.0	0.011	0.019	0.037	0.019	0.0
SLC6A13	Q9NSD5	True	S6A13_HUMAN	GABA_byGAD1_and_SLC6A13	CPI-CC036F9ABD3	SLC6A13	0.029	0.013	0.0	0.024	0.028	0.0	0.111	0.044	0.0	0.0	0.0	0.044	0.18	0.098	0.082	0.205	0.0	0.0	0.0	0.0	0.045	0.0	0.0	0.0	0.0	0.01	0.0	0.011	0.019	0.037	0.019	0.0
SLC6A13	Q9NSD5	True	S6A13_HUMAN	GABA_byGAD1_and_SLC6A13	CPI-CC002C86EAE	SLC6A13	0.029	0.013	0.0	0.024	0.028	0.0	0.111	0.044	0.0	0.0	0.0	0.044	0.18	0.098	0.082	0.205	0.0	0.0	0.0	0.0	0.045	0.0	0.0	0.0	0.0	0.01	0.0	0.011	0.019	0.037	0.019	0.0
SLC6A13	Q9NSD5	True	S6A13_HUMAN	GABA_byGAD1_and_SLC6A13	CPI-CC0195F6CE4	SLC6A13	0.029	0.013	0.0	0.024	0.028	0.0	0.111	0.044	0.0	0.0	0.0	0.044	0.18	0.098	0.082	0.205	0.0	0.0	0.0	0.0	0.045	0.0	0.0	0.0	0.0	0.01	0.0	0.011	0.019	0.037	0.019	0.0
SLC6A13	Q9NSD5	True	S6A13_HUMAN	GABA_byGAD1_and_SLC6A13	CPI-CC07936BEBD	SLC6A13	0.029	0.013	0.0	0.024	0.028	0.0	0.111	0.044	0.0	0.0	0.0	0.044	0.18	0.098	0.082	0.205	0.0	0.0	0.0	0.0	0.045	0.0	0.0	0.0	0.0	0.01	0.0	0.011	0.019	0.037	0.019	0.0
SLC6A13	Q9NSD5	True	S6A13_HUMAN	GABA_byGAD1_and_SLC6A13	CPI-CC01C3B4299	SLC6A13	0.029	0.013	0.0	0.024	0.028	0.0	0.111	0.044	0.0	0.0	0.0	0.044	0.18	0.098	0.082	0.205	0.0	0.0	0.0	0.0	0.045	0.0	0.0	0.0	0.0	0.01	0.0	0.011	0.019	0.037	0.019	0.0
SLC6A13	Q9NSD5	True	S6A13_HUMAN	GABA_byGAD1_and_SLC6A13	CPI-CC0EB1A69E6	SLC6A13	0.029	0.013	0.0	0.024	0.028	0.0	0.111	0.044	0.0	0.0	0.0	0.044	0.18	0.098	0.082	0.205	0.0	0.0	0.0	0.0	0.045	0.0	0.0	0.0	0.0	0.01	0.0	0.011	0.019	0.037	0.019	0.0
SLC6A13	Q9NSD5	True	S6A13_HUMAN	GABA_byGAD1_and_SLC6A13	CPI-CC025A561B8	SLC6A13	0.029	0.013	0.0	0.024	0.028	0.0	0.111	0.044	0.0	0.0	0.0	0.044	0.18	0.098	0.082	0.205	0.0	0.0	0.0	0.0	0.045	0.0	0.0	0.0	0.0	0.01	0.0	0.011	0.019	0.037	0.019	0.0
SLC6A13	Q9NSD5	True	S6A13_HUMAN	GABA_byGAD1_and_SLC6A13	CPI-CC0F677619F	SLC6A13	0.029	0.013	0.0	0.024	0.028	0.0	0.111	0.044	0.0	0.0	0.0	0.044	0.18	0.098	0.082	0.205	0.0	0.0	0.0	0.0	0.045	0.0	0.0	0.0	0.0	0.01	0.0	0.011	0.019	0.037	0.019	0.0
SLC6A13	Q9NSD5	True	S6A13_HUMAN	GABA_byGAD1_and_SLC6A13	CPI-CC040318B79	SLC6A13	0.029	0.013	0.0	0.024	0.028	0.0	0.111	0.044	0.0	0.0	0.0	0.044	0.18	0.098	0.082	0.205	0.0	0.0	0.0	0.0	0.045	0.0	0.0	0.0	0.0	0.01	0.0	0.011	0.019	0.037	0.019	0.0
GAD1	Q99259	True	DCE1_HUMAN	GABA_byGAD1_and_SLC6A13	CPI-CS0E715A989	GAD1	0.029	0.013	0.0	0.024	0.028	0.0	0.111	0.044	0.0	0.0	0.0	0.044	0.18	0.098	0.082	0.205	0.0	0.0	0.0	0.0	0.045	0.0	0.0	0.0	0.0	0.01	0.0	0.011	0.019	0.037	0.019	0.0
GAD1	Q99259	True	DCE1_HUMAN	GABA_byGAD1_and_SLC6A13	CPI-CS04368D963	GAD1	0.029	0.013	0.0	0.024	0.028	0.0	0.111	0.044	0.0	0.0	0.0	0.044	0.18	0.098	0.082	0.205	0.0	0.0	0.0	0.0	0.045	0.0	0.0	0.0	0.0	0.01	0.0	0.011	0.019	0.037	0.019	0.0
GAD1	Q99259	True	DCE1_HUMAN	GABA_byGAD1_and_SLC6A13	CPI-CC07643D38C	GAD1	0.029	0.013	0.0	0.024	0.028	0.0	0.111	0.044	0.0	0.0	0.0	0.044	0.18	0.098	0.082	0.205	0.0	0.0	0.0	0.0	0.045	0.0	0.0	0.0	0.0	0.01	0.0	0.011	0.019	0.037	0.019	0.0
GAD1	Q99259	True	DCE1_HUMAN	GABA_byGAD1_and_SLC6A13	CPI-CC0489A8F45	GAD1	0.029	0.013	0.0	0.024	0.028	0.0	0.111	0.044	0.0	0.0	0.0	0.044	0.18	0.098	0.082	0.205	0.0	0.0	0.0	0.0	0.045	0.0	0.0	0.0	0.0	0.01	0.0	0.011	0.019	0.037	0.019	0.0
GAD1	Q99259	True	DCE1_HUMAN	GABA_byGAD1_and_SLC6A13	CPI-CC07774ECF6	GAD1	0.029	0.013	0.0	0.024	0.028	0.0	0.111	0.044	0.0	0.0	0.0	0.044	0.18	0.098	0.082	0.205	0.0	0.0	0.0	0.0	0.045	0.0	0.0	0.0	0.0	0.01	0.0	0.011	0.019	0.037	0.019	0.0
GAD1	Q99259	True	DCE1_HUMAN	GABA_byGAD1_and_SLC6A13	CPI-CC0604DCB2A	GAD1	0.029	0.013	0.0	0.024	0.028	0.0	0.111	0.044	0.0	0.0	0.0	0.044	0.18	0.098	0.082	0.205	0.0	0.0	0.0	0.0	0.045	0.0	0.0	0.0	0.0	0.01	0.0	0.011	0.019	0.037	0.019	0.0
GAD1	Q99259	True	DCE1_HUMAN	GABA_byGAD1_and_SLC6A13	CPI-CC036F9ABD3	GAD1	0.029	0.013	0.0	0.024	0.028	0.0	0.111	0.044	0.0	0.0	0.0	0.044	0.18	0.098	0.082	0.205	0.0	0.0	0.0	0.0	0.045	0.0	0.0	0.0	0.0	0.01	0.0	0.011	0.019	0.037	0.019	0.0
GAD1	Q99259	True	DCE1_HUMAN	GABA_byGAD1_and_SLC6A13	CPI-CC002C86EAE	GAD1	0.029	0.013	0.0	0.024	0.028	0.0	0.111	0.044	0.0	0.0	0.0	0.044	0.18	0.098	0.082	0.205	0.0	0.0	0.0	0.0	0.045	0.0	0.0	0.0	0.0	0.01	0.0	0.011	0.019	0.037	0.019	0.0
GAD1	Q99259	True	DCE1_HUMAN	GABA_byGAD1_and_SLC6A13	CPI-CC0195F6CE4	GAD1	0.029	0.013	0.0	0.024	0.028	0.0	0.111	0.044	0.0	0.0	0.0	0.044	0.18	0.098	0.082	0.205	0.0	0.0	0.0	0.0	0.045	0.0	0.0	0.0	0.0	0.01	0.0	0.011	0.019	0.037	0.019	0.0
GAD1	Q99259	True	DCE1_HUMAN	GABA_byGAD1_and_SLC6A13	CPI-CC07936BEBD	GAD1	0.029	0.013	0.0	0.024	0.028	0.0	0.111	0.044	0.0	0.0	0.0	0.044	0.18	0.098	0.082	0.205	0.0	0.0	0.0	0.0	0.045	0.0	0.0	0.0	0.0	0.01	0.0	0.011	0.019	0.037	0.019	0.0
GAD1	Q99259	True	DCE1_HUMAN	GABA_byGAD1_and_SLC6A13	CPI-CC01C3B4299	GAD1	0.029	0.013	0.0	0.024	0.028	0.0	0.111	0.044	0.0	0.0	0.0	0.044	0.18	0.098	0.082	0.205	0.0	0.0	0.0	0.0	0.045	0.0	0.0	0.0	0.0	0.01	0.0	0.011	0.019	0.037	0.019	0.0
GAD1	Q99259	True	DCE1_HUMAN	GABA_byGAD1_and_SLC6A13	CPI-CC0EB1A69E6	GAD1	0.029	0.013	0.0	0.024	0.028	0.0	0.111	0.044	0.0	0.0	0.0	0.044	0.18	0.098	0.082	0.205	0.0	0.0	0.0	0.0	0.045	0.0	0.0	0.0	0.0	0.01	0.0	0.011	0.019	0.037	0.019	0.0
GAD1	Q99259	True	DCE1_HUMAN	GABA_byGAD1_and_SLC6A13	CPI-CC025A561B8	GAD1	0.029	0.013	0.0	0.024	0.028	0.0	0.111	0.044	0.0	0.0	0.0	0.044	0.18	0.098	0.082	0.205	0.0	0.0	0.0	0.0	0.045	0.0	0.0	0.0	0.0	0.01	0.0	0.011	0.019	0.037	0.019	0.0
GAD1	Q99259	True	DCE1_HUMAN	GABA_byGAD1_and_SLC6A13	CPI-CC0F677619F	GAD1	0.029	0.013	0.0	0.024	0.028	0.0	0.111	0.044	0.0	0.0	0.0	0.044	0.18	0.098	0.082	0.205	0.0	0.0	0.0	0.0	0.045	0.0	0.0	0.0	0.0	0.01	0.0	0.011	0.019	0.037	0.019	0.0
GAD1	Q99259	True	DCE1_HUMAN	GABA_byGAD1_and_SLC6A13	CPI-CC040318B79	GAD1	0.029	0.013	0.0	0.024	0.028	0.0	0.111	0.044	0.0	0.0	0.0	0.044	0.18	0.098	0.082	0.205	0.0	0.0	0.0	0.0	0.045	0.0	0.0	0.0	0.0	0.01	0.0	0.011	0.019	0.037	0.019	0.0
SLC6A6	P31641	True	SC6A6_HUMAN	GABA_byGAD1_and_SLC6A6	CPI-CS03CCCE0E4	SLC6A6	1.635	0.085	0.275	0.118	0.097	1.158	0.111	0.135	0.0	0.12	1.373	0.044	0.18	0.098	0.082	0.205	0.0	0.067	0.38	1.945	0.069	0.348	0.538	1.149	0.0	1.588	0.037	0.057	0.919	0.126	0.198	0.804
SLC6A6	P31641	True	SC6A6_HUMAN	GABA_byGAD1_and_SLC6A6	CPI-CS0AD67AADC	SLC6A6	1.635	0.085	0.275	0.118	0.097	1.158	0.111	0.135	0.0	0.12	1.373	0.044	0.18	0.098	0.082	0.205	0.0	0.067	0.38	1.945	0.069	0.348	0.538	1.149	0.0	1.588	0.037	0.057	0.919	0.126	0.198	0.804
SLC6A6	P31641	True	SC6A6_HUMAN	GABA_byGAD1_and_SLC6A6	CPI-CC0946F123A	SLC6A6	1.635	0.085	0.275	0.118	0.097	1.158	0.111	0.135	0.0	0.12	1.373	0.044	0.18	0.098	0.082	0.205	0.0	0.067	0.38	1.945	0.069	0.348	0.538	1.149	0.0	1.588	0.037	0.057	0.919	0.126	0.198	0.804
SLC6A6	P31641	True	SC6A6_HUMAN	GABA_byGAD1_and_SLC6A6	CPI-CC05D2522F1	SLC6A6	1.635	0.085	0.275	0.118	0.097	1.158	0.111	0.135	0.0	0.12	1.373	0.044	0.18	0.098	0.082	0.205	0.0	0.067	0.38	1.945	0.069	0.348	0.538	1.149	0.0	1.588	0.037	0.057	0.919	0.126	0.198	0.804
SLC6A6	P31641	True	SC6A6_HUMAN	GABA_byGAD1_and_SLC6A6	CPI-CC089C08005	SLC6A6	1.635	0.085	0.275	0.118	0.097	1.158	0.111	0.135	0.0	0.12	1.373	0.044	0.18	0.098	0.082	0.205	0.0	0.067	0.38	1.945	0.069	0.348	0.538	1.149	0.0	1.588	0.037	0.057	0.919	0.126	0.198	0.804
SLC6A6	P31641	True	SC6A6_HUMAN	GABA_byGAD1_and_SLC6A6	CPI-CC03AA4B30D	SLC6A6	1.635	0.085	0.275	0.118	0.097	1.158	0.111	0.135	0.0	0.12	1.373	0.044	0.18	0.098	0.082	0.205	0.0	0.067	0.38	1.945	0.069	0.348	0.538	1.149	0.0	1.588	0.037	0.057	0.919	0.126	0.198	0.804
SLC6A6	P31641	True	SC6A6_HUMAN	GABA_byGAD1_and_SLC6A6	CPI-CC026E0AF6E	SLC6A6	1.635	0.085	0.275	0.118	0.097	1.158	0.111	0.135	0.0	0.12	1.373	0.044	0.18	0.098	0.082	0.205	0.0	0.067	0.38	1.945	0.069	0.348	0.538	1.149	0.0	1.588	0.037	0.057	0.919	0.126	0.198	0.804
SLC6A6	P31641	True	SC6A6_HUMAN	GABA_byGAD1_and_SLC6A6	CPI-CC06B7CC089	SLC6A6	1.635	0.085	0.275	0.118	0.097	1.158	0.111	0.135	0.0	0.12	1.373	0.044	0.18	0.098	0.082	0.205	0.0	0.067	0.38	1.945	0.069	0.348	0.538	1.149	0.0	1.588	0.037	0.057	0.919	0.126	0.198	0.804
SLC6A6	P31641	True	SC6A6_HUMAN	GABA_byGAD1_and_SLC6A6	CPI-CC0079D48C9	SLC6A6	1.635	0.085	0.275	0.118	0.097	1.158	0.111	0.135	0.0	0.12	1.373	0.044	0.18	0.098	0.082	0.205	0.0	0.067	0.38	1.945	0.069	0.348	0.538	1.149	0.0	1.588	0.037	0.057	0.919	0.126	0.198	0.804
SLC6A6	P31641	True	SC6A6_HUMAN	GABA_byGAD1_and_SLC6A6	CPI-CC041DC21EE	SLC6A6	1.635	0.085	0.275	0.118	0.097	1.158	0.111	0.135	0.0	0.12	1.373	0.044	0.18	0.098	0.082	0.205	0.0	0.067	0.38	1.945	0.069	0.348	0.538	1.149	0.0	1.588	0.037	0.057	0.919	0.126	0.198	0.804
SLC6A6	P31641	True	SC6A6_HUMAN	GABA_byGAD1_and_SLC6A6	CPI-CC03B91D668	SLC6A6	1.635	0.085	0.275	0.118	0.097	1.158	0.111	0.135	0.0	0.12	1.373	0.044	0.18	0.098	0.082	0.205	0.0	0.067	0.38	1.945	0.069	0.348	0.538	1.149	0.0	1.588	0.037	0.057	0.919	0.126	0.198	0.804
SLC6A6	P31641	True	SC6A6_HUMAN	GABA_byGAD1_and_SLC6A6	CPI-CC02C92DB0C	SLC6A6	1.635	0.085	0.275	0.118	0.097	1.158	0.111	0.135	0.0	0.12	1.373	0.044	0.18	0.098	0.082	0.205	0.0	0.067	0.38	1.945	0.069	0.348	0.538	1.149	0.0	1.588	0.037	0.057	0.919	0.126	0.198	0.804
SLC6A6	P31641	True	SC6A6_HUMAN	GABA_byGAD1_and_SLC6A6	CPI-CC0D7414489	SLC6A6	1.635	0.085	0.275	0.118	0.097	1.158	0.111	0.135	0.0	0.12	1.373	0.044	0.18	0.098	0.082	0.205	0.0	0.067	0.38	1.945	0.069	0.348	0.538	1.149	0.0	1.588	0.037	0.057	0.919	0.126	0.198	0.804
SLC6A6	P31641	True	SC6A6_HUMAN	GABA_byGAD1_and_SLC6A6	CPI-CC0F9339AD3	SLC6A6	1.635	0.085	0.275	0.118	0.097	1.158	0.111	0.135	0.0	0.12	1.373	0.044	0.18	0.098	0.082	0.205	0.0	0.067	0.38	1.945	0.069	0.348	0.538	1.149	0.0	1.588	0.037	0.057	0.919	0.126	0.198	0.804
SLC6A6	P31641	True	SC6A6_HUMAN	GABA_byGAD1_and_SLC6A6	CPI-CC00289947C	SLC6A6	1.635	0.085	0.275	0.118	0.097	1.158	0.111	0.135	0.0	0.12	1.373	0.044	0.18	0.098	0.082	0.205	0.0	0.067	0.38	1.945	0.069	0.348	0.538	1.149	0.0	1.588	0.037	0.057	0.919	0.126	0.198	0.804
GAD1	Q99259	True	DCE1_HUMAN	GABA_byGAD1_and_SLC6A6	CPI-CS03CCCE0E4	GAD1	1.635	0.085	0.275	0.118	0.097	1.158	0.111	0.135	0.0	0.12	1.373	0.044	0.18	0.098	0.082	0.205	0.0	0.067	0.38	1.945	0.069	0.348	0.538	1.149	0.0	1.588	0.037	0.057	0.919	0.126	0.198	0.804
GAD1	Q99259	True	DCE1_HUMAN	GABA_byGAD1_and_SLC6A6	CPI-CS0AD67AADC	GAD1	1.635	0.085	0.275	0.118	0.097	1.158	0.111	0.135	0.0	0.12	1.373	0.044	0.18	0.098	0.082	0.205	0.0	0.067	0.38	1.945	0.069	0.348	0.538	1.149	0.0	1.588	0.037	0.057	0.919	0.126	0.198	0.804
GAD1	Q99259	True	DCE1_HUMAN	GABA_byGAD1_and_SLC6A6	CPI-CC0946F123A	GAD1	1.635	0.085	0.275	0.118	0.097	1.158	0.111	0.135	0.0	0.12	1.373	0.044	0.18	0.098	0.082	0.205	0.0	0.067	0.38	1.945	0.069	0.348	0.538	1.149	0.0	1.588	0.037	0.057	0.919	0.126	0.198	0.804
GAD1	Q99259	True	DCE1_HUMAN	GABA_byGAD1_and_SLC6A6	CPI-CC05D2522F1	GAD1	1.635	0.085	0.275	0.118	0.097	1.158	0.111	0.135	0.0	0.12	1.373	0.044	0.18	0.098	0.082	0.205	0.0	0.067	0.38	1.945	0.069	0.348	0.538	1.149	0.0	1.588	0.037	0.057	0.919	0.126	0.198	0.804
GAD1	Q99259	True	DCE1_HUMAN	GABA_byGAD1_and_SLC6A6	CPI-CC089C08005	GAD1	1.635	0.085	0.275	0.118	0.097	1.158	0.111	0.135	0.0	0.12	1.373	0.044	0.18	0.098	0.082	0.205	0.0	0.067	0.38	1.945	0.069	0.348	0.538	1.149	0.0	1.588	0.037	0.057	0.919	0.126	0.198	0.804
GAD1	Q99259	True	DCE1_HUMAN	GABA_byGAD1_and_SLC6A6	CPI-CC03AA4B30D	GAD1	1.635	0.085	0.275	0.118	0.097	1.158	0.111	0.135	0.0	0.12	1.373	0.044	0.18	0.098	0.082	0.205	0.0	0.067	0.38	1.945	0.069	0.348	0.538	1.149	0.0	1.588	0.037	0.057	0.919	0.126	0.198	0.804
GAD1	Q99259	True	DCE1_HUMAN	GABA_byGAD1_and_SLC6A6	CPI-CC026E0AF6E	GAD1	1.635	0.085	0.275	0.118	0.097	1.158	0.111	0.135	0.0	0.12	1.373	0.044	0.18	0.098	0.082	0.205	0.0	0.067	0.38	1.945	0.069	0.348	0.538	1.149	0.0	1.588	0.037	0.057	0.919	0.126	0.198	0.804
GAD1	Q99259	True	DCE1_HUMAN	GABA_byGAD1_and_SLC6A6	CPI-CC06B7CC089	GAD1	1.635	0.085	0.275	0.118	0.097	1.158	0.111	0.135	0.0	0.12	1.373	0.044	0.18	0.098	0.082	0.205	0.0	0.067	0.38	1.945	0.069	0.348	0.538	1.149	0.0	1.588	0.037	0.057	0.919	0.126	0.198	0.804
GAD1	Q99259	True	DCE1_HUMAN	GABA_byGAD1_and_SLC6A6	CPI-CC0079D48C9	GAD1	1.635	0.085	0.275	0.118	0.097	1.158	0.111	0.135	0.0	0.12	1.373	0.044	0.18	0.098	0.082	0.205	0.0	0.067	0.38	1.945	0.069	0.348	0.538	1.149	0.0	1.588	0.037	0.057	0.919	0.126	0.198	0.804
GAD1	Q99259	True	DCE1_HUMAN	GABA_byGAD1_and_SLC6A6	CPI-CC041DC21EE	GAD1	1.635	0.085	0.275	0.118	0.097	1.158	0.111	0.135	0.0	0.12	1.373	0.044	0.18	0.098	0.082	0.205	0.0	0.067	0.38	1.945	0.069	0.348	0.538	1.149	0.0	1.588	0.037	0.057	0.919	0.126	0.198	0.804
GAD1	Q99259	True	DCE1_HUMAN	GABA_byGAD1_and_SLC6A6	CPI-CC03B91D668	GAD1	1.635	0.085	0.275	0.118	0.097	1.158	0.111	0.135	0.0	0.12	1.373	0.044	0.18	0.098	0.082	0.205	0.0	0.067	0.38	1.945	0.069	0.348	0.538	1.149	0.0	1.588	0.037	0.057	0.919	0.126	0.198	0.804
GAD1	Q99259	True	DCE1_HUMAN	GABA_byGAD1_and_SLC6A6	CPI-CC02C92DB0C	GAD1	1.635	0.085	0.275	0.118	0.097	1.158	0.111	0.135	0.0	0.12	1.373	0.044	0.18	0.098	0.082	0.205	0.0	0.067	0.38	1.945	0.069	0.348	0.538	1.149	0.0	1.588	0.037	0.057	0.919	0.126	0.198	0.804
GAD1	Q99259	True	DCE1_HUMAN	GABA_byGAD1_and_SLC6A6	CPI-CC0D7414489	GAD1	1.635	0.085	0.275	0.118	0.097	1.158	0.111	0.135	0.0	0.12	1.373	0.044	0.18	0.098	0.082	0.205	0.0	0.067	0.38	1.945	0.069	0.348	0.538	1.149	0.0	1.588	0.037	0.057	0.919	0.126	0.198	0.804
GAD1	Q99259	True	DCE1_HUMAN	GABA_byGAD1_and_SLC6A6	CPI-CC0F9339AD3	GAD1	1.635	0.085	0.275	0.118	0.097	1.158	0.111	0.135	0.0	0.12	1.373	0.044	0.18	0.098	0.082	0.205	0.0	0.067	0.38	1.945	0.069	0.348	0.538	1.149	0.0	1.588	0.037	0.057	0.919	0.126	0.198	0.804
GAD1	Q99259	True	DCE1_HUMAN	GABA_byGAD1_and_SLC6A6	CPI-CC00289947C	GAD1	1.635	0.085	0.275	0.118	0.097	1.158	0.111	0.135	0.0	0.12	1.373	0.044	0.18	0.098	0.082	0.205	0.0	0.067	0.38	1.945	0.069	0.348	0.538	1.149	0.0	1.588	0.037	0.057	0.919	0.126	0.198	0.804
SLC32A1	Q9H598	True	VIAAT_HUMAN	GABA_byGAD2_and_SLC32A1	CPI-CS0F3055E82	SLC32A1	1.077	0.075	0.042	0.04	0.026	1.015	0.173	0.066	0.071	0.185	1.593	0.0	0.062	0.0	0.09	0.0	0.0	0.018	0.147	1.04	0.095	0.928	0.527	2.724	0.0	0.929	0.039	0.097	0.369	0.116	0.076	0.629
SLC32A1	Q9H598	True	VIAAT_HUMAN	GABA_byGAD2_and_SLC32A1	CPI-CS0AA35FDCE	SLC32A1	1.077	0.075	0.042	0.04	0.026	1.015	0.173	0.066	0.071	0.185	1.593	0.0	0.062	0.0	0.09	0.0	0.0	0.018	0.147	1.04	0.095	0.928	0.527	2.724	0.0	0.929	0.039	0.097	0.369	0.116	0.076	0.629
SLC32A1	Q9H598	True	VIAAT_HUMAN	GABA_byGAD2_and_SLC32A1	CPI-CC05D186539	SLC32A1	1.077	0.075	0.042	0.04	0.026	1.015	0.173	0.066	0.071	0.185	1.593	0.0	0.062	0.0	0.09	0.0	0.0	0.018	0.147	1.04	0.095	0.928	0.527	2.724	0.0	0.929	0.039	0.097	0.369	0.116	0.076	0.629
SLC32A1	Q9H598	True	VIAAT_HUMAN	GABA_byGAD2_and_SLC32A1	CPI-CC009DEE9FC	SLC32A1	1.077	0.075	0.042	0.04	0.026	1.015	0.173	0.066	0.071	0.185	1.593	0.0	0.062	0.0	0.09	0.0	0.0	0.018	0.147	1.04	0.095	0.928	0.527	2.724	0.0	0.929	0.039	0.097	0.369	0.116	0.076	0.629
SLC32A1	Q9H598	True	VIAAT_HUMAN	GABA_byGAD2_and_SLC32A1	CPI-CC0B5A2E9A4	SLC32A1	1.077	0.075	0.042	0.04	0.026	1.015	0.173	0.066	0.071	0.185	1.593	0.0	0.062	0.0	0.09	0.0	0.0	0.018	0.147	1.04	0.095	0.928	0.527	2.724	0.0	0.929	0.039	0.097	0.369	0.116	0.076	0.629
SLC32A1	Q9H598	True	VIAAT_HUMAN	GABA_byGAD2_and_SLC32A1	CPI-CC08151EFC9	SLC32A1	1.077	0.075	0.042	0.04	0.026	1.015	0.173	0.066	0.071	0.185	1.593	0.0	0.062	0.0	0.09	0.0	0.0	0.018	0.147	1.04	0.095	0.928	0.527	2.724	0.0	0.929	0.039	0.097	0.369	0.116	0.076	0.629
SLC32A1	Q9H598	True	VIAAT_HUMAN	GABA_byGAD2_and_SLC32A1	CPI-CC0F3C27C9B	SLC32A1	1.077	0.075	0.042	0.04	0.026	1.015	0.173	0.066	0.071	0.185	1.593	0.0	0.062	0.0	0.09	0.0	0.0	0.018	0.147	1.04	0.095	0.928	0.527	2.724	0.0	0.929	0.039	0.097	0.369	0.116	0.076	0.629
SLC32A1	Q9H598	True	VIAAT_HUMAN	GABA_byGAD2_and_SLC32A1	CPI-CC03764C8A9	SLC32A1	1.077	0.075	0.042	0.04	0.026	1.015	0.173	0.066	0.071	0.185	1.593	0.0	0.062	0.0	0.09	0.0	0.0	0.018	0.147	1.04	0.095	0.928	0.527	2.724	0.0	0.929	0.039	0.097	0.369	0.116	0.076	0.629
SLC32A1	Q9H598	True	VIAAT_HUMAN	GABA_byGAD2_and_SLC32A1	CPI-CC065D3E23E	SLC32A1	1.077	0.075	0.042	0.04	0.026	1.015	0.173	0.066	0.071	0.185	1.593	0.0	0.062	0.0	0.09	0.0	0.0	0.018	0.147	1.04	0.095	0.928	0.527	2.724	0.0	0.929	0.039	0.097	0.369	0.116	0.076	0.629
SLC32A1	Q9H598	True	VIAAT_HUMAN	GABA_byGAD2_and_SLC32A1	CPI-CC0E5F4FF5B	SLC32A1	1.077	0.075	0.042	0.04	0.026	1.015	0.173	0.066	0.071	0.185	1.593	0.0	0.062	0.0	0.09	0.0	0.0	0.018	0.147	1.04	0.095	0.928	0.527	2.724	0.0	0.929	0.039	0.097	0.369	0.116	0.076	0.629
SLC32A1	Q9H598	True	VIAAT_HUMAN	GABA_byGAD2_and_SLC32A1	CPI-CC031EA2528	SLC32A1	1.077	0.075	0.042	0.04	0.026	1.015	0.173	0.066	0.071	0.185	1.593	0.0	0.062	0.0	0.09	0.0	0.0	0.018	0.147	1.04	0.095	0.928	0.527	2.724	0.0	0.929	0.039	0.097	0.369	0.116	0.076	0.629
SLC32A1	Q9H598	True	VIAAT_HUMAN	GABA_byGAD2_and_SLC32A1	CPI-CC022137ED0	SLC32A1	1.077	0.075	0.042	0.04	0.026	1.015	0.173	0.066	0.071	0.185	1.593	0.0	0.062	0.0	0.09	0.0	0.0	0.018	0.147	1.04	0.095	0.928	0.527	2.724	0.0	0.929	0.039	0.097	0.369	0.116	0.076	0.629
SLC32A1	Q9H598	True	VIAAT_HUMAN	GABA_byGAD2_and_SLC32A1	CPI-CC0C8FD4B3E	SLC32A1	1.077	0.075	0.042	0.04	0.026	1.015	0.173	0.066	0.071	0.185	1.593	0.0	0.062	0.0	0.09	0.0	0.0	0.018	0.147	1.04	0.095	0.928	0.527	2.724	0.0	0.929	0.039	0.097	0.369	0.116	0.076	0.629
SLC32A1	Q9H598	True	VIAAT_HUMAN	GABA_byGAD2_and_SLC32A1	CPI-CC048B47F29	SLC32A1	1.077	0.075	0.042	0.04	0.026	1.015	0.173	0.066	0.071	0.185	1.593	0.0	0.062	0.0	0.09	0.0	0.0	0.018	0.147	1.04	0.095	0.928	0.527	2.724	0.0	0.929	0.039	0.097	0.369	0.116	0.076	0.629
SLC32A1	Q9H598	True	VIAAT_HUMAN	GABA_byGAD2_and_SLC32A1	CPI-CC036118540	SLC32A1	1.077	0.075	0.042	0.04	0.026	1.015	0.173	0.066	0.071	0.185	1.593	0.0	0.062	0.0	0.09	0.0	0.0	0.018	0.147	1.04	0.095	0.928	0.527	2.724	0.0	0.929	0.039	0.097	0.369	0.116	0.076	0.629
GAD2	Q05329	True	DCE2_HUMAN	GABA_byGAD2_and_SLC32A1	CPI-CS0F3055E82	GAD2	1.077	0.075	0.042	0.04	0.026	1.015	0.173	0.066	0.071	0.185	1.593	0.0	0.062	0.0	0.09	0.0	0.0	0.018	0.147	1.04	0.095	0.928	0.527	2.724	0.0	0.929	0.039	0.097	0.369	0.116	0.076	0.629
GAD2	Q05329	True	DCE2_HUMAN	GABA_byGAD2_and_SLC32A1	CPI-CS0AA35FDCE	GAD2	1.077	0.075	0.042	0.04	0.026	1.015	0.173	0.066	0.071	0.185	1.593	0.0	0.062	0.0	0.09	0.0	0.0	0.018	0.147	1.04	0.095	0.928	0.527	2.724	0.0	0.929	0.039	0.097	0.369	0.116	0.076	0.629
GAD2	Q05329	True	DCE2_HUMAN	GABA_byGAD2_and_SLC32A1	CPI-CC05D186539	GAD2	1.077	0.075	0.042	0.04	0.026	1.015	0.173	0.066	0.071	0.185	1.593	0.0	0.062	0.0	0.09	0.0	0.0	0.018	0.147	1.04	0.095	0.928	0.527	2.724	0.0	0.929	0.039	0.097	0.369	0.116	0.076	0.629
GAD2	Q05329	True	DCE2_HUMAN	GABA_byGAD2_and_SLC32A1	CPI-CC009DEE9FC	GAD2	1.077	0.075	0.042	0.04	0.026	1.015	0.173	0.066	0.071	0.185	1.593	0.0	0.062	0.0	0.09	0.0	0.0	0.018	0.147	1.04	0.095	0.928	0.527	2.724	0.0	0.929	0.039	0.097	0.369	0.116	0.076	0.629
GAD2	Q05329	True	DCE2_HUMAN	GABA_byGAD2_and_SLC32A1	CPI-CC0B5A2E9A4	GAD2	1.077	0.075	0.042	0.04	0.026	1.015	0.173	0.066	0.071	0.185	1.593	0.0	0.062	0.0	0.09	0.0	0.0	0.018	0.147	1.04	0.095	0.928	0.527	2.724	0.0	0.929	0.039	0.097	0.369	0.116	0.076	0.629
GAD2	Q05329	True	DCE2_HUMAN	GABA_byGAD2_and_SLC32A1	CPI-CC08151EFC9	GAD2	1.077	0.075	0.042	0.04	0.026	1.015	0.173	0.066	0.071	0.185	1.593	0.0	0.062	0.0	0.09	0.0	0.0	0.018	0.147	1.04	0.095	0.928	0.527	2.724	0.0	0.929	0.039	0.097	0.369	0.116	0.076	0.629
GAD2	Q05329	True	DCE2_HUMAN	GABA_byGAD2_and_SLC32A1	CPI-CC0F3C27C9B	GAD2	1.077	0.075	0.042	0.04	0.026	1.015	0.173	0.066	0.071	0.185	1.593	0.0	0.062	0.0	0.09	0.0	0.0	0.018	0.147	1.04	0.095	0.928	0.527	2.724	0.0	0.929	0.039	0.097	0.369	0.116	0.076	0.629
GAD2	Q05329	True	DCE2_HUMAN	GABA_byGAD2_and_SLC32A1	CPI-CC03764C8A9	GAD2	1.077	0.075	0.042	0.04	0.026	1.015	0.173	0.066	0.071	0.185	1.593	0.0	0.062	0.0	0.09	0.0	0.0	0.018	0.147	1.04	0.095	0.928	0.527	2.724	0.0	0.929	0.039	0.097	0.369	0.116	0.076	0.629
GAD2	Q05329	True	DCE2_HUMAN	GABA_byGAD2_and_SLC32A1	CPI-CC065D3E23E	GAD2	1.077	0.075	0.042	0.04	0.026	1.015	0.173	0.066	0.071	0.185	1.593	0.0	0.062	0.0	0.09	0.0	0.0	0.018	0.147	1.04	0.095	0.928	0.527	2.724	0.0	0.929	0.039	0.097	0.369	0.116	0.076	0.629
GAD2	Q05329	True	DCE2_HUMAN	GABA_byGAD2_and_SLC32A1	CPI-CC0E5F4FF5B	GAD2	1.077	0.075	0.042	0.04	0.026	1.015	0.173	0.066	0.071	0.185	1.593	0.0	0.062	0.0	0.09	0.0	0.0	0.018	0.147	1.04	0.095	0.928	0.527	2.724	0.0	0.929	0.039	0.097	0.369	0.116	0.076	0.629
GAD2	Q05329	True	DCE2_HUMAN	GABA_byGAD2_and_SLC32A1	CPI-CC031EA2528	GAD2	1.077	0.075	0.042	0.04	0.026	1.015	0.173	0.066	0.071	0.185	1.593	0.0	0.062	0.0	0.09	0.0	0.0	0.018	0.147	1.04	0.095	0.928	0.527	2.724	0.0	0.929	0.039	0.097	0.369	0.116	0.076	0.629
GAD2	Q05329	True	DCE2_HUMAN	GABA_byGAD2_and_SLC32A1	CPI-CC022137ED0	GAD2	1.077	0.075	0.042	0.04	0.026	1.015	0.173	0.066	0.071	0.185	1.593	0.0	0.062	0.0	0.09	0.0	0.0	0.018	0.147	1.04	0.095	0.928	0.527	2.724	0.0	0.929	0.039	0.097	0.369	0.116	0.076	0.629
GAD2	Q05329	True	DCE2_HUMAN	GABA_byGAD2_and_SLC32A1	CPI-CC0C8FD4B3E	GAD2	1.077	0.075	0.042	0.04	0.026	1.015	0.173	0.066	0.071	0.185	1.593	0.0	0.062	0.0	0.09	0.0	0.0	0.018	0.147	1.04	0.095	0.928	0.527	2.724	0.0	0.929	0.039	0.097	0.369	0.116	0.076	0.629
GAD2	Q05329	True	DCE2_HUMAN	GABA_byGAD2_and_SLC32A1	CPI-CC048B47F29	GAD2	1.077	0.075	0.042	0.04	0.026	1.015	0.173	0.066	0.071	0.185	1.593	0.0	0.062	0.0	0.09	0.0	0.0	0.018	0.147	1.04	0.095	0.928	0.527	2.724	0.0	0.929	0.039	0.097	0.369	0.116	0.076	0.629
GAD2	Q05329	True	DCE2_HUMAN	GABA_byGAD2_and_SLC32A1	CPI-CC036118540	GAD2	1.077	0.075	0.042	0.04	0.026	1.015	0.173	0.066	0.071	0.185	1.593	0.0	0.062	0.0	0.09	0.0	0.0	0.018	0.147	1.04	0.095	0.928	0.527	2.724	0.0	0.929	0.039	0.097	0.369	0.116	0.076	0.629
SLC6A1	P30531	True	SC6A1_HUMAN	GABA_byGAD2_and_SLC6A1	CPI-CS0E648EBFA	SLC6A1	1.077	0.075	0.042	0.04	0.026	1.015	0.173	0.066	0.071	0.185	1.593	0.0	0.062	0.0	0.09	0.0	0.0	0.018	0.147	1.04	0.095	0.685	0.527	2.724	0.0	0.929	0.039	0.097	0.369	0.129	0.076	0.629
SLC6A1	P30531	True	SC6A1_HUMAN	GABA_byGAD2_and_SLC6A1	CPI-CS0B096A78D	SLC6A1	1.077	0.075	0.042	0.04	0.026	1.015	0.173	0.066	0.071	0.185	1.593	0.0	0.062	0.0	0.09	0.0	0.0	0.018	0.147	1.04	0.095	0.685	0.527	2.724	0.0	0.929	0.039	0.097	0.369	0.129	0.076	0.629
SLC6A1	P30531	True	SC6A1_HUMAN	GABA_byGAD2_and_SLC6A1	CPI-CC03EB01F42	SLC6A1	1.077	0.075	0.042	0.04	0.026	1.015	0.173	0.066	0.071	0.185	1.593	0.0	0.062	0.0	0.09	0.0	0.0	0.018	0.147	1.04	0.095	0.685	0.527	2.724	0.0	0.929	0.039	0.097	0.369	0.129	0.076	0.629
SLC6A1	P30531	True	SC6A1_HUMAN	GABA_byGAD2_and_SLC6A1	CPI-CC001A2A34F	SLC6A1	1.077	0.075	0.042	0.04	0.026	1.015	0.173	0.066	0.071	0.185	1.593	0.0	0.062	0.0	0.09	0.0	0.0	0.018	0.147	1.04	0.095	0.685	0.527	2.724	0.0	0.929	0.039	0.097	0.369	0.129	0.076	0.629
SLC6A1	P30531	True	SC6A1_HUMAN	GABA_byGAD2_and_SLC6A1	CPI-CC0F110BCE5	SLC6A1	1.077	0.075	0.042	0.04	0.026	1.015	0.173	0.066	0.071	0.185	1.593	0.0	0.062	0.0	0.09	0.0	0.0	0.018	0.147	1.04	0.095	0.685	0.527	2.724	0.0	0.929	0.039	0.097	0.369	0.129	0.076	0.629
SLC6A1	P30531	True	SC6A1_HUMAN	GABA_byGAD2_and_SLC6A1	CPI-CC0B6E51683	SLC6A1	1.077	0.075	0.042	0.04	0.026	1.015	0.173	0.066	0.071	0.185	1.593	0.0	0.062	0.0	0.09	0.0	0.0	0.018	0.147	1.04	0.095	0.685	0.527	2.724	0.0	0.929	0.039	0.097	0.369	0.129	0.076	0.629
SLC6A1	P30531	True	SC6A1_HUMAN	GABA_byGAD2_and_SLC6A1	CPI-CC04EC40D20	SLC6A1	1.077	0.075	0.042	0.04	0.026	1.015	0.173	0.066	0.071	0.185	1.593	0.0	0.062	0.0	0.09	0.0	0.0	0.018	0.147	1.04	0.095	0.685	0.527	2.724	0.0	0.929	0.039	0.097	0.369	0.129	0.076	0.629
SLC6A1	P30531	True	SC6A1_HUMAN	GABA_byGAD2_and_SLC6A1	CPI-CC06C7F820C	SLC6A1	1.077	0.075	0.042	0.04	0.026	1.015	0.173	0.066	0.071	0.185	1.593	0.0	0.062	0.0	0.09	0.0	0.0	0.018	0.147	1.04	0.095	0.685	0.527	2.724	0.0	0.929	0.039	0.097	0.369	0.129	0.076	0.629
SLC6A1	P30531	True	SC6A1_HUMAN	GABA_byGAD2_and_SLC6A1	CPI-CC0CCDF6512	SLC6A1	1.077	0.075	0.042	0.04	0.026	1.015	0.173	0.066	0.071	0.185	1.593	0.0	0.062	0.0	0.09	0.0	0.0	0.018	0.147	1.04	0.095	0.685	0.527	2.724	0.0	0.929	0.039	0.097	0.369	0.129	0.076	0.629
SLC6A1	P30531	True	SC6A1_HUMAN	GABA_byGAD2_and_SLC6A1	CPI-CC027602671	SLC6A1	1.077	0.075	0.042	0.04	0.026	1.015	0.173	0.066	0.071	0.185	1.593	0.0	0.062	0.0	0.09	0.0	0.0	0.018	0.147	1.04	0.095	0.685	0.527	2.724	0.0	0.929	0.039	0.097	0.369	0.129	0.076	0.629
SLC6A1	P30531	True	SC6A1_HUMAN	GABA_byGAD2_and_SLC6A1	CPI-CC0BCCDDCB8	SLC6A1	1.077	0.075	0.042	0.04	0.026	1.015	0.173	0.066	0.071	0.185	1.593	0.0	0.062	0.0	0.09	0.0	0.0	0.018	0.147	1.04	0.095	0.685	0.527	2.724	0.0	0.929	0.039	0.097	0.369	0.129	0.076	0.629
SLC6A1	P30531	True	SC6A1_HUMAN	GABA_byGAD2_and_SLC6A1	CPI-CC0E0BDF879	SLC6A1	1.077	0.075	0.042	0.04	0.026	1.015	0.173	0.066	0.071	0.185	1.593	0.0	0.062	0.0	0.09	0.0	0.0	0.018	0.147	1.04	0.095	0.685	0.527	2.724	0.0	0.929	0.039	0.097	0.369	0.129	0.076	0.629
SLC6A1	P30531	True	SC6A1_HUMAN	GABA_byGAD2_and_SLC6A1	CPI-CC040C320D0	SLC6A1	1.077	0.075	0.042	0.04	0.026	1.015	0.173	0.066	0.071	0.185	1.593	0.0	0.062	0.0	0.09	0.0	0.0	0.018	0.147	1.04	0.095	0.685	0.527	2.724	0.0	0.929	0.039	0.097	0.369	0.129	0.076	0.629
SLC6A1	P30531	True	SC6A1_HUMAN	GABA_byGAD2_and_SLC6A1	CPI-CC0DFF111CC	SLC6A1	1.077	0.075	0.042	0.04	0.026	1.015	0.173	0.066	0.071	0.185	1.593	0.0	0.062	0.0	0.09	0.0	0.0	0.018	0.147	1.04	0.095	0.685	0.527	2.724	0.0	0.929	0.039	0.097	0.369	0.129	0.076	0.629
SLC6A1	P30531	True	SC6A1_HUMAN	GABA_byGAD2_and_SLC6A1	CPI-CC0B15D50A3	SLC6A1	1.077	0.075	0.042	0.04	0.026	1.015	0.173	0.066	0.071	0.185	1.593	0.0	0.062	0.0	0.09	0.0	0.0	0.018	0.147	1.04	0.095	0.685	0.527	2.724	0.0	0.929	0.039	0.097	0.369	0.129	0.076	0.629
GAD2	Q05329	True	DCE2_HUMAN	GABA_byGAD2_and_SLC6A1	CPI-CS0E648EBFA	GAD2	1.077	0.075	0.042	0.04	0.026	1.015	0.173	0.066	0.071	0.185	1.593	0.0	0.062	0.0	0.09	0.0	0.0	0.018	0.147	1.04	0.095	0.685	0.527	2.724	0.0	0.929	0.039	0.097	0.369	0.129	0.076	0.629
GAD2	Q05329	True	DCE2_HUMAN	GABA_byGAD2_and_SLC6A1	CPI-CS0B096A78D	GAD2	1.077	0.075	0.042	0.04	0.026	1.015	0.173	0.066	0.071	0.185	1.593	0.0	0.062	0.0	0.09	0.0	0.0	0.018	0.147	1.04	0.095	0.685	0.527	2.724	0.0	0.929	0.039	0.097	0.369	0.129	0.076	0.629
GAD2	Q05329	True	DCE2_HUMAN	GABA_byGAD2_and_SLC6A1	CPI-CC03EB01F42	GAD2	1.077	0.075	0.042	0.04	0.026	1.015	0.173	0.066	0.071	0.185	1.593	0.0	0.062	0.0	0.09	0.0	0.0	0.018	0.147	1.04	0.095	0.685	0.527	2.724	0.0	0.929	0.039	0.097	0.369	0.129	0.076	0.629
GAD2	Q05329	True	DCE2_HUMAN	GABA_byGAD2_and_SLC6A1	CPI-CC001A2A34F	GAD2	1.077	0.075	0.042	0.04	0.026	1.015	0.173	0.066	0.071	0.185	1.593	0.0	0.062	0.0	0.09	0.0	0.0	0.018	0.147	1.04	0.095	0.685	0.527	2.724	0.0	0.929	0.039	0.097	0.369	0.129	0.076	0.629
GAD2	Q05329	True	DCE2_HUMAN	GABA_byGAD2_and_SLC6A1	CPI-CC0F110BCE5	GAD2	1.077	0.075	0.042	0.04	0.026	1.015	0.173	0.066	0.071	0.185	1.593	0.0	0.062	0.0	0.09	0.0	0.0	0.018	0.147	1.04	0.095	0.685	0.527	2.724	0.0	0.929	0.039	0.097	0.369	0.129	0.076	0.629
GAD2	Q05329	True	DCE2_HUMAN	GABA_byGAD2_and_SLC6A1	CPI-CC0B6E51683	GAD2	1.077	0.075	0.042	0.04	0.026	1.015	0.173	0.066	0.071	0.185	1.593	0.0	0.062	0.0	0.09	0.0	0.0	0.018	0.147	1.04	0.095	0.685	0.527	2.724	0.0	0.929	0.039	0.097	0.369	0.129	0.076	0.629
GAD2	Q05329	True	DCE2_HUMAN	GABA_byGAD2_and_SLC6A1	CPI-CC04EC40D20	GAD2	1.077	0.075	0.042	0.04	0.026	1.015	0.173	0.066	0.071	0.185	1.593	0.0	0.062	0.0	0.09	0.0	0.0	0.018	0.147	1.04	0.095	0.685	0.527	2.724	0.0	0.929	0.039	0.097	0.369	0.129	0.076	0.629
GAD2	Q05329	True	DCE2_HUMAN	GABA_byGAD2_and_SLC6A1	CPI-CC06C7F820C	GAD2	1.077	0.075	0.042	0.04	0.026	1.015	0.173	0.066	0.071	0.185	1.593	0.0	0.062	0.0	0.09	0.0	0.0	0.018	0.147	1.04	0.095	0.685	0.527	2.724	0.0	0.929	0.039	0.097	0.369	0.129	0.076	0.629
GAD2	Q05329	True	DCE2_HUMAN	GABA_byGAD2_and_SLC6A1	CPI-CC0CCDF6512	GAD2	1.077	0.075	0.042	0.04	0.026	1.015	0.173	0.066	0.071	0.185	1.593	0.0	0.062	0.0	0.09	0.0	0.0	0.018	0.147	1.04	0.095	0.685	0.527	2.724	0.0	0.929	0.039	0.097	0.369	0.129	0.076	0.629
GAD2	Q05329	True	DCE2_HUMAN	GABA_byGAD2_and_SLC6A1	CPI-CC027602671	GAD2	1.077	0.075	0.042	0.04	0.026	1.015	0.173	0.066	0.071	0.185	1.593	0.0	0.062	0.0	0.09	0.0	0.0	0.018	0.147	1.04	0.095	0.685	0.527	2.724	0.0	0.929	0.039	0.097	0.369	0.129	0.076	0.629
GAD2	Q05329	True	DCE2_HUMAN	GABA_byGAD2_and_SLC6A1	CPI-CC0BCCDDCB8	GAD2	1.077	0.075	0.042	0.04	0.026	1.015	0.173	0.066	0.071	0.185	1.593	0.0	0.062	0.0	0.09	0.0	0.0	0.018	0.147	1.04	0.095	0.685	0.527	2.724	0.0	0.929	0.039	0.097	0.369	0.129	0.076	0.629
GAD2	Q05329	True	DCE2_HUMAN	GABA_byGAD2_and_SLC6A1	CPI-CC0E0BDF879	GAD2	1.077	0.075	0.042	0.04	0.026	1.015	0.173	0.066	0.071	0.185	1.593	0.0	0.062	0.0	0.09	0.0	0.0	0.018	0.147	1.04	0.095	0.685	0.527	2.724	0.0	0.929	0.039	0.097	0.369	0.129	0.076	0.629
GAD2	Q05329	True	DCE2_HUMAN	GABA_byGAD2_and_SLC6A1	CPI-CC040C320D0	GAD2	1.077	0.075	0.042	0.04	0.026	1.015	0.173	0.066	0.071	0.185	1.593	0.0	0.062	0.0	0.09	0.0	0.0	0.018	0.147	1.04	0.095	0.685	0.527	2.724	0.0	0.929	0.039	0.097	0.369	0.129	0.076	0.629
GAD2	Q05329	True	DCE2_HUMAN	GABA_byGAD2_and_SLC6A1	CPI-CC0DFF111CC	GAD2	1.077	0.075	0.042	0.04	0.026	1.015	0.173	0.066	0.071	0.185	1.593	0.0	0.062	0.0	0.09	0.0	0.0	0.018	0.147	1.04	0.095	0.685	0.527	2.724	0.0	0.929	0.039	0.097	0.369	0.129	0.076	0.629
GAD2	Q05329	True	DCE2_HUMAN	GABA_byGAD2_and_SLC6A1	CPI-CC0B15D50A3	GAD2	1.077	0.075	0.042	0.04	0.026	1.015	0.173	0.066	0.071	0.185	1.593	0.0	0.062	0.0	0.09	0.0	0.0	0.018	0.147	1.04	0.095	0.685	0.527	2.724	0.0	0.929	0.039	0.097	0.369	0.129	0.076	0.629
SLC6A11	P48066	True	S6A11_HUMAN	GABA_byGAD2_and_SLC6A11	CPI-CS0E6EE9A46	SLC6A11	0.148	0.07	0.042	0.04	0.026	0.119	0.173	0.066	0.0	0.0	0.063	0.0	0.062	0.0	0.09	0.0	0.0	0.0	0.147	0.024	0.03	0.247	0.231	0.0	0.0	0.24	0.039	0.097	0.04	0.129	0.076	0.181
SLC6A11	P48066	True	S6A11_HUMAN	GABA_byGAD2_and_SLC6A11	CPI-CS02F1A072B	SLC6A11	0.148	0.07	0.042	0.04	0.026	0.119	0.173	0.066	0.0	0.0	0.063	0.0	0.062	0.0	0.09	0.0	0.0	0.0	0.147	0.024	0.03	0.247	0.231	0.0	0.0	0.24	0.039	0.097	0.04	0.129	0.076	0.181
SLC6A11	P48066	True	S6A11_HUMAN	GABA_byGAD2_and_SLC6A11	CPI-CC076D3C70C	SLC6A11	0.148	0.07	0.042	0.04	0.026	0.119	0.173	0.066	0.0	0.0	0.063	0.0	0.062	0.0	0.09	0.0	0.0	0.0	0.147	0.024	0.03	0.247	0.231	0.0	0.0	0.24	0.039	0.097	0.04	0.129	0.076	0.181
SLC6A11	P48066	True	S6A11_HUMAN	GABA_byGAD2_and_SLC6A11	CPI-CC03AD613BA	SLC6A11	0.148	0.07	0.042	0.04	0.026	0.119	0.173	0.066	0.0	0.0	0.063	0.0	0.062	0.0	0.09	0.0	0.0	0.0	0.147	0.024	0.03	0.247	0.231	0.0	0.0	0.24	0.039	0.097	0.04	0.129	0.076	0.181
SLC6A11	P48066	True	S6A11_HUMAN	GABA_byGAD2_and_SLC6A11	CPI-CC01E8115FE	SLC6A11	0.148	0.07	0.042	0.04	0.026	0.119	0.173	0.066	0.0	0.0	0.063	0.0	0.062	0.0	0.09	0.0	0.0	0.0	0.147	0.024	0.03	0.247	0.231	0.0	0.0	0.24	0.039	0.097	0.04	0.129	0.076	0.181
SLC6A11	P48066	True	S6A11_HUMAN	GABA_byGAD2_and_SLC6A11	CPI-CC0F935E8FA	SLC6A11	0.148	0.07	0.042	0.04	0.026	0.119	0.173	0.066	0.0	0.0	0.063	0.0	0.062	0.0	0.09	0.0	0.0	0.0	0.147	0.024	0.03	0.247	0.231	0.0	0.0	0.24	0.039	0.097	0.04	0.129	0.076	0.181
SLC6A11	P48066	True	S6A11_HUMAN	GABA_byGAD2_and_SLC6A11	CPI-CC06080894C	SLC6A11	0.148	0.07	0.042	0.04	0.026	0.119	0.173	0.066	0.0	0.0	0.063	0.0	0.062	0.0	0.09	0.0	0.0	0.0	0.147	0.024	0.03	0.247	0.231	0.0	0.0	0.24	0.039	0.097	0.04	0.129	0.076	0.181
SLC6A11	P48066	True	S6A11_HUMAN	GABA_byGAD2_and_SLC6A11	CPI-CC08E2CA1DE	SLC6A11	0.148	0.07	0.042	0.04	0.026	0.119	0.173	0.066	0.0	0.0	0.063	0.0	0.062	0.0	0.09	0.0	0.0	0.0	0.147	0.024	0.03	0.247	0.231	0.0	0.0	0.24	0.039	0.097	0.04	0.129	0.076	0.181
SLC6A11	P48066	True	S6A11_HUMAN	GABA_byGAD2_and_SLC6A11	CPI-CC0079A0DC0	SLC6A11	0.148	0.07	0.042	0.04	0.026	0.119	0.173	0.066	0.0	0.0	0.063	0.0	0.062	0.0	0.09	0.0	0.0	0.0	0.147	0.024	0.03	0.247	0.231	0.0	0.0	0.24	0.039	0.097	0.04	0.129	0.076	0.181
SLC6A11	P48066	True	S6A11_HUMAN	GABA_byGAD2_and_SLC6A11	CPI-CC0F159ADC3	SLC6A11	0.148	0.07	0.042	0.04	0.026	0.119	0.173	0.066	0.0	0.0	0.063	0.0	0.062	0.0	0.09	0.0	0.0	0.0	0.147	0.024	0.03	0.247	0.231	0.0	0.0	0.24	0.039	0.097	0.04	0.129	0.076	0.181
SLC6A11	P48066	True	S6A11_HUMAN	GABA_byGAD2_and_SLC6A11	CPI-CC012A2C2D0	SLC6A11	0.148	0.07	0.042	0.04	0.026	0.119	0.173	0.066	0.0	0.0	0.063	0.0	0.062	0.0	0.09	0.0	0.0	0.0	0.147	0.024	0.03	0.247	0.231	0.0	0.0	0.24	0.039	0.097	0.04	0.129	0.076	0.181
SLC6A11	P48066	True	S6A11_HUMAN	GABA_byGAD2_and_SLC6A11	CPI-CC0B0DD552B	SLC6A11	0.148	0.07	0.042	0.04	0.026	0.119	0.173	0.066	0.0	0.0	0.063	0.0	0.062	0.0	0.09	0.0	0.0	0.0	0.147	0.024	0.03	0.247	0.231	0.0	0.0	0.24	0.039	0.097	0.04	0.129	0.076	0.181
SLC6A11	P48066	True	S6A11_HUMAN	GABA_byGAD2_and_SLC6A11	CPI-CC0F35FBFA4	SLC6A11	0.148	0.07	0.042	0.04	0.026	0.119	0.173	0.066	0.0	0.0	0.063	0.0	0.062	0.0	0.09	0.0	0.0	0.0	0.147	0.024	0.03	0.247	0.231	0.0	0.0	0.24	0.039	0.097	0.04	0.129	0.076	0.181
SLC6A11	P48066	True	S6A11_HUMAN	GABA_byGAD2_and_SLC6A11	CPI-CC0369BDF1F	SLC6A11	0.148	0.07	0.042	0.04	0.026	0.119	0.173	0.066	0.0	0.0	0.063	0.0	0.062	0.0	0.09	0.0	0.0	0.0	0.147	0.024	0.03	0.247	0.231	0.0	0.0	0.24	0.039	0.097	0.04	0.129	0.076	0.181
SLC6A11	P48066	True	S6A11_HUMAN	GABA_byGAD2_and_SLC6A11	CPI-CC0BCA2ED1E	SLC6A11	0.148	0.07	0.042	0.04	0.026	0.119	0.173	0.066	0.0	0.0	0.063	0.0	0.062	0.0	0.09	0.0	0.0	0.0	0.147	0.024	0.03	0.247	0.231	0.0	0.0	0.24	0.039	0.097	0.04	0.129	0.076	0.181
GAD2	Q05329	True	DCE2_HUMAN	GABA_byGAD2_and_SLC6A11	CPI-CS0E6EE9A46	GAD2	0.148	0.07	0.042	0.04	0.026	0.119	0.173	0.066	0.0	0.0	0.063	0.0	0.062	0.0	0.09	0.0	0.0	0.0	0.147	0.024	0.03	0.247	0.231	0.0	0.0	0.24	0.039	0.097	0.04	0.129	0.076	0.181
GAD2	Q05329	True	DCE2_HUMAN	GABA_byGAD2_and_SLC6A11	CPI-CS02F1A072B	GAD2	0.148	0.07	0.042	0.04	0.026	0.119	0.173	0.066	0.0	0.0	0.063	0.0	0.062	0.0	0.09	0.0	0.0	0.0	0.147	0.024	0.03	0.247	0.231	0.0	0.0	0.24	0.039	0.097	0.04	0.129	0.076	0.181
GAD2	Q05329	True	DCE2_HUMAN	GABA_byGAD2_and_SLC6A11	CPI-CC076D3C70C	GAD2	0.148	0.07	0.042	0.04	0.026	0.119	0.173	0.066	0.0	0.0	0.063	0.0	0.062	0.0	0.09	0.0	0.0	0.0	0.147	0.024	0.03	0.247	0.231	0.0	0.0	0.24	0.039	0.097	0.04	0.129	0.076	0.181
GAD2	Q05329	True	DCE2_HUMAN	GABA_byGAD2_and_SLC6A11	CPI-CC03AD613BA	GAD2	0.148	0.07	0.042	0.04	0.026	0.119	0.173	0.066	0.0	0.0	0.063	0.0	0.062	0.0	0.09	0.0	0.0	0.0	0.147	0.024	0.03	0.247	0.231	0.0	0.0	0.24	0.039	0.097	0.04	0.129	0.076	0.181
GAD2	Q05329	True	DCE2_HUMAN	GABA_byGAD2_and_SLC6A11	CPI-CC01E8115FE	GAD2	0.148	0.07	0.042	0.04	0.026	0.119	0.173	0.066	0.0	0.0	0.063	0.0	0.062	0.0	0.09	0.0	0.0	0.0	0.147	0.024	0.03	0.247	0.231	0.0	0.0	0.24	0.039	0.097	0.04	0.129	0.076	0.181
GAD2	Q05329	True	DCE2_HUMAN	GABA_byGAD2_and_SLC6A11	CPI-CC0F935E8FA	GAD2	0.148	0.07	0.042	0.04	0.026	0.119	0.173	0.066	0.0	0.0	0.063	0.0	0.062	0.0	0.09	0.0	0.0	0.0	0.147	0.024	0.03	0.247	0.231	0.0	0.0	0.24	0.039	0.097	0.04	0.129	0.076	0.181
GAD2	Q05329	True	DCE2_HUMAN	GABA_byGAD2_and_SLC6A11	CPI-CC06080894C	GAD2	0.148	0.07	0.042	0.04	0.026	0.119	0.173	0.066	0.0	0.0	0.063	0.0	0.062	0.0	0.09	0.0	0.0	0.0	0.147	0.024	0.03	0.247	0.231	0.0	0.0	0.24	0.039	0.097	0.04	0.129	0.076	0.181
GAD2	Q05329	True	DCE2_HUMAN	GABA_byGAD2_and_SLC6A11	CPI-CC08E2CA1DE	GAD2	0.148	0.07	0.042	0.04	0.026	0.119	0.173	0.066	0.0	0.0	0.063	0.0	0.062	0.0	0.09	0.0	0.0	0.0	0.147	0.024	0.03	0.247	0.231	0.0	0.0	0.24	0.039	0.097	0.04	0.129	0.076	0.181
GAD2	Q05329	True	DCE2_HUMAN	GABA_byGAD2_and_SLC6A11	CPI-CC0079A0DC0	GAD2	0.148	0.07	0.042	0.04	0.026	0.119	0.173	0.066	0.0	0.0	0.063	0.0	0.062	0.0	0.09	0.0	0.0	0.0	0.147	0.024	0.03	0.247	0.231	0.0	0.0	0.24	0.039	0.097	0.04	0.129	0.076	0.181
GAD2	Q05329	True	DCE2_HUMAN	GABA_byGAD2_and_SLC6A11	CPI-CC0F159ADC3	GAD2	0.148	0.07	0.042	0.04	0.026	0.119	0.173	0.066	0.0	0.0	0.063	0.0	0.062	0.0	0.09	0.0	0.0	0.0	0.147	0.024	0.03	0.247	0.231	0.0	0.0	0.24	0.039	0.097	0.04	0.129	0.076	0.181
GAD2	Q05329	True	DCE2_HUMAN	GABA_byGAD2_and_SLC6A11	CPI-CC012A2C2D0	GAD2	0.148	0.07	0.042	0.04	0.026	0.119	0.173	0.066	0.0	0.0	0.063	0.0	0.062	0.0	0.09	0.0	0.0	0.0	0.147	0.024	0.03	0.247	0.231	0.0	0.0	0.24	0.039	0.097	0.04	0.129	0.076	0.181
GAD2	Q05329	True	DCE2_HUMAN	GABA_byGAD2_and_SLC6A11	CPI-CC0B0DD552B	GAD2	0.148	0.07	0.042	0.04	0.026	0.119	0.173	0.066	0.0	0.0	0.063	0.0	0.062	0.0	0.09	0.0	0.0	0.0	0.147	0.024	0.03	0.247	0.231	0.0	0.0	0.24	0.039	0.097	0.04	0.129	0.076	0.181
GAD2	Q05329	True	DCE2_HUMAN	GABA_byGAD2_and_SLC6A11	CPI-CC0F35FBFA4	GAD2	0.148	0.07	0.042	0.04	0.026	0.119	0.173	0.066	0.0	0.0	0.063	0.0	0.062	0.0	0.09	0.0	0.0	0.0	0.147	0.024	0.03	0.247	0.231	0.0	0.0	0.24	0.039	0.097	0.04	0.129	0.076	0.181
GAD2	Q05329	True	DCE2_HUMAN	GABA_byGAD2_and_SLC6A11	CPI-CC0369BDF1F	GAD2	0.148	0.07	0.042	0.04	0.026	0.119	0.173	0.066	0.0	0.0	0.063	0.0	0.062	0.0	0.09	0.0	0.0	0.0	0.147	0.024	0.03	0.247	0.231	0.0	0.0	0.24	0.039	0.097	0.04	0.129	0.076	0.181
GAD2	Q05329	True	DCE2_HUMAN	GABA_byGAD2_and_SLC6A11	CPI-CC0BCA2ED1E	GAD2	0.148	0.07	0.042	0.04	0.026	0.119	0.173	0.066	0.0	0.0	0.063	0.0	0.062	0.0	0.09	0.0	0.0	0.0	0.147	0.024	0.03	0.247	0.231	0.0	0.0	0.24	0.039	0.097	0.04	0.129	0.076	0.181
SLC6A12	P48065	True	S6A12_HUMAN	GABA_byGAD2_and_SLC6A12	CPI-CS0B3E748FB	SLC6A12	0.001	0.0	0.0	0.0	0.0	0.0	0.0	0.0	0.0	0.0	0.0	0.0	0.0	0.0	0.0	0.0	0.0	0.0	0.0	0.0	0.0	0.0	0.0	0.0	0.0	0.0	0.0	0.0	0.0	0.0	0.0	0.0
SLC6A12	P48065	True	S6A12_HUMAN	GABA_byGAD2_and_SLC6A12	CPI-CS04A744DD8	SLC6A12	0.001	0.0	0.0	0.0	0.0	0.0	0.0	0.0	0.0	0.0	0.0	0.0	0.0	0.0	0.0	0.0	0.0	0.0	0.0	0.0	0.0	0.0	0.0	0.0	0.0	0.0	0.0	0.0	0.0	0.0	0.0	0.0
SLC6A12	P48065	True	S6A12_HUMAN	GABA_byGAD2_and_SLC6A12	CPI-CC0D1121E32	SLC6A12	0.001	0.0	0.0	0.0	0.0	0.0	0.0	0.0	0.0	0.0	0.0	0.0	0.0	0.0	0.0	0.0	0.0	0.0	0.0	0.0	0.0	0.0	0.0	0.0	0.0	0.0	0.0	0.0	0.0	0.0	0.0	0.0
SLC6A12	P48065	True	S6A12_HUMAN	GABA_byGAD2_and_SLC6A12	CPI-CC018526C0E	SLC6A12	0.001	0.0	0.0	0.0	0.0	0.0	0.0	0.0	0.0	0.0	0.0	0.0	0.0	0.0	0.0	0.0	0.0	0.0	0.0	0.0	0.0	0.0	0.0	0.0	0.0	0.0	0.0	0.0	0.0	0.0	0.0	0.0
SLC6A12	P48065	True	S6A12_HUMAN	GABA_byGAD2_and_SLC6A12	CPI-CC054F031D4	SLC6A12	0.001	0.0	0.0	0.0	0.0	0.0	0.0	0.0	0.0	0.0	0.0	0.0	0.0	0.0	0.0	0.0	0.0	0.0	0.0	0.0	0.0	0.0	0.0	0.0	0.0	0.0	0.0	0.0	0.0	0.0	0.0	0.0
SLC6A12	P48065	True	S6A12_HUMAN	GABA_byGAD2_and_SLC6A12	CPI-CC054EBEFC4	SLC6A12	0.001	0.0	0.0	0.0	0.0	0.0	0.0	0.0	0.0	0.0	0.0	0.0	0.0	0.0	0.0	0.0	0.0	0.0	0.0	0.0	0.0	0.0	0.0	0.0	0.0	0.0	0.0	0.0	0.0	0.0	0.0	0.0
SLC6A12	P48065	True	S6A12_HUMAN	GABA_byGAD2_and_SLC6A12	CPI-CC0E15506F9	SLC6A12	0.001	0.0	0.0	0.0	0.0	0.0	0.0	0.0	0.0	0.0	0.0	0.0	0.0	0.0	0.0	0.0	0.0	0.0	0.0	0.0	0.0	0.0	0.0	0.0	0.0	0.0	0.0	0.0	0.0	0.0	0.0	0.0
SLC6A12	P48065	True	S6A12_HUMAN	GABA_byGAD2_and_SLC6A12	CPI-CC02F84E602	SLC6A12	0.001	0.0	0.0	0.0	0.0	0.0	0.0	0.0	0.0	0.0	0.0	0.0	0.0	0.0	0.0	0.0	0.0	0.0	0.0	0.0	0.0	0.0	0.0	0.0	0.0	0.0	0.0	0.0	0.0	0.0	0.0	0.0
SLC6A12	P48065	True	S6A12_HUMAN	GABA_byGAD2_and_SLC6A12	CPI-CC04925CA26	SLC6A12	0.001	0.0	0.0	0.0	0.0	0.0	0.0	0.0	0.0	0.0	0.0	0.0	0.0	0.0	0.0	0.0	0.0	0.0	0.0	0.0	0.0	0.0	0.0	0.0	0.0	0.0	0.0	0.0	0.0	0.0	0.0	0.0
SLC6A12	P48065	True	S6A12_HUMAN	GABA_byGAD2_and_SLC6A12	CPI-CC0822A0807	SLC6A12	0.001	0.0	0.0	0.0	0.0	0.0	0.0	0.0	0.0	0.0	0.0	0.0	0.0	0.0	0.0	0.0	0.0	0.0	0.0	0.0	0.0	0.0	0.0	0.0	0.0	0.0	0.0	0.0	0.0	0.0	0.0	0.0
SLC6A12	P48065	True	S6A12_HUMAN	GABA_byGAD2_and_SLC6A12	CPI-CC0C4980773	SLC6A12	0.001	0.0	0.0	0.0	0.0	0.0	0.0	0.0	0.0	0.0	0.0	0.0	0.0	0.0	0.0	0.0	0.0	0.0	0.0	0.0	0.0	0.0	0.0	0.0	0.0	0.0	0.0	0.0	0.0	0.0	0.0	0.0
SLC6A12	P48065	True	S6A12_HUMAN	GABA_byGAD2_and_SLC6A12	CPI-CC056CE8934	SLC6A12	0.001	0.0	0.0	0.0	0.0	0.0	0.0	0.0	0.0	0.0	0.0	0.0	0.0	0.0	0.0	0.0	0.0	0.0	0.0	0.0	0.0	0.0	0.0	0.0	0.0	0.0	0.0	0.0	0.0	0.0	0.0	0.0
SLC6A12	P48065	True	S6A12_HUMAN	GABA_byGAD2_and_SLC6A12	CPI-CC070C2A38F	SLC6A12	0.001	0.0	0.0	0.0	0.0	0.0	0.0	0.0	0.0	0.0	0.0	0.0	0.0	0.0	0.0	0.0	0.0	0.0	0.0	0.0	0.0	0.0	0.0	0.0	0.0	0.0	0.0	0.0	0.0	0.0	0.0	0.0
SLC6A12	P48065	True	S6A12_HUMAN	GABA_byGAD2_and_SLC6A12	CPI-CC0282C8E5C	SLC6A12	0.001	0.0	0.0	0.0	0.0	0.0	0.0	0.0	0.0	0.0	0.0	0.0	0.0	0.0	0.0	0.0	0.0	0.0	0.0	0.0	0.0	0.0	0.0	0.0	0.0	0.0	0.0	0.0	0.0	0.0	0.0	0.0
SLC6A12	P48065	True	S6A12_HUMAN	GABA_byGAD2_and_SLC6A12	CPI-CC0D2769925	SLC6A12	0.001	0.0	0.0	0.0	0.0	0.0	0.0	0.0	0.0	0.0	0.0	0.0	0.0	0.0	0.0	0.0	0.0	0.0	0.0	0.0	0.0	0.0	0.0	0.0	0.0	0.0	0.0	0.0	0.0	0.0	0.0	0.0
GAD2	Q05329	True	DCE2_HUMAN	GABA_byGAD2_and_SLC6A12	CPI-CS0B3E748FB	GAD2	0.001	0.0	0.0	0.0	0.0	0.0	0.0	0.0	0.0	0.0	0.0	0.0	0.0	0.0	0.0	0.0	0.0	0.0	0.0	0.0	0.0	0.0	0.0	0.0	0.0	0.0	0.0	0.0	0.0	0.0	0.0	0.0
GAD2	Q05329	True	DCE2_HUMAN	GABA_byGAD2_and_SLC6A12	CPI-CS04A744DD8	GAD2	0.001	0.0	0.0	0.0	0.0	0.0	0.0	0.0	0.0	0.0	0.0	0.0	0.0	0.0	0.0	0.0	0.0	0.0	0.0	0.0	0.0	0.0	0.0	0.0	0.0	0.0	0.0	0.0	0.0	0.0	0.0	0.0
GAD2	Q05329	True	DCE2_HUMAN	GABA_byGAD2_and_SLC6A12	CPI-CC0D1121E32	GAD2	0.001	0.0	0.0	0.0	0.0	0.0	0.0	0.0	0.0	0.0	0.0	0.0	0.0	0.0	0.0	0.0	0.0	0.0	0.0	0.0	0.0	0.0	0.0	0.0	0.0	0.0	0.0	0.0	0.0	0.0	0.0	0.0
GAD2	Q05329	True	DCE2_HUMAN	GABA_byGAD2_and_SLC6A12	CPI-CC018526C0E	GAD2	0.001	0.0	0.0	0.0	0.0	0.0	0.0	0.0	0.0	0.0	0.0	0.0	0.0	0.0	0.0	0.0	0.0	0.0	0.0	0.0	0.0	0.0	0.0	0.0	0.0	0.0	0.0	0.0	0.0	0.0	0.0	0.0
GAD2	Q05329	True	DCE2_HUMAN	GABA_byGAD2_and_SLC6A12	CPI-CC054F031D4	GAD2	0.001	0.0	0.0	0.0	0.0	0.0	0.0	0.0	0.0	0.0	0.0	0.0	0.0	0.0	0.0	0.0	0.0	0.0	0.0	0.0	0.0	0.0	0.0	0.0	0.0	0.0	0.0	0.0	0.0	0.0	0.0	0.0
GAD2	Q05329	True	DCE2_HUMAN	GABA_byGAD2_and_SLC6A12	CPI-CC054EBEFC4	GAD2	0.001	0.0	0.0	0.0	0.0	0.0	0.0	0.0	0.0	0.0	0.0	0.0	0.0	0.0	0.0	0.0	0.0	0.0	0.0	0.0	0.0	0.0	0.0	0.0	0.0	0.0	0.0	0.0	0.0	0.0	0.0	0.0
GAD2	Q05329	True	DCE2_HUMAN	GABA_byGAD2_and_SLC6A12	CPI-CC0E15506F9	GAD2	0.001	0.0	0.0	0.0	0.0	0.0	0.0	0.0	0.0	0.0	0.0	0.0	0.0	0.0	0.0	0.0	0.0	0.0	0.0	0.0	0.0	0.0	0.0	0.0	0.0	0.0	0.0	0.0	0.0	0.0	0.0	0.0
GAD2	Q05329	True	DCE2_HUMAN	GABA_byGAD2_and_SLC6A12	CPI-CC02F84E602	GAD2	0.001	0.0	0.0	0.0	0.0	0.0	0.0	0.0	0.0	0.0	0.0	0.0	0.0	0.0	0.0	0.0	0.0	0.0	0.0	0.0	0.0	0.0	0.0	0.0	0.0	0.0	0.0	0.0	0.0	0.0	0.0	0.0
GAD2	Q05329	True	DCE2_HUMAN	GABA_byGAD2_and_SLC6A12	CPI-CC04925CA26	GAD2	0.001	0.0	0.0	0.0	0.0	0.0	0.0	0.0	0.0	0.0	0.0	0.0	0.0	0.0	0.0	0.0	0.0	0.0	0.0	0.0	0.0	0.0	0.0	0.0	0.0	0.0	0.0	0.0	0.0	0.0	0.0	0.0
GAD2	Q05329	True	DCE2_HUMAN	GABA_byGAD2_and_SLC6A12	CPI-CC0822A0807	GAD2	0.001	0.0	0.0	0.0	0.0	0.0	0.0	0.0	0.0	0.0	0.0	0.0	0.0	0.0	0.0	0.0	0.0	0.0	0.0	0.0	0.0	0.0	0.0	0.0	0.0	0.0	0.0	0.0	0.0	0.0	0.0	0.0
GAD2	Q05329	True	DCE2_HUMAN	GABA_byGAD2_and_SLC6A12	CPI-CC0C4980773	GAD2	0.001	0.0	0.0	0.0	0.0	0.0	0.0	0.0	0.0	0.0	0.0	0.0	0.0	0.0	0.0	0.0	0.0	0.0	0.0	0.0	0.0	0.0	0.0	0.0	0.0	0.0	0.0	0.0	0.0	0.0	0.0	0.0
GAD2	Q05329	True	DCE2_HUMAN	GABA_byGAD2_and_SLC6A12	CPI-CC056CE8934	GAD2	0.001	0.0	0.0	0.0	0.0	0.0	0.0	0.0	0.0	0.0	0.0	0.0	0.0	0.0	0.0	0.0	0.0	0.0	0.0	0.0	0.0	0.0	0.0	0.0	0.0	0.0	0.0	0.0	0.0	0.0	0.0	0.0
GAD2	Q05329	True	DCE2_HUMAN	GABA_byGAD2_and_SLC6A12	CPI-CC070C2A38F	GAD2	0.001	0.0	0.0	0.0	0.0	0.0	0.0	0.0	0.0	0.0	0.0	0.0	0.0	0.0	0.0	0.0	0.0	0.0	0.0	0.0	0.0	0.0	0.0	0.0	0.0	0.0	0.0	0.0	0.0	0.0	0.0	0.0
GAD2	Q05329	True	DCE2_HUMAN	GABA_byGAD2_and_SLC6A12	CPI-CC0282C8E5C	GAD2	0.001	0.0	0.0	0.0	0.0	0.0	0.0	0.0	0.0	0.0	0.0	0.0	0.0	0.0	0.0	0.0	0.0	0.0	0.0	0.0	0.0	0.0	0.0	0.0	0.0	0.0	0.0	0.0	0.0	0.0	0.0	0.0
GAD2	Q05329	True	DCE2_HUMAN	GABA_byGAD2_and_SLC6A12	CPI-CC0D2769925	GAD2	0.001	0.0	0.0	0.0	0.0	0.0	0.0	0.0	0.0	0.0	0.0	0.0	0.0	0.0	0.0	0.0	0.0	0.0	0.0	0.0	0.0	0.0	0.0	0.0	0.0	0.0	0.0	0.0	0.0	0.0	0.0	0.0
SLC6A13	Q9NSD5	True	S6A13_HUMAN	GABA_byGAD2_and_SLC6A13	CPI-CS0F5400CAB	SLC6A13	0.029	0.013	0.0	0.024	0.026	0.0	0.173	0.044	0.026	0.0	0.0	0.0	0.062	0.0	0.09	0.0	0.0	0.0	0.0	0.0	0.045	0.0	0.0	0.0	0.0	0.01	0.0	0.011	0.019	0.037	0.019	0.0
SLC6A13	Q9NSD5	True	S6A13_HUMAN	GABA_byGAD2_and_SLC6A13	CPI-CS0C8D4C311	SLC6A13	0.029	0.013	0.0	0.024	0.026	0.0	0.173	0.044	0.026	0.0	0.0	0.0	0.062	0.0	0.09	0.0	0.0	0.0	0.0	0.0	0.045	0.0	0.0	0.0	0.0	0.01	0.0	0.011	0.019	0.037	0.019	0.0
SLC6A13	Q9NSD5	True	S6A13_HUMAN	GABA_byGAD2_and_SLC6A13	CPI-CC05EB8AC47	SLC6A13	0.029	0.013	0.0	0.024	0.026	0.0	0.173	0.044	0.026	0.0	0.0	0.0	0.062	0.0	0.09	0.0	0.0	0.0	0.0	0.0	0.045	0.0	0.0	0.0	0.0	0.01	0.0	0.011	0.019	0.037	0.019	0.0
SLC6A13	Q9NSD5	True	S6A13_HUMAN	GABA_byGAD2_and_SLC6A13	CPI-CC05C1516B6	SLC6A13	0.029	0.013	0.0	0.024	0.026	0.0	0.173	0.044	0.026	0.0	0.0	0.0	0.062	0.0	0.09	0.0	0.0	0.0	0.0	0.0	0.045	0.0	0.0	0.0	0.0	0.01	0.0	0.011	0.019	0.037	0.019	0.0
SLC6A13	Q9NSD5	True	S6A13_HUMAN	GABA_byGAD2_and_SLC6A13	CPI-CC00DB8A3C3	SLC6A13	0.029	0.013	0.0	0.024	0.026	0.0	0.173	0.044	0.026	0.0	0.0	0.0	0.062	0.0	0.09	0.0	0.0	0.0	0.0	0.0	0.045	0.0	0.0	0.0	0.0	0.01	0.0	0.011	0.019	0.037	0.019	0.0
SLC6A13	Q9NSD5	True	S6A13_HUMAN	GABA_byGAD2_and_SLC6A13	CPI-CC03210AFD9	SLC6A13	0.029	0.013	0.0	0.024	0.026	0.0	0.173	0.044	0.026	0.0	0.0	0.0	0.062	0.0	0.09	0.0	0.0	0.0	0.0	0.0	0.045	0.0	0.0	0.0	0.0	0.01	0.0	0.011	0.019	0.037	0.019	0.0
SLC6A13	Q9NSD5	True	S6A13_HUMAN	GABA_byGAD2_and_SLC6A13	CPI-CC017C3F672	SLC6A13	0.029	0.013	0.0	0.024	0.026	0.0	0.173	0.044	0.026	0.0	0.0	0.0	0.062	0.0	0.09	0.0	0.0	0.0	0.0	0.0	0.045	0.0	0.0	0.0	0.0	0.01	0.0	0.011	0.019	0.037	0.019	0.0
SLC6A13	Q9NSD5	True	S6A13_HUMAN	GABA_byGAD2_and_SLC6A13	CPI-CC026C1BCB7	SLC6A13	0.029	0.013	0.0	0.024	0.026	0.0	0.173	0.044	0.026	0.0	0.0	0.0	0.062	0.0	0.09	0.0	0.0	0.0	0.0	0.0	0.045	0.0	0.0	0.0	0.0	0.01	0.0	0.011	0.019	0.037	0.019	0.0
SLC6A13	Q9NSD5	True	S6A13_HUMAN	GABA_byGAD2_and_SLC6A13	CPI-CC0EBC54EE6	SLC6A13	0.029	0.013	0.0	0.024	0.026	0.0	0.173	0.044	0.026	0.0	0.0	0.0	0.062	0.0	0.09	0.0	0.0	0.0	0.0	0.0	0.045	0.0	0.0	0.0	0.0	0.01	0.0	0.011	0.019	0.037	0.019	0.0
SLC6A13	Q9NSD5	True	S6A13_HUMAN	GABA_byGAD2_and_SLC6A13	CPI-CC0760F145F	SLC6A13	0.029	0.013	0.0	0.024	0.026	0.0	0.173	0.044	0.026	0.0	0.0	0.0	0.062	0.0	0.09	0.0	0.0	0.0	0.0	0.0	0.045	0.0	0.0	0.0	0.0	0.01	0.0	0.011	0.019	0.037	0.019	0.0
SLC6A13	Q9NSD5	True	S6A13_HUMAN	GABA_byGAD2_and_SLC6A13	CPI-CC0D927F25C	SLC6A13	0.029	0.013	0.0	0.024	0.026	0.0	0.173	0.044	0.026	0.0	0.0	0.0	0.062	0.0	0.09	0.0	0.0	0.0	0.0	0.0	0.045	0.0	0.0	0.0	0.0	0.01	0.0	0.011	0.019	0.037	0.019	0.0
SLC6A13	Q9NSD5	True	S6A13_HUMAN	GABA_byGAD2_and_SLC6A13	CPI-CC0E6313C0B	SLC6A13	0.029	0.013	0.0	0.024	0.026	0.0	0.173	0.044	0.026	0.0	0.0	0.0	0.062	0.0	0.09	0.0	0.0	0.0	0.0	0.0	0.045	0.0	0.0	0.0	0.0	0.01	0.0	0.011	0.019	0.037	0.019	0.0
SLC6A13	Q9NSD5	True	S6A13_HUMAN	GABA_byGAD2_and_SLC6A13	CPI-CC068DDC6AA	SLC6A13	0.029	0.013	0.0	0.024	0.026	0.0	0.173	0.044	0.026	0.0	0.0	0.0	0.062	0.0	0.09	0.0	0.0	0.0	0.0	0.0	0.045	0.0	0.0	0.0	0.0	0.01	0.0	0.011	0.019	0.037	0.019	0.0
SLC6A13	Q9NSD5	True	S6A13_HUMAN	GABA_byGAD2_and_SLC6A13	CPI-CC0F1932BC4	SLC6A13	0.029	0.013	0.0	0.024	0.026	0.0	0.173	0.044	0.026	0.0	0.0	0.0	0.062	0.0	0.09	0.0	0.0	0.0	0.0	0.0	0.045	0.0	0.0	0.0	0.0	0.01	0.0	0.011	0.019	0.037	0.019	0.0
SLC6A13	Q9NSD5	True	S6A13_HUMAN	GABA_byGAD2_and_SLC6A13	CPI-CC00F8AC4E4	SLC6A13	0.029	0.013	0.0	0.024	0.026	0.0	0.173	0.044	0.026	0.0	0.0	0.0	0.062	0.0	0.09	0.0	0.0	0.0	0.0	0.0	0.045	0.0	0.0	0.0	0.0	0.01	0.0	0.011	0.019	0.037	0.019	0.0
GAD2	Q05329	True	DCE2_HUMAN	GABA_byGAD2_and_SLC6A13	CPI-CS0F5400CAB	GAD2	0.029	0.013	0.0	0.024	0.026	0.0	0.173	0.044	0.026	0.0	0.0	0.0	0.062	0.0	0.09	0.0	0.0	0.0	0.0	0.0	0.045	0.0	0.0	0.0	0.0	0.01	0.0	0.011	0.019	0.037	0.019	0.0
GAD2	Q05329	True	DCE2_HUMAN	GABA_byGAD2_and_SLC6A13	CPI-CS0C8D4C311	GAD2	0.029	0.013	0.0	0.024	0.026	0.0	0.173	0.044	0.026	0.0	0.0	0.0	0.062	0.0	0.09	0.0	0.0	0.0	0.0	0.0	0.045	0.0	0.0	0.0	0.0	0.01	0.0	0.011	0.019	0.037	0.019	0.0
GAD2	Q05329	True	DCE2_HUMAN	GABA_byGAD2_and_SLC6A13	CPI-CC05EB8AC47	GAD2	0.029	0.013	0.0	0.024	0.026	0.0	0.173	0.044	0.026	0.0	0.0	0.0	0.062	0.0	0.09	0.0	0.0	0.0	0.0	0.0	0.045	0.0	0.0	0.0	0.0	0.01	0.0	0.011	0.019	0.037	0.019	0.0
GAD2	Q05329	True	DCE2_HUMAN	GABA_byGAD2_and_SLC6A13	CPI-CC05C1516B6	GAD2	0.029	0.013	0.0	0.024	0.026	0.0	0.173	0.044	0.026	0.0	0.0	0.0	0.062	0.0	0.09	0.0	0.0	0.0	0.0	0.0	0.045	0.0	0.0	0.0	0.0	0.01	0.0	0.011	0.019	0.037	0.019	0.0
GAD2	Q05329	True	DCE2_HUMAN	GABA_byGAD2_and_SLC6A13	CPI-CC00DB8A3C3	GAD2	0.029	0.013	0.0	0.024	0.026	0.0	0.173	0.044	0.026	0.0	0.0	0.0	0.062	0.0	0.09	0.0	0.0	0.0	0.0	0.0	0.045	0.0	0.0	0.0	0.0	0.01	0.0	0.011	0.019	0.037	0.019	0.0
GAD2	Q05329	True	DCE2_HUMAN	GABA_byGAD2_and_SLC6A13	CPI-CC03210AFD9	GAD2	0.029	0.013	0.0	0.024	0.026	0.0	0.173	0.044	0.026	0.0	0.0	0.0	0.062	0.0	0.09	0.0	0.0	0.0	0.0	0.0	0.045	0.0	0.0	0.0	0.0	0.01	0.0	0.011	0.019	0.037	0.019	0.0
GAD2	Q05329	True	DCE2_HUMAN	GABA_byGAD2_and_SLC6A13	CPI-CC017C3F672	GAD2	0.029	0.013	0.0	0.024	0.026	0.0	0.173	0.044	0.026	0.0	0.0	0.0	0.062	0.0	0.09	0.0	0.0	0.0	0.0	0.0	0.045	0.0	0.0	0.0	0.0	0.01	0.0	0.011	0.019	0.037	0.019	0.0
GAD2	Q05329	True	DCE2_HUMAN	GABA_byGAD2_and_SLC6A13	CPI-CC026C1BCB7	GAD2	0.029	0.013	0.0	0.024	0.026	0.0	0.173	0.044	0.026	0.0	0.0	0.0	0.062	0.0	0.09	0.0	0.0	0.0	0.0	0.0	0.045	0.0	0.0	0.0	0.0	0.01	0.0	0.011	0.019	0.037	0.019	0.0
GAD2	Q05329	True	DCE2_HUMAN	GABA_byGAD2_and_SLC6A13	CPI-CC0EBC54EE6	GAD2	0.029	0.013	0.0	0.024	0.026	0.0	0.173	0.044	0.026	0.0	0.0	0.0	0.062	0.0	0.09	0.0	0.0	0.0	0.0	0.0	0.045	0.0	0.0	0.0	0.0	0.01	0.0	0.011	0.019	0.037	0.019	0.0
GAD2	Q05329	True	DCE2_HUMAN	GABA_byGAD2_and_SLC6A13	CPI-CC0760F145F	GAD2	0.029	0.013	0.0	0.024	0.026	0.0	0.173	0.044	0.026	0.0	0.0	0.0	0.062	0.0	0.09	0.0	0.0	0.0	0.0	0.0	0.045	0.0	0.0	0.0	0.0	0.01	0.0	0.011	0.019	0.037	0.019	0.0
GAD2	Q05329	True	DCE2_HUMAN	GABA_byGAD2_and_SLC6A13	CPI-CC0D927F25C	GAD2	0.029	0.013	0.0	0.024	0.026	0.0	0.173	0.044	0.026	0.0	0.0	0.0	0.062	0.0	0.09	0.0	0.0	0.0	0.0	0.0	0.045	0.0	0.0	0.0	0.0	0.01	0.0	0.011	0.019	0.037	0.019	0.0
GAD2	Q05329	True	DCE2_HUMAN	GABA_byGAD2_and_SLC6A13	CPI-CC0E6313C0B	GAD2	0.029	0.013	0.0	0.024	0.026	0.0	0.173	0.044	0.026	0.0	0.0	0.0	0.062	0.0	0.09	0.0	0.0	0.0	0.0	0.0	0.045	0.0	0.0	0.0	0.0	0.01	0.0	0.011	0.019	0.037	0.019	0.0
GAD2	Q05329	True	DCE2_HUMAN	GABA_byGAD2_and_SLC6A13	CPI-CC068DDC6AA	GAD2	0.029	0.013	0.0	0.024	0.026	0.0	0.173	0.044	0.026	0.0	0.0	0.0	0.062	0.0	0.09	0.0	0.0	0.0	0.0	0.0	0.045	0.0	0.0	0.0	0.0	0.01	0.0	0.011	0.019	0.037	0.019	0.0
GAD2	Q05329	True	DCE2_HUMAN	GABA_byGAD2_and_SLC6A13	CPI-CC0F1932BC4	GAD2	0.029	0.013	0.0	0.024	0.026	0.0	0.173	0.044	0.026	0.0	0.0	0.0	0.062	0.0	0.09	0.0	0.0	0.0	0.0	0.0	0.045	0.0	0.0	0.0	0.0	0.01	0.0	0.011	0.019	0.037	0.019	0.0
GAD2	Q05329	True	DCE2_HUMAN	GABA_byGAD2_and_SLC6A13	CPI-CC00F8AC4E4	GAD2	0.029	0.013	0.0	0.024	0.026	0.0	0.173	0.044	0.026	0.0	0.0	0.0	0.062	0.0	0.09	0.0	0.0	0.0	0.0	0.0	0.045	0.0	0.0	0.0	0.0	0.01	0.0	0.011	0.019	0.037	0.019	0.0
SLC6A6	P31641	True	SC6A6_HUMAN	GABA_byGAD2_and_SLC6A6	CPI-CS02CC3D29A	SLC6A6	1.077	0.075	0.042	0.04	0.026	1.015	0.173	0.066	0.071	0.185	1.415	0.0	0.062	0.0	0.09	0.0	0.0	0.018	0.147	1.04	0.095	1.039	0.527	1.149	0.0	0.929	0.039	0.097	0.369	0.129	0.076	0.629
SLC6A6	P31641	True	SC6A6_HUMAN	GABA_byGAD2_and_SLC6A6	CPI-CS0DC38225F	SLC6A6	1.077	0.075	0.042	0.04	0.026	1.015	0.173	0.066	0.071	0.185	1.415	0.0	0.062	0.0	0.09	0.0	0.0	0.018	0.147	1.04	0.095	1.039	0.527	1.149	0.0	0.929	0.039	0.097	0.369	0.129	0.076	0.629
SLC6A6	P31641	True	SC6A6_HUMAN	GABA_byGAD2_and_SLC6A6	CPI-CC06878B267	SLC6A6	1.077	0.075	0.042	0.04	0.026	1.015	0.173	0.066	0.071	0.185	1.415	0.0	0.062	0.0	0.09	0.0	0.0	0.018	0.147	1.04	0.095	1.039	0.527	1.149	0.0	0.929	0.039	0.097	0.369	0.129	0.076	0.629
SLC6A6	P31641	True	SC6A6_HUMAN	GABA_byGAD2_and_SLC6A6	CPI-CC0F913B188	SLC6A6	1.077	0.075	0.042	0.04	0.026	1.015	0.173	0.066	0.071	0.185	1.415	0.0	0.062	0.0	0.09	0.0	0.0	0.018	0.147	1.04	0.095	1.039	0.527	1.149	0.0	0.929	0.039	0.097	0.369	0.129	0.076	0.629
SLC6A6	P31641	True	SC6A6_HUMAN	GABA_byGAD2_and_SLC6A6	CPI-CC0CD7157B7	SLC6A6	1.077	0.075	0.042	0.04	0.026	1.015	0.173	0.066	0.071	0.185	1.415	0.0	0.062	0.0	0.09	0.0	0.0	0.018	0.147	1.04	0.095	1.039	0.527	1.149	0.0	0.929	0.039	0.097	0.369	0.129	0.076	0.629
SLC6A6	P31641	True	SC6A6_HUMAN	GABA_byGAD2_and_SLC6A6	CPI-CC0229CFC13	SLC6A6	1.077	0.075	0.042	0.04	0.026	1.015	0.173	0.066	0.071	0.185	1.415	0.0	0.062	0.0	0.09	0.0	0.0	0.018	0.147	1.04	0.095	1.039	0.527	1.149	0.0	0.929	0.039	0.097	0.369	0.129	0.076	0.629
SLC6A6	P31641	True	SC6A6_HUMAN	GABA_byGAD2_and_SLC6A6	CPI-CC05DBBAD9A	SLC6A6	1.077	0.075	0.042	0.04	0.026	1.015	0.173	0.066	0.071	0.185	1.415	0.0	0.062	0.0	0.09	0.0	0.0	0.018	0.147	1.04	0.095	1.039	0.527	1.149	0.0	0.929	0.039	0.097	0.369	0.129	0.076	0.629
SLC6A6	P31641	True	SC6A6_HUMAN	GABA_byGAD2_and_SLC6A6	CPI-CC0BB611F3F	SLC6A6	1.077	0.075	0.042	0.04	0.026	1.015	0.173	0.066	0.071	0.185	1.415	0.0	0.062	0.0	0.09	0.0	0.0	0.018	0.147	1.04	0.095	1.039	0.527	1.149	0.0	0.929	0.039	0.097	0.369	0.129	0.076	0.629
SLC6A6	P31641	True	SC6A6_HUMAN	GABA_byGAD2_and_SLC6A6	CPI-CC0A3EF2F90	SLC6A6	1.077	0.075	0.042	0.04	0.026	1.015	0.173	0.066	0.071	0.185	1.415	0.0	0.062	0.0	0.09	0.0	0.0	0.018	0.147	1.04	0.095	1.039	0.527	1.149	0.0	0.929	0.039	0.097	0.369	0.129	0.076	0.629
SLC6A6	P31641	True	SC6A6_HUMAN	GABA_byGAD2_and_SLC6A6	CPI-CC0A073DD31	SLC6A6	1.077	0.075	0.042	0.04	0.026	1.015	0.173	0.066	0.071	0.185	1.415	0.0	0.062	0.0	0.09	0.0	0.0	0.018	0.147	1.04	0.095	1.039	0.527	1.149	0.0	0.929	0.039	0.097	0.369	0.129	0.076	0.629
SLC6A6	P31641	True	SC6A6_HUMAN	GABA_byGAD2_and_SLC6A6	CPI-CC05D418280	SLC6A6	1.077	0.075	0.042	0.04	0.026	1.015	0.173	0.066	0.071	0.185	1.415	0.0	0.062	0.0	0.09	0.0	0.0	0.018	0.147	1.04	0.095	1.039	0.527	1.149	0.0	0.929	0.039	0.097	0.369	0.129	0.076	0.629
SLC6A6	P31641	True	SC6A6_HUMAN	GABA_byGAD2_and_SLC6A6	CPI-CC079D8333D	SLC6A6	1.077	0.075	0.042	0.04	0.026	1.015	0.173	0.066	0.071	0.185	1.415	0.0	0.062	0.0	0.09	0.0	0.0	0.018	0.147	1.04	0.095	1.039	0.527	1.149	0.0	0.929	0.039	0.097	0.369	0.129	0.076	0.629
SLC6A6	P31641	True	SC6A6_HUMAN	GABA_byGAD2_and_SLC6A6	CPI-CC0E1CB4EAF	SLC6A6	1.077	0.075	0.042	0.04	0.026	1.015	0.173	0.066	0.071	0.185	1.415	0.0	0.062	0.0	0.09	0.0	0.0	0.018	0.147	1.04	0.095	1.039	0.527	1.149	0.0	0.929	0.039	0.097	0.369	0.129	0.076	0.629
SLC6A6	P31641	True	SC6A6_HUMAN	GABA_byGAD2_and_SLC6A6	CPI-CC04B14CB70	SLC6A6	1.077	0.075	0.042	0.04	0.026	1.015	0.173	0.066	0.071	0.185	1.415	0.0	0.062	0.0	0.09	0.0	0.0	0.018	0.147	1.04	0.095	1.039	0.527	1.149	0.0	0.929	0.039	0.097	0.369	0.129	0.076	0.629
SLC6A6	P31641	True	SC6A6_HUMAN	GABA_byGAD2_and_SLC6A6	CPI-CC01D5E0271	SLC6A6	1.077	0.075	0.042	0.04	0.026	1.015	0.173	0.066	0.071	0.185	1.415	0.0	0.062	0.0	0.09	0.0	0.0	0.018	0.147	1.04	0.095	1.039	0.527	1.149	0.0	0.929	0.039	0.097	0.369	0.129	0.076	0.629
GAD2	Q05329	True	DCE2_HUMAN	GABA_byGAD2_and_SLC6A6	CPI-CS02CC3D29A	GAD2	1.077	0.075	0.042	0.04	0.026	1.015	0.173	0.066	0.071	0.185	1.415	0.0	0.062	0.0	0.09	0.0	0.0	0.018	0.147	1.04	0.095	1.039	0.527	1.149	0.0	0.929	0.039	0.097	0.369	0.129	0.076	0.629
GAD2	Q05329	True	DCE2_HUMAN	GABA_byGAD2_and_SLC6A6	CPI-CS0DC38225F	GAD2	1.077	0.075	0.042	0.04	0.026	1.015	0.173	0.066	0.071	0.185	1.415	0.0	0.062	0.0	0.09	0.0	0.0	0.018	0.147	1.04	0.095	1.039	0.527	1.149	0.0	0.929	0.039	0.097	0.369	0.129	0.076	0.629
GAD2	Q05329	True	DCE2_HUMAN	GABA_byGAD2_and_SLC6A6	CPI-CC06878B267	GAD2	1.077	0.075	0.042	0.04	0.026	1.015	0.173	0.066	0.071	0.185	1.415	0.0	0.062	0.0	0.09	0.0	0.0	0.018	0.147	1.04	0.095	1.039	0.527	1.149	0.0	0.929	0.039	0.097	0.369	0.129	0.076	0.629
GAD2	Q05329	True	DCE2_HUMAN	GABA_byGAD2_and_SLC6A6	CPI-CC0F913B188	GAD2	1.077	0.075	0.042	0.04	0.026	1.015	0.173	0.066	0.071	0.185	1.415	0.0	0.062	0.0	0.09	0.0	0.0	0.018	0.147	1.04	0.095	1.039	0.527	1.149	0.0	0.929	0.039	0.097	0.369	0.129	0.076	0.629
GAD2	Q05329	True	DCE2_HUMAN	GABA_byGAD2_and_SLC6A6	CPI-CC0CD7157B7	GAD2	1.077	0.075	0.042	0.04	0.026	1.015	0.173	0.066	0.071	0.185	1.415	0.0	0.062	0.0	0.09	0.0	0.0	0.018	0.147	1.04	0.095	1.039	0.527	1.149	0.0	0.929	0.039	0.097	0.369	0.129	0.076	0.629
GAD2	Q05329	True	DCE2_HUMAN	GABA_byGAD2_and_SLC6A6	CPI-CC0229CFC13	GAD2	1.077	0.075	0.042	0.04	0.026	1.015	0.173	0.066	0.071	0.185	1.415	0.0	0.062	0.0	0.09	0.0	0.0	0.018	0.147	1.04	0.095	1.039	0.527	1.149	0.0	0.929	0.039	0.097	0.369	0.129	0.076	0.629
GAD2	Q05329	True	DCE2_HUMAN	GABA_byGAD2_and_SLC6A6	CPI-CC05DBBAD9A	GAD2	1.077	0.075	0.042	0.04	0.026	1.015	0.173	0.066	0.071	0.185	1.415	0.0	0.062	0.0	0.09	0.0	0.0	0.018	0.147	1.04	0.095	1.039	0.527	1.149	0.0	0.929	0.039	0.097	0.369	0.129	0.076	0.629
GAD2	Q05329	True	DCE2_HUMAN	GABA_byGAD2_and_SLC6A6	CPI-CC0BB611F3F	GAD2	1.077	0.075	0.042	0.04	0.026	1.015	0.173	0.066	0.071	0.185	1.415	0.0	0.062	0.0	0.09	0.0	0.0	0.018	0.147	1.04	0.095	1.039	0.527	1.149	0.0	0.929	0.039	0.097	0.369	0.129	0.076	0.629
GAD2	Q05329	True	DCE2_HUMAN	GABA_byGAD2_and_SLC6A6	CPI-CC0A3EF2F90	GAD2	1.077	0.075	0.042	0.04	0.026	1.015	0.173	0.066	0.071	0.185	1.415	0.0	0.062	0.0	0.09	0.0	0.0	0.018	0.147	1.04	0.095	1.039	0.527	1.149	0.0	0.929	0.039	0.097	0.369	0.129	0.076	0.629
GAD2	Q05329	True	DCE2_HUMAN	GABA_byGAD2_and_SLC6A6	CPI-CC0A073DD31	GAD2	1.077	0.075	0.042	0.04	0.026	1.015	0.173	0.066	0.071	0.185	1.415	0.0	0.062	0.0	0.09	0.0	0.0	0.018	0.147	1.04	0.095	1.039	0.527	1.149	0.0	0.929	0.039	0.097	0.369	0.129	0.076	0.629
GAD2	Q05329	True	DCE2_HUMAN	GABA_byGAD2_and_SLC6A6	CPI-CC05D418280	GAD2	1.077	0.075	0.042	0.04	0.026	1.015	0.173	0.066	0.071	0.185	1.415	0.0	0.062	0.0	0.09	0.0	0.0	0.018	0.147	1.04	0.095	1.039	0.527	1.149	0.0	0.929	0.039	0.097	0.369	0.129	0.076	0.629
GAD2	Q05329	True	DCE2_HUMAN	GABA_byGAD2_and_SLC6A6	CPI-CC079D8333D	GAD2	1.077	0.075	0.042	0.04	0.026	1.015	0.173	0.066	0.071	0.185	1.415	0.0	0.062	0.0	0.09	0.0	0.0	0.018	0.147	1.04	0.095	1.039	0.527	1.149	0.0	0.929	0.039	0.097	0.369	0.129	0.076	0.629
GAD2	Q05329	True	DCE2_HUMAN	GABA_byGAD2_and_SLC6A6	CPI-CC0E1CB4EAF	GAD2	1.077	0.075	0.042	0.04	0.026	1.015	0.173	0.066	0.071	0.185	1.415	0.0	0.062	0.0	0.09	0.0	0.0	0.018	0.147	1.04	0.095	1.039	0.527	1.149	0.0	0.929	0.039	0.097	0.369	0.129	0.076	0.629
GAD2	Q05329	True	DCE2_HUMAN	GABA_byGAD2_and_SLC6A6	CPI-CC04B14CB70	GAD2	1.077	0.075	0.042	0.04	0.026	1.015	0.173	0.066	0.071	0.185	1.415	0.0	0.062	0.0	0.09	0.0	0.0	0.018	0.147	1.04	0.095	1.039	0.527	1.149	0.0	0.929	0.039	0.097	0.369	0.129	0.076	0.629
GAD2	Q05329	True	DCE2_HUMAN	GABA_byGAD2_and_SLC6A6	CPI-CC01D5E0271	GAD2	1.077	0.075	0.042	0.04	0.026	1.015	0.173	0.066	0.071	0.185	1.415	0.0	0.062	0.0	0.09	0.0	0.0	0.018	0.147	1.04	0.095	1.039	0.527	1.149	0.0	0.929	0.039	0.097	0.369	0.129	0.076	0.629
SLC17A6	Q9P2U8	True	VGLU2_HUMAN	Glutamate_byGLS_and_SLC17A6	CPI-CS0E30DD72A	SLC17A6	1.245	0.633	0.133	0.318	0.276	0.297	0.2	0.652	1.244	0.824	0.275	0.088	0.404	0.181	0.365	0.204	0.0	0.083	0.51	0.142	2.041	0.251	1.403	0.439	0.43	0.378	1.094	1.257	1.204	1.014	1.203	0.769
SLC17A6	Q9P2U8	True	VGLU2_HUMAN	Glutamate_byGLS_and_SLC17A6	CPI-CS0356E30C4	SLC17A6	1.245	0.633	0.133	0.318	0.276	0.297	0.2	0.652	1.244	0.824	0.275	0.088	0.404	0.181	0.365	0.204	0.0	0.083	0.51	0.142	2.041	0.251	1.403	0.439	0.43	0.378	1.094	1.257	1.204	1.014	1.203	0.769
SLC17A6	Q9P2U8	True	VGLU2_HUMAN	Glutamate_byGLS_and_SLC17A6	CPI-CS029D39F39	SLC17A6	1.245	0.633	0.133	0.318	0.276	0.297	0.2	0.652	1.244	0.824	0.275	0.088	0.404	0.181	0.365	0.204	0.0	0.083	0.51	0.142	2.041	0.251	1.403	0.439	0.43	0.378	1.094	1.257	1.204	1.014	1.203	0.769
SLC17A6	Q9P2U8	True	VGLU2_HUMAN	Glutamate_byGLS_and_SLC17A6	CPI-CS0DEADB0E8	SLC17A6	1.245	0.633	0.133	0.318	0.276	0.297	0.2	0.652	1.244	0.824	0.275	0.088	0.404	0.181	0.365	0.204	0.0	0.083	0.51	0.142	2.041	0.251	1.403	0.439	0.43	0.378	1.094	1.257	1.204	1.014	1.203	0.769
SLC17A6	Q9P2U8	True	VGLU2_HUMAN	Glutamate_byGLS_and_SLC17A6	CPI-CS0FDF3EF86	SLC17A6	1.245	0.633	0.133	0.318	0.276	0.297	0.2	0.652	1.244	0.824	0.275	0.088	0.404	0.181	0.365	0.204	0.0	0.083	0.51	0.142	2.041	0.251	1.403	0.439	0.43	0.378	1.094	1.257	1.204	1.014	1.203	0.769
SLC17A6	Q9P2U8	True	VGLU2_HUMAN	Glutamate_byGLS_and_SLC17A6	CPI-CC020E8A4A3	SLC17A6	1.245	0.633	0.133	0.318	0.276	0.297	0.2	0.652	1.244	0.824	0.275	0.088	0.404	0.181	0.365	0.204	0.0	0.083	0.51	0.142	2.041	0.251	1.403	0.439	0.43	0.378	1.094	1.257	1.204	1.014	1.203	0.769
SLC17A6	Q9P2U8	True	VGLU2_HUMAN	Glutamate_byGLS_and_SLC17A6	CPI-CC088FD6274	SLC17A6	1.245	0.633	0.133	0.318	0.276	0.297	0.2	0.652	1.244	0.824	0.275	0.088	0.404	0.181	0.365	0.204	0.0	0.083	0.51	0.142	2.041	0.251	1.403	0.439	0.43	0.378	1.094	1.257	1.204	1.014	1.203	0.769
SLC17A6	Q9P2U8	True	VGLU2_HUMAN	Glutamate_byGLS_and_SLC17A6	CPI-CS061474E36	SLC17A6	1.245	0.633	0.133	0.318	0.276	0.297	0.2	0.652	1.244	0.824	0.275	0.088	0.404	0.181	0.365	0.204	0.0	0.083	0.51	0.142	2.041	0.251	1.403	0.439	0.43	0.378	1.094	1.257	1.204	1.014	1.203	0.769
SLC17A6	Q9P2U8	True	VGLU2_HUMAN	Glutamate_byGLS_and_SLC17A6	CPI-CC05DB41C4E	SLC17A6	1.245	0.633	0.133	0.318	0.276	0.297	0.2	0.652	1.244	0.824	0.275	0.088	0.404	0.181	0.365	0.204	0.0	0.083	0.51	0.142	2.041	0.251	1.403	0.439	0.43	0.378	1.094	1.257	1.204	1.014	1.203	0.769
SLC17A6	Q9P2U8	True	VGLU2_HUMAN	Glutamate_byGLS_and_SLC17A6	CPI-CC056BCA025	SLC17A6	1.245	0.633	0.133	0.318	0.276	0.297	0.2	0.652	1.244	0.824	0.275	0.088	0.404	0.181	0.365	0.204	0.0	0.083	0.51	0.142	2.041	0.251	1.403	0.439	0.43	0.378	1.094	1.257	1.204	1.014	1.203	0.769
SLC17A6	Q9P2U8	True	VGLU2_HUMAN	Glutamate_byGLS_and_SLC17A6	CPI-CS0C3746C9B	SLC17A6	1.245	0.633	0.133	0.318	0.276	0.297	0.2	0.652	1.244	0.824	0.275	0.088	0.404	0.181	0.365	0.204	0.0	0.083	0.51	0.142	2.041	0.251	1.403	0.439	0.43	0.378	1.094	1.257	1.204	1.014	1.203	0.769
SLC17A6	Q9P2U8	True	VGLU2_HUMAN	Glutamate_byGLS_and_SLC17A6	CPI-CC00DB97EEF	SLC17A6	1.245	0.633	0.133	0.318	0.276	0.297	0.2	0.652	1.244	0.824	0.275	0.088	0.404	0.181	0.365	0.204	0.0	0.083	0.51	0.142	2.041	0.251	1.403	0.439	0.43	0.378	1.094	1.257	1.204	1.014	1.203	0.769
SLC17A6	Q9P2U8	True	VGLU2_HUMAN	Glutamate_byGLS_and_SLC17A6	CPI-CC02346F1A9	SLC17A6	1.245	0.633	0.133	0.318	0.276	0.297	0.2	0.652	1.244	0.824	0.275	0.088	0.404	0.181	0.365	0.204	0.0	0.083	0.51	0.142	2.041	0.251	1.403	0.439	0.43	0.378	1.094	1.257	1.204	1.014	1.203	0.769
SLC17A6	Q9P2U8	True	VGLU2_HUMAN	Glutamate_byGLS_and_SLC17A6	CPI-CC0638AC67E	SLC17A6	1.245	0.633	0.133	0.318	0.276	0.297	0.2	0.652	1.244	0.824	0.275	0.088	0.404	0.181	0.365	0.204	0.0	0.083	0.51	0.142	2.041	0.251	1.403	0.439	0.43	0.378	1.094	1.257	1.204	1.014	1.203	0.769
SLC17A6	Q9P2U8	True	VGLU2_HUMAN	Glutamate_byGLS_and_SLC17A6	CPI-CC09E794969	SLC17A6	1.245	0.633	0.133	0.318	0.276	0.297	0.2	0.652	1.244	0.824	0.275	0.088	0.404	0.181	0.365	0.204	0.0	0.083	0.51	0.142	2.041	0.251	1.403	0.439	0.43	0.378	1.094	1.257	1.204	1.014	1.203	0.769
SLC17A6	Q9P2U8	True	VGLU2_HUMAN	Glutamate_byGLS_and_SLC17A6	CPI-CC037EB0864	SLC17A6	1.245	0.633	0.133	0.318	0.276	0.297	0.2	0.652	1.244	0.824	0.275	0.088	0.404	0.181	0.365	0.204	0.0	0.083	0.51	0.142	2.041	0.251	1.403	0.439	0.43	0.378	1.094	1.257	1.204	1.014	1.203	0.769
SLC17A6	Q9P2U8	True	VGLU2_HUMAN	Glutamate_byGLS_and_SLC17A6	CPI-CC04BD88A3A	SLC17A6	1.245	0.633	0.133	0.318	0.276	0.297	0.2	0.652	1.244	0.824	0.275	0.088	0.404	0.181	0.365	0.204	0.0	0.083	0.51	0.142	2.041	0.251	1.403	0.439	0.43	0.378	1.094	1.257	1.204	1.014	1.203	0.769
SLC17A6	Q9P2U8	True	VGLU2_HUMAN	Glutamate_byGLS_and_SLC17A6	CPI-CS0733858F1	SLC17A6	1.245	0.633	0.133	0.318	0.276	0.297	0.2	0.652	1.244	0.824	0.275	0.088	0.404	0.181	0.365	0.204	0.0	0.083	0.51	0.142	2.041	0.251	1.403	0.439	0.43	0.378	1.094	1.257	1.204	1.014	1.203	0.769
SLC17A6	Q9P2U8	True	VGLU2_HUMAN	Glutamate_byGLS_and_SLC17A6	CPI-CS029E1DC98	SLC17A6	1.245	0.633	0.133	0.318	0.276	0.297	0.2	0.652	1.244	0.824	0.275	0.088	0.404	0.181	0.365	0.204	0.0	0.083	0.51	0.142	2.041	0.251	1.403	0.439	0.43	0.378	1.094	1.257	1.204	1.014	1.203	0.769
SLC17A6	Q9P2U8	True	VGLU2_HUMAN	Glutamate_byGLS_and_SLC17A6	CPI-CS08AC774C8	SLC17A6	1.245	0.633	0.133	0.318	0.276	0.297	0.2	0.652	1.244	0.824	0.275	0.088	0.404	0.181	0.365	0.204	0.0	0.083	0.51	0.142	2.041	0.251	1.403	0.439	0.43	0.378	1.094	1.257	1.204	1.014	1.203	0.769
SLC17A6	Q9P2U8	True	VGLU2_HUMAN	Glutamate_byGLS_and_SLC17A6	CPI-CS0ACB62C99	SLC17A6	1.245	0.633	0.133	0.318	0.276	0.297	0.2	0.652	1.244	0.824	0.275	0.088	0.404	0.181	0.365	0.204	0.0	0.083	0.51	0.142	2.041	0.251	1.403	0.439	0.43	0.378	1.094	1.257	1.204	1.014	1.203	0.769
SLC17A6	Q9P2U8	True	VGLU2_HUMAN	Glutamate_byGLS_and_SLC17A6	CPI-CS02BEC2C34	SLC17A6	1.245	0.633	0.133	0.318	0.276	0.297	0.2	0.652	1.244	0.824	0.275	0.088	0.404	0.181	0.365	0.204	0.0	0.083	0.51	0.142	2.041	0.251	1.403	0.439	0.43	0.378	1.094	1.257	1.204	1.014	1.203	0.769
SLC17A6	Q9P2U8	True	VGLU2_HUMAN	Glutamate_byGLS_and_SLC17A6	CPI-CS00B52BFC6	SLC17A6	1.245	0.633	0.133	0.318	0.276	0.297	0.2	0.652	1.244	0.824	0.275	0.088	0.404	0.181	0.365	0.204	0.0	0.083	0.51	0.142	2.041	0.251	1.403	0.439	0.43	0.378	1.094	1.257	1.204	1.014	1.203	0.769
SLC17A6	Q9P2U8	True	VGLU2_HUMAN	Glutamate_byGLS_and_SLC17A6	CPI-CS040CBA095	SLC17A6	1.245	0.633	0.133	0.318	0.276	0.297	0.2	0.652	1.244	0.824	0.275	0.088	0.404	0.181	0.365	0.204	0.0	0.083	0.51	0.142	2.041	0.251	1.403	0.439	0.43	0.378	1.094	1.257	1.204	1.014	1.203	0.769
SLC17A6	Q9P2U8	True	VGLU2_HUMAN	Glutamate_byGLS_and_SLC17A6	CPI-CS054C4533B	SLC17A6	1.245	0.633	0.133	0.318	0.276	0.297	0.2	0.652	1.244	0.824	0.275	0.088	0.404	0.181	0.365	0.204	0.0	0.083	0.51	0.142	2.041	0.251	1.403	0.439	0.43	0.378	1.094	1.257	1.204	1.014	1.203	0.769
GLS	O94925	True	GLSK_HUMAN	Glutamate_byGLS_and_SLC17A6	CPI-CS0E30DD72A	GLS	1.245	0.633	0.133	0.318	0.276	0.297	0.2	0.652	1.244	0.824	0.275	0.088	0.404	0.181	0.365	0.204	0.0	0.083	0.51	0.142	2.041	0.251	1.403	0.439	0.43	0.378	1.094	1.257	1.204	1.014	1.203	0.769
GLS	O94925	True	GLSK_HUMAN	Glutamate_byGLS_and_SLC17A6	CPI-CS0356E30C4	GLS	1.245	0.633	0.133	0.318	0.276	0.297	0.2	0.652	1.244	0.824	0.275	0.088	0.404	0.181	0.365	0.204	0.0	0.083	0.51	0.142	2.041	0.251	1.403	0.439	0.43	0.378	1.094	1.257	1.204	1.014	1.203	0.769
GLS	O94925	True	GLSK_HUMAN	Glutamate_byGLS_and_SLC17A6	CPI-CS029D39F39	GLS	1.245	0.633	0.133	0.318	0.276	0.297	0.2	0.652	1.244	0.824	0.275	0.088	0.404	0.181	0.365	0.204	0.0	0.083	0.51	0.142	2.041	0.251	1.403	0.439	0.43	0.378	1.094	1.257	1.204	1.014	1.203	0.769
GLS	O94925	True	GLSK_HUMAN	Glutamate_byGLS_and_SLC17A6	CPI-CS0DEADB0E8	GLS	1.245	0.633	0.133	0.318	0.276	0.297	0.2	0.652	1.244	0.824	0.275	0.088	0.404	0.181	0.365	0.204	0.0	0.083	0.51	0.142	2.041	0.251	1.403	0.439	0.43	0.378	1.094	1.257	1.204	1.014	1.203	0.769
GLS	O94925	True	GLSK_HUMAN	Glutamate_byGLS_and_SLC17A6	CPI-CS0FDF3EF86	GLS	1.245	0.633	0.133	0.318	0.276	0.297	0.2	0.652	1.244	0.824	0.275	0.088	0.404	0.181	0.365	0.204	0.0	0.083	0.51	0.142	2.041	0.251	1.403	0.439	0.43	0.378	1.094	1.257	1.204	1.014	1.203	0.769
GLS	O94925	True	GLSK_HUMAN	Glutamate_byGLS_and_SLC17A6	CPI-CC020E8A4A3	GLS	1.245	0.633	0.133	0.318	0.276	0.297	0.2	0.652	1.244	0.824	0.275	0.088	0.404	0.181	0.365	0.204	0.0	0.083	0.51	0.142	2.041	0.251	1.403	0.439	0.43	0.378	1.094	1.257	1.204	1.014	1.203	0.769
GLS	O94925	True	GLSK_HUMAN	Glutamate_byGLS_and_SLC17A6	CPI-CC088FD6274	GLS	1.245	0.633	0.133	0.318	0.276	0.297	0.2	0.652	1.244	0.824	0.275	0.088	0.404	0.181	0.365	0.204	0.0	0.083	0.51	0.142	2.041	0.251	1.403	0.439	0.43	0.378	1.094	1.257	1.204	1.014	1.203	0.769
GLS	O94925	True	GLSK_HUMAN	Glutamate_byGLS_and_SLC17A6	CPI-CS061474E36	GLS	1.245	0.633	0.133	0.318	0.276	0.297	0.2	0.652	1.244	0.824	0.275	0.088	0.404	0.181	0.365	0.204	0.0	0.083	0.51	0.142	2.041	0.251	1.403	0.439	0.43	0.378	1.094	1.257	1.204	1.014	1.203	0.769
GLS	O94925	True	GLSK_HUMAN	Glutamate_byGLS_and_SLC17A6	CPI-CC05DB41C4E	GLS	1.245	0.633	0.133	0.318	0.276	0.297	0.2	0.652	1.244	0.824	0.275	0.088	0.404	0.181	0.365	0.204	0.0	0.083	0.51	0.142	2.041	0.251	1.403	0.439	0.43	0.378	1.094	1.257	1.204	1.014	1.203	0.769
GLS	O94925	True	GLSK_HUMAN	Glutamate_byGLS_and_SLC17A6	CPI-CC056BCA025	GLS	1.245	0.633	0.133	0.318	0.276	0.297	0.2	0.652	1.244	0.824	0.275	0.088	0.404	0.181	0.365	0.204	0.0	0.083	0.51	0.142	2.041	0.251	1.403	0.439	0.43	0.378	1.094	1.257	1.204	1.014	1.203	0.769
GLS	O94925	True	GLSK_HUMAN	Glutamate_byGLS_and_SLC17A6	CPI-CS0C3746C9B	GLS	1.245	0.633	0.133	0.318	0.276	0.297	0.2	0.652	1.244	0.824	0.275	0.088	0.404	0.181	0.365	0.204	0.0	0.083	0.51	0.142	2.041	0.251	1.403	0.439	0.43	0.378	1.094	1.257	1.204	1.014	1.203	0.769
GLS	O94925	True	GLSK_HUMAN	Glutamate_byGLS_and_SLC17A6	CPI-CC00DB97EEF	GLS	1.245	0.633	0.133	0.318	0.276	0.297	0.2	0.652	1.244	0.824	0.275	0.088	0.404	0.181	0.365	0.204	0.0	0.083	0.51	0.142	2.041	0.251	1.403	0.439	0.43	0.378	1.094	1.257	1.204	1.014	1.203	0.769
GLS	O94925	True	GLSK_HUMAN	Glutamate_byGLS_and_SLC17A6	CPI-CC02346F1A9	GLS	1.245	0.633	0.133	0.318	0.276	0.297	0.2	0.652	1.244	0.824	0.275	0.088	0.404	0.181	0.365	0.204	0.0	0.083	0.51	0.142	2.041	0.251	1.403	0.439	0.43	0.378	1.094	1.257	1.204	1.014	1.203	0.769
GLS	O94925	True	GLSK_HUMAN	Glutamate_byGLS_and_SLC17A6	CPI-CC0638AC67E	GLS	1.245	0.633	0.133	0.318	0.276	0.297	0.2	0.652	1.244	0.824	0.275	0.088	0.404	0.181	0.365	0.204	0.0	0.083	0.51	0.142	2.041	0.251	1.403	0.439	0.43	0.378	1.094	1.257	1.204	1.014	1.203	0.769
GLS	O94925	True	GLSK_HUMAN	Glutamate_byGLS_and_SLC17A6	CPI-CC09E794969	GLS	1.245	0.633	0.133	0.318	0.276	0.297	0.2	0.652	1.244	0.824	0.275	0.088	0.404	0.181	0.365	0.204	0.0	0.083	0.51	0.142	2.041	0.251	1.403	0.439	0.43	0.378	1.094	1.257	1.204	1.014	1.203	0.769
GLS	O94925	True	GLSK_HUMAN	Glutamate_byGLS_and_SLC17A6	CPI-CC037EB0864	GLS	1.245	0.633	0.133	0.318	0.276	0.297	0.2	0.652	1.244	0.824	0.275	0.088	0.404	0.181	0.365	0.204	0.0	0.083	0.51	0.142	2.041	0.251	1.403	0.439	0.43	0.378	1.094	1.257	1.204	1.014	1.203	0.769
GLS	O94925	True	GLSK_HUMAN	Glutamate_byGLS_and_SLC17A6	CPI-CC04BD88A3A	GLS	1.245	0.633	0.133	0.318	0.276	0.297	0.2	0.652	1.244	0.824	0.275	0.088	0.404	0.181	0.365	0.204	0.0	0.083	0.51	0.142	2.041	0.251	1.403	0.439	0.43	0.378	1.094	1.257	1.204	1.014	1.203	0.769
GLS	O94925	True	GLSK_HUMAN	Glutamate_byGLS_and_SLC17A6	CPI-CS0733858F1	GLS	1.245	0.633	0.133	0.318	0.276	0.297	0.2	0.652	1.244	0.824	0.275	0.088	0.404	0.181	0.365	0.204	0.0	0.083	0.51	0.142	2.041	0.251	1.403	0.439	0.43	0.378	1.094	1.257	1.204	1.014	1.203	0.769
GLS	O94925	True	GLSK_HUMAN	Glutamate_byGLS_and_SLC17A6	CPI-CS029E1DC98	GLS	1.245	0.633	0.133	0.318	0.276	0.297	0.2	0.652	1.244	0.824	0.275	0.088	0.404	0.181	0.365	0.204	0.0	0.083	0.51	0.142	2.041	0.251	1.403	0.439	0.43	0.378	1.094	1.257	1.204	1.014	1.203	0.769
GLS	O94925	True	GLSK_HUMAN	Glutamate_byGLS_and_SLC17A6	CPI-CS08AC774C8	GLS	1.245	0.633	0.133	0.318	0.276	0.297	0.2	0.652	1.244	0.824	0.275	0.088	0.404	0.181	0.365	0.204	0.0	0.083	0.51	0.142	2.041	0.251	1.403	0.439	0.43	0.378	1.094	1.257	1.204	1.014	1.203	0.769
GLS	O94925	True	GLSK_HUMAN	Glutamate_byGLS_and_SLC17A6	CPI-CS0ACB62C99	GLS	1.245	0.633	0.133	0.318	0.276	0.297	0.2	0.652	1.244	0.824	0.275	0.088	0.404	0.181	0.365	0.204	0.0	0.083	0.51	0.142	2.041	0.251	1.403	0.439	0.43	0.378	1.094	1.257	1.204	1.014	1.203	0.769
GLS	O94925	True	GLSK_HUMAN	Glutamate_byGLS_and_SLC17A6	CPI-CS02BEC2C34	GLS	1.245	0.633	0.133	0.318	0.276	0.297	0.2	0.652	1.244	0.824	0.275	0.088	0.404	0.181	0.365	0.204	0.0	0.083	0.51	0.142	2.041	0.251	1.403	0.439	0.43	0.378	1.094	1.257	1.204	1.014	1.203	0.769
GLS	O94925	True	GLSK_HUMAN	Glutamate_byGLS_and_SLC17A6	CPI-CS00B52BFC6	GLS	1.245	0.633	0.133	0.318	0.276	0.297	0.2	0.652	1.244	0.824	0.275	0.088	0.404	0.181	0.365	0.204	0.0	0.083	0.51	0.142	2.041	0.251	1.403	0.439	0.43	0.378	1.094	1.257	1.204	1.014	1.203	0.769
GLS	O94925	True	GLSK_HUMAN	Glutamate_byGLS_and_SLC17A6	CPI-CS040CBA095	GLS	1.245	0.633	0.133	0.318	0.276	0.297	0.2	0.652	1.244	0.824	0.275	0.088	0.404	0.181	0.365	0.204	0.0	0.083	0.51	0.142	2.041	0.251	1.403	0.439	0.43	0.378	1.094	1.257	1.204	1.014	1.203	0.769
GLS	O94925	True	GLSK_HUMAN	Glutamate_byGLS_and_SLC17A6	CPI-CS054C4533B	GLS	1.245	0.633	0.133	0.318	0.276	0.297	0.2	0.652	1.244	0.824	0.275	0.088	0.404	0.181	0.365	0.204	0.0	0.083	0.51	0.142	2.041	0.251	1.403	0.439	0.43	0.378	1.094	1.257	1.204	1.014	1.203	0.769
SLC17A7	Q9P2U7	True	VGLU1_HUMAN	Glutamate_byGLS_and_SLC17A7	CPI-CS05A9AB39B	SLC17A7	0.012	0.105	0.0	0.022	0.0	0.0	0.04	0.652	0.0	0.162	0.0	0.0	0.0	0.057	0.054	0.0	0.0	0.0	0.0	0.0	0.459	0.0	1.073	0.0	0.0	0.003	0.031	0.018	0.0	0.041	0.031	0.0
SLC17A7	Q9P2U7	True	VGLU1_HUMAN	Glutamate_byGLS_and_SLC17A7	CPI-CS00CF3D781	SLC17A7	0.012	0.105	0.0	0.022	0.0	0.0	0.04	0.652	0.0	0.162	0.0	0.0	0.0	0.057	0.054	0.0	0.0	0.0	0.0	0.0	0.459	0.0	1.073	0.0	0.0	0.003	0.031	0.018	0.0	0.041	0.031	0.0
SLC17A7	Q9P2U7	True	VGLU1_HUMAN	Glutamate_byGLS_and_SLC17A7	CPI-CS09715A1FF	SLC17A7	0.012	0.105	0.0	0.022	0.0	0.0	0.04	0.652	0.0	0.162	0.0	0.0	0.0	0.057	0.054	0.0	0.0	0.0	0.0	0.0	0.459	0.0	1.073	0.0	0.0	0.003	0.031	0.018	0.0	0.041	0.031	0.0
SLC17A7	Q9P2U7	True	VGLU1_HUMAN	Glutamate_byGLS_and_SLC17A7	CPI-CS0AB7504CD	SLC17A7	0.012	0.105	0.0	0.022	0.0	0.0	0.04	0.652	0.0	0.162	0.0	0.0	0.0	0.057	0.054	0.0	0.0	0.0	0.0	0.0	0.459	0.0	1.073	0.0	0.0	0.003	0.031	0.018	0.0	0.041	0.031	0.0
SLC17A7	Q9P2U7	True	VGLU1_HUMAN	Glutamate_byGLS_and_SLC17A7	CPI-CS0F73C1DA9	SLC17A7	0.012	0.105	0.0	0.022	0.0	0.0	0.04	0.652	0.0	0.162	0.0	0.0	0.0	0.057	0.054	0.0	0.0	0.0	0.0	0.0	0.459	0.0	1.073	0.0	0.0	0.003	0.031	0.018	0.0	0.041	0.031	0.0
SLC17A7	Q9P2U7	True	VGLU1_HUMAN	Glutamate_byGLS_and_SLC17A7	CPI-CC00A1F0EC7	SLC17A7	0.012	0.105	0.0	0.022	0.0	0.0	0.04	0.652	0.0	0.162	0.0	0.0	0.0	0.057	0.054	0.0	0.0	0.0	0.0	0.0	0.459	0.0	1.073	0.0	0.0	0.003	0.031	0.018	0.0	0.041	0.031	0.0
SLC17A7	Q9P2U7	True	VGLU1_HUMAN	Glutamate_byGLS_and_SLC17A7	CPI-CC0ACAF2735	SLC17A7	0.012	0.105	0.0	0.022	0.0	0.0	0.04	0.652	0.0	0.162	0.0	0.0	0.0	0.057	0.054	0.0	0.0	0.0	0.0	0.0	0.459	0.0	1.073	0.0	0.0	0.003	0.031	0.018	0.0	0.041	0.031	0.0
SLC17A7	Q9P2U7	True	VGLU1_HUMAN	Glutamate_byGLS_and_SLC17A7	CPI-CS009D94220	SLC17A7	0.012	0.105	0.0	0.022	0.0	0.0	0.04	0.652	0.0	0.162	0.0	0.0	0.0	0.057	0.054	0.0	0.0	0.0	0.0	0.0	0.459	0.0	1.073	0.0	0.0	0.003	0.031	0.018	0.0	0.041	0.031	0.0
SLC17A7	Q9P2U7	True	VGLU1_HUMAN	Glutamate_byGLS_and_SLC17A7	CPI-CC0476711B8	SLC17A7	0.012	0.105	0.0	0.022	0.0	0.0	0.04	0.652	0.0	0.162	0.0	0.0	0.0	0.057	0.054	0.0	0.0	0.0	0.0	0.0	0.459	0.0	1.073	0.0	0.0	0.003	0.031	0.018	0.0	0.041	0.031	0.0
SLC17A7	Q9P2U7	True	VGLU1_HUMAN	Glutamate_byGLS_and_SLC17A7	CPI-CC04062A92F	SLC17A7	0.012	0.105	0.0	0.022	0.0	0.0	0.04	0.652	0.0	0.162	0.0	0.0	0.0	0.057	0.054	0.0	0.0	0.0	0.0	0.0	0.459	0.0	1.073	0.0	0.0	0.003	0.031	0.018	0.0	0.041	0.031	0.0
SLC17A7	Q9P2U7	True	VGLU1_HUMAN	Glutamate_byGLS_and_SLC17A7	CPI-CS09A7E9FE7	SLC17A7	0.012	0.105	0.0	0.022	0.0	0.0	0.04	0.652	0.0	0.162	0.0	0.0	0.0	0.057	0.054	0.0	0.0	0.0	0.0	0.0	0.459	0.0	1.073	0.0	0.0	0.003	0.031	0.018	0.0	0.041	0.031	0.0
SLC17A7	Q9P2U7	True	VGLU1_HUMAN	Glutamate_byGLS_and_SLC17A7	CPI-CC0535DCAC1	SLC17A7	0.012	0.105	0.0	0.022	0.0	0.0	0.04	0.652	0.0	0.162	0.0	0.0	0.0	0.057	0.054	0.0	0.0	0.0	0.0	0.0	0.459	0.0	1.073	0.0	0.0	0.003	0.031	0.018	0.0	0.041	0.031	0.0
SLC17A7	Q9P2U7	True	VGLU1_HUMAN	Glutamate_byGLS_and_SLC17A7	CPI-CC093B33AB4	SLC17A7	0.012	0.105	0.0	0.022	0.0	0.0	0.04	0.652	0.0	0.162	0.0	0.0	0.0	0.057	0.054	0.0	0.0	0.0	0.0	0.0	0.459	0.0	1.073	0.0	0.0	0.003	0.031	0.018	0.0	0.041	0.031	0.0
SLC17A7	Q9P2U7	True	VGLU1_HUMAN	Glutamate_byGLS_and_SLC17A7	CPI-CC0456B9A93	SLC17A7	0.012	0.105	0.0	0.022	0.0	0.0	0.04	0.652	0.0	0.162	0.0	0.0	0.0	0.057	0.054	0.0	0.0	0.0	0.0	0.0	0.459	0.0	1.073	0.0	0.0	0.003	0.031	0.018	0.0	0.041	0.031	0.0
SLC17A7	Q9P2U7	True	VGLU1_HUMAN	Glutamate_byGLS_and_SLC17A7	CPI-CC0F0C48A55	SLC17A7	0.012	0.105	0.0	0.022	0.0	0.0	0.04	0.652	0.0	0.162	0.0	0.0	0.0	0.057	0.054	0.0	0.0	0.0	0.0	0.0	0.459	0.0	1.073	0.0	0.0	0.003	0.031	0.018	0.0	0.041	0.031	0.0
SLC17A7	Q9P2U7	True	VGLU1_HUMAN	Glutamate_byGLS_and_SLC17A7	CPI-CC09A13B23F	SLC17A7	0.012	0.105	0.0	0.022	0.0	0.0	0.04	0.652	0.0	0.162	0.0	0.0	0.0	0.057	0.054	0.0	0.0	0.0	0.0	0.0	0.459	0.0	1.073	0.0	0.0	0.003	0.031	0.018	0.0	0.041	0.031	0.0
SLC17A7	Q9P2U7	True	VGLU1_HUMAN	Glutamate_byGLS_and_SLC17A7	CPI-CC0B3CE8661	SLC17A7	0.012	0.105	0.0	0.022	0.0	0.0	0.04	0.652	0.0	0.162	0.0	0.0	0.0	0.057	0.054	0.0	0.0	0.0	0.0	0.0	0.459	0.0	1.073	0.0	0.0	0.003	0.031	0.018	0.0	0.041	0.031	0.0
SLC17A7	Q9P2U7	True	VGLU1_HUMAN	Glutamate_byGLS_and_SLC17A7	CPI-CS0C3432D7F	SLC17A7	0.012	0.105	0.0	0.022	0.0	0.0	0.04	0.652	0.0	0.162	0.0	0.0	0.0	0.057	0.054	0.0	0.0	0.0	0.0	0.0	0.459	0.0	1.073	0.0	0.0	0.003	0.031	0.018	0.0	0.041	0.031	0.0
SLC17A7	Q9P2U7	True	VGLU1_HUMAN	Glutamate_byGLS_and_SLC17A7	CPI-CS046DB98C7	SLC17A7	0.012	0.105	0.0	0.022	0.0	0.0	0.04	0.652	0.0	0.162	0.0	0.0	0.0	0.057	0.054	0.0	0.0	0.0	0.0	0.0	0.459	0.0	1.073	0.0	0.0	0.003	0.031	0.018	0.0	0.041	0.031	0.0
SLC17A7	Q9P2U7	True	VGLU1_HUMAN	Glutamate_byGLS_and_SLC17A7	CPI-CS013ADF74E	SLC17A7	0.012	0.105	0.0	0.022	0.0	0.0	0.04	0.652	0.0	0.162	0.0	0.0	0.0	0.057	0.054	0.0	0.0	0.0	0.0	0.0	0.459	0.0	1.073	0.0	0.0	0.003	0.031	0.018	0.0	0.041	0.031	0.0
SLC17A7	Q9P2U7	True	VGLU1_HUMAN	Glutamate_byGLS_and_SLC17A7	CPI-CS092F9D032	SLC17A7	0.012	0.105	0.0	0.022	0.0	0.0	0.04	0.652	0.0	0.162	0.0	0.0	0.0	0.057	0.054	0.0	0.0	0.0	0.0	0.0	0.459	0.0	1.073	0.0	0.0	0.003	0.031	0.018	0.0	0.041	0.031	0.0
SLC17A7	Q9P2U7	True	VGLU1_HUMAN	Glutamate_byGLS_and_SLC17A7	CPI-CS065936301	SLC17A7	0.012	0.105	0.0	0.022	0.0	0.0	0.04	0.652	0.0	0.162	0.0	0.0	0.0	0.057	0.054	0.0	0.0	0.0	0.0	0.0	0.459	0.0	1.073	0.0	0.0	0.003	0.031	0.018	0.0	0.041	0.031	0.0
SLC17A7	Q9P2U7	True	VGLU1_HUMAN	Glutamate_byGLS_and_SLC17A7	CPI-CS0A5114B04	SLC17A7	0.012	0.105	0.0	0.022	0.0	0.0	0.04	0.652	0.0	0.162	0.0	0.0	0.0	0.057	0.054	0.0	0.0	0.0	0.0	0.0	0.459	0.0	1.073	0.0	0.0	0.003	0.031	0.018	0.0	0.041	0.031	0.0
SLC17A7	Q9P2U7	True	VGLU1_HUMAN	Glutamate_byGLS_and_SLC17A7	CPI-CS0F37D7476	SLC17A7	0.012	0.105	0.0	0.022	0.0	0.0	0.04	0.652	0.0	0.162	0.0	0.0	0.0	0.057	0.054	0.0	0.0	0.0	0.0	0.0	0.459	0.0	1.073	0.0	0.0	0.003	0.031	0.018	0.0	0.041	0.031	0.0
SLC17A7	Q9P2U7	True	VGLU1_HUMAN	Glutamate_byGLS_and_SLC17A7	CPI-CS007F02C96	SLC17A7	0.012	0.105	0.0	0.022	0.0	0.0	0.04	0.652	0.0	0.162	0.0	0.0	0.0	0.057	0.054	0.0	0.0	0.0	0.0	0.0	0.459	0.0	1.073	0.0	0.0	0.003	0.031	0.018	0.0	0.041	0.031	0.0
GLS	O94925	True	GLSK_HUMAN	Glutamate_byGLS_and_SLC17A7	CPI-CS05A9AB39B	GLS	0.012	0.105	0.0	0.022	0.0	0.0	0.04	0.652	0.0	0.162	0.0	0.0	0.0	0.057	0.054	0.0	0.0	0.0	0.0	0.0	0.459	0.0	1.073	0.0	0.0	0.003	0.031	0.018	0.0	0.041	0.031	0.0
GLS	O94925	True	GLSK_HUMAN	Glutamate_byGLS_and_SLC17A7	CPI-CS00CF3D781	GLS	0.012	0.105	0.0	0.022	0.0	0.0	0.04	0.652	0.0	0.162	0.0	0.0	0.0	0.057	0.054	0.0	0.0	0.0	0.0	0.0	0.459	0.0	1.073	0.0	0.0	0.003	0.031	0.018	0.0	0.041	0.031	0.0
GLS	O94925	True	GLSK_HUMAN	Glutamate_byGLS_and_SLC17A7	CPI-CS09715A1FF	GLS	0.012	0.105	0.0	0.022	0.0	0.0	0.04	0.652	0.0	0.162	0.0	0.0	0.0	0.057	0.054	0.0	0.0	0.0	0.0	0.0	0.459	0.0	1.073	0.0	0.0	0.003	0.031	0.018	0.0	0.041	0.031	0.0
GLS	O94925	True	GLSK_HUMAN	Glutamate_byGLS_and_SLC17A7	CPI-CS0AB7504CD	GLS	0.012	0.105	0.0	0.022	0.0	0.0	0.04	0.652	0.0	0.162	0.0	0.0	0.0	0.057	0.054	0.0	0.0	0.0	0.0	0.0	0.459	0.0	1.073	0.0	0.0	0.003	0.031	0.018	0.0	0.041	0.031	0.0
GLS	O94925	True	GLSK_HUMAN	Glutamate_byGLS_and_SLC17A7	CPI-CS0F73C1DA9	GLS	0.012	0.105	0.0	0.022	0.0	0.0	0.04	0.652	0.0	0.162	0.0	0.0	0.0	0.057	0.054	0.0	0.0	0.0	0.0	0.0	0.459	0.0	1.073	0.0	0.0	0.003	0.031	0.018	0.0	0.041	0.031	0.0
GLS	O94925	True	GLSK_HUMAN	Glutamate_byGLS_and_SLC17A7	CPI-CC00A1F0EC7	GLS	0.012	0.105	0.0	0.022	0.0	0.0	0.04	0.652	0.0	0.162	0.0	0.0	0.0	0.057	0.054	0.0	0.0	0.0	0.0	0.0	0.459	0.0	1.073	0.0	0.0	0.003	0.031	0.018	0.0	0.041	0.031	0.0
GLS	O94925	True	GLSK_HUMAN	Glutamate_byGLS_and_SLC17A7	CPI-CC0ACAF2735	GLS	0.012	0.105	0.0	0.022	0.0	0.0	0.04	0.652	0.0	0.162	0.0	0.0	0.0	0.057	0.054	0.0	0.0	0.0	0.0	0.0	0.459	0.0	1.073	0.0	0.0	0.003	0.031	0.018	0.0	0.041	0.031	0.0
GLS	O94925	True	GLSK_HUMAN	Glutamate_byGLS_and_SLC17A7	CPI-CS009D94220	GLS	0.012	0.105	0.0	0.022	0.0	0.0	0.04	0.652	0.0	0.162	0.0	0.0	0.0	0.057	0.054	0.0	0.0	0.0	0.0	0.0	0.459	0.0	1.073	0.0	0.0	0.003	0.031	0.018	0.0	0.041	0.031	0.0
GLS	O94925	True	GLSK_HUMAN	Glutamate_byGLS_and_SLC17A7	CPI-CC0476711B8	GLS	0.012	0.105	0.0	0.022	0.0	0.0	0.04	0.652	0.0	0.162	0.0	0.0	0.0	0.057	0.054	0.0	0.0	0.0	0.0	0.0	0.459	0.0	1.073	0.0	0.0	0.003	0.031	0.018	0.0	0.041	0.031	0.0
GLS	O94925	True	GLSK_HUMAN	Glutamate_byGLS_and_SLC17A7	CPI-CC04062A92F	GLS	0.012	0.105	0.0	0.022	0.0	0.0	0.04	0.652	0.0	0.162	0.0	0.0	0.0	0.057	0.054	0.0	0.0	0.0	0.0	0.0	0.459	0.0	1.073	0.0	0.0	0.003	0.031	0.018	0.0	0.041	0.031	0.0
GLS	O94925	True	GLSK_HUMAN	Glutamate_byGLS_and_SLC17A7	CPI-CS09A7E9FE7	GLS	0.012	0.105	0.0	0.022	0.0	0.0	0.04	0.652	0.0	0.162	0.0	0.0	0.0	0.057	0.054	0.0	0.0	0.0	0.0	0.0	0.459	0.0	1.073	0.0	0.0	0.003	0.031	0.018	0.0	0.041	0.031	0.0
GLS	O94925	True	GLSK_HUMAN	Glutamate_byGLS_and_SLC17A7	CPI-CC0535DCAC1	GLS	0.012	0.105	0.0	0.022	0.0	0.0	0.04	0.652	0.0	0.162	0.0	0.0	0.0	0.057	0.054	0.0	0.0	0.0	0.0	0.0	0.459	0.0	1.073	0.0	0.0	0.003	0.031	0.018	0.0	0.041	0.031	0.0
GLS	O94925	True	GLSK_HUMAN	Glutamate_byGLS_and_SLC17A7	CPI-CC093B33AB4	GLS	0.012	0.105	0.0	0.022	0.0	0.0	0.04	0.652	0.0	0.162	0.0	0.0	0.0	0.057	0.054	0.0	0.0	0.0	0.0	0.0	0.459	0.0	1.073	0.0	0.0	0.003	0.031	0.018	0.0	0.041	0.031	0.0
GLS	O94925	True	GLSK_HUMAN	Glutamate_byGLS_and_SLC17A7	CPI-CC0456B9A93	GLS	0.012	0.105	0.0	0.022	0.0	0.0	0.04	0.652	0.0	0.162	0.0	0.0	0.0	0.057	0.054	0.0	0.0	0.0	0.0	0.0	0.459	0.0	1.073	0.0	0.0	0.003	0.031	0.018	0.0	0.041	0.031	0.0
GLS	O94925	True	GLSK_HUMAN	Glutamate_byGLS_and_SLC17A7	CPI-CC0F0C48A55	GLS	0.012	0.105	0.0	0.022	0.0	0.0	0.04	0.652	0.0	0.162	0.0	0.0	0.0	0.057	0.054	0.0	0.0	0.0	0.0	0.0	0.459	0.0	1.073	0.0	0.0	0.003	0.031	0.018	0.0	0.041	0.031	0.0
GLS	O94925	True	GLSK_HUMAN	Glutamate_byGLS_and_SLC17A7	CPI-CC09A13B23F	GLS	0.012	0.105	0.0	0.022	0.0	0.0	0.04	0.652	0.0	0.162	0.0	0.0	0.0	0.057	0.054	0.0	0.0	0.0	0.0	0.0	0.459	0.0	1.073	0.0	0.0	0.003	0.031	0.018	0.0	0.041	0.031	0.0
GLS	O94925	True	GLSK_HUMAN	Glutamate_byGLS_and_SLC17A7	CPI-CC0B3CE8661	GLS	0.012	0.105	0.0	0.022	0.0	0.0	0.04	0.652	0.0	0.162	0.0	0.0	0.0	0.057	0.054	0.0	0.0	0.0	0.0	0.0	0.459	0.0	1.073	0.0	0.0	0.003	0.031	0.018	0.0	0.041	0.031	0.0
GLS	O94925	True	GLSK_HUMAN	Glutamate_byGLS_and_SLC17A7	CPI-CS0C3432D7F	GLS	0.012	0.105	0.0	0.022	0.0	0.0	0.04	0.652	0.0	0.162	0.0	0.0	0.0	0.057	0.054	0.0	0.0	0.0	0.0	0.0	0.459	0.0	1.073	0.0	0.0	0.003	0.031	0.018	0.0	0.041	0.031	0.0
GLS	O94925	True	GLSK_HUMAN	Glutamate_byGLS_and_SLC17A7	CPI-CS046DB98C7	GLS	0.012	0.105	0.0	0.022	0.0	0.0	0.04	0.652	0.0	0.162	0.0	0.0	0.0	0.057	0.054	0.0	0.0	0.0	0.0	0.0	0.459	0.0	1.073	0.0	0.0	0.003	0.031	0.018	0.0	0.041	0.031	0.0
GLS	O94925	True	GLSK_HUMAN	Glutamate_byGLS_and_SLC17A7	CPI-CS013ADF74E	GLS	0.012	0.105	0.0	0.022	0.0	0.0	0.04	0.652	0.0	0.162	0.0	0.0	0.0	0.057	0.054	0.0	0.0	0.0	0.0	0.0	0.459	0.0	1.073	0.0	0.0	0.003	0.031	0.018	0.0	0.041	0.031	0.0
GLS	O94925	True	GLSK_HUMAN	Glutamate_byGLS_and_SLC17A7	CPI-CS092F9D032	GLS	0.012	0.105	0.0	0.022	0.0	0.0	0.04	0.652	0.0	0.162	0.0	0.0	0.0	0.057	0.054	0.0	0.0	0.0	0.0	0.0	0.459	0.0	1.073	0.0	0.0	0.003	0.031	0.018	0.0	0.041	0.031	0.0
GLS	O94925	True	GLSK_HUMAN	Glutamate_byGLS_and_SLC17A7	CPI-CS065936301	GLS	0.012	0.105	0.0	0.022	0.0	0.0	0.04	0.652	0.0	0.162	0.0	0.0	0.0	0.057	0.054	0.0	0.0	0.0	0.0	0.0	0.459	0.0	1.073	0.0	0.0	0.003	0.031	0.018	0.0	0.041	0.031	0.0
GLS	O94925	True	GLSK_HUMAN	Glutamate_byGLS_and_SLC17A7	CPI-CS0A5114B04	GLS	0.012	0.105	0.0	0.022	0.0	0.0	0.04	0.652	0.0	0.162	0.0	0.0	0.0	0.057	0.054	0.0	0.0	0.0	0.0	0.0	0.459	0.0	1.073	0.0	0.0	0.003	0.031	0.018	0.0	0.041	0.031	0.0
GLS	O94925	True	GLSK_HUMAN	Glutamate_byGLS_and_SLC17A7	CPI-CS0F37D7476	GLS	0.012	0.105	0.0	0.022	0.0	0.0	0.04	0.652	0.0	0.162	0.0	0.0	0.0	0.057	0.054	0.0	0.0	0.0	0.0	0.0	0.459	0.0	1.073	0.0	0.0	0.003	0.031	0.018	0.0	0.041	0.031	0.0
GLS	O94925	True	GLSK_HUMAN	Glutamate_byGLS_and_SLC17A7	CPI-CS007F02C96	GLS	0.012	0.105	0.0	0.022	0.0	0.0	0.04	0.652	0.0	0.162	0.0	0.0	0.0	0.057	0.054	0.0	0.0	0.0	0.0	0.0	0.459	0.0	1.073	0.0	0.0	0.003	0.031	0.018	0.0	0.041	0.031	0.0
SLC1A1	P43005	True	EAA3_HUMAN	Glutamate_byGLS_and_SLC1A1	CPI-CS0D5D712A6	SLC1A1	0.285	0.036	0.0	0.058	0.31	0.352	0.048	0.034	0.066	0.062	0.129	0.0	0.0	0.0	0.036	0.0	0.0	0.0	0.08	0.282	0.437	0.027	0.247	0.198	0.0	0.052	0.051	0.146	0.09	0.084	0.147	0.06
SLC1A1	P43005	True	EAA3_HUMAN	Glutamate_byGLS_and_SLC1A1	CPI-CS0D893EB03	SLC1A1	0.285	0.036	0.0	0.058	0.31	0.352	0.048	0.034	0.066	0.062	0.129	0.0	0.0	0.0	0.036	0.0	0.0	0.0	0.08	0.282	0.437	0.027	0.247	0.198	0.0	0.052	0.051	0.146	0.09	0.084	0.147	0.06
SLC1A1	P43005	True	EAA3_HUMAN	Glutamate_byGLS_and_SLC1A1	CPI-CS0921FDCC0	SLC1A1	0.285	0.036	0.0	0.058	0.31	0.352	0.048	0.034	0.066	0.062	0.129	0.0	0.0	0.0	0.036	0.0	0.0	0.0	0.08	0.282	0.437	0.027	0.247	0.198	0.0	0.052	0.051	0.146	0.09	0.084	0.147	0.06
SLC1A1	P43005	True	EAA3_HUMAN	Glutamate_byGLS_and_SLC1A1	CPI-CS0C53F30BC	SLC1A1	0.285	0.036	0.0	0.058	0.31	0.352	0.048	0.034	0.066	0.062	0.129	0.0	0.0	0.0	0.036	0.0	0.0	0.0	0.08	0.282	0.437	0.027	0.247	0.198	0.0	0.052	0.051	0.146	0.09	0.084	0.147	0.06
SLC1A1	P43005	True	EAA3_HUMAN	Glutamate_byGLS_and_SLC1A1	CPI-CS070ACE5CB	SLC1A1	0.285	0.036	0.0	0.058	0.31	0.352	0.048	0.034	0.066	0.062	0.129	0.0	0.0	0.0	0.036	0.0	0.0	0.0	0.08	0.282	0.437	0.027	0.247	0.198	0.0	0.052	0.051	0.146	0.09	0.084	0.147	0.06
SLC1A1	P43005	True	EAA3_HUMAN	Glutamate_byGLS_and_SLC1A1	CPI-CC08C4BCAED	SLC1A1	0.285	0.036	0.0	0.058	0.31	0.352	0.048	0.034	0.066	0.062	0.129	0.0	0.0	0.0	0.036	0.0	0.0	0.0	0.08	0.282	0.437	0.027	0.247	0.198	0.0	0.052	0.051	0.146	0.09	0.084	0.147	0.06
SLC1A1	P43005	True	EAA3_HUMAN	Glutamate_byGLS_and_SLC1A1	CPI-CC00F486A57	SLC1A1	0.285	0.036	0.0	0.058	0.31	0.352	0.048	0.034	0.066	0.062	0.129	0.0	0.0	0.0	0.036	0.0	0.0	0.0	0.08	0.282	0.437	0.027	0.247	0.198	0.0	0.052	0.051	0.146	0.09	0.084	0.147	0.06
SLC1A1	P43005	True	EAA3_HUMAN	Glutamate_byGLS_and_SLC1A1	CPI-CS07D0E4897	SLC1A1	0.285	0.036	0.0	0.058	0.31	0.352	0.048	0.034	0.066	0.062	0.129	0.0	0.0	0.0	0.036	0.0	0.0	0.0	0.08	0.282	0.437	0.027	0.247	0.198	0.0	0.052	0.051	0.146	0.09	0.084	0.147	0.06
SLC1A1	P43005	True	EAA3_HUMAN	Glutamate_byGLS_and_SLC1A1	CPI-CC052F5C918	SLC1A1	0.285	0.036	0.0	0.058	0.31	0.352	0.048	0.034	0.066	0.062	0.129	0.0	0.0	0.0	0.036	0.0	0.0	0.0	0.08	0.282	0.437	0.027	0.247	0.198	0.0	0.052	0.051	0.146	0.09	0.084	0.147	0.06
SLC1A1	P43005	True	EAA3_HUMAN	Glutamate_byGLS_and_SLC1A1	CPI-CC0EAD8AFBF	SLC1A1	0.285	0.036	0.0	0.058	0.31	0.352	0.048	0.034	0.066	0.062	0.129	0.0	0.0	0.0	0.036	0.0	0.0	0.0	0.08	0.282	0.437	0.027	0.247	0.198	0.0	0.052	0.051	0.146	0.09	0.084	0.147	0.06
SLC1A1	P43005	True	EAA3_HUMAN	Glutamate_byGLS_and_SLC1A1	CPI-CS044A80E08	SLC1A1	0.285	0.036	0.0	0.058	0.31	0.352	0.048	0.034	0.066	0.062	0.129	0.0	0.0	0.0	0.036	0.0	0.0	0.0	0.08	0.282	0.437	0.027	0.247	0.198	0.0	0.052	0.051	0.146	0.09	0.084	0.147	0.06
SLC1A1	P43005	True	EAA3_HUMAN	Glutamate_byGLS_and_SLC1A1	CPI-CC0B7463256	SLC1A1	0.285	0.036	0.0	0.058	0.31	0.352	0.048	0.034	0.066	0.062	0.129	0.0	0.0	0.0	0.036	0.0	0.0	0.0	0.08	0.282	0.437	0.027	0.247	0.198	0.0	0.052	0.051	0.146	0.09	0.084	0.147	0.06
SLC1A1	P43005	True	EAA3_HUMAN	Glutamate_byGLS_and_SLC1A1	CPI-CC0699D36D3	SLC1A1	0.285	0.036	0.0	0.058	0.31	0.352	0.048	0.034	0.066	0.062	0.129	0.0	0.0	0.0	0.036	0.0	0.0	0.0	0.08	0.282	0.437	0.027	0.247	0.198	0.0	0.052	0.051	0.146	0.09	0.084	0.147	0.06
SLC1A1	P43005	True	EAA3_HUMAN	Glutamate_byGLS_and_SLC1A1	CPI-CC0CE99AC11	SLC1A1	0.285	0.036	0.0	0.058	0.31	0.352	0.048	0.034	0.066	0.062	0.129	0.0	0.0	0.0	0.036	0.0	0.0	0.0	0.08	0.282	0.437	0.027	0.247	0.198	0.0	0.052	0.051	0.146	0.09	0.084	0.147	0.06
SLC1A1	P43005	True	EAA3_HUMAN	Glutamate_byGLS_and_SLC1A1	CPI-CC05708A400	SLC1A1	0.285	0.036	0.0	0.058	0.31	0.352	0.048	0.034	0.066	0.062	0.129	0.0	0.0	0.0	0.036	0.0	0.0	0.0	0.08	0.282	0.437	0.027	0.247	0.198	0.0	0.052	0.051	0.146	0.09	0.084	0.147	0.06
SLC1A1	P43005	True	EAA3_HUMAN	Glutamate_byGLS_and_SLC1A1	CPI-CC0FC2F01AB	SLC1A1	0.285	0.036	0.0	0.058	0.31	0.352	0.048	0.034	0.066	0.062	0.129	0.0	0.0	0.0	0.036	0.0	0.0	0.0	0.08	0.282	0.437	0.027	0.247	0.198	0.0	0.052	0.051	0.146	0.09	0.084	0.147	0.06
SLC1A1	P43005	True	EAA3_HUMAN	Glutamate_byGLS_and_SLC1A1	CPI-CC037A4383F	SLC1A1	0.285	0.036	0.0	0.058	0.31	0.352	0.048	0.034	0.066	0.062	0.129	0.0	0.0	0.0	0.036	0.0	0.0	0.0	0.08	0.282	0.437	0.027	0.247	0.198	0.0	0.052	0.051	0.146	0.09	0.084	0.147	0.06
SLC1A1	P43005	True	EAA3_HUMAN	Glutamate_byGLS_and_SLC1A1	CPI-CS059E38F49	SLC1A1	0.285	0.036	0.0	0.058	0.31	0.352	0.048	0.034	0.066	0.062	0.129	0.0	0.0	0.0	0.036	0.0	0.0	0.0	0.08	0.282	0.437	0.027	0.247	0.198	0.0	0.052	0.051	0.146	0.09	0.084	0.147	0.06
SLC1A1	P43005	True	EAA3_HUMAN	Glutamate_byGLS_and_SLC1A1	CPI-CS099892F99	SLC1A1	0.285	0.036	0.0	0.058	0.31	0.352	0.048	0.034	0.066	0.062	0.129	0.0	0.0	0.0	0.036	0.0	0.0	0.0	0.08	0.282	0.437	0.027	0.247	0.198	0.0	0.052	0.051	0.146	0.09	0.084	0.147	0.06
SLC1A1	P43005	True	EAA3_HUMAN	Glutamate_byGLS_and_SLC1A1	CPI-CS035E3DC49	SLC1A1	0.285	0.036	0.0	0.058	0.31	0.352	0.048	0.034	0.066	0.062	0.129	0.0	0.0	0.0	0.036	0.0	0.0	0.0	0.08	0.282	0.437	0.027	0.247	0.198	0.0	0.052	0.051	0.146	0.09	0.084	0.147	0.06
SLC1A1	P43005	True	EAA3_HUMAN	Glutamate_byGLS_and_SLC1A1	CPI-CS08648BDFD	SLC1A1	0.285	0.036	0.0	0.058	0.31	0.352	0.048	0.034	0.066	0.062	0.129	0.0	0.0	0.0	0.036	0.0	0.0	0.0	0.08	0.282	0.437	0.027	0.247	0.198	0.0	0.052	0.051	0.146	0.09	0.084	0.147	0.06
SLC1A1	P43005	True	EAA3_HUMAN	Glutamate_byGLS_and_SLC1A1	CPI-CS0EECB890E	SLC1A1	0.285	0.036	0.0	0.058	0.31	0.352	0.048	0.034	0.066	0.062	0.129	0.0	0.0	0.0	0.036	0.0	0.0	0.0	0.08	0.282	0.437	0.027	0.247	0.198	0.0	0.052	0.051	0.146	0.09	0.084	0.147	0.06
SLC1A1	P43005	True	EAA3_HUMAN	Glutamate_byGLS_and_SLC1A1	CPI-CS0A1A5DA91	SLC1A1	0.285	0.036	0.0	0.058	0.31	0.352	0.048	0.034	0.066	0.062	0.129	0.0	0.0	0.0	0.036	0.0	0.0	0.0	0.08	0.282	0.437	0.027	0.247	0.198	0.0	0.052	0.051	0.146	0.09	0.084	0.147	0.06
SLC1A1	P43005	True	EAA3_HUMAN	Glutamate_byGLS_and_SLC1A1	CPI-CS093EF3F47	SLC1A1	0.285	0.036	0.0	0.058	0.31	0.352	0.048	0.034	0.066	0.062	0.129	0.0	0.0	0.0	0.036	0.0	0.0	0.0	0.08	0.282	0.437	0.027	0.247	0.198	0.0	0.052	0.051	0.146	0.09	0.084	0.147	0.06
SLC1A1	P43005	True	EAA3_HUMAN	Glutamate_byGLS_and_SLC1A1	CPI-CS0BEF05FE2	SLC1A1	0.285	0.036	0.0	0.058	0.31	0.352	0.048	0.034	0.066	0.062	0.129	0.0	0.0	0.0	0.036	0.0	0.0	0.0	0.08	0.282	0.437	0.027	0.247	0.198	0.0	0.052	0.051	0.146	0.09	0.084	0.147	0.06
GLS	O94925	True	GLSK_HUMAN	Glutamate_byGLS_and_SLC1A1	CPI-CS0D5D712A6	GLS	0.285	0.036	0.0	0.058	0.31	0.352	0.048	0.034	0.066	0.062	0.129	0.0	0.0	0.0	0.036	0.0	0.0	0.0	0.08	0.282	0.437	0.027	0.247	0.198	0.0	0.052	0.051	0.146	0.09	0.084	0.147	0.06
GLS	O94925	True	GLSK_HUMAN	Glutamate_byGLS_and_SLC1A1	CPI-CS0D893EB03	GLS	0.285	0.036	0.0	0.058	0.31	0.352	0.048	0.034	0.066	0.062	0.129	0.0	0.0	0.0	0.036	0.0	0.0	0.0	0.08	0.282	0.437	0.027	0.247	0.198	0.0	0.052	0.051	0.146	0.09	0.084	0.147	0.06
GLS	O94925	True	GLSK_HUMAN	Glutamate_byGLS_and_SLC1A1	CPI-CS0921FDCC0	GLS	0.285	0.036	0.0	0.058	0.31	0.352	0.048	0.034	0.066	0.062	0.129	0.0	0.0	0.0	0.036	0.0	0.0	0.0	0.08	0.282	0.437	0.027	0.247	0.198	0.0	0.052	0.051	0.146	0.09	0.084	0.147	0.06
GLS	O94925	True	GLSK_HUMAN	Glutamate_byGLS_and_SLC1A1	CPI-CS0C53F30BC	GLS	0.285	0.036	0.0	0.058	0.31	0.352	0.048	0.034	0.066	0.062	0.129	0.0	0.0	0.0	0.036	0.0	0.0	0.0	0.08	0.282	0.437	0.027	0.247	0.198	0.0	0.052	0.051	0.146	0.09	0.084	0.147	0.06
GLS	O94925	True	GLSK_HUMAN	Glutamate_byGLS_and_SLC1A1	CPI-CS070ACE5CB	GLS	0.285	0.036	0.0	0.058	0.31	0.352	0.048	0.034	0.066	0.062	0.129	0.0	0.0	0.0	0.036	0.0	0.0	0.0	0.08	0.282	0.437	0.027	0.247	0.198	0.0	0.052	0.051	0.146	0.09	0.084	0.147	0.06
GLS	O94925	True	GLSK_HUMAN	Glutamate_byGLS_and_SLC1A1	CPI-CC08C4BCAED	GLS	0.285	0.036	0.0	0.058	0.31	0.352	0.048	0.034	0.066	0.062	0.129	0.0	0.0	0.0	0.036	0.0	0.0	0.0	0.08	0.282	0.437	0.027	0.247	0.198	0.0	0.052	0.051	0.146	0.09	0.084	0.147	0.06
GLS	O94925	True	GLSK_HUMAN	Glutamate_byGLS_and_SLC1A1	CPI-CC00F486A57	GLS	0.285	0.036	0.0	0.058	0.31	0.352	0.048	0.034	0.066	0.062	0.129	0.0	0.0	0.0	0.036	0.0	0.0	0.0	0.08	0.282	0.437	0.027	0.247	0.198	0.0	0.052	0.051	0.146	0.09	0.084	0.147	0.06
GLS	O94925	True	GLSK_HUMAN	Glutamate_byGLS_and_SLC1A1	CPI-CS07D0E4897	GLS	0.285	0.036	0.0	0.058	0.31	0.352	0.048	0.034	0.066	0.062	0.129	0.0	0.0	0.0	0.036	0.0	0.0	0.0	0.08	0.282	0.437	0.027	0.247	0.198	0.0	0.052	0.051	0.146	0.09	0.084	0.147	0.06
GLS	O94925	True	GLSK_HUMAN	Glutamate_byGLS_and_SLC1A1	CPI-CC052F5C918	GLS	0.285	0.036	0.0	0.058	0.31	0.352	0.048	0.034	0.066	0.062	0.129	0.0	0.0	0.0	0.036	0.0	0.0	0.0	0.08	0.282	0.437	0.027	0.247	0.198	0.0	0.052	0.051	0.146	0.09	0.084	0.147	0.06
GLS	O94925	True	GLSK_HUMAN	Glutamate_byGLS_and_SLC1A1	CPI-CC0EAD8AFBF	GLS	0.285	0.036	0.0	0.058	0.31	0.352	0.048	0.034	0.066	0.062	0.129	0.0	0.0	0.0	0.036	0.0	0.0	0.0	0.08	0.282	0.437	0.027	0.247	0.198	0.0	0.052	0.051	0.146	0.09	0.084	0.147	0.06
GLS	O94925	True	GLSK_HUMAN	Glutamate_byGLS_and_SLC1A1	CPI-CS044A80E08	GLS	0.285	0.036	0.0	0.058	0.31	0.352	0.048	0.034	0.066	0.062	0.129	0.0	0.0	0.0	0.036	0.0	0.0	0.0	0.08	0.282	0.437	0.027	0.247	0.198	0.0	0.052	0.051	0.146	0.09	0.084	0.147	0.06
GLS	O94925	True	GLSK_HUMAN	Glutamate_byGLS_and_SLC1A1	CPI-CC0B7463256	GLS	0.285	0.036	0.0	0.058	0.31	0.352	0.048	0.034	0.066	0.062	0.129	0.0	0.0	0.0	0.036	0.0	0.0	0.0	0.08	0.282	0.437	0.027	0.247	0.198	0.0	0.052	0.051	0.146	0.09	0.084	0.147	0.06
GLS	O94925	True	GLSK_HUMAN	Glutamate_byGLS_and_SLC1A1	CPI-CC0699D36D3	GLS	0.285	0.036	0.0	0.058	0.31	0.352	0.048	0.034	0.066	0.062	0.129	0.0	0.0	0.0	0.036	0.0	0.0	0.0	0.08	0.282	0.437	0.027	0.247	0.198	0.0	0.052	0.051	0.146	0.09	0.084	0.147	0.06
GLS	O94925	True	GLSK_HUMAN	Glutamate_byGLS_and_SLC1A1	CPI-CC0CE99AC11	GLS	0.285	0.036	0.0	0.058	0.31	0.352	0.048	0.034	0.066	0.062	0.129	0.0	0.0	0.0	0.036	0.0	0.0	0.0	0.08	0.282	0.437	0.027	0.247	0.198	0.0	0.052	0.051	0.146	0.09	0.084	0.147	0.06
GLS	O94925	True	GLSK_HUMAN	Glutamate_byGLS_and_SLC1A1	CPI-CC05708A400	GLS	0.285	0.036	0.0	0.058	0.31	0.352	0.048	0.034	0.066	0.062	0.129	0.0	0.0	0.0	0.036	0.0	0.0	0.0	0.08	0.282	0.437	0.027	0.247	0.198	0.0	0.052	0.051	0.146	0.09	0.084	0.147	0.06
GLS	O94925	True	GLSK_HUMAN	Glutamate_byGLS_and_SLC1A1	CPI-CC0FC2F01AB	GLS	0.285	0.036	0.0	0.058	0.31	0.352	0.048	0.034	0.066	0.062	0.129	0.0	0.0	0.0	0.036	0.0	0.0	0.0	0.08	0.282	0.437	0.027	0.247	0.198	0.0	0.052	0.051	0.146	0.09	0.084	0.147	0.06
GLS	O94925	True	GLSK_HUMAN	Glutamate_byGLS_and_SLC1A1	CPI-CC037A4383F	GLS	0.285	0.036	0.0	0.058	0.31	0.352	0.048	0.034	0.066	0.062	0.129	0.0	0.0	0.0	0.036	0.0	0.0	0.0	0.08	0.282	0.437	0.027	0.247	0.198	0.0	0.052	0.051	0.146	0.09	0.084	0.147	0.06
GLS	O94925	True	GLSK_HUMAN	Glutamate_byGLS_and_SLC1A1	CPI-CS059E38F49	GLS	0.285	0.036	0.0	0.058	0.31	0.352	0.048	0.034	0.066	0.062	0.129	0.0	0.0	0.0	0.036	0.0	0.0	0.0	0.08	0.282	0.437	0.027	0.247	0.198	0.0	0.052	0.051	0.146	0.09	0.084	0.147	0.06
GLS	O94925	True	GLSK_HUMAN	Glutamate_byGLS_and_SLC1A1	CPI-CS099892F99	GLS	0.285	0.036	0.0	0.058	0.31	0.352	0.048	0.034	0.066	0.062	0.129	0.0	0.0	0.0	0.036	0.0	0.0	0.0	0.08	0.282	0.437	0.027	0.247	0.198	0.0	0.052	0.051	0.146	0.09	0.084	0.147	0.06
GLS	O94925	True	GLSK_HUMAN	Glutamate_byGLS_and_SLC1A1	CPI-CS035E3DC49	GLS	0.285	0.036	0.0	0.058	0.31	0.352	0.048	0.034	0.066	0.062	0.129	0.0	0.0	0.0	0.036	0.0	0.0	0.0	0.08	0.282	0.437	0.027	0.247	0.198	0.0	0.052	0.051	0.146	0.09	0.084	0.147	0.06
GLS	O94925	True	GLSK_HUMAN	Glutamate_byGLS_and_SLC1A1	CPI-CS08648BDFD	GLS	0.285	0.036	0.0	0.058	0.31	0.352	0.048	0.034	0.066	0.062	0.129	0.0	0.0	0.0	0.036	0.0	0.0	0.0	0.08	0.282	0.437	0.027	0.247	0.198	0.0	0.052	0.051	0.146	0.09	0.084	0.147	0.06
GLS	O94925	True	GLSK_HUMAN	Glutamate_byGLS_and_SLC1A1	CPI-CS0EECB890E	GLS	0.285	0.036	0.0	0.058	0.31	0.352	0.048	0.034	0.066	0.062	0.129	0.0	0.0	0.0	0.036	0.0	0.0	0.0	0.08	0.282	0.437	0.027	0.247	0.198	0.0	0.052	0.051	0.146	0.09	0.084	0.147	0.06
GLS	O94925	True	GLSK_HUMAN	Glutamate_byGLS_and_SLC1A1	CPI-CS0A1A5DA91	GLS	0.285	0.036	0.0	0.058	0.31	0.352	0.048	0.034	0.066	0.062	0.129	0.0	0.0	0.0	0.036	0.0	0.0	0.0	0.08	0.282	0.437	0.027	0.247	0.198	0.0	0.052	0.051	0.146	0.09	0.084	0.147	0.06
GLS	O94925	True	GLSK_HUMAN	Glutamate_byGLS_and_SLC1A1	CPI-CS093EF3F47	GLS	0.285	0.036	0.0	0.058	0.31	0.352	0.048	0.034	0.066	0.062	0.129	0.0	0.0	0.0	0.036	0.0	0.0	0.0	0.08	0.282	0.437	0.027	0.247	0.198	0.0	0.052	0.051	0.146	0.09	0.084	0.147	0.06
GLS	O94925	True	GLSK_HUMAN	Glutamate_byGLS_and_SLC1A1	CPI-CS0BEF05FE2	GLS	0.285	0.036	0.0	0.058	0.31	0.352	0.048	0.034	0.066	0.062	0.129	0.0	0.0	0.0	0.036	0.0	0.0	0.0	0.08	0.282	0.437	0.027	0.247	0.198	0.0	0.052	0.051	0.146	0.09	0.084	0.147	0.06
SLC1A3	P43003	True	EAA1_HUMAN	Glutamate_byGLS_and_SLC1A3	CPI-CS0FC6DD1EA	SLC1A3	0.0	0.0	0.055	0.0	0.0	0.0	0.0	0.0	0.0	0.091	0.0	0.0	0.0	0.0	0.0	0.0	0.0	0.0	0.0	0.0	0.0	0.0	0.0	0.0	0.0	0.0	0.0	0.0	0.0	0.0	0.0	0.0
SLC1A3	P43003	True	EAA1_HUMAN	Glutamate_byGLS_and_SLC1A3	CPI-CS0E765613E	SLC1A3	0.0	0.0	0.055	0.0	0.0	0.0	0.0	0.0	0.0	0.091	0.0	0.0	0.0	0.0	0.0	0.0	0.0	0.0	0.0	0.0	0.0	0.0	0.0	0.0	0.0	0.0	0.0	0.0	0.0	0.0	0.0	0.0
SLC1A3	P43003	True	EAA1_HUMAN	Glutamate_byGLS_and_SLC1A3	CPI-CS0692512DE	SLC1A3	0.0	0.0	0.055	0.0	0.0	0.0	0.0	0.0	0.0	0.091	0.0	0.0	0.0	0.0	0.0	0.0	0.0	0.0	0.0	0.0	0.0	0.0	0.0	0.0	0.0	0.0	0.0	0.0	0.0	0.0	0.0	0.0
SLC1A3	P43003	True	EAA1_HUMAN	Glutamate_byGLS_and_SLC1A3	CPI-CS04BFC66DA	SLC1A3	0.0	0.0	0.055	0.0	0.0	0.0	0.0	0.0	0.0	0.091	0.0	0.0	0.0	0.0	0.0	0.0	0.0	0.0	0.0	0.0	0.0	0.0	0.0	0.0	0.0	0.0	0.0	0.0	0.0	0.0	0.0	0.0
SLC1A3	P43003	True	EAA1_HUMAN	Glutamate_byGLS_and_SLC1A3	CPI-CS04473CE2B	SLC1A3	0.0	0.0	0.055	0.0	0.0	0.0	0.0	0.0	0.0	0.091	0.0	0.0	0.0	0.0	0.0	0.0	0.0	0.0	0.0	0.0	0.0	0.0	0.0	0.0	0.0	0.0	0.0	0.0	0.0	0.0	0.0	0.0
SLC1A3	P43003	True	EAA1_HUMAN	Glutamate_byGLS_and_SLC1A3	CPI-CC0918CCE56	SLC1A3	0.0	0.0	0.055	0.0	0.0	0.0	0.0	0.0	0.0	0.091	0.0	0.0	0.0	0.0	0.0	0.0	0.0	0.0	0.0	0.0	0.0	0.0	0.0	0.0	0.0	0.0	0.0	0.0	0.0	0.0	0.0	0.0
SLC1A3	P43003	True	EAA1_HUMAN	Glutamate_byGLS_and_SLC1A3	CPI-CC02BF19DCF	SLC1A3	0.0	0.0	0.055	0.0	0.0	0.0	0.0	0.0	0.0	0.091	0.0	0.0	0.0	0.0	0.0	0.0	0.0	0.0	0.0	0.0	0.0	0.0	0.0	0.0	0.0	0.0	0.0	0.0	0.0	0.0	0.0	0.0
SLC1A3	P43003	True	EAA1_HUMAN	Glutamate_byGLS_and_SLC1A3	CPI-CS037F4EF32	SLC1A3	0.0	0.0	0.055	0.0	0.0	0.0	0.0	0.0	0.0	0.091	0.0	0.0	0.0	0.0	0.0	0.0	0.0	0.0	0.0	0.0	0.0	0.0	0.0	0.0	0.0	0.0	0.0	0.0	0.0	0.0	0.0	0.0
SLC1A3	P43003	True	EAA1_HUMAN	Glutamate_byGLS_and_SLC1A3	CPI-CC0063E25BD	SLC1A3	0.0	0.0	0.055	0.0	0.0	0.0	0.0	0.0	0.0	0.091	0.0	0.0	0.0	0.0	0.0	0.0	0.0	0.0	0.0	0.0	0.0	0.0	0.0	0.0	0.0	0.0	0.0	0.0	0.0	0.0	0.0	0.0
SLC1A3	P43003	True	EAA1_HUMAN	Glutamate_byGLS_and_SLC1A3	CPI-CC0E60351FF	SLC1A3	0.0	0.0	0.055	0.0	0.0	0.0	0.0	0.0	0.0	0.091	0.0	0.0	0.0	0.0	0.0	0.0	0.0	0.0	0.0	0.0	0.0	0.0	0.0	0.0	0.0	0.0	0.0	0.0	0.0	0.0	0.0	0.0
SLC1A3	P43003	True	EAA1_HUMAN	Glutamate_byGLS_and_SLC1A3	CPI-CS0EB60A2B2	SLC1A3	0.0	0.0	0.055	0.0	0.0	0.0	0.0	0.0	0.0	0.091	0.0	0.0	0.0	0.0	0.0	0.0	0.0	0.0	0.0	0.0	0.0	0.0	0.0	0.0	0.0	0.0	0.0	0.0	0.0	0.0	0.0	0.0
SLC1A3	P43003	True	EAA1_HUMAN	Glutamate_byGLS_and_SLC1A3	CPI-CC049F2ABCF	SLC1A3	0.0	0.0	0.055	0.0	0.0	0.0	0.0	0.0	0.0	0.091	0.0	0.0	0.0	0.0	0.0	0.0	0.0	0.0	0.0	0.0	0.0	0.0	0.0	0.0	0.0	0.0	0.0	0.0	0.0	0.0	0.0	0.0
SLC1A3	P43003	True	EAA1_HUMAN	Glutamate_byGLS_and_SLC1A3	CPI-CC0CB231C91	SLC1A3	0.0	0.0	0.055	0.0	0.0	0.0	0.0	0.0	0.0	0.091	0.0	0.0	0.0	0.0	0.0	0.0	0.0	0.0	0.0	0.0	0.0	0.0	0.0	0.0	0.0	0.0	0.0	0.0	0.0	0.0	0.0	0.0
SLC1A3	P43003	True	EAA1_HUMAN	Glutamate_byGLS_and_SLC1A3	CPI-CC06CC71FC3	SLC1A3	0.0	0.0	0.055	0.0	0.0	0.0	0.0	0.0	0.0	0.091	0.0	0.0	0.0	0.0	0.0	0.0	0.0	0.0	0.0	0.0	0.0	0.0	0.0	0.0	0.0	0.0	0.0	0.0	0.0	0.0	0.0	0.0
SLC1A3	P43003	True	EAA1_HUMAN	Glutamate_byGLS_and_SLC1A3	CPI-CC0E366FBD5	SLC1A3	0.0	0.0	0.055	0.0	0.0	0.0	0.0	0.0	0.0	0.091	0.0	0.0	0.0	0.0	0.0	0.0	0.0	0.0	0.0	0.0	0.0	0.0	0.0	0.0	0.0	0.0	0.0	0.0	0.0	0.0	0.0	0.0
SLC1A3	P43003	True	EAA1_HUMAN	Glutamate_byGLS_and_SLC1A3	CPI-CC036772033	SLC1A3	0.0	0.0	0.055	0.0	0.0	0.0	0.0	0.0	0.0	0.091	0.0	0.0	0.0	0.0	0.0	0.0	0.0	0.0	0.0	0.0	0.0	0.0	0.0	0.0	0.0	0.0	0.0	0.0	0.0	0.0	0.0	0.0
SLC1A3	P43003	True	EAA1_HUMAN	Glutamate_byGLS_and_SLC1A3	CPI-CC016C39E1C	SLC1A3	0.0	0.0	0.055	0.0	0.0	0.0	0.0	0.0	0.0	0.091	0.0	0.0	0.0	0.0	0.0	0.0	0.0	0.0	0.0	0.0	0.0	0.0	0.0	0.0	0.0	0.0	0.0	0.0	0.0	0.0	0.0	0.0
SLC1A3	P43003	True	EAA1_HUMAN	Glutamate_byGLS_and_SLC1A3	CPI-CS06BDC8BFA	SLC1A3	0.0	0.0	0.055	0.0	0.0	0.0	0.0	0.0	0.0	0.091	0.0	0.0	0.0	0.0	0.0	0.0	0.0	0.0	0.0	0.0	0.0	0.0	0.0	0.0	0.0	0.0	0.0	0.0	0.0	0.0	0.0	0.0
SLC1A3	P43003	True	EAA1_HUMAN	Glutamate_byGLS_and_SLC1A3	CPI-CS077A43ACD	SLC1A3	0.0	0.0	0.055	0.0	0.0	0.0	0.0	0.0	0.0	0.091	0.0	0.0	0.0	0.0	0.0	0.0	0.0	0.0	0.0	0.0	0.0	0.0	0.0	0.0	0.0	0.0	0.0	0.0	0.0	0.0	0.0	0.0
SLC1A3	P43003	True	EAA1_HUMAN	Glutamate_byGLS_and_SLC1A3	CPI-CS0D33309E7	SLC1A3	0.0	0.0	0.055	0.0	0.0	0.0	0.0	0.0	0.0	0.091	0.0	0.0	0.0	0.0	0.0	0.0	0.0	0.0	0.0	0.0	0.0	0.0	0.0	0.0	0.0	0.0	0.0	0.0	0.0	0.0	0.0	0.0
SLC1A3	P43003	True	EAA1_HUMAN	Glutamate_byGLS_and_SLC1A3	CPI-CS071698505	SLC1A3	0.0	0.0	0.055	0.0	0.0	0.0	0.0	0.0	0.0	0.091	0.0	0.0	0.0	0.0	0.0	0.0	0.0	0.0	0.0	0.0	0.0	0.0	0.0	0.0	0.0	0.0	0.0	0.0	0.0	0.0	0.0	0.0
SLC1A3	P43003	True	EAA1_HUMAN	Glutamate_byGLS_and_SLC1A3	CPI-CS0305D24F6	SLC1A3	0.0	0.0	0.055	0.0	0.0	0.0	0.0	0.0	0.0	0.091	0.0	0.0	0.0	0.0	0.0	0.0	0.0	0.0	0.0	0.0	0.0	0.0	0.0	0.0	0.0	0.0	0.0	0.0	0.0	0.0	0.0	0.0
SLC1A3	P43003	True	EAA1_HUMAN	Glutamate_byGLS_and_SLC1A3	CPI-CS002D05AD7	SLC1A3	0.0	0.0	0.055	0.0	0.0	0.0	0.0	0.0	0.0	0.091	0.0	0.0	0.0	0.0	0.0	0.0	0.0	0.0	0.0	0.0	0.0	0.0	0.0	0.0	0.0	0.0	0.0	0.0	0.0	0.0	0.0	0.0
SLC1A3	P43003	True	EAA1_HUMAN	Glutamate_byGLS_and_SLC1A3	CPI-CS09F74FD39	SLC1A3	0.0	0.0	0.055	0.0	0.0	0.0	0.0	0.0	0.0	0.091	0.0	0.0	0.0	0.0	0.0	0.0	0.0	0.0	0.0	0.0	0.0	0.0	0.0	0.0	0.0	0.0	0.0	0.0	0.0	0.0	0.0	0.0
SLC1A3	P43003	True	EAA1_HUMAN	Glutamate_byGLS_and_SLC1A3	CPI-CS017089111	SLC1A3	0.0	0.0	0.055	0.0	0.0	0.0	0.0	0.0	0.0	0.091	0.0	0.0	0.0	0.0	0.0	0.0	0.0	0.0	0.0	0.0	0.0	0.0	0.0	0.0	0.0	0.0	0.0	0.0	0.0	0.0	0.0	0.0
GLS	O94925	True	GLSK_HUMAN	Glutamate_byGLS_and_SLC1A3	CPI-CS0FC6DD1EA	GLS	0.0	0.0	0.055	0.0	0.0	0.0	0.0	0.0	0.0	0.091	0.0	0.0	0.0	0.0	0.0	0.0	0.0	0.0	0.0	0.0	0.0	0.0	0.0	0.0	0.0	0.0	0.0	0.0	0.0	0.0	0.0	0.0
GLS	O94925	True	GLSK_HUMAN	Glutamate_byGLS_and_SLC1A3	CPI-CS0E765613E	GLS	0.0	0.0	0.055	0.0	0.0	0.0	0.0	0.0	0.0	0.091	0.0	0.0	0.0	0.0	0.0	0.0	0.0	0.0	0.0	0.0	0.0	0.0	0.0	0.0	0.0	0.0	0.0	0.0	0.0	0.0	0.0	0.0
GLS	O94925	True	GLSK_HUMAN	Glutamate_byGLS_and_SLC1A3	CPI-CS0692512DE	GLS	0.0	0.0	0.055	0.0	0.0	0.0	0.0	0.0	0.0	0.091	0.0	0.0	0.0	0.0	0.0	0.0	0.0	0.0	0.0	0.0	0.0	0.0	0.0	0.0	0.0	0.0	0.0	0.0	0.0	0.0	0.0	0.0
GLS	O94925	True	GLSK_HUMAN	Glutamate_byGLS_and_SLC1A3	CPI-CS04BFC66DA	GLS	0.0	0.0	0.055	0.0	0.0	0.0	0.0	0.0	0.0	0.091	0.0	0.0	0.0	0.0	0.0	0.0	0.0	0.0	0.0	0.0	0.0	0.0	0.0	0.0	0.0	0.0	0.0	0.0	0.0	0.0	0.0	0.0
GLS	O94925	True	GLSK_HUMAN	Glutamate_byGLS_and_SLC1A3	CPI-CS04473CE2B	GLS	0.0	0.0	0.055	0.0	0.0	0.0	0.0	0.0	0.0	0.091	0.0	0.0	0.0	0.0	0.0	0.0	0.0	0.0	0.0	0.0	0.0	0.0	0.0	0.0	0.0	0.0	0.0	0.0	0.0	0.0	0.0	0.0
GLS	O94925	True	GLSK_HUMAN	Glutamate_byGLS_and_SLC1A3	CPI-CC0918CCE56	GLS	0.0	0.0	0.055	0.0	0.0	0.0	0.0	0.0	0.0	0.091	0.0	0.0	0.0	0.0	0.0	0.0	0.0	0.0	0.0	0.0	0.0	0.0	0.0	0.0	0.0	0.0	0.0	0.0	0.0	0.0	0.0	0.0
GLS	O94925	True	GLSK_HUMAN	Glutamate_byGLS_and_SLC1A3	CPI-CC02BF19DCF	GLS	0.0	0.0	0.055	0.0	0.0	0.0	0.0	0.0	0.0	0.091	0.0	0.0	0.0	0.0	0.0	0.0	0.0	0.0	0.0	0.0	0.0	0.0	0.0	0.0	0.0	0.0	0.0	0.0	0.0	0.0	0.0	0.0
GLS	O94925	True	GLSK_HUMAN	Glutamate_byGLS_and_SLC1A3	CPI-CS037F4EF32	GLS	0.0	0.0	0.055	0.0	0.0	0.0	0.0	0.0	0.0	0.091	0.0	0.0	0.0	0.0	0.0	0.0	0.0	0.0	0.0	0.0	0.0	0.0	0.0	0.0	0.0	0.0	0.0	0.0	0.0	0.0	0.0	0.0
GLS	O94925	True	GLSK_HUMAN	Glutamate_byGLS_and_SLC1A3	CPI-CC0063E25BD	GLS	0.0	0.0	0.055	0.0	0.0	0.0	0.0	0.0	0.0	0.091	0.0	0.0	0.0	0.0	0.0	0.0	0.0	0.0	0.0	0.0	0.0	0.0	0.0	0.0	0.0	0.0	0.0	0.0	0.0	0.0	0.0	0.0
GLS	O94925	True	GLSK_HUMAN	Glutamate_byGLS_and_SLC1A3	CPI-CC0E60351FF	GLS	0.0	0.0	0.055	0.0	0.0	0.0	0.0	0.0	0.0	0.091	0.0	0.0	0.0	0.0	0.0	0.0	0.0	0.0	0.0	0.0	0.0	0.0	0.0	0.0	0.0	0.0	0.0	0.0	0.0	0.0	0.0	0.0
GLS	O94925	True	GLSK_HUMAN	Glutamate_byGLS_and_SLC1A3	CPI-CS0EB60A2B2	GLS	0.0	0.0	0.055	0.0	0.0	0.0	0.0	0.0	0.0	0.091	0.0	0.0	0.0	0.0	0.0	0.0	0.0	0.0	0.0	0.0	0.0	0.0	0.0	0.0	0.0	0.0	0.0	0.0	0.0	0.0	0.0	0.0
GLS	O94925	True	GLSK_HUMAN	Glutamate_byGLS_and_SLC1A3	CPI-CC049F2ABCF	GLS	0.0	0.0	0.055	0.0	0.0	0.0	0.0	0.0	0.0	0.091	0.0	0.0	0.0	0.0	0.0	0.0	0.0	0.0	0.0	0.0	0.0	0.0	0.0	0.0	0.0	0.0	0.0	0.0	0.0	0.0	0.0	0.0
GLS	O94925	True	GLSK_HUMAN	Glutamate_byGLS_and_SLC1A3	CPI-CC0CB231C91	GLS	0.0	0.0	0.055	0.0	0.0	0.0	0.0	0.0	0.0	0.091	0.0	0.0	0.0	0.0	0.0	0.0	0.0	0.0	0.0	0.0	0.0	0.0	0.0	0.0	0.0	0.0	0.0	0.0	0.0	0.0	0.0	0.0
GLS	O94925	True	GLSK_HUMAN	Glutamate_byGLS_and_SLC1A3	CPI-CC06CC71FC3	GLS	0.0	0.0	0.055	0.0	0.0	0.0	0.0	0.0	0.0	0.091	0.0	0.0	0.0	0.0	0.0	0.0	0.0	0.0	0.0	0.0	0.0	0.0	0.0	0.0	0.0	0.0	0.0	0.0	0.0	0.0	0.0	0.0
GLS	O94925	True	GLSK_HUMAN	Glutamate_byGLS_and_SLC1A3	CPI-CC0E366FBD5	GLS	0.0	0.0	0.055	0.0	0.0	0.0	0.0	0.0	0.0	0.091	0.0	0.0	0.0	0.0	0.0	0.0	0.0	0.0	0.0	0.0	0.0	0.0	0.0	0.0	0.0	0.0	0.0	0.0	0.0	0.0	0.0	0.0
GLS	O94925	True	GLSK_HUMAN	Glutamate_byGLS_and_SLC1A3	CPI-CC036772033	GLS	0.0	0.0	0.055	0.0	0.0	0.0	0.0	0.0	0.0	0.091	0.0	0.0	0.0	0.0	0.0	0.0	0.0	0.0	0.0	0.0	0.0	0.0	0.0	0.0	0.0	0.0	0.0	0.0	0.0	0.0	0.0	0.0
GLS	O94925	True	GLSK_HUMAN	Glutamate_byGLS_and_SLC1A3	CPI-CC016C39E1C	GLS	0.0	0.0	0.055	0.0	0.0	0.0	0.0	0.0	0.0	0.091	0.0	0.0	0.0	0.0	0.0	0.0	0.0	0.0	0.0	0.0	0.0	0.0	0.0	0.0	0.0	0.0	0.0	0.0	0.0	0.0	0.0	0.0
GLS	O94925	True	GLSK_HUMAN	Glutamate_byGLS_and_SLC1A3	CPI-CS06BDC8BFA	GLS	0.0	0.0	0.055	0.0	0.0	0.0	0.0	0.0	0.0	0.091	0.0	0.0	0.0	0.0	0.0	0.0	0.0	0.0	0.0	0.0	0.0	0.0	0.0	0.0	0.0	0.0	0.0	0.0	0.0	0.0	0.0	0.0
GLS	O94925	True	GLSK_HUMAN	Glutamate_byGLS_and_SLC1A3	CPI-CS077A43ACD	GLS	0.0	0.0	0.055	0.0	0.0	0.0	0.0	0.0	0.0	0.091	0.0	0.0	0.0	0.0	0.0	0.0	0.0	0.0	0.0	0.0	0.0	0.0	0.0	0.0	0.0	0.0	0.0	0.0	0.0	0.0	0.0	0.0
GLS	O94925	True	GLSK_HUMAN	Glutamate_byGLS_and_SLC1A3	CPI-CS0D33309E7	GLS	0.0	0.0	0.055	0.0	0.0	0.0	0.0	0.0	0.0	0.091	0.0	0.0	0.0	0.0	0.0	0.0	0.0	0.0	0.0	0.0	0.0	0.0	0.0	0.0	0.0	0.0	0.0	0.0	0.0	0.0	0.0	0.0
GLS	O94925	True	GLSK_HUMAN	Glutamate_byGLS_and_SLC1A3	CPI-CS071698505	GLS	0.0	0.0	0.055	0.0	0.0	0.0	0.0	0.0	0.0	0.091	0.0	0.0	0.0	0.0	0.0	0.0	0.0	0.0	0.0	0.0	0.0	0.0	0.0	0.0	0.0	0.0	0.0	0.0	0.0	0.0	0.0	0.0
GLS	O94925	True	GLSK_HUMAN	Glutamate_byGLS_and_SLC1A3	CPI-CS0305D24F6	GLS	0.0	0.0	0.055	0.0	0.0	0.0	0.0	0.0	0.0	0.091	0.0	0.0	0.0	0.0	0.0	0.0	0.0	0.0	0.0	0.0	0.0	0.0	0.0	0.0	0.0	0.0	0.0	0.0	0.0	0.0	0.0	0.0
GLS	O94925	True	GLSK_HUMAN	Glutamate_byGLS_and_SLC1A3	CPI-CS002D05AD7	GLS	0.0	0.0	0.055	0.0	0.0	0.0	0.0	0.0	0.0	0.091	0.0	0.0	0.0	0.0	0.0	0.0	0.0	0.0	0.0	0.0	0.0	0.0	0.0	0.0	0.0	0.0	0.0	0.0	0.0	0.0	0.0	0.0
GLS	O94925	True	GLSK_HUMAN	Glutamate_byGLS_and_SLC1A3	CPI-CS09F74FD39	GLS	0.0	0.0	0.055	0.0	0.0	0.0	0.0	0.0	0.0	0.091	0.0	0.0	0.0	0.0	0.0	0.0	0.0	0.0	0.0	0.0	0.0	0.0	0.0	0.0	0.0	0.0	0.0	0.0	0.0	0.0	0.0	0.0
GLS	O94925	True	GLSK_HUMAN	Glutamate_byGLS_and_SLC1A3	CPI-CS017089111	GLS	0.0	0.0	0.055	0.0	0.0	0.0	0.0	0.0	0.0	0.091	0.0	0.0	0.0	0.0	0.0	0.0	0.0	0.0	0.0	0.0	0.0	0.0	0.0	0.0	0.0	0.0	0.0	0.0	0.0	0.0	0.0	0.0
SLC1A6	P48664	True	EAA4_HUMAN	Glutamate_byGLS_and_SLC1A6	CPI-CS0AC140137	SLC1A6	0.052	0.633	0.091	0.025	0.0	0.0	0.0	0.652	0.031	0.0	0.0	0.0	0.0	0.0	0.036	0.0	0.0	0.0	0.0	0.039	0.0	0.113	0.0	0.0	0.0	0.166	0.023	0.371	0.061	0.0	0.013	0.077
SLC1A6	P48664	True	EAA4_HUMAN	Glutamate_byGLS_and_SLC1A6	CPI-CS0D4790CB0	SLC1A6	0.052	0.633	0.091	0.025	0.0	0.0	0.0	0.652	0.031	0.0	0.0	0.0	0.0	0.0	0.036	0.0	0.0	0.0	0.0	0.039	0.0	0.113	0.0	0.0	0.0	0.166	0.023	0.371	0.061	0.0	0.013	0.077
SLC1A6	P48664	True	EAA4_HUMAN	Glutamate_byGLS_and_SLC1A6	CPI-CS068F11B5E	SLC1A6	0.052	0.633	0.091	0.025	0.0	0.0	0.0	0.652	0.031	0.0	0.0	0.0	0.0	0.0	0.036	0.0	0.0	0.0	0.0	0.039	0.0	0.113	0.0	0.0	0.0	0.166	0.023	0.371	0.061	0.0	0.013	0.077
SLC1A6	P48664	True	EAA4_HUMAN	Glutamate_byGLS_and_SLC1A6	CPI-CS0BCE841D5	SLC1A6	0.052	0.633	0.091	0.025	0.0	0.0	0.0	0.652	0.031	0.0	0.0	0.0	0.0	0.0	0.036	0.0	0.0	0.0	0.0	0.039	0.0	0.113	0.0	0.0	0.0	0.166	0.023	0.371	0.061	0.0	0.013	0.077
SLC1A6	P48664	True	EAA4_HUMAN	Glutamate_byGLS_and_SLC1A6	CPI-CS0603C3490	SLC1A6	0.052	0.633	0.091	0.025	0.0	0.0	0.0	0.652	0.031	0.0	0.0	0.0	0.0	0.0	0.036	0.0	0.0	0.0	0.0	0.039	0.0	0.113	0.0	0.0	0.0	0.166	0.023	0.371	0.061	0.0	0.013	0.077
SLC1A6	P48664	True	EAA4_HUMAN	Glutamate_byGLS_and_SLC1A6	CPI-CC007D5C2B3	SLC1A6	0.052	0.633	0.091	0.025	0.0	0.0	0.0	0.652	0.031	0.0	0.0	0.0	0.0	0.0	0.036	0.0	0.0	0.0	0.0	0.039	0.0	0.113	0.0	0.0	0.0	0.166	0.023	0.371	0.061	0.0	0.013	0.077
SLC1A6	P48664	True	EAA4_HUMAN	Glutamate_byGLS_and_SLC1A6	CPI-CC096C28605	SLC1A6	0.052	0.633	0.091	0.025	0.0	0.0	0.0	0.652	0.031	0.0	0.0	0.0	0.0	0.0	0.036	0.0	0.0	0.0	0.0	0.039	0.0	0.113	0.0	0.0	0.0	0.166	0.023	0.371	0.061	0.0	0.013	0.077
SLC1A6	P48664	True	EAA4_HUMAN	Glutamate_byGLS_and_SLC1A6	CPI-CS0792FFF91	SLC1A6	0.052	0.633	0.091	0.025	0.0	0.0	0.0	0.652	0.031	0.0	0.0	0.0	0.0	0.0	0.036	0.0	0.0	0.0	0.0	0.039	0.0	0.113	0.0	0.0	0.0	0.166	0.023	0.371	0.061	0.0	0.013	0.077
SLC1A6	P48664	True	EAA4_HUMAN	Glutamate_byGLS_and_SLC1A6	CPI-CC0BF385067	SLC1A6	0.052	0.633	0.091	0.025	0.0	0.0	0.0	0.652	0.031	0.0	0.0	0.0	0.0	0.0	0.036	0.0	0.0	0.0	0.0	0.039	0.0	0.113	0.0	0.0	0.0	0.166	0.023	0.371	0.061	0.0	0.013	0.077
SLC1A6	P48664	True	EAA4_HUMAN	Glutamate_byGLS_and_SLC1A6	CPI-CC0DB5AB2C4	SLC1A6	0.052	0.633	0.091	0.025	0.0	0.0	0.0	0.652	0.031	0.0	0.0	0.0	0.0	0.0	0.036	0.0	0.0	0.0	0.0	0.039	0.0	0.113	0.0	0.0	0.0	0.166	0.023	0.371	0.061	0.0	0.013	0.077
SLC1A6	P48664	True	EAA4_HUMAN	Glutamate_byGLS_and_SLC1A6	CPI-CS0827BB954	SLC1A6	0.052	0.633	0.091	0.025	0.0	0.0	0.0	0.652	0.031	0.0	0.0	0.0	0.0	0.0	0.036	0.0	0.0	0.0	0.0	0.039	0.0	0.113	0.0	0.0	0.0	0.166	0.023	0.371	0.061	0.0	0.013	0.077
SLC1A6	P48664	True	EAA4_HUMAN	Glutamate_byGLS_and_SLC1A6	CPI-CC0C8B25F6D	SLC1A6	0.052	0.633	0.091	0.025	0.0	0.0	0.0	0.652	0.031	0.0	0.0	0.0	0.0	0.0	0.036	0.0	0.0	0.0	0.0	0.039	0.0	0.113	0.0	0.0	0.0	0.166	0.023	0.371	0.061	0.0	0.013	0.077
SLC1A6	P48664	True	EAA4_HUMAN	Glutamate_byGLS_and_SLC1A6	CPI-CC0E5CBF38E	SLC1A6	0.052	0.633	0.091	0.025	0.0	0.0	0.0	0.652	0.031	0.0	0.0	0.0	0.0	0.0	0.036	0.0	0.0	0.0	0.0	0.039	0.0	0.113	0.0	0.0	0.0	0.166	0.023	0.371	0.061	0.0	0.013	0.077
SLC1A6	P48664	True	EAA4_HUMAN	Glutamate_byGLS_and_SLC1A6	CPI-CC06FC18E3A	SLC1A6	0.052	0.633	0.091	0.025	0.0	0.0	0.0	0.652	0.031	0.0	0.0	0.0	0.0	0.0	0.036	0.0	0.0	0.0	0.0	0.039	0.0	0.113	0.0	0.0	0.0	0.166	0.023	0.371	0.061	0.0	0.013	0.077
SLC1A6	P48664	True	EAA4_HUMAN	Glutamate_byGLS_and_SLC1A6	CPI-CC0664821F8	SLC1A6	0.052	0.633	0.091	0.025	0.0	0.0	0.0	0.652	0.031	0.0	0.0	0.0	0.0	0.0	0.036	0.0	0.0	0.0	0.0	0.039	0.0	0.113	0.0	0.0	0.0	0.166	0.023	0.371	0.061	0.0	0.013	0.077
SLC1A6	P48664	True	EAA4_HUMAN	Glutamate_byGLS_and_SLC1A6	CPI-CC05B3DB330	SLC1A6	0.052	0.633	0.091	0.025	0.0	0.0	0.0	0.652	0.031	0.0	0.0	0.0	0.0	0.0	0.036	0.0	0.0	0.0	0.0	0.039	0.0	0.113	0.0	0.0	0.0	0.166	0.023	0.371	0.061	0.0	0.013	0.077
SLC1A6	P48664	True	EAA4_HUMAN	Glutamate_byGLS_and_SLC1A6	CPI-CC002EFE61E	SLC1A6	0.052	0.633	0.091	0.025	0.0	0.0	0.0	0.652	0.031	0.0	0.0	0.0	0.0	0.0	0.036	0.0	0.0	0.0	0.0	0.039	0.0	0.113	0.0	0.0	0.0	0.166	0.023	0.371	0.061	0.0	0.013	0.077
SLC1A6	P48664	True	EAA4_HUMAN	Glutamate_byGLS_and_SLC1A6	CPI-CS052714C89	SLC1A6	0.052	0.633	0.091	0.025	0.0	0.0	0.0	0.652	0.031	0.0	0.0	0.0	0.0	0.0	0.036	0.0	0.0	0.0	0.0	0.039	0.0	0.113	0.0	0.0	0.0	0.166	0.023	0.371	0.061	0.0	0.013	0.077
SLC1A6	P48664	True	EAA4_HUMAN	Glutamate_byGLS_and_SLC1A6	CPI-CS0CD4875F8	SLC1A6	0.052	0.633	0.091	0.025	0.0	0.0	0.0	0.652	0.031	0.0	0.0	0.0	0.0	0.0	0.036	0.0	0.0	0.0	0.0	0.039	0.0	0.113	0.0	0.0	0.0	0.166	0.023	0.371	0.061	0.0	0.013	0.077
SLC1A6	P48664	True	EAA4_HUMAN	Glutamate_byGLS_and_SLC1A6	CPI-CS0C43745D6	SLC1A6	0.052	0.633	0.091	0.025	0.0	0.0	0.0	0.652	0.031	0.0	0.0	0.0	0.0	0.0	0.036	0.0	0.0	0.0	0.0	0.039	0.0	0.113	0.0	0.0	0.0	0.166	0.023	0.371	0.061	0.0	0.013	0.077
SLC1A6	P48664	True	EAA4_HUMAN	Glutamate_byGLS_and_SLC1A6	CPI-CS07AF8702D	SLC1A6	0.052	0.633	0.091	0.025	0.0	0.0	0.0	0.652	0.031	0.0	0.0	0.0	0.0	0.0	0.036	0.0	0.0	0.0	0.0	0.039	0.0	0.113	0.0	0.0	0.0	0.166	0.023	0.371	0.061	0.0	0.013	0.077
SLC1A6	P48664	True	EAA4_HUMAN	Glutamate_byGLS_and_SLC1A6	CPI-CS0A5376E7A	SLC1A6	0.052	0.633	0.091	0.025	0.0	0.0	0.0	0.652	0.031	0.0	0.0	0.0	0.0	0.0	0.036	0.0	0.0	0.0	0.0	0.039	0.0	0.113	0.0	0.0	0.0	0.166	0.023	0.371	0.061	0.0	0.013	0.077
SLC1A6	P48664	True	EAA4_HUMAN	Glutamate_byGLS_and_SLC1A6	CPI-CS020F306DA	SLC1A6	0.052	0.633	0.091	0.025	0.0	0.0	0.0	0.652	0.031	0.0	0.0	0.0	0.0	0.0	0.036	0.0	0.0	0.0	0.0	0.039	0.0	0.113	0.0	0.0	0.0	0.166	0.023	0.371	0.061	0.0	0.013	0.077
SLC1A6	P48664	True	EAA4_HUMAN	Glutamate_byGLS_and_SLC1A6	CPI-CS07EF8D9C2	SLC1A6	0.052	0.633	0.091	0.025	0.0	0.0	0.0	0.652	0.031	0.0	0.0	0.0	0.0	0.0	0.036	0.0	0.0	0.0	0.0	0.039	0.0	0.113	0.0	0.0	0.0	0.166	0.023	0.371	0.061	0.0	0.013	0.077
SLC1A6	P48664	True	EAA4_HUMAN	Glutamate_byGLS_and_SLC1A6	CPI-CS08910752E	SLC1A6	0.052	0.633	0.091	0.025	0.0	0.0	0.0	0.652	0.031	0.0	0.0	0.0	0.0	0.0	0.036	0.0	0.0	0.0	0.0	0.039	0.0	0.113	0.0	0.0	0.0	0.166	0.023	0.371	0.061	0.0	0.013	0.077
GLS	O94925	True	GLSK_HUMAN	Glutamate_byGLS_and_SLC1A6	CPI-CS0AC140137	GLS	0.052	0.633	0.091	0.025	0.0	0.0	0.0	0.652	0.031	0.0	0.0	0.0	0.0	0.0	0.036	0.0	0.0	0.0	0.0	0.039	0.0	0.113	0.0	0.0	0.0	0.166	0.023	0.371	0.061	0.0	0.013	0.077
GLS	O94925	True	GLSK_HUMAN	Glutamate_byGLS_and_SLC1A6	CPI-CS0D4790CB0	GLS	0.052	0.633	0.091	0.025	0.0	0.0	0.0	0.652	0.031	0.0	0.0	0.0	0.0	0.0	0.036	0.0	0.0	0.0	0.0	0.039	0.0	0.113	0.0	0.0	0.0	0.166	0.023	0.371	0.061	0.0	0.013	0.077
GLS	O94925	True	GLSK_HUMAN	Glutamate_byGLS_and_SLC1A6	CPI-CS068F11B5E	GLS	0.052	0.633	0.091	0.025	0.0	0.0	0.0	0.652	0.031	0.0	0.0	0.0	0.0	0.0	0.036	0.0	0.0	0.0	0.0	0.039	0.0	0.113	0.0	0.0	0.0	0.166	0.023	0.371	0.061	0.0	0.013	0.077
GLS	O94925	True	GLSK_HUMAN	Glutamate_byGLS_and_SLC1A6	CPI-CS0BCE841D5	GLS	0.052	0.633	0.091	0.025	0.0	0.0	0.0	0.652	0.031	0.0	0.0	0.0	0.0	0.0	0.036	0.0	0.0	0.0	0.0	0.039	0.0	0.113	0.0	0.0	0.0	0.166	0.023	0.371	0.061	0.0	0.013	0.077
GLS	O94925	True	GLSK_HUMAN	Glutamate_byGLS_and_SLC1A6	CPI-CS0603C3490	GLS	0.052	0.633	0.091	0.025	0.0	0.0	0.0	0.652	0.031	0.0	0.0	0.0	0.0	0.0	0.036	0.0	0.0	0.0	0.0	0.039	0.0	0.113	0.0	0.0	0.0	0.166	0.023	0.371	0.061	0.0	0.013	0.077
GLS	O94925	True	GLSK_HUMAN	Glutamate_byGLS_and_SLC1A6	CPI-CC007D5C2B3	GLS	0.052	0.633	0.091	0.025	0.0	0.0	0.0	0.652	0.031	0.0	0.0	0.0	0.0	0.0	0.036	0.0	0.0	0.0	0.0	0.039	0.0	0.113	0.0	0.0	0.0	0.166	0.023	0.371	0.061	0.0	0.013	0.077
GLS	O94925	True	GLSK_HUMAN	Glutamate_byGLS_and_SLC1A6	CPI-CC096C28605	GLS	0.052	0.633	0.091	0.025	0.0	0.0	0.0	0.652	0.031	0.0	0.0	0.0	0.0	0.0	0.036	0.0	0.0	0.0	0.0	0.039	0.0	0.113	0.0	0.0	0.0	0.166	0.023	0.371	0.061	0.0	0.013	0.077
GLS	O94925	True	GLSK_HUMAN	Glutamate_byGLS_and_SLC1A6	CPI-CS0792FFF91	GLS	0.052	0.633	0.091	0.025	0.0	0.0	0.0	0.652	0.031	0.0	0.0	0.0	0.0	0.0	0.036	0.0	0.0	0.0	0.0	0.039	0.0	0.113	0.0	0.0	0.0	0.166	0.023	0.371	0.061	0.0	0.013	0.077
GLS	O94925	True	GLSK_HUMAN	Glutamate_byGLS_and_SLC1A6	CPI-CC0BF385067	GLS	0.052	0.633	0.091	0.025	0.0	0.0	0.0	0.652	0.031	0.0	0.0	0.0	0.0	0.0	0.036	0.0	0.0	0.0	0.0	0.039	0.0	0.113	0.0	0.0	0.0	0.166	0.023	0.371	0.061	0.0	0.013	0.077
GLS	O94925	True	GLSK_HUMAN	Glutamate_byGLS_and_SLC1A6	CPI-CC0DB5AB2C4	GLS	0.052	0.633	0.091	0.025	0.0	0.0	0.0	0.652	0.031	0.0	0.0	0.0	0.0	0.0	0.036	0.0	0.0	0.0	0.0	0.039	0.0	0.113	0.0	0.0	0.0	0.166	0.023	0.371	0.061	0.0	0.013	0.077
GLS	O94925	True	GLSK_HUMAN	Glutamate_byGLS_and_SLC1A6	CPI-CS0827BB954	GLS	0.052	0.633	0.091	0.025	0.0	0.0	0.0	0.652	0.031	0.0	0.0	0.0	0.0	0.0	0.036	0.0	0.0	0.0	0.0	0.039	0.0	0.113	0.0	0.0	0.0	0.166	0.023	0.371	0.061	0.0	0.013	0.077
GLS	O94925	True	GLSK_HUMAN	Glutamate_byGLS_and_SLC1A6	CPI-CC0C8B25F6D	GLS	0.052	0.633	0.091	0.025	0.0	0.0	0.0	0.652	0.031	0.0	0.0	0.0	0.0	0.0	0.036	0.0	0.0	0.0	0.0	0.039	0.0	0.113	0.0	0.0	0.0	0.166	0.023	0.371	0.061	0.0	0.013	0.077
GLS	O94925	True	GLSK_HUMAN	Glutamate_byGLS_and_SLC1A6	CPI-CC0E5CBF38E	GLS	0.052	0.633	0.091	0.025	0.0	0.0	0.0	0.652	0.031	0.0	0.0	0.0	0.0	0.0	0.036	0.0	0.0	0.0	0.0	0.039	0.0	0.113	0.0	0.0	0.0	0.166	0.023	0.371	0.061	0.0	0.013	0.077
GLS	O94925	True	GLSK_HUMAN	Glutamate_byGLS_and_SLC1A6	CPI-CC06FC18E3A	GLS	0.052	0.633	0.091	0.025	0.0	0.0	0.0	0.652	0.031	0.0	0.0	0.0	0.0	0.0	0.036	0.0	0.0	0.0	0.0	0.039	0.0	0.113	0.0	0.0	0.0	0.166	0.023	0.371	0.061	0.0	0.013	0.077
GLS	O94925	True	GLSK_HUMAN	Glutamate_byGLS_and_SLC1A6	CPI-CC0664821F8	GLS	0.052	0.633	0.091	0.025	0.0	0.0	0.0	0.652	0.031	0.0	0.0	0.0	0.0	0.0	0.036	0.0	0.0	0.0	0.0	0.039	0.0	0.113	0.0	0.0	0.0	0.166	0.023	0.371	0.061	0.0	0.013	0.077
GLS	O94925	True	GLSK_HUMAN	Glutamate_byGLS_and_SLC1A6	CPI-CC05B3DB330	GLS	0.052	0.633	0.091	0.025	0.0	0.0	0.0	0.652	0.031	0.0	0.0	0.0	0.0	0.0	0.036	0.0	0.0	0.0	0.0	0.039	0.0	0.113	0.0	0.0	0.0	0.166	0.023	0.371	0.061	0.0	0.013	0.077
GLS	O94925	True	GLSK_HUMAN	Glutamate_byGLS_and_SLC1A6	CPI-CC002EFE61E	GLS	0.052	0.633	0.091	0.025	0.0	0.0	0.0	0.652	0.031	0.0	0.0	0.0	0.0	0.0	0.036	0.0	0.0	0.0	0.0	0.039	0.0	0.113	0.0	0.0	0.0	0.166	0.023	0.371	0.061	0.0	0.013	0.077
GLS	O94925	True	GLSK_HUMAN	Glutamate_byGLS_and_SLC1A6	CPI-CS052714C89	GLS	0.052	0.633	0.091	0.025	0.0	0.0	0.0	0.652	0.031	0.0	0.0	0.0	0.0	0.0	0.036	0.0	0.0	0.0	0.0	0.039	0.0	0.113	0.0	0.0	0.0	0.166	0.023	0.371	0.061	0.0	0.013	0.077
GLS	O94925	True	GLSK_HUMAN	Glutamate_byGLS_and_SLC1A6	CPI-CS0CD4875F8	GLS	0.052	0.633	0.091	0.025	0.0	0.0	0.0	0.652	0.031	0.0	0.0	0.0	0.0	0.0	0.036	0.0	0.0	0.0	0.0	0.039	0.0	0.113	0.0	0.0	0.0	0.166	0.023	0.371	0.061	0.0	0.013	0.077
GLS	O94925	True	GLSK_HUMAN	Glutamate_byGLS_and_SLC1A6	CPI-CS0C43745D6	GLS	0.052	0.633	0.091	0.025	0.0	0.0	0.0	0.652	0.031	0.0	0.0	0.0	0.0	0.0	0.036	0.0	0.0	0.0	0.0	0.039	0.0	0.113	0.0	0.0	0.0	0.166	0.023	0.371	0.061	0.0	0.013	0.077
GLS	O94925	True	GLSK_HUMAN	Glutamate_byGLS_and_SLC1A6	CPI-CS07AF8702D	GLS	0.052	0.633	0.091	0.025	0.0	0.0	0.0	0.652	0.031	0.0	0.0	0.0	0.0	0.0	0.036	0.0	0.0	0.0	0.0	0.039	0.0	0.113	0.0	0.0	0.0	0.166	0.023	0.371	0.061	0.0	0.013	0.077
GLS	O94925	True	GLSK_HUMAN	Glutamate_byGLS_and_SLC1A6	CPI-CS0A5376E7A	GLS	0.052	0.633	0.091	0.025	0.0	0.0	0.0	0.652	0.031	0.0	0.0	0.0	0.0	0.0	0.036	0.0	0.0	0.0	0.0	0.039	0.0	0.113	0.0	0.0	0.0	0.166	0.023	0.371	0.061	0.0	0.013	0.077
GLS	O94925	True	GLSK_HUMAN	Glutamate_byGLS_and_SLC1A6	CPI-CS020F306DA	GLS	0.052	0.633	0.091	0.025	0.0	0.0	0.0	0.652	0.031	0.0	0.0	0.0	0.0	0.0	0.036	0.0	0.0	0.0	0.0	0.039	0.0	0.113	0.0	0.0	0.0	0.166	0.023	0.371	0.061	0.0	0.013	0.077
GLS	O94925	True	GLSK_HUMAN	Glutamate_byGLS_and_SLC1A6	CPI-CS07EF8D9C2	GLS	0.052	0.633	0.091	0.025	0.0	0.0	0.0	0.652	0.031	0.0	0.0	0.0	0.0	0.0	0.036	0.0	0.0	0.0	0.0	0.039	0.0	0.113	0.0	0.0	0.0	0.166	0.023	0.371	0.061	0.0	0.013	0.077
GLS	O94925	True	GLSK_HUMAN	Glutamate_byGLS_and_SLC1A6	CPI-CS08910752E	GLS	0.052	0.633	0.091	0.025	0.0	0.0	0.0	0.652	0.031	0.0	0.0	0.0	0.0	0.0	0.036	0.0	0.0	0.0	0.0	0.039	0.0	0.113	0.0	0.0	0.0	0.166	0.023	0.371	0.061	0.0	0.013	0.077
SLC1A7	O00341	True	EAA5_HUMAN	Glutamate_byGLS_and_SLC1A7	CPI-CS075A67A85	SLC1A7	0.02	0.0	0.0	0.0	0.0	0.0	0.0	0.042	0.0	0.062	0.0	0.0	0.0	0.0	0.062	0.0	0.0	0.0	0.0	0.0	0.0	0.0	0.0	0.131	0.0	0.023	0.043	0.0	0.0	0.0	0.0	0.03
SLC1A7	O00341	True	EAA5_HUMAN	Glutamate_byGLS_and_SLC1A7	CPI-CS033CD7688	SLC1A7	0.02	0.0	0.0	0.0	0.0	0.0	0.0	0.042	0.0	0.062	0.0	0.0	0.0	0.0	0.062	0.0	0.0	0.0	0.0	0.0	0.0	0.0	0.0	0.131	0.0	0.023	0.043	0.0	0.0	0.0	0.0	0.03
SLC1A7	O00341	True	EAA5_HUMAN	Glutamate_byGLS_and_SLC1A7	CPI-CS0785280EB	SLC1A7	0.02	0.0	0.0	0.0	0.0	0.0	0.0	0.042	0.0	0.062	0.0	0.0	0.0	0.0	0.062	0.0	0.0	0.0	0.0	0.0	0.0	0.0	0.0	0.131	0.0	0.023	0.043	0.0	0.0	0.0	0.0	0.03
SLC1A7	O00341	True	EAA5_HUMAN	Glutamate_byGLS_and_SLC1A7	CPI-CS03DC69BFC	SLC1A7	0.02	0.0	0.0	0.0	0.0	0.0	0.0	0.042	0.0	0.062	0.0	0.0	0.0	0.0	0.062	0.0	0.0	0.0	0.0	0.0	0.0	0.0	0.0	0.131	0.0	0.023	0.043	0.0	0.0	0.0	0.0	0.03
SLC1A7	O00341	True	EAA5_HUMAN	Glutamate_byGLS_and_SLC1A7	CPI-CS025FBADF2	SLC1A7	0.02	0.0	0.0	0.0	0.0	0.0	0.0	0.042	0.0	0.062	0.0	0.0	0.0	0.0	0.062	0.0	0.0	0.0	0.0	0.0	0.0	0.0	0.0	0.131	0.0	0.023	0.043	0.0	0.0	0.0	0.0	0.03
SLC1A7	O00341	True	EAA5_HUMAN	Glutamate_byGLS_and_SLC1A7	CPI-CC0A742EB85	SLC1A7	0.02	0.0	0.0	0.0	0.0	0.0	0.0	0.042	0.0	0.062	0.0	0.0	0.0	0.0	0.062	0.0	0.0	0.0	0.0	0.0	0.0	0.0	0.0	0.131	0.0	0.023	0.043	0.0	0.0	0.0	0.0	0.03
SLC1A7	O00341	True	EAA5_HUMAN	Glutamate_byGLS_and_SLC1A7	CPI-CC0BADC1C23	SLC1A7	0.02	0.0	0.0	0.0	0.0	0.0	0.0	0.042	0.0	0.062	0.0	0.0	0.0	0.0	0.062	0.0	0.0	0.0	0.0	0.0	0.0	0.0	0.0	0.131	0.0	0.023	0.043	0.0	0.0	0.0	0.0	0.03
SLC1A7	O00341	True	EAA5_HUMAN	Glutamate_byGLS_and_SLC1A7	CPI-CS0132B4C1D	SLC1A7	0.02	0.0	0.0	0.0	0.0	0.0	0.0	0.042	0.0	0.062	0.0	0.0	0.0	0.0	0.062	0.0	0.0	0.0	0.0	0.0	0.0	0.0	0.0	0.131	0.0	0.023	0.043	0.0	0.0	0.0	0.0	0.03
SLC1A7	O00341	True	EAA5_HUMAN	Glutamate_byGLS_and_SLC1A7	CPI-CC0E5063BA7	SLC1A7	0.02	0.0	0.0	0.0	0.0	0.0	0.0	0.042	0.0	0.062	0.0	0.0	0.0	0.0	0.062	0.0	0.0	0.0	0.0	0.0	0.0	0.0	0.0	0.131	0.0	0.023	0.043	0.0	0.0	0.0	0.0	0.03
SLC1A7	O00341	True	EAA5_HUMAN	Glutamate_byGLS_and_SLC1A7	CPI-CC0E7F3E3CE	SLC1A7	0.02	0.0	0.0	0.0	0.0	0.0	0.0	0.042	0.0	0.062	0.0	0.0	0.0	0.0	0.062	0.0	0.0	0.0	0.0	0.0	0.0	0.0	0.0	0.131	0.0	0.023	0.043	0.0	0.0	0.0	0.0	0.03
SLC1A7	O00341	True	EAA5_HUMAN	Glutamate_byGLS_and_SLC1A7	CPI-CS0A0633E77	SLC1A7	0.02	0.0	0.0	0.0	0.0	0.0	0.0	0.042	0.0	0.062	0.0	0.0	0.0	0.0	0.062	0.0	0.0	0.0	0.0	0.0	0.0	0.0	0.0	0.131	0.0	0.023	0.043	0.0	0.0	0.0	0.0	0.03
SLC1A7	O00341	True	EAA5_HUMAN	Glutamate_byGLS_and_SLC1A7	CPI-CC02AA64371	SLC1A7	0.02	0.0	0.0	0.0	0.0	0.0	0.0	0.042	0.0	0.062	0.0	0.0	0.0	0.0	0.062	0.0	0.0	0.0	0.0	0.0	0.0	0.0	0.0	0.131	0.0	0.023	0.043	0.0	0.0	0.0	0.0	0.03
SLC1A7	O00341	True	EAA5_HUMAN	Glutamate_byGLS_and_SLC1A7	CPI-CC0D9EE71E7	SLC1A7	0.02	0.0	0.0	0.0	0.0	0.0	0.0	0.042	0.0	0.062	0.0	0.0	0.0	0.0	0.062	0.0	0.0	0.0	0.0	0.0	0.0	0.0	0.0	0.131	0.0	0.023	0.043	0.0	0.0	0.0	0.0	0.03
SLC1A7	O00341	True	EAA5_HUMAN	Glutamate_byGLS_and_SLC1A7	CPI-CC095C752D3	SLC1A7	0.02	0.0	0.0	0.0	0.0	0.0	0.0	0.042	0.0	0.062	0.0	0.0	0.0	0.0	0.062	0.0	0.0	0.0	0.0	0.0	0.0	0.0	0.0	0.131	0.0	0.023	0.043	0.0	0.0	0.0	0.0	0.03
SLC1A7	O00341	True	EAA5_HUMAN	Glutamate_byGLS_and_SLC1A7	CPI-CC02CD61933	SLC1A7	0.02	0.0	0.0	0.0	0.0	0.0	0.0	0.042	0.0	0.062	0.0	0.0	0.0	0.0	0.062	0.0	0.0	0.0	0.0	0.0	0.0	0.0	0.0	0.131	0.0	0.023	0.043	0.0	0.0	0.0	0.0	0.03
SLC1A7	O00341	True	EAA5_HUMAN	Glutamate_byGLS_and_SLC1A7	CPI-CC0AD6F0571	SLC1A7	0.02	0.0	0.0	0.0	0.0	0.0	0.0	0.042	0.0	0.062	0.0	0.0	0.0	0.0	0.062	0.0	0.0	0.0	0.0	0.0	0.0	0.0	0.0	0.131	0.0	0.023	0.043	0.0	0.0	0.0	0.0	0.03
SLC1A7	O00341	True	EAA5_HUMAN	Glutamate_byGLS_and_SLC1A7	CPI-CC054692E80	SLC1A7	0.02	0.0	0.0	0.0	0.0	0.0	0.0	0.042	0.0	0.062	0.0	0.0	0.0	0.0	0.062	0.0	0.0	0.0	0.0	0.0	0.0	0.0	0.0	0.131	0.0	0.023	0.043	0.0	0.0	0.0	0.0	0.03
SLC1A7	O00341	True	EAA5_HUMAN	Glutamate_byGLS_and_SLC1A7	CPI-CS0F62789CF	SLC1A7	0.02	0.0	0.0	0.0	0.0	0.0	0.0	0.042	0.0	0.062	0.0	0.0	0.0	0.0	0.062	0.0	0.0	0.0	0.0	0.0	0.0	0.0	0.0	0.131	0.0	0.023	0.043	0.0	0.0	0.0	0.0	0.03
SLC1A7	O00341	True	EAA5_HUMAN	Glutamate_byGLS_and_SLC1A7	CPI-CS0CA04CA30	SLC1A7	0.02	0.0	0.0	0.0	0.0	0.0	0.0	0.042	0.0	0.062	0.0	0.0	0.0	0.0	0.062	0.0	0.0	0.0	0.0	0.0	0.0	0.0	0.0	0.131	0.0	0.023	0.043	0.0	0.0	0.0	0.0	0.03
SLC1A7	O00341	True	EAA5_HUMAN	Glutamate_byGLS_and_SLC1A7	CPI-CS0D67AEEF8	SLC1A7	0.02	0.0	0.0	0.0	0.0	0.0	0.0	0.042	0.0	0.062	0.0	0.0	0.0	0.0	0.062	0.0	0.0	0.0	0.0	0.0	0.0	0.0	0.0	0.131	0.0	0.023	0.043	0.0	0.0	0.0	0.0	0.03
SLC1A7	O00341	True	EAA5_HUMAN	Glutamate_byGLS_and_SLC1A7	CPI-CS0EF654316	SLC1A7	0.02	0.0	0.0	0.0	0.0	0.0	0.0	0.042	0.0	0.062	0.0	0.0	0.0	0.0	0.062	0.0	0.0	0.0	0.0	0.0	0.0	0.0	0.0	0.131	0.0	0.023	0.043	0.0	0.0	0.0	0.0	0.03
SLC1A7	O00341	True	EAA5_HUMAN	Glutamate_byGLS_and_SLC1A7	CPI-CS002ECD5B1	SLC1A7	0.02	0.0	0.0	0.0	0.0	0.0	0.0	0.042	0.0	0.062	0.0	0.0	0.0	0.0	0.062	0.0	0.0	0.0	0.0	0.0	0.0	0.0	0.0	0.131	0.0	0.023	0.043	0.0	0.0	0.0	0.0	0.03
SLC1A7	O00341	True	EAA5_HUMAN	Glutamate_byGLS_and_SLC1A7	CPI-CS070154D3B	SLC1A7	0.02	0.0	0.0	0.0	0.0	0.0	0.0	0.042	0.0	0.062	0.0	0.0	0.0	0.0	0.062	0.0	0.0	0.0	0.0	0.0	0.0	0.0	0.0	0.131	0.0	0.023	0.043	0.0	0.0	0.0	0.0	0.03
SLC1A7	O00341	True	EAA5_HUMAN	Glutamate_byGLS_and_SLC1A7	CPI-CS0F4C33641	SLC1A7	0.02	0.0	0.0	0.0	0.0	0.0	0.0	0.042	0.0	0.062	0.0	0.0	0.0	0.0	0.062	0.0	0.0	0.0	0.0	0.0	0.0	0.0	0.0	0.131	0.0	0.023	0.043	0.0	0.0	0.0	0.0	0.03
SLC1A7	O00341	True	EAA5_HUMAN	Glutamate_byGLS_and_SLC1A7	CPI-CS0279E4E92	SLC1A7	0.02	0.0	0.0	0.0	0.0	0.0	0.0	0.042	0.0	0.062	0.0	0.0	0.0	0.0	0.062	0.0	0.0	0.0	0.0	0.0	0.0	0.0	0.0	0.131	0.0	0.023	0.043	0.0	0.0	0.0	0.0	0.03
GLS	O94925	True	GLSK_HUMAN	Glutamate_byGLS_and_SLC1A7	CPI-CS075A67A85	GLS	0.02	0.0	0.0	0.0	0.0	0.0	0.0	0.042	0.0	0.062	0.0	0.0	0.0	0.0	0.062	0.0	0.0	0.0	0.0	0.0	0.0	0.0	0.0	0.131	0.0	0.023	0.043	0.0	0.0	0.0	0.0	0.03
GLS	O94925	True	GLSK_HUMAN	Glutamate_byGLS_and_SLC1A7	CPI-CS033CD7688	GLS	0.02	0.0	0.0	0.0	0.0	0.0	0.0	0.042	0.0	0.062	0.0	0.0	0.0	0.0	0.062	0.0	0.0	0.0	0.0	0.0	0.0	0.0	0.0	0.131	0.0	0.023	0.043	0.0	0.0	0.0	0.0	0.03
GLS	O94925	True	GLSK_HUMAN	Glutamate_byGLS_and_SLC1A7	CPI-CS0785280EB	GLS	0.02	0.0	0.0	0.0	0.0	0.0	0.0	0.042	0.0	0.062	0.0	0.0	0.0	0.0	0.062	0.0	0.0	0.0	0.0	0.0	0.0	0.0	0.0	0.131	0.0	0.023	0.043	0.0	0.0	0.0	0.0	0.03
GLS	O94925	True	GLSK_HUMAN	Glutamate_byGLS_and_SLC1A7	CPI-CS03DC69BFC	GLS	0.02	0.0	0.0	0.0	0.0	0.0	0.0	0.042	0.0	0.062	0.0	0.0	0.0	0.0	0.062	0.0	0.0	0.0	0.0	0.0	0.0	0.0	0.0	0.131	0.0	0.023	0.043	0.0	0.0	0.0	0.0	0.03
GLS	O94925	True	GLSK_HUMAN	Glutamate_byGLS_and_SLC1A7	CPI-CS025FBADF2	GLS	0.02	0.0	0.0	0.0	0.0	0.0	0.0	0.042	0.0	0.062	0.0	0.0	0.0	0.0	0.062	0.0	0.0	0.0	0.0	0.0	0.0	0.0	0.0	0.131	0.0	0.023	0.043	0.0	0.0	0.0	0.0	0.03
GLS	O94925	True	GLSK_HUMAN	Glutamate_byGLS_and_SLC1A7	CPI-CC0A742EB85	GLS	0.02	0.0	0.0	0.0	0.0	0.0	0.0	0.042	0.0	0.062	0.0	0.0	0.0	0.0	0.062	0.0	0.0	0.0	0.0	0.0	0.0	0.0	0.0	0.131	0.0	0.023	0.043	0.0	0.0	0.0	0.0	0.03
GLS	O94925	True	GLSK_HUMAN	Glutamate_byGLS_and_SLC1A7	CPI-CC0BADC1C23	GLS	0.02	0.0	0.0	0.0	0.0	0.0	0.0	0.042	0.0	0.062	0.0	0.0	0.0	0.0	0.062	0.0	0.0	0.0	0.0	0.0	0.0	0.0	0.0	0.131	0.0	0.023	0.043	0.0	0.0	0.0	0.0	0.03
GLS	O94925	True	GLSK_HUMAN	Glutamate_byGLS_and_SLC1A7	CPI-CS0132B4C1D	GLS	0.02	0.0	0.0	0.0	0.0	0.0	0.0	0.042	0.0	0.062	0.0	0.0	0.0	0.0	0.062	0.0	0.0	0.0	0.0	0.0	0.0	0.0	0.0	0.131	0.0	0.023	0.043	0.0	0.0	0.0	0.0	0.03
GLS	O94925	True	GLSK_HUMAN	Glutamate_byGLS_and_SLC1A7	CPI-CC0E5063BA7	GLS	0.02	0.0	0.0	0.0	0.0	0.0	0.0	0.042	0.0	0.062	0.0	0.0	0.0	0.0	0.062	0.0	0.0	0.0	0.0	0.0	0.0	0.0	0.0	0.131	0.0	0.023	0.043	0.0	0.0	0.0	0.0	0.03
GLS	O94925	True	GLSK_HUMAN	Glutamate_byGLS_and_SLC1A7	CPI-CC0E7F3E3CE	GLS	0.02	0.0	0.0	0.0	0.0	0.0	0.0	0.042	0.0	0.062	0.0	0.0	0.0	0.0	0.062	0.0	0.0	0.0	0.0	0.0	0.0	0.0	0.0	0.131	0.0	0.023	0.043	0.0	0.0	0.0	0.0	0.03
GLS	O94925	True	GLSK_HUMAN	Glutamate_byGLS_and_SLC1A7	CPI-CS0A0633E77	GLS	0.02	0.0	0.0	0.0	0.0	0.0	0.0	0.042	0.0	0.062	0.0	0.0	0.0	0.0	0.062	0.0	0.0	0.0	0.0	0.0	0.0	0.0	0.0	0.131	0.0	0.023	0.043	0.0	0.0	0.0	0.0	0.03
GLS	O94925	True	GLSK_HUMAN	Glutamate_byGLS_and_SLC1A7	CPI-CC02AA64371	GLS	0.02	0.0	0.0	0.0	0.0	0.0	0.0	0.042	0.0	0.062	0.0	0.0	0.0	0.0	0.062	0.0	0.0	0.0	0.0	0.0	0.0	0.0	0.0	0.131	0.0	0.023	0.043	0.0	0.0	0.0	0.0	0.03
GLS	O94925	True	GLSK_HUMAN	Glutamate_byGLS_and_SLC1A7	CPI-CC0D9EE71E7	GLS	0.02	0.0	0.0	0.0	0.0	0.0	0.0	0.042	0.0	0.062	0.0	0.0	0.0	0.0	0.062	0.0	0.0	0.0	0.0	0.0	0.0	0.0	0.0	0.131	0.0	0.023	0.043	0.0	0.0	0.0	0.0	0.03
GLS	O94925	True	GLSK_HUMAN	Glutamate_byGLS_and_SLC1A7	CPI-CC095C752D3	GLS	0.02	0.0	0.0	0.0	0.0	0.0	0.0	0.042	0.0	0.062	0.0	0.0	0.0	0.0	0.062	0.0	0.0	0.0	0.0	0.0	0.0	0.0	0.0	0.131	0.0	0.023	0.043	0.0	0.0	0.0	0.0	0.03
GLS	O94925	True	GLSK_HUMAN	Glutamate_byGLS_and_SLC1A7	CPI-CC02CD61933	GLS	0.02	0.0	0.0	0.0	0.0	0.0	0.0	0.042	0.0	0.062	0.0	0.0	0.0	0.0	0.062	0.0	0.0	0.0	0.0	0.0	0.0	0.0	0.0	0.131	0.0	0.023	0.043	0.0	0.0	0.0	0.0	0.03
GLS	O94925	True	GLSK_HUMAN	Glutamate_byGLS_and_SLC1A7	CPI-CC0AD6F0571	GLS	0.02	0.0	0.0	0.0	0.0	0.0	0.0	0.042	0.0	0.062	0.0	0.0	0.0	0.0	0.062	0.0	0.0	0.0	0.0	0.0	0.0	0.0	0.0	0.131	0.0	0.023	0.043	0.0	0.0	0.0	0.0	0.03
GLS	O94925	True	GLSK_HUMAN	Glutamate_byGLS_and_SLC1A7	CPI-CC054692E80	GLS	0.02	0.0	0.0	0.0	0.0	0.0	0.0	0.042	0.0	0.062	0.0	0.0	0.0	0.0	0.062	0.0	0.0	0.0	0.0	0.0	0.0	0.0	0.0	0.131	0.0	0.023	0.043	0.0	0.0	0.0	0.0	0.03
GLS	O94925	True	GLSK_HUMAN	Glutamate_byGLS_and_SLC1A7	CPI-CS0F62789CF	GLS	0.02	0.0	0.0	0.0	0.0	0.0	0.0	0.042	0.0	0.062	0.0	0.0	0.0	0.0	0.062	0.0	0.0	0.0	0.0	0.0	0.0	0.0	0.0	0.131	0.0	0.023	0.043	0.0	0.0	0.0	0.0	0.03
GLS	O94925	True	GLSK_HUMAN	Glutamate_byGLS_and_SLC1A7	CPI-CS0CA04CA30	GLS	0.02	0.0	0.0	0.0	0.0	0.0	0.0	0.042	0.0	0.062	0.0	0.0	0.0	0.0	0.062	0.0	0.0	0.0	0.0	0.0	0.0	0.0	0.0	0.131	0.0	0.023	0.043	0.0	0.0	0.0	0.0	0.03
GLS	O94925	True	GLSK_HUMAN	Glutamate_byGLS_and_SLC1A7	CPI-CS0D67AEEF8	GLS	0.02	0.0	0.0	0.0	0.0	0.0	0.0	0.042	0.0	0.062	0.0	0.0	0.0	0.0	0.062	0.0	0.0	0.0	0.0	0.0	0.0	0.0	0.0	0.131	0.0	0.023	0.043	0.0	0.0	0.0	0.0	0.03
GLS	O94925	True	GLSK_HUMAN	Glutamate_byGLS_and_SLC1A7	CPI-CS0EF654316	GLS	0.02	0.0	0.0	0.0	0.0	0.0	0.0	0.042	0.0	0.062	0.0	0.0	0.0	0.0	0.062	0.0	0.0	0.0	0.0	0.0	0.0	0.0	0.0	0.131	0.0	0.023	0.043	0.0	0.0	0.0	0.0	0.03
GLS	O94925	True	GLSK_HUMAN	Glutamate_byGLS_and_SLC1A7	CPI-CS002ECD5B1	GLS	0.02	0.0	0.0	0.0	0.0	0.0	0.0	0.042	0.0	0.062	0.0	0.0	0.0	0.0	0.062	0.0	0.0	0.0	0.0	0.0	0.0	0.0	0.0	0.131	0.0	0.023	0.043	0.0	0.0	0.0	0.0	0.03
GLS	O94925	True	GLSK_HUMAN	Glutamate_byGLS_and_SLC1A7	CPI-CS070154D3B	GLS	0.02	0.0	0.0	0.0	0.0	0.0	0.0	0.042	0.0	0.062	0.0	0.0	0.0	0.0	0.062	0.0	0.0	0.0	0.0	0.0	0.0	0.0	0.0	0.131	0.0	0.023	0.043	0.0	0.0	0.0	0.0	0.03
GLS	O94925	True	GLSK_HUMAN	Glutamate_byGLS_and_SLC1A7	CPI-CS0F4C33641	GLS	0.02	0.0	0.0	0.0	0.0	0.0	0.0	0.042	0.0	0.062	0.0	0.0	0.0	0.0	0.062	0.0	0.0	0.0	0.0	0.0	0.0	0.0	0.0	0.131	0.0	0.023	0.043	0.0	0.0	0.0	0.0	0.03
GLS	O94925	True	GLSK_HUMAN	Glutamate_byGLS_and_SLC1A7	CPI-CS0279E4E92	GLS	0.02	0.0	0.0	0.0	0.0	0.0	0.0	0.042	0.0	0.062	0.0	0.0	0.0	0.0	0.062	0.0	0.0	0.0	0.0	0.0	0.0	0.0	0.0	0.131	0.0	0.023	0.043	0.0	0.0	0.0	0.0	0.03
SLC17A6	Q9P2U8	True	VGLU2_HUMAN	Glutamate_byGLS2_and_SLC17A6	CPI-CS0D0DD65C8	SLC17A6	0.01	0.0	0.0	0.0	0.0	0.0	0.0	0.0	0.0	0.0	0.038	0.0	0.0	0.0	0.0	0.0	0.0	0.0	0.0	0.0	0.014	0.0	0.0	0.0	0.0	0.0	0.0	0.0	0.024	0.0	0.0	0.0
SLC17A6	Q9P2U8	True	VGLU2_HUMAN	Glutamate_byGLS2_and_SLC17A6	CPI-CS09B438562	SLC17A6	0.01	0.0	0.0	0.0	0.0	0.0	0.0	0.0	0.0	0.0	0.038	0.0	0.0	0.0	0.0	0.0	0.0	0.0	0.0	0.0	0.014	0.0	0.0	0.0	0.0	0.0	0.0	0.0	0.024	0.0	0.0	0.0
SLC17A6	Q9P2U8	True	VGLU2_HUMAN	Glutamate_byGLS2_and_SLC17A6	CPI-CS0C36883CF	SLC17A6	0.01	0.0	0.0	0.0	0.0	0.0	0.0	0.0	0.0	0.0	0.038	0.0	0.0	0.0	0.0	0.0	0.0	0.0	0.0	0.0	0.014	0.0	0.0	0.0	0.0	0.0	0.0	0.0	0.024	0.0	0.0	0.0
SLC17A6	Q9P2U8	True	VGLU2_HUMAN	Glutamate_byGLS2_and_SLC17A6	CPI-CS0EC1843D0	SLC17A6	0.01	0.0	0.0	0.0	0.0	0.0	0.0	0.0	0.0	0.0	0.038	0.0	0.0	0.0	0.0	0.0	0.0	0.0	0.0	0.0	0.014	0.0	0.0	0.0	0.0	0.0	0.0	0.0	0.024	0.0	0.0	0.0
SLC17A6	Q9P2U8	True	VGLU2_HUMAN	Glutamate_byGLS2_and_SLC17A6	CPI-CS0E1FAC826	SLC17A6	0.01	0.0	0.0	0.0	0.0	0.0	0.0	0.0	0.0	0.0	0.038	0.0	0.0	0.0	0.0	0.0	0.0	0.0	0.0	0.0	0.014	0.0	0.0	0.0	0.0	0.0	0.0	0.0	0.024	0.0	0.0	0.0
SLC17A6	Q9P2U8	True	VGLU2_HUMAN	Glutamate_byGLS2_and_SLC17A6	CPI-CC0355B4C89	SLC17A6	0.01	0.0	0.0	0.0	0.0	0.0	0.0	0.0	0.0	0.0	0.038	0.0	0.0	0.0	0.0	0.0	0.0	0.0	0.0	0.0	0.014	0.0	0.0	0.0	0.0	0.0	0.0	0.0	0.024	0.0	0.0	0.0
SLC17A6	Q9P2U8	True	VGLU2_HUMAN	Glutamate_byGLS2_and_SLC17A6	CPI-CC0274F636A	SLC17A6	0.01	0.0	0.0	0.0	0.0	0.0	0.0	0.0	0.0	0.0	0.038	0.0	0.0	0.0	0.0	0.0	0.0	0.0	0.0	0.0	0.014	0.0	0.0	0.0	0.0	0.0	0.0	0.0	0.024	0.0	0.0	0.0
SLC17A6	Q9P2U8	True	VGLU2_HUMAN	Glutamate_byGLS2_and_SLC17A6	CPI-CS026AD4940	SLC17A6	0.01	0.0	0.0	0.0	0.0	0.0	0.0	0.0	0.0	0.0	0.038	0.0	0.0	0.0	0.0	0.0	0.0	0.0	0.0	0.0	0.014	0.0	0.0	0.0	0.0	0.0	0.0	0.0	0.024	0.0	0.0	0.0
SLC17A6	Q9P2U8	True	VGLU2_HUMAN	Glutamate_byGLS2_and_SLC17A6	CPI-CC0B3501BF1	SLC17A6	0.01	0.0	0.0	0.0	0.0	0.0	0.0	0.0	0.0	0.0	0.038	0.0	0.0	0.0	0.0	0.0	0.0	0.0	0.0	0.0	0.014	0.0	0.0	0.0	0.0	0.0	0.0	0.0	0.024	0.0	0.0	0.0
SLC17A6	Q9P2U8	True	VGLU2_HUMAN	Glutamate_byGLS2_and_SLC17A6	CPI-CC08F46E2BA	SLC17A6	0.01	0.0	0.0	0.0	0.0	0.0	0.0	0.0	0.0	0.0	0.038	0.0	0.0	0.0	0.0	0.0	0.0	0.0	0.0	0.0	0.014	0.0	0.0	0.0	0.0	0.0	0.0	0.0	0.024	0.0	0.0	0.0
SLC17A6	Q9P2U8	True	VGLU2_HUMAN	Glutamate_byGLS2_and_SLC17A6	CPI-CS01DE5E362	SLC17A6	0.01	0.0	0.0	0.0	0.0	0.0	0.0	0.0	0.0	0.0	0.038	0.0	0.0	0.0	0.0	0.0	0.0	0.0	0.0	0.0	0.014	0.0	0.0	0.0	0.0	0.0	0.0	0.0	0.024	0.0	0.0	0.0
SLC17A6	Q9P2U8	True	VGLU2_HUMAN	Glutamate_byGLS2_and_SLC17A6	CPI-CC07424146E	SLC17A6	0.01	0.0	0.0	0.0	0.0	0.0	0.0	0.0	0.0	0.0	0.038	0.0	0.0	0.0	0.0	0.0	0.0	0.0	0.0	0.0	0.014	0.0	0.0	0.0	0.0	0.0	0.0	0.0	0.024	0.0	0.0	0.0
SLC17A6	Q9P2U8	True	VGLU2_HUMAN	Glutamate_byGLS2_and_SLC17A6	CPI-CC046773FBE	SLC17A6	0.01	0.0	0.0	0.0	0.0	0.0	0.0	0.0	0.0	0.0	0.038	0.0	0.0	0.0	0.0	0.0	0.0	0.0	0.0	0.0	0.014	0.0	0.0	0.0	0.0	0.0	0.0	0.0	0.024	0.0	0.0	0.0
SLC17A6	Q9P2U8	True	VGLU2_HUMAN	Glutamate_byGLS2_and_SLC17A6	CPI-CC05B7F59A7	SLC17A6	0.01	0.0	0.0	0.0	0.0	0.0	0.0	0.0	0.0	0.0	0.038	0.0	0.0	0.0	0.0	0.0	0.0	0.0	0.0	0.0	0.014	0.0	0.0	0.0	0.0	0.0	0.0	0.0	0.024	0.0	0.0	0.0
SLC17A6	Q9P2U8	True	VGLU2_HUMAN	Glutamate_byGLS2_and_SLC17A6	CPI-CC081514479	SLC17A6	0.01	0.0	0.0	0.0	0.0	0.0	0.0	0.0	0.0	0.0	0.038	0.0	0.0	0.0	0.0	0.0	0.0	0.0	0.0	0.0	0.014	0.0	0.0	0.0	0.0	0.0	0.0	0.0	0.024	0.0	0.0	0.0
SLC17A6	Q9P2U8	True	VGLU2_HUMAN	Glutamate_byGLS2_and_SLC17A6	CPI-CC041297876	SLC17A6	0.01	0.0	0.0	0.0	0.0	0.0	0.0	0.0	0.0	0.0	0.038	0.0	0.0	0.0	0.0	0.0	0.0	0.0	0.0	0.0	0.014	0.0	0.0	0.0	0.0	0.0	0.0	0.0	0.024	0.0	0.0	0.0
SLC17A6	Q9P2U8	True	VGLU2_HUMAN	Glutamate_byGLS2_and_SLC17A6	CPI-CC0B72458CD	SLC17A6	0.01	0.0	0.0	0.0	0.0	0.0	0.0	0.0	0.0	0.0	0.038	0.0	0.0	0.0	0.0	0.0	0.0	0.0	0.0	0.0	0.014	0.0	0.0	0.0	0.0	0.0	0.0	0.0	0.024	0.0	0.0	0.0
SLC17A6	Q9P2U8	True	VGLU2_HUMAN	Glutamate_byGLS2_and_SLC17A6	CPI-CS0B1AAAC71	SLC17A6	0.01	0.0	0.0	0.0	0.0	0.0	0.0	0.0	0.0	0.0	0.038	0.0	0.0	0.0	0.0	0.0	0.0	0.0	0.0	0.0	0.014	0.0	0.0	0.0	0.0	0.0	0.0	0.0	0.024	0.0	0.0	0.0
SLC17A6	Q9P2U8	True	VGLU2_HUMAN	Glutamate_byGLS2_and_SLC17A6	CPI-CS091852A34	SLC17A6	0.01	0.0	0.0	0.0	0.0	0.0	0.0	0.0	0.0	0.0	0.038	0.0	0.0	0.0	0.0	0.0	0.0	0.0	0.0	0.0	0.014	0.0	0.0	0.0	0.0	0.0	0.0	0.0	0.024	0.0	0.0	0.0
SLC17A6	Q9P2U8	True	VGLU2_HUMAN	Glutamate_byGLS2_and_SLC17A6	CPI-CS00469C577	SLC17A6	0.01	0.0	0.0	0.0	0.0	0.0	0.0	0.0	0.0	0.0	0.038	0.0	0.0	0.0	0.0	0.0	0.0	0.0	0.0	0.0	0.014	0.0	0.0	0.0	0.0	0.0	0.0	0.0	0.024	0.0	0.0	0.0
SLC17A6	Q9P2U8	True	VGLU2_HUMAN	Glutamate_byGLS2_and_SLC17A6	CPI-CS0ED1ED131	SLC17A6	0.01	0.0	0.0	0.0	0.0	0.0	0.0	0.0	0.0	0.0	0.038	0.0	0.0	0.0	0.0	0.0	0.0	0.0	0.0	0.0	0.014	0.0	0.0	0.0	0.0	0.0	0.0	0.0	0.024	0.0	0.0	0.0
SLC17A6	Q9P2U8	True	VGLU2_HUMAN	Glutamate_byGLS2_and_SLC17A6	CPI-CS0159C4BD7	SLC17A6	0.01	0.0	0.0	0.0	0.0	0.0	0.0	0.0	0.0	0.0	0.038	0.0	0.0	0.0	0.0	0.0	0.0	0.0	0.0	0.0	0.014	0.0	0.0	0.0	0.0	0.0	0.0	0.0	0.024	0.0	0.0	0.0
SLC17A6	Q9P2U8	True	VGLU2_HUMAN	Glutamate_byGLS2_and_SLC17A6	CPI-CS02A9283E5	SLC17A6	0.01	0.0	0.0	0.0	0.0	0.0	0.0	0.0	0.0	0.0	0.038	0.0	0.0	0.0	0.0	0.0	0.0	0.0	0.0	0.0	0.014	0.0	0.0	0.0	0.0	0.0	0.0	0.0	0.024	0.0	0.0	0.0
SLC17A6	Q9P2U8	True	VGLU2_HUMAN	Glutamate_byGLS2_and_SLC17A6	CPI-CS0D542DC14	SLC17A6	0.01	0.0	0.0	0.0	0.0	0.0	0.0	0.0	0.0	0.0	0.038	0.0	0.0	0.0	0.0	0.0	0.0	0.0	0.0	0.0	0.014	0.0	0.0	0.0	0.0	0.0	0.0	0.0	0.024	0.0	0.0	0.0
SLC17A6	Q9P2U8	True	VGLU2_HUMAN	Glutamate_byGLS2_and_SLC17A6	CPI-CS04F89F4C0	SLC17A6	0.01	0.0	0.0	0.0	0.0	0.0	0.0	0.0	0.0	0.0	0.038	0.0	0.0	0.0	0.0	0.0	0.0	0.0	0.0	0.0	0.014	0.0	0.0	0.0	0.0	0.0	0.0	0.0	0.024	0.0	0.0	0.0
GLS2	Q9UI32	True	GLSL_HUMAN	Glutamate_byGLS2_and_SLC17A6	CPI-CS0D0DD65C8	GLS2	0.01	0.0	0.0	0.0	0.0	0.0	0.0	0.0	0.0	0.0	0.038	0.0	0.0	0.0	0.0	0.0	0.0	0.0	0.0	0.0	0.014	0.0	0.0	0.0	0.0	0.0	0.0	0.0	0.024	0.0	0.0	0.0
GLS2	Q9UI32	True	GLSL_HUMAN	Glutamate_byGLS2_and_SLC17A6	CPI-CS09B438562	GLS2	0.01	0.0	0.0	0.0	0.0	0.0	0.0	0.0	0.0	0.0	0.038	0.0	0.0	0.0	0.0	0.0	0.0	0.0	0.0	0.0	0.014	0.0	0.0	0.0	0.0	0.0	0.0	0.0	0.024	0.0	0.0	0.0
GLS2	Q9UI32	True	GLSL_HUMAN	Glutamate_byGLS2_and_SLC17A6	CPI-CS0C36883CF	GLS2	0.01	0.0	0.0	0.0	0.0	0.0	0.0	0.0	0.0	0.0	0.038	0.0	0.0	0.0	0.0	0.0	0.0	0.0	0.0	0.0	0.014	0.0	0.0	0.0	0.0	0.0	0.0	0.0	0.024	0.0	0.0	0.0
GLS2	Q9UI32	True	GLSL_HUMAN	Glutamate_byGLS2_and_SLC17A6	CPI-CS0EC1843D0	GLS2	0.01	0.0	0.0	0.0	0.0	0.0	0.0	0.0	0.0	0.0	0.038	0.0	0.0	0.0	0.0	0.0	0.0	0.0	0.0	0.0	0.014	0.0	0.0	0.0	0.0	0.0	0.0	0.0	0.024	0.0	0.0	0.0
GLS2	Q9UI32	True	GLSL_HUMAN	Glutamate_byGLS2_and_SLC17A6	CPI-CS0E1FAC826	GLS2	0.01	0.0	0.0	0.0	0.0	0.0	0.0	0.0	0.0	0.0	0.038	0.0	0.0	0.0	0.0	0.0	0.0	0.0	0.0	0.0	0.014	0.0	0.0	0.0	0.0	0.0	0.0	0.0	0.024	0.0	0.0	0.0
GLS2	Q9UI32	True	GLSL_HUMAN	Glutamate_byGLS2_and_SLC17A6	CPI-CC0355B4C89	GLS2	0.01	0.0	0.0	0.0	0.0	0.0	0.0	0.0	0.0	0.0	0.038	0.0	0.0	0.0	0.0	0.0	0.0	0.0	0.0	0.0	0.014	0.0	0.0	0.0	0.0	0.0	0.0	0.0	0.024	0.0	0.0	0.0
GLS2	Q9UI32	True	GLSL_HUMAN	Glutamate_byGLS2_and_SLC17A6	CPI-CC0274F636A	GLS2	0.01	0.0	0.0	0.0	0.0	0.0	0.0	0.0	0.0	0.0	0.038	0.0	0.0	0.0	0.0	0.0	0.0	0.0	0.0	0.0	0.014	0.0	0.0	0.0	0.0	0.0	0.0	0.0	0.024	0.0	0.0	0.0
GLS2	Q9UI32	True	GLSL_HUMAN	Glutamate_byGLS2_and_SLC17A6	CPI-CS026AD4940	GLS2	0.01	0.0	0.0	0.0	0.0	0.0	0.0	0.0	0.0	0.0	0.038	0.0	0.0	0.0	0.0	0.0	0.0	0.0	0.0	0.0	0.014	0.0	0.0	0.0	0.0	0.0	0.0	0.0	0.024	0.0	0.0	0.0
GLS2	Q9UI32	True	GLSL_HUMAN	Glutamate_byGLS2_and_SLC17A6	CPI-CC0B3501BF1	GLS2	0.01	0.0	0.0	0.0	0.0	0.0	0.0	0.0	0.0	0.0	0.038	0.0	0.0	0.0	0.0	0.0	0.0	0.0	0.0	0.0	0.014	0.0	0.0	0.0	0.0	0.0	0.0	0.0	0.024	0.0	0.0	0.0
GLS2	Q9UI32	True	GLSL_HUMAN	Glutamate_byGLS2_and_SLC17A6	CPI-CC08F46E2BA	GLS2	0.01	0.0	0.0	0.0	0.0	0.0	0.0	0.0	0.0	0.0	0.038	0.0	0.0	0.0	0.0	0.0	0.0	0.0	0.0	0.0	0.014	0.0	0.0	0.0	0.0	0.0	0.0	0.0	0.024	0.0	0.0	0.0
GLS2	Q9UI32	True	GLSL_HUMAN	Glutamate_byGLS2_and_SLC17A6	CPI-CS01DE5E362	GLS2	0.01	0.0	0.0	0.0	0.0	0.0	0.0	0.0	0.0	0.0	0.038	0.0	0.0	0.0	0.0	0.0	0.0	0.0	0.0	0.0	0.014	0.0	0.0	0.0	0.0	0.0	0.0	0.0	0.024	0.0	0.0	0.0
GLS2	Q9UI32	True	GLSL_HUMAN	Glutamate_byGLS2_and_SLC17A6	CPI-CC07424146E	GLS2	0.01	0.0	0.0	0.0	0.0	0.0	0.0	0.0	0.0	0.0	0.038	0.0	0.0	0.0	0.0	0.0	0.0	0.0	0.0	0.0	0.014	0.0	0.0	0.0	0.0	0.0	0.0	0.0	0.024	0.0	0.0	0.0
GLS2	Q9UI32	True	GLSL_HUMAN	Glutamate_byGLS2_and_SLC17A6	CPI-CC046773FBE	GLS2	0.01	0.0	0.0	0.0	0.0	0.0	0.0	0.0	0.0	0.0	0.038	0.0	0.0	0.0	0.0	0.0	0.0	0.0	0.0	0.0	0.014	0.0	0.0	0.0	0.0	0.0	0.0	0.0	0.024	0.0	0.0	0.0
GLS2	Q9UI32	True	GLSL_HUMAN	Glutamate_byGLS2_and_SLC17A6	CPI-CC05B7F59A7	GLS2	0.01	0.0	0.0	0.0	0.0	0.0	0.0	0.0	0.0	0.0	0.038	0.0	0.0	0.0	0.0	0.0	0.0	0.0	0.0	0.0	0.014	0.0	0.0	0.0	0.0	0.0	0.0	0.0	0.024	0.0	0.0	0.0
GLS2	Q9UI32	True	GLSL_HUMAN	Glutamate_byGLS2_and_SLC17A6	CPI-CC081514479	GLS2	0.01	0.0	0.0	0.0	0.0	0.0	0.0	0.0	0.0	0.0	0.038	0.0	0.0	0.0	0.0	0.0	0.0	0.0	0.0	0.0	0.014	0.0	0.0	0.0	0.0	0.0	0.0	0.0	0.024	0.0	0.0	0.0
GLS2	Q9UI32	True	GLSL_HUMAN	Glutamate_byGLS2_and_SLC17A6	CPI-CC041297876	GLS2	0.01	0.0	0.0	0.0	0.0	0.0	0.0	0.0	0.0	0.0	0.038	0.0	0.0	0.0	0.0	0.0	0.0	0.0	0.0	0.0	0.014	0.0	0.0	0.0	0.0	0.0	0.0	0.0	0.024	0.0	0.0	0.0
GLS2	Q9UI32	True	GLSL_HUMAN	Glutamate_byGLS2_and_SLC17A6	CPI-CC0B72458CD	GLS2	0.01	0.0	0.0	0.0	0.0	0.0	0.0	0.0	0.0	0.0	0.038	0.0	0.0	0.0	0.0	0.0	0.0	0.0	0.0	0.0	0.014	0.0	0.0	0.0	0.0	0.0	0.0	0.0	0.024	0.0	0.0	0.0
GLS2	Q9UI32	True	GLSL_HUMAN	Glutamate_byGLS2_and_SLC17A6	CPI-CS0B1AAAC71	GLS2	0.01	0.0	0.0	0.0	0.0	0.0	0.0	0.0	0.0	0.0	0.038	0.0	0.0	0.0	0.0	0.0	0.0	0.0	0.0	0.0	0.014	0.0	0.0	0.0	0.0	0.0	0.0	0.0	0.024	0.0	0.0	0.0
GLS2	Q9UI32	True	GLSL_HUMAN	Glutamate_byGLS2_and_SLC17A6	CPI-CS091852A34	GLS2	0.01	0.0	0.0	0.0	0.0	0.0	0.0	0.0	0.0	0.0	0.038	0.0	0.0	0.0	0.0	0.0	0.0	0.0	0.0	0.0	0.014	0.0	0.0	0.0	0.0	0.0	0.0	0.0	0.024	0.0	0.0	0.0
GLS2	Q9UI32	True	GLSL_HUMAN	Glutamate_byGLS2_and_SLC17A6	CPI-CS00469C577	GLS2	0.01	0.0	0.0	0.0	0.0	0.0	0.0	0.0	0.0	0.0	0.038	0.0	0.0	0.0	0.0	0.0	0.0	0.0	0.0	0.0	0.014	0.0	0.0	0.0	0.0	0.0	0.0	0.0	0.024	0.0	0.0	0.0
GLS2	Q9UI32	True	GLSL_HUMAN	Glutamate_byGLS2_and_SLC17A6	CPI-CS0ED1ED131	GLS2	0.01	0.0	0.0	0.0	0.0	0.0	0.0	0.0	0.0	0.0	0.038	0.0	0.0	0.0	0.0	0.0	0.0	0.0	0.0	0.0	0.014	0.0	0.0	0.0	0.0	0.0	0.0	0.0	0.024	0.0	0.0	0.0
GLS2	Q9UI32	True	GLSL_HUMAN	Glutamate_byGLS2_and_SLC17A6	CPI-CS0159C4BD7	GLS2	0.01	0.0	0.0	0.0	0.0	0.0	0.0	0.0	0.0	0.0	0.038	0.0	0.0	0.0	0.0	0.0	0.0	0.0	0.0	0.0	0.014	0.0	0.0	0.0	0.0	0.0	0.0	0.0	0.024	0.0	0.0	0.0
GLS2	Q9UI32	True	GLSL_HUMAN	Glutamate_byGLS2_and_SLC17A6	CPI-CS02A9283E5	GLS2	0.01	0.0	0.0	0.0	0.0	0.0	0.0	0.0	0.0	0.0	0.038	0.0	0.0	0.0	0.0	0.0	0.0	0.0	0.0	0.0	0.014	0.0	0.0	0.0	0.0	0.0	0.0	0.0	0.024	0.0	0.0	0.0
GLS2	Q9UI32	True	GLSL_HUMAN	Glutamate_byGLS2_and_SLC17A6	CPI-CS0D542DC14	GLS2	0.01	0.0	0.0	0.0	0.0	0.0	0.0	0.0	0.0	0.0	0.038	0.0	0.0	0.0	0.0	0.0	0.0	0.0	0.0	0.0	0.014	0.0	0.0	0.0	0.0	0.0	0.0	0.0	0.024	0.0	0.0	0.0
GLS2	Q9UI32	True	GLSL_HUMAN	Glutamate_byGLS2_and_SLC17A6	CPI-CS04F89F4C0	GLS2	0.01	0.0	0.0	0.0	0.0	0.0	0.0	0.0	0.0	0.0	0.038	0.0	0.0	0.0	0.0	0.0	0.0	0.0	0.0	0.0	0.014	0.0	0.0	0.0	0.0	0.0	0.0	0.0	0.024	0.0	0.0	0.0
SLC17A7	Q9P2U7	True	VGLU1_HUMAN	Glutamate_byGLS2_and_SLC17A7	CPI-CS0D1727332	SLC17A7	0.01	0.0	0.0	0.0	0.0	0.0	0.0	0.0	0.0	0.0	0.0	0.0	0.0	0.0	0.0	0.0	0.0	0.0	0.0	0.0	0.014	0.0	0.0	0.0	0.0	0.0	0.0	0.0	0.0	0.0	0.0	0.0
SLC17A7	Q9P2U7	True	VGLU1_HUMAN	Glutamate_byGLS2_and_SLC17A7	CPI-CS07CF0C9B9	SLC17A7	0.01	0.0	0.0	0.0	0.0	0.0	0.0	0.0	0.0	0.0	0.0	0.0	0.0	0.0	0.0	0.0	0.0	0.0	0.0	0.0	0.014	0.0	0.0	0.0	0.0	0.0	0.0	0.0	0.0	0.0	0.0	0.0
SLC17A7	Q9P2U7	True	VGLU1_HUMAN	Glutamate_byGLS2_and_SLC17A7	CPI-CS0FBD9A478	SLC17A7	0.01	0.0	0.0	0.0	0.0	0.0	0.0	0.0	0.0	0.0	0.0	0.0	0.0	0.0	0.0	0.0	0.0	0.0	0.0	0.0	0.014	0.0	0.0	0.0	0.0	0.0	0.0	0.0	0.0	0.0	0.0	0.0
SLC17A7	Q9P2U7	True	VGLU1_HUMAN	Glutamate_byGLS2_and_SLC17A7	CPI-CS08AE2D9A9	SLC17A7	0.01	0.0	0.0	0.0	0.0	0.0	0.0	0.0	0.0	0.0	0.0	0.0	0.0	0.0	0.0	0.0	0.0	0.0	0.0	0.0	0.014	0.0	0.0	0.0	0.0	0.0	0.0	0.0	0.0	0.0	0.0	0.0
SLC17A7	Q9P2U7	True	VGLU1_HUMAN	Glutamate_byGLS2_and_SLC17A7	CPI-CS0AB98CF4B	SLC17A7	0.01	0.0	0.0	0.0	0.0	0.0	0.0	0.0	0.0	0.0	0.0	0.0	0.0	0.0	0.0	0.0	0.0	0.0	0.0	0.0	0.014	0.0	0.0	0.0	0.0	0.0	0.0	0.0	0.0	0.0	0.0	0.0
SLC17A7	Q9P2U7	True	VGLU1_HUMAN	Glutamate_byGLS2_and_SLC17A7	CPI-CC047030A36	SLC17A7	0.01	0.0	0.0	0.0	0.0	0.0	0.0	0.0	0.0	0.0	0.0	0.0	0.0	0.0	0.0	0.0	0.0	0.0	0.0	0.0	0.014	0.0	0.0	0.0	0.0	0.0	0.0	0.0	0.0	0.0	0.0	0.0
SLC17A7	Q9P2U7	True	VGLU1_HUMAN	Glutamate_byGLS2_and_SLC17A7	CPI-CC0145A96BC	SLC17A7	0.01	0.0	0.0	0.0	0.0	0.0	0.0	0.0	0.0	0.0	0.0	0.0	0.0	0.0	0.0	0.0	0.0	0.0	0.0	0.0	0.014	0.0	0.0	0.0	0.0	0.0	0.0	0.0	0.0	0.0	0.0	0.0
SLC17A7	Q9P2U7	True	VGLU1_HUMAN	Glutamate_byGLS2_and_SLC17A7	CPI-CS0940331BF	SLC17A7	0.01	0.0	0.0	0.0	0.0	0.0	0.0	0.0	0.0	0.0	0.0	0.0	0.0	0.0	0.0	0.0	0.0	0.0	0.0	0.0	0.014	0.0	0.0	0.0	0.0	0.0	0.0	0.0	0.0	0.0	0.0	0.0
SLC17A7	Q9P2U7	True	VGLU1_HUMAN	Glutamate_byGLS2_and_SLC17A7	CPI-CC032282108	SLC17A7	0.01	0.0	0.0	0.0	0.0	0.0	0.0	0.0	0.0	0.0	0.0	0.0	0.0	0.0	0.0	0.0	0.0	0.0	0.0	0.0	0.014	0.0	0.0	0.0	0.0	0.0	0.0	0.0	0.0	0.0	0.0	0.0
SLC17A7	Q9P2U7	True	VGLU1_HUMAN	Glutamate_byGLS2_and_SLC17A7	CPI-CC08CAFBA94	SLC17A7	0.01	0.0	0.0	0.0	0.0	0.0	0.0	0.0	0.0	0.0	0.0	0.0	0.0	0.0	0.0	0.0	0.0	0.0	0.0	0.0	0.014	0.0	0.0	0.0	0.0	0.0	0.0	0.0	0.0	0.0	0.0	0.0
SLC17A7	Q9P2U7	True	VGLU1_HUMAN	Glutamate_byGLS2_and_SLC17A7	CPI-CS0D1DC5DFD	SLC17A7	0.01	0.0	0.0	0.0	0.0	0.0	0.0	0.0	0.0	0.0	0.0	0.0	0.0	0.0	0.0	0.0	0.0	0.0	0.0	0.0	0.014	0.0	0.0	0.0	0.0	0.0	0.0	0.0	0.0	0.0	0.0	0.0
SLC17A7	Q9P2U7	True	VGLU1_HUMAN	Glutamate_byGLS2_and_SLC17A7	CPI-CC00FD66B07	SLC17A7	0.01	0.0	0.0	0.0	0.0	0.0	0.0	0.0	0.0	0.0	0.0	0.0	0.0	0.0	0.0	0.0	0.0	0.0	0.0	0.0	0.014	0.0	0.0	0.0	0.0	0.0	0.0	0.0	0.0	0.0	0.0	0.0
SLC17A7	Q9P2U7	True	VGLU1_HUMAN	Glutamate_byGLS2_and_SLC17A7	CPI-CC032B985F7	SLC17A7	0.01	0.0	0.0	0.0	0.0	0.0	0.0	0.0	0.0	0.0	0.0	0.0	0.0	0.0	0.0	0.0	0.0	0.0	0.0	0.0	0.014	0.0	0.0	0.0	0.0	0.0	0.0	0.0	0.0	0.0	0.0	0.0
SLC17A7	Q9P2U7	True	VGLU1_HUMAN	Glutamate_byGLS2_and_SLC17A7	CPI-CC0FE97618B	SLC17A7	0.01	0.0	0.0	0.0	0.0	0.0	0.0	0.0	0.0	0.0	0.0	0.0	0.0	0.0	0.0	0.0	0.0	0.0	0.0	0.0	0.014	0.0	0.0	0.0	0.0	0.0	0.0	0.0	0.0	0.0	0.0	0.0
SLC17A7	Q9P2U7	True	VGLU1_HUMAN	Glutamate_byGLS2_and_SLC17A7	CPI-CC0B845D70B	SLC17A7	0.01	0.0	0.0	0.0	0.0	0.0	0.0	0.0	0.0	0.0	0.0	0.0	0.0	0.0	0.0	0.0	0.0	0.0	0.0	0.0	0.014	0.0	0.0	0.0	0.0	0.0	0.0	0.0	0.0	0.0	0.0	0.0
SLC17A7	Q9P2U7	True	VGLU1_HUMAN	Glutamate_byGLS2_and_SLC17A7	CPI-CC0F0E50ABC	SLC17A7	0.01	0.0	0.0	0.0	0.0	0.0	0.0	0.0	0.0	0.0	0.0	0.0	0.0	0.0	0.0	0.0	0.0	0.0	0.0	0.0	0.014	0.0	0.0	0.0	0.0	0.0	0.0	0.0	0.0	0.0	0.0	0.0
SLC17A7	Q9P2U7	True	VGLU1_HUMAN	Glutamate_byGLS2_and_SLC17A7	CPI-CC0AA96E404	SLC17A7	0.01	0.0	0.0	0.0	0.0	0.0	0.0	0.0	0.0	0.0	0.0	0.0	0.0	0.0	0.0	0.0	0.0	0.0	0.0	0.0	0.014	0.0	0.0	0.0	0.0	0.0	0.0	0.0	0.0	0.0	0.0	0.0
SLC17A7	Q9P2U7	True	VGLU1_HUMAN	Glutamate_byGLS2_and_SLC17A7	CPI-CS059F4ED23	SLC17A7	0.01	0.0	0.0	0.0	0.0	0.0	0.0	0.0	0.0	0.0	0.0	0.0	0.0	0.0	0.0	0.0	0.0	0.0	0.0	0.0	0.014	0.0	0.0	0.0	0.0	0.0	0.0	0.0	0.0	0.0	0.0	0.0
SLC17A7	Q9P2U7	True	VGLU1_HUMAN	Glutamate_byGLS2_and_SLC17A7	CPI-CS0EC77FC9C	SLC17A7	0.01	0.0	0.0	0.0	0.0	0.0	0.0	0.0	0.0	0.0	0.0	0.0	0.0	0.0	0.0	0.0	0.0	0.0	0.0	0.0	0.014	0.0	0.0	0.0	0.0	0.0	0.0	0.0	0.0	0.0	0.0	0.0
SLC17A7	Q9P2U7	True	VGLU1_HUMAN	Glutamate_byGLS2_and_SLC17A7	CPI-CS0AE7F1FB9	SLC17A7	0.01	0.0	0.0	0.0	0.0	0.0	0.0	0.0	0.0	0.0	0.0	0.0	0.0	0.0	0.0	0.0	0.0	0.0	0.0	0.0	0.014	0.0	0.0	0.0	0.0	0.0	0.0	0.0	0.0	0.0	0.0	0.0
SLC17A7	Q9P2U7	True	VGLU1_HUMAN	Glutamate_byGLS2_and_SLC17A7	CPI-CS09CFDCF78	SLC17A7	0.01	0.0	0.0	0.0	0.0	0.0	0.0	0.0	0.0	0.0	0.0	0.0	0.0	0.0	0.0	0.0	0.0	0.0	0.0	0.0	0.014	0.0	0.0	0.0	0.0	0.0	0.0	0.0	0.0	0.0	0.0	0.0
SLC17A7	Q9P2U7	True	VGLU1_HUMAN	Glutamate_byGLS2_and_SLC17A7	CPI-CS0BA5C6CCB	SLC17A7	0.01	0.0	0.0	0.0	0.0	0.0	0.0	0.0	0.0	0.0	0.0	0.0	0.0	0.0	0.0	0.0	0.0	0.0	0.0	0.0	0.014	0.0	0.0	0.0	0.0	0.0	0.0	0.0	0.0	0.0	0.0	0.0
SLC17A7	Q9P2U7	True	VGLU1_HUMAN	Glutamate_byGLS2_and_SLC17A7	CPI-CS0EC6271ED	SLC17A7	0.01	0.0	0.0	0.0	0.0	0.0	0.0	0.0	0.0	0.0	0.0	0.0	0.0	0.0	0.0	0.0	0.0	0.0	0.0	0.0	0.014	0.0	0.0	0.0	0.0	0.0	0.0	0.0	0.0	0.0	0.0	0.0
SLC17A7	Q9P2U7	True	VGLU1_HUMAN	Glutamate_byGLS2_and_SLC17A7	CPI-CS004BB0890	SLC17A7	0.01	0.0	0.0	0.0	0.0	0.0	0.0	0.0	0.0	0.0	0.0	0.0	0.0	0.0	0.0	0.0	0.0	0.0	0.0	0.0	0.014	0.0	0.0	0.0	0.0	0.0	0.0	0.0	0.0	0.0	0.0	0.0
SLC17A7	Q9P2U7	True	VGLU1_HUMAN	Glutamate_byGLS2_and_SLC17A7	CPI-CS00A95D069	SLC17A7	0.01	0.0	0.0	0.0	0.0	0.0	0.0	0.0	0.0	0.0	0.0	0.0	0.0	0.0	0.0	0.0	0.0	0.0	0.0	0.0	0.014	0.0	0.0	0.0	0.0	0.0	0.0	0.0	0.0	0.0	0.0	0.0
GLS2	Q9UI32	True	GLSL_HUMAN	Glutamate_byGLS2_and_SLC17A7	CPI-CS0D1727332	GLS2	0.01	0.0	0.0	0.0	0.0	0.0	0.0	0.0	0.0	0.0	0.0	0.0	0.0	0.0	0.0	0.0	0.0	0.0	0.0	0.0	0.014	0.0	0.0	0.0	0.0	0.0	0.0	0.0	0.0	0.0	0.0	0.0
GLS2	Q9UI32	True	GLSL_HUMAN	Glutamate_byGLS2_and_SLC17A7	CPI-CS07CF0C9B9	GLS2	0.01	0.0	0.0	0.0	0.0	0.0	0.0	0.0	0.0	0.0	0.0	0.0	0.0	0.0	0.0	0.0	0.0	0.0	0.0	0.0	0.014	0.0	0.0	0.0	0.0	0.0	0.0	0.0	0.0	0.0	0.0	0.0
GLS2	Q9UI32	True	GLSL_HUMAN	Glutamate_byGLS2_and_SLC17A7	CPI-CS0FBD9A478	GLS2	0.01	0.0	0.0	0.0	0.0	0.0	0.0	0.0	0.0	0.0	0.0	0.0	0.0	0.0	0.0	0.0	0.0	0.0	0.0	0.0	0.014	0.0	0.0	0.0	0.0	0.0	0.0	0.0	0.0	0.0	0.0	0.0
GLS2	Q9UI32	True	GLSL_HUMAN	Glutamate_byGLS2_and_SLC17A7	CPI-CS08AE2D9A9	GLS2	0.01	0.0	0.0	0.0	0.0	0.0	0.0	0.0	0.0	0.0	0.0	0.0	0.0	0.0	0.0	0.0	0.0	0.0	0.0	0.0	0.014	0.0	0.0	0.0	0.0	0.0	0.0	0.0	0.0	0.0	0.0	0.0
GLS2	Q9UI32	True	GLSL_HUMAN	Glutamate_byGLS2_and_SLC17A7	CPI-CS0AB98CF4B	GLS2	0.01	0.0	0.0	0.0	0.0	0.0	0.0	0.0	0.0	0.0	0.0	0.0	0.0	0.0	0.0	0.0	0.0	0.0	0.0	0.0	0.014	0.0	0.0	0.0	0.0	0.0	0.0	0.0	0.0	0.0	0.0	0.0
GLS2	Q9UI32	True	GLSL_HUMAN	Glutamate_byGLS2_and_SLC17A7	CPI-CC047030A36	GLS2	0.01	0.0	0.0	0.0	0.0	0.0	0.0	0.0	0.0	0.0	0.0	0.0	0.0	0.0	0.0	0.0	0.0	0.0	0.0	0.0	0.014	0.0	0.0	0.0	0.0	0.0	0.0	0.0	0.0	0.0	0.0	0.0
GLS2	Q9UI32	True	GLSL_HUMAN	Glutamate_byGLS2_and_SLC17A7	CPI-CC0145A96BC	GLS2	0.01	0.0	0.0	0.0	0.0	0.0	0.0	0.0	0.0	0.0	0.0	0.0	0.0	0.0	0.0	0.0	0.0	0.0	0.0	0.0	0.014	0.0	0.0	0.0	0.0	0.0	0.0	0.0	0.0	0.0	0.0	0.0
GLS2	Q9UI32	True	GLSL_HUMAN	Glutamate_byGLS2_and_SLC17A7	CPI-CS0940331BF	GLS2	0.01	0.0	0.0	0.0	0.0	0.0	0.0	0.0	0.0	0.0	0.0	0.0	0.0	0.0	0.0	0.0	0.0	0.0	0.0	0.0	0.014	0.0	0.0	0.0	0.0	0.0	0.0	0.0	0.0	0.0	0.0	0.0
GLS2	Q9UI32	True	GLSL_HUMAN	Glutamate_byGLS2_and_SLC17A7	CPI-CC032282108	GLS2	0.01	0.0	0.0	0.0	0.0	0.0	0.0	0.0	0.0	0.0	0.0	0.0	0.0	0.0	0.0	0.0	0.0	0.0	0.0	0.0	0.014	0.0	0.0	0.0	0.0	0.0	0.0	0.0	0.0	0.0	0.0	0.0
GLS2	Q9UI32	True	GLSL_HUMAN	Glutamate_byGLS2_and_SLC17A7	CPI-CC08CAFBA94	GLS2	0.01	0.0	0.0	0.0	0.0	0.0	0.0	0.0	0.0	0.0	0.0	0.0	0.0	0.0	0.0	0.0	0.0	0.0	0.0	0.0	0.014	0.0	0.0	0.0	0.0	0.0	0.0	0.0	0.0	0.0	0.0	0.0
GLS2	Q9UI32	True	GLSL_HUMAN	Glutamate_byGLS2_and_SLC17A7	CPI-CS0D1DC5DFD	GLS2	0.01	0.0	0.0	0.0	0.0	0.0	0.0	0.0	0.0	0.0	0.0	0.0	0.0	0.0	0.0	0.0	0.0	0.0	0.0	0.0	0.014	0.0	0.0	0.0	0.0	0.0	0.0	0.0	0.0	0.0	0.0	0.0
GLS2	Q9UI32	True	GLSL_HUMAN	Glutamate_byGLS2_and_SLC17A7	CPI-CC00FD66B07	GLS2	0.01	0.0	0.0	0.0	0.0	0.0	0.0	0.0	0.0	0.0	0.0	0.0	0.0	0.0	0.0	0.0	0.0	0.0	0.0	0.0	0.014	0.0	0.0	0.0	0.0	0.0	0.0	0.0	0.0	0.0	0.0	0.0
GLS2	Q9UI32	True	GLSL_HUMAN	Glutamate_byGLS2_and_SLC17A7	CPI-CC032B985F7	GLS2	0.01	0.0	0.0	0.0	0.0	0.0	0.0	0.0	0.0	0.0	0.0	0.0	0.0	0.0	0.0	0.0	0.0	0.0	0.0	0.0	0.014	0.0	0.0	0.0	0.0	0.0	0.0	0.0	0.0	0.0	0.0	0.0
GLS2	Q9UI32	True	GLSL_HUMAN	Glutamate_byGLS2_and_SLC17A7	CPI-CC0FE97618B	GLS2	0.01	0.0	0.0	0.0	0.0	0.0	0.0	0.0	0.0	0.0	0.0	0.0	0.0	0.0	0.0	0.0	0.0	0.0	0.0	0.0	0.014	0.0	0.0	0.0	0.0	0.0	0.0	0.0	0.0	0.0	0.0	0.0
GLS2	Q9UI32	True	GLSL_HUMAN	Glutamate_byGLS2_and_SLC17A7	CPI-CC0B845D70B	GLS2	0.01	0.0	0.0	0.0	0.0	0.0	0.0	0.0	0.0	0.0	0.0	0.0	0.0	0.0	0.0	0.0	0.0	0.0	0.0	0.0	0.014	0.0	0.0	0.0	0.0	0.0	0.0	0.0	0.0	0.0	0.0	0.0
GLS2	Q9UI32	True	GLSL_HUMAN	Glutamate_byGLS2_and_SLC17A7	CPI-CC0F0E50ABC	GLS2	0.01	0.0	0.0	0.0	0.0	0.0	0.0	0.0	0.0	0.0	0.0	0.0	0.0	0.0	0.0	0.0	0.0	0.0	0.0	0.0	0.014	0.0	0.0	0.0	0.0	0.0	0.0	0.0	0.0	0.0	0.0	0.0
GLS2	Q9UI32	True	GLSL_HUMAN	Glutamate_byGLS2_and_SLC17A7	CPI-CC0AA96E404	GLS2	0.01	0.0	0.0	0.0	0.0	0.0	0.0	0.0	0.0	0.0	0.0	0.0	0.0	0.0	0.0	0.0	0.0	0.0	0.0	0.0	0.014	0.0	0.0	0.0	0.0	0.0	0.0	0.0	0.0	0.0	0.0	0.0
GLS2	Q9UI32	True	GLSL_HUMAN	Glutamate_byGLS2_and_SLC17A7	CPI-CS059F4ED23	GLS2	0.01	0.0	0.0	0.0	0.0	0.0	0.0	0.0	0.0	0.0	0.0	0.0	0.0	0.0	0.0	0.0	0.0	0.0	0.0	0.0	0.014	0.0	0.0	0.0	0.0	0.0	0.0	0.0	0.0	0.0	0.0	0.0
GLS2	Q9UI32	True	GLSL_HUMAN	Glutamate_byGLS2_and_SLC17A7	CPI-CS0EC77FC9C	GLS2	0.01	0.0	0.0	0.0	0.0	0.0	0.0	0.0	0.0	0.0	0.0	0.0	0.0	0.0	0.0	0.0	0.0	0.0	0.0	0.0	0.014	0.0	0.0	0.0	0.0	0.0	0.0	0.0	0.0	0.0	0.0	0.0
GLS2	Q9UI32	True	GLSL_HUMAN	Glutamate_byGLS2_and_SLC17A7	CPI-CS0AE7F1FB9	GLS2	0.01	0.0	0.0	0.0	0.0	0.0	0.0	0.0	0.0	0.0	0.0	0.0	0.0	0.0	0.0	0.0	0.0	0.0	0.0	0.0	0.014	0.0	0.0	0.0	0.0	0.0	0.0	0.0	0.0	0.0	0.0	0.0
GLS2	Q9UI32	True	GLSL_HUMAN	Glutamate_byGLS2_and_SLC17A7	CPI-CS09CFDCF78	GLS2	0.01	0.0	0.0	0.0	0.0	0.0	0.0	0.0	0.0	0.0	0.0	0.0	0.0	0.0	0.0	0.0	0.0	0.0	0.0	0.0	0.014	0.0	0.0	0.0	0.0	0.0	0.0	0.0	0.0	0.0	0.0	0.0
GLS2	Q9UI32	True	GLSL_HUMAN	Glutamate_byGLS2_and_SLC17A7	CPI-CS0BA5C6CCB	GLS2	0.01	0.0	0.0	0.0	0.0	0.0	0.0	0.0	0.0	0.0	0.0	0.0	0.0	0.0	0.0	0.0	0.0	0.0	0.0	0.0	0.014	0.0	0.0	0.0	0.0	0.0	0.0	0.0	0.0	0.0	0.0	0.0
GLS2	Q9UI32	True	GLSL_HUMAN	Glutamate_byGLS2_and_SLC17A7	CPI-CS0EC6271ED	GLS2	0.01	0.0	0.0	0.0	0.0	0.0	0.0	0.0	0.0	0.0	0.0	0.0	0.0	0.0	0.0	0.0	0.0	0.0	0.0	0.0	0.014	0.0	0.0	0.0	0.0	0.0	0.0	0.0	0.0	0.0	0.0	0.0
GLS2	Q9UI32	True	GLSL_HUMAN	Glutamate_byGLS2_and_SLC17A7	CPI-CS004BB0890	GLS2	0.01	0.0	0.0	0.0	0.0	0.0	0.0	0.0	0.0	0.0	0.0	0.0	0.0	0.0	0.0	0.0	0.0	0.0	0.0	0.0	0.014	0.0	0.0	0.0	0.0	0.0	0.0	0.0	0.0	0.0	0.0	0.0
GLS2	Q9UI32	True	GLSL_HUMAN	Glutamate_byGLS2_and_SLC17A7	CPI-CS00A95D069	GLS2	0.01	0.0	0.0	0.0	0.0	0.0	0.0	0.0	0.0	0.0	0.0	0.0	0.0	0.0	0.0	0.0	0.0	0.0	0.0	0.0	0.014	0.0	0.0	0.0	0.0	0.0	0.0	0.0	0.0	0.0	0.0	0.0
SLC1A1	P43005	True	EAA3_HUMAN	Glutamate_byGLS2_and_SLC1A1	CPI-CS0933776AC	SLC1A1	0.01	0.0	0.0	0.0	0.0	0.0	0.0	0.0	0.0	0.0	0.038	0.0	0.0	0.0	0.0	0.0	0.0	0.0	0.0	0.0	0.014	0.0	0.0	0.0	0.0	0.0	0.0	0.0	0.024	0.0	0.0	0.0
SLC1A1	P43005	True	EAA3_HUMAN	Glutamate_byGLS2_and_SLC1A1	CPI-CS0E5DBD27E	SLC1A1	0.01	0.0	0.0	0.0	0.0	0.0	0.0	0.0	0.0	0.0	0.038	0.0	0.0	0.0	0.0	0.0	0.0	0.0	0.0	0.0	0.014	0.0	0.0	0.0	0.0	0.0	0.0	0.0	0.024	0.0	0.0	0.0
SLC1A1	P43005	True	EAA3_HUMAN	Glutamate_byGLS2_and_SLC1A1	CPI-CS0899E9304	SLC1A1	0.01	0.0	0.0	0.0	0.0	0.0	0.0	0.0	0.0	0.0	0.038	0.0	0.0	0.0	0.0	0.0	0.0	0.0	0.0	0.0	0.014	0.0	0.0	0.0	0.0	0.0	0.0	0.0	0.024	0.0	0.0	0.0
SLC1A1	P43005	True	EAA3_HUMAN	Glutamate_byGLS2_and_SLC1A1	CPI-CS06451E34A	SLC1A1	0.01	0.0	0.0	0.0	0.0	0.0	0.0	0.0	0.0	0.0	0.038	0.0	0.0	0.0	0.0	0.0	0.0	0.0	0.0	0.0	0.014	0.0	0.0	0.0	0.0	0.0	0.0	0.0	0.024	0.0	0.0	0.0
SLC1A1	P43005	True	EAA3_HUMAN	Glutamate_byGLS2_and_SLC1A1	CPI-CS0DD8D3E0E	SLC1A1	0.01	0.0	0.0	0.0	0.0	0.0	0.0	0.0	0.0	0.0	0.038	0.0	0.0	0.0	0.0	0.0	0.0	0.0	0.0	0.0	0.014	0.0	0.0	0.0	0.0	0.0	0.0	0.0	0.024	0.0	0.0	0.0
SLC1A1	P43005	True	EAA3_HUMAN	Glutamate_byGLS2_and_SLC1A1	CPI-CC007CF847B	SLC1A1	0.01	0.0	0.0	0.0	0.0	0.0	0.0	0.0	0.0	0.0	0.038	0.0	0.0	0.0	0.0	0.0	0.0	0.0	0.0	0.0	0.014	0.0	0.0	0.0	0.0	0.0	0.0	0.0	0.024	0.0	0.0	0.0
SLC1A1	P43005	True	EAA3_HUMAN	Glutamate_byGLS2_and_SLC1A1	CPI-CC08EE84AE8	SLC1A1	0.01	0.0	0.0	0.0	0.0	0.0	0.0	0.0	0.0	0.0	0.038	0.0	0.0	0.0	0.0	0.0	0.0	0.0	0.0	0.0	0.014	0.0	0.0	0.0	0.0	0.0	0.0	0.0	0.024	0.0	0.0	0.0
SLC1A1	P43005	True	EAA3_HUMAN	Glutamate_byGLS2_and_SLC1A1	CPI-CS048A34709	SLC1A1	0.01	0.0	0.0	0.0	0.0	0.0	0.0	0.0	0.0	0.0	0.038	0.0	0.0	0.0	0.0	0.0	0.0	0.0	0.0	0.0	0.014	0.0	0.0	0.0	0.0	0.0	0.0	0.0	0.024	0.0	0.0	0.0
SLC1A1	P43005	True	EAA3_HUMAN	Glutamate_byGLS2_and_SLC1A1	CPI-CC05A802EBC	SLC1A1	0.01	0.0	0.0	0.0	0.0	0.0	0.0	0.0	0.0	0.0	0.038	0.0	0.0	0.0	0.0	0.0	0.0	0.0	0.0	0.0	0.014	0.0	0.0	0.0	0.0	0.0	0.0	0.0	0.024	0.0	0.0	0.0
SLC1A1	P43005	True	EAA3_HUMAN	Glutamate_byGLS2_and_SLC1A1	CPI-CC086C2B918	SLC1A1	0.01	0.0	0.0	0.0	0.0	0.0	0.0	0.0	0.0	0.0	0.038	0.0	0.0	0.0	0.0	0.0	0.0	0.0	0.0	0.0	0.014	0.0	0.0	0.0	0.0	0.0	0.0	0.0	0.024	0.0	0.0	0.0
SLC1A1	P43005	True	EAA3_HUMAN	Glutamate_byGLS2_and_SLC1A1	CPI-CS01D65FEFD	SLC1A1	0.01	0.0	0.0	0.0	0.0	0.0	0.0	0.0	0.0	0.0	0.038	0.0	0.0	0.0	0.0	0.0	0.0	0.0	0.0	0.0	0.014	0.0	0.0	0.0	0.0	0.0	0.0	0.0	0.024	0.0	0.0	0.0
SLC1A1	P43005	True	EAA3_HUMAN	Glutamate_byGLS2_and_SLC1A1	CPI-CC0160048A0	SLC1A1	0.01	0.0	0.0	0.0	0.0	0.0	0.0	0.0	0.0	0.0	0.038	0.0	0.0	0.0	0.0	0.0	0.0	0.0	0.0	0.0	0.014	0.0	0.0	0.0	0.0	0.0	0.0	0.0	0.024	0.0	0.0	0.0
SLC1A1	P43005	True	EAA3_HUMAN	Glutamate_byGLS2_and_SLC1A1	CPI-CC0E8B3C37F	SLC1A1	0.01	0.0	0.0	0.0	0.0	0.0	0.0	0.0	0.0	0.0	0.038	0.0	0.0	0.0	0.0	0.0	0.0	0.0	0.0	0.0	0.014	0.0	0.0	0.0	0.0	0.0	0.0	0.0	0.024	0.0	0.0	0.0
SLC1A1	P43005	True	EAA3_HUMAN	Glutamate_byGLS2_and_SLC1A1	CPI-CC072B222EE	SLC1A1	0.01	0.0	0.0	0.0	0.0	0.0	0.0	0.0	0.0	0.0	0.038	0.0	0.0	0.0	0.0	0.0	0.0	0.0	0.0	0.0	0.014	0.0	0.0	0.0	0.0	0.0	0.0	0.0	0.024	0.0	0.0	0.0
SLC1A1	P43005	True	EAA3_HUMAN	Glutamate_byGLS2_and_SLC1A1	CPI-CC01F565028	SLC1A1	0.01	0.0	0.0	0.0	0.0	0.0	0.0	0.0	0.0	0.0	0.038	0.0	0.0	0.0	0.0	0.0	0.0	0.0	0.0	0.0	0.014	0.0	0.0	0.0	0.0	0.0	0.0	0.0	0.024	0.0	0.0	0.0
SLC1A1	P43005	True	EAA3_HUMAN	Glutamate_byGLS2_and_SLC1A1	CPI-CC01F8CA118	SLC1A1	0.01	0.0	0.0	0.0	0.0	0.0	0.0	0.0	0.0	0.0	0.038	0.0	0.0	0.0	0.0	0.0	0.0	0.0	0.0	0.0	0.014	0.0	0.0	0.0	0.0	0.0	0.0	0.0	0.024	0.0	0.0	0.0
SLC1A1	P43005	True	EAA3_HUMAN	Glutamate_byGLS2_and_SLC1A1	CPI-CC07C08B2DE	SLC1A1	0.01	0.0	0.0	0.0	0.0	0.0	0.0	0.0	0.0	0.0	0.038	0.0	0.0	0.0	0.0	0.0	0.0	0.0	0.0	0.0	0.014	0.0	0.0	0.0	0.0	0.0	0.0	0.0	0.024	0.0	0.0	0.0
SLC1A1	P43005	True	EAA3_HUMAN	Glutamate_byGLS2_and_SLC1A1	CPI-CS089C871BA	SLC1A1	0.01	0.0	0.0	0.0	0.0	0.0	0.0	0.0	0.0	0.0	0.038	0.0	0.0	0.0	0.0	0.0	0.0	0.0	0.0	0.0	0.014	0.0	0.0	0.0	0.0	0.0	0.0	0.0	0.024	0.0	0.0	0.0
SLC1A1	P43005	True	EAA3_HUMAN	Glutamate_byGLS2_and_SLC1A1	CPI-CS0286AF8D6	SLC1A1	0.01	0.0	0.0	0.0	0.0	0.0	0.0	0.0	0.0	0.0	0.038	0.0	0.0	0.0	0.0	0.0	0.0	0.0	0.0	0.0	0.014	0.0	0.0	0.0	0.0	0.0	0.0	0.0	0.024	0.0	0.0	0.0
SLC1A1	P43005	True	EAA3_HUMAN	Glutamate_byGLS2_and_SLC1A1	CPI-CS081D8412E	SLC1A1	0.01	0.0	0.0	0.0	0.0	0.0	0.0	0.0	0.0	0.0	0.038	0.0	0.0	0.0	0.0	0.0	0.0	0.0	0.0	0.0	0.014	0.0	0.0	0.0	0.0	0.0	0.0	0.0	0.024	0.0	0.0	0.0
SLC1A1	P43005	True	EAA3_HUMAN	Glutamate_byGLS2_and_SLC1A1	CPI-CS0041BE443	SLC1A1	0.01	0.0	0.0	0.0	0.0	0.0	0.0	0.0	0.0	0.0	0.038	0.0	0.0	0.0	0.0	0.0	0.0	0.0	0.0	0.0	0.014	0.0	0.0	0.0	0.0	0.0	0.0	0.0	0.024	0.0	0.0	0.0
SLC1A1	P43005	True	EAA3_HUMAN	Glutamate_byGLS2_and_SLC1A1	CPI-CS05B11F2F4	SLC1A1	0.01	0.0	0.0	0.0	0.0	0.0	0.0	0.0	0.0	0.0	0.038	0.0	0.0	0.0	0.0	0.0	0.0	0.0	0.0	0.0	0.014	0.0	0.0	0.0	0.0	0.0	0.0	0.0	0.024	0.0	0.0	0.0
SLC1A1	P43005	True	EAA3_HUMAN	Glutamate_byGLS2_and_SLC1A1	CPI-CS05610B89F	SLC1A1	0.01	0.0	0.0	0.0	0.0	0.0	0.0	0.0	0.0	0.0	0.038	0.0	0.0	0.0	0.0	0.0	0.0	0.0	0.0	0.0	0.014	0.0	0.0	0.0	0.0	0.0	0.0	0.0	0.024	0.0	0.0	0.0
SLC1A1	P43005	True	EAA3_HUMAN	Glutamate_byGLS2_and_SLC1A1	CPI-CS00061350E	SLC1A1	0.01	0.0	0.0	0.0	0.0	0.0	0.0	0.0	0.0	0.0	0.038	0.0	0.0	0.0	0.0	0.0	0.0	0.0	0.0	0.0	0.014	0.0	0.0	0.0	0.0	0.0	0.0	0.0	0.024	0.0	0.0	0.0
SLC1A1	P43005	True	EAA3_HUMAN	Glutamate_byGLS2_and_SLC1A1	CPI-CS0A14FBC54	SLC1A1	0.01	0.0	0.0	0.0	0.0	0.0	0.0	0.0	0.0	0.0	0.038	0.0	0.0	0.0	0.0	0.0	0.0	0.0	0.0	0.0	0.014	0.0	0.0	0.0	0.0	0.0	0.0	0.0	0.024	0.0	0.0	0.0
GLS2	Q9UI32	True	GLSL_HUMAN	Glutamate_byGLS2_and_SLC1A1	CPI-CS0933776AC	GLS2	0.01	0.0	0.0	0.0	0.0	0.0	0.0	0.0	0.0	0.0	0.038	0.0	0.0	0.0	0.0	0.0	0.0	0.0	0.0	0.0	0.014	0.0	0.0	0.0	0.0	0.0	0.0	0.0	0.024	0.0	0.0	0.0
GLS2	Q9UI32	True	GLSL_HUMAN	Glutamate_byGLS2_and_SLC1A1	CPI-CS0E5DBD27E	GLS2	0.01	0.0	0.0	0.0	0.0	0.0	0.0	0.0	0.0	0.0	0.038	0.0	0.0	0.0	0.0	0.0	0.0	0.0	0.0	0.0	0.014	0.0	0.0	0.0	0.0	0.0	0.0	0.0	0.024	0.0	0.0	0.0
GLS2	Q9UI32	True	GLSL_HUMAN	Glutamate_byGLS2_and_SLC1A1	CPI-CS0899E9304	GLS2	0.01	0.0	0.0	0.0	0.0	0.0	0.0	0.0	0.0	0.0	0.038	0.0	0.0	0.0	0.0	0.0	0.0	0.0	0.0	0.0	0.014	0.0	0.0	0.0	0.0	0.0	0.0	0.0	0.024	0.0	0.0	0.0
GLS2	Q9UI32	True	GLSL_HUMAN	Glutamate_byGLS2_and_SLC1A1	CPI-CS06451E34A	GLS2	0.01	0.0	0.0	0.0	0.0	0.0	0.0	0.0	0.0	0.0	0.038	0.0	0.0	0.0	0.0	0.0	0.0	0.0	0.0	0.0	0.014	0.0	0.0	0.0	0.0	0.0	0.0	0.0	0.024	0.0	0.0	0.0
GLS2	Q9UI32	True	GLSL_HUMAN	Glutamate_byGLS2_and_SLC1A1	CPI-CS0DD8D3E0E	GLS2	0.01	0.0	0.0	0.0	0.0	0.0	0.0	0.0	0.0	0.0	0.038	0.0	0.0	0.0	0.0	0.0	0.0	0.0	0.0	0.0	0.014	0.0	0.0	0.0	0.0	0.0	0.0	0.0	0.024	0.0	0.0	0.0
GLS2	Q9UI32	True	GLSL_HUMAN	Glutamate_byGLS2_and_SLC1A1	CPI-CC007CF847B	GLS2	0.01	0.0	0.0	0.0	0.0	0.0	0.0	0.0	0.0	0.0	0.038	0.0	0.0	0.0	0.0	0.0	0.0	0.0	0.0	0.0	0.014	0.0	0.0	0.0	0.0	0.0	0.0	0.0	0.024	0.0	0.0	0.0
GLS2	Q9UI32	True	GLSL_HUMAN	Glutamate_byGLS2_and_SLC1A1	CPI-CC08EE84AE8	GLS2	0.01	0.0	0.0	0.0	0.0	0.0	0.0	0.0	0.0	0.0	0.038	0.0	0.0	0.0	0.0	0.0	0.0	0.0	0.0	0.0	0.014	0.0	0.0	0.0	0.0	0.0	0.0	0.0	0.024	0.0	0.0	0.0
GLS2	Q9UI32	True	GLSL_HUMAN	Glutamate_byGLS2_and_SLC1A1	CPI-CS048A34709	GLS2	0.01	0.0	0.0	0.0	0.0	0.0	0.0	0.0	0.0	0.0	0.038	0.0	0.0	0.0	0.0	0.0	0.0	0.0	0.0	0.0	0.014	0.0	0.0	0.0	0.0	0.0	0.0	0.0	0.024	0.0	0.0	0.0
GLS2	Q9UI32	True	GLSL_HUMAN	Glutamate_byGLS2_and_SLC1A1	CPI-CC05A802EBC	GLS2	0.01	0.0	0.0	0.0	0.0	0.0	0.0	0.0	0.0	0.0	0.038	0.0	0.0	0.0	0.0	0.0	0.0	0.0	0.0	0.0	0.014	0.0	0.0	0.0	0.0	0.0	0.0	0.0	0.024	0.0	0.0	0.0
GLS2	Q9UI32	True	GLSL_HUMAN	Glutamate_byGLS2_and_SLC1A1	CPI-CC086C2B918	GLS2	0.01	0.0	0.0	0.0	0.0	0.0	0.0	0.0	0.0	0.0	0.038	0.0	0.0	0.0	0.0	0.0	0.0	0.0	0.0	0.0	0.014	0.0	0.0	0.0	0.0	0.0	0.0	0.0	0.024	0.0	0.0	0.0
GLS2	Q9UI32	True	GLSL_HUMAN	Glutamate_byGLS2_and_SLC1A1	CPI-CS01D65FEFD	GLS2	0.01	0.0	0.0	0.0	0.0	0.0	0.0	0.0	0.0	0.0	0.038	0.0	0.0	0.0	0.0	0.0	0.0	0.0	0.0	0.0	0.014	0.0	0.0	0.0	0.0	0.0	0.0	0.0	0.024	0.0	0.0	0.0
GLS2	Q9UI32	True	GLSL_HUMAN	Glutamate_byGLS2_and_SLC1A1	CPI-CC0160048A0	GLS2	0.01	0.0	0.0	0.0	0.0	0.0	0.0	0.0	0.0	0.0	0.038	0.0	0.0	0.0	0.0	0.0	0.0	0.0	0.0	0.0	0.014	0.0	0.0	0.0	0.0	0.0	0.0	0.0	0.024	0.0	0.0	0.0
GLS2	Q9UI32	True	GLSL_HUMAN	Glutamate_byGLS2_and_SLC1A1	CPI-CC0E8B3C37F	GLS2	0.01	0.0	0.0	0.0	0.0	0.0	0.0	0.0	0.0	0.0	0.038	0.0	0.0	0.0	0.0	0.0	0.0	0.0	0.0	0.0	0.014	0.0	0.0	0.0	0.0	0.0	0.0	0.0	0.024	0.0	0.0	0.0
GLS2	Q9UI32	True	GLSL_HUMAN	Glutamate_byGLS2_and_SLC1A1	CPI-CC072B222EE	GLS2	0.01	0.0	0.0	0.0	0.0	0.0	0.0	0.0	0.0	0.0	0.038	0.0	0.0	0.0	0.0	0.0	0.0	0.0	0.0	0.0	0.014	0.0	0.0	0.0	0.0	0.0	0.0	0.0	0.024	0.0	0.0	0.0
GLS2	Q9UI32	True	GLSL_HUMAN	Glutamate_byGLS2_and_SLC1A1	CPI-CC01F565028	GLS2	0.01	0.0	0.0	0.0	0.0	0.0	0.0	0.0	0.0	0.0	0.038	0.0	0.0	0.0	0.0	0.0	0.0	0.0	0.0	0.0	0.014	0.0	0.0	0.0	0.0	0.0	0.0	0.0	0.024	0.0	0.0	0.0
GLS2	Q9UI32	True	GLSL_HUMAN	Glutamate_byGLS2_and_SLC1A1	CPI-CC01F8CA118	GLS2	0.01	0.0	0.0	0.0	0.0	0.0	0.0	0.0	0.0	0.0	0.038	0.0	0.0	0.0	0.0	0.0	0.0	0.0	0.0	0.0	0.014	0.0	0.0	0.0	0.0	0.0	0.0	0.0	0.024	0.0	0.0	0.0
GLS2	Q9UI32	True	GLSL_HUMAN	Glutamate_byGLS2_and_SLC1A1	CPI-CC07C08B2DE	GLS2	0.01	0.0	0.0	0.0	0.0	0.0	0.0	0.0	0.0	0.0	0.038	0.0	0.0	0.0	0.0	0.0	0.0	0.0	0.0	0.0	0.014	0.0	0.0	0.0	0.0	0.0	0.0	0.0	0.024	0.0	0.0	0.0
GLS2	Q9UI32	True	GLSL_HUMAN	Glutamate_byGLS2_and_SLC1A1	CPI-CS089C871BA	GLS2	0.01	0.0	0.0	0.0	0.0	0.0	0.0	0.0	0.0	0.0	0.038	0.0	0.0	0.0	0.0	0.0	0.0	0.0	0.0	0.0	0.014	0.0	0.0	0.0	0.0	0.0	0.0	0.0	0.024	0.0	0.0	0.0
GLS2	Q9UI32	True	GLSL_HUMAN	Glutamate_byGLS2_and_SLC1A1	CPI-CS0286AF8D6	GLS2	0.01	0.0	0.0	0.0	0.0	0.0	0.0	0.0	0.0	0.0	0.038	0.0	0.0	0.0	0.0	0.0	0.0	0.0	0.0	0.0	0.014	0.0	0.0	0.0	0.0	0.0	0.0	0.0	0.024	0.0	0.0	0.0
GLS2	Q9UI32	True	GLSL_HUMAN	Glutamate_byGLS2_and_SLC1A1	CPI-CS081D8412E	GLS2	0.01	0.0	0.0	0.0	0.0	0.0	0.0	0.0	0.0	0.0	0.038	0.0	0.0	0.0	0.0	0.0	0.0	0.0	0.0	0.0	0.014	0.0	0.0	0.0	0.0	0.0	0.0	0.0	0.024	0.0	0.0	0.0
GLS2	Q9UI32	True	GLSL_HUMAN	Glutamate_byGLS2_and_SLC1A1	CPI-CS0041BE443	GLS2	0.01	0.0	0.0	0.0	0.0	0.0	0.0	0.0	0.0	0.0	0.038	0.0	0.0	0.0	0.0	0.0	0.0	0.0	0.0	0.0	0.014	0.0	0.0	0.0	0.0	0.0	0.0	0.0	0.024	0.0	0.0	0.0
GLS2	Q9UI32	True	GLSL_HUMAN	Glutamate_byGLS2_and_SLC1A1	CPI-CS05B11F2F4	GLS2	0.01	0.0	0.0	0.0	0.0	0.0	0.0	0.0	0.0	0.0	0.038	0.0	0.0	0.0	0.0	0.0	0.0	0.0	0.0	0.0	0.014	0.0	0.0	0.0	0.0	0.0	0.0	0.0	0.024	0.0	0.0	0.0
GLS2	Q9UI32	True	GLSL_HUMAN	Glutamate_byGLS2_and_SLC1A1	CPI-CS05610B89F	GLS2	0.01	0.0	0.0	0.0	0.0	0.0	0.0	0.0	0.0	0.0	0.038	0.0	0.0	0.0	0.0	0.0	0.0	0.0	0.0	0.0	0.014	0.0	0.0	0.0	0.0	0.0	0.0	0.0	0.024	0.0	0.0	0.0
GLS2	Q9UI32	True	GLSL_HUMAN	Glutamate_byGLS2_and_SLC1A1	CPI-CS00061350E	GLS2	0.01	0.0	0.0	0.0	0.0	0.0	0.0	0.0	0.0	0.0	0.038	0.0	0.0	0.0	0.0	0.0	0.0	0.0	0.0	0.0	0.014	0.0	0.0	0.0	0.0	0.0	0.0	0.0	0.024	0.0	0.0	0.0
GLS2	Q9UI32	True	GLSL_HUMAN	Glutamate_byGLS2_and_SLC1A1	CPI-CS0A14FBC54	GLS2	0.01	0.0	0.0	0.0	0.0	0.0	0.0	0.0	0.0	0.0	0.038	0.0	0.0	0.0	0.0	0.0	0.0	0.0	0.0	0.0	0.014	0.0	0.0	0.0	0.0	0.0	0.0	0.0	0.024	0.0	0.0	0.0
SLC1A3	P43003	True	EAA1_HUMAN	Glutamate_byGLS2_and_SLC1A3	CPI-CS02435169C	SLC1A3	0.0	0.0	0.0	0.0	0.0	0.0	0.0	0.0	0.0	0.0	0.0	0.0	0.0	0.0	0.0	0.0	0.0	0.0	0.0	0.0	0.0	0.0	0.0	0.0	0.0	0.0	0.0	0.0	0.0	0.0	0.0	0.0
SLC1A3	P43003	True	EAA1_HUMAN	Glutamate_byGLS2_and_SLC1A3	CPI-CS0D028DAA4	SLC1A3	0.0	0.0	0.0	0.0	0.0	0.0	0.0	0.0	0.0	0.0	0.0	0.0	0.0	0.0	0.0	0.0	0.0	0.0	0.0	0.0	0.0	0.0	0.0	0.0	0.0	0.0	0.0	0.0	0.0	0.0	0.0	0.0
SLC1A3	P43003	True	EAA1_HUMAN	Glutamate_byGLS2_and_SLC1A3	CPI-CS008389A89	SLC1A3	0.0	0.0	0.0	0.0	0.0	0.0	0.0	0.0	0.0	0.0	0.0	0.0	0.0	0.0	0.0	0.0	0.0	0.0	0.0	0.0	0.0	0.0	0.0	0.0	0.0	0.0	0.0	0.0	0.0	0.0	0.0	0.0
SLC1A3	P43003	True	EAA1_HUMAN	Glutamate_byGLS2_and_SLC1A3	CPI-CS0B4B01B4B	SLC1A3	0.0	0.0	0.0	0.0	0.0	0.0	0.0	0.0	0.0	0.0	0.0	0.0	0.0	0.0	0.0	0.0	0.0	0.0	0.0	0.0	0.0	0.0	0.0	0.0	0.0	0.0	0.0	0.0	0.0	0.0	0.0	0.0
SLC1A3	P43003	True	EAA1_HUMAN	Glutamate_byGLS2_and_SLC1A3	CPI-CS0484FC19B	SLC1A3	0.0	0.0	0.0	0.0	0.0	0.0	0.0	0.0	0.0	0.0	0.0	0.0	0.0	0.0	0.0	0.0	0.0	0.0	0.0	0.0	0.0	0.0	0.0	0.0	0.0	0.0	0.0	0.0	0.0	0.0	0.0	0.0
SLC1A3	P43003	True	EAA1_HUMAN	Glutamate_byGLS2_and_SLC1A3	CPI-CC07909859C	SLC1A3	0.0	0.0	0.0	0.0	0.0	0.0	0.0	0.0	0.0	0.0	0.0	0.0	0.0	0.0	0.0	0.0	0.0	0.0	0.0	0.0	0.0	0.0	0.0	0.0	0.0	0.0	0.0	0.0	0.0	0.0	0.0	0.0
SLC1A3	P43003	True	EAA1_HUMAN	Glutamate_byGLS2_and_SLC1A3	CPI-CC0A8308C2C	SLC1A3	0.0	0.0	0.0	0.0	0.0	0.0	0.0	0.0	0.0	0.0	0.0	0.0	0.0	0.0	0.0	0.0	0.0	0.0	0.0	0.0	0.0	0.0	0.0	0.0	0.0	0.0	0.0	0.0	0.0	0.0	0.0	0.0
SLC1A3	P43003	True	EAA1_HUMAN	Glutamate_byGLS2_and_SLC1A3	CPI-CS00E19754C	SLC1A3	0.0	0.0	0.0	0.0	0.0	0.0	0.0	0.0	0.0	0.0	0.0	0.0	0.0	0.0	0.0	0.0	0.0	0.0	0.0	0.0	0.0	0.0	0.0	0.0	0.0	0.0	0.0	0.0	0.0	0.0	0.0	0.0
SLC1A3	P43003	True	EAA1_HUMAN	Glutamate_byGLS2_and_SLC1A3	CPI-CC00CFD9E84	SLC1A3	0.0	0.0	0.0	0.0	0.0	0.0	0.0	0.0	0.0	0.0	0.0	0.0	0.0	0.0	0.0	0.0	0.0	0.0	0.0	0.0	0.0	0.0	0.0	0.0	0.0	0.0	0.0	0.0	0.0	0.0	0.0	0.0
SLC1A3	P43003	True	EAA1_HUMAN	Glutamate_byGLS2_and_SLC1A3	CPI-CC0B415175C	SLC1A3	0.0	0.0	0.0	0.0	0.0	0.0	0.0	0.0	0.0	0.0	0.0	0.0	0.0	0.0	0.0	0.0	0.0	0.0	0.0	0.0	0.0	0.0	0.0	0.0	0.0	0.0	0.0	0.0	0.0	0.0	0.0	0.0
SLC1A3	P43003	True	EAA1_HUMAN	Glutamate_byGLS2_and_SLC1A3	CPI-CS06F474F5A	SLC1A3	0.0	0.0	0.0	0.0	0.0	0.0	0.0	0.0	0.0	0.0	0.0	0.0	0.0	0.0	0.0	0.0	0.0	0.0	0.0	0.0	0.0	0.0	0.0	0.0	0.0	0.0	0.0	0.0	0.0	0.0	0.0	0.0
SLC1A3	P43003	True	EAA1_HUMAN	Glutamate_byGLS2_and_SLC1A3	CPI-CC0C33FB78E	SLC1A3	0.0	0.0	0.0	0.0	0.0	0.0	0.0	0.0	0.0	0.0	0.0	0.0	0.0	0.0	0.0	0.0	0.0	0.0	0.0	0.0	0.0	0.0	0.0	0.0	0.0	0.0	0.0	0.0	0.0	0.0	0.0	0.0
SLC1A3	P43003	True	EAA1_HUMAN	Glutamate_byGLS2_and_SLC1A3	CPI-CC00605BE5F	SLC1A3	0.0	0.0	0.0	0.0	0.0	0.0	0.0	0.0	0.0	0.0	0.0	0.0	0.0	0.0	0.0	0.0	0.0	0.0	0.0	0.0	0.0	0.0	0.0	0.0	0.0	0.0	0.0	0.0	0.0	0.0	0.0	0.0
SLC1A3	P43003	True	EAA1_HUMAN	Glutamate_byGLS2_and_SLC1A3	CPI-CC01CD69B71	SLC1A3	0.0	0.0	0.0	0.0	0.0	0.0	0.0	0.0	0.0	0.0	0.0	0.0	0.0	0.0	0.0	0.0	0.0	0.0	0.0	0.0	0.0	0.0	0.0	0.0	0.0	0.0	0.0	0.0	0.0	0.0	0.0	0.0
SLC1A3	P43003	True	EAA1_HUMAN	Glutamate_byGLS2_and_SLC1A3	CPI-CC09EB70913	SLC1A3	0.0	0.0	0.0	0.0	0.0	0.0	0.0	0.0	0.0	0.0	0.0	0.0	0.0	0.0	0.0	0.0	0.0	0.0	0.0	0.0	0.0	0.0	0.0	0.0	0.0	0.0	0.0	0.0	0.0	0.0	0.0	0.0
SLC1A3	P43003	True	EAA1_HUMAN	Glutamate_byGLS2_and_SLC1A3	CPI-CC0BB3C6CB3	SLC1A3	0.0	0.0	0.0	0.0	0.0	0.0	0.0	0.0	0.0	0.0	0.0	0.0	0.0	0.0	0.0	0.0	0.0	0.0	0.0	0.0	0.0	0.0	0.0	0.0	0.0	0.0	0.0	0.0	0.0	0.0	0.0	0.0
SLC1A3	P43003	True	EAA1_HUMAN	Glutamate_byGLS2_and_SLC1A3	CPI-CC01E49D97E	SLC1A3	0.0	0.0	0.0	0.0	0.0	0.0	0.0	0.0	0.0	0.0	0.0	0.0	0.0	0.0	0.0	0.0	0.0	0.0	0.0	0.0	0.0	0.0	0.0	0.0	0.0	0.0	0.0	0.0	0.0	0.0	0.0	0.0
SLC1A3	P43003	True	EAA1_HUMAN	Glutamate_byGLS2_and_SLC1A3	CPI-CS09CF4D275	SLC1A3	0.0	0.0	0.0	0.0	0.0	0.0	0.0	0.0	0.0	0.0	0.0	0.0	0.0	0.0	0.0	0.0	0.0	0.0	0.0	0.0	0.0	0.0	0.0	0.0	0.0	0.0	0.0	0.0	0.0	0.0	0.0	0.0
SLC1A3	P43003	True	EAA1_HUMAN	Glutamate_byGLS2_and_SLC1A3	CPI-CS07C63C8BC	SLC1A3	0.0	0.0	0.0	0.0	0.0	0.0	0.0	0.0	0.0	0.0	0.0	0.0	0.0	0.0	0.0	0.0	0.0	0.0	0.0	0.0	0.0	0.0	0.0	0.0	0.0	0.0	0.0	0.0	0.0	0.0	0.0	0.0
SLC1A3	P43003	True	EAA1_HUMAN	Glutamate_byGLS2_and_SLC1A3	CPI-CS05D1E58B4	SLC1A3	0.0	0.0	0.0	0.0	0.0	0.0	0.0	0.0	0.0	0.0	0.0	0.0	0.0	0.0	0.0	0.0	0.0	0.0	0.0	0.0	0.0	0.0	0.0	0.0	0.0	0.0	0.0	0.0	0.0	0.0	0.0	0.0
SLC1A3	P43003	True	EAA1_HUMAN	Glutamate_byGLS2_and_SLC1A3	CPI-CS0591372DE	SLC1A3	0.0	0.0	0.0	0.0	0.0	0.0	0.0	0.0	0.0	0.0	0.0	0.0	0.0	0.0	0.0	0.0	0.0	0.0	0.0	0.0	0.0	0.0	0.0	0.0	0.0	0.0	0.0	0.0	0.0	0.0	0.0	0.0
SLC1A3	P43003	True	EAA1_HUMAN	Glutamate_byGLS2_and_SLC1A3	CPI-CS03D684E7D	SLC1A3	0.0	0.0	0.0	0.0	0.0	0.0	0.0	0.0	0.0	0.0	0.0	0.0	0.0	0.0	0.0	0.0	0.0	0.0	0.0	0.0	0.0	0.0	0.0	0.0	0.0	0.0	0.0	0.0	0.0	0.0	0.0	0.0
SLC1A3	P43003	True	EAA1_HUMAN	Glutamate_byGLS2_and_SLC1A3	CPI-CS09698412B	SLC1A3	0.0	0.0	0.0	0.0	0.0	0.0	0.0	0.0	0.0	0.0	0.0	0.0	0.0	0.0	0.0	0.0	0.0	0.0	0.0	0.0	0.0	0.0	0.0	0.0	0.0	0.0	0.0	0.0	0.0	0.0	0.0	0.0
SLC1A3	P43003	True	EAA1_HUMAN	Glutamate_byGLS2_and_SLC1A3	CPI-CS0EFE72F4B	SLC1A3	0.0	0.0	0.0	0.0	0.0	0.0	0.0	0.0	0.0	0.0	0.0	0.0	0.0	0.0	0.0	0.0	0.0	0.0	0.0	0.0	0.0	0.0	0.0	0.0	0.0	0.0	0.0	0.0	0.0	0.0	0.0	0.0
SLC1A3	P43003	True	EAA1_HUMAN	Glutamate_byGLS2_and_SLC1A3	CPI-CS0947C60AA	SLC1A3	0.0	0.0	0.0	0.0	0.0	0.0	0.0	0.0	0.0	0.0	0.0	0.0	0.0	0.0	0.0	0.0	0.0	0.0	0.0	0.0	0.0	0.0	0.0	0.0	0.0	0.0	0.0	0.0	0.0	0.0	0.0	0.0
GLS2	Q9UI32	True	GLSL_HUMAN	Glutamate_byGLS2_and_SLC1A3	CPI-CS02435169C	GLS2	0.0	0.0	0.0	0.0	0.0	0.0	0.0	0.0	0.0	0.0	0.0	0.0	0.0	0.0	0.0	0.0	0.0	0.0	0.0	0.0	0.0	0.0	0.0	0.0	0.0	0.0	0.0	0.0	0.0	0.0	0.0	0.0
GLS2	Q9UI32	True	GLSL_HUMAN	Glutamate_byGLS2_and_SLC1A3	CPI-CS0D028DAA4	GLS2	0.0	0.0	0.0	0.0	0.0	0.0	0.0	0.0	0.0	0.0	0.0	0.0	0.0	0.0	0.0	0.0	0.0	0.0	0.0	0.0	0.0	0.0	0.0	0.0	0.0	0.0	0.0	0.0	0.0	0.0	0.0	0.0
GLS2	Q9UI32	True	GLSL_HUMAN	Glutamate_byGLS2_and_SLC1A3	CPI-CS008389A89	GLS2	0.0	0.0	0.0	0.0	0.0	0.0	0.0	0.0	0.0	0.0	0.0	0.0	0.0	0.0	0.0	0.0	0.0	0.0	0.0	0.0	0.0	0.0	0.0	0.0	0.0	0.0	0.0	0.0	0.0	0.0	0.0	0.0
GLS2	Q9UI32	True	GLSL_HUMAN	Glutamate_byGLS2_and_SLC1A3	CPI-CS0B4B01B4B	GLS2	0.0	0.0	0.0	0.0	0.0	0.0	0.0	0.0	0.0	0.0	0.0	0.0	0.0	0.0	0.0	0.0	0.0	0.0	0.0	0.0	0.0	0.0	0.0	0.0	0.0	0.0	0.0	0.0	0.0	0.0	0.0	0.0
GLS2	Q9UI32	True	GLSL_HUMAN	Glutamate_byGLS2_and_SLC1A3	CPI-CS0484FC19B	GLS2	0.0	0.0	0.0	0.0	0.0	0.0	0.0	0.0	0.0	0.0	0.0	0.0	0.0	0.0	0.0	0.0	0.0	0.0	0.0	0.0	0.0	0.0	0.0	0.0	0.0	0.0	0.0	0.0	0.0	0.0	0.0	0.0
GLS2	Q9UI32	True	GLSL_HUMAN	Glutamate_byGLS2_and_SLC1A3	CPI-CC07909859C	GLS2	0.0	0.0	0.0	0.0	0.0	0.0	0.0	0.0	0.0	0.0	0.0	0.0	0.0	0.0	0.0	0.0	0.0	0.0	0.0	0.0	0.0	0.0	0.0	0.0	0.0	0.0	0.0	0.0	0.0	0.0	0.0	0.0
GLS2	Q9UI32	True	GLSL_HUMAN	Glutamate_byGLS2_and_SLC1A3	CPI-CC0A8308C2C	GLS2	0.0	0.0	0.0	0.0	0.0	0.0	0.0	0.0	0.0	0.0	0.0	0.0	0.0	0.0	0.0	0.0	0.0	0.0	0.0	0.0	0.0	0.0	0.0	0.0	0.0	0.0	0.0	0.0	0.0	0.0	0.0	0.0
GLS2	Q9UI32	True	GLSL_HUMAN	Glutamate_byGLS2_and_SLC1A3	CPI-CS00E19754C	GLS2	0.0	0.0	0.0	0.0	0.0	0.0	0.0	0.0	0.0	0.0	0.0	0.0	0.0	0.0	0.0	0.0	0.0	0.0	0.0	0.0	0.0	0.0	0.0	0.0	0.0	0.0	0.0	0.0	0.0	0.0	0.0	0.0
GLS2	Q9UI32	True	GLSL_HUMAN	Glutamate_byGLS2_and_SLC1A3	CPI-CC00CFD9E84	GLS2	0.0	0.0	0.0	0.0	0.0	0.0	0.0	0.0	0.0	0.0	0.0	0.0	0.0	0.0	0.0	0.0	0.0	0.0	0.0	0.0	0.0	0.0	0.0	0.0	0.0	0.0	0.0	0.0	0.0	0.0	0.0	0.0
GLS2	Q9UI32	True	GLSL_HUMAN	Glutamate_byGLS2_and_SLC1A3	CPI-CC0B415175C	GLS2	0.0	0.0	0.0	0.0	0.0	0.0	0.0	0.0	0.0	0.0	0.0	0.0	0.0	0.0	0.0	0.0	0.0	0.0	0.0	0.0	0.0	0.0	0.0	0.0	0.0	0.0	0.0	0.0	0.0	0.0	0.0	0.0
GLS2	Q9UI32	True	GLSL_HUMAN	Glutamate_byGLS2_and_SLC1A3	CPI-CS06F474F5A	GLS2	0.0	0.0	0.0	0.0	0.0	0.0	0.0	0.0	0.0	0.0	0.0	0.0	0.0	0.0	0.0	0.0	0.0	0.0	0.0	0.0	0.0	0.0	0.0	0.0	0.0	0.0	0.0	0.0	0.0	0.0	0.0	0.0
GLS2	Q9UI32	True	GLSL_HUMAN	Glutamate_byGLS2_and_SLC1A3	CPI-CC0C33FB78E	GLS2	0.0	0.0	0.0	0.0	0.0	0.0	0.0	0.0	0.0	0.0	0.0	0.0	0.0	0.0	0.0	0.0	0.0	0.0	0.0	0.0	0.0	0.0	0.0	0.0	0.0	0.0	0.0	0.0	0.0	0.0	0.0	0.0
GLS2	Q9UI32	True	GLSL_HUMAN	Glutamate_byGLS2_and_SLC1A3	CPI-CC00605BE5F	GLS2	0.0	0.0	0.0	0.0	0.0	0.0	0.0	0.0	0.0	0.0	0.0	0.0	0.0	0.0	0.0	0.0	0.0	0.0	0.0	0.0	0.0	0.0	0.0	0.0	0.0	0.0	0.0	0.0	0.0	0.0	0.0	0.0
GLS2	Q9UI32	True	GLSL_HUMAN	Glutamate_byGLS2_and_SLC1A3	CPI-CC01CD69B71	GLS2	0.0	0.0	0.0	0.0	0.0	0.0	0.0	0.0	0.0	0.0	0.0	0.0	0.0	0.0	0.0	0.0	0.0	0.0	0.0	0.0	0.0	0.0	0.0	0.0	0.0	0.0	0.0	0.0	0.0	0.0	0.0	0.0
GLS2	Q9UI32	True	GLSL_HUMAN	Glutamate_byGLS2_and_SLC1A3	CPI-CC09EB70913	GLS2	0.0	0.0	0.0	0.0	0.0	0.0	0.0	0.0	0.0	0.0	0.0	0.0	0.0	0.0	0.0	0.0	0.0	0.0	0.0	0.0	0.0	0.0	0.0	0.0	0.0	0.0	0.0	0.0	0.0	0.0	0.0	0.0
GLS2	Q9UI32	True	GLSL_HUMAN	Glutamate_byGLS2_and_SLC1A3	CPI-CC0BB3C6CB3	GLS2	0.0	0.0	0.0	0.0	0.0	0.0	0.0	0.0	0.0	0.0	0.0	0.0	0.0	0.0	0.0	0.0	0.0	0.0	0.0	0.0	0.0	0.0	0.0	0.0	0.0	0.0	0.0	0.0	0.0	0.0	0.0	0.0
GLS2	Q9UI32	True	GLSL_HUMAN	Glutamate_byGLS2_and_SLC1A3	CPI-CC01E49D97E	GLS2	0.0	0.0	0.0	0.0	0.0	0.0	0.0	0.0	0.0	0.0	0.0	0.0	0.0	0.0	0.0	0.0	0.0	0.0	0.0	0.0	0.0	0.0	0.0	0.0	0.0	0.0	0.0	0.0	0.0	0.0	0.0	0.0
GLS2	Q9UI32	True	GLSL_HUMAN	Glutamate_byGLS2_and_SLC1A3	CPI-CS09CF4D275	GLS2	0.0	0.0	0.0	0.0	0.0	0.0	0.0	0.0	0.0	0.0	0.0	0.0	0.0	0.0	0.0	0.0	0.0	0.0	0.0	0.0	0.0	0.0	0.0	0.0	0.0	0.0	0.0	0.0	0.0	0.0	0.0	0.0
GLS2	Q9UI32	True	GLSL_HUMAN	Glutamate_byGLS2_and_SLC1A3	CPI-CS07C63C8BC	GLS2	0.0	0.0	0.0	0.0	0.0	0.0	0.0	0.0	0.0	0.0	0.0	0.0	0.0	0.0	0.0	0.0	0.0	0.0	0.0	0.0	0.0	0.0	0.0	0.0	0.0	0.0	0.0	0.0	0.0	0.0	0.0	0.0
GLS2	Q9UI32	True	GLSL_HUMAN	Glutamate_byGLS2_and_SLC1A3	CPI-CS05D1E58B4	GLS2	0.0	0.0	0.0	0.0	0.0	0.0	0.0	0.0	0.0	0.0	0.0	0.0	0.0	0.0	0.0	0.0	0.0	0.0	0.0	0.0	0.0	0.0	0.0	0.0	0.0	0.0	0.0	0.0	0.0	0.0	0.0	0.0
GLS2	Q9UI32	True	GLSL_HUMAN	Glutamate_byGLS2_and_SLC1A3	CPI-CS0591372DE	GLS2	0.0	0.0	0.0	0.0	0.0	0.0	0.0	0.0	0.0	0.0	0.0	0.0	0.0	0.0	0.0	0.0	0.0	0.0	0.0	0.0	0.0	0.0	0.0	0.0	0.0	0.0	0.0	0.0	0.0	0.0	0.0	0.0
GLS2	Q9UI32	True	GLSL_HUMAN	Glutamate_byGLS2_and_SLC1A3	CPI-CS03D684E7D	GLS2	0.0	0.0	0.0	0.0	0.0	0.0	0.0	0.0	0.0	0.0	0.0	0.0	0.0	0.0	0.0	0.0	0.0	0.0	0.0	0.0	0.0	0.0	0.0	0.0	0.0	0.0	0.0	0.0	0.0	0.0	0.0	0.0
GLS2	Q9UI32	True	GLSL_HUMAN	Glutamate_byGLS2_and_SLC1A3	CPI-CS09698412B	GLS2	0.0	0.0	0.0	0.0	0.0	0.0	0.0	0.0	0.0	0.0	0.0	0.0	0.0	0.0	0.0	0.0	0.0	0.0	0.0	0.0	0.0	0.0	0.0	0.0	0.0	0.0	0.0	0.0	0.0	0.0	0.0	0.0
GLS2	Q9UI32	True	GLSL_HUMAN	Glutamate_byGLS2_and_SLC1A3	CPI-CS0EFE72F4B	GLS2	0.0	0.0	0.0	0.0	0.0	0.0	0.0	0.0	0.0	0.0	0.0	0.0	0.0	0.0	0.0	0.0	0.0	0.0	0.0	0.0	0.0	0.0	0.0	0.0	0.0	0.0	0.0	0.0	0.0	0.0	0.0	0.0
GLS2	Q9UI32	True	GLSL_HUMAN	Glutamate_byGLS2_and_SLC1A3	CPI-CS0947C60AA	GLS2	0.0	0.0	0.0	0.0	0.0	0.0	0.0	0.0	0.0	0.0	0.0	0.0	0.0	0.0	0.0	0.0	0.0	0.0	0.0	0.0	0.0	0.0	0.0	0.0	0.0	0.0	0.0	0.0	0.0	0.0	0.0	0.0
SLC1A6	P48664	True	EAA4_HUMAN	Glutamate_byGLS2_and_SLC1A6	CPI-CS0C04EA74D	SLC1A6	0.01	0.0	0.0	0.0	0.0	0.0	0.0	0.0	0.0	0.0	0.0	0.0	0.0	0.0	0.0	0.0	0.0	0.0	0.0	0.0	0.0	0.0	0.0	0.0	0.0	0.0	0.0	0.0	0.024	0.0	0.0	0.0
SLC1A6	P48664	True	EAA4_HUMAN	Glutamate_byGLS2_and_SLC1A6	CPI-CS096A4BF1B	SLC1A6	0.01	0.0	0.0	0.0	0.0	0.0	0.0	0.0	0.0	0.0	0.0	0.0	0.0	0.0	0.0	0.0	0.0	0.0	0.0	0.0	0.0	0.0	0.0	0.0	0.0	0.0	0.0	0.0	0.024	0.0	0.0	0.0
SLC1A6	P48664	True	EAA4_HUMAN	Glutamate_byGLS2_and_SLC1A6	CPI-CS0F46608E1	SLC1A6	0.01	0.0	0.0	0.0	0.0	0.0	0.0	0.0	0.0	0.0	0.0	0.0	0.0	0.0	0.0	0.0	0.0	0.0	0.0	0.0	0.0	0.0	0.0	0.0	0.0	0.0	0.0	0.0	0.024	0.0	0.0	0.0
SLC1A6	P48664	True	EAA4_HUMAN	Glutamate_byGLS2_and_SLC1A6	CPI-CS013047C58	SLC1A6	0.01	0.0	0.0	0.0	0.0	0.0	0.0	0.0	0.0	0.0	0.0	0.0	0.0	0.0	0.0	0.0	0.0	0.0	0.0	0.0	0.0	0.0	0.0	0.0	0.0	0.0	0.0	0.0	0.024	0.0	0.0	0.0
SLC1A6	P48664	True	EAA4_HUMAN	Glutamate_byGLS2_and_SLC1A6	CPI-CS03EEE6D2D	SLC1A6	0.01	0.0	0.0	0.0	0.0	0.0	0.0	0.0	0.0	0.0	0.0	0.0	0.0	0.0	0.0	0.0	0.0	0.0	0.0	0.0	0.0	0.0	0.0	0.0	0.0	0.0	0.0	0.0	0.024	0.0	0.0	0.0
SLC1A6	P48664	True	EAA4_HUMAN	Glutamate_byGLS2_and_SLC1A6	CPI-CC01450B2FA	SLC1A6	0.01	0.0	0.0	0.0	0.0	0.0	0.0	0.0	0.0	0.0	0.0	0.0	0.0	0.0	0.0	0.0	0.0	0.0	0.0	0.0	0.0	0.0	0.0	0.0	0.0	0.0	0.0	0.0	0.024	0.0	0.0	0.0
SLC1A6	P48664	True	EAA4_HUMAN	Glutamate_byGLS2_and_SLC1A6	CPI-CC0C4BEF4C8	SLC1A6	0.01	0.0	0.0	0.0	0.0	0.0	0.0	0.0	0.0	0.0	0.0	0.0	0.0	0.0	0.0	0.0	0.0	0.0	0.0	0.0	0.0	0.0	0.0	0.0	0.0	0.0	0.0	0.0	0.024	0.0	0.0	0.0
SLC1A6	P48664	True	EAA4_HUMAN	Glutamate_byGLS2_and_SLC1A6	CPI-CS0D9BFD8AF	SLC1A6	0.01	0.0	0.0	0.0	0.0	0.0	0.0	0.0	0.0	0.0	0.0	0.0	0.0	0.0	0.0	0.0	0.0	0.0	0.0	0.0	0.0	0.0	0.0	0.0	0.0	0.0	0.0	0.0	0.024	0.0	0.0	0.0
SLC1A6	P48664	True	EAA4_HUMAN	Glutamate_byGLS2_and_SLC1A6	CPI-CC0ACDCA68F	SLC1A6	0.01	0.0	0.0	0.0	0.0	0.0	0.0	0.0	0.0	0.0	0.0	0.0	0.0	0.0	0.0	0.0	0.0	0.0	0.0	0.0	0.0	0.0	0.0	0.0	0.0	0.0	0.0	0.0	0.024	0.0	0.0	0.0
SLC1A6	P48664	True	EAA4_HUMAN	Glutamate_byGLS2_and_SLC1A6	CPI-CC0FF085B8B	SLC1A6	0.01	0.0	0.0	0.0	0.0	0.0	0.0	0.0	0.0	0.0	0.0	0.0	0.0	0.0	0.0	0.0	0.0	0.0	0.0	0.0	0.0	0.0	0.0	0.0	0.0	0.0	0.0	0.0	0.024	0.0	0.0	0.0
SLC1A6	P48664	True	EAA4_HUMAN	Glutamate_byGLS2_and_SLC1A6	CPI-CS0A195F101	SLC1A6	0.01	0.0	0.0	0.0	0.0	0.0	0.0	0.0	0.0	0.0	0.0	0.0	0.0	0.0	0.0	0.0	0.0	0.0	0.0	0.0	0.0	0.0	0.0	0.0	0.0	0.0	0.0	0.0	0.024	0.0	0.0	0.0
SLC1A6	P48664	True	EAA4_HUMAN	Glutamate_byGLS2_and_SLC1A6	CPI-CC00939F2D1	SLC1A6	0.01	0.0	0.0	0.0	0.0	0.0	0.0	0.0	0.0	0.0	0.0	0.0	0.0	0.0	0.0	0.0	0.0	0.0	0.0	0.0	0.0	0.0	0.0	0.0	0.0	0.0	0.0	0.0	0.024	0.0	0.0	0.0
SLC1A6	P48664	True	EAA4_HUMAN	Glutamate_byGLS2_and_SLC1A6	CPI-CC0567FF312	SLC1A6	0.01	0.0	0.0	0.0	0.0	0.0	0.0	0.0	0.0	0.0	0.0	0.0	0.0	0.0	0.0	0.0	0.0	0.0	0.0	0.0	0.0	0.0	0.0	0.0	0.0	0.0	0.0	0.0	0.024	0.0	0.0	0.0
SLC1A6	P48664	True	EAA4_HUMAN	Glutamate_byGLS2_and_SLC1A6	CPI-CC064FD0FE9	SLC1A6	0.01	0.0	0.0	0.0	0.0	0.0	0.0	0.0	0.0	0.0	0.0	0.0	0.0	0.0	0.0	0.0	0.0	0.0	0.0	0.0	0.0	0.0	0.0	0.0	0.0	0.0	0.0	0.0	0.024	0.0	0.0	0.0
SLC1A6	P48664	True	EAA4_HUMAN	Glutamate_byGLS2_and_SLC1A6	CPI-CC04A0FDD1C	SLC1A6	0.01	0.0	0.0	0.0	0.0	0.0	0.0	0.0	0.0	0.0	0.0	0.0	0.0	0.0	0.0	0.0	0.0	0.0	0.0	0.0	0.0	0.0	0.0	0.0	0.0	0.0	0.0	0.0	0.024	0.0	0.0	0.0
SLC1A6	P48664	True	EAA4_HUMAN	Glutamate_byGLS2_and_SLC1A6	CPI-CC00F5F0266	SLC1A6	0.01	0.0	0.0	0.0	0.0	0.0	0.0	0.0	0.0	0.0	0.0	0.0	0.0	0.0	0.0	0.0	0.0	0.0	0.0	0.0	0.0	0.0	0.0	0.0	0.0	0.0	0.0	0.0	0.024	0.0	0.0	0.0
SLC1A6	P48664	True	EAA4_HUMAN	Glutamate_byGLS2_and_SLC1A6	CPI-CC00BFD8B11	SLC1A6	0.01	0.0	0.0	0.0	0.0	0.0	0.0	0.0	0.0	0.0	0.0	0.0	0.0	0.0	0.0	0.0	0.0	0.0	0.0	0.0	0.0	0.0	0.0	0.0	0.0	0.0	0.0	0.0	0.024	0.0	0.0	0.0
SLC1A6	P48664	True	EAA4_HUMAN	Glutamate_byGLS2_and_SLC1A6	CPI-CS0C7C7DD02	SLC1A6	0.01	0.0	0.0	0.0	0.0	0.0	0.0	0.0	0.0	0.0	0.0	0.0	0.0	0.0	0.0	0.0	0.0	0.0	0.0	0.0	0.0	0.0	0.0	0.0	0.0	0.0	0.0	0.0	0.024	0.0	0.0	0.0
SLC1A6	P48664	True	EAA4_HUMAN	Glutamate_byGLS2_and_SLC1A6	CPI-CS0BC3D8A73	SLC1A6	0.01	0.0	0.0	0.0	0.0	0.0	0.0	0.0	0.0	0.0	0.0	0.0	0.0	0.0	0.0	0.0	0.0	0.0	0.0	0.0	0.0	0.0	0.0	0.0	0.0	0.0	0.0	0.0	0.024	0.0	0.0	0.0
SLC1A6	P48664	True	EAA4_HUMAN	Glutamate_byGLS2_and_SLC1A6	CPI-CS0554D19E3	SLC1A6	0.01	0.0	0.0	0.0	0.0	0.0	0.0	0.0	0.0	0.0	0.0	0.0	0.0	0.0	0.0	0.0	0.0	0.0	0.0	0.0	0.0	0.0	0.0	0.0	0.0	0.0	0.0	0.0	0.024	0.0	0.0	0.0
SLC1A6	P48664	True	EAA4_HUMAN	Glutamate_byGLS2_and_SLC1A6	CPI-CS0DB067721	SLC1A6	0.01	0.0	0.0	0.0	0.0	0.0	0.0	0.0	0.0	0.0	0.0	0.0	0.0	0.0	0.0	0.0	0.0	0.0	0.0	0.0	0.0	0.0	0.0	0.0	0.0	0.0	0.0	0.0	0.024	0.0	0.0	0.0
SLC1A6	P48664	True	EAA4_HUMAN	Glutamate_byGLS2_and_SLC1A6	CPI-CS0F106270D	SLC1A6	0.01	0.0	0.0	0.0	0.0	0.0	0.0	0.0	0.0	0.0	0.0	0.0	0.0	0.0	0.0	0.0	0.0	0.0	0.0	0.0	0.0	0.0	0.0	0.0	0.0	0.0	0.0	0.0	0.024	0.0	0.0	0.0
SLC1A6	P48664	True	EAA4_HUMAN	Glutamate_byGLS2_and_SLC1A6	CPI-CS0764E52B3	SLC1A6	0.01	0.0	0.0	0.0	0.0	0.0	0.0	0.0	0.0	0.0	0.0	0.0	0.0	0.0	0.0	0.0	0.0	0.0	0.0	0.0	0.0	0.0	0.0	0.0	0.0	0.0	0.0	0.0	0.024	0.0	0.0	0.0
SLC1A6	P48664	True	EAA4_HUMAN	Glutamate_byGLS2_and_SLC1A6	CPI-CS09E87611A	SLC1A6	0.01	0.0	0.0	0.0	0.0	0.0	0.0	0.0	0.0	0.0	0.0	0.0	0.0	0.0	0.0	0.0	0.0	0.0	0.0	0.0	0.0	0.0	0.0	0.0	0.0	0.0	0.0	0.0	0.024	0.0	0.0	0.0
SLC1A6	P48664	True	EAA4_HUMAN	Glutamate_byGLS2_and_SLC1A6	CPI-CS0270ABC42	SLC1A6	0.01	0.0	0.0	0.0	0.0	0.0	0.0	0.0	0.0	0.0	0.0	0.0	0.0	0.0	0.0	0.0	0.0	0.0	0.0	0.0	0.0	0.0	0.0	0.0	0.0	0.0	0.0	0.0	0.024	0.0	0.0	0.0
GLS2	Q9UI32	True	GLSL_HUMAN	Glutamate_byGLS2_and_SLC1A6	CPI-CS0C04EA74D	GLS2	0.01	0.0	0.0	0.0	0.0	0.0	0.0	0.0	0.0	0.0	0.0	0.0	0.0	0.0	0.0	0.0	0.0	0.0	0.0	0.0	0.0	0.0	0.0	0.0	0.0	0.0	0.0	0.0	0.024	0.0	0.0	0.0
GLS2	Q9UI32	True	GLSL_HUMAN	Glutamate_byGLS2_and_SLC1A6	CPI-CS096A4BF1B	GLS2	0.01	0.0	0.0	0.0	0.0	0.0	0.0	0.0	0.0	0.0	0.0	0.0	0.0	0.0	0.0	0.0	0.0	0.0	0.0	0.0	0.0	0.0	0.0	0.0	0.0	0.0	0.0	0.0	0.024	0.0	0.0	0.0
GLS2	Q9UI32	True	GLSL_HUMAN	Glutamate_byGLS2_and_SLC1A6	CPI-CS0F46608E1	GLS2	0.01	0.0	0.0	0.0	0.0	0.0	0.0	0.0	0.0	0.0	0.0	0.0	0.0	0.0	0.0	0.0	0.0	0.0	0.0	0.0	0.0	0.0	0.0	0.0	0.0	0.0	0.0	0.0	0.024	0.0	0.0	0.0
GLS2	Q9UI32	True	GLSL_HUMAN	Glutamate_byGLS2_and_SLC1A6	CPI-CS013047C58	GLS2	0.01	0.0	0.0	0.0	0.0	0.0	0.0	0.0	0.0	0.0	0.0	0.0	0.0	0.0	0.0	0.0	0.0	0.0	0.0	0.0	0.0	0.0	0.0	0.0	0.0	0.0	0.0	0.0	0.024	0.0	0.0	0.0
GLS2	Q9UI32	True	GLSL_HUMAN	Glutamate_byGLS2_and_SLC1A6	CPI-CS03EEE6D2D	GLS2	0.01	0.0	0.0	0.0	0.0	0.0	0.0	0.0	0.0	0.0	0.0	0.0	0.0	0.0	0.0	0.0	0.0	0.0	0.0	0.0	0.0	0.0	0.0	0.0	0.0	0.0	0.0	0.0	0.024	0.0	0.0	0.0
GLS2	Q9UI32	True	GLSL_HUMAN	Glutamate_byGLS2_and_SLC1A6	CPI-CC01450B2FA	GLS2	0.01	0.0	0.0	0.0	0.0	0.0	0.0	0.0	0.0	0.0	0.0	0.0	0.0	0.0	0.0	0.0	0.0	0.0	0.0	0.0	0.0	0.0	0.0	0.0	0.0	0.0	0.0	0.0	0.024	0.0	0.0	0.0
GLS2	Q9UI32	True	GLSL_HUMAN	Glutamate_byGLS2_and_SLC1A6	CPI-CC0C4BEF4C8	GLS2	0.01	0.0	0.0	0.0	0.0	0.0	0.0	0.0	0.0	0.0	0.0	0.0	0.0	0.0	0.0	0.0	0.0	0.0	0.0	0.0	0.0	0.0	0.0	0.0	0.0	0.0	0.0	0.0	0.024	0.0	0.0	0.0
GLS2	Q9UI32	True	GLSL_HUMAN	Glutamate_byGLS2_and_SLC1A6	CPI-CS0D9BFD8AF	GLS2	0.01	0.0	0.0	0.0	0.0	0.0	0.0	0.0	0.0	0.0	0.0	0.0	0.0	0.0	0.0	0.0	0.0	0.0	0.0	0.0	0.0	0.0	0.0	0.0	0.0	0.0	0.0	0.0	0.024	0.0	0.0	0.0
GLS2	Q9UI32	True	GLSL_HUMAN	Glutamate_byGLS2_and_SLC1A6	CPI-CC0ACDCA68F	GLS2	0.01	0.0	0.0	0.0	0.0	0.0	0.0	0.0	0.0	0.0	0.0	0.0	0.0	0.0	0.0	0.0	0.0	0.0	0.0	0.0	0.0	0.0	0.0	0.0	0.0	0.0	0.0	0.0	0.024	0.0	0.0	0.0
GLS2	Q9UI32	True	GLSL_HUMAN	Glutamate_byGLS2_and_SLC1A6	CPI-CC0FF085B8B	GLS2	0.01	0.0	0.0	0.0	0.0	0.0	0.0	0.0	0.0	0.0	0.0	0.0	0.0	0.0	0.0	0.0	0.0	0.0	0.0	0.0	0.0	0.0	0.0	0.0	0.0	0.0	0.0	0.0	0.024	0.0	0.0	0.0
GLS2	Q9UI32	True	GLSL_HUMAN	Glutamate_byGLS2_and_SLC1A6	CPI-CS0A195F101	GLS2	0.01	0.0	0.0	0.0	0.0	0.0	0.0	0.0	0.0	0.0	0.0	0.0	0.0	0.0	0.0	0.0	0.0	0.0	0.0	0.0	0.0	0.0	0.0	0.0	0.0	0.0	0.0	0.0	0.024	0.0	0.0	0.0
GLS2	Q9UI32	True	GLSL_HUMAN	Glutamate_byGLS2_and_SLC1A6	CPI-CC00939F2D1	GLS2	0.01	0.0	0.0	0.0	0.0	0.0	0.0	0.0	0.0	0.0	0.0	0.0	0.0	0.0	0.0	0.0	0.0	0.0	0.0	0.0	0.0	0.0	0.0	0.0	0.0	0.0	0.0	0.0	0.024	0.0	0.0	0.0
GLS2	Q9UI32	True	GLSL_HUMAN	Glutamate_byGLS2_and_SLC1A6	CPI-CC0567FF312	GLS2	0.01	0.0	0.0	0.0	0.0	0.0	0.0	0.0	0.0	0.0	0.0	0.0	0.0	0.0	0.0	0.0	0.0	0.0	0.0	0.0	0.0	0.0	0.0	0.0	0.0	0.0	0.0	0.0	0.024	0.0	0.0	0.0
GLS2	Q9UI32	True	GLSL_HUMAN	Glutamate_byGLS2_and_SLC1A6	CPI-CC064FD0FE9	GLS2	0.01	0.0	0.0	0.0	0.0	0.0	0.0	0.0	0.0	0.0	0.0	0.0	0.0	0.0	0.0	0.0	0.0	0.0	0.0	0.0	0.0	0.0	0.0	0.0	0.0	0.0	0.0	0.0	0.024	0.0	0.0	0.0
GLS2	Q9UI32	True	GLSL_HUMAN	Glutamate_byGLS2_and_SLC1A6	CPI-CC04A0FDD1C	GLS2	0.01	0.0	0.0	0.0	0.0	0.0	0.0	0.0	0.0	0.0	0.0	0.0	0.0	0.0	0.0	0.0	0.0	0.0	0.0	0.0	0.0	0.0	0.0	0.0	0.0	0.0	0.0	0.0	0.024	0.0	0.0	0.0
GLS2	Q9UI32	True	GLSL_HUMAN	Glutamate_byGLS2_and_SLC1A6	CPI-CC00F5F0266	GLS2	0.01	0.0	0.0	0.0	0.0	0.0	0.0	0.0	0.0	0.0	0.0	0.0	0.0	0.0	0.0	0.0	0.0	0.0	0.0	0.0	0.0	0.0	0.0	0.0	0.0	0.0	0.0	0.0	0.024	0.0	0.0	0.0
GLS2	Q9UI32	True	GLSL_HUMAN	Glutamate_byGLS2_and_SLC1A6	CPI-CC00BFD8B11	GLS2	0.01	0.0	0.0	0.0	0.0	0.0	0.0	0.0	0.0	0.0	0.0	0.0	0.0	0.0	0.0	0.0	0.0	0.0	0.0	0.0	0.0	0.0	0.0	0.0	0.0	0.0	0.0	0.0	0.024	0.0	0.0	0.0
GLS2	Q9UI32	True	GLSL_HUMAN	Glutamate_byGLS2_and_SLC1A6	CPI-CS0C7C7DD02	GLS2	0.01	0.0	0.0	0.0	0.0	0.0	0.0	0.0	0.0	0.0	0.0	0.0	0.0	0.0	0.0	0.0	0.0	0.0	0.0	0.0	0.0	0.0	0.0	0.0	0.0	0.0	0.0	0.0	0.024	0.0	0.0	0.0
GLS2	Q9UI32	True	GLSL_HUMAN	Glutamate_byGLS2_and_SLC1A6	CPI-CS0BC3D8A73	GLS2	0.01	0.0	0.0	0.0	0.0	0.0	0.0	0.0	0.0	0.0	0.0	0.0	0.0	0.0	0.0	0.0	0.0	0.0	0.0	0.0	0.0	0.0	0.0	0.0	0.0	0.0	0.0	0.0	0.024	0.0	0.0	0.0
GLS2	Q9UI32	True	GLSL_HUMAN	Glutamate_byGLS2_and_SLC1A6	CPI-CS0554D19E3	GLS2	0.01	0.0	0.0	0.0	0.0	0.0	0.0	0.0	0.0	0.0	0.0	0.0	0.0	0.0	0.0	0.0	0.0	0.0	0.0	0.0	0.0	0.0	0.0	0.0	0.0	0.0	0.0	0.0	0.024	0.0	0.0	0.0
GLS2	Q9UI32	True	GLSL_HUMAN	Glutamate_byGLS2_and_SLC1A6	CPI-CS0DB067721	GLS2	0.01	0.0	0.0	0.0	0.0	0.0	0.0	0.0	0.0	0.0	0.0	0.0	0.0	0.0	0.0	0.0	0.0	0.0	0.0	0.0	0.0	0.0	0.0	0.0	0.0	0.0	0.0	0.0	0.024	0.0	0.0	0.0
GLS2	Q9UI32	True	GLSL_HUMAN	Glutamate_byGLS2_and_SLC1A6	CPI-CS0F106270D	GLS2	0.01	0.0	0.0	0.0	0.0	0.0	0.0	0.0	0.0	0.0	0.0	0.0	0.0	0.0	0.0	0.0	0.0	0.0	0.0	0.0	0.0	0.0	0.0	0.0	0.0	0.0	0.0	0.0	0.024	0.0	0.0	0.0
GLS2	Q9UI32	True	GLSL_HUMAN	Glutamate_byGLS2_and_SLC1A6	CPI-CS0764E52B3	GLS2	0.01	0.0	0.0	0.0	0.0	0.0	0.0	0.0	0.0	0.0	0.0	0.0	0.0	0.0	0.0	0.0	0.0	0.0	0.0	0.0	0.0	0.0	0.0	0.0	0.0	0.0	0.0	0.0	0.024	0.0	0.0	0.0
GLS2	Q9UI32	True	GLSL_HUMAN	Glutamate_byGLS2_and_SLC1A6	CPI-CS09E87611A	GLS2	0.01	0.0	0.0	0.0	0.0	0.0	0.0	0.0	0.0	0.0	0.0	0.0	0.0	0.0	0.0	0.0	0.0	0.0	0.0	0.0	0.0	0.0	0.0	0.0	0.0	0.0	0.0	0.0	0.024	0.0	0.0	0.0
GLS2	Q9UI32	True	GLSL_HUMAN	Glutamate_byGLS2_and_SLC1A6	CPI-CS0270ABC42	GLS2	0.01	0.0	0.0	0.0	0.0	0.0	0.0	0.0	0.0	0.0	0.0	0.0	0.0	0.0	0.0	0.0	0.0	0.0	0.0	0.0	0.0	0.0	0.0	0.0	0.0	0.0	0.0	0.0	0.024	0.0	0.0	0.0
SLC1A7	O00341	True	EAA5_HUMAN	Glutamate_byGLS2_and_SLC1A7	CPI-CS03168613A	SLC1A7	0.01	0.0	0.0	0.0	0.0	0.0	0.0	0.0	0.0	0.0	0.0	0.0	0.0	0.0	0.0	0.0	0.0	0.0	0.0	0.0	0.0	0.0	0.0	0.0	0.0	0.0	0.0	0.0	0.0	0.0	0.0	0.0
SLC1A7	O00341	True	EAA5_HUMAN	Glutamate_byGLS2_and_SLC1A7	CPI-CS094923202	SLC1A7	0.01	0.0	0.0	0.0	0.0	0.0	0.0	0.0	0.0	0.0	0.0	0.0	0.0	0.0	0.0	0.0	0.0	0.0	0.0	0.0	0.0	0.0	0.0	0.0	0.0	0.0	0.0	0.0	0.0	0.0	0.0	0.0
SLC1A7	O00341	True	EAA5_HUMAN	Glutamate_byGLS2_and_SLC1A7	CPI-CS0141EF49C	SLC1A7	0.01	0.0	0.0	0.0	0.0	0.0	0.0	0.0	0.0	0.0	0.0	0.0	0.0	0.0	0.0	0.0	0.0	0.0	0.0	0.0	0.0	0.0	0.0	0.0	0.0	0.0	0.0	0.0	0.0	0.0	0.0	0.0
SLC1A7	O00341	True	EAA5_HUMAN	Glutamate_byGLS2_and_SLC1A7	CPI-CS0E9B87C01	SLC1A7	0.01	0.0	0.0	0.0	0.0	0.0	0.0	0.0	0.0	0.0	0.0	0.0	0.0	0.0	0.0	0.0	0.0	0.0	0.0	0.0	0.0	0.0	0.0	0.0	0.0	0.0	0.0	0.0	0.0	0.0	0.0	0.0
SLC1A7	O00341	True	EAA5_HUMAN	Glutamate_byGLS2_and_SLC1A7	CPI-CS0A2ACA19B	SLC1A7	0.01	0.0	0.0	0.0	0.0	0.0	0.0	0.0	0.0	0.0	0.0	0.0	0.0	0.0	0.0	0.0	0.0	0.0	0.0	0.0	0.0	0.0	0.0	0.0	0.0	0.0	0.0	0.0	0.0	0.0	0.0	0.0
SLC1A7	O00341	True	EAA5_HUMAN	Glutamate_byGLS2_and_SLC1A7	CPI-CC0B16C9C23	SLC1A7	0.01	0.0	0.0	0.0	0.0	0.0	0.0	0.0	0.0	0.0	0.0	0.0	0.0	0.0	0.0	0.0	0.0	0.0	0.0	0.0	0.0	0.0	0.0	0.0	0.0	0.0	0.0	0.0	0.0	0.0	0.0	0.0
SLC1A7	O00341	True	EAA5_HUMAN	Glutamate_byGLS2_and_SLC1A7	CPI-CC0EDF3084D	SLC1A7	0.01	0.0	0.0	0.0	0.0	0.0	0.0	0.0	0.0	0.0	0.0	0.0	0.0	0.0	0.0	0.0	0.0	0.0	0.0	0.0	0.0	0.0	0.0	0.0	0.0	0.0	0.0	0.0	0.0	0.0	0.0	0.0
SLC1A7	O00341	True	EAA5_HUMAN	Glutamate_byGLS2_and_SLC1A7	CPI-CS0AA5F0945	SLC1A7	0.01	0.0	0.0	0.0	0.0	0.0	0.0	0.0	0.0	0.0	0.0	0.0	0.0	0.0	0.0	0.0	0.0	0.0	0.0	0.0	0.0	0.0	0.0	0.0	0.0	0.0	0.0	0.0	0.0	0.0	0.0	0.0
SLC1A7	O00341	True	EAA5_HUMAN	Glutamate_byGLS2_and_SLC1A7	CPI-CC01CE8AC41	SLC1A7	0.01	0.0	0.0	0.0	0.0	0.0	0.0	0.0	0.0	0.0	0.0	0.0	0.0	0.0	0.0	0.0	0.0	0.0	0.0	0.0	0.0	0.0	0.0	0.0	0.0	0.0	0.0	0.0	0.0	0.0	0.0	0.0
SLC1A7	O00341	True	EAA5_HUMAN	Glutamate_byGLS2_and_SLC1A7	CPI-CC038267193	SLC1A7	0.01	0.0	0.0	0.0	0.0	0.0	0.0	0.0	0.0	0.0	0.0	0.0	0.0	0.0	0.0	0.0	0.0	0.0	0.0	0.0	0.0	0.0	0.0	0.0	0.0	0.0	0.0	0.0	0.0	0.0	0.0	0.0
SLC1A7	O00341	True	EAA5_HUMAN	Glutamate_byGLS2_and_SLC1A7	CPI-CS0687D7002	SLC1A7	0.01	0.0	0.0	0.0	0.0	0.0	0.0	0.0	0.0	0.0	0.0	0.0	0.0	0.0	0.0	0.0	0.0	0.0	0.0	0.0	0.0	0.0	0.0	0.0	0.0	0.0	0.0	0.0	0.0	0.0	0.0	0.0
SLC1A7	O00341	True	EAA5_HUMAN	Glutamate_byGLS2_and_SLC1A7	CPI-CC02227FA06	SLC1A7	0.01	0.0	0.0	0.0	0.0	0.0	0.0	0.0	0.0	0.0	0.0	0.0	0.0	0.0	0.0	0.0	0.0	0.0	0.0	0.0	0.0	0.0	0.0	0.0	0.0	0.0	0.0	0.0	0.0	0.0	0.0	0.0
SLC1A7	O00341	True	EAA5_HUMAN	Glutamate_byGLS2_and_SLC1A7	CPI-CC015FAF28E	SLC1A7	0.01	0.0	0.0	0.0	0.0	0.0	0.0	0.0	0.0	0.0	0.0	0.0	0.0	0.0	0.0	0.0	0.0	0.0	0.0	0.0	0.0	0.0	0.0	0.0	0.0	0.0	0.0	0.0	0.0	0.0	0.0	0.0
SLC1A7	O00341	True	EAA5_HUMAN	Glutamate_byGLS2_and_SLC1A7	CPI-CC068956044	SLC1A7	0.01	0.0	0.0	0.0	0.0	0.0	0.0	0.0	0.0	0.0	0.0	0.0	0.0	0.0	0.0	0.0	0.0	0.0	0.0	0.0	0.0	0.0	0.0	0.0	0.0	0.0	0.0	0.0	0.0	0.0	0.0	0.0
SLC1A7	O00341	True	EAA5_HUMAN	Glutamate_byGLS2_and_SLC1A7	CPI-CC02DBB58E9	SLC1A7	0.01	0.0	0.0	0.0	0.0	0.0	0.0	0.0	0.0	0.0	0.0	0.0	0.0	0.0	0.0	0.0	0.0	0.0	0.0	0.0	0.0	0.0	0.0	0.0	0.0	0.0	0.0	0.0	0.0	0.0	0.0	0.0
SLC1A7	O00341	True	EAA5_HUMAN	Glutamate_byGLS2_and_SLC1A7	CPI-CC0F83E11EB	SLC1A7	0.01	0.0	0.0	0.0	0.0	0.0	0.0	0.0	0.0	0.0	0.0	0.0	0.0	0.0	0.0	0.0	0.0	0.0	0.0	0.0	0.0	0.0	0.0	0.0	0.0	0.0	0.0	0.0	0.0	0.0	0.0	0.0
SLC1A7	O00341	True	EAA5_HUMAN	Glutamate_byGLS2_and_SLC1A7	CPI-CC0D299DB74	SLC1A7	0.01	0.0	0.0	0.0	0.0	0.0	0.0	0.0	0.0	0.0	0.0	0.0	0.0	0.0	0.0	0.0	0.0	0.0	0.0	0.0	0.0	0.0	0.0	0.0	0.0	0.0	0.0	0.0	0.0	0.0	0.0	0.0
SLC1A7	O00341	True	EAA5_HUMAN	Glutamate_byGLS2_and_SLC1A7	CPI-CS0AF8F897B	SLC1A7	0.01	0.0	0.0	0.0	0.0	0.0	0.0	0.0	0.0	0.0	0.0	0.0	0.0	0.0	0.0	0.0	0.0	0.0	0.0	0.0	0.0	0.0	0.0	0.0	0.0	0.0	0.0	0.0	0.0	0.0	0.0	0.0
SLC1A7	O00341	True	EAA5_HUMAN	Glutamate_byGLS2_and_SLC1A7	CPI-CS0E5972156	SLC1A7	0.01	0.0	0.0	0.0	0.0	0.0	0.0	0.0	0.0	0.0	0.0	0.0	0.0	0.0	0.0	0.0	0.0	0.0	0.0	0.0	0.0	0.0	0.0	0.0	0.0	0.0	0.0	0.0	0.0	0.0	0.0	0.0
SLC1A7	O00341	True	EAA5_HUMAN	Glutamate_byGLS2_and_SLC1A7	CPI-CS0F4182DEF	SLC1A7	0.01	0.0	0.0	0.0	0.0	0.0	0.0	0.0	0.0	0.0	0.0	0.0	0.0	0.0	0.0	0.0	0.0	0.0	0.0	0.0	0.0	0.0	0.0	0.0	0.0	0.0	0.0	0.0	0.0	0.0	0.0	0.0
SLC1A7	O00341	True	EAA5_HUMAN	Glutamate_byGLS2_and_SLC1A7	CPI-CS071CB03F7	SLC1A7	0.01	0.0	0.0	0.0	0.0	0.0	0.0	0.0	0.0	0.0	0.0	0.0	0.0	0.0	0.0	0.0	0.0	0.0	0.0	0.0	0.0	0.0	0.0	0.0	0.0	0.0	0.0	0.0	0.0	0.0	0.0	0.0
SLC1A7	O00341	True	EAA5_HUMAN	Glutamate_byGLS2_and_SLC1A7	CPI-CS03B7CB71D	SLC1A7	0.01	0.0	0.0	0.0	0.0	0.0	0.0	0.0	0.0	0.0	0.0	0.0	0.0	0.0	0.0	0.0	0.0	0.0	0.0	0.0	0.0	0.0	0.0	0.0	0.0	0.0	0.0	0.0	0.0	0.0	0.0	0.0
SLC1A7	O00341	True	EAA5_HUMAN	Glutamate_byGLS2_and_SLC1A7	CPI-CS03DC684EF	SLC1A7	0.01	0.0	0.0	0.0	0.0	0.0	0.0	0.0	0.0	0.0	0.0	0.0	0.0	0.0	0.0	0.0	0.0	0.0	0.0	0.0	0.0	0.0	0.0	0.0	0.0	0.0	0.0	0.0	0.0	0.0	0.0	0.0
SLC1A7	O00341	True	EAA5_HUMAN	Glutamate_byGLS2_and_SLC1A7	CPI-CS083EC4342	SLC1A7	0.01	0.0	0.0	0.0	0.0	0.0	0.0	0.0	0.0	0.0	0.0	0.0	0.0	0.0	0.0	0.0	0.0	0.0	0.0	0.0	0.0	0.0	0.0	0.0	0.0	0.0	0.0	0.0	0.0	0.0	0.0	0.0
SLC1A7	O00341	True	EAA5_HUMAN	Glutamate_byGLS2_and_SLC1A7	CPI-CS0180815DB	SLC1A7	0.01	0.0	0.0	0.0	0.0	0.0	0.0	0.0	0.0	0.0	0.0	0.0	0.0	0.0	0.0	0.0	0.0	0.0	0.0	0.0	0.0	0.0	0.0	0.0	0.0	0.0	0.0	0.0	0.0	0.0	0.0	0.0
GLS2	Q9UI32	True	GLSL_HUMAN	Glutamate_byGLS2_and_SLC1A7	CPI-CS03168613A	GLS2	0.01	0.0	0.0	0.0	0.0	0.0	0.0	0.0	0.0	0.0	0.0	0.0	0.0	0.0	0.0	0.0	0.0	0.0	0.0	0.0	0.0	0.0	0.0	0.0	0.0	0.0	0.0	0.0	0.0	0.0	0.0	0.0
GLS2	Q9UI32	True	GLSL_HUMAN	Glutamate_byGLS2_and_SLC1A7	CPI-CS094923202	GLS2	0.01	0.0	0.0	0.0	0.0	0.0	0.0	0.0	0.0	0.0	0.0	0.0	0.0	0.0	0.0	0.0	0.0	0.0	0.0	0.0	0.0	0.0	0.0	0.0	0.0	0.0	0.0	0.0	0.0	0.0	0.0	0.0
GLS2	Q9UI32	True	GLSL_HUMAN	Glutamate_byGLS2_and_SLC1A7	CPI-CS0141EF49C	GLS2	0.01	0.0	0.0	0.0	0.0	0.0	0.0	0.0	0.0	0.0	0.0	0.0	0.0	0.0	0.0	0.0	0.0	0.0	0.0	0.0	0.0	0.0	0.0	0.0	0.0	0.0	0.0	0.0	0.0	0.0	0.0	0.0
GLS2	Q9UI32	True	GLSL_HUMAN	Glutamate_byGLS2_and_SLC1A7	CPI-CS0E9B87C01	GLS2	0.01	0.0	0.0	0.0	0.0	0.0	0.0	0.0	0.0	0.0	0.0	0.0	0.0	0.0	0.0	0.0	0.0	0.0	0.0	0.0	0.0	0.0	0.0	0.0	0.0	0.0	0.0	0.0	0.0	0.0	0.0	0.0
GLS2	Q9UI32	True	GLSL_HUMAN	Glutamate_byGLS2_and_SLC1A7	CPI-CS0A2ACA19B	GLS2	0.01	0.0	0.0	0.0	0.0	0.0	0.0	0.0	0.0	0.0	0.0	0.0	0.0	0.0	0.0	0.0	0.0	0.0	0.0	0.0	0.0	0.0	0.0	0.0	0.0	0.0	0.0	0.0	0.0	0.0	0.0	0.0
GLS2	Q9UI32	True	GLSL_HUMAN	Glutamate_byGLS2_and_SLC1A7	CPI-CC0B16C9C23	GLS2	0.01	0.0	0.0	0.0	0.0	0.0	0.0	0.0	0.0	0.0	0.0	0.0	0.0	0.0	0.0	0.0	0.0	0.0	0.0	0.0	0.0	0.0	0.0	0.0	0.0	0.0	0.0	0.0	0.0	0.0	0.0	0.0
GLS2	Q9UI32	True	GLSL_HUMAN	Glutamate_byGLS2_and_SLC1A7	CPI-CC0EDF3084D	GLS2	0.01	0.0	0.0	0.0	0.0	0.0	0.0	0.0	0.0	0.0	0.0	0.0	0.0	0.0	0.0	0.0	0.0	0.0	0.0	0.0	0.0	0.0	0.0	0.0	0.0	0.0	0.0	0.0	0.0	0.0	0.0	0.0
GLS2	Q9UI32	True	GLSL_HUMAN	Glutamate_byGLS2_and_SLC1A7	CPI-CS0AA5F0945	GLS2	0.01	0.0	0.0	0.0	0.0	0.0	0.0	0.0	0.0	0.0	0.0	0.0	0.0	0.0	0.0	0.0	0.0	0.0	0.0	0.0	0.0	0.0	0.0	0.0	0.0	0.0	0.0	0.0	0.0	0.0	0.0	0.0
GLS2	Q9UI32	True	GLSL_HUMAN	Glutamate_byGLS2_and_SLC1A7	CPI-CC01CE8AC41	GLS2	0.01	0.0	0.0	0.0	0.0	0.0	0.0	0.0	0.0	0.0	0.0	0.0	0.0	0.0	0.0	0.0	0.0	0.0	0.0	0.0	0.0	0.0	0.0	0.0	0.0	0.0	0.0	0.0	0.0	0.0	0.0	0.0
GLS2	Q9UI32	True	GLSL_HUMAN	Glutamate_byGLS2_and_SLC1A7	CPI-CC038267193	GLS2	0.01	0.0	0.0	0.0	0.0	0.0	0.0	0.0	0.0	0.0	0.0	0.0	0.0	0.0	0.0	0.0	0.0	0.0	0.0	0.0	0.0	0.0	0.0	0.0	0.0	0.0	0.0	0.0	0.0	0.0	0.0	0.0
GLS2	Q9UI32	True	GLSL_HUMAN	Glutamate_byGLS2_and_SLC1A7	CPI-CS0687D7002	GLS2	0.01	0.0	0.0	0.0	0.0	0.0	0.0	0.0	0.0	0.0	0.0	0.0	0.0	0.0	0.0	0.0	0.0	0.0	0.0	0.0	0.0	0.0	0.0	0.0	0.0	0.0	0.0	0.0	0.0	0.0	0.0	0.0
GLS2	Q9UI32	True	GLSL_HUMAN	Glutamate_byGLS2_and_SLC1A7	CPI-CC02227FA06	GLS2	0.01	0.0	0.0	0.0	0.0	0.0	0.0	0.0	0.0	0.0	0.0	0.0	0.0	0.0	0.0	0.0	0.0	0.0	0.0	0.0	0.0	0.0	0.0	0.0	0.0	0.0	0.0	0.0	0.0	0.0	0.0	0.0
GLS2	Q9UI32	True	GLSL_HUMAN	Glutamate_byGLS2_and_SLC1A7	CPI-CC015FAF28E	GLS2	0.01	0.0	0.0	0.0	0.0	0.0	0.0	0.0	0.0	0.0	0.0	0.0	0.0	0.0	0.0	0.0	0.0	0.0	0.0	0.0	0.0	0.0	0.0	0.0	0.0	0.0	0.0	0.0	0.0	0.0	0.0	0.0
GLS2	Q9UI32	True	GLSL_HUMAN	Glutamate_byGLS2_and_SLC1A7	CPI-CC068956044	GLS2	0.01	0.0	0.0	0.0	0.0	0.0	0.0	0.0	0.0	0.0	0.0	0.0	0.0	0.0	0.0	0.0	0.0	0.0	0.0	0.0	0.0	0.0	0.0	0.0	0.0	0.0	0.0	0.0	0.0	0.0	0.0	0.0
GLS2	Q9UI32	True	GLSL_HUMAN	Glutamate_byGLS2_and_SLC1A7	CPI-CC02DBB58E9	GLS2	0.01	0.0	0.0	0.0	0.0	0.0	0.0	0.0	0.0	0.0	0.0	0.0	0.0	0.0	0.0	0.0	0.0	0.0	0.0	0.0	0.0	0.0	0.0	0.0	0.0	0.0	0.0	0.0	0.0	0.0	0.0	0.0
GLS2	Q9UI32	True	GLSL_HUMAN	Glutamate_byGLS2_and_SLC1A7	CPI-CC0F83E11EB	GLS2	0.01	0.0	0.0	0.0	0.0	0.0	0.0	0.0	0.0	0.0	0.0	0.0	0.0	0.0	0.0	0.0	0.0	0.0	0.0	0.0	0.0	0.0	0.0	0.0	0.0	0.0	0.0	0.0	0.0	0.0	0.0	0.0
GLS2	Q9UI32	True	GLSL_HUMAN	Glutamate_byGLS2_and_SLC1A7	CPI-CC0D299DB74	GLS2	0.01	0.0	0.0	0.0	0.0	0.0	0.0	0.0	0.0	0.0	0.0	0.0	0.0	0.0	0.0	0.0	0.0	0.0	0.0	0.0	0.0	0.0	0.0	0.0	0.0	0.0	0.0	0.0	0.0	0.0	0.0	0.0
GLS2	Q9UI32	True	GLSL_HUMAN	Glutamate_byGLS2_and_SLC1A7	CPI-CS0AF8F897B	GLS2	0.01	0.0	0.0	0.0	0.0	0.0	0.0	0.0	0.0	0.0	0.0	0.0	0.0	0.0	0.0	0.0	0.0	0.0	0.0	0.0	0.0	0.0	0.0	0.0	0.0	0.0	0.0	0.0	0.0	0.0	0.0	0.0
GLS2	Q9UI32	True	GLSL_HUMAN	Glutamate_byGLS2_and_SLC1A7	CPI-CS0E5972156	GLS2	0.01	0.0	0.0	0.0	0.0	0.0	0.0	0.0	0.0	0.0	0.0	0.0	0.0	0.0	0.0	0.0	0.0	0.0	0.0	0.0	0.0	0.0	0.0	0.0	0.0	0.0	0.0	0.0	0.0	0.0	0.0	0.0
GLS2	Q9UI32	True	GLSL_HUMAN	Glutamate_byGLS2_and_SLC1A7	CPI-CS0F4182DEF	GLS2	0.01	0.0	0.0	0.0	0.0	0.0	0.0	0.0	0.0	0.0	0.0	0.0	0.0	0.0	0.0	0.0	0.0	0.0	0.0	0.0	0.0	0.0	0.0	0.0	0.0	0.0	0.0	0.0	0.0	0.0	0.0	0.0
GLS2	Q9UI32	True	GLSL_HUMAN	Glutamate_byGLS2_and_SLC1A7	CPI-CS071CB03F7	GLS2	0.01	0.0	0.0	0.0	0.0	0.0	0.0	0.0	0.0	0.0	0.0	0.0	0.0	0.0	0.0	0.0	0.0	0.0	0.0	0.0	0.0	0.0	0.0	0.0	0.0	0.0	0.0	0.0	0.0	0.0	0.0	0.0
GLS2	Q9UI32	True	GLSL_HUMAN	Glutamate_byGLS2_and_SLC1A7	CPI-CS03B7CB71D	GLS2	0.01	0.0	0.0	0.0	0.0	0.0	0.0	0.0	0.0	0.0	0.0	0.0	0.0	0.0	0.0	0.0	0.0	0.0	0.0	0.0	0.0	0.0	0.0	0.0	0.0	0.0	0.0	0.0	0.0	0.0	0.0	0.0
GLS2	Q9UI32	True	GLSL_HUMAN	Glutamate_byGLS2_and_SLC1A7	CPI-CS03DC684EF	GLS2	0.01	0.0	0.0	0.0	0.0	0.0	0.0	0.0	0.0	0.0	0.0	0.0	0.0	0.0	0.0	0.0	0.0	0.0	0.0	0.0	0.0	0.0	0.0	0.0	0.0	0.0	0.0	0.0	0.0	0.0	0.0	0.0
GLS2	Q9UI32	True	GLSL_HUMAN	Glutamate_byGLS2_and_SLC1A7	CPI-CS083EC4342	GLS2	0.01	0.0	0.0	0.0	0.0	0.0	0.0	0.0	0.0	0.0	0.0	0.0	0.0	0.0	0.0	0.0	0.0	0.0	0.0	0.0	0.0	0.0	0.0	0.0	0.0	0.0	0.0	0.0	0.0	0.0	0.0	0.0
GLS2	Q9UI32	True	GLSL_HUMAN	Glutamate_byGLS2_and_SLC1A7	CPI-CS0180815DB	GLS2	0.01	0.0	0.0	0.0	0.0	0.0	0.0	0.0	0.0	0.0	0.0	0.0	0.0	0.0	0.0	0.0	0.0	0.0	0.0	0.0	0.0	0.0	0.0	0.0	0.0	0.0	0.0	0.0	0.0	0.0	0.0	0.0
SLC6A5	Q9Y345	True	SC6A5_HUMAN	Glycine_bySHMT1_and_SLC6A5	CPI-CC013523ED0	SLC6A5	0.004	0.0	0.0	0.0	0.0	0.0	0.023	0.0	0.0	0.0	0.0	0.0	0.0	0.0	0.0	0.0	0.0	0.014	0.0	0.0	0.0	0.0	0.0	0.0	0.0	0.0	0.0	0.0	0.0	0.0	0.0	0.0
SLC6A5	Q9Y345	True	SC6A5_HUMAN	Glycine_bySHMT1_and_SLC6A5	CPI-CC0DE37C04C	SLC6A5	0.004	0.0	0.0	0.0	0.0	0.0	0.023	0.0	0.0	0.0	0.0	0.0	0.0	0.0	0.0	0.0	0.0	0.014	0.0	0.0	0.0	0.0	0.0	0.0	0.0	0.0	0.0	0.0	0.0	0.0	0.0	0.0
SHMT1	P34896	True	GLYC_HUMAN	Glycine_bySHMT1_and_SLC6A5	CPI-CC013523ED0	SHMT1	0.004	0.0	0.0	0.0	0.0	0.0	0.023	0.0	0.0	0.0	0.0	0.0	0.0	0.0	0.0	0.0	0.0	0.014	0.0	0.0	0.0	0.0	0.0	0.0	0.0	0.0	0.0	0.0	0.0	0.0	0.0	0.0
SHMT1	P34896	True	GLYC_HUMAN	Glycine_bySHMT1_and_SLC6A5	CPI-CC0DE37C04C	SHMT1	0.004	0.0	0.0	0.0	0.0	0.0	0.023	0.0	0.0	0.0	0.0	0.0	0.0	0.0	0.0	0.0	0.0	0.014	0.0	0.0	0.0	0.0	0.0	0.0	0.0	0.0	0.0	0.0	0.0	0.0	0.0	0.0
SLC6A9	P48067	True	SC6A9_HUMAN	Glycine_bySHMT1_and_SLC6A9	CPI-CC038A555FC	SLC6A9	0.004	0.0	0.0	0.0	0.0	0.0	0.023	0.0	0.0	0.0	0.0	0.0	0.0	0.0	0.0	0.0	0.0	0.014	0.0	0.0	0.0	0.0	0.0	0.0	0.0	0.0	0.0	0.0	0.0	0.0	0.0	0.0
SLC6A9	P48067	True	SC6A9_HUMAN	Glycine_bySHMT1_and_SLC6A9	CPI-CC054A40212	SLC6A9	0.004	0.0	0.0	0.0	0.0	0.0	0.023	0.0	0.0	0.0	0.0	0.0	0.0	0.0	0.0	0.0	0.0	0.014	0.0	0.0	0.0	0.0	0.0	0.0	0.0	0.0	0.0	0.0	0.0	0.0	0.0	0.0
SHMT1	P34896	True	GLYC_HUMAN	Glycine_bySHMT1_and_SLC6A9	CPI-CC038A555FC	SHMT1	0.004	0.0	0.0	0.0	0.0	0.0	0.023	0.0	0.0	0.0	0.0	0.0	0.0	0.0	0.0	0.0	0.0	0.014	0.0	0.0	0.0	0.0	0.0	0.0	0.0	0.0	0.0	0.0	0.0	0.0	0.0	0.0
SHMT1	P34896	True	GLYC_HUMAN	Glycine_bySHMT1_and_SLC6A9	CPI-CC054A40212	SHMT1	0.004	0.0	0.0	0.0	0.0	0.0	0.023	0.0	0.0	0.0	0.0	0.0	0.0	0.0	0.0	0.0	0.0	0.014	0.0	0.0	0.0	0.0	0.0	0.0	0.0	0.0	0.0	0.0	0.0	0.0	0.0	0.0
SLC6A5	Q9Y345	True	SC6A5_HUMAN	Glycine_bySHMT2_and_SLC6A5	CPI-CC014456804	SLC6A5	0.12	0.157	0.112	0.126	0.095	0.113	0.112	0.076	0.244	0.123	0.027	0.0	0.18	0.042	0.0	0.0	0.0	0.061	0.0	0.023	0.286	0.0	0.211	0.223	0.0	0.142	0.127	0.071	0.172	0.09	0.253	0.111
SLC6A5	Q9Y345	True	SC6A5_HUMAN	Glycine_bySHMT2_and_SLC6A5	CPI-CC0F959FD6A	SLC6A5	0.12	0.157	0.112	0.126	0.095	0.113	0.112	0.076	0.244	0.123	0.027	0.0	0.18	0.042	0.0	0.0	0.0	0.061	0.0	0.023	0.286	0.0	0.211	0.223	0.0	0.142	0.127	0.071	0.172	0.09	0.253	0.111
SHMT2	P34897	True	GLYM_HUMAN	Glycine_bySHMT2_and_SLC6A5	CPI-CC014456804	SHMT2	0.12	0.157	0.112	0.126	0.095	0.113	0.112	0.076	0.244	0.123	0.027	0.0	0.18	0.042	0.0	0.0	0.0	0.061	0.0	0.023	0.286	0.0	0.211	0.223	0.0	0.142	0.127	0.071	0.172	0.09	0.253	0.111
SHMT2	P34897	True	GLYM_HUMAN	Glycine_bySHMT2_and_SLC6A5	CPI-CC0F959FD6A	SHMT2	0.12	0.157	0.112	0.126	0.095	0.113	0.112	0.076	0.244	0.123	0.027	0.0	0.18	0.042	0.0	0.0	0.0	0.061	0.0	0.023	0.286	0.0	0.211	0.223	0.0	0.142	0.127	0.071	0.172	0.09	0.253	0.111
SLC6A9	P48067	True	SC6A9_HUMAN	Glycine_bySHMT2_and_SLC6A9	CPI-CC00045ECF5	SLC6A9	0.199	0.0	0.079	0.0	0.069	0.069	0.19	0.0	0.028	0.0	0.027	0.148	0.267	0.15	0.293	0.0	0.0	0.061	0.0	0.094	0.191	0.043	0.211	0.0	0.0	0.204	0.045	0.214	0.172	0.022	0.042	0.111
SLC6A9	P48067	True	SC6A9_HUMAN	Glycine_bySHMT2_and_SLC6A9	CPI-CC0EA1D60C5	SLC6A9	0.199	0.0	0.079	0.0	0.069	0.069	0.19	0.0	0.028	0.0	0.027	0.148	0.267	0.15	0.293	0.0	0.0	0.061	0.0	0.094	0.191	0.043	0.211	0.0	0.0	0.204	0.045	0.214	0.172	0.022	0.042	0.111
SHMT2	P34897	True	GLYM_HUMAN	Glycine_bySHMT2_and_SLC6A9	CPI-CC00045ECF5	SHMT2	0.199	0.0	0.079	0.0	0.069	0.069	0.19	0.0	0.028	0.0	0.027	0.148	0.267	0.15	0.293	0.0	0.0	0.061	0.0	0.094	0.191	0.043	0.211	0.0	0.0	0.204	0.045	0.214	0.172	0.022	0.042	0.111
SHMT2	P34897	True	GLYM_HUMAN	Glycine_bySHMT2_and_SLC6A9	CPI-CC0EA1D60C5	SHMT2	0.199	0.0	0.079	0.0	0.069	0.069	0.19	0.0	0.028	0.0	0.027	0.148	0.267	0.15	0.293	0.0	0.0	0.061	0.0	0.094	0.191	0.043	0.211	0.0	0.0	0.204	0.045	0.214	0.172	0.022	0.042	0.111
DBH	P09172	True	DOPO_HUMAN	Noradrenaline_byDBH_and_SLC18A1	CPI-CS0F807CD4F	DBH	0.003	0.0	0.0	0.019	0.0	0.0	0.0	0.0	0.0	0.0	0.0	0.0	0.0	0.0	0.0	0.0	0.0	0.0	0.0	0.0	0.0	0.0	0.0	0.0	0.0	0.0	0.012	0.0	0.0	0.0	0.0	0.0
DBH	P09172	True	DOPO_HUMAN	Noradrenaline_byDBH_and_SLC18A1	CPI-CS09DA5DAD3	DBH	0.003	0.0	0.0	0.019	0.0	0.0	0.0	0.0	0.0	0.0	0.0	0.0	0.0	0.0	0.0	0.0	0.0	0.0	0.0	0.0	0.0	0.0	0.0	0.0	0.0	0.0	0.012	0.0	0.0	0.0	0.0	0.0
DBH	P09172	True	DOPO_HUMAN	Noradrenaline_byDBH_and_SLC18A1	CPI-CS07CECA9C9	DBH	0.003	0.0	0.0	0.019	0.0	0.0	0.0	0.0	0.0	0.0	0.0	0.0	0.0	0.0	0.0	0.0	0.0	0.0	0.0	0.0	0.0	0.0	0.0	0.0	0.0	0.0	0.012	0.0	0.0	0.0	0.0	0.0
DBH	P09172	True	DOPO_HUMAN	Noradrenaline_byDBH_and_SLC18A1	CPI-CS025F16589	DBH	0.003	0.0	0.0	0.019	0.0	0.0	0.0	0.0	0.0	0.0	0.0	0.0	0.0	0.0	0.0	0.0	0.0	0.0	0.0	0.0	0.0	0.0	0.0	0.0	0.0	0.0	0.012	0.0	0.0	0.0	0.0	0.0
DBH	P09172	True	DOPO_HUMAN	Noradrenaline_byDBH_and_SLC18A1	CPI-CS01FAF361D	DBH	0.003	0.0	0.0	0.019	0.0	0.0	0.0	0.0	0.0	0.0	0.0	0.0	0.0	0.0	0.0	0.0	0.0	0.0	0.0	0.0	0.0	0.0	0.0	0.0	0.0	0.0	0.012	0.0	0.0	0.0	0.0	0.0
DBH	P09172	True	DOPO_HUMAN	Noradrenaline_byDBH_and_SLC18A1	CPI-CS03C9B1F6C	DBH	0.003	0.0	0.0	0.019	0.0	0.0	0.0	0.0	0.0	0.0	0.0	0.0	0.0	0.0	0.0	0.0	0.0	0.0	0.0	0.0	0.0	0.0	0.0	0.0	0.0	0.0	0.012	0.0	0.0	0.0	0.0	0.0
DBH	P09172	True	DOPO_HUMAN	Noradrenaline_byDBH_and_SLC18A1	CPI-CS08B421238	DBH	0.003	0.0	0.0	0.019	0.0	0.0	0.0	0.0	0.0	0.0	0.0	0.0	0.0	0.0	0.0	0.0	0.0	0.0	0.0	0.0	0.0	0.0	0.0	0.0	0.0	0.0	0.012	0.0	0.0	0.0	0.0	0.0
DBH	P09172	True	DOPO_HUMAN	Noradrenaline_byDBH_and_SLC18A1	CPI-CS085B8BFD8	DBH	0.003	0.0	0.0	0.019	0.0	0.0	0.0	0.0	0.0	0.0	0.0	0.0	0.0	0.0	0.0	0.0	0.0	0.0	0.0	0.0	0.0	0.0	0.0	0.0	0.0	0.0	0.012	0.0	0.0	0.0	0.0	0.0
DBH	P09172	True	DOPO_HUMAN	Noradrenaline_byDBH_and_SLC18A1	CPI-CS05A668606	DBH	0.003	0.0	0.0	0.019	0.0	0.0	0.0	0.0	0.0	0.0	0.0	0.0	0.0	0.0	0.0	0.0	0.0	0.0	0.0	0.0	0.0	0.0	0.0	0.0	0.0	0.0	0.012	0.0	0.0	0.0	0.0	0.0
SLC18A1	P54219	True	VMAT1_HUMAN	Noradrenaline_byDBH_and_SLC18A1	CPI-CS0F807CD4F	SLC18A1	0.003	0.0	0.0	0.019	0.0	0.0	0.0	0.0	0.0	0.0	0.0	0.0	0.0	0.0	0.0	0.0	0.0	0.0	0.0	0.0	0.0	0.0	0.0	0.0	0.0	0.0	0.012	0.0	0.0	0.0	0.0	0.0
SLC18A1	P54219	True	VMAT1_HUMAN	Noradrenaline_byDBH_and_SLC18A1	CPI-CS09DA5DAD3	SLC18A1	0.003	0.0	0.0	0.019	0.0	0.0	0.0	0.0	0.0	0.0	0.0	0.0	0.0	0.0	0.0	0.0	0.0	0.0	0.0	0.0	0.0	0.0	0.0	0.0	0.0	0.0	0.012	0.0	0.0	0.0	0.0	0.0
SLC18A1	P54219	True	VMAT1_HUMAN	Noradrenaline_byDBH_and_SLC18A1	CPI-CS07CECA9C9	SLC18A1	0.003	0.0	0.0	0.019	0.0	0.0	0.0	0.0	0.0	0.0	0.0	0.0	0.0	0.0	0.0	0.0	0.0	0.0	0.0	0.0	0.0	0.0	0.0	0.0	0.0	0.0	0.012	0.0	0.0	0.0	0.0	0.0
SLC18A1	P54219	True	VMAT1_HUMAN	Noradrenaline_byDBH_and_SLC18A1	CPI-CS025F16589	SLC18A1	0.003	0.0	0.0	0.019	0.0	0.0	0.0	0.0	0.0	0.0	0.0	0.0	0.0	0.0	0.0	0.0	0.0	0.0	0.0	0.0	0.0	0.0	0.0	0.0	0.0	0.0	0.012	0.0	0.0	0.0	0.0	0.0
SLC18A1	P54219	True	VMAT1_HUMAN	Noradrenaline_byDBH_and_SLC18A1	CPI-CS01FAF361D	SLC18A1	0.003	0.0	0.0	0.019	0.0	0.0	0.0	0.0	0.0	0.0	0.0	0.0	0.0	0.0	0.0	0.0	0.0	0.0	0.0	0.0	0.0	0.0	0.0	0.0	0.0	0.0	0.012	0.0	0.0	0.0	0.0	0.0
SLC18A1	P54219	True	VMAT1_HUMAN	Noradrenaline_byDBH_and_SLC18A1	CPI-CS03C9B1F6C	SLC18A1	0.003	0.0	0.0	0.019	0.0	0.0	0.0	0.0	0.0	0.0	0.0	0.0	0.0	0.0	0.0	0.0	0.0	0.0	0.0	0.0	0.0	0.0	0.0	0.0	0.0	0.0	0.012	0.0	0.0	0.0	0.0	0.0
SLC18A1	P54219	True	VMAT1_HUMAN	Noradrenaline_byDBH_and_SLC18A1	CPI-CS08B421238	SLC18A1	0.003	0.0	0.0	0.019	0.0	0.0	0.0	0.0	0.0	0.0	0.0	0.0	0.0	0.0	0.0	0.0	0.0	0.0	0.0	0.0	0.0	0.0	0.0	0.0	0.0	0.0	0.012	0.0	0.0	0.0	0.0	0.0
SLC18A1	P54219	True	VMAT1_HUMAN	Noradrenaline_byDBH_and_SLC18A1	CPI-CS085B8BFD8	SLC18A1	0.003	0.0	0.0	0.019	0.0	0.0	0.0	0.0	0.0	0.0	0.0	0.0	0.0	0.0	0.0	0.0	0.0	0.0	0.0	0.0	0.0	0.0	0.0	0.0	0.0	0.0	0.012	0.0	0.0	0.0	0.0	0.0
SLC18A1	P54219	True	VMAT1_HUMAN	Noradrenaline_byDBH_and_SLC18A1	CPI-CS05A668606	SLC18A1	0.003	0.0	0.0	0.019	0.0	0.0	0.0	0.0	0.0	0.0	0.0	0.0	0.0	0.0	0.0	0.0	0.0	0.0	0.0	0.0	0.0	0.0	0.0	0.0	0.0	0.0	0.012	0.0	0.0	0.0	0.0	0.0
DBH	P09172	True	DOPO_HUMAN	Noradrenaline_byDBH_and_SLC18A2	CPI-CS098539E78	DBH	0.003	0.0	0.0	0.02	0.0	0.0	0.0	0.0	0.0	0.0	0.0	0.0	0.0	0.0	0.0	0.0	0.0	0.0	0.0	0.0	0.0	0.0	0.0	0.0	0.0	0.0	0.012	0.0	0.0	0.0	0.0	0.0
DBH	P09172	True	DOPO_HUMAN	Noradrenaline_byDBH_and_SLC18A2	CPI-CS078C6CB4F	DBH	0.003	0.0	0.0	0.02	0.0	0.0	0.0	0.0	0.0	0.0	0.0	0.0	0.0	0.0	0.0	0.0	0.0	0.0	0.0	0.0	0.0	0.0	0.0	0.0	0.0	0.0	0.012	0.0	0.0	0.0	0.0	0.0
DBH	P09172	True	DOPO_HUMAN	Noradrenaline_byDBH_and_SLC18A2	CPI-CS02EA1C9D1	DBH	0.003	0.0	0.0	0.02	0.0	0.0	0.0	0.0	0.0	0.0	0.0	0.0	0.0	0.0	0.0	0.0	0.0	0.0	0.0	0.0	0.0	0.0	0.0	0.0	0.0	0.0	0.012	0.0	0.0	0.0	0.0	0.0
DBH	P09172	True	DOPO_HUMAN	Noradrenaline_byDBH_and_SLC18A2	CPI-CS0EAD92BCF	DBH	0.003	0.0	0.0	0.02	0.0	0.0	0.0	0.0	0.0	0.0	0.0	0.0	0.0	0.0	0.0	0.0	0.0	0.0	0.0	0.0	0.0	0.0	0.0	0.0	0.0	0.0	0.012	0.0	0.0	0.0	0.0	0.0
DBH	P09172	True	DOPO_HUMAN	Noradrenaline_byDBH_and_SLC18A2	CPI-CS0345842F1	DBH	0.003	0.0	0.0	0.02	0.0	0.0	0.0	0.0	0.0	0.0	0.0	0.0	0.0	0.0	0.0	0.0	0.0	0.0	0.0	0.0	0.0	0.0	0.0	0.0	0.0	0.0	0.012	0.0	0.0	0.0	0.0	0.0
DBH	P09172	True	DOPO_HUMAN	Noradrenaline_byDBH_and_SLC18A2	CPI-CS04395827F	DBH	0.003	0.0	0.0	0.02	0.0	0.0	0.0	0.0	0.0	0.0	0.0	0.0	0.0	0.0	0.0	0.0	0.0	0.0	0.0	0.0	0.0	0.0	0.0	0.0	0.0	0.0	0.012	0.0	0.0	0.0	0.0	0.0
DBH	P09172	True	DOPO_HUMAN	Noradrenaline_byDBH_and_SLC18A2	CPI-CS0B9360E04	DBH	0.003	0.0	0.0	0.02	0.0	0.0	0.0	0.0	0.0	0.0	0.0	0.0	0.0	0.0	0.0	0.0	0.0	0.0	0.0	0.0	0.0	0.0	0.0	0.0	0.0	0.0	0.012	0.0	0.0	0.0	0.0	0.0
DBH	P09172	True	DOPO_HUMAN	Noradrenaline_byDBH_and_SLC18A2	CPI-CS0E8897714	DBH	0.003	0.0	0.0	0.02	0.0	0.0	0.0	0.0	0.0	0.0	0.0	0.0	0.0	0.0	0.0	0.0	0.0	0.0	0.0	0.0	0.0	0.0	0.0	0.0	0.0	0.0	0.012	0.0	0.0	0.0	0.0	0.0
DBH	P09172	True	DOPO_HUMAN	Noradrenaline_byDBH_and_SLC18A2	CPI-CS067A8F850	DBH	0.003	0.0	0.0	0.02	0.0	0.0	0.0	0.0	0.0	0.0	0.0	0.0	0.0	0.0	0.0	0.0	0.0	0.0	0.0	0.0	0.0	0.0	0.0	0.0	0.0	0.0	0.012	0.0	0.0	0.0	0.0	0.0
SLC18A2	Q05940	True	VMAT2_HUMAN	Noradrenaline_byDBH_and_SLC18A2	CPI-CS098539E78	SLC18A2	0.003	0.0	0.0	0.02	0.0	0.0	0.0	0.0	0.0	0.0	0.0	0.0	0.0	0.0	0.0	0.0	0.0	0.0	0.0	0.0	0.0	0.0	0.0	0.0	0.0	0.0	0.012	0.0	0.0	0.0	0.0	0.0
SLC18A2	Q05940	True	VMAT2_HUMAN	Noradrenaline_byDBH_and_SLC18A2	CPI-CS078C6CB4F	SLC18A2	0.003	0.0	0.0	0.02	0.0	0.0	0.0	0.0	0.0	0.0	0.0	0.0	0.0	0.0	0.0	0.0	0.0	0.0	0.0	0.0	0.0	0.0	0.0	0.0	0.0	0.0	0.012	0.0	0.0	0.0	0.0	0.0
SLC18A2	Q05940	True	VMAT2_HUMAN	Noradrenaline_byDBH_and_SLC18A2	CPI-CS02EA1C9D1	SLC18A2	0.003	0.0	0.0	0.02	0.0	0.0	0.0	0.0	0.0	0.0	0.0	0.0	0.0	0.0	0.0	0.0	0.0	0.0	0.0	0.0	0.0	0.0	0.0	0.0	0.0	0.0	0.012	0.0	0.0	0.0	0.0	0.0
SLC18A2	Q05940	True	VMAT2_HUMAN	Noradrenaline_byDBH_and_SLC18A2	CPI-CS0EAD92BCF	SLC18A2	0.003	0.0	0.0	0.02	0.0	0.0	0.0	0.0	0.0	0.0	0.0	0.0	0.0	0.0	0.0	0.0	0.0	0.0	0.0	0.0	0.0	0.0	0.0	0.0	0.0	0.0	0.012	0.0	0.0	0.0	0.0	0.0
SLC18A2	Q05940	True	VMAT2_HUMAN	Noradrenaline_byDBH_and_SLC18A2	CPI-CS0345842F1	SLC18A2	0.003	0.0	0.0	0.02	0.0	0.0	0.0	0.0	0.0	0.0	0.0	0.0	0.0	0.0	0.0	0.0	0.0	0.0	0.0	0.0	0.0	0.0	0.0	0.0	0.0	0.0	0.012	0.0	0.0	0.0	0.0	0.0
SLC18A2	Q05940	True	VMAT2_HUMAN	Noradrenaline_byDBH_and_SLC18A2	CPI-CS04395827F	SLC18A2	0.003	0.0	0.0	0.02	0.0	0.0	0.0	0.0	0.0	0.0	0.0	0.0	0.0	0.0	0.0	0.0	0.0	0.0	0.0	0.0	0.0	0.0	0.0	0.0	0.0	0.0	0.012	0.0	0.0	0.0	0.0	0.0
SLC18A2	Q05940	True	VMAT2_HUMAN	Noradrenaline_byDBH_and_SLC18A2	CPI-CS0B9360E04	SLC18A2	0.003	0.0	0.0	0.02	0.0	0.0	0.0	0.0	0.0	0.0	0.0	0.0	0.0	0.0	0.0	0.0	0.0	0.0	0.0	0.0	0.0	0.0	0.0	0.0	0.0	0.0	0.012	0.0	0.0	0.0	0.0	0.0
SLC18A2	Q05940	True	VMAT2_HUMAN	Noradrenaline_byDBH_and_SLC18A2	CPI-CS0E8897714	SLC18A2	0.003	0.0	0.0	0.02	0.0	0.0	0.0	0.0	0.0	0.0	0.0	0.0	0.0	0.0	0.0	0.0	0.0	0.0	0.0	0.0	0.0	0.0	0.0	0.0	0.0	0.0	0.012	0.0	0.0	0.0	0.0	0.0
SLC18A2	Q05940	True	VMAT2_HUMAN	Noradrenaline_byDBH_and_SLC18A2	CPI-CS067A8F850	SLC18A2	0.003	0.0	0.0	0.02	0.0	0.0	0.0	0.0	0.0	0.0	0.0	0.0	0.0	0.0	0.0	0.0	0.0	0.0	0.0	0.0	0.0	0.0	0.0	0.0	0.0	0.0	0.012	0.0	0.0	0.0	0.0	0.0
NRXN1	P58400	True	NRX1B_HUMAN	NRXN1_CBLN1_complex	CPI-CS0E570EA78	NRXN1	0.264	0.076	0.041	0.0	0.056	0.039	0.098	0.049	1.193	0.0	0.234	0.152	0.08	0.0	0.133	0.0	0.0	0.024	0.275	0.066	0.848	0.163	0.103	0.058	0.0	0.269	1.015	0.251	0.643	0.132	1.083	0.687
CBLN1	P23435	True	CBLN1_HUMAN	NRXN1_CBLN1_complex	CPI-CS0E570EA78	CBLN1	0.264	0.076	0.041	0.0	0.056	0.039	0.098	0.049	1.193	0.0	0.234	0.152	0.08	0.0	0.133	0.0	0.0	0.024	0.275	0.066	0.848	0.163	0.103	0.058	0.0	0.269	1.015	0.251	0.643	0.132	1.083	0.687
TENM2	Q9NT68	True	TEN2_HUMAN	TENM2_FLRT1_complex	CPI-CS007F1C612	TENM2	0.705	0.039	0.105	0.304	0.761	0.638	0.18	0.294	0.801	0.35	0.625	0.065	0.107	0.0	0.17	0.0	0.0	0.046	0.0	0.536	0.49	0.5	0.994	1.449	0.0	0.572	0.129	0.625	0.623	0.37	1.024	0.348
FLRT1	Q9NZU1	True	FLRT1_HUMAN	TENM2_FLRT1_complex	CPI-CS007F1C612	FLRT1	0.705	0.039	0.105	0.304	0.761	0.638	0.18	0.294	0.801	0.35	0.625	0.065	0.107	0.0	0.17	0.0	0.0	0.046	0.0	0.536	0.49	0.5	0.994	1.449	0.0	0.572	0.129	0.625	0.623	0.37	1.024	0.348
TENM2	Q9NT68	True	TEN2_HUMAN	TENM2_FLRT3_complex	CPI-CS04534E61E	TENM2	0.237	0.192	0.027	0.283	0.063	0.23	0.076	0.239	0.131	0.22	0.114	0.052	0.098	0.0	0.0	0.0	0.0	0.019	0.111	0.426	0.201	0.17	0.142	0.315	0.0	0.355	0.03	0.38	0.206	0.033	0.021	0.196
TENM2	Q9NT68	True	TEN2_HUMAN	TENM2_FLRT3_complex	CPI-CS049AAD8F5	TENM2	0.237	0.192	0.027	0.283	0.063	0.23	0.076	0.239	0.131	0.22	0.114	0.052	0.098	0.0	0.0	0.0	0.0	0.019	0.111	0.426	0.201	0.17	0.142	0.315	0.0	0.355	0.03	0.38	0.206	0.033	0.021	0.196
FLRT3	Q9NZU0	True	FLRT3_HUMAN	TENM2_FLRT3_complex	CPI-CS04534E61E	FLRT3	0.237	0.192	0.027	0.283	0.063	0.23	0.076	0.239	0.131	0.22	0.114	0.052	0.098	0.0	0.0	0.0	0.0	0.019	0.111	0.426	0.201	0.17	0.142	0.315	0.0	0.355	0.03	0.38	0.206	0.033	0.021	0.196
FLRT3	Q9NZU0	True	FLRT3_HUMAN	TENM2_FLRT3_complex	CPI-CS049AAD8F5	FLRT3	0.237	0.192	0.027	0.283	0.063	0.23	0.076	0.239	0.131	0.22	0.114	0.052	0.098	0.0	0.0	0.0	0.0	0.019	0.111	0.426	0.201	0.17	0.142	0.315	0.0	0.355	0.03	0.38	0.206	0.033	0.021	0.196
TENM3	Q9P273	True	TEN3_HUMAN	TENM3_FLRT1_complex	CPI-CS059C42E4B	TENM3	0.705	0.039	0.105	0.941	0.761	0.638	0.378	0.294	0.801	0.35	0.625	0.065	0.107	0.229	0.17	0.108	0.0	0.046	0.0	0.536	0.49	0.574	0.994	1.39	0.0	0.572	0.129	0.625	0.623	0.37	1.024	0.348
FLRT1	Q9NZU1	True	FLRT1_HUMAN	TENM3_FLRT1_complex	CPI-CS059C42E4B	FLRT1	0.705	0.039	0.105	0.941	0.761	0.638	0.378	0.294	0.801	0.35	0.625	0.065	0.107	0.229	0.17	0.108	0.0	0.046	0.0	0.536	0.49	0.574	0.994	1.39	0.0	0.572	0.129	0.625	0.623	0.37	1.024	0.348
TENM3	Q9P273	True	TEN3_HUMAN	TENM3_FLRT3_complex	CPI-CS0D62B1695	TENM3	0.237	0.192	0.027	0.283	0.063	0.23	0.076	0.239	0.131	0.22	0.114	0.052	0.098	0.0	0.0	0.0	0.0	0.019	0.111	0.426	0.201	0.17	0.142	0.315	0.0	0.355	0.03	0.38	0.206	0.033	0.021	0.196
FLRT3	Q9NZU0	True	FLRT3_HUMAN	TENM3_FLRT3_complex	CPI-CS0D62B1695	FLRT3	0.237	0.192	0.027	0.283	0.063	0.23	0.076	0.239	0.131	0.22	0.114	0.052	0.098	0.0	0.0	0.0	0.0	0.019	0.111	0.426	0.201	0.17	0.142	0.315	0.0	0.355	0.03	0.38	0.206	0.033	0.021	0.196
TENM4	Q6N022	True	TEN4_HUMAN	TENM4_FLRT1_complex	CPI-CS0C8B4ED97	TENM4	0.705	0.039	0.105	0.103	0.712	0.638	0.378	0.294	0.801	0.35	0.625	0.065	0.107	0.229	0.17	0.108	0.0	0.038	0.0	0.536	0.49	0.275	0.757	0.206	0.0	0.572	0.129	0.625	0.623	0.37	0.804	0.348
FLRT1	Q9NZU1	True	FLRT1_HUMAN	TENM4_FLRT1_complex	CPI-CS0C8B4ED97	FLRT1	0.705	0.039	0.105	0.103	0.712	0.638	0.378	0.294	0.801	0.35	0.625	0.065	0.107	0.229	0.17	0.108	0.0	0.038	0.0	0.536	0.49	0.275	0.757	0.206	0.0	0.572	0.129	0.625	0.623	0.37	0.804	0.348
TENM4	Q6N022	True	TEN4_HUMAN	TENM4_FLRT3_complex	CPI-CS0B24464AF	TENM4	0.237	0.192	0.027	0.103	0.063	0.23	0.076	0.239	0.131	0.22	0.114	0.052	0.098	0.0	0.0	0.0	0.0	0.019	0.111	0.426	0.201	0.17	0.142	0.206	0.0	0.355	0.03	0.38	0.206	0.033	0.021	0.196
FLRT3	Q9NZU0	True	FLRT3_HUMAN	TENM4_FLRT3_complex	CPI-CS0B24464AF	FLRT3	0.237	0.192	0.027	0.103	0.063	0.23	0.076	0.239	0.131	0.22	0.114	0.052	0.098	0.0	0.0	0.0	0.0	0.019	0.111	0.426	0.201	0.17	0.142	0.206	0.0	0.355	0.03	0.38	0.206	0.033	0.021	0.196
CDH2	P19022	False	CADH2_HUMAN		CPI-SS0EE09A201	CDH2	1.374	0.168	0.15	1.754	1.794	0.96	0.602	1.137	1.4	0.634	0.76	0.899	1.43	0.709	1.33	1.396	0.0	0.55	0.644	1.166	1.213	0.409	1.217	2.468	1.429	1.482	1.303	1.818	0.986	0.57	0.905	0.966
CDH3	P22223	False	CADH3_HUMAN		CPI-SS0DA0F5556	CDH3	0.008	0.0	0.177	0.02	0.0	0.0	0.0	0.0	0.037	0.0	0.0	0.0	0.0	0.0	0.0	0.0	0.0	0.0	0.126	0.0	0.0	0.0	0.071	0.0	0.0	0.023	0.011	0.0	0.0	0.0	0.029	0.056
CDH6	P55285	False	CADH6_HUMAN		CPI-SS0C53F7672	CDH6	0.028	0.035	0.081	0.027	0.066	0.0	0.157	0.0	0.031	0.0	0.027	0.028	0.097	0.037	0.009	0.0	0.0	0.0	0.08	0.0	0.1	0.07	0.16	0.049	0.518	0.024	0.014	0.058	0.057	0.02	0.029	0.0
CADM1	Q9BY67	False	CADM1_HUMAN		CPI-SS0889E281D	CADM1	2.82	2.174	0.901	1.916	2.712	3.483	1.207	2.486	2.201	0.876	2.131	1.12	2.403	1.306	3.123	1.312	0.0	0.907	1.153	2.482	3.155	1.745	3.62	2.661	1.986	2.406	2.429	2.716	2.318	1.995	3.612	1.938
CADM3	Q8N126	False	CADM3_HUMAN		CPI-SS09C06644C	CADM3	1.117	0.428	0.156	0.749	1.594	0.661	0.508	0.772	0.598	0.18	0.949	0.245	0.781	0.239	0.755	0.0	0.0	0.104	0.25	0.611	0.701	0.288	1.593	1.322	0.43	1.081	1.291	0.914	0.618	0.225	1.235	0.466
CADM1	Q9BY67	False	CADM1_HUMAN		CPI-SS0B990492C	CADM1	2.82	2.174	0.901	1.916	2.712	3.483	1.207	2.486	2.201	0.876	2.131	1.12	2.403	1.306	3.123	1.312	0.0	0.907	1.153	2.482	3.155	1.745	3.62	2.661	1.986	2.406	2.429	2.716	2.318	1.995	3.612	1.938
CADM3	Q8N126	False	CADM3_HUMAN		CPI-SS00550260E	CADM3	1.117	0.428	0.156	0.749	1.594	0.661	0.508	0.772	0.598	0.18	0.949	0.245	0.781	0.239	0.755	0.0	0.0	0.104	0.25	0.611	0.701	0.288	1.593	1.322	0.43	1.081	1.291	0.914	0.618	0.225	1.235	0.466
NECTIN1	Q15223	False	PVRL1_HUMAN		CPI-SS0C5E9FBFB	NECTIN1	1.133	0.0	0.568	0.086	1.488	0.439	0.225	0.061	0.391	0.484	1.154	0.131	0.5	0.256	0.384	0.0	0.0	0.117	0.158	0.899	0.961	0.833	0.586	0.767	0.0	0.887	0.361	0.907	0.821	1.143	0.583	0.814
NECTIN2	Q92692	False	PVRL2_HUMAN		CPI-SS02FBD007E	NECTIN2	2.412	0.404	1.744	3.014	3.301	2.2	0.554	3.414	0.496	3.0	2.439	1.115	2.502	1.182	1.839	2.093	3.23	0.324	2.324	3.023	1.651	2.233	2.414	3.266	1.933	2.486	1.199	2.289	2.042	1.334	1.662	1.929
CADM3	Q8N126	False	CADM3_HUMAN		CPI-SS02D18D12B	CADM3	1.117	0.428	0.156	0.749	1.594	0.661	0.508	0.772	0.598	0.18	0.949	0.245	0.781	0.239	0.755	0.0	0.0	0.104	0.25	0.611	0.701	0.288	1.593	1.322	0.43	1.081	1.291	0.914	0.618	0.225	1.235	0.466
CADM3	Q8N126	False	CADM3_HUMAN		CPI-SS0B3829651	CADM3	1.117	0.428	0.156	0.749	1.594	0.661	0.508	0.772	0.598	0.18	0.949	0.245	0.781	0.239	0.755	0.0	0.0	0.104	0.25	0.611	0.701	0.288	1.593	1.322	0.43	1.081	1.291	0.914	0.618	0.225	1.235	0.466
COL4A1	P02462	False	CO4A1_HUMAN		CPI-SS015BF69EE	COL4A1	0.004	0.0	0.0	0.025	0.0	0.0	0.0	0.0	0.0	0.0	0.0	0.0	0.0	0.0	0.0	0.0	0.0	0.0	0.0	0.0	0.0	0.0	0.0	0.0	0.0	0.0	0.0	0.0	0.009	0.0	0.018	0.0
COL4A4	P53420	False	CO4A4_HUMAN		CPI-SS06D2944B5	COL4A4	0.004	0.0	0.0	0.0	0.029	0.023	0.032	0.0	0.0	0.0	0.0	0.0	0.0	0.0	0.071	0.0	0.0	0.0	0.195	0.0	0.0	0.0	0.0	0.0	0.0	0.0	0.0	0.0	0.0	0.0	0.036	0.0
COL4A5	P29400	False	CO4A5_HUMAN		CPI-SS0924C61F1	COL4A5	0.013	0.103	0.05	0.0	0.0	0.0	0.037	0.0	0.0	0.0	0.0	0.063	0.0	0.0	0.068	0.0	0.0	0.0	0.0	0.0	0.301	0.0	0.0	0.0	0.0	0.073	0.04	0.014	0.025	0.015	0.136	0.016
LAMA2	P24043	False	LAMA2_HUMAN		CPI-SS0335C4DDE	LAMA2	0.098	0.0	0.043	0.0	0.124	0.0	0.675	0.045	0.0	0.0	0.034	0.039	0.495	0.038	0.391	0.223	0.0	0.022	0.0	0.048	0.0	0.0	0.0	0.0	0.0	0.073	0.124	0.091	0.111	0.033	0.0	0.056
DSC2	Q02487	False	DSC2_HUMAN		CPI-SS06D13FCD3	DSC2	0.0	0.0	0.0	0.02	0.0	0.0	0.0	0.0	0.0	0.157	0.0	0.0	0.034	0.0	0.009	0.0	0.0	0.0	0.0	0.0	0.0	0.0	0.0	0.0	0.0	0.0	0.0	0.0	0.0	0.0	0.0	0.0
GJA1	P17302	False	CXA1_HUMAN		CPI-SS04829AC68	GJA1	0.028	0.025	0.044	0.0	0.062	0.029	1.05	0.058	0.0	0.0	0.0	0.354	2.39	1.198	2.145	0.735	0.0	0.0	0.112	0.052	0.072	0.05	0.0	0.0	0.0	0.012	0.075	0.048	0.0	0.016	0.035	0.0
GJC1	P36383	False	CXG1_HUMAN		CPI-SS0C4261737	GJC1	0.36	0.013	0.073	0.076	0.557	0.166	0.039	0.079	0.116	0.062	0.184	0.044	0.034	0.0	0.242	0.0	0.0	0.175	0.0	0.044	0.479	0.07	0.494	0.092	0.0	0.178	0.088	0.278	0.195	0.173	0.093	0.125
GJA1	P17302	False	CXA1_HUMAN		CPI-SS024F36886	GJA1	0.028	0.025	0.044	0.0	0.062	0.029	1.05	0.058	0.0	0.0	0.0	0.354	2.39	1.198	2.145	0.735	0.0	0.0	0.112	0.052	0.072	0.05	0.0	0.0	0.0	0.012	0.075	0.048	0.0	0.016	0.035	0.0
GJA5	P36382	False	CXA5_HUMAN		CPI-SS0ACFA4F22	GJA5	0.006	0.0	0.0	0.026	0.0	0.047	0.0	0.0	0.0	0.0	0.038	0.0	0.0	0.0	0.0	0.0	0.0	0.0	0.0	0.0	0.013	0.0	0.0	0.0	0.0	0.0	0.0	0.0	0.0	0.0	0.0	0.022
GJC1	P36383	False	CXG1_HUMAN		CPI-SS0E7883ADC	GJC1	0.36	0.013	0.073	0.076	0.557	0.166	0.039	0.079	0.116	0.062	0.184	0.044	0.034	0.0	0.242	0.0	0.0	0.175	0.0	0.044	0.479	0.07	0.494	0.092	0.0	0.178	0.088	0.278	0.195	0.173	0.093	0.125
GJC1	P36383	False	CXG1_HUMAN		CPI-SS0CEFF4625	GJC1	0.36	0.013	0.073	0.076	0.557	0.166	0.039	0.079	0.116	0.062	0.184	0.044	0.034	0.0	0.242	0.0	0.0	0.175	0.0	0.044	0.479	0.07	0.494	0.092	0.0	0.178	0.088	0.278	0.195	0.173	0.093	0.125
JAM3	Q9BX67	False	JAM3_HUMAN		CPI-SS0F9D53834	JAM3	0.282	0.115	0.072	0.09	0.123	0.197	0.505	0.084	0.285	0.214	0.359	0.504	0.277	0.267	0.629	0.108	0.0	0.018	0.217	0.436	0.327	0.274	0.226	0.439	0.853	0.273	0.145	0.455	0.439	0.157	0.153	0.186
L1CAM	P32004	False	L1CAM_HUMAN		CPI-SC030C83222	L1CAM	2.016	0.684	0.144	1.589	0.421	1.764	0.523	1.4	2.311	2.095	1.815	0.081	0.159	0.22	0.443	0.687	0.0	0.047	0.87	2.018	2.507	1.503	1.766	1.321	0.0	1.462	1.884	1.662	1.636	1.598	2.461	1.364
L1CAM	P32004	False	L1CAM_HUMAN		CPI-SS0ACD487F0	L1CAM	2.016	0.684	0.144	1.589	0.421	1.764	0.523	1.4	2.311	2.095	1.815	0.081	0.159	0.22	0.443	0.687	0.0	0.047	0.87	2.018	2.507	1.503	1.766	1.321	0.0	1.462	1.884	1.662	1.636	1.598	2.461	1.364
NECTIN1	Q15223	False	PVRL1_HUMAN		CPI-SS00661A3A4	NECTIN1	1.133	0.0	0.568	0.086	1.488	0.439	0.225	0.061	0.391	0.484	1.154	0.131	0.5	0.256	0.384	0.0	0.0	0.117	0.158	0.899	0.961	0.833	0.586	0.767	0.0	0.887	0.361	0.907	0.821	1.143	0.583	0.814
NECTIN1	Q15223	False	PVRL1_HUMAN		CPI-SS01E0F2D2C	NECTIN1	1.133	0.0	0.568	0.086	1.488	0.439	0.225	0.061	0.391	0.484	1.154	0.131	0.5	0.256	0.384	0.0	0.0	0.117	0.158	0.899	0.961	0.833	0.586	0.767	0.0	0.887	0.361	0.907	0.821	1.143	0.583	0.814
THBS1	P07996	False	TSP1_HUMAN		CPI-SS0C93E48D7	THBS1	0.019	0.0	0.0	0.0	0.0	0.0	0.0	0.0	0.096	0.0	0.0	0.0	0.0	0.0	0.068	0.0	0.0	0.031	0.0	0.0	0.024	0.0	0.0	0.078	0.539	0.025	0.022	0.0	0.045	0.022	0.0	0.013
THBS2	P35442	False	TSP2_HUMAN		CPI-SS0914C7C85	THBS2	0.024	0.0	0.0	0.0	0.0	0.411	0.476	0.024	0.0	0.0	0.0	0.0	0.0	0.128	0.125	0.0	0.0	0.0	0.0	0.064	0.0	0.123	0.0	0.0	0.0	0.007	0.0	0.074	0.0	0.027	0.021	0.015
ENTPD1	P49961	False	ENTP1_HUMAN		CPI-SS026C7F8A2	ENTPD1	0.052	0.108	2.04	0.035	0.0	0.062	0.074	0.0	0.0	0.0	0.0	0.0	0.0	0.045	0.054	0.0	0.0	0.046	0.08	0.0	0.0	0.043	0.166	0.037	0.0	0.03	0.0	0.018	0.0	0.017	0.0	0.0
ENTPD1	P49961	False	ENTP1_HUMAN		CPI-SS0E90C46BC	ENTPD1	0.052	0.108	2.04	0.035	0.0	0.062	0.074	0.0	0.0	0.0	0.0	0.0	0.0	0.045	0.054	0.0	0.0	0.046	0.08	0.0	0.0	0.043	0.166	0.037	0.0	0.03	0.0	0.018	0.0	0.017	0.0	0.0
ENTPD1	P49961	False	ENTP1_HUMAN		CPI-SS0276D5C7E	ENTPD1	0.052	0.108	2.04	0.035	0.0	0.062	0.074	0.0	0.0	0.0	0.0	0.0	0.0	0.045	0.054	0.0	0.0	0.046	0.08	0.0	0.0	0.043	0.166	0.037	0.0	0.03	0.0	0.018	0.0	0.017	0.0	0.0
POMC	P01189	False	COLI_HUMAN		CPI-SS0C0E2C69C	POMC	0.009	0.013	0.0	0.0	0.0	0.0	0.0	0.046	0.039	0.0	0.018	0.0	0.0	0.038	0.0	0.0	0.0	0.024	0.0	0.0	0.0	0.0	0.121	0.0	0.0	0.073	0.0	0.046	0.037	0.0	0.011	0.0
POMC	P01189	False	COLI_HUMAN		CPI-SS0BE6DBE1A	POMC	0.009	0.013	0.0	0.0	0.0	0.0	0.0	0.046	0.039	0.0	0.018	0.0	0.0	0.038	0.0	0.0	0.0	0.024	0.0	0.0	0.0	0.0	0.121	0.0	0.0	0.073	0.0	0.046	0.037	0.0	0.011	0.0
AGRN	O00468	False	AGRIN_HUMAN		CPI-SS0593F278B	AGRN	0.989	1.07	0.214	0.384	0.892	0.991	0.467	1.333	2.087	1.049	0.213	0.642	1.131	1.633	2.132	1.997	0.0	0.518	0.502	0.81	0.833	0.55	1.173	0.332	1.665	1.017	1.386	0.794	0.772	0.367	0.93	0.812
LRRC4B	Q9NT99	False	LRC4B_HUMAN		CPI-SS023656B4B	LRRC4B	1.695	0.284	0.288	0.634	1.949	1.561	0.196	0.835	1.519	1.086	1.412	0.128	0.547	0.299	0.384	0.61	0.0	0.21	0.852	2.118	1.271	0.863	1.459	1.045	0.355	1.64	0.632	1.875	1.122	0.533	1.34	1.189
LRFN5	Q96NI6	False	LRFN5_HUMAN		CPI-SS0DCD351AD	LRFN5	1.149	0.316	0.116	0.549	1.348	0.163	0.024	0.619	0.531	1.2	0.431	0.044	0.142	0.082	0.382	0.0	0.0	0.047	0.209	0.451	0.151	0.13	1.119	0.297	0.439	0.78	0.737	0.873	1.178	0.796	0.829	0.607
LRRTM4	Q86VH4	False	LRRT4_HUMAN		CPI-SS08968FFAE	LRRTM4	2.415	0.424	0.451	1.817	3.007	1.576	0.303	0.368	1.812	0.384	3.214	0.195	1.073	0.157	1.207	0.744	0.0	0.112	0.417	2.145	1.389	1.106	2.096	1.908	0.0	2.628	0.487	3.566	2.088	0.967	2.682	1.563
SLITRK1	Q96PX8	False	SLIK1_HUMAN		CPI-SS000DBE90D	SLITRK1	1.265	0.164	0.073	0.449	0.796	1.429	0.06	0.118	0.799	0.22	0.431	0.114	0.129	0.039	0.13	0.0	0.0	0.103	0.35	1.195	0.344	0.284	0.886	0.941	0.0	1.401	0.754	1.175	0.711	0.443	0.688	0.588
SLITRK4	Q8IW52	False	SLIK4_HUMAN		CPI-SS0EEF491E3	SLITRK4	0.804	0.03	0.108	0.029	0.685	0.788	0.219	0.128	0.26	0.096	0.228	0.173	0.454	0.046	0.369	0.37	0.0	0.073	0.319	0.723	0.203	0.137	0.786	1.143	0.355	0.735	0.342	0.869	0.567	0.166	0.224	0.606
SLITRK5	O94991	False	SLIK5_HUMAN		CPI-SS05F136AA2	SLITRK5	0.614	0.079	0.059	0.271	0.708	0.43	0.057	0.042	0.638	0.169	0.774	0.0	0.324	0.12	0.459	0.189	0.0	0.029	0.08	0.461	0.493	0.115	0.307	1.47	0.0	0.503	0.308	0.596	0.637	0.146	0.76	0.362
SLITRK6	Q9H5Y7	False	SLIK6_HUMAN		CPI-SS0FAD26C76	SLITRK6	0.159	0.029	0.0	0.0	0.233	0.293	0.0	0.101	0.056	0.0	0.049	0.0	0.099	0.0	0.097	0.0	0.0	0.0	0.0	0.0	0.0	0.112	0.0	0.0	0.0	0.091	0.262	0.126	0.065	0.057	0.409	0.149
APP	P05067	False	A4_HUMAN		CPI-SS07ACDDCD6	APP	3.225	1.187	1.255	1.593	1.509	3.021	1.37	1.859	3.044	3.742	3.31	0.312	1.652	1.059	1.765	1.15	0.0	0.731	0.926	3.235	3.607	1.708	3.105	2.435	0.43	2.411	3.312	2.849	2.122	1.584	3.231	1.793
APP	P05067	False	A4_HUMAN		CPI-SS097A84265	APP	3.225	1.187	1.255	1.593	1.509	3.021	1.37	1.859	3.044	3.742	3.31	0.312	1.652	1.059	1.765	1.15	0.0	0.731	0.926	3.235	3.607	1.708	3.105	2.435	0.43	2.411	3.312	2.849	2.122	1.584	3.231	1.793
AGT	P01019	False	ANGT_HUMAN		CPI-SS05996C8FD	AGT	0.002	0.0	0.0	0.0	0.0	0.0	0.0	0.0	0.0	0.062	0.0	0.0	0.0	0.0	0.0	0.0	0.0	0.0	0.0	0.0	0.0	0.0	0.0	0.0	0.0	0.0	0.019	0.0	0.0	0.02	0.0	0.038
AGT	P01019	False	ANGT_HUMAN		CPI-SS069924427	AGT	0.002	0.0	0.0	0.0	0.0	0.0	0.0	0.0	0.0	0.062	0.0	0.0	0.0	0.0	0.0	0.0	0.0	0.0	0.0	0.0	0.0	0.0	0.0	0.0	0.0	0.0	0.019	0.0	0.0	0.02	0.0	0.038
TAFA4	Q96LR4	False	TAFA4_HUMAN		CPI-SS0F6EC6E44	TAFA4	0.275	0.032	0.0	0.0	0.036	0.528	0.121	0.837	0.053	0.297	0.128	0.038	0.103	0.036	0.092	0.0	0.0	0.074	0.104	0.0	0.44	0.104	0.305	0.136	0.439	0.205	0.876	0.53	0.303	1.649	0.927	0.275
NGF	P01138	False	NGF_HUMAN		CPI-SS052127A00	NGF	0.003	0.0	0.0	0.0	0.0	0.0	0.0	0.0	0.0	0.0	0.0	0.0	0.0	0.0	0.0	0.0	0.0	0.0	0.0	0.0	0.013	0.0	0.111	0.0	0.0	0.007	0.0	0.029	0.026	0.0	0.025	0.0
NTF3	P20783	False	NTF3_HUMAN		CPI-SS0BE3867AB	NTF3	0.016	0.0	0.0	0.0	0.0	0.0	0.0	0.0	0.05	0.0	0.0	0.0	0.0	0.0	0.0	0.0	0.0	0.0	0.0	0.0	0.0	0.0	0.0	0.0	0.0	0.005	0.0	0.0	0.0	0.0	0.0	0.0
NGF	P01138	False	NGF_HUMAN		CPI-SS0DD9B3D49	NGF	0.003	0.0	0.0	0.0	0.0	0.0	0.0	0.0	0.0	0.0	0.0	0.0	0.0	0.0	0.0	0.0	0.0	0.0	0.0	0.0	0.013	0.0	0.111	0.0	0.0	0.007	0.0	0.029	0.026	0.0	0.025	0.0
BDNF	P23560	False	BDNF_HUMAN		CPI-SS09A36B221	BDNF	0.212	0.061	0.042	0.327	0.0	0.0	0.012	0.107	0.569	0.882	0.078	0.0	0.0	0.0	0.037	0.0	0.0	0.0	0.146	0.0	0.279	0.04	0.139	0.029	0.0	0.033	0.339	0.46	0.529	0.331	0.446	0.22
BMP10	O95393	False	BMP10_HUMAN		CPI-SC04A52C935	BMP10	0.001	0.0	0.0	0.0	0.0	0.0	0.0	0.0	0.0	0.0	0.0	0.0	0.0	0.0	0.0	0.0	0.0	0.0	0.0	0.0	0.0	0.0	0.0	0.0	0.0	0.0	0.0	0.0	0.014	0.0	0.0	0.0
BMP10	O95393	False	BMP10_HUMAN		CPI-SC07C452E3D	BMP10	0.001	0.0	0.0	0.0	0.0	0.0	0.0	0.0	0.0	0.0	0.0	0.0	0.0	0.0	0.0	0.0	0.0	0.0	0.0	0.0	0.0	0.0	0.0	0.0	0.0	0.0	0.0	0.0	0.014	0.0	0.0	0.0
BMP2	P12643	False	BMP2_HUMAN		CPI-SC0464F1C6E	BMP2	0.0	0.025	0.0	0.0	0.032	0.0	0.0	0.0	0.0	0.0	0.0	0.0	0.0	0.0	0.0	0.0	0.0	0.0	0.0	0.0	0.0	0.0	0.0	0.0	0.0	0.0	0.0	0.0	0.0	0.0	0.0	0.0
BMP4	P12644	False	BMP4_HUMAN		CPI-SC052486D3E	BMP4	0.003	0.0	0.0	0.0	0.0	0.0	0.0	0.0	0.0	0.0	0.0	0.0	0.0	0.0	0.0	0.0	0.0	0.0	0.0	0.0	0.0	0.0	0.0	0.0	0.0	0.0	0.0	0.0	0.0	0.0	0.0	0.0
BMP7	P18075	False	BMP7_HUMAN		CPI-SC0BACF0481	BMP7	0.022	0.031	0.048	0.0	0.0	0.024	0.0	0.0	0.0	0.0	0.0	0.0	0.0	0.103	0.009	0.0	0.0	0.0	0.0	0.0	0.062	0.036	0.0	0.0	0.0	0.0	0.198	0.0	0.0	0.0	0.0	0.0
GDF5	P43026	False	GDF5_HUMAN		CPI-SC061191F76	GDF5	0.0	0.0	0.0	0.049	0.0	0.0	0.0	0.0	0.0	0.0	0.0	0.0	0.0	0.0	0.0	0.0	0.0	0.0	0.0	0.0	0.0	0.0	0.0	0.0	0.0	0.0	0.0	0.0	0.023	0.0	0.0	0.009
GDF7	Q7Z4P5	False	GDF7_HUMAN		CPI-SC08FDDEC16	GDF7	0.008	0.0	0.0	0.0	0.0	0.0	0.0	0.0	0.04	0.0	0.0	0.0	0.0	0.0	0.0	0.0	0.0	0.0	0.0	0.0	0.0	0.0	0.0	0.0	0.0	0.0	0.013	0.0	0.0	0.0	0.0	0.0
BMP2	P12643	False	BMP2_HUMAN		CPI-SC04266947A	BMP2	0.0	0.025	0.0	0.0	0.032	0.0	0.0	0.0	0.0	0.0	0.0	0.0	0.0	0.0	0.0	0.0	0.0	0.0	0.0	0.0	0.0	0.0	0.0	0.0	0.0	0.0	0.0	0.0	0.0	0.0	0.0	0.0
BMP4	P12644	False	BMP4_HUMAN		CPI-SC01D95B14C	BMP4	0.003	0.0	0.0	0.0	0.0	0.0	0.0	0.0	0.0	0.0	0.0	0.0	0.0	0.0	0.0	0.0	0.0	0.0	0.0	0.0	0.0	0.0	0.0	0.0	0.0	0.0	0.0	0.0	0.0	0.0	0.0	0.0
BMP7	P18075	False	BMP7_HUMAN		CPI-SC049520B40	BMP7	0.022	0.031	0.048	0.0	0.0	0.024	0.0	0.0	0.0	0.0	0.0	0.0	0.0	0.103	0.009	0.0	0.0	0.0	0.0	0.0	0.062	0.036	0.0	0.0	0.0	0.0	0.198	0.0	0.0	0.0	0.0	0.0
GDF5	P43026	False	GDF5_HUMAN		CPI-SC02AACC81C	GDF5	0.0	0.0	0.0	0.049	0.0	0.0	0.0	0.0	0.0	0.0	0.0	0.0	0.0	0.0	0.0	0.0	0.0	0.0	0.0	0.0	0.0	0.0	0.0	0.0	0.0	0.0	0.0	0.0	0.023	0.0	0.0	0.009
GDF7	Q7Z4P5	False	GDF7_HUMAN		CPI-SC02B778C0B	GDF7	0.008	0.0	0.0	0.0	0.0	0.0	0.0	0.0	0.04	0.0	0.0	0.0	0.0	0.0	0.0	0.0	0.0	0.0	0.0	0.0	0.0	0.0	0.0	0.0	0.0	0.0	0.013	0.0	0.0	0.0	0.0	0.0
BMP2	P12643	False	BMP2_HUMAN		CPI-SC070B9F112	BMP2	0.0	0.025	0.0	0.0	0.032	0.0	0.0	0.0	0.0	0.0	0.0	0.0	0.0	0.0	0.0	0.0	0.0	0.0	0.0	0.0	0.0	0.0	0.0	0.0	0.0	0.0	0.0	0.0	0.0	0.0	0.0	0.0
BMP4	P12644	False	BMP4_HUMAN		CPI-SC0915DDE22	BMP4	0.003	0.0	0.0	0.0	0.0	0.0	0.0	0.0	0.0	0.0	0.0	0.0	0.0	0.0	0.0	0.0	0.0	0.0	0.0	0.0	0.0	0.0	0.0	0.0	0.0	0.0	0.0	0.0	0.0	0.0	0.0	0.0
BMP7	P18075	False	BMP7_HUMAN		CPI-SC0B1EBCCC6	BMP7	0.022	0.031	0.048	0.0	0.0	0.024	0.0	0.0	0.0	0.0	0.0	0.0	0.0	0.103	0.009	0.0	0.0	0.0	0.0	0.0	0.062	0.036	0.0	0.0	0.0	0.0	0.198	0.0	0.0	0.0	0.0	0.0
GDF7	Q7Z4P5	False	GDF7_HUMAN		CPI-SC0A1278CD8	GDF7	0.008	0.0	0.0	0.0	0.0	0.0	0.0	0.0	0.04	0.0	0.0	0.0	0.0	0.0	0.0	0.0	0.0	0.0	0.0	0.0	0.0	0.0	0.0	0.0	0.0	0.0	0.013	0.0	0.0	0.0	0.0	0.0
BDNF	P23560	False	BDNF_HUMAN		CPI-SS0BA601DC4	BDNF	0.212	0.061	0.042	0.327	0.0	0.0	0.012	0.107	0.569	0.882	0.078	0.0	0.0	0.0	0.037	0.0	0.0	0.0	0.146	0.0	0.279	0.04	0.139	0.029	0.0	0.033	0.339	0.46	0.529	0.331	0.446	0.22
NTN4	Q9HB63	False	NET4_HUMAN		CPI-SS0E3AA6B7B	NTN4	0.111	0.031	0.113	0.0	0.028	0.0	0.333	0.079	0.135	0.0	0.062	0.135	0.157	0.163	0.087	0.223	0.0	0.075	0.112	0.088	0.094	0.041	0.105	0.201	0.0	0.118	0.014	0.102	0.116	0.105	0.065	0.106
NTF3	P20783	False	NTF3_HUMAN		CPI-SS093E05DD4	NTF3	0.016	0.0	0.0	0.0	0.0	0.0	0.0	0.0	0.05	0.0	0.0	0.0	0.0	0.0	0.0	0.0	0.0	0.0	0.0	0.0	0.0	0.0	0.0	0.0	0.0	0.005	0.0	0.0	0.0	0.0	0.0	0.0
NTF4	P34130	False	NTF4_HUMAN		CPI-SS088C1035B	NTF4	0.014	0.019	0.0	0.0	0.0	0.07	0.053	0.0	0.0	0.0	0.0	0.0	0.0	0.0	0.0	0.0	0.0	0.0	0.0	0.152	0.0	0.0	0.0	0.0	0.0	0.011	0.0	0.018	0.026	0.02	0.0	0.018
CLSTN1	O94985	False	CSTN1_HUMAN		CPI-SS084EA55C0	CLSTN1	2.324	1.208	0.452	2.116	1.086	2.04	0.534	1.959	2.283	2.588	2.343	0.569	0.73	0.813	0.637	1.441	0.0	0.403	1.34	2.34	2.246	1.726	2.145	2.236	0.56	1.667	2.618	2.289	1.838	2.413	2.981	1.888
CLSTN2	Q9H4D0	False	CSTN2_HUMAN		CPI-SS09A6C048C	CLSTN2	2.17	2.908	0.247	0.839	1.005	2.054	1.415	3.406	3.306	1.9	0.954	0.053	0.292	0.183	0.39	0.977	0.0	0.028	0.908	1.78	1.368	3.345	2.189	2.65	1.847	1.847	1.924	1.856	1.134	1.656	4.889	1.686
LRRTM1	Q86UE6	False	LRRT1_HUMAN		CPI-SS043D3630C	LRRTM1	0.498	0.046	0.109	0.145	0.364	0.107	0.063	0.079	0.226	0.0	0.377	0.195	0.056	0.158	0.313	0.108	0.0	0.056	0.08	0.481	0.023	0.098	0.313	0.037	0.355	0.537	0.037	0.295	0.452	0.095	0.046	0.29
LRRTM2	O43300	False	LRRT2_HUMAN		CPI-SS0E5F8A5F7	LRRTM2	0.646	0.053	0.047	0.176	0.419	0.267	0.098	0.141	0.459	0.128	0.322	0.028	0.035	0.096	0.009	0.0	0.0	0.0	0.112	0.602	0.281	0.125	0.254	0.628	0.0	0.74	0.24	0.484	0.312	0.343	0.277	0.29
LRRTM4	Q86VH4	False	LRRT4_HUMAN		CPI-SS03466C597	LRRTM4	2.415	0.424	0.451	1.817	3.007	1.576	0.303	0.368	1.812	0.384	3.214	0.195	1.073	0.157	1.207	0.744	0.0	0.112	0.417	2.145	1.389	1.106	2.096	1.908	0.0	2.628	0.487	3.566	2.088	0.967	2.682	1.563
NLGN1	Q8N2Q7	False	NLGN1_HUMAN		CPI-SS0D2DF7881	NLGN1	2.578	1.08	0.287	2.231	3.268	1.932	0.819	2.447	1.48	1.491	1.87	0.837	2.418	2.384	2.494	0.496	4.302	0.22	0.862	1.854	0.854	3.084	1.208	2.134	0.585	2.696	2.896	2.686	2.233	1.859	2.047	1.916
NLGN2	Q8NFZ4	False	NLGN2_HUMAN		CPI-SS0B360C289	NLGN2	1.579	1.535	0.145	0.678	1.922	1.959	0.592	0.298	1.344	0.404	2.097	0.124	0.978	0.262	0.565	0.383	0.0	0.54	0.401	1.949	0.788	1.479	1.237	2.337	0.0	1.333	0.581	1.369	1.541	0.534	1.515	1.104
NLGN3	Q9NZ94	False	NLGN3_HUMAN		CPI-SS0613D0B62	NLGN3	0.962	2.194	0.132	1.207	2.168	1.212	0.308	1.492	0.264	1.502	1.07	0.534	1.035	0.783	1.104	0.613	0.0	0.379	0.362	1.141	0.968	1.055	2.284	0.551	0.0	1.145	0.112	0.992	0.967	0.895	0.842	0.851
NLGN4Y	Q8NFZ3	False	NLGNY_HUMAN		CPI-SS0CCB5F46B	NLGN4Y	1.334	1.019	0.154	1.523	0.915	0.929	0.047	0.615	0.66	0.0	0.642	0.03	0.127	0.0	0.12	0.0	0.0	0.057	0.139	1.254	0.417	0.751	0.65	1.333	0.0	1.173	0.078	0.989	1.236	0.292	0.741	0.82
CLSTN1	O94985	False	CSTN1_HUMAN		CPI-SS0BF9265F0	CLSTN1	2.324	1.208	0.452	2.116	1.086	2.04	0.534	1.959	2.283	2.588	2.343	0.569	0.73	0.813	0.637	1.441	0.0	0.403	1.34	2.34	2.246	1.726	2.145	2.236	0.56	1.667	2.618	2.289	1.838	2.413	2.981	1.888
CLSTN2	Q9H4D0	False	CSTN2_HUMAN		CPI-SS093707FE0	CLSTN2	2.17	2.908	0.247	0.839	1.005	2.054	1.415	3.406	3.306	1.9	0.954	0.053	0.292	0.183	0.39	0.977	0.0	0.028	0.908	1.78	1.368	3.345	2.189	2.65	1.847	1.847	1.924	1.856	1.134	1.656	4.889	1.686
LRRTM1	Q86UE6	False	LRRT1_HUMAN		CPI-SS0888FD8F7	LRRTM1	0.498	0.046	0.109	0.145	0.364	0.107	0.063	0.079	0.226	0.0	0.377	0.195	0.056	0.158	0.313	0.108	0.0	0.056	0.08	0.481	0.023	0.098	0.313	0.037	0.355	0.537	0.037	0.295	0.452	0.095	0.046	0.29
LRRTM2	O43300	False	LRRT2_HUMAN		CPI-SS023A16921	LRRTM2	0.646	0.053	0.047	0.176	0.419	0.267	0.098	0.141	0.459	0.128	0.322	0.028	0.035	0.096	0.009	0.0	0.0	0.0	0.112	0.602	0.281	0.125	0.254	0.628	0.0	0.74	0.24	0.484	0.312	0.343	0.277	0.29
LRRTM4	Q86VH4	False	LRRT4_HUMAN		CPI-SS06157E5AF	LRRTM4	2.415	0.424	0.451	1.817	3.007	1.576	0.303	0.368	1.812	0.384	3.214	0.195	1.073	0.157	1.207	0.744	0.0	0.112	0.417	2.145	1.389	1.106	2.096	1.908	0.0	2.628	0.487	3.566	2.088	0.967	2.682	1.563
NLGN1	Q8N2Q7	False	NLGN1_HUMAN		CPI-SS0CF0A8519	NLGN1	2.578	1.08	0.287	2.231	3.268	1.932	0.819	2.447	1.48	1.491	1.87	0.837	2.418	2.384	2.494	0.496	4.302	0.22	0.862	1.854	0.854	3.084	1.208	2.134	0.585	2.696	2.896	2.686	2.233	1.859	2.047	1.916
NLGN2	Q8NFZ4	False	NLGN2_HUMAN		CPI-SS0934535FF	NLGN2	1.579	1.535	0.145	0.678	1.922	1.959	0.592	0.298	1.344	0.404	2.097	0.124	0.978	0.262	0.565	0.383	0.0	0.54	0.401	1.949	0.788	1.479	1.237	2.337	0.0	1.333	0.581	1.369	1.541	0.534	1.515	1.104
NLGN3	Q9NZ94	False	NLGN3_HUMAN		CPI-SS074EA7741	NLGN3	0.962	2.194	0.132	1.207	2.168	1.212	0.308	1.492	0.264	1.502	1.07	0.534	1.035	0.783	1.104	0.613	0.0	0.379	0.362	1.141	0.968	1.055	2.284	0.551	0.0	1.145	0.112	0.992	0.967	0.895	0.842	0.851
NLGN4Y	Q8NFZ3	False	NLGNY_HUMAN		CPI-SS07C26C799	NLGN4Y	1.334	1.019	0.154	1.523	0.915	0.929	0.047	0.615	0.66	0.0	0.642	0.03	0.127	0.0	0.12	0.0	0.0	0.057	0.139	1.254	0.417	0.751	0.65	1.333	0.0	1.173	0.078	0.989	1.236	0.292	0.741	0.82
CXCL12	P48061	False	SDF1_HUMAN		CPI-SS0B1B18F2D	CXCL12	0.032	0.0	0.0	0.0	0.0	0.0	0.054	0.031	0.0	0.0	0.0	0.0	0.085	0.222	0.063	0.0	0.0	0.03	0.0	0.0	0.0	0.049	0.0	0.0	0.0	0.018	0.02	0.014	0.028	0.0	0.0	0.046
CXCL12	P48061	False	SDF1_HUMAN		CPI-SS0A28DCA72	CXCL12	0.032	0.0	0.0	0.0	0.0	0.0	0.054	0.031	0.0	0.0	0.0	0.0	0.085	0.222	0.063	0.0	0.0	0.03	0.0	0.0	0.0	0.049	0.0	0.0	0.0	0.018	0.02	0.014	0.028	0.0	0.0	0.046
CXCL14	O95715	False	CXL14_HUMAN		CPI-SS0669CC233	CXCL14	0.041	0.0	0.034	0.031	0.783	0.079	0.17	0.0	0.0	0.165	0.238	0.185	0.638	0.187	0.358	0.431	0.0	0.028	0.0	0.266	0.091	0.0	0.115	0.675	0.0	0.029	0.032	0.19	0.138	0.695	0.0	0.086
CCK	P06307	False	CCKN_HUMAN		CPI-SS0EA96C304	CCK	0.304	0.043	0.099	0.047	0.226	0.298	0.258	0.271	0.307	0.355	0.112	0.192	0.559	0.291	0.818	0.0	0.0	0.093	0.368	0.299	0.029	0.675	0.143	0.199	0.0	0.181	0.169	0.713	0.272	1.834	1.929	0.29
CCK	P06307	False	CCKN_HUMAN		CPI-SS00AD71822	CCK	0.304	0.043	0.099	0.047	0.226	0.298	0.258	0.271	0.307	0.355	0.112	0.192	0.559	0.291	0.818	0.0	0.0	0.093	0.368	0.299	0.029	0.675	0.143	0.199	0.0	0.181	0.169	0.713	0.272	1.834	1.929	0.29
TSHB	P01222	False	TSHB_HUMAN		CPI-SS0C7833961	TSHB	0.039	0.056	0.0	0.032	0.026	0.0	0.0	0.0	0.139	0.0	0.0	0.0	0.0	0.0	0.0	0.0	0.0	0.0	0.0	0.0	0.013	0.0	0.0	0.0	0.0	0.027	0.046	0.035	0.052	0.069	0.041	0.0
C1QL1	O75973	False	C1QRF_HUMAN		CPI-SS0F62347D4	C1QL1	0.028	0.0	0.0	0.0	0.0	0.063	0.0	0.0	0.0	0.0	0.0	0.0	0.0	0.0	0.0	0.0	0.0	0.0	0.0	0.189	0.0	0.0	0.131	0.0	0.0	0.014	0.0	0.023	0.0	0.0	0.022	0.0
C1QL2	Q7Z5L3	False	C1QL2_HUMAN		CPI-SS0EB51E2A2	C1QL2	0.011	0.071	0.0	0.0	0.0	0.042	0.0	0.0	0.0	0.0	0.0	0.0	0.0	0.0	0.0	0.0	0.0	0.0	0.0	0.0	0.0	0.0	0.0	0.0	0.0	0.0	0.0	0.0	0.0	0.019	0.0	0.019
C1QL3	Q5VWW1	False	C1QL3_HUMAN		CPI-SS0348885FD	C1QL3	0.025	0.0	0.0	0.0	0.032	0.0	0.0	0.032	0.0	0.0	0.028	0.0	0.0	0.0	0.073	0.0	0.0	0.028	0.0	0.0	0.0	0.0	0.0	0.0	0.0	0.029	0.008	0.014	0.016	0.0	0.0	0.0
C3	P01024	False	CO3_HUMAN		CPI-SS00F4019EA	C3	0.056	0.051	0.507	0.0	0.07	0.109	0.0	0.031	0.035	0.14	0.022	0.0	0.0	0.042	0.009	0.0	0.0	0.024	0.0	0.094	0.07	0.0	0.0	0.0	0.0	0.035	0.07	0.052	0.049	0.0	0.07	0.113
C5	P01031	False	CO5_HUMAN		CPI-SS0A7E3A1AF	C5	0.0	0.0	0.0	0.0	0.0	0.0	0.0	0.0	0.0	0.0	0.0	0.0	0.0	0.0	0.0	0.0	0.0	0.0	0.0	0.0	0.0	0.0	0.0	0.0	0.0	0.0	0.01	0.0	0.0	0.0	0.0	0.0
CRH	P06850	False	CRF_HUMAN		CPI-SS06B1216BE	CRH	0.066	0.0	0.0	0.0	0.029	0.085	0.0	0.0	0.023	0.0	0.0	0.0	0.035	0.0	0.0	0.0	0.0	0.0	0.0	0.0	0.289	0.0	0.0	0.0	0.0	0.056	0.0	0.123	0.091	0.0	0.0	0.075
UCN	P55089	False	UCN1_HUMAN		CPI-SS0A748917D	UCN	0.011	0.028	0.0	0.0	0.0	0.0	0.0	0.0	0.0	0.0	0.0	0.0	0.0	0.0	0.009	0.0	0.0	0.0	0.0	0.0	0.0	0.0	0.0	0.0	0.0	0.0	0.05	0.0	0.027	0.057	0.0	0.0
CRH	P06850	False	CRF_HUMAN		CPI-SS0A05319F5	CRH	0.066	0.0	0.0	0.0	0.029	0.085	0.0	0.0	0.023	0.0	0.0	0.0	0.035	0.0	0.0	0.0	0.0	0.0	0.0	0.0	0.289	0.0	0.0	0.0	0.0	0.056	0.0	0.123	0.091	0.0	0.0	0.075
UCN	P55089	False	UCN1_HUMAN		CPI-SS0E654708F	UCN	0.011	0.028	0.0	0.0	0.0	0.0	0.0	0.0	0.0	0.0	0.0	0.0	0.0	0.0	0.009	0.0	0.0	0.0	0.0	0.0	0.0	0.0	0.0	0.0	0.0	0.0	0.05	0.0	0.027	0.057	0.0	0.0
UCN3	Q969E3	False	UCN3_HUMAN		CPI-SS017F03E67	UCN3	0.035	0.0	0.0	0.0	0.0	0.039	0.024	0.0	0.0	0.0	0.0	0.0	0.0	0.0	0.061	0.0	0.0	0.0	0.0	0.0	0.0	0.175	0.0	0.0	0.0	0.019	0.0	0.047	0.056	0.0	0.0	0.0
CSF3	P09919	False	CSF3_HUMAN		CPI-SS08376F0E6	CSF3	0.002	0.0	0.0	0.0	0.039	0.0	0.0	0.049	0.0	0.0	0.0	0.0	0.0	0.0	0.052	0.0	0.0	0.0	0.0	0.0	0.0	0.0	0.0	0.0	0.0	0.0	0.0	0.0	0.026	0.0	0.0	0.0
DHH	O43323	False	DHH_HUMAN		CPI-SC006556DF8	DHH	0.0	0.0	0.0	0.0	0.0	0.0	0.068	0.0	0.0	0.0	0.0	0.0	0.0	0.0	0.0	0.0	0.0	0.0	0.0	0.0	0.039	0.0	0.0	0.0	0.0	0.0	0.008	0.0	0.0	0.0	0.0	0.0
IHH	Q14623	False	IHH_HUMAN		CPI-SC0037338E6	IHH	0.0	0.0	0.0	0.0	0.0	0.0	0.0	0.0	0.0	0.0	0.0	0.0	0.0	0.0	0.0	0.0	0.0	0.0	0.0	0.0	0.079	0.0	0.0	0.0	0.0	0.007	0.0	0.0	0.0	0.0	0.0	0.0
SHH	Q15465	False	SHH_HUMAN		CPI-SC006170BDC	SHH	0.069	0.018	0.037	0.023	0.0	0.292	0.085	0.037	0.128	0.0	0.0	0.112	0.0	0.716	0.382	0.0	0.0	0.028	0.112	0.425	0.322	0.0	0.0	0.05	0.0	0.189	0.0	0.039	0.0	0.0	0.08	0.063
DHH	O43323	False	DHH_HUMAN		CPI-SC0ABE55781	DHH	0.0	0.0	0.0	0.0	0.0	0.0	0.068	0.0	0.0	0.0	0.0	0.0	0.0	0.0	0.0	0.0	0.0	0.0	0.0	0.0	0.039	0.0	0.0	0.0	0.0	0.0	0.008	0.0	0.0	0.0	0.0	0.0
IHH	Q14623	False	IHH_HUMAN		CPI-SC036B73615	IHH	0.0	0.0	0.0	0.0	0.0	0.0	0.0	0.0	0.0	0.0	0.0	0.0	0.0	0.0	0.0	0.0	0.0	0.0	0.0	0.0	0.079	0.0	0.0	0.0	0.0	0.007	0.0	0.0	0.0	0.0	0.0	0.0
SHH	Q15465	False	SHH_HUMAN		CPI-SC08B0B5F27	SHH	0.069	0.018	0.037	0.023	0.0	0.292	0.085	0.037	0.128	0.0	0.0	0.112	0.0	0.716	0.382	0.0	0.0	0.028	0.112	0.425	0.322	0.0	0.0	0.05	0.0	0.189	0.0	0.039	0.0	0.0	0.08	0.063
DHH	O43323	False	DHH_HUMAN		CPI-SC03021510C	DHH	0.0	0.0	0.0	0.0	0.0	0.0	0.068	0.0	0.0	0.0	0.0	0.0	0.0	0.0	0.0	0.0	0.0	0.0	0.0	0.0	0.039	0.0	0.0	0.0	0.0	0.0	0.008	0.0	0.0	0.0	0.0	0.0
IHH	Q14623	False	IHH_HUMAN		CPI-SC0C3E862AA	IHH	0.0	0.0	0.0	0.0	0.0	0.0	0.0	0.0	0.0	0.0	0.0	0.0	0.0	0.0	0.0	0.0	0.0	0.0	0.0	0.0	0.079	0.0	0.0	0.0	0.0	0.007	0.0	0.0	0.0	0.0	0.0	0.0
SHH	Q15465	False	SHH_HUMAN		CPI-SC07F2D6624	SHH	0.069	0.018	0.037	0.023	0.0	0.292	0.085	0.037	0.128	0.0	0.0	0.112	0.0	0.716	0.382	0.0	0.0	0.028	0.112	0.425	0.322	0.0	0.0	0.05	0.0	0.189	0.0	0.039	0.0	0.0	0.08	0.063
DHH	O43323	False	DHH_HUMAN		CPI-SS07C846DEE	DHH	0.0	0.0	0.0	0.0	0.0	0.0	0.068	0.0	0.0	0.0	0.0	0.0	0.0	0.0	0.0	0.0	0.0	0.0	0.0	0.0	0.039	0.0	0.0	0.0	0.0	0.0	0.008	0.0	0.0	0.0	0.0	0.0
IHH	Q14623	False	IHH_HUMAN		CPI-SS055233B99	IHH	0.0	0.0	0.0	0.0	0.0	0.0	0.0	0.0	0.0	0.0	0.0	0.0	0.0	0.0	0.0	0.0	0.0	0.0	0.0	0.0	0.079	0.0	0.0	0.0	0.0	0.007	0.0	0.0	0.0	0.0	0.0	0.0
SHH	Q15465	False	SHH_HUMAN		CPI-SS0F7A89A4F	SHH	0.069	0.018	0.037	0.023	0.0	0.292	0.085	0.037	0.128	0.0	0.0	0.112	0.0	0.716	0.382	0.0	0.0	0.028	0.112	0.425	0.322	0.0	0.0	0.05	0.0	0.189	0.0	0.039	0.0	0.0	0.08	0.063
EDN2	P20800	False	EDN2_HUMAN		CPI-SS056AA08CF	EDN2	0.002	0.0	0.0	0.0	0.0	0.0	0.0	0.0	0.0	0.0	0.0	0.0	0.0	0.0	0.0	0.0	0.0	0.0	0.0	0.0	0.0	0.0	0.0	0.0	0.0	0.013	0.0	0.0	0.0	0.0	0.0	0.0
EDN3	P14138	False	EDN3_HUMAN		CPI-SS03D5CBF55	EDN3	0.01	0.0	0.0	0.0	0.0	0.468	0.0	0.0	0.036	0.062	0.041	0.0	0.0	0.0	0.0	0.0	0.0	0.0	0.0	0.0	0.0	0.0	0.0	0.053	0.0	0.0	0.0	0.021	0.0	0.0	0.022	0.0
EDN2	P20800	False	EDN2_HUMAN		CPI-SS0CA5B3B8E	EDN2	0.002	0.0	0.0	0.0	0.0	0.0	0.0	0.0	0.0	0.0	0.0	0.0	0.0	0.0	0.0	0.0	0.0	0.0	0.0	0.0	0.0	0.0	0.0	0.0	0.0	0.013	0.0	0.0	0.0	0.0	0.0	0.0
EDN3	P14138	False	EDN3_HUMAN		CPI-SS0696491A3	EDN3	0.01	0.0	0.0	0.0	0.0	0.468	0.0	0.0	0.036	0.062	0.041	0.0	0.0	0.0	0.0	0.0	0.0	0.0	0.0	0.0	0.0	0.0	0.0	0.053	0.0	0.0	0.0	0.021	0.0	0.0	0.022	0.0
EFNA1	P20827	False	EFNA1_HUMAN		CPI-SS09CA492BA	EFNA1	0.064	0.0	0.0	0.079	0.199	0.0	0.075	0.035	0.069	0.0	0.0	0.0	0.0	0.11	0.068	0.0	0.0	0.382	0.0	0.028	0.039	0.036	0.059	0.222	0.0	0.15	0.065	0.173	0.057	0.011	0.245	0.073
EFNA2	O43921	False	EFNA2_HUMAN		CPI-SS0C875BA24	EFNA2	0.515	0.184	0.034	0.111	0.128	0.69	0.137	0.156	0.176	0.118	0.383	0.284	0.107	0.291	0.308	0.247	0.0	0.0	0.0	0.394	0.623	0.418	0.081	1.233	0.439	0.266	0.161	0.335	0.37	0.261	0.672	0.437
EFNA3	P52797	False	EFNA3_HUMAN		CPI-SS0EF309375	EFNA3	0.702	0.024	0.074	1.037	0.345	0.523	0.237	0.0	0.065	0.215	0.579	0.46	0.546	0.263	0.461	1.138	0.0	0.062	0.306	0.056	0.201	0.0	0.415	0.87	0.0	0.96	0.242	0.394	0.671	0.188	0.69	0.421
EFNA5	P52803	False	EFNA5_HUMAN		CPI-SS0C70ADA28	EFNA5	0.344	0.395	0.0	0.156	0.0	0.0	0.232	0.669	0.423	0.0	0.109	0.115	0.138	0.479	0.294	0.717	0.0	0.027	0.0	0.0	1.435	0.0	0.0	0.0	0.0	0.291	0.072	0.303	0.67	0.022	0.058	0.088
EFNA1	P20827	False	EFNA1_HUMAN		CPI-SS0EBFE1854	EFNA1	0.064	0.0	0.0	0.079	0.199	0.0	0.075	0.035	0.069	0.0	0.0	0.0	0.0	0.11	0.068	0.0	0.0	0.382	0.0	0.028	0.039	0.036	0.059	0.222	0.0	0.15	0.065	0.173	0.057	0.011	0.245	0.073
EFNA2	O43921	False	EFNA2_HUMAN		CPI-SS0E63AB61E	EFNA2	0.515	0.184	0.034	0.111	0.128	0.69	0.137	0.156	0.176	0.118	0.383	0.284	0.107	0.291	0.308	0.247	0.0	0.0	0.0	0.394	0.623	0.418	0.081	1.233	0.439	0.266	0.161	0.335	0.37	0.261	0.672	0.437
EFNA3	P52797	False	EFNA3_HUMAN		CPI-SS05B4EB419	EFNA3	0.702	0.024	0.074	1.037	0.345	0.523	0.237	0.0	0.065	0.215	0.579	0.46	0.546	0.263	0.461	1.138	0.0	0.062	0.306	0.056	0.201	0.0	0.415	0.87	0.0	0.96	0.242	0.394	0.671	0.188	0.69	0.421
EFNA5	P52803	False	EFNA5_HUMAN		CPI-SS0FC01B947	EFNA5	0.344	0.395	0.0	0.156	0.0	0.0	0.232	0.669	0.423	0.0	0.109	0.115	0.138	0.479	0.294	0.717	0.0	0.027	0.0	0.0	1.435	0.0	0.0	0.0	0.0	0.291	0.072	0.303	0.67	0.022	0.058	0.088
EFNB1	P98172	False	EFNB1_HUMAN		CPI-SS03446CB39	EFNB1	0.162	0.019	0.146	0.029	0.0	0.109	0.066	0.06	0.096	0.0	0.0	0.246	0.203	0.215	0.359	0.151	0.0	0.0	0.0	0.4	0.026	0.352	0.0	0.166	0.335	0.11	0.0	0.031	0.185	0.081	0.313	0.2
EFNB2	P52799	False	EFNB2_HUMAN		CPI-SS087E0E3FB	EFNB2	0.37	0.165	0.195	0.133	0.259	0.397	0.113	0.266	0.177	0.63	0.112	0.049	0.511	0.0	0.127	0.882	3.23	0.055	0.0	0.349	0.471	0.17	0.229	0.0	0.785	0.484	0.577	0.504	0.191	0.307	0.136	0.375
EFNB3	Q15768	False	EFNB3_HUMAN		CPI-SS084B1ED25	EFNB3	0.859	0.09	0.091	0.923	0.622	1.189	0.52	0.035	0.439	0.845	0.617	0.256	0.295	0.315	0.375	0.188	0.0	0.059	0.263	0.902	0.871	0.979	0.864	0.299	0.638	1.138	0.343	0.757	0.891	0.375	1.174	0.706
EFNA1	P20827	False	EFNA1_HUMAN		CPI-SS0762B455F	EFNA1	0.064	0.0	0.0	0.079	0.199	0.0	0.075	0.035	0.069	0.0	0.0	0.0	0.0	0.11	0.068	0.0	0.0	0.382	0.0	0.028	0.039	0.036	0.059	0.222	0.0	0.15	0.065	0.173	0.057	0.011	0.245	0.073
EFNA2	O43921	False	EFNA2_HUMAN		CPI-SS0D81D9F5E	EFNA2	0.515	0.184	0.034	0.111	0.128	0.69	0.137	0.156	0.176	0.118	0.383	0.284	0.107	0.291	0.308	0.247	0.0	0.0	0.0	0.394	0.623	0.418	0.081	1.233	0.439	0.266	0.161	0.335	0.37	0.261	0.672	0.437
EFNA3	P52797	False	EFNA3_HUMAN		CPI-SS079EF5D9C	EFNA3	0.702	0.024	0.074	1.037	0.345	0.523	0.237	0.0	0.065	0.215	0.579	0.46	0.546	0.263	0.461	1.138	0.0	0.062	0.306	0.056	0.201	0.0	0.415	0.87	0.0	0.96	0.242	0.394	0.671	0.188	0.69	0.421
EFNA5	P52803	False	EFNA5_HUMAN		CPI-SS09E3F5044	EFNA5	0.344	0.395	0.0	0.156	0.0	0.0	0.232	0.669	0.423	0.0	0.109	0.115	0.138	0.479	0.294	0.717	0.0	0.027	0.0	0.0	1.435	0.0	0.0	0.0	0.0	0.291	0.072	0.303	0.67	0.022	0.058	0.088
EFNA5	P52803	False	EFNA5_HUMAN		CPI-SS068ACD209	EFNA5	0.344	0.395	0.0	0.156	0.0	0.0	0.232	0.669	0.423	0.0	0.109	0.115	0.138	0.479	0.294	0.717	0.0	0.027	0.0	0.0	1.435	0.0	0.0	0.0	0.0	0.291	0.072	0.303	0.67	0.022	0.058	0.088
EFNB1	P98172	False	EFNB1_HUMAN		CPI-SS06E797E50	EFNB1	0.162	0.019	0.146	0.029	0.0	0.109	0.066	0.06	0.096	0.0	0.0	0.246	0.203	0.215	0.359	0.151	0.0	0.0	0.0	0.4	0.026	0.352	0.0	0.166	0.335	0.11	0.0	0.031	0.185	0.081	0.313	0.2
EFNB2	P52799	False	EFNB2_HUMAN		CPI-SS0ECC9DF3E	EFNB2	0.37	0.165	0.195	0.133	0.259	0.397	0.113	0.266	0.177	0.63	0.112	0.049	0.511	0.0	0.127	0.882	3.23	0.055	0.0	0.349	0.471	0.17	0.229	0.0	0.785	0.484	0.577	0.504	0.191	0.307	0.136	0.375
EFNB3	Q15768	False	EFNB3_HUMAN		CPI-SS0ECCB4382	EFNB3	0.859	0.09	0.091	0.923	0.622	1.189	0.52	0.035	0.439	0.845	0.617	0.256	0.295	0.315	0.375	0.188	0.0	0.059	0.263	0.902	0.871	0.979	0.864	0.299	0.638	1.138	0.343	0.757	0.891	0.375	1.174	0.706
EFNB1	P98172	False	EFNB1_HUMAN		CPI-SS03C7D1520	EFNB1	0.162	0.019	0.146	0.029	0.0	0.109	0.066	0.06	0.096	0.0	0.0	0.246	0.203	0.215	0.359	0.151	0.0	0.0	0.0	0.4	0.026	0.352	0.0	0.166	0.335	0.11	0.0	0.031	0.185	0.081	0.313	0.2
EFNB2	P52799	False	EFNB2_HUMAN		CPI-SS0BFD8E056	EFNB2	0.37	0.165	0.195	0.133	0.259	0.397	0.113	0.266	0.177	0.63	0.112	0.049	0.511	0.0	0.127	0.882	3.23	0.055	0.0	0.349	0.471	0.17	0.229	0.0	0.785	0.484	0.577	0.504	0.191	0.307	0.136	0.375
EFNB3	Q15768	False	EFNB3_HUMAN		CPI-SS0CE96B837	EFNB3	0.859	0.09	0.091	0.923	0.622	1.189	0.52	0.035	0.439	0.845	0.617	0.256	0.295	0.315	0.375	0.188	0.0	0.059	0.263	0.902	0.871	0.979	0.864	0.299	0.638	1.138	0.343	0.757	0.891	0.375	1.174	0.706
EFNB1	P98172	False	EFNB1_HUMAN		CPI-SS0C2003B74	EFNB1	0.162	0.019	0.146	0.029	0.0	0.109	0.066	0.06	0.096	0.0	0.0	0.246	0.203	0.215	0.359	0.151	0.0	0.0	0.0	0.4	0.026	0.352	0.0	0.166	0.335	0.11	0.0	0.031	0.185	0.081	0.313	0.2
EFNB2	P52799	False	EFNB2_HUMAN		CPI-SS082ABF1EA	EFNB2	0.37	0.165	0.195	0.133	0.259	0.397	0.113	0.266	0.177	0.63	0.112	0.049	0.511	0.0	0.127	0.882	3.23	0.055	0.0	0.349	0.471	0.17	0.229	0.0	0.785	0.484	0.577	0.504	0.191	0.307	0.136	0.375
EFNB3	Q15768	False	EFNB3_HUMAN		CPI-SS01BBAD475	EFNB3	0.859	0.09	0.091	0.923	0.622	1.189	0.52	0.035	0.439	0.845	0.617	0.256	0.295	0.315	0.375	0.188	0.0	0.059	0.263	0.902	0.871	0.979	0.864	0.299	0.638	1.138	0.343	0.757	0.891	0.375	1.174	0.706
BTC	P35070	False	BTC_HUMAN		CPI-SS0CC966B71	BTC	0.007	0.0	0.0	0.0	0.0	0.049	0.084	0.0	0.0	0.0	0.258	0.105	0.373	0.165	0.48	0.249	0.0	0.031	0.0	0.072	0.03	0.0	0.0	0.0	0.0	0.027	0.0	0.043	0.033	0.026	0.0	0.0
EGF	P01133	False	EGF_HUMAN		CPI-SS09947DDD9	EGF	0.0	0.0	0.0	0.0	0.0	0.0	0.76	0.0	0.0	0.0	0.0	0.0	0.0	0.0	0.052	0.0	0.0	0.0	0.0	0.0	0.0	0.0	0.0	0.0	0.0	0.0	0.0	0.0	0.019	0.0	0.031	0.0
HBEGF	Q99075	False	HBEGF_HUMAN		CPI-SS09B2ACA25	HBEGF	0.013	0.0	0.145	0.0	0.0	0.0	0.152	0.0	0.03	0.0	0.0	0.09	0.0	0.102	0.0	0.0	0.0	0.0	0.0	0.0	0.031	0.0	0.0	0.0	0.0	0.025	0.027	0.0	0.057	0.0	0.0	0.0
TGFA	P01135	False	TGFA_HUMAN		CPI-SS07E5C3060	TGFA	0.004	0.0	0.0	0.0	0.0	0.0	0.0	0.0	0.118	0.0	0.018	0.0	0.0	0.0	0.119	0.0	0.0	0.0	0.0	0.0	0.0	0.0	0.0	0.0	0.0	0.012	0.36	0.0	0.0	0.0	0.0	0.0
BTC	P35070	False	BTC_HUMAN		CPI-SS05A6C9EC5	BTC	0.007	0.0	0.0	0.0	0.0	0.049	0.084	0.0	0.0	0.0	0.258	0.105	0.373	0.165	0.48	0.249	0.0	0.031	0.0	0.072	0.03	0.0	0.0	0.0	0.0	0.027	0.0	0.043	0.033	0.026	0.0	0.0
NRG2	O14511	False	NRG2_HUMAN		CPI-SS053613259	NRG2	1.118	0.25	0.139	0.2	0.763	0.961	0.134	0.409	0.678	0.64	1.011	0.028	0.171	0.036	0.126	0.0	0.0	0.069	0.323	0.916	1.341	0.416	0.967	1.381	0.0	0.619	0.919	0.974	0.898	0.456	1.117	0.663
BTC	P35070	False	BTC_HUMAN		CPI-SS0F0D7F25C	BTC	0.007	0.0	0.0	0.0	0.0	0.049	0.084	0.0	0.0	0.0	0.258	0.105	0.373	0.165	0.48	0.249	0.0	0.031	0.0	0.072	0.03	0.0	0.0	0.0	0.0	0.027	0.0	0.043	0.033	0.026	0.0	0.0
HBEGF	Q99075	False	HBEGF_HUMAN		CPI-SS060B846D1	HBEGF	0.013	0.0	0.145	0.0	0.0	0.0	0.152	0.0	0.03	0.0	0.0	0.09	0.0	0.102	0.0	0.0	0.0	0.0	0.0	0.0	0.031	0.0	0.0	0.0	0.0	0.025	0.027	0.0	0.057	0.0	0.0	0.0
NRG2	O14511	False	NRG2_HUMAN		CPI-SS0E063192D	NRG2	1.118	0.25	0.139	0.2	0.763	0.961	0.134	0.409	0.678	0.64	1.011	0.028	0.171	0.036	0.126	0.0	0.0	0.069	0.323	0.916	1.341	0.416	0.967	1.381	0.0	0.619	0.919	0.974	0.898	0.456	1.117	0.663
NRG3	P56975	False	NRG3_HUMAN		CPI-SS0D5E30C6C	NRG3	3.057	1.904	0.387	2.806	3.574	1.174	0.639	3.426	3.06	3.119	1.895	0.746	1.052	0.487	1.09	0.625	0.0	0.334	0.869	1.983	3.14	2.469	2.587	2.806	1.503	2.692	3.522	3.353	2.63	2.929	3.783	2.626
HBEGF	Q99075	False	HBEGF_HUMAN		CPI-SS03E7FB333	HBEGF	0.013	0.0	0.145	0.0	0.0	0.0	0.152	0.0	0.03	0.0	0.0	0.09	0.0	0.102	0.0	0.0	0.0	0.0	0.0	0.0	0.031	0.0	0.0	0.0	0.0	0.025	0.027	0.0	0.057	0.0	0.0	0.0
FGF5	P12034	False	FGF5_HUMAN		CPI-SS01333FFA6	FGF5	0.011	0.0	0.0	0.0	0.0	0.0	0.0	0.0	0.0	0.0	0.0	0.0	0.0	0.0	0.0	0.0	0.0	0.0	0.0	0.0	0.0	0.0	0.0	0.0	0.0	0.0	0.0	0.0	0.0	0.107	0.213	0.033
FGF6	P10767	False	FGF6_HUMAN		CPI-SS014E486AB	FGF6	0.109	0.051	0.0	0.041	0.0	0.162	0.025	0.0	0.027	0.144	0.045	0.0	0.0	0.0	0.016	0.0	0.0	0.0	0.103	0.0	0.221	0.0	0.103	0.102	0.0	0.055	0.1	0.073	0.068	0.12	0.077	0.0
NCAM1	P13591	False	NCAM1_HUMAN		CPI-SS05632AB58	NCAM1	1.187	0.276	0.235	1.25	1.2	1.005	0.761	0.875	1.487	1.078	0.834	0.257	1.62	0.701	1.34	0.6	0.0	1.336	0.251	0.728	1.279	1.467	1.62	1.005	0.335	0.969	1.562	1.14	0.587	1.483	1.344	0.863
FGF23	Q9GZV9	False	FGF23_HUMAN		CPI-SC0F6764DA8	FGF23	0.0	0.0	0.0	0.0	0.0	0.0	0.0	0.0	0.0	0.0	0.0	0.0	0.0	0.0	0.0	0.0	0.0	0.0	0.0	0.0	0.0	0.0	0.0	0.0	0.0	0.0	0.0	0.0	0.0	0.0	0.026	0.0
NCAM1	P13591	False	NCAM1_HUMAN		CPI-SS0C21302BC	NCAM1	1.187	0.276	0.235	1.25	1.2	1.005	0.761	0.875	1.487	1.078	0.834	0.257	1.62	0.701	1.34	0.6	0.0	1.336	0.251	0.728	1.279	1.467	1.62	1.005	0.335	0.969	1.562	1.14	0.587	1.483	1.344	0.863
FLRT1	Q9NZU1	False	FLRT1_HUMAN		CPI-SS0813792B7	FLRT1	0.705	0.039	0.105	0.941	0.761	0.638	0.378	0.294	0.801	0.35	0.625	0.065	0.107	0.229	0.17	0.108	0.0	0.046	0.0	0.536	0.49	0.684	0.994	2.065	0.0	0.572	0.129	0.625	0.623	0.37	1.024	0.348
FLRT2	O43155	False	FLRT2_HUMAN		CPI-SS008E98D3E	FLRT2	0.461	0.215	0.713	0.351	0.552	0.206	0.161	0.365	0.33	0.214	0.137	0.32	0.391	0.558	0.577	0.723	0.0	0.042	0.494	1.162	1.295	0.343	0.17	0.504	0.0	0.492	0.318	0.441	0.402	0.098	0.795	0.265
NRXN1	Q9ULB1	False	NRX1A_HUMAN		CPI-SS019D9440E	NRXN1	2.131	3.477	0.153	1.695	2.694	2.732	0.458	2.767	1.203	0.263	1.562	0.152	0.727	0.219	0.856	0.247	0.0	0.123	0.775	1.871	1.365	1.6	2.043	2.21	0.0	1.571	1.015	1.603	1.655	0.87	1.631	1.36
NRXN2	P58401	False	NRX2B_HUMAN		CPI-SS0B0B67CA2	NRXN2	4.641	1.403	3.67	3.377	4.502	3.467	0.76	3.083	3.204	5.083	4.105	0.438	1.583	0.546	0.895	0.429	0.0	1.21	1.176	5.317	4.923	2.259	4.45	2.573	0.794	4.128	4.723	4.923	4.129	3.353	4.596	3.874
TENM1	Q9UKZ4	False	TEN1_HUMAN		CPI-SS085E3E37F	TENM1	1.543	0.688	0.205	1.712	1.119	1.738	0.179	1.99	1.135	2.192	0.802	0.244	0.251	0.106	0.457	0.215	0.0	0.137	0.527	2.149	1.058	0.453	1.232	0.728	0.503	1.751	1.709	1.859	1.953	2.091	1.711	1.384
TENM2	Q9NT68	False	TEN2_HUMAN		CPI-SS09159B142	TENM2	1.369	0.456	0.281	0.304	1.556	1.243	0.18	0.725	0.802	1.137	0.906	0.065	0.708	0.0	0.274	0.0	0.0	0.149	0.543	1.511	1.37	0.5	1.501	1.449	0.0	1.193	0.65	1.158	0.77	1.016	1.929	0.911
TENM3	Q9P273	False	TEN3_HUMAN		CPI-SS04FD52559	TENM3	2.276	1.393	0.416	1.171	1.721	2.248	1.246	1.719	1.389	2.108	2.99	2.333	2.896	1.075	2.01	3.627	0.0	0.625	0.483	1.872	1.961	0.574	1.667	1.39	1.078	1.986	2.339	1.628	1.344	2.385	1.727	1.792
TENM4	Q6N022	False	TEN4_HUMAN		CPI-SS0EC12EAD9	TENM4	1.083	0.223	0.167	0.103	0.712	1.081	0.825	1.434	1.247	1.615	1.105	0.722	1.408	1.175	1.357	0.404	0.0	0.038	0.555	1.73	0.68	0.275	0.757	0.206	2.166	1.094	0.312	1.319	1.146	0.948	0.804	0.951
FLRT1	Q9NZU1	False	FLRT1_HUMAN		CPI-SS0430C8A78	FLRT1	0.705	0.039	0.105	0.941	0.761	0.638	0.378	0.294	0.801	0.35	0.625	0.065	0.107	0.229	0.17	0.108	0.0	0.046	0.0	0.536	0.49	0.684	0.994	2.065	0.0	0.572	0.129	0.625	0.623	0.37	1.024	0.348
FLRT2	O43155	False	FLRT2_HUMAN		CPI-SS0474E1C15	FLRT2	0.461	0.215	0.713	0.351	0.552	0.206	0.161	0.365	0.33	0.214	0.137	0.32	0.391	0.558	0.577	0.723	0.0	0.042	0.494	1.162	1.295	0.343	0.17	0.504	0.0	0.492	0.318	0.441	0.402	0.098	0.795	0.265
FLRT3	Q9NZU0	False	FLRT3_HUMAN		CPI-SS052641D5A	FLRT3	0.237	0.192	0.027	0.283	0.063	0.23	0.076	0.239	0.131	0.22	0.114	0.052	0.098	0.0	0.0	0.0	3.23	0.019	0.111	0.426	0.201	0.17	0.142	0.315	0.0	0.355	0.03	0.38	0.206	0.033	0.021	0.196
TENM1	Q9UKZ4	False	TEN1_HUMAN		CPI-SS038A612D7	TENM1	1.543	0.688	0.205	1.712	1.119	1.738	0.179	1.99	1.135	2.192	0.802	0.244	0.251	0.106	0.457	0.215	0.0	0.137	0.527	2.149	1.058	0.453	1.232	0.728	0.503	1.751	1.709	1.859	1.953	2.091	1.711	1.384
TENM2	Q9NT68	False	TEN2_HUMAN		CPI-SS0BCB3D402	TENM2	1.369	0.456	0.281	0.304	1.556	1.243	0.18	0.725	0.802	1.137	0.906	0.065	0.708	0.0	0.274	0.0	0.0	0.149	0.543	1.511	1.37	0.5	1.501	1.449	0.0	1.193	0.65	1.158	0.77	1.016	1.929	0.911
TENM3	Q9P273	False	TEN3_HUMAN		CPI-SS0EA023E51	TENM3	2.276	1.393	0.416	1.171	1.721	2.248	1.246	1.719	1.389	2.108	2.99	2.333	2.896	1.075	2.01	3.627	0.0	0.625	0.483	1.872	1.961	0.574	1.667	1.39	1.078	1.986	2.339	1.628	1.344	2.385	1.727	1.792
TENM4	Q6N022	False	TEN4_HUMAN		CPI-SS01F00A48A	TENM4	1.083	0.223	0.167	0.103	0.712	1.081	0.825	1.434	1.247	1.615	1.105	0.722	1.408	1.175	1.357	0.404	0.0	0.038	0.555	1.73	0.68	0.275	0.757	0.206	2.166	1.094	0.312	1.319	1.146	0.948	0.804	0.951
UNC5A	Q6ZN44	False	UNC5A_HUMAN		CPI-SS0F6BE4D47	UNC5A	0.878	0.29	0.093	0.188	0.777	0.756	0.449	1.446	0.603	1.284	1.561	0.117	0.035	0.098	0.118	0.672	0.0	0.0	0.08	0.566	0.889	0.092	0.917	0.179	0.355	0.638	0.056	0.777	0.33	0.65	0.554	0.632
FLRT3	Q9NZU0	False	FLRT3_HUMAN		CPI-SS08BFFB96E	FLRT3	0.237	0.192	0.027	0.283	0.063	0.23	0.076	0.239	0.131	0.22	0.114	0.052	0.098	0.0	0.0	0.0	3.23	0.019	0.111	0.426	0.201	0.17	0.142	0.315	0.0	0.355	0.03	0.38	0.206	0.033	0.021	0.196
TENM1	Q9UKZ4	False	TEN1_HUMAN		CPI-SS083BB1EB3	TENM1	1.543	0.688	0.205	1.712	1.119	1.738	0.179	1.99	1.135	2.192	0.802	0.244	0.251	0.106	0.457	0.215	0.0	0.137	0.527	2.149	1.058	0.453	1.232	0.728	0.503	1.751	1.709	1.859	1.953	2.091	1.711	1.384
TENM2	Q9NT68	False	TEN2_HUMAN		CPI-SS021718DBF	TENM2	1.369	0.456	0.281	0.304	1.556	1.243	0.18	0.725	0.802	1.137	0.906	0.065	0.708	0.0	0.274	0.0	0.0	0.149	0.543	1.511	1.37	0.5	1.501	1.449	0.0	1.193	0.65	1.158	0.77	1.016	1.929	0.911
TENM3	Q9P273	False	TEN3_HUMAN		CPI-SS075F456AF	TENM3	2.276	1.393	0.416	1.171	1.721	2.248	1.246	1.719	1.389	2.108	2.99	2.333	2.896	1.075	2.01	3.627	0.0	0.625	0.483	1.872	1.961	0.574	1.667	1.39	1.078	1.986	2.339	1.628	1.344	2.385	1.727	1.792
TENM4	Q6N022	False	TEN4_HUMAN		CPI-SS0FD44484F	TENM4	1.083	0.223	0.167	0.103	0.712	1.081	0.825	1.434	1.247	1.615	1.105	0.722	1.408	1.175	1.357	0.404	0.0	0.038	0.555	1.73	0.68	0.275	0.757	0.206	2.166	1.094	0.312	1.319	1.146	0.948	0.804	0.951
GAL	P22466	False	GALA_HUMAN		CPI-SS0BE567EFB	GAL	0.041	0.025	0.0	0.057	0.027	0.0	0.043	0.045	0.04	0.0	0.038	0.0	0.0	0.0	0.009	0.0	0.0	0.045	0.195	0.0	0.17	0.043	0.526	0.0	0.0	0.008	0.0	0.021	0.692	0.0	0.022	0.062
GAL	P22466	False	GALA_HUMAN		CPI-SC0BEEB7AB4	GAL	0.041	0.025	0.0	0.057	0.027	0.0	0.043	0.045	0.04	0.0	0.038	0.0	0.0	0.0	0.009	0.0	0.0	0.045	0.195	0.0	0.17	0.043	0.526	0.0	0.0	0.008	0.0	0.021	0.692	0.0	0.022	0.062
LGALS3	P17931	False	LEG3_HUMAN		CPI-SS076940BCD	LGALS3	0.064	0.054	0.0	0.036	0.0	0.072	0.0	0.024	0.029	0.0	0.038	0.053	0.054	0.0	0.0	0.204	0.0	0.027	0.08	0.0	0.192	0.104	0.103	0.111	0.0	0.027	0.079	0.039	0.052	0.021	0.075	0.0
NMB	P08949	False	NMB_HUMAN		CPI-SS0B9B66F8E	NMB	0.051	0.0	0.0	0.0	0.0	0.041	0.045	0.0	0.0	0.0	0.0	0.0	0.0	0.0	0.0	0.0	0.0	0.0	0.0	0.0	0.031	0.0	0.0	0.101	0.0	0.0	0.012	0.0	0.114	0.0	0.0	0.0
NMB	P08949	False	NMB_HUMAN		CPI-SS0EAF7B072	NMB	0.051	0.0	0.0	0.0	0.0	0.041	0.045	0.0	0.0	0.0	0.0	0.0	0.0	0.0	0.0	0.0	0.0	0.0	0.0	0.0	0.031	0.0	0.0	0.101	0.0	0.0	0.012	0.0	0.114	0.0	0.0	0.0
GDF10	P55107	False	GDF10_HUMAN		CPI-SC0A86600AA	GDF10	0.008	0.0	0.0	0.021	0.0	0.097	0.0	0.0	0.0	0.0	0.04	0.062	0.0	0.058	0.0	0.225	0.0	0.0	0.0	0.0	0.0	0.0	0.0	0.029	0.0	0.023	0.0	0.016	0.0	0.0	0.054	0.072
INHA	P05111	False	INHA_HUMAN		CPI-SC0FDDA8A63	INHA	0.0	0.0	0.0	0.0	0.0	0.0	0.0	0.0	0.0	0.0	0.0	0.0	0.0	0.0	0.0	0.0	0.0	0.0	0.0	0.0	0.0	0.0	0.0	0.0	0.0	0.008	0.0	0.0	0.0	0.0	0.0	0.0
INHA	P05111	False	INHA_HUMAN		CPI-SC0B3D321CC	INHA	0.0	0.0	0.0	0.0	0.0	0.0	0.0	0.0	0.0	0.0	0.0	0.0	0.0	0.0	0.0	0.0	0.0	0.0	0.0	0.0	0.0	0.0	0.0	0.0	0.0	0.008	0.0	0.0	0.0	0.0	0.0	0.0
INHA	P05111	False	INHA_HUMAN		CPI-SC0E760DE88	INHA	0.0	0.0	0.0	0.0	0.0	0.0	0.0	0.0	0.0	0.0	0.0	0.0	0.0	0.0	0.0	0.0	0.0	0.0	0.0	0.0	0.0	0.0	0.0	0.0	0.0	0.008	0.0	0.0	0.0	0.0	0.0	0.0
INHA	P05111	False	INHA_HUMAN		CPI-SC020B01F65	INHA	0.0	0.0	0.0	0.0	0.0	0.0	0.0	0.0	0.0	0.0	0.0	0.0	0.0	0.0	0.0	0.0	0.0	0.0	0.0	0.0	0.0	0.0	0.0	0.0	0.0	0.008	0.0	0.0	0.0	0.0	0.0	0.0
INS	P01308	False	INS_HUMAN		CPI-SS05E4B1EBC	INS	0.0	0.0	0.0	0.0	0.0	0.0	0.0	0.0	0.0	0.0	0.0	0.0	0.0	0.0	0.0	0.0	0.0	0.0	0.0	0.0	0.0	0.046	0.0	0.0	0.0	0.0	0.0	0.0	0.0	0.0	0.0	0.0
IGF1	P05019	False	IGF1_HUMAN		CPI-SC033AB13AE	IGF1	0.013	0.0	0.0	0.0	0.0	0.111	0.0	0.064	0.029	0.0	0.0	0.0	0.0	0.0	0.085	0.0	0.0	0.0	0.191	0.0	0.828	0.0	0.0	0.0	0.0	0.0	0.536	0.0	0.0	0.078	0.038	0.047
IGF1	P05019	False	IGF1_HUMAN		CPI-SS0E41702C1	IGF1	0.013	0.0	0.0	0.0	0.0	0.111	0.0	0.064	0.029	0.0	0.0	0.0	0.0	0.0	0.085	0.0	0.0	0.0	0.191	0.0	0.828	0.0	0.0	0.0	0.0	0.0	0.536	0.0	0.0	0.078	0.038	0.047
IGF2	P01344	False	IGF2_HUMAN		CPI-SS0579FA162	IGF2	0.025	0.0	0.576	0.0	0.0	0.0	0.301	0.025	0.024	0.0	0.0	0.21	0.103	0.186	0.463	0.0	0.0	0.0	0.0	0.0	0.336	0.027	0.0	0.0	0.0	0.0	0.022	0.0	0.0	0.0	0.0	0.027
IGF1	P05019	False	IGF1_HUMAN		CPI-SC0322BA9B5	IGF1	0.013	0.0	0.0	0.0	0.0	0.111	0.0	0.064	0.029	0.0	0.0	0.0	0.0	0.0	0.085	0.0	0.0	0.0	0.191	0.0	0.828	0.0	0.0	0.0	0.0	0.0	0.536	0.0	0.0	0.078	0.038	0.047
IGF2	P01344	False	IGF2_HUMAN		CPI-SS042A6F835	IGF2	0.025	0.0	0.576	0.0	0.0	0.0	0.301	0.025	0.024	0.0	0.0	0.21	0.103	0.186	0.463	0.0	0.0	0.0	0.0	0.0	0.336	0.027	0.0	0.0	0.0	0.0	0.022	0.0	0.0	0.0	0.0	0.027
IGFBP3	P17936	False	IBP3_HUMAN		CPI-SS099ACF7FB	IGFBP3	0.023	0.0	0.0	0.0	0.451	0.0	0.043	0.0	0.0	0.0	0.0	0.0	0.057	0.053	0.091	0.247	0.0	0.0	0.104	0.055	0.103	0.0	0.0	0.0	0.0	0.022	0.012	0.011	0.029	0.042	0.038	0.0
IL1RAP	Q9NPH3	False	IL1AP_HUMAN		CPI-SS0E12A78EF	IL1RAP	0.083	0.0	0.121	0.039	0.027	0.037	0.035	0.865	0.023	1.879	0.0	0.051	0.052	0.0	0.127	0.0	0.0	0.0	0.104	0.065	0.139	0.0	0.072	0.0	0.796	0.032	0.028	0.052	0.179	0.49	0.059	0.142
LRRC4B	Q9NT99	False	LRC4B_HUMAN		CPI-SS0D8DC28C6	LRRC4B	1.695	0.284	0.288	0.634	1.949	1.561	0.196	0.835	1.519	1.086	1.412	0.128	0.547	0.299	0.384	0.61	0.0	0.21	0.852	2.118	1.271	0.863	1.459	1.045	0.355	1.64	0.632	1.875	1.122	0.533	1.34	1.189
LRRC4C	Q9HCJ2	False	LRC4C_HUMAN		CPI-SS00373B59C	LRRC4C	2.472	0.278	0.208	0.516	2.468	0.911	0.304	0.944	1.004	2.668	1.295	0.083	1.123	0.048	0.87	0.615	0.0	0.292	1.042	2.222	0.904	1.037	2.26	1.813	0.0	2.271	1.189	2.329	2.282	1.162	2.533	1.571
LRFN5	Q96NI6	False	LRFN5_HUMAN		CPI-SS0CBB9D57D	LRFN5	1.149	0.316	0.116	0.549	1.348	0.163	0.024	0.619	0.531	1.2	0.431	0.044	0.142	0.082	0.382	0.0	0.0	0.047	0.209	0.451	0.151	0.13	1.119	0.297	0.439	0.78	0.737	0.873	1.178	0.796	0.829	0.607
LRRC4B	Q9NT99	False	LRC4B_HUMAN		CPI-SS0E0D00210	LRRC4B	1.695	0.284	0.288	0.634	1.949	1.561	0.196	0.835	1.519	1.086	1.412	0.128	0.547	0.299	0.384	0.61	0.0	0.21	0.852	2.118	1.271	0.863	1.459	1.045	0.355	1.64	0.632	1.875	1.122	0.533	1.34	1.189
LRFN5	Q96NI6	False	LRFN5_HUMAN		CPI-SS081E1A895	LRFN5	1.149	0.316	0.116	0.549	1.348	0.163	0.024	0.619	0.531	1.2	0.431	0.044	0.142	0.082	0.382	0.0	0.0	0.047	0.209	0.451	0.151	0.13	1.119	0.297	0.439	0.78	0.737	0.873	1.178	0.796	0.829	0.607
NLGN3	Q9NZ94	False	NLGN3_HUMAN		CPI-SS08069FE13	NLGN3	0.962	2.194	0.132	1.207	2.168	1.212	0.308	1.492	0.264	1.502	1.07	0.534	1.035	0.783	1.104	0.613	0.0	0.379	0.362	1.141	0.968	1.055	2.284	0.551	0.0	1.145	0.112	0.992	0.967	0.895	0.842	0.851
SLITRK1	Q96PX8	False	SLIK1_HUMAN		CPI-SS0522C3A29	SLITRK1	1.265	0.164	0.073	0.449	0.796	1.429	0.06	0.118	0.799	0.22	0.431	0.114	0.129	0.039	0.13	0.0	0.0	0.103	0.35	1.195	0.344	0.284	0.886	0.941	0.0	1.401	0.754	1.175	0.711	0.443	0.688	0.588
SLITRK3	O94933	False	SLIK3_HUMAN		CPI-SS044E718AF	SLITRK3	0.448	0.032	0.041	0.22	0.328	0.167	0.076	0.095	0.343	1.792	0.425	0.028	0.08	0.0	0.139	0.0	0.0	0.05	0.356	0.314	0.527	0.0	0.072	0.1	0.0	0.279	1.099	0.522	0.258	0.804	0.681	0.333
LPAR1	Q92633	False	LPAR1_HUMAN		CPI-SS0E4245B64	LPAR1	0.007	0.029	0.0	0.0	0.134	0.05	0.0	0.036	0.0	0.0	0.0	0.0	0.047	0.0	0.123	0.0	0.0	0.427	0.0	0.0	0.0	0.0	0.0	0.0	0.0	0.0	0.0	0.0	0.0	0.022	0.0	0.052
LPAR2	Q9HBW0	False	LPAR2_HUMAN		CPI-SS076F4624B	LPAR2	0.04	0.0	0.106	0.057	0.037	0.0	0.086	0.094	0.04	0.062	0.027	0.056	0.125	0.108	0.071	0.0	0.0	0.0	0.0	0.157	0.123	0.117	0.0	0.0	0.335	0.051	0.072	0.046	0.014	0.0	0.045	0.078
LPAR3	Q9UBY5	False	LPAR3_HUMAN		CPI-SS046661AE7	LPAR3	0.004	0.0	0.034	0.0	0.0	0.0	0.0	0.0	0.0	0.0	0.0	0.0	0.0	0.0	0.0	0.0	0.0	0.0	0.0	0.0	0.0	0.0	0.0	0.0	0.0	0.008	0.017	0.0	0.018	0.0	0.0	0.0
MDK	P21741	False	MK_HUMAN		CPI-SS012AFC842	MDK	0.044	0.047	0.034	0.024	1.653	0.0	0.348	0.074	0.0	0.15	0.018	0.639	1.755	0.619	1.315	1.263	0.0	0.45	0.0	0.052	0.03	0.561	0.0	0.0	0.0	0.032	0.023	0.0	0.102	0.031	0.109	0.059
PTN	P21246	False	PTN_HUMAN		CPI-SS05D7900BF	PTN	0.06	0.056	0.111	0.076	0.14	0.048	0.915	0.045	0.1	0.091	0.037	0.744	2.771	1.086	2.757	2.501	0.0	0.054	0.08	0.052	0.139	0.036	0.0	0.131	0.355	0.048	0.069	0.096	0.083	0.098	0.076	0.126
MDK	P21741	False	MK_HUMAN		CPI-SS027E12A36	MDK	0.044	0.047	0.034	0.024	1.653	0.0	0.348	0.074	0.0	0.15	0.018	0.639	1.755	0.619	1.315	1.263	0.0	0.45	0.0	0.052	0.03	0.561	0.0	0.0	0.0	0.032	0.023	0.0	0.102	0.031	0.109	0.059
PTN	P21246	False	PTN_HUMAN		CPI-SS04E690D72	PTN	0.06	0.056	0.111	0.076	0.14	0.048	0.915	0.045	0.1	0.091	0.037	0.744	2.771	1.086	2.757	2.501	0.0	0.054	0.08	0.052	0.139	0.036	0.0	0.131	0.355	0.048	0.069	0.096	0.083	0.098	0.076	0.126
AMH	P03971	False	MIS_HUMAN		CPI-SC077F81192	AMH	0.009	0.018	0.022	0.023	0.0	0.0	0.0	0.0	0.0	0.0	0.0	0.0	0.0	0.0	0.0	0.0	0.0	0.0	0.0	0.0	0.0	0.0	0.0	0.0	0.0	0.0	0.01	0.0	0.0	0.028	0.026	0.0
NTN1	O95631	False	NET1_HUMAN		CPI-SS04F1CBF06	NTN1	0.081	0.062	0.056	0.0	0.025	0.14	0.176	0.031	0.032	0.699	0.025	0.222	0.19	1.172	0.806	0.0	0.0	0.024	0.168	0.184	0.124	0.185	0.0	0.0	0.0	0.048	0.257	0.021	0.119	0.11	0.035	0.198
NTN1	O95631	False	NET1_HUMAN		CPI-SS0E3C09735	NTN1	0.081	0.062	0.056	0.0	0.025	0.14	0.176	0.031	0.032	0.699	0.025	0.222	0.19	1.172	0.806	0.0	0.0	0.024	0.168	0.184	0.124	0.185	0.0	0.0	0.0	0.048	0.257	0.021	0.119	0.11	0.035	0.198
NTN1	O95631	False	NET1_HUMAN		CPI-SS0503D8A55	NTN1	0.081	0.062	0.056	0.0	0.025	0.14	0.176	0.031	0.032	0.699	0.025	0.222	0.19	1.172	0.806	0.0	0.0	0.024	0.168	0.184	0.124	0.185	0.0	0.0	0.0	0.048	0.257	0.021	0.119	0.11	0.035	0.198
NTN1	O95631	False	NET1_HUMAN		CPI-SS00C9DE87A	NTN1	0.081	0.062	0.056	0.0	0.025	0.14	0.176	0.031	0.032	0.699	0.025	0.222	0.19	1.172	0.806	0.0	0.0	0.024	0.168	0.184	0.124	0.185	0.0	0.0	0.0	0.048	0.257	0.021	0.119	0.11	0.035	0.198
NTN4	Q9HB63	False	NET4_HUMAN		CPI-SS0C72D53A2	NTN4	0.111	0.031	0.113	0.0	0.028	0.0	0.333	0.079	0.135	0.0	0.062	0.135	0.157	0.163	0.087	0.223	0.0	0.075	0.112	0.088	0.094	0.041	0.105	0.201	0.0	0.118	0.014	0.102	0.116	0.105	0.065	0.106
NTN1	O95631	False	NET1_HUMAN		CPI-SS07660BCA2	NTN1	0.081	0.062	0.056	0.0	0.025	0.14	0.176	0.031	0.032	0.699	0.025	0.222	0.19	1.172	0.806	0.0	0.0	0.024	0.168	0.184	0.124	0.185	0.0	0.0	0.0	0.048	0.257	0.021	0.119	0.11	0.035	0.198
NTN4	Q9HB63	False	NET4_HUMAN		CPI-SS0BA4E3F44	NTN4	0.111	0.031	0.113	0.0	0.028	0.0	0.333	0.079	0.135	0.0	0.062	0.135	0.157	0.163	0.087	0.223	0.0	0.075	0.112	0.088	0.094	0.041	0.105	0.201	0.0	0.118	0.014	0.102	0.116	0.105	0.065	0.106
NRXN1	Q9ULB1	False	NRX1A_HUMAN		CPI-SS085E14488	NRXN1	2.131	3.477	0.153	1.695	2.694	2.732	0.458	2.767	1.203	0.263	1.562	0.152	0.727	0.219	0.856	0.247	0.0	0.123	0.775	1.871	1.365	1.6	2.043	2.21	0.0	1.571	1.015	1.603	1.655	0.87	1.631	1.36
NRXN2	P58401	False	NRX2B_HUMAN		CPI-SS0193D81E1	NRXN2	4.641	1.403	3.67	3.377	4.502	3.467	0.76	3.083	3.204	5.083	4.105	0.438	1.583	0.546	0.895	0.429	0.0	1.21	1.176	5.317	4.923	2.259	4.45	2.573	0.794	4.128	4.723	4.923	4.129	3.353	4.596	3.874
NPW	Q8N729	False	NPW_HUMAN		CPI-SS06EFFDDF4	NPW	0.051	0.0	0.053	0.0	0.023	0.073	0.0	0.0	0.0	0.0	0.073	0.0	0.0	0.0	0.0	0.0	0.0	0.025	0.0	0.503	0.129	0.0	0.0	0.0	0.0	0.016	0.0	0.087	0.121	0.0	0.0	0.102
NPFF	O15130	False	NPFF_HUMAN		CPI-SS06CA10698	NPFF	0.005	0.0	0.0	0.0	0.0	0.0	0.0	0.0	0.0	0.0	0.0	0.0	0.0	0.0	0.0	0.0	0.0	0.0	0.0	0.0	0.0	0.0	0.0	0.0	0.0	0.0	0.0	0.0	0.0	0.0	0.0	0.0
NRTN	Q99748	False	NRTN_HUMAN		CPI-SC060C69786	NRTN	0.0	0.0	0.0	0.0	0.0	0.0	0.0	0.0	0.0	0.0	0.0	0.0	0.0	0.0	0.0	0.0	0.0	0.0	0.0	0.0	0.031	0.0	0.0	0.0	0.0	0.0	0.0	0.019	0.0	0.0	0.0	0.0
NTF3	P20783	False	NTF3_HUMAN		CPI-SS05162C56B	NTF3	0.016	0.0	0.0	0.0	0.0	0.0	0.0	0.0	0.05	0.0	0.0	0.0	0.0	0.0	0.0	0.0	0.0	0.0	0.0	0.0	0.0	0.0	0.0	0.0	0.0	0.005	0.0	0.0	0.0	0.0	0.0	0.0
PTPRS	Q13332	False	PTPRS_HUMAN		CPI-SS01D36DDFA	PTPRS	2.147	1.66	0.326	0.946	1.998	0.658	1.712	2.641	3.292	3.142	1.202	1.488	2.036	1.497	1.955	0.182	0.0	0.284	0.649	1.108	1.597	0.238	2.655	0.372	1.613	1.708	2.937	2.057	1.498	2.919	2.591	1.673
CNTN1	Q12860	False	CNTN1_HUMAN		CPI-SS0A6FCBF7C	CNTN1	1.205	0.491	0.073	0.628	1.551	0.92	0.64	0.612	0.483	0.588	0.765	0.456	1.903	0.483	1.494	0.506	0.0	0.119	0.454	1.057	1.769	0.251	0.963	0.636	0.335	0.702	0.683	0.999	0.597	0.329	0.79	0.791
DLK1	P80370	False	DLK1_HUMAN		CPI-SS0FC612D4D	DLK1	0.253	0.226	0.0	0.224	0.022	0.238	0.0	0.06	0.182	0.198	0.0	0.0	0.035	0.058	0.016	0.0	0.0	0.018	0.139	0.277	0.172	0.068	0.276	0.125	0.0	0.172	0.067	0.393	0.14	0.149	0.044	0.078
DLL1	O00548	False	DLL1_HUMAN		CPI-SS04A5D6B6F	DLL1	0.007	0.0	0.0	0.0	0.093	0.0	0.0	0.0	0.0	0.0	0.0	0.248	0.0	0.149	0.0	0.0	0.0	0.021	0.0	0.0	0.0	0.0	0.0	0.0	0.947	0.026	0.025	0.0	0.0	0.0	0.034	0.039
DLL4	Q9NR61	False	DLL4_HUMAN		CPI-SS0AFCA0602	DLL4	0.019	0.029	0.0	0.0	0.0	0.0	0.0	0.0	0.0	0.0	0.0	0.0	0.0	0.0	0.0	0.0	0.0	0.0	0.0	0.0	0.08	0.219	0.0	0.0	0.0	0.0	0.0	0.102	0.055	0.0	0.0	0.016
JAG1	P78504	False	JAG1_HUMAN		CPI-SS052ADA696	JAG1	0.005	0.024	0.0	0.0	0.0	0.0	0.223	0.086	0.0	0.091	0.0	0.052	0.0	0.164	0.124	0.205	0.0	0.0	0.0	0.0	0.016	0.0	0.183	0.0	0.0	0.0	0.0	0.0	0.049	0.007	0.012	0.0
CNTN1	Q12860	False	CNTN1_HUMAN		CPI-SS029811409	CNTN1	1.205	0.491	0.073	0.628	1.551	0.92	0.64	0.612	0.483	0.588	0.765	0.456	1.903	0.483	1.494	0.506	0.0	0.119	0.454	1.057	1.769	0.251	0.963	0.636	0.335	0.702	0.683	0.999	0.597	0.329	0.79	0.791
DLK1	P80370	False	DLK1_HUMAN		CPI-SS0E1A8414D	DLK1	0.253	0.226	0.0	0.224	0.022	0.238	0.0	0.06	0.182	0.198	0.0	0.0	0.035	0.058	0.016	0.0	0.0	0.018	0.139	0.277	0.172	0.068	0.276	0.125	0.0	0.172	0.067	0.393	0.14	0.149	0.044	0.078
DLL1	O00548	False	DLL1_HUMAN		CPI-SS0423580E5	DLL1	0.007	0.0	0.0	0.0	0.093	0.0	0.0	0.0	0.0	0.0	0.0	0.248	0.0	0.149	0.0	0.0	0.0	0.021	0.0	0.0	0.0	0.0	0.0	0.0	0.947	0.026	0.025	0.0	0.0	0.0	0.034	0.039
DLL4	Q9NR61	False	DLL4_HUMAN		CPI-SS08E4D6FA9	DLL4	0.019	0.029	0.0	0.0	0.0	0.0	0.0	0.0	0.0	0.0	0.0	0.0	0.0	0.0	0.0	0.0	0.0	0.0	0.0	0.0	0.08	0.219	0.0	0.0	0.0	0.0	0.0	0.102	0.055	0.0	0.0	0.016
JAG1	P78504	False	JAG1_HUMAN		CPI-SS060B82BBC	JAG1	0.005	0.024	0.0	0.0	0.0	0.0	0.223	0.086	0.0	0.091	0.0	0.052	0.0	0.164	0.124	0.205	0.0	0.0	0.0	0.0	0.016	0.0	0.183	0.0	0.0	0.0	0.0	0.0	0.049	0.007	0.012	0.0
CNTN1	Q12860	False	CNTN1_HUMAN		CPI-SS0730D1EF3	CNTN1	1.205	0.491	0.073	0.628	1.551	0.92	0.64	0.612	0.483	0.588	0.765	0.456	1.903	0.483	1.494	0.506	0.0	0.119	0.454	1.057	1.769	0.251	0.963	0.636	0.335	0.702	0.683	0.999	0.597	0.329	0.79	0.791
CNTN1	Q12860	False	CNTN1_HUMAN		CPI-SS0BDC912F3	CNTN1	1.205	0.491	0.073	0.628	1.551	0.92	0.64	0.612	0.483	0.588	0.765	0.456	1.903	0.483	1.494	0.506	0.0	0.119	0.454	1.057	1.769	0.251	0.963	0.636	0.335	0.702	0.683	0.999	0.597	0.329	0.79	0.791
DLK1	P80370	False	DLK1_HUMAN		CPI-SS007AA9FDE	DLK1	0.253	0.226	0.0	0.224	0.022	0.238	0.0	0.06	0.182	0.198	0.0	0.0	0.035	0.058	0.016	0.0	0.0	0.018	0.139	0.277	0.172	0.068	0.276	0.125	0.0	0.172	0.067	0.393	0.14	0.149	0.044	0.078
DLL1	O00548	False	DLL1_HUMAN		CPI-SS047232C64	DLL1	0.007	0.0	0.0	0.0	0.093	0.0	0.0	0.0	0.0	0.0	0.0	0.248	0.0	0.149	0.0	0.0	0.0	0.021	0.0	0.0	0.0	0.0	0.0	0.0	0.947	0.026	0.025	0.0	0.0	0.0	0.034	0.039
DLL4	Q9NR61	False	DLL4_HUMAN		CPI-SS0938C6980	DLL4	0.019	0.029	0.0	0.0	0.0	0.0	0.0	0.0	0.0	0.0	0.0	0.0	0.0	0.0	0.0	0.0	0.0	0.0	0.0	0.0	0.08	0.219	0.0	0.0	0.0	0.0	0.0	0.102	0.055	0.0	0.0	0.016
JAG1	P78504	False	JAG1_HUMAN		CPI-SS0B99F22A2	JAG1	0.005	0.024	0.0	0.0	0.0	0.0	0.223	0.086	0.0	0.091	0.0	0.052	0.0	0.164	0.124	0.205	0.0	0.0	0.0	0.0	0.016	0.0	0.183	0.0	0.0	0.0	0.0	0.0	0.049	0.007	0.012	0.0
DLK1	P80370	False	DLK1_HUMAN		CPI-SS0D37C7C70	DLK1	0.253	0.226	0.0	0.224	0.022	0.238	0.0	0.06	0.182	0.198	0.0	0.0	0.035	0.058	0.016	0.0	0.0	0.018	0.139	0.277	0.172	0.068	0.276	0.125	0.0	0.172	0.067	0.393	0.14	0.149	0.044	0.078
DLL1	O00548	False	DLL1_HUMAN		CPI-SS0FB5FE587	DLL1	0.007	0.0	0.0	0.0	0.093	0.0	0.0	0.0	0.0	0.0	0.0	0.248	0.0	0.149	0.0	0.0	0.0	0.021	0.0	0.0	0.0	0.0	0.0	0.0	0.947	0.026	0.025	0.0	0.0	0.0	0.034	0.039
DLL4	Q9NR61	False	DLL4_HUMAN		CPI-SS0558101D1	DLL4	0.019	0.029	0.0	0.0	0.0	0.0	0.0	0.0	0.0	0.0	0.0	0.0	0.0	0.0	0.0	0.0	0.0	0.0	0.0	0.0	0.08	0.219	0.0	0.0	0.0	0.0	0.0	0.102	0.055	0.0	0.0	0.016
JAG1	P78504	False	JAG1_HUMAN		CPI-SS0837E9F59	JAG1	0.005	0.024	0.0	0.0	0.0	0.0	0.223	0.086	0.0	0.091	0.0	0.052	0.0	0.164	0.124	0.205	0.0	0.0	0.0	0.0	0.016	0.0	0.183	0.0	0.0	0.0	0.0	0.0	0.049	0.007	0.012	0.0
JAG1	P78504	False	JAG1_HUMAN		CPI-SS0EDD8CDD4	JAG1	0.005	0.024	0.0	0.0	0.0	0.0	0.223	0.086	0.0	0.091	0.0	0.052	0.0	0.164	0.124	0.205	0.0	0.0	0.0	0.0	0.016	0.0	0.183	0.0	0.0	0.0	0.0	0.0	0.049	0.007	0.012	0.0
PDYN	P01213	False	PDYN_HUMAN		CPI-SS0CD40D735	PDYN	0.039	0.032	0.0	0.048	0.035	0.0	0.0	0.045	0.033	0.0	0.023	0.0	0.0	0.056	0.058	0.0	0.0	0.018	0.0	0.044	0.146	0.036	0.0	0.0	0.0	0.051	0.0	0.039	0.161	0.0	0.0	0.097
PENK	P01210	False	PENK_HUMAN		CPI-SS0BD6EE954	PENK	0.047	0.027	0.037	0.033	0.0	0.0	0.0	0.034	0.0	0.0	0.0	0.044	0.0	0.0	0.075	0.0	0.0	0.027	0.0	0.0	0.048	0.0	0.0	0.0	0.0	0.0	0.0	0.026	0.0	0.0	0.0	0.0
PDYN	P01213	False	PDYN_HUMAN		CPI-SS0AFFDEC0B	PDYN	0.039	0.032	0.0	0.048	0.035	0.0	0.0	0.045	0.033	0.0	0.023	0.0	0.0	0.056	0.058	0.0	0.0	0.018	0.0	0.044	0.146	0.036	0.0	0.0	0.0	0.051	0.0	0.039	0.161	0.0	0.0	0.097
PENK	P01210	False	PENK_HUMAN		CPI-SS0D1EF9598	PENK	0.047	0.027	0.037	0.033	0.0	0.0	0.0	0.034	0.0	0.0	0.0	0.044	0.0	0.0	0.075	0.0	0.0	0.027	0.0	0.0	0.048	0.0	0.0	0.0	0.0	0.0	0.0	0.026	0.0	0.0	0.0	0.0
PDYN	P01213	False	PDYN_HUMAN		CPI-SS0D0DC29DB	PDYN	0.039	0.032	0.0	0.048	0.035	0.0	0.0	0.045	0.033	0.0	0.023	0.0	0.0	0.056	0.058	0.0	0.0	0.018	0.0	0.044	0.146	0.036	0.0	0.0	0.0	0.051	0.0	0.039	0.161	0.0	0.0	0.097
PENK	P01210	False	PENK_HUMAN		CPI-SS0D97012FB	PENK	0.047	0.027	0.037	0.033	0.0	0.0	0.0	0.034	0.0	0.0	0.0	0.044	0.0	0.0	0.075	0.0	0.0	0.027	0.0	0.0	0.048	0.0	0.0	0.0	0.0	0.0	0.0	0.026	0.0	0.0	0.0	0.0
PNOC	Q13519	False	PNOC_HUMAN		CPI-SS0DAB76F63	PNOC	0.059	0.023	0.0	0.026	0.0	0.0	0.012	0.0	0.0	0.14	0.0	0.0	0.0	0.0	0.0	0.108	0.0	0.0	0.0	0.157	0.0	0.036	0.071	0.0	0.0	0.065	0.0	0.0	0.217	0.0	0.013	0.0
OXT	P01178	False	NEU1_HUMAN		CPI-SS0E8F8E4F1	OXT	0.191	0.13	0.107	0.237	0.071	0.054	0.229	0.111	0.02	0.209	0.077	0.158	0.141	0.109	0.143	0.188	0.0	0.114	0.216	0.088	0.03	0.0	0.095	0.0	0.0	0.216	0.148	0.056	0.925	0.295	0.085	0.169
AVP	P01185	False	NEU2_HUMAN		CPI-SS00399ED03	AVP	0.021	0.119	0.0	0.0	0.077	0.101	0.0	0.0	0.067	0.0	0.05	0.0	0.0	0.12	0.118	0.189	0.0	0.025	0.158	0.0	0.031	0.062	0.0	0.113	0.0	0.022	0.038	0.126	0.319	0.023	0.031	0.022
OXT	P01178	False	NEU1_HUMAN		CPI-SS0A5B111F1	OXT	0.191	0.13	0.107	0.237	0.071	0.054	0.229	0.111	0.02	0.209	0.077	0.158	0.141	0.109	0.143	0.188	0.0	0.114	0.216	0.088	0.03	0.0	0.095	0.0	0.0	0.216	0.148	0.056	0.925	0.295	0.085	0.169
AVP	P01185	False	NEU2_HUMAN		CPI-SS0FCF733EA	AVP	0.021	0.119	0.0	0.0	0.077	0.101	0.0	0.0	0.067	0.0	0.05	0.0	0.0	0.12	0.118	0.189	0.0	0.025	0.158	0.0	0.031	0.062	0.0	0.113	0.0	0.022	0.038	0.126	0.319	0.023	0.031	0.022
PTH2	Q96A98	False	TIP39_HUMAN		CPI-SS06CBEA807	PTH2	0.0	0.0	0.045	0.0	0.0	0.0	0.0	0.0	0.0	0.0	0.0	0.0	0.105	0.0	0.0	0.0	0.0	0.0	0.0	0.0	0.031	0.0	0.0	0.0	0.0	0.013	0.0	0.049	0.0	0.0	0.0	0.0
PTHLH	P12272	False	PTHR_HUMAN		CPI-SS0483CE4ED	PTHLH	0.0	0.0	0.0	0.0	0.0	0.041	0.0	0.06	0.0	0.0	0.0	0.0	0.0	0.0	0.0	0.0	0.0	0.0	0.0	0.0	0.0	0.0	0.0	0.0	0.0	0.0	0.0	0.0	0.026	0.0	0.0	0.0
ADCYAP1	P18509	False	PACA_HUMAN		CPI-SS0133239EA	ADCYAP1	0.836	0.262	0.149	1.934	0.36	0.225	0.311	1.921	0.984	1.125	0.32	0.128	0.357	0.252	0.624	0.558	0.0	0.204	0.498	0.15	2.404	0.355	1.033	0.105	0.524	0.279	2.097	3.276	0.422	2.289	1.403	0.658
VIP	P01282	False	VIP_HUMAN		CPI-SS06102CC06	VIP	0.043	0.0	0.0	0.0	0.0	0.0	0.0	0.036	0.0	0.0	0.0	0.0	0.0	0.0	0.0	0.0	0.0	0.0	0.0	0.202	0.0	0.065	0.0	0.086	0.0	0.013	0.0	0.0	0.026	0.025	0.0	0.0
ADCYAP1	P18509	False	PACA_HUMAN		CPI-SS062DED513	ADCYAP1	0.836	0.262	0.149	1.934	0.36	0.225	0.311	1.921	0.984	1.125	0.32	0.128	0.357	0.252	0.624	0.558	0.0	0.204	0.498	0.15	2.404	0.355	1.033	0.105	0.524	0.279	2.097	3.276	0.422	2.289	1.403	0.658
VIP	P01282	False	VIP_HUMAN		CPI-SS0C8A09915	VIP	0.043	0.0	0.0	0.0	0.0	0.0	0.0	0.036	0.0	0.0	0.0	0.0	0.0	0.0	0.0	0.0	0.0	0.0	0.0	0.202	0.0	0.065	0.0	0.086	0.0	0.013	0.0	0.0	0.026	0.025	0.0	0.0
ADCYAP1	P18509	False	PACA_HUMAN		CPI-SS02CCE14A7	ADCYAP1	0.836	0.262	0.149	1.934	0.36	0.225	0.311	1.921	0.984	1.125	0.32	0.128	0.357	0.252	0.624	0.558	0.0	0.204	0.498	0.15	2.404	0.355	1.033	0.105	0.524	0.279	2.097	3.276	0.422	2.289	1.403	0.658
VIP	P01282	False	VIP_HUMAN		CPI-SS05B60E59C	VIP	0.043	0.0	0.0	0.0	0.0	0.0	0.0	0.036	0.0	0.0	0.0	0.0	0.0	0.0	0.0	0.0	0.0	0.0	0.0	0.202	0.0	0.065	0.0	0.086	0.0	0.013	0.0	0.0	0.026	0.025	0.0	0.0
PGF	P49763	False	PLGF_HUMAN		CPI-SS07361522F	PGF	0.006	0.0	0.0	0.0	0.039	0.0	0.0	0.0	0.023	0.0	0.0	0.0	0.0	0.0	0.0	0.0	0.0	0.0	0.0	0.0	0.0	0.115	0.0	0.037	0.0	0.036	0.0	0.0	0.058	0.0	0.0	0.0
VEGFA	P15692	False	VEGFA_HUMAN		CPI-SS0B9B3870A	VEGFA	0.079	0.043	0.34	0.0	0.271	0.061	0.083	0.07	0.0	0.0	0.098	0.056	0.301	0.242	0.084	0.223	0.0	0.194	0.103	0.116	0.069	0.329	0.0	0.0	0.0	0.032	0.007	0.016	0.171	0.022	0.046	0.015
PGF	P49763	False	PLGF_HUMAN		CPI-SC0B51DC960	PGF	0.006	0.0	0.0	0.0	0.039	0.0	0.0	0.0	0.023	0.0	0.0	0.0	0.0	0.0	0.0	0.0	0.0	0.0	0.0	0.0	0.0	0.115	0.0	0.037	0.0	0.036	0.0	0.0	0.058	0.0	0.0	0.0
VEGFA	P15692	False	VEGFA_HUMAN		CPI-SC0AFC650CD	VEGFA	0.079	0.043	0.34	0.0	0.271	0.061	0.083	0.07	0.0	0.0	0.098	0.056	0.301	0.242	0.084	0.223	0.0	0.194	0.103	0.116	0.069	0.329	0.0	0.0	0.0	0.032	0.007	0.016	0.171	0.022	0.046	0.015
PGF	P49763	False	PLGF_HUMAN		CPI-SS01790830C	PGF	0.006	0.0	0.0	0.0	0.039	0.0	0.0	0.0	0.023	0.0	0.0	0.0	0.0	0.0	0.0	0.0	0.0	0.0	0.0	0.0	0.0	0.115	0.0	0.037	0.0	0.036	0.0	0.0	0.058	0.0	0.0	0.0
SEMA3A	Q14563	False	SEM3A_HUMAN		CPI-SS034083FFA	SEMA3A	0.213	0.054	0.0	0.145	0.063	0.073	0.108	0.03	0.1	0.71	0.086	0.039	0.344	0.057	0.425	0.0	0.0	0.023	0.0	0.131	0.057	0.071	0.714	0.0	0.0	0.086	0.164	0.164	0.149	0.343	0.104	0.025
VEGFA	P15692	False	VEGFA_HUMAN		CPI-SS043E22BF5	VEGFA	0.079	0.043	0.34	0.0	0.271	0.061	0.083	0.07	0.0	0.0	0.098	0.056	0.301	0.242	0.084	0.223	0.0	0.194	0.103	0.116	0.069	0.329	0.0	0.0	0.0	0.032	0.007	0.016	0.171	0.022	0.046	0.015
PGF	P49763	False	PLGF_HUMAN		CPI-SS065D9259F	PGF	0.006	0.0	0.0	0.0	0.039	0.0	0.0	0.0	0.023	0.0	0.0	0.0	0.0	0.0	0.0	0.0	0.0	0.0	0.0	0.0	0.0	0.115	0.0	0.037	0.0	0.036	0.0	0.0	0.058	0.0	0.0	0.0
SEMA3C	Q99985	False	SEM3C_HUMAN		CPI-SS0F67B526A	SEMA3C	0.099	0.028	0.0	0.0	0.098	0.031	0.0	0.037	0.0	0.949	0.213	0.0	0.0	0.05	0.016	0.0	0.0	0.0	0.0	0.052	0.0	0.0	0.0	0.0	0.0	0.041	0.082	0.077	0.023	0.33	0.107	0.122
SEMA3F	Q13275	False	SEM3F_HUMAN		CPI-SS0674B0F46	SEMA3F	0.407	0.032	0.0	0.098	0.0	0.411	0.045	0.228	0.603	0.565	0.276	0.028	0.0	0.106	0.079	0.663	0.0	0.028	0.0	0.578	0.452	0.317	0.522	0.239	0.0	0.195	0.265	0.3	0.128	0.22	0.784	0.278
VEGFA	P15692	False	VEGFA_HUMAN		CPI-SS046F8AD8B	VEGFA	0.079	0.043	0.34	0.0	0.271	0.061	0.083	0.07	0.0	0.0	0.098	0.056	0.301	0.242	0.084	0.223	0.0	0.194	0.103	0.116	0.069	0.329	0.0	0.0	0.0	0.032	0.007	0.016	0.171	0.022	0.046	0.015
PDGFA	P04085	False	PDGFA_HUMAN		CPI-SS0B70EB09E	PDGFA	0.018	0.0	0.0	0.0	0.0	0.0	0.086	0.0	0.0	0.0	0.0	0.118	0.272	0.098	0.0	0.0	0.0	0.0	0.0	0.0	0.0	0.0	0.0	0.046	0.0	0.025	0.028	0.0	0.05	0.019	0.0	0.0
PDGFB	P01127	False	PDGFB_HUMAN		CPI-SS0FEEB187C	PDGFB	0.027	0.0	0.0	0.0	0.0	0.0	0.0	0.031	0.0	0.0	0.075	0.0	0.0	0.0	0.0	0.0	0.0	0.0	0.0	0.0	0.026	0.0	0.16	0.08	0.0	0.026	0.0	0.0	0.026	0.044	0.0	0.0
PDGFC	Q9NRA1	False	PDGFC_HUMAN		CPI-SS06DA9B4FE	PDGFC	0.072	0.0	0.0	0.802	0.143	0.0	0.036	0.0	0.0	0.0	0.0	0.057	0.0	0.112	0.099	0.473	0.0	0.0	0.0	0.046	0.0	0.0	0.0	0.0	0.335	0.067	0.0	0.072	0.042	0.058	0.053	0.064
PDGFB	P01127	False	PDGFB_HUMAN		CPI-SC00DF4C861	PDGFB	0.027	0.0	0.0	0.0	0.0	0.0	0.0	0.031	0.0	0.0	0.075	0.0	0.0	0.0	0.0	0.0	0.0	0.0	0.0	0.0	0.026	0.0	0.16	0.08	0.0	0.026	0.0	0.0	0.026	0.044	0.0	0.0
PDGFD	Q9GZP0	False	PDGFD_HUMAN		CPI-SC042177446	PDGFD	0.002	0.0	0.0	0.0	0.0	0.0	0.0	0.0	0.0	0.0	0.0	0.0	0.0	0.0	0.0	0.0	0.0	0.0	0.0	0.0	0.0	0.0	0.0	0.0	0.0	0.0	0.0	0.0	0.0	0.0	0.0	0.0
PDGFB	P01127	False	PDGFB_HUMAN		CPI-SS05A26A1DE	PDGFB	0.027	0.0	0.0	0.0	0.0	0.0	0.0	0.031	0.0	0.0	0.075	0.0	0.0	0.0	0.0	0.0	0.0	0.0	0.0	0.0	0.026	0.0	0.16	0.08	0.0	0.026	0.0	0.0	0.026	0.044	0.0	0.0
PDGFD	Q9GZP0	False	PDGFD_HUMAN		CPI-SS0B3C76C9D	PDGFD	0.002	0.0	0.0	0.0	0.0	0.0	0.0	0.0	0.0	0.0	0.0	0.0	0.0	0.0	0.0	0.0	0.0	0.0	0.0	0.0	0.0	0.0	0.0	0.0	0.0	0.0	0.0	0.0	0.0	0.0	0.0	0.0
NPY	P01303	False	NPY_HUMAN		CPI-SS0E2083FAC	NPY	0.099	0.061	0.176	0.074	0.027	3.236	0.0	0.24	0.049	0.0	0.0	0.104	0.052	0.0	0.063	0.0	0.0	0.046	0.103	0.0	0.141	0.0	0.0	0.124	0.0	0.064	0.076	0.03	0.222	0.108	0.096	0.133
GNRH1	P01148	False	GON1_HUMAN		CPI-SS0D9EFC4F7	GNRH1	0.01	0.0	0.0	0.0	0.059	0.026	0.0	0.0	0.0	0.0	0.0	0.0	0.0	0.0	0.0	0.0	0.0	0.0	0.0	0.0	0.0	0.0	0.071	0.029	0.0	0.0	0.009	0.02	0.016	0.0	0.013	0.026
GNRH2	O43555	False	GON2_HUMAN		CPI-SS0D9BC4188	GNRH2	0.002	0.0	0.0	0.0	0.0	0.0	0.0	0.0	0.0	0.0	0.0	0.0	0.0	0.0	0.0	0.0	0.0	0.0	0.0	0.0	0.0	0.049	0.0	0.0	0.0	0.0	0.0	0.0	0.0	0.0	0.0	0.0
RLN3	Q8WXF3	False	REL3_HUMAN		CPI-SS031E35270	RLN3	0.006	0.0	0.047	0.0	0.0	0.0	0.0	0.0	0.0	0.0	0.0	0.0	0.0	0.061	0.0	0.0	0.0	0.0	0.0	0.0	0.0	0.0	0.0	0.0	0.0	0.0	0.0	0.0	0.0	0.0	0.0	0.0
RLN3	Q8WXF3	False	REL3_HUMAN		CPI-SS02EF37382	RLN3	0.006	0.0	0.047	0.0	0.0	0.0	0.0	0.0	0.0	0.0	0.0	0.0	0.0	0.061	0.0	0.0	0.0	0.0	0.0	0.0	0.0	0.0	0.0	0.0	0.0	0.0	0.0	0.0	0.0	0.0	0.0	0.0
PSAP	P07602	False	SAP_HUMAN		CPI-SS0D8DE8E59	PSAP	0.699	0.322	2.175	0.36	1.405	0.878	0.205	0.458	0.406	0.74	0.759	0.369	0.97	0.485	0.562	1.024	0.0	1.209	1.013	0.863	0.818	0.334	0.675	0.509	0.335	0.614	0.897	0.863	0.615	0.609	0.863	0.4
PSAP	P07602	False	SAP_HUMAN		CPI-SS075B1AA3A	PSAP	0.699	0.322	2.175	0.36	1.405	0.878	0.205	0.458	0.406	0.74	0.759	0.369	0.97	0.485	0.562	1.024	0.0	1.209	1.013	0.863	0.818	0.334	0.675	0.509	0.335	0.614	0.897	0.863	0.615	0.609	0.863	0.4
RSPO1	Q2MKA7	False	RSPO1_HUMAN		CPI-SC0E7F51B25	RSPO1	0.002	0.0	0.0	0.0	0.0	0.0	0.0	0.0	0.0	0.0	0.023	0.0	0.052	0.0	0.0	0.0	0.0	0.0	0.0	0.0	0.0	0.0	0.0	0.0	0.0	0.0	0.0	0.018	0.0	0.0	0.0	0.0
WNT1	P04628	False	WNT1_HUMAN		CPI-SC0E8623846	WNT1	0.009	0.0	0.0	0.0	0.0	0.0	0.0	0.0	0.0	0.0	0.0	0.0	0.0	0.0	0.0	0.29	0.0	0.0	0.0	0.0	0.429	0.0	0.0	0.068	0.0	0.0	0.0	0.0	0.0	0.0	0.0	0.0
WNT10A	Q9GZT5	False	WN10A_HUMAN		CPI-SC031A56DEB	WNT10A	0.0	0.024	0.0	0.0	0.0	0.0	0.0	0.0	0.0	0.0	0.0	0.0	0.0	0.0	0.0	0.0	0.0	0.0	0.0	0.0	0.043	0.0	0.0	0.0	0.0	0.0	0.0	0.0	0.0	0.0	0.0	0.0
WNT11	O96014	False	WNT11_HUMAN		CPI-SC0B9D5B3BB	WNT11	0.008	0.0	0.0	0.0	0.0	0.0	0.0	0.0	0.0	0.0	0.0	0.0	0.0	0.0	0.0	0.0	0.0	0.0	0.0	0.047	0.027	0.0	0.0	0.0	0.0	0.0	0.0	0.024	0.0	0.0	0.0	0.0
WNT16	Q9UBV4	False	WNT16_HUMAN		CPI-SC08F2BED38	WNT16	0.029	0.0	0.0	0.0	0.044	0.0	0.0	0.0	0.0	0.0	0.0	0.0	0.0	0.0	0.0	0.0	0.0	0.0	0.0	0.0	0.0	0.046	0.0	0.0	0.335	0.0	0.0	0.014	0.011	0.0	0.0	0.018
WNT2	P09544	False	WNT2_HUMAN		CPI-SC061351B3F	WNT2	0.004	0.255	0.0	0.0	0.0	0.05	0.0	0.0	0.09	0.0	0.0	0.0	0.0	0.0	0.0	0.0	0.0	0.0	0.0	0.0	0.014	0.112	0.0	0.0	0.0	0.0	0.0	0.017	0.0	0.022	0.0	0.0
WNT2B	Q93097	False	WNT2B_HUMAN		CPI-SC077E857AE	WNT2B	0.022	0.0	0.048	0.0	0.0	0.0	0.0	0.0	0.0	0.0	0.0	0.0	0.0	0.0	0.0	0.0	0.0	0.0	0.0	0.0	0.062	0.0	0.0	0.0	0.0	0.0	0.012	0.0	0.0	0.021	0.0	0.03
WNT3	P56703	False	WNT3_HUMAN		CPI-SC07648DD90	WNT3	0.02	0.0	0.0	0.0	0.0	0.024	0.068	0.037	0.046	0.0	0.0	0.242	0.832	0.039	0.153	1.176	0.0	0.0	0.0	0.0	0.04	0.0	0.0	0.0	0.0	0.026	0.0	0.047	0.016	0.049	0.0	0.0
WNT3A	P56704	False	WNT3A_HUMAN		CPI-SC01C2F8BE5	WNT3A	0.002	0.0	0.0	0.0	0.0	0.0	0.0	0.018	0.0	0.0	0.0	0.048	0.142	0.0	0.0	0.769	0.0	0.0	0.0	0.0	0.0	0.0	0.0	0.0	0.0	0.009	0.0	0.0	0.0	0.026	0.0	0.035
WNT5B	Q9H1J7	False	WNT5B_HUMAN		CPI-SC02EBDBB5C	WNT5B	0.054	0.0	0.0	0.0	0.0	0.031	0.231	0.0	0.036	0.0	0.05	0.055	0.092	0.0	0.037	0.0	3.23	0.0	0.0	0.0	0.041	0.0	0.0	0.0	0.0	0.073	0.073	0.058	0.087	0.044	0.051	0.103
WNT6	Q9Y6F9	False	WNT6_HUMAN		CPI-SC0D8F589A1	WNT6	0.007	0.0	0.0	0.0	0.022	0.0	0.0	0.0	0.047	0.0	0.0	0.0	0.0	0.0	0.0	0.0	0.0	0.0	0.0	0.0	0.07	0.0	0.0	0.0	0.0	0.03	0.0	0.021	0.0	0.0	0.0	0.025
WNT7A	O00755	False	WNT7A_HUMAN		CPI-SC0942D4B76	WNT7A	0.024	0.179	0.0	0.0	0.607	0.0	0.048	0.0	0.0	0.0	0.052	0.0	0.034	0.0	0.009	0.0	0.0	0.028	0.0	0.0	0.0	0.049	0.071	0.0	0.0	0.009	0.0	0.01	0.016	0.058	0.017	0.02
WNT7B	P56706	False	WNT7B_HUMAN		CPI-SC0434B6726	WNT7B	0.06	0.0	0.087	0.015	0.593	0.139	0.023	0.0	0.024	0.094	0.0	0.188	0.589	0.179	0.293	0.188	0.0	0.0	0.0	0.0	0.054	0.055	0.0	0.0	0.0	0.013	0.01	0.032	0.043	0.0	0.061	0.013
WNT8A	Q9H1J5	False	WNT8A_HUMAN		CPI-SC0BB739BFE	WNT8A	0.048	0.0	0.0	0.0	0.017	0.0	0.0	0.061	0.036	0.091	0.079	0.0	0.0	0.0	0.0	0.0	0.0	0.018	0.0	0.0	0.045	0.0	0.139	0.074	0.0	0.041	0.043	0.09	0.042	0.033	0.04	0.02
WNT8B	Q93098	False	WNT8B_HUMAN		CPI-SC09F5F81CF	WNT8B	0.005	0.0	0.0	0.0	0.0	0.0	0.048	0.0	0.0	0.0	0.0	0.169	0.0	0.0	0.133	0.511	0.0	0.0	0.0	0.0	0.0	0.0	0.0	0.0	0.0	0.0	0.011	0.0	0.0	0.0	0.004	0.0
WNT9A	O14904	False	WNT9A_HUMAN		CPI-SC0F9E07951	WNT9A	0.036	0.023	0.0	0.0	0.0	0.0	0.136	0.0	0.0	0.0	0.0	0.0	0.0	0.0	0.0	0.0	0.0	0.0	0.0	0.0	0.0	0.0	0.069	0.0	0.0	0.0	0.0	0.0	0.011	0.0	0.0	0.032
WNT9B	O14905	False	WNT9B_HUMAN		CPI-SC005D197A2	WNT9B	0.0	0.0	0.0	0.0	0.0	0.0	0.0	0.0	0.0	0.0	0.0	0.0	0.0	0.0	0.0	0.0	0.0	0.0	0.0	0.0	0.0	0.0	0.0	0.0	0.0	0.0	0.0	0.022	0.0	0.0	0.0	0.0
RSPO1	Q2MKA7	False	RSPO1_HUMAN		CPI-SC0456039E0	RSPO1	0.002	0.0	0.0	0.0	0.0	0.0	0.0	0.0	0.0	0.0	0.023	0.0	0.052	0.0	0.0	0.0	0.0	0.0	0.0	0.0	0.0	0.0	0.0	0.0	0.0	0.0	0.0	0.018	0.0	0.0	0.0	0.0
RSPO1	Q2MKA7	False	RSPO1_HUMAN		CPI-SS0057AB387	RSPO1	0.002	0.0	0.0	0.0	0.0	0.0	0.0	0.0	0.0	0.0	0.023	0.0	0.052	0.0	0.0	0.0	0.0	0.0	0.0	0.0	0.0	0.0	0.0	0.0	0.0	0.0	0.0	0.018	0.0	0.0	0.0	0.0
RSPO2	Q6UXX9	False	RSPO2_HUMAN		CPI-SS01E3453DB	RSPO2	0.028	0.0	0.0	0.065	0.0	0.0	0.0	0.0	0.029	0.0	0.0	0.0	0.0	0.0	0.0	0.505	0.0	0.0	0.0	0.0	0.032	0.0	0.0	0.0	0.0	0.069	0.0	0.025	0.103	0.023	0.0	0.0
RSPO3	Q9BXY4	False	RSPO3_HUMAN		CPI-SS0ACAB1835	RSPO3	0.003	0.0	0.0	0.027	0.0	0.0	0.0	0.0	0.0	0.0	0.0	0.0	0.0	0.0	0.0	0.0	0.0	0.0	0.0	0.0	0.0	0.068	0.0	0.0	0.0	0.0	0.0	0.0	0.0	0.0	0.011	0.0
RSPO4	Q2I0M5	False	RSPO4_HUMAN		CPI-SS034D3988F	RSPO4	0.002	0.0	0.0	0.0	0.0	0.0	0.0	0.0	0.0	0.0	0.0	0.0	0.0	0.0	0.0	0.0	0.0	0.0	0.0	0.0	0.0	0.0	0.0	0.0	0.0	0.009	0.0	0.0	0.124	0.0	0.0	0.0
RSPO1	Q2MKA7	False	RSPO1_HUMAN		CPI-SS09B2320BC	RSPO1	0.002	0.0	0.0	0.0	0.0	0.0	0.0	0.0	0.0	0.0	0.023	0.0	0.052	0.0	0.0	0.0	0.0	0.0	0.0	0.0	0.0	0.0	0.0	0.0	0.0	0.0	0.0	0.018	0.0	0.0	0.0	0.0
RSPO2	Q6UXX9	False	RSPO2_HUMAN		CPI-SS056D0AD0D	RSPO2	0.028	0.0	0.0	0.065	0.0	0.0	0.0	0.0	0.029	0.0	0.0	0.0	0.0	0.0	0.0	0.505	0.0	0.0	0.0	0.0	0.032	0.0	0.0	0.0	0.0	0.069	0.0	0.025	0.103	0.023	0.0	0.0
RSPO3	Q9BXY4	False	RSPO3_HUMAN		CPI-SS0C3906934	RSPO3	0.003	0.0	0.0	0.027	0.0	0.0	0.0	0.0	0.0	0.0	0.0	0.0	0.0	0.0	0.0	0.0	0.0	0.0	0.0	0.0	0.0	0.068	0.0	0.0	0.0	0.0	0.0	0.0	0.0	0.0	0.011	0.0
RSPO4	Q2I0M5	False	RSPO4_HUMAN		CPI-SS079CAC99C	RSPO4	0.002	0.0	0.0	0.0	0.0	0.0	0.0	0.0	0.0	0.0	0.0	0.0	0.0	0.0	0.0	0.0	0.0	0.0	0.0	0.0	0.0	0.0	0.0	0.0	0.0	0.009	0.0	0.0	0.124	0.0	0.0	0.0
RSPO1	Q2MKA7	False	RSPO1_HUMAN		CPI-SS0E5397537	RSPO1	0.002	0.0	0.0	0.0	0.0	0.0	0.0	0.0	0.0	0.0	0.023	0.0	0.052	0.0	0.0	0.0	0.0	0.0	0.0	0.0	0.0	0.0	0.0	0.0	0.0	0.0	0.0	0.018	0.0	0.0	0.0	0.0
RSPO2	Q6UXX9	False	RSPO2_HUMAN		CPI-SS019104E2E	RSPO2	0.028	0.0	0.0	0.065	0.0	0.0	0.0	0.0	0.029	0.0	0.0	0.0	0.0	0.0	0.0	0.505	0.0	0.0	0.0	0.0	0.032	0.0	0.0	0.0	0.0	0.069	0.0	0.025	0.103	0.023	0.0	0.0
RSPO3	Q9BXY4	False	RSPO3_HUMAN		CPI-SS0EB5364D4	RSPO3	0.003	0.0	0.0	0.027	0.0	0.0	0.0	0.0	0.0	0.0	0.0	0.0	0.0	0.0	0.0	0.0	0.0	0.0	0.0	0.0	0.0	0.068	0.0	0.0	0.0	0.0	0.0	0.0	0.0	0.0	0.011	0.0
RSPO4	Q2I0M5	False	RSPO4_HUMAN		CPI-SS0609FCF76	RSPO4	0.002	0.0	0.0	0.0	0.0	0.0	0.0	0.0	0.0	0.0	0.0	0.0	0.0	0.0	0.0	0.0	0.0	0.0	0.0	0.0	0.0	0.0	0.0	0.0	0.0	0.009	0.0	0.0	0.124	0.0	0.0	0.0
RELN	P78509	False	RELN_HUMAN		CPI-SS0AD2A36FE	RELN	0.211	0.054	0.0	0.308	0.017	0.0	0.232	0.032	0.143	0.0	0.0	0.053	0.0	0.0	0.0	0.108	0.0	0.038	0.0	0.0	0.032	0.0	0.071	0.64	0.0	0.26	0.062	0.014	0.248	0.025	0.09	0.127
RELN	P78509	False	RELN_HUMAN		CPI-SS06DF3325D	RELN	0.211	0.054	0.0	0.308	0.017	0.0	0.232	0.032	0.143	0.0	0.0	0.053	0.0	0.0	0.0	0.108	0.0	0.038	0.0	0.0	0.032	0.0	0.071	0.64	0.0	0.26	0.062	0.014	0.248	0.025	0.09	0.127
SOSTDC1	Q6X4U4	False	SOSD1_HUMAN		CPI-SS0FB520A95	SOSTDC1	0.007	0.0	0.0	0.0	0.0	0.0	0.0	0.0	0.024	0.0	0.0	0.0	0.0	0.0	0.0	0.0	0.0	0.0	0.0	0.0	0.0	0.067	0.0	0.0	0.0	0.008	0.0	0.013	0.0	0.0	0.0	0.0
SOSTDC1	Q6X4U4	False	SOSD1_HUMAN		CPI-SS0C977FC22	SOSTDC1	0.007	0.0	0.0	0.0	0.0	0.0	0.0	0.0	0.024	0.0	0.0	0.0	0.0	0.0	0.0	0.0	0.0	0.0	0.0	0.0	0.0	0.067	0.0	0.0	0.0	0.008	0.0	0.013	0.0	0.0	0.0	0.0
SEMA3A	Q14563	False	SEM3A_HUMAN		CPI-SC0C8A5C197	SEMA3A	0.213	0.054	0.0	0.145	0.063	0.073	0.108	0.03	0.1	0.71	0.086	0.039	0.344	0.057	0.425	0.0	0.0	0.023	0.0	0.131	0.057	0.071	0.714	0.0	0.0	0.086	0.164	0.164	0.149	0.343	0.104	0.025
SEMA3A	Q14563	False	SEM3A_HUMAN		CPI-SC019D0A439	SEMA3A	0.213	0.054	0.0	0.145	0.063	0.073	0.108	0.03	0.1	0.71	0.086	0.039	0.344	0.057	0.425	0.0	0.0	0.023	0.0	0.131	0.057	0.071	0.714	0.0	0.0	0.086	0.164	0.164	0.149	0.343	0.104	0.025
SEMA6A	Q9H2E6	False	SEM6A_HUMAN		CPI-SC08F771F98	SEMA6A	0.473	0.223	0.189	0.823	0.078	0.853	0.388	0.723	0.171	1.03	1.264	0.359	0.726	0.704	1.013	1.237	0.0	0.758	0.103	0.258	0.226	0.279	0.892	0.139	0.0	0.548	0.227	0.156	0.365	0.37	0.209	0.42
SEMA3E	O15041	False	SEM3E_HUMAN		CPI-SS0F3A089DE	SEMA3E	0.084	0.013	0.0	0.0	0.195	0.045	0.17	0.0	0.035	0.194	0.0	0.056	0.093	0.0	0.0	0.0	0.0	0.023	0.0	0.0	0.047	0.0	0.25	0.0	0.0	0.018	0.061	0.131	0.137	0.111	0.041	0.022
SEMA4C	Q9C0C4	False	SEM4C_HUMAN		CPI-SS0892F3080	SEMA4C	0.558	0.566	0.03	0.739	0.918	0.406	0.078	0.797	0.307	0.763	0.074	0.294	0.555	0.224	0.569	0.3	0.0	0.037	0.293	0.357	0.274	0.677	0.624	0.44	0.0	0.447	0.521	0.608	0.474	0.174	0.782	0.294
SEMA4D	Q92854	False	SEM4D_HUMAN		CPI-SS012F60F11	SEMA4D	0.242	0.019	0.035	0.069	0.0	0.134	0.618	0.381	0.164	0.446	0.199	0.599	0.877	0.249	0.991	0.204	0.0	0.336	0.112	0.121	0.262	0.0	0.91	0.374	0.0	0.268	0.078	0.257	0.152	0.062	0.246	0.285
SEMA4G	Q9NTN9	False	SEM4G_HUMAN		CPI-SS011931B0F	SEMA4G	0.334	0.056	0.068	0.658	0.168	0.0	0.123	0.175	0.15	1.609	0.705	0.057	0.982	0.039	0.335	0.853	0.0	0.0	0.103	0.562	0.344	0.094	0.238	1.082	0.0	0.451	1.245	0.394	0.193	1.591	1.313	0.303
SEMA4D	Q92854	False	SEM4D_HUMAN		CPI-SS0606E97F0	SEMA4D	0.242	0.019	0.035	0.069	0.0	0.134	0.618	0.381	0.164	0.446	0.199	0.599	0.877	0.249	0.991	0.204	0.0	0.336	0.112	0.121	0.262	0.0	0.91	0.374	0.0	0.268	0.078	0.257	0.152	0.062	0.246	0.285
SLIT1	O75093	False	SLIT1_HUMAN		CPI-SS027028983	SLIT1	0.761	0.167	0.078	1.095	0.028	0.0	0.689	0.995	0.586	0.0	0.045	0.316	0.275	0.445	0.555	1.104	0.0	0.038	0.0	0.335	0.166	0.18	0.215	0.184	1.02	0.213	0.082	0.428	0.27	0.038	0.196	0.305
SLIT2	O94813	False	SLIT2_HUMAN		CPI-SS0A932EB77	SLIT2	0.308	1.661	0.061	0.0	0.117	0.026	0.33	1.964	0.0	0.0	0.0	0.113	0.193	1.093	0.387	0.619	0.0	0.041	0.168	0.092	0.208	0.206	0.332	0.083	0.524	0.217	0.0	0.412	0.356	0.036	0.1	0.122
SLIT2	O94813	False	SLIT2_HUMAN		CPI-SS0D0235DCE	SLIT2	0.308	1.661	0.061	0.0	0.117	0.026	0.33	1.964	0.0	0.0	0.0	0.113	0.193	1.093	0.387	0.619	0.0	0.041	0.168	0.092	0.208	0.206	0.332	0.083	0.524	0.217	0.0	0.412	0.356	0.036	0.1	0.122
SST	P61278	False	SMS_HUMAN		CPI-SS0FE594C97	SST	0.177	0.076	0.022	0.049	0.079	3.463	0.076	0.046	0.174	0.0	0.023	0.0	0.14	0.072	0.187	0.0	0.0	0.0	0.0	0.178	0.113	0.14	0.202	0.047	0.0	0.108	0.069	0.104	0.662	0.096	0.071	0.164
SST	P61278	False	SMS_HUMAN		CPI-SS05A3441B9	SST	0.177	0.076	0.022	0.049	0.079	3.463	0.076	0.046	0.174	0.0	0.023	0.0	0.14	0.072	0.187	0.0	0.0	0.0	0.0	0.178	0.113	0.14	0.202	0.047	0.0	0.108	0.069	0.104	0.662	0.096	0.071	0.164
SST	P61278	False	SMS_HUMAN		CPI-SS0F80E4C8B	SST	0.177	0.076	0.022	0.049	0.079	3.463	0.076	0.046	0.174	0.0	0.023	0.0	0.14	0.072	0.187	0.0	0.0	0.0	0.0	0.178	0.113	0.14	0.202	0.047	0.0	0.108	0.069	0.104	0.662	0.096	0.071	0.164
SDC2	P34741	False	SDC2_HUMAN		CPI-SS0D681D90E	SDC2	0.122	0.178	0.184	0.015	0.0	0.303	0.133	0.082	0.185	0.107	0.177	0.0	0.473	0.078	0.638	0.0	0.0	0.0	0.129	0.142	0.117	0.112	0.072	0.0	0.355	0.056	0.039	0.039	0.313	0.272	0.112	0.084
TAC1	P20366	False	TKN1_HUMAN		CPI-SS02A8BD654	TAC1	0.117	0.059	0.0	0.012	0.022	0.0	0.0	1.56	0.0	0.269	0.043	0.0	0.0	0.046	0.022	0.0	0.0	0.048	0.254	0.395	0.0	0.065	0.0	0.0	0.571	0.225	1.948	0.021	0.124	0.056	0.044	0.198
TAC3	Q9UHF0	False	TKNK_HUMAN		CPI-SS0CDDDEE9F	TAC3	0.156	0.0	0.054	0.044	0.0	0.411	0.031	1.958	0.0	0.0	0.0	0.0	0.0	0.0	0.0	0.0	0.0	0.045	0.0	0.0	0.048	0.085	0.0	0.0	0.355	0.111	0.037	0.0	0.224	0.0	0.0	0.055
TAC1	P20366	False	TKN1_HUMAN		CPI-SS061ED1543	TAC1	0.117	0.059	0.0	0.012	0.022	0.0	0.0	1.56	0.0	0.269	0.043	0.0	0.0	0.046	0.022	0.0	0.0	0.048	0.254	0.395	0.0	0.065	0.0	0.0	0.571	0.225	1.948	0.021	0.124	0.056	0.044	0.198
TAC3	Q9UHF0	False	TKNK_HUMAN		CPI-SS0C9A68B24	TAC3	0.156	0.0	0.054	0.044	0.0	0.411	0.031	1.958	0.0	0.0	0.0	0.0	0.0	0.0	0.0	0.0	0.0	0.045	0.0	0.0	0.048	0.085	0.0	0.0	0.355	0.111	0.037	0.0	0.224	0.0	0.0	0.055
TAC1	P20366	False	TKN1_HUMAN		CPI-SS015B70BF9	TAC1	0.117	0.059	0.0	0.012	0.022	0.0	0.0	1.56	0.0	0.269	0.043	0.0	0.0	0.046	0.022	0.0	0.0	0.048	0.254	0.395	0.0	0.065	0.0	0.0	0.571	0.225	1.948	0.021	0.124	0.056	0.044	0.198
TAC3	Q9UHF0	False	TKNK_HUMAN		CPI-SS0F5177C81	TAC3	0.156	0.0	0.054	0.044	0.0	0.411	0.031	1.958	0.0	0.0	0.0	0.0	0.0	0.0	0.0	0.0	0.0	0.045	0.0	0.0	0.048	0.085	0.0	0.0	0.355	0.111	0.037	0.0	0.224	0.0	0.0	0.055
TAX1BP3	O14907	False	TX1B3_HUMAN		CPI-SS06CF1662B	TAX1BP3	0.013	0.024	0.0	0.0	0.0	0.0	0.0	0.0	0.14	0.0	0.0	0.0	0.057	0.0	0.056	0.0	0.0	0.0	0.163	0.0	0.022	0.044	0.15	0.0	0.0	0.0	0.021	0.0	0.0	0.0	0.0	0.022
RTN4R	Q9BZR6	False	RTN4R_HUMAN		CPI-SS0F4EF9618	RTN4R	0.52	0.535	0.08	1.015	0.937	0.052	0.0	0.889	0.382	0.82	0.158	0.112	0.087	0.052	0.049	0.0	0.0	0.054	0.08	0.551	0.591	0.114	1.029	0.641	0.0	0.49	0.599	0.393	0.363	0.033	0.12	0.346
TGFB1	P01137	False	TGFB1_HUMAN		CPI-SC0DABCC4B5	TGFB1	0.004	0.0	0.115	0.0	0.0	0.0	0.0	0.0	0.0	0.0	0.0	0.0	0.0	0.0	0.0	0.0	0.0	0.0	0.161	0.0	0.0	0.205	0.0	0.0	0.0	0.0	0.0	0.0	0.0	0.0	0.053	0.038
TGFB3	P10600	False	TGFB3_HUMAN		CPI-SC051FC855D	TGFB3	0.046	0.0	0.0	0.015	0.0	0.0	0.072	0.045	0.0	0.0	0.0	0.044	0.058	0.095	0.165	0.0	0.0	0.0	0.0	0.03	0.051	0.0	0.0	0.0	0.0	0.023	0.0	0.053	0.018	0.047	0.097	0.032
TGFB1	P01137	False	TGFB1_HUMAN		CPI-SS085EE60B1	TGFB1	0.004	0.0	0.115	0.0	0.0	0.0	0.0	0.0	0.0	0.0	0.0	0.0	0.0	0.0	0.0	0.0	0.0	0.0	0.161	0.0	0.0	0.205	0.0	0.0	0.0	0.0	0.0	0.0	0.0	0.0	0.053	0.038
TGFB3	P10600	False	TGFB3_HUMAN		CPI-SS0D46E2B45	TGFB3	0.046	0.0	0.0	0.015	0.0	0.0	0.072	0.045	0.0	0.0	0.0	0.044	0.058	0.095	0.165	0.0	0.0	0.0	0.0	0.03	0.051	0.0	0.0	0.0	0.0	0.023	0.0	0.053	0.018	0.047	0.097	0.032
TNFSF14	O43557	False	TNF14_HUMAN		CPI-SS0B9DC75DD	TNFSF14	0.001	0.0	0.046	0.0	0.0	0.0	0.0	0.0	0.0	0.0	0.0	0.0	0.0	0.0	0.009	0.0	0.0	0.0	0.0	0.0	0.0	0.0	0.0	0.0	0.0	0.014	0.0	0.0	0.0	0.0	0.0	0.016
TNFSF10	P50591	False	TNF10_HUMAN		CPI-SS05A3055C3	TNFSF10	0.003	0.0	0.0	0.021	0.036	0.031	0.065	0.0	0.0	0.094	0.0	0.0	0.0	0.036	0.069	0.0	0.0	0.0	0.0	0.0	0.0	0.0	0.0	0.0	0.0	0.02	0.017	0.011	0.018	0.014	0.019	0.0
TNFSF11	O14788	False	TNF11_HUMAN		CPI-SS0F83BE97B	TNFSF11	0.003	0.0	0.0	0.0	0.0	0.0	0.0	0.0	0.035	0.0	0.0	0.0	0.0	0.0	0.0	0.0	0.0	0.0	0.0	0.0	0.0	0.0	0.0	0.0	0.0	0.0	0.0	0.0	0.0	0.0	0.012	0.0
UTS2	O95399	False	UTS2_HUMAN		CPI-SS033C67295	UTS2	0.0	0.0	0.0	0.0	0.0	0.0	0.039	0.0	0.0	0.0	0.0	0.0	0.0	0.0	0.0	0.0	0.0	0.0	0.0	0.0	0.0	0.0	0.0	0.0	0.0	0.0	0.0	0.018	0.0	0.0	0.0	0.0
VEGFA	P15692	False	VEGFA_HUMAN		CPI-SS0C03F7CDC	VEGFA	0.079	0.043	0.34	0.0	0.271	0.061	0.083	0.07	0.0	0.0	0.098	0.056	0.301	0.242	0.084	0.223	0.0	0.194	0.103	0.116	0.069	0.329	0.0	0.0	0.0	0.032	0.007	0.016	0.171	0.022	0.046	0.015
VEGFC	P49767	False	VEGFC_HUMAN		CPI-SS0EC8C81E0	VEGFC	0.038	0.0	0.0	0.0	0.055	0.0	0.0	0.0	0.028	0.0	0.033	0.112	0.251	0.13	0.076	0.0	0.0	0.0	0.0	0.0	0.0	0.0	0.111	0.0	0.0	0.019	0.039	0.031	0.02	0.0	0.163	0.013
VEGFD	O43915	False	VEGFD_HUMAN		CPI-SS0EBA5A4D8	VEGFD	0.002	0.019	0.0	0.0	0.0	0.0	0.0	0.059	0.0	0.0	0.0	0.0	0.0	0.0	0.0	0.0	0.0	0.0	0.0	0.0	0.05	0.0	0.0	0.0	0.0	0.0	0.012	0.047	0.014	0.0	0.0	0.025
VEGFC	P49767	False	VEGFC_HUMAN		CPI-SS005572B52	VEGFC	0.038	0.0	0.0	0.0	0.055	0.0	0.0	0.0	0.028	0.0	0.033	0.112	0.251	0.13	0.076	0.0	0.0	0.0	0.0	0.0	0.0	0.0	0.111	0.0	0.0	0.019	0.039	0.031	0.02	0.0	0.163	0.013
VEGFD	O43915	False	VEGFD_HUMAN		CPI-SS0D883FFF1	VEGFD	0.002	0.019	0.0	0.0	0.0	0.0	0.0	0.059	0.0	0.0	0.0	0.0	0.0	0.0	0.0	0.0	0.0	0.0	0.0	0.0	0.05	0.0	0.0	0.0	0.0	0.0	0.012	0.047	0.014	0.0	0.0	0.025
WNT1	P04628	False	WNT1_HUMAN		CPI-SS0961DD05D	WNT1	0.009	0.0	0.0	0.0	0.0	0.0	0.0	0.0	0.0	0.0	0.0	0.0	0.0	0.0	0.0	0.29	0.0	0.0	0.0	0.0	0.429	0.0	0.0	0.068	0.0	0.0	0.0	0.0	0.0	0.0	0.0	0.0
WNT10A	Q9GZT5	False	WN10A_HUMAN		CPI-SS0BAA8AA30	WNT10A	0.0	0.024	0.0	0.0	0.0	0.0	0.0	0.0	0.0	0.0	0.0	0.0	0.0	0.0	0.0	0.0	0.0	0.0	0.0	0.0	0.043	0.0	0.0	0.0	0.0	0.0	0.0	0.0	0.0	0.0	0.0	0.0
WNT11	O96014	False	WNT11_HUMAN		CPI-SS01072357C	WNT11	0.008	0.0	0.0	0.0	0.0	0.0	0.0	0.0	0.0	0.0	0.0	0.0	0.0	0.0	0.0	0.0	0.0	0.0	0.0	0.047	0.027	0.0	0.0	0.0	0.0	0.0	0.0	0.024	0.0	0.0	0.0	0.0
WNT16	Q9UBV4	False	WNT16_HUMAN		CPI-SS075B13211	WNT16	0.029	0.0	0.0	0.0	0.044	0.0	0.0	0.0	0.0	0.0	0.0	0.0	0.0	0.0	0.0	0.0	0.0	0.0	0.0	0.0	0.0	0.046	0.0	0.0	0.335	0.0	0.0	0.014	0.011	0.0	0.0	0.018
WNT2	P09544	False	WNT2_HUMAN		CPI-SS02704D1B8	WNT2	0.004	0.255	0.0	0.0	0.0	0.05	0.0	0.0	0.09	0.0	0.0	0.0	0.0	0.0	0.0	0.0	0.0	0.0	0.0	0.0	0.014	0.112	0.0	0.0	0.0	0.0	0.0	0.017	0.0	0.022	0.0	0.0
WNT2B	Q93097	False	WNT2B_HUMAN		CPI-SS0786D3749	WNT2B	0.022	0.0	0.048	0.0	0.0	0.0	0.0	0.0	0.0	0.0	0.0	0.0	0.0	0.0	0.0	0.0	0.0	0.0	0.0	0.0	0.062	0.0	0.0	0.0	0.0	0.0	0.012	0.0	0.0	0.021	0.0	0.03
WNT3	P56703	False	WNT3_HUMAN		CPI-SS0A10C2A8F	WNT3	0.02	0.0	0.0	0.0	0.0	0.024	0.068	0.037	0.046	0.0	0.0	0.242	0.832	0.039	0.153	1.176	0.0	0.0	0.0	0.0	0.04	0.0	0.0	0.0	0.0	0.026	0.0	0.047	0.016	0.049	0.0	0.0
WNT3A	P56704	False	WNT3A_HUMAN		CPI-SS0CCE526F7	WNT3A	0.002	0.0	0.0	0.0	0.0	0.0	0.0	0.018	0.0	0.0	0.0	0.048	0.142	0.0	0.0	0.769	0.0	0.0	0.0	0.0	0.0	0.0	0.0	0.0	0.0	0.009	0.0	0.0	0.0	0.026	0.0	0.035
WNT5B	Q9H1J7	False	WNT5B_HUMAN		CPI-SS05C7CF827	WNT5B	0.054	0.0	0.0	0.0	0.0	0.031	0.231	0.0	0.036	0.0	0.05	0.055	0.092	0.0	0.037	0.0	3.23	0.0	0.0	0.0	0.041	0.0	0.0	0.0	0.0	0.073	0.073	0.058	0.087	0.044	0.051	0.103
WNT6	Q9Y6F9	False	WNT6_HUMAN		CPI-SS0BD98A044	WNT6	0.007	0.0	0.0	0.0	0.022	0.0	0.0	0.0	0.047	0.0	0.0	0.0	0.0	0.0	0.0	0.0	0.0	0.0	0.0	0.0	0.07	0.0	0.0	0.0	0.0	0.03	0.0	0.021	0.0	0.0	0.0	0.025
WNT7A	O00755	False	WNT7A_HUMAN		CPI-SS0123EE122	WNT7A	0.024	0.179	0.0	0.0	0.607	0.0	0.048	0.0	0.0	0.0	0.052	0.0	0.034	0.0	0.009	0.0	0.0	0.028	0.0	0.0	0.0	0.049	0.071	0.0	0.0	0.009	0.0	0.01	0.016	0.058	0.017	0.02
WNT7B	P56706	False	WNT7B_HUMAN		CPI-SS03BC3A729	WNT7B	0.06	0.0	0.087	0.015	0.593	0.139	0.023	0.0	0.024	0.094	0.0	0.188	0.589	0.179	0.293	0.188	0.0	0.0	0.0	0.0	0.054	0.055	0.0	0.0	0.0	0.013	0.01	0.032	0.043	0.0	0.061	0.013
WNT8A	Q9H1J5	False	WNT8A_HUMAN		CPI-SS0D184698A	WNT8A	0.048	0.0	0.0	0.0	0.017	0.0	0.0	0.061	0.036	0.091	0.079	0.0	0.0	0.0	0.0	0.0	0.0	0.018	0.0	0.0	0.045	0.0	0.139	0.074	0.0	0.041	0.043	0.09	0.042	0.033	0.04	0.02
WNT8B	Q93098	False	WNT8B_HUMAN		CPI-SS02C404F4D	WNT8B	0.005	0.0	0.0	0.0	0.0	0.0	0.048	0.0	0.0	0.0	0.0	0.169	0.0	0.0	0.133	0.511	0.0	0.0	0.0	0.0	0.0	0.0	0.0	0.0	0.0	0.0	0.011	0.0	0.0	0.0	0.004	0.0
WNT9A	O14904	False	WNT9A_HUMAN		CPI-SS0EBBBD522	WNT9A	0.036	0.023	0.0	0.0	0.0	0.0	0.136	0.0	0.0	0.0	0.0	0.0	0.0	0.0	0.0	0.0	0.0	0.0	0.0	0.0	0.0	0.0	0.069	0.0	0.0	0.0	0.0	0.0	0.011	0.0	0.0	0.032
WNT9B	O14905	False	WNT9B_HUMAN		CPI-SS0AC8C45C5	WNT9B	0.0	0.0	0.0	0.0	0.0	0.0	0.0	0.0	0.0	0.0	0.0	0.0	0.0	0.0	0.0	0.0	0.0	0.0	0.0	0.0	0.0	0.0	0.0	0.0	0.0	0.0	0.0	0.022	0.0	0.0	0.0	0.0
WNT1	P04628	False	WNT1_HUMAN		CPI-SC095AB303B	WNT1	0.009	0.0	0.0	0.0	0.0	0.0	0.0	0.0	0.0	0.0	0.0	0.0	0.0	0.0	0.0	0.29	0.0	0.0	0.0	0.0	0.429	0.0	0.0	0.068	0.0	0.0	0.0	0.0	0.0	0.0	0.0	0.0
WNT11	O96014	False	WNT11_HUMAN		CPI-SC07B7E6361	WNT11	0.008	0.0	0.0	0.0	0.0	0.0	0.0	0.0	0.0	0.0	0.0	0.0	0.0	0.0	0.0	0.0	0.0	0.0	0.0	0.047	0.027	0.0	0.0	0.0	0.0	0.0	0.0	0.024	0.0	0.0	0.0	0.0
WNT16	Q9UBV4	False	WNT16_HUMAN		CPI-SC0A49C6C7E	WNT16	0.029	0.0	0.0	0.0	0.044	0.0	0.0	0.0	0.0	0.0	0.0	0.0	0.0	0.0	0.0	0.0	0.0	0.0	0.0	0.0	0.0	0.046	0.0	0.0	0.335	0.0	0.0	0.014	0.011	0.0	0.0	0.018
WNT2	P09544	False	WNT2_HUMAN		CPI-SC00BD4551E	WNT2	0.004	0.255	0.0	0.0	0.0	0.05	0.0	0.0	0.09	0.0	0.0	0.0	0.0	0.0	0.0	0.0	0.0	0.0	0.0	0.0	0.014	0.112	0.0	0.0	0.0	0.0	0.0	0.017	0.0	0.022	0.0	0.0
WNT2B	Q93097	False	WNT2B_HUMAN		CPI-SC0A81AF307	WNT2B	0.022	0.0	0.048	0.0	0.0	0.0	0.0	0.0	0.0	0.0	0.0	0.0	0.0	0.0	0.0	0.0	0.0	0.0	0.0	0.0	0.062	0.0	0.0	0.0	0.0	0.0	0.012	0.0	0.0	0.021	0.0	0.03
WNT3	P56703	False	WNT3_HUMAN		CPI-SC050F278B4	WNT3	0.02	0.0	0.0	0.0	0.0	0.024	0.068	0.037	0.046	0.0	0.0	0.242	0.832	0.039	0.153	1.176	0.0	0.0	0.0	0.0	0.04	0.0	0.0	0.0	0.0	0.026	0.0	0.047	0.016	0.049	0.0	0.0
WNT3A	P56704	False	WNT3A_HUMAN		CPI-SC051E1E7D7	WNT3A	0.002	0.0	0.0	0.0	0.0	0.0	0.0	0.018	0.0	0.0	0.0	0.048	0.142	0.0	0.0	0.769	0.0	0.0	0.0	0.0	0.0	0.0	0.0	0.0	0.0	0.009	0.0	0.0	0.0	0.026	0.0	0.035
WNT5B	Q9H1J7	False	WNT5B_HUMAN		CPI-SC0B18D6471	WNT5B	0.054	0.0	0.0	0.0	0.0	0.031	0.231	0.0	0.036	0.0	0.05	0.055	0.092	0.0	0.037	0.0	3.23	0.0	0.0	0.0	0.041	0.0	0.0	0.0	0.0	0.073	0.073	0.058	0.087	0.044	0.051	0.103
WNT6	Q9Y6F9	False	WNT6_HUMAN		CPI-SC0E713417E	WNT6	0.007	0.0	0.0	0.0	0.022	0.0	0.0	0.0	0.047	0.0	0.0	0.0	0.0	0.0	0.0	0.0	0.0	0.0	0.0	0.0	0.07	0.0	0.0	0.0	0.0	0.03	0.0	0.021	0.0	0.0	0.0	0.025
WNT7A	O00755	False	WNT7A_HUMAN		CPI-SC0EB5D8E44	WNT7A	0.024	0.179	0.0	0.0	0.607	0.0	0.048	0.0	0.0	0.0	0.052	0.0	0.034	0.0	0.009	0.0	0.0	0.028	0.0	0.0	0.0	0.049	0.071	0.0	0.0	0.009	0.0	0.01	0.016	0.058	0.017	0.02
WNT7B	P56706	False	WNT7B_HUMAN		CPI-SC01EBF0CE9	WNT7B	0.06	0.0	0.087	0.015	0.593	0.139	0.023	0.0	0.024	0.094	0.0	0.188	0.589	0.179	0.293	0.188	0.0	0.0	0.0	0.0	0.054	0.055	0.0	0.0	0.0	0.013	0.01	0.032	0.043	0.0	0.061	0.013
WNT8A	Q9H1J5	False	WNT8A_HUMAN		CPI-SC0E5BBC28B	WNT8A	0.048	0.0	0.0	0.0	0.017	0.0	0.0	0.061	0.036	0.091	0.079	0.0	0.0	0.0	0.0	0.0	0.0	0.018	0.0	0.0	0.045	0.0	0.139	0.074	0.0	0.041	0.043	0.09	0.042	0.033	0.04	0.02
WNT8B	Q93098	False	WNT8B_HUMAN		CPI-SC090AC04CE	WNT8B	0.005	0.0	0.0	0.0	0.0	0.0	0.048	0.0	0.0	0.0	0.0	0.169	0.0	0.0	0.133	0.511	0.0	0.0	0.0	0.0	0.0	0.0	0.0	0.0	0.0	0.0	0.011	0.0	0.0	0.0	0.004	0.0
WNT9A	O14904	False	WNT9A_HUMAN		CPI-SC0C644006E	WNT9A	0.036	0.023	0.0	0.0	0.0	0.0	0.136	0.0	0.0	0.0	0.0	0.0	0.0	0.0	0.0	0.0	0.0	0.0	0.0	0.0	0.0	0.0	0.069	0.0	0.0	0.0	0.0	0.0	0.011	0.0	0.0	0.032
WNT9B	O14905	False	WNT9B_HUMAN		CPI-SC094C611B7	WNT9B	0.0	0.0	0.0	0.0	0.0	0.0	0.0	0.0	0.0	0.0	0.0	0.0	0.0	0.0	0.0	0.0	0.0	0.0	0.0	0.0	0.0	0.0	0.0	0.0	0.0	0.0	0.0	0.022	0.0	0.0	0.0	0.0
WNT1	P04628	False	WNT1_HUMAN		CPI-SC0DAEAA93B	WNT1	0.009	0.0	0.0	0.0	0.0	0.0	0.0	0.0	0.0	0.0	0.0	0.0	0.0	0.0	0.0	0.29	0.0	0.0	0.0	0.0	0.429	0.0	0.0	0.068	0.0	0.0	0.0	0.0	0.0	0.0	0.0	0.0
WNT11	O96014	False	WNT11_HUMAN		CPI-SC00A8BC9AA	WNT11	0.008	0.0	0.0	0.0	0.0	0.0	0.0	0.0	0.0	0.0	0.0	0.0	0.0	0.0	0.0	0.0	0.0	0.0	0.0	0.047	0.027	0.0	0.0	0.0	0.0	0.0	0.0	0.024	0.0	0.0	0.0	0.0
WNT16	Q9UBV4	False	WNT16_HUMAN		CPI-SC00A87321E	WNT16	0.029	0.0	0.0	0.0	0.044	0.0	0.0	0.0	0.0	0.0	0.0	0.0	0.0	0.0	0.0	0.0	0.0	0.0	0.0	0.0	0.0	0.046	0.0	0.0	0.335	0.0	0.0	0.014	0.011	0.0	0.0	0.018
WNT2	P09544	False	WNT2_HUMAN		CPI-SC0FDB82036	WNT2	0.004	0.255	0.0	0.0	0.0	0.05	0.0	0.0	0.09	0.0	0.0	0.0	0.0	0.0	0.0	0.0	0.0	0.0	0.0	0.0	0.014	0.112	0.0	0.0	0.0	0.0	0.0	0.017	0.0	0.022	0.0	0.0
WNT2B	Q93097	False	WNT2B_HUMAN		CPI-SC07B51ACC4	WNT2B	0.022	0.0	0.048	0.0	0.0	0.0	0.0	0.0	0.0	0.0	0.0	0.0	0.0	0.0	0.0	0.0	0.0	0.0	0.0	0.0	0.062	0.0	0.0	0.0	0.0	0.0	0.012	0.0	0.0	0.021	0.0	0.03
WNT3	P56703	False	WNT3_HUMAN		CPI-SC07AB82EAB	WNT3	0.02	0.0	0.0	0.0	0.0	0.024	0.068	0.037	0.046	0.0	0.0	0.242	0.832	0.039	0.153	1.176	0.0	0.0	0.0	0.0	0.04	0.0	0.0	0.0	0.0	0.026	0.0	0.047	0.016	0.049	0.0	0.0
WNT3A	P56704	False	WNT3A_HUMAN		CPI-SC0114AE598	WNT3A	0.002	0.0	0.0	0.0	0.0	0.0	0.0	0.018	0.0	0.0	0.0	0.048	0.142	0.0	0.0	0.769	0.0	0.0	0.0	0.0	0.0	0.0	0.0	0.0	0.0	0.009	0.0	0.0	0.0	0.026	0.0	0.035
WNT5B	Q9H1J7	False	WNT5B_HUMAN		CPI-SC07FD56C95	WNT5B	0.054	0.0	0.0	0.0	0.0	0.031	0.231	0.0	0.036	0.0	0.05	0.055	0.092	0.0	0.037	0.0	3.23	0.0	0.0	0.0	0.041	0.0	0.0	0.0	0.0	0.073	0.073	0.058	0.087	0.044	0.051	0.103
WNT6	Q9Y6F9	False	WNT6_HUMAN		CPI-SC09AD2A6B8	WNT6	0.007	0.0	0.0	0.0	0.022	0.0	0.0	0.0	0.047	0.0	0.0	0.0	0.0	0.0	0.0	0.0	0.0	0.0	0.0	0.0	0.07	0.0	0.0	0.0	0.0	0.03	0.0	0.021	0.0	0.0	0.0	0.025
WNT7A	O00755	False	WNT7A_HUMAN		CPI-SC0D19712B9	WNT7A	0.024	0.179	0.0	0.0	0.607	0.0	0.048	0.0	0.0	0.0	0.052	0.0	0.034	0.0	0.009	0.0	0.0	0.028	0.0	0.0	0.0	0.049	0.071	0.0	0.0	0.009	0.0	0.01	0.016	0.058	0.017	0.02
WNT7B	P56706	False	WNT7B_HUMAN		CPI-SC0DD16A7D0	WNT7B	0.06	0.0	0.087	0.015	0.593	0.139	0.023	0.0	0.024	0.094	0.0	0.188	0.589	0.179	0.293	0.188	0.0	0.0	0.0	0.0	0.054	0.055	0.0	0.0	0.0	0.013	0.01	0.032	0.043	0.0	0.061	0.013
WNT8A	Q9H1J5	False	WNT8A_HUMAN		CPI-SC028E64C95	WNT8A	0.048	0.0	0.0	0.0	0.017	0.0	0.0	0.061	0.036	0.091	0.079	0.0	0.0	0.0	0.0	0.0	0.0	0.018	0.0	0.0	0.045	0.0	0.139	0.074	0.0	0.041	0.043	0.09	0.042	0.033	0.04	0.02
WNT8B	Q93098	False	WNT8B_HUMAN		CPI-SC08BD68242	WNT8B	0.005	0.0	0.0	0.0	0.0	0.0	0.048	0.0	0.0	0.0	0.0	0.169	0.0	0.0	0.133	0.511	0.0	0.0	0.0	0.0	0.0	0.0	0.0	0.0	0.0	0.0	0.011	0.0	0.0	0.0	0.004	0.0
WNT9A	O14904	False	WNT9A_HUMAN		CPI-SC01153EAC0	WNT9A	0.036	0.023	0.0	0.0	0.0	0.0	0.136	0.0	0.0	0.0	0.0	0.0	0.0	0.0	0.0	0.0	0.0	0.0	0.0	0.0	0.0	0.0	0.069	0.0	0.0	0.0	0.0	0.0	0.011	0.0	0.0	0.032
WNT9B	O14905	False	WNT9B_HUMAN		CPI-SC0543729D1	WNT9B	0.0	0.0	0.0	0.0	0.0	0.0	0.0	0.0	0.0	0.0	0.0	0.0	0.0	0.0	0.0	0.0	0.0	0.0	0.0	0.0	0.0	0.0	0.0	0.0	0.0	0.0	0.0	0.022	0.0	0.0	0.0	0.0
WNT1	P04628	False	WNT1_HUMAN		CPI-SC0EFF2AFBD	WNT1	0.009	0.0	0.0	0.0	0.0	0.0	0.0	0.0	0.0	0.0	0.0	0.0	0.0	0.0	0.0	0.29	0.0	0.0	0.0	0.0	0.429	0.0	0.0	0.068	0.0	0.0	0.0	0.0	0.0	0.0	0.0	0.0
WNT11	O96014	False	WNT11_HUMAN		CPI-SC044BB9279	WNT11	0.008	0.0	0.0	0.0	0.0	0.0	0.0	0.0	0.0	0.0	0.0	0.0	0.0	0.0	0.0	0.0	0.0	0.0	0.0	0.047	0.027	0.0	0.0	0.0	0.0	0.0	0.0	0.024	0.0	0.0	0.0	0.0
WNT16	Q9UBV4	False	WNT16_HUMAN		CPI-SC0827E3502	WNT16	0.029	0.0	0.0	0.0	0.044	0.0	0.0	0.0	0.0	0.0	0.0	0.0	0.0	0.0	0.0	0.0	0.0	0.0	0.0	0.0	0.0	0.046	0.0	0.0	0.335	0.0	0.0	0.014	0.011	0.0	0.0	0.018
WNT2	P09544	False	WNT2_HUMAN		CPI-SC0B0BAF8DB	WNT2	0.004	0.255	0.0	0.0	0.0	0.05	0.0	0.0	0.09	0.0	0.0	0.0	0.0	0.0	0.0	0.0	0.0	0.0	0.0	0.0	0.014	0.112	0.0	0.0	0.0	0.0	0.0	0.017	0.0	0.022	0.0	0.0
WNT2B	Q93097	False	WNT2B_HUMAN		CPI-SC0671450D5	WNT2B	0.022	0.0	0.048	0.0	0.0	0.0	0.0	0.0	0.0	0.0	0.0	0.0	0.0	0.0	0.0	0.0	0.0	0.0	0.0	0.0	0.062	0.0	0.0	0.0	0.0	0.0	0.012	0.0	0.0	0.021	0.0	0.03
WNT3	P56703	False	WNT3_HUMAN		CPI-SC066A4E191	WNT3	0.02	0.0	0.0	0.0	0.0	0.024	0.068	0.037	0.046	0.0	0.0	0.242	0.832	0.039	0.153	1.176	0.0	0.0	0.0	0.0	0.04	0.0	0.0	0.0	0.0	0.026	0.0	0.047	0.016	0.049	0.0	0.0
WNT3A	P56704	False	WNT3A_HUMAN		CPI-SC03753E185	WNT3A	0.002	0.0	0.0	0.0	0.0	0.0	0.0	0.018	0.0	0.0	0.0	0.048	0.142	0.0	0.0	0.769	0.0	0.0	0.0	0.0	0.0	0.0	0.0	0.0	0.0	0.009	0.0	0.0	0.0	0.026	0.0	0.035
WNT5B	Q9H1J7	False	WNT5B_HUMAN		CPI-SC02753B9BD	WNT5B	0.054	0.0	0.0	0.0	0.0	0.031	0.231	0.0	0.036	0.0	0.05	0.055	0.092	0.0	0.037	0.0	3.23	0.0	0.0	0.0	0.041	0.0	0.0	0.0	0.0	0.073	0.073	0.058	0.087	0.044	0.051	0.103
WNT6	Q9Y6F9	False	WNT6_HUMAN		CPI-SC01D3E6936	WNT6	0.007	0.0	0.0	0.0	0.022	0.0	0.0	0.0	0.047	0.0	0.0	0.0	0.0	0.0	0.0	0.0	0.0	0.0	0.0	0.0	0.07	0.0	0.0	0.0	0.0	0.03	0.0	0.021	0.0	0.0	0.0	0.025
WNT7A	O00755	False	WNT7A_HUMAN		CPI-SC092C6BB7D	WNT7A	0.024	0.179	0.0	0.0	0.607	0.0	0.048	0.0	0.0	0.0	0.052	0.0	0.034	0.0	0.009	0.0	0.0	0.028	0.0	0.0	0.0	0.049	0.071	0.0	0.0	0.009	0.0	0.01	0.016	0.058	0.017	0.02
WNT7B	P56706	False	WNT7B_HUMAN		CPI-SC0456BB36C	WNT7B	0.06	0.0	0.087	0.015	0.593	0.139	0.023	0.0	0.024	0.094	0.0	0.188	0.589	0.179	0.293	0.188	0.0	0.0	0.0	0.0	0.054	0.055	0.0	0.0	0.0	0.013	0.01	0.032	0.043	0.0	0.061	0.013
WNT8A	Q9H1J5	False	WNT8A_HUMAN		CPI-SC0FDE82C05	WNT8A	0.048	0.0	0.0	0.0	0.017	0.0	0.0	0.061	0.036	0.091	0.079	0.0	0.0	0.0	0.0	0.0	0.0	0.018	0.0	0.0	0.045	0.0	0.139	0.074	0.0	0.041	0.043	0.09	0.042	0.033	0.04	0.02
WNT8B	Q93098	False	WNT8B_HUMAN		CPI-SC073544134	WNT8B	0.005	0.0	0.0	0.0	0.0	0.0	0.048	0.0	0.0	0.0	0.0	0.169	0.0	0.0	0.133	0.511	0.0	0.0	0.0	0.0	0.0	0.0	0.0	0.0	0.0	0.0	0.011	0.0	0.0	0.0	0.004	0.0
WNT9A	O14904	False	WNT9A_HUMAN		CPI-SC0AEC52E73	WNT9A	0.036	0.023	0.0	0.0	0.0	0.0	0.136	0.0	0.0	0.0	0.0	0.0	0.0	0.0	0.0	0.0	0.0	0.0	0.0	0.0	0.0	0.0	0.069	0.0	0.0	0.0	0.0	0.0	0.011	0.0	0.0	0.032
WNT9B	O14905	False	WNT9B_HUMAN		CPI-SC05E4FA547	WNT9B	0.0	0.0	0.0	0.0	0.0	0.0	0.0	0.0	0.0	0.0	0.0	0.0	0.0	0.0	0.0	0.0	0.0	0.0	0.0	0.0	0.0	0.0	0.0	0.0	0.0	0.0	0.0	0.022	0.0	0.0	0.0	0.0
WNT1	P04628	False	WNT1_HUMAN		CPI-SC03C02374B	WNT1	0.009	0.0	0.0	0.0	0.0	0.0	0.0	0.0	0.0	0.0	0.0	0.0	0.0	0.0	0.0	0.29	0.0	0.0	0.0	0.0	0.429	0.0	0.0	0.068	0.0	0.0	0.0	0.0	0.0	0.0	0.0	0.0
WNT11	O96014	False	WNT11_HUMAN		CPI-SC06CA35957	WNT11	0.008	0.0	0.0	0.0	0.0	0.0	0.0	0.0	0.0	0.0	0.0	0.0	0.0	0.0	0.0	0.0	0.0	0.0	0.0	0.047	0.027	0.0	0.0	0.0	0.0	0.0	0.0	0.024	0.0	0.0	0.0	0.0
WNT16	Q9UBV4	False	WNT16_HUMAN		CPI-SC00D0D0EC3	WNT16	0.029	0.0	0.0	0.0	0.044	0.0	0.0	0.0	0.0	0.0	0.0	0.0	0.0	0.0	0.0	0.0	0.0	0.0	0.0	0.0	0.0	0.046	0.0	0.0	0.335	0.0	0.0	0.014	0.011	0.0	0.0	0.018
WNT2	P09544	False	WNT2_HUMAN		CPI-SC03F9E6AC5	WNT2	0.004	0.255	0.0	0.0	0.0	0.05	0.0	0.0	0.09	0.0	0.0	0.0	0.0	0.0	0.0	0.0	0.0	0.0	0.0	0.0	0.014	0.112	0.0	0.0	0.0	0.0	0.0	0.017	0.0	0.022	0.0	0.0
WNT2B	Q93097	False	WNT2B_HUMAN		CPI-SC015580274	WNT2B	0.022	0.0	0.048	0.0	0.0	0.0	0.0	0.0	0.0	0.0	0.0	0.0	0.0	0.0	0.0	0.0	0.0	0.0	0.0	0.0	0.062	0.0	0.0	0.0	0.0	0.0	0.012	0.0	0.0	0.021	0.0	0.03
WNT3	P56703	False	WNT3_HUMAN		CPI-SC0C646FE07	WNT3	0.02	0.0	0.0	0.0	0.0	0.024	0.068	0.037	0.046	0.0	0.0	0.242	0.832	0.039	0.153	1.176	0.0	0.0	0.0	0.0	0.04	0.0	0.0	0.0	0.0	0.026	0.0	0.047	0.016	0.049	0.0	0.0
WNT3A	P56704	False	WNT3A_HUMAN		CPI-SC0E6C99C1D	WNT3A	0.002	0.0	0.0	0.0	0.0	0.0	0.0	0.018	0.0	0.0	0.0	0.048	0.142	0.0	0.0	0.769	0.0	0.0	0.0	0.0	0.0	0.0	0.0	0.0	0.0	0.009	0.0	0.0	0.0	0.026	0.0	0.035
WNT5B	Q9H1J7	False	WNT5B_HUMAN		CPI-SC018C0B727	WNT5B	0.054	0.0	0.0	0.0	0.0	0.031	0.231	0.0	0.036	0.0	0.05	0.055	0.092	0.0	0.037	0.0	3.23	0.0	0.0	0.0	0.041	0.0	0.0	0.0	0.0	0.073	0.073	0.058	0.087	0.044	0.051	0.103
WNT6	Q9Y6F9	False	WNT6_HUMAN		CPI-SC0D8C38952	WNT6	0.007	0.0	0.0	0.0	0.022	0.0	0.0	0.0	0.047	0.0	0.0	0.0	0.0	0.0	0.0	0.0	0.0	0.0	0.0	0.0	0.07	0.0	0.0	0.0	0.0	0.03	0.0	0.021	0.0	0.0	0.0	0.025
WNT7A	O00755	False	WNT7A_HUMAN		CPI-SC04617C8EB	WNT7A	0.024	0.179	0.0	0.0	0.607	0.0	0.048	0.0	0.0	0.0	0.052	0.0	0.034	0.0	0.009	0.0	0.0	0.028	0.0	0.0	0.0	0.049	0.071	0.0	0.0	0.009	0.0	0.01	0.016	0.058	0.017	0.02
WNT7B	P56706	False	WNT7B_HUMAN		CPI-SC08BCEE850	WNT7B	0.06	0.0	0.087	0.015	0.593	0.139	0.023	0.0	0.024	0.094	0.0	0.188	0.589	0.179	0.293	0.188	0.0	0.0	0.0	0.0	0.054	0.055	0.0	0.0	0.0	0.013	0.01	0.032	0.043	0.0	0.061	0.013
WNT8A	Q9H1J5	False	WNT8A_HUMAN		CPI-SC089FF57F2	WNT8A	0.048	0.0	0.0	0.0	0.017	0.0	0.0	0.061	0.036	0.091	0.079	0.0	0.0	0.0	0.0	0.0	0.0	0.018	0.0	0.0	0.045	0.0	0.139	0.074	0.0	0.041	0.043	0.09	0.042	0.033	0.04	0.02
WNT8B	Q93098	False	WNT8B_HUMAN		CPI-SC0AC0FE01C	WNT8B	0.005	0.0	0.0	0.0	0.0	0.0	0.048	0.0	0.0	0.0	0.0	0.169	0.0	0.0	0.133	0.511	0.0	0.0	0.0	0.0	0.0	0.0	0.0	0.0	0.0	0.0	0.011	0.0	0.0	0.0	0.004	0.0
WNT9A	O14904	False	WNT9A_HUMAN		CPI-SC0ECDB073E	WNT9A	0.036	0.023	0.0	0.0	0.0	0.0	0.136	0.0	0.0	0.0	0.0	0.0	0.0	0.0	0.0	0.0	0.0	0.0	0.0	0.0	0.0	0.0	0.069	0.0	0.0	0.0	0.0	0.0	0.011	0.0	0.0	0.032
WNT9B	O14905	False	WNT9B_HUMAN		CPI-SC050D66C45	WNT9B	0.0	0.0	0.0	0.0	0.0	0.0	0.0	0.0	0.0	0.0	0.0	0.0	0.0	0.0	0.0	0.0	0.0	0.0	0.0	0.0	0.0	0.0	0.0	0.0	0.0	0.0	0.0	0.022	0.0	0.0	0.0	0.0
WNT1	P04628	False	WNT1_HUMAN		CPI-SC074781480	WNT1	0.009	0.0	0.0	0.0	0.0	0.0	0.0	0.0	0.0	0.0	0.0	0.0	0.0	0.0	0.0	0.29	0.0	0.0	0.0	0.0	0.429	0.0	0.0	0.068	0.0	0.0	0.0	0.0	0.0	0.0	0.0	0.0
WNT11	O96014	False	WNT11_HUMAN		CPI-SC08496F2AE	WNT11	0.008	0.0	0.0	0.0	0.0	0.0	0.0	0.0	0.0	0.0	0.0	0.0	0.0	0.0	0.0	0.0	0.0	0.0	0.0	0.047	0.027	0.0	0.0	0.0	0.0	0.0	0.0	0.024	0.0	0.0	0.0	0.0
WNT16	Q9UBV4	False	WNT16_HUMAN		CPI-SC0A27844A8	WNT16	0.029	0.0	0.0	0.0	0.044	0.0	0.0	0.0	0.0	0.0	0.0	0.0	0.0	0.0	0.0	0.0	0.0	0.0	0.0	0.0	0.0	0.046	0.0	0.0	0.335	0.0	0.0	0.014	0.011	0.0	0.0	0.018
WNT2	P09544	False	WNT2_HUMAN		CPI-SC0A070755C	WNT2	0.004	0.255	0.0	0.0	0.0	0.05	0.0	0.0	0.09	0.0	0.0	0.0	0.0	0.0	0.0	0.0	0.0	0.0	0.0	0.0	0.014	0.112	0.0	0.0	0.0	0.0	0.0	0.017	0.0	0.022	0.0	0.0
WNT2B	Q93097	False	WNT2B_HUMAN		CPI-SC02D16C89A	WNT2B	0.022	0.0	0.048	0.0	0.0	0.0	0.0	0.0	0.0	0.0	0.0	0.0	0.0	0.0	0.0	0.0	0.0	0.0	0.0	0.0	0.062	0.0	0.0	0.0	0.0	0.0	0.012	0.0	0.0	0.021	0.0	0.03
WNT3	P56703	False	WNT3_HUMAN		CPI-SC08EAA7ADA	WNT3	0.02	0.0	0.0	0.0	0.0	0.024	0.068	0.037	0.046	0.0	0.0	0.242	0.832	0.039	0.153	1.176	0.0	0.0	0.0	0.0	0.04	0.0	0.0	0.0	0.0	0.026	0.0	0.047	0.016	0.049	0.0	0.0
WNT3A	P56704	False	WNT3A_HUMAN		CPI-SC010EF74F3	WNT3A	0.002	0.0	0.0	0.0	0.0	0.0	0.0	0.018	0.0	0.0	0.0	0.048	0.142	0.0	0.0	0.769	0.0	0.0	0.0	0.0	0.0	0.0	0.0	0.0	0.0	0.009	0.0	0.0	0.0	0.026	0.0	0.035
WNT5B	Q9H1J7	False	WNT5B_HUMAN		CPI-SC0FE1FBFB5	WNT5B	0.054	0.0	0.0	0.0	0.0	0.031	0.231	0.0	0.036	0.0	0.05	0.055	0.092	0.0	0.037	0.0	3.23	0.0	0.0	0.0	0.041	0.0	0.0	0.0	0.0	0.073	0.073	0.058	0.087	0.044	0.051	0.103
WNT6	Q9Y6F9	False	WNT6_HUMAN		CPI-SC04CBB7552	WNT6	0.007	0.0	0.0	0.0	0.022	0.0	0.0	0.0	0.047	0.0	0.0	0.0	0.0	0.0	0.0	0.0	0.0	0.0	0.0	0.0	0.07	0.0	0.0	0.0	0.0	0.03	0.0	0.021	0.0	0.0	0.0	0.025
WNT7A	O00755	False	WNT7A_HUMAN		CPI-SC0DFEAE26D	WNT7A	0.024	0.179	0.0	0.0	0.607	0.0	0.048	0.0	0.0	0.0	0.052	0.0	0.034	0.0	0.009	0.0	0.0	0.028	0.0	0.0	0.0	0.049	0.071	0.0	0.0	0.009	0.0	0.01	0.016	0.058	0.017	0.02
WNT7B	P56706	False	WNT7B_HUMAN		CPI-SC0C61B7F73	WNT7B	0.06	0.0	0.087	0.015	0.593	0.139	0.023	0.0	0.024	0.094	0.0	0.188	0.589	0.179	0.293	0.188	0.0	0.0	0.0	0.0	0.054	0.055	0.0	0.0	0.0	0.013	0.01	0.032	0.043	0.0	0.061	0.013
WNT8A	Q9H1J5	False	WNT8A_HUMAN		CPI-SC0E88C8058	WNT8A	0.048	0.0	0.0	0.0	0.017	0.0	0.0	0.061	0.036	0.091	0.079	0.0	0.0	0.0	0.0	0.0	0.0	0.018	0.0	0.0	0.045	0.0	0.139	0.074	0.0	0.041	0.043	0.09	0.042	0.033	0.04	0.02
WNT8B	Q93098	False	WNT8B_HUMAN		CPI-SC04DB219CB	WNT8B	0.005	0.0	0.0	0.0	0.0	0.0	0.048	0.0	0.0	0.0	0.0	0.169	0.0	0.0	0.133	0.511	0.0	0.0	0.0	0.0	0.0	0.0	0.0	0.0	0.0	0.0	0.011	0.0	0.0	0.0	0.004	0.0
WNT9A	O14904	False	WNT9A_HUMAN		CPI-SC06EFA5CC2	WNT9A	0.036	0.023	0.0	0.0	0.0	0.0	0.136	0.0	0.0	0.0	0.0	0.0	0.0	0.0	0.0	0.0	0.0	0.0	0.0	0.0	0.0	0.0	0.069	0.0	0.0	0.0	0.0	0.0	0.011	0.0	0.0	0.032
WNT9B	O14905	False	WNT9B_HUMAN		CPI-SC0FF762677	WNT9B	0.0	0.0	0.0	0.0	0.0	0.0	0.0	0.0	0.0	0.0	0.0	0.0	0.0	0.0	0.0	0.0	0.0	0.0	0.0	0.0	0.0	0.0	0.0	0.0	0.0	0.0	0.0	0.022	0.0	0.0	0.0	0.0
WNT1	P04628	False	WNT1_HUMAN		CPI-SC0390D174C	WNT1	0.009	0.0	0.0	0.0	0.0	0.0	0.0	0.0	0.0	0.0	0.0	0.0	0.0	0.0	0.0	0.29	0.0	0.0	0.0	0.0	0.429	0.0	0.0	0.068	0.0	0.0	0.0	0.0	0.0	0.0	0.0	0.0
WNT11	O96014	False	WNT11_HUMAN		CPI-SC0342728D2	WNT11	0.008	0.0	0.0	0.0	0.0	0.0	0.0	0.0	0.0	0.0	0.0	0.0	0.0	0.0	0.0	0.0	0.0	0.0	0.0	0.047	0.027	0.0	0.0	0.0	0.0	0.0	0.0	0.024	0.0	0.0	0.0	0.0
WNT16	Q9UBV4	False	WNT16_HUMAN		CPI-SC081E1CE0B	WNT16	0.029	0.0	0.0	0.0	0.044	0.0	0.0	0.0	0.0	0.0	0.0	0.0	0.0	0.0	0.0	0.0	0.0	0.0	0.0	0.0	0.0	0.046	0.0	0.0	0.335	0.0	0.0	0.014	0.011	0.0	0.0	0.018
WNT2	P09544	False	WNT2_HUMAN		CPI-SC0DC10FB9C	WNT2	0.004	0.255	0.0	0.0	0.0	0.05	0.0	0.0	0.09	0.0	0.0	0.0	0.0	0.0	0.0	0.0	0.0	0.0	0.0	0.0	0.014	0.112	0.0	0.0	0.0	0.0	0.0	0.017	0.0	0.022	0.0	0.0
WNT2B	Q93097	False	WNT2B_HUMAN		CPI-SC0796645C7	WNT2B	0.022	0.0	0.048	0.0	0.0	0.0	0.0	0.0	0.0	0.0	0.0	0.0	0.0	0.0	0.0	0.0	0.0	0.0	0.0	0.0	0.062	0.0	0.0	0.0	0.0	0.0	0.012	0.0	0.0	0.021	0.0	0.03
WNT3	P56703	False	WNT3_HUMAN		CPI-SC08E139858	WNT3	0.02	0.0	0.0	0.0	0.0	0.024	0.068	0.037	0.046	0.0	0.0	0.242	0.832	0.039	0.153	1.176	0.0	0.0	0.0	0.0	0.04	0.0	0.0	0.0	0.0	0.026	0.0	0.047	0.016	0.049	0.0	0.0
WNT3A	P56704	False	WNT3A_HUMAN		CPI-SC03671C9F6	WNT3A	0.002	0.0	0.0	0.0	0.0	0.0	0.0	0.018	0.0	0.0	0.0	0.048	0.142	0.0	0.0	0.769	0.0	0.0	0.0	0.0	0.0	0.0	0.0	0.0	0.0	0.009	0.0	0.0	0.0	0.026	0.0	0.035
WNT5B	Q9H1J7	False	WNT5B_HUMAN		CPI-SC02D62FB5B	WNT5B	0.054	0.0	0.0	0.0	0.0	0.031	0.231	0.0	0.036	0.0	0.05	0.055	0.092	0.0	0.037	0.0	3.23	0.0	0.0	0.0	0.041	0.0	0.0	0.0	0.0	0.073	0.073	0.058	0.087	0.044	0.051	0.103
WNT6	Q9Y6F9	False	WNT6_HUMAN		CPI-SC04FC6D5DC	WNT6	0.007	0.0	0.0	0.0	0.022	0.0	0.0	0.0	0.047	0.0	0.0	0.0	0.0	0.0	0.0	0.0	0.0	0.0	0.0	0.0	0.07	0.0	0.0	0.0	0.0	0.03	0.0	0.021	0.0	0.0	0.0	0.025
WNT7A	O00755	False	WNT7A_HUMAN		CPI-SC01C485556	WNT7A	0.024	0.179	0.0	0.0	0.607	0.0	0.048	0.0	0.0	0.0	0.052	0.0	0.034	0.0	0.009	0.0	0.0	0.028	0.0	0.0	0.0	0.049	0.071	0.0	0.0	0.009	0.0	0.01	0.016	0.058	0.017	0.02
WNT7B	P56706	False	WNT7B_HUMAN		CPI-SC017027176	WNT7B	0.06	0.0	0.087	0.015	0.593	0.139	0.023	0.0	0.024	0.094	0.0	0.188	0.589	0.179	0.293	0.188	0.0	0.0	0.0	0.0	0.054	0.055	0.0	0.0	0.0	0.013	0.01	0.032	0.043	0.0	0.061	0.013
WNT8A	Q9H1J5	False	WNT8A_HUMAN		CPI-SC0BDD170C7	WNT8A	0.048	0.0	0.0	0.0	0.017	0.0	0.0	0.061	0.036	0.091	0.079	0.0	0.0	0.0	0.0	0.0	0.0	0.018	0.0	0.0	0.045	0.0	0.139	0.074	0.0	0.041	0.043	0.09	0.042	0.033	0.04	0.02
WNT8B	Q93098	False	WNT8B_HUMAN		CPI-SC0AF2D49CF	WNT8B	0.005	0.0	0.0	0.0	0.0	0.0	0.048	0.0	0.0	0.0	0.0	0.169	0.0	0.0	0.133	0.511	0.0	0.0	0.0	0.0	0.0	0.0	0.0	0.0	0.0	0.0	0.011	0.0	0.0	0.0	0.004	0.0
WNT9A	O14904	False	WNT9A_HUMAN		CPI-SC02CD488A4	WNT9A	0.036	0.023	0.0	0.0	0.0	0.0	0.136	0.0	0.0	0.0	0.0	0.0	0.0	0.0	0.0	0.0	0.0	0.0	0.0	0.0	0.0	0.0	0.069	0.0	0.0	0.0	0.0	0.0	0.011	0.0	0.0	0.032
WNT9B	O14905	False	WNT9B_HUMAN		CPI-SC0EFB3CEDF	WNT9B	0.0	0.0	0.0	0.0	0.0	0.0	0.0	0.0	0.0	0.0	0.0	0.0	0.0	0.0	0.0	0.0	0.0	0.0	0.0	0.0	0.0	0.0	0.0	0.0	0.0	0.0	0.0	0.022	0.0	0.0	0.0	0.0
WNT1	P04628	False	WNT1_HUMAN		CPI-SC062B25672	WNT1	0.009	0.0	0.0	0.0	0.0	0.0	0.0	0.0	0.0	0.0	0.0	0.0	0.0	0.0	0.0	0.29	0.0	0.0	0.0	0.0	0.429	0.0	0.0	0.068	0.0	0.0	0.0	0.0	0.0	0.0	0.0	0.0
WNT10A	Q9GZT5	False	WN10A_HUMAN		CPI-SC039BEEDE4	WNT10A	0.0	0.024	0.0	0.0	0.0	0.0	0.0	0.0	0.0	0.0	0.0	0.0	0.0	0.0	0.0	0.0	0.0	0.0	0.0	0.0	0.043	0.0	0.0	0.0	0.0	0.0	0.0	0.0	0.0	0.0	0.0	0.0
WNT11	O96014	False	WNT11_HUMAN		CPI-SC04590CF27	WNT11	0.008	0.0	0.0	0.0	0.0	0.0	0.0	0.0	0.0	0.0	0.0	0.0	0.0	0.0	0.0	0.0	0.0	0.0	0.0	0.047	0.027	0.0	0.0	0.0	0.0	0.0	0.0	0.024	0.0	0.0	0.0	0.0
WNT16	Q9UBV4	False	WNT16_HUMAN		CPI-SC0277D6476	WNT16	0.029	0.0	0.0	0.0	0.044	0.0	0.0	0.0	0.0	0.0	0.0	0.0	0.0	0.0	0.0	0.0	0.0	0.0	0.0	0.0	0.0	0.046	0.0	0.0	0.335	0.0	0.0	0.014	0.011	0.0	0.0	0.018
WNT2	P09544	False	WNT2_HUMAN		CPI-SC0B4E996CD	WNT2	0.004	0.255	0.0	0.0	0.0	0.05	0.0	0.0	0.09	0.0	0.0	0.0	0.0	0.0	0.0	0.0	0.0	0.0	0.0	0.0	0.014	0.112	0.0	0.0	0.0	0.0	0.0	0.017	0.0	0.022	0.0	0.0
WNT2B	Q93097	False	WNT2B_HUMAN		CPI-SC0DBD2C78A	WNT2B	0.022	0.0	0.048	0.0	0.0	0.0	0.0	0.0	0.0	0.0	0.0	0.0	0.0	0.0	0.0	0.0	0.0	0.0	0.0	0.0	0.062	0.0	0.0	0.0	0.0	0.0	0.012	0.0	0.0	0.021	0.0	0.03
WNT3	P56703	False	WNT3_HUMAN		CPI-SC0596FD9F6	WNT3	0.02	0.0	0.0	0.0	0.0	0.024	0.068	0.037	0.046	0.0	0.0	0.242	0.832	0.039	0.153	1.176	0.0	0.0	0.0	0.0	0.04	0.0	0.0	0.0	0.0	0.026	0.0	0.047	0.016	0.049	0.0	0.0
WNT3A	P56704	False	WNT3A_HUMAN		CPI-SC0889E4F05	WNT3A	0.002	0.0	0.0	0.0	0.0	0.0	0.0	0.018	0.0	0.0	0.0	0.048	0.142	0.0	0.0	0.769	0.0	0.0	0.0	0.0	0.0	0.0	0.0	0.0	0.0	0.009	0.0	0.0	0.0	0.026	0.0	0.035
WNT5B	Q9H1J7	False	WNT5B_HUMAN		CPI-SC0C1671F4D	WNT5B	0.054	0.0	0.0	0.0	0.0	0.031	0.231	0.0	0.036	0.0	0.05	0.055	0.092	0.0	0.037	0.0	3.23	0.0	0.0	0.0	0.041	0.0	0.0	0.0	0.0	0.073	0.073	0.058	0.087	0.044	0.051	0.103
WNT6	Q9Y6F9	False	WNT6_HUMAN		CPI-SC0185A7BDE	WNT6	0.007	0.0	0.0	0.0	0.022	0.0	0.0	0.0	0.047	0.0	0.0	0.0	0.0	0.0	0.0	0.0	0.0	0.0	0.0	0.0	0.07	0.0	0.0	0.0	0.0	0.03	0.0	0.021	0.0	0.0	0.0	0.025
WNT7A	O00755	False	WNT7A_HUMAN		CPI-SC0B6D1BF72	WNT7A	0.024	0.179	0.0	0.0	0.607	0.0	0.048	0.0	0.0	0.0	0.052	0.0	0.034	0.0	0.009	0.0	0.0	0.028	0.0	0.0	0.0	0.049	0.071	0.0	0.0	0.009	0.0	0.01	0.016	0.058	0.017	0.02
WNT7B	P56706	False	WNT7B_HUMAN		CPI-SC06EFB9697	WNT7B	0.06	0.0	0.087	0.015	0.593	0.139	0.023	0.0	0.024	0.094	0.0	0.188	0.589	0.179	0.293	0.188	0.0	0.0	0.0	0.0	0.054	0.055	0.0	0.0	0.0	0.013	0.01	0.032	0.043	0.0	0.061	0.013
WNT8A	Q9H1J5	False	WNT8A_HUMAN		CPI-SC027A5CF3D	WNT8A	0.048	0.0	0.0	0.0	0.017	0.0	0.0	0.061	0.036	0.091	0.079	0.0	0.0	0.0	0.0	0.0	0.0	0.018	0.0	0.0	0.045	0.0	0.139	0.074	0.0	0.041	0.043	0.09	0.042	0.033	0.04	0.02
WNT8B	Q93098	False	WNT8B_HUMAN		CPI-SC01CC760EE	WNT8B	0.005	0.0	0.0	0.0	0.0	0.0	0.048	0.0	0.0	0.0	0.0	0.169	0.0	0.0	0.133	0.511	0.0	0.0	0.0	0.0	0.0	0.0	0.0	0.0	0.0	0.0	0.011	0.0	0.0	0.0	0.004	0.0
WNT9A	O14904	False	WNT9A_HUMAN		CPI-SC0F68FD442	WNT9A	0.036	0.023	0.0	0.0	0.0	0.0	0.136	0.0	0.0	0.0	0.0	0.0	0.0	0.0	0.0	0.0	0.0	0.0	0.0	0.0	0.0	0.0	0.069	0.0	0.0	0.0	0.0	0.0	0.011	0.0	0.0	0.032
WNT9B	O14905	False	WNT9B_HUMAN		CPI-SC0908CF012	WNT9B	0.0	0.0	0.0	0.0	0.0	0.0	0.0	0.0	0.0	0.0	0.0	0.0	0.0	0.0	0.0	0.0	0.0	0.0	0.0	0.0	0.0	0.0	0.0	0.0	0.0	0.0	0.0	0.022	0.0	0.0	0.0	0.0
WNT1	P04628	False	WNT1_HUMAN		CPI-SC03947D5B8	WNT1	0.009	0.0	0.0	0.0	0.0	0.0	0.0	0.0	0.0	0.0	0.0	0.0	0.0	0.0	0.0	0.29	0.0	0.0	0.0	0.0	0.429	0.0	0.0	0.068	0.0	0.0	0.0	0.0	0.0	0.0	0.0	0.0
WNT3	P56703	False	WNT3_HUMAN		CPI-SC0CF9E0563	WNT3	0.02	0.0	0.0	0.0	0.0	0.024	0.068	0.037	0.046	0.0	0.0	0.242	0.832	0.039	0.153	1.176	0.0	0.0	0.0	0.0	0.04	0.0	0.0	0.0	0.0	0.026	0.0	0.047	0.016	0.049	0.0	0.0
WNT3A	P56704	False	WNT3A_HUMAN		CPI-SC03686CF16	WNT3A	0.002	0.0	0.0	0.0	0.0	0.0	0.0	0.018	0.0	0.0	0.0	0.048	0.142	0.0	0.0	0.769	0.0	0.0	0.0	0.0	0.0	0.0	0.0	0.0	0.0	0.009	0.0	0.0	0.0	0.026	0.0	0.035
WNT1	P04628	False	WNT1_HUMAN		CPI-SC04092E808	WNT1	0.009	0.0	0.0	0.0	0.0	0.0	0.0	0.0	0.0	0.0	0.0	0.0	0.0	0.0	0.0	0.29	0.0	0.0	0.0	0.0	0.429	0.0	0.0	0.068	0.0	0.0	0.0	0.0	0.0	0.0	0.0	0.0
WNT11	O96014	False	WNT11_HUMAN		CPI-SC0B95D4E55	WNT11	0.008	0.0	0.0	0.0	0.0	0.0	0.0	0.0	0.0	0.0	0.0	0.0	0.0	0.0	0.0	0.0	0.0	0.0	0.0	0.047	0.027	0.0	0.0	0.0	0.0	0.0	0.0	0.024	0.0	0.0	0.0	0.0
WNT16	Q9UBV4	False	WNT16_HUMAN		CPI-SC006391BC5	WNT16	0.029	0.0	0.0	0.0	0.044	0.0	0.0	0.0	0.0	0.0	0.0	0.0	0.0	0.0	0.0	0.0	0.0	0.0	0.0	0.0	0.0	0.046	0.0	0.0	0.335	0.0	0.0	0.014	0.011	0.0	0.0	0.018
WNT2	P09544	False	WNT2_HUMAN		CPI-SC0E5131C5E	WNT2	0.004	0.255	0.0	0.0	0.0	0.05	0.0	0.0	0.09	0.0	0.0	0.0	0.0	0.0	0.0	0.0	0.0	0.0	0.0	0.0	0.014	0.112	0.0	0.0	0.0	0.0	0.0	0.017	0.0	0.022	0.0	0.0
WNT2B	Q93097	False	WNT2B_HUMAN		CPI-SC0CC357E07	WNT2B	0.022	0.0	0.048	0.0	0.0	0.0	0.0	0.0	0.0	0.0	0.0	0.0	0.0	0.0	0.0	0.0	0.0	0.0	0.0	0.0	0.062	0.0	0.0	0.0	0.0	0.0	0.012	0.0	0.0	0.021	0.0	0.03
WNT3	P56703	False	WNT3_HUMAN		CPI-SC02FACCE0B	WNT3	0.02	0.0	0.0	0.0	0.0	0.024	0.068	0.037	0.046	0.0	0.0	0.242	0.832	0.039	0.153	1.176	0.0	0.0	0.0	0.0	0.04	0.0	0.0	0.0	0.0	0.026	0.0	0.047	0.016	0.049	0.0	0.0
WNT3A	P56704	False	WNT3A_HUMAN		CPI-SC090434118	WNT3A	0.002	0.0	0.0	0.0	0.0	0.0	0.0	0.018	0.0	0.0	0.0	0.048	0.142	0.0	0.0	0.769	0.0	0.0	0.0	0.0	0.0	0.0	0.0	0.0	0.0	0.009	0.0	0.0	0.0	0.026	0.0	0.035
WNT5B	Q9H1J7	False	WNT5B_HUMAN		CPI-SC002829D48	WNT5B	0.054	0.0	0.0	0.0	0.0	0.031	0.231	0.0	0.036	0.0	0.05	0.055	0.092	0.0	0.037	0.0	3.23	0.0	0.0	0.0	0.041	0.0	0.0	0.0	0.0	0.073	0.073	0.058	0.087	0.044	0.051	0.103
WNT6	Q9Y6F9	False	WNT6_HUMAN		CPI-SC02B89D65A	WNT6	0.007	0.0	0.0	0.0	0.022	0.0	0.0	0.0	0.047	0.0	0.0	0.0	0.0	0.0	0.0	0.0	0.0	0.0	0.0	0.0	0.07	0.0	0.0	0.0	0.0	0.03	0.0	0.021	0.0	0.0	0.0	0.025
WNT7A	O00755	False	WNT7A_HUMAN		CPI-SC0F159BD5A	WNT7A	0.024	0.179	0.0	0.0	0.607	0.0	0.048	0.0	0.0	0.0	0.052	0.0	0.034	0.0	0.009	0.0	0.0	0.028	0.0	0.0	0.0	0.049	0.071	0.0	0.0	0.009	0.0	0.01	0.016	0.058	0.017	0.02
WNT7B	P56706	False	WNT7B_HUMAN		CPI-SC0B4814E5F	WNT7B	0.06	0.0	0.087	0.015	0.593	0.139	0.023	0.0	0.024	0.094	0.0	0.188	0.589	0.179	0.293	0.188	0.0	0.0	0.0	0.0	0.054	0.055	0.0	0.0	0.0	0.013	0.01	0.032	0.043	0.0	0.061	0.013
WNT8A	Q9H1J5	False	WNT8A_HUMAN		CPI-SC09A735D6F	WNT8A	0.048	0.0	0.0	0.0	0.017	0.0	0.0	0.061	0.036	0.091	0.079	0.0	0.0	0.0	0.0	0.0	0.0	0.018	0.0	0.0	0.045	0.0	0.139	0.074	0.0	0.041	0.043	0.09	0.042	0.033	0.04	0.02
WNT8B	Q93098	False	WNT8B_HUMAN		CPI-SC0A8070937	WNT8B	0.005	0.0	0.0	0.0	0.0	0.0	0.048	0.0	0.0	0.0	0.0	0.169	0.0	0.0	0.133	0.511	0.0	0.0	0.0	0.0	0.0	0.0	0.0	0.0	0.0	0.0	0.011	0.0	0.0	0.0	0.004	0.0
WNT9A	O14904	False	WNT9A_HUMAN		CPI-SC09DD54D04	WNT9A	0.036	0.023	0.0	0.0	0.0	0.0	0.136	0.0	0.0	0.0	0.0	0.0	0.0	0.0	0.0	0.0	0.0	0.0	0.0	0.0	0.0	0.0	0.069	0.0	0.0	0.0	0.0	0.0	0.011	0.0	0.0	0.032
WNT9B	O14905	False	WNT9B_HUMAN		CPI-SC0B7AFE8F9	WNT9B	0.0	0.0	0.0	0.0	0.0	0.0	0.0	0.0	0.0	0.0	0.0	0.0	0.0	0.0	0.0	0.0	0.0	0.0	0.0	0.0	0.0	0.0	0.0	0.0	0.0	0.0	0.0	0.022	0.0	0.0	0.0	0.0
WNT1	P04628	False	WNT1_HUMAN		CPI-SC09FC5B2A7	WNT1	0.009	0.0	0.0	0.0	0.0	0.0	0.0	0.0	0.0	0.0	0.0	0.0	0.0	0.0	0.0	0.29	0.0	0.0	0.0	0.0	0.429	0.0	0.0	0.068	0.0	0.0	0.0	0.0	0.0	0.0	0.0	0.0
WNT11	O96014	False	WNT11_HUMAN		CPI-SC01B29532D	WNT11	0.008	0.0	0.0	0.0	0.0	0.0	0.0	0.0	0.0	0.0	0.0	0.0	0.0	0.0	0.0	0.0	0.0	0.0	0.0	0.047	0.027	0.0	0.0	0.0	0.0	0.0	0.0	0.024	0.0	0.0	0.0	0.0
WNT16	Q9UBV4	False	WNT16_HUMAN		CPI-SC00DA032E2	WNT16	0.029	0.0	0.0	0.0	0.044	0.0	0.0	0.0	0.0	0.0	0.0	0.0	0.0	0.0	0.0	0.0	0.0	0.0	0.0	0.0	0.0	0.046	0.0	0.0	0.335	0.0	0.0	0.014	0.011	0.0	0.0	0.018
WNT2	P09544	False	WNT2_HUMAN		CPI-SC0259C1693	WNT2	0.004	0.255	0.0	0.0	0.0	0.05	0.0	0.0	0.09	0.0	0.0	0.0	0.0	0.0	0.0	0.0	0.0	0.0	0.0	0.0	0.014	0.112	0.0	0.0	0.0	0.0	0.0	0.017	0.0	0.022	0.0	0.0
WNT2B	Q93097	False	WNT2B_HUMAN		CPI-SC0ECADFABF	WNT2B	0.022	0.0	0.048	0.0	0.0	0.0	0.0	0.0	0.0	0.0	0.0	0.0	0.0	0.0	0.0	0.0	0.0	0.0	0.0	0.0	0.062	0.0	0.0	0.0	0.0	0.0	0.012	0.0	0.0	0.021	0.0	0.03
WNT3	P56703	False	WNT3_HUMAN		CPI-SC05CCD8E17	WNT3	0.02	0.0	0.0	0.0	0.0	0.024	0.068	0.037	0.046	0.0	0.0	0.242	0.832	0.039	0.153	1.176	0.0	0.0	0.0	0.0	0.04	0.0	0.0	0.0	0.0	0.026	0.0	0.047	0.016	0.049	0.0	0.0
WNT3A	P56704	False	WNT3A_HUMAN		CPI-SC01AAA545F	WNT3A	0.002	0.0	0.0	0.0	0.0	0.0	0.0	0.018	0.0	0.0	0.0	0.048	0.142	0.0	0.0	0.769	0.0	0.0	0.0	0.0	0.0	0.0	0.0	0.0	0.0	0.009	0.0	0.0	0.0	0.026	0.0	0.035
WNT5B	Q9H1J7	False	WNT5B_HUMAN		CPI-SC08CF56014	WNT5B	0.054	0.0	0.0	0.0	0.0	0.031	0.231	0.0	0.036	0.0	0.05	0.055	0.092	0.0	0.037	0.0	3.23	0.0	0.0	0.0	0.041	0.0	0.0	0.0	0.0	0.073	0.073	0.058	0.087	0.044	0.051	0.103
WNT6	Q9Y6F9	False	WNT6_HUMAN		CPI-SC07F8A4C81	WNT6	0.007	0.0	0.0	0.0	0.022	0.0	0.0	0.0	0.047	0.0	0.0	0.0	0.0	0.0	0.0	0.0	0.0	0.0	0.0	0.0	0.07	0.0	0.0	0.0	0.0	0.03	0.0	0.021	0.0	0.0	0.0	0.025
WNT7A	O00755	False	WNT7A_HUMAN		CPI-SC088BCE7ED	WNT7A	0.024	0.179	0.0	0.0	0.607	0.0	0.048	0.0	0.0	0.0	0.052	0.0	0.034	0.0	0.009	0.0	0.0	0.028	0.0	0.0	0.0	0.049	0.071	0.0	0.0	0.009	0.0	0.01	0.016	0.058	0.017	0.02
WNT7B	P56706	False	WNT7B_HUMAN		CPI-SC0BEC0A65F	WNT7B	0.06	0.0	0.087	0.015	0.593	0.139	0.023	0.0	0.024	0.094	0.0	0.188	0.589	0.179	0.293	0.188	0.0	0.0	0.0	0.0	0.054	0.055	0.0	0.0	0.0	0.013	0.01	0.032	0.043	0.0	0.061	0.013
WNT8A	Q9H1J5	False	WNT8A_HUMAN		CPI-SC02B03DCA6	WNT8A	0.048	0.0	0.0	0.0	0.017	0.0	0.0	0.061	0.036	0.091	0.079	0.0	0.0	0.0	0.0	0.0	0.0	0.018	0.0	0.0	0.045	0.0	0.139	0.074	0.0	0.041	0.043	0.09	0.042	0.033	0.04	0.02
WNT8B	Q93098	False	WNT8B_HUMAN		CPI-SC05963EDDE	WNT8B	0.005	0.0	0.0	0.0	0.0	0.0	0.048	0.0	0.0	0.0	0.0	0.169	0.0	0.0	0.133	0.511	0.0	0.0	0.0	0.0	0.0	0.0	0.0	0.0	0.0	0.0	0.011	0.0	0.0	0.0	0.004	0.0
WNT9A	O14904	False	WNT9A_HUMAN		CPI-SC09206543A	WNT9A	0.036	0.023	0.0	0.0	0.0	0.0	0.136	0.0	0.0	0.0	0.0	0.0	0.0	0.0	0.0	0.0	0.0	0.0	0.0	0.0	0.0	0.0	0.069	0.0	0.0	0.0	0.0	0.0	0.011	0.0	0.0	0.032
WNT9B	O14905	False	WNT9B_HUMAN		CPI-SC01319F5CD	WNT9B	0.0	0.0	0.0	0.0	0.0	0.0	0.0	0.0	0.0	0.0	0.0	0.0	0.0	0.0	0.0	0.0	0.0	0.0	0.0	0.0	0.0	0.0	0.0	0.0	0.0	0.0	0.0	0.022	0.0	0.0	0.0	0.0
WNT1	P04628	False	WNT1_HUMAN		CPI-SS002CC4C02	WNT1	0.009	0.0	0.0	0.0	0.0	0.0	0.0	0.0	0.0	0.0	0.0	0.0	0.0	0.0	0.0	0.29	0.0	0.0	0.0	0.0	0.429	0.0	0.0	0.068	0.0	0.0	0.0	0.0	0.0	0.0	0.0	0.0
WNT11	O96014	False	WNT11_HUMAN		CPI-SS0429E615A	WNT11	0.008	0.0	0.0	0.0	0.0	0.0	0.0	0.0	0.0	0.0	0.0	0.0	0.0	0.0	0.0	0.0	0.0	0.0	0.0	0.047	0.027	0.0	0.0	0.0	0.0	0.0	0.0	0.024	0.0	0.0	0.0	0.0
WNT16	Q9UBV4	False	WNT16_HUMAN		CPI-SS050A950B9	WNT16	0.029	0.0	0.0	0.0	0.044	0.0	0.0	0.0	0.0	0.0	0.0	0.0	0.0	0.0	0.0	0.0	0.0	0.0	0.0	0.0	0.0	0.046	0.0	0.0	0.335	0.0	0.0	0.014	0.011	0.0	0.0	0.018
WNT2	P09544	False	WNT2_HUMAN		CPI-SS01E6C2BB8	WNT2	0.004	0.255	0.0	0.0	0.0	0.05	0.0	0.0	0.09	0.0	0.0	0.0	0.0	0.0	0.0	0.0	0.0	0.0	0.0	0.0	0.014	0.112	0.0	0.0	0.0	0.0	0.0	0.017	0.0	0.022	0.0	0.0
WNT2B	Q93097	False	WNT2B_HUMAN		CPI-SS05207EFF8	WNT2B	0.022	0.0	0.048	0.0	0.0	0.0	0.0	0.0	0.0	0.0	0.0	0.0	0.0	0.0	0.0	0.0	0.0	0.0	0.0	0.0	0.062	0.0	0.0	0.0	0.0	0.0	0.012	0.0	0.0	0.021	0.0	0.03
WNT3	P56703	False	WNT3_HUMAN		CPI-SS0DF9024C0	WNT3	0.02	0.0	0.0	0.0	0.0	0.024	0.068	0.037	0.046	0.0	0.0	0.242	0.832	0.039	0.153	1.176	0.0	0.0	0.0	0.0	0.04	0.0	0.0	0.0	0.0	0.026	0.0	0.047	0.016	0.049	0.0	0.0
WNT3A	P56704	False	WNT3A_HUMAN		CPI-SS00E2C8381	WNT3A	0.002	0.0	0.0	0.0	0.0	0.0	0.0	0.018	0.0	0.0	0.0	0.048	0.142	0.0	0.0	0.769	0.0	0.0	0.0	0.0	0.0	0.0	0.0	0.0	0.0	0.009	0.0	0.0	0.0	0.026	0.0	0.035
WNT5B	Q9H1J7	False	WNT5B_HUMAN		CPI-SS0FF2EEAE8	WNT5B	0.054	0.0	0.0	0.0	0.0	0.031	0.231	0.0	0.036	0.0	0.05	0.055	0.092	0.0	0.037	0.0	3.23	0.0	0.0	0.0	0.041	0.0	0.0	0.0	0.0	0.073	0.073	0.058	0.087	0.044	0.051	0.103
WNT6	Q9Y6F9	False	WNT6_HUMAN		CPI-SS097860321	WNT6	0.007	0.0	0.0	0.0	0.022	0.0	0.0	0.0	0.047	0.0	0.0	0.0	0.0	0.0	0.0	0.0	0.0	0.0	0.0	0.0	0.07	0.0	0.0	0.0	0.0	0.03	0.0	0.021	0.0	0.0	0.0	0.025
WNT7A	O00755	False	WNT7A_HUMAN		CPI-SS02ADD742C	WNT7A	0.024	0.179	0.0	0.0	0.607	0.0	0.048	0.0	0.0	0.0	0.052	0.0	0.034	0.0	0.009	0.0	0.0	0.028	0.0	0.0	0.0	0.049	0.071	0.0	0.0	0.009	0.0	0.01	0.016	0.058	0.017	0.02
WNT7B	P56706	False	WNT7B_HUMAN		CPI-SS0FE9D6F11	WNT7B	0.06	0.0	0.087	0.015	0.593	0.139	0.023	0.0	0.024	0.094	0.0	0.188	0.589	0.179	0.293	0.188	0.0	0.0	0.0	0.0	0.054	0.055	0.0	0.0	0.0	0.013	0.01	0.032	0.043	0.0	0.061	0.013
WNT8A	Q9H1J5	False	WNT8A_HUMAN		CPI-SS03146C969	WNT8A	0.048	0.0	0.0	0.0	0.017	0.0	0.0	0.061	0.036	0.091	0.079	0.0	0.0	0.0	0.0	0.0	0.0	0.018	0.0	0.0	0.045	0.0	0.139	0.074	0.0	0.041	0.043	0.09	0.042	0.033	0.04	0.02
WNT8B	Q93098	False	WNT8B_HUMAN		CPI-SS007FD6F72	WNT8B	0.005	0.0	0.0	0.0	0.0	0.0	0.048	0.0	0.0	0.0	0.0	0.169	0.0	0.0	0.133	0.511	0.0	0.0	0.0	0.0	0.0	0.0	0.0	0.0	0.0	0.0	0.011	0.0	0.0	0.0	0.004	0.0
WNT9A	O14904	False	WNT9A_HUMAN		CPI-SS0A93EEAEB	WNT9A	0.036	0.023	0.0	0.0	0.0	0.0	0.136	0.0	0.0	0.0	0.0	0.0	0.0	0.0	0.0	0.0	0.0	0.0	0.0	0.0	0.0	0.0	0.069	0.0	0.0	0.0	0.0	0.0	0.011	0.0	0.0	0.032
WNT9B	O14905	False	WNT9B_HUMAN		CPI-SS0648E8525	WNT9B	0.0	0.0	0.0	0.0	0.0	0.0	0.0	0.0	0.0	0.0	0.0	0.0	0.0	0.0	0.0	0.0	0.0	0.0	0.0	0.0	0.0	0.0	0.0	0.0	0.0	0.0	0.0	0.022	0.0	0.0	0.0	0.0
WNT1	P04628	False	WNT1_HUMAN		CPI-SS0D861FC88	WNT1	0.009	0.0	0.0	0.0	0.0	0.0	0.0	0.0	0.0	0.0	0.0	0.0	0.0	0.0	0.0	0.29	0.0	0.0	0.0	0.0	0.429	0.0	0.0	0.068	0.0	0.0	0.0	0.0	0.0	0.0	0.0	0.0
WNT11	O96014	False	WNT11_HUMAN		CPI-SS0C283076A	WNT11	0.008	0.0	0.0	0.0	0.0	0.0	0.0	0.0	0.0	0.0	0.0	0.0	0.0	0.0	0.0	0.0	0.0	0.0	0.0	0.047	0.027	0.0	0.0	0.0	0.0	0.0	0.0	0.024	0.0	0.0	0.0	0.0
WNT16	Q9UBV4	False	WNT16_HUMAN		CPI-SS0C2782258	WNT16	0.029	0.0	0.0	0.0	0.044	0.0	0.0	0.0	0.0	0.0	0.0	0.0	0.0	0.0	0.0	0.0	0.0	0.0	0.0	0.0	0.0	0.046	0.0	0.0	0.335	0.0	0.0	0.014	0.011	0.0	0.0	0.018
WNT2	P09544	False	WNT2_HUMAN		CPI-SS0C95AC883	WNT2	0.004	0.255	0.0	0.0	0.0	0.05	0.0	0.0	0.09	0.0	0.0	0.0	0.0	0.0	0.0	0.0	0.0	0.0	0.0	0.0	0.014	0.112	0.0	0.0	0.0	0.0	0.0	0.017	0.0	0.022	0.0	0.0
WNT2B	Q93097	False	WNT2B_HUMAN		CPI-SS08643DD8A	WNT2B	0.022	0.0	0.048	0.0	0.0	0.0	0.0	0.0	0.0	0.0	0.0	0.0	0.0	0.0	0.0	0.0	0.0	0.0	0.0	0.0	0.062	0.0	0.0	0.0	0.0	0.0	0.012	0.0	0.0	0.021	0.0	0.03
WNT3	P56703	False	WNT3_HUMAN		CPI-SS0E9BE6A4E	WNT3	0.02	0.0	0.0	0.0	0.0	0.024	0.068	0.037	0.046	0.0	0.0	0.242	0.832	0.039	0.153	1.176	0.0	0.0	0.0	0.0	0.04	0.0	0.0	0.0	0.0	0.026	0.0	0.047	0.016	0.049	0.0	0.0
WNT3A	P56704	False	WNT3A_HUMAN		CPI-SS0F05B138C	WNT3A	0.002	0.0	0.0	0.0	0.0	0.0	0.0	0.018	0.0	0.0	0.0	0.048	0.142	0.0	0.0	0.769	0.0	0.0	0.0	0.0	0.0	0.0	0.0	0.0	0.0	0.009	0.0	0.0	0.0	0.026	0.0	0.035
WNT5B	Q9H1J7	False	WNT5B_HUMAN		CPI-SS0AC302C73	WNT5B	0.054	0.0	0.0	0.0	0.0	0.031	0.231	0.0	0.036	0.0	0.05	0.055	0.092	0.0	0.037	0.0	3.23	0.0	0.0	0.0	0.041	0.0	0.0	0.0	0.0	0.073	0.073	0.058	0.087	0.044	0.051	0.103
WNT6	Q9Y6F9	False	WNT6_HUMAN		CPI-SS07B6C7A75	WNT6	0.007	0.0	0.0	0.0	0.022	0.0	0.0	0.0	0.047	0.0	0.0	0.0	0.0	0.0	0.0	0.0	0.0	0.0	0.0	0.0	0.07	0.0	0.0	0.0	0.0	0.03	0.0	0.021	0.0	0.0	0.0	0.025
WNT7A	O00755	False	WNT7A_HUMAN		CPI-SS0F41AC8EC	WNT7A	0.024	0.179	0.0	0.0	0.607	0.0	0.048	0.0	0.0	0.0	0.052	0.0	0.034	0.0	0.009	0.0	0.0	0.028	0.0	0.0	0.0	0.049	0.071	0.0	0.0	0.009	0.0	0.01	0.016	0.058	0.017	0.02
WNT7B	P56706	False	WNT7B_HUMAN		CPI-SS08F783A87	WNT7B	0.06	0.0	0.087	0.015	0.593	0.139	0.023	0.0	0.024	0.094	0.0	0.188	0.589	0.179	0.293	0.188	0.0	0.0	0.0	0.0	0.054	0.055	0.0	0.0	0.0	0.013	0.01	0.032	0.043	0.0	0.061	0.013
WNT8A	Q9H1J5	False	WNT8A_HUMAN		CPI-SS029E5DD2D	WNT8A	0.048	0.0	0.0	0.0	0.017	0.0	0.0	0.061	0.036	0.091	0.079	0.0	0.0	0.0	0.0	0.0	0.0	0.018	0.0	0.0	0.045	0.0	0.139	0.074	0.0	0.041	0.043	0.09	0.042	0.033	0.04	0.02
WNT8B	Q93098	False	WNT8B_HUMAN		CPI-SS07A42979A	WNT8B	0.005	0.0	0.0	0.0	0.0	0.0	0.048	0.0	0.0	0.0	0.0	0.169	0.0	0.0	0.133	0.511	0.0	0.0	0.0	0.0	0.0	0.0	0.0	0.0	0.0	0.0	0.011	0.0	0.0	0.0	0.004	0.0
WNT9A	O14904	False	WNT9A_HUMAN		CPI-SS00877D499	WNT9A	0.036	0.023	0.0	0.0	0.0	0.0	0.136	0.0	0.0	0.0	0.0	0.0	0.0	0.0	0.0	0.0	0.0	0.0	0.0	0.0	0.0	0.0	0.069	0.0	0.0	0.0	0.0	0.0	0.011	0.0	0.0	0.032
WNT9B	O14905	False	WNT9B_HUMAN		CPI-SS0ED630027	WNT9B	0.0	0.0	0.0	0.0	0.0	0.0	0.0	0.0	0.0	0.0	0.0	0.0	0.0	0.0	0.0	0.0	0.0	0.0	0.0	0.0	0.0	0.0	0.0	0.0	0.0	0.0	0.0	0.022	0.0	0.0	0.0	0.0
WNT1	P04628	False	WNT1_HUMAN		CPI-SS07447802E	WNT1	0.009	0.0	0.0	0.0	0.0	0.0	0.0	0.0	0.0	0.0	0.0	0.0	0.0	0.0	0.0	0.29	0.0	0.0	0.0	0.0	0.429	0.0	0.0	0.068	0.0	0.0	0.0	0.0	0.0	0.0	0.0	0.0
WNT11	O96014	False	WNT11_HUMAN		CPI-SS0102731DE	WNT11	0.008	0.0	0.0	0.0	0.0	0.0	0.0	0.0	0.0	0.0	0.0	0.0	0.0	0.0	0.0	0.0	0.0	0.0	0.0	0.047	0.027	0.0	0.0	0.0	0.0	0.0	0.0	0.024	0.0	0.0	0.0	0.0
WNT16	Q9UBV4	False	WNT16_HUMAN		CPI-SS0B09698F7	WNT16	0.029	0.0	0.0	0.0	0.044	0.0	0.0	0.0	0.0	0.0	0.0	0.0	0.0	0.0	0.0	0.0	0.0	0.0	0.0	0.0	0.0	0.046	0.0	0.0	0.335	0.0	0.0	0.014	0.011	0.0	0.0	0.018
WNT2	P09544	False	WNT2_HUMAN		CPI-SS001BD48FB	WNT2	0.004	0.255	0.0	0.0	0.0	0.05	0.0	0.0	0.09	0.0	0.0	0.0	0.0	0.0	0.0	0.0	0.0	0.0	0.0	0.0	0.014	0.112	0.0	0.0	0.0	0.0	0.0	0.017	0.0	0.022	0.0	0.0
WNT2B	Q93097	False	WNT2B_HUMAN		CPI-SS058493298	WNT2B	0.022	0.0	0.048	0.0	0.0	0.0	0.0	0.0	0.0	0.0	0.0	0.0	0.0	0.0	0.0	0.0	0.0	0.0	0.0	0.0	0.062	0.0	0.0	0.0	0.0	0.0	0.012	0.0	0.0	0.021	0.0	0.03
WNT3	P56703	False	WNT3_HUMAN		CPI-SS0D2044B87	WNT3	0.02	0.0	0.0	0.0	0.0	0.024	0.068	0.037	0.046	0.0	0.0	0.242	0.832	0.039	0.153	1.176	0.0	0.0	0.0	0.0	0.04	0.0	0.0	0.0	0.0	0.026	0.0	0.047	0.016	0.049	0.0	0.0
WNT3A	P56704	False	WNT3A_HUMAN		CPI-SS01F46C4AB	WNT3A	0.002	0.0	0.0	0.0	0.0	0.0	0.0	0.018	0.0	0.0	0.0	0.048	0.142	0.0	0.0	0.769	0.0	0.0	0.0	0.0	0.0	0.0	0.0	0.0	0.0	0.009	0.0	0.0	0.0	0.026	0.0	0.035
WNT5B	Q9H1J7	False	WNT5B_HUMAN		CPI-SS022D3CA81	WNT5B	0.054	0.0	0.0	0.0	0.0	0.031	0.231	0.0	0.036	0.0	0.05	0.055	0.092	0.0	0.037	0.0	3.23	0.0	0.0	0.0	0.041	0.0	0.0	0.0	0.0	0.073	0.073	0.058	0.087	0.044	0.051	0.103
WNT6	Q9Y6F9	False	WNT6_HUMAN		CPI-SS0463A8FBA	WNT6	0.007	0.0	0.0	0.0	0.022	0.0	0.0	0.0	0.047	0.0	0.0	0.0	0.0	0.0	0.0	0.0	0.0	0.0	0.0	0.0	0.07	0.0	0.0	0.0	0.0	0.03	0.0	0.021	0.0	0.0	0.0	0.025
WNT7A	O00755	False	WNT7A_HUMAN		CPI-SS0BF15C2D4	WNT7A	0.024	0.179	0.0	0.0	0.607	0.0	0.048	0.0	0.0	0.0	0.052	0.0	0.034	0.0	0.009	0.0	0.0	0.028	0.0	0.0	0.0	0.049	0.071	0.0	0.0	0.009	0.0	0.01	0.016	0.058	0.017	0.02
WNT7B	P56706	False	WNT7B_HUMAN		CPI-SS0E161B905	WNT7B	0.06	0.0	0.087	0.015	0.593	0.139	0.023	0.0	0.024	0.094	0.0	0.188	0.589	0.179	0.293	0.188	0.0	0.0	0.0	0.0	0.054	0.055	0.0	0.0	0.0	0.013	0.01	0.032	0.043	0.0	0.061	0.013
WNT8A	Q9H1J5	False	WNT8A_HUMAN		CPI-SS0ED712AE3	WNT8A	0.048	0.0	0.0	0.0	0.017	0.0	0.0	0.061	0.036	0.091	0.079	0.0	0.0	0.0	0.0	0.0	0.0	0.018	0.0	0.0	0.045	0.0	0.139	0.074	0.0	0.041	0.043	0.09	0.042	0.033	0.04	0.02
WNT8B	Q93098	False	WNT8B_HUMAN		CPI-SS00B67C32B	WNT8B	0.005	0.0	0.0	0.0	0.0	0.0	0.048	0.0	0.0	0.0	0.0	0.169	0.0	0.0	0.133	0.511	0.0	0.0	0.0	0.0	0.0	0.0	0.0	0.0	0.0	0.0	0.011	0.0	0.0	0.0	0.004	0.0
WNT9A	O14904	False	WNT9A_HUMAN		CPI-SS0F103D7A7	WNT9A	0.036	0.023	0.0	0.0	0.0	0.0	0.136	0.0	0.0	0.0	0.0	0.0	0.0	0.0	0.0	0.0	0.0	0.0	0.0	0.0	0.0	0.0	0.069	0.0	0.0	0.0	0.0	0.0	0.011	0.0	0.0	0.032
WNT9B	O14905	False	WNT9B_HUMAN		CPI-SS050876F99	WNT9B	0.0	0.0	0.0	0.0	0.0	0.0	0.0	0.0	0.0	0.0	0.0	0.0	0.0	0.0	0.0	0.0	0.0	0.0	0.0	0.0	0.0	0.0	0.0	0.0	0.0	0.0	0.0	0.022	0.0	0.0	0.0	0.0
INHBC	P55103	False	INHBC_HUMAN		CPI-SS0DC001A77	INHBC	0.0	0.0	0.0	0.0	0.0	0.0	0.0	0.018	0.0	0.0	0.0	0.0	0.0	0.0	0.0	0.0	0.0	0.0	0.0	0.0	0.0	0.0	0.0	0.0	0.0	0.0	0.0	0.0	0.0	0.0	0.0	0.0
INHBC	P55103	False	INHBC_HUMAN		CPI-SS04BE14432	INHBC	0.0	0.0	0.0	0.0	0.0	0.0	0.0	0.018	0.0	0.0	0.0	0.0	0.0	0.0	0.0	0.0	0.0	0.0	0.0	0.0	0.0	0.0	0.0	0.0	0.0	0.0	0.0	0.0	0.0	0.0	0.0	0.0
ARTN	Q5T4W7	False	ARTN_HUMAN		CPI-SC08032972C	ARTN	0.017	0.0	0.0	0.0	0.022	0.024	0.0	0.0	0.0	0.0	0.027	0.0	0.0	0.0	0.0	0.108	0.0	0.02	0.0	0.0	0.0	0.0	0.0	0.0	0.0	0.031	0.0	0.0	0.0	0.0	0.0	0.0
GDNF	P39905	False	GDNF_HUMAN		CPI-SC0BDF87EA3	GDNF	0.012	0.0	0.0	0.0	0.0	0.0	0.0	0.09	0.033	0.0	0.0	0.056	0.0	0.0	0.022	0.108	0.0	0.0	0.0	0.0	0.0	0.0	0.0	0.0	0.0	0.013	0.0	0.0	0.0	0.0	0.116	0.03
ARTN	Q5T4W7	False	ARTN_HUMAN		CPI-SC03B346136	ARTN	0.017	0.0	0.0	0.0	0.022	0.024	0.0	0.0	0.0	0.0	0.027	0.0	0.0	0.0	0.0	0.108	0.0	0.02	0.0	0.0	0.0	0.0	0.0	0.0	0.0	0.031	0.0	0.0	0.0	0.0	0.0	0.0
CD226	Q15762	False	CD226_HUMAN		CPI-SS06207F70E	CD226	0.005	0.024	0.0	0.0	0.0	0.0	0.024	0.0	0.036	0.0	0.0	0.0	0.956	0.0	0.5	0.0	0.0	0.446	0.0	0.071	0.0	0.096	0.0	0.0	0.0	0.0	0.01	0.0	0.013	0.0	0.0	0.039
ESAM	Q96AP7	False	ESAM_HUMAN		CPI-SS04C672963	ESAM	0.088	0.0	0.0	0.183	0.0	0.239	0.0	0.698	0.028	0.0	0.192	0.067	0.054	0.0	0.0	0.108	0.0	0.0	0.0	0.03	0.085	0.056	0.0	0.19	0.0	0.052	0.0	0.243	0.094	0.017	0.038	0.15
FTH1	P02794	False	FRIH_HUMAN		CPI-SS018AC8F36	FTH1	0.642	0.108	0.232	0.37	0.148	0.368	0.187	0.2	0.576	0.501	0.259	0.085	0.26	0.205	0.163	0.558	0.0	0.227	0.486	0.342	1.092	0.488	0.525	0.601	0.0	0.491	0.324	0.597	0.529	0.347	0.66	0.226
HGF	P14210	False	HGF_HUMAN		CPI-SS0109FE6AE	HGF	0.02	0.0	0.048	0.0	0.0	0.0	0.0	0.0	0.0	0.0	0.0	0.0	0.0	0.0	0.0	0.0	0.0	0.0	0.0	0.0	0.0	0.05	0.0	0.0	0.0	0.0	0.0	0.0	0.026	0.064	0.0	0.033
KISS1	Q15726	False	KISS1_HUMAN		CPI-SS0F856A80F	KISS1	0.007	1.025	0.0	0.0	0.0	0.0	0.0	0.0	0.0	0.0	0.0	0.0	0.0	0.0	0.0	0.0	0.0	0.026	0.0	0.048	0.0	0.0	0.0	0.0	0.0	0.0	0.0	0.0	0.0	0.0	0.0	0.0
KITLG	P21583	False	SCF_HUMAN		CPI-SS0A612BCEF	KITLG	0.061	0.0	0.0	0.015	0.0	0.0	0.0	0.159	0.043	0.0	0.268	0.0	0.0	0.0	0.067	0.0	0.0	0.089	0.0	0.0	0.0	0.027	0.0	0.0	0.0	0.17	0.08	0.077	0.019	0.017	0.0	0.0
MPZL1	O95297	False	MPZL1_HUMAN		CPI-SS09CEEE405	MPZL1	0.454	0.215	0.29	0.223	0.248	0.378	0.133	0.253	0.299	0.344	0.583	0.192	0.266	0.065	0.333	0.189	3.23	0.675	0.126	0.359	0.683	0.258	0.585	0.327	0.0	0.292	0.687	0.478	0.345	0.311	0.349	0.089
NELL2	Q99435	False	NELL2_HUMAN		CPI-SS02B2C16ED	NELL2	0.657	0.031	0.125	0.167	0.521	0.292	0.1	0.448	0.884	0.414	0.166	0.362	0.087	0.043	0.147	0.205	0.0	0.033	0.801	0.657	1.307	0.428	0.354	0.182	0.629	0.448	1.511	0.673	0.305	0.245	0.954	0.423
PECAM1	P16284	False	PECA1_HUMAN		CPI-SS0E0DEA7D5	PECAM1	0.0	0.0	0.0	0.0	0.0	0.0	0.0	0.0	0.0	0.0	0.0	0.0	0.0	0.0	0.0	0.0	0.0	0.0	0.0	0.0	0.026	0.0	0.0	0.0	0.0	0.0	0.0	0.0	0.0	0.0	0.0	0.0
PTPRD	P23468	False	PTPRD_HUMAN		CPI-SS096F8C268	PTPRD	0.78	0.25	0.066	2.167	2.787	0.449	0.231	1.904	0.882	1.893	0.404	0.136	0.131	0.342	0.5	0.29	3.23	0.754	0.217	0.44	0.139	0.152	1.07	0.741	0.335	0.815	2.463	0.635	0.344	1.007	2.248	0.864
PTPRD	P23468	False	PTPRD_HUMAN		CPI-SS0F9F83827	PTPRD	0.78	0.25	0.066	2.167	2.787	0.449	0.231	1.904	0.882	1.893	0.404	0.136	0.131	0.342	0.5	0.29	3.23	0.754	0.217	0.44	0.139	0.152	1.07	0.741	0.335	0.815	2.463	0.635	0.344	1.007	2.248	0.864
RNASET2	O00584	False	RNT2_HUMAN		CPI-SS016FD0C8A	RNASET2	0.012	0.0	0.0	0.0	0.0	0.0	0.089	0.032	0.032	0.0	0.0	0.039	0.095	0.053	0.103	0.0	0.0	0.023	0.0	0.0	0.0	0.0	0.0	0.0	0.0	0.012	0.0	0.035	0.0	0.04	0.0	0.0
TRH	P20396	False	TRH_HUMAN		CPI-SS00F69C501	TRH	0.116	0.0	0.0	0.012	0.0	0.12	0.0	0.0	0.028	0.0	0.0	0.058	0.0	0.043	0.097	0.274	0.0	0.0	0.0	0.0	0.0	0.0	0.07	0.0	0.0	0.061	0.0	0.0	0.2	0.0	0.169	0.0
CHRNA2	Q15822	True	ACHA2_HUMAN	AcetylcholineReceptor_a2b3	CPI-CC0F3C5EBCC	CHRNA2	0.054	0.0	0.0	0.0	0.0	0.0	0.0	0.0	0.0	0.0	0.036	0.0	0.0	0.0	0.0	0.0	0.0	0.0	0.0	0.0	0.0	0.0	0.0	0.029	0.0	0.033	0.0	0.056	0.016	0.0	0.037	0.015
CHRNB3	Q05901	True	ACHB3_HUMAN	AcetylcholineReceptor_a2b3	CPI-CC0F3C5EBCC	CHRNB3	0.054	0.0	0.0	0.0	0.0	0.0	0.0	0.0	0.0	0.0	0.036	0.0	0.0	0.0	0.0	0.0	0.0	0.0	0.0	0.0	0.0	0.0	0.0	0.029	0.0	0.033	0.0	0.056	0.016	0.0	0.037	0.015
CHRNA3	P32297	True	ACHA3_HUMAN	AcetylcholineReceptor_a3b2a5	CPI-CC0067AC6C9	CHRNA3	0.006	0.0	0.0	0.0	0.0	0.05	0.0	0.0	0.0	0.0	0.0	0.0	0.0	0.0	0.0	0.0	0.0	0.0	0.0	0.0	0.0	0.0	0.0	0.0	0.0	0.0	0.0	0.0	0.0	0.0	0.082	0.051
CHRNB2	P17787	True	ACHB2_HUMAN	AcetylcholineReceptor_a3b2a5	CPI-CC0067AC6C9	CHRNB2	0.006	0.0	0.0	0.0	0.0	0.05	0.0	0.0	0.0	0.0	0.0	0.0	0.0	0.0	0.0	0.0	0.0	0.0	0.0	0.0	0.0	0.0	0.0	0.0	0.0	0.0	0.0	0.0	0.0	0.0	0.082	0.051
CHRNA5	P30532	True	ACHA5_HUMAN	AcetylcholineReceptor_a3b2a5	CPI-CC0067AC6C9	CHRNA5	0.006	0.0	0.0	0.0	0.0	0.05	0.0	0.0	0.0	0.0	0.0	0.0	0.0	0.0	0.0	0.0	0.0	0.0	0.0	0.0	0.0	0.0	0.0	0.0	0.0	0.0	0.0	0.0	0.0	0.0	0.082	0.051
CHRNA3	P32297	True	ACHA3_HUMAN	AcetylcholineReceptor_a3b4	CPI-CC0A14A9CBC	CHRNA3	0.0	0.0	0.0	0.0	0.0	0.0	0.0	0.0	0.0	0.0	0.0	0.0	0.0	0.0	0.0	0.0	0.0	0.0	0.0	0.0	0.0	0.0	0.0	0.0	0.0	0.0	0.0	0.0	0.0	0.0	0.043	0.0
CHRNA3	P32297	True	ACHA3_HUMAN	AcetylcholineReceptor_a3b4	CPI-CC055FABA12	CHRNA3	0.0	0.0	0.0	0.0	0.0	0.0	0.0	0.0	0.0	0.0	0.0	0.0	0.0	0.0	0.0	0.0	0.0	0.0	0.0	0.0	0.0	0.0	0.0	0.0	0.0	0.0	0.0	0.0	0.0	0.0	0.043	0.0
CHRNB4	P30926	True	ACHB4_HUMAN	AcetylcholineReceptor_a3b4	CPI-CC0A14A9CBC	CHRNB4	0.0	0.0	0.0	0.0	0.0	0.0	0.0	0.0	0.0	0.0	0.0	0.0	0.0	0.0	0.0	0.0	0.0	0.0	0.0	0.0	0.0	0.0	0.0	0.0	0.0	0.0	0.0	0.0	0.0	0.0	0.043	0.0
CHRNB4	P30926	True	ACHB4_HUMAN	AcetylcholineReceptor_a3b4	CPI-CC055FABA12	CHRNB4	0.0	0.0	0.0	0.0	0.0	0.0	0.0	0.0	0.0	0.0	0.0	0.0	0.0	0.0	0.0	0.0	0.0	0.0	0.0	0.0	0.0	0.0	0.0	0.0	0.0	0.0	0.0	0.0	0.0	0.0	0.043	0.0
CHRNA3	P32297	True	ACHA3_HUMAN	AcetylcholineReceptor_a3b4a5	CPI-CC0253C0919	CHRNA3	0.0	0.0	0.0	0.0	0.0	0.0	0.0	0.0	0.0	0.0	0.0	0.0	0.0	0.0	0.0	0.0	0.0	0.0	0.0	0.0	0.0	0.0	0.0	0.0	0.0	0.0	0.0	0.0	0.0	0.0	0.043	0.0
CHRNB4	P30926	True	ACHB4_HUMAN	AcetylcholineReceptor_a3b4a5	CPI-CC0253C0919	CHRNB4	0.0	0.0	0.0	0.0	0.0	0.0	0.0	0.0	0.0	0.0	0.0	0.0	0.0	0.0	0.0	0.0	0.0	0.0	0.0	0.0	0.0	0.0	0.0	0.0	0.0	0.0	0.0	0.0	0.0	0.0	0.043	0.0
CHRNA5	P30532	True	ACHA5_HUMAN	AcetylcholineReceptor_a3b4a5	CPI-CC0253C0919	CHRNA5	0.0	0.0	0.0	0.0	0.0	0.0	0.0	0.0	0.0	0.0	0.0	0.0	0.0	0.0	0.0	0.0	0.0	0.0	0.0	0.0	0.0	0.0	0.0	0.0	0.0	0.0	0.0	0.0	0.0	0.0	0.043	0.0
CHRNA6	Q15825	True	ACHA6_HUMAN	AcetylcholineReceptor_a6b3b4	CPI-CC05C1C7836	CHRNA6	0.0	0.0	0.0	0.0	0.0	0.0	0.0	0.0	0.0	0.0	0.0	0.0	0.0	0.0	0.0	0.0	0.0	0.0	0.0	0.0	0.0	0.0	0.0	0.0	0.0	0.0	0.0	0.0	0.0	0.0	0.043	0.0
CHRNB3	Q05901	True	ACHB3_HUMAN	AcetylcholineReceptor_a6b3b4	CPI-CC05C1C7836	CHRNB3	0.0	0.0	0.0	0.0	0.0	0.0	0.0	0.0	0.0	0.0	0.0	0.0	0.0	0.0	0.0	0.0	0.0	0.0	0.0	0.0	0.0	0.0	0.0	0.0	0.0	0.0	0.0	0.0	0.0	0.0	0.043	0.0
CHRNB4	P30926	True	ACHB4_HUMAN	AcetylcholineReceptor_a6b3b4	CPI-CC05C1C7836	CHRNB4	0.0	0.0	0.0	0.0	0.0	0.0	0.0	0.0	0.0	0.0	0.0	0.0	0.0	0.0	0.0	0.0	0.0	0.0	0.0	0.0	0.0	0.0	0.0	0.0	0.0	0.0	0.0	0.0	0.0	0.0	0.043	0.0
ACVRL1	P37023	True	ACVL1_HUMAN	ACVL1_ACVR2A	CPI-SC04A52C935	ACVRL1	0.228	0.208	0.15	0.123	0.278	0.085	0.201	0.345	0.407	0.478	0.401	0.176	0.361	0.239	0.406	0.537	0.0	0.179	0.105	0.211	0.197	0.0	0.069	0.265	0.335	0.235	0.319	0.293	0.084	0.234	0.215	0.172
ACVR2A	P27037	True	AVR2A_HUMAN	ACVL1_ACVR2A	CPI-SC04A52C935	ACVR2A	0.228	0.208	0.15	0.123	0.278	0.085	0.201	0.345	0.407	0.478	0.401	0.176	0.361	0.239	0.406	0.537	0.0	0.179	0.105	0.211	0.197	0.0	0.069	0.265	0.335	0.235	0.319	0.293	0.084	0.234	0.215	0.172
ACVRL1	P37023	True	ACVL1_HUMAN	ACVL1_BMPR2	CPI-SC07C452E3D	ACVRL1	0.228	0.208	0.176	0.123	0.278	0.085	0.279	0.345	0.494	0.478	0.401	0.176	0.361	0.239	0.406	0.427	0.0	0.179	0.105	0.211	0.197	0.0	0.069	0.265	0.335	0.235	0.319	0.293	0.084	0.234	0.215	0.172
BMPR2	Q13873	True	BMPR2_HUMAN	ACVL1_BMPR2	CPI-SC07C452E3D	BMPR2	0.228	0.208	0.176	0.123	0.278	0.085	0.279	0.345	0.494	0.478	0.401	0.176	0.361	0.239	0.406	0.427	0.0	0.179	0.105	0.211	0.197	0.0	0.069	0.265	0.335	0.235	0.319	0.293	0.084	0.234	0.215	0.172
ACVR1B	P36896	True	ACV1B_HUMAN	ACVR_1B2A_receptor	CPI-CC0288FD89F	ACVR1B	0.154	0.128	0.062	0.077	0.045	0.096	0.089	0.161	0.09	0.096	0.136	0.055	0.1	0.166	0.0	0.108	0.0	0.046	0.104	0.199	0.154	0.144	0.131	0.17	0.0	0.196	0.152	0.117	0.0	0.062	0.105	0.084
ACVR1B	P36896	True	ACV1B_HUMAN	ACVR_1B2A_receptor	CPI-SC0B3D321CC	ACVR1B	0.154	0.128	0.062	0.077	0.045	0.096	0.089	0.161	0.09	0.096	0.136	0.055	0.1	0.166	0.0	0.108	0.0	0.046	0.104	0.199	0.154	0.144	0.131	0.17	0.0	0.196	0.152	0.117	0.0	0.062	0.105	0.084
ACVR1B	P36896	True	ACV1B_HUMAN	ACVR_1B2A_receptor	CPI-CC0FA8B4931	ACVR1B	0.154	0.128	0.062	0.077	0.045	0.096	0.089	0.161	0.09	0.096	0.136	0.055	0.1	0.166	0.0	0.108	0.0	0.046	0.104	0.199	0.154	0.144	0.131	0.17	0.0	0.196	0.152	0.117	0.0	0.062	0.105	0.084
ACVR1B	P36896	True	ACV1B_HUMAN	ACVR_1B2A_receptor	CPI-CC02D192370	ACVR1B	0.154	0.128	0.062	0.077	0.045	0.096	0.089	0.161	0.09	0.096	0.136	0.055	0.1	0.166	0.0	0.108	0.0	0.046	0.104	0.199	0.154	0.144	0.131	0.17	0.0	0.196	0.152	0.117	0.0	0.062	0.105	0.084
ACVR2A	P27037	True	AVR2A_HUMAN	ACVR_1B2A_receptor	CPI-CC0288FD89F	ACVR2A	0.154	0.128	0.062	0.077	0.045	0.096	0.089	0.161	0.09	0.096	0.136	0.055	0.1	0.166	0.0	0.108	0.0	0.046	0.104	0.199	0.154	0.144	0.131	0.17	0.0	0.196	0.152	0.117	0.0	0.062	0.105	0.084
ACVR2A	P27037	True	AVR2A_HUMAN	ACVR_1B2A_receptor	CPI-SC0B3D321CC	ACVR2A	0.154	0.128	0.062	0.077	0.045	0.096	0.089	0.161	0.09	0.096	0.136	0.055	0.1	0.166	0.0	0.108	0.0	0.046	0.104	0.199	0.154	0.144	0.131	0.17	0.0	0.196	0.152	0.117	0.0	0.062	0.105	0.084
ACVR2A	P27037	True	AVR2A_HUMAN	ACVR_1B2A_receptor	CPI-CC0FA8B4931	ACVR2A	0.154	0.128	0.062	0.077	0.045	0.096	0.089	0.161	0.09	0.096	0.136	0.055	0.1	0.166	0.0	0.108	0.0	0.046	0.104	0.199	0.154	0.144	0.131	0.17	0.0	0.196	0.152	0.117	0.0	0.062	0.105	0.084
ACVR2A	P27037	True	AVR2A_HUMAN	ACVR_1B2A_receptor	CPI-CC02D192370	ACVR2A	0.154	0.128	0.062	0.077	0.045	0.096	0.089	0.161	0.09	0.096	0.136	0.055	0.1	0.166	0.0	0.108	0.0	0.046	0.104	0.199	0.154	0.144	0.131	0.17	0.0	0.196	0.152	0.117	0.0	0.062	0.105	0.084
ACVR1B	P36896	True	ACV1B_HUMAN	ACVR_1B2B_receptor	CPI-SC0A86600AA	ACVR1B	0.154	0.128	0.062	0.077	0.045	0.096	0.059	0.161	0.09	0.096	0.136	0.028	0.1	0.157	0.0	0.108	0.0	0.046	0.104	0.198	0.154	0.144	0.131	0.17	0.0	0.196	0.075	0.117	0.0	0.062	0.105	0.084
ACVR1B	P36896	True	ACV1B_HUMAN	ACVR_1B2B_receptor	CPI-CC0E6BCEC26	ACVR1B	0.154	0.128	0.062	0.077	0.045	0.096	0.059	0.161	0.09	0.096	0.136	0.028	0.1	0.157	0.0	0.108	0.0	0.046	0.104	0.198	0.154	0.144	0.131	0.17	0.0	0.196	0.075	0.117	0.0	0.062	0.105	0.084
ACVR1B	P36896	True	ACV1B_HUMAN	ACVR_1B2B_receptor	CPI-SC0FDDA8A63	ACVR1B	0.154	0.128	0.062	0.077	0.045	0.096	0.059	0.161	0.09	0.096	0.136	0.028	0.1	0.157	0.0	0.108	0.0	0.046	0.104	0.198	0.154	0.144	0.131	0.17	0.0	0.196	0.075	0.117	0.0	0.062	0.105	0.084
ACVR1B	P36896	True	ACV1B_HUMAN	ACVR_1B2B_receptor	CPI-CC04553E312	ACVR1B	0.154	0.128	0.062	0.077	0.045	0.096	0.059	0.161	0.09	0.096	0.136	0.028	0.1	0.157	0.0	0.108	0.0	0.046	0.104	0.198	0.154	0.144	0.131	0.17	0.0	0.196	0.075	0.117	0.0	0.062	0.105	0.084
ACVR1B	P36896	True	ACV1B_HUMAN	ACVR_1B2B_receptor	CPI-CC057B323A5	ACVR1B	0.154	0.128	0.062	0.077	0.045	0.096	0.059	0.161	0.09	0.096	0.136	0.028	0.1	0.157	0.0	0.108	0.0	0.046	0.104	0.198	0.154	0.144	0.131	0.17	0.0	0.196	0.075	0.117	0.0	0.062	0.105	0.084
ACVR2B	Q13705	True	AVR2B_HUMAN	ACVR_1B2B_receptor	CPI-SC0A86600AA	ACVR2B	0.154	0.128	0.062	0.077	0.045	0.096	0.059	0.161	0.09	0.096	0.136	0.028	0.1	0.157	0.0	0.108	0.0	0.046	0.104	0.198	0.154	0.144	0.131	0.17	0.0	0.196	0.075	0.117	0.0	0.062	0.105	0.084
ACVR2B	Q13705	True	AVR2B_HUMAN	ACVR_1B2B_receptor	CPI-CC0E6BCEC26	ACVR2B	0.154	0.128	0.062	0.077	0.045	0.096	0.059	0.161	0.09	0.096	0.136	0.028	0.1	0.157	0.0	0.108	0.0	0.046	0.104	0.198	0.154	0.144	0.131	0.17	0.0	0.196	0.075	0.117	0.0	0.062	0.105	0.084
ACVR2B	Q13705	True	AVR2B_HUMAN	ACVR_1B2B_receptor	CPI-SC0FDDA8A63	ACVR2B	0.154	0.128	0.062	0.077	0.045	0.096	0.059	0.161	0.09	0.096	0.136	0.028	0.1	0.157	0.0	0.108	0.0	0.046	0.104	0.198	0.154	0.144	0.131	0.17	0.0	0.196	0.075	0.117	0.0	0.062	0.105	0.084
ACVR2B	Q13705	True	AVR2B_HUMAN	ACVR_1B2B_receptor	CPI-CC04553E312	ACVR2B	0.154	0.128	0.062	0.077	0.045	0.096	0.059	0.161	0.09	0.096	0.136	0.028	0.1	0.157	0.0	0.108	0.0	0.046	0.104	0.198	0.154	0.144	0.131	0.17	0.0	0.196	0.075	0.117	0.0	0.062	0.105	0.084
ACVR2B	Q13705	True	AVR2B_HUMAN	ACVR_1B2B_receptor	CPI-CC057B323A5	ACVR2B	0.154	0.128	0.062	0.077	0.045	0.096	0.059	0.161	0.09	0.096	0.136	0.028	0.1	0.157	0.0	0.108	0.0	0.046	0.104	0.198	0.154	0.144	0.131	0.17	0.0	0.196	0.075	0.117	0.0	0.062	0.105	0.084
ACVR1C	Q8NER5	True	ACV1C_HUMAN	ACVR_1C2A_receptor	CPI-CC0021FE823	ACVR1C	0.007	0.0	0.0	0.0	0.0	0.0	0.0	0.025	0.0	0.0	0.0	0.0	0.0	0.0	0.0	0.189	0.0	0.111	0.0	0.0	0.025	0.0	0.0	0.0	0.0	0.009	0.0	0.0	0.074	0.0	0.0	0.025
ACVR1C	Q8NER5	True	ACV1C_HUMAN	ACVR_1C2A_receptor	CPI-SC0E760DE88	ACVR1C	0.007	0.0	0.0	0.0	0.0	0.0	0.0	0.025	0.0	0.0	0.0	0.0	0.0	0.0	0.0	0.189	0.0	0.111	0.0	0.0	0.025	0.0	0.0	0.0	0.0	0.009	0.0	0.0	0.074	0.0	0.0	0.025
ACVR1C	Q8NER5	True	ACV1C_HUMAN	ACVR_1C2A_receptor	CPI-CC0BDA1C176	ACVR1C	0.007	0.0	0.0	0.0	0.0	0.0	0.0	0.025	0.0	0.0	0.0	0.0	0.0	0.0	0.0	0.189	0.0	0.111	0.0	0.0	0.025	0.0	0.0	0.0	0.0	0.009	0.0	0.0	0.074	0.0	0.0	0.025
ACVR1C	Q8NER5	True	ACV1C_HUMAN	ACVR_1C2A_receptor	CPI-CC08375F742	ACVR1C	0.007	0.0	0.0	0.0	0.0	0.0	0.0	0.025	0.0	0.0	0.0	0.0	0.0	0.0	0.0	0.189	0.0	0.111	0.0	0.0	0.025	0.0	0.0	0.0	0.0	0.009	0.0	0.0	0.074	0.0	0.0	0.025
ACVR2A	P27037	True	AVR2A_HUMAN	ACVR_1C2A_receptor	CPI-CC0021FE823	ACVR2A	0.007	0.0	0.0	0.0	0.0	0.0	0.0	0.025	0.0	0.0	0.0	0.0	0.0	0.0	0.0	0.189	0.0	0.111	0.0	0.0	0.025	0.0	0.0	0.0	0.0	0.009	0.0	0.0	0.074	0.0	0.0	0.025
ACVR2A	P27037	True	AVR2A_HUMAN	ACVR_1C2A_receptor	CPI-SC0E760DE88	ACVR2A	0.007	0.0	0.0	0.0	0.0	0.0	0.0	0.025	0.0	0.0	0.0	0.0	0.0	0.0	0.0	0.189	0.0	0.111	0.0	0.0	0.025	0.0	0.0	0.0	0.0	0.009	0.0	0.0	0.074	0.0	0.0	0.025
ACVR2A	P27037	True	AVR2A_HUMAN	ACVR_1C2A_receptor	CPI-CC0BDA1C176	ACVR2A	0.007	0.0	0.0	0.0	0.0	0.0	0.0	0.025	0.0	0.0	0.0	0.0	0.0	0.0	0.0	0.189	0.0	0.111	0.0	0.0	0.025	0.0	0.0	0.0	0.0	0.009	0.0	0.0	0.074	0.0	0.0	0.025
ACVR2A	P27037	True	AVR2A_HUMAN	ACVR_1C2A_receptor	CPI-CC08375F742	ACVR2A	0.007	0.0	0.0	0.0	0.0	0.0	0.0	0.025	0.0	0.0	0.0	0.0	0.0	0.0	0.0	0.189	0.0	0.111	0.0	0.0	0.025	0.0	0.0	0.0	0.0	0.009	0.0	0.0	0.074	0.0	0.0	0.025
ACVR1C	Q8NER5	True	ACV1C_HUMAN	ACVR_1C2B_receptor	CPI-CC00485C63D	ACVR1C	0.007	0.0	0.0	0.0	0.0	0.0	0.0	0.025	0.0	0.0	0.0	0.0	0.0	0.0	0.0	0.182	0.0	0.072	0.0	0.0	0.025	0.0	0.0	0.0	0.0	0.009	0.0	0.0	0.074	0.0	0.0	0.025
ACVR1C	Q8NER5	True	ACV1C_HUMAN	ACVR_1C2B_receptor	CPI-SC020B01F65	ACVR1C	0.007	0.0	0.0	0.0	0.0	0.0	0.0	0.025	0.0	0.0	0.0	0.0	0.0	0.0	0.0	0.182	0.0	0.072	0.0	0.0	0.025	0.0	0.0	0.0	0.0	0.009	0.0	0.0	0.074	0.0	0.0	0.025
ACVR1C	Q8NER5	True	ACV1C_HUMAN	ACVR_1C2B_receptor	CPI-CC0C1E0C4B7	ACVR1C	0.007	0.0	0.0	0.0	0.0	0.0	0.0	0.025	0.0	0.0	0.0	0.0	0.0	0.0	0.0	0.182	0.0	0.072	0.0	0.0	0.025	0.0	0.0	0.0	0.0	0.009	0.0	0.0	0.074	0.0	0.0	0.025
ACVR1C	Q8NER5	True	ACV1C_HUMAN	ACVR_1C2B_receptor	CPI-CC0E62974F4	ACVR1C	0.007	0.0	0.0	0.0	0.0	0.0	0.0	0.025	0.0	0.0	0.0	0.0	0.0	0.0	0.0	0.182	0.0	0.072	0.0	0.0	0.025	0.0	0.0	0.0	0.0	0.009	0.0	0.0	0.074	0.0	0.0	0.025
ACVR2B	Q13705	True	AVR2B_HUMAN	ACVR_1C2B_receptor	CPI-CC00485C63D	ACVR2B	0.007	0.0	0.0	0.0	0.0	0.0	0.0	0.025	0.0	0.0	0.0	0.0	0.0	0.0	0.0	0.182	0.0	0.072	0.0	0.0	0.025	0.0	0.0	0.0	0.0	0.009	0.0	0.0	0.074	0.0	0.0	0.025
ACVR2B	Q13705	True	AVR2B_HUMAN	ACVR_1C2B_receptor	CPI-SC020B01F65	ACVR2B	0.007	0.0	0.0	0.0	0.0	0.0	0.0	0.025	0.0	0.0	0.0	0.0	0.0	0.0	0.0	0.182	0.0	0.072	0.0	0.0	0.025	0.0	0.0	0.0	0.0	0.009	0.0	0.0	0.074	0.0	0.0	0.025
ACVR2B	Q13705	True	AVR2B_HUMAN	ACVR_1C2B_receptor	CPI-CC0C1E0C4B7	ACVR2B	0.007	0.0	0.0	0.0	0.0	0.0	0.0	0.025	0.0	0.0	0.0	0.0	0.0	0.0	0.0	0.182	0.0	0.072	0.0	0.0	0.025	0.0	0.0	0.0	0.0	0.009	0.0	0.0	0.074	0.0	0.0	0.025
ACVR2B	Q13705	True	AVR2B_HUMAN	ACVR_1C2B_receptor	CPI-CC0E62974F4	ACVR2B	0.007	0.0	0.0	0.0	0.0	0.0	0.0	0.025	0.0	0.0	0.0	0.0	0.0	0.0	0.0	0.182	0.0	0.072	0.0	0.0	0.025	0.0	0.0	0.0	0.0	0.009	0.0	0.0	0.074	0.0	0.0	0.025
BMPR1A	P36894	True	BMR1A_HUMAN	BMPR1A_BMPR2	CPI-SC070B9F112	BMPR1A	0.047	0.12	0.0	0.028	0.0	0.141	0.225	0.0	0.021	0.0	0.027	0.151	0.436	0.36	0.541	0.427	0.0	0.038	0.0	0.0	0.09	0.11	0.095	0.086	0.0	0.102	0.012	0.088	0.051	0.0	0.012	0.081
BMPR1A	P36894	True	BMR1A_HUMAN	BMPR1A_BMPR2	CPI-SC0915DDE22	BMPR1A	0.047	0.12	0.0	0.028	0.0	0.141	0.225	0.0	0.021	0.0	0.027	0.151	0.436	0.36	0.541	0.427	0.0	0.038	0.0	0.0	0.09	0.11	0.095	0.086	0.0	0.102	0.012	0.088	0.051	0.0	0.012	0.081
BMPR1A	P36894	True	BMR1A_HUMAN	BMPR1A_BMPR2	CPI-SC0B1EBCCC6	BMPR1A	0.047	0.12	0.0	0.028	0.0	0.141	0.225	0.0	0.021	0.0	0.027	0.151	0.436	0.36	0.541	0.427	0.0	0.038	0.0	0.0	0.09	0.11	0.095	0.086	0.0	0.102	0.012	0.088	0.051	0.0	0.012	0.081
BMPR1A	P36894	True	BMR1A_HUMAN	BMPR1A_BMPR2	CPI-SC0A1278CD8	BMPR1A	0.047	0.12	0.0	0.028	0.0	0.141	0.225	0.0	0.021	0.0	0.027	0.151	0.436	0.36	0.541	0.427	0.0	0.038	0.0	0.0	0.09	0.11	0.095	0.086	0.0	0.102	0.012	0.088	0.051	0.0	0.012	0.081
BMPR2	Q13873	True	BMPR2_HUMAN	BMPR1A_BMPR2	CPI-SC070B9F112	BMPR2	0.047	0.12	0.0	0.028	0.0	0.141	0.225	0.0	0.021	0.0	0.027	0.151	0.436	0.36	0.541	0.427	0.0	0.038	0.0	0.0	0.09	0.11	0.095	0.086	0.0	0.102	0.012	0.088	0.051	0.0	0.012	0.081
BMPR2	Q13873	True	BMPR2_HUMAN	BMPR1A_BMPR2	CPI-SC0915DDE22	BMPR2	0.047	0.12	0.0	0.028	0.0	0.141	0.225	0.0	0.021	0.0	0.027	0.151	0.436	0.36	0.541	0.427	0.0	0.038	0.0	0.0	0.09	0.11	0.095	0.086	0.0	0.102	0.012	0.088	0.051	0.0	0.012	0.081
BMPR2	Q13873	True	BMPR2_HUMAN	BMPR1A_BMPR2	CPI-SC0B1EBCCC6	BMPR2	0.047	0.12	0.0	0.028	0.0	0.141	0.225	0.0	0.021	0.0	0.027	0.151	0.436	0.36	0.541	0.427	0.0	0.038	0.0	0.0	0.09	0.11	0.095	0.086	0.0	0.102	0.012	0.088	0.051	0.0	0.012	0.081
BMPR2	Q13873	True	BMPR2_HUMAN	BMPR1A_BMPR2	CPI-SC0A1278CD8	BMPR2	0.047	0.12	0.0	0.028	0.0	0.141	0.225	0.0	0.021	0.0	0.027	0.151	0.436	0.36	0.541	0.427	0.0	0.038	0.0	0.0	0.09	0.11	0.095	0.086	0.0	0.102	0.012	0.088	0.051	0.0	0.012	0.081
BMPR1A	P36894	True	BMR1A_HUMAN	BMR1A_ACR2A	CPI-SC0464F1C6E	BMPR1A	0.047	0.12	0.0	0.028	0.0	0.141	0.201	0.0	0.021	0.0	0.027	0.151	0.559	0.36	0.541	0.738	0.0	0.038	0.0	0.0	0.09	0.11	0.095	0.086	0.0	0.102	0.012	0.088	0.051	0.0	0.012	0.081
BMPR1A	P36894	True	BMR1A_HUMAN	BMR1A_ACR2A	CPI-SC052486D3E	BMPR1A	0.047	0.12	0.0	0.028	0.0	0.141	0.201	0.0	0.021	0.0	0.027	0.151	0.559	0.36	0.541	0.738	0.0	0.038	0.0	0.0	0.09	0.11	0.095	0.086	0.0	0.102	0.012	0.088	0.051	0.0	0.012	0.081
BMPR1A	P36894	True	BMR1A_HUMAN	BMR1A_ACR2A	CPI-SC0BACF0481	BMPR1A	0.047	0.12	0.0	0.028	0.0	0.141	0.201	0.0	0.021	0.0	0.027	0.151	0.559	0.36	0.541	0.738	0.0	0.038	0.0	0.0	0.09	0.11	0.095	0.086	0.0	0.102	0.012	0.088	0.051	0.0	0.012	0.081
BMPR1A	P36894	True	BMR1A_HUMAN	BMR1A_ACR2A	CPI-SC061191F76	BMPR1A	0.047	0.12	0.0	0.028	0.0	0.141	0.201	0.0	0.021	0.0	0.027	0.151	0.559	0.36	0.541	0.738	0.0	0.038	0.0	0.0	0.09	0.11	0.095	0.086	0.0	0.102	0.012	0.088	0.051	0.0	0.012	0.081
BMPR1A	P36894	True	BMR1A_HUMAN	BMR1A_ACR2A	CPI-SC08FDDEC16	BMPR1A	0.047	0.12	0.0	0.028	0.0	0.141	0.201	0.0	0.021	0.0	0.027	0.151	0.559	0.36	0.541	0.738	0.0	0.038	0.0	0.0	0.09	0.11	0.095	0.086	0.0	0.102	0.012	0.088	0.051	0.0	0.012	0.081
ACVR2A	P27037	True	AVR2A_HUMAN	BMR1A_ACR2A	CPI-SC0464F1C6E	ACVR2A	0.047	0.12	0.0	0.028	0.0	0.141	0.201	0.0	0.021	0.0	0.027	0.151	0.559	0.36	0.541	0.738	0.0	0.038	0.0	0.0	0.09	0.11	0.095	0.086	0.0	0.102	0.012	0.088	0.051	0.0	0.012	0.081
ACVR2A	P27037	True	AVR2A_HUMAN	BMR1A_ACR2A	CPI-SC052486D3E	ACVR2A	0.047	0.12	0.0	0.028	0.0	0.141	0.201	0.0	0.021	0.0	0.027	0.151	0.559	0.36	0.541	0.738	0.0	0.038	0.0	0.0	0.09	0.11	0.095	0.086	0.0	0.102	0.012	0.088	0.051	0.0	0.012	0.081
ACVR2A	P27037	True	AVR2A_HUMAN	BMR1A_ACR2A	CPI-SC0BACF0481	ACVR2A	0.047	0.12	0.0	0.028	0.0	0.141	0.201	0.0	0.021	0.0	0.027	0.151	0.559	0.36	0.541	0.738	0.0	0.038	0.0	0.0	0.09	0.11	0.095	0.086	0.0	0.102	0.012	0.088	0.051	0.0	0.012	0.081
ACVR2A	P27037	True	AVR2A_HUMAN	BMR1A_ACR2A	CPI-SC061191F76	ACVR2A	0.047	0.12	0.0	0.028	0.0	0.141	0.201	0.0	0.021	0.0	0.027	0.151	0.559	0.36	0.541	0.738	0.0	0.038	0.0	0.0	0.09	0.11	0.095	0.086	0.0	0.102	0.012	0.088	0.051	0.0	0.012	0.081
ACVR2A	P27037	True	AVR2A_HUMAN	BMR1A_ACR2A	CPI-SC08FDDEC16	ACVR2A	0.047	0.12	0.0	0.028	0.0	0.141	0.201	0.0	0.021	0.0	0.027	0.151	0.559	0.36	0.541	0.738	0.0	0.038	0.0	0.0	0.09	0.11	0.095	0.086	0.0	0.102	0.012	0.088	0.051	0.0	0.012	0.081
BMPR1A	P36894	True	BMR1A_HUMAN	BMR1A_AVR2B	CPI-SC04266947A	BMPR1A	0.047	0.12	0.0	0.028	0.0	0.113	0.059	0.0	0.021	0.0	0.027	0.028	0.109	0.157	0.259	0.182	0.0	0.038	0.0	0.0	0.09	0.11	0.095	0.086	0.0	0.102	0.012	0.088	0.051	0.0	0.012	0.081
BMPR1A	P36894	True	BMR1A_HUMAN	BMR1A_AVR2B	CPI-SC01D95B14C	BMPR1A	0.047	0.12	0.0	0.028	0.0	0.113	0.059	0.0	0.021	0.0	0.027	0.028	0.109	0.157	0.259	0.182	0.0	0.038	0.0	0.0	0.09	0.11	0.095	0.086	0.0	0.102	0.012	0.088	0.051	0.0	0.012	0.081
BMPR1A	P36894	True	BMR1A_HUMAN	BMR1A_AVR2B	CPI-SC049520B40	BMPR1A	0.047	0.12	0.0	0.028	0.0	0.113	0.059	0.0	0.021	0.0	0.027	0.028	0.109	0.157	0.259	0.182	0.0	0.038	0.0	0.0	0.09	0.11	0.095	0.086	0.0	0.102	0.012	0.088	0.051	0.0	0.012	0.081
BMPR1A	P36894	True	BMR1A_HUMAN	BMR1A_AVR2B	CPI-SC02AACC81C	BMPR1A	0.047	0.12	0.0	0.028	0.0	0.113	0.059	0.0	0.021	0.0	0.027	0.028	0.109	0.157	0.259	0.182	0.0	0.038	0.0	0.0	0.09	0.11	0.095	0.086	0.0	0.102	0.012	0.088	0.051	0.0	0.012	0.081
BMPR1A	P36894	True	BMR1A_HUMAN	BMR1A_AVR2B	CPI-SC02B778C0B	BMPR1A	0.047	0.12	0.0	0.028	0.0	0.113	0.059	0.0	0.021	0.0	0.027	0.028	0.109	0.157	0.259	0.182	0.0	0.038	0.0	0.0	0.09	0.11	0.095	0.086	0.0	0.102	0.012	0.088	0.051	0.0	0.012	0.081
ACVR2B	Q13705	True	AVR2B_HUMAN	BMR1A_AVR2B	CPI-SC04266947A	ACVR2B	0.047	0.12	0.0	0.028	0.0	0.113	0.059	0.0	0.021	0.0	0.027	0.028	0.109	0.157	0.259	0.182	0.0	0.038	0.0	0.0	0.09	0.11	0.095	0.086	0.0	0.102	0.012	0.088	0.051	0.0	0.012	0.081
ACVR2B	Q13705	True	AVR2B_HUMAN	BMR1A_AVR2B	CPI-SC01D95B14C	ACVR2B	0.047	0.12	0.0	0.028	0.0	0.113	0.059	0.0	0.021	0.0	0.027	0.028	0.109	0.157	0.259	0.182	0.0	0.038	0.0	0.0	0.09	0.11	0.095	0.086	0.0	0.102	0.012	0.088	0.051	0.0	0.012	0.081
ACVR2B	Q13705	True	AVR2B_HUMAN	BMR1A_AVR2B	CPI-SC049520B40	ACVR2B	0.047	0.12	0.0	0.028	0.0	0.113	0.059	0.0	0.021	0.0	0.027	0.028	0.109	0.157	0.259	0.182	0.0	0.038	0.0	0.0	0.09	0.11	0.095	0.086	0.0	0.102	0.012	0.088	0.051	0.0	0.012	0.081
ACVR2B	Q13705	True	AVR2B_HUMAN	BMR1A_AVR2B	CPI-SC02AACC81C	ACVR2B	0.047	0.12	0.0	0.028	0.0	0.113	0.059	0.0	0.021	0.0	0.027	0.028	0.109	0.157	0.259	0.182	0.0	0.038	0.0	0.0	0.09	0.11	0.095	0.086	0.0	0.102	0.012	0.088	0.051	0.0	0.012	0.081
ACVR2B	Q13705	True	AVR2B_HUMAN	BMR1A_AVR2B	CPI-SC02B778C0B	ACVR2B	0.047	0.12	0.0	0.028	0.0	0.113	0.059	0.0	0.021	0.0	0.027	0.028	0.109	0.157	0.259	0.182	0.0	0.038	0.0	0.0	0.09	0.11	0.095	0.086	0.0	0.102	0.012	0.088	0.051	0.0	0.012	0.081
RYK	P34925	True	RYK_HUMAN	FDZ8_RYK	CPI-SC03947D5B8	RYK	0.007	0.0	0.0	0.0	0.0	0.069	0.037	0.0	0.0	0.0	0.0	0.052	0.0	0.177	0.0	0.0	0.0	0.0	0.0	0.0	0.042	0.047	0.0	0.0	0.0	0.019	0.0	0.017	0.023	0.0	0.039	0.0
RYK	P34925	True	RYK_HUMAN	FDZ8_RYK	CPI-SC0CF9E0563	RYK	0.007	0.0	0.0	0.0	0.0	0.069	0.037	0.0	0.0	0.0	0.0	0.052	0.0	0.177	0.0	0.0	0.0	0.0	0.0	0.0	0.042	0.047	0.0	0.0	0.0	0.019	0.0	0.017	0.023	0.0	0.039	0.0
RYK	P34925	True	RYK_HUMAN	FDZ8_RYK	CPI-SC03686CF16	RYK	0.007	0.0	0.0	0.0	0.0	0.069	0.037	0.0	0.0	0.0	0.0	0.052	0.0	0.177	0.0	0.0	0.0	0.0	0.0	0.0	0.042	0.047	0.0	0.0	0.0	0.019	0.0	0.017	0.023	0.0	0.039	0.0
FZD8	Q9H461	True	FZD8_HUMAN	FDZ8_RYK	CPI-SC03947D5B8	FZD8	0.007	0.0	0.0	0.0	0.0	0.069	0.037	0.0	0.0	0.0	0.0	0.052	0.0	0.177	0.0	0.0	0.0	0.0	0.0	0.0	0.042	0.047	0.0	0.0	0.0	0.019	0.0	0.017	0.023	0.0	0.039	0.0
FZD8	Q9H461	True	FZD8_HUMAN	FDZ8_RYK	CPI-SC0CF9E0563	FZD8	0.007	0.0	0.0	0.0	0.0	0.069	0.037	0.0	0.0	0.0	0.0	0.052	0.0	0.177	0.0	0.0	0.0	0.0	0.0	0.0	0.042	0.047	0.0	0.0	0.0	0.019	0.0	0.017	0.023	0.0	0.039	0.0
FZD8	Q9H461	True	FZD8_HUMAN	FDZ8_RYK	CPI-SC03686CF16	FZD8	0.007	0.0	0.0	0.0	0.0	0.069	0.037	0.0	0.0	0.0	0.0	0.052	0.0	0.177	0.0	0.0	0.0	0.0	0.0	0.0	0.042	0.047	0.0	0.0	0.0	0.019	0.0	0.017	0.023	0.0	0.039	0.0
FLT1	P17948	True	VGFR1_HUMAN	FLT1_complex	CPI-SC0B51DC960	FLT1	0.004	0.0	0.0	0.0	0.0	0.0	0.0	0.0	0.0	0.0	0.0	0.0	0.0	0.0	0.0	0.0	0.0	0.0	0.0	0.0	0.0	0.0	0.0	0.0	0.0	0.0	0.0	0.0	0.0	0.0	0.0	0.0
FLT1	P17948	True	VGFR1_HUMAN	FLT1_complex	CPI-SC0AFC650CD	FLT1	0.004	0.0	0.0	0.0	0.0	0.0	0.0	0.0	0.0	0.0	0.0	0.0	0.0	0.0	0.0	0.0	0.0	0.0	0.0	0.0	0.0	0.0	0.0	0.0	0.0	0.0	0.0	0.0	0.0	0.0	0.0	0.0
KDR	P35968	True	VGFR2_HUMAN	FLT1_complex	CPI-SC0B51DC960	KDR	0.004	0.0	0.0	0.0	0.0	0.0	0.0	0.0	0.0	0.0	0.0	0.0	0.0	0.0	0.0	0.0	0.0	0.0	0.0	0.0	0.0	0.0	0.0	0.0	0.0	0.0	0.0	0.0	0.0	0.0	0.0	0.0
KDR	P35968	True	VGFR2_HUMAN	FLT1_complex	CPI-SC0AFC650CD	KDR	0.004	0.0	0.0	0.0	0.0	0.0	0.0	0.0	0.0	0.0	0.0	0.0	0.0	0.0	0.0	0.0	0.0	0.0	0.0	0.0	0.0	0.0	0.0	0.0	0.0	0.0	0.0	0.0	0.0	0.0	0.0	0.0
LRP5	O75197	True	LRP5_HUMAN	FZD10_LRP5	CPI-SC095AB303B	LRP5	0.028	0.0	0.0	0.0	0.0	0.073	0.0	0.102	0.099	0.0	0.0	0.114	0.455	0.0	0.058	0.688	0.0	0.0	0.0	0.0	0.074	0.0	0.0	0.086	0.0	0.012	0.05	0.031	0.0	0.0	0.01	0.041
LRP5	O75197	True	LRP5_HUMAN	FZD10_LRP5	CPI-SC07B7E6361	LRP5	0.028	0.0	0.0	0.0	0.0	0.073	0.0	0.102	0.099	0.0	0.0	0.114	0.455	0.0	0.058	0.688	0.0	0.0	0.0	0.0	0.074	0.0	0.0	0.086	0.0	0.012	0.05	0.031	0.0	0.0	0.01	0.041
LRP5	O75197	True	LRP5_HUMAN	FZD10_LRP5	CPI-SC0A49C6C7E	LRP5	0.028	0.0	0.0	0.0	0.0	0.073	0.0	0.102	0.099	0.0	0.0	0.114	0.455	0.0	0.058	0.688	0.0	0.0	0.0	0.0	0.074	0.0	0.0	0.086	0.0	0.012	0.05	0.031	0.0	0.0	0.01	0.041
LRP5	O75197	True	LRP5_HUMAN	FZD10_LRP5	CPI-SC00BD4551E	LRP5	0.028	0.0	0.0	0.0	0.0	0.073	0.0	0.102	0.099	0.0	0.0	0.114	0.455	0.0	0.058	0.688	0.0	0.0	0.0	0.0	0.074	0.0	0.0	0.086	0.0	0.012	0.05	0.031	0.0	0.0	0.01	0.041
LRP5	O75197	True	LRP5_HUMAN	FZD10_LRP5	CPI-SC0A81AF307	LRP5	0.028	0.0	0.0	0.0	0.0	0.073	0.0	0.102	0.099	0.0	0.0	0.114	0.455	0.0	0.058	0.688	0.0	0.0	0.0	0.0	0.074	0.0	0.0	0.086	0.0	0.012	0.05	0.031	0.0	0.0	0.01	0.041
LRP5	O75197	True	LRP5_HUMAN	FZD10_LRP5	CPI-SC050F278B4	LRP5	0.028	0.0	0.0	0.0	0.0	0.073	0.0	0.102	0.099	0.0	0.0	0.114	0.455	0.0	0.058	0.688	0.0	0.0	0.0	0.0	0.074	0.0	0.0	0.086	0.0	0.012	0.05	0.031	0.0	0.0	0.01	0.041
LRP5	O75197	True	LRP5_HUMAN	FZD10_LRP5	CPI-SC051E1E7D7	LRP5	0.028	0.0	0.0	0.0	0.0	0.073	0.0	0.102	0.099	0.0	0.0	0.114	0.455	0.0	0.058	0.688	0.0	0.0	0.0	0.0	0.074	0.0	0.0	0.086	0.0	0.012	0.05	0.031	0.0	0.0	0.01	0.041
LRP5	O75197	True	LRP5_HUMAN	FZD10_LRP5	CPI-SC0B18D6471	LRP5	0.028	0.0	0.0	0.0	0.0	0.073	0.0	0.102	0.099	0.0	0.0	0.114	0.455	0.0	0.058	0.688	0.0	0.0	0.0	0.0	0.074	0.0	0.0	0.086	0.0	0.012	0.05	0.031	0.0	0.0	0.01	0.041
LRP5	O75197	True	LRP5_HUMAN	FZD10_LRP5	CPI-SC0E713417E	LRP5	0.028	0.0	0.0	0.0	0.0	0.073	0.0	0.102	0.099	0.0	0.0	0.114	0.455	0.0	0.058	0.688	0.0	0.0	0.0	0.0	0.074	0.0	0.0	0.086	0.0	0.012	0.05	0.031	0.0	0.0	0.01	0.041
LRP5	O75197	True	LRP5_HUMAN	FZD10_LRP5	CPI-SC0EB5D8E44	LRP5	0.028	0.0	0.0	0.0	0.0	0.073	0.0	0.102	0.099	0.0	0.0	0.114	0.455	0.0	0.058	0.688	0.0	0.0	0.0	0.0	0.074	0.0	0.0	0.086	0.0	0.012	0.05	0.031	0.0	0.0	0.01	0.041
LRP5	O75197	True	LRP5_HUMAN	FZD10_LRP5	CPI-SC01EBF0CE9	LRP5	0.028	0.0	0.0	0.0	0.0	0.073	0.0	0.102	0.099	0.0	0.0	0.114	0.455	0.0	0.058	0.688	0.0	0.0	0.0	0.0	0.074	0.0	0.0	0.086	0.0	0.012	0.05	0.031	0.0	0.0	0.01	0.041
LRP5	O75197	True	LRP5_HUMAN	FZD10_LRP5	CPI-SC0E5BBC28B	LRP5	0.028	0.0	0.0	0.0	0.0	0.073	0.0	0.102	0.099	0.0	0.0	0.114	0.455	0.0	0.058	0.688	0.0	0.0	0.0	0.0	0.074	0.0	0.0	0.086	0.0	0.012	0.05	0.031	0.0	0.0	0.01	0.041
LRP5	O75197	True	LRP5_HUMAN	FZD10_LRP5	CPI-SC090AC04CE	LRP5	0.028	0.0	0.0	0.0	0.0	0.073	0.0	0.102	0.099	0.0	0.0	0.114	0.455	0.0	0.058	0.688	0.0	0.0	0.0	0.0	0.074	0.0	0.0	0.086	0.0	0.012	0.05	0.031	0.0	0.0	0.01	0.041
LRP5	O75197	True	LRP5_HUMAN	FZD10_LRP5	CPI-SC0C644006E	LRP5	0.028	0.0	0.0	0.0	0.0	0.073	0.0	0.102	0.099	0.0	0.0	0.114	0.455	0.0	0.058	0.688	0.0	0.0	0.0	0.0	0.074	0.0	0.0	0.086	0.0	0.012	0.05	0.031	0.0	0.0	0.01	0.041
LRP5	O75197	True	LRP5_HUMAN	FZD10_LRP5	CPI-SC094C611B7	LRP5	0.028	0.0	0.0	0.0	0.0	0.073	0.0	0.102	0.099	0.0	0.0	0.114	0.455	0.0	0.058	0.688	0.0	0.0	0.0	0.0	0.074	0.0	0.0	0.086	0.0	0.012	0.05	0.031	0.0	0.0	0.01	0.041
FZD10	Q9ULW2	True	FZD10_HUMAN	FZD10_LRP5	CPI-SC095AB303B	FZD10	0.028	0.0	0.0	0.0	0.0	0.073	0.0	0.102	0.099	0.0	0.0	0.114	0.455	0.0	0.058	0.688	0.0	0.0	0.0	0.0	0.074	0.0	0.0	0.086	0.0	0.012	0.05	0.031	0.0	0.0	0.01	0.041
FZD10	Q9ULW2	True	FZD10_HUMAN	FZD10_LRP5	CPI-SC07B7E6361	FZD10	0.028	0.0	0.0	0.0	0.0	0.073	0.0	0.102	0.099	0.0	0.0	0.114	0.455	0.0	0.058	0.688	0.0	0.0	0.0	0.0	0.074	0.0	0.0	0.086	0.0	0.012	0.05	0.031	0.0	0.0	0.01	0.041
FZD10	Q9ULW2	True	FZD10_HUMAN	FZD10_LRP5	CPI-SC0A49C6C7E	FZD10	0.028	0.0	0.0	0.0	0.0	0.073	0.0	0.102	0.099	0.0	0.0	0.114	0.455	0.0	0.058	0.688	0.0	0.0	0.0	0.0	0.074	0.0	0.0	0.086	0.0	0.012	0.05	0.031	0.0	0.0	0.01	0.041
FZD10	Q9ULW2	True	FZD10_HUMAN	FZD10_LRP5	CPI-SC00BD4551E	FZD10	0.028	0.0	0.0	0.0	0.0	0.073	0.0	0.102	0.099	0.0	0.0	0.114	0.455	0.0	0.058	0.688	0.0	0.0	0.0	0.0	0.074	0.0	0.0	0.086	0.0	0.012	0.05	0.031	0.0	0.0	0.01	0.041
FZD10	Q9ULW2	True	FZD10_HUMAN	FZD10_LRP5	CPI-SC0A81AF307	FZD10	0.028	0.0	0.0	0.0	0.0	0.073	0.0	0.102	0.099	0.0	0.0	0.114	0.455	0.0	0.058	0.688	0.0	0.0	0.0	0.0	0.074	0.0	0.0	0.086	0.0	0.012	0.05	0.031	0.0	0.0	0.01	0.041
FZD10	Q9ULW2	True	FZD10_HUMAN	FZD10_LRP5	CPI-SC050F278B4	FZD10	0.028	0.0	0.0	0.0	0.0	0.073	0.0	0.102	0.099	0.0	0.0	0.114	0.455	0.0	0.058	0.688	0.0	0.0	0.0	0.0	0.074	0.0	0.0	0.086	0.0	0.012	0.05	0.031	0.0	0.0	0.01	0.041
FZD10	Q9ULW2	True	FZD10_HUMAN	FZD10_LRP5	CPI-SC051E1E7D7	FZD10	0.028	0.0	0.0	0.0	0.0	0.073	0.0	0.102	0.099	0.0	0.0	0.114	0.455	0.0	0.058	0.688	0.0	0.0	0.0	0.0	0.074	0.0	0.0	0.086	0.0	0.012	0.05	0.031	0.0	0.0	0.01	0.041
FZD10	Q9ULW2	True	FZD10_HUMAN	FZD10_LRP5	CPI-SC0B18D6471	FZD10	0.028	0.0	0.0	0.0	0.0	0.073	0.0	0.102	0.099	0.0	0.0	0.114	0.455	0.0	0.058	0.688	0.0	0.0	0.0	0.0	0.074	0.0	0.0	0.086	0.0	0.012	0.05	0.031	0.0	0.0	0.01	0.041
FZD10	Q9ULW2	True	FZD10_HUMAN	FZD10_LRP5	CPI-SC0E713417E	FZD10	0.028	0.0	0.0	0.0	0.0	0.073	0.0	0.102	0.099	0.0	0.0	0.114	0.455	0.0	0.058	0.688	0.0	0.0	0.0	0.0	0.074	0.0	0.0	0.086	0.0	0.012	0.05	0.031	0.0	0.0	0.01	0.041
FZD10	Q9ULW2	True	FZD10_HUMAN	FZD10_LRP5	CPI-SC0EB5D8E44	FZD10	0.028	0.0	0.0	0.0	0.0	0.073	0.0	0.102	0.099	0.0	0.0	0.114	0.455	0.0	0.058	0.688	0.0	0.0	0.0	0.0	0.074	0.0	0.0	0.086	0.0	0.012	0.05	0.031	0.0	0.0	0.01	0.041
FZD10	Q9ULW2	True	FZD10_HUMAN	FZD10_LRP5	CPI-SC01EBF0CE9	FZD10	0.028	0.0	0.0	0.0	0.0	0.073	0.0	0.102	0.099	0.0	0.0	0.114	0.455	0.0	0.058	0.688	0.0	0.0	0.0	0.0	0.074	0.0	0.0	0.086	0.0	0.012	0.05	0.031	0.0	0.0	0.01	0.041
FZD10	Q9ULW2	True	FZD10_HUMAN	FZD10_LRP5	CPI-SC0E5BBC28B	FZD10	0.028	0.0	0.0	0.0	0.0	0.073	0.0	0.102	0.099	0.0	0.0	0.114	0.455	0.0	0.058	0.688	0.0	0.0	0.0	0.0	0.074	0.0	0.0	0.086	0.0	0.012	0.05	0.031	0.0	0.0	0.01	0.041
FZD10	Q9ULW2	True	FZD10_HUMAN	FZD10_LRP5	CPI-SC090AC04CE	FZD10	0.028	0.0	0.0	0.0	0.0	0.073	0.0	0.102	0.099	0.0	0.0	0.114	0.455	0.0	0.058	0.688	0.0	0.0	0.0	0.0	0.074	0.0	0.0	0.086	0.0	0.012	0.05	0.031	0.0	0.0	0.01	0.041
FZD10	Q9ULW2	True	FZD10_HUMAN	FZD10_LRP5	CPI-SC0C644006E	FZD10	0.028	0.0	0.0	0.0	0.0	0.073	0.0	0.102	0.099	0.0	0.0	0.114	0.455	0.0	0.058	0.688	0.0	0.0	0.0	0.0	0.074	0.0	0.0	0.086	0.0	0.012	0.05	0.031	0.0	0.0	0.01	0.041
FZD10	Q9ULW2	True	FZD10_HUMAN	FZD10_LRP5	CPI-SC094C611B7	FZD10	0.028	0.0	0.0	0.0	0.0	0.073	0.0	0.102	0.099	0.0	0.0	0.114	0.455	0.0	0.058	0.688	0.0	0.0	0.0	0.0	0.074	0.0	0.0	0.086	0.0	0.012	0.05	0.031	0.0	0.0	0.01	0.041
LRP6	O75581	True	LRP6_HUMAN	FZD10_LRP6	CPI-SC0DAEAA93B	LRP6	0.028	0.0	0.0	0.0	0.0	0.073	0.0	0.109	0.099	0.0	0.0	0.114	0.363	0.0	0.058	0.179	0.0	0.0	0.0	0.0	0.074	0.0	0.0	0.086	0.0	0.012	0.05	0.031	0.0	0.0	0.01	0.041
LRP6	O75581	True	LRP6_HUMAN	FZD10_LRP6	CPI-SC00A8BC9AA	LRP6	0.028	0.0	0.0	0.0	0.0	0.073	0.0	0.109	0.099	0.0	0.0	0.114	0.363	0.0	0.058	0.179	0.0	0.0	0.0	0.0	0.074	0.0	0.0	0.086	0.0	0.012	0.05	0.031	0.0	0.0	0.01	0.041
LRP6	O75581	True	LRP6_HUMAN	FZD10_LRP6	CPI-SC00A87321E	LRP6	0.028	0.0	0.0	0.0	0.0	0.073	0.0	0.109	0.099	0.0	0.0	0.114	0.363	0.0	0.058	0.179	0.0	0.0	0.0	0.0	0.074	0.0	0.0	0.086	0.0	0.012	0.05	0.031	0.0	0.0	0.01	0.041
LRP6	O75581	True	LRP6_HUMAN	FZD10_LRP6	CPI-SC0FDB82036	LRP6	0.028	0.0	0.0	0.0	0.0	0.073	0.0	0.109	0.099	0.0	0.0	0.114	0.363	0.0	0.058	0.179	0.0	0.0	0.0	0.0	0.074	0.0	0.0	0.086	0.0	0.012	0.05	0.031	0.0	0.0	0.01	0.041
LRP6	O75581	True	LRP6_HUMAN	FZD10_LRP6	CPI-SC07B51ACC4	LRP6	0.028	0.0	0.0	0.0	0.0	0.073	0.0	0.109	0.099	0.0	0.0	0.114	0.363	0.0	0.058	0.179	0.0	0.0	0.0	0.0	0.074	0.0	0.0	0.086	0.0	0.012	0.05	0.031	0.0	0.0	0.01	0.041
LRP6	O75581	True	LRP6_HUMAN	FZD10_LRP6	CPI-SC07AB82EAB	LRP6	0.028	0.0	0.0	0.0	0.0	0.073	0.0	0.109	0.099	0.0	0.0	0.114	0.363	0.0	0.058	0.179	0.0	0.0	0.0	0.0	0.074	0.0	0.0	0.086	0.0	0.012	0.05	0.031	0.0	0.0	0.01	0.041
LRP6	O75581	True	LRP6_HUMAN	FZD10_LRP6	CPI-SC0114AE598	LRP6	0.028	0.0	0.0	0.0	0.0	0.073	0.0	0.109	0.099	0.0	0.0	0.114	0.363	0.0	0.058	0.179	0.0	0.0	0.0	0.0	0.074	0.0	0.0	0.086	0.0	0.012	0.05	0.031	0.0	0.0	0.01	0.041
LRP6	O75581	True	LRP6_HUMAN	FZD10_LRP6	CPI-SC07FD56C95	LRP6	0.028	0.0	0.0	0.0	0.0	0.073	0.0	0.109	0.099	0.0	0.0	0.114	0.363	0.0	0.058	0.179	0.0	0.0	0.0	0.0	0.074	0.0	0.0	0.086	0.0	0.012	0.05	0.031	0.0	0.0	0.01	0.041
LRP6	O75581	True	LRP6_HUMAN	FZD10_LRP6	CPI-SC09AD2A6B8	LRP6	0.028	0.0	0.0	0.0	0.0	0.073	0.0	0.109	0.099	0.0	0.0	0.114	0.363	0.0	0.058	0.179	0.0	0.0	0.0	0.0	0.074	0.0	0.0	0.086	0.0	0.012	0.05	0.031	0.0	0.0	0.01	0.041
LRP6	O75581	True	LRP6_HUMAN	FZD10_LRP6	CPI-SC0D19712B9	LRP6	0.028	0.0	0.0	0.0	0.0	0.073	0.0	0.109	0.099	0.0	0.0	0.114	0.363	0.0	0.058	0.179	0.0	0.0	0.0	0.0	0.074	0.0	0.0	0.086	0.0	0.012	0.05	0.031	0.0	0.0	0.01	0.041
LRP6	O75581	True	LRP6_HUMAN	FZD10_LRP6	CPI-SC0DD16A7D0	LRP6	0.028	0.0	0.0	0.0	0.0	0.073	0.0	0.109	0.099	0.0	0.0	0.114	0.363	0.0	0.058	0.179	0.0	0.0	0.0	0.0	0.074	0.0	0.0	0.086	0.0	0.012	0.05	0.031	0.0	0.0	0.01	0.041
LRP6	O75581	True	LRP6_HUMAN	FZD10_LRP6	CPI-SC028E64C95	LRP6	0.028	0.0	0.0	0.0	0.0	0.073	0.0	0.109	0.099	0.0	0.0	0.114	0.363	0.0	0.058	0.179	0.0	0.0	0.0	0.0	0.074	0.0	0.0	0.086	0.0	0.012	0.05	0.031	0.0	0.0	0.01	0.041
LRP6	O75581	True	LRP6_HUMAN	FZD10_LRP6	CPI-SC08BD68242	LRP6	0.028	0.0	0.0	0.0	0.0	0.073	0.0	0.109	0.099	0.0	0.0	0.114	0.363	0.0	0.058	0.179	0.0	0.0	0.0	0.0	0.074	0.0	0.0	0.086	0.0	0.012	0.05	0.031	0.0	0.0	0.01	0.041
LRP6	O75581	True	LRP6_HUMAN	FZD10_LRP6	CPI-SC01153EAC0	LRP6	0.028	0.0	0.0	0.0	0.0	0.073	0.0	0.109	0.099	0.0	0.0	0.114	0.363	0.0	0.058	0.179	0.0	0.0	0.0	0.0	0.074	0.0	0.0	0.086	0.0	0.012	0.05	0.031	0.0	0.0	0.01	0.041
LRP6	O75581	True	LRP6_HUMAN	FZD10_LRP6	CPI-SC0543729D1	LRP6	0.028	0.0	0.0	0.0	0.0	0.073	0.0	0.109	0.099	0.0	0.0	0.114	0.363	0.0	0.058	0.179	0.0	0.0	0.0	0.0	0.074	0.0	0.0	0.086	0.0	0.012	0.05	0.031	0.0	0.0	0.01	0.041
FZD10	Q9ULW2	True	FZD10_HUMAN	FZD10_LRP6	CPI-SC0DAEAA93B	FZD10	0.028	0.0	0.0	0.0	0.0	0.073	0.0	0.109	0.099	0.0	0.0	0.114	0.363	0.0	0.058	0.179	0.0	0.0	0.0	0.0	0.074	0.0	0.0	0.086	0.0	0.012	0.05	0.031	0.0	0.0	0.01	0.041
FZD10	Q9ULW2	True	FZD10_HUMAN	FZD10_LRP6	CPI-SC00A8BC9AA	FZD10	0.028	0.0	0.0	0.0	0.0	0.073	0.0	0.109	0.099	0.0	0.0	0.114	0.363	0.0	0.058	0.179	0.0	0.0	0.0	0.0	0.074	0.0	0.0	0.086	0.0	0.012	0.05	0.031	0.0	0.0	0.01	0.041
FZD10	Q9ULW2	True	FZD10_HUMAN	FZD10_LRP6	CPI-SC00A87321E	FZD10	0.028	0.0	0.0	0.0	0.0	0.073	0.0	0.109	0.099	0.0	0.0	0.114	0.363	0.0	0.058	0.179	0.0	0.0	0.0	0.0	0.074	0.0	0.0	0.086	0.0	0.012	0.05	0.031	0.0	0.0	0.01	0.041
FZD10	Q9ULW2	True	FZD10_HUMAN	FZD10_LRP6	CPI-SC0FDB82036	FZD10	0.028	0.0	0.0	0.0	0.0	0.073	0.0	0.109	0.099	0.0	0.0	0.114	0.363	0.0	0.058	0.179	0.0	0.0	0.0	0.0	0.074	0.0	0.0	0.086	0.0	0.012	0.05	0.031	0.0	0.0	0.01	0.041
FZD10	Q9ULW2	True	FZD10_HUMAN	FZD10_LRP6	CPI-SC07B51ACC4	FZD10	0.028	0.0	0.0	0.0	0.0	0.073	0.0	0.109	0.099	0.0	0.0	0.114	0.363	0.0	0.058	0.179	0.0	0.0	0.0	0.0	0.074	0.0	0.0	0.086	0.0	0.012	0.05	0.031	0.0	0.0	0.01	0.041
FZD10	Q9ULW2	True	FZD10_HUMAN	FZD10_LRP6	CPI-SC07AB82EAB	FZD10	0.028	0.0	0.0	0.0	0.0	0.073	0.0	0.109	0.099	0.0	0.0	0.114	0.363	0.0	0.058	0.179	0.0	0.0	0.0	0.0	0.074	0.0	0.0	0.086	0.0	0.012	0.05	0.031	0.0	0.0	0.01	0.041
FZD10	Q9ULW2	True	FZD10_HUMAN	FZD10_LRP6	CPI-SC0114AE598	FZD10	0.028	0.0	0.0	0.0	0.0	0.073	0.0	0.109	0.099	0.0	0.0	0.114	0.363	0.0	0.058	0.179	0.0	0.0	0.0	0.0	0.074	0.0	0.0	0.086	0.0	0.012	0.05	0.031	0.0	0.0	0.01	0.041
FZD10	Q9ULW2	True	FZD10_HUMAN	FZD10_LRP6	CPI-SC07FD56C95	FZD10	0.028	0.0	0.0	0.0	0.0	0.073	0.0	0.109	0.099	0.0	0.0	0.114	0.363	0.0	0.058	0.179	0.0	0.0	0.0	0.0	0.074	0.0	0.0	0.086	0.0	0.012	0.05	0.031	0.0	0.0	0.01	0.041
FZD10	Q9ULW2	True	FZD10_HUMAN	FZD10_LRP6	CPI-SC09AD2A6B8	FZD10	0.028	0.0	0.0	0.0	0.0	0.073	0.0	0.109	0.099	0.0	0.0	0.114	0.363	0.0	0.058	0.179	0.0	0.0	0.0	0.0	0.074	0.0	0.0	0.086	0.0	0.012	0.05	0.031	0.0	0.0	0.01	0.041
FZD10	Q9ULW2	True	FZD10_HUMAN	FZD10_LRP6	CPI-SC0D19712B9	FZD10	0.028	0.0	0.0	0.0	0.0	0.073	0.0	0.109	0.099	0.0	0.0	0.114	0.363	0.0	0.058	0.179	0.0	0.0	0.0	0.0	0.074	0.0	0.0	0.086	0.0	0.012	0.05	0.031	0.0	0.0	0.01	0.041
FZD10	Q9ULW2	True	FZD10_HUMAN	FZD10_LRP6	CPI-SC0DD16A7D0	FZD10	0.028	0.0	0.0	0.0	0.0	0.073	0.0	0.109	0.099	0.0	0.0	0.114	0.363	0.0	0.058	0.179	0.0	0.0	0.0	0.0	0.074	0.0	0.0	0.086	0.0	0.012	0.05	0.031	0.0	0.0	0.01	0.041
FZD10	Q9ULW2	True	FZD10_HUMAN	FZD10_LRP6	CPI-SC028E64C95	FZD10	0.028	0.0	0.0	0.0	0.0	0.073	0.0	0.109	0.099	0.0	0.0	0.114	0.363	0.0	0.058	0.179	0.0	0.0	0.0	0.0	0.074	0.0	0.0	0.086	0.0	0.012	0.05	0.031	0.0	0.0	0.01	0.041
FZD10	Q9ULW2	True	FZD10_HUMAN	FZD10_LRP6	CPI-SC08BD68242	FZD10	0.028	0.0	0.0	0.0	0.0	0.073	0.0	0.109	0.099	0.0	0.0	0.114	0.363	0.0	0.058	0.179	0.0	0.0	0.0	0.0	0.074	0.0	0.0	0.086	0.0	0.012	0.05	0.031	0.0	0.0	0.01	0.041
FZD10	Q9ULW2	True	FZD10_HUMAN	FZD10_LRP6	CPI-SC01153EAC0	FZD10	0.028	0.0	0.0	0.0	0.0	0.073	0.0	0.109	0.099	0.0	0.0	0.114	0.363	0.0	0.058	0.179	0.0	0.0	0.0	0.0	0.074	0.0	0.0	0.086	0.0	0.012	0.05	0.031	0.0	0.0	0.01	0.041
FZD10	Q9ULW2	True	FZD10_HUMAN	FZD10_LRP6	CPI-SC0543729D1	FZD10	0.028	0.0	0.0	0.0	0.0	0.073	0.0	0.109	0.099	0.0	0.0	0.114	0.363	0.0	0.058	0.179	0.0	0.0	0.0	0.0	0.074	0.0	0.0	0.086	0.0	0.012	0.05	0.031	0.0	0.0	0.01	0.041
LRP5	O75197	True	LRP5_HUMAN	FZD3_LRP5	CPI-SC0EFF2AFBD	LRP5	0.161	0.154	0.0	0.079	0.017	0.069	0.0	0.102	0.233	0.0	0.143	0.155	0.108	0.0	0.022	0.333	0.0	0.014	0.111	0.128	0.117	0.146	0.18	0.263	0.0	0.11	0.138	0.193	0.135	0.168	0.083	0.183
LRP5	O75197	True	LRP5_HUMAN	FZD3_LRP5	CPI-SC044BB9279	LRP5	0.161	0.154	0.0	0.079	0.017	0.069	0.0	0.102	0.233	0.0	0.143	0.155	0.108	0.0	0.022	0.333	0.0	0.014	0.111	0.128	0.117	0.146	0.18	0.263	0.0	0.11	0.138	0.193	0.135	0.168	0.083	0.183
LRP5	O75197	True	LRP5_HUMAN	FZD3_LRP5	CPI-SC0827E3502	LRP5	0.161	0.154	0.0	0.079	0.017	0.069	0.0	0.102	0.233	0.0	0.143	0.155	0.108	0.0	0.022	0.333	0.0	0.014	0.111	0.128	0.117	0.146	0.18	0.263	0.0	0.11	0.138	0.193	0.135	0.168	0.083	0.183
LRP5	O75197	True	LRP5_HUMAN	FZD3_LRP5	CPI-SC0B0BAF8DB	LRP5	0.161	0.154	0.0	0.079	0.017	0.069	0.0	0.102	0.233	0.0	0.143	0.155	0.108	0.0	0.022	0.333	0.0	0.014	0.111	0.128	0.117	0.146	0.18	0.263	0.0	0.11	0.138	0.193	0.135	0.168	0.083	0.183
LRP5	O75197	True	LRP5_HUMAN	FZD3_LRP5	CPI-SC0671450D5	LRP5	0.161	0.154	0.0	0.079	0.017	0.069	0.0	0.102	0.233	0.0	0.143	0.155	0.108	0.0	0.022	0.333	0.0	0.014	0.111	0.128	0.117	0.146	0.18	0.263	0.0	0.11	0.138	0.193	0.135	0.168	0.083	0.183
LRP5	O75197	True	LRP5_HUMAN	FZD3_LRP5	CPI-SC066A4E191	LRP5	0.161	0.154	0.0	0.079	0.017	0.069	0.0	0.102	0.233	0.0	0.143	0.155	0.108	0.0	0.022	0.333	0.0	0.014	0.111	0.128	0.117	0.146	0.18	0.263	0.0	0.11	0.138	0.193	0.135	0.168	0.083	0.183
LRP5	O75197	True	LRP5_HUMAN	FZD3_LRP5	CPI-SC03753E185	LRP5	0.161	0.154	0.0	0.079	0.017	0.069	0.0	0.102	0.233	0.0	0.143	0.155	0.108	0.0	0.022	0.333	0.0	0.014	0.111	0.128	0.117	0.146	0.18	0.263	0.0	0.11	0.138	0.193	0.135	0.168	0.083	0.183
LRP5	O75197	True	LRP5_HUMAN	FZD3_LRP5	CPI-SC02753B9BD	LRP5	0.161	0.154	0.0	0.079	0.017	0.069	0.0	0.102	0.233	0.0	0.143	0.155	0.108	0.0	0.022	0.333	0.0	0.014	0.111	0.128	0.117	0.146	0.18	0.263	0.0	0.11	0.138	0.193	0.135	0.168	0.083	0.183
LRP5	O75197	True	LRP5_HUMAN	FZD3_LRP5	CPI-SC01D3E6936	LRP5	0.161	0.154	0.0	0.079	0.017	0.069	0.0	0.102	0.233	0.0	0.143	0.155	0.108	0.0	0.022	0.333	0.0	0.014	0.111	0.128	0.117	0.146	0.18	0.263	0.0	0.11	0.138	0.193	0.135	0.168	0.083	0.183
LRP5	O75197	True	LRP5_HUMAN	FZD3_LRP5	CPI-SC092C6BB7D	LRP5	0.161	0.154	0.0	0.079	0.017	0.069	0.0	0.102	0.233	0.0	0.143	0.155	0.108	0.0	0.022	0.333	0.0	0.014	0.111	0.128	0.117	0.146	0.18	0.263	0.0	0.11	0.138	0.193	0.135	0.168	0.083	0.183
LRP5	O75197	True	LRP5_HUMAN	FZD3_LRP5	CPI-SC0456BB36C	LRP5	0.161	0.154	0.0	0.079	0.017	0.069	0.0	0.102	0.233	0.0	0.143	0.155	0.108	0.0	0.022	0.333	0.0	0.014	0.111	0.128	0.117	0.146	0.18	0.263	0.0	0.11	0.138	0.193	0.135	0.168	0.083	0.183
LRP5	O75197	True	LRP5_HUMAN	FZD3_LRP5	CPI-SC0FDE82C05	LRP5	0.161	0.154	0.0	0.079	0.017	0.069	0.0	0.102	0.233	0.0	0.143	0.155	0.108	0.0	0.022	0.333	0.0	0.014	0.111	0.128	0.117	0.146	0.18	0.263	0.0	0.11	0.138	0.193	0.135	0.168	0.083	0.183
LRP5	O75197	True	LRP5_HUMAN	FZD3_LRP5	CPI-SC073544134	LRP5	0.161	0.154	0.0	0.079	0.017	0.069	0.0	0.102	0.233	0.0	0.143	0.155	0.108	0.0	0.022	0.333	0.0	0.014	0.111	0.128	0.117	0.146	0.18	0.263	0.0	0.11	0.138	0.193	0.135	0.168	0.083	0.183
LRP5	O75197	True	LRP5_HUMAN	FZD3_LRP5	CPI-SC0AEC52E73	LRP5	0.161	0.154	0.0	0.079	0.017	0.069	0.0	0.102	0.233	0.0	0.143	0.155	0.108	0.0	0.022	0.333	0.0	0.014	0.111	0.128	0.117	0.146	0.18	0.263	0.0	0.11	0.138	0.193	0.135	0.168	0.083	0.183
LRP5	O75197	True	LRP5_HUMAN	FZD3_LRP5	CPI-SC05E4FA547	LRP5	0.161	0.154	0.0	0.079	0.017	0.069	0.0	0.102	0.233	0.0	0.143	0.155	0.108	0.0	0.022	0.333	0.0	0.014	0.111	0.128	0.117	0.146	0.18	0.263	0.0	0.11	0.138	0.193	0.135	0.168	0.083	0.183
FZD3	Q9NPG1	True	FZD3_HUMAN	FZD3_LRP5	CPI-SC0EFF2AFBD	FZD3	0.161	0.154	0.0	0.079	0.017	0.069	0.0	0.102	0.233	0.0	0.143	0.155	0.108	0.0	0.022	0.333	0.0	0.014	0.111	0.128	0.117	0.146	0.18	0.263	0.0	0.11	0.138	0.193	0.135	0.168	0.083	0.183
FZD3	Q9NPG1	True	FZD3_HUMAN	FZD3_LRP5	CPI-SC044BB9279	FZD3	0.161	0.154	0.0	0.079	0.017	0.069	0.0	0.102	0.233	0.0	0.143	0.155	0.108	0.0	0.022	0.333	0.0	0.014	0.111	0.128	0.117	0.146	0.18	0.263	0.0	0.11	0.138	0.193	0.135	0.168	0.083	0.183
FZD3	Q9NPG1	True	FZD3_HUMAN	FZD3_LRP5	CPI-SC0827E3502	FZD3	0.161	0.154	0.0	0.079	0.017	0.069	0.0	0.102	0.233	0.0	0.143	0.155	0.108	0.0	0.022	0.333	0.0	0.014	0.111	0.128	0.117	0.146	0.18	0.263	0.0	0.11	0.138	0.193	0.135	0.168	0.083	0.183
FZD3	Q9NPG1	True	FZD3_HUMAN	FZD3_LRP5	CPI-SC0B0BAF8DB	FZD3	0.161	0.154	0.0	0.079	0.017	0.069	0.0	0.102	0.233	0.0	0.143	0.155	0.108	0.0	0.022	0.333	0.0	0.014	0.111	0.128	0.117	0.146	0.18	0.263	0.0	0.11	0.138	0.193	0.135	0.168	0.083	0.183
FZD3	Q9NPG1	True	FZD3_HUMAN	FZD3_LRP5	CPI-SC0671450D5	FZD3	0.161	0.154	0.0	0.079	0.017	0.069	0.0	0.102	0.233	0.0	0.143	0.155	0.108	0.0	0.022	0.333	0.0	0.014	0.111	0.128	0.117	0.146	0.18	0.263	0.0	0.11	0.138	0.193	0.135	0.168	0.083	0.183
FZD3	Q9NPG1	True	FZD3_HUMAN	FZD3_LRP5	CPI-SC066A4E191	FZD3	0.161	0.154	0.0	0.079	0.017	0.069	0.0	0.102	0.233	0.0	0.143	0.155	0.108	0.0	0.022	0.333	0.0	0.014	0.111	0.128	0.117	0.146	0.18	0.263	0.0	0.11	0.138	0.193	0.135	0.168	0.083	0.183
FZD3	Q9NPG1	True	FZD3_HUMAN	FZD3_LRP5	CPI-SC03753E185	FZD3	0.161	0.154	0.0	0.079	0.017	0.069	0.0	0.102	0.233	0.0	0.143	0.155	0.108	0.0	0.022	0.333	0.0	0.014	0.111	0.128	0.117	0.146	0.18	0.263	0.0	0.11	0.138	0.193	0.135	0.168	0.083	0.183
FZD3	Q9NPG1	True	FZD3_HUMAN	FZD3_LRP5	CPI-SC02753B9BD	FZD3	0.161	0.154	0.0	0.079	0.017	0.069	0.0	0.102	0.233	0.0	0.143	0.155	0.108	0.0	0.022	0.333	0.0	0.014	0.111	0.128	0.117	0.146	0.18	0.263	0.0	0.11	0.138	0.193	0.135	0.168	0.083	0.183
FZD3	Q9NPG1	True	FZD3_HUMAN	FZD3_LRP5	CPI-SC01D3E6936	FZD3	0.161	0.154	0.0	0.079	0.017	0.069	0.0	0.102	0.233	0.0	0.143	0.155	0.108	0.0	0.022	0.333	0.0	0.014	0.111	0.128	0.117	0.146	0.18	0.263	0.0	0.11	0.138	0.193	0.135	0.168	0.083	0.183
FZD3	Q9NPG1	True	FZD3_HUMAN	FZD3_LRP5	CPI-SC092C6BB7D	FZD3	0.161	0.154	0.0	0.079	0.017	0.069	0.0	0.102	0.233	0.0	0.143	0.155	0.108	0.0	0.022	0.333	0.0	0.014	0.111	0.128	0.117	0.146	0.18	0.263	0.0	0.11	0.138	0.193	0.135	0.168	0.083	0.183
FZD3	Q9NPG1	True	FZD3_HUMAN	FZD3_LRP5	CPI-SC0456BB36C	FZD3	0.161	0.154	0.0	0.079	0.017	0.069	0.0	0.102	0.233	0.0	0.143	0.155	0.108	0.0	0.022	0.333	0.0	0.014	0.111	0.128	0.117	0.146	0.18	0.263	0.0	0.11	0.138	0.193	0.135	0.168	0.083	0.183
FZD3	Q9NPG1	True	FZD3_HUMAN	FZD3_LRP5	CPI-SC0FDE82C05	FZD3	0.161	0.154	0.0	0.079	0.017	0.069	0.0	0.102	0.233	0.0	0.143	0.155	0.108	0.0	0.022	0.333	0.0	0.014	0.111	0.128	0.117	0.146	0.18	0.263	0.0	0.11	0.138	0.193	0.135	0.168	0.083	0.183
FZD3	Q9NPG1	True	FZD3_HUMAN	FZD3_LRP5	CPI-SC073544134	FZD3	0.161	0.154	0.0	0.079	0.017	0.069	0.0	0.102	0.233	0.0	0.143	0.155	0.108	0.0	0.022	0.333	0.0	0.014	0.111	0.128	0.117	0.146	0.18	0.263	0.0	0.11	0.138	0.193	0.135	0.168	0.083	0.183
FZD3	Q9NPG1	True	FZD3_HUMAN	FZD3_LRP5	CPI-SC0AEC52E73	FZD3	0.161	0.154	0.0	0.079	0.017	0.069	0.0	0.102	0.233	0.0	0.143	0.155	0.108	0.0	0.022	0.333	0.0	0.014	0.111	0.128	0.117	0.146	0.18	0.263	0.0	0.11	0.138	0.193	0.135	0.168	0.083	0.183
FZD3	Q9NPG1	True	FZD3_HUMAN	FZD3_LRP5	CPI-SC05E4FA547	FZD3	0.161	0.154	0.0	0.079	0.017	0.069	0.0	0.102	0.233	0.0	0.143	0.155	0.108	0.0	0.022	0.333	0.0	0.014	0.111	0.128	0.117	0.146	0.18	0.263	0.0	0.11	0.138	0.193	0.135	0.168	0.083	0.183
LRP6	O75581	True	LRP6_HUMAN	FZD3_LRP6	CPI-SC03C02374B	LRP6	0.161	0.148	0.0	0.084	0.017	0.069	0.0	0.137	0.103	0.14	0.143	0.155	0.108	0.0	0.022	0.179	0.0	0.014	0.103	0.128	0.216	0.206	0.105	0.146	0.0	0.11	0.138	0.193	0.135	0.168	0.083	0.077
LRP6	O75581	True	LRP6_HUMAN	FZD3_LRP6	CPI-SC06CA35957	LRP6	0.161	0.148	0.0	0.084	0.017	0.069	0.0	0.137	0.103	0.14	0.143	0.155	0.108	0.0	0.022	0.179	0.0	0.014	0.103	0.128	0.216	0.206	0.105	0.146	0.0	0.11	0.138	0.193	0.135	0.168	0.083	0.077
LRP6	O75581	True	LRP6_HUMAN	FZD3_LRP6	CPI-SC00D0D0EC3	LRP6	0.161	0.148	0.0	0.084	0.017	0.069	0.0	0.137	0.103	0.14	0.143	0.155	0.108	0.0	0.022	0.179	0.0	0.014	0.103	0.128	0.216	0.206	0.105	0.146	0.0	0.11	0.138	0.193	0.135	0.168	0.083	0.077
LRP6	O75581	True	LRP6_HUMAN	FZD3_LRP6	CPI-SC03F9E6AC5	LRP6	0.161	0.148	0.0	0.084	0.017	0.069	0.0	0.137	0.103	0.14	0.143	0.155	0.108	0.0	0.022	0.179	0.0	0.014	0.103	0.128	0.216	0.206	0.105	0.146	0.0	0.11	0.138	0.193	0.135	0.168	0.083	0.077
LRP6	O75581	True	LRP6_HUMAN	FZD3_LRP6	CPI-SC015580274	LRP6	0.161	0.148	0.0	0.084	0.017	0.069	0.0	0.137	0.103	0.14	0.143	0.155	0.108	0.0	0.022	0.179	0.0	0.014	0.103	0.128	0.216	0.206	0.105	0.146	0.0	0.11	0.138	0.193	0.135	0.168	0.083	0.077
LRP6	O75581	True	LRP6_HUMAN	FZD3_LRP6	CPI-SC0C646FE07	LRP6	0.161	0.148	0.0	0.084	0.017	0.069	0.0	0.137	0.103	0.14	0.143	0.155	0.108	0.0	0.022	0.179	0.0	0.014	0.103	0.128	0.216	0.206	0.105	0.146	0.0	0.11	0.138	0.193	0.135	0.168	0.083	0.077
LRP6	O75581	True	LRP6_HUMAN	FZD3_LRP6	CPI-SC0E6C99C1D	LRP6	0.161	0.148	0.0	0.084	0.017	0.069	0.0	0.137	0.103	0.14	0.143	0.155	0.108	0.0	0.022	0.179	0.0	0.014	0.103	0.128	0.216	0.206	0.105	0.146	0.0	0.11	0.138	0.193	0.135	0.168	0.083	0.077
LRP6	O75581	True	LRP6_HUMAN	FZD3_LRP6	CPI-SC018C0B727	LRP6	0.161	0.148	0.0	0.084	0.017	0.069	0.0	0.137	0.103	0.14	0.143	0.155	0.108	0.0	0.022	0.179	0.0	0.014	0.103	0.128	0.216	0.206	0.105	0.146	0.0	0.11	0.138	0.193	0.135	0.168	0.083	0.077
LRP6	O75581	True	LRP6_HUMAN	FZD3_LRP6	CPI-SC0D8C38952	LRP6	0.161	0.148	0.0	0.084	0.017	0.069	0.0	0.137	0.103	0.14	0.143	0.155	0.108	0.0	0.022	0.179	0.0	0.014	0.103	0.128	0.216	0.206	0.105	0.146	0.0	0.11	0.138	0.193	0.135	0.168	0.083	0.077
LRP6	O75581	True	LRP6_HUMAN	FZD3_LRP6	CPI-SC04617C8EB	LRP6	0.161	0.148	0.0	0.084	0.017	0.069	0.0	0.137	0.103	0.14	0.143	0.155	0.108	0.0	0.022	0.179	0.0	0.014	0.103	0.128	0.216	0.206	0.105	0.146	0.0	0.11	0.138	0.193	0.135	0.168	0.083	0.077
LRP6	O75581	True	LRP6_HUMAN	FZD3_LRP6	CPI-SC08BCEE850	LRP6	0.161	0.148	0.0	0.084	0.017	0.069	0.0	0.137	0.103	0.14	0.143	0.155	0.108	0.0	0.022	0.179	0.0	0.014	0.103	0.128	0.216	0.206	0.105	0.146	0.0	0.11	0.138	0.193	0.135	0.168	0.083	0.077
LRP6	O75581	True	LRP6_HUMAN	FZD3_LRP6	CPI-SC089FF57F2	LRP6	0.161	0.148	0.0	0.084	0.017	0.069	0.0	0.137	0.103	0.14	0.143	0.155	0.108	0.0	0.022	0.179	0.0	0.014	0.103	0.128	0.216	0.206	0.105	0.146	0.0	0.11	0.138	0.193	0.135	0.168	0.083	0.077
LRP6	O75581	True	LRP6_HUMAN	FZD3_LRP6	CPI-SC0AC0FE01C	LRP6	0.161	0.148	0.0	0.084	0.017	0.069	0.0	0.137	0.103	0.14	0.143	0.155	0.108	0.0	0.022	0.179	0.0	0.014	0.103	0.128	0.216	0.206	0.105	0.146	0.0	0.11	0.138	0.193	0.135	0.168	0.083	0.077
LRP6	O75581	True	LRP6_HUMAN	FZD3_LRP6	CPI-SC0ECDB073E	LRP6	0.161	0.148	0.0	0.084	0.017	0.069	0.0	0.137	0.103	0.14	0.143	0.155	0.108	0.0	0.022	0.179	0.0	0.014	0.103	0.128	0.216	0.206	0.105	0.146	0.0	0.11	0.138	0.193	0.135	0.168	0.083	0.077
LRP6	O75581	True	LRP6_HUMAN	FZD3_LRP6	CPI-SC050D66C45	LRP6	0.161	0.148	0.0	0.084	0.017	0.069	0.0	0.137	0.103	0.14	0.143	0.155	0.108	0.0	0.022	0.179	0.0	0.014	0.103	0.128	0.216	0.206	0.105	0.146	0.0	0.11	0.138	0.193	0.135	0.168	0.083	0.077
FZD3	Q9NPG1	True	FZD3_HUMAN	FZD3_LRP6	CPI-SC03C02374B	FZD3	0.161	0.148	0.0	0.084	0.017	0.069	0.0	0.137	0.103	0.14	0.143	0.155	0.108	0.0	0.022	0.179	0.0	0.014	0.103	0.128	0.216	0.206	0.105	0.146	0.0	0.11	0.138	0.193	0.135	0.168	0.083	0.077
FZD3	Q9NPG1	True	FZD3_HUMAN	FZD3_LRP6	CPI-SC06CA35957	FZD3	0.161	0.148	0.0	0.084	0.017	0.069	0.0	0.137	0.103	0.14	0.143	0.155	0.108	0.0	0.022	0.179	0.0	0.014	0.103	0.128	0.216	0.206	0.105	0.146	0.0	0.11	0.138	0.193	0.135	0.168	0.083	0.077
FZD3	Q9NPG1	True	FZD3_HUMAN	FZD3_LRP6	CPI-SC00D0D0EC3	FZD3	0.161	0.148	0.0	0.084	0.017	0.069	0.0	0.137	0.103	0.14	0.143	0.155	0.108	0.0	0.022	0.179	0.0	0.014	0.103	0.128	0.216	0.206	0.105	0.146	0.0	0.11	0.138	0.193	0.135	0.168	0.083	0.077
FZD3	Q9NPG1	True	FZD3_HUMAN	FZD3_LRP6	CPI-SC03F9E6AC5	FZD3	0.161	0.148	0.0	0.084	0.017	0.069	0.0	0.137	0.103	0.14	0.143	0.155	0.108	0.0	0.022	0.179	0.0	0.014	0.103	0.128	0.216	0.206	0.105	0.146	0.0	0.11	0.138	0.193	0.135	0.168	0.083	0.077
FZD3	Q9NPG1	True	FZD3_HUMAN	FZD3_LRP6	CPI-SC015580274	FZD3	0.161	0.148	0.0	0.084	0.017	0.069	0.0	0.137	0.103	0.14	0.143	0.155	0.108	0.0	0.022	0.179	0.0	0.014	0.103	0.128	0.216	0.206	0.105	0.146	0.0	0.11	0.138	0.193	0.135	0.168	0.083	0.077
FZD3	Q9NPG1	True	FZD3_HUMAN	FZD3_LRP6	CPI-SC0C646FE07	FZD3	0.161	0.148	0.0	0.084	0.017	0.069	0.0	0.137	0.103	0.14	0.143	0.155	0.108	0.0	0.022	0.179	0.0	0.014	0.103	0.128	0.216	0.206	0.105	0.146	0.0	0.11	0.138	0.193	0.135	0.168	0.083	0.077
FZD3	Q9NPG1	True	FZD3_HUMAN	FZD3_LRP6	CPI-SC0E6C99C1D	FZD3	0.161	0.148	0.0	0.084	0.017	0.069	0.0	0.137	0.103	0.14	0.143	0.155	0.108	0.0	0.022	0.179	0.0	0.014	0.103	0.128	0.216	0.206	0.105	0.146	0.0	0.11	0.138	0.193	0.135	0.168	0.083	0.077
FZD3	Q9NPG1	True	FZD3_HUMAN	FZD3_LRP6	CPI-SC018C0B727	FZD3	0.161	0.148	0.0	0.084	0.017	0.069	0.0	0.137	0.103	0.14	0.143	0.155	0.108	0.0	0.022	0.179	0.0	0.014	0.103	0.128	0.216	0.206	0.105	0.146	0.0	0.11	0.138	0.193	0.135	0.168	0.083	0.077
FZD3	Q9NPG1	True	FZD3_HUMAN	FZD3_LRP6	CPI-SC0D8C38952	FZD3	0.161	0.148	0.0	0.084	0.017	0.069	0.0	0.137	0.103	0.14	0.143	0.155	0.108	0.0	0.022	0.179	0.0	0.014	0.103	0.128	0.216	0.206	0.105	0.146	0.0	0.11	0.138	0.193	0.135	0.168	0.083	0.077
FZD3	Q9NPG1	True	FZD3_HUMAN	FZD3_LRP6	CPI-SC04617C8EB	FZD3	0.161	0.148	0.0	0.084	0.017	0.069	0.0	0.137	0.103	0.14	0.143	0.155	0.108	0.0	0.022	0.179	0.0	0.014	0.103	0.128	0.216	0.206	0.105	0.146	0.0	0.11	0.138	0.193	0.135	0.168	0.083	0.077
FZD3	Q9NPG1	True	FZD3_HUMAN	FZD3_LRP6	CPI-SC08BCEE850	FZD3	0.161	0.148	0.0	0.084	0.017	0.069	0.0	0.137	0.103	0.14	0.143	0.155	0.108	0.0	0.022	0.179	0.0	0.014	0.103	0.128	0.216	0.206	0.105	0.146	0.0	0.11	0.138	0.193	0.135	0.168	0.083	0.077
FZD3	Q9NPG1	True	FZD3_HUMAN	FZD3_LRP6	CPI-SC089FF57F2	FZD3	0.161	0.148	0.0	0.084	0.017	0.069	0.0	0.137	0.103	0.14	0.143	0.155	0.108	0.0	0.022	0.179	0.0	0.014	0.103	0.128	0.216	0.206	0.105	0.146	0.0	0.11	0.138	0.193	0.135	0.168	0.083	0.077
FZD3	Q9NPG1	True	FZD3_HUMAN	FZD3_LRP6	CPI-SC0AC0FE01C	FZD3	0.161	0.148	0.0	0.084	0.017	0.069	0.0	0.137	0.103	0.14	0.143	0.155	0.108	0.0	0.022	0.179	0.0	0.014	0.103	0.128	0.216	0.206	0.105	0.146	0.0	0.11	0.138	0.193	0.135	0.168	0.083	0.077
FZD3	Q9NPG1	True	FZD3_HUMAN	FZD3_LRP6	CPI-SC0ECDB073E	FZD3	0.161	0.148	0.0	0.084	0.017	0.069	0.0	0.137	0.103	0.14	0.143	0.155	0.108	0.0	0.022	0.179	0.0	0.014	0.103	0.128	0.216	0.206	0.105	0.146	0.0	0.11	0.138	0.193	0.135	0.168	0.083	0.077
FZD3	Q9NPG1	True	FZD3_HUMAN	FZD3_LRP6	CPI-SC050D66C45	FZD3	0.161	0.148	0.0	0.084	0.017	0.069	0.0	0.137	0.103	0.14	0.143	0.155	0.108	0.0	0.022	0.179	0.0	0.014	0.103	0.128	0.216	0.206	0.105	0.146	0.0	0.11	0.138	0.193	0.135	0.168	0.083	0.077
LRP5	O75197	True	LRP5_HUMAN	FZD6_LRP5	CPI-SC074781480	LRP5	0.0	0.0	0.0	0.034	0.028	0.0	0.039	0.0	0.0	0.0	0.0	0.042	0.214	0.053	0.0	0.0	0.0	0.0	0.0	0.0	0.0	0.0	0.0	0.0	0.0	0.0	0.0	0.0	0.0	0.0	0.0	0.0
LRP5	O75197	True	LRP5_HUMAN	FZD6_LRP5	CPI-SC08496F2AE	LRP5	0.0	0.0	0.0	0.034	0.028	0.0	0.039	0.0	0.0	0.0	0.0	0.042	0.214	0.053	0.0	0.0	0.0	0.0	0.0	0.0	0.0	0.0	0.0	0.0	0.0	0.0	0.0	0.0	0.0	0.0	0.0	0.0
LRP5	O75197	True	LRP5_HUMAN	FZD6_LRP5	CPI-SC0A27844A8	LRP5	0.0	0.0	0.0	0.034	0.028	0.0	0.039	0.0	0.0	0.0	0.0	0.042	0.214	0.053	0.0	0.0	0.0	0.0	0.0	0.0	0.0	0.0	0.0	0.0	0.0	0.0	0.0	0.0	0.0	0.0	0.0	0.0
LRP5	O75197	True	LRP5_HUMAN	FZD6_LRP5	CPI-SC0A070755C	LRP5	0.0	0.0	0.0	0.034	0.028	0.0	0.039	0.0	0.0	0.0	0.0	0.042	0.214	0.053	0.0	0.0	0.0	0.0	0.0	0.0	0.0	0.0	0.0	0.0	0.0	0.0	0.0	0.0	0.0	0.0	0.0	0.0
LRP5	O75197	True	LRP5_HUMAN	FZD6_LRP5	CPI-SC02D16C89A	LRP5	0.0	0.0	0.0	0.034	0.028	0.0	0.039	0.0	0.0	0.0	0.0	0.042	0.214	0.053	0.0	0.0	0.0	0.0	0.0	0.0	0.0	0.0	0.0	0.0	0.0	0.0	0.0	0.0	0.0	0.0	0.0	0.0
LRP5	O75197	True	LRP5_HUMAN	FZD6_LRP5	CPI-SC08EAA7ADA	LRP5	0.0	0.0	0.0	0.034	0.028	0.0	0.039	0.0	0.0	0.0	0.0	0.042	0.214	0.053	0.0	0.0	0.0	0.0	0.0	0.0	0.0	0.0	0.0	0.0	0.0	0.0	0.0	0.0	0.0	0.0	0.0	0.0
LRP5	O75197	True	LRP5_HUMAN	FZD6_LRP5	CPI-SC010EF74F3	LRP5	0.0	0.0	0.0	0.034	0.028	0.0	0.039	0.0	0.0	0.0	0.0	0.042	0.214	0.053	0.0	0.0	0.0	0.0	0.0	0.0	0.0	0.0	0.0	0.0	0.0	0.0	0.0	0.0	0.0	0.0	0.0	0.0
LRP5	O75197	True	LRP5_HUMAN	FZD6_LRP5	CPI-SC0FE1FBFB5	LRP5	0.0	0.0	0.0	0.034	0.028	0.0	0.039	0.0	0.0	0.0	0.0	0.042	0.214	0.053	0.0	0.0	0.0	0.0	0.0	0.0	0.0	0.0	0.0	0.0	0.0	0.0	0.0	0.0	0.0	0.0	0.0	0.0
LRP5	O75197	True	LRP5_HUMAN	FZD6_LRP5	CPI-SC04CBB7552	LRP5	0.0	0.0	0.0	0.034	0.028	0.0	0.039	0.0	0.0	0.0	0.0	0.042	0.214	0.053	0.0	0.0	0.0	0.0	0.0	0.0	0.0	0.0	0.0	0.0	0.0	0.0	0.0	0.0	0.0	0.0	0.0	0.0
LRP5	O75197	True	LRP5_HUMAN	FZD6_LRP5	CPI-SC0DFEAE26D	LRP5	0.0	0.0	0.0	0.034	0.028	0.0	0.039	0.0	0.0	0.0	0.0	0.042	0.214	0.053	0.0	0.0	0.0	0.0	0.0	0.0	0.0	0.0	0.0	0.0	0.0	0.0	0.0	0.0	0.0	0.0	0.0	0.0
LRP5	O75197	True	LRP5_HUMAN	FZD6_LRP5	CPI-SC0C61B7F73	LRP5	0.0	0.0	0.0	0.034	0.028	0.0	0.039	0.0	0.0	0.0	0.0	0.042	0.214	0.053	0.0	0.0	0.0	0.0	0.0	0.0	0.0	0.0	0.0	0.0	0.0	0.0	0.0	0.0	0.0	0.0	0.0	0.0
LRP5	O75197	True	LRP5_HUMAN	FZD6_LRP5	CPI-SC0E88C8058	LRP5	0.0	0.0	0.0	0.034	0.028	0.0	0.039	0.0	0.0	0.0	0.0	0.042	0.214	0.053	0.0	0.0	0.0	0.0	0.0	0.0	0.0	0.0	0.0	0.0	0.0	0.0	0.0	0.0	0.0	0.0	0.0	0.0
LRP5	O75197	True	LRP5_HUMAN	FZD6_LRP5	CPI-SC04DB219CB	LRP5	0.0	0.0	0.0	0.034	0.028	0.0	0.039	0.0	0.0	0.0	0.0	0.042	0.214	0.053	0.0	0.0	0.0	0.0	0.0	0.0	0.0	0.0	0.0	0.0	0.0	0.0	0.0	0.0	0.0	0.0	0.0	0.0
LRP5	O75197	True	LRP5_HUMAN	FZD6_LRP5	CPI-SC06EFA5CC2	LRP5	0.0	0.0	0.0	0.034	0.028	0.0	0.039	0.0	0.0	0.0	0.0	0.042	0.214	0.053	0.0	0.0	0.0	0.0	0.0	0.0	0.0	0.0	0.0	0.0	0.0	0.0	0.0	0.0	0.0	0.0	0.0	0.0
LRP5	O75197	True	LRP5_HUMAN	FZD6_LRP5	CPI-SC0FF762677	LRP5	0.0	0.0	0.0	0.034	0.028	0.0	0.039	0.0	0.0	0.0	0.0	0.042	0.214	0.053	0.0	0.0	0.0	0.0	0.0	0.0	0.0	0.0	0.0	0.0	0.0	0.0	0.0	0.0	0.0	0.0	0.0	0.0
FZD6	O60353	True	FZD6_HUMAN	FZD6_LRP5	CPI-SC074781480	FZD6	0.0	0.0	0.0	0.034	0.028	0.0	0.039	0.0	0.0	0.0	0.0	0.042	0.214	0.053	0.0	0.0	0.0	0.0	0.0	0.0	0.0	0.0	0.0	0.0	0.0	0.0	0.0	0.0	0.0	0.0	0.0	0.0
FZD6	O60353	True	FZD6_HUMAN	FZD6_LRP5	CPI-SC08496F2AE	FZD6	0.0	0.0	0.0	0.034	0.028	0.0	0.039	0.0	0.0	0.0	0.0	0.042	0.214	0.053	0.0	0.0	0.0	0.0	0.0	0.0	0.0	0.0	0.0	0.0	0.0	0.0	0.0	0.0	0.0	0.0	0.0	0.0
FZD6	O60353	True	FZD6_HUMAN	FZD6_LRP5	CPI-SC0A27844A8	FZD6	0.0	0.0	0.0	0.034	0.028	0.0	0.039	0.0	0.0	0.0	0.0	0.042	0.214	0.053	0.0	0.0	0.0	0.0	0.0	0.0	0.0	0.0	0.0	0.0	0.0	0.0	0.0	0.0	0.0	0.0	0.0	0.0
FZD6	O60353	True	FZD6_HUMAN	FZD6_LRP5	CPI-SC0A070755C	FZD6	0.0	0.0	0.0	0.034	0.028	0.0	0.039	0.0	0.0	0.0	0.0	0.042	0.214	0.053	0.0	0.0	0.0	0.0	0.0	0.0	0.0	0.0	0.0	0.0	0.0	0.0	0.0	0.0	0.0	0.0	0.0	0.0
FZD6	O60353	True	FZD6_HUMAN	FZD6_LRP5	CPI-SC02D16C89A	FZD6	0.0	0.0	0.0	0.034	0.028	0.0	0.039	0.0	0.0	0.0	0.0	0.042	0.214	0.053	0.0	0.0	0.0	0.0	0.0	0.0	0.0	0.0	0.0	0.0	0.0	0.0	0.0	0.0	0.0	0.0	0.0	0.0
FZD6	O60353	True	FZD6_HUMAN	FZD6_LRP5	CPI-SC08EAA7ADA	FZD6	0.0	0.0	0.0	0.034	0.028	0.0	0.039	0.0	0.0	0.0	0.0	0.042	0.214	0.053	0.0	0.0	0.0	0.0	0.0	0.0	0.0	0.0	0.0	0.0	0.0	0.0	0.0	0.0	0.0	0.0	0.0	0.0
FZD6	O60353	True	FZD6_HUMAN	FZD6_LRP5	CPI-SC010EF74F3	FZD6	0.0	0.0	0.0	0.034	0.028	0.0	0.039	0.0	0.0	0.0	0.0	0.042	0.214	0.053	0.0	0.0	0.0	0.0	0.0	0.0	0.0	0.0	0.0	0.0	0.0	0.0	0.0	0.0	0.0	0.0	0.0	0.0
FZD6	O60353	True	FZD6_HUMAN	FZD6_LRP5	CPI-SC0FE1FBFB5	FZD6	0.0	0.0	0.0	0.034	0.028	0.0	0.039	0.0	0.0	0.0	0.0	0.042	0.214	0.053	0.0	0.0	0.0	0.0	0.0	0.0	0.0	0.0	0.0	0.0	0.0	0.0	0.0	0.0	0.0	0.0	0.0	0.0
FZD6	O60353	True	FZD6_HUMAN	FZD6_LRP5	CPI-SC04CBB7552	FZD6	0.0	0.0	0.0	0.034	0.028	0.0	0.039	0.0	0.0	0.0	0.0	0.042	0.214	0.053	0.0	0.0	0.0	0.0	0.0	0.0	0.0	0.0	0.0	0.0	0.0	0.0	0.0	0.0	0.0	0.0	0.0	0.0
FZD6	O60353	True	FZD6_HUMAN	FZD6_LRP5	CPI-SC0DFEAE26D	FZD6	0.0	0.0	0.0	0.034	0.028	0.0	0.039	0.0	0.0	0.0	0.0	0.042	0.214	0.053	0.0	0.0	0.0	0.0	0.0	0.0	0.0	0.0	0.0	0.0	0.0	0.0	0.0	0.0	0.0	0.0	0.0	0.0
FZD6	O60353	True	FZD6_HUMAN	FZD6_LRP5	CPI-SC0C61B7F73	FZD6	0.0	0.0	0.0	0.034	0.028	0.0	0.039	0.0	0.0	0.0	0.0	0.042	0.214	0.053	0.0	0.0	0.0	0.0	0.0	0.0	0.0	0.0	0.0	0.0	0.0	0.0	0.0	0.0	0.0	0.0	0.0	0.0
FZD6	O60353	True	FZD6_HUMAN	FZD6_LRP5	CPI-SC0E88C8058	FZD6	0.0	0.0	0.0	0.034	0.028	0.0	0.039	0.0	0.0	0.0	0.0	0.042	0.214	0.053	0.0	0.0	0.0	0.0	0.0	0.0	0.0	0.0	0.0	0.0	0.0	0.0	0.0	0.0	0.0	0.0	0.0	0.0
FZD6	O60353	True	FZD6_HUMAN	FZD6_LRP5	CPI-SC04DB219CB	FZD6	0.0	0.0	0.0	0.034	0.028	0.0	0.039	0.0	0.0	0.0	0.0	0.042	0.214	0.053	0.0	0.0	0.0	0.0	0.0	0.0	0.0	0.0	0.0	0.0	0.0	0.0	0.0	0.0	0.0	0.0	0.0	0.0
FZD6	O60353	True	FZD6_HUMAN	FZD6_LRP5	CPI-SC06EFA5CC2	FZD6	0.0	0.0	0.0	0.034	0.028	0.0	0.039	0.0	0.0	0.0	0.0	0.042	0.214	0.053	0.0	0.0	0.0	0.0	0.0	0.0	0.0	0.0	0.0	0.0	0.0	0.0	0.0	0.0	0.0	0.0	0.0	0.0
FZD6	O60353	True	FZD6_HUMAN	FZD6_LRP5	CPI-SC0FF762677	FZD6	0.0	0.0	0.0	0.034	0.028	0.0	0.039	0.0	0.0	0.0	0.0	0.042	0.214	0.053	0.0	0.0	0.0	0.0	0.0	0.0	0.0	0.0	0.0	0.0	0.0	0.0	0.0	0.0	0.0	0.0	0.0	0.0
LRP6	O75581	True	LRP6_HUMAN	FZD6_LRP6	CPI-SC0390D174C	LRP6	0.0	0.0	0.0	0.034	0.028	0.0	0.039	0.0	0.0	0.0	0.0	0.042	0.214	0.053	0.0	0.0	0.0	0.0	0.0	0.0	0.0	0.0	0.0	0.0	0.0	0.0	0.0	0.0	0.0	0.0	0.0	0.0
LRP6	O75581	True	LRP6_HUMAN	FZD6_LRP6	CPI-SC0342728D2	LRP6	0.0	0.0	0.0	0.034	0.028	0.0	0.039	0.0	0.0	0.0	0.0	0.042	0.214	0.053	0.0	0.0	0.0	0.0	0.0	0.0	0.0	0.0	0.0	0.0	0.0	0.0	0.0	0.0	0.0	0.0	0.0	0.0
LRP6	O75581	True	LRP6_HUMAN	FZD6_LRP6	CPI-SC081E1CE0B	LRP6	0.0	0.0	0.0	0.034	0.028	0.0	0.039	0.0	0.0	0.0	0.0	0.042	0.214	0.053	0.0	0.0	0.0	0.0	0.0	0.0	0.0	0.0	0.0	0.0	0.0	0.0	0.0	0.0	0.0	0.0	0.0	0.0
LRP6	O75581	True	LRP6_HUMAN	FZD6_LRP6	CPI-SC0DC10FB9C	LRP6	0.0	0.0	0.0	0.034	0.028	0.0	0.039	0.0	0.0	0.0	0.0	0.042	0.214	0.053	0.0	0.0	0.0	0.0	0.0	0.0	0.0	0.0	0.0	0.0	0.0	0.0	0.0	0.0	0.0	0.0	0.0	0.0
LRP6	O75581	True	LRP6_HUMAN	FZD6_LRP6	CPI-SC0796645C7	LRP6	0.0	0.0	0.0	0.034	0.028	0.0	0.039	0.0	0.0	0.0	0.0	0.042	0.214	0.053	0.0	0.0	0.0	0.0	0.0	0.0	0.0	0.0	0.0	0.0	0.0	0.0	0.0	0.0	0.0	0.0	0.0	0.0
LRP6	O75581	True	LRP6_HUMAN	FZD6_LRP6	CPI-SC08E139858	LRP6	0.0	0.0	0.0	0.034	0.028	0.0	0.039	0.0	0.0	0.0	0.0	0.042	0.214	0.053	0.0	0.0	0.0	0.0	0.0	0.0	0.0	0.0	0.0	0.0	0.0	0.0	0.0	0.0	0.0	0.0	0.0	0.0
LRP6	O75581	True	LRP6_HUMAN	FZD6_LRP6	CPI-SC03671C9F6	LRP6	0.0	0.0	0.0	0.034	0.028	0.0	0.039	0.0	0.0	0.0	0.0	0.042	0.214	0.053	0.0	0.0	0.0	0.0	0.0	0.0	0.0	0.0	0.0	0.0	0.0	0.0	0.0	0.0	0.0	0.0	0.0	0.0
LRP6	O75581	True	LRP6_HUMAN	FZD6_LRP6	CPI-SC02D62FB5B	LRP6	0.0	0.0	0.0	0.034	0.028	0.0	0.039	0.0	0.0	0.0	0.0	0.042	0.214	0.053	0.0	0.0	0.0	0.0	0.0	0.0	0.0	0.0	0.0	0.0	0.0	0.0	0.0	0.0	0.0	0.0	0.0	0.0
LRP6	O75581	True	LRP6_HUMAN	FZD6_LRP6	CPI-SC04FC6D5DC	LRP6	0.0	0.0	0.0	0.034	0.028	0.0	0.039	0.0	0.0	0.0	0.0	0.042	0.214	0.053	0.0	0.0	0.0	0.0	0.0	0.0	0.0	0.0	0.0	0.0	0.0	0.0	0.0	0.0	0.0	0.0	0.0	0.0
LRP6	O75581	True	LRP6_HUMAN	FZD6_LRP6	CPI-SC01C485556	LRP6	0.0	0.0	0.0	0.034	0.028	0.0	0.039	0.0	0.0	0.0	0.0	0.042	0.214	0.053	0.0	0.0	0.0	0.0	0.0	0.0	0.0	0.0	0.0	0.0	0.0	0.0	0.0	0.0	0.0	0.0	0.0	0.0
LRP6	O75581	True	LRP6_HUMAN	FZD6_LRP6	CPI-SC017027176	LRP6	0.0	0.0	0.0	0.034	0.028	0.0	0.039	0.0	0.0	0.0	0.0	0.042	0.214	0.053	0.0	0.0	0.0	0.0	0.0	0.0	0.0	0.0	0.0	0.0	0.0	0.0	0.0	0.0	0.0	0.0	0.0	0.0
LRP6	O75581	True	LRP6_HUMAN	FZD6_LRP6	CPI-SC0BDD170C7	LRP6	0.0	0.0	0.0	0.034	0.028	0.0	0.039	0.0	0.0	0.0	0.0	0.042	0.214	0.053	0.0	0.0	0.0	0.0	0.0	0.0	0.0	0.0	0.0	0.0	0.0	0.0	0.0	0.0	0.0	0.0	0.0	0.0
LRP6	O75581	True	LRP6_HUMAN	FZD6_LRP6	CPI-SC0AF2D49CF	LRP6	0.0	0.0	0.0	0.034	0.028	0.0	0.039	0.0	0.0	0.0	0.0	0.042	0.214	0.053	0.0	0.0	0.0	0.0	0.0	0.0	0.0	0.0	0.0	0.0	0.0	0.0	0.0	0.0	0.0	0.0	0.0	0.0
LRP6	O75581	True	LRP6_HUMAN	FZD6_LRP6	CPI-SC02CD488A4	LRP6	0.0	0.0	0.0	0.034	0.028	0.0	0.039	0.0	0.0	0.0	0.0	0.042	0.214	0.053	0.0	0.0	0.0	0.0	0.0	0.0	0.0	0.0	0.0	0.0	0.0	0.0	0.0	0.0	0.0	0.0	0.0	0.0
LRP6	O75581	True	LRP6_HUMAN	FZD6_LRP6	CPI-SC0EFB3CEDF	LRP6	0.0	0.0	0.0	0.034	0.028	0.0	0.039	0.0	0.0	0.0	0.0	0.042	0.214	0.053	0.0	0.0	0.0	0.0	0.0	0.0	0.0	0.0	0.0	0.0	0.0	0.0	0.0	0.0	0.0	0.0	0.0	0.0
FZD6	O60353	True	FZD6_HUMAN	FZD6_LRP6	CPI-SC0390D174C	FZD6	0.0	0.0	0.0	0.034	0.028	0.0	0.039	0.0	0.0	0.0	0.0	0.042	0.214	0.053	0.0	0.0	0.0	0.0	0.0	0.0	0.0	0.0	0.0	0.0	0.0	0.0	0.0	0.0	0.0	0.0	0.0	0.0
FZD6	O60353	True	FZD6_HUMAN	FZD6_LRP6	CPI-SC0342728D2	FZD6	0.0	0.0	0.0	0.034	0.028	0.0	0.039	0.0	0.0	0.0	0.0	0.042	0.214	0.053	0.0	0.0	0.0	0.0	0.0	0.0	0.0	0.0	0.0	0.0	0.0	0.0	0.0	0.0	0.0	0.0	0.0	0.0
FZD6	O60353	True	FZD6_HUMAN	FZD6_LRP6	CPI-SC081E1CE0B	FZD6	0.0	0.0	0.0	0.034	0.028	0.0	0.039	0.0	0.0	0.0	0.0	0.042	0.214	0.053	0.0	0.0	0.0	0.0	0.0	0.0	0.0	0.0	0.0	0.0	0.0	0.0	0.0	0.0	0.0	0.0	0.0	0.0
FZD6	O60353	True	FZD6_HUMAN	FZD6_LRP6	CPI-SC0DC10FB9C	FZD6	0.0	0.0	0.0	0.034	0.028	0.0	0.039	0.0	0.0	0.0	0.0	0.042	0.214	0.053	0.0	0.0	0.0	0.0	0.0	0.0	0.0	0.0	0.0	0.0	0.0	0.0	0.0	0.0	0.0	0.0	0.0	0.0
FZD6	O60353	True	FZD6_HUMAN	FZD6_LRP6	CPI-SC0796645C7	FZD6	0.0	0.0	0.0	0.034	0.028	0.0	0.039	0.0	0.0	0.0	0.0	0.042	0.214	0.053	0.0	0.0	0.0	0.0	0.0	0.0	0.0	0.0	0.0	0.0	0.0	0.0	0.0	0.0	0.0	0.0	0.0	0.0
FZD6	O60353	True	FZD6_HUMAN	FZD6_LRP6	CPI-SC08E139858	FZD6	0.0	0.0	0.0	0.034	0.028	0.0	0.039	0.0	0.0	0.0	0.0	0.042	0.214	0.053	0.0	0.0	0.0	0.0	0.0	0.0	0.0	0.0	0.0	0.0	0.0	0.0	0.0	0.0	0.0	0.0	0.0	0.0
FZD6	O60353	True	FZD6_HUMAN	FZD6_LRP6	CPI-SC03671C9F6	FZD6	0.0	0.0	0.0	0.034	0.028	0.0	0.039	0.0	0.0	0.0	0.0	0.042	0.214	0.053	0.0	0.0	0.0	0.0	0.0	0.0	0.0	0.0	0.0	0.0	0.0	0.0	0.0	0.0	0.0	0.0	0.0	0.0
FZD6	O60353	True	FZD6_HUMAN	FZD6_LRP6	CPI-SC02D62FB5B	FZD6	0.0	0.0	0.0	0.034	0.028	0.0	0.039	0.0	0.0	0.0	0.0	0.042	0.214	0.053	0.0	0.0	0.0	0.0	0.0	0.0	0.0	0.0	0.0	0.0	0.0	0.0	0.0	0.0	0.0	0.0	0.0	0.0
FZD6	O60353	True	FZD6_HUMAN	FZD6_LRP6	CPI-SC04FC6D5DC	FZD6	0.0	0.0	0.0	0.034	0.028	0.0	0.039	0.0	0.0	0.0	0.0	0.042	0.214	0.053	0.0	0.0	0.0	0.0	0.0	0.0	0.0	0.0	0.0	0.0	0.0	0.0	0.0	0.0	0.0	0.0	0.0	0.0
FZD6	O60353	True	FZD6_HUMAN	FZD6_LRP6	CPI-SC01C485556	FZD6	0.0	0.0	0.0	0.034	0.028	0.0	0.039	0.0	0.0	0.0	0.0	0.042	0.214	0.053	0.0	0.0	0.0	0.0	0.0	0.0	0.0	0.0	0.0	0.0	0.0	0.0	0.0	0.0	0.0	0.0	0.0	0.0
FZD6	O60353	True	FZD6_HUMAN	FZD6_LRP6	CPI-SC017027176	FZD6	0.0	0.0	0.0	0.034	0.028	0.0	0.039	0.0	0.0	0.0	0.0	0.042	0.214	0.053	0.0	0.0	0.0	0.0	0.0	0.0	0.0	0.0	0.0	0.0	0.0	0.0	0.0	0.0	0.0	0.0	0.0	0.0
FZD6	O60353	True	FZD6_HUMAN	FZD6_LRP6	CPI-SC0BDD170C7	FZD6	0.0	0.0	0.0	0.034	0.028	0.0	0.039	0.0	0.0	0.0	0.0	0.042	0.214	0.053	0.0	0.0	0.0	0.0	0.0	0.0	0.0	0.0	0.0	0.0	0.0	0.0	0.0	0.0	0.0	0.0	0.0	0.0
FZD6	O60353	True	FZD6_HUMAN	FZD6_LRP6	CPI-SC0AF2D49CF	FZD6	0.0	0.0	0.0	0.034	0.028	0.0	0.039	0.0	0.0	0.0	0.0	0.042	0.214	0.053	0.0	0.0	0.0	0.0	0.0	0.0	0.0	0.0	0.0	0.0	0.0	0.0	0.0	0.0	0.0	0.0	0.0	0.0
FZD6	O60353	True	FZD6_HUMAN	FZD6_LRP6	CPI-SC02CD488A4	FZD6	0.0	0.0	0.0	0.034	0.028	0.0	0.039	0.0	0.0	0.0	0.0	0.042	0.214	0.053	0.0	0.0	0.0	0.0	0.0	0.0	0.0	0.0	0.0	0.0	0.0	0.0	0.0	0.0	0.0	0.0	0.0	0.0
FZD6	O60353	True	FZD6_HUMAN	FZD6_LRP6	CPI-SC0EFB3CEDF	FZD6	0.0	0.0	0.0	0.034	0.028	0.0	0.039	0.0	0.0	0.0	0.0	0.042	0.214	0.053	0.0	0.0	0.0	0.0	0.0	0.0	0.0	0.0	0.0	0.0	0.0	0.0	0.0	0.0	0.0	0.0	0.0	0.0
LRP5	O75197	True	LRP5_HUMAN	FZD8_LRP5	CPI-SC062B25672	LRP5	0.007	0.0	0.0	0.0	0.0	0.069	0.037	0.0	0.0	0.0	0.0	0.052	0.0	0.4	0.0	0.0	0.0	0.0	0.0	0.0	0.054	0.047	0.0	0.0	0.0	0.019	0.0	0.017	0.023	0.0	0.039	0.0
LRP5	O75197	True	LRP5_HUMAN	FZD8_LRP5	CPI-SC039BEEDE4	LRP5	0.007	0.0	0.0	0.0	0.0	0.069	0.037	0.0	0.0	0.0	0.0	0.052	0.0	0.4	0.0	0.0	0.0	0.0	0.0	0.0	0.054	0.047	0.0	0.0	0.0	0.019	0.0	0.017	0.023	0.0	0.039	0.0
LRP5	O75197	True	LRP5_HUMAN	FZD8_LRP5	CPI-SC04590CF27	LRP5	0.007	0.0	0.0	0.0	0.0	0.069	0.037	0.0	0.0	0.0	0.0	0.052	0.0	0.4	0.0	0.0	0.0	0.0	0.0	0.0	0.054	0.047	0.0	0.0	0.0	0.019	0.0	0.017	0.023	0.0	0.039	0.0
LRP5	O75197	True	LRP5_HUMAN	FZD8_LRP5	CPI-SC0277D6476	LRP5	0.007	0.0	0.0	0.0	0.0	0.069	0.037	0.0	0.0	0.0	0.0	0.052	0.0	0.4	0.0	0.0	0.0	0.0	0.0	0.0	0.054	0.047	0.0	0.0	0.0	0.019	0.0	0.017	0.023	0.0	0.039	0.0
LRP5	O75197	True	LRP5_HUMAN	FZD8_LRP5	CPI-SC0B4E996CD	LRP5	0.007	0.0	0.0	0.0	0.0	0.069	0.037	0.0	0.0	0.0	0.0	0.052	0.0	0.4	0.0	0.0	0.0	0.0	0.0	0.0	0.054	0.047	0.0	0.0	0.0	0.019	0.0	0.017	0.023	0.0	0.039	0.0
LRP5	O75197	True	LRP5_HUMAN	FZD8_LRP5	CPI-SC0DBD2C78A	LRP5	0.007	0.0	0.0	0.0	0.0	0.069	0.037	0.0	0.0	0.0	0.0	0.052	0.0	0.4	0.0	0.0	0.0	0.0	0.0	0.0	0.054	0.047	0.0	0.0	0.0	0.019	0.0	0.017	0.023	0.0	0.039	0.0
LRP5	O75197	True	LRP5_HUMAN	FZD8_LRP5	CPI-SC0596FD9F6	LRP5	0.007	0.0	0.0	0.0	0.0	0.069	0.037	0.0	0.0	0.0	0.0	0.052	0.0	0.4	0.0	0.0	0.0	0.0	0.0	0.0	0.054	0.047	0.0	0.0	0.0	0.019	0.0	0.017	0.023	0.0	0.039	0.0
LRP5	O75197	True	LRP5_HUMAN	FZD8_LRP5	CPI-SC0889E4F05	LRP5	0.007	0.0	0.0	0.0	0.0	0.069	0.037	0.0	0.0	0.0	0.0	0.052	0.0	0.4	0.0	0.0	0.0	0.0	0.0	0.0	0.054	0.047	0.0	0.0	0.0	0.019	0.0	0.017	0.023	0.0	0.039	0.0
LRP5	O75197	True	LRP5_HUMAN	FZD8_LRP5	CPI-SC0C1671F4D	LRP5	0.007	0.0	0.0	0.0	0.0	0.069	0.037	0.0	0.0	0.0	0.0	0.052	0.0	0.4	0.0	0.0	0.0	0.0	0.0	0.0	0.054	0.047	0.0	0.0	0.0	0.019	0.0	0.017	0.023	0.0	0.039	0.0
LRP5	O75197	True	LRP5_HUMAN	FZD8_LRP5	CPI-SC0185A7BDE	LRP5	0.007	0.0	0.0	0.0	0.0	0.069	0.037	0.0	0.0	0.0	0.0	0.052	0.0	0.4	0.0	0.0	0.0	0.0	0.0	0.0	0.054	0.047	0.0	0.0	0.0	0.019	0.0	0.017	0.023	0.0	0.039	0.0
LRP5	O75197	True	LRP5_HUMAN	FZD8_LRP5	CPI-SC0B6D1BF72	LRP5	0.007	0.0	0.0	0.0	0.0	0.069	0.037	0.0	0.0	0.0	0.0	0.052	0.0	0.4	0.0	0.0	0.0	0.0	0.0	0.0	0.054	0.047	0.0	0.0	0.0	0.019	0.0	0.017	0.023	0.0	0.039	0.0
LRP5	O75197	True	LRP5_HUMAN	FZD8_LRP5	CPI-SC06EFB9697	LRP5	0.007	0.0	0.0	0.0	0.0	0.069	0.037	0.0	0.0	0.0	0.0	0.052	0.0	0.4	0.0	0.0	0.0	0.0	0.0	0.0	0.054	0.047	0.0	0.0	0.0	0.019	0.0	0.017	0.023	0.0	0.039	0.0
LRP5	O75197	True	LRP5_HUMAN	FZD8_LRP5	CPI-SC027A5CF3D	LRP5	0.007	0.0	0.0	0.0	0.0	0.069	0.037	0.0	0.0	0.0	0.0	0.052	0.0	0.4	0.0	0.0	0.0	0.0	0.0	0.0	0.054	0.047	0.0	0.0	0.0	0.019	0.0	0.017	0.023	0.0	0.039	0.0
LRP5	O75197	True	LRP5_HUMAN	FZD8_LRP5	CPI-SC01CC760EE	LRP5	0.007	0.0	0.0	0.0	0.0	0.069	0.037	0.0	0.0	0.0	0.0	0.052	0.0	0.4	0.0	0.0	0.0	0.0	0.0	0.0	0.054	0.047	0.0	0.0	0.0	0.019	0.0	0.017	0.023	0.0	0.039	0.0
LRP5	O75197	True	LRP5_HUMAN	FZD8_LRP5	CPI-SC0F68FD442	LRP5	0.007	0.0	0.0	0.0	0.0	0.069	0.037	0.0	0.0	0.0	0.0	0.052	0.0	0.4	0.0	0.0	0.0	0.0	0.0	0.0	0.054	0.047	0.0	0.0	0.0	0.019	0.0	0.017	0.023	0.0	0.039	0.0
LRP5	O75197	True	LRP5_HUMAN	FZD8_LRP5	CPI-SC0908CF012	LRP5	0.007	0.0	0.0	0.0	0.0	0.069	0.037	0.0	0.0	0.0	0.0	0.052	0.0	0.4	0.0	0.0	0.0	0.0	0.0	0.0	0.054	0.047	0.0	0.0	0.0	0.019	0.0	0.017	0.023	0.0	0.039	0.0
FZD8	Q9H461	True	FZD8_HUMAN	FZD8_LRP5	CPI-SC062B25672	FZD8	0.007	0.0	0.0	0.0	0.0	0.069	0.037	0.0	0.0	0.0	0.0	0.052	0.0	0.4	0.0	0.0	0.0	0.0	0.0	0.0	0.054	0.047	0.0	0.0	0.0	0.019	0.0	0.017	0.023	0.0	0.039	0.0
FZD8	Q9H461	True	FZD8_HUMAN	FZD8_LRP5	CPI-SC039BEEDE4	FZD8	0.007	0.0	0.0	0.0	0.0	0.069	0.037	0.0	0.0	0.0	0.0	0.052	0.0	0.4	0.0	0.0	0.0	0.0	0.0	0.0	0.054	0.047	0.0	0.0	0.0	0.019	0.0	0.017	0.023	0.0	0.039	0.0
FZD8	Q9H461	True	FZD8_HUMAN	FZD8_LRP5	CPI-SC04590CF27	FZD8	0.007	0.0	0.0	0.0	0.0	0.069	0.037	0.0	0.0	0.0	0.0	0.052	0.0	0.4	0.0	0.0	0.0	0.0	0.0	0.0	0.054	0.047	0.0	0.0	0.0	0.019	0.0	0.017	0.023	0.0	0.039	0.0
FZD8	Q9H461	True	FZD8_HUMAN	FZD8_LRP5	CPI-SC0277D6476	FZD8	0.007	0.0	0.0	0.0	0.0	0.069	0.037	0.0	0.0	0.0	0.0	0.052	0.0	0.4	0.0	0.0	0.0	0.0	0.0	0.0	0.054	0.047	0.0	0.0	0.0	0.019	0.0	0.017	0.023	0.0	0.039	0.0
FZD8	Q9H461	True	FZD8_HUMAN	FZD8_LRP5	CPI-SC0B4E996CD	FZD8	0.007	0.0	0.0	0.0	0.0	0.069	0.037	0.0	0.0	0.0	0.0	0.052	0.0	0.4	0.0	0.0	0.0	0.0	0.0	0.0	0.054	0.047	0.0	0.0	0.0	0.019	0.0	0.017	0.023	0.0	0.039	0.0
FZD8	Q9H461	True	FZD8_HUMAN	FZD8_LRP5	CPI-SC0DBD2C78A	FZD8	0.007	0.0	0.0	0.0	0.0	0.069	0.037	0.0	0.0	0.0	0.0	0.052	0.0	0.4	0.0	0.0	0.0	0.0	0.0	0.0	0.054	0.047	0.0	0.0	0.0	0.019	0.0	0.017	0.023	0.0	0.039	0.0
FZD8	Q9H461	True	FZD8_HUMAN	FZD8_LRP5	CPI-SC0596FD9F6	FZD8	0.007	0.0	0.0	0.0	0.0	0.069	0.037	0.0	0.0	0.0	0.0	0.052	0.0	0.4	0.0	0.0	0.0	0.0	0.0	0.0	0.054	0.047	0.0	0.0	0.0	0.019	0.0	0.017	0.023	0.0	0.039	0.0
FZD8	Q9H461	True	FZD8_HUMAN	FZD8_LRP5	CPI-SC0889E4F05	FZD8	0.007	0.0	0.0	0.0	0.0	0.069	0.037	0.0	0.0	0.0	0.0	0.052	0.0	0.4	0.0	0.0	0.0	0.0	0.0	0.0	0.054	0.047	0.0	0.0	0.0	0.019	0.0	0.017	0.023	0.0	0.039	0.0
FZD8	Q9H461	True	FZD8_HUMAN	FZD8_LRP5	CPI-SC0C1671F4D	FZD8	0.007	0.0	0.0	0.0	0.0	0.069	0.037	0.0	0.0	0.0	0.0	0.052	0.0	0.4	0.0	0.0	0.0	0.0	0.0	0.0	0.054	0.047	0.0	0.0	0.0	0.019	0.0	0.017	0.023	0.0	0.039	0.0
FZD8	Q9H461	True	FZD8_HUMAN	FZD8_LRP5	CPI-SC0185A7BDE	FZD8	0.007	0.0	0.0	0.0	0.0	0.069	0.037	0.0	0.0	0.0	0.0	0.052	0.0	0.4	0.0	0.0	0.0	0.0	0.0	0.0	0.054	0.047	0.0	0.0	0.0	0.019	0.0	0.017	0.023	0.0	0.039	0.0
FZD8	Q9H461	True	FZD8_HUMAN	FZD8_LRP5	CPI-SC0B6D1BF72	FZD8	0.007	0.0	0.0	0.0	0.0	0.069	0.037	0.0	0.0	0.0	0.0	0.052	0.0	0.4	0.0	0.0	0.0	0.0	0.0	0.0	0.054	0.047	0.0	0.0	0.0	0.019	0.0	0.017	0.023	0.0	0.039	0.0
FZD8	Q9H461	True	FZD8_HUMAN	FZD8_LRP5	CPI-SC06EFB9697	FZD8	0.007	0.0	0.0	0.0	0.0	0.069	0.037	0.0	0.0	0.0	0.0	0.052	0.0	0.4	0.0	0.0	0.0	0.0	0.0	0.0	0.054	0.047	0.0	0.0	0.0	0.019	0.0	0.017	0.023	0.0	0.039	0.0
FZD8	Q9H461	True	FZD8_HUMAN	FZD8_LRP5	CPI-SC027A5CF3D	FZD8	0.007	0.0	0.0	0.0	0.0	0.069	0.037	0.0	0.0	0.0	0.0	0.052	0.0	0.4	0.0	0.0	0.0	0.0	0.0	0.0	0.054	0.047	0.0	0.0	0.0	0.019	0.0	0.017	0.023	0.0	0.039	0.0
FZD8	Q9H461	True	FZD8_HUMAN	FZD8_LRP5	CPI-SC01CC760EE	FZD8	0.007	0.0	0.0	0.0	0.0	0.069	0.037	0.0	0.0	0.0	0.0	0.052	0.0	0.4	0.0	0.0	0.0	0.0	0.0	0.0	0.054	0.047	0.0	0.0	0.0	0.019	0.0	0.017	0.023	0.0	0.039	0.0
FZD8	Q9H461	True	FZD8_HUMAN	FZD8_LRP5	CPI-SC0F68FD442	FZD8	0.007	0.0	0.0	0.0	0.0	0.069	0.037	0.0	0.0	0.0	0.0	0.052	0.0	0.4	0.0	0.0	0.0	0.0	0.0	0.0	0.054	0.047	0.0	0.0	0.0	0.019	0.0	0.017	0.023	0.0	0.039	0.0
FZD8	Q9H461	True	FZD8_HUMAN	FZD8_LRP5	CPI-SC0908CF012	FZD8	0.007	0.0	0.0	0.0	0.0	0.069	0.037	0.0	0.0	0.0	0.0	0.052	0.0	0.4	0.0	0.0	0.0	0.0	0.0	0.0	0.054	0.047	0.0	0.0	0.0	0.019	0.0	0.017	0.023	0.0	0.039	0.0
LRP6	O75581	True	LRP6_HUMAN	FZD8_LRP6	CPI-SC0E7F51B25	LRP6	0.007	0.0	0.0	0.0	0.0	0.069	0.037	0.0	0.0	0.0	0.0	0.052	0.0	0.085	0.0	0.0	0.0	0.0	0.0	0.0	0.054	0.047	0.0	0.0	0.0	0.019	0.0	0.017	0.023	0.0	0.039	0.0
LRP6	O75581	True	LRP6_HUMAN	FZD8_LRP6	CPI-SC0E8623846	LRP6	0.007	0.0	0.0	0.0	0.0	0.069	0.037	0.0	0.0	0.0	0.0	0.052	0.0	0.085	0.0	0.0	0.0	0.0	0.0	0.0	0.054	0.047	0.0	0.0	0.0	0.019	0.0	0.017	0.023	0.0	0.039	0.0
LRP6	O75581	True	LRP6_HUMAN	FZD8_LRP6	CPI-SC031A56DEB	LRP6	0.007	0.0	0.0	0.0	0.0	0.069	0.037	0.0	0.0	0.0	0.0	0.052	0.0	0.085	0.0	0.0	0.0	0.0	0.0	0.0	0.054	0.047	0.0	0.0	0.0	0.019	0.0	0.017	0.023	0.0	0.039	0.0
LRP6	O75581	True	LRP6_HUMAN	FZD8_LRP6	CPI-SC0B9D5B3BB	LRP6	0.007	0.0	0.0	0.0	0.0	0.069	0.037	0.0	0.0	0.0	0.0	0.052	0.0	0.085	0.0	0.0	0.0	0.0	0.0	0.0	0.054	0.047	0.0	0.0	0.0	0.019	0.0	0.017	0.023	0.0	0.039	0.0
LRP6	O75581	True	LRP6_HUMAN	FZD8_LRP6	CPI-SC08F2BED38	LRP6	0.007	0.0	0.0	0.0	0.0	0.069	0.037	0.0	0.0	0.0	0.0	0.052	0.0	0.085	0.0	0.0	0.0	0.0	0.0	0.0	0.054	0.047	0.0	0.0	0.0	0.019	0.0	0.017	0.023	0.0	0.039	0.0
LRP6	O75581	True	LRP6_HUMAN	FZD8_LRP6	CPI-SC061351B3F	LRP6	0.007	0.0	0.0	0.0	0.0	0.069	0.037	0.0	0.0	0.0	0.0	0.052	0.0	0.085	0.0	0.0	0.0	0.0	0.0	0.0	0.054	0.047	0.0	0.0	0.0	0.019	0.0	0.017	0.023	0.0	0.039	0.0
LRP6	O75581	True	LRP6_HUMAN	FZD8_LRP6	CPI-SC077E857AE	LRP6	0.007	0.0	0.0	0.0	0.0	0.069	0.037	0.0	0.0	0.0	0.0	0.052	0.0	0.085	0.0	0.0	0.0	0.0	0.0	0.0	0.054	0.047	0.0	0.0	0.0	0.019	0.0	0.017	0.023	0.0	0.039	0.0
LRP6	O75581	True	LRP6_HUMAN	FZD8_LRP6	CPI-SC07648DD90	LRP6	0.007	0.0	0.0	0.0	0.0	0.069	0.037	0.0	0.0	0.0	0.0	0.052	0.0	0.085	0.0	0.0	0.0	0.0	0.0	0.0	0.054	0.047	0.0	0.0	0.0	0.019	0.0	0.017	0.023	0.0	0.039	0.0
LRP6	O75581	True	LRP6_HUMAN	FZD8_LRP6	CPI-SC01C2F8BE5	LRP6	0.007	0.0	0.0	0.0	0.0	0.069	0.037	0.0	0.0	0.0	0.0	0.052	0.0	0.085	0.0	0.0	0.0	0.0	0.0	0.0	0.054	0.047	0.0	0.0	0.0	0.019	0.0	0.017	0.023	0.0	0.039	0.0
LRP6	O75581	True	LRP6_HUMAN	FZD8_LRP6	CPI-SC02EBDBB5C	LRP6	0.007	0.0	0.0	0.0	0.0	0.069	0.037	0.0	0.0	0.0	0.0	0.052	0.0	0.085	0.0	0.0	0.0	0.0	0.0	0.0	0.054	0.047	0.0	0.0	0.0	0.019	0.0	0.017	0.023	0.0	0.039	0.0
LRP6	O75581	True	LRP6_HUMAN	FZD8_LRP6	CPI-SC0D8F589A1	LRP6	0.007	0.0	0.0	0.0	0.0	0.069	0.037	0.0	0.0	0.0	0.0	0.052	0.0	0.085	0.0	0.0	0.0	0.0	0.0	0.0	0.054	0.047	0.0	0.0	0.0	0.019	0.0	0.017	0.023	0.0	0.039	0.0
LRP6	O75581	True	LRP6_HUMAN	FZD8_LRP6	CPI-SC0942D4B76	LRP6	0.007	0.0	0.0	0.0	0.0	0.069	0.037	0.0	0.0	0.0	0.0	0.052	0.0	0.085	0.0	0.0	0.0	0.0	0.0	0.0	0.054	0.047	0.0	0.0	0.0	0.019	0.0	0.017	0.023	0.0	0.039	0.0
LRP6	O75581	True	LRP6_HUMAN	FZD8_LRP6	CPI-SC0434B6726	LRP6	0.007	0.0	0.0	0.0	0.0	0.069	0.037	0.0	0.0	0.0	0.0	0.052	0.0	0.085	0.0	0.0	0.0	0.0	0.0	0.0	0.054	0.047	0.0	0.0	0.0	0.019	0.0	0.017	0.023	0.0	0.039	0.0
LRP6	O75581	True	LRP6_HUMAN	FZD8_LRP6	CPI-SC0BB739BFE	LRP6	0.007	0.0	0.0	0.0	0.0	0.069	0.037	0.0	0.0	0.0	0.0	0.052	0.0	0.085	0.0	0.0	0.0	0.0	0.0	0.0	0.054	0.047	0.0	0.0	0.0	0.019	0.0	0.017	0.023	0.0	0.039	0.0
LRP6	O75581	True	LRP6_HUMAN	FZD8_LRP6	CPI-SC09F5F81CF	LRP6	0.007	0.0	0.0	0.0	0.0	0.069	0.037	0.0	0.0	0.0	0.0	0.052	0.0	0.085	0.0	0.0	0.0	0.0	0.0	0.0	0.054	0.047	0.0	0.0	0.0	0.019	0.0	0.017	0.023	0.0	0.039	0.0
LRP6	O75581	True	LRP6_HUMAN	FZD8_LRP6	CPI-SC0F9E07951	LRP6	0.007	0.0	0.0	0.0	0.0	0.069	0.037	0.0	0.0	0.0	0.0	0.052	0.0	0.085	0.0	0.0	0.0	0.0	0.0	0.0	0.054	0.047	0.0	0.0	0.0	0.019	0.0	0.017	0.023	0.0	0.039	0.0
LRP6	O75581	True	LRP6_HUMAN	FZD8_LRP6	CPI-SC005D197A2	LRP6	0.007	0.0	0.0	0.0	0.0	0.069	0.037	0.0	0.0	0.0	0.0	0.052	0.0	0.085	0.0	0.0	0.0	0.0	0.0	0.0	0.054	0.047	0.0	0.0	0.0	0.019	0.0	0.017	0.023	0.0	0.039	0.0
FZD8	Q9H461	True	FZD8_HUMAN	FZD8_LRP6	CPI-SC0E7F51B25	FZD8	0.007	0.0	0.0	0.0	0.0	0.069	0.037	0.0	0.0	0.0	0.0	0.052	0.0	0.085	0.0	0.0	0.0	0.0	0.0	0.0	0.054	0.047	0.0	0.0	0.0	0.019	0.0	0.017	0.023	0.0	0.039	0.0
FZD8	Q9H461	True	FZD8_HUMAN	FZD8_LRP6	CPI-SC0E8623846	FZD8	0.007	0.0	0.0	0.0	0.0	0.069	0.037	0.0	0.0	0.0	0.0	0.052	0.0	0.085	0.0	0.0	0.0	0.0	0.0	0.0	0.054	0.047	0.0	0.0	0.0	0.019	0.0	0.017	0.023	0.0	0.039	0.0
FZD8	Q9H461	True	FZD8_HUMAN	FZD8_LRP6	CPI-SC031A56DEB	FZD8	0.007	0.0	0.0	0.0	0.0	0.069	0.037	0.0	0.0	0.0	0.0	0.052	0.0	0.085	0.0	0.0	0.0	0.0	0.0	0.0	0.054	0.047	0.0	0.0	0.0	0.019	0.0	0.017	0.023	0.0	0.039	0.0
FZD8	Q9H461	True	FZD8_HUMAN	FZD8_LRP6	CPI-SC0B9D5B3BB	FZD8	0.007	0.0	0.0	0.0	0.0	0.069	0.037	0.0	0.0	0.0	0.0	0.052	0.0	0.085	0.0	0.0	0.0	0.0	0.0	0.0	0.054	0.047	0.0	0.0	0.0	0.019	0.0	0.017	0.023	0.0	0.039	0.0
FZD8	Q9H461	True	FZD8_HUMAN	FZD8_LRP6	CPI-SC08F2BED38	FZD8	0.007	0.0	0.0	0.0	0.0	0.069	0.037	0.0	0.0	0.0	0.0	0.052	0.0	0.085	0.0	0.0	0.0	0.0	0.0	0.0	0.054	0.047	0.0	0.0	0.0	0.019	0.0	0.017	0.023	0.0	0.039	0.0
FZD8	Q9H461	True	FZD8_HUMAN	FZD8_LRP6	CPI-SC061351B3F	FZD8	0.007	0.0	0.0	0.0	0.0	0.069	0.037	0.0	0.0	0.0	0.0	0.052	0.0	0.085	0.0	0.0	0.0	0.0	0.0	0.0	0.054	0.047	0.0	0.0	0.0	0.019	0.0	0.017	0.023	0.0	0.039	0.0
FZD8	Q9H461	True	FZD8_HUMAN	FZD8_LRP6	CPI-SC077E857AE	FZD8	0.007	0.0	0.0	0.0	0.0	0.069	0.037	0.0	0.0	0.0	0.0	0.052	0.0	0.085	0.0	0.0	0.0	0.0	0.0	0.0	0.054	0.047	0.0	0.0	0.0	0.019	0.0	0.017	0.023	0.0	0.039	0.0
FZD8	Q9H461	True	FZD8_HUMAN	FZD8_LRP6	CPI-SC07648DD90	FZD8	0.007	0.0	0.0	0.0	0.0	0.069	0.037	0.0	0.0	0.0	0.0	0.052	0.0	0.085	0.0	0.0	0.0	0.0	0.0	0.0	0.054	0.047	0.0	0.0	0.0	0.019	0.0	0.017	0.023	0.0	0.039	0.0
FZD8	Q9H461	True	FZD8_HUMAN	FZD8_LRP6	CPI-SC01C2F8BE5	FZD8	0.007	0.0	0.0	0.0	0.0	0.069	0.037	0.0	0.0	0.0	0.0	0.052	0.0	0.085	0.0	0.0	0.0	0.0	0.0	0.0	0.054	0.047	0.0	0.0	0.0	0.019	0.0	0.017	0.023	0.0	0.039	0.0
FZD8	Q9H461	True	FZD8_HUMAN	FZD8_LRP6	CPI-SC02EBDBB5C	FZD8	0.007	0.0	0.0	0.0	0.0	0.069	0.037	0.0	0.0	0.0	0.0	0.052	0.0	0.085	0.0	0.0	0.0	0.0	0.0	0.0	0.054	0.047	0.0	0.0	0.0	0.019	0.0	0.017	0.023	0.0	0.039	0.0
FZD8	Q9H461	True	FZD8_HUMAN	FZD8_LRP6	CPI-SC0D8F589A1	FZD8	0.007	0.0	0.0	0.0	0.0	0.069	0.037	0.0	0.0	0.0	0.0	0.052	0.0	0.085	0.0	0.0	0.0	0.0	0.0	0.0	0.054	0.047	0.0	0.0	0.0	0.019	0.0	0.017	0.023	0.0	0.039	0.0
FZD8	Q9H461	True	FZD8_HUMAN	FZD8_LRP6	CPI-SC0942D4B76	FZD8	0.007	0.0	0.0	0.0	0.0	0.069	0.037	0.0	0.0	0.0	0.0	0.052	0.0	0.085	0.0	0.0	0.0	0.0	0.0	0.0	0.054	0.047	0.0	0.0	0.0	0.019	0.0	0.017	0.023	0.0	0.039	0.0
FZD8	Q9H461	True	FZD8_HUMAN	FZD8_LRP6	CPI-SC0434B6726	FZD8	0.007	0.0	0.0	0.0	0.0	0.069	0.037	0.0	0.0	0.0	0.0	0.052	0.0	0.085	0.0	0.0	0.0	0.0	0.0	0.0	0.054	0.047	0.0	0.0	0.0	0.019	0.0	0.017	0.023	0.0	0.039	0.0
FZD8	Q9H461	True	FZD8_HUMAN	FZD8_LRP6	CPI-SC0BB739BFE	FZD8	0.007	0.0	0.0	0.0	0.0	0.069	0.037	0.0	0.0	0.0	0.0	0.052	0.0	0.085	0.0	0.0	0.0	0.0	0.0	0.0	0.054	0.047	0.0	0.0	0.0	0.019	0.0	0.017	0.023	0.0	0.039	0.0
FZD8	Q9H461	True	FZD8_HUMAN	FZD8_LRP6	CPI-SC09F5F81CF	FZD8	0.007	0.0	0.0	0.0	0.0	0.069	0.037	0.0	0.0	0.0	0.0	0.052	0.0	0.085	0.0	0.0	0.0	0.0	0.0	0.0	0.054	0.047	0.0	0.0	0.0	0.019	0.0	0.017	0.023	0.0	0.039	0.0
FZD8	Q9H461	True	FZD8_HUMAN	FZD8_LRP6	CPI-SC0F9E07951	FZD8	0.007	0.0	0.0	0.0	0.0	0.069	0.037	0.0	0.0	0.0	0.0	0.052	0.0	0.085	0.0	0.0	0.0	0.0	0.0	0.0	0.054	0.047	0.0	0.0	0.0	0.019	0.0	0.017	0.023	0.0	0.039	0.0
FZD8	Q9H461	True	FZD8_HUMAN	FZD8_LRP6	CPI-SC005D197A2	FZD8	0.007	0.0	0.0	0.0	0.0	0.069	0.037	0.0	0.0	0.0	0.0	0.052	0.0	0.085	0.0	0.0	0.0	0.0	0.0	0.0	0.054	0.047	0.0	0.0	0.0	0.019	0.0	0.017	0.023	0.0	0.039	0.0
LRP5	O75197	True	LRP5_HUMAN	FZD9_LRP5	CPI-SC04092E808	LRP5	0.002	0.0	0.0	0.0	0.066	0.0	0.0	0.0	0.0	0.0	0.0	0.0	0.0	0.0	0.0	0.204	0.0	0.0	0.0	0.0	0.0	0.0	0.0	0.0	0.0	0.0	0.0	0.015	0.0	0.0	0.017	0.0
LRP5	O75197	True	LRP5_HUMAN	FZD9_LRP5	CPI-SC0B95D4E55	LRP5	0.002	0.0	0.0	0.0	0.066	0.0	0.0	0.0	0.0	0.0	0.0	0.0	0.0	0.0	0.0	0.204	0.0	0.0	0.0	0.0	0.0	0.0	0.0	0.0	0.0	0.0	0.0	0.015	0.0	0.0	0.017	0.0
LRP5	O75197	True	LRP5_HUMAN	FZD9_LRP5	CPI-SC006391BC5	LRP5	0.002	0.0	0.0	0.0	0.066	0.0	0.0	0.0	0.0	0.0	0.0	0.0	0.0	0.0	0.0	0.204	0.0	0.0	0.0	0.0	0.0	0.0	0.0	0.0	0.0	0.0	0.0	0.015	0.0	0.0	0.017	0.0
LRP5	O75197	True	LRP5_HUMAN	FZD9_LRP5	CPI-SC0E5131C5E	LRP5	0.002	0.0	0.0	0.0	0.066	0.0	0.0	0.0	0.0	0.0	0.0	0.0	0.0	0.0	0.0	0.204	0.0	0.0	0.0	0.0	0.0	0.0	0.0	0.0	0.0	0.0	0.0	0.015	0.0	0.0	0.017	0.0
LRP5	O75197	True	LRP5_HUMAN	FZD9_LRP5	CPI-SC0CC357E07	LRP5	0.002	0.0	0.0	0.0	0.066	0.0	0.0	0.0	0.0	0.0	0.0	0.0	0.0	0.0	0.0	0.204	0.0	0.0	0.0	0.0	0.0	0.0	0.0	0.0	0.0	0.0	0.0	0.015	0.0	0.0	0.017	0.0
LRP5	O75197	True	LRP5_HUMAN	FZD9_LRP5	CPI-SC02FACCE0B	LRP5	0.002	0.0	0.0	0.0	0.066	0.0	0.0	0.0	0.0	0.0	0.0	0.0	0.0	0.0	0.0	0.204	0.0	0.0	0.0	0.0	0.0	0.0	0.0	0.0	0.0	0.0	0.0	0.015	0.0	0.0	0.017	0.0
LRP5	O75197	True	LRP5_HUMAN	FZD9_LRP5	CPI-SC090434118	LRP5	0.002	0.0	0.0	0.0	0.066	0.0	0.0	0.0	0.0	0.0	0.0	0.0	0.0	0.0	0.0	0.204	0.0	0.0	0.0	0.0	0.0	0.0	0.0	0.0	0.0	0.0	0.0	0.015	0.0	0.0	0.017	0.0
LRP5	O75197	True	LRP5_HUMAN	FZD9_LRP5	CPI-SC002829D48	LRP5	0.002	0.0	0.0	0.0	0.066	0.0	0.0	0.0	0.0	0.0	0.0	0.0	0.0	0.0	0.0	0.204	0.0	0.0	0.0	0.0	0.0	0.0	0.0	0.0	0.0	0.0	0.0	0.015	0.0	0.0	0.017	0.0
LRP5	O75197	True	LRP5_HUMAN	FZD9_LRP5	CPI-SC02B89D65A	LRP5	0.002	0.0	0.0	0.0	0.066	0.0	0.0	0.0	0.0	0.0	0.0	0.0	0.0	0.0	0.0	0.204	0.0	0.0	0.0	0.0	0.0	0.0	0.0	0.0	0.0	0.0	0.0	0.015	0.0	0.0	0.017	0.0
LRP5	O75197	True	LRP5_HUMAN	FZD9_LRP5	CPI-SC0F159BD5A	LRP5	0.002	0.0	0.0	0.0	0.066	0.0	0.0	0.0	0.0	0.0	0.0	0.0	0.0	0.0	0.0	0.204	0.0	0.0	0.0	0.0	0.0	0.0	0.0	0.0	0.0	0.0	0.0	0.015	0.0	0.0	0.017	0.0
LRP5	O75197	True	LRP5_HUMAN	FZD9_LRP5	CPI-SC0B4814E5F	LRP5	0.002	0.0	0.0	0.0	0.066	0.0	0.0	0.0	0.0	0.0	0.0	0.0	0.0	0.0	0.0	0.204	0.0	0.0	0.0	0.0	0.0	0.0	0.0	0.0	0.0	0.0	0.0	0.015	0.0	0.0	0.017	0.0
LRP5	O75197	True	LRP5_HUMAN	FZD9_LRP5	CPI-SC09A735D6F	LRP5	0.002	0.0	0.0	0.0	0.066	0.0	0.0	0.0	0.0	0.0	0.0	0.0	0.0	0.0	0.0	0.204	0.0	0.0	0.0	0.0	0.0	0.0	0.0	0.0	0.0	0.0	0.0	0.015	0.0	0.0	0.017	0.0
LRP5	O75197	True	LRP5_HUMAN	FZD9_LRP5	CPI-SC0A8070937	LRP5	0.002	0.0	0.0	0.0	0.066	0.0	0.0	0.0	0.0	0.0	0.0	0.0	0.0	0.0	0.0	0.204	0.0	0.0	0.0	0.0	0.0	0.0	0.0	0.0	0.0	0.0	0.0	0.015	0.0	0.0	0.017	0.0
LRP5	O75197	True	LRP5_HUMAN	FZD9_LRP5	CPI-SC09DD54D04	LRP5	0.002	0.0	0.0	0.0	0.066	0.0	0.0	0.0	0.0	0.0	0.0	0.0	0.0	0.0	0.0	0.204	0.0	0.0	0.0	0.0	0.0	0.0	0.0	0.0	0.0	0.0	0.0	0.015	0.0	0.0	0.017	0.0
LRP5	O75197	True	LRP5_HUMAN	FZD9_LRP5	CPI-SC0B7AFE8F9	LRP5	0.002	0.0	0.0	0.0	0.066	0.0	0.0	0.0	0.0	0.0	0.0	0.0	0.0	0.0	0.0	0.204	0.0	0.0	0.0	0.0	0.0	0.0	0.0	0.0	0.0	0.0	0.0	0.015	0.0	0.0	0.017	0.0
FZD9	O00144	True	FZD9_HUMAN	FZD9_LRP5	CPI-SC04092E808	FZD9	0.002	0.0	0.0	0.0	0.066	0.0	0.0	0.0	0.0	0.0	0.0	0.0	0.0	0.0	0.0	0.204	0.0	0.0	0.0	0.0	0.0	0.0	0.0	0.0	0.0	0.0	0.0	0.015	0.0	0.0	0.017	0.0
FZD9	O00144	True	FZD9_HUMAN	FZD9_LRP5	CPI-SC0B95D4E55	FZD9	0.002	0.0	0.0	0.0	0.066	0.0	0.0	0.0	0.0	0.0	0.0	0.0	0.0	0.0	0.0	0.204	0.0	0.0	0.0	0.0	0.0	0.0	0.0	0.0	0.0	0.0	0.0	0.015	0.0	0.0	0.017	0.0
FZD9	O00144	True	FZD9_HUMAN	FZD9_LRP5	CPI-SC006391BC5	FZD9	0.002	0.0	0.0	0.0	0.066	0.0	0.0	0.0	0.0	0.0	0.0	0.0	0.0	0.0	0.0	0.204	0.0	0.0	0.0	0.0	0.0	0.0	0.0	0.0	0.0	0.0	0.0	0.015	0.0	0.0	0.017	0.0
FZD9	O00144	True	FZD9_HUMAN	FZD9_LRP5	CPI-SC0E5131C5E	FZD9	0.002	0.0	0.0	0.0	0.066	0.0	0.0	0.0	0.0	0.0	0.0	0.0	0.0	0.0	0.0	0.204	0.0	0.0	0.0	0.0	0.0	0.0	0.0	0.0	0.0	0.0	0.0	0.015	0.0	0.0	0.017	0.0
FZD9	O00144	True	FZD9_HUMAN	FZD9_LRP5	CPI-SC0CC357E07	FZD9	0.002	0.0	0.0	0.0	0.066	0.0	0.0	0.0	0.0	0.0	0.0	0.0	0.0	0.0	0.0	0.204	0.0	0.0	0.0	0.0	0.0	0.0	0.0	0.0	0.0	0.0	0.0	0.015	0.0	0.0	0.017	0.0
FZD9	O00144	True	FZD9_HUMAN	FZD9_LRP5	CPI-SC02FACCE0B	FZD9	0.002	0.0	0.0	0.0	0.066	0.0	0.0	0.0	0.0	0.0	0.0	0.0	0.0	0.0	0.0	0.204	0.0	0.0	0.0	0.0	0.0	0.0	0.0	0.0	0.0	0.0	0.0	0.015	0.0	0.0	0.017	0.0
FZD9	O00144	True	FZD9_HUMAN	FZD9_LRP5	CPI-SC090434118	FZD9	0.002	0.0	0.0	0.0	0.066	0.0	0.0	0.0	0.0	0.0	0.0	0.0	0.0	0.0	0.0	0.204	0.0	0.0	0.0	0.0	0.0	0.0	0.0	0.0	0.0	0.0	0.0	0.015	0.0	0.0	0.017	0.0
FZD9	O00144	True	FZD9_HUMAN	FZD9_LRP5	CPI-SC002829D48	FZD9	0.002	0.0	0.0	0.0	0.066	0.0	0.0	0.0	0.0	0.0	0.0	0.0	0.0	0.0	0.0	0.204	0.0	0.0	0.0	0.0	0.0	0.0	0.0	0.0	0.0	0.0	0.0	0.015	0.0	0.0	0.017	0.0
FZD9	O00144	True	FZD9_HUMAN	FZD9_LRP5	CPI-SC02B89D65A	FZD9	0.002	0.0	0.0	0.0	0.066	0.0	0.0	0.0	0.0	0.0	0.0	0.0	0.0	0.0	0.0	0.204	0.0	0.0	0.0	0.0	0.0	0.0	0.0	0.0	0.0	0.0	0.0	0.015	0.0	0.0	0.017	0.0
FZD9	O00144	True	FZD9_HUMAN	FZD9_LRP5	CPI-SC0F159BD5A	FZD9	0.002	0.0	0.0	0.0	0.066	0.0	0.0	0.0	0.0	0.0	0.0	0.0	0.0	0.0	0.0	0.204	0.0	0.0	0.0	0.0	0.0	0.0	0.0	0.0	0.0	0.0	0.0	0.015	0.0	0.0	0.017	0.0
FZD9	O00144	True	FZD9_HUMAN	FZD9_LRP5	CPI-SC0B4814E5F	FZD9	0.002	0.0	0.0	0.0	0.066	0.0	0.0	0.0	0.0	0.0	0.0	0.0	0.0	0.0	0.0	0.204	0.0	0.0	0.0	0.0	0.0	0.0	0.0	0.0	0.0	0.0	0.0	0.015	0.0	0.0	0.017	0.0
FZD9	O00144	True	FZD9_HUMAN	FZD9_LRP5	CPI-SC09A735D6F	FZD9	0.002	0.0	0.0	0.0	0.066	0.0	0.0	0.0	0.0	0.0	0.0	0.0	0.0	0.0	0.0	0.204	0.0	0.0	0.0	0.0	0.0	0.0	0.0	0.0	0.0	0.0	0.0	0.015	0.0	0.0	0.017	0.0
FZD9	O00144	True	FZD9_HUMAN	FZD9_LRP5	CPI-SC0A8070937	FZD9	0.002	0.0	0.0	0.0	0.066	0.0	0.0	0.0	0.0	0.0	0.0	0.0	0.0	0.0	0.0	0.204	0.0	0.0	0.0	0.0	0.0	0.0	0.0	0.0	0.0	0.0	0.0	0.015	0.0	0.0	0.017	0.0
FZD9	O00144	True	FZD9_HUMAN	FZD9_LRP5	CPI-SC09DD54D04	FZD9	0.002	0.0	0.0	0.0	0.066	0.0	0.0	0.0	0.0	0.0	0.0	0.0	0.0	0.0	0.0	0.204	0.0	0.0	0.0	0.0	0.0	0.0	0.0	0.0	0.0	0.0	0.0	0.015	0.0	0.0	0.017	0.0
FZD9	O00144	True	FZD9_HUMAN	FZD9_LRP5	CPI-SC0B7AFE8F9	FZD9	0.002	0.0	0.0	0.0	0.066	0.0	0.0	0.0	0.0	0.0	0.0	0.0	0.0	0.0	0.0	0.204	0.0	0.0	0.0	0.0	0.0	0.0	0.0	0.0	0.0	0.0	0.0	0.015	0.0	0.0	0.017	0.0
LRP6	O75581	True	LRP6_HUMAN	FZD9_LRP6	CPI-SC09FC5B2A7	LRP6	0.002	0.0	0.0	0.0	0.066	0.0	0.0	0.0	0.0	0.0	0.0	0.0	0.0	0.0	0.0	0.179	0.0	0.0	0.0	0.0	0.0	0.0	0.0	0.0	0.0	0.0	0.0	0.015	0.0	0.0	0.017	0.0
LRP6	O75581	True	LRP6_HUMAN	FZD9_LRP6	CPI-SC01B29532D	LRP6	0.002	0.0	0.0	0.0	0.066	0.0	0.0	0.0	0.0	0.0	0.0	0.0	0.0	0.0	0.0	0.179	0.0	0.0	0.0	0.0	0.0	0.0	0.0	0.0	0.0	0.0	0.0	0.015	0.0	0.0	0.017	0.0
LRP6	O75581	True	LRP6_HUMAN	FZD9_LRP6	CPI-SC00DA032E2	LRP6	0.002	0.0	0.0	0.0	0.066	0.0	0.0	0.0	0.0	0.0	0.0	0.0	0.0	0.0	0.0	0.179	0.0	0.0	0.0	0.0	0.0	0.0	0.0	0.0	0.0	0.0	0.0	0.015	0.0	0.0	0.017	0.0
LRP6	O75581	True	LRP6_HUMAN	FZD9_LRP6	CPI-SC0259C1693	LRP6	0.002	0.0	0.0	0.0	0.066	0.0	0.0	0.0	0.0	0.0	0.0	0.0	0.0	0.0	0.0	0.179	0.0	0.0	0.0	0.0	0.0	0.0	0.0	0.0	0.0	0.0	0.0	0.015	0.0	0.0	0.017	0.0
LRP6	O75581	True	LRP6_HUMAN	FZD9_LRP6	CPI-SC0ECADFABF	LRP6	0.002	0.0	0.0	0.0	0.066	0.0	0.0	0.0	0.0	0.0	0.0	0.0	0.0	0.0	0.0	0.179	0.0	0.0	0.0	0.0	0.0	0.0	0.0	0.0	0.0	0.0	0.0	0.015	0.0	0.0	0.017	0.0
LRP6	O75581	True	LRP6_HUMAN	FZD9_LRP6	CPI-SC05CCD8E17	LRP6	0.002	0.0	0.0	0.0	0.066	0.0	0.0	0.0	0.0	0.0	0.0	0.0	0.0	0.0	0.0	0.179	0.0	0.0	0.0	0.0	0.0	0.0	0.0	0.0	0.0	0.0	0.0	0.015	0.0	0.0	0.017	0.0
LRP6	O75581	True	LRP6_HUMAN	FZD9_LRP6	CPI-SC01AAA545F	LRP6	0.002	0.0	0.0	0.0	0.066	0.0	0.0	0.0	0.0	0.0	0.0	0.0	0.0	0.0	0.0	0.179	0.0	0.0	0.0	0.0	0.0	0.0	0.0	0.0	0.0	0.0	0.0	0.015	0.0	0.0	0.017	0.0
LRP6	O75581	True	LRP6_HUMAN	FZD9_LRP6	CPI-SC08CF56014	LRP6	0.002	0.0	0.0	0.0	0.066	0.0	0.0	0.0	0.0	0.0	0.0	0.0	0.0	0.0	0.0	0.179	0.0	0.0	0.0	0.0	0.0	0.0	0.0	0.0	0.0	0.0	0.0	0.015	0.0	0.0	0.017	0.0
LRP6	O75581	True	LRP6_HUMAN	FZD9_LRP6	CPI-SC07F8A4C81	LRP6	0.002	0.0	0.0	0.0	0.066	0.0	0.0	0.0	0.0	0.0	0.0	0.0	0.0	0.0	0.0	0.179	0.0	0.0	0.0	0.0	0.0	0.0	0.0	0.0	0.0	0.0	0.0	0.015	0.0	0.0	0.017	0.0
LRP6	O75581	True	LRP6_HUMAN	FZD9_LRP6	CPI-SC088BCE7ED	LRP6	0.002	0.0	0.0	0.0	0.066	0.0	0.0	0.0	0.0	0.0	0.0	0.0	0.0	0.0	0.0	0.179	0.0	0.0	0.0	0.0	0.0	0.0	0.0	0.0	0.0	0.0	0.0	0.015	0.0	0.0	0.017	0.0
LRP6	O75581	True	LRP6_HUMAN	FZD9_LRP6	CPI-SC0BEC0A65F	LRP6	0.002	0.0	0.0	0.0	0.066	0.0	0.0	0.0	0.0	0.0	0.0	0.0	0.0	0.0	0.0	0.179	0.0	0.0	0.0	0.0	0.0	0.0	0.0	0.0	0.0	0.0	0.0	0.015	0.0	0.0	0.017	0.0
LRP6	O75581	True	LRP6_HUMAN	FZD9_LRP6	CPI-SC02B03DCA6	LRP6	0.002	0.0	0.0	0.0	0.066	0.0	0.0	0.0	0.0	0.0	0.0	0.0	0.0	0.0	0.0	0.179	0.0	0.0	0.0	0.0	0.0	0.0	0.0	0.0	0.0	0.0	0.0	0.015	0.0	0.0	0.017	0.0
LRP6	O75581	True	LRP6_HUMAN	FZD9_LRP6	CPI-SC05963EDDE	LRP6	0.002	0.0	0.0	0.0	0.066	0.0	0.0	0.0	0.0	0.0	0.0	0.0	0.0	0.0	0.0	0.179	0.0	0.0	0.0	0.0	0.0	0.0	0.0	0.0	0.0	0.0	0.0	0.015	0.0	0.0	0.017	0.0
LRP6	O75581	True	LRP6_HUMAN	FZD9_LRP6	CPI-SC09206543A	LRP6	0.002	0.0	0.0	0.0	0.066	0.0	0.0	0.0	0.0	0.0	0.0	0.0	0.0	0.0	0.0	0.179	0.0	0.0	0.0	0.0	0.0	0.0	0.0	0.0	0.0	0.0	0.0	0.015	0.0	0.0	0.017	0.0
LRP6	O75581	True	LRP6_HUMAN	FZD9_LRP6	CPI-SC01319F5CD	LRP6	0.002	0.0	0.0	0.0	0.066	0.0	0.0	0.0	0.0	0.0	0.0	0.0	0.0	0.0	0.0	0.179	0.0	0.0	0.0	0.0	0.0	0.0	0.0	0.0	0.0	0.0	0.0	0.015	0.0	0.0	0.017	0.0
FZD9	O00144	True	FZD9_HUMAN	FZD9_LRP6	CPI-SC09FC5B2A7	FZD9	0.002	0.0	0.0	0.0	0.066	0.0	0.0	0.0	0.0	0.0	0.0	0.0	0.0	0.0	0.0	0.179	0.0	0.0	0.0	0.0	0.0	0.0	0.0	0.0	0.0	0.0	0.0	0.015	0.0	0.0	0.017	0.0
FZD9	O00144	True	FZD9_HUMAN	FZD9_LRP6	CPI-SC01B29532D	FZD9	0.002	0.0	0.0	0.0	0.066	0.0	0.0	0.0	0.0	0.0	0.0	0.0	0.0	0.0	0.0	0.179	0.0	0.0	0.0	0.0	0.0	0.0	0.0	0.0	0.0	0.0	0.0	0.015	0.0	0.0	0.017	0.0
FZD9	O00144	True	FZD9_HUMAN	FZD9_LRP6	CPI-SC00DA032E2	FZD9	0.002	0.0	0.0	0.0	0.066	0.0	0.0	0.0	0.0	0.0	0.0	0.0	0.0	0.0	0.0	0.179	0.0	0.0	0.0	0.0	0.0	0.0	0.0	0.0	0.0	0.0	0.0	0.015	0.0	0.0	0.017	0.0
FZD9	O00144	True	FZD9_HUMAN	FZD9_LRP6	CPI-SC0259C1693	FZD9	0.002	0.0	0.0	0.0	0.066	0.0	0.0	0.0	0.0	0.0	0.0	0.0	0.0	0.0	0.0	0.179	0.0	0.0	0.0	0.0	0.0	0.0	0.0	0.0	0.0	0.0	0.0	0.015	0.0	0.0	0.017	0.0
FZD9	O00144	True	FZD9_HUMAN	FZD9_LRP6	CPI-SC0ECADFABF	FZD9	0.002	0.0	0.0	0.0	0.066	0.0	0.0	0.0	0.0	0.0	0.0	0.0	0.0	0.0	0.0	0.179	0.0	0.0	0.0	0.0	0.0	0.0	0.0	0.0	0.0	0.0	0.0	0.015	0.0	0.0	0.017	0.0
FZD9	O00144	True	FZD9_HUMAN	FZD9_LRP6	CPI-SC05CCD8E17	FZD9	0.002	0.0	0.0	0.0	0.066	0.0	0.0	0.0	0.0	0.0	0.0	0.0	0.0	0.0	0.0	0.179	0.0	0.0	0.0	0.0	0.0	0.0	0.0	0.0	0.0	0.0	0.0	0.015	0.0	0.0	0.017	0.0
FZD9	O00144	True	FZD9_HUMAN	FZD9_LRP6	CPI-SC01AAA545F	FZD9	0.002	0.0	0.0	0.0	0.066	0.0	0.0	0.0	0.0	0.0	0.0	0.0	0.0	0.0	0.0	0.179	0.0	0.0	0.0	0.0	0.0	0.0	0.0	0.0	0.0	0.0	0.0	0.015	0.0	0.0	0.017	0.0
FZD9	O00144	True	FZD9_HUMAN	FZD9_LRP6	CPI-SC08CF56014	FZD9	0.002	0.0	0.0	0.0	0.066	0.0	0.0	0.0	0.0	0.0	0.0	0.0	0.0	0.0	0.0	0.179	0.0	0.0	0.0	0.0	0.0	0.0	0.0	0.0	0.0	0.0	0.0	0.015	0.0	0.0	0.017	0.0
FZD9	O00144	True	FZD9_HUMAN	FZD9_LRP6	CPI-SC07F8A4C81	FZD9	0.002	0.0	0.0	0.0	0.066	0.0	0.0	0.0	0.0	0.0	0.0	0.0	0.0	0.0	0.0	0.179	0.0	0.0	0.0	0.0	0.0	0.0	0.0	0.0	0.0	0.0	0.0	0.015	0.0	0.0	0.017	0.0
FZD9	O00144	True	FZD9_HUMAN	FZD9_LRP6	CPI-SC088BCE7ED	FZD9	0.002	0.0	0.0	0.0	0.066	0.0	0.0	0.0	0.0	0.0	0.0	0.0	0.0	0.0	0.0	0.179	0.0	0.0	0.0	0.0	0.0	0.0	0.0	0.0	0.0	0.0	0.0	0.015	0.0	0.0	0.017	0.0
FZD9	O00144	True	FZD9_HUMAN	FZD9_LRP6	CPI-SC0BEC0A65F	FZD9	0.002	0.0	0.0	0.0	0.066	0.0	0.0	0.0	0.0	0.0	0.0	0.0	0.0	0.0	0.0	0.179	0.0	0.0	0.0	0.0	0.0	0.0	0.0	0.0	0.0	0.0	0.0	0.015	0.0	0.0	0.017	0.0
FZD9	O00144	True	FZD9_HUMAN	FZD9_LRP6	CPI-SC02B03DCA6	FZD9	0.002	0.0	0.0	0.0	0.066	0.0	0.0	0.0	0.0	0.0	0.0	0.0	0.0	0.0	0.0	0.179	0.0	0.0	0.0	0.0	0.0	0.0	0.0	0.0	0.0	0.0	0.0	0.015	0.0	0.0	0.017	0.0
FZD9	O00144	True	FZD9_HUMAN	FZD9_LRP6	CPI-SC05963EDDE	FZD9	0.002	0.0	0.0	0.0	0.066	0.0	0.0	0.0	0.0	0.0	0.0	0.0	0.0	0.0	0.0	0.179	0.0	0.0	0.0	0.0	0.0	0.0	0.0	0.0	0.0	0.0	0.0	0.015	0.0	0.0	0.017	0.0
FZD9	O00144	True	FZD9_HUMAN	FZD9_LRP6	CPI-SC09206543A	FZD9	0.002	0.0	0.0	0.0	0.066	0.0	0.0	0.0	0.0	0.0	0.0	0.0	0.0	0.0	0.0	0.179	0.0	0.0	0.0	0.0	0.0	0.0	0.0	0.0	0.0	0.0	0.0	0.015	0.0	0.0	0.017	0.0
FZD9	O00144	True	FZD9_HUMAN	FZD9_LRP6	CPI-SC01319F5CD	FZD9	0.002	0.0	0.0	0.0	0.066	0.0	0.0	0.0	0.0	0.0	0.0	0.0	0.0	0.0	0.0	0.179	0.0	0.0	0.0	0.0	0.0	0.0	0.0	0.0	0.0	0.0	0.0	0.015	0.0	0.0	0.017	0.0
GALR1	P47211	True	GALR1_HUMAN	GALR1	CPI-SC0BEEB7AB4	GALR1	0.003	0.072	0.0	0.0	0.0	0.0	0.0	0.109	0.0	0.0	0.0	0.0	0.0	0.0	0.0	0.0	0.0	0.0	0.0	0.0	0.0	0.041	0.0	0.037	0.0	0.0	0.018	0.017	0.0	0.0	0.0	0.0
GPR151	Q8TDV0	True	GP151_HUMAN	GALR1	CPI-SC0BEEB7AB4	GPR151	0.003	0.072	0.0	0.0	0.0	0.0	0.0	0.109	0.0	0.0	0.0	0.0	0.0	0.0	0.0	0.0	0.0	0.0	0.0	0.0	0.0	0.041	0.0	0.037	0.0	0.0	0.018	0.017	0.0	0.0	0.0	0.0
IGF1R	P08069	True	IGF1R_HUMAN	IGF1R_enhancerComGPC3	CPI-SC033AB13AE	IGF1R	0.401	0.171	0.151	0.535	0.638	0.235	0.043	0.474	0.584	0.309	0.239	0.03	0.687	0.106	0.021	0.0	0.0	0.033	0.169	0.57	0.612	0.092	0.655	0.47	0.0	0.181	0.016	0.445	0.238	0.064	0.032	0.26
GPC3	P51654	True	GPC3_HUMAN	IGF1R_enhancerComGPC3	CPI-SC033AB13AE	GPC3	0.401	0.171	0.151	0.535	0.638	0.235	0.043	0.474	0.584	0.309	0.239	0.03	0.687	0.106	0.021	0.0	0.0	0.033	0.169	0.57	0.612	0.092	0.655	0.47	0.0	0.181	0.016	0.445	0.238	0.064	0.032	0.26
ITGB4	P16144	True	ITB4_HUMAN	integrin_a6b4_complex	CPI-SC0322BA9B5	ITGB4	0.017	0.0	0.0	0.0	0.0	0.0	0.0	0.0	0.0	0.0	0.0	0.0	0.059	0.0	0.0	0.0	0.0	0.0	0.0	0.0	0.08	0.0	0.0	0.0	0.0	0.011	0.082	0.0	0.0	0.027	0.013	0.0
ITGA6	P23229	True	ITA6_HUMAN	integrin_a6b4_complex	CPI-SC0322BA9B5	ITGA6	0.017	0.0	0.0	0.0	0.0	0.0	0.0	0.0	0.0	0.0	0.0	0.0	0.059	0.0	0.0	0.0	0.0	0.0	0.0	0.0	0.08	0.0	0.0	0.0	0.0	0.011	0.082	0.0	0.0	0.027	0.013	0.0
FGFR1	P11362	True	FGFR1_HUMAN	Klotho_FGFR1	CPI-SC0F6764DA8	FGFR1	0.012	0.0	0.0	0.0	0.0	0.0	0.0	0.0	0.0	0.0	0.0	0.0	0.0	0.0	0.0	0.0	0.0	0.031	0.0	0.0	0.0	0.0	0.0	0.0	0.0	0.008	0.022	0.0	0.0	0.025	0.0	0.024
KL	Q9UEF7	True	KLOT_HUMAN	Klotho_FGFR1	CPI-SC0F6764DA8	KL	0.012	0.0	0.0	0.0	0.0	0.0	0.0	0.0	0.0	0.0	0.0	0.0	0.0	0.0	0.0	0.0	0.0	0.031	0.0	0.0	0.0	0.0	0.0	0.0	0.0	0.008	0.022	0.0	0.0	0.025	0.0	0.024
KREMEN1	Q96MU8	True	KREM1_HUMAN	Kremen1_LRP6	CPI-SC0456039E0	KREMEN1	0.098	0.11	0.171	0.102	0.069	0.115	0.045	0.0	0.103	0.154	0.206	0.0	0.152	0.0	0.1	0.0	0.0	0.105	0.103	0.181	0.139	0.11	0.0	0.084	0.0	0.119	0.043	0.078	0.187	0.024	0.066	0.077
LRP6	O75581	True	LRP6_HUMAN	Kremen1_LRP6	CPI-SC0456039E0	LRP6	0.098	0.11	0.171	0.102	0.069	0.115	0.045	0.0	0.103	0.154	0.206	0.0	0.152	0.0	0.1	0.0	0.0	0.105	0.103	0.181	0.139	0.11	0.0	0.084	0.0	0.119	0.043	0.078	0.187	0.024	0.066	0.077
AMHR2	Q16671	True	AMHR2_HUMAN	MIS_receptor_1	CPI-SC077F81192	AMHR2	0.0	0.0	0.0	0.0	0.0	0.0	0.0	0.0	0.0	0.0	0.0	0.0	0.0	0.0	0.0	0.0	0.0	0.0	0.0	0.0	0.0	0.0	0.081	0.0	0.0	0.0	0.0	0.0	0.0	0.0	0.0	0.0
BMPR1A	P36894	True	BMR1A_HUMAN	MIS_receptor_1	CPI-SC077F81192	BMPR1A	0.0	0.0	0.0	0.0	0.0	0.0	0.0	0.0	0.0	0.0	0.0	0.0	0.0	0.0	0.0	0.0	0.0	0.0	0.0	0.0	0.0	0.0	0.081	0.0	0.0	0.0	0.0	0.0	0.0	0.0	0.0	0.0
PDGFRA	P16234	True	PGFRA_HUMAN	PDGFR_complex	CPI-SC00DF4C861	PDGFRA	0.006	0.0	0.0	0.0	0.0	0.0	0.074	0.0	0.0	0.0	0.0	0.052	0.064	0.12	0.148	0.182	0.0	0.0	0.0	0.0	0.0	0.0	0.0	0.0	0.43	0.0	0.021	0.0	0.0	0.0	0.0	0.019
PDGFRA	P16234	True	PGFRA_HUMAN	PDGFR_complex	CPI-SC042177446	PDGFRA	0.006	0.0	0.0	0.0	0.0	0.0	0.074	0.0	0.0	0.0	0.0	0.052	0.064	0.12	0.148	0.182	0.0	0.0	0.0	0.0	0.0	0.0	0.0	0.0	0.43	0.0	0.021	0.0	0.0	0.0	0.0	0.019
PDGFRB	P09619	True	PGFRB_HUMAN	PDGFR_complex	CPI-SC00DF4C861	PDGFRB	0.006	0.0	0.0	0.0	0.0	0.0	0.074	0.0	0.0	0.0	0.0	0.052	0.064	0.12	0.148	0.182	0.0	0.0	0.0	0.0	0.0	0.0	0.0	0.0	0.43	0.0	0.021	0.0	0.0	0.0	0.0	0.019
PDGFRB	P09619	True	PGFRB_HUMAN	PDGFR_complex	CPI-SC042177446	PDGFRB	0.006	0.0	0.0	0.0	0.0	0.0	0.074	0.0	0.0	0.0	0.0	0.052	0.064	0.12	0.148	0.182	0.0	0.0	0.0	0.0	0.0	0.0	0.0	0.0	0.43	0.0	0.021	0.0	0.0	0.0	0.0	0.019
EZR	P15311	True	EZRI_HUMAN	pL1:Ezrin	CPI-SC030C83222	EZR	0.118	0.095	0.0	0.026	0.059	0.023	0.365	0.036	0.046	0.0	0.035	0.081	0.159	0.22	0.221	0.0	0.0	0.0	0.0	0.186	0.08	0.043	0.105	0.0	0.0	0.088	0.012	0.13	0.198	0.184	0.04	0.0
L1CAM	P32004	True	L1CAM_HUMAN	pL1:Ezrin	CPI-SC030C83222	L1CAM	0.118	0.095	0.0	0.026	0.059	0.023	0.365	0.036	0.046	0.0	0.035	0.081	0.159	0.22	0.221	0.0	0.0	0.0	0.0	0.186	0.08	0.043	0.105	0.0	0.0	0.088	0.012	0.13	0.198	0.184	0.04	0.0
NRP1	O14786	True	NRP1_HUMAN	PlexinA1_complex3	CPI-SC0C8A5C197	NRP1	1.735	0.076	0.543	0.102	0.064	0.886	0.71	0.371	0.315	0.125	0.362	0.305	0.938	0.512	0.467	0.37	0.0	0.65	0.137	1.022	2.333	0.851	1.655	0.559	0.43	1.511	0.053	1.037	1.224	0.079	0.144	1.328
PLXNA1	Q9UIW2	True	PLXA1_HUMAN	PlexinA1_complex3	CPI-SC0C8A5C197	PLXNA1	1.735	0.076	0.543	0.102	0.064	0.886	0.71	0.371	0.315	0.125	0.362	0.305	0.938	0.512	0.467	0.37	0.0	0.65	0.137	1.022	2.333	0.851	1.655	0.559	0.43	1.511	0.053	1.037	1.224	0.079	0.144	1.328
NRP1	O14786	True	NRP1_HUMAN	PlexinA2_complex1	CPI-SC019D0A439	NRP1	1.323	0.076	0.142	0.102	0.064	0.886	0.19	0.217	0.315	0.125	0.362	0.028	0.167	0.155	0.191	0.24	0.0	0.07	0.137	1.022	0.941	0.851	1.41	0.559	0.43	0.878	0.053	1.037	0.966	0.079	0.144	1.01
NRP1	O14786	True	NRP1_HUMAN	PlexinA2_complex1	CPI-SC08F771F98	NRP1	1.323	0.076	0.142	0.102	0.064	0.886	0.19	0.217	0.315	0.125	0.362	0.028	0.167	0.155	0.191	0.24	0.0	0.07	0.137	1.022	0.941	0.851	1.41	0.559	0.43	0.878	0.053	1.037	0.966	0.079	0.144	1.01
PLXNA2	O75051	True	PLXA2_HUMAN	PlexinA2_complex1	CPI-SC019D0A439	PLXNA2	1.323	0.076	0.142	0.102	0.064	0.886	0.19	0.217	0.315	0.125	0.362	0.028	0.167	0.155	0.191	0.24	0.0	0.07	0.137	1.022	0.941	0.851	1.41	0.559	0.43	0.878	0.053	1.037	0.966	0.079	0.144	1.01
PLXNA2	O75051	True	PLXA2_HUMAN	PlexinA2_complex1	CPI-SC08F771F98	PLXNA2	1.323	0.076	0.142	0.102	0.064	0.886	0.19	0.217	0.315	0.125	0.362	0.028	0.167	0.155	0.191	0.24	0.0	0.07	0.137	1.022	0.941	0.851	1.41	0.559	0.43	0.878	0.053	1.037	0.966	0.079	0.144	1.01
PTCH1	Q13635	True	PTC1_HUMAN	PTCH_BOC_transmembrane_receptor	CPI-SC006556DF8	PTCH1	0.002	0.024	0.0	0.0	0.0	0.0	0.116	0.0	0.0	0.0	0.0	0.236	0.21	0.092	0.0	0.223	0.0	0.0	0.0	0.0	0.0	0.0	0.0	0.092	0.0	0.0	0.0	0.018	0.0	0.0	0.0	0.0
PTCH1	Q13635	True	PTC1_HUMAN	PTCH_BOC_transmembrane_receptor	CPI-SC0037338E6	PTCH1	0.002	0.024	0.0	0.0	0.0	0.0	0.116	0.0	0.0	0.0	0.0	0.236	0.21	0.092	0.0	0.223	0.0	0.0	0.0	0.0	0.0	0.0	0.0	0.092	0.0	0.0	0.0	0.018	0.0	0.0	0.0	0.0
PTCH1	Q13635	True	PTC1_HUMAN	PTCH_BOC_transmembrane_receptor	CPI-SC006170BDC	PTCH1	0.002	0.024	0.0	0.0	0.0	0.0	0.116	0.0	0.0	0.0	0.0	0.236	0.21	0.092	0.0	0.223	0.0	0.0	0.0	0.0	0.0	0.0	0.0	0.092	0.0	0.0	0.0	0.018	0.0	0.0	0.0	0.0
BOC	Q9BWV1	True	BOC_HUMAN	PTCH_BOC_transmembrane_receptor	CPI-SC006556DF8	BOC	0.002	0.024	0.0	0.0	0.0	0.0	0.116	0.0	0.0	0.0	0.0	0.236	0.21	0.092	0.0	0.223	0.0	0.0	0.0	0.0	0.0	0.0	0.0	0.092	0.0	0.0	0.0	0.018	0.0	0.0	0.0	0.0
BOC	Q9BWV1	True	BOC_HUMAN	PTCH_BOC_transmembrane_receptor	CPI-SC0037338E6	BOC	0.002	0.024	0.0	0.0	0.0	0.0	0.116	0.0	0.0	0.0	0.0	0.236	0.21	0.092	0.0	0.223	0.0	0.0	0.0	0.0	0.0	0.0	0.0	0.092	0.0	0.0	0.0	0.018	0.0	0.0	0.0	0.0
BOC	Q9BWV1	True	BOC_HUMAN	PTCH_BOC_transmembrane_receptor	CPI-SC006170BDC	BOC	0.002	0.024	0.0	0.0	0.0	0.0	0.116	0.0	0.0	0.0	0.0	0.236	0.21	0.092	0.0	0.223	0.0	0.0	0.0	0.0	0.0	0.0	0.0	0.092	0.0	0.0	0.0	0.018	0.0	0.0	0.0	0.0
PTCH1	Q13635	True	PTC1_HUMAN	PTCH_CDON_transmembrane_receptor	CPI-SC0ABE55781	PTCH1	0.045	0.024	0.0	0.0	0.0	0.037	0.038	0.035	0.037	0.0	0.0	0.072	0.064	0.0	0.123	0.362	0.0	0.0	0.0	0.0	0.0	0.0	0.0	0.0	0.0	0.06	0.0	0.078	0.0	0.022	0.02	0.035
PTCH1	Q13635	True	PTC1_HUMAN	PTCH_CDON_transmembrane_receptor	CPI-SC036B73615	PTCH1	0.045	0.024	0.0	0.0	0.0	0.037	0.038	0.035	0.037	0.0	0.0	0.072	0.064	0.0	0.123	0.362	0.0	0.0	0.0	0.0	0.0	0.0	0.0	0.0	0.0	0.06	0.0	0.078	0.0	0.022	0.02	0.035
PTCH1	Q13635	True	PTC1_HUMAN	PTCH_CDON_transmembrane_receptor	CPI-SC08B0B5F27	PTCH1	0.045	0.024	0.0	0.0	0.0	0.037	0.038	0.035	0.037	0.0	0.0	0.072	0.064	0.0	0.123	0.362	0.0	0.0	0.0	0.0	0.0	0.0	0.0	0.0	0.0	0.06	0.0	0.078	0.0	0.022	0.02	0.035
CDON	Q4KMG0	True	CDON_HUMAN	PTCH_CDON_transmembrane_receptor	CPI-SC0ABE55781	CDON	0.045	0.024	0.0	0.0	0.0	0.037	0.038	0.035	0.037	0.0	0.0	0.072	0.064	0.0	0.123	0.362	0.0	0.0	0.0	0.0	0.0	0.0	0.0	0.0	0.0	0.06	0.0	0.078	0.0	0.022	0.02	0.035
CDON	Q4KMG0	True	CDON_HUMAN	PTCH_CDON_transmembrane_receptor	CPI-SC036B73615	CDON	0.045	0.024	0.0	0.0	0.0	0.037	0.038	0.035	0.037	0.0	0.0	0.072	0.064	0.0	0.123	0.362	0.0	0.0	0.0	0.0	0.0	0.0	0.0	0.0	0.0	0.06	0.0	0.078	0.0	0.022	0.02	0.035
CDON	Q4KMG0	True	CDON_HUMAN	PTCH_CDON_transmembrane_receptor	CPI-SC08B0B5F27	CDON	0.045	0.024	0.0	0.0	0.0	0.037	0.038	0.035	0.037	0.0	0.0	0.072	0.064	0.0	0.123	0.362	0.0	0.0	0.0	0.0	0.0	0.0	0.0	0.0	0.0	0.06	0.0	0.078	0.0	0.022	0.02	0.035
PTCH1	Q13635	True	PTC1_HUMAN	PTCH_GAS1_transmembrane_receptor	CPI-SC03021510C	PTCH1	0.014	0.0	0.0	0.0	0.066	0.0	0.0	0.0	0.0	0.0	0.0	0.0	0.0	0.0	0.056	0.0	0.0	0.0	0.0	0.0	0.0	0.0	0.0	0.0	0.0	0.0	0.014	0.0	0.0	0.0	0.0	0.0
PTCH1	Q13635	True	PTC1_HUMAN	PTCH_GAS1_transmembrane_receptor	CPI-SC0C3E862AA	PTCH1	0.014	0.0	0.0	0.0	0.066	0.0	0.0	0.0	0.0	0.0	0.0	0.0	0.0	0.0	0.056	0.0	0.0	0.0	0.0	0.0	0.0	0.0	0.0	0.0	0.0	0.0	0.014	0.0	0.0	0.0	0.0	0.0
PTCH1	Q13635	True	PTC1_HUMAN	PTCH_GAS1_transmembrane_receptor	CPI-SC07F2D6624	PTCH1	0.014	0.0	0.0	0.0	0.066	0.0	0.0	0.0	0.0	0.0	0.0	0.0	0.0	0.0	0.056	0.0	0.0	0.0	0.0	0.0	0.0	0.0	0.0	0.0	0.0	0.0	0.014	0.0	0.0	0.0	0.0	0.0
GAS1	P54826	True	GAS1_HUMAN	PTCH_GAS1_transmembrane_receptor	CPI-SC03021510C	GAS1	0.014	0.0	0.0	0.0	0.066	0.0	0.0	0.0	0.0	0.0	0.0	0.0	0.0	0.0	0.056	0.0	0.0	0.0	0.0	0.0	0.0	0.0	0.0	0.0	0.0	0.0	0.014	0.0	0.0	0.0	0.0	0.0
GAS1	P54826	True	GAS1_HUMAN	PTCH_GAS1_transmembrane_receptor	CPI-SC0C3E862AA	GAS1	0.014	0.0	0.0	0.0	0.066	0.0	0.0	0.0	0.0	0.0	0.0	0.0	0.0	0.0	0.056	0.0	0.0	0.0	0.0	0.0	0.0	0.0	0.0	0.0	0.0	0.0	0.014	0.0	0.0	0.0	0.0	0.0
GAS1	P54826	True	GAS1_HUMAN	PTCH_GAS1_transmembrane_receptor	CPI-SC07F2D6624	GAS1	0.014	0.0	0.0	0.0	0.066	0.0	0.0	0.0	0.0	0.0	0.0	0.0	0.0	0.0	0.056	0.0	0.0	0.0	0.0	0.0	0.0	0.0	0.0	0.0	0.0	0.0	0.014	0.0	0.0	0.0	0.0	0.0
RXRB	P28702	True	RXRB_HUMAN	RAreceptor_RXRB	CPI-CC0A06D2C2D	RXRB	0.009	0.0	0.0	0.0	0.0	0.026	0.0	0.0	0.0	0.0	0.183	0.0	0.0	0.054	0.0	0.0	0.0	0.0	0.0	0.074	0.053	0.0	0.0	0.0	0.0	0.0	0.0	0.0	0.006	0.0	0.0	0.0
RXRB	P28702	True	RXRB_HUMAN	RAreceptor_RXRB	CPI-CC0974AE49B	RXRB	0.009	0.0	0.0	0.0	0.0	0.026	0.0	0.0	0.0	0.0	0.183	0.0	0.0	0.054	0.0	0.0	0.0	0.0	0.0	0.074	0.053	0.0	0.0	0.0	0.0	0.0	0.0	0.0	0.006	0.0	0.0	0.0
RXRB	P28702	True	RXRB_HUMAN	RAreceptor_RXRB	CPI-CC09B046394	RXRB	0.009	0.0	0.0	0.0	0.0	0.026	0.0	0.0	0.0	0.0	0.183	0.0	0.0	0.054	0.0	0.0	0.0	0.0	0.0	0.074	0.053	0.0	0.0	0.0	0.0	0.0	0.0	0.0	0.006	0.0	0.0	0.0
CRABP2	P29373	True	RABP2_HUMAN	RAreceptor_RXRB	CPI-CC0A06D2C2D	CRABP2	0.009	0.0	0.0	0.0	0.0	0.026	0.0	0.0	0.0	0.0	0.183	0.0	0.0	0.054	0.0	0.0	0.0	0.0	0.0	0.074	0.053	0.0	0.0	0.0	0.0	0.0	0.0	0.0	0.006	0.0	0.0	0.0
CRABP2	P29373	True	RABP2_HUMAN	RAreceptor_RXRB	CPI-CC0974AE49B	CRABP2	0.009	0.0	0.0	0.0	0.0	0.026	0.0	0.0	0.0	0.0	0.183	0.0	0.0	0.054	0.0	0.0	0.0	0.0	0.0	0.074	0.053	0.0	0.0	0.0	0.0	0.0	0.0	0.0	0.006	0.0	0.0	0.0
CRABP2	P29373	True	RABP2_HUMAN	RAreceptor_RXRB	CPI-CC09B046394	CRABP2	0.009	0.0	0.0	0.0	0.0	0.026	0.0	0.0	0.0	0.0	0.183	0.0	0.0	0.054	0.0	0.0	0.0	0.0	0.0	0.074	0.053	0.0	0.0	0.0	0.0	0.0	0.0	0.0	0.006	0.0	0.0	0.0
RXRG	P48443	True	RXRG_HUMAN	RAreceptor_RXRG	CPI-CC0E829C954	RXRG	0.009	0.0	0.0	0.0	0.0	0.026	0.0	0.0	0.0	0.0	0.183	0.0	0.0	0.054	0.0	0.0	0.0	0.0	0.0	0.065	0.053	0.0	0.0	0.0	0.0	0.0	0.0	0.0	0.006	0.0	0.0	0.0
RXRG	P48443	True	RXRG_HUMAN	RAreceptor_RXRG	CPI-CC071BF7D12	RXRG	0.009	0.0	0.0	0.0	0.0	0.026	0.0	0.0	0.0	0.0	0.183	0.0	0.0	0.054	0.0	0.0	0.0	0.0	0.0	0.065	0.053	0.0	0.0	0.0	0.0	0.0	0.0	0.0	0.006	0.0	0.0	0.0
RXRG	P48443	True	RXRG_HUMAN	RAreceptor_RXRG	CPI-CC00B974CC4	RXRG	0.009	0.0	0.0	0.0	0.0	0.026	0.0	0.0	0.0	0.0	0.183	0.0	0.0	0.054	0.0	0.0	0.0	0.0	0.0	0.065	0.053	0.0	0.0	0.0	0.0	0.0	0.0	0.0	0.006	0.0	0.0	0.0
CRABP2	P29373	True	RABP2_HUMAN	RAreceptor_RXRG	CPI-CC0E829C954	CRABP2	0.009	0.0	0.0	0.0	0.0	0.026	0.0	0.0	0.0	0.0	0.183	0.0	0.0	0.054	0.0	0.0	0.0	0.0	0.0	0.065	0.053	0.0	0.0	0.0	0.0	0.0	0.0	0.0	0.006	0.0	0.0	0.0
CRABP2	P29373	True	RABP2_HUMAN	RAreceptor_RXRG	CPI-CC071BF7D12	CRABP2	0.009	0.0	0.0	0.0	0.0	0.026	0.0	0.0	0.0	0.0	0.183	0.0	0.0	0.054	0.0	0.0	0.0	0.0	0.0	0.065	0.053	0.0	0.0	0.0	0.0	0.0	0.0	0.0	0.006	0.0	0.0	0.0
CRABP2	P29373	True	RABP2_HUMAN	RAreceptor_RXRG	CPI-CC00B974CC4	CRABP2	0.009	0.0	0.0	0.0	0.0	0.026	0.0	0.0	0.0	0.0	0.183	0.0	0.0	0.054	0.0	0.0	0.0	0.0	0.0	0.065	0.053	0.0	0.0	0.0	0.0	0.0	0.0	0.0	0.006	0.0	0.0	0.0
RARB	P10826	True	RARB_HUMAN	RAreceptor_RARB	CPI-CC06F5021B7	RARB	0.009	0.0	0.0	0.0	0.0	0.026	0.0	0.0	0.0	0.0	0.183	0.0	0.0	0.0	0.0	0.0	0.0	0.0	0.0	0.074	0.053	0.0	0.0	0.0	0.0	0.0	0.0	0.0	0.006	0.0	0.0	0.0
RARB	P10826	True	RARB_HUMAN	RAreceptor_RARB	CPI-CC021B19C0E	RARB	0.009	0.0	0.0	0.0	0.0	0.026	0.0	0.0	0.0	0.0	0.183	0.0	0.0	0.0	0.0	0.0	0.0	0.0	0.0	0.074	0.053	0.0	0.0	0.0	0.0	0.0	0.0	0.0	0.006	0.0	0.0	0.0
RARB	P10826	True	RARB_HUMAN	RAreceptor_RARB	CPI-CC039D8C2A7	RARB	0.009	0.0	0.0	0.0	0.0	0.026	0.0	0.0	0.0	0.0	0.183	0.0	0.0	0.0	0.0	0.0	0.0	0.0	0.0	0.074	0.053	0.0	0.0	0.0	0.0	0.0	0.0	0.0	0.006	0.0	0.0	0.0
CRABP2	P29373	True	RABP2_HUMAN	RAreceptor_RARB	CPI-CC06F5021B7	CRABP2	0.009	0.0	0.0	0.0	0.0	0.026	0.0	0.0	0.0	0.0	0.183	0.0	0.0	0.0	0.0	0.0	0.0	0.0	0.0	0.074	0.053	0.0	0.0	0.0	0.0	0.0	0.0	0.0	0.006	0.0	0.0	0.0
CRABP2	P29373	True	RABP2_HUMAN	RAreceptor_RARB	CPI-CC021B19C0E	CRABP2	0.009	0.0	0.0	0.0	0.0	0.026	0.0	0.0	0.0	0.0	0.183	0.0	0.0	0.0	0.0	0.0	0.0	0.0	0.0	0.074	0.053	0.0	0.0	0.0	0.0	0.0	0.0	0.0	0.006	0.0	0.0	0.0
CRABP2	P29373	True	RABP2_HUMAN	RAreceptor_RARB	CPI-CC039D8C2A7	CRABP2	0.009	0.0	0.0	0.0	0.0	0.026	0.0	0.0	0.0	0.0	0.183	0.0	0.0	0.0	0.0	0.0	0.0	0.0	0.0	0.074	0.053	0.0	0.0	0.0	0.0	0.0	0.0	0.0	0.006	0.0	0.0	0.0
RARG	P13631	True	RARG_HUMAN	RAreceptor_RARG	CPI-CC065AB1F5E	RARG	0.009	0.0	0.0	0.0	0.0	0.026	0.0	0.0	0.0	0.0	0.183	0.0	0.0	0.054	0.0	0.0	0.0	0.0	0.0	0.023	0.053	0.0	0.0	0.0	0.0	0.0	0.0	0.0	0.006	0.0	0.0	0.0
RARG	P13631	True	RARG_HUMAN	RAreceptor_RARG	CPI-CC066507DFB	RARG	0.009	0.0	0.0	0.0	0.0	0.026	0.0	0.0	0.0	0.0	0.183	0.0	0.0	0.054	0.0	0.0	0.0	0.0	0.0	0.023	0.053	0.0	0.0	0.0	0.0	0.0	0.0	0.0	0.006	0.0	0.0	0.0
RARG	P13631	True	RARG_HUMAN	RAreceptor_RARG	CPI-CC0BD81688E	RARG	0.009	0.0	0.0	0.0	0.0	0.026	0.0	0.0	0.0	0.0	0.183	0.0	0.0	0.054	0.0	0.0	0.0	0.0	0.0	0.023	0.053	0.0	0.0	0.0	0.0	0.0	0.0	0.0	0.006	0.0	0.0	0.0
CRABP2	P29373	True	RABP2_HUMAN	RAreceptor_RARG	CPI-CC065AB1F5E	CRABP2	0.009	0.0	0.0	0.0	0.0	0.026	0.0	0.0	0.0	0.0	0.183	0.0	0.0	0.054	0.0	0.0	0.0	0.0	0.0	0.023	0.053	0.0	0.0	0.0	0.0	0.0	0.0	0.0	0.006	0.0	0.0	0.0
CRABP2	P29373	True	RABP2_HUMAN	RAreceptor_RARG	CPI-CC066507DFB	CRABP2	0.009	0.0	0.0	0.0	0.0	0.026	0.0	0.0	0.0	0.0	0.183	0.0	0.0	0.054	0.0	0.0	0.0	0.0	0.0	0.023	0.053	0.0	0.0	0.0	0.0	0.0	0.0	0.0	0.006	0.0	0.0	0.0
CRABP2	P29373	True	RABP2_HUMAN	RAreceptor_RARG	CPI-CC0BD81688E	CRABP2	0.009	0.0	0.0	0.0	0.0	0.026	0.0	0.0	0.0	0.0	0.183	0.0	0.0	0.054	0.0	0.0	0.0	0.0	0.0	0.023	0.053	0.0	0.0	0.0	0.0	0.0	0.0	0.0	0.006	0.0	0.0	0.0
RARB	P10826	True	RARB_HUMAN	RAreceptor_RARB_RXRB	CPI-CC036F9AC3C	RARB	0.009	0.0	0.0	0.0	0.0	0.026	0.0	0.0	0.0	0.0	0.183	0.0	0.0	0.0	0.0	0.0	0.0	0.0	0.0	0.074	0.053	0.0	0.0	0.0	0.0	0.0	0.0	0.0	0.006	0.0	0.0	0.0
RARB	P10826	True	RARB_HUMAN	RAreceptor_RARB_RXRB	CPI-CC061CCD0A0	RARB	0.009	0.0	0.0	0.0	0.0	0.026	0.0	0.0	0.0	0.0	0.183	0.0	0.0	0.0	0.0	0.0	0.0	0.0	0.0	0.074	0.053	0.0	0.0	0.0	0.0	0.0	0.0	0.0	0.006	0.0	0.0	0.0
RARB	P10826	True	RARB_HUMAN	RAreceptor_RARB_RXRB	CPI-CC0D32DC80C	RARB	0.009	0.0	0.0	0.0	0.0	0.026	0.0	0.0	0.0	0.0	0.183	0.0	0.0	0.0	0.0	0.0	0.0	0.0	0.0	0.074	0.053	0.0	0.0	0.0	0.0	0.0	0.0	0.0	0.006	0.0	0.0	0.0
RXRB	P28702	True	RXRB_HUMAN	RAreceptor_RARB_RXRB	CPI-CC036F9AC3C	RXRB	0.009	0.0	0.0	0.0	0.0	0.026	0.0	0.0	0.0	0.0	0.183	0.0	0.0	0.0	0.0	0.0	0.0	0.0	0.0	0.074	0.053	0.0	0.0	0.0	0.0	0.0	0.0	0.0	0.006	0.0	0.0	0.0
RXRB	P28702	True	RXRB_HUMAN	RAreceptor_RARB_RXRB	CPI-CC061CCD0A0	RXRB	0.009	0.0	0.0	0.0	0.0	0.026	0.0	0.0	0.0	0.0	0.183	0.0	0.0	0.0	0.0	0.0	0.0	0.0	0.0	0.074	0.053	0.0	0.0	0.0	0.0	0.0	0.0	0.0	0.006	0.0	0.0	0.0
RXRB	P28702	True	RXRB_HUMAN	RAreceptor_RARB_RXRB	CPI-CC0D32DC80C	RXRB	0.009	0.0	0.0	0.0	0.0	0.026	0.0	0.0	0.0	0.0	0.183	0.0	0.0	0.0	0.0	0.0	0.0	0.0	0.0	0.074	0.053	0.0	0.0	0.0	0.0	0.0	0.0	0.0	0.006	0.0	0.0	0.0
CRABP2	P29373	True	RABP2_HUMAN	RAreceptor_RARB_RXRB	CPI-CC036F9AC3C	CRABP2	0.009	0.0	0.0	0.0	0.0	0.026	0.0	0.0	0.0	0.0	0.183	0.0	0.0	0.0	0.0	0.0	0.0	0.0	0.0	0.074	0.053	0.0	0.0	0.0	0.0	0.0	0.0	0.0	0.006	0.0	0.0	0.0
CRABP2	P29373	True	RABP2_HUMAN	RAreceptor_RARB_RXRB	CPI-CC061CCD0A0	CRABP2	0.009	0.0	0.0	0.0	0.0	0.026	0.0	0.0	0.0	0.0	0.183	0.0	0.0	0.0	0.0	0.0	0.0	0.0	0.0	0.074	0.053	0.0	0.0	0.0	0.0	0.0	0.0	0.0	0.006	0.0	0.0	0.0
CRABP2	P29373	True	RABP2_HUMAN	RAreceptor_RARB_RXRB	CPI-CC0D32DC80C	CRABP2	0.009	0.0	0.0	0.0	0.0	0.026	0.0	0.0	0.0	0.0	0.183	0.0	0.0	0.0	0.0	0.0	0.0	0.0	0.0	0.074	0.053	0.0	0.0	0.0	0.0	0.0	0.0	0.0	0.006	0.0	0.0	0.0
RARG	P13631	True	RARG_HUMAN	RAreceptor_RARG_RXRG	CPI-CC01AF691C1	RARG	0.009	0.0	0.0	0.0	0.0	0.026	0.0	0.0	0.0	0.0	0.183	0.0	0.0	0.054	0.0	0.0	0.0	0.0	0.0	0.023	0.053	0.0	0.0	0.0	0.0	0.0	0.0	0.0	0.006	0.0	0.0	0.0
RARG	P13631	True	RARG_HUMAN	RAreceptor_RARG_RXRG	CPI-CC000118AA2	RARG	0.009	0.0	0.0	0.0	0.0	0.026	0.0	0.0	0.0	0.0	0.183	0.0	0.0	0.054	0.0	0.0	0.0	0.0	0.0	0.023	0.053	0.0	0.0	0.0	0.0	0.0	0.0	0.0	0.006	0.0	0.0	0.0
RARG	P13631	True	RARG_HUMAN	RAreceptor_RARG_RXRG	CPI-CC0BEBB9C26	RARG	0.009	0.0	0.0	0.0	0.0	0.026	0.0	0.0	0.0	0.0	0.183	0.0	0.0	0.054	0.0	0.0	0.0	0.0	0.0	0.023	0.053	0.0	0.0	0.0	0.0	0.0	0.0	0.0	0.006	0.0	0.0	0.0
RXRG	P48443	True	RXRG_HUMAN	RAreceptor_RARG_RXRG	CPI-CC01AF691C1	RXRG	0.009	0.0	0.0	0.0	0.0	0.026	0.0	0.0	0.0	0.0	0.183	0.0	0.0	0.054	0.0	0.0	0.0	0.0	0.0	0.023	0.053	0.0	0.0	0.0	0.0	0.0	0.0	0.0	0.006	0.0	0.0	0.0
RXRG	P48443	True	RXRG_HUMAN	RAreceptor_RARG_RXRG	CPI-CC000118AA2	RXRG	0.009	0.0	0.0	0.0	0.0	0.026	0.0	0.0	0.0	0.0	0.183	0.0	0.0	0.054	0.0	0.0	0.0	0.0	0.0	0.023	0.053	0.0	0.0	0.0	0.0	0.0	0.0	0.0	0.006	0.0	0.0	0.0
RXRG	P48443	True	RXRG_HUMAN	RAreceptor_RARG_RXRG	CPI-CC0BEBB9C26	RXRG	0.009	0.0	0.0	0.0	0.0	0.026	0.0	0.0	0.0	0.0	0.183	0.0	0.0	0.054	0.0	0.0	0.0	0.0	0.0	0.023	0.053	0.0	0.0	0.0	0.0	0.0	0.0	0.0	0.006	0.0	0.0	0.0
CRABP2	P29373	True	RABP2_HUMAN	RAreceptor_RARG_RXRG	CPI-CC01AF691C1	CRABP2	0.009	0.0	0.0	0.0	0.0	0.026	0.0	0.0	0.0	0.0	0.183	0.0	0.0	0.054	0.0	0.0	0.0	0.0	0.0	0.023	0.053	0.0	0.0	0.0	0.0	0.0	0.0	0.0	0.006	0.0	0.0	0.0
CRABP2	P29373	True	RABP2_HUMAN	RAreceptor_RARG_RXRG	CPI-CC000118AA2	CRABP2	0.009	0.0	0.0	0.0	0.0	0.026	0.0	0.0	0.0	0.0	0.183	0.0	0.0	0.054	0.0	0.0	0.0	0.0	0.0	0.023	0.053	0.0	0.0	0.0	0.0	0.0	0.0	0.0	0.006	0.0	0.0	0.0
CRABP2	P29373	True	RABP2_HUMAN	RAreceptor_RARG_RXRG	CPI-CC0BEBB9C26	CRABP2	0.009	0.0	0.0	0.0	0.0	0.026	0.0	0.0	0.0	0.0	0.183	0.0	0.0	0.054	0.0	0.0	0.0	0.0	0.0	0.023	0.053	0.0	0.0	0.0	0.0	0.0	0.0	0.0	0.006	0.0	0.0	0.0
RET	P07949	True	RET_HUMAN	RET_receptor_1	CPI-SC08032972C	RET	0.054	0.0	0.0	0.0	0.017	0.039	0.0	0.159	0.0	0.0	0.0	0.0	0.0	0.0	0.0	0.0	0.0	0.0	0.0	0.0	0.0	0.265	0.0	0.0	0.0	0.027	0.124	0.0	0.205	0.0	0.0	0.073
RET	P07949	True	RET_HUMAN	RET_receptor_1	CPI-SC0BDF87EA3	RET	0.054	0.0	0.0	0.0	0.017	0.039	0.0	0.159	0.0	0.0	0.0	0.0	0.0	0.0	0.0	0.0	0.0	0.0	0.0	0.0	0.0	0.265	0.0	0.0	0.0	0.027	0.124	0.0	0.205	0.0	0.0	0.073
GFRA1	P56159	True	GFRA1_HUMAN	RET_receptor_1	CPI-SC08032972C	GFRA1	0.054	0.0	0.0	0.0	0.017	0.039	0.0	0.159	0.0	0.0	0.0	0.0	0.0	0.0	0.0	0.0	0.0	0.0	0.0	0.0	0.0	0.265	0.0	0.0	0.0	0.027	0.124	0.0	0.205	0.0	0.0	0.073
GFRA1	P56159	True	GFRA1_HUMAN	RET_receptor_1	CPI-SC0BDF87EA3	GFRA1	0.054	0.0	0.0	0.0	0.017	0.039	0.0	0.159	0.0	0.0	0.0	0.0	0.0	0.0	0.0	0.0	0.0	0.0	0.0	0.0	0.0	0.265	0.0	0.0	0.0	0.027	0.124	0.0	0.205	0.0	0.0	0.073
RET	P07949	True	RET_HUMAN	RET_receptor_2	CPI-SC060C69786	RET	0.054	0.0	0.0	0.0	0.017	0.039	0.0	0.208	0.0	0.0	0.0	0.0	0.0	0.0	0.0	0.0	0.0	0.0	0.0	0.0	0.0	0.131	0.0	0.0	0.0	0.027	0.0	0.0	0.205	0.0	0.0	0.073
GFRA2	O00451	True	GFRA2_HUMAN	RET_receptor_2	CPI-SC060C69786	GFRA2	0.054	0.0	0.0	0.0	0.017	0.039	0.0	0.208	0.0	0.0	0.0	0.0	0.0	0.0	0.0	0.0	0.0	0.0	0.0	0.0	0.0	0.131	0.0	0.0	0.0	0.027	0.0	0.0	0.205	0.0	0.0	0.073
RET	P07949	True	RET_HUMAN	RET_receptor_3	CPI-SC03B346136	RET	0.054	0.0	0.0	0.0	0.017	0.039	0.0	0.135	0.0	0.0	0.0	0.0	0.0	0.0	0.0	0.0	0.0	0.0	0.0	0.0	0.0	0.265	0.0	0.0	0.0	0.027	0.072	0.0	0.205	0.0	0.0	0.073
GFRA3	O60609	True	GFRA3_HUMAN	RET_receptor_3	CPI-SC03B346136	GFRA3	0.054	0.0	0.0	0.0	0.017	0.039	0.0	0.135	0.0	0.0	0.0	0.0	0.0	0.0	0.0	0.0	0.0	0.0	0.0	0.0	0.0	0.265	0.0	0.0	0.0	0.027	0.072	0.0	0.205	0.0	0.0	0.073
TGFBR1	P36897	True	TGFR1_HUMAN	TGFbeta_receptor1	CPI-SC0DABCC4B5	TGFBR1	0.009	0.0	0.371	0.0	0.0	0.0	0.038	0.0	0.0	0.0	0.0	0.025	0.0	0.0	0.0	0.0	0.0	0.0	0.241	0.047	0.034	0.0	0.0	0.037	0.0	0.0	0.008	0.0	0.0	0.0	0.0	0.051
TGFBR1	P36897	True	TGFR1_HUMAN	TGFbeta_receptor1	CPI-SC051FC855D	TGFBR1	0.009	0.0	0.371	0.0	0.0	0.0	0.038	0.0	0.0	0.0	0.0	0.025	0.0	0.0	0.0	0.0	0.0	0.0	0.241	0.047	0.034	0.0	0.0	0.037	0.0	0.0	0.008	0.0	0.0	0.0	0.0	0.051
TGFBR2	P37173	True	TGFR2_HUMAN	TGFbeta_receptor1	CPI-SC0DABCC4B5	TGFBR2	0.009	0.0	0.371	0.0	0.0	0.0	0.038	0.0	0.0	0.0	0.0	0.025	0.0	0.0	0.0	0.0	0.0	0.0	0.241	0.047	0.034	0.0	0.0	0.037	0.0	0.0	0.008	0.0	0.0	0.0	0.0	0.051
TGFBR2	P37173	True	TGFR2_HUMAN	TGFbeta_receptor1	CPI-SC051FC855D	TGFBR2	0.009	0.0	0.371	0.0	0.0	0.0	0.038	0.0	0.0	0.0	0.0	0.025	0.0	0.0	0.0	0.0	0.0	0.0	0.241	0.047	0.034	0.0	0.0	0.037	0.0	0.0	0.008	0.0	0.0	0.0	0.0	0.051
GABRA1	P14867	True	GBRA1_HUMAN	GABA-A_a1b2_complex	CPI-CC09C521706	GABRA1	0.491	0.036	0.029	2.079	0.177	0.137	0.024	0.0	0.081	0.284	0.231	0.028	0.0	0.044	0.069	0.0	0.0	0.026	0.105	1.121	1.973	0.377	0.919	0.117	0.0	0.304	0.484	0.816	0.154	0.133	0.896	0.415
GABRA1	P14867	True	GBRA1_HUMAN	GABA-A_a1b2_complex	CPI-CC0200FD25E	GABRA1	0.491	0.036	0.029	2.079	0.177	0.137	0.024	0.0	0.081	0.284	0.231	0.028	0.0	0.044	0.069	0.0	0.0	0.026	0.105	1.121	1.973	0.377	0.919	0.117	0.0	0.304	0.484	0.816	0.154	0.133	0.896	0.415
GABRA1	P14867	True	GBRA1_HUMAN	GABA-A_a1b2_complex	CPI-CC0CBCCF256	GABRA1	0.491	0.036	0.029	2.079	0.177	0.137	0.024	0.0	0.081	0.284	0.231	0.028	0.0	0.044	0.069	0.0	0.0	0.026	0.105	1.121	1.973	0.377	0.919	0.117	0.0	0.304	0.484	0.816	0.154	0.133	0.896	0.415
GABRA1	P14867	True	GBRA1_HUMAN	GABA-A_a1b2_complex	CPI-CC061180998	GABRA1	0.491	0.036	0.029	2.079	0.177	0.137	0.024	0.0	0.081	0.284	0.231	0.028	0.0	0.044	0.069	0.0	0.0	0.026	0.105	1.121	1.973	0.377	0.919	0.117	0.0	0.304	0.484	0.816	0.154	0.133	0.896	0.415
GABRA1	P14867	True	GBRA1_HUMAN	GABA-A_a1b2_complex	CPI-CC07643D38C	GABRA1	0.491	0.036	0.029	2.079	0.177	0.137	0.024	0.0	0.081	0.284	0.231	0.028	0.0	0.044	0.069	0.0	0.0	0.026	0.105	1.121	1.973	0.377	0.919	0.117	0.0	0.304	0.484	0.816	0.154	0.133	0.896	0.415
GABRA1	P14867	True	GBRA1_HUMAN	GABA-A_a1b2_complex	CPI-CC0946F123A	GABRA1	0.491	0.036	0.029	2.079	0.177	0.137	0.024	0.0	0.081	0.284	0.231	0.028	0.0	0.044	0.069	0.0	0.0	0.026	0.105	1.121	1.973	0.377	0.919	0.117	0.0	0.304	0.484	0.816	0.154	0.133	0.896	0.415
GABRA1	P14867	True	GBRA1_HUMAN	GABA-A_a1b2_complex	CPI-CC05D186539	GABRA1	0.491	0.036	0.029	2.079	0.177	0.137	0.024	0.0	0.081	0.284	0.231	0.028	0.0	0.044	0.069	0.0	0.0	0.026	0.105	1.121	1.973	0.377	0.919	0.117	0.0	0.304	0.484	0.816	0.154	0.133	0.896	0.415
GABRA1	P14867	True	GBRA1_HUMAN	GABA-A_a1b2_complex	CPI-CC03EB01F42	GABRA1	0.491	0.036	0.029	2.079	0.177	0.137	0.024	0.0	0.081	0.284	0.231	0.028	0.0	0.044	0.069	0.0	0.0	0.026	0.105	1.121	1.973	0.377	0.919	0.117	0.0	0.304	0.484	0.816	0.154	0.133	0.896	0.415
GABRA1	P14867	True	GBRA1_HUMAN	GABA-A_a1b2_complex	CPI-CC076D3C70C	GABRA1	0.491	0.036	0.029	2.079	0.177	0.137	0.024	0.0	0.081	0.284	0.231	0.028	0.0	0.044	0.069	0.0	0.0	0.026	0.105	1.121	1.973	0.377	0.919	0.117	0.0	0.304	0.484	0.816	0.154	0.133	0.896	0.415
GABRA1	P14867	True	GBRA1_HUMAN	GABA-A_a1b2_complex	CPI-CC0D1121E32	GABRA1	0.491	0.036	0.029	2.079	0.177	0.137	0.024	0.0	0.081	0.284	0.231	0.028	0.0	0.044	0.069	0.0	0.0	0.026	0.105	1.121	1.973	0.377	0.919	0.117	0.0	0.304	0.484	0.816	0.154	0.133	0.896	0.415
GABRA1	P14867	True	GBRA1_HUMAN	GABA-A_a1b2_complex	CPI-CC05EB8AC47	GABRA1	0.491	0.036	0.029	2.079	0.177	0.137	0.024	0.0	0.081	0.284	0.231	0.028	0.0	0.044	0.069	0.0	0.0	0.026	0.105	1.121	1.973	0.377	0.919	0.117	0.0	0.304	0.484	0.816	0.154	0.133	0.896	0.415
GABRA1	P14867	True	GBRA1_HUMAN	GABA-A_a1b2_complex	CPI-CC06878B267	GABRA1	0.491	0.036	0.029	2.079	0.177	0.137	0.024	0.0	0.081	0.284	0.231	0.028	0.0	0.044	0.069	0.0	0.0	0.026	0.105	1.121	1.973	0.377	0.919	0.117	0.0	0.304	0.484	0.816	0.154	0.133	0.896	0.415
GABRB2	P47870	True	GBRB2_HUMAN	GABA-A_a1b2_complex	CPI-CC09C521706	GABRB2	0.491	0.036	0.029	2.079	0.177	0.137	0.024	0.0	0.081	0.284	0.231	0.028	0.0	0.044	0.069	0.0	0.0	0.026	0.105	1.121	1.973	0.377	0.919	0.117	0.0	0.304	0.484	0.816	0.154	0.133	0.896	0.415
GABRB2	P47870	True	GBRB2_HUMAN	GABA-A_a1b2_complex	CPI-CC0200FD25E	GABRB2	0.491	0.036	0.029	2.079	0.177	0.137	0.024	0.0	0.081	0.284	0.231	0.028	0.0	0.044	0.069	0.0	0.0	0.026	0.105	1.121	1.973	0.377	0.919	0.117	0.0	0.304	0.484	0.816	0.154	0.133	0.896	0.415
GABRB2	P47870	True	GBRB2_HUMAN	GABA-A_a1b2_complex	CPI-CC0CBCCF256	GABRB2	0.491	0.036	0.029	2.079	0.177	0.137	0.024	0.0	0.081	0.284	0.231	0.028	0.0	0.044	0.069	0.0	0.0	0.026	0.105	1.121	1.973	0.377	0.919	0.117	0.0	0.304	0.484	0.816	0.154	0.133	0.896	0.415
GABRB2	P47870	True	GBRB2_HUMAN	GABA-A_a1b2_complex	CPI-CC061180998	GABRB2	0.491	0.036	0.029	2.079	0.177	0.137	0.024	0.0	0.081	0.284	0.231	0.028	0.0	0.044	0.069	0.0	0.0	0.026	0.105	1.121	1.973	0.377	0.919	0.117	0.0	0.304	0.484	0.816	0.154	0.133	0.896	0.415
GABRB2	P47870	True	GBRB2_HUMAN	GABA-A_a1b2_complex	CPI-CC07643D38C	GABRB2	0.491	0.036	0.029	2.079	0.177	0.137	0.024	0.0	0.081	0.284	0.231	0.028	0.0	0.044	0.069	0.0	0.0	0.026	0.105	1.121	1.973	0.377	0.919	0.117	0.0	0.304	0.484	0.816	0.154	0.133	0.896	0.415
GABRB2	P47870	True	GBRB2_HUMAN	GABA-A_a1b2_complex	CPI-CC0946F123A	GABRB2	0.491	0.036	0.029	2.079	0.177	0.137	0.024	0.0	0.081	0.284	0.231	0.028	0.0	0.044	0.069	0.0	0.0	0.026	0.105	1.121	1.973	0.377	0.919	0.117	0.0	0.304	0.484	0.816	0.154	0.133	0.896	0.415
GABRB2	P47870	True	GBRB2_HUMAN	GABA-A_a1b2_complex	CPI-CC05D186539	GABRB2	0.491	0.036	0.029	2.079	0.177	0.137	0.024	0.0	0.081	0.284	0.231	0.028	0.0	0.044	0.069	0.0	0.0	0.026	0.105	1.121	1.973	0.377	0.919	0.117	0.0	0.304	0.484	0.816	0.154	0.133	0.896	0.415
GABRB2	P47870	True	GBRB2_HUMAN	GABA-A_a1b2_complex	CPI-CC03EB01F42	GABRB2	0.491	0.036	0.029	2.079	0.177	0.137	0.024	0.0	0.081	0.284	0.231	0.028	0.0	0.044	0.069	0.0	0.0	0.026	0.105	1.121	1.973	0.377	0.919	0.117	0.0	0.304	0.484	0.816	0.154	0.133	0.896	0.415
GABRB2	P47870	True	GBRB2_HUMAN	GABA-A_a1b2_complex	CPI-CC076D3C70C	GABRB2	0.491	0.036	0.029	2.079	0.177	0.137	0.024	0.0	0.081	0.284	0.231	0.028	0.0	0.044	0.069	0.0	0.0	0.026	0.105	1.121	1.973	0.377	0.919	0.117	0.0	0.304	0.484	0.816	0.154	0.133	0.896	0.415
GABRB2	P47870	True	GBRB2_HUMAN	GABA-A_a1b2_complex	CPI-CC0D1121E32	GABRB2	0.491	0.036	0.029	2.079	0.177	0.137	0.024	0.0	0.081	0.284	0.231	0.028	0.0	0.044	0.069	0.0	0.0	0.026	0.105	1.121	1.973	0.377	0.919	0.117	0.0	0.304	0.484	0.816	0.154	0.133	0.896	0.415
GABRB2	P47870	True	GBRB2_HUMAN	GABA-A_a1b2_complex	CPI-CC05EB8AC47	GABRB2	0.491	0.036	0.029	2.079	0.177	0.137	0.024	0.0	0.081	0.284	0.231	0.028	0.0	0.044	0.069	0.0	0.0	0.026	0.105	1.121	1.973	0.377	0.919	0.117	0.0	0.304	0.484	0.816	0.154	0.133	0.896	0.415
GABRB2	P47870	True	GBRB2_HUMAN	GABA-A_a1b2_complex	CPI-CC06878B267	GABRB2	0.491	0.036	0.029	2.079	0.177	0.137	0.024	0.0	0.081	0.284	0.231	0.028	0.0	0.044	0.069	0.0	0.0	0.026	0.105	1.121	1.973	0.377	0.919	0.117	0.0	0.304	0.484	0.816	0.154	0.133	0.896	0.415
GABRA1	P14867	True	GBRA1_HUMAN	GABA-A_a1b2g2S_complex	CPI-CC0392C7337	GABRA1	0.491	0.036	0.029	1.147	0.177	0.137	0.024	0.0	0.081	0.284	0.231	0.028	0.0	0.044	0.069	0.0	0.0	0.026	0.104	1.121	1.973	0.377	0.919	0.117	0.0	0.304	0.484	0.816	0.154	0.133	0.896	0.415
GABRA1	P14867	True	GBRA1_HUMAN	GABA-A_a1b2g2S_complex	CPI-CC03C18523A	GABRA1	0.491	0.036	0.029	1.147	0.177	0.137	0.024	0.0	0.081	0.284	0.231	0.028	0.0	0.044	0.069	0.0	0.0	0.026	0.104	1.121	1.973	0.377	0.919	0.117	0.0	0.304	0.484	0.816	0.154	0.133	0.896	0.415
GABRA1	P14867	True	GBRA1_HUMAN	GABA-A_a1b2g2S_complex	CPI-CC004185A70	GABRA1	0.491	0.036	0.029	1.147	0.177	0.137	0.024	0.0	0.081	0.284	0.231	0.028	0.0	0.044	0.069	0.0	0.0	0.026	0.104	1.121	1.973	0.377	0.919	0.117	0.0	0.304	0.484	0.816	0.154	0.133	0.896	0.415
GABRA1	P14867	True	GBRA1_HUMAN	GABA-A_a1b2g2S_complex	CPI-CC03F9B0D3E	GABRA1	0.491	0.036	0.029	1.147	0.177	0.137	0.024	0.0	0.081	0.284	0.231	0.028	0.0	0.044	0.069	0.0	0.0	0.026	0.104	1.121	1.973	0.377	0.919	0.117	0.0	0.304	0.484	0.816	0.154	0.133	0.896	0.415
GABRA1	P14867	True	GBRA1_HUMAN	GABA-A_a1b2g2S_complex	CPI-CC07774ECF6	GABRA1	0.491	0.036	0.029	1.147	0.177	0.137	0.024	0.0	0.081	0.284	0.231	0.028	0.0	0.044	0.069	0.0	0.0	0.026	0.104	1.121	1.973	0.377	0.919	0.117	0.0	0.304	0.484	0.816	0.154	0.133	0.896	0.415
GABRA1	P14867	True	GBRA1_HUMAN	GABA-A_a1b2g2S_complex	CPI-CC089C08005	GABRA1	0.491	0.036	0.029	1.147	0.177	0.137	0.024	0.0	0.081	0.284	0.231	0.028	0.0	0.044	0.069	0.0	0.0	0.026	0.104	1.121	1.973	0.377	0.919	0.117	0.0	0.304	0.484	0.816	0.154	0.133	0.896	0.415
GABRA1	P14867	True	GBRA1_HUMAN	GABA-A_a1b2g2S_complex	CPI-CC0B5A2E9A4	GABRA1	0.491	0.036	0.029	1.147	0.177	0.137	0.024	0.0	0.081	0.284	0.231	0.028	0.0	0.044	0.069	0.0	0.0	0.026	0.104	1.121	1.973	0.377	0.919	0.117	0.0	0.304	0.484	0.816	0.154	0.133	0.896	0.415
GABRA1	P14867	True	GBRA1_HUMAN	GABA-A_a1b2g2S_complex	CPI-CC0F110BCE5	GABRA1	0.491	0.036	0.029	1.147	0.177	0.137	0.024	0.0	0.081	0.284	0.231	0.028	0.0	0.044	0.069	0.0	0.0	0.026	0.104	1.121	1.973	0.377	0.919	0.117	0.0	0.304	0.484	0.816	0.154	0.133	0.896	0.415
GABRA1	P14867	True	GBRA1_HUMAN	GABA-A_a1b2g2S_complex	CPI-CC01E8115FE	GABRA1	0.491	0.036	0.029	1.147	0.177	0.137	0.024	0.0	0.081	0.284	0.231	0.028	0.0	0.044	0.069	0.0	0.0	0.026	0.104	1.121	1.973	0.377	0.919	0.117	0.0	0.304	0.484	0.816	0.154	0.133	0.896	0.415
GABRA1	P14867	True	GBRA1_HUMAN	GABA-A_a1b2g2S_complex	CPI-CC054F031D4	GABRA1	0.491	0.036	0.029	1.147	0.177	0.137	0.024	0.0	0.081	0.284	0.231	0.028	0.0	0.044	0.069	0.0	0.0	0.026	0.104	1.121	1.973	0.377	0.919	0.117	0.0	0.304	0.484	0.816	0.154	0.133	0.896	0.415
GABRA1	P14867	True	GBRA1_HUMAN	GABA-A_a1b2g2S_complex	CPI-CC00DB8A3C3	GABRA1	0.491	0.036	0.029	1.147	0.177	0.137	0.024	0.0	0.081	0.284	0.231	0.028	0.0	0.044	0.069	0.0	0.0	0.026	0.104	1.121	1.973	0.377	0.919	0.117	0.0	0.304	0.484	0.816	0.154	0.133	0.896	0.415
GABRA1	P14867	True	GBRA1_HUMAN	GABA-A_a1b2g2S_complex	CPI-CC0CD7157B7	GABRA1	0.491	0.036	0.029	1.147	0.177	0.137	0.024	0.0	0.081	0.284	0.231	0.028	0.0	0.044	0.069	0.0	0.0	0.026	0.104	1.121	1.973	0.377	0.919	0.117	0.0	0.304	0.484	0.816	0.154	0.133	0.896	0.415
GABRB2	P47870	True	GBRB2_HUMAN	GABA-A_a1b2g2S_complex	CPI-CC0392C7337	GABRB2	0.491	0.036	0.029	1.147	0.177	0.137	0.024	0.0	0.081	0.284	0.231	0.028	0.0	0.044	0.069	0.0	0.0	0.026	0.104	1.121	1.973	0.377	0.919	0.117	0.0	0.304	0.484	0.816	0.154	0.133	0.896	0.415
GABRB2	P47870	True	GBRB2_HUMAN	GABA-A_a1b2g2S_complex	CPI-CC03C18523A	GABRB2	0.491	0.036	0.029	1.147	0.177	0.137	0.024	0.0	0.081	0.284	0.231	0.028	0.0	0.044	0.069	0.0	0.0	0.026	0.104	1.121	1.973	0.377	0.919	0.117	0.0	0.304	0.484	0.816	0.154	0.133	0.896	0.415
GABRB2	P47870	True	GBRB2_HUMAN	GABA-A_a1b2g2S_complex	CPI-CC004185A70	GABRB2	0.491	0.036	0.029	1.147	0.177	0.137	0.024	0.0	0.081	0.284	0.231	0.028	0.0	0.044	0.069	0.0	0.0	0.026	0.104	1.121	1.973	0.377	0.919	0.117	0.0	0.304	0.484	0.816	0.154	0.133	0.896	0.415
GABRB2	P47870	True	GBRB2_HUMAN	GABA-A_a1b2g2S_complex	CPI-CC03F9B0D3E	GABRB2	0.491	0.036	0.029	1.147	0.177	0.137	0.024	0.0	0.081	0.284	0.231	0.028	0.0	0.044	0.069	0.0	0.0	0.026	0.104	1.121	1.973	0.377	0.919	0.117	0.0	0.304	0.484	0.816	0.154	0.133	0.896	0.415
GABRB2	P47870	True	GBRB2_HUMAN	GABA-A_a1b2g2S_complex	CPI-CC07774ECF6	GABRB2	0.491	0.036	0.029	1.147	0.177	0.137	0.024	0.0	0.081	0.284	0.231	0.028	0.0	0.044	0.069	0.0	0.0	0.026	0.104	1.121	1.973	0.377	0.919	0.117	0.0	0.304	0.484	0.816	0.154	0.133	0.896	0.415
GABRB2	P47870	True	GBRB2_HUMAN	GABA-A_a1b2g2S_complex	CPI-CC089C08005	GABRB2	0.491	0.036	0.029	1.147	0.177	0.137	0.024	0.0	0.081	0.284	0.231	0.028	0.0	0.044	0.069	0.0	0.0	0.026	0.104	1.121	1.973	0.377	0.919	0.117	0.0	0.304	0.484	0.816	0.154	0.133	0.896	0.415
GABRB2	P47870	True	GBRB2_HUMAN	GABA-A_a1b2g2S_complex	CPI-CC0B5A2E9A4	GABRB2	0.491	0.036	0.029	1.147	0.177	0.137	0.024	0.0	0.081	0.284	0.231	0.028	0.0	0.044	0.069	0.0	0.0	0.026	0.104	1.121	1.973	0.377	0.919	0.117	0.0	0.304	0.484	0.816	0.154	0.133	0.896	0.415
GABRB2	P47870	True	GBRB2_HUMAN	GABA-A_a1b2g2S_complex	CPI-CC0F110BCE5	GABRB2	0.491	0.036	0.029	1.147	0.177	0.137	0.024	0.0	0.081	0.284	0.231	0.028	0.0	0.044	0.069	0.0	0.0	0.026	0.104	1.121	1.973	0.377	0.919	0.117	0.0	0.304	0.484	0.816	0.154	0.133	0.896	0.415
GABRB2	P47870	True	GBRB2_HUMAN	GABA-A_a1b2g2S_complex	CPI-CC01E8115FE	GABRB2	0.491	0.036	0.029	1.147	0.177	0.137	0.024	0.0	0.081	0.284	0.231	0.028	0.0	0.044	0.069	0.0	0.0	0.026	0.104	1.121	1.973	0.377	0.919	0.117	0.0	0.304	0.484	0.816	0.154	0.133	0.896	0.415
GABRB2	P47870	True	GBRB2_HUMAN	GABA-A_a1b2g2S_complex	CPI-CC054F031D4	GABRB2	0.491	0.036	0.029	1.147	0.177	0.137	0.024	0.0	0.081	0.284	0.231	0.028	0.0	0.044	0.069	0.0	0.0	0.026	0.104	1.121	1.973	0.377	0.919	0.117	0.0	0.304	0.484	0.816	0.154	0.133	0.896	0.415
GABRB2	P47870	True	GBRB2_HUMAN	GABA-A_a1b2g2S_complex	CPI-CC00DB8A3C3	GABRB2	0.491	0.036	0.029	1.147	0.177	0.137	0.024	0.0	0.081	0.284	0.231	0.028	0.0	0.044	0.069	0.0	0.0	0.026	0.104	1.121	1.973	0.377	0.919	0.117	0.0	0.304	0.484	0.816	0.154	0.133	0.896	0.415
GABRB2	P47870	True	GBRB2_HUMAN	GABA-A_a1b2g2S_complex	CPI-CC0CD7157B7	GABRB2	0.491	0.036	0.029	1.147	0.177	0.137	0.024	0.0	0.081	0.284	0.231	0.028	0.0	0.044	0.069	0.0	0.0	0.026	0.104	1.121	1.973	0.377	0.919	0.117	0.0	0.304	0.484	0.816	0.154	0.133	0.896	0.415
GABRG2	P18507	True	GBRG2_HUMAN	GABA-A_a1b2g2S_complex	CPI-CC0392C7337	GABRG2	0.491	0.036	0.029	1.147	0.177	0.137	0.024	0.0	0.081	0.284	0.231	0.028	0.0	0.044	0.069	0.0	0.0	0.026	0.104	1.121	1.973	0.377	0.919	0.117	0.0	0.304	0.484	0.816	0.154	0.133	0.896	0.415
GABRG2	P18507	True	GBRG2_HUMAN	GABA-A_a1b2g2S_complex	CPI-CC03C18523A	GABRG2	0.491	0.036	0.029	1.147	0.177	0.137	0.024	0.0	0.081	0.284	0.231	0.028	0.0	0.044	0.069	0.0	0.0	0.026	0.104	1.121	1.973	0.377	0.919	0.117	0.0	0.304	0.484	0.816	0.154	0.133	0.896	0.415
GABRG2	P18507	True	GBRG2_HUMAN	GABA-A_a1b2g2S_complex	CPI-CC004185A70	GABRG2	0.491	0.036	0.029	1.147	0.177	0.137	0.024	0.0	0.081	0.284	0.231	0.028	0.0	0.044	0.069	0.0	0.0	0.026	0.104	1.121	1.973	0.377	0.919	0.117	0.0	0.304	0.484	0.816	0.154	0.133	0.896	0.415
GABRG2	P18507	True	GBRG2_HUMAN	GABA-A_a1b2g2S_complex	CPI-CC03F9B0D3E	GABRG2	0.491	0.036	0.029	1.147	0.177	0.137	0.024	0.0	0.081	0.284	0.231	0.028	0.0	0.044	0.069	0.0	0.0	0.026	0.104	1.121	1.973	0.377	0.919	0.117	0.0	0.304	0.484	0.816	0.154	0.133	0.896	0.415
GABRG2	P18507	True	GBRG2_HUMAN	GABA-A_a1b2g2S_complex	CPI-CC07774ECF6	GABRG2	0.491	0.036	0.029	1.147	0.177	0.137	0.024	0.0	0.081	0.284	0.231	0.028	0.0	0.044	0.069	0.0	0.0	0.026	0.104	1.121	1.973	0.377	0.919	0.117	0.0	0.304	0.484	0.816	0.154	0.133	0.896	0.415
GABRG2	P18507	True	GBRG2_HUMAN	GABA-A_a1b2g2S_complex	CPI-CC089C08005	GABRG2	0.491	0.036	0.029	1.147	0.177	0.137	0.024	0.0	0.081	0.284	0.231	0.028	0.0	0.044	0.069	0.0	0.0	0.026	0.104	1.121	1.973	0.377	0.919	0.117	0.0	0.304	0.484	0.816	0.154	0.133	0.896	0.415
GABRG2	P18507	True	GBRG2_HUMAN	GABA-A_a1b2g2S_complex	CPI-CC0B5A2E9A4	GABRG2	0.491	0.036	0.029	1.147	0.177	0.137	0.024	0.0	0.081	0.284	0.231	0.028	0.0	0.044	0.069	0.0	0.0	0.026	0.104	1.121	1.973	0.377	0.919	0.117	0.0	0.304	0.484	0.816	0.154	0.133	0.896	0.415
GABRG2	P18507	True	GBRG2_HUMAN	GABA-A_a1b2g2S_complex	CPI-CC0F110BCE5	GABRG2	0.491	0.036	0.029	1.147	0.177	0.137	0.024	0.0	0.081	0.284	0.231	0.028	0.0	0.044	0.069	0.0	0.0	0.026	0.104	1.121	1.973	0.377	0.919	0.117	0.0	0.304	0.484	0.816	0.154	0.133	0.896	0.415
GABRG2	P18507	True	GBRG2_HUMAN	GABA-A_a1b2g2S_complex	CPI-CC01E8115FE	GABRG2	0.491	0.036	0.029	1.147	0.177	0.137	0.024	0.0	0.081	0.284	0.231	0.028	0.0	0.044	0.069	0.0	0.0	0.026	0.104	1.121	1.973	0.377	0.919	0.117	0.0	0.304	0.484	0.816	0.154	0.133	0.896	0.415
GABRG2	P18507	True	GBRG2_HUMAN	GABA-A_a1b2g2S_complex	CPI-CC054F031D4	GABRG2	0.491	0.036	0.029	1.147	0.177	0.137	0.024	0.0	0.081	0.284	0.231	0.028	0.0	0.044	0.069	0.0	0.0	0.026	0.104	1.121	1.973	0.377	0.919	0.117	0.0	0.304	0.484	0.816	0.154	0.133	0.896	0.415
GABRG2	P18507	True	GBRG2_HUMAN	GABA-A_a1b2g2S_complex	CPI-CC00DB8A3C3	GABRG2	0.491	0.036	0.029	1.147	0.177	0.137	0.024	0.0	0.081	0.284	0.231	0.028	0.0	0.044	0.069	0.0	0.0	0.026	0.104	1.121	1.973	0.377	0.919	0.117	0.0	0.304	0.484	0.816	0.154	0.133	0.896	0.415
GABRG2	P18507	True	GBRG2_HUMAN	GABA-A_a1b2g2S_complex	CPI-CC0CD7157B7	GABRG2	0.491	0.036	0.029	1.147	0.177	0.137	0.024	0.0	0.081	0.284	0.231	0.028	0.0	0.044	0.069	0.0	0.0	0.026	0.104	1.121	1.973	0.377	0.919	0.117	0.0	0.304	0.484	0.816	0.154	0.133	0.896	0.415
GABRA1	P14867	True	GBRA1_HUMAN	GABA-A_a1b2d_complex	CPI-CC0990A372B	GABRA1	0.216	0.036	0.029	0.051	0.076	0.084	0.024	0.0	0.081	0.284	0.0	0.028	0.0	0.044	0.069	0.0	0.0	0.023	0.105	0.064	0.875	0.102	0.743	0.117	0.0	0.304	0.484	0.537	0.068	0.133	0.896	0.291
GABRA1	P14867	True	GBRA1_HUMAN	GABA-A_a1b2d_complex	CPI-CC07921E343	GABRA1	0.216	0.036	0.029	0.051	0.076	0.084	0.024	0.0	0.081	0.284	0.0	0.028	0.0	0.044	0.069	0.0	0.0	0.023	0.105	0.064	0.875	0.102	0.743	0.117	0.0	0.304	0.484	0.537	0.068	0.133	0.896	0.291
GABRA1	P14867	True	GBRA1_HUMAN	GABA-A_a1b2d_complex	CPI-CC02E4FE92E	GABRA1	0.216	0.036	0.029	0.051	0.076	0.084	0.024	0.0	0.081	0.284	0.0	0.028	0.0	0.044	0.069	0.0	0.0	0.023	0.105	0.064	0.875	0.102	0.743	0.117	0.0	0.304	0.484	0.537	0.068	0.133	0.896	0.291
GABRA1	P14867	True	GBRA1_HUMAN	GABA-A_a1b2d_complex	CPI-CC0C820256C	GABRA1	0.216	0.036	0.029	0.051	0.076	0.084	0.024	0.0	0.081	0.284	0.0	0.028	0.0	0.044	0.069	0.0	0.0	0.023	0.105	0.064	0.875	0.102	0.743	0.117	0.0	0.304	0.484	0.537	0.068	0.133	0.896	0.291
GABRA1	P14867	True	GBRA1_HUMAN	GABA-A_a1b2d_complex	CPI-CC0489A8F45	GABRA1	0.216	0.036	0.029	0.051	0.076	0.084	0.024	0.0	0.081	0.284	0.0	0.028	0.0	0.044	0.069	0.0	0.0	0.023	0.105	0.064	0.875	0.102	0.743	0.117	0.0	0.304	0.484	0.537	0.068	0.133	0.896	0.291
GABRA1	P14867	True	GBRA1_HUMAN	GABA-A_a1b2d_complex	CPI-CC05D2522F1	GABRA1	0.216	0.036	0.029	0.051	0.076	0.084	0.024	0.0	0.081	0.284	0.0	0.028	0.0	0.044	0.069	0.0	0.0	0.023	0.105	0.064	0.875	0.102	0.743	0.117	0.0	0.304	0.484	0.537	0.068	0.133	0.896	0.291
GABRA1	P14867	True	GBRA1_HUMAN	GABA-A_a1b2d_complex	CPI-CC009DEE9FC	GABRA1	0.216	0.036	0.029	0.051	0.076	0.084	0.024	0.0	0.081	0.284	0.0	0.028	0.0	0.044	0.069	0.0	0.0	0.023	0.105	0.064	0.875	0.102	0.743	0.117	0.0	0.304	0.484	0.537	0.068	0.133	0.896	0.291
GABRA1	P14867	True	GBRA1_HUMAN	GABA-A_a1b2d_complex	CPI-CC001A2A34F	GABRA1	0.216	0.036	0.029	0.051	0.076	0.084	0.024	0.0	0.081	0.284	0.0	0.028	0.0	0.044	0.069	0.0	0.0	0.023	0.105	0.064	0.875	0.102	0.743	0.117	0.0	0.304	0.484	0.537	0.068	0.133	0.896	0.291
GABRA1	P14867	True	GBRA1_HUMAN	GABA-A_a1b2d_complex	CPI-CC03AD613BA	GABRA1	0.216	0.036	0.029	0.051	0.076	0.084	0.024	0.0	0.081	0.284	0.0	0.028	0.0	0.044	0.069	0.0	0.0	0.023	0.105	0.064	0.875	0.102	0.743	0.117	0.0	0.304	0.484	0.537	0.068	0.133	0.896	0.291
GABRA1	P14867	True	GBRA1_HUMAN	GABA-A_a1b2d_complex	CPI-CC018526C0E	GABRA1	0.216	0.036	0.029	0.051	0.076	0.084	0.024	0.0	0.081	0.284	0.0	0.028	0.0	0.044	0.069	0.0	0.0	0.023	0.105	0.064	0.875	0.102	0.743	0.117	0.0	0.304	0.484	0.537	0.068	0.133	0.896	0.291
GABRA1	P14867	True	GBRA1_HUMAN	GABA-A_a1b2d_complex	CPI-CC05C1516B6	GABRA1	0.216	0.036	0.029	0.051	0.076	0.084	0.024	0.0	0.081	0.284	0.0	0.028	0.0	0.044	0.069	0.0	0.0	0.023	0.105	0.064	0.875	0.102	0.743	0.117	0.0	0.304	0.484	0.537	0.068	0.133	0.896	0.291
GABRA1	P14867	True	GBRA1_HUMAN	GABA-A_a1b2d_complex	CPI-CC0F913B188	GABRA1	0.216	0.036	0.029	0.051	0.076	0.084	0.024	0.0	0.081	0.284	0.0	0.028	0.0	0.044	0.069	0.0	0.0	0.023	0.105	0.064	0.875	0.102	0.743	0.117	0.0	0.304	0.484	0.537	0.068	0.133	0.896	0.291
GABRB2	P47870	True	GBRB2_HUMAN	GABA-A_a1b2d_complex	CPI-CC0990A372B	GABRB2	0.216	0.036	0.029	0.051	0.076	0.084	0.024	0.0	0.081	0.284	0.0	0.028	0.0	0.044	0.069	0.0	0.0	0.023	0.105	0.064	0.875	0.102	0.743	0.117	0.0	0.304	0.484	0.537	0.068	0.133	0.896	0.291
GABRB2	P47870	True	GBRB2_HUMAN	GABA-A_a1b2d_complex	CPI-CC07921E343	GABRB2	0.216	0.036	0.029	0.051	0.076	0.084	0.024	0.0	0.081	0.284	0.0	0.028	0.0	0.044	0.069	0.0	0.0	0.023	0.105	0.064	0.875	0.102	0.743	0.117	0.0	0.304	0.484	0.537	0.068	0.133	0.896	0.291
GABRB2	P47870	True	GBRB2_HUMAN	GABA-A_a1b2d_complex	CPI-CC02E4FE92E	GABRB2	0.216	0.036	0.029	0.051	0.076	0.084	0.024	0.0	0.081	0.284	0.0	0.028	0.0	0.044	0.069	0.0	0.0	0.023	0.105	0.064	0.875	0.102	0.743	0.117	0.0	0.304	0.484	0.537	0.068	0.133	0.896	0.291
GABRB2	P47870	True	GBRB2_HUMAN	GABA-A_a1b2d_complex	CPI-CC0C820256C	GABRB2	0.216	0.036	0.029	0.051	0.076	0.084	0.024	0.0	0.081	0.284	0.0	0.028	0.0	0.044	0.069	0.0	0.0	0.023	0.105	0.064	0.875	0.102	0.743	0.117	0.0	0.304	0.484	0.537	0.068	0.133	0.896	0.291
GABRB2	P47870	True	GBRB2_HUMAN	GABA-A_a1b2d_complex	CPI-CC0489A8F45	GABRB2	0.216	0.036	0.029	0.051	0.076	0.084	0.024	0.0	0.081	0.284	0.0	0.028	0.0	0.044	0.069	0.0	0.0	0.023	0.105	0.064	0.875	0.102	0.743	0.117	0.0	0.304	0.484	0.537	0.068	0.133	0.896	0.291
GABRB2	P47870	True	GBRB2_HUMAN	GABA-A_a1b2d_complex	CPI-CC05D2522F1	GABRB2	0.216	0.036	0.029	0.051	0.076	0.084	0.024	0.0	0.081	0.284	0.0	0.028	0.0	0.044	0.069	0.0	0.0	0.023	0.105	0.064	0.875	0.102	0.743	0.117	0.0	0.304	0.484	0.537	0.068	0.133	0.896	0.291
GABRB2	P47870	True	GBRB2_HUMAN	GABA-A_a1b2d_complex	CPI-CC009DEE9FC	GABRB2	0.216	0.036	0.029	0.051	0.076	0.084	0.024	0.0	0.081	0.284	0.0	0.028	0.0	0.044	0.069	0.0	0.0	0.023	0.105	0.064	0.875	0.102	0.743	0.117	0.0	0.304	0.484	0.537	0.068	0.133	0.896	0.291
GABRB2	P47870	True	GBRB2_HUMAN	GABA-A_a1b2d_complex	CPI-CC001A2A34F	GABRB2	0.216	0.036	0.029	0.051	0.076	0.084	0.024	0.0	0.081	0.284	0.0	0.028	0.0	0.044	0.069	0.0	0.0	0.023	0.105	0.064	0.875	0.102	0.743	0.117	0.0	0.304	0.484	0.537	0.068	0.133	0.896	0.291
GABRB2	P47870	True	GBRB2_HUMAN	GABA-A_a1b2d_complex	CPI-CC03AD613BA	GABRB2	0.216	0.036	0.029	0.051	0.076	0.084	0.024	0.0	0.081	0.284	0.0	0.028	0.0	0.044	0.069	0.0	0.0	0.023	0.105	0.064	0.875	0.102	0.743	0.117	0.0	0.304	0.484	0.537	0.068	0.133	0.896	0.291
GABRB2	P47870	True	GBRB2_HUMAN	GABA-A_a1b2d_complex	CPI-CC018526C0E	GABRB2	0.216	0.036	0.029	0.051	0.076	0.084	0.024	0.0	0.081	0.284	0.0	0.028	0.0	0.044	0.069	0.0	0.0	0.023	0.105	0.064	0.875	0.102	0.743	0.117	0.0	0.304	0.484	0.537	0.068	0.133	0.896	0.291
GABRB2	P47870	True	GBRB2_HUMAN	GABA-A_a1b2d_complex	CPI-CC05C1516B6	GABRB2	0.216	0.036	0.029	0.051	0.076	0.084	0.024	0.0	0.081	0.284	0.0	0.028	0.0	0.044	0.069	0.0	0.0	0.023	0.105	0.064	0.875	0.102	0.743	0.117	0.0	0.304	0.484	0.537	0.068	0.133	0.896	0.291
GABRB2	P47870	True	GBRB2_HUMAN	GABA-A_a1b2d_complex	CPI-CC0F913B188	GABRB2	0.216	0.036	0.029	0.051	0.076	0.084	0.024	0.0	0.081	0.284	0.0	0.028	0.0	0.044	0.069	0.0	0.0	0.023	0.105	0.064	0.875	0.102	0.743	0.117	0.0	0.304	0.484	0.537	0.068	0.133	0.896	0.291
GABRD	O14764	True	GBRD_HUMAN	GABA-A_a1b2d_complex	CPI-CC0990A372B	GABRD	0.216	0.036	0.029	0.051	0.076	0.084	0.024	0.0	0.081	0.284	0.0	0.028	0.0	0.044	0.069	0.0	0.0	0.023	0.105	0.064	0.875	0.102	0.743	0.117	0.0	0.304	0.484	0.537	0.068	0.133	0.896	0.291
GABRD	O14764	True	GBRD_HUMAN	GABA-A_a1b2d_complex	CPI-CC07921E343	GABRD	0.216	0.036	0.029	0.051	0.076	0.084	0.024	0.0	0.081	0.284	0.0	0.028	0.0	0.044	0.069	0.0	0.0	0.023	0.105	0.064	0.875	0.102	0.743	0.117	0.0	0.304	0.484	0.537	0.068	0.133	0.896	0.291
GABRD	O14764	True	GBRD_HUMAN	GABA-A_a1b2d_complex	CPI-CC02E4FE92E	GABRD	0.216	0.036	0.029	0.051	0.076	0.084	0.024	0.0	0.081	0.284	0.0	0.028	0.0	0.044	0.069	0.0	0.0	0.023	0.105	0.064	0.875	0.102	0.743	0.117	0.0	0.304	0.484	0.537	0.068	0.133	0.896	0.291
GABRD	O14764	True	GBRD_HUMAN	GABA-A_a1b2d_complex	CPI-CC0C820256C	GABRD	0.216	0.036	0.029	0.051	0.076	0.084	0.024	0.0	0.081	0.284	0.0	0.028	0.0	0.044	0.069	0.0	0.0	0.023	0.105	0.064	0.875	0.102	0.743	0.117	0.0	0.304	0.484	0.537	0.068	0.133	0.896	0.291
GABRD	O14764	True	GBRD_HUMAN	GABA-A_a1b2d_complex	CPI-CC0489A8F45	GABRD	0.216	0.036	0.029	0.051	0.076	0.084	0.024	0.0	0.081	0.284	0.0	0.028	0.0	0.044	0.069	0.0	0.0	0.023	0.105	0.064	0.875	0.102	0.743	0.117	0.0	0.304	0.484	0.537	0.068	0.133	0.896	0.291
GABRD	O14764	True	GBRD_HUMAN	GABA-A_a1b2d_complex	CPI-CC05D2522F1	GABRD	0.216	0.036	0.029	0.051	0.076	0.084	0.024	0.0	0.081	0.284	0.0	0.028	0.0	0.044	0.069	0.0	0.0	0.023	0.105	0.064	0.875	0.102	0.743	0.117	0.0	0.304	0.484	0.537	0.068	0.133	0.896	0.291
GABRD	O14764	True	GBRD_HUMAN	GABA-A_a1b2d_complex	CPI-CC009DEE9FC	GABRD	0.216	0.036	0.029	0.051	0.076	0.084	0.024	0.0	0.081	0.284	0.0	0.028	0.0	0.044	0.069	0.0	0.0	0.023	0.105	0.064	0.875	0.102	0.743	0.117	0.0	0.304	0.484	0.537	0.068	0.133	0.896	0.291
GABRD	O14764	True	GBRD_HUMAN	GABA-A_a1b2d_complex	CPI-CC001A2A34F	GABRD	0.216	0.036	0.029	0.051	0.076	0.084	0.024	0.0	0.081	0.284	0.0	0.028	0.0	0.044	0.069	0.0	0.0	0.023	0.105	0.064	0.875	0.102	0.743	0.117	0.0	0.304	0.484	0.537	0.068	0.133	0.896	0.291
GABRD	O14764	True	GBRD_HUMAN	GABA-A_a1b2d_complex	CPI-CC03AD613BA	GABRD	0.216	0.036	0.029	0.051	0.076	0.084	0.024	0.0	0.081	0.284	0.0	0.028	0.0	0.044	0.069	0.0	0.0	0.023	0.105	0.064	0.875	0.102	0.743	0.117	0.0	0.304	0.484	0.537	0.068	0.133	0.896	0.291
GABRD	O14764	True	GBRD_HUMAN	GABA-A_a1b2d_complex	CPI-CC018526C0E	GABRD	0.216	0.036	0.029	0.051	0.076	0.084	0.024	0.0	0.081	0.284	0.0	0.028	0.0	0.044	0.069	0.0	0.0	0.023	0.105	0.064	0.875	0.102	0.743	0.117	0.0	0.304	0.484	0.537	0.068	0.133	0.896	0.291
GABRD	O14764	True	GBRD_HUMAN	GABA-A_a1b2d_complex	CPI-CC05C1516B6	GABRD	0.216	0.036	0.029	0.051	0.076	0.084	0.024	0.0	0.081	0.284	0.0	0.028	0.0	0.044	0.069	0.0	0.0	0.023	0.105	0.064	0.875	0.102	0.743	0.117	0.0	0.304	0.484	0.537	0.068	0.133	0.896	0.291
GABRD	O14764	True	GBRD_HUMAN	GABA-A_a1b2d_complex	CPI-CC0F913B188	GABRD	0.216	0.036	0.029	0.051	0.076	0.084	0.024	0.0	0.081	0.284	0.0	0.028	0.0	0.044	0.069	0.0	0.0	0.023	0.105	0.064	0.875	0.102	0.743	0.117	0.0	0.304	0.484	0.537	0.068	0.133	0.896	0.291
GABRA1	P14867	True	GBRA1_HUMAN	GABA-A_a1b3_complex	CPI-CC0CAFBA656	GABRA1	0.56	0.197	0.137	0.185	0.49	0.542	0.292	0.158	0.691	0.694	0.579	0.136	0.126	0.147	0.256	0.411	0.0	0.052	0.105	0.67	0.536	0.615	0.772	0.753	0.335	1.16	1.044	0.906	0.656	0.77	0.462	0.452
GABRA1	P14867	True	GBRA1_HUMAN	GABA-A_a1b3_complex	CPI-CC0DF227F32	GABRA1	0.56	0.197	0.137	0.185	0.49	0.542	0.292	0.158	0.691	0.694	0.579	0.136	0.126	0.147	0.256	0.411	0.0	0.052	0.105	0.67	0.536	0.615	0.772	0.753	0.335	1.16	1.044	0.906	0.656	0.77	0.462	0.452
GABRA1	P14867	True	GBRA1_HUMAN	GABA-A_a1b3_complex	CPI-CC0E8A76CD6	GABRA1	0.56	0.197	0.137	0.185	0.49	0.542	0.292	0.158	0.691	0.694	0.579	0.136	0.126	0.147	0.256	0.411	0.0	0.052	0.105	0.67	0.536	0.615	0.772	0.753	0.335	1.16	1.044	0.906	0.656	0.77	0.462	0.452
GABRA1	P14867	True	GBRA1_HUMAN	GABA-A_a1b3_complex	CPI-CC0EBAAB6B8	GABRA1	0.56	0.197	0.137	0.185	0.49	0.542	0.292	0.158	0.691	0.694	0.579	0.136	0.126	0.147	0.256	0.411	0.0	0.052	0.105	0.67	0.536	0.615	0.772	0.753	0.335	1.16	1.044	0.906	0.656	0.77	0.462	0.452
GABRA1	P14867	True	GBRA1_HUMAN	GABA-A_a1b3_complex	CPI-CC0604DCB2A	GABRA1	0.56	0.197	0.137	0.185	0.49	0.542	0.292	0.158	0.691	0.694	0.579	0.136	0.126	0.147	0.256	0.411	0.0	0.052	0.105	0.67	0.536	0.615	0.772	0.753	0.335	1.16	1.044	0.906	0.656	0.77	0.462	0.452
GABRA1	P14867	True	GBRA1_HUMAN	GABA-A_a1b3_complex	CPI-CC03AA4B30D	GABRA1	0.56	0.197	0.137	0.185	0.49	0.542	0.292	0.158	0.691	0.694	0.579	0.136	0.126	0.147	0.256	0.411	0.0	0.052	0.105	0.67	0.536	0.615	0.772	0.753	0.335	1.16	1.044	0.906	0.656	0.77	0.462	0.452
GABRA1	P14867	True	GBRA1_HUMAN	GABA-A_a1b3_complex	CPI-CC08151EFC9	GABRA1	0.56	0.197	0.137	0.185	0.49	0.542	0.292	0.158	0.691	0.694	0.579	0.136	0.126	0.147	0.256	0.411	0.0	0.052	0.105	0.67	0.536	0.615	0.772	0.753	0.335	1.16	1.044	0.906	0.656	0.77	0.462	0.452
GABRA1	P14867	True	GBRA1_HUMAN	GABA-A_a1b3_complex	CPI-CC0B6E51683	GABRA1	0.56	0.197	0.137	0.185	0.49	0.542	0.292	0.158	0.691	0.694	0.579	0.136	0.126	0.147	0.256	0.411	0.0	0.052	0.105	0.67	0.536	0.615	0.772	0.753	0.335	1.16	1.044	0.906	0.656	0.77	0.462	0.452
GABRA1	P14867	True	GBRA1_HUMAN	GABA-A_a1b3_complex	CPI-CC0F935E8FA	GABRA1	0.56	0.197	0.137	0.185	0.49	0.542	0.292	0.158	0.691	0.694	0.579	0.136	0.126	0.147	0.256	0.411	0.0	0.052	0.105	0.67	0.536	0.615	0.772	0.753	0.335	1.16	1.044	0.906	0.656	0.77	0.462	0.452
GABRA1	P14867	True	GBRA1_HUMAN	GABA-A_a1b3_complex	CPI-CC054EBEFC4	GABRA1	0.56	0.197	0.137	0.185	0.49	0.542	0.292	0.158	0.691	0.694	0.579	0.136	0.126	0.147	0.256	0.411	0.0	0.052	0.105	0.67	0.536	0.615	0.772	0.753	0.335	1.16	1.044	0.906	0.656	0.77	0.462	0.452
GABRA1	P14867	True	GBRA1_HUMAN	GABA-A_a1b3_complex	CPI-CC03210AFD9	GABRA1	0.56	0.197	0.137	0.185	0.49	0.542	0.292	0.158	0.691	0.694	0.579	0.136	0.126	0.147	0.256	0.411	0.0	0.052	0.105	0.67	0.536	0.615	0.772	0.753	0.335	1.16	1.044	0.906	0.656	0.77	0.462	0.452
GABRA1	P14867	True	GBRA1_HUMAN	GABA-A_a1b3_complex	CPI-CC0229CFC13	GABRA1	0.56	0.197	0.137	0.185	0.49	0.542	0.292	0.158	0.691	0.694	0.579	0.136	0.126	0.147	0.256	0.411	0.0	0.052	0.105	0.67	0.536	0.615	0.772	0.753	0.335	1.16	1.044	0.906	0.656	0.77	0.462	0.452
GABRB3	P28472	True	GBRB3_HUMAN	GABA-A_a1b3_complex	CPI-CC0CAFBA656	GABRB3	0.56	0.197	0.137	0.185	0.49	0.542	0.292	0.158	0.691	0.694	0.579	0.136	0.126	0.147	0.256	0.411	0.0	0.052	0.105	0.67	0.536	0.615	0.772	0.753	0.335	1.16	1.044	0.906	0.656	0.77	0.462	0.452
GABRB3	P28472	True	GBRB3_HUMAN	GABA-A_a1b3_complex	CPI-CC0DF227F32	GABRB3	0.56	0.197	0.137	0.185	0.49	0.542	0.292	0.158	0.691	0.694	0.579	0.136	0.126	0.147	0.256	0.411	0.0	0.052	0.105	0.67	0.536	0.615	0.772	0.753	0.335	1.16	1.044	0.906	0.656	0.77	0.462	0.452
GABRB3	P28472	True	GBRB3_HUMAN	GABA-A_a1b3_complex	CPI-CC0E8A76CD6	GABRB3	0.56	0.197	0.137	0.185	0.49	0.542	0.292	0.158	0.691	0.694	0.579	0.136	0.126	0.147	0.256	0.411	0.0	0.052	0.105	0.67	0.536	0.615	0.772	0.753	0.335	1.16	1.044	0.906	0.656	0.77	0.462	0.452
GABRB3	P28472	True	GBRB3_HUMAN	GABA-A_a1b3_complex	CPI-CC0EBAAB6B8	GABRB3	0.56	0.197	0.137	0.185	0.49	0.542	0.292	0.158	0.691	0.694	0.579	0.136	0.126	0.147	0.256	0.411	0.0	0.052	0.105	0.67	0.536	0.615	0.772	0.753	0.335	1.16	1.044	0.906	0.656	0.77	0.462	0.452
GABRB3	P28472	True	GBRB3_HUMAN	GABA-A_a1b3_complex	CPI-CC0604DCB2A	GABRB3	0.56	0.197	0.137	0.185	0.49	0.542	0.292	0.158	0.691	0.694	0.579	0.136	0.126	0.147	0.256	0.411	0.0	0.052	0.105	0.67	0.536	0.615	0.772	0.753	0.335	1.16	1.044	0.906	0.656	0.77	0.462	0.452
GABRB3	P28472	True	GBRB3_HUMAN	GABA-A_a1b3_complex	CPI-CC03AA4B30D	GABRB3	0.56	0.197	0.137	0.185	0.49	0.542	0.292	0.158	0.691	0.694	0.579	0.136	0.126	0.147	0.256	0.411	0.0	0.052	0.105	0.67	0.536	0.615	0.772	0.753	0.335	1.16	1.044	0.906	0.656	0.77	0.462	0.452
GABRB3	P28472	True	GBRB3_HUMAN	GABA-A_a1b3_complex	CPI-CC08151EFC9	GABRB3	0.56	0.197	0.137	0.185	0.49	0.542	0.292	0.158	0.691	0.694	0.579	0.136	0.126	0.147	0.256	0.411	0.0	0.052	0.105	0.67	0.536	0.615	0.772	0.753	0.335	1.16	1.044	0.906	0.656	0.77	0.462	0.452
GABRB3	P28472	True	GBRB3_HUMAN	GABA-A_a1b3_complex	CPI-CC0B6E51683	GABRB3	0.56	0.197	0.137	0.185	0.49	0.542	0.292	0.158	0.691	0.694	0.579	0.136	0.126	0.147	0.256	0.411	0.0	0.052	0.105	0.67	0.536	0.615	0.772	0.753	0.335	1.16	1.044	0.906	0.656	0.77	0.462	0.452
GABRB3	P28472	True	GBRB3_HUMAN	GABA-A_a1b3_complex	CPI-CC0F935E8FA	GABRB3	0.56	0.197	0.137	0.185	0.49	0.542	0.292	0.158	0.691	0.694	0.579	0.136	0.126	0.147	0.256	0.411	0.0	0.052	0.105	0.67	0.536	0.615	0.772	0.753	0.335	1.16	1.044	0.906	0.656	0.77	0.462	0.452
GABRB3	P28472	True	GBRB3_HUMAN	GABA-A_a1b3_complex	CPI-CC054EBEFC4	GABRB3	0.56	0.197	0.137	0.185	0.49	0.542	0.292	0.158	0.691	0.694	0.579	0.136	0.126	0.147	0.256	0.411	0.0	0.052	0.105	0.67	0.536	0.615	0.772	0.753	0.335	1.16	1.044	0.906	0.656	0.77	0.462	0.452
GABRB3	P28472	True	GBRB3_HUMAN	GABA-A_a1b3_complex	CPI-CC03210AFD9	GABRB3	0.56	0.197	0.137	0.185	0.49	0.542	0.292	0.158	0.691	0.694	0.579	0.136	0.126	0.147	0.256	0.411	0.0	0.052	0.105	0.67	0.536	0.615	0.772	0.753	0.335	1.16	1.044	0.906	0.656	0.77	0.462	0.452
GABRB3	P28472	True	GBRB3_HUMAN	GABA-A_a1b3_complex	CPI-CC0229CFC13	GABRB3	0.56	0.197	0.137	0.185	0.49	0.542	0.292	0.158	0.691	0.694	0.579	0.136	0.126	0.147	0.256	0.411	0.0	0.052	0.105	0.67	0.536	0.615	0.772	0.753	0.335	1.16	1.044	0.906	0.656	0.77	0.462	0.452
GABRA1	P14867	True	GBRA1_HUMAN	GABA-A_a1b3g2S_complex	CPI-CC0608D4CA8	GABRA1	0.56	0.197	0.137	0.185	0.49	0.542	0.194	0.158	0.691	0.694	0.579	0.051	0.126	0.072	0.256	0.411	0.0	0.029	0.104	0.67	0.536	0.615	0.772	0.753	0.0	1.095	1.044	0.906	0.656	0.77	0.462	0.452
GABRA1	P14867	True	GBRA1_HUMAN	GABA-A_a1b3g2S_complex	CPI-CC0C3E95213	GABRA1	0.56	0.197	0.137	0.185	0.49	0.542	0.194	0.158	0.691	0.694	0.579	0.051	0.126	0.072	0.256	0.411	0.0	0.029	0.104	0.67	0.536	0.615	0.772	0.753	0.0	1.095	1.044	0.906	0.656	0.77	0.462	0.452
GABRA1	P14867	True	GBRA1_HUMAN	GABA-A_a1b3g2S_complex	CPI-CC09E9DF123	GABRA1	0.56	0.197	0.137	0.185	0.49	0.542	0.194	0.158	0.691	0.694	0.579	0.051	0.126	0.072	0.256	0.411	0.0	0.029	0.104	0.67	0.536	0.615	0.772	0.753	0.0	1.095	1.044	0.906	0.656	0.77	0.462	0.452
GABRA1	P14867	True	GBRA1_HUMAN	GABA-A_a1b3g2S_complex	CPI-CC017F52E16	GABRA1	0.56	0.197	0.137	0.185	0.49	0.542	0.194	0.158	0.691	0.694	0.579	0.051	0.126	0.072	0.256	0.411	0.0	0.029	0.104	0.67	0.536	0.615	0.772	0.753	0.0	1.095	1.044	0.906	0.656	0.77	0.462	0.452
GABRA1	P14867	True	GBRA1_HUMAN	GABA-A_a1b3g2S_complex	CPI-CC036F9ABD3	GABRA1	0.56	0.197	0.137	0.185	0.49	0.542	0.194	0.158	0.691	0.694	0.579	0.051	0.126	0.072	0.256	0.411	0.0	0.029	0.104	0.67	0.536	0.615	0.772	0.753	0.0	1.095	1.044	0.906	0.656	0.77	0.462	0.452
GABRA1	P14867	True	GBRA1_HUMAN	GABA-A_a1b3g2S_complex	CPI-CC026E0AF6E	GABRA1	0.56	0.197	0.137	0.185	0.49	0.542	0.194	0.158	0.691	0.694	0.579	0.051	0.126	0.072	0.256	0.411	0.0	0.029	0.104	0.67	0.536	0.615	0.772	0.753	0.0	1.095	1.044	0.906	0.656	0.77	0.462	0.452
GABRA1	P14867	True	GBRA1_HUMAN	GABA-A_a1b3g2S_complex	CPI-CC0F3C27C9B	GABRA1	0.56	0.197	0.137	0.185	0.49	0.542	0.194	0.158	0.691	0.694	0.579	0.051	0.126	0.072	0.256	0.411	0.0	0.029	0.104	0.67	0.536	0.615	0.772	0.753	0.0	1.095	1.044	0.906	0.656	0.77	0.462	0.452
GABRA1	P14867	True	GBRA1_HUMAN	GABA-A_a1b3g2S_complex	CPI-CC04EC40D20	GABRA1	0.56	0.197	0.137	0.185	0.49	0.542	0.194	0.158	0.691	0.694	0.579	0.051	0.126	0.072	0.256	0.411	0.0	0.029	0.104	0.67	0.536	0.615	0.772	0.753	0.0	1.095	1.044	0.906	0.656	0.77	0.462	0.452
GABRA1	P14867	True	GBRA1_HUMAN	GABA-A_a1b3g2S_complex	CPI-CC06080894C	GABRA1	0.56	0.197	0.137	0.185	0.49	0.542	0.194	0.158	0.691	0.694	0.579	0.051	0.126	0.072	0.256	0.411	0.0	0.029	0.104	0.67	0.536	0.615	0.772	0.753	0.0	1.095	1.044	0.906	0.656	0.77	0.462	0.452
GABRA1	P14867	True	GBRA1_HUMAN	GABA-A_a1b3g2S_complex	CPI-CC0E15506F9	GABRA1	0.56	0.197	0.137	0.185	0.49	0.542	0.194	0.158	0.691	0.694	0.579	0.051	0.126	0.072	0.256	0.411	0.0	0.029	0.104	0.67	0.536	0.615	0.772	0.753	0.0	1.095	1.044	0.906	0.656	0.77	0.462	0.452
GABRA1	P14867	True	GBRA1_HUMAN	GABA-A_a1b3g2S_complex	CPI-CC017C3F672	GABRA1	0.56	0.197	0.137	0.185	0.49	0.542	0.194	0.158	0.691	0.694	0.579	0.051	0.126	0.072	0.256	0.411	0.0	0.029	0.104	0.67	0.536	0.615	0.772	0.753	0.0	1.095	1.044	0.906	0.656	0.77	0.462	0.452
GABRA1	P14867	True	GBRA1_HUMAN	GABA-A_a1b3g2S_complex	CPI-CC05DBBAD9A	GABRA1	0.56	0.197	0.137	0.185	0.49	0.542	0.194	0.158	0.691	0.694	0.579	0.051	0.126	0.072	0.256	0.411	0.0	0.029	0.104	0.67	0.536	0.615	0.772	0.753	0.0	1.095	1.044	0.906	0.656	0.77	0.462	0.452
GABRB3	P28472	True	GBRB3_HUMAN	GABA-A_a1b3g2S_complex	CPI-CC0608D4CA8	GABRB3	0.56	0.197	0.137	0.185	0.49	0.542	0.194	0.158	0.691	0.694	0.579	0.051	0.126	0.072	0.256	0.411	0.0	0.029	0.104	0.67	0.536	0.615	0.772	0.753	0.0	1.095	1.044	0.906	0.656	0.77	0.462	0.452
GABRB3	P28472	True	GBRB3_HUMAN	GABA-A_a1b3g2S_complex	CPI-CC0C3E95213	GABRB3	0.56	0.197	0.137	0.185	0.49	0.542	0.194	0.158	0.691	0.694	0.579	0.051	0.126	0.072	0.256	0.411	0.0	0.029	0.104	0.67	0.536	0.615	0.772	0.753	0.0	1.095	1.044	0.906	0.656	0.77	0.462	0.452
GABRB3	P28472	True	GBRB3_HUMAN	GABA-A_a1b3g2S_complex	CPI-CC09E9DF123	GABRB3	0.56	0.197	0.137	0.185	0.49	0.542	0.194	0.158	0.691	0.694	0.579	0.051	0.126	0.072	0.256	0.411	0.0	0.029	0.104	0.67	0.536	0.615	0.772	0.753	0.0	1.095	1.044	0.906	0.656	0.77	0.462	0.452
GABRB3	P28472	True	GBRB3_HUMAN	GABA-A_a1b3g2S_complex	CPI-CC017F52E16	GABRB3	0.56	0.197	0.137	0.185	0.49	0.542	0.194	0.158	0.691	0.694	0.579	0.051	0.126	0.072	0.256	0.411	0.0	0.029	0.104	0.67	0.536	0.615	0.772	0.753	0.0	1.095	1.044	0.906	0.656	0.77	0.462	0.452
GABRB3	P28472	True	GBRB3_HUMAN	GABA-A_a1b3g2S_complex	CPI-CC036F9ABD3	GABRB3	0.56	0.197	0.137	0.185	0.49	0.542	0.194	0.158	0.691	0.694	0.579	0.051	0.126	0.072	0.256	0.411	0.0	0.029	0.104	0.67	0.536	0.615	0.772	0.753	0.0	1.095	1.044	0.906	0.656	0.77	0.462	0.452
GABRB3	P28472	True	GBRB3_HUMAN	GABA-A_a1b3g2S_complex	CPI-CC026E0AF6E	GABRB3	0.56	0.197	0.137	0.185	0.49	0.542	0.194	0.158	0.691	0.694	0.579	0.051	0.126	0.072	0.256	0.411	0.0	0.029	0.104	0.67	0.536	0.615	0.772	0.753	0.0	1.095	1.044	0.906	0.656	0.77	0.462	0.452
GABRB3	P28472	True	GBRB3_HUMAN	GABA-A_a1b3g2S_complex	CPI-CC0F3C27C9B	GABRB3	0.56	0.197	0.137	0.185	0.49	0.542	0.194	0.158	0.691	0.694	0.579	0.051	0.126	0.072	0.256	0.411	0.0	0.029	0.104	0.67	0.536	0.615	0.772	0.753	0.0	1.095	1.044	0.906	0.656	0.77	0.462	0.452
GABRB3	P28472	True	GBRB3_HUMAN	GABA-A_a1b3g2S_complex	CPI-CC04EC40D20	GABRB3	0.56	0.197	0.137	0.185	0.49	0.542	0.194	0.158	0.691	0.694	0.579	0.051	0.126	0.072	0.256	0.411	0.0	0.029	0.104	0.67	0.536	0.615	0.772	0.753	0.0	1.095	1.044	0.906	0.656	0.77	0.462	0.452
GABRB3	P28472	True	GBRB3_HUMAN	GABA-A_a1b3g2S_complex	CPI-CC06080894C	GABRB3	0.56	0.197	0.137	0.185	0.49	0.542	0.194	0.158	0.691	0.694	0.579	0.051	0.126	0.072	0.256	0.411	0.0	0.029	0.104	0.67	0.536	0.615	0.772	0.753	0.0	1.095	1.044	0.906	0.656	0.77	0.462	0.452
GABRB3	P28472	True	GBRB3_HUMAN	GABA-A_a1b3g2S_complex	CPI-CC0E15506F9	GABRB3	0.56	0.197	0.137	0.185	0.49	0.542	0.194	0.158	0.691	0.694	0.579	0.051	0.126	0.072	0.256	0.411	0.0	0.029	0.104	0.67	0.536	0.615	0.772	0.753	0.0	1.095	1.044	0.906	0.656	0.77	0.462	0.452
GABRB3	P28472	True	GBRB3_HUMAN	GABA-A_a1b3g2S_complex	CPI-CC017C3F672	GABRB3	0.56	0.197	0.137	0.185	0.49	0.542	0.194	0.158	0.691	0.694	0.579	0.051	0.126	0.072	0.256	0.411	0.0	0.029	0.104	0.67	0.536	0.615	0.772	0.753	0.0	1.095	1.044	0.906	0.656	0.77	0.462	0.452
GABRB3	P28472	True	GBRB3_HUMAN	GABA-A_a1b3g2S_complex	CPI-CC05DBBAD9A	GABRB3	0.56	0.197	0.137	0.185	0.49	0.542	0.194	0.158	0.691	0.694	0.579	0.051	0.126	0.072	0.256	0.411	0.0	0.029	0.104	0.67	0.536	0.615	0.772	0.753	0.0	1.095	1.044	0.906	0.656	0.77	0.462	0.452
GABRG2	P18507	True	GBRG2_HUMAN	GABA-A_a1b3g2S_complex	CPI-CC0608D4CA8	GABRG2	0.56	0.197	0.137	0.185	0.49	0.542	0.194	0.158	0.691	0.694	0.579	0.051	0.126	0.072	0.256	0.411	0.0	0.029	0.104	0.67	0.536	0.615	0.772	0.753	0.0	1.095	1.044	0.906	0.656	0.77	0.462	0.452
GABRG2	P18507	True	GBRG2_HUMAN	GABA-A_a1b3g2S_complex	CPI-CC0C3E95213	GABRG2	0.56	0.197	0.137	0.185	0.49	0.542	0.194	0.158	0.691	0.694	0.579	0.051	0.126	0.072	0.256	0.411	0.0	0.029	0.104	0.67	0.536	0.615	0.772	0.753	0.0	1.095	1.044	0.906	0.656	0.77	0.462	0.452
GABRG2	P18507	True	GBRG2_HUMAN	GABA-A_a1b3g2S_complex	CPI-CC09E9DF123	GABRG2	0.56	0.197	0.137	0.185	0.49	0.542	0.194	0.158	0.691	0.694	0.579	0.051	0.126	0.072	0.256	0.411	0.0	0.029	0.104	0.67	0.536	0.615	0.772	0.753	0.0	1.095	1.044	0.906	0.656	0.77	0.462	0.452
GABRG2	P18507	True	GBRG2_HUMAN	GABA-A_a1b3g2S_complex	CPI-CC017F52E16	GABRG2	0.56	0.197	0.137	0.185	0.49	0.542	0.194	0.158	0.691	0.694	0.579	0.051	0.126	0.072	0.256	0.411	0.0	0.029	0.104	0.67	0.536	0.615	0.772	0.753	0.0	1.095	1.044	0.906	0.656	0.77	0.462	0.452
GABRG2	P18507	True	GBRG2_HUMAN	GABA-A_a1b3g2S_complex	CPI-CC036F9ABD3	GABRG2	0.56	0.197	0.137	0.185	0.49	0.542	0.194	0.158	0.691	0.694	0.579	0.051	0.126	0.072	0.256	0.411	0.0	0.029	0.104	0.67	0.536	0.615	0.772	0.753	0.0	1.095	1.044	0.906	0.656	0.77	0.462	0.452
GABRG2	P18507	True	GBRG2_HUMAN	GABA-A_a1b3g2S_complex	CPI-CC026E0AF6E	GABRG2	0.56	0.197	0.137	0.185	0.49	0.542	0.194	0.158	0.691	0.694	0.579	0.051	0.126	0.072	0.256	0.411	0.0	0.029	0.104	0.67	0.536	0.615	0.772	0.753	0.0	1.095	1.044	0.906	0.656	0.77	0.462	0.452
GABRG2	P18507	True	GBRG2_HUMAN	GABA-A_a1b3g2S_complex	CPI-CC0F3C27C9B	GABRG2	0.56	0.197	0.137	0.185	0.49	0.542	0.194	0.158	0.691	0.694	0.579	0.051	0.126	0.072	0.256	0.411	0.0	0.029	0.104	0.67	0.536	0.615	0.772	0.753	0.0	1.095	1.044	0.906	0.656	0.77	0.462	0.452
GABRG2	P18507	True	GBRG2_HUMAN	GABA-A_a1b3g2S_complex	CPI-CC04EC40D20	GABRG2	0.56	0.197	0.137	0.185	0.49	0.542	0.194	0.158	0.691	0.694	0.579	0.051	0.126	0.072	0.256	0.411	0.0	0.029	0.104	0.67	0.536	0.615	0.772	0.753	0.0	1.095	1.044	0.906	0.656	0.77	0.462	0.452
GABRG2	P18507	True	GBRG2_HUMAN	GABA-A_a1b3g2S_complex	CPI-CC06080894C	GABRG2	0.56	0.197	0.137	0.185	0.49	0.542	0.194	0.158	0.691	0.694	0.579	0.051	0.126	0.072	0.256	0.411	0.0	0.029	0.104	0.67	0.536	0.615	0.772	0.753	0.0	1.095	1.044	0.906	0.656	0.77	0.462	0.452
GABRG2	P18507	True	GBRG2_HUMAN	GABA-A_a1b3g2S_complex	CPI-CC0E15506F9	GABRG2	0.56	0.197	0.137	0.185	0.49	0.542	0.194	0.158	0.691	0.694	0.579	0.051	0.126	0.072	0.256	0.411	0.0	0.029	0.104	0.67	0.536	0.615	0.772	0.753	0.0	1.095	1.044	0.906	0.656	0.77	0.462	0.452
GABRG2	P18507	True	GBRG2_HUMAN	GABA-A_a1b3g2S_complex	CPI-CC017C3F672	GABRG2	0.56	0.197	0.137	0.185	0.49	0.542	0.194	0.158	0.691	0.694	0.579	0.051	0.126	0.072	0.256	0.411	0.0	0.029	0.104	0.67	0.536	0.615	0.772	0.753	0.0	1.095	1.044	0.906	0.656	0.77	0.462	0.452
GABRG2	P18507	True	GBRG2_HUMAN	GABA-A_a1b3g2S_complex	CPI-CC05DBBAD9A	GABRG2	0.56	0.197	0.137	0.185	0.49	0.542	0.194	0.158	0.691	0.694	0.579	0.051	0.126	0.072	0.256	0.411	0.0	0.029	0.104	0.67	0.536	0.615	0.772	0.753	0.0	1.095	1.044	0.906	0.656	0.77	0.462	0.452
GABRA2	P47869	True	GBRA2_HUMAN	GABA-A_a2b3g2S_complex	CPI-CC0F8CB8104	GABRA2	0.518	0.092	0.037	0.185	0.49	0.542	0.024	0.133	0.329	0.694	0.24	0.051	0.23	0.064	0.276	0.0	0.0	0.026	0.08	0.491	0.418	0.34	0.236	0.496	0.0	0.454	0.923	0.559	0.413	0.642	0.462	0.369
GABRA2	P47869	True	GBRA2_HUMAN	GABA-A_a2b3g2S_complex	CPI-CC01B9552BA	GABRA2	0.518	0.092	0.037	0.185	0.49	0.542	0.024	0.133	0.329	0.694	0.24	0.051	0.23	0.064	0.276	0.0	0.0	0.026	0.08	0.491	0.418	0.34	0.236	0.496	0.0	0.454	0.923	0.559	0.413	0.642	0.462	0.369
GABRA2	P47869	True	GBRA2_HUMAN	GABA-A_a2b3g2S_complex	CPI-CC08A636173	GABRA2	0.518	0.092	0.037	0.185	0.49	0.542	0.024	0.133	0.329	0.694	0.24	0.051	0.23	0.064	0.276	0.0	0.0	0.026	0.08	0.491	0.418	0.34	0.236	0.496	0.0	0.454	0.923	0.559	0.413	0.642	0.462	0.369
GABRA2	P47869	True	GBRA2_HUMAN	GABA-A_a2b3g2S_complex	CPI-CC0F0C72A29	GABRA2	0.518	0.092	0.037	0.185	0.49	0.542	0.024	0.133	0.329	0.694	0.24	0.051	0.23	0.064	0.276	0.0	0.0	0.026	0.08	0.491	0.418	0.34	0.236	0.496	0.0	0.454	0.923	0.559	0.413	0.642	0.462	0.369
GABRA2	P47869	True	GBRA2_HUMAN	GABA-A_a2b3g2S_complex	CPI-CC002C86EAE	GABRA2	0.518	0.092	0.037	0.185	0.49	0.542	0.024	0.133	0.329	0.694	0.24	0.051	0.23	0.064	0.276	0.0	0.0	0.026	0.08	0.491	0.418	0.34	0.236	0.496	0.0	0.454	0.923	0.559	0.413	0.642	0.462	0.369
GABRA2	P47869	True	GBRA2_HUMAN	GABA-A_a2b3g2S_complex	CPI-CC06B7CC089	GABRA2	0.518	0.092	0.037	0.185	0.49	0.542	0.024	0.133	0.329	0.694	0.24	0.051	0.23	0.064	0.276	0.0	0.0	0.026	0.08	0.491	0.418	0.34	0.236	0.496	0.0	0.454	0.923	0.559	0.413	0.642	0.462	0.369
GABRA2	P47869	True	GBRA2_HUMAN	GABA-A_a2b3g2S_complex	CPI-CC03764C8A9	GABRA2	0.518	0.092	0.037	0.185	0.49	0.542	0.024	0.133	0.329	0.694	0.24	0.051	0.23	0.064	0.276	0.0	0.0	0.026	0.08	0.491	0.418	0.34	0.236	0.496	0.0	0.454	0.923	0.559	0.413	0.642	0.462	0.369
GABRA2	P47869	True	GBRA2_HUMAN	GABA-A_a2b3g2S_complex	CPI-CC06C7F820C	GABRA2	0.518	0.092	0.037	0.185	0.49	0.542	0.024	0.133	0.329	0.694	0.24	0.051	0.23	0.064	0.276	0.0	0.0	0.026	0.08	0.491	0.418	0.34	0.236	0.496	0.0	0.454	0.923	0.559	0.413	0.642	0.462	0.369
GABRA2	P47869	True	GBRA2_HUMAN	GABA-A_a2b3g2S_complex	CPI-CC08E2CA1DE	GABRA2	0.518	0.092	0.037	0.185	0.49	0.542	0.024	0.133	0.329	0.694	0.24	0.051	0.23	0.064	0.276	0.0	0.0	0.026	0.08	0.491	0.418	0.34	0.236	0.496	0.0	0.454	0.923	0.559	0.413	0.642	0.462	0.369
GABRA2	P47869	True	GBRA2_HUMAN	GABA-A_a2b3g2S_complex	CPI-CC02F84E602	GABRA2	0.518	0.092	0.037	0.185	0.49	0.542	0.024	0.133	0.329	0.694	0.24	0.051	0.23	0.064	0.276	0.0	0.0	0.026	0.08	0.491	0.418	0.34	0.236	0.496	0.0	0.454	0.923	0.559	0.413	0.642	0.462	0.369
GABRA2	P47869	True	GBRA2_HUMAN	GABA-A_a2b3g2S_complex	CPI-CC026C1BCB7	GABRA2	0.518	0.092	0.037	0.185	0.49	0.542	0.024	0.133	0.329	0.694	0.24	0.051	0.23	0.064	0.276	0.0	0.0	0.026	0.08	0.491	0.418	0.34	0.236	0.496	0.0	0.454	0.923	0.559	0.413	0.642	0.462	0.369
GABRA2	P47869	True	GBRA2_HUMAN	GABA-A_a2b3g2S_complex	CPI-CC0BB611F3F	GABRA2	0.518	0.092	0.037	0.185	0.49	0.542	0.024	0.133	0.329	0.694	0.24	0.051	0.23	0.064	0.276	0.0	0.0	0.026	0.08	0.491	0.418	0.34	0.236	0.496	0.0	0.454	0.923	0.559	0.413	0.642	0.462	0.369
GABRB3	P28472	True	GBRB3_HUMAN	GABA-A_a2b3g2S_complex	CPI-CC0F8CB8104	GABRB3	0.518	0.092	0.037	0.185	0.49	0.542	0.024	0.133	0.329	0.694	0.24	0.051	0.23	0.064	0.276	0.0	0.0	0.026	0.08	0.491	0.418	0.34	0.236	0.496	0.0	0.454	0.923	0.559	0.413	0.642	0.462	0.369
GABRB3	P28472	True	GBRB3_HUMAN	GABA-A_a2b3g2S_complex	CPI-CC01B9552BA	GABRB3	0.518	0.092	0.037	0.185	0.49	0.542	0.024	0.133	0.329	0.694	0.24	0.051	0.23	0.064	0.276	0.0	0.0	0.026	0.08	0.491	0.418	0.34	0.236	0.496	0.0	0.454	0.923	0.559	0.413	0.642	0.462	0.369
GABRB3	P28472	True	GBRB3_HUMAN	GABA-A_a2b3g2S_complex	CPI-CC08A636173	GABRB3	0.518	0.092	0.037	0.185	0.49	0.542	0.024	0.133	0.329	0.694	0.24	0.051	0.23	0.064	0.276	0.0	0.0	0.026	0.08	0.491	0.418	0.34	0.236	0.496	0.0	0.454	0.923	0.559	0.413	0.642	0.462	0.369
GABRB3	P28472	True	GBRB3_HUMAN	GABA-A_a2b3g2S_complex	CPI-CC0F0C72A29	GABRB3	0.518	0.092	0.037	0.185	0.49	0.542	0.024	0.133	0.329	0.694	0.24	0.051	0.23	0.064	0.276	0.0	0.0	0.026	0.08	0.491	0.418	0.34	0.236	0.496	0.0	0.454	0.923	0.559	0.413	0.642	0.462	0.369
GABRB3	P28472	True	GBRB3_HUMAN	GABA-A_a2b3g2S_complex	CPI-CC002C86EAE	GABRB3	0.518	0.092	0.037	0.185	0.49	0.542	0.024	0.133	0.329	0.694	0.24	0.051	0.23	0.064	0.276	0.0	0.0	0.026	0.08	0.491	0.418	0.34	0.236	0.496	0.0	0.454	0.923	0.559	0.413	0.642	0.462	0.369
GABRB3	P28472	True	GBRB3_HUMAN	GABA-A_a2b3g2S_complex	CPI-CC06B7CC089	GABRB3	0.518	0.092	0.037	0.185	0.49	0.542	0.024	0.133	0.329	0.694	0.24	0.051	0.23	0.064	0.276	0.0	0.0	0.026	0.08	0.491	0.418	0.34	0.236	0.496	0.0	0.454	0.923	0.559	0.413	0.642	0.462	0.369
GABRB3	P28472	True	GBRB3_HUMAN	GABA-A_a2b3g2S_complex	CPI-CC03764C8A9	GABRB3	0.518	0.092	0.037	0.185	0.49	0.542	0.024	0.133	0.329	0.694	0.24	0.051	0.23	0.064	0.276	0.0	0.0	0.026	0.08	0.491	0.418	0.34	0.236	0.496	0.0	0.454	0.923	0.559	0.413	0.642	0.462	0.369
GABRB3	P28472	True	GBRB3_HUMAN	GABA-A_a2b3g2S_complex	CPI-CC06C7F820C	GABRB3	0.518	0.092	0.037	0.185	0.49	0.542	0.024	0.133	0.329	0.694	0.24	0.051	0.23	0.064	0.276	0.0	0.0	0.026	0.08	0.491	0.418	0.34	0.236	0.496	0.0	0.454	0.923	0.559	0.413	0.642	0.462	0.369
GABRB3	P28472	True	GBRB3_HUMAN	GABA-A_a2b3g2S_complex	CPI-CC08E2CA1DE	GABRB3	0.518	0.092	0.037	0.185	0.49	0.542	0.024	0.133	0.329	0.694	0.24	0.051	0.23	0.064	0.276	0.0	0.0	0.026	0.08	0.491	0.418	0.34	0.236	0.496	0.0	0.454	0.923	0.559	0.413	0.642	0.462	0.369
GABRB3	P28472	True	GBRB3_HUMAN	GABA-A_a2b3g2S_complex	CPI-CC02F84E602	GABRB3	0.518	0.092	0.037	0.185	0.49	0.542	0.024	0.133	0.329	0.694	0.24	0.051	0.23	0.064	0.276	0.0	0.0	0.026	0.08	0.491	0.418	0.34	0.236	0.496	0.0	0.454	0.923	0.559	0.413	0.642	0.462	0.369
GABRB3	P28472	True	GBRB3_HUMAN	GABA-A_a2b3g2S_complex	CPI-CC026C1BCB7	GABRB3	0.518	0.092	0.037	0.185	0.49	0.542	0.024	0.133	0.329	0.694	0.24	0.051	0.23	0.064	0.276	0.0	0.0	0.026	0.08	0.491	0.418	0.34	0.236	0.496	0.0	0.454	0.923	0.559	0.413	0.642	0.462	0.369
GABRB3	P28472	True	GBRB3_HUMAN	GABA-A_a2b3g2S_complex	CPI-CC0BB611F3F	GABRB3	0.518	0.092	0.037	0.185	0.49	0.542	0.024	0.133	0.329	0.694	0.24	0.051	0.23	0.064	0.276	0.0	0.0	0.026	0.08	0.491	0.418	0.34	0.236	0.496	0.0	0.454	0.923	0.559	0.413	0.642	0.462	0.369
GABRG2	P18507	True	GBRG2_HUMAN	GABA-A_a2b3g2S_complex	CPI-CC0F8CB8104	GABRG2	0.518	0.092	0.037	0.185	0.49	0.542	0.024	0.133	0.329	0.694	0.24	0.051	0.23	0.064	0.276	0.0	0.0	0.026	0.08	0.491	0.418	0.34	0.236	0.496	0.0	0.454	0.923	0.559	0.413	0.642	0.462	0.369
GABRG2	P18507	True	GBRG2_HUMAN	GABA-A_a2b3g2S_complex	CPI-CC01B9552BA	GABRG2	0.518	0.092	0.037	0.185	0.49	0.542	0.024	0.133	0.329	0.694	0.24	0.051	0.23	0.064	0.276	0.0	0.0	0.026	0.08	0.491	0.418	0.34	0.236	0.496	0.0	0.454	0.923	0.559	0.413	0.642	0.462	0.369
GABRG2	P18507	True	GBRG2_HUMAN	GABA-A_a2b3g2S_complex	CPI-CC08A636173	GABRG2	0.518	0.092	0.037	0.185	0.49	0.542	0.024	0.133	0.329	0.694	0.24	0.051	0.23	0.064	0.276	0.0	0.0	0.026	0.08	0.491	0.418	0.34	0.236	0.496	0.0	0.454	0.923	0.559	0.413	0.642	0.462	0.369
GABRG2	P18507	True	GBRG2_HUMAN	GABA-A_a2b3g2S_complex	CPI-CC0F0C72A29	GABRG2	0.518	0.092	0.037	0.185	0.49	0.542	0.024	0.133	0.329	0.694	0.24	0.051	0.23	0.064	0.276	0.0	0.0	0.026	0.08	0.491	0.418	0.34	0.236	0.496	0.0	0.454	0.923	0.559	0.413	0.642	0.462	0.369
GABRG2	P18507	True	GBRG2_HUMAN	GABA-A_a2b3g2S_complex	CPI-CC002C86EAE	GABRG2	0.518	0.092	0.037	0.185	0.49	0.542	0.024	0.133	0.329	0.694	0.24	0.051	0.23	0.064	0.276	0.0	0.0	0.026	0.08	0.491	0.418	0.34	0.236	0.496	0.0	0.454	0.923	0.559	0.413	0.642	0.462	0.369
GABRG2	P18507	True	GBRG2_HUMAN	GABA-A_a2b3g2S_complex	CPI-CC06B7CC089	GABRG2	0.518	0.092	0.037	0.185	0.49	0.542	0.024	0.133	0.329	0.694	0.24	0.051	0.23	0.064	0.276	0.0	0.0	0.026	0.08	0.491	0.418	0.34	0.236	0.496	0.0	0.454	0.923	0.559	0.413	0.642	0.462	0.369
GABRG2	P18507	True	GBRG2_HUMAN	GABA-A_a2b3g2S_complex	CPI-CC03764C8A9	GABRG2	0.518	0.092	0.037	0.185	0.49	0.542	0.024	0.133	0.329	0.694	0.24	0.051	0.23	0.064	0.276	0.0	0.0	0.026	0.08	0.491	0.418	0.34	0.236	0.496	0.0	0.454	0.923	0.559	0.413	0.642	0.462	0.369
GABRG2	P18507	True	GBRG2_HUMAN	GABA-A_a2b3g2S_complex	CPI-CC06C7F820C	GABRG2	0.518	0.092	0.037	0.185	0.49	0.542	0.024	0.133	0.329	0.694	0.24	0.051	0.23	0.064	0.276	0.0	0.0	0.026	0.08	0.491	0.418	0.34	0.236	0.496	0.0	0.454	0.923	0.559	0.413	0.642	0.462	0.369
GABRG2	P18507	True	GBRG2_HUMAN	GABA-A_a2b3g2S_complex	CPI-CC08E2CA1DE	GABRG2	0.518	0.092	0.037	0.185	0.49	0.542	0.024	0.133	0.329	0.694	0.24	0.051	0.23	0.064	0.276	0.0	0.0	0.026	0.08	0.491	0.418	0.34	0.236	0.496	0.0	0.454	0.923	0.559	0.413	0.642	0.462	0.369
GABRG2	P18507	True	GBRG2_HUMAN	GABA-A_a2b3g2S_complex	CPI-CC02F84E602	GABRG2	0.518	0.092	0.037	0.185	0.49	0.542	0.024	0.133	0.329	0.694	0.24	0.051	0.23	0.064	0.276	0.0	0.0	0.026	0.08	0.491	0.418	0.34	0.236	0.496	0.0	0.454	0.923	0.559	0.413	0.642	0.462	0.369
GABRG2	P18507	True	GBRG2_HUMAN	GABA-A_a2b3g2S_complex	CPI-CC026C1BCB7	GABRG2	0.518	0.092	0.037	0.185	0.49	0.542	0.024	0.133	0.329	0.694	0.24	0.051	0.23	0.064	0.276	0.0	0.0	0.026	0.08	0.491	0.418	0.34	0.236	0.496	0.0	0.454	0.923	0.559	0.413	0.642	0.462	0.369
GABRG2	P18507	True	GBRG2_HUMAN	GABA-A_a2b3g2S_complex	CPI-CC0BB611F3F	GABRG2	0.518	0.092	0.037	0.185	0.49	0.542	0.024	0.133	0.329	0.694	0.24	0.051	0.23	0.064	0.276	0.0	0.0	0.026	0.08	0.491	0.418	0.34	0.236	0.496	0.0	0.454	0.923	0.559	0.413	0.642	0.462	0.369
GABRA3	P34903	True	GBRA3_HUMAN	GABA-A_a3b3g2S_complex	CPI-CC035C82A9B	GABRA3	0.56	0.068	0.081	0.057	0.216	0.542	0.186	0.101	0.126	0.096	0.579	0.0	0.204	0.0	0.097	0.0	0.0	0.029	0.104	0.67	0.536	0.337	0.616	0.321	0.0	0.828	0.17	0.715	0.656	0.124	0.134	0.452
GABRA3	P34903	True	GBRA3_HUMAN	GABA-A_a3b3g2S_complex	CPI-CC07D1D1AD0	GABRA3	0.56	0.068	0.081	0.057	0.216	0.542	0.186	0.101	0.126	0.096	0.579	0.0	0.204	0.0	0.097	0.0	0.0	0.029	0.104	0.67	0.536	0.337	0.616	0.321	0.0	0.828	0.17	0.715	0.656	0.124	0.134	0.452
GABRA3	P34903	True	GBRA3_HUMAN	GABA-A_a3b3g2S_complex	CPI-CC01D135078	GABRA3	0.56	0.068	0.081	0.057	0.216	0.542	0.186	0.101	0.126	0.096	0.579	0.0	0.204	0.0	0.097	0.0	0.0	0.029	0.104	0.67	0.536	0.337	0.616	0.321	0.0	0.828	0.17	0.715	0.656	0.124	0.134	0.452
GABRA3	P34903	True	GBRA3_HUMAN	GABA-A_a3b3g2S_complex	CPI-CC019BF818D	GABRA3	0.56	0.068	0.081	0.057	0.216	0.542	0.186	0.101	0.126	0.096	0.579	0.0	0.204	0.0	0.097	0.0	0.0	0.029	0.104	0.67	0.536	0.337	0.616	0.321	0.0	0.828	0.17	0.715	0.656	0.124	0.134	0.452
GABRA3	P34903	True	GBRA3_HUMAN	GABA-A_a3b3g2S_complex	CPI-CC0195F6CE4	GABRA3	0.56	0.068	0.081	0.057	0.216	0.542	0.186	0.101	0.126	0.096	0.579	0.0	0.204	0.0	0.097	0.0	0.0	0.029	0.104	0.67	0.536	0.337	0.616	0.321	0.0	0.828	0.17	0.715	0.656	0.124	0.134	0.452
GABRA3	P34903	True	GBRA3_HUMAN	GABA-A_a3b3g2S_complex	CPI-CC0079D48C9	GABRA3	0.56	0.068	0.081	0.057	0.216	0.542	0.186	0.101	0.126	0.096	0.579	0.0	0.204	0.0	0.097	0.0	0.0	0.029	0.104	0.67	0.536	0.337	0.616	0.321	0.0	0.828	0.17	0.715	0.656	0.124	0.134	0.452
GABRA3	P34903	True	GBRA3_HUMAN	GABA-A_a3b3g2S_complex	CPI-CC065D3E23E	GABRA3	0.56	0.068	0.081	0.057	0.216	0.542	0.186	0.101	0.126	0.096	0.579	0.0	0.204	0.0	0.097	0.0	0.0	0.029	0.104	0.67	0.536	0.337	0.616	0.321	0.0	0.828	0.17	0.715	0.656	0.124	0.134	0.452
GABRA3	P34903	True	GBRA3_HUMAN	GABA-A_a3b3g2S_complex	CPI-CC0CCDF6512	GABRA3	0.56	0.068	0.081	0.057	0.216	0.542	0.186	0.101	0.126	0.096	0.579	0.0	0.204	0.0	0.097	0.0	0.0	0.029	0.104	0.67	0.536	0.337	0.616	0.321	0.0	0.828	0.17	0.715	0.656	0.124	0.134	0.452
GABRA3	P34903	True	GBRA3_HUMAN	GABA-A_a3b3g2S_complex	CPI-CC0079A0DC0	GABRA3	0.56	0.068	0.081	0.057	0.216	0.542	0.186	0.101	0.126	0.096	0.579	0.0	0.204	0.0	0.097	0.0	0.0	0.029	0.104	0.67	0.536	0.337	0.616	0.321	0.0	0.828	0.17	0.715	0.656	0.124	0.134	0.452
GABRA3	P34903	True	GBRA3_HUMAN	GABA-A_a3b3g2S_complex	CPI-CC04925CA26	GABRA3	0.56	0.068	0.081	0.057	0.216	0.542	0.186	0.101	0.126	0.096	0.579	0.0	0.204	0.0	0.097	0.0	0.0	0.029	0.104	0.67	0.536	0.337	0.616	0.321	0.0	0.828	0.17	0.715	0.656	0.124	0.134	0.452
GABRA3	P34903	True	GBRA3_HUMAN	GABA-A_a3b3g2S_complex	CPI-CC0EBC54EE6	GABRA3	0.56	0.068	0.081	0.057	0.216	0.542	0.186	0.101	0.126	0.096	0.579	0.0	0.204	0.0	0.097	0.0	0.0	0.029	0.104	0.67	0.536	0.337	0.616	0.321	0.0	0.828	0.17	0.715	0.656	0.124	0.134	0.452
GABRA3	P34903	True	GBRA3_HUMAN	GABA-A_a3b3g2S_complex	CPI-CC0A3EF2F90	GABRA3	0.56	0.068	0.081	0.057	0.216	0.542	0.186	0.101	0.126	0.096	0.579	0.0	0.204	0.0	0.097	0.0	0.0	0.029	0.104	0.67	0.536	0.337	0.616	0.321	0.0	0.828	0.17	0.715	0.656	0.124	0.134	0.452
GABRB3	P28472	True	GBRB3_HUMAN	GABA-A_a3b3g2S_complex	CPI-CC035C82A9B	GABRB3	0.56	0.068	0.081	0.057	0.216	0.542	0.186	0.101	0.126	0.096	0.579	0.0	0.204	0.0	0.097	0.0	0.0	0.029	0.104	0.67	0.536	0.337	0.616	0.321	0.0	0.828	0.17	0.715	0.656	0.124	0.134	0.452
GABRB3	P28472	True	GBRB3_HUMAN	GABA-A_a3b3g2S_complex	CPI-CC07D1D1AD0	GABRB3	0.56	0.068	0.081	0.057	0.216	0.542	0.186	0.101	0.126	0.096	0.579	0.0	0.204	0.0	0.097	0.0	0.0	0.029	0.104	0.67	0.536	0.337	0.616	0.321	0.0	0.828	0.17	0.715	0.656	0.124	0.134	0.452
GABRB3	P28472	True	GBRB3_HUMAN	GABA-A_a3b3g2S_complex	CPI-CC01D135078	GABRB3	0.56	0.068	0.081	0.057	0.216	0.542	0.186	0.101	0.126	0.096	0.579	0.0	0.204	0.0	0.097	0.0	0.0	0.029	0.104	0.67	0.536	0.337	0.616	0.321	0.0	0.828	0.17	0.715	0.656	0.124	0.134	0.452
GABRB3	P28472	True	GBRB3_HUMAN	GABA-A_a3b3g2S_complex	CPI-CC019BF818D	GABRB3	0.56	0.068	0.081	0.057	0.216	0.542	0.186	0.101	0.126	0.096	0.579	0.0	0.204	0.0	0.097	0.0	0.0	0.029	0.104	0.67	0.536	0.337	0.616	0.321	0.0	0.828	0.17	0.715	0.656	0.124	0.134	0.452
GABRB3	P28472	True	GBRB3_HUMAN	GABA-A_a3b3g2S_complex	CPI-CC0195F6CE4	GABRB3	0.56	0.068	0.081	0.057	0.216	0.542	0.186	0.101	0.126	0.096	0.579	0.0	0.204	0.0	0.097	0.0	0.0	0.029	0.104	0.67	0.536	0.337	0.616	0.321	0.0	0.828	0.17	0.715	0.656	0.124	0.134	0.452
GABRB3	P28472	True	GBRB3_HUMAN	GABA-A_a3b3g2S_complex	CPI-CC0079D48C9	GABRB3	0.56	0.068	0.081	0.057	0.216	0.542	0.186	0.101	0.126	0.096	0.579	0.0	0.204	0.0	0.097	0.0	0.0	0.029	0.104	0.67	0.536	0.337	0.616	0.321	0.0	0.828	0.17	0.715	0.656	0.124	0.134	0.452
GABRB3	P28472	True	GBRB3_HUMAN	GABA-A_a3b3g2S_complex	CPI-CC065D3E23E	GABRB3	0.56	0.068	0.081	0.057	0.216	0.542	0.186	0.101	0.126	0.096	0.579	0.0	0.204	0.0	0.097	0.0	0.0	0.029	0.104	0.67	0.536	0.337	0.616	0.321	0.0	0.828	0.17	0.715	0.656	0.124	0.134	0.452
GABRB3	P28472	True	GBRB3_HUMAN	GABA-A_a3b3g2S_complex	CPI-CC0CCDF6512	GABRB3	0.56	0.068	0.081	0.057	0.216	0.542	0.186	0.101	0.126	0.096	0.579	0.0	0.204	0.0	0.097	0.0	0.0	0.029	0.104	0.67	0.536	0.337	0.616	0.321	0.0	0.828	0.17	0.715	0.656	0.124	0.134	0.452
GABRB3	P28472	True	GBRB3_HUMAN	GABA-A_a3b3g2S_complex	CPI-CC0079A0DC0	GABRB3	0.56	0.068	0.081	0.057	0.216	0.542	0.186	0.101	0.126	0.096	0.579	0.0	0.204	0.0	0.097	0.0	0.0	0.029	0.104	0.67	0.536	0.337	0.616	0.321	0.0	0.828	0.17	0.715	0.656	0.124	0.134	0.452
GABRB3	P28472	True	GBRB3_HUMAN	GABA-A_a3b3g2S_complex	CPI-CC04925CA26	GABRB3	0.56	0.068	0.081	0.057	0.216	0.542	0.186	0.101	0.126	0.096	0.579	0.0	0.204	0.0	0.097	0.0	0.0	0.029	0.104	0.67	0.536	0.337	0.616	0.321	0.0	0.828	0.17	0.715	0.656	0.124	0.134	0.452
GABRB3	P28472	True	GBRB3_HUMAN	GABA-A_a3b3g2S_complex	CPI-CC0EBC54EE6	GABRB3	0.56	0.068	0.081	0.057	0.216	0.542	0.186	0.101	0.126	0.096	0.579	0.0	0.204	0.0	0.097	0.0	0.0	0.029	0.104	0.67	0.536	0.337	0.616	0.321	0.0	0.828	0.17	0.715	0.656	0.124	0.134	0.452
GABRB3	P28472	True	GBRB3_HUMAN	GABA-A_a3b3g2S_complex	CPI-CC0A3EF2F90	GABRB3	0.56	0.068	0.081	0.057	0.216	0.542	0.186	0.101	0.126	0.096	0.579	0.0	0.204	0.0	0.097	0.0	0.0	0.029	0.104	0.67	0.536	0.337	0.616	0.321	0.0	0.828	0.17	0.715	0.656	0.124	0.134	0.452
GABRG2	P18507	True	GBRG2_HUMAN	GABA-A_a3b3g2S_complex	CPI-CC035C82A9B	GABRG2	0.56	0.068	0.081	0.057	0.216	0.542	0.186	0.101	0.126	0.096	0.579	0.0	0.204	0.0	0.097	0.0	0.0	0.029	0.104	0.67	0.536	0.337	0.616	0.321	0.0	0.828	0.17	0.715	0.656	0.124	0.134	0.452
GABRG2	P18507	True	GBRG2_HUMAN	GABA-A_a3b3g2S_complex	CPI-CC07D1D1AD0	GABRG2	0.56	0.068	0.081	0.057	0.216	0.542	0.186	0.101	0.126	0.096	0.579	0.0	0.204	0.0	0.097	0.0	0.0	0.029	0.104	0.67	0.536	0.337	0.616	0.321	0.0	0.828	0.17	0.715	0.656	0.124	0.134	0.452
GABRG2	P18507	True	GBRG2_HUMAN	GABA-A_a3b3g2S_complex	CPI-CC01D135078	GABRG2	0.56	0.068	0.081	0.057	0.216	0.542	0.186	0.101	0.126	0.096	0.579	0.0	0.204	0.0	0.097	0.0	0.0	0.029	0.104	0.67	0.536	0.337	0.616	0.321	0.0	0.828	0.17	0.715	0.656	0.124	0.134	0.452
GABRG2	P18507	True	GBRG2_HUMAN	GABA-A_a3b3g2S_complex	CPI-CC019BF818D	GABRG2	0.56	0.068	0.081	0.057	0.216	0.542	0.186	0.101	0.126	0.096	0.579	0.0	0.204	0.0	0.097	0.0	0.0	0.029	0.104	0.67	0.536	0.337	0.616	0.321	0.0	0.828	0.17	0.715	0.656	0.124	0.134	0.452
GABRG2	P18507	True	GBRG2_HUMAN	GABA-A_a3b3g2S_complex	CPI-CC0195F6CE4	GABRG2	0.56	0.068	0.081	0.057	0.216	0.542	0.186	0.101	0.126	0.096	0.579	0.0	0.204	0.0	0.097	0.0	0.0	0.029	0.104	0.67	0.536	0.337	0.616	0.321	0.0	0.828	0.17	0.715	0.656	0.124	0.134	0.452
GABRG2	P18507	True	GBRG2_HUMAN	GABA-A_a3b3g2S_complex	CPI-CC0079D48C9	GABRG2	0.56	0.068	0.081	0.057	0.216	0.542	0.186	0.101	0.126	0.096	0.579	0.0	0.204	0.0	0.097	0.0	0.0	0.029	0.104	0.67	0.536	0.337	0.616	0.321	0.0	0.828	0.17	0.715	0.656	0.124	0.134	0.452
GABRG2	P18507	True	GBRG2_HUMAN	GABA-A_a3b3g2S_complex	CPI-CC065D3E23E	GABRG2	0.56	0.068	0.081	0.057	0.216	0.542	0.186	0.101	0.126	0.096	0.579	0.0	0.204	0.0	0.097	0.0	0.0	0.029	0.104	0.67	0.536	0.337	0.616	0.321	0.0	0.828	0.17	0.715	0.656	0.124	0.134	0.452
GABRG2	P18507	True	GBRG2_HUMAN	GABA-A_a3b3g2S_complex	CPI-CC0CCDF6512	GABRG2	0.56	0.068	0.081	0.057	0.216	0.542	0.186	0.101	0.126	0.096	0.579	0.0	0.204	0.0	0.097	0.0	0.0	0.029	0.104	0.67	0.536	0.337	0.616	0.321	0.0	0.828	0.17	0.715	0.656	0.124	0.134	0.452
GABRG2	P18507	True	GBRG2_HUMAN	GABA-A_a3b3g2S_complex	CPI-CC0079A0DC0	GABRG2	0.56	0.068	0.081	0.057	0.216	0.542	0.186	0.101	0.126	0.096	0.579	0.0	0.204	0.0	0.097	0.0	0.0	0.029	0.104	0.67	0.536	0.337	0.616	0.321	0.0	0.828	0.17	0.715	0.656	0.124	0.134	0.452
GABRG2	P18507	True	GBRG2_HUMAN	GABA-A_a3b3g2S_complex	CPI-CC04925CA26	GABRG2	0.56	0.068	0.081	0.057	0.216	0.542	0.186	0.101	0.126	0.096	0.579	0.0	0.204	0.0	0.097	0.0	0.0	0.029	0.104	0.67	0.536	0.337	0.616	0.321	0.0	0.828	0.17	0.715	0.656	0.124	0.134	0.452
GABRG2	P18507	True	GBRG2_HUMAN	GABA-A_a3b3g2S_complex	CPI-CC0EBC54EE6	GABRG2	0.56	0.068	0.081	0.057	0.216	0.542	0.186	0.101	0.126	0.096	0.579	0.0	0.204	0.0	0.097	0.0	0.0	0.029	0.104	0.67	0.536	0.337	0.616	0.321	0.0	0.828	0.17	0.715	0.656	0.124	0.134	0.452
GABRG2	P18507	True	GBRG2_HUMAN	GABA-A_a3b3g2S_complex	CPI-CC0A3EF2F90	GABRG2	0.56	0.068	0.081	0.057	0.216	0.542	0.186	0.101	0.126	0.096	0.579	0.0	0.204	0.0	0.097	0.0	0.0	0.029	0.104	0.67	0.536	0.337	0.616	0.321	0.0	0.828	0.17	0.715	0.656	0.124	0.134	0.452
GABRA4	P48169	True	GBRA4_HUMAN	GABA-A_a4b2d_complex	CPI-CC0B77A9502	GABRA4	0.036	0.0	0.029	0.05	0.076	0.0	0.024	0.0	0.0	0.0	0.0	0.0	0.0	0.0	0.009	0.0	0.0	0.0	0.0	0.0	0.0	0.0	0.0	0.074	0.0	0.018	0.089	0.0	0.0	0.133	0.042	0.0
GABRA4	P48169	True	GBRA4_HUMAN	GABA-A_a4b2d_complex	CPI-CC0F2E29DCC	GABRA4	0.036	0.0	0.029	0.05	0.076	0.0	0.024	0.0	0.0	0.0	0.0	0.0	0.0	0.0	0.009	0.0	0.0	0.0	0.0	0.0	0.0	0.0	0.0	0.074	0.0	0.018	0.089	0.0	0.0	0.133	0.042	0.0
GABRA4	P48169	True	GBRA4_HUMAN	GABA-A_a4b2d_complex	CPI-CC096B77AA5	GABRA4	0.036	0.0	0.029	0.05	0.076	0.0	0.024	0.0	0.0	0.0	0.0	0.0	0.0	0.0	0.009	0.0	0.0	0.0	0.0	0.0	0.0	0.0	0.0	0.074	0.0	0.018	0.089	0.0	0.0	0.133	0.042	0.0
GABRA4	P48169	True	GBRA4_HUMAN	GABA-A_a4b2d_complex	CPI-CC0C00325D2	GABRA4	0.036	0.0	0.029	0.05	0.076	0.0	0.024	0.0	0.0	0.0	0.0	0.0	0.0	0.0	0.009	0.0	0.0	0.0	0.0	0.0	0.0	0.0	0.0	0.074	0.0	0.018	0.089	0.0	0.0	0.133	0.042	0.0
GABRA4	P48169	True	GBRA4_HUMAN	GABA-A_a4b2d_complex	CPI-CC07936BEBD	GABRA4	0.036	0.0	0.029	0.05	0.076	0.0	0.024	0.0	0.0	0.0	0.0	0.0	0.0	0.0	0.009	0.0	0.0	0.0	0.0	0.0	0.0	0.0	0.0	0.074	0.0	0.018	0.089	0.0	0.0	0.133	0.042	0.0
GABRA4	P48169	True	GBRA4_HUMAN	GABA-A_a4b2d_complex	CPI-CC041DC21EE	GABRA4	0.036	0.0	0.029	0.05	0.076	0.0	0.024	0.0	0.0	0.0	0.0	0.0	0.0	0.0	0.009	0.0	0.0	0.0	0.0	0.0	0.0	0.0	0.0	0.074	0.0	0.018	0.089	0.0	0.0	0.133	0.042	0.0
GABRA4	P48169	True	GBRA4_HUMAN	GABA-A_a4b2d_complex	CPI-CC0E5F4FF5B	GABRA4	0.036	0.0	0.029	0.05	0.076	0.0	0.024	0.0	0.0	0.0	0.0	0.0	0.0	0.0	0.009	0.0	0.0	0.0	0.0	0.0	0.0	0.0	0.0	0.074	0.0	0.018	0.089	0.0	0.0	0.133	0.042	0.0
GABRA4	P48169	True	GBRA4_HUMAN	GABA-A_a4b2d_complex	CPI-CC027602671	GABRA4	0.036	0.0	0.029	0.05	0.076	0.0	0.024	0.0	0.0	0.0	0.0	0.0	0.0	0.0	0.009	0.0	0.0	0.0	0.0	0.0	0.0	0.0	0.0	0.074	0.0	0.018	0.089	0.0	0.0	0.133	0.042	0.0
GABRA4	P48169	True	GBRA4_HUMAN	GABA-A_a4b2d_complex	CPI-CC0F159ADC3	GABRA4	0.036	0.0	0.029	0.05	0.076	0.0	0.024	0.0	0.0	0.0	0.0	0.0	0.0	0.0	0.009	0.0	0.0	0.0	0.0	0.0	0.0	0.0	0.0	0.074	0.0	0.018	0.089	0.0	0.0	0.133	0.042	0.0
GABRA4	P48169	True	GBRA4_HUMAN	GABA-A_a4b2d_complex	CPI-CC0822A0807	GABRA4	0.036	0.0	0.029	0.05	0.076	0.0	0.024	0.0	0.0	0.0	0.0	0.0	0.0	0.0	0.009	0.0	0.0	0.0	0.0	0.0	0.0	0.0	0.0	0.074	0.0	0.018	0.089	0.0	0.0	0.133	0.042	0.0
GABRA4	P48169	True	GBRA4_HUMAN	GABA-A_a4b2d_complex	CPI-CC0760F145F	GABRA4	0.036	0.0	0.029	0.05	0.076	0.0	0.024	0.0	0.0	0.0	0.0	0.0	0.0	0.0	0.009	0.0	0.0	0.0	0.0	0.0	0.0	0.0	0.0	0.074	0.0	0.018	0.089	0.0	0.0	0.133	0.042	0.0
GABRA4	P48169	True	GBRA4_HUMAN	GABA-A_a4b2d_complex	CPI-CC0A073DD31	GABRA4	0.036	0.0	0.029	0.05	0.076	0.0	0.024	0.0	0.0	0.0	0.0	0.0	0.0	0.0	0.009	0.0	0.0	0.0	0.0	0.0	0.0	0.0	0.0	0.074	0.0	0.018	0.089	0.0	0.0	0.133	0.042	0.0
GABRB2	P47870	True	GBRB2_HUMAN	GABA-A_a4b2d_complex	CPI-CC0B77A9502	GABRB2	0.036	0.0	0.029	0.05	0.076	0.0	0.024	0.0	0.0	0.0	0.0	0.0	0.0	0.0	0.009	0.0	0.0	0.0	0.0	0.0	0.0	0.0	0.0	0.074	0.0	0.018	0.089	0.0	0.0	0.133	0.042	0.0
GABRB2	P47870	True	GBRB2_HUMAN	GABA-A_a4b2d_complex	CPI-CC0F2E29DCC	GABRB2	0.036	0.0	0.029	0.05	0.076	0.0	0.024	0.0	0.0	0.0	0.0	0.0	0.0	0.0	0.009	0.0	0.0	0.0	0.0	0.0	0.0	0.0	0.0	0.074	0.0	0.018	0.089	0.0	0.0	0.133	0.042	0.0
GABRB2	P47870	True	GBRB2_HUMAN	GABA-A_a4b2d_complex	CPI-CC096B77AA5	GABRB2	0.036	0.0	0.029	0.05	0.076	0.0	0.024	0.0	0.0	0.0	0.0	0.0	0.0	0.0	0.009	0.0	0.0	0.0	0.0	0.0	0.0	0.0	0.0	0.074	0.0	0.018	0.089	0.0	0.0	0.133	0.042	0.0
GABRB2	P47870	True	GBRB2_HUMAN	GABA-A_a4b2d_complex	CPI-CC0C00325D2	GABRB2	0.036	0.0	0.029	0.05	0.076	0.0	0.024	0.0	0.0	0.0	0.0	0.0	0.0	0.0	0.009	0.0	0.0	0.0	0.0	0.0	0.0	0.0	0.0	0.074	0.0	0.018	0.089	0.0	0.0	0.133	0.042	0.0
GABRB2	P47870	True	GBRB2_HUMAN	GABA-A_a4b2d_complex	CPI-CC07936BEBD	GABRB2	0.036	0.0	0.029	0.05	0.076	0.0	0.024	0.0	0.0	0.0	0.0	0.0	0.0	0.0	0.009	0.0	0.0	0.0	0.0	0.0	0.0	0.0	0.0	0.074	0.0	0.018	0.089	0.0	0.0	0.133	0.042	0.0
GABRB2	P47870	True	GBRB2_HUMAN	GABA-A_a4b2d_complex	CPI-CC041DC21EE	GABRB2	0.036	0.0	0.029	0.05	0.076	0.0	0.024	0.0	0.0	0.0	0.0	0.0	0.0	0.0	0.009	0.0	0.0	0.0	0.0	0.0	0.0	0.0	0.0	0.074	0.0	0.018	0.089	0.0	0.0	0.133	0.042	0.0
GABRB2	P47870	True	GBRB2_HUMAN	GABA-A_a4b2d_complex	CPI-CC0E5F4FF5B	GABRB2	0.036	0.0	0.029	0.05	0.076	0.0	0.024	0.0	0.0	0.0	0.0	0.0	0.0	0.0	0.009	0.0	0.0	0.0	0.0	0.0	0.0	0.0	0.0	0.074	0.0	0.018	0.089	0.0	0.0	0.133	0.042	0.0
GABRB2	P47870	True	GBRB2_HUMAN	GABA-A_a4b2d_complex	CPI-CC027602671	GABRB2	0.036	0.0	0.029	0.05	0.076	0.0	0.024	0.0	0.0	0.0	0.0	0.0	0.0	0.0	0.009	0.0	0.0	0.0	0.0	0.0	0.0	0.0	0.0	0.074	0.0	0.018	0.089	0.0	0.0	0.133	0.042	0.0
GABRB2	P47870	True	GBRB2_HUMAN	GABA-A_a4b2d_complex	CPI-CC0F159ADC3	GABRB2	0.036	0.0	0.029	0.05	0.076	0.0	0.024	0.0	0.0	0.0	0.0	0.0	0.0	0.0	0.009	0.0	0.0	0.0	0.0	0.0	0.0	0.0	0.0	0.074	0.0	0.018	0.089	0.0	0.0	0.133	0.042	0.0
GABRB2	P47870	True	GBRB2_HUMAN	GABA-A_a4b2d_complex	CPI-CC0822A0807	GABRB2	0.036	0.0	0.029	0.05	0.076	0.0	0.024	0.0	0.0	0.0	0.0	0.0	0.0	0.0	0.009	0.0	0.0	0.0	0.0	0.0	0.0	0.0	0.0	0.074	0.0	0.018	0.089	0.0	0.0	0.133	0.042	0.0
GABRB2	P47870	True	GBRB2_HUMAN	GABA-A_a4b2d_complex	CPI-CC0760F145F	GABRB2	0.036	0.0	0.029	0.05	0.076	0.0	0.024	0.0	0.0	0.0	0.0	0.0	0.0	0.0	0.009	0.0	0.0	0.0	0.0	0.0	0.0	0.0	0.0	0.074	0.0	0.018	0.089	0.0	0.0	0.133	0.042	0.0
GABRB2	P47870	True	GBRB2_HUMAN	GABA-A_a4b2d_complex	CPI-CC0A073DD31	GABRB2	0.036	0.0	0.029	0.05	0.076	0.0	0.024	0.0	0.0	0.0	0.0	0.0	0.0	0.0	0.009	0.0	0.0	0.0	0.0	0.0	0.0	0.0	0.0	0.074	0.0	0.018	0.089	0.0	0.0	0.133	0.042	0.0
GABRD	O14764	True	GBRD_HUMAN	GABA-A_a4b2d_complex	CPI-CC0B77A9502	GABRD	0.036	0.0	0.029	0.05	0.076	0.0	0.024	0.0	0.0	0.0	0.0	0.0	0.0	0.0	0.009	0.0	0.0	0.0	0.0	0.0	0.0	0.0	0.0	0.074	0.0	0.018	0.089	0.0	0.0	0.133	0.042	0.0
GABRD	O14764	True	GBRD_HUMAN	GABA-A_a4b2d_complex	CPI-CC0F2E29DCC	GABRD	0.036	0.0	0.029	0.05	0.076	0.0	0.024	0.0	0.0	0.0	0.0	0.0	0.0	0.0	0.009	0.0	0.0	0.0	0.0	0.0	0.0	0.0	0.0	0.074	0.0	0.018	0.089	0.0	0.0	0.133	0.042	0.0
GABRD	O14764	True	GBRD_HUMAN	GABA-A_a4b2d_complex	CPI-CC096B77AA5	GABRD	0.036	0.0	0.029	0.05	0.076	0.0	0.024	0.0	0.0	0.0	0.0	0.0	0.0	0.0	0.009	0.0	0.0	0.0	0.0	0.0	0.0	0.0	0.0	0.074	0.0	0.018	0.089	0.0	0.0	0.133	0.042	0.0
GABRD	O14764	True	GBRD_HUMAN	GABA-A_a4b2d_complex	CPI-CC0C00325D2	GABRD	0.036	0.0	0.029	0.05	0.076	0.0	0.024	0.0	0.0	0.0	0.0	0.0	0.0	0.0	0.009	0.0	0.0	0.0	0.0	0.0	0.0	0.0	0.0	0.074	0.0	0.018	0.089	0.0	0.0	0.133	0.042	0.0
GABRD	O14764	True	GBRD_HUMAN	GABA-A_a4b2d_complex	CPI-CC07936BEBD	GABRD	0.036	0.0	0.029	0.05	0.076	0.0	0.024	0.0	0.0	0.0	0.0	0.0	0.0	0.0	0.009	0.0	0.0	0.0	0.0	0.0	0.0	0.0	0.0	0.074	0.0	0.018	0.089	0.0	0.0	0.133	0.042	0.0
GABRD	O14764	True	GBRD_HUMAN	GABA-A_a4b2d_complex	CPI-CC041DC21EE	GABRD	0.036	0.0	0.029	0.05	0.076	0.0	0.024	0.0	0.0	0.0	0.0	0.0	0.0	0.0	0.009	0.0	0.0	0.0	0.0	0.0	0.0	0.0	0.0	0.074	0.0	0.018	0.089	0.0	0.0	0.133	0.042	0.0
GABRD	O14764	True	GBRD_HUMAN	GABA-A_a4b2d_complex	CPI-CC0E5F4FF5B	GABRD	0.036	0.0	0.029	0.05	0.076	0.0	0.024	0.0	0.0	0.0	0.0	0.0	0.0	0.0	0.009	0.0	0.0	0.0	0.0	0.0	0.0	0.0	0.0	0.074	0.0	0.018	0.089	0.0	0.0	0.133	0.042	0.0
GABRD	O14764	True	GBRD_HUMAN	GABA-A_a4b2d_complex	CPI-CC027602671	GABRD	0.036	0.0	0.029	0.05	0.076	0.0	0.024	0.0	0.0	0.0	0.0	0.0	0.0	0.0	0.009	0.0	0.0	0.0	0.0	0.0	0.0	0.0	0.0	0.074	0.0	0.018	0.089	0.0	0.0	0.133	0.042	0.0
GABRD	O14764	True	GBRD_HUMAN	GABA-A_a4b2d_complex	CPI-CC0F159ADC3	GABRD	0.036	0.0	0.029	0.05	0.076	0.0	0.024	0.0	0.0	0.0	0.0	0.0	0.0	0.0	0.009	0.0	0.0	0.0	0.0	0.0	0.0	0.0	0.0	0.074	0.0	0.018	0.089	0.0	0.0	0.133	0.042	0.0
GABRD	O14764	True	GBRD_HUMAN	GABA-A_a4b2d_complex	CPI-CC0822A0807	GABRD	0.036	0.0	0.029	0.05	0.076	0.0	0.024	0.0	0.0	0.0	0.0	0.0	0.0	0.0	0.009	0.0	0.0	0.0	0.0	0.0	0.0	0.0	0.0	0.074	0.0	0.018	0.089	0.0	0.0	0.133	0.042	0.0
GABRD	O14764	True	GBRD_HUMAN	GABA-A_a4b2d_complex	CPI-CC0760F145F	GABRD	0.036	0.0	0.029	0.05	0.076	0.0	0.024	0.0	0.0	0.0	0.0	0.0	0.0	0.0	0.009	0.0	0.0	0.0	0.0	0.0	0.0	0.0	0.0	0.074	0.0	0.018	0.089	0.0	0.0	0.133	0.042	0.0
GABRD	O14764	True	GBRD_HUMAN	GABA-A_a4b2d_complex	CPI-CC0A073DD31	GABRD	0.036	0.0	0.029	0.05	0.076	0.0	0.024	0.0	0.0	0.0	0.0	0.0	0.0	0.0	0.009	0.0	0.0	0.0	0.0	0.0	0.0	0.0	0.0	0.074	0.0	0.018	0.089	0.0	0.0	0.133	0.042	0.0
GABRA4	P48169	True	GBRA4_HUMAN	GABA-A_a4b3g2S_complex	CPI-CC021D4CBC2	GABRA4	0.036	0.0	0.124	0.05	0.084	0.0	0.045	0.0	0.0	0.0	0.0	0.0	0.0	0.0	0.009	0.0	0.0	0.0	0.0	0.0	0.0	0.0	0.0	0.074	0.0	0.018	0.089	0.0	0.0	0.219	0.042	0.0
GABRA4	P48169	True	GBRA4_HUMAN	GABA-A_a4b3g2S_complex	CPI-CC0CDF35FE2	GABRA4	0.036	0.0	0.124	0.05	0.084	0.0	0.045	0.0	0.0	0.0	0.0	0.0	0.0	0.0	0.009	0.0	0.0	0.0	0.0	0.0	0.0	0.0	0.0	0.074	0.0	0.018	0.089	0.0	0.0	0.219	0.042	0.0
GABRA4	P48169	True	GBRA4_HUMAN	GABA-A_a4b3g2S_complex	CPI-CC084F4CFB2	GABRA4	0.036	0.0	0.124	0.05	0.084	0.0	0.045	0.0	0.0	0.0	0.0	0.0	0.0	0.0	0.009	0.0	0.0	0.0	0.0	0.0	0.0	0.0	0.0	0.074	0.0	0.018	0.089	0.0	0.0	0.219	0.042	0.0
GABRA4	P48169	True	GBRA4_HUMAN	GABA-A_a4b3g2S_complex	CPI-CC0F9B0C393	GABRA4	0.036	0.0	0.124	0.05	0.084	0.0	0.045	0.0	0.0	0.0	0.0	0.0	0.0	0.0	0.009	0.0	0.0	0.0	0.0	0.0	0.0	0.0	0.0	0.074	0.0	0.018	0.089	0.0	0.0	0.219	0.042	0.0
GABRA4	P48169	True	GBRA4_HUMAN	GABA-A_a4b3g2S_complex	CPI-CC0EB1A69E6	GABRA4	0.036	0.0	0.124	0.05	0.084	0.0	0.045	0.0	0.0	0.0	0.0	0.0	0.0	0.0	0.009	0.0	0.0	0.0	0.0	0.0	0.0	0.0	0.0	0.074	0.0	0.018	0.089	0.0	0.0	0.219	0.042	0.0
GABRA4	P48169	True	GBRA4_HUMAN	GABA-A_a4b3g2S_complex	CPI-CC02C92DB0C	GABRA4	0.036	0.0	0.124	0.05	0.084	0.0	0.045	0.0	0.0	0.0	0.0	0.0	0.0	0.0	0.009	0.0	0.0	0.0	0.0	0.0	0.0	0.0	0.0	0.074	0.0	0.018	0.089	0.0	0.0	0.219	0.042	0.0
GABRA4	P48169	True	GBRA4_HUMAN	GABA-A_a4b3g2S_complex	CPI-CC022137ED0	GABRA4	0.036	0.0	0.124	0.05	0.084	0.0	0.045	0.0	0.0	0.0	0.0	0.0	0.0	0.0	0.009	0.0	0.0	0.0	0.0	0.0	0.0	0.0	0.0	0.074	0.0	0.018	0.089	0.0	0.0	0.219	0.042	0.0
GABRA4	P48169	True	GBRA4_HUMAN	GABA-A_a4b3g2S_complex	CPI-CC0E0BDF879	GABRA4	0.036	0.0	0.124	0.05	0.084	0.0	0.045	0.0	0.0	0.0	0.0	0.0	0.0	0.0	0.009	0.0	0.0	0.0	0.0	0.0	0.0	0.0	0.0	0.074	0.0	0.018	0.089	0.0	0.0	0.219	0.042	0.0
GABRA4	P48169	True	GBRA4_HUMAN	GABA-A_a4b3g2S_complex	CPI-CC0B0DD552B	GABRA4	0.036	0.0	0.124	0.05	0.084	0.0	0.045	0.0	0.0	0.0	0.0	0.0	0.0	0.0	0.009	0.0	0.0	0.0	0.0	0.0	0.0	0.0	0.0	0.074	0.0	0.018	0.089	0.0	0.0	0.219	0.042	0.0
GABRA4	P48169	True	GBRA4_HUMAN	GABA-A_a4b3g2S_complex	CPI-CC056CE8934	GABRA4	0.036	0.0	0.124	0.05	0.084	0.0	0.045	0.0	0.0	0.0	0.0	0.0	0.0	0.0	0.009	0.0	0.0	0.0	0.0	0.0	0.0	0.0	0.0	0.074	0.0	0.018	0.089	0.0	0.0	0.219	0.042	0.0
GABRA4	P48169	True	GBRA4_HUMAN	GABA-A_a4b3g2S_complex	CPI-CC0E6313C0B	GABRA4	0.036	0.0	0.124	0.05	0.084	0.0	0.045	0.0	0.0	0.0	0.0	0.0	0.0	0.0	0.009	0.0	0.0	0.0	0.0	0.0	0.0	0.0	0.0	0.074	0.0	0.018	0.089	0.0	0.0	0.219	0.042	0.0
GABRA4	P48169	True	GBRA4_HUMAN	GABA-A_a4b3g2S_complex	CPI-CC079D8333D	GABRA4	0.036	0.0	0.124	0.05	0.084	0.0	0.045	0.0	0.0	0.0	0.0	0.0	0.0	0.0	0.009	0.0	0.0	0.0	0.0	0.0	0.0	0.0	0.0	0.074	0.0	0.018	0.089	0.0	0.0	0.219	0.042	0.0
GABRB3	P28472	True	GBRB3_HUMAN	GABA-A_a4b3g2S_complex	CPI-CC021D4CBC2	GABRB3	0.036	0.0	0.124	0.05	0.084	0.0	0.045	0.0	0.0	0.0	0.0	0.0	0.0	0.0	0.009	0.0	0.0	0.0	0.0	0.0	0.0	0.0	0.0	0.074	0.0	0.018	0.089	0.0	0.0	0.219	0.042	0.0
GABRB3	P28472	True	GBRB3_HUMAN	GABA-A_a4b3g2S_complex	CPI-CC0CDF35FE2	GABRB3	0.036	0.0	0.124	0.05	0.084	0.0	0.045	0.0	0.0	0.0	0.0	0.0	0.0	0.0	0.009	0.0	0.0	0.0	0.0	0.0	0.0	0.0	0.0	0.074	0.0	0.018	0.089	0.0	0.0	0.219	0.042	0.0
GABRB3	P28472	True	GBRB3_HUMAN	GABA-A_a4b3g2S_complex	CPI-CC084F4CFB2	GABRB3	0.036	0.0	0.124	0.05	0.084	0.0	0.045	0.0	0.0	0.0	0.0	0.0	0.0	0.0	0.009	0.0	0.0	0.0	0.0	0.0	0.0	0.0	0.0	0.074	0.0	0.018	0.089	0.0	0.0	0.219	0.042	0.0
GABRB3	P28472	True	GBRB3_HUMAN	GABA-A_a4b3g2S_complex	CPI-CC0F9B0C393	GABRB3	0.036	0.0	0.124	0.05	0.084	0.0	0.045	0.0	0.0	0.0	0.0	0.0	0.0	0.0	0.009	0.0	0.0	0.0	0.0	0.0	0.0	0.0	0.0	0.074	0.0	0.018	0.089	0.0	0.0	0.219	0.042	0.0
GABRB3	P28472	True	GBRB3_HUMAN	GABA-A_a4b3g2S_complex	CPI-CC0EB1A69E6	GABRB3	0.036	0.0	0.124	0.05	0.084	0.0	0.045	0.0	0.0	0.0	0.0	0.0	0.0	0.0	0.009	0.0	0.0	0.0	0.0	0.0	0.0	0.0	0.0	0.074	0.0	0.018	0.089	0.0	0.0	0.219	0.042	0.0
GABRB3	P28472	True	GBRB3_HUMAN	GABA-A_a4b3g2S_complex	CPI-CC02C92DB0C	GABRB3	0.036	0.0	0.124	0.05	0.084	0.0	0.045	0.0	0.0	0.0	0.0	0.0	0.0	0.0	0.009	0.0	0.0	0.0	0.0	0.0	0.0	0.0	0.0	0.074	0.0	0.018	0.089	0.0	0.0	0.219	0.042	0.0
GABRB3	P28472	True	GBRB3_HUMAN	GABA-A_a4b3g2S_complex	CPI-CC022137ED0	GABRB3	0.036	0.0	0.124	0.05	0.084	0.0	0.045	0.0	0.0	0.0	0.0	0.0	0.0	0.0	0.009	0.0	0.0	0.0	0.0	0.0	0.0	0.0	0.0	0.074	0.0	0.018	0.089	0.0	0.0	0.219	0.042	0.0
GABRB3	P28472	True	GBRB3_HUMAN	GABA-A_a4b3g2S_complex	CPI-CC0E0BDF879	GABRB3	0.036	0.0	0.124	0.05	0.084	0.0	0.045	0.0	0.0	0.0	0.0	0.0	0.0	0.0	0.009	0.0	0.0	0.0	0.0	0.0	0.0	0.0	0.0	0.074	0.0	0.018	0.089	0.0	0.0	0.219	0.042	0.0
GABRB3	P28472	True	GBRB3_HUMAN	GABA-A_a4b3g2S_complex	CPI-CC0B0DD552B	GABRB3	0.036	0.0	0.124	0.05	0.084	0.0	0.045	0.0	0.0	0.0	0.0	0.0	0.0	0.0	0.009	0.0	0.0	0.0	0.0	0.0	0.0	0.0	0.0	0.074	0.0	0.018	0.089	0.0	0.0	0.219	0.042	0.0
GABRB3	P28472	True	GBRB3_HUMAN	GABA-A_a4b3g2S_complex	CPI-CC056CE8934	GABRB3	0.036	0.0	0.124	0.05	0.084	0.0	0.045	0.0	0.0	0.0	0.0	0.0	0.0	0.0	0.009	0.0	0.0	0.0	0.0	0.0	0.0	0.0	0.0	0.074	0.0	0.018	0.089	0.0	0.0	0.219	0.042	0.0
GABRB3	P28472	True	GBRB3_HUMAN	GABA-A_a4b3g2S_complex	CPI-CC0E6313C0B	GABRB3	0.036	0.0	0.124	0.05	0.084	0.0	0.045	0.0	0.0	0.0	0.0	0.0	0.0	0.0	0.009	0.0	0.0	0.0	0.0	0.0	0.0	0.0	0.0	0.074	0.0	0.018	0.089	0.0	0.0	0.219	0.042	0.0
GABRB3	P28472	True	GBRB3_HUMAN	GABA-A_a4b3g2S_complex	CPI-CC079D8333D	GABRB3	0.036	0.0	0.124	0.05	0.084	0.0	0.045	0.0	0.0	0.0	0.0	0.0	0.0	0.0	0.009	0.0	0.0	0.0	0.0	0.0	0.0	0.0	0.0	0.074	0.0	0.018	0.089	0.0	0.0	0.219	0.042	0.0
GABRG2	P18507	True	GBRG2_HUMAN	GABA-A_a4b3g2S_complex	CPI-CC021D4CBC2	GABRG2	0.036	0.0	0.124	0.05	0.084	0.0	0.045	0.0	0.0	0.0	0.0	0.0	0.0	0.0	0.009	0.0	0.0	0.0	0.0	0.0	0.0	0.0	0.0	0.074	0.0	0.018	0.089	0.0	0.0	0.219	0.042	0.0
GABRG2	P18507	True	GBRG2_HUMAN	GABA-A_a4b3g2S_complex	CPI-CC0CDF35FE2	GABRG2	0.036	0.0	0.124	0.05	0.084	0.0	0.045	0.0	0.0	0.0	0.0	0.0	0.0	0.0	0.009	0.0	0.0	0.0	0.0	0.0	0.0	0.0	0.0	0.074	0.0	0.018	0.089	0.0	0.0	0.219	0.042	0.0
GABRG2	P18507	True	GBRG2_HUMAN	GABA-A_a4b3g2S_complex	CPI-CC084F4CFB2	GABRG2	0.036	0.0	0.124	0.05	0.084	0.0	0.045	0.0	0.0	0.0	0.0	0.0	0.0	0.0	0.009	0.0	0.0	0.0	0.0	0.0	0.0	0.0	0.0	0.074	0.0	0.018	0.089	0.0	0.0	0.219	0.042	0.0
GABRG2	P18507	True	GBRG2_HUMAN	GABA-A_a4b3g2S_complex	CPI-CC0F9B0C393	GABRG2	0.036	0.0	0.124	0.05	0.084	0.0	0.045	0.0	0.0	0.0	0.0	0.0	0.0	0.0	0.009	0.0	0.0	0.0	0.0	0.0	0.0	0.0	0.0	0.074	0.0	0.018	0.089	0.0	0.0	0.219	0.042	0.0
GABRG2	P18507	True	GBRG2_HUMAN	GABA-A_a4b3g2S_complex	CPI-CC0EB1A69E6	GABRG2	0.036	0.0	0.124	0.05	0.084	0.0	0.045	0.0	0.0	0.0	0.0	0.0	0.0	0.0	0.009	0.0	0.0	0.0	0.0	0.0	0.0	0.0	0.0	0.074	0.0	0.018	0.089	0.0	0.0	0.219	0.042	0.0
GABRG2	P18507	True	GBRG2_HUMAN	GABA-A_a4b3g2S_complex	CPI-CC02C92DB0C	GABRG2	0.036	0.0	0.124	0.05	0.084	0.0	0.045	0.0	0.0	0.0	0.0	0.0	0.0	0.0	0.009	0.0	0.0	0.0	0.0	0.0	0.0	0.0	0.0	0.074	0.0	0.018	0.089	0.0	0.0	0.219	0.042	0.0
GABRG2	P18507	True	GBRG2_HUMAN	GABA-A_a4b3g2S_complex	CPI-CC022137ED0	GABRG2	0.036	0.0	0.124	0.05	0.084	0.0	0.045	0.0	0.0	0.0	0.0	0.0	0.0	0.0	0.009	0.0	0.0	0.0	0.0	0.0	0.0	0.0	0.0	0.074	0.0	0.018	0.089	0.0	0.0	0.219	0.042	0.0
GABRG2	P18507	True	GBRG2_HUMAN	GABA-A_a4b3g2S_complex	CPI-CC0E0BDF879	GABRG2	0.036	0.0	0.124	0.05	0.084	0.0	0.045	0.0	0.0	0.0	0.0	0.0	0.0	0.0	0.009	0.0	0.0	0.0	0.0	0.0	0.0	0.0	0.0	0.074	0.0	0.018	0.089	0.0	0.0	0.219	0.042	0.0
GABRG2	P18507	True	GBRG2_HUMAN	GABA-A_a4b3g2S_complex	CPI-CC0B0DD552B	GABRG2	0.036	0.0	0.124	0.05	0.084	0.0	0.045	0.0	0.0	0.0	0.0	0.0	0.0	0.0	0.009	0.0	0.0	0.0	0.0	0.0	0.0	0.0	0.0	0.074	0.0	0.018	0.089	0.0	0.0	0.219	0.042	0.0
GABRG2	P18507	True	GBRG2_HUMAN	GABA-A_a4b3g2S_complex	CPI-CC056CE8934	GABRG2	0.036	0.0	0.124	0.05	0.084	0.0	0.045	0.0	0.0	0.0	0.0	0.0	0.0	0.0	0.009	0.0	0.0	0.0	0.0	0.0	0.0	0.0	0.0	0.074	0.0	0.018	0.089	0.0	0.0	0.219	0.042	0.0
GABRG2	P18507	True	GBRG2_HUMAN	GABA-A_a4b3g2S_complex	CPI-CC0E6313C0B	GABRG2	0.036	0.0	0.124	0.05	0.084	0.0	0.045	0.0	0.0	0.0	0.0	0.0	0.0	0.0	0.009	0.0	0.0	0.0	0.0	0.0	0.0	0.0	0.0	0.074	0.0	0.018	0.089	0.0	0.0	0.219	0.042	0.0
GABRG2	P18507	True	GBRG2_HUMAN	GABA-A_a4b3g2S_complex	CPI-CC079D8333D	GABRG2	0.036	0.0	0.124	0.05	0.084	0.0	0.045	0.0	0.0	0.0	0.0	0.0	0.0	0.0	0.009	0.0	0.0	0.0	0.0	0.0	0.0	0.0	0.0	0.074	0.0	0.018	0.089	0.0	0.0	0.219	0.042	0.0
GABRA4	P48169	True	GBRA4_HUMAN	GABA-A_a4b3d_complex	CPI-CC07BC9E69C	GABRA4	0.036	0.0	0.067	0.05	0.076	0.0	0.045	0.0	0.0	0.0	0.0	0.0	0.0	0.0	0.009	0.0	0.0	0.0	0.0	0.0	0.0	0.0	0.0	0.074	0.0	0.018	0.089	0.0	0.0	0.219	0.042	0.0
GABRA4	P48169	True	GBRA4_HUMAN	GABA-A_a4b3d_complex	CPI-CC0C87922CA	GABRA4	0.036	0.0	0.067	0.05	0.076	0.0	0.045	0.0	0.0	0.0	0.0	0.0	0.0	0.0	0.009	0.0	0.0	0.0	0.0	0.0	0.0	0.0	0.0	0.074	0.0	0.018	0.089	0.0	0.0	0.219	0.042	0.0
GABRA4	P48169	True	GBRA4_HUMAN	GABA-A_a4b3d_complex	CPI-CC022A52952	GABRA4	0.036	0.0	0.067	0.05	0.076	0.0	0.045	0.0	0.0	0.0	0.0	0.0	0.0	0.0	0.009	0.0	0.0	0.0	0.0	0.0	0.0	0.0	0.0	0.074	0.0	0.018	0.089	0.0	0.0	0.219	0.042	0.0
GABRA4	P48169	True	GBRA4_HUMAN	GABA-A_a4b3d_complex	CPI-CC0536A862B	GABRA4	0.036	0.0	0.067	0.05	0.076	0.0	0.045	0.0	0.0	0.0	0.0	0.0	0.0	0.0	0.009	0.0	0.0	0.0	0.0	0.0	0.0	0.0	0.0	0.074	0.0	0.018	0.089	0.0	0.0	0.219	0.042	0.0
GABRA4	P48169	True	GBRA4_HUMAN	GABA-A_a4b3d_complex	CPI-CC01C3B4299	GABRA4	0.036	0.0	0.067	0.05	0.076	0.0	0.045	0.0	0.0	0.0	0.0	0.0	0.0	0.0	0.009	0.0	0.0	0.0	0.0	0.0	0.0	0.0	0.0	0.074	0.0	0.018	0.089	0.0	0.0	0.219	0.042	0.0
GABRA4	P48169	True	GBRA4_HUMAN	GABA-A_a4b3d_complex	CPI-CC03B91D668	GABRA4	0.036	0.0	0.067	0.05	0.076	0.0	0.045	0.0	0.0	0.0	0.0	0.0	0.0	0.0	0.009	0.0	0.0	0.0	0.0	0.0	0.0	0.0	0.0	0.074	0.0	0.018	0.089	0.0	0.0	0.219	0.042	0.0
GABRA4	P48169	True	GBRA4_HUMAN	GABA-A_a4b3d_complex	CPI-CC031EA2528	GABRA4	0.036	0.0	0.067	0.05	0.076	0.0	0.045	0.0	0.0	0.0	0.0	0.0	0.0	0.0	0.009	0.0	0.0	0.0	0.0	0.0	0.0	0.0	0.0	0.074	0.0	0.018	0.089	0.0	0.0	0.219	0.042	0.0
GABRA4	P48169	True	GBRA4_HUMAN	GABA-A_a4b3d_complex	CPI-CC0BCCDDCB8	GABRA4	0.036	0.0	0.067	0.05	0.076	0.0	0.045	0.0	0.0	0.0	0.0	0.0	0.0	0.0	0.009	0.0	0.0	0.0	0.0	0.0	0.0	0.0	0.0	0.074	0.0	0.018	0.089	0.0	0.0	0.219	0.042	0.0
GABRA4	P48169	True	GBRA4_HUMAN	GABA-A_a4b3d_complex	CPI-CC012A2C2D0	GABRA4	0.036	0.0	0.067	0.05	0.076	0.0	0.045	0.0	0.0	0.0	0.0	0.0	0.0	0.0	0.009	0.0	0.0	0.0	0.0	0.0	0.0	0.0	0.0	0.074	0.0	0.018	0.089	0.0	0.0	0.219	0.042	0.0
GABRA4	P48169	True	GBRA4_HUMAN	GABA-A_a4b3d_complex	CPI-CC0C4980773	GABRA4	0.036	0.0	0.067	0.05	0.076	0.0	0.045	0.0	0.0	0.0	0.0	0.0	0.0	0.0	0.009	0.0	0.0	0.0	0.0	0.0	0.0	0.0	0.0	0.074	0.0	0.018	0.089	0.0	0.0	0.219	0.042	0.0
GABRA4	P48169	True	GBRA4_HUMAN	GABA-A_a4b3d_complex	CPI-CC0D927F25C	GABRA4	0.036	0.0	0.067	0.05	0.076	0.0	0.045	0.0	0.0	0.0	0.0	0.0	0.0	0.0	0.009	0.0	0.0	0.0	0.0	0.0	0.0	0.0	0.0	0.074	0.0	0.018	0.089	0.0	0.0	0.219	0.042	0.0
GABRA4	P48169	True	GBRA4_HUMAN	GABA-A_a4b3d_complex	CPI-CC05D418280	GABRA4	0.036	0.0	0.067	0.05	0.076	0.0	0.045	0.0	0.0	0.0	0.0	0.0	0.0	0.0	0.009	0.0	0.0	0.0	0.0	0.0	0.0	0.0	0.0	0.074	0.0	0.018	0.089	0.0	0.0	0.219	0.042	0.0
GABRB3	P28472	True	GBRB3_HUMAN	GABA-A_a4b3d_complex	CPI-CC07BC9E69C	GABRB3	0.036	0.0	0.067	0.05	0.076	0.0	0.045	0.0	0.0	0.0	0.0	0.0	0.0	0.0	0.009	0.0	0.0	0.0	0.0	0.0	0.0	0.0	0.0	0.074	0.0	0.018	0.089	0.0	0.0	0.219	0.042	0.0
GABRB3	P28472	True	GBRB3_HUMAN	GABA-A_a4b3d_complex	CPI-CC0C87922CA	GABRB3	0.036	0.0	0.067	0.05	0.076	0.0	0.045	0.0	0.0	0.0	0.0	0.0	0.0	0.0	0.009	0.0	0.0	0.0	0.0	0.0	0.0	0.0	0.0	0.074	0.0	0.018	0.089	0.0	0.0	0.219	0.042	0.0
GABRB3	P28472	True	GBRB3_HUMAN	GABA-A_a4b3d_complex	CPI-CC022A52952	GABRB3	0.036	0.0	0.067	0.05	0.076	0.0	0.045	0.0	0.0	0.0	0.0	0.0	0.0	0.0	0.009	0.0	0.0	0.0	0.0	0.0	0.0	0.0	0.0	0.074	0.0	0.018	0.089	0.0	0.0	0.219	0.042	0.0
GABRB3	P28472	True	GBRB3_HUMAN	GABA-A_a4b3d_complex	CPI-CC0536A862B	GABRB3	0.036	0.0	0.067	0.05	0.076	0.0	0.045	0.0	0.0	0.0	0.0	0.0	0.0	0.0	0.009	0.0	0.0	0.0	0.0	0.0	0.0	0.0	0.0	0.074	0.0	0.018	0.089	0.0	0.0	0.219	0.042	0.0
GABRB3	P28472	True	GBRB3_HUMAN	GABA-A_a4b3d_complex	CPI-CC01C3B4299	GABRB3	0.036	0.0	0.067	0.05	0.076	0.0	0.045	0.0	0.0	0.0	0.0	0.0	0.0	0.0	0.009	0.0	0.0	0.0	0.0	0.0	0.0	0.0	0.0	0.074	0.0	0.018	0.089	0.0	0.0	0.219	0.042	0.0
GABRB3	P28472	True	GBRB3_HUMAN	GABA-A_a4b3d_complex	CPI-CC03B91D668	GABRB3	0.036	0.0	0.067	0.05	0.076	0.0	0.045	0.0	0.0	0.0	0.0	0.0	0.0	0.0	0.009	0.0	0.0	0.0	0.0	0.0	0.0	0.0	0.0	0.074	0.0	0.018	0.089	0.0	0.0	0.219	0.042	0.0
GABRB3	P28472	True	GBRB3_HUMAN	GABA-A_a4b3d_complex	CPI-CC031EA2528	GABRB3	0.036	0.0	0.067	0.05	0.076	0.0	0.045	0.0	0.0	0.0	0.0	0.0	0.0	0.0	0.009	0.0	0.0	0.0	0.0	0.0	0.0	0.0	0.0	0.074	0.0	0.018	0.089	0.0	0.0	0.219	0.042	0.0
GABRB3	P28472	True	GBRB3_HUMAN	GABA-A_a4b3d_complex	CPI-CC0BCCDDCB8	GABRB3	0.036	0.0	0.067	0.05	0.076	0.0	0.045	0.0	0.0	0.0	0.0	0.0	0.0	0.0	0.009	0.0	0.0	0.0	0.0	0.0	0.0	0.0	0.0	0.074	0.0	0.018	0.089	0.0	0.0	0.219	0.042	0.0
GABRB3	P28472	True	GBRB3_HUMAN	GABA-A_a4b3d_complex	CPI-CC012A2C2D0	GABRB3	0.036	0.0	0.067	0.05	0.076	0.0	0.045	0.0	0.0	0.0	0.0	0.0	0.0	0.0	0.009	0.0	0.0	0.0	0.0	0.0	0.0	0.0	0.0	0.074	0.0	0.018	0.089	0.0	0.0	0.219	0.042	0.0
GABRB3	P28472	True	GBRB3_HUMAN	GABA-A_a4b3d_complex	CPI-CC0C4980773	GABRB3	0.036	0.0	0.067	0.05	0.076	0.0	0.045	0.0	0.0	0.0	0.0	0.0	0.0	0.0	0.009	0.0	0.0	0.0	0.0	0.0	0.0	0.0	0.0	0.074	0.0	0.018	0.089	0.0	0.0	0.219	0.042	0.0
GABRB3	P28472	True	GBRB3_HUMAN	GABA-A_a4b3d_complex	CPI-CC0D927F25C	GABRB3	0.036	0.0	0.067	0.05	0.076	0.0	0.045	0.0	0.0	0.0	0.0	0.0	0.0	0.0	0.009	0.0	0.0	0.0	0.0	0.0	0.0	0.0	0.0	0.074	0.0	0.018	0.089	0.0	0.0	0.219	0.042	0.0
GABRB3	P28472	True	GBRB3_HUMAN	GABA-A_a4b3d_complex	CPI-CC05D418280	GABRB3	0.036	0.0	0.067	0.05	0.076	0.0	0.045	0.0	0.0	0.0	0.0	0.0	0.0	0.0	0.009	0.0	0.0	0.0	0.0	0.0	0.0	0.0	0.0	0.074	0.0	0.018	0.089	0.0	0.0	0.219	0.042	0.0
GABRD	O14764	True	GBRD_HUMAN	GABA-A_a4b3d_complex	CPI-CC07BC9E69C	GABRD	0.036	0.0	0.067	0.05	0.076	0.0	0.045	0.0	0.0	0.0	0.0	0.0	0.0	0.0	0.009	0.0	0.0	0.0	0.0	0.0	0.0	0.0	0.0	0.074	0.0	0.018	0.089	0.0	0.0	0.219	0.042	0.0
GABRD	O14764	True	GBRD_HUMAN	GABA-A_a4b3d_complex	CPI-CC0C87922CA	GABRD	0.036	0.0	0.067	0.05	0.076	0.0	0.045	0.0	0.0	0.0	0.0	0.0	0.0	0.0	0.009	0.0	0.0	0.0	0.0	0.0	0.0	0.0	0.0	0.074	0.0	0.018	0.089	0.0	0.0	0.219	0.042	0.0
GABRD	O14764	True	GBRD_HUMAN	GABA-A_a4b3d_complex	CPI-CC022A52952	GABRD	0.036	0.0	0.067	0.05	0.076	0.0	0.045	0.0	0.0	0.0	0.0	0.0	0.0	0.0	0.009	0.0	0.0	0.0	0.0	0.0	0.0	0.0	0.0	0.074	0.0	0.018	0.089	0.0	0.0	0.219	0.042	0.0
GABRD	O14764	True	GBRD_HUMAN	GABA-A_a4b3d_complex	CPI-CC0536A862B	GABRD	0.036	0.0	0.067	0.05	0.076	0.0	0.045	0.0	0.0	0.0	0.0	0.0	0.0	0.0	0.009	0.0	0.0	0.0	0.0	0.0	0.0	0.0	0.0	0.074	0.0	0.018	0.089	0.0	0.0	0.219	0.042	0.0
GABRD	O14764	True	GBRD_HUMAN	GABA-A_a4b3d_complex	CPI-CC01C3B4299	GABRD	0.036	0.0	0.067	0.05	0.076	0.0	0.045	0.0	0.0	0.0	0.0	0.0	0.0	0.0	0.009	0.0	0.0	0.0	0.0	0.0	0.0	0.0	0.0	0.074	0.0	0.018	0.089	0.0	0.0	0.219	0.042	0.0
GABRD	O14764	True	GBRD_HUMAN	GABA-A_a4b3d_complex	CPI-CC03B91D668	GABRD	0.036	0.0	0.067	0.05	0.076	0.0	0.045	0.0	0.0	0.0	0.0	0.0	0.0	0.0	0.009	0.0	0.0	0.0	0.0	0.0	0.0	0.0	0.0	0.074	0.0	0.018	0.089	0.0	0.0	0.219	0.042	0.0
GABRD	O14764	True	GBRD_HUMAN	GABA-A_a4b3d_complex	CPI-CC031EA2528	GABRD	0.036	0.0	0.067	0.05	0.076	0.0	0.045	0.0	0.0	0.0	0.0	0.0	0.0	0.0	0.009	0.0	0.0	0.0	0.0	0.0	0.0	0.0	0.0	0.074	0.0	0.018	0.089	0.0	0.0	0.219	0.042	0.0
GABRD	O14764	True	GBRD_HUMAN	GABA-A_a4b3d_complex	CPI-CC0BCCDDCB8	GABRD	0.036	0.0	0.067	0.05	0.076	0.0	0.045	0.0	0.0	0.0	0.0	0.0	0.0	0.0	0.009	0.0	0.0	0.0	0.0	0.0	0.0	0.0	0.0	0.074	0.0	0.018	0.089	0.0	0.0	0.219	0.042	0.0
GABRD	O14764	True	GBRD_HUMAN	GABA-A_a4b3d_complex	CPI-CC012A2C2D0	GABRD	0.036	0.0	0.067	0.05	0.076	0.0	0.045	0.0	0.0	0.0	0.0	0.0	0.0	0.0	0.009	0.0	0.0	0.0	0.0	0.0	0.0	0.0	0.0	0.074	0.0	0.018	0.089	0.0	0.0	0.219	0.042	0.0
GABRD	O14764	True	GBRD_HUMAN	GABA-A_a4b3d_complex	CPI-CC0C4980773	GABRD	0.036	0.0	0.067	0.05	0.076	0.0	0.045	0.0	0.0	0.0	0.0	0.0	0.0	0.0	0.009	0.0	0.0	0.0	0.0	0.0	0.0	0.0	0.0	0.074	0.0	0.018	0.089	0.0	0.0	0.219	0.042	0.0
GABRD	O14764	True	GBRD_HUMAN	GABA-A_a4b3d_complex	CPI-CC0D927F25C	GABRD	0.036	0.0	0.067	0.05	0.076	0.0	0.045	0.0	0.0	0.0	0.0	0.0	0.0	0.0	0.009	0.0	0.0	0.0	0.0	0.0	0.0	0.0	0.0	0.074	0.0	0.018	0.089	0.0	0.0	0.219	0.042	0.0
GABRD	O14764	True	GBRD_HUMAN	GABA-A_a4b3d_complex	CPI-CC05D418280	GABRD	0.036	0.0	0.067	0.05	0.076	0.0	0.045	0.0	0.0	0.0	0.0	0.0	0.0	0.0	0.009	0.0	0.0	0.0	0.0	0.0	0.0	0.0	0.0	0.074	0.0	0.018	0.089	0.0	0.0	0.219	0.042	0.0
GABRA5	P31644	True	GBRA5_HUMAN	GABA-A_a5b3g2S_complex	CPI-CC0836120E7	GABRA5	0.56	0.09	0.047	0.185	0.364	0.09	0.194	0.073	0.691	0.475	0.342	0.051	0.139	0.041	0.129	0.313	0.0	0.029	0.104	0.427	0.197	0.186	0.305	0.156	0.0	0.775	1.044	0.851	0.656	0.77	0.412	0.452
GABRA5	P31644	True	GBRA5_HUMAN	GABA-A_a5b3g2S_complex	CPI-CC0A95EED6F	GABRA5	0.56	0.09	0.047	0.185	0.364	0.09	0.194	0.073	0.691	0.475	0.342	0.051	0.139	0.041	0.129	0.313	0.0	0.029	0.104	0.427	0.197	0.186	0.305	0.156	0.0	0.775	1.044	0.851	0.656	0.77	0.412	0.452
GABRA5	P31644	True	GBRA5_HUMAN	GABA-A_a5b3g2S_complex	CPI-CC0D3BD85F0	GABRA5	0.56	0.09	0.047	0.185	0.364	0.09	0.194	0.073	0.691	0.475	0.342	0.051	0.139	0.041	0.129	0.313	0.0	0.029	0.104	0.427	0.197	0.186	0.305	0.156	0.0	0.775	1.044	0.851	0.656	0.77	0.412	0.452
GABRA5	P31644	True	GBRA5_HUMAN	GABA-A_a5b3g2S_complex	CPI-CC065B3548D	GABRA5	0.56	0.09	0.047	0.185	0.364	0.09	0.194	0.073	0.691	0.475	0.342	0.051	0.139	0.041	0.129	0.313	0.0	0.029	0.104	0.427	0.197	0.186	0.305	0.156	0.0	0.775	1.044	0.851	0.656	0.77	0.412	0.452
GABRA5	P31644	True	GBRA5_HUMAN	GABA-A_a5b3g2S_complex	CPI-CC025A561B8	GABRA5	0.56	0.09	0.047	0.185	0.364	0.09	0.194	0.073	0.691	0.475	0.342	0.051	0.139	0.041	0.129	0.313	0.0	0.029	0.104	0.427	0.197	0.186	0.305	0.156	0.0	0.775	1.044	0.851	0.656	0.77	0.412	0.452
GABRA5	P31644	True	GBRA5_HUMAN	GABA-A_a5b3g2S_complex	CPI-CC0D7414489	GABRA5	0.56	0.09	0.047	0.185	0.364	0.09	0.194	0.073	0.691	0.475	0.342	0.051	0.139	0.041	0.129	0.313	0.0	0.029	0.104	0.427	0.197	0.186	0.305	0.156	0.0	0.775	1.044	0.851	0.656	0.77	0.412	0.452
GABRA5	P31644	True	GBRA5_HUMAN	GABA-A_a5b3g2S_complex	CPI-CC0C8FD4B3E	GABRA5	0.56	0.09	0.047	0.185	0.364	0.09	0.194	0.073	0.691	0.475	0.342	0.051	0.139	0.041	0.129	0.313	0.0	0.029	0.104	0.427	0.197	0.186	0.305	0.156	0.0	0.775	1.044	0.851	0.656	0.77	0.412	0.452
GABRA5	P31644	True	GBRA5_HUMAN	GABA-A_a5b3g2S_complex	CPI-CC040C320D0	GABRA5	0.56	0.09	0.047	0.185	0.364	0.09	0.194	0.073	0.691	0.475	0.342	0.051	0.139	0.041	0.129	0.313	0.0	0.029	0.104	0.427	0.197	0.186	0.305	0.156	0.0	0.775	1.044	0.851	0.656	0.77	0.412	0.452
GABRA5	P31644	True	GBRA5_HUMAN	GABA-A_a5b3g2S_complex	CPI-CC0F35FBFA4	GABRA5	0.56	0.09	0.047	0.185	0.364	0.09	0.194	0.073	0.691	0.475	0.342	0.051	0.139	0.041	0.129	0.313	0.0	0.029	0.104	0.427	0.197	0.186	0.305	0.156	0.0	0.775	1.044	0.851	0.656	0.77	0.412	0.452
GABRA5	P31644	True	GBRA5_HUMAN	GABA-A_a5b3g2S_complex	CPI-CC070C2A38F	GABRA5	0.56	0.09	0.047	0.185	0.364	0.09	0.194	0.073	0.691	0.475	0.342	0.051	0.139	0.041	0.129	0.313	0.0	0.029	0.104	0.427	0.197	0.186	0.305	0.156	0.0	0.775	1.044	0.851	0.656	0.77	0.412	0.452
GABRA5	P31644	True	GBRA5_HUMAN	GABA-A_a5b3g2S_complex	CPI-CC068DDC6AA	GABRA5	0.56	0.09	0.047	0.185	0.364	0.09	0.194	0.073	0.691	0.475	0.342	0.051	0.139	0.041	0.129	0.313	0.0	0.029	0.104	0.427	0.197	0.186	0.305	0.156	0.0	0.775	1.044	0.851	0.656	0.77	0.412	0.452
GABRA5	P31644	True	GBRA5_HUMAN	GABA-A_a5b3g2S_complex	CPI-CC0E1CB4EAF	GABRA5	0.56	0.09	0.047	0.185	0.364	0.09	0.194	0.073	0.691	0.475	0.342	0.051	0.139	0.041	0.129	0.313	0.0	0.029	0.104	0.427	0.197	0.186	0.305	0.156	0.0	0.775	1.044	0.851	0.656	0.77	0.412	0.452
GABRB3	P28472	True	GBRB3_HUMAN	GABA-A_a5b3g2S_complex	CPI-CC0836120E7	GABRB3	0.56	0.09	0.047	0.185	0.364	0.09	0.194	0.073	0.691	0.475	0.342	0.051	0.139	0.041	0.129	0.313	0.0	0.029	0.104	0.427	0.197	0.186	0.305	0.156	0.0	0.775	1.044	0.851	0.656	0.77	0.412	0.452
GABRB3	P28472	True	GBRB3_HUMAN	GABA-A_a5b3g2S_complex	CPI-CC0A95EED6F	GABRB3	0.56	0.09	0.047	0.185	0.364	0.09	0.194	0.073	0.691	0.475	0.342	0.051	0.139	0.041	0.129	0.313	0.0	0.029	0.104	0.427	0.197	0.186	0.305	0.156	0.0	0.775	1.044	0.851	0.656	0.77	0.412	0.452
GABRB3	P28472	True	GBRB3_HUMAN	GABA-A_a5b3g2S_complex	CPI-CC0D3BD85F0	GABRB3	0.56	0.09	0.047	0.185	0.364	0.09	0.194	0.073	0.691	0.475	0.342	0.051	0.139	0.041	0.129	0.313	0.0	0.029	0.104	0.427	0.197	0.186	0.305	0.156	0.0	0.775	1.044	0.851	0.656	0.77	0.412	0.452
GABRB3	P28472	True	GBRB3_HUMAN	GABA-A_a5b3g2S_complex	CPI-CC065B3548D	GABRB3	0.56	0.09	0.047	0.185	0.364	0.09	0.194	0.073	0.691	0.475	0.342	0.051	0.139	0.041	0.129	0.313	0.0	0.029	0.104	0.427	0.197	0.186	0.305	0.156	0.0	0.775	1.044	0.851	0.656	0.77	0.412	0.452
GABRB3	P28472	True	GBRB3_HUMAN	GABA-A_a5b3g2S_complex	CPI-CC025A561B8	GABRB3	0.56	0.09	0.047	0.185	0.364	0.09	0.194	0.073	0.691	0.475	0.342	0.051	0.139	0.041	0.129	0.313	0.0	0.029	0.104	0.427	0.197	0.186	0.305	0.156	0.0	0.775	1.044	0.851	0.656	0.77	0.412	0.452
GABRB3	P28472	True	GBRB3_HUMAN	GABA-A_a5b3g2S_complex	CPI-CC0D7414489	GABRB3	0.56	0.09	0.047	0.185	0.364	0.09	0.194	0.073	0.691	0.475	0.342	0.051	0.139	0.041	0.129	0.313	0.0	0.029	0.104	0.427	0.197	0.186	0.305	0.156	0.0	0.775	1.044	0.851	0.656	0.77	0.412	0.452
GABRB3	P28472	True	GBRB3_HUMAN	GABA-A_a5b3g2S_complex	CPI-CC0C8FD4B3E	GABRB3	0.56	0.09	0.047	0.185	0.364	0.09	0.194	0.073	0.691	0.475	0.342	0.051	0.139	0.041	0.129	0.313	0.0	0.029	0.104	0.427	0.197	0.186	0.305	0.156	0.0	0.775	1.044	0.851	0.656	0.77	0.412	0.452
GABRB3	P28472	True	GBRB3_HUMAN	GABA-A_a5b3g2S_complex	CPI-CC040C320D0	GABRB3	0.56	0.09	0.047	0.185	0.364	0.09	0.194	0.073	0.691	0.475	0.342	0.051	0.139	0.041	0.129	0.313	0.0	0.029	0.104	0.427	0.197	0.186	0.305	0.156	0.0	0.775	1.044	0.851	0.656	0.77	0.412	0.452
GABRB3	P28472	True	GBRB3_HUMAN	GABA-A_a5b3g2S_complex	CPI-CC0F35FBFA4	GABRB3	0.56	0.09	0.047	0.185	0.364	0.09	0.194	0.073	0.691	0.475	0.342	0.051	0.139	0.041	0.129	0.313	0.0	0.029	0.104	0.427	0.197	0.186	0.305	0.156	0.0	0.775	1.044	0.851	0.656	0.77	0.412	0.452
GABRB3	P28472	True	GBRB3_HUMAN	GABA-A_a5b3g2S_complex	CPI-CC070C2A38F	GABRB3	0.56	0.09	0.047	0.185	0.364	0.09	0.194	0.073	0.691	0.475	0.342	0.051	0.139	0.041	0.129	0.313	0.0	0.029	0.104	0.427	0.197	0.186	0.305	0.156	0.0	0.775	1.044	0.851	0.656	0.77	0.412	0.452
GABRB3	P28472	True	GBRB3_HUMAN	GABA-A_a5b3g2S_complex	CPI-CC068DDC6AA	GABRB3	0.56	0.09	0.047	0.185	0.364	0.09	0.194	0.073	0.691	0.475	0.342	0.051	0.139	0.041	0.129	0.313	0.0	0.029	0.104	0.427	0.197	0.186	0.305	0.156	0.0	0.775	1.044	0.851	0.656	0.77	0.412	0.452
GABRB3	P28472	True	GBRB3_HUMAN	GABA-A_a5b3g2S_complex	CPI-CC0E1CB4EAF	GABRB3	0.56	0.09	0.047	0.185	0.364	0.09	0.194	0.073	0.691	0.475	0.342	0.051	0.139	0.041	0.129	0.313	0.0	0.029	0.104	0.427	0.197	0.186	0.305	0.156	0.0	0.775	1.044	0.851	0.656	0.77	0.412	0.452
GABRG2	P18507	True	GBRG2_HUMAN	GABA-A_a5b3g2S_complex	CPI-CC0836120E7	GABRG2	0.56	0.09	0.047	0.185	0.364	0.09	0.194	0.073	0.691	0.475	0.342	0.051	0.139	0.041	0.129	0.313	0.0	0.029	0.104	0.427	0.197	0.186	0.305	0.156	0.0	0.775	1.044	0.851	0.656	0.77	0.412	0.452
GABRG2	P18507	True	GBRG2_HUMAN	GABA-A_a5b3g2S_complex	CPI-CC0A95EED6F	GABRG2	0.56	0.09	0.047	0.185	0.364	0.09	0.194	0.073	0.691	0.475	0.342	0.051	0.139	0.041	0.129	0.313	0.0	0.029	0.104	0.427	0.197	0.186	0.305	0.156	0.0	0.775	1.044	0.851	0.656	0.77	0.412	0.452
GABRG2	P18507	True	GBRG2_HUMAN	GABA-A_a5b3g2S_complex	CPI-CC0D3BD85F0	GABRG2	0.56	0.09	0.047	0.185	0.364	0.09	0.194	0.073	0.691	0.475	0.342	0.051	0.139	0.041	0.129	0.313	0.0	0.029	0.104	0.427	0.197	0.186	0.305	0.156	0.0	0.775	1.044	0.851	0.656	0.77	0.412	0.452
GABRG2	P18507	True	GBRG2_HUMAN	GABA-A_a5b3g2S_complex	CPI-CC065B3548D	GABRG2	0.56	0.09	0.047	0.185	0.364	0.09	0.194	0.073	0.691	0.475	0.342	0.051	0.139	0.041	0.129	0.313	0.0	0.029	0.104	0.427	0.197	0.186	0.305	0.156	0.0	0.775	1.044	0.851	0.656	0.77	0.412	0.452
GABRG2	P18507	True	GBRG2_HUMAN	GABA-A_a5b3g2S_complex	CPI-CC025A561B8	GABRG2	0.56	0.09	0.047	0.185	0.364	0.09	0.194	0.073	0.691	0.475	0.342	0.051	0.139	0.041	0.129	0.313	0.0	0.029	0.104	0.427	0.197	0.186	0.305	0.156	0.0	0.775	1.044	0.851	0.656	0.77	0.412	0.452
GABRG2	P18507	True	GBRG2_HUMAN	GABA-A_a5b3g2S_complex	CPI-CC0D7414489	GABRG2	0.56	0.09	0.047	0.185	0.364	0.09	0.194	0.073	0.691	0.475	0.342	0.051	0.139	0.041	0.129	0.313	0.0	0.029	0.104	0.427	0.197	0.186	0.305	0.156	0.0	0.775	1.044	0.851	0.656	0.77	0.412	0.452
GABRG2	P18507	True	GBRG2_HUMAN	GABA-A_a5b3g2S_complex	CPI-CC0C8FD4B3E	GABRG2	0.56	0.09	0.047	0.185	0.364	0.09	0.194	0.073	0.691	0.475	0.342	0.051	0.139	0.041	0.129	0.313	0.0	0.029	0.104	0.427	0.197	0.186	0.305	0.156	0.0	0.775	1.044	0.851	0.656	0.77	0.412	0.452
GABRG2	P18507	True	GBRG2_HUMAN	GABA-A_a5b3g2S_complex	CPI-CC040C320D0	GABRG2	0.56	0.09	0.047	0.185	0.364	0.09	0.194	0.073	0.691	0.475	0.342	0.051	0.139	0.041	0.129	0.313	0.0	0.029	0.104	0.427	0.197	0.186	0.305	0.156	0.0	0.775	1.044	0.851	0.656	0.77	0.412	0.452
GABRG2	P18507	True	GBRG2_HUMAN	GABA-A_a5b3g2S_complex	CPI-CC0F35FBFA4	GABRG2	0.56	0.09	0.047	0.185	0.364	0.09	0.194	0.073	0.691	0.475	0.342	0.051	0.139	0.041	0.129	0.313	0.0	0.029	0.104	0.427	0.197	0.186	0.305	0.156	0.0	0.775	1.044	0.851	0.656	0.77	0.412	0.452
GABRG2	P18507	True	GBRG2_HUMAN	GABA-A_a5b3g2S_complex	CPI-CC070C2A38F	GABRG2	0.56	0.09	0.047	0.185	0.364	0.09	0.194	0.073	0.691	0.475	0.342	0.051	0.139	0.041	0.129	0.313	0.0	0.029	0.104	0.427	0.197	0.186	0.305	0.156	0.0	0.775	1.044	0.851	0.656	0.77	0.412	0.452
GABRG2	P18507	True	GBRG2_HUMAN	GABA-A_a5b3g2S_complex	CPI-CC068DDC6AA	GABRG2	0.56	0.09	0.047	0.185	0.364	0.09	0.194	0.073	0.691	0.475	0.342	0.051	0.139	0.041	0.129	0.313	0.0	0.029	0.104	0.427	0.197	0.186	0.305	0.156	0.0	0.775	1.044	0.851	0.656	0.77	0.412	0.452
GABRG2	P18507	True	GBRG2_HUMAN	GABA-A_a5b3g2S_complex	CPI-CC0E1CB4EAF	GABRG2	0.56	0.09	0.047	0.185	0.364	0.09	0.194	0.073	0.691	0.475	0.342	0.051	0.139	0.041	0.129	0.313	0.0	0.029	0.104	0.427	0.197	0.186	0.305	0.156	0.0	0.775	1.044	0.851	0.656	0.77	0.412	0.452
GABRA6	Q16445	True	GBRA6_HUMAN	GABA-A_a6b3g2S_complex	CPI-CC0B9F66E8C	GABRA6	0.062	0.013	0.065	0.13	0.066	0.075	0.069	0.024	0.035	0.162	0.047	0.0	0.047	0.0	0.048	0.0	0.0	0.029	0.104	0.081	0.536	0.0	0.772	0.086	0.0	0.155	0.976	0.325	0.034	0.087	0.462	0.098
GABRA6	Q16445	True	GBRA6_HUMAN	GABA-A_a6b3g2S_complex	CPI-CC02B07EA5C	GABRA6	0.062	0.013	0.065	0.13	0.066	0.075	0.069	0.024	0.035	0.162	0.047	0.0	0.047	0.0	0.048	0.0	0.0	0.029	0.104	0.081	0.536	0.0	0.772	0.086	0.0	0.155	0.976	0.325	0.034	0.087	0.462	0.098
GABRA6	Q16445	True	GBRA6_HUMAN	GABA-A_a6b3g2S_complex	CPI-CC0E67ABF53	GABRA6	0.062	0.013	0.065	0.13	0.066	0.075	0.069	0.024	0.035	0.162	0.047	0.0	0.047	0.0	0.048	0.0	0.0	0.029	0.104	0.081	0.536	0.0	0.772	0.086	0.0	0.155	0.976	0.325	0.034	0.087	0.462	0.098
GABRA6	Q16445	True	GBRA6_HUMAN	GABA-A_a6b3g2S_complex	CPI-CC00289F31E	GABRA6	0.062	0.013	0.065	0.13	0.066	0.075	0.069	0.024	0.035	0.162	0.047	0.0	0.047	0.0	0.048	0.0	0.0	0.029	0.104	0.081	0.536	0.0	0.772	0.086	0.0	0.155	0.976	0.325	0.034	0.087	0.462	0.098
GABRA6	Q16445	True	GBRA6_HUMAN	GABA-A_a6b3g2S_complex	CPI-CC040318B79	GABRA6	0.062	0.013	0.065	0.13	0.066	0.075	0.069	0.024	0.035	0.162	0.047	0.0	0.047	0.0	0.048	0.0	0.0	0.029	0.104	0.081	0.536	0.0	0.772	0.086	0.0	0.155	0.976	0.325	0.034	0.087	0.462	0.098
GABRA6	Q16445	True	GBRA6_HUMAN	GABA-A_a6b3g2S_complex	CPI-CC00289947C	GABRA6	0.062	0.013	0.065	0.13	0.066	0.075	0.069	0.024	0.035	0.162	0.047	0.0	0.047	0.0	0.048	0.0	0.0	0.029	0.104	0.081	0.536	0.0	0.772	0.086	0.0	0.155	0.976	0.325	0.034	0.087	0.462	0.098
GABRA6	Q16445	True	GBRA6_HUMAN	GABA-A_a6b3g2S_complex	CPI-CC036118540	GABRA6	0.062	0.013	0.065	0.13	0.066	0.075	0.069	0.024	0.035	0.162	0.047	0.0	0.047	0.0	0.048	0.0	0.0	0.029	0.104	0.081	0.536	0.0	0.772	0.086	0.0	0.155	0.976	0.325	0.034	0.087	0.462	0.098
GABRA6	Q16445	True	GBRA6_HUMAN	GABA-A_a6b3g2S_complex	CPI-CC0B15D50A3	GABRA6	0.062	0.013	0.065	0.13	0.066	0.075	0.069	0.024	0.035	0.162	0.047	0.0	0.047	0.0	0.048	0.0	0.0	0.029	0.104	0.081	0.536	0.0	0.772	0.086	0.0	0.155	0.976	0.325	0.034	0.087	0.462	0.098
GABRA6	Q16445	True	GBRA6_HUMAN	GABA-A_a6b3g2S_complex	CPI-CC0BCA2ED1E	GABRA6	0.062	0.013	0.065	0.13	0.066	0.075	0.069	0.024	0.035	0.162	0.047	0.0	0.047	0.0	0.048	0.0	0.0	0.029	0.104	0.081	0.536	0.0	0.772	0.086	0.0	0.155	0.976	0.325	0.034	0.087	0.462	0.098
GABRA6	Q16445	True	GBRA6_HUMAN	GABA-A_a6b3g2S_complex	CPI-CC0D2769925	GABRA6	0.062	0.013	0.065	0.13	0.066	0.075	0.069	0.024	0.035	0.162	0.047	0.0	0.047	0.0	0.048	0.0	0.0	0.029	0.104	0.081	0.536	0.0	0.772	0.086	0.0	0.155	0.976	0.325	0.034	0.087	0.462	0.098
GABRA6	Q16445	True	GBRA6_HUMAN	GABA-A_a6b3g2S_complex	CPI-CC00F8AC4E4	GABRA6	0.062	0.013	0.065	0.13	0.066	0.075	0.069	0.024	0.035	0.162	0.047	0.0	0.047	0.0	0.048	0.0	0.0	0.029	0.104	0.081	0.536	0.0	0.772	0.086	0.0	0.155	0.976	0.325	0.034	0.087	0.462	0.098
GABRA6	Q16445	True	GBRA6_HUMAN	GABA-A_a6b3g2S_complex	CPI-CC01D5E0271	GABRA6	0.062	0.013	0.065	0.13	0.066	0.075	0.069	0.024	0.035	0.162	0.047	0.0	0.047	0.0	0.048	0.0	0.0	0.029	0.104	0.081	0.536	0.0	0.772	0.086	0.0	0.155	0.976	0.325	0.034	0.087	0.462	0.098
GABRB3	P28472	True	GBRB3_HUMAN	GABA-A_a6b3g2S_complex	CPI-CC0B9F66E8C	GABRB3	0.062	0.013	0.065	0.13	0.066	0.075	0.069	0.024	0.035	0.162	0.047	0.0	0.047	0.0	0.048	0.0	0.0	0.029	0.104	0.081	0.536	0.0	0.772	0.086	0.0	0.155	0.976	0.325	0.034	0.087	0.462	0.098
GABRB3	P28472	True	GBRB3_HUMAN	GABA-A_a6b3g2S_complex	CPI-CC02B07EA5C	GABRB3	0.062	0.013	0.065	0.13	0.066	0.075	0.069	0.024	0.035	0.162	0.047	0.0	0.047	0.0	0.048	0.0	0.0	0.029	0.104	0.081	0.536	0.0	0.772	0.086	0.0	0.155	0.976	0.325	0.034	0.087	0.462	0.098
GABRB3	P28472	True	GBRB3_HUMAN	GABA-A_a6b3g2S_complex	CPI-CC0E67ABF53	GABRB3	0.062	0.013	0.065	0.13	0.066	0.075	0.069	0.024	0.035	0.162	0.047	0.0	0.047	0.0	0.048	0.0	0.0	0.029	0.104	0.081	0.536	0.0	0.772	0.086	0.0	0.155	0.976	0.325	0.034	0.087	0.462	0.098
GABRB3	P28472	True	GBRB3_HUMAN	GABA-A_a6b3g2S_complex	CPI-CC00289F31E	GABRB3	0.062	0.013	0.065	0.13	0.066	0.075	0.069	0.024	0.035	0.162	0.047	0.0	0.047	0.0	0.048	0.0	0.0	0.029	0.104	0.081	0.536	0.0	0.772	0.086	0.0	0.155	0.976	0.325	0.034	0.087	0.462	0.098
GABRB3	P28472	True	GBRB3_HUMAN	GABA-A_a6b3g2S_complex	CPI-CC040318B79	GABRB3	0.062	0.013	0.065	0.13	0.066	0.075	0.069	0.024	0.035	0.162	0.047	0.0	0.047	0.0	0.048	0.0	0.0	0.029	0.104	0.081	0.536	0.0	0.772	0.086	0.0	0.155	0.976	0.325	0.034	0.087	0.462	0.098
GABRB3	P28472	True	GBRB3_HUMAN	GABA-A_a6b3g2S_complex	CPI-CC00289947C	GABRB3	0.062	0.013	0.065	0.13	0.066	0.075	0.069	0.024	0.035	0.162	0.047	0.0	0.047	0.0	0.048	0.0	0.0	0.029	0.104	0.081	0.536	0.0	0.772	0.086	0.0	0.155	0.976	0.325	0.034	0.087	0.462	0.098
GABRB3	P28472	True	GBRB3_HUMAN	GABA-A_a6b3g2S_complex	CPI-CC036118540	GABRB3	0.062	0.013	0.065	0.13	0.066	0.075	0.069	0.024	0.035	0.162	0.047	0.0	0.047	0.0	0.048	0.0	0.0	0.029	0.104	0.081	0.536	0.0	0.772	0.086	0.0	0.155	0.976	0.325	0.034	0.087	0.462	0.098
GABRB3	P28472	True	GBRB3_HUMAN	GABA-A_a6b3g2S_complex	CPI-CC0B15D50A3	GABRB3	0.062	0.013	0.065	0.13	0.066	0.075	0.069	0.024	0.035	0.162	0.047	0.0	0.047	0.0	0.048	0.0	0.0	0.029	0.104	0.081	0.536	0.0	0.772	0.086	0.0	0.155	0.976	0.325	0.034	0.087	0.462	0.098
GABRB3	P28472	True	GBRB3_HUMAN	GABA-A_a6b3g2S_complex	CPI-CC0BCA2ED1E	GABRB3	0.062	0.013	0.065	0.13	0.066	0.075	0.069	0.024	0.035	0.162	0.047	0.0	0.047	0.0	0.048	0.0	0.0	0.029	0.104	0.081	0.536	0.0	0.772	0.086	0.0	0.155	0.976	0.325	0.034	0.087	0.462	0.098
GABRB3	P28472	True	GBRB3_HUMAN	GABA-A_a6b3g2S_complex	CPI-CC0D2769925	GABRB3	0.062	0.013	0.065	0.13	0.066	0.075	0.069	0.024	0.035	0.162	0.047	0.0	0.047	0.0	0.048	0.0	0.0	0.029	0.104	0.081	0.536	0.0	0.772	0.086	0.0	0.155	0.976	0.325	0.034	0.087	0.462	0.098
GABRB3	P28472	True	GBRB3_HUMAN	GABA-A_a6b3g2S_complex	CPI-CC00F8AC4E4	GABRB3	0.062	0.013	0.065	0.13	0.066	0.075	0.069	0.024	0.035	0.162	0.047	0.0	0.047	0.0	0.048	0.0	0.0	0.029	0.104	0.081	0.536	0.0	0.772	0.086	0.0	0.155	0.976	0.325	0.034	0.087	0.462	0.098
GABRB3	P28472	True	GBRB3_HUMAN	GABA-A_a6b3g2S_complex	CPI-CC01D5E0271	GABRB3	0.062	0.013	0.065	0.13	0.066	0.075	0.069	0.024	0.035	0.162	0.047	0.0	0.047	0.0	0.048	0.0	0.0	0.029	0.104	0.081	0.536	0.0	0.772	0.086	0.0	0.155	0.976	0.325	0.034	0.087	0.462	0.098
GABRG2	P18507	True	GBRG2_HUMAN	GABA-A_a6b3g2S_complex	CPI-CC0B9F66E8C	GABRG2	0.062	0.013	0.065	0.13	0.066	0.075	0.069	0.024	0.035	0.162	0.047	0.0	0.047	0.0	0.048	0.0	0.0	0.029	0.104	0.081	0.536	0.0	0.772	0.086	0.0	0.155	0.976	0.325	0.034	0.087	0.462	0.098
GABRG2	P18507	True	GBRG2_HUMAN	GABA-A_a6b3g2S_complex	CPI-CC02B07EA5C	GABRG2	0.062	0.013	0.065	0.13	0.066	0.075	0.069	0.024	0.035	0.162	0.047	0.0	0.047	0.0	0.048	0.0	0.0	0.029	0.104	0.081	0.536	0.0	0.772	0.086	0.0	0.155	0.976	0.325	0.034	0.087	0.462	0.098
GABRG2	P18507	True	GBRG2_HUMAN	GABA-A_a6b3g2S_complex	CPI-CC0E67ABF53	GABRG2	0.062	0.013	0.065	0.13	0.066	0.075	0.069	0.024	0.035	0.162	0.047	0.0	0.047	0.0	0.048	0.0	0.0	0.029	0.104	0.081	0.536	0.0	0.772	0.086	0.0	0.155	0.976	0.325	0.034	0.087	0.462	0.098
GABRG2	P18507	True	GBRG2_HUMAN	GABA-A_a6b3g2S_complex	CPI-CC00289F31E	GABRG2	0.062	0.013	0.065	0.13	0.066	0.075	0.069	0.024	0.035	0.162	0.047	0.0	0.047	0.0	0.048	0.0	0.0	0.029	0.104	0.081	0.536	0.0	0.772	0.086	0.0	0.155	0.976	0.325	0.034	0.087	0.462	0.098
GABRG2	P18507	True	GBRG2_HUMAN	GABA-A_a6b3g2S_complex	CPI-CC040318B79	GABRG2	0.062	0.013	0.065	0.13	0.066	0.075	0.069	0.024	0.035	0.162	0.047	0.0	0.047	0.0	0.048	0.0	0.0	0.029	0.104	0.081	0.536	0.0	0.772	0.086	0.0	0.155	0.976	0.325	0.034	0.087	0.462	0.098
GABRG2	P18507	True	GBRG2_HUMAN	GABA-A_a6b3g2S_complex	CPI-CC00289947C	GABRG2	0.062	0.013	0.065	0.13	0.066	0.075	0.069	0.024	0.035	0.162	0.047	0.0	0.047	0.0	0.048	0.0	0.0	0.029	0.104	0.081	0.536	0.0	0.772	0.086	0.0	0.155	0.976	0.325	0.034	0.087	0.462	0.098
GABRG2	P18507	True	GBRG2_HUMAN	GABA-A_a6b3g2S_complex	CPI-CC036118540	GABRG2	0.062	0.013	0.065	0.13	0.066	0.075	0.069	0.024	0.035	0.162	0.047	0.0	0.047	0.0	0.048	0.0	0.0	0.029	0.104	0.081	0.536	0.0	0.772	0.086	0.0	0.155	0.976	0.325	0.034	0.087	0.462	0.098
GABRG2	P18507	True	GBRG2_HUMAN	GABA-A_a6b3g2S_complex	CPI-CC0B15D50A3	GABRG2	0.062	0.013	0.065	0.13	0.066	0.075	0.069	0.024	0.035	0.162	0.047	0.0	0.047	0.0	0.048	0.0	0.0	0.029	0.104	0.081	0.536	0.0	0.772	0.086	0.0	0.155	0.976	0.325	0.034	0.087	0.462	0.098
GABRG2	P18507	True	GBRG2_HUMAN	GABA-A_a6b3g2S_complex	CPI-CC0BCA2ED1E	GABRG2	0.062	0.013	0.065	0.13	0.066	0.075	0.069	0.024	0.035	0.162	0.047	0.0	0.047	0.0	0.048	0.0	0.0	0.029	0.104	0.081	0.536	0.0	0.772	0.086	0.0	0.155	0.976	0.325	0.034	0.087	0.462	0.098
GABRG2	P18507	True	GBRG2_HUMAN	GABA-A_a6b3g2S_complex	CPI-CC0D2769925	GABRG2	0.062	0.013	0.065	0.13	0.066	0.075	0.069	0.024	0.035	0.162	0.047	0.0	0.047	0.0	0.048	0.0	0.0	0.029	0.104	0.081	0.536	0.0	0.772	0.086	0.0	0.155	0.976	0.325	0.034	0.087	0.462	0.098
GABRG2	P18507	True	GBRG2_HUMAN	GABA-A_a6b3g2S_complex	CPI-CC00F8AC4E4	GABRG2	0.062	0.013	0.065	0.13	0.066	0.075	0.069	0.024	0.035	0.162	0.047	0.0	0.047	0.0	0.048	0.0	0.0	0.029	0.104	0.081	0.536	0.0	0.772	0.086	0.0	0.155	0.976	0.325	0.034	0.087	0.462	0.098
GABRG2	P18507	True	GBRG2_HUMAN	GABA-A_a6b3g2S_complex	CPI-CC01D5E0271	GABRG2	0.062	0.013	0.065	0.13	0.066	0.075	0.069	0.024	0.035	0.162	0.047	0.0	0.047	0.0	0.048	0.0	0.0	0.029	0.104	0.081	0.536	0.0	0.772	0.086	0.0	0.155	0.976	0.325	0.034	0.087	0.462	0.098
GABRA6	Q16445	True	GBRA6_HUMAN	GABA-A_a6b3d_complex	CPI-CC0B41182ED	GABRA6	0.062	0.013	0.065	0.051	0.066	0.075	0.069	0.024	0.035	0.162	0.0	0.0	0.047	0.0	0.048	0.0	0.0	0.023	0.129	0.064	0.536	0.0	0.743	0.086	0.0	0.155	0.976	0.325	0.034	0.087	0.462	0.098
GABRA6	Q16445	True	GBRA6_HUMAN	GABA-A_a6b3d_complex	CPI-CC06A23B181	GABRA6	0.062	0.013	0.065	0.051	0.066	0.075	0.069	0.024	0.035	0.162	0.0	0.0	0.047	0.0	0.048	0.0	0.0	0.023	0.129	0.064	0.536	0.0	0.743	0.086	0.0	0.155	0.976	0.325	0.034	0.087	0.462	0.098
GABRA6	Q16445	True	GBRA6_HUMAN	GABA-A_a6b3d_complex	CPI-CC0C7DAF2F3	GABRA6	0.062	0.013	0.065	0.051	0.066	0.075	0.069	0.024	0.035	0.162	0.0	0.0	0.047	0.0	0.048	0.0	0.0	0.023	0.129	0.064	0.536	0.0	0.743	0.086	0.0	0.155	0.976	0.325	0.034	0.087	0.462	0.098
GABRA6	Q16445	True	GBRA6_HUMAN	GABA-A_a6b3d_complex	CPI-CC028B16791	GABRA6	0.062	0.013	0.065	0.051	0.066	0.075	0.069	0.024	0.035	0.162	0.0	0.0	0.047	0.0	0.048	0.0	0.0	0.023	0.129	0.064	0.536	0.0	0.743	0.086	0.0	0.155	0.976	0.325	0.034	0.087	0.462	0.098
GABRA6	Q16445	True	GBRA6_HUMAN	GABA-A_a6b3d_complex	CPI-CC0F677619F	GABRA6	0.062	0.013	0.065	0.051	0.066	0.075	0.069	0.024	0.035	0.162	0.0	0.0	0.047	0.0	0.048	0.0	0.0	0.023	0.129	0.064	0.536	0.0	0.743	0.086	0.0	0.155	0.976	0.325	0.034	0.087	0.462	0.098
GABRA6	Q16445	True	GBRA6_HUMAN	GABA-A_a6b3d_complex	CPI-CC0F9339AD3	GABRA6	0.062	0.013	0.065	0.051	0.066	0.075	0.069	0.024	0.035	0.162	0.0	0.0	0.047	0.0	0.048	0.0	0.0	0.023	0.129	0.064	0.536	0.0	0.743	0.086	0.0	0.155	0.976	0.325	0.034	0.087	0.462	0.098
GABRA6	Q16445	True	GBRA6_HUMAN	GABA-A_a6b3d_complex	CPI-CC048B47F29	GABRA6	0.062	0.013	0.065	0.051	0.066	0.075	0.069	0.024	0.035	0.162	0.0	0.0	0.047	0.0	0.048	0.0	0.0	0.023	0.129	0.064	0.536	0.0	0.743	0.086	0.0	0.155	0.976	0.325	0.034	0.087	0.462	0.098
GABRA6	Q16445	True	GBRA6_HUMAN	GABA-A_a6b3d_complex	CPI-CC0DFF111CC	GABRA6	0.062	0.013	0.065	0.051	0.066	0.075	0.069	0.024	0.035	0.162	0.0	0.0	0.047	0.0	0.048	0.0	0.0	0.023	0.129	0.064	0.536	0.0	0.743	0.086	0.0	0.155	0.976	0.325	0.034	0.087	0.462	0.098
GABRA6	Q16445	True	GBRA6_HUMAN	GABA-A_a6b3d_complex	CPI-CC0369BDF1F	GABRA6	0.062	0.013	0.065	0.051	0.066	0.075	0.069	0.024	0.035	0.162	0.0	0.0	0.047	0.0	0.048	0.0	0.0	0.023	0.129	0.064	0.536	0.0	0.743	0.086	0.0	0.155	0.976	0.325	0.034	0.087	0.462	0.098
GABRA6	Q16445	True	GBRA6_HUMAN	GABA-A_a6b3d_complex	CPI-CC0282C8E5C	GABRA6	0.062	0.013	0.065	0.051	0.066	0.075	0.069	0.024	0.035	0.162	0.0	0.0	0.047	0.0	0.048	0.0	0.0	0.023	0.129	0.064	0.536	0.0	0.743	0.086	0.0	0.155	0.976	0.325	0.034	0.087	0.462	0.098
GABRA6	Q16445	True	GBRA6_HUMAN	GABA-A_a6b3d_complex	CPI-CC0F1932BC4	GABRA6	0.062	0.013	0.065	0.051	0.066	0.075	0.069	0.024	0.035	0.162	0.0	0.0	0.047	0.0	0.048	0.0	0.0	0.023	0.129	0.064	0.536	0.0	0.743	0.086	0.0	0.155	0.976	0.325	0.034	0.087	0.462	0.098
GABRA6	Q16445	True	GBRA6_HUMAN	GABA-A_a6b3d_complex	CPI-CC04B14CB70	GABRA6	0.062	0.013	0.065	0.051	0.066	0.075	0.069	0.024	0.035	0.162	0.0	0.0	0.047	0.0	0.048	0.0	0.0	0.023	0.129	0.064	0.536	0.0	0.743	0.086	0.0	0.155	0.976	0.325	0.034	0.087	0.462	0.098
GABRB3	P28472	True	GBRB3_HUMAN	GABA-A_a6b3d_complex	CPI-CC0B41182ED	GABRB3	0.062	0.013	0.065	0.051	0.066	0.075	0.069	0.024	0.035	0.162	0.0	0.0	0.047	0.0	0.048	0.0	0.0	0.023	0.129	0.064	0.536	0.0	0.743	0.086	0.0	0.155	0.976	0.325	0.034	0.087	0.462	0.098
GABRB3	P28472	True	GBRB3_HUMAN	GABA-A_a6b3d_complex	CPI-CC06A23B181	GABRB3	0.062	0.013	0.065	0.051	0.066	0.075	0.069	0.024	0.035	0.162	0.0	0.0	0.047	0.0	0.048	0.0	0.0	0.023	0.129	0.064	0.536	0.0	0.743	0.086	0.0	0.155	0.976	0.325	0.034	0.087	0.462	0.098
GABRB3	P28472	True	GBRB3_HUMAN	GABA-A_a6b3d_complex	CPI-CC0C7DAF2F3	GABRB3	0.062	0.013	0.065	0.051	0.066	0.075	0.069	0.024	0.035	0.162	0.0	0.0	0.047	0.0	0.048	0.0	0.0	0.023	0.129	0.064	0.536	0.0	0.743	0.086	0.0	0.155	0.976	0.325	0.034	0.087	0.462	0.098
GABRB3	P28472	True	GBRB3_HUMAN	GABA-A_a6b3d_complex	CPI-CC028B16791	GABRB3	0.062	0.013	0.065	0.051	0.066	0.075	0.069	0.024	0.035	0.162	0.0	0.0	0.047	0.0	0.048	0.0	0.0	0.023	0.129	0.064	0.536	0.0	0.743	0.086	0.0	0.155	0.976	0.325	0.034	0.087	0.462	0.098
GABRB3	P28472	True	GBRB3_HUMAN	GABA-A_a6b3d_complex	CPI-CC0F677619F	GABRB3	0.062	0.013	0.065	0.051	0.066	0.075	0.069	0.024	0.035	0.162	0.0	0.0	0.047	0.0	0.048	0.0	0.0	0.023	0.129	0.064	0.536	0.0	0.743	0.086	0.0	0.155	0.976	0.325	0.034	0.087	0.462	0.098
GABRB3	P28472	True	GBRB3_HUMAN	GABA-A_a6b3d_complex	CPI-CC0F9339AD3	GABRB3	0.062	0.013	0.065	0.051	0.066	0.075	0.069	0.024	0.035	0.162	0.0	0.0	0.047	0.0	0.048	0.0	0.0	0.023	0.129	0.064	0.536	0.0	0.743	0.086	0.0	0.155	0.976	0.325	0.034	0.087	0.462	0.098
GABRB3	P28472	True	GBRB3_HUMAN	GABA-A_a6b3d_complex	CPI-CC048B47F29	GABRB3	0.062	0.013	0.065	0.051	0.066	0.075	0.069	0.024	0.035	0.162	0.0	0.0	0.047	0.0	0.048	0.0	0.0	0.023	0.129	0.064	0.536	0.0	0.743	0.086	0.0	0.155	0.976	0.325	0.034	0.087	0.462	0.098
GABRB3	P28472	True	GBRB3_HUMAN	GABA-A_a6b3d_complex	CPI-CC0DFF111CC	GABRB3	0.062	0.013	0.065	0.051	0.066	0.075	0.069	0.024	0.035	0.162	0.0	0.0	0.047	0.0	0.048	0.0	0.0	0.023	0.129	0.064	0.536	0.0	0.743	0.086	0.0	0.155	0.976	0.325	0.034	0.087	0.462	0.098
GABRB3	P28472	True	GBRB3_HUMAN	GABA-A_a6b3d_complex	CPI-CC0369BDF1F	GABRB3	0.062	0.013	0.065	0.051	0.066	0.075	0.069	0.024	0.035	0.162	0.0	0.0	0.047	0.0	0.048	0.0	0.0	0.023	0.129	0.064	0.536	0.0	0.743	0.086	0.0	0.155	0.976	0.325	0.034	0.087	0.462	0.098
GABRB3	P28472	True	GBRB3_HUMAN	GABA-A_a6b3d_complex	CPI-CC0282C8E5C	GABRB3	0.062	0.013	0.065	0.051	0.066	0.075	0.069	0.024	0.035	0.162	0.0	0.0	0.047	0.0	0.048	0.0	0.0	0.023	0.129	0.064	0.536	0.0	0.743	0.086	0.0	0.155	0.976	0.325	0.034	0.087	0.462	0.098
GABRB3	P28472	True	GBRB3_HUMAN	GABA-A_a6b3d_complex	CPI-CC0F1932BC4	GABRB3	0.062	0.013	0.065	0.051	0.066	0.075	0.069	0.024	0.035	0.162	0.0	0.0	0.047	0.0	0.048	0.0	0.0	0.023	0.129	0.064	0.536	0.0	0.743	0.086	0.0	0.155	0.976	0.325	0.034	0.087	0.462	0.098
GABRB3	P28472	True	GBRB3_HUMAN	GABA-A_a6b3d_complex	CPI-CC04B14CB70	GABRB3	0.062	0.013	0.065	0.051	0.066	0.075	0.069	0.024	0.035	0.162	0.0	0.0	0.047	0.0	0.048	0.0	0.0	0.023	0.129	0.064	0.536	0.0	0.743	0.086	0.0	0.155	0.976	0.325	0.034	0.087	0.462	0.098
GABRD	O14764	True	GBRD_HUMAN	GABA-A_a6b3d_complex	CPI-CC0B41182ED	GABRD	0.062	0.013	0.065	0.051	0.066	0.075	0.069	0.024	0.035	0.162	0.0	0.0	0.047	0.0	0.048	0.0	0.0	0.023	0.129	0.064	0.536	0.0	0.743	0.086	0.0	0.155	0.976	0.325	0.034	0.087	0.462	0.098
GABRD	O14764	True	GBRD_HUMAN	GABA-A_a6b3d_complex	CPI-CC06A23B181	GABRD	0.062	0.013	0.065	0.051	0.066	0.075	0.069	0.024	0.035	0.162	0.0	0.0	0.047	0.0	0.048	0.0	0.0	0.023	0.129	0.064	0.536	0.0	0.743	0.086	0.0	0.155	0.976	0.325	0.034	0.087	0.462	0.098
GABRD	O14764	True	GBRD_HUMAN	GABA-A_a6b3d_complex	CPI-CC0C7DAF2F3	GABRD	0.062	0.013	0.065	0.051	0.066	0.075	0.069	0.024	0.035	0.162	0.0	0.0	0.047	0.0	0.048	0.0	0.0	0.023	0.129	0.064	0.536	0.0	0.743	0.086	0.0	0.155	0.976	0.325	0.034	0.087	0.462	0.098
GABRD	O14764	True	GBRD_HUMAN	GABA-A_a6b3d_complex	CPI-CC028B16791	GABRD	0.062	0.013	0.065	0.051	0.066	0.075	0.069	0.024	0.035	0.162	0.0	0.0	0.047	0.0	0.048	0.0	0.0	0.023	0.129	0.064	0.536	0.0	0.743	0.086	0.0	0.155	0.976	0.325	0.034	0.087	0.462	0.098
GABRD	O14764	True	GBRD_HUMAN	GABA-A_a6b3d_complex	CPI-CC0F677619F	GABRD	0.062	0.013	0.065	0.051	0.066	0.075	0.069	0.024	0.035	0.162	0.0	0.0	0.047	0.0	0.048	0.0	0.0	0.023	0.129	0.064	0.536	0.0	0.743	0.086	0.0	0.155	0.976	0.325	0.034	0.087	0.462	0.098
GABRD	O14764	True	GBRD_HUMAN	GABA-A_a6b3d_complex	CPI-CC0F9339AD3	GABRD	0.062	0.013	0.065	0.051	0.066	0.075	0.069	0.024	0.035	0.162	0.0	0.0	0.047	0.0	0.048	0.0	0.0	0.023	0.129	0.064	0.536	0.0	0.743	0.086	0.0	0.155	0.976	0.325	0.034	0.087	0.462	0.098
GABRD	O14764	True	GBRD_HUMAN	GABA-A_a6b3d_complex	CPI-CC048B47F29	GABRD	0.062	0.013	0.065	0.051	0.066	0.075	0.069	0.024	0.035	0.162	0.0	0.0	0.047	0.0	0.048	0.0	0.0	0.023	0.129	0.064	0.536	0.0	0.743	0.086	0.0	0.155	0.976	0.325	0.034	0.087	0.462	0.098
GABRD	O14764	True	GBRD_HUMAN	GABA-A_a6b3d_complex	CPI-CC0DFF111CC	GABRD	0.062	0.013	0.065	0.051	0.066	0.075	0.069	0.024	0.035	0.162	0.0	0.0	0.047	0.0	0.048	0.0	0.0	0.023	0.129	0.064	0.536	0.0	0.743	0.086	0.0	0.155	0.976	0.325	0.034	0.087	0.462	0.098
GABRD	O14764	True	GBRD_HUMAN	GABA-A_a6b3d_complex	CPI-CC0369BDF1F	GABRD	0.062	0.013	0.065	0.051	0.066	0.075	0.069	0.024	0.035	0.162	0.0	0.0	0.047	0.0	0.048	0.0	0.0	0.023	0.129	0.064	0.536	0.0	0.743	0.086	0.0	0.155	0.976	0.325	0.034	0.087	0.462	0.098
GABRD	O14764	True	GBRD_HUMAN	GABA-A_a6b3d_complex	CPI-CC0282C8E5C	GABRD	0.062	0.013	0.065	0.051	0.066	0.075	0.069	0.024	0.035	0.162	0.0	0.0	0.047	0.0	0.048	0.0	0.0	0.023	0.129	0.064	0.536	0.0	0.743	0.086	0.0	0.155	0.976	0.325	0.034	0.087	0.462	0.098
GABRD	O14764	True	GBRD_HUMAN	GABA-A_a6b3d_complex	CPI-CC0F1932BC4	GABRD	0.062	0.013	0.065	0.051	0.066	0.075	0.069	0.024	0.035	0.162	0.0	0.0	0.047	0.0	0.048	0.0	0.0	0.023	0.129	0.064	0.536	0.0	0.743	0.086	0.0	0.155	0.976	0.325	0.034	0.087	0.462	0.098
GABRD	O14764	True	GBRD_HUMAN	GABA-A_a6b3d_complex	CPI-CC04B14CB70	GABRD	0.062	0.013	0.065	0.051	0.066	0.075	0.069	0.024	0.035	0.162	0.0	0.0	0.047	0.0	0.048	0.0	0.0	0.023	0.129	0.064	0.536	0.0	0.743	0.086	0.0	0.155	0.976	0.325	0.034	0.087	0.462	0.098
GRIK1	P39086	True	GRIK1_HUMAN	Glutamate_Kainate_1_4_complex	CPI-CC020E8A4A3	GRIK1	0.205	0.125	0.07	0.0	0.962	0.0	0.019	0.024	0.033	0.096	0.127	0.0	0.438	0.047	0.325	0.0	0.0	0.023	0.0	0.052	0.014	0.036	0.059	0.05	0.0	0.168	0.832	0.225	0.223	0.062	0.277	0.06
GRIK1	P39086	True	GRIK1_HUMAN	Glutamate_Kainate_1_4_complex	CPI-CC00A1F0EC7	GRIK1	0.205	0.125	0.07	0.0	0.962	0.0	0.019	0.024	0.033	0.096	0.127	0.0	0.438	0.047	0.325	0.0	0.0	0.023	0.0	0.052	0.014	0.036	0.059	0.05	0.0	0.168	0.832	0.225	0.223	0.062	0.277	0.06
GRIK1	P39086	True	GRIK1_HUMAN	Glutamate_Kainate_1_4_complex	CPI-CC08C4BCAED	GRIK1	0.205	0.125	0.07	0.0	0.962	0.0	0.019	0.024	0.033	0.096	0.127	0.0	0.438	0.047	0.325	0.0	0.0	0.023	0.0	0.052	0.014	0.036	0.059	0.05	0.0	0.168	0.832	0.225	0.223	0.062	0.277	0.06
GRIK1	P39086	True	GRIK1_HUMAN	Glutamate_Kainate_1_4_complex	CPI-CC0918CCE56	GRIK1	0.205	0.125	0.07	0.0	0.962	0.0	0.019	0.024	0.033	0.096	0.127	0.0	0.438	0.047	0.325	0.0	0.0	0.023	0.0	0.052	0.014	0.036	0.059	0.05	0.0	0.168	0.832	0.225	0.223	0.062	0.277	0.06
GRIK1	P39086	True	GRIK1_HUMAN	Glutamate_Kainate_1_4_complex	CPI-CC007D5C2B3	GRIK1	0.205	0.125	0.07	0.0	0.962	0.0	0.019	0.024	0.033	0.096	0.127	0.0	0.438	0.047	0.325	0.0	0.0	0.023	0.0	0.052	0.014	0.036	0.059	0.05	0.0	0.168	0.832	0.225	0.223	0.062	0.277	0.06
GRIK1	P39086	True	GRIK1_HUMAN	Glutamate_Kainate_1_4_complex	CPI-CC0A742EB85	GRIK1	0.205	0.125	0.07	0.0	0.962	0.0	0.019	0.024	0.033	0.096	0.127	0.0	0.438	0.047	0.325	0.0	0.0	0.023	0.0	0.052	0.014	0.036	0.059	0.05	0.0	0.168	0.832	0.225	0.223	0.062	0.277	0.06
GRIK1	P39086	True	GRIK1_HUMAN	Glutamate_Kainate_1_4_complex	CPI-CC0355B4C89	GRIK1	0.205	0.125	0.07	0.0	0.962	0.0	0.019	0.024	0.033	0.096	0.127	0.0	0.438	0.047	0.325	0.0	0.0	0.023	0.0	0.052	0.014	0.036	0.059	0.05	0.0	0.168	0.832	0.225	0.223	0.062	0.277	0.06
GRIK1	P39086	True	GRIK1_HUMAN	Glutamate_Kainate_1_4_complex	CPI-CC047030A36	GRIK1	0.205	0.125	0.07	0.0	0.962	0.0	0.019	0.024	0.033	0.096	0.127	0.0	0.438	0.047	0.325	0.0	0.0	0.023	0.0	0.052	0.014	0.036	0.059	0.05	0.0	0.168	0.832	0.225	0.223	0.062	0.277	0.06
GRIK1	P39086	True	GRIK1_HUMAN	Glutamate_Kainate_1_4_complex	CPI-CC007CF847B	GRIK1	0.205	0.125	0.07	0.0	0.962	0.0	0.019	0.024	0.033	0.096	0.127	0.0	0.438	0.047	0.325	0.0	0.0	0.023	0.0	0.052	0.014	0.036	0.059	0.05	0.0	0.168	0.832	0.225	0.223	0.062	0.277	0.06
GRIK1	P39086	True	GRIK1_HUMAN	Glutamate_Kainate_1_4_complex	CPI-CC07909859C	GRIK1	0.205	0.125	0.07	0.0	0.962	0.0	0.019	0.024	0.033	0.096	0.127	0.0	0.438	0.047	0.325	0.0	0.0	0.023	0.0	0.052	0.014	0.036	0.059	0.05	0.0	0.168	0.832	0.225	0.223	0.062	0.277	0.06
GRIK1	P39086	True	GRIK1_HUMAN	Glutamate_Kainate_1_4_complex	CPI-CC01450B2FA	GRIK1	0.205	0.125	0.07	0.0	0.962	0.0	0.019	0.024	0.033	0.096	0.127	0.0	0.438	0.047	0.325	0.0	0.0	0.023	0.0	0.052	0.014	0.036	0.059	0.05	0.0	0.168	0.832	0.225	0.223	0.062	0.277	0.06
GRIK1	P39086	True	GRIK1_HUMAN	Glutamate_Kainate_1_4_complex	CPI-CC0B16C9C23	GRIK1	0.205	0.125	0.07	0.0	0.962	0.0	0.019	0.024	0.033	0.096	0.127	0.0	0.438	0.047	0.325	0.0	0.0	0.023	0.0	0.052	0.014	0.036	0.059	0.05	0.0	0.168	0.832	0.225	0.223	0.062	0.277	0.06
GRIK4	Q16099	True	GRIK4_HUMAN	Glutamate_Kainate_1_4_complex	CPI-CC020E8A4A3	GRIK4	0.205	0.125	0.07	0.0	0.962	0.0	0.019	0.024	0.033	0.096	0.127	0.0	0.438	0.047	0.325	0.0	0.0	0.023	0.0	0.052	0.014	0.036	0.059	0.05	0.0	0.168	0.832	0.225	0.223	0.062	0.277	0.06
GRIK4	Q16099	True	GRIK4_HUMAN	Glutamate_Kainate_1_4_complex	CPI-CC00A1F0EC7	GRIK4	0.205	0.125	0.07	0.0	0.962	0.0	0.019	0.024	0.033	0.096	0.127	0.0	0.438	0.047	0.325	0.0	0.0	0.023	0.0	0.052	0.014	0.036	0.059	0.05	0.0	0.168	0.832	0.225	0.223	0.062	0.277	0.06
GRIK4	Q16099	True	GRIK4_HUMAN	Glutamate_Kainate_1_4_complex	CPI-CC08C4BCAED	GRIK4	0.205	0.125	0.07	0.0	0.962	0.0	0.019	0.024	0.033	0.096	0.127	0.0	0.438	0.047	0.325	0.0	0.0	0.023	0.0	0.052	0.014	0.036	0.059	0.05	0.0	0.168	0.832	0.225	0.223	0.062	0.277	0.06
GRIK4	Q16099	True	GRIK4_HUMAN	Glutamate_Kainate_1_4_complex	CPI-CC0918CCE56	GRIK4	0.205	0.125	0.07	0.0	0.962	0.0	0.019	0.024	0.033	0.096	0.127	0.0	0.438	0.047	0.325	0.0	0.0	0.023	0.0	0.052	0.014	0.036	0.059	0.05	0.0	0.168	0.832	0.225	0.223	0.062	0.277	0.06
GRIK4	Q16099	True	GRIK4_HUMAN	Glutamate_Kainate_1_4_complex	CPI-CC007D5C2B3	GRIK4	0.205	0.125	0.07	0.0	0.962	0.0	0.019	0.024	0.033	0.096	0.127	0.0	0.438	0.047	0.325	0.0	0.0	0.023	0.0	0.052	0.014	0.036	0.059	0.05	0.0	0.168	0.832	0.225	0.223	0.062	0.277	0.06
GRIK4	Q16099	True	GRIK4_HUMAN	Glutamate_Kainate_1_4_complex	CPI-CC0A742EB85	GRIK4	0.205	0.125	0.07	0.0	0.962	0.0	0.019	0.024	0.033	0.096	0.127	0.0	0.438	0.047	0.325	0.0	0.0	0.023	0.0	0.052	0.014	0.036	0.059	0.05	0.0	0.168	0.832	0.225	0.223	0.062	0.277	0.06
GRIK4	Q16099	True	GRIK4_HUMAN	Glutamate_Kainate_1_4_complex	CPI-CC0355B4C89	GRIK4	0.205	0.125	0.07	0.0	0.962	0.0	0.019	0.024	0.033	0.096	0.127	0.0	0.438	0.047	0.325	0.0	0.0	0.023	0.0	0.052	0.014	0.036	0.059	0.05	0.0	0.168	0.832	0.225	0.223	0.062	0.277	0.06
GRIK4	Q16099	True	GRIK4_HUMAN	Glutamate_Kainate_1_4_complex	CPI-CC047030A36	GRIK4	0.205	0.125	0.07	0.0	0.962	0.0	0.019	0.024	0.033	0.096	0.127	0.0	0.438	0.047	0.325	0.0	0.0	0.023	0.0	0.052	0.014	0.036	0.059	0.05	0.0	0.168	0.832	0.225	0.223	0.062	0.277	0.06
GRIK4	Q16099	True	GRIK4_HUMAN	Glutamate_Kainate_1_4_complex	CPI-CC007CF847B	GRIK4	0.205	0.125	0.07	0.0	0.962	0.0	0.019	0.024	0.033	0.096	0.127	0.0	0.438	0.047	0.325	0.0	0.0	0.023	0.0	0.052	0.014	0.036	0.059	0.05	0.0	0.168	0.832	0.225	0.223	0.062	0.277	0.06
GRIK4	Q16099	True	GRIK4_HUMAN	Glutamate_Kainate_1_4_complex	CPI-CC07909859C	GRIK4	0.205	0.125	0.07	0.0	0.962	0.0	0.019	0.024	0.033	0.096	0.127	0.0	0.438	0.047	0.325	0.0	0.0	0.023	0.0	0.052	0.014	0.036	0.059	0.05	0.0	0.168	0.832	0.225	0.223	0.062	0.277	0.06
GRIK4	Q16099	True	GRIK4_HUMAN	Glutamate_Kainate_1_4_complex	CPI-CC01450B2FA	GRIK4	0.205	0.125	0.07	0.0	0.962	0.0	0.019	0.024	0.033	0.096	0.127	0.0	0.438	0.047	0.325	0.0	0.0	0.023	0.0	0.052	0.014	0.036	0.059	0.05	0.0	0.168	0.832	0.225	0.223	0.062	0.277	0.06
GRIK4	Q16099	True	GRIK4_HUMAN	Glutamate_Kainate_1_4_complex	CPI-CC0B16C9C23	GRIK4	0.205	0.125	0.07	0.0	0.962	0.0	0.019	0.024	0.033	0.096	0.127	0.0	0.438	0.047	0.325	0.0	0.0	0.023	0.0	0.052	0.014	0.036	0.059	0.05	0.0	0.168	0.832	0.225	0.223	0.062	0.277	0.06
GRIK1	P39086	True	GRIK1_HUMAN	Glutamate_Kainate_1_5_complex	CPI-CC088FD6274	GRIK1	0.205	0.134	0.07	0.0	0.962	0.0	0.019	0.024	0.033	1.252	0.127	0.107	0.438	0.207	0.325	0.661	0.0	0.023	0.0	0.052	0.014	0.036	0.059	0.267	0.0	0.168	0.585	0.225	0.223	0.272	0.525	0.06
GRIK1	P39086	True	GRIK1_HUMAN	Glutamate_Kainate_1_5_complex	CPI-CC0ACAF2735	GRIK1	0.205	0.134	0.07	0.0	0.962	0.0	0.019	0.024	0.033	1.252	0.127	0.107	0.438	0.207	0.325	0.661	0.0	0.023	0.0	0.052	0.014	0.036	0.059	0.267	0.0	0.168	0.585	0.225	0.223	0.272	0.525	0.06
GRIK1	P39086	True	GRIK1_HUMAN	Glutamate_Kainate_1_5_complex	CPI-CC00F486A57	GRIK1	0.205	0.134	0.07	0.0	0.962	0.0	0.019	0.024	0.033	1.252	0.127	0.107	0.438	0.207	0.325	0.661	0.0	0.023	0.0	0.052	0.014	0.036	0.059	0.267	0.0	0.168	0.585	0.225	0.223	0.272	0.525	0.06
GRIK1	P39086	True	GRIK1_HUMAN	Glutamate_Kainate_1_5_complex	CPI-CC02BF19DCF	GRIK1	0.205	0.134	0.07	0.0	0.962	0.0	0.019	0.024	0.033	1.252	0.127	0.107	0.438	0.207	0.325	0.661	0.0	0.023	0.0	0.052	0.014	0.036	0.059	0.267	0.0	0.168	0.585	0.225	0.223	0.272	0.525	0.06
GRIK1	P39086	True	GRIK1_HUMAN	Glutamate_Kainate_1_5_complex	CPI-CC096C28605	GRIK1	0.205	0.134	0.07	0.0	0.962	0.0	0.019	0.024	0.033	1.252	0.127	0.107	0.438	0.207	0.325	0.661	0.0	0.023	0.0	0.052	0.014	0.036	0.059	0.267	0.0	0.168	0.585	0.225	0.223	0.272	0.525	0.06
GRIK1	P39086	True	GRIK1_HUMAN	Glutamate_Kainate_1_5_complex	CPI-CC0BADC1C23	GRIK1	0.205	0.134	0.07	0.0	0.962	0.0	0.019	0.024	0.033	1.252	0.127	0.107	0.438	0.207	0.325	0.661	0.0	0.023	0.0	0.052	0.014	0.036	0.059	0.267	0.0	0.168	0.585	0.225	0.223	0.272	0.525	0.06
GRIK1	P39086	True	GRIK1_HUMAN	Glutamate_Kainate_1_5_complex	CPI-CC0274F636A	GRIK1	0.205	0.134	0.07	0.0	0.962	0.0	0.019	0.024	0.033	1.252	0.127	0.107	0.438	0.207	0.325	0.661	0.0	0.023	0.0	0.052	0.014	0.036	0.059	0.267	0.0	0.168	0.585	0.225	0.223	0.272	0.525	0.06
GRIK1	P39086	True	GRIK1_HUMAN	Glutamate_Kainate_1_5_complex	CPI-CC0145A96BC	GRIK1	0.205	0.134	0.07	0.0	0.962	0.0	0.019	0.024	0.033	1.252	0.127	0.107	0.438	0.207	0.325	0.661	0.0	0.023	0.0	0.052	0.014	0.036	0.059	0.267	0.0	0.168	0.585	0.225	0.223	0.272	0.525	0.06
GRIK1	P39086	True	GRIK1_HUMAN	Glutamate_Kainate_1_5_complex	CPI-CC08EE84AE8	GRIK1	0.205	0.134	0.07	0.0	0.962	0.0	0.019	0.024	0.033	1.252	0.127	0.107	0.438	0.207	0.325	0.661	0.0	0.023	0.0	0.052	0.014	0.036	0.059	0.267	0.0	0.168	0.585	0.225	0.223	0.272	0.525	0.06
GRIK1	P39086	True	GRIK1_HUMAN	Glutamate_Kainate_1_5_complex	CPI-CC0A8308C2C	GRIK1	0.205	0.134	0.07	0.0	0.962	0.0	0.019	0.024	0.033	1.252	0.127	0.107	0.438	0.207	0.325	0.661	0.0	0.023	0.0	0.052	0.014	0.036	0.059	0.267	0.0	0.168	0.585	0.225	0.223	0.272	0.525	0.06
GRIK1	P39086	True	GRIK1_HUMAN	Glutamate_Kainate_1_5_complex	CPI-CC0C4BEF4C8	GRIK1	0.205	0.134	0.07	0.0	0.962	0.0	0.019	0.024	0.033	1.252	0.127	0.107	0.438	0.207	0.325	0.661	0.0	0.023	0.0	0.052	0.014	0.036	0.059	0.267	0.0	0.168	0.585	0.225	0.223	0.272	0.525	0.06
GRIK1	P39086	True	GRIK1_HUMAN	Glutamate_Kainate_1_5_complex	CPI-CC0EDF3084D	GRIK1	0.205	0.134	0.07	0.0	0.962	0.0	0.019	0.024	0.033	1.252	0.127	0.107	0.438	0.207	0.325	0.661	0.0	0.023	0.0	0.052	0.014	0.036	0.059	0.267	0.0	0.168	0.585	0.225	0.223	0.272	0.525	0.06
GRIK5	Q16478	True	GRIK5_HUMAN	Glutamate_Kainate_1_5_complex	CPI-CC088FD6274	GRIK5	0.205	0.134	0.07	0.0	0.962	0.0	0.019	0.024	0.033	1.252	0.127	0.107	0.438	0.207	0.325	0.661	0.0	0.023	0.0	0.052	0.014	0.036	0.059	0.267	0.0	0.168	0.585	0.225	0.223	0.272	0.525	0.06
GRIK5	Q16478	True	GRIK5_HUMAN	Glutamate_Kainate_1_5_complex	CPI-CC0ACAF2735	GRIK5	0.205	0.134	0.07	0.0	0.962	0.0	0.019	0.024	0.033	1.252	0.127	0.107	0.438	0.207	0.325	0.661	0.0	0.023	0.0	0.052	0.014	0.036	0.059	0.267	0.0	0.168	0.585	0.225	0.223	0.272	0.525	0.06
GRIK5	Q16478	True	GRIK5_HUMAN	Glutamate_Kainate_1_5_complex	CPI-CC00F486A57	GRIK5	0.205	0.134	0.07	0.0	0.962	0.0	0.019	0.024	0.033	1.252	0.127	0.107	0.438	0.207	0.325	0.661	0.0	0.023	0.0	0.052	0.014	0.036	0.059	0.267	0.0	0.168	0.585	0.225	0.223	0.272	0.525	0.06
GRIK5	Q16478	True	GRIK5_HUMAN	Glutamate_Kainate_1_5_complex	CPI-CC02BF19DCF	GRIK5	0.205	0.134	0.07	0.0	0.962	0.0	0.019	0.024	0.033	1.252	0.127	0.107	0.438	0.207	0.325	0.661	0.0	0.023	0.0	0.052	0.014	0.036	0.059	0.267	0.0	0.168	0.585	0.225	0.223	0.272	0.525	0.06
GRIK5	Q16478	True	GRIK5_HUMAN	Glutamate_Kainate_1_5_complex	CPI-CC096C28605	GRIK5	0.205	0.134	0.07	0.0	0.962	0.0	0.019	0.024	0.033	1.252	0.127	0.107	0.438	0.207	0.325	0.661	0.0	0.023	0.0	0.052	0.014	0.036	0.059	0.267	0.0	0.168	0.585	0.225	0.223	0.272	0.525	0.06
GRIK5	Q16478	True	GRIK5_HUMAN	Glutamate_Kainate_1_5_complex	CPI-CC0BADC1C23	GRIK5	0.205	0.134	0.07	0.0	0.962	0.0	0.019	0.024	0.033	1.252	0.127	0.107	0.438	0.207	0.325	0.661	0.0	0.023	0.0	0.052	0.014	0.036	0.059	0.267	0.0	0.168	0.585	0.225	0.223	0.272	0.525	0.06
GRIK5	Q16478	True	GRIK5_HUMAN	Glutamate_Kainate_1_5_complex	CPI-CC0274F636A	GRIK5	0.205	0.134	0.07	0.0	0.962	0.0	0.019	0.024	0.033	1.252	0.127	0.107	0.438	0.207	0.325	0.661	0.0	0.023	0.0	0.052	0.014	0.036	0.059	0.267	0.0	0.168	0.585	0.225	0.223	0.272	0.525	0.06
GRIK5	Q16478	True	GRIK5_HUMAN	Glutamate_Kainate_1_5_complex	CPI-CC0145A96BC	GRIK5	0.205	0.134	0.07	0.0	0.962	0.0	0.019	0.024	0.033	1.252	0.127	0.107	0.438	0.207	0.325	0.661	0.0	0.023	0.0	0.052	0.014	0.036	0.059	0.267	0.0	0.168	0.585	0.225	0.223	0.272	0.525	0.06
GRIK5	Q16478	True	GRIK5_HUMAN	Glutamate_Kainate_1_5_complex	CPI-CC08EE84AE8	GRIK5	0.205	0.134	0.07	0.0	0.962	0.0	0.019	0.024	0.033	1.252	0.127	0.107	0.438	0.207	0.325	0.661	0.0	0.023	0.0	0.052	0.014	0.036	0.059	0.267	0.0	0.168	0.585	0.225	0.223	0.272	0.525	0.06
GRIK5	Q16478	True	GRIK5_HUMAN	Glutamate_Kainate_1_5_complex	CPI-CC0A8308C2C	GRIK5	0.205	0.134	0.07	0.0	0.962	0.0	0.019	0.024	0.033	1.252	0.127	0.107	0.438	0.207	0.325	0.661	0.0	0.023	0.0	0.052	0.014	0.036	0.059	0.267	0.0	0.168	0.585	0.225	0.223	0.272	0.525	0.06
GRIK5	Q16478	True	GRIK5_HUMAN	Glutamate_Kainate_1_5_complex	CPI-CC0C4BEF4C8	GRIK5	0.205	0.134	0.07	0.0	0.962	0.0	0.019	0.024	0.033	1.252	0.127	0.107	0.438	0.207	0.325	0.661	0.0	0.023	0.0	0.052	0.014	0.036	0.059	0.267	0.0	0.168	0.585	0.225	0.223	0.272	0.525	0.06
GRIK5	Q16478	True	GRIK5_HUMAN	Glutamate_Kainate_1_5_complex	CPI-CC0EDF3084D	GRIK5	0.205	0.134	0.07	0.0	0.962	0.0	0.019	0.024	0.033	1.252	0.127	0.107	0.438	0.207	0.325	0.661	0.0	0.023	0.0	0.052	0.014	0.036	0.059	0.267	0.0	0.168	0.585	0.225	0.223	0.272	0.525	0.06
GRIK2	Q13002	True	GRIK2_HUMAN	Glutamate_Kainate_2_4_complex	CPI-CC05DB41C4E	GRIK2	0.816	0.102	0.031	0.058	1.738	0.46	0.31	0.152	0.243	0.096	0.77	0.0	0.253	0.047	0.22	0.0	0.0	0.04	0.267	0.702	0.146	0.26	0.202	0.05	0.0	0.57	0.832	0.85	0.813	0.062	0.277	0.446
GRIK2	Q13002	True	GRIK2_HUMAN	Glutamate_Kainate_2_4_complex	CPI-CC0476711B8	GRIK2	0.816	0.102	0.031	0.058	1.738	0.46	0.31	0.152	0.243	0.096	0.77	0.0	0.253	0.047	0.22	0.0	0.0	0.04	0.267	0.702	0.146	0.26	0.202	0.05	0.0	0.57	0.832	0.85	0.813	0.062	0.277	0.446
GRIK2	Q13002	True	GRIK2_HUMAN	Glutamate_Kainate_2_4_complex	CPI-CC052F5C918	GRIK2	0.816	0.102	0.031	0.058	1.738	0.46	0.31	0.152	0.243	0.096	0.77	0.0	0.253	0.047	0.22	0.0	0.0	0.04	0.267	0.702	0.146	0.26	0.202	0.05	0.0	0.57	0.832	0.85	0.813	0.062	0.277	0.446
GRIK2	Q13002	True	GRIK2_HUMAN	Glutamate_Kainate_2_4_complex	CPI-CC0063E25BD	GRIK2	0.816	0.102	0.031	0.058	1.738	0.46	0.31	0.152	0.243	0.096	0.77	0.0	0.253	0.047	0.22	0.0	0.0	0.04	0.267	0.702	0.146	0.26	0.202	0.05	0.0	0.57	0.832	0.85	0.813	0.062	0.277	0.446
GRIK2	Q13002	True	GRIK2_HUMAN	Glutamate_Kainate_2_4_complex	CPI-CC0BF385067	GRIK2	0.816	0.102	0.031	0.058	1.738	0.46	0.31	0.152	0.243	0.096	0.77	0.0	0.253	0.047	0.22	0.0	0.0	0.04	0.267	0.702	0.146	0.26	0.202	0.05	0.0	0.57	0.832	0.85	0.813	0.062	0.277	0.446
GRIK2	Q13002	True	GRIK2_HUMAN	Glutamate_Kainate_2_4_complex	CPI-CC0E5063BA7	GRIK2	0.816	0.102	0.031	0.058	1.738	0.46	0.31	0.152	0.243	0.096	0.77	0.0	0.253	0.047	0.22	0.0	0.0	0.04	0.267	0.702	0.146	0.26	0.202	0.05	0.0	0.57	0.832	0.85	0.813	0.062	0.277	0.446
GRIK2	Q13002	True	GRIK2_HUMAN	Glutamate_Kainate_2_4_complex	CPI-CC0B3501BF1	GRIK2	0.816	0.102	0.031	0.058	1.738	0.46	0.31	0.152	0.243	0.096	0.77	0.0	0.253	0.047	0.22	0.0	0.0	0.04	0.267	0.702	0.146	0.26	0.202	0.05	0.0	0.57	0.832	0.85	0.813	0.062	0.277	0.446
GRIK2	Q13002	True	GRIK2_HUMAN	Glutamate_Kainate_2_4_complex	CPI-CC032282108	GRIK2	0.816	0.102	0.031	0.058	1.738	0.46	0.31	0.152	0.243	0.096	0.77	0.0	0.253	0.047	0.22	0.0	0.0	0.04	0.267	0.702	0.146	0.26	0.202	0.05	0.0	0.57	0.832	0.85	0.813	0.062	0.277	0.446
GRIK2	Q13002	True	GRIK2_HUMAN	Glutamate_Kainate_2_4_complex	CPI-CC05A802EBC	GRIK2	0.816	0.102	0.031	0.058	1.738	0.46	0.31	0.152	0.243	0.096	0.77	0.0	0.253	0.047	0.22	0.0	0.0	0.04	0.267	0.702	0.146	0.26	0.202	0.05	0.0	0.57	0.832	0.85	0.813	0.062	0.277	0.446
GRIK2	Q13002	True	GRIK2_HUMAN	Glutamate_Kainate_2_4_complex	CPI-CC00CFD9E84	GRIK2	0.816	0.102	0.031	0.058	1.738	0.46	0.31	0.152	0.243	0.096	0.77	0.0	0.253	0.047	0.22	0.0	0.0	0.04	0.267	0.702	0.146	0.26	0.202	0.05	0.0	0.57	0.832	0.85	0.813	0.062	0.277	0.446
GRIK2	Q13002	True	GRIK2_HUMAN	Glutamate_Kainate_2_4_complex	CPI-CC0ACDCA68F	GRIK2	0.816	0.102	0.031	0.058	1.738	0.46	0.31	0.152	0.243	0.096	0.77	0.0	0.253	0.047	0.22	0.0	0.0	0.04	0.267	0.702	0.146	0.26	0.202	0.05	0.0	0.57	0.832	0.85	0.813	0.062	0.277	0.446
GRIK2	Q13002	True	GRIK2_HUMAN	Glutamate_Kainate_2_4_complex	CPI-CC01CE8AC41	GRIK2	0.816	0.102	0.031	0.058	1.738	0.46	0.31	0.152	0.243	0.096	0.77	0.0	0.253	0.047	0.22	0.0	0.0	0.04	0.267	0.702	0.146	0.26	0.202	0.05	0.0	0.57	0.832	0.85	0.813	0.062	0.277	0.446
GRIK4	Q16099	True	GRIK4_HUMAN	Glutamate_Kainate_2_4_complex	CPI-CC05DB41C4E	GRIK4	0.816	0.102	0.031	0.058	1.738	0.46	0.31	0.152	0.243	0.096	0.77	0.0	0.253	0.047	0.22	0.0	0.0	0.04	0.267	0.702	0.146	0.26	0.202	0.05	0.0	0.57	0.832	0.85	0.813	0.062	0.277	0.446
GRIK4	Q16099	True	GRIK4_HUMAN	Glutamate_Kainate_2_4_complex	CPI-CC0476711B8	GRIK4	0.816	0.102	0.031	0.058	1.738	0.46	0.31	0.152	0.243	0.096	0.77	0.0	0.253	0.047	0.22	0.0	0.0	0.04	0.267	0.702	0.146	0.26	0.202	0.05	0.0	0.57	0.832	0.85	0.813	0.062	0.277	0.446
GRIK4	Q16099	True	GRIK4_HUMAN	Glutamate_Kainate_2_4_complex	CPI-CC052F5C918	GRIK4	0.816	0.102	0.031	0.058	1.738	0.46	0.31	0.152	0.243	0.096	0.77	0.0	0.253	0.047	0.22	0.0	0.0	0.04	0.267	0.702	0.146	0.26	0.202	0.05	0.0	0.57	0.832	0.85	0.813	0.062	0.277	0.446
GRIK4	Q16099	True	GRIK4_HUMAN	Glutamate_Kainate_2_4_complex	CPI-CC0063E25BD	GRIK4	0.816	0.102	0.031	0.058	1.738	0.46	0.31	0.152	0.243	0.096	0.77	0.0	0.253	0.047	0.22	0.0	0.0	0.04	0.267	0.702	0.146	0.26	0.202	0.05	0.0	0.57	0.832	0.85	0.813	0.062	0.277	0.446
GRIK4	Q16099	True	GRIK4_HUMAN	Glutamate_Kainate_2_4_complex	CPI-CC0BF385067	GRIK4	0.816	0.102	0.031	0.058	1.738	0.46	0.31	0.152	0.243	0.096	0.77	0.0	0.253	0.047	0.22	0.0	0.0	0.04	0.267	0.702	0.146	0.26	0.202	0.05	0.0	0.57	0.832	0.85	0.813	0.062	0.277	0.446
GRIK4	Q16099	True	GRIK4_HUMAN	Glutamate_Kainate_2_4_complex	CPI-CC0E5063BA7	GRIK4	0.816	0.102	0.031	0.058	1.738	0.46	0.31	0.152	0.243	0.096	0.77	0.0	0.253	0.047	0.22	0.0	0.0	0.04	0.267	0.702	0.146	0.26	0.202	0.05	0.0	0.57	0.832	0.85	0.813	0.062	0.277	0.446
GRIK4	Q16099	True	GRIK4_HUMAN	Glutamate_Kainate_2_4_complex	CPI-CC0B3501BF1	GRIK4	0.816	0.102	0.031	0.058	1.738	0.46	0.31	0.152	0.243	0.096	0.77	0.0	0.253	0.047	0.22	0.0	0.0	0.04	0.267	0.702	0.146	0.26	0.202	0.05	0.0	0.57	0.832	0.85	0.813	0.062	0.277	0.446
GRIK4	Q16099	True	GRIK4_HUMAN	Glutamate_Kainate_2_4_complex	CPI-CC032282108	GRIK4	0.816	0.102	0.031	0.058	1.738	0.46	0.31	0.152	0.243	0.096	0.77	0.0	0.253	0.047	0.22	0.0	0.0	0.04	0.267	0.702	0.146	0.26	0.202	0.05	0.0	0.57	0.832	0.85	0.813	0.062	0.277	0.446
GRIK4	Q16099	True	GRIK4_HUMAN	Glutamate_Kainate_2_4_complex	CPI-CC05A802EBC	GRIK4	0.816	0.102	0.031	0.058	1.738	0.46	0.31	0.152	0.243	0.096	0.77	0.0	0.253	0.047	0.22	0.0	0.0	0.04	0.267	0.702	0.146	0.26	0.202	0.05	0.0	0.57	0.832	0.85	0.813	0.062	0.277	0.446
GRIK4	Q16099	True	GRIK4_HUMAN	Glutamate_Kainate_2_4_complex	CPI-CC00CFD9E84	GRIK4	0.816	0.102	0.031	0.058	1.738	0.46	0.31	0.152	0.243	0.096	0.77	0.0	0.253	0.047	0.22	0.0	0.0	0.04	0.267	0.702	0.146	0.26	0.202	0.05	0.0	0.57	0.832	0.85	0.813	0.062	0.277	0.446
GRIK4	Q16099	True	GRIK4_HUMAN	Glutamate_Kainate_2_4_complex	CPI-CC0ACDCA68F	GRIK4	0.816	0.102	0.031	0.058	1.738	0.46	0.31	0.152	0.243	0.096	0.77	0.0	0.253	0.047	0.22	0.0	0.0	0.04	0.267	0.702	0.146	0.26	0.202	0.05	0.0	0.57	0.832	0.85	0.813	0.062	0.277	0.446
GRIK4	Q16099	True	GRIK4_HUMAN	Glutamate_Kainate_2_4_complex	CPI-CC01CE8AC41	GRIK4	0.816	0.102	0.031	0.058	1.738	0.46	0.31	0.152	0.243	0.096	0.77	0.0	0.253	0.047	0.22	0.0	0.0	0.04	0.267	0.702	0.146	0.26	0.202	0.05	0.0	0.57	0.832	0.85	0.813	0.062	0.277	0.446
GRIK2	Q13002	True	GRIK2_HUMAN	Glutamate_Kainate_2_5_complex	CPI-CC056BCA025	GRIK2	1.087	0.102	0.031	1.48	1.781	0.732	0.53	0.215	1.64	1.668	0.77	0.077	0.253	0.135	0.22	0.182	0.0	0.18	0.267	0.81	0.76	0.26	0.718	0.343	0.439	1.251	0.585	1.331	1.084	0.657	1.479	0.806
GRIK2	Q13002	True	GRIK2_HUMAN	Glutamate_Kainate_2_5_complex	CPI-CC04062A92F	GRIK2	1.087	0.102	0.031	1.48	1.781	0.732	0.53	0.215	1.64	1.668	0.77	0.077	0.253	0.135	0.22	0.182	0.0	0.18	0.267	0.81	0.76	0.26	0.718	0.343	0.439	1.251	0.585	1.331	1.084	0.657	1.479	0.806
GRIK2	Q13002	True	GRIK2_HUMAN	Glutamate_Kainate_2_5_complex	CPI-CC0EAD8AFBF	GRIK2	1.087	0.102	0.031	1.48	1.781	0.732	0.53	0.215	1.64	1.668	0.77	0.077	0.253	0.135	0.22	0.182	0.0	0.18	0.267	0.81	0.76	0.26	0.718	0.343	0.439	1.251	0.585	1.331	1.084	0.657	1.479	0.806
GRIK2	Q13002	True	GRIK2_HUMAN	Glutamate_Kainate_2_5_complex	CPI-CC0E60351FF	GRIK2	1.087	0.102	0.031	1.48	1.781	0.732	0.53	0.215	1.64	1.668	0.77	0.077	0.253	0.135	0.22	0.182	0.0	0.18	0.267	0.81	0.76	0.26	0.718	0.343	0.439	1.251	0.585	1.331	1.084	0.657	1.479	0.806
GRIK2	Q13002	True	GRIK2_HUMAN	Glutamate_Kainate_2_5_complex	CPI-CC0DB5AB2C4	GRIK2	1.087	0.102	0.031	1.48	1.781	0.732	0.53	0.215	1.64	1.668	0.77	0.077	0.253	0.135	0.22	0.182	0.0	0.18	0.267	0.81	0.76	0.26	0.718	0.343	0.439	1.251	0.585	1.331	1.084	0.657	1.479	0.806
GRIK2	Q13002	True	GRIK2_HUMAN	Glutamate_Kainate_2_5_complex	CPI-CC0E7F3E3CE	GRIK2	1.087	0.102	0.031	1.48	1.781	0.732	0.53	0.215	1.64	1.668	0.77	0.077	0.253	0.135	0.22	0.182	0.0	0.18	0.267	0.81	0.76	0.26	0.718	0.343	0.439	1.251	0.585	1.331	1.084	0.657	1.479	0.806
GRIK2	Q13002	True	GRIK2_HUMAN	Glutamate_Kainate_2_5_complex	CPI-CC08F46E2BA	GRIK2	1.087	0.102	0.031	1.48	1.781	0.732	0.53	0.215	1.64	1.668	0.77	0.077	0.253	0.135	0.22	0.182	0.0	0.18	0.267	0.81	0.76	0.26	0.718	0.343	0.439	1.251	0.585	1.331	1.084	0.657	1.479	0.806
GRIK2	Q13002	True	GRIK2_HUMAN	Glutamate_Kainate_2_5_complex	CPI-CC08CAFBA94	GRIK2	1.087	0.102	0.031	1.48	1.781	0.732	0.53	0.215	1.64	1.668	0.77	0.077	0.253	0.135	0.22	0.182	0.0	0.18	0.267	0.81	0.76	0.26	0.718	0.343	0.439	1.251	0.585	1.331	1.084	0.657	1.479	0.806
GRIK2	Q13002	True	GRIK2_HUMAN	Glutamate_Kainate_2_5_complex	CPI-CC086C2B918	GRIK2	1.087	0.102	0.031	1.48	1.781	0.732	0.53	0.215	1.64	1.668	0.77	0.077	0.253	0.135	0.22	0.182	0.0	0.18	0.267	0.81	0.76	0.26	0.718	0.343	0.439	1.251	0.585	1.331	1.084	0.657	1.479	0.806
GRIK2	Q13002	True	GRIK2_HUMAN	Glutamate_Kainate_2_5_complex	CPI-CC0B415175C	GRIK2	1.087	0.102	0.031	1.48	1.781	0.732	0.53	0.215	1.64	1.668	0.77	0.077	0.253	0.135	0.22	0.182	0.0	0.18	0.267	0.81	0.76	0.26	0.718	0.343	0.439	1.251	0.585	1.331	1.084	0.657	1.479	0.806
GRIK2	Q13002	True	GRIK2_HUMAN	Glutamate_Kainate_2_5_complex	CPI-CC0FF085B8B	GRIK2	1.087	0.102	0.031	1.48	1.781	0.732	0.53	0.215	1.64	1.668	0.77	0.077	0.253	0.135	0.22	0.182	0.0	0.18	0.267	0.81	0.76	0.26	0.718	0.343	0.439	1.251	0.585	1.331	1.084	0.657	1.479	0.806
GRIK2	Q13002	True	GRIK2_HUMAN	Glutamate_Kainate_2_5_complex	CPI-CC038267193	GRIK2	1.087	0.102	0.031	1.48	1.781	0.732	0.53	0.215	1.64	1.668	0.77	0.077	0.253	0.135	0.22	0.182	0.0	0.18	0.267	0.81	0.76	0.26	0.718	0.343	0.439	1.251	0.585	1.331	1.084	0.657	1.479	0.806
GRIK5	Q16478	True	GRIK5_HUMAN	Glutamate_Kainate_2_5_complex	CPI-CC056BCA025	GRIK5	1.087	0.102	0.031	1.48	1.781	0.732	0.53	0.215	1.64	1.668	0.77	0.077	0.253	0.135	0.22	0.182	0.0	0.18	0.267	0.81	0.76	0.26	0.718	0.343	0.439	1.251	0.585	1.331	1.084	0.657	1.479	0.806
GRIK5	Q16478	True	GRIK5_HUMAN	Glutamate_Kainate_2_5_complex	CPI-CC04062A92F	GRIK5	1.087	0.102	0.031	1.48	1.781	0.732	0.53	0.215	1.64	1.668	0.77	0.077	0.253	0.135	0.22	0.182	0.0	0.18	0.267	0.81	0.76	0.26	0.718	0.343	0.439	1.251	0.585	1.331	1.084	0.657	1.479	0.806
GRIK5	Q16478	True	GRIK5_HUMAN	Glutamate_Kainate_2_5_complex	CPI-CC0EAD8AFBF	GRIK5	1.087	0.102	0.031	1.48	1.781	0.732	0.53	0.215	1.64	1.668	0.77	0.077	0.253	0.135	0.22	0.182	0.0	0.18	0.267	0.81	0.76	0.26	0.718	0.343	0.439	1.251	0.585	1.331	1.084	0.657	1.479	0.806
GRIK5	Q16478	True	GRIK5_HUMAN	Glutamate_Kainate_2_5_complex	CPI-CC0E60351FF	GRIK5	1.087	0.102	0.031	1.48	1.781	0.732	0.53	0.215	1.64	1.668	0.77	0.077	0.253	0.135	0.22	0.182	0.0	0.18	0.267	0.81	0.76	0.26	0.718	0.343	0.439	1.251	0.585	1.331	1.084	0.657	1.479	0.806
GRIK5	Q16478	True	GRIK5_HUMAN	Glutamate_Kainate_2_5_complex	CPI-CC0DB5AB2C4	GRIK5	1.087	0.102	0.031	1.48	1.781	0.732	0.53	0.215	1.64	1.668	0.77	0.077	0.253	0.135	0.22	0.182	0.0	0.18	0.267	0.81	0.76	0.26	0.718	0.343	0.439	1.251	0.585	1.331	1.084	0.657	1.479	0.806
GRIK5	Q16478	True	GRIK5_HUMAN	Glutamate_Kainate_2_5_complex	CPI-CC0E7F3E3CE	GRIK5	1.087	0.102	0.031	1.48	1.781	0.732	0.53	0.215	1.64	1.668	0.77	0.077	0.253	0.135	0.22	0.182	0.0	0.18	0.267	0.81	0.76	0.26	0.718	0.343	0.439	1.251	0.585	1.331	1.084	0.657	1.479	0.806
GRIK5	Q16478	True	GRIK5_HUMAN	Glutamate_Kainate_2_5_complex	CPI-CC08F46E2BA	GRIK5	1.087	0.102	0.031	1.48	1.781	0.732	0.53	0.215	1.64	1.668	0.77	0.077	0.253	0.135	0.22	0.182	0.0	0.18	0.267	0.81	0.76	0.26	0.718	0.343	0.439	1.251	0.585	1.331	1.084	0.657	1.479	0.806
GRIK5	Q16478	True	GRIK5_HUMAN	Glutamate_Kainate_2_5_complex	CPI-CC08CAFBA94	GRIK5	1.087	0.102	0.031	1.48	1.781	0.732	0.53	0.215	1.64	1.668	0.77	0.077	0.253	0.135	0.22	0.182	0.0	0.18	0.267	0.81	0.76	0.26	0.718	0.343	0.439	1.251	0.585	1.331	1.084	0.657	1.479	0.806
GRIK5	Q16478	True	GRIK5_HUMAN	Glutamate_Kainate_2_5_complex	CPI-CC086C2B918	GRIK5	1.087	0.102	0.031	1.48	1.781	0.732	0.53	0.215	1.64	1.668	0.77	0.077	0.253	0.135	0.22	0.182	0.0	0.18	0.267	0.81	0.76	0.26	0.718	0.343	0.439	1.251	0.585	1.331	1.084	0.657	1.479	0.806
GRIK5	Q16478	True	GRIK5_HUMAN	Glutamate_Kainate_2_5_complex	CPI-CC0B415175C	GRIK5	1.087	0.102	0.031	1.48	1.781	0.732	0.53	0.215	1.64	1.668	0.77	0.077	0.253	0.135	0.22	0.182	0.0	0.18	0.267	0.81	0.76	0.26	0.718	0.343	0.439	1.251	0.585	1.331	1.084	0.657	1.479	0.806
GRIK5	Q16478	True	GRIK5_HUMAN	Glutamate_Kainate_2_5_complex	CPI-CC0FF085B8B	GRIK5	1.087	0.102	0.031	1.48	1.781	0.732	0.53	0.215	1.64	1.668	0.77	0.077	0.253	0.135	0.22	0.182	0.0	0.18	0.267	0.81	0.76	0.26	0.718	0.343	0.439	1.251	0.585	1.331	1.084	0.657	1.479	0.806
GRIK5	Q16478	True	GRIK5_HUMAN	Glutamate_Kainate_2_5_complex	CPI-CC038267193	GRIK5	1.087	0.102	0.031	1.48	1.781	0.732	0.53	0.215	1.64	1.668	0.77	0.077	0.253	0.135	0.22	0.182	0.0	0.18	0.267	0.81	0.76	0.26	0.718	0.343	0.439	1.251	0.585	1.331	1.084	0.657	1.479	0.806
GRIK3	Q13003	True	GRIK3_HUMAN	Glutamate_Kainate_3_4_complex	CPI-CC00DB97EEF	GRIK3	0.816	0.067	0.125	0.058	1.365	0.46	0.214	0.152	0.243	0.096	1.859	0.0	0.125	0.047	0.695	0.0	0.0	0.04	0.424	0.702	0.146	0.275	0.202	0.05	0.0	0.57	0.043	0.85	0.628	0.029	0.277	0.446
GRIK3	Q13003	True	GRIK3_HUMAN	Glutamate_Kainate_3_4_complex	CPI-CC0535DCAC1	GRIK3	0.816	0.067	0.125	0.058	1.365	0.46	0.214	0.152	0.243	0.096	1.859	0.0	0.125	0.047	0.695	0.0	0.0	0.04	0.424	0.702	0.146	0.275	0.202	0.05	0.0	0.57	0.043	0.85	0.628	0.029	0.277	0.446
GRIK3	Q13003	True	GRIK3_HUMAN	Glutamate_Kainate_3_4_complex	CPI-CC0B7463256	GRIK3	0.816	0.067	0.125	0.058	1.365	0.46	0.214	0.152	0.243	0.096	1.859	0.0	0.125	0.047	0.695	0.0	0.0	0.04	0.424	0.702	0.146	0.275	0.202	0.05	0.0	0.57	0.043	0.85	0.628	0.029	0.277	0.446
GRIK3	Q13003	True	GRIK3_HUMAN	Glutamate_Kainate_3_4_complex	CPI-CC049F2ABCF	GRIK3	0.816	0.067	0.125	0.058	1.365	0.46	0.214	0.152	0.243	0.096	1.859	0.0	0.125	0.047	0.695	0.0	0.0	0.04	0.424	0.702	0.146	0.275	0.202	0.05	0.0	0.57	0.043	0.85	0.628	0.029	0.277	0.446
GRIK3	Q13003	True	GRIK3_HUMAN	Glutamate_Kainate_3_4_complex	CPI-CC0C8B25F6D	GRIK3	0.816	0.067	0.125	0.058	1.365	0.46	0.214	0.152	0.243	0.096	1.859	0.0	0.125	0.047	0.695	0.0	0.0	0.04	0.424	0.702	0.146	0.275	0.202	0.05	0.0	0.57	0.043	0.85	0.628	0.029	0.277	0.446
GRIK3	Q13003	True	GRIK3_HUMAN	Glutamate_Kainate_3_4_complex	CPI-CC02AA64371	GRIK3	0.816	0.067	0.125	0.058	1.365	0.46	0.214	0.152	0.243	0.096	1.859	0.0	0.125	0.047	0.695	0.0	0.0	0.04	0.424	0.702	0.146	0.275	0.202	0.05	0.0	0.57	0.043	0.85	0.628	0.029	0.277	0.446
GRIK3	Q13003	True	GRIK3_HUMAN	Glutamate_Kainate_3_4_complex	CPI-CC07424146E	GRIK3	0.816	0.067	0.125	0.058	1.365	0.46	0.214	0.152	0.243	0.096	1.859	0.0	0.125	0.047	0.695	0.0	0.0	0.04	0.424	0.702	0.146	0.275	0.202	0.05	0.0	0.57	0.043	0.85	0.628	0.029	0.277	0.446
GRIK3	Q13003	True	GRIK3_HUMAN	Glutamate_Kainate_3_4_complex	CPI-CC00FD66B07	GRIK3	0.816	0.067	0.125	0.058	1.365	0.46	0.214	0.152	0.243	0.096	1.859	0.0	0.125	0.047	0.695	0.0	0.0	0.04	0.424	0.702	0.146	0.275	0.202	0.05	0.0	0.57	0.043	0.85	0.628	0.029	0.277	0.446
GRIK3	Q13003	True	GRIK3_HUMAN	Glutamate_Kainate_3_4_complex	CPI-CC0160048A0	GRIK3	0.816	0.067	0.125	0.058	1.365	0.46	0.214	0.152	0.243	0.096	1.859	0.0	0.125	0.047	0.695	0.0	0.0	0.04	0.424	0.702	0.146	0.275	0.202	0.05	0.0	0.57	0.043	0.85	0.628	0.029	0.277	0.446
GRIK3	Q13003	True	GRIK3_HUMAN	Glutamate_Kainate_3_4_complex	CPI-CC0C33FB78E	GRIK3	0.816	0.067	0.125	0.058	1.365	0.46	0.214	0.152	0.243	0.096	1.859	0.0	0.125	0.047	0.695	0.0	0.0	0.04	0.424	0.702	0.146	0.275	0.202	0.05	0.0	0.57	0.043	0.85	0.628	0.029	0.277	0.446
GRIK3	Q13003	True	GRIK3_HUMAN	Glutamate_Kainate_3_4_complex	CPI-CC00939F2D1	GRIK3	0.816	0.067	0.125	0.058	1.365	0.46	0.214	0.152	0.243	0.096	1.859	0.0	0.125	0.047	0.695	0.0	0.0	0.04	0.424	0.702	0.146	0.275	0.202	0.05	0.0	0.57	0.043	0.85	0.628	0.029	0.277	0.446
GRIK3	Q13003	True	GRIK3_HUMAN	Glutamate_Kainate_3_4_complex	CPI-CC02227FA06	GRIK3	0.816	0.067	0.125	0.058	1.365	0.46	0.214	0.152	0.243	0.096	1.859	0.0	0.125	0.047	0.695	0.0	0.0	0.04	0.424	0.702	0.146	0.275	0.202	0.05	0.0	0.57	0.043	0.85	0.628	0.029	0.277	0.446
GRIK4	Q16099	True	GRIK4_HUMAN	Glutamate_Kainate_3_4_complex	CPI-CC00DB97EEF	GRIK4	0.816	0.067	0.125	0.058	1.365	0.46	0.214	0.152	0.243	0.096	1.859	0.0	0.125	0.047	0.695	0.0	0.0	0.04	0.424	0.702	0.146	0.275	0.202	0.05	0.0	0.57	0.043	0.85	0.628	0.029	0.277	0.446
GRIK4	Q16099	True	GRIK4_HUMAN	Glutamate_Kainate_3_4_complex	CPI-CC0535DCAC1	GRIK4	0.816	0.067	0.125	0.058	1.365	0.46	0.214	0.152	0.243	0.096	1.859	0.0	0.125	0.047	0.695	0.0	0.0	0.04	0.424	0.702	0.146	0.275	0.202	0.05	0.0	0.57	0.043	0.85	0.628	0.029	0.277	0.446
GRIK4	Q16099	True	GRIK4_HUMAN	Glutamate_Kainate_3_4_complex	CPI-CC0B7463256	GRIK4	0.816	0.067	0.125	0.058	1.365	0.46	0.214	0.152	0.243	0.096	1.859	0.0	0.125	0.047	0.695	0.0	0.0	0.04	0.424	0.702	0.146	0.275	0.202	0.05	0.0	0.57	0.043	0.85	0.628	0.029	0.277	0.446
GRIK4	Q16099	True	GRIK4_HUMAN	Glutamate_Kainate_3_4_complex	CPI-CC049F2ABCF	GRIK4	0.816	0.067	0.125	0.058	1.365	0.46	0.214	0.152	0.243	0.096	1.859	0.0	0.125	0.047	0.695	0.0	0.0	0.04	0.424	0.702	0.146	0.275	0.202	0.05	0.0	0.57	0.043	0.85	0.628	0.029	0.277	0.446
GRIK4	Q16099	True	GRIK4_HUMAN	Glutamate_Kainate_3_4_complex	CPI-CC0C8B25F6D	GRIK4	0.816	0.067	0.125	0.058	1.365	0.46	0.214	0.152	0.243	0.096	1.859	0.0	0.125	0.047	0.695	0.0	0.0	0.04	0.424	0.702	0.146	0.275	0.202	0.05	0.0	0.57	0.043	0.85	0.628	0.029	0.277	0.446
GRIK4	Q16099	True	GRIK4_HUMAN	Glutamate_Kainate_3_4_complex	CPI-CC02AA64371	GRIK4	0.816	0.067	0.125	0.058	1.365	0.46	0.214	0.152	0.243	0.096	1.859	0.0	0.125	0.047	0.695	0.0	0.0	0.04	0.424	0.702	0.146	0.275	0.202	0.05	0.0	0.57	0.043	0.85	0.628	0.029	0.277	0.446
GRIK4	Q16099	True	GRIK4_HUMAN	Glutamate_Kainate_3_4_complex	CPI-CC07424146E	GRIK4	0.816	0.067	0.125	0.058	1.365	0.46	0.214	0.152	0.243	0.096	1.859	0.0	0.125	0.047	0.695	0.0	0.0	0.04	0.424	0.702	0.146	0.275	0.202	0.05	0.0	0.57	0.043	0.85	0.628	0.029	0.277	0.446
GRIK4	Q16099	True	GRIK4_HUMAN	Glutamate_Kainate_3_4_complex	CPI-CC00FD66B07	GRIK4	0.816	0.067	0.125	0.058	1.365	0.46	0.214	0.152	0.243	0.096	1.859	0.0	0.125	0.047	0.695	0.0	0.0	0.04	0.424	0.702	0.146	0.275	0.202	0.05	0.0	0.57	0.043	0.85	0.628	0.029	0.277	0.446
GRIK4	Q16099	True	GRIK4_HUMAN	Glutamate_Kainate_3_4_complex	CPI-CC0160048A0	GRIK4	0.816	0.067	0.125	0.058	1.365	0.46	0.214	0.152	0.243	0.096	1.859	0.0	0.125	0.047	0.695	0.0	0.0	0.04	0.424	0.702	0.146	0.275	0.202	0.05	0.0	0.57	0.043	0.85	0.628	0.029	0.277	0.446
GRIK4	Q16099	True	GRIK4_HUMAN	Glutamate_Kainate_3_4_complex	CPI-CC0C33FB78E	GRIK4	0.816	0.067	0.125	0.058	1.365	0.46	0.214	0.152	0.243	0.096	1.859	0.0	0.125	0.047	0.695	0.0	0.0	0.04	0.424	0.702	0.146	0.275	0.202	0.05	0.0	0.57	0.043	0.85	0.628	0.029	0.277	0.446
GRIK4	Q16099	True	GRIK4_HUMAN	Glutamate_Kainate_3_4_complex	CPI-CC00939F2D1	GRIK4	0.816	0.067	0.125	0.058	1.365	0.46	0.214	0.152	0.243	0.096	1.859	0.0	0.125	0.047	0.695	0.0	0.0	0.04	0.424	0.702	0.146	0.275	0.202	0.05	0.0	0.57	0.043	0.85	0.628	0.029	0.277	0.446
GRIK4	Q16099	True	GRIK4_HUMAN	Glutamate_Kainate_3_4_complex	CPI-CC02227FA06	GRIK4	0.816	0.067	0.125	0.058	1.365	0.46	0.214	0.152	0.243	0.096	1.859	0.0	0.125	0.047	0.695	0.0	0.0	0.04	0.424	0.702	0.146	0.275	0.202	0.05	0.0	0.57	0.043	0.85	0.628	0.029	0.277	0.446
GRIK3	Q13003	True	GRIK3_HUMAN	Glutamate_Kainate_3_5_complex	CPI-CC02346F1A9	GRIK3	1.129	0.067	0.125	0.169	1.365	1.798	0.214	0.462	1.569	0.184	2.112	0.091	0.125	0.682	0.732	0.538	0.0	0.18	0.63	2.354	1.502	0.275	1.088	0.204	0.355	0.917	0.043	1.109	0.628	0.029	0.687	0.55
GRIK3	Q13003	True	GRIK3_HUMAN	Glutamate_Kainate_3_5_complex	CPI-CC093B33AB4	GRIK3	1.129	0.067	0.125	0.169	1.365	1.798	0.214	0.462	1.569	0.184	2.112	0.091	0.125	0.682	0.732	0.538	0.0	0.18	0.63	2.354	1.502	0.275	1.088	0.204	0.355	0.917	0.043	1.109	0.628	0.029	0.687	0.55
GRIK3	Q13003	True	GRIK3_HUMAN	Glutamate_Kainate_3_5_complex	CPI-CC0699D36D3	GRIK3	1.129	0.067	0.125	0.169	1.365	1.798	0.214	0.462	1.569	0.184	2.112	0.091	0.125	0.682	0.732	0.538	0.0	0.18	0.63	2.354	1.502	0.275	1.088	0.204	0.355	0.917	0.043	1.109	0.628	0.029	0.687	0.55
GRIK3	Q13003	True	GRIK3_HUMAN	Glutamate_Kainate_3_5_complex	CPI-CC0CB231C91	GRIK3	1.129	0.067	0.125	0.169	1.365	1.798	0.214	0.462	1.569	0.184	2.112	0.091	0.125	0.682	0.732	0.538	0.0	0.18	0.63	2.354	1.502	0.275	1.088	0.204	0.355	0.917	0.043	1.109	0.628	0.029	0.687	0.55
GRIK3	Q13003	True	GRIK3_HUMAN	Glutamate_Kainate_3_5_complex	CPI-CC0E5CBF38E	GRIK3	1.129	0.067	0.125	0.169	1.365	1.798	0.214	0.462	1.569	0.184	2.112	0.091	0.125	0.682	0.732	0.538	0.0	0.18	0.63	2.354	1.502	0.275	1.088	0.204	0.355	0.917	0.043	1.109	0.628	0.029	0.687	0.55
GRIK3	Q13003	True	GRIK3_HUMAN	Glutamate_Kainate_3_5_complex	CPI-CC0D9EE71E7	GRIK3	1.129	0.067	0.125	0.169	1.365	1.798	0.214	0.462	1.569	0.184	2.112	0.091	0.125	0.682	0.732	0.538	0.0	0.18	0.63	2.354	1.502	0.275	1.088	0.204	0.355	0.917	0.043	1.109	0.628	0.029	0.687	0.55
GRIK3	Q13003	True	GRIK3_HUMAN	Glutamate_Kainate_3_5_complex	CPI-CC046773FBE	GRIK3	1.129	0.067	0.125	0.169	1.365	1.798	0.214	0.462	1.569	0.184	2.112	0.091	0.125	0.682	0.732	0.538	0.0	0.18	0.63	2.354	1.502	0.275	1.088	0.204	0.355	0.917	0.043	1.109	0.628	0.029	0.687	0.55
GRIK3	Q13003	True	GRIK3_HUMAN	Glutamate_Kainate_3_5_complex	CPI-CC032B985F7	GRIK3	1.129	0.067	0.125	0.169	1.365	1.798	0.214	0.462	1.569	0.184	2.112	0.091	0.125	0.682	0.732	0.538	0.0	0.18	0.63	2.354	1.502	0.275	1.088	0.204	0.355	0.917	0.043	1.109	0.628	0.029	0.687	0.55
GRIK3	Q13003	True	GRIK3_HUMAN	Glutamate_Kainate_3_5_complex	CPI-CC0E8B3C37F	GRIK3	1.129	0.067	0.125	0.169	1.365	1.798	0.214	0.462	1.569	0.184	2.112	0.091	0.125	0.682	0.732	0.538	0.0	0.18	0.63	2.354	1.502	0.275	1.088	0.204	0.355	0.917	0.043	1.109	0.628	0.029	0.687	0.55
GRIK3	Q13003	True	GRIK3_HUMAN	Glutamate_Kainate_3_5_complex	CPI-CC00605BE5F	GRIK3	1.129	0.067	0.125	0.169	1.365	1.798	0.214	0.462	1.569	0.184	2.112	0.091	0.125	0.682	0.732	0.538	0.0	0.18	0.63	2.354	1.502	0.275	1.088	0.204	0.355	0.917	0.043	1.109	0.628	0.029	0.687	0.55
GRIK3	Q13003	True	GRIK3_HUMAN	Glutamate_Kainate_3_5_complex	CPI-CC0567FF312	GRIK3	1.129	0.067	0.125	0.169	1.365	1.798	0.214	0.462	1.569	0.184	2.112	0.091	0.125	0.682	0.732	0.538	0.0	0.18	0.63	2.354	1.502	0.275	1.088	0.204	0.355	0.917	0.043	1.109	0.628	0.029	0.687	0.55
GRIK3	Q13003	True	GRIK3_HUMAN	Glutamate_Kainate_3_5_complex	CPI-CC015FAF28E	GRIK3	1.129	0.067	0.125	0.169	1.365	1.798	0.214	0.462	1.569	0.184	2.112	0.091	0.125	0.682	0.732	0.538	0.0	0.18	0.63	2.354	1.502	0.275	1.088	0.204	0.355	0.917	0.043	1.109	0.628	0.029	0.687	0.55
GRIK5	Q16478	True	GRIK5_HUMAN	Glutamate_Kainate_3_5_complex	CPI-CC02346F1A9	GRIK5	1.129	0.067	0.125	0.169	1.365	1.798	0.214	0.462	1.569	0.184	2.112	0.091	0.125	0.682	0.732	0.538	0.0	0.18	0.63	2.354	1.502	0.275	1.088	0.204	0.355	0.917	0.043	1.109	0.628	0.029	0.687	0.55
GRIK5	Q16478	True	GRIK5_HUMAN	Glutamate_Kainate_3_5_complex	CPI-CC093B33AB4	GRIK5	1.129	0.067	0.125	0.169	1.365	1.798	0.214	0.462	1.569	0.184	2.112	0.091	0.125	0.682	0.732	0.538	0.0	0.18	0.63	2.354	1.502	0.275	1.088	0.204	0.355	0.917	0.043	1.109	0.628	0.029	0.687	0.55
GRIK5	Q16478	True	GRIK5_HUMAN	Glutamate_Kainate_3_5_complex	CPI-CC0699D36D3	GRIK5	1.129	0.067	0.125	0.169	1.365	1.798	0.214	0.462	1.569	0.184	2.112	0.091	0.125	0.682	0.732	0.538	0.0	0.18	0.63	2.354	1.502	0.275	1.088	0.204	0.355	0.917	0.043	1.109	0.628	0.029	0.687	0.55
GRIK5	Q16478	True	GRIK5_HUMAN	Glutamate_Kainate_3_5_complex	CPI-CC0CB231C91	GRIK5	1.129	0.067	0.125	0.169	1.365	1.798	0.214	0.462	1.569	0.184	2.112	0.091	0.125	0.682	0.732	0.538	0.0	0.18	0.63	2.354	1.502	0.275	1.088	0.204	0.355	0.917	0.043	1.109	0.628	0.029	0.687	0.55
GRIK5	Q16478	True	GRIK5_HUMAN	Glutamate_Kainate_3_5_complex	CPI-CC0E5CBF38E	GRIK5	1.129	0.067	0.125	0.169	1.365	1.798	0.214	0.462	1.569	0.184	2.112	0.091	0.125	0.682	0.732	0.538	0.0	0.18	0.63	2.354	1.502	0.275	1.088	0.204	0.355	0.917	0.043	1.109	0.628	0.029	0.687	0.55
GRIK5	Q16478	True	GRIK5_HUMAN	Glutamate_Kainate_3_5_complex	CPI-CC0D9EE71E7	GRIK5	1.129	0.067	0.125	0.169	1.365	1.798	0.214	0.462	1.569	0.184	2.112	0.091	0.125	0.682	0.732	0.538	0.0	0.18	0.63	2.354	1.502	0.275	1.088	0.204	0.355	0.917	0.043	1.109	0.628	0.029	0.687	0.55
GRIK5	Q16478	True	GRIK5_HUMAN	Glutamate_Kainate_3_5_complex	CPI-CC046773FBE	GRIK5	1.129	0.067	0.125	0.169	1.365	1.798	0.214	0.462	1.569	0.184	2.112	0.091	0.125	0.682	0.732	0.538	0.0	0.18	0.63	2.354	1.502	0.275	1.088	0.204	0.355	0.917	0.043	1.109	0.628	0.029	0.687	0.55
GRIK5	Q16478	True	GRIK5_HUMAN	Glutamate_Kainate_3_5_complex	CPI-CC032B985F7	GRIK5	1.129	0.067	0.125	0.169	1.365	1.798	0.214	0.462	1.569	0.184	2.112	0.091	0.125	0.682	0.732	0.538	0.0	0.18	0.63	2.354	1.502	0.275	1.088	0.204	0.355	0.917	0.043	1.109	0.628	0.029	0.687	0.55
GRIK5	Q16478	True	GRIK5_HUMAN	Glutamate_Kainate_3_5_complex	CPI-CC0E8B3C37F	GRIK5	1.129	0.067	0.125	0.169	1.365	1.798	0.214	0.462	1.569	0.184	2.112	0.091	0.125	0.682	0.732	0.538	0.0	0.18	0.63	2.354	1.502	0.275	1.088	0.204	0.355	0.917	0.043	1.109	0.628	0.029	0.687	0.55
GRIK5	Q16478	True	GRIK5_HUMAN	Glutamate_Kainate_3_5_complex	CPI-CC00605BE5F	GRIK5	1.129	0.067	0.125	0.169	1.365	1.798	0.214	0.462	1.569	0.184	2.112	0.091	0.125	0.682	0.732	0.538	0.0	0.18	0.63	2.354	1.502	0.275	1.088	0.204	0.355	0.917	0.043	1.109	0.628	0.029	0.687	0.55
GRIK5	Q16478	True	GRIK5_HUMAN	Glutamate_Kainate_3_5_complex	CPI-CC0567FF312	GRIK5	1.129	0.067	0.125	0.169	1.365	1.798	0.214	0.462	1.569	0.184	2.112	0.091	0.125	0.682	0.732	0.538	0.0	0.18	0.63	2.354	1.502	0.275	1.088	0.204	0.355	0.917	0.043	1.109	0.628	0.029	0.687	0.55
GRIK5	Q16478	True	GRIK5_HUMAN	Glutamate_Kainate_3_5_complex	CPI-CC015FAF28E	GRIK5	1.129	0.067	0.125	0.169	1.365	1.798	0.214	0.462	1.569	0.184	2.112	0.091	0.125	0.682	0.732	0.538	0.0	0.18	0.63	2.354	1.502	0.275	1.088	0.204	0.355	0.917	0.043	1.109	0.628	0.029	0.687	0.55
GRIN1	Q05586	True	NMDZ1_HUMAN	Glutamate_NMDA_1_2A_complex	CPI-CC0638AC67E	GRIN1	2.102	0.117	0.155	1.126	0.267	1.896	0.074	0.595	1.625	0.18	1.49	0.068	0.212	0.0	0.566	0.179	0.0	0.09	0.361	1.897	1.971	0.39	1.164	1.571	0.0	1.591	2.062	2.025	1.832	0.446	1.247	1.28
GRIN1	Q05586	True	NMDZ1_HUMAN	Glutamate_NMDA_1_2A_complex	CPI-CC0456B9A93	GRIN1	2.102	0.117	0.155	1.126	0.267	1.896	0.074	0.595	1.625	0.18	1.49	0.068	0.212	0.0	0.566	0.179	0.0	0.09	0.361	1.897	1.971	0.39	1.164	1.571	0.0	1.591	2.062	2.025	1.832	0.446	1.247	1.28
GRIN1	Q05586	True	NMDZ1_HUMAN	Glutamate_NMDA_1_2A_complex	CPI-CC0CE99AC11	GRIN1	2.102	0.117	0.155	1.126	0.267	1.896	0.074	0.595	1.625	0.18	1.49	0.068	0.212	0.0	0.566	0.179	0.0	0.09	0.361	1.897	1.971	0.39	1.164	1.571	0.0	1.591	2.062	2.025	1.832	0.446	1.247	1.28
GRIN1	Q05586	True	NMDZ1_HUMAN	Glutamate_NMDA_1_2A_complex	CPI-CC06CC71FC3	GRIN1	2.102	0.117	0.155	1.126	0.267	1.896	0.074	0.595	1.625	0.18	1.49	0.068	0.212	0.0	0.566	0.179	0.0	0.09	0.361	1.897	1.971	0.39	1.164	1.571	0.0	1.591	2.062	2.025	1.832	0.446	1.247	1.28
GRIN1	Q05586	True	NMDZ1_HUMAN	Glutamate_NMDA_1_2A_complex	CPI-CC06FC18E3A	GRIN1	2.102	0.117	0.155	1.126	0.267	1.896	0.074	0.595	1.625	0.18	1.49	0.068	0.212	0.0	0.566	0.179	0.0	0.09	0.361	1.897	1.971	0.39	1.164	1.571	0.0	1.591	2.062	2.025	1.832	0.446	1.247	1.28
GRIN1	Q05586	True	NMDZ1_HUMAN	Glutamate_NMDA_1_2A_complex	CPI-CC095C752D3	GRIN1	2.102	0.117	0.155	1.126	0.267	1.896	0.074	0.595	1.625	0.18	1.49	0.068	0.212	0.0	0.566	0.179	0.0	0.09	0.361	1.897	1.971	0.39	1.164	1.571	0.0	1.591	2.062	2.025	1.832	0.446	1.247	1.28
GRIN1	Q05586	True	NMDZ1_HUMAN	Glutamate_NMDA_1_2A_complex	CPI-CC05B7F59A7	GRIN1	2.102	0.117	0.155	1.126	0.267	1.896	0.074	0.595	1.625	0.18	1.49	0.068	0.212	0.0	0.566	0.179	0.0	0.09	0.361	1.897	1.971	0.39	1.164	1.571	0.0	1.591	2.062	2.025	1.832	0.446	1.247	1.28
GRIN1	Q05586	True	NMDZ1_HUMAN	Glutamate_NMDA_1_2A_complex	CPI-CC0FE97618B	GRIN1	2.102	0.117	0.155	1.126	0.267	1.896	0.074	0.595	1.625	0.18	1.49	0.068	0.212	0.0	0.566	0.179	0.0	0.09	0.361	1.897	1.971	0.39	1.164	1.571	0.0	1.591	2.062	2.025	1.832	0.446	1.247	1.28
GRIN1	Q05586	True	NMDZ1_HUMAN	Glutamate_NMDA_1_2A_complex	CPI-CC072B222EE	GRIN1	2.102	0.117	0.155	1.126	0.267	1.896	0.074	0.595	1.625	0.18	1.49	0.068	0.212	0.0	0.566	0.179	0.0	0.09	0.361	1.897	1.971	0.39	1.164	1.571	0.0	1.591	2.062	2.025	1.832	0.446	1.247	1.28
GRIN1	Q05586	True	NMDZ1_HUMAN	Glutamate_NMDA_1_2A_complex	CPI-CC01CD69B71	GRIN1	2.102	0.117	0.155	1.126	0.267	1.896	0.074	0.595	1.625	0.18	1.49	0.068	0.212	0.0	0.566	0.179	0.0	0.09	0.361	1.897	1.971	0.39	1.164	1.571	0.0	1.591	2.062	2.025	1.832	0.446	1.247	1.28
GRIN1	Q05586	True	NMDZ1_HUMAN	Glutamate_NMDA_1_2A_complex	CPI-CC064FD0FE9	GRIN1	2.102	0.117	0.155	1.126	0.267	1.896	0.074	0.595	1.625	0.18	1.49	0.068	0.212	0.0	0.566	0.179	0.0	0.09	0.361	1.897	1.971	0.39	1.164	1.571	0.0	1.591	2.062	2.025	1.832	0.446	1.247	1.28
GRIN1	Q05586	True	NMDZ1_HUMAN	Glutamate_NMDA_1_2A_complex	CPI-CC068956044	GRIN1	2.102	0.117	0.155	1.126	0.267	1.896	0.074	0.595	1.625	0.18	1.49	0.068	0.212	0.0	0.566	0.179	0.0	0.09	0.361	1.897	1.971	0.39	1.164	1.571	0.0	1.591	2.062	2.025	1.832	0.446	1.247	1.28
GRIN2A	Q12879	True	NMDE1_HUMAN	Glutamate_NMDA_1_2A_complex	CPI-CC0638AC67E	GRIN2A	2.102	0.117	0.155	1.126	0.267	1.896	0.074	0.595	1.625	0.18	1.49	0.068	0.212	0.0	0.566	0.179	0.0	0.09	0.361	1.897	1.971	0.39	1.164	1.571	0.0	1.591	2.062	2.025	1.832	0.446	1.247	1.28
GRIN2A	Q12879	True	NMDE1_HUMAN	Glutamate_NMDA_1_2A_complex	CPI-CC0456B9A93	GRIN2A	2.102	0.117	0.155	1.126	0.267	1.896	0.074	0.595	1.625	0.18	1.49	0.068	0.212	0.0	0.566	0.179	0.0	0.09	0.361	1.897	1.971	0.39	1.164	1.571	0.0	1.591	2.062	2.025	1.832	0.446	1.247	1.28
GRIN2A	Q12879	True	NMDE1_HUMAN	Glutamate_NMDA_1_2A_complex	CPI-CC0CE99AC11	GRIN2A	2.102	0.117	0.155	1.126	0.267	1.896	0.074	0.595	1.625	0.18	1.49	0.068	0.212	0.0	0.566	0.179	0.0	0.09	0.361	1.897	1.971	0.39	1.164	1.571	0.0	1.591	2.062	2.025	1.832	0.446	1.247	1.28
GRIN2A	Q12879	True	NMDE1_HUMAN	Glutamate_NMDA_1_2A_complex	CPI-CC06CC71FC3	GRIN2A	2.102	0.117	0.155	1.126	0.267	1.896	0.074	0.595	1.625	0.18	1.49	0.068	0.212	0.0	0.566	0.179	0.0	0.09	0.361	1.897	1.971	0.39	1.164	1.571	0.0	1.591	2.062	2.025	1.832	0.446	1.247	1.28
GRIN2A	Q12879	True	NMDE1_HUMAN	Glutamate_NMDA_1_2A_complex	CPI-CC06FC18E3A	GRIN2A	2.102	0.117	0.155	1.126	0.267	1.896	0.074	0.595	1.625	0.18	1.49	0.068	0.212	0.0	0.566	0.179	0.0	0.09	0.361	1.897	1.971	0.39	1.164	1.571	0.0	1.591	2.062	2.025	1.832	0.446	1.247	1.28
GRIN2A	Q12879	True	NMDE1_HUMAN	Glutamate_NMDA_1_2A_complex	CPI-CC095C752D3	GRIN2A	2.102	0.117	0.155	1.126	0.267	1.896	0.074	0.595	1.625	0.18	1.49	0.068	0.212	0.0	0.566	0.179	0.0	0.09	0.361	1.897	1.971	0.39	1.164	1.571	0.0	1.591	2.062	2.025	1.832	0.446	1.247	1.28
GRIN2A	Q12879	True	NMDE1_HUMAN	Glutamate_NMDA_1_2A_complex	CPI-CC05B7F59A7	GRIN2A	2.102	0.117	0.155	1.126	0.267	1.896	0.074	0.595	1.625	0.18	1.49	0.068	0.212	0.0	0.566	0.179	0.0	0.09	0.361	1.897	1.971	0.39	1.164	1.571	0.0	1.591	2.062	2.025	1.832	0.446	1.247	1.28
GRIN2A	Q12879	True	NMDE1_HUMAN	Glutamate_NMDA_1_2A_complex	CPI-CC0FE97618B	GRIN2A	2.102	0.117	0.155	1.126	0.267	1.896	0.074	0.595	1.625	0.18	1.49	0.068	0.212	0.0	0.566	0.179	0.0	0.09	0.361	1.897	1.971	0.39	1.164	1.571	0.0	1.591	2.062	2.025	1.832	0.446	1.247	1.28
GRIN2A	Q12879	True	NMDE1_HUMAN	Glutamate_NMDA_1_2A_complex	CPI-CC072B222EE	GRIN2A	2.102	0.117	0.155	1.126	0.267	1.896	0.074	0.595	1.625	0.18	1.49	0.068	0.212	0.0	0.566	0.179	0.0	0.09	0.361	1.897	1.971	0.39	1.164	1.571	0.0	1.591	2.062	2.025	1.832	0.446	1.247	1.28
GRIN2A	Q12879	True	NMDE1_HUMAN	Glutamate_NMDA_1_2A_complex	CPI-CC01CD69B71	GRIN2A	2.102	0.117	0.155	1.126	0.267	1.896	0.074	0.595	1.625	0.18	1.49	0.068	0.212	0.0	0.566	0.179	0.0	0.09	0.361	1.897	1.971	0.39	1.164	1.571	0.0	1.591	2.062	2.025	1.832	0.446	1.247	1.28
GRIN2A	Q12879	True	NMDE1_HUMAN	Glutamate_NMDA_1_2A_complex	CPI-CC064FD0FE9	GRIN2A	2.102	0.117	0.155	1.126	0.267	1.896	0.074	0.595	1.625	0.18	1.49	0.068	0.212	0.0	0.566	0.179	0.0	0.09	0.361	1.897	1.971	0.39	1.164	1.571	0.0	1.591	2.062	2.025	1.832	0.446	1.247	1.28
GRIN2A	Q12879	True	NMDE1_HUMAN	Glutamate_NMDA_1_2A_complex	CPI-CC068956044	GRIN2A	2.102	0.117	0.155	1.126	0.267	1.896	0.074	0.595	1.625	0.18	1.49	0.068	0.212	0.0	0.566	0.179	0.0	0.09	0.361	1.897	1.971	0.39	1.164	1.571	0.0	1.591	2.062	2.025	1.832	0.446	1.247	1.28
GRIN1	Q05586	True	NMDZ1_HUMAN	Glutamate_NMDA_1_2B_complex	CPI-CC09E794969	GRIN1	2.545	0.787	0.314	1.126	2.133	2.499	0.314	1.418	2.295	1.833	1.714	0.31	0.486	0.395	0.788	0.43	0.0	0.355	1.179	2.878	2.233	1.901	1.857	2.881	0.355	2.786	2.144	2.936	2.085	0.612	3.196	1.927
GRIN1	Q05586	True	NMDZ1_HUMAN	Glutamate_NMDA_1_2B_complex	CPI-CC0F0C48A55	GRIN1	2.545	0.787	0.314	1.126	2.133	2.499	0.314	1.418	2.295	1.833	1.714	0.31	0.486	0.395	0.788	0.43	0.0	0.355	1.179	2.878	2.233	1.901	1.857	2.881	0.355	2.786	2.144	2.936	2.085	0.612	3.196	1.927
GRIN1	Q05586	True	NMDZ1_HUMAN	Glutamate_NMDA_1_2B_complex	CPI-CC05708A400	GRIN1	2.545	0.787	0.314	1.126	2.133	2.499	0.314	1.418	2.295	1.833	1.714	0.31	0.486	0.395	0.788	0.43	0.0	0.355	1.179	2.878	2.233	1.901	1.857	2.881	0.355	2.786	2.144	2.936	2.085	0.612	3.196	1.927
GRIN1	Q05586	True	NMDZ1_HUMAN	Glutamate_NMDA_1_2B_complex	CPI-CC0E366FBD5	GRIN1	2.545	0.787	0.314	1.126	2.133	2.499	0.314	1.418	2.295	1.833	1.714	0.31	0.486	0.395	0.788	0.43	0.0	0.355	1.179	2.878	2.233	1.901	1.857	2.881	0.355	2.786	2.144	2.936	2.085	0.612	3.196	1.927
GRIN1	Q05586	True	NMDZ1_HUMAN	Glutamate_NMDA_1_2B_complex	CPI-CC0664821F8	GRIN1	2.545	0.787	0.314	1.126	2.133	2.499	0.314	1.418	2.295	1.833	1.714	0.31	0.486	0.395	0.788	0.43	0.0	0.355	1.179	2.878	2.233	1.901	1.857	2.881	0.355	2.786	2.144	2.936	2.085	0.612	3.196	1.927
GRIN1	Q05586	True	NMDZ1_HUMAN	Glutamate_NMDA_1_2B_complex	CPI-CC02CD61933	GRIN1	2.545	0.787	0.314	1.126	2.133	2.499	0.314	1.418	2.295	1.833	1.714	0.31	0.486	0.395	0.788	0.43	0.0	0.355	1.179	2.878	2.233	1.901	1.857	2.881	0.355	2.786	2.144	2.936	2.085	0.612	3.196	1.927
GRIN1	Q05586	True	NMDZ1_HUMAN	Glutamate_NMDA_1_2B_complex	CPI-CC081514479	GRIN1	2.545	0.787	0.314	1.126	2.133	2.499	0.314	1.418	2.295	1.833	1.714	0.31	0.486	0.395	0.788	0.43	0.0	0.355	1.179	2.878	2.233	1.901	1.857	2.881	0.355	2.786	2.144	2.936	2.085	0.612	3.196	1.927
GRIN1	Q05586	True	NMDZ1_HUMAN	Glutamate_NMDA_1_2B_complex	CPI-CC0B845D70B	GRIN1	2.545	0.787	0.314	1.126	2.133	2.499	0.314	1.418	2.295	1.833	1.714	0.31	0.486	0.395	0.788	0.43	0.0	0.355	1.179	2.878	2.233	1.901	1.857	2.881	0.355	2.786	2.144	2.936	2.085	0.612	3.196	1.927
GRIN1	Q05586	True	NMDZ1_HUMAN	Glutamate_NMDA_1_2B_complex	CPI-CC01F565028	GRIN1	2.545	0.787	0.314	1.126	2.133	2.499	0.314	1.418	2.295	1.833	1.714	0.31	0.486	0.395	0.788	0.43	0.0	0.355	1.179	2.878	2.233	1.901	1.857	2.881	0.355	2.786	2.144	2.936	2.085	0.612	3.196	1.927
GRIN1	Q05586	True	NMDZ1_HUMAN	Glutamate_NMDA_1_2B_complex	CPI-CC09EB70913	GRIN1	2.545	0.787	0.314	1.126	2.133	2.499	0.314	1.418	2.295	1.833	1.714	0.31	0.486	0.395	0.788	0.43	0.0	0.355	1.179	2.878	2.233	1.901	1.857	2.881	0.355	2.786	2.144	2.936	2.085	0.612	3.196	1.927
GRIN1	Q05586	True	NMDZ1_HUMAN	Glutamate_NMDA_1_2B_complex	CPI-CC04A0FDD1C	GRIN1	2.545	0.787	0.314	1.126	2.133	2.499	0.314	1.418	2.295	1.833	1.714	0.31	0.486	0.395	0.788	0.43	0.0	0.355	1.179	2.878	2.233	1.901	1.857	2.881	0.355	2.786	2.144	2.936	2.085	0.612	3.196	1.927
GRIN1	Q05586	True	NMDZ1_HUMAN	Glutamate_NMDA_1_2B_complex	CPI-CC02DBB58E9	GRIN1	2.545	0.787	0.314	1.126	2.133	2.499	0.314	1.418	2.295	1.833	1.714	0.31	0.486	0.395	0.788	0.43	0.0	0.355	1.179	2.878	2.233	1.901	1.857	2.881	0.355	2.786	2.144	2.936	2.085	0.612	3.196	1.927
GRIN2B	Q13224	True	NMDE2_HUMAN	Glutamate_NMDA_1_2B_complex	CPI-CC09E794969	GRIN2B	2.545	0.787	0.314	1.126	2.133	2.499	0.314	1.418	2.295	1.833	1.714	0.31	0.486	0.395	0.788	0.43	0.0	0.355	1.179	2.878	2.233	1.901	1.857	2.881	0.355	2.786	2.144	2.936	2.085	0.612	3.196	1.927
GRIN2B	Q13224	True	NMDE2_HUMAN	Glutamate_NMDA_1_2B_complex	CPI-CC0F0C48A55	GRIN2B	2.545	0.787	0.314	1.126	2.133	2.499	0.314	1.418	2.295	1.833	1.714	0.31	0.486	0.395	0.788	0.43	0.0	0.355	1.179	2.878	2.233	1.901	1.857	2.881	0.355	2.786	2.144	2.936	2.085	0.612	3.196	1.927
GRIN2B	Q13224	True	NMDE2_HUMAN	Glutamate_NMDA_1_2B_complex	CPI-CC05708A400	GRIN2B	2.545	0.787	0.314	1.126	2.133	2.499	0.314	1.418	2.295	1.833	1.714	0.31	0.486	0.395	0.788	0.43	0.0	0.355	1.179	2.878	2.233	1.901	1.857	2.881	0.355	2.786	2.144	2.936	2.085	0.612	3.196	1.927
GRIN2B	Q13224	True	NMDE2_HUMAN	Glutamate_NMDA_1_2B_complex	CPI-CC0E366FBD5	GRIN2B	2.545	0.787	0.314	1.126	2.133	2.499	0.314	1.418	2.295	1.833	1.714	0.31	0.486	0.395	0.788	0.43	0.0	0.355	1.179	2.878	2.233	1.901	1.857	2.881	0.355	2.786	2.144	2.936	2.085	0.612	3.196	1.927
GRIN2B	Q13224	True	NMDE2_HUMAN	Glutamate_NMDA_1_2B_complex	CPI-CC0664821F8	GRIN2B	2.545	0.787	0.314	1.126	2.133	2.499	0.314	1.418	2.295	1.833	1.714	0.31	0.486	0.395	0.788	0.43	0.0	0.355	1.179	2.878	2.233	1.901	1.857	2.881	0.355	2.786	2.144	2.936	2.085	0.612	3.196	1.927
GRIN2B	Q13224	True	NMDE2_HUMAN	Glutamate_NMDA_1_2B_complex	CPI-CC02CD61933	GRIN2B	2.545	0.787	0.314	1.126	2.133	2.499	0.314	1.418	2.295	1.833	1.714	0.31	0.486	0.395	0.788	0.43	0.0	0.355	1.179	2.878	2.233	1.901	1.857	2.881	0.355	2.786	2.144	2.936	2.085	0.612	3.196	1.927
GRIN2B	Q13224	True	NMDE2_HUMAN	Glutamate_NMDA_1_2B_complex	CPI-CC081514479	GRIN2B	2.545	0.787	0.314	1.126	2.133	2.499	0.314	1.418	2.295	1.833	1.714	0.31	0.486	0.395	0.788	0.43	0.0	0.355	1.179	2.878	2.233	1.901	1.857	2.881	0.355	2.786	2.144	2.936	2.085	0.612	3.196	1.927
GRIN2B	Q13224	True	NMDE2_HUMAN	Glutamate_NMDA_1_2B_complex	CPI-CC0B845D70B	GRIN2B	2.545	0.787	0.314	1.126	2.133	2.499	0.314	1.418	2.295	1.833	1.714	0.31	0.486	0.395	0.788	0.43	0.0	0.355	1.179	2.878	2.233	1.901	1.857	2.881	0.355	2.786	2.144	2.936	2.085	0.612	3.196	1.927
GRIN2B	Q13224	True	NMDE2_HUMAN	Glutamate_NMDA_1_2B_complex	CPI-CC01F565028	GRIN2B	2.545	0.787	0.314	1.126	2.133	2.499	0.314	1.418	2.295	1.833	1.714	0.31	0.486	0.395	0.788	0.43	0.0	0.355	1.179	2.878	2.233	1.901	1.857	2.881	0.355	2.786	2.144	2.936	2.085	0.612	3.196	1.927
GRIN2B	Q13224	True	NMDE2_HUMAN	Glutamate_NMDA_1_2B_complex	CPI-CC09EB70913	GRIN2B	2.545	0.787	0.314	1.126	2.133	2.499	0.314	1.418	2.295	1.833	1.714	0.31	0.486	0.395	0.788	0.43	0.0	0.355	1.179	2.878	2.233	1.901	1.857	2.881	0.355	2.786	2.144	2.936	2.085	0.612	3.196	1.927
GRIN2B	Q13224	True	NMDE2_HUMAN	Glutamate_NMDA_1_2B_complex	CPI-CC04A0FDD1C	GRIN2B	2.545	0.787	0.314	1.126	2.133	2.499	0.314	1.418	2.295	1.833	1.714	0.31	0.486	0.395	0.788	0.43	0.0	0.355	1.179	2.878	2.233	1.901	1.857	2.881	0.355	2.786	2.144	2.936	2.085	0.612	3.196	1.927
GRIN2B	Q13224	True	NMDE2_HUMAN	Glutamate_NMDA_1_2B_complex	CPI-CC02DBB58E9	GRIN2B	2.545	0.787	0.314	1.126	2.133	2.499	0.314	1.418	2.295	1.833	1.714	0.31	0.486	0.395	0.788	0.43	0.0	0.355	1.179	2.878	2.233	1.901	1.857	2.881	0.355	2.786	2.144	2.936	2.085	0.612	3.196	1.927
GRIN1	Q05586	True	NMDZ1_HUMAN	Glutamate_NMDA_1_2C_complex	CPI-CC037EB0864	GRIN1	0.217	0.0	0.051	0.204	0.0	0.531	0.0	0.053	0.074	0.0	0.403	0.0	0.0	0.056	0.025	0.0	0.0	0.014	0.103	0.488	0.242	2.038	0.333	0.381	0.0	0.075	0.116	0.099	0.088	0.012	0.123	0.088
GRIN1	Q05586	True	NMDZ1_HUMAN	Glutamate_NMDA_1_2C_complex	CPI-CC09A13B23F	GRIN1	0.217	0.0	0.051	0.204	0.0	0.531	0.0	0.053	0.074	0.0	0.403	0.0	0.0	0.056	0.025	0.0	0.0	0.014	0.103	0.488	0.242	2.038	0.333	0.381	0.0	0.075	0.116	0.099	0.088	0.012	0.123	0.088
GRIN1	Q05586	True	NMDZ1_HUMAN	Glutamate_NMDA_1_2C_complex	CPI-CC0FC2F01AB	GRIN1	0.217	0.0	0.051	0.204	0.0	0.531	0.0	0.053	0.074	0.0	0.403	0.0	0.0	0.056	0.025	0.0	0.0	0.014	0.103	0.488	0.242	2.038	0.333	0.381	0.0	0.075	0.116	0.099	0.088	0.012	0.123	0.088
GRIN1	Q05586	True	NMDZ1_HUMAN	Glutamate_NMDA_1_2C_complex	CPI-CC036772033	GRIN1	0.217	0.0	0.051	0.204	0.0	0.531	0.0	0.053	0.074	0.0	0.403	0.0	0.0	0.056	0.025	0.0	0.0	0.014	0.103	0.488	0.242	2.038	0.333	0.381	0.0	0.075	0.116	0.099	0.088	0.012	0.123	0.088
GRIN1	Q05586	True	NMDZ1_HUMAN	Glutamate_NMDA_1_2C_complex	CPI-CC05B3DB330	GRIN1	0.217	0.0	0.051	0.204	0.0	0.531	0.0	0.053	0.074	0.0	0.403	0.0	0.0	0.056	0.025	0.0	0.0	0.014	0.103	0.488	0.242	2.038	0.333	0.381	0.0	0.075	0.116	0.099	0.088	0.012	0.123	0.088
GRIN1	Q05586	True	NMDZ1_HUMAN	Glutamate_NMDA_1_2C_complex	CPI-CC0AD6F0571	GRIN1	0.217	0.0	0.051	0.204	0.0	0.531	0.0	0.053	0.074	0.0	0.403	0.0	0.0	0.056	0.025	0.0	0.0	0.014	0.103	0.488	0.242	2.038	0.333	0.381	0.0	0.075	0.116	0.099	0.088	0.012	0.123	0.088
GRIN1	Q05586	True	NMDZ1_HUMAN	Glutamate_NMDA_1_2C_complex	CPI-CC041297876	GRIN1	0.217	0.0	0.051	0.204	0.0	0.531	0.0	0.053	0.074	0.0	0.403	0.0	0.0	0.056	0.025	0.0	0.0	0.014	0.103	0.488	0.242	2.038	0.333	0.381	0.0	0.075	0.116	0.099	0.088	0.012	0.123	0.088
GRIN1	Q05586	True	NMDZ1_HUMAN	Glutamate_NMDA_1_2C_complex	CPI-CC0F0E50ABC	GRIN1	0.217	0.0	0.051	0.204	0.0	0.531	0.0	0.053	0.074	0.0	0.403	0.0	0.0	0.056	0.025	0.0	0.0	0.014	0.103	0.488	0.242	2.038	0.333	0.381	0.0	0.075	0.116	0.099	0.088	0.012	0.123	0.088
GRIN1	Q05586	True	NMDZ1_HUMAN	Glutamate_NMDA_1_2C_complex	CPI-CC01F8CA118	GRIN1	0.217	0.0	0.051	0.204	0.0	0.531	0.0	0.053	0.074	0.0	0.403	0.0	0.0	0.056	0.025	0.0	0.0	0.014	0.103	0.488	0.242	2.038	0.333	0.381	0.0	0.075	0.116	0.099	0.088	0.012	0.123	0.088
GRIN1	Q05586	True	NMDZ1_HUMAN	Glutamate_NMDA_1_2C_complex	CPI-CC0BB3C6CB3	GRIN1	0.217	0.0	0.051	0.204	0.0	0.531	0.0	0.053	0.074	0.0	0.403	0.0	0.0	0.056	0.025	0.0	0.0	0.014	0.103	0.488	0.242	2.038	0.333	0.381	0.0	0.075	0.116	0.099	0.088	0.012	0.123	0.088
GRIN1	Q05586	True	NMDZ1_HUMAN	Glutamate_NMDA_1_2C_complex	CPI-CC00F5F0266	GRIN1	0.217	0.0	0.051	0.204	0.0	0.531	0.0	0.053	0.074	0.0	0.403	0.0	0.0	0.056	0.025	0.0	0.0	0.014	0.103	0.488	0.242	2.038	0.333	0.381	0.0	0.075	0.116	0.099	0.088	0.012	0.123	0.088
GRIN1	Q05586	True	NMDZ1_HUMAN	Glutamate_NMDA_1_2C_complex	CPI-CC0F83E11EB	GRIN1	0.217	0.0	0.051	0.204	0.0	0.531	0.0	0.053	0.074	0.0	0.403	0.0	0.0	0.056	0.025	0.0	0.0	0.014	0.103	0.488	0.242	2.038	0.333	0.381	0.0	0.075	0.116	0.099	0.088	0.012	0.123	0.088
GRIN2C	Q14957	True	NMDE3_HUMAN	Glutamate_NMDA_1_2C_complex	CPI-CC037EB0864	GRIN2C	0.217	0.0	0.051	0.204	0.0	0.531	0.0	0.053	0.074	0.0	0.403	0.0	0.0	0.056	0.025	0.0	0.0	0.014	0.103	0.488	0.242	2.038	0.333	0.381	0.0	0.075	0.116	0.099	0.088	0.012	0.123	0.088
GRIN2C	Q14957	True	NMDE3_HUMAN	Glutamate_NMDA_1_2C_complex	CPI-CC09A13B23F	GRIN2C	0.217	0.0	0.051	0.204	0.0	0.531	0.0	0.053	0.074	0.0	0.403	0.0	0.0	0.056	0.025	0.0	0.0	0.014	0.103	0.488	0.242	2.038	0.333	0.381	0.0	0.075	0.116	0.099	0.088	0.012	0.123	0.088
GRIN2C	Q14957	True	NMDE3_HUMAN	Glutamate_NMDA_1_2C_complex	CPI-CC0FC2F01AB	GRIN2C	0.217	0.0	0.051	0.204	0.0	0.531	0.0	0.053	0.074	0.0	0.403	0.0	0.0	0.056	0.025	0.0	0.0	0.014	0.103	0.488	0.242	2.038	0.333	0.381	0.0	0.075	0.116	0.099	0.088	0.012	0.123	0.088
GRIN2C	Q14957	True	NMDE3_HUMAN	Glutamate_NMDA_1_2C_complex	CPI-CC036772033	GRIN2C	0.217	0.0	0.051	0.204	0.0	0.531	0.0	0.053	0.074	0.0	0.403	0.0	0.0	0.056	0.025	0.0	0.0	0.014	0.103	0.488	0.242	2.038	0.333	0.381	0.0	0.075	0.116	0.099	0.088	0.012	0.123	0.088
GRIN2C	Q14957	True	NMDE3_HUMAN	Glutamate_NMDA_1_2C_complex	CPI-CC05B3DB330	GRIN2C	0.217	0.0	0.051	0.204	0.0	0.531	0.0	0.053	0.074	0.0	0.403	0.0	0.0	0.056	0.025	0.0	0.0	0.014	0.103	0.488	0.242	2.038	0.333	0.381	0.0	0.075	0.116	0.099	0.088	0.012	0.123	0.088
GRIN2C	Q14957	True	NMDE3_HUMAN	Glutamate_NMDA_1_2C_complex	CPI-CC0AD6F0571	GRIN2C	0.217	0.0	0.051	0.204	0.0	0.531	0.0	0.053	0.074	0.0	0.403	0.0	0.0	0.056	0.025	0.0	0.0	0.014	0.103	0.488	0.242	2.038	0.333	0.381	0.0	0.075	0.116	0.099	0.088	0.012	0.123	0.088
GRIN2C	Q14957	True	NMDE3_HUMAN	Glutamate_NMDA_1_2C_complex	CPI-CC041297876	GRIN2C	0.217	0.0	0.051	0.204	0.0	0.531	0.0	0.053	0.074	0.0	0.403	0.0	0.0	0.056	0.025	0.0	0.0	0.014	0.103	0.488	0.242	2.038	0.333	0.381	0.0	0.075	0.116	0.099	0.088	0.012	0.123	0.088
GRIN2C	Q14957	True	NMDE3_HUMAN	Glutamate_NMDA_1_2C_complex	CPI-CC0F0E50ABC	GRIN2C	0.217	0.0	0.051	0.204	0.0	0.531	0.0	0.053	0.074	0.0	0.403	0.0	0.0	0.056	0.025	0.0	0.0	0.014	0.103	0.488	0.242	2.038	0.333	0.381	0.0	0.075	0.116	0.099	0.088	0.012	0.123	0.088
GRIN2C	Q14957	True	NMDE3_HUMAN	Glutamate_NMDA_1_2C_complex	CPI-CC01F8CA118	GRIN2C	0.217	0.0	0.051	0.204	0.0	0.531	0.0	0.053	0.074	0.0	0.403	0.0	0.0	0.056	0.025	0.0	0.0	0.014	0.103	0.488	0.242	2.038	0.333	0.381	0.0	0.075	0.116	0.099	0.088	0.012	0.123	0.088
GRIN2C	Q14957	True	NMDE3_HUMAN	Glutamate_NMDA_1_2C_complex	CPI-CC0BB3C6CB3	GRIN2C	0.217	0.0	0.051	0.204	0.0	0.531	0.0	0.053	0.074	0.0	0.403	0.0	0.0	0.056	0.025	0.0	0.0	0.014	0.103	0.488	0.242	2.038	0.333	0.381	0.0	0.075	0.116	0.099	0.088	0.012	0.123	0.088
GRIN2C	Q14957	True	NMDE3_HUMAN	Glutamate_NMDA_1_2C_complex	CPI-CC00F5F0266	GRIN2C	0.217	0.0	0.051	0.204	0.0	0.531	0.0	0.053	0.074	0.0	0.403	0.0	0.0	0.056	0.025	0.0	0.0	0.014	0.103	0.488	0.242	2.038	0.333	0.381	0.0	0.075	0.116	0.099	0.088	0.012	0.123	0.088
GRIN2C	Q14957	True	NMDE3_HUMAN	Glutamate_NMDA_1_2C_complex	CPI-CC0F83E11EB	GRIN2C	0.217	0.0	0.051	0.204	0.0	0.531	0.0	0.053	0.074	0.0	0.403	0.0	0.0	0.056	0.025	0.0	0.0	0.014	0.103	0.488	0.242	2.038	0.333	0.381	0.0	0.075	0.116	0.099	0.088	0.012	0.123	0.088
GRIN1	Q05586	True	NMDZ1_HUMAN	Glutamate_NMDA_1_2D_complex	CPI-CC04BD88A3A	GRIN1	1.037	0.043	0.049	0.185	0.758	0.633	0.139	0.123	0.105	0.637	0.779	0.098	0.064	0.131	0.229	0.151	0.0	0.02	0.223	0.825	0.832	0.953	0.726	1.956	0.0	0.711	0.058	0.813	0.644	0.244	0.533	0.653
GRIN1	Q05586	True	NMDZ1_HUMAN	Glutamate_NMDA_1_2D_complex	CPI-CC0B3CE8661	GRIN1	1.037	0.043	0.049	0.185	0.758	0.633	0.139	0.123	0.105	0.637	0.779	0.098	0.064	0.131	0.229	0.151	0.0	0.02	0.223	0.825	0.832	0.953	0.726	1.956	0.0	0.711	0.058	0.813	0.644	0.244	0.533	0.653
GRIN1	Q05586	True	NMDZ1_HUMAN	Glutamate_NMDA_1_2D_complex	CPI-CC037A4383F	GRIN1	1.037	0.043	0.049	0.185	0.758	0.633	0.139	0.123	0.105	0.637	0.779	0.098	0.064	0.131	0.229	0.151	0.0	0.02	0.223	0.825	0.832	0.953	0.726	1.956	0.0	0.711	0.058	0.813	0.644	0.244	0.533	0.653
GRIN1	Q05586	True	NMDZ1_HUMAN	Glutamate_NMDA_1_2D_complex	CPI-CC016C39E1C	GRIN1	1.037	0.043	0.049	0.185	0.758	0.633	0.139	0.123	0.105	0.637	0.779	0.098	0.064	0.131	0.229	0.151	0.0	0.02	0.223	0.825	0.832	0.953	0.726	1.956	0.0	0.711	0.058	0.813	0.644	0.244	0.533	0.653
GRIN1	Q05586	True	NMDZ1_HUMAN	Glutamate_NMDA_1_2D_complex	CPI-CC002EFE61E	GRIN1	1.037	0.043	0.049	0.185	0.758	0.633	0.139	0.123	0.105	0.637	0.779	0.098	0.064	0.131	0.229	0.151	0.0	0.02	0.223	0.825	0.832	0.953	0.726	1.956	0.0	0.711	0.058	0.813	0.644	0.244	0.533	0.653
GRIN1	Q05586	True	NMDZ1_HUMAN	Glutamate_NMDA_1_2D_complex	CPI-CC054692E80	GRIN1	1.037	0.043	0.049	0.185	0.758	0.633	0.139	0.123	0.105	0.637	0.779	0.098	0.064	0.131	0.229	0.151	0.0	0.02	0.223	0.825	0.832	0.953	0.726	1.956	0.0	0.711	0.058	0.813	0.644	0.244	0.533	0.653
GRIN1	Q05586	True	NMDZ1_HUMAN	Glutamate_NMDA_1_2D_complex	CPI-CC0B72458CD	GRIN1	1.037	0.043	0.049	0.185	0.758	0.633	0.139	0.123	0.105	0.637	0.779	0.098	0.064	0.131	0.229	0.151	0.0	0.02	0.223	0.825	0.832	0.953	0.726	1.956	0.0	0.711	0.058	0.813	0.644	0.244	0.533	0.653
GRIN1	Q05586	True	NMDZ1_HUMAN	Glutamate_NMDA_1_2D_complex	CPI-CC0AA96E404	GRIN1	1.037	0.043	0.049	0.185	0.758	0.633	0.139	0.123	0.105	0.637	0.779	0.098	0.064	0.131	0.229	0.151	0.0	0.02	0.223	0.825	0.832	0.953	0.726	1.956	0.0	0.711	0.058	0.813	0.644	0.244	0.533	0.653
GRIN1	Q05586	True	NMDZ1_HUMAN	Glutamate_NMDA_1_2D_complex	CPI-CC07C08B2DE	GRIN1	1.037	0.043	0.049	0.185	0.758	0.633	0.139	0.123	0.105	0.637	0.779	0.098	0.064	0.131	0.229	0.151	0.0	0.02	0.223	0.825	0.832	0.953	0.726	1.956	0.0	0.711	0.058	0.813	0.644	0.244	0.533	0.653
GRIN1	Q05586	True	NMDZ1_HUMAN	Glutamate_NMDA_1_2D_complex	CPI-CC01E49D97E	GRIN1	1.037	0.043	0.049	0.185	0.758	0.633	0.139	0.123	0.105	0.637	0.779	0.098	0.064	0.131	0.229	0.151	0.0	0.02	0.223	0.825	0.832	0.953	0.726	1.956	0.0	0.711	0.058	0.813	0.644	0.244	0.533	0.653
GRIN1	Q05586	True	NMDZ1_HUMAN	Glutamate_NMDA_1_2D_complex	CPI-CC00BFD8B11	GRIN1	1.037	0.043	0.049	0.185	0.758	0.633	0.139	0.123	0.105	0.637	0.779	0.098	0.064	0.131	0.229	0.151	0.0	0.02	0.223	0.825	0.832	0.953	0.726	1.956	0.0	0.711	0.058	0.813	0.644	0.244	0.533	0.653
GRIN1	Q05586	True	NMDZ1_HUMAN	Glutamate_NMDA_1_2D_complex	CPI-CC0D299DB74	GRIN1	1.037	0.043	0.049	0.185	0.758	0.633	0.139	0.123	0.105	0.637	0.779	0.098	0.064	0.131	0.229	0.151	0.0	0.02	0.223	0.825	0.832	0.953	0.726	1.956	0.0	0.711	0.058	0.813	0.644	0.244	0.533	0.653
GRIN2D	O15399	True	NMDE4_HUMAN	Glutamate_NMDA_1_2D_complex	CPI-CC04BD88A3A	GRIN2D	1.037	0.043	0.049	0.185	0.758	0.633	0.139	0.123	0.105	0.637	0.779	0.098	0.064	0.131	0.229	0.151	0.0	0.02	0.223	0.825	0.832	0.953	0.726	1.956	0.0	0.711	0.058	0.813	0.644	0.244	0.533	0.653
GRIN2D	O15399	True	NMDE4_HUMAN	Glutamate_NMDA_1_2D_complex	CPI-CC0B3CE8661	GRIN2D	1.037	0.043	0.049	0.185	0.758	0.633	0.139	0.123	0.105	0.637	0.779	0.098	0.064	0.131	0.229	0.151	0.0	0.02	0.223	0.825	0.832	0.953	0.726	1.956	0.0	0.711	0.058	0.813	0.644	0.244	0.533	0.653
GRIN2D	O15399	True	NMDE4_HUMAN	Glutamate_NMDA_1_2D_complex	CPI-CC037A4383F	GRIN2D	1.037	0.043	0.049	0.185	0.758	0.633	0.139	0.123	0.105	0.637	0.779	0.098	0.064	0.131	0.229	0.151	0.0	0.02	0.223	0.825	0.832	0.953	0.726	1.956	0.0	0.711	0.058	0.813	0.644	0.244	0.533	0.653
GRIN2D	O15399	True	NMDE4_HUMAN	Glutamate_NMDA_1_2D_complex	CPI-CC016C39E1C	GRIN2D	1.037	0.043	0.049	0.185	0.758	0.633	0.139	0.123	0.105	0.637	0.779	0.098	0.064	0.131	0.229	0.151	0.0	0.02	0.223	0.825	0.832	0.953	0.726	1.956	0.0	0.711	0.058	0.813	0.644	0.244	0.533	0.653
GRIN2D	O15399	True	NMDE4_HUMAN	Glutamate_NMDA_1_2D_complex	CPI-CC002EFE61E	GRIN2D	1.037	0.043	0.049	0.185	0.758	0.633	0.139	0.123	0.105	0.637	0.779	0.098	0.064	0.131	0.229	0.151	0.0	0.02	0.223	0.825	0.832	0.953	0.726	1.956	0.0	0.711	0.058	0.813	0.644	0.244	0.533	0.653
GRIN2D	O15399	True	NMDE4_HUMAN	Glutamate_NMDA_1_2D_complex	CPI-CC054692E80	GRIN2D	1.037	0.043	0.049	0.185	0.758	0.633	0.139	0.123	0.105	0.637	0.779	0.098	0.064	0.131	0.229	0.151	0.0	0.02	0.223	0.825	0.832	0.953	0.726	1.956	0.0	0.711	0.058	0.813	0.644	0.244	0.533	0.653
GRIN2D	O15399	True	NMDE4_HUMAN	Glutamate_NMDA_1_2D_complex	CPI-CC0B72458CD	GRIN2D	1.037	0.043	0.049	0.185	0.758	0.633	0.139	0.123	0.105	0.637	0.779	0.098	0.064	0.131	0.229	0.151	0.0	0.02	0.223	0.825	0.832	0.953	0.726	1.956	0.0	0.711	0.058	0.813	0.644	0.244	0.533	0.653
GRIN2D	O15399	True	NMDE4_HUMAN	Glutamate_NMDA_1_2D_complex	CPI-CC0AA96E404	GRIN2D	1.037	0.043	0.049	0.185	0.758	0.633	0.139	0.123	0.105	0.637	0.779	0.098	0.064	0.131	0.229	0.151	0.0	0.02	0.223	0.825	0.832	0.953	0.726	1.956	0.0	0.711	0.058	0.813	0.644	0.244	0.533	0.653
GRIN2D	O15399	True	NMDE4_HUMAN	Glutamate_NMDA_1_2D_complex	CPI-CC07C08B2DE	GRIN2D	1.037	0.043	0.049	0.185	0.758	0.633	0.139	0.123	0.105	0.637	0.779	0.098	0.064	0.131	0.229	0.151	0.0	0.02	0.223	0.825	0.832	0.953	0.726	1.956	0.0	0.711	0.058	0.813	0.644	0.244	0.533	0.653
GRIN2D	O15399	True	NMDE4_HUMAN	Glutamate_NMDA_1_2D_complex	CPI-CC01E49D97E	GRIN2D	1.037	0.043	0.049	0.185	0.758	0.633	0.139	0.123	0.105	0.637	0.779	0.098	0.064	0.131	0.229	0.151	0.0	0.02	0.223	0.825	0.832	0.953	0.726	1.956	0.0	0.711	0.058	0.813	0.644	0.244	0.533	0.653
GRIN2D	O15399	True	NMDE4_HUMAN	Glutamate_NMDA_1_2D_complex	CPI-CC00BFD8B11	GRIN2D	1.037	0.043	0.049	0.185	0.758	0.633	0.139	0.123	0.105	0.637	0.779	0.098	0.064	0.131	0.229	0.151	0.0	0.02	0.223	0.825	0.832	0.953	0.726	1.956	0.0	0.711	0.058	0.813	0.644	0.244	0.533	0.653
GRIN2D	O15399	True	NMDE4_HUMAN	Glutamate_NMDA_1_2D_complex	CPI-CC0D299DB74	GRIN2D	1.037	0.043	0.049	0.185	0.758	0.633	0.139	0.123	0.105	0.637	0.779	0.098	0.064	0.131	0.229	0.151	0.0	0.02	0.223	0.825	0.832	0.953	0.726	1.956	0.0	0.711	0.058	0.813	0.644	0.244	0.533	0.653
GLRA1	P23415	True	GLRA1_HUMAN	Glycine_a1b_complex	CPI-CC013523ED0	GLRA1	0.852	0.085	0.059	1.021	0.05	0.699	0.088	0.06	0.235	0.138	0.097	0.0	0.035	0.0	0.071	0.0	0.0	0.018	0.08	0.583	0.214	0.081	0.677	0.108	0.0	0.37	0.493	0.744	0.377	0.051	0.067	0.402
GLRA1	P23415	True	GLRA1_HUMAN	Glycine_a1b_complex	CPI-CC038A555FC	GLRA1	0.852	0.085	0.059	1.021	0.05	0.699	0.088	0.06	0.235	0.138	0.097	0.0	0.035	0.0	0.071	0.0	0.0	0.018	0.08	0.583	0.214	0.081	0.677	0.108	0.0	0.37	0.493	0.744	0.377	0.051	0.067	0.402
GLRA1	P23415	True	GLRA1_HUMAN	Glycine_a1b_complex	CPI-CC014456804	GLRA1	0.852	0.085	0.059	1.021	0.05	0.699	0.088	0.06	0.235	0.138	0.097	0.0	0.035	0.0	0.071	0.0	0.0	0.018	0.08	0.583	0.214	0.081	0.677	0.108	0.0	0.37	0.493	0.744	0.377	0.051	0.067	0.402
GLRA1	P23415	True	GLRA1_HUMAN	Glycine_a1b_complex	CPI-CC00045ECF5	GLRA1	0.852	0.085	0.059	1.021	0.05	0.699	0.088	0.06	0.235	0.138	0.097	0.0	0.035	0.0	0.071	0.0	0.0	0.018	0.08	0.583	0.214	0.081	0.677	0.108	0.0	0.37	0.493	0.744	0.377	0.051	0.067	0.402
GLRB	P48167	True	GLRB_HUMAN	Glycine_a1b_complex	CPI-CC013523ED0	GLRB	0.852	0.085	0.059	1.021	0.05	0.699	0.088	0.06	0.235	0.138	0.097	0.0	0.035	0.0	0.071	0.0	0.0	0.018	0.08	0.583	0.214	0.081	0.677	0.108	0.0	0.37	0.493	0.744	0.377	0.051	0.067	0.402
GLRB	P48167	True	GLRB_HUMAN	Glycine_a1b_complex	CPI-CC038A555FC	GLRB	0.852	0.085	0.059	1.021	0.05	0.699	0.088	0.06	0.235	0.138	0.097	0.0	0.035	0.0	0.071	0.0	0.0	0.018	0.08	0.583	0.214	0.081	0.677	0.108	0.0	0.37	0.493	0.744	0.377	0.051	0.067	0.402
GLRB	P48167	True	GLRB_HUMAN	Glycine_a1b_complex	CPI-CC014456804	GLRB	0.852	0.085	0.059	1.021	0.05	0.699	0.088	0.06	0.235	0.138	0.097	0.0	0.035	0.0	0.071	0.0	0.0	0.018	0.08	0.583	0.214	0.081	0.677	0.108	0.0	0.37	0.493	0.744	0.377	0.051	0.067	0.402
GLRB	P48167	True	GLRB_HUMAN	Glycine_a1b_complex	CPI-CC00045ECF5	GLRB	0.852	0.085	0.059	1.021	0.05	0.699	0.088	0.06	0.235	0.138	0.097	0.0	0.035	0.0	0.071	0.0	0.0	0.018	0.08	0.583	0.214	0.081	0.677	0.108	0.0	0.37	0.493	0.744	0.377	0.051	0.067	0.402
GLRA2	P23416	True	GLRA2_HUMAN	Glycine_a2_complex	CPI-CC0DE37C04C	GLRA2	0.279	0.263	0.056	0.138	0.208	0.62	0.019	0.467	0.095	0.0	0.047	0.0	0.086	0.0	0.1	0.0	0.0	0.0	0.0	0.462	0.292	0.05	0.201	0.819	0.0	0.369	0.055	0.546	0.555	0.208	0.552	0.235
GLRA2	P23416	True	GLRA2_HUMAN	Glycine_a2_complex	CPI-CC054A40212	GLRA2	0.279	0.263	0.056	0.138	0.208	0.62	0.019	0.467	0.095	0.0	0.047	0.0	0.086	0.0	0.1	0.0	0.0	0.0	0.0	0.462	0.292	0.05	0.201	0.819	0.0	0.369	0.055	0.546	0.555	0.208	0.552	0.235
GLRA2	P23416	True	GLRA2_HUMAN	Glycine_a2_complex	CPI-CC0F959FD6A	GLRA2	0.279	0.263	0.056	0.138	0.208	0.62	0.019	0.467	0.095	0.0	0.047	0.0	0.086	0.0	0.1	0.0	0.0	0.0	0.0	0.462	0.292	0.05	0.201	0.819	0.0	0.369	0.055	0.546	0.555	0.208	0.552	0.235
GLRA2	P23416	True	GLRA2_HUMAN	Glycine_a2_complex	CPI-CC0EA1D60C5	GLRA2	0.279	0.263	0.056	0.138	0.208	0.62	0.019	0.467	0.095	0.0	0.047	0.0	0.086	0.0	0.1	0.0	0.0	0.0	0.0	0.462	0.292	0.05	0.201	0.819	0.0	0.369	0.055	0.546	0.555	0.208	0.552	0.235
CHRNA7	P36544	True	ACHA7_HUMAN	nAChR_a7_complex	CPI-CC0A55D72E8	CHRNA7	0.032	0.0	0.0	0.08	0.0	0.0	0.233	0.0	0.037	0.062	0.0	0.06	0.0	0.0	0.009	0.0	0.0	0.0	0.0	0.0	0.0	0.0	0.0	0.101	0.0	0.012	0.0	0.026	0.018	0.016	0.0	0.027
CHRNA7	P36544	True	ACHA7_HUMAN	nAChR_a7_complex	CPI-CC0A4E09DEF	CHRNA7	0.032	0.0	0.0	0.08	0.0	0.0	0.233	0.0	0.037	0.062	0.0	0.06	0.0	0.0	0.009	0.0	0.0	0.0	0.0	0.0	0.0	0.0	0.0	0.101	0.0	0.012	0.0	0.026	0.018	0.016	0.0	0.027
CADM1	Q9BY67	False	CADM1_HUMAN		CPI-SS09C06644C	CADM1	2.82	2.174	0.901	1.916	2.712	3.483	1.207	2.486	2.201	0.876	2.131	1.12	2.403	1.306	3.123	1.312	0.0	0.907	1.153	2.482	3.155	1.745	3.62	2.661	1.986	2.406	2.429	2.716	2.318	1.995	3.612	1.938
NECTIN3	Q9NQS3	False	PVRL3_HUMAN		CPI-SS0B990492C	NECTIN3	0.01	0.351	0.316	0.0	0.0	0.026	0.051	0.119	0.091	0.123	0.022	0.0	0.0	0.0	0.065	0.0	0.0	0.0	0.0	0.024	0.205	0.092	0.07	0.047	0.0	0.008	0.082	0.017	0.045	0.0	0.268	0.009
NECTIN3	Q9NQS3	False	PVRL3_HUMAN		CPI-SS00550260E	NECTIN3	0.01	0.351	0.316	0.0	0.0	0.026	0.051	0.119	0.091	0.123	0.022	0.0	0.0	0.0	0.065	0.0	0.0	0.0	0.0	0.024	0.205	0.092	0.07	0.047	0.0	0.008	0.082	0.017	0.045	0.0	0.268	0.009
NECTIN3	Q9NQS3	False	PVRL3_HUMAN		CPI-SS0C5E9FBFB	NECTIN3	0.01	0.351	0.316	0.0	0.0	0.026	0.051	0.119	0.091	0.123	0.022	0.0	0.0	0.0	0.065	0.0	0.0	0.0	0.0	0.024	0.205	0.092	0.07	0.047	0.0	0.008	0.082	0.017	0.045	0.0	0.268	0.009
NECTIN3	Q9NQS3	False	PVRL3_HUMAN		CPI-SS02FBD007E	NECTIN3	0.01	0.351	0.316	0.0	0.0	0.026	0.051	0.119	0.091	0.123	0.022	0.0	0.0	0.0	0.065	0.0	0.0	0.0	0.0	0.024	0.205	0.092	0.07	0.047	0.0	0.008	0.082	0.017	0.045	0.0	0.268	0.009
CADM4	Q8NFZ8	False	CADM4_HUMAN		CPI-SS02D18D12B	CADM4	1.167	0.103	1.012	0.581	1.01	0.953	0.696	0.063	0.544	0.651	1.389	0.19	1.016	1.038	0.961	0.343	0.0	1.028	0.717	1.214	0.147	0.25	0.56	1.163	0.0	0.841	0.698	0.613	0.828	1.396	0.152	1.137
EPB41L1	Q9H4G0	False	E41L1_HUMAN		CPI-SS0B3829651	EPB41L1	0.967	0.193	0.292	0.517	1.314	0.907	0.142	0.179	0.818	0.642	0.923	0.038	0.11	0.0	0.141	0.412	0.0	1.302	0.321	0.85	1.159	0.377	0.759	0.859	0.0	0.907	1.038	0.576	0.537	0.819	1.267	0.648
ADGRG6	Q86SQ4	False	AGRG6_HUMAN		CPI-SS015BF69EE	ADGRG6	0.03	0.0	0.0	0.027	0.033	0.068	0.099	0.0	0.03	0.0	0.0	0.0	0.099	0.0	0.0	0.0	0.0	0.0	0.0	0.0	0.065	0.043	0.0	0.0	0.0	0.04	0.044	0.078	0.026	0.0	0.023	0.056
ADGRG6	Q86SQ4	False	AGRG6_HUMAN		CPI-SS06D2944B5	ADGRG6	0.03	0.0	0.0	0.027	0.033	0.068	0.099	0.0	0.03	0.0	0.0	0.0	0.099	0.0	0.0	0.0	0.0	0.0	0.0	0.0	0.065	0.043	0.0	0.0	0.0	0.04	0.044	0.078	0.026	0.0	0.023	0.056
ADGRG6	Q86SQ4	False	AGRG6_HUMAN		CPI-SS0924C61F1	ADGRG6	0.03	0.0	0.0	0.027	0.033	0.068	0.099	0.0	0.03	0.0	0.0	0.0	0.099	0.0	0.0	0.0	0.0	0.0	0.0	0.0	0.065	0.043	0.0	0.0	0.0	0.04	0.044	0.078	0.026	0.0	0.023	0.056
ADGRG6	Q86SQ4	False	AGRG6_HUMAN		CPI-SS0335C4DDE	ADGRG6	0.03	0.0	0.0	0.027	0.033	0.068	0.099	0.0	0.03	0.0	0.0	0.0	0.099	0.0	0.0	0.0	0.0	0.0	0.0	0.0	0.065	0.043	0.0	0.0	0.0	0.04	0.044	0.078	0.026	0.0	0.023	0.056
DSG2	Q14126	False	DSG2_HUMAN		CPI-SS06D13FCD3	DSG2	0.074	0.0	0.022	0.0	0.038	0.026	0.0	0.055	0.0	0.0	0.0	0.025	0.0	0.104	0.086	0.0	0.0	0.0	0.112	0.09	0.032	0.0	0.0	0.0	0.0	0.037	0.0	0.03	0.135	0.0	0.004	0.059
GJA1	P17302	False	CXA1_HUMAN		CPI-SS0C4261737	GJA1	0.028	0.025	0.044	0.0	0.062	0.029	1.05	0.058	0.0	0.0	0.0	0.354	2.39	1.198	2.145	0.735	0.0	0.0	0.112	0.052	0.072	0.05	0.0	0.0	0.0	0.012	0.075	0.048	0.0	0.016	0.035	0.0
GJA5	P36382	False	CXA5_HUMAN		CPI-SS024F36886	GJA5	0.006	0.0	0.0	0.026	0.0	0.047	0.0	0.0	0.0	0.0	0.038	0.0	0.0	0.0	0.0	0.0	0.0	0.0	0.0	0.0	0.013	0.0	0.0	0.0	0.0	0.0	0.0	0.0	0.0	0.0	0.0	0.022
GJA5	P36382	False	CXA5_HUMAN		CPI-SS0E7883ADC	GJA5	0.006	0.0	0.0	0.026	0.0	0.047	0.0	0.0	0.0	0.0	0.038	0.0	0.0	0.0	0.0	0.0	0.0	0.0	0.0	0.0	0.013	0.0	0.0	0.0	0.0	0.0	0.0	0.0	0.0	0.0	0.0	0.022
CADM3	Q8N126	False	CADM3_HUMAN		CPI-SS00661A3A4	CADM3	1.117	0.428	0.156	0.749	1.594	0.661	0.508	0.772	0.598	0.18	0.949	0.245	0.781	0.239	0.755	0.0	0.0	0.104	0.25	0.611	0.701	0.288	1.593	1.322	0.43	1.081	1.291	0.914	0.618	0.225	1.235	0.466
NECTIN4	Q96NY8	False	PVRL4_HUMAN		CPI-SS01E0F2D2C	NECTIN4	0.022	0.0	0.0	0.09	0.042	0.037	0.024	0.0	0.0	0.094	0.0	0.0	0.0	0.0	0.052	0.0	0.0	0.0	0.0	0.0	0.028	0.0	0.0	0.0	0.43	0.023	0.009	0.018	0.0	0.062	0.0	0.021
CD36	P16671	False	CD36_HUMAN		CPI-SS0C93E48D7	CD36	0.02	0.0	0.047	0.0	0.0	0.0	0.0	0.0	0.165	0.257	0.048	0.0	0.0	0.0	0.037	0.0	0.0	0.0	0.0	0.0	0.193	0.0	0.0	0.0	0.0	0.006	0.182	0.0	0.0	0.28	0.085	0.053
CD36	P16671	False	CD36_HUMAN		CPI-SS0914C7C85	CD36	0.02	0.0	0.047	0.0	0.0	0.0	0.0	0.0	0.165	0.257	0.048	0.0	0.0	0.0	0.037	0.0	0.0	0.0	0.0	0.0	0.193	0.0	0.0	0.0	0.0	0.006	0.182	0.0	0.0	0.28	0.085	0.053
CHRM2	P08172	False	ACM2_HUMAN		CPI-CS09DCE99A5	CHRM2	0.969	2.114	0.131	0.613	0.138	1.614	0.165	0.836	0.146	3.17	2.072	0.112	0.098	0.0	0.143	0.151	0.0	0.059	0.216	1.177	2.223	0.413	0.467	1.899	0.355	0.945	1.702	0.622	0.742	0.4	1.762	1.054
CHRM2	P08172	False	ACM2_HUMAN		CPI-CS0C30A92FB	CHRM2	0.969	2.114	0.131	0.613	0.138	1.614	0.165	0.836	0.146	3.17	2.072	0.112	0.098	0.0	0.143	0.151	0.0	0.059	0.216	1.177	2.223	0.413	0.467	1.899	0.355	0.945	1.702	0.622	0.742	0.4	1.762	1.054
CHRM2	P08172	False	ACM2_HUMAN		CPI-CS0DBFDDA4A	CHRM2	0.969	2.114	0.131	0.613	0.138	1.614	0.165	0.836	0.146	3.17	2.072	0.112	0.098	0.0	0.143	0.151	0.0	0.059	0.216	1.177	2.223	0.413	0.467	1.899	0.355	0.945	1.702	0.622	0.742	0.4	1.762	1.054
CHRM3	P20309	False	ACM3_HUMAN		CPI-CS088613CD3	CHRM3	0.241	0.0	0.0	0.054	0.022	0.275	0.0	0.121	1.088	0.549	0.068	0.0	0.047	0.0	0.035	0.0	0.0	0.021	0.105	0.199	0.563	0.652	0.319	0.058	0.0	0.15	0.031	0.283	0.086	0.134	0.01	0.23
CHRM3	P20309	False	ACM3_HUMAN		CPI-CS07BBA70D3	CHRM3	0.241	0.0	0.0	0.054	0.022	0.275	0.0	0.121	1.088	0.549	0.068	0.0	0.047	0.0	0.035	0.0	0.0	0.021	0.105	0.199	0.563	0.652	0.319	0.058	0.0	0.15	0.031	0.283	0.086	0.134	0.01	0.23
CHRM3	P20309	False	ACM3_HUMAN		CPI-CS08FB3D7C0	CHRM3	0.241	0.0	0.0	0.054	0.022	0.275	0.0	0.121	1.088	0.549	0.068	0.0	0.047	0.0	0.035	0.0	0.0	0.021	0.105	0.199	0.563	0.652	0.319	0.058	0.0	0.15	0.031	0.283	0.086	0.134	0.01	0.23
CHRM4	P08173	False	ACM4_HUMAN		CPI-CS040939107	CHRM4	0.212	0.063	0.0	0.0	0.025	0.16	0.043	0.024	0.324	0.0	0.251	0.0	0.079	0.047	0.021	0.0	0.0	0.0	0.112	0.18	0.302	0.05	0.14	0.847	0.0	0.405	0.057	0.38	0.233	0.065	0.084	0.238
CHRM4	P08173	False	ACM4_HUMAN		CPI-CS078785C85	CHRM4	0.212	0.063	0.0	0.0	0.025	0.16	0.043	0.024	0.324	0.0	0.251	0.0	0.079	0.047	0.021	0.0	0.0	0.0	0.112	0.18	0.302	0.05	0.14	0.847	0.0	0.405	0.057	0.38	0.233	0.065	0.084	0.238
CHRM4	P08173	False	ACM4_HUMAN		CPI-CS0E5853674	CHRM4	0.212	0.063	0.0	0.0	0.025	0.16	0.043	0.024	0.324	0.0	0.251	0.0	0.079	0.047	0.021	0.0	0.0	0.0	0.112	0.18	0.302	0.05	0.14	0.847	0.0	0.405	0.057	0.38	0.233	0.065	0.084	0.238
CHRM5	P08912	False	ACM5_HUMAN		CPI-CS08ED696DC	CHRM5	0.095	0.028	0.022	0.0	0.035	0.026	0.031	0.056	0.0	0.0	0.075	0.0	0.04	0.053	0.037	0.0	0.0	0.044	0.0	0.326	0.404	0.312	0.282	0.072	0.0	0.277	0.035	0.121	0.07	0.042	0.04	0.112
CHRM5	P08912	False	ACM5_HUMAN		CPI-CS063D618BD	CHRM5	0.095	0.028	0.022	0.0	0.035	0.026	0.031	0.056	0.0	0.0	0.075	0.0	0.04	0.053	0.037	0.0	0.0	0.044	0.0	0.326	0.404	0.312	0.282	0.072	0.0	0.277	0.035	0.121	0.07	0.042	0.04	0.112
CHRM5	P08912	False	ACM5_HUMAN		CPI-CS067CF9C74	CHRM5	0.095	0.028	0.022	0.0	0.035	0.026	0.031	0.056	0.0	0.0	0.075	0.0	0.04	0.053	0.037	0.0	0.0	0.044	0.0	0.326	0.404	0.312	0.282	0.072	0.0	0.277	0.035	0.121	0.07	0.042	0.04	0.112
CHRNA1	P02708	False	ACHA_HUMAN		CPI-CS063516AC0	CHRNA1	0.0	0.0	0.0	0.0	0.0	0.0	0.0	0.0	0.0	0.0	0.0	0.0	0.0	0.0	0.0	0.0	0.0	0.0	0.0	0.0	0.0	0.0	0.0	0.0	0.0	0.0	0.0	0.017	0.0	0.0	0.0	0.0
CHRNA7	P36544	False	ACHA7_HUMAN		CPI-CS0C5C5E217	CHRNA7	0.032	0.0	0.0	0.08	0.0	0.0	0.233	0.0	0.037	0.062	0.0	0.06	0.0	0.0	0.009	0.0	0.0	0.0	0.0	0.0	0.0	0.0	0.0	0.101	0.0	0.012	0.0	0.026	0.018	0.016	0.0	0.027
ADORA1	P30542	False	AA1R_HUMAN		CPI-CS064B4FE21	ADORA1	0.106	0.025	0.022	0.163	0.0	0.0	0.012	0.018	0.147	0.094	0.0	0.049	0.0	0.051	0.009	0.0	0.0	0.0	0.103	0.134	0.379	0.0	0.105	0.229	0.0	0.087	0.347	0.06	0.038	0.258	0.35	0.062
ADORA1	P30542	False	AA1R_HUMAN		CPI-CS0BCAA5227	ADORA1	0.106	0.025	0.022	0.163	0.0	0.0	0.012	0.018	0.147	0.094	0.0	0.049	0.0	0.051	0.009	0.0	0.0	0.0	0.103	0.134	0.379	0.0	0.105	0.229	0.0	0.087	0.347	0.06	0.038	0.258	0.35	0.062
ADORA1	P30542	False	AA1R_HUMAN		CPI-CS0517F9783	ADORA1	0.106	0.025	0.022	0.163	0.0	0.0	0.012	0.018	0.147	0.094	0.0	0.049	0.0	0.051	0.009	0.0	0.0	0.0	0.103	0.134	0.379	0.0	0.105	0.229	0.0	0.087	0.347	0.06	0.038	0.258	0.35	0.062
ADORA1	P30542	False	AA1R_HUMAN		CPI-CS0521FD886	ADORA1	0.106	0.025	0.022	0.163	0.0	0.0	0.012	0.018	0.147	0.094	0.0	0.049	0.0	0.051	0.009	0.0	0.0	0.0	0.103	0.134	0.379	0.0	0.105	0.229	0.0	0.087	0.347	0.06	0.038	0.258	0.35	0.062
ADORA1	P30542	False	AA1R_HUMAN		CPI-SS026C7F8A2	ADORA1	0.106	0.025	0.022	0.163	0.0	0.0	0.012	0.018	0.147	0.094	0.0	0.049	0.0	0.051	0.009	0.0	0.0	0.0	0.103	0.134	0.379	0.0	0.105	0.229	0.0	0.087	0.347	0.06	0.038	0.258	0.35	0.062
ADORA2A	P29274	False	AA2AR_HUMAN		CPI-CS056D84EB8	ADORA2A	0.009	0.0	0.173	0.0	0.0	0.0	0.049	0.055	0.0	0.0	0.033	0.0	0.0	0.053	0.0	0.0	0.0	0.0	0.471	0.0	0.017	0.0	0.0	0.0	0.0	0.007	0.0	0.0	0.014	0.0	0.0	0.0
ADORA2A	P29274	False	AA2AR_HUMAN		CPI-CS0FDA0F596	ADORA2A	0.009	0.0	0.173	0.0	0.0	0.0	0.049	0.055	0.0	0.0	0.033	0.0	0.0	0.053	0.0	0.0	0.0	0.0	0.471	0.0	0.017	0.0	0.0	0.0	0.0	0.007	0.0	0.0	0.014	0.0	0.0	0.0
ADORA2A	P29274	False	AA2AR_HUMAN		CPI-CS0F865E648	ADORA2A	0.009	0.0	0.173	0.0	0.0	0.0	0.049	0.055	0.0	0.0	0.033	0.0	0.0	0.053	0.0	0.0	0.0	0.0	0.471	0.0	0.017	0.0	0.0	0.0	0.0	0.007	0.0	0.0	0.014	0.0	0.0	0.0
ADORA2A	P29274	False	AA2AR_HUMAN		CPI-CS028B98B8F	ADORA2A	0.009	0.0	0.173	0.0	0.0	0.0	0.049	0.055	0.0	0.0	0.033	0.0	0.0	0.053	0.0	0.0	0.0	0.0	0.471	0.0	0.017	0.0	0.0	0.0	0.0	0.007	0.0	0.0	0.014	0.0	0.0	0.0
ADORA2A	P29274	False	AA2AR_HUMAN		CPI-SS0E90C46BC	ADORA2A	0.009	0.0	0.173	0.0	0.0	0.0	0.049	0.055	0.0	0.0	0.033	0.0	0.0	0.053	0.0	0.0	0.0	0.0	0.471	0.0	0.017	0.0	0.0	0.0	0.0	0.007	0.0	0.0	0.014	0.0	0.0	0.0
ADORA3	P0DMS8	False	AA3R_HUMAN		CPI-CS07905F8F4	ADORA3	0.005	0.0	0.0	0.0	0.0	0.0	0.0	0.0	0.0	0.0	0.0	0.0	0.0	0.0	0.0	0.0	0.0	0.0	0.0	0.0	0.0	0.0	0.0	0.0	0.0	0.0	0.0	0.0	0.0	0.0	0.0	0.0
ADORA3	P0DMS8	False	AA3R_HUMAN		CPI-CS04EFAFF1F	ADORA3	0.005	0.0	0.0	0.0	0.0	0.0	0.0	0.0	0.0	0.0	0.0	0.0	0.0	0.0	0.0	0.0	0.0	0.0	0.0	0.0	0.0	0.0	0.0	0.0	0.0	0.0	0.0	0.0	0.0	0.0	0.0	0.0
ADORA3	P0DMS8	False	AA3R_HUMAN		CPI-CS08D35C881	ADORA3	0.005	0.0	0.0	0.0	0.0	0.0	0.0	0.0	0.0	0.0	0.0	0.0	0.0	0.0	0.0	0.0	0.0	0.0	0.0	0.0	0.0	0.0	0.0	0.0	0.0	0.0	0.0	0.0	0.0	0.0	0.0	0.0
ADORA3	P0DMS8	False	AA3R_HUMAN		CPI-CS0F953F172	ADORA3	0.005	0.0	0.0	0.0	0.0	0.0	0.0	0.0	0.0	0.0	0.0	0.0	0.0	0.0	0.0	0.0	0.0	0.0	0.0	0.0	0.0	0.0	0.0	0.0	0.0	0.0	0.0	0.0	0.0	0.0	0.0	0.0
ADORA3	P0DMS8	False	AA3R_HUMAN		CPI-SS0276D5C7E	ADORA3	0.005	0.0	0.0	0.0	0.0	0.0	0.0	0.0	0.0	0.0	0.0	0.0	0.0	0.0	0.0	0.0	0.0	0.0	0.0	0.0	0.0	0.0	0.0	0.0	0.0	0.0	0.0	0.0	0.0	0.0	0.0	0.0
ADRA1A	P35348	False	ADA1A_HUMAN		CPI-CS0F807CD4F	ADRA1A	0.028	0.0	0.0	0.0	0.0	0.0	0.0	0.0	0.0	0.0	0.0	0.0	0.0	0.0	0.0	0.0	0.0	0.086	0.0	0.0	0.0	0.0	0.0	0.0	0.0	0.019	0.0	0.017	0.045	0.0	0.031	0.0
ADRA1A	P35348	False	ADA1A_HUMAN		CPI-CS098539E78	ADRA1A	0.028	0.0	0.0	0.0	0.0	0.0	0.0	0.0	0.0	0.0	0.0	0.0	0.0	0.0	0.0	0.0	0.0	0.086	0.0	0.0	0.0	0.0	0.0	0.0	0.0	0.019	0.0	0.017	0.045	0.0	0.031	0.0
ADRA1B	P35368	False	ADA1B_HUMAN		CPI-CS09DA5DAD3	ADRA1B	0.015	0.024	0.115	0.0	0.027	0.052	0.152	0.0	0.0	0.0	0.0	0.063	0.445	0.185	0.632	0.0	0.0	0.018	0.103	0.064	0.0	0.0	0.0	0.0	0.0	0.103	0.0	0.016	0.03	0.0	0.0	0.034
ADRA1B	P35368	False	ADA1B_HUMAN		CPI-CS078C6CB4F	ADRA1B	0.015	0.024	0.115	0.0	0.027	0.052	0.152	0.0	0.0	0.0	0.0	0.063	0.445	0.185	0.632	0.0	0.0	0.018	0.103	0.064	0.0	0.0	0.0	0.0	0.0	0.103	0.0	0.016	0.03	0.0	0.0	0.034
ADRA1D	P25100	False	ADA1D_HUMAN		CPI-CS07CECA9C9	ADRA1D	0.049	0.0	0.0	0.031	0.067	0.189	0.0	0.0	0.02	0.0	0.147	0.051	0.0	0.0	0.016	0.0	0.0	0.0	0.0	0.0	0.032	0.0	0.081	0.101	0.0	0.039	0.01	0.018	0.134	0.041	0.025	0.013
ADRA1D	P25100	False	ADA1D_HUMAN		CPI-CS02EA1C9D1	ADRA1D	0.049	0.0	0.0	0.031	0.067	0.189	0.0	0.0	0.02	0.0	0.147	0.051	0.0	0.0	0.016	0.0	0.0	0.0	0.0	0.0	0.032	0.0	0.081	0.101	0.0	0.039	0.01	0.018	0.134	0.041	0.025	0.013
ADRA2A	P08913	False	ADA2A_HUMAN		CPI-CS025F16589	ADRA2A	0.03	0.024	0.0	0.0	0.0	0.0	0.0	0.018	0.0	0.0	0.0	0.0	0.0	0.0	0.0	0.0	0.0	0.0	0.0	0.036	0.0	0.0	0.0	0.037	0.0	0.017	0.0	0.072	0.089	0.021	0.0	0.041
ADRA2A	P08913	False	ADA2A_HUMAN		CPI-CS0EAD92BCF	ADRA2A	0.03	0.024	0.0	0.0	0.0	0.0	0.0	0.018	0.0	0.0	0.0	0.0	0.0	0.0	0.0	0.0	0.0	0.0	0.0	0.036	0.0	0.0	0.0	0.037	0.0	0.017	0.0	0.072	0.089	0.021	0.0	0.041
ADRA2B	P18089	False	ADA2B_HUMAN		CPI-CS01FAF361D	ADRA2B	0.211	0.135	0.022	0.076	0.0	0.855	0.058	0.329	0.18	0.0	0.018	0.0	0.077	0.0	0.1	0.0	0.0	0.014	0.0	0.558	0.035	0.073	0.0	0.029	0.0	0.338	0.083	0.235	0.346	0.288	0.974	0.132
ADRA2B	P18089	False	ADA2B_HUMAN		CPI-CS0345842F1	ADRA2B	0.211	0.135	0.022	0.076	0.0	0.855	0.058	0.329	0.18	0.0	0.018	0.0	0.077	0.0	0.1	0.0	0.0	0.014	0.0	0.558	0.035	0.073	0.0	0.029	0.0	0.338	0.083	0.235	0.346	0.288	0.974	0.132
ADRA2C	P18825	False	ADA2C_HUMAN		CPI-CS03C9B1F6C	ADRA2C	0.091	0.0	0.0	0.0	0.032	0.077	0.024	0.035	0.0	0.107	0.116	0.0	0.0	0.0	0.022	0.0	0.0	0.0	0.0	0.133	0.014	0.0	0.0	0.045	0.0	0.13	0.053	0.154	0.039	0.08	0.035	0.028
ADRA2C	P18825	False	ADA2C_HUMAN		CPI-CS04395827F	ADRA2C	0.091	0.0	0.0	0.0	0.032	0.077	0.024	0.035	0.0	0.107	0.116	0.0	0.0	0.0	0.022	0.0	0.0	0.0	0.0	0.133	0.014	0.0	0.0	0.045	0.0	0.13	0.053	0.154	0.039	0.08	0.035	0.028
ADRB1	P08588	False	ADRB1_HUMAN		CPI-CS08B421238	ADRB1	0.025	0.257	0.0	0.0	0.0	0.031	0.0	0.054	0.133	0.062	0.041	0.0	0.0	0.0	0.048	0.0	0.0	0.0	0.0	0.148	0.013	0.0	0.071	0.136	0.0	0.026	0.052	0.0	0.026	0.094	0.0	0.019
ADRB1	P08588	False	ADRB1_HUMAN		CPI-CS0B9360E04	ADRB1	0.025	0.257	0.0	0.0	0.0	0.031	0.0	0.054	0.133	0.062	0.041	0.0	0.0	0.0	0.048	0.0	0.0	0.0	0.0	0.148	0.013	0.0	0.071	0.136	0.0	0.026	0.052	0.0	0.026	0.094	0.0	0.019
ADRB2	P07550	False	ADRB2_HUMAN		CPI-CS085B8BFD8	ADRB2	0.063	0.0	0.634	0.0	0.0	0.063	0.0	0.0	0.88	0.0	0.0	0.046	0.0	0.042	0.0	0.0	0.0	0.0	0.344	0.0	0.013	0.067	0.0	0.0	0.0	0.077	0.034	0.129	0.252	0.0	0.092	0.016
ADRB2	P07550	False	ADRB2_HUMAN		CPI-CS0E8897714	ADRB2	0.063	0.0	0.634	0.0	0.0	0.063	0.0	0.0	0.88	0.0	0.0	0.046	0.0	0.042	0.0	0.0	0.0	0.0	0.344	0.0	0.013	0.067	0.0	0.0	0.0	0.077	0.034	0.129	0.252	0.0	0.092	0.016
ADRB3	P13945	False	ADRB3_HUMAN		CPI-CS05A668606	ADRB3	0.012	0.0	0.0	0.0	0.0	0.0	0.138	0.155	0.0	0.0	0.0	0.0	0.035	0.0	0.0	0.0	0.0	0.049	0.0	0.0	0.0	0.061	0.0	0.0	0.0	0.05	0.0	0.06	0.023	0.143	0.055	0.024
ADRB3	P13945	False	ADRB3_HUMAN		CPI-CS067A8F850	ADRB3	0.012	0.0	0.0	0.0	0.0	0.0	0.138	0.155	0.0	0.0	0.0	0.0	0.035	0.0	0.0	0.0	0.0	0.049	0.0	0.0	0.0	0.061	0.0	0.0	0.0	0.05	0.0	0.06	0.023	0.143	0.055	0.024
MC2R	Q01718	False	ACTHR_HUMAN		CPI-SS0C0E2C69C	MC2R	0.009	0.0	0.0	0.0	0.0	0.0	0.0	0.0	0.064	0.0	0.038	0.0	0.0	0.0	0.0	0.0	0.0	0.0	0.0	0.0	0.0	0.0	0.0	0.0	0.0	0.0	0.0	0.04	0.0	0.0	0.0	0.0
MC5R	P33032	False	MC5R_HUMAN		CPI-SS0BE6DBE1A	MC5R	0.268	0.0	0.0	0.03	0.051	0.195	0.0	0.0	0.093	0.123	0.666	0.0	0.051	0.0	0.016	0.0	0.0	0.0	0.0	0.277	0.088	0.14	0.125	0.0	0.0	0.208	0.024	0.399	0.303	0.085	0.122	0.054
PTPRS	Q13332	False	PTPRS_HUMAN		CPI-SS0593F278B	PTPRS	2.147	1.66	0.326	0.946	1.998	0.658	1.712	2.641	3.292	3.142	1.202	1.488	2.036	1.497	1.955	0.182	0.0	0.284	0.649	1.108	1.597	0.238	2.655	0.372	1.613	1.708	2.937	2.057	1.498	2.919	2.591	1.673
PTPRS	Q13332	False	PTPRS_HUMAN		CPI-SS023656B4B	PTPRS	2.147	1.66	0.326	0.946	1.998	0.658	1.712	2.641	3.292	3.142	1.202	1.488	2.036	1.497	1.955	0.182	0.0	0.284	0.649	1.108	1.597	0.238	2.655	0.372	1.613	1.708	2.937	2.057	1.498	2.919	2.591	1.673
PTPRS	Q13332	False	PTPRS_HUMAN		CPI-SS0DCD351AD	PTPRS	2.147	1.66	0.326	0.946	1.998	0.658	1.712	2.641	3.292	3.142	1.202	1.488	2.036	1.497	1.955	0.182	0.0	0.284	0.649	1.108	1.597	0.238	2.655	0.372	1.613	1.708	2.937	2.057	1.498	2.919	2.591	1.673
PTPRS	Q13332	False	PTPRS_HUMAN		CPI-SS08968FFAE	PTPRS	2.147	1.66	0.326	0.946	1.998	0.658	1.712	2.641	3.292	3.142	1.202	1.488	2.036	1.497	1.955	0.182	0.0	0.284	0.649	1.108	1.597	0.238	2.655	0.372	1.613	1.708	2.937	2.057	1.498	2.919	2.591	1.673
PTPRS	Q13332	False	PTPRS_HUMAN		CPI-SS000DBE90D	PTPRS	2.147	1.66	0.326	0.946	1.998	0.658	1.712	2.641	3.292	3.142	1.202	1.488	2.036	1.497	1.955	0.182	0.0	0.284	0.649	1.108	1.597	0.238	2.655	0.372	1.613	1.708	2.937	2.057	1.498	2.919	2.591	1.673
PTPRS	Q13332	False	PTPRS_HUMAN		CPI-SS0EEF491E3	PTPRS	2.147	1.66	0.326	0.946	1.998	0.658	1.712	2.641	3.292	3.142	1.202	1.488	2.036	1.497	1.955	0.182	0.0	0.284	0.649	1.108	1.597	0.238	2.655	0.372	1.613	1.708	2.937	2.057	1.498	2.919	2.591	1.673
PTPRS	Q13332	False	PTPRS_HUMAN		CPI-SS05F136AA2	PTPRS	2.147	1.66	0.326	0.946	1.998	0.658	1.712	2.641	3.292	3.142	1.202	1.488	2.036	1.497	1.955	0.182	0.0	0.284	0.649	1.108	1.597	0.238	2.655	0.372	1.613	1.708	2.937	2.057	1.498	2.919	2.591	1.673
PTPRS	Q13332	False	PTPRS_HUMAN		CPI-SS0FAD26C76	PTPRS	2.147	1.66	0.326	0.946	1.998	0.658	1.712	2.641	3.292	3.142	1.202	1.488	2.036	1.497	1.955	0.182	0.0	0.284	0.649	1.108	1.597	0.238	2.655	0.372	1.613	1.708	2.937	2.057	1.498	2.919	2.591	1.673
SORL1	Q92673	False	SORL_HUMAN		CPI-SS07ACDDCD6	SORL1	0.684	0.364	0.161	0.291	0.157	0.733	0.336	0.358	0.239	0.256	0.094	0.548	0.668	0.5	0.476	0.201	0.0	1.089	0.431	0.7	0.726	0.254	0.672	0.968	0.56	0.614	0.27	0.553	0.477	0.049	0.384	0.57
TNFRSF21	O75509	False	TNR21_HUMAN		CPI-SS097A84265	TNFRSF21	0.346	0.141	0.065	0.246	0.224	0.132	0.229	0.322	0.234	0.479	0.118	0.122	0.616	0.483	0.631	0.0	0.0	0.281	0.217	0.191	0.328	0.126	0.1	0.152	0.503	0.171	0.381	0.229	0.264	0.334	0.581	0.161
AR	P10275	False	ANDR_HUMAN		CPI-CS0EC7F7C75	AR	0.019	0.0	0.0	0.0	0.0	0.0	0.0	0.0	0.0	0.0	0.0	0.0	0.0	0.0	0.0	0.0	0.0	0.0	0.0	0.0	0.0	0.0	0.128	0.0	0.0	0.009	0.0	0.04	0.034	0.0	0.0	0.037
AR	P10275	False	ANDR_HUMAN		CPI-CS0D228AF4D	AR	0.019	0.0	0.0	0.0	0.0	0.0	0.0	0.0	0.0	0.0	0.0	0.0	0.0	0.0	0.0	0.0	0.0	0.0	0.0	0.0	0.0	0.0	0.128	0.0	0.0	0.009	0.0	0.04	0.034	0.0	0.0	0.037
AR	P10275	False	ANDR_HUMAN		CPI-CS039E9FE7F	AR	0.019	0.0	0.0	0.0	0.0	0.0	0.0	0.0	0.0	0.0	0.0	0.0	0.0	0.0	0.0	0.0	0.0	0.0	0.0	0.0	0.0	0.0	0.128	0.0	0.0	0.009	0.0	0.04	0.034	0.0	0.0	0.037
AR	P10275	False	ANDR_HUMAN		CPI-CS0D5502736	AR	0.019	0.0	0.0	0.0	0.0	0.0	0.0	0.0	0.0	0.0	0.0	0.0	0.0	0.0	0.0	0.0	0.0	0.0	0.0	0.0	0.0	0.0	0.128	0.0	0.0	0.009	0.0	0.04	0.034	0.0	0.0	0.037
AR	P10275	False	ANDR_HUMAN		CPI-CS0BE6576AD	AR	0.019	0.0	0.0	0.0	0.0	0.0	0.0	0.0	0.0	0.0	0.0	0.0	0.0	0.0	0.0	0.0	0.0	0.0	0.0	0.0	0.0	0.0	0.128	0.0	0.0	0.009	0.0	0.04	0.034	0.0	0.0	0.037
NR1H4	Q96RI1	False	NR1H4_HUMAN		CPI-CS08D535BCF	NR1H4	0.0	0.0	0.0	0.0	0.0	0.0	0.0	0.0	0.0	0.0	0.0	0.0	0.0	0.0	0.0	0.0	0.0	0.0	0.0	0.0	0.0	0.0	0.0	0.0	0.0	0.0	0.0	0.0	0.02	0.0	0.0	0.0
ESR2	Q92731	False	ESR2_HUMAN		CPI-CS0B87D36A1	ESR2	0.163	0.055	0.144	0.06	0.03	0.076	0.352	0.036	0.073	0.239	0.095	0.357	0.127	0.384	0.33	0.0	0.0	0.087	0.0	0.0	0.09	0.114	0.095	0.086	0.0	0.062	0.104	0.143	0.391	0.03	0.058	0.018
AGTR1	P30556	False	AGTR1_HUMAN		CPI-SS05996C8FD	AGTR1	0.003	0.0	0.0	0.0	0.0	0.0	0.0	0.0	0.087	0.0	0.0	0.0	0.0	0.0	0.0	0.0	0.0	0.0	0.0	0.0	0.0	0.0	0.0	0.0	0.0	0.005	0.0	0.0	0.0	0.085	0.0	0.025
AGTR2	P50052	False	AGTR2_HUMAN		CPI-SS069924427	AGTR2	0.06	0.074	0.0	0.026	0.0	0.11	0.0	0.0	0.064	0.0	0.09	0.0	0.0	0.036	0.0	0.0	0.0	0.015	0.0	0.0	0.097	0.049	0.088	0.0	0.0	0.021	0.046	0.085	0.024	0.076	0.023	0.043
FPR1	P21462	False	FPR1_HUMAN		CPI-SS0F6EC6E44	FPR1	0.002	0.023	0.54	0.0	0.0	0.0	0.0	0.0	0.0	0.0	0.0	0.041	0.0	0.0	0.07	0.0	0.0	0.0	0.0	0.0	0.0	0.0	0.0	0.0	0.0	0.0	0.0	0.0	0.0	0.0	0.021	0.027
CNR1	P21554	False	CNR1_HUMAN		CPI-CS03629A52A	CNR1	0.546	0.309	0.081	0.122	0.017	0.024	0.062	0.024	0.217	1.31	0.198	0.086	0.04	0.043	0.031	0.108	0.0	0.017	0.388	0.276	0.728	0.041	0.716	0.411	0.0	0.428	0.329	0.394	0.447	0.722	0.089	0.255
CNR1	P21554	False	CNR1_HUMAN		CPI-CS007D418BE	CNR1	0.546	0.309	0.081	0.122	0.017	0.024	0.062	0.024	0.217	1.31	0.198	0.086	0.04	0.043	0.031	0.108	0.0	0.017	0.388	0.276	0.728	0.041	0.716	0.411	0.0	0.428	0.329	0.394	0.447	0.722	0.089	0.255
CNR2	P34972	False	CNR2_HUMAN		CPI-CS0C6F86DF5	CNR2	0.0	0.0	0.0	0.0	0.0	0.0	0.0	0.0	0.0	0.0	0.0	0.0	0.0	0.0	0.0	0.0	0.0	0.0	0.0	0.0	0.0	0.0	0.0	0.0	0.0	0.009	0.0	0.0	0.0	0.0	0.0	0.0
CNR2	P34972	False	CNR2_HUMAN		CPI-CS030959ED1	CNR2	0.0	0.0	0.0	0.0	0.0	0.0	0.0	0.0	0.0	0.0	0.0	0.0	0.0	0.0	0.0	0.0	0.0	0.0	0.0	0.0	0.0	0.0	0.0	0.0	0.0	0.009	0.0	0.0	0.0	0.0	0.0	0.0
GPR55	Q9Y2T6	False	GPR55_HUMAN		CPI-CS045C37E64	GPR55	0.0	0.0	0.584	0.0	0.0	0.0	0.0	0.0	0.0	0.0	0.0	0.025	0.0	0.0	0.0	0.0	0.0	0.0	0.0	0.0	0.0	0.0	0.0	0.0	0.0	0.0	0.0	0.0	0.0	0.0	0.0	0.0
GPR55	Q9Y2T6	False	GPR55_HUMAN		CPI-CS01F7D06F1	GPR55	0.0	0.0	0.584	0.0	0.0	0.0	0.0	0.0	0.0	0.0	0.0	0.025	0.0	0.0	0.0	0.0	0.0	0.0	0.0	0.0	0.0	0.0	0.0	0.0	0.0	0.0	0.0	0.0	0.0	0.0	0.0	0.0
NTRK1	P04629	False	NTRK1_HUMAN		CPI-SS052127A00	NTRK1	0.012	0.0	0.0	0.027	0.032	0.0	0.0	0.0	0.0	0.217	0.0	0.0	0.0	0.0	0.0	0.0	0.0	0.0	0.0	0.0	0.013	0.0	0.0	0.0	0.0	0.061	0.008	0.021	0.023	0.042	0.0	0.0
NTRK1	P04629	False	NTRK1_HUMAN		CPI-SS0BE3867AB	NTRK1	0.012	0.0	0.0	0.027	0.032	0.0	0.0	0.0	0.0	0.217	0.0	0.0	0.0	0.0	0.0	0.0	0.0	0.0	0.0	0.0	0.013	0.0	0.0	0.0	0.0	0.061	0.008	0.021	0.023	0.042	0.0	0.0
SORT1	Q99523	False	SORT_HUMAN		CPI-SS0DD9B3D49	SORT1	0.244	0.033	0.0	0.087	0.103	0.224	0.225	0.067	0.299	0.0	0.078	0.278	0.705	0.295	0.432	0.309	0.0	0.302	0.112	0.17	0.2	0.137	0.2	0.393	0.0	0.174	0.149	0.286	0.155	0.23	0.459	0.16
SORT1	Q99523	False	SORT_HUMAN		CPI-SS09A36B221	SORT1	0.244	0.033	0.0	0.087	0.103	0.224	0.225	0.067	0.299	0.0	0.078	0.278	0.705	0.295	0.432	0.309	0.0	0.302	0.112	0.17	0.2	0.137	0.2	0.393	0.0	0.174	0.149	0.286	0.155	0.23	0.459	0.16
NTRK2	Q16620	False	NTRK2_HUMAN		CPI-SS0BA601DC4	NTRK2	1.575	0.149	0.271	0.795	1.579	2.114	0.651	0.566	1.775	1.834	1.955	0.794	1.635	1.648	2.23	0.991	0.0	0.074	0.438	1.752	1.223	0.571	1.343	1.382	0.978	1.569	0.874	1.614	2.089	1.17	0.915	0.91
NTRK2	Q16620	False	NTRK2_HUMAN		CPI-SS0E3AA6B7B	NTRK2	1.575	0.149	0.271	0.795	1.579	2.114	0.651	0.566	1.775	1.834	1.955	0.794	1.635	1.648	2.23	0.991	0.0	0.074	0.438	1.752	1.223	0.571	1.343	1.382	0.978	1.569	0.874	1.614	2.089	1.17	0.915	0.91
NTRK2	Q16620	False	NTRK2_HUMAN		CPI-SS093E05DD4	NTRK2	1.575	0.149	0.271	0.795	1.579	2.114	0.651	0.566	1.775	1.834	1.955	0.794	1.635	1.648	2.23	0.991	0.0	0.074	0.438	1.752	1.223	0.571	1.343	1.382	0.978	1.569	0.874	1.614	2.089	1.17	0.915	0.91
NTRK2	Q16620	False	NTRK2_HUMAN		CPI-SS088C1035B	NTRK2	1.575	0.149	0.271	0.795	1.579	2.114	0.651	0.566	1.775	1.834	1.955	0.794	1.635	1.648	2.23	0.991	0.0	0.074	0.438	1.752	1.223	0.571	1.343	1.382	0.978	1.569	0.874	1.614	2.089	1.17	0.915	0.91
NRXN1	Q9ULB1	False	NRX1A_HUMAN		CPI-SS084EA55C0	NRXN1	2.131	3.477	0.153	1.695	2.694	2.732	0.458	2.767	1.203	0.263	1.562	0.152	0.727	0.219	0.856	0.247	0.0	0.123	0.775	1.871	1.365	1.6	2.043	2.21	0.0	1.571	1.015	1.603	1.655	0.87	1.631	1.36
NRXN1	Q9ULB1	False	NRX1A_HUMAN		CPI-SS09A6C048C	NRXN1	2.131	3.477	0.153	1.695	2.694	2.732	0.458	2.767	1.203	0.263	1.562	0.152	0.727	0.219	0.856	0.247	0.0	0.123	0.775	1.871	1.365	1.6	2.043	2.21	0.0	1.571	1.015	1.603	1.655	0.87	1.631	1.36
NRXN1	Q9ULB1	False	NRX1A_HUMAN		CPI-SS043D3630C	NRXN1	2.131	3.477	0.153	1.695	2.694	2.732	0.458	2.767	1.203	0.263	1.562	0.152	0.727	0.219	0.856	0.247	0.0	0.123	0.775	1.871	1.365	1.6	2.043	2.21	0.0	1.571	1.015	1.603	1.655	0.87	1.631	1.36
NRXN1	Q9ULB1	False	NRX1A_HUMAN		CPI-SS0E5F8A5F7	NRXN1	2.131	3.477	0.153	1.695	2.694	2.732	0.458	2.767	1.203	0.263	1.562	0.152	0.727	0.219	0.856	0.247	0.0	0.123	0.775	1.871	1.365	1.6	2.043	2.21	0.0	1.571	1.015	1.603	1.655	0.87	1.631	1.36
NRXN1	Q9ULB1	False	NRX1A_HUMAN		CPI-SS03466C597	NRXN1	2.131	3.477	0.153	1.695	2.694	2.732	0.458	2.767	1.203	0.263	1.562	0.152	0.727	0.219	0.856	0.247	0.0	0.123	0.775	1.871	1.365	1.6	2.043	2.21	0.0	1.571	1.015	1.603	1.655	0.87	1.631	1.36
NRXN1	Q9ULB1	False	NRX1A_HUMAN		CPI-SS0D2DF7881	NRXN1	2.131	3.477	0.153	1.695	2.694	2.732	0.458	2.767	1.203	0.263	1.562	0.152	0.727	0.219	0.856	0.247	0.0	0.123	0.775	1.871	1.365	1.6	2.043	2.21	0.0	1.571	1.015	1.603	1.655	0.87	1.631	1.36
NRXN1	Q9ULB1	False	NRX1A_HUMAN		CPI-SS0B360C289	NRXN1	2.131	3.477	0.153	1.695	2.694	2.732	0.458	2.767	1.203	0.263	1.562	0.152	0.727	0.219	0.856	0.247	0.0	0.123	0.775	1.871	1.365	1.6	2.043	2.21	0.0	1.571	1.015	1.603	1.655	0.87	1.631	1.36
NRXN1	Q9ULB1	False	NRX1A_HUMAN		CPI-SS0613D0B62	NRXN1	2.131	3.477	0.153	1.695	2.694	2.732	0.458	2.767	1.203	0.263	1.562	0.152	0.727	0.219	0.856	0.247	0.0	0.123	0.775	1.871	1.365	1.6	2.043	2.21	0.0	1.571	1.015	1.603	1.655	0.87	1.631	1.36
NRXN1	Q9ULB1	False	NRX1A_HUMAN		CPI-SS0CCB5F46B	NRXN1	2.131	3.477	0.153	1.695	2.694	2.732	0.458	2.767	1.203	0.263	1.562	0.152	0.727	0.219	0.856	0.247	0.0	0.123	0.775	1.871	1.365	1.6	2.043	2.21	0.0	1.571	1.015	1.603	1.655	0.87	1.631	1.36
NRXN2	P58401	False	NRX2B_HUMAN		CPI-SS0BF9265F0	NRXN2	4.641	1.403	3.67	3.377	4.502	3.467	0.76	3.083	3.204	5.083	4.105	0.438	1.583	0.546	0.895	0.429	0.0	1.21	1.176	5.317	4.923	2.259	4.45	2.573	0.794	4.128	4.723	4.923	4.129	3.353	4.596	3.874
NRXN2	P58401	False	NRX2B_HUMAN		CPI-SS093707FE0	NRXN2	4.641	1.403	3.67	3.377	4.502	3.467	0.76	3.083	3.204	5.083	4.105	0.438	1.583	0.546	0.895	0.429	0.0	1.21	1.176	5.317	4.923	2.259	4.45	2.573	0.794	4.128	4.723	4.923	4.129	3.353	4.596	3.874
NRXN2	P58401	False	NRX2B_HUMAN		CPI-SS0888FD8F7	NRXN2	4.641	1.403	3.67	3.377	4.502	3.467	0.76	3.083	3.204	5.083	4.105	0.438	1.583	0.546	0.895	0.429	0.0	1.21	1.176	5.317	4.923	2.259	4.45	2.573	0.794	4.128	4.723	4.923	4.129	3.353	4.596	3.874
NRXN2	P58401	False	NRX2B_HUMAN		CPI-SS023A16921	NRXN2	4.641	1.403	3.67	3.377	4.502	3.467	0.76	3.083	3.204	5.083	4.105	0.438	1.583	0.546	0.895	0.429	0.0	1.21	1.176	5.317	4.923	2.259	4.45	2.573	0.794	4.128	4.723	4.923	4.129	3.353	4.596	3.874
NRXN2	P58401	False	NRX2B_HUMAN		CPI-SS06157E5AF	NRXN2	4.641	1.403	3.67	3.377	4.502	3.467	0.76	3.083	3.204	5.083	4.105	0.438	1.583	0.546	0.895	0.429	0.0	1.21	1.176	5.317	4.923	2.259	4.45	2.573	0.794	4.128	4.723	4.923	4.129	3.353	4.596	3.874
NRXN2	P58401	False	NRX2B_HUMAN		CPI-SS0CF0A8519	NRXN2	4.641	1.403	3.67	3.377	4.502	3.467	0.76	3.083	3.204	5.083	4.105	0.438	1.583	0.546	0.895	0.429	0.0	1.21	1.176	5.317	4.923	2.259	4.45	2.573	0.794	4.128	4.723	4.923	4.129	3.353	4.596	3.874
NRXN2	P58401	False	NRX2B_HUMAN		CPI-SS0934535FF	NRXN2	4.641	1.403	3.67	3.377	4.502	3.467	0.76	3.083	3.204	5.083	4.105	0.438	1.583	0.546	0.895	0.429	0.0	1.21	1.176	5.317	4.923	2.259	4.45	2.573	0.794	4.128	4.723	4.923	4.129	3.353	4.596	3.874
NRXN2	P58401	False	NRX2B_HUMAN		CPI-SS074EA7741	NRXN2	4.641	1.403	3.67	3.377	4.502	3.467	0.76	3.083	3.204	5.083	4.105	0.438	1.583	0.546	0.895	0.429	0.0	1.21	1.176	5.317	4.923	2.259	4.45	2.573	0.794	4.128	4.723	4.923	4.129	3.353	4.596	3.874
NRXN2	P58401	False	NRX2B_HUMAN		CPI-SS07C26C799	NRXN2	4.641	1.403	3.67	3.377	4.502	3.467	0.76	3.083	3.204	5.083	4.105	0.438	1.583	0.546	0.895	0.429	0.0	1.21	1.176	5.317	4.923	2.259	4.45	2.573	0.794	4.128	4.723	4.923	4.129	3.353	4.596	3.874
DPP4	P27487	False	DPP4_HUMAN		CPI-SS0B1B18F2D	DPP4	0.0	0.0	0.0	0.0	0.0	0.0	0.0	0.0	0.0	0.144	0.0	0.0	0.0	0.0	0.0	0.0	0.0	0.0	0.0	0.047	0.0	0.0	0.0	0.0	0.0	0.003	0.0	0.0	0.0	0.0	0.0	0.0
CXCR4	P61073	False	CXCR4_HUMAN		CPI-SS0A28DCA72	CXCR4	0.0	0.0	0.064	0.0	0.0	0.0	0.0	0.0	0.0	0.0	0.0	0.0	0.0	0.0	0.0	0.0	0.0	0.0	0.104	0.0	0.0	0.0	0.0	0.0	0.0	0.0	0.0	0.0	0.0	0.0	0.0	0.0
CXCR4	P61073	False	CXCR4_HUMAN		CPI-SS0669CC233	CXCR4	0.0	0.0	0.064	0.0	0.0	0.0	0.0	0.0	0.0	0.0	0.0	0.0	0.0	0.0	0.0	0.0	0.0	0.0	0.104	0.0	0.0	0.0	0.0	0.0	0.0	0.0	0.0	0.0	0.0	0.0	0.0	0.0
CCKAR	P32238	False	CCKAR_HUMAN		CPI-SS0EA96C304	CCKAR	0.01	0.0	0.0	0.0	0.0	0.0	0.0	0.0	0.0	0.0	0.0	0.0	0.0	0.0	0.0	0.0	0.0	0.0	0.0	0.0	0.033	0.0	0.0	0.053	0.0	0.068	0.012	0.0	0.032	0.0	0.011	0.015
CCKBR	P32239	False	GASR_HUMAN		CPI-SS00AD71822	CCKBR	0.283	0.141	0.163	0.026	0.025	0.31	0.0	0.138	0.231	0.0	0.278	0.028	0.035	0.056	0.06	0.189	0.0	0.028	0.158	0.279	0.275	1.103	0.176	0.354	0.0	0.375	0.097	0.171	0.206	0.089	0.026	0.211
RORA	P35398	False	RORA_HUMAN		CPI-CS06A0713BD	RORA	0.208	0.16	0.616	0.21	0.582	0.089	0.068	0.051	0.0	0.0	0.26	0.039	0.709	0.238	0.687	0.0	0.0	0.077	0.52	0.213	0.144	0.663	0.169	0.936	0.0	0.206	0.036	0.308	0.159	0.141	1.122	0.148
RORA	P35398	False	RORA_HUMAN		CPI-CS0D81115C8	RORA	0.208	0.16	0.616	0.21	0.582	0.089	0.068	0.051	0.0	0.0	0.26	0.039	0.709	0.238	0.687	0.0	0.0	0.077	0.52	0.213	0.144	0.663	0.169	0.936	0.0	0.206	0.036	0.308	0.159	0.141	1.122	0.148
RORA	P35398	False	RORA_HUMAN		CPI-CS06C6527F4	RORA	0.208	0.16	0.616	0.21	0.582	0.089	0.068	0.051	0.0	0.0	0.26	0.039	0.709	0.238	0.687	0.0	0.0	0.077	0.52	0.213	0.144	0.663	0.169	0.936	0.0	0.206	0.036	0.308	0.159	0.141	1.122	0.148
RORC	P51449	False	RORG_HUMAN		CPI-CS0CDFC0C7D	RORC	0.008	0.085	0.0	0.0	0.0	0.0	0.0	0.0	0.042	0.0	0.0	0.0	0.0	0.0	0.0	0.0	0.0	0.0	0.0	0.0	0.0	0.036	0.0	0.055	0.0	0.011	0.0	0.017	0.0	0.0	0.025	0.0
RORC	P51449	False	RORG_HUMAN		CPI-CS03D61E885	RORC	0.008	0.085	0.0	0.0	0.0	0.0	0.0	0.0	0.042	0.0	0.0	0.0	0.0	0.0	0.0	0.0	0.0	0.0	0.0	0.0	0.0	0.036	0.0	0.055	0.0	0.011	0.0	0.017	0.0	0.0	0.025	0.0
RORC	P51449	False	RORG_HUMAN		CPI-CS0BEF10547	RORC	0.008	0.085	0.0	0.0	0.0	0.0	0.0	0.0	0.042	0.0	0.0	0.0	0.0	0.0	0.0	0.0	0.0	0.0	0.0	0.0	0.0	0.036	0.0	0.055	0.0	0.011	0.0	0.017	0.0	0.0	0.025	0.0
NR1H3	Q13133	False	NR1H3_HUMAN		CPI-CS0DC57DE37	NR1H3	0.11	0.043	0.101	0.055	0.253	0.0	0.0	0.0	0.095	0.091	0.035	0.048	0.047	0.045	0.051	0.0	0.0	0.059	0.112	0.0	0.086	0.0	0.0	0.197	0.0	0.154	0.187	0.125	0.109	0.035	0.106	0.101
TSHR	P16473	False	TSHR_HUMAN		CPI-CS057BB9EE5	TSHR	0.019	0.0	0.022	0.026	0.0	0.0	0.0	0.0	0.0	0.0	0.0	0.0	0.0	0.0	0.0	0.0	0.0	0.0	0.0	0.0	0.033	0.0	0.0	0.0	0.0	0.0	0.0	0.0	0.0	0.0	0.0	0.0
TSHR	P16473	False	TSHR_HUMAN		CPI-SS0C7833961	TSHR	0.019	0.0	0.022	0.026	0.0	0.0	0.0	0.0	0.0	0.0	0.0	0.0	0.0	0.0	0.0	0.0	0.0	0.0	0.0	0.0	0.033	0.0	0.0	0.0	0.0	0.0	0.0	0.0	0.0	0.0	0.0	0.0
ADGRB3	O60242	False	AGRB3_HUMAN		CPI-SS0F62347D4	ADGRB3	2.259	0.353	0.334	2.253	2.368	1.428	0.916	0.457	1.996	2.386	2.409	0.681	2.113	1.399	1.784	0.491	0.0	0.163	0.827	2.296	1.064	1.798	2.262	1.436	0.43	2.61	2.189	2.549	2.166	1.368	2.596	2.024
ADGRB3	O60242	False	AGRB3_HUMAN		CPI-SS0EB51E2A2	ADGRB3	2.259	0.353	0.334	2.253	2.368	1.428	0.916	0.457	1.996	2.386	2.409	0.681	2.113	1.399	1.784	0.491	0.0	0.163	0.827	2.296	1.064	1.798	2.262	1.436	0.43	2.61	2.189	2.549	2.166	1.368	2.596	2.024
ADGRB3	O60242	False	AGRB3_HUMAN		CPI-SS0348885FD	ADGRB3	2.259	0.353	0.334	2.253	2.368	1.428	0.916	0.457	1.996	2.386	2.409	0.681	2.113	1.399	1.784	0.491	0.0	0.163	0.827	2.296	1.064	1.798	2.262	1.436	0.43	2.61	2.189	2.549	2.166	1.368	2.596	2.024
C5AR2	Q9P296	False	C5AR2_HUMAN		CPI-SS00F4019EA	C5AR2	0.0	0.0	0.071	0.0	0.0	0.0	0.0	0.0	0.0	0.0	0.0	0.0	0.0	0.0	0.0	0.0	0.0	0.0	0.0	0.0	0.0	0.0	0.0	0.0	0.0	0.0	0.0	0.0	0.0	0.0	0.0	0.025
C5AR2	Q9P296	False	C5AR2_HUMAN		CPI-SS0A7E3A1AF	C5AR2	0.0	0.0	0.071	0.0	0.0	0.0	0.0	0.0	0.0	0.0	0.0	0.0	0.0	0.0	0.0	0.0	0.0	0.0	0.0	0.0	0.0	0.0	0.0	0.0	0.0	0.0	0.0	0.0	0.0	0.0	0.0	0.025
CRHR1	P34998	False	CRFR1_HUMAN		CPI-SS06B1216BE	CRHR1	0.218	0.113	0.057	0.067	0.152	0.025	0.126	0.083	0.169	0.185	0.073	0.03	0.0	0.0	0.046	0.0	0.0	0.014	0.0	0.224	0.281	0.184	0.0	0.894	0.0	0.186	0.35	0.113	0.488	0.09	0.366	0.191
CRHR1	P34998	False	CRFR1_HUMAN		CPI-SS0A748917D	CRHR1	0.218	0.113	0.057	0.067	0.152	0.025	0.126	0.083	0.169	0.185	0.073	0.03	0.0	0.0	0.046	0.0	0.0	0.014	0.0	0.224	0.281	0.184	0.0	0.894	0.0	0.186	0.35	0.113	0.488	0.09	0.366	0.191
CRHR2	Q13324	False	CRFR2_HUMAN		CPI-SS0A05319F5	CRHR2	0.153	0.0	0.03	0.499	0.217	0.0	0.0	0.0	0.136	0.0	0.0	0.03	0.258	0.064	0.034	0.192	0.0	0.018	0.0	0.138	0.013	0.327	0.07	1.156	0.439	0.189	0.749	0.038	0.046	0.28	0.0	0.175
CRHR2	Q13324	False	CRFR2_HUMAN		CPI-SS0E654708F	CRHR2	0.153	0.0	0.03	0.499	0.217	0.0	0.0	0.0	0.136	0.0	0.0	0.03	0.258	0.064	0.034	0.192	0.0	0.018	0.0	0.138	0.013	0.327	0.07	1.156	0.439	0.189	0.749	0.038	0.046	0.28	0.0	0.175
CRHR2	Q13324	False	CRFR2_HUMAN		CPI-SS017F03E67	CRHR2	0.153	0.0	0.03	0.499	0.217	0.0	0.0	0.0	0.136	0.0	0.0	0.03	0.258	0.064	0.034	0.192	0.0	0.018	0.0	0.138	0.013	0.327	0.07	1.156	0.439	0.189	0.749	0.038	0.046	0.28	0.0	0.175
CSF3R	Q99062	False	CSF3R_HUMAN		CPI-SS08376F0E6	CSF3R	0.002	0.0	0.796	0.0	0.0	0.0	0.0	0.0	0.0	0.0	0.0	0.0	0.0	0.0	0.016	0.0	0.0	0.0	0.0	0.0	0.046	0.0	0.0	0.0	0.0	0.0	0.0	0.0	0.0	0.0	0.0	0.0
PPARA	Q07869	False	PPARA_HUMAN		CPI-CS0259A0EB4	PPARA	0.171	0.162	0.034	0.0	0.155	0.061	0.151	0.0	0.206	0.238	0.113	0.325	0.382	0.063	0.106	0.439	0.0	0.104	0.0	0.052	0.225	0.126	0.0	0.242	0.0	0.077	0.197	0.122	0.092	0.078	0.131	0.031
HHIP	Q96QV1	False	HHIP_HUMAN		CPI-SS07C846DEE	HHIP	0.089	0.235	0.047	0.03	0.0	0.024	0.088	0.052	0.106	0.127	0.094	0.139	0.056	0.077	0.215	0.108	0.0	0.047	0.0	0.0	0.115	0.074	0.142	0.177	0.43	0.091	0.054	0.026	0.08	0.057	0.032	0.009
HHIP	Q96QV1	False	HHIP_HUMAN		CPI-SS055233B99	HHIP	0.089	0.235	0.047	0.03	0.0	0.024	0.088	0.052	0.106	0.127	0.094	0.139	0.056	0.077	0.215	0.108	0.0	0.047	0.0	0.0	0.115	0.074	0.142	0.177	0.43	0.091	0.054	0.026	0.08	0.057	0.032	0.009
HHIP	Q96QV1	False	HHIP_HUMAN		CPI-SS0F7A89A4F	HHIP	0.089	0.235	0.047	0.03	0.0	0.024	0.088	0.052	0.106	0.127	0.094	0.139	0.056	0.077	0.215	0.108	0.0	0.047	0.0	0.0	0.115	0.074	0.142	0.177	0.43	0.091	0.054	0.026	0.08	0.057	0.032	0.009
PGR	P06401	False	PRGR_HUMAN		CPI-CS072C12EF4	PGR	0.004	0.0	0.0	0.0	0.0	0.0	0.0	0.0	0.0	0.0	0.0	0.0	0.0	0.0	0.06	0.0	0.0	0.0	0.0	0.0	0.0	0.0	0.0	0.0	0.0	0.0	0.0	0.0	0.228	0.0	0.0	0.022
EDNRA	P25101	False	EDNRA_HUMAN		CPI-SS056AA08CF	EDNRA	0.004	0.0	0.0	0.022	0.0	0.0	0.0	0.0	0.0	0.0	0.0	0.0	0.0	0.0	0.0	0.0	0.0	0.0	0.0	0.0	0.0	0.0	0.0	0.0	0.0	0.008	0.013	0.0	0.0	0.0	0.0	0.0
EDNRA	P25101	False	EDNRA_HUMAN		CPI-SS03D5CBF55	EDNRA	0.004	0.0	0.0	0.022	0.0	0.0	0.0	0.0	0.0	0.0	0.0	0.0	0.0	0.0	0.0	0.0	0.0	0.0	0.0	0.0	0.0	0.0	0.0	0.0	0.0	0.008	0.013	0.0	0.0	0.0	0.0	0.0
EDNRB	P24530	False	EDNRB_HUMAN		CPI-SS0CA5B3B8E	EDNRB	0.0	0.0	0.345	0.0	0.0	0.0	0.0	0.0	0.0	0.0	0.0	0.0	0.0	0.0	0.0	0.0	0.0	0.0	0.0	0.0	0.0	0.0	0.0	0.0	0.0	0.0	0.0	0.0	0.0	0.0	0.0	0.03
EDNRB	P24530	False	EDNRB_HUMAN		CPI-SS0696491A3	EDNRB	0.0	0.0	0.345	0.0	0.0	0.0	0.0	0.0	0.0	0.0	0.0	0.0	0.0	0.0	0.0	0.0	0.0	0.0	0.0	0.0	0.0	0.0	0.0	0.0	0.0	0.0	0.0	0.0	0.0	0.0	0.0	0.03
EPHA3	P29320	False	EPHA3_HUMAN		CPI-SS09CA492BA	EPHA3	0.272	0.056	0.096	0.069	0.072	0.545	0.227	0.09	0.093	0.45	0.071	0.203	0.253	0.939	0.475	0.0	0.0	0.0	0.0	0.239	0.188	0.079	0.0	0.872	0.0	0.138	1.165	0.052	0.048	0.064	0.048	0.243
EPHA3	P29320	False	EPHA3_HUMAN		CPI-SS0C875BA24	EPHA3	0.272	0.056	0.096	0.069	0.072	0.545	0.227	0.09	0.093	0.45	0.071	0.203	0.253	0.939	0.475	0.0	0.0	0.0	0.0	0.239	0.188	0.079	0.0	0.872	0.0	0.138	1.165	0.052	0.048	0.064	0.048	0.243
EPHA3	P29320	False	EPHA3_HUMAN		CPI-SS0EF309375	EPHA3	0.272	0.056	0.096	0.069	0.072	0.545	0.227	0.09	0.093	0.45	0.071	0.203	0.253	0.939	0.475	0.0	0.0	0.0	0.0	0.239	0.188	0.079	0.0	0.872	0.0	0.138	1.165	0.052	0.048	0.064	0.048	0.243
EPHA3	P29320	False	EPHA3_HUMAN		CPI-SS0C70ADA28	EPHA3	0.272	0.056	0.096	0.069	0.072	0.545	0.227	0.09	0.093	0.45	0.071	0.203	0.253	0.939	0.475	0.0	0.0	0.0	0.0	0.239	0.188	0.079	0.0	0.872	0.0	0.138	1.165	0.052	0.048	0.064	0.048	0.243
EPHA4	P54764	False	EPHA4_HUMAN		CPI-SS0EBFE1854	EPHA4	0.436	0.616	0.02	0.324	0.644	0.462	0.207	0.114	0.71	1.136	0.114	0.587	0.903	0.165	0.578	0.649	3.23	0.013	0.157	0.234	0.338	1.079	0.196	0.428	0.439	0.404	0.085	0.292	0.275	0.33	0.676	0.458
EPHA4	P54764	False	EPHA4_HUMAN		CPI-SS0E63AB61E	EPHA4	0.436	0.616	0.02	0.324	0.644	0.462	0.207	0.114	0.71	1.136	0.114	0.587	0.903	0.165	0.578	0.649	3.23	0.013	0.157	0.234	0.338	1.079	0.196	0.428	0.439	0.404	0.085	0.292	0.275	0.33	0.676	0.458
EPHA4	P54764	False	EPHA4_HUMAN		CPI-SS05B4EB419	EPHA4	0.436	0.616	0.02	0.324	0.644	0.462	0.207	0.114	0.71	1.136	0.114	0.587	0.903	0.165	0.578	0.649	3.23	0.013	0.157	0.234	0.338	1.079	0.196	0.428	0.439	0.404	0.085	0.292	0.275	0.33	0.676	0.458
EPHA4	P54764	False	EPHA4_HUMAN		CPI-SS0FC01B947	EPHA4	0.436	0.616	0.02	0.324	0.644	0.462	0.207	0.114	0.71	1.136	0.114	0.587	0.903	0.165	0.578	0.649	3.23	0.013	0.157	0.234	0.338	1.079	0.196	0.428	0.439	0.404	0.085	0.292	0.275	0.33	0.676	0.458
EPHA4	P54764	False	EPHA4_HUMAN		CPI-SS03446CB39	EPHA4	0.436	0.616	0.02	0.324	0.644	0.462	0.207	0.114	0.71	1.136	0.114	0.587	0.903	0.165	0.578	0.649	3.23	0.013	0.157	0.234	0.338	1.079	0.196	0.428	0.439	0.404	0.085	0.292	0.275	0.33	0.676	0.458
EPHA4	P54764	False	EPHA4_HUMAN		CPI-SS087E0E3FB	EPHA4	0.436	0.616	0.02	0.324	0.644	0.462	0.207	0.114	0.71	1.136	0.114	0.587	0.903	0.165	0.578	0.649	3.23	0.013	0.157	0.234	0.338	1.079	0.196	0.428	0.439	0.404	0.085	0.292	0.275	0.33	0.676	0.458
EPHA4	P54764	False	EPHA4_HUMAN		CPI-SS084B1ED25	EPHA4	0.436	0.616	0.02	0.324	0.644	0.462	0.207	0.114	0.71	1.136	0.114	0.587	0.903	0.165	0.578	0.649	3.23	0.013	0.157	0.234	0.338	1.079	0.196	0.428	0.439	0.404	0.085	0.292	0.275	0.33	0.676	0.458
EPHA5	P54756	False	EPHA5_HUMAN		CPI-SS0762B455F	EPHA5	0.786	0.39	0.636	0.356	1.387	0.292	0.319	0.255	1.717	0.235	0.79	0.161	0.786	0.302	0.544	0.581	0.0	0.306	0.616	1.177	0.797	0.35	0.278	0.732	0.503	0.454	0.638	0.491	0.404	0.754	0.439	0.571
EPHA5	P54756	False	EPHA5_HUMAN		CPI-SS0D81D9F5E	EPHA5	0.786	0.39	0.636	0.356	1.387	0.292	0.319	0.255	1.717	0.235	0.79	0.161	0.786	0.302	0.544	0.581	0.0	0.306	0.616	1.177	0.797	0.35	0.278	0.732	0.503	0.454	0.638	0.491	0.404	0.754	0.439	0.571
EPHA5	P54756	False	EPHA5_HUMAN		CPI-SS079EF5D9C	EPHA5	0.786	0.39	0.636	0.356	1.387	0.292	0.319	0.255	1.717	0.235	0.79	0.161	0.786	0.302	0.544	0.581	0.0	0.306	0.616	1.177	0.797	0.35	0.278	0.732	0.503	0.454	0.638	0.491	0.404	0.754	0.439	0.571
EPHA5	P54756	False	EPHA5_HUMAN		CPI-SS09E3F5044	EPHA5	0.786	0.39	0.636	0.356	1.387	0.292	0.319	0.255	1.717	0.235	0.79	0.161	0.786	0.302	0.544	0.581	0.0	0.306	0.616	1.177	0.797	0.35	0.278	0.732	0.503	0.454	0.638	0.491	0.404	0.754	0.439	0.571
EPHB2	P29323	False	EPHB2_HUMAN		CPI-SS068ACD209	EPHB2	1.016	0.457	0.1	0.784	1.423	0.756	0.266	0.337	1.014	0.132	0.317	0.893	1.277	0.754	1.157	0.954	0.0	0.108	0.112	0.601	0.81	1.302	0.817	0.375	1.09	0.533	0.672	1.013	0.529	0.132	0.81	0.64
EPHB2	P29323	False	EPHB2_HUMAN		CPI-SS06E797E50	EPHB2	1.016	0.457	0.1	0.784	1.423	0.756	0.266	0.337	1.014	0.132	0.317	0.893	1.277	0.754	1.157	0.954	0.0	0.108	0.112	0.601	0.81	1.302	0.817	0.375	1.09	0.533	0.672	1.013	0.529	0.132	0.81	0.64
EPHB2	P29323	False	EPHB2_HUMAN		CPI-SS0ECC9DF3E	EPHB2	1.016	0.457	0.1	0.784	1.423	0.756	0.266	0.337	1.014	0.132	0.317	0.893	1.277	0.754	1.157	0.954	0.0	0.108	0.112	0.601	0.81	1.302	0.817	0.375	1.09	0.533	0.672	1.013	0.529	0.132	0.81	0.64
EPHB2	P29323	False	EPHB2_HUMAN		CPI-SS0ECCB4382	EPHB2	1.016	0.457	0.1	0.784	1.423	0.756	0.266	0.337	1.014	0.132	0.317	0.893	1.277	0.754	1.157	0.954	0.0	0.108	0.112	0.601	0.81	1.302	0.817	0.375	1.09	0.533	0.672	1.013	0.529	0.132	0.81	0.64
EPHB1	P54762	False	EPHB1_HUMAN		CPI-SS03C7D1520	EPHB1	1.566	1.349	0.148	1.299	0.849	1.118	0.258	0.784	1.756	2.21	0.523	0.409	0.477	0.346	0.96	0.182	0.0	0.136	0.129	0.636	1.531	1.471	1.762	0.835	1.084	0.88	1.559	1.2	1.209	1.097	2.946	0.905
EPHB1	P54762	False	EPHB1_HUMAN		CPI-SS0BFD8E056	EPHB1	1.566	1.349	0.148	1.299	0.849	1.118	0.258	0.784	1.756	2.21	0.523	0.409	0.477	0.346	0.96	0.182	0.0	0.136	0.129	0.636	1.531	1.471	1.762	0.835	1.084	0.88	1.559	1.2	1.209	1.097	2.946	0.905
EPHB1	P54762	False	EPHB1_HUMAN		CPI-SS0CE96B837	EPHB1	1.566	1.349	0.148	1.299	0.849	1.118	0.258	0.784	1.756	2.21	0.523	0.409	0.477	0.346	0.96	0.182	0.0	0.136	0.129	0.636	1.531	1.471	1.762	0.835	1.084	0.88	1.559	1.2	1.209	1.097	2.946	0.905
EPHB3	P54753	False	EPHB3_HUMAN		CPI-SS0C2003B74	EPHB3	0.484	0.078	0.105	0.085	0.273	0.707	0.043	0.119	0.894	0.388	0.445	0.123	0.273	0.043	0.089	0.331	0.0	0.029	0.0	0.363	0.108	0.0	0.089	1.359	0.439	0.323	0.804	0.445	0.266	0.616	0.299	0.3
EPHB3	P54753	False	EPHB3_HUMAN		CPI-SS082ABF1EA	EPHB3	0.484	0.078	0.105	0.085	0.273	0.707	0.043	0.119	0.894	0.388	0.445	0.123	0.273	0.043	0.089	0.331	0.0	0.029	0.0	0.363	0.108	0.0	0.089	1.359	0.439	0.323	0.804	0.445	0.266	0.616	0.299	0.3
EPHB3	P54753	False	EPHB3_HUMAN		CPI-SS01BBAD475	EPHB3	0.484	0.078	0.105	0.085	0.273	0.707	0.043	0.119	0.894	0.388	0.445	0.123	0.273	0.043	0.089	0.331	0.0	0.029	0.0	0.363	0.108	0.0	0.089	1.359	0.439	0.323	0.804	0.445	0.266	0.616	0.299	0.3
EGFR	P00533	False	EGFR_HUMAN		CPI-SS0CC966B71	EGFR	0.105	0.043	0.034	0.0	0.086	0.029	0.667	0.062	0.402	0.062	0.483	0.158	0.152	0.147	0.063	0.254	0.0	0.045	0.104	0.042	0.253	0.183	0.763	0.0	0.0	0.145	0.053	0.119	0.273	0.068	0.095	0.076
EGFR	P00533	False	EGFR_HUMAN		CPI-SS09947DDD9	EGFR	0.105	0.043	0.034	0.0	0.086	0.029	0.667	0.062	0.402	0.062	0.483	0.158	0.152	0.147	0.063	0.254	0.0	0.045	0.104	0.042	0.253	0.183	0.763	0.0	0.0	0.145	0.053	0.119	0.273	0.068	0.095	0.076
EGFR	P00533	False	EGFR_HUMAN		CPI-SS09B2ACA25	EGFR	0.105	0.043	0.034	0.0	0.086	0.029	0.667	0.062	0.402	0.062	0.483	0.158	0.152	0.147	0.063	0.254	0.0	0.045	0.104	0.042	0.253	0.183	0.763	0.0	0.0	0.145	0.053	0.119	0.273	0.068	0.095	0.076
EGFR	P00533	False	EGFR_HUMAN		CPI-SS07E5C3060	EGFR	0.105	0.043	0.034	0.0	0.086	0.029	0.667	0.062	0.402	0.062	0.483	0.158	0.152	0.147	0.063	0.254	0.0	0.045	0.104	0.042	0.253	0.183	0.763	0.0	0.0	0.145	0.053	0.119	0.273	0.068	0.095	0.076
ERBB3	P21860	False	ERBB3_HUMAN		CPI-SS05A6C9EC5	ERBB3	0.026	0.019	0.0	0.058	0.0	0.0	0.0	0.0	0.0	0.094	0.0	0.0	0.13	0.0	0.067	0.151	0.0	1.15	0.0	0.0	0.054	0.0	0.265	0.045	0.0	0.0	0.025	0.034	0.079	0.084	0.0	0.077
ERBB3	P21860	False	ERBB3_HUMAN		CPI-SS053613259	ERBB3	0.026	0.019	0.0	0.058	0.0	0.0	0.0	0.0	0.0	0.094	0.0	0.0	0.13	0.0	0.067	0.151	0.0	1.15	0.0	0.0	0.054	0.0	0.265	0.045	0.0	0.0	0.025	0.034	0.079	0.084	0.0	0.077
ERBB4	Q15303	False	ERBB4_HUMAN		CPI-SS0F0D7F25C	ERBB4	1.868	1.032	0.276	2.572	3.807	1.155	0.689	0.998	4.462	1.18	0.694	0.396	2.126	0.863	1.375	1.074	0.0	1.272	0.426	0.727	3.994	0.483	2.497	0.338	0.932	1.916	1.352	1.986	1.809	2.847	2.005	1.261
ERBB4	Q15303	False	ERBB4_HUMAN		CPI-SS060B846D1	ERBB4	1.868	1.032	0.276	2.572	3.807	1.155	0.689	0.998	4.462	1.18	0.694	0.396	2.126	0.863	1.375	1.074	0.0	1.272	0.426	0.727	3.994	0.483	2.497	0.338	0.932	1.916	1.352	1.986	1.809	2.847	2.005	1.261
ERBB4	Q15303	False	ERBB4_HUMAN		CPI-SS0E063192D	ERBB4	1.868	1.032	0.276	2.572	3.807	1.155	0.689	0.998	4.462	1.18	0.694	0.396	2.126	0.863	1.375	1.074	0.0	1.272	0.426	0.727	3.994	0.483	2.497	0.338	0.932	1.916	1.352	1.986	1.809	2.847	2.005	1.261
ERBB4	Q15303	False	ERBB4_HUMAN		CPI-SS0D5E30C6C	ERBB4	1.868	1.032	0.276	2.572	3.807	1.155	0.689	0.998	4.462	1.18	0.694	0.396	2.126	0.863	1.375	1.074	0.0	1.272	0.426	0.727	3.994	0.483	2.497	0.338	0.932	1.916	1.352	1.986	1.809	2.847	2.005	1.261
ERBB2	P04626	False	ERBB2_HUMAN		CPI-SS03E7FB333	ERBB2	0.0	0.0	0.054	0.0	0.0	0.0	0.034	0.0	0.0	0.0	0.0	0.092	0.251	0.089	0.183	0.0	0.0	0.028	0.0	0.0	0.013	0.0	0.0	0.0	0.0	0.0	0.014	0.0	0.006	0.0	0.012	0.0
FGFR1	P11362	False	FGFR1_HUMAN		CPI-SS01333FFA6	FGFR1	0.012	0.0	0.0	0.0	0.21	0.0	0.181	0.0	0.0	0.0	0.0	0.025	0.04	0.148	0.314	0.204	0.0	0.395	0.0	0.0	0.0	0.0	0.0	0.044	0.0	0.008	0.126	0.0	0.0	0.025	0.058	0.024
FGFR1	P11362	False	FGFR1_HUMAN		CPI-SS014E486AB	FGFR1	0.012	0.0	0.0	0.0	0.21	0.0	0.181	0.0	0.0	0.0	0.0	0.025	0.04	0.148	0.314	0.204	0.0	0.395	0.0	0.0	0.0	0.0	0.0	0.044	0.0	0.008	0.126	0.0	0.0	0.025	0.058	0.024
FGFR1	P11362	False	FGFR1_HUMAN		CPI-SS05632AB58	FGFR1	0.012	0.0	0.0	0.0	0.21	0.0	0.181	0.0	0.0	0.0	0.0	0.025	0.04	0.148	0.314	0.204	0.0	0.395	0.0	0.0	0.0	0.0	0.0	0.044	0.0	0.008	0.126	0.0	0.0	0.025	0.058	0.024
AGRN	O00468	False	AGRIN_HUMAN		CPI-SS0C21302BC	AGRN	0.989	1.07	0.214	0.384	0.892	0.991	0.467	1.333	2.087	1.049	0.213	0.642	1.131	1.633	2.132	1.997	0.0	0.518	0.502	0.81	0.833	0.55	1.173	0.332	1.665	1.017	1.386	0.794	0.772	0.367	0.93	0.812
ADGRL1	O94910	False	AGRL1_HUMAN		CPI-SS0813792B7	ADGRL1	0.907	1.626	1.321	1.643	1.449	0.315	0.198	0.344	0.952	0.776	0.294	0.205	0.255	0.036	0.214	0.108	0.0	0.428	0.346	0.643	1.0	0.677	0.93	0.305	0.0	0.949	1.054	1.116	1.047	0.545	1.229	0.714
ADGRL1	O94910	False	AGRL1_HUMAN		CPI-CS007F1C612	ADGRL1	0.907	1.626	1.321	1.643	1.449	0.315	0.198	0.344	0.952	0.776	0.294	0.205	0.255	0.036	0.214	0.108	0.0	0.428	0.346	0.643	1.0	0.677	0.93	0.305	0.0	0.949	1.054	1.116	1.047	0.545	1.229	0.714
ADGRL1	O94910	False	AGRL1_HUMAN		CPI-CS0C8B4ED97	ADGRL1	0.907	1.626	1.321	1.643	1.449	0.315	0.198	0.344	0.952	0.776	0.294	0.205	0.255	0.036	0.214	0.108	0.0	0.428	0.346	0.643	1.0	0.677	0.93	0.305	0.0	0.949	1.054	1.116	1.047	0.545	1.229	0.714
ADGRL1	O94910	False	AGRL1_HUMAN		CPI-SS008E98D3E	ADGRL1	0.907	1.626	1.321	1.643	1.449	0.315	0.198	0.344	0.952	0.776	0.294	0.205	0.255	0.036	0.214	0.108	0.0	0.428	0.346	0.643	1.0	0.677	0.93	0.305	0.0	0.949	1.054	1.116	1.047	0.545	1.229	0.714
ADGRL1	O94910	False	AGRL1_HUMAN		CPI-CS04534E61E	ADGRL1	0.907	1.626	1.321	1.643	1.449	0.315	0.198	0.344	0.952	0.776	0.294	0.205	0.255	0.036	0.214	0.108	0.0	0.428	0.346	0.643	1.0	0.677	0.93	0.305	0.0	0.949	1.054	1.116	1.047	0.545	1.229	0.714
ADGRL1	O94910	False	AGRL1_HUMAN		CPI-CS0B24464AF	ADGRL1	0.907	1.626	1.321	1.643	1.449	0.315	0.198	0.344	0.952	0.776	0.294	0.205	0.255	0.036	0.214	0.108	0.0	0.428	0.346	0.643	1.0	0.677	0.93	0.305	0.0	0.949	1.054	1.116	1.047	0.545	1.229	0.714
ADGRL1	O94910	False	AGRL1_HUMAN		CPI-SS019D9440E	ADGRL1	0.907	1.626	1.321	1.643	1.449	0.315	0.198	0.344	0.952	0.776	0.294	0.205	0.255	0.036	0.214	0.108	0.0	0.428	0.346	0.643	1.0	0.677	0.93	0.305	0.0	0.949	1.054	1.116	1.047	0.545	1.229	0.714
ADGRL1	O94910	False	AGRL1_HUMAN		CPI-SS0B0B67CA2	ADGRL1	0.907	1.626	1.321	1.643	1.449	0.315	0.198	0.344	0.952	0.776	0.294	0.205	0.255	0.036	0.214	0.108	0.0	0.428	0.346	0.643	1.0	0.677	0.93	0.305	0.0	0.949	1.054	1.116	1.047	0.545	1.229	0.714
ADGRL1	O94910	False	AGRL1_HUMAN		CPI-SS085E3E37F	ADGRL1	0.907	1.626	1.321	1.643	1.449	0.315	0.198	0.344	0.952	0.776	0.294	0.205	0.255	0.036	0.214	0.108	0.0	0.428	0.346	0.643	1.0	0.677	0.93	0.305	0.0	0.949	1.054	1.116	1.047	0.545	1.229	0.714
ADGRL1	O94910	False	AGRL1_HUMAN		CPI-SS09159B142	ADGRL1	0.907	1.626	1.321	1.643	1.449	0.315	0.198	0.344	0.952	0.776	0.294	0.205	0.255	0.036	0.214	0.108	0.0	0.428	0.346	0.643	1.0	0.677	0.93	0.305	0.0	0.949	1.054	1.116	1.047	0.545	1.229	0.714
ADGRL1	O94910	False	AGRL1_HUMAN		CPI-SS04FD52559	ADGRL1	0.907	1.626	1.321	1.643	1.449	0.315	0.198	0.344	0.952	0.776	0.294	0.205	0.255	0.036	0.214	0.108	0.0	0.428	0.346	0.643	1.0	0.677	0.93	0.305	0.0	0.949	1.054	1.116	1.047	0.545	1.229	0.714
ADGRL1	O94910	False	AGRL1_HUMAN		CPI-SS0EC12EAD9	ADGRL1	0.907	1.626	1.321	1.643	1.449	0.315	0.198	0.344	0.952	0.776	0.294	0.205	0.255	0.036	0.214	0.108	0.0	0.428	0.346	0.643	1.0	0.677	0.93	0.305	0.0	0.949	1.054	1.116	1.047	0.545	1.229	0.714
ADGRL3	Q9HAR2	False	AGRL3_HUMAN		CPI-SS0430C8A78	ADGRL3	2.762	1.924	0.247	1.021	2.554	2.836	0.969	2.786	2.209	3.285	3.33	0.353	0.64	0.817	1.218	1.395	0.0	0.316	0.617	2.153	2.87	1.652	1.878	1.761	0.815	2.232	1.638	2.582	1.832	1.699	4.085	1.808
ADGRL3	Q9HAR2	False	AGRL3_HUMAN		CPI-CS059C42E4B	ADGRL3	2.762	1.924	0.247	1.021	2.554	2.836	0.969	2.786	2.209	3.285	3.33	0.353	0.64	0.817	1.218	1.395	0.0	0.316	0.617	2.153	2.87	1.652	1.878	1.761	0.815	2.232	1.638	2.582	1.832	1.699	4.085	1.808
ADGRL3	Q9HAR2	False	AGRL3_HUMAN		CPI-SS0474E1C15	ADGRL3	2.762	1.924	0.247	1.021	2.554	2.836	0.969	2.786	2.209	3.285	3.33	0.353	0.64	0.817	1.218	1.395	0.0	0.316	0.617	2.153	2.87	1.652	1.878	1.761	0.815	2.232	1.638	2.582	1.832	1.699	4.085	1.808
ADGRL3	Q9HAR2	False	AGRL3_HUMAN		CPI-SS052641D5A	ADGRL3	2.762	1.924	0.247	1.021	2.554	2.836	0.969	2.786	2.209	3.285	3.33	0.353	0.64	0.817	1.218	1.395	0.0	0.316	0.617	2.153	2.87	1.652	1.878	1.761	0.815	2.232	1.638	2.582	1.832	1.699	4.085	1.808
ADGRL3	Q9HAR2	False	AGRL3_HUMAN		CPI-CS0D62B1695	ADGRL3	2.762	1.924	0.247	1.021	2.554	2.836	0.969	2.786	2.209	3.285	3.33	0.353	0.64	0.817	1.218	1.395	0.0	0.316	0.617	2.153	2.87	1.652	1.878	1.761	0.815	2.232	1.638	2.582	1.832	1.699	4.085	1.808
ADGRL3	Q9HAR2	False	AGRL3_HUMAN		CPI-SS038A612D7	ADGRL3	2.762	1.924	0.247	1.021	2.554	2.836	0.969	2.786	2.209	3.285	3.33	0.353	0.64	0.817	1.218	1.395	0.0	0.316	0.617	2.153	2.87	1.652	1.878	1.761	0.815	2.232	1.638	2.582	1.832	1.699	4.085	1.808
ADGRL3	Q9HAR2	False	AGRL3_HUMAN		CPI-SS0BCB3D402	ADGRL3	2.762	1.924	0.247	1.021	2.554	2.836	0.969	2.786	2.209	3.285	3.33	0.353	0.64	0.817	1.218	1.395	0.0	0.316	0.617	2.153	2.87	1.652	1.878	1.761	0.815	2.232	1.638	2.582	1.832	1.699	4.085	1.808
ADGRL3	Q9HAR2	False	AGRL3_HUMAN		CPI-SS0EA023E51	ADGRL3	2.762	1.924	0.247	1.021	2.554	2.836	0.969	2.786	2.209	3.285	3.33	0.353	0.64	0.817	1.218	1.395	0.0	0.316	0.617	2.153	2.87	1.652	1.878	1.761	0.815	2.232	1.638	2.582	1.832	1.699	4.085	1.808
ADGRL3	Q9HAR2	False	AGRL3_HUMAN		CPI-SS01F00A48A	ADGRL3	2.762	1.924	0.247	1.021	2.554	2.836	0.969	2.786	2.209	3.285	3.33	0.353	0.64	0.817	1.218	1.395	0.0	0.316	0.617	2.153	2.87	1.652	1.878	1.761	0.815	2.232	1.638	2.582	1.832	1.699	4.085	1.808
ADGRL3	Q9HAR2	False	AGRL3_HUMAN		CPI-SS0F6BE4D47	ADGRL3	2.762	1.924	0.247	1.021	2.554	2.836	0.969	2.786	2.209	3.285	3.33	0.353	0.64	0.817	1.218	1.395	0.0	0.316	0.617	2.153	2.87	1.652	1.878	1.761	0.815	2.232	1.638	2.582	1.832	1.699	4.085	1.808
ADGRL2	O95490	False	AGRL2_HUMAN		CPI-SS08BFFB96E	ADGRL2	1.519	0.935	0.203	2.35	1.394	2.487	1.266	1.036	1.744	0.858	3.326	1.81	1.199	1.197	1.652	1.778	0.0	0.047	0.432	2.758	1.353	1.101	1.145	1.322	1.89	1.804	1.779	1.14	0.957	0.945	2.9	1.455
ADGRL2	O95490	False	AGRL2_HUMAN		CPI-CS049AAD8F5	ADGRL2	1.519	0.935	0.203	2.35	1.394	2.487	1.266	1.036	1.744	0.858	3.326	1.81	1.199	1.197	1.652	1.778	0.0	0.047	0.432	2.758	1.353	1.101	1.145	1.322	1.89	1.804	1.779	1.14	0.957	0.945	2.9	1.455
ADGRL2	O95490	False	AGRL2_HUMAN		CPI-SS083BB1EB3	ADGRL2	1.519	0.935	0.203	2.35	1.394	2.487	1.266	1.036	1.744	0.858	3.326	1.81	1.199	1.197	1.652	1.778	0.0	0.047	0.432	2.758	1.353	1.101	1.145	1.322	1.89	1.804	1.779	1.14	0.957	0.945	2.9	1.455
ADGRL2	O95490	False	AGRL2_HUMAN		CPI-SS021718DBF	ADGRL2	1.519	0.935	0.203	2.35	1.394	2.487	1.266	1.036	1.744	0.858	3.326	1.81	1.199	1.197	1.652	1.778	0.0	0.047	0.432	2.758	1.353	1.101	1.145	1.322	1.89	1.804	1.779	1.14	0.957	0.945	2.9	1.455
ADGRL2	O95490	False	AGRL2_HUMAN		CPI-SS075F456AF	ADGRL2	1.519	0.935	0.203	2.35	1.394	2.487	1.266	1.036	1.744	0.858	3.326	1.81	1.199	1.197	1.652	1.778	0.0	0.047	0.432	2.758	1.353	1.101	1.145	1.322	1.89	1.804	1.779	1.14	0.957	0.945	2.9	1.455
ADGRL2	O95490	False	AGRL2_HUMAN		CPI-SS0FD44484F	ADGRL2	1.519	0.935	0.203	2.35	1.394	2.487	1.266	1.036	1.744	0.858	3.326	1.81	1.199	1.197	1.652	1.778	0.0	0.047	0.432	2.758	1.353	1.101	1.145	1.322	1.89	1.804	1.779	1.14	0.957	0.945	2.9	1.455
GABBR1	Q9UBS5	False	GABR1_HUMAN		CPI-CS0CE0C5AF0	GABBR1	2.859	2.553	0.464	1.531	1.726	3.003	0.947	3.012	2.979	3.546	3.183	0.109	0.363	0.253	0.754	0.706	0.0	0.427	0.916	3.356	2.989	1.83	3.204	2.059	0.794	3.224	2.898	3.257	2.753	3.176	3.368	2.379
GABBR1	Q9UBS5	False	GABR1_HUMAN		CPI-CS06B116BC0	GABBR1	2.859	2.553	0.464	1.531	1.726	3.003	0.947	3.012	2.979	3.546	3.183	0.109	0.363	0.253	0.754	0.706	0.0	0.427	0.916	3.356	2.989	1.83	3.204	2.059	0.794	3.224	2.898	3.257	2.753	3.176	3.368	2.379
GABBR1	Q9UBS5	False	GABR1_HUMAN		CPI-CS02929CEBB	GABBR1	2.859	2.553	0.464	1.531	1.726	3.003	0.947	3.012	2.979	3.546	3.183	0.109	0.363	0.253	0.754	0.706	0.0	0.427	0.916	3.356	2.989	1.83	3.204	2.059	0.794	3.224	2.898	3.257	2.753	3.176	3.368	2.379
GABBR1	Q9UBS5	False	GABR1_HUMAN		CPI-CS0DE2ED1D0	GABBR1	2.859	2.553	0.464	1.531	1.726	3.003	0.947	3.012	2.979	3.546	3.183	0.109	0.363	0.253	0.754	0.706	0.0	0.427	0.916	3.356	2.989	1.83	3.204	2.059	0.794	3.224	2.898	3.257	2.753	3.176	3.368	2.379
GABBR1	Q9UBS5	False	GABR1_HUMAN		CPI-CS0E715A989	GABBR1	2.859	2.553	0.464	1.531	1.726	3.003	0.947	3.012	2.979	3.546	3.183	0.109	0.363	0.253	0.754	0.706	0.0	0.427	0.916	3.356	2.989	1.83	3.204	2.059	0.794	3.224	2.898	3.257	2.753	3.176	3.368	2.379
GABBR1	Q9UBS5	False	GABR1_HUMAN		CPI-CS03CCCE0E4	GABBR1	2.859	2.553	0.464	1.531	1.726	3.003	0.947	3.012	2.979	3.546	3.183	0.109	0.363	0.253	0.754	0.706	0.0	0.427	0.916	3.356	2.989	1.83	3.204	2.059	0.794	3.224	2.898	3.257	2.753	3.176	3.368	2.379
GABBR1	Q9UBS5	False	GABR1_HUMAN		CPI-CS0F3055E82	GABBR1	2.859	2.553	0.464	1.531	1.726	3.003	0.947	3.012	2.979	3.546	3.183	0.109	0.363	0.253	0.754	0.706	0.0	0.427	0.916	3.356	2.989	1.83	3.204	2.059	0.794	3.224	2.898	3.257	2.753	3.176	3.368	2.379
GABBR1	Q9UBS5	False	GABR1_HUMAN		CPI-CS0E648EBFA	GABBR1	2.859	2.553	0.464	1.531	1.726	3.003	0.947	3.012	2.979	3.546	3.183	0.109	0.363	0.253	0.754	0.706	0.0	0.427	0.916	3.356	2.989	1.83	3.204	2.059	0.794	3.224	2.898	3.257	2.753	3.176	3.368	2.379
GABBR1	Q9UBS5	False	GABR1_HUMAN		CPI-CS0E6EE9A46	GABBR1	2.859	2.553	0.464	1.531	1.726	3.003	0.947	3.012	2.979	3.546	3.183	0.109	0.363	0.253	0.754	0.706	0.0	0.427	0.916	3.356	2.989	1.83	3.204	2.059	0.794	3.224	2.898	3.257	2.753	3.176	3.368	2.379
GABBR1	Q9UBS5	False	GABR1_HUMAN		CPI-CS0B3E748FB	GABBR1	2.859	2.553	0.464	1.531	1.726	3.003	0.947	3.012	2.979	3.546	3.183	0.109	0.363	0.253	0.754	0.706	0.0	0.427	0.916	3.356	2.989	1.83	3.204	2.059	0.794	3.224	2.898	3.257	2.753	3.176	3.368	2.379
GABBR1	Q9UBS5	False	GABR1_HUMAN		CPI-CS0F5400CAB	GABBR1	2.859	2.553	0.464	1.531	1.726	3.003	0.947	3.012	2.979	3.546	3.183	0.109	0.363	0.253	0.754	0.706	0.0	0.427	0.916	3.356	2.989	1.83	3.204	2.059	0.794	3.224	2.898	3.257	2.753	3.176	3.368	2.379
GABBR1	Q9UBS5	False	GABR1_HUMAN		CPI-CS02CC3D29A	GABBR1	2.859	2.553	0.464	1.531	1.726	3.003	0.947	3.012	2.979	3.546	3.183	0.109	0.363	0.253	0.754	0.706	0.0	0.427	0.916	3.356	2.989	1.83	3.204	2.059	0.794	3.224	2.898	3.257	2.753	3.176	3.368	2.379
GABBR2	O75899	False	GABR2_HUMAN		CPI-CS0FA38E530	GABBR2	1.435	3.224	0.22	0.71	0.064	1.844	0.15	3.513	1.825	1.776	1.715	0.116	0.12	0.082	0.183	0.333	0.0	0.061	0.666	1.362	1.124	1.202	2.184	1.847	1.073	1.267	2.288	1.32	0.943	1.514	1.662	1.149
GABBR2	O75899	False	GABR2_HUMAN		CPI-CS04C0A3C19	GABBR2	1.435	3.224	0.22	0.71	0.064	1.844	0.15	3.513	1.825	1.776	1.715	0.116	0.12	0.082	0.183	0.333	0.0	0.061	0.666	1.362	1.124	1.202	2.184	1.847	1.073	1.267	2.288	1.32	0.943	1.514	1.662	1.149
GABBR2	O75899	False	GABR2_HUMAN		CPI-CS0A7EA055F	GABBR2	1.435	3.224	0.22	0.71	0.064	1.844	0.15	3.513	1.825	1.776	1.715	0.116	0.12	0.082	0.183	0.333	0.0	0.061	0.666	1.362	1.124	1.202	2.184	1.847	1.073	1.267	2.288	1.32	0.943	1.514	1.662	1.149
GABBR2	O75899	False	GABR2_HUMAN		CPI-CS025E1B7C6	GABBR2	1.435	3.224	0.22	0.71	0.064	1.844	0.15	3.513	1.825	1.776	1.715	0.116	0.12	0.082	0.183	0.333	0.0	0.061	0.666	1.362	1.124	1.202	2.184	1.847	1.073	1.267	2.288	1.32	0.943	1.514	1.662	1.149
GABBR2	O75899	False	GABR2_HUMAN		CPI-CS04368D963	GABBR2	1.435	3.224	0.22	0.71	0.064	1.844	0.15	3.513	1.825	1.776	1.715	0.116	0.12	0.082	0.183	0.333	0.0	0.061	0.666	1.362	1.124	1.202	2.184	1.847	1.073	1.267	2.288	1.32	0.943	1.514	1.662	1.149
GABBR2	O75899	False	GABR2_HUMAN		CPI-CS0AD67AADC	GABBR2	1.435	3.224	0.22	0.71	0.064	1.844	0.15	3.513	1.825	1.776	1.715	0.116	0.12	0.082	0.183	0.333	0.0	0.061	0.666	1.362	1.124	1.202	2.184	1.847	1.073	1.267	2.288	1.32	0.943	1.514	1.662	1.149
GABBR2	O75899	False	GABR2_HUMAN		CPI-CS0AA35FDCE	GABBR2	1.435	3.224	0.22	0.71	0.064	1.844	0.15	3.513	1.825	1.776	1.715	0.116	0.12	0.082	0.183	0.333	0.0	0.061	0.666	1.362	1.124	1.202	2.184	1.847	1.073	1.267	2.288	1.32	0.943	1.514	1.662	1.149
GABBR2	O75899	False	GABR2_HUMAN		CPI-CS0B096A78D	GABBR2	1.435	3.224	0.22	0.71	0.064	1.844	0.15	3.513	1.825	1.776	1.715	0.116	0.12	0.082	0.183	0.333	0.0	0.061	0.666	1.362	1.124	1.202	2.184	1.847	1.073	1.267	2.288	1.32	0.943	1.514	1.662	1.149
GABBR2	O75899	False	GABR2_HUMAN		CPI-CS02F1A072B	GABBR2	1.435	3.224	0.22	0.71	0.064	1.844	0.15	3.513	1.825	1.776	1.715	0.116	0.12	0.082	0.183	0.333	0.0	0.061	0.666	1.362	1.124	1.202	2.184	1.847	1.073	1.267	2.288	1.32	0.943	1.514	1.662	1.149
GABBR2	O75899	False	GABR2_HUMAN		CPI-CS04A744DD8	GABBR2	1.435	3.224	0.22	0.71	0.064	1.844	0.15	3.513	1.825	1.776	1.715	0.116	0.12	0.082	0.183	0.333	0.0	0.061	0.666	1.362	1.124	1.202	2.184	1.847	1.073	1.267	2.288	1.32	0.943	1.514	1.662	1.149
GABBR2	O75899	False	GABR2_HUMAN		CPI-CS0C8D4C311	GABBR2	1.435	3.224	0.22	0.71	0.064	1.844	0.15	3.513	1.825	1.776	1.715	0.116	0.12	0.082	0.183	0.333	0.0	0.061	0.666	1.362	1.124	1.202	2.184	1.847	1.073	1.267	2.288	1.32	0.943	1.514	1.662	1.149
GABBR2	O75899	False	GABR2_HUMAN		CPI-CS0DC38225F	GABBR2	1.435	3.224	0.22	0.71	0.064	1.844	0.15	3.513	1.825	1.776	1.715	0.116	0.12	0.082	0.183	0.333	0.0	0.061	0.666	1.362	1.124	1.202	2.184	1.847	1.073	1.267	2.288	1.32	0.943	1.514	1.662	1.149
GALR1	P47211	False	GALR1_HUMAN		CPI-SS0BE567EFB	GALR1	0.265	0.075	0.079	0.0	0.0	0.773	0.042	0.109	0.173	0.392	0.905	0.0	0.0	0.0	0.081	0.252	0.0	0.053	0.112	0.385	0.0	0.113	0.14	0.197	0.0	0.423	0.22	0.376	0.609	0.007	0.011	0.234
MERTK	Q12866	False	MERTK_HUMAN		CPI-SS076940BCD	MERTK	0.0	0.0	0.045	0.0	0.032	0.0	0.0	0.0	0.0	0.0	0.0	0.0	0.057	0.0	0.0	0.0	0.0	0.291	0.0	0.0	0.0	0.0	0.0	0.0	0.0	0.0	0.0	0.0	0.0	0.0	0.0	0.034
GRPR	P30550	False	GRPR_HUMAN		CPI-SS0B9B66F8E	GRPR	0.024	0.0	0.0	0.0	0.0	0.0	0.0	0.0	0.0	0.0	0.0	0.0	0.0	0.0	0.0	0.0	0.0	0.021	0.0	0.0	0.0	0.0	0.0	0.0	0.0	0.0	0.0	0.0	0.0	0.0	0.013	0.0
NMBR	P28336	False	NMBR_HUMAN		CPI-SS0EAF7B072	NMBR	0.265	0.0	0.053	0.124	0.023	0.248	0.0	0.0	0.03	0.571	0.025	0.0	0.0	0.0	0.0	0.0	0.0	0.0	0.112	0.228	0.613	0.123	0.416	0.101	0.0	0.141	0.033	0.104	0.648	0.281	0.113	0.096
GRIA1	P42261	False	GRIA1_HUMAN		CPI-CS0E30DD72A	GRIA1	1.197	1.43	0.154	0.808	1.2	2.161	0.061	0.821	0.244	0.403	1.028	0.067	0.113	0.154	0.396	0.179	0.0	0.019	0.78	1.622	0.392	0.286	0.459	2.669	0.817	1.584	0.097	1.234	1.061	0.378	0.507	0.817
GRIA1	P42261	False	GRIA1_HUMAN		CPI-CS05A9AB39B	GRIA1	1.197	1.43	0.154	0.808	1.2	2.161	0.061	0.821	0.244	0.403	1.028	0.067	0.113	0.154	0.396	0.179	0.0	0.019	0.78	1.622	0.392	0.286	0.459	2.669	0.817	1.584	0.097	1.234	1.061	0.378	0.507	0.817
GRIA1	P42261	False	GRIA1_HUMAN		CPI-CS0D5D712A6	GRIA1	1.197	1.43	0.154	0.808	1.2	2.161	0.061	0.821	0.244	0.403	1.028	0.067	0.113	0.154	0.396	0.179	0.0	0.019	0.78	1.622	0.392	0.286	0.459	2.669	0.817	1.584	0.097	1.234	1.061	0.378	0.507	0.817
GRIA1	P42261	False	GRIA1_HUMAN		CPI-CS0FC6DD1EA	GRIA1	1.197	1.43	0.154	0.808	1.2	2.161	0.061	0.821	0.244	0.403	1.028	0.067	0.113	0.154	0.396	0.179	0.0	0.019	0.78	1.622	0.392	0.286	0.459	2.669	0.817	1.584	0.097	1.234	1.061	0.378	0.507	0.817
GRIA1	P42261	False	GRIA1_HUMAN		CPI-CS0AC140137	GRIA1	1.197	1.43	0.154	0.808	1.2	2.161	0.061	0.821	0.244	0.403	1.028	0.067	0.113	0.154	0.396	0.179	0.0	0.019	0.78	1.622	0.392	0.286	0.459	2.669	0.817	1.584	0.097	1.234	1.061	0.378	0.507	0.817
GRIA1	P42261	False	GRIA1_HUMAN		CPI-CS075A67A85	GRIA1	1.197	1.43	0.154	0.808	1.2	2.161	0.061	0.821	0.244	0.403	1.028	0.067	0.113	0.154	0.396	0.179	0.0	0.019	0.78	1.622	0.392	0.286	0.459	2.669	0.817	1.584	0.097	1.234	1.061	0.378	0.507	0.817
GRIA1	P42261	False	GRIA1_HUMAN		CPI-CS0D0DD65C8	GRIA1	1.197	1.43	0.154	0.808	1.2	2.161	0.061	0.821	0.244	0.403	1.028	0.067	0.113	0.154	0.396	0.179	0.0	0.019	0.78	1.622	0.392	0.286	0.459	2.669	0.817	1.584	0.097	1.234	1.061	0.378	0.507	0.817
GRIA1	P42261	False	GRIA1_HUMAN		CPI-CS0D1727332	GRIA1	1.197	1.43	0.154	0.808	1.2	2.161	0.061	0.821	0.244	0.403	1.028	0.067	0.113	0.154	0.396	0.179	0.0	0.019	0.78	1.622	0.392	0.286	0.459	2.669	0.817	1.584	0.097	1.234	1.061	0.378	0.507	0.817
GRIA1	P42261	False	GRIA1_HUMAN		CPI-CS0933776AC	GRIA1	1.197	1.43	0.154	0.808	1.2	2.161	0.061	0.821	0.244	0.403	1.028	0.067	0.113	0.154	0.396	0.179	0.0	0.019	0.78	1.622	0.392	0.286	0.459	2.669	0.817	1.584	0.097	1.234	1.061	0.378	0.507	0.817
GRIA1	P42261	False	GRIA1_HUMAN		CPI-CS02435169C	GRIA1	1.197	1.43	0.154	0.808	1.2	2.161	0.061	0.821	0.244	0.403	1.028	0.067	0.113	0.154	0.396	0.179	0.0	0.019	0.78	1.622	0.392	0.286	0.459	2.669	0.817	1.584	0.097	1.234	1.061	0.378	0.507	0.817
GRIA1	P42261	False	GRIA1_HUMAN		CPI-CS0C04EA74D	GRIA1	1.197	1.43	0.154	0.808	1.2	2.161	0.061	0.821	0.244	0.403	1.028	0.067	0.113	0.154	0.396	0.179	0.0	0.019	0.78	1.622	0.392	0.286	0.459	2.669	0.817	1.584	0.097	1.234	1.061	0.378	0.507	0.817
GRIA1	P42261	False	GRIA1_HUMAN		CPI-CS03168613A	GRIA1	1.197	1.43	0.154	0.808	1.2	2.161	0.061	0.821	0.244	0.403	1.028	0.067	0.113	0.154	0.396	0.179	0.0	0.019	0.78	1.622	0.392	0.286	0.459	2.669	0.817	1.584	0.097	1.234	1.061	0.378	0.507	0.817
GRIA2	P42262	False	GRIA2_HUMAN		CPI-CS0356E30C4	GRIA2	1.137	0.593	0.281	0.971	0.69	1.145	0.154	0.752	0.877	0.58	0.928	0.056	0.147	0.09	0.184	0.151	0.0	0.052	0.216	1.081	0.792	0.435	1.121	1.347	0.355	0.838	0.9	1.041	0.889	0.734	1.109	0.68
GRIA2	P42262	False	GRIA2_HUMAN		CPI-CS00CF3D781	GRIA2	1.137	0.593	0.281	0.971	0.69	1.145	0.154	0.752	0.877	0.58	0.928	0.056	0.147	0.09	0.184	0.151	0.0	0.052	0.216	1.081	0.792	0.435	1.121	1.347	0.355	0.838	0.9	1.041	0.889	0.734	1.109	0.68
GRIA2	P42262	False	GRIA2_HUMAN		CPI-CS0D893EB03	GRIA2	1.137	0.593	0.281	0.971	0.69	1.145	0.154	0.752	0.877	0.58	0.928	0.056	0.147	0.09	0.184	0.151	0.0	0.052	0.216	1.081	0.792	0.435	1.121	1.347	0.355	0.838	0.9	1.041	0.889	0.734	1.109	0.68
GRIA2	P42262	False	GRIA2_HUMAN		CPI-CS0E765613E	GRIA2	1.137	0.593	0.281	0.971	0.69	1.145	0.154	0.752	0.877	0.58	0.928	0.056	0.147	0.09	0.184	0.151	0.0	0.052	0.216	1.081	0.792	0.435	1.121	1.347	0.355	0.838	0.9	1.041	0.889	0.734	1.109	0.68
GRIA2	P42262	False	GRIA2_HUMAN		CPI-CS0D4790CB0	GRIA2	1.137	0.593	0.281	0.971	0.69	1.145	0.154	0.752	0.877	0.58	0.928	0.056	0.147	0.09	0.184	0.151	0.0	0.052	0.216	1.081	0.792	0.435	1.121	1.347	0.355	0.838	0.9	1.041	0.889	0.734	1.109	0.68
GRIA2	P42262	False	GRIA2_HUMAN		CPI-CS033CD7688	GRIA2	1.137	0.593	0.281	0.971	0.69	1.145	0.154	0.752	0.877	0.58	0.928	0.056	0.147	0.09	0.184	0.151	0.0	0.052	0.216	1.081	0.792	0.435	1.121	1.347	0.355	0.838	0.9	1.041	0.889	0.734	1.109	0.68
GRIA2	P42262	False	GRIA2_HUMAN		CPI-CS09B438562	GRIA2	1.137	0.593	0.281	0.971	0.69	1.145	0.154	0.752	0.877	0.58	0.928	0.056	0.147	0.09	0.184	0.151	0.0	0.052	0.216	1.081	0.792	0.435	1.121	1.347	0.355	0.838	0.9	1.041	0.889	0.734	1.109	0.68
GRIA2	P42262	False	GRIA2_HUMAN		CPI-CS07CF0C9B9	GRIA2	1.137	0.593	0.281	0.971	0.69	1.145	0.154	0.752	0.877	0.58	0.928	0.056	0.147	0.09	0.184	0.151	0.0	0.052	0.216	1.081	0.792	0.435	1.121	1.347	0.355	0.838	0.9	1.041	0.889	0.734	1.109	0.68
GRIA2	P42262	False	GRIA2_HUMAN		CPI-CS0E5DBD27E	GRIA2	1.137	0.593	0.281	0.971	0.69	1.145	0.154	0.752	0.877	0.58	0.928	0.056	0.147	0.09	0.184	0.151	0.0	0.052	0.216	1.081	0.792	0.435	1.121	1.347	0.355	0.838	0.9	1.041	0.889	0.734	1.109	0.68
GRIA2	P42262	False	GRIA2_HUMAN		CPI-CS0D028DAA4	GRIA2	1.137	0.593	0.281	0.971	0.69	1.145	0.154	0.752	0.877	0.58	0.928	0.056	0.147	0.09	0.184	0.151	0.0	0.052	0.216	1.081	0.792	0.435	1.121	1.347	0.355	0.838	0.9	1.041	0.889	0.734	1.109	0.68
GRIA2	P42262	False	GRIA2_HUMAN		CPI-CS096A4BF1B	GRIA2	1.137	0.593	0.281	0.971	0.69	1.145	0.154	0.752	0.877	0.58	0.928	0.056	0.147	0.09	0.184	0.151	0.0	0.052	0.216	1.081	0.792	0.435	1.121	1.347	0.355	0.838	0.9	1.041	0.889	0.734	1.109	0.68
GRIA2	P42262	False	GRIA2_HUMAN		CPI-CS094923202	GRIA2	1.137	0.593	0.281	0.971	0.69	1.145	0.154	0.752	0.877	0.58	0.928	0.056	0.147	0.09	0.184	0.151	0.0	0.052	0.216	1.081	0.792	0.435	1.121	1.347	0.355	0.838	0.9	1.041	0.889	0.734	1.109	0.68
GRIA3	P42263	False	GRIA3_HUMAN		CPI-CS029D39F39	GRIA3	2.272	0.144	0.246	1.388	3.995	2.588	0.377	0.401	2.278	1.093	2.067	0.196	0.254	0.244	0.673	0.355	0.0	0.1	1.178	2.237	1.359	0.596	1.135	0.315	0.69	1.966	2.503	1.883	1.843	2.222	4.643	1.637
GRIA3	P42263	False	GRIA3_HUMAN		CPI-CS09715A1FF	GRIA3	2.272	0.144	0.246	1.388	3.995	2.588	0.377	0.401	2.278	1.093	2.067	0.196	0.254	0.244	0.673	0.355	0.0	0.1	1.178	2.237	1.359	0.596	1.135	0.315	0.69	1.966	2.503	1.883	1.843	2.222	4.643	1.637
GRIA3	P42263	False	GRIA3_HUMAN		CPI-CS0921FDCC0	GRIA3	2.272	0.144	0.246	1.388	3.995	2.588	0.377	0.401	2.278	1.093	2.067	0.196	0.254	0.244	0.673	0.355	0.0	0.1	1.178	2.237	1.359	0.596	1.135	0.315	0.69	1.966	2.503	1.883	1.843	2.222	4.643	1.637
GRIA3	P42263	False	GRIA3_HUMAN		CPI-CS0692512DE	GRIA3	2.272	0.144	0.246	1.388	3.995	2.588	0.377	0.401	2.278	1.093	2.067	0.196	0.254	0.244	0.673	0.355	0.0	0.1	1.178	2.237	1.359	0.596	1.135	0.315	0.69	1.966	2.503	1.883	1.843	2.222	4.643	1.637
GRIA3	P42263	False	GRIA3_HUMAN		CPI-CS068F11B5E	GRIA3	2.272	0.144	0.246	1.388	3.995	2.588	0.377	0.401	2.278	1.093	2.067	0.196	0.254	0.244	0.673	0.355	0.0	0.1	1.178	2.237	1.359	0.596	1.135	0.315	0.69	1.966	2.503	1.883	1.843	2.222	4.643	1.637
GRIA3	P42263	False	GRIA3_HUMAN		CPI-CS0785280EB	GRIA3	2.272	0.144	0.246	1.388	3.995	2.588	0.377	0.401	2.278	1.093	2.067	0.196	0.254	0.244	0.673	0.355	0.0	0.1	1.178	2.237	1.359	0.596	1.135	0.315	0.69	1.966	2.503	1.883	1.843	2.222	4.643	1.637
GRIA3	P42263	False	GRIA3_HUMAN		CPI-CS0C36883CF	GRIA3	2.272	0.144	0.246	1.388	3.995	2.588	0.377	0.401	2.278	1.093	2.067	0.196	0.254	0.244	0.673	0.355	0.0	0.1	1.178	2.237	1.359	0.596	1.135	0.315	0.69	1.966	2.503	1.883	1.843	2.222	4.643	1.637
GRIA3	P42263	False	GRIA3_HUMAN		CPI-CS0FBD9A478	GRIA3	2.272	0.144	0.246	1.388	3.995	2.588	0.377	0.401	2.278	1.093	2.067	0.196	0.254	0.244	0.673	0.355	0.0	0.1	1.178	2.237	1.359	0.596	1.135	0.315	0.69	1.966	2.503	1.883	1.843	2.222	4.643	1.637
GRIA3	P42263	False	GRIA3_HUMAN		CPI-CS0899E9304	GRIA3	2.272	0.144	0.246	1.388	3.995	2.588	0.377	0.401	2.278	1.093	2.067	0.196	0.254	0.244	0.673	0.355	0.0	0.1	1.178	2.237	1.359	0.596	1.135	0.315	0.69	1.966	2.503	1.883	1.843	2.222	4.643	1.637
GRIA3	P42263	False	GRIA3_HUMAN		CPI-CS008389A89	GRIA3	2.272	0.144	0.246	1.388	3.995	2.588	0.377	0.401	2.278	1.093	2.067	0.196	0.254	0.244	0.673	0.355	0.0	0.1	1.178	2.237	1.359	0.596	1.135	0.315	0.69	1.966	2.503	1.883	1.843	2.222	4.643	1.637
GRIA3	P42263	False	GRIA3_HUMAN		CPI-CS0F46608E1	GRIA3	2.272	0.144	0.246	1.388	3.995	2.588	0.377	0.401	2.278	1.093	2.067	0.196	0.254	0.244	0.673	0.355	0.0	0.1	1.178	2.237	1.359	0.596	1.135	0.315	0.69	1.966	2.503	1.883	1.843	2.222	4.643	1.637
GRIA3	P42263	False	GRIA3_HUMAN		CPI-CS0141EF49C	GRIA3	2.272	0.144	0.246	1.388	3.995	2.588	0.377	0.401	2.278	1.093	2.067	0.196	0.254	0.244	0.673	0.355	0.0	0.1	1.178	2.237	1.359	0.596	1.135	0.315	0.69	1.966	2.503	1.883	1.843	2.222	4.643	1.637
GRIA4	P48058	False	GRIA4_HUMAN		CPI-CS0DEADB0E8	GRIA4	1.072	1.662	0.124	0.037	2.656	0.486	0.024	2.037	0.25	0.608	1.543	0.124	0.08	0.0	0.144	0.0	0.0	0.023	0.112	0.538	0.227	0.267	0.663	0.797	0.46	0.979	0.095	0.822	0.604	0.205	0.31	0.516
GRIA4	P48058	False	GRIA4_HUMAN		CPI-CS0AB7504CD	GRIA4	1.072	1.662	0.124	0.037	2.656	0.486	0.024	2.037	0.25	0.608	1.543	0.124	0.08	0.0	0.144	0.0	0.0	0.023	0.112	0.538	0.227	0.267	0.663	0.797	0.46	0.979	0.095	0.822	0.604	0.205	0.31	0.516
GRIA4	P48058	False	GRIA4_HUMAN		CPI-CS0C53F30BC	GRIA4	1.072	1.662	0.124	0.037	2.656	0.486	0.024	2.037	0.25	0.608	1.543	0.124	0.08	0.0	0.144	0.0	0.0	0.023	0.112	0.538	0.227	0.267	0.663	0.797	0.46	0.979	0.095	0.822	0.604	0.205	0.31	0.516
GRIA4	P48058	False	GRIA4_HUMAN		CPI-CS04BFC66DA	GRIA4	1.072	1.662	0.124	0.037	2.656	0.486	0.024	2.037	0.25	0.608	1.543	0.124	0.08	0.0	0.144	0.0	0.0	0.023	0.112	0.538	0.227	0.267	0.663	0.797	0.46	0.979	0.095	0.822	0.604	0.205	0.31	0.516
GRIA4	P48058	False	GRIA4_HUMAN		CPI-CS0BCE841D5	GRIA4	1.072	1.662	0.124	0.037	2.656	0.486	0.024	2.037	0.25	0.608	1.543	0.124	0.08	0.0	0.144	0.0	0.0	0.023	0.112	0.538	0.227	0.267	0.663	0.797	0.46	0.979	0.095	0.822	0.604	0.205	0.31	0.516
GRIA4	P48058	False	GRIA4_HUMAN		CPI-CS03DC69BFC	GRIA4	1.072	1.662	0.124	0.037	2.656	0.486	0.024	2.037	0.25	0.608	1.543	0.124	0.08	0.0	0.144	0.0	0.0	0.023	0.112	0.538	0.227	0.267	0.663	0.797	0.46	0.979	0.095	0.822	0.604	0.205	0.31	0.516
GRIA4	P48058	False	GRIA4_HUMAN		CPI-CS0EC1843D0	GRIA4	1.072	1.662	0.124	0.037	2.656	0.486	0.024	2.037	0.25	0.608	1.543	0.124	0.08	0.0	0.144	0.0	0.0	0.023	0.112	0.538	0.227	0.267	0.663	0.797	0.46	0.979	0.095	0.822	0.604	0.205	0.31	0.516
GRIA4	P48058	False	GRIA4_HUMAN		CPI-CS08AE2D9A9	GRIA4	1.072	1.662	0.124	0.037	2.656	0.486	0.024	2.037	0.25	0.608	1.543	0.124	0.08	0.0	0.144	0.0	0.0	0.023	0.112	0.538	0.227	0.267	0.663	0.797	0.46	0.979	0.095	0.822	0.604	0.205	0.31	0.516
GRIA4	P48058	False	GRIA4_HUMAN		CPI-CS06451E34A	GRIA4	1.072	1.662	0.124	0.037	2.656	0.486	0.024	2.037	0.25	0.608	1.543	0.124	0.08	0.0	0.144	0.0	0.0	0.023	0.112	0.538	0.227	0.267	0.663	0.797	0.46	0.979	0.095	0.822	0.604	0.205	0.31	0.516
GRIA4	P48058	False	GRIA4_HUMAN		CPI-CS0B4B01B4B	GRIA4	1.072	1.662	0.124	0.037	2.656	0.486	0.024	2.037	0.25	0.608	1.543	0.124	0.08	0.0	0.144	0.0	0.0	0.023	0.112	0.538	0.227	0.267	0.663	0.797	0.46	0.979	0.095	0.822	0.604	0.205	0.31	0.516
GRIA4	P48058	False	GRIA4_HUMAN		CPI-CS013047C58	GRIA4	1.072	1.662	0.124	0.037	2.656	0.486	0.024	2.037	0.25	0.608	1.543	0.124	0.08	0.0	0.144	0.0	0.0	0.023	0.112	0.538	0.227	0.267	0.663	0.797	0.46	0.979	0.095	0.822	0.604	0.205	0.31	0.516
GRIA4	P48058	False	GRIA4_HUMAN		CPI-CS0E9B87C01	GRIA4	1.072	1.662	0.124	0.037	2.656	0.486	0.024	2.037	0.25	0.608	1.543	0.124	0.08	0.0	0.144	0.0	0.0	0.023	0.112	0.538	0.227	0.267	0.663	0.797	0.46	0.979	0.095	0.822	0.604	0.205	0.31	0.516
GRIK1	P39086	False	GRIK1_HUMAN		CPI-CS0FDF3EF86	GRIK1	0.205	0.134	0.07	0.0	0.962	0.0	0.019	0.024	0.033	1.252	0.127	0.107	0.438	0.207	0.325	0.661	0.0	0.023	0.0	0.052	0.014	0.036	0.059	0.267	0.0	0.168	1.301	0.225	0.223	0.272	0.525	0.06
GRIK1	P39086	False	GRIK1_HUMAN		CPI-CS0F73C1DA9	GRIK1	0.205	0.134	0.07	0.0	0.962	0.0	0.019	0.024	0.033	1.252	0.127	0.107	0.438	0.207	0.325	0.661	0.0	0.023	0.0	0.052	0.014	0.036	0.059	0.267	0.0	0.168	1.301	0.225	0.223	0.272	0.525	0.06
GRIK1	P39086	False	GRIK1_HUMAN		CPI-CS070ACE5CB	GRIK1	0.205	0.134	0.07	0.0	0.962	0.0	0.019	0.024	0.033	1.252	0.127	0.107	0.438	0.207	0.325	0.661	0.0	0.023	0.0	0.052	0.014	0.036	0.059	0.267	0.0	0.168	1.301	0.225	0.223	0.272	0.525	0.06
GRIK1	P39086	False	GRIK1_HUMAN		CPI-CS04473CE2B	GRIK1	0.205	0.134	0.07	0.0	0.962	0.0	0.019	0.024	0.033	1.252	0.127	0.107	0.438	0.207	0.325	0.661	0.0	0.023	0.0	0.052	0.014	0.036	0.059	0.267	0.0	0.168	1.301	0.225	0.223	0.272	0.525	0.06
GRIK1	P39086	False	GRIK1_HUMAN		CPI-CS0603C3490	GRIK1	0.205	0.134	0.07	0.0	0.962	0.0	0.019	0.024	0.033	1.252	0.127	0.107	0.438	0.207	0.325	0.661	0.0	0.023	0.0	0.052	0.014	0.036	0.059	0.267	0.0	0.168	1.301	0.225	0.223	0.272	0.525	0.06
GRIK1	P39086	False	GRIK1_HUMAN		CPI-CS025FBADF2	GRIK1	0.205	0.134	0.07	0.0	0.962	0.0	0.019	0.024	0.033	1.252	0.127	0.107	0.438	0.207	0.325	0.661	0.0	0.023	0.0	0.052	0.014	0.036	0.059	0.267	0.0	0.168	1.301	0.225	0.223	0.272	0.525	0.06
GRIK1	P39086	False	GRIK1_HUMAN		CPI-CS0E1FAC826	GRIK1	0.205	0.134	0.07	0.0	0.962	0.0	0.019	0.024	0.033	1.252	0.127	0.107	0.438	0.207	0.325	0.661	0.0	0.023	0.0	0.052	0.014	0.036	0.059	0.267	0.0	0.168	1.301	0.225	0.223	0.272	0.525	0.06
GRIK1	P39086	False	GRIK1_HUMAN		CPI-CS0AB98CF4B	GRIK1	0.205	0.134	0.07	0.0	0.962	0.0	0.019	0.024	0.033	1.252	0.127	0.107	0.438	0.207	0.325	0.661	0.0	0.023	0.0	0.052	0.014	0.036	0.059	0.267	0.0	0.168	1.301	0.225	0.223	0.272	0.525	0.06
GRIK1	P39086	False	GRIK1_HUMAN		CPI-CS0DD8D3E0E	GRIK1	0.205	0.134	0.07	0.0	0.962	0.0	0.019	0.024	0.033	1.252	0.127	0.107	0.438	0.207	0.325	0.661	0.0	0.023	0.0	0.052	0.014	0.036	0.059	0.267	0.0	0.168	1.301	0.225	0.223	0.272	0.525	0.06
GRIK1	P39086	False	GRIK1_HUMAN		CPI-CS0484FC19B	GRIK1	0.205	0.134	0.07	0.0	0.962	0.0	0.019	0.024	0.033	1.252	0.127	0.107	0.438	0.207	0.325	0.661	0.0	0.023	0.0	0.052	0.014	0.036	0.059	0.267	0.0	0.168	1.301	0.225	0.223	0.272	0.525	0.06
GRIK1	P39086	False	GRIK1_HUMAN		CPI-CS03EEE6D2D	GRIK1	0.205	0.134	0.07	0.0	0.962	0.0	0.019	0.024	0.033	1.252	0.127	0.107	0.438	0.207	0.325	0.661	0.0	0.023	0.0	0.052	0.014	0.036	0.059	0.267	0.0	0.168	1.301	0.225	0.223	0.272	0.525	0.06
GRIK1	P39086	False	GRIK1_HUMAN		CPI-CS0A2ACA19B	GRIK1	0.205	0.134	0.07	0.0	0.962	0.0	0.019	0.024	0.033	1.252	0.127	0.107	0.438	0.207	0.325	0.661	0.0	0.023	0.0	0.052	0.014	0.036	0.059	0.267	0.0	0.168	1.301	0.225	0.223	0.272	0.525	0.06
GRIK2	Q13002	False	GRIK2_HUMAN		CPI-CS061474E36	GRIK2	1.087	0.102	0.031	2.073	1.781	0.732	0.53	0.215	1.855	1.85	0.77	0.077	0.253	0.135	0.22	0.182	0.0	0.577	0.267	0.81	0.76	0.26	0.718	0.777	0.439	1.251	0.935	1.331	1.084	1.614	1.722	0.806
GRIK2	Q13002	False	GRIK2_HUMAN		CPI-CS009D94220	GRIK2	1.087	0.102	0.031	2.073	1.781	0.732	0.53	0.215	1.855	1.85	0.77	0.077	0.253	0.135	0.22	0.182	0.0	0.577	0.267	0.81	0.76	0.26	0.718	0.777	0.439	1.251	0.935	1.331	1.084	1.614	1.722	0.806
GRIK2	Q13002	False	GRIK2_HUMAN		CPI-CS07D0E4897	GRIK2	1.087	0.102	0.031	2.073	1.781	0.732	0.53	0.215	1.855	1.85	0.77	0.077	0.253	0.135	0.22	0.182	0.0	0.577	0.267	0.81	0.76	0.26	0.718	0.777	0.439	1.251	0.935	1.331	1.084	1.614	1.722	0.806
GRIK2	Q13002	False	GRIK2_HUMAN		CPI-CS037F4EF32	GRIK2	1.087	0.102	0.031	2.073	1.781	0.732	0.53	0.215	1.855	1.85	0.77	0.077	0.253	0.135	0.22	0.182	0.0	0.577	0.267	0.81	0.76	0.26	0.718	0.777	0.439	1.251	0.935	1.331	1.084	1.614	1.722	0.806
GRIK2	Q13002	False	GRIK2_HUMAN		CPI-CS0792FFF91	GRIK2	1.087	0.102	0.031	2.073	1.781	0.732	0.53	0.215	1.855	1.85	0.77	0.077	0.253	0.135	0.22	0.182	0.0	0.577	0.267	0.81	0.76	0.26	0.718	0.777	0.439	1.251	0.935	1.331	1.084	1.614	1.722	0.806
GRIK2	Q13002	False	GRIK2_HUMAN		CPI-CS0132B4C1D	GRIK2	1.087	0.102	0.031	2.073	1.781	0.732	0.53	0.215	1.855	1.85	0.77	0.077	0.253	0.135	0.22	0.182	0.0	0.577	0.267	0.81	0.76	0.26	0.718	0.777	0.439	1.251	0.935	1.331	1.084	1.614	1.722	0.806
GRIK2	Q13002	False	GRIK2_HUMAN		CPI-CS026AD4940	GRIK2	1.087	0.102	0.031	2.073	1.781	0.732	0.53	0.215	1.855	1.85	0.77	0.077	0.253	0.135	0.22	0.182	0.0	0.577	0.267	0.81	0.76	0.26	0.718	0.777	0.439	1.251	0.935	1.331	1.084	1.614	1.722	0.806
GRIK2	Q13002	False	GRIK2_HUMAN		CPI-CS0940331BF	GRIK2	1.087	0.102	0.031	2.073	1.781	0.732	0.53	0.215	1.855	1.85	0.77	0.077	0.253	0.135	0.22	0.182	0.0	0.577	0.267	0.81	0.76	0.26	0.718	0.777	0.439	1.251	0.935	1.331	1.084	1.614	1.722	0.806
GRIK2	Q13002	False	GRIK2_HUMAN		CPI-CS048A34709	GRIK2	1.087	0.102	0.031	2.073	1.781	0.732	0.53	0.215	1.855	1.85	0.77	0.077	0.253	0.135	0.22	0.182	0.0	0.577	0.267	0.81	0.76	0.26	0.718	0.777	0.439	1.251	0.935	1.331	1.084	1.614	1.722	0.806
GRIK2	Q13002	False	GRIK2_HUMAN		CPI-CS00E19754C	GRIK2	1.087	0.102	0.031	2.073	1.781	0.732	0.53	0.215	1.855	1.85	0.77	0.077	0.253	0.135	0.22	0.182	0.0	0.577	0.267	0.81	0.76	0.26	0.718	0.777	0.439	1.251	0.935	1.331	1.084	1.614	1.722	0.806
GRIK2	Q13002	False	GRIK2_HUMAN		CPI-CS0D9BFD8AF	GRIK2	1.087	0.102	0.031	2.073	1.781	0.732	0.53	0.215	1.855	1.85	0.77	0.077	0.253	0.135	0.22	0.182	0.0	0.577	0.267	0.81	0.76	0.26	0.718	0.777	0.439	1.251	0.935	1.331	1.084	1.614	1.722	0.806
GRIK2	Q13002	False	GRIK2_HUMAN		CPI-CS0AA5F0945	GRIK2	1.087	0.102	0.031	2.073	1.781	0.732	0.53	0.215	1.855	1.85	0.77	0.077	0.253	0.135	0.22	0.182	0.0	0.577	0.267	0.81	0.76	0.26	0.718	0.777	0.439	1.251	0.935	1.331	1.084	1.614	1.722	0.806
GRIK3	Q13003	False	GRIK3_HUMAN		CPI-CS0C3746C9B	GRIK3	1.129	0.067	0.125	0.169	1.365	2.93	0.214	0.954	1.569	0.184	2.851	0.091	0.125	0.764	0.732	0.538	0.0	0.904	0.63	2.354	2.219	0.275	1.088	0.204	0.355	0.917	0.043	1.109	0.628	0.029	0.687	0.55
GRIK3	Q13003	False	GRIK3_HUMAN		CPI-CS09A7E9FE7	GRIK3	1.129	0.067	0.125	0.169	1.365	2.93	0.214	0.954	1.569	0.184	2.851	0.091	0.125	0.764	0.732	0.538	0.0	0.904	0.63	2.354	2.219	0.275	1.088	0.204	0.355	0.917	0.043	1.109	0.628	0.029	0.687	0.55
GRIK3	Q13003	False	GRIK3_HUMAN		CPI-CS044A80E08	GRIK3	1.129	0.067	0.125	0.169	1.365	2.93	0.214	0.954	1.569	0.184	2.851	0.091	0.125	0.764	0.732	0.538	0.0	0.904	0.63	2.354	2.219	0.275	1.088	0.204	0.355	0.917	0.043	1.109	0.628	0.029	0.687	0.55
GRIK3	Q13003	False	GRIK3_HUMAN		CPI-CS0EB60A2B2	GRIK3	1.129	0.067	0.125	0.169	1.365	2.93	0.214	0.954	1.569	0.184	2.851	0.091	0.125	0.764	0.732	0.538	0.0	0.904	0.63	2.354	2.219	0.275	1.088	0.204	0.355	0.917	0.043	1.109	0.628	0.029	0.687	0.55
GRIK3	Q13003	False	GRIK3_HUMAN		CPI-CS0827BB954	GRIK3	1.129	0.067	0.125	0.169	1.365	2.93	0.214	0.954	1.569	0.184	2.851	0.091	0.125	0.764	0.732	0.538	0.0	0.904	0.63	2.354	2.219	0.275	1.088	0.204	0.355	0.917	0.043	1.109	0.628	0.029	0.687	0.55
GRIK3	Q13003	False	GRIK3_HUMAN		CPI-CS0A0633E77	GRIK3	1.129	0.067	0.125	0.169	1.365	2.93	0.214	0.954	1.569	0.184	2.851	0.091	0.125	0.764	0.732	0.538	0.0	0.904	0.63	2.354	2.219	0.275	1.088	0.204	0.355	0.917	0.043	1.109	0.628	0.029	0.687	0.55
GRIK3	Q13003	False	GRIK3_HUMAN		CPI-CS01DE5E362	GRIK3	1.129	0.067	0.125	0.169	1.365	2.93	0.214	0.954	1.569	0.184	2.851	0.091	0.125	0.764	0.732	0.538	0.0	0.904	0.63	2.354	2.219	0.275	1.088	0.204	0.355	0.917	0.043	1.109	0.628	0.029	0.687	0.55
GRIK3	Q13003	False	GRIK3_HUMAN		CPI-CS0D1DC5DFD	GRIK3	1.129	0.067	0.125	0.169	1.365	2.93	0.214	0.954	1.569	0.184	2.851	0.091	0.125	0.764	0.732	0.538	0.0	0.904	0.63	2.354	2.219	0.275	1.088	0.204	0.355	0.917	0.043	1.109	0.628	0.029	0.687	0.55
GRIK3	Q13003	False	GRIK3_HUMAN		CPI-CS01D65FEFD	GRIK3	1.129	0.067	0.125	0.169	1.365	2.93	0.214	0.954	1.569	0.184	2.851	0.091	0.125	0.764	0.732	0.538	0.0	0.904	0.63	2.354	2.219	0.275	1.088	0.204	0.355	0.917	0.043	1.109	0.628	0.029	0.687	0.55
GRIK3	Q13003	False	GRIK3_HUMAN		CPI-CS06F474F5A	GRIK3	1.129	0.067	0.125	0.169	1.365	2.93	0.214	0.954	1.569	0.184	2.851	0.091	0.125	0.764	0.732	0.538	0.0	0.904	0.63	2.354	2.219	0.275	1.088	0.204	0.355	0.917	0.043	1.109	0.628	0.029	0.687	0.55
GRIK3	Q13003	False	GRIK3_HUMAN		CPI-CS0A195F101	GRIK3	1.129	0.067	0.125	0.169	1.365	2.93	0.214	0.954	1.569	0.184	2.851	0.091	0.125	0.764	0.732	0.538	0.0	0.904	0.63	2.354	2.219	0.275	1.088	0.204	0.355	0.917	0.043	1.109	0.628	0.029	0.687	0.55
GRIK3	Q13003	False	GRIK3_HUMAN		CPI-CS0687D7002	GRIK3	1.129	0.067	0.125	0.169	1.365	2.93	0.214	0.954	1.569	0.184	2.851	0.091	0.125	0.764	0.732	0.538	0.0	0.904	0.63	2.354	2.219	0.275	1.088	0.204	0.355	0.917	0.043	1.109	0.628	0.029	0.687	0.55
GRM1	Q13255	False	GRM1_HUMAN		CPI-CS0733858F1	GRM1	0.685	0.051	0.045	0.329	0.175	1.014	0.199	0.318	0.56	0.483	0.613	0.0	0.158	0.0	0.043	0.223	0.0	0.053	0.291	0.645	0.266	0.767	1.916	0.739	0.0	0.736	0.566	1.189	0.446	1.227	1.83	0.605
GRM1	Q13255	False	GRM1_HUMAN		CPI-CS0C3432D7F	GRM1	0.685	0.051	0.045	0.329	0.175	1.014	0.199	0.318	0.56	0.483	0.613	0.0	0.158	0.0	0.043	0.223	0.0	0.053	0.291	0.645	0.266	0.767	1.916	0.739	0.0	0.736	0.566	1.189	0.446	1.227	1.83	0.605
GRM1	Q13255	False	GRM1_HUMAN		CPI-CS059E38F49	GRM1	0.685	0.051	0.045	0.329	0.175	1.014	0.199	0.318	0.56	0.483	0.613	0.0	0.158	0.0	0.043	0.223	0.0	0.053	0.291	0.645	0.266	0.767	1.916	0.739	0.0	0.736	0.566	1.189	0.446	1.227	1.83	0.605
GRM1	Q13255	False	GRM1_HUMAN		CPI-CS06BDC8BFA	GRM1	0.685	0.051	0.045	0.329	0.175	1.014	0.199	0.318	0.56	0.483	0.613	0.0	0.158	0.0	0.043	0.223	0.0	0.053	0.291	0.645	0.266	0.767	1.916	0.739	0.0	0.736	0.566	1.189	0.446	1.227	1.83	0.605
GRM1	Q13255	False	GRM1_HUMAN		CPI-CS052714C89	GRM1	0.685	0.051	0.045	0.329	0.175	1.014	0.199	0.318	0.56	0.483	0.613	0.0	0.158	0.0	0.043	0.223	0.0	0.053	0.291	0.645	0.266	0.767	1.916	0.739	0.0	0.736	0.566	1.189	0.446	1.227	1.83	0.605
GRM1	Q13255	False	GRM1_HUMAN		CPI-CS0F62789CF	GRM1	0.685	0.051	0.045	0.329	0.175	1.014	0.199	0.318	0.56	0.483	0.613	0.0	0.158	0.0	0.043	0.223	0.0	0.053	0.291	0.645	0.266	0.767	1.916	0.739	0.0	0.736	0.566	1.189	0.446	1.227	1.83	0.605
GRM1	Q13255	False	GRM1_HUMAN		CPI-CS0B1AAAC71	GRM1	0.685	0.051	0.045	0.329	0.175	1.014	0.199	0.318	0.56	0.483	0.613	0.0	0.158	0.0	0.043	0.223	0.0	0.053	0.291	0.645	0.266	0.767	1.916	0.739	0.0	0.736	0.566	1.189	0.446	1.227	1.83	0.605
GRM1	Q13255	False	GRM1_HUMAN		CPI-CS059F4ED23	GRM1	0.685	0.051	0.045	0.329	0.175	1.014	0.199	0.318	0.56	0.483	0.613	0.0	0.158	0.0	0.043	0.223	0.0	0.053	0.291	0.645	0.266	0.767	1.916	0.739	0.0	0.736	0.566	1.189	0.446	1.227	1.83	0.605
GRM1	Q13255	False	GRM1_HUMAN		CPI-CS089C871BA	GRM1	0.685	0.051	0.045	0.329	0.175	1.014	0.199	0.318	0.56	0.483	0.613	0.0	0.158	0.0	0.043	0.223	0.0	0.053	0.291	0.645	0.266	0.767	1.916	0.739	0.0	0.736	0.566	1.189	0.446	1.227	1.83	0.605
GRM1	Q13255	False	GRM1_HUMAN		CPI-CS09CF4D275	GRM1	0.685	0.051	0.045	0.329	0.175	1.014	0.199	0.318	0.56	0.483	0.613	0.0	0.158	0.0	0.043	0.223	0.0	0.053	0.291	0.645	0.266	0.767	1.916	0.739	0.0	0.736	0.566	1.189	0.446	1.227	1.83	0.605
GRM1	Q13255	False	GRM1_HUMAN		CPI-CS0C7C7DD02	GRM1	0.685	0.051	0.045	0.329	0.175	1.014	0.199	0.318	0.56	0.483	0.613	0.0	0.158	0.0	0.043	0.223	0.0	0.053	0.291	0.645	0.266	0.767	1.916	0.739	0.0	0.736	0.566	1.189	0.446	1.227	1.83	0.605
GRM1	Q13255	False	GRM1_HUMAN		CPI-CS0AF8F897B	GRM1	0.685	0.051	0.045	0.329	0.175	1.014	0.199	0.318	0.56	0.483	0.613	0.0	0.158	0.0	0.043	0.223	0.0	0.053	0.291	0.645	0.266	0.767	1.916	0.739	0.0	0.736	0.566	1.189	0.446	1.227	1.83	0.605
GRM2	Q14416	False	GRM2_HUMAN		CPI-CS029E1DC98	GRM2	0.467	0.091	0.144	1.626	0.179	0.142	0.248	0.168	0.214	2.208	0.083	0.307	0.366	0.272	0.974	0.714	0.0	0.144	0.251	0.235	0.363	0.176	0.523	0.681	0.0	0.421	1.75	0.895	0.33	1.734	1.463	0.473
GRM2	Q14416	False	GRM2_HUMAN		CPI-CS046DB98C7	GRM2	0.467	0.091	0.144	1.626	0.179	0.142	0.248	0.168	0.214	2.208	0.083	0.307	0.366	0.272	0.974	0.714	0.0	0.144	0.251	0.235	0.363	0.176	0.523	0.681	0.0	0.421	1.75	0.895	0.33	1.734	1.463	0.473
GRM2	Q14416	False	GRM2_HUMAN		CPI-CS099892F99	GRM2	0.467	0.091	0.144	1.626	0.179	0.142	0.248	0.168	0.214	2.208	0.083	0.307	0.366	0.272	0.974	0.714	0.0	0.144	0.251	0.235	0.363	0.176	0.523	0.681	0.0	0.421	1.75	0.895	0.33	1.734	1.463	0.473
GRM2	Q14416	False	GRM2_HUMAN		CPI-CS077A43ACD	GRM2	0.467	0.091	0.144	1.626	0.179	0.142	0.248	0.168	0.214	2.208	0.083	0.307	0.366	0.272	0.974	0.714	0.0	0.144	0.251	0.235	0.363	0.176	0.523	0.681	0.0	0.421	1.75	0.895	0.33	1.734	1.463	0.473
GRM2	Q14416	False	GRM2_HUMAN		CPI-CS0CD4875F8	GRM2	0.467	0.091	0.144	1.626	0.179	0.142	0.248	0.168	0.214	2.208	0.083	0.307	0.366	0.272	0.974	0.714	0.0	0.144	0.251	0.235	0.363	0.176	0.523	0.681	0.0	0.421	1.75	0.895	0.33	1.734	1.463	0.473
GRM2	Q14416	False	GRM2_HUMAN		CPI-CS0CA04CA30	GRM2	0.467	0.091	0.144	1.626	0.179	0.142	0.248	0.168	0.214	2.208	0.083	0.307	0.366	0.272	0.974	0.714	0.0	0.144	0.251	0.235	0.363	0.176	0.523	0.681	0.0	0.421	1.75	0.895	0.33	1.734	1.463	0.473
GRM2	Q14416	False	GRM2_HUMAN		CPI-CS091852A34	GRM2	0.467	0.091	0.144	1.626	0.179	0.142	0.248	0.168	0.214	2.208	0.083	0.307	0.366	0.272	0.974	0.714	0.0	0.144	0.251	0.235	0.363	0.176	0.523	0.681	0.0	0.421	1.75	0.895	0.33	1.734	1.463	0.473
GRM2	Q14416	False	GRM2_HUMAN		CPI-CS0EC77FC9C	GRM2	0.467	0.091	0.144	1.626	0.179	0.142	0.248	0.168	0.214	2.208	0.083	0.307	0.366	0.272	0.974	0.714	0.0	0.144	0.251	0.235	0.363	0.176	0.523	0.681	0.0	0.421	1.75	0.895	0.33	1.734	1.463	0.473
GRM2	Q14416	False	GRM2_HUMAN		CPI-CS0286AF8D6	GRM2	0.467	0.091	0.144	1.626	0.179	0.142	0.248	0.168	0.214	2.208	0.083	0.307	0.366	0.272	0.974	0.714	0.0	0.144	0.251	0.235	0.363	0.176	0.523	0.681	0.0	0.421	1.75	0.895	0.33	1.734	1.463	0.473
GRM2	Q14416	False	GRM2_HUMAN		CPI-CS07C63C8BC	GRM2	0.467	0.091	0.144	1.626	0.179	0.142	0.248	0.168	0.214	2.208	0.083	0.307	0.366	0.272	0.974	0.714	0.0	0.144	0.251	0.235	0.363	0.176	0.523	0.681	0.0	0.421	1.75	0.895	0.33	1.734	1.463	0.473
GRM2	Q14416	False	GRM2_HUMAN		CPI-CS0BC3D8A73	GRM2	0.467	0.091	0.144	1.626	0.179	0.142	0.248	0.168	0.214	2.208	0.083	0.307	0.366	0.272	0.974	0.714	0.0	0.144	0.251	0.235	0.363	0.176	0.523	0.681	0.0	0.421	1.75	0.895	0.33	1.734	1.463	0.473
GRM2	Q14416	False	GRM2_HUMAN		CPI-CS0E5972156	GRM2	0.467	0.091	0.144	1.626	0.179	0.142	0.248	0.168	0.214	2.208	0.083	0.307	0.366	0.272	0.974	0.714	0.0	0.144	0.251	0.235	0.363	0.176	0.523	0.681	0.0	0.421	1.75	0.895	0.33	1.734	1.463	0.473
GRM3	Q14832	False	GRM3_HUMAN		CPI-CS08AC774C8	GRM3	0.342	0.094	0.0	0.029	0.053	0.123	0.035	0.356	0.318	0.183	0.305	0.478	0.264	0.795	0.72	0.189	0.0	0.397	0.443	0.109	0.131	1.116	0.343	0.037	0.0	0.444	0.119	0.411	0.109	0.451	0.451	0.097
GRM3	Q14832	False	GRM3_HUMAN		CPI-CS013ADF74E	GRM3	0.342	0.094	0.0	0.029	0.053	0.123	0.035	0.356	0.318	0.183	0.305	0.478	0.264	0.795	0.72	0.189	0.0	0.397	0.443	0.109	0.131	1.116	0.343	0.037	0.0	0.444	0.119	0.411	0.109	0.451	0.451	0.097
GRM3	Q14832	False	GRM3_HUMAN		CPI-CS035E3DC49	GRM3	0.342	0.094	0.0	0.029	0.053	0.123	0.035	0.356	0.318	0.183	0.305	0.478	0.264	0.795	0.72	0.189	0.0	0.397	0.443	0.109	0.131	1.116	0.343	0.037	0.0	0.444	0.119	0.411	0.109	0.451	0.451	0.097
GRM3	Q14832	False	GRM3_HUMAN		CPI-CS0D33309E7	GRM3	0.342	0.094	0.0	0.029	0.053	0.123	0.035	0.356	0.318	0.183	0.305	0.478	0.264	0.795	0.72	0.189	0.0	0.397	0.443	0.109	0.131	1.116	0.343	0.037	0.0	0.444	0.119	0.411	0.109	0.451	0.451	0.097
GRM3	Q14832	False	GRM3_HUMAN		CPI-CS0C43745D6	GRM3	0.342	0.094	0.0	0.029	0.053	0.123	0.035	0.356	0.318	0.183	0.305	0.478	0.264	0.795	0.72	0.189	0.0	0.397	0.443	0.109	0.131	1.116	0.343	0.037	0.0	0.444	0.119	0.411	0.109	0.451	0.451	0.097
GRM3	Q14832	False	GRM3_HUMAN		CPI-CS0D67AEEF8	GRM3	0.342	0.094	0.0	0.029	0.053	0.123	0.035	0.356	0.318	0.183	0.305	0.478	0.264	0.795	0.72	0.189	0.0	0.397	0.443	0.109	0.131	1.116	0.343	0.037	0.0	0.444	0.119	0.411	0.109	0.451	0.451	0.097
GRM3	Q14832	False	GRM3_HUMAN		CPI-CS00469C577	GRM3	0.342	0.094	0.0	0.029	0.053	0.123	0.035	0.356	0.318	0.183	0.305	0.478	0.264	0.795	0.72	0.189	0.0	0.397	0.443	0.109	0.131	1.116	0.343	0.037	0.0	0.444	0.119	0.411	0.109	0.451	0.451	0.097
GRM3	Q14832	False	GRM3_HUMAN		CPI-CS0AE7F1FB9	GRM3	0.342	0.094	0.0	0.029	0.053	0.123	0.035	0.356	0.318	0.183	0.305	0.478	0.264	0.795	0.72	0.189	0.0	0.397	0.443	0.109	0.131	1.116	0.343	0.037	0.0	0.444	0.119	0.411	0.109	0.451	0.451	0.097
GRM3	Q14832	False	GRM3_HUMAN		CPI-CS081D8412E	GRM3	0.342	0.094	0.0	0.029	0.053	0.123	0.035	0.356	0.318	0.183	0.305	0.478	0.264	0.795	0.72	0.189	0.0	0.397	0.443	0.109	0.131	1.116	0.343	0.037	0.0	0.444	0.119	0.411	0.109	0.451	0.451	0.097
GRM3	Q14832	False	GRM3_HUMAN		CPI-CS05D1E58B4	GRM3	0.342	0.094	0.0	0.029	0.053	0.123	0.035	0.356	0.318	0.183	0.305	0.478	0.264	0.795	0.72	0.189	0.0	0.397	0.443	0.109	0.131	1.116	0.343	0.037	0.0	0.444	0.119	0.411	0.109	0.451	0.451	0.097
GRM3	Q14832	False	GRM3_HUMAN		CPI-CS0554D19E3	GRM3	0.342	0.094	0.0	0.029	0.053	0.123	0.035	0.356	0.318	0.183	0.305	0.478	0.264	0.795	0.72	0.189	0.0	0.397	0.443	0.109	0.131	1.116	0.343	0.037	0.0	0.444	0.119	0.411	0.109	0.451	0.451	0.097
GRM3	Q14832	False	GRM3_HUMAN		CPI-CS0F4182DEF	GRM3	0.342	0.094	0.0	0.029	0.053	0.123	0.035	0.356	0.318	0.183	0.305	0.478	0.264	0.795	0.72	0.189	0.0	0.397	0.443	0.109	0.131	1.116	0.343	0.037	0.0	0.444	0.119	0.411	0.109	0.451	0.451	0.097
GRM4	Q14833	False	GRM4_HUMAN		CPI-CS0ACB62C99	GRM4	1.882	0.833	0.195	1.151	3.023	0.912	0.173	0.604	0.671	1.19	1.632	0.209	0.257	0.059	0.372	0.391	0.0	0.395	0.339	0.972	1.369	0.324	1.111	1.309	0.503	1.417	2.488	1.625	1.495	1.664	3.194	1.299
GRM4	Q14833	False	GRM4_HUMAN		CPI-CS092F9D032	GRM4	1.882	0.833	0.195	1.151	3.023	0.912	0.173	0.604	0.671	1.19	1.632	0.209	0.257	0.059	0.372	0.391	0.0	0.395	0.339	0.972	1.369	0.324	1.111	1.309	0.503	1.417	2.488	1.625	1.495	1.664	3.194	1.299
GRM4	Q14833	False	GRM4_HUMAN		CPI-CS08648BDFD	GRM4	1.882	0.833	0.195	1.151	3.023	0.912	0.173	0.604	0.671	1.19	1.632	0.209	0.257	0.059	0.372	0.391	0.0	0.395	0.339	0.972	1.369	0.324	1.111	1.309	0.503	1.417	2.488	1.625	1.495	1.664	3.194	1.299
GRM4	Q14833	False	GRM4_HUMAN		CPI-CS071698505	GRM4	1.882	0.833	0.195	1.151	3.023	0.912	0.173	0.604	0.671	1.19	1.632	0.209	0.257	0.059	0.372	0.391	0.0	0.395	0.339	0.972	1.369	0.324	1.111	1.309	0.503	1.417	2.488	1.625	1.495	1.664	3.194	1.299
GRM4	Q14833	False	GRM4_HUMAN		CPI-CS07AF8702D	GRM4	1.882	0.833	0.195	1.151	3.023	0.912	0.173	0.604	0.671	1.19	1.632	0.209	0.257	0.059	0.372	0.391	0.0	0.395	0.339	0.972	1.369	0.324	1.111	1.309	0.503	1.417	2.488	1.625	1.495	1.664	3.194	1.299
GRM4	Q14833	False	GRM4_HUMAN		CPI-CS0EF654316	GRM4	1.882	0.833	0.195	1.151	3.023	0.912	0.173	0.604	0.671	1.19	1.632	0.209	0.257	0.059	0.372	0.391	0.0	0.395	0.339	0.972	1.369	0.324	1.111	1.309	0.503	1.417	2.488	1.625	1.495	1.664	3.194	1.299
GRM4	Q14833	False	GRM4_HUMAN		CPI-CS0ED1ED131	GRM4	1.882	0.833	0.195	1.151	3.023	0.912	0.173	0.604	0.671	1.19	1.632	0.209	0.257	0.059	0.372	0.391	0.0	0.395	0.339	0.972	1.369	0.324	1.111	1.309	0.503	1.417	2.488	1.625	1.495	1.664	3.194	1.299
GRM4	Q14833	False	GRM4_HUMAN		CPI-CS09CFDCF78	GRM4	1.882	0.833	0.195	1.151	3.023	0.912	0.173	0.604	0.671	1.19	1.632	0.209	0.257	0.059	0.372	0.391	0.0	0.395	0.339	0.972	1.369	0.324	1.111	1.309	0.503	1.417	2.488	1.625	1.495	1.664	3.194	1.299
GRM4	Q14833	False	GRM4_HUMAN		CPI-CS0041BE443	GRM4	1.882	0.833	0.195	1.151	3.023	0.912	0.173	0.604	0.671	1.19	1.632	0.209	0.257	0.059	0.372	0.391	0.0	0.395	0.339	0.972	1.369	0.324	1.111	1.309	0.503	1.417	2.488	1.625	1.495	1.664	3.194	1.299
GRM4	Q14833	False	GRM4_HUMAN		CPI-CS0591372DE	GRM4	1.882	0.833	0.195	1.151	3.023	0.912	0.173	0.604	0.671	1.19	1.632	0.209	0.257	0.059	0.372	0.391	0.0	0.395	0.339	0.972	1.369	0.324	1.111	1.309	0.503	1.417	2.488	1.625	1.495	1.664	3.194	1.299
GRM4	Q14833	False	GRM4_HUMAN		CPI-CS0DB067721	GRM4	1.882	0.833	0.195	1.151	3.023	0.912	0.173	0.604	0.671	1.19	1.632	0.209	0.257	0.059	0.372	0.391	0.0	0.395	0.339	0.972	1.369	0.324	1.111	1.309	0.503	1.417	2.488	1.625	1.495	1.664	3.194	1.299
GRM4	Q14833	False	GRM4_HUMAN		CPI-CS071CB03F7	GRM4	1.882	0.833	0.195	1.151	3.023	0.912	0.173	0.604	0.671	1.19	1.632	0.209	0.257	0.059	0.372	0.391	0.0	0.395	0.339	0.972	1.369	0.324	1.111	1.309	0.503	1.417	2.488	1.625	1.495	1.664	3.194	1.299
GRM5	P41594	False	GRM5_HUMAN		CPI-CS02BEC2C34	GRM5	1.135	0.136	0.195	0.381	0.872	1.497	0.182	0.224	0.764	1.016	1.655	0.058	0.15	0.11	0.319	0.216	0.0	0.133	0.647	1.185	1.38	1.854	0.992	1.868	0.335	1.978	2.754	1.756	1.281	1.063	1.803	0.979
GRM5	P41594	False	GRM5_HUMAN		CPI-CS065936301	GRM5	1.135	0.136	0.195	0.381	0.872	1.497	0.182	0.224	0.764	1.016	1.655	0.058	0.15	0.11	0.319	0.216	0.0	0.133	0.647	1.185	1.38	1.854	0.992	1.868	0.335	1.978	2.754	1.756	1.281	1.063	1.803	0.979
GRM5	P41594	False	GRM5_HUMAN		CPI-CS0EECB890E	GRM5	1.135	0.136	0.195	0.381	0.872	1.497	0.182	0.224	0.764	1.016	1.655	0.058	0.15	0.11	0.319	0.216	0.0	0.133	0.647	1.185	1.38	1.854	0.992	1.868	0.335	1.978	2.754	1.756	1.281	1.063	1.803	0.979
GRM5	P41594	False	GRM5_HUMAN		CPI-CS0305D24F6	GRM5	1.135	0.136	0.195	0.381	0.872	1.497	0.182	0.224	0.764	1.016	1.655	0.058	0.15	0.11	0.319	0.216	0.0	0.133	0.647	1.185	1.38	1.854	0.992	1.868	0.335	1.978	2.754	1.756	1.281	1.063	1.803	0.979
GRM5	P41594	False	GRM5_HUMAN		CPI-CS0A5376E7A	GRM5	1.135	0.136	0.195	0.381	0.872	1.497	0.182	0.224	0.764	1.016	1.655	0.058	0.15	0.11	0.319	0.216	0.0	0.133	0.647	1.185	1.38	1.854	0.992	1.868	0.335	1.978	2.754	1.756	1.281	1.063	1.803	0.979
GRM5	P41594	False	GRM5_HUMAN		CPI-CS002ECD5B1	GRM5	1.135	0.136	0.195	0.381	0.872	1.497	0.182	0.224	0.764	1.016	1.655	0.058	0.15	0.11	0.319	0.216	0.0	0.133	0.647	1.185	1.38	1.854	0.992	1.868	0.335	1.978	2.754	1.756	1.281	1.063	1.803	0.979
GRM5	P41594	False	GRM5_HUMAN		CPI-CS0159C4BD7	GRM5	1.135	0.136	0.195	0.381	0.872	1.497	0.182	0.224	0.764	1.016	1.655	0.058	0.15	0.11	0.319	0.216	0.0	0.133	0.647	1.185	1.38	1.854	0.992	1.868	0.335	1.978	2.754	1.756	1.281	1.063	1.803	0.979
GRM5	P41594	False	GRM5_HUMAN		CPI-CS0BA5C6CCB	GRM5	1.135	0.136	0.195	0.381	0.872	1.497	0.182	0.224	0.764	1.016	1.655	0.058	0.15	0.11	0.319	0.216	0.0	0.133	0.647	1.185	1.38	1.854	0.992	1.868	0.335	1.978	2.754	1.756	1.281	1.063	1.803	0.979
GRM5	P41594	False	GRM5_HUMAN		CPI-CS05B11F2F4	GRM5	1.135	0.136	0.195	0.381	0.872	1.497	0.182	0.224	0.764	1.016	1.655	0.058	0.15	0.11	0.319	0.216	0.0	0.133	0.647	1.185	1.38	1.854	0.992	1.868	0.335	1.978	2.754	1.756	1.281	1.063	1.803	0.979
GRM5	P41594	False	GRM5_HUMAN		CPI-CS03D684E7D	GRM5	1.135	0.136	0.195	0.381	0.872	1.497	0.182	0.224	0.764	1.016	1.655	0.058	0.15	0.11	0.319	0.216	0.0	0.133	0.647	1.185	1.38	1.854	0.992	1.868	0.335	1.978	2.754	1.756	1.281	1.063	1.803	0.979
GRM5	P41594	False	GRM5_HUMAN		CPI-CS0F106270D	GRM5	1.135	0.136	0.195	0.381	0.872	1.497	0.182	0.224	0.764	1.016	1.655	0.058	0.15	0.11	0.319	0.216	0.0	0.133	0.647	1.185	1.38	1.854	0.992	1.868	0.335	1.978	2.754	1.756	1.281	1.063	1.803	0.979
GRM5	P41594	False	GRM5_HUMAN		CPI-CS03B7CB71D	GRM5	1.135	0.136	0.195	0.381	0.872	1.497	0.182	0.224	0.764	1.016	1.655	0.058	0.15	0.11	0.319	0.216	0.0	0.133	0.647	1.185	1.38	1.854	0.992	1.868	0.335	1.978	2.754	1.756	1.281	1.063	1.803	0.979
GRM6	O15303	False	GRM6_HUMAN		CPI-CS00B52BFC6	GRM6	0.028	0.0	0.0	0.0	0.0	0.025	0.0	0.0	0.131	0.0	0.025	0.0	0.0	0.0	0.0	0.0	0.0	0.0	0.0	0.0	0.0	0.043	0.0	0.0	0.0	0.005	0.0	0.033	0.026	0.0	0.026	0.0
GRM6	O15303	False	GRM6_HUMAN		CPI-CS0A5114B04	GRM6	0.028	0.0	0.0	0.0	0.0	0.025	0.0	0.0	0.131	0.0	0.025	0.0	0.0	0.0	0.0	0.0	0.0	0.0	0.0	0.0	0.0	0.043	0.0	0.0	0.0	0.005	0.0	0.033	0.026	0.0	0.026	0.0
GRM6	O15303	False	GRM6_HUMAN		CPI-CS0A1A5DA91	GRM6	0.028	0.0	0.0	0.0	0.0	0.025	0.0	0.0	0.131	0.0	0.025	0.0	0.0	0.0	0.0	0.0	0.0	0.0	0.0	0.0	0.0	0.043	0.0	0.0	0.0	0.005	0.0	0.033	0.026	0.0	0.026	0.0
GRM6	O15303	False	GRM6_HUMAN		CPI-CS002D05AD7	GRM6	0.028	0.0	0.0	0.0	0.0	0.025	0.0	0.0	0.131	0.0	0.025	0.0	0.0	0.0	0.0	0.0	0.0	0.0	0.0	0.0	0.0	0.043	0.0	0.0	0.0	0.005	0.0	0.033	0.026	0.0	0.026	0.0
GRM6	O15303	False	GRM6_HUMAN		CPI-CS020F306DA	GRM6	0.028	0.0	0.0	0.0	0.0	0.025	0.0	0.0	0.131	0.0	0.025	0.0	0.0	0.0	0.0	0.0	0.0	0.0	0.0	0.0	0.0	0.043	0.0	0.0	0.0	0.005	0.0	0.033	0.026	0.0	0.026	0.0
GRM6	O15303	False	GRM6_HUMAN		CPI-CS070154D3B	GRM6	0.028	0.0	0.0	0.0	0.0	0.025	0.0	0.0	0.131	0.0	0.025	0.0	0.0	0.0	0.0	0.0	0.0	0.0	0.0	0.0	0.0	0.043	0.0	0.0	0.0	0.005	0.0	0.033	0.026	0.0	0.026	0.0
GRM6	O15303	False	GRM6_HUMAN		CPI-CS02A9283E5	GRM6	0.028	0.0	0.0	0.0	0.0	0.025	0.0	0.0	0.131	0.0	0.025	0.0	0.0	0.0	0.0	0.0	0.0	0.0	0.0	0.0	0.0	0.043	0.0	0.0	0.0	0.005	0.0	0.033	0.026	0.0	0.026	0.0
GRM6	O15303	False	GRM6_HUMAN		CPI-CS0EC6271ED	GRM6	0.028	0.0	0.0	0.0	0.0	0.025	0.0	0.0	0.131	0.0	0.025	0.0	0.0	0.0	0.0	0.0	0.0	0.0	0.0	0.0	0.0	0.043	0.0	0.0	0.0	0.005	0.0	0.033	0.026	0.0	0.026	0.0
GRM6	O15303	False	GRM6_HUMAN		CPI-CS05610B89F	GRM6	0.028	0.0	0.0	0.0	0.0	0.025	0.0	0.0	0.131	0.0	0.025	0.0	0.0	0.0	0.0	0.0	0.0	0.0	0.0	0.0	0.0	0.043	0.0	0.0	0.0	0.005	0.0	0.033	0.026	0.0	0.026	0.0
GRM6	O15303	False	GRM6_HUMAN		CPI-CS09698412B	GRM6	0.028	0.0	0.0	0.0	0.0	0.025	0.0	0.0	0.131	0.0	0.025	0.0	0.0	0.0	0.0	0.0	0.0	0.0	0.0	0.0	0.0	0.043	0.0	0.0	0.0	0.005	0.0	0.033	0.026	0.0	0.026	0.0
GRM6	O15303	False	GRM6_HUMAN		CPI-CS0764E52B3	GRM6	0.028	0.0	0.0	0.0	0.0	0.025	0.0	0.0	0.131	0.0	0.025	0.0	0.0	0.0	0.0	0.0	0.0	0.0	0.0	0.0	0.0	0.043	0.0	0.0	0.0	0.005	0.0	0.033	0.026	0.0	0.026	0.0
GRM6	O15303	False	GRM6_HUMAN		CPI-CS03DC684EF	GRM6	0.028	0.0	0.0	0.0	0.0	0.025	0.0	0.0	0.131	0.0	0.025	0.0	0.0	0.0	0.0	0.0	0.0	0.0	0.0	0.0	0.0	0.043	0.0	0.0	0.0	0.005	0.0	0.033	0.026	0.0	0.026	0.0
GRM7	Q14831	False	GRM7_HUMAN		CPI-CS040CBA095	GRM7	1.113	1.611	0.272	0.8	0.599	0.19	0.61	1.439	0.451	0.238	0.074	0.189	0.215	0.09	0.236	0.0	0.0	0.07	0.105	1.463	0.317	0.193	0.25	0.117	0.69	0.711	0.432	1.288	0.7	0.657	0.626	0.747
GRM7	Q14831	False	GRM7_HUMAN		CPI-CS0F37D7476	GRM7	1.113	1.611	0.272	0.8	0.599	0.19	0.61	1.439	0.451	0.238	0.074	0.189	0.215	0.09	0.236	0.0	0.0	0.07	0.105	1.463	0.317	0.193	0.25	0.117	0.69	0.711	0.432	1.288	0.7	0.657	0.626	0.747
GRM7	Q14831	False	GRM7_HUMAN		CPI-CS093EF3F47	GRM7	1.113	1.611	0.272	0.8	0.599	0.19	0.61	1.439	0.451	0.238	0.074	0.189	0.215	0.09	0.236	0.0	0.0	0.07	0.105	1.463	0.317	0.193	0.25	0.117	0.69	0.711	0.432	1.288	0.7	0.657	0.626	0.747
GRM7	Q14831	False	GRM7_HUMAN		CPI-CS09F74FD39	GRM7	1.113	1.611	0.272	0.8	0.599	0.19	0.61	1.439	0.451	0.238	0.074	0.189	0.215	0.09	0.236	0.0	0.0	0.07	0.105	1.463	0.317	0.193	0.25	0.117	0.69	0.711	0.432	1.288	0.7	0.657	0.626	0.747
GRM7	Q14831	False	GRM7_HUMAN		CPI-CS07EF8D9C2	GRM7	1.113	1.611	0.272	0.8	0.599	0.19	0.61	1.439	0.451	0.238	0.074	0.189	0.215	0.09	0.236	0.0	0.0	0.07	0.105	1.463	0.317	0.193	0.25	0.117	0.69	0.711	0.432	1.288	0.7	0.657	0.626	0.747
GRM7	Q14831	False	GRM7_HUMAN		CPI-CS0F4C33641	GRM7	1.113	1.611	0.272	0.8	0.599	0.19	0.61	1.439	0.451	0.238	0.074	0.189	0.215	0.09	0.236	0.0	0.0	0.07	0.105	1.463	0.317	0.193	0.25	0.117	0.69	0.711	0.432	1.288	0.7	0.657	0.626	0.747
GRM7	Q14831	False	GRM7_HUMAN		CPI-CS0D542DC14	GRM7	1.113	1.611	0.272	0.8	0.599	0.19	0.61	1.439	0.451	0.238	0.074	0.189	0.215	0.09	0.236	0.0	0.0	0.07	0.105	1.463	0.317	0.193	0.25	0.117	0.69	0.711	0.432	1.288	0.7	0.657	0.626	0.747
GRM7	Q14831	False	GRM7_HUMAN		CPI-CS004BB0890	GRM7	1.113	1.611	0.272	0.8	0.599	0.19	0.61	1.439	0.451	0.238	0.074	0.189	0.215	0.09	0.236	0.0	0.0	0.07	0.105	1.463	0.317	0.193	0.25	0.117	0.69	0.711	0.432	1.288	0.7	0.657	0.626	0.747
GRM7	Q14831	False	GRM7_HUMAN		CPI-CS00061350E	GRM7	1.113	1.611	0.272	0.8	0.599	0.19	0.61	1.439	0.451	0.238	0.074	0.189	0.215	0.09	0.236	0.0	0.0	0.07	0.105	1.463	0.317	0.193	0.25	0.117	0.69	0.711	0.432	1.288	0.7	0.657	0.626	0.747
GRM7	Q14831	False	GRM7_HUMAN		CPI-CS0EFE72F4B	GRM7	1.113	1.611	0.272	0.8	0.599	0.19	0.61	1.439	0.451	0.238	0.074	0.189	0.215	0.09	0.236	0.0	0.0	0.07	0.105	1.463	0.317	0.193	0.25	0.117	0.69	0.711	0.432	1.288	0.7	0.657	0.626	0.747
GRM7	Q14831	False	GRM7_HUMAN		CPI-CS09E87611A	GRM7	1.113	1.611	0.272	0.8	0.599	0.19	0.61	1.439	0.451	0.238	0.074	0.189	0.215	0.09	0.236	0.0	0.0	0.07	0.105	1.463	0.317	0.193	0.25	0.117	0.69	0.711	0.432	1.288	0.7	0.657	0.626	0.747
GRM7	Q14831	False	GRM7_HUMAN		CPI-CS083EC4342	GRM7	1.113	1.611	0.272	0.8	0.599	0.19	0.61	1.439	0.451	0.238	0.074	0.189	0.215	0.09	0.236	0.0	0.0	0.07	0.105	1.463	0.317	0.193	0.25	0.117	0.69	0.711	0.432	1.288	0.7	0.657	0.626	0.747
GRM8	O00222	False	GRM8_HUMAN		CPI-CS054C4533B	GRM8	2.437	2.179	0.357	4.83	4.136	0.379	0.55	1.0	3.933	3.009	2.144	0.336	0.792	0.19	0.561	1.058	0.0	0.292	0.45	2.03	1.562	0.968	2.359	2.116	0.853	2.392	1.091	3.408	1.322	1.268	4.025	1.838
GRM8	O00222	False	GRM8_HUMAN		CPI-CS007F02C96	GRM8	2.437	2.179	0.357	4.83	4.136	0.379	0.55	1.0	3.933	3.009	2.144	0.336	0.792	0.19	0.561	1.058	0.0	0.292	0.45	2.03	1.562	0.968	2.359	2.116	0.853	2.392	1.091	3.408	1.322	1.268	4.025	1.838
GRM8	O00222	False	GRM8_HUMAN		CPI-CS0BEF05FE2	GRM8	2.437	2.179	0.357	4.83	4.136	0.379	0.55	1.0	3.933	3.009	2.144	0.336	0.792	0.19	0.561	1.058	0.0	0.292	0.45	2.03	1.562	0.968	2.359	2.116	0.853	2.392	1.091	3.408	1.322	1.268	4.025	1.838
GRM8	O00222	False	GRM8_HUMAN		CPI-CS017089111	GRM8	2.437	2.179	0.357	4.83	4.136	0.379	0.55	1.0	3.933	3.009	2.144	0.336	0.792	0.19	0.561	1.058	0.0	0.292	0.45	2.03	1.562	0.968	2.359	2.116	0.853	2.392	1.091	3.408	1.322	1.268	4.025	1.838
GRM8	O00222	False	GRM8_HUMAN		CPI-CS08910752E	GRM8	2.437	2.179	0.357	4.83	4.136	0.379	0.55	1.0	3.933	3.009	2.144	0.336	0.792	0.19	0.561	1.058	0.0	0.292	0.45	2.03	1.562	0.968	2.359	2.116	0.853	2.392	1.091	3.408	1.322	1.268	4.025	1.838
GRM8	O00222	False	GRM8_HUMAN		CPI-CS0279E4E92	GRM8	2.437	2.179	0.357	4.83	4.136	0.379	0.55	1.0	3.933	3.009	2.144	0.336	0.792	0.19	0.561	1.058	0.0	0.292	0.45	2.03	1.562	0.968	2.359	2.116	0.853	2.392	1.091	3.408	1.322	1.268	4.025	1.838
GRM8	O00222	False	GRM8_HUMAN		CPI-CS04F89F4C0	GRM8	2.437	2.179	0.357	4.83	4.136	0.379	0.55	1.0	3.933	3.009	2.144	0.336	0.792	0.19	0.561	1.058	0.0	0.292	0.45	2.03	1.562	0.968	2.359	2.116	0.853	2.392	1.091	3.408	1.322	1.268	4.025	1.838
GRM8	O00222	False	GRM8_HUMAN		CPI-CS00A95D069	GRM8	2.437	2.179	0.357	4.83	4.136	0.379	0.55	1.0	3.933	3.009	2.144	0.336	0.792	0.19	0.561	1.058	0.0	0.292	0.45	2.03	1.562	0.968	2.359	2.116	0.853	2.392	1.091	3.408	1.322	1.268	4.025	1.838
GRM8	O00222	False	GRM8_HUMAN		CPI-CS0A14FBC54	GRM8	2.437	2.179	0.357	4.83	4.136	0.379	0.55	1.0	3.933	3.009	2.144	0.336	0.792	0.19	0.561	1.058	0.0	0.292	0.45	2.03	1.562	0.968	2.359	2.116	0.853	2.392	1.091	3.408	1.322	1.268	4.025	1.838
GRM8	O00222	False	GRM8_HUMAN		CPI-CS0947C60AA	GRM8	2.437	2.179	0.357	4.83	4.136	0.379	0.55	1.0	3.933	3.009	2.144	0.336	0.792	0.19	0.561	1.058	0.0	0.292	0.45	2.03	1.562	0.968	2.359	2.116	0.853	2.392	1.091	3.408	1.322	1.268	4.025	1.838
GRM8	O00222	False	GRM8_HUMAN		CPI-CS0270ABC42	GRM8	2.437	2.179	0.357	4.83	4.136	0.379	0.55	1.0	3.933	3.009	2.144	0.336	0.792	0.19	0.561	1.058	0.0	0.292	0.45	2.03	1.562	0.968	2.359	2.116	0.853	2.392	1.091	3.408	1.322	1.268	4.025	1.838
GRM8	O00222	False	GRM8_HUMAN		CPI-CS0180815DB	GRM8	2.437	2.179	0.357	4.83	4.136	0.379	0.55	1.0	3.933	3.009	2.144	0.336	0.792	0.19	0.561	1.058	0.0	0.292	0.45	2.03	1.562	0.968	2.359	2.116	0.853	2.392	1.091	3.408	1.322	1.268	4.025	1.838
HRH1	P35367	False	HRH1_HUMAN		CPI-CS0FF6E7611	HRH1	0.041	0.0	0.0	0.044	0.0	0.0	0.0	0.0	0.0	0.0	0.0	0.0	0.0	0.0	0.0	0.0	0.0	0.0	0.0	0.0	0.0	0.0	0.0	0.0	0.0	0.109	0.0	0.025	0.064	0.0	0.0	0.0
HRH2	P25021	False	HRH2_HUMAN		CPI-CS045AC7D7C	HRH2	0.001	0.0	0.0	0.0	0.0	0.036	0.0	0.0	0.0	0.0	0.0	0.0	0.0	0.0	0.0	0.0	0.0	0.0	0.0	0.0	0.0	0.0	0.0	0.0	0.0	0.0	0.0	0.0	0.0	0.0	0.0	0.0
INSR	P06213	False	INSR_HUMAN		CPI-SS05E4B1EBC	INSR	1.331	0.882	1.402	1.335	1.373	1.157	1.363	1.73	1.547	1.459	0.758	1.195	1.717	1.311	1.793	0.985	0.0	1.141	0.941	1.241	1.777	1.537	1.874	1.572	2.842	0.927	1.16	1.279	1.411	1.069	1.123	0.946
IGF1R	P08069	False	IGF1R_HUMAN		CPI-SS0E41702C1	IGF1R	0.776	0.228	0.275	0.535	0.638	0.642	0.31	0.474	0.584	0.324	0.477	0.413	0.88	0.337	0.774	0.108	3.23	0.134	0.532	0.821	0.612	0.471	0.667	0.628	0.355	0.621	0.464	0.57	0.61	0.336	0.654	0.632
IGF1R	P08069	False	IGF1R_HUMAN		CPI-SS0579FA162	IGF1R	0.776	0.228	0.275	0.535	0.638	0.642	0.31	0.474	0.584	0.324	0.477	0.413	0.88	0.337	0.774	0.108	3.23	0.134	0.532	0.821	0.612	0.471	0.667	0.628	0.355	0.621	0.464	0.57	0.61	0.336	0.654	0.632
IGF2R	P11717	False	MPRI_HUMAN		CPI-SS042A6F835	IGF2R	0.428	0.05	0.262	0.227	0.09	0.233	0.098	0.288	0.321	0.376	0.331	0.173	0.362	0.126	0.339	0.108	0.0	0.224	0.381	0.31	0.234	0.146	0.059	0.295	0.0	0.254	0.357	0.46	0.333	0.139	0.379	0.291
TMEM219	Q86XT9	False	TM219_HUMAN		CPI-SS099ACF7FB	TMEM219	0.016	0.0	0.046	0.024	0.027	0.0	0.0	0.051	0.0	0.094	0.0	0.0	0.12	0.053	0.072	0.0	0.0	0.0	0.0	0.0	0.029	0.0	0.0	0.0	0.0	0.031	0.019	0.017	0.049	0.032	0.0	0.03
PTPRF	P10586	False	PTPRF_HUMAN		CPI-SS0E12A78EF	PTPRF	2.061	0.578	0.143	0.471	3.887	1.209	1.126	0.619	2.626	1.305	0.674	0.87	2.33	1.461	2.303	0.411	0.0	0.059	0.241	1.492	1.01	0.794	1.961	0.889	1.409	1.919	0.874	2.123	0.994	1.01	2.679	1.366
PTPRF	P10586	False	PTPRF_HUMAN		CPI-SS0D8DC28C6	PTPRF	2.061	0.578	0.143	0.471	3.887	1.209	1.126	0.619	2.626	1.305	0.674	0.87	2.33	1.461	2.303	0.411	0.0	0.059	0.241	1.492	1.01	0.794	1.961	0.889	1.409	1.919	0.874	2.123	0.994	1.01	2.679	1.366
PTPRF	P10586	False	PTPRF_HUMAN		CPI-SS00373B59C	PTPRF	2.061	0.578	0.143	0.471	3.887	1.209	1.126	0.619	2.626	1.305	0.674	0.87	2.33	1.461	2.303	0.411	0.0	0.059	0.241	1.492	1.01	0.794	1.961	0.889	1.409	1.919	0.874	2.123	0.994	1.01	2.679	1.366
PTPRF	P10586	False	PTPRF_HUMAN		CPI-SS0CBB9D57D	PTPRF	2.061	0.578	0.143	0.471	3.887	1.209	1.126	0.619	2.626	1.305	0.674	0.87	2.33	1.461	2.303	0.411	0.0	0.059	0.241	1.492	1.01	0.794	1.961	0.889	1.409	1.919	0.874	2.123	0.994	1.01	2.679	1.366
PTPRD	P23468	False	PTPRD_HUMAN		CPI-SS0E0D00210	PTPRD	0.78	0.25	0.066	2.167	2.787	0.449	0.231	1.904	0.882	1.893	0.404	0.136	0.131	0.342	0.5	0.29	3.23	0.754	0.217	0.44	0.139	0.152	1.07	0.741	0.335	0.815	2.463	0.635	0.344	1.007	2.248	0.864
PTPRD	P23468	False	PTPRD_HUMAN		CPI-SS081E1A895	PTPRD	0.78	0.25	0.066	2.167	2.787	0.449	0.231	1.904	0.882	1.893	0.404	0.136	0.131	0.342	0.5	0.29	3.23	0.754	0.217	0.44	0.139	0.152	1.07	0.741	0.335	0.815	2.463	0.635	0.344	1.007	2.248	0.864
PTPRD	P23468	False	PTPRD_HUMAN		CPI-SS08069FE13	PTPRD	0.78	0.25	0.066	2.167	2.787	0.449	0.231	1.904	0.882	1.893	0.404	0.136	0.131	0.342	0.5	0.29	3.23	0.754	0.217	0.44	0.139	0.152	1.07	0.741	0.335	0.815	2.463	0.635	0.344	1.007	2.248	0.864
PTPRD	P23468	False	PTPRD_HUMAN		CPI-SS0522C3A29	PTPRD	0.78	0.25	0.066	2.167	2.787	0.449	0.231	1.904	0.882	1.893	0.404	0.136	0.131	0.342	0.5	0.29	3.23	0.754	0.217	0.44	0.139	0.152	1.07	0.741	0.335	0.815	2.463	0.635	0.344	1.007	2.248	0.864
PTPRD	P23468	False	PTPRD_HUMAN		CPI-SS044E718AF	PTPRD	0.78	0.25	0.066	2.167	2.787	0.449	0.231	1.904	0.882	1.893	0.404	0.136	0.131	0.342	0.5	0.29	3.23	0.754	0.217	0.44	0.139	0.152	1.07	0.741	0.335	0.815	2.463	0.635	0.344	1.007	2.248	0.864
CYSLTR1	Q9Y271	False	CLTR1_HUMAN		CPI-CS0150916A7	CYSLTR1	0.0	0.0	0.0	0.0	0.0	0.0	0.0	0.0	0.0	0.0	0.0	0.0	0.0	0.0	0.0	0.0	0.0	0.0	0.0	0.0	0.027	0.0	0.0	0.0	0.0	0.0	0.0	0.0	0.0	0.0	0.0	0.0
CYSLTR1	Q9Y271	False	CLTR1_HUMAN		CPI-CS048E474A5	CYSLTR1	0.0	0.0	0.0	0.0	0.0	0.0	0.0	0.0	0.0	0.0	0.0	0.0	0.0	0.0	0.0	0.0	0.0	0.0	0.0	0.0	0.027	0.0	0.0	0.0	0.0	0.0	0.0	0.0	0.0	0.0	0.0	0.0
GPR17	Q13304	False	GPR17_HUMAN		CPI-CS0AFE4D0CB	GPR17	0.002	0.0	0.0	0.0	0.0	0.0	0.0	0.0	0.0	0.0	0.0	0.0	0.034	0.0	0.0	0.0	0.0	0.0	0.0	0.0	0.0	0.0	0.0	0.0	0.0	0.0	0.0	0.0	0.0	0.0	0.0	0.0
LTB4R2	Q9NPC1	False	LT4R2_HUMAN		CPI-CS0F5B070C5	LTB4R2	0.017	0.0	0.0	0.0	0.0	0.0	0.0	0.0	0.0	0.0	0.0	0.0	0.0	0.0	0.0	0.0	0.0	0.0	0.0	0.0	0.036	0.0	0.0	0.0	0.0	0.0	0.0	0.025	0.031	0.0	0.0	0.0
LTB4R2	Q9NPC1	False	LT4R2_HUMAN		CPI-CS04A56D5BE	LTB4R2	0.017	0.0	0.0	0.0	0.0	0.0	0.0	0.0	0.0	0.0	0.0	0.0	0.0	0.0	0.0	0.0	0.0	0.0	0.0	0.0	0.036	0.0	0.0	0.0	0.0	0.0	0.0	0.025	0.031	0.0	0.0	0.0
ADGRE5	P48960	False	CD97_HUMAN		CPI-SS0E4245B64	ADGRE5	0.0	0.0	0.0	0.0	0.0	0.0	0.0	0.0	0.0	0.0	0.0	0.0	0.0	0.0	0.0	0.0	0.0	0.0	0.483	0.0	0.0	0.0	0.0	0.0	0.0	0.0	0.0	0.0	0.026	0.0	0.0	0.0
ADGRE5	P48960	False	CD97_HUMAN		CPI-SS076F4624B	ADGRE5	0.0	0.0	0.0	0.0	0.0	0.0	0.0	0.0	0.0	0.0	0.0	0.0	0.0	0.0	0.0	0.0	0.0	0.0	0.483	0.0	0.0	0.0	0.0	0.0	0.0	0.0	0.0	0.0	0.026	0.0	0.0	0.0
ADGRE5	P48960	False	CD97_HUMAN		CPI-SS046661AE7	ADGRE5	0.0	0.0	0.0	0.0	0.0	0.0	0.0	0.0	0.0	0.0	0.0	0.0	0.0	0.0	0.0	0.0	0.0	0.0	0.483	0.0	0.0	0.0	0.0	0.0	0.0	0.0	0.0	0.0	0.026	0.0	0.0	0.0
MTNR1A	P48039	False	MTR1A_HUMAN		CPI-CS05C6F5BDD	MTNR1A	0.251	0.026	0.041	0.089	0.022	0.041	0.033	0.278	0.956	0.608	0.557	0.0	0.075	0.0	0.022	0.0	0.0	0.014	0.0	0.061	0.096	0.051	0.0	0.865	0.0	0.211	0.345	0.494	0.2	0.051	0.0	0.198
ALK	Q9UM73	False	ALK_HUMAN		CPI-SS012AFC842	ALK	2.023	0.404	2.523	0.153	2.907	1.204	0.183	0.353	0.764	0.573	0.201	0.131	0.349	0.062	0.167	0.28	0.0	0.119	0.493	1.492	0.182	1.604	2.215	0.359	0.335	2.162	1.19	1.986	1.899	0.903	0.455	1.436
ALK	Q9UM73	False	ALK_HUMAN		CPI-SS05D7900BF	ALK	2.023	0.404	2.523	0.153	2.907	1.204	0.183	0.353	0.764	0.573	0.201	0.131	0.349	0.062	0.167	0.28	0.0	0.119	0.493	1.492	0.182	1.604	2.215	0.359	0.335	2.162	1.19	1.986	1.899	0.903	0.455	1.436
PTPRZ1	P23471	False	PTPRZ_HUMAN		CPI-SS027E12A36	PTPRZ1	0.063	0.217	0.0	0.0	0.041	0.049	0.534	0.031	0.485	0.118	0.046	1.529	2.059	0.365	1.11	1.461	3.23	0.0	0.276	0.098	0.052	0.085	0.0	0.0	0.895	0.055	0.01	0.051	0.059	0.0	0.055	0.157
PTPRZ1	P23471	False	PTPRZ_HUMAN		CPI-SS04E690D72	PTPRZ1	0.063	0.217	0.0	0.0	0.041	0.049	0.534	0.031	0.485	0.118	0.046	1.529	2.059	0.365	1.11	1.461	3.23	0.0	0.276	0.098	0.052	0.085	0.0	0.0	0.895	0.055	0.01	0.051	0.059	0.0	0.055	0.157
DCC	P43146	False	DCC_HUMAN		CPI-SS04F1CBF06	DCC	1.406	0.074	0.61	0.308	1.767	0.855	0.547	0.322	0.283	1.284	1.655	0.514	1.078	1.353	0.898	0.772	3.903	0.067	0.184	1.043	0.357	1.025	0.995	0.912	1.335	1.133	0.404	1.705	1.33	0.398	1.108	0.647
DSCAM	O60469	False	DSCAM_HUMAN		CPI-SS0E3C09735	DSCAM	1.963	0.236	0.12	1.172	5.735	0.523	0.063	0.346	0.452	0.159	1.823	0.0	0.057	0.036	0.129	0.259	0.0	0.609	0.487	0.382	0.358	1.852	1.132	2.813	0.0	1.837	0.201	0.884	1.474	0.064	0.246	1.259
UNC5A	Q6ZN44	False	UNC5A_HUMAN		CPI-SS0503D8A55	UNC5A	0.878	0.29	0.093	0.188	0.777	0.756	0.449	1.446	0.603	1.284	1.561	0.117	0.035	0.098	0.118	0.672	0.0	0.0	0.08	0.566	0.889	0.092	0.917	0.179	0.355	0.638	0.056	0.777	0.33	0.65	0.554	0.632
UNC5B	Q8IZJ1	False	UNC5B_HUMAN		CPI-SS00C9DE87A	UNC5B	0.049	0.0	0.0	0.024	0.0	0.043	0.034	0.0	0.051	0.162	0.0	0.13	0.113	0.0	0.0	0.0	0.0	0.023	0.104	0.0	0.0	0.0	0.072	0.0	0.0	0.034	0.198	0.032	0.032	0.0	0.193	0.029
UNC5B	Q8IZJ1	False	UNC5B_HUMAN		CPI-SS0C72D53A2	UNC5B	0.049	0.0	0.0	0.024	0.0	0.043	0.034	0.0	0.051	0.162	0.0	0.13	0.113	0.0	0.0	0.0	0.0	0.023	0.104	0.0	0.0	0.0	0.072	0.0	0.0	0.034	0.198	0.032	0.032	0.0	0.193	0.029
UNC5C	O95185	False	UNC5C_HUMAN		CPI-SS07660BCA2	UNC5C	1.095	0.069	0.558	0.687	0.867	1.335	0.653	0.149	2.345	1.995	1.43	0.56	0.209	0.489	0.278	1.832	0.0	0.773	0.343	0.785	1.628	0.204	0.907	0.76	0.335	1.201	1.703	1.363	1.222	1.675	2.629	0.909
UNC5D	Q6UXZ4	False	UNC5D_HUMAN		CPI-SS0BA4E3F44	UNC5D	1.006	0.302	0.129	0.168	1.365	1.076	0.098	0.167	0.758	1.401	0.274	0.162	0.223	0.0	0.379	0.309	0.0	0.031	0.519	2.037	0.311	0.398	0.696	0.346	0.673	1.024	0.935	1.107	1.001	0.614	0.687	0.713
DAG1	Q14118	False	DAG1_HUMAN		CPI-SS085E14488	DAG1	0.709	0.274	0.169	0.421	0.769	0.391	0.58	0.38	0.538	0.706	0.835	0.752	0.988	0.822	1.161	1.303	0.0	0.173	0.175	0.551	0.571	0.23	0.991	0.079	0.765	0.75	1.224	0.59	0.557	0.926	0.738	0.55
DAG1	Q14118	False	DAG1_HUMAN		CPI-SS0193D81E1	DAG1	0.709	0.274	0.169	0.421	0.769	0.391	0.58	0.38	0.538	0.706	0.835	0.752	0.988	0.822	1.161	1.303	0.0	0.173	0.175	0.551	0.571	0.23	0.991	0.079	0.765	0.75	1.224	0.59	0.557	0.926	0.738	0.55
NPBWR2	P48146	False	NPBW2_HUMAN		CPI-SS06EFFDDF4	NPBWR2	0.223	0.019	0.0	0.068	0.0	0.118	0.031	0.043	0.061	0.0	0.408	0.0	0.124	0.0	0.009	0.108	0.0	0.0	0.137	0.476	0.23	0.133	0.0	0.0	0.0	0.326	0.09	0.175	0.342	0.164	0.14	0.164
NPFFR2	Q9Y5X5	False	NPFF2_HUMAN		CPI-SS06CA10698	NPFFR2	0.177	0.0	0.055	0.349	0.0	0.0	0.031	0.067	0.352	0.0	0.077	0.055	0.057	0.0	0.0	0.0	0.0	0.199	0.08	0.258	0.04	0.119	0.071	0.0	0.0	0.252	0.0	0.109	0.152	0.054	0.038	0.137
NTRK3	Q16288	False	NTRK3_HUMAN		CPI-SS05162C56B	NTRK3	2.56	3.429	0.23	1.177	2.21	1.678	0.223	0.401	2.044	2.102	1.545	0.087	0.619	0.22	0.807	0.439	0.0	0.146	0.449	2.34	2.584	1.622	2.393	1.041	0.69	2.882	2.712	2.734	2.925	2.313	2.581	1.954
NTRK3	Q16288	False	NTRK3_HUMAN		CPI-SS01D36DDFA	NTRK3	2.56	3.429	0.23	1.177	2.21	1.678	0.223	0.401	2.044	2.102	1.545	0.087	0.619	0.22	0.807	0.439	0.0	0.146	0.449	2.34	2.584	1.622	2.393	1.041	0.69	2.882	2.712	2.734	2.925	2.313	2.581	1.954
NOTCH1	P46531	False	NOTC1_HUMAN		CPI-SS0A6FCBF7C	NOTCH1	0.026	0.019	0.099	0.0	1.764	0.024	0.396	0.073	0.125	0.0	0.0	1.283	0.719	0.537	0.308	0.572	0.0	0.0	0.126	0.0	0.134	0.098	0.0	0.0	1.282	0.01	0.053	0.02	0.028	0.044	0.04	0.073
NOTCH1	P46531	False	NOTC1_HUMAN		CPI-SS0FC612D4D	NOTCH1	0.026	0.019	0.099	0.0	1.764	0.024	0.396	0.073	0.125	0.0	0.0	1.283	0.719	0.537	0.308	0.572	0.0	0.0	0.126	0.0	0.134	0.098	0.0	0.0	1.282	0.01	0.053	0.02	0.028	0.044	0.04	0.073
NOTCH1	P46531	False	NOTC1_HUMAN		CPI-SS04A5D6B6F	NOTCH1	0.026	0.019	0.099	0.0	1.764	0.024	0.396	0.073	0.125	0.0	0.0	1.283	0.719	0.537	0.308	0.572	0.0	0.0	0.126	0.0	0.134	0.098	0.0	0.0	1.282	0.01	0.053	0.02	0.028	0.044	0.04	0.073
NOTCH1	P46531	False	NOTC1_HUMAN		CPI-SS0AFCA0602	NOTCH1	0.026	0.019	0.099	0.0	1.764	0.024	0.396	0.073	0.125	0.0	0.0	1.283	0.719	0.537	0.308	0.572	0.0	0.0	0.126	0.0	0.134	0.098	0.0	0.0	1.282	0.01	0.053	0.02	0.028	0.044	0.04	0.073
NOTCH1	P46531	False	NOTC1_HUMAN		CPI-SS052ADA696	NOTCH1	0.026	0.019	0.099	0.0	1.764	0.024	0.396	0.073	0.125	0.0	0.0	1.283	0.719	0.537	0.308	0.572	0.0	0.0	0.126	0.0	0.134	0.098	0.0	0.0	1.282	0.01	0.053	0.02	0.028	0.044	0.04	0.073
NOTCH2	Q04721	False	NOTC2_HUMAN		CPI-SS029811409	NOTCH2	0.009	0.0	0.405	0.042	0.0	0.0	0.108	0.031	0.05	0.0	0.0	0.025	0.086	0.101	0.166	0.0	0.0	0.0	0.469	0.0	0.0	0.043	0.0	0.0	0.0	0.009	0.0	0.0	0.0	0.022	0.0	0.019
NOTCH2	Q04721	False	NOTC2_HUMAN		CPI-SS0E1A8414D	NOTCH2	0.009	0.0	0.405	0.042	0.0	0.0	0.108	0.031	0.05	0.0	0.0	0.025	0.086	0.101	0.166	0.0	0.0	0.0	0.469	0.0	0.0	0.043	0.0	0.0	0.0	0.009	0.0	0.0	0.0	0.022	0.0	0.019
NOTCH2	Q04721	False	NOTC2_HUMAN		CPI-SS0423580E5	NOTCH2	0.009	0.0	0.405	0.042	0.0	0.0	0.108	0.031	0.05	0.0	0.0	0.025	0.086	0.101	0.166	0.0	0.0	0.0	0.469	0.0	0.0	0.043	0.0	0.0	0.0	0.009	0.0	0.0	0.0	0.022	0.0	0.019
NOTCH2	Q04721	False	NOTC2_HUMAN		CPI-SS08E4D6FA9	NOTCH2	0.009	0.0	0.405	0.042	0.0	0.0	0.108	0.031	0.05	0.0	0.0	0.025	0.086	0.101	0.166	0.0	0.0	0.0	0.469	0.0	0.0	0.043	0.0	0.0	0.0	0.009	0.0	0.0	0.0	0.022	0.0	0.019
NOTCH2	Q04721	False	NOTC2_HUMAN		CPI-SS060B82BBC	NOTCH2	0.009	0.0	0.405	0.042	0.0	0.0	0.108	0.031	0.05	0.0	0.0	0.025	0.086	0.101	0.166	0.0	0.0	0.0	0.469	0.0	0.0	0.043	0.0	0.0	0.0	0.009	0.0	0.0	0.0	0.022	0.0	0.019
MCAM	P43121	False	MUC18_HUMAN		CPI-SS0730D1EF3	MCAM	0.177	0.038	0.191	0.058	0.0	0.0	0.474	1.755	0.127	0.319	0.229	0.562	0.293	0.248	0.857	1.897	3.23	0.0	0.457	0.148	0.891	0.6	1.487	0.417	0.69	0.122	0.754	0.389	0.194	0.592	0.318	0.338
NRCAM	Q92823	False	NRCAM_HUMAN		CPI-SS0BDC912F3	NRCAM	1.142	1.937	0.144	0.842	1.709	1.232	0.265	0.533	1.06	0.706	1.825	0.949	1.605	1.489	1.684	1.252	3.903	0.0	0.722	1.4	1.89	1.109	1.659	0.863	1.524	0.837	0.816	1.288	0.878	0.392	1.389	0.964
NOTCH3	Q9UM47	False	NOTC3_HUMAN		CPI-SS007AA9FDE	NOTCH3	0.011	0.0	0.0	0.0	0.0	0.025	0.299	0.053	0.0	0.0	0.0	0.294	0.697	0.942	0.594	0.844	0.0	0.014	0.129	0.0	0.0	0.061	0.0	0.0	0.0	0.0	0.02	0.016	0.0	0.036	0.016	0.0
NOTCH3	Q9UM47	False	NOTC3_HUMAN		CPI-SS047232C64	NOTCH3	0.011	0.0	0.0	0.0	0.0	0.025	0.299	0.053	0.0	0.0	0.0	0.294	0.697	0.942	0.594	0.844	0.0	0.014	0.129	0.0	0.0	0.061	0.0	0.0	0.0	0.0	0.02	0.016	0.0	0.036	0.016	0.0
NOTCH3	Q9UM47	False	NOTC3_HUMAN		CPI-SS0938C6980	NOTCH3	0.011	0.0	0.0	0.0	0.0	0.025	0.299	0.053	0.0	0.0	0.0	0.294	0.697	0.942	0.594	0.844	0.0	0.014	0.129	0.0	0.0	0.061	0.0	0.0	0.0	0.0	0.02	0.016	0.0	0.036	0.016	0.0
NOTCH3	Q9UM47	False	NOTC3_HUMAN		CPI-SS0B99F22A2	NOTCH3	0.011	0.0	0.0	0.0	0.0	0.025	0.299	0.053	0.0	0.0	0.0	0.294	0.697	0.942	0.594	0.844	0.0	0.014	0.129	0.0	0.0	0.061	0.0	0.0	0.0	0.0	0.02	0.016	0.0	0.036	0.016	0.0
NOTCH4	Q99466	False	NOTC4_HUMAN		CPI-SS0D37C7C70	NOTCH4	0.578	0.082	0.159	0.378	0.095	0.525	0.867	0.171	0.428	0.228	0.35	0.382	1.12	0.419	1.255	0.726	0.0	0.291	0.336	0.345	0.739	0.157	0.814	0.228	0.518	0.44	0.308	0.728	0.482	0.233	0.514	0.475
NOTCH4	Q99466	False	NOTC4_HUMAN		CPI-SS0FB5FE587	NOTCH4	0.578	0.082	0.159	0.378	0.095	0.525	0.867	0.171	0.428	0.228	0.35	0.382	1.12	0.419	1.255	0.726	0.0	0.291	0.336	0.345	0.739	0.157	0.814	0.228	0.518	0.44	0.308	0.728	0.482	0.233	0.514	0.475
NOTCH4	Q99466	False	NOTC4_HUMAN		CPI-SS0558101D1	NOTCH4	0.578	0.082	0.159	0.378	0.095	0.525	0.867	0.171	0.428	0.228	0.35	0.382	1.12	0.419	1.255	0.726	0.0	0.291	0.336	0.345	0.739	0.157	0.814	0.228	0.518	0.44	0.308	0.728	0.482	0.233	0.514	0.475
NOTCH4	Q99466	False	NOTC4_HUMAN		CPI-SS0837E9F59	NOTCH4	0.578	0.082	0.159	0.378	0.095	0.525	0.867	0.171	0.428	0.228	0.35	0.382	1.12	0.419	1.255	0.726	0.0	0.291	0.336	0.345	0.739	0.157	0.814	0.228	0.518	0.44	0.308	0.728	0.482	0.233	0.514	0.475
VASN	Q6EMK4	False	VASN_HUMAN		CPI-SS0EDD8CDD4	VASN	0.036	0.0	0.047	0.0	0.0	0.0	0.09	0.046	0.0	0.0	0.0	0.0	0.0	0.097	0.058	0.189	0.0	0.0	0.0	0.0	0.032	0.0	0.0	0.029	0.0	0.06	0.027	0.064	0.0	0.0	0.012	0.036
OPRD1	P41143	False	OPRD_HUMAN		CPI-SS0CD40D735	OPRD1	0.496	0.024	0.08	0.026	0.042	0.156	0.088	0.059	0.068	0.512	0.273	0.038	0.062	0.0	0.033	0.0	0.0	0.0	0.272	0.27	0.072	0.036	0.059	0.132	0.0	0.432	0.234	0.507	0.43	0.046	0.287	0.109
OPRD1	P41143	False	OPRD_HUMAN		CPI-SS0BD6EE954	OPRD1	0.496	0.024	0.08	0.026	0.042	0.156	0.088	0.059	0.068	0.512	0.273	0.038	0.062	0.0	0.033	0.0	0.0	0.0	0.272	0.27	0.072	0.036	0.059	0.132	0.0	0.432	0.234	0.507	0.43	0.046	0.287	0.109
OPRD1	P41143	False	OPRD_HUMAN		CPI-CS005209739	OPRD1	0.496	0.024	0.08	0.026	0.042	0.156	0.088	0.059	0.068	0.512	0.273	0.038	0.062	0.0	0.033	0.0	0.0	0.0	0.272	0.27	0.072	0.036	0.059	0.132	0.0	0.432	0.234	0.507	0.43	0.046	0.287	0.109
OPRK1	P41145	False	OPRK_HUMAN		CPI-SS0AFFDEC0B	OPRK1	0.035	0.0	0.0	0.0	0.0	0.0	0.0	0.0	0.044	0.0	0.0	0.0	0.0	0.0	0.0	0.0	0.0	0.0	0.0	0.0	0.0	0.0	0.0	0.0	0.0	0.082	0.0	0.022	0.026	0.0	0.0	0.02
OPRK1	P41145	False	OPRK_HUMAN		CPI-SS0D1EF9598	OPRK1	0.035	0.0	0.0	0.0	0.0	0.0	0.0	0.0	0.044	0.0	0.0	0.0	0.0	0.0	0.0	0.0	0.0	0.0	0.0	0.0	0.0	0.0	0.0	0.0	0.0	0.082	0.0	0.022	0.026	0.0	0.0	0.02
OPRK1	P41145	False	OPRK_HUMAN		CPI-CS040CDD259	OPRK1	0.035	0.0	0.0	0.0	0.0	0.0	0.0	0.0	0.044	0.0	0.0	0.0	0.0	0.0	0.0	0.0	0.0	0.0	0.0	0.0	0.0	0.0	0.0	0.0	0.0	0.082	0.0	0.022	0.026	0.0	0.0	0.02
OPRM1	P35372	False	OPRM_HUMAN		CPI-SS0D0DC29DB	OPRM1	0.29	0.025	0.027	0.0	0.023	0.42	0.0	0.076	0.178	0.121	0.193	0.03	0.04	0.0	0.0	0.108	0.0	0.102	0.371	0.561	0.058	0.325	0.542	0.074	0.0	0.583	0.007	0.501	0.613	0.028	0.262	0.122
OPRM1	P35372	False	OPRM_HUMAN		CPI-SS0D97012FB	OPRM1	0.29	0.025	0.027	0.0	0.023	0.42	0.0	0.076	0.178	0.121	0.193	0.03	0.04	0.0	0.0	0.108	0.0	0.102	0.371	0.561	0.058	0.325	0.542	0.074	0.0	0.583	0.007	0.501	0.613	0.028	0.262	0.122
OPRM1	P35372	False	OPRM_HUMAN		CPI-CS0FFD6263C	OPRM1	0.29	0.025	0.027	0.0	0.023	0.42	0.0	0.076	0.178	0.121	0.193	0.03	0.04	0.0	0.0	0.108	0.0	0.102	0.371	0.561	0.058	0.325	0.542	0.074	0.0	0.583	0.007	0.501	0.613	0.028	0.262	0.122
OPRL1	P41146	False	OPRX_HUMAN		CPI-SS0DAB76F63	OPRL1	0.89	0.035	0.132	1.003	0.023	1.09	0.043	0.306	0.735	0.0	0.415	0.049	0.035	0.048	0.136	0.0	0.0	0.063	0.0	0.825	0.442	0.287	0.389	1.116	0.518	0.642	0.017	1.235	0.716	0.132	0.488	0.583
AVPR1A	P37288	False	V1AR_HUMAN		CPI-SS0E8F8E4F1	AVPR1A	0.06	0.019	0.0	0.054	0.041	0.0	0.0	0.0	0.0	0.0	0.0	0.0	0.0	0.0	0.0	0.0	0.0	0.033	0.0	0.0	0.11	0.041	0.071	0.0	0.0	0.011	0.007	0.0	0.02	0.0	0.207	0.0
AVPR1A	P37288	False	V1AR_HUMAN		CPI-SS00399ED03	AVPR1A	0.06	0.019	0.0	0.054	0.041	0.0	0.0	0.0	0.0	0.0	0.0	0.0	0.0	0.0	0.0	0.0	0.0	0.033	0.0	0.0	0.11	0.041	0.071	0.0	0.0	0.011	0.007	0.0	0.02	0.0	0.207	0.0
AVPR2	P30518	False	V2R_HUMAN		CPI-SS0A5B111F1	AVPR2	0.04	0.049	0.051	0.0	0.0	0.0	0.048	0.0	0.091	0.0	0.028	0.053	0.0	0.0	0.058	0.0	0.0	0.014	0.0	0.107	0.356	0.0	0.071	0.216	0.0	0.033	0.007	0.017	0.076	0.045	0.075	0.0
AVPR2	P30518	False	V2R_HUMAN		CPI-SS0FCF733EA	AVPR2	0.04	0.049	0.051	0.0	0.0	0.0	0.048	0.0	0.091	0.0	0.028	0.053	0.0	0.0	0.058	0.0	0.0	0.014	0.0	0.107	0.356	0.0	0.071	0.216	0.0	0.033	0.007	0.017	0.076	0.045	0.075	0.0
PTH1R	Q03431	False	PTH1R_HUMAN		CPI-SS06CBEA807	PTH1R	0.075	0.0	0.0	0.07	0.0	0.052	0.0	0.0	0.02	0.0	0.0	0.0	0.0	0.0	0.0	0.0	0.0	0.0	0.0	0.084	0.0	0.0	0.0	0.375	0.0	0.025	0.503	0.014	0.019	0.0	0.0	0.062
PTH1R	Q03431	False	PTH1R_HUMAN		CPI-SS0483CE4ED	PTH1R	0.075	0.0	0.0	0.07	0.0	0.052	0.0	0.0	0.02	0.0	0.0	0.0	0.0	0.0	0.0	0.0	0.0	0.0	0.0	0.084	0.0	0.0	0.0	0.375	0.0	0.025	0.503	0.014	0.019	0.0	0.0	0.062
ADCYAP1R1	P41586	False	PACR_HUMAN		CPI-SS0133239EA	ADCYAP1R1	1.316	0.687	0.228	0.23	0.074	0.648	0.229	0.482	0.501	0.696	1.137	0.028	0.162	0.044	0.139	0.772	0.0	0.024	0.601	1.124	1.069	0.897	0.536	0.118	0.0	1.33	0.229	1.506	1.376	0.172	0.497	0.751
ADCYAP1R1	P41586	False	PACR_HUMAN		CPI-SS06102CC06	ADCYAP1R1	1.316	0.687	0.228	0.23	0.074	0.648	0.229	0.482	0.501	0.696	1.137	0.028	0.162	0.044	0.139	0.772	0.0	0.024	0.601	1.124	1.069	0.897	0.536	0.118	0.0	1.33	0.229	1.506	1.376	0.172	0.497	0.751
VIPR1	P32241	False	VIPR1_HUMAN		CPI-SS062DED513	VIPR1	0.243	0.0	0.031	0.012	0.031	0.024	0.0	0.145	0.427	0.801	0.232	0.0	0.035	0.055	0.037	0.0	0.0	0.014	0.0	0.222	0.0	0.092	0.059	0.677	0.0	0.149	0.0	0.1	0.525	0.066	0.038	0.048
VIPR1	P32241	False	VIPR1_HUMAN		CPI-SS0C8A09915	VIPR1	0.243	0.0	0.031	0.012	0.031	0.024	0.0	0.145	0.427	0.801	0.232	0.0	0.035	0.055	0.037	0.0	0.0	0.014	0.0	0.222	0.0	0.092	0.059	0.677	0.0	0.149	0.0	0.1	0.525	0.066	0.038	0.048
VIPR2	P41587	False	VIPR2_HUMAN		CPI-SS02CCE14A7	VIPR2	0.0	0.0	0.172	0.0	0.033	0.087	0.0	0.0	0.0	0.0	0.0	0.0	0.0	0.0	0.0	0.0	0.0	0.0	0.139	0.047	0.0	0.0	0.0	0.0	0.0	0.0	0.0	0.0	0.088	0.0	0.043	0.0
VIPR2	P41587	False	VIPR2_HUMAN		CPI-SS05B60E59C	VIPR2	0.0	0.0	0.172	0.0	0.033	0.087	0.0	0.0	0.0	0.0	0.0	0.0	0.0	0.0	0.0	0.0	0.0	0.0	0.139	0.047	0.0	0.0	0.0	0.0	0.0	0.0	0.0	0.0	0.088	0.0	0.043	0.0
FLT1	P17948	False	VGFR1_HUMAN		CPI-SS07361522F	FLT1	0.011	0.0	0.031	0.0	0.0	0.0	0.0	0.0	0.0	0.0	0.0	0.0	0.0	0.0	0.0	0.0	0.0	0.0	0.0	0.0	0.0	0.0	0.0	0.0	0.0	0.0	0.0	0.018	0.009	0.014	0.0	0.0
FLT1	P17948	False	VGFR1_HUMAN		CPI-SS0B9B3870A	FLT1	0.011	0.0	0.031	0.0	0.0	0.0	0.0	0.0	0.0	0.0	0.0	0.0	0.0	0.0	0.0	0.0	0.0	0.0	0.0	0.0	0.0	0.0	0.0	0.0	0.0	0.0	0.0	0.018	0.009	0.014	0.0	0.0
NRP1	O14786	False	NRP1_HUMAN		CPI-SS01790830C	NRP1	1.735	0.076	0.543	0.102	0.064	0.886	0.71	0.819	0.315	0.125	0.362	0.305	0.938	0.512	0.467	0.718	0.0	0.65	0.137	1.022	2.333	0.851	1.655	0.559	0.43	1.511	0.053	1.037	1.224	0.079	0.144	1.328
NRP1	O14786	False	NRP1_HUMAN		CPI-SS034083FFA	NRP1	1.735	0.076	0.543	0.102	0.064	0.886	0.71	0.819	0.315	0.125	0.362	0.305	0.938	0.512	0.467	0.718	0.0	0.65	0.137	1.022	2.333	0.851	1.655	0.559	0.43	1.511	0.053	1.037	1.224	0.079	0.144	1.328
NRP1	O14786	False	NRP1_HUMAN		CPI-SS043E22BF5	NRP1	1.735	0.076	0.543	0.102	0.064	0.886	0.71	0.819	0.315	0.125	0.362	0.305	0.938	0.512	0.467	0.718	0.0	0.65	0.137	1.022	2.333	0.851	1.655	0.559	0.43	1.511	0.053	1.037	1.224	0.079	0.144	1.328
NRP2	O60462	False	NRP2_HUMAN		CPI-SS065D9259F	NRP2	1.117	1.122	0.344	1.116	0.098	1.8	0.074	3.092	1.328	1.831	0.238	0.152	0.331	0.228	0.624	0.0	0.0	0.157	0.936	1.531	0.747	2.109	0.905	0.673	1.045	1.648	2.937	1.534	1.654	2.669	0.759	1.324
NRP2	O60462	False	NRP2_HUMAN		CPI-SS0F67B526A	NRP2	1.117	1.122	0.344	1.116	0.098	1.8	0.074	3.092	1.328	1.831	0.238	0.152	0.331	0.228	0.624	0.0	0.0	0.157	0.936	1.531	0.747	2.109	0.905	0.673	1.045	1.648	2.937	1.534	1.654	2.669	0.759	1.324
NRP2	O60462	False	NRP2_HUMAN		CPI-SS0674B0F46	NRP2	1.117	1.122	0.344	1.116	0.098	1.8	0.074	3.092	1.328	1.831	0.238	0.152	0.331	0.228	0.624	0.0	0.0	0.157	0.936	1.531	0.747	2.109	0.905	0.673	1.045	1.648	2.937	1.534	1.654	2.669	0.759	1.324
NRP2	O60462	False	NRP2_HUMAN		CPI-SS046F8AD8B	NRP2	1.117	1.122	0.344	1.116	0.098	1.8	0.074	3.092	1.328	1.831	0.238	0.152	0.331	0.228	0.624	0.0	0.0	0.157	0.936	1.531	0.747	2.109	0.905	0.673	1.045	1.648	2.937	1.534	1.654	2.669	0.759	1.324
PDGFRA	P16234	False	PGFRA_HUMAN		CPI-SS0B70EB09E	PDGFRA	0.006	0.0	0.0	0.0	0.0	0.074	0.074	0.0	0.0	0.0	0.0	0.052	0.064	0.12	0.148	0.247	0.0	0.0	0.0	0.0	0.0	0.027	0.0	0.0	0.43	0.0	0.021	0.0	0.0	0.0	0.0	0.019
PDGFRA	P16234	False	PGFRA_HUMAN		CPI-SS0FEEB187C	PDGFRA	0.006	0.0	0.0	0.0	0.0	0.074	0.074	0.0	0.0	0.0	0.0	0.052	0.064	0.12	0.148	0.247	0.0	0.0	0.0	0.0	0.0	0.027	0.0	0.0	0.43	0.0	0.021	0.0	0.0	0.0	0.0	0.019
PDGFRA	P16234	False	PGFRA_HUMAN		CPI-SS06DA9B4FE	PDGFRA	0.006	0.0	0.0	0.0	0.0	0.074	0.074	0.0	0.0	0.0	0.0	0.052	0.064	0.12	0.148	0.247	0.0	0.0	0.0	0.0	0.0	0.027	0.0	0.0	0.43	0.0	0.021	0.0	0.0	0.0	0.0	0.019
PDGFRB	P09619	False	PGFRB_HUMAN		CPI-SS05A26A1DE	PDGFRB	0.04	0.0	0.118	0.0	0.0	0.0	0.35	0.0	0.0	0.0	0.028	0.515	1.514	0.569	1.029	0.182	0.0	0.0	0.126	0.0	0.031	0.0	0.071	0.068	0.56	0.009	0.03	0.017	0.0	0.025	0.0	0.035
PDGFRB	P09619	False	PGFRB_HUMAN		CPI-SS0B3C76C9D	PDGFRB	0.04	0.0	0.118	0.0	0.0	0.0	0.35	0.0	0.0	0.0	0.028	0.515	1.514	0.569	1.029	0.182	0.0	0.0	0.126	0.0	0.031	0.0	0.071	0.068	0.56	0.009	0.03	0.017	0.0	0.025	0.0	0.035
NPY2R	P49146	False	NPY2R_HUMAN		CPI-SS0E2083FAC	NPY2R	0.206	0.023	0.0	0.338	0.072	0.331	0.076	1.823	0.15	0.0	0.545	0.0	0.0	0.052	0.009	0.0	0.0	0.036	0.0	0.573	0.0	0.111	0.284	1.088	0.355	0.168	0.011	0.149	0.114	0.0	0.057	0.185
GNRHR	P30968	False	GNRHR_HUMAN		CPI-SS0D9EFC4F7	GNRHR	0.153	0.028	0.035	0.0	0.0	0.044	0.149	0.0	0.0	0.0	0.032	0.059	0.035	0.093	0.086	0.108	0.0	0.0	0.0	0.21	0.138	0.492	0.175	0.0	0.0	0.094	0.0	0.136	0.083	0.0	0.008	0.075
GNRHR	P30968	False	GNRHR_HUMAN		CPI-SS0D9BC4188	GNRHR	0.153	0.028	0.035	0.0	0.0	0.044	0.149	0.0	0.0	0.0	0.032	0.059	0.035	0.093	0.086	0.108	0.0	0.0	0.0	0.21	0.138	0.492	0.175	0.0	0.0	0.094	0.0	0.136	0.083	0.0	0.008	0.075
RXFP1	Q9HBX9	False	RXFP1_HUMAN		CPI-SS031E35270	RXFP1	0.23	0.013	0.035	0.03	0.0	0.0	0.0	0.322	0.05	0.277	0.312	0.0	0.0	0.0	0.0	0.231	0.0	0.0	0.105	0.114	0.0	0.046	0.0	0.0	0.0	0.244	0.064	0.142	0.236	0.663	0.057	0.069
RXFP3	Q9NSD7	False	RL3R1_HUMAN		CPI-SS02EF37382	RXFP3	0.03	0.0	0.0	0.025	0.0	0.0	0.0	0.0	0.037	0.0	0.059	0.0	0.0	0.059	0.0	0.0	0.0	0.0	0.0	0.028	0.0	0.0	0.0	0.0	0.0	0.093	0.0	0.058	0.039	0.0	0.0	0.0
GPR37	O15354	False	GPR37_HUMAN		CPI-SS0D8DE8E59	GPR37	0.466	0.036	0.113	0.137	0.148	0.23	0.177	0.152	0.947	0.92	0.233	0.186	0.057	0.157	0.105	0.189	0.0	0.471	0.0	0.142	0.802	0.121	0.477	0.512	0.518	0.425	0.718	0.442	0.422	0.546	0.784	0.19
GPR37L1	O60883	False	G37L1_HUMAN		CPI-SS075B1AA3A	GPR37L1	0.035	0.024	0.044	0.0	0.633	0.0	0.581	0.0	0.032	0.123	0.027	0.236	1.645	0.926	1.908	0.599	0.0	0.0	0.112	0.047	0.03	0.043	0.238	0.0	0.462	0.021	0.06	0.048	0.014	0.0	0.0	0.057
PTGER2	P43116	False	PE2R2_HUMAN		CPI-CS0F0453B03	PTGER2	0.004	0.0	0.058	0.0	0.0	0.0	0.0	0.069	0.0	0.0	0.0	0.0	0.0	0.051	0.0	0.225	0.0	0.0	0.0	0.085	0.0	0.0	0.0	0.0	0.0	0.074	0.0	0.0	0.0	0.0	0.0	0.0
PTGER2	P43116	False	PE2R2_HUMAN		CPI-CS000F037BD	PTGER2	0.004	0.0	0.058	0.0	0.0	0.0	0.0	0.069	0.0	0.0	0.0	0.0	0.0	0.051	0.0	0.225	0.0	0.0	0.0	0.085	0.0	0.0	0.0	0.0	0.0	0.074	0.0	0.0	0.0	0.0	0.0	0.0
PTGER3	P43115	False	PE2R3_HUMAN		CPI-CS080C76630	PTGER3	0.055	0.0	0.02	0.0	0.0	0.148	0.057	0.0	0.0	0.0	0.27	0.0	0.0	0.0	0.055	0.0	0.0	0.0	0.0	0.0	0.0	0.0	0.0	0.0	0.0	0.061	0.0	0.064	0.181	0.082	0.055	0.033
PTGER3	P43115	False	PE2R3_HUMAN		CPI-CS0C9671CB6	PTGER3	0.055	0.0	0.02	0.0	0.0	0.148	0.057	0.0	0.0	0.0	0.27	0.0	0.0	0.0	0.055	0.0	0.0	0.0	0.0	0.0	0.0	0.0	0.0	0.0	0.0	0.061	0.0	0.064	0.181	0.082	0.055	0.033
PTGER4	P35408	False	PE2R4_HUMAN		CPI-CS023F349AF	PTGER4	0.022	0.023	0.52	0.0	0.037	0.0	0.045	0.0	0.055	0.0	0.0	0.046	0.453	0.166	0.253	0.0	0.0	0.0	0.161	0.0	0.0	0.0	0.124	0.0	0.0	0.0	0.0	0.0	0.019	0.0	0.013	0.024
PTGER4	P35408	False	PE2R4_HUMAN		CPI-CS036B95798	PTGER4	0.022	0.023	0.52	0.0	0.037	0.0	0.045	0.0	0.055	0.0	0.0	0.046	0.453	0.166	0.253	0.0	0.0	0.0	0.161	0.0	0.0	0.0	0.124	0.0	0.0	0.0	0.0	0.0	0.019	0.0	0.013	0.024
LGR4	Q9BXB1	False	LGR4_HUMAN		CPI-SS0057AB387	LGR4	0.219	0.086	0.047	0.09	0.134	0.201	0.012	0.3	0.25	0.12	0.142	0.167	0.108	0.211	0.131	0.256	0.0	0.055	0.208	0.271	0.339	0.172	0.397	0.299	0.355	0.203	0.163	0.241	0.335	0.073	0.242	0.113
LGR4	Q9BXB1	False	LGR4_HUMAN		CPI-SS01E3453DB	LGR4	0.219	0.086	0.047	0.09	0.134	0.201	0.012	0.3	0.25	0.12	0.142	0.167	0.108	0.211	0.131	0.256	0.0	0.055	0.208	0.271	0.339	0.172	0.397	0.299	0.355	0.203	0.163	0.241	0.335	0.073	0.242	0.113
LGR4	Q9BXB1	False	LGR4_HUMAN		CPI-SS0ACAB1835	LGR4	0.219	0.086	0.047	0.09	0.134	0.201	0.012	0.3	0.25	0.12	0.142	0.167	0.108	0.211	0.131	0.256	0.0	0.055	0.208	0.271	0.339	0.172	0.397	0.299	0.355	0.203	0.163	0.241	0.335	0.073	0.242	0.113
LGR4	Q9BXB1	False	LGR4_HUMAN		CPI-SS034D3988F	LGR4	0.219	0.086	0.047	0.09	0.134	0.201	0.012	0.3	0.25	0.12	0.142	0.167	0.108	0.211	0.131	0.256	0.0	0.055	0.208	0.271	0.339	0.172	0.397	0.299	0.355	0.203	0.163	0.241	0.335	0.073	0.242	0.113
LGR5	O75473	False	LGR5_HUMAN		CPI-SS09B2320BC	LGR5	0.022	0.0	0.0	0.0	0.026	0.07	0.372	0.0	0.0	0.0	0.0	0.31	0.891	0.358	0.389	0.76	3.903	0.0	0.105	0.0	0.0	0.0	0.0	0.0	0.0	0.034	0.0	0.016	0.023	0.0	0.016	0.094
LGR5	O75473	False	LGR5_HUMAN		CPI-SS056D0AD0D	LGR5	0.022	0.0	0.0	0.0	0.026	0.07	0.372	0.0	0.0	0.0	0.0	0.31	0.891	0.358	0.389	0.76	3.903	0.0	0.105	0.0	0.0	0.0	0.0	0.0	0.0	0.034	0.0	0.016	0.023	0.0	0.016	0.094
LGR5	O75473	False	LGR5_HUMAN		CPI-SS0C3906934	LGR5	0.022	0.0	0.0	0.0	0.026	0.07	0.372	0.0	0.0	0.0	0.0	0.31	0.891	0.358	0.389	0.76	3.903	0.0	0.105	0.0	0.0	0.0	0.0	0.0	0.0	0.034	0.0	0.016	0.023	0.0	0.016	0.094
LGR5	O75473	False	LGR5_HUMAN		CPI-SS079CAC99C	LGR5	0.022	0.0	0.0	0.0	0.026	0.07	0.372	0.0	0.0	0.0	0.0	0.31	0.891	0.358	0.389	0.76	3.903	0.0	0.105	0.0	0.0	0.0	0.0	0.0	0.0	0.034	0.0	0.016	0.023	0.0	0.016	0.094
LGR6	Q9HBX8	False	LGR6_HUMAN		CPI-SS0E5397537	LGR6	0.0	0.0	0.0	0.0	0.0	0.0	0.0	0.0	0.0	0.0	0.0	0.0	0.0	0.0	0.052	0.0	0.0	0.0	0.0	0.0	0.0	0.043	0.0	0.055	0.0	0.02	0.0	0.0	0.0	0.0	0.011	0.0
LGR6	Q9HBX8	False	LGR6_HUMAN		CPI-SS019104E2E	LGR6	0.0	0.0	0.0	0.0	0.0	0.0	0.0	0.0	0.0	0.0	0.0	0.0	0.0	0.0	0.052	0.0	0.0	0.0	0.0	0.0	0.0	0.043	0.0	0.055	0.0	0.02	0.0	0.0	0.0	0.0	0.011	0.0
LGR6	Q9HBX8	False	LGR6_HUMAN		CPI-SS0EB5364D4	LGR6	0.0	0.0	0.0	0.0	0.0	0.0	0.0	0.0	0.0	0.0	0.0	0.0	0.0	0.0	0.052	0.0	0.0	0.0	0.0	0.0	0.0	0.043	0.0	0.055	0.0	0.02	0.0	0.0	0.0	0.0	0.011	0.0
LGR6	Q9HBX8	False	LGR6_HUMAN		CPI-SS0609FCF76	LGR6	0.0	0.0	0.0	0.0	0.0	0.0	0.0	0.0	0.0	0.0	0.0	0.0	0.0	0.0	0.052	0.0	0.0	0.0	0.0	0.0	0.0	0.043	0.0	0.055	0.0	0.02	0.0	0.0	0.0	0.0	0.011	0.0
LRP8	Q14114	False	LRP8_HUMAN		CPI-SS0AD2A36FE	LRP8	1.538	1.345	0.175	1.013	2.143	0.6	0.975	1.095	1.232	1.338	1.687	0.794	2.496	2.055	1.801	1.95	3.23	0.074	0.362	0.988	1.708	1.07	2.216	0.639	0.43	1.262	0.728	1.572	1.26	1.353	0.756	1.151
VLDLR	P98155	False	VLDLR_HUMAN		CPI-SS06DF3325D	VLDLR	0.527	0.217	0.144	0.36	0.374	0.431	1.049	0.219	0.46	0.499	0.679	0.128	0.481	0.639	0.833	0.108	0.0	1.482	0.289	0.784	0.572	0.048	0.563	0.094	0.0	0.453	0.188	0.545	0.467	0.312	0.304	0.269
RORB	Q92753	False	RORB_HUMAN		CPI-CS08EE9E5CE	RORB	0.049	0.0	0.0	0.0	0.0	0.0	0.086	0.091	0.0	0.0	0.023	0.0	0.042	0.059	0.0	0.0	0.0	0.072	0.0	0.17	0.052	0.0	0.0	0.132	0.0	0.0	0.012	0.036	0.282	0.0	0.158	0.038
RORB	Q92753	False	RORB_HUMAN		CPI-CS033058D2B	RORB	0.049	0.0	0.0	0.0	0.0	0.0	0.086	0.091	0.0	0.0	0.023	0.0	0.042	0.059	0.0	0.0	0.0	0.072	0.0	0.17	0.052	0.0	0.0	0.132	0.0	0.0	0.012	0.036	0.282	0.0	0.158	0.038
RORB	Q92753	False	RORB_HUMAN		CPI-CS0C61C245A	RORB	0.049	0.0	0.0	0.0	0.0	0.0	0.086	0.091	0.0	0.0	0.023	0.0	0.042	0.059	0.0	0.0	0.0	0.072	0.0	0.17	0.052	0.0	0.0	0.132	0.0	0.0	0.012	0.036	0.282	0.0	0.158	0.038
LRP5	O75197	False	LRP5_HUMAN		CPI-SS0FB520A95	LRP5	0.363	0.349	0.508	0.079	1.213	0.39	1.344	0.102	0.233	0.0	0.214	1.824	1.954	1.161	1.542	0.695	0.0	0.456	0.241	0.193	0.117	0.146	0.267	0.263	1.12	0.269	0.207	0.352	0.27	0.339	0.176	0.379
LRP6	O75581	False	LRP6_HUMAN		CPI-SS0C977FC22	LRP6	0.26	0.148	0.31	0.239	0.36	0.311	0.046	0.254	0.103	0.265	0.206	0.158	0.363	0.085	0.1	0.179	0.0	0.144	0.103	0.181	0.216	0.206	0.105	0.146	0.0	0.168	0.194	0.253	0.29	0.254	0.295	0.077
PLXND1	Q9Y4D7	False	PLXD1_HUMAN		CPI-SS0F3A089DE	PLXND1	0.201	0.0	0.959	0.635	0.077	0.15	0.505	0.024	0.362	0.466	0.083	0.276	0.312	0.108	0.131	0.0	0.0	0.151	0.535	0.0	0.347	0.192	0.072	0.037	0.335	0.17	0.182	0.19	0.243	0.225	0.073	0.254
PLXNB2	O15031	False	PLXB2_HUMAN		CPI-SS0892F3080	PLXNB2	0.84	0.2	1.214	0.937	1.283	1.348	0.636	0.936	2.618	1.528	0.271	0.388	1.104	1.189	1.196	1.444	0.0	2.194	0.264	0.841	3.104	0.055	2.24	1.842	0.891	0.691	1.03	0.551	0.836	0.629	1.255	0.832
PLXNB2	O15031	False	PLXB2_HUMAN		CPI-SS012F60F11	PLXNB2	0.84	0.2	1.214	0.937	1.283	1.348	0.636	0.936	2.618	1.528	0.271	0.388	1.104	1.189	1.196	1.444	0.0	2.194	0.264	0.841	3.104	0.055	2.24	1.842	0.891	0.691	1.03	0.551	0.836	0.629	1.255	0.832
PLXNB2	O15031	False	PLXB2_HUMAN		CPI-SS011931B0F	PLXNB2	0.84	0.2	1.214	0.937	1.283	1.348	0.636	0.936	2.618	1.528	0.271	0.388	1.104	1.189	1.196	1.444	0.0	2.194	0.264	0.841	3.104	0.055	2.24	1.842	0.891	0.691	1.03	0.551	0.836	0.629	1.255	0.832
PLXNB1	O43157	False	PLXB1_HUMAN		CPI-SS0606E97F0	PLXNB1	0.127	0.027	0.0	0.118	0.032	0.245	0.345	0.031	0.205	0.118	0.018	0.935	1.947	0.832	1.745	1.009	0.0	0.134	0.112	0.114	0.252	0.547	0.059	0.058	0.9	0.129	0.301	0.153	0.061	0.186	0.087	0.17
HTR1A	P08908	False	5HT1A_HUMAN		CPI-CS0FA7FD0C4	HTR1A	0.033	0.0	0.0	0.0	0.0	0.045	0.0	0.054	0.0	0.0	0.064	0.0	0.0	0.0	0.0	0.0	0.0	0.018	0.0	0.128	0.0	0.066	0.0	0.0	0.0	0.047	0.0	0.0	0.0	0.0	0.0	0.033
HTR1A	P08908	False	5HT1A_HUMAN		CPI-CS0C94CDA03	HTR1A	0.033	0.0	0.0	0.0	0.0	0.045	0.0	0.054	0.0	0.0	0.064	0.0	0.0	0.0	0.0	0.0	0.0	0.018	0.0	0.128	0.0	0.066	0.0	0.0	0.0	0.047	0.0	0.0	0.0	0.0	0.0	0.033
HTR1A	P08908	False	5HT1A_HUMAN		CPI-CS036645DBE	HTR1A	0.033	0.0	0.0	0.0	0.0	0.045	0.0	0.054	0.0	0.0	0.064	0.0	0.0	0.0	0.0	0.0	0.0	0.018	0.0	0.128	0.0	0.066	0.0	0.0	0.0	0.047	0.0	0.0	0.0	0.0	0.0	0.033
HTR1A	P08908	False	5HT1A_HUMAN		CPI-CS0AD4E4479	HTR1A	0.033	0.0	0.0	0.0	0.0	0.045	0.0	0.054	0.0	0.0	0.064	0.0	0.0	0.0	0.0	0.0	0.0	0.018	0.0	0.128	0.0	0.066	0.0	0.0	0.0	0.047	0.0	0.0	0.0	0.0	0.0	0.033
HTR1A	P08908	False	5HT1A_HUMAN		CPI-CS08C0F914A	HTR1A	0.033	0.0	0.0	0.0	0.0	0.045	0.0	0.054	0.0	0.0	0.064	0.0	0.0	0.0	0.0	0.0	0.0	0.018	0.0	0.128	0.0	0.066	0.0	0.0	0.0	0.047	0.0	0.0	0.0	0.0	0.0	0.033
HTR1A	P08908	False	5HT1A_HUMAN		CPI-CS06E3461BA	HTR1A	0.033	0.0	0.0	0.0	0.0	0.045	0.0	0.054	0.0	0.0	0.064	0.0	0.0	0.0	0.0	0.0	0.0	0.018	0.0	0.128	0.0	0.066	0.0	0.0	0.0	0.047	0.0	0.0	0.0	0.0	0.0	0.033
HTR1A	P08908	False	5HT1A_HUMAN		CPI-CS07B83D2DD	HTR1A	0.033	0.0	0.0	0.0	0.0	0.045	0.0	0.054	0.0	0.0	0.064	0.0	0.0	0.0	0.0	0.0	0.0	0.018	0.0	0.128	0.0	0.066	0.0	0.0	0.0	0.047	0.0	0.0	0.0	0.0	0.0	0.033
HTR1E	P28566	False	5HT1E_HUMAN		CPI-CS0D479EE58	HTR1E	0.136	0.0	0.0	0.026	0.063	0.029	0.0	0.147	0.098	0.121	0.442	0.0	0.0	0.0	0.054	0.0	0.0	0.0	0.104	0.303	0.047	0.147	0.202	0.0	0.0	0.158	0.013	0.122	0.239	0.238	0.021	0.108
HTR1E	P28566	False	5HT1E_HUMAN		CPI-CS0F0B490F5	HTR1E	0.136	0.0	0.0	0.026	0.063	0.029	0.0	0.147	0.098	0.121	0.442	0.0	0.0	0.0	0.054	0.0	0.0	0.0	0.104	0.303	0.047	0.147	0.202	0.0	0.0	0.158	0.013	0.122	0.239	0.238	0.021	0.108
HTR1E	P28566	False	5HT1E_HUMAN		CPI-CS05FD872B4	HTR1E	0.136	0.0	0.0	0.026	0.063	0.029	0.0	0.147	0.098	0.121	0.442	0.0	0.0	0.0	0.054	0.0	0.0	0.0	0.104	0.303	0.047	0.147	0.202	0.0	0.0	0.158	0.013	0.122	0.239	0.238	0.021	0.108
HTR1E	P28566	False	5HT1E_HUMAN		CPI-CS01C80FFD5	HTR1E	0.136	0.0	0.0	0.026	0.063	0.029	0.0	0.147	0.098	0.121	0.442	0.0	0.0	0.0	0.054	0.0	0.0	0.0	0.104	0.303	0.047	0.147	0.202	0.0	0.0	0.158	0.013	0.122	0.239	0.238	0.021	0.108
HTR1E	P28566	False	5HT1E_HUMAN		CPI-CS00699E9D6	HTR1E	0.136	0.0	0.0	0.026	0.063	0.029	0.0	0.147	0.098	0.121	0.442	0.0	0.0	0.0	0.054	0.0	0.0	0.0	0.104	0.303	0.047	0.147	0.202	0.0	0.0	0.158	0.013	0.122	0.239	0.238	0.021	0.108
HTR1E	P28566	False	5HT1E_HUMAN		CPI-CS0B31D535F	HTR1E	0.136	0.0	0.0	0.026	0.063	0.029	0.0	0.147	0.098	0.121	0.442	0.0	0.0	0.0	0.054	0.0	0.0	0.0	0.104	0.303	0.047	0.147	0.202	0.0	0.0	0.158	0.013	0.122	0.239	0.238	0.021	0.108
HTR1E	P28566	False	5HT1E_HUMAN		CPI-CS03C4A5CCC	HTR1E	0.136	0.0	0.0	0.026	0.063	0.029	0.0	0.147	0.098	0.121	0.442	0.0	0.0	0.0	0.054	0.0	0.0	0.0	0.104	0.303	0.047	0.147	0.202	0.0	0.0	0.158	0.013	0.122	0.239	0.238	0.021	0.108
HTR2A	P28223	False	5HT2A_HUMAN		CPI-CS0124AABB1	HTR2A	0.242	0.0	0.055	0.022	0.148	0.197	0.265	0.257	0.221	0.0	0.065	0.03	0.397	0.605	1.048	0.0	0.0	0.0	0.0	0.084	0.047	0.529	0.0	0.14	0.0	0.302	0.144	0.164	0.314	0.193	0.771	0.244
HTR2A	P28223	False	5HT2A_HUMAN		CPI-CS00BD98DE0	HTR2A	0.242	0.0	0.055	0.022	0.148	0.197	0.265	0.257	0.221	0.0	0.065	0.03	0.397	0.605	1.048	0.0	0.0	0.0	0.0	0.084	0.047	0.529	0.0	0.14	0.0	0.302	0.144	0.164	0.314	0.193	0.771	0.244
HTR2A	P28223	False	5HT2A_HUMAN		CPI-CS0D82F92E9	HTR2A	0.242	0.0	0.055	0.022	0.148	0.197	0.265	0.257	0.221	0.0	0.065	0.03	0.397	0.605	1.048	0.0	0.0	0.0	0.0	0.084	0.047	0.529	0.0	0.14	0.0	0.302	0.144	0.164	0.314	0.193	0.771	0.244
HTR2A	P28223	False	5HT2A_HUMAN		CPI-CS0F3B46E17	HTR2A	0.242	0.0	0.055	0.022	0.148	0.197	0.265	0.257	0.221	0.0	0.065	0.03	0.397	0.605	1.048	0.0	0.0	0.0	0.0	0.084	0.047	0.529	0.0	0.14	0.0	0.302	0.144	0.164	0.314	0.193	0.771	0.244
HTR2A	P28223	False	5HT2A_HUMAN		CPI-CS0CA60CF5D	HTR2A	0.242	0.0	0.055	0.022	0.148	0.197	0.265	0.257	0.221	0.0	0.065	0.03	0.397	0.605	1.048	0.0	0.0	0.0	0.0	0.084	0.047	0.529	0.0	0.14	0.0	0.302	0.144	0.164	0.314	0.193	0.771	0.244
HTR2A	P28223	False	5HT2A_HUMAN		CPI-CS048019E82	HTR2A	0.242	0.0	0.055	0.022	0.148	0.197	0.265	0.257	0.221	0.0	0.065	0.03	0.397	0.605	1.048	0.0	0.0	0.0	0.0	0.084	0.047	0.529	0.0	0.14	0.0	0.302	0.144	0.164	0.314	0.193	0.771	0.244
HTR2A	P28223	False	5HT2A_HUMAN		CPI-CS08B8EB95C	HTR2A	0.242	0.0	0.055	0.022	0.148	0.197	0.265	0.257	0.221	0.0	0.065	0.03	0.397	0.605	1.048	0.0	0.0	0.0	0.0	0.084	0.047	0.529	0.0	0.14	0.0	0.302	0.144	0.164	0.314	0.193	0.771	0.244
HTR2B	P41595	False	5HT2B_HUMAN		CPI-CS0E217D222	HTR2B	0.0	0.0	0.0	0.0	0.0	0.0	0.041	0.0	0.0	0.0	0.0	0.0	0.0	0.0	0.009	0.0	0.0	0.016	0.0	0.0	0.014	0.0	0.0	0.0	0.0	0.003	0.013	0.029	0.056	0.0	0.0	0.018
HTR2B	P41595	False	5HT2B_HUMAN		CPI-CS074DE2005	HTR2B	0.0	0.0	0.0	0.0	0.0	0.0	0.041	0.0	0.0	0.0	0.0	0.0	0.0	0.0	0.009	0.0	0.0	0.016	0.0	0.0	0.014	0.0	0.0	0.0	0.0	0.003	0.013	0.029	0.056	0.0	0.0	0.018
HTR2B	P41595	False	5HT2B_HUMAN		CPI-CS09463D22E	HTR2B	0.0	0.0	0.0	0.0	0.0	0.0	0.041	0.0	0.0	0.0	0.0	0.0	0.0	0.0	0.009	0.0	0.0	0.016	0.0	0.0	0.014	0.0	0.0	0.0	0.0	0.003	0.013	0.029	0.056	0.0	0.0	0.018
HTR2B	P41595	False	5HT2B_HUMAN		CPI-CS08A9A272D	HTR2B	0.0	0.0	0.0	0.0	0.0	0.0	0.041	0.0	0.0	0.0	0.0	0.0	0.0	0.0	0.009	0.0	0.0	0.016	0.0	0.0	0.014	0.0	0.0	0.0	0.0	0.003	0.013	0.029	0.056	0.0	0.0	0.018
HTR2B	P41595	False	5HT2B_HUMAN		CPI-CS07C928856	HTR2B	0.0	0.0	0.0	0.0	0.0	0.0	0.041	0.0	0.0	0.0	0.0	0.0	0.0	0.0	0.009	0.0	0.0	0.016	0.0	0.0	0.014	0.0	0.0	0.0	0.0	0.003	0.013	0.029	0.056	0.0	0.0	0.018
HTR2B	P41595	False	5HT2B_HUMAN		CPI-CS0DB983DDE	HTR2B	0.0	0.0	0.0	0.0	0.0	0.0	0.041	0.0	0.0	0.0	0.0	0.0	0.0	0.0	0.009	0.0	0.0	0.016	0.0	0.0	0.014	0.0	0.0	0.0	0.0	0.003	0.013	0.029	0.056	0.0	0.0	0.018
HTR2B	P41595	False	5HT2B_HUMAN		CPI-CS0DF5F733F	HTR2B	0.0	0.0	0.0	0.0	0.0	0.0	0.041	0.0	0.0	0.0	0.0	0.0	0.0	0.0	0.009	0.0	0.0	0.016	0.0	0.0	0.014	0.0	0.0	0.0	0.0	0.003	0.013	0.029	0.056	0.0	0.0	0.018
HTR2C	P28335	False	5HT2C_HUMAN		CPI-CS0B361C48F	HTR2C	1.167	0.111	0.041	2.08	0.299	0.858	0.139	0.568	2.356	0.414	0.739	0.085	0.852	0.0	0.178	0.108	0.0	0.084	0.104	0.775	1.58	0.059	0.682	0.139	0.335	0.858	1.134	0.85	1.028	0.74	0.312	0.668
HTR2C	P28335	False	5HT2C_HUMAN		CPI-CS0DA387E54	HTR2C	1.167	0.111	0.041	2.08	0.299	0.858	0.139	0.568	2.356	0.414	0.739	0.085	0.852	0.0	0.178	0.108	0.0	0.084	0.104	0.775	1.58	0.059	0.682	0.139	0.335	0.858	1.134	0.85	1.028	0.74	0.312	0.668
HTR2C	P28335	False	5HT2C_HUMAN		CPI-CS0FBE83390	HTR2C	1.167	0.111	0.041	2.08	0.299	0.858	0.139	0.568	2.356	0.414	0.739	0.085	0.852	0.0	0.178	0.108	0.0	0.084	0.104	0.775	1.58	0.059	0.682	0.139	0.335	0.858	1.134	0.85	1.028	0.74	0.312	0.668
HTR2C	P28335	False	5HT2C_HUMAN		CPI-CS0C605AFB6	HTR2C	1.167	0.111	0.041	2.08	0.299	0.858	0.139	0.568	2.356	0.414	0.739	0.085	0.852	0.0	0.178	0.108	0.0	0.084	0.104	0.775	1.58	0.059	0.682	0.139	0.335	0.858	1.134	0.85	1.028	0.74	0.312	0.668
HTR2C	P28335	False	5HT2C_HUMAN		CPI-CS0D12BDF23	HTR2C	1.167	0.111	0.041	2.08	0.299	0.858	0.139	0.568	2.356	0.414	0.739	0.085	0.852	0.0	0.178	0.108	0.0	0.084	0.104	0.775	1.58	0.059	0.682	0.139	0.335	0.858	1.134	0.85	1.028	0.74	0.312	0.668
HTR2C	P28335	False	5HT2C_HUMAN		CPI-CS0470204FB	HTR2C	1.167	0.111	0.041	2.08	0.299	0.858	0.139	0.568	2.356	0.414	0.739	0.085	0.852	0.0	0.178	0.108	0.0	0.084	0.104	0.775	1.58	0.059	0.682	0.139	0.335	0.858	1.134	0.85	1.028	0.74	0.312	0.668
HTR2C	P28335	False	5HT2C_HUMAN		CPI-CS029E9BA69	HTR2C	1.167	0.111	0.041	2.08	0.299	0.858	0.139	0.568	2.356	0.414	0.739	0.085	0.852	0.0	0.178	0.108	0.0	0.084	0.104	0.775	1.58	0.059	0.682	0.139	0.335	0.858	1.134	0.85	1.028	0.74	0.312	0.668
HTR4	Q13639	False	5HT4R_HUMAN		CPI-CS00A17284C	HTR4	0.523	0.0	0.098	1.321	0.032	1.139	0.153	0.139	0.074	0.0	0.562	0.096	0.079	0.0	0.069	0.0	0.0	0.02	0.0	1.03	0.322	0.112	0.494	0.252	0.335	0.725	0.079	0.782	0.44	0.631	0.387	0.364
HTR4	Q13639	False	5HT4R_HUMAN		CPI-CS09068835B	HTR4	0.523	0.0	0.098	1.321	0.032	1.139	0.153	0.139	0.074	0.0	0.562	0.096	0.079	0.0	0.069	0.0	0.0	0.02	0.0	1.03	0.322	0.112	0.494	0.252	0.335	0.725	0.079	0.782	0.44	0.631	0.387	0.364
HTR4	Q13639	False	5HT4R_HUMAN		CPI-CS00CB2214E	HTR4	0.523	0.0	0.098	1.321	0.032	1.139	0.153	0.139	0.074	0.0	0.562	0.096	0.079	0.0	0.069	0.0	0.0	0.02	0.0	1.03	0.322	0.112	0.494	0.252	0.335	0.725	0.079	0.782	0.44	0.631	0.387	0.364
HTR4	Q13639	False	5HT4R_HUMAN		CPI-CS0233F2354	HTR4	0.523	0.0	0.098	1.321	0.032	1.139	0.153	0.139	0.074	0.0	0.562	0.096	0.079	0.0	0.069	0.0	0.0	0.02	0.0	1.03	0.322	0.112	0.494	0.252	0.335	0.725	0.079	0.782	0.44	0.631	0.387	0.364
HTR4	Q13639	False	5HT4R_HUMAN		CPI-CS07C8BD0AD	HTR4	0.523	0.0	0.098	1.321	0.032	1.139	0.153	0.139	0.074	0.0	0.562	0.096	0.079	0.0	0.069	0.0	0.0	0.02	0.0	1.03	0.322	0.112	0.494	0.252	0.335	0.725	0.079	0.782	0.44	0.631	0.387	0.364
HTR4	Q13639	False	5HT4R_HUMAN		CPI-CS0DC68F1EA	HTR4	0.523	0.0	0.098	1.321	0.032	1.139	0.153	0.139	0.074	0.0	0.562	0.096	0.079	0.0	0.069	0.0	0.0	0.02	0.0	1.03	0.322	0.112	0.494	0.252	0.335	0.725	0.079	0.782	0.44	0.631	0.387	0.364
HTR4	Q13639	False	5HT4R_HUMAN		CPI-CS07508694A	HTR4	0.523	0.0	0.098	1.321	0.032	1.139	0.153	0.139	0.074	0.0	0.562	0.096	0.079	0.0	0.069	0.0	0.0	0.02	0.0	1.03	0.322	0.112	0.494	0.252	0.335	0.725	0.079	0.782	0.44	0.631	0.387	0.364
HTR5A	P47898	False	5HT5A_HUMAN		CPI-CS0A3252712	HTR5A	0.053	0.0	0.0	0.025	0.017	0.06	0.178	0.0	0.0	0.0	0.0	0.0	0.0	0.036	0.046	0.0	0.0	0.015	0.0	0.061	0.0	0.174	0.0	0.0	0.0	0.015	0.177	0.128	0.0	0.016	0.018	0.059
HTR5A	P47898	False	5HT5A_HUMAN		CPI-CS03FD72BE3	HTR5A	0.053	0.0	0.0	0.025	0.017	0.06	0.178	0.0	0.0	0.0	0.0	0.0	0.0	0.036	0.046	0.0	0.0	0.015	0.0	0.061	0.0	0.174	0.0	0.0	0.0	0.015	0.177	0.128	0.0	0.016	0.018	0.059
HTR5A	P47898	False	5HT5A_HUMAN		CPI-CS049727103	HTR5A	0.053	0.0	0.0	0.025	0.017	0.06	0.178	0.0	0.0	0.0	0.0	0.0	0.0	0.036	0.046	0.0	0.0	0.015	0.0	0.061	0.0	0.174	0.0	0.0	0.0	0.015	0.177	0.128	0.0	0.016	0.018	0.059
HTR5A	P47898	False	5HT5A_HUMAN		CPI-CS031EF306F	HTR5A	0.053	0.0	0.0	0.025	0.017	0.06	0.178	0.0	0.0	0.0	0.0	0.0	0.0	0.036	0.046	0.0	0.0	0.015	0.0	0.061	0.0	0.174	0.0	0.0	0.0	0.015	0.177	0.128	0.0	0.016	0.018	0.059
HTR5A	P47898	False	5HT5A_HUMAN		CPI-CS0C940A01C	HTR5A	0.053	0.0	0.0	0.025	0.017	0.06	0.178	0.0	0.0	0.0	0.0	0.0	0.0	0.036	0.046	0.0	0.0	0.015	0.0	0.061	0.0	0.174	0.0	0.0	0.0	0.015	0.177	0.128	0.0	0.016	0.018	0.059
HTR5A	P47898	False	5HT5A_HUMAN		CPI-CS073E2DB34	HTR5A	0.053	0.0	0.0	0.025	0.017	0.06	0.178	0.0	0.0	0.0	0.0	0.0	0.0	0.036	0.046	0.0	0.0	0.015	0.0	0.061	0.0	0.174	0.0	0.0	0.0	0.015	0.177	0.128	0.0	0.016	0.018	0.059
HTR5A	P47898	False	5HT5A_HUMAN		CPI-CS008E4E6F9	HTR5A	0.053	0.0	0.0	0.025	0.017	0.06	0.178	0.0	0.0	0.0	0.0	0.0	0.0	0.036	0.046	0.0	0.0	0.015	0.0	0.061	0.0	0.174	0.0	0.0	0.0	0.015	0.177	0.128	0.0	0.016	0.018	0.059
HTR7	P34969	False	5HT7R_HUMAN		CPI-CS0F1FE8541	HTR7	0.244	0.013	0.0	0.649	0.034	0.328	0.0	0.582	0.0	0.274	0.0	0.0	0.0	0.0	0.114	0.0	0.0	0.02	0.138	0.144	0.586	0.185	0.059	0.318	0.0	0.314	0.059	0.04	0.271	0.0	0.062	0.03
HTR7	P34969	False	5HT7R_HUMAN		CPI-CS05EB7549F	HTR7	0.244	0.013	0.0	0.649	0.034	0.328	0.0	0.582	0.0	0.274	0.0	0.0	0.0	0.0	0.114	0.0	0.0	0.02	0.138	0.144	0.586	0.185	0.059	0.318	0.0	0.314	0.059	0.04	0.271	0.0	0.062	0.03
HTR7	P34969	False	5HT7R_HUMAN		CPI-CS059692236	HTR7	0.244	0.013	0.0	0.649	0.034	0.328	0.0	0.582	0.0	0.274	0.0	0.0	0.0	0.0	0.114	0.0	0.0	0.02	0.138	0.144	0.586	0.185	0.059	0.318	0.0	0.314	0.059	0.04	0.271	0.0	0.062	0.03
HTR7	P34969	False	5HT7R_HUMAN		CPI-CS0778BF832	HTR7	0.244	0.013	0.0	0.649	0.034	0.328	0.0	0.582	0.0	0.274	0.0	0.0	0.0	0.0	0.114	0.0	0.0	0.02	0.138	0.144	0.586	0.185	0.059	0.318	0.0	0.314	0.059	0.04	0.271	0.0	0.062	0.03
HTR7	P34969	False	5HT7R_HUMAN		CPI-CS091CE4B74	HTR7	0.244	0.013	0.0	0.649	0.034	0.328	0.0	0.582	0.0	0.274	0.0	0.0	0.0	0.0	0.114	0.0	0.0	0.02	0.138	0.144	0.586	0.185	0.059	0.318	0.0	0.314	0.059	0.04	0.271	0.0	0.062	0.03
HTR7	P34969	False	5HT7R_HUMAN		CPI-CS08EFEF89B	HTR7	0.244	0.013	0.0	0.649	0.034	0.328	0.0	0.582	0.0	0.274	0.0	0.0	0.0	0.0	0.114	0.0	0.0	0.02	0.138	0.144	0.586	0.185	0.059	0.318	0.0	0.314	0.059	0.04	0.271	0.0	0.062	0.03
HTR7	P34969	False	5HT7R_HUMAN		CPI-CS062F16E86	HTR7	0.244	0.013	0.0	0.649	0.034	0.328	0.0	0.582	0.0	0.274	0.0	0.0	0.0	0.0	0.114	0.0	0.0	0.02	0.138	0.144	0.586	0.185	0.059	0.318	0.0	0.314	0.059	0.04	0.271	0.0	0.062	0.03
DRD1	P21728	False	DRD1_HUMAN		CPI-CS0AB91708D	DRD1	0.28	0.073	0.022	0.648	0.166	0.357	0.0	0.141	0.0	0.062	0.423	0.0	0.056	0.043	0.009	0.0	0.0	0.015	0.0	0.615	0.117	0.054	0.203	1.128	0.0	0.201	0.009	0.184	0.033	0.011	0.025	0.108
DRD1	P21728	False	DRD1_HUMAN		CPI-CS05C6641C3	DRD1	0.28	0.073	0.022	0.648	0.166	0.357	0.0	0.141	0.0	0.062	0.423	0.0	0.056	0.043	0.009	0.0	0.0	0.015	0.0	0.615	0.117	0.054	0.203	1.128	0.0	0.201	0.009	0.184	0.033	0.011	0.025	0.108
DRD1	P21728	False	DRD1_HUMAN		CPI-CS04B5BF177	DRD1	0.28	0.073	0.022	0.648	0.166	0.357	0.0	0.141	0.0	0.062	0.423	0.0	0.056	0.043	0.009	0.0	0.0	0.015	0.0	0.615	0.117	0.054	0.203	1.128	0.0	0.201	0.009	0.184	0.033	0.011	0.025	0.108
DRD3	P35462	False	DRD3_HUMAN		CPI-CS0E5E6A50E	DRD3	0.067	0.0	0.022	0.0	0.0	0.108	0.0	0.0	0.055	0.194	0.022	0.0	0.0	0.0	0.0	0.0	0.0	0.0	0.0	0.186	0.013	0.406	0.0	0.0	0.0	0.011	0.0	0.013	0.026	0.0	0.018	0.057
DRD3	P35462	False	DRD3_HUMAN		CPI-CS0DEA717AA	DRD3	0.067	0.0	0.022	0.0	0.0	0.108	0.0	0.0	0.055	0.194	0.022	0.0	0.0	0.0	0.0	0.0	0.0	0.0	0.0	0.186	0.013	0.406	0.0	0.0	0.0	0.011	0.0	0.013	0.026	0.0	0.018	0.057
DRD3	P35462	False	DRD3_HUMAN		CPI-CS02C89A362	DRD3	0.067	0.0	0.022	0.0	0.0	0.108	0.0	0.0	0.055	0.194	0.022	0.0	0.0	0.0	0.0	0.0	0.0	0.0	0.0	0.186	0.013	0.406	0.0	0.0	0.0	0.011	0.0	0.013	0.026	0.0	0.018	0.057
DRD4	P21917	False	DRD4_HUMAN		CPI-CS0682222D2	DRD4	0.027	0.0	0.0	0.024	0.023	0.0	0.0	0.15	0.0	0.0	0.0	0.0	0.0	0.0	0.009	0.0	0.0	0.019	0.0	0.0	0.112	0.0	0.0	0.0	0.0	0.008	0.035	0.036	0.091	0.026	0.0	0.011
DRD4	P21917	False	DRD4_HUMAN		CPI-CS0398DD932	DRD4	0.027	0.0	0.0	0.024	0.023	0.0	0.0	0.15	0.0	0.0	0.0	0.0	0.0	0.0	0.009	0.0	0.0	0.019	0.0	0.0	0.112	0.0	0.0	0.0	0.0	0.008	0.035	0.036	0.091	0.026	0.0	0.011
DRD4	P21917	False	DRD4_HUMAN		CPI-CS039F33B17	DRD4	0.027	0.0	0.0	0.024	0.023	0.0	0.0	0.15	0.0	0.0	0.0	0.0	0.0	0.0	0.009	0.0	0.0	0.019	0.0	0.0	0.112	0.0	0.0	0.0	0.0	0.008	0.035	0.036	0.091	0.026	0.0	0.011
HTR3B	O95264	False	5HT3B_HUMAN		CPI-CS0EA8C2964	HTR3B	0.0	0.0	0.0	0.0	0.0	0.0	0.0	0.0	0.0	0.0	0.0	0.0	0.0	0.0	0.0	0.0	0.0	0.0	0.0	0.0	0.0	0.0	0.0	0.05	0.0	0.0	0.0	0.0	0.0	0.0	0.0	0.0
ROBO1	Q9Y6N7	False	ROBO1_HUMAN		CPI-SS027028983	ROBO1	0.957	1.046	0.173	0.285	0.157	0.285	0.313	0.123	0.682	2.225	1.471	0.614	1.492	0.636	1.228	1.291	0.0	0.078	0.652	0.93	0.162	1.65	0.54	1.274	0.335	0.391	1.408	0.694	0.3	1.513	1.508	0.438
ROBO1	Q9Y6N7	False	ROBO1_HUMAN		CPI-SS0A932EB77	ROBO1	0.957	1.046	0.173	0.285	0.157	0.285	0.313	0.123	0.682	2.225	1.471	0.614	1.492	0.636	1.228	1.291	0.0	0.078	0.652	0.93	0.162	1.65	0.54	1.274	0.335	0.391	1.408	0.694	0.3	1.513	1.508	0.438
ROBO2	Q9HCK4	False	ROBO2_HUMAN		CPI-SS0D0235DCE	ROBO2	1.45	0.237	0.273	0.462	0.023	1.469	0.236	0.438	0.691	0.25	2.182	0.482	0.395	0.12	0.352	0.687	3.23	0.092	0.45	1.198	0.269	0.359	2.752	2.342	0.0	1.013	1.516	1.071	1.004	1.99	3.637	1.32
SSTR2	P30874	False	SSR2_HUMAN		CPI-SS0FE594C97	SSTR2	0.217	0.023	0.031	0.0	0.081	0.039	0.024	0.054	0.0	0.0	0.291	0.0	0.0	0.0	0.037	0.0	0.0	0.025	0.08	0.161	0.0	0.149	0.071	0.0	0.0	0.269	0.023	0.192	0.145	0.045	0.0	0.073
SSTR3	P32745	False	SSR3_HUMAN		CPI-SS05A3441B9	SSTR3	0.056	0.043	0.0	0.023	0.034	0.0	0.0	0.042	0.0	0.0	0.038	0.0	0.035	0.0	0.009	0.0	0.0	0.0	0.0	0.113	0.0	0.049	0.071	0.0	0.0	0.173	0.0	0.066	0.047	0.0	0.14	0.046
SSTR5	P35346	False	SSR5_HUMAN		CPI-SS0F80E4C8B	SSTR5	0.112	0.048	0.022	0.0	0.055	0.191	0.039	0.252	0.024	0.062	0.145	0.141	0.042	0.0	0.055	0.0	0.0	0.026	0.0	0.223	0.037	0.252	0.286	0.0	0.0	0.251	0.019	0.377	0.07	0.095	0.076	0.082
ADGRA2	Q96PE1	False	AGRA2_HUMAN		CPI-SS0D681D90E	ADGRA2	0.0	0.0	0.0	0.0	0.0	0.0	0.0	0.0	0.032	0.0	0.0	0.0	0.0	0.0	0.0	0.0	0.0	0.025	0.0	0.0	0.0	0.0	0.0	0.0	0.0	0.0	0.0	0.0	0.0	0.0	0.0	0.0
TACR1	P25103	False	NK1R_HUMAN		CPI-SS02A8BD654	TACR1	0.321	0.0	0.022	0.054	0.035	0.891	0.0	0.522	0.299	0.0	0.123	0.108	0.113	0.0	0.026	0.0	0.0	0.044	0.08	0.832	0.036	0.076	0.17	0.0	0.462	0.396	0.035	0.579	0.346	0.098	0.585	0.11
TACR1	P25103	False	NK1R_HUMAN		CPI-SS0CDDDEE9F	TACR1	0.321	0.0	0.022	0.054	0.035	0.891	0.0	0.522	0.299	0.0	0.123	0.108	0.113	0.0	0.026	0.0	0.0	0.044	0.08	0.832	0.036	0.076	0.17	0.0	0.462	0.396	0.035	0.579	0.346	0.098	0.585	0.11
TACR2	P21452	False	NK2R_HUMAN		CPI-SS061ED1543	TACR2	0.065	0.049	0.0	0.015	0.0	0.091	0.0	0.018	0.021	0.0	0.0	0.0	0.0	0.0	0.0	0.0	0.0	0.02	0.0	0.038	0.0	0.04	0.0	0.0	0.0	0.034	0.012	0.04	0.032	0.022	0.0	0.0
TACR2	P21452	False	NK2R_HUMAN		CPI-SS0C9A68B24	TACR2	0.065	0.049	0.0	0.015	0.0	0.091	0.0	0.018	0.021	0.0	0.0	0.0	0.0	0.0	0.0	0.0	0.0	0.02	0.0	0.038	0.0	0.04	0.0	0.0	0.0	0.034	0.012	0.04	0.032	0.022	0.0	0.0
TACR3	P29371	False	NK3R_HUMAN		CPI-SS015B70BF9	TACR3	0.08	0.027	0.0	0.056	0.032	0.0	0.074	0.228	0.027	0.0	0.115	0.0	0.09	0.0	0.0	0.0	0.0	0.014	0.0	0.154	0.0	0.085	0.23	0.0	0.0	0.107	0.043	0.099	0.107	0.044	0.011	0.046
TACR3	P29371	False	NK3R_HUMAN		CPI-SS0F5177C81	TACR3	0.08	0.027	0.0	0.056	0.032	0.0	0.074	0.228	0.027	0.0	0.115	0.0	0.09	0.0	0.0	0.0	0.0	0.014	0.0	0.154	0.0	0.085	0.23	0.0	0.0	0.107	0.043	0.099	0.107	0.044	0.011	0.046
ADGRB1	O14514	False	AGRB1_HUMAN		CPI-SS06CF1662B	ADGRB1	2.058	2.395	0.23	0.727	2.635	1.078	0.449	0.586	1.421	2.398	1.159	0.557	1.361	0.762	1.086	0.598	0.0	1.437	0.57	1.744	1.34	0.737	0.911	3.817	0.585	2.206	1.973	1.653	3.086	1.574	2.18	1.376
ADGRB1	O14514	False	AGRB1_HUMAN		CPI-SS0F4EF9618	ADGRB1	2.058	2.395	0.23	0.727	2.635	1.078	0.449	0.586	1.421	2.398	1.159	0.557	1.361	0.762	1.086	0.598	0.0	1.437	0.57	1.744	1.34	0.737	0.911	3.817	0.585	2.206	1.973	1.653	3.086	1.574	2.18	1.376
TBXA2R	P21731	False	TA2R_HUMAN		CPI-CS0D01AFCC7	TBXA2R	0.012	0.0	0.045	0.0	0.0	0.023	0.0	0.0	0.051	0.0	0.0	0.0	0.0	0.0	0.06	0.0	0.0	0.0	0.0	0.079	0.0	0.0	0.0	0.0	0.0	0.009	0.015	0.032	0.03	0.0	0.092	0.0
TGFBR3	Q03167	False	TGBR3_HUMAN		CPI-SS085EE60B1	TGFBR3	0.015	0.271	0.0	0.0	0.0	0.029	0.37	0.0	0.0	0.0	0.0	0.069	0.413	0.052	0.113	0.51	0.0	0.019	0.0	0.065	0.0	0.0	0.124	0.141	0.0	0.0	0.0	0.013	0.02	0.0	0.0	0.02
TGFBR3	Q03167	False	TGBR3_HUMAN		CPI-SS0D46E2B45	TGFBR3	0.015	0.271	0.0	0.0	0.0	0.029	0.37	0.0	0.0	0.0	0.0	0.069	0.413	0.052	0.113	0.51	0.0	0.019	0.0	0.065	0.0	0.0	0.124	0.141	0.0	0.0	0.0	0.013	0.02	0.0	0.0	0.02
TNFRSF6B	O95407	False	TNF6B_HUMAN		CPI-SS0B9DC75DD	TNFRSF6B	0.003	0.0	0.0	0.0	0.031	0.0	0.069	0.0	0.0	0.0	0.0	0.0	0.0	0.0	0.0	0.0	0.0	0.0	0.0	0.0	0.071	0.141	0.0	0.0	0.0	0.011	0.011	0.031	0.0	0.0	0.0	0.0
TNFRSF11B	O00300	False	TR11B_HUMAN		CPI-SS05A3055C3	TNFRSF11B	0.003	0.105	0.0	0.0	0.0	0.086	0.0	0.0	0.0	0.0	0.264	0.0	0.0	0.0	0.0	0.0	0.0	0.0	0.0	0.0	0.016	0.0	0.0	0.285	0.0	0.025	0.0	0.024	0.019	0.02	0.0	0.0
TNFRSF11B	O00300	False	TR11B_HUMAN		CPI-SS0F83BE97B	TNFRSF11B	0.003	0.105	0.0	0.0	0.0	0.086	0.0	0.0	0.0	0.0	0.264	0.0	0.0	0.0	0.0	0.0	0.0	0.0	0.0	0.0	0.016	0.0	0.0	0.285	0.0	0.025	0.0	0.024	0.019	0.02	0.0	0.0
UTS2R	Q9UKP6	False	UR2R_HUMAN		CPI-SS033C67295	UTS2R	0.041	0.0	0.0	0.0	0.0	0.023	0.012	0.0	0.06	0.0	0.0	0.0	0.0	0.0	0.0	0.0	0.0	0.0	0.0	0.0	0.014	0.0	0.0	0.0	0.0	0.037	0.0	0.01	0.07	0.0	0.011	0.014
KDR	P35968	False	VGFR2_HUMAN		CPI-SS0C03F7CDC	KDR	0.004	0.0	0.0	0.0	0.0	0.0	0.0	0.0	0.0	0.0	0.0	0.0	0.0	0.0	0.0	0.0	0.0	0.0	0.0	0.0	0.0	0.0	0.0	0.0	0.0	0.0	0.0	0.0	0.0	0.0	0.0	0.0
KDR	P35968	False	VGFR2_HUMAN		CPI-SS0EC8C81E0	KDR	0.004	0.0	0.0	0.0	0.0	0.0	0.0	0.0	0.0	0.0	0.0	0.0	0.0	0.0	0.0	0.0	0.0	0.0	0.0	0.0	0.0	0.0	0.0	0.0	0.0	0.0	0.0	0.0	0.0	0.0	0.0	0.0
KDR	P35968	False	VGFR2_HUMAN		CPI-SS0EBA5A4D8	KDR	0.004	0.0	0.0	0.0	0.0	0.0	0.0	0.0	0.0	0.0	0.0	0.0	0.0	0.0	0.0	0.0	0.0	0.0	0.0	0.0	0.0	0.0	0.0	0.0	0.0	0.0	0.0	0.0	0.0	0.0	0.0	0.0
FLT4	P35916	False	VGFR3_HUMAN		CPI-SS005572B52	FLT4	0.014	0.0	0.0	0.0	0.028	0.0	0.043	0.0	0.0	0.0	0.022	0.042	0.0	0.065	0.133	0.0	0.0	0.0	0.0	0.0	0.0	0.0	0.0	0.0	0.0	0.038	0.0	0.0	0.0	0.0	0.0	0.0
FLT4	P35916	False	VGFR3_HUMAN		CPI-SS0D883FFF1	FLT4	0.014	0.0	0.0	0.0	0.028	0.0	0.043	0.0	0.0	0.0	0.022	0.042	0.0	0.065	0.133	0.0	0.0	0.0	0.0	0.0	0.0	0.0	0.0	0.0	0.0	0.038	0.0	0.0	0.0	0.0	0.0	0.0
FRZB	Q92765	False	SFRP3_HUMAN		CPI-SS0961DD05D	FRZB	0.01	0.0	0.0	0.0	0.112	0.0	0.0	0.0	0.0	0.0	0.0	0.0	0.0	0.0	0.0	0.0	0.0	0.0	0.0	0.0	0.036	0.0	0.0	0.0	0.0	0.019	0.0	0.0	0.011	0.038	0.0	0.034
FRZB	Q92765	False	SFRP3_HUMAN		CPI-SS0BAA8AA30	FRZB	0.01	0.0	0.0	0.0	0.112	0.0	0.0	0.0	0.0	0.0	0.0	0.0	0.0	0.0	0.0	0.0	0.0	0.0	0.0	0.0	0.036	0.0	0.0	0.0	0.0	0.019	0.0	0.0	0.011	0.038	0.0	0.034
FRZB	Q92765	False	SFRP3_HUMAN		CPI-SS01072357C	FRZB	0.01	0.0	0.0	0.0	0.112	0.0	0.0	0.0	0.0	0.0	0.0	0.0	0.0	0.0	0.0	0.0	0.0	0.0	0.0	0.0	0.036	0.0	0.0	0.0	0.0	0.019	0.0	0.0	0.011	0.038	0.0	0.034
FRZB	Q92765	False	SFRP3_HUMAN		CPI-SS075B13211	FRZB	0.01	0.0	0.0	0.0	0.112	0.0	0.0	0.0	0.0	0.0	0.0	0.0	0.0	0.0	0.0	0.0	0.0	0.0	0.0	0.0	0.036	0.0	0.0	0.0	0.0	0.019	0.0	0.0	0.011	0.038	0.0	0.034
FRZB	Q92765	False	SFRP3_HUMAN		CPI-SS02704D1B8	FRZB	0.01	0.0	0.0	0.0	0.112	0.0	0.0	0.0	0.0	0.0	0.0	0.0	0.0	0.0	0.0	0.0	0.0	0.0	0.0	0.0	0.036	0.0	0.0	0.0	0.0	0.019	0.0	0.0	0.011	0.038	0.0	0.034
FRZB	Q92765	False	SFRP3_HUMAN		CPI-SS0786D3749	FRZB	0.01	0.0	0.0	0.0	0.112	0.0	0.0	0.0	0.0	0.0	0.0	0.0	0.0	0.0	0.0	0.0	0.0	0.0	0.0	0.0	0.036	0.0	0.0	0.0	0.0	0.019	0.0	0.0	0.011	0.038	0.0	0.034
FRZB	Q92765	False	SFRP3_HUMAN		CPI-SS0A10C2A8F	FRZB	0.01	0.0	0.0	0.0	0.112	0.0	0.0	0.0	0.0	0.0	0.0	0.0	0.0	0.0	0.0	0.0	0.0	0.0	0.0	0.0	0.036	0.0	0.0	0.0	0.0	0.019	0.0	0.0	0.011	0.038	0.0	0.034
FRZB	Q92765	False	SFRP3_HUMAN		CPI-SS0CCE526F7	FRZB	0.01	0.0	0.0	0.0	0.112	0.0	0.0	0.0	0.0	0.0	0.0	0.0	0.0	0.0	0.0	0.0	0.0	0.0	0.0	0.0	0.036	0.0	0.0	0.0	0.0	0.019	0.0	0.0	0.011	0.038	0.0	0.034
FRZB	Q92765	False	SFRP3_HUMAN		CPI-SS05C7CF827	FRZB	0.01	0.0	0.0	0.0	0.112	0.0	0.0	0.0	0.0	0.0	0.0	0.0	0.0	0.0	0.0	0.0	0.0	0.0	0.0	0.0	0.036	0.0	0.0	0.0	0.0	0.019	0.0	0.0	0.011	0.038	0.0	0.034
FRZB	Q92765	False	SFRP3_HUMAN		CPI-SS0BD98A044	FRZB	0.01	0.0	0.0	0.0	0.112	0.0	0.0	0.0	0.0	0.0	0.0	0.0	0.0	0.0	0.0	0.0	0.0	0.0	0.0	0.0	0.036	0.0	0.0	0.0	0.0	0.019	0.0	0.0	0.011	0.038	0.0	0.034
FRZB	Q92765	False	SFRP3_HUMAN		CPI-SS0123EE122	FRZB	0.01	0.0	0.0	0.0	0.112	0.0	0.0	0.0	0.0	0.0	0.0	0.0	0.0	0.0	0.0	0.0	0.0	0.0	0.0	0.0	0.036	0.0	0.0	0.0	0.0	0.019	0.0	0.0	0.011	0.038	0.0	0.034
FRZB	Q92765	False	SFRP3_HUMAN		CPI-SS03BC3A729	FRZB	0.01	0.0	0.0	0.0	0.112	0.0	0.0	0.0	0.0	0.0	0.0	0.0	0.0	0.0	0.0	0.0	0.0	0.0	0.0	0.0	0.036	0.0	0.0	0.0	0.0	0.019	0.0	0.0	0.011	0.038	0.0	0.034
FRZB	Q92765	False	SFRP3_HUMAN		CPI-SS0D184698A	FRZB	0.01	0.0	0.0	0.0	0.112	0.0	0.0	0.0	0.0	0.0	0.0	0.0	0.0	0.0	0.0	0.0	0.0	0.0	0.0	0.0	0.036	0.0	0.0	0.0	0.0	0.019	0.0	0.0	0.011	0.038	0.0	0.034
FRZB	Q92765	False	SFRP3_HUMAN		CPI-SS02C404F4D	FRZB	0.01	0.0	0.0	0.0	0.112	0.0	0.0	0.0	0.0	0.0	0.0	0.0	0.0	0.0	0.0	0.0	0.0	0.0	0.0	0.0	0.036	0.0	0.0	0.0	0.0	0.019	0.0	0.0	0.011	0.038	0.0	0.034
FRZB	Q92765	False	SFRP3_HUMAN		CPI-SS0EBBBD522	FRZB	0.01	0.0	0.0	0.0	0.112	0.0	0.0	0.0	0.0	0.0	0.0	0.0	0.0	0.0	0.0	0.0	0.0	0.0	0.0	0.0	0.036	0.0	0.0	0.0	0.0	0.019	0.0	0.0	0.011	0.038	0.0	0.034
FRZB	Q92765	False	SFRP3_HUMAN		CPI-SS0AC8C45C5	FRZB	0.01	0.0	0.0	0.0	0.112	0.0	0.0	0.0	0.0	0.0	0.0	0.0	0.0	0.0	0.0	0.0	0.0	0.0	0.0	0.0	0.036	0.0	0.0	0.0	0.0	0.019	0.0	0.0	0.011	0.038	0.0	0.034
SFRP1	Q8N474	False	SFRP1_HUMAN		CPI-SS002CC4C02	SFRP1	0.07	0.0	0.0	0.0	0.0	0.045	0.037	0.0	0.083	0.201	0.035	0.0	0.055	0.0	0.048	0.0	0.0	0.0	0.0	0.036	0.0	0.044	0.115	0.0	0.0	0.013	0.011	0.0	0.0	0.086	0.084	0.0
SFRP1	Q8N474	False	SFRP1_HUMAN		CPI-SS0429E615A	SFRP1	0.07	0.0	0.0	0.0	0.0	0.045	0.037	0.0	0.083	0.201	0.035	0.0	0.055	0.0	0.048	0.0	0.0	0.0	0.0	0.036	0.0	0.044	0.115	0.0	0.0	0.013	0.011	0.0	0.0	0.086	0.084	0.0
SFRP1	Q8N474	False	SFRP1_HUMAN		CPI-SS050A950B9	SFRP1	0.07	0.0	0.0	0.0	0.0	0.045	0.037	0.0	0.083	0.201	0.035	0.0	0.055	0.0	0.048	0.0	0.0	0.0	0.0	0.036	0.0	0.044	0.115	0.0	0.0	0.013	0.011	0.0	0.0	0.086	0.084	0.0
SFRP1	Q8N474	False	SFRP1_HUMAN		CPI-SS01E6C2BB8	SFRP1	0.07	0.0	0.0	0.0	0.0	0.045	0.037	0.0	0.083	0.201	0.035	0.0	0.055	0.0	0.048	0.0	0.0	0.0	0.0	0.036	0.0	0.044	0.115	0.0	0.0	0.013	0.011	0.0	0.0	0.086	0.084	0.0
SFRP1	Q8N474	False	SFRP1_HUMAN		CPI-SS05207EFF8	SFRP1	0.07	0.0	0.0	0.0	0.0	0.045	0.037	0.0	0.083	0.201	0.035	0.0	0.055	0.0	0.048	0.0	0.0	0.0	0.0	0.036	0.0	0.044	0.115	0.0	0.0	0.013	0.011	0.0	0.0	0.086	0.084	0.0
SFRP1	Q8N474	False	SFRP1_HUMAN		CPI-SS0DF9024C0	SFRP1	0.07	0.0	0.0	0.0	0.0	0.045	0.037	0.0	0.083	0.201	0.035	0.0	0.055	0.0	0.048	0.0	0.0	0.0	0.0	0.036	0.0	0.044	0.115	0.0	0.0	0.013	0.011	0.0	0.0	0.086	0.084	0.0
SFRP1	Q8N474	False	SFRP1_HUMAN		CPI-SS00E2C8381	SFRP1	0.07	0.0	0.0	0.0	0.0	0.045	0.037	0.0	0.083	0.201	0.035	0.0	0.055	0.0	0.048	0.0	0.0	0.0	0.0	0.036	0.0	0.044	0.115	0.0	0.0	0.013	0.011	0.0	0.0	0.086	0.084	0.0
SFRP1	Q8N474	False	SFRP1_HUMAN		CPI-SS0FF2EEAE8	SFRP1	0.07	0.0	0.0	0.0	0.0	0.045	0.037	0.0	0.083	0.201	0.035	0.0	0.055	0.0	0.048	0.0	0.0	0.0	0.0	0.036	0.0	0.044	0.115	0.0	0.0	0.013	0.011	0.0	0.0	0.086	0.084	0.0
SFRP1	Q8N474	False	SFRP1_HUMAN		CPI-SS097860321	SFRP1	0.07	0.0	0.0	0.0	0.0	0.045	0.037	0.0	0.083	0.201	0.035	0.0	0.055	0.0	0.048	0.0	0.0	0.0	0.0	0.036	0.0	0.044	0.115	0.0	0.0	0.013	0.011	0.0	0.0	0.086	0.084	0.0
SFRP1	Q8N474	False	SFRP1_HUMAN		CPI-SS02ADD742C	SFRP1	0.07	0.0	0.0	0.0	0.0	0.045	0.037	0.0	0.083	0.201	0.035	0.0	0.055	0.0	0.048	0.0	0.0	0.0	0.0	0.036	0.0	0.044	0.115	0.0	0.0	0.013	0.011	0.0	0.0	0.086	0.084	0.0
SFRP1	Q8N474	False	SFRP1_HUMAN		CPI-SS0FE9D6F11	SFRP1	0.07	0.0	0.0	0.0	0.0	0.045	0.037	0.0	0.083	0.201	0.035	0.0	0.055	0.0	0.048	0.0	0.0	0.0	0.0	0.036	0.0	0.044	0.115	0.0	0.0	0.013	0.011	0.0	0.0	0.086	0.084	0.0
SFRP1	Q8N474	False	SFRP1_HUMAN		CPI-SS03146C969	SFRP1	0.07	0.0	0.0	0.0	0.0	0.045	0.037	0.0	0.083	0.201	0.035	0.0	0.055	0.0	0.048	0.0	0.0	0.0	0.0	0.036	0.0	0.044	0.115	0.0	0.0	0.013	0.011	0.0	0.0	0.086	0.084	0.0
SFRP1	Q8N474	False	SFRP1_HUMAN		CPI-SS007FD6F72	SFRP1	0.07	0.0	0.0	0.0	0.0	0.045	0.037	0.0	0.083	0.201	0.035	0.0	0.055	0.0	0.048	0.0	0.0	0.0	0.0	0.036	0.0	0.044	0.115	0.0	0.0	0.013	0.011	0.0	0.0	0.086	0.084	0.0
SFRP1	Q8N474	False	SFRP1_HUMAN		CPI-SS0A93EEAEB	SFRP1	0.07	0.0	0.0	0.0	0.0	0.045	0.037	0.0	0.083	0.201	0.035	0.0	0.055	0.0	0.048	0.0	0.0	0.0	0.0	0.036	0.0	0.044	0.115	0.0	0.0	0.013	0.011	0.0	0.0	0.086	0.084	0.0
SFRP1	Q8N474	False	SFRP1_HUMAN		CPI-SS0648E8525	SFRP1	0.07	0.0	0.0	0.0	0.0	0.045	0.037	0.0	0.083	0.201	0.035	0.0	0.055	0.0	0.048	0.0	0.0	0.0	0.0	0.036	0.0	0.044	0.115	0.0	0.0	0.013	0.011	0.0	0.0	0.086	0.084	0.0
SFRP2	Q96HF1	False	SFRP2_HUMAN		CPI-SS0D861FC88	SFRP2	0.0	0.0	0.0	0.0	0.0	0.0	0.0	0.0	0.0	0.0	0.0	0.0	0.0	0.0	0.0	0.0	0.0	0.0	0.0	0.0	0.0	0.0	0.0	0.0	0.0	0.0	0.007	0.0	0.0	0.0	0.0	0.0
SFRP2	Q96HF1	False	SFRP2_HUMAN		CPI-SS0C283076A	SFRP2	0.0	0.0	0.0	0.0	0.0	0.0	0.0	0.0	0.0	0.0	0.0	0.0	0.0	0.0	0.0	0.0	0.0	0.0	0.0	0.0	0.0	0.0	0.0	0.0	0.0	0.0	0.007	0.0	0.0	0.0	0.0	0.0
SFRP2	Q96HF1	False	SFRP2_HUMAN		CPI-SS0C2782258	SFRP2	0.0	0.0	0.0	0.0	0.0	0.0	0.0	0.0	0.0	0.0	0.0	0.0	0.0	0.0	0.0	0.0	0.0	0.0	0.0	0.0	0.0	0.0	0.0	0.0	0.0	0.0	0.007	0.0	0.0	0.0	0.0	0.0
SFRP2	Q96HF1	False	SFRP2_HUMAN		CPI-SS0C95AC883	SFRP2	0.0	0.0	0.0	0.0	0.0	0.0	0.0	0.0	0.0	0.0	0.0	0.0	0.0	0.0	0.0	0.0	0.0	0.0	0.0	0.0	0.0	0.0	0.0	0.0	0.0	0.0	0.007	0.0	0.0	0.0	0.0	0.0
SFRP2	Q96HF1	False	SFRP2_HUMAN		CPI-SS08643DD8A	SFRP2	0.0	0.0	0.0	0.0	0.0	0.0	0.0	0.0	0.0	0.0	0.0	0.0	0.0	0.0	0.0	0.0	0.0	0.0	0.0	0.0	0.0	0.0	0.0	0.0	0.0	0.0	0.007	0.0	0.0	0.0	0.0	0.0
SFRP2	Q96HF1	False	SFRP2_HUMAN		CPI-SS0E9BE6A4E	SFRP2	0.0	0.0	0.0	0.0	0.0	0.0	0.0	0.0	0.0	0.0	0.0	0.0	0.0	0.0	0.0	0.0	0.0	0.0	0.0	0.0	0.0	0.0	0.0	0.0	0.0	0.0	0.007	0.0	0.0	0.0	0.0	0.0
SFRP2	Q96HF1	False	SFRP2_HUMAN		CPI-SS0F05B138C	SFRP2	0.0	0.0	0.0	0.0	0.0	0.0	0.0	0.0	0.0	0.0	0.0	0.0	0.0	0.0	0.0	0.0	0.0	0.0	0.0	0.0	0.0	0.0	0.0	0.0	0.0	0.0	0.007	0.0	0.0	0.0	0.0	0.0
SFRP2	Q96HF1	False	SFRP2_HUMAN		CPI-SS0AC302C73	SFRP2	0.0	0.0	0.0	0.0	0.0	0.0	0.0	0.0	0.0	0.0	0.0	0.0	0.0	0.0	0.0	0.0	0.0	0.0	0.0	0.0	0.0	0.0	0.0	0.0	0.0	0.0	0.007	0.0	0.0	0.0	0.0	0.0
SFRP2	Q96HF1	False	SFRP2_HUMAN		CPI-SS07B6C7A75	SFRP2	0.0	0.0	0.0	0.0	0.0	0.0	0.0	0.0	0.0	0.0	0.0	0.0	0.0	0.0	0.0	0.0	0.0	0.0	0.0	0.0	0.0	0.0	0.0	0.0	0.0	0.0	0.007	0.0	0.0	0.0	0.0	0.0
SFRP2	Q96HF1	False	SFRP2_HUMAN		CPI-SS0F41AC8EC	SFRP2	0.0	0.0	0.0	0.0	0.0	0.0	0.0	0.0	0.0	0.0	0.0	0.0	0.0	0.0	0.0	0.0	0.0	0.0	0.0	0.0	0.0	0.0	0.0	0.0	0.0	0.0	0.007	0.0	0.0	0.0	0.0	0.0
SFRP2	Q96HF1	False	SFRP2_HUMAN		CPI-SS08F783A87	SFRP2	0.0	0.0	0.0	0.0	0.0	0.0	0.0	0.0	0.0	0.0	0.0	0.0	0.0	0.0	0.0	0.0	0.0	0.0	0.0	0.0	0.0	0.0	0.0	0.0	0.0	0.0	0.007	0.0	0.0	0.0	0.0	0.0
SFRP2	Q96HF1	False	SFRP2_HUMAN		CPI-SS029E5DD2D	SFRP2	0.0	0.0	0.0	0.0	0.0	0.0	0.0	0.0	0.0	0.0	0.0	0.0	0.0	0.0	0.0	0.0	0.0	0.0	0.0	0.0	0.0	0.0	0.0	0.0	0.0	0.0	0.007	0.0	0.0	0.0	0.0	0.0
SFRP2	Q96HF1	False	SFRP2_HUMAN		CPI-SS07A42979A	SFRP2	0.0	0.0	0.0	0.0	0.0	0.0	0.0	0.0	0.0	0.0	0.0	0.0	0.0	0.0	0.0	0.0	0.0	0.0	0.0	0.0	0.0	0.0	0.0	0.0	0.0	0.0	0.007	0.0	0.0	0.0	0.0	0.0
SFRP2	Q96HF1	False	SFRP2_HUMAN		CPI-SS00877D499	SFRP2	0.0	0.0	0.0	0.0	0.0	0.0	0.0	0.0	0.0	0.0	0.0	0.0	0.0	0.0	0.0	0.0	0.0	0.0	0.0	0.0	0.0	0.0	0.0	0.0	0.0	0.0	0.007	0.0	0.0	0.0	0.0	0.0
SFRP2	Q96HF1	False	SFRP2_HUMAN		CPI-SS0ED630027	SFRP2	0.0	0.0	0.0	0.0	0.0	0.0	0.0	0.0	0.0	0.0	0.0	0.0	0.0	0.0	0.0	0.0	0.0	0.0	0.0	0.0	0.0	0.0	0.0	0.0	0.0	0.0	0.007	0.0	0.0	0.0	0.0	0.0
SFRP5	Q5T4F7	False	SFRP5_HUMAN		CPI-SS07447802E	SFRP5	0.002	0.0	0.0	0.0	0.0	0.0	0.023	0.031	0.0	0.154	0.0	0.0	0.0	0.026	0.405	0.0	0.0	0.0	0.0	0.0	0.0	0.159	0.0	0.0	0.462	0.0	0.0	0.0	0.0	0.0	0.0	0.0
SFRP5	Q5T4F7	False	SFRP5_HUMAN		CPI-SS0102731DE	SFRP5	0.002	0.0	0.0	0.0	0.0	0.0	0.023	0.031	0.0	0.154	0.0	0.0	0.0	0.026	0.405	0.0	0.0	0.0	0.0	0.0	0.0	0.159	0.0	0.0	0.462	0.0	0.0	0.0	0.0	0.0	0.0	0.0
SFRP5	Q5T4F7	False	SFRP5_HUMAN		CPI-SS0B09698F7	SFRP5	0.002	0.0	0.0	0.0	0.0	0.0	0.023	0.031	0.0	0.154	0.0	0.0	0.0	0.026	0.405	0.0	0.0	0.0	0.0	0.0	0.0	0.159	0.0	0.0	0.462	0.0	0.0	0.0	0.0	0.0	0.0	0.0
SFRP5	Q5T4F7	False	SFRP5_HUMAN		CPI-SS001BD48FB	SFRP5	0.002	0.0	0.0	0.0	0.0	0.0	0.023	0.031	0.0	0.154	0.0	0.0	0.0	0.026	0.405	0.0	0.0	0.0	0.0	0.0	0.0	0.159	0.0	0.0	0.462	0.0	0.0	0.0	0.0	0.0	0.0	0.0
SFRP5	Q5T4F7	False	SFRP5_HUMAN		CPI-SS058493298	SFRP5	0.002	0.0	0.0	0.0	0.0	0.0	0.023	0.031	0.0	0.154	0.0	0.0	0.0	0.026	0.405	0.0	0.0	0.0	0.0	0.0	0.0	0.159	0.0	0.0	0.462	0.0	0.0	0.0	0.0	0.0	0.0	0.0
SFRP5	Q5T4F7	False	SFRP5_HUMAN		CPI-SS0D2044B87	SFRP5	0.002	0.0	0.0	0.0	0.0	0.0	0.023	0.031	0.0	0.154	0.0	0.0	0.0	0.026	0.405	0.0	0.0	0.0	0.0	0.0	0.0	0.159	0.0	0.0	0.462	0.0	0.0	0.0	0.0	0.0	0.0	0.0
SFRP5	Q5T4F7	False	SFRP5_HUMAN		CPI-SS01F46C4AB	SFRP5	0.002	0.0	0.0	0.0	0.0	0.0	0.023	0.031	0.0	0.154	0.0	0.0	0.0	0.026	0.405	0.0	0.0	0.0	0.0	0.0	0.0	0.159	0.0	0.0	0.462	0.0	0.0	0.0	0.0	0.0	0.0	0.0
SFRP5	Q5T4F7	False	SFRP5_HUMAN		CPI-SS022D3CA81	SFRP5	0.002	0.0	0.0	0.0	0.0	0.0	0.023	0.031	0.0	0.154	0.0	0.0	0.0	0.026	0.405	0.0	0.0	0.0	0.0	0.0	0.0	0.159	0.0	0.0	0.462	0.0	0.0	0.0	0.0	0.0	0.0	0.0
SFRP5	Q5T4F7	False	SFRP5_HUMAN		CPI-SS0463A8FBA	SFRP5	0.002	0.0	0.0	0.0	0.0	0.0	0.023	0.031	0.0	0.154	0.0	0.0	0.0	0.026	0.405	0.0	0.0	0.0	0.0	0.0	0.0	0.159	0.0	0.0	0.462	0.0	0.0	0.0	0.0	0.0	0.0	0.0
SFRP5	Q5T4F7	False	SFRP5_HUMAN		CPI-SS0BF15C2D4	SFRP5	0.002	0.0	0.0	0.0	0.0	0.0	0.023	0.031	0.0	0.154	0.0	0.0	0.0	0.026	0.405	0.0	0.0	0.0	0.0	0.0	0.0	0.159	0.0	0.0	0.462	0.0	0.0	0.0	0.0	0.0	0.0	0.0
SFRP5	Q5T4F7	False	SFRP5_HUMAN		CPI-SS0E161B905	SFRP5	0.002	0.0	0.0	0.0	0.0	0.0	0.023	0.031	0.0	0.154	0.0	0.0	0.0	0.026	0.405	0.0	0.0	0.0	0.0	0.0	0.0	0.159	0.0	0.0	0.462	0.0	0.0	0.0	0.0	0.0	0.0	0.0
SFRP5	Q5T4F7	False	SFRP5_HUMAN		CPI-SS0ED712AE3	SFRP5	0.002	0.0	0.0	0.0	0.0	0.0	0.023	0.031	0.0	0.154	0.0	0.0	0.0	0.026	0.405	0.0	0.0	0.0	0.0	0.0	0.0	0.159	0.0	0.0	0.462	0.0	0.0	0.0	0.0	0.0	0.0	0.0
SFRP5	Q5T4F7	False	SFRP5_HUMAN		CPI-SS00B67C32B	SFRP5	0.002	0.0	0.0	0.0	0.0	0.0	0.023	0.031	0.0	0.154	0.0	0.0	0.0	0.026	0.405	0.0	0.0	0.0	0.0	0.0	0.0	0.159	0.0	0.0	0.462	0.0	0.0	0.0	0.0	0.0	0.0	0.0
SFRP5	Q5T4F7	False	SFRP5_HUMAN		CPI-SS0F103D7A7	SFRP5	0.002	0.0	0.0	0.0	0.0	0.0	0.023	0.031	0.0	0.154	0.0	0.0	0.0	0.026	0.405	0.0	0.0	0.0	0.0	0.0	0.0	0.159	0.0	0.0	0.462	0.0	0.0	0.0	0.0	0.0	0.0	0.0
SFRP5	Q5T4F7	False	SFRP5_HUMAN		CPI-SS050876F99	SFRP5	0.002	0.0	0.0	0.0	0.0	0.0	0.023	0.031	0.0	0.154	0.0	0.0	0.0	0.026	0.405	0.0	0.0	0.0	0.0	0.0	0.0	0.159	0.0	0.0	0.462	0.0	0.0	0.0	0.0	0.0	0.0	0.0
ACVR2A	P27037	False	AVR2A_HUMAN		CPI-SS0DC001A77	ACVR2A	0.871	0.729	0.15	0.64	0.728	0.662	0.201	0.496	0.407	0.75	0.897	0.259	0.559	0.491	0.548	0.785	0.0	0.447	0.573	1.018	0.732	0.365	0.484	0.752	0.69	0.623	0.831	0.785	0.742	0.946	0.949	0.488
ACVR2B	Q13705	False	AVR2B_HUMAN		CPI-SS04BE14432	ACVR2B	0.283	0.482	0.167	0.205	0.232	0.113	0.059	0.25	0.323	0.257	0.167	0.028	0.109	0.157	0.259	0.182	0.0	0.072	0.516	0.198	0.293	0.23	0.437	0.3	0.462	0.244	0.075	0.252	0.227	0.181	0.244	0.262
GRID2	O43424	False	GRID2_HUMAN		CPI-CS0E570EA78	GRID2	2.361	0.412	0.281	0.762	2.762	1.073	0.346	1.378	1.245	0.879	1.78	0.312	1.55	0.778	1.714	2.125	0.0	1.528	0.482	1.395	0.838	1.567	2.505	0.529	0.355	2.166	0.676	2.119	2.071	0.352	2.663	1.217
NECTIN2	Q92692	False	PVRL2_HUMAN		CPI-SS06207F70E	NECTIN2	2.412	0.404	1.744	3.014	3.301	2.2	0.554	3.414	0.496	3.0	2.439	1.115	2.502	1.182	1.839	2.093	3.23	0.324	2.324	3.023	1.651	2.233	2.414	3.266	1.933	2.486	1.199	2.289	2.042	1.334	1.662	1.929
SCARA5	Q6ZMJ2	False	SCAR5_HUMAN		CPI-SS018AC8F36	SCARA5	0.026	0.0	0.106	0.024	0.035	0.0	0.0	0.0	0.02	0.0	0.0	0.0	0.0	0.344	0.058	0.0	0.0	0.0	0.0	0.084	0.043	0.0	0.0	0.0	0.0	0.021	0.036	0.022	0.0	0.0	0.0	0.02
MET	P08581	False	MET_HUMAN		CPI-SS0109FE6AE	MET	0.027	0.029	0.046	0.0	0.0	0.052	0.0	0.031	0.0	0.0	0.023	0.085	0.0	0.0	0.0	0.0	0.0	0.0	0.0	0.0	0.04	0.0	0.0	0.538	0.0	0.05	0.0	0.014	0.0	0.0	0.0	0.022
KISS1R	Q969F8	False	KISSR_HUMAN		CPI-SS0F856A80F	KISS1R	0.19	0.35	0.0	0.05	0.115	0.18	0.024	0.042	0.129	0.062	0.066	0.053	0.241	0.038	0.0	0.0	0.0	0.068	0.0	0.1	0.031	0.0	0.212	0.205	0.0	0.212	0.064	0.169	0.202	0.035	0.492	0.225
KIT	P10721	False	KIT_HUMAN		CPI-SS0A612BCEF	KIT	0.116	0.056	0.0	0.027	0.0	0.117	0.045	0.126	0.0	0.123	0.075	0.053	0.0	0.062	0.042	0.108	0.0	0.058	0.0	0.518	0.05	0.077	0.0	0.046	0.0	0.169	0.028	0.148	0.062	0.1	0.319	0.082
ROBO3	Q96MS0	False	ROBO3_HUMAN		CPI-SS02B2C16ED	ROBO3	1.019	3.832	0.089	0.51	0.403	0.478	0.134	2.426	0.412	0.118	0.537	0.268	0.816	0.101	0.682	0.612	0.0	0.05	0.0	0.711	0.949	0.377	1.336	0.281	1.036	0.982	1.053	1.134	1.0	0.079	0.215	0.595
CD38	P28907	False	CD38_HUMAN		CPI-SS0E0DEA7D5	CD38	0.0	0.025	0.0	0.0	0.0	0.0	0.134	0.0	0.0	0.0	0.0	0.0	0.04	0.0	0.209	0.0	0.0	0.0	0.0	0.0	0.0	0.0	0.0	0.0	0.0	0.014	0.0	0.0	0.019	0.0	0.0	0.0
PTGIR	P43119	False	PI2R_HUMAN		CPI-CS09A35DD21	PTGIR	0.006	0.0	0.109	0.0	0.0	0.0	0.0	0.0	0.0	0.0	0.034	0.0	0.0	0.0	0.009	0.0	0.0	0.0	0.198	0.0	0.0	0.0	0.0	0.0	0.0	0.013	0.0	0.0	0.0	0.0	0.045	0.011
IL1RAP	Q9NPH3	False	IL1AP_HUMAN		CPI-SS096F8C268	IL1RAP	0.083	0.0	0.121	0.039	0.027	0.037	0.035	0.865	0.023	1.879	0.0	0.051	0.052	0.0	0.127	0.0	0.0	0.0	0.104	0.065	0.139	0.0	0.072	0.0	0.796	0.032	0.028	0.052	0.179	0.49	0.059	0.142
IL1RAPL1	Q9NZN1	False	IRPL1_HUMAN		CPI-SS0F9F83827	IL1RAPL1	2.22	1.638	0.229	1.759	3.279	1.961	0.985	1.621	2.293	1.144	1.906	2.221	4.26	1.976	2.829	2.715	0.0	1.196	0.575	1.014	0.327	1.217	1.422	3.827	0.355	2.955	1.85	2.077	1.417	0.171	3.052	1.671
TLR8	Q9NR97	False	TLR8_HUMAN		CPI-SS016FD0C8A	TLR8	0.002	0.0	0.312	0.031	0.0	0.0	0.0	0.0	0.0	0.0	0.0	0.0	0.0	0.0	0.0	0.0	0.0	0.0	0.0	0.0	0.0	0.0	0.0	0.0	0.0	0.0	0.0	0.0	0.0	0.0	0.0	0.0
TRHR	P34981	False	TRFR_HUMAN		CPI-SS00F69C501	TRHR	0.084	0.0	0.049	0.031	0.0	0.136	0.0	0.0	0.0	0.0	0.0	0.0	0.0	0.057	0.046	0.108	0.0	0.014	0.0	0.289	0.0	0.289	0.143	0.0	0.0	0.083	0.0	0.061	0.524	0.026	0.064	0.039
